[1,["51f2EXN9VKkbHPGW55FZQw@6c48a"],["_textureSource"],["cc.SpriteFrame"],0,[{"name":"bg_hu_tanchuang_1","rect":{"x":0,"y":0,"width":172,"height":290},"offset":{"x":0,"y":0},"originalSize":{"width":172,"height":290},"rotated":false,"capInsets":[0,0,0,0],"vertices":{"rawPosition":[-86,-145,0,86,-145,0,-86,145,0,86,145,0],"indexes":[0,1,2,2,1,3],"uv":[0,290,172,290,0,0,172,0],"nuv":[0,0,1,0,0,1,1,1],"minPos":{"x":-86,"y":-145,"z":0},"maxPos":{"x":86,"y":145,"z":0}},"packable":true,"pixelsToUnit":100,"pivot":{"x":0.5,"y":0.5},"meshType":0}],[0],0,[0],[0],[0]]
