{"importBase":"import","nativeBase":"native","name":"moneyComing","deps":[],"uuids":["9dX1uQ5lVAUoX7GsV/q8QO","00JYXAHRpLw6GVche1thNy","00ZUbvnphKAb/6/kJuKa4g","01Zx0TW+lLFqdCIszqU8w7","01Zx0TW+lLFqdCIszqU8w7@6c48a","01Zx0TW+lLFqdCIszqU8w7@f9941","01oAIUHIVLWaTqVor0CwAp","01r/XN8KlGbLqaThemiihz","01r/XN8KlGbLqaThemiihz@6c48a","01r/XN8KlGbLqaThemiihz@f9941","03RB/6iX9LAbAY8E9Qkqt7","03RB/6iX9LAbAY8E9Qkqt7@6c48a","04oP2p5S5LVo6riPy6rhMh","04oP2p5S5LVo6riPy6rhMh@6c48a","04vWyoFvJLQbedzL7JzWlM","04vWyoFvJLQbedzL7JzWlM@6c48a","05CyIDsCxF9rie/qwx+lIw","06AJm43gpFg4vnG61lCWWC","06AJm43gpFg4vnG61lCWWC@6c48a","06t/9iYNxFkZ0B1WkKQylF","07T8TjWphBUJ+RNrF0rzW0","07XVA+f4lIvpyEdboAO9Ei","07XVA+f4lIvpyEdboAO9Ei@6c48a","07XVA+f4lIvpyEdboAO9Ei@f9941","07oX38Em1OtKT7vlkDcRTQ","07oX38Em1OtKT7vlkDcRTQ@6c48a","07oX38Em1OtKT7vlkDcRTQ@f9941","08WDe4H3VCaKoDuvRhuWRE","08blXe6lZCNZ/G9rBQxSMf","08blXe6lZCNZ/G9rBQxSMf@6c48a","09BC0scqVHTpEIG9MwQoZ2","09OzPvQehPKqgeE33YdVkr","09OzPvQehPKqgeE33YdVkr@6c48a","09OzPvQehPKqgeE33YdVkr@f9941","0aFvMGMWtLWI70oXtQjN5v","0aay3eitlMYYsFXvrz7qzQ","0aay3eitlMYYsFXvrz7qzQ@6c48a","0apSC0+pZIZaatKezfJ4wj","0apSC0+pZIZaatKezfJ4wj@6c48a","0apb/AarpEiY2x7rm0qLxU","0apb/AarpEiY2x7rm0qLxU@6c48a","0bM2wxVaZKkZrd4Cocvh1T","0bM2wxVaZKkZrd4Cocvh1T@6c48a","0bM2wxVaZKkZrd4Cocvh1T@f9941","0clrR3hudB1b+GrBaTfA6N","0clrR3hudB1b+GrBaTfA6N@6c48a","0clrR3hudB1b+GrBaTfA6N@f9941","0crA6bjylCObSzxMAGZ8Or","0cxqLs1uBMvqp4M3mlEa8A","0c1XynWo9EYKcnUeet7epy","0c1XynWo9EYKcnUeet7epy@6c48a","04HXeUMZdJzo41DNZuWHrU@f9941","05eJDc4kVAtZPyD4OlBvT+@f9941","06Im8otFhHXbPbq+KDmma5@f9941","0d1729f0f","0dKi/ZdGJDJbbUuPJW9m3a","0dKi/ZdGJDJbbUuPJW9m3a@6c48a","0dKi/ZdGJDJbbUuPJW9m3a@f9941","0ecA2GlwFEO4RfFa8amXuv","0erppZwqRLEoCPZrheXdxW","0erppZwqRLEoCPZrheXdxW@6c48a","0erppZwqRLEoCPZrheXdxW@f9941","0e0pR8oFhBLbPJzPs8k+8Q","0e0pR8oFhBLbPJzPs8k+8Q@6c48a","0e0pR8oFhBLbPJzPs8k+8Q@f9941","0fAVKgN1xJArNpR/H7qnnB","11U/Zrq6dNd4Rk6e+xUR+M","11U/Zrq6dNd4Rk6e+xUR+M@6c48a","11U/Zrq6dNd4Rk6e+xUR+M@f9941","11gnPgI3lMw6eGMOGAofN0","11gnPgI3lMw6eGMOGAofN0@6c48a","11gnPgI3lMw6eGMOGAofN0@f9941","12mi993w9Fm7eTl9pWbjVp","127vPk5ktKz7DdjKlmMCIn","127vPk5ktKz7DdjKlmMCIn@6c48a","13SolILCZHIKv3UEx1204B","13SolILCZHIKv3UEx1204B@6c48a","14HglRJqhClq1O5VIya1i8","14HglRJqhClq1O5VIya1i8@6c48a","14mTWJd7pPnLESU7w52Unb","14mTWJd7pPnLESU7w52Unb@6c48a","14oPjpibxOAIqixkRjrXYo","14oPjpibxOAIqixkRjrXYo@6c48a","15CeQlMtdItbPEJJtLyOFs","15CeQlMtdItbPEJJtLyOFs@6c48a","16JZbOFjVJOKWR/qe+7AA+","16JZbOFjVJOKWR/qe+7AA+@6c48a","16JZbOFjVJOKWR/qe+7AA+@f9941","16XQdfrJNJU45kWrC+YCwY","16XQdfrJNJU45kWrC+YCwY@6c48a","16qurxtG9G0a6C+oBMKwK8","17TERcQRpNx4+U0FvRvpFT","17TERcQRpNx4+U0FvRvpFT@6c48a","17TERcQRpNx4+U0FvRvpFT@f9941","19GONIvIhMTq1BPltTJXfw","19zUsfQMJHn4nHwDhCcNZS","1afK0OidFDp6XleaqP+8vg","1afK0OidFDp6XleaqP+8vg@6c48a","1areJji/ZJlbNDK8l248L3","1areJji/ZJlbNDK8l248L3@6c48a","1awkTcxSRN6qFfT97xj4ty","1awkTcxSRN6qFfT97xj4ty@6c48a","1a4Plza6VDS7c6x7pRM++K","1a4Plza6VDS7c6x7pRM++K@6c48a","1a4Plza6VDS7c6x7pRM++K@f9941","1b+q07NGdNgojkF42XU96Z","1b+q07NGdNgojkF42XU96Z@6c48a","1b+q07NGdNgojkF42XU96Z@f9941","1ccJjAbRhK+KjEi/ISpROB","1ccJjAbRhK+KjEi/ISpROB@6c48a","1dmC6FVFJJqKv31v85l+0E","1eE5gvqJdLCIEkNT36Msao","1eE5gvqJdLCIEkNT36Msao@6c48a","1fFOTYYpVP7IF4tflT9X5e","1fFOTYYpVP7IF4tflT9X5e@6c48a","1fgysyrutBfqrkzFRfQn60","1fgysyrutBfqrkzFRfQn60@6c48a","20k+sZT7pPn6hiNk9k8MpN","21Q/nofw1H8LQY29Lrgp75","21Q/nofw1H8LQY29Lrgp75@6c48a","21dJH2W8RBC5avoKo088Pz","21dJH2W8RBC5avoKo088Pz@6c48a","22raLEnvdFw6Ge8RRrtbrh","23S3YlLBFFvZ81hlS9rd+U","23S3YlLBFFvZ81hlS9rd+U@6c48a","236LyTZ95MlZyiKeGnXPE9","236LyTZ95MlZyiKeGnXPE9@6c48a","242glD1TZJBq4BkHQI9w1r","25IVImSydNM4xpFwXUKsha","25IVImSydNM4xpFwXUKsha@6c48a","25IVImSydNM4xpFwXUKsha@f9941","26AtJhBxtPu49JUgrlNSbL","26AtJhBxtPu49JUgrlNSbL@6c48a","26LqlkLo5NKJwR0qJpQk5o","26LqlkLo5NKJwR0qJpQk5o@6c48a","26OzPBgUlE6JZsGG73VGqF","28HGI5EpRJ4pZv43cpVmNe","28HGI5EpRJ4pZv43cpVmNe@6c48a","28NYnWcqxO1bQ7TUsY+aYL","28NYnWcqxO1bQ7TUsY+aYL@6c48a","28mEucbFZMWYGqYkTcKE8G","2803c7HpZPA4Xsws0SYAMx","289skflW9E25lnPOL+RynG","289skflW9E25lnPOL+RynG@6c48a","289skflW9E25lnPOL+RynG@f9941","2ajtVh68hMbrAW5YEmw2BH","2biOf/Jv9MO48pl+sGyfcN","2biOf/Jv9MO48pl+sGyfcN@6c48a","2bwMtvchNPfLtLvynT3zG5","2bwMtvchNPfLtLvynT3zG5@6c48a","2bwMtvchNPfLtLvynT3zG5@f9941","2cEmzlZqdJ8q8wY2MmY4Z0","2cEmzlZqdJ8q8wY2MmY4Z0@6c48a","2cEmzlZqdJ8q8wY2MmY4Z0@f9941","2c1LBGfIFKAKcr75fDmIXW","2c1LBGfIFKAKcr75fDmIXW@6c48a","2c1LBGfIFKAKcr75fDmIXW@f9941","2deQr6Ew1NKZuziPfPlSQC","2deQr6Ew1NKZuziPfPlSQC@6c48a","2em5TJOf5OjaKdL4x0UGiu","2em5TJOf5OjaKdL4x0UGiu@6c48a","2eps/3WhJAeJ3oTcDn/1M2","2eps/3WhJAeJ3oTcDn/1M2@6c48a","2eps/3WhJAeJ3oTcDn/1M2@f9941","30l5VdrTpAgpQ+ab7DTUU2","30l5VdrTpAgpQ+ab7DTUU2@6c48a","30uJT3IuFLUbod8frs6TXc","30uJT3IuFLUbod8frs6TXc@6c48a","30uJT3IuFLUbod8frs6TXc@f9941","30vBxoUiJF3L4hRu5hKTkY","30vBxoUiJF3L4hRu5hKTkY@6c48a","31xT79X0BGCoOirpzYvhig","31xT79X0BGCoOirpzYvhig@6c48a","3196InyJ9NGKbO363YCERG","3196InyJ9NGKbO363YCERG@6c48a","36EvIbscVEs5jEXCb4SpB3","36lo7f8cdIfqkoReMP2oZT","36o3OD8rZK3Zo8wi63baqc","36o3OD8rZK3Zo8wi63baqc@6c48a","36vguuQZZEYrilSjSsAzDP","36vguuQZZEYrilSjSsAzDP@6c48a","3625bRJMNJGb4aXm+4WbD4","3625bRJMNJGb4aXm+4WbD4@6c48a","366znW749BNJ2V1j6OIT+R","366znW749BNJ2V1j6OIT+R@6c48a","37Fcb9xrNOXL5jwo4UfG3K","37Fcb9xrNOXL5jwo4UfG3K@6c48a","382QdyGgJFMJWRp5tA/BjM","39XsQPQwZASrdtmHaePu8h","39XsQPQwZASrdtmHaePu8h@6c48a","39XsQPQwZASrdtmHaePu8h@f9941","399MebVqJEYLNezEhqhW9P","399MebVqJEYLNezEhqhW9P@6c48a","399MebVqJEYLNezEhqhW9P@f9941","3axecfFAZJv6hp1t4H6Hlp","3bsXD2m+tMzbq8MekLT2Rc","3bsXD2m+tMzbq8MekLT2Rc@6c48a","3ebZbxe/tJ+LWOi2fB8kta","3fWZGoWD1IKo96ayhH2aqf","3fWZGoWD1IKo96ayhH2aqf@6c48a","3f1gGMUytH4I43u1QCeFxX","3f1gGMUytH4I43u1QCeFxX@6c48a","40L/Wd9mVDoKevq/jsciHc","40L/Wd9mVDoKevq/jsciHc@6c48a","403FbvjMdCa5X1fZyiI5Pf","403FbvjMdCa5X1fZyiI5Pf@6c48a","41CgIIsHBNS5PvfJVjBFeH","41CgIIsHBNS5PvfJVjBFeH@6c48a","44VYIhmklE1Y0DGs56222N","44VYIhmklE1Y0DGs56222N@6c48a","44hOhBesJObZ9j9F2Cz+iW","44hOhBesJObZ9j9F2Cz+iW@6c48a","44hOhBesJObZ9j9F2Cz+iW@f9941","46FSuK4RxCD65ULSTi8piA","46FSuK4RxCD65ULSTi8piA@6c48a","46FSuK4RxCD65ULSTi8piA@f9941","46w9ZMmEBExqmmaDamWVwl","46y1m+pMhOKKUD3xDomq3p","46y1m+pMhOKKUD3xDomq3p@6c48a","47ftbGy95I+rBN1R0IJ6mH","47ftbGy95I+rBN1R0IJ6mH@6c48a","48ZGgUWqxJya3hid5sZJMr","48ZGgUWqxJya3hid5sZJMr@6c48a","49DqduPkhMooc0lIBRcr/B","49DqduPkhMooc0lIBRcr/B@6c48a","4bSzxL93pK9Jt9No/UDmlQ","4bSzxL93pK9Jt9No/UDmlQ@6c48a","4bW7lw4ZFCHoC7+s+HEv56","4bW7lw4ZFCHoC7+s+HEv56@6c48a","4bk8zRb9tPc6v/b5/KQzcl","4bk8zRb9tPc6v/b5/KQzcl@6c48a","4bk8zRb9tPc6v/b5/KQzcl@f9941","4cwqNJDDFOBretdtKuP5r8","4cwqNJDDFOBretdtKuP5r8@6c48a","4c2Bdbg6dDvoXlQMjllAZg","4dYzW4iHJG66sHvs0rFwzr","4dYzW4iHJG66sHvs0rFwzr@6c48a","4dYzW4iHJG66sHvs0rFwzr@f9941","4etDHthh5CKa3uf2qrIorO","50f53LyEFL2YbeywUuPaJY","511/86ydFNMaO0znftoJTj","519fYRN9VLSpgqHlcMyqpZ","519fYRN9VLSpgqHlcMyqpZ@6c48a","519fYRN9VLSpgqHlcMyqpZ@f9941","53AZh3rkFMiITRVtekNtWa","53AZh3rkFMiITRVtekNtWa@6c48a","53AZh3rkFMiITRVtekNtWa@f9941","53LrlKtIxDtYMbrzrV1M1D","53LrlKtIxDtYMbrzrV1M1D@6c48a","54NfxuM7BBI6ZjcbMPJiax","54NfxuM7BBI6ZjcbMPJiax@6c48a","54jkBfOBRAJq74JigrJDWI","55YwNmX5ZHGbO1v8DmGg/H","551W5g4wRIcKnbXXfMVYR+","551W5g4wRIcKnbXXfMVYR+@6c48a","555mk29tFOiq3NYoIE7eUe","555mk29tFOiq3NYoIE7eUe@6c48a","55+XQHTXFAB7oFk4PQhU7V","55+XQHTXFAB7oFk4PQhU7V@6c48a","55/u1Udd9JuIwrk1ZckEnO","55/u1Udd9JuIwrk1ZckEnO@6c48a","56dMljA4ZEvpSSRslx9e8j","56dMljA4ZEvpSSRslx9e8j@6c48a","56dMljA4ZEvpSSRslx9e8j@f9941","56k+WyIGtFY5qiOf5byyio","56k+WyIGtFY5qiOf5byyio@6c48a","56k+WyIGtFY5qiOf5byyio@f9941","56vgMJni1LvJxSqDuzV9LU","57oJNTUMZGS4xiVGyWEsxK","57oJNTUMZGS4xiVGyWEsxK@6c48a","581UFV40hDPLj1f3VjGOfw","581UFV40hDPLj1f3VjGOfw@6c48a","59Hoa/4aRKvZRFBukyxNwI","59zQVAVLdPnqzqlZoNpJ3H","59zQVAVLdPnqzqlZoNpJ3H@6c48a","595YONjzVAz70aEh/yyaU6","5aOrt0PgNFtKJ0cINy3oVA","5aOrt0PgNFtKJ0cINy3oVA@6c48a","5aPUsAWVBMko78cqq4KxlU","5aPUsAWVBMko78cqq4KxlU@6c48a","5azQdM+5ZIrZ3/PHHzMzN4","5a97Y1oIJKnKSE5gMTQhbF","5bn6ZL7oxH7ZevgWwFrtVJ","5bn6ZL7oxH7ZevgWwFrtVJ@6c48a","5bq3A3VqNIkZUTWCx/EWzN","5clQ7IAIZL1YNhPbCO6QQk","5cmUVpF7FG+YJGLnCJN918","5cmUVpF7FG+YJGLnCJN918@6c48a","5cmUVpF7FG+YJGLnCJN918@f9941","5dFnF/Z+5JmbxqLNrZwHXz","5dFnF/Z+5JmbxqLNrZwHXz@6c48a","5eBAg7QVpK/YUsW7xZV/xn","5eBAg7QVpK/YUsW7xZV/xn@6c48a","5eUyg3o+5DgL4juDEEkhnn","5eUyg3o+5DgL4juDEEkhnn@6c48a","5eUyg3o+5DgL4juDEEkhnn@f9941","5edxvy6NpNbqUm8afJx2bI","5fRMWBy7BFbaFErr2SrpRM","5fRMWBy7BFbaFErr2SrpRM@6c48a","5fYJC3QPpMzZSKRLs3Tt3h","60FELQN+JHNKfb1fiEbhxK","60FELQN+JHNKfb1fiEbhxK@6c48a","60R87gP0ND/L3rKkABJkFL","605cZXnStFrLfJOvR/vMJa","605cZXnStFrLfJOvR/vMJa@6c48a","608i1b8+lONI0L+wEyOmxP","608i1b8+lONI0L+wEyOmxP@6c48a","62+VmTTixG56fa0kjlxPxb","62+VmTTixG56fa0kjlxPxb@6c48a","63Kd9aRdRPBJre9bJ79GmK","639MW1HQRNxpJPgsU1ggxB","639MW1HQRNxpJPgsU1ggxB@6c48a","64AUiPSelOApiFEgU4yy7A","64AUiPSelOApiFEgU4yy7A@6c48a","65QaWdlQ1NcKO8MSm8K/gz","65QaWdlQ1NcKO8MSm8K/gz@6c48a","66r+lI5qFFw4q2fXshwP6B","67U+alRz9KVbRPZDr6G6CS","67U+alRz9KVbRPZDr6G6CS@6c48a","67wJ/j/4VG/6Ac/zokWRv1","67wJ/j/4VG/6Ac/zokWRv1@6c48a","68OVm7Zm1GT7TFdJXfxtSQ","68OVm7Zm1GT7TFdJXfxtSQ@6c48a","68R0oIXZpARZoZjLJINqwq","68UIQk7CFBH7Je0eOtX3Jt","68UIQk7CFBH7Je0eOtX3Jt@6c48a","6bEZp3ka5F4Z0m+WDhnR4g","6bovDLKFNGBpitXLkZ3KeY","6bovDLKFNGBpitXLkZ3KeY@6c48a","6bovDLKFNGBpitXLkZ3KeY@f9941","6cOhtf3e9BabMzAWPv9wAF","6cOhtf3e9BabMzAWPv9wAF@6c48a","6cV6x8ljNGPZJhHuGIbJdc","6cV6x8ljNGPZJhHuGIbJdc@6c48a","6dnyA5Y2xIN5fhiL5GdyEq","6dnyA5Y2xIN5fhiL5GdyEq@6c48a","6dokelEUtMCoT4LEapEhmP","6dokelEUtMCoT4LEapEhmP@6c48a","6dtHiilLpKSb6CmeEVFTo4","6dtHiilLpKSb6CmeEVFTo4@6c48a","6ef5ajYb9Gm6LZw5hpEhnj","6ef5ajYb9Gm6LZw5hpEhnj@6c48a","6eqZA+j6NMxqLQTp0m0rqy","6fBjk75qdPTYaoJ7g2TTt0","70JaIG9mVDz5Upo08iDuuo","70JaIG9mVDz5Upo08iDuuo@6c48a","70Ux5fWXVPjJFAEymkW4Fa","70Ux5fWXVPjJFAEymkW4Fa@6c48a","70X0716cVOAr1v3avceUNu","70X0716cVOAr1v3avceUNu@6c48a","70X0716cVOAr1v3avceUNu@f9941","70oQfjl2xA/LAcKSRUVwW1","71UcRtmCZL2r6PdFS8eJv6","71UcRtmCZL2r6PdFS8eJv6@6c48a","72QWYbD/dFwYl/jOv4wPeX","72QWYbD/dFwYl/jOv4wPeX@6c48a","72btjFzZ5F5ZNKFOtwUL10","72btjFzZ5F5ZNKFOtwUL10@6c48a","72zV1bV5ZF25Dv6ROEg2fS","72zV1bV5ZF25Dv6ROEg2fS@6c48a","73kMfmzdVGC4ZmwI1V2IJD","731ek8aFFEQpxV+92HV2os","731ek8aFFEQpxV+92HV2os@6c48a","731ek8aFFEQpxV+92HV2os@f9941","74AoObBNVM4ZTM7RX/8Nyx","74ZbPJhRFKbbd34Wtz1yQT","74ZbPJhRFKbbd34Wtz1yQT@6c48a","74ZbPJhRFKbbd34Wtz1yQT@f9941","75ARxbKC5JQo2TVgdG2Erf","75ARxbKC5JQo2TVgdG2Erf@6c48a","77vTcPqixHFJec2zZXrM+U","77vTcPqixHFJec2zZXrM+U@6c48a","792Tt92fRE1Zrbfd5QcJdL","792Tt92fRE1Zrbfd5QcJdL@6c48a","792Tt92fRE1Zrbfd5QcJdL@f9941","79+t4JrYZG9KXJo0LjL2r4","79+t4JrYZG9KXJo0LjL2r4@6c48a","79+t4JrYZG9KXJo0LjL2r4@f9941","7cF2bcl5ROOqUijAcmsVVI","7cF2bcl5ROOqUijAcmsVVI@6c48a","7ca26aOAFPuYLPpoqYbOC5","7ca26aOAFPuYLPpoqYbOC5@6c48a","7ca26aOAFPuYLPpoqYbOC5@f9941","81cO8NXq5CUYEzRJFCrOBT","81+j5WQHJA1LKBI6L4VCB+","81+j5WQHJA1LKBI6L4VCB+@6c48a","82kvVRkW5BKo3MpfUUPQmB","82kvVRkW5BKo3MpfUUPQmB@6c48a","827MFH9RhBA6iVvk2VlWFm","827MFH9RhBA6iVvk2VlWFm@6c48a","84okVBOj5EjZltaEfudHbe","86O7jaaEdG5Y6OpPdHm+yw","86O7jaaEdG5Y6OpPdHm+yw@6c48a","86O7jaaEdG5Y6OpPdHm+yw@f9941","86QfCdtz5B6YW3T5Amj5Ht","87A4i/XfpMe5C5EvxfW+oR","87A4i/XfpMe5C5EvxfW+oR@6c48a","87RqgEYrdM06vDdgYwAC39","87RqgEYrdM06vDdgYwAC39@6c48a","88iLRIfxpOPLvNcng9frMr","88iLRIfxpOPLvNcng9frMr@6c48a","8bdNRRpdVNd4Y3HSmAI9GT","8bdNRRpdVNd4Y3HSmAI9GT@6c48a","8bhtUBlpBOcLN7UUpp64vi","8bhtUBlpBOcLN7UUpp64vi@6c48a","8bhtUBlpBOcLN7UUpp64vi@f9941","8brLJZxLhIBJdmbhaTe0sz","8brLJZxLhIBJdmbhaTe0sz@6c48a","8brLJZxLhIBJdmbhaTe0sz@f9941","8bv6zqUbxJca52tHJeLgvP","8c1pXQxw5Mp7NOjXMdmuOl","8c1pXQxw5Mp7NOjXMdmuOl@6c48a","8fHspF0l5KQr6QscNlRFdY","8ffAFYzsFGp77fqoSIJjYx","8ffAFYzsFGp77fqoSIJjYx@6c48a","8f/GBtjLlEwJFi/SeEH+VR","8f/GBtjLlEwJFi/SeEH+VR@6c48a","8f/GBtjLlEwJFi/SeEH+VR@f9941","92cQuNfWBFB7uaXkba99Qx","92cQuNfWBFB7uaXkba99Qx@6c48a","93HpjL7utOn76rd+Vr2kvc","93HpjL7utOn76rd+Vr2kvc@6c48a","93HpjL7utOn76rd+Vr2kvc@f9941","94Jpg4q75HPJbcyTHXLJ3o","94Jpg4q75HPJbcyTHXLJ3o@6c48a","9585oCoDNHmL0g6N13+L4J","96Cn0vrYtBYrS5lOgQAXCF","96XnALkBtBJbF8Rcw6bWGw","96vYsQRVJMjo9VmcB6QvK5","96vYsQRVJMjo9VmcB6QvK5@6c48a","96vYsQRVJMjo9VmcB6QvK5@f9941","97mfYyGFtBT50+Sk5zHaDB","97mfYyGFtBT50+Sk5zHaDB@6c48a","97mfYyGFtBT50+Sk5zHaDB@f9941","99p+S3uFxE55gx2LwXAQC3","99p+S3uFxE55gx2LwXAQC3@6c48a","99p+S3uFxE55gx2LwXAQC3@f9941","9bPHE9P0NOubszHR9IefDI","9bPHE9P0NOubszHR9IefDI@6c48a","9bPHE9P0NOubszHR9IefDI@f9941","9cPvf/nOlLbYIrfhbeKw0j","9cUWdhTCJDRY3aWquYXakb","9cmHmzFr1Fl7iElZrFTk3o","9cmHmzFr1Fl7iElZrFTk3o@6c48a","9cn9KvfKJOFZs4ei4DS1pl","9c0X0PweBMiIsETKECS7r6","9c0X0PweBMiIsETKECS7r6@6c48a","9dDLq5zMlDbIN9Fdt7F4mu","9dDLq5zMlDbIN9Fdt7F4mu@6c48a","9dDLq5zMlDbIN9Fdt7F4mu@f9941","9dVAG2PjdAjpIEuxl825IE","9dVAG2PjdAjpIEuxl825IE@6c48a","9e+W9l+gdBO54+pDE7BsqY","9e+W9l+gdBO54+pDE7BsqY@6c48a","9fF7cFZ09M451uTQsDlmci","9fF7cFZ09M451uTQsDlmci@6c48a","9fN/Yzx19Fn6Xdk61KmgUP","9fr2NAkFFDUKSnQ29bdckd","9fr2NAkFFDUKSnQ29bdckd@6c48a","9f4OGFdB5GPaZuWEUPXPcC","9f4OGFdB5GPaZuWEUPXPcC@6c48a","a0dTx2mjJON7K9C6DIGEa1","a0dTx2mjJON7K9C6DIGEa1@6c48a","a1BF5YDC9OGoYX8NkDT2Vd","a1dZs3c69AeLQ7mAgWJC5M","a1dZs3c69AeLQ7mAgWJC5M@6c48a","a1dZs3c69AeLQ7mAgWJC5M@f9941","a4CrbJILBG07nSuTab12aH","a46Sx8TQlFpZkXaUIujCEM","a46Sx8TQlFpZkXaUIujCEM@6c48a","a5pAiYq4BLkrRwxwzpwR+r","a5pAiYq4BLkrRwxwzpwR+r@6c48a","a6TKguLw5P1oZMQ/UWz/e0","a6TKguLw5P1oZMQ/UWz/e0@6c48a","a6TKguLw5P1oZMQ/UWz/e0@f9941","a6gDnsXz5IFoVWLIDTzMOx","a6gDnsXz5IFoVWLIDTzMOx@6c48a","a6rRR7QYBMcIyGUMficbp+","a6rRR7QYBMcIyGUMficbp+@6c48a","a6ydjOaV9LsZfLe5ZL9+dU","a6ydjOaV9LsZfLe5ZL9+dU@6c48a","a61xuH+9VGT624O72GQrGv","a61xuH+9VGT624O72GQrGv@6c48a","a7d+3UDkZLcpORIDK1rICL","a84/kLd5FGlKCadJOdc3Z/","a84/kLd5FGlKCadJOdc3Z/@6c48a","aaFa2MTlVJqK9cGD8Ap948","aaFa2MTlVJqK9cGD8Ap948@6c48a","aammVCoXVPn46cVvHDcapc","aammVCoXVPn46cVvHDcapc@6c48a","aa531/UCJOtZp9ETABJVU5","abAE2q2KxAObqMwsZKcgyu","abAE2q2KxAObqMwsZKcgyu@6c48a","acQSTwbg1JBLrATTLRuyMw","acQSTwbg1JBLrATTLRuyMw@6c48a","acqj29asVIiJghIfp4mXeu","acqj29asVIiJghIfp4mXeu@6c48a","acqj29asVIiJghIfp4mXeu@f9941","admN8OzWNN/K2p+zUIkI71","admN8OzWNN/K2p+zUIkI71@6c48a","admN8OzWNN/K2p+zUIkI71@f9941","aeBTp2Id1O1Lr83h95wx2r","aer3ZO8DdAb7JXXfDw0I6Y","afOTltV2tGaorlaH6XlvKl","afQM45rJNNQI5uBnxxvyTE","afQM45rJNNQI5uBnxxvyTE@6c48a","afTB41qKRBDqxQlIm+aSmL","b0iOVQaXZEtroV3yooXFCZ","b0iOVQaXZEtroV3yooXFCZ@6c48a","b0nR1lFo1ISLCCi7pEurqp","b0x+FhWoJI5Z7JrQPRQpuZ","b0x+FhWoJI5Z7JrQPRQpuZ@6c48a","b027L7UHRAuYNOGZ/20nIj","b027L7UHRAuYNOGZ/20nIj@6c48a","b2DM0iQ7NL4qwi8Mgwea0l","b3mvyWUN1BOIgZYLkprBrL","b3mvyWUN1BOIgZYLkprBrL@6c48a","b3v4LcGzFCiKEBH6Q6vvVr","b4VAydhctCjaiKznC4nkyY","b4dLPMevZAZLMkGj/+A4Fh","b4dLPMevZAZLMkGj/+A4Fh@6c48a","b4dLPMevZAZLMkGj/+A4Fh@f9941","b4morUcc5ESLtz9Hr+FDtl","b4morUcc5ESLtz9Hr+FDtl@6c48a","b4morUcc5ESLtz9Hr+FDtl@f9941","b4+NuCjxpB7r6vig7ozrVd","b4+NuCjxpB7r6vig7ozrVd@6c48a","b4+NuCjxpB7r6vig7ozrVd@f9941","b56kDvc6JPKo5z5wU6vpbO","b56kDvc6JPKo5z5wU6vpbO@6c48a","b56kDvc6JPKo5z5wU6vpbO@f9941","b6x/GKh0lE0pEfoB58oKoG","b6x/GKh0lE0pEfoB58oKoG@6c48a","b6/zorE5ZAxZu3OMrdtAun","b6/zorE5ZAxZu3OMrdtAun@6c48a","b7dCgCTWVHUbT3Y8LX2dRF","b7dCgCTWVHUbT3Y8LX2dRF@6c48a","b7gKXu5E1AR4izTIN5EJ3H","b7gKXu5E1AR4izTIN5EJ3H@6c48a","b75Ku+WzBFuazP8G7xS2lh","b75Ku+WzBFuazP8G7xS2lh@6c48a","b8SRvczZJB9KcF9av/31zV","b8mvHP/UpBkpc318v3KUrd","b8rQSHyClL+KJ0Enz1UqEg","b8rQSHyClL+KJ0Enz1UqEg@6c48a","b8sqzMeX1H5YXw9yMfuxQr","b8sqzMeX1H5YXw9yMfuxQr@6c48a","b9B4qyhb5LpJaLkcNjBA0+","baI+fO7YxNRrRCRPEih0Cd","baI+fO7YxNRrRCRPEih0Cd@6c48a","ba59mHMF1Np6Z/8UoFi1oi","bdRDzH/z1C2YH9jErjs93R","bdRDzH/z1C2YH9jErjs93R@6c48a","bdRDzH/z1C2YH9jErjs93R@f9941","be1XhXx8dGrppJX1a7itZV","c1phs3o6ZNMLqs0CsvD3SR","c1phs3o6ZNMLqs0CsvD3SR@6c48a","c2fEDOJu9LCowLVpqwrEkf","c2snLkK61NAIVg9+KoPGfa","c2snLkK61NAIVg9+KoPGfa@6c48a","c2snLkK61NAIVg9+KoPGfa@f9941","c24tTw10lLT6piQVLjh6xr","c24tTw10lLT6piQVLjh6xr@6c48a","c24tTw10lLT6piQVLjh6xr@f9941","c26MBY94lLtqcIUWVOOALW","c3FCQMiJtE97eSNYXfD2Ts","c3FCQMiJtE97eSNYXfD2Ts@6c48a","c3OT+uu3BCqL5SI3uXscmm","c4F71D9ghN77dCf+3nHR1+","c7UDaZuQtO9LI+bNa/Ugc4","c7UDaZuQtO9LI+bNa/Ugc4@6c48a","c7UDaZuQtO9LI+bNa/Ugc4@f9941","c8P/qYL+tKqLqL5P2/mMxm","caZTBckPNGaZfJVsbyi0p0","caoy226O9ER7JP6V7VFvoB","cbKhyWoJFCrofPwKpkJg6q","cbKhyWoJFCrofPwKpkJg6q@6c48a","cbKhyWoJFCrofPwKpkJg6q@f9941","cbnxtf7JJAcpDHINg6urfF","cbz+ATySROqYKvAw+8gtgp","cbz+ATySROqYKvAw+8gtgp@6c48a","ccn/hoG/xEA4R18Xc73Jzo","ccs+rFBmNITrSz5wNwX4rj","ccs+rFBmNITrSz5wNwX4rj@6c48a","cdmmv8m59JHLJX5uQP0MCs","cdmmv8m59JHLJX5uQP0MCs@6c48a","cdwbRcY1FKRYupc2AgW8fE","cdwbRcY1FKRYupc2AgW8fE@6c48a","cd2U2LMAtCTIMifuewMelz","cd2U2LMAtCTIMifuewMelz@6c48a","ceriI/OTpJQr//kMFXaq7o","ceriI/OTpJQr//kMFXaq7o@6c48a","ceriI/OTpJQr//kMFXaq7o@f9941","cf5g3DrtJHR5ZnsmywrYBb","cf8+sQkZhA1aqZDH6+07Fu","d0VOOp0a1CuYMpmuAJ02Gl","d08OAdxzREzqBuhUv1fOtL","d09rD04D9JgLHgZglgowtN","d1bWr2nq5Ey7mpxur+magR","d1b4E90qtIoaeHErDWsgz9","d1kN2/GoZIfb2nh2F2lEFs","d1kN2/GoZIfb2nh2F2lEFs@6c48a","d1kN2/GoZIfb2nh2F2lEFs@f9941","d1u1eYFAxA5rWsnHH78Dqj","d1u1eYFAxA5rWsnHH78Dqj@6c48a","d13t4Y7fpJ7qE9+X7aZUah","d13t4Y7fpJ7qE9+X7aZUah@6c48a","d16KfpkUBB+qNSehiCkixR","d16KfpkUBB+qNSehiCkixR@6c48a","d4n3+FXKNOgoZZS6zO/TWC","d4n3+FXKNOgoZZS6zO/TWC@6c48a","d4n3+FXKNOgoZZS6zO/TWC@f9941","d5PKQHf7xBM4sYxkbFY+YU","d5PKQHf7xBM4sYxkbFY+YU@6c48a","d5eJt/bVFGT79O3lN2hsZ/","d5utT6wi9O4qMCb5l5LZcE","d5utT6wi9O4qMCb5l5LZcE@6c48a","d5utT6wi9O4qMCb5l5LZcE@f9941","d5yDFdMC1KkqlL1PmNkD/Z","d6qNtisM1MUL0TLwXWvkSb","d6xC6jTlRFFqmsQlO5VqHK","d6xC6jTlRFFqmsQlO5VqHK@6c48a","d8FHvyGD9N2KdDqID1nawj","d8FHvyGD9N2KdDqID1nawj@6c48a","d8a2LPKeREdYd32SHYloyz","d8a2LPKeREdYd32SHYloyz@6c48a","d8a2LPKeREdYd32SHYloyz@f9941","d9aFPJ2/RKG4Oemxyh/GaZ","d9aFPJ2/RKG4Oemxyh/GaZ@6c48a","dcCdQSiJlH2oXGiIY5JFBB","dcCdQSiJlH2oXGiIY5JFBB@6c48a","dciTlLFKtOLpjJuLIuPgDD","dciTlLFKtOLpjJuLIuPgDD@6c48a","dciTlLFKtOLpjJuLIuPgDD@f9941","dfB7C2nO1ImanwrO+XzesY","dfLi9Y+dJO1J62W7cJuvjM","dfLi9Y+dJO1J62W7cJuvjM@6c48a","e0F31/jB5K3qfNs96EhIsG","e0F31/jB5K3qfNs96EhIsG@6c48a","e0VFfrSVxBYLn8e1aNhiGw","e3OHEE3vRKxLQFaFaCHtng","e3OHEE3vRKxLQFaFaCHtng@6c48a","e6vmWBE6lKLZv9NiS+HejJ","e6vmWBE6lKLZv9NiS+HejJ@6c48a","e7QGYHb+lNZo95y5orVrs7","e8NMqPCLhP5IKlfUvajB8I","e9JfLrMOdF871vuFj7cQeg","e9JfLrMOdF871vuFj7cQeg@6c48a","e9JfLrMOdF871vuFj7cQeg@f9941","e9iCcuKzRE84kCTgluMjUQ","e9iCcuKzRE84kCTgluMjUQ@6c48a","eaRp7c6pBH/rMyMGI6I84K","eaRp7c6pBH/rMyMGI6I84K@6c48a","eaRp7c6pBH/rMyMGI6I84K@f9941","ebioGZ0jNGiaSYaSaWRKJ5","ebioGZ0jNGiaSYaSaWRKJ5@6c48a","ebioGZ0jNGiaSYaSaWRKJ5@f9941","ebzcpsbU9O7ac4Hjd/yD8D","ecpBSgdphD/Jx1RiASqEDC","edPiPMOtxBCJX1BnwDiiWt","edPiPMOtxBCJX1BnwDiiWt@6c48a","edceuY+oRHiav2aCX60K6e","edceuY+oRHiav2aCX60K6e@6c48a","edceuY+oRHiav2aCX60K6e@f9941","ed1EUjTEJJZJTkPj37FALf","ed1EUjTEJJZJTkPj37FALf@6c48a","eeMD3DEfZHR6YYZk/BNbsr","efGKhnkUhNUo3n7VcXqUar","efGKhnkUhNUo3n7VcXqUar@6c48a","f1SrYHO2dCWK6nQrB+xgbV","f1SrYHO2dCWK6nQrB+xgbV@6c48a","f1SrYHO2dCWK6nQrB+xgbV@f9941","f2cJneNl5A5Ks8kx1cFpoY","f2cJneNl5A5Ks8kx1cFpoY@6c48a","f2h852AYRDFoba/WEkBT1A","f2vvpF/VlN3b/93yoJ78S0","f42eub5lxN3IfupFqq2qGT","f5GuleoDtBYIexuv2lMjhh","f5GuleoDtBYIexuv2lMjhh@6c48a","f5xBqtMxhGQJMSbUGiuSiu","f5xBqtMxhGQJMSbUGiuSiu@6c48a","f56x5vx7xJyrzXtMXRVacM","f6agKJwodKLLJQlYpZ3oYB","f6agKJwodKLLJQlYpZ3oYB@6c48a","f6vP0dfpZJapSZl9HVOWo3","f8zscMEwZC9KkH3j7ycI0h","f8zscMEwZC9KkH3j7ycI0h@6c48a","f8zscMEwZC9KkH3j7ycI0h@f9941","f9hKrz21NOoZQ7AvV6bwFY","fauvAUR0lGMY5Srt5ggXiD","fauvAUR0lGMY5Srt5ggXiD@6c48a","fauvAUR0lGMY5Srt5ggXiD@f9941","fa3T25LLFGi5k6anZAcA/b","fa3T25LLFGi5k6anZAcA/b@6c48a","fbOxRLFDFOubI6Ukl8Q1Dq","fbOxRLFDFOubI6Ukl8Q1Dq@6c48a","fbOxRLFDFOubI6Ukl8Q1Dq@f9941","fde8o8VYJGMoL+Iv5BCTot","fde8o8VYJGMoL+Iv5BCTot@6c48a","fdkhX5YA9MCIG72TqrO7+h","fdkhX5YA9MCIG72TqrO7+h@6c48a","fd+93qO7JBArYQjESjE1dl","fd+93qO7JBArYQjESjE1dl@6c48a","fd+93qO7JBArYQjESjE1dl@f9941","fes8v0/SRCn7dz8tJTUAMs","fes8v0/SRCn7dz8tJTUAMs@6c48a","fe30g6n0RPuJK1KVZdGek0","fe30g6n0RPuJK1KVZdGek0@6c48a","ffZ1SFGaBMoJSK/KuR18tK","10R1gBJQ5HAo4NaXPalYnB@f9941","12eGr+ssBDY5V9PZ6+4Cwo@f9941","14fd40b05","14fd40b05@6c48a","157fb6461","157fb6461@6c48a","17254abc0","17254abc0@6c48a","17ReWv4XFPJLmA6o05fcXs@f9941","17df48728","17df48728@6c48a","1851bc931","1851bc931@6c48a","18eirF6cFJm7sLULVqAlaw@f9941","19F0wHfm5E0ZThs8vkwIKb@f9941","1a66cd058","1a66cd058@6c48a","1fa728745","1fa728745@6c48a","1f5WeuVz5MjKHYSwec7P9R","1f5WeuVz5MjKHYSwec7P9R@f9941","20g1ukYUVPvKWKBRznAKo+","20g1ukYUVPvKWKBRznAKo+@6c48a","20g1ukYUVPvKWKBRznAKo+@f9941","21ssb0hL9ERZURvNjGYcVf@f9941","22JGyy6cFJwb7F59jZCYlV@f9941","23jfNaCZZKa6tK0S6E3Nyd@f9941","276KM7NIBJVIxFkX6655WB@f9941","2aQN+W3PpPgKhdSnpCfzZM","2aQN+W3PpPgKhdSnpCfzZM@f9941","2dMfG/pwhNIY/sHORdQZzn@f9941","2fQAOb5RZOfqSVQfCEt014@f9941","30ZHIGH4NIJrFnFgittv96@f9941","31YypLdP5E7LeDSHHy18MT@f9941","33IvWai8dC54CqebR8y4Zv@f9941","36VLUEjwBAnbyCfF65YTsk@f9941","38MOAlI1xEnIngxkM+VTZB@f9941","40bAfYmtlPjJkV7u1Be5NZ@f9941","45Hn/ZZMFJ9qq8bOw/HD/b@f9941","48GoI70TNJNYih5wqqaaG5@f9941","49YsEB6z1LVa+83AnzJsIB@f9941","4bakJvG1hIO7Pr7ECSbeah@f9941","4eE8de1OdJvKoh72LSyWKP@f9941","52YkSTtV5OH6Lc96O7amQz@f9941","54TknWPwVPqJqeCR+Y/Czo","54TknWPwVPqJqeCR+Y/Czo@6c48a","54TknWPwVPqJqeCR+Y/Czo@f9941","55i+1f4kNH6JFLkFp+7lkK@f9941","57h2ACNCtPJ7cyK/LTYxoN@f9941","5bW5J5OPRIE5ivWITABLrF@f9941","5fPl1NYK5IyIcgZ2cAqN59@f9941","5fk/0zsf5AwLwFniHOAmnK@f9941","5fl+SnxJZE8a4kG2y2J0Tc@f9941","64AQruG/ZIUqQ1N2WPDVMi@f9941","680AeAigFObqwpIkuHvD7f@f9941","6a1sX95XtPHoyWSZVCGpNI@f9941","6cXwPTtBVL8417uth1FS4v@f9941","6dSVJOz6pJgJKniPbXXcwW@f9941","6dzxK2cNRPBqX9+fm68uqm@f9941","70uZ9A5S1CTZAw3BRZhpPV@f9941","708zdc301NFJHx5oIeKbOh@f9941","77/R6/2xpL5KR18Ytn3Lbv@f9941","79Wf1lTtJB9q3nEotX2i96@f9941","7awy3P5FpJp58MgSJwcaTE@f9941","7dVqZiix9FcbtWo925nrNz@f9941","7edDCEV61Bpa0mP3uVetBo@f9941","7e57yAwRNDmIYo4Ackt5WO@f9941","81v3sOgWBNUa8upNY2SjIO@f9941","84WBUhxepJ24z4ICF3BIWb@f9941","85WkQMULVCWqCPe8egAdhE@f9941","86yQVtyvFDO7G5dRBlIy5n@f9941","87CuXK9z1PiYPr3RVn8xj8@f9941","87/zu703BFpJUKhWZaZXj5@f9941","88uE9Vk+FLeYIW00DdOjXX@f9941","88yqOKn8ZNB6P0NISR4JYt@f9941","89SOFLccFEF7tm0ZL9GXcE@f9941","89sigCxEFJGY5py8LiLlKK@f9941","8eMwUCJj5NqImrLcIkiDJv@f9941","92TV9zMHNBUYnWqxQ8WrUV","92TV9zMHNBUYnWqxQ8WrUV@6c48a","92TV9zMHNBUYnWqxQ8WrUV@f9941","93Z2SgjadGvJvpYzlN0plF@f9941","95EJ59yi5C6pcrs8sfMVNT","95EJ59yi5C6pcrs8sfMVNT@f9941","95EkngnxZFbYuFpsqVTaFr","95EkngnxZFbYuFpsqVTaFr@6c48a","95EkngnxZFbYuFpsqVTaFr@f9941","99kAvFvkBKh6WRC5pwd9a2@f9941","9aj/QxhElNRrP9/l00KaVs@f9941","9dl08EB0JIhar6qb9Kdik6@f9941","9d0M/K2ORFxapv09sIm14J@f9941","9eN78uKaRE5KEgtkyHKIMD","9eN78uKaRE5KEgtkyHKIMD@f9941","a0HtrbOiJKUYVnS+OtBqTb@f9941","a0J4oqR5RD06LHxEoITkWc@f9941","a5D2wvh7VPt4dMynCQ5pYF@f9941","a6XjBU0VtNTZI1osmBuDCg@f9941","a7Mto4LnhD9oTBQdE793nx@f9941","aa6ofZFURCnbdd/PyDRH8g@f9941","acQl6G2whJE6BKC5KFbDxK@f9941","b0XKLfhdxP2JzAt2Up75G6@f9941","b3PWj4Sr1C/5/9oqIemL1e@f9941","bayGOm4E1Hu6+KxsdXkbjK@f9941","c0EesY8SdKjJD3nET1IqUq@f9941","c1nr9h2LFHH44EdQLH0hgX@f9941","c1uxiDQH9HkZPQNuVpIPii@f9941","caHkHdfwJOO4ngbLtS5+/6@f9941","d7y6kly61K25FfO9B1ZbWs@f9941","d8pQvxQQJAPJ9sb9rnLowU@f9941","dbhhVEFvpGArXQ+G733DNo@f9941","deNiUE8sRJVJD9ODh7QirK@f9941","e2slTFOtpMgLQaA5kPRHcm@f9941","e350yGmEtMCK0s9LcLxoqH@f9941","e4wIBBvYlDu6gNDX6jAj9v@f9941","e6/C0eIfpCT6iVmlachU7q@f9941","ecOz0rNopJdqJkhSZ/TQ5D@f9941","edXWdVOZpMFqNwtzrK0NEZ@f9941","effkMRkI5EaJaFsyS+rp02@f9941","efybyGgbREnLasMosHgpm6@f9941","f0pQAdJPdM96u7fgsdku59@f9941","f4ztoxrjJNj79BL5+hCsna@f9941","f5FbxlrnJIWrDtj/oTafi8","f7/spbczlOKJF7BhFNzNvf@f9941","f92po+PhZAnonVI0ZorDdI@f9941"],"paths":{"1":["audio/sound/lucky_wheel",5,1],"2":["audio/sound/spin",5,1],"3":["texture/ui/pay/payTip_respin",1,1],"4":["texture/ui/pay/payTip_respin/texture",2,1],"5":["texture/ui/pay/payTip_respin/spriteFrame",3,1],"6":["prefabs/prefab_moneyComing_loading",4,1],"7":["texture/ui/pay/bet_info_bg_Tada",1,1],"8":["texture/ui/pay/bet_info_bg_Tada/texture",2,1],"9":["texture/ui/pay/bet_info_bg_Tada/spriteFrame",3,1],"10":["texture/i18n/text/id/Payboard_Text4",1,1],"11":["texture/i18n/text/id/Payboard_Text4/texture",2,1],"12":["texture/lucky_wheel/Luckywheel2_smallLight",1,1],"13":["texture/lucky_wheel/Luckywheel2_smallLight/texture",2,1],"14":["particle/win/p4/p4",1,1],"15":["particle/win/p4/p4/texture",2,1],"16":["prefabs/wheel_elements/element_5",4,1],"17":["texture/i18n/text/pt/Payboard_Text3",1,1],"18":["texture/i18n/text/pt/Payboard_Text3/texture",2,1],"19":["spine/symbol/symbol_5",7,1],"20":["prefabs/wheel_elements/element_10",4,1],"21":["texture/ui/pay/payboard_L",1,1],"22":["texture/ui/pay/payboard_L/texture",2,1],"23":["texture/ui/pay/payboard_L/spriteFrame",3,1],"24":["texture/ui/pay/payTip3",1,1],"25":["texture/ui/pay/payTip3/texture",2,1],"26":["texture/ui/pay/payTip3/spriteFrame",3,1],"27":["audio/sound/spin_over",5,1],"28":["spine/symbol/symbol_00",1,1],"29":["spine/symbol/symbol_00/texture",2,1],"30":["particle/win/p4/win_p1",6,1],"31":["texture/lucky_wheel/Luckywheel_Light_upgrade",1,1],"32":["texture/lucky_wheel/Luckywheel_Light_upgrade/texture",2,1],"33":["texture/lucky_wheel/Luckywheel_Light_upgrade/spriteFrame",3,1],"34":["spine/respin/end_vfx",7,1],"35":["particle/win/p2/p2",1,1],"36":["particle/win/p2/p2/texture",2,1],"37":["texture/i18n/text/id/txt1",1,1],"38":["texture/i18n/text/id/txt1/texture",2,1],"39":["texture/i18n/text/pt/31051",1,1],"40":["texture/i18n/text/pt/31051/texture",2,1],"41":["texture/ui/pay/payTip_SuperScatter",1,1],"42":["texture/ui/pay/payTip_SuperScatter/texture",2,1],"43":["texture/ui/pay/payTip_SuperScatter/spriteFrame",3,1],"44":["texture/lucky_wheel/Luckywheel2_upgrade",1,1],"45":["texture/lucky_wheel/Luckywheel2_upgrade/texture",2,1],"46":["texture/lucky_wheel/Luckywheel2_upgrade/spriteFrame",3,1],"47":["font/num_money",0,1],"48":["cocos_lizi/p4/win_p1",6,1],"49":["texture/i18n/text/th/payboard_num_wheel_2",1,1],"50":["texture/i18n/text/th/payboard_num_wheel_2/texture",2,1],"55":["texture/bg/MG_BG_S_D",1,1],"56":["texture/bg/MG_BG_S_D/texture",2,1],"57":["texture/bg/MG_BG_S_D/spriteFrame",3,1],"58":["audio/sound/play",5,1],"59":["texture/symbol/0",1,1],"60":["texture/symbol/0/texture",2,1],"61":["texture/symbol/0/spriteFrame",3,1],"62":["texture/lucky_wheel/LuckywheelNum10",1,1],"63":["texture/lucky_wheel/LuckywheelNum10/texture",2,1],"64":["texture/lucky_wheel/LuckywheelNum10/spriteFrame",3,1],"65":["spine/symbol/symbol_5",8,1],"66":["cocos_lizi/fly/sybres_eft_str_02",1,1],"67":["cocos_lizi/fly/sybres_eft_str_02/texture",2,1],"68":["cocos_lizi/fly/sybres_eft_str_02/spriteFrame",3,1],"69":["texture/lucky_wheel/LuckywheelNum50",1,1],"70":["texture/lucky_wheel/LuckywheelNum50/texture",2,1],"71":["texture/lucky_wheel/LuckywheelNum50/spriteFrame",3,1],"72":["cocos_lizi/coin/win_p_front",6,1],"73":["texture/bg/Intro_Bg_P",1,1],"74":["texture/bg/Intro_Bg_P/texture",2,1],"75":["texture/i18n/text/th/betText_100",1,1],"76":["texture/i18n/text/th/betText_100/texture",2,1],"77":["texture/i18n/text/en/txt1",1,1],"78":["texture/i18n/text/en/txt1/texture",2,1],"79":["texture/wheel/wheel2_shadow",1,1],"80":["texture/wheel/wheel2_shadow/texture",2,1],"81":["spine/Gameintro/GameIntro",1,1],"82":["spine/Gameintro/GameIntro/texture",2,1],"83":["particle/coin/coin",1,1],"84":["particle/coin/coin/texture",2,1],"85":["texture/i18n/logo/logo_en",1,1],"86":["texture/i18n/logo/logo_en/texture",2,1],"87":["texture/i18n/logo/logo_en/spriteFrame",3,1],"88":["texture/i18n/text/pt/38051",1,1],"89":["texture/i18n/text/pt/38051/texture",2,1],"90":["spine/payboard_Light/payboard_Light",7,1],"91":["cocos_lizi/贴图/sybres_eft_exp_04",1,1],"92":["cocos_lizi/贴图/sybres_eft_exp_04/texture",2,1],"93":["cocos_lizi/贴图/sybres_eft_exp_04/spriteFrame",3,1],"95":["spine/respin/end_vfx",8,1],"96":["texture/i18n/text/vn/payboard_num_wheel_3",1,1],"97":["texture/i18n/text/vn/payboard_num_wheel_3/texture",2,1],"98":["texture/i18n/text/id/Payboard_Text3",1,1],"99":["texture/i18n/text/id/Payboard_Text3/texture",2,1],"100":["spine/symbol/symbol_10x",1,1],"101":["spine/symbol/symbol_10x/texture",2,1],"102":["texture/bg/BG_Bottom",1,1],"103":["texture/bg/BG_Bottom/texture",2,1],"104":["texture/bg/BG_Bottom/spriteFrame",3,1],"105":["cocos_lizi/p5/p5",1,1],"106":["cocos_lizi/p5/p5/texture",2,1],"107":["cocos_lizi/p5/p5/spriteFrame",3,1],"108":["spine/bigwin/point",1,1],"109":["spine/bigwin/point/texture",2,1],"110":["audio/sound/all_respin_scatter",5,1],"111":["texture/i18n/text/pt/35051",1,1],"112":["texture/i18n/text/pt/35051/texture",2,1],"113":["texture/i18n/text/id/31051",1,1],"114":["texture/i18n/text/id/31051/texture",2,1],"115":["texture/wheel/wheel_decoration_L",1,1],"116":["texture/wheel/wheel_decoration_L/texture",2,1],"117":["particle/win/p5/trail_end_p",6,1],"118":["texture/i18n/text/en/Luckyweel_text",1,1],"119":["texture/i18n/text/en/Luckyweel_text/texture",2,1],"120":["texture/i18n/logo/logo_pt",1,1],"121":["texture/i18n/logo/logo_pt/texture",2,1],"122":["cocos_lizi/p1/intro_p1",6,1],"123":["texture/i18n/text/es/payboard_num_wheel_3",1,1],"124":["texture/i18n/text/es/payboard_num_wheel_3/texture",2,1],"125":["texture/wheel/wheel_base",1,1],"126":["texture/wheel/wheel_base/texture",2,1],"127":["prefabs/wheels_container",4,1],"128":["texture/i18n/text/en/Payboard_Text4",1,1],"129":["texture/i18n/text/en/Payboard_Text4/texture",2,1],"130":["texture/i18n/text/en/Payboard_Text4/spriteFrame",3,1],"131":["texture/i18n/text/vn/payboard_num_wheel_1",1,1],"132":["texture/i18n/text/vn/payboard_num_wheel_1/texture",2,1],"133":["spine/bigwin/win_front",1,1],"134":["spine/bigwin/win_front/texture",2,1],"135":["particle/win/p5/teail04_02",6,1],"136":["texture/i18n/text/pt/betText_100",1,1],"137":["texture/i18n/text/pt/betText_100/texture",2,1],"138":["texture/i18n/text/th/betText_10",1,1],"139":["texture/i18n/text/th/betText_10/texture",2,1],"140":["prefabs/wheel_elements/feature_all_respin",4,1],"141":["prefabs/wheel_elements/wheel",4,1],"142":["texture/symbol/5",1,1],"143":["texture/symbol/5/texture",2,1],"144":["texture/symbol/5/spriteFrame",3,1],"145":["spine/symbol/symbol_10x",7,1],"146":["texture/wheel/wheel2",1,1],"147":["texture/wheel/wheel2/texture",2,1],"148":["texture/ui/pay/payTip2",1,1],"149":["texture/ui/pay/payTip2/texture",2,1],"150":["texture/ui/pay/payTip2/spriteFrame",3,1],"151":["texture/ui/pay/betText_arrow",1,1],"152":["texture/ui/pay/betText_arrow/texture",2,1],"153":["texture/ui/pay/betText_arrow/spriteFrame",3,1],"154":["texture/symbol/X2",1,1],"155":["texture/symbol/X2/texture",2,1],"156":["texture/symbol/X2/spriteFrame",3,1],"157":["texture/i18n/text/en/betText_100",1,1],"158":["texture/i18n/text/en/betText_100/texture",2,1],"159":["particle/textures/sybres_eft_exp_04",1,1],"160":["particle/textures/sybres_eft_exp_04/texture",2,1],"161":["texture/symbol/1",1,1],"162":["texture/symbol/1/texture",2,1],"163":["texture/symbol/1/spriteFrame",3,1],"164":["texture/ui/features/left",1,1],"165":["texture/ui/features/left/texture",2,1],"166":["texture/ui/controls/bet_disable",1,1],"167":["texture/ui/controls/bet_disable/texture",2,1],"168":["texture/ui/controls/bet_disable/spriteFrame",3,1],"169":["texture/i18n/text/vn/txt1",1,1],"170":["texture/i18n/text/vn/txt1/texture",2,1],"171":["texture/i18n/text/vn/38051",1,1],"172":["texture/i18n/text/vn/38051/texture",2,1],"173":["texture/ui/pay/Payboard_bottom",1,1],"174":["texture/ui/pay/Payboard_bottom/texture",2,1],"175":["prefabs/betSelection/optionFeature",4,1],"176":["spine/lock/wheel_lock",8,1],"177":["texture/i18n/text/pt/payboard_num_wheel_3",1,1],"178":["texture/i18n/text/pt/payboard_num_wheel_3/texture",2,1],"179":["texture/i18n/text/pt/txt2",1,1],"180":["texture/i18n/text/pt/txt2/texture",2,1],"181":["texture/i18n/text/en/33051",1,1],"182":["texture/i18n/text/en/33051/texture",2,1],"183":["texture/i18n/text/th/33051",1,1],"184":["texture/i18n/text/th/33051/texture",2,1],"185":["texture/i18n/text/es/betText_100",1,1],"186":["texture/i18n/text/es/betText_100/texture",2,1],"187":["prefabs/wheel_elements/wheel_feature",4,1],"188":["cocos_lizi/贴图/sybres_eft_str_02",1,1],"189":["cocos_lizi/贴图/sybres_eft_str_02/texture",2,1],"190":["cocos_lizi/贴图/sybres_eft_str_02/spriteFrame",3,1],"191":["texture/wheel/wheel_Frame",1,1],"192":["texture/wheel/wheel_Frame/texture",2,1],"193":["texture/wheel/wheel_Frame/spriteFrame",3,1],"194":["particle/win/p1/wheel_p",6,1],"195":["texture/i18n/text/es/txt1",1,1],"196":["texture/i18n/text/es/txt1/texture",2,1],"197":["audio/sound/feature",5,1],"198":["texture/i18n/text/id/payboard_num_wheel_3",1,1],"199":["texture/i18n/text/id/payboard_num_wheel_3/texture",2,1],"200":["texture/i18n/text/vn/payboard_num_wheel_2",1,1],"201":["texture/i18n/text/vn/payboard_num_wheel_2/texture",2,1],"202":["texture/i18n/text/pt/Payboard_Text2",1,1],"203":["texture/i18n/text/pt/Payboard_Text2/texture",2,1],"204":["texture/i18n/text/th/31051",1,1],"205":["texture/i18n/text/th/31051/texture",2,1],"206":["texture/i18n/text/id/33051",1,1],"207":["texture/i18n/text/id/33051/texture",2,1],"208":["particle/textures/sybres_eft_str_02",1,1],"209":["particle/textures/sybres_eft_str_02/texture",2,1],"210":["cocos_lizi/p4/p4",1,1],"211":["cocos_lizi/p4/p4/texture",2,1],"212":["cocos_lizi/p4/p4/spriteFrame",3,1],"213":["texture/bg/MG_BG_L_TD",1,1],"214":["texture/bg/MG_BG_L_TD/texture",2,1],"215":["texture/bg/MG_BG_L_TD/spriteFrame",3,1],"216":["spine/symbol/symbol_all",8,1],"217":["texture/wheel/wheel1",1,1],"218":["texture/wheel/wheel1/texture",2,1],"219":["texture/i18n/text/en/31051",1,1],"220":["texture/i18n/text/en/31051/texture",2,1],"221":["texture/i18n/text/en/payboard_num_wheel_1",1,1],"222":["texture/i18n/text/en/payboard_num_wheel_1/texture",2,1],"223":["texture/lucky_wheel/Luckywheel_shadow",1,1],"224":["texture/lucky_wheel/Luckywheel_shadow/texture",2,1],"225":["texture/i18n/logo/logo_es",1,1],"226":["texture/i18n/logo/logo_es/texture",2,1],"227":["texture/i18n/text/es/payboard_num_wheel_1",1,1],"228":["texture/i18n/text/es/payboard_num_wheel_1/texture",2,1],"229":["texture/bg/enter",1,1],"230":["texture/bg/enter/texture",2,1],"231":["texture/bg/enter/spriteFrame",3,1],"232":["texture/i18n/text/id/Luckyweel_text",1,1],"233":["texture/i18n/text/id/Luckyweel_text/texture",2,1],"234":["spine/intro/intro",8,1],"235":["texture/lucky_wheel/LuckywheelNum5",1,1],"236":["texture/lucky_wheel/LuckywheelNum5/texture",2,1],"237":["texture/lucky_wheel/LuckywheelNum5/spriteFrame",3,1],"238":["spine/lock/unlock",8,1],"239":["prefabs/lucky_wheel",4,1],"240":["spine/symbol/symbol_scatter_red",8,1],"241":["texture/wheel/wheel",1,1],"242":["texture/wheel/wheel/texture",2,1],"243":["texture/wheel/wheel/spriteFrame",3,1],"244":["texture/ui/pay/plus",1,1],"245":["texture/ui/pay/plus/texture",2,1],"246":["texture/ui/pay/plus/spriteFrame",3,1],"247":["spine/wheel/wheel_vfx02",1,1],"248":["spine/wheel/wheel_vfx02/texture",2,1],"249":["texture/i18n/text/vn/32051",1,1],"250":["texture/i18n/text/vn/32051/texture",2,1],"251":["spine/static_vfx/static_vfx",7,1],"252":["spine/Gameintro/GameIntro",8,1],"253":["texture/i18n/text/th/txt1",1,1],"254":["texture/i18n/text/th/txt1/texture",2,1],"255":["texture/i18n/text/id/payboard_num_wheel_2",1,1],"256":["texture/i18n/text/id/payboard_num_wheel_2/texture",2,1],"257":["texture/bg/MGBG_S",1,1],"258":["texture/bg/MGBG_S/texture",2,1],"259":["spine/lock/wheel_lock",1,1],"260":["spine/lock/wheel_lock/texture",2,1],"261":["texture/symbol/X5",1,1],"262":["texture/symbol/X5/texture",2,1],"263":["texture/symbol/X5/spriteFrame",3,1],"264":["texture/ui/controls/auto_disable",1,1],"265":["texture/ui/controls/auto_disable/texture",2,1],"266":["texture/ui/controls/auto_disable/spriteFrame",3,1],"267":["prefabs/wheel_elements/feature_x5",4,1],"268":["texture/i18n/text/th/34051",1,1],"269":["texture/i18n/text/th/34051/texture",2,1],"270":["texture/i18n/text/pt/32051",1,1],"271":["texture/i18n/text/pt/32051/texture",2,1],"272":["audio/sound/scatter_over",5,1],"273":["texture/i18n/text/vn/Luckyweel_text",1,1],"274":["texture/i18n/text/vn/Luckyweel_text/texture",2,1],"275":["prefabs/board",4,1],"276":["texture/i18n/text/en/payboard_num_wheel_2",1,1],"277":["texture/i18n/text/en/payboard_num_wheel_2/texture",2,1],"278":["texture/i18n/text/th/Payboard_Text4",1,1],"279":["texture/i18n/text/th/Payboard_Text4/texture",2,1],"280":["prefabs/wheel_elements/feature_scatte_50",4,1],"281":["particle/win/p5/trail",6,1],"282":["texture/i18n/text/id/Payboard_Text2",1,1],"283":["texture/i18n/text/id/Payboard_Text2/texture",2,1],"284":["spine/symbol/symbol_5x",7,1],"285":["spine/payboard_Light/payboard_Light",8,1],"286":["texture/lucky_wheel/Luckywheel1",1,1],"287":["texture/lucky_wheel/Luckywheel1/texture",2,1],"288":["texture/lucky_wheel/Luckywheel1/spriteFrame",3,1],"289":["texture/i18n/text/th/txt2",1,1],"290":["texture/i18n/text/th/txt2/texture",2,1],"291":["spine/symbol/symbol_5",1,1],"292":["spine/symbol/symbol_5/texture",2,1],"293":["cocos_lizi/p2/p2",1,1],"294":["cocos_lizi/p2/p2/texture",2,1],"295":["cocos_lizi/p2/p2/spriteFrame",3,1],"296":["prefabs/lizi/coin",4,1],"297":["texture/i18n/text/th/38051",1,1],"298":["texture/i18n/text/th/38051/texture",2,1],"299":["prefabs/wheel_elements/element_1",4,1],"300":["texture/lucky_wheel/Luckywheel_shadow2",1,1],"301":["texture/lucky_wheel/Luckywheel_shadow2/texture",2,1],"302":["spine/symbol/symbol_00",7,1],"303":["texture/i18n/text/vn/34051",1,1],"304":["texture/i18n/text/vn/34051/texture",2,1],"305":["spine/symbol/symbol_scatter_red",1,1],"306":["spine/symbol/symbol_scatter_red/texture",2,1],"307":["texture/i18n/text/es/txt2",1,1],"308":["texture/i18n/text/es/txt2/texture",2,1],"309":["spine/symbol/symbol_10",8,1],"310":["texture/i18n/text/id/betText_1",1,1],"311":["texture/i18n/text/id/betText_1/texture",2,1],"312":["spine/paytip/paytip",1,1],"313":["spine/paytip/paytip/texture",2,1],"314":["spine/symbol/symbol_scatter",1,1],"315":["spine/symbol/symbol_scatter/texture",2,1],"316":["prefabs/betSelection/betOption",4,1],"317":["texture/wheel/wheelshadow",1,1],"318":["texture/wheel/wheelshadow/texture",2,1],"319":["texture/wheel/wheel4",1,1],"320":["texture/wheel/wheel4/texture",2,1],"321":["texture/lucky_wheel/luckywheelshadow",1,1],"322":["texture/lucky_wheel/luckywheelshadow/texture",2,1],"323":["spine/bigwin/point",7,1],"324":["texture/i18n/text/id/payboard_num_wheel_1",1,1],"325":["texture/i18n/text/id/payboard_num_wheel_1/texture",2,1],"326":["particle/coin/win_p_front",6,1],"327":["texture/lucky_wheel/Luckywheel3",1,1],"328":["texture/lucky_wheel/Luckywheel3/texture",2,1],"329":["texture/lucky_wheel/Luckywheel3/spriteFrame",3,1],"330":["texture/i18n/text/en/34051",1,1],"331":["texture/i18n/text/en/34051/texture",2,1],"332":["texture/ui/features/right",1,1],"333":["texture/ui/features/right/texture",2,1],"334":["texture/i18n/text/pt/34051",1,1],"335":["texture/i18n/text/pt/34051/texture",2,1],"336":["texture/i18n/text/id/Payboard_Text1",1,1],"337":["texture/i18n/text/id/Payboard_Text1/texture",2,1],"338":["texture/i18n/text/vn/Payboard_Text3",1,1],"339":["texture/i18n/text/vn/Payboard_Text3/texture",2,1],"340":["texture/i18n/text/id/38051",1,1],"341":["texture/i18n/text/id/38051/texture",2,1],"342":["particle/coin/win_p_back",6,1],"343":["cocos_lizi/p5/trail",6,1],"344":["spine/lock/unlock",1,1],"345":["spine/lock/unlock/texture",2,1],"346":["texture/wheel/wheelFrame_S",1,1],"347":["texture/wheel/wheelFrame_S/texture",2,1],"348":["texture/lucky_wheel/LuckywheelNum100",1,1],"349":["texture/lucky_wheel/LuckywheelNum100/texture",2,1],"350":["texture/lucky_wheel/LuckywheelNum100/spriteFrame",3,1],"351":["spine/wheel/wheel_vfx02",7,1],"352":["texture/i18n/text/vn/31051",1,1],"353":["texture/i18n/text/vn/31051/texture",2,1],"354":["texture/i18n/text/vn/33051",1,1],"355":["texture/i18n/text/vn/33051/texture",2,1],"356":["spine/symbol/symbol_10",1,1],"357":["spine/symbol/symbol_10/texture",2,1],"358":["texture/i18n/text/id/32051",1,1],"359":["texture/i18n/text/id/32051/texture",2,1],"360":["spine/symbol/symbol_1",8,1],"361":["texture/symbol/scatter_100",1,1],"362":["texture/symbol/scatter_100/texture",2,1],"363":["texture/symbol/scatter_100/spriteFrame",3,1],"364":["spine/symbol/symbol_0",7,1],"365":["texture/lucky_wheel/Luckywheel_Arrow_upgrade",1,1],"366":["texture/lucky_wheel/Luckywheel_Arrow_upgrade/texture",2,1],"367":["texture/lucky_wheel/Luckywheel_Arrow_upgrade/spriteFrame",3,1],"368":["texture/i18n/text/es/betText_10",1,1],"369":["texture/i18n/text/es/betText_10/texture",2,1],"370":["texture/wheel/wheel3_shadow",1,1],"371":["texture/wheel/wheel3_shadow/texture",2,1],"372":["texture/symbol/X10",1,1],"373":["texture/symbol/X10/texture",2,1],"374":["texture/symbol/X10/spriteFrame",3,1],"375":["texture/lucky_wheel/Luckywheel_Lock",1,1],"376":["texture/lucky_wheel/Luckywheel_Lock/texture",2,1],"377":["texture/lucky_wheel/Luckywheel_Lock/spriteFrame",3,1],"378":["texture/i18n/text/th/betText_1",1,1],"379":["texture/i18n/text/th/betText_1/texture",2,1],"380":["texture/i18n/text/en/Payboard_Text1",1,1],"381":["texture/i18n/text/en/Payboard_Text1/texture",2,1],"382":["texture/i18n/text/en/Payboard_Text1/spriteFrame",3,1],"383":["spine/bigwin/win_back",8,1],"384":["texture/i18n/text/id/34051",1,1],"385":["texture/i18n/text/id/34051/texture",2,1],"386":["texture/i18n/text/pt/payboard_num_wheel_1",1,1],"387":["texture/i18n/text/pt/payboard_num_wheel_1/texture",2,1],"388":["texture/i18n/text/es/Payboard_Text4",1,1],"389":["texture/i18n/text/es/Payboard_Text4/texture",2,1],"390":["particle/win/p3/noise_p",6,1],"391":["font/payboard_num_win",1,1],"392":["font/payboard_num_win/texture",2,1],"393":["font/payboard_num_win/spriteFrame",3,1],"394":["prefabs/wheel_elements/feature_x2",4,1],"395":["texture/i18n/text/th/Payboard_Text2",1,1],"396":["texture/i18n/text/th/Payboard_Text2/texture",2,1],"397":["spine/wheel/wheel_vfx01",1,1],"398":["spine/wheel/wheel_vfx01/texture",2,1],"399":["texture/bg/MG_BG_Bottom",1,1],"400":["texture/bg/MG_BG_Bottom/texture",2,1],"401":["texture/bg/MG_BG_L_L",1,1],"402":["texture/bg/MG_BG_L_L/texture",2,1],"403":["texture/ui/controls/bet",1,1],"404":["texture/ui/controls/bet/texture",2,1],"405":["texture/ui/controls/bet/spriteFrame",3,1],"406":["texture/ui/controls/normal",1,1],"407":["texture/ui/controls/normal/texture",2,1],"408":["texture/ui/controls/normal/spriteFrame",3,1],"409":["spine/respin/respin_vfx",7,1],"410":["texture/i18n/text/en/35051",1,1],"411":["texture/i18n/text/en/35051/texture",2,1],"412":["font/payboard_num_win",0,1],"413":["spine/symbol/symbol_1",1,1],"414":["spine/symbol/symbol_1/texture",2,1],"415":["cocos_lizi/p3/p3",1,1],"416":["cocos_lizi/p3/p3/texture",2,1],"417":["cocos_lizi/p3/p3/spriteFrame",3,1],"418":["texture/i18n/text/id/betText_10",1,1],"419":["texture/i18n/text/id/betText_10/texture",2,1],"420":["texture/bg/loading",1,1],"421":["texture/bg/loading/texture",2,1],"422":["texture/bg/loading/spriteFrame",3,1],"423":["texture/i18n/logo/logo_vn",1,1],"424":["texture/i18n/logo/logo_vn/texture",2,1],"425":["audio/music/bg",5,1],"426":["particle/win/p2/intro_p2",6,1],"427":["audio/sound/big_win",5,1],"428":["texture/ui/controls/super_turbo",1,1],"429":["texture/ui/controls/super_turbo/texture",2,1],"430":["texture/ui/controls/super_turbo/spriteFrame",3,1],"431":["texture/lucky_wheel/Luckywheel2",1,1],"432":["texture/lucky_wheel/Luckywheel2/texture",2,1],"433":["texture/lucky_wheel/Luckywheel2/spriteFrame",3,1],"434":["texture/ui/pay/betText_base1",1,1],"435":["texture/ui/pay/betText_base1/texture",2,1],"436":["texture/ui/pay/betText_base1/spriteFrame",3,1],"437":["texture/lucky_wheel/Luckywheel1_upgrade",1,1],"438":["texture/lucky_wheel/Luckywheel1_upgrade/texture",2,1],"439":["texture/lucky_wheel/Luckywheel1_upgrade/spriteFrame",3,1],"440":["spine/wheel/wheel_vfx02",8,1],"441":["prefabs/betSelection/betSelection",4,1],"442":["texture/i18n/text/es/Luckyweel_text",1,1],"443":["texture/i18n/text/es/Luckyweel_text/texture",2,1],"444":["spine/symbol/symbol_scatter",7,1],"445":["spine/intro/intro",1,1],"446":["spine/intro/intro/texture",2,1],"447":["texture/lucky_wheel/Luckywheel4",1,1],"448":["texture/lucky_wheel/Luckywheel4/texture",2,1],"449":["texture/lucky_wheel/Luckywheel4/spriteFrame",3,1],"450":["texture/i18n/text/es/Payboard_Text2",1,1],"451":["texture/i18n/text/es/Payboard_Text2/texture",2,1],"452":["texture/i18n/text/th/payboard_num_wheel_1",1,1],"453":["texture/i18n/text/th/payboard_num_wheel_1/texture",2,1],"454":["particle/win/p3/p3",1,1],"455":["particle/win/p3/p3/texture",2,1],"456":["prefabs/settingSelection/settingSelection",4,1],"457":["spine/symbol/symbol_2x",1,1],"458":["spine/symbol/symbol_2x/texture",2,1],"459":["spine/bigwin/win_back",1,1],"460":["spine/bigwin/win_back/texture",2,1],"461":["spine/expect/expect",1,1],"462":["spine/expect/expect/texture",2,1],"463":["prefabs/wheel_elements/element_00",4,1],"464":["texture/ui/controls/turbo",1,1],"465":["texture/ui/controls/turbo/texture",2,1],"466":["texture/ui/controls/turbo/spriteFrame",3,1],"467":["particle/win/p5/teail04_01",6,1],"468":["particle/win/p5/p5",1,1],"469":["particle/win/p5/p5/texture",2,1],"470":["spine/symbol/symbol_5x",1,1],"471":["spine/symbol/symbol_5x/texture",2,1],"472":["texture/lucky_wheel/Luckywheelcenter",1,1],"473":["texture/lucky_wheel/Luckywheelcenter/texture",2,1],"474":["texture/lucky_wheel/Luckywheelcenter/spriteFrame",3,1],"475":["texture/i18n/text/th/35051",1,1],"476":["texture/i18n/text/th/35051/texture",2,1],"477":["texture/i18n/text/en/betText_10",1,1],"478":["texture/i18n/text/en/betText_10/texture",2,1],"479":["texture/i18n/text/pt/Payboard_Text4",1,1],"480":["texture/i18n/text/pt/Payboard_Text4/texture",2,1],"481":["texture/i18n/text/id/35051",1,1],"482":["texture/i18n/text/id/35051/texture",2,1],"483":["spine/intro/intro",7,1],"484":["texture/bg/MG_BG_L_R",1,1],"485":["texture/bg/MG_BG_L_R/texture",2,1],"486":["texture/i18n/text/th/32051",1,1],"487":["texture/i18n/text/th/32051/texture",2,1],"488":["texture/i18n/text/th/Luckyweel_text",1,1],"489":["texture/i18n/text/th/Luckyweel_text/texture",2,1],"490":["spine/paytip/paytip",7,1],"491":["spine/respin/end_vfx",1,1],"492":["spine/respin/end_vfx/texture",2,1],"493":["texture/wheel/wheel_decoration",1,1],"494":["texture/wheel/wheel_decoration/texture",2,1],"495":["texture/ui/controls/setting",1,1],"496":["texture/ui/controls/setting/texture",2,1],"497":["texture/ui/controls/setting/spriteFrame",3,1],"498":["texture/ui/controls/spin_disable",1,1],"499":["texture/ui/controls/spin_disable/texture",2,1],"500":["texture/ui/controls/spin_disable/spriteFrame",3,1],"501":["prefabs/wheel_elements/element_0",4,1],"502":["cocos_lizi/coin/win_p_back",6,1],"503":["spine/expect/expect",8,1],"504":["texture/i18n/text/vn/Payboard_Text4",1,1],"505":["texture/i18n/text/vn/Payboard_Text4/texture",2,1],"506":["prefabs/MoneyComingView",4,1],"507":["texture/i18n/text/es/Payboard_Text1",1,1],"508":["texture/i18n/text/es/Payboard_Text1/texture",2,1],"509":["spine/symbol/symbol_all",7,1],"510":["texture/i18n/text/en/38051",1,1],"511":["texture/i18n/text/en/38051/texture",2,1],"512":["spine/lv_up/lv_up",1,1],"513":["spine/lv_up/lv_up/texture",2,1],"514":["spine/wheel/wheel_vfx01",8,1],"515":["texture/i18n/text/pt/txt1",1,1],"516":["texture/i18n/text/pt/txt1/texture",2,1],"517":["cocos_lizi/p5/teail04_01",6,1],"518":["spine/lv_up/lv_up",8,1],"519":["texture/i18n/text/en/Payboard_Text2",1,1],"520":["texture/i18n/text/en/Payboard_Text2/texture",2,1],"521":["texture/i18n/text/en/Payboard_Text2/spriteFrame",3,1],"522":["font/num_money",1,1],"523":["font/num_money/texture",2,1],"524":["font/num_money/spriteFrame",3,1],"525":["texture/ui/pay/payTip",1,1],"526":["texture/ui/pay/payTip/texture",2,1],"527":["texture/ui/pay/payTip/spriteFrame",3,1],"528":["texture/bg/MGBG",1,1],"529":["texture/bg/MGBG/texture",2,1],"530":["texture/bg/MGBG/spriteFrame",3,1],"531":["texture/i18n/text/vn/txt2",1,1],"532":["texture/i18n/text/vn/txt2/texture",2,1],"533":["texture/i18n/text/vn/Payboard_Text2",1,1],"534":["texture/i18n/text/vn/Payboard_Text2/texture",2,1],"535":["texture/i18n/text/pt/payboard_num_wheel_2",1,1],"536":["texture/i18n/text/pt/payboard_num_wheel_2/texture",2,1],"537":["texture/ui/pay/payboard_S",1,1],"538":["texture/ui/pay/payboard_S/texture",2,1],"539":["texture/i18n/text/vn/betText_1",1,1],"540":["texture/i18n/text/vn/betText_1/texture",2,1],"541":["spine/Gameintro/GameIntro",7,1],"542":["audio/sound/all_respin",5,1],"543":["texture/i18n/text/th/payboard_num_wheel_3",1,1],"544":["texture/i18n/text/th/payboard_num_wheel_3/texture",2,1],"545":["texture/wheel/wheel4_shadow",1,1],"546":["texture/wheel/wheel4_shadow/texture",2,1],"547":["cocos_lizi/p1/wheel_p",6,1],"548":["texture/ui/pay/betText_base2",1,1],"549":["texture/ui/pay/betText_base2/texture",2,1],"550":["spine/paytip/paytip",8,1],"551":["texture/ui/pay/payTip4",1,1],"552":["texture/ui/pay/payTip4/texture",2,1],"553":["texture/ui/pay/payTip4/spriteFrame",3,1],"554":["spine/bigwin/win_front",7,1],"555":["texture/i18n/text/vn/betText_100",1,1],"556":["texture/i18n/text/vn/betText_100/texture",2,1],"557":["cocos_lizi/p5/teail04_02",6,1],"558":["texture/symbol/all_respin",1,1],"559":["texture/symbol/all_respin/texture",2,1],"560":["texture/symbol/all_respin/spriteFrame",3,1],"561":["cocos_lizi/p1/p1",1,1],"562":["cocos_lizi/p1/p1/texture",2,1],"563":["cocos_lizi/p1/p1/spriteFrame",3,1],"564":["cocos_lizi/p5/trail_end_p",6,1],"565":["texture/i18n/text/es/Payboard_Text3",1,1],"566":["texture/i18n/text/es/Payboard_Text3/texture",2,1],"567":["spine/lock/wheel_lock",7,1],"568":["spine/respin/respin_vfx",8,1],"569":["texture/symbol/00",1,1],"570":["texture/symbol/00/texture",2,1],"571":["texture/symbol/00/spriteFrame",3,1],"572":["cocos_lizi/p5/win_p2",6,1],"573":["spine/symbol/symbol_10x",8,1],"574":["spine/symbol/symbol_5x",8,1],"575":["texture/ui/pay/payTip1",1,1],"576":["texture/ui/pay/payTip1/texture",2,1],"577":["texture/ui/pay/payTip1/spriteFrame",3,1],"578":["spine/lock/unlock",7,1],"579":["texture/i18n/text/vn/betText_10",1,1],"580":["texture/i18n/text/vn/betText_10/texture",2,1],"581":["spine/symbol/symbol_0",8,1],"582":["texture/i18n/text/th/Payboard_Text1",1,1],"583":["texture/i18n/text/th/Payboard_Text1/texture",2,1],"584":["texture/i18n/text/pt/betText_1",1,1],"585":["texture/i18n/text/pt/betText_1/texture",2,1],"586":["texture/bg/MG_BG_S_LR",1,1],"587":["texture/bg/MG_BG_S_LR/texture",2,1],"588":["spine/symbol/symbol_0",1,1],"589":["spine/symbol/symbol_0/texture",2,1],"590":["cocos_lizi/coin/coin",1,1],"591":["cocos_lizi/coin/coin/texture",2,1],"592":["cocos_lizi/coin/coin/spriteFrame",3,1],"593":["spine/lv_up/lv_up",7,1],"594":["audio/sound/number",5,1],"595":["audio/sound/active_feature",5,1],"596":["cocos_lizi/p3/noise_p",6,1],"597":["prefabs/fly",4,1],"598":["spine/symbol/symbol_2x",8,1],"599":["audio/sound/wheel_lock",5,1],"600":["texture/symbol/10",1,1],"601":["texture/symbol/10/texture",2,1],"602":["texture/symbol/10/spriteFrame",3,1],"603":["texture/lucky_wheel/Wheelshadow",1,1],"604":["texture/lucky_wheel/Wheelshadow/texture",2,1],"605":["spine/payboard_Light/payboard_Light",1,1],"606":["spine/payboard_Light/payboard_Light/texture",2,1],"607":["texture/i18n/text/id/betText_100",1,1],"608":["texture/i18n/text/id/betText_100/texture",2,1],"609":["texture/i18n/text/en/Payboard_Text3",1,1],"610":["texture/i18n/text/en/Payboard_Text3/texture",2,1],"611":["texture/i18n/text/en/Payboard_Text3/spriteFrame",3,1],"612":["texture/i18n/text/th/Payboard_Text3",1,1],"613":["texture/i18n/text/th/Payboard_Text3/texture",2,1],"614":["spine/symbol/symbol_scatter_red",7,1],"615":["texture/bg/MG_BG_S_T",1,1],"616":["texture/bg/MG_BG_S_T/texture",2,1],"617":["texture/bg/MG_BG_S_T/spriteFrame",3,1],"618":["spine/symbol/symbol_10",7,1],"619":["cocos_lizi/p2/intro_p2",6,1],"620":["texture/i18n/text/en/payboard_num_wheel_3",1,1],"621":["texture/i18n/text/en/payboard_num_wheel_3/texture",2,1],"622":["texture/i18n/text/es/betText_1",1,1],"623":["texture/i18n/text/es/betText_1/texture",2,1],"624":["texture/lucky_wheel/Luckywheel_Light",1,1],"625":["texture/lucky_wheel/Luckywheel_Light/texture",2,1],"626":["texture/lucky_wheel/Luckywheel_Light/spriteFrame",3,1],"627":["texture/i18n/text/en/32051",1,1],"628":["texture/i18n/text/en/32051/texture",2,1],"629":["spine/symbol/symbol_all",1,1],"630":["spine/symbol/symbol_all/texture",2,1],"631":["texture/ui/pay/payTip_scatter",1,1],"632":["texture/ui/pay/payTip_scatter/texture",2,1],"633":["texture/ui/pay/payTip_scatter/spriteFrame",3,1],"634":["spine/symbol/symbol_1",7,1],"635":["texture/i18n/text/en/txt2",1,1],"636":["texture/i18n/text/en/txt2/texture",2,1],"637":["texture/i18n/text/vn/Payboard_Text1",1,1],"638":["texture/i18n/text/vn/Payboard_Text1/texture",2,1],"639":["spine/bigwin/point",8,1],"640":["texture/i18n/text/id/txt2",1,1],"641":["texture/i18n/text/id/txt2/texture",2,1],"642":["particle/win/p1/p1",1,1],"643":["particle/win/p1/p1/texture",2,1],"644":["prefabs/wheel_elements/feature_x10",4,1],"645":["spine/symbol/symbol_scatter",8,1],"646":["texture/lucky_wheel/Luckywheel_Arrow",1,1],"647":["texture/lucky_wheel/Luckywheel_Arrow/texture",2,1],"648":["texture/lucky_wheel/Luckywheel_Arrow/spriteFrame",3,1],"649":["texture/i18n/text/pt/betText_10",1,1],"650":["texture/i18n/text/pt/betText_10/texture",2,1],"651":["texture/lucky_wheel/Wheelboard",1,1],"652":["texture/lucky_wheel/Wheelboard/texture",2,1],"653":["texture/lucky_wheel/Wheelboard/spriteFrame",3,1],"654":["texture/ui/controls/spin",1,1],"655":["texture/ui/controls/spin/texture",2,1],"656":["texture/ui/controls/spin/spriteFrame",3,1],"657":["particle/win/p5/win_p2",6,1],"658":["particle/win/p1/intro_p1",6,1],"659":["spine/respin/respin_vfx",1,1],"660":["spine/respin/respin_vfx/texture",2,1],"661":["cocos_lizi/fly/sybres_eft_exp_04",1,1],"662":["cocos_lizi/fly/sybres_eft_exp_04/texture",2,1],"663":["cocos_lizi/fly/sybres_eft_exp_04/spriteFrame",3,1],"664":["texture/i18n/text/en/betText_1",1,1],"665":["texture/i18n/text/en/betText_1/texture",2,1],"666":["spine/bigwin/win_back",7,1],"667":["texture/i18n/text/pt/Payboard_Text1",1,1],"668":["texture/i18n/text/pt/Payboard_Text1/texture",2,1],"669":["texture/lucky_wheel/Luckywheel3_upgrade",1,1],"670":["texture/lucky_wheel/Luckywheel3_upgrade/texture",2,1],"671":["texture/lucky_wheel/Luckywheel3_upgrade/spriteFrame",3,1],"672":["texture/i18n/text/pt/33051",1,1],"673":["texture/i18n/text/pt/33051/texture",2,1],"674":["prefabs/wheel_elements/feature_scatte",4,1],"675":["spine/wheel/wheel_vfx01",7,1],"676":["spine/symbol/symbol_2x",7,1],"677":["texture/i18n/text/es/payboard_num_wheel_2",1,1],"678":["texture/i18n/text/es/payboard_num_wheel_2/texture",2,1],"679":["texture/lucky_wheel/Luckywheel2_SHA",1,1],"680":["texture/lucky_wheel/Luckywheel2_SHA/texture",2,1],"681":["spine/expect/expect",7,1],"682":["spine/static_vfx/static_vfx",1,1],"683":["spine/static_vfx/static_vfx/texture",2,1],"684":["spine/static_vfx/static_vfx",8,1],"685":["texture/symbol/scatter",1,1],"686":["texture/symbol/scatter/texture",2,1],"687":["texture/symbol/scatter/spriteFrame",3,1],"688":["spine/symbol/symbol_00",8,1],"689":["texture/ui/controls/auto",1,1],"690":["texture/ui/controls/auto/texture",2,1],"691":["texture/ui/controls/auto/spriteFrame",3,1],"692":["texture/i18n/text/pt/Luckyweel_text",1,1],"693":["texture/i18n/text/pt/Luckyweel_text/texture",2,1],"694":["texture/bg/Intro_Bg_L",1,1],"695":["texture/bg/Intro_Bg_L/texture",2,1],"696":["texture/bg/Intro_Bg_L/spriteFrame",3,1],"697":["texture/i18n/logo/logo_th",1,1],"698":["texture/i18n/logo/logo_th/texture",2,1],"699":["texture/wheel/wheel3",1,1],"700":["texture/wheel/wheel3/texture",2,1],"701":["texture/ui/pay/Payboard_TextFrame",1,1],"702":["texture/ui/pay/Payboard_TextFrame/texture",2,1],"703":["texture/ui/pay/Payboard_TextFrame/spriteFrame",3,1],"704":["texture/i18n/text/vn/35051",1,1],"705":["texture/i18n/text/vn/35051/texture",2,1],"706":["texture/i18n/logo/logo_id",1,1],"707":["texture/i18n/logo/logo_id/texture",2,1],"708":["spine/bigwin/win_front",8,1]},"scenes":{},"packs":{"0d1729f0f":[1,2,3,4,5,6,7,8,9,10,11,51,12,13,14,15,16,52,17,18,53,19,20,21,22,23,24,25,26,27,28,29,30,31,32,33,34,35,36,37,38,39,40,41,42,43,44,45,46,47,48,49,50,55,56,57,58,59,60,61,62,63,64,65,709,66,67,68,69,70,71,710,72,73,74,75,76,77,78,79,80,81,82,711,712,83,84,713,714,85,86,87,88,89,90,715,716,717,91,92,93,718,719,720,721,722,723,94,94,95,724,725,96,97,98,99,100,101,102,103,104,105,106,107,108,109,110,111,112,113,114,115,116,726,727,728,729,730,731,732,117,118,119,120,121,733,734,122,123,124,735,125,126,127,128,129,130,131,132,133,134,135,736,136,137,138,139,140,141,142,143,144,737,738,145,146,147,148,149,150,151,152,153,154,155,156,739,157,158,159,160,161,162,163,740,741,164,165,166,167,168,169,170,742,171,172,173,174,743,175,744,176,177,178,179,180,181,182,183,184,185,186,745,187,188,189,190,191,192,193,194,195,196,197,198,199,200,201,202,203,746,204,205,206,207,208,209,210,211,212,747,213,214,215,216,217,218,219,220,748,221,222,223,224,749,225,226,227,228,750,229,230,231,232,233,234,235,236,237,751,238,239,240,241,242,243,752,244,245,246,247,248,249,250,753,754,755,251,252,756,253,254,255,256,257,258,259,260,261,262,263,264,265,266,267,757,268,269,270,271,272,273,274,275,276,277,278,279,280,281,758,282,283,284,285,286,287,288,289,290,291,292,293,294,295,296,759,297,298,299,760,761,300,301,302,303,304,305,306,307,308,309,310,311,762,312,313,314,315,316,317,318,319,320,321,322,323,324,325,763,764,326,327,328,329,330,331,332,333,765,766,334,335,336,337,338,339,767,340,341,342,343,344,345,346,347,348,349,350,351,768,769,352,353,354,355,356,357,358,359,360,361,362,363,364,365,366,367,368,369,370,371,770,771,372,373,374,375,376,377,772,378,379,380,381,382,773,774,775,383,776,384,385,386,387,388,389,777,390,778,391,392,393,394,779,395,396,780,397,398,781,399,400,782,783,784,785,401,402,403,404,405,406,407,408,409,410,411,786,412,413,414,415,416,417,787,788,789,418,419,420,421,422,790,423,424,791,792,793,794,795,425,426,427,428,429,430,431,432,433,796,434,435,436,797,437,438,439,440,441,442,443,444,445,446,447,448,449,450,451,0,0,0,0,0,0,0,798,799,800,801,452,453,454,455,456,457,458,459,460,802,803,461,462,463,464,465,466,467,468,469,804,470,471,472,473,474,805,475,476,477,478,479,480,481,482,806,483,484,485,486,487,488,489,490,807,491,492,493,494,808,495,496,497,498,499,500,501,502,503,504,505,506,809,507,508,509,510,511,512,513,514,810,515,516,517,518,519,520,521,522,523,524,525,526,527,528,529,530,531,532,533,534,535,536,537,538,539,540,541,542,543,544,545,546,547,548,549,811,550,551,552,553,554,812,813,555,556,814,557,558,559,560,561,562,563,564,565,566,567,568,569,570,571,572,815,573,574,575,576,577,578,579,580,581,582,583,584,585,586,587,588,589,590,591,592,593,594,595,596,597,598,599,600,601,602,603,604,605,606,607,608,609,610,611,612,613,614,615,616,617,618,619,620,621,816,622,623,624,625,626,817,627,628,818,629,630,631,632,633,819,634,635,636,637,638,639,820,640,641,821,822,642,643,823,644,645,646,647,648,649,650,651,652,653,654,655,656,657,824,658,659,660,825,661,662,663,664,665,666,667,668,826,827,828,669,670,671,672,673,674,675,829,676,830,677,678,679,680,681,682,683,684,831,685,686,687,688,832,689,690,691,692,693,694,695,696,697,698,699,700,701,702,703,704,705,706,707,708]},"versions":{"import":[],"native":[]},"redirect":[],"debug":false,"extensionMap":{},"hasPreloadScript":true,"dependencyRelationships":{},"types":["cc.BitmapFont","cc.ImageAsset","cc.Texture2D","cc.SpriteFrame","cc.Prefab","cc.AudioClip","cc.ParticleAsset","cc.Asset","sp.SkeletonData"]}