{"importBase":"import","nativeBase":"native","name":"moneyComing","deps":[],"uuids":["01Zx0TW+lLFqdCIszqU8w7@6c48a","01Zx0TW+lLFqdCIszqU8w7@f9941","01oAIUHIVLWaTqVor0CwAp","01r/XN8KlGbLqaThemiihz@6c48a","01r/XN8KlGbLqaThemiihz@f9941","03RB/6iX9LAbAY8E9Qkqt7@6c48a","06AJm43gpFg4vnG61lCWWC@6c48a","00JYXAHRpLw6GVche1thNy","00ZUbvnphKAb/6/kJuKa4g","01Zx0TW+lLFqdCIszqU8w7","0180f4a88","01r/XN8KlGbLqaThemiihz","020e294c7","0293bf059","0303de2c0","03RB/6iX9LAbAY8E9Qkqt7","036835910","039c67cca","03a0f885b","03bc438b9","03fb15292","04oP2p5S5LVo6riPy6rhMh@6c48a","04vWyoFvJLQbedzL7JzWlM@6c48a","05CyIDsCxF9rie/qwx+lIw","07T8TjWphBUJ+RNrF0rzW0","07XVA+f4lIvpyEdboAO9Ei@6c48a","07XVA+f4lIvpyEdboAO9Ei@f9941","08blXe6lZCNZ/G9rBQxSMf@6c48a","09OzPvQehPKqgeE33YdVkr@6c48a","09OzPvQehPKqgeE33YdVkr@f9941","04HXeUMZdJzo41DNZuWHrU@f9941","04oP2p5S5LVo6riPy6rhMh","04vWyoFvJLQbedzL7JzWlM","04c481acd","07oX38Em1OtKT7vlkDcRTQ@6c48a","07oX38Em1OtKT7vlkDcRTQ@f9941","0aay3eitlMYYsFXvrz7qzQ@6c48a","05eJDc4kVAtZPyD4OlBvT+@f9941","06AJm43gpFg4vnG61lCWWC","06Im8otFhHXbPbq+KDmma5@f9941","068d9e11e","06t/9iYNxFkZ0B1WkKQylF","0704e5c13","07XVA+f4lIvpyEdboAO9Ei","0785bae7e","07oX38Em1OtKT7vlkDcRTQ","080917a50","08WDe4H3VCaKoDuvRhuWRE","08blXe6lZCNZ/G9rBQxSMf","09BC0scqVHTpEIG9MwQoZ2","09OzPvQehPKqgeE33YdVkr","09c2718c0","0aFvMGMWtLWI70oXtQjN5v","0aay3eitlMYYsFXvrz7qzQ","0a7b56d05","0a97c7de0","0apSC0+pZIZaatKezfJ4wj@6c48a","0apb/AarpEiY2x7rm0qLxU@6c48a","0bM2wxVaZKkZrd4Cocvh1T@6c48a","0clrR3hudB1b+GrBaTfA6N@6c48a","0crA6bjylCObSzxMAGZ8Or","0c1XynWo9EYKcnUeet7epy@6c48a","0dKi/ZdGJDJbbUuPJW9m3a@6c48a","11gnPgI3lMw6eGMOGAofN0@6c48a","12mi993w9Fm7eTl9pWbjVp","13SolILCZHIKv3UEx1204B@6c48a","14mTWJd7pPnLESU7w52Unb@6c48a","0apSC0+pZIZaatKezfJ4wj","0apb/AarpEiY2x7rm0qLxU","0af4848d8","0bM2wxVaZKkZrd4Cocvh1T@f9941","0erppZwqRLEoCPZrheXdxW@f9941","0e0pR8oFhBLbPJzPs8k+8Q@6c48a","0e0pR8oFhBLbPJzPs8k+8Q@f9941","11U/Zrq6dNd4Rk6e+xUR+M@6c48a","11gnPgI3lMw6eGMOGAofN0@f9941","127vPk5ktKz7DdjKlmMCIn@6c48a","14HglRJqhClq1O5VIya1i8@6c48a","14oPjpibxOAIqixkRjrXYo@6c48a","0bM2wxVaZKkZrd4Cocvh1T","0clrR3hudB1b+GrBaTfA6N","0clrR3hudB1b+GrBaTfA6N@f9941","0cxqLs1uBMvqp4M3mlEa8A","0c1XynWo9EYKcnUeet7epy","0d081f4fb","0dKi/ZdGJDJbbUuPJW9m3a","0dKi/ZdGJDJbbUuPJW9m3a@f9941","0ddbc7ce5","0erppZwqRLEoCPZrheXdxW@6c48a","0ecA2GlwFEO4RfFa8amXuv","0erppZwqRLEoCPZrheXdxW","0ecff9199","0e0pR8oFhBLbPJzPs8k+8Q","0fAVKgN1xJArNpR/H7qnnB","0f73ff845","0fe08c8e9","10R1gBJQ5HAo4NaXPalYnB@f9941","11U/Zrq6dNd4Rk6e+xUR+M","11U/Zrq6dNd4Rk6e+xUR+M@f9941","11gnPgI3lMw6eGMOGAofN0","12eGr+ssBDY5V9PZ6+4Cwo@f9941","127vPk5ktKz7DdjKlmMCIn","13SolILCZHIKv3UEx1204B","14HglRJqhClq1O5VIya1i8","14mTWJd7pPnLESU7w52Unb","14oPjpibxOAIqixkRjrXYo","14fd40b05","15CeQlMtdItbPEJJtLyOFs@6c48a","15CeQlMtdItbPEJJtLyOFs","157fb6461","16JZbOFjVJOKWR/qe+7AA+@6c48a","16JZbOFjVJOKWR/qe+7AA+@f9941","16XQdfrJNJU45kWrC+YCwY@6c48a","17TERcQRpNx4+U0FvRvpFT@6c48a","1afK0OidFDp6XleaqP+8vg@6c48a","1areJji/ZJlbNDK8l248L3@6c48a","1awkTcxSRN6qFfT97xj4ty@6c48a","1a4Plza6VDS7c6x7pRM++K@6c48a","1b+q07NGdNgojkF42XU96Z@6c48a","1ccJjAbRhK+KjEi/ISpROB@6c48a","1eE5gvqJdLCIEkNT36Msao@6c48a","1fFOTYYpVP7IF4tflT9X5e@6c48a","1fgysyrutBfqrkzFRfQn60@6c48a","157fb6461@6c48a","16JZbOFjVJOKWR/qe+7AA+","16XQdfrJNJU45kWrC+YCwY","16qurxtG9G0a6C+oBMKwK8","17254abc0","19GONIvIhMTq1BPltTJXfw","17254abc0@6c48a","17ReWv4XFPJLmA6o05fcXs@f9941","17TERcQRpNx4+U0FvRvpFT","17TERcQRpNx4+U0FvRvpFT@f9941","17df48728","17df48728@6c48a","1851bc931","1851bc931@6c48a","18eirF6cFJm7sLULVqAlaw@f9941","19F0wHfm5E0ZThs8vkwIKb@f9941","19zUsfQMJHn4nHwDhCcNZS","1a66cd058","1a66cd058@6c48a","1afK0OidFDp6XleaqP+8vg","1areJji/ZJlbNDK8l248L3","1awkTcxSRN6qFfT97xj4ty","1a4Plza6VDS7c6x7pRM++K","1a4Plza6VDS7c6x7pRM++K@f9941","1b+q07NGdNgojkF42XU96Z","1b+q07NGdNgojkF42XU96Z@f9941","1ccJjAbRhK+KjEi/ISpROB","1dmC6FVFJJqKv31v85l+0E","1eE5gvqJdLCIEkNT36Msao","1fFOTYYpVP7IF4tflT9X5e","1fgysyrutBfqrkzFRfQn60","1fa728745","1fa728745@6c48a","1f5WeuVz5MjKHYSwec7P9R","1f5WeuVz5MjKHYSwec7P9R@f9941","20g1ukYUVPvKWKBRznAKo+","21Q/nofw1H8LQY29Lrgp75@6c48a","21dJH2W8RBC5avoKo088Pz@6c48a","22raLEnvdFw6Ge8RRrtbrh","23S3YlLBFFvZ81hlS9rd+U@6c48a","236LyTZ95MlZyiKeGnXPE9@6c48a","242glD1TZJBq4BkHQI9w1r","25IVImSydNM4xpFwXUKsha@6c48a","25IVImSydNM4xpFwXUKsha@f9941","26AtJhBxtPu49JUgrlNSbL@6c48a","26LqlkLo5NKJwR0qJpQk5o@6c48a","28HGI5EpRJ4pZv43cpVmNe@6c48a","28NYnWcqxO1bQ7TUsY+aYL@6c48a","2803c7HpZPA4Xsws0SYAMx","289skflW9E25lnPOL+RynG@6c48a","289skflW9E25lnPOL+RynG@f9941","2biOf/Jv9MO48pl+sGyfcN@6c48a","2bwMtvchNPfLtLvynT3zG5@6c48a","2bwMtvchNPfLtLvynT3zG5@f9941","2cEmzlZqdJ8q8wY2MmY4Z0@6c48a","2cEmzlZqdJ8q8wY2MmY4Z0@f9941","2c1LBGfIFKAKcr75fDmIXW@6c48a","2c1LBGfIFKAKcr75fDmIXW@f9941","2deQr6Ew1NKZuziPfPlSQC@6c48a","2em5TJOf5OjaKdL4x0UGiu@6c48a","2eps/3WhJAeJ3oTcDn/1M2@6c48a","2eps/3WhJAeJ3oTcDn/1M2@f9941","30l5VdrTpAgpQ+ab7DTUU2@6c48a","30uJT3IuFLUbod8frs6TXc@6c48a","30uJT3IuFLUbod8frs6TXc@f9941","30vBxoUiJF3L4hRu5hKTkY@6c48a","31xT79X0BGCoOirpzYvhig@6c48a","3196InyJ9NGKbO363YCERG@6c48a","36EvIbscVEs5jEXCb4SpB3","36lo7f8cdIfqkoReMP2oZT","36o3OD8rZK3Zo8wi63baqc@6c48a","36vguuQZZEYrilSjSsAzDP@6c48a","3625bRJMNJGb4aXm+4WbD4@6c48a","366znW749BNJ2V1j6OIT+R@6c48a","37Fcb9xrNOXL5jwo4UfG3K@6c48a","382QdyGgJFMJWRp5tA/BjM","39XsQPQwZASrdtmHaePu8h@6c48a","399MebVqJEYLNezEhqhW9P@6c48a","399MebVqJEYLNezEhqhW9P@f9941","3bsXD2m+tMzbq8MekLT2Rc@6c48a","3fWZGoWD1IKo96ayhH2aqf@6c48a","3f1gGMUytH4I43u1QCeFxX@6c48a","40L/Wd9mVDoKevq/jsciHc@6c48a","403FbvjMdCa5X1fZyiI5Pf@6c48a","41CgIIsHBNS5PvfJVjBFeH@6c48a","44VYIhmklE1Y0DGs56222N@6c48a","44hOhBesJObZ9j9F2Cz+iW@6c48a","46FSuK4RxCD65ULSTi8piA@6c48a","46FSuK4RxCD65ULSTi8piA@f9941","46y1m+pMhOKKUD3xDomq3p@6c48a","47ftbGy95I+rBN1R0IJ6mH@6c48a","48ZGgUWqxJya3hid5sZJMr@6c48a","49DqduPkhMooc0lIBRcr/B@6c48a","4bSzxL93pK9Jt9No/UDmlQ@6c48a","4bW7lw4ZFCHoC7+s+HEv56@6c48a","4bk8zRb9tPc6v/b5/KQzcl@6c48a","4bk8zRb9tPc6v/b5/KQzcl@f9941","4cwqNJDDFOBretdtKuP5r8@6c48a","4dYzW4iHJG66sHvs0rFwzr@6c48a","4dYzW4iHJG66sHvs0rFwzr@f9941","50f53LyEFL2YbeywUuPaJY","519fYRN9VLSpgqHlcMyqpZ@6c48a","519fYRN9VLSpgqHlcMyqpZ@f9941","53AZh3rkFMiITRVtekNtWa@6c48a","53AZh3rkFMiITRVtekNtWa@f9941","53LrlKtIxDtYMbrzrV1M1D@6c48a","54NfxuM7BBI6ZjcbMPJiax@6c48a","55YwNmX5ZHGbO1v8DmGg/H","551W5g4wRIcKnbXXfMVYR+@6c48a","14fd40b05@6c48a","20g1ukYUVPvKWKBRznAKo+@6c48a","20g1ukYUVPvKWKBRznAKo+@f9941","20k+sZT7pPn6hiNk9k8MpN","21Q/nofw1H8LQY29Lrgp75","21dJH2W8RBC5avoKo088Pz","21ssb0hL9ERZURvNjGYcVf@f9941","22JGyy6cFJwb7F59jZCYlV@f9941","23S3YlLBFFvZ81hlS9rd+U","23jfNaCZZKa6tK0S6E3Nyd@f9941","236LyTZ95MlZyiKeGnXPE9","25IVImSydNM4xpFwXUKsha","26AtJhBxtPu49JUgrlNSbL","26LqlkLo5NKJwR0qJpQk5o","26OzPBgUlE6JZsGG73VGqF","276KM7NIBJVIxFkX6655WB@f9941","28HGI5EpRJ4pZv43cpVmNe","28NYnWcqxO1bQ7TUsY+aYL","28mEucbFZMWYGqYkTcKE8G","289skflW9E25lnPOL+RynG","2aQN+W3PpPgKhdSnpCfzZM","2aQN+W3PpPgKhdSnpCfzZM@f9941","2ajtVh68hMbrAW5YEmw2BH","2biOf/Jv9MO48pl+sGyfcN","2bwMtvchNPfLtLvynT3zG5","2cEmzlZqdJ8q8wY2MmY4Z0","2c1LBGfIFKAKcr75fDmIXW","2dMfG/pwhNIY/sHORdQZzn@f9941","2deQr6Ew1NKZuziPfPlSQC","2em5TJOf5OjaKdL4x0UGiu","2eps/3WhJAeJ3oTcDn/1M2","2fQAOb5RZOfqSVQfCEt014@f9941","30ZHIGH4NIJrFnFgittv96@f9941","30l5VdrTpAgpQ+ab7DTUU2","30uJT3IuFLUbod8frs6TXc","30vBxoUiJF3L4hRu5hKTkY","31YypLdP5E7LeDSHHy18MT@f9941","31xT79X0BGCoOirpzYvhig","3196InyJ9NGKbO363YCERG","33IvWai8dC54CqebR8y4Zv@f9941","36VLUEjwBAnbyCfF65YTsk@f9941","36o3OD8rZK3Zo8wi63baqc","36vguuQZZEYrilSjSsAzDP","3625bRJMNJGb4aXm+4WbD4","366znW749BNJ2V1j6OIT+R","37Fcb9xrNOXL5jwo4UfG3K","38MOAlI1xEnIngxkM+VTZB@f9941","39XsQPQwZASrdtmHaePu8h","39XsQPQwZASrdtmHaePu8h@f9941","399MebVqJEYLNezEhqhW9P","3axecfFAZJv6hp1t4H6Hlp","3bsXD2m+tMzbq8MekLT2Rc","3ebZbxe/tJ+LWOi2fB8kta","3fWZGoWD1IKo96ayhH2aqf","3f1gGMUytH4I43u1QCeFxX","40L/Wd9mVDoKevq/jsciHc","40bAfYmtlPjJkV7u1Be5NZ@f9941","403FbvjMdCa5X1fZyiI5Pf","41CgIIsHBNS5PvfJVjBFeH","44VYIhmklE1Y0DGs56222N","44hOhBesJObZ9j9F2Cz+iW","44hOhBesJObZ9j9F2Cz+iW@f9941","45Hn/ZZMFJ9qq8bOw/HD/b@f9941","46FSuK4RxCD65ULSTi8piA","46w9ZMmEBExqmmaDamWVwl","46y1m+pMhOKKUD3xDomq3p","47ftbGy95I+rBN1R0IJ6mH","48GoI70TNJNYih5wqqaaG5@f9941","48ZGgUWqxJya3hid5sZJMr","49DqduPkhMooc0lIBRcr/B","49YsEB6z1LVa+83AnzJsIB@f9941","4bSzxL93pK9Jt9No/UDmlQ","4bW7lw4ZFCHoC7+s+HEv56","4bakJvG1hIO7Pr7ECSbeah@f9941","4bk8zRb9tPc6v/b5/KQzcl","4cwqNJDDFOBretdtKuP5r8","4c2Bdbg6dDvoXlQMjllAZg","4dYzW4iHJG66sHvs0rFwzr","4eE8de1OdJvKoh72LSyWKP@f9941","4etDHthh5CKa3uf2qrIorO","511/86ydFNMaO0znftoJTj","519fYRN9VLSpgqHlcMyqpZ","52YkSTtV5OH6Lc96O7amQz@f9941","53AZh3rkFMiITRVtekNtWa","53LrlKtIxDtYMbrzrV1M1D","54NfxuM7BBI6ZjcbMPJiax","54TknWPwVPqJqeCR+Y/Czo","555mk29tFOiq3NYoIE7eUe@6c48a","55+XQHTXFAB7oFk4PQhU7V@6c48a","55/u1Udd9JuIwrk1ZckEnO@6c48a","56dMljA4ZEvpSSRslx9e8j@6c48a","56dMljA4ZEvpSSRslx9e8j@f9941","56k+WyIGtFY5qiOf5byyio@6c48a","56k+WyIGtFY5qiOf5byyio@f9941","57oJNTUMZGS4xiVGyWEsxK@6c48a","581UFV40hDPLj1f3VjGOfw@6c48a","59zQVAVLdPnqzqlZoNpJ3H@6c48a","595YONjzVAz70aEh/yyaU6","5aOrt0PgNFtKJ0cINy3oVA@6c48a","5aPUsAWVBMko78cqq4KxlU@6c48a","5bn6ZL7oxH7ZevgWwFrtVJ@6c48a","5cmUVpF7FG+YJGLnCJN918@6c48a","5cmUVpF7FG+YJGLnCJN918@f9941","5dFnF/Z+5JmbxqLNrZwHXz@6c48a","5eBAg7QVpK/YUsW7xZV/xn@6c48a","5eUyg3o+5DgL4juDEEkhnn@6c48a","5edxvy6NpNbqUm8afJx2bI","5fRMWBy7BFbaFErr2SrpRM@6c48a","5fYJC3QPpMzZSKRLs3Tt3h","60FELQN+JHNKfb1fiEbhxK@6c48a","605cZXnStFrLfJOvR/vMJa@6c48a","608i1b8+lONI0L+wEyOmxP@6c48a","62+VmTTixG56fa0kjlxPxb@6c48a","639MW1HQRNxpJPgsU1ggxB@6c48a","64AUiPSelOApiFEgU4yy7A@6c48a","65QaWdlQ1NcKO8MSm8K/gz@6c48a","66r+lI5qFFw4q2fXshwP6B","67U+alRz9KVbRPZDr6G6CS@6c48a","67wJ/j/4VG/6Ac/zokWRv1@6c48a","68OVm7Zm1GT7TFdJXfxtSQ@6c48a","68UIQk7CFBH7Je0eOtX3Jt@6c48a","6bovDLKFNGBpitXLkZ3KeY@6c48a","6bovDLKFNGBpitXLkZ3KeY@f9941","6cOhtf3e9BabMzAWPv9wAF@6c48a","6cV6x8ljNGPZJhHuGIbJdc@6c48a","6dnyA5Y2xIN5fhiL5GdyEq@6c48a","6dokelEUtMCoT4LEapEhmP@6c48a","6dtHiilLpKSb6CmeEVFTo4@6c48a","6ef5ajYb9Gm6LZw5hpEhnj@6c48a","70JaIG9mVDz5Upo08iDuuo@6c48a","70Ux5fWXVPjJFAEymkW4Fa@6c48a","70X0716cVOAr1v3avceUNu@6c48a","70X0716cVOAr1v3avceUNu@f9941","71UcRtmCZL2r6PdFS8eJv6@6c48a","72QWYbD/dFwYl/jOv4wPeX@6c48a","72btjFzZ5F5ZNKFOtwUL10@6c48a","72zV1bV5ZF25Dv6ROEg2fS@6c48a","731ek8aFFEQpxV+92HV2os@6c48a","731ek8aFFEQpxV+92HV2os@f9941","74ZbPJhRFKbbd34Wtz1yQT@6c48a","74ZbPJhRFKbbd34Wtz1yQT@f9941","75ARxbKC5JQo2TVgdG2Erf@6c48a","77vTcPqixHFJec2zZXrM+U@6c48a","792Tt92fRE1Zrbfd5QcJdL@6c48a","792Tt92fRE1Zrbfd5QcJdL@f9941","79+t4JrYZG9KXJo0LjL2r4@6c48a","7cF2bcl5ROOqUijAcmsVVI@6c48a","7ca26aOAFPuYLPpoqYbOC5@6c48a","7ca26aOAFPuYLPpoqYbOC5@f9941","81cO8NXq5CUYEzRJFCrOBT","81+j5WQHJA1LKBI6L4VCB+@6c48a","82kvVRkW5BKo3MpfUUPQmB@6c48a","827MFH9RhBA6iVvk2VlWFm@6c48a","86O7jaaEdG5Y6OpPdHm+yw@6c48a","86O7jaaEdG5Y6OpPdHm+yw@f9941","87A4i/XfpMe5C5EvxfW+oR@6c48a","87RqgEYrdM06vDdgYwAC39@6c48a","88iLRIfxpOPLvNcng9frMr@6c48a","8bdNRRpdVNd4Y3HSmAI9GT@6c48a","8bhtUBlpBOcLN7UUpp64vi@6c48a","8bhtUBlpBOcLN7UUpp64vi@f9941","8brLJZxLhIBJdmbhaTe0sz@6c48a","8brLJZxLhIBJdmbhaTe0sz@f9941","8c1pXQxw5Mp7NOjXMdmuOl@6c48a","8fHspF0l5KQr6QscNlRFdY","8ffAFYzsFGp77fqoSIJjYx@6c48a","8f/GBtjLlEwJFi/SeEH+VR@6c48a","92cQuNfWBFB7uaXkba99Qx@6c48a","93HpjL7utOn76rd+Vr2kvc@6c48a","94Jpg4q75HPJbcyTHXLJ3o@6c48a","96vYsQRVJMjo9VmcB6QvK5@6c48a","70uZ9A5S1CTZAw3BRZhpPV@f9941","708zdc301NFJHx5oIeKbOh@f9941","71UcRtmCZL2r6PdFS8eJv6","72QWYbD/dFwYl/jOv4wPeX","72btjFzZ5F5ZNKFOtwUL10","72zV1bV5ZF25Dv6ROEg2fS","73kMfmzdVGC4ZmwI1V2IJD","731ek8aFFEQpxV+92HV2os","74AoObBNVM4ZTM7RX/8Nyx","74ZbPJhRFKbbd34Wtz1yQT","75ARxbKC5JQo2TVgdG2Erf","77vTcPqixHFJec2zZXrM+U","77/R6/2xpL5KR18Ytn3Lbv@f9941","79Wf1lTtJB9q3nEotX2i96@f9941","792Tt92fRE1Zrbfd5QcJdL","79+t4JrYZG9KXJo0LjL2r4","79+t4JrYZG9KXJo0LjL2r4@f9941","7awy3P5FpJp58MgSJwcaTE@f9941","7cF2bcl5ROOqUijAcmsVVI","7ca26aOAFPuYLPpoqYbOC5","7dVqZiix9FcbtWo925nrNz@f9941","7edDCEV61Bpa0mP3uVetBo@f9941","7e57yAwRNDmIYo4Ackt5WO@f9941","81v3sOgWBNUa8upNY2SjIO@f9941","81+j5WQHJA1LKBI6L4VCB+","82kvVRkW5BKo3MpfUUPQmB","827MFH9RhBA6iVvk2VlWFm","84WBUhxepJ24z4ICF3BIWb@f9941","84okVBOj5EjZltaEfudHbe","85WkQMULVCWqCPe8egAdhE@f9941","86O7jaaEdG5Y6OpPdHm+yw","86QfCdtz5B6YW3T5Amj5Ht","86yQVtyvFDO7G5dRBlIy5n@f9941","87A4i/XfpMe5C5EvxfW+oR","87CuXK9z1PiYPr3RVn8xj8@f9941","87RqgEYrdM06vDdgYwAC39","87/zu703BFpJUKhWZaZXj5@f9941","88iLRIfxpOPLvNcng9frMr","88uE9Vk+FLeYIW00DdOjXX@f9941","88yqOKn8ZNB6P0NISR4JYt@f9941","89SOFLccFEF7tm0ZL9GXcE@f9941","89sigCxEFJGY5py8LiLlKK@f9941","8bdNRRpdVNd4Y3HSmAI9GT","8bhtUBlpBOcLN7UUpp64vi","8brLJZxLhIBJdmbhaTe0sz","8bv6zqUbxJca52tHJeLgvP","8c1pXQxw5Mp7NOjXMdmuOl","8eMwUCJj5NqImrLcIkiDJv@f9941","8ffAFYzsFGp77fqoSIJjYx","8f/GBtjLlEwJFi/SeEH+VR","8f/GBtjLlEwJFi/SeEH+VR@f9941","92TV9zMHNBUYnWqxQ8WrUV","92TV9zMHNBUYnWqxQ8WrUV@6c48a","92TV9zMHNBUYnWqxQ8WrUV@f9941","92cQuNfWBFB7uaXkba99Qx","93HpjL7utOn76rd+Vr2kvc","93HpjL7utOn76rd+Vr2kvc@f9941","93Z2SgjadGvJvpYzlN0plF@f9941","94Jpg4q75HPJbcyTHXLJ3o","95EJ59yi5C6pcrs8sfMVNT","95EJ59yi5C6pcrs8sfMVNT@f9941","95EkngnxZFbYuFpsqVTaFr","9dX1uQ5lVAUoX7GsV/q8QO","97mfYyGFtBT50+Sk5zHaDB@6c48a","97mfYyGFtBT50+Sk5zHaDB@f9941","99p+S3uFxE55gx2LwXAQC3@6c48a","9bPHE9P0NOubszHR9IefDI@6c48a","9bPHE9P0NOubszHR9IefDI@f9941","9cPvf/nOlLbYIrfhbeKw0j","9cUWdhTCJDRY3aWquYXakb","9cmHmzFr1Fl7iElZrFTk3o@6c48a","9c0X0PweBMiIsETKECS7r6@6c48a","9dDLq5zMlDbIN9Fdt7F4mu@6c48a","9dVAG2PjdAjpIEuxl825IE@6c48a","9e+W9l+gdBO54+pDE7BsqY@6c48a","9fF7cFZ09M451uTQsDlmci@6c48a","9fN/Yzx19Fn6Xdk61KmgUP","9fr2NAkFFDUKSnQ29bdckd@6c48a","9f4OGFdB5GPaZuWEUPXPcC@6c48a","a0dTx2mjJON7K9C6DIGEa1@6c48a","a1BF5YDC9OGoYX8NkDT2Vd","a1dZs3c69AeLQ7mAgWJC5M@6c48a","a46Sx8TQlFpZkXaUIujCEM@6c48a","a5pAiYq4BLkrRwxwzpwR+r@6c48a","a6TKguLw5P1oZMQ/UWz/e0@6c48a","a6TKguLw5P1oZMQ/UWz/e0@f9941","a6gDnsXz5IFoVWLIDTzMOx@6c48a","a6rRR7QYBMcIyGUMficbp+@6c48a","a6ydjOaV9LsZfLe5ZL9+dU@6c48a","a61xuH+9VGT624O72GQrGv@6c48a","a84/kLd5FGlKCadJOdc3Z/@6c48a","aaFa2MTlVJqK9cGD8Ap948@6c48a","aammVCoXVPn46cVvHDcapc@6c48a","abAE2q2KxAObqMwsZKcgyu@6c48a","acQSTwbg1JBLrATTLRuyMw@6c48a","acqj29asVIiJghIfp4mXeu@6c48a","acqj29asVIiJghIfp4mXeu@f9941","admN8OzWNN/K2p+zUIkI71@6c48a","admN8OzWNN/K2p+zUIkI71@f9941","aeBTp2Id1O1Lr83h95wx2r","aer3ZO8DdAb7JXXfDw0I6Y","afQM45rJNNQI5uBnxxvyTE@6c48a","afTB41qKRBDqxQlIm+aSmL","b0iOVQaXZEtroV3yooXFCZ@6c48a","b0x+FhWoJI5Z7JrQPRQpuZ@6c48a","b027L7UHRAuYNOGZ/20nIj@6c48a","b2DM0iQ7NL4qwi8Mgwea0l","b3mvyWUN1BOIgZYLkprBrL@6c48a","b4dLPMevZAZLMkGj/+A4Fh@6c48a","b4dLPMevZAZLMkGj/+A4Fh@f9941","b4morUcc5ESLtz9Hr+FDtl@6c48a","b4morUcc5ESLtz9Hr+FDtl@f9941","b4+NuCjxpB7r6vig7ozrVd@6c48a","b56kDvc6JPKo5z5wU6vpbO@6c48a","b56kDvc6JPKo5z5wU6vpbO@f9941","b6x/GKh0lE0pEfoB58oKoG@6c48a","b6/zorE5ZAxZu3OMrdtAun@6c48a","b7dCgCTWVHUbT3Y8LX2dRF@6c48a","b7gKXu5E1AR4izTIN5EJ3H@6c48a","b75Ku+WzBFuazP8G7xS2lh@6c48a","b8rQSHyClL+KJ0Enz1UqEg@6c48a","b8sqzMeX1H5YXw9yMfuxQr@6c48a","baI+fO7YxNRrRCRPEih0Cd@6c48a","bdRDzH/z1C2YH9jErjs93R@6c48a","bdRDzH/z1C2YH9jErjs93R@f9941","c1phs3o6ZNMLqs0CsvD3SR@6c48a","c2snLkK61NAIVg9+KoPGfa@6c48a","c2snLkK61NAIVg9+KoPGfa@f9941","c24tTw10lLT6piQVLjh6xr@6c48a","c24tTw10lLT6piQVLjh6xr@f9941","c3FCQMiJtE97eSNYXfD2Ts@6c48a","c7UDaZuQtO9LI+bNa/Ugc4@6c48a","c7UDaZuQtO9LI+bNa/Ugc4@f9941","cbKhyWoJFCrofPwKpkJg6q@6c48a","cbKhyWoJFCrofPwKpkJg6q@f9941","cbz+ATySROqYKvAw+8gtgp@6c48a","ccs+rFBmNITrSz5wNwX4rj@6c48a","cdmmv8m59JHLJX5uQP0MCs@6c48a","cdwbRcY1FKRYupc2AgW8fE@6c48a","cd2U2LMAtCTIMifuewMelz@6c48a","ceriI/OTpJQr//kMFXaq7o@6c48a","ceriI/OTpJQr//kMFXaq7o@f9941","d09rD04D9JgLHgZglgowtN","d1kN2/GoZIfb2nh2F2lEFs@6c48a","d1kN2/GoZIfb2nh2F2lEFs@f9941","d1u1eYFAxA5rWsnHH78Dqj@6c48a","d13t4Y7fpJ7qE9+X7aZUah@6c48a","d16KfpkUBB+qNSehiCkixR@6c48a","d4n3+FXKNOgoZZS6zO/TWC@6c48a","d4n3+FXKNOgoZZS6zO/TWC@f9941","d5PKQHf7xBM4sYxkbFY+YU@6c48a","d5utT6wi9O4qMCb5l5LZcE@6c48a","d6xC6jTlRFFqmsQlO5VqHK@6c48a","d8FHvyGD9N2KdDqID1nawj@6c48a","d8a2LPKeREdYd32SHYloyz@6c48a","d8a2LPKeREdYd32SHYloyz@f9941","d9aFPJ2/RKG4Oemxyh/GaZ@6c48a","dcCdQSiJlH2oXGiIY5JFBB@6c48a","dciTlLFKtOLpjJuLIuPgDD@6c48a","dciTlLFKtOLpjJuLIuPgDD@f9941","dfLi9Y+dJO1J62W7cJuvjM@6c48a","e0F31/jB5K3qfNs96EhIsG@6c48a","e0VFfrSVxBYLn8e1aNhiGw","e3OHEE3vRKxLQFaFaCHtng@6c48a","e6vmWBE6lKLZv9NiS+HejJ@6c48a","e9JfLrMOdF871vuFj7cQeg@6c48a","e9JfLrMOdF871vuFj7cQeg@f9941","e9iCcuKzRE84kCTgluMjUQ@6c48a","eaRp7c6pBH/rMyMGI6I84K@6c48a","ebioGZ0jNGiaSYaSaWRKJ5@6c48a","ebioGZ0jNGiaSYaSaWRKJ5@f9941","edPiPMOtxBCJX1BnwDiiWt@6c48a","edceuY+oRHiav2aCX60K6e@6c48a","ed1EUjTEJJZJTkPj37FALf@6c48a","efGKhnkUhNUo3n7VcXqUar@6c48a","f1SrYHO2dCWK6nQrB+xgbV@6c48a","f1SrYHO2dCWK6nQrB+xgbV@f9941","f2cJneNl5A5Ks8kx1cFpoY@6c48a","f5GuleoDtBYIexuv2lMjhh@6c48a","f5xBqtMxhGQJMSbUGiuSiu@6c48a","f6agKJwodKLLJQlYpZ3oYB@6c48a","f6vP0dfpZJapSZl9HVOWo3","f8zscMEwZC9KkH3j7ycI0h@6c48a","f8zscMEwZC9KkH3j7ycI0h@f9941","fauvAUR0lGMY5Srt5ggXiD@6c48a","fauvAUR0lGMY5Srt5ggXiD@f9941","fa3T25LLFGi5k6anZAcA/b@6c48a","fbOxRLFDFOubI6Ukl8Q1Dq@6c48a","fde8o8VYJGMoL+Iv5BCTot@6c48a","fdkhX5YA9MCIG72TqrO7+h@6c48a","fd+93qO7JBArYQjESjE1dl@6c48a","fd+93qO7JBArYQjESjE1dl@f9941","fes8v0/SRCn7dz8tJTUAMs@6c48a","fe30g6n0RPuJK1KVZdGek0@6c48a","ffZ1SFGaBMoJSK/KuR18tK","54TknWPwVPqJqeCR+Y/Czo@6c48a","54TknWPwVPqJqeCR+Y/Czo@f9941","54jkBfOBRAJq74JigrJDWI","55i+1f4kNH6JFLkFp+7lkK@f9941","551W5g4wRIcKnbXXfMVYR+","555mk29tFOiq3NYoIE7eUe","55+XQHTXFAB7oFk4PQhU7V","55/u1Udd9JuIwrk1ZckEnO","56dMljA4ZEvpSSRslx9e8j","56k+WyIGtFY5qiOf5byyio","56vgMJni1LvJxSqDuzV9LU","57h2ACNCtPJ7cyK/LTYxoN@f9941","57oJNTUMZGS4xiVGyWEsxK","581UFV40hDPLj1f3VjGOfw","59Hoa/4aRKvZRFBukyxNwI","59zQVAVLdPnqzqlZoNpJ3H","5aOrt0PgNFtKJ0cINy3oVA","5aPUsAWVBMko78cqq4KxlU","5azQdM+5ZIrZ3/PHHzMzN4","5a97Y1oIJKnKSE5gMTQhbF","5bW5J5OPRIE5ivWITABLrF@f9941","5bn6ZL7oxH7ZevgWwFrtVJ","5bq3A3VqNIkZUTWCx/EWzN","5clQ7IAIZL1YNhPbCO6QQk","5cmUVpF7FG+YJGLnCJN918","5dFnF/Z+5JmbxqLNrZwHXz","5eBAg7QVpK/YUsW7xZV/xn","5eUyg3o+5DgL4juDEEkhnn","5eUyg3o+5DgL4juDEEkhnn@f9941","5fPl1NYK5IyIcgZ2cAqN59@f9941","5fRMWBy7BFbaFErr2SrpRM","5fk/0zsf5AwLwFniHOAmnK@f9941","5fl+SnxJZE8a4kG2y2J0Tc@f9941","60FELQN+JHNKfb1fiEbhxK","60R87gP0ND/L3rKkABJkFL","605cZXnStFrLfJOvR/vMJa","608i1b8+lONI0L+wEyOmxP","62+VmTTixG56fa0kjlxPxb","63Kd9aRdRPBJre9bJ79GmK","639MW1HQRNxpJPgsU1ggxB","64AQruG/ZIUqQ1N2WPDVMi@f9941","64AUiPSelOApiFEgU4yy7A","65QaWdlQ1NcKO8MSm8K/gz","67U+alRz9KVbRPZDr6G6CS","67wJ/j/4VG/6Ac/zokWRv1","68OVm7Zm1GT7TFdJXfxtSQ","68R0oIXZpARZoZjLJINqwq","68UIQk7CFBH7Je0eOtX3Jt","680AeAigFObqwpIkuHvD7f@f9941","6a1sX95XtPHoyWSZVCGpNI@f9941","6bEZp3ka5F4Z0m+WDhnR4g","6bovDLKFNGBpitXLkZ3KeY","6cOhtf3e9BabMzAWPv9wAF","6cV6x8ljNGPZJhHuGIbJdc","6cXwPTtBVL8417uth1FS4v@f9941","6dSVJOz6pJgJKniPbXXcwW@f9941","6dnyA5Y2xIN5fhiL5GdyEq","6dokelEUtMCoT4LEapEhmP","6dtHiilLpKSb6CmeEVFTo4","6dzxK2cNRPBqX9+fm68uqm@f9941","6ef5ajYb9Gm6LZw5hpEhnj","6eqZA+j6NMxqLQTp0m0rqy","6fBjk75qdPTYaoJ7g2TTt0","70JaIG9mVDz5Upo08iDuuo","70Ux5fWXVPjJFAEymkW4Fa","70X0716cVOAr1v3avceUNu","70oQfjl2xA/LAcKSRUVwW1","95EkngnxZFbYuFpsqVTaFr@6c48a","95EkngnxZFbYuFpsqVTaFr@f9941","9585oCoDNHmL0g6N13+L4J","96Cn0vrYtBYrS5lOgQAXCF","96XnALkBtBJbF8Rcw6bWGw","96vYsQRVJMjo9VmcB6QvK5","96vYsQRVJMjo9VmcB6QvK5@f9941","97mfYyGFtBT50+Sk5zHaDB","99kAvFvkBKh6WRC5pwd9a2@f9941","99p+S3uFxE55gx2LwXAQC3","99p+S3uFxE55gx2LwXAQC3@f9941","9aj/QxhElNRrP9/l00KaVs@f9941","9bPHE9P0NOubszHR9IefDI","9cmHmzFr1Fl7iElZrFTk3o","9cn9KvfKJOFZs4ei4DS1pl","9c0X0PweBMiIsETKECS7r6","9dDLq5zMlDbIN9Fdt7F4mu","9dDLq5zMlDbIN9Fdt7F4mu@f9941","9dVAG2PjdAjpIEuxl825IE","9dl08EB0JIhar6qb9Kdik6@f9941","9d0M/K2ORFxapv09sIm14J@f9941","9eN78uKaRE5KEgtkyHKIMD","9eN78uKaRE5KEgtkyHKIMD@f9941","9e+W9l+gdBO54+pDE7BsqY","9fF7cFZ09M451uTQsDlmci","9fr2NAkFFDUKSnQ29bdckd","9f4OGFdB5GPaZuWEUPXPcC","a0HtrbOiJKUYVnS+OtBqTb@f9941","a0J4oqR5RD06LHxEoITkWc@f9941","a0dTx2mjJON7K9C6DIGEa1","a1dZs3c69AeLQ7mAgWJC5M","a1dZs3c69AeLQ7mAgWJC5M@f9941","a4CrbJILBG07nSuTab12aH","a46Sx8TQlFpZkXaUIujCEM","a5D2wvh7VPt4dMynCQ5pYF@f9941","a5pAiYq4BLkrRwxwzpwR+r","a6TKguLw5P1oZMQ/UWz/e0","a6XjBU0VtNTZI1osmBuDCg@f9941","a6gDnsXz5IFoVWLIDTzMOx","a6rRR7QYBMcIyGUMficbp+","a6ydjOaV9LsZfLe5ZL9+dU","a61xuH+9VGT624O72GQrGv","a7Mto4LnhD9oTBQdE793nx@f9941","a7d+3UDkZLcpORIDK1rICL","a84/kLd5FGlKCadJOdc3Z/","aaFa2MTlVJqK9cGD8Ap948","aammVCoXVPn46cVvHDcapc","aa531/UCJOtZp9ETABJVU5","aa6ofZFURCnbdd/PyDRH8g@f9941","abAE2q2KxAObqMwsZKcgyu","acQSTwbg1JBLrATTLRuyMw","acQl6G2whJE6BKC5KFbDxK@f9941","acqj29asVIiJghIfp4mXeu","admN8OzWNN/K2p+zUIkI71","afOTltV2tGaorlaH6XlvKl","afQM45rJNNQI5uBnxxvyTE","b0XKLfhdxP2JzAt2Up75G6@f9941","b0iOVQaXZEtroV3yooXFCZ","b0nR1lFo1ISLCCi7pEurqp","b0x+FhWoJI5Z7JrQPRQpuZ","b027L7UHRAuYNOGZ/20nIj","b3PWj4Sr1C/5/9oqIemL1e@f9941","b3mvyWUN1BOIgZYLkprBrL","b3v4LcGzFCiKEBH6Q6vvVr","b4VAydhctCjaiKznC4nkyY","b4dLPMevZAZLMkGj/+A4Fh","b4morUcc5ESLtz9Hr+FDtl","b4+NuCjxpB7r6vig7ozrVd","b4+NuCjxpB7r6vig7ozrVd@f9941","b56kDvc6JPKo5z5wU6vpbO","b6x/GKh0lE0pEfoB58oKoG","b6/zorE5ZAxZu3OMrdtAun","b7dCgCTWVHUbT3Y8LX2dRF","b7gKXu5E1AR4izTIN5EJ3H","b75Ku+WzBFuazP8G7xS2lh","b8SRvczZJB9KcF9av/31zV","b8mvHP/UpBkpc318v3KUrd","b8rQSHyClL+KJ0Enz1UqEg","b8sqzMeX1H5YXw9yMfuxQr","b9B4qyhb5LpJaLkcNjBA0+","baI+fO7YxNRrRCRPEih0Cd","bayGOm4E1Hu6+KxsdXkbjK@f9941","ba59mHMF1Np6Z/8UoFi1oi","bdRDzH/z1C2YH9jErjs93R","be1XhXx8dGrppJX1a7itZV","c0EesY8SdKjJD3nET1IqUq@f9941","c1nr9h2LFHH44EdQLH0hgX@f9941","c1phs3o6ZNMLqs0CsvD3SR","c1uxiDQH9HkZPQNuVpIPii@f9941","c2fEDOJu9LCowLVpqwrEkf","c2snLkK61NAIVg9+KoPGfa","c24tTw10lLT6piQVLjh6xr","c26MBY94lLtqcIUWVOOALW","c3FCQMiJtE97eSNYXfD2Ts","c3OT+uu3BCqL5SI3uXscmm","c4F71D9ghN77dCf+3nHR1+","c7UDaZuQtO9LI+bNa/Ugc4","c8P/qYL+tKqLqL5P2/mMxm","caHkHdfwJOO4ngbLtS5+/6@f9941","caZTBckPNGaZfJVsbyi0p0","caoy226O9ER7JP6V7VFvoB","cbKhyWoJFCrofPwKpkJg6q","cbnxtf7JJAcpDHINg6urfF","cbz+ATySROqYKvAw+8gtgp","ccn/hoG/xEA4R18Xc73Jzo","ccs+rFBmNITrSz5wNwX4rj","cdmmv8m59JHLJX5uQP0MCs","cdwbRcY1FKRYupc2AgW8fE","cd2U2LMAtCTIMifuewMelz","ceriI/OTpJQr//kMFXaq7o","cf5g3DrtJHR5ZnsmywrYBb","cf8+sQkZhA1aqZDH6+07Fu","d0VOOp0a1CuYMpmuAJ02Gl","d08OAdxzREzqBuhUv1fOtL","d1bWr2nq5Ey7mpxur+magR","d1b4E90qtIoaeHErDWsgz9","d1kN2/GoZIfb2nh2F2lEFs","d1u1eYFAxA5rWsnHH78Dqj","d13t4Y7fpJ7qE9+X7aZUah","d16KfpkUBB+qNSehiCkixR","d4n3+FXKNOgoZZS6zO/TWC","d5PKQHf7xBM4sYxkbFY+YU","d5eJt/bVFGT79O3lN2hsZ/","d5utT6wi9O4qMCb5l5LZcE","d5utT6wi9O4qMCb5l5LZcE@f9941","d5yDFdMC1KkqlL1PmNkD/Z","d6qNtisM1MUL0TLwXWvkSb","d6xC6jTlRFFqmsQlO5VqHK","d7y6kly61K25FfO9B1ZbWs@f9941","d8FHvyGD9N2KdDqID1nawj","d8a2LPKeREdYd32SHYloyz","d8pQvxQQJAPJ9sb9rnLowU@f9941","d9aFPJ2/RKG4Oemxyh/GaZ","dbhhVEFvpGArXQ+G733DNo@f9941","dcCdQSiJlH2oXGiIY5JFBB","dciTlLFKtOLpjJuLIuPgDD","deNiUE8sRJVJD9ODh7QirK@f9941","dfB7C2nO1ImanwrO+XzesY","dfLi9Y+dJO1J62W7cJuvjM","e0F31/jB5K3qfNs96EhIsG","e2slTFOtpMgLQaA5kPRHcm@f9941","e3OHEE3vRKxLQFaFaCHtng","e350yGmEtMCK0s9LcLxoqH@f9941","e4wIBBvYlDu6gNDX6jAj9v@f9941","e6vmWBE6lKLZv9NiS+HejJ","e6/C0eIfpCT6iVmlachU7q@f9941","e7QGYHb+lNZo95y5orVrs7","e8NMqPCLhP5IKlfUvajB8I","e9JfLrMOdF871vuFj7cQeg","e9iCcuKzRE84kCTgluMjUQ","eaRp7c6pBH/rMyMGI6I84K","eaRp7c6pBH/rMyMGI6I84K@f9941","ebioGZ0jNGiaSYaSaWRKJ5","ebzcpsbU9O7ac4Hjd/yD8D","ecOz0rNopJdqJkhSZ/TQ5D@f9941","ecpBSgdphD/Jx1RiASqEDC","edPiPMOtxBCJX1BnwDiiWt","edXWdVOZpMFqNwtzrK0NEZ@f9941","edceuY+oRHiav2aCX60K6e","edceuY+oRHiav2aCX60K6e@f9941","ed1EUjTEJJZJTkPj37FALf","eeMD3DEfZHR6YYZk/BNbsr","efGKhnkUhNUo3n7VcXqUar","effkMRkI5EaJaFsyS+rp02@f9941","efybyGgbREnLasMosHgpm6@f9941","f0pQAdJPdM96u7fgsdku59@f9941","f1SrYHO2dCWK6nQrB+xgbV","f2cJneNl5A5Ks8kx1cFpoY","f2h852AYRDFoba/WEkBT1A","f2vvpF/VlN3b/93yoJ78S0","f4ztoxrjJNj79BL5+hCsna@f9941","f42eub5lxN3IfupFqq2qGT","f5FbxlrnJIWrDtj/oTafi8","f5GuleoDtBYIexuv2lMjhh","f5xBqtMxhGQJMSbUGiuSiu","f56x5vx7xJyrzXtMXRVacM","f6agKJwodKLLJQlYpZ3oYB","f7/spbczlOKJF7BhFNzNvf@f9941","f8zscMEwZC9KkH3j7ycI0h","f9hKrz21NOoZQ7AvV6bwFY","f92po+PhZAnonVI0ZorDdI@f9941","fauvAUR0lGMY5Srt5ggXiD","fa3T25LLFGi5k6anZAcA/b","fbOxRLFDFOubI6Ukl8Q1Dq","fbOxRLFDFOubI6Ukl8Q1Dq@f9941","fde8o8VYJGMoL+Iv5BCTot","fdkhX5YA9MCIG72TqrO7+h","fd+93qO7JBArYQjESjE1dl","fes8v0/SRCn7dz8tJTUAMs","fe30g6n0RPuJK1KVZdGek0"],"paths":{"0":["texture/ui/pay/payTip_respin/texture",2,1],"1":["texture/ui/pay/payTip_respin/spriteFrame",3,1],"2":["prefabs/prefab_moneyComing_loading",4,1],"3":["texture/ui/pay/bet_info_bg_Tada/texture",2,1],"4":["texture/ui/pay/bet_info_bg_Tada/spriteFrame",3,1],"5":["texture/i18n/text/id/Payboard_Text4/texture",2,1],"6":["texture/i18n/text/pt/Payboard_Text3/texture",2,1],"7":["audio/sound/lucky_wheel",5,1],"8":["audio/sound/spin",5,1],"9":["texture/ui/pay/payTip_respin",1,1],"11":["texture/ui/pay/bet_info_bg_Tada",1,1],"15":["texture/i18n/text/id/Payboard_Text4",1,1],"21":["texture/lucky_wheel/Luckywheel2_smallLight/texture",2,1],"22":["particle/win/p4/p4/texture",2,1],"23":["prefabs/wheel_elements/element_5",4,1],"24":["prefabs/wheel_elements/element_10",4,1],"25":["texture/ui/pay/payboard_L/texture",2,1],"26":["texture/ui/pay/payboard_L/spriteFrame",3,1],"27":["spine/symbol/symbol_00/texture",2,1],"28":["texture/lucky_wheel/Luckywheel_Light_upgrade/texture",2,1],"29":["texture/lucky_wheel/Luckywheel_Light_upgrade/spriteFrame",3,1],"31":["texture/lucky_wheel/Luckywheel2_smallLight",1,1],"32":["particle/win/p4/p4",1,1],"34":["texture/ui/pay/payTip3/texture",2,1],"35":["texture/ui/pay/payTip3/spriteFrame",3,1],"36":["particle/win/p2/p2/texture",2,1],"38":["texture/i18n/text/pt/Payboard_Text3",1,1],"41":["spine/symbol/symbol_5",7,1],"43":["texture/ui/pay/payboard_L",1,1],"45":["texture/ui/pay/payTip3",1,1],"47":["audio/sound/spin_over",5,1],"48":["spine/symbol/symbol_00",1,1],"49":["particle/win/p4/win_p1",6,1],"50":["texture/lucky_wheel/Luckywheel_Light_upgrade",1,1],"52":["spine/respin/end_vfx",7,1],"53":["particle/win/p2/p2",1,1],"56":["texture/i18n/text/id/txt1/texture",2,1],"57":["texture/i18n/text/pt/31051/texture",2,1],"58":["texture/ui/pay/payTip_SuperScatter/texture",2,1],"59":["texture/lucky_wheel/Luckywheel2_upgrade/texture",2,1],"60":["font/num_money",0,1],"61":["texture/i18n/text/th/payboard_num_wheel_2/texture",2,1],"62":["texture/bg/MG_BG_S_D/texture",2,1],"63":["texture/lucky_wheel/LuckywheelNum50/texture",2,1],"64":["cocos_lizi/coin/win_p_front",6,1],"65":["texture/i18n/text/th/betText_100/texture",2,1],"66":["texture/wheel/wheel2_shadow/texture",2,1],"67":["texture/i18n/text/id/txt1",1,1],"68":["texture/i18n/text/pt/31051",1,1],"70":["texture/ui/pay/payTip_SuperScatter/spriteFrame",3,1],"71":["texture/symbol/0/spriteFrame",3,1],"72":["texture/lucky_wheel/LuckywheelNum10/texture",2,1],"73":["texture/lucky_wheel/LuckywheelNum10/spriteFrame",3,1],"74":["cocos_lizi/fly/sybres_eft_str_02/texture",2,1],"75":["texture/lucky_wheel/LuckywheelNum50/spriteFrame",3,1],"76":["texture/bg/Intro_Bg_P/texture",2,1],"77":["texture/i18n/text/en/txt1/texture",2,1],"78":["spine/Gameintro/GameIntro/texture",2,1],"79":["texture/ui/pay/payTip_SuperScatter",1,1],"80":["texture/lucky_wheel/Luckywheel2_upgrade",1,1],"81":["texture/lucky_wheel/Luckywheel2_upgrade/spriteFrame",3,1],"82":["cocos_lizi/p4/win_p1",6,1],"83":["texture/i18n/text/th/payboard_num_wheel_2",1,1],"85":["texture/bg/MG_BG_S_D",1,1],"86":["texture/bg/MG_BG_S_D/spriteFrame",3,1],"88":["texture/symbol/0/texture",2,1],"89":["audio/sound/play",5,1],"90":["texture/symbol/0",1,1],"92":["texture/lucky_wheel/LuckywheelNum10",1,1],"93":["spine/symbol/symbol_5",8,1],"97":["cocos_lizi/fly/sybres_eft_str_02",1,1],"98":["cocos_lizi/fly/sybres_eft_str_02/spriteFrame",3,1],"99":["texture/lucky_wheel/LuckywheelNum50",1,1],"101":["texture/bg/Intro_Bg_P",1,1],"102":["texture/i18n/text/th/betText_100",1,1],"103":["texture/i18n/text/en/txt1",1,1],"104":["texture/wheel/wheel2_shadow",1,1],"105":["spine/Gameintro/GameIntro",1,1],"107":["particle/coin/coin/texture",2,1],"108":["particle/coin/coin",1,1],"110":["texture/i18n/logo/logo_en/texture",2,1],"111":["texture/i18n/logo/logo_en/spriteFrame",3,1],"112":["texture/i18n/text/pt/38051/texture",2,1],"113":["cocos_lizi/贴图/sybres_eft_exp_04/texture",2,1],"114":["texture/i18n/text/vn/payboard_num_wheel_3/texture",2,1],"115":["texture/i18n/text/id/Payboard_Text3/texture",2,1],"116":["spine/symbol/symbol_10x/texture",2,1],"117":["texture/bg/BG_Bottom/texture",2,1],"118":["cocos_lizi/p5/p5/texture",2,1],"119":["spine/bigwin/point/texture",2,1],"120":["texture/i18n/text/pt/35051/texture",2,1],"121":["texture/i18n/text/id/31051/texture",2,1],"122":["texture/wheel/wheel_decoration_L/texture",2,1],"124":["texture/i18n/logo/logo_en",1,1],"125":["texture/i18n/text/pt/38051",1,1],"126":["spine/payboard_Light/payboard_Light",7,1],"131":["cocos_lizi/贴图/sybres_eft_exp_04",1,1],"132":["cocos_lizi/贴图/sybres_eft_exp_04/spriteFrame",3,1],"139":["spine/respin/end_vfx",8,1],"142":["texture/i18n/text/vn/payboard_num_wheel_3",1,1],"143":["texture/i18n/text/id/Payboard_Text3",1,1],"144":["spine/symbol/symbol_10x",1,1],"145":["texture/bg/BG_Bottom",1,1],"146":["texture/bg/BG_Bottom/spriteFrame",3,1],"147":["cocos_lizi/p5/p5",1,1],"148":["cocos_lizi/p5/p5/spriteFrame",3,1],"149":["spine/bigwin/point",1,1],"150":["audio/sound/all_respin_scatter",5,1],"151":["texture/i18n/text/pt/35051",1,1],"152":["texture/i18n/text/id/31051",1,1],"153":["texture/wheel/wheel_decoration_L",1,1],"159":["texture/i18n/text/en/Luckyweel_text/texture",2,1],"160":["texture/i18n/logo/logo_pt/texture",2,1],"161":["cocos_lizi/p1/intro_p1",6,1],"162":["texture/i18n/text/es/payboard_num_wheel_3/texture",2,1],"163":["texture/wheel/wheel_base/texture",2,1],"164":["prefabs/wheels_container",4,1],"165":["texture/i18n/text/en/Payboard_Text4/texture",2,1],"166":["texture/i18n/text/en/Payboard_Text4/spriteFrame",3,1],"167":["texture/i18n/text/vn/payboard_num_wheel_1/texture",2,1],"168":["spine/bigwin/win_front/texture",2,1],"169":["texture/i18n/text/pt/betText_100/texture",2,1],"170":["texture/i18n/text/th/betText_10/texture",2,1],"171":["prefabs/wheel_elements/wheel",4,1],"172":["texture/symbol/5/texture",2,1],"173":["texture/symbol/5/spriteFrame",3,1],"174":["texture/wheel/wheel2/texture",2,1],"175":["texture/ui/pay/payTip2/texture",2,1],"176":["texture/ui/pay/payTip2/spriteFrame",3,1],"177":["texture/ui/pay/betText_arrow/texture",2,1],"178":["texture/ui/pay/betText_arrow/spriteFrame",3,1],"179":["texture/symbol/X2/texture",2,1],"180":["texture/symbol/X2/spriteFrame",3,1],"181":["texture/i18n/text/en/betText_100/texture",2,1],"182":["particle/textures/sybres_eft_exp_04/texture",2,1],"183":["texture/symbol/1/texture",2,1],"184":["texture/symbol/1/spriteFrame",3,1],"185":["texture/ui/features/left/texture",2,1],"186":["texture/ui/controls/bet_disable/texture",2,1],"187":["texture/ui/controls/bet_disable/spriteFrame",3,1],"188":["texture/i18n/text/vn/txt1/texture",2,1],"189":["texture/i18n/text/vn/38051/texture",2,1],"190":["texture/ui/pay/Payboard_bottom/texture",2,1],"191":["prefabs/betSelection/optionFeature",4,1],"192":["spine/lock/wheel_lock",8,1],"193":["texture/i18n/text/pt/payboard_num_wheel_3/texture",2,1],"194":["texture/i18n/text/pt/txt2/texture",2,1],"195":["texture/i18n/text/en/33051/texture",2,1],"196":["texture/i18n/text/th/33051/texture",2,1],"197":["texture/i18n/text/es/betText_100/texture",2,1],"198":["prefabs/wheel_elements/wheel_feature",4,1],"199":["cocos_lizi/贴图/sybres_eft_str_02/texture",2,1],"200":["texture/wheel/wheel_Frame/texture",2,1],"201":["texture/wheel/wheel_Frame/spriteFrame",3,1],"202":["texture/i18n/text/es/txt1/texture",2,1],"203":["texture/i18n/text/id/payboard_num_wheel_3/texture",2,1],"204":["texture/i18n/text/vn/payboard_num_wheel_2/texture",2,1],"205":["texture/i18n/text/pt/Payboard_Text2/texture",2,1],"206":["texture/i18n/text/th/31051/texture",2,1],"207":["texture/i18n/text/id/33051/texture",2,1],"208":["particle/textures/sybres_eft_str_02/texture",2,1],"209":["cocos_lizi/p4/p4/texture",2,1],"210":["texture/bg/MG_BG_L_TD/texture",2,1],"211":["texture/bg/MG_BG_L_TD/spriteFrame",3,1],"212":["texture/wheel/wheel1/texture",2,1],"213":["texture/i18n/text/en/31051/texture",2,1],"214":["texture/i18n/text/en/payboard_num_wheel_1/texture",2,1],"215":["texture/lucky_wheel/Luckywheel_shadow/texture",2,1],"216":["texture/i18n/logo/logo_es/texture",2,1],"217":["texture/i18n/text/es/payboard_num_wheel_1/texture",2,1],"218":["texture/bg/enter/texture",2,1],"219":["texture/bg/enter/spriteFrame",3,1],"220":["texture/i18n/text/id/Luckyweel_text/texture",2,1],"221":["texture/lucky_wheel/LuckywheelNum5/texture",2,1],"222":["texture/lucky_wheel/LuckywheelNum5/spriteFrame",3,1],"223":["prefabs/lucky_wheel",4,1],"224":["texture/wheel/wheel/texture",2,1],"225":["texture/wheel/wheel/spriteFrame",3,1],"226":["texture/ui/pay/plus/texture",2,1],"227":["texture/ui/pay/plus/spriteFrame",3,1],"228":["spine/wheel/wheel_vfx02/texture",2,1],"229":["texture/i18n/text/vn/32051/texture",2,1],"230":["spine/Gameintro/GameIntro",8,1],"231":["texture/i18n/text/th/txt1/texture",2,1],"235":["particle/win/p5/trail_end_p",6,1],"236":["texture/i18n/text/en/Luckyweel_text",1,1],"237":["texture/i18n/logo/logo_pt",1,1],"240":["texture/i18n/text/es/payboard_num_wheel_3",1,1],"242":["texture/wheel/wheel_base",1,1],"243":["texture/i18n/text/en/Payboard_Text4",1,1],"244":["texture/i18n/text/vn/payboard_num_wheel_1",1,1],"245":["spine/bigwin/win_front",1,1],"246":["particle/win/p5/teail04_02",6,1],"248":["texture/i18n/text/pt/betText_100",1,1],"249":["texture/i18n/text/th/betText_10",1,1],"250":["prefabs/wheel_elements/feature_all_respin",4,1],"251":["texture/symbol/5",1,1],"254":["spine/symbol/symbol_10x",7,1],"255":["texture/wheel/wheel2",1,1],"256":["texture/ui/pay/payTip2",1,1],"257":["texture/ui/pay/betText_arrow",1,1],"258":["texture/symbol/X2",1,1],"260":["texture/i18n/text/en/betText_100",1,1],"261":["particle/textures/sybres_eft_exp_04",1,1],"262":["texture/symbol/1",1,1],"265":["texture/ui/features/left",1,1],"266":["texture/ui/controls/bet_disable",1,1],"267":["texture/i18n/text/vn/txt1",1,1],"269":["texture/i18n/text/vn/38051",1,1],"270":["texture/ui/pay/Payboard_bottom",1,1],"273":["texture/i18n/text/pt/payboard_num_wheel_3",1,1],"274":["texture/i18n/text/pt/txt2",1,1],"275":["texture/i18n/text/en/33051",1,1],"276":["texture/i18n/text/th/33051",1,1],"277":["texture/i18n/text/es/betText_100",1,1],"279":["cocos_lizi/贴图/sybres_eft_str_02",1,1],"280":["cocos_lizi/贴图/sybres_eft_str_02/spriteFrame",3,1],"281":["texture/wheel/wheel_Frame",1,1],"282":["particle/win/p1/wheel_p",6,1],"283":["texture/i18n/text/es/txt1",1,1],"284":["audio/sound/feature",5,1],"285":["texture/i18n/text/id/payboard_num_wheel_3",1,1],"286":["texture/i18n/text/vn/payboard_num_wheel_2",1,1],"287":["texture/i18n/text/pt/Payboard_Text2",1,1],"289":["texture/i18n/text/th/31051",1,1],"290":["texture/i18n/text/id/33051",1,1],"291":["particle/textures/sybres_eft_str_02",1,1],"292":["cocos_lizi/p4/p4",1,1],"293":["cocos_lizi/p4/p4/spriteFrame",3,1],"295":["texture/bg/MG_BG_L_TD",1,1],"296":["spine/symbol/symbol_all",8,1],"297":["texture/wheel/wheel1",1,1],"298":["texture/i18n/text/en/31051",1,1],"300":["texture/i18n/text/en/payboard_num_wheel_1",1,1],"301":["texture/lucky_wheel/Luckywheel_shadow",1,1],"303":["texture/i18n/logo/logo_es",1,1],"304":["texture/i18n/text/es/payboard_num_wheel_1",1,1],"306":["texture/bg/enter",1,1],"307":["texture/i18n/text/id/Luckyweel_text",1,1],"308":["spine/intro/intro",8,1],"309":["texture/lucky_wheel/LuckywheelNum5",1,1],"311":["spine/lock/unlock",8,1],"312":["spine/symbol/symbol_scatter_red",8,1],"313":["texture/wheel/wheel",1,1],"315":["texture/ui/pay/plus",1,1],"316":["spine/wheel/wheel_vfx02",1,1],"317":["texture/i18n/text/vn/32051",1,1],"319":["texture/i18n/text/id/payboard_num_wheel_2/texture",2,1],"320":["texture/bg/MGBG_S/texture",2,1],"321":["spine/lock/wheel_lock/texture",2,1],"322":["texture/symbol/X5/texture",2,1],"323":["texture/symbol/X5/spriteFrame",3,1],"324":["texture/ui/controls/auto_disable/texture",2,1],"325":["texture/ui/controls/auto_disable/spriteFrame",3,1],"326":["texture/i18n/text/th/34051/texture",2,1],"327":["texture/i18n/text/pt/32051/texture",2,1],"328":["texture/i18n/text/vn/Luckyweel_text/texture",2,1],"329":["prefabs/board",4,1],"330":["texture/i18n/text/en/payboard_num_wheel_2/texture",2,1],"331":["texture/i18n/text/th/Payboard_Text4/texture",2,1],"332":["texture/i18n/text/id/Payboard_Text2/texture",2,1],"333":["texture/lucky_wheel/Luckywheel1/texture",2,1],"334":["texture/lucky_wheel/Luckywheel1/spriteFrame",3,1],"335":["texture/i18n/text/th/txt2/texture",2,1],"336":["spine/symbol/symbol_5/texture",2,1],"337":["cocos_lizi/p2/p2/texture",2,1],"338":["prefabs/lizi/coin",4,1],"339":["texture/i18n/text/th/38051/texture",2,1],"340":["prefabs/wheel_elements/element_1",4,1],"341":["texture/lucky_wheel/Luckywheel_shadow2/texture",2,1],"342":["texture/i18n/text/vn/34051/texture",2,1],"343":["spine/symbol/symbol_scatter_red/texture",2,1],"344":["texture/i18n/text/es/txt2/texture",2,1],"345":["texture/i18n/text/id/betText_1/texture",2,1],"346":["spine/paytip/paytip/texture",2,1],"347":["spine/symbol/symbol_scatter/texture",2,1],"348":["prefabs/betSelection/betOption",4,1],"349":["texture/wheel/wheelshadow/texture",2,1],"350":["texture/wheel/wheel4/texture",2,1],"351":["texture/lucky_wheel/luckywheelshadow/texture",2,1],"352":["texture/i18n/text/id/payboard_num_wheel_1/texture",2,1],"353":["texture/lucky_wheel/Luckywheel3/texture",2,1],"354":["texture/lucky_wheel/Luckywheel3/spriteFrame",3,1],"355":["texture/i18n/text/en/34051/texture",2,1],"356":["texture/ui/features/right/texture",2,1],"357":["texture/i18n/text/pt/34051/texture",2,1],"358":["texture/i18n/text/id/Payboard_Text1/texture",2,1],"359":["texture/i18n/text/vn/Payboard_Text3/texture",2,1],"360":["texture/i18n/text/id/38051/texture",2,1],"361":["spine/lock/unlock/texture",2,1],"362":["texture/wheel/wheelFrame_S/texture",2,1],"363":["texture/lucky_wheel/LuckywheelNum100/texture",2,1],"364":["texture/lucky_wheel/LuckywheelNum100/spriteFrame",3,1],"365":["texture/i18n/text/vn/31051/texture",2,1],"366":["texture/i18n/text/vn/33051/texture",2,1],"367":["spine/symbol/symbol_10/texture",2,1],"368":["texture/i18n/text/id/32051/texture",2,1],"369":["texture/symbol/scatter_100/texture",2,1],"370":["texture/symbol/scatter_100/spriteFrame",3,1],"371":["texture/lucky_wheel/Luckywheel_Arrow_upgrade/texture",2,1],"372":["texture/lucky_wheel/Luckywheel_Arrow_upgrade/spriteFrame",3,1],"373":["texture/i18n/text/es/betText_10/texture",2,1],"374":["texture/wheel/wheel3_shadow/texture",2,1],"375":["texture/symbol/X10/texture",2,1],"376":["texture/symbol/X10/spriteFrame",3,1],"377":["texture/lucky_wheel/Luckywheel_Lock/texture",2,1],"378":["texture/i18n/text/th/betText_1/texture",2,1],"379":["texture/i18n/text/en/Payboard_Text1/texture",2,1],"380":["texture/i18n/text/en/Payboard_Text1/spriteFrame",3,1],"381":["spine/bigwin/win_back",8,1],"382":["texture/i18n/text/id/34051/texture",2,1],"383":["texture/i18n/text/pt/payboard_num_wheel_1/texture",2,1],"384":["texture/i18n/text/es/Payboard_Text4/texture",2,1],"385":["font/payboard_num_win/texture",2,1],"386":["font/payboard_num_win/spriteFrame",3,1],"387":["texture/i18n/text/th/Payboard_Text2/texture",2,1],"388":["spine/wheel/wheel_vfx01/texture",2,1],"389":["texture/bg/MG_BG_Bottom/texture",2,1],"390":["texture/bg/MG_BG_L_L/texture",2,1],"391":["texture/ui/controls/bet/texture",2,1],"392":["texture/ui/controls/bet/spriteFrame",3,1],"393":["texture/ui/controls/normal/texture",2,1],"394":["texture/ui/controls/normal/spriteFrame",3,1],"395":["texture/i18n/text/en/35051/texture",2,1],"396":["font/payboard_num_win",0,1],"397":["spine/symbol/symbol_1/texture",2,1],"398":["cocos_lizi/p3/p3/texture",2,1],"399":["texture/i18n/text/id/betText_10/texture",2,1],"400":["texture/bg/loading/texture",2,1],"401":["texture/i18n/logo/logo_vn/texture",2,1],"402":["texture/ui/controls/super_turbo/texture",2,1],"405":["texture/i18n/text/vn/31051",1,1],"406":["texture/i18n/text/vn/33051",1,1],"407":["spine/symbol/symbol_10",1,1],"408":["texture/i18n/text/id/32051",1,1],"409":["spine/symbol/symbol_1",8,1],"410":["texture/symbol/scatter_100",1,1],"411":["spine/symbol/symbol_0",7,1],"412":["texture/lucky_wheel/Luckywheel_Arrow_upgrade",1,1],"413":["texture/i18n/text/es/betText_10",1,1],"414":["texture/wheel/wheel3_shadow",1,1],"417":["texture/symbol/X10",1,1],"418":["texture/lucky_wheel/Luckywheel_Lock",1,1],"419":["texture/lucky_wheel/Luckywheel_Lock/spriteFrame",3,1],"421":["texture/i18n/text/th/betText_1",1,1],"422":["texture/i18n/text/en/Payboard_Text1",1,1],"427":["texture/i18n/text/id/34051",1,1],"428":["texture/i18n/text/pt/payboard_num_wheel_1",1,1],"429":["texture/i18n/text/es/Payboard_Text4",1,1],"431":["particle/win/p3/noise_p",6,1],"433":["font/payboard_num_win",1,1],"434":["prefabs/wheel_elements/feature_x2",4,1],"436":["texture/i18n/text/th/Payboard_Text2",1,1],"438":["spine/wheel/wheel_vfx01",1,1],"440":["texture/bg/MG_BG_Bottom",1,1],"445":["texture/bg/MG_BG_L_L",1,1],"446":["texture/ui/controls/bet",1,1],"447":["texture/ui/controls/normal",1,1],"448":["spine/respin/respin_vfx",7,1],"449":["texture/i18n/text/en/35051",1,1],"451":["spine/symbol/symbol_1",1,1],"452":["cocos_lizi/p3/p3",1,1],"453":["cocos_lizi/p3/p3/spriteFrame",3,1],"457":["texture/i18n/text/id/betText_10",1,1],"458":["texture/bg/loading",1,1],"459":["texture/bg/loading/spriteFrame",3,1],"461":["texture/i18n/logo/logo_vn",1,1],"466":["texture/lucky_wheel/Luckywheel2/texture",2,1],"467":["texture/lucky_wheel/Luckywheel2/spriteFrame",3,1],"468":["texture/ui/pay/betText_base1/texture",2,1],"469":["texture/lucky_wheel/Luckywheel1_upgrade/texture",2,1],"470":["texture/lucky_wheel/Luckywheel1_upgrade/spriteFrame",3,1],"471":["spine/wheel/wheel_vfx02",8,1],"472":["prefabs/betSelection/betSelection",4,1],"473":["texture/i18n/text/es/Luckyweel_text/texture",2,1],"474":["spine/intro/intro/texture",2,1],"475":["texture/lucky_wheel/Luckywheel4/texture",2,1],"476":["texture/i18n/text/es/Payboard_Text2/texture",2,1],"477":["texture/i18n/text/th/payboard_num_wheel_1/texture",2,1],"478":["particle/win/p3/p3/texture",2,1],"479":["prefabs/settingSelection/settingSelection",4,1],"480":["spine/symbol/symbol_2x/texture",2,1],"481":["spine/bigwin/win_back/texture",2,1],"482":["spine/expect/expect/texture",2,1],"483":["prefabs/wheel_elements/element_00",4,1],"484":["texture/ui/controls/turbo/texture",2,1],"485":["particle/win/p5/p5/texture",2,1],"486":["spine/symbol/symbol_5x/texture",2,1],"487":["texture/lucky_wheel/Luckywheelcenter/texture",2,1],"488":["texture/lucky_wheel/Luckywheelcenter/spriteFrame",3,1],"489":["texture/i18n/text/th/35051/texture",2,1],"490":["texture/i18n/text/en/betText_10/texture",2,1],"491":["texture/i18n/text/pt/Payboard_Text4/texture",2,1],"492":["texture/i18n/text/id/35051/texture",2,1],"493":["texture/bg/MG_BG_L_R/texture",2,1],"494":["texture/i18n/text/th/32051/texture",2,1],"495":["texture/i18n/text/th/Luckyweel_text/texture",2,1],"496":["spine/respin/end_vfx/texture",2,1],"497":["texture/wheel/wheel_decoration/texture",2,1],"498":["texture/ui/controls/setting/texture",2,1],"499":["texture/ui/controls/setting/spriteFrame",3,1],"500":["texture/ui/controls/spin_disable/texture",2,1],"501":["texture/ui/controls/spin_disable/spriteFrame",3,1],"502":["prefabs/wheel_elements/element_0",4,1],"503":["cocos_lizi/coin/win_p_back",6,1],"504":["texture/i18n/text/vn/Payboard_Text4/texture",2,1],"505":["prefabs/MoneyComingView",4,1],"506":["texture/i18n/text/es/Payboard_Text1/texture",2,1],"507":["texture/i18n/text/en/38051/texture",2,1],"508":["spine/lv_up/lv_up/texture",2,1],"509":["spine/wheel/wheel_vfx01",8,1],"510":["texture/i18n/text/pt/txt1/texture",2,1],"511":["texture/i18n/text/en/Payboard_Text2/texture",2,1],"512":["texture/i18n/text/en/Payboard_Text2/spriteFrame",3,1],"513":["font/num_money/texture",2,1],"514":["font/num_money/spriteFrame",3,1],"515":["texture/ui/pay/payTip/texture",2,1],"516":["texture/bg/MGBG/texture",2,1],"517":["texture/bg/MGBG/spriteFrame",3,1],"518":["texture/i18n/text/vn/txt2/texture",2,1],"519":["texture/i18n/text/vn/Payboard_Text2/texture",2,1],"520":["texture/i18n/text/pt/payboard_num_wheel_2/texture",2,1],"521":["texture/ui/pay/payboard_S/texture",2,1],"522":["texture/i18n/text/vn/betText_1/texture",2,1],"523":["texture/i18n/text/th/payboard_num_wheel_3/texture",2,1],"524":["texture/wheel/wheel4_shadow/texture",2,1],"525":["texture/ui/pay/betText_base2/texture",2,1],"526":["texture/ui/pay/payTip4/texture",2,1],"527":["texture/ui/pay/payTip4/spriteFrame",3,1],"528":["texture/i18n/text/vn/betText_100/texture",2,1],"529":["texture/symbol/all_respin/texture",2,1],"530":["texture/symbol/all_respin/spriteFrame",3,1],"531":["cocos_lizi/p1/p1/texture",2,1],"532":["cocos_lizi/p1/p1/spriteFrame",3,1],"533":["texture/i18n/text/es/Payboard_Text3/texture",2,1],"534":["texture/symbol/00/texture",2,1],"535":["texture/symbol/00/spriteFrame",3,1],"536":["texture/ui/pay/payTip1/texture",2,1],"537":["texture/ui/pay/payTip1/spriteFrame",3,1],"538":["texture/i18n/text/vn/betText_10/texture",2,1],"539":["texture/i18n/text/th/Payboard_Text1/texture",2,1],"540":["texture/i18n/text/pt/betText_1/texture",2,1],"541":["texture/bg/MG_BG_S_LR/texture",2,1],"542":["spine/symbol/symbol_0/texture",2,1],"543":["cocos_lizi/coin/coin/texture",2,1],"544":["cocos_lizi/coin/coin/spriteFrame",3,1],"545":["prefabs/fly",4,1],"546":["texture/symbol/10/texture",2,1],"547":["texture/symbol/10/spriteFrame",3,1],"548":["texture/lucky_wheel/Wheelshadow/texture",2,1],"549":["spine/payboard_Light/payboard_Light/texture",2,1],"550":["texture/i18n/text/id/betText_100/texture",2,1],"551":["texture/i18n/text/en/Payboard_Text3/texture",2,1],"552":["texture/i18n/text/en/Payboard_Text3/spriteFrame",3,1],"553":["texture/i18n/text/th/Payboard_Text3/texture",2,1],"554":["texture/bg/MG_BG_S_T/texture",2,1],"555":["texture/i18n/text/en/payboard_num_wheel_3/texture",2,1],"556":["texture/i18n/text/es/betText_1/texture",2,1],"557":["texture/lucky_wheel/Luckywheel_Light/texture",2,1],"558":["texture/lucky_wheel/Luckywheel_Light/spriteFrame",3,1],"559":["texture/i18n/text/en/32051/texture",2,1],"560":["spine/symbol/symbol_all/texture",2,1],"561":["texture/ui/pay/payTip_scatter/texture",2,1],"562":["texture/ui/pay/payTip_scatter/spriteFrame",3,1],"563":["texture/i18n/text/en/txt2/texture",2,1],"564":["texture/i18n/text/vn/Payboard_Text1/texture",2,1],"565":["spine/bigwin/point",8,1],"566":["texture/i18n/text/id/txt2/texture",2,1],"567":["particle/win/p1/p1/texture",2,1],"568":["texture/lucky_wheel/Luckywheel_Arrow/texture",2,1],"569":["texture/lucky_wheel/Luckywheel_Arrow/spriteFrame",3,1],"570":["texture/i18n/text/pt/betText_10/texture",2,1],"571":["texture/lucky_wheel/Wheelboard/texture",2,1],"572":["texture/ui/controls/spin/texture",2,1],"573":["texture/ui/controls/spin/spriteFrame",3,1],"574":["spine/respin/respin_vfx/texture",2,1],"575":["cocos_lizi/fly/sybres_eft_exp_04/texture",2,1],"576":["texture/i18n/text/en/betText_1/texture",2,1],"577":["texture/i18n/text/pt/Payboard_Text1/texture",2,1],"578":["texture/lucky_wheel/Luckywheel3_upgrade/texture",2,1],"579":["texture/lucky_wheel/Luckywheel3_upgrade/spriteFrame",3,1],"580":["texture/i18n/text/pt/33051/texture",2,1],"581":["texture/i18n/text/es/payboard_num_wheel_2/texture",2,1],"582":["texture/lucky_wheel/Luckywheel2_SHA/texture",2,1],"583":["spine/static_vfx/static_vfx/texture",2,1],"584":["spine/static_vfx/static_vfx",8,1],"585":["texture/symbol/scatter/texture",2,1],"586":["texture/symbol/scatter/spriteFrame",3,1],"587":["texture/ui/controls/auto/texture",2,1],"588":["texture/ui/controls/auto/spriteFrame",3,1],"589":["texture/i18n/text/pt/Luckyweel_text/texture",2,1],"590":["texture/bg/Intro_Bg_L/texture",2,1],"591":["texture/i18n/logo/logo_th/texture",2,1],"592":["texture/wheel/wheel3/texture",2,1],"593":["texture/ui/pay/Payboard_TextFrame/texture",2,1],"594":["texture/ui/pay/Payboard_TextFrame/spriteFrame",3,1],"595":["texture/i18n/text/vn/35051/texture",2,1],"596":["texture/i18n/logo/logo_id/texture",2,1],"597":["spine/bigwin/win_front",8,1],"600":["spine/static_vfx/static_vfx",7,1],"602":["texture/i18n/text/th/txt1",1,1],"603":["texture/i18n/text/id/payboard_num_wheel_2",1,1],"604":["texture/bg/MGBG_S",1,1],"605":["spine/lock/wheel_lock",1,1],"606":["texture/symbol/X5",1,1],"607":["texture/ui/controls/auto_disable",1,1],"608":["prefabs/wheel_elements/feature_x5",4,1],"610":["texture/i18n/text/th/34051",1,1],"611":["texture/i18n/text/pt/32051",1,1],"612":["audio/sound/scatter_over",5,1],"613":["texture/i18n/text/vn/Luckyweel_text",1,1],"614":["texture/i18n/text/en/payboard_num_wheel_2",1,1],"615":["texture/i18n/text/th/Payboard_Text4",1,1],"616":["prefabs/wheel_elements/feature_scatte_50",4,1],"617":["particle/win/p5/trail",6,1],"619":["texture/i18n/text/id/Payboard_Text2",1,1],"620":["spine/symbol/symbol_5x",7,1],"621":["spine/payboard_Light/payboard_Light",8,1],"622":["texture/lucky_wheel/Luckywheel1",1,1],"623":["texture/i18n/text/th/txt2",1,1],"624":["spine/symbol/symbol_5",1,1],"625":["cocos_lizi/p2/p2",1,1],"626":["cocos_lizi/p2/p2/spriteFrame",3,1],"628":["texture/i18n/text/th/38051",1,1],"631":["texture/lucky_wheel/Luckywheel_shadow2",1,1],"632":["spine/symbol/symbol_00",7,1],"633":["texture/i18n/text/vn/34051",1,1],"634":["spine/symbol/symbol_scatter_red",1,1],"635":["texture/i18n/text/es/txt2",1,1],"636":["spine/symbol/symbol_10",8,1],"637":["texture/i18n/text/id/betText_1",1,1],"639":["spine/paytip/paytip",1,1],"640":["spine/symbol/symbol_scatter",1,1],"641":["texture/wheel/wheelshadow",1,1],"642":["texture/wheel/wheel4",1,1],"643":["texture/lucky_wheel/luckywheelshadow",1,1],"644":["spine/bigwin/point",7,1],"645":["texture/i18n/text/id/payboard_num_wheel_1",1,1],"648":["particle/coin/win_p_front",6,1],"649":["texture/lucky_wheel/Luckywheel3",1,1],"650":["texture/i18n/text/en/34051",1,1],"651":["texture/ui/features/right",1,1],"654":["texture/i18n/text/pt/34051",1,1],"655":["texture/i18n/text/id/Payboard_Text1",1,1],"656":["texture/i18n/text/vn/Payboard_Text3",1,1],"658":["texture/i18n/text/id/38051",1,1],"659":["particle/coin/win_p_back",6,1],"660":["cocos_lizi/p5/trail",6,1],"661":["spine/lock/unlock",1,1],"662":["texture/wheel/wheelFrame_S",1,1],"663":["texture/lucky_wheel/LuckywheelNum100",1,1],"664":["spine/wheel/wheel_vfx02",7,1],"667":["audio/music/bg",5,1],"668":["particle/win/p2/intro_p2",6,1],"669":["audio/sound/big_win",5,1],"670":["texture/ui/controls/super_turbo",1,1],"671":["texture/ui/controls/super_turbo/spriteFrame",3,1],"672":["texture/lucky_wheel/Luckywheel2",1,1],"674":["texture/ui/pay/betText_base1",1,1],"675":["texture/ui/pay/betText_base1/spriteFrame",3,1],"677":["texture/lucky_wheel/Luckywheel1_upgrade",1,1],"678":["texture/i18n/text/es/Luckyweel_text",1,1],"679":["spine/symbol/symbol_scatter",7,1],"680":["spine/intro/intro",1,1],"681":["texture/lucky_wheel/Luckywheel4",1,1],"682":["texture/lucky_wheel/Luckywheel4/spriteFrame",3,1],"683":["texture/i18n/text/es/Payboard_Text2",1,1],"688":["texture/i18n/text/th/payboard_num_wheel_1",1,1],"689":["particle/win/p3/p3",1,1],"690":["spine/symbol/symbol_2x",1,1],"691":["spine/bigwin/win_back",1,1],"694":["spine/expect/expect",1,1],"695":["texture/ui/controls/turbo",1,1],"696":["texture/ui/controls/turbo/spriteFrame",3,1],"697":["particle/win/p5/teail04_01",6,1],"698":["particle/win/p5/p5",1,1],"700":["spine/symbol/symbol_5x",1,1],"701":["texture/lucky_wheel/Luckywheelcenter",1,1],"703":["texture/i18n/text/th/35051",1,1],"704":["texture/i18n/text/en/betText_10",1,1],"705":["texture/i18n/text/pt/Payboard_Text4",1,1],"706":["texture/i18n/text/id/35051",1,1],"708":["spine/intro/intro",7,1],"709":["texture/bg/MG_BG_L_R",1,1],"710":["texture/i18n/text/th/32051",1,1],"711":["texture/i18n/text/th/Luckyweel_text",1,1],"712":["spine/paytip/paytip",7,1],"714":["spine/respin/end_vfx",1,1],"715":["texture/wheel/wheel_decoration",1,1],"717":["texture/ui/controls/setting",1,1],"718":["texture/ui/controls/spin_disable",1,1],"719":["spine/expect/expect",8,1],"720":["texture/i18n/text/vn/Payboard_Text4",1,1],"722":["texture/i18n/text/es/Payboard_Text1",1,1],"723":["spine/symbol/symbol_all",7,1],"724":["texture/i18n/text/en/38051",1,1],"725":["spine/lv_up/lv_up",1,1],"727":["texture/i18n/text/pt/txt1",1,1],"728":["cocos_lizi/p5/teail04_01",6,1],"729":["spine/lv_up/lv_up",8,1],"730":["texture/i18n/text/en/Payboard_Text2",1,1],"731":["font/num_money",1,1],"732":["texture/ui/pay/payTip",1,1],"733":["texture/ui/pay/payTip/spriteFrame",3,1],"734":["texture/bg/MGBG",1,1],"735":["texture/i18n/text/vn/txt2",1,1],"736":["texture/i18n/text/vn/Payboard_Text2",1,1],"737":["texture/i18n/text/pt/payboard_num_wheel_2",1,1],"738":["texture/ui/pay/payboard_S",1,1],"739":["texture/i18n/text/vn/betText_1",1,1],"740":["spine/Gameintro/GameIntro",7,1],"741":["audio/sound/all_respin",5,1],"742":["texture/i18n/text/th/payboard_num_wheel_3",1,1],"743":["texture/wheel/wheel4_shadow",1,1],"744":["cocos_lizi/p1/wheel_p",6,1],"745":["texture/ui/pay/betText_base2",1,1],"747":["spine/paytip/paytip",8,1],"748":["texture/ui/pay/payTip4",1,1],"749":["spine/bigwin/win_front",7,1],"752":["texture/i18n/text/vn/betText_100",1,1],"754":["cocos_lizi/p5/teail04_02",6,1],"755":["texture/symbol/all_respin",1,1],"756":["cocos_lizi/p1/p1",1,1],"757":["cocos_lizi/p5/trail_end_p",6,1],"758":["texture/i18n/text/es/Payboard_Text3",1,1],"759":["spine/lock/wheel_lock",7,1],"760":["spine/respin/respin_vfx",8,1],"761":["texture/symbol/00",1,1],"762":["cocos_lizi/p5/win_p2",6,1],"764":["spine/symbol/symbol_10x",8,1],"765":["spine/symbol/symbol_5x",8,1],"766":["texture/ui/pay/payTip1",1,1],"767":["spine/lock/unlock",7,1],"768":["texture/i18n/text/vn/betText_10",1,1],"769":["spine/symbol/symbol_0",8,1],"770":["texture/i18n/text/th/Payboard_Text1",1,1],"771":["texture/i18n/text/pt/betText_1",1,1],"772":["texture/bg/MG_BG_S_LR",1,1],"773":["spine/symbol/symbol_0",1,1],"774":["cocos_lizi/coin/coin",1,1],"775":["spine/lv_up/lv_up",7,1],"776":["audio/sound/number",5,1],"777":["audio/sound/active_feature",5,1],"778":["cocos_lizi/p3/noise_p",6,1],"779":["spine/symbol/symbol_2x",8,1],"780":["audio/sound/wheel_lock",5,1],"781":["texture/symbol/10",1,1],"782":["texture/lucky_wheel/Wheelshadow",1,1],"783":["spine/payboard_Light/payboard_Light",1,1],"784":["texture/i18n/text/id/betText_100",1,1],"785":["texture/i18n/text/en/Payboard_Text3",1,1],"786":["texture/i18n/text/th/Payboard_Text3",1,1],"787":["spine/symbol/symbol_scatter_red",7,1],"788":["texture/bg/MG_BG_S_T",1,1],"789":["texture/bg/MG_BG_S_T/spriteFrame",3,1],"790":["spine/symbol/symbol_10",7,1],"791":["cocos_lizi/p2/intro_p2",6,1],"792":["texture/i18n/text/en/payboard_num_wheel_3",1,1],"794":["texture/i18n/text/es/betText_1",1,1],"795":["texture/lucky_wheel/Luckywheel_Light",1,1],"797":["texture/i18n/text/en/32051",1,1],"799":["spine/symbol/symbol_all",1,1],"800":["texture/ui/pay/payTip_scatter",1,1],"802":["spine/symbol/symbol_1",7,1],"803":["texture/i18n/text/en/txt2",1,1],"804":["texture/i18n/text/vn/Payboard_Text1",1,1],"806":["texture/i18n/text/id/txt2",1,1],"809":["particle/win/p1/p1",1,1],"811":["prefabs/wheel_elements/feature_x10",4,1],"812":["spine/symbol/symbol_scatter",8,1],"813":["texture/lucky_wheel/Luckywheel_Arrow",1,1],"814":["texture/i18n/text/pt/betText_10",1,1],"815":["texture/lucky_wheel/Wheelboard",1,1],"816":["texture/lucky_wheel/Wheelboard/spriteFrame",3,1],"817":["texture/ui/controls/spin",1,1],"818":["particle/win/p5/win_p2",6,1],"820":["particle/win/p1/intro_p1",6,1],"821":["spine/respin/respin_vfx",1,1],"823":["cocos_lizi/fly/sybres_eft_exp_04",1,1],"824":["cocos_lizi/fly/sybres_eft_exp_04/spriteFrame",3,1],"825":["texture/i18n/text/en/betText_1",1,1],"826":["spine/bigwin/win_back",7,1],"827":["texture/i18n/text/pt/Payboard_Text1",1,1],"831":["texture/lucky_wheel/Luckywheel3_upgrade",1,1],"832":["texture/i18n/text/pt/33051",1,1],"833":["prefabs/wheel_elements/feature_scatte",4,1],"834":["spine/wheel/wheel_vfx01",7,1],"836":["spine/symbol/symbol_2x",7,1],"838":["texture/i18n/text/es/payboard_num_wheel_2",1,1],"839":["texture/lucky_wheel/Luckywheel2_SHA",1,1],"840":["spine/expect/expect",7,1],"841":["spine/static_vfx/static_vfx",1,1],"843":["texture/symbol/scatter",1,1],"844":["spine/symbol/symbol_00",8,1],"846":["texture/ui/controls/auto",1,1],"847":["texture/i18n/text/pt/Luckyweel_text",1,1],"848":["texture/bg/Intro_Bg_L",1,1],"849":["texture/bg/Intro_Bg_L/spriteFrame",3,1],"850":["texture/i18n/logo/logo_th",1,1],"851":["texture/wheel/wheel3",1,1],"852":["texture/ui/pay/Payboard_TextFrame",1,1],"853":["texture/i18n/text/vn/35051",1,1],"854":["texture/i18n/logo/logo_id",1,1]},"scenes":{},"packs":{"0180f4a88":[64,544],"020e294c7":[60,514],"0293bf059":[1,26,35,70,111,166,176,227,329,380,512,527,537,552,562,594],"0303de2c0":[23,547],"036835910":[271,310,609,627,653,657,404,444,450,676,465,684,746,798,801,807],"039c67cca":[128,157,253,687],"03a0f885b":[4,178,191],"03bc438b9":[2,128,219,456,465,837],"03fb15292":[222,223,334,354,467,471,488,509,558,569],"04c481acd":[96,138,241,288,305,403,443,463,465,685,702,763,793,830],"068d9e11e":[29,73,75,187,211,230,325,364,372,381,392,394,470,472,499,501,505,517,545,565,573,579,584,588,597],"0704e5c13":[24,535],"0785bae7e":[161,532],"080917a50":[30,100,130,299,618,629,647,424,425,435,439,465,693,716,829,835,842],"09c2718c0":[36,57,56,58,59,61,62,88,72,114,141,115,116,117,3,118,119,120,121,122,155,174,175,177,179,181,182,183,202,203,204,21,216,217,218,22,220,221,330,331,332,333,335,336,337,339,353,355,356,357,358,359,360,34,379,378,390,391,393,395,397,398,469,473,474,475,476,477,478,480,481,76,78,232,134,163,172,186,188,189,190,193,194,195,196,200,206,212,224,231,319,320,321,326,327,328,342,343,344,345,350,368,369,25,374,375,377,382,384,27,28,402,468,65,77,123,112,113,162,168,169,199,205,207,213,215,228,598,363,367,385,455,400,74,107,0,136,159,167,5,197,209,229,322,324,347,349,361,365,371,383,388,389,466,129,233,210,6,362,373,399,63,110,160,170,341,351,387,665,185,346,366,66,165,208,214,226,352,401,485,486,490,491,492,493,487,482,484,489,495,494,496,497,498,500,504,507,508,515,516,518,519,522,523,524,510,513,506,511,521,520,525,526,528,529,531,533,534,536,538,539,540,541,542,543,548,549,550,554,555,551,553,557,546,556,559,560,561,563,567,564,568,570,566,571,572,574,575,576,577,582,585,578,581,583,580,587,589,590,591,592,593,595,596],"0a7b56d05":[71,164,171,173,180,184,192,198,201,225,323,340,370,376,483,502,530,586],"0a97c7de0":[465,819],"0af4848d8":[39,137,268,272,278,638,420,423,426,432,437,465,699,707,713,726,751,808,810],"0d081f4fb":[386,396],"0ddbc7ce5":[338,503],"0ecff9199":[234,348],"0f73ff845":[37,238,239,247,259,263,264,294,302,314,601,630,646,652,415,416,430,441,442,460,673,465,692,721,750,753,796,805,822,828,845],"0fe08c8e9":[599,666,479]},"versions":{"import":[],"native":[]},"redirect":[],"debug":false,"extensionMap":{},"hasPreloadScript":true,"dependencyRelationships":{},"types":["cc.BitmapFont","cc.ImageAsset","cc.Texture2D","cc.SpriteFrame","cc.Prefab","cc.AudioClip","cc.ParticleAsset","cc.Asset","sp.SkeletonData"]}