{"version":1,"document":[{"__type__":"cc.AnimationClip","_name":"animation_win_box_label_rate","_objFlags":0,"__editorExtras__":{"embeddedPlayerGroups":[]},"_native":"","sample":60,"speed":1,"wrapMode":1,"enableTrsBlending":false,"_duration":0.5166666666666667,"_hash":500763545,"_tracks":[{"__id__":1},{"__id__":12},{"__id__":23},{"__id__":34},{"__id__":45}],"_exoticAnimation":null,"_events":[],"_embeddedPlayers":[],"_additiveSettings":{"__id__":51},"_auxiliaryCurveEntries":[]},{"__type__":"cc.animation.VectorTrack","_binding":{"__type__":"cc.animation.TrackBinding","path":{"__id__":2},"proxy":null},"_channels":[{"__id__":4},{"__id__":6},{"__id__":8},{"__id__":10}],"_nComponents":3},{"__type__":"cc.animation.TrackPath","_paths":[{"__id__":3},"scale"]},{"__type__":"cc.animation.HierarchyPath","path":"props_label_rate"},{"__type__":"cc.animation.Channel","_curve":{"__id__":5}},{"__type__":"cc.RealCurve","bytes":{"__type__":"TypedArrayRef","ctor":"Uint8Array","offset":0,"length":86},"keyframeValueEditorExtras":[null,null,null,null]},{"__type__":"cc.animation.Channel","_curve":{"__id__":7}},{"__type__":"cc.RealCurve","bytes":{"__type__":"TypedArrayRef","ctor":"Uint8Array","offset":86,"length":86},"keyframeValueEditorExtras":[null,null,null,null]},{"__type__":"cc.animation.Channel","_curve":{"__id__":9}},{"__type__":"cc.RealCurve","bytes":{"__type__":"TypedArrayRef","ctor":"Uint8Array","offset":172,"length":86},"keyframeValueEditorExtras":[null,null,null,null]},{"__type__":"cc.animation.Channel","_curve":{"__id__":11}},{"__type__":"cc.RealCurve","bytes":{"__type__":"TypedArrayRef","ctor":"Uint8Array","offset":258,"length":6}},{"__type__":"cc.animation.VectorTrack","_binding":{"__type__":"cc.animation.TrackBinding","path":{"__id__":13},"proxy":null},"_channels":[{"__id__":15},{"__id__":17},{"__id__":19},{"__id__":21}],"_nComponents":3},{"__type__":"cc.animation.TrackPath","_paths":[{"__id__":14},"position"]},{"__type__":"cc.animation.HierarchyPath","path":"props_label_gold"},{"__type__":"cc.animation.Channel","_curve":{"__id__":16}},{"__type__":"cc.RealCurve","bytes":{"__type__":"TypedArrayRef","ctor":"Uint8Array","offset":264,"length":66},"keyframeValueEditorExtras":[null,null,null]},{"__type__":"cc.animation.Channel","_curve":{"__id__":18}},{"__type__":"cc.RealCurve","bytes":{"__type__":"TypedArrayRef","ctor":"Uint8Array","offset":330,"length":66},"keyframeValueEditorExtras":[null,null,null]},{"__type__":"cc.animation.Channel","_curve":{"__id__":20}},{"__type__":"cc.RealCurve","bytes":{"__type__":"TypedArrayRef","ctor":"Uint8Array","offset":396,"length":66},"keyframeValueEditorExtras":[null,null,null]},{"__type__":"cc.animation.Channel","_curve":{"__id__":22}},{"__type__":"cc.RealCurve","bytes":{"__type__":"TypedArrayRef","ctor":"Uint8Array","offset":462,"length":6}},{"__type__":"cc.animation.VectorTrack","_binding":{"__type__":"cc.animation.TrackBinding","path":{"__id__":24},"proxy":null},"_channels":[{"__id__":26},{"__id__":28},{"__id__":30},{"__id__":32}],"_nComponents":3},{"__type__":"cc.animation.TrackPath","_paths":[{"__id__":25},"scale"]},{"__type__":"cc.animation.HierarchyPath","path":"props_label_gold"},{"__type__":"cc.animation.Channel","_curve":{"__id__":27}},{"__type__":"cc.RealCurve","bytes":{"__type__":"TypedArrayRef","ctor":"Uint8Array","offset":468,"length":66},"keyframeValueEditorExtras":[null,null,null]},{"__type__":"cc.animation.Channel","_curve":{"__id__":29}},{"__type__":"cc.RealCurve","bytes":{"__type__":"TypedArrayRef","ctor":"Uint8Array","offset":534,"length":66},"keyframeValueEditorExtras":[null,null,null]},{"__type__":"cc.animation.Channel","_curve":{"__id__":31}},{"__type__":"cc.RealCurve","bytes":{"__type__":"TypedArrayRef","ctor":"Uint8Array","offset":600,"length":66},"keyframeValueEditorExtras":[null,null,null]},{"__type__":"cc.animation.Channel","_curve":{"__id__":33}},{"__type__":"cc.RealCurve","bytes":{"__type__":"TypedArrayRef","ctor":"Uint8Array","offset":666,"length":6}},{"__type__":"cc.animation.VectorTrack","_binding":{"__type__":"cc.animation.TrackBinding","path":{"__id__":35},"proxy":null},"_channels":[{"__id__":37},{"__id__":39},{"__id__":41},{"__id__":43}],"_nComponents":3},{"__type__":"cc.animation.TrackPath","_paths":[{"__id__":36},"position"]},{"__type__":"cc.animation.HierarchyPath","path":"props_label_rate"},{"__type__":"cc.animation.Channel","_curve":{"__id__":38}},{"__type__":"cc.RealCurve","bytes":{"__type__":"TypedArrayRef","ctor":"Uint8Array","offset":672,"length":66},"keyframeValueEditorExtras":[null,null,null]},{"__type__":"cc.animation.Channel","_curve":{"__id__":40}},{"__type__":"cc.RealCurve","bytes":{"__type__":"TypedArrayRef","ctor":"Uint8Array","offset":738,"length":66},"keyframeValueEditorExtras":[null,null,null]},{"__type__":"cc.animation.Channel","_curve":{"__id__":42}},{"__type__":"cc.RealCurve","bytes":{"__type__":"TypedArrayRef","ctor":"Uint8Array","offset":804,"length":66},"keyframeValueEditorExtras":[null,null,null]},{"__type__":"cc.animation.Channel","_curve":{"__id__":44}},{"__type__":"cc.RealCurve","bytes":{"__type__":"TypedArrayRef","ctor":"Uint8Array","offset":870,"length":6}},{"__type__":"cc.animation.RealTrack","_binding":{"__type__":"cc.animation.TrackBinding","path":{"__id__":46},"proxy":null},"_channel":{"__id__":49}},{"__type__":"cc.animation.TrackPath","_paths":[{"__id__":47},{"__id__":48},"opacity"]},{"__type__":"cc.animation.HierarchyPath","path":"props_label_rate"},{"__type__":"cc.animation.ComponentPath","component":"cc.UIOpacity"},{"__type__":"cc.animation.Channel","_curve":{"__id__":50}},{"__type__":"cc.RealCurve","bytes":{"__type__":"TypedArrayRef","ctor":"Uint8Array","offset":876,"length":66},"keyframeValueEditorExtras":[{"tangentMode":0},{"tangentMode":0},{"tangentMode":0}]},{"__type__":"cc.AnimationClipAdditiveSettings","enabled":false,"refClip":null}],"chunks":[".bin"]}
