[1,["aeWbYDrn9GZ6X0vlxwbfmR@6c48a"],["_textureSource"],["cc.SpriteFrame"],0,[{"name":"ocean_bg_winwin","rect":{"x":0,"y":0,"width":135,"height":39},"offset":{"x":0,"y":0},"originalSize":{"width":135,"height":39},"rotated":false,"capInsets":[0,0,0,0],"vertices":{"rawPosition":[-67.5,-19.5,0,67.5,-19.5,0,-67.5,19.5,0,67.5,19.5,0],"indexes":[0,1,2,2,1,3],"uv":[0,39,135,39,0,0,135,0],"nuv":[0,0,1,0,0,1,1,1],"minPos":{"x":-67.5,"y":-19.5,"z":0},"maxPos":{"x":67.5,"y":19.5,"z":0}},"packable":true,"pixelsToUnit":100,"pivot":{"x":0.5,"y":0.5},"meshType":0}],[0],0,[0],[0],[0]]
