[1,["74usIh8wxDGJeXTZmxdvTE@6c48a"],["_textureSource"],["cc.SpriteFrame"],0,[{"name":"auto11","rect":{"x":6,"y":2,"width":80,"height":19},"offset":{"x":0,"y":0},"originalSize":{"width":92,"height":23},"rotated":false,"capInsets":[0,0,0,0],"vertices":{"rawPosition":[-40,-9.5,0,40,-9.5,0,-40,9.5,0,40,9.5,0],"indexes":[0,1,2,2,1,3],"uv":[6,21,86,21,6,2,86,2],"nuv":[0.06521739130434782,0.08695652173913043,0.9347826086956522,0.08695652173913043,0.06521739130434782,0.9130434782608695,0.9347826086956522,0.9130434782608695],"minPos":{"x":-40,"y":-9.5,"z":0},"maxPos":{"x":40,"y":9.5,"z":0}},"packable":true,"pixelsToUnit":100,"pivot":{"x":0.5,"y":0.5},"meshType":0}],[0],0,[0],[0],[0]]
