[1,["66r+lI5qFFw4q2fXshwP6B","acqj29asVIiJghIfp4mXeu@f9941","8bhtUBlpBOcLN7UUpp64vi@f9941","fauvAUR0lGMY5Srt5ggXiD@f9941","ebioGZ0jNGiaSYaSaWRKJ5@f9941","36EvIbscVEs5jEXCb4SpB3","50f53LyEFL2YbeywUuPaJY","8brLJZxLhIBJdmbhaTe0sz@f9941","09OzPvQehPKqgeE33YdVkr@6c48a","0e0pR8oFhBLbPJzPs8k+8Q@6c48a","11gnPgI3lMw6eGMOGAofN0@6c48a","30uJT3IuFLUbod8frs6TXc@6c48a","46FSuK4RxCD65ULSTi8piA@6c48a","14oPjpibxOAIqixkRjrXYo@6c48a","56k+WyIGtFY5qiOf5byyio@6c48a","70X0716cVOAr1v3avceUNu@6c48a","74ZbPJhRFKbbd34Wtz1yQT@6c48a","9f4OGFdB5GPaZuWEUPXPcC@6c48a","8bhtUBlpBOcLN7UUpp64vi@6c48a","8brLJZxLhIBJdmbhaTe0sz@6c48a","9bPHE9P0NOubszHR9IefDI@6c48a","731ek8aFFEQpxV+92HV2os@f9941","792Tt92fRE1Zrbfd5QcJdL@f9941","acqj29asVIiJghIfp4mXeu@6c48a","admN8OzWNN/K2p+zUIkI71@6c48a","b56kDvc6JPKo5z5wU6vpbO@f9941","46FSuK4RxCD65ULSTi8piA@f9941","595YONjzVAz70aEh/yyaU6","0e0pR8oFhBLbPJzPs8k+8Q@f9941","9bPHE9P0NOubszHR9IefDI@f9941","f1SrYHO2dCWK6nQrB+xgbV@f9941","74ZbPJhRFKbbd34Wtz1yQT@f9941","11gnPgI3lMw6eGMOGAofN0@f9941","70X0716cVOAr1v3avceUNu@f9941","09OzPvQehPKqgeE33YdVkr@f9941","242glD1TZJBq4BkHQI9w1r","9cUWdhTCJDRY3aWquYXakb","9fN/Yzx19Fn6Xdk61KmgUP","30uJT3IuFLUbod8frs6TXc@f9941","56k+WyIGtFY5qiOf5byyio@f9941","admN8OzWNN/K2p+zUIkI71@f9941","81cO8NXq5CUYEzRJFCrOBT","0crA6bjylCObSzxMAGZ8Or","e0VFfrSVxBYLn8e1aNhiGw","ffZ1SFGaBMoJSK/KuR18tK","5edxvy6NpNbqUm8afJx2bI","d09rD04D9JgLHgZglgowtN","b56kDvc6JPKo5z5wU6vpbO@6c48a","f6vP0dfpZJapSZl9HVOWo3","55YwNmX5ZHGbO1v8DmGg/H","1ccJjAbRhK+KjEi/ISpROB@6c48a","ebioGZ0jNGiaSYaSaWRKJ5@6c48a","f1SrYHO2dCWK6nQrB+xgbV@6c48a","f6agKJwodKLLJQlYpZ3oYB@6c48a","fauvAUR0lGMY5Srt5ggXiD@6c48a","26LqlkLo5NKJwR0qJpQk5o@6c48a"],["node","targetInfo","root","_textureSource","asset","value","_spriteFrame","_parent","_normalSprite","_skeletonData","_target","_hoverSprite","_pressedSprite","_disabledSprite","data","_font"],["cc.SpriteFrame",["cc.Node",["_name","_layer","_objFlags","__editorExtras__","_active","_prefab","_components","_children","_parent","_lpos","_lscale"],-2,4,9,2,1,5,5],["cc.Label",["_string","_actualFontSize","_fontSize","_overflow","_enableWrapText","_isBold","_outlineWidth","_enableShadow","_shadowBlur","_isSystemFontUsed","node","__prefab","_color","_outlineColor","_shadowColor","_shadowOffset","_font"],-7,1,4,5,5,5,5,6],["cc.Sprite",["_sizeMode","_type","node","__prefab","_spriteFrame","_color"],1,1,4,6,5],["cc.UITransform",["node","__prefab","_contentSize","_anchorPoint"],3,1,4,5,5],["cc.Layout",["_layoutType","_spacingX","node","__prefab"],1,1,4],["cc.Widget",["_alignFlags","_originalWidth","_originalHeight","_top","_bottom","_isAbsRight","node","__prefab"],-3,1,4],["cc.Button",["_transition","node","__prefab","_normalSprite","_normalColor","_target","_hoverSprite","_pressedSprite","_disabledSprite"],2,1,4,6,5,1,6,6,6],["cc.PrefabInfo",["fileId","targetOverrides","nestedPrefabInstanceRoots","root","instance","asset"],0,1,4,6],["sp.SkeletonData",["_name","_native","_atlasText","textureNames","textures"],-1,3],["cc.Prefab",["_name"],2],["cc.CompPrefabInfo",["fileId"],2],["cc.PrefabInfo",["fileId","instance","targetOverrides","root","asset","nestedPrefabInstanceRoots"],0,1,1,2],["cc.PrefabInfo",["fileId","instance","targetOverrides","nestedPrefabInstanceRoots","root","asset"],-1,1,1],["cc.TargetInfo",["localID"],2],["cc.PrefabInstance",["fileId","prefabRootNode","propertyOverrides"],2,1,9],["CCPropertyOverrideInfo",["value","propertyPath","targetInfo"],1,1],["CCPropertyOverrideInfo",["propertyPath","targetInfo","value"],2,1,8],["CCPropertyOverrideInfo",["value","propertyPath","targetInfo"],1,4],["CCPropertyOverrideInfo",["propertyPath","targetInfo","value"],2,4,6],["CCPropertyOverrideInfo",["propertyPath","targetInfo","value"],2,4,8],["cc.UIOpacity",["_opacity","node","__prefab"],2,1,4],["sp.Skeleton",["defaultSkin","defaultAnimation","_preCacheMode","node","__prefab","_skeletonData"],0,1,4,6]],[[14,0,2],[18,0,1,2,3],[11,0,2],[16,0,1,2,3],[17,0,1,2,2],[13,0,1,2,3,4,5,5],[4,0,1,2,1],[1,2,3,8,5,3],[15,0,1,2,2],[8,0,1,2,3,4,5,4],[1,0,8,6,5,9,2],[1,0,8,7,6,5,9,2],[19,0,1,2,2],[20,0,1,2,2],[4,0,1,1],[9,0,1,2,3,4,5],[21,0,1,2,2],[22,0,1,2,3,4,5,4],[1,0,8,6,5,2],[10,0,2],[1,0,2,8,6,5,3],[6,0,1,2,6,7,4],[3,1,0,2,3,4,3],[3,0,2,3,4,2],[7,0,1,2,4,5,3,6,7,8,2],[1,0,1,7,6,5,9,3],[1,0,7,6,5,2],[1,0,8,7,6,5,2],[1,0,8,7,6,5,9,10,2],[4,0,1,2,3,1],[12,0,1,2,3,4,5,4],[5,0,1,2,3,3],[2,0,1,2,5,10,11,5],[2,0,1,2,10,11,4],[2,0,1,2,3,6,7,8,10,11,12,13,14,15,8],[2,0,1,2,3,4,10,11,12,6],[1,0,1,7,6,5,3],[1,0,1,8,7,6,5,3],[1,0,7,6,5,10,2],[1,0,4,8,7,6,5,3],[1,0,6,5,9,2],[1,0,7,5,2],[1,0,1,8,6,5,3],[8,0,2,1,3,4,5,4],[5,0,2,3,2],[5,2,3,1],[6,0,3,4,1,2,6,7,6],[6,0,3,4,5,1,2,6,7,7],[3,1,0,2,3,5,4,3],[3,2,3,1],[3,0,2,3,5,2],[7,1,2,4,5,3,1],[7,0,1,2,3,6,7,8,2],[2,0,1,2,3,4,10,11,6],[2,0,1,2,9,10,11,16,5]],[[[{"name":"Luckywheel_Light_upgrade","rect":{"x":21,"y":42,"width":467,"height":441},"offset":{"x":-0.5,"y":-6.5},"originalSize":{"width":510,"height":512},"rotated":false,"capInsets":[0,0,0,0],"vertices":{"rawPosition":[-233.5,-220.5,0,233.5,-220.5,0,-233.5,220.5,0,233.5,220.5,0],"indexes":[0,1,2,2,1,3],"uv":[21,470,488,470,21,29,488,29],"nuv":[0.041176470588235294,0.056640625,0.9568627450980393,0.056640625,0.041176470588235294,0.91796875,0.9568627450980393,0.91796875],"minPos":{"x":-233.5,"y":-220.5,"z":0},"maxPos":{"x":233.5,"y":220.5,"z":0}},"packable":true,"pixelsToUnit":100,"pivot":{"x":0.5,"y":0.5},"meshType":0}],[0],0,[0],[3],[8]],[[{"name":"LuckywheelNum10","rect":{"x":56,"y":61,"width":367,"height":361},"offset":{"x":-2.5,"y":0.5},"originalSize":{"width":484,"height":484},"rotated":false,"capInsets":[0,0,0,0],"vertices":{"rawPosition":[-183.5,-180.5,0,183.5,-180.5,0,-183.5,180.5,0,183.5,180.5,0],"indexes":[0,1,2,2,1,3],"uv":[56,423,423,423,56,62,423,62],"nuv":[0.11570247933884298,0.128099173553719,0.8739669421487604,0.128099173553719,0.11570247933884298,0.8739669421487604,0.8739669421487604,0.8739669421487604],"minPos":{"x":-183.5,"y":-180.5,"z":0},"maxPos":{"x":183.5,"y":180.5,"z":0}},"packable":true,"pixelsToUnit":100,"pivot":{"x":0.5,"y":0.5},"meshType":0}],[0],0,[0],[3],[9]],[[{"name":"LuckywheelNum50","rect":{"x":57,"y":60,"width":365,"height":362},"offset":{"x":-2.5,"y":1},"originalSize":{"width":484,"height":484},"rotated":false,"capInsets":[0,0,0,0],"vertices":{"rawPosition":[-182.5,-181,0,182.5,-181,0,-182.5,181,0,182.5,181,0],"indexes":[0,1,2,2,1,3],"uv":[57,424,422,424,57,62,422,62],"nuv":[0.11776859504132231,0.128099173553719,0.871900826446281,0.128099173553719,0.11776859504132231,0.8760330578512396,0.871900826446281,0.8760330578512396],"minPos":{"x":-182.5,"y":-181,"z":0},"maxPos":{"x":182.5,"y":181,"z":0}},"packable":true,"pixelsToUnit":100,"pivot":{"x":0.5,"y":0.5},"meshType":0}],[0],0,[0],[3],[10]],[[{"name":"bet_disable","rect":{"x":0,"y":0,"width":100,"height":96},"offset":{"x":0,"y":0},"originalSize":{"width":100,"height":96},"rotated":false,"capInsets":[0,0,0,0],"vertices":{"rawPosition":[-50,-48,0,50,-48,0,-50,48,0,50,48,0],"indexes":[0,1,2,2,1,3],"uv":[0,96,100,96,0,0,100,0],"nuv":[0,0,1,0,0,1,1,1],"minPos":{"x":-50,"y":-48,"z":0},"maxPos":{"x":50,"y":48,"z":0}},"packable":true,"pixelsToUnit":100,"pivot":{"x":0.5,"y":0.5},"meshType":0}],[0],0,[0],[3],[11]],[[{"name":"MG_BG_L_TD","rect":{"x":0,"y":0,"width":568,"height":124},"offset":{"x":0,"y":0},"originalSize":{"width":568,"height":124},"rotated":false,"capInsets":[0,0,0,0],"vertices":{"rawPosition":[-284,-62,0,284,-62,0,-284,62,0,284,62,0],"indexes":[0,1,2,2,1,3],"uv":[0,124,568,124,0,0,568,0],"nuv":[0,0,1,0,0,1,1,1],"minPos":{"x":-284,"y":-62,"z":0},"maxPos":{"x":284,"y":62,"z":0}},"packable":true,"pixelsToUnit":100,"pivot":{"x":0.5,"y":0.5},"meshType":0}],[0],0,[0],[3],[12]],[[[15,"GameIntro",".bin","\r\nGameIntro.png\r\nsize:295,295\r\nformat:RGBA8888\r\nfilter:Linear,Linear\r\nrepeat:none\r\nFx/FG_PanelSweep01B_01\r\nrotate:true\r\nxy:108,134\r\nsize:31,22\r\norig:80,80\r\noffset:3,39\r\nindex:-1\r\nFx/FG_PanelSweep01B_02\r\nrotate:true\r\nxy:196,72\r\nsize:52,30\r\norig:80,80\r\noffset:2,39\r\nindex:-1\r\nFx/FG_PanelSweep01B_03\r\nrotate:true\r\nxy:256,222\r\nsize:72,38\r\norig:80,80\r\noffset:3,39\r\nindex:-1\r\nFx/FG_PanelSweep01B_04\r\nrotate:true\r\nxy:228,24\r\nsize:71,40\r\norig:80,80\r\noffset:6,39\r\nindex:-1\r\nFx/FG_PanelSweep01B_05\r\nrotate:true\r\nxy:1,97\r\nsize:68,40\r\norig:80,80\r\noffset:10,39\r\nindex:-1\r\nFx/FG_PanelSweep01B_06\r\nrotate:true\r\nxy:145,3\r\nsize:54,39\r\norig:80,80\r\noffset:23,39\r\nindex:-1\r\nFx/FG_PanelSweep01B_07\r\nrotate:true\r\nxy:186,13\r\nsize:44,37\r\norig:80,80\r\noffset:32,39\r\nindex:-1\r\nFx/FG_PanelSweep01_00\r\nrotate:false\r\nxy:196,126\r\nsize:31,32\r\norig:80,80\r\noffset:6,13\r\nindex:-1\r\nFx/FG_PanelSweep01_01\r\nrotate:false\r\nxy:143,104\r\nsize:51,54\r\norig:80,80\r\noffset:3,7\r\nindex:-1\r\nFx/FG_PanelSweep01_02\r\nrotate:false\r\nxy:43,101\r\nsize:63,64\r\norig:80,80\r\noffset:2,5\r\nindex:-1\r\nFx/FG_PanelSweep01_03\r\nrotate:true\r\nxy:1,23\r\nsize:72,70\r\norig:80,80\r\noffset:3,7\r\nindex:-1\r\nFx/FG_PanelSweep01_04\r\nrotate:true\r\nxy:73,24\r\nsize:71,70\r\norig:80,80\r\noffset:6,9\r\nindex:-1\r\nFx/FG_PanelSweep01_05\r\nrotate:true\r\nxy:229,97\r\nsize:68,65\r\norig:80,80\r\noffset:10,14\r\nindex:-1\r\nFx/FG_PanelSweep01_06\r\nrotate:false\r\nxy:237,167\r\nsize:54,53\r\norig:80,80\r\noffset:23,25\r\nindex:-1\r\nFx/FG_PanelSweep01_07\r\nrotate:false\r\nxy:145,59\r\nsize:44,43\r\norig:80,80\r\noffset:32,33\r\nindex:-1\r\nFx/FG_PanelSweep01_08\r\nrotate:false\r\nxy:108,99\r\nsize:33,33\r\norig:80,80\r\noffset:40,41\r\nindex:-1\r\nFx/FireSpark01_2\r\nrotate:true\r\nxy:134,187\r\nsize:57,101\r\norig:66,101\r\noffset:9,0\r\nindex:-1\r\nFx/Frame_FX_Wipe\r\nrotate:false\r\nxy:134,160\r\nsize:93,25\r\norig:97,25\r\noffset:2,0\r\nindex:-1\r\nFx/Frame_Light\r\nrotate:true\r\nxy:134,246\r\nsize:48,120\r\norig:57,120\r\noffset:5,0\r\nindex:-1\r\nFx/Fx_bol_Light_01\r\nrotate:false\r\nxy:237,232\r\nsize:12,12\r\norig:12,12\r\noffset:0,0\r\nindex:-1\r\nFx/deal_NW_nef_05\r\nrotate:false\r\nxy:1,167\r\nsize:131,127\r\norig:131,145\r\noffset:0,15\r\nindex:-1\r\n",["GameIntro.png"],[0]],-1],0,0,[0],[-1],[13]],[[{"name":"auto_disable","rect":{"x":0,"y":0,"width":98,"height":98},"offset":{"x":0,"y":0},"originalSize":{"width":98,"height":98},"rotated":false,"capInsets":[0,0,0,0],"vertices":{"rawPosition":[-49,-49,0,49,-49,0,-49,49,0,49,49,0],"indexes":[0,1,2,2,1,3],"uv":[0,98,98,98,0,0,98,0],"nuv":[0,0,1,0,0,1,1,1],"minPos":{"x":-49,"y":-49,"z":0},"maxPos":{"x":49,"y":49,"z":0}},"packable":true,"pixelsToUnit":100,"pivot":{"x":0.5,"y":0.5},"meshType":0}],[0],0,[0],[3],[14]],[[{"name":"LuckywheelNum100","rect":{"x":59,"y":61,"width":366,"height":362},"offset":{"x":0,"y":0},"originalSize":{"width":484,"height":484},"rotated":false,"capInsets":[0,0,0,0],"vertices":{"rawPosition":[-183,-181,0,183,-181,0,-183,181,0,183,181,0],"indexes":[0,1,2,2,1,3],"uv":[59,423,425,423,59,61,425,61],"nuv":[0.12190082644628099,0.12603305785123967,0.878099173553719,0.12603305785123967,0.12190082644628099,0.8739669421487604,0.878099173553719,0.8739669421487604],"minPos":{"x":-183,"y":-181,"z":0},"maxPos":{"x":183,"y":181,"z":0}},"packable":true,"pixelsToUnit":100,"pivot":{"x":0.5,"y":0.5},"meshType":0}],[0],0,[0],[3],[15]],[[{"name":"Luckywheel_Arrow_upgrade","rect":{"x":3,"y":0,"width":94,"height":80},"offset":{"x":0,"y":0},"originalSize":{"width":100,"height":80},"rotated":false,"capInsets":[0,0,0,0],"vertices":{"rawPosition":[-47,-40,0,47,-40,0,-47,40,0,47,40,0],"indexes":[0,1,2,2,1,3],"uv":[3,80,97,80,3,0,97,0],"nuv":[0.03,0,0.97,0,0.03,1,0.97,1],"minPos":{"x":-47,"y":-40,"z":0},"maxPos":{"x":47,"y":40,"z":0}},"packable":true,"pixelsToUnit":100,"pivot":{"x":0.5,"y":0.5},"meshType":0}],[0],0,[0],[3],[16]],[[[15,"win_back",".bin","\nwin_back.png\nsize: 1248,528\nformat: RGBA8888\nfilter: Linear,Linear\nrepeat: none\neft_bol_01\n  rotate: false\n  xy: 370, 82\n  size: 38, 38\n  orig: 40, 40\n  offset: 1, 1\n  index: -1\neft_exp_04\n  rotate: false\n  xy: 272, 24\n  size: 96, 96\n  orig: 100, 100\n  offset: 2, 2\n  index: -1\nwin_big_c01\n  rotate: false\n  xy: 911, 283\n  size: 336, 244\n  orig: 550, 244\n  offset: 102, 0\n  index: -1\nwin_big_c02\n  rotate: false\n  xy: 965, 47\n  size: 150, 57\n  orig: 150, 57\n  offset: 0, 0\n  index: -1\nwin_big_c03\n  rotate: true\n  xy: 1188, 12\n  size: 151, 57\n  orig: 151, 58\n  offset: 0, 1\n  index: -1\nwin_c01\n  rotate: false\n  xy: 965, 106\n  size: 163, 57\n  orig: 163, 57\n  offset: 0, 0\n  index: -1\nwin_c02\n  rotate: true\n  xy: 1130, 1\n  size: 162, 56\n  orig: 162, 56\n  offset: 0, 0\n  index: -1\nwin_mega_c01\n  rotate: false\n  xy: 413, 283\n  size: 496, 244\n  orig: 550, 244\n  offset: 27, 0\n  index: -1\nwin_mega_c02\n  rotate: false\n  xy: 965, 224\n  size: 243, 57\n  orig: 243, 57\n  offset: 0, 0\n  index: -1\nwin_mega_c03\n  rotate: false\n  xy: 965, 165\n  size: 243, 57\n  orig: 243, 57\n  offset: 0, 0\n  index: -1\nwin_str_c02\n  rotate: false\n  xy: 1, 122\n  size: 410, 405\n  orig: 410, 412\n  offset: 0, 1\n  index: -1\nwin_super_c01\n  rotate: false\n  xy: 413, 38\n  size: 550, 243\n  orig: 550, 244\n  offset: 0, 0\n  index: -1\nwin_super_c02\n  rotate: false\n  xy: 1, 63\n  size: 269, 57\n  orig: 270, 57\n  offset: 0, 0\n  index: -1\nwin_super_c03\n  rotate: false\n  xy: 1, 4\n  size: 269, 57\n  orig: 270, 57\n  offset: 0, 0\n  index: -1\n",["win_back.png"],[0]],-1],0,0,[0],[-1],[17]],[[{"name":"bet","rect":{"x":0,"y":0,"width":98,"height":96},"offset":{"x":0,"y":0},"originalSize":{"width":98,"height":96},"rotated":false,"capInsets":[0,0,0,0],"vertices":{"rawPosition":[-49,-48,0,49,-48,0,-49,48,0,49,48,0],"indexes":[0,1,2,2,1,3],"uv":[0,96,98,96,0,0,98,0],"nuv":[0,0,1,0,0,1,1,1],"minPos":{"x":-49,"y":-48,"z":0},"maxPos":{"x":49,"y":48,"z":0}},"packable":true,"pixelsToUnit":100,"pivot":{"x":0.5,"y":0.5},"meshType":0}],[0],0,[0],[3],[18]],[[{"name":"normal","rect":{"x":0,"y":0,"width":96,"height":102},"offset":{"x":0,"y":0},"originalSize":{"width":96,"height":102},"rotated":false,"capInsets":[0,0,0,0],"vertices":{"rawPosition":[-48,-51,0,48,-51,0,-48,51,0,48,51,0],"indexes":[0,1,2,2,1,3],"uv":[0,102,96,102,0,0,96,0],"nuv":[0,0,1,0,0,1,1,1],"minPos":{"x":-48,"y":-51,"z":0},"maxPos":{"x":48,"y":51,"z":0}},"packable":true,"pixelsToUnit":100,"pivot":{"x":0.5,"y":0.5},"meshType":0}],[0],0,[0],[3],[19]],[[{"name":"Luckywheel1_upgrade","rect":{"x":1,"y":0,"width":508,"height":512},"offset":{"x":0,"y":0},"originalSize":{"width":510,"height":512},"rotated":false,"capInsets":[0,0,0,0],"vertices":{"rawPosition":[-254,-256,0,254,-256,0,-254,256,0,254,256,0],"indexes":[0,1,2,2,1,3],"uv":[1,512,509,512,1,0,509,0],"nuv":[0.00196078431372549,0,0.9980392156862745,0,0.00196078431372549,1,0.9980392156862745,1],"minPos":{"x":-254,"y":-256,"z":0},"maxPos":{"x":254,"y":256,"z":0}},"packable":true,"pixelsToUnit":100,"pivot":{"x":0.5,"y":0.5},"meshType":0}],[0],0,[0],[3],[20]],[[[19,"betSelection"],[36,"betSelection",33554432,[-11],[[14,-10,[2,"b9d5G9UXVLLoxi4QecIjAf"]]],[30,"c46/YsCPVOJYA4mWEpNYRx",null,null,-9,0,[-1,-2,-3,-4,-5,-6,-7,-8]]],[25,"betOptionLayout",33554432,[-14,-15,-16,-17,-18],[[6,-12,[2,"40Q7sYMbtAQpmmfLSbD+/z"],[5,75,270]],[31,2,10,-13,[2,"398kZUAFtLgpERiX1QmS/G"]]],[5,"a7Xuhrj9ZCN7jKe9rWLekb",null,null,null,1,0],[1,-90.5,0,0]],[25,"specialOptionsLayout",33554432,[-21,-22,-23],[[6,-19,[2,"05q7DhmThF5Kphh3QzlUlc"],[5,181,164]],[44,2,-20,[2,"9bX30l47VJLohpPNoeYqdT"]]],[5,"c63Bvdl+BFRqyW+Bq8pq28",null,null,null,1,0],[1,47.5,-2,0]],[37,"hLayout",33554432,1,[2,3],[[6,-24,[2,"9159tJuEBHyaUXBuaIPhWQ"],[5,256,270]],[31,1,10,-25,[2,"17okp854JMk6RiXXG04zg6"]]],[5,"7971JjUStFzr4ZA7Cn/toX",null,null,null,1,0]],[0,["c46/YsCPVOJYA4mWEpNYRx"]],[0,["c46/YsCPVOJYA4mWEpNYRx"]],[0,["c46/YsCPVOJYA4mWEpNYRx"]],[0,["c46/YsCPVOJYA4mWEpNYRx"]],[0,["c46/YsCPVOJYA4mWEpNYRx"]],[0,["c46/YsCPVOJYA4mWEpNYRx"]],[0,["c46/YsCPVOJYA4mWEpNYRx"]],[0,["c46/YsCPVOJYA4mWEpNYRx"]],[7,0,{},2,[9,"c46/YsCPVOJYA4mWEpNYRx",null,null,-26,[8,"3fDXxMGS9Hs5dM/L99wPn6",1,[[3,"betOption100",["_name"],5],[4,["_lpos"],5,[1,0,108,0]],[4,["_lrot"],5,[3,0,0,0,1]],[4,["_euler"],5,[1,0,0,0]],[1,"100",["_string"],[0,["29CA4w0rpFH4lISjn3sAUc"]]]]],0]],[7,0,{},2,[9,"c46/YsCPVOJYA4mWEpNYRx",null,null,-27,[8,"27poaASitC4rODzCSHZxf6",1,[[3,"betOption50",["_name"],6],[4,["_lpos"],6,[1,0,54,0]],[4,["_lrot"],6,[3,0,0,0,1]],[4,["_euler"],6,[1,0,0,0]],[1,"50",["_string"],[0,["29CA4w0rpFH4lISjn3sAUc"]]]]],1]],[7,0,{},2,[9,"c46/YsCPVOJYA4mWEpNYRx",null,null,-28,[8,"28okTaFUpKoaFcStJcjGFV",1,[[3,"betOption10",["_name"],7],[4,["_lpos"],7,[1,0,0,0]],[4,["_lrot"],7,[3,0,0,0,1]],[4,["_euler"],7,[1,0,0,0]],[1,"10",["_string"],[0,["29CA4w0rpFH4lISjn3sAUc"]]]]],2]],[7,0,{},2,[9,"c46/YsCPVOJYA4mWEpNYRx",null,null,-29,[8,"89KV/gbqJDiLUKBnZXUKkn",1,[[3,"betOption5",["_name"],8],[4,["_lpos"],8,[1,0,-54,0]],[4,["_lrot"],8,[3,0,0,0,1]],[4,["_euler"],8,[1,0,0,0]],[1,"5",["_string"],[0,["29CA4w0rpFH4lISjn3sAUc"]]]]],3]],[7,0,{},2,[9,"c46/YsCPVOJYA4mWEpNYRx",null,null,-30,[8,"69iRMk8tpPGLSNKmXnolG5",1,[[3,"betOption1",["_name"],9],[4,["_lpos"],9,[1,0,-108,0]],[4,["_lrot"],9,[3,0,0,0,1]],[4,["_euler"],9,[1,0,0,0]]]],4]],[7,0,{},3,[9,"c46/YsCPVOJYA4mWEpNYRx",null,null,-31,[8,"01uj5+mC9C25YpdwJEYXXC",1,[[3,"optionFeature50",["_name"],10],[4,["_lpos"],10,[1,0,55,0]],[4,["_lrot"],10,[3,0,0,0,1]],[4,["_euler"],10,[1,0,0,0]],[12,["_spriteFrame"],[0,["c1ubVkGZhL6Kj68gCcgvVB"]],6],[1,"Upgrade",["_string"],[0,["c32iMJVOJFq6yFdapi+nGX"]]],[13,["_contentSize"],[0,["e73TJ0BkJGaKQNMFye5ASE"]],[5,76.71085420202036,50.4]],[13,["_lpos"],[0,["09fnXj+lxDiK/IUYIYFxs4"]],[1,43,0,0]]]],5]],[7,0,{},3,[9,"c46/YsCPVOJYA4mWEpNYRx",null,null,-32,[8,"51ixwB3M9ND4YjyyuNznM5",1,[[3,"optionFeature10",["_name"],11],[4,["_lpos"],11,[1,0,1,0]],[4,["_lrot"],11,[3,0,0,0,1]],[4,["_euler"],11,[1,0,0,0]],[12,["_spriteFrame"],[0,["c1ubVkGZhL6Kj68gCcgvVB"]],8],[13,["_contentSize"],[0,["e73TJ0BkJGaKQNMFye5ASE"]],[5,61.12652450311379,50.4]]]],7]],[7,0,{},3,[9,"c46/YsCPVOJYA4mWEpNYRx",null,null,-33,[8,"8bi0738IhAtY3dyaBkJqyd",1,[[3,"optionFeature5",["_name"],12],[4,["_lpos"],12,[1,0,-53,0]],[4,["_lrot"],12,[3,0,0,0,1]],[4,["_euler"],12,[1,0,0,0]],[13,["_contentSize"],[0,["e73TJ0BkJGaKQNMFye5ASE"]],[5,61.12652450311379,50.4]]]],9]]],0,[0,-1,20,0,-2,19,0,-3,18,0,-4,17,0,-5,16,0,-6,15,0,-7,14,0,-8,13,0,2,1,0,0,1,0,-1,4,0,0,2,0,0,2,0,-1,13,0,-2,14,0,-3,15,0,-4,16,0,-5,17,0,0,3,0,0,3,0,-1,18,0,-2,19,0,-3,20,0,0,4,0,0,4,0,2,13,0,2,14,0,2,15,0,2,16,0,2,17,0,2,18,0,2,19,0,2,20,0,14,1,2,7,4,3,7,4,33],[0,0,0,0,0,0,0,0,0,0],[4,4,4,4,4,4,5,4,5,4],[0,0,0,0,0,5,21,5,22,5]],[[{"name":"setting","rect":{"x":3,"y":0,"width":77,"height":73},"offset":{"x":0.5,"y":0.5},"originalSize":{"width":82,"height":74},"rotated":false,"capInsets":[0,0,0,0],"vertices":{"rawPosition":[-38.5,-36.5,0,38.5,-36.5,0,-38.5,36.5,0,38.5,36.5,0],"indexes":[0,1,2,2,1,3],"uv":[3,74,80,74,3,1,80,1],"nuv":[0.036585365853658534,0.013513513513513514,0.975609756097561,0.013513513513513514,0.036585365853658534,1,0.975609756097561,1],"minPos":{"x":-38.5,"y":-36.5,"z":0},"maxPos":{"x":38.5,"y":36.5,"z":0}},"packable":true,"pixelsToUnit":100,"pivot":{"x":0.5,"y":0.5},"meshType":0}],[0],0,[0],[3],[23]],[[{"name":"spin_disable","rect":{"x":1,"y":0,"width":183,"height":168},"offset":{"x":0.5,"y":0},"originalSize":{"width":184,"height":168},"rotated":false,"capInsets":[0,0,0,0],"vertices":{"rawPosition":[-91.5,-84,0,91.5,-84,0,-91.5,84,0,91.5,84,0],"indexes":[0,1,2,2,1,3],"uv":[1,168,184,168,1,0,184,0],"nuv":[0.005434782608695652,0,1,0,0.005434782608695652,1,1,1],"minPos":{"x":-91.5,"y":-84,"z":0},"maxPos":{"x":91.5,"y":84,"z":0}},"packable":true,"pixelsToUnit":100,"pivot":{"x":0.5,"y":0.5},"meshType":0}],[0],0,[0],[3],[24]],[[[19,"MoneyComingView"],[38,"MoneyComingView",[-11,-12,-13,-14,-15,-16],[[6,-10,[2,"f2iMVcIj9Gjpo7D7AMiyc8"],[5,1280,720]]],[30,"c46/YsCPVOJYA4mWEpNYRx",null,null,-9,0,[-1,-2,-3,-4,-5,-6,-7,-8]],[1,1.042,1.042,1]],[26,"layout",[-20,-21,-22,-23,-24,-25,-26],[[6,-17,[2,"fekLE66MZNCLsg2YxguZO4"],[5,1156,75]],[45,-18,[2,"8baqE695ZK+pYGdm8SXu3p"]],[21,45,100,100,-19,[2,"bavCHF1FRC7ooqU2Qw4bSE"]]],[5,"f4a0gPZJlDvptlkwEeXgXY",null,null,null,1,0]],[0,["c46/YsCPVOJYA4mWEpNYRx"]],[0,["c46/YsCPVOJYA4mWEpNYRx"]],[0,["c46/YsCPVOJYA4mWEpNYRx"]],[0,["c46/YsCPVOJYA4mWEpNYRx"]],[0,["c46/YsCPVOJYA4mWEpNYRx"]],[11,"props_turbo",2,[-31],[[6,-27,[2,"1cMK5HGrFHE6Una+ZBxWU2"],[5,60,60]],[22,1,0,-28,[2,"5cda3zEMBOM7gbUQMkSznd"],25],[51,-30,[2,"02nTWTXkhPUophXSnNY8Ba"],[4,4292269782],-29,26]],[5,"cfIgO1ns9Ks67KP7UQJ+Cq",null,null,null,1,0],[1,190,-15,0]],[11,"props_auto_btn",2,[-36],[[6,-32,[2,"d7yf8uzMdNVrq4z/aK7I8F"],[5,60,60]],[22,1,0,-33,[2,"92FYZ5qt9AFoPVsrWCvM8m"],27],[24,2,-35,[2,"37OUgoLx1KY7H3olDk3YXe"],[4,4292269782],-34,28,29,30,31]],[5,"96uu5YwslNQbOmXuefvReU",null,null,null,1,0],[1,289.771,-12,0]],[11,"props_spin_btn",2,[-41],[[6,-37,[2,"1fbS/q0XlC1bryZPwoiJbi"],[5,110,110]],[48,1,0,-38,[2,"5ayS2hX4FOSo0iTJACsWb9"],[4,4292269782],32],[24,2,-40,[2,"26q+5z6AhEhIvcrnKOceEz"],[4,4292269782],-39,33,34,35,36]],[5,"01S5N5X49D4ZDmfzePA0eV",null,null,null,1,0],[1,429.748,-20,0]],[39,"props_win_effect",false,1,[-43,-44,-45,-46],[[14,-42,[2,"f0iCxSFzJHpp1UA7wr46c6"]]],[5,"f2MlwsB/BHJomumzMjOMlP",null,null,null,1,0]],[0,["c46/YsCPVOJYA4mWEpNYRx"]],[27,"bg",1,[-49,-50],[[6,-47,[2,"2biBtBYbtJe7wss0mh9Wli"],[5,1280,720]],[21,45,100,100,-48,[2,"afEGpPnNRKS7tGmQM01IDh"]]],[5,"4cxATh61RIYZpCRJMEh55M",null,null,null,1,0]],[11,"lucky_wheel",1,[-53,-54],[[6,-51,[2,"e17hI4upBJBo5umAk5Azt+"],[5,1280,720]],[46,45,-54.83899999999999,54.83899999999999,1000,500,-52,[2,"78GoT0jd9CGJHu1iqC/qQ3"]]],[5,"36oOqDNbNMl7DTORfPDJCf",null,null,null,1,0],[1,0,54.839,0]],[40,"top-glow",[[6,-55,[2,"7clh9GPxVE1ZqSZo/XvasK"],[5,1156,75]],[49,-56,[2,"89b6bX2kNLuZ+rNLZMkwTl"]],[47,45,-30,30,false,100,100,-57,[2,"2dRlred+pHT6TjylZD/yYh"]],[16,60,-58,[2,"69Miz8cL9EtrlgaTUn+FpU"]]],[5,"51k2z10o5Bl6wBNzuidg9A",null,null,null,1,0],[1,0,30,0]],[26,"controls",[-60,-61,2],[[6,-59,[2,"b6y5DoEZtK25u2YRUvetuL"],[5,1156,75]]],[5,"18gPRSwBZHaYVAcd826kNb",null,null,null,1,0]],[0,["c46/YsCPVOJYA4mWEpNYRx"]],[10,"props_setting",2,[[6,-62,[2,"cbk76UPFFNer0enpC9oIno"],[5,60,60]],[22,1,0,-63,[2,"a9W7l4kIZKNJnzYIEIPqYE"],15],[24,2,-65,[2,"b1diXQ8/NFf4vXRAE1/6nk"],[4,4292269782],-64,16,17,18,19]],[5,"fe60aBRwxFjb108AGYW7MW",null,null,null,1,0],[1,-440,-12,0]],[11,"bet",2,[-67,-68,-69],[[6,-66,[2,"f0/Dsj+3FPTZPojxfNqUiO"],[5,100,75]]],[5,"d6UZzwE55N06szH0tZUJHW",null,null,null,1,0],[1,-176,-24,0]],[0,["c46/YsCPVOJYA4mWEpNYRx"]],[18,"top",13,[[6,-70,[2,"40PHO5+FBPmIb4gjgcYcWk"],[5,1280,720]],[23,0,-71,[2,"38jGdeU+ZMpIeWnvlWvpdu"],0],[21,45,1280,720,-72,[2,"460ppmUI1FwIott2LybzaR"]]],[5,"ff6Psd2gpFeowPY6/zY0Ci",null,null,null,1,0]],[10,"bottom",13,[[6,-73,[2,"c1EC8Mbw9CH4glx0ZlHM2f"],[5,1280,300]],[23,0,-74,[2,"d3rFqPOwpP9rguJGX7AovH"],1],[16,200,-75,[2,"857niZrc5PvIks+RcjQBxa"]]],[5,"29lLKwmYVPJppV6/O1bWL2",null,null,null,1,0],[1,0,-326,0]],[28,"props_lucky_wheels",14,[-77,-78],[[6,-76,[2,"65RjsRBSlO36Wai/aZTeGS"],[5,512,512]]],[5,"2egpl77P5IHY70bGSHBzyg",null,null,null,1,0],[1,-400,80,0],[1,0.9,0.9,1]],[11,"control_panel",1,[-80,16],[[6,-79,[2,"c6yb+BlJNDqpRJ4u0beoLd"],[5,1156,75]]],[5,"49zSetwdNIlaUyaGZaxqIB",null,null,null,1,0],[1,0,-254.935,0]],[27,"bg",24,[15],[[6,-81,[2,"2dwhVu/P1H3IKNW4rD4hRZ"],[5,1156,75]],[50,0,-82,[2,"67sSJ3zHpIBoNv1QbVFnyR"],[4,4294506733]]],[5,"913KilSYBJJLSCAnZpkdUB",null,null,null,1,0]],[11,"balance",2,[-84,-85],[[6,-83,[2,"1f0vfvuBVOp7nnYdN9X9z+"],[5,100,75]]],[5,"59RRN+VMVN0rk0QDbMIi+u",null,null,null,1,0],[1,-315,-12,0]],[10,"props_balance_label",26,[[6,-86,[2,"d8PCIAZj1Pybq37p638RJp"],[5,77.84052645222523,50.4]],[32,"1,000.00",23.733333333333334,20,true,-87,[2,"8cEXeHVE9CLqQmG6JdSbWo"]],[16,222,-88,[2,"099wI6lHVEtbCYz9mvBv3W"]]],[5,"50zxC4biBMG5FloeNv+e5O",null,null,null,1,0],[1,0,-18,0]],[10,"props_bet_btn",19,[[6,-89,[2,"97mF4I/TFJCo4DdmPhwSnd"],[5,60,55]],[52,2,-90,[2,"d35HIVCoRB9bOTiry57m9z"],20,21,22,23],[23,0,-91,[2,"e0qcTIAUlAZ6HTWUleTmT0"],24]],[5,"63dgTU/C1Fz6K5AsFhxsdz",null,null,null,1,0],[1,0,14,0]],[10,"props_bet_label",19,[[6,-92,[2,"b9nXJwFDlFR61AYoOTPk+8"],[5,15.569133972853756,50.39999999999999]],[33,"1",33.22666666666667,28,-93,[2,"38S0BvrS5D16DIuanjtuxU"]],[16,222,-94,[2,"cc8sdDxj5OQK63V1qVBC19"]]],[5,"7buP7hzmtH3IO6KdMpzWwx",null,null,null,1,0],[1,44,-22.557,0]],[11,"win",2,[-96,-97],[[6,-95,[2,"94Xz9cc61B9ZbsVRMptlOT"],[5,100,75]]],[5,"11LW+N8eVLO75WYAxyqSXa",null,null,null,1,0],[1,19.839,-12,0]],[10,"props_win_label",30,[[6,-98,[2,"4diYvuLEdBhJYyLRU451uy"],[5,38.92026322611262,50.4]],[32,"0.00",23.733333333333334,20,true,-99,[2,"64DS2zh0hOAa1rcHhOJMHC"]],[16,222,-100,[2,"2dSSItPwJPSaSYrWcH4WFh"]]],[5,"018BGbehRMe6eQE+i0IEtg",null,null,null,1,0],[1,0,-18,0]],[28,"point",11,[-103],[[14,-101,[2,"4cmrZBjClFirsoZfnvPdg9"]],[17,"default","<None>",0,-102,[2,"525Pku9OxE77cv5BoBHWDu"],39]],[5,"7eRrqEtIJHYb7e1ghC3MpK",null,null,null,1,0],[1,0,-60,0],[1,1,0.8,1]],[11,"brand",14,[-105],[[14,-104,[2,"faak/1IhJOO4HjQaIprdxH"]]],[5,"27IVWswfZGEoYtUffW06dv",null,null,null,1,0],[1,126.45,133.626,0]],[7,0,{},33,[9,"c46/YsCPVOJYA4mWEpNYRx",null,null,-131,[8,"dawGpo9UFIm716zPHi0q0B",1,[[3,"board",["_name"],4],[4,["_lpos"],4,[1,0,0,0]],[4,["_lrot"],4,[3,0,0,0,1]],[4,["_euler"],4,[1,0,0,0]],[4,["_lscale"],4,[1,1,1,1]],[3,1073741824,["_layer"],4],[1,1073741824,["_layer"],[0,["79tgxLha9JAaSaSD2F7U/f"]]],[1,1073741824,["_layer"],[0,["f9BpH7eZlMW7THdfATpYSc"]]],[3,1073741824,["_layer"],-106],[1,1073741824,["_layer"],[0,["fb8Wm+zDNPQ5fjEkYvz8fb"]]],[1,1073741824,["_layer"],[0,["3ep+6XmulCq7nuWIzXXdqM"]]],[3,1073741824,["_layer"],-107],[3,1073741824,["_layer"],-108],[3,1073741824,["_layer"],-109],[3,1073741824,["_layer"],-110],[3,false,["_active"],-111],[3,false,["_active"],-112],[13,["_contentSize"],[0,["dfNSlOmEBJJZr8nGzukN+H"]],[5,540,120]],[3,true,["_active"],-113],[3,false,["_active"],-114],[3,false,["_active"],-115],[3,true,["_active"],-116],[3,true,["_active"],-117],[3,"bonus_value",["_name"],-118],[1,"",["_string"],[0,["6cwphkW0pEyJjrwF/OgDeQ"]]],[3,true,["_active"],-119],[3,1073741824,["_layer"],-120],[1,1073741824,["_layer"],[0,["d90Kv3VItIhovlrrf+Dphs"]]],[1,1073741824,["_layer"],[0,["dawaSYgoZIl6fNzjnC7XZc"]]],[1,1073741824,["_layer"],[0,["c84LAFu/ZMiZX7Kxpk77lQ"]]],[3,1073741824,["_layer"],-121],[1,1073741824,["_layer"],[0,["89bEAqMBpFr4outBtLryi6"]]],[3,1073741824,["_layer"],-122],[3,1073741824,["_layer"],-123],[1,1073741824,["_layer"],[0,["58G66T6ctMi4a48YE+B51e"]]],[1,1073741824,["_layer"],[0,["05ZnN1AXtKJa2SUcqWFQfi"]]],[1,1073741824,["_layer"],[0,["77IXqr1W5LFLCcoq0hP2uK"]]],[1,1073741824,["_layer"],[0,["31tjcxAA5HO6pG716Hu9jS"]]],[1,1073741824,["_layer"],[0,["0bIdmKnFNBFqqnUgKBjLY/"]]],[3,1073741824,["_layer"],-124],[1,1073741824,["_layer"],[0,["fe98fddL5F/KmjbGI/1XsO"]]],[3,"props_unlock_1",["_name"],-125],[3,"props_unlock_5",["_name"],-126],[3,"props_unlock_10",["_name"],-127],[3,"props_unlock_50",["_name"],-128],[3,"props_brand_board",["_name"],-129],[3,"props_feature_board",["_name"],-130]]],2]],[0,["dfql1hKadFBIsyZ5TV0wFU"]],[0,["bcefjSXxlBmYSeD6Pzq1qp"]],[0,["1dCf6CZNZB96GCVuNEA5/4"]],[0,["69QensyUpJDpECsGk4Y13E"]],[0,["82hfyCQ2VIUJFXC8hfZMYi"]],[7,0,{},23,[9,"c46/YsCPVOJYA4mWEpNYRx",null,null,-138,[8,"e6SFMJRntFe66pWFn8ysqz",1,[[3,"props_lucky_wheel_1_5_10",["_name"],5],[4,["_lpos"],5,[1,62,-62,0]],[4,["_lrot"],5,[3,0,0,0,1]],[4,["_euler"],5,[1,0,0,0]],[13,["_contentSize"],[0,["25B4fCujBK2Kh7eRL2gfoK"]],[5,512,512]],[3,1073741824,["_layer"],5],[1,1073741824,["_layer"],[0,["b5e36JHZZHr7u+Mxq4EBIz"]]],[1,1073741824,["_layer"],[0,["68se9+xghDtK/gAA/x8tu6"]]],[3,1073741824,["_layer"],-132],[1,1073741824,["_layer"],[0,["18WweQ6GRNZ60QD4Ljbsq/"]]],[3,1073741824,["_layer"],-133],[1,1073741824,["_layer"],[0,["daPG7gyrpIcIbvtiP9GDJI"]]],[1,1073741824,["_layer"],[0,["c8WeVkP9FFH64sZI5XP4cR"]]],[3,false,["_active"],5],[4,["_lpos"],-134,[1,0,225,0]],[3,"money",["_name"],-135],[3,"money_upgrade",["_name"],-136],[12,["_spriteFrame"],[0,["d1IBzVVPhChbhhrV/SXZyK"]],4],[1,"<None>",["defaultAnimation"],[0,["67wULGesdK+4MIn4PL3RLh"]]],[1,"<None>",["defaultAnimation"],[0,["c8PhgZBTxFJpQa6T+8ElN5"]]],[3,1073741824,["_layer"],-137],[1,1073741824,["_layer"],[0,["48jnO8uTND+YVqDiJkWFec"]]],[1,1073741824,["_layer"],[0,["08IoKsagNFW6b180nlxJvu"]]]]],3]],[7,0,{},23,[9,"c46/YsCPVOJYA4mWEpNYRx",null,null,-148,[8,"e4VivDqglDa4pgbQqsBBk7",1,[[3,"props_lucky_wheel_50_100",["_name"],6],[4,["_lpos"],6,[1,62,-62,0]],[4,["_lrot"],6,[3,0,0,0,1]],[4,["_euler"],6,[1,0,0,0]],[12,["_spriteFrame"],[0,["2aamw3UNZOBooTp/aexj9P"]],6],[12,["_spriteFrame"],[0,["ffvskDdx9EppCWx5GIWcR9"]],7],[12,["_spriteFrame"],[0,["2cEpfbVWNLdYvyvDeb/ocm"]],8],[4,["_lpos"],-139,[1,0,225,0]],[3,true,["_active"],6],[3,"money",["_name"],-140],[3,"money_upgrade",["_name"],-141],[12,["_spriteFrame"],[0,["49mjz+I+pI7LDUHWACzxFE"]],9],[12,["_spriteFrame"],[0,["d1IBzVVPhChbhhrV/SXZyK"]],10],[3,true,["_active"],-142],[12,["_spriteFrame"],[0,["f3lrdEkztHAIonHLTfKaRd"]],11],[4,["_lscale"],-143,[1,0.91,0.83,1]],[1,"<None>",["defaultAnimation"],[0,["67wULGesdK+4MIn4PL3RLh"]]],[1,"<None>",["defaultAnimation"],[0,["c8PhgZBTxFJpQa6T+8ElN5"]]],[3,1073741824,["_layer"],6],[1,1073741824,["_layer"],[0,["b5e36JHZZHr7u+Mxq4EBIz"]]],[1,1073741824,["_layer"],[0,["68se9+xghDtK/gAA/x8tu6"]]],[3,1073741824,["_layer"],-144],[3,1073741824,["_layer"],-145],[3,1073741824,["_layer"],-146],[3,1073741824,["_layer"],-147],[1,1073741824,["_layer"],[0,["daPG7gyrpIcIbvtiP9GDJI"]]],[1,1073741824,["_layer"],[0,["48jnO8uTND+YVqDiJkWFec"]]],[1,1073741824,["_layer"],[0,["08IoKsagNFW6b180nlxJvu"]]],[1,1073741824,["_layer"],[0,["c8WeVkP9FFH64sZI5XP4cR"]]]]],5]],[0,["1fOIP0voVKvq49y2oK8x8w"]],[7,0,{},1,[43,"c46/YsCPVOJYA4mWEpNYRx",null,[],-151,[8,"71a3iub7dAyJBh6CCatAUZ",1,[[3,"wheels_container",["_name"],7],[4,["_lpos"],7,[1,0,-60,0]],[4,["_lrot"],7,[3,0,0,0,1]],[4,["_euler"],7,[1,0,0,0]],[4,["_lpos"],-149,[1,295,-100,0]],[3,1073741824,["_layer"],7],[1,1073741824,["_layer"],[0,["bbKmc4X2hCqb3saf6r0E7s"]]],[1,1073741824,["_layer"],[0,["02gzWokeNKEKD/dfFgBPKk"]]],[3,1073741824,["_layer"],-150],[1,1073741824,["_layer"],[0,["f4dqSNvy1LaZCIN6d4uZzs","c46/YsCPVOJYA4mWEpNYRx"]]],[1,1073741824,["_layer"],[0,["364oRhM9BBMJ8Z9bw+3OdS"]]],[1,1073741824,["_layer"],[0,["ffqRintNlFl7PkdupBO5yy"]]],[1,1073741824,["_layer"],[0,["07W8w2BUBDzIXJpouSNgKd"]]],[1,1073741824,["_layer"],[0,["13RvgYunhJKLsoK7FAftfI","c46/YsCPVOJYA4mWEpNYRx"]]],[1,1073741824,["_layer"],[0,["b7x1gZ9LpAd6hUNyy933aS","c46/YsCPVOJYA4mWEpNYRx"]]],[1,1073741824,["_layer"],[0,["32OD+5zypPFLzSdpMjLzWG","c46/YsCPVOJYA4mWEpNYRx"]]],[1,1073741824,["_layer"],[0,["13RvgYunhJKLsoK7FAftfI","e4EXRDzGdH9p9zStHpr37N"]]],[1,1073741824,["_layer"],[0,["b7x1gZ9LpAd6hUNyy933aS","e4EXRDzGdH9p9zStHpr37N"]]],[1,1073741824,["_layer"],[0,["32OD+5zypPFLzSdpMjLzWG","e4EXRDzGdH9p9zStHpr37N"]]],[1,1073741824,["_layer"],[0,["f4dqSNvy1LaZCIN6d4uZzs","e4EXRDzGdH9p9zStHpr37N"]]],[1,1073741824,["_layer"],[0,["13RvgYunhJKLsoK7FAftfI","5dUoFPVChEkqb8e9Q0WRPS","c46/YsCPVOJYA4mWEpNYRx"]]],[1,1073741824,["_layer"],[0,["13RvgYunhJKLsoK7FAftfI","06J8D40cpEWaQKB7JbeesA","c46/YsCPVOJYA4mWEpNYRx"]]],[1,1073741824,["_layer"],[0,["13RvgYunhJKLsoK7FAftfI","b6QYCgFa9FoL6oj+wZLHpq","c46/YsCPVOJYA4mWEpNYRx"]]],[1,1073741824,["_layer"],[0,["13RvgYunhJKLsoK7FAftfI","05o9FrK4JEEYsODgKNhAGb","c46/YsCPVOJYA4mWEpNYRx"]]],[1,1073741824,["_layer"],[0,["13RvgYunhJKLsoK7FAftfI","2fc/S9Jg1AnromvPF5bcQr","c46/YsCPVOJYA4mWEpNYRx"]]],[1,1073741824,["_layer"],[0,["b7x1gZ9LpAd6hUNyy933aS","5dUoFPVChEkqb8e9Q0WRPS","c46/YsCPVOJYA4mWEpNYRx"]]],[1,1073741824,["_layer"],[0,["b7x1gZ9LpAd6hUNyy933aS","06J8D40cpEWaQKB7JbeesA","c46/YsCPVOJYA4mWEpNYRx"]]],[1,1073741824,["_layer"],[0,["b7x1gZ9LpAd6hUNyy933aS","b6QYCgFa9FoL6oj+wZLHpq","c46/YsCPVOJYA4mWEpNYRx"]]],[1,1073741824,["_layer"],[0,["b7x1gZ9LpAd6hUNyy933aS","05o9FrK4JEEYsODgKNhAGb","c46/YsCPVOJYA4mWEpNYRx"]]],[1,1073741824,["_layer"],[0,["b7x1gZ9LpAd6hUNyy933aS","2fc/S9Jg1AnromvPF5bcQr","c46/YsCPVOJYA4mWEpNYRx"]]],[1,1073741824,["_layer"],[0,["32OD+5zypPFLzSdpMjLzWG","5dUoFPVChEkqb8e9Q0WRPS","c46/YsCPVOJYA4mWEpNYRx"]]],[1,1073741824,["_layer"],[0,["32OD+5zypPFLzSdpMjLzWG","06J8D40cpEWaQKB7JbeesA","c46/YsCPVOJYA4mWEpNYRx"]]],[1,1073741824,["_layer"],[0,["32OD+5zypPFLzSdpMjLzWG","b6QYCgFa9FoL6oj+wZLHpq","c46/YsCPVOJYA4mWEpNYRx"]]],[1,1073741824,["_layer"],[0,["32OD+5zypPFLzSdpMjLzWG","05o9FrK4JEEYsODgKNhAGb","c46/YsCPVOJYA4mWEpNYRx"]]],[1,1073741824,["_layer"],[0,["32OD+5zypPFLzSdpMjLzWG","2fc/S9Jg1AnromvPF5bcQr","c46/YsCPVOJYA4mWEpNYRx"]]],[1,1073741824,["_layer"],[0,["f4dqSNvy1LaZCIN6d4uZzs","98owTq6NFN869IExUqXkYv"]]],[1,1073741824,["_layer"],[0,["f4dqSNvy1LaZCIN6d4uZzs","cad0NbEzFCu4cNGUPwf6jQ"]]],[1,1073741824,["_layer"],[0,["f4dqSNvy1LaZCIN6d4uZzs","40MEQ6oedNBaWRXyo/RTsA"]]],[1,1073741824,["_layer"],[0,["f4dqSNvy1LaZCIN6d4uZzs","50PVGQqcpMF4cH1WtIua8M"]]],[1,1073741824,["_layer"],[0,["f4dqSNvy1LaZCIN6d4uZzs","35I/lL/L5J/ZpaMYUYRzQD"]]],[1,1073741824,["_layer"],[0,["f4dqSNvy1LaZCIN6d4uZzs","7eeKqSnH5NBKxhAJp2rShn"]]],[3,true,["_active"],7]]],12]],[7,0,{},16,[9,"c46/YsCPVOJYA4mWEpNYRx",null,null,-154,[8,"3eWM+zE8tHHb9TmPU0was7",1,[[3,"betSelection",["_name"],3],[4,["_lpos"],3,[1,-50,203,0]],[4,["_lrot"],3,[3,0,0,0,1]],[4,["_euler"],3,[1,0,0,0]],[4,["_lpos"],-152,[1,47.5,-2,0]],[3,false,["_active"],3],[13,["_contentSize"],[0,["01uj5+mC9C25YpdwJEYXXC","e73TJ0BkJGaKQNMFye5ASE"]],[5,76.70380283319987,50.4]],[13,["_contentSize"],[0,["51ixwB3M9ND4YjyyuNznM5","e73TJ0BkJGaKQNMFye5ASE"]],[5,61.120914645795395,50.4]],[13,["_contentSize"],[0,["8bi0738IhAtY3dyaBkJqyd","e73TJ0BkJGaKQNMFye5ASE"]],[5,61.120914645795395,50.4]],[4,["_lscale"],3,[1,1.4,1.4,1]],[3,1073741824,["_layer"],3],[1,1073741824,["_layer"],[0,["7971JjUStFzr4ZA7Cn/toX"]]],[1,1073741824,["_layer"],[0,["a7Xuhrj9ZCN7jKe9rWLekb"]]],[3,1073741824,["_layer"],-153],[1,1073741824,["_layer"],[0,["3fDXxMGS9Hs5dM/L99wPn6","c46/YsCPVOJYA4mWEpNYRx"]]],[1,1073741824,["_layer"],[0,["27poaASitC4rODzCSHZxf6","c46/YsCPVOJYA4mWEpNYRx"]]],[1,1073741824,["_layer"],[0,["28okTaFUpKoaFcStJcjGFV","c46/YsCPVOJYA4mWEpNYRx"]]],[1,1073741824,["_layer"],[0,["89KV/gbqJDiLUKBnZXUKkn","c46/YsCPVOJYA4mWEpNYRx"]]],[1,1073741824,["_layer"],[0,["69iRMk8tpPGLSNKmXnolG5","c46/YsCPVOJYA4mWEpNYRx"]]],[1,1073741824,["_layer"],[0,["01uj5+mC9C25YpdwJEYXXC","c46/YsCPVOJYA4mWEpNYRx"]]],[1,1073741824,["_layer"],[0,["51ixwB3M9ND4YjyyuNznM5","c46/YsCPVOJYA4mWEpNYRx"]]],[1,1073741824,["_layer"],[0,["8bi0738IhAtY3dyaBkJqyd","c46/YsCPVOJYA4mWEpNYRx"]]],[1,1073741824,["_layer"],[0,["3fDXxMGS9Hs5dM/L99wPn6","1aNOAm8lRI0oEq/2sP8mW+"]]],[1,1073741824,["_layer"],[0,["27poaASitC4rODzCSHZxf6","1aNOAm8lRI0oEq/2sP8mW+"]]],[1,1073741824,["_layer"],[0,["28okTaFUpKoaFcStJcjGFV","1aNOAm8lRI0oEq/2sP8mW+"]]],[1,1073741824,["_layer"],[0,["89KV/gbqJDiLUKBnZXUKkn","1aNOAm8lRI0oEq/2sP8mW+"]]],[1,1073741824,["_layer"],[0,["69iRMk8tpPGLSNKmXnolG5","1aNOAm8lRI0oEq/2sP8mW+"]]],[1,1073741824,["_layer"],[0,["01uj5+mC9C25YpdwJEYXXC","39iyR+71RCvL5GEKitQ3hl"]]],[1,1073741824,["_layer"],[0,["01uj5+mC9C25YpdwJEYXXC","6euEwx6y1A4IoLHyMosvRz"]]],[1,1073741824,["_layer"],[0,["01uj5+mC9C25YpdwJEYXXC","aeiD5UelxDLLDE1afiGHLJ"]]],[1,1073741824,["_layer"],[0,["01uj5+mC9C25YpdwJEYXXC","09fnXj+lxDiK/IUYIYFxs4"]]],[1,1073741824,["_layer"],[0,["51ixwB3M9ND4YjyyuNznM5","39iyR+71RCvL5GEKitQ3hl"]]],[1,1073741824,["_layer"],[0,["51ixwB3M9ND4YjyyuNznM5","6euEwx6y1A4IoLHyMosvRz"]]],[1,1073741824,["_layer"],[0,["51ixwB3M9ND4YjyyuNznM5","aeiD5UelxDLLDE1afiGHLJ"]]],[1,1073741824,["_layer"],[0,["51ixwB3M9ND4YjyyuNznM5","09fnXj+lxDiK/IUYIYFxs4"]]],[1,1073741824,["_layer"],[0,["8bi0738IhAtY3dyaBkJqyd","39iyR+71RCvL5GEKitQ3hl"]]],[1,1073741824,["_layer"],[0,["8bi0738IhAtY3dyaBkJqyd","6euEwx6y1A4IoLHyMosvRz"]]],[1,1073741824,["_layer"],[0,["8bi0738IhAtY3dyaBkJqyd","aeiD5UelxDLLDE1afiGHLJ"]]],[1,1073741824,["_layer"],[0,["8bi0738IhAtY3dyaBkJqyd","09fnXj+lxDiK/IUYIYFxs4"]]],[1,1073741824,["_layer"],[0,["3fDXxMGS9Hs5dM/L99wPn6","87TwNn8wtNDo4rDAQvnSxE"]]],[1,1073741824,["_layer"],[0,["27poaASitC4rODzCSHZxf6","87TwNn8wtNDo4rDAQvnSxE"]]],[1,1073741824,["_layer"],[0,["28okTaFUpKoaFcStJcjGFV","87TwNn8wtNDo4rDAQvnSxE"]]],[1,1073741824,["_layer"],[0,["89KV/gbqJDiLUKBnZXUKkn","87TwNn8wtNDo4rDAQvnSxE"]]],[1,1073741824,["_layer"],[0,["69iRMk8tpPGLSNKmXnolG5","87TwNn8wtNDo4rDAQvnSxE"]]]]],13]],[7,0,{},16,[9,"c46/YsCPVOJYA4mWEpNYRx",null,null,-155,[8,"b8fJMg3XlMaJCt2846jJvB",1,[[3,"props_setting_selection",["_name"],17],[4,["_lpos"],17,[1,-445.348,40.044,0]],[4,["_lrot"],17,[3,0,0,0,1]],[4,["_euler"],17,[1,0,0,0]],[3,false,["_active"],17],[1,"props_setting_back",["_name"],[0,["96/k3adtFFBYdHCd9UZ74u"]]]]],14]],[10,"balance_label",26,[[6,-156,[2,"fbdGiuOcJKP4+wFnRZADUi"],[5,72,50]],[34,"Balance",23,20,2,1,true,1,-157,[2,"79FHyMEJZOOZKut8pADvWY"],[4,4282766847],[4,4282766847],[4,4282766847],[0,1,1]]],[5,"0fsFantppNS6XlfezRuiQB",null,null,null,1,0],[1,0,14,0]],[10,"bet",19,[[6,-158,[2,"f4KOcc/w5FSKodr7BkD2EJ"],[5,27.017559094375436,50.4]],[33,"Bet",21.360000000000003,18,-159,[2,"08SfAK0stOAoW5F1Pzi+al"]]],[5,"d1GQcH74tAjY4ozY0fW62n",null,null,null,1,0],[1,-10.146,-25.367,0]],[10,"win_label",30,[[6,-160,[2,"efIQO+nV5I/7bX+MpnyViV"],[5,72,50]],[34,"WIN",24,20,2,1,true,1,-161,[2,"dchyLj/x5NRaM8vgClNw8q"],[4,4282766847],[4,4282766847],[4,4282766847],[0,1,1]]],[5,"40CF1sZiNPVqRp0noWkoUU",null,null,null,1,0],[1,0,14,0]],[20,"Label",512,8,[[6,-162,[2,"44knbG+JNHeZoWVIX7PQJu"],[5,100,40]],[35,"",23.733333333333334,20,1,false,-163,[2,"d0aHCt1I1H7qomh5YbtdZU"],[4,4278190080]]],[5,"35bjBNeTFGUb9q4f5LYjTZ",null,null,null,1,0]],[20,"Label",512,9,[[6,-164,[2,"a2DW21puBHO6TVpuozyOQM"],[5,100,40]],[53,"",23.733333333333334,20,1,false,-165,[2,"c1tXCVdPtI/KjouCMA0kw3"]]],[5,"11k6V4U6NICK68h83O7RvR",null,null,null,1,0]],[20,"Label",512,10,[[6,-166,[2,"b09G0pwPZKqokOmEJxxHmA"],[5,100,40]],[35,"",23.733333333333334,20,1,false,-167,[2,"d01iISvFRBfpomyvgcxwIT"],[4,4278190080]]],[5,"e4pvlF+ZVHV7iBWNHqWbQ6",null,null,null,1,0]],[18,"win_back",11,[[14,-168,[2,"8eTy/4t2NLBL7W5SLai5LI"]],[17,"default","<None>",0,-169,[2,"7dmYb2AupBaaM/Pnl4yo2W"],37]],[5,"acxj8VC3lLhLVdRXi8vWVS",null,null,null,1,0]],[10,"value",32,[[6,-170,[2,"d2b4VLsvBImZ7qF4Tk8iff"],[5,255.94,40]],[54,"100.00",26,26,false,-171,[2,"7aTscLsCZKLoJeFh7I61YW"],38]],[5,"1eVXrAQOtFL6RKr0wWffMH",null,null,null,1,0],[1,0,-88,0]],[18,"win_front",11,[[29,-172,[2,"e573OBr99M35kXKg19A1do"],[5,1136,905.8118286132812],[0,0.5,0.0717588332882662]],[17,"default","<None>",0,-173,[2,"9dRCDbvbJM5bFK0yZk8Q9e"],40]],[5,"85tNz1mm9Pw6Q5FKQWry6h",null,null,null,1,0]],[7,0,{},11,[9,"c46/YsCPVOJYA4mWEpNYRx",null,null,-174,[8,"42LoChQ1JHKJrBSZ9D6ndr",1,[[3,"coin",["_name"],20],[4,["_lpos"],20,[1,0,0,0]],[4,["_lrot"],20,[3,0,0,0,1]],[4,["_euler"],20,[1,0,0,0]],[3,1073741824,["_layer"],20],[1,1073741824,["_layer"],[0,["d3ejYV8BRG+pAmZA5eSRhj"]]],[1,1073741824,["_layer"],[0,["bcEBEMD29H1ZWnVGykKFYP"]]]]],41]],[7,0,{},1,[9,"c46/YsCPVOJYA4mWEpNYRx",null,null,-175,[8,"ae7PVdYr5BdJekYDvCDFlD",1,[[3,"fly",["_name"],12],[4,["_lpos"],12,[1,0,0,0]],[4,["_lrot"],12,[3,0,0,0,1]],[4,["_euler"],12,[1,0,0,0]],[3,1073741824,["_layer"],12],[1,"m",["defaultAnimation"],[0,["56FmX99GRMaoYQxetbfrzw"]]],[1,1073741824,["_layer"],[0,["40Ao20Lo5LNqwRXbtXGP+3"]]],[1,1073741824,["_layer"],[0,["3dMvfle1RCKJWTeJTZKhM/"]]],[3,false,["_active"],12]]],42]],[0,["d6W49LQh9OhLF3ys9hmFfY"]],[0,["9aiiPCoYRF3Z4a33ag1n3A"]],[0,["ed9L6deW5OGbX2rqvwppT7"]],[0,["bcRQdrKOhGaompSPDusxOO"]],[0,["c5b3EdA3xDWYzn+E1Uio6h"]],[0,["cdaUp0eY5G4rrGBAk2xccp"]],[0,["eaiMj4XfNNI5H7/lyyalBP"]],[0,["1fOIP0voVKvq49y2oK8x8w"]],[0,["eaiMj4XfNNI5H7/lyyalBP"]],[0,["cdaUp0eY5G4rrGBAk2xccp"]],[0,["18WweQ6GRNZ60QD4Ljbsq/"]],[0,["e9+RPQP+dFoI0xmpYXzyVP"]],[0,["c63Bvdl+BFRqyW+Bq8pq28"]]],0,[0,-1,56,0,-2,55,0,-3,45,0,-4,44,0,-5,43,0,-6,41,0,-7,40,0,-8,34,0,2,1,0,0,1,0,-1,13,0,-2,14,0,-3,43,0,-4,24,0,-5,11,0,-6,56,0,0,2,0,0,2,0,0,2,0,-1,18,0,-2,26,0,-3,19,0,-4,30,0,-5,8,0,-6,9,0,-7,10,0,0,8,0,0,8,0,10,8,0,0,8,0,-1,49,0,0,9,0,0,9,0,10,9,0,0,9,0,-1,50,0,0,10,0,0,10,0,10,10,0,0,10,0,-1,51,0,0,11,0,-1,52,0,-2,32,0,-3,54,0,-4,55,0,0,13,0,0,13,0,-1,21,0,-2,22,0,0,14,0,0,14,0,-1,33,0,-2,23,0,0,15,0,0,15,0,0,15,0,0,15,0,0,16,0,-1,44,0,-2,45,0,0,18,0,0,18,0,10,18,0,0,18,0,0,19,0,-1,28,0,-2,47,0,-3,29,0,0,21,0,0,21,0,0,21,0,0,22,0,0,22,0,0,22,0,0,23,0,-1,40,0,-2,41,0,0,24,0,-1,25,0,0,25,0,0,25,0,0,26,0,-1,46,0,-2,27,0,0,27,0,0,27,0,0,27,0,0,28,0,0,28,0,0,28,0,0,29,0,0,29,0,0,29,0,0,30,0,-1,48,0,-2,31,0,0,31,0,0,31,0,0,31,0,0,32,0,0,32,0,-1,53,0,0,33,0,-1,34,0,1,35,0,1,57,0,1,58,0,1,36,0,1,37,0,1,36,0,1,37,0,1,35,0,1,38,0,1,59,0,1,60,0,1,39,0,1,39,0,1,61,0,1,38,0,1,39,0,1,60,0,1,59,0,1,61,0,1,57,0,1,58,0,1,36,0,1,37,0,1,35,0,1,38,0,2,34,0,1,62,0,1,63,0,1,63,0,1,62,0,1,64,0,1,64,0,2,40,0,1,65,0,1,66,0,1,42,0,1,42,0,1,67,0,1,66,0,1,42,0,1,67,0,1,65,0,2,41,0,1,68,0,1,68,0,2,43,0,1,69,0,1,69,0,2,44,0,2,45,0,0,46,0,0,46,0,0,47,0,0,47,0,0,48,0,0,48,0,0,49,0,0,49,0,0,50,0,0,50,0,0,51,0,0,51,0,0,52,0,0,52,0,0,53,0,0,53,0,0,54,0,0,54,0,2,55,0,2,56,0,14,1,2,7,16,15,7,25,16,7,24,175],[0,0,0,0,0,0,0,0,0,0,0,0,0,0,0,0,0,0,0,0,0,0,0,0,0,0,0,0,0,0,0,0,0,0,0,0,0,0,0,0,0,0,0],[6,6,4,4,5,4,5,5,5,5,5,5,4,4,4,6,8,11,12,13,8,11,12,13,6,6,8,6,8,11,12,13,6,8,11,12,13,9,15,9,9,4,4],[25,26,27,6,28,6,29,30,31,32,33,34,35,36,37,1,1,1,1,1,2,2,2,38,2,7,7,3,3,3,3,39,4,4,4,4,40,41,42,43,44,45,46]],[[{"name":"MGBG","rect":{"x":0,"y":0,"width":1600,"height":640},"offset":{"x":0,"y":0},"originalSize":{"width":1600,"height":640},"rotated":false,"capInsets":[0,0,0,0],"vertices":{"rawPosition":[-800,-320,0,800,-320,0,-800,320,0,800,320,0],"indexes":[0,1,2,2,1,3],"uv":[0,640,1600,640,0,0,1600,0],"nuv":[0,0,1,0,0,1,1,1],"minPos":{"x":-800,"y":-320,"z":0},"maxPos":{"x":800,"y":320,"z":0}},"packable":true,"pixelsToUnit":100,"pivot":{"x":0.5,"y":0.5},"meshType":0}],[0],0,[0],[3],[47]],[[[19,"fly"],[41,"fly",[-2,-3],[5,"c46/YsCPVOJYA4mWEpNYRx",null,null,null,-1,0]],[42,"board",33554432,1,[[14,-4,[2,"62aBMEJBhE3YotxleUWDUW"]],[17,"default","<None>",0,-5,[2,"56FmX99GRMaoYQxetbfrzw"],0]],[5,"40Ao20Lo5LNqwRXbtXGP+3",null,null,null,1,0]],[18,"wheel",1,[[29,-6,[2,"5dXsjOE+RGroFaZYUuYXqA"],[5,80.00001525878906,80],[0,0.46692443524848265,3.125]],[17,"default","GameIntro_L",0,-7,[2,"1bSAyU3e9PXqcTEEkzMfrt"],1]],[5,"3dMvfle1RCKJWTeJTZKhM/",null,null,null,1,0]]],0,[0,2,1,0,-1,2,0,-2,3,0,0,2,0,0,2,0,0,3,0,0,3,0,14,1,7],[0,0],[9,9],[48,49]],[[[15,"point",".bin","\r\npoint.png\r\nsize: 208,136\r\nformat: RGBA8888\r\nfilter: Linear,Linear\r\nrepeat: none\r\nwin_bg01\r\n  rotate: false\r\n  xy: 1, 1\r\n  size: 180, 134\r\n  orig: 180, 136\r\n  offset: 0, 2\r\n  index: -1\r\nwin_bg02\r\n  rotate: false\r\n  xy: 183, 5\r\n  size: 24, 130\r\n  orig: 24, 130\r\n  offset: 0, 0\r\n  index: -1\r\n",["point.png"],[0]],-1],0,0,[0],[-1],[50]],[[{"name":"spin","rect":{"x":0,"y":0,"width":184,"height":170},"offset":{"x":0,"y":0},"originalSize":{"width":184,"height":170},"rotated":false,"capInsets":[0,0,0,0],"vertices":{"rawPosition":[-92,-85,0,92,-85,0,-92,85,0,92,85,0],"indexes":[0,1,2,2,1,3],"uv":[0,170,184,170,0,0,184,0],"nuv":[0,0,1,0,0,1,1,1],"minPos":{"x":-92,"y":-85,"z":0},"maxPos":{"x":92,"y":85,"z":0}},"packable":true,"pixelsToUnit":100,"pivot":{"x":0.5,"y":0.5},"meshType":0}],[0],0,[0],[3],[51]],[[{"name":"Luckywheel3_upgrade","rect":{"x":188,"y":184,"width":133,"height":140},"offset":{"x":-0.5,"y":2},"originalSize":{"width":510,"height":512},"rotated":false,"capInsets":[0,0,0,0],"vertices":{"rawPosition":[-66.5,-70,0,66.5,-70,0,-66.5,70,0,66.5,70,0],"indexes":[0,1,2,2,1,3],"uv":[188,328,321,328,188,188,321,188],"nuv":[0.3686274509803922,0.3671875,0.6294117647058823,0.3671875,0.3686274509803922,0.640625,0.6294117647058823,0.640625],"minPos":{"x":-66.5,"y":-70,"z":0},"maxPos":{"x":66.5,"y":70,"z":0}},"packable":true,"pixelsToUnit":100,"pivot":{"x":0.5,"y":0.5},"meshType":0}],[0],0,[0],[3],[52]],[[[15,"static_vfx",".bin","\r\nstatic_vfx.png\r\nsize: 102,141\r\nformat: RGBA8888\r\nfilter: Linear,Linear\r\nrepeat: none\r\neft_bol_01\r\n  rotate: false\r\n  xy: 1, 1\r\n  size: 38, 38\r\n  orig: 40, 40\r\n  offset: 1, 1\r\n  index: -1\r\neft_bol_01K\r\n  rotate: false\r\n  xy: 41, 20\r\n  size: 60, 15\r\n  orig: 65, 15\r\n  offset: 3, 0\r\n  index: -1\r\neft_lig_02\r\n  rotate: false\r\n  xy: 1, 41\r\n  size: 69, 99\r\n  orig: 72, 102\r\n  offset: 2, 1\r\n  index: -1\r\neft_lw_moon_07\r\n  rotate: true\r\n  xy: 72, 37\r\n  size: 103, 25\r\n  orig: 109, 29\r\n  offset: 2, 4\r\n  index: -1\r\n",["static_vfx.png"],[0]],-1],0,0,[0],[-1],[53]],[[{"name":"auto","rect":{"x":0,"y":0,"width":96,"height":98},"offset":{"x":0,"y":0},"originalSize":{"width":96,"height":98},"rotated":false,"capInsets":[0,0,0,0],"vertices":{"rawPosition":[-48,-49,0,48,-49,0,-48,49,0,48,49,0],"indexes":[0,1,2,2,1,3],"uv":[0,98,96,98,0,0,96,0],"nuv":[0,0,1,0,0,1,1,1],"minPos":{"x":-48,"y":-49,"z":0},"maxPos":{"x":48,"y":49,"z":0}},"packable":true,"pixelsToUnit":100,"pivot":{"x":0.5,"y":0.5},"meshType":0}],[0],0,[0],[3],[54]],[[[15,"win_front",".bin","\nwin_front.png\nsize: 40,40\nformat: RGBA8888\nfilter: Linear,Linear\nrepeat: none\neft_bol_01\n  rotate: false\n  xy: 1, 1\n  size: 38, 38\n  orig: 40, 40\n  offset: 1, 1\n  index: -1\n",["win_front.png"],[0]],-1],0,0,[0],[-1],[55]]]]
