[1,["5dF0Rmwr9Nxaj9d0HkAN/2@6c48a"],["_textureSource"],["cc.SpriteFrame"],0,[{"name":"fish64","rect":{"x":0,"y":0,"width":4096,"height":1024},"offset":{"x":0,"y":0},"originalSize":{"width":4096,"height":1024},"rotated":false,"capInsets":[0,0,0,0],"vertices":{"rawPosition":[-2048,-512,0,2048,-512,0,-2048,512,0,2048,512,0],"indexes":[0,1,2,2,1,3],"uv":[0,1024,4096,1024,0,0,4096,0],"nuv":[0,0,1,0,0,1,1,1],"minPos":{"x":-2048,"y":-512,"z":0},"maxPos":{"x":2048,"y":512,"z":0}},"packable":true,"pixelsToUnit":100,"pivot":{"x":0.5,"y":0.5},"meshType":0}],[0],0,[0],[0],[0]]
