[1,["bceqHmSyZFbYUCBe6Jiwlm@6c48a"],["_textureSource"],["cc.SpriteFrame"],0,[{"name":"sea_icon_treasurebox1_02","rect":{"x":178,"y":267,"width":231,"height":104},"offset":{"x":37.5,"y":-63},"originalSize":{"width":512,"height":512},"rotated":false,"capInsets":[0,0,0,0],"vertices":{"rawPosition":[-115.5,-52,0,115.5,-52,0,-115.5,52,0,115.5,52,0],"indexes":[0,1,2,2,1,3],"uv":[178,245,409,245,178,141,409,141],"nuv":[0.34765625,0.275390625,0.798828125,0.275390625,0.34765625,0.478515625,0.798828125,0.478515625],"minPos":{"x":-115.5,"y":-52,"z":0},"maxPos":{"x":115.5,"y":52,"z":0}},"packable":true,"pixelsToUnit":100,"pivot":{"x":0.5,"y":0.5},"meshType":0}],[0],0,[0],[0],[0]]
