[1,["732k0MwAZBUYjmljFiLJG1@6c48a"],["_textureSource"],["cc.SpriteFrame"],0,[{"name":"small","rect":{"x":0,"y":0,"width":177,"height":64},"offset":{"x":0,"y":0},"originalSize":{"width":177,"height":64},"rotated":false,"capInsets":[0,0,0,0],"vertices":{"rawPosition":[-88.5,-32,0,88.5,-32,0,-88.5,32,0,88.5,32,0],"indexes":[0,1,2,2,1,3],"uv":[0,64,177,64,0,0,177,0],"nuv":[0,0,1,0,0,1,1,1],"minPos":{"x":-88.5,"y":-32,"z":0},"maxPos":{"x":88.5,"y":32,"z":0}},"packable":true,"pixelsToUnit":100,"pivot":{"x":0.5,"y":0.5},"meshType":0}],[0],0,[0],[0],[0]]
