[1,["37RJeA0xNGoJuCZK7tQWsl@6c48a"],["_textureSource"],["cc.SpriteFrame"],0,[{"name":"icon_jinyuanbao","rect":{"x":2,"y":2,"width":134,"height":128},"offset":{"x":0,"y":0},"originalSize":{"width":138,"height":132},"rotated":false,"capInsets":[0,0,0,0],"vertices":{"rawPosition":[-67,-64,0,67,-64,0,-67,64,0,67,64,0],"indexes":[0,1,2,2,1,3],"uv":[2,130,136,130,2,2,136,2],"nuv":[0.014492753623188406,0.015151515151515152,0.9855072463768116,0.015151515151515152,0.014492753623188406,0.9848484848484849,0.9855072463768116,0.9848484848484849],"minPos":{"x":-67,"y":-64,"z":0},"maxPos":{"x":67,"y":64,"z":0}},"packable":true,"pixelsToUnit":100,"pivot":{"x":0.5,"y":0.5},"meshType":0}],[0],0,[0],[0],[0]]
