[1,["c88zDGQrJCIq8hZ8oXc0Bx@f9941","456ZNdJoNLjbHIbbLkOVPK@6c48a","82gyoOlsJBaqTn3ml3idYi@6c48a","afxHkx8GZGsJC+n+YfITQo@6c48a","7dj5uJT9FMn6OrOOx83tfK@f9941","456ZNdJoNLjbHIbbLkOVPK@f9941","dcILfD4TVPk4h1ZecwTE5N@f9941","82gyoOlsJBaqTn3ml3idYi@f9941","afxHkx8GZGsJC+n+YfITQo@f9941","c88zDGQrJCIq8hZ8oXc0Bx@6c48a","dcILfD4TVPk4h1ZecwTE5N@6c48a"],["node","_spriteFrame","_textureSource","root","data","_parent","_scrollView","_normalSprite"],["cc.SpriteFrame",["cc.Node",["_name","_layer","_components","_prefab","_parent","_children","_lpos"],1,9,4,1,2,5],["cc.Sprite",["_sizeMode","_type","node","__prefab","_spriteFrame","_color"],1,1,4,6,5],["cc.Node",["_name","_layer","_active","_components","_prefab","_lpos","_children","_parent"],0,12,4,5,2,1],["cc.UITransform",["node","__prefab","_contentSize","_anchorPoint"],3,1,4,5,5],["cc.Widget",["_alignFlags","_originalHeight","_left","_right","_top","_bottom","_originalWidth","_alignMode","node","__prefab"],-5,1,4],["cc.Prefab",["_name"],2],["cc.CompPrefabInfo",["fileId"],2],["cc.PrefabInfo",["fileId","instance","targetOverrides","nestedPrefabInstanceRoots","root","asset"],-1,1,1],["cc.UIOpacity",["_opacity","node","__prefab"],2,1,4],["cc.BlockInputEvents",["node","__prefab"],3,1,4],["cc.Mask",["node","__prefab"],3,1,4],["cc.Graphics",["node","__prefab","_fillColor"],3,1,4,5],["cc.Button",["_transition","_zoomScale","node","__prefab","_normalSprite"],1,1,4,6],["cc.ScrollBar",["_direction","node","__prefab","_handle"],2,1,4,1],["cc.ScrollView",["bounceDuration","brake","horizontal","node","__prefab","_content","_verticalScrollBar"],0,1,4,1,1]],[[7,0,2],[8,0,1,2,3,4,5,5],[4,0,1,2,1],[1,0,1,4,2,3,6,3],[4,0,1,2,3,1],[2,1,0,2,3,3],[2,2,3,4,1],[1,0,1,4,5,2,3,3],[6,0,2],[1,0,1,5,2,3,3],[1,0,1,4,2,3,3],[1,0,1,4,5,2,3,6,3],[3,0,1,6,3,4,5,3],[3,0,2,1,7,6,3,4,5,4],[3,0,1,7,3,4,5,3],[4,0,1,1],[2,0,2,3,5,4,2],[2,0,2,3,4,2],[5,0,2,3,4,5,6,1,8,9,8],[5,0,1,7,8,9,4],[9,0,1,2,2],[10,0,1,1],[11,0,1,1],[12,0,1,2,1],[13,0,1,2,3,4,3],[14,0,1,2,3,2],[15,0,1,2,3,4,5,6,4]],[[[{"name":"zi_guize","rect":{"x":0,"y":0,"width":812,"height":458},"offset":{"x":0,"y":0},"originalSize":{"width":812,"height":458},"rotated":false,"capInsets":[0,0,0,0],"vertices":{"rawPosition":[-406,-229,0,406,-229,0,-406,229,0,406,229,0],"indexes":[0,1,2,2,1,3],"uv":[0,458,812,458,0,0,812,0],"nuv":[0,0,1,0,0,1,1,1],"minPos":{"x":-406,"y":-229,"z":0},"maxPos":{"x":406,"y":229,"z":0}},"packable":true,"pixelsToUnit":100,"pivot":{"x":0.5,"y":0.5},"meshType":0}],[0],0,[0],[2],[1]],[[{"name":"bg_guize_box","rect":{"x":0,"y":0,"width":973,"height":504},"offset":{"x":0,"y":0},"originalSize":{"width":973,"height":504},"rotated":false,"capInsets":[0,0,0,0],"vertices":{"rawPosition":[-486.5,-252,0,486.5,-252,0,-486.5,252,0,486.5,252,0],"indexes":[0,1,2,2,1,3],"uv":[0,504,973,504,0,0,973,0],"nuv":[0,0,1,0,0,1,1,1],"minPos":{"x":-486.5,"y":-252,"z":0},"maxPos":{"x":486.5,"y":252,"z":0}},"packable":true,"pixelsToUnit":100,"pivot":{"x":0.5,"y":0.5},"meshType":0}],[0],0,[0],[2],[2]],[[{"name":"default_scrollbar_vertical","rect":{"x":0,"y":0,"width":15,"height":30},"offset":{"x":0,"y":0},"originalSize":{"width":15,"height":30},"rotated":false,"capInsets":[4,10,4,10],"vertices":{"rawPosition":[-7.5,-15,0,7.5,-15,0,-7.5,15,0,7.5,15,0],"indexes":[0,1,2,2,1,3],"uv":[0,30,15,30,0,0,15,0],"nuv":[0,0,1,0,0,1,1,1],"minPos":{"x":-7.5,"y":-15,"z":0},"maxPos":{"x":7.5,"y":15,"z":0}},"packable":true,"pixelsToUnit":100,"pivot":{"x":0.5,"y":0.5},"meshType":0}],[0],0,[0],[2],[3]],[[[8,"rulePanel"],[9,"rulePanel",33554432,[-3,-4,-5],[[15,-2,[0,"14CGIix0lA/I1oQ5txTq1A"]]],[1,"c46/YsCPVOJYA4mWEpNYRx",null,null,null,-1,0]],[10,"SpriteSplash",33554432,1,[[2,-6,[0,"37Kg32lUtCI7qcBpGCXzqi"],[5,1400,800]],[16,0,-7,[0,"197am1QMBHRIR9+e/QygI7"],[4,4278190080],0],[18,45,-650,-650,-350,-350,100,100,-8,[0,"0fHC942P5L5ZchPiWl2jzI"]],[20,100,-9,[0,"13DJ12O5JCXpQa32golpf6"]],[21,-10,[0,"96qoGF4aZJub7QWxjlhuut"]]],[1,"3cgHOmwnNCeY+1jj6FqbuW",null,null,null,1,0]],[12,"ScrollView",33554432,[-14,-15],[[[2,-11,[0,"bbFRfPxJdKt4xKKwnST+wX"],[5,900,400]],[5,1,0,-12,[0,"60IMclID9DI4zi+KpEIpUy"]],-13],4,4,1],[1,"b36mqJKKlKoqbs22H22uvG",null,null,null,1,0],[1,0,-17,0]],[13,"scrollBar",false,33554432,3,[-20],[[[4,-16,[0,"bf1Euqh7tNdIVs/jFtmhN5"],[5,12,250],[0,1,0.5]],[5,1,0,-17,[0,"84ARDmAV9KHrc+x1dpflnn"]],[19,37,250,1,-18,[0,"2bShwcVABF4rPDw4D0Fs2G"]],-19],4,4,4,1],[1,"0b2AnGyIhKjaLGOAgcD5Lj",null,null,null,1,0],[1,120,0,0]],[7,"bg_guize_box",33554432,1,[3,-23],[[2,-21,[0,"d6T9XVZbhLq7HEfxDIbOhb"],[5,973,504]],[6,-22,[0,"c2aflHe65N/KQ3vVcFMlci"],3]],[1,"76xY9n1u9Kn5BAAegeTJzg",null,null,null,1,0]],[7,"view",33554432,3,[-27],[[2,-24,[0,"75n2nlWlxOgrbXJtPQ/PKA"],[5,900,400]],[22,-25,[0,"bdOM7nY7dDK7Pd36KGVWGK"]],[23,-26,[0,"0dZgd46e5Mvrj22THYa1ac"],[4,16777215]]],[1,"6eVmcPp3hBL4JdyGN4aXcp",null,null,null,1,0]],[11,"content",33554432,6,[-29],[[4,-28,[0,"acFIe1io5OwLOrx36xcXIG"],[5,900,600],[0,0.5,1]]],[1,"9dedTDcitI1qqJrnhyvbGr",null,null,null,1,0],[1,0,200,0]],[3,"props_close",33554432,1,[[2,-30,[0,"1bliTfoJNLvoCjX0NuKsda"],[5,51,50]],[6,-31,[0,"a5eN16EuxE8INiZQcKNJdm"],4],[24,3,0.9,-32,[0,"5csxlzCDFHkK/wMFqqji5Y"],5]],[1,"734qxaP+RIWr++J/6uSxml",null,null,null,1,0],[1,446,220,0]],[14,"bar",33554432,4,[[[4,-33,[0,"f6reWktbBEFLqe8LfecOc3"],[5,10,156.25],[0,0,0]],-34],4,1],[1,"20xsTZBOxOl7wWjKlxZ7qB",null,null,null,1,0],[1,-11,-31.25,0]],[3,"zi_guize",33554432,7,[[2,-35,[0,"2dBxgUJuZGf6H3fXkEwouR"],[5,870,458]],[17,0,-36,[0,"057QbQR9NMgpdkJ0IxFAaJ"],1]],[1,"a7CiI7R4NC7a5JiI4qqfJA",null,null,null,1,0],[1,0,-242.929,0]],[3,"Aturan crash",33554432,5,[[2,-37,[0,"179cBL/itBbo52xFV+Mpdh"],[5,174,29]],[6,-38,[0,"60Nbfi8TpFAozKfmdgRF69"],2]],[1,"10qXSTEZJHJZLgZCACtsxX",null,null,null,1,0],[1,0,215,0]],[5,1,0,9,[0,"75B6AyggZAzoD1HTzSAx+i"]],[25,1,4,[0,"5dW+xzou5Iyo3X7T2Vn26p"],12],[26,0.23,0.75,false,3,[0,"bfJo8iUShGlZ7ZS0e/Iwdd"],7,13]],0,[0,3,1,0,0,1,0,-1,2,0,-2,5,0,-3,8,0,0,2,0,0,2,0,0,2,0,0,2,0,0,2,0,0,3,0,0,3,0,-3,14,0,-1,4,0,-2,6,0,0,4,0,0,4,0,0,4,0,-4,13,0,-1,9,0,0,5,0,0,5,0,-2,11,0,0,6,0,0,6,0,0,6,0,-1,7,0,0,7,0,-1,10,0,0,8,0,0,8,0,0,8,0,0,9,0,-2,12,0,0,10,0,0,10,0,0,11,0,0,11,0,4,1,3,5,5,13,6,14,38],[0,0,0,0,0,0,12],[1,1,1,1,1,7,1],[4,5,6,7,0,0,8]],[[{"name":"btn_hj_lishi_off@2x","rect":{"x":0,"y":0,"width":51,"height":50},"offset":{"x":0,"y":0},"originalSize":{"width":51,"height":50},"rotated":false,"capInsets":[0,0,0,0],"vertices":{"rawPosition":[-25.5,-25,0,25.5,-25,0,-25.5,25,0,25.5,25,0],"indexes":[0,1,2,2,1,3],"uv":[0,50,51,50,0,0,51,0],"nuv":[0,0,1,0,0,1,1,1],"minPos":{"x":-25.5,"y":-25,"z":0},"maxPos":{"x":25.5,"y":25,"z":0}},"packable":true,"pixelsToUnit":100,"pivot":{"x":0.5,"y":0.5},"meshType":0}],[0],0,[0],[2],[9]],[[{"name":"Crash rules","rect":{"x":0,"y":0,"width":174,"height":29},"offset":{"x":0,"y":0},"originalSize":{"width":174,"height":29},"rotated":false,"capInsets":[0,0,0,0],"vertices":{"rawPosition":[-87,-14.5,0,87,-14.5,0,-87,14.5,0,87,14.5,0],"indexes":[0,1,2,2,1,3],"uv":[0,29,174,29,0,0,174,0],"nuv":[0,0,1,0,0,1,1,1],"minPos":{"x":-87,"y":-14.5,"z":0},"maxPos":{"x":87,"y":14.5,"z":0}},"packable":true,"pixelsToUnit":100,"pivot":{"x":0.5,"y":0.5},"meshType":0}],[0],0,[0],[2],[10]]]]
