[1,["fcutvc4JNGuLYAVUTBCty5@6c48a"],0,[["sp.SkeletonData",["_name","_atlasText","textureNames","_skeletonJson","textures"],-1,3]],[[0,0,1,2,3,4,5]],[[0,"tubiao_a","\r\ntubiao_a.png\r\nsize: 128,128\r\nformat: RGBA8888\r\nfilter: Linear,Linear\r\nrepeat: none\r\nicon_fenghuang_tubiao_a\r\n  rotate: false\r\n  xy: 2, 2\r\n  size: 103, 96\r\n  orig: 103, 96\r\n  offset: 0, 0\r\n  index: -1\r\n",["tubiao_a.png"],{"skeleton":{"hash":"SzQx30Fh/d1tj/FGwBfLILQF1QA","spine":"3.8.99","images":"E:/新版UI/凤凰/切图/图标","audio":""},"bones":[{"name":"root"}],"slots":[{"name":"icon_fenghuang_tubiao_10","bone":"root","attachment":"icon_fenghuang_tubiao_a"}],"skins":[{"name":"default","attachments":{"icon_fenghuang_tubiao_10":{"icon_fenghuang_tubiao_a":{"width":103,"height":96}}}}],"animations":{"animation":{}}},[0]]],0,0,[0],[-1],[0]]
