[1,["16fdb0401@6c48a"],["_textureSource"],["cc.SpriteFrame","cc.SpriteAtlas"],0,[[[{"name":"img_cutdown_bg","rect":{"x":3,"y":241,"width":328,"height":108},"offset":{"x":0,"y":0},"originalSize":{"width":328,"height":108},"rotated":false,"capInsets":[0,0,0,0],"packable":true,"pixelsToUnit":100,"pivot":{"x":0.5,"y":0.5},"meshType":0}],[0],0,[0],[0],[0]],[[{"name":"word_single","rect":{"x":3,"y":423,"width":250,"height":62},"offset":{"x":0,"y":0},"originalSize":{"width":250,"height":62},"rotated":false,"capInsets":[0,0,0,0],"packable":true,"pixelsToUnit":100,"pivot":{"x":0.5,"y":0.5},"meshType":0}],[0],0,[0],[0],[0]],[[{"name":"img_banker_bg","rect":{"x":292,"y":355,"width":30,"height":33},"offset":{"x":0,"y":0},"originalSize":{"width":30,"height":33},"rotated":true,"capInsets":[0,0,0,0],"packable":true,"pixelsToUnit":100,"pivot":{"x":0.5,"y":0.5},"meshType":0}],[0],0,[0],[0],[0]],[[{"name":"cards_misNum_5","rect":{"x":828,"y":466,"width":20,"height":20},"offset":{"x":0,"y":0},"originalSize":{"width":20,"height":20},"rotated":false,"capInsets":[0,0,0,0],"packable":true,"pixelsToUnit":100,"pivot":{"x":0.5,"y":0.5},"meshType":0}],[0],0,[0],[0],[0]],[[{"name":"icon_dt_loading_1","rect":{"x":3,"y":57,"width":772,"height":24},"offset":{"x":0,"y":0},"originalSize":{"width":772,"height":24},"rotated":false,"capInsets":[11,0,11,0],"packable":true,"pixelsToUnit":100,"pivot":{"x":0.5,"y":0.5},"meshType":0}],[0],0,[0],[0],[0]],[[{"name":"btn_set_on","rect":{"x":651,"y":466,"width":91,"height":55},"offset":{"x":2,"y":-0.5},"originalSize":{"width":95,"height":60},"rotated":false,"capInsets":[0,0,0,0],"packable":true,"pixelsToUnit":100,"pivot":{"x":0.5,"y":0.5},"meshType":0}],[0],0,[0],[0],[0]],[[{"name":"cards_misNum_1","rect":{"x":828,"y":492,"width":20,"height":20},"offset":{"x":0,"y":0},"originalSize":{"width":20,"height":20},"rotated":false,"capInsets":[0,0,0,0],"packable":true,"pixelsToUnit":100,"pivot":{"x":0.5,"y":0.5},"meshType":0}],[0],0,[0],[0],[0]],[[{"name":"btn_set_quit","rect":{"x":423,"y":517,"width":45,"height":23},"offset":{"x":-0.5,"y":0.5},"originalSize":{"width":46,"height":24},"rotated":true,"capInsets":[0,0,0,0],"packable":true,"pixelsToUnit":100,"pivot":{"x":0.5,"y":0.5},"meshType":0}],[0],0,[0],[0],[0]],[[{"name":"cards_misNum_4","rect":{"x":828,"y":518,"width":20,"height":20},"offset":{"x":0,"y":0},"originalSize":{"width":20,"height":20},"rotated":false,"capInsets":[0,0,0,0],"packable":true,"pixelsToUnit":100,"pivot":{"x":0.5,"y":0.5},"meshType":0}],[0],0,[0],[0],[0]],[[{"name":"word_times_5","rect":{"x":257,"y":551,"width":91,"height":62},"offset":{"x":0,"y":0},"originalSize":{"width":91,"height":62},"rotated":true,"capInsets":[0,0,0,0],"packable":true,"pixelsToUnit":100,"pivot":{"x":0.5,"y":0.5},"meshType":0}],[0],0,[0],[0],[0]],[[{"name":"btn_set_off","rect":{"x":423,"y":633,"width":80,"height":21},"offset":{"x":0,"y":0},"originalSize":{"width":80,"height":21},"rotated":true,"capInsets":[0,0,0,0],"packable":true,"pixelsToUnit":100,"pivot":{"x":0.5,"y":0.5},"meshType":0}],[0],0,[0],[0],[0]],[[{"name":"icon_domino_shengyupai_wu","rect":{"x":888,"y":314,"width":62,"height":130},"offset":{"x":0,"y":0},"originalSize":{"width":62,"height":130},"rotated":true,"capInsets":[0,0,0,0],"packable":true,"pixelsToUnit":100,"pivot":{"x":0.5,"y":0.5},"meshType":0}],[0],0,[0],[0],[0]],[[{"name":"word_double","rect":{"x":3,"y":355,"width":283,"height":62},"offset":{"x":0,"y":0},"originalSize":{"width":283,"height":62},"rotated":false,"capInsets":[0,0,0,0],"packable":true,"pixelsToUnit":100,"pivot":{"x":0.5,"y":0.5},"meshType":0}],[0],0,[0],[0],[0]],[[{"name":"btn_set_gules","rect":{"x":259,"y":423,"width":122,"height":23},"offset":{"x":0,"y":0},"originalSize":{"width":122,"height":23},"rotated":true,"capInsets":[0,0,0,0],"packable":true,"pixelsToUnit":100,"pivot":{"x":0.5,"y":0.5},"meshType":0}],[0],0,[0],[0],[0]],[[{"name":"img_head_bg","rect":{"x":459,"y":457,"width":106,"height":106},"offset":{"x":0,"y":0},"originalSize":{"width":106,"height":106},"rotated":false,"capInsets":[0,0,0,0],"packable":true,"pixelsToUnit":100,"pivot":{"x":0.5,"y":0.5},"meshType":0}],[0],0,[0],[0],[0]],[[{"name":"img_domino_ready","rect":{"x":325,"y":457,"width":128,"height":54},"offset":{"x":0,"y":0},"originalSize":{"width":128,"height":54},"rotated":false,"capInsets":[0,0,0,0],"packable":true,"pixelsToUnit":100,"pivot":{"x":0.5,"y":0.5},"meshType":0}],[0],0,[0],[0],[0]],[[{"name":"btn_set_change","rect":{"x":292,"y":391,"width":139,"height":27},"offset":{"x":0,"y":0.5},"originalSize":{"width":139,"height":28},"rotated":true,"capInsets":[0,0,0,0],"packable":true,"pixelsToUnit":100,"pivot":{"x":0.5,"y":0.5},"meshType":0}],[0],0,[0],[0],[0]],[[{"name":"btn_continue","rect":{"x":805,"y":3,"width":215,"height":71},"offset":{"x":0,"y":0},"originalSize":{"width":215,"height":71},"rotated":false,"capInsets":[0,0,0,0],"packable":true,"pixelsToUnit":100,"pivot":{"x":0.5,"y":0.5},"meshType":0}],[0],0,[0],[0],[0]],[[{"name":"btn_domino_down","rect":{"x":748,"y":525,"width":69,"height":70},"offset":{"x":0,"y":0},"originalSize":{"width":69,"height":70},"rotated":true,"capInsets":[0,0,0,0],"packable":true,"pixelsToUnit":100,"pivot":{"x":0.5,"y":0.5},"meshType":0}],[0],0,[0],[0],[0]],[[{"name":"img_turn_tips","rect":{"x":675,"y":156,"width":342,"height":152},"offset":{"x":-0.5,"y":-0.5},"originalSize":{"width":349,"height":155},"rotated":false,"capInsets":[0,0,0,0],"packable":true,"pixelsToUnit":100,"pivot":{"x":0.5,"y":0.5},"meshType":0}],[0],0,[0],[0],[0]],[[{"name":"img_cek_down","rect":{"x":571,"y":457,"width":74,"height":53},"offset":{"x":0,"y":0},"originalSize":{"width":74,"height":53},"rotated":false,"capInsets":[0,0,0,0],"packable":true,"pixelsToUnit":100,"pivot":{"x":0.5,"y":0.5},"meshType":0}],[0],0,[0],[0],[0]],[[{"name":"cards_misNum_0","rect":{"x":539,"y":635,"width":20,"height":20},"offset":{"x":0,"y":0},"originalSize":{"width":20,"height":20},"rotated":false,"capInsets":[0,0,0,0],"packable":true,"pixelsToUnit":100,"pivot":{"x":0.5,"y":0.5},"meshType":0}],[0],0,[0],[0],[0]],[[{"name":"word_times_2","rect":{"x":325,"y":517,"width":92,"height":63},"offset":{"x":0,"y":0},"originalSize":{"width":92,"height":63},"rotated":false,"capInsets":[0,0,0,0],"packable":true,"pixelsToUnit":100,"pivot":{"x":0.5,"y":0.5},"meshType":0}],[0],0,[0],[0],[0]],[[{"name":"word_times_4","rect":{"x":675,"y":87,"width":98,"height":63},"offset":{"x":0,"y":0},"originalSize":{"width":98,"height":63},"rotated":false,"capInsets":[0,0,0,0],"packable":true,"pixelsToUnit":100,"pivot":{"x":0.5,"y":0.5},"meshType":0}],[0],0,[0],[0],[0]],[[{"name":"btn_set_effect","rect":{"x":423,"y":568,"width":59,"height":22},"offset":{"x":0,"y":0},"originalSize":{"width":59,"height":22},"rotated":true,"capInsets":[0,0,0,0],"packable":true,"pixelsToUnit":100,"pivot":{"x":0.5,"y":0.5},"meshType":0}],[0],0,[0],[0],[0]],[[{"name":"btn_set_music","rect":{"x":539,"y":569,"width":60,"height":21},"offset":{"x":0.5,"y":0},"originalSize":{"width":61,"height":21},"rotated":true,"capInsets":[0,0,0,0],"packable":true,"pixelsToUnit":100,"pivot":{"x":0.5,"y":0.5},"meshType":0}],[0],0,[0],[0],[0]],[[{"name":"img_cek_right","rect":{"x":571,"y":516,"width":74,"height":53},"offset":{"x":0,"y":0},"originalSize":{"width":74,"height":53},"rotated":false,"capInsets":[0,0,0,0],"packable":true,"pixelsToUnit":100,"pivot":{"x":0.5,"y":0.5},"meshType":0}],[0],0,[0],[0],[0]],[[{"name":"word_times_1","rect":{"x":451,"y":569,"width":82,"height":63},"offset":{"x":0,"y":0},"originalSize":{"width":82,"height":63},"rotated":false,"capInsets":[0,0,0,0],"packable":true,"pixelsToUnit":100,"pivot":{"x":0.5,"y":0.5},"meshType":0}],[0],0,[0],[0],[0]],[[{"name":"btn_domino_shop","rect":{"x":651,"y":527,"width":69,"height":70},"offset":{"x":0,"y":0},"originalSize":{"width":69,"height":70},"rotated":true,"capInsets":[0,0,0,0],"packable":true,"pixelsToUnit":100,"pivot":{"x":0.5,"y":0.5},"meshType":0}],[0],0,[0],[0],[0]],[[{"name":"img_record_bg","rect":{"x":3,"y":87,"width":666,"height":66},"offset":{"x":0,"y":0},"originalSize":{"width":666,"height":66},"rotated":false,"capInsets":[0,0,0,0],"packable":true,"pixelsToUnit":100,"pivot":{"x":0.5,"y":0.5},"meshType":0}],[0],0,[0],[0],[0]],[[{"name":"img_pesone_bg","rect":{"x":781,"y":80,"width":231,"height":65},"offset":{"x":0,"y":0},"originalSize":{"width":231,"height":65},"rotated":false,"capInsets":[0,0,0,0],"packable":true,"pixelsToUnit":100,"pivot":{"x":0.5,"y":0.5},"meshType":0}],[0],0,[0],[0],[0]],[[{"name":"icon_dt_loading_0","rect":{"x":3,"y":3,"width":796,"height":48},"offset":{"x":0,"y":0},"originalSize":{"width":796,"height":48},"rotated":false,"capInsets":[0,0,0,0],"packable":true,"pixelsToUnit":100,"pivot":{"x":0.5,"y":0.5},"meshType":0}],[0],0,[0],[0],[0]],[[{"name":"word_times_3","rect":{"x":325,"y":586,"width":92,"height":63},"offset":{"x":0,"y":0},"originalSize":{"width":92,"height":63},"rotated":false,"capInsets":[0,0,0,0],"packable":true,"pixelsToUnit":100,"pivot":{"x":0.5,"y":0.5},"meshType":0}],[0],0,[0],[0],[0]],[[{"name":"btn_off","rect":{"x":824,"y":596,"width":62,"height":62},"offset":{"x":0,"y":0},"originalSize":{"width":62,"height":62},"rotated":false,"capInsets":[0,0,0,0],"packable":true,"pixelsToUnit":100,"pivot":{"x":0.5,"y":0.5},"meshType":0}],[0],0,[0],[0],[0]],[[{"name":"cards_misNum_2","rect":{"x":824,"y":544,"width":20,"height":20},"offset":{"x":0,"y":0},"originalSize":{"width":20,"height":20},"rotated":false,"capInsets":[0,0,0,0],"packable":true,"pixelsToUnit":100,"pivot":{"x":0.5,"y":0.5},"meshType":0}],[0],0,[0],[0],[0]],[[{"name":"img_set_bg","rect":{"x":337,"y":241,"width":210,"height":308},"offset":{"x":0,"y":0},"originalSize":{"width":210,"height":308},"rotated":true,"capInsets":[0,0,0,0],"packable":true,"pixelsToUnit":100,"pivot":{"x":0.5,"y":0.5},"meshType":0}],[0],0,[0],[0],[0]],[[{"name":"icon_domino_shengyupai_wu1","rect":{"x":888,"y":382,"width":62,"height":130},"offset":{"x":0,"y":0},"originalSize":{"width":62,"height":130},"rotated":true,"capInsets":[0,0,0,0],"packable":true,"pixelsToUnit":100,"pivot":{"x":0.5,"y":0.5},"meshType":0}],[0],0,[0],[0],[0]],[[{"name":"btn_quit","rect":{"x":651,"y":385,"width":214,"height":75},"offset":{"x":0,"y":0},"originalSize":{"width":214,"height":75},"rotated":false,"capInsets":[0,0,0,0],"packable":true,"pixelsToUnit":100,"pivot":{"x":0.5,"y":0.5},"meshType":0}],[0],0,[0],[0],[0]],[[{"name":"cards_misNum_3","rect":{"x":824,"y":570,"width":20,"height":20},"offset":{"x":0,"y":0},"originalSize":{"width":20,"height":20},"rotated":false,"capInsets":[0,0,0,0],"packable":true,"pixelsToUnit":100,"pivot":{"x":0.5,"y":0.5},"meshType":0}],[0],0,[0],[0],[0]],[[{"name":"img_cek_up","rect":{"x":748,"y":466,"width":74,"height":53},"offset":{"x":0,"y":0},"originalSize":{"width":74,"height":53},"rotated":false,"capInsets":[0,0,0,0],"packable":true,"pixelsToUnit":100,"pivot":{"x":0.5,"y":0.5},"meshType":0}],[0],0,[0],[0],[0]],[[{"name":"btn_domino_chat","rect":{"x":566,"y":575,"width":69,"height":70},"offset":{"x":0,"y":0},"originalSize":{"width":69,"height":70},"rotated":true,"capInsets":[0,0,0,0],"packable":true,"pixelsToUnit":100,"pivot":{"x":0.5,"y":0.5},"meshType":0}],[0],0,[0],[0],[0]],[[{"name":"word_quintet","rect":{"x":348,"y":159,"width":318,"height":76},"offset":{"x":0,"y":0},"originalSize":{"width":318,"height":76},"rotated":false,"capInsets":[0,0,0,0],"packable":true,"pixelsToUnit":100,"pivot":{"x":0.5,"y":0.5},"meshType":0}],[0],0,[0],[0],[0]],[[{"name":"auto_domino","spriteFrames":["icon_dt_loading_0","93txvtwFxMBqpqk07e4TIP@f9941","btn_continue","44WWtLKfVAspxHTKcR7ILj@f9941","icon_dt_loading_1","0dXF9987xPRYNclZAD/Ifo@f9941","img_pesone_bg","92u8+y4iBJ6YT0F5Aq3Cdu@f9941","btn_bet_deer","eaJ0FCGjBPbb/10ew5pe/I@f9941","img_record_bg","89AwCegg5KmIzJwLfz0QRj@f9941","word_times_4","6ar2B1YyVLmr029neMj3Id@f9941","img_turn_tips","52ut8VBDpCzoCnyqgkWFtX@f9941","word_quartet","fdwenp3ctHAIj44khVOs4f@f9941","word_quintet","c7bE/fWXdMj40eKiF1ufmZ@f9941","img_cutdown_bg","02htPEFa9FD5varVNzrkBQ@f9941","img_set_bg","a8pYQTJtRETqKKsw/oNMDd@f9941","word_double","30Yt9o7MFMbr7vFRD2BZvp@f9941","img_banker_bg","06D9nBPR5MJqjuJDtDlsWo@f9941","btn_set_change","3cKLI4Uq5NrKftAJbQp+P3@f9941","word_single","04DGuCtF5PcYbiJHsnaDSS@f9941","btn_set_gules","31AT749URCKrgS07IZqrXp@f9941","word_triple","dcXwh+SARE55iiXkmmB121@f9941","img_pesone_bg1","edCtP8VshJIbl4UMh0PfZZ@f9941","icon_domino_shengyupai_wu","2e8ma3ZLhJwb9TMHLnwYMY@f9941","icon_domino_shengyupai_wu1","b4AmW3EBVMaZZA7fY5Edx1@f9941","btn_quit","b86Ln+qG9NcpkDsw6ljuQj@f9941","head1","e7eSOW6XtI3pLCCm4OcAAn@f9941","img_domino_ready","39zgOz7qVBL63g61zEjAsD@f9941","img_head_bg","38oQEzO6FMiIH5cY3/oKfy@f9941","img_cek_down","60nGLhN5pA16MkKInhxpD9@f9941","word_times_2","66J7j/xvVGLK8YTA/6er0S@f9941","word_times_5","2b7t+/J/pIRLHlqdBc/2zZ@f9941","btn_set_quit","23jyO+rqpKtLD/hfh9MrqX@f9941","btn_set_effect","6bIJ5dboRPYJhs7DSoIJzY@f9941","word_times_3","963Aj+Jz5PpoCqSpHt2fJ2@f9941","btn_set_on","12eWdQXeFEqpdq6KDAuvaT@f9941","img_cek_right","71r9vf2u5Fir5qe4JY3vLF@f9941","word_times_1","86CF22MfVMTqJCfLL5LFWI@f9941","btn_set_off","2dKTaNWNxEToGOAGQ5o4cU@f9941","btn_set_music","6cWEuSL11FGJEjKFeTlr3Y@f9941","img_cek_up","c2K+RTDjFKUaeoRc2vnKo2@f9941","cards_misNum_5","06GGOxx+1MEp8E8eKoGrRR@f9941","cards_misNum_1","1eq+G8KfVHXJJQSZKEzgZE@f9941","cards_misNum_4","24NaP13RZCkKR3dG6v6nZj@f9941","btn_domino_down","49VsQtMyBGfZntkYaXwL9m@f9941","btn_domino_shop","87IR31O/lBJZggVcA16561@f9941","btn_domino_chat","c47ykryoNBvKoNzJtNXqB/@f9941","cards_misNum_0","64Tt0gk1dLjaayiE+jJi7R@f9941","btn_domino_up","f4+E/I79pHdb1x3VpEcvTa@f9941","cards_misNum_2","a4u5BXx01DD6XoQkWQWO6P@f9941","cards_misNum_3","bbsU3TXORCUaRwCbQPvdJz@f9941","btn_off","a21vc6JuxBN6ZEoXT4shrl@f9941","img_handCards_Bg","d95me6WU1Oa6/8D1/XhN1v@f9941","cards_misNum_6","f4VRcFxzZD6Yd3EqYeRQBc@f9941","btn_domino_gift","e5au+1shlAgJURNb0PdMmz@f9941"]}],[1],0,[],[],[]],[[{"name":"img_handCards_Bg","rect":{"x":727,"y":600,"width":54,"height":57},"offset":{"x":0,"y":0},"originalSize":{"width":54,"height":57},"rotated":true,"capInsets":[0,0,0,0],"packable":true,"pixelsToUnit":100,"pivot":{"x":0.5,"y":0.5},"meshType":0}],[0],0,[0],[0],[0]],[[{"name":"word_triple","rect":{"x":3,"y":491,"width":248,"height":64},"offset":{"x":0,"y":0},"originalSize":{"width":248,"height":64},"rotated":false,"capInsets":[0,0,0,0],"packable":true,"pixelsToUnit":100,"pivot":{"x":0.5,"y":0.5},"meshType":0}],[0],0,[0],[0],[0]],[[{"name":"btn_domino_gift","rect":{"x":642,"y":602,"width":56,"height":56},"offset":{"x":0,"y":0},"originalSize":{"width":56,"height":56},"rotated":false,"capInsets":[0,0,0,0],"packable":true,"pixelsToUnit":100,"pivot":{"x":0.5,"y":0.5},"meshType":0}],[0],0,[0],[0],[0]],[[{"name":"head1","rect":{"x":871,"y":450,"width":140,"height":140},"offset":{"x":0,"y":0},"originalSize":{"width":140,"height":140},"rotated":false,"capInsets":[0,0,0,0],"packable":true,"pixelsToUnit":100,"pivot":{"x":0.5,"y":0.5},"meshType":0}],[0],0,[0],[0],[0]],[[{"name":"btn_bet_deer","rect":{"x":1018,"y":80,"width":1,"height":1},"offset":{"x":0.5,"y":-0.5},"originalSize":{"width":2,"height":2},"rotated":false,"capInsets":[0,0,0,0],"packable":true,"pixelsToUnit":100,"pivot":{"x":0.5,"y":0.5},"meshType":0}],[0],0,[0],[0],[0]],[[{"name":"img_pesone_bg1","rect":{"x":651,"y":314,"width":231,"height":65},"offset":{"x":0,"y":0},"originalSize":{"width":231,"height":65},"rotated":false,"capInsets":[0,0,0,0],"packable":true,"pixelsToUnit":100,"pivot":{"x":0.5,"y":0.5},"meshType":0}],[0],0,[0],[0],[0]],[[{"name":"cards_misNum_6","rect":{"x":790,"y":600,"width":20,"height":20},"offset":{"x":0,"y":0},"originalSize":{"width":20,"height":20},"rotated":false,"capInsets":[0,0,0,0],"packable":true,"pixelsToUnit":100,"pivot":{"x":0.5,"y":0.5},"meshType":0}],[0],0,[0],[0],[0]],[[{"name":"btn_domino_up","rect":{"x":450,"y":638,"width":69,"height":70},"offset":{"x":0,"y":0},"originalSize":{"width":69,"height":70},"rotated":true,"capInsets":[0,0,0,0],"packable":true,"pixelsToUnit":100,"pivot":{"x":0.5,"y":0.5},"meshType":0}],[0],0,[0],[0],[0]],[[{"name":"word_quartet","rect":{"x":3,"y":159,"width":339,"height":76},"offset":{"x":0,"y":0},"originalSize":{"width":339,"height":76},"rotated":false,"capInsets":[0,0,0,0],"packable":true,"pixelsToUnit":100,"pivot":{"x":0.5,"y":0.5},"meshType":0}],[0],0,[0],[0],[0]]]]
