[1,["cdHxnXkNZNIJmdZCjOSzrA","b86Ln+qG9NcpkDsw6ljuQj@f9941","44WWtLKfVAspxHTKcR7ILj@f9941","38oQEzO6FMiIH5cY3/oKfy@f9941","2bcTB+CaJPPooMQ1pjWxd9@6c48a","f9fZfRP8ZFJY37evmerUFF","f9rNa7OAhDfqSldmQOoUV+@f9941","e7eSOW6XtI3pLCCm4OcAAn@f9941","20g1ukYUVPvKWKBRznAKo+@f9941","54TknWPwVPqJqeCR+Y/Czo@f9941","95EkngnxZFbYuFpsqVTaFr@f9941","2bcTB+CaJPPooMQ1pjWxd9@f9941","f9rNa7OAhDfqSldmQOoUV+@6c48a"],["node","_spriteFrame","_atlas","_target","_normalSprite","_textureSource","root","data","_parent","_skeletonData","_hoverSprite","_pressedSprite","_disabledSprite"],[["cc.Node",["_name","_components","_prefab","_children","_lpos","_parent"],2,9,4,2,5,1],["cc.Sprite",["_sizeMode","_type","node","__prefab","_spriteFrame","_atlas"],1,1,4,6,6],["cc.UITransform",["node","__prefab","_contentSize","_anchorPoint"],3,1,4,5,5],["cc.Label",["_actualFontSize","_fontSize","_string","_lineHeight","node","__prefab","_color"],-1,1,4,5],"cc.SpriteFrame",["cc.Button",["_transition","_zoomScale","node","__prefab","_normalColor","_target","_normalSprite","_hoverSprite","_pressedSprite","_disabledSprite"],1,1,4,5,1,6,6,6,6],["cc.Layout",["_layoutType","_resizeMode","_spacingX","node","__prefab"],0,1,4],["cc.Prefab",["_name"],2],["cc.CompPrefabInfo",["fileId"],2],["cc.PrefabInfo",["fileId","instance","targetOverrides","nestedPrefabInstanceRoots","root","asset"],-1,1,1],["sp.Skeleton",["defaultSkin","defaultAnimation","_premultipliedAlpha","_preCacheMode","node","__prefab","_skeletonData"],-1,1,4,6]],[[8,0,2],[9,0,1,2,3,4,5,5],[2,0,1,2,1],[0,0,5,1,2,4,2],[3,2,0,1,3,4,5,6,5],[0,0,5,3,1,2,4,2],[2,0,1,2,3,1],[1,1,0,2,3,4,5,3],[5,0,1,2,3,4,5,6,3],[7,0,2],[0,0,3,1,2,2],[0,0,3,1,2,4,2],[2,0,1,1],[1,2,3,4,5,1],[1,2,3,4,1],[1,0,2,3,4,5,2],[5,0,1,2,3,4,5,6,7,8,9,3],[6,1,0,3,4,3],[6,0,2,3,4,3],[10,0,1,2,3,4,5,6,5],[3,2,0,1,4,5,4],[3,0,1,3,4,5,4]],[[[{"name":"spr_win_oneBg","rect":{"x":5,"y":0,"width":1037,"height":96},"offset":{"x":-0.5,"y":0},"originalSize":{"width":1048,"height":96},"rotated":false,"capInsets":[0,0,0,0],"vertices":{"rawPosition":[-518.5,-48,0,518.5,-48,0,-518.5,48,0,518.5,48,0],"indexes":[0,1,2,2,1,3],"uv":[5,96,1042,96,5,0,1042,0],"nuv":[0.004770992366412214,0,0.9942748091603053,0,0.004770992366412214,1,0.9942748091603053,1],"minPos":{"x":-518.5,"y":-48,"z":0},"maxPos":{"x":518.5,"y":48,"z":0}},"packable":true,"pixelsToUnit":100,"pivot":{"x":0.5,"y":0.5},"meshType":0}],[4],0,[0],[5],[4]],[[[9,"prefabs_domino_win"],[10,"prefabs_domino_win",[-3,-4,-5,-6],[[12,-2,[0,"fdZz/fOwJEaYGK4Z+bmUnF"]]],[1,"c46/YsCPVOJYA4mWEpNYRx",null,null,null,-1,0]],[11,"props_player_item",[-9,-10,-11,-12,-13,-14,-15,-16],[[2,-7,[0,"42Q4Aa7j1IipoMr+MFF8Wi"],[5,1037,96]],[13,-8,[0,"d2y9uJWcpCJLBj5u7POebY"],16,17]],[1,"9bvgMF2V5ObKapauKXOtNL",null,null,null,1,0],[1,0,-48,0]],[5,"props_btn_continue",1,[-21],[[2,-17,[0,"c7EZiLUulK8rIPnzOO8JYq"],[5,214,75]],[7,1,0,-18,[0,"07MimR0aVFz4+HlVjweJS2"],5,6],[8,3,0.9,-20,[0,"45lHAwS7BN9oRG4pNz1kw2"],[4,4292269782],-19,7]],[1,"21VskE80hNsqXxs5HjNLj5",null,null,null,1,0],[1,172,-290,0]],[3,"props_btn_quit",1,[[2,-22,[0,"e72gbqpdlPQ4Xw2JHaDDdk"],[5,214,75]],[7,1,0,-23,[0,"0a+vQ6iKVC6KYSv/llpTq7"],2,3],[8,3,0.9,-25,[0,"5a07qPz9ZCaa7zGgWLxaRa"],[4,4292269782],-24,4]],[1,"6fIdjpmjRPJbLxzbjT3eAk",null,null,null,1,0],[1,-150,-290,0]],[3,"props_btn_mine_head",2,[[2,-26,[0,"0fpjwdlMxMKbJ1HTtvpXCS"],[5,70,70]],[7,1,0,-27,[0,"c34iiTyAFG/L36IrqYYEMg"],10,11],[16,3,1,-29,[0,"ccJZMFxVFNEJAJ5m6B3Fa+"],[4,4292269782],-28,12,13,14,15]],[1,"ad1twolVRC36wOv1dOiqqN",null,null,null,1,0],[1,-410,2,0]],[5,"spr_win_bg",1,[-32],[[2,-30,[0,"4fuOwKcX1Dg69epTvB7D/m"],[5,1046,580]],[14,-31,[0,"43Sk2f4GRE0KZL1dxN64fS"],1]],[1,"98FTaBN0JEp5tNm13xyrkn",null,null,null,1,0],[1,0,62,0]],[5,"props_players",1,[2],[[6,-33,[0,"7aEYBIj3hL1ZAJsCoaPd5V"],[5,1046,96],[0,0.5,1]],[17,1,2,-34,[0,"88tAk0w8RO/Ks/fWhxjfFJ"]]],[1,"d9wh21QgdEg6eDXEugApbl",null,null,null,1,0],[1,0,156.24,0]],[3,"skeleton",6,[[2,-35,[0,"aapgiz1VlLDZQ48VtQpIX2"],[5,337,118]],[19,"default","animation",false,0,-36,[0,"c1A+fs6k5Iu7iawnXIvUgY"],0]],[1,"50fytgRvpDGLLZJZkzNyaO",null,null,null,1,0],[1,0,240,0]],[3,"props_label_times",3,[[2,-37,[0,"48AFZapZhEb6+asXmZQSDp"],[5,21.12,50.4]],[20,"3s",20,20,-38,[0,"d3PzpWQ8pPirryCNS2TfQf"]]],[1,"f59gl/aIxPGbQqkEuMu0Ro",null,null,null,1,0],[1,74,4,0]],[3,"props_label_name",2,[[6,-39,[0,"52HuQTsaBBzY7cnbtde/VD"],[5,50.71,37.8],[0,0,0.5]],[21,24,24,30,-40,[0,"ecIa1FmpdEU4LZvv+KrNt6"]]],[1,"69icAXNedG24jYjHLL5MH5",null,null,null,1,0],[1,-363.522,18,0]],[3,"props_label_id",2,[[6,-41,[0,"62+psjAH9MmYei+zG3B+sm"],[5,203.19,37.8],[0,0,0.5]],[4,"ID:359996567752675328",18,18,30,-42,[0,"b2oME6ZChHOpEyFWiyFJdt"],[4,4288859610]]],[1,"e5rc7Zd0FIIIKXmLFIEqRg",null,null,null,1,0],[1,-363.522,-16,0]],[3,"props_label_odds",2,[[2,-43,[0,"5dRkExv/RBILnV01kC+41S"],[5,114.11,37.8]],[4,"QUINTET",26,26,30,-44,[0,"3c2erjPjNA26jpZoRM14pO"],[4,4288859610]]],[1,"51PIJ4jstO860rWq2JGZmr",null,null,null,1,0],[1,-102,2,0]],[3,"props_label_bet",2,[[2,-45,[0,"86/FVPj/JAbJUNigoQoikY"],[5,60.72,37.8]],[4,"500K",26,26,30,-46,[0,"daZFypOjRDsL9prWeBC5Q3"],[4,4288859610]]],[1,"d0pUlpLuNJOK38IP3ZxO2N",null,null,null,1,0],[1,32,2,0]],[3,"props_label_count",2,[[2,-47,[0,"25wvRVazZE6Ircqn/5ocVS"],[5,69.38,37.8]],[4,"-500K",26,26,30,-48,[0,"07y4c5JXpHHbK5HkC9p38i"],[4,4288859610]]],[1,"ceU8vjjTxBwZw0w6CFoBKJ",null,null,null,1,0],[1,170,2,0]],[3,"props_layout_cards",2,[[2,-49,[0,"1dWCshJTdFXYN35txzDRqI"],[5,210,60]],[18,1,5,-50,[0,"52Y4GTkIxCD46rIuUPwRW3"]]],[1,"a5XLxxHTpIb602iQZJZbwc",null,null,null,1,0],[1,340,-2,0]],[3,"spr_mine_head",2,[[2,-51,[0,"1bLUxKb21DF5++khCbDOZb"],[5,70,70]],[15,0,-52,[0,"55lVP9j+RIOLFwZE/jusdK"],8,9]],[1,"d8nCJ5ny1LML4t0kLqtZ1i",null,null,null,1,0],[1,-410,2,0]]],0,[0,6,1,0,0,1,0,-1,6,0,-2,4,0,-3,3,0,-4,7,0,0,2,0,0,2,0,-1,10,0,-2,11,0,-3,12,0,-4,13,0,-5,14,0,-6,15,0,-7,16,0,-8,5,0,0,3,0,0,3,0,3,3,0,0,3,0,-1,9,0,0,4,0,0,4,0,3,4,0,0,4,0,0,5,0,0,5,0,3,5,0,0,5,0,0,6,0,0,6,0,-1,8,0,0,7,0,0,7,0,0,8,0,0,8,0,0,9,0,0,9,0,0,10,0,0,10,0,0,11,0,0,11,0,0,12,0,0,12,0,0,13,0,0,13,0,0,14,0,0,14,0,0,15,0,0,15,0,0,16,0,0,16,0,7,1,2,8,7,52],[0,0,0,0,0,0,0,0,0,0,0,0,0,0,0,0,0,0],[9,1,1,2,4,1,2,4,1,2,1,2,4,10,11,12,1,2],[5,6,1,0,1,2,0,2,7,0,3,0,3,8,9,10,11,0]],[[{"name":"spr_win_bg","rect":{"x":1,"y":1,"width":1046,"height":580},"offset":{"x":0,"y":-0.5},"originalSize":{"width":1048,"height":581},"rotated":false,"capInsets":[0,0,0,0],"vertices":{"rawPosition":[-523,-290,0,523,-290,0,-523,290,0,523,290,0],"indexes":[0,1,2,2,1,3],"uv":[1,580,1047,580,1,0,1047,0],"nuv":[0.0009541984732824427,0,0.9990458015267175,0,0.0009541984732824427,0.9982788296041308,0.9990458015267175,0.9982788296041308],"minPos":{"x":-523,"y":-290,"z":0},"maxPos":{"x":523,"y":290,"z":0}},"packable":true,"pixelsToUnit":100,"pivot":{"x":0.5,"y":0.5},"meshType":0}],[4],0,[0],[5],[12]]]]
