[1,["48WDMuZDxCipRIwdfHXpx6@6c48a","48WDMuZDxCipRIwdfHXpx6@f9941"],["_textureSource","spriteFrame"],["cc.SpriteFrame",["cc.BitmapFont",["_name","fontSize","fntConfig"],0]],[[1,0,1,2,4]],[[[{"name":"num_greenBet_0","rect":{"x":2,"y":2,"width":244,"height":49},"offset":{"x":-4,"y":37.5},"originalSize":{"width":256,"height":128},"rotated":false,"capInsets":[0,0,0,0],"vertices":{"rawPosition":[-122,-24.5,0,122,-24.5,0,-122,24.5,0,122,24.5,0],"indexes":[0,1,2,2,1,3],"uv":[2,126,246,126,2,77,246,77],"nuv":[0.0078125,0.6015625,0.9609375,0.6015625,0.0078125,0.984375,0.9609375,0.984375],"minPos":{"x":-122,"y":-24.5,"z":0},"maxPos":{"x":122,"y":24.5,"z":0}},"packable":true,"pixelsToUnit":100,"pivot":{"x":0.5,"y":0.5},"meshType":0}],[0],0,[0],[0],[0]],[[[0,"num_greenBet",32,{"commonHeight":32,"fontSize":32,"atlasName":"num_greenBet_0.png","fontDefDictionary":{"48":{"xOffset":-2,"yOffset":-2,"xAdvance":16,"rect":{"x":22,"y":28,"width":20,"height":25}},"49":{"xOffset":-2,"yOffset":-2,"xAdvance":14,"rect":{"x":44,"y":0,"width":18,"height":27}},"50":{"xOffset":-2,"yOffset":-2,"xAdvance":18,"rect":{"x":0,"y":0,"width":22,"height":27}},"51":{"xOffset":-2,"yOffset":-2,"xAdvance":16,"rect":{"x":23,"y":0,"width":20,"height":27}},"52":{"xOffset":-2,"yOffset":-2,"xAdvance":17,"rect":{"x":43,"y":28,"width":21,"height":23}},"53":{"xOffset":-2,"yOffset":-2,"xAdvance":17,"rect":{"x":227,"y":0,"width":21,"height":25}},"54":{"xOffset":-2,"yOffset":-2,"xAdvance":16,"rect":{"x":185,"y":0,"width":20,"height":26}},"55":{"xOffset":-2,"yOffset":-2,"xAdvance":17,"rect":{"x":0,"y":28,"width":21,"height":25}},"56":{"xOffset":-2,"yOffset":-2,"xAdvance":16,"rect":{"x":206,"y":0,"width":20,"height":26}},"57":{"xOffset":-2,"yOffset":-2,"xAdvance":17,"rect":{"x":163,"y":0,"width":21,"height":26}},"66":{"xOffset":-2,"yOffset":-2,"xAdvance":19,"rect":{"x":115,"y":0,"width":23,"height":26}},"75":{"xOffset":-2,"yOffset":-2,"xAdvance":20,"rect":{"x":90,"y":0,"width":24,"height":26}},"77":{"xOffset":-2,"yOffset":-2,"xAdvance":22,"rect":{"x":63,"y":0,"width":26,"height":26}},"84":{"xOffset":-2,"yOffset":-2,"xAdvance":19,"rect":{"x":139,"y":0,"width":23,"height":26}}},"kerningDict":{}}]],0,0,[0],[1],[1]]]]
