[1,["29X/1iNCdIoLzK5Qy08o24@6c48a"],["_textureSource"],["cc.SpriteFrame"],0,[{"name":"ocean_icon_dolphin_big","rect":{"x":0,"y":0,"width":858,"height":612},"offset":{"x":0,"y":0},"originalSize":{"width":858,"height":612},"rotated":false,"capInsets":[0,0,0,0],"vertices":{"rawPosition":[-429,-306,0,429,-306,0,-429,306,0,429,306,0],"indexes":[0,1,2,2,1,3],"uv":[0,612,858,612,0,0,858,0],"nuv":[0,0,1,0,0,1,1,1],"minPos":{"x":-429,"y":-306,"z":0},"maxPos":{"x":429,"y":306,"z":0}},"packable":true,"pixelsToUnit":100,"pivot":{"x":0.5,"y":0.5},"meshType":0}],[0],0,[0],[0],[0]]
