[1,["9fea40fa-b3dc-4675-8c6a-231d1f5ff399@6c48a","882053e6-e354-47b6-a9c6-2e8cc4552059@e9657","882053e6-e354-47b6-a9c6-2e8cc4552059@1db59","882053e6-e354-47b6-a9c6-2e8cc4552059@7dc78","882053e6-e354-47b6-a9c6-2e8cc4552059@8266b","882053e6-e354-47b6-a9c6-2e8cc4552059@581b8","882053e6-e354-47b6-a9c6-2e8cc4552059@b4f47","882053e6-e354-47b6-a9c6-2e8cc4552059@a7a1c","882053e6-e354-47b6-a9c6-2e8cc4552059@6dc91","882053e6-e354-47b6-a9c6-2e8cc4552059@aba49","882053e6-e354-47b6-a9c6-2e8cc4552059@51723","882053e6-e354-47b6-a9c6-2e8cc4552059@f17ce","882053e6-e354-47b6-a9c6-2e8cc4552059@1f156","882053e6-e354-47b6-a9c6-2e8cc4552059@b3796","882053e6-e354-47b6-a9c6-2e8cc4552059@8acd9","882053e6-e354-47b6-a9c6-2e8cc4552059@5685a","882053e6-e354-47b6-a9c6-2e8cc4552059@412e0","882053e6-e354-47b6-a9c6-2e8cc4552059@c1e49","882053e6-e354-47b6-a9c6-2e8cc4552059@5cc1d","882053e6-e354-47b6-a9c6-2e8cc4552059@87871","882053e6-e354-47b6-a9c6-2e8cc4552059@e0491","882053e6-e354-47b6-a9c6-2e8cc4552059@cec94"],["_textureSource"],["cc.SpriteFrame","cc.SpriteAtlas"],0,[[[{"name":"fish21","spriteFrames":["fish21_1","882053e6-e354-47b6-a9c6-2e8cc4552059@e9657","fish21_10","882053e6-e354-47b6-a9c6-2e8cc4552059@1db59","fish21_11","882053e6-e354-47b6-a9c6-2e8cc4552059@7dc78","fish21_12","882053e6-e354-47b6-a9c6-2e8cc4552059@8266b","fish21_13","882053e6-e354-47b6-a9c6-2e8cc4552059@581b8","fish21_14","882053e6-e354-47b6-a9c6-2e8cc4552059@b4f47","fish21_15","882053e6-e354-47b6-a9c6-2e8cc4552059@a7a1c","fish21_16","882053e6-e354-47b6-a9c6-2e8cc4552059@6dc91","fish21_17","882053e6-e354-47b6-a9c6-2e8cc4552059@aba49","fish21_18","882053e6-e354-47b6-a9c6-2e8cc4552059@51723","fish21_19","882053e6-e354-47b6-a9c6-2e8cc4552059@f17ce","fish21_2","882053e6-e354-47b6-a9c6-2e8cc4552059@1f156","fish21_20","882053e6-e354-47b6-a9c6-2e8cc4552059@b3796","fish21_21","882053e6-e354-47b6-a9c6-2e8cc4552059@8acd9","fish21_3","882053e6-e354-47b6-a9c6-2e8cc4552059@5685a","fish21_4","882053e6-e354-47b6-a9c6-2e8cc4552059@412e0","fish21_5","882053e6-e354-47b6-a9c6-2e8cc4552059@c1e49","fish21_6","882053e6-e354-47b6-a9c6-2e8cc4552059@5cc1d","fish21_7","882053e6-e354-47b6-a9c6-2e8cc4552059@87871","fish21_8","882053e6-e354-47b6-a9c6-2e8cc4552059@e0491","fish21_9","882053e6-e354-47b6-a9c6-2e8cc4552059@cec94"]}],[1],0,[0,0,0,0,0,0,0,0,0,0,0,0,0,0,0,0,0,0,0,0,0],[0,0,0,0,0,0,0,0,0,0,0,0,0,0,0,0,0,0,0,0,0],[1,2,3,4,5,6,7,8,9,10,11,12,13,14,15,16,17,18,19,20,21]],[[{"name":"fish21_10","rect":{"x":274,"y":154,"width":266,"height":158},"offset":{"x":16,"y":-8},"originalSize":{"width":302,"height":174},"rotated":false,"capInsets":[0,0,0,0],"vertices":{"rawPosition":[],"indexes":[],"uv":[],"nuv":[],"minPos":{"x":0,"y":0,"z":0},"maxPos":{"x":0,"y":0,"z":0}},"packable":true,"pixelsToUnit":100,"pivot":{"x":0.5,"y":0.5},"meshType":0}],[0],0,[0],[0],[0]],[[{"name":"fish21_2","rect":{"x":532,"y":462,"width":258,"height":142},"offset":{"x":4,"y":-1},"originalSize":{"width":302,"height":174},"rotated":false,"capInsets":[0,0,0,0],"vertices":{"rawPosition":[],"indexes":[],"uv":[],"nuv":[],"minPos":{"x":0,"y":0,"z":0},"maxPos":{"x":0,"y":0,"z":0}},"packable":true,"pixelsToUnit":100,"pivot":{"x":0.5,"y":0.5},"meshType":0}],[0],0,[0],[0],[0]],[[{"name":"fish21_4","rect":{"x":270,"y":314,"width":260,"height":150},"offset":{"x":6,"y":-5},"originalSize":{"width":302,"height":174},"rotated":false,"capInsets":[0,0,0,0],"vertices":{"rawPosition":[],"indexes":[],"uv":[],"nuv":[],"minPos":{"x":0,"y":0,"z":0},"maxPos":{"x":0,"y":0,"z":0}},"packable":true,"pixelsToUnit":100,"pivot":{"x":0.5,"y":0.5},"meshType":0}],[0],0,[0],[0],[0]],[[{"name":"fish21_18","rect":{"x":522,"y":736,"width":256,"height":128},"offset":{"x":9,"y":-5},"originalSize":{"width":302,"height":174},"rotated":false,"capInsets":[0,0,0,0],"vertices":{"rawPosition":[],"indexes":[],"uv":[],"nuv":[],"minPos":{"x":0,"y":0,"z":0},"maxPos":{"x":0,"y":0,"z":0}},"packable":true,"pixelsToUnit":100,"pivot":{"x":0.5,"y":0.5},"meshType":0}],[0],0,[0],[0],[0]],[[{"name":"fish21_3","rect":{"x":532,"y":314,"width":260,"height":146},"offset":{"x":4,"y":-3},"originalSize":{"width":302,"height":174},"rotated":false,"capInsets":[0,0,0,0],"vertices":{"rawPosition":[],"indexes":[],"uv":[],"nuv":[],"minPos":{"x":0,"y":0,"z":0},"maxPos":{"x":0,"y":0,"z":0}},"packable":true,"pixelsToUnit":100,"pivot":{"x":0.5,"y":0.5},"meshType":0}],[0],0,[0],[0],[0]],[[{"name":"fish21_13","rect":{"x":2,"y":2,"width":272,"height":148},"offset":{"x":12,"y":-13},"originalSize":{"width":302,"height":174},"rotated":false,"capInsets":[0,0,0,0],"vertices":{"rawPosition":[],"indexes":[],"uv":[],"nuv":[],"minPos":{"x":0,"y":0,"z":0},"maxPos":{"x":0,"y":0,"z":0}},"packable":true,"pixelsToUnit":100,"pivot":{"x":0.5,"y":0.5},"meshType":0}],[0],0,[0],[0],[0]],[[{"name":"fish21_6","rect":{"x":2,"y":794,"width":260,"height":156},"offset":{"x":11,"y":-7},"originalSize":{"width":302,"height":174},"rotated":false,"capInsets":[0,0,0,0],"vertices":{"rawPosition":[],"indexes":[],"uv":[],"nuv":[],"minPos":{"x":0,"y":0,"z":0},"maxPos":{"x":0,"y":0,"z":0}},"packable":true,"pixelsToUnit":100,"pivot":{"x":0.5,"y":0.5},"meshType":0}],[0],0,[0],[0],[0]],[[{"name":"fish21_16","rect":{"x":2,"y":530,"width":262,"height":132},"offset":{"x":10,"y":-8},"originalSize":{"width":302,"height":174},"rotated":true,"capInsets":[0,0,0,0],"vertices":{"rawPosition":[],"indexes":[],"uv":[],"nuv":[],"minPos":{"x":0,"y":0,"z":0},"maxPos":{"x":0,"y":0,"z":0}},"packable":true,"pixelsToUnit":100,"pivot":{"x":0.5,"y":0.5},"meshType":0}],[0],0,[0],[0],[0]],[[{"name":"fish21_11","rect":{"x":548,"y":2,"width":268,"height":152},"offset":{"x":15,"y":-11},"originalSize":{"width":302,"height":174},"rotated":false,"capInsets":[0,0,0,0],"vertices":{"rawPosition":[],"indexes":[],"uv":[],"nuv":[],"minPos":{"x":0,"y":0,"z":0},"maxPos":{"x":0,"y":0,"z":0}},"packable":true,"pixelsToUnit":100,"pivot":{"x":0.5,"y":0.5},"meshType":0}],[0],0,[0],[0],[0]],[[{"name":"fish21_12","rect":{"x":276,"y":2,"width":270,"height":150},"offset":{"x":14,"y":-12},"originalSize":{"width":302,"height":174},"rotated":false,"capInsets":[0,0,0,0],"vertices":{"rawPosition":[],"indexes":[],"uv":[],"nuv":[],"minPos":{"x":0,"y":0,"z":0},"maxPos":{"x":0,"y":0,"z":0}},"packable":true,"pixelsToUnit":100,"pivot":{"x":0.5,"y":0.5},"meshType":0}],[0],0,[0],[0],[0]],[[{"name":"fish21_7","rect":{"x":818,"y":2,"width":262,"height":158},"offset":{"x":13,"y":-8},"originalSize":{"width":302,"height":174},"rotated":true,"capInsets":[0,0,0,0],"vertices":{"rawPosition":[],"indexes":[],"uv":[],"nuv":[],"minPos":{"x":0,"y":0,"z":0},"maxPos":{"x":0,"y":0,"z":0}},"packable":true,"pixelsToUnit":100,"pivot":{"x":0.5,"y":0.5},"meshType":0}],[0],0,[0],[0],[0]],[[{"name":"fish21_21","rect":{"x":264,"y":792,"width":256,"height":136},"offset":{"x":4,"y":0},"originalSize":{"width":302,"height":174},"rotated":false,"capInsets":[0,0,0,0],"vertices":{"rawPosition":[],"indexes":[],"uv":[],"nuv":[],"minPos":{"x":0,"y":0,"z":0},"maxPos":{"x":0,"y":0,"z":0}},"packable":true,"pixelsToUnit":100,"pivot":{"x":0.5,"y":0.5},"meshType":0}],[0],0,[0],[0],[0]],[[{"name":"fish21_15","rect":{"x":2,"y":302,"width":266,"height":140},"offset":{"x":11,"y":-8},"originalSize":{"width":302,"height":174},"rotated":false,"capInsets":[0,0,0,0],"vertices":{"rawPosition":[],"indexes":[],"uv":[],"nuv":[],"minPos":{"x":0,"y":0,"z":0},"maxPos":{"x":0,"y":0,"z":0}},"packable":true,"pixelsToUnit":100,"pivot":{"x":0.5,"y":0.5},"meshType":0}],[0],0,[0],[0],[0]],[[{"name":"fish21_17","rect":{"x":522,"y":606,"width":258,"height":128},"offset":{"x":9,"y":-6},"originalSize":{"width":302,"height":174},"rotated":false,"capInsets":[0,0,0,0],"vertices":{"rawPosition":[],"indexes":[],"uv":[],"nuv":[],"minPos":{"x":0,"y":0,"z":0},"maxPos":{"x":0,"y":0,"z":0}},"packable":true,"pixelsToUnit":100,"pivot":{"x":0.5,"y":0.5},"meshType":0}],[0],0,[0],[0],[0]],[[{"name":"fish21_20","rect":{"x":522,"y":866,"width":254,"height":136},"offset":{"x":6,"y":-3},"originalSize":{"width":302,"height":174},"rotated":false,"capInsets":[0,0,0,0],"vertices":{"rawPosition":[],"indexes":[],"uv":[],"nuv":[],"minPos":{"x":0,"y":0,"z":0},"maxPos":{"x":0,"y":0,"z":0}},"packable":true,"pixelsToUnit":100,"pivot":{"x":0.5,"y":0.5},"meshType":0}],[0],0,[0],[0],[0]],[[{"name":"fish21_14","rect":{"x":2,"y":152,"width":270,"height":148},"offset":{"x":11,"y":-11},"originalSize":{"width":302,"height":174},"rotated":false,"capInsets":[0,0,0,0],"vertices":{"rawPosition":[],"indexes":[],"uv":[],"nuv":[],"minPos":{"x":0,"y":0,"z":0},"maxPos":{"x":0,"y":0,"z":0}},"packable":true,"pixelsToUnit":100,"pivot":{"x":0.5,"y":0.5},"meshType":0}],[0],0,[0],[0],[0]],[[{"name":"fish21_5","rect":{"x":136,"y":530,"width":260,"height":154},"offset":{"x":9,"y":-6},"originalSize":{"width":302,"height":174},"rotated":true,"capInsets":[0,0,0,0],"vertices":{"rawPosition":[],"indexes":[],"uv":[],"nuv":[],"minPos":{"x":0,"y":0,"z":0},"maxPos":{"x":0,"y":0,"z":0}},"packable":true,"pixelsToUnit":100,"pivot":{"x":0.5,"y":0.5},"meshType":0}],[0],0,[0],[0],[0]],[[{"name":"fish21_9","rect":{"x":542,"y":156,"width":264,"height":156},"offset":{"x":16,"y":-9},"originalSize":{"width":302,"height":174},"rotated":false,"capInsets":[0,0,0,0],"vertices":{"rawPosition":[],"indexes":[],"uv":[],"nuv":[],"minPos":{"x":0,"y":0,"z":0},"maxPos":{"x":0,"y":0,"z":0}},"packable":true,"pixelsToUnit":100,"pivot":{"x":0.5,"y":0.5},"meshType":0}],[0],0,[0],[0],[0]],[[{"name":"fish21_8","rect":{"x":808,"y":266,"width":262,"height":156},"offset":{"x":14,"y":-9},"originalSize":{"width":302,"height":174},"rotated":true,"capInsets":[0,0,0,0],"vertices":{"rawPosition":[],"indexes":[],"uv":[],"nuv":[],"minPos":{"x":0,"y":0,"z":0},"maxPos":{"x":0,"y":0,"z":0}},"packable":true,"pixelsToUnit":100,"pivot":{"x":0.5,"y":0.5},"meshType":0}],[0],0,[0],[0],[0]],[[{"name":"fish21_1","rect":{"x":792,"y":530,"width":258,"height":138},"offset":{"x":3,"y":1},"originalSize":{"width":302,"height":174},"rotated":true,"capInsets":[0,0,0,0],"vertices":{"rawPosition":[],"indexes":[],"uv":[],"nuv":[],"minPos":{"x":0,"y":0,"z":0},"maxPos":{"x":0,"y":0,"z":0}},"packable":true,"pixelsToUnit":100,"pivot":{"x":0.5,"y":0.5},"meshType":0}],[0],0,[0],[0],[0]],[[{"name":"fish21_19","rect":{"x":292,"y":466,"width":254,"height":134},"offset":{"x":7,"y":-5},"originalSize":{"width":302,"height":174},"rotated":true,"capInsets":[0,0,0,0],"vertices":{"rawPosition":[],"indexes":[],"uv":[],"nuv":[],"minPos":{"x":0,"y":0,"z":0},"maxPos":{"x":0,"y":0,"z":0}},"packable":true,"pixelsToUnit":100,"pivot":{"x":0.5,"y":0.5},"meshType":0}],[0],0,[0],[0],[0]]]]
