[1,["02bec2b4-0287-4451-908a-9ec56155a140@6c48a","e5d9ca54-44a9-4e10-9874-495c3dcbc53b@55a02","e5d9ca54-44a9-4e10-9874-495c3dcbc53b@daf21","e5d9ca54-44a9-4e10-9874-495c3dcbc53b@03f06","e5d9ca54-44a9-4e10-9874-495c3dcbc53b@93eaf","e5d9ca54-44a9-4e10-9874-495c3dcbc53b@6f7e3","e5d9ca54-44a9-4e10-9874-495c3dcbc53b@f4d84","e5d9ca54-44a9-4e10-9874-495c3dcbc53b@2553e","e5d9ca54-44a9-4e10-9874-495c3dcbc53b@abb97","e5d9ca54-44a9-4e10-9874-495c3dcbc53b@6fe3f","e5d9ca54-44a9-4e10-9874-495c3dcbc53b@64845","e5d9ca54-44a9-4e10-9874-495c3dcbc53b@359f1","e5d9ca54-44a9-4e10-9874-495c3dcbc53b@004c8","e5d9ca54-44a9-4e10-9874-495c3dcbc53b@de39f","e5d9ca54-44a9-4e10-9874-495c3dcbc53b@09548","e5d9ca54-44a9-4e10-9874-495c3dcbc53b@62155","e5d9ca54-44a9-4e10-9874-495c3dcbc53b@b4a1b","e5d9ca54-44a9-4e10-9874-495c3dcbc53b@299ee","e5d9ca54-44a9-4e10-9874-495c3dcbc53b@5e4b7","e5d9ca54-44a9-4e10-9874-495c3dcbc53b@1bed6","e5d9ca54-44a9-4e10-9874-495c3dcbc53b@50051","e5d9ca54-44a9-4e10-9874-495c3dcbc53b@f124f","e5d9ca54-44a9-4e10-9874-495c3dcbc53b@a189a","e5d9ca54-44a9-4e10-9874-495c3dcbc53b@55faf","e5d9ca54-44a9-4e10-9874-495c3dcbc53b@ee169","e5d9ca54-44a9-4e10-9874-495c3dcbc53b@d470f","e5d9ca54-44a9-4e10-9874-495c3dcbc53b@db921","e5d9ca54-44a9-4e10-9874-495c3dcbc53b@c8a26","e5d9ca54-44a9-4e10-9874-495c3dcbc53b@ce7c7"],["_textureSource"],["cc.SpriteFrame","cc.SpriteAtlas"],0,[[[{"name":"bg5guangpls","spriteFrames":["bg5guang0_1","e5d9ca54-44a9-4e10-9874-495c3dcbc53b@55a02","bg5guang0_2","e5d9ca54-44a9-4e10-9874-495c3dcbc53b@daf21","bg5guang0_3","e5d9ca54-44a9-4e10-9874-495c3dcbc53b@03f06","bg5guang0_4","e5d9ca54-44a9-4e10-9874-495c3dcbc53b@93eaf","bg5guang0_5","e5d9ca54-44a9-4e10-9874-495c3dcbc53b@6f7e3","bg5guang0_6","e5d9ca54-44a9-4e10-9874-495c3dcbc53b@f4d84","bg5guang0_7","e5d9ca54-44a9-4e10-9874-495c3dcbc53b@2553e","bg5guang0_8","e5d9ca54-44a9-4e10-9874-495c3dcbc53b@abb97","bg5guang0_9","e5d9ca54-44a9-4e10-9874-495c3dcbc53b@6fe3f","bg5guang1_1","e5d9ca54-44a9-4e10-9874-495c3dcbc53b@64845","bg5guang1_2","e5d9ca54-44a9-4e10-9874-495c3dcbc53b@359f1","bg5guang1_3","e5d9ca54-44a9-4e10-9874-495c3dcbc53b@004c8","bg5guang1_4","e5d9ca54-44a9-4e10-9874-495c3dcbc53b@de39f","bg5guang1_5","e5d9ca54-44a9-4e10-9874-495c3dcbc53b@09548","bg5guang1_6","e5d9ca54-44a9-4e10-9874-495c3dcbc53b@62155","bg5guang1_7","e5d9ca54-44a9-4e10-9874-495c3dcbc53b@b4a1b","bg5guang1_8","e5d9ca54-44a9-4e10-9874-495c3dcbc53b@299ee","bg5guang1_9","e5d9ca54-44a9-4e10-9874-495c3dcbc53b@5e4b7","bg5guang2_1","e5d9ca54-44a9-4e10-9874-495c3dcbc53b@1bed6","bg5guang2_2","e5d9ca54-44a9-4e10-9874-495c3dcbc53b@50051","bg5guang2_3","e5d9ca54-44a9-4e10-9874-495c3dcbc53b@f124f","bg5guang2_4","e5d9ca54-44a9-4e10-9874-495c3dcbc53b@a189a","bg5guang2_5","e5d9ca54-44a9-4e10-9874-495c3dcbc53b@55faf","bg5guang2_6","e5d9ca54-44a9-4e10-9874-495c3dcbc53b@ee169","bg5guang2_7","e5d9ca54-44a9-4e10-9874-495c3dcbc53b@d470f","bg5guang2_8","e5d9ca54-44a9-4e10-9874-495c3dcbc53b@db921","bg5guang2_9","e5d9ca54-44a9-4e10-9874-495c3dcbc53b@c8a26","bg5guang2_10","e5d9ca54-44a9-4e10-9874-495c3dcbc53b@ce7c7"]}],[1],0,[0,0,0,0,0,0,0,0,0,0,0,0,0,0,0,0,0,0,0,0,0,0,0,0,0,0,0,0],[0,0,0,0,0,0,0,0,0,0,0,0,0,0,0,0,0,0,0,0,0,0,0,0,0,0,0,0],[1,2,3,4,5,6,7,8,9,10,11,12,13,14,15,16,17,18,19,20,21,22,23,24,25,26,27,28]],[[{"name":"bg5guang1_3","rect":{"x":1068,"y":764,"width":254,"height":222},"offset":{"x":5,"y":-13},"originalSize":{"width":300,"height":300},"rotated":true,"capInsets":[0,0,0,0],"vertices":{"rawPosition":[],"indexes":[],"uv":[],"nuv":[],"minPos":{"x":0,"y":0,"z":0},"maxPos":{"x":0,"y":0,"z":0}},"packable":true,"pixelsToUnit":100,"pivot":{"x":0.5,"y":0.5},"meshType":0}],[0],0,[0],[0],[0]],[[{"name":"bg5guang0_3","rect":{"x":1292,"y":760,"width":162,"height":250},"offset":{"x":19,"y":-7},"originalSize":{"width":200,"height":280},"rotated":false,"capInsets":[0,0,0,0],"vertices":{"rawPosition":[],"indexes":[],"uv":[],"nuv":[],"minPos":{"x":0,"y":0,"z":0},"maxPos":{"x":0,"y":0,"z":0}},"packable":true,"pixelsToUnit":100,"pivot":{"x":0.5,"y":0.5},"meshType":0}],[0],0,[0],[0],[0]],[[{"name":"bg5guang1_5","rect":{"x":1796,"y":662,"width":242,"height":210},"offset":{"x":4,"y":-13},"originalSize":{"width":300,"height":300},"rotated":false,"capInsets":[0,0,0,0],"vertices":{"rawPosition":[],"indexes":[],"uv":[],"nuv":[],"minPos":{"x":0,"y":0,"z":0},"maxPos":{"x":0,"y":0,"z":0}},"packable":true,"pixelsToUnit":100,"pivot":{"x":0.5,"y":0.5},"meshType":0}],[0],0,[0],[0],[0]],[[{"name":"bg5guang2_1","rect":{"x":1456,"y":702,"width":368,"height":338},"offset":{"x":-9,"y":15},"originalSize":{"width":450,"height":450},"rotated":true,"capInsets":[0,0,0,0],"vertices":{"rawPosition":[],"indexes":[],"uv":[],"nuv":[],"minPos":{"x":0,"y":0,"z":0},"maxPos":{"x":0,"y":0,"z":0}},"packable":true,"pixelsToUnit":100,"pivot":{"x":0.5,"y":0.5},"meshType":0}],[0],0,[0],[0],[0]],[[{"name":"bg5guang0_7","rect":{"x":1602,"y":450,"width":158,"height":244},"offset":{"x":21,"y":-7},"originalSize":{"width":200,"height":280},"rotated":false,"capInsets":[0,0,0,0],"vertices":{"rawPosition":[],"indexes":[],"uv":[],"nuv":[],"minPos":{"x":0,"y":0,"z":0},"maxPos":{"x":0,"y":0,"z":0}},"packable":true,"pixelsToUnit":100,"pivot":{"x":0.5,"y":0.5},"meshType":0}],[0],0,[0],[0],[0]],[[{"name":"bg5guang1_8","rect":{"x":396,"y":774,"width":254,"height":222},"offset":{"x":5,"y":-13},"originalSize":{"width":300,"height":300},"rotated":true,"capInsets":[0,0,0,0],"vertices":{"rawPosition":[],"indexes":[],"uv":[],"nuv":[],"minPos":{"x":0,"y":0,"z":0},"maxPos":{"x":0,"y":0,"z":0}},"packable":true,"pixelsToUnit":100,"pivot":{"x":0.5,"y":0.5},"meshType":0}],[0],0,[0],[0],[0]],[[{"name":"bg5guang1_2","rect":{"x":1776,"y":2,"width":254,"height":222},"offset":{"x":5,"y":-13},"originalSize":{"width":300,"height":300},"rotated":false,"capInsets":[0,0,0,0],"vertices":{"rawPosition":[],"indexes":[],"uv":[],"nuv":[],"minPos":{"x":0,"y":0,"z":0},"maxPos":{"x":0,"y":0,"z":0}},"packable":true,"pixelsToUnit":100,"pivot":{"x":0.5,"y":0.5},"meshType":0}],[0],0,[0],[0],[0]],[[{"name":"bg5guang2_2","rect":{"x":714,"y":384,"width":370,"height":378},"offset":{"x":-9,"y":-11},"originalSize":{"width":450,"height":450},"rotated":false,"capInsets":[0,0,0,0],"vertices":{"rawPosition":[],"indexes":[],"uv":[],"nuv":[],"minPos":{"x":0,"y":0,"z":0},"maxPos":{"x":0,"y":0,"z":0}},"packable":true,"pixelsToUnit":100,"pivot":{"x":0.5,"y":0.5},"meshType":0}],[0],0,[0],[0],[0]],[[{"name":"bg5guang0_1","rect":{"x":2,"y":782,"width":168,"height":260},"offset":{"x":16,"y":-7},"originalSize":{"width":200,"height":280},"rotated":false,"capInsets":[0,0,0,0],"vertices":{"rawPosition":[],"indexes":[],"uv":[],"nuv":[],"minPos":{"x":0,"y":0,"z":0},"maxPos":{"x":0,"y":0,"z":0}},"packable":true,"pixelsToUnit":100,"pivot":{"x":0.5,"y":0.5},"meshType":0}],[0],0,[0],[0],[0]],[[{"name":"bg5guang2_5","rect":{"x":718,"y":2,"width":360,"height":378},"offset":{"x":-5,"y":-11},"originalSize":{"width":450,"height":450},"rotated":false,"capInsets":[0,0,0,0],"vertices":{"rawPosition":[],"indexes":[],"uv":[],"nuv":[],"minPos":{"x":0,"y":0,"z":0},"maxPos":{"x":0,"y":0,"z":0}},"packable":true,"pixelsToUnit":100,"pivot":{"x":0.5,"y":0.5},"meshType":0}],[0],0,[0],[0],[0]],[[{"name":"bg5guang1_9","rect":{"x":172,"y":782,"width":254,"height":222},"offset":{"x":5,"y":-13},"originalSize":{"width":300,"height":300},"rotated":true,"capInsets":[0,0,0,0],"vertices":{"rawPosition":[],"indexes":[],"uv":[],"nuv":[],"minPos":{"x":0,"y":0,"z":0},"maxPos":{"x":0,"y":0,"z":0}},"packable":true,"pixelsToUnit":100,"pivot":{"x":0.5,"y":0.5},"meshType":0}],[0],0,[0],[0],[0]],[[{"name":"bg5guang1_6","rect":{"x":1796,"y":450,"width":242,"height":210},"offset":{"x":4,"y":-13},"originalSize":{"width":300,"height":300},"rotated":false,"capInsets":[0,0,0,0],"vertices":{"rawPosition":[],"indexes":[],"uv":[],"nuv":[],"minPos":{"x":0,"y":0,"z":0},"maxPos":{"x":0,"y":0,"z":0}},"packable":true,"pixelsToUnit":100,"pivot":{"x":0.5,"y":0.5},"meshType":0}],[0],0,[0],[0],[0]],[[{"name":"bg5guang1_1","rect":{"x":1776,"y":226,"width":254,"height":222},"offset":{"x":5,"y":-13},"originalSize":{"width":300,"height":300},"rotated":false,"capInsets":[0,0,0,0],"vertices":{"rawPosition":[],"indexes":[],"uv":[],"nuv":[],"minPos":{"x":0,"y":0,"z":0},"maxPos":{"x":0,"y":0,"z":0}},"packable":true,"pixelsToUnit":100,"pivot":{"x":0.5,"y":0.5},"meshType":0}],[0],0,[0],[0],[0]],[[{"name":"bg5guang0_5","rect":{"x":1796,"y":874,"width":154,"height":234},"offset":{"x":23,"y":-7},"originalSize":{"width":200,"height":280},"rotated":true,"capInsets":[0,0,0,0],"vertices":{"rawPosition":[],"indexes":[],"uv":[],"nuv":[],"minPos":{"x":0,"y":0,"z":0},"maxPos":{"x":0,"y":0,"z":0}},"packable":true,"pixelsToUnit":100,"pivot":{"x":0.5,"y":0.5},"meshType":0}],[0],0,[0],[0],[0]],[[{"name":"bg5guang0_9","rect":{"x":1438,"y":450,"width":162,"height":250},"offset":{"x":19,"y":-7},"originalSize":{"width":200,"height":280},"rotated":false,"capInsets":[0,0,0,0],"vertices":{"rawPosition":[],"indexes":[],"uv":[],"nuv":[],"minPos":{"x":0,"y":0,"z":0},"maxPos":{"x":0,"y":0,"z":0}},"packable":true,"pixelsToUnit":100,"pivot":{"x":0.5,"y":0.5},"meshType":0}],[0],0,[0],[0],[0]],[[{"name":"bg5guang0_4","rect":{"x":1602,"y":450,"width":158,"height":244},"offset":{"x":21,"y":-7},"originalSize":{"width":200,"height":280},"rotated":false,"capInsets":[0,0,0,0],"vertices":{"rawPosition":[],"indexes":[],"uv":[],"nuv":[],"minPos":{"x":0,"y":0,"z":0},"maxPos":{"x":0,"y":0,"z":0}},"packable":true,"pixelsToUnit":100,"pivot":{"x":0.5,"y":0.5},"meshType":0}],[0],0,[0],[0],[0]],[[{"name":"bg5guang2_4","rect":{"x":2,"y":392,"width":360,"height":388},"offset":{"x":-6,"y":-6},"originalSize":{"width":450,"height":450},"rotated":false,"capInsets":[0,0,0,0],"vertices":{"rawPosition":[],"indexes":[],"uv":[],"nuv":[],"minPos":{"x":0,"y":0,"z":0},"maxPos":{"x":0,"y":0,"z":0}},"packable":true,"pixelsToUnit":100,"pivot":{"x":0.5,"y":0.5},"meshType":0}],[0],0,[0],[0],[0]],[[{"name":"bg5guang0_8","rect":{"x":1292,"y":760,"width":162,"height":250},"offset":{"x":19,"y":-7},"originalSize":{"width":200,"height":280},"rotated":false,"capInsets":[0,0,0,0],"vertices":{"rawPosition":[],"indexes":[],"uv":[],"nuv":[],"minPos":{"x":0,"y":0,"z":0},"maxPos":{"x":0,"y":0,"z":0}},"packable":true,"pixelsToUnit":100,"pivot":{"x":0.5,"y":0.5},"meshType":0}],[0],0,[0],[0],[0]],[[{"name":"bg5guang1_7","rect":{"x":620,"y":774,"width":254,"height":222},"offset":{"x":5,"y":-13},"originalSize":{"width":300,"height":300},"rotated":true,"capInsets":[0,0,0,0],"vertices":{"rawPosition":[],"indexes":[],"uv":[],"nuv":[],"minPos":{"x":0,"y":0,"z":0},"maxPos":{"x":0,"y":0,"z":0}},"packable":true,"pixelsToUnit":100,"pivot":{"x":0.5,"y":0.5},"meshType":0}],[0],0,[0],[0],[0]],[[{"name":"bg5guang2_9","rect":{"x":1432,"y":2,"width":376,"height":342},"offset":{"x":-14,"y":11},"originalSize":{"width":450,"height":450},"rotated":true,"capInsets":[0,0,0,0],"vertices":{"rawPosition":[],"indexes":[],"uv":[],"nuv":[],"minPos":{"x":0,"y":0,"z":0},"maxPos":{"x":0,"y":0,"z":0}},"packable":true,"pixelsToUnit":100,"pivot":{"x":0.5,"y":0.5},"meshType":0}],[0],0,[0],[0],[0]],[[{"name":"bg5guang2_10","rect":{"x":372,"y":2,"width":380,"height":344},"offset":{"x":-9,"y":8},"originalSize":{"width":450,"height":450},"rotated":true,"capInsets":[0,0,0,0],"vertices":{"rawPosition":[],"indexes":[],"uv":[],"nuv":[],"minPos":{"x":0,"y":0,"z":0},"maxPos":{"x":0,"y":0,"z":0}},"packable":true,"pixelsToUnit":100,"pivot":{"x":0.5,"y":0.5},"meshType":0}],[0],0,[0],[0],[0]],[[{"name":"bg5guang2_7","rect":{"x":1086,"y":382,"width":350,"height":376},"offset":{"x":-9,"y":-12},"originalSize":{"width":450,"height":450},"rotated":false,"capInsets":[0,0,0,0],"vertices":{"rawPosition":[],"indexes":[],"uv":[],"nuv":[],"minPos":{"x":0,"y":0,"z":0},"maxPos":{"x":0,"y":0,"z":0}},"packable":true,"pixelsToUnit":100,"pivot":{"x":0.5,"y":0.5},"meshType":0}],[0],0,[0],[0],[0]],[[{"name":"bg5guang0_2","rect":{"x":1438,"y":450,"width":162,"height":250},"offset":{"x":19,"y":-7},"originalSize":{"width":200,"height":280},"rotated":false,"capInsets":[0,0,0,0],"vertices":{"rawPosition":[],"indexes":[],"uv":[],"nuv":[],"minPos":{"x":0,"y":0,"z":0},"maxPos":{"x":0,"y":0,"z":0}},"packable":true,"pixelsToUnit":100,"pivot":{"x":0.5,"y":0.5},"meshType":0}],[0],0,[0],[0],[0]],[[{"name":"bg5guang2_8","rect":{"x":364,"y":392,"width":380,"height":348},"offset":{"x":-12,"y":9},"originalSize":{"width":450,"height":450},"rotated":true,"capInsets":[0,0,0,0],"vertices":{"rawPosition":[],"indexes":[],"uv":[],"nuv":[],"minPos":{"x":0,"y":0,"z":0},"maxPos":{"x":0,"y":0,"z":0}},"packable":true,"pixelsToUnit":100,"pivot":{"x":0.5,"y":0.5},"meshType":0}],[0],0,[0],[0],[0]],[[{"name":"bg5guang1_4","rect":{"x":844,"y":764,"width":254,"height":222},"offset":{"x":5,"y":-13},"originalSize":{"width":300,"height":300},"rotated":true,"capInsets":[0,0,0,0],"vertices":{"rawPosition":[],"indexes":[],"uv":[],"nuv":[],"minPos":{"x":0,"y":0,"z":0},"maxPos":{"x":0,"y":0,"z":0}},"packable":true,"pixelsToUnit":100,"pivot":{"x":0.5,"y":0.5},"meshType":0}],[0],0,[0],[0],[0]],[[{"name":"bg5guang2_6","rect":{"x":1080,"y":2,"width":350,"height":378},"offset":{"x":-8,"y":-11},"originalSize":{"width":450,"height":450},"rotated":false,"capInsets":[0,0,0,0],"vertices":{"rawPosition":[],"indexes":[],"uv":[],"nuv":[],"minPos":{"x":0,"y":0,"z":0},"maxPos":{"x":0,"y":0,"z":0}},"packable":true,"pixelsToUnit":100,"pivot":{"x":0.5,"y":0.5},"meshType":0}],[0],0,[0],[0],[0]],[[{"name":"bg5guang2_3","rect":{"x":2,"y":2,"width":368,"height":388},"offset":{"x":-10,"y":-6},"originalSize":{"width":450,"height":450},"rotated":false,"capInsets":[0,0,0,0],"vertices":{"rawPosition":[],"indexes":[],"uv":[],"nuv":[],"minPos":{"x":0,"y":0,"z":0},"maxPos":{"x":0,"y":0,"z":0}},"packable":true,"pixelsToUnit":100,"pivot":{"x":0.5,"y":0.5},"meshType":0}],[0],0,[0],[0],[0]],[[{"name":"bg5guang0_6","rect":{"x":1796,"y":874,"width":154,"height":234},"offset":{"x":23,"y":-7},"originalSize":{"width":200,"height":280},"rotated":true,"capInsets":[0,0,0,0],"vertices":{"rawPosition":[],"indexes":[],"uv":[],"nuv":[],"minPos":{"x":0,"y":0,"z":0},"maxPos":{"x":0,"y":0,"z":0}},"packable":true,"pixelsToUnit":100,"pivot":{"x":0.5,"y":0.5},"meshType":0}],[0],0,[0],[0],[0]]]]
