[1,["ddd72d8a-e607-4a2a-95c1-2d8b7c0f5354@6c48a","7c37bb37-dcaa-4990-a3da-b836b0d58d7f@f8747","7c37bb37-dcaa-4990-a3da-b836b0d58d7f@eb01c","7c37bb37-dcaa-4990-a3da-b836b0d58d7f@b8282","7c37bb37-dcaa-4990-a3da-b836b0d58d7f@3918d","7c37bb37-dcaa-4990-a3da-b836b0d58d7f@11b34","7c37bb37-dcaa-4990-a3da-b836b0d58d7f@3e1bc","7c37bb37-dcaa-4990-a3da-b836b0d58d7f@6c6d9","7c37bb37-dcaa-4990-a3da-b836b0d58d7f@92f5e","7c37bb37-dcaa-4990-a3da-b836b0d58d7f@1e6fb","7c37bb37-dcaa-4990-a3da-b836b0d58d7f@27e3f","7c37bb37-dcaa-4990-a3da-b836b0d58d7f@ae66d","7c37bb37-dcaa-4990-a3da-b836b0d58d7f@c20f0"],["_textureSource"],["cc.SpriteFrame","cc.SpriteAtlas"],0,[[[{"name":"fish28","spriteFrames":["fish28_1","7c37bb37-dcaa-4990-a3da-b836b0d58d7f@f8747","fish28_10","7c37bb37-dcaa-4990-a3da-b836b0d58d7f@eb01c","fish28_11","7c37bb37-dcaa-4990-a3da-b836b0d58d7f@b8282","fish28_12","7c37bb37-dcaa-4990-a3da-b836b0d58d7f@3918d","fish28_2","7c37bb37-dcaa-4990-a3da-b836b0d58d7f@11b34","fish28_3","7c37bb37-dcaa-4990-a3da-b836b0d58d7f@3e1bc","fish28_4","7c37bb37-dcaa-4990-a3da-b836b0d58d7f@6c6d9","fish28_5","7c37bb37-dcaa-4990-a3da-b836b0d58d7f@92f5e","fish28_6","7c37bb37-dcaa-4990-a3da-b836b0d58d7f@1e6fb","fish28_7","7c37bb37-dcaa-4990-a3da-b836b0d58d7f@27e3f","fish28_8","7c37bb37-dcaa-4990-a3da-b836b0d58d7f@ae66d","fish28_9","7c37bb37-dcaa-4990-a3da-b836b0d58d7f@c20f0"]}],[1],0,[0,0,0,0,0,0,0,0,0,0,0,0],[0,0,0,0,0,0,0,0,0,0,0,0],[1,2,3,4,5,6,7,8,9,10,11,12]],[[{"name":"fish28_2","rect":{"x":305,"y":2,"width":287,"height":301},"offset":{"x":1,"y":0},"originalSize":{"width":289,"height":301},"rotated":true,"capInsets":[0,0,0,0],"vertices":{"rawPosition":[],"indexes":[],"uv":[],"nuv":[],"minPos":{"x":0,"y":0,"z":0},"maxPos":{"x":0,"y":0,"z":0}},"packable":true,"pixelsToUnit":100,"pivot":{"x":0.5,"y":0.5},"meshType":0}],[0],0,[0],[0],[0]],[[{"name":"fish28_6","rect":{"x":2,"y":871,"width":287,"height":279},"offset":{"x":0,"y":8},"originalSize":{"width":289,"height":301},"rotated":false,"capInsets":[0,0,0,0],"vertices":{"rawPosition":[],"indexes":[],"uv":[],"nuv":[],"minPos":{"x":0,"y":0,"z":0},"maxPos":{"x":0,"y":0,"z":0}},"packable":true,"pixelsToUnit":100,"pivot":{"x":0.5,"y":0.5},"meshType":0}],[0],0,[0],[0],[0]],[[{"name":"fish28_7","rect":{"x":2,"y":1152,"width":287,"height":271},"offset":{"x":0,"y":12},"originalSize":{"width":289,"height":301},"rotated":false,"capInsets":[0,0,0,0],"vertices":{"rawPosition":[],"indexes":[],"uv":[],"nuv":[],"minPos":{"x":0,"y":0,"z":0},"maxPos":{"x":0,"y":0,"z":0}},"packable":true,"pixelsToUnit":100,"pivot":{"x":0.5,"y":0.5},"meshType":0}],[0],0,[0],[0],[0]],[[{"name":"fish28_12","rect":{"x":2,"y":2,"width":289,"height":301},"offset":{"x":0,"y":0},"originalSize":{"width":289,"height":301},"rotated":true,"capInsets":[0,0,0,0],"vertices":{"rawPosition":[],"indexes":[],"uv":[],"nuv":[],"minPos":{"x":0,"y":0,"z":0},"maxPos":{"x":0,"y":0,"z":0}},"packable":true,"pixelsToUnit":100,"pivot":{"x":0.5,"y":0.5},"meshType":0}],[0],0,[0],[0],[0]],[[{"name":"fish28_3","rect":{"x":305,"y":580,"width":287,"height":299},"offset":{"x":0,"y":-1},"originalSize":{"width":289,"height":301},"rotated":true,"capInsets":[0,0,0,0],"vertices":{"rawPosition":[],"indexes":[],"uv":[],"nuv":[],"minPos":{"x":0,"y":0,"z":0},"maxPos":{"x":0,"y":0,"z":0}},"packable":true,"pixelsToUnit":100,"pivot":{"x":0.5,"y":0.5},"meshType":0}],[0],0,[0],[0],[0]],[[{"name":"fish28_4","rect":{"x":608,"y":291,"width":287,"height":299},"offset":{"x":0,"y":-1},"originalSize":{"width":289,"height":301},"rotated":true,"capInsets":[0,0,0,0],"vertices":{"rawPosition":[],"indexes":[],"uv":[],"nuv":[],"minPos":{"x":0,"y":0,"z":0},"maxPos":{"x":0,"y":0,"z":0}},"packable":true,"pixelsToUnit":100,"pivot":{"x":0.5,"y":0.5},"meshType":0}],[0],0,[0],[0],[0]],[[{"name":"fish28_5","rect":{"x":606,"y":580,"width":287,"height":293},"offset":{"x":1,"y":1},"originalSize":{"width":289,"height":301},"rotated":true,"capInsets":[0,0,0,0],"vertices":{"rawPosition":[],"indexes":[],"uv":[],"nuv":[],"minPos":{"x":0,"y":0,"z":0},"maxPos":{"x":0,"y":0,"z":0}},"packable":true,"pixelsToUnit":100,"pivot":{"x":0.5,"y":0.5},"meshType":0}],[0],0,[0],[0],[0]],[[{"name":"fish28_8","rect":{"x":301,"y":869,"width":287,"height":289},"offset":{"x":0,"y":5},"originalSize":{"width":289,"height":301},"rotated":true,"capInsets":[0,0,0,0],"vertices":{"rawPosition":[],"indexes":[],"uv":[],"nuv":[],"minPos":{"x":0,"y":0,"z":0},"maxPos":{"x":0,"y":0,"z":0}},"packable":true,"pixelsToUnit":100,"pivot":{"x":0.5,"y":0.5},"meshType":0}],[0],0,[0],[0],[0]],[[{"name":"fish28_11","rect":{"x":608,"y":2,"width":287,"height":301},"offset":{"x":1,"y":0},"originalSize":{"width":289,"height":301},"rotated":true,"capInsets":[0,0,0,0],"vertices":{"rawPosition":[],"indexes":[],"uv":[],"nuv":[],"minPos":{"x":0,"y":0,"z":0},"maxPos":{"x":0,"y":0,"z":0}},"packable":true,"pixelsToUnit":100,"pivot":{"x":0.5,"y":0.5},"meshType":0}],[0],0,[0],[0],[0]],[[{"name":"fish28_9","rect":{"x":2,"y":582,"width":287,"height":297},"offset":{"x":1,"y":1},"originalSize":{"width":289,"height":301},"rotated":true,"capInsets":[0,0,0,0],"vertices":{"rawPosition":[],"indexes":[],"uv":[],"nuv":[],"minPos":{"x":0,"y":0,"z":0},"maxPos":{"x":0,"y":0,"z":0}},"packable":true,"pixelsToUnit":100,"pivot":{"x":0.5,"y":0.5},"meshType":0}],[0],0,[0],[0],[0]],[[{"name":"fish28_10","rect":{"x":305,"y":291,"width":287,"height":301},"offset":{"x":1,"y":0},"originalSize":{"width":289,"height":301},"rotated":true,"capInsets":[0,0,0,0],"vertices":{"rawPosition":[],"indexes":[],"uv":[],"nuv":[],"minPos":{"x":0,"y":0,"z":0},"maxPos":{"x":0,"y":0,"z":0}},"packable":true,"pixelsToUnit":100,"pivot":{"x":0.5,"y":0.5},"meshType":0}],[0],0,[0],[0],[0]],[[{"name":"fish28_1","rect":{"x":2,"y":293,"width":287,"height":301},"offset":{"x":1,"y":0},"originalSize":{"width":289,"height":301},"rotated":true,"capInsets":[0,0,0,0],"vertices":{"rawPosition":[],"indexes":[],"uv":[],"nuv":[],"minPos":{"x":0,"y":0,"z":0},"maxPos":{"x":0,"y":0,"z":0}},"packable":true,"pixelsToUnit":100,"pivot":{"x":0.5,"y":0.5},"meshType":0}],[0],0,[0],[0],[0]]]]
