[1,["a1a66345-a192-4072-a709-11f26f90ec39@6c48a","93d7dfc8-9e88-4833-a2d9-5156bcf5266d@979b7","93d7dfc8-9e88-4833-a2d9-5156bcf5266d@ec9be","93d7dfc8-9e88-4833-a2d9-5156bcf5266d@082d6","93d7dfc8-9e88-4833-a2d9-5156bcf5266d@98bc1","93d7dfc8-9e88-4833-a2d9-5156bcf5266d@495a7","93d7dfc8-9e88-4833-a2d9-5156bcf5266d@f1e8d","93d7dfc8-9e88-4833-a2d9-5156bcf5266d@55ebc","93d7dfc8-9e88-4833-a2d9-5156bcf5266d@586fa","93d7dfc8-9e88-4833-a2d9-5156bcf5266d@4bdbb","93d7dfc8-9e88-4833-a2d9-5156bcf5266d@b6082","93d7dfc8-9e88-4833-a2d9-5156bcf5266d@bc256","93d7dfc8-9e88-4833-a2d9-5156bcf5266d@cd0ec","93d7dfc8-9e88-4833-a2d9-5156bcf5266d@0d0fe","93d7dfc8-9e88-4833-a2d9-5156bcf5266d@d26c8","93d7dfc8-9e88-4833-a2d9-5156bcf5266d@a524f"],["_textureSource"],["cc.SpriteFrame","cc.SpriteAtlas"],0,[[[{"name":"fish72","spriteFrames":["fish72_1","93d7dfc8-9e88-4833-a2d9-5156bcf5266d@979b7","fish72_10","93d7dfc8-9e88-4833-a2d9-5156bcf5266d@ec9be","fish72_11","93d7dfc8-9e88-4833-a2d9-5156bcf5266d@082d6","fish72_12","93d7dfc8-9e88-4833-a2d9-5156bcf5266d@98bc1","fish72_13","93d7dfc8-9e88-4833-a2d9-5156bcf5266d@495a7","fish72_14","93d7dfc8-9e88-4833-a2d9-5156bcf5266d@f1e8d","fish72_15","93d7dfc8-9e88-4833-a2d9-5156bcf5266d@55ebc","fish72_2","93d7dfc8-9e88-4833-a2d9-5156bcf5266d@586fa","fish72_3","93d7dfc8-9e88-4833-a2d9-5156bcf5266d@4bdbb","fish72_4","93d7dfc8-9e88-4833-a2d9-5156bcf5266d@b6082","fish72_5","93d7dfc8-9e88-4833-a2d9-5156bcf5266d@bc256","fish72_6","93d7dfc8-9e88-4833-a2d9-5156bcf5266d@cd0ec","fish72_7","93d7dfc8-9e88-4833-a2d9-5156bcf5266d@0d0fe","fish72_8","93d7dfc8-9e88-4833-a2d9-5156bcf5266d@d26c8","fish72_9","93d7dfc8-9e88-4833-a2d9-5156bcf5266d@a524f"]}],[1],0,[0,0,0,0,0,0,0,0,0,0,0,0,0,0,0],[0,0,0,0,0,0,0,0,0,0,0,0,0,0,0],[1,2,3,4,5,6,7,8,9,10,11,12,13,14,15]],[[{"name":"fish72_11","rect":{"x":2,"y":625,"width":291,"height":161},"offset":{"x":6,"y":-10},"originalSize":{"width":303,"height":207},"rotated":true,"capInsets":[0,0,0,0],"vertices":{"rawPosition":[],"indexes":[],"uv":[],"nuv":[],"minPos":{"x":0,"y":0,"z":0},"maxPos":{"x":0,"y":0,"z":0}},"packable":true,"pixelsToUnit":100,"pivot":{"x":0.5,"y":0.5},"meshType":0}],[0],0,[0],[0],[0]],[[{"name":"fish72_7","rect":{"x":600,"y":2,"width":293,"height":161},"offset":{"x":5,"y":-22},"originalSize":{"width":303,"height":207},"rotated":false,"capInsets":[0,0,0,0],"vertices":{"rawPosition":[],"indexes":[],"uv":[],"nuv":[],"minPos":{"x":0,"y":0,"z":0},"maxPos":{"x":0,"y":0,"z":0}},"packable":true,"pixelsToUnit":100,"pivot":{"x":0.5,"y":0.5},"meshType":0}],[0],0,[0],[0],[0]],[[{"name":"fish72_13","rect":{"x":165,"y":621,"width":287,"height":163},"offset":{"x":8,"y":1},"originalSize":{"width":303,"height":207},"rotated":true,"capInsets":[0,0,0,0],"vertices":{"rawPosition":[],"indexes":[],"uv":[],"nuv":[],"minPos":{"x":0,"y":0,"z":0},"maxPos":{"x":0,"y":0,"z":0}},"packable":true,"pixelsToUnit":100,"pivot":{"x":0.5,"y":0.5},"meshType":0}],[0],0,[0],[0],[0]],[[{"name":"fish72_3","rect":{"x":619,"y":330,"width":285,"height":163},"offset":{"x":9,"y":-2},"originalSize":{"width":303,"height":207},"rotated":false,"capInsets":[0,0,0,0],"vertices":{"rawPosition":[],"indexes":[],"uv":[],"nuv":[],"minPos":{"x":0,"y":0,"z":0},"maxPos":{"x":0,"y":0,"z":0}},"packable":true,"pixelsToUnit":100,"pivot":{"x":0.5,"y":0.5},"meshType":0}],[0],0,[0],[0],[0]],[[{"name":"fish72_15","rect":{"x":330,"y":780,"width":281,"height":163},"offset":{"x":11,"y":3},"originalSize":{"width":303,"height":207},"rotated":false,"capInsets":[0,0,0,0],"vertices":{"rawPosition":[],"indexes":[],"uv":[],"nuv":[],"minPos":{"x":0,"y":0,"z":0},"maxPos":{"x":0,"y":0,"z":0}},"packable":true,"pixelsToUnit":100,"pivot":{"x":0.5,"y":0.5},"meshType":0}],[0],0,[0],[0],[0]],[[{"name":"fish72_2","rect":{"x":165,"y":332,"width":287,"height":163},"offset":{"x":8,"y":2},"originalSize":{"width":303,"height":207},"rotated":true,"capInsets":[0,0,0,0],"vertices":{"rawPosition":[],"indexes":[],"uv":[],"nuv":[],"minPos":{"x":0,"y":0,"z":0},"maxPos":{"x":0,"y":0,"z":0}},"packable":true,"pixelsToUnit":100,"pivot":{"x":0.5,"y":0.5},"meshType":0}],[0],0,[0],[0],[0]],[[{"name":"fish72_1","rect":{"x":330,"y":495,"width":283,"height":163},"offset":{"x":10,"y":3},"originalSize":{"width":303,"height":207},"rotated":true,"capInsets":[0,0,0,0],"vertices":{"rawPosition":[],"indexes":[],"uv":[],"nuv":[],"minPos":{"x":0,"y":0,"z":0},"maxPos":{"x":0,"y":0,"z":0}},"packable":true,"pixelsToUnit":100,"pivot":{"x":0.5,"y":0.5},"meshType":0}],[0],0,[0],[0],[0]],[[{"name":"fish72_12","rect":{"x":330,"y":330,"width":287,"height":163},"offset":{"x":8,"y":-4},"originalSize":{"width":303,"height":207},"rotated":false,"capInsets":[0,0,0,0],"vertices":{"rawPosition":[],"indexes":[],"uv":[],"nuv":[],"minPos":{"x":0,"y":0,"z":0},"maxPos":{"x":0,"y":0,"z":0}},"packable":true,"pixelsToUnit":100,"pivot":{"x":0.5,"y":0.5},"meshType":0}],[0],0,[0],[0],[0]],[[{"name":"fish72_9","rect":{"x":600,"y":165,"width":291,"height":163},"offset":{"x":6,"y":-20},"originalSize":{"width":303,"height":207},"rotated":false,"capInsets":[0,0,0,0],"vertices":{"rawPosition":[],"indexes":[],"uv":[],"nuv":[],"minPos":{"x":0,"y":0,"z":0},"maxPos":{"x":0,"y":0,"z":0}},"packable":true,"pixelsToUnit":100,"pivot":{"x":0.5,"y":0.5},"meshType":0}],[0],0,[0],[0],[0]],[[{"name":"fish72_4","rect":{"x":2,"y":332,"width":291,"height":161},"offset":{"x":6,"y":-8},"originalSize":{"width":303,"height":207},"rotated":true,"capInsets":[0,0,0,0],"vertices":{"rawPosition":[],"indexes":[],"uv":[],"nuv":[],"minPos":{"x":0,"y":0,"z":0},"maxPos":{"x":0,"y":0,"z":0}},"packable":true,"pixelsToUnit":100,"pivot":{"x":0.5,"y":0.5},"meshType":0}],[0],0,[0],[0],[0]],[[{"name":"fish72_5","rect":{"x":2,"y":2,"width":297,"height":163},"offset":{"x":3,"y":-13},"originalSize":{"width":303,"height":207},"rotated":false,"capInsets":[0,0,0,0],"vertices":{"rawPosition":[],"indexes":[],"uv":[],"nuv":[],"minPos":{"x":0,"y":0,"z":0},"maxPos":{"x":0,"y":0,"z":0}},"packable":true,"pixelsToUnit":100,"pivot":{"x":0.5,"y":0.5},"meshType":0}],[0],0,[0],[0],[0]],[[{"name":"fish72_6","rect":{"x":295,"y":167,"width":291,"height":161},"offset":{"x":6,"y":-19},"originalSize":{"width":303,"height":207},"rotated":false,"capInsets":[0,0,0,0],"vertices":{"rawPosition":[],"indexes":[],"uv":[],"nuv":[],"minPos":{"x":0,"y":0,"z":0},"maxPos":{"x":0,"y":0,"z":0}},"packable":true,"pixelsToUnit":100,"pivot":{"x":0.5,"y":0.5},"meshType":0}],[0],0,[0],[0],[0]],[[{"name":"fish72_8","rect":{"x":495,"y":495,"width":283,"height":161},"offset":{"x":10,"y":-22},"originalSize":{"width":303,"height":207},"rotated":true,"capInsets":[0,0,0,0],"vertices":{"rawPosition":[],"indexes":[],"uv":[],"nuv":[],"minPos":{"x":0,"y":0,"z":0},"maxPos":{"x":0,"y":0,"z":0}},"packable":true,"pixelsToUnit":100,"pivot":{"x":0.5,"y":0.5},"meshType":0}],[0],0,[0],[0],[0]],[[{"name":"fish72_10","rect":{"x":301,"y":2,"width":297,"height":163},"offset":{"x":3,"y":-15},"originalSize":{"width":303,"height":207},"rotated":false,"capInsets":[0,0,0,0],"vertices":{"rawPosition":[],"indexes":[],"uv":[],"nuv":[],"minPos":{"x":0,"y":0,"z":0},"maxPos":{"x":0,"y":0,"z":0}},"packable":true,"pixelsToUnit":100,"pivot":{"x":0.5,"y":0.5},"meshType":0}],[0],0,[0],[0],[0]],[[{"name":"fish72_14","rect":{"x":2,"y":167,"width":291,"height":163},"offset":{"x":6,"y":3},"originalSize":{"width":303,"height":207},"rotated":false,"capInsets":[0,0,0,0],"vertices":{"rawPosition":[],"indexes":[],"uv":[],"nuv":[],"minPos":{"x":0,"y":0,"z":0},"maxPos":{"x":0,"y":0,"z":0}},"packable":true,"pixelsToUnit":100,"pivot":{"x":0.5,"y":0.5},"meshType":0}],[0],0,[0],[0],[0]]]]
