[1,["eaf9baa3-470c-489f-87ed-60e399facf80@6c48a"],0,[["sp.SkeletonData",["_name","_atlasText","textureNames","_skeletonJson","textures"],-1,3]],[[0,0,1,2,3,4,5]],[[0,"pao-2","\r\npao-2.png\r\nsize: 1318,342\r\nformat: RGBA8888\r\nfilter: Linear,Linear\r\nrepeat: none\r\ncannon_pifu2_0\r\n  rotate: true\r\n  xy: 171, 192\r\n  size: 148, 188\r\n  orig: 211, 247\r\n  offset: 21, 30\r\n  index: -1\r\ncannon_pifu2_0001\r\n  rotate: false\r\n  xy: 355, 2\r\n  size: 148, 188\r\n  orig: 211, 247\r\n  offset: 21, 24\r\n  index: -1\r\ncannon_pifu2_0002\r\n  rotate: true\r\n  xy: 1105, 63\r\n  size: 127, 211\r\n  orig: 211, 247\r\n  offset: 18, 12\r\n  index: -1\r\ncannon_pifu2_0003\r\n  rotate: true\r\n  xy: 2, 155\r\n  size: 185, 167\r\n  orig: 211, 247\r\n  offset: 26, 34\r\n  index: -1\r\ncannon_pifu2_0004\r\n  rotate: true\r\n  xy: 2, 10\r\n  size: 143, 201\r\n  orig: 211, 247\r\n  offset: 20, 17\r\n  index: -1\r\ncannon_pifu2_0005\r\n  rotate: true\r\n  xy: 741, 192\r\n  size: 148, 188\r\n  orig: 211, 247\r\n  offset: 21, 24\r\n  index: -1\r\ncannon_pifu2_1\r\n  rotate: false\r\n  xy: 205, 2\r\n  size: 148, 188\r\n  orig: 211, 247\r\n  offset: 21, 30\r\n  index: -1\r\ncannon_pifu2_2\r\n  rotate: true\r\n  xy: 361, 192\r\n  size: 148, 188\r\n  orig: 211, 247\r\n  offset: 21, 30\r\n  index: -1\r\ncannon_pifu2_3\r\n  rotate: false\r\n  xy: 505, 2\r\n  size: 148, 188\r\n  orig: 211, 247\r\n  offset: 21, 30\r\n  index: -1\r\ncannon_pifu2_4\r\n  rotate: true\r\n  xy: 551, 192\r\n  size: 148, 188\r\n  orig: 211, 247\r\n  offset: 21, 30\r\n  index: -1\r\ncannon_pifu2_5\r\n  rotate: false\r\n  xy: 655, 2\r\n  size: 148, 188\r\n  orig: 211, 247\r\n  offset: 21, 30\r\n  index: -1\r\ncannon_pifu2_6\r\n  rotate: false\r\n  xy: 805, 2\r\n  size: 148, 188\r\n  orig: 211, 247\r\n  offset: 21, 30\r\n  index: -1\r\ncannon_pifu2_7\r\n  rotate: true\r\n  xy: 931, 192\r\n  size: 148, 188\r\n  orig: 211, 247\r\n  offset: 21, 30\r\n  index: -1\r\ncannon_pifu2_8\r\n  rotate: true\r\n  xy: 1121, 192\r\n  size: 148, 188\r\n  orig: 211, 247\r\n  offset: 21, 30\r\n  index: -1\r\ncannon_pifu2_9\r\n  rotate: false\r\n  xy: 955, 2\r\n  size: 148, 188\r\n  orig: 211, 247\r\n  offset: 21, 30\r\n  index: -1\r\n",["pao-2.png"],{"skeleton":{"hash":"Y3GIRkBZnX4xH+dqadf5/24FP94","spine":"2.1.27","width":211,"height":247,"images":"./../01/新炮/新炮/pao/pao2/"},"bones":[{"name":"root"},{"name":"dong","parent":"root"},{"name":"jing","parent":"root"}],"slots":[{"name":"pao2","bone":"jing","attachment":"cannon_pifu2_9"},{"name":"01","bone":"dong"}],"skins":{"default":{"01":{"cannon_pifu2_0001":{"y":6.13,"width":211,"height":247},"cannon_pifu2_0002":{"width":211,"height":247},"cannon_pifu2_0003":{"width":211,"height":247},"cannon_pifu2_0004":{"width":211,"height":247},"cannon_pifu2_0005":{"width":211,"height":247}},"pao2":{"cannon_pifu2_0":{"width":211,"height":247},"cannon_pifu2_1":{"width":211,"height":247},"cannon_pifu2_2":{"width":211,"height":247},"cannon_pifu2_3":{"width":211,"height":247},"cannon_pifu2_4":{"width":211,"height":247},"cannon_pifu2_5":{"width":211,"height":247},"cannon_pifu2_6":{"width":211,"height":247},"cannon_pifu2_7":{"width":211,"height":247},"cannon_pifu2_8":{"width":211,"height":247},"cannon_pifu2_9":{"width":211,"height":247}}}},"animations":{"dong":{"slots":{"01":{"attachment":[{"time":0,"name":"cannon_pifu2_0001"},{"time":0.1333,"name":"cannon_pifu2_0002"},{"time":0.2666,"name":"cannon_pifu2_0003"},{"time":0.4,"name":"cannon_pifu2_0004"},{"time":0.5333,"name":"cannon_pifu2_0005"}]},"pao2":{"attachment":[{"time":0,"name":null},{"time":0.5333,"name":null}]}},"bones":{"dong":{"translate":[{"time":0,"x":1.25,"y":0},{"time":0.1333,"x":4.41,"y":6.3},{"time":0.2666,"x":-5.03,"y":6.3},{"time":0.4,"x":1.88,"y":6.3}]}}},"jing":{"slots":{"01":{"attachment":[{"time":0,"name":null},{"time":0.1333,"name":null},{"time":0.2666,"name":null},{"time":0.4,"name":null},{"time":0.5333,"name":null}]},"pao2":{"attachment":[{"time":0,"name":"cannon_pifu2_0"},{"time":0.1333,"name":"cannon_pifu2_1"},{"time":0.2666,"name":"cannon_pifu2_2"},{"time":0.4,"name":"cannon_pifu2_3"},{"time":0.5333,"name":"cannon_pifu2_4"},{"time":0.6666,"name":"cannon_pifu2_5"},{"time":0.8,"name":"cannon_pifu2_6"},{"time":0.9333,"name":"cannon_pifu2_7"},{"time":1.0666,"name":"cannon_pifu2_8"},{"time":1.2,"name":"cannon_pifu2_9"}]}},"bones":{"jing":{"translate":[{"time":1.2,"x":-2.29,"y":2.29}]},"dong":{"translate":[{"time":0.1333,"x":4.4,"y":6.29},{"time":0.2666,"x":-8.18,"y":6.29},{"time":0.4,"x":1.26,"y":6.29}]}}}}},[0]]],0,0,[0],[-1],[0]]
