[1,["787yllW/JAC5cTFQtF9h0I@6c48a","85gMFwy6BJPKreDV5y8CDw@6c48a","eeSAAQk5dBrJD4Khkr2QZD","05CzOLedxFZL7CHLUu1YKB","85gMFwy6BJPKreDV5y8CDw@f9941"],["node","_textureSource","root","spFree","ndFree","target","data","_font","_skeletonData","spriteFrame"],[["cc.Node",["_name","_active","_components","_prefab","_children","_parent","_lpos"],1,9,4,2,1,5],"cc.SpriteFrame",["sp.SkeletonData",["_name","_atlasText","textureNames","_skeletonJson","textures"],-1,3],["cc.Prefab",["_name"],2],["cc.Node",["_name","_parent","_components","_prefab"],2,1,12,4],["cc.UITransform",["node","__prefab","_contentSize"],3,1,4,5],["cc.CompPrefabInfo",["fileId"],2],["cc.Widget",["_alignFlags","_originalWidth","_originalHeight","node","__prefab"],0,1,4],["245a9JhWDdKRpSJUmJv6h4N",["node","__prefab","ndFree","spFree"],3,1,4,1,1],["cc.Button",["node","__prefab","clickEvents"],3,1,4,9],["cc.ClickEvent",["_componentId","handler","target"],1,1],["cc.PrefabInfo",["fileId","instance","targetOverrides","nestedPrefabInstanceRoots","root","asset"],-1,1,1],["cc.Label",["_string","_actualFontSize","_fontSize","_lineHeight","_isSystemFontUsed","node","__prefab","_font"],-2,1,4,6],["235e5m/xF1Cf6GLGOBIaQ6o",["node","__prefab"],3,1,4],["sp.Skeleton",["defaultSkin","defaultAnimation","_premultipliedAlpha","_preCacheMode","loop","node","__prefab","_sockets"],-2,1,4,9],["sp.Skeleton.SpineSocket",["path"],2],["cc.BitmapFont",["_name","fontSize","fntConfig"],0]],[[6,0,2],[5,0,1,2,1],[11,0,1,2,3,4,5,5],[2,0,1,2,3,4,5],[3,0,2],[0,0,4,2,3,2],[0,0,1,5,2,3,6,3],[4,0,1,2,3,2],[7,0,1,2,3,4,4],[8,0,1,2,3,1],[9,0,1,2,1],[10,0,1,2,3],[12,0,1,2,3,4,5,6,7,6],[13,0,1,1],[14,0,1,2,3,4,5,6,7,6],[15,0,2],[16,0,1,2,4]],[[[[3,"dfdc_freespins","\r\ndfdc_freespins.png\r\nsize: 632,425\r\nformat: RGBA8888\r\nfilter: Linear,Linear\r\nrepeat: none\r\ndfdc_freespins_bg\r\n  rotate: false\r\n  xy: 2, 162\r\n  size: 620, 261\r\n  orig: 620, 270\r\n  offset: 0, 4\r\n  index: -1\r\ndfdc_freespins_bg_zhou\r\n  rotate: true\r\n  xy: 2, 69\r\n  size: 91, 338\r\n  orig: 100, 346\r\n  offset: 5, 4\r\n  index: -1\r\ndfdc_freespins_freespins\r\n  rotate: false\r\n  xy: 2, 2\r\n  size: 415, 65\r\n  orig: 418, 66\r\n  offset: 2, 1\r\n  index: -1\r\nfreespins_sg00\r\n  rotate: false\r\n  xy: 624, 378\r\n  size: 5, 28\r\n  orig: 209, 33\r\n  offset: 2, 5\r\n  index: -1\r\nfreespins_sg01\r\n  rotate: false\r\n  xy: 419, 2\r\n  size: 30, 32\r\n  orig: 209, 33\r\n  offset: 1, 1\r\n  index: -1\r\nfreespins_sg02\r\n  rotate: false\r\n  xy: 525, 94\r\n  size: 52, 32\r\n  orig: 209, 33\r\n  offset: 2, 1\r\n  index: -1\r\nfreespins_sg03\r\n  rotate: false\r\n  xy: 453, 94\r\n  size: 70, 32\r\n  orig: 209, 33\r\n  offset: 8, 1\r\n  index: -1\r\nfreespins_sg04\r\n  rotate: false\r\n  xy: 419, 36\r\n  size: 77, 32\r\n  orig: 209, 33\r\n  offset: 25, 1\r\n  index: -1\r\nfreespins_sg05\r\n  rotate: true\r\n  xy: 342, 77\r\n  size: 83, 32\r\n  orig: 209, 33\r\n  offset: 43, 1\r\n  index: -1\r\nfreespins_sg06\r\n  rotate: true\r\n  xy: 419, 70\r\n  size: 90, 32\r\n  orig: 209, 33\r\n  offset: 60, 1\r\n  index: -1\r\nfreespins_sg07\r\n  rotate: true\r\n  xy: 376, 77\r\n  size: 83, 32\r\n  orig: 209, 33\r\n  offset: 84, 1\r\n  index: -1\r\nfreespins_sg08\r\n  rotate: false\r\n  xy: 453, 128\r\n  size: 76, 32\r\n  orig: 209, 33\r\n  offset: 107, 1\r\n  index: -1\r\nfreespins_sg09\r\n  rotate: true\r\n  xy: 498, 22\r\n  size: 70, 32\r\n  orig: 209, 33\r\n  offset: 131, 1\r\n  index: -1\r\nfreespins_sg10\r\n  rotate: false\r\n  xy: 531, 128\r\n  size: 53, 32\r\n  orig: 209, 33\r\n  offset: 155, 1\r\n  index: -1\r\nfreespins_sg11\r\n  rotate: false\r\n  xy: 451, 2\r\n  size: 29, 32\r\n  orig: 209, 33\r\n  offset: 179, 1\r\n  index: -1\r\nfreespins_sg12\r\n  rotate: false\r\n  xy: 624, 408\r\n  size: 6, 15\r\n  orig: 209, 33\r\n  offset: 202, 5\r\n  index: -1\r\n",["dfdc_freespins.png"],{"skeleton":{"hash":"c1U8EmOGjo/RfxgI8TqlnkwyCPQ","spine":"3.8.99","x":-355,"y":-173,"width":710,"height":346,"images":"C:/Users/666/Desktop/dfdc_freespins","audio":""},"bones":[{"name":"root"},{"name":"box","parent":"root"},{"name":"zi","parent":"box","x":-67},{"name":"z","parent":"root","x":-305},{"name":"y","parent":"root","x":305},{"name":"22","parent":"zi"}],"slots":[{"name":"dfdc_freespins_bg","bone":"box","attachment":"dfdc_freespins_bg"},{"name":"dfdc_freespins_freespins","bone":"zi","attachment":"dfdc_freespins_freespins"},{"name":"dfdc_freespins_bg_zhou","bone":"z","attachment":"dfdc_freespins_bg_zhou"},{"name":"dfdc_freespins_bg_zhou2","bone":"y","attachment":"dfdc_freespins_bg_zhou"},{"name":"aaa","bone":"22","attachment":"freespins_sg12","blend":"screen"}],"skins":[{"name":"default","attachments":{"aaa":{"freespins_sg00":{"x":0.5,"y":0.5,"scaleX":2,"scaleY":2,"width":209,"height":33},"freespins_sg01":{"x":0.5,"y":0.5,"scaleX":2,"scaleY":2,"width":209,"height":33},"freespins_sg02":{"x":0.5,"y":0.5,"scaleX":2,"scaleY":2,"width":209,"height":33},"freespins_sg03":{"x":0.5,"y":0.5,"scaleX":2,"scaleY":2,"width":209,"height":33},"freespins_sg04":{"x":0.5,"y":0.5,"scaleX":2,"scaleY":2,"width":209,"height":33},"freespins_sg05":{"x":0.5,"y":0.5,"scaleX":2,"scaleY":2,"width":209,"height":33},"freespins_sg06":{"x":0.5,"y":0.5,"scaleX":2,"scaleY":2,"width":209,"height":33},"freespins_sg07":{"x":0.5,"y":0.5,"scaleX":2,"scaleY":2,"width":209,"height":33},"freespins_sg08":{"x":0.5,"y":0.5,"scaleX":2,"scaleY":2,"width":209,"height":33},"freespins_sg09":{"x":0.5,"y":0.5,"scaleX":2,"scaleY":2,"width":209,"height":33},"freespins_sg10":{"x":0.5,"y":0.5,"scaleX":2,"scaleY":2,"width":209,"height":33},"freespins_sg11":{"x":0.5,"y":0.5,"scaleX":2,"scaleY":2,"width":209,"height":33},"freespins_sg12":{"x":0.5,"y":0.5,"scaleX":2,"scaleY":2,"width":209,"height":33}},"dfdc_freespins_bg":{"dfdc_freespins_bg":{"width":620,"height":270}},"dfdc_freespins_bg_zhou":{"dfdc_freespins_bg_zhou":{"width":100,"height":346}},"dfdc_freespins_bg_zhou2":{"dfdc_freespins_bg_zhou":{"scaleX":-1,"width":100,"height":346}},"dfdc_freespins_freespins":{"dfdc_freespins_freespins":{"width":418,"height":66}}}}],"animations":{"animation":{"slots":{"aaa":{"attachment":[{"time":0.3333,"name":"freespins_sg00"},{"time":0.4,"name":"freespins_sg01"},{"time":0.4667,"name":"freespins_sg02"},{"time":0.5333,"name":"freespins_sg03"},{"time":0.6,"name":"freespins_sg04"},{"time":0.6667,"name":"freespins_sg05"},{"time":0.7333,"name":"freespins_sg06"},{"time":0.8,"name":"freespins_sg07"},{"time":0.8667,"name":"freespins_sg08"},{"time":0.9333,"name":"freespins_sg09"},{"time":1,"name":"freespins_sg10"},{"time":1.0667,"name":"freespins_sg11"},{"time":1.1333,"name":"freespins_sg12"}]}},"bones":{"box":{"scale":[{"x":0},{"time":0.3333}]},"y":{"translate":[{"x":-300},{"time":0.3333}]},"z":{"translate":[{"x":300},{"time":0.3333}]}}}}},[0]]],0,0,[0],[-1],[0]],[[{"name":"font_win_0","rect":{"x":0,"y":0,"width":999,"height":199},"offset":{"x":-12.5,"y":412.5},"originalSize":{"width":1024,"height":1024},"rotated":false,"capInsets":[0,0,0,0],"vertices":{"rawPosition":[-499.5,-99.5,0,499.5,-99.5,0,-499.5,99.5,0,499.5,99.5,0],"indexes":[0,1,2,2,1,3],"uv":[0,1024,999,1024,0,825,999,825],"nuv":[0,0.8056640625,0.9755859375,0.8056640625,0,1,0.9755859375,1],"minPos":{"x":-499.5,"y":-99.5,"z":0},"maxPos":{"x":499.5,"y":99.5,"z":0}},"packable":true,"pixelsToUnit":100,"pivot":{"x":0.5,"y":0.5},"meshType":0}],[1],0,[0],[1],[1]],[[[4,"prefab_dfdc_freeNum"],[5,"prefab_dfdc_freeNum",[-9,-10],[[1,-2,[0,"472QBiqaxAypepSKzNoCQF"],[5,1334,750.0000000000001]],[8,45,100,100,-3,[0,"b9j3uFJZpEi5Utzw4JiGtK"]],[9,-6,[0,"2aZlbpbJNO3IbK3LcvGR4C"],-5,-4],[10,-8,[0,"73M4tAkglGVI5nAPNfxKl/"],[[11,"245a9JhWDdKRpSJUmJv6h4N","onTouch",-7]]]],[2,"c46/YsCPVOJYA4mWEpNYRx",null,null,null,-1,0]],[6,"props_dfdc_shuzi",false,1,[[1,-11,[0,"77CaqkaOxBd60lVMd02N/l"],[5,49.8,100]],[12,"0",60,60,100,false,-12,[0,"6cNQ2/0WZODKkgQN5kjgRv"],0],[13,-13,[0,"842dIQBs5JOLL6iL2PjiU9"]]],[2,"60rwdYDtRI7Zdot+bvAVn+",null,null,null,1,0],[1,210,0,0]],[7,"props_dfdc_freespins",1,[[[1,-14,[0,"9aswZjLLpLWb5+QsjYLFTc"],[5,710,346]],-15],4,1],[2,"d37/BucitCSaJvAEMrQV6/",null,null,null,1,0]],[14,"default","animation",false,0,false,3,[0,"aeE6SCVClJtrI87Op88eRV"],[[15,"root/box/zi"]]]],0,[0,2,1,0,0,1,0,0,1,0,3,4,0,4,2,0,0,1,0,5,1,0,0,1,0,-1,3,0,-2,2,0,0,2,0,0,2,0,0,2,0,0,3,0,-2,4,0,6,1,15],[0,4],[7,8],[2,3]],[[[16,"font_win",100,{"commonHeight":32,"fontSize":100,"atlasName":"font_win_0.png","fontDefDictionary":{"44":{"xOffset":0,"yOffset":66,"xAdvance":37,"rect":{"x":190,"y":101,"width":37,"height":49}},"46":{"xOffset":0,"yOffset":66,"xAdvance":37,"rect":{"x":228,"y":101,"width":37,"height":33}},"48":{"xOffset":0,"yOffset":0,"xAdvance":83,"rect":{"x":253,"y":0,"width":83,"height":100}},"49":{"xOffset":0,"yOffset":0,"xAdvance":83,"rect":{"x":500,"y":0,"width":83,"height":98}},"50":{"xOffset":0,"yOffset":0,"xAdvance":78,"rect":{"x":834,"y":0,"width":78,"height":97}},"51":{"xOffset":0,"yOffset":0,"xAdvance":78,"rect":{"x":421,"y":0,"width":78,"height":100}},"52":{"xOffset":0,"yOffset":0,"xAdvance":86,"rect":{"x":913,"y":0,"width":86,"height":95}},"53":{"xOffset":0,"yOffset":0,"xAdvance":79,"rect":{"x":754,"y":0,"width":79,"height":97}},"54":{"xOffset":0,"yOffset":0,"xAdvance":84,"rect":{"x":168,"y":0,"width":84,"height":100}},"55":{"xOffset":0,"yOffset":0,"xAdvance":83,"rect":{"x":584,"y":0,"width":83,"height":98}},"56":{"xOffset":0,"yOffset":0,"xAdvance":83,"rect":{"x":337,"y":0,"width":83,"height":100}},"57":{"xOffset":0,"yOffset":0,"xAdvance":85,"rect":{"x":82,"y":0,"width":85,"height":100}},"66":{"xOffset":0,"yOffset":0,"xAdvance":85,"rect":{"x":668,"y":0,"width":85,"height":97}},"75":{"xOffset":0,"yOffset":0,"xAdvance":81,"rect":{"x":0,"y":0,"width":81,"height":103}},"77":{"xOffset":0,"yOffset":0,"xAdvance":115,"rect":{"x":0,"y":104,"width":115,"height":95}},"84":{"xOffset":0,"yOffset":0,"xAdvance":73,"rect":{"x":116,"y":101,"width":73,"height":94}}},"kerningDict":{}}]],0,0,[0],[9],[4]]]]
