[1,["152f46737@6c48a"],["_textureSource"],["cc.SpriteFrame"],0,[[[{"name":"Rptidakmencukupi","rect":{"x":3,"y":929,"width":229,"height":76},"offset":{"x":0,"y":0},"originalSize":{"width":229,"height":76},"rotated":false,"capInsets":[0,0,0,0],"packable":true,"pixelsToUnit":100,"pivot":{"x":0.5,"y":0.5},"meshType":0}],[0],0,[0],[0],[0]],[[{"name":"rule3","rect":{"x":3,"y":3,"width":978,"height":420},"offset":{"x":0,"y":0},"originalSize":{"width":978,"height":420},"rotated":false,"capInsets":[0,0,0,0],"packable":true,"pixelsToUnit":100,"pivot":{"x":0.5,"y":0.5},"meshType":0}],[0],0,[0],[0],[0]],[[{"name":"Back to game","rect":{"x":514,"y":855,"width":334,"height":94},"offset":{"x":0,"y":0},"originalSize":{"width":334,"height":94},"rotated":false,"capInsets":[0,0,0,0],"packable":true,"pixelsToUnit":100,"pivot":{"x":0.5,"y":0.5},"meshType":0}],[0],0,[0],[0],[0]],[[{"name":"spr_continue_text","rect":{"x":3,"y":855,"width":505,"height":68},"offset":{"x":0,"y":0},"originalSize":{"width":505,"height":68},"rotated":false,"capInsets":[0,0,0,0],"packable":true,"pixelsToUnit":100,"pivot":{"x":0.5,"y":0.5},"meshType":0}],[0],0,[0],[0],[0]],[[{"name":"Golden icon","rect":{"x":459,"y":955,"width":294,"height":50},"offset":{"x":0,"y":0},"originalSize":{"width":294,"height":50},"rotated":false,"capInsets":[0,0,0,0],"packable":true,"pixelsToUnit":100,"pivot":{"x":0.5,"y":0.5},"meshType":0}],[0],0,[0],[0],[0]],[[{"name":"ID_1120","rect":{"x":3,"y":429,"width":978,"height":420},"offset":{"x":0,"y":0},"originalSize":{"width":978,"height":420},"rotated":false,"capInsets":[0,0,0,0],"packable":true,"pixelsToUnit":100,"pivot":{"x":0.5,"y":0.5},"meshType":0}],[0],0,[0],[0],[0]],[[{"name":"Rule","rect":{"x":854,"y":855,"width":107,"height":49},"offset":{"x":0,"y":0},"originalSize":{"width":107,"height":49},"rotated":true,"capInsets":[0,0,0,0],"packable":true,"pixelsToUnit":100,"pivot":{"x":0.5,"y":0.5},"meshType":0}],[0],0,[0],[0],[0]],[[{"name":"bg_dfdc_anniu_confirm","rect":{"x":238,"y":929,"width":215,"height":76},"offset":{"x":0,"y":0},"originalSize":{"width":215,"height":76},"rotated":false,"capInsets":[0,0,0,0],"packable":true,"pixelsToUnit":100,"pivot":{"x":0.5,"y":0.5},"meshType":0}],[0],0,[0],[0],[0]]]]
