[1,["aaG6MD3+FEKIOvQskPsKbj@f9941","aaG6MD3+FEKIOvQskPsKbj@6c48a"],["spriteFrame","_textureSource"],["cc.SpriteFrame",["cc.BitmapFont",["_name","fontSize","fntConfig"],0]],[[1,0,1,2,4]],[[[[0,"font_loading",32,{"commonHeight":32,"fontSize":32,"atlasName":"font_loading_0.png","fontDefDictionary":{"37":{"xOffset":0,"yOffset":0,"xAdvance":31,"rect":{"x":0,"y":0,"width":31,"height":24}},"48":{"xOffset":0,"yOffset":0,"xAdvance":21,"rect":{"x":122,"y":0,"width":21,"height":22}},"49":{"xOffset":0,"yOffset":0,"xAdvance":21,"rect":{"x":32,"y":0,"width":21,"height":23}},"50":{"xOffset":0,"yOffset":0,"xAdvance":20,"rect":{"x":188,"y":0,"width":20,"height":22}},"51":{"xOffset":0,"yOffset":0,"xAdvance":20,"rect":{"x":209,"y":0,"width":20,"height":22}},"52":{"xOffset":0,"yOffset":0,"xAdvance":22,"rect":{"x":76,"y":0,"width":22,"height":22}},"53":{"xOffset":0,"yOffset":0,"xAdvance":20,"rect":{"x":230,"y":0,"width":20,"height":22}},"54":{"xOffset":0,"yOffset":0,"xAdvance":21,"rect":{"x":144,"y":0,"width":21,"height":22}},"55":{"xOffset":0,"yOffset":0,"xAdvance":21,"rect":{"x":54,"y":0,"width":21,"height":23}},"56":{"xOffset":0,"yOffset":0,"xAdvance":21,"rect":{"x":166,"y":0,"width":21,"height":22}},"57":{"xOffset":0,"yOffset":0,"xAdvance":22,"rect":{"x":99,"y":0,"width":22,"height":22}}},"kerningDict":{}}]],0,0,[0],[0],[0]],[[{"name":"font_loading_0","rect":{"x":0,"y":0,"width":250,"height":24},"offset":{"x":-3,"y":116},"originalSize":{"width":256,"height":256},"rotated":false,"capInsets":[0,0,0,0],"vertices":{"rawPosition":[-125,-12,0,125,-12,0,-125,12,0,125,12,0],"indexes":[0,1,2,2,1,3],"uv":[0,256,250,256,0,232,250,232],"nuv":[0,0.90625,0.9765625,0.90625,0,1,0.9765625,1],"minPos":{"x":-125,"y":-12,"z":0},"maxPos":{"x":125,"y":12,"z":0}},"packable":true,"pixelsToUnit":100,"pivot":{"x":0.5,"y":0.5},"meshType":0}],[0],0,[0],[1],[1]]]]
