[1,["f4H0s8RDlF9rt1iT1V45wM","cdyyuDxrhGhYrfXxpwDE+v","c9B80s0aVBeoTNBdpbQmWF@6c48a","b2ulSm1bNEz6fB7aN3kdSA@6c48a","c4NVWl1pdJj6YZPk6ctLn9@6c48a","51KtRBsqZOvq/RgxobBLt0","de0+b8IxlC+auT2u16vapW","aaysIV4wNB4JqUsUE/w3eB","7fsq5uFO1OwL/aIZb6om9Y","0crgwfMIROja+NcJybw90p","31JMZ9gqtGaLmCfOkJTp/2","3a5JxAgahHCKdbZbjQctyV","68Kshn8H1CiKjPOU9Elssc@6c48a"],["node","_skeletonData","root","ndWin","spBW","spGold","target","data","_parent","_font"],[["cc.Node",["_name","_components","_prefab","_children","_lpos","_euler","_parent"],2,9,4,2,5,5,1],["cc.UITransform",["node","__prefab","_contentSize","_anchorPoint"],3,1,4,5,5],["cc.Node",["_name","_parent","_components","_prefab","_children"],2,1,12,4,2],["sp.Skeleton",["defaultSkin","defaultAnimation","_premultipliedAlpha","_preCacheMode","node","__prefab","_sockets"],-1,1,4,9],["sp.SkeletonData",["_name","_atlasText","textureNames","_skeletonJson","textures"],-1,3],["cc.Prefab",["_name"],2],["cc.CompPrefabInfo",["fileId"],2],["cc.Widget",["_alignFlags","_originalWidth","_originalHeight","node","__prefab"],0,1,4],["b7b4a5oRytPBZjhNQPPfD1b",["node","__prefab","spGold","spGoldList","spBW","spBWList","ndWin"],3,1,4,1,3,1,3,1],["cc.Button",["node","__prefab","clickEvents"],3,1,4,9],["cc.ClickEvent",["_componentId","handler","target"],1,1],["cc.PrefabInfo",["fileId","instance","targetOverrides","nestedPrefabInstanceRoots","root","asset"],-1,1,1],["cc.Label",["_string","_actualFontSize","_fontSize","_lineHeight","_overflow","_enableWrapText","_isSystemFontUsed","node","__prefab","_font"],-4,1,4,6],["235e5m/xF1Cf6GLGOBIaQ6o",["node","__prefab"],3,1,4],["sp.Skeleton.SpineSocket",["path","target"],2,1]],[[6,0,2],[11,0,1,2,3,4,5,5],[4,0,1,2,3,4,5],[1,0,1,2,1],[1,0,1,1],[5,0,2],[0,0,3,1,2,2],[0,0,1,2,4,5,2],[0,0,6,3,1,2,2],[2,0,1,4,2,3,2],[2,0,1,2,3,2],[1,0,1,2,3,1],[7,0,1,2,3,4,4],[8,0,1,2,3,4,5,6,1],[9,0,1,2,1],[10,0,1,2,3],[12,0,1,2,3,4,5,6,7,8,9,8],[13,0,1,1],[3,0,1,2,3,4,5,5],[3,0,1,2,3,4,5,6,5],[14,0,1,2]],[[[[2,"megawin","\r\nmegawin.png\r\nsize: 1577,1322\r\nformat: RGBA8888\r\nfilter: Linear,Linear\r\nrepeat: none\r\n01\r\n  rotate: false\r\n  xy: 1397, 432\r\n  size: 167, 135\r\n  orig: 172, 135\r\n  offset: 0, 0\r\n  index: -1\r\n02\r\n  rotate: false\r\n  xy: 1187, 329\r\n  size: 205, 201\r\n  orig: 205, 201\r\n  offset: 0, 0\r\n  index: -1\r\n03\r\n  rotate: true\r\n  xy: 1187, 122\r\n  size: 205, 201\r\n  orig: 205, 201\r\n  offset: 0, 0\r\n  index: -1\r\n04\r\n  rotate: false\r\n  xy: 1397, 569\r\n  size: 172, 135\r\n  orig: 172, 135\r\n  offset: 0, 0\r\n  index: -1\r\nbigwin\r\n  rotate: false\r\n  xy: 2, 2\r\n  size: 570, 514\r\n  orig: 615, 536\r\n  offset: 35, 0\r\n  index: -1\r\nbigwin1_1\r\n  rotate: true\r\n  xy: 1187, 706\r\n  size: 614, 388\r\n  orig: 615, 536\r\n  offset: 1, 74\r\n  index: -1\r\ndi\r\n  rotate: false\r\n  xy: 615, 532\r\n  size: 780, 172\r\n  orig: 782, 174\r\n  offset: 1, 1\r\n  index: -1\r\ng\r\n  rotate: true\r\n  xy: 2, 518\r\n  size: 802, 611\r\n  orig: 1336, 752\r\n  offset: 283, 55\r\n  index: -1\r\ng1\r\n  rotate: false\r\n  xy: 574, 56\r\n  size: 611, 460\r\n  orig: 683, 502\r\n  offset: 39, 19\r\n  index: -1\r\nguang\r\n  rotate: true\r\n  xy: 615, 744\r\n  size: 576, 550\r\n  orig: 640, 564\r\n  offset: 36, 14\r\n  index: -1\r\n",["megawin.png"],{"skeleton":{"hash":"6RK/b5BxG5pizMbp+vZSbVv6xLk","spine":"3.8.99","x":-663.65,"y":-370.16,"width":1336,"height":752,"images":"./megawin_sg/","audio":"F:/工作/埃及"},"bones":[{"name":"root"},{"name":"lb1","parent":"root","length":49.68,"rotation":159.9,"x":-285.23,"y":-125.44},{"name":"bone2","parent":"lb1","length":61.55,"rotation":0.66,"x":74.68,"y":-5.4},{"name":"lb2","parent":"root","length":65.22,"rotation":137.12,"x":-179.4,"y":-118.61},{"name":"bone3","parent":"lb2","length":58.79,"rotation":0.23,"x":92.56,"y":-1.01},{"name":"lb3","parent":"root","length":67.59,"rotation":45,"x":202.97,"y":-109.51},{"name":"bone4","parent":"lb3","length":66,"rotation":1.4,"x":88.52,"y":3.22},{"name":"lb4","parent":"root","length":58.34,"rotation":20.56,"x":303.11,"y":-132.27},{"name":"bone5","parent":"lb4","length":52.21,"rotation":-0.15,"x":87.11,"y":8.66},{"name":"bigwin","parent":"root","x":1.54,"y":65.74},{"name":"g","parent":"root","x":8.6,"y":13.28},{"name":"g1","parent":"root","x":-0.06,"y":130.11},{"name":"bigwin1","parent":"root","x":-4.92,"y":117.56},{"name":"di","parent":"root","y":-197.54},{"name":"number_guadian","parent":"di","y":17.54},{"name":"guang","parent":"root","x":38.78,"y":169.83}],"slots":[{"name":"g","bone":"g","attachment":"g"},{"name":"02","bone":"bone3","attachment":"02"},{"name":"01","bone":"bone2","attachment":"01"},{"name":"g1","bone":"g1","attachment":"g1"},{"name":"03","bone":"bone4","attachment":"03"},{"name":"04","bone":"bone5","attachment":"04"},{"name":"di","bone":"di","attachment":"di"},{"name":"bigwin","bone":"bigwin","attachment":"bigwin"},{"name":"bigwin1_1","bone":"bigwin1","attachment":"bigwin1_1"},{"name":"guang111","bone":"root","attachment":"guang111"},{"name":"guang","bone":"guang","color":"ffffffd2","attachment":"guang","blend":"additive"}],"skins":[{"name":"default","attachments":{"01":{"01":{"type":"mesh","hull":22,"width":172,"height":135,"uvs":[0.31238,0.00084,0.15322,0.12791,0.07258,0.33069,0.00255,0.51184,0,0.91739,0.06622,1,0.19991,1,0.29753,0.94443,0.35482,0.86873,0.53096,0.87143,0.63801,0.90103,0.7559,0.93362,0.84078,0.91469,0.95962,0.87143,0.97023,0.81195,0.94052,0.7741,0.86531,0.70098,0.76385,0.60232,0.66698,0.50813,0.53732,0.38206,0.5352,0.1198,0.46941,0,0.10748,0.60204,0.20072,0.66641,0.30481,0.72461,0.39584,0.75935,0.23955,0.21452,0.35342,0.28768,0.44621,0.3534,0.51978,0.42885,0.17862,0.3933,0.28138,0.46635,0.38227,0.52126,0.4681,0.56665],"triangles":[24,7,6,23,6,5,5,4,23,7,24,8,24,6,23,4,22,23,4,3,22,8,25,9,25,33,9,18,33,29,8,24,25,24,32,25,25,32,33,23,31,24,24,31,32,23,22,31,22,3,30,22,30,31,30,3,2,33,32,29,32,28,29,28,32,27,29,19,18,32,31,27,31,30,27,29,28,19,30,26,27,30,2,26,28,20,19,28,27,20,2,1,26,26,0,27,27,21,20,27,0,21,26,1,0,12,11,16,12,15,13,12,16,15,17,16,11,11,10,17,17,10,18,13,15,14,9,33,18,10,9,18],"vertices":[1,2,46.68,-70.95,1,1,2,66.78,-45.66,1,1,2,70.75,-15.23,1,1,2,73.97,11.84,1,1,2,56.16,63.61,1,2,1,115.58,65.41,0.00006,2,41.71,70.34,0.99994,2,1,93.99,57.51,0.01162,2,20.03,62.68,0.98838,2,1,80.8,44.7,0.05545,2,6.69,50.02,0.94455,2,1,75.06,31.72,0.18627,2,0.8,37.1,0.81373,2,1,46.48,21.65,0.90307,2,-27.89,27.37,0.09693,1,1,27.81,19.08,1,1,1,7.26,16.24,1,1,1,-5.57,8.82,1,1,1,-22.76,-3.68,1,1,1,-21.72,-11.85,1,1,1,-15.16,-14.89,1,1,1,0.38,-19.72,1,2,1,21.34,-26.23,0.98322,2,-53.57,-20.22,0.01678,2,1,41.36,-32.45,0.77176,2,-33.63,-26.67,0.22824,2,1,68.15,-40.77,0.1394,2,-6.93,-35.3,0.8606,2,1,80.66,-73.89,0.00007,2,5.19,-68.56,0.99993,1,2,21.25,-80.05,1,1,2,52.9,17.31,1,2,1,109.33,15.17,0.00168,2,34.88,20.17,0.99832,2,1,89.82,16.4,0.05146,2,15.39,21.62,0.94854,2,1,73.5,15.42,0.26108,2,-0.94,20.83,0.73892,1,2,48.89,-39.58,1,1,2,27.13,-36.78,1,2,1,84.2,-39.02,0.02498,2,9.13,-33.73,0.97502,2,1,68.81,-33.8,0.17854,2,-6.19,-28.34,0.82146,1,2,50.74,-13.33,1,1,2,30.79,-9.92,1,2,1,86.74,-13.96,0.00044,2,11.96,-8.7,0.99956,2,1,70.77,-13.28,0.12157,2,-4,-7.84,0.87843],"edges":[0,2,2,4,4,6,6,8,8,10,10,12,12,14,14,16,16,18,22,24,24,26,26,28,28,30,38,40,40,42,0,42,36,38,18,36,30,32,22,32,24,30,18,20,20,22,32,34,34,36,20,34,44,8,6,44,10,46,44,46,12,48,46,48,16,50,48,50,0,52,2,52,42,54,52,54,40,56,54,56,38,58,56,58,44,60,60,52,4,60,46,62,62,54,60,62,48,64,64,56,62,64,50,66,66,58,64,66]}},"02":{"02":{"type":"mesh","hull":10,"width":205,"height":201,"uvs":[1,0.84571,1,1,0.77635,1,0,1,0,0.5479,0,0.32636,0,0,0.37574,0,0.54845,0,1,0,0.19413,0.09392,0.09264,0.59148,0.22796,0.59512,0.28315,0.5588,0.47723,0.63507,0.62501,0.72949,0.63747,0.76763,0.71225,0.79124,0.70513,0.87477,0.89386,0.77489,0.71581,0.61327,0.59652,0.45892,0.5253,0.25917,0.57515,0.16837,0.79412,0.68436,0.56739,0.11945,0.11428,0.43374,0.19723,0.48749,0.27776,0.53391,0.32469,0.22354,0.38737,0.29844,0.43598,0.33944,0.45058,0.09777,0.51816,0.1684,0.54211,0.20899],"triangles":[10,6,7,32,7,8,25,8,9,32,8,25,23,25,9,33,32,25,33,25,23,34,33,23,29,10,7,29,7,32,29,32,33,33,34,30,30,29,33,22,34,23,30,34,31,5,6,10,5,10,29,34,22,31,26,5,29,27,26,29,13,31,22,30,27,29,28,27,30,28,30,31,4,5,26,31,13,28,11,4,26,11,26,27,12,27,28,12,28,13,11,27,12,3,4,11,21,23,9,22,23,21,13,22,21,20,21,9,14,13,21,14,21,20,24,20,9,15,14,20,17,15,20,17,16,15,19,24,9,0,19,9,20,24,17,17,24,19,18,16,17,18,17,19,3,11,12,2,18,19,2,19,0,3,16,18,14,15,16,12,13,14,14,3,12,16,3,14,2,3,18,2,0,1],"vertices":[1,3,-66.03,-19.64,1,1,3,-87.13,3.08,1,1,3,-53.54,34.28,1,2,3,63.09,142.57,0.71723,4,-28.89,143.7,0.28277,2,3,124.92,75.98,0.27627,4,32.67,76.86,0.72373,2,3,155.22,43.35,0.02961,4,62.84,44.11,0.97039,1,4,107.28,-4.14,1,2,3,143.42,-57.13,0.0621,4,50.62,-56.32,0.9379,2,3,117.47,-81.22,0.29018,4,24.58,-80.31,0.70982,2,3,49.64,-144.21,0.73967,4,-43.51,-143.02,0.26033,1,4,65.22,-17.22,1,2,3,105.05,69.48,0.36423,4,12.77,70.44,0.63577,2,3,84.22,51.14,0.48612,4,-8.13,52.19,0.51388,2,3,80.9,38.09,0.5015,4,-11.51,39.15,0.4985,2,3,41.31,22.25,0.97363,4,-51.16,23.47,0.02637,2,3,6.2,15.55,0.99997,4,-86.3,16.91,0.00003,2,3,-0.89,19.42,0.99972,4,-93.37,20.82,0.00028,1,3,-15.35,12.47,1,1,3,-25.71,25.77,1,1,3,-40.4,-15.27,1,2,3,8.45,-14.24,0.99889,4,-84.17,-12.88,0.00111,2,3,47.48,-20.33,0.94754,4,-45.16,-19.14,0.05246,2,3,85.5,-39.82,0.39414,4,-7.22,-38.78,0.60586,2,3,90.43,-60.15,0.39728,4,-2.37,-59.13,0.60272,1,3,-13.03,-14.69,1,2,3,98.29,-66.27,0.35043,4,5.46,-65.28,0.64957,2,3,123.37,43.23,0.11773,4,30.99,44.12,0.88227,2,3,103.56,39.57,0.22449,4,11.16,40.54,0.77551,2,3,85.11,35.18,0.42964,4,-7.31,36.22,0.57036,2,3,120.51,-17.08,0.00796,4,27.88,-16.19,0.99204,2,3,100.85,-14.8,0.03838,4,8.23,-13.82,0.96162,2,3,87.94,-15.54,0.22752,4,-4.68,-14.51,0.77248,2,3,118.8,-53.17,0.14483,4,26.02,-52.26,0.85517,2,3,98.99,-52.19,0.28345,4,6.22,-51.21,0.71655,2,3,89.84,-49.56,0.36931,4,-2.92,-48.53,0.63069],"edges":[12,14,10,12,6,8,8,10,8,22,22,24,24,26,26,28,28,30,30,32,32,34,34,36,2,4,4,6,36,4,2,0,0,18,0,38,40,42,42,44,44,46,14,16,16,18,26,44,28,42,30,40,38,48,48,40,34,48,36,38,16,50,50,46,8,52,10,52,22,54,52,54,24,56,54,56,56,26,58,52,20,58,60,54,58,60,62,56,60,62,16,64,64,58,14,64,50,66,66,60,64,66,46,68,68,62,66,68]}},"03":{"03":{"type":"mesh","hull":25,"width":205,"height":201,"uvs":[0.67835,0,0.83732,0.11682,0.89551,0.19376,0.95823,0.27667,1,0.37486,0.9992,0.4845,0.99853,0.57582,0.86419,0.59637,0.71865,0.53928,0.68868,0.55516,0.60407,0.6,0.49027,0.66031,0.32458,0.78591,0.27532,0.81788,0.29547,0.87725,0.22383,0.99828,0,1,0,0.8293,0.10516,0.75165,0.34921,0.53471,0.41853,0.37998,0.46788,0.26982,0.4231,0.17162,0.45221,0.02319,0.52609,0,0.59306,0.08162,0.66019,0.16344,0.54625,0.36573,0.75476,0.27871,0.63581,0.45936,0.81382,0.35069,0.87821,0.42917,0.95602,0.52401],"triangles":[25,24,0,26,25,0,26,0,1,25,22,23,25,23,24,21,22,25,21,25,26,28,26,1,28,1,2,30,28,2,30,2,3,27,21,26,27,26,28,31,30,3,20,21,27,4,31,3,29,27,28,29,28,30,5,31,4,32,31,5,30,9,29,31,9,30,31,8,9,6,32,5,7,8,31,7,31,32,7,32,6,10,27,29,10,29,9,20,27,10,10,19,20,11,19,10,12,18,19,12,19,11,13,18,12,15,18,13,15,13,14,17,18,15,16,17,15],"vertices":[1,6,68.65,41.72,1,1,6,74.12,1.93,1,1,6,71.15,-17.38,1,1,6,67.95,-38.18,1,1,6,59.56,-57.99,1,1,6,43.49,-73.07,1,2,5,120.7,-81.65,0.00058,6,30.1,-85.63,0.99942,2,5,98.3,-65.1,0.02736,6,8.12,-68.54,0.97264,2,5,85.32,-35.89,0.28118,6,-4.15,-39.02,0.71882,2,5,78.72,-33.8,0.46735,6,-10.7,-36.77,0.53265,2,5,60.08,-27.91,0.89362,6,-29.18,-30.43,0.10638,1,5,35.01,-19.99,1,1,5,-6.85,-13.82,1,1,5,-18.54,-11.22,1,1,5,-24.06,-22.58,1,1,5,-51.64,-29.4,1,1,5,-84.33,2.8,1,1,5,-60.07,27.06,1,1,5,-33.79,22.86,1,2,5,32.42,18.31,0.99962,6,-55.71,16.46,0.00038,2,5,64.46,30.26,0.66048,6,-23.39,27.62,0.33952,2,5,87.27,38.76,0.1025,6,-0.38,35.56,0.8975,2,5,94.73,59.21,0.00319,6,7.58,55.82,0.99681,1,6,33.3,72.07,1,1,6,47.12,64.32,1,1,6,44.71,43.07,1,1,6,42.29,21.76,1,2,5,85,13.77,0.16896,6,-3.26,10.63,0.83104,1,6,38.89,-8.26,1,2,5,84.67,-12.52,0.34552,6,-4.23,-15.64,0.65448,2,5,125.92,-22.88,0.00387,6,36.76,-27,0.99613,2,5,124.1,-43.37,0.0092,6,34.44,-47.44,0.9908,2,5,121.9,-68.13,0.00252,6,31.63,-72.14,0.99748],"edges":[0,2,6,8,12,14,14,16,22,24,24,26,26,28,28,30,30,32,32,34,34,36,36,38,42,44,44,46,46,48,0,48,50,48,0,50,50,44,52,50,42,52,52,2,56,52,54,56,2,4,4,6,56,4,60,56,58,60,60,6,16,18,62,60,18,62,62,8,12,64,64,62,14,64,8,10,10,12,64,10,38,22,36,26,34,30,38,40,40,42,18,20,20,22,40,20]}},"04":{"04":{"type":"mesh","hull":22,"width":172,"height":135,"uvs":[0.71993,0.00987,0.81793,0.13439,0.89031,0.22635,1,0.55195,1,0.69666,1,0.88413,1,0.99924,0.75866,1,0.62959,0.86768,0.53971,0.87334,0.42049,0.88084,0.31207,0.9203,0.2398,0.94662,0.01521,0.85453,0,0.77559,0.1265,0.68137,0.29142,0.55853,0.36129,0.44874,0.44631,0.31515,0.45191,0.16342,0.45663,0.03559,0.56763,0,0.60932,0.09634,0.66516,0.2254,0.52117,0.49604,0.74805,0.41696,0.58312,0.69995,0.83076,0.60811,0.89017,0.74541,0.95989,0.90655],"triangles":[7,29,6,7,28,29,7,8,28,29,5,6,29,28,5,28,4,5,8,27,28,8,26,27,28,27,4,26,25,27,26,24,25,27,3,4,27,25,3,25,2,3,17,18,24,24,23,25,24,18,23,25,1,2,25,23,1,23,19,22,23,18,19,23,0,1,23,22,0,22,20,21,22,19,20,22,21,0,11,12,15,12,13,15,10,11,16,11,15,16,16,17,10,10,17,9,9,17,26,9,26,8,26,17,24,13,14,15],"vertices":[1,8,41.34,63.66,1,1,8,51.28,42.03,1,1,8,58.62,26.05,1,2,7,148.02,-13.22,0.00004,8,60.97,-21.72,0.99996,2,7,141.16,-31.51,0.00827,8,54.16,-40.03,0.99173,2,7,132.28,-55.21,0.03145,8,45.33,-63.75,0.96855,2,7,126.82,-69.76,0.03744,8,39.91,-78.32,0.96256,2,7,87.92,-55.28,0.14676,8,0.97,-63.94,0.85324,2,7,73.4,-30.76,0.47331,8,-13.6,-39.45,0.52669,2,7,58.66,-26.05,0.84475,8,-28.36,-34.78,0.15525,2,7,39.11,-19.8,0.99923,8,-47.93,-28.58,0.00077,1,7,19.77,-18.24,1,1,7,6.89,-17.2,1,1,7,-24.92,8.01,1,1,7,-23.63,18.9,1,1,7,1.21,23.17,1,2,7,33.6,28.74,0.93355,8,-53.56,19.95,0.06645,2,7,50.05,38.4,0.65795,8,-37.13,29.65,0.34205,2,7,70.08,50.15,0.20014,8,-17.14,41.45,0.79986,2,7,78.17,68.99,0.0315,8,-9.09,60.31,0.9685,2,7,84.99,84.86,0.00489,8,-2.31,76.2,0.99511,2,7,104.56,82.66,0.00014,8,17.26,74.05,0.99986,2,7,106.7,67.97,0.00155,8,19.44,59.36,0.99845,2,7,109.58,48.28,0.00253,8,22.37,39.68,0.99747,2,7,73.56,22.76,0.32256,8,-13.58,14.07,0.67744,1,8,26.71,10.47,1,2,7,73.87,-6.75,0.55026,8,-13.2,-15.44,0.44974,2,7,118.11,-10.1,0.01219,8,31.05,-18.68,0.98781,2,7,121.17,-31.04,0.0313,8,34.16,-39.61,0.9687,2,7,124.76,-55.62,0.03707,8,37.81,-64.18,0.96293],"edges":[4,6,12,14,14,16,24,26,26,28,40,42,0,42,44,42,0,44,36,38,38,40,44,38,46,44,36,46,0,2,2,4,46,2,50,46,48,50,50,4,54,50,52,54,54,6,56,54,16,56,6,8,56,8,12,58,58,56,14,58,8,10,10,12,58,10,32,20,28,30,30,32,20,22,22,24,30,22,32,34,34,36,16,18,18,20,34,18]}},"bigwin":{"bigwin":{"x":3.31,"y":30.1,"width":615,"height":536}},"bigwin1_1":{"bigwin1_1":{"x":8.93,"y":-21.25,"width":615,"height":536}},"di":{"di":{"x":4.35,"y":-3.62,"width":782,"height":174}},"g":{"g":{"x":-4.25,"y":-7.44,"width":1336,"height":752}},"g1":{"g1":{"x":-1.09,"y":0.73,"width":683,"height":502}},"guang":{"guang":{"x":-21.53,"y":-86.75,"width":640,"height":564}},"guang111":{"guang111":{"type":"clipping","end":"guang","vertexCount":112,"color":"ce3a3aff","vertices":[-202.17,277.48,-208.99,275.96,-219.45,274.49,-235.37,272.04,-248.02,270.24,-258.62,268.93,-267.77,267.41,-276.18,265.96,-287.38,259.32,-290.37,251.02,-292.15,229.5,-300.44,104.65,-301.2,96.42,-297.03,90.14,-267.26,53.11,-260.31,54.78,-252.39,56.42,-239.61,59.67,-224.19,62.37,-216.21,65.49,-213.56,70.47,-211.65,64.65,-190.74,-62.31,-186.72,-70.35,-171.44,-96.08,-109.27,-95.65,-101.76,-92.7,-96.4,-95.92,-31.61,-93.6,-26.79,-91.19,-24.38,-86.63,-17.57,-16.13,-12.87,-27.16,-12.46,-48.04,-10.85,-53.67,-9.64,-60.1,-10.44,-82.88,-9.1,-88.24,-5.62,-91.99,-0.79,-95.47,44.35,-96.02,47.86,-94.16,50.28,-91.32,55.53,-82.94,57.38,-88.05,60.07,-91.74,64.33,-94.3,67.46,-95.44,109.67,-95.83,113.79,-93.7,116.2,-91.57,122.02,-95.83,125.29,-97.25,178.75,-95.58,183.91,-90.73,188.92,-83.67,195.98,-69.86,202.48,-57.03,205.46,-50.07,205.45,53.99,206.97,78.95,212.86,79.33,220.72,62.88,231.37,57.91,278.91,47.45,304.08,80.57,309.05,89.95,307.7,102.6,255.22,241.26,250.43,256.88,242.33,266.17,231.8,269.6,214.75,272.16,190.1,275.65,167.91,277.37,162.67,270.84,150.39,232.46,141.83,215.16,139.6,238.17,135.94,250.77,124.6,267.55,109.6,279.42,97.52,284.35,80.43,288.6,47.72,288.45,29.82,283.53,18.64,274.48,11.57,262.15,7.08,247.84,4.51,247.25,1.81,273.85,0.04,279.4,-4.31,284.9,-9.46,288.4,-19.96,288.47,-32.14,289.46,-41.71,289.42,-50.8,289.09,-64.3,289.42,-75.78,289,-87.2,288.79,-95.85,287.49,-101,284.52,-105.08,279.22,-106.57,273.53,-109.01,276.72,-113.44,282,-119.36,285.62,-126.88,286.47,-189.77,279.42,-194.73,278.59,-198.44,273.48]}}}}],"animations":{"animation":{"slots":{"guang":{"color":[{"color":"ffffff00"},{"time":0.9333,"color":"ffffff00"},{"time":1,"color":"ffffffab"}]}},"bones":{"lb4":{"scale":[{"x":0.6,"y":0.6},{"time":0.2667,"x":1.3,"y":1.3},{"time":0.5333}]},"bone4":{"scale":[{},{"time":0.4,"x":1.3,"y":1.3},{"time":0.6}]},"lb3":{"rotate":[{},{"time":0.4,"angle":8.52},{"time":0.6,"angle":0.44}],"scale":[{"x":0.6,"y":0.6},{"time":0.4,"x":1.2,"y":1.2},{"time":0.6}]},"lb2":{"rotate":[{},{"time":0.2667,"angle":-17.73},{"time":0.3333,"angle":-19.31},{"time":0.6667,"angle":-0.72},{"time":2}],"scale":[{"x":0.4,"y":0.4},{"time":0.3333,"x":1.3,"y":1.3},{"time":0.6667}]},"bone2":{"scale":[{"x":0.6,"y":0.6},{"time":0.2667,"x":1.2,"y":1.2},{"time":0.5333}]},"lb1":{"rotate":[{},{"time":0.2667,"angle":-9.35},{"time":0.5333,"angle":0.28},{"time":2}],"scale":[{"x":0.6,"y":0.6},{"time":0.2667,"x":1.3,"y":1.3},{"time":0.5333}]},"g":{"rotate":[{},{"time":2,"angle":180}],"scale":[{"x":1.4,"y":1.4}]},"bigwin":{"translate":[{"x":-2.49,"y":15.03},{"time":2}],"scale":[{"x":0.9,"y":0.9},{"time":2}]},"bigwin1":{"translate":[{"y":10.14},{"time":2,"y":10.14}],"scale":[{},{"time":0.3333,"x":0.7,"y":0.7},{"time":0.5,"x":1.3,"y":1.3},{"time":0.6667,"x":0.8,"y":0.8},{"time":0.8333,"x":1.3,"y":1.3},{"time":1}]},"bone3":{"scale":[{},{"time":0.3333,"x":1.3,"y":1.3},{"time":0.6667}]},"guang":{"translate":[{},{"time":1,"x":-567.36},{"time":1.8333,"x":516.77}]}}}}},[0]]],0,0,[0],[-1],[2]],[[[2,"superwin","\r\nsuperwin.png\r\nsize: 2027,1070\r\nformat: RGBA8888\r\nfilter: Linear,Linear\r\nrepeat: none\r\n01\r\n  rotate: true\r\n  xy: 1124, 288\r\n  size: 167, 135\r\n  orig: 172, 135\r\n  offset: 0, 0\r\n  index: -1\r\n02\r\n  rotate: true\r\n  xy: 2, 59\r\n  size: 205, 201\r\n  orig: 205, 201\r\n  offset: 0, 0\r\n  index: -1\r\n03\r\n  rotate: true\r\n  xy: 205, 59\r\n  size: 205, 201\r\n  orig: 205, 201\r\n  offset: 0, 0\r\n  index: -1\r\n04\r\n  rotate: true\r\n  xy: 987, 283\r\n  size: 172, 135\r\n  orig: 172, 135\r\n  offset: 0, 0\r\n  index: -1\r\nbigwin\r\n  rotate: false\r\n  xy: 1449, 2\r\n  size: 570, 514\r\n  orig: 615, 536\r\n  offset: 35, 0\r\n  index: -1\r\nbigwin1_1\r\n  rotate: true\r\n  xy: 615, 390\r\n  size: 678, 370\r\n  orig: 678, 536\r\n  offset: 0, 83\r\n  index: -1\r\ndi\r\n  rotate: false\r\n  xy: 408, 92\r\n  size: 780, 172\r\n  orig: 782, 174\r\n  offset: 1, 1\r\n  index: -1\r\ng\r\n  rotate: true\r\n  xy: 2, 266\r\n  size: 802, 611\r\n  orig: 1336, 752\r\n  offset: 283, 55\r\n  index: -1\r\ng1\r\n  rotate: true\r\n  xy: 987, 457\r\n  size: 611, 460\r\n  orig: 683, 502\r\n  offset: 39, 19\r\n  index: -1\r\nguang\r\n  rotate: false\r\n  xy: 1449, 518\r\n  size: 576, 550\r\n  orig: 640, 564\r\n  offset: 36, 14\r\n  index: -1\r\n",["superwin.png"],{"skeleton":{"hash":"+KGZew349TCm8KyQdCemXmmB7tE","spine":"3.8.99","x":-663.65,"y":-370.16,"width":1336,"height":752,"images":"./superwin/","audio":"F:/工作/埃及"},"bones":[{"name":"root"},{"name":"lb1","parent":"root","length":49.68,"rotation":159.9,"x":-285.23,"y":-125.44},{"name":"bone2","parent":"lb1","length":61.55,"rotation":0.66,"x":74.68,"y":-5.4},{"name":"lb2","parent":"root","length":65.22,"rotation":137.12,"x":-179.4,"y":-118.61},{"name":"bone3","parent":"lb2","length":58.79,"rotation":0.23,"x":92.56,"y":-1.01},{"name":"lb3","parent":"root","length":67.59,"rotation":45,"x":202.97,"y":-109.51},{"name":"bone4","parent":"lb3","length":66,"rotation":1.4,"x":88.52,"y":3.22},{"name":"lb4","parent":"root","length":58.34,"rotation":20.56,"x":303.11,"y":-132.27},{"name":"bone5","parent":"lb4","length":52.21,"rotation":-0.15,"x":87.11,"y":8.66},{"name":"bigwin","parent":"root","x":1.54,"y":65.74},{"name":"g","parent":"root","x":8.6,"y":13.28},{"name":"g1","parent":"root","x":-0.06,"y":130.11},{"name":"bigwin1","parent":"root","x":-4.92,"y":117.56},{"name":"di","parent":"root","y":-197.54},{"name":"number_guadian","parent":"di","y":17.54},{"name":"guang","parent":"root","x":38.78,"y":169.83}],"slots":[{"name":"g","bone":"g","attachment":"g"},{"name":"02","bone":"bone3","attachment":"02"},{"name":"01","bone":"bone2","attachment":"01"},{"name":"g1","bone":"g1","attachment":"g1"},{"name":"03","bone":"bone4","attachment":"03"},{"name":"04","bone":"bone5","attachment":"04"},{"name":"di","bone":"di","attachment":"di"},{"name":"bigwin","bone":"bigwin","attachment":"bigwin"},{"name":"bigwin1_1","bone":"bigwin1","attachment":"bigwin1_1"},{"name":"guang111","bone":"root","attachment":"guang111"},{"name":"guang","bone":"guang","color":"ffffffd2","attachment":"guang","blend":"additive"}],"skins":[{"name":"default","attachments":{"01":{"01":{"type":"mesh","hull":22,"width":172,"height":135,"uvs":[0.31238,0.00084,0.15322,0.12791,0.07258,0.33069,0.00255,0.51184,0,0.91739,0.06622,1,0.19991,1,0.29753,0.94443,0.35482,0.86873,0.53096,0.87143,0.63801,0.90103,0.7559,0.93362,0.84078,0.91469,0.95962,0.87143,0.97023,0.81195,0.94052,0.7741,0.86531,0.70098,0.76385,0.60232,0.66698,0.50813,0.53732,0.38206,0.5352,0.1198,0.46941,0,0.10748,0.60204,0.20072,0.66641,0.30481,0.72461,0.39584,0.75935,0.23955,0.21452,0.35342,0.28768,0.44621,0.3534,0.51978,0.42885,0.17862,0.3933,0.28138,0.46635,0.38227,0.52126,0.4681,0.56665],"triangles":[24,7,6,23,6,5,5,4,23,7,24,8,24,6,23,4,22,23,4,3,22,8,25,9,25,33,9,18,33,29,8,24,25,24,32,25,25,32,33,23,31,24,24,31,32,23,22,31,22,3,30,22,30,31,30,3,2,33,32,29,32,28,29,28,32,27,29,19,18,32,31,27,31,30,27,29,28,19,30,26,27,30,2,26,28,20,19,28,27,20,2,1,26,26,0,27,27,21,20,27,0,21,26,1,0,12,11,16,12,15,13,12,16,15,17,16,11,11,10,17,17,10,18,13,15,14,9,33,18,10,9,18],"vertices":[1,2,46.68,-70.95,1,1,2,66.78,-45.66,1,1,2,70.75,-15.23,1,1,2,73.97,11.84,1,1,2,56.16,63.61,1,2,1,115.58,65.41,0.00006,2,41.71,70.34,0.99994,2,1,93.99,57.51,0.01162,2,20.03,62.68,0.98838,2,1,80.8,44.7,0.05545,2,6.69,50.02,0.94455,2,1,75.06,31.72,0.18627,2,0.8,37.1,0.81373,2,1,46.48,21.65,0.90307,2,-27.89,27.37,0.09693,1,1,27.81,19.08,1,1,1,7.26,16.24,1,1,1,-5.57,8.82,1,1,1,-22.76,-3.68,1,1,1,-21.72,-11.85,1,1,1,-15.16,-14.89,1,1,1,0.38,-19.72,1,2,1,21.34,-26.23,0.98322,2,-53.57,-20.22,0.01678,2,1,41.36,-32.45,0.77176,2,-33.63,-26.67,0.22824,2,1,68.15,-40.77,0.1394,2,-6.93,-35.3,0.8606,2,1,80.66,-73.89,0.00007,2,5.19,-68.56,0.99993,1,2,21.25,-80.05,1,1,2,52.9,17.31,1,2,1,109.33,15.17,0.00168,2,34.88,20.17,0.99832,2,1,89.82,16.4,0.05146,2,15.39,21.62,0.94854,2,1,73.5,15.42,0.26108,2,-0.94,20.83,0.73892,1,2,48.89,-39.58,1,1,2,27.13,-36.78,1,2,1,84.2,-39.02,0.02498,2,9.13,-33.73,0.97502,2,1,68.81,-33.8,0.17854,2,-6.19,-28.34,0.82146,1,2,50.74,-13.33,1,1,2,30.79,-9.92,1,2,1,86.74,-13.96,0.00044,2,11.96,-8.7,0.99956,2,1,70.77,-13.28,0.12157,2,-4,-7.84,0.87843],"edges":[0,2,2,4,4,6,6,8,8,10,10,12,12,14,14,16,16,18,22,24,24,26,26,28,28,30,38,40,40,42,0,42,36,38,18,36,30,32,22,32,24,30,18,20,20,22,32,34,34,36,20,34,44,8,6,44,10,46,44,46,12,48,46,48,16,50,48,50,0,52,2,52,42,54,52,54,40,56,54,56,38,58,56,58,44,60,60,52,4,60,46,62,62,54,60,62,48,64,64,56,62,64,50,66,66,58,64,66]}},"02":{"02":{"type":"mesh","hull":10,"width":205,"height":201,"uvs":[1,0.84571,1,1,0.77635,1,0,1,0,0.5479,0,0.32636,0,0,0.37574,0,0.54845,0,1,0,0.19413,0.09392,0.09264,0.59148,0.22796,0.59512,0.28315,0.5588,0.47723,0.63507,0.62501,0.72949,0.63747,0.76763,0.71225,0.79124,0.70513,0.87477,0.89386,0.77489,0.71581,0.61327,0.59652,0.45892,0.5253,0.25917,0.57515,0.16837,0.79412,0.68436,0.56739,0.11945,0.11428,0.43374,0.19723,0.48749,0.27776,0.53391,0.32469,0.22354,0.38737,0.29844,0.43598,0.33944,0.45058,0.09777,0.51816,0.1684,0.54211,0.20899],"triangles":[10,6,7,32,7,8,25,8,9,32,8,25,23,25,9,33,32,25,33,25,23,34,33,23,29,10,7,29,7,32,29,32,33,33,34,30,30,29,33,22,34,23,30,34,31,5,6,10,5,10,29,34,22,31,26,5,29,27,26,29,13,31,22,30,27,29,28,27,30,28,30,31,4,5,26,31,13,28,11,4,26,11,26,27,12,27,28,12,28,13,11,27,12,3,4,11,21,23,9,22,23,21,13,22,21,20,21,9,14,13,21,14,21,20,24,20,9,15,14,20,17,15,20,17,16,15,19,24,9,0,19,9,20,24,17,17,24,19,18,16,17,18,17,19,3,11,12,2,18,19,2,19,0,3,16,18,14,15,16,12,13,14,14,3,12,16,3,14,2,3,18,2,0,1],"vertices":[1,3,-66.03,-19.64,1,1,3,-87.13,3.08,1,1,3,-53.54,34.28,1,2,3,63.09,142.57,0.71723,4,-28.89,143.7,0.28277,2,3,124.92,75.98,0.27627,4,32.67,76.86,0.72373,2,3,155.22,43.35,0.02961,4,62.84,44.11,0.97039,1,4,107.28,-4.14,1,2,3,143.42,-57.13,0.0621,4,50.62,-56.32,0.9379,2,3,117.47,-81.22,0.29018,4,24.58,-80.31,0.70982,2,3,49.64,-144.21,0.73967,4,-43.51,-143.02,0.26033,1,4,65.22,-17.22,1,2,3,105.05,69.48,0.36423,4,12.77,70.44,0.63577,2,3,84.22,51.14,0.48612,4,-8.13,52.19,0.51388,2,3,80.9,38.09,0.5015,4,-11.51,39.15,0.4985,2,3,41.31,22.25,0.97363,4,-51.16,23.47,0.02637,2,3,6.2,15.55,0.99997,4,-86.3,16.91,0.00003,2,3,-0.89,19.42,0.99972,4,-93.37,20.82,0.00028,1,3,-15.35,12.47,1,1,3,-25.71,25.77,1,1,3,-40.4,-15.27,1,2,3,8.45,-14.24,0.99889,4,-84.17,-12.88,0.00111,2,3,47.48,-20.33,0.94754,4,-45.16,-19.14,0.05246,2,3,85.5,-39.82,0.39414,4,-7.22,-38.78,0.60586,2,3,90.43,-60.15,0.39728,4,-2.37,-59.13,0.60272,1,3,-13.03,-14.69,1,2,3,98.29,-66.27,0.35043,4,5.46,-65.28,0.64957,2,3,123.37,43.23,0.11773,4,30.99,44.12,0.88227,2,3,103.56,39.57,0.22449,4,11.16,40.54,0.77551,2,3,85.11,35.18,0.42964,4,-7.31,36.22,0.57036,2,3,120.51,-17.08,0.00796,4,27.88,-16.19,0.99204,2,3,100.85,-14.8,0.03838,4,8.23,-13.82,0.96162,2,3,87.94,-15.54,0.22752,4,-4.68,-14.51,0.77248,2,3,118.8,-53.17,0.14483,4,26.02,-52.26,0.85517,2,3,98.99,-52.19,0.28345,4,6.22,-51.21,0.71655,2,3,89.84,-49.56,0.36931,4,-2.92,-48.53,0.63069],"edges":[12,14,10,12,6,8,8,10,8,22,22,24,24,26,26,28,28,30,30,32,32,34,34,36,2,4,4,6,36,4,2,0,0,18,0,38,40,42,42,44,44,46,14,16,16,18,26,44,28,42,30,40,38,48,48,40,34,48,36,38,16,50,50,46,8,52,10,52,22,54,52,54,24,56,54,56,56,26,58,52,20,58,60,54,58,60,62,56,60,62,16,64,64,58,14,64,50,66,66,60,64,66,46,68,68,62,66,68]}},"03":{"03":{"type":"mesh","hull":25,"width":205,"height":201,"uvs":[0.67835,0,0.83732,0.11682,0.89551,0.19376,0.95823,0.27667,1,0.37486,0.9992,0.4845,0.99853,0.57582,0.86419,0.59637,0.71865,0.53928,0.68868,0.55516,0.60407,0.6,0.49027,0.66031,0.32458,0.78591,0.27532,0.81788,0.29547,0.87725,0.22383,0.99828,0,1,0,0.8293,0.10516,0.75165,0.34921,0.53471,0.41853,0.37998,0.46788,0.26982,0.4231,0.17162,0.45221,0.02319,0.52609,0,0.59306,0.08162,0.66019,0.16344,0.54625,0.36573,0.75476,0.27871,0.63581,0.45936,0.81382,0.35069,0.87821,0.42917,0.95602,0.52401],"triangles":[25,24,0,26,25,0,26,0,1,25,22,23,25,23,24,21,22,25,21,25,26,28,26,1,28,1,2,30,28,2,30,2,3,27,21,26,27,26,28,31,30,3,20,21,27,4,31,3,29,27,28,29,28,30,5,31,4,32,31,5,30,9,29,31,9,30,31,8,9,6,32,5,7,8,31,7,31,32,7,32,6,10,27,29,10,29,9,20,27,10,10,19,20,11,19,10,12,18,19,12,19,11,13,18,12,15,18,13,15,13,14,17,18,15,16,17,15],"vertices":[1,6,68.65,41.72,1,1,6,74.12,1.93,1,1,6,71.15,-17.38,1,1,6,67.95,-38.18,1,1,6,59.56,-57.99,1,1,6,43.49,-73.07,1,2,5,120.7,-81.65,0.00058,6,30.1,-85.63,0.99942,2,5,98.3,-65.1,0.02736,6,8.12,-68.54,0.97264,2,5,85.32,-35.89,0.28118,6,-4.15,-39.02,0.71882,2,5,78.72,-33.8,0.46735,6,-10.7,-36.77,0.53265,2,5,60.08,-27.91,0.89362,6,-29.18,-30.43,0.10638,1,5,35.01,-19.99,1,1,5,-6.85,-13.82,1,1,5,-18.54,-11.22,1,1,5,-24.06,-22.58,1,1,5,-51.64,-29.4,1,1,5,-84.33,2.8,1,1,5,-60.07,27.06,1,1,5,-33.79,22.86,1,2,5,32.42,18.31,0.99962,6,-55.71,16.46,0.00038,2,5,64.46,30.26,0.66048,6,-23.39,27.62,0.33952,2,5,87.27,38.76,0.1025,6,-0.38,35.56,0.8975,2,5,94.73,59.21,0.00319,6,7.58,55.82,0.99681,1,6,33.3,72.07,1,1,6,47.12,64.32,1,1,6,44.71,43.07,1,1,6,42.29,21.76,1,2,5,85,13.77,0.16896,6,-3.26,10.63,0.83104,1,6,38.89,-8.26,1,2,5,84.67,-12.52,0.34552,6,-4.23,-15.64,0.65448,2,5,125.92,-22.88,0.00387,6,36.76,-27,0.99613,2,5,124.1,-43.37,0.0092,6,34.44,-47.44,0.9908,2,5,121.9,-68.13,0.00252,6,31.63,-72.14,0.99748],"edges":[0,2,6,8,12,14,14,16,22,24,24,26,26,28,28,30,30,32,32,34,34,36,36,38,42,44,44,46,46,48,0,48,50,48,0,50,50,44,52,50,42,52,52,2,56,52,54,56,2,4,4,6,56,4,60,56,58,60,60,6,16,18,62,60,18,62,62,8,12,64,64,62,14,64,8,10,10,12,64,10,38,22,36,26,34,30,38,40,40,42,18,20,20,22,40,20]}},"04":{"04":{"type":"mesh","hull":22,"width":172,"height":135,"uvs":[0.71993,0.00987,0.81793,0.13439,0.89031,0.22635,1,0.55195,1,0.69666,1,0.88413,1,0.99924,0.75866,1,0.62959,0.86768,0.53971,0.87334,0.42049,0.88084,0.31207,0.9203,0.2398,0.94662,0.01521,0.85453,0,0.77559,0.1265,0.68137,0.29142,0.55853,0.36129,0.44874,0.44631,0.31515,0.45191,0.16342,0.45663,0.03559,0.56763,0,0.60932,0.09634,0.66516,0.2254,0.52117,0.49604,0.74805,0.41696,0.58312,0.69995,0.83076,0.60811,0.89017,0.74541,0.95989,0.90655],"triangles":[7,29,6,7,28,29,7,8,28,29,5,6,29,28,5,28,4,5,8,27,28,8,26,27,28,27,4,26,25,27,26,24,25,27,3,4,27,25,3,25,2,3,17,18,24,24,23,25,24,18,23,25,1,2,25,23,1,23,19,22,23,18,19,23,0,1,23,22,0,22,20,21,22,19,20,22,21,0,11,12,15,12,13,15,10,11,16,11,15,16,16,17,10,10,17,9,9,17,26,9,26,8,26,17,24,13,14,15],"vertices":[1,8,41.34,63.66,1,1,8,51.28,42.03,1,1,8,58.62,26.05,1,2,7,148.02,-13.22,0.00004,8,60.97,-21.72,0.99996,2,7,141.16,-31.51,0.00827,8,54.16,-40.03,0.99173,2,7,132.28,-55.21,0.03145,8,45.33,-63.75,0.96855,2,7,126.82,-69.76,0.03744,8,39.91,-78.32,0.96256,2,7,87.92,-55.28,0.14676,8,0.97,-63.94,0.85324,2,7,73.4,-30.76,0.47331,8,-13.6,-39.45,0.52669,2,7,58.66,-26.05,0.84475,8,-28.36,-34.78,0.15525,2,7,39.11,-19.8,0.99923,8,-47.93,-28.58,0.00077,1,7,19.77,-18.24,1,1,7,6.89,-17.2,1,1,7,-24.92,8.01,1,1,7,-23.63,18.9,1,1,7,1.21,23.17,1,2,7,33.6,28.74,0.93355,8,-53.56,19.95,0.06645,2,7,50.05,38.4,0.65795,8,-37.13,29.65,0.34205,2,7,70.08,50.15,0.20014,8,-17.14,41.45,0.79986,2,7,78.17,68.99,0.0315,8,-9.09,60.31,0.9685,2,7,84.99,84.86,0.00489,8,-2.31,76.2,0.99511,2,7,104.56,82.66,0.00014,8,17.26,74.05,0.99986,2,7,106.7,67.97,0.00155,8,19.44,59.36,0.99845,2,7,109.58,48.28,0.00253,8,22.37,39.68,0.99747,2,7,73.56,22.76,0.32256,8,-13.58,14.07,0.67744,1,8,26.71,10.47,1,2,7,73.87,-6.75,0.55026,8,-13.2,-15.44,0.44974,2,7,118.11,-10.1,0.01219,8,31.05,-18.68,0.98781,2,7,121.17,-31.04,0.0313,8,34.16,-39.61,0.9687,2,7,124.76,-55.62,0.03707,8,37.81,-64.18,0.96293],"edges":[4,6,12,14,14,16,24,26,26,28,40,42,0,42,44,42,0,44,36,38,38,40,44,38,46,44,36,46,0,2,2,4,46,2,50,46,48,50,50,4,54,50,52,54,54,6,56,54,16,56,6,8,56,8,12,58,58,56,14,58,8,10,10,12,58,10,32,20,28,30,30,32,20,22,22,24,30,22,32,34,34,36,16,18,18,20,34,18]}},"bigwin":{"bigwin":{"x":3.31,"y":30.1,"width":615,"height":536}},"bigwin1_1":{"bigwin1_1":{"x":8.93,"y":-21.25,"width":678,"height":536}},"di":{"di":{"x":4.35,"y":-3.62,"width":782,"height":174}},"g":{"g":{"x":-4.25,"y":-7.44,"width":1336,"height":752}},"g1":{"g1":{"x":-1.09,"y":0.73,"width":683,"height":502}},"guang":{"guang":{"x":-21.53,"y":-39.91,"width":640,"height":564}},"guang111":{"guang111":{"type":"clipping","end":"guang","vertexCount":155,"color":"ce3a3aff","vertices":[-185.87,234.02,-189.02,235.4,-190.4,240.32,-191.58,246.82,-194.54,252.73,-202.22,259.43,-209.51,262.39,-218.37,264.95,-228.42,266.33,-239.45,266.33,-250.88,265.34,-262.7,261.99,-275.11,258.84,-285.16,253.72,-297.17,245.45,-305.05,237.96,-312.15,229.1,-316.48,220.62,-320.22,210.97,-322,197.38,-322.39,189.3,-321.41,177.28,-316.68,167.63,-326.53,160.74,-330.07,154.63,-332.83,146.75,-333.62,131.38,-333.03,120.75,-330.47,111.09,-322.19,101.92,-314.31,94.04,-310.18,90.3,-283.98,66.07,-277.87,63.31,-266.84,62.13,-254.43,62.13,-240.83,62.52,-227.04,66.86,-216.21,70.8,-210.3,74.14,-206.75,77.3,-183.8,-50.07,-179.78,-58.11,-164.51,-83.84,-102.33,-85.45,-94.83,-82.5,-89.47,-85.72,-29.17,-86.25,-24.34,-83.84,-21.93,-79.29,-13.09,-9.61,-9.6,-18.18,-9.6,-40.69,-7.99,-46.32,-7.19,-52.75,-7.99,-75.53,-6.65,-80.89,-3.17,-84.65,1.65,-88.13,48.02,-87.86,51.53,-86,53.95,-83.16,59.2,-74.78,61.05,-79.89,63.75,-83.58,68.01,-86.14,71.13,-87.28,114.16,-86.85,118.27,-84.72,120.69,-82.59,126.51,-86.85,129.78,-88.27,181.61,-87.42,184.73,-85.43,187.29,-82.45,196.8,-67.82,202.48,-57.03,205.46,-50.07,208.3,-39.85,209.01,32.85,210.01,73.62,212.56,70.63,219.95,68.93,240.96,65.81,247.78,67.51,252.75,64.24,300.35,51.19,333.79,81.11,338.75,84.79,341.15,88.15,342.75,92.47,342.91,102.07,341.15,105.11,337.15,127.19,336.19,135.67,334.11,145.43,326.91,162.39,324.67,168.15,325.79,182.71,326.43,194.39,326.59,201.43,323.07,212.79,317.63,224.31,311.07,233.43,301.79,242.07,292.67,248.15,280.51,253.91,271.23,256.47,251.71,261.27,231.39,265.11,214.75,267.67,199.07,268.31,194.43,267.99,191.23,264.31,189.15,261.43,189.15,257.59,186.11,257.75,183.27,265.05,174.79,270.81,169.99,272.89,88.55,279.45,82.47,278.81,77.51,274.17,75.11,271.29,74.95,258.97,72.36,259.29,68.68,264.57,62.44,269.69,54.44,273.85,45.32,278.17,38.12,280.41,34.6,281.05,-39.96,281.53,-43.16,280.89,-46.2,278.81,-48.76,274.81,-50.84,270.65,-52.12,266.97,-52.12,216.57,-56.28,216.09,-56.12,266.97,-56.12,270.65,-58.84,273.53,-63.32,277.53,-66.52,278.33,-113.24,277.05,-116.28,275.45,-117.56,272.89,-122.52,273.69,-124.6,275.93,-171.01,273.37,-175.33,272.41,-179.97,268.73,-182.85,264.73,-184.61,261.21]}}}}],"animations":{"animation":{"slots":{"guang":{"color":[{"color":"ffffff00"},{"time":0.9333,"color":"ffffff00"},{"time":1,"color":"ffffffab"}]}},"bones":{"lb4":{"scale":[{"x":0.6,"y":0.6},{"time":0.2667,"x":1.3,"y":1.3},{"time":0.5333}]},"bone4":{"scale":[{},{"time":0.4,"x":1.3,"y":1.3},{"time":0.6}]},"lb3":{"rotate":[{},{"time":0.4,"angle":8.52},{"time":0.6,"angle":0.44}],"scale":[{"x":0.6,"y":0.6},{"time":0.4,"x":1.2,"y":1.2},{"time":0.6}]},"lb2":{"rotate":[{},{"time":0.2667,"angle":-17.73},{"time":0.3333,"angle":-19.31},{"time":0.6667,"angle":-0.72},{"time":2}],"scale":[{"x":0.4,"y":0.4},{"time":0.3333,"x":1.3,"y":1.3},{"time":0.6667}]},"bone2":{"scale":[{"x":0.6,"y":0.6},{"time":0.2667,"x":1.2,"y":1.2},{"time":0.5333}]},"lb1":{"rotate":[{},{"time":0.2667,"angle":-9.35},{"time":0.5333,"angle":0.28},{"time":2}],"scale":[{"x":0.6,"y":0.6},{"time":0.2667,"x":1.3,"y":1.3},{"time":0.5333}]},"g":{"rotate":[{},{"time":2,"angle":180}],"scale":[{"x":1.4,"y":1.4}]},"bigwin":{"translate":[{"x":-2.49,"y":15.03},{"time":2}],"scale":[{"x":0.9,"y":0.9},{"time":2}]},"bigwin1":{"translate":[{"y":10.14},{"time":2,"y":10.14}],"scale":[{},{"time":0.3333,"x":0.7,"y":0.7},{"time":0.5,"x":1.3,"y":1.3},{"time":0.6667,"x":0.8,"y":0.8},{"time":0.8333,"x":1.3,"y":1.3},{"time":1}]},"bone3":{"scale":[{},{"time":0.3333,"x":1.3,"y":1.3},{"time":0.6667}]},"guang":{"translate":[{},{"time":1,"x":-567.36},{"time":1.8333,"x":516.77}]}}}}},[0]]],0,0,[0],[-1],[3]],[[[2,"sb_lbjs_JACKPOT","\r\nsb_lbjs_JACKPOT.png\r\nsize: 2048,1024\r\nformat: RGBA8888\r\nfilter: Linear,Linear\r\nrepeat: none\r\na0\r\n  rotate: false\r\n  xy: 1729, 409\r\n  size: 100, 100\r\n  orig: 100, 100\r\n  offset: 0, 0\r\n  index: -1\r\na1\r\n  rotate: false\r\n  xy: 0, 829\r\n  size: 682, 169\r\n  orig: 682, 169\r\n  offset: 0, 0\r\n  index: -1\r\na1_01\r\n  rotate: false\r\n  xy: 562, 203\r\n  size: 212, 46\r\n  orig: 212, 46\r\n  offset: 0, 0\r\n  index: -1\r\na1_02\r\n  rotate: false\r\n  xy: 562, 155\r\n  size: 212, 46\r\n  orig: 212, 46\r\n  offset: 0, 0\r\n  index: -1\r\na1_03\r\n  rotate: false\r\n  xy: 562, 107\r\n  size: 212, 46\r\n  orig: 212, 46\r\n  offset: 0, 0\r\n  index: -1\r\na1_04\r\n  rotate: true\r\n  xy: 770, 254\r\n  size: 212, 46\r\n  orig: 212, 46\r\n  offset: 0, 0\r\n  index: -1\r\na1_05\r\n  rotate: true\r\n  xy: 818, 254\r\n  size: 212, 46\r\n  orig: 212, 46\r\n  offset: 0, 0\r\n  index: -1\r\na1_06\r\n  rotate: true\r\n  xy: 866, 254\r\n  size: 212, 46\r\n  orig: 212, 46\r\n  offset: 0, 0\r\n  index: -1\r\na1_07\r\n  rotate: true\r\n  xy: 914, 254\r\n  size: 212, 46\r\n  orig: 212, 46\r\n  offset: 0, 0\r\n  index: -1\r\na1_08\r\n  rotate: false\r\n  xy: 776, 206\r\n  size: 212, 46\r\n  orig: 212, 46\r\n  offset: 0, 0\r\n  index: -1\r\na1_09\r\n  rotate: false\r\n  xy: 776, 158\r\n  size: 212, 46\r\n  orig: 212, 46\r\n  offset: 0, 0\r\n  index: -1\r\na1_10\r\n  rotate: false\r\n  xy: 776, 110\r\n  size: 212, 46\r\n  orig: 212, 46\r\n  offset: 0, 0\r\n  index: -1\r\na1_11\r\n  rotate: true\r\n  xy: 962, 254\r\n  size: 212, 46\r\n  orig: 212, 46\r\n  offset: 0, 0\r\n  index: -1\r\na1_12\r\n  rotate: false\r\n  xy: 776, 62\r\n  size: 212, 46\r\n  orig: 212, 46\r\n  offset: 0, 0\r\n  index: -1\r\na1_13\r\n  rotate: false\r\n  xy: 1010, 480\r\n  size: 212, 46\r\n  orig: 212, 46\r\n  offset: 0, 0\r\n  index: -1\r\na1_14\r\n  rotate: false\r\n  xy: 1010, 432\r\n  size: 212, 46\r\n  orig: 212, 46\r\n  offset: 0, 0\r\n  index: -1\r\na1_15\r\n  rotate: false\r\n  xy: 1010, 384\r\n  size: 212, 46\r\n  orig: 212, 46\r\n  offset: 0, 0\r\n  index: -1\r\na1_16\r\n  rotate: false\r\n  xy: 1010, 336\r\n  size: 212, 46\r\n  orig: 212, 46\r\n  offset: 0, 0\r\n  index: -1\r\na1_17\r\n  rotate: false\r\n  xy: 1010, 288\r\n  size: 212, 46\r\n  orig: 212, 46\r\n  offset: 0, 0\r\n  index: -1\r\na1_18\r\n  rotate: true\r\n  xy: 1224, 314\r\n  size: 212, 46\r\n  orig: 212, 46\r\n  offset: 0, 0\r\n  index: -1\r\na1_19\r\n  rotate: true\r\n  xy: 1272, 314\r\n  size: 212, 46\r\n  orig: 212, 46\r\n  offset: 0, 0\r\n  index: -1\r\na6\r\n  rotate: false\r\n  xy: 0, 685\r\n  size: 576, 142\r\n  orig: 576, 142\r\n  offset: 0, 0\r\n  index: -1\r\na6c\r\n  rotate: false\r\n  xy: 684, 920\r\n  size: 335, 78\r\n  orig: 335, 78\r\n  offset: 0, 0\r\n  index: -1\r\nb1\r\n  rotate: false\r\n  xy: 1891, 870\r\n  size: 128, 128\r\n  orig: 128, 128\r\n  offset: 0, 0\r\n  index: -1\r\nb4_01\r\n  rotate: false\r\n  xy: 684, 854\r\n  size: 288, 64\r\n  orig: 288, 64\r\n  offset: 0, 0\r\n  index: -1\r\nb4_02\r\n  rotate: false\r\n  xy: 1021, 934\r\n  size: 288, 64\r\n  orig: 288, 64\r\n  offset: 0, 0\r\n  index: -1\r\nb4_03\r\n  rotate: false\r\n  xy: 1311, 934\r\n  size: 288, 64\r\n  orig: 288, 64\r\n  offset: 0, 0\r\n  index: -1\r\nb4_04\r\n  rotate: false\r\n  xy: 1601, 934\r\n  size: 288, 64\r\n  orig: 288, 64\r\n  offset: 0, 0\r\n  index: -1\r\nb4_05\r\n  rotate: false\r\n  xy: 258, 420\r\n  size: 288, 64\r\n  orig: 288, 64\r\n  offset: 0, 0\r\n  index: -1\r\nb4_06\r\n  rotate: false\r\n  xy: 684, 788\r\n  size: 288, 64\r\n  orig: 288, 64\r\n  offset: 0, 0\r\n  index: -1\r\nb4_07\r\n  rotate: false\r\n  xy: 1021, 868\r\n  size: 288, 64\r\n  orig: 288, 64\r\n  offset: 0, 0\r\n  index: -1\r\nb4_08\r\n  rotate: false\r\n  xy: 1311, 868\r\n  size: 288, 64\r\n  orig: 288, 64\r\n  offset: 0, 0\r\n  index: -1\r\nb4_09\r\n  rotate: false\r\n  xy: 1601, 868\r\n  size: 288, 64\r\n  orig: 288, 64\r\n  offset: 0, 0\r\n  index: -1\r\nb4_10\r\n  rotate: false\r\n  xy: 974, 802\r\n  size: 288, 64\r\n  orig: 288, 64\r\n  offset: 0, 0\r\n  index: -1\r\nb4_11\r\n  rotate: false\r\n  xy: 1264, 802\r\n  size: 288, 64\r\n  orig: 288, 64\r\n  offset: 0, 0\r\n  index: -1\r\nb4_12\r\n  rotate: false\r\n  xy: 1554, 802\r\n  size: 288, 64\r\n  orig: 288, 64\r\n  offset: 0, 0\r\n  index: -1\r\nb4_13\r\n  rotate: false\r\n  xy: 206, 354\r\n  size: 288, 64\r\n  orig: 288, 64\r\n  offset: 0, 0\r\n  index: -1\r\nb4_14\r\n  rotate: false\r\n  xy: 206, 288\r\n  size: 288, 64\r\n  orig: 288, 64\r\n  offset: 0, 0\r\n  index: -1\r\nb4_15\r\n  rotate: false\r\n  xy: 206, 222\r\n  size: 288, 64\r\n  orig: 288, 64\r\n  offset: 0, 0\r\n  index: -1\r\nb4_16\r\n  rotate: false\r\n  xy: 206, 156\r\n  size: 288, 64\r\n  orig: 288, 64\r\n  offset: 0, 0\r\n  index: -1\r\nb4_17\r\n  rotate: true\r\n  xy: 496, 130\r\n  size: 288, 64\r\n  orig: 288, 64\r\n  offset: 0, 0\r\n  index: -1\r\nb4_18\r\n  rotate: false\r\n  xy: 974, 736\r\n  size: 288, 64\r\n  orig: 288, 64\r\n  offset: 0, 0\r\n  index: -1\r\nb4_19\r\n  rotate: false\r\n  xy: 1264, 736\r\n  size: 288, 64\r\n  orig: 288, 64\r\n  offset: 0, 0\r\n  index: -1\r\nc1\r\n  rotate: false\r\n  xy: 1320, 456\r\n  size: 70, 70\r\n  orig: 70, 70\r\n  offset: 0, 0\r\n  index: -1\r\nd (1)\r\n  rotate: false\r\n  xy: 1554, 728\r\n  size: 248, 72\r\n  orig: 248, 72\r\n  offset: 0, 0\r\n  index: -1\r\nd (2)\r\n  rotate: true\r\n  xy: 110, 169\r\n  size: 257, 94\r\n  orig: 257, 94\r\n  offset: 0, 0\r\n  index: -1\r\nd (3)\r\n  rotate: false\r\n  xy: 258, 577\r\n  size: 250, 106\r\n  orig: 250, 106\r\n  offset: 0, 0\r\n  index: -1\r\nd (4)\r\n  rotate: true\r\n  xy: 0, 166\r\n  size: 260, 108\r\n  orig: 260, 108\r\n  offset: 0, 0\r\n  index: -1\r\nd (5)\r\n  rotate: false\r\n  xy: 258, 486\r\n  size: 258, 89\r\n  orig: 258, 89\r\n  offset: 0, 0\r\n  index: -1\r\nd1\r\n  rotate: false\r\n  xy: 0, 428\r\n  size: 256, 255\r\n  orig: 256, 255\r\n  offset: 0, 0\r\n  index: -1\r\ne1\r\n  rotate: false\r\n  xy: 0, 0\r\n  size: 73, 164\r\n  orig: 73, 164\r\n  offset: 0, 0\r\n  index: -1\r\ne2\r\n  rotate: false\r\n  xy: 578, 663\r\n  size: 73, 164\r\n  orig: 73, 164\r\n  offset: 0, 0\r\n  index: -1\r\nf1_01\r\n  rotate: false\r\n  xy: 653, 736\r\n  size: 215, 50\r\n  orig: 215, 50\r\n  offset: 0, 0\r\n  index: -1\r\nf1_02\r\n  rotate: false\r\n  xy: 653, 684\r\n  size: 215, 50\r\n  orig: 215, 50\r\n  offset: 0, 0\r\n  index: -1\r\nf1_03\r\n  rotate: false\r\n  xy: 653, 632\r\n  size: 215, 50\r\n  orig: 215, 50\r\n  offset: 0, 0\r\n  index: -1\r\nf1_04\r\n  rotate: true\r\n  xy: 870, 571\r\n  size: 215, 50\r\n  orig: 215, 50\r\n  offset: 0, 0\r\n  index: -1\r\nf1_05\r\n  rotate: true\r\n  xy: 922, 571\r\n  size: 215, 50\r\n  orig: 215, 50\r\n  offset: 0, 0\r\n  index: -1\r\nf1_06\r\n  rotate: false\r\n  xy: 974, 684\r\n  size: 215, 50\r\n  orig: 215, 50\r\n  offset: 0, 0\r\n  index: -1\r\nf1_07\r\n  rotate: false\r\n  xy: 974, 632\r\n  size: 215, 50\r\n  orig: 215, 50\r\n  offset: 0, 0\r\n  index: -1\r\nf1_08\r\n  rotate: false\r\n  xy: 1191, 684\r\n  size: 215, 50\r\n  orig: 215, 50\r\n  offset: 0, 0\r\n  index: -1\r\nf1_09\r\n  rotate: false\r\n  xy: 974, 580\r\n  size: 215, 50\r\n  orig: 215, 50\r\n  offset: 0, 0\r\n  index: -1\r\nf1_10\r\n  rotate: false\r\n  xy: 1191, 632\r\n  size: 215, 50\r\n  orig: 215, 50\r\n  offset: 0, 0\r\n  index: -1\r\nf1_11\r\n  rotate: false\r\n  xy: 1191, 580\r\n  size: 215, 50\r\n  orig: 215, 50\r\n  offset: 0, 0\r\n  index: -1\r\nf1_12\r\n  rotate: false\r\n  xy: 974, 528\r\n  size: 215, 50\r\n  orig: 215, 50\r\n  offset: 0, 0\r\n  index: -1\r\nf1_13\r\n  rotate: false\r\n  xy: 1191, 528\r\n  size: 215, 50\r\n  orig: 215, 50\r\n  offset: 0, 0\r\n  index: -1\r\nf1_14\r\n  rotate: true\r\n  xy: 1408, 519\r\n  size: 215, 50\r\n  orig: 215, 50\r\n  offset: 0, 0\r\n  index: -1\r\nf1_15\r\n  rotate: true\r\n  xy: 1460, 519\r\n  size: 215, 50\r\n  orig: 215, 50\r\n  offset: 0, 0\r\n  index: -1\r\nf1_16\r\n  rotate: false\r\n  xy: 1512, 676\r\n  size: 215, 50\r\n  orig: 215, 50\r\n  offset: 0, 0\r\n  index: -1\r\nf1_17\r\n  rotate: false\r\n  xy: 1512, 624\r\n  size: 215, 50\r\n  orig: 215, 50\r\n  offset: 0, 0\r\n  index: -1\r\nf1_18\r\n  rotate: false\r\n  xy: 1512, 572\r\n  size: 215, 50\r\n  orig: 215, 50\r\n  offset: 0, 0\r\n  index: -1\r\nf1_19\r\n  rotate: false\r\n  xy: 1512, 520\r\n  size: 215, 50\r\n  orig: 215, 50\r\n  offset: 0, 0\r\n  index: -1\r\nf1_20\r\n  rotate: true\r\n  xy: 1729, 511\r\n  size: 215, 50\r\n  orig: 215, 50\r\n  offset: 0, 0\r\n  index: -1\r\nf1_21\r\n  rotate: true\r\n  xy: 1781, 511\r\n  size: 215, 50\r\n  orig: 215, 50\r\n  offset: 0, 0\r\n  index: -1\r\nf1_22\r\n  rotate: false\r\n  xy: 1512, 468\r\n  size: 215, 50\r\n  orig: 215, 50\r\n  offset: 0, 0\r\n  index: -1\r\nf1_23\r\n  rotate: true\r\n  xy: 562, 251\r\n  size: 215, 50\r\n  orig: 215, 50\r\n  offset: 0, 0\r\n  index: -1\r\nf1_24\r\n  rotate: true\r\n  xy: 614, 251\r\n  size: 215, 50\r\n  orig: 215, 50\r\n  offset: 0, 0\r\n  index: -1\r\nf1_25\r\n  rotate: true\r\n  xy: 666, 251\r\n  size: 215, 50\r\n  orig: 215, 50\r\n  offset: 0, 0\r\n  index: -1\r\nf1_26\r\n  rotate: true\r\n  xy: 718, 251\r\n  size: 215, 50\r\n  orig: 215, 50\r\n  offset: 0, 0\r\n  index: -1\r\n",["sb_lbjs_JACKPOT.png"],{"skeleton":{"hash":"wK0FQJFzoStqLO8tjLtWPv5WD2M","spine":"3.3.07","width":1364.99,"height":703.96,"images":"./tp/"},"bones":[{"name":"ooooo"},{"name":"aaa","parent":"ooooo","color":"5eff00ff"},{"name":"a1","parent":"aaa","y":120.72,"scaleX":1.133,"scaleY":1.133,"color":"5eff00ff"},{"name":"a2","parent":"a1","color":"5eff00ff"},{"name":"a3","parent":"a1","y":7.15,"scaleX":2,"scaleY":2,"color":"5eff00ff"},{"name":"a5","parent":"aaa","y":-14.61,"color":"5eff00ff"},{"name":"b91","parent":"a5","x":-313.56,"y":1.45,"color":"5eff00ff"},{"name":"b92","parent":"a5","x":312.46,"y":2.26,"scaleX":-1,"color":"5eff00ff"},{"name":"b93","parent":"a5","x":0.68,"y":1.38,"scaleX":3,"scaleY":3,"color":"5eff00ff"},{"name":"b94","parent":"a5","x":0.52,"y":1.79,"scaleX":3,"scaleY":3,"color":"5eff00ff"},{"name":"b101","parent":"aaa","scaleX":13.649,"scaleY":7.039},{"name":"bbb","parent":"ooooo","color":"51ff00ff"},{"name":"h1","parent":"bbb","color":"51ff00ff"},{"name":"t2","parent":"bbb","scaleX":11.807,"scaleY":11.807},{"name":"t99","parent":"bbb","y":135.56,"scaleX":1.849,"scaleY":1.849,"color":"51ff00ff"},{"name":"t100","parent":"bbb","rotation":178.65,"y":86.41,"scaleX":1.694,"scaleY":1.694,"color":"51ff00ff"},{"name":"z1","parent":"bbb","x":-346.38,"y":40.56,"scaleX":1.694,"scaleY":1.694,"color":"51ff00ff"},{"name":"z2","parent":"bbb","x":234.64,"y":160.86,"scaleX":1.694,"scaleY":1.694,"color":"51ff00ff"},{"name":"z3","parent":"bbb","x":377.25,"y":-0.72,"scaleX":1.694,"scaleY":1.694,"color":"51ff00ff"}],"slots":[{"name":"a12","bone":"b101","color":"c9551674","attachment":"a0","blend":"additive"},{"name":"a5","bone":"a1","attachment":"a6"},{"name":"a10","bone":"a2","blend":"additive"},{"name":"a11","bone":"a3","attachment":"b4_18","blend":"additive"},{"name":"c2","bone":"t2","blend":"additive"},{"name":"d1","bone":"h1","blend":"additive"},{"name":"a1","bone":"a5","attachment":"a1"},{"name":"a9","bone":"b93","attachment":"a1_11","blend":"additive"},{"name":"d (1)","bone":"t99","blend":"additive"},{"name":"d (1)2","bone":"t100","blend":"additive"},{"name":"d5","bone":"z1","attachment":"b1","blend":"additive"},{"name":"d6","bone":"z2","attachment":"b1","blend":"additive"},{"name":"d7","bone":"z3","attachment":"b1","blend":"additive"},{"name":"f1_01","bone":"b94","attachment":"f1_20","blend":"additive"},{"name":"e1","bone":"b91","attachment":"e2","blend":"additive"},{"name":"e2","bone":"b92","attachment":"e2","blend":"additive"}],"skins":{"default":{"a1":{"a1":{"width":682,"height":169}},"a10":{"a6":{"width":576,"height":142}},"a11":{"a6c":{"y":-5.48,"width":335,"height":78},"b4_01":{"width":288,"height":64},"b4_02":{"width":288,"height":64},"b4_03":{"width":288,"height":64},"b4_04":{"width":288,"height":64},"b4_05":{"width":288,"height":64},"b4_06":{"width":288,"height":64},"b4_07":{"width":288,"height":64},"b4_08":{"width":288,"height":64},"b4_09":{"width":288,"height":64},"b4_10":{"width":288,"height":64},"b4_11":{"width":288,"height":64},"b4_12":{"width":288,"height":64},"b4_13":{"width":288,"height":64},"b4_14":{"width":288,"height":64},"b4_15":{"width":288,"height":64},"b4_16":{"width":288,"height":64},"b4_17":{"width":288,"height":64},"b4_18":{"width":288,"height":64},"b4_19":{"width":288,"height":64}},"a12":{"a0":{"width":100,"height":100}},"a5":{"a6":{"width":576,"height":142}},"a9":{"a1_01":{"width":212,"height":46},"a1_02":{"width":212,"height":46},"a1_03":{"width":212,"height":46},"a1_04":{"width":212,"height":46},"a1_05":{"width":212,"height":46},"a1_06":{"width":212,"height":46},"a1_07":{"width":212,"height":46},"a1_08":{"width":212,"height":46},"a1_09":{"width":212,"height":46},"a1_10":{"width":212,"height":46},"a1_11":{"width":212,"height":46},"a1_12":{"width":212,"height":46},"a1_13":{"width":212,"height":46},"a1_14":{"width":212,"height":46},"a1_15":{"width":212,"height":46},"a1_16":{"width":212,"height":46},"a1_17":{"width":212,"height":46},"a1_18":{"width":212,"height":46},"a1_19":{"width":212,"height":46}},"c2":{"c1":{"width":70,"height":70}},"d (1)":{"d (1)":{"width":248,"height":72},"d (2)":{"width":257,"height":94},"d (3)":{"width":250,"height":106},"d (4)":{"width":260,"height":108},"d (5)":{"width":258,"height":89}},"d (1)2":{"d (1)":{"width":248,"height":72},"d (2)":{"width":257,"height":94},"d (3)":{"width":250,"height":106},"d (4)":{"width":260,"height":108},"d (5)":{"width":258,"height":89}},"d1":{"d1":{"width":256,"height":255}},"d5":{"b1":{"width":128,"height":128}},"d6":{"b1":{"width":128,"height":128}},"d7":{"b1":{"width":128,"height":128}},"e1":{"e1":{"width":73,"height":164},"e2":{"width":73,"height":164}},"e2":{"e1":{"width":73,"height":164},"e2":{"width":73,"height":164}},"f1_01":{"f1_01":{"width":215,"height":50},"f1_02":{"width":215,"height":50},"f1_03":{"width":215,"height":50},"f1_04":{"width":215,"height":50},"f1_05":{"width":215,"height":50},"f1_06":{"width":215,"height":50},"f1_07":{"width":215,"height":50},"f1_08":{"width":215,"height":50},"f1_09":{"width":215,"height":50},"f1_10":{"width":215,"height":50},"f1_11":{"width":215,"height":50},"f1_12":{"width":215,"height":50},"f1_13":{"width":215,"height":50},"f1_14":{"width":215,"height":50},"f1_15":{"width":215,"height":50},"f1_16":{"width":215,"height":50},"f1_17":{"width":215,"height":50},"f1_18":{"width":215,"height":50},"f1_19":{"width":215,"height":50},"f1_20":{"width":215,"height":50},"f1_21":{"width":215,"height":50},"f1_22":{"width":215,"height":50},"f1_23":{"width":215,"height":50},"f1_24":{"width":215,"height":50},"f1_25":{"width":215,"height":50},"f1_26":{"width":215,"height":50}}}},"animations":{"a1":{"slots":{"a1":{"color":[{"time":0.0333,"color":"ffffff00"},{"time":0.1333,"color":"ffffffff"}],"attachment":[{"time":0,"name":null},{"time":0.0333,"name":"a1"},{"time":0.7,"name":"a1"}]},"a5":{"color":[{"time":0.3,"color":"ffffff00"},{"time":0.4333,"color":"ffffffff"}],"attachment":[{"time":0,"name":null},{"time":0.0333,"name":null},{"time":0.3,"name":"a6"},{"time":0.7,"name":"a6"}]},"a9":{"color":[{"time":0.3333,"color":"ffffff00"},{"time":0.5,"color":"ffffffff"}],"attachment":[{"time":0,"name":null},{"time":0.0333,"name":null},{"time":0.7,"name":null}]},"a10":{"color":[{"time":0.4,"color":"ffffff00"},{"time":0.5,"color":"ffffffff"},{"time":0.7,"color":"ffffff00"}],"attachment":[{"time":0,"name":null},{"time":0.0333,"name":null},{"time":0.4,"name":"a6"},{"time":0.7,"name":null}]},"a11":{"color":[{"time":0.1666,"color":"ffffff00"},{"time":0.2333,"color":"ffffffff","curve":"stepped"},{"time":0.3666,"color":"ffffffff"},{"time":0.4333,"color":"ffffff00"}],"attachment":[{"time":0,"name":null},{"time":0.0333,"name":null},{"time":0.1666,"name":"a6c"},{"time":0.4333,"name":null},{"time":0.7,"name":null}]},"a12":{"color":[{"time":0.0333,"color":"c9551600"},{"time":0.3,"color":"c95516e0"},{"time":0.6333,"color":"c9551600"}],"attachment":[{"time":0,"name":null},{"time":0.0333,"name":"a0"},{"time":0.6333,"name":null},{"time":0.7,"name":null}]},"c2":{"color":[{"time":0.0333,"color":"ffffff00"},{"time":0.2666,"color":"ffffffff"},{"time":0.4333,"color":"ffffff00"}],"attachment":[{"time":0,"name":null},{"time":0.0333,"name":"c1"},{"time":0.4333,"name":null},{"time":0.7,"name":null}]},"d1":{"color":[{"time":0.0666,"color":"ffffff00"},{"time":0.4,"color":"ffffffff"},{"time":0.6666,"color":"ffffff00"}],"attachment":[{"time":0,"name":null},{"time":0.0666,"name":"d1"},{"time":0.6666,"name":null},{"time":0.7,"name":null}]},"d5":{"attachment":[{"time":0,"name":null},{"time":0.0333,"name":null},{"time":0.1333,"name":"b1"},{"time":0.5,"name":null},{"time":0.7,"name":null}]},"d6":{"attachment":[{"time":0,"name":null},{"time":0.0333,"name":null},{"time":0.4,"name":"b1"},{"time":0.7,"name":null}]},"d7":{"attachment":[{"time":0,"name":null},{"time":0.0333,"name":null},{"time":0.2,"name":"b1"},{"time":0.6333,"name":null},{"time":0.7,"name":null}]},"d (1)":{"attachment":[{"time":0,"name":null},{"time":0.0333,"name":null},{"time":0.3333,"name":"d (1)"},{"time":0.3666,"name":"d (2)"},{"time":0.4,"name":"d (3)"},{"time":0.4333,"name":"d (4)"},{"time":0.4666,"name":"d (5)"},{"time":0.5,"name":"d (1)"},{"time":0.5333,"name":"d (2)"},{"time":0.5666,"name":"d (3)"},{"time":0.6,"name":"d (4)"},{"time":0.6333,"name":"d (5)"},{"time":0.6666,"name":null},{"time":0.7,"name":null}]},"d (1)2":{"attachment":[{"time":0,"name":null},{"time":0.0333,"name":null},{"time":0.2666,"name":"d (3)"},{"time":0.3,"name":"d (4)"},{"time":0.3333,"name":"d (5)"},{"time":0.3666,"name":"d (1)"},{"time":0.4,"name":"d (2)"},{"time":0.4333,"name":"d (3)"},{"time":0.4666,"name":"d (4)"},{"time":0.5,"name":"d (5)"},{"time":0.5333,"name":"d (1)"},{"time":0.5666,"name":"d (2)"},{"time":0.6,"name":null},{"time":0.7,"name":null}]},"e1":{"attachment":[{"time":0,"name":null},{"time":0.1666,"name":"e1"},{"time":0.3333,"name":"e2"},{"time":0.5,"name":"e1"},{"time":0.7,"name":"e2"}]},"e2":{"attachment":[{"time":0,"name":null},{"time":0.1666,"name":"e2"},{"time":0.3333,"name":"e1"},{"time":0.5,"name":"e2"},{"time":0.7,"name":"e1"}]},"f1_01":{"attachment":[{"time":0,"name":null},{"time":0.7,"name":null}]}},"bones":{"ooooo":{"rotate":[{"time":0,"angle":0,"curve":"stepped"},{"time":0.0333,"angle":0,"curve":"stepped"},{"time":0.7,"angle":0}],"translate":[{"time":0,"x":0,"y":0,"curve":"stepped"},{"time":0.0333,"x":0,"y":0,"curve":"stepped"},{"time":0.7,"x":0,"y":0}],"scale":[{"time":0,"x":1,"y":1,"curve":"stepped"},{"time":0.0333,"x":1,"y":1,"curve":"stepped"},{"time":0.7,"x":1,"y":1}]},"bbb":{"rotate":[{"time":0,"angle":0,"curve":"stepped"},{"time":0.0333,"angle":0,"curve":"stepped"},{"time":0.7,"angle":0}],"translate":[{"time":0,"x":0,"y":0,"curve":"stepped"},{"time":0.0333,"x":0,"y":0,"curve":"stepped"},{"time":0.7,"x":0,"y":0}],"scale":[{"time":0,"x":1,"y":1,"curve":"stepped"},{"time":0.0333,"x":1,"y":1,"curve":"stepped"},{"time":0.7,"x":1,"y":1}]},"t2":{"rotate":[{"time":0,"angle":0,"curve":"stepped"},{"time":0.0333,"angle":0,"curve":"stepped"},{"time":0.7,"angle":0}],"translate":[{"time":0,"x":0,"y":0,"curve":"stepped"},{"time":0.0333,"x":0,"y":0,"curve":"stepped"},{"time":0.7,"x":0,"y":0}],"scale":[{"time":0,"x":1,"y":1},{"time":0.0333,"x":0.42,"y":0.42},{"time":0.2666,"x":1.288,"y":1.288},{"time":0.4333,"x":0.725,"y":0.725},{"time":0.7,"x":0.769,"y":0.769}]},"aaa":{"rotate":[{"time":0,"angle":0,"curve":"stepped"},{"time":0.0333,"angle":0,"curve":"stepped"},{"time":0.7,"angle":0}],"translate":[{"time":0,"x":0,"y":0,"curve":"stepped"},{"time":0.0333,"x":0,"y":0,"curve":"stepped"},{"time":0.7,"x":0,"y":0}],"scale":[{"time":0,"x":1,"y":1,"curve":"stepped"},{"time":0.0333,"x":1,"y":1,"curve":"stepped"},{"time":0.7,"x":1,"y":1}]},"a5":{"rotate":[{"time":0,"angle":0,"curve":"stepped"},{"time":0.0333,"angle":0,"curve":"stepped"},{"time":0.3,"angle":0,"curve":"stepped"},{"time":0.7,"angle":0}],"translate":[{"time":0,"x":0,"y":0,"curve":"stepped"},{"time":0.7,"x":0,"y":0}],"scale":[{"time":0,"x":1,"y":1},{"time":0.0333,"x":0.161,"y":0.161},{"time":0.2333,"x":1.051,"y":1.051},{"time":0.3,"x":1,"y":1,"curve":"stepped"},{"time":0.7,"x":1,"y":1}]},"a1":{"rotate":[{"time":0,"angle":0,"curve":"stepped"},{"time":0.0333,"angle":0,"curve":"stepped"},{"time":0.3,"angle":0,"curve":"stepped"},{"time":0.4333,"angle":0,"curve":"stepped"},{"time":0.7,"angle":0}],"translate":[{"time":0,"x":0,"y":0,"curve":"stepped"},{"time":0.7,"x":0,"y":0}],"scale":[{"time":0,"x":1,"y":1,"curve":"stepped"},{"time":0.0333,"x":1,"y":1},{"time":0.3,"x":1.083,"y":1.083},{"time":0.4333,"x":1,"y":1,"curve":"stepped"},{"time":0.7,"x":1,"y":1}]},"b93":{"rotate":[{"time":0,"angle":0,"curve":"stepped"},{"time":0.0333,"angle":0,"curve":"stepped"},{"time":0.3333,"angle":0,"curve":"stepped"},{"time":0.7,"angle":0}],"translate":[{"time":0,"x":0,"y":0},{"time":0.0333,"x":0,"y":202.12,"curve":"stepped"},{"time":0.3333,"x":0,"y":202.12,"curve":"stepped"},{"time":0.7,"x":0,"y":202.12}],"scale":[{"time":0,"x":1,"y":1,"curve":"stepped"},{"time":0.0333,"x":1,"y":1,"curve":"stepped"},{"time":0.3333,"x":1,"y":1,"curve":"stepped"},{"time":0.7,"x":1,"y":1}]},"a2":{"rotate":[{"time":0,"angle":0,"curve":"stepped"},{"time":0.0333,"angle":0,"curve":"stepped"},{"time":0.4,"angle":0,"curve":"stepped"},{"time":0.7,"angle":0}],"translate":[{"time":0,"x":0,"y":0,"curve":"stepped"},{"time":0.0333,"x":0,"y":0,"curve":"stepped"},{"time":0.4,"x":0,"y":0,"curve":"stepped"},{"time":0.7,"x":0,"y":0}],"scale":[{"time":0,"x":1,"y":1,"curve":"stepped"},{"time":0.0333,"x":1,"y":1,"curve":"stepped"},{"time":0.4,"x":1,"y":1},{"time":0.7,"x":1.104,"y":1.104}]},"a3":{"rotate":[{"time":0,"angle":0,"curve":"stepped"},{"time":0.0333,"angle":0,"curve":"stepped"},{"time":0.1666,"angle":0,"curve":"stepped"},{"time":0.4333,"angle":0,"curve":"stepped"},{"time":0.7,"angle":0}],"translate":[{"time":0,"x":0,"y":0,"curve":"stepped"},{"time":0.0333,"x":0,"y":0,"curve":"stepped"},{"time":0.1666,"x":0,"y":0,"curve":"stepped"},{"time":0.4333,"x":0,"y":0,"curve":"stepped"},{"time":0.7,"x":0,"y":0}],"scale":[{"time":0,"x":1,"y":1,"curve":"stepped"},{"time":0.0333,"x":1,"y":1},{"time":0.1666,"x":4.677,"y":4.677},{"time":0.4333,"x":1,"y":1,"curve":"stepped"},{"time":0.7,"x":1,"y":1}]},"t99":{"rotate":[{"time":0,"angle":0,"curve":"stepped"},{"time":0.0333,"angle":0,"curve":"stepped"},{"time":0.7,"angle":0}],"translate":[{"time":0,"x":0,"y":0,"curve":"stepped"},{"time":0.0333,"x":0,"y":0},{"time":0.3333,"x":0,"y":41.42},{"time":0.6666,"x":0,"y":-18.88},{"time":0.7,"x":0,"y":-18.44}],"scale":[{"time":0,"x":1,"y":1,"curve":"stepped"},{"time":0.0333,"x":1,"y":1,"curve":"stepped"},{"time":0.3333,"x":1,"y":1},{"time":0.6666,"x":1.2,"y":0.62},{"time":0.7,"x":1.195,"y":0.628}]},"t100":{"rotate":[{"time":0,"angle":0,"curve":"stepped"},{"time":0.0333,"angle":0,"curve":"stepped"},{"time":0.7,"angle":0}],"translate":[{"time":0,"x":0,"y":0,"curve":"stepped"},{"time":0.0333,"x":0,"y":0},{"time":0.2666,"x":0,"y":-43.94},{"time":0.6,"x":0,"y":13.11},{"time":0.7,"x":0,"y":12.24}],"scale":[{"time":0,"x":1,"y":1,"curve":"stepped"},{"time":0.0333,"x":1,"y":1},{"time":0.2666,"x":1.421,"y":1},{"time":0.6,"x":0.92,"y":1},{"time":0.7,"x":0.925,"y":1}]},"z1":{"rotate":[{"time":0,"angle":0,"curve":"stepped"},{"time":0.0333,"angle":0,"curve":"stepped"},{"time":0.1333,"angle":0,"curve":"stepped"},{"time":0.5,"angle":0,"curve":"stepped"},{"time":0.7,"angle":0}],"translate":[{"time":0,"x":0,"y":0,"curve":"stepped"},{"time":0.0333,"x":0,"y":0,"curve":"stepped"},{"time":0.1333,"x":0,"y":0,"curve":"stepped"},{"time":0.5,"x":0,"y":0},{"time":0.7,"x":355.02,"y":-65.26}],"scale":[{"time":0,"x":1,"y":1,"curve":"stepped"},{"time":0.0333,"x":1,"y":1},{"time":0.1333,"x":0.024,"y":0.024},{"time":0.3333,"x":0.4,"y":0.4},{"time":0.5,"x":0.024,"y":0.024,"curve":"stepped"},{"time":0.7,"x":0.024,"y":0.024}]},"z2":{"rotate":[{"time":0,"angle":0,"curve":"stepped"},{"time":0.0333,"angle":0,"curve":"stepped"},{"time":0.4,"angle":0,"curve":"stepped"},{"time":0.7,"angle":0}],"translate":[{"time":0,"x":0,"y":0,"curve":"stepped"},{"time":0.0333,"x":0,"y":0},{"time":0.4,"x":51.13,"y":-81.47,"curve":"stepped"},{"time":0.7,"x":51.13,"y":-81.47}],"scale":[{"time":0,"x":1,"y":1,"curve":"stepped"},{"time":0.0333,"x":1,"y":1},{"time":0.4,"x":0.018,"y":0.018},{"time":0.5666,"x":0.524,"y":0.524},{"time":0.7,"x":0.018,"y":0.018}]},"z3":{"rotate":[{"time":0,"angle":0,"curve":"stepped"},{"time":0.0333,"angle":0,"curve":"stepped"},{"time":0.2,"angle":0,"curve":"stepped"},{"time":0.6333,"angle":0,"curve":"stepped"},{"time":0.7,"angle":0}],"translate":[{"time":0,"x":0,"y":0,"curve":"stepped"},{"time":0.0333,"x":0,"y":0},{"time":0.2,"x":-705.72,"y":-60.5,"curve":"stepped"},{"time":0.6333,"x":-705.72,"y":-60.5},{"time":0.7,"x":151.77,"y":-44.64}],"scale":[{"time":0,"x":1,"y":1,"curve":"stepped"},{"time":0.0333,"x":1,"y":1},{"time":0.2,"x":0.027,"y":0.027},{"time":0.4333,"x":0.589,"y":0.589},{"time":0.6333,"x":0.027,"y":0.027,"curve":"stepped"},{"time":0.7,"x":0.027,"y":0.027}]},"b101":{"rotate":[{"time":0,"angle":0,"curve":"stepped"},{"time":0.7,"angle":0}],"translate":[{"time":0,"x":0,"y":0,"curve":"stepped"},{"time":0.7,"x":0,"y":0}],"scale":[{"time":0,"x":1,"y":1,"curve":"stepped"},{"time":0.7,"x":1,"y":1}]},"h1":{"rotate":[{"time":0,"angle":0,"curve":"stepped"},{"time":0.7,"angle":0}],"translate":[{"time":0,"x":0,"y":0,"curve":"stepped"},{"time":0.7,"x":0,"y":0}],"scale":[{"time":0,"x":1,"y":1},{"time":0.0666,"x":0.14,"y":0.14},{"time":0.3666,"x":5.418,"y":5.418},{"time":0.6666,"x":8.056,"y":8.056},{"time":0.7,"x":7.896,"y":7.896}]},"b91":{"rotate":[{"time":0,"angle":0,"curve":"stepped"},{"time":0.7,"angle":0}],"translate":[{"time":0,"x":0,"y":0,"curve":"stepped"},{"time":0.7,"x":0,"y":0}],"scale":[{"time":0,"x":1,"y":1,"curve":"stepped"},{"time":0.7,"x":1,"y":1}]},"b92":{"rotate":[{"time":0,"angle":0,"curve":"stepped"},{"time":0.7,"angle":0}],"translate":[{"time":0,"x":0,"y":0,"curve":"stepped"},{"time":0.7,"x":0,"y":0}],"scale":[{"time":0,"x":1,"y":1,"curve":"stepped"},{"time":0.7,"x":1,"y":1}]},"b94":{"rotate":[{"time":0,"angle":0,"curve":"stepped"},{"time":0.7,"angle":0}],"translate":[{"time":0,"x":0,"y":0,"curve":"stepped"},{"time":0.7,"x":0,"y":0}],"scale":[{"time":0,"x":1,"y":1,"curve":"stepped"},{"time":0.7,"x":1,"y":1}]}},"drawOrder":[{"time":0},{"time":0.5},{"time":0.7}]},"a2":{"slots":{"a1":{"attachment":[{"time":0,"name":"a1"},{"time":1.5,"name":"a1"}]},"a5":{"color":[{"time":1.5,"color":"ffffffff"}],"attachment":[{"time":0,"name":"a6"},{"time":1.5,"name":"a6"}]},"a9":{"attachment":[{"time":0,"name":null},{"time":0.4,"name":"a1_01"},{"time":0.4666,"name":"a1_02"},{"time":0.5,"name":"a1_03"},{"time":0.5666,"name":"a1_04"},{"time":0.6333,"name":"a1_05"},{"time":0.7,"name":"a1_06"},{"time":0.7333,"name":"a1_07"},{"time":0.8,"name":"a1_08"},{"time":0.8666,"name":"a1_09"},{"time":0.9333,"name":"a1_10"},{"time":0.9666,"name":"a1_11"},{"time":1.0333,"name":"a1_12"},{"time":1.1,"name":"a1_13"},{"time":1.1333,"name":"a1_14"},{"time":1.2,"name":"a1_15"},{"time":1.2666,"name":"a1_16"},{"time":1.3333,"name":"a1_17"},{"time":1.3666,"name":"a1_18"},{"time":1.4333,"name":"a1_19"},{"time":1.5,"name":null}]},"a10":{"color":[{"time":0,"color":"ffffff00"}],"attachment":[{"time":0,"name":null},{"time":1.4666,"name":null},{"time":1.5,"name":null}]},"a11":{"attachment":[{"time":0,"name":null},{"time":0.0333,"name":"b4_01"},{"time":0.1,"name":"b4_02"},{"time":0.1666,"name":"b4_03"},{"time":0.2,"name":"b4_04"},{"time":0.2666,"name":"b4_05"},{"time":0.3333,"name":"b4_06"},{"time":0.4,"name":"b4_07"},{"time":0.4666,"name":"b4_08"},{"time":0.5,"name":"b4_09"},{"time":0.5666,"name":"b4_10"},{"time":0.6333,"name":"b4_11"},{"time":0.7,"name":"b4_12"},{"time":0.7666,"name":"b4_13"},{"time":0.8333,"name":"b4_14"},{"time":0.8666,"name":"b4_15"},{"time":0.9333,"name":"b4_16"},{"time":1,"name":"b4_17"},{"time":1.0666,"name":"b4_18"},{"time":1.1333,"name":"b4_19"},{"time":1.1666,"name":null},{"time":1.4666,"name":null},{"time":1.5,"name":null}]},"a12":{"attachment":[{"time":0,"name":null},{"time":1.5,"name":null}]},"c2":{"attachment":[{"time":0,"name":null},{"time":1.4666,"name":null},{"time":1.5,"name":null}]},"d1":{"attachment":[{"time":0,"name":null},{"time":1.5,"name":null}]},"d5":{"attachment":[{"time":0,"name":null},{"time":0.2333,"name":"b1"},{"time":0.7,"name":null},{"time":0.9333,"name":"b1"},{"time":1.4,"name":null},{"time":1.4666,"name":null},{"time":1.5,"name":null}]},"d6":{"attachment":[{"time":0,"name":null},{"time":0.1,"name":"b1"},{"time":0.5,"name":null},{"time":0.5333,"name":"b1"},{"time":0.9,"name":null},{"time":1,"name":"b1"},{"time":1.4,"name":null},{"time":1.4666,"name":null},{"time":1.5,"name":null}]},"d7":{"attachment":[{"time":0,"name":null},{"time":0.0333,"name":"b1"},{"time":0.4333,"name":null},{"time":0.4666,"name":"b1"},{"time":0.9,"name":null},{"time":0.9333,"name":"b1"},{"time":1.2666,"name":null},{"time":1.4666,"name":null},{"time":1.5,"name":null}]},"d (1)":{"attachment":[{"time":0,"name":null},{"time":1.4666,"name":null},{"time":1.5,"name":null}]},"d (1)2":{"attachment":[{"time":0,"name":null},{"time":1.4666,"name":null},{"time":1.5,"name":null}]},"e1":{"attachment":[{"time":0,"name":"e2"},{"time":0.3666,"name":"e1"},{"time":0.7333,"name":"e2"},{"time":1.1333,"name":"e1"},{"time":1.5,"name":"e2"}]},"e2":{"attachment":[{"time":0,"name":"e1"},{"time":0.3666,"name":"e2"},{"time":0.7333,"name":"e1"},{"time":1.1333,"name":"e2"},{"time":1.5,"name":"e1"}]},"f1_01":{"attachment":[{"time":0,"name":"f1_01"},{"time":0.0666,"name":"f1_02"},{"time":0.1,"name":"f1_03"},{"time":0.1666,"name":"f1_04"},{"time":0.2333,"name":"f1_05"},{"time":0.3,"name":"f1_06"},{"time":0.3333,"name":"f1_07"},{"time":0.4,"name":"f1_08"},{"time":0.4666,"name":"f1_09"},{"time":0.5,"name":"f1_10"},{"time":0.5666,"name":"f1_11"},{"time":0.6333,"name":"f1_12"},{"time":0.6666,"name":"f1_13"},{"time":0.7333,"name":"f1_14"},{"time":0.8,"name":"f1_15"},{"time":0.8666,"name":"f1_16"},{"time":0.9,"name":"f1_17"},{"time":0.9666,"name":"f1_18"},{"time":1.0333,"name":"f1_19"},{"time":1.0666,"name":"f1_20"},{"time":1.1333,"name":"f1_21"},{"time":1.2,"name":"f1_22"},{"time":1.2333,"name":"f1_23"},{"time":1.3,"name":"f1_24"},{"time":1.3666,"name":"f1_25"},{"time":1.4333,"name":"f1_26"},{"time":1.5,"name":"f1_01"}]}},"bones":{"ooooo":{"rotate":[{"time":0,"angle":0,"curve":"stepped"},{"time":1.4666,"angle":0,"curve":"stepped"},{"time":1.5,"angle":0}],"translate":[{"time":0,"x":0,"y":0,"curve":"stepped"},{"time":1.4666,"x":0,"y":0,"curve":"stepped"},{"time":1.5,"x":0,"y":0}],"scale":[{"time":0,"x":1,"y":1,"curve":"stepped"},{"time":1.4666,"x":1,"y":1,"curve":"stepped"},{"time":1.5,"x":1,"y":1}]},"bbb":{"rotate":[{"time":0,"angle":0,"curve":"stepped"},{"time":1.4666,"angle":0,"curve":"stepped"},{"time":1.5,"angle":0}],"translate":[{"time":0,"x":0,"y":0,"curve":"stepped"},{"time":1.4666,"x":0,"y":0,"curve":"stepped"},{"time":1.5,"x":0,"y":0}],"scale":[{"time":0,"x":1,"y":1,"curve":"stepped"},{"time":1.4666,"x":1,"y":1,"curve":"stepped"},{"time":1.5,"x":1,"y":1}]},"t2":{"rotate":[{"time":0,"angle":0,"curve":"stepped"},{"time":1.4666,"angle":0,"curve":"stepped"},{"time":1.5,"angle":0}],"translate":[{"time":0,"x":0,"y":0,"curve":"stepped"},{"time":1.4666,"x":0,"y":0,"curve":"stepped"},{"time":1.5,"x":0,"y":0}],"scale":[{"time":0,"x":0.769,"y":0.769},{"time":1.4666,"x":1,"y":1,"curve":"stepped"},{"time":1.5,"x":1,"y":1}]},"aaa":{"rotate":[{"time":0,"angle":0,"curve":"stepped"},{"time":1.4666,"angle":0,"curve":"stepped"},{"time":1.5,"angle":0}],"translate":[{"time":0,"x":0,"y":0,"curve":"stepped"},{"time":1.4666,"x":0,"y":0,"curve":"stepped"},{"time":1.5,"x":0,"y":0}],"scale":[{"time":0,"x":1,"y":1,"curve":"stepped"},{"time":1.4666,"x":1,"y":1,"curve":"stepped"},{"time":1.5,"x":1,"y":1}]},"a5":{"rotate":[{"time":0,"angle":0,"curve":"stepped"},{"time":1.5,"angle":0}],"translate":[{"time":0,"x":0,"y":0,"curve":"stepped"},{"time":1.5,"x":0,"y":0}],"scale":[{"time":0,"x":1,"y":1,"curve":"stepped"},{"time":1.5,"x":1,"y":1}]},"a1":{"rotate":[{"time":0,"angle":0,"curve":"stepped"},{"time":1.5,"angle":0}],"translate":[{"time":0,"x":0,"y":0,"curve":"stepped"},{"time":1.5,"x":0,"y":0}],"scale":[{"time":0,"x":1,"y":1},{"time":0.7666,"x":1.036,"y":1.036},{"time":1.5,"x":1,"y":1}]},"b93":{"rotate":[{"time":0,"angle":0,"curve":"stepped"},{"time":1.5,"angle":0}],"translate":[{"time":0,"x":0,"y":0,"curve":"stepped"},{"time":1.5,"x":0,"y":0}],"scale":[{"time":0,"x":1,"y":1,"curve":"stepped"},{"time":1.5,"x":1,"y":1}]},"a2":{"rotate":[{"time":0,"angle":0,"curve":"stepped"},{"time":1.4666,"angle":0,"curve":"stepped"},{"time":1.5,"angle":0}],"translate":[{"time":0,"x":0,"y":0,"curve":"stepped"},{"time":1.4666,"x":0,"y":0,"curve":"stepped"},{"time":1.5,"x":0,"y":0}],"scale":[{"time":0,"x":1.104,"y":1.104},{"time":1.4666,"x":1,"y":1,"curve":"stepped"},{"time":1.5,"x":1,"y":1}]},"a3":{"rotate":[{"time":0,"angle":0,"curve":"stepped"},{"time":1.4666,"angle":0,"curve":"stepped"},{"time":1.5,"angle":0}],"translate":[{"time":0,"x":0,"y":0,"curve":"stepped"},{"time":1.4666,"x":0,"y":0,"curve":"stepped"},{"time":1.5,"x":0,"y":0}],"scale":[{"time":0,"x":1,"y":1,"curve":"stepped"},{"time":1.4666,"x":1,"y":1,"curve":"stepped"},{"time":1.5,"x":1,"y":1}]},"t99":{"rotate":[{"time":0,"angle":0,"curve":"stepped"},{"time":1.4666,"angle":0,"curve":"stepped"},{"time":1.5,"angle":0}],"translate":[{"time":0,"x":0,"y":-18.44},{"time":1.4666,"x":0,"y":0,"curve":"stepped"},{"time":1.5,"x":0,"y":0}],"scale":[{"time":0,"x":1.195,"y":0.628},{"time":1.4666,"x":1,"y":1,"curve":"stepped"},{"time":1.5,"x":1,"y":1}]},"t100":{"rotate":[{"time":0,"angle":0,"curve":"stepped"},{"time":1.4666,"angle":0,"curve":"stepped"},{"time":1.5,"angle":0}],"translate":[{"time":0,"x":0,"y":12.24},{"time":1.4666,"x":0,"y":0,"curve":"stepped"},{"time":1.5,"x":0,"y":0}],"scale":[{"time":0,"x":0.925,"y":1},{"time":1.4666,"x":1,"y":1,"curve":"stepped"},{"time":1.5,"x":1,"y":1}]},"z1":{"rotate":[{"time":0,"angle":0,"curve":"stepped"},{"time":0.2333,"angle":0,"curve":"stepped"},{"time":0.7,"angle":0,"curve":"stepped"},{"time":0.9333,"angle":0,"curve":"stepped"},{"time":1.4,"angle":0,"curve":"stepped"},{"time":1.4666,"angle":0,"curve":"stepped"},{"time":1.5,"angle":0}],"translate":[{"time":0,"x":355.02,"y":-65.26},{"time":0.2333,"x":769.21,"y":-141.39,"curve":"stepped"},{"time":0.7,"x":769.21,"y":-141.39},{"time":0.9333,"x":0,"y":0,"curve":"stepped"},{"time":1.4,"x":0,"y":0,"curve":"stepped"},{"time":1.4666,"x":0,"y":0,"curve":"stepped"},{"time":1.5,"x":0,"y":0}],"scale":[{"time":0,"x":0.024,"y":0.024,"curve":"stepped"},{"time":0.2333,"x":0.024,"y":0.024},{"time":0.5,"x":0.467,"y":0.467},{"time":0.7,"x":0.024,"y":0.024,"curve":"stepped"},{"time":0.9333,"x":0.024,"y":0.024},{"time":1.1,"x":0.4,"y":0.4},{"time":1.4,"x":0.024,"y":0.024},{"time":1.4666,"x":1,"y":1,"curve":"stepped"},{"time":1.5,"x":1,"y":1}]},"z2":{"rotate":[{"time":0,"angle":0,"curve":"stepped"},{"time":0.1,"angle":0,"curve":"stepped"},{"time":0.5,"angle":0,"curve":"stepped"},{"time":0.5333,"angle":0,"curve":"stepped"},{"time":0.9,"angle":0,"curve":"stepped"},{"time":1,"angle":0,"curve":"stepped"},{"time":1.4,"angle":0,"curve":"stepped"},{"time":1.4666,"angle":0,"curve":"stepped"},{"time":1.5,"angle":0}],"translate":[{"time":0,"x":51.13,"y":-81.47},{"time":0.1,"x":-545.99,"y":-210.39,"curve":"stepped"},{"time":0.5,"x":-545.99,"y":-210.39},{"time":0.5333,"x":-434.36,"y":8.38,"curve":"stepped"},{"time":0.9,"x":-434.36,"y":8.38},{"time":1,"x":-14.24,"y":-33.15,"curve":"stepped"},{"time":1.4,"x":-14.24,"y":-33.15},{"time":1.4666,"x":0,"y":0,"curve":"stepped"},{"time":1.5,"x":0,"y":0}],"scale":[{"time":0,"x":0.018,"y":0.018,"curve":"stepped"},{"time":0.1,"x":0.018,"y":0.018},{"time":0.2666,"x":0.57,"y":0.57},{"time":0.5,"x":0.018,"y":0.018,"curve":"stepped"},{"time":0.5333,"x":0.018,"y":0.018},{"time":0.7,"x":0.433,"y":0.433},{"time":0.9,"x":0.018,"y":0.018,"curve":"stepped"},{"time":1,"x":0.018,"y":0.018},{"time":1.1666,"x":0.57,"y":0.57},{"time":1.4,"x":0.018,"y":0.018},{"time":1.4666,"x":1,"y":1,"curve":"stepped"},{"time":1.5,"x":1,"y":1}]},"z3":{"rotate":[{"time":0,"angle":0,"curve":"stepped"},{"time":0.0333,"angle":0,"curve":"stepped"},{"time":0.4333,"angle":0,"curve":"stepped"},{"time":0.4666,"angle":0,"curve":"stepped"},{"time":0.9,"angle":0,"curve":"stepped"},{"time":0.9333,"angle":0,"curve":"stepped"},{"time":1.2666,"angle":0,"curve":"stepped"},{"time":1.4666,"angle":0,"curve":"stepped"},{"time":1.5,"angle":0}],"translate":[{"time":0,"x":151.77,"y":-44.64},{"time":0.0333,"x":-28.62,"y":-71.07,"curve":"stepped"},{"time":0.4333,"x":-28.62,"y":-71.07},{"time":0.4666,"x":-696.09,"y":-94.53,"curve":"stepped"},{"time":0.9,"x":-696.09,"y":-94.53},{"time":0.9333,"x":-24.41,"y":151.14,"curve":"stepped"},{"time":1.2666,"x":-24.41,"y":151.14},{"time":1.4666,"x":0,"y":0,"curve":"stepped"},{"time":1.5,"x":0,"y":0}],"scale":[{"time":0,"x":0.027,"y":0.027,"curve":"stepped"},{"time":0.0333,"x":0.027,"y":0.027},{"time":0.2,"x":0.589,"y":0.589},{"time":0.4333,"x":0.027,"y":0.027,"curve":"stepped"},{"time":0.4666,"x":0.027,"y":0.027},{"time":0.6666,"x":0.589,"y":0.589},{"time":0.9,"x":0.027,"y":0.027,"curve":"stepped"},{"time":0.9333,"x":0.027,"y":0.027},{"time":1.1,"x":0.589,"y":0.589},{"time":1.2666,"x":0.027,"y":0.027},{"time":1.4666,"x":1,"y":1,"curve":"stepped"},{"time":1.5,"x":1,"y":1}]},"b101":{"rotate":[{"time":0,"angle":0,"curve":"stepped"},{"time":1.5,"angle":0}],"translate":[{"time":0,"x":0,"y":0,"curve":"stepped"},{"time":1.5,"x":0,"y":0}],"scale":[{"time":0,"x":1,"y":1,"curve":"stepped"},{"time":1.5,"x":1,"y":1}]},"h1":{"rotate":[{"time":0,"angle":0,"curve":"stepped"},{"time":1.5,"angle":0}],"translate":[{"time":0,"x":0,"y":0,"curve":"stepped"},{"time":1.5,"x":0,"y":0}],"scale":[{"time":0,"x":7.896,"y":7.896},{"time":1.5,"x":1,"y":1}]},"b91":{"rotate":[{"time":0,"angle":0,"curve":"stepped"},{"time":1.5,"angle":0}],"translate":[{"time":0,"x":0,"y":0,"curve":"stepped"},{"time":1.5,"x":0,"y":0}],"scale":[{"time":0,"x":1,"y":1,"curve":"stepped"},{"time":1.5,"x":1,"y":1}]},"b92":{"rotate":[{"time":0,"angle":0,"curve":"stepped"},{"time":1.5,"angle":0}],"translate":[{"time":0,"x":0,"y":0,"curve":"stepped"},{"time":1.5,"x":0,"y":0}],"scale":[{"time":0,"x":1,"y":1,"curve":"stepped"},{"time":1.5,"x":1,"y":1}]},"b94":{"rotate":[{"time":0,"angle":0,"curve":"stepped"},{"time":1.5,"angle":0}],"translate":[{"time":0,"x":0,"y":0,"curve":"stepped"},{"time":1.5,"x":0,"y":0}],"scale":[{"time":0,"x":1,"y":1,"curve":"stepped"},{"time":1.5,"x":1,"y":1}]}},"drawOrder":[{"time":0},{"time":1.5}]}}},[0]]],0,0,[0],[-1],[4]],[[[5,"prefab_dfdc_win"],[6,"prefab_dfdc_win",[-10],[[3,-2,[0,"74tIccBBZATZ7XzG8b3RvN"],[5,1334,750]],[12,45,100,100,-3,[0,"c5Hyel0/9FUraqmve2h4EG"]],[13,-7,[0,"d9G4xe++pANLClVWBVSeME"],-6,[1,2,3,4],-5,[5,6,7,8],-4],[14,-9,[0,"66s6R+M95KW6WSgt3Qlg+U"],[[15,"b7b4a5oRytPBZjhNQPPfD1b","onTouch",-8]]]],[1,"c46/YsCPVOJYA4mWEpNYRx",null,null,null,-1,0]],[7,"Label",[[3,-11,[0,"54EnKtJVBMNrt6P6gRp5MO"],[5,620,100]],[16,"0",100,100,50,2,false,false,-12,[0,"a94VWQXRpOb73mr46dET7r"],0],[17,-13,[0,"30ngwODp5GmJfrb8W0DMpD"]]],[1,"18PJdLUBdKuL+jc7TKF66o",null,null,null,1,0],[1,0.000004583936112428953,-197.53999999999994,0],[1,0,0,0.0000013295544841540188]],[8,"Node",1,[-15,-16],[[4,-14,[0,"95J1/IoehO3pBXTmNErlEQ"]]],[1,"17w32HMCtIbYBwiPLZgPXf",null,null,null,1,0]],[9,"sb_lbjs_BIGWIN",3,[2],[[[11,-17,[0,"a8KnH6Ez5PIIGgYuGXC7uH"],[5,1336,752],[0,0.4967440119760479,0.49223404255319153]],-18],4,1],[1,"e6bBaGrNRDVptzFh38o+dI",null,null,null,1,0]],[10,"slots_common_game_bw_gold",3,[[[4,-19,[0,"01M2Y89EBAla/JnU0AacZO"]],-20],4,1],[1,"f6f36oQepKbLvr1jk9pL0J",null,null,null,1,0]],[18,"default","Appear",false,0,5,[0,"11PoZDyptMAo4wqKLXwQIp"]],[19,"default","animation",false,0,4,[0,"e4z2yFKhhKfp6Y3dXGhm9/"],[[20,"root/di",2]]]],0,[0,2,1,0,0,1,0,0,1,0,3,2,0,4,7,0,5,6,0,0,1,0,6,1,0,0,1,0,-1,3,0,0,2,0,0,2,0,0,2,0,0,3,0,-1,5,0,-2,4,0,0,4,0,-2,7,0,0,5,0,-2,6,0,7,1,2,8,4,20],[0,0,0,0,0,0,0,0,0,6,7],[9,-1,-2,-3,-4,-1,-2,-3,-4,1,1],[5,0,6,7,8,1,9,10,11,0,1]],[[[2,"bigwin","\r\nbigwin.png\r\nsize: 1997,992\r\nformat: RGBA8888\r\nfilter: Linear,Linear\r\nrepeat: none\r\n01\r\n  rotate: false\r\n  xy: 590, 68\r\n  size: 167, 135\r\n  orig: 172, 135\r\n  offset: 0, 0\r\n  index: -1\r\n02\r\n  rotate: false\r\n  xy: 2, 2\r\n  size: 205, 201\r\n  orig: 205, 201\r\n  offset: 0, 0\r\n  index: -1\r\n03\r\n  rotate: false\r\n  xy: 209, 2\r\n  size: 205, 201\r\n  orig: 205, 201\r\n  offset: 0, 0\r\n  index: -1\r\n04\r\n  rotate: false\r\n  xy: 416, 68\r\n  size: 172, 135\r\n  orig: 172, 135\r\n  offset: 0, 0\r\n  index: -1\r\nbigwin\r\n  rotate: false\r\n  xy: 1384, 476\r\n  size: 570, 514\r\n  orig: 615, 536\r\n  offset: 35, 0\r\n  index: -1\r\nbigwin1_1\r\n  rotate: false\r\n  xy: 806, 4\r\n  size: 517, 434\r\n  orig: 615, 536\r\n  offset: 49, 51\r\n  index: -1\r\ndi\r\n  rotate: false\r\n  xy: 2, 205\r\n  size: 780, 172\r\n  orig: 782, 174\r\n  offset: 1, 1\r\n  index: -1\r\ng\r\n  rotate: false\r\n  xy: 2, 379\r\n  size: 802, 611\r\n  orig: 1336, 752\r\n  offset: 283, 55\r\n  index: -1\r\ng1\r\n  rotate: false\r\n  xy: 1384, 14\r\n  size: 611, 460\r\n  orig: 683, 502\r\n  offset: 39, 19\r\n  index: -1\r\nguang\r\n  rotate: false\r\n  xy: 806, 440\r\n  size: 576, 550\r\n  orig: 640, 564\r\n  offset: 36, 14\r\n  index: -1\r\n",["bigwin.png"],{"skeleton":{"hash":"GrC2SucjUnL8XQ6Z9gJSazW90kc","spine":"3.8.99","x":-663.65,"y":-370.16,"width":1336,"height":752,"images":"./bigwin _saoguang/","audio":"F:/工作/埃及"},"bones":[{"name":"root"},{"name":"lb1","parent":"root","length":49.68,"rotation":159.9,"x":-285.23,"y":-125.44},{"name":"bone2","parent":"lb1","length":61.55,"rotation":0.66,"x":74.68,"y":-5.4},{"name":"lb2","parent":"root","length":65.22,"rotation":137.12,"x":-179.4,"y":-118.61},{"name":"bone3","parent":"lb2","length":58.79,"rotation":0.23,"x":92.56,"y":-1.01},{"name":"lb3","parent":"root","length":67.59,"rotation":45,"x":202.97,"y":-109.51},{"name":"bone4","parent":"lb3","length":66,"rotation":1.4,"x":88.52,"y":3.22},{"name":"lb4","parent":"root","length":58.34,"rotation":20.56,"x":303.11,"y":-132.27},{"name":"bone5","parent":"lb4","length":52.21,"rotation":-0.15,"x":87.11,"y":8.66},{"name":"bigwin","parent":"root","x":1.54,"y":65.74},{"name":"g","parent":"root","x":8.6,"y":13.28},{"name":"g1","parent":"root","x":-0.06,"y":130.11},{"name":"bigwin1","parent":"root","x":-4.92,"y":117.56},{"name":"di","parent":"root","y":-197.54},{"name":"number_guadian","parent":"di","y":17.54},{"name":"guang","parent":"root","x":38.78,"y":169.83}],"slots":[{"name":"g","bone":"g","attachment":"g"},{"name":"02","bone":"bone3","attachment":"02"},{"name":"01","bone":"bone2","attachment":"01"},{"name":"g1","bone":"g1","attachment":"g1"},{"name":"03","bone":"bone4","attachment":"03"},{"name":"04","bone":"bone5","attachment":"04"},{"name":"di","bone":"di","attachment":"di"},{"name":"bigwin","bone":"bigwin","attachment":"bigwin"},{"name":"bigwin1_1","bone":"bigwin1","attachment":"bigwin1_1"},{"name":"guang111","bone":"root","attachment":"guang111"},{"name":"guang","bone":"guang","color":"ffffffd2","blend":"additive"}],"skins":[{"name":"default","attachments":{"01":{"01":{"type":"mesh","hull":22,"width":172,"height":135,"uvs":[0.31238,0.00084,0.15322,0.12791,0.07258,0.33069,0.00255,0.51184,0,0.91739,0.06622,1,0.19991,1,0.29753,0.94443,0.35482,0.86873,0.53096,0.87143,0.63801,0.90103,0.7559,0.93362,0.84078,0.91469,0.95962,0.87143,0.97023,0.81195,0.94052,0.7741,0.86531,0.70098,0.76385,0.60232,0.66698,0.50813,0.53732,0.38206,0.5352,0.1198,0.46941,0,0.10748,0.60204,0.20072,0.66641,0.30481,0.72461,0.39584,0.75935,0.23955,0.21452,0.35342,0.28768,0.44621,0.3534,0.51978,0.42885,0.17862,0.3933,0.28138,0.46635,0.38227,0.52126,0.4681,0.56665],"triangles":[24,7,6,23,6,5,5,4,23,7,24,8,24,6,23,4,22,23,4,3,22,8,25,9,25,33,9,18,33,29,8,24,25,24,32,25,25,32,33,23,31,24,24,31,32,23,22,31,22,3,30,22,30,31,30,3,2,33,32,29,32,28,29,28,32,27,29,19,18,32,31,27,31,30,27,29,28,19,30,26,27,30,2,26,28,20,19,28,27,20,2,1,26,26,0,27,27,21,20,27,0,21,26,1,0,12,11,16,12,15,13,12,16,15,17,16,11,11,10,17,17,10,18,13,15,14,9,33,18,10,9,18],"vertices":[1,2,46.68,-70.95,1,1,2,66.78,-45.66,1,1,2,70.75,-15.23,1,1,2,73.97,11.84,1,1,2,56.16,63.61,1,2,1,115.58,65.41,0.00006,2,41.71,70.34,0.99994,2,1,93.99,57.51,0.01162,2,20.03,62.68,0.98838,2,1,80.8,44.7,0.05545,2,6.69,50.02,0.94455,2,1,75.06,31.72,0.18627,2,0.8,37.1,0.81373,2,1,46.48,21.65,0.90307,2,-27.89,27.37,0.09693,1,1,27.81,19.08,1,1,1,7.26,16.24,1,1,1,-5.57,8.82,1,1,1,-22.76,-3.68,1,1,1,-21.72,-11.85,1,1,1,-15.16,-14.89,1,1,1,0.38,-19.72,1,2,1,21.34,-26.23,0.98322,2,-53.57,-20.22,0.01678,2,1,41.36,-32.45,0.77176,2,-33.63,-26.67,0.22824,2,1,68.15,-40.77,0.1394,2,-6.93,-35.3,0.8606,2,1,80.66,-73.89,0.00007,2,5.19,-68.56,0.99993,1,2,21.25,-80.05,1,1,2,52.9,17.31,1,2,1,109.33,15.17,0.00168,2,34.88,20.17,0.99832,2,1,89.82,16.4,0.05146,2,15.39,21.62,0.94854,2,1,73.5,15.42,0.26108,2,-0.94,20.83,0.73892,1,2,48.89,-39.58,1,1,2,27.13,-36.78,1,2,1,84.2,-39.02,0.02498,2,9.13,-33.73,0.97502,2,1,68.81,-33.8,0.17854,2,-6.19,-28.34,0.82146,1,2,50.74,-13.33,1,1,2,30.79,-9.92,1,2,1,86.74,-13.96,0.00044,2,11.96,-8.7,0.99956,2,1,70.77,-13.28,0.12157,2,-4,-7.84,0.87843],"edges":[0,2,2,4,4,6,6,8,8,10,10,12,12,14,14,16,16,18,22,24,24,26,26,28,28,30,38,40,40,42,0,42,36,38,18,36,30,32,22,32,24,30,18,20,20,22,32,34,34,36,20,34,44,8,6,44,10,46,44,46,12,48,46,48,16,50,48,50,0,52,2,52,42,54,52,54,40,56,54,56,38,58,56,58,44,60,60,52,4,60,46,62,62,54,60,62,48,64,64,56,62,64,50,66,66,58,64,66]}},"02":{"02":{"type":"mesh","hull":10,"width":205,"height":201,"uvs":[1,0.84571,1,1,0.77635,1,0,1,0,0.5479,0,0.32636,0,0,0.37574,0,0.54845,0,1,0,0.19413,0.09392,0.09264,0.59148,0.22796,0.59512,0.28315,0.5588,0.47723,0.63507,0.62501,0.72949,0.63747,0.76763,0.71225,0.79124,0.70513,0.87477,0.89386,0.77489,0.71581,0.61327,0.59652,0.45892,0.5253,0.25917,0.57515,0.16837,0.79412,0.68436,0.56739,0.11945,0.11428,0.43374,0.19723,0.48749,0.27776,0.53391,0.32469,0.22354,0.38737,0.29844,0.43598,0.33944,0.45058,0.09777,0.51816,0.1684,0.54211,0.20899],"triangles":[10,6,7,32,7,8,25,8,9,32,8,25,23,25,9,33,32,25,33,25,23,34,33,23,29,10,7,29,7,32,29,32,33,33,34,30,30,29,33,22,34,23,30,34,31,5,6,10,5,10,29,34,22,31,26,5,29,27,26,29,13,31,22,30,27,29,28,27,30,28,30,31,4,5,26,31,13,28,11,4,26,11,26,27,12,27,28,12,28,13,11,27,12,3,4,11,21,23,9,22,23,21,13,22,21,20,21,9,14,13,21,14,21,20,24,20,9,15,14,20,17,15,20,17,16,15,19,24,9,0,19,9,20,24,17,17,24,19,18,16,17,18,17,19,3,11,12,2,18,19,2,19,0,3,16,18,14,15,16,12,13,14,14,3,12,16,3,14,2,3,18,2,0,1],"vertices":[1,3,-66.03,-19.64,1,1,3,-87.13,3.08,1,1,3,-53.54,34.28,1,2,3,63.09,142.57,0.71723,4,-28.89,143.7,0.28277,2,3,124.92,75.98,0.27627,4,32.67,76.86,0.72373,2,3,155.22,43.35,0.02961,4,62.84,44.11,0.97039,1,4,107.28,-4.14,1,2,3,143.42,-57.13,0.0621,4,50.62,-56.32,0.9379,2,3,117.47,-81.22,0.29018,4,24.58,-80.31,0.70982,2,3,49.64,-144.21,0.73967,4,-43.51,-143.02,0.26033,1,4,65.22,-17.22,1,2,3,105.05,69.48,0.36423,4,12.77,70.44,0.63577,2,3,84.22,51.14,0.48612,4,-8.13,52.19,0.51388,2,3,80.9,38.09,0.5015,4,-11.51,39.15,0.4985,2,3,41.31,22.25,0.97363,4,-51.16,23.47,0.02637,2,3,6.2,15.55,0.99997,4,-86.3,16.91,0.00003,2,3,-0.89,19.42,0.99972,4,-93.37,20.82,0.00028,1,3,-15.35,12.47,1,1,3,-25.71,25.77,1,1,3,-40.4,-15.27,1,2,3,8.45,-14.24,0.99889,4,-84.17,-12.88,0.00111,2,3,47.48,-20.33,0.94754,4,-45.16,-19.14,0.05246,2,3,85.5,-39.82,0.39414,4,-7.22,-38.78,0.60586,2,3,90.43,-60.15,0.39728,4,-2.37,-59.13,0.60272,1,3,-13.03,-14.69,1,2,3,98.29,-66.27,0.35043,4,5.46,-65.28,0.64957,2,3,123.37,43.23,0.11773,4,30.99,44.12,0.88227,2,3,103.56,39.57,0.22449,4,11.16,40.54,0.77551,2,3,85.11,35.18,0.42964,4,-7.31,36.22,0.57036,2,3,120.51,-17.08,0.00796,4,27.88,-16.19,0.99204,2,3,100.85,-14.8,0.03838,4,8.23,-13.82,0.96162,2,3,87.94,-15.54,0.22752,4,-4.68,-14.51,0.77248,2,3,118.8,-53.17,0.14483,4,26.02,-52.26,0.85517,2,3,98.99,-52.19,0.28345,4,6.22,-51.21,0.71655,2,3,89.84,-49.56,0.36931,4,-2.92,-48.53,0.63069],"edges":[12,14,10,12,6,8,8,10,8,22,22,24,24,26,26,28,28,30,30,32,32,34,34,36,2,4,4,6,36,4,2,0,0,18,0,38,40,42,42,44,44,46,14,16,16,18,26,44,28,42,30,40,38,48,48,40,34,48,36,38,16,50,50,46,8,52,10,52,22,54,52,54,24,56,54,56,56,26,58,52,20,58,60,54,58,60,62,56,60,62,16,64,64,58,14,64,50,66,66,60,64,66,46,68,68,62,66,68]}},"03":{"03":{"type":"mesh","hull":25,"width":205,"height":201,"uvs":[0.67835,0,0.83732,0.11682,0.89551,0.19376,0.95823,0.27667,1,0.37486,0.9992,0.4845,0.99853,0.57582,0.86419,0.59637,0.71865,0.53928,0.68868,0.55516,0.60407,0.6,0.49027,0.66031,0.32458,0.78591,0.27532,0.81788,0.29547,0.87725,0.22383,0.99828,0,1,0,0.8293,0.10516,0.75165,0.34921,0.53471,0.41853,0.37998,0.46788,0.26982,0.4231,0.17162,0.45221,0.02319,0.52609,0,0.59306,0.08162,0.66019,0.16344,0.54625,0.36573,0.75476,0.27871,0.63581,0.45936,0.81382,0.35069,0.87821,0.42917,0.95602,0.52401],"triangles":[25,24,0,26,25,0,26,0,1,25,22,23,25,23,24,21,22,25,21,25,26,28,26,1,28,1,2,30,28,2,30,2,3,27,21,26,27,26,28,31,30,3,20,21,27,4,31,3,29,27,28,29,28,30,5,31,4,32,31,5,30,9,29,31,9,30,31,8,9,6,32,5,7,8,31,7,31,32,7,32,6,10,27,29,10,29,9,20,27,10,10,19,20,11,19,10,12,18,19,12,19,11,13,18,12,15,18,13,15,13,14,17,18,15,16,17,15],"vertices":[1,6,68.65,41.72,1,1,6,74.12,1.93,1,1,6,71.15,-17.38,1,1,6,67.95,-38.18,1,1,6,59.56,-57.99,1,1,6,43.49,-73.07,1,2,5,120.7,-81.65,0.00058,6,30.1,-85.63,0.99942,2,5,98.3,-65.1,0.02736,6,8.12,-68.54,0.97264,2,5,85.32,-35.89,0.28118,6,-4.15,-39.02,0.71882,2,5,78.72,-33.8,0.46735,6,-10.7,-36.77,0.53265,2,5,60.08,-27.91,0.89362,6,-29.18,-30.43,0.10638,1,5,35.01,-19.99,1,1,5,-6.85,-13.82,1,1,5,-18.54,-11.22,1,1,5,-24.06,-22.58,1,1,5,-51.64,-29.4,1,1,5,-84.33,2.8,1,1,5,-60.07,27.06,1,1,5,-33.79,22.86,1,2,5,32.42,18.31,0.99962,6,-55.71,16.46,0.00038,2,5,64.46,30.26,0.66048,6,-23.39,27.62,0.33952,2,5,87.27,38.76,0.1025,6,-0.38,35.56,0.8975,2,5,94.73,59.21,0.00319,6,7.58,55.82,0.99681,1,6,33.3,72.07,1,1,6,47.12,64.32,1,1,6,44.71,43.07,1,1,6,42.29,21.76,1,2,5,85,13.77,0.16896,6,-3.26,10.63,0.83104,1,6,38.89,-8.26,1,2,5,84.67,-12.52,0.34552,6,-4.23,-15.64,0.65448,2,5,125.92,-22.88,0.00387,6,36.76,-27,0.99613,2,5,124.1,-43.37,0.0092,6,34.44,-47.44,0.9908,2,5,121.9,-68.13,0.00252,6,31.63,-72.14,0.99748],"edges":[0,2,6,8,12,14,14,16,22,24,24,26,26,28,28,30,30,32,32,34,34,36,36,38,42,44,44,46,46,48,0,48,50,48,0,50,50,44,52,50,42,52,52,2,56,52,54,56,2,4,4,6,56,4,60,56,58,60,60,6,16,18,62,60,18,62,62,8,12,64,64,62,14,64,8,10,10,12,64,10,38,22,36,26,34,30,38,40,40,42,18,20,20,22,40,20]}},"04":{"04":{"type":"mesh","hull":22,"width":172,"height":135,"uvs":[0.71993,0.00987,0.81793,0.13439,0.89031,0.22635,1,0.55195,1,0.69666,1,0.88413,1,0.99924,0.75866,1,0.62959,0.86768,0.53971,0.87334,0.42049,0.88084,0.31207,0.9203,0.2398,0.94662,0.01521,0.85453,0,0.77559,0.1265,0.68137,0.29142,0.55853,0.36129,0.44874,0.44631,0.31515,0.45191,0.16342,0.45663,0.03559,0.56763,0,0.60932,0.09634,0.66516,0.2254,0.52117,0.49604,0.74805,0.41696,0.58312,0.69995,0.83076,0.60811,0.89017,0.74541,0.95989,0.90655],"triangles":[7,29,6,7,28,29,7,8,28,29,5,6,29,28,5,28,4,5,8,27,28,8,26,27,28,27,4,26,25,27,26,24,25,27,3,4,27,25,3,25,2,3,17,18,24,24,23,25,24,18,23,25,1,2,25,23,1,23,19,22,23,18,19,23,0,1,23,22,0,22,20,21,22,19,20,22,21,0,11,12,15,12,13,15,10,11,16,11,15,16,16,17,10,10,17,9,9,17,26,9,26,8,26,17,24,13,14,15],"vertices":[1,8,41.34,63.66,1,1,8,51.28,42.03,1,1,8,58.62,26.05,1,2,7,148.02,-13.22,0.00004,8,60.97,-21.72,0.99996,2,7,141.16,-31.51,0.00827,8,54.16,-40.03,0.99173,2,7,132.28,-55.21,0.03145,8,45.33,-63.75,0.96855,2,7,126.82,-69.76,0.03744,8,39.91,-78.32,0.96256,2,7,87.92,-55.28,0.14676,8,0.97,-63.94,0.85324,2,7,73.4,-30.76,0.47331,8,-13.6,-39.45,0.52669,2,7,58.66,-26.05,0.84475,8,-28.36,-34.78,0.15525,2,7,39.11,-19.8,0.99923,8,-47.93,-28.58,0.00077,1,7,19.77,-18.24,1,1,7,6.89,-17.2,1,1,7,-24.92,8.01,1,1,7,-23.63,18.9,1,1,7,1.21,23.17,1,2,7,33.6,28.74,0.93355,8,-53.56,19.95,0.06645,2,7,50.05,38.4,0.65795,8,-37.13,29.65,0.34205,2,7,70.08,50.15,0.20014,8,-17.14,41.45,0.79986,2,7,78.17,68.99,0.0315,8,-9.09,60.31,0.9685,2,7,84.99,84.86,0.00489,8,-2.31,76.2,0.99511,2,7,104.56,82.66,0.00014,8,17.26,74.05,0.99986,2,7,106.7,67.97,0.00155,8,19.44,59.36,0.99845,2,7,109.58,48.28,0.00253,8,22.37,39.68,0.99747,2,7,73.56,22.76,0.32256,8,-13.58,14.07,0.67744,1,8,26.71,10.47,1,2,7,73.87,-6.75,0.55026,8,-13.2,-15.44,0.44974,2,7,118.11,-10.1,0.01219,8,31.05,-18.68,0.98781,2,7,121.17,-31.04,0.0313,8,34.16,-39.61,0.9687,2,7,124.76,-55.62,0.03707,8,37.81,-64.18,0.96293],"edges":[4,6,12,14,14,16,24,26,26,28,40,42,0,42,44,42,0,44,36,38,38,40,44,38,46,44,36,46,0,2,2,4,46,2,50,46,48,50,50,4,54,50,52,54,54,6,56,54,16,56,6,8,56,8,12,58,58,56,14,58,8,10,10,12,58,10,32,20,28,30,30,32,20,22,22,24,30,22,32,34,34,36,16,18,18,20,34,18]}},"bigwin":{"bigwin":{"x":3.31,"y":30.1,"width":615,"height":536}},"bigwin1_1":{"bigwin1_1":{"x":8.93,"y":-21.25,"width":615,"height":536}},"di":{"di":{"x":4.35,"y":-3.62,"width":782,"height":174}},"g":{"g":{"x":-4.25,"y":-7.44,"width":1336,"height":752}},"g1":{"g1":{"x":-1.09,"y":0.73,"width":683,"height":502}},"guang":{"guang":{"x":-21.53,"y":-86.75,"width":640,"height":564}},"guang111":{"guang111":{"type":"clipping","end":"guang","vertexCount":97,"color":"ce3a3aff","vertices":[-220.25,276.5,-224.12,270.43,-253.26,102.28,-253.21,90.03,-249.44,84.15,-212.03,51.55,-201.06,51.61,-210.02,46.81,-214.53,43.63,-216.4,39.5,-215.65,34.58,-213.41,26.3,-193.81,-26.96,-163.8,-110.55,-158.58,-114.17,-154.56,-116.58,-123.74,-116.55,-117.04,-115.21,-112.88,-111.6,-110.81,-105.66,-109.6,-99.23,-99.15,-64.52,-93.95,-74.83,-81.06,-110.35,-77.58,-114.1,-72.75,-117.58,-46.1,-118.13,-36.96,-118.68,-32.54,-115.84,-29.69,-109.47,5.52,6.82,5.4,-109.83,9.26,-114.8,16.81,-117.14,52.18,-116.33,58.71,-114.2,63.14,-107.65,67.35,-113.11,75.04,-116.54,112.82,-114.87,118.39,-110.03,123.39,-104.98,123.22,-64.64,155.85,-111.3,162.85,-113.59,174.49,-114.04,197.32,-112.4,203.62,-110.82,207.05,-102.74,216.5,36.61,216.6,41.42,212.02,47.2,208.15,49.35,172.22,48.73,175.62,51.12,203.79,60.7,221.83,70.39,259.14,107.99,262.59,118.19,250.8,196.06,246.3,203.41,240.26,209.73,228.38,213.57,215.79,214.76,220.4,221.68,237.24,241.12,237.57,246.64,234.63,256.51,205.66,282.34,175.7,298.65,145.01,306.94,122.68,306.85,100.25,302.21,83.53,293.5,67.78,281.21,58.38,268.16,52.06,257.37,45.46,241.61,39.51,225.4,37.98,296.03,36.32,303.74,30.17,310.36,19.8,313.94,-25.47,311.6,-33.75,309.52,-40.4,302.67,-42.98,295.22,-43.59,257.74,-50.34,273.26,-57.64,286.05,-71.6,297.25,-84.09,302.44,-96.95,304.11,-115.34,304.11,-130.9,302.15,-207.46,285.45,-214.03,281.4]}}}}],"animations":{"animation":{"slots":{"guang":{"color":[{"color":"ffffff00"},{"time":0.9333,"color":"ffffff00"},{"time":1,"color":"ffffffab"}],"attachment":[{"name":"guang"}]}},"bones":{"lb4":{"scale":[{"x":0.6,"y":0.6},{"time":0.2667,"x":1.3,"y":1.3},{"time":0.5333}]},"bone4":{"scale":[{},{"time":0.4,"x":1.3,"y":1.3},{"time":0.6}]},"lb3":{"rotate":[{},{"time":0.4,"angle":8.52},{"time":0.6,"angle":0.44}],"scale":[{"x":0.6,"y":0.6},{"time":0.4,"x":1.2,"y":1.2},{"time":0.6}]},"lb2":{"rotate":[{},{"time":0.2667,"angle":-17.73},{"time":0.3333,"angle":-19.31},{"time":0.6667,"angle":-0.72},{"time":2}],"scale":[{"x":0.4,"y":0.4},{"time":0.3333,"x":1.3,"y":1.3},{"time":0.6667}]},"bone2":{"scale":[{"x":0.6,"y":0.6},{"time":0.2667,"x":1.2,"y":1.2},{"time":0.5333}]},"lb1":{"rotate":[{},{"time":0.2667,"angle":-9.35},{"time":0.5333,"angle":0.28},{"time":2}],"scale":[{"x":0.6,"y":0.6},{"time":0.2667,"x":1.3,"y":1.3},{"time":0.5333}]},"g":{"rotate":[{},{"time":2,"angle":180}],"scale":[{"x":1.4,"y":1.4}]},"bigwin":{"translate":[{"x":-2.49,"y":15.03},{"time":2}],"scale":[{"x":0.9,"y":0.9},{"time":2}]},"bigwin1":{"translate":[{"y":10.14},{"time":2,"y":10.14}],"scale":[{},{"time":0.3333,"x":0.7,"y":0.7},{"time":0.5,"x":1.3,"y":1.3},{"time":0.6667,"x":0.8,"y":0.8},{"time":0.8333,"x":1.3,"y":1.3},{"time":1}]},"bone3":{"scale":[{},{"time":0.3333,"x":1.3,"y":1.3},{"time":0.6667}]},"guang":{"translate":[{},{"time":1,"x":-567.36},{"time":1.8333,"x":516.77}]}}}}},[0]]],0,0,[0],[-1],[12]]]]
