[1,["5aRw364UVKSpOyvMCzF6gl@6c48a"],["_textureSource"],["cc.SpriteFrame"],0,[{"name":"God_tk2_5","rect":{"x":0,"y":0,"width":4,"height":138},"offset":{"x":0,"y":0},"originalSize":{"width":4,"height":138},"rotated":false,"capInsets":[0,0,0,0],"vertices":{"rawPosition":[-2,-69,0,2,-69,0,-2,69,0,2,69,0],"indexes":[0,1,2,2,1,3],"uv":[0,138,4,138,0,0,4,0],"nuv":[0,0,1,0,0,1,1,1],"minPos":{"x":-2,"y":-69,"z":0},"maxPos":{"x":2,"y":69,"z":0}},"packable":true,"pixelsToUnit":100,"pivot":{"x":0.5,"y":0.5},"meshType":0}],[0],0,[0],[0],[0]]
