[1,["d6155d74-185a-4ec6-994e-80c3e089a99b@6c48a"],["_textureSource"],["cc.SpriteFrame"],0,[{"name":"sb_lbjs_SUPERWIN","rect":{"x":0,"y":14,"width":2028,"height":977},"offset":{"x":-10,"y":9.5},"originalSize":{"width":2048,"height":1024},"rotated":false,"capInsets":[0,0,0,0],"vertices":{"rawPosition":[-1014,-488.5,0,1014,-488.5,0,-1014,488.5,0,1014,488.5,0],"indexes":[0,1,2,2,1,3],"uv":[0,1010,2028,1010,0,33,2028,33],"nuv":[0,0.0322265625,0.990234375,0.0322265625,0,0.986328125,0.990234375,0.986328125],"minPos":{"x":-1014,"y":-488.5,"z":0},"maxPos":{"x":1014,"y":488.5,"z":0}},"packable":true,"pixelsToUnit":100,"pivot":{"x":0.5,"y":0.5},"meshType":0}],[0],0,[0],[0],[0]]
