[1,["c5e201cf-1f78-481a-be23-6ddcd95067eb@6c48a"],["_textureSource"],["cc.SpriteFrame"],0,[{"name":"yaoqianshu","rect":{"x":0,"y":0,"width":127,"height":113},"offset":{"x":0,"y":0},"originalSize":{"width":127,"height":113},"rotated":false,"capInsets":[0,0,0,0],"vertices":{"rawPosition":[-63.5,-56.5,0,63.5,-56.5,0,-63.5,56.5,0,63.5,56.5,0],"indexes":[0,1,2,2,1,3],"uv":[0,113,127,113,0,0,127,0],"nuv":[0,0,1,0,0,1,1,1],"minPos":{"x":-63.5,"y":-56.5,"z":0},"maxPos":{"x":63.5,"y":56.5,"z":0}},"packable":true,"pixelsToUnit":100,"pivot":{"x":0.5,"y":0.5},"meshType":0}],[0],0,[0],[0],[0]]
