[1,["22xCJ31fxK7oekFnemb23O@6c48a"],["_textureSource"],["cc.SpriteFrame"],0,[{"name":"hbkai","rect":{"x":2,"y":2,"width":548,"height":451},"offset":{"x":-236,"y":28.5},"originalSize":{"width":1024,"height":512},"rotated":false,"capInsets":[0,0,0,0],"vertices":{"rawPosition":[-274,-225.5,0,274,-225.5,0,-274,225.5,0,274,225.5,0],"indexes":[0,1,2,2,1,3],"uv":[2,510,550,510,2,59,550,59],"nuv":[0.001953125,0.115234375,0.537109375,0.115234375,0.001953125,0.99609375,0.537109375,0.99609375],"minPos":{"x":-274,"y":-225.5,"z":0},"maxPos":{"x":274,"y":225.5,"z":0}},"packable":true,"pixelsToUnit":100,"pivot":{"x":0.5,"y":0.5},"meshType":0}],[0],0,[0],[0],[0]]
