{"importBase":"import","nativeBase":"native","name":"godWealthV2","deps":["internal","main"],"uuids":["71/P8jeANPC67smaq11f0P","b0a8xrZyZENrNsyp0Cz4w2","00NqCoPplNf7X3WFoG2R+8","01GQp2f1pIO47sAuAVYEKC","01LcbQE1lNdai+TGMLh5GL","01LcbQE1lNdai+TGMLh5GL@6c48a","01LcbQE1lNdai+TGMLh5GL@f9941","01RrgWoitDI5wJbsLIf73M","01yPSmvxdDlbJ5fDpWkzg1","01yPSmvxdDlbJ5fDpWkzg1@6c48a","01yPSmvxdDlbJ5fDpWkzg1@f9941","03vb6Z1AZJzL1L8HAzEvjQ","03vb6Z1AZJzL1L8HAzEvjQ@6c48a","03vb6Z1AZJzL1L8HAzEvjQ@f9941","056D7VK05FGLmu9gLhGgW9","056D7VK05FGLmu9gLhGgW9@6c48a","056D7VK05FGLmu9gLhGgW9@f9941","06DifrvSxHX5uYcvgiP3tT","06DifrvSxHX5uYcvgiP3tT@6c48a","06DifrvSxHX5uYcvgiP3tT@f9941","06zYy8DgVLFabn4C+m1/nF","06zYy8DgVLFabn4C+m1/nF@6c48a","06zYy8DgVLFabn4C+m1/nF@f9941","07jynySmxDmazC04Rydst4","07jynySmxDmazC04Rydst4@6c48a","07jynySmxDmazC04Rydst4@f9941","07kOaPcZRBDKeEkrCeLGUk","07kOaPcZRBDKeEkrCeLGUk@6c48a","07kOaPcZRBDKeEkrCeLGUk@f9941","08QsUNXCtFabrQq8GVJwma","08QsUNXCtFabrQq8GVJwma@6c48a","08QsUNXCtFabrQq8GVJwma@f9941","08ginnpmFE+7982vjbp7Yw","08ginnpmFE+7982vjbp7Yw@6c48a","08ginnpmFE+7982vjbp7Yw@f9941","08pmpgKAlNloYdGpVTfa5P","08usV52ORDyrwM5ImUQU+c","08wGv6fpxHeoimFS5O2N1F@f9941","09Z1JCZQZN5r6a6YptL0ty","09p0G+xBlOkY1QJDDPRkIG","09p0G+xBlOkY1QJDDPRkIG@6c48a","09p0G+xBlOkY1QJDDPRkIG@f9941","0aa/xu+I9F5I1o7Ae1fZT4","0aa/xu+I9F5I1o7Ae1fZT4@6c48a","0aa/xu+I9F5I1o7Ae1fZT4@f9941","0crgaPN69C5Jph0QYmTE02","0c55UffE5LDpw3wigq7NaW","0c55UffE5LDpw3wigq7NaW@6c48a","0c55UffE5LDpw3wigq7NaW@f9941","0eCTUhCiBCCaRc8s+yYJMr","0eCTUhCiBCCaRc8s+yYJMr@6c48a","0eCTUhCiBCCaRc8s+yYJMr@f9941","0fV6zSprxOmaY5nAVR94GR","0fV6zSprxOmaY5nAVR94GR@6c48a","0fV6zSprxOmaY5nAVR94GR@f9941","0fb56a076","0f69MjL+1NNZ3UeTUoz/9r","0f69MjL+1NNZ3UeTUoz/9r@6c48a","0f69MjL+1NNZ3UeTUoz/9r@f9941","12bjklXlRKnZiQyZT47GOj","12vkZ7fyhAlZU6HZdS7NlQ","13DsiJHlFEpoplAFyQ2YKf","13DsiJHlFEpoplAFyQ2YKf@6c48a","13DsiJHlFEpoplAFyQ2YKf@f9941","13jTmxSEVMmJJ0jRrfOBJ3","13jTmxSEVMmJJ0jRrfOBJ3@6c48a","13jTmxSEVMmJJ0jRrfOBJ3@f9941","13wVzyvqpFZImQnbbETe4U","13wVzyvqpFZImQnbbETe4U@6c48a","13wVzyvqpFZImQnbbETe4U@f9941","16YVF+FrZF0YQftxDSzxgt","16YVF+FrZF0YQftxDSzxgt@6c48a","16YVF+FrZF0YQftxDSzxgt@f9941","16bgnYasxFeqWAwUfePdXg","16yX/nGEFPFIvlWdpnh9Nu","16yX/nGEFPFIvlWdpnh9Nu@6c48a","16yX/nGEFPFIvlWdpnh9Nu@f9941","17oK+pP8NOa7VkzRNRBpT9","17oK+pP8NOa7VkzRNRBpT9@6c48a","17oK+pP8NOa7VkzRNRBpT9@f9941","17ppU56zREBZnukVMgl8wl","18Z/OE63VNKoTmnr0MsxmI","1amOSJsSNHO4vLJ69RvrTR","1dSKBmcD9DSqwHhRNOzKd+","1dSKBmcD9DSqwHhRNOzKd+@6c48a","1dSKBmcD9DSqwHhRNOzKd+@f9941","1eLvCeuCBDCIe8r797+zXH","1eLvCeuCBDCIe8r797+zXH@6c48a","1eLvCeuCBDCIe8r797+zXH@f9941","1emVADr9BK66kXOcqunvXx","1emVADr9BK66kXOcqunvXx@6c48a","1emVADr9BK66kXOcqunvXx@f9941","20t3iJ02FGRbZ3UiHxqQH2","215uZV4l1Mno+fTUNvVMS8","215uZV4l1Mno+fTUNvVMS8@6c48a","215uZV4l1Mno+fTUNvVMS8@f9941","23RxBlzUhNyK4Rmu5jfHjC","23RxBlzUhNyK4Rmu5jfHjC@6c48a","23RxBlzUhNyK4Rmu5jfHjC@f9941","23WBEvsgdEbLTH3i60oar/","25p3Dqq85HpZFAkn8bXmfA","25p3Dqq85HpZFAkn8bXmfA@6c48a","25p3Dqq85HpZFAkn8bXmfA@f9941","28oYjmkK1Pkb8KhksaRVgg","2aZmxWe0dA14v8pyZt0L50","2aaaeH7+5ASqzdFcQ1oXIl","2aiVSg+u1HKJRuAw7LXOsf","2aiVSg+u1HKJRuAw7LXOsf@6c48a","2aiVSg+u1HKJRuAw7LXOsf@f9941","2a9Ye+NKtM2a344NkqSquV","2bllwGlMJOeLnKGKvF0lCZ","2bllwGlMJOeLnKGKvF0lCZ@6c48a","2bo8UXZ1lOxZvlEFHEK45g","2bo8UXZ1lOxZvlEFHEK45g@6c48a","2bo8UXZ1lOxZvlEFHEK45g@f9941","2cVf6tD3lENJu0dT3z2ngy","2cVf6tD3lENJu0dT3z2ngy@6c48a","2cVf6tD3lENJu0dT3z2ngy@f9941","2dngwFqSlJCpoI71BsWkTN","2dngwFqSlJCpoI71BsWkTN@6c48a","2dngwFqSlJCpoI71BsWkTN@f9941","2dt/W4Gu5Oaq9UVSEVCPYM","2dt/W4Gu5Oaq9UVSEVCPYM@6c48a","2dt/W4Gu5Oaq9UVSEVCPYM@f9941","2eTc4Yzo9BPpx856K1CtgS","2eUuKU6ZRO5K/ygX1k0JPC@f9941","2f1jjWp21IbLHaLEnV6KEL","2f1jjWp21IbLHaLEnV6KEL@6c48a","2f1jjWp21IbLHaLEnV6KEL@f9941","30ZvUMT71KjJPafvRxvmEt","30ZvUMT71KjJPafvRxvmEt@6c48a","30ZvUMT71KjJPafvRxvmEt@f9941","31RMSZ7XVEcKKobgb/7dhm","32QmRzuvtBoLh1+lUe5/uS","32QmRzuvtBoLh1+lUe5/uS@6c48a","32QmRzuvtBoLh1+lUe5/uS@f9941","33HLtH3C1Abpo73q8zLQqA","34EE0SXt9PerxWZz8onQid","34EE0SXt9PerxWZz8onQid@6c48a","34EE0SXt9PerxWZz8onQid@f9941","34bhxKj5NHObBFErXwuu53","343enGEbVLGJsI+P6YvYbH","343enGEbVLGJsI+P6YvYbH@6c48a","343enGEbVLGJsI+P6YvYbH@f9941","350rS4fi1PKKbB2XIR2Zn/@f9941","36EaTccOpFv5KCZmfb+AJO","36LERz9YBERJI6pAYcovRs","37B2KlJDVH0aKENk4xDtnP","37OQZ0vxROjKoyPwwbuf7P","37OQZ0vxROjKoyPwwbuf7P@6c48a","37OQZ0vxROjKoyPwwbuf7P@f9941","38zJjwgJpBzZ1e0Nk5fkGx","39ZidEMKdCpbfbkDArWPEm","39ZidEMKdCpbfbkDArWPEm@6c48a","39ZidEMKdCpbfbkDArWPEm@f9941","39thVpZ+9PqKD2yE5joLPE","39thVpZ+9PqKD2yE5joLPE@6c48a","39thVpZ+9PqKD2yE5joLPE@f9941","392kfiD+BA16xdYOvPNU7P","392kfiD+BA16xdYOvPNU7P@6c48a","392kfiD+BA16xdYOvPNU7P@f9941","3956tSss5JzavLGp6qRj9o","3956tSss5JzavLGp6qRj9o@6c48a","3956tSss5JzavLGp6qRj9o@f9941","3aCaz0mH5C9I2XUchcXls0","3aCaz0mH5C9I2XUchcXls0@6c48a","3bqKGXI8JAw7fCZK0RmQNm","3b9L17qoFLkpVacDha78Ge","3b9L17qoFLkpVacDha78Ge@6c48a","3b9L17qoFLkpVacDha78Ge@f9941","3cLmlhME5D34XbZzLLwsFh","3cvkKAN4pCEY9pSk+eS5iP","3cvkKAN4pCEY9pSk+eS5iP@6c48a","3cvkKAN4pCEY9pSk+eS5iP@f9941","3dBGksjv1OJaG89p2sJ1vf","3dBGksjv1OJaG89p2sJ1vf@6c48a","3dBGksjv1OJaG89p2sJ1vf@f9941","3eo3A3izpGtpZDYbXr5KAX","40SxUtiUtJFKQnIMU6O1HM","40t3hdIdpMEo+XAU1brw8k","40t3hdIdpMEo+XAU1brw8k@6c48a","40t3hdIdpMEo+XAU1brw8k@f9941","42QA4KN1tHcYKRGgrC0Gur","42QA4KN1tHcYKRGgrC0Gur@6c48a","42QA4KN1tHcYKRGgrC0Gur@f9941","42QWj+pUNC7aY0H/B3FkQP","42QWj+pUNC7aY0H/B3FkQP@6c48a","42QWj+pUNC7aY0H/B3FkQP@f9941","43B0aqMAhOw6/EA4KzV51g","43l0NVM+1BsbK25rRiBqFt","43t+tkvh9BNp/5sniwb7gq","43t+tkvh9BNp/5sniwb7gq@6c48a","43t+tkvh9BNp/5sniwb7gq@f9941","44BNSyWCpP9IJFBt8ZyVzI","45rlIwNcJL7LyrL5tVq/Pn","45solCh0dHqaDFlYv9+zhG","46Clc3JspOPbBiLn2otna1","47mg69AwRKlI0FPuwSRJXx","47mg69AwRKlI0FPuwSRJXx@6c48a","47mg69AwRKlI0FPuwSRJXx@f9941","48D6hDN+VEjq7oQNAxFhmw","48D6hDN+VEjq7oQNAxFhmw@6c48a","48ELbT0KxOxKW0l90GBI6k","48ELbT0KxOxKW0l90GBI6k@6c48a","48ELbT0KxOxKW0l90GBI6k@f9941","49wUJybS9Ec4dPA0Db84NT","49wUJybS9Ec4dPA0Db84NT@6c48a","49wUJybS9Ec4dPA0Db84NT@f9941","4amZYpcuBPbqzVihTqM+Fi@f9941","4azVAZ+KJLpb9rxIouOQTl","4azVAZ+KJLpb9rxIouOQTl@0144a","4azVAZ+KJLpb9rxIouOQTl@0a0bb","4azVAZ+KJLpb9rxIouOQTl@0cd60","4azVAZ+KJLpb9rxIouOQTl@1014b","4azVAZ+KJLpb9rxIouOQTl@10a27","4azVAZ+KJLpb9rxIouOQTl@1802b","4azVAZ+KJLpb9rxIouOQTl@18655","4azVAZ+KJLpb9rxIouOQTl@199b9","4azVAZ+KJLpb9rxIouOQTl@1a6e4","4azVAZ+KJLpb9rxIouOQTl@1bb06","4azVAZ+KJLpb9rxIouOQTl@1d16b","4azVAZ+KJLpb9rxIouOQTl@25bd9","4azVAZ+KJLpb9rxIouOQTl@28157","4azVAZ+KJLpb9rxIouOQTl@28423","4azVAZ+KJLpb9rxIouOQTl@28754","4azVAZ+KJLpb9rxIouOQTl@2958a","4azVAZ+KJLpb9rxIouOQTl@2c6ce","4azVAZ+KJLpb9rxIouOQTl@2fdd3","4azVAZ+KJLpb9rxIouOQTl@33504","4azVAZ+KJLpb9rxIouOQTl@33a09","4azVAZ+KJLpb9rxIouOQTl@3673d","4azVAZ+KJLpb9rxIouOQTl@36b6c","4azVAZ+KJLpb9rxIouOQTl@390a5","4azVAZ+KJLpb9rxIouOQTl@3a129","4azVAZ+KJLpb9rxIouOQTl@3ca60","4azVAZ+KJLpb9rxIouOQTl@3e9a4","4azVAZ+KJLpb9rxIouOQTl@3ef2d","4azVAZ+KJLpb9rxIouOQTl@3ffd6","4azVAZ+KJLpb9rxIouOQTl@455a3","4azVAZ+KJLpb9rxIouOQTl@4a795","4azVAZ+KJLpb9rxIouOQTl@4b37d","4azVAZ+KJLpb9rxIouOQTl@4cb13","4azVAZ+KJLpb9rxIouOQTl@4cfd2","4azVAZ+KJLpb9rxIouOQTl@4d441","4azVAZ+KJLpb9rxIouOQTl@4e50f","4azVAZ+KJLpb9rxIouOQTl@4ec0d","4azVAZ+KJLpb9rxIouOQTl@4ef57","4azVAZ+KJLpb9rxIouOQTl@4fe02","4azVAZ+KJLpb9rxIouOQTl@50cea","4azVAZ+KJLpb9rxIouOQTl@52fe6","4azVAZ+KJLpb9rxIouOQTl@55a5f","4azVAZ+KJLpb9rxIouOQTl@55d9e","4azVAZ+KJLpb9rxIouOQTl@55ec3","4azVAZ+KJLpb9rxIouOQTl@562dd","4azVAZ+KJLpb9rxIouOQTl@56ecc","4azVAZ+KJLpb9rxIouOQTl@5a661","4azVAZ+KJLpb9rxIouOQTl@5b16e","4azVAZ+KJLpb9rxIouOQTl@5bf70","4azVAZ+KJLpb9rxIouOQTl@5eb60","4azVAZ+KJLpb9rxIouOQTl@5f396","4azVAZ+KJLpb9rxIouOQTl@5f7a6","4azVAZ+KJLpb9rxIouOQTl@64bca","4azVAZ+KJLpb9rxIouOQTl@6a604","4azVAZ+KJLpb9rxIouOQTl@6d5fd","4azVAZ+KJLpb9rxIouOQTl@6f46b","4azVAZ+KJLpb9rxIouOQTl@7341d","4azVAZ+KJLpb9rxIouOQTl@74029","4azVAZ+KJLpb9rxIouOQTl@76fee","4azVAZ+KJLpb9rxIouOQTl@7bef4","4azVAZ+KJLpb9rxIouOQTl@7e062","4azVAZ+KJLpb9rxIouOQTl@86adb","4azVAZ+KJLpb9rxIouOQTl@8ee9d","4azVAZ+KJLpb9rxIouOQTl@917b9","4azVAZ+KJLpb9rxIouOQTl@92141","4azVAZ+KJLpb9rxIouOQTl@93832","4azVAZ+KJLpb9rxIouOQTl@944fc","4azVAZ+KJLpb9rxIouOQTl@94575","4azVAZ+KJLpb9rxIouOQTl@997de","4azVAZ+KJLpb9rxIouOQTl@99a73","4azVAZ+KJLpb9rxIouOQTl@9b262","4azVAZ+KJLpb9rxIouOQTl@9b33f","4azVAZ+KJLpb9rxIouOQTl@a08ce","4azVAZ+KJLpb9rxIouOQTl@a1752","4azVAZ+KJLpb9rxIouOQTl@ae551","4azVAZ+KJLpb9rxIouOQTl@af26d","4azVAZ+KJLpb9rxIouOQTl@afa9a","4azVAZ+KJLpb9rxIouOQTl@b1c0f","4azVAZ+KJLpb9rxIouOQTl@baef9","4azVAZ+KJLpb9rxIouOQTl@bdfa7","4azVAZ+KJLpb9rxIouOQTl@bfb99","4azVAZ+KJLpb9rxIouOQTl@c0a1f","4azVAZ+KJLpb9rxIouOQTl@c443e","4azVAZ+KJLpb9rxIouOQTl@c548b","4azVAZ+KJLpb9rxIouOQTl@c809a","4azVAZ+KJLpb9rxIouOQTl@c904d","4azVAZ+KJLpb9rxIouOQTl@cbb2f","4azVAZ+KJLpb9rxIouOQTl@cbca4","4azVAZ+KJLpb9rxIouOQTl@d6d8c","4azVAZ+KJLpb9rxIouOQTl@da08a","4azVAZ+KJLpb9rxIouOQTl@de78e","4azVAZ+KJLpb9rxIouOQTl@df163","4azVAZ+KJLpb9rxIouOQTl@e3de4","4azVAZ+KJLpb9rxIouOQTl@e4f68","4azVAZ+KJLpb9rxIouOQTl@eb2db","4azVAZ+KJLpb9rxIouOQTl@f46ac","4azVAZ+KJLpb9rxIouOQTl@f74ae","4azVAZ+KJLpb9rxIouOQTl@fed0d","4bZGnMdBxFUY+kgetqXmvA","4bZGnMdBxFUY+kgetqXmvA@6c48a","4bZGnMdBxFUY+kgetqXmvA@f9941","4buwlv+vNMxL2nBdedasZS","4buwlv+vNMxL2nBdedasZS@6c48a","4buwlv+vNMxL2nBdedasZS@f9941","4cV4kgbExL+oRrbuJLE6xs","4c9Y4IdgJGT5Xcd6KYdQib@f9941","4fm4hbhvhOR6osCEJYTu8k","4fm4hbhvhOR6osCEJYTu8k@6c48a","4f5E5NjbtBZbrFzn1OOy5T","4f5E5NjbtBZbrFzn1OOy5T@6c48a","4f5E5NjbtBZbrFzn1OOy5T@f9941","50FP/CtVRN1ZNtKe0G1eey","50FP/CtVRN1ZNtKe0G1eey@6c48a","50FP/CtVRN1ZNtKe0G1eey@f9941","53BxxlKs9FXYR7BLDfdYK8","53BxxlKs9FXYR7BLDfdYK8@6c48a","53BxxlKs9FXYR7BLDfdYK8@f9941","53FPwysFNDj6q7pqGKHxFR","53FPwysFNDj6q7pqGKHxFR@6c48a","54zR84L9BDxYt3VRHouqiL","55pOVR6nhPVqPfuZA54ZLx","56E8xhZzdAmLEiMYOZTMCx","57gjmlI91CpIOgKguWnQqj","57gjmlI91CpIOgKguWnQqj@6c48a","57gjmlI91CpIOgKguWnQqj@f9941","592sldk5BCzoOd31GKYqyR","5aJtLAbRpI3qa/hvNGM1AX","5aJtLAbRpI3qa/hvNGM1AX@6c48a","5aJtLAbRpI3qa/hvNGM1AX@f9941","5aRw364UVKSpOyvMCzF6gl","5aRw364UVKSpOyvMCzF6gl@6c48a","5aRw364UVKSpOyvMCzF6gl@f9941","5bEj6JYCNDWYV8JPM2C+vd","5bEj6JYCNDWYV8JPM2C+vd@6c48a","5bEj6JYCNDWYV8JPM2C+vd@f9941","5bRGBOdMdLRb+vIBLxPTNE","5bRGBOdMdLRb+vIBLxPTNE@6c48a","5bRGBOdMdLRb+vIBLxPTNE@f9941","5bTO63CcZIBYM2xXwo4SzQ","5bTO63CcZIBYM2xXwo4SzQ@6c48a","5bTO63CcZIBYM2xXwo4SzQ@f9941","5bi3uJyiFDG5awYfQgC3lJ","5bi3uJyiFDG5awYfQgC3lJ@6c48a","5b7ZC5/E5IlbNfLO0UAAu3","5b7ZC5/E5IlbNfLO0UAAu3@6c48a","5b7ZC5/E5IlbNfLO0UAAu3@f9941","5b/ubFXixB/rN+VlJX6K5c","5cR9dKf1tGKLmw7FaUlUiM","5cR9dKf1tGKLmw7FaUlUiM@6c48a","5cR9dKf1tGKLmw7FaUlUiM@f9941","5evNJviTdOFo8fmA3sHHwO","5evNJviTdOFo8fmA3sHHwO@6c48a","5evNJviTdOFo8fmA3sHHwO@f9941","64LjP+3jpLxZ0m2HQG7RyM","64jkeRtppGyLKG9qfhvG3S","64jkeRtppGyLKG9qfhvG3S@6c48a","64jkeRtppGyLKG9qfhvG3S@f9941","64msp6uMtJebnuDY2oQRm9","65fDa64SpFt5XCJWi3SYq4","65fDa64SpFt5XCJWi3SYq4@6c48a","65fDa64SpFt5XCJWi3SYq4@f9941","658bk+GEBEvJbuT90URMzy","66Tcq4z51EeadHjZYt32Wn","66Tcq4z51EeadHjZYt32Wn@6c48a","66Tcq4z51EeadHjZYt32Wn@f9941","66XA3pkrBOrZ4GWcmgnYiQ@f9941","66qS8meZBIJ6u7f3JpwJqB","67tV7CLjdJDrYnvcOrzIW3","67tV7CLjdJDrYnvcOrzIW3@6c48a","67tV7CLjdJDrYnvcOrzIW3@f9941","68wqNjcz5KXpwUmjJ3530b","68wqNjcz5KXpwUmjJ3530b@6c48a","68wqNjcz5KXpwUmjJ3530b@f9941","69Jvg+RZ9NxL1vxgEfjDcK","694wWTDU5BuIXhawYkZ9lM","694wWTDU5BuIXhawYkZ9lM@6c48a","696SGJ0U5Gp56ICuvYDYE9","696SGJ0U5Gp56ICuvYDYE9@6c48a","696SGJ0U5Gp56ICuvYDYE9@f9941","6bdhDss51M95eFxX1UOyGF","6bdhDss51M95eFxX1UOyGF@6c48a","6bdhDss51M95eFxX1UOyGF@f9941","6cAdO4o3xIXJsdSnzAeTKG","6cAdO4o3xIXJsdSnzAeTKG@6c48a","6cAdO4o3xIXJsdSnzAeTKG@f9941","6cub1NAglJgbb31WHQLVLB","6dKEBsWi9G67f9O/axhDic","6dKEBsWi9G67f9O/axhDic@6c48a","6dKEBsWi9G67f9O/axhDic@f9941","6fDAUNqdFDo6ERwpmu4DFE","6fDAUNqdFDo6ERwpmu4DFE@6c48a","6fDAUNqdFDo6ERwpmu4DFE@f9941","6fGcMvr8dFqJT10xijaA8O","6fGcMvr8dFqJT10xijaA8O@6c48a","6fGcMvr8dFqJT10xijaA8O@f9941","6ftVR7STJCQZGXO4/0+z0c","70wyC/RqNEo5nAFMhYw1Qa","72uykR6KZL5bTf2PpDnIZO","72uykR6KZL5bTf2PpDnIZO@6c48a","72uykR6KZL5bTf2PpDnIZO@f9941","75NqRhi5xHUqyVb5d7JnrX","765FQ2tuhKJ617Zq9s7jbe","765FQ2tuhKJ617Zq9s7jbe@6c48a","766qpdf1pD5rub7kEOzxVl","78WRrI4adKNqgIXgKI/WhJ","78WRrI4adKNqgIXgKI/WhJ@6c48a","78WRrI4adKNqgIXgKI/WhJ@f9941","78pKqVTdZM+5d/q5LrMtzb","78pKqVTdZM+5d/q5LrMtzb@6c48a","78pKqVTdZM+5d/q5LrMtzb@f9941","7aImWM+WpDs4FpqrtnnbyW","7aJdDbFjFOpoy7SUqCGz2Q","7aJdDbFjFOpoy7SUqCGz2Q@6c48a","7aJdDbFjFOpoy7SUqCGz2Q@f9941","7dTgZVR05JtZ5t5eVmGRV2","7dTgZVR05JtZ5t5eVmGRV2@6c48a","7dTgZVR05JtZ5t5eVmGRV2@f9941","7de1IVIk5OspR+lJPwNK+G","7de1IVIk5OspR+lJPwNK+G@6c48a","7de1IVIk5OspR+lJPwNK+G@f9941","7dlZST2cJC54AQzsjYheGU","7dlZST2cJC54AQzsjYheGU@6c48a","7dlZST2cJC54AQzsjYheGU@f9941","7d1LPfP4ZBKJ0J6pH8D1AH","80I9VHAF9HbpEhlWG/VTnf","80f91sKOpK3In8W9/oGTcR","80f91sKOpK3In8W9/oGTcR@6c48a","80f91sKOpK3In8W9/oGTcR@f9941","8459MdaatLGImCTW5jhhIl","8459MdaatLGImCTW5jhhIl@6c48a","8459MdaatLGImCTW5jhhIl@f9941","85pcryBGFImq4PSUln7V4J","88e82mtn9PfrMiTVzLSYx8","88e82mtn9PfrMiTVzLSYx8@6c48a","88e82mtn9PfrMiTVzLSYx8@f9941","8aQrmyFWJH94kb36b+3GvD","8aVtkRCA1OzI2sMnYo5Q0C","8aVtkRCA1OzI2sMnYo5Q0C@6c48a","8aVtkRCA1OzI2sMnYo5Q0C@f9941","8bj46TU+9II59rBwLGyX/S","8bj46TU+9II59rBwLGyX/S@6c48a","8bj46TU+9II59rBwLGyX/S@f9941","8bzVPi2plBrZNTyEfzMKkC","8bzVPi2plBrZNTyEfzMKkC@6c48a","8bzVPi2plBrZNTyEfzMKkC@f9941","8dEKzRNHJKf4FzzhNOzaWA","8dEKzRNHJKf4FzzhNOzaWA@6c48a","8dEKzRNHJKf4FzzhNOzaWA@f9941","8eWOy2TadAjaQRJ5kj/vJS","8eWOy2TadAjaQRJ5kj/vJS@6c48a","8eWOy2TadAjaQRJ5kj/vJS@f9941","8eZWH7s0ROk4iFUzY/Cb7r","8eZWH7s0ROk4iFUzY/Cb7r@6c48a","8eZWH7s0ROk4iFUzY/Cb7r@f9941","91aRW8TJ9MPYAym8RdLSvl","91aRW8TJ9MPYAym8RdLSvl@6c48a","91aRW8TJ9MPYAym8RdLSvl@f9941","92Y0O5vlxKFaiyWiveO0bs","93wOVMrEZMe40qwCEW/7i4","93wOVMrEZMe40qwCEW/7i4@6c48a","93wOVMrEZMe40qwCEW/7i4@f9941","93+PFEibhB/rbSVj2MukSW","93+PFEibhB/rbSVj2MukSW@6c48a","93+PFEibhB/rbSVj2MukSW@f9941","94n5hsgvpNw57s9DIi9LX4","94n5hsgvpNw57s9DIi9LX4@6c48a","94n5hsgvpNw57s9DIi9LX4@f9941","95vSBTyadBEbhZ3keQW5QJ","95vSBTyadBEbhZ3keQW5QJ@6c48a","95vSBTyadBEbhZ3keQW5QJ@f9941","957WBZw3VCYaAFscNIHQjW","96aRNZQ1hGx58GNsS0pz+w","96aRNZQ1hGx58GNsS0pz+w@6c48a","96aRNZQ1hGx58GNsS0pz+w@f9941","99KyhvD1JJ352o4S4PwbTC","99KyhvD1JJ352o4S4PwbTC@6c48a","9aa44YZANKyIcQfrKMRV5U","9aa44YZANKyIcQfrKMRV5U@6c48a","9aa44YZANKyIcQfrKMRV5U@f9941","9cQvD4Aq1EcYP6ymBQ5xy/","9cQvD4Aq1EcYP6ymBQ5xy/@6c48a","9cQvD4Aq1EcYP6ymBQ5xy/@f9941","9ck888JghE5qRfr99t1R2o","9ck888JghE5qRfr99t1R2o@6c48a","9ck888JghE5qRfr99t1R2o@f9941","9dNrSD1CdFWbTdwcuGHx9O","9dNrSD1CdFWbTdwcuGHx9O@6c48a","9fOKzU6UhHGpXR0AITcWb/","9fOKzU6UhHGpXR0AITcWb/@6c48a","9fOKzU6UhHGpXR0AITcWb/@f9941","a0ku7w66lOU6Cgbwwa1mfS","a0qQ2YDeNGxaYd8JSiTt3u","a0qQ2YDeNGxaYd8JSiTt3u@6c48a","a0qQ2YDeNGxaYd8JSiTt3u@f9941","a1kZc4JTxGVJawf1nyxIi7","a4am03/gBNqpFKvo8lMVZc","a4am03/gBNqpFKvo8lMVZc@6c48a","a4am03/gBNqpFKvo8lMVZc@f9941","a5HM513dRDxahefjvUcJQ9","a5HM513dRDxahefjvUcJQ9@6c48a","a5HM513dRDxahefjvUcJQ9@f9941","a5ofTHRgFKI44sYpDlO4zv","a5ofTHRgFKI44sYpDlO4zv@6c48a","a5ofTHRgFKI44sYpDlO4zv@f9941","a77OsU+edO9afWO8Gh9znp","a77OsU+edO9afWO8Gh9znp@6c48a","a77OsU+edO9afWO8Gh9znp@f9941","a78UazXcVHaoOVZ+SSuc7a","a78UazXcVHaoOVZ+SSuc7a@6c48a","a9oKESATdMH6hc6bKXqe+t","a9oKESATdMH6hc6bKXqe+t@6c48a","a9oKESATdMH6hc6bKXqe+t@f9941","aa6ZOjKm1CqrmdQBZvYP2B","abAAHlil9LvaAt58H2/ue2","abAAHlil9LvaAt58H2/ue2@6c48a","abLWAJYpxKHZ82CYtwb4e/","abLWAJYpxKHZ82CYtwb4e/@6c48a","abLWAJYpxKHZ82CYtwb4e/@f9941","acZgPbC9RAK4eo/9ggO1Dr","acZgPbC9RAK4eo/9ggO1Dr@6c48a","acZgPbC9RAK4eo/9ggO1Dr@f9941","acm7Qg369H75hIYYd9QQhf","ac5yppPaJHmrQv63oKvvWi","adP/ZAn/tF9po46VSwB63y","aeSEo6As1APpiQQDNis24G","aecFdr085GqbOvnAEybBAO","aefLCQgTpIOqbThWmRGj05","aekxhPy5JPFpw88E/aASzC","aekxhPy5JPFpw88E/aASzC@6c48a","aekxhPy5JPFpw88E/aASzC@f9941","aeoR5XLiJFxJIf8wpJlArP","afaXRpbYxKGr6QkLDd4TDV","afaXRpbYxKGr6QkLDd4TDV@6c48a","afaXRpbYxKGr6QkLDd4TDV@f9941","af/JQX9Y9Iqa8XRUEZQV8X","af/JQX9Y9Iqa8XRUEZQV8X@6c48a","af/JQX9Y9Iqa8XRUEZQV8X@f9941","b2J4ux7yRAJJDHu2vodMZX","b2J4ux7yRAJJDHu2vodMZX@6c48a","b2J4ux7yRAJJDHu2vodMZX@f9941","b2VCYm/ixFBbm4sx6q2lH4","b2VCYm/ixFBbm4sx6q2lH4@6c48a","b2VCYm/ixFBbm4sx6q2lH4@f9941","b2tAomwCJHeJQN5d9A/Hpc","b2+//Xg79GNJd24xBc6rqO","b4ieVaOcFDHoAN34xOJVVF","b8MIycR5REyL70ISM4Bakv","b8MIycR5REyL70ISM4Bakv@6c48a","b8MIycR5REyL70ISM4Bakv@f9941","b8nTp5HkZCT7zZUEI6SGUD","baTD0LXZhAz6lr7ZK1fDVK","baTD0LXZhAz6lr7ZK1fDVK@6c48a","bbUr4Vm2RIyqd8eyt3kAtx","bdlyvOEnBMHr3I1YTlP790","bdlyvOEnBMHr3I1YTlP790@6c48a","bdlyvOEnBMHr3I1YTlP790@f9941","be98NiFzFO2LspAOxhdov4","be98NiFzFO2LspAOxhdov4@6c48a","be98NiFzFO2LspAOxhdov4@f9941","bfuVJuNc1Ef6tOglJCqHR0","bfuVJuNc1Ef6tOglJCqHR0@6c48a","bfuVJuNc1Ef6tOglJCqHR0@f9941","c0XORjFV9J85wERFUEBZQw","c0XORjFV9J85wERFUEBZQw@6c48a","c0XORjFV9J85wERFUEBZQw@f9941","c02opsf79JLJLwp81vRkNb","c02opsf79JLJLwp81vRkNb@6c48a","c02opsf79JLJLwp81vRkNb@f9941","c40ExuaXxJrpDf3fI+mi+i","c40ExuaXxJrpDf3fI+mi+i@6c48a","c40ExuaXxJrpDf3fI+mi+i@f9941","c5Gq8rXcZJ6bkCc8O7yFsO","c5Gq8rXcZJ6bkCc8O7yFsO@6c48a","c5Gq8rXcZJ6bkCc8O7yFsO@f9941","c5U3ZzSaBG2KWlZo4NQmMH","c5U3ZzSaBG2KWlZo4NQmMH@6c48a","c5U3ZzSaBG2KWlZo4NQmMH@f9941","c54gHPH3hIGr4jbdzZUGfr","c54gHPH3hIGr4jbdzZUGfr@6c48a","c54gHPH3hIGr4jbdzZUGfr@f9941","c56/5vTONMubV/JtXVRuIv","c56/5vTONMubV/JtXVRuIv@6c48a","c56/5vTONMubV/JtXVRuIv@f9941","c6tvKeIt5BsqmNKHPFh8me","c6tvKeIt5BsqmNKHPFh8me@6c48a","c6tvKeIt5BsqmNKHPFh8me@f9941","c7Mn15mdZJ+bMpHUvjwXyf","c8dV4cwy9AuLwg+opCN8BY","c9m6uCCylKR7a5+7DRJFts","c9m6uCCylKR7a5+7DRJFts@6c48a","c9m6uCCylKR7a5+7DRJFts@f9941","c9tY/ZvpRLEI/nltK3zEwZ","caLpwlvVtCmIknSN730yLf","captC5JjJMFYLr+6pAkYwK","captC5JjJMFYLr+6pAkYwK@6c48a","casYlwbjVL+rdyBxIcjsaB","casYlwbjVL+rdyBxIcjsaB@6c48a","casYlwbjVL+rdyBxIcjsaB@f9941","ca4mCNVBBDy5WovDUFD8lC","cbInVN/TRE/J5JW4hWUkv+","cbInVN/TRE/J5JW4hWUkv+@6c48a","cbInVN/TRE/J5JW4hWUkv+@f9941","cctypVnhxKWqXTVq7KMvnr","cdJRgYjdpC5bnyD4nAD7On","cdaeTYVT9O3pjeE0K+YNfz","cdaeTYVT9O3pjeE0K+YNfz@6c48a","cdaeTYVT9O3pjeE0K+YNfz@f9941","cd1ANp9ENJ5a8B27DNFLnY","cd4D+c4tdNVI9ULtSxv2Jn","d0C+wvLEFD7JRF9Kp9fJz4","d0TSB8NYxMIIzD7w+kWBxy","d0TSB8NYxMIIzD7w+kWBxy@6c48a","d0TSB8NYxMIIzD7w+kWBxy@f9941","d05VX+vAFO0aTc548KLHK7","d05VX+vAFO0aTc548KLHK7@6c48a","d05VX+vAFO0aTc548KLHK7@f9941","d1/RxlMkpDepR59ITZxCvh","d3HOq5fT9LNI5pOAO6JPGL","d3HOq5fT9LNI5pOAO6JPGL@6c48a","d3HOq5fT9LNI5pOAO6JPGL@f9941","d4cTP0mGxP9JJlUcVU63gT","d46+Qy1GRLRZrZuhCa1Vwk","d5Iy4bIk1DfLJffcyd3aJy","d6aZ49ZOlFNqSAvY50hSVy","d6umfQVttFy4tZWGnjMesU@f9941","d8Tl7D4+1E6Z2rVgrqUqLE","d8Tl7D4+1E6Z2rVgrqUqLE@6c48a","d8Tl7D4+1E6Z2rVgrqUqLE@f9941","daAs4+vvdJpbZxemBvLQxQ","daQSiLll9Kn6IZ+EXgU0hl@f9941","da0enD2UtCHLqaN3kh6nZ0","da0enD2UtCHLqaN3kh6nZ0@6c48a","da0enD2UtCHLqaN3kh6nZ0@f9941","db+SsEqFZDQbAydGTVQa/P","dcHBAwjEJLcYkBNrx4tTqe","dcHBAwjEJLcYkBNrx4tTqe@6c48a","dcHBAwjEJLcYkBNrx4tTqe@f9941","dcHe+ALQBHBrleCEefr/yA","dcHe+ALQBHBrleCEefr/yA@6c48a","dcHe+ALQBHBrleCEefr/yA@f9941","dcJvpbfMFKJbbeppeSTmzA","dcJvpbfMFKJbbeppeSTmzA@6c48a","dcJvpbfMFKJbbeppeSTmzA@f9941","dciIVlBblJcaT6h5hmF/Qa","ddQfVxviFMNa30NSwNmj8D","ddQfVxviFMNa30NSwNmj8D@6c48a","ddQfVxviFMNa30NSwNmj8D@f9941","ddabi8UhxKD6MUuGRgmPQh","deJ90CIUlFVI2DzVQCDNj0","deJ90CIUlFVI2DzVQCDNj0@6c48a","deJ90CIUlFVI2DzVQCDNj0@f9941","e0HeMb3ChMEqE0bo2o8RWn","e0HeMb3ChMEqE0bo2o8RWn@6c48a","e0HeMb3ChMEqE0bo2o8RWn@f9941","e0dnmV111DKaopcBRAxVBx","e0dnmV111DKaopcBRAxVBx@6c48a","e0dnmV111DKaopcBRAxVBx@f9941","e1sDrUHQJHDKQchiV6+Vht","e1whl+t4lHQJZ67xbeMg+w","e1whl+t4lHQJZ67xbeMg+w@6c48a","e1whl+t4lHQJZ67xbeMg+w@f9941","e2L4h/cG5Nlq3sL+ODyU+F","e5V79jSC9Pi7L2xCdDdiCv","e5V79jSC9Pi7L2xCdDdiCv@6c48a","e5V79jSC9Pi7L2xCdDdiCv@f9941","e5bCudL2pJdr9ze2wVkMhm","e5bCudL2pJdr9ze2wVkMhm@6c48a","e5bCudL2pJdr9ze2wVkMhm@f9941","e6SbuVX1hKppKDC+JHPq6z","e6SbuVX1hKppKDC+JHPq6z@6c48a","e6SbuVX1hKppKDC+JHPq6z@f9941","e6T2dxkDhDDZtwINzWodQL","e6T2dxkDhDDZtwINzWodQL@6c48a","e6T2dxkDhDDZtwINzWodQL@f9941","e6iX5Dhq5OeLcwi2dRRhut","e6iX5Dhq5OeLcwi2dRRhut@6c48a","e6ze1UCghOgaoT43BaNVFr","e6ze1UCghOgaoT43BaNVFr@6c48a","e6ze1UCghOgaoT43BaNVFr@f9941","e9LAusoadBiaBx06/8Oejp","e9LAusoadBiaBx06/8Oejp@6c48a","e9LAusoadBiaBx06/8Oejp@f9941","eaNHBvo8tMubPrXLEoMvcO","eaNHBvo8tMubPrXLEoMvcO@6c48a","eax0ZV+UhOuJ6CuYbcA7Lc","ea6WnlRqpCeJrd098RwIOj","ea7ANkRg5KWIiuyQlDnsb3@f9941","edLPV39ctJT6d/dTcI9S1b","edOQvDWpZKXLLQ5etUU/xr","edOQvDWpZKXLLQ5etUU/xr@6c48a","edOQvDWpZKXLLQ5etUU/xr@f9941","efoLkPbXFPdITKI9RIEr6K","f0ZhkDfdpCNI8hnEBtwcD7","f0ZhkDfdpCNI8hnEBtwcD7@6c48a","f0ZhkDfdpCNI8hnEBtwcD7@f9941","f09How5l1KgbIoxORlwuM+","f09How5l1KgbIoxORlwuM+@6c48a","f09How5l1KgbIoxORlwuM+@f9941","f2ctiE0BRCTp+35PDy1dQl","f4HgqfnMBBZYsOfIZ2KgiB","f4HgqfnMBBZYsOfIZ2KgiB@6c48a","f4HgqfnMBBZYsOfIZ2KgiB@f9941","f4sb0w0P5OFKU5rcsE0U3l","f4sb0w0P5OFKU5rcsE0U3l@6c48a","f4sb0w0P5OFKU5rcsE0U3l@f9941","f84VMl1s1CXb+Vf94aa7Pm","f84VMl1s1CXb+Vf94aa7Pm@6c48a","f84VMl1s1CXb+Vf94aa7Pm@f9941","f9IwcU8BFBQ5E8yV1i+rQo@f9941","faY0ISf31Mhbu3JsXf2yKw","faY0ISf31Mhbu3JsXf2yKw@6c48a","faY0ISf31Mhbu3JsXf2yKw@f9941","faziFUc/BN55QCs1eUIkDZ","fcudPuOZNPPp2nAJxqQZsg","fcudPuOZNPPp2nAJxqQZsg@6c48a","fcudPuOZNPPp2nAJxqQZsg@f9941","feLmP9YRBBs677xlkjSZn9","feLmP9YRBBs677xlkjSZn9@6c48a","feLmP9YRBBs677xlkjSZn9@f9941","ffxX7gRXhNMY0LHqefyUgd","ffxX7gRXhNMY0LHqefyUgd@6c48a","ffxX7gRXhNMY0LHqefyUgd@f9941","138850d1a","138850d1a@6c48a","15f51cc3d","15f51cc3d@6c48a","1efda33c7","1efda33c7@6c48a","24xBnqY6hOoanQf8RpSJu8","24xBnqY6hOoanQf8RpSJu8@6c48a","24xBnqY6hOoanQf8RpSJu8@f9941","509DSLyINOL48RziM7hZ+h","7dj5uJT9FMn6OrOOx83tfK@f9941","868l1cneVFT6X57hZgPmcB","92TV9zMHNBUYnWqxQ8WrUV","92TV9zMHNBUYnWqxQ8WrUV@6c48a","92TV9zMHNBUYnWqxQ8WrUV@f9941","92avLMyklJBrG6KwwQ3/mP","f5FbxlrnJIWrDtj/oTafi8"],"paths":{"0":["godWealth_actionBar/auto_bar",3,1],"1":["PublicImg/auto_commmon_god",3,1],"2":["atlas/rollerIcon/baohe/baohe",10,1],"3":["prefabs/icon",8,1],"4":["atlas/iconSprite/yuanbao",0,1],"5":["atlas/iconSprite/yuanbao/texture",1,1],"6":["atlas/iconSprite/yuanbao/spriteFrame",2,1],"7":["atlas/dialog/caishen_sw",5,1],"8":["atlas/3",0,1],"9":["atlas/3/texture",1,1],"10":["atlas/3/spriteFrame",2,1],"11":["textures/God_SC8",0,1],"12":["textures/God_SC8/texture",1,1],"13":["textures/God_SC8/spriteFrame",2,1],"14":["atlas/rollerIcon/A/a",0,1],"15":["atlas/rollerIcon/A/a/texture",1,1],"16":["atlas/rollerIcon/A/a/spriteFrame",2,1],"17":["godWealth_actionBar/dl_cs_stopicon1",0,1],"18":["godWealth_actionBar/dl_cs_stopicon1/texture",1,1],"19":["godWealth_actionBar/dl_cs_stopicon1/spriteFrame",2,1],"20":["textures/God_TB_6_1",0,1],"21":["textures/God_TB_6_1/texture",1,1],"22":["textures/God_TB_6_1/spriteFrame",2,1],"23":["atlas/rollerIcon/baohe/baohe",0,1],"24":["atlas/rollerIcon/baohe/baohe/texture",1,1],"25":["atlas/rollerIcon/baohe/baohe/spriteFrame",2,1],"26":["textures/God_tk2_4",0,1],"27":["textures/God_tk2_4/texture",1,1],"28":["textures/God_tk2_4/spriteFrame",2,1],"29":["textures/number",0,1],"30":["textures/number/texture",1,1],"31":["textures/number/spriteFrame",2,1],"32":["textures/godWealth",0,1],"33":["textures/godWealth/texture",1,1],"34":["textures/godWealth/spriteFrame",2,1],"35":["prefabs/rulePanel",8,1],"36":["audio/biu",6,1],"37":["head/head_circle_3/spriteFrame",2,1],"38":["atlas/dialog/caishen_bw",5,1],"39":["atlas/rollerIcon/10/10",0,1],"40":["atlas/rollerIcon/10/10/texture",1,1],"41":["atlas/rollerIcon/10/10/spriteFrame",2,1],"42":["atlas/rollerIcon/baicai/baicai",0,1],"43":["atlas/rollerIcon/baicai/baicai/texture",1,1],"44":["atlas/rollerIcon/baicai/baicai/spriteFrame",2,1],"45":["atlas/dialog/megawin/cs_mw",9,1],"46":["godWealth_actionBar/dl_cs_stopicon",0,1],"47":["godWealth_actionBar/dl_cs_stopicon/texture",1,1],"48":["godWealth_actionBar/dl_cs_stopicon/spriteFrame",2,1],"49":["textures/Gratis_off",0,1],"50":["textures/Gratis_off/texture",1,1],"51":["textures/Gratis_off/spriteFrame",2,1],"52":["atlas/dialog/win/bg_caishen_xiaoyouxibox",0,1],"53":["atlas/dialog/win/bg_caishen_xiaoyouxibox/texture",1,1],"54":["atlas/dialog/win/bg_caishen_xiaoyouxibox/spriteFrame",2,1],"56":["atlas/flyingCrane/feihe",0,1],"57":["atlas/flyingCrane/feihe/texture",1,1],"58":["atlas/flyingCrane/feihe/spriteFrame",2,1],"59":["audio/godWealth_get_coin",6,1],"60":["atlas/rollerIcon/q/q",10,1],"61":["textures/God_GARIS",0,1],"62":["textures/God_GARIS/texture",1,1],"63":["textures/God_GARIS/spriteFrame",2,1],"64":["godWealth_actionBar/dl_long_zidong_0",0,1],"65":["godWealth_actionBar/dl_long_zidong_0/texture",1,1],"66":["godWealth_actionBar/dl_long_zidong_0/spriteFrame",2,1],"67":["godWealth_actionBar/dl_cs_kuai_0",0,1],"68":["godWealth_actionBar/dl_cs_kuai_0/texture",1,1],"69":["godWealth_actionBar/dl_cs_kuai_0/spriteFrame",2,1],"70":["atlas/iconSprite/tongqian",0,1],"71":["atlas/iconSprite/tongqian/texture",1,1],"72":["atlas/iconSprite/tongqian/spriteFrame",2,1],"73":["atlas/rollerIcon/baohe/baohe",9,1],"74":["textures/God_tk2_2",0,1],"75":["textures/God_tk2_2/texture",1,1],"76":["textures/God_tk2_2/spriteFrame",2,1],"77":["godWealth_actionBar/dl_cs_xiazhujian_1",0,1],"78":["godWealth_actionBar/dl_cs_xiazhujian_1/texture",1,1],"79":["godWealth_actionBar/dl_cs_xiazhujian_1/spriteFrame",2,1],"80":["audio/get_coin",6,1],"81":["atlas/rollerIcon/wild/jinchan2",9,1],"82":["audio/shell_end1",6,1],"83":["godWealth_actionBar/dl_cs_guizeanniu",0,1],"84":["godWealth_actionBar/dl_cs_guizeanniu/texture",1,1],"85":["godWealth_actionBar/dl_cs_guizeanniu/spriteFrame",2,1],"86":["textures/God_TB_1_1",0,1],"87":["textures/God_TB_1_1/texture",1,1],"88":["textures/God_TB_1_1/spriteFrame",2,1],"89":["godWealth_actionBar/dl_cs__autobox",0,1],"90":["godWealth_actionBar/dl_cs__autobox/texture",1,1],"91":["godWealth_actionBar/dl_cs__autobox/spriteFrame",2,1],"92":["atlas/rollerIcon/baicai/baicai",10,1],"93":["atlas/flyBg/caishenguochang",0,1],"94":["atlas/flyBg/caishenguochang/texture",1,1],"95":["atlas/flyBg/caishenguochang/spriteFrame",2,1],"96":["godWealth_actionBar/dl_long_guizedibox",0,1],"97":["godWealth_actionBar/dl_long_guizedibox/texture",1,1],"98":["godWealth_actionBar/dl_long_guizedibox/spriteFrame",2,1],"99":["audio/godWealth_sg_bg1",6,1],"100":["textures/0",0,1],"101":["textures/0/texture",1,1],"102":["textures/0/spriteFrame",2,1],"103":["audio/minCoin",6,1],"104":["audio/maxCoin",6,1],"105":["atlas/flyingCrane/feihe",10,1],"106":["godWealth_actionBar/dl_cs_spinicon",0,1],"107":["godWealth_actionBar/dl_cs_spinicon/texture",1,1],"108":["godWealth_actionBar/dl_cs_spinicon/spriteFrame",2,1],"109":["audio/godWealth_wild",6,1],"110":["atlas/bigBubble/skeleton3",0,1],"111":["atlas/bigBubble/skeleton3/texture",1,1],"112":["atlas/rollerIcon/yaoqianshu/yaoqianshu",0,1],"113":["atlas/rollerIcon/yaoqianshu/yaoqianshu/texture",1,1],"114":["atlas/rollerIcon/yaoqianshu/yaoqianshu/spriteFrame",2,1],"115":["textures/God_TB_11_1",0,1],"116":["textures/God_TB_11_1/texture",1,1],"117":["textures/God_TB_11_1/spriteFrame",2,1],"118":["textures/3",0,1],"119":["textures/3/texture",1,1],"120":["textures/3/spriteFrame",2,1],"121":["textures/God_tk1_8",0,1],"122":["textures/God_tk1_8/texture",1,1],"123":["textures/God_tk1_8/spriteFrame",2,1],"124":["atlas/dialog/superwin/cs_sw",9,1],"125":["head/head_circle_2/spriteFrame",2,1],"126":["atlas/iconSprite/scatter",0,1],"127":["atlas/iconSprite/scatter/texture",1,1],"128":["atlas/iconSprite/scatter/spriteFrame",2,1],"129":["godWealth_actionBar/dl_cs_xiazhujia_1",0,1],"130":["godWealth_actionBar/dl_cs_xiazhujia_1/texture",1,1],"131":["godWealth_actionBar/dl_cs_xiazhujia_1/spriteFrame",2,1],"132":["atlas/PublicSkeleton/spine_guangquan",9,1],"133":["textures/God_tk2_6",0,1],"134":["textures/God_tk2_6/texture",1,1],"135":["textures/God_tk2_6/spriteFrame",2,1],"136":["audio/godWealth_ling",6,1],"137":["textures/God_TB_7",0,1],"138":["textures/God_TB_7/texture",1,1],"139":["textures/God_TB_7/spriteFrame",2,1],"140":["audio/godWealth_guangdang",6,1],"141":["textures/God_TB_8_1",0,1],"142":["textures/God_TB_8_1/texture",1,1],"143":["textures/God_TB_8_1/spriteFrame",2,1],"144":["head/head_circle_10/spriteFrame",2,1],"145":["audio/godWealth_hahaha",6,1],"146":["prefabs/prefab_godWealth_loading",8,1],"147":["audio/btn_click",6,1],"148":["godWealth_actionBar/dl_cs_shezhianniu",0,1],"149":["godWealth_actionBar/dl_cs_shezhianniu/texture",1,1],"150":["godWealth_actionBar/dl_cs_shezhianniu/spriteFrame",2,1],"151":["prefabs/icon2",8,1],"152":["textures/God_tk2_Mirror",0,1],"153":["textures/God_tk2_Mirror/texture",1,1],"154":["textures/God_tk2_Mirror/spriteFrame",2,1],"155":["textures/God_tk2_1",0,1],"156":["textures/God_tk2_1/texture",1,1],"157":["textures/God_tk2_1/spriteFrame",2,1],"158":["godWealth_actionBar/dl_shezhi_kai",0,1],"159":["godWealth_actionBar/dl_shezhi_kai/texture",1,1],"160":["godWealth_actionBar/dl_shezhi_kai/spriteFrame",2,1],"161":["textures/God_TB_4_1",0,1],"162":["textures/God_TB_4_1/texture",1,1],"163":["textures/God_TB_4_1/spriteFrame",2,1],"164":["atlas/bigBubble/skeleton2",0,1],"165":["atlas/bigBubble/skeleton2/texture",1,1],"166":["font/shuzi_xiazhujine",7,1],"167":["textures/bg_cs_baopenbox_2",0,1],"168":["textures/bg_cs_baopenbox_2/texture",1,1],"169":["textures/bg_cs_baopenbox_2/spriteFrame",2,1],"170":["audio/godWealth_btn_click",6,1],"171":["PublicImg/Rptidakmencukupi",0,1],"172":["PublicImg/Rptidakmencukupi/texture",1,1],"173":["PublicImg/Rptidakmencukupi/spriteFrame",2,1],"174":["textures/God_SC3",0,1],"175":["textures/God_SC3/texture",1,1],"176":["textures/God_SC3/spriteFrame",2,1],"177":["atlas/rollerIcon/J/j",10,1],"178":["atlas/flyBg/caishenguochang",10,1],"179":["atlas/iconSprite/10",0,1],"180":["atlas/iconSprite/10/texture",1,1],"181":["atlas/iconSprite/10/spriteFrame",2,1],"182":["textures/1",0,1],"183":["textures/1/texture",1,1],"184":["textures/1/spriteFrame",2,1],"185":["godWealth_actionBar/dl_shezhi_guan",0,1],"186":["godWealth_actionBar/dl_shezhi_guan/texture",1,1],"187":["godWealth_actionBar/dl_shezhi_guan/spriteFrame",2,1],"188":["atlas/dialog/megawin/cs_mw",10,1],"189":["atlas/rollerIcon/K/k",9,1],"190":["textures/bg_sg_loading",0,1],"191":["textures/bg_sg_loading/texture",1,1],"192":["textures/bg_sg_loading/spriteFrame",2,1],"193":["atlas/animation_arce",4,1],"194":["audio/godWealth_sg_bg_over",6,1],"195":["atlas/rollerIcon/10/10",10,1],"196":["atlas/rollerIcon/q/q",9,1],"197":["godWealth_actionBar/dl_cs_xiazhujia_0",0,1],"198":["godWealth_actionBar/dl_cs_xiazhujia_0/texture",1,1],"199":["godWealth_actionBar/dl_cs_xiazhujia_0/spriteFrame",2,1],"200":["atlas/Lightning/shandian",0,1],"201":["atlas/Lightning/shandian/texture",1,1],"202":["font/front_kxz_0",0,1],"203":["font/front_kxz_0/texture",1,1],"204":["font/front_kxz_0/spriteFrame",2,1],"205":["godWealth_actionBar/SOUND",0,1],"206":["godWealth_actionBar/SOUND/texture",1,1],"207":["godWealth_actionBar/SOUND/spriteFrame",2,1],"208":["head/head_circle_6/spriteFrame",2,1],"209":["textures/godWealth",3,1],"210":["textures/godWealth/God_tk3_an2",2,1],"211":["textures/godWealth/God_TB_9_1",2,1],"212":["textures/godWealth/God_TB_11_1",2,1],"213":["textures/godWealth/God_tk1_5",2,1],"214":["textures/godWealth/God_tk3_k1",2,1],"215":["textures/godWealth/God_tk2_2",2,1],"216":["textures/godWealth/God_SC7",2,1],"217":["textures/godWealth/God_SC10",2,1],"218":["textures/godWealth/God_tk1_1",2,1],"219":["textures/godWealth/Itembiasa_1",2,1],"220":["textures/godWealth/God_tk2_6",2,1],"221":["textures/godWealth/God_tk3_1",2,1],"222":["textures/godWealth/God_tk1_8",2,1],"223":["textures/godWealth/God_TB_8_1",2,1],"224":["textures/godWealth/God_nr1",2,1],"225":["textures/godWealth/God_TB_5",2,1],"226":["textures/godWealth/BELI",2,1],"227":["textures/godWealth/God_tk3_k2",2,1],"228":["textures/godWealth/God_tk3_9",2,1],"229":["textures/godWealth/God_tk3_11",2,1],"230":["textures/godWealth/God_TB_13",2,1],"231":["textures/godWealth/KartuSlots_1",2,1],"232":["textures/godWealth/God_tk4_2",2,1],"233":["textures/godWealth/God_SC1",2,1],"234":["textures/godWealth/God_SC10_11",2,1],"235":["textures/godWealth/God_tk3_8",2,1],"236":["textures/godWealth/God_tk1_2",2,1],"237":["textures/godWealth/God_tk4_3",2,1],"238":["textures/godWealth/God_SC4",2,1],"239":["textures/godWealth/God_tk1_6",2,1],"240":["textures/godWealth/Kulitmeriam_1",2,1],"241":["textures/godWealth/God_tk3_12",2,1],"242":["textures/godWealth/God_SC9",2,1],"243":["textures/godWealth/God_tk4_1",2,1],"244":["textures/godWealth/God_tk2_1",2,1],"245":["textures/godWealth/God_tk1_4",2,1],"246":["textures/godWealth/God_TB_4",2,1],"247":["textures/godWealth/God_TB_3_1",2,1],"248":["textures/godWealth/God_TB_3",2,1],"249":["textures/godWealth/God_TB_12",2,1],"250":["textures/godWealth/God_tk3_13",2,1],"251":["textures/godWealth/God_tk3_an1",2,1],"252":["textures/godWealth/God_MAJOR",2,1],"253":["textures/godWealth/Sudahdilenkapi",2,1],"254":["textures/godWealth/Itembiasa",2,1],"255":["textures/godWealth/God_TB_13_1_1",2,1],"256":["textures/godWealth/God_TB_13_1",2,1],"257":["textures/godWealth/God_TB_1",2,1],"258":["textures/godWealth/God_TB_2",2,1],"259":["textures/godWealth/God_TB_6",2,1],"260":["textures/godWealth/God_tk3_k3",2,1],"261":["textures/godWealth/TasSaya",2,1],"262":["textures/godWealth/God_tk3_14",2,1],"263":["textures/godWealth/God_tk3_3",2,1],"264":["textures/godWealth/KartuSlots",2,1],"265":["textures/godWealth/God_TB_4_1",2,1],"266":["textures/godWealth/God_tk3_4",2,1],"267":["textures/godWealth/God_SC3",2,1],"268":["textures/godWealth/God_TB_2_1",2,1],"269":["textures/godWealth/God_tk1_3",2,1],"270":["textures/godWealth/God_tk3_6",2,1],"271":["textures/godWealth/God_TB_10_1",2,1],"272":["textures/godWealth/God_tk2_5",2,1],"273":["textures/godWealth/God_TB_11",2,1],"274":["textures/godWealth/God_TB_10",2,1],"275":["textures/godWealth/God_TB_14_1",2,1],"276":["textures/godWealth/God_TB_1_1",2,1],"277":["textures/godWealth/God_GRAND",2,1],"278":["textures/godWealth/belikartu",2,1],"279":["textures/godWealth/God_gb",2,1],"280":["textures/godWealth/God_TB_7_1",2,1],"281":["textures/godWealth/God_SC8",2,1],"282":["textures/godWealth/God_tk3_5",2,1],"283":["textures/godWealth/God_SC10_1",2,1],"284":["textures/godWealth/God_SC5",2,1],"285":["textures/godWealth/God_tk3_k4",2,1],"286":["textures/godWealth/God_TB_6_1",2,1],"287":["textures/godWealth/Kulitmeriam",2,1],"288":["textures/godWealth/God_tk1_7",2,1],"289":["textures/godWealth/God_cs",2,1],"290":["textures/godWealth/God_tk3_2",2,1],"291":["textures/godWealth/God_TB_4_1_1",2,1],"292":["textures/godWealth/God_tk2_4",2,1],"293":["textures/godWealth/God_MINI",2,1],"294":["textures/godWealth/God_TB_7",2,1],"295":["textures/godWealth/God_tk3_10",2,1],"296":["textures/godWealth/God_tk3_k6",2,1],"297":["textures/godWealth/God_TB_14",2,1],"298":["textures/godWealth/God_SC6",2,1],"299":["textures/godWealth/God_tk3_k5",2,1],"300":["textures/godWealth/God_tk2_3",2,1],"301":["textures/godWealth/God_TB_8",2,1],"302":["textures/godWealth/God_TB_12_1",2,1],"303":["textures/godWealth/God_tk3_7",2,1],"304":["textures/godWealth/God_SC2",2,1],"305":["textures/godWealth/God_GARIS",2,1],"306":["textures/godWealth/God_TB_9",2,1],"307":["atlas/rollerIcon/yuanbao/yuanbao",0,1],"308":["atlas/rollerIcon/yuanbao/yuanbao/texture",1,1],"309":["atlas/rollerIcon/yuanbao/yuanbao/spriteFrame",2,1],"310":["textures/God_TB_7_1",0,1],"311":["textures/God_TB_7_1/texture",1,1],"312":["textures/God_TB_7_1/spriteFrame",2,1],"313":["audio/chooseNum",6,1],"314":["head/head_circle_9/spriteFrame",2,1],"315":["atlas/bigBubble/skeleton6",0,1],"316":["atlas/bigBubble/skeleton6/texture",1,1],"317":["atlas/iconSprite/j",0,1],"318":["atlas/iconSprite/j/texture",1,1],"319":["atlas/iconSprite/j/spriteFrame",2,1],"320":["textures/God_tk3_11",0,1],"321":["textures/God_tk3_11/texture",1,1],"322":["textures/God_tk3_11/spriteFrame",2,1],"323":["atlas/dialog/win/bg_caishen_xiaoyouxikuang",0,1],"324":["atlas/dialog/win/bg_caishen_xiaoyouxikuang/texture",1,1],"325":["atlas/dialog/win/bg_caishen_xiaoyouxikuang/spriteFrame",2,1],"326":["atlas/Lightning/shandian22",0,1],"327":["atlas/Lightning/shandian22/texture",1,1],"328":["audio/godWealth_buycard",6,1],"329":["atlas/animation/animation_title",4,1],"330":["font/front_kxz",7,1],"331":["atlas/dialog/win/bg_caishen_baohe_box2",0,1],"332":["atlas/dialog/win/bg_caishen_baohe_box2/texture",1,1],"333":["atlas/dialog/win/bg_caishen_baohe_box2/spriteFrame",2,1],"334":["atlas/rollerIcon/K/k",10,1],"335":["godWealth_actionBar/FREE SPINS LEFT",0,1],"336":["godWealth_actionBar/FREE SPINS LEFT/texture",1,1],"337":["godWealth_actionBar/FREE SPINS LEFT/spriteFrame",2,1],"338":["textures/God_tk2_5",0,1],"339":["textures/God_tk2_5/texture",1,1],"340":["textures/God_tk2_5/spriteFrame",2,1],"341":["textures/God_SC7",0,1],"342":["textures/God_SC7/texture",1,1],"343":["textures/God_SC7/spriteFrame",2,1],"344":["atlas/rollerIcon/wild/jinchan22",0,1],"345":["atlas/rollerIcon/wild/jinchan22/texture",1,1],"346":["atlas/rollerIcon/wild/jinchan22/spriteFrame",2,1],"347":["godWealth_actionBar/PENGATURAN ",0,1],"348":["godWealth_actionBar/PENGATURAN /texture",1,1],"349":["godWealth_actionBar/PENGATURAN /spriteFrame",2,1],"350":["atlas/dialog/bigwin/cs_bw",0,1],"351":["atlas/dialog/bigwin/cs_bw/texture",1,1],"352":["atlas/dialog/win/zi_infreespins",0,1],"353":["atlas/dialog/win/zi_infreespins/texture",1,1],"354":["atlas/dialog/win/zi_infreespins/spriteFrame",2,1],"355":["atlas/rollerIcon/10/10",9,1],"356":["godWealth_actionBar/TOTAL WIN",0,1],"357":["godWealth_actionBar/TOTAL WIN/texture",1,1],"358":["godWealth_actionBar/TOTAL WIN/spriteFrame",2,1],"359":["textures/X",0,1],"360":["textures/X/texture",1,1],"361":["textures/X/spriteFrame",2,1],"362":["atlas/rollerIcon/J/j",9,1],"363":["textures/God_tk1_7",0,1],"364":["textures/God_tk1_7/texture",1,1],"365":["textures/God_tk1_7/spriteFrame",2,1],"366":["audio/fast_roller",6,1],"367":["publicFont/shuzi_xiazhujine_0",0,1],"368":["publicFont/shuzi_xiazhujine_0/texture",1,1],"369":["publicFont/shuzi_xiazhujine_0/spriteFrame",2,1],"370":["prefabs/Particle2D",8,1],"371":["godWealth_actionBar/dl_cs_xiazhujian_0",0,1],"372":["godWealth_actionBar/dl_cs_xiazhujian_0/texture",1,1],"373":["godWealth_actionBar/dl_cs_xiazhujian_0/spriteFrame",2,1],"374":["head/head_circle_1/spriteFrame",2,1],"375":["atlas/rollerIcon/baicai/baicai",9,1],"376":["textures/God_SC9",0,1],"377":["textures/God_SC9/texture",1,1],"378":["textures/God_SC9/spriteFrame",2,1],"379":["godWealth_actionBar/dl_cs_auto_boxbg",0,1],"380":["godWealth_actionBar/dl_cs_auto_boxbg/texture",1,1],"381":["godWealth_actionBar/dl_cs_auto_boxbg/spriteFrame",2,1],"382":["atlas/rollerIcon/yaoqianshu/yaoqianshu",10,1],"383":["atlas/bigBubble/skeleton7",0,1],"384":["atlas/bigBubble/skeleton7/texture",1,1],"385":["atlas/iconSprite/baicai",0,1],"386":["atlas/iconSprite/baicai/texture",1,1],"387":["atlas/iconSprite/baicai/spriteFrame",2,1],"388":["godWealth_actionBar/dl_cs_spinanniu",0,1],"389":["godWealth_actionBar/dl_cs_spinanniu/texture",1,1],"390":["godWealth_actionBar/dl_cs_spinanniu/spriteFrame",2,1],"391":["textures/God_nr3",0,1],"392":["textures/God_nr3/texture",1,1],"393":["textures/God_nr3/spriteFrame",2,1],"394":["prefabs/prefab_smallGame_win",8,1],"395":["textures/God_tk2",0,1],"396":["textures/God_tk2/texture",1,1],"397":["textures/God_tk2/spriteFrame",2,1],"398":["textures/God_TB_9_1",0,1],"399":["textures/God_TB_9_1/texture",1,1],"400":["textures/God_TB_9_1/spriteFrame",2,1],"401":["godWealth_actionBar/autospin",0,1],"402":["godWealth_actionBar/autospin/texture",1,1],"403":["godWealth_actionBar/autospin/spriteFrame",2,1],"404":["audio/godWealth_dang",6,1],"405":["font/god_num",7,1],"406":["atlas/rollerIcon/K/k",0,1],"407":["atlas/rollerIcon/K/k/texture",1,1],"408":["atlas/rollerIcon/K/k/spriteFrame",2,1],"409":["audio/godWhealth_fast_roller",6,1],"410":["atlas/PublicSkeleton/spine_guangquan2",0,1],"411":["atlas/PublicSkeleton/spine_guangquan2/texture",1,1],"412":["audio/godWealth_sg_bg2",6,1],"413":["atlas/dialog/win/zi_youwin",0,1],"414":["atlas/dialog/win/zi_youwin/texture",1,1],"415":["atlas/dialog/win/zi_youwin/spriteFrame",2,1],"416":["font/fnt_gold_0",0,1],"417":["font/fnt_gold_0/texture",1,1],"418":["font/fnt_gold_0/spriteFrame",2,1],"419":["atlas/rollerIcon/A/a",9,1],"420":["textures/God_nr5",0,1],"421":["textures/God_nr5/texture",1,1],"422":["textures/God_nr5/spriteFrame",2,1],"423":["atlas/dialog/jackpot/sb_lbjs_JACKPOT",0,1],"424":["atlas/dialog/jackpot/sb_lbjs_JACKPOT/texture",1,1],"425":["atlas/dialog/jackpot/sb_lbjs_JACKPOT/spriteFrame",2,1],"426":["atlas/iconSprite/k",0,1],"427":["atlas/iconSprite/k/texture",1,1],"428":["atlas/iconSprite/k/spriteFrame",2,1],"429":["textures/God_TB_4_1_1",0,1],"430":["textures/God_TB_4_1_1/texture",1,1],"431":["textures/God_TB_4_1_1/spriteFrame",2,1],"432":["audio/godWealth_main_bg",6,1],"433":["font/zi_zhongjiang",7,1],"434":["godWealth_actionBar/dl_long_zidong_1",0,1],"435":["godWealth_actionBar/dl_long_zidong_1/texture",1,1],"436":["godWealth_actionBar/dl_long_zidong_1/spriteFrame",2,1],"437":["textures/btn_off",0,1],"438":["textures/btn_off/texture",1,1],"439":["textures/btn_off/spriteFrame",2,1],"440":["atlas/Lightning/shandian",10,1],"441":["PublicImg/icon_dating_jinbi",0,1],"442":["PublicImg/icon_dating_jinbi/texture",1,1],"443":["PublicImg/icon_dating_jinbi/spriteFrame",2,1],"444":["prefabs/prefab_godWealth_jackPot",8,1],"445":["textures/bg_cs_baopenbox_3",0,1],"446":["textures/bg_cs_baopenbox_3/texture",1,1],"447":["textures/bg_cs_baopenbox_3/spriteFrame",2,1],"448":["textures/bg_cs_baopenbox_1",0,1],"449":["textures/bg_cs_baopenbox_1/texture",1,1],"450":["textures/bg_cs_baopenbox_1/spriteFrame",2,1],"451":["godWealth_actionBar/GOOD LUCK",0,1],"452":["godWealth_actionBar/GOOD LUCK/texture",1,1],"453":["godWealth_actionBar/GOOD LUCK/spriteFrame",2,1],"454":["atlas/iconSprite/q",0,1],"455":["atlas/iconSprite/q/texture",1,1],"456":["atlas/iconSprite/q/spriteFrame",2,1],"457":["textures/God_SC6",0,1],"458":["textures/God_SC6/texture",1,1],"459":["textures/God_SC6/spriteFrame",2,1],"460":["godWealth_actionBar/dl_cs_offanniu",0,1],"461":["godWealth_actionBar/dl_cs_offanniu/texture",1,1],"462":["godWealth_actionBar/dl_cs_offanniu/spriteFrame",2,1],"463":["godWealth_actionBar/dl_cs_SPINzi",0,1],"464":["godWealth_actionBar/dl_cs_SPINzi/texture",1,1],"465":["godWealth_actionBar/dl_cs_SPINzi/spriteFrame",2,1],"466":["atlas/dialog/caishen_mw",5,1],"467":["textures/God_cs",0,1],"468":["textures/God_cs/texture",1,1],"469":["textures/God_cs/spriteFrame",2,1],"470":["godWealth_actionBar/dl_cs_jinbibox",0,1],"471":["godWealth_actionBar/dl_cs_jinbibox/texture",1,1],"472":["godWealth_actionBar/dl_cs_jinbibox/spriteFrame",2,1],"473":["textures/2",0,1],"474":["textures/2/texture",1,1],"475":["textures/2/spriteFrame",2,1],"476":["textures/God_TB_12_1",0,1],"477":["textures/God_TB_12_1/texture",1,1],"478":["textures/God_TB_12_1/spriteFrame",2,1],"479":["atlas/PublicSkeleton/spine_guangquan",10,1],"480":["textures/God_TB_10_1",0,1],"481":["textures/God_TB_10_1/texture",1,1],"482":["textures/God_TB_10_1/spriteFrame",2,1],"483":["textures/box",0,1],"484":["textures/box/texture",1,1],"485":["godWealth_actionBar/dl_cs_spinicon2",0,1],"486":["godWealth_actionBar/dl_cs_spinicon2/texture",1,1],"487":["godWealth_actionBar/dl_cs_spinicon2/spriteFrame",2,1],"488":["godWealth_actionBar/MUSIC",0,1],"489":["godWealth_actionBar/MUSIC/texture",1,1],"490":["godWealth_actionBar/MUSIC/spriteFrame",2,1],"491":["atlas/dialog/win/zi_freespinshasbeen",0,1],"492":["atlas/dialog/win/zi_freespinshasbeen/texture",1,1],"493":["atlas/dialog/win/zi_freespinshasbeen/spriteFrame",2,1],"494":["atlas/bigBubble/skeleton5",0,1],"495":["atlas/bigBubble/skeleton5/texture",1,1],"496":["textures/Gratis_on",0,1],"497":["textures/Gratis_on/texture",1,1],"498":["textures/Gratis_on/spriteFrame",2,1],"499":["font/shuzi_xiazhucishu",7,1],"500":["atlas/dialog/win/zi_interasure",0,1],"501":["atlas/dialog/win/zi_interasure/texture",1,1],"502":["atlas/dialog/win/zi_interasure/spriteFrame",2,1],"503":["prefabs/dialogWin",8,1],"504":["atlas/dialog/jackpot/slots_common_game_uw_gold",0,1],"505":["atlas/dialog/jackpot/slots_common_game_uw_gold/texture",1,1],"506":["atlas/dialog/jackpot/slots_common_game_uw_gold/spriteFrame",2,1],"507":["textures/God_TB_13_1",0,1],"508":["textures/God_TB_13_1/texture",1,1],"509":["textures/God_TB_13_1/spriteFrame",2,1],"510":["godWealth_actionBar/dl_long_confirm",0,1],"511":["godWealth_actionBar/dl_long_confirm/texture",1,1],"512":["godWealth_actionBar/dl_long_confirm/spriteFrame",2,1],"513":["godWealth_actionBar/dl_cs_zhongjiangbox",0,1],"514":["godWealth_actionBar/dl_cs_zhongjiangbox/texture",1,1],"515":["godWealth_actionBar/dl_cs_zhongjiangbox/spriteFrame",2,1],"516":["atlas/focusBorder/xuanzhong",0,1],"517":["atlas/focusBorder/xuanzhong/texture",1,1],"518":["font/zi_zhongjiang_0",0,1],"519":["font/zi_zhongjiang_0/texture",1,1],"520":["font/zi_zhongjiang_0/spriteFrame",2,1],"521":["atlas/rollerIcon/yuanbao/yuanbao",10,1],"522":["atlas/dialog/superwin/cs_sw",0,1],"523":["atlas/dialog/superwin/cs_sw/texture",1,1],"524":["godWealth_actionBar/dl_cs_jinbijia",0,1],"525":["godWealth_actionBar/dl_cs_jinbijia/texture",1,1],"526":["godWealth_actionBar/dl_cs_jinbijia/spriteFrame",2,1],"527":["textures/God_tk1_6",0,1],"528":["textures/God_tk1_6/texture",1,1],"529":["textures/God_tk1_6/spriteFrame",2,1],"530":["prefabs/slotBg_new",8,1],"531":["atlas/rollerIcon/wild/jinchan2",10,1],"532":["atlas/rollerIcon/yaoqianshu/yaoqianshu",9,1],"533":["prefabs/slotPanel",8,1],"534":["audio/ding",6,1],"535":["font/fnt_gold",7,1],"536":["textures/God_nr4",0,1],"537":["textures/God_nr4/texture",1,1],"538":["textures/God_nr4/spriteFrame",2,1],"539":["atlas/rollerIcon/tongqian/tb_tongqian",9,1],"540":["atlas/rollerIcon/tongqian/tb_tongqian",0,1],"541":["atlas/rollerIcon/tongqian/tb_tongqian/texture",1,1],"542":["atlas/rollerIcon/tongqian/tb_tongqian/spriteFrame",2,1],"543":["textures/God_TB_14",0,1],"544":["textures/God_TB_14/texture",1,1],"545":["textures/God_TB_14/spriteFrame",2,1],"546":["atlas/rollerIcon/scatter/caisheng2",0,1],"547":["atlas/rollerIcon/scatter/caisheng2/texture",1,1],"548":["atlas/rollerIcon/scatter/caisheng2/spriteFrame",2,1],"549":["textures/head",0,1],"550":["textures/head/texture",1,1],"551":["textures/head/spriteFrame",2,1],"552":["atlas/rollerIcon/A/a",10,1],"553":["audio/shell_end",6,1],"554":["atlas/flyBg/caishenguochang",9,1],"555":["godWealth_actionBar/dl_cs_caidananniu",0,1],"556":["godWealth_actionBar/dl_cs_caidananniu/texture",1,1],"557":["godWealth_actionBar/dl_cs_caidananniu/spriteFrame",2,1],"558":["atlas/bigBubble/skeleton",9,1],"559":["atlas/bigBubble/skeleton4",0,1],"560":["atlas/bigBubble/skeleton4/texture",1,1],"561":["atlas/number/number-atlas-1",11,1],"562":["textures/God_nr2",0,1],"563":["textures/God_nr2/texture",1,1],"564":["textures/God_nr2/spriteFrame",2,1],"565":["textures/God_TB_14_1",0,1],"566":["textures/God_TB_14_1/texture",1,1],"567":["textures/God_TB_14_1/spriteFrame",2,1],"568":["textures/bg_sg_1",0,1],"569":["textures/bg_sg_1/texture",1,1],"570":["textures/bg_sg_1/spriteFrame",2,1],"571":["godWealth_actionBar/dl_cs_tuichuanniu",0,1],"572":["godWealth_actionBar/dl_cs_tuichuanniu/texture",1,1],"573":["godWealth_actionBar/dl_cs_tuichuanniu/spriteFrame",2,1],"574":["godWealth_actionBar/dl_cs_dibox",0,1],"575":["godWealth_actionBar/dl_cs_dibox/texture",1,1],"576":["godWealth_actionBar/dl_cs_dibox/spriteFrame",2,1],"577":["font/shuzi_xiazhujine_0",0,1],"578":["font/shuzi_xiazhujine_0/texture",1,1],"579":["font/shuzi_xiazhujine_0/spriteFrame",2,1],"580":["godWealth_actionBar/dl_cs_xiazhubox",0,1],"581":["godWealth_actionBar/dl_cs_xiazhubox/texture",1,1],"582":["godWealth_actionBar/dl_cs_xiazhubox/spriteFrame",2,1],"583":["godWealth_actionBar/dl_cs_autoanniubox",0,1],"584":["godWealth_actionBar/dl_cs_autoanniubox/texture",1,1],"585":["godWealth_actionBar/dl_cs_autoanniubox/spriteFrame",2,1],"586":["atlas/iconSprite/yaoqianshu",0,1],"587":["atlas/iconSprite/yaoqianshu/texture",1,1],"588":["atlas/iconSprite/yaoqianshu/spriteFrame",2,1],"589":["godWealth_actionBar/STOP",0,1],"590":["godWealth_actionBar/STOP/texture",1,1],"591":["godWealth_actionBar/STOP/spriteFrame",2,1],"592":["godWealth_actionBar/dl_cs_kuai_1",0,1],"593":["godWealth_actionBar/dl_cs_kuai_1/texture",1,1],"594":["godWealth_actionBar/dl_cs_kuai_1/spriteFrame",2,1],"595":["atlas/dialog/jackpot/slots_common_game_uw_gold",9,1],"596":["audio/sunGodNum",6,1],"597":["textures/God_tk2_3",0,1],"598":["textures/God_tk2_3/texture",1,1],"599":["textures/God_tk2_3/spriteFrame",2,1],"600":["atlas/rollerIcon/scatter/caisheng",9,1],"601":["atlas/rollerIcon/yuanbao/yuanbao",9,1],"602":["atlas/bigBubble/skeleton",0,1],"603":["atlas/bigBubble/skeleton/texture",1,1],"604":["atlas/dialog/win/bg_caishen_baohe_box1",0,1],"605":["atlas/dialog/win/bg_caishen_baohe_box1/texture",1,1],"606":["atlas/dialog/win/bg_caishen_baohe_box1/spriteFrame",2,1],"607":["audio/ling",6,1],"608":["godWealth_actionBar/dl_cs_spinicon1",0,1],"609":["godWealth_actionBar/dl_cs_spinicon1/texture",1,1],"610":["godWealth_actionBar/dl_cs_spinicon1/spriteFrame",2,1],"611":["audio/turn",6,1],"612":["publicFont/shuzi_xiazhujine",7,1],"613":["textures/God_TB_3_1",0,1],"614":["textures/God_TB_3_1/texture",1,1],"615":["textures/God_TB_3_1/spriteFrame",2,1],"616":["atlas/dialog/superwin/cs_sw",10,1],"617":["atlas/particle_goodluck",5,1],"618":["atlas/Lightning/shandian",9,1],"619":["atlas/iconSprite/a",0,1],"620":["atlas/iconSprite/a/texture",1,1],"621":["atlas/iconSprite/a/spriteFrame",2,1],"622":["godWealth_actionBar/dl_cs_spinanniu1",0,1],"623":["godWealth_actionBar/dl_cs_spinanniu1/texture",1,1],"624":["godWealth_actionBar/dl_cs_spinanniu1/spriteFrame",2,1],"625":["atlas/rollerIcon/tongqian/tb_tongqian",10,1],"626":["atlas/rollerIcon/J/j",0,1],"627":["atlas/rollerIcon/J/j/texture",1,1],"628":["atlas/rollerIcon/J/j/spriteFrame",2,1],"629":["atlas/dialog/jackpot/slots_common_game_uw_gold",10,1],"630":["atlas/dialog/superwin/slots_common_game_sw_gold",10,1],"631":["prefabs/prefab_godWealth_set",8,1],"632":["prefabs/singleIconRoller",8,1],"633":["head/head_circle_4/spriteFrame",2,1],"634":["textures/God_TB_13_1_1",0,1],"635":["textures/God_TB_13_1_1/texture",1,1],"636":["textures/God_TB_13_1_1/spriteFrame",2,1],"637":["atlas/bigBubble/skeleton",10,1],"638":["head/head_circle_7/spriteFrame",2,1],"639":["textures/icon_dt_loading_0",0,1],"640":["textures/icon_dt_loading_0/texture",1,1],"641":["textures/icon_dt_loading_0/spriteFrame",2,1],"642":["atlas/dialog/jackpot/sb_lbjs_JACKPOT",10,1],"643":["font/god_num_0",0,1],"644":["font/god_num_0/texture",1,1],"645":["font/god_num_0/spriteFrame",2,1],"646":["textures/icon_dt_loading_1",0,1],"647":["textures/icon_dt_loading_1/texture",1,1],"648":["textures/icon_dt_loading_1/spriteFrame",2,1],"649":["font/shuzi_xiazhucishu_0",0,1],"650":["font/shuzi_xiazhucishu_0/texture",1,1],"651":["font/shuzi_xiazhucishu_0/spriteFrame",2,1],"652":["atlas/dialog/jackpot/sb_lbjs_JACKPOT",9,1],"653":["textures/God_TB_2_1",0,1],"654":["textures/God_TB_2_1/texture",1,1],"655":["textures/God_TB_2_1/spriteFrame",2,1],"656":["atlas/dialog/bigwin/cs_bw",10,1],"657":["godWealth_actionBar/dl_cs_kuaianniubox",0,1],"658":["godWealth_actionBar/dl_cs_kuaianniubox/texture",1,1],"659":["godWealth_actionBar/dl_cs_kuaianniubox/spriteFrame",2,1],"660":["godWealth_actionBar/dl_cs_vipanniu",0,1],"661":["godWealth_actionBar/dl_cs_vipanniu/texture",1,1],"662":["godWealth_actionBar/dl_cs_vipanniu/spriteFrame",2,1],"663":["godWealth_actionBar/God_tk2_3",0,1],"664":["godWealth_actionBar/God_tk2_3/texture",1,1],"665":["godWealth_actionBar/God_tk2_3/spriteFrame",2,1],"666":["atlas/focusBorder/xuanzhong",10,1],"667":["atlas/rollerIcon/q/q",0,1],"668":["atlas/rollerIcon/q/q/texture",1,1],"669":["atlas/rollerIcon/q/q/spriteFrame",2,1],"670":["prefabs/flyBg",8,1],"671":["textures/5",0,1],"672":["textures/5/texture",1,1],"673":["textures/5/spriteFrame",2,1],"674":["textures/God_tk1",0,1],"675":["textures/God_tk1/texture",1,1],"676":["textures/God_tk1/spriteFrame",2,1],"677":["atlas/dialog/win/titile_caishen_xiaoyouxi",0,1],"678":["atlas/dialog/win/titile_caishen_xiaoyouxi/texture",1,1],"679":["atlas/dialog/win/titile_caishen_xiaoyouxi/spriteFrame",2,1],"680":["godWealth_actionBar/aut1",0,1],"681":["godWealth_actionBar/aut1/texture",1,1],"682":["godWealth_actionBar/aut1/spriteFrame",2,1],"683":["atlas/dialog/megawin/cs_mw",0,1],"684":["atlas/dialog/megawin/cs_mw/texture",1,1],"685":["textures/God_nr1",0,1],"686":["textures/God_nr1/texture",1,1],"687":["textures/God_nr1/spriteFrame",2,1],"688":["atlas/dialog/yuanbao",0,1],"689":["atlas/dialog/yuanbao/texture",1,1],"690":["atlas/dialog/yuanbao/spriteFrame",2,1],"691":["atlas/PublicSkeleton/spine_guangquan",0,1],"692":["atlas/PublicSkeleton/spine_guangquan/texture",1,1],"693":["atlas/flyingCrane/feihe",9,1],"694":["atlas/dialog/bigwin/cs_bw",9,1],"695":["head/head_circle_5/spriteFrame",2,1],"696":["atlas/rollerIcon/scatter/caisheng",10,1],"697":["textures/God_SC4",0,1],"698":["textures/God_SC4/texture",1,1],"699":["textures/God_SC4/spriteFrame",2,1],"700":["atlas/dialog/superwin/slots_common_game_sw_gold",9,1],"701":["textures/default_sprite_splash",0,1],"702":["textures/default_sprite_splash/texture",1,1],"703":["textures/default_sprite_splash/spriteFrame",2,1],"704":["atlas/iconSprite/wild",0,1],"705":["atlas/iconSprite/wild/texture",1,1],"706":["atlas/iconSprite/wild/spriteFrame",2,1],"707":["prefabs/prefab_godWealth_roller",8,1],"708":["atlas/rollerIcon/scatter/caisheng",0,1],"709":["atlas/rollerIcon/scatter/caisheng/texture",1,1],"710":["atlas/rollerIcon/scatter/caisheng/spriteFrame",2,1],"711":["godWealth_actionBar/dl_cs_caidanbox",0,1],"712":["godWealth_actionBar/dl_cs_caidanbox/texture",1,1],"713":["godWealth_actionBar/dl_cs_caidanbox/spriteFrame",2,1],"714":["atlas/iconSprite/baohe",0,1],"715":["atlas/iconSprite/baohe/texture",1,1],"716":["atlas/iconSprite/baohe/spriteFrame",2,1],"717":["head/head_circle_8/spriteFrame",2,1],"718":["atlas/dialog/superwin/slots_common_game_sw_gold",0,1],"719":["atlas/dialog/superwin/slots_common_game_sw_gold/texture",1,1],"720":["atlas/dialog/superwin/slots_common_game_sw_gold/spriteFrame",2,1],"721":["atlas/focusBorder/xuanzhong",9,1],"722":["textures/4",0,1],"723":["textures/4/texture",1,1],"724":["textures/4/spriteFrame",2,1],"725":["atlas/rollerIcon/wild/jinchan2",0,1],"726":["atlas/rollerIcon/wild/jinchan2/texture",1,1],"727":["atlas/rollerIcon/wild/jinchan2/spriteFrame",2,1],"728":["godWealth_actionBar/AUTO",0,1],"729":["godWealth_actionBar/AUTO/texture",1,1],"730":["godWealth_actionBar/AUTO/spriteFrame",2,1]},"scenes":{},"packs":{"0fb56a076":[2,3,4,5,6,7,8,9,10,11,12,13,14,15,16,17,18,19,20,21,22,23,24,25,26,27,28,29,30,31,32,33,34,35,36,37,38,39,40,41,42,43,44,45,46,47,48,49,50,51,52,53,54,56,57,58,59,60,61,62,63,731,732,64,65,66,67,68,69,733,734,70,71,72,73,74,75,76,77,78,79,80,81,82,83,84,85,86,87,88,89,90,91,735,736,92,93,94,95,96,97,98,99,737,738,739,100,101,102,103,104,105,106,107,108,109,110,111,112,113,114,115,116,117,118,119,120,121,122,123,124,125,126,127,128,129,130,131,132,133,134,135,136,137,138,139,140,141,142,143,144,145,146,147,148,149,150,151,152,153,154,155,156,157,158,159,160,161,162,163,164,165,166,167,168,169,170,171,172,173,174,175,176,177,178,179,180,181,182,183,184,185,186,187,188,189,190,191,192,194,195,196,197,198,199,200,201,202,203,204,205,206,207,208,209,210,211,212,213,214,215,216,217,218,219,220,221,222,223,224,225,226,227,228,229,230,231,232,233,234,235,236,237,238,239,240,241,242,243,244,245,246,247,248,249,250,251,252,253,254,255,256,257,258,259,260,261,262,263,264,265,266,267,268,269,270,271,272,273,274,275,276,277,278,279,280,281,282,283,284,285,286,287,288,289,290,291,292,293,294,295,296,297,298,299,300,301,302,303,304,305,306,307,308,309,310,311,312,313,314,315,316,317,318,319,320,321,322,323,324,325,326,327,328,330,331,332,333,334,335,336,337,338,339,340,341,342,343,344,345,346,347,348,349,350,351,352,353,354,355,356,357,358,359,360,361,362,363,364,365,366,367,368,369,370,371,372,373,374,375,376,377,378,379,380,381,382,383,384,385,386,387,388,389,390,391,392,393,394,395,396,397,398,399,400,401,402,403,404,405,0,0,406,407,408,409,410,411,412,413,414,415,416,417,418,419,420,421,422,423,424,425,426,427,428,429,430,431,432,433,434,435,436,437,438,439,440,742,441,442,443,444,445,446,447,448,449,450,451,452,453,454,455,456,457,458,459,460,461,462,463,464,465,743,744,745,466,467,468,469,470,471,472,473,474,475,476,477,478,479,480,481,482,483,484,485,486,487,488,489,490,491,492,493,494,495,496,497,498,499,500,501,502,503,504,505,506,507,508,509,510,511,512,513,514,515,516,517,518,519,520,521,522,523,524,525,526,527,528,529,530,531,532,533,534,535,536,537,538,539,540,541,542,543,544,545,1,1,546,547,548,549,550,551,552,553,554,555,556,557,558,559,560,561,562,563,564,565,566,567,568,569,570,571,572,573,574,575,576,577,578,579,580,581,582,583,584,585,586,587,588,589,590,591,592,593,594,595,596,597,598,599,600,601,602,603,604,605,606,607,608,609,610,611,612,613,614,615,616,617,618,619,620,621,622,623,624,625,626,627,628,629,630,631,632,633,634,635,636,637,638,639,640,641,642,643,644,645,646,647,648,649,650,651,652,653,654,655,656,657,658,659,660,661,662,663,664,665,666,667,668,669,670,671,672,673,674,675,676,677,678,679,680,681,682,683,684,685,686,687,688,689,690,691,692,693,694,695,696,697,698,699,700,701,702,703,704,705,706,707,708,709,710,711,712,713,747,714,715,716,717,718,719,720,721,722,723,724,725,726,727,728,729,730]},"versions":{"import":[],"native":[]},"redirect":[740,"0",741,"1"],"debug":false,"extensionMap":{".cconb":[193,329,746]},"hasPreloadScript":true,"dependencyRelationships":{},"types":["cc.ImageAsset","cc.Texture2D","cc.SpriteFrame","cc.SpriteAtlas","cc.AnimationClip","cc.ParticleAsset","cc.AudioClip","cc.BitmapFont","cc.Prefab","cc.Asset","sp.SkeletonData","cc.LabelAtlas"]}