{"importBase":"import","nativeBase":"native","name":"godWealthV2","deps":["internal","main"],"uuids":["71/P8jeANPC67smaq11f0P","00NqCoPplNf7X3WFoG2R+8","01GQp2f1pIO47sAuAVYEKC","01LcbQE1lNdai+TGMLh5GL@6c48a","01RrgWoitDI5wJbsLIf73M","01yPSmvxdDlbJ5fDpWkzg1@6c48a","01yPSmvxdDlbJ5fDpWkzg1@f9941","03vb6Z1AZJzL1L8HAzEvjQ@6c48a","03vb6Z1AZJzL1L8HAzEvjQ@f9941","056D7VK05FGLmu9gLhGgW9@6c48a","06DifrvSxHX5uYcvgiP3tT@f9941","01LcbQE1lNdai+TGMLh5GL","01LcbQE1lNdai+TGMLh5GL@f9941","01yPSmvxdDlbJ5fDpWkzg1","036db3b76","03vb6Z1AZJzL1L8HAzEvjQ","03d022b20","03dcaba3d","0420331f9","047d4429f","053bcca00","05919a75d","b0a8xrZyZENrNsyp0Cz4w2","06zYy8DgVLFabn4C+m1/nF@6c48a","06zYy8DgVLFabn4C+m1/nF@f9941","07jynySmxDmazC04Rydst4@6c48a","07kOaPcZRBDKeEkrCeLGUk@6c48a","07kOaPcZRBDKeEkrCeLGUk@f9941","08QsUNXCtFabrQq8GVJwma@6c48a","08QsUNXCtFabrQq8GVJwma@f9941","08ginnpmFE+7982vjbp7Yw@6c48a","08pmpgKAlNloYdGpVTfa5P","08wGv6fpxHeoimFS5O2N1F@f9941","3b9L17qoFLkpVacDha78Ge@6c48a","3cvkKAN4pCEY9pSk+eS5iP@6c48a","3cvkKAN4pCEY9pSk+eS5iP@f9941","3dBGksjv1OJaG89p2sJ1vf@6c48a","3dBGksjv1OJaG89p2sJ1vf@f9941","40SxUtiUtJFKQnIMU6O1HM","40t3hdIdpMEo+XAU1brw8k@6c48a","42QA4KN1tHcYKRGgrC0Gur@6c48a","42QA4KN1tHcYKRGgrC0Gur@f9941","42QWj+pUNC7aY0H/B3FkQP@f9941","43B0aqMAhOw6/EA4KzV51g","43t+tkvh9BNp/5sniwb7gq@6c48a","43t+tkvh9BNp/5sniwb7gq@f9941","44BNSyWCpP9IJFBt8ZyVzI","47mg69AwRKlI0FPuwSRJXx@f9941","48D6hDN+VEjq7oQNAxFhmw@6c48a","48ELbT0KxOxKW0l90GBI6k@6c48a","48ELbT0KxOxKW0l90GBI6k@f9941","49wUJybS9Ec4dPA0Db84NT@f9941","4amZYpcuBPbqzVihTqM+Fi@f9941","4azVAZ+KJLpb9rxIouOQTl","4azVAZ+KJLpb9rxIouOQTl@0144a","4azVAZ+KJLpb9rxIouOQTl@0a0bb","4azVAZ+KJLpb9rxIouOQTl@0cd60","4azVAZ+KJLpb9rxIouOQTl@1014b","4azVAZ+KJLpb9rxIouOQTl@10a27","4azVAZ+KJLpb9rxIouOQTl@1802b","4azVAZ+KJLpb9rxIouOQTl@18655","4azVAZ+KJLpb9rxIouOQTl@199b9","4azVAZ+KJLpb9rxIouOQTl@1a6e4","4azVAZ+KJLpb9rxIouOQTl@1bb06","4azVAZ+KJLpb9rxIouOQTl@1d16b","4azVAZ+KJLpb9rxIouOQTl@25bd9","4azVAZ+KJLpb9rxIouOQTl@28157","4azVAZ+KJLpb9rxIouOQTl@28423","4azVAZ+KJLpb9rxIouOQTl@28754","4azVAZ+KJLpb9rxIouOQTl@2958a","4azVAZ+KJLpb9rxIouOQTl@2c6ce","4azVAZ+KJLpb9rxIouOQTl@2fdd3","4azVAZ+KJLpb9rxIouOQTl@33504","4azVAZ+KJLpb9rxIouOQTl@33a09","4azVAZ+KJLpb9rxIouOQTl@3673d","4azVAZ+KJLpb9rxIouOQTl@36b6c","4azVAZ+KJLpb9rxIouOQTl@390a5","4azVAZ+KJLpb9rxIouOQTl@3a129","4azVAZ+KJLpb9rxIouOQTl@3ca60","4azVAZ+KJLpb9rxIouOQTl@3e9a4","4azVAZ+KJLpb9rxIouOQTl@3ef2d","4azVAZ+KJLpb9rxIouOQTl@3ffd6","4azVAZ+KJLpb9rxIouOQTl@455a3","4azVAZ+KJLpb9rxIouOQTl@4a795","4azVAZ+KJLpb9rxIouOQTl@4b37d","4azVAZ+KJLpb9rxIouOQTl@4cb13","4azVAZ+KJLpb9rxIouOQTl@4cfd2","4azVAZ+KJLpb9rxIouOQTl@4d441","4azVAZ+KJLpb9rxIouOQTl@4e50f","4azVAZ+KJLpb9rxIouOQTl@4ec0d","4azVAZ+KJLpb9rxIouOQTl@4ef57","4azVAZ+KJLpb9rxIouOQTl@4fe02","4azVAZ+KJLpb9rxIouOQTl@50cea","4azVAZ+KJLpb9rxIouOQTl@52fe6","4azVAZ+KJLpb9rxIouOQTl@55a5f","4azVAZ+KJLpb9rxIouOQTl@55d9e","4azVAZ+KJLpb9rxIouOQTl@55ec3","4azVAZ+KJLpb9rxIouOQTl@562dd","4azVAZ+KJLpb9rxIouOQTl@56ecc","4azVAZ+KJLpb9rxIouOQTl@5a661","4azVAZ+KJLpb9rxIouOQTl@5b16e","4azVAZ+KJLpb9rxIouOQTl@5bf70","4azVAZ+KJLpb9rxIouOQTl@5eb60","4azVAZ+KJLpb9rxIouOQTl@5f396","4azVAZ+KJLpb9rxIouOQTl@5f7a6","4azVAZ+KJLpb9rxIouOQTl@64bca","4azVAZ+KJLpb9rxIouOQTl@6a604","4azVAZ+KJLpb9rxIouOQTl@6d5fd","4azVAZ+KJLpb9rxIouOQTl@6f46b","4azVAZ+KJLpb9rxIouOQTl@7341d","4azVAZ+KJLpb9rxIouOQTl@74029","4azVAZ+KJLpb9rxIouOQTl@76fee","4azVAZ+KJLpb9rxIouOQTl@7bef4","4azVAZ+KJLpb9rxIouOQTl@7e062","4azVAZ+KJLpb9rxIouOQTl@86adb","4azVAZ+KJLpb9rxIouOQTl@8ee9d","4azVAZ+KJLpb9rxIouOQTl@917b9","4azVAZ+KJLpb9rxIouOQTl@92141","4azVAZ+KJLpb9rxIouOQTl@93832","4azVAZ+KJLpb9rxIouOQTl@944fc","4azVAZ+KJLpb9rxIouOQTl@94575","4azVAZ+KJLpb9rxIouOQTl@997de","4azVAZ+KJLpb9rxIouOQTl@99a73","4azVAZ+KJLpb9rxIouOQTl@9b262","4azVAZ+KJLpb9rxIouOQTl@9b33f","4azVAZ+KJLpb9rxIouOQTl@a08ce","4azVAZ+KJLpb9rxIouOQTl@a1752","4azVAZ+KJLpb9rxIouOQTl@ae551","4azVAZ+KJLpb9rxIouOQTl@af26d","4azVAZ+KJLpb9rxIouOQTl@afa9a","4azVAZ+KJLpb9rxIouOQTl@b1c0f","4azVAZ+KJLpb9rxIouOQTl@baef9","4azVAZ+KJLpb9rxIouOQTl@bdfa7","4azVAZ+KJLpb9rxIouOQTl@bfb99","4azVAZ+KJLpb9rxIouOQTl@c0a1f","4azVAZ+KJLpb9rxIouOQTl@c443e","4azVAZ+KJLpb9rxIouOQTl@c548b","4azVAZ+KJLpb9rxIouOQTl@c809a","4azVAZ+KJLpb9rxIouOQTl@c904d","4azVAZ+KJLpb9rxIouOQTl@cbb2f","4azVAZ+KJLpb9rxIouOQTl@cbca4","4azVAZ+KJLpb9rxIouOQTl@d6d8c","4azVAZ+KJLpb9rxIouOQTl@da08a","4azVAZ+KJLpb9rxIouOQTl@de78e","4azVAZ+KJLpb9rxIouOQTl@df163","4azVAZ+KJLpb9rxIouOQTl@e3de4","4azVAZ+KJLpb9rxIouOQTl@e4f68","4azVAZ+KJLpb9rxIouOQTl@eb2db","4azVAZ+KJLpb9rxIouOQTl@f46ac","4azVAZ+KJLpb9rxIouOQTl@f74ae","4azVAZ+KJLpb9rxIouOQTl@fed0d","4bZGnMdBxFUY+kgetqXmvA@6c48a","4buwlv+vNMxL2nBdedasZS@6c48a","4buwlv+vNMxL2nBdedasZS@f9941","4c9Y4IdgJGT5Xcd6KYdQib@f9941","4fm4hbhvhOR6osCEJYTu8k@6c48a","4f5E5NjbtBZbrFzn1OOy5T@6c48a","50FP/CtVRN1ZNtKe0G1eey@6c48a","53BxxlKs9FXYR7BLDfdYK8@6c48a","53BxxlKs9FXYR7BLDfdYK8@f9941","53FPwysFNDj6q7pqGKHxFR@6c48a","55pOVR6nhPVqPfuZA54ZLx","56E8xhZzdAmLEiMYOZTMCx","57gjmlI91CpIOgKguWnQqj@6c48a","57gjmlI91CpIOgKguWnQqj@f9941","5aJtLAbRpI3qa/hvNGM1AX@f9941","5aRw364UVKSpOyvMCzF6gl@6c48a","5bEj6JYCNDWYV8JPM2C+vd@6c48a","5bEj6JYCNDWYV8JPM2C+vd@f9941","5bRGBOdMdLRb+vIBLxPTNE@6c48a","5bTO63CcZIBYM2xXwo4SzQ@f9941","5bi3uJyiFDG5awYfQgC3lJ@6c48a","5b7ZC5/E5IlbNfLO0UAAu3@6c48a","5b7ZC5/E5IlbNfLO0UAAu3@f9941","5cR9dKf1tGKLmw7FaUlUiM@f9941","5evNJviTdOFo8fmA3sHHwO@6c48a","5evNJviTdOFo8fmA3sHHwO@f9941","64jkeRtppGyLKG9qfhvG3S@6c48a","64jkeRtppGyLKG9qfhvG3S@f9941","65fDa64SpFt5XCJWi3SYq4@6c48a","65fDa64SpFt5XCJWi3SYq4@f9941","66Tcq4z51EeadHjZYt32Wn@f9941","66XA3pkrBOrZ4GWcmgnYiQ@f9941","67tV7CLjdJDrYnvcOrzIW3@6c48a","67tV7CLjdJDrYnvcOrzIW3@f9941","68wqNjcz5KXpwUmjJ3530b@f9941","694wWTDU5BuIXhawYkZ9lM@6c48a","696SGJ0U5Gp56ICuvYDYE9@6c48a","6bdhDss51M95eFxX1UOyGF@f9941","6cAdO4o3xIXJsdSnzAeTKG@6c48a","6cAdO4o3xIXJsdSnzAeTKG@f9941","6cub1NAglJgbb31WHQLVLB","6dKEBsWi9G67f9O/axhDic@6c48a","6dKEBsWi9G67f9O/axhDic@f9941","6fDAUNqdFDo6ERwpmu4DFE@6c48a","6fDAUNqdFDo6ERwpmu4DFE@f9941","6fGcMvr8dFqJT10xijaA8O@f9941","70wyC/RqNEo5nAFMhYw1Qa","056D7VK05FGLmu9gLhGgW9","056D7VK05FGLmu9gLhGgW9@f9941","06DifrvSxHX5uYcvgiP3tT","06748f643","06zYy8DgVLFabn4C+m1/nF","073de2530","09Z1JCZQZN5r6a6YptL0ty","07jynySmxDmazC04Rydst4","07jynySmxDmazC04Rydst4@f9941","07kOaPcZRBDKeEkrCeLGUk","08QsUNXCtFabrQq8GVJwma","08ginnpmFE+7982vjbp7Yw","08ginnpmFE+7982vjbp7Yw@f9941","08usV52ORDyrwM5ImUQU+c","08dc0184c","09p0G+xBlOkY1QJDDPRkIG@6c48a","0aa/xu+I9F5I1o7Ae1fZT4@6c48a","09p0G+xBlOkY1QJDDPRkIG","09p0G+xBlOkY1QJDDPRkIG@f9941","0aa/xu+I9F5I1o7Ae1fZT4","0aa/xu+I9F5I1o7Ae1fZT4@f9941","0ae074710","0b19e5e92","0b4956ff2","0bce52b23","0c1c2ef39","0c55UffE5LDpw3wigq7NaW@f9941","0eCTUhCiBCCaRc8s+yYJMr@6c48a","0f69MjL+1NNZ3UeTUoz/9r@6c48a","13DsiJHlFEpoplAFyQ2YKf@6c48a","13DsiJHlFEpoplAFyQ2YKf@f9941","13jTmxSEVMmJJ0jRrfOBJ3@f9941","13wVzyvqpFZImQnbbETe4U@f9941","16YVF+FrZF0YQftxDSzxgt@6c48a","0crgaPN69C5Jph0QYmTE02","0c55UffE5LDpw3wigq7NaW","0eCTUhCiBCCaRc8s+yYJMr","0eCTUhCiBCCaRc8s+yYJMr@f9941","0e20bedc6","0e4e9d792","0ed18efca","0efda33c7","0fV6zSprxOmaY5nAVR94GR@6c48a","0fV6zSprxOmaY5nAVR94GR@f9941","0fV6zSprxOmaY5nAVR94GR","0f8b06224","0fa1747f4","0f69MjL+1NNZ3UeTUoz/9r","0f69MjL+1NNZ3UeTUoz/9r@f9941","12bjklXlRKnZiQyZT47GOj","12vkZ7fyhAlZU6HZdS7NlQ","13DsiJHlFEpoplAFyQ2YKf","138850d1a","138850d1a@6c48a","13jTmxSEVMmJJ0jRrfOBJ3","13wVzyvqpFZImQnbbETe4U","15f51cc3d","16yX/nGEFPFIvlWdpnh9Nu@6c48a","16yX/nGEFPFIvlWdpnh9Nu@f9941","17oK+pP8NOa7VkzRNRBpT9@f9941","1dSKBmcD9DSqwHhRNOzKd+@f9941","1eLvCeuCBDCIe8r797+zXH@6c48a","1eLvCeuCBDCIe8r797+zXH@f9941","1emVADr9BK66kXOcqunvXx@6c48a","1emVADr9BK66kXOcqunvXx@f9941","215uZV4l1Mno+fTUNvVMS8@6c48a","23RxBlzUhNyK4Rmu5jfHjC@f9941","25p3Dqq85HpZFAkn8bXmfA@6c48a","25p3Dqq85HpZFAkn8bXmfA@f9941","2aiVSg+u1HKJRuAw7LXOsf@f9941","2bllwGlMJOeLnKGKvF0lCZ@6c48a","2bo8UXZ1lOxZvlEFHEK45g@6c48a","2cVf6tD3lENJu0dT3z2ngy@6c48a","2cVf6tD3lENJu0dT3z2ngy@f9941","2dngwFqSlJCpoI71BsWkTN@6c48a","2dngwFqSlJCpoI71BsWkTN@f9941","2dt/W4Gu5Oaq9UVSEVCPYM@6c48a","2dt/W4Gu5Oaq9UVSEVCPYM@f9941","2eUuKU6ZRO5K/ygX1k0JPC@f9941","2f1jjWp21IbLHaLEnV6KEL@6c48a","30ZvUMT71KjJPafvRxvmEt@f9941","32QmRzuvtBoLh1+lUe5/uS@6c48a","32QmRzuvtBoLh1+lUe5/uS@f9941","34EE0SXt9PerxWZz8onQid@6c48a","343enGEbVLGJsI+P6YvYbH@6c48a","343enGEbVLGJsI+P6YvYbH@f9941","350rS4fi1PKKbB2XIR2Zn/@f9941","36LERz9YBERJI6pAYcovRs","37OQZ0vxROjKoyPwwbuf7P@f9941","38zJjwgJpBzZ1e0Nk5fkGx","39ZidEMKdCpbfbkDArWPEm@6c48a","39ZidEMKdCpbfbkDArWPEm@f9941","39thVpZ+9PqKD2yE5joLPE@6c48a","39thVpZ+9PqKD2yE5joLPE@f9941","392kfiD+BA16xdYOvPNU7P@f9941","3956tSss5JzavLGp6qRj9o@6c48a","3956tSss5JzavLGp6qRj9o@f9941","3aCaz0mH5C9I2XUchcXls0@6c48a","3bqKGXI8JAw7fCZK0RmQNm","72uykR6KZL5bTf2PpDnIZO@6c48a","765FQ2tuhKJ617Zq9s7jbe@6c48a","78WRrI4adKNqgIXgKI/WhJ@6c48a","78WRrI4adKNqgIXgKI/WhJ@f9941","78pKqVTdZM+5d/q5LrMtzb@6c48a","78pKqVTdZM+5d/q5LrMtzb@f9941","7aJdDbFjFOpoy7SUqCGz2Q@6c48a","7aJdDbFjFOpoy7SUqCGz2Q@f9941","7dTgZVR05JtZ5t5eVmGRV2@6c48a","7de1IVIk5OspR+lJPwNK+G@6c48a","7dlZST2cJC54AQzsjYheGU@6c48a","7dlZST2cJC54AQzsjYheGU@f9941","80I9VHAF9HbpEhlWG/VTnf","80f91sKOpK3In8W9/oGTcR@f9941","8459MdaatLGImCTW5jhhIl@6c48a","8459MdaatLGImCTW5jhhIl@f9941","85pcryBGFImq4PSUln7V4J","88e82mtn9PfrMiTVzLSYx8@6c48a","88e82mtn9PfrMiTVzLSYx8@f9941","8aQrmyFWJH94kb36b+3GvD","8aVtkRCA1OzI2sMnYo5Q0C@6c48a","8bj46TU+9II59rBwLGyX/S@6c48a","8bj46TU+9II59rBwLGyX/S@f9941","8bzVPi2plBrZNTyEfzMKkC@f9941","8dEKzRNHJKf4FzzhNOzaWA@6c48a","8eWOy2TadAjaQRJ5kj/vJS@6c48a","8eWOy2TadAjaQRJ5kj/vJS@f9941","8eZWH7s0ROk4iFUzY/Cb7r@f9941","91aRW8TJ9MPYAym8RdLSvl@f9941","92Y0O5vlxKFaiyWiveO0bs","93wOVMrEZMe40qwCEW/7i4@6c48a","93wOVMrEZMe40qwCEW/7i4@f9941","93+PFEibhB/rbSVj2MukSW@f9941","94n5hsgvpNw57s9DIi9LX4@6c48a","94n5hsgvpNw57s9DIi9LX4@f9941","95vSBTyadBEbhZ3keQW5QJ@6c48a","95vSBTyadBEbhZ3keQW5QJ@f9941","957WBZw3VCYaAFscNIHQjW","96aRNZQ1hGx58GNsS0pz+w@6c48a","96aRNZQ1hGx58GNsS0pz+w@f9941","99KyhvD1JJ352o4S4PwbTC@6c48a","9aa44YZANKyIcQfrKMRV5U@f9941","9cQvD4Aq1EcYP6ymBQ5xy/@f9941","9ck888JghE5qRfr99t1R2o@6c48a","9ck888JghE5qRfr99t1R2o@f9941","9dNrSD1CdFWbTdwcuGHx9O@6c48a","9fOKzU6UhHGpXR0AITcWb/@6c48a","a0ku7w66lOU6Cgbwwa1mfS","a0qQ2YDeNGxaYd8JSiTt3u@6c48a","a0qQ2YDeNGxaYd8JSiTt3u@f9941","a1kZc4JTxGVJawf1nyxIi7","a4am03/gBNqpFKvo8lMVZc@6c48a","a5HM513dRDxahefjvUcJQ9@6c48a","a5HM513dRDxahefjvUcJQ9@f9941","a5ofTHRgFKI44sYpDlO4zv@f9941","a77OsU+edO9afWO8Gh9znp@f9941","a78UazXcVHaoOVZ+SSuc7a@6c48a","a9oKESATdMH6hc6bKXqe+t@6c48a","a9oKESATdMH6hc6bKXqe+t@f9941","abAAHlil9LvaAt58H2/ue2@6c48a","abLWAJYpxKHZ82CYtwb4e/@f9941","acZgPbC9RAK4eo/9ggO1Dr@6c48a","acZgPbC9RAK4eo/9ggO1Dr@f9941","acm7Qg369H75hIYYd9QQhf","aeSEo6As1APpiQQDNis24G","aefLCQgTpIOqbThWmRGj05","aekxhPy5JPFpw88E/aASzC@6c48a","aekxhPy5JPFpw88E/aASzC@f9941","afaXRpbYxKGr6QkLDd4TDV@6c48a","af/JQX9Y9Iqa8XRUEZQV8X@6c48a","af/JQX9Y9Iqa8XRUEZQV8X@f9941","b2J4ux7yRAJJDHu2vodMZX@6c48a","b2VCYm/ixFBbm4sx6q2lH4@6c48a","b2VCYm/ixFBbm4sx6q2lH4@f9941","b8MIycR5REyL70ISM4Bakv@f9941","baTD0LXZhAz6lr7ZK1fDVK@6c48a","bbUr4Vm2RIyqd8eyt3kAtx","bdlyvOEnBMHr3I1YTlP790@6c48a","bdlyvOEnBMHr3I1YTlP790@f9941","be98NiFzFO2LspAOxhdov4@6c48a","be98NiFzFO2LspAOxhdov4@f9941","bfuVJuNc1Ef6tOglJCqHR0@6c48a","bfuVJuNc1Ef6tOglJCqHR0@f9941","c0XORjFV9J85wERFUEBZQw@f9941","c02opsf79JLJLwp81vRkNb@6c48a","c02opsf79JLJLwp81vRkNb@f9941","c40ExuaXxJrpDf3fI+mi+i@6c48a","c40ExuaXxJrpDf3fI+mi+i@f9941","c5Gq8rXcZJ6bkCc8O7yFsO@f9941","c5U3ZzSaBG2KWlZo4NQmMH@f9941","c54gHPH3hIGr4jbdzZUGfr@6c48a","c56/5vTONMubV/JtXVRuIv@f9941","c6tvKeIt5BsqmNKHPFh8me@f9941","c9m6uCCylKR7a5+7DRJFts@6c48a","c9m6uCCylKR7a5+7DRJFts@f9941","captC5JjJMFYLr+6pAkYwK@6c48a","casYlwbjVL+rdyBxIcjsaB@6c48a","casYlwbjVL+rdyBxIcjsaB@f9941","cbInVN/TRE/J5JW4hWUkv+@f9941","cdJRgYjdpC5bnyD4nAD7On","cdaeTYVT9O3pjeE0K+YNfz@6c48a","cdaeTYVT9O3pjeE0K+YNfz@f9941","cd1ANp9ENJ5a8B27DNFLnY","cd4D+c4tdNVI9ULtSxv2Jn","d0TSB8NYxMIIzD7w+kWBxy@6c48a","d05VX+vAFO0aTc548KLHK7@f9941","d3HOq5fT9LNI5pOAO6JPGL@6c48a","d6umfQVttFy4tZWGnjMesU@f9941","d8Tl7D4+1E6Z2rVgrqUqLE@6c48a","d8Tl7D4+1E6Z2rVgrqUqLE@f9941","daAs4+vvdJpbZxemBvLQxQ","daQSiLll9Kn6IZ+EXgU0hl@f9941","da0enD2UtCHLqaN3kh6nZ0@6c48a","da0enD2UtCHLqaN3kh6nZ0@f9941","db+SsEqFZDQbAydGTVQa/P","dcHBAwjEJLcYkBNrx4tTqe@6c48a","dcHBAwjEJLcYkBNrx4tTqe@f9941","dcHe+ALQBHBrleCEefr/yA@6c48a","dcHe+ALQBHBrleCEefr/yA@f9941","dcJvpbfMFKJbbeppeSTmzA@6c48a","dcJvpbfMFKJbbeppeSTmzA@f9941","ddQfVxviFMNa30NSwNmj8D@6c48a","ddQfVxviFMNa30NSwNmj8D@f9941","ddabi8UhxKD6MUuGRgmPQh","deJ90CIUlFVI2DzVQCDNj0@f9941","e0HeMb3ChMEqE0bo2o8RWn@f9941","e0dnmV111DKaopcBRAxVBx@f9941","e1sDrUHQJHDKQchiV6+Vht","e1whl+t4lHQJZ67xbeMg+w@6c48a","e2L4h/cG5Nlq3sL+ODyU+F","e5V79jSC9Pi7L2xCdDdiCv@6c48a","e5V79jSC9Pi7L2xCdDdiCv@f9941","e5bCudL2pJdr9ze2wVkMhm@6c48a","e5bCudL2pJdr9ze2wVkMhm@f9941","e6SbuVX1hKppKDC+JHPq6z@6c48a","e6SbuVX1hKppKDC+JHPq6z@f9941","e6T2dxkDhDDZtwINzWodQL@f9941","e6iX5Dhq5OeLcwi2dRRhut@6c48a","e6ze1UCghOgaoT43BaNVFr@6c48a","e6ze1UCghOgaoT43BaNVFr@f9941","e9LAusoadBiaBx06/8Oejp@6c48a","e9LAusoadBiaBx06/8Oejp@f9941","eaNHBvo8tMubPrXLEoMvcO@6c48a","ea7ANkRg5KWIiuyQlDnsb3@f9941","edOQvDWpZKXLLQ5etUU/xr@6c48a","edOQvDWpZKXLLQ5etUU/xr@f9941","f0ZhkDfdpCNI8hnEBtwcD7@6c48a","f09How5l1KgbIoxORlwuM+@6c48a","f4HgqfnMBBZYsOfIZ2KgiB@6c48a","f4sb0w0P5OFKU5rcsE0U3l@f9941","f84VMl1s1CXb+Vf94aa7Pm@6c48a","f84VMl1s1CXb+Vf94aa7Pm@f9941","f9IwcU8BFBQ5E8yV1i+rQo@f9941","faY0ISf31Mhbu3JsXf2yKw@6c48a","fcudPuOZNPPp2nAJxqQZsg@6c48a","fcudPuOZNPPp2nAJxqQZsg@f9941","feLmP9YRBBs677xlkjSZn9@6c48a","ffxX7gRXhNMY0LHqefyUgd@f9941","15f51cc3d@6c48a","16YVF+FrZF0YQftxDSzxgt","16YVF+FrZF0YQftxDSzxgt@f9941","16bgnYasxFeqWAwUfePdXg","16yX/nGEFPFIvlWdpnh9Nu","17oK+pP8NOa7VkzRNRBpT9","17ppU56zREBZnukVMgl8wl","18Z/OE63VNKoTmnr0MsxmI","1amOSJsSNHO4vLJ69RvrTR","1dSKBmcD9DSqwHhRNOzKd+","1eLvCeuCBDCIe8r797+zXH","1emVADr9BK66kXOcqunvXx","1efda33c7","1efda33c7@6c48a","20t3iJ02FGRbZ3UiHxqQH2","215uZV4l1Mno+fTUNvVMS8","215uZV4l1Mno+fTUNvVMS8@f9941","23RxBlzUhNyK4Rmu5jfHjC","23WBEvsgdEbLTH3i60oar/","24xBnqY6hOoanQf8RpSJu8","24xBnqY6hOoanQf8RpSJu8@6c48a","24xBnqY6hOoanQf8RpSJu8@f9941","25p3Dqq85HpZFAkn8bXmfA","28oYjmkK1Pkb8KhksaRVgg","2aZmxWe0dA14v8pyZt0L50","2aaaeH7+5ASqzdFcQ1oXIl","2aiVSg+u1HKJRuAw7LXOsf","2a9Ye+NKtM2a344NkqSquV","2bllwGlMJOeLnKGKvF0lCZ","2bo8UXZ1lOxZvlEFHEK45g","2bo8UXZ1lOxZvlEFHEK45g@f9941","2cVf6tD3lENJu0dT3z2ngy","2dngwFqSlJCpoI71BsWkTN","2dt/W4Gu5Oaq9UVSEVCPYM","2eTc4Yzo9BPpx856K1CtgS","2f1jjWp21IbLHaLEnV6KEL","2f1jjWp21IbLHaLEnV6KEL@f9941","30ZvUMT71KjJPafvRxvmEt","31RMSZ7XVEcKKobgb/7dhm","32QmRzuvtBoLh1+lUe5/uS","33HLtH3C1Abpo73q8zLQqA","34EE0SXt9PerxWZz8onQid","34EE0SXt9PerxWZz8onQid@f9941","34bhxKj5NHObBFErXwuu53","343enGEbVLGJsI+P6YvYbH","36EaTccOpFv5KCZmfb+AJO","37B2KlJDVH0aKENk4xDtnP","37OQZ0vxROjKoyPwwbuf7P","39ZidEMKdCpbfbkDArWPEm","39thVpZ+9PqKD2yE5joLPE","392kfiD+BA16xdYOvPNU7P","3956tSss5JzavLGp6qRj9o","3aCaz0mH5C9I2XUchcXls0","3b9L17qoFLkpVacDha78Ge","3b9L17qoFLkpVacDha78Ge@f9941","3cLmlhME5D34XbZzLLwsFh","3cvkKAN4pCEY9pSk+eS5iP","3dBGksjv1OJaG89p2sJ1vf","3eo3A3izpGtpZDYbXr5KAX","40t3hdIdpMEo+XAU1brw8k","40t3hdIdpMEo+XAU1brw8k@f9941","42QA4KN1tHcYKRGgrC0Gur","42QWj+pUNC7aY0H/B3FkQP","43l0NVM+1BsbK25rRiBqFt","43t+tkvh9BNp/5sniwb7gq","45rlIwNcJL7LyrL5tVq/Pn","45solCh0dHqaDFlYv9+zhG","46Clc3JspOPbBiLn2otna1","47mg69AwRKlI0FPuwSRJXx","48D6hDN+VEjq7oQNAxFhmw","48ELbT0KxOxKW0l90GBI6k","49wUJybS9Ec4dPA0Db84NT","4bZGnMdBxFUY+kgetqXmvA","4bZGnMdBxFUY+kgetqXmvA@f9941","4buwlv+vNMxL2nBdedasZS","4cV4kgbExL+oRrbuJLE6xs","4fm4hbhvhOR6osCEJYTu8k","4f5E5NjbtBZbrFzn1OOy5T","4f5E5NjbtBZbrFzn1OOy5T@f9941","50FP/CtVRN1ZNtKe0G1eey","50FP/CtVRN1ZNtKe0G1eey@f9941","509DSLyINOL48RziM7hZ+h","53BxxlKs9FXYR7BLDfdYK8","53FPwysFNDj6q7pqGKHxFR","54zR84L9BDxYt3VRHouqiL","57gjmlI91CpIOgKguWnQqj","592sldk5BCzoOd31GKYqyR","5aJtLAbRpI3qa/hvNGM1AX","5aRw364UVKSpOyvMCzF6gl","5aRw364UVKSpOyvMCzF6gl@f9941","5bEj6JYCNDWYV8JPM2C+vd","5bRGBOdMdLRb+vIBLxPTNE","5bRGBOdMdLRb+vIBLxPTNE@f9941","5bTO63CcZIBYM2xXwo4SzQ","5bi3uJyiFDG5awYfQgC3lJ","5b7ZC5/E5IlbNfLO0UAAu3","5b/ubFXixB/rN+VlJX6K5c","5cR9dKf1tGKLmw7FaUlUiM","5evNJviTdOFo8fmA3sHHwO","64LjP+3jpLxZ0m2HQG7RyM","64jkeRtppGyLKG9qfhvG3S","64msp6uMtJebnuDY2oQRm9","65fDa64SpFt5XCJWi3SYq4","658bk+GEBEvJbuT90URMzy","66Tcq4z51EeadHjZYt32Wn","66qS8meZBIJ6u7f3JpwJqB","67tV7CLjdJDrYnvcOrzIW3","68wqNjcz5KXpwUmjJ3530b","69Jvg+RZ9NxL1vxgEfjDcK","694wWTDU5BuIXhawYkZ9lM","696SGJ0U5Gp56ICuvYDYE9","696SGJ0U5Gp56ICuvYDYE9@f9941","6bdhDss51M95eFxX1UOyGF","6cAdO4o3xIXJsdSnzAeTKG","6dKEBsWi9G67f9O/axhDic","6fDAUNqdFDo6ERwpmu4DFE","6fGcMvr8dFqJT10xijaA8O","6ftVR7STJCQZGXO4/0+z0c","72uykR6KZL5bTf2PpDnIZO","72uykR6KZL5bTf2PpDnIZO@f9941","75NqRhi5xHUqyVb5d7JnrX","765FQ2tuhKJ617Zq9s7jbe","766qpdf1pD5rub7kEOzxVl","78WRrI4adKNqgIXgKI/WhJ","78pKqVTdZM+5d/q5LrMtzb","7aImWM+WpDs4FpqrtnnbyW","7aJdDbFjFOpoy7SUqCGz2Q","7dTgZVR05JtZ5t5eVmGRV2","7dTgZVR05JtZ5t5eVmGRV2@f9941","7de1IVIk5OspR+lJPwNK+G","7de1IVIk5OspR+lJPwNK+G@f9941","7dj5uJT9FMn6OrOOx83tfK@f9941","7dlZST2cJC54AQzsjYheGU","7d1LPfP4ZBKJ0J6pH8D1AH","80f91sKOpK3In8W9/oGTcR","8459MdaatLGImCTW5jhhIl","868l1cneVFT6X57hZgPmcB","88e82mtn9PfrMiTVzLSYx8","8aVtkRCA1OzI2sMnYo5Q0C","8aVtkRCA1OzI2sMnYo5Q0C@f9941","8bj46TU+9II59rBwLGyX/S","8bzVPi2plBrZNTyEfzMKkC","8dEKzRNHJKf4FzzhNOzaWA","8dEKzRNHJKf4FzzhNOzaWA@f9941","8eWOy2TadAjaQRJ5kj/vJS","8eZWH7s0ROk4iFUzY/Cb7r","91aRW8TJ9MPYAym8RdLSvl","92TV9zMHNBUYnWqxQ8WrUV","92TV9zMHNBUYnWqxQ8WrUV@6c48a","92TV9zMHNBUYnWqxQ8WrUV@f9941","92avLMyklJBrG6KwwQ3/mP","93wOVMrEZMe40qwCEW/7i4","93+PFEibhB/rbSVj2MukSW","94n5hsgvpNw57s9DIi9LX4","95vSBTyadBEbhZ3keQW5QJ","96aRNZQ1hGx58GNsS0pz+w","99KyhvD1JJ352o4S4PwbTC","9aa44YZANKyIcQfrKMRV5U","9cQvD4Aq1EcYP6ymBQ5xy/","9ck888JghE5qRfr99t1R2o","9dNrSD1CdFWbTdwcuGHx9O","9fOKzU6UhHGpXR0AITcWb/","9fOKzU6UhHGpXR0AITcWb/@f9941","a0qQ2YDeNGxaYd8JSiTt3u","a4am03/gBNqpFKvo8lMVZc","a4am03/gBNqpFKvo8lMVZc@f9941","a5HM513dRDxahefjvUcJQ9","a5ofTHRgFKI44sYpDlO4zv","a77OsU+edO9afWO8Gh9znp","a78UazXcVHaoOVZ+SSuc7a","a9oKESATdMH6hc6bKXqe+t","aa6ZOjKm1CqrmdQBZvYP2B","abAAHlil9LvaAt58H2/ue2","abLWAJYpxKHZ82CYtwb4e/","acZgPbC9RAK4eo/9ggO1Dr","ac5yppPaJHmrQv63oKvvWi","adP/ZAn/tF9po46VSwB63y","aecFdr085GqbOvnAEybBAO","aekxhPy5JPFpw88E/aASzC","aeoR5XLiJFxJIf8wpJlArP","afaXRpbYxKGr6QkLDd4TDV","afaXRpbYxKGr6QkLDd4TDV@f9941","af/JQX9Y9Iqa8XRUEZQV8X","b2J4ux7yRAJJDHu2vodMZX","b2J4ux7yRAJJDHu2vodMZX@f9941","b2VCYm/ixFBbm4sx6q2lH4","b2tAomwCJHeJQN5d9A/Hpc","b2+//Xg79GNJd24xBc6rqO","b4ieVaOcFDHoAN34xOJVVF","b8MIycR5REyL70ISM4Bakv","b8nTp5HkZCT7zZUEI6SGUD","baTD0LXZhAz6lr7ZK1fDVK","bdlyvOEnBMHr3I1YTlP790","be98NiFzFO2LspAOxhdov4","bfuVJuNc1Ef6tOglJCqHR0","c0XORjFV9J85wERFUEBZQw","c02opsf79JLJLwp81vRkNb","c40ExuaXxJrpDf3fI+mi+i","c5Gq8rXcZJ6bkCc8O7yFsO","c5U3ZzSaBG2KWlZo4NQmMH","c54gHPH3hIGr4jbdzZUGfr","c54gHPH3hIGr4jbdzZUGfr@f9941","c56/5vTONMubV/JtXVRuIv","c6tvKeIt5BsqmNKHPFh8me","c7Mn15mdZJ+bMpHUvjwXyf","c8dV4cwy9AuLwg+opCN8BY","c9m6uCCylKR7a5+7DRJFts","c9tY/ZvpRLEI/nltK3zEwZ","caLpwlvVtCmIknSN730yLf","captC5JjJMFYLr+6pAkYwK","casYlwbjVL+rdyBxIcjsaB","ca4mCNVBBDy5WovDUFD8lC","cbInVN/TRE/J5JW4hWUkv+","cctypVnhxKWqXTVq7KMvnr","cdaeTYVT9O3pjeE0K+YNfz","d0C+wvLEFD7JRF9Kp9fJz4","d0TSB8NYxMIIzD7w+kWBxy","d0TSB8NYxMIIzD7w+kWBxy@f9941","d05VX+vAFO0aTc548KLHK7","d1/RxlMkpDepR59ITZxCvh","d3HOq5fT9LNI5pOAO6JPGL","d3HOq5fT9LNI5pOAO6JPGL@f9941","d4cTP0mGxP9JJlUcVU63gT","d46+Qy1GRLRZrZuhCa1Vwk","d5Iy4bIk1DfLJffcyd3aJy","d6aZ49ZOlFNqSAvY50hSVy","d8Tl7D4+1E6Z2rVgrqUqLE","da0enD2UtCHLqaN3kh6nZ0","dcHBAwjEJLcYkBNrx4tTqe","dcHe+ALQBHBrleCEefr/yA","dcJvpbfMFKJbbeppeSTmzA","dciIVlBblJcaT6h5hmF/Qa","ddQfVxviFMNa30NSwNmj8D","deJ90CIUlFVI2DzVQCDNj0","e0HeMb3ChMEqE0bo2o8RWn","e0dnmV111DKaopcBRAxVBx","e1whl+t4lHQJZ67xbeMg+w","e1whl+t4lHQJZ67xbeMg+w@f9941","e5V79jSC9Pi7L2xCdDdiCv","e5bCudL2pJdr9ze2wVkMhm","e6SbuVX1hKppKDC+JHPq6z","e6T2dxkDhDDZtwINzWodQL","e6iX5Dhq5OeLcwi2dRRhut","e6ze1UCghOgaoT43BaNVFr","e9LAusoadBiaBx06/8Oejp","eaNHBvo8tMubPrXLEoMvcO","eax0ZV+UhOuJ6CuYbcA7Lc","ea6WnlRqpCeJrd098RwIOj","edLPV39ctJT6d/dTcI9S1b","edOQvDWpZKXLLQ5etUU/xr","efoLkPbXFPdITKI9RIEr6K","f0ZhkDfdpCNI8hnEBtwcD7","f0ZhkDfdpCNI8hnEBtwcD7@f9941","f09How5l1KgbIoxORlwuM+","f09How5l1KgbIoxORlwuM+@f9941","f2ctiE0BRCTp+35PDy1dQl","f4HgqfnMBBZYsOfIZ2KgiB","f4HgqfnMBBZYsOfIZ2KgiB@f9941","f4sb0w0P5OFKU5rcsE0U3l","f5FbxlrnJIWrDtj/oTafi8","f84VMl1s1CXb+Vf94aa7Pm","faY0ISf31Mhbu3JsXf2yKw","faY0ISf31Mhbu3JsXf2yKw@f9941","faziFUc/BN55QCs1eUIkDZ","fcudPuOZNPPp2nAJxqQZsg","feLmP9YRBBs677xlkjSZn9","feLmP9YRBBs677xlkjSZn9@f9941","ffxX7gRXhNMY0LHqefyUgd"],"paths":{"0":["godWealth_actionBar/auto_bar",3,1],"1":["atlas/rollerIcon/baohe/baohe",10,1],"2":["prefabs/icon",8,1],"3":["atlas/iconSprite/yuanbao/texture",1,1],"4":["atlas/dialog/caishen_sw",5,1],"5":["atlas/3/texture",1,1],"6":["atlas/3/spriteFrame",2,1],"7":["textures/God_SC8/texture",1,1],"8":["textures/God_SC8/spriteFrame",2,1],"9":["atlas/rollerIcon/A/a/texture",1,1],"10":["godWealth_actionBar/dl_cs_stopicon1/spriteFrame",2,1],"11":["atlas/iconSprite/yuanbao",0,1],"12":["atlas/iconSprite/yuanbao/spriteFrame",2,1],"13":["atlas/3",0,1],"15":["textures/God_SC8",0,1],"22":["PublicImg/auto_commmon_god",3,1],"23":["textures/God_TB_6_1/texture",1,1],"24":["textures/God_TB_6_1/spriteFrame",2,1],"25":["atlas/rollerIcon/baohe/baohe/texture",1,1],"26":["textures/God_tk2_4/texture",1,1],"27":["textures/God_tk2_4/spriteFrame",2,1],"28":["textures/number/texture",1,1],"29":["textures/number/spriteFrame",2,1],"30":["textures/godWealth/texture",1,1],"31":["prefabs/rulePanel",8,1],"32":["head/head_circle_3/spriteFrame",2,1],"33":["textures/bg_cs_baopenbox_2/texture",1,1],"34":["PublicImg/Rptidakmencukupi/texture",1,1],"35":["PublicImg/Rptidakmencukupi/spriteFrame",2,1],"36":["textures/God_SC3/texture",1,1],"37":["textures/God_SC3/spriteFrame",2,1],"38":["atlas/flyBg/caishenguochang",10,1],"39":["atlas/iconSprite/10/texture",1,1],"40":["textures/1/texture",1,1],"41":["textures/1/spriteFrame",2,1],"42":["godWealth_actionBar/dl_shezhi_guan/spriteFrame",2,1],"43":["atlas/dialog/megawin/cs_mw",10,1],"44":["textures/bg_sg_loading/texture",1,1],"45":["textures/bg_sg_loading/spriteFrame",2,1],"46":["atlas/animation_arce",4,1],"47":["godWealth_actionBar/dl_cs_xiazhujia_0/spriteFrame",2,1],"48":["atlas/Lightning/shandian/texture",1,1],"49":["font/front_kxz_0/texture",1,1],"50":["font/front_kxz_0/spriteFrame",2,1],"51":["godWealth_actionBar/SOUND/spriteFrame",2,1],"52":["head/head_circle_6/spriteFrame",2,1],"53":["textures/godWealth",3,1],"54":["textures/godWealth/God_tk3_an2",2,1],"55":["textures/godWealth/God_TB_9_1",2,1],"56":["textures/godWealth/God_TB_11_1",2,1],"57":["textures/godWealth/God_tk1_5",2,1],"58":["textures/godWealth/God_tk3_k1",2,1],"59":["textures/godWealth/God_tk2_2",2,1],"60":["textures/godWealth/God_SC7",2,1],"61":["textures/godWealth/God_SC10",2,1],"62":["textures/godWealth/God_tk1_1",2,1],"63":["textures/godWealth/Itembiasa_1",2,1],"64":["textures/godWealth/God_tk2_6",2,1],"65":["textures/godWealth/God_tk3_1",2,1],"66":["textures/godWealth/God_tk1_8",2,1],"67":["textures/godWealth/God_TB_8_1",2,1],"68":["textures/godWealth/God_nr1",2,1],"69":["textures/godWealth/God_TB_5",2,1],"70":["textures/godWealth/BELI",2,1],"71":["textures/godWealth/God_tk3_k2",2,1],"72":["textures/godWealth/God_tk3_9",2,1],"73":["textures/godWealth/God_tk3_11",2,1],"74":["textures/godWealth/God_TB_13",2,1],"75":["textures/godWealth/KartuSlots_1",2,1],"76":["textures/godWealth/God_tk4_2",2,1],"77":["textures/godWealth/God_SC1",2,1],"78":["textures/godWealth/God_SC10_11",2,1],"79":["textures/godWealth/God_tk3_8",2,1],"80":["textures/godWealth/God_tk1_2",2,1],"81":["textures/godWealth/God_tk4_3",2,1],"82":["textures/godWealth/God_SC4",2,1],"83":["textures/godWealth/God_tk1_6",2,1],"84":["textures/godWealth/Kulitmeriam_1",2,1],"85":["textures/godWealth/God_tk3_12",2,1],"86":["textures/godWealth/God_SC9",2,1],"87":["textures/godWealth/God_tk4_1",2,1],"88":["textures/godWealth/God_tk2_1",2,1],"89":["textures/godWealth/God_tk1_4",2,1],"90":["textures/godWealth/God_TB_4",2,1],"91":["textures/godWealth/God_TB_3_1",2,1],"92":["textures/godWealth/God_TB_3",2,1],"93":["textures/godWealth/God_TB_12",2,1],"94":["textures/godWealth/God_tk3_13",2,1],"95":["textures/godWealth/God_tk3_an1",2,1],"96":["textures/godWealth/God_MAJOR",2,1],"97":["textures/godWealth/Sudahdilenkapi",2,1],"98":["textures/godWealth/Itembiasa",2,1],"99":["textures/godWealth/God_TB_13_1_1",2,1],"100":["textures/godWealth/God_TB_13_1",2,1],"101":["textures/godWealth/God_TB_1",2,1],"102":["textures/godWealth/God_TB_2",2,1],"103":["textures/godWealth/God_TB_6",2,1],"104":["textures/godWealth/God_tk3_k3",2,1],"105":["textures/godWealth/TasSaya",2,1],"106":["textures/godWealth/God_tk3_14",2,1],"107":["textures/godWealth/God_tk3_3",2,1],"108":["textures/godWealth/KartuSlots",2,1],"109":["textures/godWealth/God_TB_4_1",2,1],"110":["textures/godWealth/God_tk3_4",2,1],"111":["textures/godWealth/God_SC3",2,1],"112":["textures/godWealth/God_TB_2_1",2,1],"113":["textures/godWealth/God_tk1_3",2,1],"114":["textures/godWealth/God_tk3_6",2,1],"115":["textures/godWealth/God_TB_10_1",2,1],"116":["textures/godWealth/God_tk2_5",2,1],"117":["textures/godWealth/God_TB_11",2,1],"118":["textures/godWealth/God_TB_10",2,1],"119":["textures/godWealth/God_TB_14_1",2,1],"120":["textures/godWealth/God_TB_1_1",2,1],"121":["textures/godWealth/God_GRAND",2,1],"122":["textures/godWealth/belikartu",2,1],"123":["textures/godWealth/God_gb",2,1],"124":["textures/godWealth/God_TB_7_1",2,1],"125":["textures/godWealth/God_SC8",2,1],"126":["textures/godWealth/God_tk3_5",2,1],"127":["textures/godWealth/God_SC10_1",2,1],"128":["textures/godWealth/God_SC5",2,1],"129":["textures/godWealth/God_tk3_k4",2,1],"130":["textures/godWealth/God_TB_6_1",2,1],"131":["textures/godWealth/Kulitmeriam",2,1],"132":["textures/godWealth/God_tk1_7",2,1],"133":["textures/godWealth/God_cs",2,1],"134":["textures/godWealth/God_tk3_2",2,1],"135":["textures/godWealth/God_TB_4_1_1",2,1],"136":["textures/godWealth/God_tk2_4",2,1],"137":["textures/godWealth/God_MINI",2,1],"138":["textures/godWealth/God_TB_7",2,1],"139":["textures/godWealth/God_tk3_10",2,1],"140":["textures/godWealth/God_tk3_k6",2,1],"141":["textures/godWealth/God_TB_14",2,1],"142":["textures/godWealth/God_SC6",2,1],"143":["textures/godWealth/God_tk3_k5",2,1],"144":["textures/godWealth/God_tk2_3",2,1],"145":["textures/godWealth/God_TB_8",2,1],"146":["textures/godWealth/God_TB_12_1",2,1],"147":["textures/godWealth/God_tk3_7",2,1],"148":["textures/godWealth/God_SC2",2,1],"149":["textures/godWealth/God_GARIS",2,1],"150":["textures/godWealth/God_TB_9",2,1],"151":["atlas/rollerIcon/yuanbao/yuanbao/texture",1,1],"152":["textures/God_TB_7_1/texture",1,1],"153":["textures/God_TB_7_1/spriteFrame",2,1],"154":["head/head_circle_9/spriteFrame",2,1],"155":["atlas/bigBubble/skeleton6/texture",1,1],"156":["atlas/iconSprite/j/texture",1,1],"157":["textures/God_tk3_11/texture",1,1],"158":["atlas/dialog/win/bg_caishen_xiaoyouxikuang/texture",1,1],"159":["atlas/dialog/win/bg_caishen_xiaoyouxikuang/spriteFrame",2,1],"160":["atlas/Lightning/shandian22/texture",1,1],"161":["atlas/animation/animation_title",4,1],"162":["font/front_kxz",7,1],"163":["atlas/dialog/win/bg_caishen_baohe_box2/texture",1,1],"164":["atlas/dialog/win/bg_caishen_baohe_box2/spriteFrame",2,1],"165":["godWealth_actionBar/FREE SPINS LEFT/spriteFrame",2,1],"166":["textures/God_tk2_5/texture",1,1],"167":["textures/God_SC7/texture",1,1],"168":["textures/God_SC7/spriteFrame",2,1],"169":["atlas/rollerIcon/wild/jinchan22/texture",1,1],"170":["godWealth_actionBar/PENGATURAN /spriteFrame",2,1],"171":["atlas/dialog/bigwin/cs_bw/texture",1,1],"172":["atlas/dialog/win/zi_infreespins/texture",1,1],"173":["atlas/dialog/win/zi_infreespins/spriteFrame",2,1],"174":["godWealth_actionBar/TOTAL WIN/spriteFrame",2,1],"175":["textures/X/texture",1,1],"176":["textures/X/spriteFrame",2,1],"177":["textures/God_tk1_7/texture",1,1],"178":["textures/God_tk1_7/spriteFrame",2,1],"179":["publicFont/shuzi_xiazhujine_0/texture",1,1],"180":["publicFont/shuzi_xiazhujine_0/spriteFrame",2,1],"181":["godWealth_actionBar/dl_cs_xiazhujian_0/spriteFrame",2,1],"182":["head/head_circle_1/spriteFrame",2,1],"183":["textures/God_SC9/texture",1,1],"184":["textures/God_SC9/spriteFrame",2,1],"185":["godWealth_actionBar/dl_cs_auto_boxbg/spriteFrame",2,1],"186":["atlas/bigBubble/skeleton7/texture",1,1],"187":["atlas/iconSprite/baicai/texture",1,1],"188":["godWealth_actionBar/dl_cs_spinanniu/spriteFrame",2,1],"189":["textures/God_nr3/texture",1,1],"190":["textures/God_nr3/spriteFrame",2,1],"191":["prefabs/prefab_smallGame_win",8,1],"192":["textures/God_tk2/texture",1,1],"193":["textures/God_tk2/spriteFrame",2,1],"194":["textures/God_TB_9_1/texture",1,1],"195":["textures/God_TB_9_1/spriteFrame",2,1],"196":["godWealth_actionBar/autospin/spriteFrame",2,1],"197":["font/god_num",7,1],"198":["atlas/rollerIcon/A/a",0,1],"199":["atlas/rollerIcon/A/a/spriteFrame",2,1],"200":["godWealth_actionBar/dl_cs_stopicon1",0,1],"202":["textures/God_TB_6_1",0,1],"204":["atlas/dialog/caishen_bw",5,1],"205":["atlas/rollerIcon/baohe/baohe",0,1],"206":["atlas/rollerIcon/baohe/baohe/spriteFrame",2,1],"207":["textures/God_tk2_4",0,1],"208":["textures/number",0,1],"209":["textures/godWealth",0,1],"210":["textures/godWealth/spriteFrame",2,1],"211":["audio/biu",6,1],"213":["atlas/rollerIcon/10/10/texture",1,1],"214":["atlas/rollerIcon/baicai/baicai/texture",1,1],"215":["atlas/rollerIcon/10/10",0,1],"216":["atlas/rollerIcon/10/10/spriteFrame",2,1],"217":["atlas/rollerIcon/baicai/baicai",0,1],"218":["atlas/rollerIcon/baicai/baicai/spriteFrame",2,1],"224":["godWealth_actionBar/dl_cs_stopicon/spriteFrame",2,1],"225":["textures/Gratis_off/texture",1,1],"226":["atlas/flyingCrane/feihe/texture",1,1],"227":["textures/God_GARIS/texture",1,1],"228":["textures/God_GARIS/spriteFrame",2,1],"229":["godWealth_actionBar/dl_long_zidong_0/spriteFrame",2,1],"230":["godWealth_actionBar/dl_cs_kuai_0/spriteFrame",2,1],"231":["atlas/iconSprite/tongqian/texture",1,1],"232":["atlas/dialog/megawin/cs_mw",9,1],"233":["godWealth_actionBar/dl_cs_stopicon",0,1],"234":["textures/Gratis_off",0,1],"235":["textures/Gratis_off/spriteFrame",2,1],"240":["atlas/dialog/win/bg_caishen_xiaoyouxibox/texture",1,1],"241":["atlas/dialog/win/bg_caishen_xiaoyouxibox/spriteFrame",2,1],"242":["atlas/dialog/win/bg_caishen_xiaoyouxibox",0,1],"245":["atlas/flyingCrane/feihe",0,1],"246":["atlas/flyingCrane/feihe/spriteFrame",2,1],"247":["audio/godWealth_get_coin",6,1],"248":["atlas/rollerIcon/q/q",10,1],"249":["textures/God_GARIS",0,1],"252":["godWealth_actionBar/dl_long_zidong_0",0,1],"253":["godWealth_actionBar/dl_cs_kuai_0",0,1],"255":["textures/God_tk2_2/texture",1,1],"256":["textures/God_tk2_2/spriteFrame",2,1],"257":["godWealth_actionBar/dl_cs_xiazhujian_1/spriteFrame",2,1],"258":["godWealth_actionBar/dl_cs_guizeanniu/spriteFrame",2,1],"259":["textures/God_TB_1_1/texture",1,1],"260":["textures/God_TB_1_1/spriteFrame",2,1],"261":["godWealth_actionBar/dl_cs__autobox/texture",1,1],"262":["godWealth_actionBar/dl_cs__autobox/spriteFrame",2,1],"263":["atlas/flyBg/caishenguochang/texture",1,1],"264":["godWealth_actionBar/dl_long_guizedibox/spriteFrame",2,1],"265":["textures/0/texture",1,1],"266":["textures/0/spriteFrame",2,1],"267":["godWealth_actionBar/dl_cs_spinicon/spriteFrame",2,1],"268":["atlas/bigBubble/skeleton3/texture",1,1],"269":["atlas/rollerIcon/yaoqianshu/yaoqianshu/texture",1,1],"270":["textures/God_TB_11_1/texture",1,1],"271":["textures/God_TB_11_1/spriteFrame",2,1],"272":["textures/3/texture",1,1],"273":["textures/3/spriteFrame",2,1],"274":["textures/God_tk1_8/texture",1,1],"275":["textures/God_tk1_8/spriteFrame",2,1],"276":["head/head_circle_2/spriteFrame",2,1],"277":["atlas/iconSprite/scatter/texture",1,1],"278":["godWealth_actionBar/dl_cs_xiazhujia_1/spriteFrame",2,1],"279":["textures/God_tk2_6/texture",1,1],"280":["textures/God_tk2_6/spriteFrame",2,1],"281":["textures/God_TB_7/texture",1,1],"282":["textures/God_TB_8_1/texture",1,1],"283":["textures/God_TB_8_1/spriteFrame",2,1],"284":["head/head_circle_10/spriteFrame",2,1],"285":["prefabs/prefab_godWealth_loading",8,1],"286":["godWealth_actionBar/dl_cs_shezhianniu/spriteFrame",2,1],"287":["prefabs/icon2",8,1],"288":["textures/God_tk2_Mirror/texture",1,1],"289":["textures/God_tk2_Mirror/spriteFrame",2,1],"290":["textures/God_tk2_1/texture",1,1],"291":["textures/God_tk2_1/spriteFrame",2,1],"292":["godWealth_actionBar/dl_shezhi_kai/spriteFrame",2,1],"293":["textures/God_TB_4_1/texture",1,1],"294":["textures/God_TB_4_1/spriteFrame",2,1],"295":["atlas/bigBubble/skeleton2/texture",1,1],"296":["font/shuzi_xiazhujine",7,1],"297":["atlas/rollerIcon/K/k/texture",1,1],"298":["atlas/PublicSkeleton/spine_guangquan2/texture",1,1],"299":["atlas/dialog/win/zi_youwin/texture",1,1],"300":["atlas/dialog/win/zi_youwin/spriteFrame",2,1],"301":["font/fnt_gold_0/texture",1,1],"302":["font/fnt_gold_0/spriteFrame",2,1],"303":["textures/God_nr5/texture",1,1],"304":["textures/God_nr5/spriteFrame",2,1],"305":["atlas/dialog/jackpot/sb_lbjs_JACKPOT/texture",1,1],"306":["atlas/iconSprite/k/texture",1,1],"307":["textures/God_TB_4_1_1/texture",1,1],"308":["textures/God_TB_4_1_1/spriteFrame",2,1],"309":["font/zi_zhongjiang",7,1],"310":["godWealth_actionBar/dl_long_zidong_1/spriteFrame",2,1],"311":["textures/btn_off/texture",1,1],"312":["textures/btn_off/spriteFrame",2,1],"313":["atlas/Lightning/shandian",10,1],"314":["PublicImg/icon_dating_jinbi/texture",1,1],"315":["PublicImg/icon_dating_jinbi/spriteFrame",2,1],"316":["prefabs/prefab_godWealth_jackPot",8,1],"317":["textures/bg_cs_baopenbox_3/texture",1,1],"318":["textures/bg_cs_baopenbox_1/texture",1,1],"319":["textures/bg_cs_baopenbox_1/spriteFrame",2,1],"320":["godWealth_actionBar/GOOD LUCK/spriteFrame",2,1],"321":["atlas/iconSprite/q/texture",1,1],"322":["textures/God_SC6/texture",1,1],"323":["textures/God_SC6/spriteFrame",2,1],"324":["godWealth_actionBar/dl_cs_offanniu/spriteFrame",2,1],"325":["godWealth_actionBar/dl_cs_SPINzi/spriteFrame",2,1],"326":["atlas/dialog/caishen_mw",5,1],"327":["textures/God_cs/texture",1,1],"328":["textures/God_cs/spriteFrame",2,1],"329":["godWealth_actionBar/dl_cs_jinbibox/spriteFrame",2,1],"330":["textures/2/texture",1,1],"331":["textures/2/spriteFrame",2,1],"332":["textures/God_TB_12_1/texture",1,1],"333":["textures/God_TB_12_1/spriteFrame",2,1],"334":["atlas/PublicSkeleton/spine_guangquan",10,1],"335":["textures/God_TB_10_1/texture",1,1],"336":["textures/God_TB_10_1/spriteFrame",2,1],"337":["textures/box/texture",1,1],"338":["godWealth_actionBar/dl_cs_spinicon2/spriteFrame",2,1],"339":["godWealth_actionBar/MUSIC/spriteFrame",2,1],"340":["atlas/dialog/win/zi_freespinshasbeen/texture",1,1],"341":["atlas/dialog/win/zi_freespinshasbeen/spriteFrame",2,1],"342":["atlas/bigBubble/skeleton5/texture",1,1],"343":["textures/Gratis_on/texture",1,1],"344":["font/shuzi_xiazhucishu",7,1],"345":["atlas/dialog/win/zi_interasure/texture",1,1],"346":["atlas/dialog/win/zi_interasure/spriteFrame",2,1],"347":["prefabs/dialogWin",8,1],"348":["atlas/dialog/jackpot/slots_common_game_uw_gold/texture",1,1],"349":["textures/God_TB_13_1/texture",1,1],"350":["textures/God_TB_13_1/spriteFrame",2,1],"351":["godWealth_actionBar/dl_long_confirm/spriteFrame",2,1],"352":["godWealth_actionBar/dl_cs_zhongjiangbox/spriteFrame",2,1],"353":["atlas/focusBorder/xuanzhong/texture",1,1],"354":["font/zi_zhongjiang_0/texture",1,1],"355":["font/zi_zhongjiang_0/spriteFrame",2,1],"356":["atlas/dialog/superwin/cs_sw/texture",1,1],"357":["godWealth_actionBar/dl_cs_jinbijia/spriteFrame",2,1],"358":["textures/God_tk1_6/texture",1,1],"359":["textures/God_tk1_6/spriteFrame",2,1],"360":["prefabs/slotBg_new",8,1],"361":["prefabs/slotPanel",8,1],"362":["font/fnt_gold",7,1],"363":["textures/God_nr4/texture",1,1],"364":["textures/God_nr4/spriteFrame",2,1],"365":["atlas/rollerIcon/tongqian/tb_tongqian/texture",1,1],"366":["textures/God_TB_14/texture",1,1],"367":["textures/God_TB_14/spriteFrame",2,1],"368":["atlas/rollerIcon/scatter/caisheng2/texture",1,1],"369":["textures/head/texture",1,1],"370":["textures/head/spriteFrame",2,1],"371":["godWealth_actionBar/dl_cs_caidananniu/spriteFrame",2,1],"372":["atlas/bigBubble/skeleton4/texture",1,1],"373":["atlas/number/number-atlas-1",11,1],"374":["textures/God_nr2/texture",1,1],"375":["textures/God_nr2/spriteFrame",2,1],"376":["textures/God_TB_14_1/texture",1,1],"377":["textures/God_TB_14_1/spriteFrame",2,1],"378":["textures/bg_sg_1/texture",1,1],"379":["textures/bg_sg_1/spriteFrame",2,1],"380":["godWealth_actionBar/dl_cs_tuichuanniu/spriteFrame",2,1],"381":["godWealth_actionBar/dl_cs_dibox/texture",1,1],"382":["godWealth_actionBar/dl_cs_dibox/spriteFrame",2,1],"383":["font/shuzi_xiazhujine_0/texture",1,1],"384":["font/shuzi_xiazhujine_0/spriteFrame",2,1],"385":["godWealth_actionBar/dl_cs_xiazhubox/spriteFrame",2,1],"386":["godWealth_actionBar/dl_cs_autoanniubox/spriteFrame",2,1],"387":["atlas/iconSprite/yaoqianshu/texture",1,1],"388":["godWealth_actionBar/STOP/spriteFrame",2,1],"389":["godWealth_actionBar/dl_cs_kuai_1/spriteFrame",2,1],"390":["textures/God_tk2_3/texture",1,1],"391":["textures/God_tk2_3/spriteFrame",2,1],"392":["atlas/bigBubble/skeleton/texture",1,1],"393":["atlas/dialog/win/bg_caishen_baohe_box1/texture",1,1],"394":["atlas/dialog/win/bg_caishen_baohe_box1/spriteFrame",2,1],"395":["godWealth_actionBar/dl_cs_spinicon1/spriteFrame",2,1],"396":["publicFont/shuzi_xiazhujine",7,1],"397":["textures/God_TB_3_1/texture",1,1],"398":["textures/God_TB_3_1/spriteFrame",2,1],"399":["atlas/dialog/superwin/cs_sw",10,1],"400":["atlas/particle_goodluck",5,1],"401":["atlas/iconSprite/a/texture",1,1],"402":["godWealth_actionBar/dl_cs_spinanniu1/spriteFrame",2,1],"403":["atlas/rollerIcon/J/j/texture",1,1],"404":["head/head_circle_4/spriteFrame",2,1],"405":["textures/God_TB_13_1_1/texture",1,1],"406":["textures/God_TB_13_1_1/spriteFrame",2,1],"407":["atlas/bigBubble/skeleton",10,1],"408":["head/head_circle_7/spriteFrame",2,1],"409":["textures/icon_dt_loading_0/texture",1,1],"410":["textures/icon_dt_loading_0/spriteFrame",2,1],"411":["atlas/dialog/jackpot/sb_lbjs_JACKPOT",10,1],"412":["font/god_num_0/texture",1,1],"413":["font/god_num_0/spriteFrame",2,1],"414":["textures/icon_dt_loading_1/texture",1,1],"415":["textures/icon_dt_loading_1/spriteFrame",2,1],"416":["font/shuzi_xiazhucishu_0/texture",1,1],"417":["font/shuzi_xiazhucishu_0/spriteFrame",2,1],"418":["textures/God_TB_2_1/texture",1,1],"419":["textures/God_TB_2_1/spriteFrame",2,1],"420":["atlas/dialog/bigwin/cs_bw",10,1],"421":["godWealth_actionBar/dl_cs_kuaianniubox/spriteFrame",2,1],"422":["godWealth_actionBar/dl_cs_vipanniu/spriteFrame",2,1],"423":["godWealth_actionBar/God_tk2_3/spriteFrame",2,1],"424":["atlas/focusBorder/xuanzhong",10,1],"425":["atlas/rollerIcon/q/q/texture",1,1],"426":["prefabs/flyBg",8,1],"427":["textures/5/texture",1,1],"428":["textures/5/spriteFrame",2,1],"429":["textures/God_tk1/texture",1,1],"430":["textures/God_tk1/spriteFrame",2,1],"431":["atlas/dialog/win/titile_caishen_xiaoyouxi/texture",1,1],"432":["atlas/dialog/win/titile_caishen_xiaoyouxi/spriteFrame",2,1],"433":["godWealth_actionBar/aut1/spriteFrame",2,1],"434":["atlas/dialog/megawin/cs_mw/texture",1,1],"435":["textures/God_nr1/texture",1,1],"436":["textures/God_nr1/spriteFrame",2,1],"437":["atlas/dialog/yuanbao/texture",1,1],"438":["atlas/dialog/yuanbao/spriteFrame",2,1],"439":["atlas/PublicSkeleton/spine_guangquan/texture",1,1],"440":["head/head_circle_5/spriteFrame",2,1],"441":["textures/God_SC4/texture",1,1],"442":["textures/God_SC4/spriteFrame",2,1],"443":["textures/default_sprite_splash/texture",1,1],"444":["atlas/iconSprite/wild/texture",1,1],"445":["atlas/rollerIcon/scatter/caisheng/texture",1,1],"446":["godWealth_actionBar/dl_cs_caidanbox/spriteFrame",2,1],"447":["atlas/iconSprite/baohe/texture",1,1],"448":["atlas/iconSprite/baohe/spriteFrame",2,1],"449":["head/head_circle_8/spriteFrame",2,1],"450":["atlas/dialog/superwin/slots_common_game_sw_gold/texture",1,1],"451":["textures/4/texture",1,1],"452":["textures/4/spriteFrame",2,1],"453":["atlas/rollerIcon/wild/jinchan2/texture",1,1],"454":["godWealth_actionBar/AUTO/spriteFrame",2,1],"456":["atlas/iconSprite/tongqian",0,1],"457":["atlas/iconSprite/tongqian/spriteFrame",2,1],"458":["atlas/rollerIcon/baohe/baohe",9,1],"459":["textures/God_tk2_2",0,1],"460":["godWealth_actionBar/dl_cs_xiazhujian_1",0,1],"461":["audio/get_coin",6,1],"462":["atlas/rollerIcon/wild/jinchan2",9,1],"463":["audio/shell_end1",6,1],"464":["godWealth_actionBar/dl_cs_guizeanniu",0,1],"465":["textures/God_TB_1_1",0,1],"466":["godWealth_actionBar/dl_cs__autobox",0,1],"469":["atlas/rollerIcon/baicai/baicai",10,1],"470":["atlas/flyBg/caishenguochang",0,1],"471":["atlas/flyBg/caishenguochang/spriteFrame",2,1],"472":["godWealth_actionBar/dl_long_guizedibox",0,1],"473":["audio/godWealth_sg_bg1",6,1],"477":["textures/0",0,1],"478":["audio/minCoin",6,1],"479":["audio/maxCoin",6,1],"480":["atlas/flyingCrane/feihe",10,1],"481":["godWealth_actionBar/dl_cs_spinicon",0,1],"482":["audio/godWealth_wild",6,1],"483":["atlas/bigBubble/skeleton3",0,1],"484":["atlas/rollerIcon/yaoqianshu/yaoqianshu",0,1],"485":["atlas/rollerIcon/yaoqianshu/yaoqianshu/spriteFrame",2,1],"486":["textures/God_TB_11_1",0,1],"487":["textures/3",0,1],"488":["textures/God_tk1_8",0,1],"489":["atlas/dialog/superwin/cs_sw",9,1],"490":["atlas/iconSprite/scatter",0,1],"491":["atlas/iconSprite/scatter/spriteFrame",2,1],"492":["godWealth_actionBar/dl_cs_xiazhujia_1",0,1],"493":["atlas/PublicSkeleton/spine_guangquan",9,1],"494":["textures/God_tk2_6",0,1],"495":["audio/godWealth_ling",6,1],"496":["textures/God_TB_7",0,1],"497":["textures/God_TB_7/spriteFrame",2,1],"498":["audio/godWealth_guangdang",6,1],"499":["textures/God_TB_8_1",0,1],"500":["audio/godWealth_hahaha",6,1],"501":["audio/btn_click",6,1],"502":["godWealth_actionBar/dl_cs_shezhianniu",0,1],"503":["textures/God_tk2_Mirror",0,1],"504":["textures/God_tk2_1",0,1],"505":["godWealth_actionBar/dl_shezhi_kai",0,1],"506":["textures/God_TB_4_1",0,1],"507":["atlas/bigBubble/skeleton2",0,1],"508":["textures/bg_cs_baopenbox_2",0,1],"509":["textures/bg_cs_baopenbox_2/spriteFrame",2,1],"510":["audio/godWealth_btn_click",6,1],"511":["PublicImg/Rptidakmencukupi",0,1],"512":["textures/God_SC3",0,1],"513":["atlas/rollerIcon/J/j",10,1],"514":["atlas/iconSprite/10",0,1],"515":["atlas/iconSprite/10/spriteFrame",2,1],"516":["textures/1",0,1],"517":["godWealth_actionBar/dl_shezhi_guan",0,1],"518":["atlas/rollerIcon/K/k",9,1],"519":["textures/bg_sg_loading",0,1],"520":["audio/godWealth_sg_bg_over",6,1],"521":["atlas/rollerIcon/10/10",10,1],"522":["atlas/rollerIcon/q/q",9,1],"523":["godWealth_actionBar/dl_cs_xiazhujia_0",0,1],"524":["atlas/Lightning/shandian",0,1],"525":["font/front_kxz_0",0,1],"526":["godWealth_actionBar/SOUND",0,1],"527":["atlas/rollerIcon/yuanbao/yuanbao",0,1],"528":["atlas/rollerIcon/yuanbao/yuanbao/spriteFrame",2,1],"529":["textures/God_TB_7_1",0,1],"530":["audio/chooseNum",6,1],"531":["atlas/bigBubble/skeleton6",0,1],"532":["atlas/iconSprite/j",0,1],"533":["atlas/iconSprite/j/spriteFrame",2,1],"534":["textures/God_tk3_11",0,1],"535":["textures/God_tk3_11/spriteFrame",2,1],"537":["atlas/dialog/win/bg_caishen_xiaoyouxikuang",0,1],"538":["atlas/Lightning/shandian22",0,1],"539":["audio/godWealth_buycard",6,1],"540":["atlas/dialog/win/bg_caishen_baohe_box2",0,1],"541":["atlas/rollerIcon/K/k",10,1],"542":["godWealth_actionBar/FREE SPINS LEFT",0,1],"543":["textures/God_tk2_5",0,1],"544":["textures/God_tk2_5/spriteFrame",2,1],"545":["textures/God_SC7",0,1],"546":["atlas/rollerIcon/wild/jinchan22",0,1],"547":["atlas/rollerIcon/wild/jinchan22/spriteFrame",2,1],"548":["godWealth_actionBar/PENGATURAN ",0,1],"549":["atlas/dialog/bigwin/cs_bw",0,1],"550":["atlas/dialog/win/zi_infreespins",0,1],"551":["atlas/rollerIcon/10/10",9,1],"552":["godWealth_actionBar/TOTAL WIN",0,1],"553":["textures/X",0,1],"554":["atlas/rollerIcon/J/j",9,1],"555":["textures/God_tk1_7",0,1],"556":["audio/fast_roller",6,1],"557":["publicFont/shuzi_xiazhujine_0",0,1],"558":["prefabs/Particle2D",8,1],"559":["godWealth_actionBar/dl_cs_xiazhujian_0",0,1],"560":["atlas/rollerIcon/baicai/baicai",9,1],"561":["textures/God_SC9",0,1],"562":["godWealth_actionBar/dl_cs_auto_boxbg",0,1],"563":["atlas/rollerIcon/yaoqianshu/yaoqianshu",10,1],"564":["atlas/bigBubble/skeleton7",0,1],"565":["atlas/iconSprite/baicai",0,1],"566":["atlas/iconSprite/baicai/spriteFrame",2,1],"567":["godWealth_actionBar/dl_cs_spinanniu",0,1],"568":["textures/God_nr3",0,1],"569":["textures/God_tk2",0,1],"570":["textures/God_TB_9_1",0,1],"571":["godWealth_actionBar/autospin",0,1],"572":["audio/godWealth_dang",6,1],"573":["atlas/rollerIcon/K/k",0,1],"574":["atlas/rollerIcon/K/k/spriteFrame",2,1],"575":["audio/godWhealth_fast_roller",6,1],"576":["atlas/PublicSkeleton/spine_guangquan2",0,1],"577":["audio/godWealth_sg_bg2",6,1],"578":["atlas/dialog/win/zi_youwin",0,1],"579":["font/fnt_gold_0",0,1],"580":["atlas/rollerIcon/A/a",9,1],"581":["textures/God_nr5",0,1],"582":["atlas/dialog/jackpot/sb_lbjs_JACKPOT",0,1],"583":["atlas/dialog/jackpot/sb_lbjs_JACKPOT/spriteFrame",2,1],"584":["atlas/iconSprite/k",0,1],"585":["atlas/iconSprite/k/spriteFrame",2,1],"587":["textures/God_TB_4_1_1",0,1],"588":["audio/godWealth_main_bg",6,1],"589":["godWealth_actionBar/dl_long_zidong_1",0,1],"590":["textures/btn_off",0,1],"592":["PublicImg/icon_dating_jinbi",0,1],"593":["textures/bg_cs_baopenbox_3",0,1],"594":["textures/bg_cs_baopenbox_3/spriteFrame",2,1],"595":["textures/bg_cs_baopenbox_1",0,1],"596":["godWealth_actionBar/GOOD LUCK",0,1],"597":["atlas/iconSprite/q",0,1],"598":["atlas/iconSprite/q/spriteFrame",2,1],"599":["textures/God_SC6",0,1],"600":["godWealth_actionBar/dl_cs_offanniu",0,1],"601":["godWealth_actionBar/dl_cs_SPINzi",0,1],"606":["textures/God_cs",0,1],"607":["godWealth_actionBar/dl_cs_jinbibox",0,1],"608":["textures/2",0,1],"609":["textures/God_TB_12_1",0,1],"610":["textures/God_TB_10_1",0,1],"611":["textures/box",0,1],"612":["godWealth_actionBar/dl_cs_spinicon2",0,1],"613":["godWealth_actionBar/MUSIC",0,1],"614":["atlas/dialog/win/zi_freespinshasbeen",0,1],"615":["atlas/bigBubble/skeleton5",0,1],"616":["textures/Gratis_on",0,1],"617":["textures/Gratis_on/spriteFrame",2,1],"618":["atlas/dialog/win/zi_interasure",0,1],"619":["atlas/dialog/jackpot/slots_common_game_uw_gold",0,1],"620":["atlas/dialog/jackpot/slots_common_game_uw_gold/spriteFrame",2,1],"621":["textures/God_TB_13_1",0,1],"622":["godWealth_actionBar/dl_long_confirm",0,1],"623":["godWealth_actionBar/dl_cs_zhongjiangbox",0,1],"624":["atlas/focusBorder/xuanzhong",0,1],"625":["font/zi_zhongjiang_0",0,1],"626":["atlas/rollerIcon/yuanbao/yuanbao",10,1],"627":["atlas/dialog/superwin/cs_sw",0,1],"628":["godWealth_actionBar/dl_cs_jinbijia",0,1],"629":["textures/God_tk1_6",0,1],"630":["atlas/rollerIcon/wild/jinchan2",10,1],"631":["atlas/rollerIcon/yaoqianshu/yaoqianshu",9,1],"632":["audio/ding",6,1],"633":["textures/God_nr4",0,1],"634":["atlas/rollerIcon/tongqian/tb_tongqian",9,1],"635":["atlas/rollerIcon/tongqian/tb_tongqian",0,1],"636":["atlas/rollerIcon/tongqian/tb_tongqian/spriteFrame",2,1],"637":["textures/God_TB_14",0,1],"638":["atlas/rollerIcon/scatter/caisheng2",0,1],"639":["atlas/rollerIcon/scatter/caisheng2/spriteFrame",2,1],"640":["textures/head",0,1],"641":["atlas/rollerIcon/A/a",10,1],"642":["audio/shell_end",6,1],"643":["atlas/flyBg/caishenguochang",9,1],"644":["godWealth_actionBar/dl_cs_caidananniu",0,1],"645":["atlas/bigBubble/skeleton",9,1],"646":["atlas/bigBubble/skeleton4",0,1],"647":["textures/God_nr2",0,1],"648":["textures/God_TB_14_1",0,1],"649":["textures/bg_sg_1",0,1],"650":["godWealth_actionBar/dl_cs_tuichuanniu",0,1],"651":["godWealth_actionBar/dl_cs_dibox",0,1],"652":["font/shuzi_xiazhujine_0",0,1],"653":["godWealth_actionBar/dl_cs_xiazhubox",0,1],"654":["godWealth_actionBar/dl_cs_autoanniubox",0,1],"655":["atlas/iconSprite/yaoqianshu",0,1],"656":["atlas/iconSprite/yaoqianshu/spriteFrame",2,1],"657":["godWealth_actionBar/STOP",0,1],"658":["godWealth_actionBar/dl_cs_kuai_1",0,1],"659":["atlas/dialog/jackpot/slots_common_game_uw_gold",9,1],"660":["audio/sunGodNum",6,1],"661":["textures/God_tk2_3",0,1],"662":["atlas/rollerIcon/scatter/caisheng",9,1],"663":["atlas/rollerIcon/yuanbao/yuanbao",9,1],"664":["atlas/bigBubble/skeleton",0,1],"665":["atlas/dialog/win/bg_caishen_baohe_box1",0,1],"666":["audio/ling",6,1],"667":["godWealth_actionBar/dl_cs_spinicon1",0,1],"668":["audio/turn",6,1],"669":["textures/God_TB_3_1",0,1],"670":["atlas/Lightning/shandian",9,1],"671":["atlas/iconSprite/a",0,1],"672":["atlas/iconSprite/a/spriteFrame",2,1],"673":["godWealth_actionBar/dl_cs_spinanniu1",0,1],"674":["atlas/rollerIcon/tongqian/tb_tongqian",10,1],"675":["atlas/rollerIcon/J/j",0,1],"676":["atlas/rollerIcon/J/j/spriteFrame",2,1],"677":["atlas/dialog/jackpot/slots_common_game_uw_gold",10,1],"678":["atlas/dialog/superwin/slots_common_game_sw_gold",10,1],"679":["prefabs/prefab_godWealth_set",8,1],"680":["prefabs/singleIconRoller",8,1],"681":["textures/God_TB_13_1_1",0,1],"682":["textures/icon_dt_loading_0",0,1],"683":["font/god_num_0",0,1],"684":["textures/icon_dt_loading_1",0,1],"685":["font/shuzi_xiazhucishu_0",0,1],"686":["atlas/dialog/jackpot/sb_lbjs_JACKPOT",9,1],"687":["textures/God_TB_2_1",0,1],"688":["godWealth_actionBar/dl_cs_kuaianniubox",0,1],"689":["godWealth_actionBar/dl_cs_vipanniu",0,1],"690":["godWealth_actionBar/God_tk2_3",0,1],"691":["atlas/rollerIcon/q/q",0,1],"692":["atlas/rollerIcon/q/q/spriteFrame",2,1],"693":["textures/5",0,1],"694":["textures/God_tk1",0,1],"695":["atlas/dialog/win/titile_caishen_xiaoyouxi",0,1],"696":["godWealth_actionBar/aut1",0,1],"697":["atlas/dialog/megawin/cs_mw",0,1],"698":["textures/God_nr1",0,1],"699":["atlas/dialog/yuanbao",0,1],"700":["atlas/PublicSkeleton/spine_guangquan",0,1],"701":["atlas/flyingCrane/feihe",9,1],"702":["atlas/dialog/bigwin/cs_bw",9,1],"703":["atlas/rollerIcon/scatter/caisheng",10,1],"704":["textures/God_SC4",0,1],"705":["atlas/dialog/superwin/slots_common_game_sw_gold",9,1],"706":["textures/default_sprite_splash",0,1],"707":["textures/default_sprite_splash/spriteFrame",2,1],"708":["atlas/iconSprite/wild",0,1],"709":["atlas/iconSprite/wild/spriteFrame",2,1],"710":["prefabs/prefab_godWealth_roller",8,1],"711":["atlas/rollerIcon/scatter/caisheng",0,1],"712":["atlas/rollerIcon/scatter/caisheng/spriteFrame",2,1],"713":["godWealth_actionBar/dl_cs_caidanbox",0,1],"715":["atlas/iconSprite/baohe",0,1],"716":["atlas/dialog/superwin/slots_common_game_sw_gold",0,1],"717":["atlas/dialog/superwin/slots_common_game_sw_gold/spriteFrame",2,1],"718":["atlas/focusBorder/xuanzhong",9,1],"719":["textures/4",0,1],"720":["atlas/rollerIcon/wild/jinchan2",0,1],"721":["atlas/rollerIcon/wild/jinchan2/spriteFrame",2,1],"722":["godWealth_actionBar/AUTO",0,1]},"scenes":{},"packs":{"036db3b76":[296,384],"03d022b20":[53,54,55,56,57,58,59,60,61,62,63,64,65,66,67,68,69,70,71,72,73,74,75,76,77,78,79,80,81,82,83,84,85,86,87,88,89,90,91,92,93,94,95,96,97,98,99,100,101,102,103,104,105,106,107,108,109,110,111,112,113,114,115,116,117,118,119,120,121,122,123,124,125,126,127,128,129,130,131,132,133,134,135,136,137,138,139,140,141,142,143,144,145,146,147,148,149,150],"03dcaba3d":[6,400],"0420331f9":[228,262,37,180,0,334,360,361,22,379,382,396,407,430,442],"047d4429f":[344,417],"053bcca00":[275,178,316,359,370],"05919a75d":[285,45,312,604,410,415,714],"06748f643":[214,225,240,226,5,259,261,468,268,269,270,272,274,277,295,7,33,34,36,151,152,155,156,166,171,167,169,172,9,175,189,23,192,194,303,305,306,307,317,318,321,322,213,340,342,343,3,455,255,263,475,265,282,290,293,39,44,183,186,187,297,298,301,25,311,327,332,227,48,177,179,26,28,314,603,330,337,49,157,160,281,40,158,299,30,251,163,231,279,288,335,345,353,354,348,349,356,358,363,365,366,368,369,372,374,376,378,381,383,387,390,392,393,397,401,403,405,409,412,414,416,418,425,435,429,437,427,431,434,439,441,444,447,445,443,450,451,453],"073de2530":[29,373],"08dc0184c":[8,24,27,31,256,260,266,271,273,280,283,289,291,294,41,153,168,176,184,190,193,195,304,308,323,328,331,333,336,350,364,367,375,377,391,398,406,419,428,436,452],"0ae074710":[241,159,164,173,191,197,300,341,346,394,413,432],"0b19e5e92":[309,355],"0b4956ff2":[50,162],"0bce52b23":[4,438],"0c1c2ef39":[1,2,476,313,591,319,424,448],"0e20bedc6":[10,224,229,230,257,258,264,267,278,286,292,42,47,51,165,170,174,181,185,188,196,0,310,320,324,325,329,338,339,351,352,357,371,380,385,386,388,389,395,402,421,422,423,433,446,454],"0e4e9d792":[287,302,362],"0ed18efca":[38,426],"0efda33c7":[32,276,284,52,154,182,404,408,440,449],"0f8b06224":[204,43,326,347,399,411,420],"0fa1747f4":[35,315,22]},"versions":{"import":[],"native":[]},"redirect":[536,"0",586,"1"],"debug":false,"extensionMap":{".cconb":[161,46,605]},"hasPreloadScript":true,"dependencyRelationships":{},"types":["cc.ImageAsset","cc.Texture2D","cc.SpriteFrame","cc.SpriteAtlas","cc.AnimationClip","cc.ParticleAsset","cc.AudioClip","cc.BitmapFont","cc.Prefab","cc.Asset","sp.SkeletonData","cc.LabelAtlas"]}