[1,["1a721b4d5@6c48a","ab9a9d31-49f9-46b9-8fee-c9c5be89231b@f9941","d2d95e06-f823-40f1-b60e-8ccdf4fd1477@f9941","897ea232-9bcd-416a-ae81-b42bda6a7543@f9941","6b46561d-7242-48ac-b9f9-65095fd075a7@f9941","f000cda3-6f04-41c6-8029-e94f8ab58034@f9941","97796ac1-b5a2-47e8-8f62-fd034050bb08@f9941","9e2bdae2-b189-4f34-8fd8-a390d870943e@f9941","e26d7e1c-d9d0-458b-b11f-6b3af5572bbe@f9941","d6829ba5-448d-44a4-ba83-3a9c5a42feef@f9941","53408d60-0aab-4cf5-80cf-7434899078e1@f9941","e12bdc12-19fb-4386-b69e-741f023fc55c@f9941","bb410008-c354-40dc-a663-ea7574033b6f@f9941","164aec02-0785-4a8d-808f-a829662d521c@f9941","f1716429-c65d-445c-b1e7-07f54e193853@f9941"],["_textureSource"],["cc.SpriteFrame","cc.SpriteAtlas"],0,[[[{"name":"icon_olps_huang","rect":{"x":3,"y":751,"width":107,"height":93},"offset":{"x":0,"y":0},"originalSize":{"width":107,"height":93},"rotated":false,"capInsets":[0,0,0,0],"packable":true,"pixelsToUnit":100,"pivot":{"x":0.5,"y":0.5},"meshType":0}],[0],0,[0],[0],[0]],[[{"name":"icon_olps_lan","rect":{"x":3,"y":526,"width":109,"height":111},"offset":{"x":0,"y":0},"originalSize":{"width":109,"height":111},"rotated":true,"capInsets":[0,0,0,0],"packable":true,"pixelsToUnit":100,"pivot":{"x":0.5,"y":0.5},"meshType":0}],[0],0,[0],[0],[0]],[[{"name":"icon_olps_lvguangquan","rect":{"x":3,"y":228,"width":143,"height":94},"offset":{"x":0,"y":0},"originalSize":{"width":143,"height":94},"rotated":false,"capInsets":[0,0,0,0],"packable":true,"pixelsToUnit":100,"pivot":{"x":0.5,"y":0.5},"meshType":0}],[0],0,[0],[0],[0]],[[{"name":"icon_olps_jiezhi","rect":{"x":152,"y":126,"width":100,"height":111},"offset":{"x":0,"y":0},"originalSize":{"width":100,"height":111},"rotated":false,"capInsets":[0,0,0,0],"packable":true,"pixelsToUnit":100,"pivot":{"x":0.5,"y":0.5},"meshType":0}],[0],0,[0],[0],[0]],[[{"name":"icon_olps_languangquan","rect":{"x":3,"y":328,"width":143,"height":94},"offset":{"x":0,"y":0},"originalSize":{"width":143,"height":94},"rotated":false,"capInsets":[0,0,0,0],"packable":true,"pixelsToUnit":100,"pivot":{"x":0.5,"y":0.5},"meshType":0}],[0],0,[0],[0],[0]],[[{"name":"icon_olps_lv","rect":{"x":152,"y":357,"width":113,"height":99},"offset":{"x":0,"y":0},"originalSize":{"width":113,"height":99},"rotated":true,"capInsets":[0,0,0,0],"packable":true,"pixelsToUnit":100,"pivot":{"x":0.5,"y":0.5},"meshType":0}],[0],0,[0],[0],[0]],[[{"name":"icon_olps_scatter","rect":{"x":3,"y":3,"width":153,"height":117},"offset":{"x":0,"y":-0.5},"originalSize":{"width":153,"height":118},"rotated":false,"capInsets":[0,0,0,0],"packable":true,"pixelsToUnit":100,"pivot":{"x":0.5,"y":0.5},"meshType":0}],[0],0,[0],[0],[0]],[[{"name":"icon_olps_shengbei","rect":{"x":3,"y":641,"width":104,"height":108},"offset":{"x":0,"y":0},"originalSize":{"width":104,"height":108},"rotated":true,"capInsets":[0,0,0,0],"packable":true,"pixelsToUnit":100,"pivot":{"x":0.5,"y":0.5},"meshType":0}],[0],0,[0],[0],[0]],[[{"name":"icon_olps_hongguangquan","rect":{"x":3,"y":126,"width":143,"height":96},"offset":{"x":0,"y":0},"originalSize":{"width":143,"height":96},"rotated":false,"capInsets":[0,0,0,0],"packable":true,"pixelsToUnit":100,"pivot":{"x":0.5,"y":0.5},"meshType":0}],[0],0,[0],[0],[0]],[[{"name":"icon_olps_zi","rect":{"x":152,"y":476,"width":102,"height":95},"offset":{"x":0,"y":0},"originalSize":{"width":102,"height":95},"rotated":true,"capInsets":[0,0,0,0],"packable":true,"pixelsToUnit":100,"pivot":{"x":0.5,"y":0.5},"meshType":0}],[0],0,[0],[0],[0]],[[{"name":"icon_olps_huangguan","rect":{"x":120,"y":584,"width":110,"height":108},"offset":{"x":0,"y":0},"originalSize":{"width":110,"height":108},"rotated":false,"capInsets":[0,0,0,0],"packable":true,"pixelsToUnit":100,"pivot":{"x":0.5,"y":0.5},"meshType":0}],[0],0,[0],[0],[0]],[[{"name":"icon_olps_ziguangquan","rect":{"x":3,"y":428,"width":143,"height":92},"offset":{"x":0,"y":0},"originalSize":{"width":143,"height":92},"rotated":false,"capInsets":[0,0,0,0],"packable":true,"pixelsToUnit":100,"pivot":{"x":0.5,"y":0.5},"meshType":0}],[0],0,[0],[0],[0]],[[{"name":"auto-bigIcon","spriteFrames":["icon_olps_scatter","ab9a9d31-49f9-46b9-8fee-c9c5be89231b@f9941","icon_olps_hongguangquan","d2d95e06-f823-40f1-b60e-8ccdf4fd1477@f9941","icon_olps_jiezhi","897ea232-9bcd-416a-ae81-b42bda6a7543@f9941","icon_olps_lvguangquan","6b46561d-7242-48ac-b9f9-65095fd075a7@f9941","icon_olps_shalou","f000cda3-6f04-41c6-8029-e94f8ab58034@f9941","icon_olps_languangquan","97796ac1-b5a2-47e8-8f62-fd034050bb08@f9941","icon_olps_lv","9e2bdae2-b189-4f34-8fd8-a390d870943e@f9941","icon_olps_ziguangquan","e26d7e1c-d9d0-458b-b11f-6b3af5572bbe@f9941","icon_olps_zi","d6829ba5-448d-44a4-ba83-3a9c5a42feef@f9941","icon_olps_lan","53408d60-0aab-4cf5-80cf-7434899078e1@f9941","icon_olps_huangguan","e12bdc12-19fb-4386-b69e-741f023fc55c@f9941","icon_olps_shengbei","bb410008-c354-40dc-a663-ea7574033b6f@f9941","icon_olps_huang","164aec02-0785-4a8d-808f-a829662d521c@f9941","icon_olps_hong","f1716429-c65d-445c-b1e7-07f54e193853@f9941"]}],[1],0,[0,0,0,0,0,0,0,0,0,0,0,0,0,0],[0,0,0,0,0,0,0,0,0,0,0,0,0,0],[1,2,3,4,5,6,7,8,9,10,11,12,13,14]],[[{"name":"icon_olps_shalou","rect":{"x":152,"y":243,"width":100,"height":108},"offset":{"x":0,"y":0},"originalSize":{"width":100,"height":108},"rotated":false,"capInsets":[0,0,0,0],"packable":true,"pixelsToUnit":100,"pivot":{"x":0.5,"y":0.5},"meshType":0}],[0],0,[0],[0],[0]],[[{"name":"icon_olps_hong","rect":{"x":117,"y":698,"width":105,"height":104},"offset":{"x":-1,"y":0},"originalSize":{"width":107,"height":104},"rotated":false,"capInsets":[0,0,0,0],"packable":true,"pixelsToUnit":100,"pivot":{"x":0.5,"y":0.5},"meshType":0}],[0],0,[0],[0],[0]]]]
