[1,["1a721b4d5@6c48a","abmp0xSflGuY/uycW+iSMb@f9941","d22V4G+CNA8bYOjM30/RR3@f9941","89fqIym81Baq6BtCvaanVD@f9941","6bRlYdckJIrLn5ZQlf0HWn@f9941","f0AM2jbwRBxoAp6U+KtYA0@f9941","97eWrBtaJH6I9i/QNAULsI@f9941","9eK9risYlPNI/Yo5DYcJQ+@f9941","e2bX4c2dBFi7Efazr1Vyu+@f9941","d6gpulRI1EpLqDOpxaQv7v@f9941","53QI1gCqtM9YDPdDSJkHjh@f9941","e1K9wSGftDhraedB8CP8Vc@f9941","bbQQAIw1RA3KZj6nV0Aztv@f9941","16SuwCB4VKjYCPqClmLVIc@f9941","f1cWQpxl1EXLHnB/VOGThT@f9941"],["_textureSource"],["cc.SpriteFrame","cc.SpriteAtlas"],0,[[[{"name":"icon_olps_huang","rect":{"x":3,"y":751,"width":107,"height":93},"offset":{"x":0,"y":0},"originalSize":{"width":107,"height":93},"rotated":false,"capInsets":[0,0,0,0],"packable":true,"pixelsToUnit":100,"pivot":{"x":0.5,"y":0.5},"meshType":0}],[0],0,[0],[0],[0]],[[{"name":"icon_olps_lan","rect":{"x":3,"y":526,"width":109,"height":111},"offset":{"x":0,"y":0},"originalSize":{"width":109,"height":111},"rotated":true,"capInsets":[0,0,0,0],"packable":true,"pixelsToUnit":100,"pivot":{"x":0.5,"y":0.5},"meshType":0}],[0],0,[0],[0],[0]],[[{"name":"icon_olps_lvguangquan","rect":{"x":3,"y":228,"width":143,"height":94},"offset":{"x":0,"y":0},"originalSize":{"width":143,"height":94},"rotated":false,"capInsets":[0,0,0,0],"packable":true,"pixelsToUnit":100,"pivot":{"x":0.5,"y":0.5},"meshType":0}],[0],0,[0],[0],[0]],[[{"name":"icon_olps_jiezhi","rect":{"x":152,"y":126,"width":100,"height":111},"offset":{"x":0,"y":0},"originalSize":{"width":100,"height":111},"rotated":false,"capInsets":[0,0,0,0],"packable":true,"pixelsToUnit":100,"pivot":{"x":0.5,"y":0.5},"meshType":0}],[0],0,[0],[0],[0]],[[{"name":"icon_olps_languangquan","rect":{"x":3,"y":328,"width":143,"height":94},"offset":{"x":0,"y":0},"originalSize":{"width":143,"height":94},"rotated":false,"capInsets":[0,0,0,0],"packable":true,"pixelsToUnit":100,"pivot":{"x":0.5,"y":0.5},"meshType":0}],[0],0,[0],[0],[0]],[[{"name":"icon_olps_lv","rect":{"x":152,"y":357,"width":113,"height":99},"offset":{"x":0,"y":0},"originalSize":{"width":113,"height":99},"rotated":true,"capInsets":[0,0,0,0],"packable":true,"pixelsToUnit":100,"pivot":{"x":0.5,"y":0.5},"meshType":0}],[0],0,[0],[0],[0]],[[{"name":"icon_olps_scatter","rect":{"x":3,"y":3,"width":153,"height":117},"offset":{"x":0,"y":-0.5},"originalSize":{"width":153,"height":118},"rotated":false,"capInsets":[0,0,0,0],"packable":true,"pixelsToUnit":100,"pivot":{"x":0.5,"y":0.5},"meshType":0}],[0],0,[0],[0],[0]],[[{"name":"icon_olps_shengbei","rect":{"x":3,"y":641,"width":104,"height":108},"offset":{"x":0,"y":0},"originalSize":{"width":104,"height":108},"rotated":true,"capInsets":[0,0,0,0],"packable":true,"pixelsToUnit":100,"pivot":{"x":0.5,"y":0.5},"meshType":0}],[0],0,[0],[0],[0]],[[{"name":"icon_olps_hongguangquan","rect":{"x":3,"y":126,"width":143,"height":96},"offset":{"x":0,"y":0},"originalSize":{"width":143,"height":96},"rotated":false,"capInsets":[0,0,0,0],"packable":true,"pixelsToUnit":100,"pivot":{"x":0.5,"y":0.5},"meshType":0}],[0],0,[0],[0],[0]],[[{"name":"icon_olps_zi","rect":{"x":152,"y":476,"width":102,"height":95},"offset":{"x":0,"y":0},"originalSize":{"width":102,"height":95},"rotated":true,"capInsets":[0,0,0,0],"packable":true,"pixelsToUnit":100,"pivot":{"x":0.5,"y":0.5},"meshType":0}],[0],0,[0],[0],[0]],[[{"name":"icon_olps_huangguan","rect":{"x":120,"y":584,"width":110,"height":108},"offset":{"x":0,"y":0},"originalSize":{"width":110,"height":108},"rotated":false,"capInsets":[0,0,0,0],"packable":true,"pixelsToUnit":100,"pivot":{"x":0.5,"y":0.5},"meshType":0}],[0],0,[0],[0],[0]],[[{"name":"icon_olps_ziguangquan","rect":{"x":3,"y":428,"width":143,"height":92},"offset":{"x":0,"y":0},"originalSize":{"width":143,"height":92},"rotated":false,"capInsets":[0,0,0,0],"packable":true,"pixelsToUnit":100,"pivot":{"x":0.5,"y":0.5},"meshType":0}],[0],0,[0],[0],[0]],[[{"name":"auto-bigIcon","spriteFrames":["icon_olps_scatter","abmp0xSflGuY/uycW+iSMb@f9941","icon_olps_hongguangquan","d22V4G+CNA8bYOjM30/RR3@f9941","icon_olps_jiezhi","89fqIym81Baq6BtCvaanVD@f9941","icon_olps_lvguangquan","6bRlYdckJIrLn5ZQlf0HWn@f9941","icon_olps_shalou","f0AM2jbwRBxoAp6U+KtYA0@f9941","icon_olps_languangquan","97eWrBtaJH6I9i/QNAULsI@f9941","icon_olps_lv","9eK9risYlPNI/Yo5DYcJQ+@f9941","icon_olps_ziguangquan","e2bX4c2dBFi7Efazr1Vyu+@f9941","icon_olps_zi","d6gpulRI1EpLqDOpxaQv7v@f9941","icon_olps_lan","53QI1gCqtM9YDPdDSJkHjh@f9941","icon_olps_huangguan","e1K9wSGftDhraedB8CP8Vc@f9941","icon_olps_shengbei","bbQQAIw1RA3KZj6nV0Aztv@f9941","icon_olps_huang","16SuwCB4VKjYCPqClmLVIc@f9941","icon_olps_hong","f1cWQpxl1EXLHnB/VOGThT@f9941"]}],[1],0,[0,0,0,0,0,0,0,0,0,0,0,0,0,0],[0,0,0,0,0,0,0,0,0,0,0,0,0,0],[1,2,3,4,5,6,7,8,9,10,11,12,13,14]],[[{"name":"icon_olps_shalou","rect":{"x":152,"y":243,"width":100,"height":108},"offset":{"x":0,"y":0},"originalSize":{"width":100,"height":108},"rotated":false,"capInsets":[0,0,0,0],"packable":true,"pixelsToUnit":100,"pivot":{"x":0.5,"y":0.5},"meshType":0}],[0],0,[0],[0],[0]],[[{"name":"icon_olps_hong","rect":{"x":117,"y":698,"width":105,"height":104},"offset":{"x":-1,"y":0},"originalSize":{"width":107,"height":104},"rotated":false,"capInsets":[0,0,0,0],"packable":true,"pixelsToUnit":100,"pivot":{"x":0.5,"y":0.5},"meshType":0}],[0],0,[0],[0],[0]]]]
