[1,["6clQv4CopG9ZW9PecbHJiR","89Tj1d89RDsIC4yt4M9P3G","99eyZAHRpAxYjg2Qq+2oQY","6bRlYdckJIrLn5ZQlf0HWn@f9941","e24AncAwBA07VDzFO3BKzc","38kvQiOftHQ6QhvsqAQsQE","admVUOPDtIhJUD/OQX1IMQ","a7R3O001lMhaKAiphOWSnX","37ZOK8OsRNJKiuzifG19eW@6c48a","37ZOK8OsRNJKiuzifG19eW@f9941","5c0DgrYlVI+4GqMe4+es9e@6c48a","42lYBmk0BBVZJ7wL6l6t49@6c48a","7aljlCfLZE/5boCWTgwfpx@6c48a","76CunO81NHPYuABSZnhEQg@6c48a","a2c1yLlEdKpYYVA1VBf2TT@6c48a","a2c1yLlEdKpYYVA1VBf2TT@f9941","0d3Q6C8K5AEazWAdGVrfXX@6c48a","25H5X4DndEyYmXsYir5i0/@6c48a","efWo2b4xdClaciBozL7OcQ@6c48a"],["node","_skeletonData","_font","_textureSource","spriteFrame","root","data","_parent","_spriteFrame","_atlas","_defaultClip"],[["cc.Node",["_name","_active","_components","_prefab","_parent","_lpos","_children","_lscale"],1,9,4,1,5,2,5],"cc.SpriteFrame",["cc.UITransform",["node","__prefab","_contentSize"],3,1,4,5],["sp.Skeleton",["defaultSkin","defaultAnimation","_premultipliedAlpha","_preCacheMode","loop","node","__prefab","_skeletonData"],-2,1,4,6],["cc.Label",["_string","_actualFontSize","_fontSize","_isSystemFontUsed","_overflow","_enableWrapText","_enableOutline","node","__prefab","_font","_outlineColor"],-4,1,4,6,5],"cc.SpriteAtlas",["cc.Prefab",["_name"],2],["cc.CompPrefabInfo",["fileId"],2],["cc.PrefabInfo",["fileId","instance","targetOverrides","nestedPrefabInstanceRoots","root","asset"],-1,1,1],["cc.Widget",["_alignFlags","_originalWidth","_originalHeight","node","__prefab"],0,1,4],["cc.UIOpacity",["node","__prefab"],3,1,4],["cc.LabelOutline",["node","__prefab"],3,1,4],["cc.Animation",["node","__prefab","_clips","_defaultClip"],3,1,4,3,6],["cc.Sprite",["node","__prefab","_spriteFrame","_atlas"],3,1,4,6,6],["cc.BitmapFont",["_name","fontSize","fntConfig"],0],["sp.SkeletonData",["_name","_atlasText","textureNames","_skeletonJson","textures"],-1,3]],[[7,0,2],[8,0,1,2,3,4,5,5],[2,0,1,2,1],[15,0,1,2,3,4,5],[3,0,1,2,3,4,5,6,7,6],[14,0,1,2,4],[6,0,2],[0,0,6,2,3,7,2],[0,0,4,6,2,3,2],[0,0,1,4,2,3,5,7,3],[0,0,1,4,2,3,5,3],[0,0,2,3,5,2],[0,0,4,2,3,5,2],[0,0,4,2,3,2],[0,0,1,4,2,3,3],[0,0,1,4,6,2,3,3],[2,0,1,1],[9,0,1,2,3,4,4],[3,0,1,2,3,5,6,7,5],[10,0,1,1],[4,0,1,2,4,5,3,6,7,8,10,9,8],[4,0,1,2,3,7,8,9,5],[11,0,1,1],[12,0,1,2,3,1],[13,0,1,2,3,1]],[[[[6,"prefab_thor_iconCar"],[7,"prefab_thor_iconCar",[-3,-4,-5,-6,-7],[[2,-2,[0,"e69ySR6OFI7Jkmywbg/uyW"],[5,153,120]]],[1,"c46/YsCPVOJYA4mWEpNYRx",null,null,null,-1,0],[1,1.02,1,1]],[8,"props_iconWrap",1,[-10,-11],[[2,-8,[0,"6dTF3JGDRGb610T86ggQaj"],[5,153,120]],[17,45,166.14,163.34,-9,[0,"a8/7n71IlDbI/lFfooWH3F"]]],[1,"958GX0sKpEf5MuZenLkKUG",null,null,null,1,0]],[9,"iconNode_skeleton",false,2,[[2,-12,[0,"0e/9KmKLlKx6MsN4JwzQyp"],[5,253.58,173]],[4,"default","anima_chibang_2",false,0,false,-13,[0,"d6igEcAXVCdIpJ0FQbw1Sd"],1],[19,-14,[0,"146Km/c9ZCaoMIQkbIhHvu"]]],[1,"8diOzoTcBBpK1zr49p6QyA",null,null,null,1,0],[1,-1,-2,0],[1,0.9,0.9,1]],[10,"props_label_rate_num",false,1,[[2,-15,[0,"82waafTxRHx6RGQaWYD3sb"],[5,62.3,40]],[20,"5X",12,12,2,false,false,true,-16,[0,"30VW8RNwVPd6aLGuNbrIP6"],[4,4282861387],4],[22,-17,[0,"a344somBNEqJgcquiMQfK0"]]],[1,"9ergeTHGVLe71Jm4dQZt9b",null,null,null,1,0],[1,0,16,0]],[11,"props_iconId",[[2,-18,[0,"93T7RB/xdHgYfZPCpZzY9S"],[5,73,40]],[21,"50",20,20,false,-19,[0,"d8FqgGuDxHlIGOeJP0yTJc"],6],[23,-20,[0,"e235tkRtlEfbiZw0Hl5M/6"],[7],8]],[1,"69dJy9plFA4JAeLv7xXfSY",null,null,null,1,0],[1,0,-20,0]],[12,"props_focusBorder",1,[[2,-21,[0,"2chWJdaGZFg7hDRJ1Tt4is"],[5,0,0]],[18,"default","animation",false,0,-22,[0,"7aZPX456pGa7yw4CeR0VDo"],0]],[1,"594qYbZINJQom1bBtM2heL",null,null,null,1,0],[1,2,0,0]],[13,"iconNode_sprite",2,[[2,-23,[0,"a7NNgcebZCn4wblAvh6D+b"],[5,143,94]],[24,-24,[0,"f5H6NNeKtDjJvRAYsX183o"],2,3]],[1,"bc7OnvHipIMqBdMgwv2QCq",null,null,null,1,0]],[14,"props_skeleton_bomb",false,1,[[2,-25,[0,"203kDZqKRH2r1KxTUL5Aae"],[5,215,229]],[4,"default","animation",false,0,false,-26,[0,"f7naCd6xFDLZuLJQr3aZNS"],5]],[1,"d0gyhWAkhDy44jqTNSwAHx",null,null,null,1,0]],[15,"props_win_number",false,1,[5],[[16,-27,[0,"d5KcYeOFlD3actzAS6jjUp"]]],[1,"a076XHus9InIZgPbXG0hO/",null,null,null,1,0]]],0,[0,5,1,0,0,1,0,-1,6,0,-2,2,0,-3,4,0,-4,8,0,-5,9,0,0,2,0,0,2,0,-1,3,0,-2,7,0,0,3,0,0,3,0,0,3,0,0,4,0,0,4,0,0,4,0,0,5,0,0,5,0,0,5,0,0,6,0,0,6,0,0,7,0,0,7,0,0,8,0,0,8,0,0,9,0,6,1,5,7,9,27],[0,0,0,0,0,0,0,0,0],[1,1,8,9,2,1,2,-1,10],[1,2,3,4,5,6,7,0,0]],[[{"name":"font_win_0","rect":{"x":0,"y":0,"width":299,"height":185},"offset":{"x":-0.5,"y":7.5},"originalSize":{"width":300,"height":200},"rotated":false,"capInsets":[0,0,0,0],"vertices":{"rawPosition":[-149.5,-92.5,0,149.5,-92.5,0,-149.5,92.5,0,149.5,92.5,0],"indexes":[0,1,2,2,1,3],"uv":[0,200,299,200,0,15,299,15],"nuv":[0,0.075,0.9966666666666667,0.075,0,1,0.9966666666666667,1],"minPos":{"x":-149.5,"y":-92.5,"z":0},"maxPos":{"x":149.5,"y":92.5,"z":0}},"packable":true,"pixelsToUnit":100,"pivot":{"x":0.5,"y":0.5},"meshType":0}],[1],0,[0],[3],[8]],[[[5,"font_win",20,{"commonHeight":19,"fontSize":20,"atlasName":"font_win_0.png","fontDefDictionary":{"32":{"xOffset":-1,"yOffset":18,"xAdvance":5,"rect":{"x":47,"y":144,"width":3,"height":1}},"43":{"xOffset":0,"yOffset":6,"xAdvance":46,"rect":{"x":221,"y":133,"width":46,"height":50}},"44":{"xOffset":0,"yOffset":27,"xAdvance":26,"rect":{"x":271,"y":0,"width":26,"height":34}},"45":{"xOffset":0,"yOffset":15,"xAdvance":31,"rect":{"x":268,"y":133,"width":31,"height":21}},"46":{"xOffset":0,"yOffset":35,"xAdvance":22,"rect":{"x":270,"y":72,"width":22,"height":26}},"48":{"xOffset":0,"yOffset":0,"xAdvance":45,"rect":{"x":0,"y":0,"width":45,"height":63}},"49":{"xOffset":0,"yOffset":0,"xAdvance":32,"rect":{"x":188,"y":73,"width":32,"height":61}},"50":{"xOffset":0,"yOffset":0,"xAdvance":44,"rect":{"x":226,"y":0,"width":44,"height":62}},"51":{"xOffset":0,"yOffset":0,"xAdvance":41,"rect":{"x":184,"y":0,"width":41,"height":63}},"52":{"xOffset":-2,"yOffset":0,"xAdvance":46,"rect":{"x":97,"y":73,"width":46,"height":61}},"53":{"xOffset":0,"yOffset":0,"xAdvance":41,"rect":{"x":0,"y":73,"width":41,"height":62}},"54":{"xOffset":0,"yOffset":0,"xAdvance":45,"rect":{"x":46,"y":0,"width":45,"height":63}},"55":{"xOffset":0,"yOffset":0,"xAdvance":43,"rect":{"x":144,"y":73,"width":43,"height":61}},"56":{"xOffset":0,"yOffset":0,"xAdvance":45,"rect":{"x":92,"y":0,"width":45,"height":63}},"57":{"xOffset":0,"yOffset":0,"xAdvance":45,"rect":{"x":138,"y":0,"width":45,"height":63}},"61":{"xOffset":0,"yOffset":12,"xAdvance":46,"rect":{"x":0,"y":145,"width":46,"height":40}},"88":{"xOffset":0,"yOffset":0,"xAdvance":54,"rect":{"x":42,"y":73,"width":54,"height":61}},"120":{"xOffset":0,"yOffset":6,"xAdvance":48,"rect":{"x":221,"y":73,"width":48,"height":50}}},"kerningDict":{}}]],0,0,[0],[4],[9]],[[[3,"thor_huoquan","\r\nthor_huoquan.png\r\nsize: 1024,1024\r\nformat: RGBA8888\r\nfilter: Linear,Linear\r\nrepeat: none\r\nhuoquan_00001\r\n  rotate: false\r\n  xy: 2, 822\r\n  size: 213, 162\r\n  orig: 213, 162\r\n  offset: 0, 0\r\n  index: -1\r\nhuoquan_00003\r\n  rotate: false\r\n  xy: 2, 658\r\n  size: 213, 162\r\n  orig: 213, 162\r\n  offset: 0, 0\r\n  index: -1\r\nhuoquan_00005\r\n  rotate: false\r\n  xy: 217, 822\r\n  size: 213, 162\r\n  orig: 213, 162\r\n  offset: 0, 0\r\n  index: -1\r\nhuoquan_00007\r\n  rotate: false\r\n  xy: 2, 494\r\n  size: 213, 162\r\n  orig: 213, 162\r\n  offset: 0, 0\r\n  index: -1\r\nhuoquan_00009\r\n  rotate: false\r\n  xy: 217, 658\r\n  size: 213, 162\r\n  orig: 213, 162\r\n  offset: 0, 0\r\n  index: -1\r\nhuoquan_00013\r\n  rotate: false\r\n  xy: 432, 822\r\n  size: 213, 162\r\n  orig: 213, 162\r\n  offset: 0, 0\r\n  index: -1\r\nhuoquan_00015\r\n  rotate: false\r\n  xy: 2, 330\r\n  size: 213, 162\r\n  orig: 213, 162\r\n  offset: 0, 0\r\n  index: -1\r\nhuoquan_00017\r\n  rotate: false\r\n  xy: 217, 494\r\n  size: 213, 162\r\n  orig: 213, 162\r\n  offset: 0, 0\r\n  index: -1\r\nhuoquan_00019\r\n  rotate: false\r\n  xy: 432, 658\r\n  size: 213, 162\r\n  orig: 213, 162\r\n  offset: 0, 0\r\n  index: -1\r\nhuoquan_00021\r\n  rotate: false\r\n  xy: 647, 822\r\n  size: 213, 162\r\n  orig: 213, 162\r\n  offset: 0, 0\r\n  index: -1\r\nhuoquan_00023\r\n  rotate: false\r\n  xy: 2, 166\r\n  size: 213, 162\r\n  orig: 213, 162\r\n  offset: 0, 0\r\n  index: -1\r\nhuoquan_00025\r\n  rotate: false\r\n  xy: 217, 330\r\n  size: 213, 162\r\n  orig: 213, 162\r\n  offset: 0, 0\r\n  index: -1\r\nhuoquan_00027\r\n  rotate: false\r\n  xy: 432, 494\r\n  size: 213, 162\r\n  orig: 213, 162\r\n  offset: 0, 0\r\n  index: -1\r\nhuoquan_00029\r\n  rotate: false\r\n  xy: 647, 658\r\n  size: 213, 162\r\n  orig: 213, 162\r\n  offset: 0, 0\r\n  index: -1\r\nhuoquan_00031\r\n  rotate: false\r\n  xy: 2, 2\r\n  size: 213, 162\r\n  orig: 213, 162\r\n  offset: 0, 0\r\n  index: -1\r\nhuoquan_00033\r\n  rotate: false\r\n  xy: 217, 166\r\n  size: 213, 162\r\n  orig: 213, 162\r\n  offset: 0, 0\r\n  index: -1\r\nhuoquan_00035\r\n  rotate: false\r\n  xy: 432, 330\r\n  size: 213, 162\r\n  orig: 213, 162\r\n  offset: 0, 0\r\n  index: -1\r\nhuoquan_00037\r\n  rotate: false\r\n  xy: 647, 494\r\n  size: 213, 162\r\n  orig: 213, 162\r\n  offset: 0, 0\r\n  index: -1\r\nhuoquan_00039\r\n  rotate: false\r\n  xy: 217, 2\r\n  size: 213, 162\r\n  orig: 213, 162\r\n  offset: 0, 0\r\n  index: -1\r\nhuoquan_00041\r\n  rotate: false\r\n  xy: 432, 166\r\n  size: 213, 162\r\n  orig: 213, 162\r\n  offset: 0, 0\r\n  index: -1\r\nhuoquan_00043\r\n  rotate: false\r\n  xy: 647, 330\r\n  size: 213, 162\r\n  orig: 213, 162\r\n  offset: 0, 0\r\n  index: -1\r\nhuoquan_00045\r\n  rotate: false\r\n  xy: 432, 2\r\n  size: 213, 162\r\n  orig: 213, 162\r\n  offset: 0, 0\r\n  index: -1\r\nhuoquan_00047\r\n  rotate: false\r\n  xy: 647, 166\r\n  size: 213, 162\r\n  orig: 213, 162\r\n  offset: 0, 0\r\n  index: -1\r\nhuoquan_00049\r\n  rotate: false\r\n  xy: 647, 2\r\n  size: 213, 162\r\n  orig: 213, 162\r\n  offset: 0, 0\r\n  index: -1\r\n\r\nthor_huoquan2.png\r\nsize: 1024,256\r\nformat: RGBA8888\r\nfilter: Linear,Linear\r\nrepeat: none\r\nhuoquan_00011\r\n  rotate: true\r\n  xy: 330, 3\r\n  size: 212, 162\r\n  orig: 213, 162\r\n  offset: 0, 0\r\n  index: -1\r\nhuoquan_00051\r\n  rotate: true\r\n  xy: 494, 3\r\n  size: 212, 162\r\n  orig: 213, 162\r\n  offset: 1, 0\r\n  index: -1\r\nhuoquan_00053\r\n  rotate: true\r\n  xy: 658, 3\r\n  size: 212, 162\r\n  orig: 213, 162\r\n  offset: 1, 0\r\n  index: -1\r\nhuoquan_00055\r\n  rotate: true\r\n  xy: 822, 3\r\n  size: 212, 162\r\n  orig: 213, 162\r\n  offset: 1, 0\r\n  index: -1\r\nhuoquan_00057\r\n  rotate: true\r\n  xy: 2, 2\r\n  size: 213, 162\r\n  orig: 213, 162\r\n  offset: 0, 0\r\n  index: -1\r\nhuoquan_00059\r\n  rotate: true\r\n  xy: 166, 2\r\n  size: 213, 162\r\n  orig: 213, 162\r\n  offset: 0, 0\r\n  index: -1\r\n",["thor_huoquan.png","thor_huoquan2.png"],{"skeleton":{"hash":"OwmAZJ948AUSDaeZSKyO/FtDeAQ","spine":"3.6.53","width":0,"height":0,"images":"D:/WK/雷神优化/huoquan"},"bones":[{"name":"root"},{"name":"hq01","parent":"root"}],"slots":[{"name":"h001","bone":"hq01"}],"skins":{"default":{"h001":{"huoquan_00001":{"width":213,"height":162},"huoquan_00003":{"width":213,"height":162},"huoquan_00005":{"width":213,"height":162},"huoquan_00007":{"width":213,"height":162},"huoquan_00009":{"width":213,"height":162},"huoquan_00011":{"width":213,"height":162},"huoquan_00013":{"width":213,"height":162},"huoquan_00015":{"width":213,"height":162},"huoquan_00017":{"width":213,"height":162},"huoquan_00019":{"width":213,"height":162},"huoquan_00021":{"width":213,"height":162},"huoquan_00023":{"width":213,"height":162},"huoquan_00025":{"width":213,"height":162},"huoquan_00027":{"width":213,"height":162},"huoquan_00029":{"width":213,"height":162},"huoquan_00031":{"width":213,"height":162},"huoquan_00033":{"width":213,"height":162},"huoquan_00035":{"width":213,"height":162},"huoquan_00037":{"width":213,"height":162},"huoquan_00039":{"width":213,"height":162},"huoquan_00041":{"width":213,"height":162},"huoquan_00043":{"width":213,"height":162},"huoquan_00045":{"width":213,"height":162},"huoquan_00047":{"width":213,"height":162},"huoquan_00049":{"width":213,"height":162},"huoquan_00051":{"width":213,"height":162},"huoquan_00053":{"width":213,"height":162},"huoquan_00055":{"width":213,"height":162},"huoquan_00057":{"width":213,"height":162},"huoquan_00059":{"width":213,"height":162}}}},"animations":{"animation":{"slots":{"h001":{"attachment":[{"time":0,"name":"huoquan_00001"},{"time":0.0667,"name":"huoquan_00003"},{"time":0.1333,"name":"huoquan_00005"},{"time":0.2,"name":"huoquan_00007"},{"time":0.2667,"name":"huoquan_00009"},{"time":0.3333,"name":"huoquan_00011"},{"time":0.4,"name":"huoquan_00013"},{"time":0.4667,"name":"huoquan_00015"},{"time":0.5333,"name":"huoquan_00017"},{"time":0.6,"name":"huoquan_00019"},{"time":0.6667,"name":"huoquan_00021"},{"time":0.7333,"name":"huoquan_00023"},{"time":0.8,"name":"huoquan_00025"},{"time":0.8667,"name":"huoquan_00027"},{"time":0.9333,"name":"huoquan_00029"},{"time":1,"name":"huoquan_00031"},{"time":1.0667,"name":"huoquan_00033"},{"time":1.1333,"name":"huoquan_00035"},{"time":1.2,"name":"huoquan_00037"},{"time":1.2667,"name":"huoquan_00039"},{"time":1.3333,"name":"huoquan_00041"},{"time":1.4,"name":"huoquan_00043"},{"time":1.4667,"name":"huoquan_00045"},{"time":1.5333,"name":"huoquan_00047"},{"time":1.6,"name":"huoquan_00049"},{"time":1.6667,"name":"huoquan_00051"},{"time":1.7333,"name":"huoquan_00053"},{"time":1.8,"name":"huoquan_00055"},{"time":1.8667,"name":"huoquan_00057"},{"time":1.9333,"name":"huoquan_00059"}]}}}}},[0,1]]],0,0,[0,0],[-1,-2],[10,11]],[[[3,"thor_anim_wild_green","\r\nthor_anim_wild_green.png\r\nsize: 2048,2048\r\nformat: RGBA8888\r\nfilter: Linear,Linear\r\nrepeat: none\r\nthor_anim_wild_1_1\r\n  rotate: false\r\n  xy: 842, 1865\r\n  size: 193, 172\r\n  orig: 193, 172\r\n  offset: 0, 0\r\n  index: -1\r\nthor_anim_wild_1_2\r\n  rotate: true\r\n  xy: 298, 1958\r\n  size: 79, 141\r\n  orig: 79, 141\r\n  offset: 0, 0\r\n  index: -1\r\nthor_anim_wild_1_3\r\n  rotate: true\r\n  xy: 2, 1964\r\n  size: 73, 146\r\n  orig: 73, 146\r\n  offset: 0, 0\r\n  index: -1\r\nthor_anim_wild_1_4\r\n  rotate: false\r\n  xy: 1037, 1864\r\n  size: 193, 173\r\n  orig: 193, 173\r\n  offset: 0, 0\r\n  index: -1\r\nthor_anim_wild_1_5\r\n  rotate: true\r\n  xy: 441, 1958\r\n  size: 79, 141\r\n  orig: 79, 141\r\n  offset: 0, 0\r\n  index: -1\r\nthor_anim_wild_1_6\r\n  rotate: true\r\n  xy: 150, 1964\r\n  size: 73, 146\r\n  orig: 73, 146\r\n  offset: 0, 0\r\n  index: -1\r\nthor_anim_wild_1_7\r\n  rotate: true\r\n  xy: 584, 1917\r\n  size: 120, 127\r\n  orig: 120, 127\r\n  offset: 0, 0\r\n  index: -1\r\nthor_anim_wild_1_8\r\n  rotate: false\r\n  xy: 713, 1914\r\n  size: 127, 123\r\n  orig: 127, 123\r\n  offset: 0, 0\r\n  index: -1\r\nthor_anim_wild_yanwu-animation_0\r\n  rotate: false\r\n  xy: 1232, 1550\r\n  size: 519, 487\r\n  orig: 519, 487\r\n  offset: 0, 0\r\n  index: -1\r\nthor_anim_wild_yanwu-animation_1\r\n  rotate: false\r\n  xy: 2, 1469\r\n  size: 519, 487\r\n  orig: 519, 487\r\n  offset: 0, 0\r\n  index: -1\r\nthor_anim_wild_yanwu-animation_10\r\n  rotate: false\r\n  xy: 2, 2\r\n  size: 519, 487\r\n  orig: 519, 487\r\n  offset: 0, 0\r\n  index: -1\r\nthor_anim_wild_yanwu-animation_2\r\n  rotate: false\r\n  xy: 523, 1375\r\n  size: 519, 487\r\n  orig: 519, 487\r\n  offset: 0, 0\r\n  index: -1\r\nthor_anim_wild_yanwu-animation_3\r\n  rotate: false\r\n  xy: 1044, 1061\r\n  size: 519, 487\r\n  orig: 519, 487\r\n  offset: 0, 0\r\n  index: -1\r\nthor_anim_wild_yanwu-animation_4\r\n  rotate: false\r\n  xy: 2, 980\r\n  size: 519, 487\r\n  orig: 519, 487\r\n  offset: 0, 0\r\n  index: -1\r\nthor_anim_wild_yanwu-animation_5\r\n  rotate: false\r\n  xy: 523, 886\r\n  size: 519, 487\r\n  orig: 519, 487\r\n  offset: 0, 0\r\n  index: -1\r\nthor_anim_wild_yanwu-animation_6\r\n  rotate: false\r\n  xy: 1044, 572\r\n  size: 519, 487\r\n  orig: 519, 487\r\n  offset: 0, 0\r\n  index: -1\r\nthor_anim_wild_yanwu-animation_7\r\n  rotate: false\r\n  xy: 2, 491\r\n  size: 519, 487\r\n  orig: 519, 487\r\n  offset: 0, 0\r\n  index: -1\r\nthor_anim_wild_yanwu-animation_8\r\n  rotate: false\r\n  xy: 523, 397\r\n  size: 519, 487\r\n  orig: 519, 487\r\n  offset: 0, 0\r\n  index: -1\r\nthor_anim_wild_yanwu-animation_9\r\n  rotate: false\r\n  xy: 1044, 83\r\n  size: 519, 487\r\n  orig: 519, 487\r\n  offset: 0, 0\r\n  index: -1\r\n\r\nthor_anim_wild_green2.png\r\nsize: 2048,2048\r\nformat: RGBA8888\r\nfilter: Linear,Linear\r\nrepeat: none\r\nthor_anim_wild_yanwu-animation_11\r\n  rotate: false\r\n  xy: 2, 1533\r\n  size: 519, 487\r\n  orig: 519, 487\r\n  offset: 0, 0\r\n  index: -1\r\nthor_anim_wild_yanwu-animation_12\r\n  rotate: false\r\n  xy: 523, 1533\r\n  size: 519, 487\r\n  orig: 519, 487\r\n  offset: 0, 0\r\n  index: -1\r\nthor_anim_wild_yanwu-animation_13\r\n  rotate: false\r\n  xy: 1044, 1533\r\n  size: 519, 487\r\n  orig: 519, 487\r\n  offset: 0, 0\r\n  index: -1\r\nthor_anim_wild_yanwu-animation_14\r\n  rotate: true\r\n  xy: 2, 1012\r\n  size: 519, 487\r\n  orig: 519, 487\r\n  offset: 0, 0\r\n  index: -1\r\nthor_anim_wild_yanwu-animation_15\r\n  rotate: true\r\n  xy: 2, 491\r\n  size: 519, 487\r\n  orig: 519, 487\r\n  offset: 0, 0\r\n  index: -1\r\nthor_anim_wild_yanwu-animation_16\r\n  rotate: false\r\n  xy: 2, 2\r\n  size: 519, 487\r\n  orig: 519, 487\r\n  offset: 0, 0\r\n  index: -1\r\nthor_anim_wild_yanwu-animation_17\r\n  rotate: true\r\n  xy: 491, 1012\r\n  size: 519, 487\r\n  orig: 519, 487\r\n  offset: 0, 0\r\n  index: -1\r\nthor_anim_wild_yanwu-animation_18\r\n  rotate: true\r\n  xy: 491, 491\r\n  size: 519, 487\r\n  orig: 519, 487\r\n  offset: 0, 0\r\n  index: -1\r\nthor_anim_wild_yanwu-animation_19\r\n  rotate: false\r\n  xy: 523, 2\r\n  size: 519, 487\r\n  orig: 519, 487\r\n  offset: 0, 0\r\n  index: -1\r\nthor_anim_wild_yanwu-animation_20\r\n  rotate: true\r\n  xy: 980, 1012\r\n  size: 519, 487\r\n  orig: 519, 487\r\n  offset: 0, 0\r\n  index: -1\r\nthor_anim_wild_yanwu-animation_21\r\n  rotate: true\r\n  xy: 980, 491\r\n  size: 519, 487\r\n  orig: 519, 487\r\n  offset: 0, 0\r\n  index: -1\r\nthor_anim_wild_yanwu-animation_22\r\n  rotate: false\r\n  xy: 1044, 2\r\n  size: 519, 487\r\n  orig: 519, 487\r\n  offset: 0, 0\r\n  index: -1\r\nthor_anim_wild_yanwu-animation_23\r\n  rotate: false\r\n  xy: 1469, 1044\r\n  size: 519, 487\r\n  orig: 519, 487\r\n  offset: 0, 0\r\n  index: -1\r\nthor_anim_wild_yanwu-animation_24\r\n  rotate: true\r\n  xy: 1469, 523\r\n  size: 519, 487\r\n  orig: 519, 487\r\n  offset: 0, 0\r\n  index: -1\r\n",["thor_anim_wild_green.png","thor_anim_wild_green2.png"],{"skeleton":{"hash":"nFYjOBJkNoZW8FJgdyqU2qYGmms","spine":"3.8.99","images":"E:/新版UI/奥林匹斯/动画源文件/tu/lvquan","audio":"E:\\新版UI\\奥林匹斯\\动画\\图标\\倍数圈\\lvquan"},"bones":[{"name":"root","scaleX":0.6,"scaleY":0.6},{"name":"chibang","parent":"root","y":-81.05},{"name":"bone","parent":"chibang","x":-0.22,"y":85.99},{"name":"yanwu","parent":"bone","x":0.47,"y":-8.96,"scaleX":0.8,"scaleY":0.8,"color":"f30e0eff"},{"name":"you","parent":"bone","length":132.18,"rotation":89.4,"x":82.17,"y":-45.47},{"name":"zhong","parent":"bone","length":99.36,"rotation":90,"x":-2.04,"y":-1.12},{"name":"zuo","parent":"bone","length":134.05,"rotation":90,"x":-81.72,"y":-35.8},{"name":"骨骼","parent":"bone","x":0.22,"y":-85.99}],"slots":[{"name":"yanwu","bone":"yanwu","color":"eefa05ff","blend":"additive"},{"name":"zhong","bone":"zhong","attachment":"thor_anim_wild_1_1"},{"name":"zhong_1","bone":"zhong","attachment":"thor_anim_wild_1_4"},{"name":"zuo","bone":"zuo","attachment":"thor_anim_wild_1_3"},{"name":"you","bone":"you","attachment":"thor_anim_wild_1_2"},{"name":"you_1","bone":"you","attachment":"thor_anim_wild_1_5"},{"name":"zuo_1","bone":"zuo","attachment":"thor_anim_wild_1_6"},{"name":"guang","bone":"骨骼","attachment":"thor_anim_wild_1_7"}],"skins":[{"name":"default","attachments":{"guang":{"thor_anim_wild_1_7":{"x":-0.22,"y":85.99,"width":120,"height":127},"thor_anim_wild_1_8":{"x":-0.22,"y":85.99,"width":127,"height":123}},"yanwu":{"thor_anim_wild_yanwu-animation_0":{"width":519,"height":487},"thor_anim_wild_yanwu-animation_1":{"width":519,"height":487},"thor_anim_wild_yanwu-animation_2":{"width":519,"height":487},"thor_anim_wild_yanwu-animation_3":{"width":519,"height":487},"thor_anim_wild_yanwu-animation_4":{"width":519,"height":487},"thor_anim_wild_yanwu-animation_5":{"width":519,"height":487},"thor_anim_wild_yanwu-animation_6":{"width":519,"height":487},"thor_anim_wild_yanwu-animation_7":{"width":519,"height":487},"thor_anim_wild_yanwu-animation_8":{"width":519,"height":487},"thor_anim_wild_yanwu-animation_9":{"width":519,"height":487},"thor_anim_wild_yanwu-animation_10":{"width":519,"height":487},"thor_anim_wild_yanwu-animation_11":{"width":519,"height":487},"thor_anim_wild_yanwu-animation_12":{"width":519,"height":487},"thor_anim_wild_yanwu-animation_13":{"width":519,"height":487},"thor_anim_wild_yanwu-animation_14":{"width":519,"height":487},"thor_anim_wild_yanwu-animation_15":{"width":519,"height":487},"thor_anim_wild_yanwu-animation_16":{"width":519,"height":487},"thor_anim_wild_yanwu-animation_17":{"width":519,"height":487},"thor_anim_wild_yanwu-animation_18":{"width":519,"height":487},"thor_anim_wild_yanwu-animation_19":{"width":519,"height":487},"thor_anim_wild_yanwu-animation_20":{"width":519,"height":487},"thor_anim_wild_yanwu-animation_21":{"width":519,"height":487},"thor_anim_wild_yanwu-animation_22":{"width":519,"height":487},"thor_anim_wild_yanwu-animation_23":{"width":519,"height":487},"thor_anim_wild_yanwu-animation_24":{"width":519,"height":487}},"you":{"thor_anim_wild_1_2":{"x":59.4,"y":-8.41,"rotation":-89.59,"width":79,"height":141}},"you_1":{"thor_anim_wild_1_5":{"x":58.93,"y":-8.53,"rotation":-89.4,"width":79,"height":141}},"zhong":{"thor_anim_wild_1_1":{"y":-0.5,"rotation":-90,"width":193,"height":172}},"zhong_1":{"thor_anim_wild_1_4":{"x":0.5,"y":-0.5,"rotation":-90,"width":193,"height":173}},"zuo":{"thor_anim_wild_1_3":{"x":45.21,"y":4.42,"rotation":-90,"width":73,"height":146}},"zuo_1":{"thor_anim_wild_1_6":{"x":46.51,"y":4.28,"rotation":-90,"width":73,"height":146}}}},{"name":"green"}],"animations":{"anim_chibang_1":{"slots":{"guang":{"color":[{"color":"ffffff00"}]},"you_1":{"color":[{"color":"ffffff00","curve":"stepped"},{"time":0.2333,"color":"ffffff00"},{"time":0.3667,"color":"fffffffd","curve":"stepped"},{"time":0.6,"color":"fffffffd"},{"time":0.8333,"color":"ffffff01"}]},"zhong_1":{"color":[{"color":"ffffff00","curve":"stepped"},{"time":0.2333,"color":"ffffff00"},{"time":0.3667,"color":"fffffffd","curve":"stepped"},{"time":0.6,"color":"fffffffd"},{"time":0.8333,"color":"ffffff01"}]},"zuo_1":{"color":[{"color":"ffffff00","curve":"stepped"},{"time":0.2333,"color":"ffffff00"},{"time":0.3667,"color":"fffffffd","curve":"stepped"},{"time":0.6,"color":"fffffffd"},{"time":0.8333,"color":"ffffff01"}]}},"bones":{"you":{"rotate":[{"angle":-2.2},{"time":0.2333,"angle":5.6},{"time":0.4333,"angle":-15.98},{"time":0.6333,"angle":12.31},{"time":0.8333,"angle":-2.2}]},"zuo":{"rotate":[{},{"time":0.2333,"angle":-10},{"time":0.4333,"angle":10},{"time":0.6333,"angle":-10},{"time":0.8333}]},"bone":{"translate":[{"time":0.2667},{"time":0.3667,"y":-14.21},{"time":0.4667}],"scale":[{"time":0.2667},{"time":0.3667,"y":0.836},{"time":0.4667}]}}},"anima_chibang_2":{"slots":{"guang":{"color":[{"color":"ffffff00","curve":"stepped"},{"time":0.8333,"color":"ffffff00"},{"time":0.8667,"color":"fffffffe"},{"time":0.9,"color":"ffffff00","curve":"stepped"},{"time":0.9333,"color":"ffffff00"},{"time":0.9667,"color":"fffffffe"},{"time":1,"color":"ffffff00","curve":"stepped"},{"time":1.0333,"color":"ffffff00"},{"time":1.0667,"color":"fffffffe"},{"time":1.1,"color":"ffffff00"}]},"yanwu":{"color":[{"time":0.8,"color":"f4fa03ff","curve":0.25,"c3":0.75},{"time":1,"color":"fac803ff","curve":0.661,"c2":0.33,"c3":-0.111,"c4":0.67},{"time":1.1333,"color":"faaf0368","curve":0.25,"c3":0.75},{"time":1.3333,"color":"f4fa0303"}],"attachment":[{"time":0.7333,"name":"thor_anim_wild_yanwu-animation_0"},{"time":0.7667,"name":"thor_anim_wild_yanwu-animation_1"},{"time":0.8,"name":"thor_anim_wild_yanwu-animation_2"},{"time":0.8333,"name":"thor_anim_wild_yanwu-animation_3"},{"time":0.8667,"name":"thor_anim_wild_yanwu-animation_4"},{"time":0.9,"name":"thor_anim_wild_yanwu-animation_5"},{"time":0.9333,"name":"thor_anim_wild_yanwu-animation_6"},{"time":0.9667,"name":"thor_anim_wild_yanwu-animation_7"},{"time":1,"name":"thor_anim_wild_yanwu-animation_8"},{"time":1.0333,"name":"thor_anim_wild_yanwu-animation_9"},{"time":1.0667,"name":"thor_anim_wild_yanwu-animation_10"},{"time":1.1,"name":"thor_anim_wild_yanwu-animation_11"},{"time":1.1333,"name":"thor_anim_wild_yanwu-animation_12"},{"time":1.1667,"name":"thor_anim_wild_yanwu-animation_13"},{"time":1.2,"name":"thor_anim_wild_yanwu-animation_14"},{"time":1.2333,"name":"thor_anim_wild_yanwu-animation_15"},{"time":1.2667,"name":"thor_anim_wild_yanwu-animation_16"},{"time":1.3,"name":"thor_anim_wild_yanwu-animation_17"},{"time":1.3333,"name":"thor_anim_wild_yanwu-animation_18"},{"time":1.3667,"name":"thor_anim_wild_yanwu-animation_19"},{"time":1.4,"name":"thor_anim_wild_yanwu-animation_20"},{"time":1.4333,"name":"thor_anim_wild_yanwu-animation_21"},{"time":1.4667,"name":"thor_anim_wild_yanwu-animation_22"},{"time":1.5,"name":"thor_anim_wild_yanwu-animation_23"},{"time":1.5333,"name":"thor_anim_wild_yanwu-animation_24"}]},"you_1":{"color":[{"color":"ffffff00"},{"time":0.4333,"color":"ffffffff","curve":"stepped"},{"time":0.7333,"color":"ffffffff","curve":0.25,"c3":0.75},{"time":1.1333,"color":"ffffff00"}]},"zhong_1":{"color":[{"color":"ffffff00"},{"time":0.4333,"color":"ffffffff","curve":"stepped"},{"time":0.7333,"color":"ffffffff","curve":0.25,"c3":0.75},{"time":1.1333,"color":"ffffff00"}]},"zuo_1":{"color":[{"color":"ffffff00"},{"time":0.4333,"color":"ffffffff","curve":"stepped"},{"time":0.7333,"color":"ffffffff","curve":0.25,"c3":0.75},{"time":1.1333,"color":"ffffff00"}]}},"bones":{"骨骼":{"translate":[{"time":0.9667,"y":-5.7},{"time":1.0667,"y":-8.31}],"scale":[{"time":0.9667,"x":1.05,"y":1.05},{"time":1.0667,"x":1.1,"y":1.1}]},"you":{"rotate":[{},{"time":0.4333,"angle":-15},{"time":0.5333,"angle":-14.4},{"time":0.8667},{"time":1,"angle":-7.5},{"time":1.1333}]},"zuo":{"rotate":[{},{"time":0.4333,"angle":15,"curve":"stepped"},{"time":0.5333,"angle":15},{"time":0.8667},{"time":1,"angle":7.5,"curve":1,"c3":0},{"time":1.1333}]},"bone":{"scale":[{"curve":1,"c3":0},{"time":0.4333,"x":1.3,"y":1.3,"curve":"stepped"},{"time":0.5333,"x":1.3,"y":1.3,"curve":1,"c3":0},{"time":0.8667,"curve":1,"c3":0},{"time":1,"x":1.02,"y":1.02,"curve":1,"c3":0},{"time":1.1333}]}}}}},[0,1]]],0,0,[0,0],[-1,-2],[12,13]],[[{"name":"font_win_blue_0","rect":{"x":0,"y":1,"width":289,"height":172},"offset":{"x":-5.5,"y":13},"originalSize":{"width":300,"height":200},"rotated":false,"capInsets":[0,0,0,0],"vertices":{"rawPosition":[-144.5,-86,0,144.5,-86,0,-144.5,86,0,144.5,86,0],"indexes":[0,1,2,2,1,3],"uv":[0,199,289,199,0,27,289,27],"nuv":[0,0.135,0.9633333333333334,0.135,0,0.995,0.9633333333333334,0.995],"minPos":{"x":-144.5,"y":-86,"z":0},"maxPos":{"x":144.5,"y":86,"z":0}},"packable":true,"pixelsToUnit":100,"pivot":{"x":0.5,"y":0.5},"meshType":0}],[1],0,[0],[3],[14]],[[[5,"font_win_blue",20,{"commonHeight":19,"fontSize":20,"atlasName":"font_win_blue_0.png","fontDefDictionary":{"32":{"xOffset":-1,"yOffset":18,"xAdvance":5,"rect":{"x":40,"y":122,"width":3,"height":1}},"43":{"xOffset":0,"yOffset":0,"xAdvance":38,"rect":{"x":169,"y":0,"width":38,"height":51}},"44":{"xOffset":0,"yOffset":0,"xAdvance":20,"rect":{"x":0,"y":122,"width":20,"height":51}},"45":{"xOffset":0,"yOffset":0,"xAdvance":38,"rect":{"x":208,"y":0,"width":38,"height":51}},"46":{"xOffset":0,"yOffset":0,"xAdvance":18,"rect":{"x":21,"y":122,"width":18,"height":51}},"48":{"xOffset":0,"yOffset":0,"xAdvance":38,"rect":{"x":247,"y":0,"width":38,"height":51}},"49":{"xOffset":0,"yOffset":0,"xAdvance":27,"rect":{"x":262,"y":61,"width":27,"height":51}},"50":{"xOffset":0,"yOffset":0,"xAdvance":37,"rect":{"x":117,"y":61,"width":37,"height":51}},"51":{"xOffset":0,"yOffset":0,"xAdvance":34,"rect":{"x":227,"y":61,"width":34,"height":51}},"52":{"xOffset":-2,"yOffset":0,"xAdvance":39,"rect":{"x":89,"y":0,"width":39,"height":51}},"53":{"xOffset":0,"yOffset":0,"xAdvance":35,"rect":{"x":155,"y":61,"width":35,"height":51}},"54":{"xOffset":0,"yOffset":0,"xAdvance":38,"rect":{"x":0,"y":61,"width":38,"height":51}},"55":{"xOffset":0,"yOffset":0,"xAdvance":35,"rect":{"x":191,"y":61,"width":35,"height":51}},"56":{"xOffset":0,"yOffset":0,"xAdvance":38,"rect":{"x":39,"y":61,"width":38,"height":51}},"57":{"xOffset":0,"yOffset":0,"xAdvance":38,"rect":{"x":78,"y":61,"width":38,"height":51}},"61":{"xOffset":0,"yOffset":0,"xAdvance":39,"rect":{"x":129,"y":0,"width":39,"height":51}},"88":{"xOffset":0,"yOffset":0,"xAdvance":46,"rect":{"x":0,"y":0,"width":46,"height":51}},"120":{"xOffset":0,"yOffset":0,"xAdvance":41,"rect":{"x":47,"y":0,"width":41,"height":51}}},"kerningDict":{}}]],0,0,[0],[4],[15]],[[[3,"thor_blow","\r\nthor_blow.png\r\nsize: 1024,1024\r\nformat: RGBA8888\r\nfilter: Linear,Linear\r\nrepeat: none\r\nthor_blow_1\r\n  rotate: false\r\n  xy: 0, 0\r\n  size: 430, 458\r\n  orig: 430, 458\r\n  offset: 0, 0\r\n  index: -1\r\nthor_blow_2\r\n  rotate: false\r\n  xy: 0, 460\r\n  size: 471, 476\r\n  orig: 471, 476\r\n  offset: 0, 0\r\n  index: -1\r\nthor_blow_3\r\n  rotate: false\r\n  xy: 432, 0\r\n  size: 430, 458\r\n  orig: 430, 458\r\n  offset: 0, 0\r\n  index: -1\r\nthor_blow_4\r\n  rotate: true\r\n  xy: 473, 494\r\n  size: 442, 440\r\n  orig: 442, 440\r\n  offset: 0, 0\r\n  index: -1\r\n\r\nthor_blow2.png\r\nsize: 1024,1024\r\nformat: RGBA8888\r\nfilter: Linear,Linear\r\nrepeat: none\r\nthor_blow_10\r\n  rotate: false\r\n  xy: 0, 730\r\n  size: 475, 292\r\n  orig: 475, 292\r\n  offset: 0, 0\r\n  index: -1\r\nthor_blow_11\r\n  rotate: false\r\n  xy: 0, 394\r\n  size: 377, 334\r\n  orig: 377, 334\r\n  offset: 0, 0\r\n  index: -1\r\nthor_blow_5\r\n  rotate: true\r\n  xy: 0, 18\r\n  size: 374, 358\r\n  orig: 374, 358\r\n  offset: 0, 0\r\n  index: -1\r\nthor_blow_7\r\n  rotate: true\r\n  xy: 360, 24\r\n  size: 368, 319\r\n  orig: 368, 319\r\n  offset: 0, 0\r\n  index: -1\r\nthor_blow_8\r\n  rotate: false\r\n  xy: 681, 340\r\n  size: 343, 306\r\n  orig: 343, 306\r\n  offset: 0, 0\r\n  index: -1\r\nthor_blow_9\r\n  rotate: false\r\n  xy: 477, 648\r\n  size: 440, 374\r\n  orig: 440, 374\r\n  offset: 0, 0\r\n  index: -1\r\n\r\nthor_blow3.png\r\nsize: 1024,1024\r\nformat: RGBA8888\r\nfilter: Linear,Linear\r\nrepeat: none\r\nthor_blow_12\r\n  rotate: false\r\n  xy: 0, 0\r\n  size: 350, 361\r\n  orig: 350, 361\r\n  offset: 0, 0\r\n  index: -1\r\nthor_blow_6\r\n  rotate: false\r\n  xy: 0, 363\r\n  size: 364, 365\r\n  orig: 364, 365\r\n  offset: 0, 0\r\n  index: -1\r\n",["thor_blow.png","thor_blow2.png","thor_blow3.png"],{"skeleton":{"hash":"i6ZuwOrkl00xT1IesKRCLeBp8eg","spine":"3.6.53","width":215,"height":229,"images":"./images/"},"bones":[{"name":"root","x":-506.19,"y":516.38},{"name":"骨骼","parent":"root","x":942.63,"y":-942.34},{"name":"骨骼2","parent":"root","x":506.19,"y":-516.38,"scaleX":0.5,"scaleY":0.5}],"slots":[{"name":"123","bone":"骨骼2","color":"fcfcfcfe","attachment":"thor_blow_1","blend":"additive"}],"skins":{"default":{"123":{"thor_blow_1":{"x":-8.69,"y":17.23,"width":430,"height":458},"thor_blow_2":{"x":5.31,"y":4.38,"width":471,"height":476},"thor_blow_3":{"x":18.81,"y":14.38,"width":430,"height":458},"thor_blow_4":{"x":22.81,"y":-4.62,"width":442,"height":440},"thor_blow_5":{"x":11.81,"y":4.38,"width":374,"height":358},"thor_blow_6":{"x":5.81,"y":3.88,"width":364,"height":365},"thor_blow_7":{"x":8.81,"y":-4.12,"width":368,"height":319},"thor_blow_8":{"x":4.31,"y":40.38,"width":343,"height":306},"thor_blow_9":{"x":-10.19,"y":-1.62,"width":440,"height":374},"thor_blow_10":{"x":19.31,"y":-9.62,"width":475,"height":292},"thor_blow_11":{"x":5.31,"y":4.38,"width":377,"height":334},"thor_blow_12":{"x":18.81,"y":-9.12,"width":350,"height":361}}}},"animations":{"321":{"slots":{"123":{"attachment":[{"time":0,"name":"thor_blow_1"},{"time":0.0333,"name":"thor_blow_1"},{"time":0.0667,"name":"thor_blow_2"},{"time":0.1,"name":"thor_blow_2"},{"time":0.1333,"name":"thor_blow_3"},{"time":0.1667,"name":"thor_blow_3"},{"time":0.2,"name":"thor_blow_4"},{"time":0.2333,"name":"thor_blow_4"},{"time":0.2667,"name":"thor_blow_5"},{"time":0.3,"name":"thor_blow_5"},{"time":0.3333,"name":"thor_blow_6"},{"time":0.3667,"name":"thor_blow_6"},{"time":0.4,"name":"thor_blow_7"},{"time":0.4333,"name":"thor_blow_7"},{"time":0.4667,"name":"thor_blow_9"},{"time":0.5,"name":"thor_blow_8"},{"time":0.5333,"name":"thor_blow_10"},{"time":0.5667,"name":"thor_blow_11"},{"time":0.6,"name":"thor_blow_12"}]}}},"animation":{"slots":{"123":{"attachment":[{"time":0.0667,"name":"thor_blow_1"},{"time":0.1333,"name":"thor_blow_2"},{"time":0.2,"name":"thor_blow_3"},{"time":0.2667,"name":"thor_blow_4"},{"time":0.3333,"name":"thor_blow_5"},{"time":0.4,"name":"thor_blow_6"},{"time":0.4667,"name":"thor_blow_7"},{"time":0.5333,"name":"thor_blow_8"},{"time":0.6,"name":"thor_blow_9"},{"time":0.6667,"name":"thor_blow_10"},{"time":0.7333,"name":"thor_blow_11"},{"time":0.8,"name":"thor_blow_12"}]}}}}},[0,1,2]]],0,0,[0,0,0],[-1,-2,-3],[16,17,18]],[[{"name":"auto-bigIcon","spriteFrames":["icon_olps_scatter","abmp0xSflGuY/uycW+iSMb@f9941","icon_olps_hongguangquan","d22V4G+CNA8bYOjM30/RR3@f9941","icon_olps_jiezhi","89fqIym81Baq6BtCvaanVD@f9941","icon_olps_lvguangquan","6bRlYdckJIrLn5ZQlf0HWn@f9941","icon_olps_shalou","f0AM2jbwRBxoAp6U+KtYA0@f9941","icon_olps_languangquan","97eWrBtaJH6I9i/QNAULsI@f9941","icon_olps_lv","9eK9risYlPNI/Yo5DYcJQ+@f9941","icon_olps_ziguangquan","e2bX4c2dBFi7Efazr1Vyu+@f9941","icon_olps_zi","d6gpulRI1EpLqDOpxaQv7v@f9941","icon_olps_lan","53QI1gCqtM9YDPdDSJkHjh@f9941","icon_olps_huangguan","e1K9wSGftDhraedB8CP8Vc@f9941","icon_olps_shengbei","bbQQAIw1RA3KZj6nV0Aztv@f9941","icon_olps_huang","16SuwCB4VKjYCPqClmLVIc@f9941","icon_olps_hong","f1cWQpxl1EXLHnB/VOGThT@f9941"]}],[5],0,[],[],[]]]]
