[1,["86bd5fb9-dc79-4b22-853c-290fc2c797c9@f9941","c8f330c6-42b2-4222-af21-67ca17734071@f9941","0648320f-4f44-4a25-8421-7d1681597e77@6c48a","67d56724-606a-4a5a-aa65-b4efb424e2e1@6c48a","7244d301-2712-467f-88ba-5f04546cd5a7@6c48a","86bd5fb9-dc79-4b22-853c-290fc2c797c9@6c48a","909c64bd-2746-41d5-914b-e17e80fcf4b8@6c48a","aba10ba4-a301-4ac1-8b7c-2cfe847d1316@6c48a","c3bb49ca-06f4-400d-b076-9bfa0c6da70f@6c48a","7d8f9b89-4fd1-4c9f-a3ab-38ec7cded7ca@f9941","aba10ba4-a301-4ac1-8b7c-2cfe847d1316@f9941","fc7cfaa2-f6f3-4b72-b627-6731f1cfb8fd@f9941","0648320f-4f44-4a25-8421-7d1681597e77@f9941","e8b6dfa2-215e-419b-a659-2996c5ec618e@f9941","c3bb49ca-06f4-400d-b076-9bfa0c6da70f@f9941","67d56724-606a-4a5a-aa65-b4efb424e2e1@f9941","7244d301-2712-467f-88ba-5f04546cd5a7@f9941","f4202eb8-77db-4e61-97da-6e8f261c9ec9@f9941","909c64bd-2746-41d5-914b-e17e80fcf4b8@f9941","e8b6dfa2-215e-419b-a659-2996c5ec618e@6c48a","f4202eb8-77db-4e61-97da-6e8f261c9ec9@6c48a","fc7cfaa2-f6f3-4b72-b627-6731f1cfb8fd@6c48a"],["node","_spriteFrame","_textureSource","root","data","_parent","_normalSprite"],["cc.SpriteFrame",["cc.Node",["_name","_layer","_active","_components","_prefab","_parent","_children","_lpos"],0,9,4,1,2,5],["cc.UITransform",["node","__prefab","_contentSize","_anchorPoint"],3,1,4,5,5],["cc.Sprite",["_sizeMode","node","__prefab","_spriteFrame","_color"],2,1,4,6,5],["cc.Label",["_string","_actualFontSize","_fontSize","_overflow","node","__prefab","_color"],-1,1,4,5],["cc.Layout",["_layoutType","_spacingX","_resizeMode","node","__prefab"],0,1,4],["cc.Prefab",["_name"],2],["cc.CompPrefabInfo",["fileId"],2],["cc.PrefabInfo",["fileId","instance","targetOverrides","nestedPrefabInstanceRoots","root","asset"],-1,1,1],["cc.Widget",["_alignFlags","_left","_right","_top","_bottom","_originalWidth","_originalHeight","node","__prefab"],-4,1,4],["cc.UIOpacity",["_opacity","node","__prefab"],2,1,4],["cc.BlockInputEvents",["node","__prefab"],3,1,4],["cc.Button",["_transition","_zoomScale","node","__prefab","_normalSprite"],1,1,4,6]],[[7,0,2],[8,0,1,2,3,4,5,5],[2,0,1,2,1],[1,0,1,5,3,4,3],[1,0,1,5,6,3,4,7,3],[4,0,1,2,4,5,4],[3,1,2,3,1],[3,0,1,2,3,2],[1,0,1,5,3,4,7,3],[1,0,1,5,6,3,4,3],[4,0,1,2,4,5,6,4],[6,0,2],[1,0,1,6,3,4,3],[1,0,1,6,3,4,7,3],[1,0,2,1,5,3,4,7,4],[2,0,1,1],[2,0,1,2,3,1],[3,0,1,2,4,3,2],[5,2,0,1,3,4,4],[5,0,1,3,4,3],[9,0,1,2,3,4,5,6,7,8,8],[10,0,1,2,2],[11,0,1,1],[12,0,1,2,3,4,3],[4,0,1,2,3,4,5,5]],[[[{"name":"icon_lishibox_new","rect":{"x":0,"y":0,"width":42,"height":33},"offset":{"x":0,"y":0},"originalSize":{"width":42,"height":33},"rotated":false,"capInsets":[0,0,0,0],"vertices":{"rawPosition":[-21,-16.5,0,21,-16.5,0,-21,16.5,0,21,16.5,0],"indexes":[0,1,2,2,1,3],"uv":[0,33,42,33,0,0,42,0],"nuv":[0,0,1,0,0,1,1,1],"minPos":{"x":-21,"y":-16.5,"z":0},"maxPos":{"x":21,"y":16.5,"z":0}},"packable":true,"pixelsToUnit":100,"pivot":{"x":0.5,"y":0.5},"meshType":0}],[0],0,[0],[2],[2]],[[{"name":"icon_lishibox_di_lv","rect":{"x":0,"y":0,"width":104,"height":28},"offset":{"x":0,"y":0},"originalSize":{"width":104,"height":28},"rotated":false,"capInsets":[0,0,0,0],"vertices":{"rawPosition":[-52,-14,0,52,-14,0,-52,14,0,52,14,0],"indexes":[0,1,2,2,1,3],"uv":[0,28,104,28,0,0,104,0],"nuv":[0,0,1,0,0,1,1,1],"minPos":{"x":-52,"y":-14,"z":0},"maxPos":{"x":52,"y":14,"z":0}},"packable":true,"pixelsToUnit":100,"pivot":{"x":0.5,"y":0.5},"meshType":0}],[0],0,[0],[2],[3]],[[{"name":"icon_lishibox_di_lan","rect":{"x":0,"y":0,"width":104,"height":28},"offset":{"x":0,"y":0},"originalSize":{"width":104,"height":28},"rotated":false,"capInsets":[0,0,0,0],"vertices":{"rawPosition":[-52,-14,0,52,-14,0,-52,14,0,52,14,0],"indexes":[0,1,2,2,1,3],"uv":[0,28,104,28,0,0,104,0],"nuv":[0,0,1,0,0,1,1,1],"minPos":{"x":-52,"y":-14,"z":0},"maxPos":{"x":52,"y":14,"z":0}},"packable":true,"pixelsToUnit":100,"pivot":{"x":0.5,"y":0.5},"meshType":0}],[0],0,[0],[2],[4]],[[{"name":"bg_box_ss","rect":{"x":0,"y":0,"width":32,"height":36},"offset":{"x":0,"y":0},"originalSize":{"width":32,"height":36},"rotated":false,"capInsets":[0,0,0,0],"vertices":{"rawPosition":[-16,-18,0,16,-18,0,-16,18,0,16,18,0],"indexes":[0,1,2,2,1,3],"uv":[0,36,32,36,0,0,32,0],"nuv":[0,0,1,0,0,1,1,1],"minPos":{"x":-16,"y":-18,"z":0},"maxPos":{"x":16,"y":18,"z":0}},"packable":true,"pixelsToUnit":100,"pivot":{"x":0.5,"y":0.5},"meshType":0}],[0],0,[0],[2],[5]],[[{"name":"bg_lishi_box","rect":{"x":0,"y":0,"width":1179,"height":609},"offset":{"x":0,"y":0},"originalSize":{"width":1179,"height":609},"rotated":false,"capInsets":[0,0,0,0],"vertices":{"rawPosition":[-589.5,-304.5,0,589.5,-304.5,0,-589.5,304.5,0,589.5,304.5,0],"indexes":[0,1,2,2,1,3],"uv":[0,609,1179,609,0,0,1179,0],"nuv":[0,0,1,0,0,1,1,1],"minPos":{"x":-589.5,"y":-304.5,"z":0},"maxPos":{"x":589.5,"y":304.5,"z":0}},"packable":true,"pixelsToUnit":100,"pivot":{"x":0.5,"y":0.5},"meshType":0}],[0],0,[0],[2],[6]],[[{"name":"TRENDS","rect":{"x":0,"y":0,"width":122,"height":27},"offset":{"x":0,"y":0},"originalSize":{"width":122,"height":27},"rotated":false,"capInsets":[0,0,0,0],"vertices":{"rawPosition":[-61,-13.5,0,61,-13.5,0,-61,13.5,0,61,13.5,0],"indexes":[0,1,2,2,1,3],"uv":[0,27,122,27,0,0,122,0],"nuv":[0,0,1,0,0,1,1,1],"minPos":{"x":-61,"y":-13.5,"z":0},"maxPos":{"x":61,"y":13.5,"z":0}},"packable":true,"pixelsToUnit":100,"pivot":{"x":0.5,"y":0.5},"meshType":0}],[0],0,[0],[2],[7]],[[{"name":"icon_lishibox_di_huang","rect":{"x":0,"y":0,"width":105,"height":28},"offset":{"x":0,"y":0},"originalSize":{"width":105,"height":28},"rotated":false,"capInsets":[0,0,0,0],"vertices":{"rawPosition":[-52.5,-14,0,52.5,-14,0,-52.5,14,0,52.5,14,0],"indexes":[0,1,2,2,1,3],"uv":[0,28,105,28,0,0,105,0],"nuv":[0,0,1,0,0,1,1,1],"minPos":{"x":-52.5,"y":-14,"z":0},"maxPos":{"x":52.5,"y":14,"z":0}},"packable":true,"pixelsToUnit":100,"pivot":{"x":0.5,"y":0.5},"meshType":0}],[0],0,[0],[2],[8]],[[[11,"game_teen"],[12,"game_teen",33554432,[-3,-4,-5],[[15,-2,[0,"43Mw/sBxdEhbJdcAeikF66"]]],[1,"c46/YsCPVOJYA4mWEpNYRx",null,null,null,-1,0]],[9,"Teen_Bg",33554432,1,[-8,-9,-10,-11,-12],[[2,-6,[0,"68yoCdizlCI41XBNDAp9Ko"],[5,1118,585]],[7,0,-7,[0,"e7YE/FaGZJPoMXK04WsHD9"],14]],[1,"1a5lFcQCBP4JLlRUSHsjyP",null,null,null,1,0]],[4,"Teen_Label",33554432,2,[-15,-16,-17,-18,-19],[[2,-13,[0,"ddUf16C5FGhZfMA6IykcRO"],[5,1040,50]],[18,1,1,60,-14,[0,"38/r7nQoxElo/6sKhigtHo"]]],[1,"6dMAu/4iBPSIVtAXS04Tqf",null,null,null,1,0],[1,0,-234,0]],[3,"SpriteSplash",33554432,1,[[2,-20,[0,"84eanfgn5OSIfER8rPdLh+"],[5,1400,800]],[17,0,-21,[0,"50TJabmQhNuptmjKwab4Uw"],[4,4278190080],0],[20,45,-650,-650,-350,-350,100,100,-22,[0,"d2Lz6GYuVEBKPhtkKFNZAA"]],[21,100,-23,[0,"d7K5w25D9AnJ7tnYnH9N3R"]],[22,-24,[0,"aagCOW9ZJCkb09KaJCfb0b"]]],[1,"9dQz8EO7NI7K2fqN92Qdf9",null,null,null,1,0]],[13,"props_recordItem",33554432,[-26,-27,-28],[[2,-25,[0,"d9YsLynfFCarSiKooYSAHi"],[5,69,42]]],[1,"ae5LKqEQRALoqJTipnwSVj",null,null,null,1,0],[1,34.5,-21,0]],[4,"props_Teen_List",33554432,2,[5],[[16,-29,[0,"d19J4p5UZCE72rP24wArkZ"],[5,1050,304],[0,0,1]],[19,3,1,-30,[0,"5fHqKUqD9F74Sk6ruz1SIo"]]],[1,"7fSqFPw0ZH86x1YPXj9yBk",null,null,null,1,0],[1,-524,172,0]],[4,"item",33554432,3,[-32,-33],[[2,-31,[0,"a0AHdYwn9J579WpHh1IP3z"],[5,160,34]]],[1,"46dEe9g8dOiaaSCOmRbp6a",null,null,null,1,0],[1,-440,0,0]],[4,"bg",33554432,7,[-36],[[2,-34,[0,"bdIB0fS3NKmrRDkCjAIWbb"],[5,120,30]],[7,0,-35,[0,"18WZD77ylAuY5+tUI/c+dK"],4]],[1,"f5iGMVDSBEFIipStq0Zubs",null,null,null,1,0],[1,-13.888,0,0]],[4,"numLabel",33554432,7,[-38,-39],[[2,-37,[0,"15Cf0zF4hPmbU1kQ6KwG7j"],[5,36,40]]],[1,"8apzRvSslLWabppQ+A5X00",null,null,null,1,0],[1,66.977,0,0]],[4,"item-001",33554432,3,[-41,-42],[[2,-40,[0,"3aTEa4niRBe4HsNKIgoe6+"],[5,160,34]]],[1,"d58OErtlVFpaBYDDFx4tjR",null,null,null,1,0],[1,-220,0,0]],[4,"bg",33554432,10,[-45],[[2,-43,[0,"abTRBhywtOj5yEFG/4JPTf"],[5,120,30]],[7,0,-44,[0,"0fhuCJoQ1KnaJ62OoWnSb4"],6]],[1,"aeu21KZJNGZ6ZhEiQGgXpG",null,null,null,1,0],[1,-13.888,0,0]],[4,"numLabel",33554432,10,[-47,-48],[[2,-46,[0,"77VQ+xAL9FWqCK95BWjI5y"],[5,36,40]]],[1,"5ehBjYczhCdpLpXCIRuEYf",null,null,null,1,0],[1,66.977,0,0]],[9,"item-002",33554432,3,[-50,-51],[[2,-49,[0,"d7DJ3rlN9IIrmRvhcyMnJZ"],[5,160,34]]],[1,"8bJhhciMFClp9pggVKfTb0",null,null,null,1,0]],[4,"bg",33554432,13,[-54],[[2,-52,[0,"28MGiY2oNEMpgI2WCStkGh"],[5,120,30]],[7,0,-53,[0,"cchgPAOdxOEINY57+IQemM"],8]],[1,"43J19+2+9Aw4BoVCKGhxOX",null,null,null,1,0],[1,-13.888,0,0]],[4,"numLabel",33554432,13,[-56,-57],[[2,-55,[0,"28L61ubSRPPIheHkmVAZ7V"],[5,36,40]]],[1,"85yASzlktIJJ9Mbltrqo7f",null,null,null,1,0],[1,66.977,0,0]],[4,"item-003",33554432,3,[-59,-60],[[2,-58,[0,"8e7xpXSrlDUoDA6fi+1lWb"],[5,160,34]]],[1,"f4eybrAw9GHoBMNaSd65Fq",null,null,null,1,0],[1,220,0,0]],[4,"bg",33554432,16,[-63],[[2,-61,[0,"823ARpYP5Gwrv6CPmQPZqg"],[5,120,30]],[7,0,-62,[0,"04rmlzEuxAKKdL1bM0noky"],10]],[1,"8egNXMSWZEw5l0bKWdw7Ij",null,null,null,1,0],[1,-13.888,0,0]],[4,"numLabel",33554432,16,[-65,-66],[[2,-64,[0,"d4YOTjb7VE6aNaxwtrst12"],[5,36,40]]],[1,"31E+gWruRDR7zE7Z6QPBKU",null,null,null,1,0],[1,66.977,0,0]],[4,"item-004",33554432,3,[-68,-69],[[2,-67,[0,"06G7e92oBA471ccw+BVGP0"],[5,160,34]]],[1,"fd5LGNBIpOTpgJlEPq9V9i",null,null,null,1,0],[1,440,0,0]],[4,"bg",33554432,19,[-72],[[2,-70,[0,"f4yIOA+uhKtYJECPpVn5J9"],[5,120,30]],[7,0,-71,[0,"f8OE+l401KK4TRl/FM9vzx"],12]],[1,"e3a4g9SjJGP4vkcx89mLYC",null,null,null,1,0],[1,-13.888,0,0]],[4,"numLabel",33554432,19,[-74,-75],[[2,-73,[0,"19RxVTa79C7ZCT4ckDazNi"],[5,36,40]]],[1,"34FF1V16FMZKUMB+7XNrD7",null,null,null,1,0],[1,66.977,0,0]],[8,"props_close",33554432,1,[[2,-76,[0,"0eM+/OhvtEwqxmzuAh0+l+"],[5,51,50]],[6,-77,[0,"079bTGYnZKd5K3tInABnmH"],15],[23,3,0.9,-78,[0,"18vN7vMb1J3q86E7vnc96Q"],16]],[1,"6d+m8uRRVHfKiN/BH3EeqP",null,null,null,1,0],[1,522.247,259.704,0]],[8,"Teen_topdecLabel",33554432,2,[[2,-79,[0,"36uFAnwIJHIpKbS7bcRJ0p"],[5,127.16,50.4]],[10,"Road Marker",22,22,-80,[0,"b5BSfGltxCjIFahsp9n5IG"],[4,4290670889]]],[1,"21phgLCsNDM5yR2yp6OZr9",null,null,null,1,0],[1,0,192,0]],[8,"TREN",33554432,2,[[2,-81,[0,"deGVDqPtdCXoLsd3iwBaRS"],[5,122,27]],[6,-82,[0,"32tsfmZ2hAVYdsy3VwmDos"],1]],[1,"b6WnljiudFVYfiEfVX7Vrd",null,null,null,1,0],[1,0,250,0]],[3,"record_bg",33554432,5,[[2,-83,[0,"3aQ/IzkmNHTKW2Tb63tgNH"],[5,62,30]],[7,0,-84,[0,"52lYCw3shChJ/9tVo546Aw"],2]],[1,"41K+CDyrxOfb6wlX2oOExe",null,null,null,1,0]],[3,"record_label",33554432,5,[[2,-85,[0,"b8MfUWfn9NUp1gniSzI1wS"],[5,61.16,50.4]],[24,"x6.76",17,16,2,-86,[0,"b3RQ7UlvZO7bU55l605ku3"]]],[1,"51BvVdRcxNo4uHsde1blHb",null,null,null,1,0]],[14,"record_new",false,33554432,5,[[2,-87,[0,"7dm2Zwc2RNMLOVCqh7NwjY"],[5,42,33]],[6,-88,[0,"a7Trk3/1hIcYzby3yF5M54"],3]],[1,"5fWztIoShC9rD5im1TvZ0r",null,null,null,1,0],[1,2,-30,0]],[3,"label",33554432,8,[[2,-89,[0,"6c8HG21mtFlbyDOZNd8ldM"],[5,32.91,50.4]],[5,"X1.0",16,16,-90,[0,"3e2gWVpXlFcK3DbvI+UGy0"]]],[1,"46yz014CRHq7V6ef3zdIV/",null,null,null,1,0]],[3,"bg_box_ss",33554432,9,[[2,-91,[0,"5fRt1dh6dMSYKzReB1PxHt"],[5,32,36]],[6,-92,[0,"27Dv8Cm3tEnpMSpvha0C+P"],5]],[1,"30TdLxlQtEUZtWwjshqU2+",null,null,null,1,0]],[3,"props_one",33554432,9,[[2,-93,[0,"54JduWxxBCSrCtXBbyf+i3"],[5,20.02,50.4]],[5,"20",18,18,-94,[0,"f1z29HFT5IZY6ZwjD/dW75"]]],[1,"5dk/5aIA5DwbACc53TOw/F",null,null,null,1,0]],[3,"label",33554432,11,[[2,-95,[0,"0a2lzuEoFE54+YHHNWAtw6"],[5,96.52,50.4]],[5,"x1.01 ~ x2.00",16,16,-96,[0,"b598tNreNJr6vvzTo0FeLb"]]],[1,"d5jkH7VlZJdp+EADfkyTDv",null,null,null,1,0]],[3,"bg_box_ss",33554432,12,[[2,-97,[0,"c1tGED1Y9BVrUs7YT4YabJ"],[5,32,36]],[6,-98,[0,"fev2vpm2lE/6tc041UfVd/"],7]],[1,"7d5HlvngtEsp3GFpjevkXZ",null,null,null,1,0]],[3,"props_tow",33554432,12,[[2,-99,[0,"e1CHXalg5HyZgpEUF45Y2H"],[5,20.02,50.4]],[5,"20",18,18,-100,[0,"f5ixRm+oZJ5ZolKXwOVqmx"]]],[1,"d7eaJZgAhHLpqCbU9Jwtxv",null,null,null,1,0]],[3,"label",33554432,14,[[2,-101,[0,"7f3c7YVzZEeLKSijCL/ucr"],[5,105.41,50.4]],[5,"x2.01 ~ x10.00",16,16,-102,[0,"dedYEUGC5M+YV/g1Oglkw+"]]],[1,"83pxuCwDpN/q7GQiXunZyZ",null,null,null,1,0]],[3,"bg_box_ss",33554432,15,[[2,-103,[0,"25nBIfOr9J7Iax2ZPMSZgy"],[5,32,36]],[6,-104,[0,"baMbKEKGdK9qGHADWRFt6f"],9]],[1,"75lAKYLHtASJL5Z3lqHkx+",null,null,null,1,0]],[3,"props_there",33554432,15,[[2,-105,[0,"3aI4b5mk5Pi4GEBNdyneo9"],[5,20.02,50.4]],[5,"20",18,18,-106,[0,"59njf9eXxNEqen4ngEf6W1"]]],[1,"dfAMRssstJ+agkTE9lE4Cw",null,null,null,1,0]],[3,"label",33554432,17,[[2,-107,[0,"17zaosaZNGpbE0R66jlV0v"],[5,114.31,50.4]],[5,"x10.01 ~ x20.00",16,16,-108,[0,"90G5lvFIlJcapteCfYoCGs"]]],[1,"e0lZ+xNVZJ6ru5XqST2osK",null,null,null,1,0]],[3,"bg_box_ss",33554432,18,[[2,-109,[0,"64ouYoRKRJxaM8KAOipxRN"],[5,32,36]],[6,-110,[0,"e3AvXYZsRJjqdS4cJ6qnW/"],11]],[1,"7bdySV2TFM3quXfzXiiZvc",null,null,null,1,0]],[3,"props_four",33554432,18,[[2,-111,[0,"eck28ajDJDXZEIhDqBKQhr"],[5,20.02,50.4]],[5,"20",18,18,-112,[0,"8d1v9HgjdK5ZRniXphJl5c"]]],[1,"92QSmDVS1Cu5tE21UmJ11o",null,null,null,1,0]],[3,"label",33554432,20,[[2,-113,[0,"9dtzRrZMdLvZyb1Yhq4a+3"],[5,60.05,50.4]],[5,"X20.00+",16,16,-114,[0,"717t4PIVJEapT27w603ahr"]]],[1,"93kPP2GK5J5LmShyxBcnow",null,null,null,1,0]],[3,"bg_box_ss",33554432,21,[[2,-115,[0,"25Hj3wwTVJLrEGOPutIkBA"],[5,32,36]],[6,-116,[0,"f4t4zva85GA7/vMn7O8n1f"],13]],[1,"0creWecNNAF6yQLcrUQo8c",null,null,null,1,0]],[3,"props_five",33554432,21,[[2,-117,[0,"c2FwhDWPVAKqHaLCx1LL7p"],[5,20.02,50.4]],[5,"20",18,18,-118,[0,"6eSkygIF5GMrNnpEO/scJW"]]],[1,"3atSqb4X9GhY0YT35pyBuY",null,null,null,1,0]],[8,"Teen_decLabel",33554432,2,[[2,-119,[0,"4ekuHerINMCZWpJzSGPN5z"],[5,185.89,50.4]],[10,"Lastest 100 games",22,22,-120,[0,"ad9B7L6xJMTqHFbB8kUvgK"],[4,4290670889]]],[1,"082eLe9utLebB0SR13RT5t",null,null,null,1,0],[1,0,-188,0]]],0,[0,3,1,0,0,1,0,-1,4,0,-2,2,0,-3,22,0,0,2,0,0,2,0,-1,23,0,-2,24,0,-3,6,0,-4,3,0,-5,43,0,0,3,0,0,3,0,-1,7,0,-2,10,0,-3,13,0,-4,16,0,-5,19,0,0,4,0,0,4,0,0,4,0,0,4,0,0,4,0,0,5,0,-1,25,0,-2,26,0,-3,27,0,0,6,0,0,6,0,0,7,0,-1,8,0,-2,9,0,0,8,0,0,8,0,-1,28,0,0,9,0,-1,29,0,-2,30,0,0,10,0,-1,11,0,-2,12,0,0,11,0,0,11,0,-1,31,0,0,12,0,-1,32,0,-2,33,0,0,13,0,-1,14,0,-2,15,0,0,14,0,0,14,0,-1,34,0,0,15,0,-1,35,0,-2,36,0,0,16,0,-1,17,0,-2,18,0,0,17,0,0,17,0,-1,37,0,0,18,0,-1,38,0,-2,39,0,0,19,0,-1,20,0,-2,21,0,0,20,0,0,20,0,-1,40,0,0,21,0,-1,41,0,-2,42,0,0,22,0,0,22,0,0,22,0,0,23,0,0,23,0,0,24,0,0,24,0,0,25,0,0,25,0,0,26,0,0,26,0,0,27,0,0,27,0,0,28,0,0,28,0,0,29,0,0,29,0,0,30,0,0,30,0,0,31,0,0,31,0,0,32,0,0,32,0,0,33,0,0,33,0,0,34,0,0,34,0,0,35,0,0,35,0,0,36,0,0,36,0,0,37,0,0,37,0,0,38,0,0,38,0,0,39,0,0,39,0,0,40,0,0,40,0,0,41,0,0,41,0,0,42,0,0,42,0,0,43,0,0,43,0,4,1,5,5,6,120],[0,0,0,0,0,0,0,0,0,0,0,0,0,0,0,0,0],[1,1,1,1,1,1,1,1,1,1,1,1,1,1,1,1,6],[9,10,11,12,13,0,14,0,15,0,16,0,17,0,18,1,1]],[[{"name":"icon_lishibox_di_hong","rect":{"x":0,"y":0,"width":104,"height":29},"offset":{"x":0,"y":0},"originalSize":{"width":104,"height":29},"rotated":false,"capInsets":[0,0,0,0],"vertices":{"rawPosition":[-52,-14.5,0,52,-14.5,0,-52,14.5,0,52,14.5,0],"indexes":[0,1,2,2,1,3],"uv":[0,29,104,29,0,0,104,0],"nuv":[0,0,1,0,0,1,1,1],"minPos":{"x":-52,"y":-14.5,"z":0},"maxPos":{"x":52,"y":14.5,"z":0}},"packable":true,"pixelsToUnit":100,"pivot":{"x":0.5,"y":0.5},"meshType":0}],[0],0,[0],[2],[19]],[[{"name":"icon_lishibox_di_zi","rect":{"x":0,"y":0,"width":104,"height":28},"offset":{"x":0,"y":0},"originalSize":{"width":104,"height":28},"rotated":false,"capInsets":[0,0,0,0],"vertices":{"rawPosition":[-52,-14,0,52,-14,0,-52,14,0,52,14,0],"indexes":[0,1,2,2,1,3],"uv":[0,28,104,28,0,0,104,0],"nuv":[0,0,1,0,0,1,1,1],"minPos":{"x":-52,"y":-14,"z":0},"maxPos":{"x":52,"y":14,"z":0}},"packable":true,"pixelsToUnit":100,"pivot":{"x":0.5,"y":0.5},"meshType":0}],[0],0,[0],[2],[20]],[[{"name":"icon_lishibox_zi","rect":{"x":0,"y":0,"width":47,"height":23},"offset":{"x":0,"y":0},"originalSize":{"width":47,"height":23},"rotated":false,"capInsets":[0,0,0,0],"vertices":{"rawPosition":[-23.5,-11.5,0,23.5,-11.5,0,-23.5,11.5,0,23.5,11.5,0],"indexes":[0,1,2,2,1,3],"uv":[0,23,47,23,0,0,47,0],"nuv":[0,0,1,0,0,1,1,1],"minPos":{"x":-23.5,"y":-11.5,"z":0},"maxPos":{"x":23.5,"y":11.5,"z":0}},"packable":true,"pixelsToUnit":100,"pivot":{"x":0.5,"y":0.5},"meshType":0}],[0],0,[0],[2],[21]]]]
