[1,["6aJHL7ZKZCKbEtMlhhYql0@6c48a"],["_textureSource"],["cc.SpriteFrame"],0,[{"name":"ocean_progress_icon_popup","rect":{"x":0,"y":0,"width":1160,"height":308},"offset":{"x":0,"y":0},"originalSize":{"width":1160,"height":308},"rotated":false,"capInsets":[0,0,0,0],"vertices":{"rawPosition":[-580,-154,0,580,-154,0,-580,154,0,580,154,0],"indexes":[0,1,2,2,1,3],"uv":[0,308,1160,308,0,0,1160,0],"nuv":[0,0,1,0,0,1,1,1],"minPos":{"x":-580,"y":-154,"z":0},"maxPos":{"x":580,"y":154,"z":0}},"packable":true,"pixelsToUnit":100,"pivot":{"x":0.5,"y":0.5},"meshType":0}],[0],0,[0],[0],[0]]
