[1,["d9lq5f2ONGHqcuGb1QysKx@6c48a"],["_textureSource"],["cc.SpriteFrame"],0,[{"name":"fish74","rect":{"x":0,"y":0,"width":120,"height":171},"offset":{"x":0,"y":0},"originalSize":{"width":120,"height":171},"rotated":false,"capInsets":[0,0,0,0],"vertices":{"rawPosition":[-60,-85.5,0,60,-85.5,0,-60,85.5,0,60,85.5,0],"indexes":[0,1,2,2,1,3],"uv":[0,171,120,171,0,0,120,0],"nuv":[0,0,1,0,0,1,1,1],"minPos":{"x":-60,"y":-85.5,"z":0},"maxPos":{"x":60,"y":85.5,"z":0}},"packable":true,"pixelsToUnit":100,"pivot":{"x":0.5,"y":0.5},"meshType":0}],[0],0,[0],[0],[0]]
