[1,["f08LGd375IsqmtkAHE88tu@6c48a"],0,[["sp.SkeletonData",["_name","_atlasText","textureNames","_skeletonJson","textures"],-1,3]],[[0,0,1,2,3,4,5]],[[0,"Crash_da","\r\nCrash_da.png\r\nsize: 1024,512\r\nformat: RGBA8888\r\nfilter: Linear,Linear\r\nrepeat: none\r\nCs_da\r\n  rotate: true\r\n  xy: 612, 27\r\n  size: 246, 207\r\n  orig: 246, 207\r\n  offset: 0, 0\r\n  index: -1\r\nbg_barqiu_da\r\n  rotate: false\r\n  xy: 2, 27\r\n  size: 206, 420\r\n  orig: 206, 420\r\n  offset: 0, 0\r\n  index: -1\r\nbg_barqiuhui_da\r\n  rotate: false\r\n  xy: 210, 27\r\n  size: 206, 420\r\n  orig: 206, 420\r\n  offset: 0, 0\r\n  index: -1\r\ncrash-bg1\r\n  rotate: true\r\n  xy: 418, 30\r\n  size: 417, 192\r\n  orig: 417, 192\r\n  offset: 0, 0\r\n  index: -1\r\ncrash-xing\r\n  rotate: false\r\n  xy: 612, 275\r\n  size: 389, 172\r\n  orig: 389, 172\r\n  offset: 0, 0\r\n  index: -1\r\ncrash_guang\r\n  rotate: true\r\n  xy: 821, 2\r\n  size: 129, 122\r\n  orig: 129, 122\r\n  offset: 0, 0\r\n  index: -1\r\nhuojian_hj\r\n  rotate: false\r\n  xy: 821, 133\r\n  size: 147, 140\r\n  orig: 147, 140\r\n  offset: 0, 0\r\n  index: -1\r\n",["Crash_da.png"],{"skeleton":{"hash":"2RepzJRTBKy0dizHQNxvSgeesoo","spine":"3.8.99","x":-123,"y":0.24,"width":246,"height":429.14,"images":"","audio":"E:/新版UI/平台/入口新源文件/火箭"},"bones":[{"name":"root"},{"name":"hj","parent":"root","length":107.14,"rotation":41.67,"x":-24.97,"y":196.45,"scaleX":1.1368,"scaleY":1.1368},{"name":"guang","parent":"hj","length":40.97,"rotation":-176.45,"x":-19.86,"y":8.63},{"name":"骨骼","parent":"root","y":-17.23},{"name":"bg2","parent":"骨骼","length":166.48,"rotation":-137.95,"x":-5.11,"y":224.95,"scaleX":2.4277,"scaleY":2.4277},{"name":"骨骼2","parent":"骨骼","length":83.89,"rotation":-139.37,"x":18.73,"y":107.66},{"name":"hui","parent":"root"}],"slots":[{"name":"bg","bone":"root","attachment":"bg_barqiu_da"},{"name":"root","bone":"骨骼","attachment":"root"},{"name":"crash-bg1","bone":"bg2","attachment":"crash-bg1"},{"name":"crash-xing","bone":"骨骼2","attachment":"crash-xing"},{"name":"crash_guang","bone":"guang","attachment":"crash_guang"},{"name":"huojian_hj","bone":"hj","attachment":"huojian_hj"},{"name":"bghui","bone":"hui","attachment":"bg_barqiuhui_da"},{"name":"csda","bone":"hui","attachment":"Cs_da"}],"skins":[{"name":"default","attachments":{"bg":{"bg_barqiu_da":{"y":210.24,"width":206,"height":420}},"bghui":{"bg_barqiuhui_da":{"y":210.36,"width":206,"height":420}},"crash-bg1":{"crash-bg1":{"x":0.5,"width":417,"height":192}},"crash-xing":{"crash-xing":{"x":4.2,"y":-111.74,"scaleX":2.0012,"scaleY":2.0012,"width":389,"height":172}},"crash_guang":{"crash_guang":{"x":-4.74,"y":1.9,"rotation":136.28,"width":129,"height":122}},"csda":{"Cs_da":{"y":325.88,"width":246,"height":207}},"huojian_hj":{"huojian_hj":{"x":45.38,"y":6.47,"rotation":-41.21,"width":147,"height":140}},"root":{"root":{"type":"clipping","end":"huojian_hj","vertexCount":26,"color":"ce3a3aff","vertices":[-92.27,406.24,-96.68,392.14,-96.53,40.88,-94.96,34.76,-91.55,30.74,-86.58,26.41,-80.26,23.77,-73.53,23.22,-68.25,23.54,55.29,23.48,63.72,25.28,71.09,28.04,77.53,31.12,82.47,35.76,87.43,40.85,91.67,47.05,95.09,54.82,96.47,64.05,96.93,72.06,97.27,413.07,95.13,420.55,89.71,427.07,80.73,431.38,-57.19,431.67,-70.51,427.72,-82.83,419.62]}}}}],"animations":{"animation":{"slots":{"bghui":{"attachment":[{"name":null}]},"csda":{"attachment":[{"name":null}]}},"bones":{"hj":{"translate":[{"x":-12.58,"y":-14.15,"curve":0.25,"c3":0.75},{"time":0.5,"x":2.36,"y":3.14,"curve":0.25,"c3":0.75},{"time":2,"x":-12.58,"y":-14.15},{"time":2.5,"x":2.36,"y":3.14,"curve":0.25,"c3":0.75},{"time":4,"x":-12.58,"y":-14.15},{"time":4.5,"x":2.36,"y":3.14,"curve":0.25,"c3":0.75},{"time":6,"x":-12.58,"y":-14.15}]},"guang":{"scale":[{"curve":0.25,"c3":0.75},{"time":0.5,"x":1.139,"curve":0.25,"c3":0.75},{"time":2,"x":0.486,"y":0.427},{"time":2.5,"x":1.139,"curve":0.25,"c3":0.75},{"time":4,"x":0.486,"y":0.427},{"time":4.5,"x":1.139,"curve":0.25,"c3":0.75},{"time":6,"x":0.486,"y":0.427}]},"bg2":{"translate":[{"x":30.27,"y":23.39,"curve":0.25,"c3":0.75},{"time":6,"x":-137.6,"y":-127.97}]},"骨骼2":{"translate":[{"x":174.75,"y":229.1,"curve":0.25,"c3":0.75},{"time":6,"x":-205.71,"y":-199.52}]}}},"animation1":{"slots":{"bg":{"attachment":[{"name":null}]},"crash-bg1":{"attachment":[{"name":null}]},"crash-xing":{"attachment":[{"name":null}]},"crash_guang":{"attachment":[{"name":null}]},"huojian_hj":{"attachment":[{"name":null}]},"root":{"attachment":[{"name":null}]}}}}},[0]]],0,0,[0],[-1],[0]]
