[1,["7d8f9b89-4fd1-4c9f-a3ab-38ec7cded7ca@f9941","9b5c2c24-b686-483f-8154-acca513b4928@f9941","b6755ba3-00df-4118-9b2d-0787b62b8e50","3a9fe9be-3401-454d-ba49-185fa043b9d3@f9941","34ea2bd6-7908-4385-9a08-c713bcac1a1b@6c48a","3a9fe9be-3401-454d-ba49-185fa043b9d3@6c48a","49fbe0ea-9a19-464b-89ac-18df0564e6f1@6c48a","6714b965-f6ae-403b-8971-316e3924418c@6c48a","34ea2bd6-7908-4385-9a08-c713bcac1a1b@f9941","9a740dbf-c4fe-4bf7-8163-75b3f31fd8c0@f9941","6714b965-f6ae-403b-8971-316e3924418c@f9941","e9c96c6f-5e9f-4d41-9d84-a7ad00443cff","f7df415d-6ba9-49a3-ad99-f2e93d23d357","49fbe0ea-9a19-464b-89ac-18df0564e6f1@f9941","f22fef1a-1ec6-455d-aa71-466bf5afb339@f9941","a38373b2-f7cb-4956-b746-e650711e5120@f9941","79e187b3-0640-4e6e-b190-57f46c1233bc@f9941","79e187b3-0640-4e6e-b190-57f46c1233bc@6c48a","9a740dbf-c4fe-4bf7-8163-75b3f31fd8c0@6c48a","9b5c2c24-b686-483f-8154-acca513b4928@6c48a","a38373b2-f7cb-4956-b746-e650711e5120@6c48a","3ac83771-d236-49e8-89bc-422cdd1a144f@6c48a","f22fef1a-1ec6-455d-aa71-466bf5afb339@6c48a"],["node","_spriteFrame","_textureSource","root","_barSprite","data","_parent","_skeletonData","_defaultClip","_file","spriteFrame"],[["cc.Node",["_name","_layer","_objFlags","_active","_components","_prefab","_parent","_children","_lpos","_lrot","_euler"],-1,9,4,1,2,5,5,5],"cc.SpriteFrame",["cc.Sprite",["_sizeMode","_type","node","__prefab","_spriteFrame","_color"],1,1,4,6,5],["cc.UITransform",["node","__prefab","_contentSize","_anchorPoint"],3,1,4,5,5],["cc.Label",["_string","_actualFontSize","_fontSize","_lineHeight","_horizontalAlign","node","__prefab","_color"],-2,1,4,5],["cc.Graphics",["node","__prefab","_fillColor"],3,1,4,5],["cc.Prefab",["_name"],2],["cc.Node",["_name","_layer","_parent","_components","_prefab","_lpos"],1,1,12,4,5],["cc.CompPrefabInfo",["fileId"],2],["cc.PrefabInfo",["fileId","instance","targetOverrides","nestedPrefabInstanceRoots","root","asset"],-1,1,1],["cc.Mask",["node","__prefab"],3,1,4],["cc.ProgressBar",["_totalLength","_progress","node","__prefab","_barSprite"],1,1,4,1],["cc.Widget",["_alignFlags","_originalWidth","_originalHeight","node","__prefab"],0,1,4],["sp.Skeleton",["defaultSkin","defaultAnimation","_premultipliedAlpha","_preCacheMode","loop","node","__prefab","_skeletonData"],-2,1,4,6],["cc.Animation",["node","__prefab","_clips","_defaultClip"],3,1,4,3,6],["cc.ParticleSystem2D",["_dstBlendFactor","emissionRate","life","lifeVar","angle","angleVar","startSize","startSizeVar","endSize","endSizeVar","speed","speedVar","tangentialAccel","radialAccel","radialAccelVar","playOnLoad","_totalParticles","node","__prefab","posVar","gravity","_startColor","_endColor","_file","_spriteFrame"],-14,1,4,5,5,5,5,6,6],["sp.SkeletonData",["_name","_atlasText","textureNames","_skeletonJson","textures"],-1,3],["cc.ParticleAsset",["_name","_native"],1]],[[8,0,2],[9,0,1,2,3,4,5,5],[3,0,1,2,1],[3,0,1,2,3,1],[0,0,1,6,4,5,8,3],[0,0,1,6,7,4,5,8,3],[4,0,1,2,3,5,6,7,5],[2,0,2,3,5,4,2],[2,1,0,2,3,4,3],[10,0,1,1],[5,0,1,2,1],[0,0,1,6,4,5,3],[2,0,2,3,4,2],[0,0,2,1,6,4,5,8,4],[3,0,1,1],[4,0,1,2,5,6,7,4],[6,0,2],[0,0,1,7,4,5,3],[0,0,2,1,6,7,4,5,8,4],[0,0,1,7,4,5,8,3],[0,0,3,1,6,7,4,5,8,4],[0,0,1,6,7,4,5,3],[0,0,2,3,1,6,7,4,5,8,5],[0,0,2,1,6,7,4,5,8,9,10,4],[0,0,2,1,6,4,5,4],[7,0,1,2,3,4,5,3],[3,0,1,3,1],[5,0,1,1],[2,2,3,4,1],[2,1,0,2,3,3],[11,0,1,2,3,4,3],[12,0,1,2,3,4,4],[13,0,1,2,3,4,5,6,7,6],[14,0,1,2,3,1],[4,0,1,2,5,6,4],[4,0,4,1,2,3,5,6,7,6],[15,0,1,2,3,4,5,6,7,8,9,10,11,12,13,14,15,16,17,18,19,20,21,22,23,24,18],[16,0,1,2,3,4,5],[17,0,1,3]],[[[{"name":"bg_xhj","rect":{"x":0,"y":0,"width":1334,"height":750},"offset":{"x":0,"y":0},"originalSize":{"width":1334,"height":750},"rotated":false,"capInsets":[0,0,0,0],"vertices":{"rawPosition":[-667,-375,0,667,-375,0,-667,375,0,667,375,0],"indexes":[0,1,2,2,1,3],"uv":[0,750,1334,750,0,0,1334,0],"nuv":[0,0,1,0,0,1,1,1],"minPos":{"x":-667,"y":-375,"z":0},"maxPos":{"x":667,"y":375,"z":0}},"packable":true,"pixelsToUnit":100,"pivot":{"x":0.5,"y":0.5},"meshType":0}],[1],0,[0],[2],[4]],[[{"name":"star","rect":{"x":0,"y":0,"width":28,"height":26},"offset":{"x":0,"y":0},"originalSize":{"width":28,"height":26},"rotated":false,"capInsets":[0,0,0,0],"vertices":{"rawPosition":[-14,-13,0,14,-13,0,-14,13,0,14,13,0],"indexes":[0,1,2,2,1,3],"uv":[0,26,28,26,0,0,28,0],"nuv":[0,0,1,0,0,1,1,1],"minPos":{"x":-14,"y":-13,"z":0},"maxPos":{"x":14,"y":13,"z":0}},"packable":true,"pixelsToUnit":100,"pivot":{"x":0.5,"y":0.5},"meshType":0}],[1],0,[0],[2],[5]],[[{"name":"jindu_di","rect":{"x":0,"y":0,"width":341,"height":32},"offset":{"x":0,"y":0},"originalSize":{"width":341,"height":32},"rotated":false,"capInsets":[0,0,0,0],"vertices":{"rawPosition":[-170.5,-16,0,170.5,-16,0,-170.5,16,0,170.5,16,0],"indexes":[0,1,2,2,1,3],"uv":[0,32,341,32,0,0,341,0],"nuv":[0,0,1,0,0,1,1,1],"minPos":{"x":-170.5,"y":-16,"z":0},"maxPos":{"x":170.5,"y":16,"z":0}},"packable":true,"pixelsToUnit":100,"pivot":{"x":0.5,"y":0.5},"meshType":0}],[1],0,[0],[2],[6]],[[{"name":"xian","rect":{"x":0,"y":0,"width":891,"height":254},"offset":{"x":0,"y":0},"originalSize":{"width":891,"height":254},"rotated":false,"capInsets":[0,0,0,0],"vertices":{"rawPosition":[-445.5,-127,0,445.5,-127,0,-445.5,127,0,445.5,127,0],"indexes":[0,1,2,2,1,3],"uv":[0,254,891,254,0,0,891,0],"nuv":[0,0,1,0,0,1,1,1],"minPos":{"x":-445.5,"y":-127,"z":0},"maxPos":{"x":445.5,"y":127,"z":0}},"packable":true,"pixelsToUnit":100,"pivot":{"x":0.5,"y":0.5},"meshType":0}],[1],0,[0],[2],[7]],[[[16,"main"],[17,"main",33554432,[-3,-4,-5,-6],[[2,-2,[0,"fd6JvBKHlFMKShW3Olh+4d"],[5,1334,750]]],[1,"c46/YsCPVOJYA4mWEpNYRx",null,null,null,-1,0]],[18,"game_content",512,33554432,1,[-10,-11,-12,-13,-14,-15],[[3,-7,[0,"fcOJqS8XNOu4YI1yTQi/Un"],[5,1072,700],[0,0,1]],[9,-8,[0,"4dHYwElDtMjbVhrxDG/xab"]],[10,-9,[0,"42YAPAeepEBq3GmkbMX4bl"],[4,16777215]]],[1,"f73kApcdREBoHLbM4kwLZZ",null,null,null,1,0],[1,-660,318,0]],[19,"props_lnexbox",33554432,[-19,-20,-21,-22,-23,-24],[[3,-16,[0,"e88gbqcn5PpIoATDULP1yV"],[5,1022,100],[0,0,0.5]],[9,-17,[0,"30lHRdGJtId4pPKDSwQhGR"]],[10,-18,[0,"f5XtIz3JFFW6arC3Ggiw3K"],[4,16777215]]],[1,"79Eh+e1+9F6KKEbPvDnnN3",null,null,null,1,0],[1,50,0,0]],[5,"props_vertical",33554432,2,[-28,-29,-30,-31,-32],[[3,-25,[0,"dcZs6xFBtGVL0qZ/ESlJYV"],[5,1068,500],[0,0,0]],[9,-26,[0,"d9yKLFdhhD56WywKVYDZvi"]],[10,-27,[0,"6fVU1MMXlL4qp6dKJs07Pj"],[4,16777215]]],[1,"8a1FpexOxP97EFqtJfjpO4",null,null,null,1,0],[1,0,-506,0]],[20,"props_persiapan_putaran",false,33554432,1,[-34,-35,-36,-37],[[14,-33,[0,"71Q5lbDVZMfaQxXfoN0jfK"]]],[1,"10wN+rrkFMKq2yDD6IwNoQ",null,null,null,1,0],[1,0,-32.924,0]],[5,"props_Mask",33554432,2,[-41],[[3,-38,[0,"d0bJc6w6FNBb+Txnp4f0Mv"],[5,904,258],[0,0,0]],[9,-39,[0,"46a1GXBgFPsIRcJowqGXW8"]],[10,-40,[0,"68bOLzg4BLHq+tqTaF0lIJ"],[4,16777215]]],[1,"8dW0qYfmtG4KQ7Cai5ZXs/",null,null,null,1,0],[1,50,-507,0]],[5,"props_lineBox",33554432,2,[-43,-44,3],[[3,-42,[0,"07+Bu9TOlMfYkH1Z85hiIq"],[5,1200,100],[0,0,0]]],[1,"8eSG1iX9NFdL2RF0AHroK8",null,null,null,1,0],[1,0,-507,0]],[5,"xinxin",33554432,1,[-48],[[3,-45,[0,"e9BSkfgkpBAZsufYHBNhAf"],[5,1020,700],[0,0,1]],[9,-46,[0,"1dTdBqpcVKdJAt/3SiFkUX"]],[10,-47,[0,"35VoIqMFJG5JOdnZ4/rSkz"],[4,16777215]]],[1,"27Y8BWVwFMbqfSz7QFC4rL",null,null,null,1,0],[1,-608,308,0]],[5,"Progress_bar",33554432,5,[-53],[[2,-49,[0,"30pqG3gQZCwLSMmVxxPxmd"],[5,341,32]],[8,1,2,-50,[0,"e2QILpQ3BA26eCHpY7n2i2"],20],[30,330,1,-52,[0,"b9f5/p4aRMjrQZXbvJHzNq"],-51]],[1,"f2b/RHKvJPIqb5ezhQYCc8",null,null,null,1,0],[1,-44,74,0]],[11,"bg",33554432,1,[[2,-54,[0,"a5tb76g95IEbmnkypZf6DF"],[5,1334,750]],[12,2,-55,[0,"d56DKLAq9Lb5Wk8DDmy59g"],0],[31,45,1634,800,-56,[0,"13IBrRyFFIeIy+RCd2ssnO"]]],[1,"461S4Jf55MvqOhyiBfPQYb",null,null,null,1,0]],[21,"dot_item",33554432,4,[-58,-59],[[3,-57,[0,"24jSwuW5ROZIuUs0z5GOSA"],[5,1068,130],[0,0,0]]],[1,"14xu4Lk2FMcIgdRYa0zIXm",null,null,null,1,0]],[5,"dot_item",33554432,4,[-61,-62],[[3,-60,[0,"c83eVeGtxNqKo0lg/n2fQW"],[5,1068,130],[0,0,0]]],[1,"fdCPBf0R5BYKuKI2E606rf",null,null,null,1,0],[1,0,130,0]],[5,"dot_item",33554432,4,[-64,-65],[[3,-63,[0,"d0okJrZZpFip6ID3W4eDrN"],[5,1068,130],[0,0,0]]],[1,"66qG3vFm5J7IuE/GeLSLiO",null,null,null,1,0],[1,0,260,0]],[5,"dot_item",33554432,4,[-67,-68],[[3,-66,[0,"20wa6EEHtMM6jPtNaIvNnM"],[5,1068,130],[0,0,0]]],[1,"c2Yx/2EkFGwJ/UCwhc7iDz",null,null,null,1,0],[1,0,390,0]],[5,"dot_item",33554432,4,[-70,-71],[[3,-69,[0,"2eUdese2FL54jV4dSR8bCE"],[5,1068,130],[0,0,0]]],[1,"6an0XfgG1I/IYu13mmSFAN",null,null,null,1,0],[1,8,520,0]],[22,"props_win",512,false,33554432,2,[-74],[[2,-72,[0,"e7b+aGI0BFUrMAVbfONjRD"],[5,477,248]],[28,-73,[0,"0edmSHy/NGpJMEzS891lGv"],6]],[1,"983D8FPGtCLZ2E5yAVTbOd",null,null,null,1,0],[1,558,-207,0]],[5,"item",33554432,3,[-76,-77],[[3,-75,[0,"6c2Xcy29JM/ZiBmukyEfD9"],[5,200,100],[0,0,0.5]]],[1,"ddI0wyJMhM7KPoJvOgLZ91",null,null,null,1,0],[1,840,0,0]],[5,"item",33554432,3,[-79,-80],[[3,-78,[0,"81JPtXzk1D6op2bRBQFo8Q"],[5,200,100],[0,0,0.5]]],[1,"54baCxvblBGbDJAPPxscQo",null,null,null,1,0],[1,1040,0,0]],[5,"item",33554432,3,[-82,-83],[[3,-81,[0,"c9c1uA1ZFLroiBzofvQY/p"],[5,200,100],[0,0,0.5]]],[1,"a1Ovzr2GJDeIlfsYzJq911",null,null,null,1,0],[1,1240,0,0]],[5,"item",33554432,3,[-85,-86],[[3,-84,[0,"f6QsgOipdJiYxbYfb8VR+D"],[5,200,100],[0,0,0.5]]],[1,"8aqU4Lz9ZJUJDUmZhWBMjA",null,null,null,1,0],[1,1440,0,0]],[5,"item",33554432,3,[-88,-89],[[3,-87,[0,"85P8cXX/ZC1awILyorHkvh"],[5,200,100],[0,0,0.5]]],[1,"0cFdZbyzZNTY2IuniT7PSU",null,null,null,1,0],[1,1640,0,0]],[5,"item",33554432,3,[-91,-92],[[3,-90,[0,"5aKddaGK9Lp51yW4odh52l"],[5,200,100],[0,0,0.5]]],[1,"caSbfG4sBKa6942FnUF+X8",null,null,null,1,0],[1,1840,0,0]],[23,"props_rocket",512,33554432,2,[-95],[[26,-93,[0,"37vKd+b+dIqYdQkizcOc1j"],[0,0,0]],[27,-94,[0,"d7Y/nxGjJJWqzkXCpj8Lm/"]]],[1,"d9mV6eSb5CzoL/qMH6/jep",null,null,null,1,0],[1,954,-274,0],[3,0,0,-0.7071067811865475,0.7071067811865476],[1,0,0,-90]],[24,"spine",512,33554432,23,[[3,-96,[0,"cb6SbqtIxG47uk/RIYWpQV"],[5,1068,600],[0,0.58912617648464,0.5820337881741391]],[32,"default","qibu",false,0,false,-97,[0,"43P3nSxMtMkL/ksySUGScS"],15],[33,-98,[0,"22HHcQKQ1BXpjgOmkcT8+L"],[16],17]],[1,"1b5FAVurRI+5gHJsmayX0m",null,null,null,1,0]],[4,"Label",33554432,11,[[2,-99,[0,"ecMq4gZUZNGrBY2HumwI7+"],[5,39.14,20.16]],[6,"2.00x",16,16,0,-100,[0,"2amsnL1Z1M7qfSyi2xzlXv"],[4,4292202626]]],[1,"75TIaa16FNUbG+Wk0pS+I5",null,null,null,1,0],[1,26,124,0]],[4,"line",33554432,11,[[3,-101,[0,"d7D3O2O7pMf6hwf1+DmSrO"],[5,1018,2],[0,0,0.5]],[8,2,0,-102,[0,"fdFzwRVzlMu5XCgqXLaVGf"],1]],[1,"10RTwngtlLIo9IhAGtao7V",null,null,null,1,0],[1,55,124,0]],[4,"Label",33554432,12,[[2,-103,[0,"06iV+dx05Ji4K/BWoze8qU"],[5,39.14,20.16]],[6,"3.00x",16,16,0,-104,[0,"acbvCHGcpF4JEz546Va/jv"],[4,4292202626]]],[1,"ea52AJbWxMILCGNBxf/zux",null,null,null,1,0],[1,26,124,0]],[4,"line",33554432,12,[[3,-105,[0,"53rJtwLOJLJ4vSnN+j8GNv"],[5,1018,2],[0,0,0.5]],[8,2,0,-106,[0,"31QWmahyVJabnvC+5MS66o"],2]],[1,"296RSGGzlOkpvocz3FQ6mD",null,null,null,1,0],[1,55,124,0]],[4,"Label",33554432,13,[[2,-107,[0,"69UmGd6zVG9pPwsP2eNjgn"],[5,39.14,20.16]],[6,"4.00x",16,16,0,-108,[0,"56lWI9pARFwZNEykgfSx17"],[4,4292202626]]],[1,"c1FIPM/0BO/5EWDHAdiNvF",null,null,null,1,0],[1,26,124,0]],[4,"line",33554432,13,[[3,-109,[0,"8crITrvVdMqJOtEVrsWtDp"],[5,1018,2],[0,0,0.5]],[8,2,0,-110,[0,"12RdD4cGxFVKdU4LDXlqby"],3]],[1,"52a4VEjzFGr6j2WZtXPiq0",null,null,null,1,0],[1,55,124,0]],[4,"Label",33554432,14,[[2,-111,[0,"1cfH1Vt/tHa7Z6DWflvI4G"],[5,39.14,20.16]],[6,"5.00x",16,16,0,-112,[0,"9bMth4yaJIm5OQFzw+E84Z"],[4,4292202626]]],[1,"4drJGV/mRMra9hti3rHWw6",null,null,null,1,0],[1,26,124,0]],[4,"line",33554432,14,[[3,-113,[0,"cd9VvrBhFE6aSMPkGw7phi"],[5,1018,2],[0,0,0.5]],[8,2,0,-114,[0,"656nmhCrlB6blI1Qes0Nw6"],4]],[1,"cbAuofYk1CWKHk4+llPTZK",null,null,null,1,0],[1,55,124,0]],[4,"Label",33554432,15,[[2,-115,[0,"36u23H9DhNu5tfxRo8d9bl"],[5,30.24,20.16]],[6,"6.0x",16,16,0,-116,[0,"18Pa6RBDFCeZ3ToUUh8Y4t"],[4,4292202626]]],[1,"2bDVYT57lOjrDL4TIurLkX",null,null,null,1,0],[1,26,124,0]],[4,"line",33554432,15,[[3,-117,[0,"50nqTmK/hAXKCIPLD/lvJS"],[5,1018,2],[0,0,0.5]],[8,2,0,-118,[0,"49oWndHfdOWKE+Z2+dx2P9"],5]],[1,"capFPYublNpa358TdcbpYl",null,null,null,1,0],[1,55,124,0]],[13,"win_label",512,33554432,16,[[2,-119,[0,"17D59oIXFNUbY+qUN25diC"],[5,83.42,50.4]],[34,"10000",30,30,-120,[0,"42IZYPlRNLFYfIBmUa21GE"]]],[1,"e5cF0+CSRMfrBzwqm4o//i",null,null,null,1,0],[1,0,-34,0]],[11,"props_xian",33554432,6,[[3,-121,[0,"51qGhhndFLP55+BIu077Pb"],[5,904,254],[0,0,0]],[12,0,-122,[0,"48HS5GH+VP4Y4GaJxSuJhf"],7]],[1,"fabGZm2BlK4JjHNppXGyRS",null,null,null,1,0]],[4,"Label",33554432,7,[[2,-123,[0,"04FgOQy5VOXKPkEIY4/5Ne"],[5,39.14,20.16]],[6,"1.00x",16,16,0,-124,[0,"75992S4BVFGqLlVs8yAV+0"],[4,4292202626]]],[1,"6e89aOpv9IJ4vHYqwjDsbR",null,null,null,1,0],[1,24.8,0,0]],[5,"item_long",33554432,7,[-126],[[3,-125,[0,"d1V3Z6sGFLWZ8WK8OLDpu9"],[5,1024,100],[0,0,0.5]]],[1,"82Odn+cSBPnaCO2tHfv87X",null,null,null,1,0],[1,50,0,0]],[11,"SpriteSplash",33554432,38,[[3,-127,[0,"9fbehcsvJD9r2C8ZV+1XkA"],[5,1024,1],[0,0,0.5]],[7,0,-128,[0,"2a3vl7731PbZDU5dtsq4VO"],[4,4290882462],8]],[1,"adjsWlak5DZqk/Frl+Hosh",null,null,null,1,0]],[4,"Label",33554432,17,[[2,-129,[0,"88v++A+2NA2IjD8UuEEv17"],[5,19.01,22.68]],[35,"5s",0,18,18,0,-130,[0,"7ci+6FEcxBdpghLSfbK7v9"],[4,4292202626]]],[1,"020qCBVjFGOp1RBku39sEo",null,null,null,1,0],[1,-1,-15,0]],[4,"SpriteSplash",33554432,17,[[2,-131,[0,"4eTvduSQVEWLb3bzBmVUUT"],[5,2,3]],[7,0,-132,[0,"b54ONsHOlIraT12JH54UTs"],[4,4290882462],9]],[1,"17aNsik0ZITI0vWbad+8Dn",null,null,null,1,0],[1,-1,-2,0]],[4,"Label",33554432,18,[[2,-133,[0,"f95Ih/baFDcJyWvTIMgRm7"],[5,19.01,22.68]],[6,"6s",18,18,0,-134,[0,"39mz3kiehB6aw3+8h6YymI"],[4,4292202626]]],[1,"d6hgggkfpN0b6iWXBqr6fs",null,null,null,1,0],[1,-1,-15,0]],[4,"SpriteSplash",33554432,18,[[2,-135,[0,"87CpLZKaBGErpGvvsMbKwo"],[5,2,3]],[7,0,-136,[0,"bcfkdcXCBJQrAqQ+HIY/Xo"],[4,4290882462],10]],[1,"6bmjCdYRtBH6hn98lF0oho",null,null,null,1,0],[1,-1,-2,0]],[4,"Label",33554432,19,[[2,-137,[0,"6efExpP7hODI0UfkuVqTgx"],[5,19.01,22.68]],[6,"7s",18,18,0,-138,[0,"6a34C6v6NHP45f2TACvf60"],[4,4292202626]]],[1,"f2Ucv5z5JI45ZWGdyMs2/A",null,null,null,1,0],[1,-1,-15,0]],[4,"SpriteSplash",33554432,19,[[2,-139,[0,"ba2QF7Z79BT7pxP/0nLjmK"],[5,2,3]],[7,0,-140,[0,"31g7CvMTBMObzc8Qx9Kx3B"],[4,4290882462],11]],[1,"90effAPD9Ii4HO0AbIA/bj",null,null,null,1,0],[1,-1,-2,0]],[4,"Label",33554432,20,[[2,-141,[0,"53bPDYItlL9oU+SiFGP3QD"],[5,19.01,22.68]],[6,"8s",18,18,0,-142,[0,"8aAovIOlpAXIW6aTzCcHgT"],[4,4292202626]]],[1,"9e0yvvyN9HIbVooWOjUhKn",null,null,null,1,0],[1,-1,-15,0]],[4,"SpriteSplash",33554432,20,[[2,-143,[0,"3bs3axqLFPdJU6vIrPnBM6"],[5,2,3]],[7,0,-144,[0,"e6HrSgRZZBDpkXe9Ki4D3e"],[4,4290882462],12]],[1,"acWv1xVmxFCbptVbojwWUj",null,null,null,1,0],[1,-1,-2,0]],[4,"Label",33554432,21,[[2,-145,[0,"c0kZbXSlpAbJX2E5I0fJ+c"],[5,19.01,22.68]],[6,"9s",18,18,0,-146,[0,"8fJ+YgB/NO74ukqhiFlrwd"],[4,4292202626]]],[1,"85CmkzIHlINoezl6m/wP4Z",null,null,null,1,0],[1,-1,-15,0]],[4,"SpriteSplash",33554432,21,[[2,-147,[0,"d4h6NrI8hB+ogFVnIfopu5"],[5,2,3]],[7,0,-148,[0,"61g8tixNZEmZWGVTbCNcad"],[4,4290882462],13]],[1,"e9voovWrdERLjg1Mq6LOUL",null,null,null,1,0],[1,-1,-2,0]],[4,"Label",33554432,22,[[2,-149,[0,"0eE+GVSLFPlLYhA3fNaVYL"],[5,29.02,22.68]],[6,"10s",18,18,0,-150,[0,"7eBZHqF7VLB6H6CW5aJCvM"],[4,4292202626]]],[1,"5ak5WLCUtAWr9Iox6cvmcf",null,null,null,1,0],[1,-1,-15,0]],[4,"SpriteSplash",33554432,22,[[2,-151,[0,"1e3eDDYO1G3pFNqVQ+4tJ2"],[5,2,3]],[7,0,-152,[0,"8b9PlxcMRK1bLQyfaJaSKh"],[4,4290882462],14]],[1,"84+Dn20CJPlqcNVJe77iI5",null,null,null,1,0],[1,-1,-2,0]],[5,"props_outcome",33554432,2,[-154],[[2,-153,[0,"50r6NqFT9NCZjgiHI4CJns"],[5,134,150]]],[1,"f2XxjZ3OVPuKROUXCmK66L",null,null,null,1,0],[1,600,-300,0]],[11,"label",33554432,52,[[2,-155,[0,"a3b2z7Tm1E4rGURqc0B71U"],[5,180.15,50.4]],[15,"13.40x",60,60,-156,[0,"28rV5a7uhKEZt/SVX61syd"],[4,4288085652]]],[1,"faqF/QskVJdLlvRaWIzZtt",null,null,null,1,0]],[13,"props_xingxing",512,33554432,8,[[14,-157,[0,"e9SrpQs6tCxZgmkAP1S++9"]],[36,1,30,4.5,1,10,5,4,10,50,150,10,10,0,50,100,false,100,-158,[0,"2drskZyuVBSo3+nhgT2QEi"],[0,800,100],[0,0,-300],[4,4294954161],[4,2113916081],18,19]],[1,"a9zczEam5HxKBY5Luso52y",null,null,null,1,0],[1,500,0,0]],[25,"Bar",33554432,9,[[[3,-159,[0,"efxqNTT2lFBoVdNz625+Rf"],[5,330,22],[0,0,0.5]],-160],4,1],[1,"eeSIkfF6xNPoLUpD92a8yb",null,null,null,1,0],[1,-164,0,0]],[4,"jindu_ding",33554432,5,[[2,-161,[0,"b9hbYP6DVITbBgz2EBkg33"],[5,328,20]],[12,2,-162,[0,"4bWKfLLYRNDaOZphgtP1gs"],21]],[1,"cdoifU00xC+5Qhu2G7rI/j",null,null,null,1,0],[1,-43.803999999999974,74,0]],[4,"Title_putaran",33554432,5,[[2,-163,[0,"30QD+db0BDzqsuGRx298hk"],[5,499,79]],[12,0,-164,[0,"89HnW7iNNE3Zzo2qwjdXQB"],22]],[1,"c0sAOM/ItF6YzKK/kLvh0R",null,null,null,1,0],[1,-40,142,0]],[4,"Label_text",33554432,5,[[2,-165,[0,"1dFEudPhRNlJazULPLXk9w"],[5,270.13,50.4]],[15,"Jada game starts 0s",30,30,-166,[0,"8a4O1l3HBMtr+2xdHowVbX"],[4,4278253055]]],[1,"16DIQEAZNGbKFJHFp6EG+3",null,null,null,1,0],[1,-48,16,0]],[29,1,0,55,[0,"5do4T6XY9PZ4HaMqIy4WPk"]]],0,[0,3,1,0,0,1,0,-1,10,0,-2,2,0,-3,8,0,-4,5,0,0,2,0,0,2,0,0,2,0,-1,4,0,-2,16,0,-3,6,0,-4,7,0,-5,23,0,-6,52,0,0,3,0,0,3,0,0,3,0,-1,17,0,-2,18,0,-3,19,0,-4,20,0,-5,21,0,-6,22,0,0,4,0,0,4,0,0,4,0,-1,11,0,-2,12,0,-3,13,0,-4,14,0,-5,15,0,0,5,0,-1,9,0,-2,56,0,-3,57,0,-4,58,0,0,6,0,0,6,0,0,6,0,-1,36,0,0,7,0,-1,37,0,-2,38,0,0,8,0,0,8,0,0,8,0,-1,54,0,0,9,0,0,9,0,4,59,0,0,9,0,-1,55,0,0,10,0,0,10,0,0,10,0,0,11,0,-1,25,0,-2,26,0,0,12,0,-1,27,0,-2,28,0,0,13,0,-1,29,0,-2,30,0,0,14,0,-1,31,0,-2,32,0,0,15,0,-1,33,0,-2,34,0,0,16,0,0,16,0,-1,35,0,0,17,0,-1,40,0,-2,41,0,0,18,0,-1,42,0,-2,43,0,0,19,0,-1,44,0,-2,45,0,0,20,0,-1,46,0,-2,47,0,0,21,0,-1,48,0,-2,49,0,0,22,0,-1,50,0,-2,51,0,0,23,0,0,23,0,-1,24,0,0,24,0,0,24,0,0,24,0,0,25,0,0,25,0,0,26,0,0,26,0,0,27,0,0,27,0,0,28,0,0,28,0,0,29,0,0,29,0,0,30,0,0,30,0,0,31,0,0,31,0,0,32,0,0,32,0,0,33,0,0,33,0,0,34,0,0,34,0,0,35,0,0,35,0,0,36,0,0,36,0,0,37,0,0,37,0,0,38,0,-1,39,0,0,39,0,0,39,0,0,40,0,0,40,0,0,41,0,0,41,0,0,42,0,0,42,0,0,43,0,0,43,0,0,44,0,0,44,0,0,45,0,0,45,0,0,46,0,0,46,0,0,47,0,0,47,0,0,48,0,0,48,0,0,49,0,0,49,0,0,50,0,0,50,0,0,51,0,0,51,0,0,52,0,-1,53,0,0,53,0,0,53,0,0,54,0,0,54,0,0,55,0,-2,59,0,0,56,0,0,56,0,0,57,0,0,57,0,0,58,0,0,58,0,5,1,3,6,7,166],[0,0,0,0,0,0,0,0,0,0,0,0,0,0,0,0,0,0,0,0,0,0,0,59],[1,1,1,1,1,1,1,1,1,1,1,1,1,1,1,7,-1,8,9,1,1,1,1,1],[8,1,1,1,1,1,9,10,0,0,0,0,0,0,0,11,2,2,12,3,13,14,15,16]],[[{"name":"jindu_tiao","rect":{"x":0,"y":0,"width":329,"height":22},"offset":{"x":0,"y":0},"originalSize":{"width":329,"height":22},"rotated":false,"capInsets":[27,0,21,0],"vertices":{"rawPosition":[-164.5,-11,0,164.5,-11,0,-164.5,11,0,164.5,11,0],"indexes":[0,1,2,2,1,3],"uv":[0,22,329,22,0,0,329,0],"nuv":[0,0,1,0,0,1,1,1],"minPos":{"x":-164.5,"y":-11,"z":0},"maxPos":{"x":164.5,"y":11,"z":0}},"packable":true,"pixelsToUnit":100,"pivot":{"x":0.5,"y":0.5},"meshType":0}],[1],0,[0],[2],[17]],[[{"name":"jiesuan","rect":{"x":0,"y":0,"width":477,"height":248},"offset":{"x":0,"y":0},"originalSize":{"width":477,"height":248},"rotated":false,"capInsets":[0,0,0,0],"vertices":{"rawPosition":[-238.5,-124,0,238.5,-124,0,-238.5,124,0,238.5,124,0],"indexes":[0,1,2,2,1,3],"uv":[0,248,477,248,0,0,477,0],"nuv":[0,0,1,0,0,1,1,1],"minPos":{"x":-238.5,"y":-124,"z":0},"maxPos":{"x":238.5,"y":124,"z":0}},"packable":true,"pixelsToUnit":100,"pivot":{"x":0.5,"y":0.5},"meshType":0}],[1],0,[0],[2],[18]],[[{"name":"bg_hj_fengexian@2x","rect":{"x":0,"y":0,"width":32,"height":2},"offset":{"x":0,"y":0},"originalSize":{"width":32,"height":2},"rotated":false,"capInsets":[0,0,0,0],"vertices":{"rawPosition":[-16,-1,0,16,-1,0,-16,1,0,16,1,0],"indexes":[0,1,2,2,1,3],"uv":[0,2,32,2,0,0,32,0],"nuv":[0,0,1,0,0,1,1,1],"minPos":{"x":-16,"y":-1,"z":0},"maxPos":{"x":16,"y":1,"z":0}},"packable":true,"pixelsToUnit":100,"pivot":{"x":0.5,"y":0.5},"meshType":0}],[1],0,[0],[2],[19]],[[{"name":"dengdaixiazhu","rect":{"x":0,"y":0,"width":500,"height":76},"offset":{"x":0,"y":0},"originalSize":{"width":500,"height":76},"rotated":false,"capInsets":[0,0,0,0],"vertices":{"rawPosition":[-250,-38,0,250,-38,0,-250,38,0,250,38,0],"indexes":[0,1,2,2,1,3],"uv":[0,76,500,76,0,0,500,0],"nuv":[0,0,1,0,0,1,1,1],"minPos":{"x":-250,"y":-38,"z":0},"maxPos":{"x":250,"y":38,"z":0}},"packable":true,"pixelsToUnit":100,"pivot":{"x":0.5,"y":0.5},"meshType":0}],[1],0,[0],[2],[20]],[[[37,"xhj","\r\nxhj.png\r\nsize: 512,1024\r\nformat: RGBA8888\r\nfilter: Linear,Linear\r\nrepeat: none\r\nbz_1\r\n  rotate: false\r\n  xy: 319, 377\r\n  size: 48, 49\r\n  orig: 48, 49\r\n  offset: 0, 0\r\n  index: -1\r\nbz_2\r\n  rotate: true\r\n  xy: 198, 203\r\n  size: 155, 148\r\n  orig: 155, 148\r\n  offset: 0, 0\r\n  index: -1\r\nbz_3\r\n  rotate: false\r\n  xy: 2, 2\r\n  size: 169, 166\r\n  orig: 169, 166\r\n  offset: 0, 0\r\n  index: -1\r\nbz_4\r\n  rotate: false\r\n  xy: 2, 170\r\n  size: 194, 197\r\n  orig: 194, 197\r\n  offset: 0, 0\r\n  index: -1\r\nbz_5\r\n  rotate: false\r\n  xy: 2, 369\r\n  size: 199, 203\r\n  orig: 199, 203\r\n  offset: 0, 0\r\n  index: -1\r\nbz_6\r\n  rotate: false\r\n  xy: 2, 574\r\n  size: 212, 212\r\n  orig: 212, 212\r\n  offset: 0, 0\r\n  index: -1\r\nbz_7\r\n  rotate: false\r\n  xy: 218, 790\r\n  size: 215, 217\r\n  orig: 215, 217\r\n  offset: 0, 0\r\n  index: -1\r\nbz_8\r\n  rotate: false\r\n  xy: 2, 788\r\n  size: 214, 219\r\n  orig: 214, 219\r\n  offset: 0, 0\r\n  index: -1\r\nhj_1\r\n  rotate: false\r\n  xy: 203, 360\r\n  size: 114, 212\r\n  orig: 114, 212\r\n  offset: 0, 0\r\n  index: -1\r\nhj_2\r\n  rotate: true\r\n  xy: 268, 15\r\n  size: 27, 102\r\n  orig: 27, 102\r\n  offset: 0, 0\r\n  index: -1\r\nhj_3\r\n  rotate: false\r\n  xy: 319, 428\r\n  size: 86, 111\r\n  orig: 86, 111\r\n  offset: 0, 0\r\n  index: -1\r\nhj_4\r\n  rotate: false\r\n  xy: 425, 272\r\n  size: 70, 70\r\n  orig: 70, 70\r\n  offset: 0, 0\r\n  index: -1\r\nhj_huo\r\n  rotate: true\r\n  xy: 321, 541\r\n  size: 64, 119\r\n  orig: 64, 119\r\n  offset: 0, 0\r\n  index: -1\r\nhj_huo_g\r\n  rotate: false\r\n  xy: 442, 541\r\n  size: 64, 64\r\n  orig: 64, 64\r\n  offset: 0, 0\r\n  index: -1\r\npq_1\r\n  rotate: false\r\n  xy: 216, 574\r\n  size: 103, 136\r\n  orig: 103, 136\r\n  offset: 0, 0\r\n  index: -1\r\npq_2\r\n  rotate: true\r\n  xy: 435, 884\r\n  size: 123, 75\r\n  orig: 123, 75\r\n  offset: 0, 0\r\n  index: -1\r\npq_3\r\n  rotate: false\r\n  xy: 376, 685\r\n  size: 134, 82\r\n  orig: 134, 82\r\n  offset: 0, 0\r\n  index: -1\r\npq_4\r\n  rotate: false\r\n  xy: 321, 607\r\n  size: 149, 76\r\n  orig: 149, 76\r\n  offset: 0, 0\r\n  index: -1\r\npq_5\r\n  rotate: false\r\n  xy: 218, 712\r\n  size: 156, 76\r\n  orig: 156, 76\r\n  offset: 0, 0\r\n  index: -1\r\npq_6\r\n  rotate: true\r\n  xy: 268, 44\r\n  size: 157, 78\r\n  orig: 157, 78\r\n  offset: 0, 0\r\n  index: -1\r\npq_7\r\n  rotate: true\r\n  xy: 173, 6\r\n  size: 162, 93\r\n  orig: 162, 93\r\n  offset: 0, 0\r\n  index: -1\r\nst\r\n  rotate: false\r\n  xy: 348, 161\r\n  size: 79, 80\r\n  orig: 79, 80\r\n  offset: 0, 0\r\n  index: -1\r\ntou_1\r\n  rotate: false\r\n  xy: 348, 243\r\n  size: 75, 99\r\n  orig: 75, 99\r\n  offset: 0, 0\r\n  index: -1\r\ntou_2\r\n  rotate: false\r\n  xy: 407, 427\r\n  size: 79, 112\r\n  orig: 79, 112\r\n  offset: 0, 0\r\n  index: -1\r\ntou_3\r\n  rotate: true\r\n  xy: 369, 344\r\n  size: 81, 108\r\n  orig: 81, 108\r\n  offset: 0, 0\r\n  index: -1\r\ntou_4\r\n  rotate: false\r\n  xy: 435, 769\r\n  size: 75, 113\r\n  orig: 75, 113\r\n  offset: 0, 0\r\n  index: -1\r\nxing\r\n  rotate: false\r\n  xy: 348, 84\r\n  size: 74, 75\r\n  orig: 74, 75\r\n  offset: 0, 0\r\n  index: -1\r\n",["xhj.png"],{"skeleton":{"hash":"+7cjHNOSnlvC3xWuRNiUBiTuhwM","spine":"3.8.99","x":-123.31,"y":-179.15,"width":209.31,"height":307.8,"images":"./小火煎/","audio":""},"bones":[{"name":"root"},{"name":"hj","parent":"root"},{"name":"msj","parent":"hj","x":-74.27,"y":1.3,"scaleX":1.2,"scaleY":1.2},{"name":"halo","parent":"hj","y":-110.35},{"name":"huoyan","parent":"hj","y":-91.45},{"name":"huojianpenqi","parent":"root","y":-99},{"name":"boom","parent":"root"},{"name":"xing","parent":"root"}],"slots":[{"name":"pq","bone":"huojianpenqi","blend":"screen"},{"name":"hj_huo","bone":"huoyan","attachment":"hj_huo"},{"name":"halo","bone":"halo","attachment":"hj_huo_g","blend":"screen"},{"name":"z","bone":"hj","attachment":"hj_3"},{"name":"y","bone":"hj","attachment":"hj_3"},{"name":"hj","bone":"hj","attachment":"hj_1"},{"name":"gg","bone":"hj","attachment":"hj_2"},{"name":"cc","bone":"hj","attachment":"hj_4"},{"name":"st","bone":"msj","attachment":"st"},{"name":"tou","bone":"msj","attachment":"tou_3"},{"name":"boom","bone":"boom"},{"name":"xing","bone":"xing","attachment":"xing","blend":"additive"}],"skins":[{"name":"default","attachments":{"boom":{"bz_1":{"y":0.5,"width":48,"height":49},"bz_2":{"x":0.5,"width":155,"height":148},"bz_3":{"x":0.5,"width":169,"height":166},"bz_4":{"y":0.5,"width":194,"height":197},"bz_5":{"x":0.5,"y":0.5,"width":199,"height":203},"bz_6":{"width":212,"height":212},"bz_7":{"x":0.5,"y":0.5,"width":215,"height":217},"bz_8":{"y":0.5,"width":214,"height":219}},"cc":{"hj_4":{"y":11.22,"width":70,"height":70}},"gg":{"hj_2":{"x":0.5,"y":-82,"width":27,"height":102}},"halo":{"hj_huo_g":{"y":5.55,"scaleX":2,"scaleY":1.6,"width":64,"height":64}},"hj":{"hj_1":{"width":114,"height":212}},"hj_huo":{"hj_huo":{"y":-28.2,"width":64,"height":119}},"pq":{"pq_1":{"x":8.87,"y":-98.98,"scaleX":1.6,"scaleY":1.6,"width":103,"height":136},"pq_2":{"x":12.44,"y":-160.69,"scaleX":1.6,"scaleY":1.6,"width":123,"height":75},"pq_3":{"x":3.98,"y":-165.07,"scaleX":1.6,"scaleY":1.6,"width":134,"height":82},"pq_4":{"x":2.89,"y":-169.25,"scaleX":1.6,"scaleY":1.6,"width":149,"height":76},"pq_5":{"y":-164.48,"scaleX":1.6,"scaleY":1.6,"width":156,"height":76},"pq_6":{"x":0.5,"y":-159.7,"scaleX":1.6,"scaleY":1.6,"width":157,"height":78},"pq_7":{"y":-160.79,"scaleX":1.6,"scaleY":1.6,"width":162,"height":93}},"st":{"st":{"x":4.39,"y":-23.2,"width":79,"height":80}},"tou":{"tou_1":{"x":0.93,"y":51.32,"width":75,"height":99},"tou_2":{"x":-1.67,"y":54.73,"width":79,"height":112},"tou_3":{"x":-0.37,"y":52.12,"width":81,"height":108},"tou_4":{"x":-3.61,"y":54.1,"width":75,"height":113}},"xing":{"xing":{"y":0.5,"width":74,"height":75}},"y":{"hj_3":{"x":43,"y":-62,"width":86,"height":111}},"z":{"hj_3":{"x":-43,"y":-62,"scaleX":-1,"width":86,"height":111}}}}],"animations":{"dengdaixiazhu":{"slots":{"pq":{"attachment":[{"time":0.6667,"name":"pq_1"},{"time":0.7333,"name":"pq_2"},{"time":0.8,"name":"pq_3"},{"time":0.8667,"name":"pq_4"},{"time":0.9333,"name":"pq_5"},{"time":1,"name":"pq_6"},{"time":1.0667,"name":"pq_7"},{"time":1.1333,"name":null}]}},"bones":{"hj":{"translate":[{},{"time":0.3333,"y":14},{"time":0.6667},{"time":1,"y":14},{"time":1.3333},{"time":1.6667,"y":14},{"time":2},{"time":2.3333,"y":14},{"time":2.6667},{"time":3,"y":14},{"time":3.3333},{"time":3.6667,"y":14},{"time":4}]},"huoyan":{"scale":[{},{"time":0.1667,"x":1.1,"y":1.1},{"time":0.3333},{"time":0.5,"x":1.1,"y":1.1},{"time":0.6667},{"time":0.8333,"x":1.1,"y":1.1},{"time":1},{"time":1.1667,"x":1.1,"y":1.1},{"time":1.3333},{"time":1.5,"x":1.1,"y":1.1},{"time":1.6667},{"time":1.8333,"x":1.1,"y":1.1},{"time":2},{"time":2.1667,"x":1.1,"y":1.1},{"time":2.3333},{"time":2.5,"x":1.1,"y":1.1},{"time":2.6667},{"time":2.8333,"x":1.1,"y":1.1},{"time":3},{"time":3.1667,"x":1.1,"y":1.1},{"time":3.3333},{"time":3.5,"x":1.1,"y":1.1},{"time":3.6667},{"time":3.8333,"x":1.1,"y":1.1},{"time":4}]},"halo":{"scale":[{},{"time":0.1,"x":1.2,"y":1.2},{"time":0.1667},{"time":0.2667,"x":1.2,"y":1.2},{"time":0.3333},{"time":0.4333,"x":1.2,"y":1.2},{"time":0.5},{"time":0.6,"x":1.2,"y":1.2},{"time":0.6667},{"time":0.7667,"x":1.2,"y":1.2},{"time":0.8333},{"time":0.9333,"x":1.2,"y":1.2},{"time":1},{"time":1.1,"x":1.2,"y":1.2},{"time":1.1667},{"time":1.2667,"x":1.2,"y":1.2},{"time":1.3333},{"time":1.4333,"x":1.2,"y":1.2},{"time":1.5},{"time":1.6,"x":1.2,"y":1.2},{"time":1.6667},{"time":1.7667,"x":1.2,"y":1.2},{"time":1.8333},{"time":1.9333,"x":1.2,"y":1.2},{"time":2},{"time":2.1,"x":1.2,"y":1.2},{"time":2.1667},{"time":2.2667,"x":1.2,"y":1.2},{"time":2.3333},{"time":2.4333,"x":1.2,"y":1.2},{"time":2.5},{"time":2.6,"x":1.2,"y":1.2},{"time":2.6667},{"time":2.7667,"x":1.2,"y":1.2},{"time":2.8333},{"time":2.9333,"x":1.2,"y":1.2},{"time":3},{"time":3.1,"x":1.2,"y":1.2},{"time":3.1667},{"time":3.2667,"x":1.2,"y":1.2},{"time":3.3333},{"time":3.4333,"x":1.2,"y":1.2},{"time":3.5},{"time":3.6,"x":1.2,"y":1.2},{"time":3.6667},{"time":3.7667,"x":1.2,"y":1.2},{"time":3.8333},{"time":3.9333,"x":1.2,"y":1.2},{"time":4}]}}},"die1":{"slots":{"boom":{"attachment":[{"time":0.0667,"name":"bz_1"},{"time":0.1333,"name":"bz_2"},{"time":0.2,"name":"bz_3"},{"time":0.2667,"name":"bz_4"},{"time":0.3333,"name":"bz_5"},{"time":0.4,"name":"bz_6"},{"time":0.4667,"name":"bz_7"},{"time":0.5333,"name":"bz_8"},{"time":0.6,"name":null}]},"tou":{"attachment":[{"time":0.0667,"name":"tou_4"}]}},"bones":{"hj":{"scale":[{"x":0.7,"y":0.7}]}}},"die2":{"slots":{"tou":{"attachment":[{"name":"tou_4"}]}},"bones":{"hj":{"rotate":[{},{"time":0.4333,"angle":180},{"time":0.8667}],"scale":[{"x":0.7,"y":0.7},{"time":0.8667,"x":0,"y":0}]},"xing":{"rotate":[{"time":0.8333},{"time":1.5,"angle":180}],"scale":[{"x":0,"y":0,"curve":"stepped"},{"time":0.8333,"x":0,"y":0},{"time":1.5}]}}},"pasheng":{"slots":{"tou":{"attachment":[{"name":"tou_1"},{"time":1.5,"name":"tou_2"}]}},"bones":{"hj":{"scale":[{"x":0.7,"y":0.7}]},"huoyan":{"scale":[{},{"time":0.1667,"x":1.1,"y":1.1},{"time":0.3333},{"time":0.5,"x":1.1,"y":1.1},{"time":0.6667},{"time":0.8333,"x":1.1,"y":1.1},{"time":1},{"time":1.1667,"x":1.1,"y":1.1},{"time":1.3333},{"time":1.5,"x":1.1,"y":1.1},{"time":1.6667},{"time":1.8333,"x":1.1,"y":1.1},{"time":2},{"time":2.1667,"x":1.1,"y":1.1},{"time":2.3333},{"time":2.5,"x":1.1,"y":1.1},{"time":2.6667},{"time":2.8333,"x":1.1,"y":1.1},{"time":3}]},"halo":{"scale":[{},{"time":0.1,"x":1.2,"y":1.2},{"time":0.1667},{"time":0.2667,"x":1.2,"y":1.2},{"time":0.3333},{"time":0.4333,"x":1.2,"y":1.2},{"time":0.5},{"time":0.6,"x":1.2,"y":1.2},{"time":0.6667},{"time":0.7667,"x":1.2,"y":1.2},{"time":0.8333},{"time":0.9333,"x":1.2,"y":1.2},{"time":1},{"time":1.1,"x":1.2,"y":1.2},{"time":1.1667},{"time":1.2667,"x":1.2,"y":1.2},{"time":1.3333},{"time":1.4333,"x":1.2,"y":1.2},{"time":1.5},{"time":1.6,"x":1.2,"y":1.2},{"time":1.6667},{"time":1.7667,"x":1.2,"y":1.2},{"time":1.8333},{"time":1.9333,"x":1.2,"y":1.2},{"time":2},{"time":2.1,"x":1.2,"y":1.2},{"time":2.1667},{"time":2.2667,"x":1.2,"y":1.2},{"time":2.3333},{"time":2.4333,"x":1.2,"y":1.2},{"time":2.5},{"time":2.6,"x":1.2,"y":1.2},{"time":2.6667},{"time":2.7667,"x":1.2,"y":1.2},{"time":2.8333},{"time":2.9333,"x":1.2,"y":1.2},{"time":3}]}}},"qibu":{"slots":{"tou":{"attachment":[{"name":"tou_1"}]}},"bones":{"hj":{"scale":[{"x":0.7,"y":0.7}]},"huoyan":{"scale":[{},{"time":0.1667,"x":1.1,"y":1.1},{"time":0.3333},{"time":0.5,"x":1.1,"y":1.1},{"time":0.6667}]},"halo":{"scale":[{},{"time":0.1,"x":1.2,"y":1.2},{"time":0.1667},{"time":0.2667,"x":1.2,"y":1.2},{"time":0.3333},{"time":0.4333,"x":1.2,"y":1.2},{"time":0.5},{"time":0.6,"x":1.2,"y":1.2},{"time":0.6667}]}}}}},[0]]],0,0,[0],[-1],[21]],[[{"name":"jindu_ding","rect":{"x":0,"y":0,"width":328,"height":20},"offset":{"x":0,"y":0},"originalSize":{"width":328,"height":20},"rotated":false,"capInsets":[0,0,0,0],"vertices":{"rawPosition":[-164,-10,0,164,-10,0,-164,10,0,164,10,0],"indexes":[0,1,2,2,1,3],"uv":[0,20,328,20,0,0,328,0],"nuv":[0,0,1,0,0,1,1,1],"minPos":{"x":-164,"y":-10,"z":0},"maxPos":{"x":164,"y":10,"z":0}},"packable":true,"pixelsToUnit":100,"pivot":{"x":0.5,"y":0.5},"meshType":0}],[1],0,[0],[2],[22]],[[[38,"xhj_xingxing",".plist"],-1],0,0,[0],[10],[3]]]]
