[1,["57SYqIb11NkY8GfP1YOXlx@6c48a"],["_textureSource"],["cc.SpriteFrame"],0,[{"name":"ocean_pearl_sweep_3","rect":{"x":2,"y":12,"width":172,"height":183},"offset":{"x":-27.5,"y":-2},"originalSize":{"width":231,"height":203},"rotated":false,"capInsets":[0,0,0,0],"vertices":{"rawPosition":[-86,-91.5,0,86,-91.5,0,-86,91.5,0,86,91.5,0],"indexes":[0,1,2,2,1,3],"uv":[2,191,174,191,2,8,174,8],"nuv":[0.008658008658008658,0.03940886699507389,0.7532467532467533,0.03940886699507389,0.008658008658008658,0.9408866995073891,0.7532467532467533,0.9408866995073891],"minPos":{"x":-86,"y":-91.5,"z":0},"maxPos":{"x":86,"y":91.5,"z":0}},"packable":true,"pixelsToUnit":100,"pivot":{"x":0.5,"y":0.5},"meshType":0}],[0],0,[0],[0],[0]]
