{"importBase":"import","nativeBase":"native","name":"domino","deps":[],"uuids":["01XlGnzptHnICRYs0/wk0N@6c48a","01XlGnzptHnICRYs0/wk0N@f9941","01XlGnzptHnICRYs0/wk0N","01bdd4fb6","01ce57f01","01e7b6573","02htPEFa9FD5varVNzrkBQ@f9941","03413fb36","04DGuCtF5PcYbiJHsnaDSS@f9941","04mg+2UdhF9KJeo5xyzdoD","04a3946c8","05038da49","0549dae91","057908520","06D9nBPR5MJqjuJDtDlsWo@f9941","06GGOxx+1MEp8E8eKoGrRR@f9941","06bVWXl91ND6tcPigpiEKX","069d9f4b1","071b9c314","077faee36","07nvgbRJFHBq3Ke87hGlYH","07e4b2d50","08eAXbh5FGCo+nZrGfAAmp@f9941","08eVs+zMtG6IZ8D0FRRxw2","08bd988f9","0950245f4","0973f1f5f","0ad9307c5","0b5982df2","0b96c2b89","0bfd96d3d","0c154602a","0cc437606","0ccfdd3af","0dXF9987xPRYNclZAD/Ifo@f9941","11eMpfdCxLCIj5kkKttaMs","0dTq/8KehMBJSHufCZkcdc","0e20c58b7","0e8cfc2aa","0eudzvDQpNAKtxh480B8eU@f9941","0fc7a1f45","0fe19452d","0ffbd253a","11JaeYbKZMpZtToH0zoCo4","12ADHsohpDT70b07sIEKTC","12eWdQXeFEqpdq6KDAuvaT@f9941","15e77a540","16kap4SblONrJDoSPb7ETD","1djgCB4dFN64pQiTWWYIFu@f9941","1eq+G8KfVHXJJQSZKEzgZE@f9941","15e77a540@6c48a","160ea15dc","160ea15dc@6c48a","16fdb0401","18F/Bt3pNJOKRD2/u5POkF@6c48a","23jyO+rqpKtLD/hfh9MrqX@f9941","24NaP13RZCkKR3dG6v6nZj@f9941","2bcTB+CaJPPooMQ1pjWxd9@6c48a","2bcTB+CaJPPooMQ1pjWxd9@f9941","2c1VGPWLVJiKWYF/HhLYWm","2eKdkw9/ZDQbJwsehjnJ69","7eUb/5K+lMZrQFUjUlU7Iw@6c48a","7eUb/5K+lMZrQFUjUlU7Iw@f9941","7fOPnrl+BBkZ7VVW6RH64t@f9941","7f9EV06jVE7KQVkUi8QxJh@f9941","84oQMxpN1P/IITSbcJ4ohp@6c48a","84oQMxpN1P/IITSbcJ4ohp@f9941","86CF22MfVMTqJCfLL5LFWI@f9941","87IR31O/lBJZggVcA16561@f9941","89AwCegg5KmIzJwLfz0QRj@f9941","89p7m4YDpF3ol3/c26zmBp@f9941","90ivsCretNZJwufFeetcaa@6c48a","90ivsCretNZJwufFeetcaa@f9941","90+KQC1ttIzIYw/vP7oG2J","91CgHM4K9BKIlwUt5bd+za@6c48a","91CgHM4K9BKIlwUt5bd+za@f9941","91737HaxBJ74c0W8yOJaib@f9941","92FC9HODFF8qL1mHmfe0Wm","92u8+y4iBJ6YT0F5Aq3Cdu@f9941","93txvtwFxMBqpqk07e4TIP@f9941","963Aj+Jz5PpoCqSpHt2fJ2@f9941","16fdb0401@6c48a","18F/Bt3pNJOKRD2/u5POkF","19BENtsCNNJL43aCo7HC9H@f9941","19YH3gvTVJOq5zWVdf6xOk@f9941","19d8e393f","19d8e393f@6c48a","1bkhnJTO5EsYDjTj11JB4S@f9941","1c0f37b85","2eVXlO1lFFCY0uUZOVI+9y","29SWTYMPVPT7lCJ7kaa+sv@f9941","2b7t+/J/pIRLHlqdBc/2zZ@f9941","2dKTaNWNxEToGOAGQ5o4cU@f9941","1c0f37b85@6c48a","1d2rUFj3VOJYAl01HsBknk@f9941","1eVypn/CFPNIjH/ASYQbbD","20g1ukYUVPvKWKBRznAKo+","64drKveCZBfKvindFJgvbr","2e8ma3ZLhJwb9TMHLnwYMY@f9941","30Yt9o7MFMbr7vFRD2BZvp@f9941","31AT749URCKrgS07IZqrXp@f9941","32uK8JX+tBeqPjLPWmMR5C@f9941","34uyj91TdGMJn8qtfQlUhR@6c48a","34uyj91TdGMJn8qtfQlUhR@f9941","38Ie9RE2ZK76SrRHgwrkfr","38oQEzO6FMiIH5cY3/oKfy@f9941","382azvZ7lB24TlIi7ojPhf@f9941","39zgOz7qVBL63g61zEjAsD@f9941","3cKLI4Uq5NrKftAJbQp+P3@f9941","3fp+veg7BBh4CzfBTJFq5Q@6c48a","3f+RUUfc5BKrwk0EQD9Lw9@6c48a","3f+RUUfc5BKrwk0EQD9Lw9@f9941","44WWtLKfVAspxHTKcR7ILj@f9941","45Uyc/KZZALKpwkEnWMUvA@f9941","46dmncSPVGs4Cx5GbgA1f5@f9941","463gIVI3dEr4lb3AxbMFZe","48WDMuZDxCipRIwdfHXpx6@6c48a","48WDMuZDxCipRIwdfHXpx6@f9941","49VsQtMyBGfZntkYaXwL9m@f9941","4bhhd94lxCdrd//TdMxVKu","4cOI21L2dK2o89m445uq/F@f9941","4chuMZsU1K9bEdpmbDnFYZ","4cmaPgUO1Om512zI4Dr1M+@6c48a","4cmaPgUO1Om512zI4Dr1M+@f9941","4dPD9ZyrtPprx7bD0nZHKU","52ut8VBDpCzoCnyqgkWFtX@f9941","54OpWYq/tI2YBKZ/SApK4L","54TknWPwVPqJqeCR+Y/Czo","56C8uR/oFE4LiBzWnOx/9V@6c48a","56C8uR/oFE4LiBzWnOx/9V@f9941","5ey9H/HSxHAYuTyeTlaVjw@6c48a","5ey9H/HSxHAYuTyeTlaVjw@f9941","5fUXrIFftKhb0szbDMTp8e@f9941","60nGLhN5pA16MkKInhxpD9@f9941","61bbP8N/dBQKyzfVWt6pmY@6c48a","61bbP8N/dBQKyzfVWt6pmY@f9941","64Tt0gk1dLjaayiE+jJi7R@f9941","66J7j/xvVGLK8YTA/6er0S@f9941","6ar2B1YyVLmr029neMj3Id@f9941","6bIJ5dboRPYJhs7DSoIJzY@f9941","6cWEuSL11FGJEjKFeTlr3Y@f9941","6eapUOqwVCdo/Vk+dKA2sR@f9941","71r9vf2u5Fir5qe4JY3vLF@f9941","78Sj7DnMNHd5QG3IvCkK3V@f9941","7dwpSRfV9KXZfMOVqESvNU","20g1ukYUVPvKWKBRznAKo+@6c48a","20g1ukYUVPvKWKBRznAKo+@f9941","20oprpaUhG4I6uoU3/OIGQ@f9941","21GAr2BfpP96H/JxorUNUb@f9941","22QIi5U6dCwZZecBN5w7xE@f9941","24WgaLId5FV7CMZFqJJodL@f9941","24arivmbFLYLMN50nvDOh8@f9941","262ApIrrpIZpXGuU/fQuet@f9941","28SvCw2RFHZp4w3I7B80IG@f9941","28pmjlM7JHro+YQ6iK7ISd@f9941","2bcTB+CaJPPooMQ1pjWxd9","30nkF+E6ZJ9r/rGGn7PhTy@f9941","34uyj91TdGMJn8qtfQlUhR","37gX7FIS1DH6JDIrIax4He@f9941","3bESPmfRlAjZp1O+1U0/3X@f9941","3ehhj9WKdBaquKrfmWn8wo@f9941","3fCRsHIPRJtq09gkzZ1ZDT","3fp+veg7BBh4CzfBTJFq5Q","3f+RUUfc5BKrwk0EQD9Lw9","41GoDpQShF956ooAuNdaaW@f9941","41UDzwXKxKxJKcOBT8thvg@f9941","41X3C5QTVIg7CHu9n4bPTA@f9941","435R8ZFGdD8oqVVxizOD7R@f9941","44PYodskBOFoO4RvdohbUW@f9941","45f6ebegpIEae7ORKxCxoc@f9941","479otY+ftOKa9rY+ck2zHx@f9941","48WDMuZDxCipRIwdfHXpx6","49lpgp1d5KK5aPkyJ+M6HF@f9941","49oZcl7EZCO5r7UFrWw6mw@f9941","4cF0TP1UpBdqxWIOiNA69F@f9941","4cmaPgUO1Om512zI4Dr1M+","54TknWPwVPqJqeCR+Y/Czo@6c48a","54TknWPwVPqJqeCR+Y/Czo@f9941","56C8uR/oFE4LiBzWnOx/9V","56xpas+zdCl7Gp+2JnbJyh@f9941","57WCH8KfdAkYRL/XgH+JjZ@f9941","5bLosPsKdBnqr7aDjFWSWe@f9941","5bZ+Yfm2lBrKOje5tf93sc@f9941","5cEd7o+PFHpKDqebefr9FT","5dUHKY865GR5TzAc/Tm4MV@f9941","5diNwJnXdFWoefs1/Z7i6R@f9941","5ey9H/HSxHAYuTyeTlaVjw","61bbP8N/dBQKyzfVWt6pmY","63DejEAqBO9rMKAzVevCtV@f9941","63xcNrsK9Hk4q8oXdfCdQg@f9941","63//u5PtBLjZurMkDq50Xa@f9941","64OUFSjw1L+6HTawmiXKje@f9941","6aaEacuiRPUap4Y7DWsnxh@f9941","70E7YBGNND0IbZsV8fkcq4@f9941","7cDrfNs8BDEaO4j8iDTvXY@f9941","7dLHlP6OZBcaxTjRuIPh+s","7eUb/5K+lMZrQFUjUlU7Iw","7fy4NnVKNPhZH1XgRJPstr@f9941","82HjZma3VPs6rQq6Uk8BOW@f9941","83HxqQaZdGyar5ZeEe2jln@f9941","84oQMxpN1P/IITSbcJ4ohp","85SRGGSIpIg5Ln+68tNNE9@f9941","87m0RrTzxBJIqZeCdRp4Dp@f9941","88EperHqpKh5tlufYeHQD4@f9941","893ZGCSihLspQrjzy+slaZ@f9941","8bw6JUiSRKBIdl95sV3vTY@f9941","8cng5EmLxCRrWQXQPo9fVM@f9941","8fhNnm3zVJQoMz/NH5CkV2@f9941","90d5od5HBOi52azphv4egu","90ivsCretNZJwufFeetcaa","90vtjwJm5L9JSk08Z6W9M0@f9941","91CgHM4K9BKIlwUt5bd+za","91CkeQaUVPmI7uvgVIOl/l@f9941","92TV9zMHNBUYnWqxQ8WrUV","92TV9zMHNBUYnWqxQ8WrUV@6c48a","92TV9zMHNBUYnWqxQ8WrUV@f9941","95EkngnxZFbYuFpsqVTaFr","ac7nyWdatDt75uK64nyDvS","99XIy9ejtJGJhfmQCz2OLN","9cS8zbhpVJRJrQl3rry6RJ","a2F6RknW9CWIWiqTs1/EdL@6c48a","a2F6RknW9CWIWiqTs1/EdL@f9941","a21vc6JuxBN6ZEoXT4shrl@f9941","a4u5BXx01DD6XoQkWQWO6P@f9941","a53UjTGBtIjJDhGHKh+SGy@f9941","a7zvPFgdBGAoAaIF+K4s/x@f9941","a8WrUedSRA3b6L9FAIa1sQ@f9941","a8pYQTJtRETqKKsw/oNMDd@f9941","a9N5TrmZRHBbicy5LQ9r0W@f9941","ab9nXx5ftKUK48ANbtOkJj","ac/u8QJY5E6rez+jOPoVxe@f9941","adqMrHutFEG4PQIzWBUXbR","b4AmW3EBVMaZZA7fY5Edx1@f9941","b6Rdxkwp1OCIC5MuD5HoBj@f9941","b7JwJvGjhHfYGnlW706gTI@6c48a","b7JwJvGjhHfYGnlW706gTI@f9941","b86Ln+qG9NcpkDsw6ljuQj@f9941","b9LAnOc8BP17HKdpS8+iLA@f9941","bbsU3TXORCUaRwCbQPvdJz@f9941","bdNYJXeLhElKuWAw7Vsvn1@f9941","95EkngnxZFbYuFpsqVTaFr@6c48a","95EkngnxZFbYuFpsqVTaFr@f9941","99U5j74cdLH51/J9Bu1kpR@f9941","9aDFI9c1VN777b+ZnwQzEi@f9941","9bqdTbfhNIO4JED4rLjKTB@f9941","9dWgnyHQpGP5Y7b69bwT2h@f9941","9eXhr72/tLtIIWB7/m9vNc@f9941","9ewKrMDuFPnI/srwIHgx4z","9fQ9zHs6BEHbj4ACCPKdvJ","a2F6RknW9CWIWiqTs1/EdL","a5hYztedNBx6zAEgRfv+rL","a6sS1g75dN0ZBL4b7bNpNH@f9941","a67KWyQdtAGLCs309QkNdX@f9941","a9FJ6QJQBJl5NB+cNxIHuG","aeWzn69IFMkZbiNErfdbWs@f9941","b0cv1SrdJFa4I+e3iEz7rv@f9941","b3s1iu9GZAgbGgsOfWTbYU@f9941","b7JwJvGjhHfYGnlW706gTI","b7tkzPnq1PcY6s+plF+KgT@f9941","bdG8q6vX1KcbFDmXyII4Pk","cdHxnXkNZNIJmdZCjOSzrA","bfD4XsaW1EcbBfu5QoYClK@6c48a","bfD4XsaW1EcbBfu5QoYClK@f9941","c2K+RTDjFKUaeoRc2vnKo2@f9941","c47ykryoNBvKoNzJtNXqB/@f9941","c7bE/fWXdMj40eKiF1ufmZ@f9941","caKBLW1YRFzKoa7rXQqIth","cdToxhiBZBAJe7+XN8QQo6@f9941","ceBD+qPlRDx5c9+HQ+NZpq@f9941","d37Pc+n/5KTKdxwSA0eV2q@6c48a","d37Pc+n/5KTKdxwSA0eV2q@f9941","d6GXXij3VGkKnSRxC3bm3b@f9941","d7Lt5MV/NJgr3mY+x+TWxR@6c48a","d7Lt5MV/NJgr3mY+x+TWxR@f9941","d7OKD/0BlNR6aQ88KZczHp","d8xOWxO/5CvYLQ2umDgWT2@6c48a","d8xOWxO/5CvYLQ2umDgWT2@f9941","d9eQ7HXyJKx66s+tgUOoWM@f9941","d95me6WU1Oa6/8D1/XhN1v@f9941","dcXwh+SARE55iiXkmmB121@f9941","c0U31RoKdKE7EFrrFh9pwX@f9941","c0thKsA+JHoZoUEhKDu5xk@f9941","c2Kw6ajyBEapkKznEHdieG@f9941","c5RYNEA65B1Y9rCj07+KTJ@f9941","c6S4gz89pJHbZw7jH1mwzC","c8MAC02FtCj5VgEk0VSP8F","c9hLFp4xBFU5mkq7tSicS9@f9941","cabRnip3lGDbtNztGRUZSw","cce/TWLolDO5Ep4D+EfDaP","cc1x3xjQBAa7R/NWy89fAT","cdGNDR/Z5B57c4DFT5+sGT@f9941","d1nL8tHhZDZKfeitmDciTl","e2rIgYF+9E3K/UixnmNIPy","e3B8ToDapM1owbmFG/r4MZ@f9941","e5au+1shlAgJURNb0PdMmz@f9941","e7eSOW6XtI3pLCCm4OcAAn@f9941","e8FY0J8HBFo4hi7HyCv5YS","e89SZEqOFEf45H0HeoHIkL","e91qzFVVNEn5mdg8v5NAg1","e9/zqJwjhJi7xqdwlKsk+j@f9941","eaGaZKC7hBLpFaTEZWfEKe@f9941","eaJ0FCGjBPbb/10ew5pe/I@f9941","edCtP8VshJIbl4UMh0PfZZ@f9941","ed7gjsvO5Ms4g0HOz6Rd0M@f9941","f1whXlCYdDT6hWcBeGHFoH@f9941","f4VRcFxzZD6Yd3EqYeRQBc@f9941","f4+E/I79pHdb1x3VpEcvTa@f9941","f5Da2PZE9JhJ9u/jSY8g5v@6c48a","f5Da2PZE9JhJ9u/jSY8g5v@f9941","f9fZfRP8ZFJY37evmerUFF","f9rNa7OAhDfqSldmQOoUV+@6c48a","f9rNa7OAhDfqSldmQOoUV+@f9941","fdBXyM1BNLg662OqgX7+sh","fdb1Uq9bFIHYxrNY84H/cv@6c48a","fdb1Uq9bFIHYxrNY84H/cv@f9941","fdwenp3ctHAIj44khVOs4f@f9941","bdG8q6vX1KcbFDmXyII4Pk@6c48a","bdG8q6vX1KcbFDmXyII4Pk@f9941","bdQG/yIalDdJF2iBr4yDV1","bfD4XsaW1EcbBfu5QoYClK","d1nL8tHhZDZKfeitmDciTl@6c48a","d1nL8tHhZDZKfeitmDciTl@f9941","d37Pc+n/5KTKdxwSA0eV2q","d5AI3C24VDSatFnRe9L/Rh@f9941","d7Lt5MV/NJgr3mY+x+TWxR","d7rkv8AodIuowLlmlLZ+O6","d8G99xrgNCnqTIMumCe/ia@f9941","d8JerikldEFrtaGL0N8ACP@f9941","d8NxhqFc5J4a5P/oKM6ItP@f9941","d8xOWxO/5CvYLQ2umDgWT2","deCWQrZthAqasO9dQnBbwq@f9941","deKqKiz0NDn6etWt3XNcRt@f9941","e0CAcCM9ZAVoXFi1Xlr4oq","e4OLJhwEdG8ZoWeUpV4Leo@f9941","efqQH7xFhOd6tFvgFXRiVy@f9941","f4fJm9m/BKKZT4Q91Bce3w@f9941","f5Da2PZE9JhJ9u/jSY8g5v","f5FbxlrnJIWrDtj/oTafi8","f5Y8oUeqxI1Z6YstIJRrZh@f9941","f9rNa7OAhDfqSldmQOoUV+","fa9/9OFxZKD4BRBsnRFk+V@f9941","fbwA4wcHpPTJCp0AGJIpHE@f9941","fb3Jp0xExCe7xoNdyVGIZ+","fdUdb2LIVAYKpVz0hYx2wu@f9941","fdb1Uq9bFIHYxrNY84H/cv","fffmKDaRxG1YwN0tATb8YT@f9941","ffll+YCYRJEbmC9IMFjR8T"],"paths":{"0":["font/num_darkBlueBet_0/texture",1,1],"1":["font/num_darkBlueBet_0/spriteFrame",2,1],"2":["font/num_darkBlueBet_0",0,1],"6":["img/img_cutdown_bg/spriteFrame",2,1],"8":["img/word_single/spriteFrame",2,1],"9":["car/yeshu",4,1],"14":["img/img_banker_bg/spriteFrame",2,1],"15":["img/cards_misNum_5/spriteFrame",2,1],"16":["prefabs/prefabs_domino_main",9,1],"20":["dub/btn_click",7,1],"23":["dub/domino_coin",7,1],"34":["img/icon_dt_loading_1/spriteFrame",2,1],"35":["car/animation_end",3,1],"43":["car/yeshu",5,1],"44":["font/num_blueBet",8,1],"45":["img/btn_set_on/spriteFrame",2,1],"47":["font/num_orangeBet",8,1],"48":["room/btn_begin/spriteFrame",2,1],"49":["img/cards_misNum_1/spriteFrame",2,1],"54":["car/skeleton/texture",1,1],"55":["img/btn_set_quit/spriteFrame",2,1],"56":["img/cards_misNum_4/spriteFrame",2,1],"57":["img/spr_win_oneBg/texture",1,1],"58":["img/spr_win_oneBg/spriteFrame",2,1],"59":["prefabs/prefabs_domino_room",9,1],"60":["prefabs/prefabs_domino_lose",9,1],"61":["font/num_blueBet_0/texture",1,1],"62":["font/num_blueBet_0/spriteFrame",2,1],"63":["cards/card_small_6/spriteFrame",2,1],"64":["cards/card_small_0/spriteFrame",2,1],"65":["font/record_num_0/texture",1,1],"66":["font/record_num_0/spriteFrame",2,1],"67":["img/word_times_1/spriteFrame",2,1],"68":["img/btn_domino_shop/spriteFrame",2,1],"69":["img/img_record_bg/spriteFrame",2,1],"70":["cards/card_small_bgH/spriteFrame",2,1],"71":["img/spr_lose_oneBg/texture",1,1],"72":["img/spr_lose_oneBg/spriteFrame",2,1],"73":["font/num_countDown",8,1],"74":["img/spr_lose_bg/texture",1,1],"75":["img/spr_lose_bg/spriteFrame",2,1],"76":["cards/card_big_bg/spriteFrame",2,1],"77":["car/animation_set1",3,1],"78":["img/img_pesone_bg/spriteFrame",2,1],"79":["img/icon_dt_loading_0/spriteFrame",2,1],"80":["img/word_times_3/spriteFrame",2,1],"82":["car/skeleton",0,1],"89":["room/auto_room",6,1],"90":["cards/card_big_1/spriteFrame",2,1],"91":["img/word_times_5/spriteFrame",2,1],"92":["img/btn_set_off/spriteFrame",2,1],"95":["prefabs/prefabs_domino_ending",9,1],"98":["img/icon_domino_shengyupai_wu/spriteFrame",2,1],"99":["img/word_double/spriteFrame",2,1],"100":["img/btn_set_gules/spriteFrame",2,1],"101":["room/img_card_bg/spriteFrame",2,1],"102":["font/gold_room_num_0/texture",1,1],"103":["font/gold_room_num_0/spriteFrame",2,1],"104":["font/gold_room_num",8,1],"105":["img/img_head_bg/spriteFrame",2,1],"106":["room/btn_room_help/spriteFrame",2,1],"107":["img/img_domino_ready/spriteFrame",2,1],"108":["img/btn_set_change/spriteFrame",2,1],"109":["car/yeshu/texture",1,1],"110":["font/num_redBet_0/texture",1,1],"111":["font/num_redBet_0/spriteFrame",2,1],"112":["img/btn_continue/spriteFrame",2,1],"113":["room/img_room_3/spriteFrame",2,1],"114":["cards/card_small_2/spriteFrame",2,1],"115":["font/shuzi_longhu_jiesuan_ying",8,1],"116":["font/num_greenBet_0/texture",1,1],"117":["font/num_greenBet_0/spriteFrame",2,1],"118":["img/btn_domino_down/spriteFrame",2,1],"119":["prefabs/prefabs_domino_win",9,1],"120":["cards/card_big_6/spriteFrame",2,1],"121":["font/num_purpleBet",8,1],"122":["img_room_bg/texture",1,1],"123":["img_room_bg/spriteFrame",2,1],"124":["font/num_darkBlueBet",8,1],"125":["img/img_turn_tips/spriteFrame",2,1],"126":["font/record_num",8,1],"128":["font/shuzi_longhu_jiesuan_ying_0/texture",1,1],"129":["font/shuzi_longhu_jiesuan_ying_0/spriteFrame",2,1],"130":["font/num_orangeBet_0/texture",1,1],"131":["font/num_orangeBet_0/spriteFrame",2,1],"132":["room/btn_room_return/spriteFrame",2,1],"133":["img/img_cek_down/spriteFrame",2,1],"134":["font/num_purpleBet_0/texture",1,1],"135":["font/num_purpleBet_0/spriteFrame",2,1],"136":["img/cards_misNum_0/spriteFrame",2,1],"137":["img/word_times_2/spriteFrame",2,1],"138":["img/word_times_4/spriteFrame",2,1],"139":["img/btn_set_effect/spriteFrame",2,1],"140":["img/btn_set_music/spriteFrame",2,1],"141":["cards/card_small_bgA/spriteFrame",2,1],"142":["img/img_cek_right/spriteFrame",2,1],"143":["room/img_gold_bg/spriteFrame",2,1],"144":["prefabs/prefabs_domino_mine",9,1],"155":["img/spr_win_oneBg",0,1],"157":["font/gold_room_num_0",0,1],"161":["dub/domino_win",7,1],"162":["car/yeshu",0,1],"163":["font/num_redBet_0",0,1],"171":["font/num_greenBet_0",0,1],"175":["img_room_bg",0,1],"178":["font/shuzi_longhu_jiesuan_ying_0",0,1],"183":["dub/domino_choose_card",7,1],"186":["font/num_orangeBet_0",0,1],"187":["font/num_purpleBet_0",0,1],"195":["prefabs/prefabs_domino_set",9,1],"196":["font/num_blueBet_0",0,1],"200":["font/record_num_0",0,1],"208":["dub/domino_guopai",7,1],"209":["img/spr_lose_oneBg",0,1],"211":["img/spr_lose_bg",0,1],"217":["cards/auto_card",6,1],"218":["prefabs/prefabs_domino_bigCard",9,1],"219":["font/shuzi_longhu_jiesuan_shu",8,1],"220":["font/shuzi_longhu_jiesuan_shu_0/texture",1,1],"221":["font/shuzi_longhu_jiesuan_shu_0/spriteFrame",2,1],"222":["img/btn_off/spriteFrame",2,1],"223":["img/cards_misNum_2/spriteFrame",2,1],"224":["cards/card_big_0/spriteFrame",2,1],"225":["room/img_room_players/spriteFrame",2,1],"226":["cards/card_small_5/spriteFrame",2,1],"227":["img/img_set_bg/spriteFrame",2,1],"228":["cards/card_big_4/spriteFrame",2,1],"229":["prefabs/prefabs_domino_loading",9,1],"230":["cards/card_big_5/spriteFrame",2,1],"231":["prefabs/prefabs_domino_cutdown",9,1],"232":["img/icon_domino_shengyupai_wu1/spriteFrame",2,1],"233":["room/img_room_2/spriteFrame",2,1],"234":["font/num_blackBet_0/texture",1,1],"235":["font/num_blackBet_0/spriteFrame",2,1],"236":["img/btn_quit/spriteFrame",2,1],"237":["room/img_room_gold/spriteFrame",2,1],"238":["img/cards_misNum_3/spriteFrame",2,1],"239":["room/img_room_4/spriteFrame",2,1],"247":["dub/domino_dead",7,1],"248":["prefabs/prefabs_domino_gold",9,1],"249":["font/shuzi_longhu_jiesuan_shu_0",0,1],"250":["prefabs/prefabs_domino_right",9,1],"253":["dub/domino_jl_bk",7,1],"257":["font/num_blackBet_0",0,1],"260":["img/auto_domino",6,1],"261":["font/num_countDown_0/texture",1,1],"262":["font/num_countDown_0/spriteFrame",2,1],"263":["img/img_cek_up/spriteFrame",2,1],"264":["img/btn_domino_chat/spriteFrame",2,1],"265":["img/word_quintet/spriteFrame",2,1],"266":["font/num_greenBet",8,1],"267":["cards/card_small_1/spriteFrame",2,1],"268":["cards/card_small_3/spriteFrame",2,1],"269":["font/shuzi_yxx_djs_0/texture",1,1],"270":["font/shuzi_yxx_djs_0/spriteFrame",2,1],"271":["cards/card_small_4/spriteFrame",2,1],"272":["img_domino_bg/texture",1,1],"273":["img_domino_bg/spriteFrame",2,1],"274":["font/shuzi_yxx_djs",8,1],"275":["img_domino_roomBg/texture",1,1],"276":["img_domino_roomBg/spriteFrame",2,1],"277":["cards/card_big_3/spriteFrame",2,1],"278":["img/img_handCards_Bg/spriteFrame",2,1],"279":["img/word_triple/spriteFrame",2,1],"284":["dub/domino_fapai",7,1],"285":["dub/domino_send",7,1],"287":["prefabs/prefabs_domino_smallCard",9,1],"288":["dub/domino_time_out",7,1],"289":["prefabs/prefabs_domino_record",9,1],"292":["font/num_lose",8,1],"293":["cards/card_big_2/spriteFrame",2,1],"294":["img/btn_domino_gift/spriteFrame",2,1],"295":["img/head1/spriteFrame",2,1],"296":["car/animation_set",3,1],"297":["font/num_blackBet",8,1],"298":["prefabs/prefabs_domino_test",9,1],"299":["room/img_room_1/spriteFrame",2,1],"300":["room/btn_gold_add/spriteFrame",2,1],"301":["img/btn_bet_deer/spriteFrame",2,1],"302":["img/img_pesone_bg1/spriteFrame",2,1],"303":["room/bg_room_woman/spriteFrame",2,1],"304":["room/title_room_domino/spriteFrame",2,1],"305":["img/cards_misNum_6/spriteFrame",2,1],"306":["img/btn_domino_up/spriteFrame",2,1],"307":["bg_common_loading/texture",1,1],"308":["bg_common_loading/spriteFrame",2,1],"309":["car/skeleton",5,1],"310":["img/spr_win_bg/texture",1,1],"311":["img/spr_win_bg/spriteFrame",2,1],"312":["font/num_redBet",8,1],"313":["font/num_lose_0/texture",1,1],"314":["font/num_lose_0/spriteFrame",2,1],"315":["img/word_quartet/spriteFrame",2,1],"318":["prefabs/prefabs_domino_up",9,1],"319":["font/num_countDown_0",0,1],"322":["font/shuzi_yxx_djs_0",0,1],"324":["img_domino_bg",0,1],"325":["prefabs/prefabs_domino_sendCards",9,1],"329":["img_domino_roomBg",0,1],"332":["prefabs/prefabs_domino_left",9,1],"336":["bg_common_loading",0,1],"339":["img/spr_win_bg",0,1],"342":["dub/domino_game_begin",7,1],"344":["font/num_lose_0",0,1],"346":["car/skeleton",4,1]},"scenes":{},"packs":{"01bdd4fb6":[83,84,149,150,156,158,159,160,164,168,170,172,173,185,189,190,97,192,193,201,204,207,243,245,246,254,255,280,282,283,290,328,345],"01ce57f01":[60,72,75,309],"01e7b6573":[111,312],"03413fb36":[144,219,221],"04a3946c8":[218,217],"05038da49":[215,229,308,337],"0549dae91":[235,297],"057908520":[48,89,101,106,113,132,143,225,233,237,239,299,300,303,304],"069d9f4b1":[16,43,73,262,260,273],"071b9c314":[1,124],"077faee36":[93,57,109,110,122,130,61,0,50,81,86,102,65,52,176,128,134,71,74,214,54,145,240,116,220,234,316,261,269,275,320,272,310,307,313],"07e4b2d50":[47,131],"08bd988f9":[317,298],"0950245f4":[90,114,120,141,63,64,70,76,224,226,228,217,230,267,268,271,277,293],"0973f1f5f":[36,321],"0ad9307c5":[121,135],"0b5982df2":[6,8,14,15,34,45,49,55,56,91,92,98,99,100,105,107,108,112,118,125,133,136,137,138,139,140,142,67,68,69,78,79,80,222,223,227,232,236,238,263,264,265,260,278,279,294,295,301,302,305,306,315],"0b96c2b89":[58,119,311],"0bfd96d3d":[117,266],"0c154602a":[292,314],"0cc437606":[22,39,87,94,147,148,151,152,153,154,165,166,167,169,174,179,180,181,182,184,188,191,97,194,197,198,199,202,203,205,206,210,212,242,244,251,252,256,258,281,286,323,326,327,330,331,333,334,335,338,340,341,343],"0ccfdd3af":[115,129],"0e20c58b7":[44,62],"0e8cfc2aa":[126,66],"0fc7a1f45":[97,231],"0fe19452d":[146,59,89,103,104,123,177,241,276],"0ffbd253a":[270,274]},"versions":{"import":[],"native":[]},"redirect":[],"debug":false,"extensionMap":{".ccon":[296,35,77]},"hasPreloadScript":true,"dependencyRelationships":{},"types":["cc.ImageAsset","cc.Texture2D","cc.SpriteFrame","cc.AnimationClip","cc.Asset","sp.SkeletonData","cc.SpriteAtlas","cc.AudioClip","cc.BitmapFont","cc.Prefab"]}