[1,["002KtbdfNBkKqpJUPMlTv7@6c48a"],0,[["sp.SkeletonData",["_name","_atlasText","textureNames","_skeletonJson","textures"],-1,3]],[[0,0,1,2,3,4,5]],[[0,"shuaige2","\r\nshuaige2.png\r\nsize: 1024,1024\r\nformat: RGBA8888\r\nfilter: Linear,Linear\r\nrepeat: none\r\nbg\r\n  rotate: true\r\n  xy: 2, 193\r\n  size: 381, 351\r\n  orig: 381, 351\r\n  offset: 0, 0\r\n  index: -1\r\nfuwen\r\n  rotate: false\r\n  xy: 362, 603\r\n  size: 381, 351\r\n  orig: 381, 351\r\n  offset: 0, 0\r\n  index: -1\r\nhead\r\n  rotate: false\r\n  xy: 2, 576\r\n  size: 358, 378\r\n  orig: 358, 378\r\n  offset: 0, 0\r\n  index: -1\r\nwaikuang\r\n  rotate: false\r\n  xy: 2, 2\r\n  size: 408, 189\r\n  orig: 408, 189\r\n  offset: 0, 0\r\n  index: -1\r\n",["shuaige2.png"],{"skeleton":{"hash":"8TLDG+mKRziGNPUkEbuZFalW4gU","spine":"3.6.53","width":128.8,"height":121.96,"images":"./images/"},"bones":[{"name":"root"},{"name":"all","parent":"root"},{"name":"renwu_bg","parent":"all","y":-2.65,"scaleX":0.316,"scaleY":0.316,"color":"00ff17ff"},{"name":"ren","parent":"renwu_bg","x":-17.1,"y":-180},{"name":"head","parent":"ren","length":67.7,"rotation":67.69,"x":-0.61,"y":5.76},{"name":"head2","parent":"head","length":279.7,"rotation":28.9,"x":67.7},{"name":"kuang","parent":"renwu_bg","color":"28ff00ff"}],"slots":[{"name":"bg","bone":"kuang","attachment":"bg"},{"name":"kuang","bone":"kuang","attachment":"fuwen","blend":"additive"},{"name":"waikuang","bone":"kuang","attachment":"waikuang"},{"name":"waikuang2","bone":"kuang","attachment":"waikuang"},{"name":"mask_all","bone":"renwu_bg","attachment":"mask_all"},{"name":"head","bone":"head","attachment":"head"},{"name":"head2","bone":"head","attachment":"head","blend":"additive"}],"skins":{"default":{"bg":{"bg":{"width":381,"height":351}},"head":{"head":{"type":"mesh","hull":4,"width":358,"height":378,"uvs":[1,1,0,1,0,0,1,0],"triangles":[1,3,0,1,2,3],"vertices":[2,5,-85.05,-172.59,0.736,4,76.65,-192.2,0.264,1,4,-59.23,139.01,1,1,5,331.56,139.63,1,2,5,290.44,-216,0.99521,4,426.36,-48.73,0.00479],"edges":[0,2,2,4,4,6,0,6]}},"head2":{"head":{"type":"mesh","hull":4,"width":358,"height":378,"uvs":[1,1,0,1,0,0,1,0],"triangles":[1,3,0,1,2,3],"vertices":[2,5,-85.05,-172.59,0.736,4,76.65,-192.2,0.264,1,4,-59.23,139.01,1,1,5,331.56,139.63,1,2,5,290.44,-216,0.99521,4,426.36,-48.73,0.00479],"edges":[0,2,2,4,4,6,0,6]}},"kuang":{"fuwen":{"width":381,"height":351}},"mask_all":{"mask_all":{"type":"clipping","end":"mask_all","vertexCount":15,"color":"ce3a3aff","vertices":[-183.4,151.76,-183.85,-146.31,-179.63,-157.13,-170.74,-162.54,-161.08,-164.86,166.16,-164.47,175.95,-160.22,181.75,-154.03,184.45,-144.76,184.45,152.69,180.59,162.83,173.63,169.4,164.35,172.49,579.37,693.11,-441.13,714.32]}},"waikuang":{"waikuang":{"y":-90.1,"width":408,"height":189}},"waikuang2":{"waikuang":{"y":97.52,"scaleY":-1,"width":408,"height":189}}}},"animations":{"dynamic":{"slots":{"head2":{"color":[{"time":0,"color":"ffffff00","curve":[0.25,0,0.75,1]},{"time":0.6667,"color":"ffffff43","curve":[0.25,0,0.75,1]},{"time":1.3333,"color":"ffffff00","curve":"stepped"},{"time":2,"color":"ffffff00"}]},"kuang":{"color":[{"time":0,"color":"ffffff00","curve":[0.25,0,0.75,1]},{"time":0.6667,"color":"ffffffff","curve":[0.25,0,0.75,1]},{"time":1.3333,"color":"ffffff00"}]}},"bones":{"head2":{"rotate":[{"time":0,"angle":0,"curve":[0.25,0,0.75,1]},{"time":0.6667,"angle":4.15,"curve":[0.25,0,0.75,1]},{"time":1.3333,"angle":0,"curve":"stepped"},{"time":2,"angle":0}],"scale":[{"time":0,"x":1,"y":1,"curve":[0.25,0,0.75,1]},{"time":0.6667,"x":1.06,"y":1.06,"curve":[0.25,0,0.75,1]},{"time":1.3333,"x":1,"y":1,"curve":"stepped"},{"time":2,"x":1,"y":1}]}}},"static":{"slots":{"head2":{"color":[{"time":0,"color":"ffffff00"}]},"kuang":{"color":[{"time":0,"color":"ffffff00"}]}}}}},[0]]],0,0,[0],[-1],[0]]
