[1,["43nzeeCzNBAIsKrfY/8tJu@6c48a"],["_textureSource"],["cc.SpriteFrame"],0,[{"name":"sea_icon_treasurebox1_22","rect":{"x":82,"y":10,"width":329,"height":158},"offset":{"x":-9.5,"y":167},"originalSize":{"width":512,"height":512},"rotated":false,"capInsets":[0,0,0,0],"vertices":{"rawPosition":[-164.5,-79,0,164.5,-79,0,-164.5,79,0,164.5,79,0],"indexes":[0,1,2,2,1,3],"uv":[82,502,411,502,82,344,411,344],"nuv":[0.16015625,0.671875,0.802734375,0.671875,0.16015625,0.98046875,0.802734375,0.98046875],"minPos":{"x":-164.5,"y":-79,"z":0},"maxPos":{"x":164.5,"y":79,"z":0}},"packable":true,"pixelsToUnit":100,"pivot":{"x":0.5,"y":0.5},"meshType":0}],[0],0,[0],[0],[0]]
