[1,["f5fA5l8DBFzIlAyf2i490T@6c48a"],["_textureSource"],["cc.SpriteFrame"],0,[{"name":"feature_win_bg","rect":{"x":0,"y":0,"width":210,"height":299},"offset":{"x":0,"y":0},"originalSize":{"width":210,"height":299},"rotated":false,"capInsets":[0,0,0,0],"vertices":{"rawPosition":[-105,-149.5,0,105,-149.5,0,-105,149.5,0,105,149.5,0],"indexes":[0,1,2,2,1,3],"uv":[0,299,210,299,0,0,210,0],"nuv":[0,0,1,0,0,1,1,1],"minPos":{"x":-105,"y":-149.5,"z":0},"maxPos":{"x":105,"y":149.5,"z":0}},"packable":true,"pixelsToUnit":100,"pivot":{"x":0.5,"y":0.5},"meshType":0}],[0],0,[0],[0],[0]]
