[1,["4fLSoUQg9PzrPi+4yiqlTr@f9941","4fLSoUQg9PzrPi+4yiqlTr@6c48a"],["spriteFrame","_textureSource"],["cc.SpriteFrame",["cc.BitmapFont",["_name","fontSize","fntConfig"],0]],[[1,0,1,2,4]],[[[[0,"ocean_pearl_number_big_font",32,{"commonHeight":32,"fontSize":32,"atlasName":"ocean_pearl_number_big_font.png","fontDefDictionary":{"36":{"xOffset":-2,"yOffset":-106,"xAdvance":112,"rect":{"x":0,"y":214,"width":116,"height":212}},"44":{"xOffset":-2,"yOffset":-106,"xAdvance":47,"rect":{"x":928,"y":214,"width":51,"height":212}},"46":{"xOffset":-2,"yOffset":-106,"xAdvance":47,"rect":{"x":0,"y":428,"width":51,"height":212}},"48":{"xOffset":-2,"yOffset":-106,"xAdvance":110,"rect":{"x":236,"y":214,"width":114,"height":212}},"49":{"xOffset":-2,"yOffset":-106,"xAdvance":81,"rect":{"x":935,"y":0,"width":85,"height":212}},"50":{"xOffset":-2,"yOffset":-106,"xAdvance":113,"rect":{"x":816,"y":0,"width":117,"height":212}},"51":{"xOffset":-2,"yOffset":-106,"xAdvance":109,"rect":{"x":468,"y":214,"width":113,"height":212}},"52":{"xOffset":-2,"yOffset":-106,"xAdvance":116,"rect":{"x":694,"y":0,"width":120,"height":212}},"53":{"xOffset":-2,"yOffset":-106,"xAdvance":112,"rect":{"x":118,"y":214,"width":116,"height":212}},"54":{"xOffset":-2,"yOffset":-106,"xAdvance":109,"rect":{"x":583,"y":214,"width":113,"height":212}},"55":{"xOffset":-2,"yOffset":-106,"xAdvance":109,"rect":{"x":698,"y":214,"width":113,"height":212}},"56":{"xOffset":-2,"yOffset":-106,"xAdvance":109,"rect":{"x":813,"y":214,"width":113,"height":212}},"57":{"xOffset":-2,"yOffset":-106,"xAdvance":110,"rect":{"x":352,"y":214,"width":114,"height":212}},"66":{"xOffset":-2,"yOffset":-106,"xAdvance":124,"rect":{"x":564,"y":0,"width":128,"height":212}},"75":{"xOffset":-2,"yOffset":-106,"xAdvance":139,"rect":{"x":153,"y":0,"width":143,"height":212}},"77":{"xOffset":-2,"yOffset":-106,"xAdvance":147,"rect":{"x":0,"y":0,"width":151,"height":212}},"82":{"xOffset":-2,"yOffset":-106,"xAdvance":129,"rect":{"x":298,"y":0,"width":133,"height":212}},"84":{"xOffset":-2,"yOffset":-106,"xAdvance":125,"rect":{"x":433,"y":0,"width":129,"height":212}}},"kerningDict":{}}]],0,0,[0],[0],[0]],[[{"name":"ocean_pearl_number_big_font","rect":{"x":2,"y":10,"width":1015,"height":588},"offset":{"x":-2.5,"y":208},"originalSize":{"width":1024,"height":1024},"rotated":false,"capInsets":[0,0,0,0],"vertices":{"rawPosition":[-507.5,-294,0,507.5,-294,0,-507.5,294,0,507.5,294,0],"indexes":[0,1,2,2,1,3],"uv":[2,1014,1017,1014,2,426,1017,426],"nuv":[0.001953125,0.416015625,0.9931640625,0.416015625,0.001953125,0.990234375,0.9931640625,0.990234375],"minPos":{"x":-507.5,"y":-294,"z":0},"maxPos":{"x":507.5,"y":294,"z":0}},"packable":true,"pixelsToUnit":100,"pivot":{"x":0.5,"y":0.5},"meshType":0}],[0],0,[0],[1],[1]]]]
