[1,["0bRZ3z3EdCv6AuGzCuIRtq@6c48a"],["_textureSource"],["cc.SpriteFrame"],0,[{"name":"ocean_icon_10","rect":{"x":0,"y":0,"width":562,"height":462},"offset":{"x":0,"y":0},"originalSize":{"width":562,"height":462},"rotated":false,"capInsets":[0,0,0,0],"vertices":{"rawPosition":[-281,-231,0,281,-231,0,-281,231,0,281,231,0],"indexes":[0,1,2,2,1,3],"uv":[0,462,562,462,0,0,562,0],"nuv":[0,0,1,0,0,1,1,1],"minPos":{"x":-281,"y":-231,"z":0},"maxPos":{"x":281,"y":231,"z":0}},"packable":true,"pixelsToUnit":100,"pivot":{"x":0.5,"y":0.5},"meshType":0}],[0],0,[0],[0],[0]]
