[1,["92BA9cmG9HRqE3RClqaH/z@f9941","92BA9cmG9HRqE3RClqaH/z@6c48a"],["spriteFrame","_textureSource"],["cc.SpriteFrame",["cc.BitmapFont",["_name","fontSize","fntConfig"],0]],[[1,0,1,2,4]],[[[[0,"ocean_grand_number_font",32,{"commonHeight":32,"fontSize":32,"atlasName":"ocean_grand_number_font.png","fontDefDictionary":{"36":{"xOffset":-2,"yOffset":-22,"xAdvance":26,"rect":{"x":72,"y":0,"width":30,"height":44}},"44":{"xOffset":-2,"yOffset":-22,"xAdvance":12,"rect":{"x":31,"y":92,"width":16,"height":44}},"46":{"xOffset":-2,"yOffset":-22,"xAdvance":13,"rect":{"x":232,"y":0,"width":17,"height":44}},"48":{"xOffset":-2,"yOffset":-22,"xAdvance":26,"rect":{"x":104,"y":0,"width":30,"height":44}},"49":{"xOffset":-2,"yOffset":-22,"xAdvance":26,"rect":{"x":136,"y":0,"width":30,"height":44}},"50":{"xOffset":-2,"yOffset":-22,"xAdvance":26,"rect":{"x":168,"y":0,"width":30,"height":44}},"51":{"xOffset":-2,"yOffset":-22,"xAdvance":26,"rect":{"x":200,"y":0,"width":30,"height":44}},"52":{"xOffset":-2,"yOffset":-22,"xAdvance":26,"rect":{"x":0,"y":46,"width":30,"height":44}},"53":{"xOffset":-2,"yOffset":-22,"xAdvance":26,"rect":{"x":32,"y":46,"width":30,"height":44}},"54":{"xOffset":-2,"yOffset":-22,"xAdvance":26,"rect":{"x":64,"y":46,"width":30,"height":44}},"55":{"xOffset":-2,"yOffset":-22,"xAdvance":26,"rect":{"x":96,"y":46,"width":30,"height":44}},"56":{"xOffset":-2,"yOffset":-22,"xAdvance":26,"rect":{"x":128,"y":46,"width":30,"height":44}},"57":{"xOffset":-2,"yOffset":-22,"xAdvance":26,"rect":{"x":160,"y":46,"width":30,"height":44}},"66":{"xOffset":-2,"yOffset":-22,"xAdvance":26,"rect":{"x":192,"y":46,"width":30,"height":44}},"75":{"xOffset":-2,"yOffset":-22,"xAdvance":27,"rect":{"x":39,"y":0,"width":31,"height":44}},"77":{"xOffset":-2,"yOffset":-22,"xAdvance":33,"rect":{"x":0,"y":0,"width":37,"height":44}},"82":{"xOffset":-2,"yOffset":-22,"xAdvance":26,"rect":{"x":224,"y":46,"width":30,"height":44}},"84":{"xOffset":-2,"yOffset":-22,"xAdvance":25,"rect":{"x":0,"y":92,"width":29,"height":44}}},"kerningDict":{}}]],0,0,[0],[0],[0]],[[{"name":"ocean_grand_number_font","rect":{"x":2,"y":2,"width":250,"height":132},"offset":{"x":-1,"y":60},"originalSize":{"width":256,"height":256},"rotated":false,"capInsets":[0,0,0,0],"vertices":{"rawPosition":[-125,-66,0,125,-66,0,-125,66,0,125,66,0],"indexes":[0,1,2,2,1,3],"uv":[2,254,252,254,2,122,252,122],"nuv":[0.0078125,0.4765625,0.984375,0.4765625,0.0078125,0.9921875,0.984375,0.9921875],"minPos":{"x":-125,"y":-66,"z":0},"maxPos":{"x":125,"y":66,"z":0}},"packable":true,"pixelsToUnit":100,"pivot":{"x":0.5,"y":0.5},"meshType":0}],[0],0,[0],[1],[1]]]]
