[1,["91jA4RWANNs5jHTDhaEaCp@6c48a"],["_textureSource"],["cc.SpriteFrame"],0,[{"name":"sea_icon_treasurebox1_10","rect":{"x":160,"y":200,"width":259,"height":157},"offset":{"x":33.5,"y":-22.5},"originalSize":{"width":512,"height":512},"rotated":false,"capInsets":[0,0,0,0],"vertices":{"rawPosition":[-129.5,-78.5,0,129.5,-78.5,0,-129.5,78.5,0,129.5,78.5,0],"indexes":[0,1,2,2,1,3],"uv":[160,312,419,312,160,155,419,155],"nuv":[0.3125,0.302734375,0.818359375,0.302734375,0.3125,0.609375,0.818359375,0.609375],"minPos":{"x":-129.5,"y":-78.5,"z":0},"maxPos":{"x":129.5,"y":78.5,"z":0}},"packable":true,"pixelsToUnit":100,"pivot":{"x":0.5,"y":0.5},"meshType":0}],[0],0,[0],[0],[0]]
