[1,["9bBfwVqvBFLIMgwIIWXnca@6c48a"],["_textureSource"],["cc.SpriteFrame"],0,[{"name":"rummy_big","rect":{"x":2,"y":2,"width":636,"height":1023},"offset":{"x":0,"y":0},"originalSize":{"width":640,"height":1027},"rotated":false,"capInsets":[0,0,0,0],"vertices":{"rawPosition":[-318,-511.5,0,318,-511.5,0,-318,511.5,0,318,511.5,0],"indexes":[0,1,2,2,1,3],"uv":[2,1025,638,1025,2,2,638,2],"nuv":[0.003125,0.0019474196689386564,0.996875,0.0019474196689386564,0.003125,0.9980525803310614,0.996875,0.9980525803310614],"minPos":{"x":-318,"y":-511.5,"z":0},"maxPos":{"x":318,"y":511.5,"z":0}},"packable":true,"pixelsToUnit":100,"pivot":{"x":0.5,"y":0.5},"meshType":0}],[0],0,[0],[0],[0]]
