[1,["81VXHAg3ZPkqDeFvf5odsj@6c48a"],["_textureSource"],["cc.SpriteFrame"],0,[{"name":"avatar3","rect":{"x":2,"y":2,"width":2028,"height":1406},"offset":{"x":-8,"y":319},"originalSize":{"width":2048,"height":2048},"rotated":false,"capInsets":[0,0,0,0],"vertices":{"rawPosition":[-1014,-703,0,1014,-703,0,-1014,703,0,1014,703,0],"indexes":[0,1,2,2,1,3],"uv":[2,2046,2030,2046,2,640,2030,640],"nuv":[0.0009765625,0.3125,0.9912109375,0.3125,0.0009765625,0.9990234375,0.9912109375,0.9990234375],"minPos":{"x":-1014,"y":-703,"z":0},"maxPos":{"x":1014,"y":703,"z":0}},"packable":true,"pixelsToUnit":100,"pivot":{"x":0.5,"y":0.5},"meshType":0}],[0],0,[0],[0],[0]]
