[1,["195bdd06f@6c48a"],["_textureSource"],["cc.SpriteFrame","cc.SpriteAtlas"],0,[[[{"name":"img_introduce_bg","rect":{"x":3,"y":3,"width":959,"height":507},"offset":{"x":0,"y":0},"originalSize":{"width":959,"height":507},"rotated":false,"capInsets":[0,0,0,0],"packable":true,"pixelsToUnit":100,"pivot":{"x":0.5,"y":0.5},"meshType":0}],[0],0,[0],[0],[0]],[[{"name":"icon_fenghuang_guize_ye_2","rect":{"x":968,"y":3,"width":23,"height":26},"offset":{"x":-0.5,"y":0},"originalSize":{"width":26,"height":26},"rotated":true,"capInsets":[0,0,0,0],"packable":true,"pixelsToUnit":100,"pivot":{"x":0.5,"y":0.5},"meshType":0}],[0],0,[0],[0],[0]],[[{"name":"img_introduce_inBg","rect":{"x":999,"y":32,"width":22,"height":22},"offset":{"x":0,"y":0},"originalSize":{"width":22,"height":22},"rotated":false,"capInsets":[0,0,0,0],"packable":true,"pixelsToUnit":100,"pivot":{"x":0.5,"y":0.5},"meshType":0}],[0],0,[0],[0],[0]],[[{"name":"img_introduce_1","rect":{"x":3,"y":516,"width":693,"height":324},"offset":{"x":0,"y":0},"originalSize":{"width":693,"height":324},"rotated":false,"capInsets":[0,0,0,0],"packable":true,"pixelsToUnit":100,"pivot":{"x":0.5,"y":0.5},"meshType":0}],[0],0,[0],[0],[0]],[[{"name":"img_introduce_in","rect":{"x":968,"y":60,"width":22,"height":22},"offset":{"x":0,"y":0},"originalSize":{"width":22,"height":22},"rotated":false,"capInsets":[0,0,0,0],"packable":true,"pixelsToUnit":100,"pivot":{"x":0.5,"y":0.5},"meshType":0}],[0],0,[0],[0],[0]],[[{"name":"icon_fenghuang_guize_ye_1","rect":{"x":968,"y":32,"width":22,"height":25},"offset":{"x":0,"y":-0.5},"originalSize":{"width":26,"height":26},"rotated":true,"capInsets":[0,0,0,0],"packable":true,"pixelsToUnit":100,"pivot":{"x":0.5,"y":0.5},"meshType":0}],[0],0,[0],[0],[0]],[[{"name":"auto-introduce","spriteFrames":["img_introduce_bg","3biD9Mp/NAbbeuF1Q0p7Az@f9941","icon_fenghuang_guize_ye_2","6bXt8Sgt1LiJ4PRNUuz2yz@f9941","icon_fenghuang_guize_ye_1","b6GwqACnlGx42R4kGCurHe@f9941","img_introduce_inBg","78V/j06SxD4bsv4fB1HZ4M@f9941","img_introduce_in","b6A5S43mZEPpF7Moe3Rfm3@f9941","img_introduce_1","7fQ8/8RwNAj4C1XjScKX4F@f9941","img_introduce_2","e3K8xVgY5K1qiGcg7io9FR@f9941","img_introduce_4","67aoBNubpKtoeSyQ0LBMNN@f9941","img_introduce_3","69aGQdJX1MdonxpnOymxns@f9941"]}],[1],0,[],[],[]]]]
