[1,["0ehmzNhJdORKCVzmAyl9eQ@6c48a"],["_textureSource"],["cc.SpriteFrame"],0,[{"name":"sb_lbjs_BIGWIN","rect":{"x":0,"y":1,"width":1018,"height":1009},"offset":{"x":-3,"y":6.5},"originalSize":{"width":1024,"height":1024},"rotated":false,"capInsets":[0,0,0,0],"vertices":{"rawPosition":[-509,-504.5,0,509,-504.5,0,-509,504.5,0,509,504.5,0],"indexes":[0,1,2,2,1,3],"uv":[0,1023,1018,1023,0,14,1018,14],"nuv":[0,0.013671875,0.994140625,0.013671875,0,0.9990234375,0.994140625,0.9990234375],"minPos":{"x":-509,"y":-504.5,"z":0},"maxPos":{"x":509,"y":504.5,"z":0}},"packable":true,"pixelsToUnit":100,"pivot":{"x":0.5,"y":0.5},"meshType":0}],[0],0,[0],[0],[0]]
