[1,["fbOxRLFDFOubI6Ukl8Q1Dq@6c48a"],["_textureSource"],["cc.SpriteFrame"],0,[{"name":"Intro_Bg_L","rect":{"x":0,"y":0,"width":800,"height":320},"offset":{"x":0,"y":0},"originalSize":{"width":800,"height":320},"rotated":false,"capInsets":[0,0,0,0],"vertices":{"rawPosition":[-400,-160,0,400,-160,0,-400,160,0,400,160,0],"indexes":[0,1,2,2,1,3],"uv":[0,320,800,320,0,0,800,0],"nuv":[0,0,1,0,0,1,1,1],"minPos":{"x":-400,"y":-160,"z":0},"maxPos":{"x":400,"y":160,"z":0}},"packable":true,"pixelsToUnit":100,"pivot":{"x":0.5,"y":0.5},"meshType":0}],[0],0,[0],[0],[0]]
