[1,["5apRHWvE9Ds5Gqq0yGJq37@6c48a"],["_textureSource"],["cc.SpriteFrame"],0,[{"name":"btn_hj_xiazhubeishu_atur_up@2x","rect":{"x":0,"y":0,"width":284,"height":62},"offset":{"x":0,"y":0},"originalSize":{"width":284,"height":62},"rotated":false,"capInsets":[0,0,0,0],"vertices":{"rawPosition":[-142,-31,0,142,-31,0,-142,31,0,142,31,0],"indexes":[0,1,2,2,1,3],"uv":[0,62,284,62,0,0,284,0],"nuv":[0,0,1,0,0,1,1,1],"minPos":{"x":-142,"y":-31,"z":0},"maxPos":{"x":142,"y":31,"z":0}},"packable":true,"pixelsToUnit":100,"pivot":{"x":0.5,"y":0.5},"meshType":0}],[0],0,[0],[0],[0]]
