[1,["1792795c5@6c48a"],["_textureSource"],["cc.SpriteFrame","cc.SpriteAtlas"],0,[[[{"name":"icon_olps_tubiao_xiao_zi","rect":{"x":3,"y":173,"width":24,"height":24},"offset":{"x":0,"y":0},"originalSize":{"width":24,"height":24},"rotated":false,"capInsets":[0,0,0,0],"packable":true,"pixelsToUnit":100,"pivot":{"x":0.5,"y":0.5},"meshType":0}],[0],0,[0],[0],[0]],[[{"name":"icon_olps_tubiao_xiao_hong","rect":{"x":3,"y":203,"width":24,"height":24},"offset":{"x":0,"y":0},"originalSize":{"width":24,"height":24},"rotated":false,"capInsets":[0,0,0,0],"packable":true,"pixelsToUnit":100,"pivot":{"x":0.5,"y":0.5},"meshType":0}],[0],0,[0],[0],[0]],[[{"name":"icon_olps_tubiao_xiao_lan","rect":{"x":3,"y":233,"width":25,"height":26},"offset":{"x":0,"y":0},"originalSize":{"width":25,"height":26},"rotated":true,"capInsets":[0,0,0,0],"packable":true,"pixelsToUnit":100,"pivot":{"x":0.5,"y":0.5},"meshType":0}],[0],0,[0],[0],[0]],[[{"name":"icon_olps_tubiao_xiao_lv","rect":{"x":3,"y":115,"width":26,"height":23},"offset":{"x":0,"y":0},"originalSize":{"width":26,"height":23},"rotated":false,"capInsets":[0,0,0,0],"packable":true,"pixelsToUnit":100,"pivot":{"x":0.5,"y":0.5},"meshType":0}],[0],0,[0],[0],[0]],[[{"name":"icon_olps_tubiao_xiao_shalou","rect":{"x":3,"y":3,"width":22,"height":24},"offset":{"x":0,"y":0},"originalSize":{"width":22,"height":24},"rotated":true,"capInsets":[0,0,0,0],"packable":true,"pixelsToUnit":100,"pivot":{"x":0.5,"y":0.5},"meshType":0}],[0],0,[0],[0],[0]],[[{"name":"icon_olps_tubiao_xiao_shengbei","rect":{"x":3,"y":31,"width":22,"height":23},"offset":{"x":0,"y":0},"originalSize":{"width":22,"height":23},"rotated":true,"capInsets":[0,0,0,0],"packable":true,"pixelsToUnit":100,"pivot":{"x":0.5,"y":0.5},"meshType":0}],[0],0,[0],[0],[0]],[[{"name":"icon_olps_tubiao_xiao_huang","rect":{"x":3,"y":59,"width":24,"height":22},"offset":{"x":0,"y":0},"originalSize":{"width":24,"height":22},"rotated":false,"capInsets":[0,0,0,0],"packable":true,"pixelsToUnit":100,"pivot":{"x":0.5,"y":0.5},"meshType":0}],[0],0,[0],[0],[0]],[[{"name":"auto-smallIcon","spriteFrames":["icon_olps_tubiao_xiao_shalou","a8Rv+YJdNPEocqs/LUmqBp@f9941","icon_olps_tubiao_xiao_shengbei","aa8MEM1vVHiL/YQGp4A9Ng@f9941","icon_olps_tubiao_xiao_huang","c8JDQLK+1PRZi5t5GO9RGx@f9941","icon_olps_tubiao_xiao_jiezhi","deWD0GSxtKsacJ0i5Ye/uD@f9941","icon_olps_tubiao_xiao_lv","76ze0/bIFBKY1gNLzjJVah@f9941","icon_olps_tubiao_xiao_huangguan","f1ozGahltF2qNvWR7wZ/0L@f9941","icon_olps_tubiao_xiao_zi","3b3uwwe+VPzZeAFJnV7s/s@f9941","icon_olps_tubiao_xiao_hong","4fCJHaKMZDlIeB7F6dS7ox@f9941","icon_olps_tubiao_xiao_lan","68xLPI1cFCpKHC2pFtmUYx@f9941"]}],[1],0,[],[],[]],[[{"name":"icon_olps_tubiao_xiao_jiezhi","rect":{"x":3,"y":87,"width":22,"height":24},"offset":{"x":0,"y":0},"originalSize":{"width":22,"height":24},"rotated":true,"capInsets":[0,0,0,0],"packable":true,"pixelsToUnit":100,"pivot":{"x":0.5,"y":0.5},"meshType":0}],[0],0,[0],[0],[0]],[[{"name":"icon_olps_tubiao_xiao_huangguan","rect":{"x":3,"y":144,"width":26,"height":23},"offset":{"x":0,"y":0},"originalSize":{"width":26,"height":23},"rotated":false,"capInsets":[0,0,0,0],"packable":true,"pixelsToUnit":100,"pivot":{"x":0.5,"y":0.5},"meshType":0}],[0],0,[0],[0],[0]]]]
