[1,["1792795c5@6c48a","a846ff98-25d3-4f12-872a-b3f2d49aa069@f9941","aaf0c10c-d6f5-4788-bfd8-406a7803d360@f9941","c824340b-2bed-4f45-98b9-b7918ef511b1@f9941","de583d06-4b1b-4ab1-a709-d22e587bfb83@f9941","76cded3f-6c81-4129-8d60-34bce32556a1@f9941","f1a3319a-865b-45da-a36f-591ef067fd0b@f9941","3bdeec30-7be5-4fcd-9780-1499d5eecfec@f9941","4f0891da-28c6-4394-8781-ec5e9d4bba31@f9941","68c4b3c8-d5c1-42a4-a1c2-da916d994631@f9941"],["_textureSource"],["cc.SpriteFrame","cc.SpriteAtlas"],0,[[[{"name":"icon_olps_tubiao_xiao_zi","rect":{"x":3,"y":173,"width":24,"height":24},"offset":{"x":0,"y":0},"originalSize":{"width":24,"height":24},"rotated":false,"capInsets":[0,0,0,0],"packable":true,"pixelsToUnit":100,"pivot":{"x":0.5,"y":0.5},"meshType":0}],[0],0,[0],[0],[0]],[[{"name":"icon_olps_tubiao_xiao_hong","rect":{"x":3,"y":203,"width":24,"height":24},"offset":{"x":0,"y":0},"originalSize":{"width":24,"height":24},"rotated":false,"capInsets":[0,0,0,0],"packable":true,"pixelsToUnit":100,"pivot":{"x":0.5,"y":0.5},"meshType":0}],[0],0,[0],[0],[0]],[[{"name":"icon_olps_tubiao_xiao_lan","rect":{"x":3,"y":233,"width":25,"height":26},"offset":{"x":0,"y":0},"originalSize":{"width":25,"height":26},"rotated":true,"capInsets":[0,0,0,0],"packable":true,"pixelsToUnit":100,"pivot":{"x":0.5,"y":0.5},"meshType":0}],[0],0,[0],[0],[0]],[[{"name":"icon_olps_tubiao_xiao_lv","rect":{"x":3,"y":115,"width":26,"height":23},"offset":{"x":0,"y":0},"originalSize":{"width":26,"height":23},"rotated":false,"capInsets":[0,0,0,0],"packable":true,"pixelsToUnit":100,"pivot":{"x":0.5,"y":0.5},"meshType":0}],[0],0,[0],[0],[0]],[[{"name":"icon_olps_tubiao_xiao_shalou","rect":{"x":3,"y":3,"width":22,"height":24},"offset":{"x":0,"y":0},"originalSize":{"width":22,"height":24},"rotated":true,"capInsets":[0,0,0,0],"packable":true,"pixelsToUnit":100,"pivot":{"x":0.5,"y":0.5},"meshType":0}],[0],0,[0],[0],[0]],[[{"name":"icon_olps_tubiao_xiao_shengbei","rect":{"x":3,"y":31,"width":22,"height":23},"offset":{"x":0,"y":0},"originalSize":{"width":22,"height":23},"rotated":true,"capInsets":[0,0,0,0],"packable":true,"pixelsToUnit":100,"pivot":{"x":0.5,"y":0.5},"meshType":0}],[0],0,[0],[0],[0]],[[{"name":"icon_olps_tubiao_xiao_huang","rect":{"x":3,"y":59,"width":24,"height":22},"offset":{"x":0,"y":0},"originalSize":{"width":24,"height":22},"rotated":false,"capInsets":[0,0,0,0],"packable":true,"pixelsToUnit":100,"pivot":{"x":0.5,"y":0.5},"meshType":0}],[0],0,[0],[0],[0]],[[{"name":"auto-smallIcon","spriteFrames":["icon_olps_tubiao_xiao_shalou","a846ff98-25d3-4f12-872a-b3f2d49aa069@f9941","icon_olps_tubiao_xiao_shengbei","aaf0c10c-d6f5-4788-bfd8-406a7803d360@f9941","icon_olps_tubiao_xiao_huang","c824340b-2bed-4f45-98b9-b7918ef511b1@f9941","icon_olps_tubiao_xiao_jiezhi","de583d06-4b1b-4ab1-a709-d22e587bfb83@f9941","icon_olps_tubiao_xiao_lv","76cded3f-6c81-4129-8d60-34bce32556a1@f9941","icon_olps_tubiao_xiao_huangguan","f1a3319a-865b-45da-a36f-591ef067fd0b@f9941","icon_olps_tubiao_xiao_zi","3bdeec30-7be5-4fcd-9780-1499d5eecfec@f9941","icon_olps_tubiao_xiao_hong","4f0891da-28c6-4394-8781-ec5e9d4bba31@f9941","icon_olps_tubiao_xiao_lan","68c4b3c8-d5c1-42a4-a1c2-da916d994631@f9941"]}],[1],0,[0,0,0,0,0,0,0,0,0],[0,0,0,0,0,0,0,0,0],[1,2,3,4,5,6,7,8,9]],[[{"name":"icon_olps_tubiao_xiao_jiezhi","rect":{"x":3,"y":87,"width":22,"height":24},"offset":{"x":0,"y":0},"originalSize":{"width":22,"height":24},"rotated":true,"capInsets":[0,0,0,0],"packable":true,"pixelsToUnit":100,"pivot":{"x":0.5,"y":0.5},"meshType":0}],[0],0,[0],[0],[0]],[[{"name":"icon_olps_tubiao_xiao_huangguan","rect":{"x":3,"y":144,"width":26,"height":23},"offset":{"x":0,"y":0},"originalSize":{"width":26,"height":23},"rotated":false,"capInsets":[0,0,0,0],"packable":true,"pixelsToUnit":100,"pivot":{"x":0.5,"y":0.5},"meshType":0}],[0],0,[0],[0],[0]]]]
