[1,["0cd0543d-11e2-476c-89da-2497195031de@6c48a"],0,[["sp.SkeletonData",["_name","_atlasText","textureNames","_skeletonJson","textures"],-1,3]],[[0,0,1,2,3,4,5]],[[0,"thor_icon_9","\r\nthor_icon_9.png\r\nsize: 2048,512\r\nformat: RGBA8888\r\nfilter: Linear,Linear\r\nrepeat: none\r\nbg_1\r\n  rotate: false\r\n  xy: 1486, 2\r\n  size: 132, 133\r\n  orig: 132, 133\r\n  offset: 0, 0\r\n  index: -1\r\nbg_2\r\n  rotate: false\r\n  xy: 1620, 5\r\n  size: 130, 130\r\n  orig: 130, 130\r\n  offset: 0, 0\r\n  index: -1\r\nbg_3\r\n  rotate: false\r\n  xy: 1486, 137\r\n  size: 134, 140\r\n  orig: 134, 140\r\n  offset: 0, 0\r\n  index: -1\r\nhg_1\r\n  rotate: false\r\n  xy: 2, 29\r\n  size: 136, 36\r\n  orig: 136, 36\r\n  offset: 0, 0\r\n  index: -1\r\nhg_12\r\n  rotate: true\r\n  xy: 1784, 188\r\n  size: 146, 92\r\n  orig: 146, 92\r\n  offset: 0, 0\r\n  index: -1\r\nlizi/lizi_00062\r\n  rotate: false\r\n  xy: 2, 279\r\n  size: 210, 210\r\n  orig: 210, 210\r\n  offset: 0, 0\r\n  index: -1\r\nlizi/lizi_00063\r\n  rotate: false\r\n  xy: 2, 67\r\n  size: 210, 210\r\n  orig: 210, 210\r\n  offset: 0, 0\r\n  index: -1\r\nlizi/lizi_00064\r\n  rotate: false\r\n  xy: 214, 279\r\n  size: 210, 210\r\n  orig: 210, 210\r\n  offset: 0, 0\r\n  index: -1\r\nlizi/lizi_00065\r\n  rotate: false\r\n  xy: 214, 67\r\n  size: 210, 210\r\n  orig: 210, 210\r\n  offset: 0, 0\r\n  index: -1\r\nlizi/lizi_00066\r\n  rotate: false\r\n  xy: 426, 279\r\n  size: 210, 210\r\n  orig: 210, 210\r\n  offset: 0, 0\r\n  index: -1\r\nlizi/lizi_00067\r\n  rotate: false\r\n  xy: 426, 67\r\n  size: 210, 210\r\n  orig: 210, 210\r\n  offset: 0, 0\r\n  index: -1\r\nlizi/lizi_00068\r\n  rotate: false\r\n  xy: 638, 279\r\n  size: 210, 210\r\n  orig: 210, 210\r\n  offset: 0, 0\r\n  index: -1\r\nlizi/lizi_00069\r\n  rotate: false\r\n  xy: 638, 67\r\n  size: 210, 210\r\n  orig: 210, 210\r\n  offset: 0, 0\r\n  index: -1\r\nlizi/lizi_00070\r\n  rotate: false\r\n  xy: 850, 279\r\n  size: 210, 210\r\n  orig: 210, 210\r\n  offset: 0, 0\r\n  index: -1\r\nlizi/lizi_00071\r\n  rotate: false\r\n  xy: 850, 67\r\n  size: 210, 210\r\n  orig: 210, 210\r\n  offset: 0, 0\r\n  index: -1\r\nlizi/lizi_00072\r\n  rotate: false\r\n  xy: 1062, 279\r\n  size: 210, 210\r\n  orig: 210, 210\r\n  offset: 0, 0\r\n  index: -1\r\nlizi/lizi_00073\r\n  rotate: false\r\n  xy: 1062, 67\r\n  size: 210, 210\r\n  orig: 210, 210\r\n  offset: 0, 0\r\n  index: -1\r\nlizi/lizi_00074\r\n  rotate: false\r\n  xy: 1274, 279\r\n  size: 210, 210\r\n  orig: 210, 210\r\n  offset: 0, 0\r\n  index: -1\r\nlizi/lizi_00075\r\n  rotate: false\r\n  xy: 1274, 67\r\n  size: 210, 210\r\n  orig: 210, 210\r\n  offset: 0, 0\r\n  index: -1\r\nlizi/lizi_00076\r\n  rotate: false\r\n  xy: 1486, 279\r\n  size: 210, 210\r\n  orig: 210, 210\r\n  offset: 0, 0\r\n  index: -1\r\ntx_1\r\n  rotate: true\r\n  xy: 1790, 336\r\n  size: 153, 85\r\n  orig: 153, 85\r\n  offset: 0, 0\r\n  index: -1\r\ntx_2\r\n  rotate: true\r\n  xy: 1877, 338\r\n  size: 151, 85\r\n  orig: 151, 85\r\n  offset: 0, 0\r\n  index: -1\r\ntx_3\r\n  rotate: true\r\n  xy: 1752, 20\r\n  size: 158, 97\r\n  orig: 158, 97\r\n  offset: 0, 0\r\n  index: -1\r\ntx_4\r\n  rotate: false\r\n  xy: 1622, 180\r\n  size: 160, 97\r\n  orig: 160, 97\r\n  offset: 0, 0\r\n  index: -1\r\ntx_5\r\n  rotate: true\r\n  xy: 1698, 336\r\n  size: 153, 90\r\n  orig: 153, 90\r\n  offset: 0, 0\r\n  index: -1\r\n",["thor_icon_9.png"],{"skeleton":{"hash":"DfSM6gWG7YD00viLkfTEjhDi1vI","spine":"3.8.99","x":-132.83,"y":-153.59,"width":264.21,"height":264.21,"images":"E:/新版UI/奥林匹斯/动画源文件/huangguan","audio":"E:\\新版UI\\奥林匹斯\\动画\\图标\\huangguan"},"bones":[{"name":"root","scaleX":0.6,"scaleY":0.6},{"name":"bone","parent":"root","scaleX":0.7,"scaleY":0.7},{"name":"bone2","parent":"root","x":-4.48,"y":-11.69,"color":"ff3fcfff"},{"name":"bone3","parent":"root","x":-4.48,"y":-11.69,"color":"b93d9ad0"},{"name":"hg_1","parent":"bone","x":2.86,"y":-46.85,"color":"1ddf49ff"},{"name":"hg_2","parent":"hg_1","length":62.72,"rotation":-0.57,"x":-34.7,"y":-3.11,"color":"1ddf49ff"},{"name":"hg_3","parent":"hg_1","length":49.04,"rotation":16.83,"x":35.55,"y":-1.45,"color":"1ddf49ff"},{"name":"hg_4","parent":"hg_1","length":18.78,"rotation":135,"x":94.4,"y":15.26,"color":"1ddf49ff"},{"name":"hg_5","parent":"hg_1","length":47.08,"rotation":162.45,"x":-45.52,"y":-1.22,"color":"1ddf49ff"},{"name":"hg_6","parent":"hg_1","length":25.28,"rotation":47.2,"x":-102.08,"y":12.97,"color":"1ddf49ff"},{"name":"hg_12","parent":"bone","x":1.82,"y":10.21,"color":"ffef4aff"},{"name":"hg_13","parent":"hg_12","length":33.89,"rotation":80.42,"x":94.84,"y":-43.36,"color":"ffef4aff"},{"name":"hg_14","parent":"hg_12","length":54.85,"rotation":166.98,"x":88.68,"y":-20.27,"color":"ffef4aff"},{"name":"hg_15","parent":"hg_12","length":56.84,"rotation":16.3,"x":-90.14,"y":-22.91,"color":"ffef4aff"},{"name":"hg_16","parent":"hg_12","length":51,"rotation":89.27,"x":-0.64,"y":14.15,"color":"ffef4aff"},{"name":"hg_17","parent":"hg_12","length":61.63,"rotation":1.72,"x":-28.91,"y":-5.79,"color":"ffef4aff"},{"name":"hg_18","parent":"hg_12","length":34.22,"rotation":98.83,"x":-96.57,"y":-42.16,"color":"ffef4aff"},{"name":"lizi","parent":"root","color":"ff2c2cff"},{"name":"lizi2","parent":"root","rotation":107.83,"x":-0.72,"y":-21.48,"color":"ff2c2cff"},{"name":"tx_5","parent":"hg_13","rotation":-80.42,"x":36.71,"y":100.94}],"slots":[{"name":"bg_1","bone":"root","attachment":"bg_1"},{"name":"bg_2","bone":"root","attachment":"bg_2"},{"name":"bg_3","bone":"bone2","attachment":"bg_3"},{"name":"bg_4","bone":"bone3","attachment":"bg_3"},{"name":"lizi","bone":"lizi","color":"fa9292df","attachment":"lizi/lizi_00076"},{"name":"lizi2","bone":"lizi2","color":"fc9292df","attachment":"lizi/lizi_00076"},{"name":"hg_1","bone":"hg_1","attachment":"hg_1"},{"name":"hg_12","bone":"hg_12","attachment":"hg_12"},{"name":"tx_1","bone":"tx_5","blend":"additive"},{"name":"tx_2","bone":"tx_5","blend":"additive"},{"name":"tx_3","bone":"tx_5","blend":"additive"},{"name":"tx_4","bone":"tx_5","blend":"additive"},{"name":"tx_5","bone":"tx_5","attachment":"tx_5","blend":"additive"}],"skins":[{"name":"default","attachments":{"bg_1":{"bg_1":{"x":0.73,"y":-3.07,"width":132,"height":133}},"bg_2":{"bg_2":{"x":-0.27,"y":-1.07,"width":130,"height":130}},"bg_3":{"bg_3":{"x":3.21,"y":13.62,"width":134,"height":140}},"bg_4":{"bg_3":{"x":3.21,"y":13.62,"width":134,"height":140}},"hg_1":{"hg_1":{"type":"mesh","hull":63,"width":136,"height":36,"uvs":[0.04346,0.00962,0.01301,0.15076,0,0.45024,0,0.57072,0.01947,0.64645,0.04715,0.74628,0.08313,0.81512,0.12742,0.87364,0.18463,0.91839,0.228,0.94937,0.28797,0.98035,0.34518,0.99412,0.4236,1,0.48635,1,0.51679,1,0.55001,1,0.59061,1,0.63418,0.99159,0.67457,0.9838,0.70134,0.97524,0.73916,0.96314,0.80652,0.92528,0.84988,0.88397,0.9117,0.82545,0.95414,0.75316,0.98367,0.67055,1,0.58105,1,0.3986,1,0.18174,0.99105,0.07503,0.97352,0.03372,0.94492,0.02684,0.92646,0.0647,0.92093,0.14043,0.92277,0.2437,0.90524,0.27468,0.87572,0.32632,0.83327,0.38139,0.81797,0.39347,0.78529,0.41926,0.77037,0.43081,0.73639,0.45712,0.72119,0.46195,0.69303,0.47089,0.66852,0.48559,0.64136,0.50187,0.6174,0.50755,0.58323,0.51564,0.54171,0.51909,0.49188,0.51909,0.45867,0.5122,0.40146,0.50876,0.34241,0.49499,0.28705,0.46057,0.24184,0.4468,0.20124,0.40893,0.15695,0.36762,0.11912,0.31943,0.07944,0.26436,0.07483,0.20239,0.08313,0.11289,0.07668,0.04749,0.07298,0,0.97286,0.34417,0.95002,0.50068,0.91369,0.53299,0.87058,0.59265,0.83176,0.60542,0.78769,0.66774,0.72995,0.70628,0.68464,0.72611,0.62596,0.75458,0.54575,0.75304,0.4891,0.76078,0.44206,0.74318,0.3739,0.74642,0.31709,0.7207,0.21338,0.68138,0.16172,0.65772,0.11591,0.6164,0.06644,0.4923,0.03638,0.36511,0.03958,0.18916],"triangles":[32,31,30,30,33,32,33,30,34,63,30,28,30,63,34,30,29,28,35,34,63,63,28,27,27,64,63,64,27,26,64,36,35,35,63,64,37,36,65,38,37,66,36,64,65,38,67,39,25,65,64,40,39,67,66,37,65,40,68,41,67,38,66,41,68,42,40,67,68,66,65,24,64,26,25,42,69,43,43,69,44,45,44,70,69,42,68,69,70,44,25,24,65,67,22,68,67,23,22,24,23,66,69,68,21,67,66,23,70,69,20,68,22,21,21,20,69,19,71,70,20,19,70,76,77,52,76,52,51,51,75,76,50,74,51,46,45,70,49,74,50,74,75,51,72,48,47,71,47,46,71,72,47,46,70,71,49,72,73,49,48,72,49,73,74,75,10,76,12,11,75,11,10,75,18,71,19,17,71,18,12,75,74,73,12,74,73,14,13,71,16,72,13,12,73,14,73,72,72,15,14,72,16,15,71,17,16,10,9,76,57,56,80,57,80,81,79,80,56,79,55,78,56,55,79,4,3,80,79,4,80,54,78,55,54,53,77,54,77,78,77,53,52,5,4,79,6,5,79,78,6,79,78,77,7,78,7,6,77,76,8,77,8,7,9,8,76,81,58,57,2,81,80,0,62,61,82,1,0,0,60,82,61,60,0,59,82,60,81,1,82,58,81,82,58,82,59,2,1,81,3,2,80],"vertices":[1,9,24.77,6.07,1,1,9,15.37,5.42,1,2,9,2.23,-3.31,0.64256,8,54.27,2.91,0.35744,2,9,-2.36,-7.57,0.57469,8,52.38,8.89,0.42531,2,9,-2.69,-13.01,0.43625,8,47.59,11.5,0.56375,2,9,-2.85,-20.48,0.18276,8,40.9,14.83,0.81724,2,9,-0.73,-28.03,0.09393,8,33.17,16.14,0.90607,2,9,2.87,-36.41,0.02405,8,24.06,16.45,0.97595,1,8,12.77,15.32,1,2,8,4.27,14.32,0.96428,5,-19.1,-10.67,0.03572,2,8,-7.31,12.35,0.50784,5,-7.45,-12.16,0.49216,2,8,-18.11,9.68,0.0412,5,3.66,-12.77,0.9588,1,5,18.87,-12.92,1,1,5,31.04,-12.8,1,1,5,36.95,-12.74,1,1,5,43.39,-12.68,1,1,5,51.27,-12.6,1,2,5,59.72,-12.08,0.95522,6,-14.35,-10.64,0.04478,2,5,67.55,-11.6,0.61091,6,-6.73,-12.52,0.38909,2,5,72.74,-11.1,0.29972,6,-1.63,-13.59,0.70028,2,5,80.07,-10.4,0.05427,6,5.58,-15.12,0.94573,1,6,18.65,-17.01,1,1,6,27.33,-17.39,1,2,6,39.69,-17.95,0.9976,7,-4.77,26.92,0.0024,2,6,48.66,-16.74,0.91734,7,-7.93,18.44,0.08266,2,6,55.38,-14.28,0.713,7,-8.95,11.36,0.287,2,6,59.76,-10.75,0.49099,7,-7.9,5.83,0.50901,2,6,62.51,-1.67,0.00208,7,-1.19,-0.88,0.99792,2,6,65.78,9.13,0.00004,7,6.79,-8.86,0.99996,2,6,65.72,14.94,0.00002,7,11.94,-11.55,0.99998,2,6,63.09,17.98,0.00001,7,15.86,-10.67,0.99999,2,6,57.88,19.93,0.00002,7,20.04,-7,0.99998,2,6,53.88,19.08,0.00003,7,21.18,-3.07,0.99997,2,6,51.71,15.63,0.00141,7,19.15,0.47,0.99859,2,6,50.5,10.38,0.26233,7,15.1,4.02,0.73767,2,6,46.78,9.82,0.67163,7,16.37,7.56,0.32837,2,6,40.52,8.91,0.95557,7,18.52,13.51,0.04443,1,6,31.81,8.55,1,1,6,28.79,8.81,1,1,6,22.33,9.36,1,1,6,19.39,9.63,1,2,5,79.27,15.91,0.00004,6,12.68,10.23,0.99996,2,5,76.32,15.62,0.00879,6,9.78,10.84,0.99121,2,5,70.87,15.11,0.09895,6,4.42,11.98,0.90105,2,5,66.12,14.29,0.31441,6,-0.35,12.62,0.68559,2,5,60.86,13.4,0.64404,6,-5.64,13.34,0.35596,2,5,56.22,13.05,0.85529,6,-10.17,14.4,0.14471,2,5,49.59,12.57,0.9806,6,-16.64,15.92,0.0194,1,5,41.54,12.31,1,1,5,31.87,12.21,1,1,5,25.42,12.51,1,2,8,-20.91,-17.67,0.00158,5,14.32,12.58,0.99842,2,8,-9.77,-14.9,0.1769,5,2.86,13.18,0.8231,2,8,1.01,-13.37,0.747,5,-7.9,14.86,0.253,2,8,9.59,-11.41,0.98076,5,-16.67,15.49,0.01924,1,8,17.69,-10.91,1,2,9,26.07,-22.73,0.00189,8,26.53,-10.36,0.99811,2,9,22.92,-15.64,0.05924,8,34.28,-10.54,0.94076,2,9,19.8,-8.05,0.58097,8,42.49,-10.95,0.41903,2,9,21.55,-5.2,0.92445,8,44.31,-13.75,0.07555,1,9,26.06,-3.23,1,1,9,27.71,0,1,1,9,29.03,2.21,1,2,6,58.29,2.57,0.03717,7,4.54,0.84,0.96283,2,6,51.69,-3.94,0.80199,7,1.92,9.73,0.19801,1,6,44.46,-3.51,1,1,6,35.56,-4.06,1,1,6,28.16,-2.51,1,1,6,19.04,-3.14,1,1,6,7.73,-1.81,1,2,5,69.37,1.82,0.08317,6,-0.98,-0.26,0.91683,2,5,58,0.23,0.99889,6,-12.3,1.62,0.00111,1,5,42.44,0.15,1,1,5,31.46,-0.36,1,1,5,22.32,0.47,1,2,8,-19.54,-4.28,0.00001,5,9.1,0.17,0.99999,2,8,-8.63,-2.23,0.1451,5,-1.93,1.39,0.8549,1,8,11.17,1.89,1,1,8,21.1,3.74,1,2,9,11.17,-25.68,0.07633,8,30.22,4.37,0.92367,2,9,9.38,-14.25,0.36617,8,41.32,1.11,0.63383,2,9,10.28,-5.48,0.88543,8,48.87,-3.44,0.11457,1,9,17.41,0.28,1],"edges":[0,2,2,4,4,6,6,8,8,10,10,12,12,14,14,16,16,18,18,20,20,22,22,24,40,42,42,44,44,46,46,48,48,50,50,52,56,58,58,60,60,62,62,64,64,66,66,68,68,70,70,72,72,74,94,96,96,98,98,100,100,102,102,104,104,106,106,108,108,110,110,112,112,114,114,116,116,118,118,120,120,122,122,124,0,124,24,26,26,28,28,30,30,32,90,92,92,94,32,34,34,36,86,88,88,90,36,38,38,40,82,84,84,86,78,80,80,82,74,76,76,78,52,54,54,56,54,126,126,68,60,126,50,128,128,70,126,128,48,130,130,72,128,130,46,132,132,74,130,132,44,134,134,76,132,134,42,136,136,80,134,136,40,138,138,84,136,138,38,140,140,88,138,140,34,142,142,92,140,142,30,144,144,96,142,144,26,146,146,98,144,146,24,148,148,100,22,150,150,102,148,150,20,152,152,104,150,152,16,154,154,108,152,154,14,156,156,110,154,156,12,158,158,112,156,158,8,160,160,114,158,160,4,162,162,116,160,162,162,164,164,0]}},"hg_12":{"hg_12":{"type":"mesh","hull":198,"width":146,"height":92,"uvs":[0,0.73804,0.00979,0.80931,0.01718,0.86313,0.02456,0.93731,0.02641,0.97949,0.0301,1,0.05133,0.9984,0.06426,0.96785,0.09841,0.92276,0.11133,0.89804,0.12795,0.88495,0.14456,0.89658,0.16672,0.90385,0.19256,0.89804,0.21287,0.89513,0.22764,0.88495,0.24149,0.87186,0.26456,0.88058,0.28579,0.88204,0.30518,0.87622,0.3141,0.86567,0.3263,0.85238,0.33707,0.83438,0.36081,0.84213,0.37724,0.84416,0.40494,0.84416,0.43715,0.84163,0.45583,0.83858,0.46679,0.86853,0.47967,0.9071,0.50802,0.99999,0.55762,0.83756,0.59752,0.84416,0.62361,0.84467,0.64938,0.84112,0.66419,0.8335,0.68062,0.85381,0.69512,0.86751,0.71187,0.87614,0.73892,0.87411,0.75439,0.87056,0.77212,0.88223,0.79241,0.89289,0.8243,0.89797,0.8578,0.89441,0.88453,0.88731,0.91932,0.93908,0.95572,1,0.96667,1,0.97859,0.99034,0.98052,0.92487,0.9802,0.89847,0.98729,0.85127,0.99147,0.80813,0.99953,0.76803,1,0.7396,1,0.71118,0.99888,0.68834,0.98986,0.6726,0.9802,0.6655,0.96989,0.64926,0.95797,0.63657,0.94219,0.62388,0.9351,0.61373,0.93663,0.58248,0.93727,0.56167,0.93663,0.53933,0.93148,0.52055,0.92181,0.52766,0.91634,0.53882,0.90861,0.53527,0.90506,0.54847,0.89604,0.56979,0.89476,0.58755,0.88413,0.58298,0.87478,0.57791,0.8561,0.57232,0.85836,0.53172,0.86029,0.50228,0.8619,0.47335,0.85965,0.44239,0.85449,0.41193,0.84483,0.40686,0.83311,0.41396,0.82699,0.42513,0.82506,0.43782,0.82055,0.47233,0.81572,0.49111,0.81347,0.51852,0.80509,0.55253,0.80187,0.56674,0.76934,0.56623,0.76998,0.55202,0.77159,0.50817,0.77095,0.47213,0.76998,0.44422,0.76773,0.40767,0.76193,0.37113,0.75806,0.34676,0.7484,0.33966,0.73906,0.35133,0.73068,0.36098,0.72972,0.38382,0.72649,0.41935,0.72231,0.44828,0.71844,0.47366,0.71651,0.48939,0.71232,0.50969,0.70846,0.52746,0.70491,0.53507,0.69364,0.50868,0.68977,0.49091,0.68559,0.47975,0.6843,0.43407,0.68301,0.41782,0.67791,0.4163,0.66148,0.43102,0.65375,0.44574,0.6428,0.45894,0.63184,0.48381,0.62283,0.46198,0.61445,0.43457,0.59577,0.3828,0.57612,0.31885,0.55873,0.262,0.54487,0.21429,0.53102,0.16099,0.52458,0.12394,0.51878,0.08333,0.51073,0.03461,0.50525,0.02496,0.49752,0.06455,0.48818,0.11937,0.47865,0.16151,0.46545,0.21937,0.45611,0.25998,0.44129,0.30718,0.43567,0.32404,0.42565,0.35411,0.40825,0.40081,0.39183,0.44496,0.38023,0.47897,0.35801,0.44243,0.34448,0.4206,0.3303,0.41553,0.32225,0.44192,0.32483,0.49014,0.32515,0.51907,0.31323,0.53531,0.29841,0.54902,0.2939,0.53074,0.28746,0.50029,0.28424,0.4739,0.27941,0.43228,0.27426,0.39116,0.27265,0.36325,0.2633,0.33787,0.25332,0.33888,0.24333,0.3536,0.2356,0.3937,0.23206,0.4475,0.23303,0.50943,0.23528,0.55206,0.23496,0.56475,0.21628,0.56577,0.20599,0.56714,0.19727,0.5683,0.19115,0.53024,0.18374,0.48252,0.17762,0.44598,0.17343,0.41654,0.15701,0.40233,0.14863,0.40436,0.14316,0.42923,0.14026,0.45968,0.14316,0.52719,0.1438,0.56069,0.14477,0.57135,0.13124,0.57998,0.11868,0.58353,0.11159,0.59165,0.10708,0.57237,0.1016,0.55206,0.09709,0.5348,0.08936,0.53734,0.08228,0.53074,0.07326,0.5277,0.06746,0.53277,0.0652,0.54952,0.06682,0.57693,0.07004,0.61652,0.06198,0.62668,0.0491,0.63784,0.03686,0.65459,0.02397,0.67337,0.01753,0.68606,0.01753,0.69621,0.0011,0.71093,0.04835,0.90704,0.18798,0.60028,0.1462,0.70789,0.29602,0.77213,0.35514,0.74804,0.4112,0.71913,0.43668,0.75928,0.44381,0.78337,0.57223,0.75607,0.58446,0.7384,0.61606,0.71431,0.66193,0.75125,0.73123,0.82031,0.74958,0.81389,0.74245,0.77213,0.71696,0.69665,0.71289,0.63722,0.70983,0.60028,0.50356,0.51076,0.93617,0.87501,0.95867,0.89805,0.80117,0.6481,0.70353,0.79271,0.86799,0.71852,0.68288,0.61509,0.14808,0.76803,0.06053,0.93476,0.11954,0.82239,0.15186,0.8385,0.19909,0.82758,0.24003,0.84842,0.29293,0.84941,0.33198,0.80872,0.3641,0.81865,0.16382,0.74025,0.18486,0.69681,0.20413,0.64299,0.22239,0.79384,0.24696,0.79979,0.26711,0.77796,0.08699,0.68864,0.14997,0.66085,0.15948,0.70408,0.23373,0.61024,0.317,0.62542,0.3641,0.54871,0.35517,0.64632,0.41322,0.64696,0.42771,0.57551,0.43779,0.57947,0.46172,0.53482,0.50833,0.16535,0.4655,0.32711,0.50581,0.44223,0.54737,0.33505,0.48817,0.50475,0.50725,0.501,0.54296,0.51369,0.56753,0.55537,0.57508,0.58415,0.59902,0.52956,0.60846,0.5117,0.57446,0.61094,0.57383,0.70026,0.54045,0.80645,0.50266,0.8263,0.47684,0.81737,0.45164,0.77072,0.43968,0.72011,0.35654,0.67148,0.40126,0.64667,0.38488,0.56926,0.43212,0.64072,0.5032,0.63721,0.57424,0.64077,0.59942,0.64525,0.60819,0.61992,0.64546,0.54507,0.66446,0.66943,0.63011,0.64986,0.62558,0.72198,0.58481,0.76962,0.6155,0.78574,0.64984,0.77192,0.77669,0.79032,0.78785,0.73737,0.82293,0.69246,0.69328,0.70451,0.71112,0.74198,0.76228,0.70513,0.80837,0.66277,0.78274,0.83986,0.79808,0.82489,0.8507,0.77192,0.87847,0.82374,0.84924,0.84216,0.90624,0.88592,0.96031,0.96998,0.8982,0.63604,0.92816,0.62913,0.97785,0.6844,0.91574,0.68786,0.94862,0.68786,0.97347,0.70168,0.88282,0.75255,0.91363,0.72701,0.94579,0.73162,0.9721,0.74428,0.95967,0.80992,0.95602,0.85598,0.94287,0.80416,0.92033,0.83865,0.93263,0.76731,0.90484,0.8031,0.48043,0.44714,0.53842,0.45278,0.58633,0.44935,0.43827,0.4461,0.39915,0.51744,0.45169,0.3681,0.55648,0.37079,0.26267,0.63433,0.31199,0.66045,0.22512,0.6627,0.27862,0.69999,0.3053,0.70723,0.21226,0.73322,0.19856,0.65856,0.22718,0.69026,0.26885,0.73565,0.29965,0.74674,0.3026,0.72614,0.11132,0.73382,0.13161,0.75341,0.0983,0.8059,0.06455,0.7686,0.04292,0.78468,0.06823,0.82255,0.0788,0.83791,0.04467,0.83535,0.02598,0.74317,0.0593,0.73037,0.84262,0.66027,0.84382,0.73419,0.76709,0.60464],"triangles":[131,130,129,131,129,128,132,131,128,132,128,127,249,132,127,249,127,126,133,132,249,134,133,249,249,126,125,249,135,134,250,249,252,135,249,250,124,252,125,249,125,252,136,135,250,137,136,250,123,252,124,317,137,250,138,137,317,318,252,123,318,123,122,139,138,317,252,251,250,250,251,317,318,251,252,315,139,317,315,140,139,315,317,312,251,312,317,314,318,122,314,122,121,318,254,251,314,313,318,314,121,120,313,254,318,312,251,254,216,253,312,254,216,312,259,314,120,255,313,314,255,314,259,254,313,255,315,141,140,316,141,315,253,248,315,253,315,312,316,315,248,248,253,216,216,254,255,248,216,271,256,216,255,298,60,59,298,59,58,298,58,57,301,300,298,298,57,56,301,298,56,301,56,55,305,304,301,55,305,301,54,305,55,306,308,305,305,54,306,53,306,54,52,306,53,306,309,308,307,306,52,307,309,306,217,309,307,294,309,217,51,218,307,217,307,218,52,51,307,294,295,46,218,294,217,45,294,46,295,294,218,50,218,51,50,295,218,49,295,50,47,46,295,48,47,295,49,48,295,113,112,116,110,112,111,110,109,222,298,300,297,100,99,98,100,98,97,101,100,97,103,102,96,93,107,106,93,108,107,83,82,81,84,83,81,80,84,81,85,84,80,79,86,80,86,85,80,78,86,79,78,87,86,78,88,87,77,88,78,68,67,66,69,68,66,71,70,69,89,88,77,91,109,92,76,89,77,90,89,76,65,69,66,69,296,71,72,71,73,64,296,69,71,296,73,215,109,91,342,215,91,342,91,90,64,69,65,64,63,296,297,63,62,297,296,63,214,215,342,219,342,90,340,219,90,76,340,90,340,76,75,296,340,75,74,296,75,296,74,73,288,219,340,285,276,222,297,62,61,299,296,297,300,299,297,221,340,296,284,288,340,219,213,214,219,214,342,287,213,219,214,285,222,213,285,214,288,287,219,287,288,284,299,221,296,284,340,221,285,278,276,303,221,299,300,303,299,304,303,300,341,284,221,283,287,284,283,284,341,286,285,213,286,213,287,209,278,285,220,209,285,302,221,303,341,221,302,310,303,304,310,304,305,302,303,310,281,278,209,291,341,302,212,286,287,212,287,283,281,280,278,282,212,283,282,283,341,286,220,285,220,286,212,281,209,220,311,302,310,291,302,311,308,310,305,311,310,308,211,212,282,210,220,212,211,210,212,292,291,311,291,290,282,291,282,341,293,290,291,211,282,290,35,281,220,36,35,220,280,281,35,309,311,308,292,311,309,289,211,290,34,280,35,292,293,291,34,33,280,210,36,220,37,36,210,40,211,289,210,211,40,210,38,37,40,39,210,39,38,210,41,40,289,294,292,309,45,293,292,294,45,292,289,43,42,293,289,290,289,293,43,41,289,42,45,44,293,44,43,293,92,108,93,92,109,108,222,215,214,106,94,93,104,95,94,103,96,95,104,103,95,105,104,94,94,106,105,102,97,96,113,115,114,102,101,97,297,61,60,60,298,297,304,300,301,215,222,109,113,116,115,145,144,143,145,143,142,146,145,142,146,142,141,259,120,119,147,146,141,243,147,141,258,255,259,275,119,118,222,275,118,259,119,275,258,259,275,222,117,116,116,112,222,117,222,118,316,243,141,256,255,258,269,243,316,246,269,316,248,246,316,247,246,248,257,256,258,257,271,256,257,258,275,110,222,112,274,257,275,274,260,257,277,274,275,216,256,271,247,248,271,270,246,247,270,247,271,257,260,271,272,260,274,272,271,260,273,272,274,269,244,243,245,268,269,246,245,269,244,269,268,270,245,246,275,276,277,273,274,277,275,222,276,267,244,268,261,271,272,261,272,273,208,273,277,208,277,276,278,208,276,261,273,208,203,268,245,267,268,203,266,270,271,271,265,266,245,270,266,203,245,266,207,261,208,202,267,203,262,263,271,206,261,207,204,203,266,265,204,266,278,279,207,278,207,208,206,207,279,265,271,263,280,279,278,205,204,265,206,271,261,31,262,206,263,264,265,205,265,264,204,231,202,204,202,203,231,204,205,271,206,262,279,31,206,32,31,279,27,205,264,205,25,231,280,32,279,27,26,205,24,23,231,231,25,24,205,26,25,280,33,32,263,28,27,263,27,264,29,28,263,29,263,30,31,263,262,263,31,30,196,195,194,238,196,194,339,196,238,338,196,339,197,196,338,0,197,338,338,339,333,334,338,333,1,0,338,1,338,334,337,1,334,335,337,334,2,1,337,336,198,337,224,198,336,2,337,198,8,224,9,3,2,198,3,198,224,7,224,8,7,4,3,7,3,224,6,4,7,5,4,6,238,194,193,192,191,238,157,156,155,158,157,155,159,158,155,159,155,154,159,154,153,160,159,153,152,161,160,152,160,153,161,152,151,173,170,174,175,174,168,173,172,171,173,171,170,169,174,170,168,174,169,242,148,147,184,183,182,150,162,161,150,161,151,162,150,149,167,176,175,167,175,168,166,176,167,177,176,166,188,182,189,187,186,185,188,187,185,185,184,188,199,177,166,241,164,163,165,164,241,190,189,180,184,182,188,181,189,182,180,189,181,148,242,149,244,242,243,147,243,242,149,163,162,319,149,242,149,241,163,319,241,149,199,165,241,165,199,166,234,199,241,234,239,199,320,319,242,320,242,244,177,239,178,325,239,234,199,239,177,180,179,178,239,180,178,180,238,190,321,234,241,321,241,319,325,234,321,320,244,267,180,200,238,191,190,238,322,326,321,325,321,326,233,239,325,233,325,326,322,319,320,322,321,319,240,239,233,180,239,200,323,322,320,323,320,267,240,200,239,329,322,323,324,233,326,330,238,200,339,238,330,327,326,322,327,322,329,324,326,327,232,240,233,232,233,324,200,240,232,331,330,200,328,327,329,202,323,267,329,323,202,328,329,202,200,223,331,232,223,200,333,339,330,201,327,328,201,328,202,237,324,327,237,327,201,235,324,237,232,324,235,236,235,237,331,332,333,331,333,330,332,331,223,230,201,202,230,202,231,225,332,223,335,333,332,334,333,335,235,223,232,227,223,235,226,225,223,22,230,231,336,335,332,336,332,225,227,226,223,23,22,231,228,235,236,227,235,228,229,237,201,229,201,230,229,230,22,236,237,229,228,236,229,21,229,22,20,229,21,17,16,228,19,229,20,229,17,228,18,17,229,19,18,229,10,225,226,224,336,225,15,227,228,15,228,16,14,227,15,13,226,227,11,10,226,11,226,12,224,225,9,227,14,13,13,12,226,336,337,335,9,225,10,193,192,238],"vertices":[2,13,-12.33,11.11,0.07298,16,27.45,4.35,0.92702,1,16,17.84,3.78,1,1,16,10.59,3.36,1,1,16,0.68,3.34,1,1,16,-4.88,3.82,1,1,16,-7.68,3.47,1,2,13,-11.72,-24.87,0.00055,16,-8.15,-0.92,0.99945,2,13,-8.01,-21.76,0.03227,16,-4.57,-4.2,0.96773,2,13,0.48,-18.04,0.39902,16,0.22,-12.13,0.60098,2,13,3.97,-15.66,0.65785,16,3.03,-15.29,0.34215,2,13,7.77,-14.97,0.87548,16,4.21,-18.97,0.12452,2,13,10.66,-17.42,0.96278,16,2.16,-22.15,0.03722,2,13,14.81,-19.63,0.99189,16,0.5,-26.55,0.00811,2,13,20.19,-20.4,0.99976,16,0.44,-31.98,0.00024,1,13,24.35,-21.22,1,2,13,27.68,-20.79,0.99979,15,-29.7,-28.42,0.00021,2,13,30.93,-19.94,0.9972,15,-26.77,-26.78,0.0028,2,13,35.21,-22.39,0.98431,15,-22.01,-28.08,0.01569,2,13,39.4,-23.82,0.96318,15,-17.6,-28.4,0.03682,2,13,43.48,-24.21,0.93365,15,-13.55,-27.76,0.06635,2,13,45.65,-23.4,0.9086,15,-11.65,-26.42,0.0914,2,13,48.58,-22.42,0.85171,15,-9.06,-24.74,0.14829,2,13,51.4,-20.77,0.73727,15,-6.75,-22.44,0.26273,2,13,55.85,-23.14,0.50984,15,-1.85,-23.61,0.49016,2,13,59.05,-24.36,0.39277,15,1.56,-23.98,0.60723,3,13,64.58,-25.97,0.22448,15,7.32,-24.15,0.77545,12,104.6,33.88,0.00008,3,13,71.11,-27.53,0.09159,15,14.03,-24.02,0.906,12,98.15,32.04,0.00241,3,13,74.95,-28.24,0.0373,15,17.92,-23.73,0.95456,12,94.45,30.77,0.00815,3,13,76.03,-32.67,0.00945,15,20.08,-27.75,0.97519,12,91.34,34.11,0.01536,3,13,77.17,-38.31,0.0013,15,22.61,-32.92,0.98097,12,87.59,38.47,0.01773,2,15,28.13,-45.35,0.98816,12,79.08,49.09,0.01184,2,15,39.09,-24.23,0.85087,12,73.86,25.87,0.14913,2,15,47.36,-25.35,0.59208,12,65.57,24.85,0.40792,2,15,52.78,-25.58,0.41707,12,60.27,23.7,0.58293,2,15,58.15,-25.28,0.24337,12,55.16,22.03,0.75663,2,15,61.26,-24.37,0.1313,12,52.38,20.36,0.8687,2,15,64.6,-27.15,0.03788,12,48.45,22.2,0.96212,2,15,67.56,-29.05,0.01244,12,45.1,23.29,0.98756,2,15,71.01,-30.29,0.0021,12,41.45,23.61,0.9979,1,12,36.03,22.08,1,1,12,33,20.9,1,1,12,29.06,21.57,1,2,12,24.63,21.99,0.99958,11,1.27,35.82,0.00042,2,12,18.02,21.15,0.98733,11,1.71,29.17,0.01267,2,12,11.33,19.12,0.92402,11,3.33,22.37,0.07598,2,12,6.13,16.96,0.73288,11,5.18,17.05,0.26712,2,12,-2.46,21.99,0.16598,11,-0.35,8.77,0.83402,1,11,-7.02,-0.03,1,1,11,-6.64,-2.28,1,1,11,-4.97,-4.51,1,1,11,3.62,-3.47,1,1,11,7.04,-2.82,1,1,11,13.43,-3.24,1,2,12,-13.19,1.76,0.09048,11,19.19,-3.15,0.90952,2,12,-13.63,-3.77,0.14527,11,24.69,-3.92,0.85473,2,12,-12.88,-7.45,0.18937,11,28.41,-3.39,0.81063,2,12,-12.04,-11.1,0.26497,11,32.11,-2.76,0.73503,2,12,-11.13,-13.99,0.29515,11,35.04,-2.03,0.70485,2,12,-8.84,-15.59,0.35731,11,36.78,0.16,0.64269,2,12,-6.67,-16.05,0.4543,11,37.37,2.3,0.5457,2,12,-4.1,-17.66,0.62667,11,39.12,4.77,0.37333,2,12,-1.3,-18.73,0.76358,11,40.36,7.49,0.23642,2,12,2.27,-19.62,0.89029,11,41.47,11.01,0.10971,2,12,4.01,-20.6,0.93191,11,42.54,12.69,0.06809,2,12,4.63,-24.69,0.93207,11,46.66,13.06,0.06793,2,12,5.12,-27.39,0.83264,11,49.39,13.39,0.16736,2,12,5.91,-30.24,0.73662,11,52.28,14.01,0.26338,2,12,7.52,-32.41,0.68762,11,54.54,15.48,0.31238,2,12,9.26,-31.04,0.67765,11,53.29,17.3,0.32235,2,12,10.04,-29.35,0.65614,11,51.64,18.18,0.34386,2,12,11.71,-29.44,0.63216,11,51.84,19.85,0.36784,2,12,12.04,-27.58,0.6154,11,50,20.28,0.3846,3,15,110.51,8.98,0.00003,12,13.23,-24.42,0.65485,11,46.91,21.66,0.34512,3,15,110.17,6.64,0.00019,12,12.97,-22.07,0.72866,11,44.55,21.54,0.27115,3,15,107.98,7.31,0.00082,12,15.26,-22.16,0.82097,11,44.78,23.82,0.1782,3,15,106.06,8.04,0.00162,12,17.3,-22.38,0.87634,11,45.12,25.85,0.12203,3,15,102.2,8.9,0.00485,12,21.25,-22.22,0.92895,11,45.2,29.8,0.06619,3,15,102.83,14.24,0.00174,12,22,-27.55,0.973,11,50.56,30.23,0.02526,1,12,22.49,-31.42,1,1,12,23.02,-35.22,1,1,12,24.4,-39.1,1,1,12,26.35,-42.77,1,1,12,28.46,-42.97,1,1,12,30.62,-41.51,1,1,12,31.53,-39.79,1,1,12,31.54,-38.06,1,1,12,31.43,-33.41,1,1,12,31.85,-30.77,1,1,12,31.49,-27.14,1,1,12,32.18,-22.38,1,1,12,32.41,-20.4,1,1,12,39.02,-18.94,1,1,12,39.31,-20.8,1,2,15,84.88,17.89,0.00586,12,40.29,-26.51,0.99414,1,12,41.49,-31.12,1,1,12,42.51,-34.66,1,2,15,84.48,31.17,0.00959,12,44.06,-39.26,0.99041,1,12,46.32,-43.68,1,2,15,82.71,39.27,0.08609,12,47.83,-46.64,0.91391,2,15,80.73,40.27,0.06105,12,50,-47.1,0.93895,2,15,78.74,38.78,0.00431,12,51.54,-45.16,0.99569,1,12,52.95,-43.53,1,1,12,52.47,-40.54,1,1,12,52.07,-35.82,1,1,12,52.05,-31.91,1,1,12,52.08,-28.46,1,1,12,52.01,-26.35,1,1,12,52.25,-23.54,1,3,15,71.68,15.74,0.0432,12,52.51,-21.07,0.95519,14,-1.51,-42.93,0.00161,3,15,70.91,14.76,0.13266,12,53,-19.93,0.86022,14,-2.52,-42.21,0.00713,3,15,68.67,18.31,0.34253,12,56.07,-22.79,0.61749,14,0.93,-39.82,0.03998,3,15,67.94,20.68,0.41351,12,57.38,-24.9,0.52706,14,3.27,-38.99,0.05943,3,15,67.11,22.18,0.42718,12,58.56,-26.14,0.50486,14,4.73,-38.1,0.06797,3,15,67.03,28.21,0.35362,12,60.18,-31.95,0.58408,14,10.75,-37.75,0.0623,3,15,66.82,30.36,0.37779,12,60.92,-33.98,0.55565,14,12.89,-37.46,0.06656,3,15,65.77,30.6,0.40559,12,62,-33.94,0.52288,14,13.08,-36.39,0.07153,3,15,62.3,28.76,0.51245,12,64.89,-31.28,0.39302,14,11.1,-33,0.09453,3,15,60.63,26.86,0.60722,12,66.02,-29.02,0.27033,14,9.13,-31.42,0.12245,3,15,58.3,25.19,0.6916,12,67.85,-26.81,0.14065,14,7.36,-29.16,0.16775,3,15,55.93,21.98,0.63785,12,69.33,-23.1,0.08445,14,4.05,-26.93,0.2777,3,15,54.14,24.91,0.47214,12,71.81,-25.48,0.06878,14,6.91,-25.01,0.45907,3,15,52.5,28.58,0.32936,12,74.32,-28.62,0.05297,14,10.5,-23.22,0.61767,2,15,48.83,35.53,0.13736,14,17.29,-19.25,0.86264,2,15,44.99,44.09,0.02405,14,25.67,-15.06,0.97595,2,15,41.6,51.7,0.00125,14,33.13,-11.34,0.99875,1,14,39.39,-8.38,1,1,14,46.39,-5.41,1,1,14,51.26,-4.01,1,1,14,56.61,-2.74,1,1,14,63.02,-0.98,1,1,14,64.28,0.18,1,1,14,59.03,1.72,1,1,14,51.77,3.57,1,1,14,46.18,5.48,1,1,14,38.51,8.13,1,1,14,33.13,10,1,2,15,17.01,46.47,0.0026,14,26.86,13,0.9974,3,13,89.99,38.13,0.00004,15,15.77,44.28,0.00778,14,24.62,14.14,0.99218,3,13,86.87,34.91,0.00083,15,13.57,40.38,0.02816,14,20.62,16.18,0.97101,3,13,81.67,30,0.00995,15,9.77,34.33,0.11315,14,14.41,19.72,0.87691,3,13,76.75,25.37,0.04335,15,6.18,28.6,0.26799,14,8.54,23.06,0.68866,3,13,73.18,21.74,0.12897,15,3.63,24.19,0.43652,14,4.02,25.41,0.43451,3,13,70.1,27.66,0.21951,15,-0.84,29.15,0.48974,14,8.78,30.1,0.29075,3,13,68.2,31.22,0.22869,15,-3.57,32.11,0.49538,14,11.63,32.95,0.27593,3,13,65.56,32.69,0.23053,15,-6.5,32.87,0.49614,14,12.26,35.91,0.27333,3,13,62.98,29.82,0.23668,15,-8.27,29.44,0.49376,14,8.76,37.54,0.26956,3,13,61.71,23.56,0.29185,15,-7.93,23.06,0.47039,14,2.4,36.92,0.23777,3,13,60.7,19.87,0.40969,15,-7.98,19.24,0.41531,14,-1.42,36.8,0.175,3,13,57.72,18.51,0.6065,15,-10.52,17.17,0.29262,14,-3.59,39.25,0.10089,3,13,54.25,17.64,0.84004,15,-13.66,15.46,0.12227,14,-5.44,42.31,0.03769,3,13,54.03,20.22,0.92797,15,-14.52,17.9,0.05465,14,-3.04,43.28,0.01738,3,13,53.87,24.45,0.98025,15,-15.74,21.96,0.01464,14,0.96,44.67,0.00511,3,13,54.2,27.98,0.99493,15,-16.3,25.46,0.00361,14,4.43,45.39,0.00146,3,13,54.78,33.54,0.99991,15,-17.14,30.98,0.00003,14,9.92,46.46,0.00006,1,13,55.28,39.05,1,1,13,55.99,42.68,1,1,13,55.06,46.44,1,1,13,53.03,46.89,1,1,13,50.49,45.61,1,1,13,47.46,40.98,1,1,13,44.76,34.37,1,4,13,42.66,26.47,0.99914,16,49.84,-48.17,0.00006,15,-27.09,21.09,0.00027,14,-0.39,55.98,0.00053,4,13,41.53,20.94,0.99583,16,44.2,-47.77,0.00147,15,-26.79,15.45,0.00145,14,-6.01,55.44,0.00125,4,13,41,19.35,0.99539,16,42.56,-47.45,0.00285,15,-26.91,13.78,0.00082,14,-7.69,55.48,0.00094,3,13,37.23,20.31,0.98956,16,43.02,-43.59,0.01038,14,-7.87,59.37,0.00006,2,13,35.13,20.74,0.98399,16,43.17,-41.44,0.01601,2,13,33.34,21.1,0.97747,16,43.3,-39.63,0.02253,2,13,33.53,26.28,0.9773,16,48.46,-39.14,0.0227,2,13,33.82,32.76,0.98923,16,54.92,-38.59,0.01077,2,13,33.95,37.74,0.99663,16,59.88,-38.07,0.00337,2,13,34.21,41.72,0.99936,16,63.85,-37.8,0.00065,1,13,31.45,44.48,1,1,13,29.71,44.71,1,2,13,27.69,41.88,0.99888,16,63.16,-31.32,0.00112,2,13,25.99,38.19,0.99521,16,59.28,-30.11,0.00479,1,13,24.06,29.47,1,1,13,22.95,25.18,1,2,13,22.75,23.78,0.97878,16,44.58,-28.78,0.02122,2,13,19.73,23.47,0.93733,16,43.88,-25.82,0.06267,2,13,17.09,23.76,0.87799,16,43.82,-23.17,0.12201,2,13,15.37,23.14,0.84101,16,42.99,-21.55,0.15899,2,13,15.19,25.85,0.79099,16,45.65,-21.01,0.20901,2,13,14.85,28.74,0.7719,16,48.47,-20.3,0.2281,2,13,14.59,31.19,0.78637,16,50.86,-19.72,0.21363,2,13,12.95,31.32,0.8114,16,50.78,-18.08,0.1886,2,13,11.78,32.57,0.82571,16,51.87,-16.76,0.17429,2,13,10.09,33.48,0.84675,16,52.55,-14.96,0.15325,2,13,8.74,33.18,0.85024,16,52.07,-13.67,0.14976,2,13,7.67,31.19,0.806,16,49.96,-12.87,0.194,2,13,6.98,27.62,0.76172,16,46.34,-12.64,0.23828,2,13,6.16,22.42,0.74481,16,41.07,-12.5,0.25519,2,13,4.17,21.6,0.69713,16,40,-10.64,0.30287,2,13,1.19,20.94,0.61762,16,38.96,-7.77,0.38238,2,13,-1.88,19.53,0.50973,16,37.16,-4.91,0.49027,2,13,-5.15,17.9,0.36629,16,35.12,-1.88,0.63371,2,13,-6.9,16.67,0.28595,16,33.67,-0.3,0.71405,2,13,-7.28,15.38,0.24569,16,32.35,-0.1,0.75431,2,13,-11.1,14.48,0.15007,16,30.95,3.58,0.84993,2,13,-8.93,-13.13,0.04233,16,3.87,-2.16,0.95767,2,13,30.31,17.59,0.97134,16,39.42,-37.07,0.02866,2,13,17.98,6.39,0.96262,16,26.72,-26.31,0.03738,2,13,45.51,-10.49,0.94926,15,-15.04,-13.97,0.05074,2,13,58.2,-10.89,0.54724,15,-2.65,-11.16,0.45276,2,13,70.47,-10.5,0.05455,15,9.12,-7.69,0.94545,3,13,74.07,-17.07,0.05105,15,14.26,-13.15,0.94818,12,100.69,21.47,0.00077,3,13,74.6,-20.54,0.05345,15,15.64,-16.37,0.94437,12,98.53,24.24,0.00218,2,15,42.45,-13.57,0.82937,12,73.32,14.71,0.17063,2,15,45.06,-11.32,0.81571,12,71.36,11.86,0.18429,2,15,51.73,-8.34,0.71873,12,65.68,7.29,0.28127,2,15,61.12,-13.5,0.1451,12,55.28,9.89,0.8549,1,12,39.18,15.52,1,1,12,35.66,13.84,1,1,12,38.35,8.8,1,1,12,45.75,0.29,1,3,15,72.17,1.23,0.28663,12,48.35,-7.16,0.71141,14,-15.98,-44.04,0.00196,3,15,71.68,6.12,0.39636,12,50.06,-11.77,0.59601,14,-11.12,-43.34,0.00763,2,15,28.94,16.74,0.10043,14,-2.34,-0.19,0.89957,2,12,-3.97,12.96,0.27274,11,8.57,6.73,0.72726,2,12,-9.22,14.87,0.02568,11,6.35,1.61,0.97432,3,15,90.48,-0.76,0.03607,12,30.13,-9.9,0.96039,11,33.43,39.4,0.00354,2,15,69.6,-19.23,0.00826,12,45.62,13.27,0.99174,2,12,14.5,-3.97,0.98494,11,26.58,24.15,0.01506,3,15,66.02,4.34,0.73792,12,55.09,-8.61,0.24899,14,-13.14,-37.76,0.01309,1,13,16.12,-1.34,1,2,13,-7.53,-17.35,0.07264,16,-0.14,-4.1,0.92736,2,13,8.41,-6.56,0.96775,16,12.64,-18.51,0.03225,2,13,14.27,-10.48,0.98809,16,9.5,-24.82,0.01191,1,13,24.1,-11.86,1,2,13,31.5,-16.89,0.99783,15,-26.98,-23.68,0.00217,2,13,42.03,-20.1,0.94683,15,-15.99,-24.14,0.05317,2,13,51.33,-17.22,0.76033,15,-7.71,-19.02,0.23967,2,13,57.38,-20.36,0.49246,15,-1.07,-20.53,0.50754,2,13,20.3,1.27,0.99769,16,21.94,-29.27,0.00231,2,13,26.11,5.54,0.99062,16,26.93,-34.48,0.00938,2,13,31.95,11.24,0.98792,16,33.34,-39.53,0.01208,1,13,30.01,-8.94,1,2,13,34.69,-11.13,0.99773,15,-25.35,-17.31,0.00227,2,13,39.52,-9.54,0.99069,15,-21.07,-14.55,0.00931,2,13,6.87,12.29,0.67506,16,31.12,-14.53,0.32494,2,13,20.47,12.13,0.92633,16,32.73,-28.03,0.07367,2,13,20.77,6.1,0.97623,16,26.79,-29.11,0.02377,3,13,39.07,13.66,0.99589,16,36.66,-46.27,0.00384,14,-13.7,55.66,0.00027,3,13,55.13,6.87,0.88108,15,-10.1,5.26,0.10162,14,-15.48,38.32,0.0173,3,13,67.38,13.84,0.23676,15,0,15.09,0.55889,14,-5.23,28.65,0.20435,3,13,61.98,2,0.30465,15,-2.24,2.26,0.68424,14,-18.14,30.34,0.01111,2,15,9.83,1.82,0.98362,14,-18.07,18.27,0.01638,3,13,79.08,6.74,0.00887,15,13.12,11.15,0.68408,14,-8.6,15.38,0.30705,3,13,80.95,5.64,0.00314,15,15.2,10.57,0.67748,14,-9.09,13.27,0.31938,3,13,87.38,9.91,0.00117,15,20.35,16.31,0.30271,14,-3.13,8.37,0.69612,1,14,45.76,-0.7,1,2,15,21.96,43.64,0.00143,14,24.24,7.94,0.99857,2,15,31.73,27.03,0.0117,14,8.07,-2.54,0.9883,2,15,38.94,41.93,0.01511,14,23.26,-9.1,0.98489,2,15,25.8,18.07,0.08146,14,-1.15,3,0.91854,2,15,29.76,18.13,0.03931,14,-0.91,-0.95,0.96069,2,15,37.18,16.79,0.29541,14,-1.93,-8.42,0.70459,2,15,42.16,11.59,0.64426,14,-6.91,-13.62,0.35574,2,15,43.64,7.99,0.80681,14,-10.46,-15.24,0.19319,2,15,48.86,15.48,0.65186,14,-2.75,-20.15,0.34814,2,15,50.92,17.99,0.63084,14,-0.15,-22.09,0.36916,2,15,43.41,4.66,0.9135,14,-13.79,-15.17,0.0865,2,15,42.98,-6.46,0.93396,12,74.61,7.7,0.06604,2,15,35.64,-20.02,0.89928,12,78.26,22.68,0.10072,3,13,84.76,-29.41,0.00264,15,27.71,-22.4,0.96427,12,85.33,27,0.03309,3,13,79.93,-26.77,0.01425,15,22.37,-21.06,0.97138,12,90.83,27.06,0.01437,3,13,76.63,-19.39,0.03391,15,17.32,-14.75,0.96323,12,97.32,22.24,0.00286,3,13,76.1,-12.32,0.01774,15,15.03,-8.04,0.98209,12,101.24,16.33,0.00017,2,13,61.32,-1.27,0.30384,15,-2.06,-1.06,0.69616,2,15,7.34,1.93,0.98539,14,-18.06,20.76,0.01461,3,13,70.76,10.03,0.11029,15,4.24,12.25,0.68682,14,-7.89,24.29,0.20288,2,15,13.77,2.42,0.96675,14,-17.29,14.35,0.03325,2,15,28.45,1.05,0.98015,14,-18.03,-0.37,0.01985,2,15,43.27,0.94,0.99128,14,-17.51,-15.18,0.00872,2,15,48.5,0.41,0.99733,14,-17.82,-20.43,0.00267,2,15,50.42,3.59,0.96459,14,-14.56,-22.21,0.03541,3,15,58.5,13.67,0.81588,12,64.73,-15.72,0.04784,14,-4.13,-29.85,0.13628,2,15,61.97,-2.72,0.4841,12,57.2,-0.75,0.5159,2,15,54.88,-0.21,0.99733,12,64.69,-1.37,0.00268,2,15,53.68,-9.41,0.60056,12,63.52,7.83,0.39944,2,15,45.01,-15.44,0.74501,12,70.37,15.86,0.25499,2,15,51.33,-17.76,0.50923,12,63.67,16.5,0.49077,2,15,58.52,-16.15,0.2389,12,57.12,13.11,0.76111,1,12,30.86,9.54,1,1,12,30.18,2.2,1,3,15,94.83,-6.75,0.0033,12,24.4,-5.21,0.99234,11,28.41,33.96,0.00436,1,12,50.32,2.41,1,1,12,45.59,6.39,1,2,15,82.16,-8.04,0.00224,12,36.32,-0.74,0.99776,3,15,91.92,-2.74,0.0195,12,28.24,-8.35,0.9764,11,31.77,37.6,0.0041,1,12,28.17,15.62,1,1,12,25.5,12.98,1,1,12,16.41,3.7,1,2,12,9.25,9.07,0.93386,11,13.25,19.69,0.06614,2,12,14.62,12.81,0.96954,11,9.84,25.28,0.03046,2,12,1.77,15.76,0.51666,11,6.12,12.63,0.48334,2,12,-11.69,24.04,0.00013,11,-2.95,-0.31,0.99987,2,12,10.83,-16,0.94527,11,38.36,19.77,0.05473,2,12,4.96,-18.29,0.89767,11,40.3,13.77,0.10233,2,12,-6.75,-13.51,0.38491,11,34.82,2.37,0.61509,2,12,5.73,-10.15,0.92313,11,32.22,15.03,0.07687,2,12,-0.93,-11.7,0.63823,11,33.36,8.29,0.36177,2,12,-6.38,-11.08,0.33676,11,32.42,2.89,0.66324,2,12,10.48,-0.29,0.99946,11,22.66,20.36,0.00054,2,12,4.99,-5.02,0.91742,11,27.05,14.6,0.08258,2,12,-1.66,-5.93,0.69227,11,27.57,7.9,0.30773,2,12,-7.37,-5.54,0.27562,11,26.83,2.23,0.72438,2,12,-6.8,3.49,0.23993,11,17.86,3.34,0.76007,2,12,-7.43,9.58,0.12334,11,11.74,3.07,0.87666,2,12,-3.22,3.53,0.60801,11,18.02,6.91,0.39199,2,12,0.32,9.02,0.65065,11,12.76,10.77,0.34935,2,12,-0.05,-0.73,0.98231,11,22.47,9.82,0.01769,2,12,4.51,5.18,0.94092,11,16.85,14.73,0.05908,3,13,93.82,18.37,0.00017,15,24.45,26.12,0.01591,14,6.85,4.69,0.98392,2,15,36.5,25.17,0.08884,14,6.4,-7.38,0.91116,2,15,46.55,26.21,0.29748,14,7.88,-17.38,0.70252,3,13,85.7,21.7,0.00895,15,15.76,27.3,0.13664,14,7.65,13.43,0.85441,3,13,75.53,15.76,0.07497,15,7.41,18.99,0.48475,14,-1.01,21.41,0.44028,3,13,91.36,31.06,0.00034,15,18.88,37.78,0.0185,14,18.26,10.76,0.98116,2,15,40.65,36.69,0.05055,14,18.09,-11.03,0.94945,4,13,43.96,8.92,0.99725,16,32.6,-51.74,0.00022,15,-21.42,4.43,0.00111,14,-16.8,49.6,0.00143,3,13,52.83,2.73,0.9952,15,-11.27,0.67,0.00225,14,-20.11,39.3,0.00255,2,13,35.41,7.51,0.99712,16,30.1,-43.44,0.00288,2,13,44.71,-0.33,0.99981,15,-18.37,-4.34,0.00019,2,13,49.76,-2.81,0.98703,15,-12.85,-5.46,0.01297,1,13,30.23,-0.67,1,2,13,30.26,9.59,0.98765,16,31.48,-38.07,0.01235,2,13,34.8,3.9,0.99909,16,26.44,-43.31,0.00091,2,13,41.43,-4.28,0.9976,15,-20.54,-8.98,0.0024,2,13,47.17,-7.48,0.96063,15,-14.18,-10.64,0.03937,2,13,48.53,-5.05,0.97367,15,-13.49,-7.94,0.02633,2,13,10.05,5.15,0.9347,16,24.45,-18.61,0.0653,2,13,13.38,1.48,0.99387,16,21.25,-22.38,0.00613,2,13,4.78,-3.23,0.98969,16,15.46,-14.47,0.01031,2,13,-0.57,3.47,0.75413,16,21.41,-8.29,0.24587,2,13,-5.49,2.69,0.28505,16,20,-3.52,0.71495,2,13,-1.84,-3.58,0.72414,16,14.25,-7.96,0.27586,2,13,-0.3,-6.14,0.72916,16,11.91,-9.82,0.27084,2,13,-7.01,-3.83,0.18146,16,13.33,-2.86,0.81854,2,13,-7.33,8.94,0.11086,16,25.95,-0.88,0.88914,2,13,-0.2,8.62,0.4889,16,26.56,-7.99,0.5111,3,15,99.05,-2.62,0.00489,12,21.37,-10.28,0.97043,11,33.28,30.63,0.02467,2,12,18.93,-0.83,0.99923,11,23.7,28.76,0.00077,1,12,38.33,-13.89,1],"edges":[0,2,2,4,4,6,6,8,8,10,10,12,12,14,14,16,16,18,18,20,20,22,22,24,24,26,26,28,28,30,30,32,32,34,34,36,36,38,38,40,40,42,42,44,44,46,46,48,48,50,50,52,52,54,54,56,56,58,58,60,60,62,62,64,64,66,66,68,68,70,70,72,72,74,74,76,76,78,78,80,80,82,82,84,84,86,86,88,88,90,90,92,92,94,94,96,96,98,98,100,100,102,102,104,104,106,106,108,108,110,110,112,112,114,114,116,116,118,118,120,120,122,122,124,124,126,126,128,128,130,130,132,132,134,134,136,136,138,138,140,140,142,142,144,144,146,146,148,148,150,150,152,152,154,154,156,156,158,158,160,160,162,162,164,164,166,166,168,168,170,170,172,172,174,174,176,176,178,178,180,180,182,182,184,184,186,186,188,188,190,190,192,192,194,194,196,196,198,198,200,200,202,202,204,204,206,206,208,208,210,210,212,212,214,214,216,216,218,218,220,220,222,222,224,224,226,226,228,228,230,230,232,232,234,234,236,236,238,238,240,240,242,242,244,244,246,246,248,248,250,250,252,252,254,254,256,256,258,258,260,260,262,262,264,264,266,266,268,268,270,270,272,276,278,278,280,280,282,282,284,284,286,286,288,288,290,290,292,292,294,294,296,296,298,298,300,300,302,302,304,304,306,306,308,308,310,310,312,312,314,314,316,316,318,318,320,320,322,322,324,324,326,326,328,332,334,334,336,336,338,338,340,340,342,342,344,344,346,346,348,348,350,350,352,352,354,354,356,356,358,358,360,360,362,362,364,364,366,366,368,368,370,370,372,372,374,374,376,376,378,378,380,380,382,382,384,384,386,386,388,388,390,390,392,392,394,0,394,402,404,404,406,406,408,410,54,62,412,414,416,428,430,434,436,436,102,438,426,418,440,440,420,232,444,400,446,446,450,450,448,450,452,452,454,446,454,454,456,456,458,458,460,460,462,464,466,464,470,470,472,472,474,474,402,474,470,400,476,476,392,400,360,354,478,400,480,480,466,478,480,328,330,330,332,330,482,294,484,298,484,486,488,492,494,494,496,272,274,274,276,498,500,500,502,502,504,504,498,496,506,506,432,508,432,508,510,510,512,512,514,514,516,516,518,518,238,522,414,412,524,524,526,526,60,526,528,528,530,530,532,488,534,534,536,536,490,490,538,538,486,494,540,540,532,432,542,542,526,540,542,520,544,544,522,542,544,548,550,550,552,552,554,554,546,416,556,556,418,556,558,558,560,560,562,562,418,420,422,424,564,422,564,424,566,566,568,440,570,570,444,426,570,570,572,572,574,438,576,576,568,574,576,578,580,580,582,582,584,584,586,586,580,584,588,588,590,590,98,590,436,442,592,592,138,594,596,596,112,594,598,598,600,600,602,602,110,604,442,604,606,606,608,608,610,610,612,612,614,614,436,610,616,434,618,616,618,608,620,604,622,622,618,620,622,578,80,624,432,626,628,628,518,280,630,630,624,282,632,632,492,630,632,274,634,634,624,630,634,246,636,636,508,628,636,482,638,640,484,638,640,468,642,642,644,646,640,644,646,466,648,648,474,466,650,650,468,650,652,652,654,402,656,654,656,646,658,658,656,660,400,660,662,662,664,666,660,664,666,2,668,668,666,668,670,670,672,672,396,668,674,674,396,676,678,678,660,676,668,180,680,680,442,680,152,682,564,682,568,180,684,684,428,444,428]}},"lizi":{"lizi/lizi_00062":{"width":210,"height":210},"lizi/lizi_00063":{"width":210,"height":210},"lizi/lizi_00064":{"width":210,"height":210},"lizi/lizi_00065":{"width":210,"height":210},"lizi/lizi_00066":{"width":210,"height":210},"lizi/lizi_00067":{"width":210,"height":210},"lizi/lizi_00068":{"width":210,"height":210},"lizi/lizi_00069":{"width":210,"height":210},"lizi/lizi_00070":{"width":210,"height":210},"lizi/lizi_00071":{"width":210,"height":210},"lizi/lizi_00072":{"width":210,"height":210},"lizi/lizi_00073":{"width":210,"height":210},"lizi/lizi_00074":{"width":210,"height":210},"lizi/lizi_00075":{"width":210,"height":210},"lizi/lizi_00076":{"width":210,"height":210}},"lizi2":{"lizi/lizi_00062":{"width":210,"height":210},"lizi/lizi_00063":{"width":210,"height":210},"lizi/lizi_00064":{"width":210,"height":210},"lizi/lizi_00065":{"width":210,"height":210},"lizi/lizi_00066":{"width":210,"height":210},"lizi/lizi_00067":{"width":210,"height":210},"lizi/lizi_00068":{"width":210,"height":210},"lizi/lizi_00069":{"width":210,"height":210},"lizi/lizi_00070":{"width":210,"height":210},"lizi/lizi_00071":{"width":210,"height":210},"lizi/lizi_00072":{"width":210,"height":210},"lizi/lizi_00073":{"width":210,"height":210},"lizi/lizi_00074":{"width":210,"height":210},"lizi/lizi_00075":{"width":210,"height":210},"lizi/lizi_00076":{"width":210,"height":210}},"tx_1":{"tx_1":{"type":"mesh","hull":46,"width":153,"height":85,"uvs":[0.48163,0.00229,0.44241,0.19384,0.4045,0.29897,0.32737,0.3597,0.2803,0.42745,0.19663,0.49286,0.03321,0.62368,0,0.71011,0.03261,0.81041,0.05544,0.88065,0.1012,0.92269,0.15349,0.88999,0.13519,0.83626,0.18094,0.84093,0.20578,0.90868,0.23977,0.92737,0.30122,0.92269,0.35351,0.897,0.3875,0.87597,0.43195,0.86196,0.50255,0.90868,0.55223,0.897,0.60321,0.87597,0.63721,0.87831,0.7248,0.9297,0.76794,0.91101,0.80454,0.89233,0.8673,0.94605,0.92351,0.9297,0.97179,0.897,0.9561,0.80356,0.98355,0.74983,0.9927,0.68675,0.94172,0.64003,0.91688,0.55126,0.86328,0.52089,0.71163,0.48585,0.73124,0.41577,0.70509,0.35269,0.66587,0.34335,0.61488,0.28728,0.62273,0.36437,0.60181,0.17983,0.55998,0.18216,0.5469,0.1261,0.54167,0.00696,0.1461,0.69047,0.23173,0.67576,0.28443,0.67576,0.36677,0.65222,0.5051,0.63456,0.47875,0.72873,0.49357,0.79641,0.49357,0.48743,0.50016,0.06958,0.64343,0.43446,0.6072,0.66693,0.61049,0.72284,0.68954,0.81995,0.66319,0.70813,0.84104,0.60514,0.79597,0.63123,0.88715,0.76698,0.92997,0.75521,0.88221,0.84937,0.05707,0.78456,0.12003,0.71802,0.08681,0.66399,0.19715,0.75521,0.23996,0.79052,0.21197,0.84055,0.30089,0.81995,0.36018,0.73167],"triangles":[32,63,33,31,63,32,30,63,31,30,64,63,64,30,29,28,64,29,60,36,35,60,35,34,61,36,60,60,34,33,59,56,61,33,62,60,63,62,33,61,60,62,58,59,61,58,61,62,57,59,58,62,26,58,64,62,63,22,57,58,23,22,58,64,26,62,25,58,26,24,23,58,25,24,58,27,26,64,28,27,64,67,6,5,7,6,67,66,65,7,66,7,67,8,7,65,8,65,9,41,40,39,55,41,39,55,39,38,37,55,38,36,55,37,53,56,50,55,56,53,36,56,55,49,53,50,61,56,36,57,56,59,51,49,50,51,50,56,51,56,57,72,49,51,52,51,57,52,19,72,52,72,51,19,18,72,22,52,57,21,52,22,20,19,52,21,20,52,5,4,49,67,5,46,49,48,5,48,47,5,47,46,5,66,67,46,72,48,49,68,46,47,66,46,68,69,47,48,69,48,72,68,47,69,71,69,72,12,66,68,68,13,12,65,66,12,69,70,68,70,13,68,18,71,72,9,65,10,65,12,10,17,71,18,14,13,70,11,10,12,16,71,17,70,69,71,16,70,71,15,70,16,14,70,15,54,0,45,54,45,44,1,0,54,53,1,54,54,43,53,1,53,2,43,41,53,3,2,53,4,3,53,43,42,41,43,54,44,55,53,41,49,4,53],"vertices":[1,14,61.86,4.24,1,3,14,38.38,12.49,0.99568,13,95.6,50.81,0.00346,15,18.01,57.97,0.00086,3,14,25.45,20.59,0.87616,13,84.06,40.82,0.06568,15,9.37,45.4,0.05816,3,14,17.83,37.31,0.49172,13,65.85,38.43,0.32718,15,-7.66,38.49,0.18111,4,14,9.43,47.47,0.23482,13,53.68,33.37,0.62646,15,-18.17,30.54,0.13564,16,58.11,-58.2,0.00308,4,14,1.22,65.6,0.03625,13,33.93,30.83,0.89726,15,-36.64,23.11,0.00952,16,53.02,-38.95,0.05697,2,13,-4.74,25.51,0.08927,16,42.72,-1.3,0.91073,1,16,33.41,7.48,1,1,16,20.23,2.33,1,2,13,-8.89,-5.94,0.37555,16,11,-1.27,0.62445,2,13,-0.75,-13.66,0.9225,16,4.4,-10.34,0.0775,1,13,11.31,-13.03,1,1,13,9.32,-5.62,1,1,13,18.73,-8.97,1,2,13,21.61,-18.42,0.99943,15,-36.17,-27.65,0.00057,2,13,28.08,-22.69,0.98909,15,-28.83,-30.16,0.01091,2,13,41.1,-25.9,0.89022,15,-15.43,-29.99,0.10978,2,13,52.92,-26.09,0.63752,15,-3.94,-27.2,0.36248,3,13,60.75,-25.71,0.37655,15,3.55,-24.86,0.62304,12,108.07,35.52,0.00041,3,13,70.53,-26.78,0.10024,15,13.28,-23.44,0.89016,12,99.02,31.67,0.0096,3,13,83.71,-36.57,0.00117,15,28.49,-29.6,0.92124,12,82.74,33.76,0.07759,2,15,35.1,-28.09,0.86474,12,76.74,30.62,0.13526,2,15,48.26,-26.49,0.57386,12,64.41,25.72,0.42614,2,15,57.95,-26.78,0.22543,12,54.97,23.54,0.77457,2,15,72.52,-35.2,0.00292,12,38.74,27.97,0.99708,1,12,27.63,21.6,1,2,12,21.71,15.56,0.99425,11,7.51,32.52,0.00575,2,12,4.24,20.29,0.72725,11,1.74,15.36,0.27275,2,12,-7.25,15.59,0.18936,11,5.75,3.61,0.81064,2,12,-16.61,9.33,0.00039,11,11.43,-6.1,0.99961,1,11,22.11,-0.83,1,1,11,29.57,-5.64,1,1,11,37.49,-6.33,1,3,15,125.18,0.28,0.00023,12,-3.16,-19.74,0.37085,11,41.26,5.58,0.62891,3,15,120.09,11.27,0.0062,12,4.56,-29.07,0.69621,11,51.03,12.72,0.29759,4,14,-0.34,-79.76,0.00011,15,108.52,15.33,0.03347,12,16.77,-30.05,0.82434,11,52.74,24.86,0.14208,4,14,3.51,-46.64,0.17202,15,75.6,20.59,0.60262,12,49.95,-26.77,0.22508,11,51.45,58.17,0.00027,3,14,12.11,-50.81,0.27471,15,80.13,29.01,0.66327,12,47.71,-36.06,0.06202,3,14,19.74,-45.01,0.32325,15,74.67,36.87,0.64861,12,54.99,-42.27,0.02814,3,14,20.77,-36.45,0.4066,15,66.16,38.27,0.58504,12,63.58,-41.46,0.00836,3,14,27.46,-25.25,0.49177,15,55.25,45.44,0.50822,12,75.95,-45.62,0.00001,3,14,18.08,-27.08,0.56361,15,56.68,35.99,0.43605,12,72.17,-36.84,0.00034,2,14,40.54,-22.23,0.94914,15,52.8,58.63,0.05086,2,14,40.13,-13.11,0.97823,15,43.67,58.62,0.02177,2,14,46.94,-10.18,0.9978,15,41.03,65.54,0.0022,1,14,61.46,-8.85,1,3,14,-23.03,76.31,0.00007,13,16.59,10.78,0.87563,16,30.89,-24.36,0.12431,3,14,-20.99,57.67,0.00454,13,35.01,7.27,0.98673,16,29.8,-43.08,0.00874,3,14,-20.85,46.18,0.00612,13,46.04,4.04,0.99343,16,28.04,-54.44,0.00045,3,14,-17.74,28.27,0.01524,13,64.08,1.76,0.0743,15,-0.15,2.57,0.91046,2,14,-15.25,-1.53,0.11623,15,29.72,3.78,0.88377,3,13,84.57,-13.97,0.00074,15,23.64,-7.5,0.9917,12,93.05,13.63,0.00756,3,13,84.32,-22.41,0.00379,15,25.52,-15.73,0.96239,12,89.14,21.1,0.03382,2,14,2.69,1.06,0.99957,13,96.07,13.33,0.00043,1,14,53.7,0.1,1,3,14,9.59,-31.67,0.39013,15,60.91,27.3,0.59721,12,65.87,-29.52,0.01267,2,15,52.05,-0.82,0.98498,12,67.28,-0.07,0.01502,2,15,52.29,-7.68,0.73058,12,65.31,6.51,0.26942,2,15,68.56,-19.24,0.02629,12,46.63,13.55,0.97371,1,12,54.54,1.92,1,4,14,-10.63,-74.95,0.00021,15,103.28,5.25,0.03447,12,19.28,-18.97,0.87735,11,41.83,28.03,0.08797,4,14,-13.91,-65.09,0.00242,15,93.29,2.4,0.06697,12,28.22,-13.67,0.91155,11,37.08,37.26,0.01905,2,12,5.39,-2.2,0.98418,11,24.26,15.17,0.01582,2,12,-3.58,-5.6,0.43824,11,27.12,6.01,0.56176,2,12,4.49,7.67,0.87622,11,14.36,14.86,0.12378,2,13,-5.26,5.21,0.21107,16,22.53,-3.42,0.78893,2,13,10.2,9.15,0.8189,16,28.44,-18.23,0.1811,2,13,5.09,17.51,0.44791,16,36.07,-12.09,0.55209,2,13,25.06,0.08,0.99994,16,21.38,-34.15,0.00006,2,13,32.81,-6.67,0.99814,15,-28.29,-13.47,0.00186,2,13,25.24,-10.82,0.99983,15,-34.57,-19.39,0.00017,2,13,44.55,-13.85,0.90458,15,-15.12,-17.46,0.09542,2,13,59.92,-7.12,0.4262,15,-1.93,-7.08,0.5738],"edges":[0,2,2,4,4,6,6,8,8,10,10,12,12,14,18,20,20,22,22,24,24,26,26,28,28,30,30,32,32,34,34,36,36,38,38,40,40,42,42,44,44,46,46,48,48,50,50,52,52,54,54,56,56,58,58,60,60,62,62,64,64,66,66,68,68,70,70,72,72,74,74,76,76,78,78,80,80,82,82,84,84,86,86,88,88,90,0,90,14,16,16,18,94,96,98,100,102,104,106,108,110,112,8,98,114,116,118,122,122,120,122,124,126,128,16,130,130,20,92,132,132,130,132,134,136,138,140,32,142,144]}},"tx_2":{"tx_2":{"type":"mesh","hull":43,"width":151,"height":85,"uvs":[0.48549,0,0.46866,0.09256,0.45866,0.14757,0.42416,0.25389,0.39861,0.28783,0.39733,0.3557,0.36283,0.36927,0.33088,0.35344,0.29766,0.37606,0.27466,0.4394,0.19799,0.48691,0.16094,0.47334,0.05744,0.5774,0.01016,0.71314,0.02549,0.82852,0.08044,0.93258,0.14688,0.90091,0.18649,0.86698,0.31938,0.91901,0.46505,0.85793,0.51872,0.84435,0.55066,0.87603,0.65288,0.91448,0.66949,0.88055,0.72188,0.92127,0.79344,0.92353,0.86017,0.93711,0.91895,0.92353,0.96878,0.87829,0.98156,0.83304,0.99434,0.75612,0.99945,0.71766,0.97134,0.65206,0.93045,0.56157,0.88061,0.53216,0.84611,0.4756,0.71706,0.39642,0.68511,0.34212,0.63911,0.30819,0.59823,0.33534,0.6225,0.24937,0.58034,0.15209,0.52923,0.01635,0.059,0.78101,0.12289,0.87603,0.06284,0.66563,0.10884,0.63396,0.15739,0.74481,0.19828,0.6136,0.29284,0.70183,0.18806,0.83078,0.29175,0.90044,0.3465,0.76517,0.38739,0.69957,0.54073,0.70409,0.55606,0.73803,0.59567,0.71993,0.69023,0.80589,0.65061,0.81494,0.76817,0.88734,0.83461,0.77875,0.84228,0.83757,0.93428,0.77422,0.91,0.67242,0.8295,0.72219,0.76817,0.5955,0.6915,0.66789,0.63017,0.64301,0.64423,0.46203,0.54967,0.58419,0.66595,0.61812,0.48706,0.49596,0.43978,0.3557,0.48605,0.47378,0.52795,0.43488,0.56756,0.29462,0.52411,0.25163,0.496,0.11137,0.34906,0.48465,0.40656,0.62944,0.312,0.67016,0.23486,0.64773,0.26728,0.58645,0.34139,0.42357,0.33117,0.55252,0.43084,0.67921,0.49179,0.81466,0.87295,0.85566,0.88956,0.62944,0.82823,0.59776,0.79245,0.7335,0.72856,0.80137],"triangles":[88,33,32,31,63,32,31,62,63,30,62,31,29,62,30,87,62,29,28,87,29,27,87,28,65,36,35,89,65,35,34,89,35,88,34,33,89,34,88,66,70,65,63,88,32,64,89,88,64,88,63,65,89,64,90,65,64,66,65,90,64,63,62,60,64,62,90,64,60,91,66,90,91,90,60,57,66,91,57,56,66,58,56,57,61,60,62,59,91,60,87,61,62,59,23,58,21,58,23,61,59,60,57,59,58,91,59,57,22,21,23,24,23,59,25,59,61,25,61,87,24,59,25,26,25,87,27,26,87,45,12,46,13,12,45,43,13,45,43,45,47,14,13,43,14,43,44,15,14,44,68,37,36,68,39,37,68,36,65,68,67,69,65,70,68,79,71,69,78,79,84,71,79,78,70,67,68,67,70,66,85,79,69,53,80,79,53,79,85,54,85,69,54,69,67,56,54,67,55,54,56,66,56,67,86,85,54,20,86,54,53,85,86,52,53,86,55,20,54,19,52,86,19,86,20,58,21,20,55,56,58,58,20,55,8,7,83,9,8,83,84,9,83,78,84,83,82,10,9,84,82,9,48,10,82,48,46,12,11,48,12,48,11,10,81,48,82,80,82,84,80,84,79,81,82,80,49,81,80,47,46,48,47,48,81,47,81,49,45,46,47,53,49,80,52,49,53,50,47,49,50,49,52,43,47,50,50,44,43,17,44,50,51,50,52,18,51,52,17,50,51,16,44,17,19,18,52,17,51,18,15,44,16,1,0,42,77,1,42,73,2,1,77,42,41,76,73,1,76,41,40,41,76,77,2,72,3,75,76,40,39,75,40,2,73,72,76,1,77,4,3,72,5,4,72,83,7,6,73,76,74,74,75,39,37,39,38,74,39,68,75,74,76,71,78,83,71,73,74,83,5,72,83,6,5,69,74,68,71,74,69,71,83,73,83,72,73],"vertices":[1,14,60.14,4.35,1,1,14,48.8,7.84,1,2,14,42.06,9.92,0.99984,13,99.14,53.57,0.00016,3,14,29,17.2,0.97314,13,88.35,43.21,0.01824,15,12.91,48.79,0.00862,3,14,24.79,22.67,0.92988,13,81.89,40.79,0.04167,15,7.27,44.82,0.02845,3,14,16.5,22.84,0.77471,13,79.3,32.92,0.12255,15,6.74,36.55,0.10274,3,14,14.75,30.27,0.50355,13,71.68,33.42,0.31865,15,-0.76,35.12,0.1778,4,14,16.6,37.19,0.37045,13,65.6,37.21,0.46027,15,-7.6,37.26,0.16909,16,63.47,-69.52,0.00019,4,14,16.78,44.37,0.32657,13,58.79,39.49,0.51498,15,-14.76,37.75,0.1578,16,64.84,-62.47,0.00064,4,14,5.71,46.71,0.19954,13,53.31,29.59,0.67714,15,-17.58,26.79,0.11437,16,54.31,-58.32,0.00894,4,14,-0.05,65.69,0.01695,13,33.48,29.64,0.86229,15,-36.78,21.84,0.00166,16,51.78,-38.65,0.1191,3,14,1.5,73.71,0.00434,13,26.26,33.47,0.79219,16,54.64,-31,0.20347,2,13,1.24,27.56,0.27415,16,45.53,-6.96,0.72585,1,16,30.73,5.67,1,1,16,16.31,4.56,1,2,13,-6.15,-15.43,0.32352,16,1.95,-5.22,0.67648,2,13,8.71,-15.74,0.9116,16,3.56,-20,0.0884,3,13,17.82,-14.09,0.99732,15,-40.93,-24.42,0.00002,16,6.38,-28.81,0.00266,2,13,43.85,-28.32,0.80189,15,-12.15,-31.64,0.19811,3,13,76.14,-30,0.08294,15,19.52,-25.14,0.89554,12,92.55,31.72,0.02152,3,13,87.73,-31.66,0.00745,15,31.16,-23.83,0.86289,12,81.63,27.5,0.12966,3,13,93.27,-37.3,0.00014,15,37.94,-27.9,0.71731,12,74.04,29.71,0.28255,2,15,59.87,-33.25,0.22077,12,51.47,29.31,0.77923,2,15,63.58,-29.22,0.13032,12,48.91,24.47,0.86968,2,15,73.37,-34.21,0.00752,12,38.17,26.8,0.99248,2,12,22.86,24.4,0.99211,11,-1.24,34.2,0.00789,2,12,7.22,21.92,0.84502,11,0.3,18.44,0.15498,2,12,-4.77,17.44,0.39453,11,4.05,6.2,0.60547,2,12,-14.02,9.64,0.00012,11,11.28,-3.5,0.99988,1,11,17.18,-5.3,1,1,11,26.9,-6.46,1,1,11,31.71,-6.77,1,3,15,129.58,-3.32,0.00069,12,-8.34,-17.38,0.0943,11,38.59,0.55,0.90501,3,15,121.09,7.98,0.01558,12,2.75,-26.14,0.54528,11,48,11.1,0.43913,4,14,-3.69,-82.09,0.00123,15,110.71,11.88,0.06283,12,13.78,-27.28,0.74584,11,49.8,22.04,0.1901,4,14,3.11,-74.28,0.00953,15,103.19,19.01,0.15634,12,22.86,-32.26,0.76114,11,55.31,30.81,0.07298,4,14,12.42,-46.28,0.20595,15,75.62,29.51,0.5939,12,52.2,-35.39,0.19957,11,60.2,59.9,0.00057,3,14,18.95,-39.3,0.35271,15,68.92,36.34,0.58658,12,60.41,-40.29,0.06071,3,14,22.96,-29.31,0.49747,15,59.12,40.77,0.49023,12,71.03,-42.09,0.01231,3,14,19.54,-20.52,0.74457,15,50.19,37.73,0.25468,12,78.89,-36.87,0.00075,2,14,30.09,-25.63,0.94076,15,55.75,48.05,0.05924,2,14,41.85,-16.37,0.99188,15,47,60.19,0.00812,1,14,58.26,-5.12,1,2,13,-5.47,3.64,0.27436,16,20.94,-3.41,0.72564,2,13,4.58,-11.37,0.8293,16,7.36,-15.33,0.1707,2,13,-0.7,16.91,0.19609,16,34.72,-6.42,0.80391,2,13,9.92,17.83,0.58022,16,37.01,-16.83,0.41978,2,13,16.09,1.94,0.98773,16,22.06,-25.02,0.01227,3,14,-15.58,64.78,0.00451,13,29.8,14.53,0.92208,16,36.32,-36.97,0.07341,2,13,46.16,-1.44,0.99709,15,-16.68,-5.04,0.00291,2,13,19.45,-9.97,0.99995,16,10.68,-29.9,0.00005,2,13,38.72,-24.46,0.88746,15,-18.1,-29.19,0.11254,2,13,54.97,-12.05,0.67127,15,-5.49,-13.09,0.32873,2,13,65.66,-6.83,0.13166,15,3.54,-5.35,0.86834,2,15,36.47,-6.87,0.95935,12,80.81,9.75,0.04065,2,15,39.64,-11.11,0.88156,12,76.66,13.04,0.11844,2,15,48.29,-9.16,0.78725,12,68.8,8.96,0.21275,2,15,68.34,-20.25,0.03743,12,46.58,14.58,0.96257,2,15,59.76,-21.1,0.20953,12,54.67,17.59,0.79047,2,12,28.79,21.06,0.99933,11,2.45,39.91,0.00067,2,12,16.95,4.33,0.9995,11,18.43,27.09,0.0005,2,12,13.74,10.97,0.97013,11,11.62,24.28,0.02987,2,12,-3.9,-1.05,0.54646,11,22.56,5.96,0.45354,3,15,116.27,-5.4,0.00482,12,4.01,-11.97,0.6616,11,33.93,13.2,0.33358,3,15,98.72,-10.95,0.00204,12,19.57,-2.14,0.99452,11,25.05,29.32,0.00344,4,14,-11.73,-57.65,0.01363,15,85.95,4.9,0.1774,12,35.95,-14.22,0.80086,11,38.09,44.95,0.0081,3,14,-20.77,-41.22,0.00115,15,69.14,-3.44,0.06569,12,50.08,-1.89,0.93316,1,15,55.99,0,1,3,14,4.21,-30.66,0.31706,15,59.67,21.98,0.65345,12,65.71,-24.05,0.02948,2,14,-10.96,-10.49,0.24283,15,38.87,7.69,0.75717,3,14,-14.77,-35.62,0.01632,15,63.8,2.8,0.84477,12,56.83,-6.56,0.13891,3,14,-0.37,3.2,0.93733,13,93.14,11.04,0.00191,15,25.64,18.86,0.06076,3,14,16.62,13.65,0.92215,13,88.11,30.34,0.03976,15,15.92,36.27,0.03809,3,14,2.34,3.45,0.97374,13,93.69,13.7,0.00301,15,25.5,21.57,0.02325,2,14,7.2,-5.52,0.93797,15,34.68,26.04,0.06203,2,14,24.42,-13.84,0.92368,15,43.73,42.89,0.07632,2,14,29.55,-4.39,0.99393,15,34.51,48.41,0.00607,1,14,46.58,1.91,1,4,14,0.49,31.54,0.31551,13,66.29,20.16,0.38483,15,-2.64,20.92,0.29926,16,46.65,-72.42,0.00041,2,14,-16.9,20.11,0.0356,15,8.04,3.06,0.9644,3,14,-22.14,40.36,0.00139,13,51.22,1.1,0.99852,16,25.8,-59.96,0.00009,3,14,-19.63,56.92,0.00476,13,36.13,8.35,0.978,16,31.02,-44.05,0.01724,4,14,-12.1,49.67,0.03472,13,45.27,13.43,0.93758,15,-21.29,9.12,0.01361,16,37.24,-52.45,0.01409,4,14,8.71,34.13,0.38763,13,66.22,28.77,0.41537,15,-4.87,29.24,0.19661,16,55.18,-71.23,0.00039,4,14,-7.79,35.78,0.13175,13,59.81,13.48,0.60149,15,-7.23,12.83,0.26554,16,39.18,-66.86,0.00122,3,13,75.35,-7.07,0.0091,15,12.99,-3.15,0.99077,12,104.47,12.12,0.00012,3,13,83.21,-26.57,0.02492,15,25.49,-20.04,0.9226,12,88.07,25.28,0.05248,2,12,6.78,11.62,0.87199,11,10.55,17.38,0.12801,3,15,112.09,-0.03,0.01815,12,9.42,-16.1,0.73571,11,38.38,18.36,0.24614,4,14,-11.84,-70.68,0.00295,15,98.96,4.23,0.08013,12,23.19,-16.88,0.85789,11,39.99,32.06,0.05903,1,12,27.05,1.01,1,2,15,76.61,-19.96,0.0008,12,38.66,12.2,0.9992],"edges":[4,6,6,8,8,10,10,12,12,14,14,16,16,18,18,20,20,22,22,24,24,26,26,28,28,30,30,32,32,34,34,36,36,38,38,40,40,42,42,44,44,46,46,48,48,50,50,52,52,54,54,56,56,58,58,60,60,62,62,64,64,66,66,68,68,70,70,72,72,74,74,76,76,78,78,80,80,82,82,84,0,84,86,88,90,92,92,94,94,96,36,102,102,100,102,104,104,106,40,108,110,112,112,114,116,118,118,120,122,124,126,128,128,130,130,132,134,136,136,138,136,140,0,2,2,4,2,146,146,142,144,146,148,150,152,154,156,158,96,162,162,98,160,162,164,18,166,168,40,172,172,106,170,172,124,174,176,178,180,182]}},"tx_3":{"tx_3":{"type":"mesh","hull":58,"width":158,"height":97,"uvs":[0.48717,0.08046,0.44076,0.22246,0.38459,0.35446,0.34673,0.36246,0.32841,0.32046,0.33452,0.24446,0.28689,0.19446,0.23926,0.19846,0.21606,0.26046,0.17576,0.27046,0.11469,0.35446,0.01455,0.59046,0.00722,0.65246,0.01577,0.74246,0.04875,0.77046,0.03653,0.84846,0.03776,0.96246,0.0976,0.96246,0.10859,0.91046,0.13912,0.84446,0.17209,0.83846,0.2246,0.83846,0.26368,0.83246,0.34184,0.82646,0.36993,0.79046,0.40046,0.76046,0.50671,0.94646,0.56167,0.83046,0.58121,0.76246,0.62883,0.71246,0.6557,0.77846,0.68623,0.81646,0.71554,0.83046,0.76928,0.83246,0.82912,0.84846,0.86698,0.83846,0.89629,0.90446,0.94025,0.96646,0.9659,0.91046,0.97078,0.82446,0.92071,0.77246,0.9317,0.72046,0.972,0.72246,0.99276,0.65046,0.9891,0.58046,0.95491,0.52446,0.94025,0.46246,0.94025,0.41046,0.90117,0.37046,0.85599,0.28846,0.82668,0.24846,0.78027,0.29846,0.73997,0.20446,0.71066,0.20046,0.66425,0.29046,0.62151,0.34246,0.54579,0.07446,0.50793,0.00646,0.49694,0.15246,0.36505,0.47646,0.51037,0.18046,0.61296,0.43246,0.49083,0.44646,0.46519,0.37046,0.53724,0.38446,0.51526,0.44046,0.47862,0.50046,0.45664,0.58446,0.42611,0.62846,0.50549,0.89446,0.58609,0.64646,0.49562,0.86138,0.62639,0.56046,0.70455,0.72646,0.72898,0.73446,0.84499,0.76446,0.82301,0.70046,0.93537,0.64246,0.87186,0.46446,0.83889,0.60446,0.36627,0.53846,0.28445,0.70646,0.23682,0.73446,0.08294,0.61646,0.18205,0.69246,0.08538,0.83246,0.18797,0.37846,0.19407,0.52046,0.0976,0.48646,0.12691,0.58246,0.25758,0.35446,0.27834,0.53646,0.72043,0.34246,0.74607,0.54846,0.81324,0.38846,0.8279,0.54246,0.3333,0.46846,0.51526,0.49446,0.558,0.58846,0.61174,0.50846,0.58243,0.57646,0.77416,0.52646],"triangles":[77,45,44,77,44,43,42,41,77,43,42,77,40,75,41,35,40,39,36,35,39,38,36,39,37,36,38,92,61,55,92,51,94,94,51,49,51,50,49,94,49,48,78,48,47,78,94,48,101,92,94,95,101,94,78,95,94,93,92,101,79,95,78,78,45,79,93,95,79,95,93,101,76,79,77,76,93,79,73,29,72,93,73,72,93,74,73,76,74,93,75,76,41,74,76,75,30,29,73,31,30,73,31,73,74,32,31,74,33,32,74,75,33,74,35,75,40,34,33,75,35,34,75,46,78,47,92,54,51,93,61,92,54,52,51,52,54,53,55,54,92,45,78,46,77,79,45,41,76,77,83,11,89,12,11,83,13,12,83,14,13,83,84,14,83,85,14,84,84,19,85,15,14,85,18,85,19,15,85,18,16,15,18,17,16,18,11,88,89,7,6,8,8,6,5,4,90,5,90,8,5,90,4,3,90,86,9,90,9,8,10,9,86,96,90,3,59,3,2,96,3,59,88,10,86,87,90,91,86,90,87,88,86,87,90,96,91,89,88,87,84,89,87,84,87,91,83,89,84,91,80,81,96,80,91,59,80,96,84,91,81,82,84,81,24,81,25,23,81,24,22,82,81,23,22,81,82,20,84,82,21,20,22,21,82,20,19,84,88,11,10,99,97,61,80,59,66,61,93,99,72,99,93,100,97,99,100,99,72,66,68,80,98,97,100,67,68,66,70,100,72,98,100,70,81,80,68,70,72,29,25,81,68,70,67,98,28,70,29,67,66,97,98,67,97,70,68,67,71,68,70,27,71,28,68,71,25,71,70,28,69,71,27,26,69,27,71,26,25,69,26,71,0,57,56,58,0,56,60,58,56,55,60,56,58,1,0,58,2,1,60,64,63,58,63,59,58,59,2,60,61,64,55,61,60,65,63,64,65,64,61,62,63,65,58,60,63,59,63,62,97,65,61,62,65,97,66,59,62,66,62,97],"vertices":[1,14,49.03,4.97,1,4,14,29.3,15.21,0.98609,15,14.91,49.01,0.00521,13,90.34,42.92,0.00859,16,72.34,-93.3,0.00012,4,14,10.92,27.67,0.48616,15,1.67,31.18,0.19018,13,73.04,29,0.31215,16,56.29,-77.96,0.01152,4,14,9.71,36.22,0.14325,15,-6.91,30.33,0.11022,13,64.52,30.34,0.71733,16,56.51,-69.34,0.0292,1,13,62.17,37.06,1,4,14,25.95,39.18,0.00413,15,-9.18,46.69,0.01771,13,66.44,46.74,0.97039,16,73.03,-69.11,0.00777,1,13,58.04,56.39,1,1,13,47.56,58.88,1,1,13,40.12,52.14,1,1,13,30.99,53.37,1,1,13,14.49,46.11,1,1,16,36.94,9.67,1,1,16,28.74,12.62,1,1,16,16.17,12.62,1,1,16,11.21,5.85,1,1,16,1,10.23,1,1,16,-14.59,12.37,1,1,16,-16.67,-1,1,2,13,-8.36,-27.14,0.02451,16,-9.96,-4.55,0.97549,2,13,0.82,-20.34,0.4573,16,-2.02,-12.77,0.5427,2,13,8.2,-21.63,0.8132,16,-2.34,-20.26,0.1868,3,15,-36.48,-34.5,0.00056,13,19.59,-24.96,0.98026,16,-4.16,-31.99,0.01917,3,15,-27.62,-33.93,0.01383,13,28.3,-26.65,0.9855,16,-4.7,-40.84,0.00068,2,15,-9.94,-33.64,0.15635,13,45.49,-30.81,0.84365,2,15,-3.45,-28.86,0.31289,13,52.98,-27.82,0.68711,3,15,3.57,-24.93,0.65611,13,60.76,-25.79,0.34369,12,108.03,35.58,0.0002,2,15,26.8,-51.31,0.98461,12,78.85,55.19,0.01539,2,15,39.7,-35.68,0.93662,12,70.36,36.79,0.06338,2,15,44.39,-26.44,0.82586,12,68.17,26.65,0.17414,2,15,55.36,-19.86,0.3218,12,59.23,17.51,0.6782,2,15,58.2,-26.57,0.07241,12,54.78,23.28,0.92759,1,12,43.36,28.57,1,2,12,36.47,28.96,0.99922,11,-4.98,48.06,0.00078,2,12,27.27,27.12,0.98488,11,-3.69,38.76,0.01512,2,12,10.91,25.6,0.81356,11,-3.16,22.33,0.18644,2,12,2.88,22.33,0.4872,11,-0.37,14.13,0.5128,2,12,-5.63,29.71,0.04128,11,-8.25,6.08,0.95872,1,11,-15.03,-5.14,1,1,11,-6.45,-9.57,1,1,11,5.44,-8.68,1,2,12,-6.9,10.72,0.29481,11,10.63,3.67,0.70519,2,12,-7.7,3.17,0.27942,11,18.12,2.41,0.72058,2,12,-16.64,1.38,0.00574,11,19.36,-6.61,0.99426,2,12,-18.97,-9.35,0.00025,11,29.94,-9.58,0.99975,2,15,137.29,-4.1,0.00125,11,39.33,-7.16,0.99875,3,15,129.8,3.85,0.03257,12,-6.72,-24.37,0.28506,11,45.66,1.75,0.68237,3,15,126.75,12.51,0.07323,12,-1.57,-31.96,0.57092,11,53.55,6.44,0.35586,4,14,4.8,-97.99,0.00019,15,126.96,19.68,0.10127,12,0.05,-38.95,0.59475,11,60.63,7.63,0.30378,4,14,10.2,-89.09,0.0006,15,118.3,25.46,0.04015,12,9.9,-42.34,0.90065,11,64.6,17.26,0.0586,4,14,21.39,-78.74,0.00648,15,108.43,37.08,0.15916,12,22.39,-51.06,0.75393,11,74.06,29.21,0.08042,4,14,26.82,-72.04,0.01674,15,101.98,42.8,0.33399,12,30.09,-54.95,0.51977,11,78.4,36.66,0.1295,4,14,19.79,-61.64,0.0357,15,91.29,36.22,0.38094,12,38.76,-45.86,0.5118,11,69.85,45.86,0.07156,4,14,32.64,-52.37,0.06017,15,82.57,49.46,0.43145,12,50.55,-56.45,0.47808,11,81.12,57,0.03031,4,14,33.11,-45.74,0.04657,15,75.97,50.21,0.31691,12,57.13,-55.5,0.61612,11,80.56,63.62,0.02041,4,14,20.56,-35.41,0.04984,15,65.11,38.11,0.19129,12,64.55,-41.04,0.75114,11,66.57,71.89,0.00773,4,14,13.26,-25.84,0.31525,15,55.24,31.22,0.33941,12,72.35,-31.87,0.34039,11,57.89,80.22,0.00496,2,14,50.02,-8.26,0.97647,12,97.35,-64.05,0.02353,1,14,59.3,0.41,1,1,14,39.12,2.64,1,4,14,-5.97,31.87,0.16838,15,-3.25,14.48,0.40755,13,64.08,14.08,0.4123,16,40.33,-71.01,0.01177,2,14,35.29,-0.45,0.99996,15,30.81,54.33,0.00004,4,14,0.82,-24.07,0.31301,15,52.94,18.87,0.59953,12,71.43,-19.33,0.08447,11,45.32,80.06,0.00299,4,14,-1.47,3.5,0.8956,15,25.29,17.77,0.10332,13,92.52,10.07,0.00104,16,40.06,-99.74,0.00004,4,14,8.95,9.43,0.93342,15,19.81,28.42,0.04863,13,89.9,21.77,0.01732,16,51.31,-95.62,0.00062,3,14,7.22,-6.88,0.90785,15,36.03,26,0.092,11,49,98.04,0.00016,2,14,-0.57,-2.01,0.9518,15,30.83,18.43,0.0482,3,14,-8.95,6.17,0.44504,15,22.31,10.4,0.55495,16,33.12,-95.87,0.00001,3,15,16.99,-1.04,0.99962,13,79.76,-6.04,0.00036,12,101.13,9.06,0.00003,2,15,9.91,-6.9,0.96131,13,71.44,-9.93,0.03869,3,15,26.74,-44.13,0.98104,13,78.35,-50.2,0.00147,12,80.74,48.26,0.0175,2,15,45.98,-10.47,0.81075,12,70.7,10.81,0.18925,3,15,24.65,-39.5,0.97618,13,77.49,-45.19,0.00613,12,83.94,44.31,0.01769,3,14,-16.81,-27.33,0.00789,15,55.44,1.12,0.99203,11,28.41,74.13,0.00008,1,12,42.77,15.22,1,1,12,37.14,15.11,1,2,12,10.26,13.4,0.86905,11,8.98,20.96,0.13095,2,12,17.2,5.87,0.99492,11,16.92,27.44,0.00508,3,15,124.79,-12.21,0.00076,12,-5.97,-7.55,0.35737,11,28.93,3.5,0.64187,4,14,-2.85,-82.63,0.00028,15,111.29,12.7,0.02352,12,13.43,-28.21,0.93289,11,50.7,21.63,0.04331,4,14,-22.14,-75.24,0.00002,15,103.08,-6.26,0.02815,12,16.55,-7.79,0.91408,11,30.51,25.97,0.05776,4,14,-14.52,31.49,0.04825,15,-3.23,5.92,0.54827,13,61.94,5.79,0.40033,16,31.83,-69.97,0.00314,2,15,-22.41,-16.69,0.01767,13,37.69,-11.28,0.98233,3,15,-33.29,-20.23,0.00067,13,26.27,-11.96,0.99882,16,9.6,-36.92,0.00051,2,13,-2.54,13.42,0.29278,16,31.02,-5.05,0.70722,1,13,16.02,-2.93,1,2,13,-10.37,-15.34,0.01764,16,1.48,-1.02,0.98236,1,13,29.46,38.29,1,1,13,25.29,19.09,1,1,13,5.67,29.71,1,2,13,8.31,15.14,0.94929,16,34.13,-15.59,0.05071,1,13,45.49,37.05,1,1,13,42.94,11.63,1,4,14,13.55,-48.2,0.02117,15,77.59,30.55,0.13757,12,50.56,-36.9,0.83165,11,61.61,58.18,0.00961,4,14,-14.77,-54.31,0.00214,15,82.48,2,0.0543,12,38.57,-10.53,0.93877,11,34.57,47.79,0.00478,4,14,7.47,-69.25,0.01794,15,98.36,23.58,0.34293,12,28.7,-35.44,0.50013,11,58.84,36.44,0.13901,4,14,-13.68,-72.75,0.00159,15,100.95,2.3,0.10873,12,20.78,-15.52,0.77453,11,38.48,29.73,0.11515,4,14,-4.96,39.06,0.06395,15,-10.39,15.8,0.1142,13,57.5,17.15,0.8072,16,42.52,-64.09,0.01464,2,14,-8.02,-2.1,0.53092,15,30.61,10.98,0.46908,2,15,39.87,-2.28,0.99151,12,78.68,4.44,0.00849,4,14,-9.67,-23.93,0.12211,15,52.34,8.39,0.84539,12,69.34,-9.05,0.03179,11,34.93,78.59,0.00071,2,15,45.44,-0.79,0.99541,12,73.68,1.58,0.00459,4,14,-11.65,-60.61,0.0057,15,88.91,4.85,0.14306,12,33.07,-14.92,0.82014,11,38.62,42.04,0.0311],"edges":[0,2,2,4,4,6,6,8,8,10,10,12,12,14,14,16,16,18,18,20,20,22,22,24,24,26,26,28,28,30,30,32,32,34,34,36,36,38,38,40,40,42,42,44,44,46,46,48,48,50,50,52,52,54,54,56,56,58,58,60,60,62,62,64,64,66,66,68,68,70,70,72,72,74,74,76,76,78,78,80,80,82,82,84,84,86,86,88,88,90,90,92,92,94,94,96,96,98,98,100,100,102,102,104,104,106,106,108,108,110,110,112,112,114,0,114,116,118,120,122,136,142,142,138,140,142,144,146,148,150,152,154,156,158,160,162,164,168,168,166,168,170,172,174,176,178,180,182,184,186,188,190,192,182,132,136,132,194,194,196,128,130,126,124,198,200,186,202]}},"tx_4":{"tx_4":{"type":"mesh","hull":61,"width":160,"height":97,"uvs":[0.02653,0.62246,0.07253,0.54846,0.07253,0.44846,0.09311,0.36446,0.12942,0.36846,0.15485,0.30246,0.18874,0.24246,0.219,0.28646,0.24442,0.24046,0.27711,0.17446,0.30132,0.24046,0.32553,0.29846,0.34853,0.36646,0.40058,0.28646,0.43448,0.23646,0.47685,0.04846,0.49863,0,0.53011,0.06246,0.54221,0.13646,0.59911,0.27446,0.63179,0.34846,0.66811,0.27246,0.6899,0.24246,0.6899,0.17846,0.75285,0.14046,0.77585,0.26646,0.81095,0.24246,0.84848,0.23646,0.88116,0.32446,0.87269,0.35846,0.93079,0.42246,0.94048,0.51246,0.98648,0.54246,0.99011,0.61646,0.98769,0.70646,0.92595,0.74846,0.96711,0.78046,0.97558,0.90046,0.95621,0.96646,0.90295,0.97846,0.85816,0.88246,0.794,0.87446,0.73348,0.85046,0.63663,0.76646,0.56168,0.88175,0.49621,0.98246,0.43448,0.84046,0.42358,0.75646,0.34611,0.73246,0.32432,0.81646,0.29042,0.85646,0.219,0.86646,0.16453,0.86846,0.11248,0.91446,0.08342,0.97046,0.03742,0.93446,0.03258,0.84046,0.11369,0.73646,0.08585,0.68846,0.02411,0.75246,0.00595,0.67846,0.10521,0.64646,0.17785,0.67046,0.1149,0.46246,0.14516,0.57846,0.18511,0.37846,0.2069,0.49846,0.28195,0.31646,0.27832,0.47446,0.37516,0.57046,0.30011,0.69446,0.26379,0.77446,0.1839,0.80046,0.09553,0.84646,0.46111,0.74646,0.46958,0.70246,0.50469,0.87646,0.5519,0.69646,0.5749,0.72846,0.62816,0.64046,0.44053,0.53446,0.48653,0.47646,0.56158,0.54846,0.60395,0.56046,0.71411,0.70046,0.61969,0.46846,0.55553,0.28846,0.43085,0.29446,0.39816,0.48046,0.50227,0.13446,0.50227,0.32446,0.71895,0.32446,0.75285,0.47246,0.80974,0.39646,0.82911,0.54646,0.88842,0.50846,0.88963,0.60646,0.82548,0.68446,0.92837,0.64846,0.84121,0.71646,0.91627,0.84446,0.83153,0.79646,0.74437,0.76646,0.41269,0.54646,0.449,0.63046],"triangles":[96,31,32,95,30,31,23,24,25,20,21,91,20,91,92,21,22,91,91,22,25,92,91,93,28,26,27,40,41,101,41,42,101,42,102,101,42,43,102,100,101,99,101,102,99,43,84,102,102,97,99,102,84,97,84,43,79,99,97,98,97,84,94,97,96,98,97,94,96,92,94,84,84,79,83,92,84,83,94,95,96,95,94,93,94,92,93,95,93,30,30,93,29,29,93,28,26,28,25,28,93,25,96,95,31,91,25,93,23,25,22,38,39,37,37,39,40,37,40,100,100,36,37,100,40,101,100,35,36,35,100,99,35,98,34,35,99,98,34,98,33,98,96,33,96,32,33,43,44,78,45,76,44,45,46,76,46,74,76,78,76,77,44,76,78,75,76,74,77,76,75,46,47,74,74,47,69,75,74,104,74,69,104,78,77,79,48,69,47,75,104,77,79,82,83,79,77,82,77,104,82,92,83,85,69,103,104,103,80,104,104,80,82,69,88,103,83,82,85,80,81,82,82,81,85,103,88,80,80,88,81,85,20,92,43,78,79,81,88,90,87,12,13,88,87,90,81,90,85,20,85,86,86,85,90,20,86,19,87,14,90,86,90,89,86,89,18,89,90,14,87,13,14,86,18,19,89,14,15,89,17,18,89,15,17,15,16,17,54,55,53,55,73,53,55,56,73,53,73,52,52,73,72,73,56,57,59,60,58,60,0,58,58,0,61,0,1,61,12,87,88,1,2,63,52,72,51,50,51,71,51,72,71,50,71,49,62,72,73,49,71,48,71,72,62,62,73,57,71,70,48,71,62,70,57,58,62,62,58,61,62,66,70,70,66,69,69,48,70,69,66,68,61,64,62,62,64,66,61,1,64,64,63,66,68,66,65,68,12,88,66,63,65,68,67,12,68,65,67,63,2,4,63,4,65,4,2,3,4,5,65,65,7,67,65,5,7,67,11,12,7,8,67,67,10,11,67,8,10,5,6,7,8,9,10,1,63,64,69,68,88],"vertices":[2,13,-14.96,16.19,0.12328,16,32.15,7.62,0.87672,2,13,-2.02,23.05,0.58312,16,40.63,-4.31,0.41688,1,13,1.85,36.3,1,1,13,9.6,46.11,1,1,13,17.4,43.25,1,3,13,25.52,50.37,0.95009,16,71.3,-28.06,0.04712,14,17.44,79.37,0.00279,3,13,35.26,56.15,0.89017,16,78.3,-36.97,0.09976,14,25.82,71.75,0.01007,4,13,40.18,48.38,0.98034,16,71.24,-42.86,0.01632,14,19.83,64.77,0.00317,15,-35.01,41.67,0.00018,1,13,47.52,52.85,1,1,13,57.23,59.5,1,1,13,59.97,49.21,1,1,13,63.02,39.98,1,4,13,65.42,29.5,0.9016,16,55.8,-70.34,0.00924,14,9.17,35.1,0.05975,15,-5.83,29.75,0.0294,4,13,79.91,36.76,0.09703,16,64.89,-83.77,0.00601,14,20.36,23.38,0.82545,15,6.37,40.43,0.07151,4,13,89.27,41.22,0.01946,16,70.52,-92.46,0.00098,14,27.36,15.74,0.97036,15,14.3,47.09,0.0092,1,14,53.42,6.41,1,1,14,60.17,1.53,1,1,14,51.65,-5.76,1,2,14,41.47,-8.65,0.99843,15,39.27,60.15,0.00157,4,14,22.59,-21.86,0.80502,15,51.66,40.72,0.19365,11,66.5,85.6,0.00048,12,78.22,-40.14,0.00085,4,14,12.48,-29.44,0.38619,15,58.8,30.29,0.56735,11,57.67,76.55,0.0065,12,68.66,-31.87,0.03996,4,14,23.07,-37.59,0.05587,15,67.39,40.52,0.28211,11,69.39,70.13,0.00997,12,62.96,-43.95,0.65205,4,14,27.27,-42.5,0.0039,15,72.48,44.51,0.0293,11,74.3,65.92,0.00134,12,59.05,-49.11,0.96547,4,14,36.1,-42.39,0.00466,15,72.75,53.34,0.0448,11,83.01,67.39,0.00214,12,61.04,-57.71,0.9484,4,14,41.53,-56.67,0.06083,15,87.25,58.15,0.67204,11,90.57,54.11,0.03571,12,48.24,-66.05,0.23142,4,14,24.21,-62.14,0.03082,15,91.97,40.61,0.40388,11,74.29,46.05,0.05063,12,39.21,-50.29,0.51467,4,14,27.63,-70.1,0.01226,15,100.07,43.68,0.27886,11,78.89,38.71,0.06807,12,32.16,-55.32,0.64081,4,14,28.56,-78.65,0.00625,15,108.65,44.25,0.20156,11,81.13,30.41,0.06355,12,24.01,-58.05,0.72864,4,14,16.52,-86.25,0.00367,15,115.73,31.89,0.17397,11,70.4,21.04,0.08819,12,14.01,-47.9,0.73418,4,14,11.8,-84.38,0.00243,15,113.66,27.26,0.13658,11,65.45,22.16,0.09689,12,14.84,-42.89,0.76411,4,14,3.14,-97.74,0.00002,15,126.64,18.03,0.06847,11,58.95,7.63,0.2342,12,-0.06,-37.27,0.69731,3,15,128.47,5.55,0.02637,11,47.07,3.38,0.42617,12,-5.01,-25.67,0.54746,3,15,138.83,1.1,0.0028,11,44.73,-7.65,0.80221,12,-16.16,-24,0.195,2,11,34.8,-10.16,0.82698,12,-19.26,-14.23,0.17302,2,11,22.46,-11.69,0.84,12,-21.52,-2.01,0.16,2,11,14.4,1.23,0.8939,12,-9.11,6.81,0.1061,2,11,11.61,-8.76,0.98632,12,-19.25,9,0.01368,1,11,-4.4,-13.42,1,1,11,-14.11,-10.58,1,2,11,-17.77,1.11,0.99373,12,-11.15,38.91,0.00627,2,11,-6.4,13.39,0.65184,12,1.78,28.31,0.34816,2,11,-7.75,28,0.17982,12,16.28,30.52,0.82018,2,11,-6.78,42.16,0.03514,12,30.47,30.41,0.96486,2,15,58.17,-27.4,0.27689,12,54.6,24.08,0.72311,2,15,40.61,-42.79,0.97585,12,67.66,43.43,0.02415,1,15,25.27,-56.23,1,1,15,11.79,-36.22,1,1,15,9.66,-24.56,1,3,13,50.72,-18.82,0.64188,15,-7.9,-20.72,0.35657,12,120.19,34.43,0.00155,3,13,42.7,-28.56,0.98508,16,-4.72,-55.36,0.00044,15,-13.21,-32.16,0.01448,3,13,33.73,-31.69,0.99133,16,-8.99,-46.88,0.0085,15,-21.1,-37.44,0.00017,2,13,17.71,-28.44,0.89549,16,-7.85,-30.57,0.10451,2,13,5.72,-25.22,0.57612,16,-6.22,-18.26,0.42388,2,13,-7.46,-27.98,0.07526,16,-10.67,-5.56,0.92474,1,16,-17.29,2.17,1,1,16,-10.77,11.78,1,2,13,-22.08,-13.07,0.00121,16,2.21,10.88,0.99879,2,13,-0.3,-4.48,0.84895,16,13.56,-9.6,0.15105,2,13,-4.53,3.66,0.40654,16,21.08,-4.34,0.59346,1,16,14.51,10.92,1,1,16,25.24,13.45,1,2,13,1.33,7.98,0.58628,16,26.13,-9.6,0.41372,2,13,16.3,0.15,0.99878,16,20.31,-25.45,0.00122,1,13,10.58,31.73,1,1,13,12.71,14.43,1,1,13,29.2,38.37,1,1,13,29.32,21.08,1,1,13,52.79,40.38,1,1,13,45.88,19.69,1,4,13,63.35,0.77,0.19765,16,27.05,-72.02,0.0004,14,-18.9,28.67,0.0078,15,-0.6,1.43,0.79414,2,13,42.12,-10.85,0.91309,15,-18.22,-15.16,0.08691,2,13,31.08,-19.12,0.99061,16,3.12,-42.61,0.00939,2,13,12.59,-17.45,0.83629,16,2.37,-24.06,0.16371,2,13,-8.53,-17.89,0.06351,16,-0.81,-3.18,0.93649,1,15,18.25,-23.44,1,1,15,20.37,-17.43,1,1,15,27.64,-41.67,1,2,15,39.15,-17.17,0.9645,12,75.6,19.02,0.0355,2,15,44.26,-21.74,0.83359,12,69.49,22.14,0.16641,2,15,56.76,-9.96,0.41989,12,60.4,7.58,0.58011,4,13,79.05,1.36,0.01517,16,29.67,-87.51,0.00025,14,-13.74,13.83,0.14923,15,14.44,5.94,0.83535,4,13,91.36,6.1,0.00016,16,35.97,-99.11,0.00006,14,-5.61,3.45,0.66879,15,25.17,13.63,0.33099,2,14,-15.32,-13.79,0.06419,15,41.97,3.18,0.93581,2,14,-16.86,-23.47,0.0107,15,51.58,1.24,0.9893,1,12,39.44,11.23,1,4,14,-4.12,-26.89,0.21088,15,55.55,13.82,0.78539,11,40.88,76.51,0.00124,12,67.62,-15.11,0.00249,3,14,20.54,-11.95,0.90735,15,41.67,39.09,0.09261,11,62.94,95.07,0.00004,4,13,86.22,33.77,0.04867,16,62.74,-90.41,0.00285,14,19.34,16.46,0.9105,15,13.23,39.12,0.03799,4,13,71.87,11.22,0.33485,16,38.52,-79.11,0.00459,14,-6.42,23.59,0.21751,15,5.01,13.68,0.44305,1,14,41.63,0.46,1,3,13,100.69,25.23,0.00014,16,56.15,-105.87,0.00001,14,15.41,0.13,0.99985,1,12,50.05,-39.57,1,1,12,37.92,-21.41,1,4,14,6.37,-70.1,0.00437,15,99.16,22.45,0.1102,11,57.89,35.44,0.0393,12,27.64,-34.55,0.84614,1,12,18.68,-15.38,1,4,14,-8.85,-88.23,0.00002,15,116.62,6.46,0.04923,11,45.64,15.18,0.22591,12,6.68,-23.53,0.72485,3,15,116.49,-7.07,0.00594,11,32.35,12.65,0.12719,12,3.37,-10.42,0.86687,1,12,15.2,3.36,1,3,15,125.15,-13.12,0.00032,11,28.1,2.98,0.61798,12,-6.54,-6.76,0.3817,2,11,15.54,21.01,0.03721,12,10.71,6.86,0.96279,2,11,0.97,1.2,0.9802,12,-9.95,20.21,0.0198,2,11,4.29,21.35,0.23944,12,10.37,18.11,0.76056,1,12,30.66,18.55,1,4,13,72.49,1.55,0.07555,16,29.01,-80.99,0.00061,14,-15.48,20.16,0.06542,15,8.05,4.48,0.85841,3,13,77.19,-11.9,0.01391,15,15.97,-7.36,0.97471,12,100.5,15.43,0.01138],"edges":[0,2,2,4,4,6,6,8,8,10,10,12,12,14,14,16,16,18,18,20,20,22,22,24,24,26,26,28,28,30,30,32,32,34,34,36,36,38,38,40,40,42,42,44,44,46,46,48,48,50,50,52,52,54,54,56,56,58,58,60,60,62,62,64,64,66,66,68,68,70,70,72,72,74,74,76,76,78,78,80,80,82,82,84,84,86,90,92,92,94,94,96,96,98,98,100,100,102,102,104,104,106,106,108,108,110,110,112,112,114,114,116,116,118,118,120,0,120,86,88,88,90,122,124,126,128,130,132,134,136,138,140,142,144,124,146,138,148,150,152,152,154,156,158,160,162,162,164,166,168,170,172,174,176,178,180,182,184,186,188,190,192,194,196,198,200,202,204,206,208]}},"tx_5":{"tx_5":{"type":"mesh","hull":48,"width":153,"height":90,"uvs":[0.48892,0.00696,0.43321,0.17946,0.37624,0.35196,0.32433,0.35196,0.29015,0.37352,0.26103,0.27865,0.21925,0.34549,0.1952,0.38862,0.15595,0.3304,0.11797,0.47271,0.08125,0.44037,0.0496,0.47702,0.0572,0.5719,0.01415,0.63443,0,0.66246,0.01415,0.72499,0.04327,0.79615,0.04074,0.86515,0.02428,0.94277,0.06226,0.97943,0.11543,0.92552,0.13063,0.8824,0.16117,0.88731,0.19773,0.89318,0.27116,0.87809,0.32687,0.85437,0.37751,0.84143,0.42435,0.87809,0.49652,0.98159,0.55982,0.85868,0.59907,0.83281,0.65857,0.86084,0.80164,0.91043,0.97382,0.96434,0.97255,0.87593,0.95609,0.81556,0.97762,0.74656,1,0.66677,0.99534,0.58699,0.9371,0.48565,0.87254,0.42959,0.85861,0.34549,0.81936,0.31315,0.78518,0.33471,0.75226,0.25277,0.71934,0.24199,0.61046,0.35627,0.51931,0.02206,0.0572,0.72284,0.12936,0.78321,0.19266,0.6064,0.09265,0.69265,0.19013,0.7789,0.22558,0.66677,0.30661,0.73146,0.08885,0.54818,0.1091,0.66462,0.24457,0.39724,0.29015,0.63443,0.3256,0.49427,0.3256,0.66893,0.44081,0.59993,0.34206,0.69049,0.41296,0.65815,0.47499,0.83065,0.46107,0.54387,0.45094,0.69481,0.54209,0.56112,0.55982,0.70559,0.50791,0.86515,0.65224,0.73146,0.59021,0.61502,0.65098,0.42743,0.67756,0.67324,0.70542,0.66893,0.79151,0.58268,0.8776,0.84359,0.90798,0.71206,0.70415,0.81124,0.8105,0.74871,0.82949,0.85006,0.90165,0.78537,0.95863,0.68187,0.91178,0.54387,0.8814,0.69912,0.90026,0.60273,0.73074,0.40371,0.72699,0.64731,0.51677,0.11477,0.57754,0.42743,0.48006,0.11909,0.3965,0.44037,0.42164,0.34372,0.50032,0.48781,0.55942,0.33419,0.49019,0.20534,0.45474,0.30452,0.47499,0.37999,0.51298,0.22474,0.53576,0.32824,0.52057,0.5719,0.53742,0.77445,0.48006,0.8824,0.78391,0.80046,0.75353,0.84574,0.81176,0.41449,0.82189,0.56112,0.15468,0.49427,0.15342,0.64521,0.15396,0.58091],"triangles":[83,39,38,85,83,38,82,85,38,37,82,38,36,82,37,36,81,82,35,81,36,76,81,35,76,35,34,76,34,33,33,32,76,46,45,86,43,86,45,41,105,43,41,43,42,105,41,40,83,40,39,106,105,40,106,40,83,106,75,86,106,86,105,85,106,83,87,72,86,75,87,86,72,87,73,74,73,87,85,75,106,84,85,82,84,75,85,79,87,75,77,84,82,70,68,73,81,77,82,75,76,79,74,87,79,81,84,77,84,76,75,79,78,74,74,70,73,103,78,79,78,70,74,30,70,78,30,101,70,81,76,84,80,103,79,104,78,103,76,80,79,104,103,80,31,30,78,32,104,80,31,78,104,32,31,104,32,80,76,86,43,105,43,45,44,14,13,51,48,14,51,15,14,48,16,15,48,22,16,48,16,21,17,20,17,21,18,17,20,19,18,20,4,6,5,57,6,4,7,6,57,7,9,8,11,10,9,3,91,4,59,4,91,57,4,59,107,9,7,55,11,9,55,9,107,109,55,107,50,107,58,57,107,7,57,58,107,109,107,50,57,59,58,60,58,59,55,56,12,108,109,50,55,109,56,59,61,60,109,108,56,53,50,58,49,108,50,62,60,63,60,53,58,54,60,62,54,53,60,50,53,49,52,53,54,51,56,108,108,49,51,53,52,49,48,51,49,54,62,26,25,54,26,52,54,25,24,52,25,22,48,49,52,22,49,16,22,21,52,23,22,24,23,52,12,11,55,51,13,56,56,13,12,59,91,65,72,46,86,89,46,72,67,100,93,61,59,65,66,61,65,72,67,89,71,67,72,73,71,72,63,60,61,100,66,65,63,61,66,67,68,100,68,71,73,71,68,67,101,66,100,68,101,100,64,66,101,63,66,64,70,101,68,26,62,63,26,63,64,29,101,30,69,64,101,29,69,101,27,26,64,102,64,69,27,64,102,28,102,69,27,102,28,28,69,29,47,90,0,88,90,47,90,1,0,95,90,88,92,1,90,98,95,88,46,88,47,94,98,88,92,90,96,96,95,98,94,99,98,96,98,99,94,88,46,90,95,96,92,2,1,97,96,99,92,96,97,89,94,46,91,2,92,93,91,92,93,94,89,99,93,97,99,94,93,93,92,97,91,3,2,65,91,93,67,93,89,100,65,93],"vertices":[1,14,59.27,2.62,1,3,14,37.04,14.48,0.99724,15,15.97,56.7,0.00022,13,93.3,50.1,0.00255,4,14,14.8,26.62,0.64144,15,2.89,35.01,0.16015,13,75.18,32.4,0.19535,16,59.94,-79.65,0.00305,4,14,14.65,37.93,0.28467,15,-8.42,35.35,0.1525,13,64.32,35.57,0.54935,16,61.68,-68.46,0.01349,4,14,11.8,45.35,0.00546,15,-15.95,32.81,0.00329,13,56.4,35.01,0.99007,16,60.09,-60.68,0.00118,1,13,53.71,48.45,1,1,13,42.57,42.79,1,1,13,35.99,38.97,1,1,13,29.86,48.52,1,1,13,16.8,33.36,1,1,13,10.28,39.58,1,1,13,2.34,37.01,1,2,13,0.53,24.89,0.64665,16,42.79,-6.6,0.35335,1,16,36.32,3.9,1,1,16,33.25,7.5,1,1,16,24.87,5.68,1,1,16,14.89,0.81,1,1,16,6.25,2.71,1,1,16,-3.02,7.78,1,2,13,-13.05,-25.48,0.00651,16,-8.92,0.32,0.99349,2,13,0.01,-22.11,0.31765,16,-3.88,-12.2,0.68235,2,13,4.74,-17.75,0.66681,16,1.06,-16.32,0.33319,2,13,10.95,-20.22,0.9176,16,-0.58,-22.8,0.0824,3,15,-38.09,-33.07,0.00079,13,18.39,-23.18,0.98814,16,-2.55,-30.56,0.01107,2,15,-22.03,-31.62,0.05507,13,34.3,-25.81,0.94493,3,15,-9.8,-28.95,0.23889,13,46.81,-26.31,0.76094,12,119.94,42.87,0.00016,3,15,-1.15,-25.89,0.54996,13,55.95,-25.53,0.44616,12,112.35,37.72,0.00388,3,15,11.35,-32.62,0.87902,13,66.35,-35.18,0.08777,12,98.55,41.04,0.03321,3,15,26.68,-46.34,0.91819,13,77.73,-52.32,0.0009,12,80.24,50.41,0.08091,2,15,40.94,-31.03,0.76933,12,70.34,31.97,0.23067,2,15,49.59,-27.97,0.48464,12,62.75,26.82,0.51536,2,15,62.45,-31.95,0.09219,12,49.3,27.39,0.90781,2,12,17.48,26.55,0.87937,11,-3.71,28.96,0.12063,1,11,-4.27,-9.2,1,1,11,6.84,-7.05,1,1,11,13.87,-2.22,1,1,11,23.36,-5.38,1,1,11,34.24,-8.49,1,3,15,136.89,0.88,0.00411,12,-14.34,-23.29,0.03033,11,44.14,-5.79,0.96556,4,14,-0.75,-95.86,0.00076,15,124.59,14.23,0.05988,12,0.96,-33.07,0.37823,11,54.81,8.89,0.56113,4,14,6.24,-81.69,0.01289,15,110.73,21.82,0.21282,12,16.29,-36.89,0.57445,11,59.55,23.96,0.19985,4,14,16.97,-78.52,0.02545,15,108.02,32.67,0.30681,12,21.67,-46.7,0.56875,11,69.66,28.75,0.09899,1,12,30.71,-50.27,1,1,12,37.58,-44.44,1,1,12,46.93,-53.04,1,4,14,29.83,-47.99,0.02092,15,78.08,46.83,0.09565,12,54.23,-52.77,0.88145,11,77.66,60.89,0.00198,4,14,14.9,-24.44,0.54292,15,53.91,32.92,0.43644,12,74.06,-33.17,0.02038,11,59.29,81.86,0.00026,1,14,57.42,-4.03,1,2,13,-4.9,6.35,0.29341,16,23.7,-3.63,0.70659,2,13,8.04,-5.48,0.98063,16,13.65,-17.99,0.01937,3,14,-18.28,66.22,0.00172,13,27.63,12.37,0.95903,16,33.9,-35.1,0.03925,2,13,3.61,7.89,0.87153,16,26.33,-11.86,0.12847,2,13,20.91,-8.67,0.99954,16,12.16,-31.17,0.00046,3,14,-25.62,59.4,0.00059,13,32.01,3.35,0.99329,16,25.52,-40.61,0.00613,2,15,-14.67,-12.43,0.08803,13,46.25,-9.1,0.91197,1,13,8,25.87,1,2,13,8.06,10.33,0.98163,16,29.33,-15.96,0.01837,1,13,46.01,34.89,1,1,13,46.58,3.49,1,4,14,-3.37,37.72,0.03902,15,-8.97,17.33,0.05593,13,59.25,18.27,0.90264,16,43.87,-65.69,0.00242,2,15,-9.92,-4.82,0.05505,13,52.77,-2.93,0.94495,2,14,-16.54,12.48,0.05886,15,15.68,3.09,0.94114,2,15,-6.69,-7.49,0.25143,13,55.22,-6.33,0.74857,3,15,8.93,-3.85,0.9822,13,71.25,-6.73,0.01738,12,108.21,13.83,0.00042,3,15,22.42,-26.78,0.91623,13,78.54,-32.32,0.02327,12,89.33,32.58,0.0605,3,14,-9.36,8.08,0.39351,15,20.38,10.08,0.60632,13,85.84,3.87,0.00017,3,15,17.23,-8.9,0.97751,13,78.01,-13.71,0.01494,12,98.9,16.61,0.00755,2,14,-11.39,-9.69,0.2356,15,38.04,7.29,0.7644,2,15,41.39,-11.34,0.84973,12,74.91,12.82,0.15027,3,15,29.54,-31.46,0.89175,13,84.25,-38.64,0.00361,12,81.26,35.3,0.10464,2,15,61.48,-15.29,0.12701,12,54.48,11.53,0.87299,2,14,-18.18,-20.3,0.00018,15,48.36,0.05,0.99982,4,14,5.93,-33.36,0.25689,15,62.43,23.58,0.67394,12,63.45,-26.3,0.06768,11,51.8,71.67,0.00149,1,12,50.77,3.03,1,1,12,44.97,1.13,1,1,12,29.13,-13.84,1,2,12,3.28,14.48,0.61766,11,7.48,14.06,0.38234,3,15,117.36,-14.54,0.00092,12,0.63,-3.41,0.87286,11,25.19,10.34,0.12623,3,15,72.56,-25.89,0.00813,12,41.07,18.96,0.99157,11,5.28,52.05,0.0003,1,12,20.3,5.93,1,2,12,13.32,17.65,0.84585,11,4.92,24.27,0.15415,2,12,-0.15,6.04,0.73959,11,15.7,10.13,0.26041,3,15,128.52,-11.01,0.00001,12,-9.27,-9.66,0.00254,11,30.83,0.09,0.99745,4,14,-8.26,-90.42,0.0007,15,118.83,6.95,0.05472,12,4.67,-24.58,0.44774,11,46.55,13.11,0.49683,3,15,111.61,-12.7,0.00246,12,6.66,-3.72,0.95641,11,25.86,16.34,0.04114,4,14,-15.83,-88,0.00016,15,116.09,-0.5,0.03028,12,5.42,-16.67,0.57786,11,38.71,14.33,0.3917,4,14,9.17,-50.72,0.01313,15,79.92,26.08,0.07269,12,47.17,-33.17,0.91163,11,57.68,55.02,0.00255,1,12,41,-2.63,1,1,14,45.55,-3.63,1,3,14,5.75,-17.31,0.60991,15,46.39,24.08,0.38912,12,79.09,-22.71,0.00097,1,14,44.89,4.37,1,4,14,3.63,22.2,0.55449,15,6.83,23.66,0.29835,13,76.14,20.42,0.14574,16,48.19,-82.15,0.00143,4,14,16.04,16.83,0.87381,15,12.72,35.83,0.06692,13,84.91,30.72,0.05896,16,59.54,-89.5,0.00031,2,14,-2.13,-0.47,0.90804,15,29.23,16.94,0.09196,3,14,17.62,-13.23,0.86532,15,42.82,36.12,0.13455,12,85.6,-33.44,0.00013,2,14,33.9,2.05,0.99984,13,104.27,43.46,0.00016,3,14,21.13,9.66,0.97798,15,20.11,40.61,0.00848,13,93.26,33.49,0.01355,3,14,11.55,5.15,0.98901,15,24.2,30.85,0.00388,13,94.76,23.01,0.00711,2,14,31.48,-2.95,0.99753,15,33.15,50.41,0.00247,2,14,18.31,-8.06,0.94377,15,37.69,37.04,0.05623,2,14,-12.79,-4.96,0.21938,15,33.26,6.09,0.78062,3,15,36.27,-20.02,0.83644,13,93.65,-29.27,0.00001,12,77.65,22.52,0.16355,3,15,23.43,-33.51,0.91364,13,77.82,-39.09,0.01431,12,86.64,38.83,0.07205,2,12,24.44,13.7,0.97974,11,9.53,35.14,0.02026,2,12,29.58,20.84,0.98363,11,2.71,40.69,0.01637,1,12,29.64,-35.8,1,1,12,23.29,-18.02,1,1,13,23.71,28.47,1,3,14,-23.35,74.71,0.0001,13,18.03,10,0.92884,16,30.3,-25.89,0.07106,1,13,20.45,17.87,1],"edges":[0,2,2,4,4,6,6,8,8,10,10,12,12,14,14,16,16,18,18,20,20,22,22,24,24,26,26,28,28,30,30,32,32,34,34,36,36,38,38,40,40,42,46,48,48,50,50,52,52,54,54,56,56,58,58,60,60,62,62,64,64,66,66,68,68,70,70,72,72,74,74,76,76,78,78,80,80,82,82,84,84,86,86,88,88,90,90,92,92,94,0,94,42,44,44,46,96,44,98,100,104,50,106,108,110,112,114,116,118,120,118,122,124,126,126,128,130,132,134,136,136,140,142,144,144,146,150,152,156,158,160,152,162,164,166,170,170,168,164,170,148,174,174,150,172,174,180,184,184,182,184,186,176,188,188,178,186,188,190,192,192,194,196,198,198,186,136,202,202,138,200,202,128,204,206,208,210,212,214,218,218,216]}}}}],"animations":{"animation":{"slots":{"bg_3":{"color":[{"color":"ffffff00"},{"time":0.2667,"color":"ffffffd3","curve":"stepped"},{"time":1,"color":"ffffffd3"},{"time":1.6667,"color":"ffffff00"}]},"bg_4":{"color":[{"color":"ffffff00"},{"time":0.2667,"color":"ffffffac","curve":"stepped"},{"time":1,"color":"ffffffac"},{"time":1.6667,"color":"ffffff00"}]},"lizi":{"color":[{"time":0.1667,"color":"ffffffdf"},{"time":0.8667,"color":"ffffffba"},{"time":1.6667,"color":"ffffff00"}],"attachment":[{"name":null},{"time":0.1667,"name":"lizi/lizi_00062"},{"time":0.2667,"name":"lizi/lizi_00063"},{"time":0.3667,"name":"lizi/lizi_00064"},{"time":0.4667,"name":"lizi/lizi_00065"},{"time":0.5667,"name":"lizi/lizi_00066"},{"time":0.6667,"name":"lizi/lizi_00067"},{"time":0.7667,"name":"lizi/lizi_00068"},{"time":0.8667,"name":"lizi/lizi_00069"},{"time":0.9667,"name":"lizi/lizi_00070"},{"time":1.0667,"name":"lizi/lizi_00071"},{"time":1.1667,"name":"lizi/lizi_00072"},{"time":1.2667,"name":"lizi/lizi_00073"},{"time":1.3667,"name":"lizi/lizi_00074"},{"time":1.4667,"name":"lizi/lizi_00075"},{"time":1.5667,"name":"lizi/lizi_00076"},{"time":1.6667,"name":null}]},"lizi2":{"color":[{"time":0.0667,"color":"ffffffdf"},{"time":0.8,"color":"ffffff86"},{"time":1.5667,"color":"ffffff0b"}],"attachment":[{"name":null},{"time":0.0667,"name":"lizi/lizi_00062"},{"time":0.1667,"name":"lizi/lizi_00063"},{"time":0.2667,"name":"lizi/lizi_00064"},{"time":0.3667,"name":"lizi/lizi_00065"},{"time":0.4667,"name":"lizi/lizi_00066"},{"time":0.5667,"name":"lizi/lizi_00067"},{"time":0.6667,"name":"lizi/lizi_00068"},{"time":0.7667,"name":"lizi/lizi_00069"},{"time":0.8667,"name":"lizi/lizi_00070"},{"time":0.9667,"name":"lizi/lizi_00071"},{"time":1.0667,"name":"lizi/lizi_00072"},{"time":1.1667,"name":"lizi/lizi_00073"},{"time":1.2667,"name":"lizi/lizi_00074"},{"time":1.3667,"name":"lizi/lizi_00075"},{"time":1.4667,"name":"lizi/lizi_00076"},{"time":1.5667,"name":null}]},"tx_1":{"color":[{"color":"ffffff00","curve":"stepped"},{"time":1.2,"color":"ffffff00"},{"time":1.4,"color":"ffffffa1"},{"time":1.6667,"color":"ffffff00"}],"attachment":[{"name":"tx_1"}]},"tx_2":{"color":[{"color":"ffffff00","curve":"stepped"},{"time":0.7333,"color":"ffffff00"},{"time":0.9667,"color":"ffffff9a"},{"time":1.1333,"color":"ffffff00"}],"attachment":[{"name":"tx_2"}]},"tx_3":{"color":[{"color":"ffffff00","curve":"stepped"},{"time":1,"color":"ffffff00"},{"time":1.2,"color":"ffffff87"},{"time":1.4333,"color":"ffffff00"}],"attachment":[{"name":"tx_3"}]},"tx_4":{"color":[{"color":"ffffff00","curve":"stepped"},{"time":1.1333,"color":"ffffff00"},{"time":1.2667,"color":"ffffff99"},{"time":1.6,"color":"ffffff00"}],"attachment":[{"name":"tx_4"}]},"tx_5":{"color":[{"color":"ffffff00","curve":"stepped"},{"time":0.3333,"color":"ffffff00"},{"time":0.5,"color":"ffffffff","curve":"stepped"},{"time":0.6,"color":"ffffffff"},{"time":1.0667,"color":"ffffff00"}]}},"bones":{"bone2":{"rotate":[{},{"time":1.3333,"angle":10}]},"bone3":{"rotate":[{},{"time":1.3333,"angle":-13.47}]},"hg_18":{"rotate":[{},{"time":0.3333,"angle":-2.1},{"time":1.2667,"angle":3.64},{"time":1.6667}],"translate":[{},{"time":0.3333,"x":0.43,"y":2.13},{"time":1.2667,"x":0.83,"y":-2.14},{"time":1.6667}],"scale":[{},{"time":0.3333,"x":0.961,"y":0.961},{"time":1.6667}]},"hg_17":{"rotate":[{},{"time":0.3333,"angle":-0.36},{"time":1.6667}],"translate":[{},{"time":0.3333,"x":0.25,"y":-17.09},{"time":1.6667}]},"hg_16":{"translate":[{},{"time":0.3333,"x":0.18,"y":-20.75},{"time":1.6667}],"scale":[{},{"time":0.3333,"x":0.942},{"time":1.6667}]},"hg_15":{"rotate":[{},{"time":0.3333,"angle":-11.83},{"time":1.6667}],"translate":[{},{"time":0.3333,"x":0.27,"y":-5.32},{"time":1.2667,"x":0.39,"y":-5.44},{"time":1.6667}]},"hg_14":{"rotate":[{},{"time":0.3333,"angle":10.78},{"time":1.6667}],"translate":[{},{"time":0.3333,"x":0.27,"y":-5.59},{"time":1.2667,"x":1.52,"y":-1.14},{"time":1.6667}]},"hg_13":{"rotate":[{},{"time":0.3333,"angle":4.38},{"time":1.2667,"angle":7.93},{"time":1.6667}],"translate":[{},{"time":0.3333,"x":-2.07,"y":3.96},{"time":1.2667,"x":3.22,"y":6.01},{"time":1.6667}],"scale":[{},{"time":0.3333,"x":0.962,"y":0.962},{"time":1.6667}]},"hg_2":{"translate":[{},{"time":0.3333,"x":1.05,"y":16.68},{"time":1.2667,"x":2.89,"y":21.59},{"time":1.6667}]},"hg_3":{"rotate":[{},{"time":0.3333,"angle":-2.24},{"time":1.2667,"angle":-4.49},{"time":1.6667}],"translate":[{},{"time":0.3333,"x":-2.6,"y":15.8},{"time":1.2667,"x":0.43,"y":20.82},{"time":1.6667}]},"hg_5":{"rotate":[{},{"time":0.3333,"angle":4.17},{"time":1.2667,"angle":12.05},{"time":1.6667}],"translate":[{},{"time":0.3333,"x":-1.4,"y":15.56},{"time":1.2667,"x":-2.79,"y":20.09},{"time":1.6667}]},"hg_6":{"translate":[{},{"time":0.3333,"x":1.85,"y":2.64},{"time":1.2667,"x":1.48,"y":-1.68},{"time":1.6667}]},"hg_4":{"translate":[{},{"time":0.3333,"x":-0.47,"y":-3.74},{"time":1.2667,"x":4.28,"y":0.52},{"time":1.6667}]},"bone":{"rotate":[{"time":0.3333},{"time":1.2667,"angle":3.92},{"time":1.6667}],"scale":[{},{"time":0.3333,"x":1.136,"y":1.136,"curve":"stepped"},{"time":1.2667,"x":1.136,"y":1.136},{"time":1.6667}]}},"deform":{"default":{"hg_1":{"hg_1":[{},{"time":1.2667,"offset":30,"vertices":[-0.01447,0.52337,-0.0306,-0.52267,-0.24404,1.25035,0.1356,-1.26668,0.1535,0.4664,-0.19304,-0.45148,-0.15631,0.17573,0.22433,0.9864,-0.06104,1.80347,-0.01415,1.0083,-0.00428,1.17697,-0.27068,0.78181,-0.08927,0.82256,-0.26194,0.93114,-0.0474,0.96616,-0.29479,1.03267,-0.05672,1.07246,0.33976,1.63368,0.69598,1.51662,0.44449,1.72283,0.559,0.96809]},{"time":1.6667}]},"hg_12":{"hg_12":[{},{"time":0.3333,"offset":6,"vertices":[1.99366,-0.03924,1.91037,-1.18916,2.2528,-2.26484,2.2528,-2.26484,2.33266,1.82,2.2528,-2.26484,2.33266,1.82,2.2528,-2.26484,2.33266,1.82,2.2528,-2.26484,2.33266,1.82,2.2528,-2.26484,0,0,0,0,0,0,0,0,0,0,0,0,0,0,0,0,0,0,0,0,0,0,0,0,0,0,0,0,0,0,0,0,0,0,0,0,0,0,0,0,0,0,0,0,0,0,0,0,0,0,0,0,0,0,0,0,0,0,0,0,0,0,0,0,0,0,0,0,0,0,0,0,0,0,0,0,0,0,0,0,0,0,0,0,0,0,0,0,0,0,0,0,0,0,0,0,0,0,0,0,0,0,0,0,0,0,0,0,0,0,0,0,0,0,0,0,0,0,0,0,0,0,0,0,0,0,0,0,0,0,0,0,0,0,0,0,0,0,0,0,0,0,0,0,0,0,0,0,0,0,0,0,0,0,0,0,0,0,0,0,0,0,0,0,0,0,0,0,0,0,0,0,0,0,-0.07095,1.82012,-1.88487,-0.17147,-0.07095,1.82012,-1.88487,-0.17147,-0.07095,1.82012,-1.88487,-0.17147,-0.07095,1.82012,-1.88487,-0.17147,-0.07095,1.82012,-1.88487,-0.17147,-0.07095,1.82012,-1.88487,-0.17147,-0.07095,1.82012,-1.88487,-0.17147,-0.07095,1.82012,-1.88487,-0.17147,-0.07095,1.82012,-1.88487,-0.17147,-0.07095,1.82012,-1.88487,-0.17147,-0.07095,1.82012,-1.88487,-0.17147,-0.07095,1.82012,-1.88487,-0.17147,-0.07095,1.82012,-1.88487,-0.17147,-0.07095,1.82012,-1.88487,-0.17147,-0.07095,1.82012,-1.88487,-0.17147,-0.07095,1.82012,-1.88487,-0.17147,-0.04333,-1.82098,-0.07095,1.82012,-1.88487,-0.17147,-0.04333,-1.82098,-0.07095,1.82012,-1.88487,-0.17147,-0.04333,-1.82098,-0.07095,1.82012,-1.88487,-0.17147,-0.04333,-1.82098,-0.07095,1.82012,-1.88487,-0.17147,0,0,0,0,0,0,0,0,0,0,0,0,0,0,0,0,0,0,0,0,0,0,0,0,0,0,0,0,0,0,0,0,0,0,0,0,0,0,0,0,0,0,0,0,0,0,0,0,0,0,0,0,0,0,0,0,0,0,0,0,0,0,0,0,0,0,0,0,0,0,0,0,0,0,0,0,0,0,0,0,0,0,0,0,0,0,0,0,0,0,0,0,0,0,0,0,0,0,0,0,0,0,0,0,0,0,0,0,0,0,0,0,0,0,0,0,0,0,0,0,0,0,0,0,0,0,0,0,0,0,0,0,0,0,0,0,0,0,0,0,0,0,0,0,0,0,0,0,0,0,0,0,0,0,0,0,0,0,0,0,0,0,0,0,0,0,0,0,0,0,0,0,0,0,0,0,0,0,0,0,0,0,0,0,0,0,0,0,0,0,0,0,0,0,0,0,0,0,0,0,0,0,0,0,0,0,0,0,0,0,0,0,0,0,0,0,0,0,0,0,0,0,0,0,0,0,0,0,0,0,0,0,0,0,0,0,0,0,0,0,0,0,0,0,0,0,0,0,0,0,0,0,0,0,0,0,0,0,0,0,0,0,0,0,0,0,0,0,0,0,0,0,0,0,0,0,0,0,0,0,0,0,0,0,0,0,0,0,0,0,0,0,0,0,0,0,0,0,0,0,0,0,0,0,0,0,0,0,0,0,0,0,0,0,0,0,0,0,0,0,0,0,0,0,0,0,0,0,0,0,0,0,0,0,0,0,0,0,0,0,0,0,0,0,0,0,0,0,0,0,0,0,0,0,0,0,0,0,0,0,0,0,0,0,0,0,0,0,0,0,0,0,0,0,0,0,0,0,0,0,0,0,0,0,0,0,0,0,0,0,0,0,0,0,0.13816,-1.57833,-1.64637,-0.07869,0.13816,-1.57833,-1.64637,-0.07869,0.13816,-1.57833,-1.64637,-0.07869,0.13816,-1.57833,-1.64637,-0.07869,0.13816,-1.57833,-1.64637,-0.07869,0.13816,-1.57833,-1.64637,-0.07869,0.13816,-1.57833,-1.64637,-0.07869,0.13816,-1.57833,-1.64637,-0.07869,0.13816,-1.57833,-1.64637,-0.07869,0.13816,-1.57833,-1.64637,-0.07869,0.13816,-1.57833,-1.64637,-0.07869,0.13816,-1.57833,-1.64637,-0.07869,0.13816,-1.57833,-1.64637,-0.07869,0.13816,-1.57833,-1.64637,-0.07869,0.13816,-1.57833,-1.64637,-0.07869,0.13816,-1.57833,-1.64637,-0.07869,0.13816,-1.57833,-1.64637,-0.07869,0.13816,-1.57833,-1.64637,-0.07869,0,0,0,0,0,0,0,0,1.74245,1.83614,2.1937,-1.63005,0,0,0,0,0,0,0,0,0,0,0,0,0,0,0,0,0,0,0,0,0,0,0,0,0,0,0,0,0,0,0,0,0,0,0,0,0,0,0,0,0,0,0,0,0,0,0,0,0,0,0,0,0,0,0,0,0,0,0,0,0,0,0,0,0,0,0,0,0,0,0,0,0,0,0,0,0,0,0,0,0,0,0,0,0,0,0,0,0,0,0,0,0,0,0,0,0,0,0,0,0,0,2.33266,1.82,2.2528,-2.26484,0,0,0,0,0,0,0,0,0,0,0,0,0,0,0,0,0,0,0,0,0,0,0,0,0,0,0,0,0,0,0,0,0,0,0,0,0,0,0,0,0,0,0,0,0,0,0,0,0,0,0,0,0,0,0,0,0,0,0,0,0,0,0,0,0,0,0,0,0,0,0,0,0,0,0,0,0,0,0,0,0,0,0,0,0,0,0,0,0,0,0,0,0,0,0,0,0,0,0,0,0,0,0,0,0,0,0,0,0,0,0,0,0,0,0,0,0,0,0,0,0,0,0,0,0,0,0,0,0,0,0,0,0,0,0,0,0,0,0,0,0,0,0,0,0,0,0,0,0,0,0,0,0,0,0,0,0,0,0,0,0,0,0,0,0,0,0,0,0,0,0,0,0,0,0,0,0,0,0,0,0,0,0,0,0,0,0,0,0,0,0,0,0,0,0,0,0,0,0,0,0,0,0,0,0,0,0,0,0,0,0,0,0,0,0,0,0,0,0,0,0,0,0,0,0,0,0,0,0,0,0,0,0,0,0,0,0,0,0,0,0,0,0,0,0,0,0,0,0,0,0,0,0,0,0,0,0,0,0,0,0,0,0,0,0,0,0,0,0,0,0,0,0,0,0,0,0,0,0,0,0,0,0,0,0,0,0,0,0,0,0,0,0,0,-0.07095,1.82012,-1.88487,-0.17147,-0.07095,1.82012,-1.88487,-0.17147,-0.07095,1.82012,-1.88487,-0.17147,0,0,0,0,0,0,0,0,-0.07095,1.82012,-1.88487,-0.17147,0,0,0,0,0,0,0,0,0,0,0,0,0,0,0,0,0,0,0,0,0,0,0,0,0,0,0,0,0,0,0,0,0,0,0,0,0,0,0,0,0,0,0,0,0,0,0,0,0,0,0,0,0,0,0,0,0,0,0,0,0,0,0,0,0,0,0,0,0,0,0,0,0,0,0,0,0,0,0,0,0,0,0,0,0,0,0,0,0,0,0,0,0,0,0,0,0,0,0,0,0,0,0,0,0,0,0,0,0,0,0,0,0,0,0,0,0,0,0,0,0,0,0,0,0,0,0,0,0,0,0,0,2.33266,1.82,2.2528,-2.26484,0,0,0,0,0,0,0,0,2.33266,1.82,2.2528,-2.26484,2.33266,1.82,2.2528,-2.26484,0.65729,1.84984,2.06791,-0.46498]},{"time":1.6667}]}}}}}},[0]]],0,0,[0],[-1],[0]]
