[1,["928RnzxS9Nlbjo8573U3ng@6c48a"],["_textureSource"],["cc.SpriteFrame"],0,[{"name":"icon_lztb_tubiao_wild","rect":{"x":0,"y":0,"width":219,"height":292},"offset":{"x":0,"y":0},"originalSize":{"width":219,"height":292},"rotated":false,"capInsets":[0,0,0,0],"vertices":{"rawPosition":[-109.5,-146,0,109.5,-146,0,-109.5,146,0,109.5,146,0],"indexes":[0,1,2,2,1,3],"uv":[0,292,219,292,0,0,219,0],"nuv":[0,0,1,0,0,1,1,1],"minPos":{"x":-109.5,"y":-146,"z":0},"maxPos":{"x":109.5,"y":146,"z":0}},"packable":true,"pixelsToUnit":100,"pivot":{"x":0.5,"y":0.5},"meshType":0}],[0],0,[0],[0],[0]]
