[1,["a88nbo5dpLiqAF1IB2GqNK","38XSq2Os5Co7b0Pt2ZV19N@6c48a","69tgB5eoFDlYTXnW+wRvoo@6c48a","35EqF8cSNJw7ZRglmoUv/t@6c48a","40LEmo0MlPfqIGPMzlZ6YH@6c48a","abJT3vMclCvKyhYDKptdnF@6c48a","7dj5uJT9FMn6OrOOx83tfK@f9941","40LEmo0MlPfqIGPMzlZ6YH@f9941","868l1cneVFT6X57hZgPmcB","24xBnqY6hOoanQf8RpSJu8@f9941","35EqF8cSNJw7ZRglmoUv/t@f9941","30ZPUYfdFKu4y/SJvl2XpA","63+9L4VUFPaJoje+wJIoBu","74JkJ1IjlFsbUp2PcYqxdm@f9941","15DxdnMKlIdIGq4FtG8n5h"],["node","_spriteFrame","_skeletonData","_textureSource","root","data","_parent","_file","_defaultClip"],[["cc.Node",["_name","_layer","_active","_components","_prefab","_parent","_children","_lpos","_lscale"],0,9,4,1,2,5,5],["cc.Sprite",["_sizeMode","_isTrimmedMode","node","__prefab","_spriteFrame","_color"],1,1,4,6,5],"cc.SpriteFrame",["cc.UITransform",["node","__prefab","_contentSize"],3,1,4,5],["cc.Widget",["_enabled","_alignFlags","_originalWidth","_originalHeight","_left","_right","_top","_bottom","node","__prefab"],-5,1,4],["sp.SkeletonData",["_name","_atlasText","textureNames","_skeletonJson","textures"],-1,3],["cc.Prefab",["_name"],2],["cc.CompPrefabInfo",["fileId"],2],["cc.PrefabInfo",["fileId","instance","targetOverrides","nestedPrefabInstanceRoots","root","asset"],-1,1,1],["cc.Animation",["node","__prefab","_clips","_defaultClip"],3,1,4,3,6],["cc.UIOpacity",["node","__prefab"],3,1,4],["sp.Skeleton",["defaultSkin","defaultAnimation","_premultipliedAlpha","_preCacheMode","node","__prefab","_skeletonData"],-1,1,4,6],["cc.ParticleSystem2D",["_name","_dstBlendFactor","emissionRate","life","lifeVar","angle","angleVar","startSize","startSizeVar","endSize","startSpin","endSpin","endSpinVar","speed","speedVar","tangentialAccel","tangentialAccelVar","radialAccel","radialAccelVar","startRadius","_totalParticles","node","__prefab","posVar","gravity","_startColor","_startColorVar","_endColor","_endColorVar","_file","_spriteFrame"],-18,1,4,5,5,5,5,5,5,6,6]],[[7,0,2],[8,0,1,2,3,4,5,5],[3,0,1,2,1],[5,0,1,2,3,4,5],[11,0,1,2,3,4,5,6,5],[0,0,2,1,5,3,4,4],[0,0,1,5,3,4,7,3],[1,2,3,4,1],[6,0,2],[0,0,1,6,3,4,3],[0,0,2,1,6,3,4,4],[0,0,1,5,6,3,4,3],[0,0,1,5,3,4,3],[0,0,2,1,5,3,4,8,4],[3,0,1,1],[4,0,1,4,5,6,7,2,3,8,9,9],[4,0,1,2,3,8,9,5],[1,0,2,3,5,4,2],[1,0,1,2,3,4,3],[9,0,1,2,3,1],[10,0,1,1],[12,0,1,2,3,4,5,6,7,8,9,10,11,12,13,14,15,16,17,18,19,20,21,22,23,24,25,26,27,28,29,30,22]],[[[[3,"yinbixuanzhuan","\r\nyinbixuanzhuan.png\r\nsize: 512,256\r\nformat: RGBA8888\r\nfilter: Linear,Linear\r\nrepeat: none\r\n0\r\n  rotate: true\r\n  xy: 290, 125\r\n  size: 80, 94\r\n  orig: 80, 94\r\n  offset: 0, 0\r\n  index: -1\r\n1\r\n  rotate: true\r\n  xy: 290, 10\r\n  size: 36, 94\r\n  orig: 36, 94\r\n  offset: 0, 0\r\n  index: -1\r\n10\r\n  rotate: true\r\n  xy: 194, 115\r\n  size: 90, 94\r\n  orig: 90, 94\r\n  offset: 0, 0\r\n  index: -1\r\n11\r\n  rotate: true\r\n  xy: 2, 2\r\n  size: 53, 94\r\n  orig: 53, 94\r\n  offset: 0, 0\r\n  index: -1\r\n12\r\n  rotate: false\r\n  xy: 482, 111\r\n  size: 26, 94\r\n  orig: 26, 94\r\n  offset: 0, 0\r\n  index: -1\r\n13\r\n  rotate: true\r\n  xy: 2, 57\r\n  size: 53, 95\r\n  orig: 53, 95\r\n  offset: 0, 0\r\n  index: -1\r\n14\r\n  rotate: true\r\n  xy: 386, 125\r\n  size: 80, 94\r\n  orig: 80, 94\r\n  offset: 0, 0\r\n  index: -1\r\n2\r\n  rotate: true\r\n  xy: 386, 41\r\n  size: 36, 95\r\n  orig: 36, 95\r\n  offset: 0, 0\r\n  index: -1\r\n3\r\n  rotate: true\r\n  xy: 194, 45\r\n  size: 68, 94\r\n  orig: 68, 94\r\n  offset: 0, 0\r\n  index: -1\r\n4\r\n  rotate: false\r\n  xy: 2, 112\r\n  size: 95, 93\r\n  orig: 95, 93\r\n  offset: 0, 0\r\n  index: -1\r\n5\r\n  rotate: false\r\n  xy: 99, 17\r\n  size: 68, 94\r\n  orig: 68, 94\r\n  offset: 0, 0\r\n  index: -1\r\n6\r\n  rotate: false\r\n  xy: 169, 17\r\n  size: 16, 94\r\n  orig: 16, 94\r\n  offset: 0, 0\r\n  index: -1\r\n7\r\n  rotate: true\r\n  xy: 386, 79\r\n  size: 44, 94\r\n  orig: 44, 94\r\n  offset: 0, 0\r\n  index: -1\r\n8\r\n  rotate: true\r\n  xy: 290, 48\r\n  size: 75, 94\r\n  orig: 75, 94\r\n  offset: 0, 0\r\n  index: -1\r\n9\r\n  rotate: true\r\n  xy: 99, 113\r\n  size: 92, 93\r\n  orig: 92, 93\r\n  offset: 0, 0\r\n  index: -1\r\n",["yinbixuanzhuan.png"],{"skeleton":{"hash":"3QW5giRDH/sy1OnFkaiH1pOacgM","spine":"3.8.99","x":-46,"y":-46,"width":92,"height":93,"images":"E:/新版UI/凤凰/动画源文件/银币/银币素材","audio":""},"bones":[{"name":"root"}],"slots":[{"name":"fsd","bone":"root","attachment":"9"}],"skins":[{"name":"default","attachments":{"fsd":{"0":{"width":80,"height":94},"1":{"width":36,"height":94},"2":{"y":0.5,"width":36,"height":95},"3":{"width":68,"height":94},"4":{"x":0.5,"y":0.5,"width":95,"height":93},"5":{"width":68,"height":94},"6":{"width":16,"height":94},"7":{"width":44,"height":94},"8":{"x":0.5,"width":75,"height":94},"9":{"y":0.5,"width":92,"height":93},"10":{"width":90,"height":94},"11":{"x":0.5,"width":53,"height":94},"12":{"width":26,"height":94},"13":{"x":0.5,"y":0.5,"width":53,"height":95},"14":{"width":80,"height":94}}}}],"animations":{"animation":{"slots":{"fsd":{"attachment":[{"name":"0"},{"time":0.0333,"name":"1"},{"time":0.0667,"name":"2"},{"time":0.1,"name":"3"},{"time":0.1333,"name":"4"},{"time":0.1667,"name":"5"},{"time":0.2,"name":"6"},{"time":0.2333,"name":"7"},{"time":0.2667,"name":"8"},{"time":0.3,"name":"9"},{"time":0.3333,"name":"10"},{"time":0.3667,"name":"11"},{"time":0.4,"name":"12"},{"time":0.4333,"name":"13"},{"time":0.4667,"name":"14"}]}}}}},[0]]],0,0,[0],[-1],[1]],[[[3,"fenghuangixaoyouxi","\r\nfenghuangixaoyouxi.png\r\nsize: 2048,512\r\nformat: RGBA8888\r\nfilter: Linear,Linear\r\nrepeat: none\r\nkuang1\r\n  rotate: false\r\n  xy: 2, 2\r\n  size: 208, 193\r\n  orig: 208, 193\r\n  offset: 0, 0\r\n  index: -1\r\nkuang2\r\n  rotate: false\r\n  xy: 212, 197\r\n  size: 208, 193\r\n  orig: 208, 193\r\n  offset: 0, 0\r\n  index: -1\r\nkuang3\r\n  rotate: false\r\n  xy: 212, 2\r\n  size: 208, 193\r\n  orig: 208, 193\r\n  offset: 0, 0\r\n  index: -1\r\nkuang7\r\n  rotate: false\r\n  xy: 212, 2\r\n  size: 208, 193\r\n  orig: 208, 193\r\n  offset: 0, 0\r\n  index: -1\r\nkuang4\r\n  rotate: false\r\n  xy: 422, 197\r\n  size: 208, 193\r\n  orig: 208, 193\r\n  offset: 0, 0\r\n  index: -1\r\nkuang5\r\n  rotate: false\r\n  xy: 422, 2\r\n  size: 208, 193\r\n  orig: 208, 193\r\n  offset: 0, 0\r\n  index: -1\r\nkuang6\r\n  rotate: false\r\n  xy: 632, 197\r\n  size: 208, 193\r\n  orig: 208, 193\r\n  offset: 0, 0\r\n  index: -1\r\nkuang8\r\n  rotate: false\r\n  xy: 632, 2\r\n  size: 208, 193\r\n  orig: 208, 193\r\n  offset: 0, 0\r\n  index: -1\r\nyinying\r\n  rotate: false\r\n  xy: 1682, 49\r\n  size: 163, 146\r\n  orig: 163, 146\r\n  offset: 0, 0\r\n  index: -1\r\nzi1\r\n  rotate: false\r\n  xy: 842, 197\r\n  size: 208, 193\r\n  orig: 208, 193\r\n  offset: 0, 0\r\n  index: -1\r\nzi10\r\n  rotate: false\r\n  xy: 1682, 197\r\n  size: 208, 193\r\n  orig: 208, 193\r\n  offset: 0, 0\r\n  index: -1\r\nzi2\r\n  rotate: false\r\n  xy: 842, 2\r\n  size: 208, 193\r\n  orig: 208, 193\r\n  offset: 0, 0\r\n  index: -1\r\nzi3\r\n  rotate: false\r\n  xy: 1052, 197\r\n  size: 208, 193\r\n  orig: 208, 193\r\n  offset: 0, 0\r\n  index: -1\r\nzi4\r\n  rotate: false\r\n  xy: 1052, 2\r\n  size: 208, 193\r\n  orig: 208, 193\r\n  offset: 0, 0\r\n  index: -1\r\nzi5\r\n  rotate: false\r\n  xy: 1262, 197\r\n  size: 208, 193\r\n  orig: 208, 193\r\n  offset: 0, 0\r\n  index: -1\r\nzi6\r\n  rotate: false\r\n  xy: 1262, 2\r\n  size: 208, 193\r\n  orig: 208, 193\r\n  offset: 0, 0\r\n  index: -1\r\nzi7\r\n  rotate: false\r\n  xy: 1472, 197\r\n  size: 208, 193\r\n  orig: 208, 193\r\n  offset: 0, 0\r\n  index: -1\r\nzi8\r\n  rotate: false\r\n  xy: 1472, 2\r\n  size: 208, 193\r\n  orig: 208, 193\r\n  offset: 0, 0\r\n  index: -1\r\nzi9\r\n  rotate: false\r\n  xy: 2, 197\r\n  size: 208, 193\r\n  orig: 208, 193\r\n  offset: 0, 0\r\n  index: -1\r\n",["fenghuangixaoyouxi.png"],{"skeleton":{"hash":"uOhJ6tRII+wiuWIaZT/Ygkb4yGM","spine":"3.8.99","x":-104,"y":-96,"width":208,"height":193,"images":"E:/新版UI/凤凰/动画源文件/凤凰/小游戏凤凰","audio":""},"bones":[{"name":"root"}],"slots":[{"name":"di","bone":"root","attachment":"yinying"},{"name":"zi","bone":"root","attachment":"zi1"},{"name":"kuang","bone":"root"}],"skins":[{"name":"default","attachments":{"di":{"yinying":{"x":0.5,"width":163,"height":146}},"kuang":{"kuang1":{"y":0.5,"width":208,"height":193},"kuang2":{"y":0.5,"width":208,"height":193},"kuang3":{"y":0.5,"width":208,"height":193},"kuang4":{"y":0.5,"width":208,"height":193},"kuang5":{"y":0.5,"width":208,"height":193},"kuang6":{"y":0.5,"width":208,"height":193},"kuang7":{"y":0.5,"width":208,"height":193},"kuang8":{"y":0.5,"width":208,"height":193}},"zi":{"zi1":{"y":0.5,"width":208,"height":193},"zi2":{"y":0.5,"width":208,"height":193},"zi3":{"y":0.5,"width":208,"height":193},"zi4":{"y":0.5,"width":208,"height":193},"zi5":{"y":0.5,"width":208,"height":193},"zi6":{"y":0.5,"width":208,"height":193},"zi7":{"y":0.5,"width":208,"height":193},"zi8":{"y":0.5,"width":208,"height":193},"zi9":{"y":0.5,"width":208,"height":193},"zi10":{"y":0.5,"width":208,"height":193}}}}],"animations":{"animation":{"slots":{"kuang":{"attachment":[{"name":"kuang1"},{"time":0.0667,"name":"kuang2"},{"time":0.1333,"name":"kuang3"},{"time":0.2,"name":"kuang4"},{"time":0.2667,"name":"kuang5"},{"time":0.3333,"name":"kuang6"},{"time":0.4,"name":"kuang7"},{"time":0.4667,"name":"kuang8"}]},"zi":{"attachment":[{"time":0.0667,"name":"zi2"},{"time":0.1333,"name":"zi3"},{"time":0.2,"name":"zi4"},{"time":0.2667,"name":"zi5"},{"time":0.3333,"name":"zi6"},{"time":0.4,"name":"zi7"},{"time":0.4667,"name":"zi8"},{"time":0.5333,"name":"zi9"},{"time":0.6,"name":"zi10"}]}}}}},[0]]],0,0,[0],[-1],[2]],[[{"name":"addOne","rect":{"x":0,"y":0,"width":50,"height":48},"offset":{"x":0,"y":0},"originalSize":{"width":50,"height":48},"rotated":false,"capInsets":[0,0,0,0],"vertices":{"rawPosition":[-25,-24,0,25,-24,0,-25,24,0,25,24,0],"indexes":[0,1,2,2,1,3],"uv":[0,48,50,48,0,0,50,0],"nuv":[0,0,1,0,0,1,1,1],"minPos":{"x":-25,"y":-24,"z":0},"maxPos":{"x":25,"y":24,"z":0}},"packable":true,"pixelsToUnit":100,"pivot":{"x":0.5,"y":0.5},"meshType":0}],[2],0,[0],[3],[3]],[[{"name":"yuanBao","rect":{"x":0,"y":0,"width":149,"height":136},"offset":{"x":0,"y":0},"originalSize":{"width":149,"height":136},"rotated":false,"capInsets":[0,0,0,0],"vertices":{"rawPosition":[-74.5,-68,0,74.5,-68,0,-74.5,68,0,74.5,68,0],"indexes":[0,1,2,2,1,3],"uv":[0,136,149,136,0,0,149,0],"nuv":[0,0,1,0,0,1,1,1],"minPos":{"x":-74.5,"y":-68,"z":0},"maxPos":{"x":74.5,"y":68,"z":0}},"packable":true,"pixelsToUnit":100,"pivot":{"x":0.5,"y":0.5},"meshType":0}],[2],0,[0],[3],[4]],[[[3,"yindingzhongjiang","\r\nyindingzhongjiang.png\r\nsize: 2048,256\r\nformat: RGBA8888\r\nfilter: Linear,Linear\r\nrepeat: none\r\n1\r\n  rotate: false\r\n  xy: 405, 2\r\n  size: 62, 64\r\n  orig: 62, 64\r\n  offset: 0, 0\r\n  index: -1\r\n10\r\n  rotate: true\r\n  xy: 405, 68\r\n  size: 183, 170\r\n  orig: 183, 170\r\n  offset: 0, 0\r\n  index: -1\r\n2\r\n  rotate: false\r\n  xy: 912, 11\r\n  size: 77, 77\r\n  orig: 77, 77\r\n  offset: 0, 0\r\n  index: -1\r\n3\r\n  rotate: true\r\n  xy: 1069, 12\r\n  size: 98, 93\r\n  orig: 98, 93\r\n  offset: 0, 0\r\n  index: -1\r\n4\r\n  rotate: false\r\n  xy: 1470, 130\r\n  size: 119, 121\r\n  orig: 119, 121\r\n  offset: 0, 0\r\n  index: -1\r\n5\r\n  rotate: false\r\n  xy: 1069, 112\r\n  size: 135, 139\r\n  orig: 135, 139\r\n  offset: 0, 0\r\n  index: -1\r\n6\r\n  rotate: true\r\n  xy: 912, 90\r\n  size: 161, 155\r\n  orig: 161, 155\r\n  offset: 0, 0\r\n  index: -1\r\n7\r\n  rotate: true\r\n  xy: 740, 73\r\n  size: 178, 170\r\n  orig: 178, 170\r\n  offset: 0, 0\r\n  index: -1\r\n8\r\n  rotate: true\r\n  xy: 577, 60\r\n  size: 191, 161\r\n  orig: 191, 161\r\n  offset: 0, 0\r\n  index: -1\r\n9\r\n  rotate: true\r\n  xy: 240, 59\r\n  size: 192, 163\r\n  orig: 192, 163\r\n  offset: 0, 0\r\n  index: -1\r\ndi\r\n  rotate: true\r\n  xy: 1206, 113\r\n  size: 138, 135\r\n  orig: 138, 135\r\n  offset: 0, 0\r\n  index: -1\r\nyinzi\r\n  rotate: true\r\n  xy: 1343, 102\r\n  size: 149, 125\r\n  orig: 149, 125\r\n  offset: 0, 0\r\n  index: -1\r\n光\r\n  rotate: true\r\n  xy: 2, 12\r\n  size: 239, 236\r\n  orig: 239, 236\r\n  offset: 0, 0\r\n  index: -1\r\n",["yindingzhongjiang.png"],{"skeleton":{"hash":"MYYrV0fjjv6/ITEz51Zbt2pJD2c","spine":"3.8.99","x":-119,"y":-118,"width":239,"height":236,"images":"../银锭中奖/","audio":""},"bones":[{"name":"root"},{"name":"骨骼","parent":"root"}],"slots":[{"name":"1","bone":"root","attachment":"di"},{"name":"3","bone":"root","attachment":"9"},{"name":"2","bone":"root","attachment":"yinzi"},{"name":"光","bone":"骨骼","attachment":"光","blend":"screen"}],"skins":[{"name":"default","attachments":{"1":{"di":{"y":0.5,"width":138,"height":135}},"2":{"yinzi":{"x":0.5,"y":0.5,"width":149,"height":125}},"3":{"1":{"width":62,"height":64},"2":{"x":0.5,"y":0.5,"width":77,"height":77},"3":{"y":0.5,"width":98,"height":93},"4":{"x":0.5,"y":0.5,"width":119,"height":121},"5":{"x":0.5,"y":0.5,"width":135,"height":139},"6":{"x":0.5,"y":0.5,"width":161,"height":155},"7":{"width":178,"height":170},"8":{"x":0.5,"y":0.5,"width":191,"height":161},"9":{"y":0.5,"width":192,"height":163},"10":{"x":0.5,"width":183,"height":170}},"光":{"光":{"x":0.5,"width":239,"height":236}}}}],"animations":{"animation":{"slots":{"3":{"attachment":[{"name":"1"},{"time":0.0667,"name":"2"},{"time":0.1333,"name":"3"},{"time":0.2,"name":"4"},{"time":0.2667,"name":"5"},{"time":0.3333,"name":"6"},{"time":0.4,"name":"7"},{"time":0.4667,"name":"8"},{"time":0.5333,"name":"9"},{"time":0.6,"name":"10"}]}},"bones":{"骨骼":{"scale":[{"x":0.5,"y":0.5,"curve":0.25,"c3":0.75},{"time":0.6,"x":1.5,"y":1.5}]}}}}},[0]]],0,0,[0],[-1],[5]],[[[8,"icon"],[9,"icon",33554432,[-3,-4,-5,-6,-7],[[2,-2,[0,"f7KbPE+8dN74zThCUbehFk"],[5,174,138]]],[1,"a5nYjKpzlLv6zEFJ6w2v8w",null,null,null,-1,0]],[5,"focusBorder",false,33554432,1,[[2,-8,[0,"a6LuKAjMBB25A5Fl9nUjee"],[5,189,176]],[15,false,45,-59.5,-59.5,-59,-59,272,264,-9,[0,"3d4xqgQShCMpwKil8+OBxa"]],[7,-10,[0,"4azYiFraZCgq7c+/TvIuCI"],7],[19,-11,[0,"cfRtWv6RBIQ4fnKuazZEgu"],[8],9],[20,-12,[0,"dfoc5sHIxPR5ACZJUn1uBF"]]],[1,"5fzkRIiZtNzqcnW8STTCEo",null,null,null,1,0]],[10,"amount",false,33554432,[-15,-16],[[2,-13,[0,"02GHk0C6hIzrgT3tpg9gUq"],[5,208,193]],[4,"default","animation",false,0,-14,[0,"2dd33x819LcJksFTnICNFf"],5]],[1,"3cmwgsZspHS77ZUHduTpjW",null,null,null,1,0]],[5,"bg",false,33554432,1,[[2,-17,[0,"d2WVojylxP6L2fXoUlU+Sk"],[5,125,140]],[17,0,-18,[0,"40urBiFV1FWYvM15jkfSbt"],[4,4281085025],0],[16,false,45,160,160,-19,[0,"9aWQmX5qZJiomkQ2L8lwxX"]]],[1,"47OF56SXJH4Jj3HcSBa394",null,null,null,1,0]],[11,"face-animation",33554432,1,[3],[[2,-20,[0,"04QkhgIo9DEIzru/tVaiQ+"],[5,239,236]],[4,"default","animation",false,0,-21,[0,"92aS7e72pKdLQcavWupm6W"],6]],[1,"91WstUg3NNeLIafOJghyhV",null,null,null,1,0]],[12,"face",33554432,1,[[2,-22,[0,"90M4IHYrxLxojhccxAputI"],[5,149,136]],[18,2,false,-23,[0,"0fXjwPXJhKdo1iitmvWle9"],1]],[1,"4aVAINlYBLGJ/fMVyCJJkb",null,null,null,1,0]],[6,"props_Particle2D",33554432,3,[[14,-24,[0,"3cBdOtL9VDSJKVvEcQ6ZnN"]],[21,"Node<ParticleSystem2D>",1,999.999985098839,0.20000000298023224,0.5,360,360,3.369999885559082,50,30.31999969482422,-47.369998931884766,-47.369998931884766,-142.11000061035156,0,190.7899932861328,-92.11000061035156,65.79000091552734,-671.0499877929688,65.79000091552734,100,200,-25,[0,"8easGDYRlOTIt5p2javoBP"],[0,7,7],[0,0.25,0.8600000143051147],[4,2740373706],[4,3333292005],[4,3591610797],[4,3170498923],2,3]],[1,"aczKWwPlJNM41nilBJmNib",null,null,null,1,0],[1,0,0,-1]],[6,"props_addOne",33554432,3,[[2,-26,[0,"898oOMFW1Hx6iimRMH6SS7"],[5,50,48]],[7,-27,[0,"27z/sCxjNHSrPH3v8DFjou"],4]],[1,"1dpsmx/WRHk5ZVwqHvN9PI",null,null,null,1,0],[1,0,2,0]],[13,"yinBi",false,33554432,1,[[2,-28,[0,"03IJ6i7tBE0LnzGNoUlrFA"],[5,92,93]],[4,"default","animation",false,0,-29,[0,"51Aa5/cQ9AR7XIm2aSVJUg"],10]],[1,"8fLGLbW6ZIrp/8nZLpbI2O",null,null,null,1,0],[1,0.7,0.7,1]]],0,[0,4,1,0,0,1,0,-1,4,0,-2,6,0,-3,5,0,-4,2,0,-5,9,0,0,2,0,0,2,0,0,2,0,0,2,0,0,2,0,0,3,0,0,3,0,-1,7,0,-2,8,0,0,4,0,0,4,0,0,4,0,0,5,0,0,5,0,0,6,0,0,6,0,0,7,0,0,7,0,0,8,0,0,8,0,0,9,0,0,9,0,5,1,3,6,5,29],[0,0,0,0,0,0,0,0,0,0,0],[1,1,7,1,1,2,2,1,-1,8,2],[6,7,8,9,10,11,12,13,0,0,14]]]]
