[1,["51vIuXiW1Jy7IrSs655Fbi","f0cda7kRpIdZ/UuJSVga5g","52BCe1sllHuZELRDINF5UI","a96X9X5GlM15q31NBtwQRU","42h10fq/JKJZPf2wyBhd79@f9941","fax64h9bhIS5ij8oyNhTGk@f9941","d7jol+aUZL4IyyINZTPGfZ@f9941","cde0DQl/ZBM61Uzw6MciJo@f9941","7bdXhXDdRBw54gk4NVJEK4@f9941","17DqzUQhRIao5kV4ADrjew@6c48a","2dt6dBzshArqDs2RjUlvlk@f9941","9bazhSNVdH96yLjrfQm0i3","4bks4cuKZG0ZMMM+1vfQq/@6c48a"],["node","_font","_skeletonData","_spriteFrame","_atlas","_target","_normalSprite","root","data"],[["cc.Node",["_name","_layer","_objFlags","_active","_components","_prefab","_parent","_lpos","_children"],-1,9,4,1,5,2],["cc.UITransform",["node","__prefab","_contentSize"],3,1,4,5],["cc.Sprite",["_type","_sizeMode","node","__prefab","_spriteFrame","_atlas"],1,1,4,6,6],"cc.SpriteAtlas",["sp.SkeletonData",["_name","_atlasText","textureNames","_skeletonJson","textures"],-1,3],["cc.Prefab",["_name"],2],["cc.CompPrefabInfo",["fileId"],2],["cc.PrefabInfo",["fileId","instance","targetOverrides","nestedPrefabInstanceRoots","root","asset"],-1,1,1],["cc.Button",["_transition","_zoomScale","node","__prefab","_normalColor","_target","_normalSprite"],1,1,4,5,1,6],["cc.Label",["_string","_actualFontSize","_fontSize","_enableWrapText","_isSystemFontUsed","node","__prefab","_font"],-2,1,4,6],["sp.Skeleton",["defaultSkin","defaultAnimation","_premultipliedAlpha","_preCacheMode","node","__prefab","_skeletonData"],-1,1,4,6],["cc.BlockInputEvents",["node","__prefab"],3,1,4]],[[6,0,2],[7,0,1,2,3,4,5,5],[1,0,1,2,1],[0,0,2,1,6,4,5,7,4],[9,0,1,2,3,4,5,6,7,6],[10,0,1,2,3,4,5,6,5],[0,0,3,1,6,4,5,4],[0,0,1,6,8,4,5,7,3],[0,0,1,6,4,5,3],[2,0,1,2,3,4,5,3],[8,0,1,2,3,4,5,6,3],[4,0,1,2,3,4,5],[5,0,2],[0,0,1,8,4,5,3],[0,0,1,6,4,5,7,3],[1,0,1,1],[2,2,3,4,5,1],[11,0,1,1]],[[[[11,"skeleton","\r\nskeleton.png\r\nsize: 2048,2048\r\nformat: RGBA8888\r\nfilter: Linear,Linear\r\nrepeat: none\r\n1\r\n  rotate: true\r\n  xy: 2, 1122\r\n  size: 278, 570\r\n  orig: 278, 570\r\n  offset: 0, 0\r\n  index: -1\r\n10\r\n  rotate: true\r\n  xy: 574, 562\r\n  size: 278, 570\r\n  orig: 278, 570\r\n  offset: 0, 0\r\n  index: -1\r\n11\r\n  rotate: true\r\n  xy: 1146, 562\r\n  size: 278, 570\r\n  orig: 278, 570\r\n  offset: 0, 0\r\n  index: -1\r\n12\r\n  rotate: true\r\n  xy: 2, 282\r\n  size: 278, 570\r\n  orig: 278, 570\r\n  offset: 0, 0\r\n  index: -1\r\n13\r\n  rotate: true\r\n  xy: 574, 282\r\n  size: 278, 570\r\n  orig: 278, 570\r\n  offset: 0, 0\r\n  index: -1\r\n14\r\n  rotate: true\r\n  xy: 1146, 282\r\n  size: 278, 570\r\n  orig: 278, 570\r\n  offset: 0, 0\r\n  index: -1\r\n15\r\n  rotate: false\r\n  xy: 1718, 258\r\n  size: 278, 570\r\n  orig: 278, 570\r\n  offset: 0, 0\r\n  index: -1\r\n16\r\n  rotate: true\r\n  xy: 2, 2\r\n  size: 278, 570\r\n  orig: 278, 570\r\n  offset: 0, 0\r\n  index: -1\r\n2\r\n  rotate: true\r\n  xy: 574, 1122\r\n  size: 278, 570\r\n  orig: 278, 570\r\n  offset: 0, 0\r\n  index: -1\r\n3\r\n  rotate: true\r\n  xy: 1146, 1122\r\n  size: 278, 570\r\n  orig: 278, 570\r\n  offset: 0, 0\r\n  index: -1\r\n4\r\n  rotate: true\r\n  xy: 2, 842\r\n  size: 278, 570\r\n  orig: 278, 570\r\n  offset: 0, 0\r\n  index: -1\r\n5\r\n  rotate: true\r\n  xy: 574, 842\r\n  size: 278, 570\r\n  orig: 278, 570\r\n  offset: 0, 0\r\n  index: -1\r\n6\r\n  rotate: true\r\n  xy: 1146, 842\r\n  size: 278, 570\r\n  orig: 278, 570\r\n  offset: 0, 0\r\n  index: -1\r\n7\r\n  rotate: false\r\n  xy: 1718, 830\r\n  size: 278, 570\r\n  orig: 278, 570\r\n  offset: 0, 0\r\n  index: -1\r\n8\r\n  rotate: true\r\n  xy: 2, 562\r\n  size: 278, 570\r\n  orig: 278, 570\r\n  offset: 0, 0\r\n  index: -1\r\n9\r\n  rotate: true\r\n  xy: 574, 2\r\n  size: 278, 570\r\n  orig: 278, 570\r\n  offset: 0, 0\r\n  index: -1\r\n",["skeleton.png"],{"skeleton":{"hash":"TQeP6nJhRTpmKhVGsi40OkaaekU","spine":"3.8.99","x":-139,"y":-285,"width":278,"height":570,"images":"E:/新版UI/凤凰/动画源文件/小游戏选择框/小游戏选择框素材","audio":""},"bones":[{"name":"root"}],"slots":[{"name":"1231","bone":"root","attachment":"9"}],"skins":[{"name":"default","attachments":{"1231":{"1":{"width":278,"height":570},"2":{"width":278,"height":570},"3":{"width":278,"height":570},"4":{"width":278,"height":570},"5":{"width":278,"height":570},"6":{"width":278,"height":570},"7":{"width":278,"height":570},"8":{"width":278,"height":570},"9":{"width":278,"height":570},"10":{"width":278,"height":570},"11":{"width":278,"height":570},"12":{"width":278,"height":570},"13":{"width":278,"height":570},"14":{"width":278,"height":570},"15":{"width":278,"height":570},"16":{"width":278,"height":570}}}}],"animations":{"animation":{"slots":{"1231":{"attachment":[{"name":"1"},{"time":0.0667,"name":null},{"time":0.1333,"name":"3"},{"time":0.2,"name":"4"},{"time":0.2667,"name":"6"},{"time":0.3333,"name":"7"},{"time":0.4,"name":"8"},{"time":0.4667,"name":"9"},{"time":0.5333,"name":"10"},{"time":0.6,"name":"11"},{"time":0.6667,"name":"12"},{"time":0.7333,"name":"13"},{"time":0.8,"name":"14"},{"time":0.8667,"name":"15"},{"time":0.9333,"name":"16"}]}}}}},[0]]],0,0,[0],[-1],[9]],[[[12,"node_phoenix_sgChoose"],[13,"node_phoenix_sgChoose",4294967295,[-3,-4,-5,-6,-7,-8,-9],[[15,-2,[0,"596Nb6CcNG96uwSNWO9QHV"]]],[1,"c46/YsCPVOJYA4mWEpNYRx",null,null,null,-1,0]],[7,"props_btn_sgChoose_25",4294967295,1,[-14,-15,-16,-17,-18],[[2,-10,[0,"7aviWJ12pJfoc9Ovfiaie6"],[5,190,476]],[9,1,0,-11,[0,"b8vy98HTtI3Y5pnNPnNfma"],5,6],[10,3,0.9,-13,[0,"74xq/gXz9ObLvABjI/xgOH"],[4,4292269782],-12,7]],[1,"b2EWJLT/xD3J7mJ2Ui+Tty",null,null,null,1,0],[1,-392,-666,0]],[7,"props_btn_sgChoose_20",4294967295,1,[-23,-24,-25,-26,-27],[[2,-19,[0,"2e5ehh519OSqI0JniEYuxa"],[5,190,476]],[9,1,0,-20,[0,"4a2cgsDdFFVYc79pnp2jGS"],13,14],[10,3,0.9,-22,[0,"434/yz12NLa6Z/4SUP/G3Y"],[4,4292269782],-21,15]],[1,"12viBd519FdYZYdo1BKVbb",null,null,null,1,0],[1,-194,-666,0]],[7,"props_btn_sgChoose_15",4294967295,1,[-32,-33,-34,-35,-36],[[2,-28,[0,"e8lh4Bx5dMvLxx3rjJ4uDH"],[5,190,476]],[9,1,0,-29,[0,"abZeNBFB1IeLFdZ5fWwX5C"],21,22],[10,3,0.9,-31,[0,"63tUv5S2xLx5mI7assYRiu"],[4,4292269782],-30,23]],[1,"1337hu8PFKi4pQ56PzMD1g",null,null,null,1,0],[1,4,-666,0]],[7,"props_btn_sgChoose_13",4294967295,1,[-41,-42,-43,-44,-45],[[2,-37,[0,"e5Pfw6+bRHbIsL1Nti434A"],[5,190,476]],[9,1,0,-38,[0,"c4vFOWY15DBJMlvazme8BF"],29,30],[10,3,0.9,-40,[0,"acNj9gdYRNaKMGty+BFp7I"],[4,4292269782],-39,31]],[1,"dd8SdHLSZClYwOfO7OExrH",null,null,null,1,0],[1,202,-666,0]],[7,"props_btn_sgChoose_10",4294967295,1,[-50,-51,-52,-53,-54],[[2,-46,[0,"a6h5MPAtZJMbmWvTSaeerQ"],[5,190,476]],[9,1,0,-47,[0,"2dH4tihfVFMa1ANsoIyYkf"],37,38],[10,3,0.9,-49,[0,"d9eHhtiNBA3I4y0b5YapwV"],[4,4292269782],-48,39]],[1,"2bo+LJPMZMk4DqWoDaCPo2",null,null,null,1,0],[1,400,-666,0]],[3,"Label_1",512,4294967295,2,[[2,-55,[0,"5bB22SmzRIhrLAFb7sEEdq"],[5,39.38,40]],[4,"X2",30,30,false,false,-56,[0,"4eImtXZVRE46ShyRy9Jjec"],0]],[1,"e3zedxMoVFSp+j0bvKKIPC",null,null,null,1,0],[1,-54,-184,0]],[3,"Label_2",512,4294967295,2,[[2,-57,[0,"01AS8hczFHRaFBcM/o8V8c"],[5,40.31,40]],[4,"X3",30,30,false,false,-58,[0,"6bXnrIG6pDTpLdlnxwMzOW"],1]],[1,"22RlVqk9lCtZHJgN1UfLCB",null,null,null,1,0],[1,2,-184,0]],[3,"Label_3",512,4294967295,2,[[2,-59,[0,"49AVYrte1Fb51HL/nUAORG"],[5,40.31,40]],[4,"X5",30,30,false,false,-60,[0,"45HbvOyE1EnpveY2l3Zrgk"],2]],[1,"d9wHf/x2BNNowGHaNY/RM3",null,null,null,1,0],[1,58,-184,0]],[8,"free_box_goin",4294967295,2,[[2,-61,[0,"0arktw/qNNlZ8zmr2jY1Ci"],[5,237,507]],[5,"default","animation",false,0,-62,[0,"7eFCKqP8ZNALnHjqSLIMJa"],3]],[1,"85SPt0VJlA8o9r6sMhdOgx",null,null,null,1,0]],[6,"skeleton_in",false,4294967295,2,[[2,-63,[0,"f4BZSrfSZMrYKctT4Ho5co"],[5,278,570]],[5,"default","animation",false,0,-64,[0,"c5dGWjpQNI74dEnAWgkjfp"],4]],[1,"05tXZxEONJdYfKgr63RTVv",null,null,null,1,0]],[3,"Label_1",512,4294967295,3,[[2,-65,[0,"20lNf8PTZOiJ2ElIWgRpq+"],[5,40.31,40]],[4,"X3",30,30,false,false,-66,[0,"85ERhhlwtC4pHwvWUB5IVN"],8]],[1,"afQ63sAbJPiK4jPOrDQTOc",null,null,null,1,0],[1,-54,-184,0]],[3,"Label_2",512,4294967295,3,[[2,-67,[0,"acAcfl/gNA75VmIVmQ7RY7"],[5,40.31,40]],[4,"X5",30,30,false,false,-68,[0,"f1NDT+u29G0LbGBW/7rT+8"],9]],[1,"45dY95yjNOSZqdxHxN5H8Q",null,null,null,1,0],[1,2,-184,0]],[3,"Label_3",512,4294967295,3,[[2,-69,[0,"64yY/Jx/NKk6l3Ccu6wlCa"],[5,39.38,40]],[4,"X8",30,30,false,false,-70,[0,"bfDjEPfr1CWaWjIMp27JSN"],10]],[1,"6bcELLmJJLBZf2+kTfUtjf",null,null,null,1,0],[1,58,-184,0]],[8,"free_box_goin",4294967295,3,[[2,-71,[0,"bbwZ916uZJDIZIKcXfTroh"],[5,237,507]],[5,"default","animation",false,0,-72,[0,"e5m4RuAWhP77lR22BdMFNt"],11]],[1,"43nzJH9PRGtLCMLdgU7KD4",null,null,null,1,0]],[6,"skeleton_in",false,4294967295,3,[[2,-73,[0,"ecHA5dGKBFL7qf2xGSJGbO"],[5,278,570]],[5,"default","animation",false,0,-74,[0,"c7xG4CxZVA+Zj6B+55yE2W"],12]],[1,"51y9gnBzRDCJfA25eFd5yE",null,null,null,1,0]],[3,"Label_1",512,4294967295,4,[[2,-75,[0,"14NUgU5WFOMoea6ONZJ8u/"],[5,40.31,40]],[4,"X5",30,30,false,false,-76,[0,"5eaBJ37/tFFpzCzSUYhArN"],16]],[1,"96bVPvt29N74RI6UIPtvHi",null,null,null,1,0],[1,-54,-184,0]],[3,"Label_2",512,4294967295,4,[[2,-77,[0,"c79TLKMMBMCKxD4zQtskJN"],[5,39.38,40]],[4,"X8",30,30,false,false,-78,[0,"0bOEIkuyNJBrKav3oTcJW6"],17]],[1,"32E1nILThKmq98sSIfVN3s",null,null,null,1,0],[1,2,-184,0]],[3,"Label_3",512,4294967295,4,[[2,-79,[0,"e0ax6csL9Hj6FsMbS6IsYW"],[5,56.25,40]],[4,"X10",30,30,false,false,-80,[0,"9dIuwXcVtPJqDOiNXkL7k/"],18]],[1,"98sGVYMa9EIrbnNTKSc3MT",null,null,null,1,0],[1,58,-184,0]],[8,"free_box_goin",4294967295,4,[[2,-81,[0,"3dXtdE699DubpLNl8Su64q"],[5,237,507]],[5,"default","animation",false,0,-82,[0,"64ZzbOheRKdoJ1IxW9YB1G"],19]],[1,"85n/u259pABpyWai62QKsS",null,null,null,1,0]],[6,"skeleton_in",false,4294967295,4,[[2,-83,[0,"723w5TNetNo5RlKvkd4BjH"],[5,278,570]],[5,"default","animation",false,0,-84,[0,"d1lrZfdXdH5pylnp2Umde6"],20]],[1,"29ubsc8zFJl7mH71A6cxuS",null,null,null,1,0]],[3,"Label_1",512,4294967295,5,[[2,-85,[0,"12lAo0WfxKK4LNpBex7MP4"],[5,39.38,40]],[4,"X8",30,30,false,false,-86,[0,"e8Mb2C0q5LPIXPUGNOr654"],24]],[1,"aaqLzi5BxDZJLryYp92ujf",null,null,null,1,0],[1,-54,-184,0]],[3,"Label_2",512,4294967295,5,[[2,-87,[0,"8c/QPD3WlPZoEF6H6fHtBi"],[5,56.25,40]],[4,"X10",30,30,false,false,-88,[0,"68yr5WG9xNaazlNJJIr9Py"],25]],[1,"4e9PvxzW5LrIoF94rFe2ey",null,null,null,1,0],[1,2,-184,0]],[3,"Label_3",512,4294967295,5,[[2,-89,[0,"09jbvFxR1Noqk035MG0KBI"],[5,56.25,40]],[4,"X15",30,30,false,false,-90,[0,"25QgAnFIZC/JJz7ihm+cGN"],26]],[1,"74wdgzltFDNbgLFOvlVoLR",null,null,null,1,0],[1,58,-184,0]],[8,"free_box_goin",4294967295,5,[[2,-91,[0,"bfT3AzF0BMPaNvwcMWV5dN"],[5,237,507]],[5,"default","animation",false,0,-92,[0,"c3zkLwAw9FYq4LhOsNmH6S"],27]],[1,"6c6XhDynFMKZhdvWxFasts",null,null,null,1,0]],[6,"skeleton_in",false,4294967295,5,[[2,-93,[0,"daBOkk4/RHPp/pVVuaHUTE"],[5,278,570]],[5,"default","animation",false,0,-94,[0,"e37HXcJK5I07jG6JamSmmv"],28]],[1,"85c1TTvhpMxpA5Jd1OwZk1",null,null,null,1,0]],[3,"Label_1",512,4294967295,6,[[2,-95,[0,"a7cIIxIV5FD5FqLxX9KHqr"],[5,56.25,40]],[4,"X10",30,30,false,false,-96,[0,"89wZrzDqFKP6+UPgyVothK"],32]],[1,"2btAyVtE9NDKw/jq/efQJ8",null,null,null,1,0],[1,-54,-184,0]],[3,"Label_2",512,4294967295,6,[[2,-97,[0,"b2IcJNWe9M7q01COFtBG+6"],[5,56.25,40]],[4,"X15",30,30,false,false,-98,[0,"acuFjrw6xA2IBYifEA3dFB"],33]],[1,"f556IMyS1K8I8amqgH6ntR",null,null,null,1,0],[1,2,-184,0]],[3,"Label_3",512,4294967295,6,[[2,-99,[0,"abl9LSf2VBmpZTBkXdT7zi"],[5,60.94,40]],[4,"X30",30,30,false,false,-100,[0,"cfx/1bWa1PLrq+oW2y39sH"],34]],[1,"0cHeMka+xGNrKOxw6EBvMg",null,null,null,1,0],[1,58,-184,0]],[8,"free_box_goin",4294967295,6,[[2,-101,[0,"06siTyjdtPBoAsdM7NxD64"],[5,237,507]],[5,"default","animation",false,0,-102,[0,"72PrHkS09F3KGaCjWlbKsr"],35]],[1,"ecyrC853pD+rdLcsHmoitw",null,null,null,1,0]],[6,"skeleton_in",false,4294967295,6,[[2,-103,[0,"2bUI7hW/xGpbycKmg/uBDX"],[5,278,570]],[5,"default","animation",false,0,-104,[0,"24evaEGIdE7bJWzwgrqASV"],36]],[1,"b7h++V2nVLuYc45/RsbGqY",null,null,null,1,0]],[14,"word_sgChoose_title",4294967295,1,[[2,-105,[0,"ef519X9ipGbarAb3Coj7Gs"],[5,340,44]],[16,-106,[0,"8eWL3RA2JLnoREcCtIkErA"],40,41]],[1,"edUuCD6FVP+KIt5zZGicOh",null,null,null,1,0],[1,0,280,0]],[6,"props_mask",false,4294967295,1,[[2,-107,[0,"dbsRgpCoZGWYJ7RT/DifVW"],[5,2000,1000]],[17,-108,[0,"76na0CGfJJBYKjYBPUsFIj"]]],[1,"903Vgp39tHFpIatR9tE8gp",null,null,null,1,0]]],0,[0,7,1,0,0,1,0,-1,2,0,-2,3,0,-3,4,0,-4,5,0,-5,6,0,-6,32,0,-7,33,0,0,2,0,0,2,0,5,2,0,0,2,0,-1,7,0,-2,8,0,-3,9,0,-4,10,0,-5,11,0,0,3,0,0,3,0,5,3,0,0,3,0,-1,12,0,-2,13,0,-3,14,0,-4,15,0,-5,16,0,0,4,0,0,4,0,5,4,0,0,4,0,-1,17,0,-2,18,0,-3,19,0,-4,20,0,-5,21,0,0,5,0,0,5,0,5,5,0,0,5,0,-1,22,0,-2,23,0,-3,24,0,-4,25,0,-5,26,0,0,6,0,0,6,0,5,6,0,0,6,0,-1,27,0,-2,28,0,-3,29,0,-4,30,0,-5,31,0,0,7,0,0,7,0,0,8,0,0,8,0,0,9,0,0,9,0,0,10,0,0,10,0,0,11,0,0,11,0,0,12,0,0,12,0,0,13,0,0,13,0,0,14,0,0,14,0,0,15,0,0,15,0,0,16,0,0,16,0,0,17,0,0,17,0,0,18,0,0,18,0,0,19,0,0,19,0,0,20,0,0,20,0,0,21,0,0,21,0,0,22,0,0,22,0,0,23,0,0,23,0,0,24,0,0,24,0,0,25,0,0,25,0,0,26,0,0,26,0,0,27,0,0,27,0,0,28,0,0,28,0,0,29,0,0,29,0,0,30,0,0,30,0,0,31,0,0,31,0,0,32,0,0,32,0,0,33,0,0,33,0,8,1,108],[0,0,0,0,0,0,0,0,0,0,0,0,0,0,0,0,0,0,0,0,0,0,0,0,0,0,0,0,0,0,0,0,0,0,0,0,0,0,0,0,0,0],[1,1,1,2,2,3,4,6,1,1,1,2,2,3,4,6,1,1,1,2,2,3,4,6,1,1,1,2,2,3,4,6,1,1,1,2,2,3,4,6,3,4],[0,0,0,1,2,4,3,4,0,0,0,1,2,5,3,5,0,0,0,1,2,6,3,6,0,0,0,1,2,7,3,7,0,0,0,1,2,8,3,8,10,11]],[[{"name":"auto_smallGame","spriteFrames":["bg_fenghuang_xyx_xuanzebox_1","42h10fq/JKJZPf2wyBhd79@f9941","bg_fenghuang_xyx_xuanzebox_4","cde0DQl/ZBM61Uzw6MciJo@f9941","bg_fenghuang_xyx_xuanzebox_3","d7jol+aUZL4IyyINZTPGfZ@f9941","bg_fenghuang_xyx_xuanzebox_2","fax64h9bhIS5ij8oyNhTGk@f9941","bg_fenghuang_xyx_xuanzebox_5","7bdXhXDdRBw54gk4NVJEK4@f9941"]}],[3],0,[],[],[]],[[[11,"free_box_guang","\r\nfree_box_guang.png\r\nsize: 2048,1024\r\nformat: RGBA8888\r\nfilter: Linear,Linear\r\nrepeat: none\r\nfreebox_1\r\n  rotate: false\r\n  xy: 2, 2\r\n  size: 237, 507\r\n  orig: 237, 507\r\n  offset: 0, 0\r\n  index: -1\r\nfreebox_10\r\n  rotate: false\r\n  xy: 958, 2\r\n  size: 237, 507\r\n  orig: 237, 507\r\n  offset: 0, 0\r\n  index: -1\r\nfreebox_11\r\n  rotate: false\r\n  xy: 1197, 511\r\n  size: 237, 507\r\n  orig: 237, 507\r\n  offset: 0, 0\r\n  index: -1\r\nfreebox_12\r\n  rotate: false\r\n  xy: 1197, 2\r\n  size: 237, 507\r\n  orig: 237, 507\r\n  offset: 0, 0\r\n  index: -1\r\nfreebox_2\r\n  rotate: false\r\n  xy: 241, 511\r\n  size: 237, 507\r\n  orig: 237, 507\r\n  offset: 0, 0\r\n  index: -1\r\nfreebox_3\r\n  rotate: false\r\n  xy: 241, 2\r\n  size: 237, 507\r\n  orig: 237, 507\r\n  offset: 0, 0\r\n  index: -1\r\nfreebox_4\r\n  rotate: false\r\n  xy: 480, 511\r\n  size: 237, 507\r\n  orig: 237, 507\r\n  offset: 0, 0\r\n  index: -1\r\nfreebox_5\r\n  rotate: false\r\n  xy: 480, 2\r\n  size: 237, 507\r\n  orig: 237, 507\r\n  offset: 0, 0\r\n  index: -1\r\nfreebox_6\r\n  rotate: false\r\n  xy: 719, 511\r\n  size: 237, 507\r\n  orig: 237, 507\r\n  offset: 0, 0\r\n  index: -1\r\nfreebox_7\r\n  rotate: false\r\n  xy: 719, 2\r\n  size: 237, 507\r\n  orig: 237, 507\r\n  offset: 0, 0\r\n  index: -1\r\nfreebox_8\r\n  rotate: false\r\n  xy: 958, 511\r\n  size: 237, 507\r\n  orig: 237, 507\r\n  offset: 0, 0\r\n  index: -1\r\nfreebox_9\r\n  rotate: false\r\n  xy: 2, 511\r\n  size: 237, 507\r\n  orig: 237, 507\r\n  offset: 0, 0\r\n  index: -1\r\n",["free_box_guang.png"],{"skeleton":{"hash":"F//M9qXq75+9S33eiXTMZx6SX+E","spine":"3.8.99","x":-118,"y":-253,"width":237,"height":507,"images":"","audio":""},"bones":[{"name":"root"}],"slots":[{"name":"112","bone":"root","attachment":"freebox_9"}],"skins":[{"name":"default","attachments":{"112":{"freebox_1":{"x":0.5,"y":0.5,"width":237,"height":507},"freebox_2":{"x":0.5,"y":0.5,"width":237,"height":507},"freebox_3":{"x":0.5,"y":0.5,"width":237,"height":507},"freebox_4":{"x":0.5,"y":0.5,"width":237,"height":507},"freebox_5":{"x":0.5,"y":0.5,"width":237,"height":507},"freebox_6":{"x":0.5,"y":0.5,"width":237,"height":507},"freebox_7":{"x":0.5,"y":0.5,"width":237,"height":507},"freebox_8":{"x":0.5,"y":0.5,"width":237,"height":507},"freebox_9":{"x":0.5,"y":0.5,"width":237,"height":507},"freebox_10":{"x":0.5,"y":0.5,"width":237,"height":507},"freebox_11":{"x":0.5,"y":0.5,"width":237,"height":507},"freebox_12":{"x":0.5,"y":0.5,"width":237,"height":507}}}}],"animations":{"animation":{"slots":{"112":{"attachment":[{"name":"freebox_1"},{"time":0.0667,"name":"freebox_2"},{"time":0.1333,"name":"freebox_3"},{"time":0.2,"name":"freebox_4"},{"time":0.2667,"name":"freebox_5"},{"time":0.3333,"name":"freebox_6"},{"time":0.4,"name":"freebox_7"},{"time":0.4667,"name":"freebox_8"},{"time":0.5333,"name":"freebox_9"},{"time":0.6,"name":"freebox_10"},{"time":0.6667,"name":"freebox_11"},{"time":0.7333,"name":"freebox_12"}]}}}}},[0]]],0,0,[0],[-1],[12]]]]
