[1,["e5dSHgtb5D7oXW/q1wk8C7@6c48a"],["_textureSource"],["cc.SpriteFrame"],0,[{"name":"ocean_icon_starfish","rect":{"x":0,"y":0,"width":194,"height":170},"offset":{"x":0,"y":0},"originalSize":{"width":194,"height":170},"rotated":false,"capInsets":[0,0,0,0],"vertices":{"rawPosition":[-97,-85,0,97,-85,0,-97,85,0,97,85,0],"indexes":[0,1,2,2,1,3],"uv":[0,170,194,170,0,0,194,0],"nuv":[0,0,1,0,0,1,1,1],"minPos":{"x":-97,"y":-85,"z":0},"maxPos":{"x":97,"y":85,"z":0}},"packable":true,"pixelsToUnit":100,"pivot":{"x":0.5,"y":0.5},"meshType":0}],[0],0,[0],[0],[0]]
