[1,["5bc7c498-56d9-4542-a879-b9c87d80039b@6c48a"],0,[["sp.SkeletonData",["_name","_atlasText","textureNames","_skeletonJson","textures"],-1,3]],[[0,0,1,2,3,4,5]],[[0,"hit_pifu2","\r\nhit_pifu2.png\r\nsize: 512,256\r\nformat: RGBA8888\r\nfilter: Linear,Linear\r\nrepeat: none\r\nxing1\r\n  rotate: false\r\n  xy: 226, 185\r\n  size: 57, 39\r\n  orig: 57, 39\r\n  offset: 0, 0\r\n  index: -1\r\nyuwang\r\n  rotate: false\r\n  xy: 2, 2\r\n  size: 222, 222\r\n  orig: 222, 222\r\n  offset: 0, 0\r\n  index: -1\r\n",["hit_pifu2.png"],{"skeleton":{"hash":"P+DlZtKRYIeZWNCY4yUPojH4anU","spine":"2.1.27","width":295.19,"height":222,"images":""},"bones":[{"name":"root"},{"name":"bone5","parent":"root"},{"name":"gen","parent":"root"},{"name":"xing6","parent":"root","x":134.11,"y":69.14},{"name":"bianfu","parent":"gen","x":15.17,"y":15.17},{"name":"wang1","parent":"gen"},{"name":"xing1","parent":"bianfu","x":134.11,"y":69.14},{"name":"xing2","parent":"bianfu","x":144.11,"y":62.47},{"name":"xing3","parent":"bianfu","x":144.11,"y":62.47},{"name":"xing4","parent":"bianfu","x":144.11,"y":62.47},{"name":"xing5","parent":"bianfu","x":144.11,"y":62.47},{"name":"xing7","parent":"bianfu","x":134.11,"y":69.14},{"name":"xing8","parent":"bianfu","x":134.11,"y":69.14}],"slots":[{"name":"yuwang","bone":"wang1","blend":"additive"},{"name":"yuwang2","bone":"wang1","attachment":"yuwang","blend":"additive"},{"name":"xing1","bone":"xing1","attachment":"xing1","blend":"additive"},{"name":"xing6","bone":"xing6"},{"name":"xing10","bone":"xing6","blend":"additive"},{"name":"xing7","bone":"xing7","blend":"additive"},{"name":"xing8","bone":"xing8","blend":"additive"},{"name":"xing2","bone":"xing2","attachment":"xing1","blend":"additive"},{"name":"xing3","bone":"xing3","attachment":"xing1","blend":"additive"},{"name":"xing4","bone":"xing4","attachment":"xing1","blend":"additive"},{"name":"xing5","bone":"xing5","blend":"additive"}],"skins":{"default":{"xing1":{"xing1":{"width":57,"height":39}},"xing10":{"xing1":{"width":57,"height":39}},"xing2":{"xing1":{"width":57,"height":39}},"xing3":{"xing1":{"width":57,"height":39}},"xing4":{"xing1":{"width":57,"height":39}},"xing5":{"xing1":{"width":57,"height":39}},"xing6":{"xing1":{"width":57,"height":39}},"xing7":{"xing1":{"width":57,"height":39}},"xing8":{"xing1":{"width":57,"height":39}},"yuwang":{"yuwang":{"x":3.58,"width":222,"height":222}},"yuwang2":{"yuwang":{"x":3.58,"width":222,"height":222}}}},"animations":{"jibie1":{"slots":{"xing1":{"color":[{"time":0,"color":"ffffff00","curve":"stepped"},{"time":0.0333,"color":"ffffff00"},{"time":0.2666,"color":"ffffffff"},{"time":0.5,"color":"ffffff00"}]},"xing2":{"attachment":[{"time":0,"name":"xing1"}]},"xing3":{"attachment":[{"time":0,"name":"xing1"}]},"xing4":{"attachment":[{"time":0,"name":"xing1"}]},"xing5":{"attachment":[{"time":0,"name":"xing1"},{"time":0.1,"name":"xing1"}]},"xing6":{"attachment":[{"time":0,"name":"xing1"},{"time":0.5,"name":null}],"color":[{"time":0,"color":"ffffff00"},{"time":0.2,"color":"ffffffff"},{"time":0.4666,"color":"ffffff00"}]},"xing7":{"attachment":[{"time":0,"name":"xing1"},{"time":0.1666,"name":"xing1"}],"color":[{"time":0,"color":"ffffff00","curve":"stepped"},{"time":0.1666,"color":"ffffff00"},{"time":0.4,"color":"fffffffd"},{"time":0.6666,"color":"ffffff00"}]},"xing8":{"attachment":[{"time":0,"name":"xing1"}],"color":[{"time":0,"color":"ffffff00"},{"time":0.2,"color":"fffffffd"},{"time":0.5,"color":"ffffff00"}]},"xing10":{"attachment":[{"time":0,"name":"xing1"},{"time":0.5,"name":null}],"color":[{"time":0,"color":"ffffff00"},{"time":0.2,"color":"ffffffff"},{"time":0.4666,"color":"ffffff00"}]},"yuwang":{"color":[{"time":0,"color":"ffffff00"},{"time":0.0666,"color":"01ffd7ff"},{"time":0.4,"color":"ffffff55"},{"time":0.5333,"color":"9f36ff11"},{"time":0.7,"color":"ffffff00"}]},"yuwang2":{"color":[{"time":0,"color":"ffffff00"},{"time":0.0666,"color":"60ffe654"},{"time":0.1666,"color":"ffffffff","curve":"stepped"},{"time":0.3,"color":"ffffffff"},{"time":0.5333,"color":"ca5bff15"},{"time":0.7,"color":"ffffff00"}]}},"bones":{"root":{"rotate":[{"time":0,"angle":0}],"translate":[{"time":0,"x":0,"y":0}],"scale":[{"time":0,"x":1,"y":1}]},"xing1":{"rotate":[{"time":0,"angle":24.44}],"translate":[{"time":0,"x":-134.11,"y":-69.14},{"time":0.5,"x":-188.26,"y":58.69}],"scale":[{"time":0,"x":0,"y":0,"curve":"stepped"},{"time":0.0333,"x":0,"y":0},{"time":0.2666,"x":1.466,"y":1.466},{"time":0.5,"x":0.5,"y":0.5}]},"bone5":{"rotate":[{"time":0,"angle":0}],"translate":[{"time":0,"x":0,"y":0}],"scale":[{"time":0,"x":1,"y":1}]},"gen":{"rotate":[{"time":0,"angle":0}],"translate":[{"time":0,"x":0,"y":0}],"scale":[{"time":0,"x":1,"y":1}]},"wang1":{"rotate":[{"time":0,"angle":62.91},{"time":0.0333,"angle":24.05},{"time":0.1666,"angle":1.17},{"time":0.2333,"angle":-4.54},{"time":0.6333,"angle":-0.85}],"translate":[{"time":0,"x":0,"y":0}],"scale":[{"time":0,"x":0,"y":0},{"time":0.0666,"x":0.74,"y":0.74},{"time":0.1666,"x":1.109,"y":1.109},{"time":0.3,"x":1.084,"y":1.084},{"time":0.6333,"x":1,"y":1}]},"xing2":{"rotate":[{"time":0,"angle":-32.61}],"translate":[{"time":0,"x":-170.4,"y":-85.78},{"time":0.3666,"x":-67.07,"y":43.11}],"scale":[{"time":0,"x":0,"y":0},{"time":0.1333,"x":0.967,"y":0.967},{"time":0.3666,"x":0.5,"y":0.5},{"time":0.4,"x":0,"y":0}]},"xing3":{"rotate":[{"time":0,"angle":0},{"time":0.3,"angle":-139.31}],"translate":[{"time":0,"x":-73.45,"y":-100.34},{"time":0.3,"x":-135.11,"y":-65.75},{"time":0.5666,"x":-53.9,"y":-143.96}],"scale":[{"time":0,"x":0,"y":0,"curve":"stepped"},{"time":0.3,"x":0,"y":0},{"time":0.4,"x":0.967,"y":0.967},{"time":0.5666,"x":1,"y":1},{"time":0.6,"x":0,"y":0}]},"xing4":{"rotate":[{"time":0,"angle":121.24},{"time":0.4333,"angle":149.33}],"translate":[{"time":0,"x":-145.16,"y":-55.29},{"time":0.4333,"x":-204.21,"y":-149.28}],"scale":[{"time":0,"x":0,"y":0},{"time":0.1666,"x":2,"y":2},{"time":0.4333,"x":0,"y":0}]},"xing5":{"rotate":[{"time":0,"angle":0,"curve":"stepped"},{"time":0.1,"angle":0},{"time":0.5333,"angle":-85.46}],"translate":[{"time":0,"x":-144.11,"y":-62.47,"curve":"stepped"},{"time":0.1,"x":-144.11,"y":-62.47},{"time":0.5333,"x":-4.62,"y":-52.47}],"scale":[{"time":0,"x":0,"y":0,"curve":"stepped"},{"time":0.1,"x":0,"y":0},{"time":0.2333,"x":1.749,"y":1.749},{"time":0.5333,"x":0,"y":0}]},"xing6":{"rotate":[{"time":0,"angle":0}],"translate":[{"time":0,"x":-134.11,"y":-59.92},{"time":0.2,"x":-134.11,"y":-58.6}],"scale":[{"time":0,"x":2.811,"y":2.573},{"time":0.2,"x":2.281,"y":2.088}]},"xing7":{"rotate":[{"time":0,"angle":-30.85,"curve":"stepped"},{"time":0.1666,"angle":-30.85},{"time":0.6666,"angle":-78.32}],"translate":[{"time":0,"x":-134.11,"y":-69.14,"curve":"stepped"},{"time":0.1666,"x":-134.11,"y":-69.14},{"time":0.6666,"x":-283.04,"y":-99.23}],"scale":[{"time":0,"x":1,"y":1,"curve":"stepped"},{"time":0.1666,"x":1,"y":1},{"time":0.4,"x":1.5,"y":1.5},{"time":0.6666,"x":1,"y":1}]},"xing8":{"rotate":[{"time":0,"angle":-30.85},{"time":0.5,"angle":-20.76}],"translate":[{"time":0,"x":-134.11,"y":-69.14},{"time":0.5,"x":-95.93,"y":75.23}],"scale":[{"time":0,"x":1,"y":1},{"time":0.2,"x":1.5,"y":1.5},{"time":0.5,"x":1,"y":1}]},"bianfu":{"translate":[{"time":0,"x":-20.22,"y":-40.45}]}}},"jibie2":{"slots":{"xing1":{"color":[{"time":0,"color":"ffffff00","curve":"stepped"},{"time":0.0333,"color":"ffffff00"},{"time":0.2,"color":"ffffffff"},{"time":0.3666,"color":"ffffff00"}]},"xing5":{"attachment":[{"time":0,"name":null}]},"yuwang":{"color":[{"time":0,"color":"ffffff00"},{"time":0.0333,"color":"01ffd7ff"},{"time":0.3,"color":"ffffff55"},{"time":0.4,"color":"9f36ff11"},{"time":0.5,"color":"ffffff00"}]},"yuwang2":{"color":[{"time":0,"color":"ffffff00"},{"time":0.0333,"color":"60ffe654"},{"time":0.1666,"color":"ffffffff","curve":"stepped"},{"time":0.2333,"color":"ffffffff"},{"time":0.4,"color":"ca5bff15"},{"time":0.5,"color":"ffffff00"}]}},"bones":{"root":{"rotate":[{"time":0,"angle":0}],"translate":[{"time":0,"x":0,"y":0}],"scale":[{"time":0,"x":1,"y":1}]},"xing1":{"rotate":[{"time":0,"angle":0,"curve":"stepped"},{"time":0.0333,"angle":0}],"translate":[{"time":0,"x":-193.82,"y":-12.97,"curve":"stepped"},{"time":0.0333,"x":-193.82,"y":-12.97}],"scale":[{"time":0,"x":0,"y":0,"curve":"stepped"},{"time":0.0333,"x":0,"y":0},{"time":0.2,"x":1.466,"y":1.466},{"time":0.3666,"x":0,"y":0}]},"bone5":{"rotate":[{"time":0,"angle":0}],"translate":[{"time":0,"x":0,"y":0}],"scale":[{"time":0,"x":1,"y":1}]},"gen":{"rotate":[{"time":0,"angle":0}],"translate":[{"time":0,"x":0,"y":0}],"scale":[{"time":0,"x":1,"y":1}]},"wang1":{"rotate":[{"time":0,"angle":62.91},{"time":0.1,"angle":0},{"time":0.2333,"angle":-6.41},{"time":0.4,"angle":-8.42}],"translate":[{"time":0,"x":-50.46,"y":-29.5}],"scale":[{"time":0,"x":0,"y":0},{"time":0.0666,"x":0.74,"y":0.74},{"time":0.1666,"x":1.109,"y":1.109},{"time":0.4,"x":1,"y":1}]},"xing2":{"rotate":[{"time":0,"angle":0,"curve":"stepped"},{"time":0.1,"angle":0}],"translate":[{"time":0,"x":-239.54,"y":-128.88,"curve":"stepped"},{"time":0.1,"x":-239.54,"y":-128.88}],"scale":[{"time":0,"x":0,"y":0,"curve":"stepped"},{"time":0.1,"x":0,"y":0},{"time":0.2333,"x":1.175,"y":1.175},{"time":0.4333,"x":0,"y":0}]},"xing3":{"rotate":[{"time":0,"angle":0,"curve":"stepped"},{"time":0.3,"angle":0}],"translate":[{"time":0,"x":-65.9,"y":-9.35,"curve":"stepped"},{"time":0.3,"x":-65.9,"y":-9.35}],"scale":[{"time":0,"x":0,"y":0,"curve":"stepped"},{"time":0.3,"x":0,"y":0},{"time":0.4,"x":0.967,"y":0.967},{"time":0.5666,"x":0,"y":0}]},"xing4":{"rotate":[{"time":0,"angle":0,"curve":"stepped"},{"time":0.1333,"angle":0}],"translate":[{"time":0,"x":-107.51,"y":-147.84,"curve":"stepped"},{"time":0.1333,"x":-107.51,"y":-147.84}],"scale":[{"time":0,"x":0,"y":0,"curve":"stepped"},{"time":0.1333,"x":0,"y":0},{"time":0.3,"x":0.967,"y":0.967},{"time":0.5666,"x":0,"y":0}]}}},"jibie3":{"slots":{"xing1":{"color":[{"time":0,"color":"ffffff00"},{"time":0.2,"color":"ffffffff"},{"time":0.3666,"color":"ffffff00"}]},"yuwang":{"color":[{"time":0,"color":"ffffff00"},{"time":0.0333,"color":"01ffd7ff"},{"time":0.3,"color":"ffffff55"},{"time":0.4,"color":"9f36ff11"},{"time":0.5,"color":"ffffff00"}]},"yuwang2":{"color":[{"time":0,"color":"ffffff00"},{"time":0.0333,"color":"60ffe654"},{"time":0.1666,"color":"ffffffff","curve":"stepped"},{"time":0.2333,"color":"ffffffff"},{"time":0.4,"color":"ca5bff15"},{"time":0.5,"color":"ffffff00"}]}},"bones":{"root":{"rotate":[{"time":0,"angle":0}],"translate":[{"time":0,"x":0,"y":0}],"scale":[{"time":0,"x":1,"y":1}]},"xing1":{"rotate":[{"time":0,"angle":0}],"translate":[{"time":0,"x":-156.26,"y":29.95}],"scale":[{"time":0,"x":0,"y":0},{"time":0.2,"x":1.466,"y":1.466},{"time":0.3666,"x":0,"y":0}]},"bone5":{"rotate":[{"time":0,"angle":0}],"translate":[{"time":0,"x":0,"y":0}],"scale":[{"time":0,"x":1,"y":1}]},"gen":{"rotate":[{"time":0,"angle":0}],"translate":[{"time":0,"x":0,"y":0}],"scale":[{"time":0,"x":1,"y":1}]},"wang1":{"rotate":[{"time":0,"angle":62.91},{"time":0.1,"angle":0},{"time":0.2333,"angle":-6.41},{"time":0.4666,"angle":-8.42}],"translate":[{"time":0,"x":-50.46,"y":-29.5}],"scale":[{"time":0,"x":0,"y":0},{"time":0.0666,"x":0.74,"y":0.74},{"time":0.1666,"x":1.109,"y":1.109},{"time":0.4666,"x":1,"y":1}]},"xing2":{"rotate":[{"time":0,"angle":0,"curve":"stepped"},{"time":0.1,"angle":0}],"translate":[{"time":0,"x":-248.49,"y":-87.74,"curve":"stepped"},{"time":0.1,"x":-248.49,"y":-87.74}],"scale":[{"time":0,"x":0,"y":0,"curve":"stepped"},{"time":0.1,"x":0,"y":0},{"time":0.2333,"x":1.175,"y":1.175},{"time":0.4333,"x":0,"y":0}]},"xing3":{"rotate":[{"time":0,"angle":0,"curve":"stepped"},{"time":0.1666,"angle":0}],"translate":[{"time":0,"x":-51.51,"y":-9.87,"curve":"stepped"},{"time":0.1666,"x":-51.51,"y":-9.87}],"scale":[{"time":0,"x":0,"y":0,"curve":"stepped"},{"time":0.1666,"x":0,"y":0},{"time":0.2666,"x":0.967,"y":0.967},{"time":0.4333,"x":0,"y":0}]},"xing4":{"rotate":[{"time":0,"angle":0,"curve":"stepped"},{"time":0.0666,"angle":0}],"translate":[{"time":0,"x":-141.5,"y":-151.42,"curve":"stepped"},{"time":0.0666,"x":-141.5,"y":-151.42}],"scale":[{"time":0,"x":0,"y":0,"curve":"stepped"},{"time":0.0666,"x":0,"y":0},{"time":0.2333,"x":0.967,"y":0.967},{"time":0.4666,"x":0,"y":0}]},"xing5":{"rotate":[{"time":0,"angle":0,"curve":"stepped"},{"time":0.2,"angle":0}],"translate":[{"time":0,"x":-60.13,"y":-127.81,"curve":"stepped"},{"time":0.2,"x":-60.13,"y":-127.81}],"scale":[{"time":0,"x":0,"y":0,"curve":"stepped"},{"time":0.2,"x":0,"y":0},{"time":0.3333,"x":1.309,"y":1.309},{"time":0.5666,"x":0,"y":0}]}}}}},[0]]],0,0,[0],[-1],[0]]
