[1,["5bRGBOdMdLRb+vIBLxPTNE@6c48a"],["_textureSource"],["cc.SpriteFrame"],0,[{"name":"jinchan22","rect":{"x":2,"y":3,"width":951,"height":230},"offset":{"x":-34.5,"y":10},"originalSize":{"width":1024,"height":256},"rotated":false,"capInsets":[0,0,0,0],"vertices":{"rawPosition":[-475.5,-115,0,475.5,-115,0,-475.5,115,0,475.5,115,0],"indexes":[0,1,2,2,1,3],"uv":[2,253,953,253,2,23,953,23],"nuv":[0.001953125,0.08984375,0.9306640625,0.08984375,0.001953125,0.98828125,0.9306640625,0.98828125],"minPos":{"x":-475.5,"y":-115,"z":0},"maxPos":{"x":475.5,"y":115,"z":0}},"packable":true,"pixelsToUnit":100,"pivot":{"x":0.5,"y":0.5},"meshType":0}],[0],0,[0],[0],[0]]
