[1,["1ead5ac9f@6c48a"],["_textureSource"],["cc.SpriteFrame","cc.SpriteAtlas"],0,[[[{"name":"title_weekly","rect":{"x":765,"y":3,"width":138,"height":26},"offset":{"x":0,"y":0},"originalSize":{"width":138,"height":26},"rotated":false,"capInsets":[0,0,0,0],"packable":true,"pixelsToUnit":100,"pivot":{"x":0.5,"y":0.5},"meshType":0}],[0],0,[0],[0],[0]],[[{"name":"icon_dt_xinxi_vip2","rect":{"x":947,"y":36,"width":49,"height":38},"offset":{"x":-0.5,"y":0},"originalSize":{"width":54,"height":64},"rotated":false,"capInsets":[0,0,0,0],"packable":true,"pixelsToUnit":100,"pivot":{"x":0.5,"y":0.5},"meshType":0}],[0],0,[0],[0],[0]],[[{"name":"icon_dt_vip_dengji_5","rect":{"x":573,"y":31,"width":28,"height":28},"offset":{"x":0,"y":0},"originalSize":{"width":28,"height":28},"rotated":false,"capInsets":[0,0,0,0],"packable":true,"pixelsToUnit":100,"pivot":{"x":0.5,"y":0.5},"meshType":0}],[0],0,[0],[0],[0]],[[{"name":"icon_dt_xinxi_vip17","rect":{"x":741,"y":113,"width":53,"height":64},"offset":{"x":-0.5,"y":0},"originalSize":{"width":54,"height":64},"rotated":true,"capInsets":[0,0,0,0],"packable":true,"pixelsToUnit":100,"pivot":{"x":0.5,"y":0.5},"meshType":0}],[0],0,[0],[0],[0]],[[{"name":"icon_dt_xinxi_vip1","rect":{"x":567,"y":65,"width":50,"height":38},"offset":{"x":0,"y":0},"originalSize":{"width":54,"height":64},"rotated":false,"capInsets":[0,0,0,0],"packable":true,"pixelsToUnit":100,"pivot":{"x":0.5,"y":0.5},"meshType":0}],[0],0,[0],[0],[0]],[[{"name":"icon_dt_vip_dengji_4","rect":{"x":607,"y":31,"width":28,"height":28},"offset":{"x":0,"y":0},"originalSize":{"width":28,"height":28},"rotated":false,"capInsets":[0,0,0,0],"packable":true,"pixelsToUnit":100,"pivot":{"x":0.5,"y":0.5},"meshType":0}],[0],0,[0],[0],[0]],[[{"name":"icon_dt_vip_dengji_8","rect":{"x":641,"y":31,"width":28,"height":28},"offset":{"x":0,"y":0},"originalSize":{"width":28,"height":28},"rotated":false,"capInsets":[0,0,0,0],"packable":true,"pixelsToUnit":100,"pivot":{"x":0.5,"y":0.5},"meshType":0}],[0],0,[0],[0],[0]],[[{"name":"icon_dt_xinxi_vip24","rect":{"x":811,"y":120,"width":53,"height":64},"offset":{"x":-0.5,"y":0},"originalSize":{"width":54,"height":64},"rotated":true,"capInsets":[0,0,0,0],"packable":true,"pixelsToUnit":100,"pivot":{"x":0.5,"y":0.5},"meshType":0}],[0],0,[0],[0],[0]],[[{"name":"icon_dt_xinxi_vip4","rect":{"x":623,"y":65,"width":49,"height":38},"offset":{"x":-0.5,"y":0},"originalSize":{"width":54,"height":64},"rotated":false,"capInsets":[0,0,0,0],"packable":true,"pixelsToUnit":100,"pivot":{"x":0.5,"y":0.5},"meshType":0}],[0],0,[0],[0],[0]],[[{"name":"btn_dt_vip_suoding","rect":{"x":146,"y":253,"width":258,"height":99},"offset":{"x":0,"y":-0.5},"originalSize":{"width":262,"height":102},"rotated":false,"capInsets":[0,0,0,0],"packable":true,"pixelsToUnit":100,"pivot":{"x":0.5,"y":0.5},"meshType":0}],[0],0,[0],[0],[0]],[[{"name":"btn_Top-Up","rect":{"x":487,"y":221,"width":159,"height":62},"offset":{"x":0,"y":0},"originalSize":{"width":159,"height":62},"rotated":false,"capInsets":[0,0,0,0],"packable":true,"pixelsToUnit":100,"pivot":{"x":0.5,"y":0.5},"meshType":0}],[0],0,[0],[0],[0]],[[{"name":"img_received","rect":{"x":875,"y":192,"width":71,"height":72},"offset":{"x":0,"y":0},"originalSize":{"width":71,"height":72},"rotated":true,"capInsets":[0,0,0,0],"packable":true,"pixelsToUnit":100,"pivot":{"x":0.5,"y":0.5},"meshType":0}],[0],0,[0],[0],[0]],[[{"name":"icon_dt_vip_dengji_2","rect":{"x":675,"y":31,"width":28,"height":28},"offset":{"x":0,"y":0},"originalSize":{"width":28,"height":28},"rotated":false,"capInsets":[0,0,0,0],"packable":true,"pixelsToUnit":100,"pivot":{"x":0.5,"y":0.5},"meshType":0}],[0],0,[0],[0],[0]],[[{"name":"icon_dt_xinxi_vip18","rect":{"x":3,"y":127,"width":53,"height":64},"offset":{"x":-0.5,"y":0},"originalSize":{"width":54,"height":64},"rotated":true,"capInsets":[0,0,0,0],"packable":true,"pixelsToUnit":100,"pivot":{"x":0.5,"y":0.5},"meshType":0}],[0],0,[0],[0],[0]],[[{"name":"icon_dt_xinxi_vip10","rect":{"x":881,"y":132,"width":54,"height":54},"offset":{"x":0,"y":0},"originalSize":{"width":54,"height":64},"rotated":false,"capInsets":[0,0,0,0],"packable":true,"pixelsToUnit":100,"pivot":{"x":0.5,"y":0.5},"meshType":0}],[0],0,[0],[0],[0]],[[{"name":"icon_dt_xinxi_vip15","rect":{"x":941,"y":132,"width":54,"height":60},"offset":{"x":0,"y":0},"originalSize":{"width":54,"height":64},"rotated":true,"capInsets":[0,0,0,0],"packable":true,"pixelsToUnit":100,"pivot":{"x":0.5,"y":0.5},"meshType":0}],[0],0,[0],[0],[0]],[[{"name":"title_promotion","rect":{"x":593,"y":3,"width":166,"height":22},"offset":{"x":0,"y":0},"originalSize":{"width":166,"height":22},"rotated":false,"capInsets":[0,0,0,0],"packable":true,"pixelsToUnit":100,"pivot":{"x":0.5,"y":0.5},"meshType":0}],[0],0,[0],[0],[0]],[[{"name":"icon_dt_vip_dengji_1","rect":{"x":709,"y":31,"width":28,"height":28},"offset":{"x":0,"y":0},"originalSize":{"width":28,"height":28},"rotated":false,"capInsets":[0,0,0,0],"packable":true,"pixelsToUnit":100,"pivot":{"x":0.5,"y":0.5},"meshType":0}],[0],0,[0],[0],[0]],[[{"name":"btn_dt_vip_1","rect":{"x":135,"y":186,"width":124,"height":60},"offset":{"x":0,"y":0},"originalSize":{"width":124,"height":60},"rotated":false,"capInsets":[0,0,0,0],"packable":true,"pixelsToUnit":100,"pivot":{"x":0.5,"y":0.5},"meshType":0}],[0],0,[0],[0],[0]],[[{"name":"title_vip","rect":{"x":410,"y":325,"width":585,"height":112},"offset":{"x":0,"y":0},"originalSize":{"width":585,"height":112},"rotated":false,"capInsets":[0,0,0,0],"packable":true,"pixelsToUnit":100,"pivot":{"x":0.5,"y":0.5},"meshType":0}],[0],0,[0],[0],[0]],[[{"name":"btn_dt_vip_activate","rect":{"x":3,"y":358,"width":320,"height":122},"offset":{"x":0,"y":0},"originalSize":{"width":320,"height":122},"rotated":false,"capInsets":[0,0,0,0],"packable":true,"pixelsToUnit":100,"pivot":{"x":0.5,"y":0.5},"meshType":0}],[0],0,[0],[0],[0]],[[{"name":"icon_dt_xinxi_vip7","rect":{"x":563,"y":161,"width":54,"height":54},"offset":{"x":0,"y":0},"originalSize":{"width":54,"height":64},"rotated":false,"capInsets":[0,0,0,0],"packable":true,"pixelsToUnit":100,"pivot":{"x":0.5,"y":0.5},"meshType":0}],[0],0,[0],[0],[0]],[[{"name":"img_gold_icon","rect":{"x":265,"y":186,"width":60,"height":61},"offset":{"x":0,"y":0},"originalSize":{"width":60,"height":61},"rotated":true,"capInsets":[0,0,0,0],"packable":true,"pixelsToUnit":100,"pivot":{"x":0.5,"y":0.5},"meshType":0}],[0],0,[0],[0],[0]],[[{"name":"icon_dt_vip_dengji_7","rect":{"x":743,"y":35,"width":28,"height":28},"offset":{"x":0,"y":0},"originalSize":{"width":28,"height":28},"rotated":false,"capInsets":[0,0,0,0],"packable":true,"pixelsToUnit":100,"pivot":{"x":0.5,"y":0.5},"meshType":0}],[0],0,[0],[0],[0]],[[{"name":"icon_dt_xinxi_vip8","rect":{"x":623,"y":161,"width":54,"height":54},"offset":{"x":0,"y":0},"originalSize":{"width":54,"height":64},"rotated":false,"capInsets":[0,0,0,0],"packable":true,"pixelsToUnit":100,"pivot":{"x":0.5,"y":0.5},"meshType":0}],[0],0,[0],[0],[0]],[[{"name":"icon_dt_xinxi_vip14","rect":{"x":683,"y":172,"width":54,"height":60},"offset":{"x":0,"y":0},"originalSize":{"width":54,"height":64},"rotated":true,"capInsets":[0,0,0,0],"packable":true,"pixelsToUnit":100,"pivot":{"x":0.5,"y":0.5},"meshType":0}],[0],0,[0],[0],[0]],[[{"name":"icon_dt_xinxi_vip22","rect":{"x":73,"y":127,"width":53,"height":64},"offset":{"x":-0.5,"y":0},"originalSize":{"width":54,"height":64},"rotated":true,"capInsets":[0,0,0,0],"packable":true,"pixelsToUnit":100,"pivot":{"x":0.5,"y":0.5},"meshType":0}],[0],0,[0],[0],[0]],[[{"name":"icon_dt_vip_dengji_6","rect":{"x":777,"y":35,"width":28,"height":28},"offset":{"x":0,"y":0},"originalSize":{"width":28,"height":28},"rotated":false,"capInsets":[0,0,0,0],"packable":true,"pixelsToUnit":100,"pivot":{"x":0.5,"y":0.5},"meshType":0}],[0],0,[0],[0],[0]],[[{"name":"icon_dt_xinxi_vip26","rect":{"x":143,"y":127,"width":53,"height":64},"offset":{"x":-0.5,"y":0},"originalSize":{"width":54,"height":64},"rotated":true,"capInsets":[0,0,0,0],"packable":true,"pixelsToUnit":100,"pivot":{"x":0.5,"y":0.5},"meshType":0}],[0],0,[0],[0],[0]],[[{"name":"btn_dt_off","rect":{"x":332,"y":186,"width":61,"height":79},"offset":{"x":0,"y":0},"originalSize":{"width":61,"height":79},"rotated":true,"capInsets":[0,0,0,0],"packable":true,"pixelsToUnit":100,"pivot":{"x":0.5,"y":0.5},"meshType":0}],[0],0,[0],[0],[0]],[[{"name":"btn_dt_vip_0","rect":{"x":893,"y":80,"width":110,"height":46},"offset":{"x":0,"y":0},"originalSize":{"width":110,"height":46},"rotated":false,"capInsets":[0,0,0,0],"packable":true,"pixelsToUnit":100,"pivot":{"x":0.5,"y":0.5},"meshType":0}],[0],0,[0],[0],[0]],[[{"name":"icon_dt_xinxi_vip20","rect":{"x":213,"y":127,"width":53,"height":64},"offset":{"x":-0.5,"y":0},"originalSize":{"width":54,"height":64},"rotated":true,"capInsets":[0,0,0,0],"packable":true,"pixelsToUnit":100,"pivot":{"x":0.5,"y":0.5},"meshType":0}],[0],0,[0],[0],[0]],[[{"name":"ID_418_11","rect":{"x":417,"y":186,"width":61,"height":64},"offset":{"x":0,"y":0},"originalSize":{"width":61,"height":64},"rotated":true,"capInsets":[0,0,0,0],"packable":true,"pixelsToUnit":100,"pivot":{"x":0.5,"y":0.5},"meshType":0}],[0],0,[0],[0],[0]],[[{"name":"icon_dt_xinxi_vip9","rect":{"x":683,"y":113,"width":52,"height":52},"offset":{"x":0,"y":0},"originalSize":{"width":54,"height":64},"rotated":false,"capInsets":[0,0,0,0],"packable":true,"pixelsToUnit":100,"pivot":{"x":0.5,"y":0.5},"meshType":0}],[0],0,[0],[0],[0]],[[{"name":"icon_dt_vip_dengji_box","rect":{"x":843,"y":70,"width":44,"height":44},"offset":{"x":0,"y":0},"originalSize":{"width":44,"height":44},"rotated":false,"capInsets":[0,0,0,0],"packable":true,"pixelsToUnit":100,"pivot":{"x":0.5,"y":0.5},"meshType":0}],[0],0,[0],[0],[0]],[[{"name":"icon_dt_vip_dengji_9","rect":{"x":811,"y":35,"width":28,"height":28},"offset":{"x":0,"y":0},"originalSize":{"width":28,"height":28},"rotated":false,"capInsets":[0,0,0,0],"packable":true,"pixelsToUnit":100,"pivot":{"x":0.5,"y":0.5},"meshType":0}],[0],0,[0],[0],[0]],[[{"name":"icon_dt_xinxi_vip25","rect":{"x":283,"y":127,"width":53,"height":64},"offset":{"x":-0.5,"y":0},"originalSize":{"width":54,"height":64},"rotated":true,"capInsets":[0,0,0,0],"packable":true,"pixelsToUnit":100,"pivot":{"x":0.5,"y":0.5},"meshType":0}],[0],0,[0],[0],[0]],[[{"name":"auto_vip","spriteFrames":["icon_dt_vip_weizhi","e1NhvUZbZBbawUSF7OTHzH@f9941","bg_dt_vip_jindu_tiao","e6Q8noktVD/asyG1k7GxyI@f9941","title_promotion","40dLTzIFxG069Tfb5fIG/x@f9941","title_weekly","051FQ3RvFAAbGvvqv38nUu@f9941","zi_dt_vip_Levelku","f01OGXWaxP/YL0far+D8E0@f9941","bg_dt_vip_jindu_di","ac5brZf2tIPLOkXGiSKaQo@f9941","icon_dt_vip_dengji_5","0dpecoZGJFrZ+GNkIM08Hn@f9941","icon_dt_vip_dengji_4","199BuBxU1HK57jgwgGZvzW@f9941","icon_dt_vip_dengji_8","1cJgYfmihHcIB1I0MqNoPH@f9941","icon_dt_vip_dengji_2","32HzvtGSFNrpiaOvDkaJHi@f9941","icon_dt_vip_dengji_1","42TTPb2IhJlK9RbgjXwrJ3@f9941","icon_dt_vip_dengji_7","51RZ7Ve1ZOcIG/V8GsXCQr@f9941","icon_dt_vip_dengji_6","730jb67EhGQZggW7l4MG60@f9941","icon_dt_vip_dengji_9","9aOiHyt9pKap1PrvG3HJEu@f9941","icon_dt_vip_dengji_10","d9K3RRqvBEqa8B0JDJjezl@f9941","icon_dt_vip_dengji_0","daMUvzGt1Dg71Lya4tqvfL@f9941","icon_dt_vip_dengji_3","ebhzOfY61OLKpSdhfBMI/c@f9941","icon_dt_xinxi_vip2","0bVv+UHFpJ9L83akJ31hyN@f9941","word_excitation","b4GIZqmVlO/L7+8u4gVaNy@f9941","icon_dt_xinxi_vip1","19ZpJHZghIBLJ5+QqgdwK/@f9941","icon_dt_xinxi_vip4","23LUxGS0ZMTZ43c5t3NO/A@f9941","icon_dt_xinxi_vip6","a6mtUhh9FErbI/r2dCWLsf@f9941","icon_dt_xinxi_vip3","b9XoBI4bRBbqVxkBoousa5@f9941","icon_dt_xinxi_vip5","e0tI3sc4lKnrgNKNgo1ogu@f9941","icon_dt_vip_dengji_box","89gaGlzDhAEZe/WmFZUWU5@f9941","word_lucky","ccXlhpY7VKOY0Qz+HcChbR@f9941","btn_dt_vip_0","83HL/FaixJHrPC9cTphcGL@f9941","btn_dt_vip_2","c9BKEXgIhBNJIMDlFY+PSb@f9941","icon_dt_xinxi_vip9","89bwvmiStH/LxjSk+h5HMX@f9941","icon_dt_xinxi_vip17","18SWLzlCJI7qrkqy+40GCa@f9941","icon_dt_xinxi_vip24","1dvfDELthNLLOibFkQJTGV@f9941","icon_dt_xinxi_vip18","34Wh1xniFO/pf4pBJaHX+B@f9941","icon_dt_xinxi_vip22","6auNpAc6FLsqW0YuuacU7L@f9941","icon_dt_xinxi_vip26","795onZSYBHR7m5v8Am5bsD@f9941","icon_dt_xinxi_vip20","851xQf6X5EwYWO32WNeSyp@f9941","icon_dt_xinxi_vip25","9dvMKZdxNKQZqLdLWC+0dc@f9941","icon_dt_xinxi_vip23","b6uJWmNiZFe4rp5fFGYxIY@f9941","icon_dt_xinxi_vip19","c7XPEIfDpP96K9GQXmhZGg@f9941","icon_dt_xinxi_vip21","d2bYjyJotLLbmXJ00AyUjg@f9941","icon_dt_xinxi_vip10","39AUUTuMVOB608mST2VwpJ@f9941","icon_dt_xinxi_vip15","3dvNfIlk5Nf5/nardg9IBI@f9941","icon_dt_xinxi_vip7","49TSv8AGJAzbrNRvkMLZoL@f9941","icon_dt_xinxi_vip8","51fmu2r09Lb6iXWF7ukbrW@f9941","icon_dt_xinxi_vip14","54lb6XpX9Dd6m2yvkDxJsB@f9941","icon_dt_xinxi_vip11","cbwhuZhLZEwYJgkzX1jeQz@f9941","icon_dt_xinxi_vip13","a8aRVCisFHKKndlQS1WsB2@f9941","icon_dt_xinxi_vip12","ab658fvkxIlZDek0jdbEoe@f9941","icon_dt_xinxi_vip16","efP9m0RrJGf6xCsNVNksxi@f9941","btn_dt_vip_1","436foioMlFKbYL+A0VS48z@f9941","img_gold_icon","4b9O2LFIVF1ZmPCrUq6T6n@f9941","btn_dt_off","7dZ+hrOy9FCIFoNEi8olCL@f9941","ID_418_11","87M6jhqGtBu4hGiq6aMuDe@f9941","img_received","309/6sIf9FI4aSvTPCGe9p@f9941","btn_Top-Up","2f5oHoi2VG8q/etxP7Fe6F@f9941","bg_dt_vip_iconbox","b7oS310RFLk4e2QsWWcD+3@f9941","img_locked","b6m3ZGrl9OgpJrePJeaqWi@f9941","btn_dt_vip_suoding","2b3ZSduuJAIo3iz18q+Yzm@f9941","title_vip","45IAdEYvZIwogsvkAgwdv7@f9941","btn_dt_vip_activate","47lh8zjIJN3KOCwnhZpeDo@f9941","vip_liwukuang","ff4giHz8lJoJNmKP7gehW4@f9941","bg_dt_vip_zhezhao","d8+PH3rtBHPqkRkNly3g0E@f9941"]}],[1],0,[],[],[]],[[{"name":"icon_dt_xinxi_vip6","rect":{"x":678,"y":65,"width":49,"height":38},"offset":{"x":-0.5,"y":0},"originalSize":{"width":54,"height":64},"rotated":false,"capInsets":[0,0,0,0],"packable":true,"pixelsToUnit":100,"pivot":{"x":0.5,"y":0.5},"meshType":0}],[0],0,[0],[0],[0]],[[{"name":"icon_dt_xinxi_vip13","rect":{"x":809,"y":179,"width":54,"height":60},"offset":{"x":0,"y":0},"originalSize":{"width":54,"height":64},"rotated":true,"capInsets":[0,0,0,0],"packable":true,"pixelsToUnit":100,"pivot":{"x":0.5,"y":0.5},"meshType":0}],[0],0,[0],[0],[0]],[[{"name":"icon_dt_xinxi_vip12","rect":{"x":3,"y":186,"width":54,"height":60},"offset":{"x":0,"y":0},"originalSize":{"width":54,"height":64},"rotated":true,"capInsets":[0,0,0,0],"packable":true,"pixelsToUnit":100,"pivot":{"x":0.5,"y":0.5},"meshType":0}],[0],0,[0],[0],[0]],[[{"name":"bg_dt_vip_jindu_di","rect":{"x":3,"y":27,"width":564,"height":24},"offset":{"x":0,"y":0},"originalSize":{"width":564,"height":24},"rotated":false,"capInsets":[0,0,0,0],"packable":true,"pixelsToUnit":100,"pivot":{"x":0.5,"y":0.5},"meshType":0}],[0],0,[0],[0],[0]],[[{"name":"word_excitation","rect":{"x":3,"y":57,"width":558,"height":29},"offset":{"x":0,"y":0.5},"originalSize":{"width":558,"height":30},"rotated":false,"capInsets":[0,0,0,0],"packable":true,"pixelsToUnit":100,"pivot":{"x":0.5,"y":0.5},"meshType":0}],[0],0,[0],[0],[0]],[[{"name":"img_locked","rect":{"x":3,"y":252,"width":137,"height":88},"offset":{"x":0,"y":0},"originalSize":{"width":137,"height":88},"rotated":false,"capInsets":[0,0,0,0],"packable":true,"pixelsToUnit":100,"pivot":{"x":0.5,"y":0.5},"meshType":0}],[0],0,[0],[0],[0]],[[{"name":"icon_dt_xinxi_vip23","rect":{"x":353,"y":127,"width":53,"height":64},"offset":{"x":-0.5,"y":0},"originalSize":{"width":54,"height":64},"rotated":true,"capInsets":[0,0,0,0],"packable":true,"pixelsToUnit":100,"pivot":{"x":0.5,"y":0.5},"meshType":0}],[0],0,[0],[0],[0]],[[{"name":"bg_dt_vip_iconbox","rect":{"x":652,"y":232,"width":87,"height":87},"offset":{"x":0,"y":0},"originalSize":{"width":87,"height":87},"rotated":false,"capInsets":[0,0,0,0],"packable":true,"pixelsToUnit":100,"pivot":{"x":0.5,"y":0.5},"meshType":0}],[0],0,[0],[0],[0]],[[{"name":"icon_dt_xinxi_vip3","rect":{"x":733,"y":69,"width":49,"height":38},"offset":{"x":-0.5,"y":0},"originalSize":{"width":54,"height":64},"rotated":false,"capInsets":[0,0,0,0],"packable":true,"pixelsToUnit":100,"pivot":{"x":0.5,"y":0.5},"meshType":0}],[0],0,[0],[0],[0]],[[{"name":"icon_dt_xinxi_vip19","rect":{"x":423,"y":127,"width":53,"height":64},"offset":{"x":-0.5,"y":0},"originalSize":{"width":54,"height":64},"rotated":true,"capInsets":[0,0,0,0],"packable":true,"pixelsToUnit":100,"pivot":{"x":0.5,"y":0.5},"meshType":0}],[0],0,[0],[0],[0]],[[{"name":"btn_dt_vip_2","rect":{"x":567,"y":109,"width":110,"height":46},"offset":{"x":0,"y":0},"originalSize":{"width":110,"height":46},"rotated":false,"capInsets":[0,0,0,0],"packable":true,"pixelsToUnit":100,"pivot":{"x":0.5,"y":0.5},"meshType":0}],[0],0,[0],[0],[0]],[[{"name":"icon_dt_xinxi_vip11","rect":{"x":749,"y":172,"width":54,"height":54},"offset":{"x":0,"y":0},"originalSize":{"width":54,"height":64},"rotated":false,"capInsets":[0,0,0,0],"packable":true,"pixelsToUnit":100,"pivot":{"x":0.5,"y":0.5},"meshType":0}],[0],0,[0],[0],[0]],[[{"name":"word_lucky","rect":{"x":3,"y":92,"width":558,"height":29},"offset":{"x":0,"y":0.5},"originalSize":{"width":558,"height":30},"rotated":false,"capInsets":[0,0,0,0],"packable":true,"pixelsToUnit":100,"pivot":{"x":0.5,"y":0.5},"meshType":0}],[0],0,[0],[0],[0]],[[{"name":"icon_dt_xinxi_vip21","rect":{"x":493,"y":127,"width":53,"height":64},"offset":{"x":-0.5,"y":0},"originalSize":{"width":54,"height":64},"rotated":true,"capInsets":[0,0,0,0],"packable":true,"pixelsToUnit":100,"pivot":{"x":0.5,"y":0.5},"meshType":0}],[0],0,[0],[0],[0]],[[{"name":"bg_dt_vip_zhezhao","rect":{"x":3,"y":631,"width":945,"height":256},"offset":{"x":0,"y":0},"originalSize":{"width":945,"height":256},"rotated":false,"capInsets":[0,0,0,0],"packable":true,"pixelsToUnit":100,"pivot":{"x":0.5,"y":0.5},"meshType":0}],[0],0,[0],[0],[0]],[[{"name":"icon_dt_vip_dengji_10","rect":{"x":845,"y":35,"width":28,"height":28},"offset":{"x":0,"y":0},"originalSize":{"width":28,"height":28},"rotated":false,"capInsets":[0,0,0,0],"packable":true,"pixelsToUnit":100,"pivot":{"x":0.5,"y":0.5},"meshType":0}],[0],0,[0],[0],[0]],[[{"name":"icon_dt_vip_dengji_0","rect":{"x":879,"y":36,"width":28,"height":28},"offset":{"x":0,"y":0},"originalSize":{"width":28,"height":28},"rotated":false,"capInsets":[0,0,0,0],"packable":true,"pixelsToUnit":100,"pivot":{"x":0.5,"y":0.5},"meshType":0}],[0],0,[0],[0],[0]],[[{"name":"icon_dt_xinxi_vip5","rect":{"x":788,"y":69,"width":49,"height":38},"offset":{"x":-0.5,"y":0},"originalSize":{"width":54,"height":64},"rotated":false,"capInsets":[0,0,0,0],"packable":true,"pixelsToUnit":100,"pivot":{"x":0.5,"y":0.5},"meshType":0}],[0],0,[0],[0],[0]],[[{"name":"icon_dt_vip_weizhi","rect":{"x":3,"y":3,"width":20,"height":18},"offset":{"x":0,"y":0},"originalSize":{"width":20,"height":18},"rotated":false,"capInsets":[0,0,0,0],"packable":true,"pixelsToUnit":100,"pivot":{"x":0.5,"y":0.5},"meshType":0}],[0],0,[0],[0],[0]],[[{"name":"bg_dt_vip_jindu_tiao","rect":{"x":29,"y":3,"width":558,"height":18},"offset":{"x":0,"y":0},"originalSize":{"width":558,"height":18},"rotated":false,"capInsets":[0,0,0,0],"packable":true,"pixelsToUnit":100,"pivot":{"x":0.5,"y":0.5},"meshType":0}],[0],0,[0],[0],[0]],[[{"name":"icon_dt_vip_dengji_3","rect":{"x":913,"y":36,"width":28,"height":28},"offset":{"x":0,"y":0},"originalSize":{"width":28,"height":28},"rotated":false,"capInsets":[0,0,0,0],"packable":true,"pixelsToUnit":100,"pivot":{"x":0.5,"y":0.5},"meshType":0}],[0],0,[0],[0],[0]],[[{"name":"icon_dt_xinxi_vip16","rect":{"x":69,"y":186,"width":54,"height":60},"offset":{"x":0,"y":0},"originalSize":{"width":54,"height":64},"rotated":true,"capInsets":[0,0,0,0],"packable":true,"pixelsToUnit":100,"pivot":{"x":0.5,"y":0.5},"meshType":0}],[0],0,[0],[0],[0]],[[{"name":"zi_dt_vip_Levelku","rect":{"x":909,"y":3,"width":107,"height":27},"offset":{"x":0,"y":0},"originalSize":{"width":107,"height":27},"rotated":false,"capInsets":[0,0,0,0],"packable":true,"pixelsToUnit":100,"pivot":{"x":0.5,"y":0.5},"meshType":0}],[0],0,[0],[0],[0]],[[{"name":"vip_liwukuang","rect":{"x":329,"y":443,"width":502,"height":182},"offset":{"x":0,"y":0},"originalSize":{"width":502,"height":182},"rotated":false,"capInsets":[0,0,0,0],"packable":true,"pixelsToUnit":100,"pivot":{"x":0.5,"y":0.5},"meshType":0}],[0],0,[0],[0],[0]]]]
