[1,["8bBHBNSZRPOauL5vPWUOOq@6c48a"],0,[["sp.SkeletonData",["_name","_atlasText","textureNames","_skeletonJson","textures"],-1,3]],[[0,0,1,2,3,4,5]],[[0,"bax","\r\nbax.png\r\nsize: 1024,512\r\nformat: RGBA8888\r\nfilter: Linear,Linear\r\nrepeat: none\r\n1_0000_1\r\n  rotate: true\r\n  xy: 205, 247\r\n  size: 247, 201\r\n  orig: 247, 201\r\n  offset: 0, 0\r\n  index: -1\r\n1_0001_2\r\n  rotate: false\r\n  xy: 2, 25\r\n  size: 247, 201\r\n  orig: 247, 201\r\n  offset: 0, 0\r\n  index: -1\r\n1_0002_3\r\n  rotate: true\r\n  xy: 2, 228\r\n  size: 266, 201\r\n  orig: 266, 201\r\n  offset: 0, 0\r\n  index: -1\r\n1_0003_4\r\n  rotate: true\r\n  xy: 611, 259\r\n  size: 235, 201\r\n  orig: 235, 201\r\n  offset: 0, 0\r\n  index: -1\r\n1_0004_5\r\n  rotate: true\r\n  xy: 251, 2\r\n  size: 243, 201\r\n  orig: 243, 201\r\n  offset: 0, 0\r\n  index: -1\r\n1_0005_6\r\n  rotate: true\r\n  xy: 454, 14\r\n  size: 237, 201\r\n  orig: 237, 201\r\n  offset: 0, 0\r\n  index: -1\r\n1_0006_7\r\n  rotate: true\r\n  xy: 657, 25\r\n  size: 232, 201\r\n  orig: 232, 201\r\n  offset: 0, 0\r\n  index: -1\r\n1_0007_8\r\n  rotate: true\r\n  xy: 814, 264\r\n  size: 230, 201\r\n  orig: 230, 201\r\n  offset: 0, 0\r\n  index: -1\r\n1_0008_9\r\n  rotate: true\r\n  xy: 408, 253\r\n  size: 241, 201\r\n  orig: 241, 201\r\n  offset: 0, 0\r\n  index: -1\r\nbax\r\n  rotate: false\r\n  xy: 860, 173\r\n  size: 124, 89\r\n  orig: 124, 89\r\n  offset: 0, 0\r\n  index: -1\r\n",["bax.png"],{"skeleton":{"hash":"zH3XilygrYJsxZXkxlLrz9WgY/A","spine":"3.8.99","x":-128.16,"y":-56.07,"width":247,"height":201,"images":"../大厅ui/baoxiang/","audio":"D:/nie/nie/项目/大厅/大厅ui"},"bones":[{"name":"root"},{"name":"bx","parent":"root","x":2.6,"y":36.37},{"name":"guang","parent":"root","x":-0.06,"y":15.15}],"slots":[{"name":"1_0000_1","bone":"guang","attachment":"1_0000_1"},{"name":"bax","bone":"bx","attachment":"bax"}],"skins":[{"name":"default","attachments":{"1_0000_1":{"1_0001_2":{"x":-5.05,"y":29.28,"width":247,"height":201},"1_0002_3":{"x":-14.97,"y":29.28,"width":266,"height":201},"1_0003_4":{"x":0.52,"y":29.28,"width":235,"height":201},"1_0004_5":{"x":-1.46,"y":29.28,"width":243,"height":201},"1_0005_6":{"x":1.05,"y":29.28,"width":237,"height":201},"1_0006_7":{"x":1.49,"y":29.28,"width":232,"height":201},"1_0007_8":{"x":-6.34,"y":29.28,"width":230,"height":201},"1_0008_9":{"x":-4.6,"y":29.28,"width":241,"height":201},"1_0000_1":{"x":-4.6,"y":29.28,"width":247,"height":201}},"bax":{"bax":{"x":1.9,"y":9.76,"width":124,"height":89}}}}],"animations":{"animation":{"slots":{"1_0000_1":{"attachment":[{"time":0.0667,"name":"1_0001_2"},{"time":0.1333,"name":"1_0002_3"},{"time":0.2,"name":"1_0003_4"},{"time":0.2667,"name":"1_0004_5"},{"time":0.3333,"name":"1_0005_6"},{"time":0.4,"name":"1_0006_7"},{"time":0.4667,"name":"1_0007_8"},{"time":0.5333,"name":"1_0008_9"},{"time":0.6,"name":"1_0000_1"},{"time":0.6667,"name":"1_0001_2"},{"time":0.7333,"name":"1_0002_3"},{"time":0.8,"name":"1_0003_4"},{"time":0.8667,"name":"1_0004_5"},{"time":0.9333,"name":"1_0005_6"},{"time":1,"name":"1_0006_7"},{"time":1.0667,"name":"1_0007_8"},{"time":1.1333,"name":"1_0008_9"}]}},"bones":{"guang":{"scale":[{"x":0.8,"y":0.8}]},"bx":{"scale":[{"x":0.9,"y":0.9}]}}}}},[0]]],0,0,[0],[-1],[0]]
