[1,["5eNYKzk5JCzK5cWKX238zO@6c48a"],["_textureSource"],["cc.SpriteFrame"],0,[{"name":"large","rect":{"x":0,"y":0,"width":161,"height":80},"offset":{"x":-0.5,"y":0},"originalSize":{"width":162,"height":80},"rotated":false,"capInsets":[0,0,0,0],"vertices":{"rawPosition":[-80.5,-40,0,80.5,-40,0,-80.5,40,0,80.5,40,0],"indexes":[0,1,2,2,1,3],"uv":[0,80,161,80,0,0,161,0],"nuv":[0,0,0.9938271604938271,0,0,1,0.9938271604938271,1],"minPos":{"x":-80.5,"y":-40,"z":0},"maxPos":{"x":80.5,"y":40,"z":0}},"packable":true,"pixelsToUnit":100,"pivot":{"x":0.5,"y":0.5},"meshType":0}],[0],0,[0],[0],[0]]
