[1,["3di/BDbINNqpmtYPU9QJi1@6c48a"],["_textureSource"],["cc.SpriteFrame"],0,[{"name":"sea_icon_treasurebox1_08","rect":{"x":135,"y":198,"width":291,"height":191},"offset":{"x":24.5,"y":-37.5},"originalSize":{"width":512,"height":512},"rotated":false,"capInsets":[0,0,0,0],"vertices":{"rawPosition":[-145.5,-95.5,0,145.5,-95.5,0,-145.5,95.5,0,145.5,95.5,0],"indexes":[0,1,2,2,1,3],"uv":[135,314,426,314,135,123,426,123],"nuv":[0.263671875,0.240234375,0.83203125,0.240234375,0.263671875,0.61328125,0.83203125,0.61328125],"minPos":{"x":-145.5,"y":-95.5,"z":0},"maxPos":{"x":145.5,"y":95.5,"z":0}},"packable":true,"pixelsToUnit":100,"pivot":{"x":0.5,"y":0.5},"meshType":0}],[0],0,[0],[0],[0]]
