[1,["fbqJn384dPdrxwldOjZ5FI@6c48a"],["_textureSource"],["cc.SpriteFrame"],0,[{"name":"icon_lztb_tubiao_tongqian","rect":{"x":0,"y":0,"width":152,"height":126},"offset":{"x":0,"y":0},"originalSize":{"width":152,"height":126},"rotated":false,"capInsets":[0,0,0,0],"vertices":{"rawPosition":[-76,-63,0,76,-63,0,-76,63,0,76,63,0],"indexes":[0,1,2,2,1,3],"uv":[0,126,152,126,0,0,152,0],"nuv":[0,0,1,0,0,1,1,1],"minPos":{"x":-76,"y":-63,"z":0},"maxPos":{"x":76,"y":63,"z":0}},"packable":true,"pixelsToUnit":100,"pivot":{"x":0.5,"y":0.5},"meshType":0}],[0],0,[0],[0],[0]]
