[1,["06bZrRvENBoa9t00XRvItI@6c48a"],["_textureSource"],["cc.SpriteFrame"],0,[{"name":"ocean_mermaidbig_active_03","rect":{"x":0,"y":0,"width":512,"height":344},"offset":{"x":0,"y":0},"originalSize":{"width":512,"height":344},"rotated":false,"capInsets":[0,0,0,0],"vertices":{"rawPosition":[-256,-172,0,256,-172,0,-256,172,0,256,172,0],"indexes":[0,1,2,2,1,3],"uv":[0,344,512,344,0,0,512,0],"nuv":[0,0,1,0,0,1,1,1],"minPos":{"x":-256,"y":-172,"z":0},"maxPos":{"x":256,"y":172,"z":0}},"packable":true,"pixelsToUnit":100,"pivot":{"x":0.5,"y":0.5},"meshType":0}],[0],0,[0],[0],[0]]
