[1,["dczHV99oFMwZ4Gg9+//zwM@6c48a","dczHV99oFMwZ4Gg9+//zwM@f9941"],["_textureSource","spriteFrame"],["cc.SpriteFrame",["cc.BitmapFont",["_name","fontSize","fntConfig"],0]],[[1,0,1,2,4]],[[[{"name":"ocean_major_number_font","rect":{"x":2,"y":2,"width":249,"height":86},"offset":{"x":-1.5,"y":19},"originalSize":{"width":256,"height":128},"rotated":false,"capInsets":[0,0,0,0],"vertices":{"rawPosition":[-124.5,-43,0,124.5,-43,0,-124.5,43,0,124.5,43,0],"indexes":[0,1,2,2,1,3],"uv":[2,126,251,126,2,40,251,40],"nuv":[0.0078125,0.3125,0.98046875,0.3125,0.0078125,0.984375,0.98046875,0.984375],"minPos":{"x":-124.5,"y":-43,"z":0},"maxPos":{"x":124.5,"y":43,"z":0}},"packable":true,"pixelsToUnit":100,"pivot":{"x":0.5,"y":0.5},"meshType":0}],[0],0,[0],[0],[0]],[[[0,"ocean_major_number_font",32,{"commonHeight":32,"fontSize":32,"atlasName":"ocean_major_number_font.png","fontDefDictionary":{"36":{"xOffset":-2,"yOffset":-23,"xAdvance":23,"rect":{"x":66,"y":0,"width":27,"height":46}},"44":{"xOffset":-2,"yOffset":-23,"xAdvance":9,"rect":{"x":240,"y":0,"width":13,"height":46}},"46":{"xOffset":-2,"yOffset":-23,"xAdvance":9,"rect":{"x":229,"y":48,"width":13,"height":46}},"48":{"xOffset":-2,"yOffset":-23,"xAdvance":23,"rect":{"x":95,"y":0,"width":27,"height":46}},"49":{"xOffset":-2,"yOffset":-23,"xAdvance":23,"rect":{"x":124,"y":0,"width":27,"height":46}},"50":{"xOffset":-2,"yOffset":-23,"xAdvance":23,"rect":{"x":153,"y":0,"width":27,"height":46}},"51":{"xOffset":-2,"yOffset":-23,"xAdvance":23,"rect":{"x":182,"y":0,"width":27,"height":46}},"52":{"xOffset":-2,"yOffset":-23,"xAdvance":23,"rect":{"x":211,"y":0,"width":27,"height":46}},"53":{"xOffset":-2,"yOffset":-23,"xAdvance":23,"rect":{"x":0,"y":48,"width":27,"height":46}},"54":{"xOffset":-2,"yOffset":-23,"xAdvance":23,"rect":{"x":29,"y":48,"width":27,"height":46}},"55":{"xOffset":-2,"yOffset":-23,"xAdvance":23,"rect":{"x":58,"y":48,"width":27,"height":46}},"56":{"xOffset":-2,"yOffset":-23,"xAdvance":23,"rect":{"x":87,"y":48,"width":27,"height":46}},"57":{"xOffset":-2,"yOffset":-23,"xAdvance":23,"rect":{"x":116,"y":48,"width":27,"height":46}},"66":{"xOffset":-2,"yOffset":-23,"xAdvance":23,"rect":{"x":145,"y":48,"width":27,"height":46}},"75":{"xOffset":-2,"yOffset":-23,"xAdvance":24,"rect":{"x":36,"y":0,"width":28,"height":46}},"77":{"xOffset":-2,"yOffset":-23,"xAdvance":30,"rect":{"x":0,"y":0,"width":34,"height":46}},"82":{"xOffset":-2,"yOffset":-23,"xAdvance":22,"rect":{"x":174,"y":48,"width":26,"height":46}},"84":{"xOffset":-2,"yOffset":-23,"xAdvance":21,"rect":{"x":202,"y":48,"width":25,"height":46}}},"kerningDict":{}}]],0,0,[0],[1],[1]]]]
