[1,["5djUbKVBxGwbDAOIHA0ua7@6c48a","91eQltNzdHUojUryLioSdk@6c48a","a8Heq6PRxOxaKNSj0JSM4W"],["node","root","data","_skeletonData"],[["cc.Node",["_name","_layer","_components","_prefab","_children","_parent"],1,9,4,2,1],["sp.SkeletonData",["_name","_atlasText","textureNames","_skeletonJson","textures"],-1,3],["cc.Prefab",["_name"],2],["cc.UITransform",["node","__prefab","_contentSize"],3,1,4,5],["cc.CompPrefabInfo",["fileId"],2],["cc.Widget",["_alignFlags","_originalWidth","_originalHeight","node","__prefab"],0,1,4],["cc.BlockInputEvents",["node","__prefab"],3,1,4],["cc.PrefabInfo",["fileId","instance","targetOverrides","nestedPrefabInstanceRoots","root","asset"],-1,1,1],["sp.Skeleton",["defaultSkin","defaultAnimation","_premultipliedAlpha","_preCacheMode","loop","node","__prefab","_skeletonData"],-2,1,4,6]],[[4,0,2],[3,0,1,2,1],[7,0,1,2,3,4,5,5],[1,0,1,2,3,4,5],[2,0,2],[0,0,1,4,2,3,3],[0,0,1,5,2,3,3],[5,0,1,2,3,4,4],[6,0,1,1],[8,0,1,2,3,4,5,6,7,6]],[[[[3,"xunlongtanbao","\r\nxunlongtanbao.png\r\nsize: 1024,2048\r\nformat: RGBA8888\r\nfilter: Linear,Linear\r\nrepeat: none\r\n预合成 4_00000\r\n  rotate: false\r\n  xy: 2, 1822\r\n  size: 390, 180\r\n  orig: 390, 180\r\n  offset: 0, 0\r\n  index: -1\r\n预合成 4_00001\r\n  rotate: false\r\n  xy: 2, 1640\r\n  size: 390, 180\r\n  orig: 390, 180\r\n  offset: 0, 0\r\n  index: -1\r\n预合成 4_00002\r\n  rotate: false\r\n  xy: 394, 1822\r\n  size: 390, 180\r\n  orig: 390, 180\r\n  offset: 0, 0\r\n  index: -1\r\n预合成 4_00003\r\n  rotate: false\r\n  xy: 2, 1458\r\n  size: 390, 180\r\n  orig: 390, 180\r\n  offset: 0, 0\r\n  index: -1\r\n预合成 4_00004\r\n  rotate: false\r\n  xy: 394, 1640\r\n  size: 390, 180\r\n  orig: 390, 180\r\n  offset: 0, 0\r\n  index: -1\r\n预合成 4_00005\r\n  rotate: false\r\n  xy: 2, 1276\r\n  size: 390, 180\r\n  orig: 390, 180\r\n  offset: 0, 0\r\n  index: -1\r\n预合成 4_00006\r\n  rotate: false\r\n  xy: 394, 1458\r\n  size: 390, 180\r\n  orig: 390, 180\r\n  offset: 0, 0\r\n  index: -1\r\n预合成 4_00007\r\n  rotate: true\r\n  xy: 786, 1612\r\n  size: 390, 180\r\n  orig: 390, 180\r\n  offset: 0, 0\r\n  index: -1\r\n预合成 4_00008\r\n  rotate: false\r\n  xy: 2, 1094\r\n  size: 390, 180\r\n  orig: 390, 180\r\n  offset: 0, 0\r\n  index: -1\r\n预合成 4_00009\r\n  rotate: false\r\n  xy: 394, 1276\r\n  size: 390, 180\r\n  orig: 390, 180\r\n  offset: 0, 0\r\n  index: -1\r\n预合成 4_00010\r\n  rotate: false\r\n  xy: 2, 912\r\n  size: 390, 180\r\n  orig: 390, 180\r\n  offset: 0, 0\r\n  index: -1\r\n预合成 4_00011\r\n  rotate: false\r\n  xy: 394, 1094\r\n  size: 390, 180\r\n  orig: 390, 180\r\n  offset: 0, 0\r\n  index: -1\r\n预合成 4_00012\r\n  rotate: true\r\n  xy: 786, 1220\r\n  size: 390, 180\r\n  orig: 390, 180\r\n  offset: 0, 0\r\n  index: -1\r\n预合成 4_00013\r\n  rotate: false\r\n  xy: 2, 730\r\n  size: 390, 180\r\n  orig: 390, 180\r\n  offset: 0, 0\r\n  index: -1\r\n预合成 4_00014\r\n  rotate: false\r\n  xy: 394, 912\r\n  size: 390, 180\r\n  orig: 390, 180\r\n  offset: 0, 0\r\n  index: -1\r\n预合成 4_00015\r\n  rotate: false\r\n  xy: 2, 548\r\n  size: 390, 180\r\n  orig: 390, 180\r\n  offset: 0, 0\r\n  index: -1\r\n预合成 4_00016\r\n  rotate: false\r\n  xy: 394, 730\r\n  size: 390, 180\r\n  orig: 390, 180\r\n  offset: 0, 0\r\n  index: -1\r\n预合成 4_00017\r\n  rotate: true\r\n  xy: 786, 828\r\n  size: 390, 180\r\n  orig: 390, 180\r\n  offset: 0, 0\r\n  index: -1\r\n预合成 4_00018\r\n  rotate: false\r\n  xy: 2, 366\r\n  size: 390, 180\r\n  orig: 390, 180\r\n  offset: 0, 0\r\n  index: -1\r\n预合成 4_00019\r\n  rotate: false\r\n  xy: 394, 548\r\n  size: 390, 180\r\n  orig: 390, 180\r\n  offset: 0, 0\r\n  index: -1\r\n预合成 4_00020\r\n  rotate: false\r\n  xy: 2, 184\r\n  size: 390, 180\r\n  orig: 390, 180\r\n  offset: 0, 0\r\n  index: -1\r\n预合成 4_00021\r\n  rotate: false\r\n  xy: 394, 366\r\n  size: 390, 180\r\n  orig: 390, 180\r\n  offset: 0, 0\r\n  index: -1\r\n预合成 4_00022\r\n  rotate: true\r\n  xy: 786, 436\r\n  size: 390, 180\r\n  orig: 390, 180\r\n  offset: 0, 0\r\n  index: -1\r\n预合成 4_00023\r\n  rotate: false\r\n  xy: 2, 2\r\n  size: 390, 180\r\n  orig: 390, 180\r\n  offset: 0, 0\r\n  index: -1\r\n预合成 4_00024\r\n  rotate: false\r\n  xy: 394, 184\r\n  size: 390, 180\r\n  orig: 390, 180\r\n  offset: 0, 0\r\n  index: -1\r\n预合成 4_00025\r\n  rotate: false\r\n  xy: 394, 2\r\n  size: 390, 180\r\n  orig: 390, 180\r\n  offset: 0, 0\r\n  index: -1\r\n预合成 4_00026\r\n  rotate: true\r\n  xy: 786, 44\r\n  size: 390, 180\r\n  orig: 390, 180\r\n  offset: 0, 0\r\n  index: -1\r\n\r\nxunlongtanbao2.png\r\nsize: 1024,1024\r\nformat: RGBA8888\r\nfilter: Linear,Linear\r\nrepeat: none\r\n预合成 4_00027\r\n  rotate: false\r\n  xy: 2, 548\r\n  size: 390, 180\r\n  orig: 390, 180\r\n  offset: 0, 0\r\n  index: -1\r\n预合成 4_00028\r\n  rotate: false\r\n  xy: 2, 366\r\n  size: 390, 180\r\n  orig: 390, 180\r\n  offset: 0, 0\r\n  index: -1\r\n预合成 4_00029\r\n  rotate: false\r\n  xy: 394, 548\r\n  size: 390, 180\r\n  orig: 390, 180\r\n  offset: 0, 0\r\n  index: -1\r\n预合成 4_00030\r\n  rotate: false\r\n  xy: 2, 184\r\n  size: 390, 180\r\n  orig: 390, 180\r\n  offset: 0, 0\r\n  index: -1\r\n预合成 4_00031\r\n  rotate: false\r\n  xy: 394, 366\r\n  size: 390, 180\r\n  orig: 390, 180\r\n  offset: 0, 0\r\n  index: -1\r\n预合成 4_00032\r\n  rotate: false\r\n  xy: 2, 2\r\n  size: 390, 180\r\n  orig: 390, 180\r\n  offset: 0, 0\r\n  index: -1\r\n",["xunlongtanbao.png","xunlongtanbao2.png"],{"skeleton":{"hash":"wJKO5onVXB3xCxHvdra9v7nKM7A","spine":"3.6.53","width":390,"height":180,"images":""},"bones":[{"name":"root"},{"name":"bone","parent":"root"},{"name":"bone2","parent":"bone"}],"slots":[{"name":"longlonmg","bone":"bone2","attachment":"预合成 4_00032"}],"skins":{"default":{"longlonmg":{"预合成 4_00000":{"width":390,"height":180},"预合成 4_00001":{"width":390,"height":180},"预合成 4_00002":{"width":390,"height":180},"预合成 4_00003":{"width":390,"height":180},"预合成 4_00004":{"width":390,"height":180},"预合成 4_00005":{"width":390,"height":180},"预合成 4_00006":{"width":390,"height":180},"预合成 4_00007":{"width":390,"height":180},"预合成 4_00008":{"width":390,"height":180},"预合成 4_00009":{"width":390,"height":180},"预合成 4_00010":{"width":390,"height":180},"预合成 4_00011":{"width":390,"height":180},"预合成 4_00012":{"width":390,"height":180},"预合成 4_00013":{"width":390,"height":180},"预合成 4_00014":{"width":390,"height":180},"预合成 4_00015":{"width":390,"height":180},"预合成 4_00016":{"width":390,"height":180},"预合成 4_00017":{"width":390,"height":180},"预合成 4_00018":{"width":390,"height":180},"预合成 4_00019":{"width":390,"height":180},"预合成 4_00020":{"width":390,"height":180},"预合成 4_00021":{"width":390,"height":180},"预合成 4_00022":{"width":390,"height":180},"预合成 4_00023":{"width":390,"height":180},"预合成 4_00024":{"width":390,"height":180},"预合成 4_00025":{"width":390,"height":180},"预合成 4_00026":{"width":390,"height":180},"预合成 4_00027":{"width":390,"height":180},"预合成 4_00028":{"width":390,"height":180},"预合成 4_00029":{"width":390,"height":180},"预合成 4_00030":{"width":390,"height":180},"预合成 4_00031":{"width":390,"height":180},"预合成 4_00032":{"width":390,"height":180}}}},"animations":{"animation":{"slots":{"longlonmg":{"attachment":[{"time":0,"name":null},{"time":0.0667,"name":"预合成 4_00000"},{"time":0.1333,"name":"预合成 4_00001"},{"time":0.2,"name":"预合成 4_00002"},{"time":0.2667,"name":"预合成 4_00003"},{"time":0.3333,"name":"预合成 4_00004"},{"time":0.4,"name":"预合成 4_00005"},{"time":0.4667,"name":"预合成 4_00006"},{"time":0.5333,"name":"预合成 4_00007"},{"time":0.6,"name":"预合成 4_00008"},{"time":0.6667,"name":"预合成 4_00009"},{"time":0.7333,"name":"预合成 4_00010"},{"time":0.8,"name":"预合成 4_00011"},{"time":0.8667,"name":"预合成 4_00012"},{"time":0.9333,"name":"预合成 4_00013"},{"time":1,"name":"预合成 4_00014"},{"time":1.0667,"name":"预合成 4_00015"},{"time":1.1333,"name":"预合成 4_00016"},{"time":1.2,"name":"预合成 4_00017"},{"time":1.2667,"name":"预合成 4_00018"},{"time":1.3333,"name":"预合成 4_00019"},{"time":1.4,"name":"预合成 4_00020"},{"time":1.4667,"name":"预合成 4_00021"},{"time":1.5333,"name":"预合成 4_00022"},{"time":1.6,"name":"预合成 4_00023"},{"time":1.6667,"name":"预合成 4_00024"},{"time":1.7333,"name":"预合成 4_00025"},{"time":1.8,"name":"预合成 4_00026"},{"time":1.8667,"name":"预合成 4_00027"},{"time":1.9333,"name":"预合成 4_00028"},{"time":2,"name":"预合成 4_00029"},{"time":2.0667,"name":"预合成 4_00030"},{"time":2.1333,"name":"预合成 4_00031"},{"time":2.2,"name":"预合成 4_00032"},{"time":2.2667,"name":null}]}},"bones":{"bone2":{"scale":[{"time":0,"x":4,"y":4}]}}},"animation2":{"slots":{"longlonmg":{"attachment":[{"time":0,"name":null},{"time":0.0667,"name":"预合成 4_00000"},{"time":0.1333,"name":"预合成 4_00001"},{"time":0.2,"name":"预合成 4_00002"},{"time":0.2667,"name":"预合成 4_00003"},{"time":0.3333,"name":"预合成 4_00004"},{"time":0.4,"name":"预合成 4_00005"},{"time":0.4667,"name":"预合成 4_00006"},{"time":0.5333,"name":"预合成 4_00007"},{"time":0.6,"name":"预合成 4_00008"},{"time":0.6667,"name":"预合成 4_00009"},{"time":0.7333,"name":"预合成 4_00010"},{"time":0.8,"name":"预合成 4_00011"},{"time":0.8667,"name":"预合成 4_00012"},{"time":0.9333,"name":"预合成 4_00013"},{"time":1,"name":"预合成 4_00014"},{"time":1.0667,"name":"预合成 4_00015"},{"time":1.1333,"name":"预合成 4_00016"},{"time":1.2,"name":"预合成 4_00017"},{"time":1.2667,"name":"预合成 4_00018"},{"time":1.3333,"name":"预合成 4_00019"},{"time":1.4,"name":"预合成 4_00020"},{"time":1.4667,"name":"预合成 4_00021"},{"time":1.5333,"name":"预合成 4_00022"},{"time":1.6,"name":"预合成 4_00023"},{"time":1.6667,"name":"预合成 4_00024"},{"time":1.7333,"name":"预合成 4_00025"},{"time":1.8,"name":"预合成 4_00026"},{"time":1.8667,"name":"预合成 4_00027"},{"time":1.9333,"name":"预合成 4_00028"},{"time":2,"name":"预合成 4_00029"},{"time":2.0667,"name":"预合成 4_00030"},{"time":2.1333,"name":"预合成 4_00031"},{"time":2.2,"name":"预合成 4_00032"},{"time":2.2667,"name":null}]}},"bones":{"bone2":{"scale":[{"time":0,"x":-4,"y":4}]}}}}},[0,1]]],0,0,[0,0],[-1,-2],[0,1]],[[[4,"flyBg"],[5,"flyBg",33554432,[-5],[[1,-2,[0,"660UBK2tdEx4c/VpdLi3Oq"],[5,1334,750]],[7,45,1334,750,-3,[0,"39BAxlSx1CebvrSHzuf+s8"]],[8,-4,[0,"04F8T75cBE+IzlVWV3Wcp6"]]],[2,"9fqRRAVWdFg6UXPLu7kNUy",null,null,null,-1,0]],[6,"caishenguochang",33554432,1,[[1,-6,[0,"8cEAL/znNLuZmeAjGGb6nt"],[5,390,180]],[9,"default","animation2",false,0,false,-7,[0,"e2RHZ873pKl7EWcCqg/Muk"],0]],[2,"77UhggEv5Knq3e8B4ZpZYM",null,null,null,1,0]]],0,[0,1,1,0,0,1,0,0,1,0,0,1,0,-1,2,0,0,2,0,0,2,0,2,1,7],[0],[3],[2]]]]
