[1,["a188a3aa-18b3-4ff4-9c50-7169ef0090db@6c48a"],0,[["sp.SkeletonData",["_name","_atlasText","textureNames","_skeletonJson","textures"],-1,3]],[[0,0,1,2,3,4,5]],[[0,"tubiao_xyx_niao5","\r\ntubiao_xyx_niao5.png\r\nsize: 512,256\r\nformat: RGBA8888\r\nfilter: Linear,Linear\r\nrepeat: none\r\nicon_fenghuang_tubiao_bianfu\r\n  rotate: true\r\n  xy: 321, 8\r\n  size: 140, 137\r\n  orig: 140, 137\r\n  offset: 0, 0\r\n  index: -1\r\nicon_fenghuang_tubiao_fenghuang2\r\n  rotate: false\r\n  xy: 162, 2\r\n  size: 157, 146\r\n  orig: 157, 146\r\n  offset: 0, 0\r\n  index: -1\r\nicon_fenghuang_tubiao_fenghuang5\r\n  rotate: false\r\n  xy: 2, 2\r\n  size: 158, 146\r\n  orig: 158, 146\r\n  offset: 0, 0\r\n  index: -1\r\n",["tubiao_xyx_niao5.png"],{"skeleton":{"hash":"3z1ihYXMeeIj8SvuZMtglkLCLew","spine":"3.8.99","images":"E:/新版UI/凤凰/切图/图标","audio":""},"bones":[{"name":"root"}],"slots":[{"name":"icon_fenghuang_tubiao_10","bone":"root","attachment":"icon_fenghuang_tubiao_fenghuang5"}],"skins":[{"name":"default","attachments":{"icon_fenghuang_tubiao_10":{"icon_fenghuang_tubiao_bianfu":{"width":140,"height":137},"icon_fenghuang_tubiao_fenghuang2":{"x":0.5,"width":157,"height":146},"icon_fenghuang_tubiao_fenghuang5":{"width":158,"height":146}}}}],"animations":{"animation":{}}},[0]]],0,0,[0],[-1],[0]]
