[1,["04f22d3b-d349-41c3-a7c6-c40c28c64e8c@6c48a"],["_textureSource"],["cc.SpriteFrame"],0,[{"name":"0","rect":{"x":0,"y":0,"width":176,"height":43},"offset":{"x":0,"y":0},"originalSize":{"width":176,"height":43},"rotated":false,"capInsets":[0,0,0,0],"vertices":{"rawPosition":[-88,-21.5,0,88,-21.5,0,-88,21.5,0,88,21.5,0],"indexes":[0,1,2,2,1,3],"uv":[0,43,176,43,0,0,176,0],"nuv":[0,0,1,0,0,1,1,1],"minPos":{"x":-88,"y":-21.5,"z":0},"maxPos":{"x":88,"y":21.5,"z":0}},"packable":true,"pixelsToUnit":100,"pivot":{"x":0.5,"y":0.5},"meshType":0}],[0],0,[0],[0],[0]]
