[1,["9eYF9UQfxEJq2vuK2HIQM9@6c48a"],["_textureSource"],["cc.SpriteFrame"],0,[{"name":"PayTable1Espanha","rect":{"x":0,"y":0,"width":1561,"height":491},"offset":{"x":0,"y":0},"originalSize":{"width":1561,"height":491},"rotated":false,"capInsets":[0,0,0,0],"vertices":{"rawPosition":[-780.5,-245.5,0,780.5,-245.5,0,-780.5,245.5,0,780.5,245.5,0],"indexes":[0,1,2,2,1,3],"uv":[0,491,1561,491,0,0,1561,0],"nuv":[0,0,1,0,0,1,1,1],"minPos":{"x":-780.5,"y":-245.5,"z":0},"maxPos":{"x":780.5,"y":245.5,"z":0}},"packable":true,"pixelsToUnit":100,"pivot":{"x":0.5,"y":0.5},"meshType":0}],[0],0,[0],[0],[0]]
