[1,["9edGCRrpRAtq/bkmWVqLiC","c8hv/9lm9Nk5lWM2NSCVLx@f9941","25KdJRxv9MKaVCNdBlfTG/@f9941","82lcVC01NG84OX74g9v9H7","91B0qjRFFLNbjI1rB+tlSq","ac01jFy5JBX726Oc1zi8Y/@6c48a","e0lHrU1IlDIa3KGgFW9waZ@6c48a"],["node","_spriteFrame","_atlas","_skeletonData","root","_target","data","_normalSprite"],[["cc.Node",["_name","_active","_components","_prefab","_parent","_children","_lpos"],1,9,4,1,2,5],["cc.UITransform",["node","__prefab","_contentSize"],3,1,4,5],["cc.Sprite",["_type","_sizeMode","node","__prefab","_spriteFrame","_atlas"],1,1,4,6,6],["cc.Label",["_string","_actualFontSize","_fontSize","_overflow","_lineHeight","_enableWrapText","node","__prefab","_color"],-3,1,4,5],["cc.Prefab",["_name"],2],["cc.CompPrefabInfo",["fileId"],2],["cc.PrefabInfo",["fileId","instance","targetOverrides","nestedPrefabInstanceRoots","root","asset"],-1,1,1],["cc.Button",["_transition","_zoomScale","node","__prefab","_normalColor","_target","_normalSprite"],1,1,4,5,1,6],["cc.Layout",["node","__prefab"],3,1,4],["sp.Skeleton",["defaultSkin","defaultAnimation","_premultipliedAlpha","_preCacheMode","loop","node","__prefab","_skeletonData"],-2,1,4,6],["sp.SkeletonData",["_name","_atlasText","textureNames","_skeletonJson","textures"],-1,3]],[[5,0,2],[6,0,1,2,3,4,5,5],[1,0,1,2,1],[0,0,4,2,3,6,2],[9,0,1,2,3,4,5,6,7,6],[10,0,1,2,3,4,5],[4,0,2],[0,0,5,2,3,2],[0,0,4,5,2,3,6,2],[0,0,1,4,5,2,3,6,3],[0,0,4,2,3,2],[1,0,1,1],[2,0,1,2,3,4,5,3],[2,2,3,4,5,1],[7,0,1,2,3,4,5,6,3],[3,0,1,2,3,6,7,8,5],[3,0,1,2,4,3,5,6,7,8,7],[8,0,1,1]],[[[[6,"prefabs_dragonTiger_tiger"],[7,"prefabs_dragonTiger_tiger",[-3,-4,-5],[[11,-2,[0,"5esQs0GXFOwZIdsQtD17LG"]]],[1,"c46/YsCPVOJYA4mWEpNYRx",null,null,null,-1,0]],[8,"props_btn_tiger",1,[-10,-11,-12],[[2,-6,[0,"50SROOx9RKL6htKshBp/m5"],[5,272,314]],[12,1,0,-7,[0,"3b++ZWYbFHg4tPvT4Es6UX"],2,3],[14,3,0.95,-9,[0,"4cW1Qc00dImJpeDu05pa2o"],[4,4292269782],-8,4]],[1,"59MiVOc8xISI0QLZFVE+MM",null,null,null,1,0],[1,292,-34,0]],[9,"spr_bet_bg",false,2,[-15],[[2,-13,[0,"aarKsXikxKt758/Vm+00on"],[5,167,33]],[13,-14,[0,"76xGTdFhVFFbAsx+BpGhQM"],0,1]],[1,"f4djSN4o1JB5SQ7pKD2xmT",null,null,null,1,0],[1,0,-176,0]],[3,"Label_bet_all",2,[[2,-16,[0,"99DvPDDU1DOLpxi8l96dZ7"],[5,191.85,50.4]],[15,"0",31,30,2,-17,[0,"b9brg3gedIvI/63mcxkBDh"],[4,4282232316]]],[1,"a9452oiihL+Ir7EKCdgIhM",null,null,null,1,0],[1,0,126,0]],[3,"Layout_bet",2,[[2,-18,[0,"c1PDkQpCRL9b6Co9bHVnBv"],[5,200,180]],[17,-19,[0,"e2X9KuqXRAKInt8gUmt/Y4"]]],[1,"f6ftV7eHZDm7y5EC1rMzNi",null,null,null,1,0],[1,0,14,0]],[10,"Label_bet_mine",3,[[2,-20,[0,"7a1QVxFEdCJZxsdAvSH3VE"],[5,107.51,37.8]],[16,"",20,20,30,2,false,-21,[0,"c6Fi7FzPxC36lCEMOeWBuc"],[4,4288539903]]],[1,"20YqIAyGlDF7uqQQgCaqbB",null,null,null,1,0]],[3,"tiger_win",1,[[2,-22,[0,"7a12uC0PNK8Kw56rq72hdn"],[5,343,145]],[4,"default","animation",false,0,false,-23,[0,"78KCjwOU9AUYW+ZS82eZTW"],5]],[1,"77pe0y+WhIfokk4jvH7ZJ4",null,null,null,1,0],[1,292,-34,0]],[3,"zhongjiang_hu",1,[[2,-24,[0,"3136MR8WVL3JW2JE71BTkg"],[5,314,358]],[4,"default","animation",false,0,false,-25,[0,"f4Q2Mzs0FGH5nIS5ROd6mC"],6]],[1,"2agVgQM79J96uOnDJ4wcQi",null,null,null,1,0],[1,292,-28,0]]],0,[0,4,1,0,0,1,0,-1,2,0,-2,7,0,-3,8,0,0,2,0,0,2,0,5,2,0,0,2,0,-1,4,0,-2,5,0,-3,3,0,0,3,0,0,3,0,-1,6,0,0,4,0,0,4,0,0,5,0,0,5,0,0,6,0,0,6,0,0,7,0,0,7,0,0,8,0,0,8,0,6,1,25],[0,0,0,0,0,0,0],[1,2,1,2,7,3,3],[2,0,1,0,1,3,4]],[[[5,"tiger_win","\r\ntiger_win.png\r\nsize: 512,256\r\nformat: RGBA8888\r\nfilter: Linear,Linear\r\nrepeat: none\r\n图层 5\r\n  rotate: true\r\n  xy: 347, 2\r\n  size: 179, 111\r\n  orig: 179, 111\r\n  offset: 0, 0\r\n  index: -1\r\n图层 6\r\n  rotate: false\r\n  xy: 2, 36\r\n  size: 343, 145\r\n  orig: 343, 145\r\n  offset: 0, 0\r\n  index: -1\r\n",["tiger_win.png"],{"skeleton":{"hash":"cCjXwaBhO+tCA3MCD6VyuvZCMPw","spine":"3.8.99","x":-171,"y":-72,"width":343,"height":145,"images":"E:/新版UI/龙虎/动画源文件/虎赢/虎赢","audio":""},"bones":[{"name":"root"},{"name":"bone","parent":"root","length":51.04}],"slots":[{"name":"图层 5","bone":"root","attachment":"图层 5"},{"name":"图层 6","bone":"bone","attachment":"图层 6"}],"skins":[{"name":"default","attachments":{"图层 5":{"图层 5":{"x":0.5,"y":0.5,"width":179,"height":111}},"图层 6":{"图层 6":{"x":0.5,"y":0.5,"width":343,"height":145}}}}],"animations":{"animation":{"slots":{"图层 6":{"color":[{"color":"ffffff00","curve":0.25,"c3":0.75},{"time":0.1667,"color":"ffffffff","curve":0.25,"c3":0.75},{"time":0.3333,"color":"ffffff00"}]}},"bones":{"root":{"scale":[{"x":0.01,"y":0.01,"curve":0.25,"c3":0.75},{"time":0.1667,"curve":"stepped"},{"time":0.5}]}}}}},[0]]],0,0,[0],[-1],[5]],[[[5,"zhongjiang_hu","\r\nzhongjiang_hu.png\r\nsize: 512,512\r\nformat: RGBA8888\r\nfilter: Linear,Linear\r\nrepeat: none\r\n111\r\n  rotate: false\r\n  xy: 2, 2\r\n  size: 314, 358\r\n  orig: 314, 358\r\n  offset: 0, 0\r\n  index: -1\r\n",["zhongjiang_hu.png"],{"skeleton":{"hash":"7ih2y2MxoMlu9P591AV51ya0Q1c","spine":"3.8.99","x":-157,"y":-179,"width":314,"height":358,"images":"E:/新版UI/龙虎/动画源文件/中奖区域","audio":""},"bones":[{"name":"root"}],"slots":[{"name":"111","bone":"root","attachment":"111"}],"skins":[{"name":"default","attachments":{"111":{"111":{"width":314,"height":358}}}}],"animations":{"animation":{"slots":{"111":{"color":[{"color":"ffffff84"},{"time":0.5,"color":"ffffffff"},{"time":1,"color":"ffffff84"}]}}}}},[0]]],0,0,[0],[-1],[6]]]]
