[1,["cblH2UhiJNcJVBmkTX97NV","eaQSKtynJJH4IhVIC3SIWg@6c48a"],["node","root","data","_skeletonData"],[["cc.Node",["_name","_components","_prefab","_children","_parent"],2,9,4,2,1],["cc.UITransform",["node","__prefab","_contentSize"],3,1,4,5],["cc.Prefab",["_name"],2],["cc.CompPrefabInfo",["fileId"],2],["cc.PrefabInfo",["fileId","instance","targetOverrides","nestedPrefabInstanceRoots","root","asset"],-1,1,1],["sp.Skeleton",["defaultSkin","defaultAnimation","_premultipliedAlpha","_preCacheMode","loop","node","__prefab","_skeletonData"],-2,1,4,6],["sp.SkeletonData",["_name","_atlasText","textureNames","_skeletonJson","textures"],-1,3]],[[3,0,2],[4,0,1,2,3,4,5,5],[2,0,2],[0,0,3,1,2,2],[0,0,4,1,2,2],[1,0,1,1],[1,0,1,2,1],[5,0,1,2,3,4,5,6,7,6],[6,0,1,2,3,4,5]],[[[[2,"prefabs_dragonTiger_begin"],[3,"prefabs_dragonTiger_begin",[-3],[[5,-2,[0,"34Wbyq92dPe7pTxuYRJyJg"]]],[1,"c46/YsCPVOJYA4mWEpNYRx",null,null,null,-1,0]],[4,"start_bet",1,[[6,-4,[0,"30luAYJ05EAooNI10GO9Bc"],[5,3432.12,229.34]],[7,"default","animation",false,0,false,-5,[0,"ebnTZJOStMAbKpiGoVbC1V"],0]],[1,"22y0mTtERD74/KjPczMGky",null,null,null,1,0]]],0,[0,1,1,0,0,1,0,-1,2,0,0,2,0,0,2,0,2,1,5],[0],[3],[0]],[[[8,"start_bet","\r\nstart_bet.png\r\nsize: 2048,512\r\nformat: RGBA8888\r\nfilter: Linear,Linear\r\nrepeat: none\r\nLH_HD\r\n  rotate: false\r\n  xy: 896, 187\r\n  size: 332, 162\r\n  orig: 332, 162\r\n  offset: 0, 0\r\n  index: -1\r\nLH_HH2\r\n  rotate: false\r\n  xy: 555, 193\r\n  size: 339, 156\r\n  orig: 339, 156\r\n  offset: 0, 0\r\n  index: -1\r\nLH_K8\r\n  rotate: false\r\n  xy: 2, 2\r\n  size: 1190, 183\r\n  orig: 1190, 183\r\n  offset: 0, 0\r\n  index: -1\r\nSTART_BET\r\n  rotate: false\r\n  xy: 2, 233\r\n  size: 551, 116\r\n  orig: 551, 116\r\n  offset: 0, 0\r\n  index: -1\r\n",["start_bet.png"],{"skeleton":{"hash":"LwgjgKuV0zMRGJvzvp9oyZSTG4c","spine":"3.8.99","x":-1676.98,"y":-91,"width":3432.12,"height":229.34,"images":"./素材/","audio":""},"bones":[{"name":"root"},{"name":"zuo","parent":"root","length":161.38,"rotation":-1.06,"x":-1586.09,"y":10.57},{"name":"you","parent":"root","length":137.48,"rotation":178.75,"x":1588.68,"y":18.57}],"slots":[{"name":"di","bone":"root","attachment":"LH_K8"},{"name":"zi","bone":"root","attachment":"START_BET"},{"name":"LH_HH2","bone":"zuo","attachment":"LH_HH2"},{"name":"LH_HD","bone":"you","attachment":"LH_HD"}],"skins":[{"name":"default","attachments":{"LH_HD":{"LH_HD":{"x":0.69,"y":-38.14,"rotation":-178.97,"width":332,"height":162}},"LH_HH2":{"LH_HH2":{"x":79.46,"y":-13.29,"rotation":0.63,"width":339,"height":156}},"di":{"LH_K8":{"y":0.5,"width":1190,"height":183}},"zi":{"START_BET":{"x":0.5,"width":551,"height":116}}}}],"animations":{"animation":{"slots":{"di":{"color":[{"color":"ffffff00","curve":0.25,"c3":0.75},{"time":0.1667,"color":"ffffffff"}]},"zi":{"color":[{"color":"ffffff00","curve":0.25,"c3":0.75},{"time":0.1667,"color":"ffffffff"}]}},"bones":{"root":{"translate":[{"time":1.1667},{"time":1.3333,"x":2762.53}]},"you":{"translate":[{},{"time":0.1667,"x":-1050.7,"y":22.84}]},"zuo":{"translate":[{},{"time":0.1667,"x":970.73,"y":-17.98}]}}}}},[0]]],0,0,[0],[-1],[1]]]]
