[1,["0dr0Nyu4dLCrfrBczTrAjB@6c48a","0dr0Nyu4dLCrfrBczTrAjB@f9941"],["_textureSource","spriteFrame"],["cc.SpriteFrame",["cc.BitmapFont",["_name","fontSize","fntConfig"],0]],[[1,0,1,2,4]],[[[{"name":"num_lose_0","rect":{"x":2,"y":2,"width":249,"height":114},"offset":{"x":-1.5,"y":5},"originalSize":{"width":256,"height":128},"rotated":false,"capInsets":[0,0,0,0],"vertices":{"rawPosition":[-124.5,-57,0,124.5,-57,0,-124.5,57,0,124.5,57,0],"indexes":[0,1,2,2,1,3],"uv":[2,126,251,126,2,12,251,12],"nuv":[0.0078125,0.09375,0.98046875,0.09375,0.0078125,0.984375,0.98046875,0.984375],"minPos":{"x":-124.5,"y":-57,"z":0},"maxPos":{"x":124.5,"y":57,"z":0}},"packable":true,"pixelsToUnit":100,"pivot":{"x":0.5,"y":0.5},"meshType":0}],[0],0,[0],[0],[0]],[[[0,"num_lose",32,{"commonHeight":32,"fontSize":32,"atlasName":"num_lose_0.png","fontDefDictionary":{"43":{"xOffset":-2,"yOffset":-2,"xAdvance":22,"rect":{"x":146,"y":48,"width":26,"height":47}},"44":{"xOffset":-2,"yOffset":-2,"xAdvance":11,"rect":{"x":220,"y":48,"width":15,"height":47}},"45":{"xOffset":-2,"yOffset":-2,"xAdvance":17,"rect":{"x":198,"y":48,"width":21,"height":47}},"46":{"xOffset":-2,"yOffset":-2,"xAdvance":11,"rect":{"x":236,"y":48,"width":15,"height":47}},"48":{"xOffset":-2,"yOffset":-2,"xAdvance":27,"rect":{"x":37,"y":0,"width":31,"height":47}},"49":{"xOffset":-2,"yOffset":-2,"xAdvance":20,"rect":{"x":173,"y":48,"width":24,"height":47}},"50":{"xOffset":-2,"yOffset":-2,"xAdvance":25,"rect":{"x":164,"y":0,"width":29,"height":47}},"51":{"xOffset":-2,"yOffset":-2,"xAdvance":24,"rect":{"x":30,"y":48,"width":28,"height":47}},"52":{"xOffset":-2,"yOffset":-2,"xAdvance":25,"rect":{"x":194,"y":0,"width":29,"height":47}},"53":{"xOffset":-2,"yOffset":-2,"xAdvance":25,"rect":{"x":224,"y":0,"width":29,"height":47}},"54":{"xOffset":-2,"yOffset":-2,"xAdvance":26,"rect":{"x":133,"y":0,"width":30,"height":47}},"55":{"xOffset":-2,"yOffset":-2,"xAdvance":24,"rect":{"x":59,"y":48,"width":28,"height":47}},"56":{"xOffset":-2,"yOffset":-2,"xAdvance":24,"rect":{"x":88,"y":48,"width":28,"height":47}},"57":{"xOffset":-2,"yOffset":-2,"xAdvance":24,"rect":{"x":117,"y":48,"width":28,"height":47}},"66":{"xOffset":-2,"yOffset":-2,"xAdvance":27,"rect":{"x":69,"y":0,"width":31,"height":47}},"75":{"xOffset":-2,"yOffset":-2,"xAdvance":27,"rect":{"x":101,"y":0,"width":31,"height":47}},"77":{"xOffset":-2,"yOffset":-2,"xAdvance":32,"rect":{"x":0,"y":0,"width":36,"height":47}},"84":{"xOffset":-2,"yOffset":-2,"xAdvance":25,"rect":{"x":0,"y":48,"width":29,"height":47}},"-1":{"xOffset":1,"yOffset":6,"xAdvance":20,"rect":{"x":0,"y":96,"width":19,"height":22}}},"kerningDict":{}}]],0,0,[0],[1],[1]]]]
