[1,["1b49cd522@6c48a"],["_textureSource"],["cc.SpriteFrame","cc.SpriteAtlas"],0,[[[{"name":"poker_num_b3","rect":{"x":452,"y":121,"width":31,"height":54},"offset":{"x":0,"y":0},"originalSize":{"width":31,"height":54},"rotated":true,"capInsets":[0,0,0,0],"packable":true,"pixelsToUnit":100,"pivot":{"x":0.5,"y":0.5},"meshType":0}],[0],0,[0],[0],[0]],[[{"name":"poker_num_b2","rect":{"x":340,"y":585,"width":31,"height":53},"offset":{"x":0,"y":0},"originalSize":{"width":31,"height":53},"rotated":true,"capInsets":[0,0,0,0],"packable":true,"pixelsToUnit":100,"pivot":{"x":0.5,"y":0.5},"meshType":0}],[0],0,[0],[0],[0]],[[{"name":"poker_flower_s3","rect":{"x":458,"y":526,"width":43,"height":49},"offset":{"x":0,"y":0},"originalSize":{"width":43,"height":49},"rotated":true,"capInsets":[0,0,0,0],"packable":true,"pixelsToUnit":100,"pivot":{"x":0.5,"y":0.5},"meshType":0}],[0],0,[0],[0],[0]],[[{"name":"poker_num_b4","rect":{"x":222,"y":586,"width":33,"height":53},"offset":{"x":0,"y":0},"originalSize":{"width":33,"height":53},"rotated":true,"capInsets":[0,0,0,0],"packable":true,"pixelsToUnit":100,"pivot":{"x":0.5,"y":0.5},"meshType":0}],[0],0,[0],[0],[0]],[[{"name":"poker_num_r8","rect":{"x":452,"y":158,"width":31,"height":54},"offset":{"x":0,"y":0},"originalSize":{"width":31,"height":54},"rotated":true,"capInsets":[0,0,0,0],"packable":true,"pixelsToUnit":100,"pivot":{"x":0.5,"y":0.5},"meshType":0}],[0],0,[0],[0],[0]],[[{"name":"poker_flower_s2","rect":{"x":405,"y":526,"width":46,"height":43},"offset":{"x":0,"y":0},"originalSize":{"width":46,"height":43},"rotated":false,"capInsets":[0,0,0,0],"packable":true,"pixelsToUnit":100,"pivot":{"x":0.5,"y":0.5},"meshType":0}],[0],0,[0],[0],[0]],[[{"name":"poker_flower_2","rect":{"x":128,"y":526,"width":96,"height":88},"offset":{"x":0,"y":0},"originalSize":{"width":96,"height":88},"rotated":true,"capInsets":[0,0,0,0],"packable":true,"pixelsToUnit":100,"pivot":{"x":0.5,"y":0.5},"meshType":0}],[0],0,[0],[0],[0]],[[{"name":"poker_flower_b13","rect":{"x":3,"y":461,"width":119,"height":155},"offset":{"x":0,"y":0},"originalSize":{"width":119,"height":155},"rotated":false,"capInsets":[0,0,0,0],"packable":true,"pixelsToUnit":100,"pivot":{"x":0.5,"y":0.5},"meshType":0}],[0],0,[0],[0],[0]],[[{"name":"poker_num_b9","rect":{"x":452,"y":195,"width":31,"height":54},"offset":{"x":0,"y":0},"originalSize":{"width":31,"height":54},"rotated":true,"capInsets":[0,0,0,0],"packable":true,"pixelsToUnit":100,"pivot":{"x":0.5,"y":0.5},"meshType":0}],[0],0,[0],[0],[0]],[[{"name":"auto_poker","spriteFrames":["poker_1","7bu6qKDodEQZPKkptobEwq@f9941","poker_flower_r12","57UAJupnxPE5LBgLzYnz8I@f9941","poker_num_r10","71aJCZf1ZCUpuEXzObaEdi@f9941","poker_num_b10","a3VsqoqvBDI7ntOfVsbyRH@f9941","poker_flower_r11","a9af2P7GlM4Zkqnp7xa6Rh@f9941","poker_num_b3","01fsdZK4tDtrYsbivrrXIl@f9941","poker_num_r8","1aaUZEs2xEWqabLPewdtDT@f9941","poker_num_b9","2dsljUVhBM6JlgCwsPxmE1@f9941","poker_num_r5","50m4CXrthAO5brBJfiqmIE@f9941","poker_flower_b11","82nWrXtZ1M87LYH8ke7is4@f9941","poker_flower_4","40NuY25kBLObMWW+5ulD0e@f9941","poker_flower_b12","9b3pUQGMtNK4H60Q+qKm+J@f9941","poker_flower_1","a6l5c3BYRJz4uHAVeLLvvr@f9941","poker_flower_r13","b2+vVKjOBJH611c191a7Yl@f9941","poker_flower_b13","2a9S+9sCVOkr2nJPh+UQxI@f9941","poker_num_r12","caQsVyzPtLmZ2+srLEaPff@f9941","poker_num_b8","cbWXRhmOlJh62MMxQKYjYX@f9941","poker_num_b5","cbm1nxteVL1Z9Nby8qCnUW@f9941","poker_0","87AJ5qgaFC7bosMB216lsC@f9941","poker_num_r7","453r+0popCRrbQxSkXD6jZ@f9941","poker_flower_3","74ECy22mJN4J2uw6igIqvn@f9941","poker_flower_2","24lrxzPnVEuqqXb9XKQ5nD@f9941","poker_flower_s4","a4l9CRakxCkJAivInKyLbW@f9941","poker_num_r9","d37Kc1+udKe6qTOgAZggtE@f9941","poker_num_r3","f1gQidIpRL8benBHhN6aHJ@f9941","poker_flower_s1","f2N/zlU5VB+a2bAgmEjZfb@f9941","poker_num_b1","4dh8UL5b1JmJa4DfbStAIB@f9941","poker_num_r1","b5+z2x24pGV45ArVC51JRb@f9941","poker_num_b12","fbVBgFO5NN264soAmpnaIY@f9941","poker_num_b4","1089t0l/JMi7QFWPspAePG@f9941","poker_num_b6","51BVZay7ZDzbv5eA1zKnnq@f9941","poker_num_b11","6bKefaeyBPq6e/EFaaMNoN@f9941","poker_num_r13","5aAw3Q/P9ACpYyOhaNgGnd@f9941","poker_num_r11","ae90p8DkxHm4NwPcqOb7m8@f9941","poker_num_r6","fdVOPHl91FpaBuciToVsag@f9941","poker_num_b13","9cyjC8UHhDGpwSpbAPE2kw@f9941","poker_num_r4","b4UcgoqZ1AjYJYuqBOyoSw@f9941","poker_num_b7","56UIGOyn1EopnAKWan9AbZ@f9941","poker_num_b2","032NlCrl1Bg4rv9dyuLJdo@f9941","poker_num_r2","dci4K6s0VPyo5AavdKXDZe@f9941","poker_flower_s3","0ePNvNLI5O55KUy2Z3CP9A@f9941","poker_flower_s2","1fbHdsyOdDLpjVQl971ROU@f9941"]}],[1],0,[],[],[]],[[{"name":"poker_flower_4","rect":{"x":172,"y":208,"width":96,"height":98},"offset":{"x":0,"y":0},"originalSize":{"width":96,"height":98},"rotated":true,"capInsets":[0,0,0,0],"packable":true,"pixelsToUnit":100,"pivot":{"x":0.5,"y":0.5},"meshType":0}],[0],0,[0],[0],[0]],[[{"name":"poker_num_r7","rect":{"x":406,"y":367,"width":29,"height":53},"offset":{"x":0,"y":0},"originalSize":{"width":29,"height":53},"rotated":false,"capInsets":[0,0,0,0],"packable":true,"pixelsToUnit":100,"pivot":{"x":0.5,"y":0.5},"meshType":0}],[0],0,[0],[0],[0]],[[{"name":"poker_num_b1","rect":{"x":217,"y":463,"width":36,"height":53},"offset":{"x":0,"y":0},"originalSize":{"width":36,"height":53},"rotated":true,"capInsets":[0,0,0,0],"packable":true,"pixelsToUnit":100,"pivot":{"x":0.5,"y":0.5},"meshType":0}],[0],0,[0],[0],[0]],[[{"name":"poker_num_r5","rect":{"x":452,"y":232,"width":31,"height":54},"offset":{"x":0,"y":0},"originalSize":{"width":31,"height":54},"rotated":true,"capInsets":[0,0,0,0],"packable":true,"pixelsToUnit":100,"pivot":{"x":0.5,"y":0.5},"meshType":0}],[0],0,[0],[0],[0]],[[{"name":"poker_num_b6","rect":{"x":259,"y":526,"width":30,"height":54},"offset":{"x":0,"y":0},"originalSize":{"width":30,"height":54},"rotated":false,"capInsets":[0,0,0,0],"packable":true,"pixelsToUnit":100,"pivot":{"x":0.5,"y":0.5},"meshType":0}],[0],0,[0],[0],[0]],[[{"name":"poker_num_b7","rect":{"x":370,"y":525,"width":29,"height":53},"offset":{"x":0,"y":0},"originalSize":{"width":29,"height":53},"rotated":false,"capInsets":[0,0,0,0],"packable":true,"pixelsToUnit":100,"pivot":{"x":0.5,"y":0.5},"meshType":0}],[0],0,[0],[0],[0]],[[{"name":"poker_flower_r12","rect":{"x":281,"y":3,"width":111,"height":167},"offset":{"x":0,"y":0},"originalSize":{"width":111,"height":167},"rotated":true,"capInsets":[0,0,0,0],"packable":true,"pixelsToUnit":100,"pivot":{"x":0.5,"y":0.5},"meshType":0}],[0],0,[0],[0],[0]],[[{"name":"poker_num_r13","rect":{"x":281,"y":586,"width":33,"height":53},"offset":{"x":0,"y":0},"originalSize":{"width":33,"height":53},"rotated":true,"capInsets":[0,0,0,0],"packable":true,"pixelsToUnit":100,"pivot":{"x":0.5,"y":0.5},"meshType":0}],[0],0,[0],[0],[0]],[[{"name":"poker_num_b11","rect":{"x":276,"y":466,"width":30,"height":54},"offset":{"x":0,"y":0},"originalSize":{"width":30,"height":54},"rotated":false,"capInsets":[0,0,0,0],"packable":true,"pixelsToUnit":100,"pivot":{"x":0.5,"y":0.5},"meshType":0}],[0],0,[0],[0],[0]],[[{"name":"poker_num_r10","rect":{"x":454,"y":3,"width":54,"height":53},"offset":{"x":0,"y":0},"originalSize":{"width":54,"height":53},"rotated":false,"capInsets":[0,0,0,0],"packable":true,"pixelsToUnit":100,"pivot":{"x":0.5,"y":0.5},"meshType":0}],[0],0,[0],[0],[0]],[[{"name":"poker_flower_3","rect":{"x":406,"y":426,"width":94,"height":98},"offset":{"x":0,"y":0},"originalSize":{"width":94,"height":98},"rotated":true,"capInsets":[0,0,0,0],"packable":true,"pixelsToUnit":100,"pivot":{"x":0.5,"y":0.5},"meshType":0}],[0],0,[0],[0],[0]],[[{"name":"poker_1","rect":{"x":3,"y":3,"width":199,"height":272},"offset":{"x":0,"y":0},"originalSize":{"width":199,"height":272},"rotated":true,"capInsets":[0,0,0,0],"packable":true,"pixelsToUnit":100,"pivot":{"x":0.5,"y":0.5},"meshType":0}],[0],0,[0],[0],[0]],[[{"name":"poker_flower_b11","rect":{"x":3,"y":208,"width":121,"height":163},"offset":{"x":0,"y":0},"originalSize":{"width":121,"height":163},"rotated":true,"capInsets":[0,0,0,0],"packable":true,"pixelsToUnit":100,"pivot":{"x":0.5,"y":0.5},"meshType":0}],[0],0,[0],[0],[0]],[[{"name":"poker_0","rect":{"x":276,"y":367,"width":93,"height":124},"offset":{"x":0,"y":0},"originalSize":{"width":93,"height":124},"rotated":true,"capInsets":[0,0,0,0],"packable":true,"pixelsToUnit":100,"pivot":{"x":0.5,"y":0.5},"meshType":0}],[0],0,[0],[0],[0]],[[{"name":"poker_flower_b12","rect":{"x":276,"y":241,"width":120,"height":159},"offset":{"x":0,"y":0},"originalSize":{"width":120,"height":159},"rotated":true,"capInsets":[0,0,0,0],"packable":true,"pixelsToUnit":100,"pivot":{"x":0.5,"y":0.5},"meshType":0}],[0],0,[0],[0],[0]],[[{"name":"poker_num_b13","rect":{"x":331,"y":526,"width":33,"height":53},"offset":{"x":0,"y":0},"originalSize":{"width":33,"height":53},"rotated":false,"capInsets":[0,0,0,0],"packable":true,"pixelsToUnit":100,"pivot":{"x":0.5,"y":0.5},"meshType":0}],[0],0,[0],[0],[0]],[[{"name":"poker_num_b10","rect":{"x":454,"y":62,"width":54,"height":53},"offset":{"x":0,"y":0},"originalSize":{"width":54,"height":53},"rotated":false,"capInsets":[0,0,0,0],"packable":true,"pixelsToUnit":100,"pivot":{"x":0.5,"y":0.5},"meshType":0}],[0],0,[0],[0],[0]],[[{"name":"poker_flower_s4","rect":{"x":222,"y":411,"width":46,"height":48},"offset":{"x":0,"y":0},"originalSize":{"width":46,"height":48},"rotated":true,"capInsets":[0,0,0,0],"packable":true,"pixelsToUnit":100,"pivot":{"x":0.5,"y":0.5},"meshType":0}],[0],0,[0],[0],[0]],[[{"name":"poker_flower_1","rect":{"x":172,"y":310,"width":95,"height":98},"offset":{"x":0,"y":0},"originalSize":{"width":95,"height":98},"rotated":true,"capInsets":[0,0,0,0],"packable":true,"pixelsToUnit":100,"pivot":{"x":0.5,"y":0.5},"meshType":0}],[0],0,[0],[0],[0]],[[{"name":"poker_flower_r11","rect":{"x":281,"y":120,"width":115,"height":165},"offset":{"x":0,"y":0},"originalSize":{"width":115,"height":165},"rotated":true,"capInsets":[0,0,0,0],"packable":true,"pixelsToUnit":100,"pivot":{"x":0.5,"y":0.5},"meshType":0}],[0],0,[0],[0],[0]],[[{"name":"poker_num_r11","rect":{"x":295,"y":526,"width":30,"height":54},"offset":{"x":0,"y":0},"originalSize":{"width":30,"height":54},"rotated":false,"capInsets":[0,0,0,0],"packable":true,"pixelsToUnit":100,"pivot":{"x":0.5,"y":0.5},"meshType":0}],[0],0,[0],[0],[0]],[[{"name":"poker_flower_r13","rect":{"x":3,"y":335,"width":120,"height":157},"offset":{"x":0,"y":0},"originalSize":{"width":120,"height":157},"rotated":true,"capInsets":[0,0,0,0],"packable":true,"pixelsToUnit":100,"pivot":{"x":0.5,"y":0.5},"meshType":0}],[0],0,[0],[0],[0]],[[{"name":"poker_num_r4","rect":{"x":348,"y":466,"width":33,"height":53},"offset":{"x":0,"y":0},"originalSize":{"width":33,"height":53},"rotated":false,"capInsets":[0,0,0,0],"packable":true,"pixelsToUnit":100,"pivot":{"x":0.5,"y":0.5},"meshType":0}],[0],0,[0],[0],[0]],[[{"name":"poker_num_r1","rect":{"x":441,"y":380,"width":36,"height":53},"offset":{"x":0,"y":0},"originalSize":{"width":36,"height":53},"rotated":true,"capInsets":[0,0,0,0],"packable":true,"pixelsToUnit":100,"pivot":{"x":0.5,"y":0.5},"meshType":0}],[0],0,[0],[0],[0]],[[{"name":"poker_num_r12","rect":{"x":441,"y":269,"width":31,"height":54},"offset":{"x":0,"y":0},"originalSize":{"width":31,"height":54},"rotated":true,"capInsets":[0,0,0,0],"packable":true,"pixelsToUnit":100,"pivot":{"x":0.5,"y":0.5},"meshType":0}],[0],0,[0],[0],[0]],[[{"name":"poker_num_b8","rect":{"x":441,"y":306,"width":31,"height":54},"offset":{"x":0,"y":0},"originalSize":{"width":31,"height":54},"rotated":true,"capInsets":[0,0,0,0],"packable":true,"pixelsToUnit":100,"pivot":{"x":0.5,"y":0.5},"meshType":0}],[0],0,[0],[0],[0]],[[{"name":"poker_num_b5","rect":{"x":441,"y":343,"width":31,"height":54},"offset":{"x":0,"y":0},"originalSize":{"width":31,"height":54},"rotated":true,"capInsets":[0,0,0,0],"packable":true,"pixelsToUnit":100,"pivot":{"x":0.5,"y":0.5},"meshType":0}],[0],0,[0],[0],[0]],[[{"name":"poker_num_r9","rect":{"x":128,"y":466,"width":31,"height":54},"offset":{"x":0,"y":0},"originalSize":{"width":31,"height":54},"rotated":false,"capInsets":[0,0,0,0],"packable":true,"pixelsToUnit":100,"pivot":{"x":0.5,"y":0.5},"meshType":0}],[0],0,[0],[0],[0]],[[{"name":"poker_num_r2","rect":{"x":399,"y":584,"width":31,"height":53},"offset":{"x":0,"y":0},"originalSize":{"width":31,"height":53},"rotated":true,"capInsets":[0,0,0,0],"packable":true,"pixelsToUnit":100,"pivot":{"x":0.5,"y":0.5},"meshType":0}],[0],0,[0],[0],[0]],[[{"name":"poker_num_r3","rect":{"x":165,"y":466,"width":31,"height":54},"offset":{"x":0,"y":0},"originalSize":{"width":31,"height":54},"rotated":false,"capInsets":[0,0,0,0],"packable":true,"pixelsToUnit":100,"pivot":{"x":0.5,"y":0.5},"meshType":0}],[0],0,[0],[0],[0]],[[{"name":"poker_flower_s1","rect":{"x":166,"y":411,"width":45,"height":49},"offset":{"x":0,"y":0},"originalSize":{"width":45,"height":49},"rotated":false,"capInsets":[0,0,0,0],"packable":true,"pixelsToUnit":100,"pivot":{"x":0.5,"y":0.5},"meshType":0}],[0],0,[0],[0],[0]],[[{"name":"poker_num_b12","rect":{"x":222,"y":526,"width":31,"height":54},"offset":{"x":0,"y":0},"originalSize":{"width":31,"height":54},"rotated":false,"capInsets":[0,0,0,0],"packable":true,"pixelsToUnit":100,"pivot":{"x":0.5,"y":0.5},"meshType":0}],[0],0,[0],[0],[0]],[[{"name":"poker_num_r6","rect":{"x":312,"y":466,"width":30,"height":54},"offset":{"x":0,"y":0},"originalSize":{"width":30,"height":54},"rotated":false,"capInsets":[0,0,0,0],"packable":true,"pixelsToUnit":100,"pivot":{"x":0.5,"y":0.5},"meshType":0}],[0],0,[0],[0],[0]]]]
