[1,["2db7f5b8-1aee-4e6a-af54-55211508f60c@6c48a","648e4791-b69a-46c8-b286-f6a7e1bc6dd2@6c48a","b2542626-fe2c-4505-b9b8-b31eaada51f8@f9941","648e4791-b69a-46c8-b286-f6a7e1bc6dd2@f9941","2db7f5b8-1aee-4e6a-af54-55211508f60c@f9941","ac6603db-0bd4-402b-87a8-ffd8203b50eb@f9941","ac6603db-0bd4-402b-87a8-ffd8203b50eb@6c48a","b2542626-fe2c-4505-b9b8-b31eaada51f8@6c48a"],["node","_textureSource","_spriteFrame","root","data","_parent","_scrollView"],["cc.SpriteFrame",["cc.Sprite",["_sizeMode","_type","node","__prefab","_spriteFrame"],1,1,4,6],["cc.Node",["_name","_layer","_active","_components","_prefab","_lpos","_children","_parent"],0,12,4,5,2,1],["cc.Node",["_name","_layer","_components","_prefab","_lpos","_children","_parent"],1,9,4,5,2,1],["cc.UITransform",["node","__prefab","_contentSize","_anchorPoint"],3,1,4,5,5],["cc.Label",["_string","_horizontalAlign","_actualFontSize","_fontSize","_lineHeight","_verticalAlign","_enableWrapText","node","__prefab","_color"],-4,1,4,5],["cc.Prefab",["_name"],2],["cc.CompPrefabInfo",["fileId"],2],["cc.PrefabInfo",["fileId","instance","targetOverrides","nestedPrefabInstanceRoots","root","asset"],-1,1,1],["cc.Widget",["_alignFlags","_originalHeight","_alignMode","node","__prefab"],0,1,4],["cc.Layout",["_resizeMode","_layoutType","node","__prefab"],1,1,4],["cc.Mask",["node","__prefab"],3,1,4],["cc.Graphics",["node","__prefab","_fillColor"],3,1,4,5],["cc.ScrollBar",["_direction","node","__prefab","_handle"],2,1,4,1],["cc.ScrollView",["bounceDuration","brake","horizontal","node","__prefab","_content","_verticalScrollBar"],0,1,4,1,1]],[[7,0,2],[8,0,1,2,3,4,5,5],[4,0,1,2,1],[4,0,1,2,3,1],[3,0,1,6,2,3,4,3],[3,0,1,6,5,2,3,4,3],[1,1,0,2,3,3],[1,0,2,3,4,2],[6,0,2],[2,0,1,6,3,4,5,3],[2,0,2,1,7,6,3,4,5,4],[2,0,1,7,3,4,5,3],[3,0,1,5,2,3,4,3],[1,1,0,2,3,4,3],[1,2,3,4,1],[9,0,1,2,3,4,4],[10,0,1,2,3,3],[11,0,1,1],[12,0,1,2,1],[5,0,1,2,3,4,7,8,9,6],[5,0,1,5,2,3,4,6,7,8,8],[13,0,1,2,3,2],[14,0,1,2,3,4,5,6,4]],[[[{"name":"God_tk1_8","rect":{"x":0,"y":0,"width":189,"height":6},"offset":{"x":0,"y":0},"originalSize":{"width":189,"height":6},"rotated":false,"capInsets":[0,0,0,0],"vertices":{"rawPosition":[-94.5,-3,0,94.5,-3,0,-94.5,3,0,94.5,3,0],"indexes":[0,1,2,2,1,3],"uv":[0,6,189,6,0,0,189,0],"nuv":[0,0,1,0,0,1,1,1],"minPos":{"x":-94.5,"y":-3,"z":0},"maxPos":{"x":94.5,"y":3,"z":0}},"packable":true,"pixelsToUnit":100,"pivot":{"x":0.5,"y":0.5},"meshType":0}],[0],0,[0],[1],[0]],[[{"name":"God_tk1_7","rect":{"x":0,"y":0,"width":43,"height":41},"offset":{"x":0,"y":0},"originalSize":{"width":43,"height":41},"rotated":false,"capInsets":[0,0,0,0],"vertices":{"rawPosition":[-21.5,-20.5,0,21.5,-20.5,0,-21.5,20.5,0,21.5,20.5,0],"indexes":[0,1,2,2,1,3],"uv":[0,41,43,41,0,0,43,0],"nuv":[0,0,1,0,0,1,1,1],"minPos":{"x":-21.5,"y":-20.5,"z":0},"maxPos":{"x":21.5,"y":20.5,"z":0}},"packable":true,"pixelsToUnit":100,"pivot":{"x":0.5,"y":0.5},"meshType":0}],[0],0,[0],[1],[1]],[[[8,"prefab_godWealth_jackPot"],[9,"prefab_godWealth_jackPot",33554432,[-5,-6],[[[2,-2,[0,"ddPstquGtAR6smXgDocNdw"],[5,313,482]],[13,1,0,-3,[0,"c1sKHj8XJFH6dIyHhy96BQ"],3],-4],4,4,1],[1,"a9WTgbzB5MYJ/YMYWuH2ra",null,null,null,-1,0],[1,-550,-16,0]],[10,"scrollBar",false,33554432,1,[-11],[[[3,-7,[0,"db3X/CmvdCarVKwxy8V4X/"],[5,12,413],[0,1,0.5]],[6,1,0,-8,[0,"f0uCZIgt1Jd6l4DdH3TCug"]],[15,37,250,1,-9,[0,"1039k1TQFDNa7/kA7lBvRo"]],-10],4,4,4,1],[1,"8dWysyWZxDCpo/5GsdP56A",null,null,null,1,0],[1,156.5,0,0]],[12,"props_content",33554432,[-14],[[3,-12,[0,"92xB1ziERAM7VJ/ns7aBF7"],[5,200,50],[0,0.5,1]],[16,1,2,-13,[0,"18PdKsN/FL45xV4SA6ENgx"]]],[1,"3eg3QCwU5J1pYVOEKp9SXl",null,null,null,1,0],[1,0,115,0]],[5,"view",33554432,1,[3],[[2,-15,[0,"fcqd25RLFJIJlmHUi+7Bxm"],[5,200,240]],[17,-16,[0,"6fsTSY2YBPEIVX4KK7tM3/"]],[18,-17,[0,"c9/jgdNvdOXaKiTac7BTj/"],[4,16777215]]],[1,"a5b3Za4ndAhqv+lpCliJOB",null,null,null,1,0],[1,0,-48,0]],[5,"props_item",33554432,3,[-19,-20,-21],[[3,-18,[0,"672pqe/fxDjKQc2VOstTvC"],[5,200,50],[0,0,1]]],[1,"06/HvWOVZIiIDMLfiPSCpl",null,null,null,1,0],[1,-100,0,0]],[5,"One_Left",33554432,5,[-23,-24,-25],[[2,-22,[0,"7erPpaiSdEg61bQtYqo60Z"],[5,65,55]]],[1,"ccWSsZnSNPr6CFV6A4rz6g",null,null,null,1,0],[1,35.728,-28.356,0]],[11,"bar",33554432,2,[[[3,-26,[0,"9arP8Hlw9KCafmJfy4Stns"],[5,10,156.25],[0,0,0]],-27],4,1],[1,"5flCgTTb9L/rw6cirSFgRY",null,null,null,1,0],[1,-11,-31.25,0]],[4,"gold_label",33554432,6,[[3,-28,[0,"d79Ennvu5Ob7NOxTxTwtId"],[5,55.05,25.2],[0,0,0.5]],[19,"60,000",2,18,18,20,-29,[0,"c0pfonUexNDqs5RpdqNC9O"],[4,4283938303]]],[1,"8eECKiW25DgYqebOHm2nKk",null,null,null,1,0],[1,15,-4,0]],[4,"head",33554432,6,[[2,-30,[0,"90CLCPs9ZPE7b2eeo4MM7d"],[5,33,33]],[7,0,-31,[0,"9a2gQgwItC04PxINb22mWU"],0]],[1,"a0F9vNKolIRJ/2rp7/wAAw",null,null,null,1,0],[1,-8,7,0]],[4,"Head_Box",33554432,6,[[2,-32,[0,"85YUlC/W9DX4WCLKVWAASX"],[5,36,36]],[7,0,-33,[0,"c0g4l3rq5LzoAoiaWpNYfb"],1]],[1,"d66pFUrbJI0rZlG68swfOc",null,null,null,1,0],[1,-8,6,0]],[4,"user_name",33554432,5,[[3,-34,[0,"e68CFedSlJc7fed5nSkxqg"],[5,71.73,18.9],[0,0,0.5]],[20,"aoaiaiaiaia",0,0,15,15,0,false,-35,[0,"f5gggAxfdNM4FZMCQaZ6C/"]]],[1,"46ltZcmPRHdotuEhs4Xh2E",null,null,null,1,0],[1,50,-13.805999999999983,0]],[4,"One_line",33554432,5,[[2,-36,[0,"c1PK99eaBFqYPtqmWgtwz+"],[5,189,6]],[14,-37,[0,"a2r+sKLMxAPpMmgF0q7ND/"],2]],[1,"3dmujDeltLrL1xqh4KRPPU",null,null,null,1,0],[1,100,-48,0]],[6,1,0,7,[0,"25aU6LlZ9O1b6IEBkVZZUT"]],[21,1,2,[0,"994JhyLfNDc4bpzytzwJby"],13],[22,0.23,0.75,false,1,[0,"54qa7ud69DbKSvi41z9WDK"],3,14]],0,[0,3,1,0,0,1,0,0,1,0,-3,15,0,-1,2,0,-2,4,0,0,2,0,0,2,0,0,2,0,-4,14,0,-1,7,0,0,3,0,0,3,0,-1,5,0,0,4,0,0,4,0,0,4,0,0,5,0,-1,6,0,-2,11,0,-3,12,0,0,6,0,-1,8,0,-2,9,0,-3,10,0,0,7,0,-2,13,0,0,8,0,0,8,0,0,9,0,0,9,0,0,10,0,0,10,0,0,11,0,0,11,0,0,12,0,0,12,0,4,1,3,5,4,14,6,15,37],[0,0,0,0],[2,2,2,2],[2,3,4,5]],[[{"name":"God_tk1_6","rect":{"x":0,"y":0,"width":313,"height":482},"offset":{"x":0,"y":0},"originalSize":{"width":313,"height":482},"rotated":false,"capInsets":[0,0,0,0],"vertices":{"rawPosition":[-156.5,-241,0,156.5,-241,0,-156.5,241,0,156.5,241,0],"indexes":[0,1,2,2,1,3],"uv":[0,482,313,482,0,0,313,0],"nuv":[0,0,1,0,0,1,1,1],"minPos":{"x":-156.5,"y":-241,"z":0},"maxPos":{"x":156.5,"y":241,"z":0}},"packable":true,"pixelsToUnit":100,"pivot":{"x":0.5,"y":0.5},"meshType":0}],[0],0,[0],[1],[6]],[[{"name":"head","rect":{"x":0,"y":0,"width":140,"height":140},"offset":{"x":0,"y":0},"originalSize":{"width":140,"height":140},"rotated":false,"capInsets":[0,0,0,0],"vertices":{"rawPosition":[-70,-70,0,70,-70,0,-70,70,0,70,70,0],"indexes":[0,1,2,2,1,3],"uv":[0,140,140,140,0,0,140,0],"nuv":[0,0,1,0,0,1,1,1],"minPos":{"x":-70,"y":-70,"z":0},"maxPos":{"x":70,"y":70,"z":0}},"packable":true,"pixelsToUnit":100,"pivot":{"x":0.5,"y":0.5},"meshType":0}],[0],0,[0],[1],[7]]]]
