[1,["924d5f73-3073-4151-89d6-ab143c5ab515@f9941","84e7d31d-69ab-4b18-8982-4d6e63861225@f9941","43b7eb64-be1f-4136-9ff9-b278b06fb82a@f9941","f515bc65-ae72-485a-b0ed-8ffa1369f8bc","dad1e9c3-d94b-421c-ba9a-377921ea7674@f9941","dc1def80-2d00-4706-b95e-08479faffc80@f9941","43b7eb64-be1f-4136-9ff9-b278b06fb82a@6c48a","84e7d31d-69ab-4b18-8982-4d6e63861225@6c48a","924d5f73-3073-4151-89d6-ab143c5ab515@6c48a","dad1e9c3-d94b-421c-ba9a-377921ea7674@6c48a","dc1def80-2d00-4706-b95e-08479faffc80@6c48a"],["node","_spriteFrame","_textureSource","root","_target","_barSprite","data","_parent","_file","_normalSprite","spriteFrame"],[["cc.Node",["_name","_active","_layer","_components","_prefab","_parent","_lpos","_children"],0,9,4,1,5,2],"cc.SpriteFrame",["cc.UITransform",["node","__prefab","_contentSize","_anchorPoint"],3,1,4,5,5],["cc.Widget",["_alignFlags","_top","_originalWidth","_originalHeight","_bottom","_right","node","__prefab"],-3,1,4],["cc.Sprite",["_sizeMode","_type","node","__prefab","_spriteFrame"],1,1,4,6],["cc.Label",["_actualFontSize","_fontSize","_string","_lineHeight","_enableOutline","node","__prefab","_color"],-2,1,4,5],["cc.Prefab",["_name"],2],["cc.Node",["_name","_layer","_parent","_children","_components","_prefab","_lpos"],1,1,2,12,4,5],["cc.CompPrefabInfo",["fileId"],2],["cc.PrefabInfo",["fileId","instance","targetOverrides","nestedPrefabInstanceRoots","root","asset"],-1,1,1],["cc.Button",["_transition","_zoomScale","node","__prefab","_normalColor","_target","_normalSprite"],1,1,4,5,1,6],["cc.ProgressBar",["_totalLength","_progress","node","__prefab","_barSprite"],1,1,4,1],["cc.Layout",["_layoutType","_horizontalDirection","node","__prefab"],1,1,4],["cc.LabelOutline",["node","__prefab"],3,1,4],["cc.ParticleSystem2D",["_name","_dstBlendFactor","emissionRate","life","lifeVar","angle","angleVar","startSize","startSizeVar","endSize","speed","speedVar","tangentialAccel","startRadius","_totalParticles","node","__prefab","posVar","_startColor","_startColorVar","_endColor","_endColorVar","_file","_spriteFrame"],-12,1,4,5,5,5,5,5,6,6],["cc.ParticleAsset",["_name","_native"],1]],[[8,0,2],[9,0,1,2,3,4,5,5],[2,0,1,2,1],[0,0,5,3,4,6,2],[3,0,2,3,6,7,4],[4,1,0,2,3,4,3],[6,0,2],[0,0,7,3,4,2],[0,0,1,3,4,6,3],[0,0,5,7,3,4,6,2],[0,0,5,3,4,2],[0,0,5,7,3,4,2],[0,0,2,5,3,4,6,3],[0,0,1,5,3,4,6,3],[7,0,1,2,3,4,5,6,3],[2,0,1,2,3,1],[2,0,1,3,1],[3,0,1,4,2,3,6,7,6],[3,0,5,1,6,7,4],[4,0,2,3,4,2],[4,1,0,2,3,3],[10,0,1,2,3,4,5,6,3],[11,0,1,2,3,4,3],[12,0,1,2,3,3],[5,2,0,1,3,4,5,6,6],[5,0,1,5,6,7,3],[5,2,0,1,5,6,4],[13,0,1,1],[14,0,1,2,3,4,5,6,7,8,9,10,11,12,13,14,15,16,17,18,19,20,21,22,23,16],[15,0,1,3]],[[[[6,"prefab_godWealth_loading"],[7,"prefab_godWealth_loading",[-4,-5,-6,-7,-8,-9],[[2,-2,[0,"95G9Q2rrxOf531huoVR2hh"],[5,1334,750]],[17,40,-25,-25,1600,800,-3,[0,"31ha4/0o1LpL7p+FqsyZos"]]],[1,"c46/YsCPVOJYA4mWEpNYRx",null,null,null,-1,0]],[8,"props_btn_return",false,[[2,-10,[0,"bb4Fk+MtpCEpj1Mb3Vsano"],[5,62,62]],[5,1,0,-11,[0,"88hMQe+6FI2LZQHCD5jgwg"],4],[21,3,0.9,-13,[0,"19UieRNm1Dw5vSxQG4sabI"],[4,4292269782],-12,5],[18,33,19,19,-14,[0,"60r5r4+v5LaLeXyPddJWWn"]]],[1,"eaZXOzBtZNx4N1iOOoq07r",null,null,null,1,0],[1,617,325,0]],[9,"props_progressBar",1,[-19],[[2,-15,[0,"ebsmZ/VWREeIL4E/EEHu+M"],[5,796,48]],[5,1,2,-16,[0,"0bNY5qKGxMIrEf1Yp3NVt+"],3],[22,772,0,-18,[0,"8djev+7K1DnbXaZXwKebmv"],-17]],[1,"cdex1IyXlNMqx1+H6/xyLd",null,null,null,1,0],[1,0,-244,0]],[14,"Bar",33554432,3,[-23],[[[15,-20,[0,"a103gK3uxIHo9BolLxhbjs"],[5,0,24],[0,0,0.5]],-21,[23,1,1,-22,[0,"28jN8SMqNEtJgUrbJ6ZDtM"]]],4,1,4],[1,"970ZL9O79Odqr2kOWfZCVp",null,null,null,1,0],[1,-387,0,0]],[10,"spr_loading_bg",1,[[2,-24,[0,"2dAlhPiJZL66t/Mrt4YOC8"],[5,1334,750]],[19,0,-25,[0,"56spWBZwZPFqI1FPaH1GJe"],0],[4,45,1600,800,-26,[0,"66HkF1Og1FNIDA9GY4pcRX"]]],[1,"31apFmkSFGu7sod7t8hU18",null,null,null,1,0]],[3,"props_progressTip",1,[[2,-27,[0,"a1ian5eYJGSI7OIk8mlVL7"],[5,32.91,41.8]],[24,"0%",20,20,30,true,-28,[0,"c5PzQEQGBIMLmT4C4KABUP"]],[27,-29,[0,"7dw41s1q9GLI6Hy/3VwRzQ"]]],[1,"daKwI+zzdAcZUiomyJ9HL4",null,null,null,1,0],[1,0,-244,0]],[11," node_widget",1,[2],[[2,-30,[0,"d4XD9Lg61O8aOZsHnrIsdT"],[5,1334,750]],[4,45,100,100,-31,[0,"b5U/SZsWBCi68JRqUP9CVZ"]]],[1,"d7o1pkiAFKT7YhLdTCYaTL",null,null,null,1,0]],[12,"fire",33554432,4,[[16,-32,[0,"8edvZdF/RNAKK26i9h7vGH"],[0,1,0.5]],[28,"Node<ParticleSystem2D>",1,50,0.3,0.1,180,0,20,5,30,30,20,0,100,100,-33,[0,"2fQcE3TFJJPor8CZp2vYG1"],[0,10,5],[4,65535],[4,5570560],[4,4278190335],[4,4281597952],1,2]],[1,"09g412VMBLjqiVneKdEzPz",null,null,null,1,0],[1,0,0,-1]],[13,"props_error_log",false,1,[[2,-34,[0,"3ehB/J2LFKC4xBFUP6+ryW"],[5,42.26,50.4]],[25,20,20,-35,[0,"492ORR+0JHpqyM+0G0pn9g"],[4,4278190335]]],[1,"c3RCYNuf9EUqdlabfFxQwz",null,null,null,1,0],[1,0,348.217,0]],[3,"props_version",1,[[2,-36,[0,"f06WHTMqhCVYLZuD6P0j68"],[5,13.32,50.4]],[26,"--",20,20,-37,[0,"53/maL70xECKwIoPlEtxDN"]]],[1,"8aKi3n49RDqqp2GdN15vYP",null,null,null,1,0],[1,0,-303.054,0]],[20,2,0,4,[0,"69WeH+kuNAWruKBOrZ6hWA"]]],0,[0,3,1,0,0,1,0,0,1,0,-1,5,0,-2,3,0,-3,6,0,-4,9,0,-5,7,0,-6,10,0,0,2,0,0,2,0,4,2,0,0,2,0,0,2,0,0,3,0,0,3,0,5,11,0,0,3,0,-1,4,0,0,4,0,-2,11,0,0,4,0,-1,8,0,0,5,0,0,5,0,0,5,0,0,6,0,0,6,0,0,6,0,0,7,0,0,7,0,0,8,0,0,8,0,0,9,0,0,9,0,0,10,0,0,10,0,6,1,2,7,7,37],[0,0,0,0,0,0,11],[1,8,1,1,1,9,1],[2,3,0,4,1,1,5]],[[{"name":"bg_sg_loading","rect":{"x":0,"y":0,"width":1334,"height":750},"offset":{"x":0,"y":0},"originalSize":{"width":1334,"height":750},"rotated":false,"capInsets":[0,0,0,0],"vertices":{"rawPosition":[-667,-375,0,667,-375,0,-667,375,0,667,375,0],"indexes":[0,1,2,2,1,3],"uv":[0,750,1334,750,0,0,1334,0],"nuv":[0,0,1,0,0,1,1,1],"minPos":{"x":-667,"y":-375,"z":0},"maxPos":{"x":667,"y":375,"z":0}},"packable":true,"pixelsToUnit":100,"pivot":{"x":0.5,"y":0.5},"meshType":0}],[1],0,[0],[2],[6]],[[{"name":"btn_off","rect":{"x":0,"y":0,"width":62,"height":62},"offset":{"x":0,"y":0},"originalSize":{"width":62,"height":62},"rotated":false,"capInsets":[0,0,0,0],"vertices":{"rawPosition":[-31,-31,0,31,-31,0,-31,31,0,31,31,0],"indexes":[0,1,2,2,1,3],"uv":[0,62,62,62,0,0,62,0],"nuv":[0,0,1,0,0,1,1,1],"minPos":{"x":-31,"y":-31,"z":0},"maxPos":{"x":31,"y":31,"z":0}},"packable":true,"pixelsToUnit":100,"pivot":{"x":0.5,"y":0.5},"meshType":0}],[1],0,[0],[2],[7]],[[{"name":"fire","rect":{"x":1,"y":1,"width":29,"height":29},"offset":{"x":-0.5,"y":0.5},"originalSize":{"width":32,"height":32},"rotated":false,"capInsets":[0,0,0,0],"vertices":{"rawPosition":[-14.5,-14.5,0,14.5,-14.5,0,-14.5,14.5,0,14.5,14.5,0],"indexes":[0,1,2,2,1,3],"uv":[1,31,30,31,1,2,30,2],"nuv":[0.03125,0.0625,0.9375,0.0625,0.03125,0.96875,0.9375,0.96875],"minPos":{"x":-14.5,"y":-14.5,"z":0},"maxPos":{"x":14.5,"y":14.5,"z":0}},"packable":true,"pixelsToUnit":100,"pivot":{"x":0.5,"y":0.5},"meshType":0}],[1],0,[0],[2],[8]],[[{"name":"icon_dt_loading_0","rect":{"x":0,"y":0,"width":796,"height":48},"offset":{"x":0,"y":0},"originalSize":{"width":796,"height":48},"rotated":false,"capInsets":[0,0,0,0],"vertices":{"rawPosition":[-398,-24,0,398,-24,0,-398,24,0,398,24,0],"indexes":[0,1,2,2,1,3],"uv":[0,48,796,48,0,0,796,0],"nuv":[0,0,1,0,0,1,1,1],"minPos":{"x":-398,"y":-24,"z":0},"maxPos":{"x":398,"y":24,"z":0}},"packable":true,"pixelsToUnit":100,"pivot":{"x":0.5,"y":0.5},"meshType":0}],[1],0,[0],[2],[9]],[[{"name":"icon_dt_loading_1","rect":{"x":0,"y":0,"width":772,"height":24},"offset":{"x":0,"y":0},"originalSize":{"width":772,"height":24},"rotated":false,"capInsets":[11,0,11,0],"vertices":{"rawPosition":[-386,-12,0,386,-12,0,-386,12,0,386,12,0],"indexes":[0,1,2,2,1,3],"uv":[0,24,772,24,0,0,772,0],"nuv":[0,0,1,0,0,1,1,1],"minPos":{"x":-386,"y":-12,"z":0},"maxPos":{"x":386,"y":12,"z":0}},"packable":true,"pixelsToUnit":100,"pivot":{"x":0.5,"y":0.5},"meshType":0}],[1],0,[0],[2],[10]],[[[29,"fire",".plist"],-1],0,0,[0],[10],[0]]]]
