[1,["05e83ed5-2b4e-4518-b9ae-f602e11a05bd@6c48a"],["_textureSource"],["cc.SpriteFrame"],0,[{"name":"a","rect":{"x":2,"y":2,"width":111,"height":96},"offset":{"x":-6.5,"y":14},"originalSize":{"width":128,"height":128},"rotated":false,"capInsets":[0,0,0,0],"vertices":{"rawPosition":[-55.5,-48,0,55.5,-48,0,-55.5,48,0,55.5,48,0],"indexes":[0,1,2,2,1,3],"uv":[2,126,113,126,2,30,113,30],"nuv":[0.015625,0.234375,0.8828125,0.234375,0.015625,0.984375,0.8828125,0.984375],"minPos":{"x":-55.5,"y":-48,"z":0},"maxPos":{"x":55.5,"y":48,"z":0}},"packable":true,"pixelsToUnit":100,"pivot":{"x":0.5,"y":0.5},"meshType":0}],[0],0,[0],[0],[0]]
