[1,["eepxYY2/BGza1PI9vAwGOu@6c48a"],0,[["sp.SkeletonData",["_name","_atlasText","textureNames","_skeletonJson","textures"],-1,3]],[[0,0,1,2,3,4,5]],[[0,"thor_icon_4","\r\nthor_icon_4.png\r\nsize: 2048,2048\r\nformat: RGBA8888\r\nfilter: Linear,Linear\r\nrepeat: none\r\nboom/thor_boom_00002\r\n  rotate: false\r\n  xy: 364, 1512\r\n  size: 300, 300\r\n  orig: 300, 300\r\n  offset: 0, 0\r\n  index: -1\r\nboom/thor_boom_00004\r\n  rotate: false\r\n  xy: 666, 1512\r\n  size: 300, 300\r\n  orig: 300, 300\r\n  offset: 0, 0\r\n  index: -1\r\nboom/thor_boom_00006\r\n  rotate: false\r\n  xy: 968, 1512\r\n  size: 300, 300\r\n  orig: 300, 300\r\n  offset: 0, 0\r\n  index: -1\r\nboom/thor_boom_00008\r\n  rotate: false\r\n  xy: 1270, 1512\r\n  size: 300, 300\r\n  orig: 300, 300\r\n  offset: 0, 0\r\n  index: -1\r\nboom/thor_boom_00010\r\n  rotate: false\r\n  xy: 1572, 1512\r\n  size: 300, 300\r\n  orig: 300, 300\r\n  offset: 0, 0\r\n  index: -1\r\nboom/thor_boom_00012\r\n  rotate: false\r\n  xy: 2, 1332\r\n  size: 300, 300\r\n  orig: 300, 300\r\n  offset: 0, 0\r\n  index: -1\r\nboom/thor_boom_00014\r\n  rotate: false\r\n  xy: 304, 1210\r\n  size: 300, 300\r\n  orig: 300, 300\r\n  offset: 0, 0\r\n  index: -1\r\nboom/thor_boom_00016\r\n  rotate: false\r\n  xy: 606, 1210\r\n  size: 300, 300\r\n  orig: 300, 300\r\n  offset: 0, 0\r\n  index: -1\r\nboom/thor_boom_00018\r\n  rotate: false\r\n  xy: 908, 1210\r\n  size: 300, 300\r\n  orig: 300, 300\r\n  offset: 0, 0\r\n  index: -1\r\nboom/thor_boom_00020\r\n  rotate: false\r\n  xy: 1210, 1210\r\n  size: 300, 300\r\n  orig: 300, 300\r\n  offset: 0, 0\r\n  index: -1\r\nboom/thor_boom_00022\r\n  rotate: false\r\n  xy: 1512, 1210\r\n  size: 300, 300\r\n  orig: 300, 300\r\n  offset: 0, 0\r\n  index: -1\r\nboom/thor_boom_00024\r\n  rotate: false\r\n  xy: 2, 1030\r\n  size: 300, 300\r\n  orig: 300, 300\r\n  offset: 0, 0\r\n  index: -1\r\nboom/thor_boom_00026\r\n  rotate: false\r\n  xy: 304, 908\r\n  size: 300, 300\r\n  orig: 300, 300\r\n  offset: 0, 0\r\n  index: -1\r\nboom/thor_boom_00028\r\n  rotate: false\r\n  xy: 606, 908\r\n  size: 300, 300\r\n  orig: 300, 300\r\n  offset: 0, 0\r\n  index: -1\r\nboom/thor_boom_00030\r\n  rotate: false\r\n  xy: 908, 908\r\n  size: 300, 300\r\n  orig: 300, 300\r\n  offset: 0, 0\r\n  index: -1\r\nboom_s/thor_boom_s_00012\r\n  rotate: false\r\n  xy: 1210, 908\r\n  size: 300, 300\r\n  orig: 300, 300\r\n  offset: 0, 0\r\n  index: -1\r\nboom_s/thor_boom_s_00014\r\n  rotate: false\r\n  xy: 1512, 908\r\n  size: 300, 300\r\n  orig: 300, 300\r\n  offset: 0, 0\r\n  index: -1\r\nboom_s/thor_boom_s_00016\r\n  rotate: false\r\n  xy: 2, 728\r\n  size: 300, 300\r\n  orig: 300, 300\r\n  offset: 0, 0\r\n  index: -1\r\nboom_s/thor_boom_s_00018\r\n  rotate: false\r\n  xy: 304, 606\r\n  size: 300, 300\r\n  orig: 300, 300\r\n  offset: 0, 0\r\n  index: -1\r\nboom_s/thor_boom_s_00020\r\n  rotate: false\r\n  xy: 606, 606\r\n  size: 300, 300\r\n  orig: 300, 300\r\n  offset: 0, 0\r\n  index: -1\r\nboom_s/thor_boom_s_00022\r\n  rotate: false\r\n  xy: 908, 606\r\n  size: 300, 300\r\n  orig: 300, 300\r\n  offset: 0, 0\r\n  index: -1\r\nboom_s/thor_boom_s_00024\r\n  rotate: false\r\n  xy: 1210, 606\r\n  size: 300, 300\r\n  orig: 300, 300\r\n  offset: 0, 0\r\n  index: -1\r\nboom_s/thor_boom_s_00026\r\n  rotate: false\r\n  xy: 1512, 606\r\n  size: 300, 300\r\n  orig: 300, 300\r\n  offset: 0, 0\r\n  index: -1\r\nboom_s/thor_boom_s_00028\r\n  rotate: false\r\n  xy: 2, 426\r\n  size: 300, 300\r\n  orig: 300, 300\r\n  offset: 0, 0\r\n  index: -1\r\nboom_s/thor_boom_s_00030\r\n  rotate: false\r\n  xy: 304, 304\r\n  size: 300, 300\r\n  orig: 300, 300\r\n  offset: 0, 0\r\n  index: -1\r\nboom_s/thor_boom_s_00032\r\n  rotate: false\r\n  xy: 606, 304\r\n  size: 300, 300\r\n  orig: 300, 300\r\n  offset: 0, 0\r\n  index: -1\r\nboom_s/thor_boom_s_00034\r\n  rotate: false\r\n  xy: 908, 304\r\n  size: 300, 300\r\n  orig: 300, 300\r\n  offset: 0, 0\r\n  index: -1\r\nboom_s/thor_boom_s_00036\r\n  rotate: false\r\n  xy: 1210, 304\r\n  size: 300, 300\r\n  orig: 300, 300\r\n  offset: 0, 0\r\n  index: -1\r\nboom_s/thor_boom_s_00038\r\n  rotate: false\r\n  xy: 1512, 304\r\n  size: 300, 300\r\n  orig: 300, 300\r\n  offset: 0, 0\r\n  index: -1\r\nboom_s/thor_boom_s_00040\r\n  rotate: false\r\n  xy: 2, 124\r\n  size: 300, 300\r\n  orig: 300, 300\r\n  offset: 0, 0\r\n  index: -1\r\nboom_s/thor_boom_s_00042\r\n  rotate: false\r\n  xy: 304, 2\r\n  size: 300, 300\r\n  orig: 300, 300\r\n  offset: 0, 0\r\n  index: -1\r\nboom_s/thor_boom_s_00044\r\n  rotate: false\r\n  xy: 606, 2\r\n  size: 300, 300\r\n  orig: 300, 300\r\n  offset: 0, 0\r\n  index: -1\r\nboom_s/thor_boom_s_00046\r\n  rotate: false\r\n  xy: 908, 2\r\n  size: 300, 300\r\n  orig: 300, 300\r\n  offset: 0, 0\r\n  index: -1\r\nboom_s/thor_boom_s_00048\r\n  rotate: false\r\n  xy: 1210, 2\r\n  size: 300, 300\r\n  orig: 300, 300\r\n  offset: 0, 0\r\n  index: -1\r\nthor_anina_icon_4_1\r\n  rotate: false\r\n  xy: 2, 1634\r\n  size: 179, 178\r\n  orig: 179, 178\r\n  offset: 0, 0\r\n  index: -1\r\nthor_anina_icon_4_2\r\n  rotate: false\r\n  xy: 183, 1634\r\n  size: 179, 178\r\n  orig: 179, 178\r\n  offset: 0, 0\r\n  index: -1\r\n",["thor_icon_4.png"],{"skeleton":{"hash":"KmjTOdbh8NNfi488suD+zf+s8rk","spine":"3.8.99","images":"E:/新版UI/奥林匹斯/动画源文件/tu/zi","audio":"E:\\新版UI\\奥林匹斯\\动画\\图标\\zi"},"bones":[{"name":"root","scaleX":0.6,"scaleY":0.6},{"name":"thor_anina_icon_1","parent":"root","color":"ff15a0ff"},{"name":"bone","parent":"thor_anina_icon_1","x":0.59,"y":-131.56,"color":"abe323ff"},{"name":"bone2","parent":"thor_anina_icon_1","x":90.76,"y":-130.85},{"name":"boom","parent":"root","length":11.32,"rotation":90,"x":0.03,"y":2.75,"scaleX":2,"scaleY":2},{"name":"boom_s","parent":"thor_anina_icon_1","x":-14.58,"y":6.67,"scaleX":0.8,"scaleY":0.8,"color":"ff15a0ff"},{"name":"thor_anina_icon_2","parent":"thor_anina_icon_1","x":2.21,"color":"ff3131ff"}],"slots":[{"name":"boom","bone":"boom","attachment":"boom/thor_boom_00030"},{"name":"thor_anina_icon_2","bone":"thor_anina_icon_2"},{"name":"thor_anina_icon_1","bone":"thor_anina_icon_1","attachment":"thor_anina_icon_4_1"},{"name":"boom_s","bone":"boom_s","color":"ffffff34","attachment":"boom_s/thor_boom_s_00044","blend":"additive"}],"transform":[{"name":"bh1","target":"bone","local":true,"x":90.17,"y":0.71,"rotateMix":-0.505,"translateMix":-0.505,"scaleMix":-0.505,"shearMix":-0.505,"bones":["bone2"]}],"skins":[{"name":"default","attachments":{"boom":{"boom/thor_boom_00002":{"width":300,"height":300},"boom/thor_boom_00004":{"width":300,"height":300},"boom/thor_boom_00006":{"width":300,"height":300},"boom/thor_boom_00008":{"width":300,"height":300},"boom/thor_boom_00010":{"width":300,"height":300},"boom/thor_boom_00012":{"width":300,"height":300},"boom/thor_boom_00014":{"width":300,"height":300},"boom/thor_boom_00016":{"width":300,"height":300},"boom/thor_boom_00018":{"width":300,"height":300},"boom/thor_boom_00020":{"width":300,"height":300},"boom/thor_boom_00022":{"width":300,"height":300},"boom/thor_boom_00024":{"width":300,"height":300},"boom/thor_boom_00026":{"width":300,"height":300},"boom/thor_boom_00028":{"width":300,"height":300},"boom/thor_boom_00030":{"width":300,"height":300}},"boom_s":{"boom_s/thor_boom_s_00012":{"width":300,"height":300},"boom_s/thor_boom_s_00014":{"width":300,"height":300},"boom_s/thor_boom_s_00016":{"width":300,"height":300},"boom_s/thor_boom_s_00018":{"width":300,"height":300},"boom_s/thor_boom_s_00020":{"width":300,"height":300},"boom_s/thor_boom_s_00022":{"width":300,"height":300},"boom_s/thor_boom_s_00024":{"width":300,"height":300},"boom_s/thor_boom_s_00026":{"width":300,"height":300},"boom_s/thor_boom_s_00028":{"width":300,"height":300},"boom_s/thor_boom_s_00030":{"width":300,"height":300},"boom_s/thor_boom_s_00032":{"width":300,"height":300},"boom_s/thor_boom_s_00034":{"width":300,"height":300},"boom_s/thor_boom_s_00036":{"width":300,"height":300},"boom_s/thor_boom_s_00038":{"width":300,"height":300},"boom_s/thor_boom_s_00040":{"width":300,"height":300},"boom_s/thor_boom_s_00042":{"width":300,"height":300},"boom_s/thor_boom_s_00044":{"width":300,"height":300},"boom_s/thor_boom_s_00046":{"width":300,"height":300},"boom_s/thor_boom_s_00048":{"width":300,"height":300}},"thor_anina_icon_1":{"thor_anina_icon_4_1":{"type":"mesh","hull":29,"width":179,"height":178,"uvs":[0.01258,0.15735,0.01429,0.07738,0.03499,0.05109,0.3397,0.05109,0.66876,0.05109,0.95878,0.05109,0.98275,0.0719,0.98493,0.17269,0.82043,0.43909,0.8237,0.49058,0.80954,0.54426,0.77141,0.58041,0.73328,0.58589,0.51976,0.96274,0.50015,0.96822,0.47728,0.95836,0.28445,0.63848,0.22781,0.61985,0.1973,0.57274,0.18532,0.51468,0.19846,0.46903,0.19391,0.46192,0.18805,0.47287,0.17699,0.48062,0.15805,0.48265,0.14233,0.46574,0.13758,0.43709,0.14568,0.41462,0.15965,0.39999,0.03766,0.10602,0.48314,0.87043,0.49823,0.88778,0.51548,0.87152,0.96287,0.1023,0.9648,0.08108,0.90688,0.07568,0.09912,0.07676,0.03904,0.08108,0.30938,0.23425,0.69127,0.23425,0.91653,0.1458,0.94918,0.12584,0.87177,0.13317,0.86047,0.10981,0.80915,0.16824,0.81871,0.14052,0.83121,0.1793,0.49713,0.56431,0.44703,0.80627,0.53526,0.83751,0.14517,0.11003,0.07188,0.13551,0.12203,0.15636,0.4607,0.74027,0.49764,0.71457,0.52112,0.7362,0.4979,0.79122,0.14358,0.14031,0.09898,0.11504,0.22452,0.17005,0.22272,0.18514,0.20576,0.19117,0.4772,0.66054,0.49733,0.6249,0.51179,0.66936,0.77542,0.17236,0.76417,0.19343,0.79218,0.19463,0.20263,0.38909,0.28674,0.53343,0.24496,0.42827,0.29597,0.45721,0.26491,0.42916,0.30435,0.50416,0.22055,0.4409,0.23959,0.4086,0.21482,0.42153,0.19861,0.42121,0.18621,0.42537,0.17475,0.43178,0.17062,0.44331,0.17636,0.45099,0.18495,0.44235,0.19195,0.44459,0.25987,0.53998,0.25859,0.55382,0.26934,0.56723,0.2788,0.56939,0.29085,0.58669,0.29043,0.59837,0.30373,0.60957,0.30205,0.6226,0.27108,0.59881,0.2457,0.57761,0.23365,0.55165,0.2315,0.52527,0.21817,0.51013,0.21988,0.48504,0.23061,0.47163,0.24994,0.46384,0.25983,0.47033,0.26113,0.48634,0.25383,0.49715,0.23964,0.49196,0.25126,0.50926,0.27446,0.50061,0.2796,0.47898,0.27314,0.46471,0.20473,0.46106,0.36966,0.67572,0.13417,0.27163,0.73768,0.49155,0.70323,0.4595,0.70163,0.40004,0.7309,0.37482,0.82421,0.33677,0.74226,0.37245,0.75339,0.34388,0.78162,0.33038,0.69761,0.43146,0.80437,0.32829,0.81332,0.36288,0.79103,0.40238,0.76555,0.37623,0.79421,0.35328,0.77829,0.35701,0.81066,0.3853,0.81809,0.39384,0.83136,0.39544,0.84091,0.38743,0.84357,0.36502,0.83348,0.34741,0.76343,0.4835,0.75706,0.50005,0.75069,0.51072,0.73636,0.52246,0.73105,0.54541,0.72522,0.56943,0.73848,0.56783,0.77139,0.54701,0.79103,0.52246,0.79792,0.49204,0.79421,0.46429,0.78996,0.42906,0.77245,0.40772,0.74803,0.40078,0.7284,0.41786,0.72999,0.4328,0.74379,0.44881,0.75918,0.44507,0.87196,0.25617,0.62993,0.6757,0.65993,0.10987,0.34404,0.10997,0.38257,0.17072,0.6148,0.17169,0.48603,0.23425,0.4027,0.39831,0.60846,0.37503,0.29229,0.34079,0.38491,0.50095,0.22826,0.33952,0.373,0.58906,0.60732,0.50761,0.72829,0.30279,0.5124,0.07621,0.67663,0.07599,0.33615,0.07645,0.5257,0.76899,0.60321,0.63386,0.88229,0.15924,0.83311,0.24285],"triangles":[60,57,59,52,110,51,51,58,52,57,50,59,57,58,50,58,36,50,151,168,169,111,151,169,136,111,135,111,136,151,12,151,137,103,98,99,74,70,99,97,98,103,98,74,99,14,15,13,13,151,12,13,49,151,15,31,13,31,32,13,13,32,49,30,15,16,16,91,109,15,30,31,30,16,109,49,32,56,31,56,32,109,48,30,31,30,56,30,48,56,49,168,151,90,109,91,17,92,16,16,89,91,16,92,89,91,89,90,17,93,92,17,18,93,89,88,90,69,109,90,93,86,92,89,92,88,92,86,87,88,92,87,88,69,90,12,138,11,12,137,138,138,139,11,11,139,10,18,94,93,93,85,86,93,94,85,94,19,95,95,19,96,19,94,18,137,136,138,138,136,139,86,85,69,69,85,84,85,94,84,136,135,139,135,134,139,139,140,10,139,134,140,10,140,9,9,140,141,134,133,140,140,133,141,141,133,132,135,111,134,112,111,169,96,19,97,20,97,19,134,111,133,133,111,132,132,142,141,141,142,9,111,148,132,111,112,148,142,8,9,20,108,97,148,149,132,132,149,142,23,24,81,24,25,81,23,81,22,22,81,21,83,81,82,81,83,21,20,21,108,25,80,81,25,26,80,149,143,142,142,143,8,21,83,108,108,83,74,74,77,76,77,74,83,112,147,148,81,80,82,148,147,149,147,145,149,149,144,143,149,145,144,82,78,83,83,78,77,80,79,82,80,26,79,82,79,78,74,76,70,8,129,7,7,130,150,7,129,130,8,128,129,8,143,127,143,122,127,8,127,128,26,27,79,147,146,145,78,79,28,122,126,127,143,144,122,76,75,70,79,27,28,77,78,68,75,76,68,76,77,68,68,78,28,145,146,114,122,144,123,144,145,123,122,121,126,124,122,125,123,125,122,145,116,123,0,110,28,28,110,68,128,127,129,127,126,129,68,110,161,126,121,129,129,121,130,121,122,124,125,123,117,123,116,117,121,131,130,130,131,150,121,115,131,121,124,115,125,118,124,125,117,118,124,120,115,124,118,120,131,115,150,150,115,171,115,120,171,51,110,29,7,150,41,150,170,40,150,40,41,150,171,170,41,33,7,7,33,6,33,34,6,59,153,154,59,50,153,110,0,29,0,1,29,40,42,41,51,29,58,33,41,34,42,34,41,36,58,37,37,58,29,50,167,153,50,36,167,153,165,152,153,167,165,152,165,166,43,166,35,29,1,37,34,42,35,1,2,37,37,2,36,35,5,34,34,5,6,167,36,3,167,3,165,3,36,2,165,4,166,165,3,4,166,4,35,35,4,5,108,74,98,96,97,103,97,108,98,137,151,136,84,105,69,56,168,49,48,53,56,48,109,53,55,56,54,56,55,168,54,56,53,53,62,54,62,53,162,54,64,55,169,55,64,55,169,168,64,54,63,109,69,162,53,109,162,54,62,63,163,169,64,63,62,47,47,163,64,47,62,160,47,64,63,162,69,73,62,162,160,159,160,162,87,69,88,87,86,69,158,163,47,94,95,84,112,169,163,95,104,84,105,104,102,69,105,73,95,96,104,96,103,104,104,103,102,47,160,157,163,119,112,119,163,113,158,47,157,105,106,73,106,71,73,162,73,71,157,160,159,102,101,105,105,101,106,102,103,101,103,100,101,106,100,107,106,101,100,106,107,71,71,107,72,107,99,72,112,119,147,162,161,159,119,146,147,119,113,146,164,113,163,161,162,71,72,161,71,72,70,75,68,161,75,72,75,161,146,113,114,114,116,145,114,113,164,159,38,157,157,156,158,157,38,156,164,163,158,158,39,164,158,156,39,116,114,117,117,114,164,117,164,118,38,159,61,161,52,61,159,161,61,120,118,171,171,118,164,164,67,171,164,39,67,161,110,52,67,46,171,171,46,170,156,155,39,39,66,67,66,39,65,38,154,156,156,154,155,61,60,38,60,59,38,38,59,154,67,44,46,67,66,44,66,65,44,65,39,155,52,57,61,61,57,60,46,42,170,46,44,42,155,152,65,44,65,45,152,155,153,155,154,153,44,45,42,45,65,152,170,42,40,52,58,57,45,43,42,45,152,43,42,43,35,152,166,43,84,104,105,103,99,100,100,99,107,99,70,72],"vertices":[2,2,-87.84,192.55,0.20383,3,-178.01,191.84,0.79617,2,2,-87.65,206.79,0.11488,3,-177.82,206.08,0.88512,2,2,-83.94,211.47,0.11554,3,-174.11,210.76,0.88446,2,2,-29.4,211.47,0.24682,3,-119.57,210.76,0.75318,2,2,29.5,211.47,0.34932,3,-60.67,210.76,0.65068,2,2,81.42,211.47,0.32247,3,-8.75,210.76,0.67753,2,2,85.71,207.76,0.31336,3,-4.46,207.05,0.68664,2,2,86.1,189.82,0.24413,3,-4.07,189.11,0.75587,2,2,56.65,142.4,0.29699,3,-33.52,141.69,0.70301,2,2,57.24,133.24,0.17137,3,-32.93,132.53,0.82863,2,2,54.7,123.68,0.00021,3,-35.47,122.97,0.99979,2,2,47.88,117.25,0.13141,3,-42.29,116.54,0.86859,2,2,41.05,116.27,0.32949,3,-49.12,115.56,0.67051,2,2,2.83,49.19,0.29144,3,-87.34,48.48,0.70856,2,2,-0.68,48.22,0.26095,3,-90.85,47.51,0.73905,2,2,-4.77,49.97,0.28016,3,-94.94,49.26,0.71984,2,2,-39.29,106.91,0.36412,3,-129.46,106.2,0.63588,2,2,-49.43,110.23,0.28909,3,-139.6,109.52,0.71091,2,2,-54.89,118.61,0.32697,3,-145.06,117.9,0.67303,2,2,-57.03,128.95,0.29924,3,-147.2,128.24,0.70076,2,2,-54.68,137.07,0.39696,3,-144.85,136.36,0.60304,2,2,-55.49,138.34,0.32824,3,-145.66,137.63,0.67176,2,2,-56.54,136.39,0.30797,3,-146.71,135.68,0.69203,2,2,-58.52,135.01,0.27364,3,-148.69,134.3,0.72636,2,2,-61.91,134.65,0.28219,3,-152.08,133.94,0.71781,2,2,-64.73,137.66,0.2807,3,-154.9,136.95,0.7193,2,2,-65.58,142.76,0.23572,3,-155.75,142.05,0.76428,2,2,-64.13,146.76,0.24335,3,-154.3,146.05,0.75665,2,2,-61.63,149.36,0.26495,3,-151.8,148.65,0.73505,2,2,-83.43,201.69,0.36155,3,-173.6,200.98,0.63845,2,2,-3.72,65.62,0.4664,3,-93.89,64.91,0.5336,2,2,-1.02,62.53,0.39961,3,-91.19,61.82,0.60039,2,2,2.07,65.43,0.45454,3,-88.1,64.72,0.54546,2,2,82.15,202.35,0.31231,3,-8.02,201.64,0.68769,2,2,82.5,206.13,0.40857,3,-7.67,205.42,0.59143,2,2,72.13,207.09,0.43898,3,-18.04,206.38,0.56102,2,2,-72.45,206.89,0.3092,3,-162.62,206.18,0.6908,2,2,-83.2,206.13,0.36064,3,-173.37,205.42,0.63936,2,2,-34.82,178.86,0.80633,3,-124.99,178.15,0.19367,2,2,33.54,178.86,0.86,3,-56.63,178.15,0.14,2,2,73.86,194.61,0.48534,3,-16.31,193.9,0.51466,2,2,79.7,198.16,0.35192,3,-10.47,197.45,0.64808,2,2,65.84,196.85,0.56506,3,-24.33,196.14,0.43494,2,2,63.82,201.01,0.50867,3,-26.35,200.3,0.49133,2,2,54.64,190.61,0.6254,3,-35.53,189.9,0.3746,2,2,56.35,195.55,0.69284,3,-33.82,194.84,0.30716,2,2,58.58,188.64,0.53029,3,-31.58,187.93,0.46971,2,2,-1.22,120.11,0.8433,3,-91.39,119.4,0.1567,2,2,-10.18,77.04,0.43882,3,-100.35,76.33,0.56118,2,2,5.61,71.48,0.44,3,-84.56,70.77,0.56,2,2,-64.21,200.97,0.3398,3,-154.38,200.26,0.6602,2,2,-77.31,196.44,0.37348,3,-167.48,195.73,0.62652,2,2,-68.34,192.73,0.59147,3,-158.51,192.02,0.40853,2,2,-7.73,88.79,0.58,3,-97.9,88.08,0.42,2,2,-1.12,93.37,0.72,3,-91.29,92.66,0.28,2,2,3.08,89.51,0.544,3,-87.09,88.8,0.456,2,2,-1.08,79.72,0.58,3,-91.25,79.01,0.42,2,2,-64.49,195.58,0.52583,3,-154.66,194.87,0.47417,2,2,-72.47,200.08,0.42246,3,-162.64,199.37,0.57754,2,2,-50,190.29,0.41449,3,-140.17,189.58,0.58551,2,2,-50.33,187.6,0.52381,3,-140.5,186.89,0.47619,2,2,-53.35,186.53,0.53842,3,-143.52,185.82,0.46158,2,2,-4.78,102.98,0.72,3,-94.95,102.27,0.28,2,2,-1.18,109.33,0.74342,3,-91.35,108.62,0.25658,2,2,1.41,101.41,0.72,3,-88.76,100.7,0.28,2,2,48.6,189.88,0.73392,3,-41.57,189.17,0.26608,2,2,46.58,186.13,0.75,3,-43.59,185.42,0.25,2,2,51.6,185.92,0.53312,3,-38.57,185.21,0.46688,2,2,-53.91,151.3,0.42268,3,-144.08,150.59,0.57732,2,2,-38.86,125.61,0.58128,3,-129.03,124.9,0.41872,2,2,-46.33,144.33,0.49701,3,-136.5,143.62,0.50299,2,2,-37.2,139.17,0.63362,3,-127.37,138.46,0.36638,2,2,-42.76,144.17,0.57548,3,-132.93,143.46,0.42452,2,2,-35.71,130.82,0.59927,3,-125.88,130.11,0.40073,2,2,-50.71,142.08,0.41201,3,-140.88,141.37,0.58799,2,2,-47.29,147.83,0.49754,3,-137.46,147.12,0.50246,2,2,-51.74,145.53,0.44436,3,-141.91,144.82,0.55564,2,2,-54.64,145.58,0.37957,3,-144.81,144.87,0.62043,2,2,-56.87,144.84,0.29931,3,-147.04,144.13,0.70069,2,2,-58.92,143.7,0.32904,3,-149.09,142.99,0.67096,2,2,-59.66,141.65,0.29576,3,-149.83,140.94,0.70424,2,2,-58.63,140.28,0.29059,3,-148.8,139.57,0.70941,2,2,-57.09,141.82,0.24852,3,-147.26,141.11,0.75148,2,2,-55.84,141.42,0.24014,3,-146.01,140.71,0.75986,2,2,-43.68,124.44,0.44144,3,-133.85,123.73,0.55856,2,2,-43.91,121.98,0.4087,3,-134.08,121.27,0.5913,2,2,-41.98,119.59,0.47401,3,-132.15,118.88,0.52599,2,2,-40.29,119.21,0.52562,3,-130.46,118.5,0.47438,2,2,-38.13,116.13,0.39445,3,-128.3,115.42,0.60555,2,2,-38.21,114.05,0.35072,3,-128.38,113.34,0.64928,2,2,-35.83,112.05,0.32857,3,-126,111.34,0.67143,2,2,-36.13,109.74,0.42791,3,-126.3,109.03,0.57209,2,2,-41.68,113.97,0.49734,3,-131.85,113.26,0.50266,2,2,-46.22,117.74,0.52505,3,-136.39,117.03,0.47495,2,2,-48.37,122.36,0.53736,3,-138.54,121.65,0.46264,2,2,-48.76,127.06,0.55053,3,-138.93,126.35,0.44947,2,2,-51.15,129.76,0.478,3,-141.32,129.05,0.522,2,2,-50.84,134.22,0.49145,3,-141.01,133.51,0.50855,2,2,-48.91,136.61,0.45096,3,-139.08,135.9,0.54904,2,2,-45.45,138,0.46012,3,-135.62,137.29,0.53988,2,2,-43.68,136.84,0.52474,3,-133.85,136.13,0.47526,2,2,-43.45,133.99,0.54096,3,-133.62,133.28,0.45904,2,2,-44.76,132.07,0.5639,3,-134.93,131.36,0.4361,2,2,-47.3,132.99,0.52375,3,-137.47,132.28,0.47625,2,2,-45.22,129.91,0.62376,3,-135.39,129.2,0.37624,2,2,-41.06,131.45,0.54934,3,-131.23,130.74,0.45066,2,2,-40.14,135.3,0.56571,3,-130.31,134.59,0.43429,2,2,-41.29,137.84,0.55937,3,-131.46,137.13,0.44063,2,2,-53.55,138.49,0.41246,3,-143.72,137.78,0.58754,2,2,-24.03,100.28,0.5237,3,-114.2,99.57,0.4763,2,2,-66.16,172.21,0.44101,3,-156.33,171.5,0.55899,2,2,41.84,133.06,0.49198,3,-48.33,132.35,0.50802,2,2,35.68,138.77,0.49939,3,-54.49,138.06,0.50061,2,2,35.39,149.35,0.55061,3,-54.78,148.64,0.44939,2,2,40.63,153.84,0.55207,3,-49.54,153.13,0.44793,2,2,57.33,160.61,0.30979,3,-32.84,159.9,0.69021,2,2,42.66,154.26,0.49631,3,-47.51,153.55,0.50369,2,2,44.65,159.35,0.53662,3,-45.52,158.64,0.46338,2,2,49.71,161.75,0.50525,3,-40.46,161.04,0.49475,2,2,34.67,143.76,0.55005,3,-55.5,143.05,0.44995,2,2,53.78,162.12,0.50291,3,-36.39,161.41,0.49709,2,2,55.38,155.97,0.36906,3,-34.79,155.26,0.63094,2,2,51.39,148.94,0.37307,3,-38.78,148.23,0.62693,2,2,46.83,153.59,0.36769,3,-43.34,152.88,0.63231,2,2,51.96,157.68,0.35746,3,-38.21,156.97,0.64254,2,2,49.11,157.01,0.30691,3,-41.06,156.3,0.69309,2,2,54.9,151.98,0.27237,3,-35.27,151.27,0.72763,2,2,56.23,150.46,0.31643,3,-33.94,149.75,0.68357,2,2,58.61,150.17,0.36085,3,-31.56,149.46,0.63915,2,2,60.32,151.6,0.3682,3,-29.85,150.89,0.6318,2,2,60.79,155.59,0.33545,3,-29.38,154.88,0.66455,2,2,58.99,158.72,0.33739,3,-31.18,158.01,0.66261,2,2,46.45,134.5,0.31923,3,-43.72,133.79,0.68077,2,2,45.31,131.55,0.3263,3,-44.86,130.84,0.6737,2,2,44.17,129.65,0.35726,3,-46,128.94,0.64274,2,2,41.6,127.56,0.35317,3,-48.56,126.85,0.64683,2,2,40.65,123.48,0.33975,3,-49.51,122.77,0.66025,2,2,39.61,119.2,0.38815,3,-50.56,118.49,0.61185,2,2,41.98,119.49,0.35306,3,-48.18,118.78,0.64694,2,2,47.87,123.19,0.19873,3,-42.3,122.48,0.80127,2,2,51.39,127.56,0.1986,3,-38.78,126.85,0.8014,2,2,52.62,132.98,0.22963,3,-37.55,132.27,0.77037,2,2,51.96,137.92,0.31922,3,-38.21,137.21,0.68078,2,2,51.2,144.19,0.34617,3,-38.97,143.48,0.65383,2,2,48.06,147.99,0.40275,3,-42.11,147.28,0.59725,2,2,43.69,149.22,0.45617,3,-46.47,148.51,0.54383,2,2,40.18,146.18,0.46962,3,-49.99,145.47,0.53038,2,2,40.46,143.52,0.49955,3,-49.7,142.81,0.50045,2,2,42.93,140.67,0.48323,3,-47.23,139.96,0.51677,2,2,45.69,141.34,0.41144,3,-44.48,140.63,0.58856,2,2,65.88,174.96,0.33008,3,-24.29,174.25,0.66992,2,2,22.55,100.28,0.45269,3,-67.62,99.57,0.54731,2,2,27.93,201,0.59544,3,-62.24,200.29,0.40456,2,2,-28.61,200.98,0.44663,3,-118.78,200.27,0.55337,2,2,-21.71,190.17,0.5562,3,-111.88,189.46,0.4438,2,2,19.85,190,0.69095,3,-70.32,189.29,0.30905,2,2,-3.2,178.86,0.75746,3,-93.37,178.15,0.24254,2,2,-18.11,149.66,0.75574,3,-108.28,148.95,0.24426,2,2,18.71,153.8,0.85288,3,-71.46,153.09,0.14712,2,2,-37.87,159.9,0.59606,3,-128.04,159.19,0.40394,2,2,-21.3,131.39,0.72827,3,-111.47,130.68,0.27173,2,2,-49.33,160.12,0.61053,3,-139.5,159.41,0.38947,2,2,-23.43,115.71,0.64273,3,-113.6,115,0.35727,2,2,18.51,130.2,0.56247,3,-71.66,129.49,0.43753,2,2,40.16,166.66,0.67852,3,-50.01,165.95,0.32148,2,2,1.52,206.99,0.38293,3,-88.65,206.28,0.61707,2,2,30.92,207.03,0.46687,3,-59.25,206.32,0.53313,2,2,-30.02,206.95,0.40664,3,-120.19,206.24,0.59336,2,2,3.9,83.68,0.51034,3,-86.27,82.97,0.48966,2,2,17.77,107.73,0.50556,3,-72.4,107.02,0.49444,2,2,67.73,192.21,0.50338,3,-22.44,191.5,0.49662,2,2,58.92,177.33,0.50429,3,-31.25,176.62,0.49571],"edges":[0,2,2,4,10,12,12,14,14,16,16,18,18,20,20,22,22,24,24,26,26,28,28,30,30,32,32,34,34,36,36,38,38,40,40,42,42,44,44,46,46,48,48,50,50,52,52,54,54,56,0,56,60,62,62,64,66,68,68,70,72,74,74,58,82,66,80,82,68,84,84,80,70,86,84,86,88,84,90,86,88,90,88,92,64,98,70,10,100,72,102,58,104,102,106,96,106,108,108,110,62,112,112,108,96,112,112,98,104,114,114,100,74,116,116,114,72,116,116,102,76,118,118,100,76,120,120,114,118,120,76,122,122,104,120,122,94,124,124,106,94,126,126,108,124,126,94,128,128,110,126,128,78,130,130,90,78,132,132,88,130,132,78,134,134,92,132,134,140,144,144,142,138,146,146,142,140,148,136,150,140,150,138,168,168,170,170,172,172,174,176,178,178,180,180,182,40,216,216,148,166,216,60,218,218,138,58,220,220,136,224,222,228,226,228,232,234,232,236,234,224,238,238,226,230,240,240,236,242,244,232,246,246,244,82,300,300,230,98,302,302,222,86,304,100,306,306,304,4,6,6,8,8,10,118,308,130,310,310,308,76,312,312,78,76,314,314,94,78,316,316,94,122,318,124,320,320,318,104,322,106,324,324,322,128,326,134,328,328,326,70,332,332,330,72,334,334,330,98,336,336,110,224,338,338,336,80,340,340,92,236,342,342,340]}},"thor_anina_icon_2":{"thor_anina_icon_4_2":{"x":-2.3,"width":179,"height":178}}}}],"animations":{"anina_icon_4":{"slots":{"boom":{"attachment":[{"name":null},{"time":1.3333,"name":"boom/thor_boom_00002"},{"time":1.3667,"name":"boom/thor_boom_00004"},{"time":1.4,"name":"boom/thor_boom_00006"},{"time":1.4333,"name":"boom/thor_boom_00008"},{"time":1.4667,"name":"boom/thor_boom_00010"},{"time":1.5,"name":"boom/thor_boom_00012"},{"time":1.5333,"name":"boom/thor_boom_00014"},{"time":1.5667,"name":"boom/thor_boom_00016"},{"time":1.6,"name":"boom/thor_boom_00018"},{"time":1.6333,"name":"boom/thor_boom_00020"},{"time":1.6667,"name":"boom/thor_boom_00022"},{"time":1.7,"name":"boom/thor_boom_00024"},{"time":1.7333,"name":"boom/thor_boom_00026"},{"time":1.7667,"name":"boom/thor_boom_00028"},{"time":1.8,"name":"boom/thor_boom_00030"},{"time":1.8333,"name":null}]},"boom_s":{"attachment":[{"name":null},{"time":0.6667,"name":"boom_s/thor_boom_s_00012"},{"time":0.7,"name":"boom_s/thor_boom_s_00014"},{"time":0.7333,"name":"boom_s/thor_boom_s_00016"},{"time":0.7667,"name":"boom_s/thor_boom_s_00018"},{"time":0.8,"name":"boom_s/thor_boom_s_00020"},{"time":0.8333,"name":"boom_s/thor_boom_s_00022"},{"time":0.8667,"name":"boom_s/thor_boom_s_00024"},{"time":0.9,"name":"boom_s/thor_boom_s_00026"},{"time":0.9333,"name":"boom_s/thor_boom_s_00028"},{"time":0.9667,"name":"boom_s/thor_boom_s_00030"},{"time":1,"name":"boom_s/thor_boom_s_00032"},{"time":1.0333,"name":"boom_s/thor_boom_s_00034"},{"time":1.0667,"name":"boom_s/thor_boom_s_00036"},{"time":1.1,"name":"boom_s/thor_boom_s_00038"},{"time":1.1333,"name":"boom_s/thor_boom_s_00040"},{"time":1.1667,"name":"boom_s/thor_boom_s_00042"},{"time":1.2,"name":"boom_s/thor_boom_s_00044"},{"time":1.2333,"name":"boom_s/thor_boom_s_00046"},{"time":1.2667,"name":"boom_s/thor_boom_s_00048"},{"time":1.3,"name":null}]},"thor_anina_icon_2":{"attachment":[{"name":"thor_anina_icon_4_2"}]}},"bones":{"boom_s":{"translate":[{"x":4.67,"y":22.01}]},"thor_anina_icon_1":{"scale":[{"curve":0.398,"c3":0.402,"c4":0.55},{"time":1.3333,"x":1.4,"y":1.4,"curve":0.25,"c3":0.75},{"time":1.5}]},"thor_anina_icon_2":{"translate":[{},{"time":0.6667,"x":1.52,"y":-1.81},{"time":1.3333,"x":-2.42,"y":-1.81},{"time":1.5}]},"bone":{"translate":[{"curve":0.25,"c3":0.75},{"time":0.6667,"x":-13.09,"curve":0.25,"c3":0.75},{"time":1.3333,"x":13.05},{"time":1.5}]}}}}},[0]]],0,0,[0],[-1],[0]]
