[1,["80YaZDcH9FEZAE9pWXFHRZ@6c48a"],["_textureSource"],["cc.SpriteFrame"],0,[{"name":"sea_icon_treasurebox1_23","rect":{"x":87,"y":17,"width":315,"height":132},"offset":{"x":-11.5,"y":173},"originalSize":{"width":512,"height":512},"rotated":false,"capInsets":[0,0,0,0],"vertices":{"rawPosition":[-157.5,-66,0,157.5,-66,0,-157.5,66,0,157.5,66,0],"indexes":[0,1,2,2,1,3],"uv":[87,495,402,495,87,363,402,363],"nuv":[0.169921875,0.708984375,0.78515625,0.708984375,0.169921875,0.966796875,0.78515625,0.966796875],"minPos":{"x":-157.5,"y":-66,"z":0},"maxPos":{"x":157.5,"y":66,"z":0}},"packable":true,"pixelsToUnit":100,"pivot":{"x":0.5,"y":0.5},"meshType":0}],[0],0,[0],[0],[0]]
