[1,["e33aea9f-47ab-4148-81c4-fb225012ab2c@6c48a"],0,[["sp.SkeletonData",["_name","_atlasText","textureNames","_skeletonJson","textures"],-1,3]],[[0,0,1,2,3,4,5]],[[0,"thor_icon_3","\r\nthor_icon_3.png\r\nsize: 2048,2048\r\nformat: RGBA8888\r\nfilter: Linear,Linear\r\nrepeat: none\r\nboom/thor_boom_00002\r\n  rotate: false\r\n  xy: 364, 1512\r\n  size: 300, 300\r\n  orig: 300, 300\r\n  offset: 0, 0\r\n  index: -1\r\nboom/thor_boom_00004\r\n  rotate: false\r\n  xy: 666, 1512\r\n  size: 300, 300\r\n  orig: 300, 300\r\n  offset: 0, 0\r\n  index: -1\r\nboom/thor_boom_00006\r\n  rotate: false\r\n  xy: 968, 1512\r\n  size: 300, 300\r\n  orig: 300, 300\r\n  offset: 0, 0\r\n  index: -1\r\nboom/thor_boom_00008\r\n  rotate: false\r\n  xy: 1270, 1512\r\n  size: 300, 300\r\n  orig: 300, 300\r\n  offset: 0, 0\r\n  index: -1\r\nboom/thor_boom_00010\r\n  rotate: false\r\n  xy: 1572, 1512\r\n  size: 300, 300\r\n  orig: 300, 300\r\n  offset: 0, 0\r\n  index: -1\r\nboom/thor_boom_00012\r\n  rotate: false\r\n  xy: 2, 1332\r\n  size: 300, 300\r\n  orig: 300, 300\r\n  offset: 0, 0\r\n  index: -1\r\nboom/thor_boom_00014\r\n  rotate: false\r\n  xy: 304, 1210\r\n  size: 300, 300\r\n  orig: 300, 300\r\n  offset: 0, 0\r\n  index: -1\r\nboom/thor_boom_00016\r\n  rotate: false\r\n  xy: 606, 1210\r\n  size: 300, 300\r\n  orig: 300, 300\r\n  offset: 0, 0\r\n  index: -1\r\nboom/thor_boom_00018\r\n  rotate: false\r\n  xy: 908, 1210\r\n  size: 300, 300\r\n  orig: 300, 300\r\n  offset: 0, 0\r\n  index: -1\r\nboom/thor_boom_00020\r\n  rotate: false\r\n  xy: 1210, 1210\r\n  size: 300, 300\r\n  orig: 300, 300\r\n  offset: 0, 0\r\n  index: -1\r\nboom/thor_boom_00022\r\n  rotate: false\r\n  xy: 1512, 1210\r\n  size: 300, 300\r\n  orig: 300, 300\r\n  offset: 0, 0\r\n  index: -1\r\nboom/thor_boom_00024\r\n  rotate: false\r\n  xy: 2, 1030\r\n  size: 300, 300\r\n  orig: 300, 300\r\n  offset: 0, 0\r\n  index: -1\r\nboom/thor_boom_00026\r\n  rotate: false\r\n  xy: 304, 908\r\n  size: 300, 300\r\n  orig: 300, 300\r\n  offset: 0, 0\r\n  index: -1\r\nboom/thor_boom_00028\r\n  rotate: false\r\n  xy: 606, 908\r\n  size: 300, 300\r\n  orig: 300, 300\r\n  offset: 0, 0\r\n  index: -1\r\nboom/thor_boom_00030\r\n  rotate: false\r\n  xy: 908, 908\r\n  size: 300, 300\r\n  orig: 300, 300\r\n  offset: 0, 0\r\n  index: -1\r\nboom_s/thor_boom_s_00012\r\n  rotate: false\r\n  xy: 1210, 908\r\n  size: 300, 300\r\n  orig: 300, 300\r\n  offset: 0, 0\r\n  index: -1\r\nboom_s/thor_boom_s_00014\r\n  rotate: false\r\n  xy: 1512, 908\r\n  size: 300, 300\r\n  orig: 300, 300\r\n  offset: 0, 0\r\n  index: -1\r\nboom_s/thor_boom_s_00016\r\n  rotate: false\r\n  xy: 2, 728\r\n  size: 300, 300\r\n  orig: 300, 300\r\n  offset: 0, 0\r\n  index: -1\r\nboom_s/thor_boom_s_00018\r\n  rotate: false\r\n  xy: 304, 606\r\n  size: 300, 300\r\n  orig: 300, 300\r\n  offset: 0, 0\r\n  index: -1\r\nboom_s/thor_boom_s_00020\r\n  rotate: false\r\n  xy: 606, 606\r\n  size: 300, 300\r\n  orig: 300, 300\r\n  offset: 0, 0\r\n  index: -1\r\nboom_s/thor_boom_s_00022\r\n  rotate: false\r\n  xy: 908, 606\r\n  size: 300, 300\r\n  orig: 300, 300\r\n  offset: 0, 0\r\n  index: -1\r\nboom_s/thor_boom_s_00024\r\n  rotate: false\r\n  xy: 1210, 606\r\n  size: 300, 300\r\n  orig: 300, 300\r\n  offset: 0, 0\r\n  index: -1\r\nboom_s/thor_boom_s_00026\r\n  rotate: false\r\n  xy: 1512, 606\r\n  size: 300, 300\r\n  orig: 300, 300\r\n  offset: 0, 0\r\n  index: -1\r\nboom_s/thor_boom_s_00028\r\n  rotate: false\r\n  xy: 2, 426\r\n  size: 300, 300\r\n  orig: 300, 300\r\n  offset: 0, 0\r\n  index: -1\r\nboom_s/thor_boom_s_00030\r\n  rotate: false\r\n  xy: 304, 304\r\n  size: 300, 300\r\n  orig: 300, 300\r\n  offset: 0, 0\r\n  index: -1\r\nboom_s/thor_boom_s_00032\r\n  rotate: false\r\n  xy: 606, 304\r\n  size: 300, 300\r\n  orig: 300, 300\r\n  offset: 0, 0\r\n  index: -1\r\nboom_s/thor_boom_s_00034\r\n  rotate: false\r\n  xy: 908, 304\r\n  size: 300, 300\r\n  orig: 300, 300\r\n  offset: 0, 0\r\n  index: -1\r\nboom_s/thor_boom_s_00036\r\n  rotate: false\r\n  xy: 1210, 304\r\n  size: 300, 300\r\n  orig: 300, 300\r\n  offset: 0, 0\r\n  index: -1\r\nboom_s/thor_boom_s_00038\r\n  rotate: false\r\n  xy: 1512, 304\r\n  size: 300, 300\r\n  orig: 300, 300\r\n  offset: 0, 0\r\n  index: -1\r\nboom_s/thor_boom_s_00040\r\n  rotate: false\r\n  xy: 2, 124\r\n  size: 300, 300\r\n  orig: 300, 300\r\n  offset: 0, 0\r\n  index: -1\r\nboom_s/thor_boom_s_00042\r\n  rotate: false\r\n  xy: 304, 2\r\n  size: 300, 300\r\n  orig: 300, 300\r\n  offset: 0, 0\r\n  index: -1\r\nboom_s/thor_boom_s_00044\r\n  rotate: false\r\n  xy: 606, 2\r\n  size: 300, 300\r\n  orig: 300, 300\r\n  offset: 0, 0\r\n  index: -1\r\nboom_s/thor_boom_s_00046\r\n  rotate: false\r\n  xy: 908, 2\r\n  size: 300, 300\r\n  orig: 300, 300\r\n  offset: 0, 0\r\n  index: -1\r\nboom_s/thor_boom_s_00048\r\n  rotate: false\r\n  xy: 1210, 2\r\n  size: 300, 300\r\n  orig: 300, 300\r\n  offset: 0, 0\r\n  index: -1\r\nthor_anina_icon_3_1\r\n  rotate: false\r\n  xy: 2, 1634\r\n  size: 179, 178\r\n  orig: 179, 178\r\n  offset: 0, 0\r\n  index: -1\r\nthor_anina_icon_3_2\r\n  rotate: false\r\n  xy: 183, 1634\r\n  size: 179, 178\r\n  orig: 179, 178\r\n  offset: 0, 0\r\n  index: -1\r\n",["thor_icon_3.png"],{"skeleton":{"hash":"MxCgxkZdhVqpDi+wCQlehQULO5E","spine":"3.8.99","x":-179.98,"y":-178.35,"width":360,"height":360,"images":"E:/新版UI/奥林匹斯/动画源文件/tu/huang","audio":"E:\\新版UI\\奥林匹斯\\动画\\图标\\huang"},"bones":[{"name":"root","scaleX":0.6,"scaleY":0.6},{"name":"thor_anina_icon_1","parent":"root","color":"ff15a0ff"},{"name":"bone","parent":"thor_anina_icon_1","x":0.59,"y":-131.56,"color":"abe323ff"},{"name":"bone2","parent":"thor_anina_icon_1","x":90.76,"y":-130.85},{"name":"boom","parent":"root","length":11.32,"rotation":90,"x":0.03,"y":2.75,"scaleX":2,"scaleY":2},{"name":"boom_s","parent":"thor_anina_icon_1","x":-14.58,"y":6.67,"scaleX":0.8,"scaleY":0.8,"color":"ff15a0ff"},{"name":"thor_anina_icon_2","parent":"thor_anina_icon_1","x":2.21,"color":"ff3131ff"}],"slots":[{"name":"boom","bone":"boom","attachment":"boom/thor_boom_00030"},{"name":"thor_anina_icon_2","bone":"thor_anina_icon_2","attachment":"thor_anina_icon_3_2"},{"name":"thor_anina_icon_1","bone":"thor_anina_icon_1","attachment":"thor_anina_icon_3_1"},{"name":"boom_s","bone":"boom_s","color":"ffffff34","attachment":"boom_s/thor_boom_s_00044","blend":"additive"}],"transform":[{"name":"bh1","target":"bone","local":true,"x":90.17,"y":0.71,"rotateMix":-0.505,"translateMix":-0.505,"scaleMix":-0.505,"shearMix":-0.505,"bones":["bone2"]}],"skins":[{"name":"default","attachments":{"boom":{"boom/thor_boom_00002":{"width":300,"height":300},"boom/thor_boom_00004":{"width":300,"height":300},"boom/thor_boom_00006":{"width":300,"height":300},"boom/thor_boom_00008":{"width":300,"height":300},"boom/thor_boom_00010":{"width":300,"height":300},"boom/thor_boom_00012":{"width":300,"height":300},"boom/thor_boom_00014":{"width":300,"height":300},"boom/thor_boom_00016":{"width":300,"height":300},"boom/thor_boom_00018":{"width":300,"height":300},"boom/thor_boom_00020":{"width":300,"height":300},"boom/thor_boom_00022":{"width":300,"height":300},"boom/thor_boom_00024":{"width":300,"height":300},"boom/thor_boom_00026":{"width":300,"height":300},"boom/thor_boom_00028":{"width":300,"height":300},"boom/thor_boom_00030":{"width":300,"height":300}},"boom_s":{"boom_s/thor_boom_s_00012":{"width":300,"height":300},"boom_s/thor_boom_s_00014":{"width":300,"height":300},"boom_s/thor_boom_s_00016":{"width":300,"height":300},"boom_s/thor_boom_s_00018":{"width":300,"height":300},"boom_s/thor_boom_s_00020":{"width":300,"height":300},"boom_s/thor_boom_s_00022":{"width":300,"height":300},"boom_s/thor_boom_s_00024":{"width":300,"height":300},"boom_s/thor_boom_s_00026":{"width":300,"height":300},"boom_s/thor_boom_s_00028":{"width":300,"height":300},"boom_s/thor_boom_s_00030":{"width":300,"height":300},"boom_s/thor_boom_s_00032":{"width":300,"height":300},"boom_s/thor_boom_s_00034":{"width":300,"height":300},"boom_s/thor_boom_s_00036":{"width":300,"height":300},"boom_s/thor_boom_s_00038":{"width":300,"height":300},"boom_s/thor_boom_s_00040":{"width":300,"height":300},"boom_s/thor_boom_s_00042":{"width":300,"height":300},"boom_s/thor_boom_s_00044":{"width":300,"height":300},"boom_s/thor_boom_s_00046":{"width":300,"height":300},"boom_s/thor_boom_s_00048":{"width":300,"height":300}},"thor_anina_icon_1":{"thor_anina_icon_3_1":{"type":"mesh","hull":80,"width":179,"height":178,"uvs":[0.2826,0.03732,0.3678,0.03688,0.47716,0.03632,0.58491,0.03576,0.73266,0.035,0.75074,0.04899,0.7864,0.102,0.81473,0.14411,0.83838,0.1497,0.85518,0.16509,0.85698,0.19132,0.84709,0.20399,0.85788,0.21846,0.89746,0.22569,0.92714,0.24921,0.94692,0.27906,0.95682,0.31795,0.95592,0.34509,0.95322,0.36589,0.97686,0.40017,0.9919,0.42197,0.9928,0.44187,0.9937,0.49523,0.99459,0.51603,0.96706,0.56633,0.94063,0.61462,0.94692,0.65796,0.93883,0.69866,0.91994,0.72579,0.89116,0.75112,0.85698,0.75926,0.84529,0.78006,0.84889,0.80177,0.83629,0.81805,0.81741,0.83162,0.77963,0.89855,0.76524,0.91754,0.73736,0.9293,0.61457,0.93049,0.49632,0.93164,0.38675,0.9327,0.2709,0.93383,0.24482,0.92297,0.19355,0.83343,0.17106,0.82619,0.15487,0.81081,0.15217,0.78639,0.16227,0.77421,0.15352,0.75824,0.12371,0.74879,0.09423,0.72957,0.07154,0.70415,0.05956,0.67352,0.05858,0.64224,0.05988,0.62595,0.06766,0.60705,0.05512,0.58595,0.0184,0.52413,0.01646,0.51519,0.01419,0.43797,0.01808,0.42721,0.03199,0.40249,0.05567,0.36042,0.05016,0.32216,0.05761,0.28827,0.07057,0.26253,0.09552,0.23842,0.12306,0.22506,0.13311,0.2218,0.14866,0.21659,0.15676,0.20258,0.15061,0.19019,0.15028,0.17455,0.1613,0.15859,0.17588,0.14946,0.19208,0.14783,0.20906,0.11859,0.24554,0.05575,0.25494,0.04402,0.26487,0.03934,0.32384,0.80781,0.68254,0.80229,0.65093,0.74148,0.63602,0.62533,0.71552,0.71522,0.74575,0.7705,0.76774,0.72766,0.76274,0.69943,0.77074,0.66826,0.80674,0.65418,0.91274,0.47619,0.85474,0.46613,0.76265,0.42157,0.98188,0.43697,0.93183,0.41217,0.87221,0.4037,0.86638,0.31833,0.84759,0.3268,0.81583,0.3255,0.78926,0.30855,0.7763,0.27988,0.77695,0.2499,0.76075,0.23296,0.75621,0.20298,0.77306,0.18213,0.73418,0.11566,0.70631,0.15411,0.62469,0.22966,0.72381,0.05961,0.68558,0.08242,0.65966,0.13781,0.31555,0.08503,0.33693,0.12152,0.36932,0.22641,0.26694,0.06092,0.2637,0.12087,0.29481,0.16714,0.22741,0.18473,0.2402,0.20723,0.23402,0.24184,0.22431,0.25782,0.22431,0.28623,0.21196,0.31285,0.18371,0.32706,0.14399,0.31907,0.09015,0.40961,0.12545,0.40339,0.23049,0.42203,0.02836,0.4389,0.08573,0.4673,0.14399,0.45932,0.19173,0.6478,0.22274,0.66027,0.2401,0.6902,0.23762,0.72762,0.25746,0.76254,0.37156,0.61911,0.24878,0.85109,0.28107,0.86064,0.7159,0.8579,0.74998,0.85653,0.77588,0.81129,0.79302,0.82301,0.76252,0.78883,0.79041,0.79146,0.81307,0.75202,0.77559,0.77919,0.77385,0.75816,0.78866,0.74501,0.80697,0.79497,0.81241,0.77924,0.86107,0.66741,0.9646,0.4814,0.97533,0.46617,0.97912,0.44903,0.83385,0.64709,0.92457,0.59864,0.91456,0.615,0.91769,0.65778,0.89892,0.68547,0.86638,0.70938,0.85637,0.72637,0.82696,0.7314,0.80256,0.7207,0.80319,0.70372,0.81633,0.69617,0.82947,0.71441,0.83885,0.69617,0.8182,0.68106,0.78755,0.69491,0.78942,0.72637,0.80757,0.73832,0.89329,0.63765,0.89016,0.65778,0.8814,0.67288,0.86325,0.68044,0.93752,0.36454,0.88344,0.29202,0.92675,0.35009,0.92933,0.32694,0.92313,0.2995,0.91692,0.28765,0.9008,0.27393,0.87476,0.2652,0.85181,0.26832,0.84437,0.28578,0.82267,0.28828,0.81337,0.2783,0.80221,0.2652,0.81213,0.24088,0.84003,0.23465,0.85987,0.24837,0.79414,0.22903,0.78422,0.2097,0.79166,0.19536,0.80779,0.18351,0.81895,0.18289,0.81089,0.19411,0.82329,0.20284,0.63022,0.42288,0.37045,0.42473,0.50132,0.42379,0.29914,0.3253,0.30265,0.52284,0.49653,0.62106,0.71435,0.49928,0.695,0.32747,0.48877,0.22793,0.3527,0.7223,0.29773,0.70698,0.39115,0.85995,0.4949,0.85929,0.62173,0.85849,0.92917,0.54505,0.88376,0.52485,0.49316,0.8052,0.38553,0.80686,0.619,0.80326,0.03129,0.46908,0.14274,0.66442,0.19347,0.75598,0.21318,0.78984,0.22468,0.81213,0.08224,0.60569,0.08986,0.61749,0.0881,0.63224,0.10159,0.63696,0.11039,0.6576,0.11919,0.67353,0.13386,0.67884,0.08752,0.64934,0.09573,0.67353,0.1145,0.69359,0.13034,0.70302,0.14324,0.71423,0.16788,0.72957,0.19721,0.7278,0.20131,0.71128,0.19486,0.70007,0.17022,0.71069,0.16436,0.69594,0.17668,0.6812,0.19721,0.68179,0.21129,0.70184,0.21305,0.72131,0.19545,0.78797,0.19427,0.77735,0.18372,0.77145,0.17492,0.80035,0.20073,0.8092,0.23299,0.7803,0.23064,0.76319,0.21833,0.74962,0.20483,0.75375,0.2955,0.76283,0.3393,0.68008,0.67786,0.7102,0.70799,0.77133,0.06788,0.5332,0.11902,0.52399,0.10751,0.60266,0.1597,0.59325,0.07149,0.36053,0.09514,0.3351,0.10166,0.3146,0.11961,0.29983,0.16936,0.22404,0.19302,0.22404,0.21096,0.19943,0.20716,0.1893,0.19858,0.18606,0.18929,0.1857,0.19036,0.19253,0.19,0.19937,0.18035,0.2026,0.17284,0.20332,0.17034,0.18606,0.17141,0.17204,0.18679,0.16593,0.20967,0.17671,0.22397,0.22633,0.20252,0.24215,0.20466,0.27451,0.1707,0.27235,0.17391,0.25366,0.14245,0.27775,0.17356,0.30687,0.20359,0.29716,0.07595,0.33491,0.0856,0.29644,0.0974,0.27595,0.11957,0.26121,0.25334,0.1391,0.3687,0.08465,0.47961,0.08387,0.58571,0.08312,0.85648,0.57066,0.87609,0.42954,0.93312,0.43354,0.1229,0.43101,0.67041,0.15122,0.69597,0.10737,0.32975,0.16244,0.29796,0.11106,0.23925,0.78725,0.15671,0.65439,0.1758,0.65267,0.14366,0.68468,0.15288,0.6712,0.17578,0.66418,0.14087,0.70126],"triangles":[134,133,209,240,241,238,229,228,219,307,310,233,305,261,306,308,307,219,309,305,306,308,305,309,307,229,219,308,309,241,307,308,240,307,233,229,4,109,3,108,4,5,114,79,0,78,79,114,77,78,114,108,109,4,295,3,109,294,2,3,294,3,295,293,1,2,293,2,294,111,0,1,111,1,293,114,0,111,301,109,108,303,114,111,105,108,5,105,5,6,301,108,105,115,77,114,115,114,303,76,77,115,112,111,293,303,111,112,110,295,109,292,76,115,106,301,105,300,301,106,302,303,112,278,74,75,116,115,303,116,303,302,292,115,116,277,73,74,277,74,278,72,73,277,292,75,76,279,75,292,278,75,279,104,105,6,104,6,7,106,105,104,196,7,8,196,8,9,195,104,7,196,195,7,117,279,292,117,292,116,270,271,278,277,278,271,276,72,277,276,277,271,279,270,278,269,270,279,269,279,117,71,72,276,196,9,10,272,271,270,197,195,196,194,104,195,194,195,197,271,272,276,268,269,117,70,71,276,272,274,276,273,274,272,275,70,276,11,198,196,197,196,198,103,106,104,274,275,276,10,11,196,118,117,116,268,117,118,193,104,194,103,104,193,266,70,275,69,70,266,268,273,269,269,272,270,269,273,272,267,273,268,274,273,267,266,275,274,267,266,274,280,268,118,267,268,280,113,293,294,112,293,113,207,294,295,197,193,194,192,197,198,192,193,197,102,193,192,190,198,11,190,11,12,189,192,198,190,189,198,119,280,118,281,267,280,281,280,119,191,12,13,190,12,191,284,266,267,284,267,281,120,281,119,291,66,67,183,191,13,182,183,13,184,190,191,184,191,183,69,266,284,14,182,13,282,281,120,290,66,291,65,66,290,291,68,284,69,284,68,283,285,284,291,67,68,284,285,291,184,189,190,181,182,14,185,187,184,121,120,119,282,120,121,15,181,14,186,187,185,177,183,182,289,65,290,64,65,289,180,181,15,265,291,285,290,291,265,289,290,265,285,283,286,122,287,121,264,289,265,180,15,16,184,177,185,177,184,183,96,185,177,124,285,286,265,285,124,63,64,289,97,185,96,186,185,97,98,186,97,179,180,16,124,286,123,288,63,289,288,289,264,263,288,264,17,179,16,180,177,182,178,179,17,182,181,180,177,180,179,178,177,179,62,63,288,262,62,288,262,288,263,176,178,17,18,176,17,125,61,62,124,264,265,124,263,264,124,125,263,125,262,263,96,94,95,178,96,177,178,94,96,97,96,95,125,62,262,176,94,178,94,176,18,94,18,19,297,95,94,93,298,94,19,93,94,297,94,298,20,93,19,128,60,61,128,61,125,59,60,128,128,125,299,93,20,21,93,90,298,154,93,21,93,154,90,129,128,299,218,128,129,90,297,298,153,90,154,91,297,90,152,90,153,153,154,21,22,153,21,152,153,22,218,58,59,218,59,128,258,57,58,258,218,129,258,129,259,258,58,218,213,90,152,214,90,213,152,23,213,23,152,22,24,213,23,56,57,258,213,296,214,156,213,24,260,258,259,260,259,261,223,56,258,260,223,258,55,56,223,25,156,24,157,156,25,224,223,260,224,55,223,226,224,260,225,224,226,224,225,55,230,225,226,305,260,261,219,226,260,219,227,226,230,226,227,157,213,156,158,157,25,172,157,158,173,172,158,158,25,26,260,305,219,308,219,305,174,151,173,230,52,53,231,230,227,228,227,219,231,227,228,175,151,174,159,173,158,174,173,159,232,231,228,232,228,229,169,89,168,165,169,168,27,158,26,159,158,27,233,232,229,132,133,243,164,169,165,55,230,54,225,230,55,231,52,230,51,231,232,54,230,53,231,51,52,160,175,174,160,174,159,167,175,160,237,238,243,164,170,169,134,244,243,237,243,244,28,159,27,160,159,28,87,169,170,161,167,160,166,167,161,133,134,243,86,87,170,237,239,238,236,237,244,236,239,237,235,234,239,235,239,236,50,232,233,162,166,161,148,86,170,233,310,234,252,244,134,236,244,252,29,160,28,161,160,29,145,171,162,253,236,252,220,235,236,220,236,253,30,161,29,162,161,30,145,162,30,251,252,134,85,84,86,85,86,147,221,246,220,247,220,246,146,148,144,31,150,145,145,144,148,30,31,145,250,251,135,304,250,135,221,245,246,251,221,253,251,253,252,221,251,250,253,221,220,144,145,150,149,144,150,245,248,247,245,247,246,216,80,208,249,245,221,144,143,146,304,222,221,304,221,250,249,221,222,149,31,32,31,149,150,33,149,32,142,144,149,34,142,149,141,144,142,33,34,149,43,44,249,137,254,80,222,304,137,135,137,304,135,254,137,81,257,140,140,141,142,140,257,85,210,216,215,210,215,211,138,137,80,210,138,80,210,80,216,35,140,142,35,142,34,36,140,35,222,43,249,42,137,138,222,137,43,42,43,137,37,139,140,37,140,36,38,211,212,38,212,139,38,139,37,39,211,38,40,138,210,41,42,138,39,40,210,39,210,211,40,41,138,132,131,261,306,261,131,243,238,242,239,240,238,234,310,240,234,240,239,50,51,232,48,235,220,248,245,249,44,248,249,247,48,220,135,251,134,123,122,127,166,164,165,162,163,166,171,163,162,147,148,146,163,170,164,170,163,171,87,88,169,84,87,86,257,84,85,284,281,282,287,282,121,122,121,202,127,122,202,113,119,118,48,234,235,240,308,241,310,307,240,49,233,234,131,309,306,203,132,261,49,50,233,47,48,247,248,47,247,46,47,248,80,254,208,45,46,248,44,45,248,110,109,301,300,110,301,302,112,113,116,302,113,107,207,295,113,294,207,110,107,295,107,110,300,107,300,106,102,103,193,101,102,192,189,101,192,188,101,189,283,284,282,184,187,189,188,189,187,100,102,101,100,101,188,187,99,100,187,100,188,99,187,186,113,118,116,202,119,113,98,99,186,107,102,206,103,107,106,102,107,103,206,102,100,206,100,99,124,126,125,92,206,99,92,99,98,95,92,98,95,98,97,126,123,127,199,107,206,199,206,92,201,207,107,201,107,199,113,207,201,200,113,201,202,113,200,127,202,200,92,95,297,299,125,126,299,126,127,130,299,127,91,92,297,129,299,130,205,199,92,203,127,200,259,129,130,214,91,90,296,91,214,205,92,91,296,205,91,203,261,130,203,130,127,213,151,296,151,213,172,136,200,201,203,200,136,204,136,201,83,199,205,201,199,83,204,201,83,157,172,213,296,89,205,151,155,296,205,88,83,296,155,89,136,132,203,173,151,172,89,88,205,136,209,132,168,155,151,83,84,256,136,255,209,83,88,84,208,255,136,254,209,255,82,83,256,254,135,209,208,254,255,82,256,257,204,82,215,82,204,83,217,82,81,204,208,136,217,215,82,215,208,204,216,208,215,140,143,141,139,81,140,212,217,81,212,81,139,211,215,217,211,217,212,209,133,132,49,234,48,135,134,209,242,241,309,242,131,132,242,309,131,243,242,132,238,241,242,259,130,261,287,283,282,126,124,123,286,283,287,123,286,287,123,287,122,257,256,84,81,82,257,87,84,88,143,85,146,141,143,144,85,143,140,169,88,89,148,170,171,145,148,171,147,86,148,85,147,146,168,89,155,167,168,151,175,167,151,165,168,167,166,165,167,166,163,164,121,119,202],"vertices":[2,2,-39.51,213.92,0.37819,3,-129.68,213.21,0.62181,2,2,-24.26,213.99,0.23027,3,-114.43,213.28,0.76973,2,2,-4.68,214.09,0.3104,3,-94.85,213.38,0.6896,2,2,14.61,214.19,0.32349,3,-75.56,213.48,0.67651,2,2,41.05,214.33,0.27413,3,-49.12,213.62,0.72587,2,2,44.29,211.84,0.33773,3,-45.88,211.13,0.66227,2,2,50.67,202.4,0.25004,3,-39.5,201.69,0.74996,2,2,55.74,194.91,0.24279,3,-34.43,194.2,0.75721,2,2,59.98,193.91,0.36118,3,-30.19,193.2,0.63882,2,2,62.98,191.17,0.32898,3,-27.19,190.46,0.67102,2,2,63.31,186.5,0.23521,3,-26.86,185.79,0.76479,2,2,61.53,184.25,0.29516,3,-28.64,183.54,0.70484,2,2,63.47,181.67,0.30952,3,-26.7,180.96,0.69048,2,2,70.55,180.39,0.21027,3,-19.62,179.68,0.78973,2,2,75.86,176.2,0.14559,3,-14.31,175.49,0.85441,2,2,79.41,170.89,0.17865,3,-10.76,170.18,0.82135,2,2,81.18,163.96,0.19953,3,-8.99,163.25,0.80047,2,2,81.02,159.13,0.24405,3,-9.15,158.42,0.75595,2,2,80.53,155.43,0.33425,3,-9.64,154.72,0.66575,2,2,84.76,149.33,0.34179,3,-5.41,148.62,0.65821,2,2,87.46,145.45,0.31179,3,-2.71,144.74,0.68821,2,2,87.62,141.91,0.3265,3,-2.55,141.2,0.6735,2,2,87.78,132.41,0.34308,3,-2.39,131.7,0.65692,2,2,87.94,128.7,0.27521,3,-2.23,127.99,0.72479,2,2,83.01,119.75,0.36516,3,-7.16,119.04,0.63484,2,2,78.28,111.16,0.48281,3,-11.89,110.45,0.51719,2,2,79.41,103.44,0.36846,3,-10.76,102.73,0.63154,2,2,77.96,96.2,0.3442,3,-12.21,95.49,0.6558,2,2,74.58,91.37,0.30148,3,-15.59,90.66,0.69852,2,2,69.42,86.86,0.30646,3,-20.75,86.15,0.69354,2,2,63.31,85.41,0.38041,3,-26.86,84.7,0.61959,2,2,61.21,81.71,0.42763,3,-28.96,81,0.57237,2,2,61.86,77.84,0.3704,3,-28.31,77.13,0.6296,2,2,59.6,74.95,0.28034,3,-30.57,74.24,0.71966,2,2,56.22,72.53,0.40258,3,-33.95,71.82,0.59742,2,2,49.46,60.62,0.27616,3,-40.71,59.91,0.72384,2,2,46.88,57.24,0.31074,3,-43.29,56.53,0.68926,2,2,41.89,55.14,0.29276,3,-48.28,54.43,0.70724,2,2,19.91,54.93,0.37054,3,-70.26,54.22,0.62946,2,2,-1.25,54.73,0.41539,3,-91.42,54.02,0.58461,2,2,-20.87,54.54,0.32081,3,-111.04,53.83,0.67919,2,2,-41.6,54.34,0.25543,3,-131.77,53.63,0.74457,2,2,-46.27,56.27,0.21029,3,-136.44,55.56,0.78971,2,2,-55.45,72.21,0.35801,3,-145.62,71.5,0.64199,2,2,-59.47,73.5,0.46614,3,-149.64,72.79,0.53386,2,2,-62.37,76.23,0.5443,3,-152.54,75.52,0.4557,2,2,-62.85,80.58,0.58258,3,-153.02,79.87,0.41742,2,2,-61.05,82.75,0.56319,3,-151.22,82.04,0.43681,2,2,-62.61,85.59,0.64642,3,-152.78,84.88,0.35358,2,2,-67.95,87.27,0.66882,3,-158.12,86.56,0.33118,2,2,-73.23,90.7,0.54493,3,-163.4,89.99,0.45507,2,2,-77.29,95.22,0.48663,3,-167.46,94.51,0.51337,2,2,-79.43,100.67,0.42603,3,-169.6,99.96,0.57397,2,2,-79.61,106.24,0.38486,3,-169.78,105.53,0.61514,2,2,-79.38,109.14,0.3684,3,-169.55,108.43,0.6316,2,2,-77.98,112.5,0.37055,3,-168.15,111.79,0.62945,2,2,-80.23,116.26,0.38471,3,-170.4,115.55,0.61529,2,2,-86.8,127.26,0.41896,3,-176.97,126.55,0.58104,2,2,-87.15,128.86,0.42535,3,-177.32,128.15,0.57465,2,2,-87.55,142.6,0.38969,3,-177.72,141.89,0.61031,2,2,-86.86,144.51,0.4575,3,-177.03,143.8,0.5425,2,2,-84.37,148.92,0.43426,3,-174.54,148.21,0.56574,2,2,-80.13,156.4,0.4,3,-170.3,155.69,0.6,2,2,-81.12,163.21,0.448,3,-171.29,162.5,0.552,2,2,-79.78,169.25,0.43318,3,-169.95,168.54,0.56682,2,2,-77.46,173.83,0.42264,3,-167.63,173.12,0.57736,2,2,-73,178.12,0.40547,3,-163.17,177.41,0.59453,2,2,-68.07,180.5,0.33438,3,-158.24,179.79,0.66562,2,2,-66.27,181.08,0.31723,3,-156.44,180.37,0.68277,2,2,-63.48,182.01,0.29167,3,-153.65,181.3,0.70833,2,2,-62.03,184.5,0.26167,3,-152.2,183.79,0.73833,2,2,-63.14,186.7,0.31263,3,-153.31,185.99,0.68737,2,2,-63.19,189.49,0.33519,3,-153.36,188.78,0.66481,2,2,-61.22,192.33,0.34291,3,-151.39,191.62,0.65709,2,2,-58.61,193.95,0.32269,3,-148.78,193.24,0.67731,2,2,-55.71,194.24,0.30379,3,-145.88,193.53,0.69621,2,2,-52.67,199.45,0.31319,3,-142.84,198.74,0.68681,2,2,-46.14,210.64,0.22026,3,-136.31,209.93,0.77974,2,2,-44.46,212.72,0.28087,3,-134.63,212.01,0.71913,2,2,-42.68,213.56,0.33111,3,-132.85,212.85,0.66889,2,2,-32.13,76.77,0.45884,3,-122.3,76.06,0.54116,2,2,32.08,77.75,0.47957,3,-58.09,77.04,0.52043,2,2,26.42,88.58,0.56163,3,-63.75,87.87,0.43837,2,2,23.75,109.25,0.81769,3,-66.42,108.54,0.18231,2,2,37.98,93.25,0.60419,3,-52.19,92.54,0.39581,2,2,43.4,83.41,0.47093,3,-46.77,82.7,0.52907,2,2,47.33,91.04,0.42483,3,-42.84,90.33,0.57517,2,2,46.44,96.06,0.48604,3,-43.73,95.35,0.51396,2,2,47.87,101.61,0.58535,3,-42.3,100.9,0.41465,2,2,54.31,104.11,0.51543,3,-35.86,103.4,0.48457,2,2,73.29,135.8,0.48089,3,-16.88,135.09,0.51911,2,2,62.91,137.59,0.56139,3,-27.26,136.88,0.43861,2,2,46.42,145.52,0.78561,3,-43.75,144.81,0.21439,2,2,85.66,142.78,0.3609,3,-4.51,142.07,0.6391,2,2,76.7,147.19,0.51876,3,-13.47,146.48,0.48124,2,2,66.03,148.7,0.50601,3,-24.14,147.99,0.49399,2,2,64.99,163.9,0.44909,3,-25.18,163.19,0.55091,2,2,61.62,162.39,0.42362,3,-28.55,161.68,0.57638,2,2,55.94,162.62,0.59601,3,-34.23,161.91,0.40399,2,2,51.18,165.64,0.66192,3,-38.99,164.93,0.33808,2,2,48.86,170.74,0.65808,3,-41.31,170.03,0.34192,2,2,48.98,176.08,0.64945,3,-41.19,175.37,0.35055,2,2,46.08,179.09,0.58087,3,-44.09,178.38,0.41913,2,2,45.27,184.43,0.56246,3,-44.9,183.72,0.43754,2,2,48.28,188.14,0.44112,3,-41.89,187.43,0.55888,2,2,41.32,199.97,0.40346,3,-48.85,199.26,0.59654,2,2,36.34,193.13,0.47568,3,-53.83,192.42,0.52432,2,2,21.73,179.68,0.67736,3,-68.44,178.97,0.32264,2,2,39.47,209.95,0.15575,3,-50.7,209.24,0.84425,2,2,32.62,205.89,0.39266,3,-57.55,205.18,0.60734,2,2,27.98,196.03,0.64463,3,-62.19,195.32,0.35537,2,2,-33.61,205.42,0.29396,3,-123.78,204.71,0.70604,2,2,-29.78,198.93,0.43014,3,-119.95,198.22,0.56986,2,2,-23.99,180.26,0.66653,3,-114.16,179.55,0.33347,2,2,-42.31,209.72,0.10415,3,-132.48,209.01,0.89585,2,2,-42.89,199.04,0.30575,3,-133.06,198.33,0.69425,2,2,-37.32,190.81,0.50194,3,-127.49,190.1,0.49806,2,2,-49.39,187.68,0.29631,3,-139.56,186.97,0.70369,2,2,-47.1,183.67,0.40346,3,-137.27,182.96,0.59654,2,2,-48.2,177.51,0.44148,3,-138.37,176.8,0.55852,2,2,-49.94,174.67,0.41459,3,-140.11,173.96,0.58541,2,2,-49.94,169.61,0.41955,3,-140.11,168.9,0.58045,2,2,-52.15,164.87,0.46032,3,-142.32,164.16,0.53968,2,2,-57.21,162.34,0.5164,3,-147.38,161.63,0.4836,2,2,-64.32,163.76,0.38516,3,-154.49,163.05,0.61484,2,2,-73.96,147.65,0.45233,3,-164.13,146.94,0.54767,2,2,-67.64,148.75,0.68863,3,-157.81,148.04,0.31137,2,2,-48.84,145.44,0.73803,3,-139.01,144.73,0.26197,2,2,-85.02,142.43,0.3866,3,-175.19,141.72,0.6134,2,2,-74.75,137.38,0.4968,3,-164.92,136.67,0.5032,2,2,-64.32,138.8,0.58995,3,-154.49,138.09,0.41005,2,2,-55.77,105.25,0.50283,3,-145.94,104.54,0.49717,2,2,-50.22,103.03,0.48417,3,-140.39,102.32,0.51583,2,2,-47.12,97.7,0.47196,3,-137.29,96.99,0.52804,2,2,-47.56,91.04,0.45849,3,-137.73,90.33,0.54151,2,2,-44.01,84.83,0.53346,3,-134.18,84.12,0.46654,2,2,-23.58,110.36,0.83505,3,-113.75,109.65,0.16495,2,2,-45.56,69.06,0.2737,3,-135.73,68.35,0.7263,2,2,-39.78,67.36,0.40629,3,-129.95,66.65,0.59371,2,2,38.05,67.85,0.58017,3,-52.12,67.14,0.41983,2,2,44.15,68.1,0.50557,3,-46.02,67.39,0.49443,2,2,48.79,76.15,0.54087,3,-41.38,75.44,0.45913,2,2,51.86,74.06,0.43627,3,-38.31,73.35,0.56373,2,2,46.4,80.15,0.56971,3,-43.77,79.44,0.43029,2,2,51.39,79.68,0.44302,3,-38.78,78.97,0.55698,2,2,55.45,86.7,0.48816,3,-34.72,85.99,0.51184,2,2,48.74,81.86,0.48443,3,-41.43,81.15,0.51557,2,2,48.43,85.61,0.57041,3,-41.74,84.9,0.42959,2,2,51.08,87.95,0.51176,3,-39.09,87.24,0.48824,2,2,54.35,79.05,0.36606,3,-35.82,78.34,0.63394,2,2,55.33,81.85,0.43242,3,-34.84,81.14,0.56758,2,2,64.04,101.76,0.54045,3,-26.13,101.05,0.45955,2,2,82.57,134.87,0.37346,3,-7.6,134.16,0.62654,2,2,84.49,137.58,0.39158,3,-5.68,136.87,0.60842,2,2,85.17,140.63,0.38466,3,-5,139.92,0.61534,2,2,59.16,105.38,0.52712,3,-31.01,104.67,0.47288,2,2,75.4,114,0.45391,3,-14.77,113.29,0.54609,2,2,73.61,111.09,0.47364,3,-16.56,110.38,0.52636,2,2,74.17,103.47,0.37649,3,-16,102.76,0.62351,2,2,70.81,98.55,0.38263,3,-19.36,97.84,0.61737,2,2,64.99,94.29,0.43013,3,-25.18,93.58,0.56987,2,2,63.2,91.27,0.37281,3,-26.97,90.56,0.62719,2,2,57.93,90.37,0.4971,3,-32.24,89.66,0.5029,2,2,53.56,92.27,0.53079,3,-36.61,91.56,0.46921,2,2,53.68,95.3,0.51178,3,-36.49,94.59,0.48822,2,2,56.03,96.64,0.49478,3,-34.14,95.93,0.50522,2,2,58.38,93.39,0.51191,3,-31.79,92.68,0.48809,2,2,60.06,96.64,0.51808,3,-30.11,95.93,0.48192,2,2,56.36,99.33,0.49805,3,-33.81,98.62,0.50195,2,2,50.88,96.87,0.45977,3,-39.29,96.16,0.54023,2,2,51.21,91.27,0.51282,3,-38.96,90.56,0.48718,2,2,54.46,89.14,0.50335,3,-35.71,88.43,0.49665,2,2,69.8,107.06,0.60841,3,-20.37,106.35,0.39159,2,2,69.24,103.47,0.5032,3,-20.93,102.76,0.4968,2,2,67.68,100.79,0.44031,3,-22.49,100.08,0.55969,2,2,64.43,99.44,0.5082,3,-25.74,98.73,0.4918,2,2,77.72,155.67,0.405,3,-12.45,154.96,0.595,2,2,68.04,168.58,0.3522,3,-22.13,167.87,0.6478,2,2,75.79,158.24,0.35548,3,-14.38,157.53,0.64452,2,2,76.26,162.36,0.27777,3,-13.91,161.65,0.72223,2,2,75.15,167.25,0.23115,3,-15.02,166.54,0.76885,2,2,74.04,169.36,0.21883,3,-16.13,168.65,0.78117,2,2,71.15,171.8,0.26446,3,-19.02,171.09,0.73554,2,2,66.49,173.35,0.33996,3,-23.68,172.64,0.66004,2,2,62.38,172.8,0.44921,3,-27.79,172.09,0.55079,2,2,61.05,169.69,0.33693,3,-29.12,168.98,0.66307,2,2,57.16,169.25,0.3606,3,-33.01,168.54,0.6394,2,2,55.5,171.02,0.581,3,-34.67,170.31,0.419,2,2,53.5,173.35,0.63346,3,-36.67,172.64,0.36654,2,2,55.28,177.68,0.51376,3,-34.89,176.97,0.48624,2,2,60.27,178.79,0.43375,3,-29.9,178.08,0.56625,2,2,63.82,176.35,0.35802,3,-26.35,175.64,0.64198,2,2,52.06,179.79,0.45482,3,-38.11,179.08,0.54518,2,2,50.28,183.23,0.46174,3,-39.89,182.52,0.53826,2,2,51.61,185.78,0.35591,3,-38.56,185.07,0.64409,2,2,54.5,187.89,0.37348,3,-35.67,187.18,0.62652,2,2,56.5,188,0.22334,3,-33.67,187.29,0.77666,2,2,55.05,186.01,0.4221,3,-35.11,185.3,0.5779,2,2,57.27,184.45,0.38919,3,-32.89,183.74,0.61081,2,2,22.72,145.29,0.90981,3,-67.45,144.58,0.09019,2,2,-23.78,144.96,0.90428,3,-113.95,144.25,0.09572,1,2,-0.36,145.12,1,2,2,-36.55,162.66,0.74966,3,-126.72,161.95,0.25034,2,2,-35.92,127.49,0.73052,3,-126.09,126.78,0.26948,2,2,-1.22,110.01,0.78115,3,-91.39,109.3,0.21885,2,2,37.78,131.69,0.77467,3,-52.39,130.98,0.22533,2,2,34.31,162.27,0.79069,3,-55.86,161.56,0.20931,2,2,-2.6,179.99,0.63,3,-92.77,179.28,0.37,2,2,-26.96,91.99,0.49872,3,-117.13,91.28,0.50128,2,2,-36.8,94.72,0.5556,3,-126.97,94.01,0.4444,2,2,-20.08,67.49,0.2428,3,-110.25,66.78,0.7572,2,2,-1.51,67.6,0.33599,3,-91.68,66.89,0.66401,2,2,21.2,67.75,0.52103,3,-68.97,67.04,0.47897,2,2,76.23,123.54,0.47535,3,-13.94,122.83,0.52465,2,2,68.1,127.14,0.49471,3,-22.07,126.43,0.50529,2,2,-1.82,77.23,0.53613,3,-91.99,76.52,0.46387,2,2,-21.08,76.94,0.54156,3,-111.25,76.23,0.45844,2,2,20.71,77.58,0.66048,3,-69.46,76.87,0.33952,2,2,-84.49,137.06,0.47487,3,-174.66,136.35,0.52513,2,2,-64.54,102.29,0.40386,3,-154.71,101.58,0.59614,2,2,-55.46,85.99,0.30304,3,-145.63,85.28,0.69696,2,2,-51.93,79.97,0.3897,3,-142.1,79.26,0.6103,2,2,-49.88,76,0.4389,3,-140.05,75.29,0.5611,2,2,-75.37,112.75,0.34717,3,-165.54,112.04,0.65283,2,2,-74.01,110.65,0.41625,3,-164.18,109.94,0.58375,2,2,-74.32,108.02,0.40076,3,-164.49,107.31,0.59924,2,2,-71.91,107.18,0.51859,3,-162.08,106.47,0.48141,2,2,-70.33,103.51,0.43688,3,-160.5,102.8,0.56312,2,2,-68.76,100.67,0.43693,3,-158.93,99.96,0.56307,2,2,-66.13,99.73,0.48523,3,-156.3,99.02,0.51477,2,2,-74.43,104.98,0.34974,3,-164.6,104.27,0.65026,2,2,-72.96,100.67,0.3711,3,-163.13,99.96,0.6289,2,2,-69.6,97.1,0.41562,3,-159.77,96.39,0.58438,2,2,-66.76,95.42,0.45618,3,-156.93,94.71,0.54382,2,2,-64.45,93.43,0.46417,3,-154.62,92.72,0.53583,2,2,-60.04,90.7,0.39852,3,-150.21,89.99,0.60148,2,2,-54.79,91.01,0.41308,3,-144.96,90.3,0.58692,2,2,-54.06,93.95,0.43982,3,-144.23,93.24,0.56018,2,2,-55.21,95.95,0.43456,3,-145.38,95.24,0.56544,2,2,-59.62,94.06,0.40491,3,-149.79,93.35,0.59509,2,2,-60.67,96.68,0.53048,3,-150.84,95.97,0.46952,2,2,-58.47,99.31,0.52463,3,-148.64,98.6,0.47537,2,2,-54.79,99.2,0.61306,3,-144.96,98.49,0.38694,2,2,-52.27,95.63,0.42384,3,-142.44,94.92,0.57616,2,2,-51.96,92.17,0.40999,3,-142.13,91.46,0.59001,2,2,-55.11,80.3,0.39571,3,-145.28,79.59,0.60429,2,2,-55.32,82.19,0.39514,3,-145.49,81.48,0.60486,2,2,-57.21,83.24,0.45046,3,-147.38,82.53,0.54954,2,2,-58.78,78.1,0.50418,3,-148.95,77.39,0.49582,2,2,-54.16,76.52,0.51359,3,-144.33,75.81,0.48641,2,2,-48.39,81.67,0.30149,3,-138.56,80.96,0.69851,2,2,-48.81,84.71,0.31448,3,-138.98,84,0.68552,2,2,-51.01,87.13,0.32127,3,-141.18,86.42,0.67873,2,2,-53.43,86.39,0.37001,3,-143.6,85.68,0.62999,2,2,-37.2,84.78,0.54851,3,-127.37,84.07,0.45149,2,2,-29.36,99.5,0.71386,3,-119.53,98.79,0.28614,2,2,31.24,94.14,0.62897,3,-58.93,93.43,0.37103,2,2,36.64,83.26,0.50339,3,-53.53,82.55,0.49661,2,2,-77.94,125.65,0.38515,3,-168.11,124.94,0.61485,2,2,-68.79,127.29,0.49756,3,-158.96,126.58,0.50244,2,2,-70.85,113.29,0.39444,3,-161.02,112.58,0.60556,2,2,-61.51,114.96,0.49784,3,-151.68,114.25,0.50216,2,2,-77.3,156.38,0.4235,3,-167.47,155.67,0.5765,2,2,-73.06,160.91,0.28286,3,-163.23,160.2,0.71714,2,2,-71.9,164.56,0.37915,3,-162.07,163.85,0.62085,2,2,-68.68,167.19,0.40626,3,-158.85,166.48,0.59374,2,2,-59.78,180.68,0.35798,3,-149.95,179.97,0.64202,2,2,-55.54,180.68,0.4016,3,-145.71,179.97,0.5984,2,2,-52.33,185.06,0.38563,3,-142.5,184.35,0.61437,2,2,-53.01,186.86,0.32305,3,-143.18,186.15,0.67695,2,2,-54.55,187.44,0.28882,3,-144.72,186.73,0.71118,2,2,-56.21,187.5,0.25208,3,-146.38,186.79,0.74792,2,2,-56.02,186.29,0.28201,3,-146.19,185.58,0.71799,2,2,-56.08,185.07,0.30839,3,-146.25,184.36,0.69161,2,2,-57.81,184.5,0.2954,3,-147.98,183.79,0.7046,2,2,-59.16,184.37,0.28164,3,-149.33,183.66,0.71836,2,2,-59.6,187.44,0.24035,3,-149.77,186.73,0.75965,2,2,-59.41,189.94,0.30433,3,-149.58,189.23,0.69567,2,2,-56.66,191.02,0.2714,3,-146.83,190.31,0.7286,2,2,-52.56,189.1,0.2839,3,-142.73,188.39,0.7161,2,2,-50,180.27,0.50098,3,-140.17,179.56,0.49902,2,2,-53.84,177.46,0.45642,3,-144.01,176.75,0.54358,2,2,-53.46,171.7,0.54325,3,-143.63,170.99,0.45675,2,2,-59.54,172.08,0.57844,3,-149.71,171.37,0.42156,2,2,-58.96,175.41,0.51139,3,-149.13,174.7,0.48861,2,2,-64.6,171.12,0.38145,3,-154.76,170.41,0.61855,2,2,-59.03,165.94,0.47715,3,-149.2,165.23,0.52285,2,2,-53.65,167.66,0.56419,3,-143.82,166.95,0.43581,2,2,-76.5,160.94,0.36349,3,-166.67,160.23,0.63651,2,2,-74.77,167.79,0.23517,3,-164.94,167.08,0.76483,2,2,-72.66,171.44,0.25481,3,-162.83,170.73,0.74519,2,2,-68.69,174.06,0.20409,3,-158.86,173.35,0.79591,2,2,-44.75,195.8,0.32781,3,-134.91,195.09,0.67219,2,2,-24.1,205.49,0.32103,3,-114.27,204.78,0.67897,2,2,-4.24,205.63,0.38326,3,-94.41,204.92,0.61674,2,2,14.75,205.76,0.37695,3,-75.42,205.05,0.62305,2,2,63.22,118.98,0.52046,3,-26.95,118.27,0.47954,2,2,66.73,144.1,0.45117,3,-23.44,143.39,0.54883,2,2,76.93,143.39,0.44021,3,-13.24,142.68,0.55979,2,2,-68.09,143.84,0.51882,3,-158.26,143.13,0.48118,2,2,29.91,193.64,0.48845,3,-60.26,192.93,0.51155,2,2,34.48,201.45,0.46467,3,-55.68,200.74,0.53533,2,2,-31.07,191.64,0.49241,3,-121.24,190.93,0.50759,2,2,-36.76,200.79,0.26307,3,-126.93,200.08,0.73693,2,2,-47.27,80.43,0.45429,3,-137.44,79.72,0.54571,2,2,-62.04,104.08,0.45712,3,-152.21,103.37,0.54288,2,2,-58.63,104.38,0.49102,3,-148.8,103.67,0.50898,2,2,-64.38,98.69,0.51626,3,-154.55,97.98,0.48374,2,2,-62.73,101.09,0.45028,3,-152.9,100.38,0.54972,2,2,-58.63,102.34,0.51754,3,-148.8,101.63,0.48246,2,2,-64.88,95.74,0.48969,3,-155.05,95.03,0.51031],"edges":[8,10,14,16,16,18,18,20,20,22,22,24,24,26,26,28,28,30,30,32,32,34,34,36,40,42,42,44,44,46,50,52,52,54,54,56,56,58,58,60,60,62,62,64,64,66,66,68,68,70,70,72,72,74,82,84,84,86,86,88,88,90,90,92,92,94,94,96,96,98,98,100,100,102,102,104,104,106,106,108,108,110,114,116,116,118,118,120,124,126,126,128,128,130,130,132,132,134,134,136,136,138,138,140,140,142,142,144,144,146,146,148,148,150,154,156,156,158,0,158,162,164,164,166,166,168,168,170,170,172,172,174,174,176,176,178,180,182,182,184,186,180,186,188,188,190,190,184,188,192,192,194,194,196,196,198,198,200,200,202,202,204,204,206,206,208,208,210,210,212,212,214,216,210,216,218,218,220,220,214,222,224,226,224,228,230,230,232,232,226,234,236,236,238,238,240,240,242,242,244,244,246,246,248,248,250,250,252,252,254,256,250,256,258,258,260,260,254,262,264,264,266,266,268,268,270,274,160,274,276,278,280,280,162,280,170,280,282,282,284,284,68,282,286,286,170,288,290,304,306,306,308,178,310,310,302,352,356,356,354,356,358,358,360,362,364,364,366,36,38,38,40,10,12,12,14,166,398,398,214,184,398,226,400,400,272,400,254,398,402,402,400,226,402,402,166,402,272,402,214,226,404,404,254,254,406,406,272,166,408,408,272,166,410,410,184,184,412,412,214,214,414,414,226,160,416,416,272,270,418,418,272,276,420,422,420,278,424,424,422,78,80,80,82,74,76,76,78,46,48,48,50,302,426,426,304,428,180,422,430,160,432,432,430,420,432,162,434,434,430,424,434,256,436,440,442,444,274,110,446,446,448,448,450,450,452,452,454,454,456,456,458,458,438,508,274,270,508,508,160,272,510,510,508,416,510,418,510,166,512,164,512,168,512,280,514,514,512,162,514,514,170,436,516,110,112,112,114,516,112,258,518,516,518,438,520,520,516,262,522,522,518,520,522,120,122,122,124,250,122,124,524,524,526,526,528,528,530,530,248,138,532,532,534,534,536,230,584,584,234,150,152,152,154,584,152,586,222,0,2,586,2,588,586,2,4,588,4,218,590,590,588,4,6,6,8,590,6,414,588,214,590,226,586,402,414,402,408,408,430,178,592,592,428,410,592,184,594,182,594,594,190,186,596,596,594,254,598,598,256,214,600,220,600,600,212,216,602,602,600,226,604,232,604,604,224,228,606,606,604,270,274,442,500,608,444,438,610,610,612,612,262]}},"thor_anina_icon_2":{"thor_anina_icon_3_2":{"x":-1.86,"width":179,"height":178}}}}],"animations":{"anina_icon_3":{"slots":{"boom":{"attachment":[{"name":null},{"time":1.3333,"name":"boom/thor_boom_00002"},{"time":1.3667,"name":"boom/thor_boom_00004"},{"time":1.4,"name":"boom/thor_boom_00006"},{"time":1.4333,"name":"boom/thor_boom_00008"},{"time":1.4667,"name":"boom/thor_boom_00010"},{"time":1.5,"name":"boom/thor_boom_00012"},{"time":1.5333,"name":"boom/thor_boom_00014"},{"time":1.5667,"name":"boom/thor_boom_00016"},{"time":1.6,"name":"boom/thor_boom_00018"},{"time":1.6333,"name":"boom/thor_boom_00020"},{"time":1.6667,"name":"boom/thor_boom_00022"},{"time":1.7,"name":"boom/thor_boom_00024"},{"time":1.7333,"name":"boom/thor_boom_00026"},{"time":1.7667,"name":"boom/thor_boom_00028"},{"time":1.8,"name":"boom/thor_boom_00030"},{"time":1.8333,"name":null}]},"boom_s":{"color":[{"color":"ffed5133"}],"attachment":[{"name":null},{"time":0.6667,"name":"boom_s/thor_boom_s_00012"},{"time":0.7,"name":"boom_s/thor_boom_s_00014"},{"time":0.7333,"name":"boom_s/thor_boom_s_00016"},{"time":0.7667,"name":"boom_s/thor_boom_s_00018"},{"time":0.8,"name":"boom_s/thor_boom_s_00020"},{"time":0.8333,"name":"boom_s/thor_boom_s_00022"},{"time":0.8667,"name":"boom_s/thor_boom_s_00024"},{"time":0.9,"name":"boom_s/thor_boom_s_00026"},{"time":0.9333,"name":"boom_s/thor_boom_s_00028"},{"time":0.9667,"name":"boom_s/thor_boom_s_00030"},{"time":1,"name":"boom_s/thor_boom_s_00032"},{"time":1.0333,"name":"boom_s/thor_boom_s_00034"},{"time":1.0667,"name":"boom_s/thor_boom_s_00036"},{"time":1.1,"name":"boom_s/thor_boom_s_00038"},{"time":1.1333,"name":"boom_s/thor_boom_s_00040"},{"time":1.1667,"name":"boom_s/thor_boom_s_00042"},{"time":1.2,"name":"boom_s/thor_boom_s_00044"},{"time":1.2333,"name":"boom_s/thor_boom_s_00046"},{"time":1.2667,"name":"boom_s/thor_boom_s_00048"},{"time":1.3,"name":null}]}},"bones":{"boom_s":{"translate":[{"x":5.63,"y":5.34}]},"thor_anina_icon_1":{"scale":[{"curve":0.398,"c3":0.402,"c4":0.55},{"time":1.3333,"x":1.4,"y":1.4,"curve":0.25,"c3":0.75},{"time":1.5}]},"thor_anina_icon_2":{"translate":[{},{"time":0.6667,"x":1.52,"y":-1.81},{"time":1.3333,"x":0.05,"y":-1.81,"curve":0.191,"c2":0.1,"c3":0.75},{"time":1.5}]},"bone":{"translate":[{"curve":0.25,"c3":0.75},{"time":0.6667,"x":-13.09,"curve":0.25,"c3":0.75},{"time":1.3333,"x":13.05},{"time":1.5}]}}}}},[0]]],0,0,[0],[-1],[0]]
