[1,["dc22b6ff-cdff-4556-846b-603d9e987c6e@6c48a"],0,[["sp.SkeletonData",["_name","_atlasText","textureNames","_skeletonJson","textures"],-1,3]],[[0,0,1,2,3,4,5]],[[0,"hit_pifu5","\r\nhit_pifu5.png\r\nsize: 512,256\r\nformat: RGBA8888\r\nfilter: Linear,Linear\r\nrepeat: none\r\n1\r\n  rotate: false\r\n  xy: 187, 110\r\n  size: 112, 143\r\n  orig: 112, 143\r\n  offset: 0, 0\r\n  index: -1\r\n2\r\n  rotate: false\r\n  xy: 301, 135\r\n  size: 117, 118\r\n  orig: 117, 118\r\n  offset: 0, 0\r\n  index: -1\r\n3\r\n  rotate: true\r\n  xy: 187, 2\r\n  size: 106, 117\r\n  orig: 106, 117\r\n  offset: 0, 0\r\n  index: -1\r\n4\r\n  rotate: false\r\n  xy: 306, 16\r\n  size: 103, 117\r\n  orig: 103, 117\r\n  offset: 0, 0\r\n  index: -1\r\nguang\r\n  rotate: false\r\n  xy: 420, 231\r\n  size: 22, 22\r\n  orig: 22, 22\r\n  offset: 0, 0\r\n  index: -1\r\nhit_pifu5_1\r\n  rotate: false\r\n  xy: 2, 65\r\n  size: 183, 188\r\n  orig: 190, 190\r\n  offset: 7, 2\r\n  index: -1\r\n",["hit_pifu5.png"],{"skeleton":{"hash":"b8zwnt0Du+XH2hiVbPiKOb3Ug1I","spine":"2.1.27","width":262.61,"height":190,"images":""},"bones":[{"name":"gen1"},{"name":"a1","parent":"gen1"},{"name":"a2","parent":"gen1"},{"name":"guang1","parent":"gen1","x":145.78,"y":1.66},{"name":"guang2","parent":"gen1","x":155.53,"y":-6.86},{"name":"guang3","parent":"gen1","x":155.53,"y":-6.86},{"name":"guang4","parent":"gen1","x":155.53,"y":-6.86},{"name":"guang5","parent":"gen1","x":155.53,"y":-6.86},{"name":"guang6","parent":"gen1","x":155.53,"y":-6.86},{"name":"guang7","parent":"gen1","x":155.53,"y":-6.86},{"name":"guang8","parent":"gen1","x":155.53,"y":-6.86},{"name":"wang","parent":"a1"},{"name":"wang2","parent":"a2"},{"name":"xin","parent":"a1"},{"name":"xin2","parent":"a2"}],"slots":[{"name":"guang","bone":"guang1","attachment":"guang"},{"name":"guang2","bone":"guang2","attachment":"guang"},{"name":"guang3","bone":"guang3","attachment":"guang"},{"name":"guang4","bone":"guang4","attachment":"guang"},{"name":"guang5","bone":"guang5","attachment":"guang"},{"name":"guang6","bone":"guang6","attachment":"guang"},{"name":"guang7","bone":"guang7","attachment":"guang"},{"name":"guang8","bone":"guang8","attachment":"guang"},{"name":"hit_pifu5_1","bone":"wang","attachment":"hit_pifu5_1"},{"name":"hit_pifu5_3","bone":"wang2","attachment":"hit_pifu5_1"},{"name":"hit_pifu5_2","bone":"wang","attachment":"hit_pifu5_1","blend":"additive"},{"name":"hit_pifu5_4","bone":"wang2","attachment":"hit_pifu5_1","blend":"additive"},{"name":"1","bone":"xin","attachment":"1","blend":"additive"},{"name":"2","bone":"xin2","attachment":"1","blend":"additive"}],"skins":{"default":{"1":{"1":{"x":0.49,"y":7.85,"width":112,"height":143},"2":{"x":-3.43,"y":5.4,"width":117,"height":118},"3":{"x":4.4,"y":-1.47,"width":106,"height":117},"4":{"x":8.18,"y":-4.02,"width":103,"height":117}},"2":{"1":{"x":0.49,"y":7.85,"width":112,"height":143},"2":{"x":-3.43,"y":5.4,"width":117,"height":118},"3":{"x":4.4,"y":-1.47,"width":106,"height":117},"4":{"x":8.18,"y":-4.02,"width":103,"height":117}},"guang":{"guang":{"width":22,"height":22}},"guang2":{"guang":{"width":22,"height":22}},"guang3":{"guang":{"width":22,"height":22}},"guang4":{"guang":{"width":22,"height":22}},"guang5":{"guang":{"width":22,"height":22}},"guang6":{"guang":{"width":22,"height":22}},"guang7":{"guang":{"width":22,"height":22}},"guang8":{"guang":{"width":22,"height":22}},"hit_pifu5_1":{"hit_pifu5_1":{"x":-1.08,"y":1.44,"width":190,"height":190}},"hit_pifu5_2":{"hit_pifu5_1":{"x":-1.08,"y":1.44,"width":190,"height":190}},"hit_pifu5_3":{"hit_pifu5_1":{"x":-1.08,"y":1.44,"width":190,"height":190}},"hit_pifu5_4":{"hit_pifu5_1":{"x":-1.08,"y":1.44,"width":190,"height":190}}}},"animations":{"jibie1":{"slots":{"1":{"attachment":[{"time":0,"name":"1"},{"time":0.2,"name":"2"},{"time":0.3,"name":"3"},{"time":0.4,"name":"1"},{"time":0.5,"name":"4"}],"color":[{"time":0,"color":"ffffff00"},{"time":0.1333,"color":"ffffffff","curve":"stepped"},{"time":0.2666,"color":"ffffffff"},{"time":0.6666,"color":"ffffff00"}]},"2":{"attachment":[{"time":0,"name":"1"},{"time":0.1333,"name":"1"},{"time":0.3333,"name":"2"},{"time":0.4333,"name":"3"},{"time":0.4666,"name":"3"},{"time":0.5333,"name":"1"},{"time":0.5666,"name":"1"},{"time":0.6333,"name":"4"}],"color":[{"time":0,"color":"ffffff00","curve":"stepped"},{"time":0.1333,"color":"ffffff00"},{"time":0.2666,"color":"ffffffff","curve":"stepped"},{"time":0.4,"color":"ffffffff"},{"time":0.8,"color":"ffffff00"}]},"guang4":{"attachment":[{"time":0,"name":"guang"}]},"guang5":{"attachment":[{"time":0,"name":"guang"}]},"guang6":{"attachment":[{"time":0,"name":"guang"}]},"hit_pifu5_1":{"color":[{"time":0,"color":"ffffff00"},{"time":0.1666,"color":"ffffffff","curve":"stepped"},{"time":0.3333,"color":"ffffffff"},{"time":0.6666,"color":"ffffff00"}]},"hit_pifu5_2":{"color":[{"time":0,"color":"ffffff00","curve":"stepped"},{"time":0.1,"color":"ffffff00"},{"time":0.2666,"color":"ffffffff"},{"time":0.6333,"color":"ffffff00","curve":"stepped"},{"time":0.6666,"color":"ffffff00"}]},"hit_pifu5_3":{"color":[{"time":0,"color":"ffffff00","curve":"stepped"},{"time":0.1333,"color":"ffffff00"},{"time":0.3,"color":"ffffffff","curve":"stepped"},{"time":0.4666,"color":"ffffffff"},{"time":0.8,"color":"ffffff00"}]},"hit_pifu5_4":{"color":[{"time":0,"color":"ffffff00","curve":"stepped"},{"time":0.1333,"color":"ffffff00","curve":"stepped"},{"time":0.2333,"color":"ffffff00"},{"time":0.4,"color":"ffffffff"},{"time":0.7666,"color":"ffffff00","curve":"stepped"},{"time":0.8,"color":"ffffff00"}]}},"bones":{"gen1":{"rotate":[{"time":0,"angle":0}],"translate":[{"time":0,"x":0,"y":0}],"scale":[{"time":0,"x":1,"y":1}]},"guang1":{"rotate":[{"time":0,"angle":0}],"translate":[{"time":0,"x":-145.78,"y":-1.66},{"time":0.5,"x":10.82,"y":-41.36}],"scale":[{"time":0,"x":0,"y":0},{"time":0.0333,"x":4.774,"y":4.774},{"time":0.1333,"x":1.067,"y":1.067},{"time":0.5,"x":0,"y":0}]},"a1":{"rotate":[{"time":0,"angle":0}],"translate":[{"time":0,"x":-41.66,"y":4.08}],"scale":[{"time":0,"x":1,"y":1}]},"guang2":{"rotate":[{"time":0,"angle":0,"curve":"stepped"},{"time":0.0666,"angle":0}],"translate":[{"time":0,"x":-145.78,"y":-1.66,"curve":"stepped"},{"time":0.0666,"x":-145.78,"y":-1.66},{"time":0.2666,"x":-221.56,"y":-32.61},{"time":0.5666,"x":-250.71,"y":-44.52}],"scale":[{"time":0,"x":0,"y":0,"curve":"stepped"},{"time":0.0666,"x":0,"y":0},{"time":0.1666,"x":3.049,"y":3.049},{"time":0.3666,"x":1.067,"y":1.067},{"time":0.5666,"x":0,"y":0}]},"guang3":{"rotate":[{"time":0,"angle":0,"curve":"stepped"},{"time":0.0666,"angle":0}],"translate":[{"time":0,"x":-145.78,"y":-1.66,"curve":"stepped"},{"time":0.0666,"x":-145.78,"y":-1.66},{"time":0.2,"x":-123.43,"y":-65.94},{"time":0.5,"x":-112.26,"y":-98.08}],"scale":[{"time":0,"x":0,"y":0,"curve":"stepped"},{"time":0.0666,"x":0,"y":0},{"time":0.1,"x":3.147,"y":3.147},{"time":0.2333,"x":1.067,"y":1.067},{"time":0.5,"x":0,"y":0}]},"guang4":{"rotate":[{"time":0,"angle":0}],"translate":[{"time":0,"x":-194.42,"y":21.99},{"time":0.4666,"x":-201.39,"y":122.55}],"scale":[{"time":0,"x":0,"y":0},{"time":0.0333,"x":3.667,"y":3.667},{"time":0.1333,"x":1.067,"y":1.067},{"time":0.4666,"x":0,"y":0}]},"guang5":{"rotate":[{"time":0,"angle":0,"curve":"stepped"},{"time":0.0666,"angle":0}],"translate":[{"time":0,"x":-145.78,"y":-1.66},{"time":0.0666,"x":-97.13,"y":-9.55},{"time":0.5666,"x":-13.95,"y":-63.71}],"scale":[{"time":0,"x":0,"y":0,"curve":"stepped"},{"time":0.0666,"x":0,"y":0},{"time":0.1666,"x":4.497,"y":4.497},{"time":0.2666,"x":1.067,"y":1.067},{"time":0.5666,"x":0,"y":0}]},"guang6":{"rotate":[{"time":0,"angle":0}],"translate":[{"time":0,"x":-145.78,"y":-1.66},{"time":0.1333,"x":-226.2,"y":29.12},{"time":0.4333,"x":-266.41,"y":44.52}],"scale":[{"time":0,"x":0,"y":0},{"time":0.0666,"x":4.318,"y":4.318},{"time":0.1666,"x":1.067,"y":1.067},{"time":0.4333,"x":0,"y":0}]},"wang":{"rotate":[{"time":0,"angle":0,"curve":"stepped"},{"time":0.2666,"angle":0,"curve":"stepped"},{"time":0.6666,"angle":0}],"translate":[{"time":0,"x":0,"y":0,"curve":"stepped"},{"time":0.2666,"x":0,"y":0,"curve":"stepped"},{"time":0.6666,"x":0,"y":0}],"scale":[{"time":0,"x":0.9,"y":0.9},{"time":0.2666,"x":0.98,"y":0.98},{"time":0.6666,"x":1.011,"y":1.011}]},"xin":{"rotate":[{"time":0,"angle":0},{"time":0.6666,"angle":-36.82}],"translate":[{"time":0,"x":0,"y":0}],"scale":[{"time":0,"x":1,"y":1},{"time":0.1666,"x":1.605,"y":1.605},{"time":0.4,"x":1.517,"y":1.517},{"time":0.6333,"x":1.206,"y":1.206}]},"wang2":{"rotate":[{"time":0,"angle":0,"curve":"stepped"},{"time":0.1333,"angle":0,"curve":"stepped"},{"time":0.4,"angle":0,"curve":"stepped"},{"time":0.8,"angle":0}],"translate":[{"time":0,"x":0,"y":0,"curve":"stepped"},{"time":0.1333,"x":0,"y":0,"curve":"stepped"},{"time":0.4,"x":0,"y":0,"curve":"stepped"},{"time":0.8,"x":0,"y":0}],"scale":[{"time":0,"x":0.9,"y":0.9,"curve":"stepped"},{"time":0.1333,"x":0.9,"y":0.9},{"time":0.4,"x":0.98,"y":0.98},{"time":0.8,"x":1.011,"y":1.011}]},"xin2":{"rotate":[{"time":0,"angle":0,"curve":"stepped"},{"time":0.1333,"angle":0},{"time":0.8,"angle":-36.82}],"translate":[{"time":0,"x":0,"y":0,"curve":"stepped"},{"time":0.1333,"x":0,"y":0}],"scale":[{"time":0,"x":1,"y":1,"curve":"stepped"},{"time":0.1333,"x":1,"y":1},{"time":0.3,"x":1.605,"y":1.605},{"time":0.5333,"x":1.517,"y":1.517},{"time":0.7666,"x":1.206,"y":1.206}]},"a2":{"translate":[{"time":0,"x":51.7,"y":-7.13}]},"guang7":{"rotate":[{"time":0,"angle":0,"curve":"stepped"},{"time":0.1,"angle":0}],"translate":[{"time":0,"x":-99.76,"y":-10.86,"curve":"stepped"},{"time":0.1,"x":-99.76,"y":-10.86},{"time":0.5666,"x":-10.75,"y":58.12}],"scale":[{"time":0,"x":0,"y":0,"curve":"stepped"},{"time":0.1,"x":0,"y":0},{"time":0.1333,"x":3.667,"y":3.667},{"time":0.2333,"x":1.067,"y":1.067},{"time":0.5666,"x":0,"y":0}]},"guang8":{"rotate":[{"time":0,"angle":0,"curve":"stepped"},{"time":0.2333,"angle":0}],"translate":[{"time":0,"x":-106.33,"y":-24.01,"curve":"stepped"},{"time":0.2333,"x":-106.33,"y":-24.01},{"time":0.7,"x":-118.56,"y":-118.04}],"scale":[{"time":0,"x":0,"y":0,"curve":"stepped"},{"time":0.2333,"x":0,"y":0},{"time":0.2666,"x":3.667,"y":3.667},{"time":0.3666,"x":1.067,"y":1.067},{"time":0.7,"x":0,"y":0}]}}},"jibie2":{"slots":{"guang6":{"attachment":[{"time":0,"name":null}]}},"bones":{"gen1":{"rotate":[{"time":0,"angle":0}],"translate":[{"time":0,"x":0,"y":0}],"scale":[{"time":0,"x":1,"y":1}]},"guang1":{"rotate":[{"time":0,"angle":0}],"translate":[{"time":0,"x":-145.78,"y":-1.66},{"time":0.1666,"x":-73.8,"y":20.07},{"time":0.5,"x":-37.82,"y":30.94}],"scale":[{"time":0,"x":0,"y":0},{"time":0.0333,"x":4.774,"y":4.774},{"time":0.1333,"x":1.067,"y":1.067},{"time":0.5,"x":0,"y":0}]},"a1":{"rotate":[{"time":0,"angle":0}],"translate":[{"time":0,"x":0,"y":0}],"scale":[{"time":0,"x":1,"y":1}]},"guang2":{"rotate":[{"time":0,"angle":0,"curve":"stepped"},{"time":0.0666,"angle":0}],"translate":[{"time":0,"x":-145.78,"y":-1.66,"curve":"stepped"},{"time":0.0666,"x":-145.78,"y":-1.66},{"time":0.2666,"x":-221.56,"y":-32.61},{"time":0.5666,"x":-250.71,"y":-44.52}],"scale":[{"time":0,"x":0,"y":0,"curve":"stepped"},{"time":0.0666,"x":0,"y":0},{"time":0.1666,"x":3.049,"y":3.049},{"time":0.3666,"x":1.067,"y":1.067},{"time":0.5666,"x":0,"y":0}]},"guang3":{"rotate":[{"time":0,"angle":0,"curve":"stepped"},{"time":0.0666,"angle":0}],"translate":[{"time":0,"x":-145.78,"y":-1.66,"curve":"stepped"},{"time":0.0666,"x":-145.78,"y":-1.66},{"time":0.2,"x":-123.43,"y":-65.94},{"time":0.5,"x":-112.26,"y":-98.08}],"scale":[{"time":0,"x":0,"y":0,"curve":"stepped"},{"time":0.0666,"x":0,"y":0},{"time":0.1,"x":3.147,"y":3.147},{"time":0.2333,"x":1.067,"y":1.067},{"time":0.5,"x":0,"y":0}]},"guang4":{"rotate":[{"time":0,"angle":0}],"translate":[{"time":0,"x":-145.78,"y":-1.66},{"time":0.1,"x":-171.54,"y":73.4},{"time":0.3666,"x":-182.99,"y":106.77}],"scale":[{"time":0,"x":0,"y":0},{"time":0.0333,"x":3.667,"y":3.667},{"time":0.1333,"x":1.067,"y":1.067},{"time":0.3666,"x":0,"y":0}]},"guang5":{"rotate":[{"time":0,"angle":0,"curve":"stepped"},{"time":0.0666,"angle":0}],"translate":[{"time":0,"x":-145.78,"y":-1.66,"curve":"stepped"},{"time":0.0666,"x":-145.78,"y":-1.66},{"time":0.5666,"x":-24.47,"y":-16.38}],"scale":[{"time":0,"x":0,"y":0,"curve":"stepped"},{"time":0.0666,"x":0,"y":0},{"time":0.1666,"x":4.497,"y":4.497},{"time":0.2666,"x":1.067,"y":1.067},{"time":0.5666,"x":0,"y":0}]},"guang6":{"rotate":[{"time":0,"angle":0}],"translate":[{"time":0,"x":-145.78,"y":-1.66},{"time":0.1333,"x":-226.2,"y":29.12},{"time":0.4333,"x":-266.41,"y":44.52}],"scale":[{"time":0,"x":0,"y":0},{"time":0.0666,"x":4.318,"y":4.318},{"time":0.1666,"x":1.067,"y":1.067},{"time":0.4333,"x":0,"y":0}]}}},"jibie3":{"bones":{"gen1":{"rotate":[{"time":0,"angle":0}],"translate":[{"time":0,"x":0,"y":0}],"scale":[{"time":0,"x":1,"y":1}]},"guang1":{"rotate":[{"time":0,"angle":0}],"translate":[{"time":0,"x":-145.78,"y":-1.66},{"time":0.1666,"x":-60.76,"y":25.66},{"time":0.5,"x":-24.77,"y":43.99}],"scale":[{"time":0,"x":0,"y":0},{"time":0.0333,"x":4.774,"y":4.774},{"time":0.1666,"x":1.067,"y":1.067},{"time":0.5,"x":0,"y":0}]},"a1":{"rotate":[{"time":0,"angle":0}],"translate":[{"time":0,"x":0,"y":0}],"scale":[{"time":0,"x":1,"y":1}]},"guang2":{"rotate":[{"time":0,"angle":0,"curve":"stepped"},{"time":0.0666,"angle":0}],"translate":[{"time":0,"x":-145.78,"y":-1.66,"curve":"stepped"},{"time":0.0666,"x":-145.78,"y":-1.66},{"time":0.2666,"x":-221.56,"y":-32.61},{"time":0.5666,"x":-250.71,"y":-44.52}],"scale":[{"time":0,"x":0,"y":0,"curve":"stepped"},{"time":0.0666,"x":0,"y":0},{"time":0.1666,"x":4.864,"y":4.864},{"time":0.3666,"x":1.067,"y":1.067},{"time":0.5666,"x":0,"y":0}]},"guang3":{"rotate":[{"time":0,"angle":0,"curve":"stepped"},{"time":0.0666,"angle":0}],"translate":[{"time":0,"x":-145.78,"y":-1.66,"curve":"stepped"},{"time":0.0666,"x":-145.78,"y":-1.66},{"time":0.2,"x":-123.43,"y":-65.94},{"time":0.5,"x":-112.26,"y":-98.08}],"scale":[{"time":0,"x":0,"y":0,"curve":"stepped"},{"time":0.0666,"x":0,"y":0},{"time":0.1,"x":3.147,"y":3.147},{"time":0.2333,"x":1.067,"y":1.067},{"time":0.5,"x":0,"y":0}]},"guang4":{"rotate":[{"time":0,"angle":0}],"translate":[{"time":0,"x":-145.78,"y":-1.66},{"time":0.1,"x":-171.54,"y":73.4},{"time":0.3666,"x":-182.99,"y":106.77}],"scale":[{"time":0,"x":0,"y":0},{"time":0.0333,"x":4.973,"y":4.973},{"time":0.1333,"x":1.067,"y":1.067},{"time":0.3666,"x":0,"y":0}]},"guang5":{"rotate":[{"time":0,"angle":0,"curve":"stepped"},{"time":0.0666,"angle":0}],"translate":[{"time":0,"x":-145.78,"y":-1.66,"curve":"stepped"},{"time":0.0666,"x":-145.78,"y":-1.66},{"time":0.5666,"x":-24.47,"y":-16.38}],"scale":[{"time":0,"x":0,"y":0,"curve":"stepped"},{"time":0.0666,"x":0,"y":0},{"time":0.1666,"x":4.497,"y":4.497},{"time":0.2666,"x":1.067,"y":1.067},{"time":0.5666,"x":0,"y":0}]},"guang6":{"rotate":[{"time":0,"angle":0}],"translate":[{"time":0,"x":-145.78,"y":-1.66},{"time":0.1333,"x":-226.2,"y":29.12},{"time":0.4333,"x":-288.77,"y":55.7}],"scale":[{"time":0,"x":0,"y":0},{"time":0.0666,"x":5.123,"y":5.123},{"time":0.1666,"x":2.297,"y":2.297},{"time":0.4333,"x":0,"y":0}]}}}}},[0]]],0,0,[0],[-1],[0]]
