[1,["db876d91-0f22-40b4-93c0-b042b581b753@f9941","db876d91-0f22-40b4-93c0-b042b581b753@6c48a"],["spriteFrame","_textureSource"],["cc.SpriteFrame",["cc.BitmapFont",["_name","fontSize","fntConfig"],0]],[[1,0,1,2,4]],[[[[0,"countime",32,{"commonHeight":32,"fontSize":32,"atlasName":"countime.png","fontDefDictionary":{"48":{"xOffset":0,"yOffset":0,"xAdvance":33,"rect":{"x":0,"y":0,"width":33,"height":48}},"49":{"xOffset":0,"yOffset":0,"xAdvance":33,"rect":{"x":34,"y":0,"width":33,"height":48}},"50":{"xOffset":0,"yOffset":0,"xAdvance":33,"rect":{"x":68,"y":0,"width":33,"height":48}},"51":{"xOffset":0,"yOffset":0,"xAdvance":33,"rect":{"x":102,"y":0,"width":33,"height":48}},"52":{"xOffset":0,"yOffset":0,"xAdvance":33,"rect":{"x":136,"y":0,"width":33,"height":48}},"53":{"xOffset":0,"yOffset":0,"xAdvance":33,"rect":{"x":170,"y":0,"width":33,"height":48}},"54":{"xOffset":0,"yOffset":0,"xAdvance":33,"rect":{"x":204,"y":0,"width":33,"height":48}},"55":{"xOffset":0,"yOffset":0,"xAdvance":33,"rect":{"x":238,"y":0,"width":33,"height":48}},"56":{"xOffset":0,"yOffset":0,"xAdvance":33,"rect":{"x":272,"y":0,"width":33,"height":48}},"57":{"xOffset":0,"yOffset":0,"xAdvance":33,"rect":{"x":306,"y":0,"width":33,"height":48}}},"kerningDict":{}}]],0,0,[0],[0],[0]],[[{"name":"countime","rect":{"x":2,"y":2,"width":335,"height":44},"offset":{"x":-5.5,"y":1},"originalSize":{"width":350,"height":50},"rotated":false,"capInsets":[0,0,0,0],"vertices":{"rawPosition":[-167.5,-22,0,167.5,-22,0,-167.5,22,0,167.5,22,0],"indexes":[0,1,2,2,1,3],"uv":[2,48,337,48,2,4,337,4],"nuv":[0.005714285714285714,0.08,0.9628571428571429,0.08,0.005714285714285714,0.96,0.9628571428571429,0.96],"minPos":{"x":-167.5,"y":-22,"z":0},"maxPos":{"x":167.5,"y":22,"z":0}},"packable":true,"pixelsToUnit":100,"pivot":{"x":0.5,"y":0.5},"meshType":0}],[0],0,[0],[1],[1]]]]
