[1,["5fd5d49f-51f9-4d5a-94fe-903f253f3ecd@6c48a","e8ddd381-3360-44ae-b30d-b8f292ec8f6f@ad322","e8ddd381-3360-44ae-b30d-b8f292ec8f6f@0da96","e8ddd381-3360-44ae-b30d-b8f292ec8f6f@09138","e8ddd381-3360-44ae-b30d-b8f292ec8f6f@5f679","e8ddd381-3360-44ae-b30d-b8f292ec8f6f@5c66b","e8ddd381-3360-44ae-b30d-b8f292ec8f6f@ff995","e8ddd381-3360-44ae-b30d-b8f292ec8f6f@fb1d1","e8ddd381-3360-44ae-b30d-b8f292ec8f6f@d8a44","e8ddd381-3360-44ae-b30d-b8f292ec8f6f@c8b5d","e8ddd381-3360-44ae-b30d-b8f292ec8f6f@2a228","e8ddd381-3360-44ae-b30d-b8f292ec8f6f@46a96","e8ddd381-3360-44ae-b30d-b8f292ec8f6f@eceb3","e8ddd381-3360-44ae-b30d-b8f292ec8f6f@ca03f","e8ddd381-3360-44ae-b30d-b8f292ec8f6f@3144d","e8ddd381-3360-44ae-b30d-b8f292ec8f6f@126bf","e8ddd381-3360-44ae-b30d-b8f292ec8f6f@2a937","e8ddd381-3360-44ae-b30d-b8f292ec8f6f@7f82f"],["_textureSource"],["cc.SpriteFrame","cc.SpriteAtlas"],0,[[[{"name":"fish23","spriteFrames":["fish23_1","e8ddd381-3360-44ae-b30d-b8f292ec8f6f@ad322","fish23_10","e8ddd381-3360-44ae-b30d-b8f292ec8f6f@0da96","fish23_11","e8ddd381-3360-44ae-b30d-b8f292ec8f6f@09138","fish23_12","e8ddd381-3360-44ae-b30d-b8f292ec8f6f@5f679","fish23_13","e8ddd381-3360-44ae-b30d-b8f292ec8f6f@5c66b","fish23_14","e8ddd381-3360-44ae-b30d-b8f292ec8f6f@ff995","fish23_15","e8ddd381-3360-44ae-b30d-b8f292ec8f6f@fb1d1","fish23_16","e8ddd381-3360-44ae-b30d-b8f292ec8f6f@d8a44","fish23_17","e8ddd381-3360-44ae-b30d-b8f292ec8f6f@c8b5d","fish23_2","e8ddd381-3360-44ae-b30d-b8f292ec8f6f@2a228","fish23_3","e8ddd381-3360-44ae-b30d-b8f292ec8f6f@46a96","fish23_4","e8ddd381-3360-44ae-b30d-b8f292ec8f6f@eceb3","fish23_5","e8ddd381-3360-44ae-b30d-b8f292ec8f6f@ca03f","fish23_6","e8ddd381-3360-44ae-b30d-b8f292ec8f6f@3144d","fish23_7","e8ddd381-3360-44ae-b30d-b8f292ec8f6f@126bf","fish23_8","e8ddd381-3360-44ae-b30d-b8f292ec8f6f@2a937","fish23_9","e8ddd381-3360-44ae-b30d-b8f292ec8f6f@7f82f"]}],[1],0,[0,0,0,0,0,0,0,0,0,0,0,0,0,0,0,0,0],[0,0,0,0,0,0,0,0,0,0,0,0,0,0,0,0,0],[1,2,3,4,5,6,7,8,9,10,11,12,13,14,15,16,17]],[[{"name":"fish23_11","rect":{"x":2,"y":220,"width":369,"height":208},"offset":{"x":25,"y":-1},"originalSize":{"width":419,"height":286},"rotated":false,"capInsets":[0,0,0,0],"vertices":{"rawPosition":[],"indexes":[],"uv":[],"nuv":[],"minPos":{"x":0,"y":0,"z":0},"maxPos":{"x":0,"y":0,"z":0}},"packable":true,"pixelsToUnit":100,"pivot":{"x":0.5,"y":0.5},"meshType":0}],[0],0,[0],[0],[0]],[[{"name":"fish23_10","rect":{"x":367,"y":616,"width":361,"height":192},"offset":{"x":25,"y":-5},"originalSize":{"width":419,"height":286},"rotated":false,"capInsets":[0,0,0,0],"vertices":{"rawPosition":[],"indexes":[],"uv":[],"nuv":[],"minPos":{"x":0,"y":0,"z":0},"maxPos":{"x":0,"y":0,"z":0}},"packable":true,"pixelsToUnit":100,"pivot":{"x":0.5,"y":0.5},"meshType":0}],[0],0,[0],[0],[0]],[[{"name":"fish23_7","rect":{"x":341,"y":1184,"width":337,"height":160},"offset":{"x":17,"y":-5},"originalSize":{"width":419,"height":286},"rotated":false,"capInsets":[0,0,0,0],"vertices":{"rawPosition":[],"indexes":[],"uv":[],"nuv":[],"minPos":{"x":0,"y":0,"z":0},"maxPos":{"x":0,"y":0,"z":0}},"packable":true,"pixelsToUnit":100,"pivot":{"x":0.5,"y":0.5},"meshType":0}],[0],0,[0],[0],[0]],[[{"name":"fish23_2","rect":{"x":2,"y":838,"width":341,"height":210},"offset":{"x":14,"y":0},"originalSize":{"width":419,"height":286},"rotated":false,"capInsets":[0,0,0,0],"vertices":{"rawPosition":[],"indexes":[],"uv":[],"nuv":[],"minPos":{"x":0,"y":0,"z":0},"maxPos":{"x":0,"y":0,"z":0}},"packable":true,"pixelsToUnit":100,"pivot":{"x":0.5,"y":0.5},"meshType":0}],[0],0,[0],[0],[0]],[[{"name":"fish23_8","rect":{"x":686,"y":1047,"width":337,"height":160},"offset":{"x":16,"y":-10},"originalSize":{"width":419,"height":286},"rotated":true,"capInsets":[0,0,0,0],"vertices":{"rawPosition":[],"indexes":[],"uv":[],"nuv":[],"minPos":{"x":0,"y":0,"z":0},"maxPos":{"x":0,"y":0,"z":0}},"packable":true,"pixelsToUnit":100,"pivot":{"x":0.5,"y":0.5},"meshType":0}],[0],0,[0],[0],[0]],[[{"name":"fish23_6","rect":{"x":2,"y":1050,"width":337,"height":166},"offset":{"x":17,"y":1},"originalSize":{"width":419,"height":286},"rotated":false,"capInsets":[0,0,0,0],"vertices":{"rawPosition":[],"indexes":[],"uv":[],"nuv":[],"minPos":{"x":0,"y":0,"z":0},"maxPos":{"x":0,"y":0,"z":0}},"packable":true,"pixelsToUnit":100,"pivot":{"x":0.5,"y":0.5},"meshType":0}],[0],0,[0],[0],[0]],[[{"name":"fish23_3","rect":{"x":353,"y":810,"width":345,"height":200},"offset":{"x":13,"y":-1},"originalSize":{"width":419,"height":286},"rotated":false,"capInsets":[0,0,0,0],"vertices":{"rawPosition":[],"indexes":[],"uv":[],"nuv":[],"minPos":{"x":0,"y":0,"z":0},"maxPos":{"x":0,"y":0,"z":0}},"packable":true,"pixelsToUnit":100,"pivot":{"x":0.5,"y":0.5},"meshType":0}],[0],0,[0],[0],[0]],[[{"name":"fish23_13","rect":{"x":375,"y":2,"width":369,"height":222},"offset":{"x":25,"y":10},"originalSize":{"width":419,"height":286},"rotated":false,"capInsets":[0,0,0,0],"vertices":{"rawPosition":[],"indexes":[],"uv":[],"nuv":[],"minPos":{"x":0,"y":0,"z":0},"maxPos":{"x":0,"y":0,"z":0}},"packable":true,"pixelsToUnit":100,"pivot":{"x":0.5,"y":0.5},"meshType":0}],[0],0,[0],[0],[0]],[[{"name":"fish23_12","rect":{"x":2,"y":2,"width":371,"height":216},"offset":{"x":24,"y":4},"originalSize":{"width":419,"height":286},"rotated":false,"capInsets":[0,0,0,0],"vertices":{"rawPosition":[],"indexes":[],"uv":[],"nuv":[],"minPos":{"x":0,"y":0,"z":0},"maxPos":{"x":0,"y":0,"z":0}},"packable":true,"pixelsToUnit":100,"pivot":{"x":0.5,"y":0.5},"meshType":0}],[0],0,[0],[0],[0]],[[{"name":"fish23_9","rect":{"x":367,"y":438,"width":363,"height":176},"offset":{"x":28,"y":-8},"originalSize":{"width":419,"height":286},"rotated":false,"capInsets":[0,0,0,0],"vertices":{"rawPosition":[],"indexes":[],"uv":[],"nuv":[],"minPos":{"x":0,"y":0,"z":0},"maxPos":{"x":0,"y":0,"z":0}},"packable":true,"pixelsToUnit":100,"pivot":{"x":0.5,"y":0.5},"meshType":0}],[0],0,[0],[0],[0]],[[{"name":"fish23_1","rect":{"x":730,"y":708,"width":337,"height":214},"offset":{"x":15,"y":2},"originalSize":{"width":419,"height":286},"rotated":true,"capInsets":[0,0,0,0],"vertices":{"rawPosition":[],"indexes":[],"uv":[],"nuv":[],"minPos":{"x":0,"y":0,"z":0},"maxPos":{"x":0,"y":0,"z":0}},"packable":true,"pixelsToUnit":100,"pivot":{"x":0.5,"y":0.5},"meshType":0}],[0],0,[0],[0],[0]],[[{"name":"fish23_17","rect":{"x":742,"y":369,"width":337,"height":214},"offset":{"x":15,"y":2},"originalSize":{"width":419,"height":286},"rotated":true,"capInsets":[0,0,0,0],"vertices":{"rawPosition":[],"indexes":[],"uv":[],"nuv":[],"minPos":{"x":0,"y":0,"z":0},"maxPos":{"x":0,"y":0,"z":0}},"packable":true,"pixelsToUnit":100,"pivot":{"x":0.5,"y":0.5},"meshType":0}],[0],0,[0],[0],[0]],[[{"name":"fish23_5","rect":{"x":345,"y":1012,"width":339,"height":170},"offset":{"x":15,"y":4},"originalSize":{"width":419,"height":286},"rotated":false,"capInsets":[0,0,0,0],"vertices":{"rawPosition":[],"indexes":[],"uv":[],"nuv":[],"minPos":{"x":0,"y":0,"z":0},"maxPos":{"x":0,"y":0,"z":0}},"packable":true,"pixelsToUnit":100,"pivot":{"x":0.5,"y":0.5},"meshType":0}],[0],0,[0],[0],[0]],[[{"name":"fish23_16","rect":{"x":373,"y":226,"width":367,"height":210},"offset":{"x":26,"y":9},"originalSize":{"width":419,"height":286},"rotated":false,"capInsets":[0,0,0,0],"vertices":{"rawPosition":[],"indexes":[],"uv":[],"nuv":[],"minPos":{"x":0,"y":0,"z":0},"maxPos":{"x":0,"y":0,"z":0}},"packable":true,"pixelsToUnit":100,"pivot":{"x":0.5,"y":0.5},"meshType":0}],[0],0,[0],[0],[0]],[[{"name":"fish23_4","rect":{"x":2,"y":646,"width":349,"height":190},"offset":{"x":11,"y":3},"originalSize":{"width":419,"height":286},"rotated":false,"capInsets":[0,0,0,0],"vertices":{"rawPosition":[],"indexes":[],"uv":[],"nuv":[],"minPos":{"x":0,"y":0,"z":0},"maxPos":{"x":0,"y":0,"z":0}},"packable":true,"pixelsToUnit":100,"pivot":{"x":0.5,"y":0.5},"meshType":0}],[0],0,[0],[0],[0]],[[{"name":"fish23_15","rect":{"x":2,"y":430,"width":363,"height":214},"offset":{"x":28,"y":12},"originalSize":{"width":419,"height":286},"rotated":false,"capInsets":[0,0,0,0],"vertices":{"rawPosition":[],"indexes":[],"uv":[],"nuv":[],"minPos":{"x":0,"y":0,"z":0},"maxPos":{"x":0,"y":0,"z":0}},"packable":true,"pixelsToUnit":100,"pivot":{"x":0.5,"y":0.5},"meshType":0}],[0],0,[0],[0],[0]],[[{"name":"fish23_14","rect":{"x":746,"y":2,"width":365,"height":220},"offset":{"x":27,"y":10},"originalSize":{"width":419,"height":286},"rotated":true,"capInsets":[0,0,0,0],"vertices":{"rawPosition":[],"indexes":[],"uv":[],"nuv":[],"minPos":{"x":0,"y":0,"z":0},"maxPos":{"x":0,"y":0,"z":0}},"packable":true,"pixelsToUnit":100,"pivot":{"x":0.5,"y":0.5},"meshType":0}],[0],0,[0],[0],[0]]]]
