[1,["74e8af50-5c59-48e6-b82b-7ad2b6ac710a@6c48a","7bb87ca5-ab3a-44e5-b047-226a8d342360","7bb87ca5-ab3a-44e5-b047-226a8d342360@b5fc8","7bb87ca5-ab3a-44e5-b047-226a8d342360@51156","7bb87ca5-ab3a-44e5-b047-226a8d342360@b3433","50f1a03f-ede3-41ee-a1a3-a64e6d8b6d16","74ebb249-a283-4bb1-a82b-6f1290bda615","63d4ec21-7193-4b1e-8a5e-4b9e7ab67ecc@6c48a","63d4ec21-7193-4b1e-8a5e-4b9e7ab67ecc@f9941","7bb87ca5-ab3a-44e5-b047-226a8d342360@72a08","7bb87ca5-ab3a-44e5-b047-226a8d342360@d57aa","7bb87ca5-ab3a-44e5-b047-226a8d342360@3f3ed","7bb87ca5-ab3a-44e5-b047-226a8d342360@80fa3","7bb87ca5-ab3a-44e5-b047-226a8d342360@b2b6a","7bb87ca5-ab3a-44e5-b047-226a8d342360@70716","7bb87ca5-ab3a-44e5-b047-226a8d342360@198a0","7bb87ca5-ab3a-44e5-b047-226a8d342360@860ff","7bb87ca5-ab3a-44e5-b047-226a8d342360@4c9c5","7bb87ca5-ab3a-44e5-b047-226a8d342360@8b88a","7bb87ca5-ab3a-44e5-b047-226a8d342360@c2003","7bb87ca5-ab3a-44e5-b047-226a8d342360@40c25","7bb87ca5-ab3a-44e5-b047-226a8d342360@c5be2","7bb87ca5-ab3a-44e5-b047-226a8d342360@893a7","7bb87ca5-ab3a-44e5-b047-226a8d342360@e03ca","7bb87ca5-ab3a-44e5-b047-226a8d342360@f8e4d"],["_textureSource","node","_spriteFrame","_atlas","_font","root","data","spriteFrame"],["cc.SpriteFrame",["cc.Node",["_name","_components","_prefab","_parent","_lpos","_children","_lscale"],2,9,4,1,5,2,5],["cc.Sprite",["_sizeMode","node","__prefab","_spriteFrame","_atlas"],2,1,4,6,6],"cc.SpriteAtlas",["cc.Prefab",["_name"],2],["cc.UITransform",["node","__prefab","_contentSize"],3,1,4,5],["cc.CompPrefabInfo",["fileId"],2],["cc.Widget",["_alignFlags","_originalWidth","_originalHeight","node","__prefab"],0,1,4],["cc.PrefabInfo",["fileId","instance","targetOverrides","nestedPrefabInstanceRoots","root","asset"],-1,1,1],["cc.Label",["_string","_actualFontSize","_fontSize","_lineHeight","_isSystemFontUsed","node","__prefab","_font"],-2,1,4,6],["cc.BitmapFont",["_name","fontSize","fntConfig"],0]],[[6,0,2],[5,0,1,2,1],[8,0,1,2,3,4,5,5],[1,0,3,1,2,4,2],[2,1,2,3,4,1],[9,0,1,2,3,4,5,6,7,6],[4,0,2],[1,0,5,1,2,2],[1,0,3,1,2,2],[1,0,3,1,2,4,6,2],[7,0,1,2,3,4,4],[2,0,1,2,2],[10,0,1,2,4]],[[[[6,"prefabs_fish_rotation"],[7,"prefabs_fish_rotation",[-5,-6,-7,-8,-9,-10],[[1,-2,[0,"95G9Q2rrxOf531huoVR2hh"],[5,1334,750]],[10,45,1600,800,-3,[0,"09P+eN75xLGqBLnusjt6/S"]],[11,0,-4,[0,"5az9iYCoBAibXzXlTF5LLD"]]],[2,"c46/YsCPVOJYA4mWEpNYRx",null,null,null,-1,0]],[8,"img_bk",1,[[1,-11,[0,"092ORQ625Am6DDoCpS/f+o"],[5,265,266]],[4,-12,[0,"69Gl11TH1PBbj60cDFh8Ov"],0,1]],[2,"a15KpDTCVO9YPW+9X83k16",null,null,null,1,0]],[3,"spr_fish",1,[[1,-13,[0,"62+4nCK/1G2LLc+44Dd1Dn"],[5,215,197]],[4,-14,[0,"47CMkV9YdNqoYLm/vsG6cd"],2,3]],[2,"366derYglDtrGz4zSFhC8L",null,null,null,1,0],[1,-12,67,0]],[3,"img_dai_0",1,[[1,-15,[0,"d8a8iShflJ+IvHvkUh8EYG"],[5,103,49]],[4,-16,[0,"599gV9reVGeKN/yURp4oOu"],4,5]],[2,"dd0SMYZX1CG65E+C4UF5t5",null,null,null,1,0],[1,-50,-76,0]],[9,"img_dai_1",1,[[1,-17,[0,"1ayFSQaoBL25A02Q5PEyQT"],[5,103,49]],[4,-18,[0,"8e5oblRsxITJkzmpO0Sqgj"],6,7]],[2,"4eFTwqFolDn6f1qx1Srq/x",null,null,null,1,0],[1,52,-76,0],[1,-1,1,1]],[3,"fnt_beishu",1,[[1,-19,[0,"6epxSHSXlLBadd0m7jEDej"],[5,69,20]],[5,"x50",24,24,20,false,-20,[0,"d5am2KegFPoYd9wWIWknOj"],8]],[2,"ddUo2xLIdHzLNSatd/+v2t",null,null,null,1,0],[1,4,-18,0]],[3,"fnt_score",1,[[1,-21,[0,"84CTWnXgtDBKMJyEN8VTzf"],[5,71.25,20]],[5,"100000",20,20,20,false,-22,[0,"8d/9jiJlhO3aXmmXIinyUN"],9]],[2,"63RqAjOmtCjrmg6f+owWfP",null,null,null,1,0],[1,4,-63,0]]],0,[0,5,1,0,1,1,0,1,1,0,1,1,0,-1,2,0,-2,3,0,-3,4,0,-4,5,0,-5,6,0,-6,7,0,1,2,0,1,2,0,1,3,0,1,3,0,1,4,0,1,4,0,1,5,0,1,5,0,1,6,0,1,6,0,1,7,0,1,7,0,6,1,22],[0,0,0,0,0,0,0,0,0,0],[2,3,2,3,2,3,2,3,4,4],[3,1,4,1,2,1,2,1,5,6]],[[{"name":"zhuanpanft1","rect":{"x":0,"y":5,"width":219,"height":37},"offset":{"x":-5.5,"y":-1.5},"originalSize":{"width":230,"height":44},"rotated":false,"capInsets":[0,0,0,0],"vertices":{"rawPosition":[-109.5,-18.5,0,109.5,-18.5,0,-109.5,18.5,0,109.5,18.5,0],"indexes":[0,1,2,2,1,3],"uv":[0,39,219,39,0,2,219,2],"nuv":[0,0.045454545454545456,0.9521739130434783,0.045454545454545456,0,0.8863636363636364,0.9521739130434783,0.8863636363636364],"minPos":{"x":-109.5,"y":-18.5,"z":0},"maxPos":{"x":109.5,"y":18.5,"z":0}},"packable":true,"pixelsToUnit":100,"pivot":{"x":0.5,"y":0.5},"meshType":0}],[0],0,[0],[0],[7]],[[[12,"zhuanpanft1",32,{"commonHeight":32,"fontSize":32,"atlasName":"zhuanpanft1.png","fontDefDictionary":{"46":{"xOffset":0,"yOffset":0,"xAdvance":10,"rect":{"x":209,"y":0,"width":10,"height":42}},"48":{"xOffset":0,"yOffset":0,"xAdvance":20,"rect":{"x":110,"y":0,"width":20,"height":42}},"49":{"xOffset":0,"yOffset":0,"xAdvance":14,"rect":{"x":194,"y":0,"width":14,"height":42}},"50":{"xOffset":0,"yOffset":0,"xAdvance":20,"rect":{"x":131,"y":0,"width":20,"height":42}},"51":{"xOffset":0,"yOffset":0,"xAdvance":21,"rect":{"x":0,"y":0,"width":21,"height":42}},"52":{"xOffset":0,"yOffset":0,"xAdvance":21,"rect":{"x":22,"y":0,"width":21,"height":42}},"53":{"xOffset":0,"yOffset":0,"xAdvance":20,"rect":{"x":152,"y":0,"width":20,"height":42}},"54":{"xOffset":0,"yOffset":0,"xAdvance":21,"rect":{"x":44,"y":0,"width":21,"height":42}},"55":{"xOffset":0,"yOffset":0,"xAdvance":20,"rect":{"x":173,"y":0,"width":20,"height":42}},"56":{"xOffset":0,"yOffset":0,"xAdvance":21,"rect":{"x":66,"y":0,"width":21,"height":42}},"57":{"xOffset":0,"yOffset":0,"xAdvance":21,"rect":{"x":88,"y":0,"width":21,"height":42}}},"kerningDict":{}}]],0,0,[0],[7],[8]],[[{"name":"bigfish","spriteFrames":["dy_fish13","7bb87ca5-ab3a-44e5-b047-226a8d342360@72a08","dy_fish14","7bb87ca5-ab3a-44e5-b047-226a8d342360@d57aa","dy_fish15","7bb87ca5-ab3a-44e5-b047-226a8d342360@3f3ed","dy_fish16","7bb87ca5-ab3a-44e5-b047-226a8d342360@80fa3","dy_fish17","7bb87ca5-ab3a-44e5-b047-226a8d342360@b2b6a","dy_fish18","7bb87ca5-ab3a-44e5-b047-226a8d342360@70716","dy_fish19","7bb87ca5-ab3a-44e5-b047-226a8d342360@198a0","dy_fish20","7bb87ca5-ab3a-44e5-b047-226a8d342360@860ff","dy_fish21","7bb87ca5-ab3a-44e5-b047-226a8d342360@4c9c5","dy_fish24","7bb87ca5-ab3a-44e5-b047-226a8d342360@b3433","dy_zh1","7bb87ca5-ab3a-44e5-b047-226a8d342360@51156","dy_zh2","7bb87ca5-ab3a-44e5-b047-226a8d342360@8b88a","dy_zh3","7bb87ca5-ab3a-44e5-b047-226a8d342360@c2003","dy_zh4","7bb87ca5-ab3a-44e5-b047-226a8d342360@40c25","dy_zh5","7bb87ca5-ab3a-44e5-b047-226a8d342360@c5be2","dy_zh6","7bb87ca5-ab3a-44e5-b047-226a8d342360@893a7","dy_zh7","7bb87ca5-ab3a-44e5-b047-226a8d342360@e03ca","dy_zh8","7bb87ca5-ab3a-44e5-b047-226a8d342360@f8e4d","sidai_00","7bb87ca5-ab3a-44e5-b047-226a8d342360@b5fc8"]}],[3],0,[0,0,0,0,0,0,0,0,0,0,0,0,0,0,0,0,0,0,0],[0,0,0,0,0,0,0,0,0,0,0,0,0,0,0,0,0,0,0],[9,10,11,12,13,14,15,16,17,4,3,18,19,20,21,22,23,24,2]],[[{"name":"dy_fish19","rect":{"x":2,"y":569,"width":253,"height":179},"offset":{"x":-3,"y":26},"originalSize":{"width":283,"height":249},"rotated":false,"capInsets":[0,0,0,0],"vertices":{"rawPosition":[],"indexes":[],"uv":[],"nuv":[],"minPos":{"x":0,"y":0,"z":0},"maxPos":{"x":0,"y":0,"z":0}},"packable":true,"pixelsToUnit":100,"pivot":{"x":0.5,"y":0.5},"meshType":0}],[0],0,[0],[0],[0]],[[{"name":"dy_fish15","rect":{"x":665,"y":977,"width":201,"height":191},"offset":{"x":-11,"y":3},"originalSize":{"width":283,"height":249},"rotated":false,"capInsets":[0,0,0,0],"vertices":{"rawPosition":[],"indexes":[],"uv":[],"nuv":[],"minPos":{"x":0,"y":0,"z":0},"maxPos":{"x":0,"y":0,"z":0}},"packable":true,"pixelsToUnit":100,"pivot":{"x":0.5,"y":0.5},"meshType":0}],[0],0,[0],[0],[0]],[[{"name":"dy_zh4","rect":{"x":309,"y":2,"width":297,"height":298},"offset":{"x":-2,"y":-1},"originalSize":{"width":309,"height":304},"rotated":true,"capInsets":[0,0,0,0],"vertices":{"rawPosition":[],"indexes":[],"uv":[],"nuv":[],"minPos":{"x":0,"y":0,"z":0},"maxPos":{"x":0,"y":0,"z":0}},"packable":true,"pixelsToUnit":100,"pivot":{"x":0.5,"y":0.5},"meshType":0}],[0],0,[0],[0],[0]],[[{"name":"dy_fish21","rect":{"x":223,"y":1017,"width":205,"height":211},"offset":{"x":-27,"y":-3},"originalSize":{"width":283,"height":249},"rotated":true,"capInsets":[0,0,0,0],"vertices":{"rawPosition":[],"indexes":[],"uv":[],"nuv":[],"minPos":{"x":0,"y":0,"z":0},"maxPos":{"x":0,"y":0,"z":0}},"packable":true,"pixelsToUnit":100,"pivot":{"x":0.5,"y":0.5},"meshType":0}],[0],0,[0],[0],[0]],[[{"name":"dy_zh1","rect":{"x":309,"y":301,"width":265,"height":266},"offset":{"x":-2,"y":-1},"originalSize":{"width":309,"height":304},"rotated":true,"capInsets":[0,0,0,0],"vertices":{"rawPosition":[],"indexes":[],"uv":[],"nuv":[],"minPos":{"x":0,"y":0,"z":0},"maxPos":{"x":0,"y":0,"z":0}},"packable":true,"pixelsToUnit":100,"pivot":{"x":0.5,"y":0.5},"meshType":0}],[0],0,[0],[0],[0]],[[{"name":"dy_fish18","rect":{"x":2,"y":965,"width":219,"height":175},"offset":{"x":-16,"y":-2},"originalSize":{"width":283,"height":249},"rotated":false,"capInsets":[0,0,0,0],"vertices":{"rawPosition":[],"indexes":[],"uv":[],"nuv":[],"minPos":{"x":0,"y":0,"z":0},"maxPos":{"x":0,"y":0,"z":0}},"packable":true,"pixelsToUnit":100,"pivot":{"x":0.5,"y":0.5},"meshType":0}],[0],0,[0],[0],[0]],[[{"name":"dy_fish13","rect":{"x":838,"y":798,"width":177,"height":183},"offset":{"x":-11,"y":5},"originalSize":{"width":283,"height":249},"rotated":true,"capInsets":[0,0,0,0],"vertices":{"rawPosition":[],"indexes":[],"uv":[],"nuv":[],"minPos":{"x":0,"y":0,"z":0},"maxPos":{"x":0,"y":0,"z":0}},"packable":true,"pixelsToUnit":100,"pivot":{"x":0.5,"y":0.5},"meshType":0}],[0],0,[0],[0],[0]],[[{"name":"dy_fish16","rect":{"x":2,"y":750,"width":213,"height":221},"offset":{"x":-10,"y":-6},"originalSize":{"width":283,"height":249},"rotated":true,"capInsets":[0,0,0,0],"vertices":{"rawPosition":[],"indexes":[],"uv":[],"nuv":[],"minPos":{"x":0,"y":0,"z":0},"maxPos":{"x":0,"y":0,"z":0}},"packable":true,"pixelsToUnit":100,"pivot":{"x":0.5,"y":0.5},"meshType":0}],[0],0,[0],[0],[0]],[[{"name":"dy_fish20","rect":{"x":225,"y":822,"width":221,"height":193},"offset":{"x":-12,"y":16},"originalSize":{"width":283,"height":249},"rotated":false,"capInsets":[0,0,0,0],"vertices":{"rawPosition":[],"indexes":[],"uv":[],"nuv":[],"minPos":{"x":0,"y":0,"z":0},"maxPos":{"x":0,"y":0,"z":0}},"packable":true,"pixelsToUnit":100,"pivot":{"x":0.5,"y":0.5},"meshType":0}],[0],0,[0],[0],[0]],[[{"name":"dy_zh6","rect":{"x":2,"y":308,"width":259,"height":260},"offset":{"x":-3,"y":-1},"originalSize":{"width":309,"height":304},"rotated":true,"capInsets":[0,0,0,0],"vertices":{"rawPosition":[],"indexes":[],"uv":[],"nuv":[],"minPos":{"x":0,"y":0,"z":0},"maxPos":{"x":0,"y":0,"z":0}},"packable":true,"pixelsToUnit":100,"pivot":{"x":0.5,"y":0.5},"meshType":0}],[0],0,[0],[0],[0]],[[{"name":"dy_zh2","rect":{"x":609,"y":289,"width":277,"height":276},"offset":{"x":-3,"y":-1},"originalSize":{"width":309,"height":304},"rotated":false,"capInsets":[0,0,0,0],"vertices":{"rawPosition":[],"indexes":[],"uv":[],"nuv":[],"minPos":{"x":0,"y":0,"z":0},"maxPos":{"x":0,"y":0,"z":0}},"packable":true,"pixelsToUnit":100,"pivot":{"x":0.5,"y":0.5},"meshType":0}],[0],0,[0],[0],[0]],[[{"name":"dy_fish17","rect":{"x":2,"y":1142,"width":209,"height":197},"offset":{"x":-17,"y":14},"originalSize":{"width":283,"height":249},"rotated":false,"capInsets":[0,0,0,0],"vertices":{"rawPosition":[],"indexes":[],"uv":[],"nuv":[],"minPos":{"x":0,"y":0,"z":0},"maxPos":{"x":0,"y":0,"z":0}},"packable":true,"pixelsToUnit":100,"pivot":{"x":0.5,"y":0.5},"meshType":0}],[0],0,[0],[0],[0]],[[{"name":"dy_fish24","rect":{"x":448,"y":827,"width":215,"height":197},"offset":{"x":-28,"y":14},"originalSize":{"width":283,"height":249},"rotated":false,"capInsets":[0,0,0,0],"vertices":{"rawPosition":[],"indexes":[],"uv":[],"nuv":[],"minPos":{"x":0,"y":0,"z":0},"maxPos":{"x":0,"y":0,"z":0}},"packable":true,"pixelsToUnit":100,"pivot":{"x":0.5,"y":0.5},"meshType":0}],[0],0,[0],[0],[0]],[[{"name":"sidai_00","rect":{"x":897,"y":2,"width":103,"height":49},"offset":{"x":0,"y":0},"originalSize":{"width":103,"height":49},"rotated":false,"capInsets":[0,0,0,0],"vertices":{"rawPosition":[],"indexes":[],"uv":[],"nuv":[],"minPos":{"x":0,"y":0,"z":0},"maxPos":{"x":0,"y":0,"z":0}},"packable":true,"pixelsToUnit":100,"pivot":{"x":0.5,"y":0.5},"meshType":0}],[0],0,[0],[0],[0]],[[{"name":"dy_zh3","rect":{"x":609,"y":2,"width":285,"height":286},"offset":{"x":-2,"y":-1},"originalSize":{"width":309,"height":304},"rotated":true,"capInsets":[0,0,0,0],"vertices":{"rawPosition":[],"indexes":[],"uv":[],"nuv":[],"minPos":{"x":0,"y":0,"z":0},"maxPos":{"x":0,"y":0,"z":0}},"packable":true,"pixelsToUnit":100,"pivot":{"x":0.5,"y":0.5},"meshType":0}],[0],0,[0],[0],[0]],[[{"name":"dy_zh5","rect":{"x":2,"y":2,"width":305,"height":304},"offset":{"x":-2,"y":0},"originalSize":{"width":309,"height":304},"rotated":false,"capInsets":[0,0,0,0],"vertices":{"rawPosition":[],"indexes":[],"uv":[],"nuv":[],"minPos":{"x":0,"y":0,"z":0},"maxPos":{"x":0,"y":0,"z":0}},"packable":true,"pixelsToUnit":100,"pivot":{"x":0.5,"y":0.5},"meshType":0}],[0],0,[0],[0],[0]],[[{"name":"dy_fish14","rect":{"x":838,"y":567,"width":229,"height":183},"offset":{"x":-11,"y":14},"originalSize":{"width":283,"height":249},"rotated":true,"capInsets":[0,0,0,0],"vertices":{"rawPosition":[],"indexes":[],"uv":[],"nuv":[],"minPos":{"x":0,"y":0,"z":0},"maxPos":{"x":0,"y":0,"z":0}},"packable":true,"pixelsToUnit":100,"pivot":{"x":0.5,"y":0.5},"meshType":0}],[0],0,[0],[0],[0]],[[{"name":"dy_zh7","rect":{"x":264,"y":568,"width":253,"height":252},"offset":{"x":-3,"y":-1},"originalSize":{"width":309,"height":304},"rotated":false,"capInsets":[0,0,0,0],"vertices":{"rawPosition":[],"indexes":[],"uv":[],"nuv":[],"minPos":{"x":0,"y":0,"z":0},"maxPos":{"x":0,"y":0,"z":0}},"packable":true,"pixelsToUnit":100,"pivot":{"x":0.5,"y":0.5},"meshType":0}],[0],0,[0],[0],[0]],[[{"name":"dy_zh8","rect":{"x":577,"y":567,"width":259,"height":258},"offset":{"x":-3,"y":-1},"originalSize":{"width":309,"height":304},"rotated":false,"capInsets":[0,0,0,0],"vertices":{"rawPosition":[],"indexes":[],"uv":[],"nuv":[],"minPos":{"x":0,"y":0,"z":0},"maxPos":{"x":0,"y":0,"z":0}},"packable":true,"pixelsToUnit":100,"pivot":{"x":0.5,"y":0.5},"meshType":0}],[0],0,[0],[0],[0]]]]
