[1,["ff24b428-3713-4ad7-b8e4-dc155a577e5b@6c48a"],["_textureSource"],["cc.SpriteFrame"],0,[{"name":"btn_xz_lan","rect":{"x":0,"y":0,"width":275,"height":138},"offset":{"x":0,"y":0},"originalSize":{"width":275,"height":138},"rotated":false,"capInsets":[0,0,0,0],"vertices":{"rawPosition":[-137.5,-69,0,137.5,-69,0,-137.5,69,0,137.5,69,0],"indexes":[0,1,2,2,1,3],"uv":[0,138,275,138,0,0,275,0],"nuv":[0,0,1,0,0,1,1,1],"minPos":{"x":-137.5,"y":-69,"z":0},"maxPos":{"x":137.5,"y":69,"z":0}},"packable":true,"pixelsToUnit":100,"pivot":{"x":0.5,"y":0.5},"meshType":0}],[0],0,[0],[0],[0]]
