[1,["01ItR0ywJC1aDdv4YA43B2@6c48a"],["_textureSource"],["cc.SpriteFrame"],0,[{"name":"icon_a","rect":{"x":0,"y":0,"width":77,"height":74},"offset":{"x":0,"y":0},"originalSize":{"width":77,"height":74},"rotated":false,"capInsets":[0,0,0,0],"vertices":{"rawPosition":[-38.5,-37,0,38.5,-37,0,-38.5,37,0,38.5,37,0],"indexes":[0,1,2,2,1,3],"uv":[0,74,77,74,0,0,77,0],"nuv":[0,0,1,0,0,1,1,1],"minPos":{"x":-38.5,"y":-37,"z":0},"maxPos":{"x":38.5,"y":37,"z":0}},"packable":true,"pixelsToUnit":100,"pivot":{"x":0.5,"y":0.5},"meshType":0}],[0],0,[0],[0],[0]]
