[1,["12f43f4f5@6c48a"],["_textureSource"],["cc.SpriteFrame","cc.SpriteAtlas"],0,[[[{"name":"bg_aj_jackpotbox@2x","rect":{"x":3,"y":207,"width":256,"height":345},"offset":{"x":0,"y":0},"originalSize":{"width":256,"height":345},"rotated":false,"capInsets":[0,0,0,0],"packable":true,"pixelsToUnit":100,"pivot":{"x":0.5,"y":0.5},"meshType":0}],[0],0,[0],[0],[0]],[[{"name":"bg_aj_box@2x","rect":{"x":3,"y":3,"width":272,"height":198},"offset":{"x":0,"y":0},"originalSize":{"width":272,"height":198},"rotated":false,"capInsets":[0,0,0,0],"packable":true,"pixelsToUnit":100,"pivot":{"x":0.5,"y":0.5},"meshType":0}],[0],0,[0],[0],[0]],[[{"name":"zi_aj_mianfei_title","rect":{"x":281,"y":3,"width":676,"height":52},"offset":{"x":-1,"y":0},"originalSize":{"width":678,"height":52},"rotated":true,"capInsets":[0,0,0,0],"packable":true,"pixelsToUnit":100,"pivot":{"x":0.5,"y":0.5},"meshType":0}],[0],0,[0],[0],[0]],[[{"name":"bg_aj_mianfei_3","rect":{"x":56,"y":558,"width":350,"height":204},"offset":{"x":0,"y":0},"originalSize":{"width":350,"height":204},"rotated":true,"capInsets":[0,0,0,0],"packable":true,"pixelsToUnit":100,"pivot":{"x":0.5,"y":0.5},"meshType":0}],[0],0,[0],[0],[0]],[[{"name":"auto-atlas","spriteFrames":["bg_aj_mianfeiban","fcP8dQrf1DP7FuBPjMWGSJ@f9941","bg_aj_mianfei_zhongjiang","b9nJg/C1xAc4vpBq04aqhM@f9941","zi_aj_mianfei_youwin","19c6n73NBELKQBHTr+2h2G@f9941","zi_aj_mianfei_infreespins","b2XUKQqHVL+YaYxGv38bBy@f9941","btn_aj_mianfeijieuan_ok","e9uuX+QsRLgp7ZRg83UE1h@f9941","btn_aj_jackpotbox@2x","51mtj2+llNd66K6fwREoPK@f9941","dh_aj_lizi@2x","d8MIEZbcdK6YE3/9n9qUWL@f9941","bg_aj_jackpot_fengexian@2x","b97st6kutF8pM8Yf8d4iuj@f9941","beetle","792AyCC5FLl5plu7EnwrZo@f9941","bg_aj_jackpot@2x","cbUFVOZK1JAL0YHk3AiiVk@f9941","zi_aj_mianfei_Tishi","94w2yPTARFL43BeiMTe2KH@f9941","hasbeen","feoAGnvKREBo0+SHoW1l9I@f9941","bg_aj_box@2x","27mhN5141De7mC8v6YSU34@f9941","zi_aj_mianfei_title","43fJnW+PNMMriJW+TXrzUE@f9941","bg_aj_jackpotbox@2x","15Z7WuPyREb7l8pDm8QB9c@f9941","zi_ingold","b8v/52SIVDvZejRaep3awN@f9941","bg_aj_mianfei_3","56T8XxDexPp5ioTx4kXFqM@f9941"]}],[1],0,[],[],[]],[[{"name":"zi_ingold","rect":{"x":3,"y":558,"width":447,"height":47},"offset":{"x":0,"y":0},"originalSize":{"width":447,"height":47},"rotated":true,"capInsets":[0,0,0,0],"packable":true,"pixelsToUnit":100,"pivot":{"x":0.5,"y":0.5},"meshType":0}],[0],0,[0],[0],[0]]]]
