[1,["92TV9zMHNBUYnWqxQ8WrUV@f9941","3bkuCoI2tDz5gha0iJvP4T@f9941","3bkuCoI2tDz5gha0iJvP4T@6c48a","9bJDMzClVFK5YktMXD2XJv@f9941","f5FbxlrnJIWrDtj/oTafi8","79x+GggI1MsZYd+FDsY2AC@f9941","7acANG+h5Eq41wI+tPDZnx@f9941","79x+GggI1MsZYd+FDsY2AC@6c48a","7acANG+h5Eq41wI+tPDZnx@6c48a","92TV9zMHNBUYnWqxQ8WrUV@6c48a","9bJDMzClVFK5YktMXD2XJv@6c48a"],["node","_textureSource","_spriteFrame","root","ndOut","labLoading","progress","data","_parent","_file","_normalSprite","spriteFrame"],["cc.SpriteFrame",["cc.Node",["_name","_active","_layer","_components","_prefab","_parent","_children","_lpos"],0,9,4,1,2,5],["cc.Sprite",["_sizeMode","_type","node","__prefab","_spriteFrame"],1,1,4,6],["cc.Node",["_name","_layer","_components","_prefab","_children","_lpos","_parent"],1,12,4,2,5,1],["cc.UITransform",["node","__prefab","_contentSize","_anchorPoint"],3,1,4,5,5],["cc.PrefabInfo",["fileId","instance","nestedPrefabInstanceRoots","targetOverrides","root","asset"],-1,1,1],["cc.Widget",["_alignFlags","_bottom","_originalWidth","_originalHeight","node","__prefab"],-1,1,4],["cc.Prefab",["_name"],2],["cc.CompPrefabInfo",["fileId"],2],["3fef8obOQVJSLrIg2aQIOXN",["node","__prefab","progress","labLoading","ndOut"],3,1,4,1,1,1],["cc.Layout",["_layoutType","_horizontalDirection","node","__prefab"],1,1,4],["cc.Button",["_transition","_zoomScale","node","__prefab","clickEvents","_normalSprite"],1,1,4,9,6],["cc.ClickEvent",["_componentId","handler","target"],1,1],["cc.LabelOutline",["node","__prefab"],3,1,4],["cc.ParticleSystem2D",["_dstBlendFactor","emissionRate","life","lifeVar","angle","angleVar","startSize","startSizeVar","endSize","speed","speedVar","tangentialAccel","_totalParticles","node","__prefab","posVar","_startColor","_startColorVar","_endColor","_endColorVar","_file","_spriteFrame"],-10,1,4,5,5,5,5,5,6,6],["cc.Label",["_string","_actualFontSize","_fontSize","_lineHeight","_enableOutline","node","__prefab"],-2,1,4],["cc.ProgressBar",["_totalLength","_progress","node","__prefab","_barSprite"],1,1,4,1],["cc.ParticleAsset",["_name","_native"],1]],[[8,0,2],[5,0,1,3,2,4,5,5],[4,0,1,2,1],[6,0,2,3,4,5,4],[7,0,2],[1,0,6,3,4,2],[1,0,5,6,3,4,2],[1,0,1,5,3,4,7,3],[1,0,5,3,4,2],[1,0,2,5,3,4,3],[3,0,4,2,3,5,2],[3,0,1,6,4,2,3,5,3],[3,0,6,2,3,2],[4,0,1,2,3,1],[4,0,1,3,1],[9,0,1,2,3,4,1],[5,0,1,2,3,4,5,5],[2,1,0,2,3,4,3],[2,2,3,4,1],[2,0,2,3,4,2],[2,1,0,2,3,3],[6,0,1,4,5,3],[10,0,1,2,3,3],[11,0,1,2,3,4,5,3],[12,0,1,2,3],[13,0,1,1],[14,0,1,2,3,4,5,6,7,8,9,10,11,12,13,14,15,16,17,18,19,20,21,14],[15,0,1,2,3,4,5,6,6],[16,0,1,2,3,4,3],[17,0,1,3]],[[[{"name":"btn_off","rect":{"x":0,"y":0,"width":62,"height":62},"offset":{"x":0,"y":0},"originalSize":{"width":62,"height":62},"rotated":false,"capInsets":[0,0,0,0],"vertices":{"rawPosition":[-31,-31,0,31,-31,0,-31,31,0,31,31,0],"indexes":[0,1,2,2,1,3],"uv":[0,62,62,62,0,0,62,0],"nuv":[0,0,1,0,0,1,1,1],"minPos":{"x":-31,"y":-31,"z":0},"maxPos":{"x":31,"y":31,"z":0}},"packable":true,"pixelsToUnit":100,"pivot":{"x":0.5,"y":0.5},"meshType":0}],[0],0,[0],[1],[2]],[[[4,"prefab_fortuneTiger_loading"],[5,"prefab_fortuneTiger_loading",[-7],[[2,-2,[0,"dfCU3jTG9B6ZW9uYSnQgLW"],[5,750,1334]],[15,-6,[0,"0e8zpLz/dKBq8hKf1baBhM"],-5,-4,-3]],[16,"c46/YsCPVOJYA4mWEpNYRx",null,null,[],-1,0]],[10,"props_progressBar",[-12,-13],[[[2,-8,[0,"d4ZhR1H4VAUJEWeQ2yvtil"],[5,530,48]],[17,1,2,-9,[0,"91v4q1TeFIS6D/H1IA9ppi"],3],-10,[21,4,171.274,-11,[0,"0dKEX/W+FIdJxF1pO+3aXS"]]],4,4,1,4],[1,"75LWO0ddBPyqAPsrQiXf5M",null,null,null,1,0],[1,0,-471.726,0]],[6,"Node",1,[-16,2,-17],[[2,-14,[0,"9buTBgf99FTavtZShtFvEp"],[5,750,1334]],[3,45,100,100,-15,[0,"06UohDeSdPtKlLApNwzMYv"]]],[1,"ddfkhgj9FJObfC0hhRl347",null,null,null,1,0]],[11,"Bar",33554432,2,[-21],[[[13,-18,[0,"7fCIoWf4tBapBx/QL4Y7x9"],[5,0,24],[0,0,0.5]],-19,[22,1,1,-20,[0,"f3xOzkgYpKDotUFETTZm3s"]]],4,1,4],[1,"daU+SLqdpC2YSLUP84yqjQ",null,null,null,1,0],[1,-253,0,0]],[7,"btn_off",false,3,[[2,-22,[0,"84llkPsCVJhJnShkMQHhbW"],[5,62,62]],[18,-23,[0,"4bqGOJB49KsrOCf2gX9EFe"],4],[23,3,0.9,-24,[0,"07qXntG/ZJnKKAwVPWi+Sx"],[[24,"3fef8obOQVJSLrIg2aQIOXN","exitGame",1]],5]],[1,"894QTHXpNOXIpNCJQSkm2u",null,null,null,1,0],[1,308.49700000000007,608.009,0]],[8,"spr_loading_bg",3,[[2,-25,[0,"b7TNo1CPJAXYpczspwmWry"],[5,750,1334]],[19,0,-26,[0,"1efQ/BPJhIDI5VS6LZYPyW"],0],[3,45,1600,800,-27,[0,"d9b+gv2I5IlLIScL38zqiO"]]],[1,"8cH95fjVpFkotYZeeZ7h1w",null,null,null,1,0]],[12,"props_progressTip",2,[[[2,-28,[0,"1dTWuaxJBBVYg5robHCtvB"],[5,32.91,41.8]],-29,[25,-30,[0,"9bpIZxreRO5aATjEbF25gF"]]],4,1,4],[1,"d8zasLuf1GgJezpZu5QCU0",null,null,null,1,0]],[9,"fire",33554432,4,[[14,-31,[0,"bcBfAPFe9JNp8+EWtKJ3H4"],[0,1,0.5]],[26,1,50,0.3,0.1,180,0,20,5,30,30,20,0,100,-32,[0,"7cuzAL651C0qTHHJC+5dGK"],[0,10,5],[4,65535],[4,5570560],[4,4278190335],[4,4281597952],1,2]],[1,"07ZtihowdGcLFY+y9BOFXY",null,null,null,1,0]],[20,2,0,4,[0,"7eahCru0tKa6K6mC2uNuQ/"]],[27,"0%",20,20,30,true,7,[0,"5fNXM30opC44hinMXxHy/R"]],[28,506,0,2,[0,"cfZeM6cOFFY5PA8uIv7S6B"],9]],0,[0,3,1,0,0,1,0,4,5,0,5,10,0,6,11,0,0,1,0,-1,3,0,0,2,0,0,2,0,-3,11,0,0,2,0,-1,4,0,-2,7,0,0,3,0,0,3,0,-1,6,0,-3,5,0,0,4,0,-2,9,0,0,4,0,-1,8,0,0,5,0,0,5,0,0,5,0,0,6,0,0,6,0,0,6,0,0,7,0,-2,10,0,0,7,0,0,8,0,0,8,0,7,1,2,8,3,32],[0,0,0,0,0,0,9],[2,9,2,2,2,10,2],[3,4,0,5,1,1,6]],[[{"name":"bar1","rect":{"x":0,"y":0,"width":530,"height":48},"offset":{"x":0,"y":0},"originalSize":{"width":530,"height":48},"rotated":false,"capInsets":[0,0,0,0],"vertices":{"rawPosition":[-265,-24,0,265,-24,0,-265,24,0,265,24,0],"indexes":[0,1,2,2,1,3],"uv":[0,48,530,48,0,0,530,0],"nuv":[0,0,1,0,0,1,1,1],"minPos":{"x":-265,"y":-24,"z":0},"maxPos":{"x":265,"y":24,"z":0}},"packable":true,"pixelsToUnit":100,"pivot":{"x":0.5,"y":0.5},"meshType":0}],[0],0,[0],[1],[7]],[[{"name":"bar2","rect":{"x":0,"y":0,"width":506,"height":24},"offset":{"x":0,"y":0},"originalSize":{"width":506,"height":24},"rotated":false,"capInsets":[12,0,14,0],"vertices":{"rawPosition":[-253,-12,0,253,-12,0,-253,12,0,253,12,0],"indexes":[0,1,2,2,1,3],"uv":[0,24,506,24,0,0,506,0],"nuv":[0,0,1,0,0,1,1,1],"minPos":{"x":-253,"y":-12,"z":0},"maxPos":{"x":253,"y":12,"z":0}},"packable":true,"pixelsToUnit":100,"pivot":{"x":0.5,"y":0.5},"meshType":0}],[0],0,[0],[1],[8]],[[{"name":"fire","rect":{"x":1,"y":1,"width":29,"height":29},"offset":{"x":-0.5,"y":0.5},"originalSize":{"width":32,"height":32},"rotated":false,"capInsets":[0,0,0,0],"vertices":{"rawPosition":[-14.5,-14.5,0,14.5,-14.5,0,-14.5,14.5,0,14.5,14.5,0],"indexes":[0,1,2,2,1,3],"uv":[1,31,30,31,1,2,30,2],"nuv":[0.03125,0.0625,0.9375,0.0625,0.03125,0.96875,0.9375,0.96875],"minPos":{"x":-14.5,"y":-14.5,"z":0},"maxPos":{"x":14.5,"y":14.5,"z":0}},"packable":true,"pixelsToUnit":100,"pivot":{"x":0.5,"y":0.5},"meshType":0}],[0],0,[0],[1],[9]],[[{"name":"bg_loading","rect":{"x":0,"y":0,"width":750,"height":1334},"offset":{"x":0,"y":0},"originalSize":{"width":750,"height":1334},"rotated":false,"capInsets":[0,0,0,0],"vertices":{"rawPosition":[-375,-667,0,375,-667,0,-375,667,0,375,667,0],"indexes":[0,1,2,2,1,3],"uv":[0,1334,750,1334,0,0,750,0],"nuv":[0,0,1,0,0,1,1,1],"minPos":{"x":-375,"y":-667,"z":0},"maxPos":{"x":375,"y":667,"z":0}},"packable":true,"pixelsToUnit":100,"pivot":{"x":0.5,"y":0.5},"meshType":0}],[0],0,[0],[1],[10]],[[[29,"fire",".plist"],-1],0,0,[0],[11],[0]]]]
