[1,["a8aAaBj/lNi4tiMmy82nSQ@6c48a"],["_textureSource"],["cc.SpriteFrame"],0,[{"name":"bg_hu_guize_2","rect":{"x":0,"y":0,"width":600,"height":766},"offset":{"x":0,"y":0},"originalSize":{"width":600,"height":766},"rotated":false,"capInsets":[0,0,0,0],"vertices":{"rawPosition":[-300,-383,0,300,-383,0,-300,383,0,300,383,0],"indexes":[0,1,2,2,1,3],"uv":[0,766,600,766,0,0,600,0],"nuv":[0,0,1,0,0,1,1,1],"minPos":{"x":-300,"y":-383,"z":0},"maxPos":{"x":300,"y":383,"z":0}},"packable":true,"pixelsToUnit":100,"pivot":{"x":0.5,"y":0.5},"meshType":0}],[0],0,[0],[0],[0]]
