[1,["1912de3f3@6c48a","41w68m8LBLorKADEs4QOe6@f9941","8ff/oAv/BGp6LyL7h/SvkJ@f9941","61lxLp5fxMZJv5jc10C/j2@f9941","a3l6+kPN9DMpQ4zOsVIyyH@f9941","74JkJ1IjlFsbUp2PcYqxdm@f9941","2dt6dBzshArqDs2RjUlvlk@f9941","6efIf2uGZL2IYh2A7QpzKF@f9941","f63ajxEsNIapeb+sJQPifO@f9941","99kqHov3dICoVVYRYjuBJB@f9941","c3LEssRDlI4ZwsSQ+q2KnC@f9941","ecTWfwQJJFSKtaO+NDAIC4@f9941","15o9a+oPxMfouuZyTFCcQz@f9941","11+u9pMLZH1pNY9PN576sT@f9941","3eziNwTeJNupHKn9CnmLWd@f9941","3fRYV4FkJHvrb5nlfai/86@f9941"],["_textureSource"],["cc.SpriteFrame","cc.SpriteAtlas"],0,[[[{"name":"img_rule_2","rect":{"x":3,"y":3,"width":776,"height":532},"offset":{"x":0,"y":0},"originalSize":{"width":776,"height":532},"rotated":false,"capInsets":[0,0,0,0],"packable":true,"pixelsToUnit":100,"pivot":{"x":0.5,"y":0.5},"meshType":0}],[0],0,[0],[0],[0]],[[{"name":"auto_phoenix","spriteFrames":["img_phoenix_bgBlue","41w68m8LBLorKADEs4QOe6@f9941","word_phoenix_total","8ff/oAv/BGp6LyL7h/SvkJ@f9941","img_rule_in","61lxLp5fxMZJv5jc10C/j2@f9941","img_rule_off","a3l6+kPN9DMpQ4zOsVIyyH@f9941","img_phoenix_iconIn","74JkJ1IjlFsbUp2PcYqxdm@f9941","titile_phoenix_sgChoose","2dt6dBzshArqDs2RjUlvlk@f9941","number","6efIf2uGZL2IYh2A7QpzKF@f9941","btn_rule_close","f63ajxEsNIapeb+sJQPifO@f9941","img_roller_bgUp","99kqHov3dICoVVYRYjuBJB@f9941","img_phoenix_bgRed","c3LEssRDlI4ZwsSQ+q2KnC@f9941","img_rule_bg","ecTWfwQJJFSKtaO+NDAIC4@f9941","img_result_bg","15o9a+oPxMfouuZyTFCcQz@f9941","img_rule_3","11+u9pMLZH1pNY9PN576sT@f9941","img_rule_2","3eziNwTeJNupHKn9CnmLWd@f9941","img_rule_1","3fRYV4FkJHvrb5nlfai/86@f9941"]}],[1],0,[0,0,0,0,0,0,0,0,0,0,0,0,0,0,0],[0,0,0,0,0,0,0,0,0,0,0,0,0,0,0],[1,2,3,4,5,6,7,8,9,10,11,12,13,14,15]]]]
