[1,["71bgldIlJJBYvnnSAsdLyY@6c48a","2cWkvJ4vZLcLU3sx8nsMCz@6c48a"],0,[["sp.SkeletonData",["_name","_atlasText","textureNames","_skeletonJson","textures"],-1,3]],[[0,0,1,2,3,4,5]],[[0,"jackpot","\r\njackpot.png\r\nsize: 1024,1024\r\nformat: RGBA8888\r\nfilter: Linear,Linear\r\nrepeat: none\r\nbgt\r\n  rotate: false\r\n  xy: 2, 124\r\n  size: 473, 214\r\n  orig: 473, 214\r\n  offset: 0, 0\r\n  index: -1\r\ngoutou\r\n  rotate: true\r\n  xy: 556, 21\r\n  size: 474, 402\r\n  orig: 474, 402\r\n  offset: 0, 0\r\n  index: -1\r\njackpot\r\n  rotate: false\r\n  xy: 2, 2\r\n  size: 470, 120\r\n  orig: 470, 120\r\n  offset: 0, 0\r\n  index: -1\r\nlight1\r\n  rotate: true\r\n  xy: 556, 497\r\n  size: 496, 451\r\n  orig: 496, 451\r\n  offset: 0, 0\r\n  index: -1\r\nlight2\r\n  rotate: false\r\n  xy: 2, 340\r\n  size: 552, 653\r\n  orig: 552, 653\r\n  offset: 0, 0\r\n  index: -1\r\nsaoguang_1\r\n  rotate: true\r\n  xy: 477, 244\r\n  size: 94, 69\r\n  orig: 94, 69\r\n  offset: 0, 0\r\n  index: -1\r\n\r\njackpot2.png\r\nsize: 1024,512\r\nformat: RGBA8888\r\nfilter: Linear,Linear\r\nrepeat: none\r\ncard_1\r\n  rotate: false\r\n  xy: 474, 2\r\n  size: 128, 128\r\n  orig: 128, 128\r\n  offset: 0, 0\r\n  index: -1\r\nfire/fire (1)\r\n  rotate: true\r\n  xy: 2, 98\r\n  size: 228, 119\r\n  orig: 228, 119\r\n  offset: 0, 0\r\n  index: -1\r\nfire/fire (10)\r\n  rotate: false\r\n  xy: 224, 374\r\n  size: 228, 119\r\n  orig: 228, 119\r\n  offset: 0, 0\r\n  index: -1\r\nfire/fire (11)\r\n  rotate: false\r\n  xy: 454, 374\r\n  size: 228, 119\r\n  orig: 228, 119\r\n  offset: 0, 0\r\n  index: -1\r\nfire/fire (12)\r\n  rotate: false\r\n  xy: 684, 374\r\n  size: 228, 119\r\n  orig: 228, 119\r\n  offset: 0, 0\r\n  index: -1\r\nfire/fire (2)\r\n  rotate: true\r\n  xy: 123, 98\r\n  size: 228, 119\r\n  orig: 228, 119\r\n  offset: 0, 0\r\n  index: -1\r\nfire/fire (3)\r\n  rotate: false\r\n  xy: 244, 253\r\n  size: 228, 119\r\n  orig: 228, 119\r\n  offset: 0, 0\r\n  index: -1\r\nfire/fire (4)\r\n  rotate: false\r\n  xy: 244, 132\r\n  size: 228, 119\r\n  orig: 228, 119\r\n  offset: 0, 0\r\n  index: -1\r\nfire/fire (5)\r\n  rotate: false\r\n  xy: 474, 253\r\n  size: 228, 119\r\n  orig: 228, 119\r\n  offset: 0, 0\r\n  index: -1\r\nfire/fire (6)\r\n  rotate: false\r\n  xy: 474, 132\r\n  size: 228, 119\r\n  orig: 228, 119\r\n  offset: 0, 0\r\n  index: -1\r\nfire/fire (7)\r\n  rotate: true\r\n  xy: 704, 144\r\n  size: 228, 119\r\n  orig: 228, 119\r\n  offset: 0, 0\r\n  index: -1\r\nfire/fire (8)\r\n  rotate: true\r\n  xy: 825, 144\r\n  size: 228, 119\r\n  orig: 228, 119\r\n  offset: 0, 0\r\n  index: -1\r\nfire/fire (9)\r\n  rotate: false\r\n  xy: 244, 11\r\n  size: 228, 119\r\n  orig: 228, 119\r\n  offset: 0, 0\r\n  index: -1\r\nxx\r\n  rotate: false\r\n  xy: 2, 328\r\n  size: 220, 165\r\n  orig: 220, 165\r\n  offset: 0, 0\r\n  index: -1\r\n",["jackpot.png","jackpot2.png"],{"skeleton":{"hash":"cJuKKupi6bFF9NcGxP1pkCspfso","spine":"3.6.53","width":945.5,"height":653,"images":""},"bones":[{"name":"root"},{"name":"bgg","parent":"root","y":129.83},{"name":"bgg2","parent":"bgg"},{"name":"bgg3","parent":"bgg","y":-129.83},{"name":"bgg5","parent":"bgg","x":-320.93,"y":-44.68,"scaleX":1.407},{"name":"bgg7","parent":"bgg","x":315.83,"y":-44.68,"scaleX":1.305},{"name":"card_1","parent":"root","y":137.17,"scaleX":0.317,"scaleY":0.317},{"name":"card_2","parent":"root","rotation":-51.74,"y":139.16,"scaleX":0.411,"scaleY":0.411},{"name":"card_3","parent":"root","rotation":-51.74,"y":139.16,"scaleX":0.411,"scaleY":0.411},{"name":"card_4","parent":"root","rotation":-51.74,"y":139.16,"scaleX":0.411,"scaleY":0.411},{"name":"card_5","parent":"root","rotation":-51.74,"y":139.16,"scaleX":0.411,"scaleY":0.411},{"name":"card_6","parent":"root","rotation":-51.74,"y":139.16,"scaleX":0.411,"scaleY":0.411},{"name":"card_7","parent":"root","rotation":-51.74,"y":139.16,"scaleX":0.411,"scaleY":0.411},{"name":"card_8","parent":"root","rotation":-51.74,"y":139.16,"scaleX":0.411,"scaleY":0.411},{"name":"card_9","parent":"root","rotation":-51.74,"y":139.16,"scaleX":0.411,"scaleY":0.411},{"name":"card_10","parent":"root","rotation":-51.74,"y":139.16,"scaleX":0.411,"scaleY":0.411},{"name":"goutougundongshuzi","parent":"root"},{"name":"goutou","parent":"goutougundongshuzi","x":-1,"y":51},{"name":"goutou2","parent":"goutougundongshuzi","x":-1,"y":51,"scaleX":-1},{"name":"jackpot","parent":"root","x":5.19,"y":161.43},{"name":"jackpot3","parent":"jackpot","x":-296.03,"y":-5.34,"scaleX":2.383,"scaleY":2.383},{"name":"xx2","parent":"jackpot","rotation":-44.82,"x":245.2,"y":31.57},{"name":"xx3","parent":"jackpot","x":-188.19,"y":31.57},{"name":"xx4","parent":"jackpot","rotation":-44.82,"x":171.48,"y":3.64,"scaleX":0.999,"scaleY":0.999}],"slots":[{"name":"bgt","bone":"goutou","attachment":"bgt"},{"name":"bgt2","bone":"goutou2","attachment":"bgt"},{"name":"light2","bone":"bgg","attachment":"light2"},{"name":"light3","bone":"bgg3","attachment":"light2","blend":"additive"},{"name":"light1","bone":"bgg2","attachment":"light1","blend":"additive"},{"name":"card_1","bone":"card_1","attachment":"card_1","blend":"additive"},{"name":"card_2","bone":"card_2","attachment":"card_1","blend":"additive"},{"name":"card_3","bone":"card_3","attachment":"card_1","blend":"additive"},{"name":"card_4","bone":"card_4","attachment":"card_1","blend":"additive"},{"name":"card_5","bone":"card_5","attachment":"card_1","blend":"additive"},{"name":"card_6","bone":"card_6","attachment":"card_1","blend":"additive"},{"name":"card_7","bone":"card_7","attachment":"card_1","blend":"additive"},{"name":"card_8","bone":"card_8","attachment":"card_1","blend":"additive"},{"name":"card_9","bone":"card_9","attachment":"card_1","blend":"additive"},{"name":"card_10","bone":"card_10","attachment":"card_1","blend":"additive"},{"name":"bgg","bone":"bgg5","attachment":"fire/fire (9)","blend":"additive"},{"name":"bgg3","bone":"bgg7","attachment":"fire/fire (9)","blend":"additive"},{"name":"goutou","bone":"goutou","attachment":"goutou"},{"name":"goutou3","bone":"goutou","color":"ffffff80","attachment":"goutou","blend":"additive"},{"name":"goutou2","bone":"goutou2","attachment":"goutou"},{"name":"goutou4","bone":"goutou2","color":"ffffff80","attachment":"goutou","blend":"additive"},{"name":"jackpot","bone":"jackpot","attachment":"jackpot"},{"name":"xx2","bone":"xx2","attachment":"xx","blend":"additive"},{"name":"xx4","bone":"xx4","attachment":"xx","blend":"additive"},{"name":"xx3","bone":"xx3","attachment":"xx","blend":"additive"},{"name":"mask_saoguang","bone":"jackpot","attachment":"mask_saoguang"},{"name":"jackpot2","bone":"jackpot3","color":"ffffff76","attachment":"saoguang_1","blend":"additive"}],"skins":{"default":{"bgg":{"fire/fire (1)":{"x":3.65,"y":42.38,"width":228,"height":119},"fire/fire (10)":{"x":3.65,"y":42.38,"width":228,"height":119},"fire/fire (11)":{"x":3.65,"y":42.38,"width":228,"height":119},"fire/fire (12)":{"x":3.65,"y":42.38,"width":228,"height":119},"fire/fire (2)":{"x":3.65,"y":42.38,"width":228,"height":119},"fire/fire (3)":{"x":3.65,"y":42.38,"width":228,"height":119},"fire/fire (4)":{"x":3.65,"y":42.38,"width":228,"height":119},"fire/fire (5)":{"x":3.65,"y":42.38,"width":228,"height":119},"fire/fire (6)":{"x":3.65,"y":42.38,"width":228,"height":119},"fire/fire (7)":{"x":3.65,"y":42.38,"width":228,"height":119},"fire/fire (8)":{"x":3.65,"y":42.38,"width":228,"height":119},"fire/fire (9)":{"x":3.65,"y":42.38,"width":228,"height":119}},"bgg3":{"fire/fire (1)":{"x":3.65,"y":42.38,"width":228,"height":119},"fire/fire (10)":{"x":3.65,"y":42.38,"width":228,"height":119},"fire/fire (11)":{"x":3.65,"y":42.38,"width":228,"height":119},"fire/fire (12)":{"x":3.65,"y":42.38,"width":228,"height":119},"fire/fire (2)":{"x":3.65,"y":42.38,"width":228,"height":119},"fire/fire (3)":{"x":3.65,"y":42.38,"width":228,"height":119},"fire/fire (4)":{"x":3.65,"y":42.38,"width":228,"height":119},"fire/fire (5)":{"x":3.65,"y":42.38,"width":228,"height":119},"fire/fire (6)":{"x":3.65,"y":42.38,"width":228,"height":119},"fire/fire (7)":{"x":3.65,"y":42.38,"width":228,"height":119},"fire/fire (8)":{"x":3.65,"y":42.38,"width":228,"height":119},"fire/fire (9)":{"x":3.65,"y":42.38,"width":228,"height":119}},"bgt":{"bgt":{"x":-233,"y":-51,"width":473,"height":214}},"bgt2":{"bgt":{"x":-233,"y":-51,"width":473,"height":214}},"card_1":{"card_1":{"x":-1.53,"y":1.53,"width":128,"height":128}},"card_10":{"card_1":{"x":-1.53,"y":1.53,"width":128,"height":128}},"card_2":{"card_1":{"x":-1.53,"y":1.53,"width":128,"height":128}},"card_3":{"card_1":{"x":-1.53,"y":1.53,"width":128,"height":128}},"card_4":{"card_1":{"x":-1.53,"y":1.53,"width":128,"height":128}},"card_5":{"card_1":{"x":-1.53,"y":1.53,"width":128,"height":128}},"card_6":{"card_1":{"x":-1.53,"y":1.53,"width":128,"height":128}},"card_7":{"card_1":{"x":-1.53,"y":1.53,"width":128,"height":128}},"card_8":{"card_1":{"x":-1.53,"y":1.53,"width":128,"height":128}},"card_9":{"card_1":{"x":-1.53,"y":1.53,"width":128,"height":128}},"goutou":{"goutou":{"x":-233,"y":39,"width":474,"height":402}},"goutou2":{"goutou":{"x":-233,"y":39,"width":474,"height":402}},"goutou3":{"goutou":{"x":-233,"y":39,"width":474,"height":402}},"goutou4":{"goutou":{"x":-233,"y":39,"width":474,"height":402}},"jackpot":{"jackpot":{"x":18.81,"y":-14.43,"width":470,"height":120}},"jackpot2":{"saoguang_1":{"x":-0.99,"y":-1.61,"scaleX":1.458,"width":94,"height":69}},"light1":{"light1":{"width":496,"height":451}},"light2":{"light2":{"width":552,"height":653}},"light3":{"light2":{"y":129.83,"width":552,"height":653}},"mask_saoguang":{"mask_saoguang":{"type":"clipping","end":"mask_saoguang","vertexCount":245,"color":"ce3a3aff","vertices":[-203.53,36.66,-183.51,39.77,-178.04,36.88,-177.4,32,-176.98,-34.57,-174.02,-34.61,-147.98,28.89,-149.19,34.69,-147,38.89,-144.15,40.06,-132.72,40.4,-129.36,37.04,-111.89,-8.4,-100.13,-8.4,-100.91,-0.14,-99.74,10.61,-95.37,20.52,-88.98,28.76,-81.76,34.13,-74.03,37.32,-65.73,39.13,-57.17,40.13,-49.77,39.63,-42.55,38.45,-35.83,36.61,-33.14,33.41,-32.87,29.8,-31.25,29.91,-31.33,35.18,-28.1,37.39,-10.76,39.52,-7.28,38.75,-4.3,36.12,-3.28,32.8,-3.37,13.21,19.29,37.27,24.56,38.46,31.11,38.55,34.93,37.19,35.87,35.49,35.78,33.79,36.79,33.7,36.85,35.44,38.11,36.61,40.81,37.69,49.74,39.11,59,39.62,70.31,39.79,81.26,38.23,88.74,35.34,93.08,31.6,96.82,26.58,98.18,22.08,98.77,13.07,101.51,13,103.15,18.69,106.59,25.06,112.25,30.78,119.07,35.33,127.54,38.33,136.2,39.73,144.95,39.86,154.82,37.61,161.95,34.11,168.32,29.36,174.2,20.61,177.2,12.36,178.25,12.36,178.14,27.08,178.87,33.64,181.16,37.48,184.17,38.32,244.02,37.9,246.83,36.44,248.18,33.74,248.7,29.5,248.58,12.89,247.59,10.8,245.87,9.33,238.74,8.96,236.52,12.03,235.91,17.2,233.45,22.12,224.1,22.24,223.24,20.69,223.8,-33.92,222.34,-38.91,219.63,-41.77,216.19,-42.35,208.19,-42.63,204.61,-40.2,202.61,-36.05,203.32,21.56,193.48,21.53,191.62,19.24,190.22,16.85,189.61,13.92,189.21,11.29,188,9.68,180.12,9.98,178.91,10.87,178.35,11.86,177.33,11.87,178.91,3.05,178.67,-5.35,176.59,-17.27,171.56,-26.93,165.84,-33.94,159.2,-38.26,151.6,-41.38,144.46,-43.16,135.86,-43.58,128.39,-42.88,117.53,-38.93,107.8,-31.46,101.25,-19.9,98.85,-10.17,98.99,-0.58,101.3,12.61,98.72,12.57,98.45,8.55,97.25,4.53,94.89,-0.1,90.81,-5.14,85.97,-8.39,81.01,-10.95,74.45,-12.39,68.69,-13.19,63.73,-13.51,64.11,-35.23,63.26,-39.04,61.15,-41.29,58.33,-42.28,49.87,-42.56,45.5,-41.15,43.94,-37.06,43.66,22.5,40,22.64,37.88,23.91,36.61,27.72,36.6,32.11,35.55,32.1,35.55,27.2,10.13,3.09,38.35,-30.86,38.74,-37.9,36.76,-40.17,33,-42.25,20.72,-42.35,17.65,-40.77,-3.83,-14.04,-3.83,-35.72,-4.72,-39.18,-7.1,-41.46,-10.26,-42.75,-19.17,-42.85,-22.94,-40.87,-24.22,-36.71,-23.73,22,-28.28,22.47,-30.56,25.04,-30.94,26.52,-31.24,29.56,-32.88,29.42,-32.48,13.24,-33.08,10.64,-35.28,9.94,-40.78,9.94,-43.78,12.04,-44.78,17.24,-48.08,20.64,-51.78,22.74,-57.38,23.64,-63.08,23.04,-68.18,21.24,-72.38,18.84,-75.58,15.14,-77.68,11.54,-78.88,7.24,-79.18,2.54,-79.08,-2.66,-78.18,-8.06,-76.38,-12.36,-74.08,-16.16,-71.38,-18.96,-67.98,-21.76,-64.08,-23.66,-60.18,-24.76,-56.58,-25.36,-51.88,-25.46,-47.98,-24.96,-44.18,-23.96,-40.68,-22.96,-37.88,-21.86,-35.98,-21.06,-33.48,-21.16,-29.08,-29.86,-29.78,-36.06,-35.2,-38.56,-41.3,-40.66,-48.9,-42.56,-57.8,-43.26,-66,-43.06,-73.6,-41.46,-80,-39.26,-87.1,-34.06,-91.76,-28.88,-95.6,-22.94,-98.42,-17.3,-100.08,-8.97,-111.66,-8.95,-102.53,-31.87,-102.33,-37.57,-103.93,-40.77,-106.53,-42.47,-118.13,-42.97,-121.63,-40.97,-123.43,-36.57,-131.03,-17.07,-150.43,-17.37,-158.97,-40.57,-161.77,-42.27,-170.57,-42.47,-173.77,-39.87,-174.44,-37.25,-174.36,-35.37,-177,-35.37,-177.87,-44,-180.69,-52.03,-185.34,-58.66,-191.27,-64.02,-198.46,-67.82,-204.38,-70.22,-207.34,-68.39,-210.87,-62.33,-210.87,-55.13,-204.8,-52.17,-200.69,-48.51,-198.29,-44.28,-197.31,-38.36,-197.31,22.7,-200.83,22.27,-203.23,23.68,-204.92,26.08,-205.34,32.99]}},"xx2":{"xx":{"x":3,"y":5,"width":220,"height":165}},"xx3":{"xx":{"x":3,"y":5,"width":220,"height":165}},"xx4":{"xx":{"x":3,"y":5,"width":220,"height":165}}}},"animations":{"animation":{"slots":{"bgg":{"attachment":[{"time":0,"name":"fire/fire (1)"},{"time":0.0667,"name":"fire/fire (2)"},{"time":0.1,"name":"fire/fire (3)"},{"time":0.1667,"name":"fire/fire (4)"},{"time":0.2333,"name":"fire/fire (5)"},{"time":0.3,"name":"fire/fire (6)"},{"time":0.3333,"name":"fire/fire (7)"},{"time":0.4,"name":"fire/fire (8)"},{"time":0.4667,"name":"fire/fire (9)"},{"time":0.5,"name":"fire/fire (10)"},{"time":0.5667,"name":"fire/fire (11)"},{"time":0.6333,"name":"fire/fire (12)"},{"time":0.6667,"name":"fire/fire (1)"},{"time":0.7333,"name":"fire/fire (2)"},{"time":0.8,"name":"fire/fire (3)"},{"time":0.8667,"name":"fire/fire (4)"},{"time":0.9,"name":"fire/fire (5)"},{"time":0.9667,"name":"fire/fire (6)"},{"time":1.0333,"name":"fire/fire (7)"},{"time":1.0667,"name":"fire/fire (8)"},{"time":1.1333,"name":"fire/fire (9)"},{"time":1.2,"name":"fire/fire (10)"},{"time":1.2333,"name":"fire/fire (11)"},{"time":1.3,"name":"fire/fire (12)"},{"time":1.3667,"name":"fire/fire (1)"},{"time":1.4333,"name":"fire/fire (2)"},{"time":1.4667,"name":"fire/fire (3)"},{"time":1.5333,"name":"fire/fire (4)"},{"time":1.6,"name":"fire/fire (5)"},{"time":1.6333,"name":"fire/fire (6)"},{"time":1.7,"name":"fire/fire (7)"},{"time":1.7667,"name":"fire/fire (8)"},{"time":1.8,"name":"fire/fire (9)"},{"time":1.8667,"name":"fire/fire (10)"},{"time":1.9333,"name":"fire/fire (11)"},{"time":2,"name":"fire/fire (12)"}]},"bgg3":{"attachment":[{"time":0,"name":"fire/fire (1)"},{"time":0.0667,"name":"fire/fire (2)"},{"time":0.1,"name":"fire/fire (3)"},{"time":0.1667,"name":"fire/fire (4)"},{"time":0.2333,"name":"fire/fire (5)"},{"time":0.3,"name":"fire/fire (6)"},{"time":0.3333,"name":"fire/fire (7)"},{"time":0.4,"name":"fire/fire (8)"},{"time":0.4667,"name":"fire/fire (9)"},{"time":0.5,"name":"fire/fire (10)"},{"time":0.5667,"name":"fire/fire (11)"},{"time":0.6333,"name":"fire/fire (12)"},{"time":0.6667,"name":"fire/fire (1)"},{"time":0.7333,"name":"fire/fire (2)"},{"time":0.8,"name":"fire/fire (3)"},{"time":0.8667,"name":"fire/fire (4)"},{"time":0.9,"name":"fire/fire (5)"},{"time":0.9667,"name":"fire/fire (6)"},{"time":1.0333,"name":"fire/fire (7)"},{"time":1.0667,"name":"fire/fire (8)"},{"time":1.1333,"name":"fire/fire (9)"},{"time":1.2,"name":"fire/fire (10)"},{"time":1.2333,"name":"fire/fire (11)"},{"time":1.3,"name":"fire/fire (12)"},{"time":1.3667,"name":"fire/fire (1)"},{"time":1.4333,"name":"fire/fire (2)"},{"time":1.4667,"name":"fire/fire (3)"},{"time":1.5333,"name":"fire/fire (4)"},{"time":1.6,"name":"fire/fire (5)"},{"time":1.6333,"name":"fire/fire (6)"},{"time":1.7,"name":"fire/fire (7)"},{"time":1.7667,"name":"fire/fire (8)"},{"time":1.8,"name":"fire/fire (9)"},{"time":1.8667,"name":"fire/fire (10)"},{"time":1.9333,"name":"fire/fire (11)"},{"time":2,"name":"fire/fire (12)"}]},"bgt":{"color":[{"time":0,"color":"ffffff00"},{"time":1,"color":"ffffffff"},{"time":2,"color":"ffffff00"}]},"bgt2":{"color":[{"time":0,"color":"ffffff00"},{"time":1,"color":"ffffffff"},{"time":2,"color":"ffffff00"}]},"card_1":{"color":[{"time":0,"color":"ffffff5d"},{"time":0.6333,"color":"ffffffff"},{"time":1.6333,"color":"ffffff00"},{"time":2,"color":"ffffff5d"}]},"card_2":{"color":[{"time":0,"color":"ffffffbb"},{"time":0.7333,"color":"ffffff00"},{"time":1.7333,"color":"ffffffff"},{"time":2,"color":"ffffffbb"}]},"card_3":{"color":[{"time":0,"color":"ffffff90"},{"time":0.4333,"color":"ffffffff"},{"time":1.4333,"color":"ffffff00"},{"time":2,"color":"ffffff90"}]},"card_4":{"color":[{"time":0,"color":"ffffff33"},{"time":0.2,"color":"ffffff00"},{"time":1.2,"color":"ffffffff"},{"time":2,"color":"ffffff33"}]},"card_5":{"color":[{"time":0,"color":"ffffff43"},{"time":0.7333,"color":"ffffffff"},{"time":1.7333,"color":"ffffff00"},{"time":2,"color":"ffffff43"}]},"card_6":{"color":[{"time":0,"color":"ffffffed"},{"time":0.9333,"color":"ffffff00"},{"time":1.9333,"color":"ffffffff"},{"time":2,"color":"ffffffed"}]},"card_7":{"color":[{"time":0,"color":"ffffff21"},{"time":0.8667,"color":"ffffffff"},{"time":1.8667,"color":"ffffff00"},{"time":2,"color":"ffffff21"}]},"card_8":{"color":[{"time":0,"color":"ffffff7f"},{"time":0.5,"color":"ffffffff"},{"time":1.5,"color":"ffffff00"},{"time":2,"color":"ffffff7f"}]},"card_9":{"color":[{"time":0,"color":"ffffffd4"},{"time":0.1667,"color":"ffffffff"},{"time":1.1667,"color":"ffffff00"},{"time":2,"color":"ffffffd4"}]},"card_10":{"color":[{"time":0,"color":"ffffffcb"},{"time":0.8,"color":"ffffff00"},{"time":1.8,"color":"ffffffff"},{"time":2,"color":"ffffffcb"}]},"goutou3":{"color":[{"time":0,"color":"ffffff80"},{"time":1,"color":"ffffff00"},{"time":2,"color":"ffffff80"}]},"goutou4":{"color":[{"time":0,"color":"ffffff80"},{"time":1,"color":"ffffff00"},{"time":2,"color":"ffffff80"}]},"light3":{"color":[{"time":0,"color":"ffffff00"},{"time":1,"color":"ffffff6f"},{"time":2,"color":"ffffff00"}]},"xx2":{"color":[{"time":0,"color":"ffffff87"},{"time":0.5333,"color":"ffffff00"},{"time":1.5333,"color":"ffffffff"},{"time":2,"color":"ffffff87"}]},"xx3":{"color":[{"time":0,"color":"ffffff00"},{"time":1,"color":"ffffffff"},{"time":2,"color":"ffffff00"}]},"xx4":{"color":[{"time":0,"color":"ffffff98"},{"time":0.6,"color":"ffffff00"},{"time":1.6,"color":"ffffffff"},{"time":2,"color":"ffffff98"}]}},"bones":{"bgg2":{"rotate":[{"time":0,"angle":0},{"time":0.6667,"angle":120},{"time":1.3333,"angle":-120},{"time":2,"angle":0}]},"xx2":{"scale":[{"time":0,"x":0.773,"y":0.773},{"time":0.5333,"x":1,"y":1},{"time":1.5333,"x":0.575,"y":0.575},{"time":2,"x":0.773,"y":0.773}]},"xx3":{"scale":[{"time":0,"x":1,"y":1},{"time":1,"x":0.575,"y":0.575},{"time":2,"x":1,"y":1}]},"xx4":{"scale":[{"time":0,"x":0.745,"y":0.745},{"time":0.6,"x":1,"y":1},{"time":1.6,"x":0.575,"y":0.575},{"time":2,"x":0.745,"y":0.745}]},"card_1":{"translate":[{"time":0,"x":-2.03,"y":61.98},{"time":1.6,"x":-10.89,"y":332.44},{"time":1.6333,"x":0,"y":0},{"time":2,"x":-2.03,"y":61.98}],"scale":[{"time":0,"x":1.213,"y":1.213},{"time":0.6333,"x":1.582,"y":1.582},{"time":1.6333,"x":1,"y":1},{"time":2,"x":1.213,"y":1.213}]},"card_2":{"translate":[{"time":0,"x":162,"y":138.57},{"time":0.7,"x":251.52,"y":215.15},{"time":0.7333,"x":0,"y":0},{"time":2,"x":162,"y":138.57}],"scale":[{"time":0,"x":1.427,"y":1.427},{"time":0.7333,"x":1,"y":1},{"time":1.7333,"x":1.582,"y":1.582},{"time":2,"x":1.427,"y":1.427}]},"card_3":{"translate":[{"time":0,"x":-95.36,"y":61.99},{"time":1.4,"x":-330.96,"y":215.15},{"time":1.4333,"x":0,"y":0},{"time":2,"x":-95.36,"y":61.99}],"scale":[{"time":0,"x":1.33,"y":1.33},{"time":0.4333,"x":1.582,"y":1.582},{"time":1.4333,"x":1,"y":1},{"time":2,"x":1.33,"y":1.33}]},"card_4":{"translate":[{"time":0,"x":-255.61,"y":-163.35},{"time":0.1667,"x":-279.27,"y":-178.47},{"time":0.2,"x":0,"y":0},{"time":2,"x":-255.61,"y":-163.35}],"scale":[{"time":0,"x":1.116,"y":1.116},{"time":0.2,"x":1,"y":1},{"time":1.2,"x":1.582,"y":1.582},{"time":2,"x":1.116,"y":1.116}]},"card_5":{"translate":[{"time":0,"x":-23.85,"y":-39.3},{"time":1.7,"x":-175.9,"y":-289.8},{"time":1.7333,"x":0,"y":0},{"time":2,"x":-23.85,"y":-39.3}],"scale":[{"time":0,"x":1.155,"y":1.155},{"time":0.7333,"x":1.582,"y":1.582},{"time":1.7333,"x":1,"y":1},{"time":2,"x":1.155,"y":1.155}]},"card_6":{"translate":[{"time":0,"x":48.72,"y":-157.18},{"time":0.9,"x":89.82,"y":-289.8},{"time":0.9333,"x":0,"y":0},{"time":2,"x":48.72,"y":-157.18}],"scale":[{"time":0,"x":1.543,"y":1.543},{"time":0.9333,"x":1,"y":1},{"time":1.9333,"x":1.582,"y":1.582},{"time":2,"x":1.543,"y":1.543}]},"card_7":{"translate":[{"time":0,"x":-5.69,"y":-25.88},{"time":1.8333,"x":-83.92,"y":-381.78},{"time":1.8667,"x":0,"y":0},{"time":2,"x":-5.69,"y":-25.88}],"scale":[{"time":0,"x":1.078,"y":1.078},{"time":0.8667,"x":1.582,"y":1.582},{"time":1.8667,"x":1,"y":1},{"time":2,"x":1.078,"y":1.078}]},"card_8":{"translate":[{"time":0,"x":57.26,"y":-74.33},{"time":1.4667,"x":225.24,"y":-292.36},{"time":1.5,"x":0,"y":0},{"time":2,"x":57.26,"y":-74.33}],"scale":[{"time":0,"x":1.291,"y":1.291},{"time":0.5,"x":1.582,"y":1.582},{"time":1.5,"x":1,"y":1},{"time":2,"x":1.291,"y":1.291}]},"card_9":{"translate":[{"time":0,"x":145.24,"y":-83.82},{"time":1.1333,"x":342.77,"y":-197.82},{"time":1.1667,"x":0,"y":0},{"time":2,"x":145.24,"y":-83.82}],"scale":[{"time":0,"x":1.485,"y":1.485},{"time":0.1667,"x":1.582,"y":1.582},{"time":1.1667,"x":1,"y":1},{"time":2,"x":1.485,"y":1.485}]},"card_10":{"translate":[{"time":0,"x":151.46,"y":142.76},{"time":0.7667,"x":248.23,"y":233.97},{"time":0.8,"x":0,"y":0},{"time":2,"x":151.46,"y":142.76}],"scale":[{"time":0,"x":1.466,"y":1.466},{"time":0.8,"x":1,"y":1},{"time":1.8,"x":1.582,"y":1.582},{"time":2,"x":1.466,"y":1.466}]},"jackpot3":{"translate":[{"time":0.6667,"x":0,"y":0},{"time":2,"x":647.62,"y":0}]}}}}},[0,1]]],0,0,[0,0],[-1,-2],[0,1]]
