[1,["76mC7v7ctL3LR9exnSJ93n@6c48a"],["_textureSource"],["cc.SpriteFrame"],0,[{"name":"btn_hu_vip","rect":{"x":0,"y":0,"width":128,"height":56},"offset":{"x":0,"y":0},"originalSize":{"width":128,"height":56},"rotated":false,"capInsets":[0,0,0,0],"vertices":{"rawPosition":[-64,-28,0,64,-28,0,-64,28,0,64,28,0],"indexes":[0,1,2,2,1,3],"uv":[0,56,128,56,0,0,128,0],"nuv":[0,0,1,0,0,1,1,1],"minPos":{"x":-64,"y":-28,"z":0},"maxPos":{"x":64,"y":28,"z":0}},"packable":true,"pixelsToUnit":100,"pivot":{"x":0.5,"y":0.5},"meshType":0}],[0],0,[0],[0],[0]]
