[1,["15f51cc3d@6c48a","c5ebfe6f-4ce3-4cb9-b57f-26d5d546e22f@f9941","5a26d2c0-6d1a-48de-a6bf-86f346335017@f9941","ffc57ee0-4578-4d31-8d0b-1ea79fc9481d@f9941","5c47d74a-7f5b-4628-b9b0-ec569495488c@f9941","8bcd53e2-da99-41ad-9353-c847f330a902@f9941","ab2d6009-629c-4a1d-9f36-098b706f87bf@f9941","49c14272-6d2f-4473-874f-0340dbf38353@f9941","13c15cf2-beaa-4564-8990-9db6c44dee14@f9941","9c42f0f8-02ad-4471-83fa-ca6050e71cbf@f9941","916915bc-4c9f-4c3d-8032-9bc45d2d2be5@f9941","17a0afa9-3fc3-4e6b-b564-cd13510694fd@f9941","3066f50c-4fbd-4a8c-93da-7ef471be612d@f9941","479a0ebd-0304-4a94-8d05-3eec124495f1@f9941","5b4ceeb7-09c6-4805-8336-c57c28e12cd0@f9941","664dcab8-cf9d-4479-a747-8d962ddf65a7@f9941","c6b6f29e-22de-41b2-a98d-2873c587c99e@f9941","68c2a363-733e-4a5e-9c14-9a3277e77d1b@f9941","e64f6771-9038-430d-9b70-20dcd6a1d40b@f9941","93f8f144-89b8-41fe-b6d2-563d8cba4496@f9941","6f19c32f-afc7-45a8-94f5-d318a3680f0e@f9941","060e27eb-bd2c-475f-9b98-72f8223f7b53@f9941","138d39b1-4845-4c98-9274-8d1adf381277@f9941","807fdd6c-28ea-4adc-89fc-5bdfe8193711@f9941","424168fe-a543-42ed-a634-1ff07716440f@f9941","1d48a066-703f-434a-ac07-85134ecca77e@f9941","37390674-bf14-4e8c-aa32-3f0c1bb9fecf@f9941","b8308c9c-4794-44c8-bef4-21233805a92f@f9941","c05ce463-155f-49f3-9c04-445504059430@f9941","e01de31b-dc28-4c12-a134-6e8da8f115a7@f9941","0ce7951f-7c4e-4b0e-9c37-c2282aecd696@f9941","a5a1f4c7-4601-4a23-8e2c-6290e53b8cef@f9941","de27dd02-2149-4554-8d83-cd54020cd8f4@f9941","c5537673-49a0-46d8-a5a5-668e0d426307@f9941","c51aaf2b-5dc6-49e9-b902-73c3bbc85b0e@f9941","39da47e2-0fe0-40d7-ac5d-60ebcf354ecf@f9941","9a6b8e18-6403-4ac8-8710-7eb28c455e54@f9941","23471065-cd48-4dc8-ae11-9aee637c78c2@f9941","2a8954a0-faed-4728-946e-030ecb5ceb1f@f9941","8e6561fb-b344-4e93-8885-53363f09beeb@f9941","cb22754d-fd34-44fc-9e49-5b8856524bfe@f9941","6b7610ec-b39d-4cf7-9785-c57d543b2185@f9941","f4b1bd30-d0fe-4e14-a539-adcb04d14de5@f9941","d0e555fe-bc01-4ed1-a4dc-e78f0a2c72bb@f9941","e0767995-d75d-4329-aa29-701440c55071@f9941","a7eceb14-f9e7-4ef5-a7d6-3bc1a1f739e9@f9941"],["_textureSource"],["cc.SpriteFrame","cc.SpriteAtlas"],0,[[[{"name":"dl_cs_stopicon1","rect":{"x":711,"y":98,"width":64,"height":64},"offset":{"x":0,"y":0},"originalSize":{"width":64,"height":64},"rotated":false,"capInsets":[0,0,0,0],"packable":true,"pixelsToUnit":100,"pivot":{"x":0.5,"y":0.5},"meshType":0}],[0],0,[0],[0],[0]],[[{"name":"dl_cs_stopicon","rect":{"x":711,"y":168,"width":64,"height":64},"offset":{"x":0,"y":0},"originalSize":{"width":64,"height":64},"rotated":false,"capInsets":[0,0,0,0],"packable":true,"pixelsToUnit":100,"pivot":{"x":0.5,"y":0.5},"meshType":0}],[0],0,[0],[0],[0]],[[{"name":"dl_long_zidong_0","rect":{"x":781,"y":112,"width":116,"height":56},"offset":{"x":0,"y":0},"originalSize":{"width":116,"height":56},"rotated":false,"capInsets":[0,0,0,0],"packable":true,"pixelsToUnit":100,"pivot":{"x":0.5,"y":0.5},"meshType":0}],[0],0,[0],[0],[0]],[[{"name":"dl_cs_kuai_0","rect":{"x":950,"y":3,"width":44,"height":53},"offset":{"x":0,"y":0},"originalSize":{"width":44,"height":53},"rotated":true,"capInsets":[0,0,0,0],"packable":true,"pixelsToUnit":100,"pivot":{"x":0.5,"y":0.5},"meshType":0}],[0],0,[0],[0],[0]],[[{"name":"dl_cs_xiazhujian_1","rect":{"x":259,"y":33,"width":44,"height":53},"offset":{"x":0,"y":0},"originalSize":{"width":44,"height":53},"rotated":true,"capInsets":[0,0,0,0],"packable":true,"pixelsToUnit":100,"pivot":{"x":0.5,"y":0.5},"meshType":0}],[0],0,[0],[0],[0]],[[{"name":"dl_cs_guizeanniu","rect":{"x":217,"y":143,"width":96,"height":62},"offset":{"x":0,"y":0},"originalSize":{"width":96,"height":62},"rotated":false,"capInsets":[0,0,0,0],"packable":true,"pixelsToUnit":100,"pivot":{"x":0.5,"y":0.5},"meshType":0}],[0],0,[0],[0],[0]],[[{"name":"dl_long_guizedibox","rect":{"x":789,"y":244,"width":212,"height":114},"offset":{"x":0,"y":0},"originalSize":{"width":212,"height":114},"rotated":false,"capInsets":[26,26,32,31],"packable":true,"pixelsToUnit":100,"pivot":{"x":0.5,"y":0.5},"meshType":0}],[0],0,[0],[0],[0]],[[{"name":"dl_cs_spinicon","rect":{"x":3,"y":272,"width":120,"height":126},"offset":{"x":0,"y":0},"originalSize":{"width":120,"height":126},"rotated":true,"capInsets":[0,0,0,0],"packable":true,"pixelsToUnit":100,"pivot":{"x":0.5,"y":0.5},"meshType":0}],[0],0,[0],[0],[0]],[[{"name":"dl_cs_xiazhujia_1","rect":{"x":318,"y":33,"width":44,"height":53},"offset":{"x":0,"y":0},"originalSize":{"width":44,"height":53},"rotated":true,"capInsets":[0,0,0,0],"packable":true,"pixelsToUnit":100,"pivot":{"x":0.5,"y":0.5},"meshType":0}],[0],0,[0],[0],[0]],[[{"name":"dl_cs_shezhianniu","rect":{"x":319,"y":143,"width":96,"height":62},"offset":{"x":0,"y":0},"originalSize":{"width":96,"height":62},"rotated":false,"capInsets":[0,0,0,0],"packable":true,"pixelsToUnit":100,"pivot":{"x":0.5,"y":0.5},"meshType":0}],[0],0,[0],[0],[0]],[[{"name":"dl_shezhi_kai","rect":{"x":455,"y":211,"width":220,"height":73},"offset":{"x":0,"y":0},"originalSize":{"width":220,"height":73},"rotated":false,"capInsets":[0,0,0,0],"packable":true,"pixelsToUnit":100,"pivot":{"x":0.5,"y":0.5},"meshType":0}],[0],0,[0],[0],[0]],[[{"name":"dl_shezhi_guan","rect":{"x":3,"y":127,"width":208,"height":61},"offset":{"x":0,"y":0},"originalSize":{"width":208,"height":61},"rotated":false,"capInsets":[0,0,0,0],"packable":true,"pixelsToUnit":100,"pivot":{"x":0.5,"y":0.5},"meshType":0}],[0],0,[0],[0],[0]],[[{"name":"dl_cs_xiazhujia_0","rect":{"x":377,"y":33,"width":44,"height":53},"offset":{"x":0,"y":0},"originalSize":{"width":44,"height":53},"rotated":true,"capInsets":[0,0,0,0],"packable":true,"pixelsToUnit":100,"pivot":{"x":0.5,"y":0.5},"meshType":0}],[0],0,[0],[0],[0]],[[{"name":"SOUND","rect":{"x":781,"y":3,"width":163,"height":39},"offset":{"x":0,"y":0},"originalSize":{"width":163,"height":39},"rotated":false,"capInsets":[0,0,0,0],"packable":true,"pixelsToUnit":100,"pivot":{"x":0.5,"y":0.5},"meshType":0}],[0],0,[0],[0],[0]],[[{"name":"FREE SPINS LEFT","rect":{"x":54,"y":3,"width":180,"height":20},"offset":{"x":0,"y":0},"originalSize":{"width":180,"height":20},"rotated":false,"capInsets":[0,0,0,0],"packable":true,"pixelsToUnit":100,"pivot":{"x":0.5,"y":0.5},"meshType":0}],[0],0,[0],[0],[0]],[[{"name":"PENGATURAN ","rect":{"x":436,"y":44,"width":230,"height":43},"offset":{"x":0,"y":0},"originalSize":{"width":230,"height":43},"rotated":false,"capInsets":[0,0,0,0],"packable":true,"pixelsToUnit":100,"pivot":{"x":0.5,"y":0.5},"meshType":0}],[0],0,[0],[0],[0]],[[{"name":"TOTAL WIN","rect":{"x":305,"y":3,"width":156,"height":24},"offset":{"x":0,"y":0},"originalSize":{"width":156,"height":24},"rotated":false,"capInsets":[0,0,0,0],"packable":true,"pixelsToUnit":100,"pivot":{"x":0.5,"y":0.5},"meshType":0}],[0],0,[0],[0],[0]],[[{"name":"dl_cs_xiazhujian_0","rect":{"x":672,"y":44,"width":44,"height":53},"offset":{"x":0,"y":0},"originalSize":{"width":44,"height":53},"rotated":true,"capInsets":[0,0,0,0],"packable":true,"pixelsToUnit":100,"pivot":{"x":0.5,"y":0.5},"meshType":0}],[0],0,[0],[0],[0]],[[{"name":"dl_cs_auto_boxbg","rect":{"x":790,"y":48,"width":80,"height":53},"offset":{"x":0,"y":0.5},"originalSize":{"width":80,"height":54},"rotated":false,"capInsets":[0,0,0,0],"packable":true,"pixelsToUnit":100,"pivot":{"x":0.5,"y":0.5},"meshType":0}],[0],0,[0],[0],[0]],[[{"name":"dl_cs_spinanniu","rect":{"x":480,"y":290,"width":149,"height":150},"offset":{"x":0,"y":0},"originalSize":{"width":149,"height":150},"rotated":true,"capInsets":[0,0,0,0],"packable":true,"pixelsToUnit":100,"pivot":{"x":0.5,"y":0.5},"meshType":0}],[0],0,[0],[0],[0]],[[{"name":"autospin","rect":{"x":247,"y":94,"width":458,"height":43},"offset":{"x":0,"y":0},"originalSize":{"width":458,"height":43},"rotated":false,"capInsets":[0,0,0,0],"packable":true,"pixelsToUnit":100,"pivot":{"x":0.5,"y":0.5},"meshType":0}],[0],0,[0],[0],[0]],[[{"name":"auto_bar","spriteFrames":["STOP","c5ebfe6f-4ce3-4cb9-b57f-26d5d546e22f@f9941","FREE SPINS LEFT","5a26d2c0-6d1a-48de-a6bf-86f346335017@f9941","AUTO","ffc57ee0-4578-4d31-8d0b-1ea79fc9481d@f9941","TOTAL WIN","5c47d74a-7f5b-4628-b9b0-ec569495488c@f9941","GOOD LUCK","8bcd53e2-da99-41ad-9353-c847f330a902@f9941","dl_cs_jinbijia","ab2d6009-629c-4a1d-9f36-098b706f87bf@f9941","SOUND","49c14272-6d2f-4473-874f-0340dbf38353@f9941","dl_cs_kuai_0","13c15cf2-beaa-4564-8990-9db6c44dee14@f9941","MUSIC","9c42f0f8-02ad-4471-83fa-ca6050e71cbf@f9941","dl_cs_SPINzi","916915bc-4c9f-4c3d-8032-9bc45d2d2be5@f9941","dl_cs_xiazhujian_1","17a0afa9-3fc3-4e6b-b564-cd13510694fd@f9941","dl_cs_xiazhujia_1","3066f50c-4fbd-4a8c-93da-7ef471be612d@f9941","dl_cs_xiazhujia_0","479a0ebd-0304-4a94-8d05-3eec124495f1@f9941","PENGATURAN ","5b4ceeb7-09c6-4805-8336-c57c28e12cd0@f9941","dl_cs_xiazhujian_0","664dcab8-cf9d-4479-a747-8d962ddf65a7@f9941","dl_cs_kuai_1","c6b6f29e-22de-41b2-a98d-2873c587c99e@f9941","dl_cs_auto_boxbg","68c2a363-733e-4a5e-9c14-9a3277e77d1b@f9941","aut1","e64f6771-9038-430d-9b70-20dcd6a1d40b@f9941","dl_cs_jinbibox","93f8f144-89b8-41fe-b6d2-563d8cba4496@f9941","autospin","6f19c32f-afc7-45a8-94f5-d318a3680f0e@f9941","dl_cs_stopicon1","060e27eb-bd2c-475f-9b98-72f8223f7b53@f9941","dl_long_zidong_0","138d39b1-4845-4c98-9274-8d1adf381277@f9941","dl_long_zidong_1","807fdd6c-28ea-4adc-89fc-5bdfe8193711@f9941","dl_shezhi_guan","424168fe-a543-42ed-a634-1ff07716440f@f9941","dl_cs_guizeanniu","1d48a066-703f-434a-ac07-85134ecca77e@f9941","dl_cs_shezhianniu","37390674-bf14-4e8c-aa32-3f0c1bb9fecf@f9941","dl_cs_caidananniu","b8308c9c-4794-44c8-bef4-21233805a92f@f9941","dl_cs_tuichuanniu","c05ce463-155f-49f3-9c04-445504059430@f9941","dl_cs_vipanniu","e01de31b-dc28-4c12-a134-6e8da8f115a7@f9941","dl_cs_stopicon","0ce7951f-7c4e-4b0e-9c37-c2282aecd696@f9941","dl_long_confirm","a5a1f4c7-4601-4a23-8e2c-6290e53b8cef@f9941","dl_cs_kuaianniubox","de27dd02-2149-4554-8d83-cd54020cd8f4@f9941","dl_cs_autoanniubox","c5537673-49a0-46d8-a5a5-668e0d426307@f9941","dl_cs_xiazhubox","c51aaf2b-5dc6-49e9-b902-73c3bbc85b0e@f9941","dl_shezhi_kai","39da47e2-0fe0-40d7-ac5d-60ebcf354ecf@f9941","dl_cs_spinicon2","9a6b8e18-6403-4ac8-8710-7eb28c455e54@f9941","dl_long_guizedibox","23471065-cd48-4dc8-ae11-9aee637c78c2@f9941","dl_cs_spinicon","2a8954a0-faed-4728-946e-030ecb5ceb1f@f9941","dl_cs_offanniu","8e6561fb-b344-4e93-8885-53363f09beeb@f9941","dl_cs_spinicon1","cb22754d-fd34-44fc-9e49-5b8856524bfe@f9941","dl_cs_spinanniu","6b7610ec-b39d-4cf7-9785-c57d543b2185@f9941","dl_cs_caidanbox","f4b1bd30-d0fe-4e14-a539-adcb04d14de5@f9941","dl_cs_spinanniu1","d0e555fe-bc01-4ed1-a4dc-e78f0a2c72bb@f9941","God_tk2_3","e0767995-d75d-4329-aa29-701440c55071@f9941","dl_cs_zhongjiangbox","a7eceb14-f9e7-4ef5-a7d6-3bc1a1f739e9@f9941"]}],[1],0,[0,0,0,0,0,0,0,0,0,0,0,0,0,0,0,0,0,0,0,0,0,0,0,0,0,0,0,0,0,0,0,0,0,0,0,0,0,0,0,0,0,0,0,0,0],[0,0,0,0,0,0,0,0,0,0,0,0,0,0,0,0,0,0,0,0,0,0,0,0,0,0,0,0,0,0,0,0,0,0,0,0,0,0,0,0,0,0,0,0,0],[1,2,3,4,5,6,7,8,9,10,11,12,13,14,15,16,17,18,19,20,21,22,23,24,25,26,27,28,29,30,31,32,33,34,35,36,37,38,39,40,41,42,43,44,45]],[[{"name":"dl_long_zidong_1","rect":{"x":903,"y":112,"width":116,"height":56},"offset":{"x":0,"y":0},"originalSize":{"width":116,"height":56},"rotated":false,"capInsets":[0,0,0,0],"packable":true,"pixelsToUnit":100,"pivot":{"x":0.5,"y":0.5},"meshType":0}],[0],0,[0],[0],[0]],[[{"name":"GOOD LUCK","rect":{"x":467,"y":3,"width":266,"height":35},"offset":{"x":0,"y":0},"originalSize":{"width":266,"height":35},"rotated":false,"capInsets":[0,0,0,0],"packable":true,"pixelsToUnit":100,"pivot":{"x":0.5,"y":0.5},"meshType":0}],[0],0,[0],[0],[0]],[[{"name":"dl_cs_offanniu","rect":{"x":135,"y":289,"width":118,"height":207},"offset":{"x":0,"y":0},"originalSize":{"width":118,"height":207},"rotated":true,"capInsets":[0,0,0,0],"packable":true,"pixelsToUnit":100,"pivot":{"x":0.5,"y":0.5},"meshType":0}],[0],0,[0],[0],[0]],[[{"name":"dl_cs_SPINzi","rect":{"x":152,"y":29,"width":101,"height":42},"offset":{"x":0,"y":0},"originalSize":{"width":105,"height":46},"rotated":false,"capInsets":[0,0,0,0],"packable":true,"pixelsToUnit":100,"pivot":{"x":0.5,"y":0.5},"meshType":0}],[0],0,[0],[0],[0]],[[{"name":"dl_cs_jinbibox","rect":{"x":3,"y":77,"width":238,"height":44},"offset":{"x":0,"y":0},"originalSize":{"width":238,"height":44},"rotated":false,"capInsets":[0,0,0,0],"packable":true,"pixelsToUnit":100,"pivot":{"x":0.5,"y":0.5},"meshType":0}],[0],0,[0],[0],[0]],[[{"name":"dl_cs_spinicon2","rect":{"x":681,"y":244,"width":102,"height":102},"offset":{"x":-0.5,"y":0},"originalSize":{"width":103,"height":104},"rotated":false,"capInsets":[0,0,0,0],"packable":true,"pixelsToUnit":100,"pivot":{"x":0.5,"y":0.5},"meshType":0}],[0],0,[0],[0],[0]],[[{"name":"MUSIC","rect":{"x":3,"y":29,"width":143,"height":39},"offset":{"x":0,"y":0},"originalSize":{"width":143,"height":39},"rotated":false,"capInsets":[0,0,0,0],"packable":true,"pixelsToUnit":100,"pivot":{"x":0.5,"y":0.5},"meshType":0}],[0],0,[0],[0],[0]],[[{"name":"dl_long_confirm","rect":{"x":781,"y":174,"width":190,"height":64},"offset":{"x":0,"y":0},"originalSize":{"width":190,"height":64},"rotated":false,"capInsets":[0,0,0,0],"packable":true,"pixelsToUnit":100,"pivot":{"x":0.5,"y":0.5},"meshType":0}],[0],0,[0],[0],[0]],[[{"name":"dl_cs_zhongjiangbox","rect":{"x":391,"y":498,"width":568,"height":166},"offset":{"x":0,"y":0},"originalSize":{"width":568,"height":166},"rotated":false,"capInsets":[0,0,0,0],"packable":true,"pixelsToUnit":100,"pivot":{"x":0.5,"y":0.5},"meshType":0}],[0],0,[0],[0],[0]],[[{"name":"dl_cs_jinbijia","rect":{"x":739,"y":3,"width":36,"height":36},"offset":{"x":0,"y":0},"originalSize":{"width":36,"height":36},"rotated":false,"capInsets":[0,0,0,0],"packable":true,"pixelsToUnit":100,"pivot":{"x":0.5,"y":0.5},"meshType":0}],[0],0,[0],[0],[0]],[[{"name":"dl_cs_caidananniu","rect":{"x":421,"y":143,"width":80,"height":62},"offset":{"x":0,"y":0},"originalSize":{"width":80,"height":62},"rotated":false,"capInsets":[0,0,0,0],"packable":true,"pixelsToUnit":100,"pivot":{"x":0.5,"y":0.5},"meshType":0}],[0],0,[0],[0],[0]],[[{"name":"dl_cs_tuichuanniu","rect":{"x":507,"y":143,"width":96,"height":62},"offset":{"x":0,"y":0},"originalSize":{"width":96,"height":62},"rotated":false,"capInsets":[0,0,0,0],"packable":true,"pixelsToUnit":100,"pivot":{"x":0.5,"y":0.5},"meshType":0}],[0],0,[0],[0],[0]],[[{"name":"dl_cs_xiazhubox","rect":{"x":187,"y":211,"width":262,"height":72},"offset":{"x":0,"y":0},"originalSize":{"width":262,"height":72},"rotated":false,"capInsets":[0,0,0,0],"packable":true,"pixelsToUnit":100,"pivot":{"x":0.5,"y":0.5},"meshType":0}],[0],0,[0],[0],[0]],[[{"name":"dl_cs_autoanniubox","rect":{"x":81,"y":194,"width":100,"height":72},"offset":{"x":0,"y":0},"originalSize":{"width":100,"height":72},"rotated":false,"capInsets":[0,0,0,0],"packable":true,"pixelsToUnit":100,"pivot":{"x":0.5,"y":0.5},"meshType":0}],[0],0,[0],[0],[0]],[[{"name":"STOP","rect":{"x":3,"y":3,"width":45,"height":17},"offset":{"x":0,"y":0},"originalSize":{"width":45,"height":17},"rotated":false,"capInsets":[0,0,0,0],"packable":true,"pixelsToUnit":100,"pivot":{"x":0.5,"y":0.5},"meshType":0}],[0],0,[0],[0],[0]],[[{"name":"dl_cs_kuai_1","rect":{"x":731,"y":48,"width":44,"height":53},"offset":{"x":0,"y":0},"originalSize":{"width":44,"height":53},"rotated":true,"capInsets":[0,0,0,0],"packable":true,"pixelsToUnit":100,"pivot":{"x":0.5,"y":0.5},"meshType":0}],[0],0,[0],[0],[0]],[[{"name":"dl_cs_spinicon1","rect":{"x":348,"y":290,"width":120,"height":126},"offset":{"x":0,"y":0},"originalSize":{"width":120,"height":126},"rotated":true,"capInsets":[0,0,0,0],"packable":true,"pixelsToUnit":100,"pivot":{"x":0.5,"y":0.5},"meshType":0}],[0],0,[0],[0],[0]],[[{"name":"dl_cs_spinanniu1","rect":{"x":3,"y":413,"width":149,"height":150},"offset":{"x":0,"y":0},"originalSize":{"width":149,"height":150},"rotated":true,"capInsets":[0,0,0,0],"packable":true,"pixelsToUnit":100,"pivot":{"x":0.5,"y":0.5},"meshType":0}],[0],0,[0],[0],[0]],[[{"name":"dl_cs_kuaianniubox","rect":{"x":3,"y":194,"width":64,"height":72},"offset":{"x":0,"y":0},"originalSize":{"width":64,"height":72},"rotated":true,"capInsets":[0,0,0,0],"packable":true,"pixelsToUnit":100,"pivot":{"x":0.5,"y":0.5},"meshType":0}],[0],0,[0],[0],[0]],[[{"name":"dl_cs_vipanniu","rect":{"x":609,"y":143,"width":96,"height":62},"offset":{"x":0,"y":0},"originalSize":{"width":96,"height":62},"rotated":false,"capInsets":[0,0,0,0],"packable":true,"pixelsToUnit":100,"pivot":{"x":0.5,"y":0.5},"meshType":0}],[0],0,[0],[0],[0]],[[{"name":"God_tk2_3","rect":{"x":159,"y":416,"width":226,"height":155},"offset":{"x":0,"y":0},"originalSize":{"width":226,"height":155},"rotated":false,"capInsets":[0,0,0,0],"packable":true,"pixelsToUnit":100,"pivot":{"x":0.5,"y":0.5},"meshType":0}],[0],0,[0],[0],[0]],[[{"name":"aut1","rect":{"x":876,"y":53,"width":80,"height":53},"offset":{"x":0,"y":0.5},"originalSize":{"width":80,"height":54},"rotated":false,"capInsets":[0,0,0,0],"packable":true,"pixelsToUnit":100,"pivot":{"x":0.5,"y":0.5},"meshType":0}],[0],0,[0],[0],[0]],[[{"name":"dl_cs_caidanbox","rect":{"x":636,"y":364,"width":128,"height":257},"offset":{"x":0,"y":0},"originalSize":{"width":128,"height":257},"rotated":true,"capInsets":[0,0,0,0],"packable":true,"pixelsToUnit":100,"pivot":{"x":0.5,"y":0.5},"meshType":0}],[0],0,[0],[0],[0]],[[{"name":"AUTO","rect":{"x":240,"y":3,"width":59,"height":20},"offset":{"x":0,"y":0},"originalSize":{"width":59,"height":20},"rotated":false,"capInsets":[0,0,0,0],"packable":true,"pixelsToUnit":100,"pivot":{"x":0.5,"y":0.5},"meshType":0}],[0],0,[0],[0],[0]]]]
