[1,["1efda33c7@6c48a"],["_textureSource"],["cc.SpriteFrame"],0,[[[{"name":"head_circle_3","rect":{"x":3,"y":3,"width":140,"height":140},"offset":{"x":0,"y":0},"originalSize":{"width":140,"height":140},"rotated":false,"capInsets":[0,0,0,0],"packable":true,"pixelsToUnit":100,"pivot":{"x":0.5,"y":0.5},"meshType":0}],[0],0,[0],[0],[0]],[[{"name":"head_circle_2","rect":{"x":149,"y":3,"width":140,"height":140},"offset":{"x":0,"y":0},"originalSize":{"width":140,"height":140},"rotated":false,"capInsets":[0,0,0,0],"packable":true,"pixelsToUnit":100,"pivot":{"x":0.5,"y":0.5},"meshType":0}],[0],0,[0],[0],[0]],[[{"name":"head_circle_10","rect":{"x":3,"y":149,"width":140,"height":140},"offset":{"x":0,"y":0},"originalSize":{"width":140,"height":140},"rotated":false,"capInsets":[0,0,0,0],"packable":true,"pixelsToUnit":100,"pivot":{"x":0.5,"y":0.5},"meshType":0}],[0],0,[0],[0],[0]],[[{"name":"head_circle_6","rect":{"x":149,"y":149,"width":140,"height":140},"offset":{"x":0,"y":0},"originalSize":{"width":140,"height":140},"rotated":false,"capInsets":[0,0,0,0],"packable":true,"pixelsToUnit":100,"pivot":{"x":0.5,"y":0.5},"meshType":0}],[0],0,[0],[0],[0]],[[{"name":"head_circle_9","rect":{"x":3,"y":295,"width":140,"height":140},"offset":{"x":0,"y":0},"originalSize":{"width":140,"height":140},"rotated":false,"capInsets":[0,0,0,0],"packable":true,"pixelsToUnit":100,"pivot":{"x":0.5,"y":0.5},"meshType":0}],[0],0,[0],[0],[0]],[[{"name":"head_circle_1","rect":{"x":149,"y":295,"width":140,"height":140},"offset":{"x":0,"y":0},"originalSize":{"width":140,"height":140},"rotated":false,"capInsets":[0,0,0,0],"packable":true,"pixelsToUnit":100,"pivot":{"x":0.5,"y":0.5},"meshType":0}],[0],0,[0],[0],[0]],[[{"name":"head_circle_4","rect":{"x":3,"y":441,"width":140,"height":140},"offset":{"x":0,"y":0},"originalSize":{"width":140,"height":140},"rotated":false,"capInsets":[0,0,0,0],"packable":true,"pixelsToUnit":100,"pivot":{"x":0.5,"y":0.5},"meshType":0}],[0],0,[0],[0],[0]],[[{"name":"head_circle_7","rect":{"x":149,"y":441,"width":140,"height":140},"offset":{"x":0,"y":0},"originalSize":{"width":140,"height":140},"rotated":false,"capInsets":[0,0,0,0],"packable":true,"pixelsToUnit":100,"pivot":{"x":0.5,"y":0.5},"meshType":0}],[0],0,[0],[0],[0]],[[{"name":"head_circle_5","rect":{"x":3,"y":587,"width":140,"height":140},"offset":{"x":0,"y":0},"originalSize":{"width":140,"height":140},"rotated":false,"capInsets":[0,0,0,0],"packable":true,"pixelsToUnit":100,"pivot":{"x":0.5,"y":0.5},"meshType":0}],[0],0,[0],[0],[0]],[[{"name":"head_circle_8","rect":{"x":149,"y":587,"width":140,"height":140},"offset":{"x":0,"y":0},"originalSize":{"width":140,"height":140},"rotated":false,"capInsets":[0,0,0,0],"packable":true,"pixelsToUnit":100,"pivot":{"x":0.5,"y":0.5},"meshType":0}],[0],0,[0],[0],[0]]]]
