[1,["8ew5mmNVFKgpbxP2nF7Wm+@6c48a"],["_textureSource"],["cc.SpriteFrame"],0,[{"name":"tortoise","rect":{"x":0,"y":0,"width":140,"height":137},"offset":{"x":0,"y":0},"originalSize":{"width":140,"height":137},"rotated":false,"capInsets":[0,0,0,0],"vertices":{"rawPosition":[-70,-68.5,0,70,-68.5,0,-70,68.5,0,70,68.5,0],"indexes":[0,1,2,2,1,3],"uv":[0,137,140,137,0,0,140,0],"nuv":[0,0,1,0,0,1,1,1],"minPos":{"x":-70,"y":-68.5,"z":0},"maxPos":{"x":70,"y":68.5,"z":0}},"packable":true,"pixelsToUnit":100,"pivot":{"x":0.5,"y":0.5},"meshType":0}],[0],0,[0],[0],[0]]
