[1,["3cRAvmlSVPsIHix4Yp8CwF@6c48a"],0,[["sp.SkeletonData",["_name","_atlasText","textureNames","_skeletonJson","textures"],-1,3]],[[0,0,1,2,3,4,5]],[[0,"10","\r\n10.png\r\nsize: 128,128\r\nformat: RGBA8888\r\nfilter: Linear,Linear\r\nrepeat: none\r\n10\r\n  rotate: false\r\n  xy: 2, 2\r\n  size: 88, 76\r\n  orig: 88, 76\r\n  offset: 0, 0\r\n  index: -1\r\n",["10.png"],{"skeleton":{"hash":"LsTL1hhayUmhVy+/pbQbEAWicPI","spine":"3.6.53","width":88,"height":76,"images":""},"bones":[{"name":"root"},{"name":"10","parent":"root","x":-5.5,"y":8}],"slots":[{"name":"10","bone":"10","attachment":"10"},{"name":"11","bone":"10","attachment":"10","blend":"additive"}],"skins":{"default":{"10":{"10":{"width":88,"height":76}},"11":{"10":{"width":88,"height":76}}}},"animations":{"dynamic":{"slots":{"11":{"color":[{"time":0,"color":"ffffff00","curve":[0.25,0,0.75,1]},{"time":0.5,"color":"ffffffff","curve":[0.25,0,0.75,1]},{"time":1,"color":"ffffff00"}]}},"bones":{"10":{"scale":[{"time":0,"x":1,"y":1,"curve":[0.25,0,0.75,1]},{"time":0.5,"x":1.188,"y":1.188,"curve":[0.25,0,0.75,1]},{"time":1,"x":1,"y":1}]}}},"static":{"slots":{"11":{"color":[{"time":0,"color":"ffffff00"}]}},"bones":{"10":{"scale":[{"time":0,"x":1,"y":1}]}}}}},[0]]],0,0,[0],[-1],[0]]
