[1,["94uC5R0mdLCLddZnXEMhwN@6c48a"],["_textureSource"],["cc.SpriteFrame"],0,[{"name":"large","rect":{"x":0,"y":0,"width":191,"height":78},"offset":{"x":0,"y":0},"originalSize":{"width":191,"height":78},"rotated":false,"capInsets":[0,0,0,0],"vertices":{"rawPosition":[-95.5,-39,0,95.5,-39,0,-95.5,39,0,95.5,39,0],"indexes":[0,1,2,2,1,3],"uv":[0,78,191,78,0,0,191,0],"nuv":[0,0,1,0,0,1,1,1],"minPos":{"x":-95.5,"y":-39,"z":0},"maxPos":{"x":95.5,"y":39,"z":0}},"packable":true,"pixelsToUnit":100,"pivot":{"x":0.5,"y":0.5},"meshType":0}],[0],0,[0],[0],[0]]
