[1,["5fmzfBUOFMgK/O1ZNdjIIS","e3BJon96xFD7WCGxAT4phx@f9941","9edGCRrpRAtq/bkmWVqLiC","acUvCA1n9BdbsYzQwVgXBJ@f9941","d7E+TpC51PEoyUZCIr5hcN@f9941","20g1ukYUVPvKWKBRznAKo+@6c48a","20aTZQaI1Af50oe6J5UN7i@f9941","4eVq7oqlRLGplEkxHtq6pX@f9941","8bi9oKgdtMyr+Umn+MErzb@f9941","20g1ukYUVPvKWKBRznAKo+@f9941","54TknWPwVPqJqeCR+Y/Czo@f9941","95EkngnxZFbYuFpsqVTaFr@f9941","54TknWPwVPqJqeCR+Y/Czo@6c48a","95EkngnxZFbYuFpsqVTaFr@6c48a"],["node","_spriteFrame","_atlas","_parent","_textureSource","_target","_normalSprite","_checkMark","root","data","_hoverSprite","_pressedSprite","_disabledSprite"],[["cc.Node",["_name","_layer","_components","_prefab","_parent","_children","_lpos"],1,9,4,1,2,5],["cc.Label",["_string","_actualFontSize","_fontSize","_lineHeight","_overflow","_isBold","_horizontalAlign","_enableWrapText","node","__prefab","_color"],-5,1,4,5],"cc.SpriteFrame",["cc.Sprite",["_sizeMode","_type","node","__prefab","_spriteFrame","_atlas"],1,1,4,6,6],["cc.Node",["_name","_layer","_active","_children","_components","_prefab","_lpos"],0,2,12,4,5],["cc.UITransform",["node","__prefab","_contentSize"],3,1,4,5],["cc.Toggle",["_isChecked","node","__prefab","_normalColor","_target","_checkMark","_normalSprite"],2,1,4,5,1,1,6],"cc.SpriteAtlas",["cc.Prefab",["_name"],2],["cc.CompPrefabInfo",["fileId"],2],["cc.PrefabInfo",["fileId","instance","targetOverrides","nestedPrefabInstanceRoots","root","asset"],-1,1,1],["cc.Button",["_transition","_zoomScale","node","__prefab","_normalColor","_target","_normalSprite","_hoverSprite","_pressedSprite","_disabledSprite"],1,1,4,5,1,6,6,6,6],["cc.BlockInputEvents",["node","__prefab"],3,1,4],["cc.ToggleContainer",["node","__prefab"],3,1,4]],[[9,0,2],[10,0,1,2,3,4,5,5],[5,0,1,2,1],[0,0,1,4,2,3,6,3],[1,0,1,2,8,9,10,4],[1,0,1,2,3,8,9,10,5],[3,0,2,3,4,5,2],[1,0,6,1,2,3,4,8,9,10,7],[0,0,4,2,3,6,2],[1,0,1,2,7,8,9,10,5],[1,0,1,2,3,4,8,9,10,6],[0,0,1,4,2,3,3],[3,1,0,2,3,4,5,3],[3,0,2,3,2],[8,0,2],[0,0,5,2,3,2],[0,0,1,5,2,3,6,3],[0,0,5,2,3,6,2],[0,0,4,2,3,2],[0,0,4,5,2,3,2],[4,0,2,1,3,4,5,6,4],[4,0,1,3,4,5,6,3],[5,0,1,1],[6,1,2,3,4,5,6,1],[6,0,1,2,3,4,5,6,2],[11,0,1,2,3,4,5,6,7,8,9,3],[12,0,1,1],[13,0,1,1],[1,0,1,2,5,8,9,10,5]],[[[{"name":"default_btn_normal","rect":{"x":0,"y":0,"width":40,"height":40},"offset":{"x":0,"y":0},"originalSize":{"width":40,"height":40},"rotated":false,"capInsets":[12,12,12,12],"vertices":{"rawPosition":[-20,-20,0,20,-20,0,-20,20,0,20,20,0],"indexes":[0,1,2,2,1,3],"uv":[0,40,40,40,0,0,40,0],"nuv":[0,0,1,0,0,1,1,1],"minPos":{"x":-20,"y":-20,"z":0},"maxPos":{"x":20,"y":20,"z":0}},"packable":true,"pixelsToUnit":100,"pivot":{"x":0.5,"y":0.5},"meshType":0}],[2],0,[0],[4],[5]],[[[14,"prefabs_dragonTiger_rule"],[15,"prefabs_dragonTiger_rule",[-3,-4,-5,-6,-7],[[22,-2,[0,"6bnKyPiWhB7axFQKLBJ19k"]]],[1,"c46/YsCPVOJYA4mWEpNYRx",null,null,null,-1,0]],[20,"Checkmark",false,33554432,[-10,-11,-12,-13,-14,-15,-16,-17,-18,-19,-20,-21,-22,-23,-24,-25],[[[2,-8,[0,"89DEY/bFlG1pOOvjMVRMCq"],[5,276,102]],-9],4,1],[1,"634ha/ibpHwIqp77nuFA6l",null,null,null,1,0],[1,6,-10,0]],[21,"Checkmark",33554432,[-28,-29,-30,-31,-32,-33,-34],[[[2,-26,[0,"4erYo5TW5HqadoKuRxlo8k"],[5,276,102]],-27],4,1],[1,"beSSkaXoJGuLyrBK1X/B8D",null,null,null,1,0],[1,6,-10,0]],[16,"props_toggle_1",33554432,[-40,3],[[2,-35,[0,"d146eLHNJHT6SjOX9z0w2C"],[5,253,87]],[6,0,-36,[0,"f5SDea50BOP4TcgP4/Ts9x"],4,5],[23,-39,[0,"90pZ9zuNpCL5/yYZvxkimJ"],[4,4292269782],-38,-37,6]],[1,"ceeoWzqeRGrbyw4WLM8Wgg",null,null,null,1,0],[1,-320,88,0]],[17,"props_toggle_2",[-46,2],[[2,-41,[0,"3alskpeO9EPoDDiriJVgmT"],[5,253,87]],[6,0,-42,[0,"acEGLcn5lF+KdGDh7MuuKe"],9,10],[24,false,-45,[0,"4dFvNPbIRPz4kEtMZYjOQI"],[4,4292269782],-44,-43,11]],[1,"4c4cXU14ZHhbQZkrtpW/pt",null,null,null,1,0],[1,-320,-2,0]],[8,"props_btn_close",1,[[2,-47,[0,"7dr7/XutdOZLGfsS12RP7u"],[5,93,235]],[12,1,0,-48,[0,"91q9dWCsdKAp4ViC2u0yub"],12,13],[25,3,0.9,-50,[0,"80hrXArAVDtIfjwkyhGB/0"],[4,4292269782],-49,14,15,16,17]],[1,"cdXvrKA2JOpbEHj7//0lnW",null,null,null,1,0],[1,548,100,0]],[18,"spr_bg",1,[[2,-51,[0,"98XChWyCxE7JgpQr9PVa07"],[5,1200,600]],[6,0,-52,[0,"27JhGkzxROXYlGV+sFVPyd"],0,1],[26,-53,[0,"34qciX1y1JTIj9dlUvD66b"]]],[1,"93ikp5rGBBSLoxMARZ4I7n",null,null,null,1,0]],[19,"ToggleGroup",1,[4,5],[[27,-54,[0,"c4iBPB6r5Jj5nlCO9p8xGN"]]],[1,"5dEsDSv2VNiZJUw3lIFvel",null,null,null,1,0]],[8,"Label_title",1,[[2,-55,[0,"96Rk96WDRLTabK9AXRAE14"],[5,277.78,50.4]],[28,"DRAGON AND TIGER RULES",20,20,true,-56,[0,"5bNzhCo59BOLiMoHz3a4Wx"],[4,4284245406]]],[1,"41u9FVzHxLn5PKAqJxxNsP",null,null,null,1,0],[1,-1,216.5,0]],[8,"spr_bg1",1,[[2,-57,[0,"fbga2xyOJJj55omw3flv7/"],[5,630,360]],[12,1,0,-58,[0,"bbYJovXbhFZrcPvtJoONS7"],2,3]],[1,"00lrNlizxCMZ5M/tsJtook",null,null,null,1,0],[1,116,-37,0]],[11,"Label",33554432,4,[[2,-59,[0,"52SKjmBCxDL7HVfZ4QtnUz"],[5,117.38,50.4]],[4,"Basic rules",24,24,-60,[0,"3aBtPTeMFM06KtmmcI+qPd"],[4,4279967280]]],[1,"5c3eraFOJDeorUwqKQnqd7",null,null,null,1,0]],[3,"Label",33554432,3,[[2,-61,[0,"5bBlluQPVFMZZY2KAZ7Tmr"],[5,117.38,50.4]],[4,"Basic rules",24,24,-62,[0,"beQQtfEflGK6I9pZjcxHH1"],[4,4279967280]]],[1,"b1o13x0RBEMqZi+sp63G5W",null,null,null,1,0],[1,-12,10,0]],[3,"Label_rule_1",33554432,3,[[2,-63,[0,"15E1lPkvtAJZQ30Kyqf3Nv"],[5,125.41,50.4]],[4,"Introduction",24,24,-64,[0,"72PyrLVPVPFIYy8e587hVO"],[4,4278848094]]],[1,"93DzhURadBPo4S+eB/M3Ao",null,null,null,1,0],[1,192,46,0]],[3,"Label_rule_2",33554432,3,[[2,-65,[0,"e8KifdUOlF5Z8Zqt7NsQ5+"],[5,610,78.24]],[7,"Card size is used to determine the winner. Card sizes are not compared by suit, but only by number of points, with K being the largest card and A being the smallest.",0,20,20,24,3,-66,[0,"e60+QY1DZKt5/fmeh95aE6"],[4,4278453289]]],[1,"47ECapm95JzLKOmY626yeU",null,null,null,1,0],[1,435,-6,0]],[3,"Label_rule_3",33554432,3,[[2,-67,[0,"36m8w1MxZLZLFJfcJIdD6S"],[5,130.71,50.4]],[4,"Basic Game",24,24,-68,[0,"ablHVLba1Djp5ymmPpuu2K"],[4,4278848094]]],[1,"70GLQb5c5KNboFq3k31MQm",null,null,null,1,0],[1,192,-66,0]],[3,"Label_rule_4",33554432,3,[[2,-69,[0,"8aKbA+XcRAaqJR4usPdqcX"],[5,610,78.24]],[7,"The dealer deals only two cards, the Dragon and the Tiger. One card from each door. Both sides compare their sizes. Players can bet on [dragon], [tiger], [draw]. 3 doors",0,20,20,24,3,-70,[0,"5eJcyRDANB+LQF1wn/UBeM"],[4,4278453289]]],[1,"5d0RA1O4VDyr9M5v5+47y8",null,null,null,1,0],[1,432.793,-117.207,0]],[3,"Label_rule_5",33554432,3,[[2,-71,[0,"a02d6NwBdAaYDlkmy+wo7D"],[5,610,102.24]],[7,"Eight decks of playing cards are used as the base cards. The playing cards are shuffled and put into the card holder, and players can guess [dragon], [tiger], [tie]. 3 doors three while the game is in progress.",0,20,20,24,3,-72,[0,"aeU6E7JWJFwbz9jYuZT5XU"],[4,4278453289]]],[1,"15PUSxi29GIaDEnafpJL2y",null,null,null,1,0],[1,434.758,-243,0]],[3,"Label_rule_6",33554432,3,[[2,-73,[0,"b4IHo3kpxNz4E+a9Dt1urE"],[5,133.38,50.4]],[4,"Game Rules",24,24,-74,[0,"81ky6LSEVMu6XWTgXisoAq"],[4,4278848094]]],[1,"2eEpBlJ2lHDZAk/q3/kIYW",null,null,null,1,0],[1,192.068,-180,0]],[11,"Label",33554432,5,[[2,-75,[0,"db8mlWylJNA4loirFshQoe"],[5,142.75,50.4]],[4,"Opportunities",24,24,-76,[0,"53Q2DoGApMj7rrsGObgyg6"],[4,4279967280]]],[1,"2ca5UuC89EeYOn4NA22p+s",null,null,null,1,0]],[3,"Label",33554432,2,[[2,-77,[0,"3e8lO/vYFMM4//EYOGaAg3"],[5,142.75,50.4]],[4,"Opportunities",24,24,-78,[0,"7eDXFbVy5L85eHTwG3MJZp"],[4,4279967280]]],[1,"408dFCm95KQJJgEFuzpCS8",null,null,null,1,0],[1,-12,10,0]],[3,"Label_rule_1",33554432,2,[[2,-79,[0,"64Vpdo6ZdHUqBm3AS8xbJa"],[5,126.75,50.4]],[4,"Betting type",24,24,-80,[0,"2dtLyxFSBFOZOmXhAxwtYp"],[4,4278848094]]],[1,"2cjOlxszRETJ+o1zXvBcTJ",null,null,null,1,0],[1,202,122,0]],[3,"spr_bg",33554432,2,[[2,-81,[0,"eb9YzE87xA0LMaA5DgUQy4"],[5,610,226]],[6,0,-82,[0,"f3J+pq9ohF06fXHJqtV6m2"],7,8]],[1,"c8QhjohsdD3bXHfNEi5H02",null,null,null,1,0],[1,436,-6,0]],[3,"Label_title_1",33554432,2,[[2,-83,[0,"a9K2jVfSFPY4s80ydzYHUo"],[5,111.18,50.4]],[9,"Place a bet  ",20,20,false,-84,[0,"d2Kpdl3lNFNIeJRpHoORR2"],[4,4288322291]]],[1,"c4W2hCm+9IDYLsCDG36tQR",null,null,null,1,0],[1,218,78,0]],[3,"Label_title_2",33554432,2,[[2,-85,[0,"426mJLfF1H3qGv/LqGI9Qw"],[5,100.04,50.4]],[9,"Description",20,20,false,-86,[0,"45AqGO6EBBtp7aN2MuRNYj"],[4,4288322291]]],[1,"3eII49LkFDzIJlTeli4Jib",null,null,null,1,0],[1,445.91999999999996,76.36,0]],[3,"Label_title_3",33554432,2,[[2,-87,[0,"c9zYhFhTlHVJ8OCvn6ZzXH"],[5,118.96,50.4]],[9,"Opportunities",20,20,false,-88,[0,"409Bzvp8tALJoZOk/epKbi"],[4,4288322291]]],[1,"0dLXnOPOBDTJQT9yFYcW45",null,null,null,1,0],[1,668,78,0]],[3,"Label_rule_2",33554432,2,[[2,-89,[0,"9eVk80q9pEprY/fOuQXxKl"],[5,90.07,54.24]],[5,"Betting on\nDragon",20,20,24,-90,[0,"07AUEU3LBLUJhh/y+BULlo"],[4,4292598773]]],[1,"f5WlLrVypPvZ1NYVRf3OUu",null,null,null,1,0],[1,220,22,0]],[3,"Label_rule_4",33554432,2,[[2,-91,[0,"86Z2+IdQxIAoG7Kc98kG4S"],[5,300,54.239999999999995]],[10,"Win the number of double bets if there is a Dragon",20,20,24,3,-92,[0,"90E7iT+tFLdq9MBFe2vlvU"],[4,4280558638]]],[1,"9b78rV8/RO7qXPnF/hwETB",null,null,null,1,0],[1,448,20,0]],[3,"Label_rule_5",33554432,2,[[2,-93,[0,"69Ov/XfjpBL47oaEopHdB+"],[5,36.14,30.24]],[5,"1:1",26,26,24,-94,[0,"09bov5t0ZPTbY+BJKBXyzs"],[4,4279440363]]],[1,"b4DDBMjPtGNIqJxats3rv0",null,null,null,1,0],[1,668,22,0]],[3,"Label_rule_6",33554432,2,[[2,-95,[0,"7eSQWHxeVG4Lwy+r6f7udX"],[5,57.82,54.24]],[5,"Bet on\nTiger",20,20,24,-96,[0,"ffIS1BMwZCF7ipQ17lKnh+"],[4,4292598773]]],[1,"beFb4xgaNM0oq+gdoYJIlQ",null,null,null,1,0],[1,220,-32,0]],[3,"Label_rule_7",33554432,2,[[2,-97,[0,"e0YSeZQRpNp6MvNDg5JyZE"],[5,300,54.239999999999995]],[10,"Win the number of bets if there is a tiger",20,20,24,3,-98,[0,"407eO3HKZMp4BiNP4+8bkq"],[4,4280558638]]],[1,"1dDJe2fiRKwboaRFhru/Br",null,null,null,1,0],[1,448,-34,0]],[3,"Label_rule_8",33554432,2,[[2,-99,[0,"9cq7xuPfdENoNRxF9q7thE"],[5,36.14,30.24]],[5,"1:1",26,26,24,-100,[0,"34LA4yM5xH6ZNM0LfDIGR4"],[4,4279440363]]],[1,"8fGor+/V5MR7ywF47B0RMP",null,null,null,1,0],[1,668,-28,0]],[3,"Label_rule_9",33554432,2,[[2,-101,[0,"72y6GVWf1K/r0Qn0UGe7Cd"],[5,124.51,30.24]],[5,"Series Betting",20,20,24,-102,[0,"a8IDshiUBDf5xE/OZDwgSg"],[4,4292598773]]],[1,"e31W1gp4lAw7oDTCtRPOjh",null,null,null,1,0],[1,220,-88,0]],[3,"Label_rule_10",33554432,2,[[2,-103,[0,"1c2fTV+hdPRKxHSToeTQZu"],[5,300,54.239999999999995]],[10,"In the event of a draw, the winnings will be multiplied by",18,18,24,3,-104,[0,"5cdjpWFyJFsJHwlX2fs5Hn"],[4,4280558638]]],[1,"22FUO+BhVLpbS95oMiXzx3",null,null,null,1,0],[1,448,-88,0]],[3,"Label_rule_11",33554432,2,[[2,-105,[0,"cbjikZ7o5OdI72e67gNBPj"],[5,36.14,30.24]],[5,"1:8",26,26,24,-106,[0,"be+jAVAfZBZpfN2J9dI8tW"],[4,4279440363]]],[1,"be4YcivsRAG4mSCvvYhE+W",null,null,null,1,0],[1,668,-88,0]],[3,"Label_rule_12",33554432,2,[[2,-107,[0,"fesBx29MhObYIDmLe6LPh6"],[5,600,54.239999999999995]],[7,"*In the event of a tie, all of the amounts wagered on Dragon and\nTiger will be returned",0,18,18,24,3,-108,[0,"04PFU1naxFtK97aexlH9uR"],[4,4280558638]]],[1,"aedUewg1BAY45yjegqmKfk",null,null,null,1,0],[1,434,-144,0]],[13,0,3,[0,"a0W41cIkBNu7pfu3PmxsiQ"]],[13,0,2,[0,"3cNQlslHdEwpjgrUdYLZna"]]],0,[0,8,1,0,0,1,0,-1,7,0,-2,9,0,-3,10,0,-4,8,0,-5,6,0,0,2,0,-2,37,0,-1,20,0,-2,21,0,-3,22,0,-4,23,0,-5,24,0,-6,25,0,-7,26,0,-8,27,0,-9,28,0,-10,29,0,-11,30,0,-12,31,0,-13,32,0,-14,33,0,-15,34,0,-16,35,0,0,3,0,-2,36,0,-1,12,0,-2,13,0,-3,14,0,-4,15,0,-5,16,0,-6,17,0,-7,18,0,0,4,0,0,4,0,7,36,0,5,4,0,0,4,0,-1,11,0,0,5,0,0,5,0,7,37,0,5,5,0,0,5,0,-1,19,0,0,6,0,0,6,0,5,6,0,0,6,0,0,7,0,0,7,0,0,7,0,0,8,0,0,9,0,0,9,0,0,10,0,0,10,0,0,11,0,0,11,0,0,12,0,0,12,0,0,13,0,0,13,0,0,14,0,0,14,0,0,15,0,0,15,0,0,16,0,0,16,0,0,17,0,0,17,0,0,18,0,0,18,0,0,19,0,0,19,0,0,20,0,0,20,0,0,21,0,0,21,0,0,22,0,0,22,0,0,23,0,0,23,0,0,24,0,0,24,0,0,25,0,0,25,0,0,26,0,0,26,0,0,27,0,0,27,0,0,28,0,0,28,0,0,29,0,0,29,0,0,30,0,0,30,0,0,31,0,0,31,0,0,32,0,0,32,0,0,33,0,0,33,0,0,34,0,0,34,0,0,35,0,0,35,0,9,1,2,3,5,3,3,4,4,3,8,5,3,8,108],[0,0,0,0,0,0,0,0,0,0,0,0,0,0,0,0,0,0,36,36,37,37],[1,2,1,2,1,2,6,1,2,1,2,6,1,2,6,10,11,12,1,2,1,2],[6,2,7,0,1,0,1,8,0,1,0,1,3,2,3,9,10,11,4,0,4,0]],[[{"name":"default_btn_pressed","rect":{"x":0,"y":0,"width":40,"height":40},"offset":{"x":0,"y":0},"originalSize":{"width":40,"height":40},"rotated":false,"capInsets":[12,12,12,12],"vertices":{"rawPosition":[-20,-20,0,20,-20,0,-20,20,0,20,20,0],"indexes":[0,1,2,2,1,3],"uv":[0,40,40,40,0,0,40,0],"nuv":[0,0,1,0,0,1,1,1],"minPos":{"x":-20,"y":-20,"z":0},"maxPos":{"x":20,"y":20,"z":0}},"packable":true,"pixelsToUnit":100,"pivot":{"x":0.5,"y":0.5},"meshType":0}],[2],0,[0],[4],[12]],[[{"name":"auto_rule","spriteFrames":["bg_longhu_tanchuang_guize","8bi9oKgdtMyr+Umn+MErzb@f9941","btn_longhu_tanchuang_xuanzhongkuang","d7E+TpC51PEoyUZCIr5hcN@f9941","btn_longhu_tanchuang_weixuankuang","e3BJon96xFD7WCGxAT4phx@f9941","bg_longhu_daojubox_daojuban","4eVq7oqlRLGplEkxHtq6pX@f9941","btn_common_close","9f8V1cWyhMypGl8umQp7gG@f9941"]}],[7],0,[],[],[]],[[{"name":"default_btn_disabled","rect":{"x":0,"y":0,"width":40,"height":40},"offset":{"x":0,"y":0},"originalSize":{"width":40,"height":40},"rotated":false,"capInsets":[12,12,12,12],"vertices":{"rawPosition":[-20,-20,0,20,-20,0,-20,20,0,20,20,0],"indexes":[0,1,2,2,1,3],"uv":[0,40,40,40,0,0,40,0],"nuv":[0,0,1,0,0,1,1,1],"minPos":{"x":-20,"y":-20,"z":0},"maxPos":{"x":20,"y":20,"z":0}},"packable":true,"pixelsToUnit":100,"pivot":{"x":0.5,"y":0.5},"meshType":0}],[2],0,[0],[4],[13]]]]
