[1,["052c1a94-c121-4c21-b407-66934cf89b72@f9941","87630a63-1940-408f-8c5a-35b57500c070@f9941","052c1a94-c121-4c21-b407-66934cf89b72@6c48a","1d362855-2e52-4335-9c65-ab75d9297975@6c48a","a5ac410f-43c8-4b35-90f2-b454ad1ab74e@f9941","1d362855-2e52-4335-9c65-ab75d9297975@f9941","87630a63-1940-408f-8c5a-35b57500c070@6c48a","a5ac410f-43c8-4b35-90f2-b454ad1ab74e@6c48a"],["node","_textureSource","_spriteFrame","_normalSprite","root","_target","data"],[["cc.Node",["_name","_layer","_active","_components","_prefab","_lpos","_parent","_children"],0,9,4,5,1,2],"cc.SpriteFrame",["cc.UITransform",["node","__prefab","_contentSize","_anchorPoint"],3,1,4,5,5],["cc.Sprite",["_sizeMode","node","__prefab","_spriteFrame"],2,1,4,6],["cc.Button",["_transition","_zoomScale","node","__prefab","_normalSprite","_target"],1,1,4,6,1],["cc.Prefab",["_name"],2],["cc.CompPrefabInfo",["fileId"],2],["cc.Widget",["_enabled","_alignFlags","_originalWidth","_originalHeight","node","__prefab"],-1,1,4],["cc.PrefabInfo",["fileId","instance","targetOverrides","nestedPrefabInstanceRoots","root","asset"],-1,1,1],["cc.Label",["_string","_actualFontSize","_fontSize","_overflow","node","__prefab"],-1,1,4],["cc.Layout",["_layoutType","_spacingX","node","__prefab"],1,1,4]],[[6,0,2],[8,0,1,2,3,4,5,5],[2,0,1,2,1],[0,0,1,6,3,4,5,3],[3,1,2,3,1],[0,0,1,6,3,4,3],[2,0,1,2,3,1],[5,0,2],[0,0,1,7,3,4,5,3],[0,0,1,6,7,3,4,5,3],[0,0,2,1,6,3,4,5,4],[7,0,1,2,3,4,5,5],[3,0,1,2,3,2],[4,0,1,2,3,5,4,3],[4,0,1,2,3,4,3],[9,0,1,2,3,4,5,5],[10,0,1,2,3,3]],[[[{"name":"btn_fanhui","rect":{"x":0,"y":0,"width":53,"height":51},"offset":{"x":0,"y":0},"originalSize":{"width":53,"height":51},"rotated":false,"capInsets":[0,0,0,0],"vertices":{"rawPosition":[-26.5,-25.5,0,26.5,-25.5,0,-26.5,25.5,0,26.5,25.5,0],"indexes":[0,1,2,2,1,3],"uv":[0,51,53,51,0,0,53,0],"nuv":[0,0,1,0,0,1,1,1],"minPos":{"x":-26.5,"y":-25.5,"z":0},"maxPos":{"x":26.5,"y":25.5,"z":0}},"packable":true,"pixelsToUnit":100,"pivot":{"x":0.5,"y":0.5},"meshType":0}],[1],0,[0],[1],[2]],[[{"name":"icon_zuomian_new","rect":{"x":0,"y":0,"width":54,"height":42},"offset":{"x":0,"y":0},"originalSize":{"width":54,"height":42},"rotated":false,"capInsets":[0,0,0,0],"vertices":{"rawPosition":[-27,-21,0,27,-21,0,-27,21,0,27,21,0],"indexes":[0,1,2,2,1,3],"uv":[0,42,54,42,0,0,54,0],"nuv":[0,0,1,0,0,1,1,1],"minPos":{"x":-27,"y":-21,"z":0},"maxPos":{"x":27,"y":21,"z":0}},"packable":true,"pixelsToUnit":100,"pivot":{"x":0.5,"y":0.5},"meshType":0}],[1],0,[0],[1],[3]],[[[7,"topnavigation"],[8,"topnavigation",33554432,[-4,-5,-6,-7],[[6,-2,[0,"c4Yi+6nbJCYJ6DaT4QTiJD"],[5,1084.1,80],[0,0,0.5]],[11,false,45,1334,68,-3,[0,"54KltR4LRMuayfc1yO6R57"]]],[1,"cfffK8bFhJbpFykgiwZvUi",null,null,null,-1,0],[1,-666,330.924,0]],[9,"props_recordItem",33554432,1,[-9,-10,-11],[[2,-8,[0,"e9+NuuTGVEUbIkKiKW9YSu"],[5,92,40]]],[1,"21qRGYWl1CWYTHr9g+AWpr",null,null,null,1,0],[1,106,14,0]],[3,"props_btn_history",33554432,1,[[2,-12,[0,"795XyWYR9MQ69T8pWtoEfD"],[5,52,32]],[4,-13,[0,"1cygv4lChCpo6hnX2ThIA3"],4],[13,3,0.9,-15,[0,"8fKvPAd/ZL6bzQm0b28j0x"],-14,5]],[1,"5fJCwHT8NIQ4wksgz44n3S",null,null,null,1,0],[1,1047,10,0]],[3,"props_backMian",33554432,1,[[2,-16,[0,"e6bmkT2RhAwJKPIDB896xr"],[5,53,51]],[4,-17,[0,"6ag6ZGUodCdYLAj3ploikM"],0],[14,3,0.9,-18,[0,"03G+SqYVNGRqYDu6M/2kUT"],1]],[1,"70EpifmlRCmbAXiwnobueN",null,null,null,1,0],[1,28,14,0]],[5,"record_bg",33554432,2,[[2,-19,[0,"cftxUDcO9EXLIvLkRsZWhs"],[5,90,42]],[12,2,-20,[0,"9c7oy9Y6pE66O8vx+49yeo"],2]],[1,"32EbNFycZF/rSP3sUIEj2w",null,null,null,1,0]],[5,"record_label",33554432,2,[[2,-21,[0,"65fcUdFsBNa6hbSgEAQUo5"],[5,61.16,50.4]],[15,"x6.76",19,18,2,-22,[0,"7baSW+JVxH06v9DQxtPPPN"]]],[1,"16T5Ln+E9O6ZmRtVvAeGeV",null,null,null,1,0]],[10,"record_new",false,33554432,2,[[2,-23,[0,"d998eFi4BAq43Mlobyzu87"],[5,54,42]],[4,-24,[0,"8aXAobssJEarIKoLvcCkm2"],3]],[1,"70hTmpZTFAhLTsuDj9vKm7",null,null,null,1,0],[1,2,-37,0]],[3,"props_recordList",33554432,1,[[6,-25,[0,"b0fhB4XN9PB5wMOIsPA4eO"],[5,956,70],[0,0,1]],[16,1,4,-26,[0,"6d4I1ehj1HModNx55xFUvT"]]],[1,"f4yuzJC4lEEJbueCWBO7k6",null,null,null,1,0],[1,60,34,0]]],0,[0,4,1,0,0,1,0,0,1,0,-1,4,0,-2,2,0,-3,8,0,-4,3,0,0,2,0,-1,5,0,-2,6,0,-3,7,0,0,3,0,0,3,0,5,3,0,0,3,0,0,4,0,0,4,0,0,4,0,0,5,0,0,5,0,0,6,0,0,6,0,0,7,0,0,7,0,0,8,0,0,8,0,6,1,26],[0,0,0,0,0,0],[2,3,2,2,2,3],[0,0,4,5,1,1]],[[{"name":"btn_lilshi","rect":{"x":0,"y":0,"width":52,"height":32},"offset":{"x":0,"y":0},"originalSize":{"width":52,"height":32},"rotated":false,"capInsets":[0,0,0,0],"vertices":{"rawPosition":[-26,-16,0,26,-16,0,-26,16,0,26,16,0],"indexes":[0,1,2,2,1,3],"uv":[0,32,52,32,0,0,52,0],"nuv":[0,0,1,0,0,1,1,1],"minPos":{"x":-26,"y":-16,"z":0},"maxPos":{"x":26,"y":16,"z":0}},"packable":true,"pixelsToUnit":100,"pivot":{"x":0.5,"y":0.5},"meshType":0}],[1],0,[0],[1],[6]],[[{"name":"bg_ls_zuom_cheng","rect":{"x":0,"y":0,"width":90,"height":42},"offset":{"x":0,"y":0},"originalSize":{"width":90,"height":42},"rotated":false,"capInsets":[0,0,0,0],"vertices":{"rawPosition":[-45,-21,0,45,-21,0,-45,21,0,45,21,0],"indexes":[0,1,2,2,1,3],"uv":[0,42,90,42,0,0,90,0],"nuv":[0,0,1,0,0,1,1,1],"minPos":{"x":-45,"y":-21,"z":0},"maxPos":{"x":45,"y":21,"z":0}},"packable":true,"pixelsToUnit":100,"pivot":{"x":0.5,"y":0.5},"meshType":0}],[1],0,[0],[1],[7]]]]
