[1,["9613b896-09e5-42b3-b9a8-062c17cabc70@6c48a","70a1959d-3fcd-499f-94a6-caba14b06ad4@6c48a"],0,[["sp.SkeletonData",["_name","_atlasText","textureNames","_skeletonJson","textures"],-1,3]],[[0,0,1,2,3,4,5]],[[0,"shandian","\r\nshandian.png\r\nsize: 1024,1024\r\nformat: RGBA8888\r\nfilter: Linear,Linear\r\nrepeat: none\r\n1 (1)\r\n  rotate: false\r\n  xy: 2, 606\r\n  size: 300, 300\r\n  orig: 300, 300\r\n  offset: 0, 0\r\n  index: -1\r\n1 (10)\r\n  rotate: false\r\n  xy: 2, 304\r\n  size: 300, 300\r\n  orig: 300, 300\r\n  offset: 0, 0\r\n  index: -1\r\n1 (11)\r\n  rotate: false\r\n  xy: 304, 606\r\n  size: 300, 300\r\n  orig: 300, 300\r\n  offset: 0, 0\r\n  index: -1\r\n1 (2)\r\n  rotate: false\r\n  xy: 2, 2\r\n  size: 300, 300\r\n  orig: 300, 300\r\n  offset: 0, 0\r\n  index: -1\r\n1 (3)\r\n  rotate: false\r\n  xy: 304, 304\r\n  size: 300, 300\r\n  orig: 300, 300\r\n  offset: 0, 0\r\n  index: -1\r\n1 (4)\r\n  rotate: false\r\n  xy: 606, 606\r\n  size: 300, 300\r\n  orig: 300, 300\r\n  offset: 0, 0\r\n  index: -1\r\n1 (5)\r\n  rotate: false\r\n  xy: 304, 2\r\n  size: 300, 300\r\n  orig: 300, 300\r\n  offset: 0, 0\r\n  index: -1\r\n1 (6)\r\n  rotate: false\r\n  xy: 606, 304\r\n  size: 300, 300\r\n  orig: 300, 300\r\n  offset: 0, 0\r\n  index: -1\r\n1 (7)\r\n  rotate: false\r\n  xy: 606, 2\r\n  size: 300, 300\r\n  orig: 300, 300\r\n  offset: 0, 0\r\n  index: -1\r\n\r\nshandian22.png\r\nsize: 1024,512\r\nformat: RGBA8888\r\nfilter: Linear,Linear\r\nrepeat: none\r\n1 (8)\r\n  rotate: false\r\n  xy: 2, 2\r\n  size: 300, 300\r\n  orig: 300, 300\r\n  offset: 0, 0\r\n  index: -1\r\n1 (9)\r\n  rotate: false\r\n  xy: 304, 2\r\n  size: 300, 300\r\n  orig: 300, 300\r\n  offset: 0, 0\r\n  index: -1\r\n",["shandian.png","shandian22.png"],{"skeleton":{"hash":"6TIQOEKFwm6vSXCeiSNsolDNNC8","spine":"3.6.53","width":300,"height":300,"images":"./1 (1)/"},"bones":[{"name":"root"}],"slots":[{"name":"1 (1)","bone":"root","attachment":"1 (9)","blend":"additive"}],"skins":{"default":{"1 (1)":{"1 (1)":{"width":300,"height":300},"1 (10)":{"width":300,"height":300},"1 (11)":{"width":300,"height":300},"1 (2)":{"width":300,"height":300},"1 (3)":{"width":300,"height":300},"1 (4)":{"width":300,"height":300},"1 (5)":{"width":300,"height":300},"1 (6)":{"width":300,"height":300},"1 (7)":{"width":300,"height":300},"1 (8)":{"width":300,"height":300},"1 (9)":{"width":300,"height":300}}}},"animations":{"animation":{"slots":{"1 (1)":{"attachment":[{"time":0,"name":"1 (1)"},{"time":0.1,"name":"1 (2)"},{"time":0.2,"name":"1 (3)"},{"time":0.3,"name":"1 (4)"},{"time":0.4,"name":"1 (5)"},{"time":0.5,"name":"1 (6)"},{"time":0.6,"name":"1 (7)"},{"time":0.7,"name":"1 (8)"},{"time":0.8,"name":"1 (9)"},{"time":0.9,"name":"1 (10)"},{"time":1,"name":"1 (11)"}]}}}}},[0,1]]],0,0,[0,0],[-1,-2],[0,1]]
