[1,["14fd40b05@6c48a"],["_textureSource"],["cc.SpriteFrame","cc.SpriteAtlas"],0,[[[{"name":"auto_common_starlight","spriteFrames":["btn_off","2aQN+W3PpPgKhdSnpCfzZM@f9941","icon_dt_loading_0","1f5WeuVz5MjKHYSwec7P9R@f9941","icon_dt_loading_1","9eN78uKaRE5KEgtkyHKIMD@f9941"]}],[1],0,[],[],[]],[[{"name":"icon_dt_loading_0","rect":{"x":3,"y":71,"width":796,"height":48},"offset":{"x":0,"y":0},"originalSize":{"width":796,"height":48},"rotated":true,"capInsets":[0,0,0,0],"packable":true,"pixelsToUnit":100,"pivot":{"x":0.5,"y":0.5},"meshType":0}],[0],0,[0],[0],[0]],[[{"name":"btn_off","rect":{"x":3,"y":3,"width":62,"height":62},"offset":{"x":0,"y":0},"originalSize":{"width":62,"height":62},"rotated":false,"capInsets":[0,0,0,0],"packable":true,"pixelsToUnit":100,"pivot":{"x":0.5,"y":0.5},"meshType":0}],[0],0,[0],[0],[0]],[[{"name":"icon_dt_loading_1","rect":{"x":57,"y":71,"width":772,"height":24},"offset":{"x":0,"y":0},"originalSize":{"width":772,"height":24},"rotated":true,"capInsets":[11,0,11,0],"packable":true,"pixelsToUnit":100,"pivot":{"x":0.5,"y":0.5},"meshType":0}],[0],0,[0],[0],[0]]]]
