[1,["19GONIvIhMTq1BPltTJXfw","92TV9zMHNBUYnWqxQ8WrUV@f9941","2aQN+W3PpPgKhdSnpCfzZM@f9941","95EJ59yi5C6pcrs8sfMVNT@f9941","9dX1uQ5lVAUoX7GsV/q8QO","4bk8zRb9tPc6v/b5/KQzcl@f9941","f5FbxlrnJIWrDtj/oTafi8","1f5WeuVz5MjKHYSwec7P9R@f9941","9eN78uKaRE5KEgtkyHKIMD@f9941","4bk8zRb9tPc6v/b5/KQzcl@6c48a","92TV9zMHNBUYnWqxQ8WrUV@6c48a"],["node","_spriteFrame","_atlas","_textureSource","root","_target","_barSprite","data","_file","_normalSprite","spriteFrame"],[["cc.Node",["_name","_active","_layer","_components","_prefab","_parent","_children","_lpos"],0,9,4,1,2,5],["cc.Sprite",["_sizeMode","_type","node","__prefab","_spriteFrame","_atlas"],1,1,4,6,6],["cc.UITransform",["node","__prefab","_contentSize","_anchorPoint"],3,1,4,5,5],["cc.Label",["_actualFontSize","_fontSize","_string","_enableOutline","_lineHeight","_isBold","_outlineWidth","node","__prefab","_outlineColor","_color"],-4,1,4,5,5],"cc.SpriteAtlas","cc.SpriteFrame",["cc.Widget",["_alignFlags","_originalWidth","_originalHeight","_right","_top","node","__prefab"],-2,1,4],["cc.Prefab",["_name"],2],["cc.Node",["_name","_layer","_parent","_children","_components","_prefab","_lpos"],1,1,2,12,4,5],["cc.CompPrefabInfo",["fileId"],2],["cc.BlockInputEvents",["node","__prefab"],3,1,4],["cc.PrefabInfo",["fileId","instance","targetOverrides","nestedPrefabInstanceRoots","root","asset"],-1,1,1],["cc.Button",["_transition","_zoomScale","node","__prefab","_normalColor","_target","_normalSprite"],1,1,4,5,1,6],["cc.ProgressBar",["_totalLength","_progress","node","__prefab","_barSprite"],1,1,4,1],["cc.Layout",["_layoutType","_horizontalDirection","node","__prefab"],1,1,4],["cc.LabelOutline",["node","__prefab"],3,1,4],["cc.ParticleSystem2D",["_name","_dstBlendFactor","emissionRate","life","lifeVar","angle","angleVar","startSize","startSizeVar","endSize","speed","speedVar","tangentialAccel","startRadius","_totalParticles","node","__prefab","posVar","_startColor","_startColorVar","_endColor","_endColorVar","_file","_spriteFrame"],-12,1,4,5,5,5,5,5,6,6],["cc.ParticleAsset",["_name","_native"],1]],[[9,0,2],[11,0,1,2,3,4,5,5],[2,0,1,2,1],[0,0,1,5,3,4,7,3],[0,0,5,3,4,7,2],[6,0,1,2,5,6,4],[1,1,0,2,3,4,5,3],[15,0,1,1],[7,0,2],[0,0,6,3,4,2],[0,0,5,6,3,4,2],[0,0,5,6,3,4,7,2],[0,0,2,5,3,4,3],[8,0,1,2,3,4,5,6,3],[2,0,1,2,3,1],[2,0,1,3,1],[6,0,3,4,5,6,4],[10,0,1,1],[1,0,2,3,4,2],[1,0,2,3,4,5,2],[1,1,0,2,3,3],[12,0,1,2,3,4,5,6,3],[13,0,1,2,3,4,3],[14,0,1,2,3,3],[3,2,0,1,4,5,3,7,8,7],[3,2,0,1,3,6,7,8,9,6],[3,0,1,7,8,10,3],[16,0,1,2,3,4,5,6,7,8,9,10,11,12,13,14,15,16,17,18,19,20,21,22,23,16],[17,0,1,3]],[[[[8,"prefab_moneyComing_loading"],[9,"prefab_moneyComing_loading",[-5,-6,-7,-8,-9,-10],[[2,-2,[0,"95G9Q2rrxOf531huoVR2hh"],[5,1334,749.9999999999999]],[5,45,1600,800,-3,[0,"d6bi/ZBMlLDJKmO8BGzyJ0"]],[17,-4,[0,"abCN0+ip1JDrGrBwYyBve6"]]],[1,"c46/YsCPVOJYA4mWEpNYRx",null,null,null,-1,0]],[3,"props_btn_return",false,1,[[2,-11,[0,"34MXMqm8tJl4aptSoj1mT0"],[5,62,62]],[6,1,0,-12,[0,"efPpZlLK9Bx7XhYEaNvyA0"],7,8],[21,3,0.9,-14,[0,"50lHvjEYJKz7V5fuPW+T3f"],[4,4292269782],-13,9],[16,33,19,19,-15,[0,"8f16TZ0+hM0IdpRhoeRXaq"]]],[1,"f92iOpz1BOm4fx81jeUPJo",null,null,null,1,0],[1,750,350,0]],[10,"spr_loading_bg",1,[-19],[[2,-16,[0,"2dAlhPiJZL66t/Mrt4YOC8"],[5,1334,749.9999999999999]],[18,0,-17,[0,"56spWBZwZPFqI1FPaH1GJe"],2],[5,45,1677.2839999999999,895.951,-18,[0,"4dh+4MQwFOqrqNwKECVqE0"]]],[1,"31apFmkSFGu7sod7t8hU18",null,null,null,1,0]],[11,"props_progressBar",1,[-24],[[2,-20,[0,"4a8+y6XDxEQr8hbZgEjeAM"],[5,796,48]],[6,1,2,-21,[0,"d08weecPdKrJ9ugCcFoq/9"],5,6],[22,772,0,-23,[0,"436WBbpDtLgbE0pTUV5Ie/"],-22]],[1,"fec6yKf79Ol5KiHUCoGEgs",null,null,null,1,0],[1,0,-240,0]],[13,"Bar",33554432,4,[-28],[[[14,-25,[0,"13d+QgNTlEV43LJyAlKVJR"],[5,0,24],[0,0,0.5]],-26,[23,1,1,-27,[0,"956MRv4QZGSapduKIX5RRA"]]],4,1,4],[1,"4cLTz1fL5GbLkDByQaOO+c",null,null,null,1,0],[1,-387,0,0]],[4,"props_progressTip",1,[[2,-29,[0,"a1ian5eYJGSI7OIk8mlVL7"],[5,32.90062749348619,41.800000000000004]],[24,"0%",28.815592203898053,20,30,true,true,-30,[0,"c5PzQEQGBIMLmT4C4KABUP"]],[7,-31,[0,"47Bt1gyQpJnbqOy3gOa+z2"]]],[1,"daKwI+zzdAcZUiomyJ9HL4",null,null,null,1,0],[1,0,-240,0]],[3,"props_version",false,1,[[2,-32,[0,"9fbB2jxUFAfJo6QcYlGF7L"],[5,15.32,52.4]],[25,"--",20,20,true,1,-33,[0,"8akcfFcGlO7oL4DTObNcZr"],[4,4278979598]],[7,-34,[0,"daOzuaMEJLXqeU/PapxFnU"]]],[1,"e6Lv3yj2BBsIvIVyaib8O5",null,null,null,1,0],[1,0,-280,0]],[4,"word_loading_blue_1",3,[[2,-35,[0,"0aYVifTsFAILONAAW95jeM"],[5,483,27]],[19,2,-36,[0,"dcXFlA8b1FOZeynD33Q31w"],0,1]],[1,"2ax+ABYZxA15pJeEkBu/D0",null,null,null,1,0],[1,0,-300,0]],[12,"fire",33554432,5,[[15,-37,[0,"19njPKXm9HQ7O+aIYTRVKF"],[0,1,0.5]],[27,"Node<ParticleSystem2D>",1,50,0.3,0.1,180,0,20,5,30,30,20,0,100,100,-38,[0,"44feybk6xNmq20Tv4KA4+N"],[0,10,5],[4,65535],[4,5570560],[4,4278190335],[4,4281597952],3,4]],[1,"f6nBPdb6JFV56yuDVq9wf0",null,null,null,1,0]],[3,"props_error_log",false,1,[[2,-39,[0,"3ehB/J2LFKC4xBFUP6+ryW"],[5,42.26,50.4]],[26,20,20,-40,[0,"492ORR+0JHpqyM+0G0pn9g"],[4,4278190335]]],[1,"c3RCYNuf9EUqdlabfFxQwz",null,null,null,1,0],[1,0,348.217,0]],[20,2,0,5,[0,"70Ty6fwlhNPqCrjLTbIByX"]]],0,[0,4,1,0,0,1,0,0,1,0,0,1,0,-1,3,0,-2,4,0,-3,6,0,-4,10,0,-5,2,0,-6,7,0,0,2,0,0,2,0,5,2,0,0,2,0,0,2,0,0,3,0,0,3,0,0,3,0,-1,8,0,0,4,0,0,4,0,6,11,0,0,4,0,-1,5,0,0,5,0,-2,11,0,0,5,0,-1,9,0,0,6,0,0,6,0,0,6,0,0,7,0,0,7,0,0,7,0,0,8,0,0,8,0,0,9,0,0,9,0,0,10,0,0,10,0,7,1,40],[0,0,0,0,0,0,0,0,0,0,11,11],[1,2,1,8,1,1,2,1,2,9,1,2],[3,4,5,6,1,7,0,2,0,2,8,0]],[[{"name":"auto_common_starlight","spriteFrames":["btn_off","2aQN+W3PpPgKhdSnpCfzZM@f9941","icon_dt_loading_0","1f5WeuVz5MjKHYSwec7P9R@f9941","icon_dt_loading_1","9eN78uKaRE5KEgtkyHKIMD@f9941"]}],[4],0,[],[],[]],[[{"name":"enter","rect":{"x":0,"y":0,"width":1136,"height":640},"offset":{"x":0,"y":0},"originalSize":{"width":1136,"height":640},"rotated":false,"capInsets":[0,0,0,0],"vertices":{"rawPosition":[-568,-320,0,568,-320,0,-568,320,0,568,320,0],"indexes":[0,1,2,2,1,3],"uv":[0,640,1136,640,0,0,1136,0],"nuv":[0,0,1,0,0,1,1,1],"minPos":{"x":-568,"y":-320,"z":0},"maxPos":{"x":568,"y":320,"z":0}},"packable":true,"pixelsToUnit":100,"pivot":{"x":0.5,"y":0.5},"meshType":0}],[5],0,[0],[3],[9]],[[{"name":"fire","rect":{"x":1,"y":1,"width":29,"height":29},"offset":{"x":-0.5,"y":0.5},"originalSize":{"width":32,"height":32},"rotated":false,"capInsets":[0,0,0,0],"vertices":{"rawPosition":[-14.5,-14.5,0,14.5,-14.5,0,-14.5,14.5,0,14.5,14.5,0],"indexes":[0,1,2,2,1,3],"uv":[1,31,30,31,1,2,30,2],"nuv":[0.03125,0.0625,0.9375,0.0625,0.03125,0.96875,0.9375,0.96875],"minPos":{"x":-14.5,"y":-14.5,"z":0},"maxPos":{"x":14.5,"y":14.5,"z":0}},"packable":true,"pixelsToUnit":100,"pivot":{"x":0.5,"y":0.5},"meshType":0}],[5],0,[0],[3],[10]],[[{"name":"auto-starlight","spriteFrames":["icon_xggz_bangzhu_1","7awy3P5FpJp58MgSJwcaTE@f9941","word_spin","7dVqZiix9FcbtWo925nrNz@f9941","zi_tanchuang_title","87CuXK9z1PiYPr3RVn8xj8@f9941","icon_xggz_bangzhu_3","85WkQMULVCWqCPe8egAdhE@f9941","bg_input_box","81v3sOgWBNUa8upNY2SjIO@f9941","bg_starlight_operate_box_gold","a7Mto4LnhD9oTBQdE793nx@f9941","btn_xggz_caozuobox_jian","18eirF6cFJm7sLULVqAlaw@f9941","btn_xggz_caozuobox_jian_1","36VLUEjwBAnbyCfF65YTsk@f9941","word_exit","c1nr9h2LFHH44EdQLH0hgX@f9941","btn_xggz_caozuobox_jia","38MOAlI1xEnIngxkM+VTZB@f9941","btn_xggz_caozuobox_jia_0","e6/C0eIfpCT6iVmlachU7q@f9941","btn_xggx_caidan","aa6ofZFURCnbdd/PyDRH8g@f9941","btn_KONFIRMASI","06Im8otFhHXbPbq+KDmma5@f9941","zi_bonusaktif","e4wIBBvYlDu6gNDX6jAj9v@f9941","zi_totalwin","a5D2wvh7VPt4dMynCQ5pYF@f9941","icon_kaiguan_duihao","64AQruG/ZIUqQ1N2WPDVMi@f9941","icon_kaiguan_jiantou","31YypLdP5E7LeDSHHy18MT@f9941","zi_on","b3PWj4Sr1C/5/9oqIemL1e@f9941","bg_zhuanpan_2","93Z2SgjadGvJvpYzlN0plF@f9941","zi_ting","49YsEB6z1LVa+83AnzJsIB@f9941","zi_ting2","84WBUhxepJ24z4ICF3BIWb@f9941","zi_selamat","edXWdVOZpMFqNwtzrK0NEZ@f9941","word_title_zidong","2fQAOb5RZOfqSVQfCEt014@f9941","zi_dalam","88yqOKn8ZNB6P0NISR4JYt@f9941","zi_goumaixiaoyouxi","22JGyy6cFJwb7F59jZCYlV@f9941","zi_autoplay","05eJDc4kVAtZPyD4OlBvT+@f9941","word_set","52YkSTtV5OH6Lc96O7amQz@f9941","zi_putaran","77/R6/2xpL5KR18Ytn3Lbv@f9941","zi_off","effkMRkI5EaJaFsyS+rp02@f9941","bg_zidongyouxi_box_nei","e2slTFOtpMgLQaA5kPRHcm@f9941","bg_starlight_item_box_tiao","79Wf1lTtJB9q3nEotX2i96@f9941","zi_4","b0XKLfhdxP2JzAt2Up75G6@f9941","word_info","680AeAigFObqwpIkuHvD7f@f9941","zi_3","c0EesY8SdKjJD3nET1IqUq@f9941","bg_starlight_gandabox","55i+1f4kNH6JFLkFp+7lkK@f9941","zi_belipermainan","2dMfG/pwhNIY/sHORdQZzn@f9941","SOUND","6cXwPTtBVL8417uth1FS4v@f9941","word_loading2","5fl+SnxJZE8a4kG2y2J0Tc@f9941","btn_shezhi_off","21ssb0hL9ERZURvNjGYcVf@f9941","btn_shezhi_on","45Hn/ZZMFJ9qq8bOw/HD/b@f9941","zi_anda","f92po+PhZAnonVI0ZorDdI@f9941","bg_free_box","c1uxiDQH9HkZPQNuVpIPii@f9941","bg_starlight_ganda_kaiguan","99kAvFvkBKh6WRC5pwd9a2@f9941","icon_bank_gold","88uE9Vk+FLeYIW00DdOjXX@f9941","btn_olpn_kaiguan","d8pQvxQQJAPJ9sb9rnLowU@f9941","word_vip","30ZHIGH4NIJrFnFgittv96@f9941","btn_jinbi_jia","276KM7NIBJVIxFkX6655WB@f9941","zi_win","a0HtrbOiJKUYVnS+OtBqTb@f9941","bg_starlight_zhuanpan_1","40bAfYmtlPjJkV7u1Be5NZ@f9941","icon_xggz_bangzhu_4","9d0M/K2ORFxapv09sIm14J@f9941","word_loading1","70uZ9A5S1CTZAw3BRZhpPV@f9941","btn_zidongyouxi_xuanzhong","4bakJvG1hIO7Pr7ECSbeah@f9941","zi_2","10R1gBJQ5HAo4NaXPalYnB@f9941","btn_banghzu_fanye","f0pQAdJPdM96u7fgsdku59@f9941","zi_1","caHkHdfwJOO4ngbLtS5+/6@f9941","word_loading_blue_1","95EJ59yi5C6pcrs8sfMVNT@f9941","btn_xggz_kuaisu_0","23jfNaCZZKa6tK0S6E3Nyd@f9941","zi_shezhi","a6XjBU0VtNTZI1osmBuDCg@f9941","icon_olps_xuanzhong","89SOFLccFEF7tm0ZL9GXcE@f9941","zi_maksimum","d7y6kly61K25FfO9B1ZbWs@f9941","zi_ganda","19F0wHfm5E0ZThs8vkwIKb@f9941","icon_xggz_bangzhu_2","87/zu703BFpJUKhWZaZXj5@f9941","img_arow","17ReWv4XFPJLmA6o05fcXs@f9941","zi_spin","48GoI70TNJNYih5wqqaaG5@f9941","bg_starlight_beli_box","6a1sX95XtPHoyWSZVCGpNI@f9941","bg_starlight_rate_box","efybyGgbREnLasMosHgpm6@f9941","bg_starlight_operate_box_win","f7/spbczlOKJF7BhFNzNvf@f9941","bg_starlight_buy_sg_box","04HXeUMZdJzo41DNZuWHrU@f9941","btn_xggz_goumaixiaoyouxi_on","7e57yAwRNDmIYo4Ackt5WO@f9941","btn_xggz_goumaixiaoyouxi_off","5bW5J5OPRIE5ivWITABLrF@f9941","bg_starlight_free_box","86yQVtyvFDO7G5dRBlIy5n@f9941","bg_starlight_item_box","f4ztoxrjJNj79BL5+hCsna@f9941","zi_shengyumiafneicishu","12eGr+ssBDY5V9PZ6+4Cwo@f9941","bg_starlight_zhongjaingdinglan","7edDCEV61Bpa0mP3uVetBo@f9941","zi_kesempatan","acQl6G2whJE6BKC5KFbDxK@f9941","btn_vip","5fk/0zsf5AwLwFniHOAmnK@f9941","MUSIC","a0J4oqR5RD06LHxEoITkWc@f9941","bg_set_box","57h2ACNCtPJ7cyK/LTYxoN@f9941","zi_goodluck","dbhhVEFvpGArXQ+G733DNo@f9941","btn_set","6dzxK2cNRPBqX9+fm68uqm@f9941","SETTINGS","4eE8de1OdJvKoh72LSyWKP@f9941","btn_info","89sigCxEFJGY5py8LiLlKK@f9941","word_title_bangzhu","bayGOm4E1Hu6+KxsdXkbjK@f9941","btn_exit","e350yGmEtMCK0s9LcLxoqH@f9941","btn_xggz_autobox","8eMwUCJj5NqImrLcIkiDJv@f9941","btn_zidongyouxi_weixuan","9aj/QxhElNRrP9/l00KaVs@f9941","btn_xggz_kuaisu_1","33IvWai8dC54CqebR8y4Zv@f9941","img_stop","708zdc301NFJHx5oIeKbOh@f9941","btn_tanchaugn_off","deNiUE8sRJVJD9ODh7QirK@f9941","bg_set_box_nei","9dl08EB0JIhar6qb9Kdik6@f9941","btn_xggz_caozuobox_spin2","5fPl1NYK5IyIcgZ2cAqN59@f9941","btn_xggz_caozuobox_spin","6dSVJOz6pJgJKniPbXXcwW@f9941","bg_zidongyouxibox","ecOz0rNopJdqJkhSZ/TQ5D@f9941"]}],[4],0,[],[],[]],[[[28,"fire",".plist"],-1],0,0,[0],[10],[1]]]]
