[1,["4d6335b8-8872-46eb-ab07-becd2b170ceb@f9941","4d6335b8-8872-46eb-ab07-becd2b170ceb@6c48a","5c994569-17b1-46f9-8246-2e708937dd7c@f9941","9799f632-185b-414f-9d3e-4a4e731da0c1@f9941","d86b62cf-29e4-4475-8777-d921d8968cb3@f9941","e925f2eb-30e7-45f3-bd6f-b858fb7107a0@f9941","a64ca82e-2f0e-4fd6-864c-43f516cff7b4@f9941","6ba2f0cb-2853-4606-98ad-5cb919dca798@f9941","b20ccd22-43b3-4be2-ac22-f0c83079ad25","9c3ef7ff-9ce9-4b6d-822b-7e16de2b0d23","5c994569-17b1-46f9-8246-2e708937dd7c@6c48a","6ba2f0cb-2853-4606-98ad-5cb919dca798@6c48a","9799f632-185b-414f-9d3e-4a4e731da0c1@6c48a","532eb94a-b48c-43b5-831b-af3ad5d4cd43@6c48a","a64ca82e-2f0e-4fd6-864c-43f516cff7b4@6c48a","8746a804-62b7-4cd3-abc3-760630002dfd@6c48a","d86b62cf-29e4-4475-8777-d921d8968cb3@6c48a","e925f2eb-30e7-45f3-bd6f-b858fb7107a0@6c48a"],["node","_spriteFrame","_textureSource","_skeletonData","root","data"],["cc.SpriteFrame",["cc.Node",["_name","_layer","_components","_prefab","_parent","_children","_lpos","_lscale"],1,9,4,1,2,5,5],["cc.UITransform",["node","__prefab","_contentSize"],3,1,4,5],["cc.Prefab",["_name"],2],["cc.CompPrefabInfo",["fileId"],2],["cc.PrefabInfo",["fileId","instance","targetOverrides","nestedPrefabInstanceRoots","root","asset"],-1,1,1],["cc.Sprite",["_sizeMode","node","__prefab","_spriteFrame"],2,1,4,6],["sp.Skeleton",["defaultSkin","defaultAnimation","_preCacheMode","node","__prefab","_skeletonData"],0,1,4,6],["sp.SkeletonData",["_name","_native","_atlasText","textureNames","textures"],-1,3]],[[4,0,2],[5,0,1,2,3,4,5,5],[2,0,1,2,1],[6,0,1,2,3,2],[1,0,1,4,2,3,3],[1,0,1,4,2,3,6,3],[7,0,1,2,3,4,5,4],[8,0,1,2,3,4,5],[3,0,2],[1,0,1,5,2,3,3],[1,0,1,4,5,2,3,3],[1,0,1,4,2,3,6,7,3],[2,0,1,1]],[[[{"name":"LuckywheelNum5","rect":{"x":56,"y":63,"width":368,"height":360},"offset":{"x":-2,"y":-1},"originalSize":{"width":484,"height":484},"rotated":false,"capInsets":[0,0,0,0],"vertices":{"rawPosition":[-184,-180,0,184,-180,0,-184,180,0,184,180,0],"indexes":[0,1,2,2,1,3],"uv":[56,421,424,421,56,61,424,61],"nuv":[0.11570247933884298,0.12603305785123967,0.8760330578512396,0.12603305785123967,0.11570247933884298,0.8698347107438017,0.8760330578512396,0.8698347107438017],"minPos":{"x":-184,"y":-180,"z":0},"maxPos":{"x":184,"y":180,"z":0}},"packable":true,"pixelsToUnit":100,"pivot":{"x":0.5,"y":0.5},"meshType":0}],[0],0,[0],[2],[1]],[[[8,"lucky_wheel"],[9,"lucky_wheel",33554432,[-3,-4,-5,-6,-7,-8,-9,-10,-11],[[2,-2,[0,"25B4fCujBK2Kh7eRL2gfoK"],[5,512,512]]],[1,"c46/YsCPVOJYA4mWEpNYRx",null,null,null,-1,0]],[10,"center",33554432,1,[-14],[[2,-12,[0,"21BdaSJX5AurJBYvlXAgpr"],[5,101,101]],[3,0,-13,[0,"ffvskDdx9EppCWx5GIWcR9"],7]],[1,"daPG7gyrpIcIbvtiP9GDJI",null,null,null,1,0]],[4,"frame",33554432,1,[[2,-15,[0,"a6wfo0s5FMgbIfa8PUzT+t"],[5,512,512]],[3,0,-16,[0,"2aamw3UNZOBooTp/aexj9P"],0]],[1,"b5e36JHZZHr7u+Mxq4EBIz",null,null,null,1,0]],[5,"money_bg",33554432,1,[[2,-17,[0,"49o3qYS51LU6XG/oSXW5RV"],[5,410,410]],[3,0,-18,[0,"51plIuy1VH7598gCOoiIY/"],1]],[1,"68se9+xghDtK/gAA/x8tu6",null,null,null,1,0],[1,0,5,0]],[4,"money",33554432,1,[[2,-19,[0,"67oaNWIptOzrJQLVA7HVKi"],[5,380,380]],[3,0,-20,[0,"49mjz+I+pI7LDUHWACzxFE"],2]],[1,"cdaUp0eY5G4rrGBAk2xccp",null,null,null,1,0]],[4,"money_upgrade",33554432,1,[[2,-21,[0,"fdEA1rnTRKfYNTOeGSYC4J"],[5,380,380]],[3,0,-22,[0,"d1IBzVVPhChbhhrV/SXZyK"],3]],[1,"1fOIP0voVKvq49y2oK8x8w",null,null,null,1,0]],[11,"circle",33554432,1,[[2,-23,[0,"2d827PWWZJPoWA1hHh7N5c"],[5,512,512]],[3,0,-24,[0,"f3lrdEkztHAIonHLTfKaRd"],4]],[1,"18WweQ6GRNZ60QD4Ljbsq/",null,null,null,1,0],[1,0,3,0],[1,0.94,0.7,1]],[5,"arrow",33554432,1,[[2,-25,[0,"6areougxBPOqPqbv0ZdQkV"],[5,100,80]],[3,0,-26,[0,"2cEpfbVWNLdYvyvDeb/ocm"],5]],[1,"eaiMj4XfNNI5H7/lyyalBP",null,null,null,1,0],[1,0,225.338,0]],[4,"currency",33554432,2,[[2,-27,[0,"02OtPDX/dD3ZSNXVEraoe4"],[5,54,54]],[3,0,-28,[0,"c7C70B1m9CkIszkP95nXhC"],6]],[1,"c8WeVkP9FFH64sZI5XP4cR",null,null,null,1,0]],[4,"wheel",33554432,1,[[12,-29,[0,"24whoZaXpFWoBqBIkswy6J"]],[6,"default","<None>",0,-30,[0,"67wULGesdK+4MIn4PL3RLh"],8]],[1,"48jnO8uTND+YVqDiJkWFec",null,null,null,1,0]],[4,"target_coin",33554432,1,[[2,-31,[0,"74eO/HaTBCL4+bW86rup0c"],[5,100,199]],[6,"default","<None>",0,-32,[0,"c8PhgZBTxFJpQa6T+8ElN5"],9]],[1,"08IoKsagNFW6b180nlxJvu",null,null,null,1,0]]],0,[0,4,1,0,0,1,0,-1,3,0,-2,4,0,-3,5,0,-4,6,0,-5,7,0,-6,8,0,-7,2,0,-8,10,0,-9,11,0,0,2,0,0,2,0,-1,9,0,0,3,0,0,3,0,0,4,0,0,4,0,0,5,0,0,5,0,0,6,0,0,6,0,0,7,0,0,7,0,0,8,0,0,8,0,0,9,0,0,9,0,0,10,0,0,10,0,0,11,0,0,11,0,5,1,32],[0,0,0,0,0,0,0,0,0,0],[1,1,1,1,1,1,1,1,3,3],[2,3,0,0,4,5,6,7,8,9]],[[{"name":"Luckywheel1","rect":{"x":12,"y":12,"width":486,"height":494},"offset":{"x":0,"y":-3},"originalSize":{"width":510,"height":512},"rotated":false,"capInsets":[0,0,0,0],"vertices":{"rawPosition":[-243,-247,0,243,-247,0,-243,247,0,243,247,0],"indexes":[0,1,2,2,1,3],"uv":[12,500,498,500,12,6,498,6],"nuv":[0.023529411764705882,0.01171875,0.9764705882352941,0.01171875,0.023529411764705882,0.9765625,0.9764705882352941,0.9765625],"minPos":{"x":-243,"y":-247,"z":0},"maxPos":{"x":243,"y":247,"z":0}},"packable":true,"pixelsToUnit":100,"pivot":{"x":0.5,"y":0.5},"meshType":0}],[0],0,[0],[2],[10]],[[{"name":"Luckywheel3","rect":{"x":193,"y":190,"width":123,"height":123},"offset":{"x":-0.5,"y":4.5},"originalSize":{"width":510,"height":512},"rotated":false,"capInsets":[0,0,0,0],"vertices":{"rawPosition":[-61.5,-61.5,0,61.5,-61.5,0,-61.5,61.5,0,61.5,61.5,0],"indexes":[0,1,2,2,1,3],"uv":[193,322,316,322,193,199,316,199],"nuv":[0.3784313725490196,0.388671875,0.6196078431372549,0.388671875,0.3784313725490196,0.62890625,0.6196078431372549,0.62890625],"minPos":{"x":-61.5,"y":-61.5,"z":0},"maxPos":{"x":61.5,"y":61.5,"z":0}},"packable":true,"pixelsToUnit":100,"pivot":{"x":0.5,"y":0.5},"meshType":0}],[0],0,[0],[2],[11]],[[{"name":"Luckywheel2","rect":{"x":45,"y":44,"width":393,"height":393},"offset":{"x":-0.5,"y":1.5},"originalSize":{"width":484,"height":484},"rotated":false,"capInsets":[0,0,0,0],"vertices":{"rawPosition":[-196.5,-196.5,0,196.5,-196.5,0,-196.5,196.5,0,196.5,196.5,0],"indexes":[0,1,2,2,1,3],"uv":[45,440,438,440,45,47,438,47],"nuv":[0.09297520661157024,0.09710743801652892,0.9049586776859504,0.09710743801652892,0.09297520661157024,0.9090909090909091,0.9049586776859504,0.9090909090909091],"minPos":{"x":-196.5,"y":-196.5,"z":0},"maxPos":{"x":196.5,"y":196.5,"z":0}},"packable":true,"pixelsToUnit":100,"pivot":{"x":0.5,"y":0.5},"meshType":0}],[0],0,[0],[2],[12]],[[[7,"wheel_vfx02",".bin","\nwheel_vfx02.png\nsize: 194,267\nformat: RGBA8888\nfilter: Linear,Linear\nrepeat: none\nLw_win_c01t\n  rotate: true\n  xy: 1, 118\n  size: 148, 192\n  orig: 148, 192\n  offset: 0, 0\n  index: -1\nLw_win_sp01\n  rotate: false\n  xy: 91, 1\n  size: 33, 34\n  orig: 34, 34\n  offset: 1, 0\n  index: -1\nhg\n  rotate: false\n  xy: 1, 8\n  size: 88, 108\n  orig: 97, 119\n  offset: 5, 2\n  index: -1\nhg2\n  rotate: true\n  xy: 91, 37\n  size: 79, 91\n  orig: 97, 119\n  offset: 9, 2\n  index: -1\n",["wheel_vfx02.png"],[0]],-1],0,0,[0],[-1],[13]],[[{"name":"Luckywheelcenter","rect":{"x":0,"y":0,"width":63,"height":71},"offset":{"x":-0.5,"y":0.5},"originalSize":{"width":64,"height":72},"rotated":false,"capInsets":[0,0,0,0],"vertices":{"rawPosition":[-31.5,-35.5,0,31.5,-35.5,0,-31.5,35.5,0,31.5,35.5,0],"indexes":[0,1,2,2,1,3],"uv":[0,72,63,72,0,1,63,1],"nuv":[0,0.013888888888888888,0.984375,0.013888888888888888,0,1,0.984375,1],"minPos":{"x":-31.5,"y":-35.5,"z":0},"maxPos":{"x":31.5,"y":35.5,"z":0}},"packable":true,"pixelsToUnit":100,"pivot":{"x":0.5,"y":0.5},"meshType":0}],[0],0,[0],[2],[14]],[[[7,"wheel_vfx01",".bin","\nwheel_vfx01.png\nsize: 765,350\nformat: RGBA8888\nfilter: Linear,Linear\nrepeat: none\nLW_efn_c01\n  rotate: false\n  xy: 565, 150\n  size: 199, 199\n  orig: 199, 199\n  offset: 0, 0\n  index: -1\nLW_efn_c02\n  rotate: false\n  xy: 1, 1\n  size: 345, 348\n  orig: 349, 352\n  offset: 2, 2\n  index: -1\nLW_fr_c01\n  rotate: false\n  xy: 685, 7\n  size: 30, 31\n  orig: 31, 31\n  offset: 0, 0\n  index: -1\nLW_fr_c03\n  rotate: true\n  xy: 685, 40\n  size: 108, 45\n  orig: 110, 47\n  offset: 1, 2\n  index: -1\nLW_fr_c05\n  rotate: true\n  xy: 565, 18\n  size: 130, 118\n  orig: 145, 125\n  offset: 7, 0\n  index: -1\nLW_fr_c06\n  rotate: true\n  xy: 732, 45\n  size: 103, 25\n  orig: 109, 29\n  offset: 2, 4\n  index: -1\neft_exp_04big\n  rotate: true\n  xy: 348, 131\n  size: 218, 215\n  orig: 232, 231\n  offset: 8, 7\n  index: -1\n",["wheel_vfx01.png"],[0]],-1],0,0,[0],[-1],[15]],[[{"name":"Luckywheel_Light","rect":{"x":25,"y":86,"width":459,"height":337},"offset":{"x":-0.5,"y":1.5},"originalSize":{"width":510,"height":512},"rotated":false,"capInsets":[0,0,0,0],"vertices":{"rawPosition":[-229.5,-168.5,0,229.5,-168.5,0,-229.5,168.5,0,229.5,168.5,0],"indexes":[0,1,2,2,1,3],"uv":[25,426,484,426,25,89,484,89],"nuv":[0.049019607843137254,0.173828125,0.9490196078431372,0.173828125,0.049019607843137254,0.83203125,0.9490196078431372,0.83203125],"minPos":{"x":-229.5,"y":-168.5,"z":0},"maxPos":{"x":229.5,"y":168.5,"z":0}},"packable":true,"pixelsToUnit":100,"pivot":{"x":0.5,"y":0.5},"meshType":0}],[0],0,[0],[2],[16]],[[{"name":"Luckywheel_Arrow","rect":{"x":3,"y":0,"width":94,"height":80},"offset":{"x":0,"y":0},"originalSize":{"width":100,"height":80},"rotated":false,"capInsets":[0,0,0,0],"vertices":{"rawPosition":[-47,-40,0,47,-40,0,-47,40,0,47,40,0],"indexes":[0,1,2,2,1,3],"uv":[3,80,97,80,3,0,97,0],"nuv":[0.03,0,0.97,0,0.03,1,0.97,1],"minPos":{"x":-47,"y":-40,"z":0},"maxPos":{"x":47,"y":40,"z":0}},"packable":true,"pixelsToUnit":100,"pivot":{"x":0.5,"y":0.5},"meshType":0}],[0],0,[0],[2],[17]]]]
