{"importBase":"import","nativeBase":"native","name":"fortuneTiger","deps":["main"],"uuids":["009/SwYYNEwZrbT0Wl2yhP@6c48a","009/SwYYNEwZrbT0Wl2yhP@f9941","01tyGfTR9IKbFTlWpglpUs","02oVOlcBZNdZL7YcgbQ+Bx@6c48a","05TXxurh9HzpwC3LeyzFgW@6c48a","05TXxurh9HzpwC3LeyzFgW@f9941","06VQQeavVEAI3bRA8pawvs@6c48a","09t0UgmR1HoKk/Jn/P1bFx@6c48a","09t0UgmR1HoKk/Jn/P1bFx@f9941","09wvXyMXtDMqhytGQ6KOgX@6c48a","09wvXyMXtDMqhytGQ6KOgX@f9941","0cc7CICOdFaYxpuVKC3cha@6c48a","0cc7CICOdFaYxpuVKC3cha@f9941","0cjRSDES9Dua/mtgLTADOD","0c6C8u2HFJC559qtAgg215@6c48a","0c6C8u2HFJC559qtAgg215@f9941","0d0Uqia6tCw5rXtuVQumhB","133pWav5JM2r+VdgKNAsP5@6c48a","133pWav5JM2r+VdgKNAsP5@f9941","16SvrAHvVOf7BWQAHZwejr@6c48a","009/SwYYNEwZrbT0Wl2yhP","01Fy6DTH1DpZsQAFAzi9uk","01cEkgu79JQ4d9glxVUN5b","01da048b6","02oVOlcBZNdZL7YcgbQ+Bx","02oVOlcBZNdZL7YcgbQ+Bx@f9941","033b4537f","05TXxurh9HzpwC3LeyzFgW","05cdbdd10","0603260e3","06VQQeavVEAI3bRA8pawvs","06VQQeavVEAI3bRA8pawvs@f9941","06+vXZJqdOy5G3wVPrgc6Y","08a44b85b","08b0fafc7","09585958a","09t0UgmR1HoKk/Jn/P1bFx","09wvXyMXtDMqhytGQ6KOgX","0afbdb406","0b6df8afb","0cc7CICOdFaYxpuVKC3cha","0c6C8u2HFJC559qtAgg215","0dDoTL4rlLp4C636fvBr3B","0d7b5bfc3","0e02fe6d6","0e9ec0a67","0eafe796e","16hI8BcS5CyYHz1CFblqI/@6c48a","16hI8BcS5CyYHz1CFblqI/@f9941","16xmeuSKBIU7t6ubzi++Kd@6c48a","16xmeuSKBIU7t6ubzi++Kd@f9941","17NGhOGRpHcaCHIFIkFfy6","17o+BWea5FUKyrg1A0taOl@6c48a","1akpiD9xRNE4mafD0fI4ZX@6c48a","1bTqKsr3JHqqQdOYBiaItG@6c48a","1cLpUhmsVI/LAUT7HTRh3q@6c48a","1caL10B9ZAK6YpdLufhLrM@6c48a","1eye7Cz3dLCYgol9EfSBcL","1ffJmSvjdD9LCFQL60QNc+@6c48a","1ffJmSvjdD9LCFQL60QNc+@f9941","212skK1PpHhqGqlvjiflNb@6c48a","22xCJ31fxK7oekFnemb23O@6c48a","25Ov49u1JLqJkiTUjgQ+MG@6c48a","25Ov49u1JLqJkiTUjgQ+MG@f9941","257MqYTnlGbKDdXJzAoHxu","28rt74iuNHkIU1Og3Wxjkh@6c48a","28rt74iuNHkIU1Og3Wxjkh@f9941","2aHNtsr0tF4LazH4P/xHEt@6c48a","2aRVJWPyFMRaJTNnm8foGC@6c48a","2aRVJWPyFMRaJTNnm8foGC@f9941","2aYHi63ZtKPIyN+ddnVo5N@6c48a","2bTu0AEHZI9ab6aiu0bnyv","2drVIx8rpJKI5ErHsUxeZI@6c48a","31LnnsrUpG6I+1bLMu7HoR","33RKcSabVCCrmSTqj52nKz@6c48a","33RKcSabVCCrmSTqj52nKz@f9941","34cSdQr4FHrbvRlGl5jPAv@6c48a","34cSdQr4FHrbvRlGl5jPAv@f9941","35qRxRt7pIY7GuaSeHzo/q@6c48a","35qRxRt7pIY7GuaSeHzo/q@f9941","39UmY/7YRK0ZtMZgcsWl49@6c48a","39ZVbwFu9C+bYsMh5+imS8@6c48a","3axP42CJNDLJ6/WJE2+1XM","3bkuCoI2tDz5gha0iJvP4T@6c48a","3bkuCoI2tDz5gha0iJvP4T@f9941","3ciXhSmORLo6dB/g+Rjjp/@6c48a","3ciXhSmORLo6dB/g+Rjjp/@f9941","3c7Dla4BRNuJ8xCtPjc+2o@6c48a","3dfSCbTU1DCqFSJFXyeYsM@6c48a","3dfSCbTU1DCqFSJFXyeYsM@f9941","3fLRYfBehLk6U2d49FtDmR@6c48a","3fLRYfBehLk6U2d49FtDmR@f9941","44iDxOHLJJDqhbC+Hmdcbd@6c48a","44iDxOHLJJDqhbC+Hmdcbd@f9941","48jDeAurpM87uy9VKJPkvi@6c48a","48jDeAurpM87uy9VKJPkvi@f9941","4c1KqXtJdKpIfCtSsrlV5y@6c48a","4e7xchQ1FDprp5BPPxjhAa","50+0ER0SRLnqI349+w8Urq@6c48a","51Hfratc5P1pwIStsUAkpJ@6c48a","51f2EXN9VKkbHPGW55FZQw@6c48a","53wXdswSZOKbBHByV2+qE0@6c48a","53wXdswSZOKbBHByV2+qE0@f9941","54INiBEWBMmr8qGlRk6PX1@6c48a","55gnTIMzJHuJ6NmbF0IQ/w@6c48a","56yxmej2FNgrrbPGslL4B6@6c48a","56yxmej2FNgrrbPGslL4B6@f9941","57mPYHoq1PqbXdiI38d2ul@6c48a","57mPYHoq1PqbXdiI38d2ul@f9941","59vjbgonVLppzjIPPGcgVF@6c48a","5bvnZq/N9GBKWVAjkRRR9p","5fr/tWUMNJQJvyRdRK7Yfr@6c48a","5fr/tWUMNJQJvyRdRK7Yfr@f9941","5f1DuV1rBDi5E0iGe0cnDw@6c48a","5f1DuV1rBDi5E0iGe0cnDw@f9941","61LpInDJ9L8I0PJy9FgmqF","61fHBWhvVKn5pLggTSd1eo@6c48a","62gIl/EY5J+YBXR653mlRB@6c48a","62gIl/EY5J+YBXR653mlRB@f9941","63lN+O9GlF/ZP1PGGoZsPo","64Ds7lxeBEYIuibZIk5Atp@6c48a","67ZGhMtSFC+ZFefmVSuO6b","69lF1FjlNPh6zC+9fu0GxA@6c48a","69lF1FjlNPh6zC+9fu0GxA@f9941","6cDNsX/tNG4K907rMu9W1p@6c48a","6dsMm9BHpJR5GcuHSKYHC0@6c48a","70CmhzFJFIpYlnYjHAyZ3i@6c48a","70CmhzFJFIpYlnYjHAyZ3i@f9941","70bCOS3ipC6qq+II+2G5me@6c48a","70bCOS3ipC6qq+II+2G5me@f9941","76ZblaiihCwbZNPCsIFCyc@6c48a","76ZblaiihCwbZNPCsIFCyc@f9941","76mC7v7ctL3LR9exnSJ93n@6c48a","78aFunc0NGTISYdxhkVwNd@6c48a","78aFunc0NGTISYdxhkVwNd@f9941","79OUwFGN5M3pqwTNTNfb2K@6c48a","79x+GggI1MsZYd+FDsY2AC@6c48a","79x+GggI1MsZYd+FDsY2AC@f9941","7acANG+h5Eq41wI+tPDZnx@6c48a","7acANG+h5Eq41wI+tPDZnx@f9941","7awVldAQ1E+IQxq1jBcurz@6c48a","7awVldAQ1E+IQxq1jBcurz@f9941","7dc381yZFNSp/Wx/1tDHJL","7eV4y8DedJMJsfY17EaUTt","7fn9C4PHNJMqIcEkJ+vUrO@6c48a","7fn9C4PHNJMqIcEkJ+vUrO@f9941","7f6UQcHzhGDaSXRfICl7xC@6c48a","7f6UQcHzhGDaSXRfICl7xC@f9941","81VXHAg3ZPkqDeFvf5odsj@6c48a","81sfNB2nlMz4IOMK+oCIg4","8224xIQz5LPISk3mg7meTF@6c48a","83cmTX8ENNILkYNGPGhA+0","83xC6V0tdGGKF0oMsWF7Fl@6c48a","83xC6V0tdGGKF0oMsWF7Fl@f9941","835zbh+6xOpI7GY1yFeCTJ","86nIbfFRhI7Jk7ZgEHlS15@6c48a","89RUmsHmpLvpuTLbe1TuCP","89lbTAIc1F8KezxzsDw7cg@6c48a","89lbTAIc1F8KezxzsDw7cg@f9941","89pjFZXx1As4/JegLd3OSJ@6c48a","89pjFZXx1As4/JegLd3OSJ@f9941","8aAmoSLcJL5b0OJ/IM7TtY@6c48a","8aAmoSLcJL5b0OJ/IM7TtY@f9941","8ak717m7hGbaVAVJ6fAesw@6c48a","8atN8tkURI7rFzfBDkhK4z@6c48a","8atN8tkURI7rFzfBDkhK4z@f9941","8cR9feprlBnIu1pJu7b5IJ@6c48a","8c/NPhiBZLI4/brirIwLSo@6c48a","8c/NPhiBZLI4/brirIwLSo@f9941","8dYGNba/FHcbi6RfEFwaPv@6c48a","8dYGNba/FHcbi6RfEFwaPv@f9941","8dcrmwR2RPEZd1iRbb0Yjm@6c48a","8dcrmwR2RPEZd1iRbb0Yjm@f9941","8eueQ0kqNLH5zHaTz2krM4@6c48a","8eueQ0kqNLH5zHaTz2krM4@f9941","8evGA9lsBJeL0KUCmy47XC","8fpPkqYatHdLq7FMw94qsI@6c48a","92FmLK3IJDSrePfGVBrmuL@6c48a","89pjFZXx1As4/JegLd3OSJ","8aAmoSLcJL5b0OJ/IM7TtY","8ak717m7hGbaVAVJ6fAesw","8ak717m7hGbaVAVJ6fAesw@f9941","8atN8tkURI7rFzfBDkhK4z","8cR9feprlBnIu1pJu7b5IJ","8cR9feprlBnIu1pJu7b5IJ@f9941","8c/NPhiBZLI4/brirIwLSo","8dYGNba/FHcbi6RfEFwaPv","8dcrmwR2RPEZd1iRbb0Yjm","8eueQ0kqNLH5zHaTz2krM4","8fpPkqYatHdLq7FMw94qsI","8fpPkqYatHdLq7FMw94qsI@f9941","92FmLK3IJDSrePfGVBrmuL","92FmLK3IJDSrePfGVBrmuL@f9941","92TV9zMHNBUYnWqxQ8WrUV","93eja/zftD/YiNcZeLYgm+@6c48a","932fkv3PtLu6yaDFJXeBo6@6c48a","932fkv3PtLu6yaDFJXeBo6@f9941","95PocT9AJJlowK+HQEr1lE@6c48a","96CIqiUvtMNZiJyTEDub5Q","96qD1dbVBP958GfOuaG5vF@6c48a","967lrW5AhHr6ELHo2RDF6j","97YovbEkBNMLjeli4Qpc6O@6c48a","97YovbEkBNMLjeli4Qpc6O@f9941","98FRUbs3pE0aBRvUHtqfDK@6c48a","98FRUbs3pE0aBRvUHtqfDK@f9941","9agnpw/1hETITm2UA0MWAc@6c48a","9agnpw/1hETITm2UA0MWAc@f9941","9bJDMzClVFK5YktMXD2XJv@6c48a","9bJDMzClVFK5YktMXD2XJv@f9941","9cogTXhH1BBKMzukao9t9f","9dmOseHOpDDYOOZXE0uPsl@6c48a","9dxURv3S9E7IF1GF9jz0Fu@6c48a","9dxURv3S9E7IF1GF9jz0Fu@f9941","9el1nvzVVK858A06TCK3UO@6c48a","9el1nvzVVK858A06TCK3UO@f9941","a0PSzNfPpBY5c2IHb1GK+B","a0mDizt5ZGUYpigDiFMYqg@6c48a","a0mDizt5ZGUYpigDiFMYqg@f9941","a2rq2neFpGt4p9TABwIRd1@6c48a","a2rq2neFpGt4p9TABwIRd1@f9941","a3KxSKn15Plqbm6f/JIV9Q@6c48a","a3KxSKn15Plqbm6f/JIV9Q@f9941","a7/T0fqphFw6fnOAJ+8SxX@6c48a","a7/T0fqphFw6fnOAJ+8SxX@f9941","a8RFK1+HxPpZej/uk6kSJq@6c48a","a8RFK1+HxPpZej/uk6kSJq@f9941","a8aAaBj/lNi4tiMmy82nSQ@6c48a","a8k3yvTxRL4bkExhjCTFLq","a83hENGrFEXI3xpNIfH9Vf@6c48a","a83hENGrFEXI3xpNIfH9Vf@f9941","a83xWGiABKx6EtH2Ib38As","a9jeVmxiJJFawrkOOAxCKI@6c48a","a9jeVmxiJJFawrkOOAxCKI@f9941","a9kKvWtppOx76CuURF+rmr@6c48a","a9kKvWtppOx76CuURF+rmr@f9941","acwcRrKQ9JCIgtIMOvbPlB@6c48a","acwcRrKQ9JCIgtIMOvbPlB@f9941","adBWOPwfdIXIZSISDlyPSy","aejevWr2pFpJAfainw5sOO@6c48a","aejevWr2pFpJAfainw5sOO@f9941","b2bQ1cMGRFCb+9xqfPytMc@6c48a","b22X3zahhGnJJzY0sy6KzI","b7ndqMd1lEVrM1NgquywX4@6c48a","b7ndqMd1lEVrM1NgquywX4@f9941","b8upA5irFMX6Tkv74h5+oQ@6c48a","baQn18Sm5Jz7WNjO1f0fnG@6c48a","baQn18Sm5Jz7WNjO1f0fnG@f9941","ba598GxNxMRIXEcFSHRzC9@6c48a","bcauIqmIxJpYFmT2/YOrBY@6c48a","bcauIqmIxJpYFmT2/YOrBY@f9941","bfQh/eRn5AGoHj83yLnyfI","bfQtsI+DJABraKvFR6XNG5@6c48a","bfQtsI+DJABraKvFR6XNG5@f9941","c3gw7p9MNKnKLl6mXpdkgi@6c48a","c3gw7p9MNKnKLl6mXpdkgi@f9941","c3+QmPamdGXpc44pupNb2x@6c48a","c5ruTwJhpLTJqpgKsJXAKP@6c48a","c6IqdwryVO1Z92PUshmwng@6c48a","c6IqdwryVO1Z92PUshmwng@f9941","c6n+1aEqdKYooxNnQRu+Cz@6c48a","c9nf0CFvtBm7s8aGpMG05t@6c48a","c9nf0CFvtBm7s8aGpMG05t@f9941","cbB+5ZLk1Nqr6GlViaC4Dr@6c48a","cbB+5ZLk1Nqr6GlViaC4Dr@f9941","cbEKTn+kVOLIJzjEJj4xn/@6c48a","ceHPKH2YhF17+u5g98Y5ZP@6c48a","cfe2Tln2ZFeJ8maL5b2WQV@6c48a","cf1FJl46JEQZi5JyQGo2FX@6c48a","cf1FJl46JEQZi5JyQGo2FX@f9941","d0UxevXT5DM4ZLJ0XgMfK5@6c48a","d1FgxEbXFIFrSKJTNVaVtp@6c48a","d2BaHwv6NIbJBMI0qOosi1@6c48a","d4mtIxh9tE5Jkn4Ki285tl@6c48a","d4sOqLzHZIYLBHm31yB5H2@6c48a","d4sOqLzHZIYLBHm31yB5H2@f9941","d5qINjXj1A8pj65qQB0fNg@6c48a","d8iCSZ3D5P8bKSLsWyBknu@6c48a","d8/ZwuztVE5ZUcXPY4SspJ@6c48a","d8/ZwuztVE5ZUcXPY4SspJ@f9941","damDcofAdKDZoVxE6KWY2B@6c48a","damDcofAdKDZoVxE6KWY2B@f9941","db+nhZMGJDeLTu1ZsLAs9w@6c48a","db+nhZMGJDeLTu1ZsLAs9w@f9941","e1CXVarSpJcJCv/dAyi+6r","e2BazrsnxCE4JjRa4HgKo5@6c48a","e2BazrsnxCE4JjRa4HgKo5@f9941","e2ZDIFJbJJkqRFnBaBm7aG@6c48a","e2ZDIFJbJJkqRFnBaBm7aG@f9941","e4LgJPj5NBYb2z56/MTyFJ@6c48a","e4LgJPj5NBYb2z56/MTyFJ@f9941","e6ap0wutFI5oRHDXSC7w7E@6c48a","e7L7SFLJRJ3b6/LpFl17gC@6c48a","e7L7SFLJRJ3b6/LpFl17gC@f9941","e7MC/7oJdDHaSzZlYYtZom@6c48a","e7MC/7oJdDHaSzZlYYtZom@f9941","e8XR5EgoBExbFuoB87kggI@6c48a","e8XR5EgoBExbFuoB87kggI@f9941","e9SbADGIlMypEpUBp88Yaf@6c48a","ebkS9jdbJLvKM0u28Dj2a7@6c48a","ebkS9jdbJLvKM0u28Dj2a7@f9941","edWhE9QEZK45bJzEmE3gfI@6c48a","edWhE9QEZK45bJzEmE3gfI@f9941","efdwUkpU9DMqnuUBg5ALax","f0m7gGMZZMFKs3sKfnuzOp","f2370LWyBIxbn+rGIBjTby@6c48a","f3swMMV9JMnId3DahDL3t9@6c48a","f3swMMV9JMnId3DahDL3t9@f9941","f35LuEFFFPO4/tirppky5R","f4TcIiJLhMhI9E0hhPTCzN@6c48a","f7vpRF98pEaJW6XBu4wTRF@6c48a","f7vpRF98pEaJW6XBu4wTRF@f9941","f9oIL7BY9LNa8B8RrhuqN4@6c48a","f9oIL7BY9LNa8B8RrhuqN4@f9941","f9u/GLNgtHEbGIMdKMpW30@6c48a","f9u/GLNgtHEbGIMdKMpW30@f9941","fanTgRZI9Pt420FTceyOt9@6c48a","fanTgRZI9Pt420FTceyOt9@f9941","fbezex7SRODIQEkxYYpxBj","fc0kjygxZEsYlGoDd4WMWa@6c48a","fc0kjygxZEsYlGoDd4WMWa@f9941","133pWav5JM2r+VdgKNAsP5","16SvrAHvVOf7BWQAHZwejr","16SvrAHvVOf7BWQAHZwejr@f9941","16XQulVYtCDIqx/684jzxF","16hI8BcS5CyYHz1CFblqI/","16xmeuSKBIU7t6ubzi++Kd","17o+BWea5FUKyrg1A0taOl","17o+BWea5FUKyrg1A0taOl@f9941","1akpiD9xRNE4mafD0fI4ZX","1akpiD9xRNE4mafD0fI4ZX@f9941","1bTqKsr3JHqqQdOYBiaItG","1bTqKsr3JHqqQdOYBiaItG@f9941","1cLpUhmsVI/LAUT7HTRh3q","1cLpUhmsVI/LAUT7HTRh3q@f9941","1caL10B9ZAK6YpdLufhLrM","1caL10B9ZAK6YpdLufhLrM@f9941","1eyY+RPlFHzItIb00/4gCc","1ffJmSvjdD9LCFQL60QNc+","212skK1PpHhqGqlvjiflNb","212skK1PpHhqGqlvjiflNb@f9941","22xCJ31fxK7oekFnemb23O","22xCJ31fxK7oekFnemb23O@f9941","25Ov49u1JLqJkiTUjgQ+MG","25WX1MxzxO1JEyDwAsH9/b","28rt74iuNHkIU1Og3Wxjkh","2aHNtsr0tF4LazH4P/xHEt","2aHNtsr0tF4LazH4P/xHEt@f9941","2aRVJWPyFMRaJTNnm8foGC","2aYHi63ZtKPIyN+ddnVo5N","2aYHi63ZtKPIyN+ddnVo5N@f9941","2c3NOXpcFML5LSvs3qigWk","2drVIx8rpJKI5ErHsUxeZI","2drVIx8rpJKI5ErHsUxeZI@f9941","33RKcSabVCCrmSTqj52nKz","34cSdQr4FHrbvRlGl5jPAv","35qRxRt7pIY7GuaSeHzo/q","35tZmuOxlL1rV3Ciqy1qUP","39UmY/7YRK0ZtMZgcsWl49","39UmY/7YRK0ZtMZgcsWl49@f9941","39ZVbwFu9C+bYsMh5+imS8","39ZVbwFu9C+bYsMh5+imS8@f9941","3bkuCoI2tDz5gha0iJvP4T","3ciXhSmORLo6dB/g+Rjjp/","3c7Dla4BRNuJ8xCtPjc+2o","3c7Dla4BRNuJ8xCtPjc+2o@f9941","3dfSCbTU1DCqFSJFXyeYsM","3fLRYfBehLk6U2d49FtDmR","42SyF+uOhBjoJ2d8OiI18v","44iDxOHLJJDqhbC+Hmdcbd","48jDeAurpM87uy9VKJPkvi","4aPRsEdKFMd5pbm3mMguq5","4c1KqXtJdKpIfCtSsrlV5y","4c1KqXtJdKpIfCtSsrlV5y@f9941","50+0ER0SRLnqI349+w8Urq","50+0ER0SRLnqI349+w8Urq@f9941","51Hfratc5P1pwIStsUAkpJ","51Hfratc5P1pwIStsUAkpJ@f9941","51f2EXN9VKkbHPGW55FZQw","51f2EXN9VKkbHPGW55FZQw@f9941","53wXdswSZOKbBHByV2+qE0","54INiBEWBMmr8qGlRk6PX1","54INiBEWBMmr8qGlRk6PX1@f9941","55gnTIMzJHuJ6NmbF0IQ/w","55gnTIMzJHuJ6NmbF0IQ/w@f9941","56yxmej2FNgrrbPGslL4B6","57mPYHoq1PqbXdiI38d2ul","58YFeWvmlDZ5R59hNb5lkZ","59vjbgonVLppzjIPPGcgVF","59vjbgonVLppzjIPPGcgVF@f9941","5dZSt+SNZJ0bz/eT3R9MDQ","5fr/tWUMNJQJvyRdRK7Yfr","5f1DuV1rBDi5E0iGe0cnDw","60l+wztAtIlYlP8H5+nG2K","61fHBWhvVKn5pLggTSd1eo","61fHBWhvVKn5pLggTSd1eo@f9941","62gIl/EY5J+YBXR653mlRB","63Xy6bo4hMZISBWO+Go8BZ","64Ds7lxeBEYIuibZIk5Atp","64Ds7lxeBEYIuibZIk5Atp@f9941","69lF1FjlNPh6zC+9fu0GxA","6aRdtBHbFPjY4pWjsVR1rK","6cDNsX/tNG4K907rMu9W1p","6cDNsX/tNG4K907rMu9W1p@f9941","6dsMm9BHpJR5GcuHSKYHC0","6dwIsHoXhOSLwOboEoNQPG","6eNbxhVQFBqadCFj9ywrg9","70CmhzFJFIpYlnYjHAyZ3i","70bCOS3ipC6qq+II+2G5me","70zbM+SK5C5ZpD5wd5/z8e","73TJ/BvClPD5SLaDiaMdla","73rabMBTpPpqjwmayvKU8T","76ZblaiihCwbZNPCsIFCyc","76mC7v7ctL3LR9exnSJ93n","76mC7v7ctL3LR9exnSJ93n@f9941","76rsia14RN8JNoOlL0kvU/","78aFunc0NGTISYdxhkVwNd","79OUwFGN5M3pqwTNTNfb2K","79OUwFGN5M3pqwTNTNfb2K@f9941","79x+GggI1MsZYd+FDsY2AC","7acANG+h5Eq41wI+tPDZnx","7awVldAQ1E+IQxq1jBcurz","7cGuxd+nJBQJKW4yDYTsBu","7dj5uJT9FMn6OrOOx83tfK@f9941","7fn9C4PHNJMqIcEkJ+vUrO","7f6UQcHzhGDaSXRfICl7xC","81VXHAg3ZPkqDeFvf5odsj","81VXHAg3ZPkqDeFvf5odsj@f9941","8224xIQz5LPISk3mg7meTF","8224xIQz5LPISk3mg7meTF@f9941","83xC6V0tdGGKF0oMsWF7Fl","86nIbfFRhI7Jk7ZgEHlS15","86nIbfFRhI7Jk7ZgEHlS15@f9941","88n5/sLL5K3bHRujw02Qwq","89lbTAIc1F8KezxzsDw7cg","92TV9zMHNBUYnWqxQ8WrUV@6c48a","92TV9zMHNBUYnWqxQ8WrUV@f9941","93eja/zftD/YiNcZeLYgm+","93eja/zftD/YiNcZeLYgm+@f9941","932fkv3PtLu6yaDFJXeBo6","95PocT9AJJlowK+HQEr1lE","95PocT9AJJlowK+HQEr1lE@f9941","96qD1dbVBP958GfOuaG5vF","96qD1dbVBP958GfOuaG5vF@f9941","97YovbEkBNMLjeli4Qpc6O","98FRUbs3pE0aBRvUHtqfDK","9agnpw/1hETITm2UA0MWAc","9bJDMzClVFK5YktMXD2XJv","9dJBm/kAFL3aUBB3IFGVj+","9dmOseHOpDDYOOZXE0uPsl","9dmOseHOpDDYOOZXE0uPsl@f9941","9dxURv3S9E7IF1GF9jz0Fu","9el1nvzVVK858A06TCK3UO","a0BStAw5tPwbEDC/eB4U6d","a0mDizt5ZGUYpigDiFMYqg","a2rq2neFpGt4p9TABwIRd1","a2uC3kbXpI0LVlKDdXP8u0","a3KxSKn15Plqbm6f/JIV9Q","a7/T0fqphFw6fnOAJ+8SxX","a8RFK1+HxPpZej/uk6kSJq","a8aAaBj/lNi4tiMmy82nSQ","a8aAaBj/lNi4tiMmy82nSQ@f9941","a8l2rgmuhIYo4e9lh/kouj","a83hENGrFEXI3xpNIfH9Vf","a9jeVmxiJJFawrkOOAxCKI","a9kKvWtppOx76CuURF+rmr","abVCzn6ldMLq9Uuk/Q+28N","abcqJn46FKb5KOLYFzgh4f","acwcRrKQ9JCIgtIMOvbPlB","aejevWr2pFpJAfainw5sOO","b2I847fb5I4orhlFxY3p8x","b2bQ1cMGRFCb+9xqfPytMc","b2bQ1cMGRFCb+9xqfPytMc@f9941","b7ndqMd1lEVrM1NgquywX4","b8upA5irFMX6Tkv74h5+oQ","b8upA5irFMX6Tkv74h5+oQ@f9941","baQn18Sm5Jz7WNjO1f0fnG","ba598GxNxMRIXEcFSHRzC9","ba598GxNxMRIXEcFSHRzC9@f9941","bcFmYTqQBJgoxqyTdM+D38","bcauIqmIxJpYFmT2/YOrBY","bfQtsI+DJABraKvFR6XNG5","c1KnTcNPZEtpzHe0vmfX/+","c3gw7p9MNKnKLl6mXpdkgi","c3+QmPamdGXpc44pupNb2x","c3+QmPamdGXpc44pupNb2x@f9941","c5ruTwJhpLTJqpgKsJXAKP","c5ruTwJhpLTJqpgKsJXAKP@f9941","c6IqdwryVO1Z92PUshmwng","c6n+1aEqdKYooxNnQRu+Cz","c6n+1aEqdKYooxNnQRu+Cz@f9941","c9nf0CFvtBm7s8aGpMG05t","cbB+5ZLk1Nqr6GlViaC4Dr","cbEKTn+kVOLIJzjEJj4xn/","cbEKTn+kVOLIJzjEJj4xn/@f9941","ceHPKH2YhF17+u5g98Y5ZP","ceHPKH2YhF17+u5g98Y5ZP@f9941","cfe2Tln2ZFeJ8maL5b2WQV","cfe2Tln2ZFeJ8maL5b2WQV@f9941","cf1FJl46JEQZi5JyQGo2FX","d0UxevXT5DM4ZLJ0XgMfK5","d0UxevXT5DM4ZLJ0XgMfK5@f9941","d1FgxEbXFIFrSKJTNVaVtp","d1FgxEbXFIFrSKJTNVaVtp@f9941","d2BaHwv6NIbJBMI0qOosi1","d2BaHwv6NIbJBMI0qOosi1@f9941","d4mtIxh9tE5Jkn4Ki285tl","d4mtIxh9tE5Jkn4Ki285tl@f9941","d4sOqLzHZIYLBHm31yB5H2","d5qINjXj1A8pj65qQB0fNg","d5qINjXj1A8pj65qQB0fNg@f9941","d7a+6wqstHuL02WRNXGak+","d8iCSZ3D5P8bKSLsWyBknu","d8iCSZ3D5P8bKSLsWyBknu@f9941","d8/ZwuztVE5ZUcXPY4SspJ","damDcofAdKDZoVxE6KWY2B","db+nhZMGJDeLTu1ZsLAs9w","e0tEI+xE5LM7R7obQCVb5c","e2BazrsnxCE4JjRa4HgKo5","e2ZDIFJbJJkqRFnBaBm7aG","e4LgJPj5NBYb2z56/MTyFJ","e6ap0wutFI5oRHDXSC7w7E","e6ap0wutFI5oRHDXSC7w7E@f9941","e7L7SFLJRJ3b6/LpFl17gC","e7MC/7oJdDHaSzZlYYtZom","e8XR5EgoBExbFuoB87kggI","e9SbADGIlMypEpUBp88Yaf","e9SbADGIlMypEpUBp88Yaf@f9941","ebkS9jdbJLvKM0u28Dj2a7","edWhE9QEZK45bJzEmE3gfI","f1Wsk4F0lHnKD7yCcoZjux","f2370LWyBIxbn+rGIBjTby","f2370LWyBIxbn+rGIBjTby@f9941","f3swMMV9JMnId3DahDL3t9","f4TcIiJLhMhI9E0hhPTCzN","f4TcIiJLhMhI9E0hhPTCzN@f9941","f5FbxlrnJIWrDtj/oTafi8","f7vpRF98pEaJW6XBu4wTRF","f9oIL7BY9LNa8B8RrhuqN4","f9u/GLNgtHEbGIMdKMpW30","fanTgRZI9Pt420FTceyOt9","fb/QbqRRJD5qALwgeM2WVv","fc0kjygxZEsYlGoDd4WMWa","fc/8AIoBhBD5240wu+jBc8"],"paths":{"0":["res/img/icon/icon2/texture",3,1],"1":["res/img/icon/icon2/spriteFrame",4,1],"2":["res/spine/BigWin/gold/tongyong_bw",8,1],"3":["res/img/tanchuang/dl_hu_brn_shezhi_on/texture",3,1],"4":["res/img/handle/dl_hu_brn_shezhi_on/texture",3,1],"5":["res/img/handle/dl_hu_brn_shezhi_on/spriteFrame",4,1],"6":["res/img/tanchuang/dl_hu_brn_shezhi_off/texture",3,1],"7":["res/img/game/icon_zch_zhuanpanshuzi_3_1/texture",3,1],"8":["res/img/game/icon_zch_zhuanpanshuzi_3_1/spriteFrame",4,1],"9":["res/img/handle/btn_hu_backtogame/texture",3,1],"10":["res/img/handle/btn_hu_backtogame/spriteFrame",4,1],"11":["res/img/big/bg_hu_guize_4/texture",3,1],"12":["res/img/big/bg_hu_guize_4/spriteFrame",4,1],"13":["res/spine/lizi/hu_lizi",8,1],"14":["res/img/game/icon_zch_zhuanpanshuzi_5/texture",3,1],"15":["res/img/game/icon_zch_zhuanpanshuzi_5/spriteFrame",4,1],"16":["res/spine/icon/iconShow/hu_zhongjiang",7,1],"17":["res/img/handle/btn_hu_vip/texture",3,1],"18":["res/img/handle/btn_hu_vip/spriteFrame",4,1],"19":["res/img/handle/box1_BACKUP_2943/texture",3,1],"20":["res/img/icon/icon2",2,1],"21":["res/spine/BigWin/megawin/slots_common_game_ew_gold",6,1],"22":["res/spine/BigWin/megawin/megawin",6,1],"24":["res/img/tanchuang/dl_hu_brn_shezhi_on",2,1],"25":["res/img/tanchuang/dl_hu_brn_shezhi_on/spriteFrame",4,1],"27":["res/img/handle/dl_hu_brn_shezhi_on",2,1],"30":["res/img/tanchuang/dl_hu_brn_shezhi_off",2,1],"31":["res/img/tanchuang/dl_hu_brn_shezhi_off/spriteFrame",4,1],"32":["res/spine/BigWin/gold/tongyong_jp",8,1],"36":["res/img/game/icon_zch_zhuanpanshuzi_3_1",2,1],"37":["res/img/handle/btn_hu_backtogame",2,1],"40":["res/img/big/bg_hu_guize_4",2,1],"41":["res/img/game/icon_zch_zhuanpanshuzi_5",2,1],"42":["res/sound/free_trans",5,1],"47":["res/img/big/bg_hu_bangzhu/texture",3,1],"48":["res/img/big/bg_hu_bangzhu/spriteFrame",4,1],"49":["res/img/handle/dl_zch_kuai_0/texture",3,1],"50":["res/img/handle/dl_zch_kuai_0/spriteFrame",4,1],"51":["res/spine/guangPay/zhuanpan_halo",7,1],"52":["res/img/tanchuang/btn_hu_tuichu/texture",3,1],"53":["res/img/tanchuang/MUSIC/texture",3,1],"54":["res/spine/guangPay/zhuanpan_halo/texture",3,1],"55":["res/img/tanchuang/bg_hu_guize_1/texture",3,1],"56":["res/img/tanchuang/bg_hu_guize_3/texture",3,1],"57":["prefabs/prefab_fortuneTiger_roll",0,1],"58":["res/img/game/icon_zch_zhuanpanshuzi_5_1/texture",3,1],"59":["res/img/game/icon_zch_zhuanpanshuzi_5_1/spriteFrame",4,1],"60":["res/img/tanchuang/icon_xuanzhong1/texture",3,1],"61":["res/spine/hongbao/hbkai/texture",3,1],"62":["res/img/icon/icon4/texture",3,1],"63":["res/img/icon/icon4/spriteFrame",4,1],"64":["res/font/title_rs_num",1,1],"65":["res/img/icon/icon5/texture",3,1],"66":["res/img/icon/icon5/spriteFrame",4,1],"67":["res/img/handle/box1_REMOTE_2943/texture",3,1],"68":["res/img/line/xian_4/texture",3,1],"69":["res/img/line/xian_4/spriteFrame",4,1],"70":["res/spine/BigWin/superwin/superwin2/texture",3,1],"71":["res/spine/icon/icon2/h_firecracker_atlas_symbols",7,1],"72":["res/img/tanchuang/SOUND/texture",3,1],"73":["res/spine/wild/hu_wild_lizi",8,1],"74":["res/img/big/bg_zch_jinbibg/texture",3,1],"75":["res/img/big/bg_zch_jinbibg/spriteFrame",4,1],"76":["res/img/game/dl_zch_xiazhukuang/texture",3,1],"77":["res/img/game/dl_zch_xiazhukuang/spriteFrame",4,1],"78":["res/font/title_num/texture",3,1],"79":["res/font/title_num/spriteFrame",4,1],"80":["res/img/game/icon_dt_loading_0/texture",3,1],"81":["res/spine/BigWin/megawin/megawin/texture",3,1],"82":["res/spine/icon/icon5/h_ruyi_atlas_symbols",7,1],"83":["res/img/game/btn_off/texture",3,1],"84":["res/img/game/btn_off/spriteFrame",4,1],"85":["res/img/game/bg_zch_4/texture",3,1],"86":["res/img/game/bg_zch_4/spriteFrame",4,1],"87":["res/spine/icon/icon5/h_ruyi_atlas_symbols/texture",3,1],"88":["res/img/handle/dl_zch_jinbijia/texture",3,1],"89":["res/img/handle/dl_zch_jinbijia/spriteFrame",4,1],"90":["res/img/handle/btn_hu_guize/texture",3,1],"91":["res/img/handle/btn_hu_guize/spriteFrame",4,1],"92":["res/img/handle/btn_hu_shezhi/texture",3,1],"93":["res/img/handle/btn_hu_shezhi/spriteFrame",4,1],"94":["res/img/handle/icon_xuanzhong1/texture",3,1],"95":["res/img/handle/icon_xuanzhong1/spriteFrame",4,1],"96":["res/spine/guang1/guang/texture",3,1],"97":["res/spine/icon/icon4/h_pouch_atlas_symbols",7,1],"98":["res/spine/tiger/avatar/texture",3,1],"99":["res/spine/tiger/avatar2/texture",3,1],"100":["res/img/tanchuang/bg_hu_tanchuang_1/texture",3,1],"101":["res/img/handle/dl_zch_jia_1/texture",3,1],"102":["res/img/handle/dl_zch_jia_1/spriteFrame",4,1],"103":["res/img/tanchuang/zi_hu_setting/texture",3,1],"104":["res/spine/icon/icon7/s_wild/texture",3,1],"105":["res/img/icon/icon5_1/texture",3,1],"106":["res/img/icon/icon5_1/spriteFrame",4,1],"107":["res/img/icon/icon1_1/texture",3,1],"108":["res/img/icon/icon1_1/spriteFrame",4,1],"109":["res/spine/BigWin/bigwin/bigwin/texture",3,1],"110":["prefabs/prefab_fortuneTiger_loading",0,1],"111":["res/font/title_rs_num/texture",3,1],"112":["res/font/title_rs_num/spriteFrame",4,1],"113":["res/img/en/Rptidakmencukupi/texture",3,1],"114":["res/img/en/Rptidakmencukupi/spriteFrame",4,1],"115":["res/font/zi_zhongjiang",1,1],"116":["res/img/tanchuang/btn_hu_you/texture",3,1],"117":["res/img/game/jb/texture",3,1],"118":["res/img/game/jb/spriteFrame",4,1],"119":["prefabs/prefab_fortuneTiger_box",0,1],"120":["res/spine/icon/icon2/h_firecracker_atlas_symbols/texture",3,1],"121":["prefabs/prefab_fortuneTiger_main",0,1],"122":["res/img/handle/dl_zch_spinbtn_0/texture",3,1],"123":["res/img/handle/dl_zch_spinbtn_0/spriteFrame",4,1],"124":["res/spine/gaung2/dianjiguang2/texture",3,1],"125":["res/spine/BigWin/superwin/slots_common_game_sw_gold/texture",3,1],"126":["res/img/big/bg_hu_guize_3/texture",3,1],"127":["res/img/big/bg_hu_guize_3/spriteFrame",4,1],"128":["res/img/handle/dl_zch_jinbibox/texture",3,1],"129":["res/img/handle/dl_zch_jinbibox/spriteFrame",4,1],"130":["res/spine/wild/hu_lizi/texture",3,1],"131":["res/spine/wild/hu_lizi/spriteFrame",4,1],"132":["res/img/tanchuang/btn_hu_vip/texture",3,1],"133":["res/img/handle/dl_zch_caidan/texture",3,1],"134":["res/img/handle/dl_zch_caidan/spriteFrame",4,1],"135":["res/img/tanchuang/bg_hu_tanchuang_3/texture",3,1],"136":["res/img/game/bar1/texture",3,1],"137":["res/img/game/bar1/spriteFrame",4,1],"138":["res/img/game/bar2/texture",3,1],"139":["res/img/game/bar2/spriteFrame",4,1],"140":["res/img/handle/dl_zch_jian_0/texture",3,1],"141":["res/img/handle/dl_zch_jian_0/spriteFrame",4,1],"142":["prefabs/prefab_fortuneTiger_auto",0,1],"143":["prefabs/prefab_fortuneTiger_pop",0,1],"144":["res/img/big/bg_zch_1/texture",3,1],"145":["res/img/big/bg_zch_1/spriteFrame",4,1],"146":["res/img/handle/bg_hu_tanchuang_1/texture",3,1],"147":["res/img/handle/bg_hu_tanchuang_1/spriteFrame",4,1],"148":["res/spine/tiger/avatar3/texture",3,1],"149":["res/spine/BigWin/megawin/megawin",7,1],"150":["res/img/tanchuang/bg_hu_guize_4/texture",3,1],"151":["res/font/title_num",1,1],"152":["res/img/handle/btn_hu_zuo/texture",3,1],"153":["res/img/handle/btn_hu_zuo/spriteFrame",4,1],"154":["prefabs/prefab_fortuneTiger_win",0,1],"155":["res/spine/BigWin/bigwin/slots_common_game_bw_gold/texture",3,1],"156":["res/spine/BigWin/bigwin/slots_common_game_bw_gold",7,1],"157":["res/img/big/bg_zch_hua/texture",3,1],"158":["res/img/big/bg_zch_hua/spriteFrame",4,1],"159":["res/img/en/zi_hu_aotospin/texture",3,1],"160":["res/img/en/zi_hu_aotospin/spriteFrame",4,1],"161":["res/font/zi_zhongjiang_0/texture",3,1],"162":["res/font/zi_zhongjiang_0/spriteFrame",4,1],"163":["res/img/tanchuang/icon_hu_xuanhzong/texture",3,1],"164":["res/img/icon/icon3/texture",3,1],"165":["res/img/icon/icon3/spriteFrame",4,1],"166":["res/spine/BigWin/bigwin/bigwin2/texture",3,1],"167":["res/spine/lizi/hu_lizi/texture",3,1],"168":["res/spine/lizi/hu_lizi/spriteFrame",4,1],"169":["res/img/handle/btn_hu_zidongxuanzhong_1/texture",3,1],"170":["res/img/handle/btn_hu_zidongxuanzhong_1/spriteFrame",4,1],"171":["res/img/icon/icon2_1/texture",3,1],"172":["res/img/icon/icon2_1/spriteFrame",4,1],"173":["res/spine/BigWin/gold/fire0001/texture",3,1],"174":["res/spine/BigWin/gold/fire0001/spriteFrame",4,1],"175":["res/spine/BigWin/superwin/slots_common_game_sw_gold",7,1],"176":["res/spine/icon/icon1/h_orange_atlas_symbols/texture",3,1],"177":["res/img/tanchuang/btn_hu_backtogame/texture",3,1],"178":["res/img/en/zi_hu_aotospin",2,1],"179":["res/font/zi_zhongjiang_0",2,1],"180":["res/img/tanchuang/icon_hu_xuanhzong",2,1],"181":["res/img/tanchuang/icon_hu_xuanhzong/spriteFrame",4,1],"182":["res/img/icon/icon3",2,1],"183":["res/spine/BigWin/bigwin/bigwin2",2,1],"184":["res/spine/BigWin/bigwin/bigwin2/spriteFrame",4,1],"185":["res/spine/lizi/hu_lizi",2,1],"186":["res/img/handle/btn_hu_zidongxuanzhong_1",2,1],"187":["res/img/icon/icon2_1",2,1],"188":["res/spine/BigWin/gold/fire0001",2,1],"189":["res/spine/icon/icon1/h_orange_atlas_symbols",2,1],"190":["res/spine/icon/icon1/h_orange_atlas_symbols/spriteFrame",4,1],"191":["res/img/tanchuang/btn_hu_backtogame",2,1],"192":["res/img/tanchuang/btn_hu_backtogame/spriteFrame",4,1],"194":["res/img/tanchuang/btn_hu_shezhi/texture",3,1],"195":["res/img/icon/icon6/texture",3,1],"196":["res/img/icon/icon6/spriteFrame",4,1],"197":["res/spine/BigWin/megawin/megawin2/texture",3,1],"198":["res/spine/icon/icon6/h_ingot_atlas_symbols",7,1],"199":["res/img/handle/zi_hu_aotospin/texture",3,1],"200":["prefabs/prefab_fortuneTiger_rule",0,1],"201":["res/img/icon/icon4_1/texture",3,1],"202":["res/img/icon/icon4_1/spriteFrame",4,1],"203":["res/img/handle/dl_zi_spin/texture",3,1],"204":["res/img/handle/dl_zi_spin/spriteFrame",4,1],"205":["res/img/game/bg_zch_3/texture",3,1],"206":["res/img/game/bg_zch_3/spriteFrame",4,1],"207":["res/img/big/bg_loading/texture",3,1],"208":["res/img/big/bg_loading/spriteFrame",4,1],"209":["res/spine/icon/icon3/h_angbao_atlas_symbols",7,1],"210":["res/img/game/虎/texture",3,1],"211":["res/img/game/icon_zch_zhuanpanshuzi_1/texture",3,1],"212":["res/img/game/icon_zch_zhuanpanshuzi_1/spriteFrame",4,1],"213":["res/img/game/icon_zch_zhuanpanshuzi_2_1/texture",3,1],"214":["res/img/game/icon_zch_zhuanpanshuzi_2_1/spriteFrame",4,1],"215":["res/spine/BigWin/megawin/slots_common_game_ew_gold",7,1],"216":["res/img/game/icon_zch_zhuanpanshuzi_1_1/texture",3,1],"217":["res/img/game/icon_zch_zhuanpanshuzi_1_1/spriteFrame",4,1],"218":["res/img/icon/icon1/texture",3,1],"219":["res/img/icon/icon1/spriteFrame",4,1],"220":["res/img/game/AUTO/texture",3,1],"221":["res/img/game/AUTO/spriteFrame",4,1],"222":["res/img/game/icon_zch_zhuanpanshuzi_4_1/texture",3,1],"223":["res/img/game/icon_zch_zhuanpanshuzi_4_1/spriteFrame",4,1],"224":["res/img/game/icon_zch_zhuanpanshuzi_4/texture",3,1],"225":["res/img/game/icon_zch_zhuanpanshuzi_4/spriteFrame",4,1],"226":["res/img/tanchuang/bg_hu_guize_2/texture",3,1],"227":["res/spine/icon/icon7/s_wild",7,1],"228":["res/img/handle/btn_hu_you/texture",3,1],"229":["res/img/handle/btn_hu_you/spriteFrame",4,1],"230":["res/spine/BigWin/superwin/superwin",7,1],"231":["res/img/game/bg_zch_2/texture",3,1],"232":["res/img/game/bg_zch_2/spriteFrame",4,1],"233":["res/img/big/bg_hu_guize_1/texture",3,1],"234":["res/img/big/bg_hu_guize_1/spriteFrame",4,1],"235":["res/img/game/icon_zch_zhuanpanshuzi_2/texture",3,1],"236":["res/img/game/icon_zch_zhuanpanshuzi_2/spriteFrame",4,1],"237":["res/spine/guang/zz_guang",7,1],"238":["res/img/icon/icon3_1/texture",3,1],"239":["res/img/icon/icon3_1/spriteFrame",4,1],"240":["res/img/tanchuang/bg_hu_bangzhu/texture",3,1],"241":["prefabs/prefab_fortuneTiger_wildTw",0,1],"242":["res/img/handle/SOUND/texture",3,1],"243":["res/img/handle/SOUND/spriteFrame",4,1],"244":["res/img/tanchuang/btn_hu_guize/texture",3,1],"245":["res/img/handle/dl_zch_kuai_1/texture",3,1],"246":["res/img/handle/dl_zch_kuai_1/spriteFrame",4,1],"247":["res/img/tanchuang/btn_hu_zidongxuanzhong_0/texture",3,1],"248":["res/img/game/x10/texture",3,1],"249":["res/img/game/x10/spriteFrame",4,1],"250":["res/spine/icon/icon1/h_orange_atlas_symbols",7,1],"251":["res/img/handle/icon_hu_xuanhzong/texture",3,1],"252":["res/img/handle/icon_hu_xuanhzong/spriteFrame",4,1],"253":["res/img/handle/dl_zi_stop/texture",3,1],"254":["res/img/handle/dl_zi_stop/spriteFrame",4,1],"255":["res/spine/icon/iconShow/hu_zhongjiang/texture",3,1],"256":["res/spine/gaung2/dianjiguang/texture",3,1],"257":["res/img/icon/icon7/texture",3,1],"258":["res/img/icon/icon7/spriteFrame",4,1],"259":["res/img/handle/dl_zch_jpwinner/texture",3,1],"260":["res/img/handle/dl_hu_brn_shezhi_off/texture",3,1],"261":["res/img/handle/dl_hu_brn_shezhi_off/spriteFrame",4,1],"262":["res/img/game/dl_zch_zhongjiangkuang/texture",3,1],"263":["res/img/game/dl_zch_zhongjiangkuang/spriteFrame",4,1],"264":["res/img/tanchuang/btn_hu_zuo/texture",3,1],"265":["res/img/tanchuang/zi_hu_aotospin/texture",3,1],"266":["res/img/handle/btn_off/texture",3,1],"267":["res/img/handle/dl_zch_auto_1/texture",3,1],"268":["res/img/handle/dl_zch_auto_1/spriteFrame",4,1],"269":["res/img/tanchuang/btn_hu_CONFIRM/texture",3,1],"270":["res/img/big/bg_hu_tanchuang_1/texture",3,1],"271":["res/img/tanchuang/btn_hu_zidongxuanzhong_1/texture",3,1],"272":["res/spine/BigWin/megawin/slots_common_game_ew_gold/texture",3,1],"273":["res/img/handle/btn_hu_zidongxuanzhong_0/texture",3,1],"274":["res/img/handle/btn_hu_zidongxuanzhong_0/spriteFrame",4,1],"275":["res/spine/icon/icon4/h_pouch_atlas_symbols/texture",3,1],"276":["res/spine/icon/icon3/h_angbao_atlas_symbols/texture",3,1],"277":["res/img/big/bg_hu_tanchuang_3/texture",3,1],"278":["res/img/big/bg_hu_tanchuang_3/spriteFrame",4,1],"279":["res/img/handle/MUSIC/texture",3,1],"280":["res/img/handle/MUSIC/spriteFrame",4,1],"281":["res/img/handle/dl_zch_jian_1/texture",3,1],"282":["res/img/handle/dl_zch_jian_1/spriteFrame",4,1],"283":["res/spine/hongbao/hbkai",7,1],"284":["res/img/game/STOP/texture",3,1],"285":["res/img/game/STOP/spriteFrame",4,1],"286":["res/img/game/icon_zch_zhuanpanshuzi_3/texture",3,1],"287":["res/img/game/icon_zch_zhuanpanshuzi_3/spriteFrame",4,1],"288":["res/img/line/xian_5/texture",3,1],"289":["res/img/line/xian_5/spriteFrame",4,1],"290":["res/img/game/icon_dt_loading_1/texture",3,1],"291":["res/img/handle/dl_zch_jia_0/texture",3,1],"292":["res/img/handle/dl_zch_jia_0/spriteFrame",4,1],"293":["res/img/handle/btn_hu_tuichu/texture",3,1],"294":["res/img/handle/btn_hu_tuichu/spriteFrame",4,1],"295":["res/img/handle/dl_zch_auto_0/texture",3,1],"296":["res/img/handle/dl_zch_auto_0/spriteFrame",4,1],"297":["res/spine/BigWin/superwin/superwin/texture",3,1],"298":["res/img/game/bg_zch_zhuanpan/texture",3,1],"299":["res/img/game/bg_zch_zhuanpan/spriteFrame",4,1],"300":["res/img/handle/zi_hu_setting/texture",3,1],"301":["res/img/handle/zi_hu_setting/spriteFrame",4,1],"302":["res/spine/gaung2/dianjiguang",7,1],"303":["res/spine/tiger/avatar",7,1],"304":["res/spine/guang/zz_guang/texture",3,1],"305":["res/img/handle/btn_hu_CONFIRM/texture",3,1],"306":["res/img/handle/btn_hu_CONFIRM/spriteFrame",4,1],"307":["res/spine/BigWin/bigwin/bigwin",7,1],"308":["res/spine/icon/icon6/h_ingot_atlas_symbols/texture",3,1],"309":["res/img/big/bg_hu_guize_2/texture",3,1],"310":["res/img/big/bg_hu_guize_2/spriteFrame",4,1],"311":["res/img/icon/icon7_1/texture",3,1],"312":["res/img/icon/icon7_1/spriteFrame",4,1],"313":["res/img/line/xian_1/texture",3,1],"314":["res/img/line/xian_1/spriteFrame",4,1],"315":["res/img/handle/dl_zch_spinbtn/texture",3,1],"316":["res/img/handle/dl_zch_spinbtn/spriteFrame",4,1],"317":["prefabs/prefab_fortuneTiger_set",0,1],"318":["res/img/icon/icon6_1/texture",3,1],"319":["res/img/icon/icon6_1/spriteFrame",4,1],"320":["res/img/handle/btn_hu_vip",2,1],"321":["res/img/handle/box1_BACKUP_2943",2,1],"322":["res/img/handle/box1_BACKUP_2943/spriteFrame",4,1],"323":["res/sound/wild",5,1],"324":["res/img/big/bg_hu_bangzhu",2,1],"325":["res/img/handle/dl_zch_kuai_0",2,1],"326":["res/img/tanchuang/btn_hu_tuichu",2,1],"327":["res/img/tanchuang/btn_hu_tuichu/spriteFrame",4,1],"328":["res/img/tanchuang/MUSIC",2,1],"329":["res/img/tanchuang/MUSIC/spriteFrame",4,1],"330":["res/spine/guangPay/zhuanpan_halo",2,1],"331":["res/spine/guangPay/zhuanpan_halo/spriteFrame",4,1],"332":["res/img/tanchuang/bg_hu_guize_1",2,1],"333":["res/img/tanchuang/bg_hu_guize_1/spriteFrame",4,1],"334":["res/img/tanchuang/bg_hu_guize_3",2,1],"335":["res/img/tanchuang/bg_hu_guize_3/spriteFrame",4,1],"336":["res/sound/btn_click",5,1],"337":["res/img/game/icon_zch_zhuanpanshuzi_5_1",2,1],"338":["res/img/tanchuang/icon_xuanzhong1",2,1],"339":["res/img/tanchuang/icon_xuanzhong1/spriteFrame",4,1],"340":["res/spine/hongbao/hbkai",2,1],"341":["res/spine/hongbao/hbkai/spriteFrame",4,1],"342":["res/img/icon/icon4",2,1],"343":["res/spine/tiger/avatar",6,1],"344":["res/img/icon/icon5",2,1],"345":["res/img/handle/box1_REMOTE_2943",2,1],"346":["res/img/handle/box1_REMOTE_2943/spriteFrame",4,1],"347":["res/img/line/xian_4",2,1],"348":["res/spine/BigWin/superwin/superwin2",2,1],"349":["res/spine/BigWin/superwin/superwin2/spriteFrame",4,1],"350":["res/spine/BigWin/superwin/superwin",6,1],"351":["res/img/tanchuang/SOUND",2,1],"352":["res/img/tanchuang/SOUND/spriteFrame",4,1],"353":["res/img/big/bg_zch_jinbibg",2,1],"354":["res/img/game/dl_zch_xiazhukuang",2,1],"355":["res/font/title_num",2,1],"356":["res/spine/icon/icon6/h_ingot_atlas_symbols",6,1],"357":["res/img/game/icon_dt_loading_0",2,1],"358":["res/img/game/icon_dt_loading_0/spriteFrame",4,1],"359":["res/spine/BigWin/megawin/megawin",2,1],"360":["res/spine/BigWin/megawin/megawin/spriteFrame",4,1],"361":["res/img/game/btn_off",2,1],"362":["res/img/game/bg_zch_4",2,1],"363":["res/spine/icon/icon5/h_ruyi_atlas_symbols",2,1],"364":["res/spine/icon/icon5/h_ruyi_atlas_symbols/spriteFrame",4,1],"365":["res/img/handle/dl_zch_jinbijia",2,1],"366":["res/img/handle/btn_hu_guize",2,1],"367":["res/sound/superwin",5,1],"368":["res/img/handle/btn_hu_shezhi",2,1],"369":["res/img/handle/icon_xuanzhong1",2,1],"370":["res/sound/roller_stop",5,1],"371":["res/spine/guang1/guang",2,1],"372":["res/spine/guang1/guang/spriteFrame",4,1],"373":["res/spine/tiger/avatar",2,1],"374":["res/spine/tiger/avatar/spriteFrame",4,1],"375":["res/spine/tiger/avatar2",2,1],"376":["res/spine/tiger/avatar2/spriteFrame",4,1],"377":["res/img/tanchuang/bg_hu_tanchuang_1",2,1],"378":["res/img/tanchuang/bg_hu_tanchuang_1/spriteFrame",4,1],"379":["res/img/handle/dl_zch_jia_1",2,1],"380":["res/img/tanchuang/zi_hu_setting",2,1],"381":["res/img/tanchuang/zi_hu_setting/spriteFrame",4,1],"382":["res/spine/icon/icon7/s_wild",2,1],"383":["res/spine/icon/icon7/s_wild/spriteFrame",4,1],"384":["res/img/icon/icon5_1",2,1],"385":["res/img/icon/icon1_1",2,1],"386":["res/spine/BigWin/bigwin/bigwin",6,1],"387":["res/spine/BigWin/bigwin/bigwin",2,1],"388":["res/spine/BigWin/bigwin/bigwin/spriteFrame",4,1],"389":["res/sound/free_many",5,1],"390":["res/font/title_rs_num",2,1],"391":["res/img/en/Rptidakmencukupi",2,1],"392":["res/spine/BigWin/superwin/slots_common_game_sw_gold",6,1],"393":["res/img/tanchuang/btn_hu_you",2,1],"394":["res/img/tanchuang/btn_hu_you/spriteFrame",4,1],"395":["res/img/game/jb",2,1],"396":["res/sound/bigwin",5,1],"397":["res/spine/icon/icon2/h_firecracker_atlas_symbols",2,1],"398":["res/spine/icon/icon2/h_firecracker_atlas_symbols/spriteFrame",4,1],"399":["res/img/handle/dl_zch_spinbtn_0",2,1],"400":["res/spine/BigWin/bigwin/slots_common_game_bw_gold",6,1],"401":["res/spine/gaung2/dianjiguang2",2,1],"402":["res/spine/gaung2/dianjiguang2/spriteFrame",4,1],"403":["res/spine/BigWin/superwin/slots_common_game_sw_gold",2,1],"404":["res/spine/icon/icon5/h_ruyi_atlas_symbols",6,1],"405":["res/spine/icon/icon4/h_pouch_atlas_symbols",6,1],"406":["res/img/big/bg_hu_guize_3",2,1],"407":["res/img/handle/dl_zch_jinbibox",2,1],"408":["res/spine/icon/icon7/s_wild",6,1],"409":["res/spine/BigWin/gold/tongyong_sw",8,1],"410":["res/sound/zch_main_bg",5,1],"411":["res/spine/wild/hu_lizi",2,1],"412":["res/img/tanchuang/btn_hu_vip",2,1],"413":["res/img/tanchuang/btn_hu_vip/spriteFrame",4,1],"414":["res/spine/hongbao/hbkai",6,1],"415":["res/img/handle/dl_zch_caidan",2,1],"416":["res/img/tanchuang/bg_hu_tanchuang_3",2,1],"417":["res/img/tanchuang/bg_hu_tanchuang_3/spriteFrame",4,1],"418":["res/img/game/bar1",2,1],"419":["res/img/game/bar2",2,1],"420":["res/img/handle/dl_zch_jian_0",2,1],"421":["res/spine/guang1/guang",6,1],"423":["res/img/big/bg_zch_1",2,1],"424":["res/img/handle/bg_hu_tanchuang_1",2,1],"425":["res/spine/tiger/avatar3",2,1],"426":["res/spine/tiger/avatar3/spriteFrame",4,1],"427":["res/img/tanchuang/bg_hu_guize_4",2,1],"428":["res/img/tanchuang/bg_hu_guize_4/spriteFrame",4,1],"429":["res/img/handle/btn_hu_zuo",2,1],"430":["res/spine/BigWin/bigwin/slots_common_game_bw_gold",2,1],"431":["res/spine/BigWin/bigwin/slots_common_game_bw_gold/spriteFrame",4,1],"432":["res/spine/icon/icon2/h_firecracker_atlas_symbols",6,1],"433":["res/img/big/bg_zch_hua",2,1],"436":["res/img/tanchuang/btn_hu_shezhi",2,1],"437":["res/img/tanchuang/btn_hu_shezhi/spriteFrame",4,1],"438":["res/img/icon/icon6",2,1],"439":["res/spine/BigWin/megawin/megawin2",2,1],"440":["res/spine/BigWin/megawin/megawin2/spriteFrame",4,1],"441":["res/img/handle/zi_hu_aotospin",2,1],"442":["res/img/handle/zi_hu_aotospin/spriteFrame",4,1],"443":["res/img/icon/icon4_1",2,1],"444":["res/img/handle/dl_zi_spin",2,1],"445":["res/img/game/bg_zch_3",2,1],"446":["res/img/big/bg_loading",2,1],"447":["res/spine/icon/iconShow/hu_zhongjiang",6,1],"448":["res/img/game/虎",2,1],"449":["res/img/game/虎/spriteFrame",4,1],"450":["res/img/game/icon_zch_zhuanpanshuzi_1",2,1],"451":["res/img/game/icon_zch_zhuanpanshuzi_2_1",2,1],"452":["res/spine/icon/icon3/h_angbao_atlas_symbols",6,1],"453":["res/img/game/icon_zch_zhuanpanshuzi_1_1",2,1],"454":["res/img/icon/icon1",2,1],"455":["res/spine/BigWin/gold/tongyong_mw",8,1],"456":["res/img/game/AUTO",2,1],"457":["res/img/game/icon_zch_zhuanpanshuzi_4_1",2,1],"458":["res/img/game/icon_zch_zhuanpanshuzi_4",2,1],"459":["res/img/tanchuang/bg_hu_guize_2",2,1],"460":["res/img/tanchuang/bg_hu_guize_2/spriteFrame",4,1],"461":["res/spine/gaung2/dianjiguang",6,1],"462":["res/img/handle/btn_hu_you",2,1],"463":["res/img/game/bg_zch_2",2,1],"464":["res/img/big/bg_hu_guize_1",2,1],"465":["res/sound/suofang_tiger",5,1],"466":["res/spine/icon/icon1/h_orange_atlas_symbols",6,1],"467":["res/img/game/icon_zch_zhuanpanshuzi_2",2,1],"468":["res/img/icon/icon3_1",2,1],"469":["res/sound/suofang_roller",5,1],"470":["res/img/tanchuang/bg_hu_bangzhu",2,1],"471":["res/img/tanchuang/bg_hu_bangzhu/spriteFrame",4,1],"472":["res/img/handle/SOUND",2,1],"473":["res/img/tanchuang/btn_hu_guize",2,1],"474":["res/img/tanchuang/btn_hu_guize/spriteFrame",4,1],"475":["res/img/handle/dl_zch_kuai_1",2,1],"476":["res/img/tanchuang/btn_hu_zidongxuanzhong_0",2,1],"477":["res/img/tanchuang/btn_hu_zidongxuanzhong_0/spriteFrame",4,1],"478":["res/spine/guang1/guang",7,1],"479":["res/img/game/x10",2,1],"480":["res/img/handle/icon_hu_xuanhzong",2,1],"481":["res/sound/line_win",5,1],"482":["res/img/handle/dl_zi_stop",2,1],"483":["res/spine/icon/iconShow/hu_zhongjiang",2,1],"484":["res/spine/icon/iconShow/hu_zhongjiang/spriteFrame",4,1],"485":["res/spine/gaung2/dianjiguang",2,1],"486":["res/spine/gaung2/dianjiguang/spriteFrame",4,1],"487":["res/img/icon/icon7",2,1],"488":["res/img/handle/dl_zch_jpwinner",2,1],"489":["res/img/handle/dl_zch_jpwinner/spriteFrame",4,1],"490":["res/img/handle/dl_hu_brn_shezhi_off",2,1],"491":["res/img/game/dl_zch_zhongjiangkuang",2,1],"492":["res/img/tanchuang/btn_hu_zuo",2,1],"493":["res/img/tanchuang/btn_hu_zuo/spriteFrame",4,1],"494":["res/img/tanchuang/zi_hu_aotospin",2,1],"495":["res/img/tanchuang/zi_hu_aotospin/spriteFrame",4,1],"496":["res/img/handle/btn_off",2,1],"497":["res/img/handle/btn_off/spriteFrame",4,1],"498":["res/img/handle/dl_zch_auto_1",2,1],"499":["res/img/tanchuang/btn_hu_CONFIRM",2,1],"500":["res/img/tanchuang/btn_hu_CONFIRM/spriteFrame",4,1],"501":["res/img/big/bg_hu_tanchuang_1",2,1],"502":["res/img/big/bg_hu_tanchuang_1/spriteFrame",4,1],"503":["res/img/tanchuang/btn_hu_zidongxuanzhong_1",2,1],"504":["res/img/tanchuang/btn_hu_zidongxuanzhong_1/spriteFrame",4,1],"505":["res/spine/BigWin/megawin/slots_common_game_ew_gold",2,1],"506":["res/spine/BigWin/megawin/slots_common_game_ew_gold/spriteFrame",4,1],"507":["res/img/handle/btn_hu_zidongxuanzhong_0",2,1],"508":["res/spine/icon/icon4/h_pouch_atlas_symbols",2,1],"509":["res/spine/icon/icon4/h_pouch_atlas_symbols/spriteFrame",4,1],"510":["res/spine/guang/zz_guang",6,1],"511":["res/spine/icon/icon3/h_angbao_atlas_symbols",2,1],"512":["res/spine/icon/icon3/h_angbao_atlas_symbols/spriteFrame",4,1],"513":["res/img/big/bg_hu_tanchuang_3",2,1],"514":["res/img/handle/MUSIC",2,1],"515":["res/img/handle/dl_zch_jian_1",2,1],"516":["res/sound/zch_free_bg",5,1],"517":["res/img/game/STOP",2,1],"518":["res/img/game/icon_zch_zhuanpanshuzi_3",2,1],"519":["res/img/line/xian_5",2,1],"520":["res/img/game/icon_dt_loading_1",2,1],"521":["res/img/game/icon_dt_loading_1/spriteFrame",4,1],"522":["res/img/handle/dl_zch_jia_0",2,1],"523":["res/img/handle/btn_hu_tuichu",2,1],"524":["res/img/handle/dl_zch_auto_0",2,1],"525":["res/spine/BigWin/superwin/superwin",2,1],"526":["res/spine/BigWin/superwin/superwin/spriteFrame",4,1],"527":["res/img/game/bg_zch_zhuanpan",2,1],"528":["res/img/handle/zi_hu_setting",2,1],"529":["res/spine/guangPay/zhuanpan_halo",6,1],"530":["res/spine/guang/zz_guang",2,1],"531":["res/spine/guang/zz_guang/spriteFrame",4,1],"532":["res/img/handle/btn_hu_CONFIRM",2,1],"533":["res/spine/icon/icon6/h_ingot_atlas_symbols",2,1],"534":["res/spine/icon/icon6/h_ingot_atlas_symbols/spriteFrame",4,1],"536":["res/img/big/bg_hu_guize_2",2,1],"537":["res/img/icon/icon7_1",2,1],"538":["res/img/line/xian_1",2,1],"539":["res/img/handle/dl_zch_spinbtn",2,1],"540":["res/sound/free_line_win",5,1],"541":["res/img/icon/icon6_1",2,1],"542":["res/sound/mageewin",5,1]},"scenes":{},"packs":{"01da048b6":[8,15,18,50,51,59,69,75,77,79,86,89,91,93,102,114,118,121,123,129,134,141,143,145,147,151,158,204,206,212,214,217,221,223,225,232,236,237,241,246,249,254,263,268,282,283,285,287,289,292,294,296,299,303,314,316],"033b4537f":[1,16,57,63,66,71,82,97,106,108,119,165,172,196,198,202,209,219,227,239,250,258,302,312,319],"05cdbdd10":[12,48,95,127,153,200,229,234,252,310],"0603260e3":[115,162],"08a44b85b":[2,174],"08b0fafc7":[10,142,160,170,274,278,306],"09585958a":[64,112],"0afbdb406":[11,14,0,53,54,55,56,58,67,3,70,68,72,83,85,87,88,90,96,111,113,124,125,138,140,144,146,161,163,164,166,167,171,169,173,176,205,7,207,9,210,211,213,17,49,52,60,61,65,78,98,101,4,105,109,136,150,152,159,195,199,19,62,94,99,100,116,120,126,128,155,434,194,197,74,103,107,130,157,47,92,122,132,133,135,201,81,104,6,148,177,80,117,203,76,218,222,228,220,231,233,216,224,226,235,238,244,240,242,245,247,248,251,255,256,259,260,257,253,262,264,265,266,267,273,275,277,272,271,270,269,276,279,281,288,290,291,295,284,297,293,286,298,300,304,305,309,311,313,308,315,318],"0b6df8afb":[5,243,261,280,301,317],"0d7b5bfc3":[84,110,137,139,435,208,535],"0e02fe6d6":[13,168],"0e9ec0a67":[149,154,156,175,215,230,307],"0eafe796e":[73,131]},"versions":{"import":[],"native":[]},"redirect":[422,"0"],"debug":false,"extensionMap":{},"hasPreloadScript":true,"dependencyRelationships":{},"types":["cc.Prefab","cc.BitmapFont","cc.ImageAsset","cc.Texture2D","cc.SpriteFrame","cc.AudioClip","cc.Asset","sp.SkeletonData","cc.ParticleAsset"]}