[1,["5eUyg3o+5DgL4juDEEkhnn@6c48a"],["_textureSource"],["cc.SpriteFrame"],0,[{"name":"p2","rect":{"x":0,"y":0,"width":64,"height":64},"offset":{"x":0,"y":0},"originalSize":{"width":64,"height":64},"rotated":false,"capInsets":[0,0,0,0],"vertices":{"rawPosition":[-32,-32,0,32,-32,0,-32,32,0,32,32,0],"indexes":[0,1,2,2,1,3],"uv":[0,64,64,64,0,0,64,0],"nuv":[0,0,1,0,0,1,1,1],"minPos":{"x":-32,"y":-32,"z":0},"maxPos":{"x":32,"y":32,"z":0}},"packable":true,"pixelsToUnit":100,"pivot":{"x":0.5,"y":0.5},"meshType":0}],[0],0,[0],[0],[0]]
