[1,["215uZV4l1Mno+fTUNvVMS8@6c48a"],["_textureSource"],["cc.SpriteFrame"],0,[{"name":"caishenguochang","rect":{"x":2,"y":21,"width":1958,"height":1799},"offset":{"x":-43,"y":103.5},"originalSize":{"width":2048,"height":2048},"rotated":false,"capInsets":[0,0,0,0],"vertices":{"rawPosition":[-979,-899.5,0,979,-899.5,0,-979,899.5,0,979,899.5,0],"indexes":[0,1,2,2,1,3],"uv":[2,2027,1960,2027,2,228,1960,228],"nuv":[0.0009765625,0.111328125,0.95703125,0.111328125,0.0009765625,0.98974609375,0.95703125,0.98974609375],"minPos":{"x":-979,"y":-899.5,"z":0},"maxPos":{"x":979,"y":899.5,"z":0}},"packable":true,"pixelsToUnit":100,"pivot":{"x":0.5,"y":0.5},"meshType":0}],[0],0,[0],[0],[0]]
