[1,["f0aDtugkdF2omBhX6D7J4R@6c48a","8fS2mpc2FLyK++SIHCR0LU@6abf3","8fS2mpc2FLyK++SIHCR0LU@8d8bf","8fS2mpc2FLyK++SIHCR0LU@b4c62","8fS2mpc2FLyK++SIHCR0LU@1aa8a","8fS2mpc2FLyK++SIHCR0LU@0314a","8fS2mpc2FLyK++SIHCR0LU@87ce4","8fS2mpc2FLyK++SIHCR0LU@798a9","8fS2mpc2FLyK++SIHCR0LU@4af58","8fS2mpc2FLyK++SIHCR0LU@368d4","8fS2mpc2FLyK++SIHCR0LU@2fea3"],["_textureSource"],["cc.SpriteFrame","cc.SpriteAtlas"],0,[[[{"name":"paopao","spriteFrames":["paopao_1","8fS2mpc2FLyK++SIHCR0LU@6abf3","paopao_2","8fS2mpc2FLyK++SIHCR0LU@8d8bf","paopao_3","8fS2mpc2FLyK++SIHCR0LU@b4c62","paopao_4","8fS2mpc2FLyK++SIHCR0LU@1aa8a","paopao_5","8fS2mpc2FLyK++SIHCR0LU@0314a","paopao_6","8fS2mpc2FLyK++SIHCR0LU@87ce4","paopao_7","8fS2mpc2FLyK++SIHCR0LU@798a9","paopao_8","8fS2mpc2FLyK++SIHCR0LU@4af58","paopao_9","8fS2mpc2FLyK++SIHCR0LU@368d4","paopao_10","8fS2mpc2FLyK++SIHCR0LU@2fea3"]}],[1],0,[0,0,0,0,0,0,0,0,0,0],[0,0,0,0,0,0,0,0,0,0],[1,2,3,4,5,6,7,8,9,10]],[[{"name":"paopao_5","rect":{"x":2,"y":2,"width":184,"height":500},"offset":{"x":-9,"y":16},"originalSize":{"width":300,"height":560},"rotated":false,"capInsets":[0,0,0,0],"vertices":{"rawPosition":[],"indexes":[],"uv":[],"nuv":[],"minPos":{"x":0,"y":0,"z":0},"maxPos":{"x":0,"y":0,"z":0}},"packable":true,"pixelsToUnit":100,"pivot":{"x":0.5,"y":0.5},"meshType":0}],[0],0,[0],[0],[0]],[[{"name":"paopao_4","rect":{"x":2,"y":504,"width":186,"height":480},"offset":{"x":-8,"y":-3},"originalSize":{"width":300,"height":560},"rotated":false,"capInsets":[0,0,0,0],"vertices":{"rawPosition":[],"indexes":[],"uv":[],"nuv":[],"minPos":{"x":0,"y":0,"z":0},"maxPos":{"x":0,"y":0,"z":0}},"packable":true,"pixelsToUnit":100,"pivot":{"x":0.5,"y":0.5},"meshType":0}],[0],0,[0],[0],[0]],[[{"name":"paopao_10","rect":{"x":560,"y":2,"width":172,"height":396},"offset":{"x":-9,"y":-53},"originalSize":{"width":300,"height":560},"rotated":true,"capInsets":[0,0,0,0],"vertices":{"rawPosition":[],"indexes":[],"uv":[],"nuv":[],"minPos":{"x":0,"y":0,"z":0},"maxPos":{"x":0,"y":0,"z":0}},"packable":true,"pixelsToUnit":100,"pivot":{"x":0.5,"y":0.5},"meshType":0}],[0],0,[0],[0],[0]],[[{"name":"paopao_9","rect":{"x":560,"y":176,"width":138,"height":364},"offset":{"x":0,"y":-59},"originalSize":{"width":300,"height":560},"rotated":true,"capInsets":[0,0,0,0],"vertices":{"rawPosition":[],"indexes":[],"uv":[],"nuv":[],"minPos":{"x":0,"y":0,"z":0},"maxPos":{"x":0,"y":0,"z":0}},"packable":true,"pixelsToUnit":100,"pivot":{"x":0.5,"y":0.5},"meshType":0}],[0],0,[0],[0],[0]],[[{"name":"paopao_8","rect":{"x":560,"y":316,"width":136,"height":342},"offset":{"x":-6,"y":-72},"originalSize":{"width":300,"height":560},"rotated":true,"capInsets":[0,0,0,0],"vertices":{"rawPosition":[],"indexes":[],"uv":[],"nuv":[],"minPos":{"x":0,"y":0,"z":0},"maxPos":{"x":0,"y":0,"z":0}},"packable":true,"pixelsToUnit":100,"pivot":{"x":0.5,"y":0.5},"meshType":0}],[0],0,[0],[0],[0]],[[{"name":"paopao_1","rect":{"x":376,"y":2,"width":182,"height":426},"offset":{"x":-4,"y":-40},"originalSize":{"width":300,"height":560},"rotated":false,"capInsets":[0,0,0,0],"vertices":{"rawPosition":[],"indexes":[],"uv":[],"nuv":[],"minPos":{"x":0,"y":0,"z":0},"maxPos":{"x":0,"y":0,"z":0}},"packable":true,"pixelsToUnit":100,"pivot":{"x":0.5,"y":0.5},"meshType":0}],[0],0,[0],[0],[0]],[[{"name":"paopao_7","rect":{"x":382,"y":430,"width":146,"height":320},"offset":{"x":-5,"y":-85},"originalSize":{"width":300,"height":560},"rotated":false,"capInsets":[0,0,0,0],"vertices":{"rawPosition":[],"indexes":[],"uv":[],"nuv":[],"minPos":{"x":0,"y":0,"z":0},"maxPos":{"x":0,"y":0,"z":0}},"packable":true,"pixelsToUnit":100,"pivot":{"x":0.5,"y":0.5},"meshType":0}],[0],0,[0],[0],[0]],[[{"name":"paopao_6","rect":{"x":382,"y":752,"width":178,"height":308},"offset":{"x":-9,"y":-97},"originalSize":{"width":300,"height":560},"rotated":true,"capInsets":[0,0,0,0],"vertices":{"rawPosition":[],"indexes":[],"uv":[],"nuv":[],"minPos":{"x":0,"y":0,"z":0},"maxPos":{"x":0,"y":0,"z":0}},"packable":true,"pixelsToUnit":100,"pivot":{"x":0.5,"y":0.5},"meshType":0}],[0],0,[0],[0],[0]],[[{"name":"paopao_2","rect":{"x":190,"y":462,"width":190,"height":450},"offset":{"x":-2,"y":-30},"originalSize":{"width":300,"height":560},"rotated":false,"capInsets":[0,0,0,0],"vertices":{"rawPosition":[],"indexes":[],"uv":[],"nuv":[],"minPos":{"x":0,"y":0,"z":0},"maxPos":{"x":0,"y":0,"z":0}},"packable":true,"pixelsToUnit":100,"pivot":{"x":0.5,"y":0.5},"meshType":0}],[0],0,[0],[0],[0]],[[{"name":"paopao_3","rect":{"x":188,"y":2,"width":186,"height":458},"offset":{"x":-5,"y":-22},"originalSize":{"width":300,"height":560},"rotated":false,"capInsets":[0,0,0,0],"vertices":{"rawPosition":[],"indexes":[],"uv":[],"nuv":[],"minPos":{"x":0,"y":0,"z":0},"maxPos":{"x":0,"y":0,"z":0}},"packable":true,"pixelsToUnit":100,"pivot":{"x":0.5,"y":0.5},"meshType":0}],[0],0,[0],[0],[0]]]]
