[1,["6esLAAOt1CrYO3Zyp3toEZ","7cq9DgYoVGgZoxR4PhAkoZ@f9941","02g4Zwii1K6JqbQQxnBxqm@6c48a","93HKERquBLX6ejMHQ1hWvk@f9941","76KZxV7sxNOZ9h/C3vxrzq@f9941","02g4Zwii1K6JqbQQxnBxqm@f9941","43EcZRmqNKfJ9ZoRXNQvKu@f9941"],["node","_spriteFrame","_atlas","_textureSource","root","_barSprite","_target","data","_normalSprite"],[["cc.Node",["_name","_layer","_active","_components","_prefab","_parent","_lpos","_children"],0,9,4,1,5,2],["cc.Sprite",["_sizeMode","_isTrimmedMode","_type","node","__prefab","_spriteFrame","_atlas"],0,1,4,6,6],["cc.Label",["_actualFontSize","_fontSize","_string","_enableOutline","_isBold","_outlineWidth","node","__prefab","_outlineColor","_color"],-3,1,4,5,5],["cc.UITransform",["node","__prefab","_contentSize","_anchorPoint"],3,1,4,5,5],["cc.Widget",["_alignFlags","_originalWidth","_originalHeight","_right","_top","node","__prefab"],-2,1,4],"cc.SpriteFrame","cc.SpriteAtlas",["cc.Prefab",["_name"],2],["cc.Node",["_name","_layer","_parent","_components","_prefab","_lpos"],1,1,12,4,5],["cc.CompPrefabInfo",["fileId"],2],["cc.BlockInputEvents",["node","__prefab"],3,1,4],["cc.PrefabInfo",["fileId","instance","targetOverrides","nestedPrefabInstanceRoots","root","asset"],-1,1,1],["cc.ProgressBar",["_totalLength","_progress","node","__prefab","_barSprite"],1,1,4,1],["cc.Button",["_transition","_zoomScale","node","__prefab","_normalColor","_target","_normalSprite"],1,1,4,5,1,6],["cc.LabelOutline",["node","__prefab"],3,1,4]],[[9,0,2],[11,0,1,2,3,4,5,5],[3,0,1,2,1],[0,0,5,3,4,6,2],[3,0,1,2,3,1],[14,0,1,1],[7,0,2],[0,0,7,3,4,2],[0,0,5,7,3,4,6,2],[0,0,1,5,3,4,6,3],[0,0,2,5,3,4,6,3],[8,0,1,2,3,4,5,3],[4,0,1,2,5,6,4],[4,0,3,4,5,6,4],[1,0,3,4,5,2],[1,0,1,3,4,5,6,3],[1,2,0,3,4,5,6,3],[1,0,3,4,5,6,2],[1,2,0,1,3,4,4],[10,0,1,1],[12,0,1,2,3,4,3],[13,0,1,2,3,4,5,6,3],[2,2,0,1,3,6,7,8,5],[2,2,0,1,4,3,5,6,7,8,7],[2,0,1,6,7,9,3]],[[[{"name":"bg_common_loading","rect":{"x":0,"y":0,"width":1136,"height":640},"offset":{"x":0,"y":0},"originalSize":{"width":1136,"height":640},"rotated":false,"capInsets":[0,0,0,0],"vertices":{"rawPosition":[-568,-320,0,568,-320,0,-568,320,0,568,320,0],"indexes":[0,1,2,2,1,3],"uv":[0,640,1136,640,0,0,1136,0],"nuv":[0,0,1,0,0,1,1,1],"minPos":{"x":-568,"y":-320,"z":0},"maxPos":{"x":568,"y":320,"z":0}},"packable":true,"pixelsToUnit":100,"pivot":{"x":0.5,"y":0.5},"meshType":0}],[5],0,[0],[3],[2]],[[{"name":"auto_fish","spriteFrames":["icon_dt_loading_2","93HKERquBLX6ejMHQ1hWvk@f9941","common_close00","7cq9DgYoVGgZoxR4PhAkoZ@f9941","common_close01","8bSmkPOYhICappDH0u3iLs@f9941","icon_dt_loading_0","76KZxV7sxNOZ9h/C3vxrzq@f9941","icon_dt_loading_1","43EcZRmqNKfJ9ZoRXNQvKu@f9941"]}],[6],0,[],[],[]],[[[6,"prefabs_fish_loading"],[7,"prefabs_fish_loading",[-6,-7,-8,-9,-10],[[2,-2,[0,"95G9Q2rrxOf531huoVR2hh"],[5,1334,750]],[12,45,1600,800,-3,[0,"09P+eN75xLGqBLnusjt6/S"]],[14,0,-4,[0,"5az9iYCoBAibXzXlTF5LLD"],7],[19,-5,[0,"44hPUeoJBCWrav1aNApgLk"]]],[1,"c46/YsCPVOJYA4mWEpNYRx",null,null,null,-1,0]],[8,"props_progressBar",1,[-15,-16],[[2,-11,[0,"d7BGcqXt5L9IPYIVUUQgTG"],[5,760,60]],[15,0,false,-12,[0,"c2gF+HOZ9Cz7rSm9t2nXUf"],2,3],[20,740,0.3,-14,[0,"67nd2aMtRNN4pwyM5ZPGxY"],-13]],[1,"c9rLw8vUNCUql3VpFgi+1f",null,null,null,1,0],[1,0,-243.974,0]],[3,"props_btn_return",1,[[2,-17,[0,"e9AwAY10lAJYs/zY1dDIcM"],[5,62,62]],[16,1,0,-18,[0,"63Z+ah+/JE+6N+DK9Dv8xF"],4,5],[21,3,0.9,-20,[0,"54sVOiFfpFsoVc5eD7eQq8"],[4,4292269782],-19,6],[13,33,19,19,-21,[0,"fazOTPI8lDf4HcsQ/kuYth"]]],[1,"dd+qUZY9NA4rOfAs9r63tB",null,null,null,1,0],[1,617,325,0]],[3,"props_progressTip",1,[[2,-22,[0,"a1ian5eYJGSI7OIk8mlVL7"],[5,32.91,54.4]],[22,"0%",20,20,true,-23,[0,"c5PzQEQGBIMLmT4C4KABUP"],[4,4278979598]],[5,-24,[0,"ad3U0+S2RLn5pVe1s7xHuB"]]],[1,"daKwI+zzdAcZUiomyJ9HL4",null,null,null,1,0],[1,0,-190.54,0]],[3,"props_version",1,[[2,-25,[0,"e5K4MzRqFNv4KdbMObfiDk"],[5,13.12,52.4]],[23,"0",20,20,true,true,1,-26,[0,"42f/egZklP8YEucVedyJ7w"],[4,4278979598]],[5,-27,[0,"82uv4cKhNGf6unqFDTwntX"]]],[1,"860vproD1E5oEohSASi12j",null,null,null,1,0],[1,0,-304.757,0]],[11,"Bar",33554432,2,[[[4,-28,[0,"97xH8t/ulFMJRSywtrJQh6"],[5,222,42],[0,0,0.5]],-29],4,1],[1,"11el/08QhFYY8odYqv6uO3",null,null,null,1,0],[1,-371,3.964,0]],[9,"Sprite",33554432,2,[[4,-30,[0,"5eSKBDcH9NnJnSQehbJz84"],[5,124,140],[0,1,0.5]],[17,2,-31,[0,"dcNZPYYr1OMIP+86t9jAfG"],0,1]],[1,"bd+mgO9vdKAJmrzGbM4BsB",null,null,null,1,0],[1,-300,44,0]],[10,"props_error_log",false,1,[[2,-32,[0,"3ehB/J2LFKC4xBFUP6+ryW"],[5,42.26,50.4]],[24,20,20,-33,[0,"492ORR+0JHpqyM+0G0pn9g"],[4,4278190335]]],[1,"c3RCYNuf9EUqdlabfFxQwz",null,null,null,1,0],[1,0,348.217,0]],[18,2,0,false,6,[0,"2fv4eAddJB3K/PSLfcl14a"]]],0,[0,4,1,0,0,1,0,0,1,0,0,1,0,0,1,0,-1,2,0,-2,4,0,-3,8,0,-4,3,0,-5,5,0,0,2,0,0,2,0,5,9,0,0,2,0,-1,6,0,-2,7,0,0,3,0,0,3,0,6,3,0,0,3,0,0,3,0,0,4,0,0,4,0,0,4,0,0,5,0,0,5,0,0,5,0,0,6,0,-2,9,0,0,7,0,0,7,0,0,8,0,0,8,0,7,1,33],[0,0,0,0,0,0,0,0,9,9],[1,2,1,2,1,2,8,1,1,2],[3,0,4,0,1,0,1,5,6,0]]]]
