[1,["44swSWrg5N67IuEeKKev7V@6c48a"],["_textureSource"],["cc.SpriteFrame","cc.SpriteAtlas"],0,[[[{"name":"bg4guangpls","spriteFrames":["bg4guang0_1","e1RvbmNaZPn6sbTfqvLO2J@0a856","bg4guang0_2","e1RvbmNaZPn6sbTfqvLO2J@aec41","bg4guang0_3","e1RvbmNaZPn6sbTfqvLO2J@3a1e4","bg4guang0_4","e1RvbmNaZPn6sbTfqvLO2J@cc16b","bg4guang0_5","e1RvbmNaZPn6sbTfqvLO2J@f5dc9","bg4guang0_6","e1RvbmNaZPn6sbTfqvLO2J@2a39e","bg4guang0_7","e1RvbmNaZPn6sbTfqvLO2J@0330c","bg4guang0_8","e1RvbmNaZPn6sbTfqvLO2J@25eda","bg4guang0_9","e1RvbmNaZPn6sbTfqvLO2J@190eb","bg4guang0_10","e1RvbmNaZPn6sbTfqvLO2J@53516","bg4guang1_1","e1RvbmNaZPn6sbTfqvLO2J@a2cf8","bg4guang1_2","e1RvbmNaZPn6sbTfqvLO2J@13dbc","bg4guang1_3","e1RvbmNaZPn6sbTfqvLO2J@32b20","bg4guang1_4","e1RvbmNaZPn6sbTfqvLO2J@21351","bg4guang1_5","e1RvbmNaZPn6sbTfqvLO2J@d748e","bg4guang1_6","e1RvbmNaZPn6sbTfqvLO2J@c93c8","bg4guang1_7","e1RvbmNaZPn6sbTfqvLO2J@f2df0","bg4guang1_8","e1RvbmNaZPn6sbTfqvLO2J@d96f4","bg4guang1_9","e1RvbmNaZPn6sbTfqvLO2J@74d3e","bg4guang1_10","e1RvbmNaZPn6sbTfqvLO2J@0da36","bg4guang2_1","e1RvbmNaZPn6sbTfqvLO2J@e42dd","bg4guang2_2","e1RvbmNaZPn6sbTfqvLO2J@8e612","bg4guang2_3","e1RvbmNaZPn6sbTfqvLO2J@356f9","bg4guang2_4","e1RvbmNaZPn6sbTfqvLO2J@76e2a","bg4guang2_5","e1RvbmNaZPn6sbTfqvLO2J@55739","bg4guang2_6","e1RvbmNaZPn6sbTfqvLO2J@e33c4","bg4guang2_7","e1RvbmNaZPn6sbTfqvLO2J@24e0d","bg4guang2_8","e1RvbmNaZPn6sbTfqvLO2J@0cf82","bg4guang2_9","e1RvbmNaZPn6sbTfqvLO2J@db093","bg4guang2_10","e1RvbmNaZPn6sbTfqvLO2J@0035f"]}],[1],0,[],[],[]],[[{"name":"bg4guang2_10","rect":{"x":2446,"y":230,"width":194,"height":128},"offset":{"x":-30,"y":-8},"originalSize":{"width":300,"height":250},"rotated":true,"capInsets":[0,0,0,0],"vertices":{"rawPosition":[],"indexes":[],"uv":[],"nuv":[],"minPos":{"x":0,"y":0,"z":0},"maxPos":{"x":0,"y":0,"z":0}},"packable":true,"pixelsToUnit":100,"pivot":{"x":0.5,"y":0.5},"meshType":0}],[0],0,[0],[0],[0]],[[{"name":"bg4guang0_7","rect":{"x":2126,"y":1958,"width":80,"height":90},"offset":{"x":4,"y":-2},"originalSize":{"width":160,"height":160},"rotated":true,"capInsets":[0,0,0,0],"vertices":{"rawPosition":[],"indexes":[],"uv":[],"nuv":[],"minPos":{"x":0,"y":0,"z":0},"maxPos":{"x":0,"y":0,"z":0}},"packable":true,"pixelsToUnit":100,"pivot":{"x":0.5,"y":0.5},"meshType":0}],[0],0,[0],[0],[0]],[[{"name":"bg4guang0_1","rect":{"x":1940,"y":1958,"width":80,"height":92},"offset":{"x":4,"y":4},"originalSize":{"width":160,"height":160},"rotated":true,"capInsets":[0,0,0,0],"vertices":{"rawPosition":[],"indexes":[],"uv":[],"nuv":[],"minPos":{"x":0,"y":0,"z":0},"maxPos":{"x":0,"y":0,"z":0}},"packable":true,"pixelsToUnit":100,"pivot":{"x":0.5,"y":0.5},"meshType":0}],[0],0,[0],[0],[0]],[[{"name":"bg4guang2_8","rect":{"x":2446,"y":800,"width":168,"height":120},"offset":{"x":15,"y":-11},"originalSize":{"width":300,"height":250},"rotated":true,"capInsets":[0,0,0,0],"vertices":{"rawPosition":[],"indexes":[],"uv":[],"nuv":[],"minPos":{"x":0,"y":0,"z":0},"maxPos":{"x":0,"y":0,"z":0}},"packable":true,"pixelsToUnit":100,"pivot":{"x":0.5,"y":0.5},"meshType":0}],[0],0,[0],[0],[0]],[[{"name":"bg4guang1_10","rect":{"x":2,"y":982,"width":978,"height":484},"offset":{"x":-9,"y":8},"originalSize":{"width":1000,"height":500},"rotated":true,"capInsets":[0,0,0,0],"vertices":{"rawPosition":[],"indexes":[],"uv":[],"nuv":[],"minPos":{"x":0,"y":0,"z":0},"maxPos":{"x":0,"y":0,"z":0}},"packable":true,"pixelsToUnit":100,"pivot":{"x":0.5,"y":0.5},"meshType":0}],[0],0,[0],[0],[0]],[[{"name":"bg4guang1_2","rect":{"x":2,"y":2,"width":978,"height":488},"offset":{"x":-9,"y":6},"originalSize":{"width":1000,"height":500},"rotated":false,"capInsets":[0,0,0,0],"vertices":{"rawPosition":[],"indexes":[],"uv":[],"nuv":[],"minPos":{"x":0,"y":0,"z":0},"maxPos":{"x":0,"y":0,"z":0}},"packable":true,"pixelsToUnit":100,"pivot":{"x":0.5,"y":0.5},"meshType":0}],[0],0,[0],[0],[0]],[[{"name":"bg4guang0_9","rect":{"x":1652,"y":1956,"width":82,"height":98},"offset":{"x":3,"y":-6},"originalSize":{"width":160,"height":160},"rotated":true,"capInsets":[0,0,0,0],"vertices":{"rawPosition":[],"indexes":[],"uv":[],"nuv":[],"minPos":{"x":0,"y":0,"z":0},"maxPos":{"x":0,"y":0,"z":0}},"packable":true,"pixelsToUnit":100,"pivot":{"x":0.5,"y":0.5},"meshType":0}],[0],0,[0],[0],[0]],[[{"name":"bg4guang1_4","rect":{"x":2,"y":492,"width":976,"height":488},"offset":{"x":-10,"y":6},"originalSize":{"width":1000,"height":500},"rotated":false,"capInsets":[0,0,0,0],"vertices":{"rawPosition":[],"indexes":[],"uv":[],"nuv":[],"minPos":{"x":0,"y":0,"z":0},"maxPos":{"x":0,"y":0,"z":0}},"packable":true,"pixelsToUnit":100,"pivot":{"x":0.5,"y":0.5},"meshType":0}],[0],0,[0],[0],[0]],[[{"name":"bg4guang2_7","rect":{"x":2424,"y":980,"width":204,"height":140},"offset":{"x":-22,"y":-13},"originalSize":{"width":300,"height":250},"rotated":true,"capInsets":[0,0,0,0],"vertices":{"rawPosition":[],"indexes":[],"uv":[],"nuv":[],"minPos":{"x":0,"y":0,"z":0},"maxPos":{"x":0,"y":0,"z":0}},"packable":true,"pixelsToUnit":100,"pivot":{"x":0.5,"y":0.5},"meshType":0}],[0],0,[0],[0],[0]],[[{"name":"bg4guang0_8","rect":{"x":2034,"y":1958,"width":80,"height":90},"offset":{"x":4,"y":-4},"originalSize":{"width":160,"height":160},"rotated":true,"capInsets":[0,0,0,0],"vertices":{"rawPosition":[],"indexes":[],"uv":[],"nuv":[],"minPos":{"x":0,"y":0,"z":0},"maxPos":{"x":0,"y":0,"z":0}},"packable":true,"pixelsToUnit":100,"pivot":{"x":0.5,"y":0.5},"meshType":0}],[0],0,[0],[0],[0]],[[{"name":"bg4guang0_6","rect":{"x":2218,"y":1958,"width":80,"height":88},"offset":{"x":4,"y":-3},"originalSize":{"width":160,"height":160},"rotated":true,"capInsets":[0,0,0,0],"vertices":{"rawPosition":[],"indexes":[],"uv":[],"nuv":[],"minPos":{"x":0,"y":0,"z":0},"maxPos":{"x":0,"y":0,"z":0}},"packable":true,"pixelsToUnit":100,"pivot":{"x":0.5,"y":0.5},"meshType":0}],[0],0,[0],[0],[0]],[[{"name":"bg4guang1_3","rect":{"x":982,"y":2,"width":976,"height":488},"offset":{"x":-9,"y":6},"originalSize":{"width":1000,"height":500},"rotated":false,"capInsets":[0,0,0,0],"vertices":{"rawPosition":[],"indexes":[],"uv":[],"nuv":[],"minPos":{"x":0,"y":0,"z":0},"maxPos":{"x":0,"y":0,"z":0}},"packable":true,"pixelsToUnit":100,"pivot":{"x":0.5,"y":0.5},"meshType":0}],[0],0,[0],[0],[0]],[[{"name":"bg4guang2_3","rect":{"x":2424,"y":1386,"width":198,"height":142},"offset":{"x":-8,"y":-19},"originalSize":{"width":300,"height":250},"rotated":true,"capInsets":[0,0,0,0],"vertices":{"rawPosition":[],"indexes":[],"uv":[],"nuv":[],"minPos":{"x":0,"y":0,"z":0},"maxPos":{"x":0,"y":0,"z":0}},"packable":true,"pixelsToUnit":100,"pivot":{"x":0.5,"y":0.5},"meshType":0}],[0],0,[0],[0],[0]],[[{"name":"bg4guang0_3","rect":{"x":1752,"y":1956,"width":80,"height":92},"offset":{"x":4,"y":4},"originalSize":{"width":160,"height":160},"rotated":true,"capInsets":[0,0,0,0],"vertices":{"rawPosition":[],"indexes":[],"uv":[],"nuv":[],"minPos":{"x":0,"y":0,"z":0},"maxPos":{"x":0,"y":0,"z":0}},"packable":true,"pixelsToUnit":100,"pivot":{"x":0.5,"y":0.5},"meshType":0}],[0],0,[0],[0],[0]],[[{"name":"bg4guang0_10","rect":{"x":1460,"y":1956,"width":84,"height":108},"offset":{"x":2,"y":-2},"originalSize":{"width":160,"height":160},"rotated":true,"capInsets":[0,0,0,0],"vertices":{"rawPosition":[],"indexes":[],"uv":[],"nuv":[],"minPos":{"x":0,"y":0,"z":0},"maxPos":{"x":0,"y":0,"z":0}},"packable":true,"pixelsToUnit":100,"pivot":{"x":0.5,"y":0.5},"meshType":0}],[0],0,[0],[0],[0]],[[{"name":"bg4guang2_5","rect":{"x":2446,"y":426,"width":188,"height":124},"offset":{"x":-11,"y":-18},"originalSize":{"width":300,"height":250},"rotated":true,"capInsets":[0,0,0,0],"vertices":{"rawPosition":[],"indexes":[],"uv":[],"nuv":[],"minPos":{"x":0,"y":0,"z":0},"maxPos":{"x":0,"y":0,"z":0}},"packable":true,"pixelsToUnit":100,"pivot":{"x":0.5,"y":0.5},"meshType":0}],[0],0,[0],[0],[0]],[[{"name":"bg4guang1_9","rect":{"x":980,"y":492,"width":978,"height":484},"offset":{"x":-9,"y":8},"originalSize":{"width":1000,"height":500},"rotated":false,"capInsets":[0,0,0,0],"vertices":{"rawPosition":[],"indexes":[],"uv":[],"nuv":[],"minPos":{"x":0,"y":0,"z":0},"maxPos":{"x":0,"y":0,"z":0}},"packable":true,"pixelsToUnit":100,"pivot":{"x":0.5,"y":0.5},"meshType":0}],[0],0,[0],[0],[0]],[[{"name":"bg4guang2_4","rect":{"x":2424,"y":1186,"width":198,"height":142},"offset":{"x":-10,"y":-18},"originalSize":{"width":300,"height":250},"rotated":true,"capInsets":[0,0,0,0],"vertices":{"rawPosition":[],"indexes":[],"uv":[],"nuv":[],"minPos":{"x":0,"y":0,"z":0},"maxPos":{"x":0,"y":0,"z":0}},"packable":true,"pixelsToUnit":100,"pivot":{"x":0.5,"y":0.5},"meshType":0}],[0],0,[0],[0],[0]],[[{"name":"bg4guang2_2","rect":{"x":2424,"y":1784,"width":194,"height":132},"offset":{"x":-8,"y":-26},"originalSize":{"width":300,"height":250},"rotated":true,"capInsets":[0,0,0,0],"vertices":{"rawPosition":[],"indexes":[],"uv":[],"nuv":[],"minPos":{"x":0,"y":0,"z":0},"maxPos":{"x":0,"y":0,"z":0}},"packable":true,"pixelsToUnit":100,"pivot":{"x":0.5,"y":0.5},"meshType":0}],[0],0,[0],[0],[0]],[[{"name":"bg4guang1_1","rect":{"x":974,"y":982,"width":978,"height":484},"offset":{"x":-9,"y":8},"originalSize":{"width":1000,"height":500},"rotated":true,"capInsets":[0,0,0,0],"vertices":{"rawPosition":[],"indexes":[],"uv":[],"nuv":[],"minPos":{"x":0,"y":0,"z":0},"maxPos":{"x":0,"y":0,"z":0}},"packable":true,"pixelsToUnit":100,"pivot":{"x":0.5,"y":0.5},"meshType":0}],[0],0,[0],[0],[0]],[[{"name":"bg4guang0_2","rect":{"x":1846,"y":1956,"width":80,"height":92},"offset":{"x":4,"y":4},"originalSize":{"width":160,"height":160},"rotated":true,"capInsets":[0,0,0,0],"vertices":{"rawPosition":[],"indexes":[],"uv":[],"nuv":[],"minPos":{"x":0,"y":0,"z":0},"maxPos":{"x":0,"y":0,"z":0}},"packable":true,"pixelsToUnit":100,"pivot":{"x":0.5,"y":0.5},"meshType":0}],[0],0,[0],[0],[0]],[[{"name":"bg4guang1_6","rect":{"x":1944,"y":980,"width":976,"height":478},"offset":{"x":-10,"y":11},"originalSize":{"width":1000,"height":500},"rotated":true,"capInsets":[0,0,0,0],"vertices":{"rawPosition":[],"indexes":[],"uv":[],"nuv":[],"minPos":{"x":0,"y":0,"z":0},"maxPos":{"x":0,"y":0,"z":0}},"packable":true,"pixelsToUnit":100,"pivot":{"x":0.5,"y":0.5},"meshType":0}],[0],0,[0],[0],[0]],[[{"name":"bg4guang0_4","rect":{"x":1570,"y":1956,"width":80,"height":84},"offset":{"x":4,"y":-2},"originalSize":{"width":160,"height":160},"rotated":false,"capInsets":[0,0,0,0],"vertices":{"rawPosition":[],"indexes":[],"uv":[],"nuv":[],"minPos":{"x":0,"y":0,"z":0},"maxPos":{"x":0,"y":0,"z":0}},"packable":true,"pixelsToUnit":100,"pivot":{"x":0.5,"y":0.5},"meshType":0}],[0],0,[0],[0],[0]],[[{"name":"bg4guang1_5","rect":{"x":1960,"y":2,"width":976,"height":484},"offset":{"x":-10,"y":8},"originalSize":{"width":1000,"height":500},"rotated":true,"capInsets":[0,0,0,0],"vertices":{"rawPosition":[],"indexes":[],"uv":[],"nuv":[],"minPos":{"x":0,"y":0,"z":0},"maxPos":{"x":0,"y":0,"z":0}},"packable":true,"pixelsToUnit":100,"pivot":{"x":0.5,"y":0.5},"meshType":0}],[0],0,[0],[0],[0]],[[{"name":"bg4guang1_8","rect":{"x":488,"y":982,"width":978,"height":484},"offset":{"x":-10,"y":8},"originalSize":{"width":1000,"height":500},"rotated":true,"capInsets":[0,0,0,0],"vertices":{"rawPosition":[],"indexes":[],"uv":[],"nuv":[],"minPos":{"x":0,"y":0,"z":0},"maxPos":{"x":0,"y":0,"z":0}},"packable":true,"pixelsToUnit":100,"pivot":{"x":0.5,"y":0.5},"meshType":0}],[0],0,[0],[0],[0]],[[{"name":"bg4guang2_9","rect":{"x":2446,"y":2,"width":226,"height":128},"offset":{"x":-15,"y":-8},"originalSize":{"width":300,"height":250},"rotated":true,"capInsets":[0,0,0,0],"vertices":{"rawPosition":[],"indexes":[],"uv":[],"nuv":[],"minPos":{"x":0,"y":0,"z":0},"maxPos":{"x":0,"y":0,"z":0}},"packable":true,"pixelsToUnit":100,"pivot":{"x":0.5,"y":0.5},"meshType":0}],[0],0,[0],[0],[0]],[[{"name":"bg4guang2_6","rect":{"x":2446,"y":616,"width":182,"height":112},"offset":{"x":-13,"y":-27},"originalSize":{"width":300,"height":250},"rotated":true,"capInsets":[0,0,0,0],"vertices":{"rawPosition":[],"indexes":[],"uv":[],"nuv":[],"minPos":{"x":0,"y":0,"z":0},"maxPos":{"x":0,"y":0,"z":0}},"packable":true,"pixelsToUnit":100,"pivot":{"x":0.5,"y":0.5},"meshType":0}],[0],0,[0],[0],[0]],[[{"name":"bg4guang2_1","rect":{"x":2424,"y":1586,"width":196,"height":132},"offset":{"x":-16,"y":-15},"originalSize":{"width":300,"height":250},"rotated":true,"capInsets":[0,0,0,0],"vertices":{"rawPosition":[],"indexes":[],"uv":[],"nuv":[],"minPos":{"x":0,"y":0,"z":0},"maxPos":{"x":0,"y":0,"z":0}},"packable":true,"pixelsToUnit":100,"pivot":{"x":0.5,"y":0.5},"meshType":0}],[0],0,[0],[0],[0]],[[{"name":"bg4guang1_7","rect":{"x":1460,"y":978,"width":976,"height":482},"offset":{"x":-10,"y":9},"originalSize":{"width":1000,"height":500},"rotated":true,"capInsets":[0,0,0,0],"vertices":{"rawPosition":[],"indexes":[],"uv":[],"nuv":[],"minPos":{"x":0,"y":0,"z":0},"maxPos":{"x":0,"y":0,"z":0}},"packable":true,"pixelsToUnit":100,"pivot":{"x":0.5,"y":0.5},"meshType":0}],[0],0,[0],[0],[0]],[[{"name":"bg4guang0_5","rect":{"x":2308,"y":1958,"width":80,"height":88},"offset":{"x":4,"y":-6},"originalSize":{"width":160,"height":160},"rotated":true,"capInsets":[0,0,0,0],"vertices":{"rawPosition":[],"indexes":[],"uv":[],"nuv":[],"minPos":{"x":0,"y":0,"z":0},"maxPos":{"x":0,"y":0,"z":0}},"packable":true,"pixelsToUnit":100,"pivot":{"x":0.5,"y":0.5},"meshType":0}],[0],0,[0],[0],[0]]]]
