[1,["a8XxE64hhJx70JWVyIY/SG@6c48a"],["_textureSource"],["cc.SpriteFrame"],0,[{"name":"tubiao_yupei","rect":{"x":0,"y":0,"width":127,"height":109},"offset":{"x":0,"y":0},"originalSize":{"width":127,"height":109},"rotated":false,"capInsets":[0,0,0,0],"vertices":{"rawPosition":[-63.5,-54.5,0,63.5,-54.5,0,-63.5,54.5,0,63.5,54.5,0],"indexes":[0,1,2,2,1,3],"uv":[0,109,127,109,0,0,127,0],"nuv":[0,0,1,0,0,1,1,1],"minPos":{"x":-63.5,"y":-54.5,"z":0},"maxPos":{"x":63.5,"y":54.5,"z":0}},"packable":true,"pixelsToUnit":100,"pivot":{"x":0.5,"y":0.5},"meshType":0}],[0],0,[0],[0],[0]]
