[1,["59EXNrtNZJF7luKNj2POxv@6c48a"],0,[["sp.SkeletonData",["_name","_atlasText","textureNames","_skeletonJson","textures"],-1,3]],[[0,0,1,2,3,4,5]],[[0,"ocean_mermaid_active","\nocean_mermaid_active.png\nsize: 3022,1246\nformat: RGBA8888\nfilter: Linear,Linear\nrepeat: none\nframe_0\n  rotate: false\n  xy: 2, 2\n  size: 300, 620\n  orig: 300, 620\n  offset: 0, 0\n  index: -1\nframe_1\n  rotate: false\n  xy: 304, 2\n  size: 300, 620\n  orig: 300, 620\n  offset: 0, 0\n  index: -1\nframe_2\n  rotate: false\n  xy: 606, 2\n  size: 300, 620\n  orig: 300, 620\n  offset: 0, 0\n  index: -1\nframe_3\n  rotate: false\n  xy: 908, 2\n  size: 300, 620\n  orig: 300, 620\n  offset: 0, 0\n  index: -1\nframe_4\n  rotate: false\n  xy: 1210, 2\n  size: 300, 620\n  orig: 300, 620\n  offset: 0, 0\n  index: -1\nframe_5\n  rotate: false\n  xy: 1512, 2\n  size: 300, 620\n  orig: 300, 620\n  offset: 0, 0\n  index: -1\nframe_6\n  rotate: false\n  xy: 1814, 2\n  size: 300, 620\n  orig: 300, 620\n  offset: 0, 0\n  index: -1\nframe_7\n  rotate: false\n  xy: 2116, 2\n  size: 300, 620\n  orig: 300, 620\n  offset: 0, 0\n  index: -1\nframe_8\n  rotate: false\n  xy: 2418, 2\n  size: 300, 620\n  orig: 300, 620\n  offset: 0, 0\n  index: -1\nframe_9\n  rotate: false\n  xy: 2720, 2\n  size: 300, 620\n  orig: 300, 620\n  offset: 0, 0\n  index: -1\nframe_10\n  rotate: false\n  xy: 2, 624\n  size: 300, 620\n  orig: 300, 620\n  offset: 0, 0\n  index: -1\nframe_11\n  rotate: false\n  xy: 304, 624\n  size: 300, 620\n  orig: 300, 620\n  offset: 0, 0\n  index: -1\nframe_12\n  rotate: false\n  xy: 606, 624\n  size: 300, 620\n  orig: 300, 620\n  offset: 0, 0\n  index: -1\nframe_13\n  rotate: false\n  xy: 908, 624\n  size: 300, 620\n  orig: 300, 620\n  offset: 0, 0\n  index: -1\nframe_14\n  rotate: false\n  xy: 1210, 624\n  size: 300, 620\n  orig: 300, 620\n  offset: 0, 0\n  index: -1\n",["ocean_mermaid_active.png"],{"skeleton":{"hash":" ","spine":"3.8.75","x":0,"y":0,"width":0,"height":0,"images":"./","audio":""},"bones":[{"name":"root"}],"slots":[{"name":"frame","bone":"root","attachment":"frame_0"}],"skins":[{"name":"default","attachments":{"frame":{"frame_0":{"x":0,"y":0,"width":300,"height":620},"frame_1":{"x":0,"y":0,"width":300,"height":620},"frame_2":{"x":0,"y":0,"width":300,"height":620},"frame_3":{"x":0,"y":0,"width":300,"height":620},"frame_4":{"x":0,"y":0,"width":300,"height":620},"frame_5":{"x":0,"y":0,"width":300,"height":620},"frame_6":{"x":0,"y":0,"width":300,"height":620},"frame_7":{"x":0,"y":0,"width":300,"height":620},"frame_8":{"x":0,"y":0,"width":300,"height":620},"frame_9":{"x":0,"y":0,"width":300,"height":620},"frame_10":{"x":0,"y":0,"width":300,"height":620},"frame_11":{"x":0,"y":0,"width":300,"height":620},"frame_12":{"x":0,"y":0,"width":300,"height":620},"frame_13":{"x":0,"y":0,"width":300,"height":620},"frame_14":{"x":0,"y":0,"width":300,"height":620}}}}],"animations":{"move":{"slots":{"frame":{"attachment":[{"time":0,"name":"frame_0"},{"time":0.06666666666666667,"name":"frame_1"},{"time":0.13333333333333333,"name":"frame_2"},{"time":0.2,"name":"frame_3"},{"time":0.26666666666666666,"name":"frame_4"},{"time":0.3333333333333333,"name":"frame_5"},{"time":0.4,"name":"frame_6"},{"time":0.4666666666666667,"name":"frame_7"},{"time":0.5333333333333333,"name":"frame_8"},{"time":0.6,"name":"frame_9"},{"time":0.6666666666666666,"name":"frame_10"},{"time":0.7333333333333333,"name":"frame_11"},{"time":0.8,"name":"frame_12"},{"time":0.8666666666666667,"name":"frame_13"},{"time":0.9333333333333333,"name":"frame_14"},{"time":1,"name":"frame_0"}]}}}}},[0]]],0,0,[0],[-1],[0]]
