[1,["98zi6V1GpHzLbOWk8M1aKL@6c48a"],["_textureSource"],["cc.SpriteFrame"],0,[{"name":"grand_jackpot_en","rect":{"x":0,"y":1,"width":554,"height":53},"offset":{"x":-1.5,"y":-0.5},"originalSize":{"width":557,"height":54},"rotated":false,"capInsets":[0,0,0,0],"vertices":{"rawPosition":[-277,-26.5,0,277,-26.5,0,-277,26.5,0,277,26.5,0],"indexes":[0,1,2,2,1,3],"uv":[0,53,554,53,0,0,554,0],"nuv":[0,0,0.9946140035906643,0,0,0.9814814814814815,0.9946140035906643,0.9814814814814815],"minPos":{"x":-277,"y":-26.5,"z":0},"maxPos":{"x":277,"y":26.5,"z":0}},"packable":true,"pixelsToUnit":100,"pivot":{"x":0.5,"y":0.5},"meshType":0}],[0],0,[0],[0],[0]]
