[1,["a5ap0kXwNOGYIpuSbuIerU@6c48a"],["_textureSource"],["cc.SpriteFrame"],0,[{"name":"small","rect":{"x":0,"y":0,"width":1024,"height":583},"offset":{"x":0,"y":0},"originalSize":{"width":1024,"height":583},"rotated":false,"capInsets":[0,0,0,0],"vertices":{"rawPosition":[-512,-291.5,0,512,-291.5,0,-512,291.5,0,512,291.5,0],"indexes":[0,1,2,2,1,3],"uv":[0,583,1024,583,0,0,1024,0],"nuv":[0,0,1,0,0,1,1,1],"minPos":{"x":-512,"y":-291.5,"z":0},"maxPos":{"x":512,"y":291.5,"z":0}},"packable":true,"pixelsToUnit":100,"pivot":{"x":0.5,"y":0.5},"meshType":0}],[0],0,[0],[0],[0]]
