[1,["c66DyvoM1EBa8SrnK9ZCaO@6c48a"],["_textureSource"],["cc.SpriteFrame"],0,[{"name":"icon_lztb_tubiao_baozi","rect":{"x":0,"y":0,"width":166,"height":135},"offset":{"x":0,"y":0},"originalSize":{"width":166,"height":135},"rotated":false,"capInsets":[0,0,0,0],"vertices":{"rawPosition":[-83,-67.5,0,83,-67.5,0,-83,67.5,0,83,67.5,0],"indexes":[0,1,2,2,1,3],"uv":[0,135,166,135,0,0,166,0],"nuv":[0,0,1,0,0,1,1,1],"minPos":{"x":-83,"y":-67.5,"z":0},"maxPos":{"x":83,"y":67.5,"z":0}},"packable":true,"pixelsToUnit":100,"pivot":{"x":0.5,"y":0.5},"meshType":0}],[0],0,[0],[0],[0]]
