[1,["9edGCRrpRAtq/bkmWVqLiC","d1lLbd8gxLSomr+nJdwVmS@f9941","5fDBl0wuZGlKxW5TgQgFJh@f9941","81BDDtkMBBFoj9Iz71hfhS@f9941","d2bjBGPANMjZPlZZHF3jLh","2d3i4AHEdFtYnHjfXKnS6H@6c48a","2d3i4AHEdFtYnHjfXKnS6H@f9941","c5g44UOhRAYZbIolE3KMYb@f9941","40phpg4y9CI7bRzQO2omZu@f9941","6fNIXEAGpFYp0tdzpmeL+W"],["node","_spriteFrame","_atlas","_textureSource","root","data","_font","_defaultClip"],[["cc.Node",["_name","_active","_components","_prefab","_parent","_children","_lpos","_lscale"],1,9,4,1,2,5,5],["cc.Label",["_string","_actualFontSize","_fontSize","_lineHeight","_isSystemFontUsed","_overflow","_enableWrapText","_isBold","node","__prefab","_font","_color"],-5,1,4,6,5],["cc.UITransform",["node","__prefab","_contentSize"],3,1,4,5],"cc.SpriteFrame",["cc.Prefab",["_name"],2],["cc.CompPrefabInfo",["fileId"],2],["cc.Animation",["playOnLoad","node","__prefab","_clips","_defaultClip"],2,1,4,3,6],["cc.PrefabInfo",["fileId","instance","targetOverrides","nestedPrefabInstanceRoots","root","asset"],-1,1,1],["cc.Sprite",["node","__prefab","_spriteFrame","_atlas"],3,1,4,6,6],["cc.Layout",["node","__prefab"],3,1,4]],[[5,0,2],[7,0,1,2,3,4,5,5],[2,0,1,2,1],[0,0,4,2,3,6,2],[8,0,1,2,3,1],[0,0,1,4,5,2,3,6,3],[0,0,4,2,3,6,7,2],[1,0,1,2,5,6,8,9,6],[1,0,1,2,3,7,8,9,11,6],[2,0,1,1],[4,0,2],[0,0,5,2,3,2],[0,0,4,5,2,3,2],[0,0,4,2,3,2],[6,0,1,2,3,4,2],[9,0,1,1],[1,0,1,2,3,4,8,9,10,6]],[[[{"name":"img_lose_bg","rect":{"x":0,"y":0,"width":1624,"height":460},"offset":{"x":0,"y":0},"originalSize":{"width":1624,"height":460},"rotated":false,"capInsets":[0,0,0,0],"vertices":{"rawPosition":[-812,-230,0,812,-230,0,-812,230,0,812,230,0],"indexes":[0,1,2,2,1,3],"uv":[0,460,1624,460,0,0,1624,0],"nuv":[0,0,1,0,0,1,1,1],"minPos":{"x":-812,"y":-230,"z":0},"maxPos":{"x":812,"y":230,"z":0}},"packable":true,"pixelsToUnit":100,"pivot":{"x":0.5,"y":0.5},"meshType":0}],[3],0,[0],[3],[5]],[[[10,"prefabs_dragonTiger_lose"],[11,"prefabs_dragonTiger_lose",[-4,-5,-6,-7,-8,-9,-10],[[9,-2,[0,"5esQs0GXFOwZIdsQtD17LG"]],[14,true,-3,[0,"c85lAN57xL/7M5ZEdXe2c6"],[31],32]],[1,"c46/YsCPVOJYA4mWEpNYRx",null,null,null,-1,0]],[5,"props_spr_user_bg1",false,1,[-13,-14,-15,-16],[[2,-11,[0,"6bMmincmdNVYvxV5vgHx4k"],[5,148,200]],[4,-12,[0,"d852MCctNC8qT9eHKrqkrZ"],11,12]],[1,"af68pczblE5poVG2Zof8Na",null,null,null,1,0],[1,-328,-96,0]],[5,"props_spr_user_bg2",false,1,[-19,-20,-21,-22],[[2,-17,[0,"48u7QP1V1IOpOEK6k60+Fk"],[5,148,200]],[4,-18,[0,"06dmPT93JDvbybXCGPTT3B"],17,18]],[1,"93vveUVNFPN7eBye0trfP3",null,null,null,1,0],[1,-118,-96,0]],[5,"props_spr_user_bg3",false,1,[-25,-26,-27,-28],[[2,-23,[0,"facyYFYgJLb4Gt2hccryhN"],[5,148,200]],[4,-24,[0,"859XRIv/1Okb3R2V2/tY9b"],23,24]],[1,"853QX1n15OiZKNkp5yxMwa",null,null,null,1,0],[1,92,-96,0]],[5,"props_spr_user_bg4",false,1,[-31,-32,-33,-34],[[2,-29,[0,"e4Uq1DEjVG0oeDaNS0BvqV"],[5,148,200]],[4,-30,[0,"bed/HfOtNBop4IcIAxa+sg"],29,30]],[1,"b5n+MGXCFN4qXKNsIgYIJu",null,null,null,1,0],[1,302,-96,0]],[12,"Layout_win_title",1,[-37,-38,-39],[[9,-35,[0,"79c7pC21pDcZcvUfI12Tbe"]],[15,-36,[0,"15GTVNdm5LaKvWymIUZTYn"]]],[1,"57iuV4M1pF9LnN8Rm/GIDg",null,null,null,1,0]],[3,"props_spr_win_bg",1,[[2,-40,[0,"27hO+dv0JDELFnzFGlkmJN"],[5,1624,460]],[4,-41,[0,"8dVAVQT/lLQLq/0HHg/I6L"],0,1]],[1,"54hoC35OJNd5DqfUB5xGPw",null,null,null,1,0],[1,0,-44,0]],[3,"spr_lose_title",6,[[2,-42,[0,"d7QuUn9SpDCLa6UvNSBcYj"],[5,581,166]],[4,-43,[0,"4ccYxu+qNH5KH4qbs1pgeQ"],2,3]],[1,"6aAVbXT3RGFrBOuQWRbROg",null,null,null,1,0],[1,0,90,0]],[3,"word_lose_title",6,[[2,-44,[0,"49fj25Bi5Hq4mPnXOoVNxA"],[5,593,111]],[4,-45,[0,"bdtu8fca1KdKVqznCj1S6h"],4,5]],[1,"4bVCP9gF5BJbeuQ9sGoIY+",null,null,null,1,0],[1,0,208,0]],[3,"props_label_lose_num",6,[[2,-46,[0,"e75ykfJZtMo5rcePjKrYSH"],[5,54.38,70]],[16,"0",60,60,70,false,-47,[0,"f4wzJCjKdK9Z4D5f7TRMl8"],6]],[1,"329qSsZC1A2ZBuWhcQt33g",null,null,null,1,0],[1,0,108,0]],[3,"Label_user_name",2,[[2,-48,[0,"e2TCiQkpBL+6nxub+TAiKG"],[5,120,50.4]],[7,"",26,26,2,false,-49,[0,"7aDOtO4lZGNLbZ+0Rc6jE/"]]],[1,"80+1e/OhVEpLX1HhSQNFbi",null,null,null,1,0],[1,0,80,0]],[3,"Label_user_gold",2,[[2,-50,[0,"acLaLgYLdLvaCggkRxjzrX"],[5,0,40.32]],[8,"",26,26,32,true,-51,[0,"6foUaPVzZKa65cVXGlMi0b"],[4,4284919770]]],[1,"93osMzyrlEVreWWvmJNHZz",null,null,null,1,0],[1,0,-70,0]],[6,"spr_user_head",2,[[2,-52,[0,"d28OtW3axFWrEJujNWJXHw"],[5,140,140]],[4,-53,[0,"cewLcqAmpPY7I9WyUBRZ4v"],7,8]],[1,"f8ej8ms5lPdK8yjqUtR+6o",null,null,null,1,0],[1,0,10,0],[1,0.55,0.55,1]],[3,"spr_user_headBg",2,[[2,-54,[0,"18s9hn1y1OUb5Xn60SBk2r"],[5,80,80]],[4,-55,[0,"3asahT0YJDoaAiXArOnBqr"],9,10]],[1,"5aFXsXUqNGt4fNd4wiqMPz",null,null,null,1,0],[1,0,10,0]],[3,"Label_user_name",3,[[2,-56,[0,"adpHSTh5BCvothhdosZtfw"],[5,120,50.4]],[7,"",26,26,2,false,-57,[0,"d0e1FUnIFBDJ/DxqhqmL58"]]],[1,"20Lwh/jGFORJcmf2W7fTES",null,null,null,1,0],[1,0,80,0]],[3,"Label_user_gold",3,[[2,-58,[0,"98NWSzTG9OhK4RFPd/WLvK"],[5,0,40.32]],[8,"",26,26,32,true,-59,[0,"76TOha5glPQqCejIeyqRt9"],[4,4284919770]]],[1,"b0iCR0kLxEkL9jdGvbRign",null,null,null,1,0],[1,0,-70,0]],[6,"spr_user_head",3,[[2,-60,[0,"f3bbst19VN4qccjd5MspvS"],[5,140,140]],[4,-61,[0,"c1AZPWwCBGA6AmunfQ3Dqq"],13,14]],[1,"71t0HF9YtN1LwIzBgp+KLd",null,null,null,1,0],[1,0,10,0],[1,0.55,0.55,1]],[3,"spr_user_headBg",3,[[2,-62,[0,"0cK1F7j9JNRLh1HwULvdgU"],[5,80,80]],[4,-63,[0,"0dz4Wy35xJlJkKx1MgDqMB"],15,16]],[1,"69bdAwIVZOvI5bPCapRekH",null,null,null,1,0],[1,0,10,0]],[3,"Label_user_name",4,[[2,-64,[0,"681nQGK6FOHrrnlE+8y/4+"],[5,120,50.4]],[7,"",26,26,2,false,-65,[0,"b5XEjth/lNH4LKS4jyU2vk"]]],[1,"82DJVv3EpBUaomruDoDvq1",null,null,null,1,0],[1,0,80,0]],[3,"Label_user_gold",4,[[2,-66,[0,"43IVb4hcBPH71T/bm1Vu9q"],[5,0,40.32]],[8,"",26,26,32,true,-67,[0,"cdeMDZTABLTaMWDxJlLnDs"],[4,4284919770]]],[1,"7fM81kM7lPMJ+JM+3eJLGL",null,null,null,1,0],[1,0,-70,0]],[6,"spr_user_head",4,[[2,-68,[0,"eeKIgWo0xBb7oHEnH/v6H7"],[5,140,140]],[4,-69,[0,"c9WUowFQ9O9LjEIrOHHI7v"],19,20]],[1,"d4dNwDeRdJBYOQ+n343Lgc",null,null,null,1,0],[1,0,10,0],[1,0.55,0.55,1]],[3,"spr_user_headBg",4,[[2,-70,[0,"f20XwLvJJJ/IcN5zdeupOK"],[5,80,80]],[4,-71,[0,"deWsF8hxhEAZvvxHk/2xX3"],21,22]],[1,"e5B1wOMnlMHIm87tb0pEg9",null,null,null,1,0],[1,0,10,0]],[3,"Label_user_name",5,[[2,-72,[0,"07PhrAGwVGhp9ab9AIKEv/"],[5,120,50.4]],[7,"",26,26,2,false,-73,[0,"70fBSfSR5DZ4Kp/bpAD4rO"]]],[1,"2bSUU0ushAWJFFF332PHG+",null,null,null,1,0],[1,0,80,0]],[3,"Label_user_gold",5,[[2,-74,[0,"f4QLki5O5J1YLw7T7lDNfq"],[5,0,40.32]],[8,"",26,26,32,true,-75,[0,"0c/uy3SSlCNKo2EVQ4ENDv"],[4,4284919770]]],[1,"bcRMBRBD1K3Z2pc2wOsPpT",null,null,null,1,0],[1,0,-70,0]],[6,"spr_user_head",5,[[2,-76,[0,"761w6O2o5HOYFGMb2wX0bm"],[5,140,140]],[4,-77,[0,"f7yCEevGtBJrbG5IlCffJ1"],25,26]],[1,"98Nk6M6VtMjppHPyARrCQ6",null,null,null,1,0],[1,0,10,0],[1,0.55,0.55,1]],[3,"spr_user_headBg",5,[[2,-78,[0,"9efn+LMuJG1aWDWVE1L/37"],[5,80,80]],[4,-79,[0,"5aImAmoQtIz44yA3QsBpy6"],27,28]],[1,"18DUFlkJNN5psZ+fOp8YrG",null,null,null,1,0],[1,0,10,0]],[13,"spr_win_bg",1,[[9,-80,[0,"4aRrlsZ2tKIJ8xtVpMwQMK"]]],[1,"baeyvppqRDmL19FJnE2X3m",null,null,null,1,0]]],0,[0,4,1,0,0,1,0,0,1,0,-1,7,0,-2,6,0,-3,2,0,-4,3,0,-5,4,0,-6,5,0,-7,27,0,0,2,0,0,2,0,-1,11,0,-2,12,0,-3,13,0,-4,14,0,0,3,0,0,3,0,-1,15,0,-2,16,0,-3,17,0,-4,18,0,0,4,0,0,4,0,-1,19,0,-2,20,0,-3,21,0,-4,22,0,0,5,0,0,5,0,-1,23,0,-2,24,0,-3,25,0,-4,26,0,0,6,0,0,6,0,-1,8,0,-2,9,0,-3,10,0,0,7,0,0,7,0,0,8,0,0,8,0,0,9,0,0,9,0,0,10,0,0,10,0,0,11,0,0,11,0,0,12,0,0,12,0,0,13,0,0,13,0,0,14,0,0,14,0,0,15,0,0,15,0,0,16,0,0,16,0,0,17,0,0,17,0,0,18,0,0,18,0,0,19,0,0,19,0,0,20,0,0,20,0,0,21,0,0,21,0,0,22,0,0,22,0,0,23,0,0,23,0,0,24,0,0,24,0,0,25,0,0,25,0,0,26,0,0,26,0,0,27,0,5,1,80],[0,0,0,0,0,0,0,0,0,0,0,0,0,0,0,0,0,0,0,0,0,0,0,0,0,0,0,0,0,0,0,0,0],[1,2,1,2,1,2,6,1,2,1,2,1,2,1,2,1,2,1,2,1,2,1,2,1,2,1,2,1,2,1,2,-1,7],[6,0,7,0,8,0,9,1,0,2,0,3,0,1,0,2,0,3,0,1,0,2,0,3,0,1,0,2,0,3,0,4,4]]]]
