[1,["b7pb6yfLVE7pXDmtE1Whz2@6c48a"],["_textureSource"],["cc.SpriteFrame"],0,[{"name":"icon_nan1","rect":{"x":0,"y":0,"width":118,"height":113},"offset":{"x":0,"y":0},"originalSize":{"width":118,"height":113},"rotated":false,"capInsets":[0,0,0,0],"vertices":{"rawPosition":[-59,-56.5,0,59,-56.5,0,-59,56.5,0,59,56.5,0],"indexes":[0,1,2,2,1,3],"uv":[0,113,118,113,0,0,118,0],"nuv":[0,0,1,0,0,1,1,1],"minPos":{"x":-59,"y":-56.5,"z":0},"maxPos":{"x":59,"y":56.5,"z":0}},"packable":true,"pixelsToUnit":100,"pivot":{"x":0.5,"y":0.5},"meshType":0}],[0],0,[0],[0],[0]]
