[1,["1129000ea@6c48a"],["_textureSource"],["cc.SpriteFrame","cc.SpriteAtlas"],0,[[[{"name":"bg_fenghuang_xyx_xuanzebox_1","rect":{"x":3,"y":3,"width":190,"height":476},"offset":{"x":0,"y":0},"originalSize":{"width":190,"height":476},"rotated":true,"capInsets":[0,0,0,0],"packable":true,"pixelsToUnit":100,"pivot":{"x":0.5,"y":0.5},"meshType":0}],[0],0,[0],[0],[0]],[[{"name":"bg_fenghuang_xyx_xuanzebox_5","rect":{"x":3,"y":787,"width":189,"height":475},"offset":{"x":0,"y":0},"originalSize":{"width":189,"height":475},"rotated":true,"capInsets":[0,0,0,0],"packable":true,"pixelsToUnit":100,"pivot":{"x":0.5,"y":0.5},"meshType":0}],[0],0,[0],[0],[0]],[[{"name":"auto_smallGame","spriteFrames":["bg_fenghuang_xyx_xuanzebox_1","42h10fq/JKJZPf2wyBhd79@f9941","bg_fenghuang_xyx_xuanzebox_4","cde0DQl/ZBM61Uzw6MciJo@f9941","bg_fenghuang_xyx_xuanzebox_3","d7jol+aUZL4IyyINZTPGfZ@f9941","bg_fenghuang_xyx_xuanzebox_2","fax64h9bhIS5ij8oyNhTGk@f9941","bg_fenghuang_xyx_xuanzebox_5","7bdXhXDdRBw54gk4NVJEK4@f9941"]}],[1],0,[],[],[]],[[{"name":"bg_fenghuang_xyx_xuanzebox_4","rect":{"x":3,"y":199,"width":190,"height":476},"offset":{"x":0,"y":0},"originalSize":{"width":190,"height":476},"rotated":true,"capInsets":[0,0,0,0],"packable":true,"pixelsToUnit":100,"pivot":{"x":0.5,"y":0.5},"meshType":0}],[0],0,[0],[0],[0]],[[{"name":"bg_fenghuang_xyx_xuanzebox_3","rect":{"x":3,"y":395,"width":190,"height":476},"offset":{"x":0,"y":0},"originalSize":{"width":190,"height":476},"rotated":true,"capInsets":[0,0,0,0],"packable":true,"pixelsToUnit":100,"pivot":{"x":0.5,"y":0.5},"meshType":0}],[0],0,[0],[0],[0]],[[{"name":"bg_fenghuang_xyx_xuanzebox_2","rect":{"x":3,"y":591,"width":190,"height":476},"offset":{"x":0,"y":0},"originalSize":{"width":190,"height":476},"rotated":true,"capInsets":[0,0,0,0],"packable":true,"pixelsToUnit":100,"pivot":{"x":0.5,"y":0.5},"meshType":0}],[0],0,[0],[0],[0]]]]
