[1,["1129000ea@6c48a","42875d1f-abf2-4a25-93df-db0c8185defd@f9941","cd7b40d0-97f6-4133-ad54-cf0e8c722268@f9941","d78e897e-6946-4be0-8cb2-20d6533c67d9@f9941","fac7ae21-f5b8-484b-98a3-f28c8d8531a4@f9941","7b757857-0dd4-41c3-9e20-9383552442b8@f9941"],["_textureSource"],["cc.SpriteFrame","cc.SpriteAtlas"],0,[[[{"name":"bg_fenghuang_xyx_xuanzebox_1","rect":{"x":3,"y":3,"width":190,"height":476},"offset":{"x":0,"y":0},"originalSize":{"width":190,"height":476},"rotated":true,"capInsets":[0,0,0,0],"packable":true,"pixelsToUnit":100,"pivot":{"x":0.5,"y":0.5},"meshType":0}],[0],0,[0],[0],[0]],[[{"name":"bg_fenghuang_xyx_xuanzebox_5","rect":{"x":3,"y":787,"width":189,"height":475},"offset":{"x":0,"y":0},"originalSize":{"width":189,"height":475},"rotated":true,"capInsets":[0,0,0,0],"packable":true,"pixelsToUnit":100,"pivot":{"x":0.5,"y":0.5},"meshType":0}],[0],0,[0],[0],[0]],[[{"name":"auto_smallGame","spriteFrames":["bg_fenghuang_xyx_xuanzebox_1","42875d1f-abf2-4a25-93df-db0c8185defd@f9941","bg_fenghuang_xyx_xuanzebox_4","cd7b40d0-97f6-4133-ad54-cf0e8c722268@f9941","bg_fenghuang_xyx_xuanzebox_3","d78e897e-6946-4be0-8cb2-20d6533c67d9@f9941","bg_fenghuang_xyx_xuanzebox_2","fac7ae21-f5b8-484b-98a3-f28c8d8531a4@f9941","bg_fenghuang_xyx_xuanzebox_5","7b757857-0dd4-41c3-9e20-9383552442b8@f9941"]}],[1],0,[0,0,0,0,0],[0,0,0,0,0],[1,2,3,4,5]],[[{"name":"bg_fenghuang_xyx_xuanzebox_4","rect":{"x":3,"y":199,"width":190,"height":476},"offset":{"x":0,"y":0},"originalSize":{"width":190,"height":476},"rotated":true,"capInsets":[0,0,0,0],"packable":true,"pixelsToUnit":100,"pivot":{"x":0.5,"y":0.5},"meshType":0}],[0],0,[0],[0],[0]],[[{"name":"bg_fenghuang_xyx_xuanzebox_3","rect":{"x":3,"y":395,"width":190,"height":476},"offset":{"x":0,"y":0},"originalSize":{"width":190,"height":476},"rotated":true,"capInsets":[0,0,0,0],"packable":true,"pixelsToUnit":100,"pivot":{"x":0.5,"y":0.5},"meshType":0}],[0],0,[0],[0],[0]],[[{"name":"bg_fenghuang_xyx_xuanzebox_2","rect":{"x":3,"y":591,"width":190,"height":476},"offset":{"x":0,"y":0},"originalSize":{"width":190,"height":476},"rotated":true,"capInsets":[0,0,0,0],"packable":true,"pixelsToUnit":100,"pivot":{"x":0.5,"y":0.5},"meshType":0}],[0],0,[0],[0],[0]]]]
