[1,["1bTqKsr3JHqqQdOYBiaItG@6c48a"],["_textureSource"],["cc.SpriteFrame"],0,[{"name":"zhuanpan_halo","rect":{"x":2,"y":2,"width":1368,"height":777},"offset":{"x":-338,"y":121.5},"originalSize":{"width":2048,"height":1024},"rotated":false,"capInsets":[0,0,0,0],"vertices":{"rawPosition":[-684,-388.5,0,684,-388.5,0,-684,388.5,0,684,388.5,0],"indexes":[0,1,2,2,1,3],"uv":[2,1022,1370,1022,2,245,1370,245],"nuv":[0.0009765625,0.2392578125,0.6689453125,0.2392578125,0.0009765625,0.998046875,0.6689453125,0.998046875],"minPos":{"x":-684,"y":-388.5,"z":0},"maxPos":{"x":684,"y":388.5,"z":0}},"packable":true,"pixelsToUnit":100,"pivot":{"x":0.5,"y":0.5},"meshType":0}],[0],0,[0],[0],[0]]
