[1,["681e9ryllD2I6Cuenj+r3b@6c48a"],0,[["sp.SkeletonData",["_name","_atlasText","textureNames","_skeletonJson","textures"],-1,3]],[[0,0,1,2,3,4,5]],[[0,"st_icon_4","\r\nst_icon_4.png\r\nsize: 512,512\r\nformat: RGBA8888\r\nfilter: Linear,Linear\r\nrepeat: none\r\nimg_icon4_1\r\n  rotate: false\r\n  xy: 282, 76\r\n  size: 215, 207\r\n  orig: 215, 207\r\n  offset: 0, 0\r\n  index: -1\r\nimg_icon4_1g\r\n  rotate: false\r\n  xy: 2, 13\r\n  size: 278, 270\r\n  orig: 278, 270\r\n  offset: 0, 0\r\n  index: -1\r\nimg_icon4_2\r\n  rotate: false\r\n  xy: 378, 2\r\n  size: 76, 72\r\n  orig: 76, 72\r\n  offset: 0, 0\r\n  index: -1\r\nimg_icon4_3\r\n  rotate: false\r\n  xy: 282, 8\r\n  size: 94, 66\r\n  orig: 94, 66\r\n  offset: 0, 0\r\n  index: -1\r\n",["st_icon_4.png"],{"skeleton":{"hash":"enIqEUsFur8JGsugTMhhJCR077Q","spine":"3.8.99","images":"E:/新版UI/星光公主/动画源文件/星","audio":"E:\\新版UI\\星光公主\\动画\\图标\\星"},"bones":[{"name":"root","scaleX":0.5,"scaleY":0.5,"color":"abe323ff"},{"name":"菱形","parent":"root","x":-0.58,"y":-0.36},{"name":"bone2","parent":"菱形","length":58.99,"rotation":90,"x":0.61,"y":-21.11,"color":"abe323ff"},{"name":"bone3","parent":"菱形","length":58.99,"rotation":90,"x":0.61,"y":-21.11,"color":"abe323ff"},{"name":"dgang","parent":"菱形","x":-2.13,"y":0.63,"color":"abe323ff"},{"name":"img_icon4_2","parent":"菱形","x":1.03,"y":7.15},{"name":"菱形3","parent":"bone2","rotation":-90,"x":37.04,"y":35.75,"scaleX":0.546,"scaleY":0.546},{"name":"菱形4","parent":"bone3","rotation":-90,"x":37.04,"y":35.75,"scaleX":0.546,"scaleY":0.546}],"slots":[{"name":"菱形","bone":"菱形","attachment":"img_icon4_1"},{"name":"img_icon4_3","bone":"菱形3","attachment":"img_icon4_3","blend":"additive"},{"name":"img_icon4_5","bone":"菱形4","attachment":"img_icon4_3","blend":"additive"},{"name":"img_icon4_2","bone":"bone2","attachment":"img_icon4_2"},{"name":"img_icon4_4","bone":"bone3","attachment":"img_icon4_2","blend":"additive"},{"name":"img_icon4_1g","bone":"dgang","attachment":"img_icon4_1g","blend":"additive"}],"skins":[{"name":"default","attachments":{"img_icon4_1g":{"img_icon4_1g":{"width":278,"height":270}},"img_icon4_2":{"img_icon4_2":{"x":29.85,"y":-0.17,"rotation":-90,"width":76,"height":72}},"img_icon4_3":{"img_icon4_3":{"width":94,"height":66}},"img_icon4_4":{"img_icon4_2":{"x":29.85,"y":-0.17,"rotation":-90,"width":76,"height":72}},"img_icon4_5":{"img_icon4_3":{"width":94,"height":66}},"菱形":{"img_icon4_1":{"width":215,"height":207}}}}],"animations":{"animation":{"slots":{"img_icon4_1g":{"color":[{"color":"ffffff00","curve":"stepped"},{"time":0.1667,"color":"ffffff00"},{"time":0.5,"color":"ffffffff","curve":"stepped"},{"time":1.3333,"color":"ffffffff"},{"time":1.6667,"color":"ffffff00"}]},"img_icon4_3":{"color":[{"color":"ffffff00","curve":"stepped"},{"time":1,"color":"ffffff00"},{"time":1.1667,"color":"ffffffff","curve":"stepped"},{"time":1.3333,"color":"ffffffff"},{"time":1.5,"color":"ffffff00"}]},"img_icon4_4":{"color":[{"color":"ffffff00"},{"time":0.4667,"color":"ffffffff"},{"time":0.7333,"color":"ffffff00"},{"time":1.0333,"color":"ffffffff"},{"time":1.3333,"color":"ffffff00"}]},"img_icon4_5":{"color":[{"color":"ffffff00","curve":"stepped"},{"time":1,"color":"ffffff00"},{"time":1.1667,"color":"ffffffff","curve":"stepped"},{"time":1.3333,"color":"ffffffff"},{"time":1.5,"color":"ffffff00"}]}},"bones":{"bone3":{"translate":[{},{"time":0.6,"y":7.45},{"time":0.7667,"y":-6.16},{"time":0.9333,"y":5.31},{"time":1.1,"y":-6.16},{"time":1.2667}],"scale":[{},{"time":0.6,"x":1.145,"y":1.099},{"time":0.7667,"x":0.904,"y":0.996},{"time":0.9333,"x":1.074,"y":1.066},{"time":1.1,"x":0.904,"y":0.996},{"time":1.2667}]},"菱形":{"translate":[{"time":1.5},{"time":1.5333,"y":1.49},{"time":1.5667}],"scale":[{"curve":0.706,"c3":0.238,"c4":0.36},{"time":0.5,"x":1.313,"y":1.313},{"time":1.3333,"x":1.35,"y":1.35},{"time":1.5,"curve":"stepped"},{"time":2.4333}]},"bone2":{"translate":[{},{"time":0.6,"y":7.45},{"time":0.7667,"y":-6.16},{"time":0.9333,"y":5.31},{"time":1.1,"y":-6.16},{"time":1.2667}],"scale":[{},{"time":0.6,"x":1.145,"y":1.099},{"time":0.7667,"x":0.904,"y":0.996},{"time":0.9333,"x":1.074,"y":1.066},{"time":1.1,"x":0.904,"y":0.996},{"time":1.2667}]}}}}},[0]]],0,0,[0],[-1],[0]]
