[1,["620ea3b9-0b37-4b90-a90b-d5d293188853@6c48a"],0,[["sp.SkeletonData",["_name","_atlasText","textureNames","_skeletonJson","textures"],-1,3]],[[0,0,1,2,3,4,5]],[[0,"tubiao_9","\r\ntubiao_9.png\r\nsize: 128,128\r\nformat: RGBA8888\r\nfilter: Linear,Linear\r\nrepeat: none\r\nicon_fenghuang_tubiao_9\r\n  rotate: false\r\n  xy: 2, 2\r\n  size: 72, 87\r\n  orig: 72, 87\r\n  offset: 0, 0\r\n  index: -1\r\n",["tubiao_9.png"],{"skeleton":{"hash":"1NVhSCRWkdqGx8W8ohlOOQtb9JA","spine":"3.8.99","images":"E:/新版UI/凤凰/切图/图标","audio":""},"bones":[{"name":"root"}],"slots":[{"name":"icon_fenghuang_tubiao_10","bone":"root","attachment":"icon_fenghuang_tubiao_9"}],"skins":[{"name":"default","attachments":{"icon_fenghuang_tubiao_10":{"icon_fenghuang_tubiao_9":{"width":72,"height":87}}}}],"animations":{"animation":{}}},[0]]],0,0,[0],[-1],[0]]
