[1,["feLmP9YRBBs677xlkjSZn9@6c48a","5bRGBOdMdLRb+vIBLxPTNE@6c48a"],0,[["sp.SkeletonData",["_name","_atlasText","textureNames","_skeletonJson","textures"],-1,3]],[[0,0,1,2,3,4,5]],[[0,"jinchan2","\r\njinchan2.png\r\nsize: 1024,1024\r\nformat: RGBA8888\r\nfilter: Linear,Linear\r\nrepeat: none\r\nw_h_00000\r\n  rotate: true\r\n  xy: 930, 868\r\n  size: 150, 80\r\n  orig: 150, 80\r\n  offset: 0, 0\r\n  index: -1\r\nw_h_00001\r\n  rotate: true\r\n  xy: 930, 716\r\n  size: 150, 80\r\n  orig: 150, 80\r\n  offset: 0, 0\r\n  index: -1\r\nw_h_00002\r\n  rotate: true\r\n  xy: 930, 564\r\n  size: 150, 80\r\n  orig: 150, 80\r\n  offset: 0, 0\r\n  index: -1\r\nw_h_00003\r\n  rotate: true\r\n  xy: 930, 412\r\n  size: 150, 80\r\n  orig: 150, 80\r\n  offset: 0, 0\r\n  index: -1\r\nw_h_00004\r\n  rotate: true\r\n  xy: 930, 260\r\n  size: 150, 80\r\n  orig: 150, 80\r\n  offset: 0, 0\r\n  index: -1\r\nw_zi_00000\r\n  rotate: false\r\n  xy: 2, 758\r\n  size: 230, 260\r\n  orig: 230, 260\r\n  offset: 0, 0\r\n  index: -1\r\nw_zi_00001\r\n  rotate: false\r\n  xy: 2, 496\r\n  size: 230, 260\r\n  orig: 230, 260\r\n  offset: 0, 0\r\n  index: -1\r\nw_zi_00002\r\n  rotate: false\r\n  xy: 234, 758\r\n  size: 230, 260\r\n  orig: 230, 260\r\n  offset: 0, 0\r\n  index: -1\r\nw_zi_00003\r\n  rotate: false\r\n  xy: 2, 234\r\n  size: 230, 260\r\n  orig: 230, 260\r\n  offset: 0, 0\r\n  index: -1\r\nw_zi_00004\r\n  rotate: false\r\n  xy: 234, 496\r\n  size: 230, 260\r\n  orig: 230, 260\r\n  offset: 0, 0\r\n  index: -1\r\nw_zi_00005\r\n  rotate: false\r\n  xy: 466, 758\r\n  size: 230, 260\r\n  orig: 230, 260\r\n  offset: 0, 0\r\n  index: -1\r\nw_zi_00006\r\n  rotate: false\r\n  xy: 234, 234\r\n  size: 230, 260\r\n  orig: 230, 260\r\n  offset: 0, 0\r\n  index: -1\r\nw_zi_00007\r\n  rotate: true\r\n  xy: 2, 2\r\n  size: 230, 260\r\n  orig: 230, 260\r\n  offset: 0, 0\r\n  index: -1\r\nw_zi_00008\r\n  rotate: false\r\n  xy: 466, 496\r\n  size: 230, 260\r\n  orig: 230, 260\r\n  offset: 0, 0\r\n  index: -1\r\nw_zi_00009\r\n  rotate: false\r\n  xy: 698, 758\r\n  size: 230, 260\r\n  orig: 230, 260\r\n  offset: 0, 0\r\n  index: -1\r\nw_zi_00010\r\n  rotate: false\r\n  xy: 466, 234\r\n  size: 230, 260\r\n  orig: 230, 260\r\n  offset: 0, 0\r\n  index: -1\r\nw_zi_00011\r\n  rotate: true\r\n  xy: 264, 2\r\n  size: 230, 260\r\n  orig: 230, 260\r\n  offset: 0, 0\r\n  index: -1\r\nw_zi_00012\r\n  rotate: false\r\n  xy: 698, 496\r\n  size: 230, 260\r\n  orig: 230, 260\r\n  offset: 0, 0\r\n  index: -1\r\nw_zi_00013\r\n  rotate: false\r\n  xy: 698, 234\r\n  size: 230, 260\r\n  orig: 230, 260\r\n  offset: 0, 0\r\n  index: -1\r\nw_zi_00014\r\n  rotate: true\r\n  xy: 526, 2\r\n  size: 230, 260\r\n  orig: 230, 260\r\n  offset: 0, 0\r\n  index: -1\r\nwx3\r\n  rotate: false\r\n  xy: 788, 62\r\n  size: 170, 170\r\n  orig: 170, 170\r\n  offset: 0, 0\r\n  index: -1\r\n\r\njinchan22.png\r\nsize: 1024,256\r\nformat: RGBA8888\r\nfilter: Linear,Linear\r\nrepeat: none\r\ns1\r\n  rotate: false\r\n  xy: 141, 102\r\n  size: 131, 131\r\n  orig: 131, 131\r\n  offset: 0, 0\r\n  index: -1\r\nw2\r\n  rotate: false\r\n  xy: 2, 96\r\n  size: 137, 137\r\n  orig: 137, 137\r\n  offset: 0, 0\r\n  index: -1\r\nw_h_00005\r\n  rotate: false\r\n  xy: 274, 153\r\n  size: 150, 80\r\n  orig: 150, 80\r\n  offset: 0, 0\r\n  index: -1\r\nw_h_00006\r\n  rotate: false\r\n  xy: 426, 153\r\n  size: 150, 80\r\n  orig: 150, 80\r\n  offset: 0, 0\r\n  index: -1\r\nw_h_00007\r\n  rotate: false\r\n  xy: 578, 153\r\n  size: 150, 80\r\n  orig: 150, 80\r\n  offset: 0, 0\r\n  index: -1\r\nw_h_00008\r\n  rotate: false\r\n  xy: 730, 153\r\n  size: 150, 80\r\n  orig: 150, 80\r\n  offset: 0, 0\r\n  index: -1\r\nw_h_00009\r\n  rotate: false\r\n  xy: 2, 14\r\n  size: 150, 80\r\n  orig: 150, 80\r\n  offset: 0, 0\r\n  index: -1\r\nw_h_00010\r\n  rotate: false\r\n  xy: 274, 71\r\n  size: 150, 80\r\n  orig: 150, 80\r\n  offset: 0, 0\r\n  index: -1\r\nw_h_00011\r\n  rotate: false\r\n  xy: 426, 71\r\n  size: 150, 80\r\n  orig: 150, 80\r\n  offset: 0, 0\r\n  index: -1\r\nw_h_00012\r\n  rotate: false\r\n  xy: 578, 71\r\n  size: 150, 80\r\n  orig: 150, 80\r\n  offset: 0, 0\r\n  index: -1\r\nw_h_00013\r\n  rotate: false\r\n  xy: 730, 71\r\n  size: 150, 80\r\n  orig: 150, 80\r\n  offset: 0, 0\r\n  index: -1\r\nw_h_00014\r\n  rotate: true\r\n  xy: 882, 83\r\n  size: 150, 80\r\n  orig: 150, 80\r\n  offset: 0, 0\r\n  index: -1\r\nwz\r\n  rotate: false\r\n  xy: 154, 2\r\n  size: 144, 67\r\n  orig: 144, 67\r\n  offset: 0, 0\r\n  index: -1\r\n",["jinchan2.png","jinchan22.png"],{"skeleton":{"hash":"oIbQs2pb1j8aCE9TLXVUk+5efuc","spine":"3.6.53","width":230,"height":260,"images":"H:/PS/111/yuanbao/texture/"},"bones":[{"name":"root"},{"name":"all","parent":"root"},{"name":"baopeng","parent":"all"},{"name":"wild","parent":"all","y":-35.64},{"name":"wild2","parent":"all"},{"name":"wx3","parent":"baopeng","x":0.48,"y":-0.69},{"name":"wx4","parent":"baopeng","x":0.48,"y":-0.69}],"slots":[{"name":"s1","bone":"wild2","attachment":"s1"},{"name":"w2","bone":"wild2","attachment":"w2"},{"name":"wx3","bone":"wx3","attachment":"wx3"},{"name":"wx4","bone":"wx4","attachment":"wx3","blend":"additive"},{"name":"w_zi_00000","bone":"wild2","attachment":"w_zi_00000","blend":"additive"},{"name":"wz","bone":"wild","attachment":"wz"},{"name":"w_h_00000","bone":"wild","attachment":"w_h_00000","blend":"additive"}],"skins":{"default":{"s1":{"s1":{"width":131,"height":131}},"w2":{"w2":{"width":137,"height":137}},"w_h_00000":{"w_h_00000":{"width":150,"height":80},"w_h_00001":{"width":150,"height":80},"w_h_00002":{"width":150,"height":80},"w_h_00003":{"width":150,"height":80},"w_h_00004":{"width":150,"height":80},"w_h_00005":{"width":150,"height":80},"w_h_00006":{"width":150,"height":80},"w_h_00007":{"width":150,"height":80},"w_h_00008":{"width":150,"height":80},"w_h_00009":{"width":150,"height":80},"w_h_00010":{"width":150,"height":80},"w_h_00011":{"width":150,"height":80},"w_h_00012":{"width":150,"height":80},"w_h_00013":{"width":150,"height":80},"w_h_00014":{"width":150,"height":80}},"w_zi_00000":{"w_zi_00000":{"width":230,"height":260},"w_zi_00001":{"width":230,"height":260},"w_zi_00002":{"width":230,"height":260},"w_zi_00003":{"width":230,"height":260},"w_zi_00004":{"width":230,"height":260},"w_zi_00005":{"width":230,"height":260},"w_zi_00006":{"width":230,"height":260},"w_zi_00007":{"width":230,"height":260},"w_zi_00008":{"width":230,"height":260},"w_zi_00009":{"width":230,"height":260},"w_zi_00010":{"width":230,"height":260},"w_zi_00011":{"width":230,"height":260},"w_zi_00012":{"width":230,"height":260},"w_zi_00013":{"width":230,"height":260},"w_zi_00014":{"width":230,"height":260}},"wx3":{"wx3":{"x":-0.48,"y":0.69,"width":170,"height":170}},"wx4":{"wx3":{"x":-0.48,"y":0.69,"width":170,"height":170}},"wz":{"wz":{"width":144,"height":67}}}},"animations":{"dynamic":{"slots":{"w_h_00000":{"attachment":[{"time":0,"name":"w_h_00000"},{"time":0.0667,"name":"w_h_00001"},{"time":0.1333,"name":"w_h_00002"},{"time":0.2,"name":"w_h_00003"},{"time":0.2667,"name":"w_h_00004"},{"time":0.3333,"name":"w_h_00005"},{"time":0.4,"name":"w_h_00006"},{"time":0.4667,"name":"w_h_00007"},{"time":0.5333,"name":"w_h_00008"},{"time":0.6,"name":"w_h_00009"},{"time":0.6667,"name":"w_h_00010"},{"time":0.7333,"name":"w_h_00011"},{"time":0.8,"name":"w_h_00012"},{"time":0.8667,"name":"w_h_00013"},{"time":0.9333,"name":"w_h_00014"},{"time":1,"name":"w_h_00000"},{"time":1.0667,"name":"w_h_00001"},{"time":1.1333,"name":"w_h_00002"},{"time":1.2,"name":"w_h_00003"},{"time":1.2667,"name":"w_h_00004"},{"time":1.3333,"name":"w_h_00005"},{"time":1.4,"name":"w_h_00006"},{"time":1.4667,"name":"w_h_00007"},{"time":1.5333,"name":"w_h_00008"},{"time":1.6,"name":"w_h_00009"},{"time":1.6667,"name":"w_h_00010"},{"time":1.7333,"name":"w_h_00011"},{"time":1.8,"name":"w_h_00012"},{"time":1.8667,"name":"w_h_00013"},{"time":1.9333,"name":"w_h_00014"},{"time":2,"name":"w_h_00000"},{"time":2.0667,"name":"w_h_00001"},{"time":2.1333,"name":"w_h_00002"},{"time":2.2,"name":"w_h_00003"},{"time":2.2667,"name":"w_h_00004"},{"time":2.3333,"name":"w_h_00005"},{"time":2.4,"name":"w_h_00006"},{"time":2.4667,"name":"w_h_00007"},{"time":2.5333,"name":"w_h_00008"},{"time":2.6,"name":"w_h_00009"},{"time":2.6667,"name":"w_h_00010"},{"time":2.7333,"name":"w_h_00011"},{"time":2.8,"name":"w_h_00012"},{"time":2.8667,"name":"w_h_00013"},{"time":2.9333,"name":"w_h_00014"}]},"w_zi_00000":{"attachment":[{"time":0,"name":"w_zi_00000"},{"time":0.0667,"name":"w_zi_00001"},{"time":0.1333,"name":"w_zi_00002"},{"time":0.2,"name":"w_zi_00003"},{"time":0.2667,"name":"w_zi_00004"},{"time":0.3333,"name":"w_zi_00005"},{"time":0.4,"name":"w_zi_00006"},{"time":0.4667,"name":"w_zi_00007"},{"time":0.5333,"name":"w_zi_00008"},{"time":0.6,"name":"w_zi_00009"},{"time":0.6667,"name":"w_zi_00010"},{"time":0.7333,"name":"w_zi_00011"},{"time":0.8,"name":"w_zi_00012"},{"time":0.8667,"name":"w_zi_00013"},{"time":0.9333,"name":"w_zi_00014"},{"time":1,"name":"w_zi_00000"},{"time":1.0667,"name":"w_zi_00001"},{"time":1.1333,"name":"w_zi_00002"},{"time":1.2,"name":"w_zi_00003"},{"time":1.2667,"name":"w_zi_00004"},{"time":1.3333,"name":"w_zi_00005"},{"time":1.4,"name":"w_zi_00006"},{"time":1.4667,"name":"w_zi_00007"},{"time":1.5333,"name":"w_zi_00008"},{"time":1.6,"name":"w_zi_00009"},{"time":1.6667,"name":"w_zi_00010"},{"time":1.7333,"name":"w_zi_00011"},{"time":1.8,"name":"w_zi_00012"},{"time":1.8667,"name":"w_zi_00013"},{"time":1.9333,"name":"w_zi_00014"},{"time":2,"name":"w_zi_00000"},{"time":2.0667,"name":"w_zi_00001"},{"time":2.1333,"name":"w_zi_00002"},{"time":2.2,"name":"w_zi_00003"},{"time":2.2667,"name":"w_zi_00004"},{"time":2.3333,"name":"w_zi_00005"},{"time":2.4,"name":"w_zi_00006"},{"time":2.4667,"name":"w_zi_00007"},{"time":2.5333,"name":"w_zi_00008"},{"time":2.6,"name":"w_zi_00009"},{"time":2.6667,"name":"w_zi_00010"},{"time":2.7333,"name":"w_zi_00011"},{"time":2.8,"name":"w_zi_00012"},{"time":2.8667,"name":"w_zi_00013"},{"time":2.9333,"name":"w_zi_00014"}]},"wx3":{"attachment":[{"time":0,"name":"wx3"}]},"wx4":{"color":[{"time":0,"color":"ffffff00"}],"attachment":[{"time":0,"name":"wx3"}]}},"bones":{"wild2":{"scale":[{"time":0,"x":1,"y":1},{"time":0.6667,"x":1.086,"y":1.086},{"time":2.3333,"x":0.953,"y":0.953},{"time":3,"x":1,"y":1}]},"wild":{"scale":[{"time":0,"x":1,"y":1},{"time":0.3333,"x":1.166,"y":1.166},{"time":0.8333,"x":0.91,"y":0.91},{"time":1.3333,"x":1.099,"y":1.099},{"time":2.1667,"x":1.227,"y":1.227},{"time":2.6,"x":0.8,"y":0.8},{"time":2.9333,"x":1,"y":1}]}}},"static":{"slots":{"w_h_00000":{"color":[{"time":0,"color":"ffffff00"}],"attachment":[{"time":0,"name":"w_h_00000"}]},"w_zi_00000":{"color":[{"time":0,"color":"ffffff00"}],"attachment":[{"time":0,"name":"w_zi_00000"}]},"wx3":{"attachment":[{"time":0,"name":"wx3"}]},"wx4":{"color":[{"time":0,"color":"ffffff00"}],"attachment":[{"time":0,"name":"wx3"}]}},"bones":{"wild2":{"scale":[{"time":0,"x":1,"y":1}]},"wild":{"scale":[{"time":0,"x":1,"y":1}]}}}}},[0,1]]],0,0,[0,0],[-1,-2],[0,1]]
