[1,["92TV9zMHNBUYnWqxQ8WrUV@f9941","e1lI22i1BGXKcm0XrtHUgw@f9941","92TV9zMHNBUYnWqxQ8WrUV@6c48a","d2D64n44NIJLzENeOpv4vH@f9941","f5FbxlrnJIWrDtj/oTafi8","c6EbdkmzRPzLx1dYChKV9D@f9941","5aJSRAKD5NHrF6fjWmZWgn@f9941","d2D64n44NIJLzENeOpv4vH@6c48a"],["node","_spriteFrame","_textureSource","root","_target","_barSprite","data","_parent","_file","_normalSprite","spriteFrame"],[["cc.Node",["_name","_active","_layer","_components","_prefab","_parent","_lpos","_children"],0,9,4,1,5,2],["cc.UITransform",["node","__prefab","_contentSize","_anchorPoint"],3,1,4,5,5],["cc.Widget",["_alignFlags","_top","_originalWidth","_originalHeight","_bottom","_right","node","__prefab"],-3,1,4],["cc.Sprite",["_sizeMode","_type","node","__prefab","_spriteFrame"],1,1,4,6],["cc.Label",["_actualFontSize","_fontSize","_string","_enableOutline","_lineHeight","_isBold","_outlineWidth","node","__prefab","_outlineColor","_color"],-4,1,4,5,5],"cc.SpriteFrame",["cc.Prefab",["_name"],2],["cc.Node",["_name","_layer","_parent","_children","_components","_prefab","_lpos"],1,1,2,12,4,5],["cc.CompPrefabInfo",["fileId"],2],["cc.BlockInputEvents",["node","__prefab"],3,1,4],["cc.PrefabInfo",["fileId","instance","targetOverrides","nestedPrefabInstanceRoots","root","asset"],-1,1,1],["cc.Button",["_transition","_zoomScale","node","__prefab","_normalColor","_target","_normalSprite"],1,1,4,5,1,6],["cc.ProgressBar",["_totalLength","_progress","node","__prefab","_barSprite"],1,1,4,1],["cc.Layout",["_layoutType","_horizontalDirection","node","__prefab"],1,1,4],["cc.LabelOutline",["node","__prefab"],3,1,4],["cc.ParticleSystem2D",["_name","_dstBlendFactor","emissionRate","life","lifeVar","angle","angleVar","startSize","startSizeVar","endSize","speed","speedVar","tangentialAccel","startRadius","_totalParticles","node","__prefab","posVar","_startColor","_startColorVar","_endColor","_endColorVar","_file","_spriteFrame"],-12,1,4,5,5,5,5,5,6,6],["cc.ParticleAsset",["_name","_native"],1]],[[8,0,2],[10,0,1,2,3,4,5,5],[1,0,1,2,1],[0,0,5,3,4,6,2],[2,0,1,4,2,3,6,7,6],[3,1,0,2,3,4,3],[14,0,1,1],[6,0,2],[0,0,7,3,4,2],[0,0,1,3,4,6,3],[0,0,5,7,3,4,6,2],[0,0,5,3,4,2],[0,0,5,7,3,4,2],[0,0,2,5,3,4,3],[0,0,1,5,3,4,6,3],[7,0,1,2,3,4,5,6,3],[1,0,1,2,3,1],[1,0,1,3,1],[2,0,5,1,6,7,4],[2,0,2,3,6,7,4],[9,0,1,1],[3,0,2,3,4,2],[3,1,0,2,3,3],[11,0,1,2,3,4,5,6,3],[12,0,1,2,3,4,3],[13,0,1,2,3,3],[4,2,0,1,4,3,7,8,6],[4,2,0,1,5,3,6,7,8,9,7],[4,0,1,7,8,10,3],[15,0,1,2,3,4,5,6,7,8,9,10,11,12,13,14,15,16,17,18,19,20,21,22,23,16],[16,0,1,3]],[[[{"name":"fire","rect":{"x":1,"y":1,"width":29,"height":29},"offset":{"x":-0.5,"y":0.5},"originalSize":{"width":32,"height":32},"rotated":false,"capInsets":[0,0,0,0],"vertices":{"rawPosition":[-14.5,-14.5,0,14.5,-14.5,0,-14.5,14.5,0,14.5,14.5,0],"indexes":[0,1,2,2,1,3],"uv":[1,31,30,31,1,2,30,2],"nuv":[0.03125,0.0625,0.9375,0.0625,0.03125,0.96875,0.9375,0.96875],"minPos":{"x":-14.5,"y":-14.5,"z":0},"maxPos":{"x":14.5,"y":14.5,"z":0}},"packable":true,"pixelsToUnit":100,"pivot":{"x":0.5,"y":0.5},"meshType":0}],[5],0,[0],[2],[2]],[[[7,"prefabs_gxfcv2_loading"],[8,"prefabs_gxfcv2_loading",[-5,-6,-7,-8,-9,-10],[[2,-2,[0,"95G9Q2rrxOf531huoVR2hh"],[5,1334,750]],[4,40,-25,-25,1600,800,-3,[0,"a2NLelmL5DtawxMzY+gQvN"]],[20,-4,[0,"38zOXUnHVEPbRamKMs+Dmr"]]],[1,"c46/YsCPVOJYA4mWEpNYRx",null,null,null,-1,0]],[9,"props_btn_return",false,[[2,-11,[0,"bb4Fk+MtpCEpj1Mb3Vsano"],[5,62,62]],[5,1,0,-12,[0,"88hMQe+6FI2LZQHCD5jgwg"],4],[23,3,0.9,-14,[0,"19UieRNm1Dw5vSxQG4sabI"],[4,4292269782],-13,5],[18,32,19,19,-15,[0,"52STpvHDBGKKN8rLJvkN5X"]]],[1,"eaZXOzBtZNx4N1iOOoq07r",null,null,null,1,0],[1,617,325,0]],[10,"props_progressBar",1,[-20],[[2,-16,[0,"ebsmZ/VWREeIL4E/EEHu+M"],[5,796,48]],[5,1,2,-17,[0,"0bNY5qKGxMIrEf1Yp3NVt+"],3],[24,772,0,-19,[0,"8djev+7K1DnbXaZXwKebmv"],-18]],[1,"cdex1IyXlNMqx1+H6/xyLd",null,null,null,1,0],[1,0,-243.974,0]],[15,"Bar",33554432,3,[-24],[[[16,-21,[0,"a103gK3uxIHo9BolLxhbjs"],[5,0,24],[0,0,0.5]],-22,[25,1,1,-23,[0,"0fitjCyI1Dv7h40gv/b7xI"]]],4,1,4],[1,"970ZL9O79Odqr2kOWfZCVp",null,null,null,1,0],[1,-387,0,0]],[11,"spr_loading_bg",1,[[2,-25,[0,"2dAlhPiJZL66t/Mrt4YOC8"],[5,1334,750]],[21,0,-26,[0,"56spWBZwZPFqI1FPaH1GJe"],0],[4,40,-25,-25,1600,800,-27,[0,"fagLaf0FFI26qc4J8O/RWO"]]],[1,"31apFmkSFGu7sod7t8hU18",null,null,null,1,0]],[3,"props_progressTip",1,[[2,-28,[0,"a1ian5eYJGSI7OIk8mlVL7"],[5,32.897202223019114,41.800000000000004]],[26,"0%",21.386666666666663,20,30,true,-29,[0,"c5PzQEQGBIMLmT4C4KABUP"]],[6,-30,[0,"51vd1oGuhKdoLOAPV9pyoo"]]],[1,"daKwI+zzdAcZUiomyJ9HL4",null,null,null,1,0],[1,0,-243.974,0]],[12,"node_widget",1,[2],[[2,-31,[0,"87jvAF8m1HjJWinIo+QxuA"],[5,1334,750]],[19,45,100,100,-32,[0,"0895dhIiFOUY6YtE/Dx7Ji"]]],[1,"behWUX9/lNpJPKPHz4/+dj",null,null,null,1,0]],[3,"props_version",1,[[2,-33,[0,"3dBFUpzoRMBausy1bPdAgD"],[5,15.316128319338373,52.39999999999999]],[27,"--",21.386666666666663,20,true,true,1,-34,[0,"5fEvm/Od5O06xfoH/+RmmC"],[4,4278979598]],[6,-35,[0,"c43oCMGp9ECpbqXTuq/wq8"]]],[1,"3dLk/mv69C5rOcelQCHYxj",null,null,null,1,0],[1,0,-304.757,0]],[13,"fire",33554432,4,[[17,-36,[0,"c812JoAR5HxI4uejXWr7ZY"],[0,1,0.5]],[29,"Node<ParticleSystem2D>",1,50,0.3,0.1,180,0,20,5,30,30,20,0,100,100,-37,[0,"0eFtgXDfJCppuKzeunF+EJ"],[0,10,5],[4,65535],[4,5570560],[4,4278190335],[4,4281597952],1,2]],[1,"e3S6PuKhRA7JMGVTqT9T1E",null,null,null,1,0]],[14,"props_error_log",false,1,[[2,-38,[0,"3ehB/J2LFKC4xBFUP6+ryW"],[5,42.242611435583406,50.39999999999999]],[28,21.386666666666663,20,-39,[0,"492ORR+0JHpqyM+0G0pn9g"],[4,4278190335]]],[1,"c3RCYNuf9EUqdlabfFxQwz",null,null,null,1,0],[1,0,348.217,0]],[22,2,0,4,[0,"69WeH+kuNAWruKBOrZ6hWA"]]],0,[0,3,1,0,0,1,0,0,1,0,0,1,0,-1,5,0,-2,3,0,-3,6,0,-4,10,0,-5,7,0,-6,8,0,0,2,0,0,2,0,4,2,0,0,2,0,0,2,0,0,3,0,0,3,0,5,11,0,0,3,0,-1,4,0,0,4,0,-2,11,0,0,4,0,-1,9,0,0,5,0,0,5,0,0,5,0,0,6,0,0,6,0,0,6,0,0,7,0,0,7,0,0,8,0,0,8,0,0,8,0,0,9,0,0,9,0,0,10,0,0,10,0,6,1,2,7,7,39],[0,0,0,0,0,0,11],[1,8,1,1,1,9,1],[3,4,0,5,1,1,6]],[[{"name":"bg_gxfc_loading_1","rect":{"x":0,"y":0,"width":1624,"height":750},"offset":{"x":0,"y":0},"originalSize":{"width":1624,"height":750},"rotated":false,"capInsets":[0,0,0,0],"vertices":{"rawPosition":[-812,-375,0,812,-375,0,-812,375,0,812,375,0],"indexes":[0,1,2,2,1,3],"uv":[0,750,1624,750,0,0,1624,0],"nuv":[0,0,1,0,0,1,1,1],"minPos":{"x":-812,"y":-375,"z":0},"maxPos":{"x":812,"y":375,"z":0}},"packable":true,"pixelsToUnit":100,"pivot":{"x":0.5,"y":0.5},"meshType":0}],[5],0,[0],[2],[7]],[[[30,"fire",".plist"],-1],0,0,[0],[10],[0]]]]
