[1,["54GxCA3HJG0psu4QCHv0aU@f9941","4es+ZAK/ZDV5DDIEBZN7tw@f9941","a04GeLhTFAsIL5FbPqwGkp","e8hAF1SPZCCa6sCH9xL3uB@f9941","f7bUS7aLdAIJyO1OxUJub7","2f4+jv1mVCr60WTmhJhI9w","4es+ZAK/ZDV5DDIEBZN7tw@6c48a","38OZMlPYJATaWv2d8kaGxT@6c48a","8aLylGjElOpZw6hKt2YJoB@6c48a"],["node","_spriteFrame","_skeletonData","root","data","_textureSource"],[["cc.Node",["_name","_layer","_active","_components","_prefab","_parent","_lpos","_children"],0,9,4,1,5,2],["cc.UITransform",["node","__prefab","_contentSize","_anchorPoint"],3,1,4,5,5],["cc.Sprite",["_sizeMode","node","__prefab","_spriteFrame"],2,1,4,6],["cc.Widget",["_alignFlags","_left","_right","_top","_bottom","_originalWidth","_originalHeight","_enabled","node","__prefab"],-5,1,4],"cc.SpriteFrame",["cc.Prefab",["_name"],2],["cc.CompPrefabInfo",["fileId"],2],["cc.PrefabInfo",["fileId","instance","targetOverrides","nestedPrefabInstanceRoots","root","asset"],-1,1,1],["sp.Skeleton",["defaultSkin","defaultAnimation","_premultipliedAlpha","_preCacheMode","node","__prefab","_skeletonData"],-1,1,4,6],["cc.Label",["_string","_actualFontSize","_fontSize","_cacheMode","node","__prefab"],-1,1,4],["sp.SkeletonData",["_name","_atlasText","textureNames","_skeletonJson","textures"],-1,3]],[[6,0,2],[7,0,1,2,3,4,5,5],[1,0,1,2,1],[3,7,0,1,2,3,4,5,6,8,9,9],[0,0,2,1,5,3,4,4],[8,0,1,2,3,4,5,6,5],[2,1,2,3,1],[5,0,2],[0,0,1,7,3,4,3],[0,0,1,5,3,4,3],[0,0,1,5,3,4,6,3],[0,0,2,1,5,3,4,6,4],[1,0,1,2,3,1],[2,0,1,2,3,2],[3,0,1,2,3,4,5,6,8,9,8],[9,0,1,2,3,4,5,5],[10,0,1,2,3,4,5]],[[[[7,"icon"],[8,"icon",33554432,[-3,-4,-5,-6,-7,-8,-9],[[2,-2,[0,"f7KbPE+8dN74zThCUbehFk"],[5,120,120]]],[1,"a5nYjKpzlLv6zEFJ6w2v8w",null,null,null,-1,0]],[4,"bg",false,33554432,1,[[2,-10,[0,"8euDLvCTRHEoxCUkIPOrXI"],[5,164,150]],[13,0,-11,[0,"65nvHYvXBEIbm7+BqCKdtE"],0],[14,45,-22,-22,-15,-15,160,160,-12,[0,"e1d8w98HZDH5fNqV+pypLa"]]],[1,"e8UopvuqFBBK2X4Nx/4pzx",null,null,null,1,0]],[9,"face",33554432,1,[[2,-13,[0,"fcV/xQF4NAcbM3nBfoN4FU"],[5,137,129]],[3,false,45,15,15,21,21,150,130,-14,[0,"135dMgMUtGzYKDKFzNaxfZ"]],[6,-15,[0,"21PyZjkZdBNZ+rrbCePFkS"],1]],[1,"d8HyJ+XdpBc5cCE/1rSZM7",null,null,null,1,0]],[10,"face-animation",33554432,1,[[2,-16,[0,"90M4IHYrxLxojhccxAputI"],[5,200,200]],[3,false,45,-101.65,-101.65,-256.8,-256.8,150,130,-17,[0,"5fEGG6tW5FxKGvHuyYRAbU"]],[5,"default","animation",false,0,-18,[0,"e9iU+xzxZHDrg1zF0bfc8t"],2]],[1,"4aVAINlYBLGJ/fMVyCJJkb",null,null,null,1,0],[1,3,1,0]],[4,"jinfaface",false,33554432,1,[[2,-19,[0,"99l8J0oJVPGLDG2nL5rn2o"],[5,160,146]],[3,false,45,15,15,21,21,150,130,-20,[0,"29NxH6/0RNHYZGAgaEQlYs"]],[6,-21,[0,"dfJPlfRxJCWbtoPMr0Jjf6"],3]],[1,"33baUN5pNGhL1i0HV4p4FM",null,null,null,1,0]],[11,"jinfaface-animation",false,33554432,1,[[12,-22,[0,"59l43+ladJ4r2eSpQEO6TA"],[5,300,560],[0,0,0]],[3,false,45,-101.65,-101.65,-256.8,-256.8,150,130,-23,[0,"48ouKrWOZAs5+iSFudbS01"]],[5,"default","dynamic",false,0,-24,[0,"77iw3gcadPMrhuvh4mvG71"],4]],[1,"2322YAjNdHzon9v981LXQa",null,null,null,1,0],[1,3,1,0]],[4,"focusBorder",false,33554432,1,[[2,-25,[0,"d8i9wboqBKzJdjNnQdJjvW"],[5,260,260]],[5,"default","dynamic",false,0,-26,[0,"061TGTPNVMVILDDpSStTli"],5],[3,false,45,-59.5,-59.5,-59,-59,272,264,-27,[0,"e8ylyO0ppF2bpxXTCNNEFO"]]],[1,"caS0m48pBILqWBnGbHl6P8",null,null,null,1,0]],[4,"amount",false,33554432,1,[[2,-28,[0,"81AbzsKWlOP54IpAUslU0r"],[5,20.02,40]],[15,"23",18,18,2,-29,[0,"ed3fzEaYVK56Y8e2gqf+bf"]]],[1,"cfea69Q8dHNaPAN6BrjtLL",null,null,null,1,0]]],0,[0,3,1,0,0,1,0,-1,2,0,-2,3,0,-3,4,0,-4,5,0,-5,6,0,-6,7,0,-7,8,0,0,2,0,0,2,0,0,2,0,0,3,0,0,3,0,0,3,0,0,4,0,0,4,0,0,4,0,0,5,0,0,5,0,0,5,0,0,6,0,0,6,0,0,6,0,0,7,0,0,7,0,0,7,0,0,8,0,0,8,0,4,1,29],[0,0,0,0,0,0],[1,1,2,1,2,2],[0,1,2,3,4,5]],[[{"name":"tubiao_scatter","rect":{"x":0,"y":0,"width":137,"height":129},"offset":{"x":0,"y":0},"originalSize":{"width":137,"height":129},"rotated":false,"capInsets":[0,0,0,0],"vertices":{"rawPosition":[-68.5,-64.5,0,68.5,-64.5,0,-68.5,64.5,0,68.5,64.5,0],"indexes":[0,1,2,2,1,3],"uv":[0,129,137,129,0,0,137,0],"nuv":[0,0,1,0,0,1,1,1],"minPos":{"x":-68.5,"y":-64.5,"z":0},"maxPos":{"x":68.5,"y":64.5,"z":0}},"packable":true,"pixelsToUnit":100,"pivot":{"x":0.5,"y":0.5},"meshType":0}],[4],0,[0],[5],[6]],[[[16,"gxfc_scatter","\r\ngxfc_scatter.png\r\nsize: 1024,1024\r\nformat: RGBA8888\r\nfilter: Linear,Linear\r\nrepeat: none\r\n5/scatter_2_00000\r\n  rotate: false\r\n  xy: 2, 810\r\n  size: 200, 200\r\n  orig: 200, 200\r\n  offset: 0, 0\r\n  index: -1\r\n5/scatter_2_00001\r\n  rotate: false\r\n  xy: 2, 608\r\n  size: 200, 200\r\n  orig: 200, 200\r\n  offset: 0, 0\r\n  index: -1\r\n5/scatter_2_00002\r\n  rotate: false\r\n  xy: 204, 810\r\n  size: 200, 200\r\n  orig: 200, 200\r\n  offset: 0, 0\r\n  index: -1\r\n5/scatter_2_00003\r\n  rotate: false\r\n  xy: 2, 406\r\n  size: 200, 200\r\n  orig: 200, 200\r\n  offset: 0, 0\r\n  index: -1\r\n5/scatter_2_00004\r\n  rotate: false\r\n  xy: 204, 608\r\n  size: 200, 200\r\n  orig: 200, 200\r\n  offset: 0, 0\r\n  index: -1\r\n5/scatter_2_00005\r\n  rotate: false\r\n  xy: 406, 810\r\n  size: 200, 200\r\n  orig: 200, 200\r\n  offset: 0, 0\r\n  index: -1\r\n5/scatter_2_00006\r\n  rotate: false\r\n  xy: 2, 204\r\n  size: 200, 200\r\n  orig: 200, 200\r\n  offset: 0, 0\r\n  index: -1\r\n5/scatter_2_00007\r\n  rotate: false\r\n  xy: 204, 406\r\n  size: 200, 200\r\n  orig: 200, 200\r\n  offset: 0, 0\r\n  index: -1\r\n5/scatter_2_00008\r\n  rotate: false\r\n  xy: 406, 608\r\n  size: 200, 200\r\n  orig: 200, 200\r\n  offset: 0, 0\r\n  index: -1\r\n5/scatter_2_00009\r\n  rotate: false\r\n  xy: 608, 810\r\n  size: 200, 200\r\n  orig: 200, 200\r\n  offset: 0, 0\r\n  index: -1\r\n5/scatter_2_00010\r\n  rotate: false\r\n  xy: 2, 2\r\n  size: 200, 200\r\n  orig: 200, 200\r\n  offset: 0, 0\r\n  index: -1\r\n5/scatter_2_00011\r\n  rotate: false\r\n  xy: 204, 204\r\n  size: 200, 200\r\n  orig: 200, 200\r\n  offset: 0, 0\r\n  index: -1\r\n5/scatter_2_00012\r\n  rotate: false\r\n  xy: 406, 406\r\n  size: 200, 200\r\n  orig: 200, 200\r\n  offset: 0, 0\r\n  index: -1\r\n5/scatter_2_00013\r\n  rotate: false\r\n  xy: 608, 608\r\n  size: 200, 200\r\n  orig: 200, 200\r\n  offset: 0, 0\r\n  index: -1\r\n5/scatter_2_00014\r\n  rotate: false\r\n  xy: 810, 810\r\n  size: 200, 200\r\n  orig: 200, 200\r\n  offset: 0, 0\r\n  index: -1\r\n5/scatter_2_00015\r\n  rotate: false\r\n  xy: 204, 2\r\n  size: 200, 200\r\n  orig: 200, 200\r\n  offset: 0, 0\r\n  index: -1\r\n5/scatter_2_00016\r\n  rotate: false\r\n  xy: 406, 204\r\n  size: 200, 200\r\n  orig: 200, 200\r\n  offset: 0, 0\r\n  index: -1\r\n5/scatter_2_00017\r\n  rotate: false\r\n  xy: 608, 406\r\n  size: 200, 200\r\n  orig: 200, 200\r\n  offset: 0, 0\r\n  index: -1\r\n5/scatter_2_00018\r\n  rotate: false\r\n  xy: 810, 608\r\n  size: 200, 200\r\n  orig: 200, 200\r\n  offset: 0, 0\r\n  index: -1\r\n5/scatter_2_00019\r\n  rotate: false\r\n  xy: 406, 2\r\n  size: 200, 200\r\n  orig: 200, 200\r\n  offset: 0, 0\r\n  index: -1\r\n5/scatter_2_00020\r\n  rotate: false\r\n  xy: 608, 204\r\n  size: 200, 200\r\n  orig: 200, 200\r\n  offset: 0, 0\r\n  index: -1\r\n5/scatter_2_00021\r\n  rotate: false\r\n  xy: 810, 406\r\n  size: 200, 200\r\n  orig: 200, 200\r\n  offset: 0, 0\r\n  index: -1\r\n5/scatter_2_00022\r\n  rotate: false\r\n  xy: 608, 2\r\n  size: 200, 200\r\n  orig: 200, 200\r\n  offset: 0, 0\r\n  index: -1\r\n5/scatter_2_00023\r\n  rotate: false\r\n  xy: 810, 204\r\n  size: 200, 200\r\n  orig: 200, 200\r\n  offset: 0, 0\r\n  index: -1\r\n5/scatter_2_00024\r\n  rotate: false\r\n  xy: 810, 2\r\n  size: 200, 200\r\n  orig: 200, 200\r\n  offset: 0, 0\r\n  index: -1\r\n\r\ngxfc_scatter2.png\r\nsize: 1024,512\r\nformat: RGBA8888\r\nfilter: Linear,Linear\r\nrepeat: none\r\n5/Fafafa_Symbol_Atlas_00000\r\n  rotate: false\r\n  xy: 406, 286\r\n  size: 160, 160\r\n  orig: 160, 160\r\n  offset: 0, 0\r\n  index: -1\r\n5/scatter_1_00000\r\n  rotate: false\r\n  xy: 406, 144\r\n  size: 160, 140\r\n  orig: 160, 140\r\n  offset: 0, 0\r\n  index: -1\r\n5/scatter_1_00001\r\n  rotate: false\r\n  xy: 568, 306\r\n  size: 160, 140\r\n  orig: 160, 140\r\n  offset: 0, 0\r\n  index: -1\r\n5/scatter_1_00002\r\n  rotate: false\r\n  xy: 568, 164\r\n  size: 160, 140\r\n  orig: 160, 140\r\n  offset: 0, 0\r\n  index: -1\r\n5/scatter_1_00003\r\n  rotate: false\r\n  xy: 730, 306\r\n  size: 160, 140\r\n  orig: 160, 140\r\n  offset: 0, 0\r\n  index: -1\r\n5/scatter_1_00004\r\n  rotate: false\r\n  xy: 730, 164\r\n  size: 160, 140\r\n  orig: 160, 140\r\n  offset: 0, 0\r\n  index: -1\r\n5/scatter_1_00005\r\n  rotate: false\r\n  xy: 406, 2\r\n  size: 160, 140\r\n  orig: 160, 140\r\n  offset: 0, 0\r\n  index: -1\r\n5/scatter_1_00006\r\n  rotate: false\r\n  xy: 568, 22\r\n  size: 160, 140\r\n  orig: 160, 140\r\n  offset: 0, 0\r\n  index: -1\r\n5/scatter_1_00007\r\n  rotate: false\r\n  xy: 730, 22\r\n  size: 160, 140\r\n  orig: 160, 140\r\n  offset: 0, 0\r\n  index: -1\r\n5/scatter_2_00025\r\n  rotate: false\r\n  xy: 2, 246\r\n  size: 200, 200\r\n  orig: 200, 200\r\n  offset: 0, 0\r\n  index: -1\r\n5/scatter_2_00026\r\n  rotate: false\r\n  xy: 2, 44\r\n  size: 200, 200\r\n  orig: 200, 200\r\n  offset: 0, 0\r\n  index: -1\r\n5/scatter_2_00027\r\n  rotate: false\r\n  xy: 204, 246\r\n  size: 200, 200\r\n  orig: 200, 200\r\n  offset: 0, 0\r\n  index: -1\r\n5/scatter_2_00028\r\n  rotate: false\r\n  xy: 204, 44\r\n  size: 200, 200\r\n  orig: 200, 200\r\n  offset: 0, 0\r\n  index: -1\r\n",["gxfc_scatter.png","gxfc_scatter2.png"],{"skeleton":{"hash":"Ft+v3gfElWeS0Hk4dBWpe7pZkBA","spine":"3.6.53","width":200,"height":200,"images":"H:/PS/新大厅/恭喜发财/序列"},"bones":[{"name":"root"},{"name":"bone","parent":"root"},{"name":"bone2","parent":"root"},{"name":"bone3","parent":"bone"}],"slots":[{"name":"asdasd","bone":"bone","attachment":"5/scatter_1_00007"},{"name":"asdasd2","bone":"bone2","attachment":"5/scatter_2_00028"},{"name":"5/Fafafa_Symbol_Atlas_00000","bone":"bone3","attachment":"5/Fafafa_Symbol_Atlas_00000","blend":"additive"}],"skins":{"default":{"5/Fafafa_Symbol_Atlas_00000":{"5/Fafafa_Symbol_Atlas_00000":{"width":160,"height":160}},"asdasd":{"5/scatter_1_00000":{"width":160,"height":140},"5/scatter_1_00001":{"width":160,"height":140},"5/scatter_1_00002":{"width":160,"height":140},"5/scatter_1_00003":{"width":160,"height":140},"5/scatter_1_00004":{"width":160,"height":140},"5/scatter_1_00005":{"width":160,"height":140},"5/scatter_1_00006":{"width":160,"height":140},"5/scatter_1_00007":{"width":160,"height":140}},"asdasd2":{"5/scatter_2_00000":{"width":200,"height":200},"5/scatter_2_00001":{"width":200,"height":200},"5/scatter_2_00002":{"width":200,"height":200},"5/scatter_2_00003":{"width":200,"height":200},"5/scatter_2_00004":{"width":200,"height":200},"5/scatter_2_00005":{"width":200,"height":200},"5/scatter_2_00006":{"width":200,"height":200},"5/scatter_2_00007":{"width":200,"height":200},"5/scatter_2_00008":{"width":200,"height":200},"5/scatter_2_00009":{"width":200,"height":200},"5/scatter_2_00010":{"width":200,"height":200},"5/scatter_2_00011":{"width":200,"height":200},"5/scatter_2_00012":{"width":200,"height":200},"5/scatter_2_00013":{"width":200,"height":200},"5/scatter_2_00014":{"width":200,"height":200},"5/scatter_2_00015":{"width":200,"height":200},"5/scatter_2_00016":{"width":200,"height":200},"5/scatter_2_00017":{"width":200,"height":200},"5/scatter_2_00018":{"width":200,"height":200},"5/scatter_2_00019":{"width":200,"height":200},"5/scatter_2_00020":{"width":200,"height":200},"5/scatter_2_00021":{"width":200,"height":200},"5/scatter_2_00022":{"width":200,"height":200},"5/scatter_2_00023":{"width":200,"height":200},"5/scatter_2_00024":{"width":200,"height":200},"5/scatter_2_00025":{"width":200,"height":200},"5/scatter_2_00026":{"width":200,"height":200},"5/scatter_2_00027":{"width":200,"height":200},"5/scatter_2_00028":{"width":200,"height":200}}}},"animations":{"animation":{"slots":{"5/Fafafa_Symbol_Atlas_00000":{"attachment":[{"time":0,"name":null}]},"asdasd":{"attachment":[{"time":0,"name":"5/scatter_1_00000"},{"time":0.0667,"name":"5/scatter_1_00001"},{"time":0.1333,"name":"5/scatter_1_00002"},{"time":0.2,"name":"5/scatter_1_00003"},{"time":0.2667,"name":"5/scatter_1_00004"},{"time":0.3333,"name":"5/scatter_1_00005"},{"time":0.4,"name":"5/scatter_1_00006"},{"time":0.4667,"name":"5/scatter_1_00007"},{"time":0.5333,"name":"5/scatter_1_00000"}]},"asdasd2":{"attachment":[{"time":0,"name":null}]}},"bones":{"bone2":{"translate":[{"time":0,"x":-3.55,"y":-2.27}]}}},"animation2":{"slots":{"5/Fafafa_Symbol_Atlas_00000":{"attachment":[{"time":0,"name":null}]},"asdasd":{"attachment":[{"time":0,"name":null}]},"asdasd2":{"attachment":[{"time":0,"name":"5/scatter_2_00000"},{"time":0.0667,"name":"5/scatter_2_00001"},{"time":0.1333,"name":"5/scatter_2_00002"},{"time":0.2,"name":"5/scatter_2_00003"},{"time":0.2667,"name":"5/scatter_2_00004"},{"time":0.3333,"name":"5/scatter_2_00005"},{"time":0.4,"name":"5/scatter_2_00006"},{"time":0.4667,"name":"5/scatter_2_00007"},{"time":0.5333,"name":"5/scatter_2_00008"},{"time":0.6,"name":"5/scatter_2_00009"},{"time":0.6667,"name":"5/scatter_2_00010"},{"time":0.7333,"name":"5/scatter_2_00011"},{"time":0.8,"name":"5/scatter_2_00012"},{"time":0.8667,"name":"5/scatter_2_00013"},{"time":0.9333,"name":"5/scatter_2_00014"},{"time":1,"name":"5/scatter_2_00015"},{"time":1.0667,"name":"5/scatter_2_00016"},{"time":1.1333,"name":"5/scatter_2_00017"},{"time":1.2,"name":"5/scatter_2_00018"},{"time":1.2667,"name":"5/scatter_2_00019"},{"time":1.3333,"name":"5/scatter_2_00020"},{"time":1.4,"name":"5/scatter_2_00021"},{"time":1.4667,"name":"5/scatter_2_00022"},{"time":1.5333,"name":"5/scatter_2_00023"},{"time":1.6,"name":"5/scatter_2_00024"},{"time":1.6667,"name":"5/scatter_2_00025"},{"time":1.7333,"name":"5/scatter_2_00026"},{"time":1.8,"name":"5/scatter_2_00027"},{"time":1.8667,"name":"5/scatter_2_00028"},{"time":1.9333,"name":"5/scatter_2_00000"}]}},"bones":{"bone2":{"translate":[{"time":0,"x":-3.55,"y":-2.27}]}}},"animation3":{"slots":{"5/Fafafa_Symbol_Atlas_00000":{"color":[{"time":0,"color":"ffffff00"},{"time":0.1667,"color":"ffffffc6"},{"time":0.3333,"color":"ffffff00"}]},"asdasd":{"attachment":[{"time":0,"name":"5/scatter_1_00000"}]},"asdasd2":{"attachment":[{"time":0,"name":null}]}},"bones":{"bone3":{"translate":[{"time":0,"x":-6.8,"y":1.3}]},"bone2":{"translate":[{"time":0,"x":-3.55,"y":-2.27}]}}},"animation4":{"slots":{"5/Fafafa_Symbol_Atlas_00000":{"color":[{"time":0,"color":"ffffff00"}]},"asdasd":{"attachment":[{"time":0,"name":"5/scatter_1_00000"}]},"asdasd2":{"attachment":[{"time":0,"name":null}]}},"bones":{"bone3":{"translate":[{"time":0,"x":-6.8,"y":1.3}]},"bone2":{"translate":[{"time":0,"x":-3.55,"y":-2.27}]}}}}},[0,1]]],0,0,[0,0],[-1,-2],[7,8]]]]
