[1,["c6GwGp7adKb5zofAP8yBb/@f9941","c6GwGp7adKb5zofAP8yBb/@6c48a"],["spriteFrame","_textureSource"],["cc.SpriteFrame",["cc.BitmapFont",["_name","fontSize","fntConfig"],0]],[[1,0,1,2,4]],[[[[0,"shuzi_aj_chognzi",32,{"commonHeight":32,"fontSize":32,"atlasName":"shuzi_aj_chognzi_0.png","fontDefDictionary":{"44":{"xOffset":0,"yOffset":0,"xAdvance":20,"rect":{"x":236,"y":63,"width":20,"height":63}},"46":{"xOffset":0,"yOffset":0,"xAdvance":21,"rect":{"x":0,"y":126,"width":21,"height":63}},"48":{"xOffset":0,"yOffset":0,"xAdvance":44,"rect":{"x":0,"y":0,"width":44,"height":63}},"49":{"xOffset":0,"yOffset":0,"xAdvance":15,"rect":{"x":21,"y":126,"width":15,"height":63}},"50":{"xOffset":0,"yOffset":0,"xAdvance":35,"rect":{"x":74,"y":63,"width":35,"height":63}},"51":{"xOffset":0,"yOffset":0,"xAdvance":28,"rect":{"x":208,"y":63,"width":28,"height":63}},"52":{"xOffset":0,"yOffset":0,"xAdvance":37,"rect":{"x":0,"y":63,"width":37,"height":63}},"53":{"xOffset":0,"yOffset":0,"xAdvance":33,"rect":{"x":144,"y":63,"width":33,"height":63}},"54":{"xOffset":0,"yOffset":0,"xAdvance":38,"rect":{"x":209,"y":0,"width":38,"height":63}},"55":{"xOffset":0,"yOffset":0,"xAdvance":35,"rect":{"x":109,"y":63,"width":35,"height":63}},"56":{"xOffset":0,"yOffset":0,"xAdvance":39,"rect":{"x":170,"y":0,"width":39,"height":63}},"57":{"xOffset":0,"yOffset":0,"xAdvance":37,"rect":{"x":37,"y":63,"width":37,"height":63}},"66":{"xOffset":0,"yOffset":0,"xAdvance":31,"rect":{"x":177,"y":63,"width":31,"height":63}},"75":{"xOffset":0,"yOffset":0,"xAdvance":42,"rect":{"x":44,"y":0,"width":42,"height":63}},"77":{"xOffset":0,"yOffset":0,"xAdvance":42,"rect":{"x":86,"y":0,"width":42,"height":63}},"84":{"xOffset":0,"yOffset":0,"xAdvance":42,"rect":{"x":128,"y":0,"width":42,"height":63}}},"kerningDict":{}}]],0,0,[0],[0],[0]],[[{"name":"shuzi_aj_chognzi_0","rect":{"x":0,"y":0,"width":256,"height":185},"offset":{"x":0,"y":35.5},"originalSize":{"width":256,"height":256},"rotated":false,"capInsets":[0,0,0,0],"vertices":{"rawPosition":[-128,-92.5,0,128,-92.5,0,-128,92.5,0,128,92.5,0],"indexes":[0,1,2,2,1,3],"uv":[0,256,256,256,0,71,256,71],"nuv":[0,0.27734375,1,0.27734375,0,1,1,1],"minPos":{"x":-128,"y":-92.5,"z":0},"maxPos":{"x":128,"y":92.5,"z":0}},"packable":true,"pixelsToUnit":100,"pivot":{"x":0.5,"y":0.5},"meshType":0}],[0],0,[0],[1],[1]]]]
