[1,["1a60bee4b@6c48a"],["_textureSource"],["cc.SpriteFrame","cc.SpriteAtlas"],0,[[[{"name":"dl_aj_guanbi","rect":{"x":133,"y":638,"width":65,"height":70},"offset":{"x":0,"y":0},"originalSize":{"width":65,"height":70},"rotated":true,"capInsets":[0,0,0,0],"packable":true,"pixelsToUnit":100,"pivot":{"x":0.5,"y":0.5},"meshType":0}],[0],0,[0],[0],[0]],[[{"name":"dl_aj_stopicon","rect":{"x":197,"y":975,"width":36,"height":36},"offset":{"x":0,"y":0},"originalSize":{"width":36,"height":36},"rotated":false,"capInsets":[0,0,0,0],"packable":true,"pixelsToUnit":100,"pivot":{"x":0.5,"y":0.5},"meshType":0}],[0],0,[0],[0],[0]],[[{"name":"dl_aj_stopicon1","rect":{"x":239,"y":975,"width":36,"height":36},"offset":{"x":0,"y":0},"originalSize":{"width":36,"height":36},"rotated":false,"capInsets":[0,0,0,0],"packable":true,"pixelsToUnit":100,"pivot":{"x":0.5,"y":0.5},"meshType":0}],[0],0,[0],[0],[0]],[[{"name":"dl_aj_zhongjiangbox","rect":{"x":3,"y":638,"width":362,"height":124},"offset":{"x":0,"y":0},"originalSize":{"width":362,"height":124},"rotated":true,"capInsets":[0,0,0,0],"packable":true,"pixelsToUnit":100,"pivot":{"x":0.5,"y":0.5},"meshType":0}],[0],0,[0],[0],[0]],[[{"name":"dl_aj_guizeanniu","rect":{"x":517,"y":638,"width":88,"height":52},"offset":{"x":0,"y":0},"originalSize":{"width":88,"height":52},"rotated":false,"capInsets":[0,0,0,0],"packable":true,"pixelsToUnit":100,"pivot":{"x":0.5,"y":0.5},"meshType":0}],[0],0,[0],[0],[0]],[[{"name":"dj_aj_jinbijia","rect":{"x":611,"y":638,"width":52,"height":52},"offset":{"x":0,"y":0},"originalSize":{"width":52,"height":52},"rotated":false,"capInsets":[0,0,0,0],"packable":true,"pixelsToUnit":100,"pivot":{"x":0.5,"y":0.5},"meshType":0}],[0],0,[0],[0],[0]],[[{"name":"FREE SPINS LEFT ","rect":{"x":171,"y":833,"width":139,"height":16},"offset":{"x":0,"y":0},"originalSize":{"width":139,"height":16},"rotated":true,"capInsets":[0,0,0,0],"packable":true,"pixelsToUnit":100,"pivot":{"x":0.5,"y":0.5},"meshType":0}],[0],0,[0],[0],[0]],[[{"name":"dl_aj_spinanniu1","rect":{"x":796,"y":239,"width":168,"height":171},"offset":{"x":0,"y":0},"originalSize":{"width":170,"height":171},"rotated":true,"capInsets":[0,0,0,0],"packable":true,"pixelsToUnit":100,"pivot":{"x":0.5,"y":0.5},"meshType":0}],[0],0,[0],[0],[0]],[[{"name":"dl_aj_shezhianniu","rect":{"x":700,"y":963,"width":88,"height":52},"offset":{"x":0,"y":0},"originalSize":{"width":88,"height":52},"rotated":false,"capInsets":[0,0,0,0],"packable":true,"pixelsToUnit":100,"pivot":{"x":0.5,"y":0.5},"meshType":0}],[0],0,[0],[0],[0]],[[{"name":"dl_aj_spinicon","rect":{"x":678,"y":638,"width":108,"height":102},"offset":{"x":0,"y":0},"originalSize":{"width":108,"height":102},"rotated":false,"capInsets":[0,0,0,0],"packable":true,"pixelsToUnit":100,"pivot":{"x":0.5,"y":0.5},"meshType":0}],[0],0,[0],[0],[0]],[[{"name":"SOUND","rect":{"x":973,"y":239,"width":163,"height":39},"offset":{"x":0,"y":0},"originalSize":{"width":163,"height":39},"rotated":true,"capInsets":[0,0,0,0],"packable":true,"pixelsToUnit":100,"pivot":{"x":0.5,"y":0.5},"meshType":0}],[0],0,[0],[0],[0]],[[{"name":"dl_aj_zidongshezhi_0","rect":{"x":678,"y":833,"width":124,"height":72},"offset":{"x":0,"y":0},"originalSize":{"width":124,"height":72},"rotated":true,"capInsets":[0,0,0,0],"packable":true,"pixelsToUnit":100,"pivot":{"x":0.5,"y":0.5},"meshType":0}],[0],0,[0],[0],[0]],[[{"name":"dl_aj_zidong","rect":{"x":475,"y":832,"width":117,"height":92},"offset":{"x":0,"y":0},"originalSize":{"width":117,"height":92},"rotated":false,"capInsets":[0,0,0,0],"packable":true,"pixelsToUnit":100,"pivot":{"x":0.5,"y":0.5},"meshType":0}],[0],0,[0],[0],[0]],[[{"name":"dl_ollps_brn_shezhi_on","rect":{"x":796,"y":3,"width":220,"height":73},"offset":{"x":0,"y":0},"originalSize":{"width":220,"height":73},"rotated":false,"capInsets":[0,0,0,0],"packable":true,"pixelsToUnit":100,"pivot":{"x":0.5,"y":0.5},"meshType":0}],[0],0,[0],[0],[0]],[[{"name":"al_aj_caidanbox","rect":{"x":193,"y":833,"width":136,"height":276},"offset":{"x":0,"y":0},"originalSize":{"width":136,"height":276},"rotated":true,"capInsets":[0,0,0,0],"packable":true,"pixelsToUnit":100,"pivot":{"x":0.5,"y":0.5},"meshType":0}],[0],0,[0],[0],[0]],[[{"name":"dl_aj_caidan","rect":{"x":888,"y":949,"width":102,"height":72},"offset":{"x":0,"y":0},"originalSize":{"width":102,"height":72},"rotated":false,"capInsets":[0,0,0,0],"packable":true,"pixelsToUnit":100,"pivot":{"x":0.5,"y":0.5},"meshType":0}],[0],0,[0],[0],[0]],[[{"name":"dl_aj_spinicon1","rect":{"x":834,"y":835,"width":108,"height":102},"offset":{"x":0,"y":0},"originalSize":{"width":108,"height":102},"rotated":true,"capInsets":[0,0,0,0],"packable":true,"pixelsToUnit":100,"pivot":{"x":0.5,"y":0.5},"meshType":0}],[0],0,[0],[0],[0]],[[{"name":"dl_aj_tuichuanniu","rect":{"x":794,"y":963,"width":88,"height":52},"offset":{"x":0,"y":0},"originalSize":{"width":88,"height":52},"rotated":false,"capInsets":[0,0,0,0],"packable":true,"pixelsToUnit":100,"pivot":{"x":0.5,"y":0.5},"meshType":0}],[0],0,[0],[0],[0]],[[{"name":"zi_aj_autospinsetting","rect":{"x":281,"y":975,"width":328,"height":32},"offset":{"x":0,"y":0},"originalSize":{"width":328,"height":32},"rotated":false,"capInsets":[0,0,0,0],"packable":true,"pixelsToUnit":100,"pivot":{"x":0.5,"y":0.5},"meshType":0}],[0],0,[0],[0],[0]],[[{"name":"zi_STOP","rect":{"x":133,"y":1000,"width":58,"height":19},"offset":{"x":0,"y":0},"originalSize":{"width":58,"height":19},"rotated":false,"capInsets":[0,0,0,0],"packable":true,"pixelsToUnit":100,"pivot":{"x":0.5,"y":0.5},"meshType":0}],[0],0,[0],[0],[0]],[[{"name":"dl_aj_zidong1","rect":{"x":874,"y":712,"width":117,"height":92},"offset":{"x":0,"y":0},"originalSize":{"width":117,"height":92},"rotated":true,"capInsets":[0,0,0,0],"packable":true,"pixelsToUnit":100,"pivot":{"x":0.5,"y":0.5},"meshType":0}],[0],0,[0],[0],[0]],[[{"name":"zi_AUTO","rect":{"x":615,"y":970,"width":79,"height":25},"offset":{"x":0,"y":0},"originalSize":{"width":79,"height":25},"rotated":false,"capInsets":[0,0,0,0],"packable":true,"pixelsToUnit":100,"pivot":{"x":0.5,"y":0.5},"meshType":0}],[0],0,[0],[0],[0]],[[{"name":"zi_aj_spin","rect":{"x":475,"y":930,"width":81,"height":29},"offset":{"x":0,"y":0},"originalSize":{"width":81,"height":29},"rotated":false,"capInsets":[0,0,0,0],"packable":true,"pixelsToUnit":100,"pivot":{"x":0.5,"y":0.5},"meshType":0}],[0],0,[0],[0],[0]],[[{"name":"mianfeibox","rect":{"x":796,"y":587,"width":171,"height":119},"offset":{"x":0,"y":0},"originalSize":{"width":171,"height":119},"rotated":false,"capInsets":[0,0,0,0],"packable":true,"pixelsToUnit":100,"pivot":{"x":0.5,"y":0.5},"meshType":0}],[0],0,[0],[0],[0]],[[{"name":"dl_aj_vipanniu","rect":{"x":942,"y":835,"width":88,"height":52},"offset":{"x":0,"y":0},"originalSize":{"width":88,"height":52},"rotated":true,"capInsets":[0,0,0,0],"packable":true,"pixelsToUnit":100,"pivot":{"x":0.5,"y":0.5},"meshType":0}],[0],0,[0],[0],[0]],[[{"name":"dl_aj_xiazhubox","rect":{"x":600,"y":712,"width":252,"height":72},"offset":{"x":0,"y":0},"originalSize":{"width":252,"height":72},"rotated":true,"capInsets":[0,0,0,0],"packable":true,"pixelsToUnit":100,"pivot":{"x":0.5,"y":0.5},"meshType":0}],[0],0,[0],[0],[0]],[[{"name":"zi_goodluck","rect":{"x":973,"y":557,"width":270,"height":37},"offset":{"x":0,"y":0},"originalSize":{"width":270,"height":37},"rotated":true,"capInsets":[0,0,0,0],"packable":true,"pixelsToUnit":100,"pivot":{"x":0.5,"y":0.5},"meshType":0}],[0],0,[0],[0],[0]],[[{"name":"dl_aj_xiazhujia_1","rect":{"x":678,"y":746,"width":80,"height":92},"offset":{"x":0,"y":0},"originalSize":{"width":80,"height":92},"rotated":true,"capInsets":[0,0,0,0],"packable":true,"pixelsToUnit":100,"pivot":{"x":0.5,"y":0.5},"meshType":0}],[0],0,[0],[0],[0]],[[{"name":"dl_aj_CONFIRM","rect":{"x":796,"y":82,"width":214,"height":84},"offset":{"x":0,"y":0},"originalSize":{"width":214,"height":84},"rotated":false,"capInsets":[0,0,0,0],"packable":true,"pixelsToUnit":100,"pivot":{"x":0.5,"y":0.5},"meshType":0}],[0],0,[0],[0],[0]],[[{"name":"title_1","rect":{"x":133,"y":712,"width":461,"height":114},"offset":{"x":0,"y":0},"originalSize":{"width":461,"height":114},"rotated":false,"capInsets":[0,0,0,0],"packable":true,"pixelsToUnit":100,"pivot":{"x":0.5,"y":0.5},"meshType":0}],[0],0,[0],[0],[0]],[[{"name":"dl_shezhi_guan","rect":{"x":796,"y":172,"width":208,"height":61},"offset":{"x":0,"y":0},"originalSize":{"width":208,"height":61},"rotated":false,"capInsets":[0,0,0,0],"packable":true,"pixelsToUnit":100,"pivot":{"x":0.5,"y":0.5},"meshType":0}],[0],0,[0],[0],[0]],[[{"name":"dl_aj_shezhibox","rect":{"x":3,"y":3,"width":787,"height":629},"offset":{"x":0,"y":0},"originalSize":{"width":787,"height":629},"rotated":false,"capInsets":[0,176,0,72],"packable":true,"pixelsToUnit":100,"pivot":{"x":0.5,"y":0.5},"meshType":0}],[0],0,[0],[0],[0]],[[{"name":"dl_aj_jinbibox","rect":{"x":209,"y":638,"width":272,"height":62},"offset":{"x":0,"y":0},"originalSize":{"width":272,"height":62},"rotated":false,"capInsets":[0,0,0,0],"packable":true,"pixelsToUnit":100,"pivot":{"x":0.5,"y":0.5},"meshType":0}],[0],0,[0],[0],[0]],[[{"name":"dl_aj_spinanniu","rect":{"x":796,"y":413,"width":168,"height":171},"offset":{"x":0,"y":0},"originalSize":{"width":170,"height":171},"rotated":true,"capInsets":[0,0,0,0],"packable":true,"pixelsToUnit":100,"pivot":{"x":0.5,"y":0.5},"meshType":0}],[0],0,[0],[0],[0]],[[{"name":"SETTINGS","rect":{"x":133,"y":833,"width":161,"height":32},"offset":{"x":0,"y":0},"originalSize":{"width":161,"height":32},"rotated":true,"capInsets":[0,0,0,0],"packable":true,"pixelsToUnit":100,"pivot":{"x":0.5,"y":0.5},"meshType":0}],[0],0,[0],[0],[0]],[[{"name":"dl_aj_xiazhujian_1","rect":{"x":776,"y":746,"width":80,"height":92},"offset":{"x":0,"y":0},"originalSize":{"width":80,"height":92},"rotated":true,"capInsets":[0,0,0,0],"packable":true,"pixelsToUnit":100,"pivot":{"x":0.5,"y":0.5},"meshType":0}],[0],0,[0],[0],[0]],[[{"name":"zi_WIN","rect":{"x":487,"y":638,"width":56,"height":24},"offset":{"x":0,"y":0},"originalSize":{"width":56,"height":24},"rotated":true,"capInsets":[0,0,0,0],"packable":true,"pixelsToUnit":100,"pivot":{"x":0.5,"y":0.5},"meshType":0}],[0],0,[0],[0],[0]],[[{"name":"dl_aj_zidongshezhi_1","rect":{"x":756,"y":833,"width":124,"height":72},"offset":{"x":0,"y":0},"originalSize":{"width":124,"height":72},"rotated":true,"capInsets":[0,0,0,0],"packable":true,"pixelsToUnit":100,"pivot":{"x":0.5,"y":0.5},"meshType":0}],[0],0,[0],[0],[0]],[[{"name":"MUSIC","rect":{"x":973,"y":408,"width":143,"height":39},"offset":{"x":0,"y":0},"originalSize":{"width":143,"height":39},"rotated":true,"capInsets":[0,0,0,0],"packable":true,"pixelsToUnit":100,"pivot":{"x":0.5,"y":0.5},"meshType":0}],[0],0,[0],[0],[0]],[[{"name":"auto_bar","spriteFrames":["dl_aj_shezhibox","bdw9DHBY9MYYjQb/xgi7vW@f9941","dl_ollps_brn_shezhi_on","604xcNx7RI1J4tlHnwd4r5@f9941","dl_aj_CONFIRM","a7cPOLeyVCRYIgk1qvkT8b@f9941","dl_shezhi_guan","b7+9oT/DlLtr5AQuM0bdxw@f9941","dl_aj_zhongjiangbox","19mbwKyy5MTKkSAMoUxJVC@f9941","dl_aj_spinanniu1","39ToQU4b1K8ppqgq1ssN2Q@f9941","SOUND","4f29pVSchAkJxM4qYfz4WQ@f9941","MUSIC","f92aXtIwBPRqia9+IeitGb@f9941","dl_aj_spinanniu","e5mkLSVv5DALwoCAnkS1/+@f9941","zi_goodluck","96hVSz5JlJDZzgOi+jct/M@f9941","mianfeibox","8cIA63YQNEfY8h4KBvp3p7@f9941","SETTINGS","e61vASRZFGqrEUnta5/P2M@f9941","title_1","b41LiyzOxAHpDHCb199TG/@f9941","zi_STOP","7f4AUGzrxGrIMYwCuuFz0K@f9941","dl_aj_guanbi","0041PZn8RCWLAuVUhsLjJK@f9941","dl_aj_jinbibox","ceXw945CVNb4lNhIchKpeo@f9941","zi_WIN","ecublYDJpGo78+BsBKF7Z5@f9941","dl_aj_guizeanniu","19v5G0yC9NjKqf30ToVtUu@f9941","FREE SPINS LEFT ","39Eo3hAm5Fib3hugDZ0uCE@f9941","al_aj_caidanbox","69sZWB6GxGCpBt7vNfiwev@f9941","dl_aj_stopicon","013pyYfWJMOpqoPvGtOlZP@f9941","dl_aj_stopicon1","0dZGNMGnpMupP21N9NiRqO@f9941","zi_aj_autospinsetting","75LsCmfPdOj6lJw3+uCff4@f9941","dl_aj_xiazhubox","921XP687tLJ6MxRS4/P65x@f9941","dl_aj_zidong","57dHgL9ANPzrzjgAX1d1YG@f9941","dl_aj_spinicon","481AfQRBlEwJlXmqZ4vSJK@f9941","dj_aj_jinbijia","1aKkz3ndFKhY17xcPz1JT3@f9941","zi_aj_spin","88dYqqOWVCEpQwB9omEULx@f9941","zi_AUTO","84aDP1P/NE+LeEsx+3a21C@f9941","dl_aj_zidongshezhi_0","53kg1VV1JDNLaRC+3pelNw@f9941","dl_aj_xiazhujia_1","9c0DHSUW1Bx4u84XOvaOR+@f9941","dl_aj_shezhianniu","3b6wweuXZLYK1ggAK+A1BB@f9941","dl_aj_zidongshezhi_1","efrMLXopxC95BwBhpJxMVK@f9941","dl_aj_xiazhujian_1","eaL5vVSmJPo4EzQFt2wQxI@f9941","dl_aj_zidong1","81PW4ZiuZAJpLasqKA7QwG@f9941","dl_aj_tuichuanniu","6f082dLR5BbK2mLCAMxm+e@f9941","dl_aj_spinicon1","6abq+5guRF9K6l50XrGZYs@f9941","dl_aj_caidan","6aZN7IukRHuovXkk1W+mOe@f9941","dl_aj_vipanniu","911gs+MYpNsporOUEoKQOX@f9941","box1","e7+t83nA1H2ac0+BAcNaaD@f9941","dl_aj_zidongdibox","7aRorDLZFAUJJa3/ivwhjr@f9941","dl_aj_kuai_0","8fimp3OGtFKKLJKekwphpL@f9941","dl_aj_kuai_1","a3CNQOpLJP16FjNwSuphJV@f9941","dl_aj_xiazhujia_0","f5Y+0jVZZIF5ryNoQPkeDP@f9941","dl_aj_xiazhujian_0","fe88gGaMxBvr9ZlPemIbL7@f9941"]}],[1],0,[],[],[]]]]
