[1,["d0GOjp9adPILvpuZwmviHK@6c48a"],["_textureSource"],["cc.SpriteFrame"],0,[{"name":"shuiguo","rect":{"x":2,"y":4,"width":530,"height":250},"offset":{"x":-245,"y":-1},"originalSize":{"width":1024,"height":256},"rotated":false,"capInsets":[0,0,0,0],"vertices":{"rawPosition":[-265,-125,0,265,-125,0,-265,125,0,265,125,0],"indexes":[0,1,2,2,1,3],"uv":[2,252,532,252,2,2,532,2],"nuv":[0.001953125,0.0078125,0.51953125,0.0078125,0.001953125,0.984375,0.51953125,0.984375],"minPos":{"x":-265,"y":-125,"z":0},"maxPos":{"x":265,"y":125,"z":0}},"packable":true,"pixelsToUnit":100,"pivot":{"x":0.5,"y":0.5},"meshType":0}],[0],0,[0],[0],[0]]
