[1,["1683dafc4@6c48a"],["_textureSource"],["cc.SpriteFrame","cc.SpriteAtlas"],0,[[[{"name":"guizi_aj_2","rect":{"x":3,"y":3,"width":962,"height":421},"offset":{"x":0,"y":0},"originalSize":{"width":962,"height":421},"rotated":false,"capInsets":[0,0,0,0],"packable":true,"pixelsToUnit":100,"pivot":{"x":0.5,"y":0.5},"meshType":0}],[0],0,[0],[0],[0]],[[{"name":"egyptImg_autoAtlas","spriteFrames":["guizi_aj_4","fdswGQ8BBCUYsLGF/lbM3Q@f9941","guizi_aj_3","ffEnaeEoVEdpPrKoihX6Vl@f9941","icon_dt_loading_0","e8HRbYfq5OWZMtqpmHF3rb@f9941","3x","1bfoRA29lJMq5GPLeypFz8@f9941","2x","cbHZDzqedBh6AwESmQiT5w@f9941","icon_dt_loading_1","60phwbhEpEl7L8+nU8dEoA@f9941","btn_aj_guizi_off","dc5tdV1IhHUq2Hvh1lTt1H@f9941","btn_aj_guizi_up","492Ka2g5RK5YzBxLzSEIf6@f9941","zi_aj_guize_title","d8etWfMI9EjpsXBSzUJI2F@f9941","btn_aj_guizi_fanye","64KAdCiE9LVa+7Y6ErRPdW@f9941","guizi_aj_ye_1","3eNN3i4KBKArtZAnphHb9B@f9941","guizi_aj_ye_0","d0rliPbjFIYqBy9sWs/3e0@f9941","btn_off","8cetjt+JtKJJ2xzXe3ucUG@f9941","icon_common_gold","49xdqKNPtPl6sdOWZQYeTC@f9941","guizi_aj_2","1cg9GUkrBEhJ+eCzlhXZ3X@f9941"]}],[1],0,[],[],[]]]]
