[1,["24xBnqY6hOoanQf8RpSJu8@f9941","07jynySmxDmazC04Rydst4@6c48a","7dj5uJT9FMn6OrOOx83tfK@f9941","f84VMl1s1CXb+Vf94aa7Pm@f9941","00NqCoPplNf7X3WFoG2R+8","e1sDrUHQJHDKQchiV6+Vht","85pcryBGFImq4PSUln7V4J","8bj46TU+9II59rBwLGyX/S@f9941","868l1cneVFT6X57hZgPmcB","24xBnqY6hOoanQf8RpSJu8@6c48a","48D6hDN+VEjq7oQNAxFhmw@6c48a","53FPwysFNDj6q7pqGKHxFR@6c48a","8bj46TU+9II59rBwLGyX/S@6c48a","a78UazXcVHaoOVZ+SSuc7a@6c48a","f84VMl1s1CXb+Vf94aa7Pm@6c48a"],["node","_spriteFrame","_skeletonData","_textureSource","root","data","_file","spriteFrame"],[["cc.Node",["_name","_layer","_active","_components","_prefab","_parent","_lpos","_children"],0,9,4,1,5,2],"cc.SpriteFrame",["cc.Sprite",["_sizeMode","_isTrimmedMode","node","__prefab","_spriteFrame","_color"],1,1,4,6,5],["cc.UITransform",["node","__prefab","_contentSize"],3,1,4,5],["cc.Label",["_string","_actualFontSize","_fontSize","_cacheMode","_overflow","_enableWrapText","node","__prefab","_color"],-3,1,4,5],["cc.Widget",["_enabled","_alignFlags","_originalWidth","_originalHeight","_left","_right","_top","_bottom","node","__prefab"],-5,1,4],["sp.SkeletonData",["_name","_atlasText","textureNames","_skeletonJson","textures"],-1,3],["cc.Prefab",["_name"],2],["cc.CompPrefabInfo",["fileId"],2],["cc.PrefabInfo",["fileId","instance","targetOverrides","nestedPrefabInstanceRoots","root","asset"],-1,1,1],["sp.Skeleton",["defaultSkin","defaultAnimation","_premultipliedAlpha","_preCacheMode","node","__prefab","_skeletonData"],-1,1,4,6],["cc.ParticleSystem2D",["_name","_dstBlendFactor","emissionRate","life","lifeVar","angle","angleVar","startSizeVar","endSize","endSizeVar","startSpin","endSpin","endSpinVar","speed","speedVar","tangentialAccel","tangentialAccelVar","radialAccel","radialAccelVar","startRadius","_custom","_totalParticles","node","__prefab","posVar","gravity","_startColor","_startColorVar","_endColor","_endColorVar","_file","_spriteFrame"],-19,1,4,5,5,5,5,5,5,6,6],["cc.ParticleAsset",["_name","_native"],1]],[[8,0,2],[9,0,1,2,3,4,5,5],[3,0,1,2,1],[0,0,1,5,3,4,3],[6,0,1,2,3,4,5],[10,0,1,2,3,4,5,6,5],[0,0,1,5,3,4,6,3],[5,0,1,4,5,6,7,2,3,8,9,9],[7,0,2],[0,0,1,7,3,4,3],[0,0,2,1,5,7,3,4,6,4],[0,0,2,1,5,3,4,4],[0,0,2,1,5,3,4,6,4],[3,0,1,1],[4,0,1,2,3,6,7,5],[4,0,1,2,4,5,6,7,8,6],[2,0,2,3,5,4,2],[2,0,1,2,3,4,3],[2,2,3,4,1],[5,0,1,2,3,8,9,5],[11,0,1,2,3,4,5,6,7,8,9,10,11,12,13,14,15,16,17,18,19,20,21,22,23,24,25,26,27,28,29,30,31,23],[12,0,1,3]],[[[[4,"baohe","\r\nbaohe.png\r\nsize: 256,128\r\nformat: RGBA8888\r\nfilter: Linear,Linear\r\nrepeat: none\r\nwx4\r\n  rotate: false\r\n  xy: 2, 2\r\n  size: 125, 117\r\n  orig: 125, 117\r\n  offset: 0, 0\r\n  index: -1\r\n",["baohe.png"],{"skeleton":{"hash":"4hXzRDhhy6G5gNCcVNeg1hzc5n4","spine":"3.6.53","width":125,"height":117,"images":"H:/PS/111/yuanbao/texture/"},"bones":[{"name":"root"},{"name":"all","parent":"root"},{"name":"baopeng","parent":"all"},{"name":"wx3","parent":"baopeng","x":0.48,"y":-0.69},{"name":"wx4","parent":"baopeng","x":0.48,"y":-0.69}],"slots":[{"name":"wx3","bone":"wx3","attachment":"wx4"},{"name":"wx4","bone":"wx4","attachment":"wx4","blend":"additive"},{"name":"maskbaic","bone":"all","attachment":"maskbaic"}],"skins":{"default":{"maskbaic":{"maskbaic":{"type":"clipping","end":"maskbaic","vertexCount":159,"color":"ce3a3aff","vertices":[47.46,-36.69,49.16,-3.63,43.85,-2.57,43.14,-0.24,45.7,2.46,49.75,5.16,50.43,13.12,53.94,16.5,55.56,19.6,58.39,20.55,61.22,21.24,61.88,23.31,58.31,23.78,51.73,23.41,50.79,27.35,51.54,29.7,54.55,31.3,60.85,32.43,59.4,33.52,56.07,33.59,51.93,33.59,48.89,32.41,46.23,31.22,44.68,31.07,43.34,32.11,44.08,33.29,46.3,34.03,48.6,34.33,50.79,34.4,53.15,34.36,53.27,34.96,50.55,35.24,48.53,35.18,46.55,35.2,46.45,37.01,47.65,39.41,48.77,41.41,49.57,42.85,48.65,43.29,47.01,43.05,45.61,42.09,43.85,40.97,43.25,40.45,42.45,41.21,42.41,42.41,43.61,43.37,45.45,45.01,47.21,47.25,48.25,49.49,48.33,51.91,47.73,54.23,46.77,55.51,45.29,56.51,44.85,57.47,45.12,58.55,45.5,58.93,46.72,59.29,47.14,59.51,46.42,59.99,45.06,60.09,44.22,59.81,43.48,59.23,42.38,60.01,41.6,61.29,40.72,62.51,39.2,64.06,37.68,65.56,36.22,66.4,34.22,67.3,32.6,68.04,30.18,68.26,27.6,68.24,25.04,67.92,23.3,67.1,21.62,67.04,19.7,67.32,18.62,67.8,16.98,67.5,18.08,67.16,18.64,66.64,18.47,65.68,17.75,65.34,15.65,65.32,14.59,65.36,13.59,65.7,11.81,66.12,10.13,66.38,8.59,66.32,7.53,65.86,7.35,65.38,8.49,64.86,10.01,64.7,11.11,64.26,11.97,63.58,12.63,62.3,13.83,61.36,15.23,60.98,16.15,60.52,16.29,58.32,15.09,58.04,13.57,58.16,12.37,58.6,9.69,59.8,7.77,60.08,5.09,60.48,4.05,60.36,3.53,59.48,3.57,58.4,2.45,58,0.25,58,-0.79,58.84,-1.59,59.76,-2.47,60.4,-3.31,59.76,-3.11,58.04,-2.76,57,-2.8,56.28,-6.68,56.12,-8.48,55.56,-10.24,54.8,-11.2,53.8,-15.71,54.2,-21.39,54.37,-28.49,54.37,-37.19,53.27,-44.09,51.07,-49.24,48.57,-52.24,45.17,-51.34,41.57,-47.34,39.27,-47.59,37.59,-49.27,36.33,-53.41,36.09,-56.11,36.15,-57.13,34.53,-56.05,32.55,-53.35,33.39,-51.79,32.31,-50.53,33.33,-49.15,33.15,-44.41,30.27,-45.85,29.13,-48.67,27.21,-49.93,25.41,-48.07,24.69,-48.61,22.29,-49.09,19.59,-50.11,18.27,-46.99,18.39,-44.83,13.35,-46.75,12.27,-48.55,10.59,-49.15,6.69,-46.69,3.93,-42.67,2.91,-42.07,-2.73,-48.13,-4.55,-47.83,-31.48,14.94,-51.25]}},"wx3":{"wx4":{"x":-0.48,"y":0.69,"width":125,"height":117}},"wx4":{"wx4":{"x":-0.48,"y":0.69,"width":125,"height":117}}}},"animations":{"dynamic":{"slots":{"wx3":{"attachment":[{"time":0,"name":"wx4"}]},"wx4":{"color":[{"time":0,"color":"ffffff00","curve":[0.25,0,0.75,1]},{"time":0.3333,"color":"ffffffff","curve":[0.25,0,0.75,1]},{"time":0.8333,"color":"ffffff00","curve":"stepped"},{"time":1.2333,"color":"ffffff00","curve":[0.25,0,0.75,1]},{"time":1.5,"color":"ffffffff","curve":[0.25,0,0.75,1]},{"time":2.2,"color":"ffffff00"}],"attachment":[{"time":0,"name":"wx4"}]}},"bones":{"wx4":{"rotate":[{"time":2.2,"angle":2.87}],"scale":[{"time":0,"x":1,"y":1,"curve":"stepped"},{"time":0.3333,"x":1,"y":1,"curve":[0.25,0,0.75,1]},{"time":0.9667,"x":1.14,"y":1.14,"curve":[0.25,0,0.75,1]},{"time":1,"x":1,"y":1,"curve":[0.25,0,0.75,1]},{"time":2.2,"x":1.192,"y":1.192}]},"all":{"rotate":[{"time":0,"angle":0,"curve":[0.25,0,0.75,1]},{"time":0.5,"angle":-5.23,"curve":[0.25,0,0.625,0.5]},{"time":0.6667,"angle":10.63,"curve":[0.375,0.5,0.75,1]},{"time":0.8333,"angle":-7.14,"curve":[0.276,0,0.621,0.4]},{"time":1,"angle":7.6,"curve":[0.333,0.33,0.758,1]},{"time":1.1667,"angle":3.7,"curve":[0.25,0,0.75,1]},{"time":1.8333,"angle":0}],"translate":[{"time":0,"x":0,"y":0,"curve":"stepped"},{"time":0.3333,"x":0,"y":0,"curve":[0.25,0,0.75,1]},{"time":1,"x":0,"y":11.5,"curve":[0.25,0,0.75,1]},{"time":1.1667,"x":0,"y":0,"curve":[0.25,0,0.75,1]},{"time":1.3333,"x":0,"y":4.47,"curve":[0.25,0,0.75,1]},{"time":1.5,"x":0,"y":0}]}}},"static":{"slots":{"wx3":{"attachment":[{"time":0,"name":"wx4"}]},"wx4":{"color":[{"time":0,"color":"ffffff00"}],"attachment":[{"time":0,"name":"wx4"}]}},"bones":{"wx4":{"scale":[{"time":0,"x":1,"y":1}]},"all":{"rotate":[{"time":0,"angle":0}],"translate":[{"time":0,"x":0,"y":0}]}}}}},[0]]],0,0,[0],[-1],[1]],[[[8,"icon"],[9,"icon",33554432,[-3,-4,-5,-6,-7,-8],[[2,-2,[0,"f7KbPE+8dN74zThCUbehFk"],[5,174,138]]],[1,"a5nYjKpzlLv6zEFJ6w2v8w",null,null,null,-1,0]],[10,"amount",false,33554432,1,[-11,-12,-13],[[2,-9,[0,"02GHk0C6hIzrgT3tpg9gUq"],[5,20.02,40]],[14,"23",18,18,2,-10,[0,"90OAS5mlhBTojiXnj6X5XY"]]],[1,"3cmwgsZspHS77ZUHduTpjW",null,null,null,1,0],[1,0,-25,0]],[11,"bg",false,33554432,1,[[2,-14,[0,"d2WVojylxP6L2fXoUlU+Sk"],[5,151,150]],[16,0,-15,[0,"40urBiFV1FWYvM15jkfSbt"],[4,4281085025],0],[19,false,45,160,160,-16,[0,"9aWQmX5qZJiomkQ2L8lwxX"]]],[1,"47OF56SXJH4Jj3HcSBa394",null,null,null,1,0]],[3,"focusBorder",33554432,1,[[2,-17,[0,"a6LuKAjMBB25A5Fl9nUjee"],[5,230,230]],[5,"default","xuanzhong",false,0,-18,[0,"71utzczulC7IwcqGXmuiUd"],3],[7,false,45,-59.5,-59.5,-59,-59,272,264,-19,[0,"3d4xqgQShCMpwKil8+OBxa"]]],[1,"5fzkRIiZtNzqcnW8STTCEo",null,null,null,1,0]],[3,"focusBorder2",33554432,1,[[2,-20,[0,"b8zGSsQDxP/pdScWHvJ1dX"],[5,300,300]],[5,"default","animation",false,0,-21,[0,"04lu0RXNNIG7B5l9zM0s/r"],4],[7,false,45,-59.5,-59.5,-59,-59,272,264,-22,[0,"7bxYuEOcpM+7NbkdKouvEy"]]],[1,"1dTxb/bGlPNo5FqC+OxPds",null,null,null,1,0]],[3,"face",33554432,1,[[2,-23,[0,"90M4IHYrxLxojhccxAputI"],[5,120,112]],[17,2,false,-24,[0,"0fXjwPXJhKdo1iitmvWle9"],1]],[1,"4aVAINlYBLGJ/fMVyCJJkb",null,null,null,1,0]],[3,"face-animation",33554432,1,[[2,-25,[0,"04QkhgIo9DEIzru/tVaiQ+"],[5,125,117]],[5,"default","dynamic",false,0,-26,[0,"92aS7e72pKdLQcavWupm6W"],2]],[1,"91WstUg3NNeLIafOJghyhV",null,null,null,1,0]],[6,"bg",33554432,2,[[2,-27,[0,"b03743cQVHV4D+U+07Pq7S"],[5,60,30]],[18,-28,[0,"65a57J5JFLOL7uqc9yQ+IJ"],5]],[1,"35UB4dxdxEB5NI6jZ70Kls",null,null,null,1,0],[1,0,-1,0]],[6,"label_number",33554432,2,[[2,-29,[0,"c489Lw93JM0p6MSTbdGyyJ"],[5,50,40]],[15,"MINI",18,18,2,false,-30,[0,"7duBSqkqNOTqH4ky0LAGHZ"],[4,4284077299]]],[1,"87xc569jNK65+bPQdg7AcX",null,null,null,1,0],[1,0,-1,0]],[12,"props_Particle",false,33554432,2,[[13,-31,[0,"3bB+BKTttAA53alIr1nP0F"]],[20,"Node<ParticleSystem2D>",1,200,0.8,1,360,360,100,50,100,-47.369998931884766,-47.369998931884766,-142.11000061035156,0,190.7899932861328,-92.11000061035156,65.79000091552734,-671.0499877929688,65.79000091552734,100,true,4000,-32,[0,"4bhJ2ACN1B7aVzN4pD611G"],[0,7,7],[0,0.25,0.8600000143051147],[4,2740373706],[4,3333292005],[4,3591610797],[4,3170498923],6,7]],[1,"7dmDJNyUdHb4MKZomwjgoC",null,null,null,1,0],[1,0,1,-1]]],0,[0,4,1,0,0,1,0,-1,3,0,-2,6,0,-3,7,0,-4,4,0,-5,5,0,-6,2,0,0,2,0,0,2,0,-1,8,0,-2,9,0,-3,10,0,0,3,0,0,3,0,0,3,0,0,4,0,0,4,0,0,4,0,0,5,0,0,5,0,0,5,0,0,6,0,0,6,0,0,7,0,0,7,0,0,8,0,0,8,0,0,9,0,0,9,0,0,10,0,0,10,0,5,1,32],[0,0,0,0,0,0,0,0],[1,1,2,2,2,1,6,1],[2,3,4,5,6,7,8,0]],[[{"name":"atom","rect":{"x":0,"y":0,"width":31,"height":31},"offset":{"x":0,"y":0},"originalSize":{"width":31,"height":31},"rotated":false,"capInsets":[0,0,0,0],"vertices":{"rawPosition":[-15.5,-15.5,0,15.5,-15.5,0,-15.5,15.5,0,15.5,15.5,0],"indexes":[0,1,2,2,1,3],"uv":[0,31,31,31,0,0,31,0],"nuv":[0,0,1,0,0,1,1,1],"minPos":{"x":-15.5,"y":-15.5,"z":0},"maxPos":{"x":15.5,"y":15.5,"z":0}},"packable":true,"pixelsToUnit":100,"pivot":{"x":0.5,"y":0.5},"meshType":0}],[1],0,[0],[3],[9]],[[[4,"shandian","\r\nshandian.png\r\nsize: 1024,1024\r\nformat: RGBA8888\r\nfilter: Linear,Linear\r\nrepeat: none\r\n1 (1)\r\n  rotate: false\r\n  xy: 2, 606\r\n  size: 300, 300\r\n  orig: 300, 300\r\n  offset: 0, 0\r\n  index: -1\r\n1 (10)\r\n  rotate: false\r\n  xy: 2, 304\r\n  size: 300, 300\r\n  orig: 300, 300\r\n  offset: 0, 0\r\n  index: -1\r\n1 (11)\r\n  rotate: false\r\n  xy: 304, 606\r\n  size: 300, 300\r\n  orig: 300, 300\r\n  offset: 0, 0\r\n  index: -1\r\n1 (2)\r\n  rotate: false\r\n  xy: 2, 2\r\n  size: 300, 300\r\n  orig: 300, 300\r\n  offset: 0, 0\r\n  index: -1\r\n1 (3)\r\n  rotate: false\r\n  xy: 304, 304\r\n  size: 300, 300\r\n  orig: 300, 300\r\n  offset: 0, 0\r\n  index: -1\r\n1 (4)\r\n  rotate: false\r\n  xy: 606, 606\r\n  size: 300, 300\r\n  orig: 300, 300\r\n  offset: 0, 0\r\n  index: -1\r\n1 (5)\r\n  rotate: false\r\n  xy: 304, 2\r\n  size: 300, 300\r\n  orig: 300, 300\r\n  offset: 0, 0\r\n  index: -1\r\n1 (6)\r\n  rotate: false\r\n  xy: 606, 304\r\n  size: 300, 300\r\n  orig: 300, 300\r\n  offset: 0, 0\r\n  index: -1\r\n1 (7)\r\n  rotate: false\r\n  xy: 606, 2\r\n  size: 300, 300\r\n  orig: 300, 300\r\n  offset: 0, 0\r\n  index: -1\r\n\r\nshandian22.png\r\nsize: 1024,512\r\nformat: RGBA8888\r\nfilter: Linear,Linear\r\nrepeat: none\r\n1 (8)\r\n  rotate: false\r\n  xy: 2, 2\r\n  size: 300, 300\r\n  orig: 300, 300\r\n  offset: 0, 0\r\n  index: -1\r\n1 (9)\r\n  rotate: false\r\n  xy: 304, 2\r\n  size: 300, 300\r\n  orig: 300, 300\r\n  offset: 0, 0\r\n  index: -1\r\n",["shandian.png","shandian22.png"],{"skeleton":{"hash":"6TIQOEKFwm6vSXCeiSNsolDNNC8","spine":"3.6.53","width":300,"height":300,"images":"./1 (1)/"},"bones":[{"name":"root"}],"slots":[{"name":"1 (1)","bone":"root","attachment":"1 (9)","blend":"additive"}],"skins":{"default":{"1 (1)":{"1 (1)":{"width":300,"height":300},"1 (10)":{"width":300,"height":300},"1 (11)":{"width":300,"height":300},"1 (2)":{"width":300,"height":300},"1 (3)":{"width":300,"height":300},"1 (4)":{"width":300,"height":300},"1 (5)":{"width":300,"height":300},"1 (6)":{"width":300,"height":300},"1 (7)":{"width":300,"height":300},"1 (8)":{"width":300,"height":300},"1 (9)":{"width":300,"height":300}}}},"animations":{"animation":{"slots":{"1 (1)":{"attachment":[{"time":0,"name":"1 (1)"},{"time":0.1,"name":"1 (2)"},{"time":0.2,"name":"1 (3)"},{"time":0.3,"name":"1 (4)"},{"time":0.4,"name":"1 (5)"},{"time":0.5,"name":"1 (6)"},{"time":0.6,"name":"1 (7)"},{"time":0.7,"name":"1 (8)"},{"time":0.8,"name":"1 (9)"},{"time":0.9,"name":"1 (10)"},{"time":1,"name":"1 (11)"}]}}}}},[0,1]]],0,0,[0,0],[-1,-2],[10,11]],[[[21,"atom",".plist"],-1],0,0,[0],[7],[0]],[[{"name":"bg_cs_baopenbox_1","rect":{"x":0,"y":0,"width":60,"height":30},"offset":{"x":0,"y":0},"originalSize":{"width":60,"height":30},"rotated":false,"capInsets":[0,0,0,0],"vertices":{"rawPosition":[-30,-15,0,30,-15,0,-30,15,0,30,15,0],"indexes":[0,1,2,2,1,3],"uv":[0,30,60,30,0,0,60,0],"nuv":[0,0,1,0,0,1,1,1],"minPos":{"x":-30,"y":-15,"z":0},"maxPos":{"x":30,"y":15,"z":0}},"packable":true,"pixelsToUnit":100,"pivot":{"x":0.5,"y":0.5},"meshType":0}],[1],0,[0],[3],[12]],[[[4,"xuanzhong","\r\nxuanzhong.png\r\nsize: 1024,1024\r\nformat: RGBA8888\r\nfilter: Linear,Linear\r\nrepeat: none\r\nzj_00000\r\n  rotate: false\r\n  xy: 2, 466\r\n  size: 230, 230\r\n  orig: 230, 230\r\n  offset: 0, 0\r\n  index: -1\r\nzj_00001\r\n  rotate: false\r\n  xy: 234, 698\r\n  size: 230, 230\r\n  orig: 230, 230\r\n  offset: 0, 0\r\n  index: -1\r\nzj_00002\r\n  rotate: false\r\n  xy: 2, 234\r\n  size: 230, 230\r\n  orig: 230, 230\r\n  offset: 0, 0\r\n  index: -1\r\nzj_00003\r\n  rotate: false\r\n  xy: 234, 466\r\n  size: 230, 230\r\n  orig: 230, 230\r\n  offset: 0, 0\r\n  index: -1\r\nzj_00004\r\n  rotate: false\r\n  xy: 466, 698\r\n  size: 230, 230\r\n  orig: 230, 230\r\n  offset: 0, 0\r\n  index: -1\r\nzj_00005\r\n  rotate: false\r\n  xy: 2, 2\r\n  size: 230, 230\r\n  orig: 230, 230\r\n  offset: 0, 0\r\n  index: -1\r\nzj_00006\r\n  rotate: false\r\n  xy: 234, 234\r\n  size: 230, 230\r\n  orig: 230, 230\r\n  offset: 0, 0\r\n  index: -1\r\nzj_00007\r\n  rotate: false\r\n  xy: 466, 466\r\n  size: 230, 230\r\n  orig: 230, 230\r\n  offset: 0, 0\r\n  index: -1\r\nzj_00008\r\n  rotate: false\r\n  xy: 698, 698\r\n  size: 230, 230\r\n  orig: 230, 230\r\n  offset: 0, 0\r\n  index: -1\r\nzj_00009\r\n  rotate: false\r\n  xy: 234, 2\r\n  size: 230, 230\r\n  orig: 230, 230\r\n  offset: 0, 0\r\n  index: -1\r\nzj_00010\r\n  rotate: false\r\n  xy: 466, 234\r\n  size: 230, 230\r\n  orig: 230, 230\r\n  offset: 0, 0\r\n  index: -1\r\nzj_00011\r\n  rotate: false\r\n  xy: 698, 466\r\n  size: 230, 230\r\n  orig: 230, 230\r\n  offset: 0, 0\r\n  index: -1\r\nzj_00012\r\n  rotate: false\r\n  xy: 466, 2\r\n  size: 230, 230\r\n  orig: 230, 230\r\n  offset: 0, 0\r\n  index: -1\r\nzj_00013\r\n  rotate: false\r\n  xy: 698, 234\r\n  size: 230, 230\r\n  orig: 230, 230\r\n  offset: 0, 0\r\n  index: -1\r\nzj_00014\r\n  rotate: false\r\n  xy: 2, 698\r\n  size: 230, 230\r\n  orig: 230, 230\r\n  offset: 0, 0\r\n  index: -1\r\n",["xuanzhong.png"],{"skeleton":{"hash":"b8AlBy8y1NSuzrPoJ0PhxqDE8nw","spine":"3.6.53","width":230,"height":230,"images":"./textue/"},"bones":[{"name":"root"}],"slots":[{"name":"zj_00000","bone":"root","attachment":"zj_00014"}],"skins":{"default":{"zj_00000":{"zj_00000":{"width":230,"height":230},"zj_00001":{"width":230,"height":230},"zj_00002":{"width":230,"height":230},"zj_00003":{"width":230,"height":230},"zj_00004":{"width":230,"height":230},"zj_00005":{"width":230,"height":230},"zj_00006":{"width":230,"height":230},"zj_00007":{"width":230,"height":230},"zj_00008":{"width":230,"height":230},"zj_00009":{"width":230,"height":230},"zj_00010":{"width":230,"height":230},"zj_00011":{"width":230,"height":230},"zj_00012":{"width":230,"height":230},"zj_00013":{"width":230,"height":230},"zj_00014":{"width":230,"height":230}}}},"animations":{"xuanzhong":{"slots":{"zj_00000":{"attachment":[{"time":0,"name":"zj_00001"},{"time":0.1,"name":"zj_00002"},{"time":0.2,"name":"zj_00003"},{"time":0.3,"name":"zj_00004"},{"time":0.4,"name":"zj_00005"},{"time":0.5,"name":"zj_00006"},{"time":0.6,"name":"zj_00007"},{"time":0.7,"name":"zj_00008"},{"time":0.8,"name":"zj_00009"},{"time":0.9,"name":"zj_00010"},{"time":1,"name":"zj_00011"},{"time":1.1,"name":"zj_00012"},{"time":1.2,"name":"zj_00013"},{"time":1.3,"name":"zj_00014"}]}}}}},[0]]],0,0,[0],[-1],[13]],[[{"name":"baohe","rect":{"x":0,"y":0,"width":120,"height":112},"offset":{"x":0,"y":0},"originalSize":{"width":120,"height":112},"rotated":false,"capInsets":[0,0,0,0],"vertices":{"rawPosition":[-60,-56,0,60,-56,0,-60,56,0,60,56,0],"indexes":[0,1,2,2,1,3],"uv":[0,112,120,112,0,0,120,0],"nuv":[0,0,1,0,0,1,1,1],"minPos":{"x":-60,"y":-56,"z":0},"maxPos":{"x":60,"y":56,"z":0}},"packable":true,"pixelsToUnit":100,"pivot":{"x":0.5,"y":0.5},"meshType":0}],[1],0,[0],[3],[14]]]]
