[1,["f3B7R+XltIv69oPV/Fr2ih@6c48a"],["_textureSource"],["cc.SpriteFrame"],0,[{"name":"ocean_icon_treasurebox","rect":{"x":0,"y":0,"width":201,"height":157},"offset":{"x":-0.5,"y":0.5},"originalSize":{"width":202,"height":158},"rotated":false,"capInsets":[0,0,0,0],"vertices":{"rawPosition":[-100.5,-78.5,0,100.5,-78.5,0,-100.5,78.5,0,100.5,78.5,0],"indexes":[0,1,2,2,1,3],"uv":[0,158,201,158,0,1,201,1],"nuv":[0,0.006329113924050633,0.995049504950495,0.006329113924050633,0,1,0.995049504950495,1],"minPos":{"x":-100.5,"y":-78.5,"z":0},"maxPos":{"x":100.5,"y":78.5,"z":0}},"packable":true,"pixelsToUnit":100,"pivot":{"x":0.5,"y":0.5},"meshType":0}],[0],0,[0],[0],[0]]
