[1,["f3WPF0iexETKO4Q7cWZAqR@6c48a"],["_textureSource"],["cc.SpriteFrame"],0,[{"name":"common_icon_q","rect":{"x":0,"y":0,"width":151,"height":148},"offset":{"x":0,"y":0},"originalSize":{"width":151,"height":148},"rotated":false,"capInsets":[0,0,0,0],"vertices":{"rawPosition":[-75.5,-74,0,75.5,-74,0,-75.5,74,0,75.5,74,0],"indexes":[0,1,2,2,1,3],"uv":[0,148,151,148,0,0,151,0],"nuv":[0,0,1,0,0,1,1,1],"minPos":{"x":-75.5,"y":-74,"z":0},"maxPos":{"x":75.5,"y":74,"z":0}},"packable":true,"pixelsToUnit":100,"pivot":{"x":0.5,"y":0.5},"meshType":0}],[0],0,[0],[0],[0]]
