[1,["f35vAuM/dB44/DxhIo7/ry@6c48a"],["_textureSource"],["cc.SpriteFrame"],0,[{"name":"PayTable2Portugal","rect":{"x":0,"y":0,"width":1556,"height":522},"offset":{"x":0,"y":0},"originalSize":{"width":1556,"height":522},"rotated":false,"capInsets":[0,0,0,0],"vertices":{"rawPosition":[-778,-261,0,778,-261,0,-778,261,0,778,261,0],"indexes":[0,1,2,2,1,3],"uv":[0,522,1556,522,0,0,1556,0],"nuv":[0,0,1,0,0,1,1,1],"minPos":{"x":-778,"y":-261,"z":0},"maxPos":{"x":778,"y":261,"z":0}},"packable":true,"pixelsToUnit":100,"pivot":{"x":0.5,"y":0.5},"meshType":0}],[0],0,[0],[0],[0]]
