[1,["088229e7-a661-44fb-bf7c-daf8dba7b630@6c48a"],["_textureSource"],["cc.SpriteFrame"],0,[{"name":"godWealth","rect":{"x":0,"y":0,"width":1912,"height":1024},"offset":{"x":0,"y":0},"originalSize":{"width":1912,"height":1024},"rotated":false,"capInsets":[0,0,0,0],"vertices":{"rawPosition":[-956,-512,0,956,-512,0,-956,512,0,956,512,0],"indexes":[0,1,2,2,1,3],"uv":[0,1024,1912,1024,0,0,1912,0],"nuv":[0,0,1,0,0,1,1,1],"minPos":{"x":-956,"y":-512,"z":0},"maxPos":{"x":956,"y":512,"z":0}},"packable":true,"pixelsToUnit":100,"pivot":{"x":0.5,"y":0.5},"meshType":0}],[0],0,[0],[0],[0]]
