[1,["25p3Dqq85HpZFAkn8bXmfA@f9941","5evNJviTdOFo8fmA3sHHwO@f9941","e5V79jSC9Pi7L2xCdDdiCv@f9941","94n5hsgvpNw57s9DIi9LX4@f9941","2dngwFqSlJCpoI71BsWkTN@f9941","fcudPuOZNPPp2nAJxqQZsg@f9941","42QA4KN1tHcYKRGgrC0Gur@f9941","07kOaPcZRBDKeEkrCeLGUk@f9941","39thVpZ+9PqKD2yE5joLPE@f9941","be98NiFzFO2LspAOxhdov4@f9941","c9m6uCCylKR7a5+7DRJFts@f9941","16yX/nGEFPFIvlWdpnh9Nu@f9941","5bEj6JYCNDWYV8JPM2C+vd@f9941","af/JQX9Y9Iqa8XRUEZQV8X@f9941","03vb6Z1AZJzL1L8HAzEvjQ@6c48a","06zYy8DgVLFabn4C+m1/nF@6c48a","07kOaPcZRBDKeEkrCeLGUk@6c48a","7dj5uJT9FMn6OrOOx83tfK@f9941","6dKEBsWi9G67f9O/axhDic@f9941","39ZidEMKdCpbfbkDArWPEm@f9941","8eWOy2TadAjaQRJ5kj/vJS@f9941","03vb6Z1AZJzL1L8HAzEvjQ@f9941","d8Tl7D4+1E6Z2rVgrqUqLE@f9941","7dlZST2cJC54AQzsjYheGU@f9941","96aRNZQ1hGx58GNsS0pz+w@f9941","a5HM513dRDxahefjvUcJQ9@f9941","3956tSss5JzavLGp6qRj9o@f9941","ddQfVxviFMNa30NSwNmj8D@f9941","cdaeTYVT9O3pjeE0K+YNfz@f9941","06zYy8DgVLFabn4C+m1/nF@f9941","4buwlv+vNMxL2nBdedasZS@f9941","343enGEbVLGJsI+P6YvYbH@f9941","2cVf6tD3lENJu0dT3z2ngy@f9941","6fDAUNqdFDo6ERwpmu4DFE@f9941","1eLvCeuCBDCIe8r797+zXH@f9941","95vSBTyadBEbhZ3keQW5QJ@f9941","e6ze1UCghOgaoT43BaNVFr@f9941","bdlyvOEnBMHr3I1YTlP790@f9941","7aJdDbFjFOpoy7SUqCGz2Q@f9941","6cAdO4o3xIXJsdSnzAeTKG@f9941","32QmRzuvtBoLh1+lUe5/uS@f9941","aekxhPy5JPFpw88E/aASzC@f9941","67tV7CLjdJDrYnvcOrzIW3@f9941","93wOVMrEZMe40qwCEW/7i4@f9941","16yX/nGEFPFIvlWdpnh9Nu@6c48a","1eLvCeuCBDCIe8r797+zXH@6c48a","25p3Dqq85HpZFAkn8bXmfA@6c48a","2cVf6tD3lENJu0dT3z2ngy@6c48a","2dngwFqSlJCpoI71BsWkTN@6c48a","32QmRzuvtBoLh1+lUe5/uS@6c48a","343enGEbVLGJsI+P6YvYbH@6c48a","39ZidEMKdCpbfbkDArWPEm@6c48a","39thVpZ+9PqKD2yE5joLPE@6c48a","3956tSss5JzavLGp6qRj9o@6c48a","42QA4KN1tHcYKRGgrC0Gur@6c48a","4buwlv+vNMxL2nBdedasZS@6c48a","5bEj6JYCNDWYV8JPM2C+vd@6c48a","5evNJviTdOFo8fmA3sHHwO@6c48a","67tV7CLjdJDrYnvcOrzIW3@6c48a","6cAdO4o3xIXJsdSnzAeTKG@6c48a","6dKEBsWi9G67f9O/axhDic@6c48a","6fDAUNqdFDo6ERwpmu4DFE@6c48a","7aJdDbFjFOpoy7SUqCGz2Q@6c48a","7dlZST2cJC54AQzsjYheGU@6c48a","8eWOy2TadAjaQRJ5kj/vJS@6c48a","93wOVMrEZMe40qwCEW/7i4@6c48a","94n5hsgvpNw57s9DIi9LX4@6c48a","95vSBTyadBEbhZ3keQW5QJ@6c48a","96aRNZQ1hGx58GNsS0pz+w@6c48a","a5HM513dRDxahefjvUcJQ9@6c48a","aekxhPy5JPFpw88E/aASzC@6c48a","af/JQX9Y9Iqa8XRUEZQV8X@6c48a","bdlyvOEnBMHr3I1YTlP790@6c48a","be98NiFzFO2LspAOxhdov4@6c48a","c9m6uCCylKR7a5+7DRJFts@6c48a","cdaeTYVT9O3pjeE0K+YNfz@6c48a","d8Tl7D4+1E6Z2rVgrqUqLE@6c48a","ddQfVxviFMNa30NSwNmj8D@6c48a","e5V79jSC9Pi7L2xCdDdiCv@6c48a","e6ze1UCghOgaoT43BaNVFr@6c48a","fcudPuOZNPPp2nAJxqQZsg@6c48a"],["node","_spriteFrame","_textureSource","_parent","_normalSprite","_checkMark","_target","root","_indicator","_content","data"],["cc.SpriteFrame",["cc.Node",["_name","_layer","_components","_prefab","_children","_parent","_lpos"],1,9,4,2,1,5],["cc.Sprite",["_sizeMode","_type","_name","node","__prefab","_spriteFrame","_color"],0,1,4,6,5],["cc.Node",["_name","_layer","_active","_parent","_components","_prefab","_lpos","_children"],0,1,12,4,5,2],["cc.Widget",["_originalWidth","_alignFlags","_originalHeight","_right","_left","_top","_horizontalCenter","_enabled","_bottom","node","__prefab"],-6,1,4],["cc.Label",["_string","_actualFontSize","_fontSize","_lineHeight","_horizontalAlign","_isBold","_enableOutline","_outlineWidth","_overflow","node","__prefab","_color","_outlineColor"],-6,1,4,5,5],["cc.UITransform",["_name","node","__prefab","_contentSize","_anchorPoint"],2,1,4,5,5],["cc.Toggle",["_interactable","_isChecked","node","__prefab","_checkMark","_normalSprite","_target"],1,1,4,1,6,1],["cc.Layout",["_layoutType","_spacingX","_resizeMode","_isAlign","node","__prefab"],-1,1,4],["cc.Prefab",["_name"],2],["cc.CompPrefabInfo",["fileId"],2],["cc.UIOpacity",["node","__prefab"],3,1,4],["cc.BlockInputEvents",["node","__prefab"],3,1,4],["cc.PrefabInfo",["fileId","instance","targetOverrides","nestedPrefabInstanceRoots","root","asset"],-1,1,1],["cc.ToggleContainer",["node","__prefab"],3,1,4],["cc.PageView",["_name","horizontal","node","__prefab","_content","_indicator"],1,1,4,1,1],["cc.Mask",["node","__prefab"],3,1,4],["cc.Graphics",["node","__prefab","_fillColor"],3,1,4,5],["cc.Button",["_transition","_zoomScale","node","__prefab","_normalSprite"],1,1,4,6],["cc.LabelOutline",["node","__prefab"],3,1,4],["cc.PageViewIndicator",["spacing","node","__prefab","_cellSize"],2,1,4,5]],[[10,0,2],[13,0,1,2,3,4,5,5],[6,1,2,3,1],[2,3,4,5,1],[1,0,1,5,2,3,6,3],[1,0,1,5,4,2,3,6,3],[1,0,1,4,2,3,6,3],[6,1,2,1],[2,0,3,4,5,2],[2,3,4,1],[8,0,1,4,5,3],[5,0,4,1,2,3,9,10,11,6],[1,0,1,5,4,2,3,3],[1,0,1,5,2,3,3],[3,0,2,1,3,7,4,5,6,4],[12,0,1,1],[2,1,0,3,4,5,3],[7,1,2,3,4,5,2],[14,0,1,1],[5,0,1,2,9,10,11,4],[9,0,2],[1,0,1,4,2,3,3],[3,0,1,3,7,4,5,6,3],[3,0,1,3,4,5,3],[3,0,2,1,3,4,5,4],[3,0,2,1,3,4,5,6,4],[6,0,1,2,3,2],[6,1,2,3,4,1],[4,0,2,9,10,3],[4,1,4,3,6,0,9,10,6],[4,7,1,4,3,5,8,0,2,9,10,9],[4,1,3,5,9,10,4],[4,1,0,2,9,10,4],[11,0,1,1],[2,2,1,0,3,4,4],[2,0,3,4,6,5,2],[8,2,0,3,4,5,4],[7,2,3,6,4,5,1],[7,0,2,3,6,4,5,2],[7,0,1,2,3,4,5,3],[15,0,1,2,3,4,5,3],[16,0,1,1],[17,0,1,2,1],[18,0,1,2,3,4,3],[5,0,1,2,5,6,7,9,10,12,7],[5,0,4,1,2,3,8,9,10,11,7],[5,0,1,2,3,9,10,11,5],[19,0,1,1],[20,0,1,2,3,2]],[[[{"name":"God_SC8","rect":{"x":0,"y":0,"width":36,"height":45},"offset":{"x":0,"y":0},"originalSize":{"width":36,"height":45},"rotated":false,"capInsets":[0,0,0,0],"vertices":{"rawPosition":[-18,-22.5,0,18,-22.5,0,-18,22.5,0,18,22.5,0],"indexes":[0,1,2,2,1,3],"uv":[0,45,36,45,0,0,36,0],"nuv":[0,0,1,0,0,1,1,1],"minPos":{"x":-18,"y":-22.5,"z":0},"maxPos":{"x":18,"y":22.5,"z":0}},"packable":true,"pixelsToUnit":100,"pivot":{"x":0.5,"y":0.5},"meshType":0}],[0],0,[0],[2],[14]],[[{"name":"God_TB_6_1","rect":{"x":0,"y":0,"width":93,"height":83},"offset":{"x":0,"y":0},"originalSize":{"width":93,"height":83},"rotated":false,"capInsets":[0,0,0,0],"vertices":{"rawPosition":[-46.5,-41.5,0,46.5,-41.5,0,-46.5,41.5,0,46.5,41.5,0],"indexes":[0,1,2,2,1,3],"uv":[0,83,93,83,0,0,93,0],"nuv":[0,0,1,0,0,1,1,1],"minPos":{"x":-46.5,"y":-41.5,"z":0},"maxPos":{"x":46.5,"y":41.5,"z":0}},"packable":true,"pixelsToUnit":100,"pivot":{"x":0.5,"y":0.5},"meshType":0}],[0],0,[0],[2],[15]],[[{"name":"God_tk2_4","rect":{"x":0,"y":0,"width":120,"height":87},"offset":{"x":0,"y":0},"originalSize":{"width":120,"height":87},"rotated":false,"capInsets":[0,0,0,0],"vertices":{"rawPosition":[-60,-43.5,0,60,-43.5,0,-60,43.5,0,60,43.5,0],"indexes":[0,1,2,2,1,3],"uv":[0,87,120,87,0,0,120,0],"nuv":[0,0,1,0,0,1,1,1],"minPos":{"x":-60,"y":-43.5,"z":0},"maxPos":{"x":60,"y":43.5,"z":0}},"packable":true,"pixelsToUnit":100,"pivot":{"x":0.5,"y":0.5},"meshType":0}],[0],0,[0],[2],[16]],[[[20,"rulePanel"],[21,"rulePanel",33554432,[-6,-7],[[7,-2,[0,"bcXXVrXW5HoIHfyMnh08I6"]],[28,100,100,-3,[0,"b2gjzS8sxBIrsCVM71BjcJ"]],[33,-4,[0,"8fGIhy5vZBOZ0VgFlogahr"]],[15,-5,[0,"7cEbWG/WNMs41oVBopcJyF"]]],[1,"c46/YsCPVOJYA4mWEpNYRx",null,null,null,-1,0]],[12,"Rules_Bg",33554432,1,[-9,-10,-11,-12,-13,-14,-15,-16],[[2,-8,[0,"10/s+3ezRAiKUOmSKSXNGF"],[5,1334,640]]],[1,"1dQw2duNxNxp5tZanA7600",null,null,null,1,0]],[6,"Two_Box",33554432,[-19,-20,-21,-22,-23],[[2,-17,[0,"7eywS0rmVEp5EzwNzS9D53"],[5,230,168]],[8,0,-18,[0,"33Y5EuZCRFBb4mwUjEBwRo"],30]],[1,"33OV5sZN5D/70mxMjHfoDN",null,null,null,1,0],[1,0,8,0]],[5,"Middle_5x",33554432,3,[-25,-26,-27,-28,-29,-30],[[2,-24,[0,"964WL+dYBNhJfkJoQ80GK8"],[5,90,16]]],[1,"72CwWXAYVMCYWYnq1GClIr",null,null,null,1,0],[1,-61,-57,0]],[6,"Middle_5x",33554432,[-32,-33,-34,-35,-36,-37],[[2,-31,[0,"81Q6sm5TpAApUN50BSUZ8L"],[5,90,16]]],[1,"2fYREs9jpEtIwoECmVGkQW",null,null,null,1,0],[1,22,-20,0]],[6,"Middle_5x",33554432,[-39,-40,-41,-42,-43,-44],[[2,-38,[0,"11stpxJLBJkodayU++OwCh"],[5,90,16]]],[1,"97RtHJ1hlBj4FQmKXaMPqn",null,null,null,1,0],[1,22,-20,0]],[6,"Down_Box",33554432,[-47,-48,-49,-50,-51],[[2,-45,[0,"f4HLD+mY1LOYjecG5vcYeU"],[5,720,100]],[10,1,28,-46,[0,"1cp2LIx+VCNo9KJbl7XBu/"]]],[1,"7fQDv0dTFOU5BsylbL1QMJ",null,null,null,1,0],[1,0,-157.288,0]],[6,"Toggle_One",33554432,[-57,-58],[[2,-52,[0,"7a9mxRAktFgJ3mJqx8iJ8G"],[5,208,80]],[37,-55,[0,"46JMbnjkVNRKFv9uUTUCd5"],-54,-53,169],[3,-56,[0,"0aFHfNOjtGzKiw9h0TztVG"],170]],[1,"c6GlbboxpP25HbJbhNuptw",null,null,null,1,0],[1,-6.4839999999999804,48.355999999999995,0]],[6,"props_indicator",33554432,[-63,-64],[[7,-59,[0,"490r4C17pFxZqJvjSRq3wh"]],[10,1,10,-60,[0,"43pFqAmslLDLWSrnyumI94"]],[29,16,429.5,429.5,21.671,100,-61,[0,"041kMlKjhGwKd60BUQAjVk"]],[18,-62,[0,"5bO6in3bBHHrmEkNGYeReI"]]],[1,"d0konF/PREyZjkf2mBiiaA",null,null,null,1,0],[1,21.671,-229.459,0]],[6,"props_guize_sg_1",33554432,[-66,-67,7,-68,-69],[[2,-65,[0,"22w3kj+bpBrbnXr7/aRScz"],[5,750,430]]],[1,"64po2E+DtP8JINUWGVZFb+",null,null,null,1,0],[1,375,0,0]],[5,"Middle_3x",33554432,3,[-71,-72,-73,-74,-75],[[2,-70,[0,"a1gnmHb8RJKpN6DVFXIa5J"],[5,65,16]]],[1,"74l7zHAxlDK7Xj7HEo9Qtk",null,null,null,1,0],[1,-72.10699999999997,-20.08699999999999,0]],[5,"Middle_4x",33554432,3,[-77,-78,-79,-80,-81],[[2,-76,[0,"3dMpx/8UtJDbgCxoSLS9Gx"],[5,80,16]]],[1,"026RsPlgJCzZUUOJJ3JMF5",null,null,null,1,0],[1,-66.39200000000005,-38.863999999999976,0]],[5,"Middle_Box",33554432,10,[-84,-85,-86,-87],[[2,-82,[0,"40FA1PlOZI2LE1+XmEsIuz"],[5,720,100]],[10,1,25,-83,[0,"bb3Hhn9q5Ak7c9Qo1QRu5m"]]],[1,"23b54wLNxP55krnVNhjOyA",null,null,null,1,0],[1,0,-38,0]],[6,"Middle_4x",33554432,[-89,-90,-91,-92,-93],[[2,-88,[0,"974vfHzdpFMqgArUeiettD"],[5,80,16]]],[1,"caayPrIFlK76I7vd90B4a5",null,null,null,1,0],[1,16.608,-1.864,0]],[6,"Middle_4x",33554432,[-95,-96,-97,-98,-99],[[2,-94,[0,"2b75SjohJDWZi/Iid6Hb8N"],[5,80,16]]],[1,"a1PwvRCL5BJ7+qYY9rhpdL",null,null,null,1,0],[1,16.608,-1.864,0]],[6,"Middle_4x",33554432,[-101,-102,-103,-104,-105],[[2,-100,[0,"d5nm2Fu4NJuLos6oqoXyBd"],[5,80,16]]],[1,"f36B8dh2dIY4Yf4NM4o3wq",null,null,null,1,0],[1,16.608,-1.864,0]],[6,"Middle_5x",33554432,[-107,-108,-109,-110,-111],[[2,-106,[0,"86Qr7Q5mBG1IQdqVUgALCc"],[5,90,16]]],[1,"c5wPv2+vBBg5ec0x4xmUgF",null,null,null,1,0],[1,22,-20,0]],[6,"Middle_5x",33554432,[-113,-114,-115,-116,-117],[[2,-112,[0,"38X76Maj1AHotlgaPBiwvM"],[5,90,16]]],[1,"fdJsaiw7NHY4rHBFbtH5MV",null,null,null,1,0],[1,22,-20,0]],[6,"Down_5x",33554432,[-119,-120,-121,-122,-123],[[2,-118,[0,"02RzFXvopEzJH008hc4amw"],[5,90,16]]],[1,"3c8Y6qhg1ItZDePDjk7i6x",null,null,null,1,0],[1,23.906,-20,0]],[6,"Down_5x",33554432,[-125,-126,-127,-128,-129],[[2,-124,[0,"011ZUOJqREQ7/M6syHOfkW"],[5,90,16]]],[1,"adw+FhgNVBCLuG/U9GyLFz",null,null,null,1,0],[1,23.906,-20,0]],[5,"AKQJ10_img",33554432,10,[-131,-132,-133,-134,-135],[[7,-130,[0,"fbEKh61K1FybBmgC482zEY"]]],[1,"b8dhExCGZOnaggYXC1xZNw",null,null,null,1,0],[1,0,18,0]],[5,"props_Toggle_Panel",33554432,2,[8,-138,-139],[[2,-136,[0,"dfLynLv9RAZ5e69C16+MiW"],[5,220,350]],[18,-137,[0,"e73zyiK/1EApGsrvmK+Rqj"]]],[1,"d8oZblCPBDtr9iPpjv0g9z",null,null,null,1,0],[1,-481.516,-10.355999999999995,0]],[5,"props_indicator_toggle1",33554432,9,[-145],[[2,-140,[0,"a8uTNKp2BOlLbf6xnPaItj"],[5,30,28]],[3,-141,[0,"fenQ/eQfpJmJwTLVWBuaRU"],5],[38,false,-144,[0,"b1VtTphK9GVInJ88ph3jMZ"],-143,-142,6]],[1,"1aC1uEtstHNKS07QP5IndT",null,null,null,1,0],[1,-35,-28,0]],[6,"props_PageView",33554432,[-151,-152],[[26,"pageView-horizontal<UITransform>",-146,[0,"c3TpX687pFTrox7E1lPDrn"],[5,750,450]],[34,"pageView-horizontal<Sprite>",1,0,-147,[0,"78n4tdosdIh5UvkQIzO9yf"]],[40,"pageView-horizontal<PageView>",false,-150,[0,"24KeUUotpOc5pNJSQDwL+H"],-149,-148]],[1,"feknqLsoFI07KkcHDXlBAI",null,null,null,1,0],[1,484,-44,0]],[6,"content",33554432,[10,-155],[[27,-153,[0,"699/Js4Z5AiZRQ0Q/ioro6"],[5,1500,300],[0,0,0.5]],[36,1,1,true,-154,[0,"62WKMlBF5AjpCf5jEju8yH"]]],[1,"97BsBlrE9A6JX8KIcw879l",null,null,null,1,0],[1,-369.906,-1.874,0]],[5,"Middle_One",33554432,13,[-158,14,5],[[2,-156,[0,"0bNNzsmo9PMqW0ZG7n328h"],[5,160,87]],[8,0,-157,[0,"55xO+snupO17LqBjE8f7f3"],48]],[1,"48WQq9V91ObbdhPAopWZhu",null,null,null,1,0],[1,-280,0,0]],[5,"Middle_3x",33554432,26,[-160,-161,-162,-163],[[2,-159,[0,"4fYdMV+T5ICoKuDBGm6bF5"],[5,65,16]]],[1,"08baEUGWdGLa9zf/AOqF5z",null,null,null,1,0],[1,10.893,16.913,0]],[5,"Middle_Two",33554432,13,[-166,15,6],[[2,-164,[0,"61wR4wPhhLuprRr6UylAVW"],[5,160,87]],[8,0,-165,[0,"a8Br8x5jtBppau8wwgTXCD"],64]],[1,"f3FdSaY05NvpPGdcYMcJeQ",null,null,null,1,0],[1,-95,0,0]],[5,"Middle_3x",33554432,28,[-168,-169,-170,-171],[[2,-167,[0,"21XKcFWjROZ5gaQnZXEpZd"],[5,65,16]]],[1,"5c6giGrcFBSoQ6qH9Qzrt+",null,null,null,1,0],[1,10.893,16.913,0]],[5,"Middle_Three",33554432,13,[-174,16,17],[[2,-172,[0,"78zqdYohpF5LsuUcXjVhJp"],[5,160,87]],[8,0,-173,[0,"0dKvzX6mNIR7u1rWQM1hRx"],79]],[1,"81p7nrjxJGz7txl5EWWcCq",null,null,null,1,0],[1,90,0,0]],[5,"Middle_3x",33554432,30,[-176,-177,-178,-179],[[2,-175,[0,"94iWrVifNNGKqhZHBTPI5F"],[5,65,16]]],[1,"76ZaH/zsFGl693CphFpsfP",null,null,null,1,0],[1,10.893,16.913,0]],[5,"Middle_Four",33554432,13,[-182,-183,18],[[2,-180,[0,"e1i+ZT+6ZDfa+Y6HdMWdWw"],[5,160,87]],[8,0,-181,[0,"41/ZeWDuZOborGpXOtPPV7"],93]],[1,"a0BWWxohpDpbO8IlDkaN+d",null,null,null,1,0],[1,275,0,0]],[5,"Middle_3x",33554432,32,[-185,-186,-187,-188],[[2,-184,[0,"6d8MtOs6BK05Su42gpyy+u"],[5,65,16]]],[1,"f4gZC2hgpA96qR6DadItYj",null,null,null,1,0],[1,10.893,16.913,0]],[5,"Middle_4x",33554432,32,[-190,-191,-192,-193],[[2,-189,[0,"c4ambisbhAGbD8/lV6xV/g"],[5,80,16]]],[1,"01teB/KHtM4oLBqNVQmi1A",null,null,null,1,0],[1,16.608,-1.864,0]],[5,"Down_One",33554432,7,[-196,-197,19],[[2,-194,[0,"6fCeKemFlKVKt8MJlQ8fmr"],[5,120,87]],[3,-195,[0,"ff9y2xZT5O96DQWiTG/FP/"],107]],[1,"f0m09ivO9BeKBu3oCQj3oV",null,null,null,1,0],[1,-300,0,0]],[5,"Down_3x",33554432,35,[-199,-200,-201,-202],[[2,-198,[0,"57pnm4XnhDDo6YIP+lv5EG"],[5,65,16]]],[1,"03Qo7qTgJN8Jrz/vAvaF8F",null,null,null,1,0],[1,12.799,16.913,0]],[5,"Down_4x",33554432,35,[-204,-205,-206,-207],[[2,-203,[0,"74VtP2PzVO6a2kR6oOZqon"],[5,80,16]]],[1,"9bdoprp1lD2pr4SLgAD34O",null,null,null,1,0],[1,18.514,-1.864,0]],[5,"Down_Two",33554432,7,[-210,-211,20],[[2,-208,[0,"e1pA+GyulMhLcKqrqvrChv"],[5,120,87]],[3,-209,[0,"5fHupFQRBL55N8s3m5DWQU"],121]],[1,"1dmU9u5fRHu5TtUdS/LqRs",null,null,null,1,0],[1,-152,0,0]],[5,"Down_3x",33554432,38,[-213,-214,-215,-216],[[2,-212,[0,"d24tlM9rRMhrgiTBvgxw28"],[5,65,16]]],[1,"671SwzI6RH0pp+GmXrLrzo",null,null,null,1,0],[1,12.799,16.913,0]],[5,"Down_4x",33554432,38,[-218,-219,-220,-221],[[2,-217,[0,"3eRfBaD4hO44Nn8TVC3Tmg"],[5,80,16]]],[1,"a1qo19URZEgovO4PguSoaS",null,null,null,1,0],[1,18.514,-1.864,0]],[5,"Down_Three",33554432,7,[-224,-225,-226],[[2,-222,[0,"6b81aylNZOJppEVQpUMsjY"],[5,120,87]],[3,-223,[0,"e7xAQJGBNNh4W80/Q7mWUR"],133]],[1,"10JK1/0IJB36xg3s13wIby",null,null,null,1,0],[1,-4,0,0]],[5,"Down_4x",33554432,41,[-228,-229,-230,-231],[[2,-227,[0,"f8T5KoTdpIFYC8KvxZY1Sc"],[5,80,16]]],[1,"06eM/NG1xJqJ9kC3O43ogK",null,null,null,1,0],[1,18.514,-1.864,0]],[5,"Down_5x",33554432,41,[-233,-234,-235,-236],[[2,-232,[0,"33FTVuTqJIMaNiw1nuWWn2"],[5,90,16]]],[1,"59aZQ76eBAWbw9EI+1B9+J",null,null,null,1,0],[1,23.906,-20,0]],[5,"Down_Four",33554432,7,[-239,-240,-241],[[2,-237,[0,"96DilkJqxOeI7KRvLFIkEy"],[5,120,87]],[3,-238,[0,"93Juu+/C9AD6+P0e6YLD4Q"],145]],[1,"97CbcgknlJ/65HpIKt9bJK",null,null,null,1,0],[1,144,0,0]],[5,"Down_4x",33554432,44,[-243,-244,-245,-246],[[2,-242,[0,"cdMSn1+BZJlYJOicSzQhOK"],[5,80,16]]],[1,"96WutI3ZFIa5KUUhI2ASrf",null,null,null,1,0],[1,18.514,-1.864,0]],[5,"Down_5x",33554432,44,[-248,-249,-250,-251],[[2,-247,[0,"55xSPIPXdHdpFEW1SsFrAX"],[5,90,16]]],[1,"f1zo63cWZObLN+HSQA4j/6",null,null,null,1,0],[1,23.906,-20,0]],[5,"Down_Five",33554432,7,[-254,-255,-256],[[2,-252,[0,"dchy/5pTlNO4o0ZrnO9WTv"],[5,120,87]],[3,-253,[0,"39epMQV1dKoYvPJxLaldgg"],157]],[1,"732Fgb5ElLGIoq26CcvM5M",null,null,null,1,0],[1,292,0,0]],[5,"Down_4x",33554432,47,[-258,-259,-260,-261],[[2,-257,[0,"31bwsJtSBDWo1gmlVSNmw4"],[5,80,16]]],[1,"4b0GorlkdO27aSyoegFL96",null,null,null,1,0],[1,18.514,-1.864,0]],[5,"Down_5x",33554432,47,[-263,-264,-265,-266],[[2,-262,[0,"647lkvrp9HF6TNP2wjbgcA"],[5,90,16]]],[1,"70lqHXyudGBo2KntqR4rsR",null,null,null,1,0],[1,23.906,-20,0]],[5,"God_Class",33554432,10,[-268,-269,-270,-271],[[7,-267,[0,"78H5QxjZhETbbva1rDU7VE"]]],[1,"b6MQgh2QFPZqnYXnuVMOJY",null,null,null,1,0],[1,0,18,0]],[5,"Toggle_Two",33554432,22,[-276,-277],[[2,-272,[0,"c2/gRYBRBOVKkyXeMLZhgz"],[5,208,80]],[17,false,-274,[0,"27BzaC+MxBP7MpMraDXe6v"],-273,173],[3,-275,[0,"c9B/MDbJdIGpokUMofFxeN"],174]],[1,"bcSikrv2BAOZWj9j6XtXuH",null,null,null,1,0],[1,-6.4839999999999804,-27.644000000000005,0]],[5,"Toggle_Three",33554432,22,[-282,-283],[[2,-278,[0,"fdoGblhh1D06S9Io1KsRsP"],[5,208,80]],[17,false,-280,[0,"667X6DCiBMMJfNsVz43tEe"],-279,177],[3,-281,[0,"98tuhFqtZBmKBjiwJD0Mf0"],178]],[1,"65RvmwdKBO6ab6vGEsU1f4",null,null,null,1,0],[1,-6.4839999999999804,-101.644,0]],[4,"Left_Bg",33554432,2,[[2,-284,[0,"f3fwonFl9ApqAwUSB1chuJ"],[5,605,649]],[3,-285,[0,"61W8hvEpBGwov+bTV4kiAr"],1],[30,false,45,187.5,187.5,66.5,66.5,959,507,-286,[0,"69xTaczE1MJKzwQJWvIYZ/"]],[15,-287,[0,"f6XsUpuoRDvbw+mUw8vrK9"]]],[1,"54DoI9Hk5CVa+chE1mzGAw",null,null,null,1,0],[1,-302,0,0]],[22,"Check_Panel",33554432,8,[-290,24],[[[2,-288,[0,"b0hqjzU4RIirDnxgeAkYjd"],[5,222,90]],-289],4,1],[1,"87ay9HnaFFl6E3Hltg+csY",null,null,null,1,0],[1,4,6,0]],[5,"props_indicator_toggle2",33554432,9,[-295],[[2,-291,[0,"c5xSxl/ClKM5O7QjczzCTh"],[5,30,28]],[3,-292,[0,"admfGEZWdDaaJuKOzmzC0Z"],7],[39,false,false,-294,[0,"45zbi4yp1DIJJbB6W/AEmM"],-293,8]],[1,"acIzWas/NDR4AatgQWKa2b",null,null,null,1,0],[1,5,-28,0]],[12,"view",33554432,24,[25],[[2,-296,[0,"15OVk3Z6JGeousdNuy0mtG"],[5,750,450]],[41,-297,[0,"fcancJkm1FxqTFmmAvBQKo"]],[42,-298,[0,"924M8eusRJiJek7COynJ/D"],[4,16777215]]],[1,"e1E+VkWOJClIfMMqBeC2zY",null,null,null,1,0]],[5,"up_box",33554432,10,[-300,3,-301],[[2,-299,[0,"bcF4Tv2MpLjqmtFe7EPH8c"],[5,720,180]]],[1,"318sICM+VMzKfCbiE/2+Ju",null,null,null,1,0],[1,0,114,0]],[5,"One_Box",33554432,57,[-304,-305],[[2,-302,[0,"ca0KTOO6tAN4UpreKTMmaa"],[5,211,145]],[3,-303,[0,"f9wdebFONKIqAANgFucbAT"],12]],[1,"92yOYzvIpJo4aq3gI6R1tJ",null,null,null,1,0],[1,-240,8,0]],[5,"Right_Box",33554432,58,[-307,-308,-309],[[2,-306,[0,"3aqM7HxNlGI7h6G4+RuiZ4"],[5,120,100]]],[1,"0ayfSPlnNLNY5hv9FeTvSQ",null,null,null,1,0],[1,40,-8,0]],[5,"Three_Box",33554432,57,[-312,-313],[[2,-310,[0,"6aYU/WRpFNd4K+aC6zdoX6"],[5,211,145]],[3,-311,[0,"68axnDv6NHDLnVo5jtk8lp"],32]],[1,"5137p38XJIt7bPc7Q2G95A",null,null,null,1,0],[1,240,8,0]],[5,"Down_3x",33554432,41,[-315,-316,-317],[[2,-314,[0,"8e5qEqzwlEBLsIZMBo+Gwz"],[5,65,16]]],[1,"26WLovQ8JGwKzlqJGtgJkD",null,null,null,1,0],[1,12.799,16.913,0]],[5,"Down_3x",33554432,44,[-319,-320,-321],[[2,-318,[0,"fa0SALAMlJworo/aRvGCbc"],[5,65,16]]],[1,"38i5qZ3oVNta6fOnS22AJp",null,null,null,1,0],[1,12.799,16.913,0]],[5,"Down_3x",33554432,47,[-323,-324,-325],[[2,-322,[0,"5fAyjSPGlOprp65T+AT+B3"],[5,65,16]]],[1,"34md1JcMVGi6Ei/ZXY1e9j",null,null,null,1,0],[1,12.799,16.913,0]],[4,"props_btn_close",33554432,2,[[2,-326,[0,"3fOyxqRYdOvZTi52FV5+8s"],[5,118,207]],[3,-327,[0,"c6DvPriyVHBJLcdd2E+u0s"],181],[43,3,0.9,-328,[0,"27ibttwvFKY4dlr/7KJumU"],182],[31,33,122,172.5,-329,[0,"4aHepMw0hNIqIHzueQnJ1l"]]],[1,"f7VquFWDlOsYiAe5rStCMC",null,null,null,1,0],[1,486,44,0]],[13,"bg",33554432,1,[[7,-330,[0,"55SvFPXcpFYqyJG2/MECUp"]],[35,0,-331,[0,"f48J6hHMZCqbvsbcxyaGCw"],[4,1677721600],0],[32,45,1334,640,-332,[0,"3df+SpdzpOsY9QE0ZDyOxR"]]],[1,"b4e7NUDRtDcbs6vmT2LFaG",null,null,null,1,0]],[5,"props_guize_sg_2",33554432,25,[-334,-335],[[2,-333,[0,"4c6x9RVLBJxJRE8ykCUphK"],[5,750,430]]],[1,"26K5B8kbBGwaXTEoWxixzH",null,null,null,1,0],[1,1125,0,0]],[14,"Check_Panel",false,33554432,51,[-338],[[[2,-336,[0,"92mEOSt5ZMjI2B/Flx5nB1"],[5,222,90]],-337],4,1],[1,"5f2UEKubZC6KhIzvIXAu84",null,null,null,1,0],[1,4,6,0]],[5,"Game_gratis",33554432,67,[-340,-341],[[2,-339,[0,"68tBeA7PhHU52L7rtIQS1K"],[5,700,480]]],[1,"2c5Vu92g9Bg5kU+eAkiVc8",null,null,null,1,0],[1,484,-13.778999999999996,0]],[14,"Check_Panel",false,33554432,52,[-344],[[[2,-342,[0,"caZwAl1bdPUYiHcZqkTLU2"],[5,222,90]],-343],4,1],[1,"47hJn4SHFFXaaq3O6WBPjk",null,null,null,1,0],[1,4,6,0]],[5,"Mangkuk_harta_karun",33554432,69,[-346,-347],[[7,-345,[0,"42meKwD09E2qG2Es3HevrL"]]],[1,"3ehbPc4BlBOYH1OWD/bT7n",null,null,null,1,0],[1,484,106,0]],[5,"Karun_Up",33554432,70,[-350],[[2,-348,[0,"a3JbqYlyBPdYrcA39qgbpP"],[5,680,200]],[16,1,0,-349,[0,"2eZUGPpEFOqLXX/giTxUP+"],175]],[1,"bdGaIBNnFF84vOboFWyjuw",null,null,null,1,0],[1,0,94,0]],[5,"Bottom_img",33554432,2,[-352,-353],[[2,-351,[0,"bb7CpWVWBFw79b0+O6O7DE"],[5,1050,240]]],[1,"17GMY0lqhIsK/blJs7iDjw",null,null,null,1,0],[1,0,-189.997,0]],[4,"Title_Label",33554432,2,[[2,-354,[0,"4foCpaO2tGfZ+fI+wk8pe9"],[5,308.01,58.4]],[44,"GAME RULES",45,45,true,true,4,-355,[0,"e5xcgAqEBNyqHEFRpu1om9"],[4,4280298398]],[47,-356,[0,"7bdokDyXhLlqe3i9eZNNgL"]]],[1,"d7EVYhTO9JpohiErFDrQgN",null,null,null,1,0],[1,0,266,0]],[4,"Right_Bg",33554432,2,[[2,-357,[0,"3cNQclIBdFx7ZrEkbI/GJM"],[5,605,649]],[3,-358,[0,"0dSA7rsFdM6rTSBcuE8jCH"],2]],[1,"944aTIn5JIxK/8c4EIbAin",null,null,null,1,0],[1,302,0,0]],[4,"Left_Knot",33554432,2,[[2,-359,[0,"07SwQETstEx5X/n7+EQvsl"],[5,47,80]],[3,-360,[0,"89gJQtcEdL0ojYhpZZNve4"],3]],[1,"2ayyc9BJpCZZXql186X7rr",null,null,null,1,0],[1,-485.516,105.644,0]],[4,"Left_ Coins",33554432,2,[[2,-361,[0,"97aDSnUzxM+bZH40x2DiD+"],[5,36,45]],[3,-362,[0,"f1lCRnR7ZDTL7vHGaGadqa"],4]],[1,"e0oRlPlt9PLKHPUwFhgYba",null,null,null,1,0],[1,-485.516,-152.356,0]],[5,"Aturan_dasar",33554432,54,[9],[[2,-363,[0,"a7l1QpQI1BwpjNFk2tnWh9"],[5,1334,640]]],[1,"03ezSyn+xApZeiGnzTk3dS",null,null,null,1,0],[1,484,-44,0]],[23,"CheckMark",33554432,23,[[[2,-364,[0,"a8Sb25HHBPtJaS4W/tDLxe"],[5,31,28]],-365],4,1],[1,"09LzQNm0ZPr4t0m663nLcH",null,null,null,1,0]],[24,"CheckMark",false,33554432,55,[[[2,-366,[0,"68T1SPhZxOXaime7j5rNf6"],[5,31,28]],-367],4,1],[1,"1e717UVM1KL7EK6DqT7ZkQ",null,null,null,1,0]],[4,"One_Label",33554432,59,[[2,-368,[0,"d2u4509jlNUrZitMW7WblD"],[5,79.38,45.64]],[11,"Can replace \nall icons,\nexcept",0,14,14,14,-369,[0,"85gy5GsVlPWLWuKTCRkbdX"],[4,4283538400]]],[1,"3fTUXqfeVAGL7xLBG8NRw6",null,null,null,1,0],[1,-2,28,0]],[4,"One_Wealth",33554432,59,[[2,-370,[0,"ea02+cOvFGOq13is7QuHjq"],[5,46,38]],[3,-371,[0,"81o0Xl1L5G07j5KhuyB6Tb"],9]],[1,"c6dKSKOxJC8ru5L1Uge+hk",null,null,null,1,0],[1,-24,-26,0]],[4,"One_Tripod",33554432,59,[[2,-372,[0,"4f+/5ZABNGA4xKmdZDUImm"],[5,43,40]],[3,-373,[0,"e3slCNA3pP3LLSbmu9wJKj"],10]],[1,"a5bx/1/OlFyaGSnRKe6F82",null,null,null,1,0],[1,23,-24,0]],[5,"Left_Box",33554432,58,[-375],[[2,-374,[0,"acFCZvRWZEWKugBu/WFTI4"],[5,70,80]]],[1,"e4jOL5ZFRAP7Vk5aSZI2jw",null,null,null,1,0],[1,-64.606,-4.883,0]],[4,"Left_Wild",33554432,83,[[2,-376,[0,"5a3fwcI4xJlLfu8ciF/bxS"],[5,73,76]],[3,-377,[0,"b5vCfCXnlEv5FwhDNbyiQP"],11]],[1,"aegvp3xbRINYO7FEeD0i7d",null,null,null,1,0],[1,-2,0,0]],[4,"Two_Wealth",33554432,3,[[2,-378,[0,"92ROYolM1JCp5BN40QOx72"],[5,81,68]],[3,-379,[0,"e51XqHG8FFgZyII655b9Mq"],13]],[1,"3bMW70PR1PkqtXz8yTa/sZ",null,null,null,1,0],[1,-72,28,0]],[4,"One_Label",33554432,3,[[2,-380,[0,"5bNJL3BRVNNLF1fewGZOK6"],[5,77.05,45.64]],[11,"Appear 3 or \nmore to get \na free game",0,14,14,14,-381,[0,"25CB1ivv5GpJ/yuLopk4RD"],[4,4283538400]]],[1,"4aOzok+LZP64JEMTuMjoPU",null,null,null,1,0],[1,38,20,0]],[4,"Middle_3",33554432,11,[[2,-382,[0,"b7A681i71Bx4//ALjNvlV/"],[5,10,14]],[3,-383,[0,"dcUjiEhYpNa7r7DeVtshNG"],14]],[1,"15XEBL65VD445KS5PDQQNO",null,null,null,1,0],[1,-26,0,0]],[4,"Middle_X",33554432,11,[[2,-384,[0,"f9kHKfkuVI4LlOCeBjfqWa"],[5,12,12]],[3,-385,[0,"d5xhmWIddO/7nFTG92Erxe"],15]],[1,"58Cw0aKfhDe5re8xyd/LFC",null,null,null,1,0],[1,-14,0,0]],[4,"Middle_2",33554432,11,[[2,-386,[0,"caQr8QNmtH2IPdaw780ORF"],[5,10,14]],[3,-387,[0,"f8Gcn5rKNDE5pIAXTT4yhv"],16]],[1,"74vb0YA29G9qCdUEpypzw1",null,null,null,1,0],[1,15,0,0]],[4,"Middle_0",33554432,11,[[2,-388,[0,"26npZ6d9BG2b0DRfQYT3Tn"],[5,10,14]],[3,-389,[0,"ac4okeWaFC+YUgDkwU9PPg"],17]],[1,"eemQ34wjpJord4sYkz+ri6",null,null,null,1,0],[1,38,0,0]],[4,"Middle_6",33554432,11,[[2,-390,[0,"94hnMec0NEyL0B/BnFcdXv"],[5,11,14]],[3,-391,[0,"47AvA42QhNqa+D5G6l2xlS"],18]],[1,"7aElEi6ERGIKfnoEvLQZww",null,null,null,1,0],[1,26,0,0]],[4,"Middle_4",33554432,12,[[2,-392,[0,"83vZWhZoxOdqbD69QNQI5f"],[5,10,14]],[3,-393,[0,"0e/Om/HC1MLoLBS0OG0kMJ"],19]],[1,"6a4mBq459E66O3Ya5iClhh",null,null,null,1,0],[1,-32,0,0]],[4,"Middle_X",33554432,12,[[2,-394,[0,"0fVKrEtwBG/YF1tt5Cyo3/"],[5,12,12]],[3,-395,[0,"c4oO1IaRFJdL80T78XudWL"],20]],[1,"32fyqNpfBO8qmKBxB89Mp2",null,null,null,1,0],[1,-20,0,0]],[4,"Middle_5",33554432,12,[[2,-396,[0,"0dc4nT4ohKfKu3D5qoLDEb"],[5,11,14]],[3,-397,[0,"94SundsTJM6K6d9SZ9Yjv4"],21]],[1,"04rs6oeQtFXpLSRVL5vNLw",null,null,null,1,0],[1,9,0,0]],[4,"Middle_0",33554432,12,[[2,-398,[0,"78N5fe1b1Dk5TWdmfXGxgg"],[5,10,14]],[3,-399,[0,"48JbY0JtNNVYjSIgYk0gOg"],22]],[1,"4cfs+4mLdEvq450BIpGWdu",null,null,null,1,0],[1,20,0,0]],[4,"Middle_0_0",33554432,12,[[2,-400,[0,"14ovbJShJAl5R7NO6QxVvX"],[5,10,14]],[3,-401,[0,"11uyISnyBIoYR0v88/YLxD"],23]],[1,"d8lAKM37RM9Yrd4D02G1Pd",null,null,null,1,0],[1,32,0,0]],[4,"Middle_5",33554432,4,[[2,-402,[0,"70fJ+GsShKPJq6SZDAQXbC"],[5,11,14]],[3,-403,[0,"4fdFpjQw9ILaFYcycH5ib6"],24]],[1,"36OhOFqZtNWo/9xZVg8Iuo",null,null,null,1,0],[1,-36,0,0]],[4,"Middle_X",33554432,4,[[2,-404,[0,"2dimfUb/NPRYbvDe8HBw70"],[5,12,12]],[3,-405,[0,"9dWIg0JD9BNaQbkfBRNtqM"],25]],[1,"8cjgA79NFNAIkAefU1Ui/d",null,null,null,1,0],[1,-25,0,0]],[4,"Middle_2",33554432,4,[[2,-406,[0,"08mRpNLw9F+KoUaxYvwU9X"],[5,10,14]],[3,-407,[0,"6c4QN/c2pKYZeW8NKZOwS7"],26]],[1,"90JxnhjFZI2pCEtY9EDiuD",null,null,null,1,0],[1,3,0,0]],[4,"Middle_5",33554432,4,[[2,-408,[0,"58oucZ1U5NVZw1a4IDKdgE"],[5,11,14]],[3,-409,[0,"039bx/4BBDRKqQCpf/VeYt"],27]],[1,"8eAmQI22FK/KcgZXZHkB/1",null,null,null,1,0],[1,15,0,0]],[4,"Middle_0_0_0",33554432,4,[[2,-410,[0,"6cZaBcYW1FcaJhrOF+joJV"],[5,10,14]],[3,-411,[0,"47SYoEc+tHX6A9D/va/+WK"],28]],[1,"abfYn15+5Kxb6nPl6knR3Q",null,null,null,1,0],[1,26,0,0]],[4,"Middle_0_0_0_0",33554432,4,[[2,-412,[0,"e3CmgKRFxMl7F+tGrjJxPy"],[5,10,14]],[3,-413,[0,"bfSdkNCuhG76jpcCANr/q7"],29]],[1,"65ST5UQhhKlbdYPyI6pV79",null,null,null,1,0],[1,40,0,0]],[4,"Three_Tripod",33554432,60,[[2,-414,[0,"c28PgmR5FL34mfEbYB7hSG"],[5,66,63]],[3,-415,[0,"78N0K3+VpLl5C44KXea8xb"],31]],[1,"26q6gYBatD/5Zz/4Q4Zh6r",null,null,null,1,0],[1,-66,-4,0]],[4,"One_Label",33554432,60,[[2,-416,[0,"96MrjCDMZHv6hrId4Y/kSM"],[5,94.92,87.64]],[11,"Appear 6 or \nmore will enter \na special game\nThe higher the \nbet, the higher \nthe bonus",0,14,14,14,-417,[0,"f2H5ek/MtBN47ohVYqUze8"],[4,4283538400]]],[1,"15r7tdNORBD6PKmvT9m0QI",null,null,null,1,0],[1,34,0,0]],[4,"Middle_3",33554432,27,[[2,-418,[0,"82coGwRGRPI6Nd7H0cPax2"],[5,10,14]],[3,-419,[0,"6eYH7VEeVGsKXU8RhADtK4"],33]],[1,"3b3Kol14pA0au00M/oYKPB",null,null,null,1,0],[1,-26,0,0]],[4,"Middle_X",33554432,27,[[2,-420,[0,"b1bnBUGu1GM4VUUhdhZM9y"],[5,12,12]],[3,-421,[0,"1215A7HfND06Kbswz9RAVT"],34]],[1,"12eN5F0RVIk4sIpew7hC2b",null,null,null,1,0],[1,-14,0,0]],[4,"Middle_5",33554432,27,[[2,-422,[0,"8eKaXEXwdNuLPpmiZhDn1K"],[5,11,14]],[3,-423,[0,"fc8DRYj0xMRJvI4gyv9GbU"],35]],[1,"eflr44DDFLX6gWA6ULp+h0",null,null,null,1,0],[1,14,0,0]],[4,"Middle_0",33554432,27,[[2,-424,[0,"aarnULJ85CuqMumLc4dwkM"],[5,10,14]],[3,-425,[0,"79F7B4y8hMuJA/IeP/KAtQ"],36]],[1,"5fAuRkWtxN67qi1+INwuws",null,null,null,1,0],[1,26,0,0]],[4,"Middle_4",33554432,14,[[2,-426,[0,"58i7CmZHlIULjJdsnUxlwO"],[5,10,14]],[3,-427,[0,"556iUC5PZIFYeY0ZpYK8xE"],37]],[1,"61VZwc3DBCv5eJ4kdgcyHp",null,null,null,1,0],[1,-32,0,0]],[4,"Middle_X",33554432,14,[[2,-428,[0,"24BXI7UydAZaOERA1/PvrW"],[5,12,12]],[3,-429,[0,"dbnX9ZQzlE4pKhD/CfNBqu"],38]],[1,"713nVW/ZNASaGWJz5jK8ju",null,null,null,1,0],[1,-20,0,0]],[4,"Middle_5",33554432,14,[[2,-430,[0,"desGygfx5Dt7t+ZWAn+j6A"],[5,11,14]],[3,-431,[0,"d29QK59I5I4rRg0riS5eFG"],39]],[1,"78TRUPON5I0pDXVnWmMRlq",null,null,null,1,0],[1,9,0,0]],[4,"Middle_0",33554432,14,[[2,-432,[0,"a8qIlbnvJMi5a9Xjh0ywdB"],[5,10,14]],[3,-433,[0,"ef54zgEp9Av4DiATVnhmaL"],40]],[1,"7fZpojYMxPYLvvKuYjDUhW",null,null,null,1,0],[1,20,0,0]],[4,"Middle_0_0",33554432,14,[[2,-434,[0,"a8+jqUptVDRbQvWwmZhQUj"],[5,10,14]],[3,-435,[0,"0dHt9KfupDy6Zh5lH0uznf"],41]],[1,"62GrSSfwdPyYwmlPsDiPdm",null,null,null,1,0],[1,32,0,0]],[4,"Middle_5",33554432,5,[[2,-436,[0,"5drGVMRPZH7rFjQBCPVOHp"],[5,11,14]],[3,-437,[0,"c6ga7ko6VIHpw8DoKQR4H/"],42]],[1,"1apANn2S9AWLRjupydetAR",null,null,null,1,0],[1,-36,0,0]],[4,"Middle_X",33554432,5,[[2,-438,[0,"5fWcKeoPlJ9KV8TVvWOIRQ"],[5,12,12]],[3,-439,[0,"e9vaxQl+ROW7hgGFwLhpON"],43]],[1,"36wBnTDRxLIrUbAzlmdXKz",null,null,null,1,0],[1,-25,0,0]],[4,"Middle_2",33554432,5,[[2,-440,[0,"f49sPdWXBKDJmpOi5bv0y/"],[5,10,14]],[3,-441,[0,"885lZyKCBI34wN59oQXaeD"],44]],[1,"41belyjo9IPa07plOk7rR2",null,null,null,1,0],[1,4,0,0]],[4,"Middle_5",33554432,5,[[2,-442,[0,"fchWbsVlVHWZ4lGHBksKW4"],[5,11,14]],[3,-443,[0,"6bprdA49tIApftIgydkn0A"],45]],[1,"6boNxipX9ILq2q3mQDyhKq",null,null,null,1,0],[1,16,0,0]],[4,"Middle_0_0_0",33554432,5,[[2,-444,[0,"77moBE4ClBnqxQ6zn0xQIk"],[5,10,14]],[3,-445,[0,"4ckhXi69FNULJIpIOnlNZ3"],46]],[1,"14POg74RpCR6Gmx7fqo7Af",null,null,null,1,0],[1,26,0,0]],[4,"Middle_0_0_0_0",33554432,5,[[2,-446,[0,"75y3L6cR9B7rlFKMc03le1"],[5,10,14]],[3,-447,[0,"0fYDySxfVMo61EBrwxY51N"],47]],[1,"befoiC6zFGZrgw4/Z6vtdf",null,null,null,1,0],[1,40,0,0]],[4,"Middle_3",33554432,29,[[2,-448,[0,"89yK4+u21LlrEonjpzx9N9"],[5,10,14]],[3,-449,[0,"607EtHfmNN5JgvJmn4OnGg"],49]],[1,"88eVadK3xMy5uOVoqGY2pK",null,null,null,1,0],[1,-26,0,0]],[4,"Middle_X",33554432,29,[[2,-450,[0,"aao7ZTKcJL86d8l9a583dQ"],[5,12,12]],[3,-451,[0,"0f/0/2i/1HfbE8bwU9re5u"],50]],[1,"5asUL0oyxE9qF81lDKvke6",null,null,null,1,0],[1,-14,0,0]],[4,"Middle_2",33554432,29,[[2,-452,[0,"b1V61rdoVFFJEs48AntrAI"],[5,10,14]],[3,-453,[0,"98FJsC9F9Pw7D3p6yb+zLh"],51]],[1,"602GBlholCOIu4oQjTE5oN",null,null,null,1,0],[1,14,0,0]],[4,"Middle_5",33554432,29,[[2,-454,[0,"f4GW9UaWBDH4gizp6Ia3as"],[5,11,14]],[3,-455,[0,"acER3dybhHcrkSP3YTHE5T"],52]],[1,"8fVnNSCHZBI4FTEyNm2Kle",null,null,null,1,0],[1,26,0,0]],[4,"Middle_4",33554432,15,[[2,-456,[0,"3cnrq4x9dLDqan63CvgNEK"],[5,10,14]],[3,-457,[0,"10HKTVM49EHpFT2kgASmqL"],53]],[1,"3bd1zDD8tF1az+Qv+PctNk",null,null,null,1,0],[1,-32,0,0]],[4,"Middle_X",33554432,15,[[2,-458,[0,"b5VsIu+itFmpj95+w6ACSo"],[5,12,12]],[3,-459,[0,"9aouN4bMBHbpPvNBmSTxP/"],54]],[1,"7235JjAHRI8a8wpGux2Acz",null,null,null,1,0],[1,-20,0,0]],[4,"Middle_5",33554432,15,[[2,-460,[0,"29UB1rg/RLOKAAYzKx7G2W"],[5,10,14]],[3,-461,[0,"82Wka/B+dL9ZG31lju4AAA"],55]],[1,"6dRJ9ITM9NnpSB94edKRWm",null,null,null,1,0],[1,9,0,0]],[4,"Middle_0",33554432,15,[[2,-462,[0,"e3atyJw/RE9rzJcd1tOsGz"],[5,10,14]],[3,-463,[0,"e8ZfgyeddDSpUOo2De8Sb7"],56]],[1,"89EDXUZeND/bbNKjqg0x/b",null,null,null,1,0],[1,20,0,0]],[4,"Middle_0_0",33554432,15,[[2,-464,[0,"61V+kH8g9Jy6+EasXppFBN"],[5,10,14]],[3,-465,[0,"c9L6R+brZIzKmcNlgoPT2s"],57]],[1,"fflz21iHlBcZ6tFGrIauiU",null,null,null,1,0],[1,32,0,0]],[4,"Middle_5",33554432,6,[[2,-466,[0,"a9sjbnilBHSrweVuB+AtgK"],[5,11,14]],[3,-467,[0,"2aebYQ3OBKjoqFLrGudpMc"],58]],[1,"7crVooJRZIBIPAbQ4cqkkk",null,null,null,1,0],[1,-36,0,0]],[4,"Middle_X",33554432,6,[[2,-468,[0,"9eJmHrkUpGqr/5c1qR2ru+"],[5,12,12]],[3,-469,[0,"f2bUpya8pJmorlzAuv6Pmw"],59]],[1,"fetYOBMFxLq7TfRBMakPW4",null,null,null,1,0],[1,-25,0,0]],[4,"Middle_2",33554432,6,[[2,-470,[0,"4027pW2iZIz5fNsEU5xVKw"],[5,9,14]],[3,-471,[0,"65nE6xontAVq+EQrmMv8vb"],60]],[1,"4b4lQ0QpxGlaVanriHtdlp",null,null,null,1,0],[1,4,0,0]],[4,"Middle_5",33554432,6,[[2,-472,[0,"5791ERrSNMq6m+idW4iQwG"],[5,10,14]],[3,-473,[0,"16X3abd9dIYJFn0wYjotPF"],61]],[1,"beFMnmsDJJx4RGhDrfmoVO",null,null,null,1,0],[1,16,0,0]],[4,"Middle_0_0_0",33554432,6,[[2,-474,[0,"3c7oQUbixFn5PD0Tisne0M"],[5,10,14]],[3,-475,[0,"49ZP/WBchBC7IZnqlrecyy"],62]],[1,"f1uFBaSkJFuaNPq3lU1gev",null,null,null,1,0],[1,26,0,0]],[4,"Middle_0_0_0_0",33554432,6,[[2,-476,[0,"7fsDVNykJAgLjO1zv6tFa4"],[5,10,14]],[3,-477,[0,"65JcvjJ+tAS7B629RM2dsN"],63]],[1,"41MsTbZPZPNZ0UBfQslDQn",null,null,null,1,0],[1,40,0,0]],[4,"Middle_3",33554432,31,[[2,-478,[0,"50KKNhoxxKuaVmBqGADKOw"],[5,10,14]],[3,-479,[0,"88N3f3vTxJbprNEoZ/r/yj"],65]],[1,"00FWsxPpdMQY+2SIVwTVp5",null,null,null,1,0],[1,-26,0,0]],[4,"Middle_X",33554432,31,[[2,-480,[0,"344+1NXQdMA6TKjiMrC1a7"],[5,12,12]],[3,-481,[0,"1f8diDGqVFqopnBY+0zpi1"],66]],[1,"9f59diZwdB+J/N7+kn55iY",null,null,null,1,0],[1,-14,0,0]],[4,"Middle_5",33554432,31,[[2,-482,[0,"12sWxGD+FDbJzThk7mzKHR"],[5,10,14]],[3,-483,[0,"cb8CozCu9JpLLgM2FNc0tx"],67]],[1,"788xNfvLVBo6J3MoKSxBut",null,null,null,1,0],[1,14,0,0]],[4,"Middle_0",33554432,31,[[2,-484,[0,"eaKky4KvdFFrtHLsQtF/K8"],[5,10,14]],[3,-485,[0,"f2a0cC13VBspXmoRQZIavJ"],68]],[1,"0a2jLZb7hMFJ4p2ETK3XzJ",null,null,null,1,0],[1,26,0,0]],[4,"Middle_4",33554432,16,[[2,-486,[0,"3ew+fsD6lLn5f7Wqhr79c2"],[5,10,14]],[3,-487,[0,"bbtlSP8q1OSIUnKJ6CQoYA"],69]],[1,"84UtZgp0NFQ4ua/QOqnmtp",null,null,null,1,0],[1,-32,0,0]],[4,"Middle_X",33554432,16,[[2,-488,[0,"3dsbaKqz9G3aRUWSr/WV61"],[5,12,12]],[3,-489,[0,"52uAn7p+dIyox8E6ZRZEb7"],70]],[1,"a2kZW+MVFHVJpcoR2b0WHN",null,null,null,1,0],[1,-20,0,0]],[4,"Middle_5",33554432,16,[[2,-490,[0,"01aQbAfOJPPqhFvMMC6/tY"],[5,9,14]],[3,-491,[0,"27PxKLLr5ClJX+uiRUH37z"],71]],[1,"9dumiAJMhLBavacxPfP0H2",null,null,null,1,0],[1,9,0,0]],[4,"Middle_0",33554432,16,[[2,-492,[0,"14lzppY6dB9YpfY4uGdHoZ"],[5,10,14]],[3,-493,[0,"acIdwSnkdPR4N3+JPA9PnH"],72]],[1,"daA7ZMsQVDcL63CyjTDyuk",null,null,null,1,0],[1,20,0,0]],[4,"Middle_0_0",33554432,16,[[2,-494,[0,"86HgAaCi5GRrxqG5KTGya8"],[5,10,14]],[3,-495,[0,"680gs3Z3pN+rm8Rb8HQuCT"],73]],[1,"2eqHORvwhG7LXMxwh7TtEL",null,null,null,1,0],[1,32,0,0]],[4,"Middle_5",33554432,17,[[2,-496,[0,"72KsJ6IjJHV6kgc8kjCq/i"],[5,11,14]],[3,-497,[0,"eap5ipdzZD2pU66FatSY1G"],74]],[1,"cfYqrO93xPA70PVdthH3r2",null,null,null,1,0],[1,-36,0,0]],[4,"Middle_X",33554432,17,[[2,-498,[0,"aeUi3G7I1NVb5KcubofACk"],[5,12,12]],[3,-499,[0,"35SKpsyy5Hl6sTVXpIJWMW"],75]],[1,"8epI1CjbVG8qgWcMMsNoYg",null,null,null,1,0],[1,-25,0,0]],[4,"Middle_2",33554432,17,[[2,-500,[0,"3du6kD2LRLDplK28PhcyhE"],[5,11,14]],[3,-501,[0,"daorPdefFKcKGcU5yYjqxC"],76]],[1,"c2Ya3AiQhKSbQlpG570LZd",null,null,null,1,0],[1,4,0,0]],[4,"Middle_5",33554432,17,[[2,-502,[0,"ediE8da35B94YzLqIJg/rm"],[5,10,14]],[3,-503,[0,"d9aj+3u6lCcYZlVPKpOV2d"],77]],[1,"cdsQMo8tNFqL+HfIW3QJMH",null,null,null,1,0],[1,16,0,0]],[4,"Middle_0_0_0",33554432,17,[[2,-504,[0,"73RwyxoUBD77DaLNCxbaxS"],[5,10,14]],[3,-505,[0,"27Ks1kw8ZH74oLjDvNK7dF"],78]],[1,"e1o7aBLxBARJKV5gr6/azs",null,null,null,1,0],[1,26,0,0]],[4,"Middle_3",33554432,33,[[2,-506,[0,"7d026a0wtJcrBo2CuGdSc8"],[5,10,14]],[3,-507,[0,"6c9eJFY+5K9IPst3nrTAl/"],80]],[1,"2fFMRq/VFEubGSVN8Lp/1w",null,null,null,1,0],[1,-26,0,0]],[4,"Middle_X",33554432,33,[[2,-508,[0,"17WpQ53KxJ+oKqP8JekWNi"],[5,12,12]],[3,-509,[0,"edCxeK91hFHqrGP5NN9fV5"],81]],[1,"8eXtq3NfhEqInIDeXbcCBB",null,null,null,1,0],[1,-14,0,0]],[4,"Middle_5",33554432,33,[[2,-510,[0,"cd5/SFycNBBYG6FgbXE1qD"],[5,9,14]],[3,-511,[0,"4acUdCA7tPeYcwnuDHPTuw"],82]],[1,"27Dxxyf9JITJ3jgw6xclwX",null,null,null,1,0],[1,14,0,0]],[4,"Middle_0",33554432,33,[[2,-512,[0,"7btN4e91NGyrWH3dzQucej"],[5,10,14]],[3,-513,[0,"9aO0kJvWxO8ZAMVN8QezK8"],83]],[1,"f0h29f5ulMkJ2aIYrkawBS",null,null,null,1,0],[1,26,0,0]],[4,"Middle_4",33554432,34,[[2,-514,[0,"24Qhsi9SREuI6bGdD/ghEc"],[5,10,14]],[3,-515,[0,"27PQUDBOBPa7FTfw4+FiLX"],84]],[1,"3c77OSG0ZP0YWjWGdHr9in",null,null,null,1,0],[1,-32,0,0]],[4,"Middle_X",33554432,34,[[2,-516,[0,"91Pk7OJ4xKf5JR2Ye09o0o"],[5,12,12]],[3,-517,[0,"1cy/J9UFRC66TQLoOradgr"],85]],[1,"95kY1pmLdKL48PXtZ/xy2P",null,null,null,1,0],[1,-20,0,0]],[4,"Middle_5",33554432,34,[[2,-518,[0,"eewuGijPBHYYZEFANl5kDA"],[5,11,14]],[3,-519,[0,"2fMN/jmGVIja5zgAXp/RCe"],86]],[1,"6cYOJrT/FL3b1GI3IRtREw",null,null,null,1,0],[1,9,0,0]],[4,"Middle_0",33554432,34,[[2,-520,[0,"33sqarcN1LjKsdLKtASn0b"],[5,10,14]],[3,-521,[0,"e2qA9nF0JB075ONaA6mpyy"],87]],[1,"cdfypsbdZEZIHQVtEWxwL5",null,null,null,1,0],[1,20,0,0]],[4,"Middle_5",33554432,18,[[2,-522,[0,"37r2XUmANPEZJsf+6+LOPW"],[5,11,14]],[3,-523,[0,"30mc3EYapOnYp94v48H3Bp"],88]],[1,"6esvGdHohJtaR1VwU9gyaL",null,null,null,1,0],[1,-36,0,0]],[4,"Middle_X",33554432,18,[[2,-524,[0,"a1IPoad+BPQpC8khR0K8vh"],[5,12,12]],[3,-525,[0,"be7PaORqNK7aP1E/aA78vs"],89]],[1,"15xdpHYXhCCJtgs8y1msu6",null,null,null,1,0],[1,-25,0,0]],[4,"Middle_2",33554432,18,[[2,-526,[0,"8bk20JGC1ElanpjDbsHKGn"],[5,10,14]],[3,-527,[0,"6610rJ0xdGzpylMam+FjmG"],90]],[1,"20ic6U0U5InI1LjNJcxOGg",null,null,null,1,0],[1,4,0,0]],[4,"Middle_5",33554432,18,[[2,-528,[0,"26x2VSBpBIpKMgPV1Oon+N"],[5,10,14]],[3,-529,[0,"48vJYHH7RBxomGDd4D5Nrp"],91]],[1,"b3+4qRD8dCOICoiO7boY7d",null,null,null,1,0],[1,16,0,0]],[4,"Middle_0_0_0",33554432,18,[[2,-530,[0,"85diap1d9GjaPDLepNhmeP"],[5,10,14]],[3,-531,[0,"bc07UuFB5LuY1lZo/K8B48"],92]],[1,"8at+u0lwxG5Irb8oGzG4UZ",null,null,null,1,0],[1,26,0,0]],[4,"Down_3",33554432,36,[[2,-532,[0,"c4Fg/Hy5pB/bqg6jVFM7qR"],[5,10,14]],[3,-533,[0,"1fdu/hE21DYJASu/EwsxYf"],94]],[1,"82VJvkBSdA3a4nNUZpS3sK",null,null,null,1,0],[1,-26,0,0]],[4,"Down_X",33554432,36,[[2,-534,[0,"45Ot1XmchCfb5O1cQ0tJhu"],[5,12,12]],[3,-535,[0,"7ebBRNci5DHI65MWVVl9fn"],95]],[1,"d7W1XeDyROO7tyVjsxElpB",null,null,null,1,0],[1,-14,0,0]],[4,"Down_1",33554432,36,[[2,-536,[0,"133TpC+e9BSo+sCDuvXQHR"],[5,9,14]],[3,-537,[0,"1a9H0ajTBNfKohagsEInqU"],96]],[1,"923v6hpfBMQaSkmqaKY9H0",null,null,null,1,0],[1,14,0,0]],[4,"Down_0",33554432,36,[[2,-538,[0,"3ckcui/TdIv7Iypw7PfXoE"],[5,10,14]],[3,-539,[0,"cagHOKTfJHsY6y6e4J9hCp"],97]],[1,"23o8+ET79LVYpBY1FdL+dX",null,null,null,1,0],[1,26,0,0]],[4,"Down_4",33554432,37,[[2,-540,[0,"bamboGJE5N66MdTqFHHjvA"],[5,10,14]],[3,-541,[0,"edXcRAAT5O9ZVDDkubpzJz"],98]],[1,"543/60WqZOW5Dmqu9ZKsV7",null,null,null,1,0],[1,-32,0,0]],[4,"Down_X",33554432,37,[[2,-542,[0,"54+OIHo+BHxKvwTsn6y20J"],[5,12,12]],[3,-543,[0,"50QRaqY+VAgaZhS09mIczb"],99]],[1,"83/0pwe1tIrY4YiHQToLQK",null,null,null,1,0],[1,-20,0,0]],[4,"Down_2",33554432,37,[[2,-544,[0,"24KwVDL5RIua9PJmW3d4Rx"],[5,10,14]],[3,-545,[0,"fajmch4AxNPLlBmWqGXg5b"],100]],[1,"0aRjKIhLZJap347/Ujxy42",null,null,null,1,0],[1,9,0,0]],[4,"Down_5",33554432,37,[[2,-546,[0,"f5wOUZoxFNHYg1YhwFFHmN"],[5,11,14]],[3,-547,[0,"6bIUtwwX5BM7Hz9wDabOmE"],101]],[1,"f91tO5c9FNB6iDNpbAn9bi",null,null,null,1,0],[1,20,0,0]],[4,"Down_5",33554432,19,[[2,-548,[0,"6bDyFjRzlJuocoizh/RdBY"],[5,11,14]],[3,-549,[0,"53RBynwRBMsYEl/ZkNWih/"],102]],[1,"f6X0/I10tD2KwSCyqQE/9R",null,null,null,1,0],[1,-36,0,0]],[4,"Down_X",33554432,19,[[2,-550,[0,"f4fNcZ0KxI8LekMevOYBCB"],[5,12,12]],[3,-551,[0,"c0/IVqlqVBy46ynL77F2hq"],103]],[1,"17KP0QAz9CFqRZjtM4FWax",null,null,null,1,0],[1,-25,0,0]],[4,"Down_1",33554432,19,[[2,-552,[0,"d2JoRtFZRPD7pR5UVn8k/7"],[5,9,14]],[3,-553,[0,"9fgA3hoQ5DQJMzBnPqFiK8"],104]],[1,"7aOiAQNQJCZo3NI1qHi3m/",null,null,null,1,0],[1,4,0,0]],[4,"Down_5",33554432,19,[[2,-554,[0,"9d/Ah3rHxEKLfXerifTeBn"],[5,11,14]],[3,-555,[0,"22eDoIvIxEhZ9NSF2KEZR1"],105]],[1,"d2ryz44TNHTo+VilClT1AS",null,null,null,1,0],[1,16,0,0]],[4,"Down_0_0_0",33554432,19,[[2,-556,[0,"f9LMqHAypJ9Y3xwxYe4B4O"],[5,10,14]],[3,-557,[0,"06p5eZCvBES7eIaIBrXuGr"],106]],[1,"57No0/gXZHabfnKM81DIoQ",null,null,null,1,0],[1,26,0,0]],[4,"Down_3",33554432,39,[[2,-558,[0,"2fxTd0uv1A/qXy3uhj7LRR"],[5,10,14]],[3,-559,[0,"4aZrwMEwNHaaPus92V1HxQ"],108]],[1,"effIR3EDRHcpfsj9+7r9fX",null,null,null,1,0],[1,-26,0,0]],[4,"Down_X",33554432,39,[[2,-560,[0,"0fv/WNpbtJfrUbyqlx1Lmy"],[5,12,12]],[3,-561,[0,"21BhuCGdBFhb7ZqucYxAgq"],109]],[1,"9bAEM+6m9LfKs7MusHuvNT",null,null,null,1,0],[1,-14,0,0]],[4,"Down_1",33554432,39,[[2,-562,[0,"fd6jHuca1CloqBvMnhKBV+"],[5,9,14]],[3,-563,[0,"51zGDzSChPtLEhRI9FD4jn"],110]],[1,"bfvobw+b5H9qhF+jd2ruot",null,null,null,1,0],[1,14,0,0]],[4,"Down_0",33554432,39,[[2,-564,[0,"391Eqs0WFMbKaAEA+4PHe0"],[5,10,14]],[3,-565,[0,"f28XU/hTJJlpyajd3hH3Vn"],111]],[1,"0au7yVwURDRa9ARlp+ubsd",null,null,null,1,0],[1,26,0,0]],[4,"Down_4",33554432,40,[[2,-566,[0,"c5yRkSt79Oea7Tx5RwrbyG"],[5,10,14]],[3,-567,[0,"cdf3OhQCBPjJVnQ5Qz9jKg"],112]],[1,"b6B2OtcJ5AZrAEdJSutcPZ",null,null,null,1,0],[1,-32,0,0]],[4,"Down_X",33554432,40,[[2,-568,[0,"28y5t0gD5PiKNKiEnbtBDI"],[5,12,12]],[3,-569,[0,"450mEry6xBvqNNcgJboMGz"],113]],[1,"63cedVKUhEOarlSRTbpR03",null,null,null,1,0],[1,-20,0,0]],[4,"Down_2",33554432,40,[[2,-570,[0,"23xVSJ5v9A7Ir/fiV8QiVL"],[5,10,14]],[3,-571,[0,"e5wYXB0ZxN/rrmSQxIXBAE"],114]],[1,"be0O/Glj9Mr69fM93Rtdis",null,null,null,1,0],[1,9,0,0]],[4,"Down_0",33554432,40,[[2,-572,[0,"a7xXCvS8RFNZkrNsaaILw8"],[5,10,14]],[3,-573,[0,"eb/iC35c1O67mRL+5w2jjm"],115]],[1,"81uHwh/rlAcoLYsB6Uc+Kz",null,null,null,1,0],[1,20,0,0]],[4,"Down_5",33554432,20,[[2,-574,[0,"e2LvbHokRNV70Bp8QRqVv8"],[5,11,14]],[3,-575,[0,"05ljoCZrlFyacRFQ0tsGAu"],116]],[1,"bfFdNQEC5FmKEfGe5zeN7W",null,null,null,1,0],[1,-36,0,0]],[4,"Down_X",33554432,20,[[2,-576,[0,"339HwDLgFNt6w0P4Ubq882"],[5,12,12]],[3,-577,[0,"02fZmYquNKxZVYuUM8AcLS"],117]],[1,"dbqlxc+ZJDx46vjvqklKBF",null,null,null,1,0],[1,-25,0,0]],[4,"Down_1",33554432,20,[[2,-578,[0,"94vntCXiREFLKu8DBcB2pO"],[5,9,14]],[3,-579,[0,"82wSlHHulCbqnBxX2PrfFj"],118]],[1,"96bemcXppLN4P1Vz5fJMHe",null,null,null,1,0],[1,4,0,0]],[4,"Down_0",33554432,20,[[2,-580,[0,"ef8CnbJuBGUqXu3fY4n1L/"],[5,10,14]],[3,-581,[0,"5eoS00Hs5N246q4P/uaadq"],119]],[1,"4fH10V9+5MZaRSzAPvA3UU",null,null,null,1,0],[1,16,0,0]],[4,"Down_0_0_0",33554432,20,[[2,-582,[0,"3aNa9hfhpCcKKy3BzBtfQd"],[5,10,14]],[3,-583,[0,"d9krE5Nh5PyLwwJ8sjzTMD"],120]],[1,"2bOa4pIBVA9YcgOxdRUR7T",null,null,null,1,0],[1,26,0,0]],[4,"Down_3",33554432,61,[[2,-584,[0,"afddAbRwxAZK5p4o+63XKs"],[5,10,14]],[3,-585,[0,"0asrsX+UFOzKcaK+t7kGIl"],122]],[1,"7bIiEIRqpOq7FALmjsEb6X",null,null,null,1,0],[1,-26,0,0]],[4,"Down_X",33554432,61,[[2,-586,[0,"0cPC4dUT5CH5kYs71iskvZ"],[5,12,12]],[3,-587,[0,"38Zq8u0YtGlJ0uL9KGT+ao"],123]],[1,"040sczVFJInafxIM3ztnCS",null,null,null,1,0],[1,-14,0,0]],[4,"Down_5",33554432,61,[[2,-588,[0,"29knVpIUNAUYPCKME8aZrm"],[5,11,14]],[3,-589,[0,"794LiwdrdOWoJJfgPE60iG"],124]],[1,"beZDa+QkVG0qhWw/+7K4cy",null,null,null,1,0],[1,14,0,0]],[4,"Down_4",33554432,42,[[2,-590,[0,"368xqYR9RCEJPDQ7jd/zWC"],[5,10,14]],[3,-591,[0,"dcNyuW14RO1rH/9X+5B8Hi"],125]],[1,"1bUF/sClNCYJoV/4MW5j5h",null,null,null,1,0],[1,-32,0,0]],[4,"Down_X",33554432,42,[[2,-592,[0,"66L2vhuxlE/aYCJLMZzPDd"],[5,12,12]],[3,-593,[0,"e8s7Ah+GFJSKW2PtTh+exh"],126]],[1,"7fEOEIIQpMXYU5nLwIVesb",null,null,null,1,0],[1,-20,0,0]],[4,"Down_1",33554432,42,[[2,-594,[0,"d9xZOTDmZGw5f1N+QLohMq"],[5,9,14]],[3,-595,[0,"d6HJdOOE9HzaPmMtWQcuI0"],127]],[1,"74HvIMJ5hPJp5pBn7NodEr",null,null,null,1,0],[1,9,0,0]],[4,"Down_5",33554432,42,[[2,-596,[0,"bbwQn3kKhK4ZS1JNcH2/iz"],[5,11,14]],[3,-597,[0,"eddofni9RPHrMWVA2ChtX6"],128]],[1,"55SYnBo8RNPakIWetrEGCw",null,null,null,1,0],[1,20,0,0]],[4,"Down_5",33554432,43,[[2,-598,[0,"a1NVavZgRJppSzbyhD2YrA"],[5,11,14]],[3,-599,[0,"153Fz1byhM5qpsVuLc9B/s"],129]],[1,"19QlJSMYlOYor929SC5DLs",null,null,null,1,0],[1,-36,0,0]],[4,"Down_X",33554432,43,[[2,-600,[0,"e5OY3zaNhIjpfzTxN/87kv"],[5,12,12]],[3,-601,[0,"8aLsUXZxJIN59zjqyecAFg"],130]],[1,"07iYaXE81H1pJoDdwlq7Bc",null,null,null,1,0],[1,-25,0,0]],[4,"Down_5",33554432,43,[[2,-602,[0,"1fZ4wRQBtBRbeJjsKaxXvz"],[5,11,14]],[3,-603,[0,"84vhD1s6NAkIbFatvWkxxy"],131]],[1,"48ZzoNQc9KeZEQVA/4j2eB",null,null,null,1,0],[1,4,0,0]],[4,"Down_0",33554432,43,[[2,-604,[0,"7d4xNSv1lP+JPktuxEEfg5"],[5,10,14]],[3,-605,[0,"8emj1WrIZDFqRMFxTdP2Dj"],132]],[1,"d1Fa1FCiZJ8pfDMvDORvAn",null,null,null,1,0],[1,16,0,0]],[4,"Down_3",33554432,62,[[2,-606,[0,"658LLjCGtNZJpMzZEgsR8H"],[5,10,14]],[3,-607,[0,"f9l3SnHANPd5BhbmUCK92m"],134]],[1,"33eyTxHy9Anp/axizoMSyz",null,null,null,1,0],[1,-26,0,0]],[4,"Down_X",33554432,62,[[2,-608,[0,"32soKb8kNCcqpyyZ8/EWdg"],[5,12,12]],[3,-609,[0,"56CYySs7BAXoAwUoTY9nQk"],135]],[1,"f2V6tJq8RKc4Bbd3PEoqDC",null,null,null,1,0],[1,-14,0,0]],[4,"Down_5",33554432,62,[[2,-610,[0,"8dgqI+P3dGXL4dDiOJEefT"],[5,11,14]],[3,-611,[0,"7doqdxO0FD/ppRkdxzKTxp"],136]],[1,"54ovxcFytOoax29aGYinBF",null,null,null,1,0],[1,14,0,0]],[4,"Down_4",33554432,45,[[2,-612,[0,"feqZmo4BdAVqBnrmz8T6OZ"],[5,10,14]],[3,-613,[0,"04Q4UcNJhMdq1ZAFF7Jf8p"],137]],[1,"45BcaQ7odGTLFTfBicumn2",null,null,null,1,0],[1,-32,0,0]],[4,"Down_X",33554432,45,[[2,-614,[0,"8eeCsz4oNDuJOGL40BiZ3/"],[5,12,12]],[3,-615,[0,"8dc+yfiTFPWJj02VyCKUj2"],138]],[1,"7b6SjsRm1F6YnVvYfSX8TR",null,null,null,1,0],[1,-20,0,0]],[4,"Down_1",33554432,45,[[2,-616,[0,"dbb9VR0VtLoKXpg1pckF/6"],[5,9,14]],[3,-617,[0,"9bqfNHVDpCgp6BDwi5hk6a"],139]],[1,"2bgOsHS71B17PivcP16ucf",null,null,null,1,0],[1,9,0,0]],[4,"Down_0",33554432,45,[[2,-618,[0,"e2xWIntWZLTbyMdHZo/TEc"],[5,10,14]],[3,-619,[0,"aa+ZHkPUNGxrjjcK6uGhqX"],140]],[1,"e4TIBwaxpMJ4JBuzCV9loV",null,null,null,1,0],[1,20,0,0]],[4,"Down_5",33554432,46,[[2,-620,[0,"a8bmSYc4RN67oQi7x85tTZ"],[5,11,14]],[3,-621,[0,"52isCnK9NK9LYYfat4FG+r"],141]],[1,"cf6BtcB1lKKoLVeA1RqSXE",null,null,null,1,0],[1,-36,0,0]],[4,"Down_X",33554432,46,[[2,-622,[0,"d9qXx23ENHQKy/aJUZBhbH"],[5,12,12]],[3,-623,[0,"36SFlb2qVKLp4yNCGCKwz8"],142]],[1,"98AkStWGFD84Xfoo2yh3Rx",null,null,null,1,0],[1,-25,0,0]],[4,"Down_2",33554432,46,[[2,-624,[0,"0eHXjIaZpGVqL1PWlEVjnk"],[5,10,14]],[3,-625,[0,"56ObZ6Mg1F3YJW9gA3oGLW"],143]],[1,"cbJ+V4zhVPU7sKbEMuY8l0",null,null,null,1,0],[1,4,0,0]],[4,"Down_5",33554432,46,[[2,-626,[0,"c5e2kWngJLLIYYlI7rJqhI"],[5,11,14]],[3,-627,[0,"16xFmKbIlN5YnTrvtEKHWW"],144]],[1,"2aGNtkv1NFsI00RfTlJspV",null,null,null,1,0],[1,16,0,0]],[4,"Down_3",33554432,63,[[2,-628,[0,"b8x8bPhAxC0pii1D3Maf1Q"],[5,10,14]],[3,-629,[0,"b023BOzYBFmqL3MekA3jDy"],146]],[1,"dftNG7JNhJFa4c1joT9g24",null,null,null,1,0],[1,-26,0,0]],[4,"Down_X",33554432,63,[[2,-630,[0,"99XkQ/6m5EUIqw2Tp353xs"],[5,12,12]],[3,-631,[0,"bb2BuUH2hOo6ps5Aj7o6w4"],147]],[1,"665e+42BNPMouKX3C4/e0/",null,null,null,1,0],[1,-14,0,0]],[4,"Down_5",33554432,63,[[2,-632,[0,"2ajoFCrLNOpaN18hwBZ4lh"],[5,11,14]],[3,-633,[0,"b4v81rqy9Ew5kKq20wUrea"],148]],[1,"39P0c+Pv9O/459cH/k7v8F",null,null,null,1,0],[1,14,0,0]],[4,"Down_4",33554432,48,[[2,-634,[0,"31Ouu/SdxDGoGi4KNbwaFZ"],[5,10,14]],[3,-635,[0,"07AByfO7VN7JT6mlAMuC5i"],149]],[1,"f3xrJP8YJEZpr7d4GECADS",null,null,null,1,0],[1,-32,0,0]],[4,"Down_X",33554432,48,[[2,-636,[0,"c9S7osWtRAnLDGBm6L2Jz+"],[5,12,12]],[3,-637,[0,"35Z1Kk4ghAP5r0+ixf+ZL2"],150]],[1,"1aUCCZkBpP/b8MjfzcFOtF",null,null,null,1,0],[1,-20,0,0]],[4,"Down_1",33554432,48,[[2,-638,[0,"abZC5xSx5N1Y0j0eESRqd+"],[5,9,14]],[3,-639,[0,"f8cR/xFBtJILyRsfF+lZZr"],151]],[1,"af12DD2JBPz4dedNyqZc4m",null,null,null,1,0],[1,9,0,0]],[4,"Down_0",33554432,48,[[2,-640,[0,"63ruAe2AdAJrTHQ4jKvvmh"],[5,10,14]],[3,-641,[0,"b9Q/XWVQxImIb5vLXk/uo4"],152]],[1,"feL3XHud9GhZTh9C4JWwzQ",null,null,null,1,0],[1,20,0,0]],[4,"Down_5",33554432,49,[[2,-642,[0,"a1YICfg6xLmrpSIl+YpCQE"],[5,11,14]],[3,-643,[0,"36cnYJsHNOzY4pO79V4jru"],153]],[1,"65hKRvVUdG6a6WX30aZWiY",null,null,null,1,0],[1,-36,0,0]],[4,"Down_X",33554432,49,[[2,-644,[0,"dai/5HJWJKXaMehY23EnD/"],[5,12,12]],[3,-645,[0,"c9EYsBEXRPfKnaXz86/nto"],154]],[1,"07tM8LTohKkozMWnmrKEyJ",null,null,null,1,0],[1,-25,0,0]],[4,"Down_2",33554432,49,[[2,-646,[0,"dasKnHLDFAyYXVCcSbkVd/"],[5,10,14]],[3,-647,[0,"24F7XdZcFKZIc7L913+sHd"],155]],[1,"54WpgNYNlIfLVmWlViGmDX",null,null,null,1,0],[1,4,0,0]],[4,"Down_5",33554432,49,[[2,-648,[0,"0fwi9mNHhIwZlApEtlafa3"],[5,11,14]],[3,-649,[0,"53Ap3xSvBDrqfhR3q6Qmcq"],156]],[1,"0dxFYj1HtCwphP5JaMDze9",null,null,null,1,0],[1,16,0,0]],[4,"God_Gold",33554432,50,[[2,-650,[0,"b14EP8RyNPIoRzMM19VMVF"],[5,71,70]],[3,-651,[0,"eeUykN0NhICYTIPkLtQ6y8"],158]],[1,"49GRMQwr5NDqZG11VlKbi+",null,null,null,1,0],[1,214,-14,0]],[4,"God_Ingot",33554432,50,[[2,-652,[0,"17dM5zcj1ESq5CnRPNMaIX"],[5,90,66]],[3,-653,[0,"07wPwgn1lLo7/vpqN94DPE"],159]],[1,"056RENnWBE+ba9vUbShRPd",null,null,null,1,0],[1,33.39,-16,0]],[4,"God_Tree",33554432,50,[[2,-654,[0,"1eLRJ7119Gj6/JDBJg0k3o"],[5,93,83]],[3,-655,[0,"ceNsW7P/hI0ppWskFR0v7R"],160]],[1,"36BYcBLV9APbdamALd5qVY",null,null,null,1,0],[1,-148,-14,0]],[4,"God_Jade",33554432,50,[[2,-656,[0,"8dCc2lUt1OoaQkP5IpARzp"],[5,83,88]],[3,-657,[0,"89c2YJJLNE35tLRLLtPox4"],161]],[1,"fbvy9eEqdA2K/nWTXrFcgc",null,null,null,1,0],[1,-332,-14,0]],[4,"God_A",33554432,21,[[2,-658,[0,"38+CKF2LtKqbmVF0oU2s0l"],[5,68,59]],[3,-659,[0,"902UtxVMVKjrBcBYBxV21a"],162]],[1,"c4QC2KKpxIPZqNfeYIti7l",null,null,null,1,0],[1,-342,-135.703,0]],[4,"God_K",33554432,21,[[2,-660,[0,"43N7k+0UxAgaeT5FPYloln"],[5,54,58]],[3,-661,[0,"5884w3zONAWalX+MCclxBE"],163]],[1,"a6Stw1AOpAja/hWKYjLQAj",null,null,null,1,0],[1,-198,-134,0]],[4,"God_Q",33554432,21,[[2,-662,[0,"b96FVKHFNPJKeboAJtBALY"],[5,59,60]],[3,-663,[0,"a8/joAFkBKMJiNFxMlF2ph"],164]],[1,"8b4oPKrQNDXqH7QfFDi0Hd",null,null,null,1,0],[1,-54,-132,0]],[4,"God_J",33554432,21,[[2,-664,[0,"65xkhw1kpKBYxKEMCOKX2d"],[5,53,61]],[3,-665,[0,"51gh4DQDlFPIgKypHlEXot"],165]],[1,"f1zjXTHNBGd7iBcnTqeQIe",null,null,null,1,0],[1,96,-134,0]],[4,"God_10",33554432,21,[[2,-666,[0,"8fPXymA0tC566oRA7tGPXF"],[5,69,56]],[3,-667,[0,"12OeR645VJ863ULgKVBN0O"],166]],[1,"91ND8d7CdKjo8p99IKHQdQ",null,null,null,1,0],[1,238,-134,0]],[5,"Page_Left",33554432,66,[-669],[[2,-668,[0,"3bsr2LreRMBbxUiboBpyQO"],[5,230,320]]],[1,"dd2/L/7kBK9r/V5gu3zt5q",null,null,null,1,0],[1,-258,-12,0]],[13,"spr_bg",33554432,230,[[2,-670,[0,"f71tPSeZVA45bL+81hAGj2"],[5,203,316]],[3,-671,[0,"f1Ngib3g9N/a8nc5T8tK9L"],167]],[1,"52UOWt4vROn578WWlA0GBN",null,null,null,1,0]],[5,"Page_Right",33554432,66,[-673],[[2,-672,[0,"75a6r65qZOwafFHJB5AxEe"],[5,500,400]]],[1,"77stI1k/JASpPwt4Y4kFhE",null,null,null,1,0],[1,0,-12,0]],[4,"Right_Line",33554432,232,[[2,-674,[0,"93+lmgPKpGha9VPV/sbgqU"],[5,493,391]],[3,-675,[0,"17nplFVDRMCYb+2jj1P8tD"],168]],[1,"d3/63g3S9GcILmR5VmCNGa",null,null,null,1,0],[1,104,0,0]],[25,"indicator",false,33554432,24,[[[2,-676,[0,"94EYXgq5xDM64YMJRfdVtp"],[5,500,60]],-677],4,1],[1,"519CWdqhNLa6KIF7UMNH3q",null,null,null,1,0],[1,0,-178.977,0]],[4,"Panel_Label",33554432,8,[[2,-678,[0,"bfdWtSoH5Er5HJHRELZokr"],[5,88.03,50.4]],[19,"Basic rules",18,18,-679,[0,"824Xd3XlJLToi07ez6nOS6"],[4,4278199956]]],[1,"2f7Xkm/DNCWLbjZGCI4L4u",null,null,null,1,0],[1,2,12,0]],[4,"Gratis_up",33554432,68,[[2,-680,[0,"d3VqMmCrtPlZvGaUM8p72q"],[5,680,205]],[16,1,0,-681,[0,"18l45/7UtHGLCgiI/r0KoI"],171]],[1,"98MuWLQAxGU5fuEkl5+W5E",null,null,null,1,0],[1,0.779,127.636,0]],[4,"Gratis_Down",33554432,68,[[2,-682,[0,"c1ay0ehGJJyLcZ4LKNjdmp"],[5,546,271]],[3,-683,[0,"21IvWIyZZFw5/eMfm2b3Pb"],172]],[1,"66zku7CU9PPaL0XsOTO9LI",null,null,null,1,0],[1,0,-106,0]],[4,"Panel_Label",33554432,51,[[2,-684,[0,"3f+XvxCLRJ2oCLumu/MaGP"],[5,113.38,50.4]],[19,"Treasure bowl",18,18,-685,[0,"cckW7nG9dKFpt6BLgkCg5F"],[4,4284270072]]],[1,"ba9953zJpBgIoEFjgALham",null,null,null,1,0],[1,8.484,13.574,0]],[4,"Up_Label",33554432,71,[[2,-686,[0,"3b30wD16ZED5BriaWMhTcg"],[5,638.3,187.8]],[45,"In free games, when 3/4/5 SCATTER appears, you will receive an\nadditional 6/8/10 free game spins.\n\nIn free games, when you get 6 or more treasure bowl, you will immediately enter\nthe special game and will returnto the free game when completed.\n",0,18,18,30,2,-687,[0,"4b4phP6HVFzqVndgLVhnLR"],[4,4287356400]]],[1,"c5pULhxuNAyr8tGAzInVCI",null,null,null,1,0],[1,-4,-1,0]],[4,"Karun_Down",33554432,70,[[2,-688,[0,"66nfIkGpNDpLheA3Oedb1D"],[5,495,239]],[3,-689,[0,"d2pND+mYdNQ42LyPDHdNxD"],176]],[1,"f52DvA/95FQLs/gRieg1Kw",null,null,null,1,0],[1,16,-144,0]],[4,"Panel_Label",33554432,52,[[2,-690,[0,"69Eb87UkVKXYiIWd6ppw3i"],[5,96.04,20.16]],[46,"Free games",18,18,16,-691,[0,"8fiwK+4BVMSLVmdZF74KSJ"],[4,4284270072]]],[1,"678wvCpPRBeIQENJRhLaCR",null,null,null,1,0],[1,2,14,0]],[4,"God_Cornucopia",33554432,72,[[2,-692,[0,"686C0J+7RGoLeFoVk7hgqh"],[5,148,100]],[3,-693,[0,"08RN2fjexPtZkmoHOYmcPZ"],179]],[1,"fcVV6UWdJB8L8+eT/Lk85t",null,null,null,1,0],[1,-412,-36.002999999999986,0]],[4,"God_Wealth",33554432,72,[[2,-694,[0,"e9tgRZAP9MiaKcdmF0VWCv"],[5,138,215]],[3,-695,[0,"34WjN0UGtP77l0KpFlYQX7"],180]],[1,"77ioloaQlE2aZg+LSc6Rm1",null,null,null,1,0],[1,438,-2.002999999999986,0]],[9,78,[0,"75SpRXO1NFj53Xtqsf59vo"]],[9,79,[0,"16fjlvtI1DmL/1Q7GJZa4R"]],[48,10,234,[0,"00JK0iSMJDfJJf5OdpTCLr"],[5,10,10]],[9,54,[0,"68MFNavSdGgp8J5eyZtKlF"]],[9,67,[0,"648QH1AWpFypqBlOvI6q24"]],[9,69,[0,"63HxAgEoxML5hpXDEpfXdb"]]],0,[0,7,1,0,0,1,0,0,1,0,0,1,0,0,1,0,-1,65,0,-2,2,0,0,2,0,-1,53,0,-2,74,0,-3,75,0,-4,76,0,-5,22,0,-6,72,0,-7,73,0,-8,64,0,0,3,0,0,3,0,-1,85,0,-2,86,0,-3,11,0,-4,12,0,-5,4,0,0,4,0,-1,97,0,-2,98,0,-3,99,0,-4,100,0,-5,101,0,-6,102,0,0,5,0,-1,114,0,-2,115,0,-3,116,0,-4,117,0,-5,118,0,-6,119,0,0,6,0,-1,129,0,-2,130,0,-3,131,0,-4,132,0,-5,133,0,-6,134,0,0,7,0,0,7,0,-1,35,0,-2,38,0,-3,41,0,-4,44,0,-5,47,0,0,8,0,5,247,0,6,8,0,0,8,0,0,8,0,-1,54,0,-2,235,0,0,9,0,0,9,0,0,9,0,0,9,0,-1,23,0,-2,55,0,0,10,0,-1,57,0,-2,13,0,-4,50,0,-5,21,0,0,11,0,-1,87,0,-2,88,0,-3,89,0,-4,90,0,-5,91,0,0,12,0,-1,92,0,-2,93,0,-3,94,0,-4,95,0,-5,96,0,0,13,0,0,13,0,-1,26,0,-2,28,0,-3,30,0,-4,32,0,0,14,0,-1,109,0,-2,110,0,-3,111,0,-4,112,0,-5,113,0,0,15,0,-1,124,0,-2,125,0,-3,126,0,-4,127,0,-5,128,0,0,16,0,-1,139,0,-2,140,0,-3,141,0,-4,142,0,-5,143,0,0,17,0,-1,144,0,-2,145,0,-3,146,0,-4,147,0,-5,148,0,0,18,0,-1,157,0,-2,158,0,-3,159,0,-4,160,0,-5,161,0,0,19,0,-1,170,0,-2,171,0,-3,172,0,-4,173,0,-5,174,0,0,20,0,-1,183,0,-2,184,0,-3,185,0,-4,186,0,-5,187,0,0,21,0,-1,225,0,-2,226,0,-3,227,0,-4,228,0,-5,229,0,0,22,0,0,22,0,-2,51,0,-3,52,0,0,23,0,0,23,0,5,244,0,6,23,0,0,23,0,-1,78,0,0,24,0,0,24,0,8,246,0,9,25,0,0,24,0,-1,56,0,-2,234,0,0,25,0,0,25,0,-2,66,0,0,26,0,0,26,0,-1,27,0,0,27,0,-1,105,0,-2,106,0,-3,107,0,-4,108,0,0,28,0,0,28,0,-1,29,0,0,29,0,-1,120,0,-2,121,0,-3,122,0,-4,123,0,0,30,0,0,30,0,-1,31,0,0,31,0,-1,135,0,-2,136,0,-3,137,0,-4,138,0,0,32,0,0,32,0,-1,33,0,-2,34,0,0,33,0,-1,149,0,-2,150,0,-3,151,0,-4,152,0,0,34,0,-1,153,0,-2,154,0,-3,155,0,-4,156,0,0,35,0,0,35,0,-1,36,0,-2,37,0,0,36,0,-1,162,0,-2,163,0,-3,164,0,-4,165,0,0,37,0,-1,166,0,-2,167,0,-3,168,0,-4,169,0,0,38,0,0,38,0,-1,39,0,-2,40,0,0,39,0,-1,175,0,-2,176,0,-3,177,0,-4,178,0,0,40,0,-1,179,0,-2,180,0,-3,181,0,-4,182,0,0,41,0,0,41,0,-1,61,0,-2,42,0,-3,43,0,0,42,0,-1,191,0,-2,192,0,-3,193,0,-4,194,0,0,43,0,-1,195,0,-2,196,0,-3,197,0,-4,198,0,0,44,0,0,44,0,-1,62,0,-2,45,0,-3,46,0,0,45,0,-1,202,0,-2,203,0,-3,204,0,-4,205,0,0,46,0,-1,206,0,-2,207,0,-3,208,0,-4,209,0,0,47,0,0,47,0,-1,63,0,-2,48,0,-3,49,0,0,48,0,-1,213,0,-2,214,0,-3,215,0,-4,216,0,0,49,0,-1,217,0,-2,218,0,-3,219,0,-4,220,0,0,50,0,-1,221,0,-2,222,0,-3,223,0,-4,224,0,0,51,0,5,248,0,0,51,0,0,51,0,-1,67,0,-2,238,0,0,52,0,5,249,0,0,52,0,0,52,0,-1,69,0,-2,241,0,0,53,0,0,53,0,0,53,0,0,53,0,0,54,0,-2,247,0,-1,77,0,0,55,0,0,55,0,5,245,0,0,55,0,-1,79,0,0,56,0,0,56,0,0,56,0,0,57,0,-1,58,0,-3,60,0,0,58,0,0,58,0,-1,59,0,-2,83,0,0,59,0,-1,80,0,-2,81,0,-3,82,0,0,60,0,0,60,0,-1,103,0,-2,104,0,0,61,0,-1,188,0,-2,189,0,-3,190,0,0,62,0,-1,199,0,-2,200,0,-3,201,0,0,63,0,-1,210,0,-2,211,0,-3,212,0,0,64,0,0,64,0,0,64,0,0,64,0,0,65,0,0,65,0,0,65,0,0,66,0,-1,230,0,-2,232,0,0,67,0,-2,248,0,-1,68,0,0,68,0,-1,236,0,-2,237,0,0,69,0,-2,249,0,-1,70,0,0,70,0,-1,71,0,-2,240,0,0,71,0,0,71,0,-1,239,0,0,72,0,-1,242,0,-2,243,0,0,73,0,0,73,0,0,73,0,0,74,0,0,74,0,0,75,0,0,75,0,0,76,0,0,76,0,0,77,0,0,78,0,-2,244,0,0,79,0,-2,245,0,0,80,0,0,80,0,0,81,0,0,81,0,0,82,0,0,82,0,0,83,0,-1,84,0,0,84,0,0,84,0,0,85,0,0,85,0,0,86,0,0,86,0,0,87,0,0,87,0,0,88,0,0,88,0,0,89,0,0,89,0,0,90,0,0,90,0,0,91,0,0,91,0,0,92,0,0,92,0,0,93,0,0,93,0,0,94,0,0,94,0,0,95,0,0,95,0,0,96,0,0,96,0,0,97,0,0,97,0,0,98,0,0,98,0,0,99,0,0,99,0,0,100,0,0,100,0,0,101,0,0,101,0,0,102,0,0,102,0,0,103,0,0,103,0,0,104,0,0,104,0,0,105,0,0,105,0,0,106,0,0,106,0,0,107,0,0,107,0,0,108,0,0,108,0,0,109,0,0,109,0,0,110,0,0,110,0,0,111,0,0,111,0,0,112,0,0,112,0,0,113,0,0,113,0,0,114,0,0,114,0,0,115,0,0,115,0,0,116,0,0,116,0,0,117,0,0,117,0,0,118,0,0,118,0,0,119,0,0,119,0,0,120,0,0,120,0,0,121,0,0,121,0,0,122,0,0,122,0,0,123,0,0,123,0,0,124,0,0,124,0,0,125,0,0,125,0,0,126,0,0,126,0,0,127,0,0,127,0,0,128,0,0,128,0,0,129,0,0,129,0,0,130,0,0,130,0,0,131,0,0,131,0,0,132,0,0,132,0,0,133,0,0,133,0,0,134,0,0,134,0,0,135,0,0,135,0,0,136,0,0,136,0,0,137,0,0,137,0,0,138,0,0,138,0,0,139,0,0,139,0,0,140,0,0,140,0,0,141,0,0,141,0,0,142,0,0,142,0,0,143,0,0,143,0,0,144,0,0,144,0,0,145,0,0,145,0,0,146,0,0,146,0,0,147,0,0,147,0,0,148,0,0,148,0,0,149,0,0,149,0,0,150,0,0,150,0,0,151,0,0,151,0,0,152,0,0,152,0,0,153,0,0,153,0,0,154,0,0,154,0,0,155,0,0,155,0,0,156,0,0,156,0,0,157,0,0,157,0,0,158,0,0,158,0,0,159,0,0,159,0,0,160,0,0,160,0,0,161,0,0,161,0,0,162,0,0,162,0,0,163,0,0,163,0,0,164,0,0,164,0,0,165,0,0,165,0,0,166,0,0,166,0,0,167,0,0,167,0,0,168,0,0,168,0,0,169,0,0,169,0,0,170,0,0,170,0,0,171,0,0,171,0,0,172,0,0,172,0,0,173,0,0,173,0,0,174,0,0,174,0,0,175,0,0,175,0,0,176,0,0,176,0,0,177,0,0,177,0,0,178,0,0,178,0,0,179,0,0,179,0,0,180,0,0,180,0,0,181,0,0,181,0,0,182,0,0,182,0,0,183,0,0,183,0,0,184,0,0,184,0,0,185,0,0,185,0,0,186,0,0,186,0,0,187,0,0,187,0,0,188,0,0,188,0,0,189,0,0,189,0,0,190,0,0,190,0,0,191,0,0,191,0,0,192,0,0,192,0,0,193,0,0,193,0,0,194,0,0,194,0,0,195,0,0,195,0,0,196,0,0,196,0,0,197,0,0,197,0,0,198,0,0,198,0,0,199,0,0,199,0,0,200,0,0,200,0,0,201,0,0,201,0,0,202,0,0,202,0,0,203,0,0,203,0,0,204,0,0,204,0,0,205,0,0,205,0,0,206,0,0,206,0,0,207,0,0,207,0,0,208,0,0,208,0,0,209,0,0,209,0,0,210,0,0,210,0,0,211,0,0,211,0,0,212,0,0,212,0,0,213,0,0,213,0,0,214,0,0,214,0,0,215,0,0,215,0,0,216,0,0,216,0,0,217,0,0,217,0,0,218,0,0,218,0,0,219,0,0,219,0,0,220,0,0,220,0,0,221,0,0,221,0,0,222,0,0,222,0,0,223,0,0,223,0,0,224,0,0,224,0,0,225,0,0,225,0,0,226,0,0,226,0,0,227,0,0,227,0,0,228,0,0,228,0,0,229,0,0,229,0,0,230,0,-1,231,0,0,231,0,0,231,0,0,232,0,-1,233,0,0,233,0,0,233,0,0,234,0,-2,246,0,0,235,0,0,235,0,0,236,0,0,236,0,0,237,0,0,237,0,0,238,0,0,238,0,0,239,0,0,239,0,0,240,0,0,240,0,0,241,0,0,241,0,0,242,0,0,242,0,0,243,0,0,243,0,10,1,3,3,57,5,3,26,6,3,28,7,3,10,8,3,22,9,3,77,10,3,25,14,3,26,15,3,28,16,3,30,17,3,30,18,3,32,19,3,35,20,3,38,24,3,54,25,3,56,695],[0,0,0,0,0,0,0,0,0,0,0,0,0,0,0,0,0,0,0,0,0,0,0,0,0,0,0,0,0,0,0,0,0,0,0,0,0,0,0,0,0,0,0,0,0,0,0,0,0,0,0,0,0,0,0,0,0,0,0,0,0,0,0,0,0,0,0,0,0,0,0,0,0,0,0,0,0,0,0,0,0,0,0,0,0,0,0,0,0,0,0,0,0,0,0,0,0,0,0,0,0,0,0,0,0,0,0,0,0,0,0,0,0,0,0,0,0,0,0,0,0,0,0,0,0,0,0,0,0,0,0,0,0,0,0,0,0,0,0,0,0,0,0,0,0,0,0,0,0,0,0,0,0,0,0,0,0,0,0,0,0,0,0,0,0,0,0,0,0,0,0,0,0,0,0,0,0,0,0,0,0,0,0,244,245,247,248,249],[1,1,1,1,1,1,4,1,4,1,1,1,1,1,1,1,1,1,1,1,1,1,1,1,1,1,1,1,1,1,1,1,1,1,1,1,1,1,1,1,1,1,1,1,1,1,1,1,1,1,1,1,1,1,1,1,1,1,1,1,1,1,1,1,1,1,1,1,1,1,1,1,1,1,1,1,1,1,1,1,1,1,1,1,1,1,1,1,1,1,1,1,1,1,1,1,1,1,1,1,1,1,1,1,1,1,1,1,1,1,1,1,1,1,1,1,1,1,1,1,1,1,1,1,1,1,1,1,1,1,1,1,1,1,1,1,1,1,1,1,1,1,1,1,1,1,1,1,1,1,1,1,1,1,1,1,1,1,1,1,1,1,1,1,1,1,1,1,1,4,1,1,1,4,1,1,1,4,1,1,1,1,4,1,1,1,1,1],[17,18,19,20,21,9,9,9,9,22,23,24,10,25,4,1,3,0,2,5,1,2,0,0,2,1,3,2,0,0,10,26,10,4,1,2,0,5,1,2,0,0,2,1,3,2,0,0,7,4,1,3,2,5,1,3,0,0,2,1,6,0,0,0,7,4,1,3,0,5,1,6,0,0,2,1,2,0,0,7,4,1,6,0,5,1,2,0,2,1,3,0,0,7,4,1,6,0,5,1,3,2,2,1,6,2,0,7,4,1,6,0,5,1,3,0,2,1,6,0,0,7,4,1,2,5,1,6,2,2,1,2,0,7,4,1,2,5,1,6,0,2,1,3,2,7,4,1,2,5,1,6,0,2,1,3,2,7,27,28,29,30,31,32,33,34,35,36,37,8,8,38,39,8,8,40,41,8,8,42,43,12,12,13,13,11,11,11]],[[{"name":"God_tk2_2","rect":{"x":0,"y":0,"width":222,"height":90},"offset":{"x":0,"y":0},"originalSize":{"width":222,"height":90},"rotated":false,"capInsets":[0,0,0,0],"vertices":{"rawPosition":[-111,-45,0,111,-45,0,-111,45,0,111,45,0],"indexes":[0,1,2,2,1,3],"uv":[0,90,222,90,0,0,222,0],"nuv":[0,0,1,0,0,1,1,1],"minPos":{"x":-111,"y":-45,"z":0},"maxPos":{"x":111,"y":45,"z":0}},"packable":true,"pixelsToUnit":100,"pivot":{"x":0.5,"y":0.5},"meshType":0}],[0],0,[0],[2],[44]],[[{"name":"God_TB_1_1","rect":{"x":0,"y":0,"width":53,"height":61},"offset":{"x":0,"y":0},"originalSize":{"width":53,"height":61},"rotated":false,"capInsets":[0,0,0,0],"vertices":{"rawPosition":[-26.5,-30.5,0,26.5,-30.5,0,-26.5,30.5,0,26.5,30.5,0],"indexes":[0,1,2,2,1,3],"uv":[0,61,53,61,0,0,53,0],"nuv":[0,0,1,0,0,1,1,1],"minPos":{"x":-26.5,"y":-30.5,"z":0},"maxPos":{"x":26.5,"y":30.5,"z":0}},"packable":true,"pixelsToUnit":100,"pivot":{"x":0.5,"y":0.5},"meshType":0}],[0],0,[0],[2],[45]],[[{"name":"0","rect":{"x":0,"y":0,"width":10,"height":14},"offset":{"x":0,"y":0},"originalSize":{"width":10,"height":14},"rotated":false,"capInsets":[0,0,0,0],"vertices":{"rawPosition":[-5,-7,0,5,-7,0,-5,7,0,5,7,0],"indexes":[0,1,2,2,1,3],"uv":[0,14,10,14,0,0,10,0],"nuv":[0,0,1,0,0,1,1,1],"minPos":{"x":-5,"y":-7,"z":0},"maxPos":{"x":5,"y":7,"z":0}},"packable":true,"pixelsToUnit":100,"pivot":{"x":0.5,"y":0.5},"meshType":0}],[0],0,[0],[2],[46]],[[{"name":"God_TB_11_1","rect":{"x":0,"y":0,"width":54,"height":58},"offset":{"x":0,"y":0},"originalSize":{"width":54,"height":58},"rotated":false,"capInsets":[0,0,0,0],"vertices":{"rawPosition":[-27,-29,0,27,-29,0,-27,29,0,27,29,0],"indexes":[0,1,2,2,1,3],"uv":[0,58,54,58,0,0,54,0],"nuv":[0,0,1,0,0,1,1,1],"minPos":{"x":-27,"y":-29,"z":0},"maxPos":{"x":27,"y":29,"z":0}},"packable":true,"pixelsToUnit":100,"pivot":{"x":0.5,"y":0.5},"meshType":0}],[0],0,[0],[2],[47]],[[{"name":"3","rect":{"x":0,"y":0,"width":10,"height":14},"offset":{"x":0,"y":0},"originalSize":{"width":10,"height":14},"rotated":false,"capInsets":[0,0,0,0],"vertices":{"rawPosition":[-5,-7,0,5,-7,0,-5,7,0,5,7,0],"indexes":[0,1,2,2,1,3],"uv":[0,14,10,14,0,0,10,0],"nuv":[0,0,1,0,0,1,1,1],"minPos":{"x":-5,"y":-7,"z":0},"maxPos":{"x":5,"y":7,"z":0}},"packable":true,"pixelsToUnit":100,"pivot":{"x":0.5,"y":0.5},"meshType":0}],[0],0,[0],[2],[48]],[[{"name":"God_tk2_6","rect":{"x":4,"y":3,"width":63,"height":64},"offset":{"x":0.5,"y":0},"originalSize":{"width":70,"height":70},"rotated":false,"capInsets":[17,17,17,17],"vertices":{"rawPosition":[-31.5,-32,0,31.5,-32,0,-31.5,32,0,31.5,32,0],"indexes":[0,1,2,2,1,3],"uv":[4,67,67,67,4,3,67,3],"nuv":[0.05714285714285714,0.04285714285714286,0.9571428571428572,0.04285714285714286,0.05714285714285714,0.9571428571428572,0.9571428571428572,0.9571428571428572],"minPos":{"x":-31.5,"y":-32,"z":0},"maxPos":{"x":31.5,"y":32,"z":0}},"packable":true,"pixelsToUnit":100,"pivot":{"x":0.5,"y":0.5},"meshType":0}],[0],0,[0],[2],[49]],[[{"name":"God_TB_8_1","rect":{"x":0,"y":0,"width":68,"height":59},"offset":{"x":0,"y":0},"originalSize":{"width":68,"height":59},"rotated":false,"capInsets":[0,0,0,0],"vertices":{"rawPosition":[-34,-29.5,0,34,-29.5,0,-34,29.5,0,34,29.5,0],"indexes":[0,1,2,2,1,3],"uv":[0,59,68,59,0,0,68,0],"nuv":[0,0,1,0,0,1,1,1],"minPos":{"x":-34,"y":-29.5,"z":0},"maxPos":{"x":34,"y":29.5,"z":0}},"packable":true,"pixelsToUnit":100,"pivot":{"x":0.5,"y":0.5},"meshType":0}],[0],0,[0],[2],[50]],[[{"name":"God_tk2_Mirror","rect":{"x":0,"y":0,"width":605,"height":649},"offset":{"x":0,"y":0.5},"originalSize":{"width":605,"height":650},"rotated":false,"capInsets":[0,0,0,0],"vertices":{"rawPosition":[-302.5,-324.5,0,302.5,-324.5,0,-302.5,324.5,0,302.5,324.5,0],"indexes":[0,1,2,2,1,3],"uv":[0,650,605,650,0,1,605,1],"nuv":[0,0.0015384615384615385,1,0.0015384615384615385,0,1,1,1],"minPos":{"x":-302.5,"y":-324.5,"z":0},"maxPos":{"x":302.5,"y":324.5,"z":0}},"packable":true,"pixelsToUnit":100,"pivot":{"x":0.5,"y":0.5},"meshType":0}],[0],0,[0],[2],[51]],[[{"name":"God_tk2_1","rect":{"x":0,"y":0,"width":208,"height":80},"offset":{"x":0,"y":0},"originalSize":{"width":208,"height":80},"rotated":false,"capInsets":[0,0,0,0],"vertices":{"rawPosition":[-104,-40,0,104,-40,0,-104,40,0,104,40,0],"indexes":[0,1,2,2,1,3],"uv":[0,80,208,80,0,0,208,0],"nuv":[0,0,1,0,0,1,1,1],"minPos":{"x":-104,"y":-40,"z":0},"maxPos":{"x":104,"y":40,"z":0}},"packable":true,"pixelsToUnit":100,"pivot":{"x":0.5,"y":0.5},"meshType":0}],[0],0,[0],[2],[52]],[[{"name":"God_TB_4_1","rect":{"x":0,"y":0,"width":66,"height":63},"offset":{"x":0,"y":0},"originalSize":{"width":66,"height":63},"rotated":false,"capInsets":[0,0,0,0],"vertices":{"rawPosition":[-33,-31.5,0,33,-31.5,0,-33,31.5,0,33,31.5,0],"indexes":[0,1,2,2,1,3],"uv":[0,63,66,63,0,0,66,0],"nuv":[0,0,1,0,0,1,1,1],"minPos":{"x":-33,"y":-31.5,"z":0},"maxPos":{"x":33,"y":31.5,"z":0}},"packable":true,"pixelsToUnit":100,"pivot":{"x":0.5,"y":0.5},"meshType":0}],[0],0,[0],[2],[53]],[[{"name":"1","rect":{"x":0,"y":0,"width":9,"height":14},"offset":{"x":0,"y":0},"originalSize":{"width":9,"height":14},"rotated":false,"capInsets":[0,0,0,0],"vertices":{"rawPosition":[-4.5,-7,0,4.5,-7,0,-4.5,7,0,4.5,7,0],"indexes":[0,1,2,2,1,3],"uv":[0,14,9,14,0,0,9,0],"nuv":[0,0,1,0,0,1,1,1],"minPos":{"x":-4.5,"y":-7,"z":0},"maxPos":{"x":4.5,"y":7,"z":0}},"packable":true,"pixelsToUnit":100,"pivot":{"x":0.5,"y":0.5},"meshType":0}],[0],0,[0],[2],[54]],[[{"name":"God_TB_7_1","rect":{"x":0,"y":0,"width":83,"height":88},"offset":{"x":0,"y":0},"originalSize":{"width":83,"height":88},"rotated":false,"capInsets":[0,0,0,0],"vertices":{"rawPosition":[-41.5,-44,0,41.5,-44,0,-41.5,44,0,41.5,44,0],"indexes":[0,1,2,2,1,3],"uv":[0,88,83,88,0,0,83,0],"nuv":[0,0,1,0,0,1,1,1],"minPos":{"x":-41.5,"y":-44,"z":0},"maxPos":{"x":41.5,"y":44,"z":0}},"packable":true,"pixelsToUnit":100,"pivot":{"x":0.5,"y":0.5},"meshType":0}],[0],0,[0],[2],[55]],[[{"name":"God_SC7","rect":{"x":0,"y":0,"width":118,"height":207},"offset":{"x":0,"y":0},"originalSize":{"width":118,"height":207},"rotated":false,"capInsets":[0,0,0,0],"vertices":{"rawPosition":[-59,-103.5,0,59,-103.5,0,-59,103.5,0,59,103.5,0],"indexes":[0,1,2,2,1,3],"uv":[0,207,118,207,0,0,118,0],"nuv":[0,0,1,0,0,1,1,1],"minPos":{"x":-59,"y":-103.5,"z":0},"maxPos":{"x":59,"y":103.5,"z":0}},"packable":true,"pixelsToUnit":100,"pivot":{"x":0.5,"y":0.5},"meshType":0}],[0],0,[0],[2],[56]],[[{"name":"X","rect":{"x":0,"y":1,"width":12,"height":12},"offset":{"x":0,"y":0},"originalSize":{"width":12,"height":14},"rotated":false,"capInsets":[0,0,0,0],"vertices":{"rawPosition":[-6,-6,0,6,-6,0,-6,6,0,6,6,0],"indexes":[0,1,2,2,1,3],"uv":[0,13,12,13,0,1,12,1],"nuv":[0,0.07142857142857142,1,0.07142857142857142,0,0.9285714285714286,1,0.9285714285714286],"minPos":{"x":-6,"y":-6,"z":0},"maxPos":{"x":6,"y":6,"z":0}},"packable":true,"pixelsToUnit":100,"pivot":{"x":0.5,"y":0.5},"meshType":0}],[0],0,[0],[2],[57]],[[{"name":"God_SC9","rect":{"x":0,"y":0,"width":148,"height":100},"offset":{"x":0,"y":0},"originalSize":{"width":148,"height":100},"rotated":false,"capInsets":[0,0,0,0],"vertices":{"rawPosition":[-74,-50,0,74,-50,0,-74,50,0,74,50,0],"indexes":[0,1,2,2,1,3],"uv":[0,100,148,100,0,0,148,0],"nuv":[0,0,1,0,0,1,1,1],"minPos":{"x":-74,"y":-50,"z":0},"maxPos":{"x":74,"y":50,"z":0}},"packable":true,"pixelsToUnit":100,"pivot":{"x":0.5,"y":0.5},"meshType":0}],[0],0,[0],[2],[58]],[[{"name":"God_nr3","rect":{"x":0,"y":0,"width":546,"height":271},"offset":{"x":0,"y":0},"originalSize":{"width":546,"height":271},"rotated":false,"capInsets":[0,0,0,0],"vertices":{"rawPosition":[-273,-135.5,0,273,-135.5,0,-273,135.5,0,273,135.5,0],"indexes":[0,1,2,2,1,3],"uv":[0,271,546,271,0,0,546,0],"nuv":[0,0,1,0,0,1,1,1],"minPos":{"x":-273,"y":-135.5,"z":0},"maxPos":{"x":273,"y":135.5,"z":0}},"packable":true,"pixelsToUnit":100,"pivot":{"x":0.5,"y":0.5},"meshType":0}],[0],0,[0],[2],[59]],[[{"name":"God_tk2","rect":{"x":0,"y":0,"width":605,"height":649},"offset":{"x":0,"y":0},"originalSize":{"width":605,"height":649},"rotated":false,"capInsets":[0,0,0,0],"vertices":{"rawPosition":[-302.5,-324.5,0,302.5,-324.5,0,-302.5,324.5,0,302.5,324.5,0],"indexes":[0,1,2,2,1,3],"uv":[0,649,605,649,0,0,605,0],"nuv":[0,0,1,0,0,1,1,1],"minPos":{"x":-302.5,"y":-324.5,"z":0},"maxPos":{"x":302.5,"y":324.5,"z":0}},"packable":true,"pixelsToUnit":100,"pivot":{"x":0.5,"y":0.5},"meshType":0}],[0],0,[0],[2],[60]],[[{"name":"God_TB_9_1","rect":{"x":0,"y":0,"width":59,"height":60},"offset":{"x":0,"y":0},"originalSize":{"width":59,"height":60},"rotated":false,"capInsets":[0,0,0,0],"vertices":{"rawPosition":[-29.5,-30,0,29.5,-30,0,-29.5,30,0,29.5,30,0],"indexes":[0,1,2,2,1,3],"uv":[0,60,59,60,0,0,59,0],"nuv":[0,0,1,0,0,1,1,1],"minPos":{"x":-29.5,"y":-30,"z":0},"maxPos":{"x":29.5,"y":30,"z":0}},"packable":true,"pixelsToUnit":100,"pivot":{"x":0.5,"y":0.5},"meshType":0}],[0],0,[0],[2],[61]],[[{"name":"God_nr5","rect":{"x":0,"y":0,"width":673,"height":200},"offset":{"x":0,"y":0},"originalSize":{"width":673,"height":200},"rotated":false,"capInsets":[0,0,0,0],"vertices":{"rawPosition":[-336.5,-100,0,336.5,-100,0,-336.5,100,0,336.5,100,0],"indexes":[0,1,2,2,1,3],"uv":[0,200,673,200,0,0,673,0],"nuv":[0,0,1,0,0,1,1,1],"minPos":{"x":-336.5,"y":-100,"z":0},"maxPos":{"x":336.5,"y":100,"z":0}},"packable":true,"pixelsToUnit":100,"pivot":{"x":0.5,"y":0.5},"meshType":0}],[0],0,[0],[2],[62]],[[{"name":"God_TB_4_1_1","rect":{"x":0,"y":0,"width":43,"height":40},"offset":{"x":0,"y":0},"originalSize":{"width":43,"height":40},"rotated":false,"capInsets":[0,0,0,0],"vertices":{"rawPosition":[-21.5,-20,0,21.5,-20,0,-21.5,20,0,21.5,20,0],"indexes":[0,1,2,2,1,3],"uv":[0,40,43,40,0,0,43,0],"nuv":[0,0,1,0,0,1,1,1],"minPos":{"x":-21.5,"y":-20,"z":0},"maxPos":{"x":21.5,"y":20,"z":0}},"packable":true,"pixelsToUnit":100,"pivot":{"x":0.5,"y":0.5},"meshType":0}],[0],0,[0],[2],[63]],[[{"name":"God_SC6","rect":{"x":0,"y":0,"width":47,"height":80},"offset":{"x":0,"y":0},"originalSize":{"width":47,"height":80},"rotated":false,"capInsets":[0,0,0,0],"vertices":{"rawPosition":[-23.5,-40,0,23.5,-40,0,-23.5,40,0,23.5,40,0],"indexes":[0,1,2,2,1,3],"uv":[0,80,47,80,0,0,47,0],"nuv":[0,0,1,0,0,1,1,1],"minPos":{"x":-23.5,"y":-40,"z":0},"maxPos":{"x":23.5,"y":40,"z":0}},"packable":true,"pixelsToUnit":100,"pivot":{"x":0.5,"y":0.5},"meshType":0}],[0],0,[0],[2],[64]],[[{"name":"God_cs","rect":{"x":0,"y":0,"width":138,"height":215},"offset":{"x":0,"y":0},"originalSize":{"width":138,"height":215},"rotated":false,"capInsets":[0,0,0,0],"vertices":{"rawPosition":[-69,-107.5,0,69,-107.5,0,-69,107.5,0,69,107.5,0],"indexes":[0,1,2,2,1,3],"uv":[0,215,138,215,0,0,138,0],"nuv":[0,0,1,0,0,1,1,1],"minPos":{"x":-69,"y":-107.5,"z":0},"maxPos":{"x":69,"y":107.5,"z":0}},"packable":true,"pixelsToUnit":100,"pivot":{"x":0.5,"y":0.5},"meshType":0}],[0],0,[0],[2],[65]],[[{"name":"2","rect":{"x":0,"y":0,"width":10,"height":14},"offset":{"x":0,"y":0},"originalSize":{"width":10,"height":14},"rotated":false,"capInsets":[0,0,0,0],"vertices":{"rawPosition":[-5,-7,0,5,-7,0,-5,7,0,5,7,0],"indexes":[0,1,2,2,1,3],"uv":[0,14,10,14,0,0,10,0],"nuv":[0,0,1,0,0,1,1,1],"minPos":{"x":-5,"y":-7,"z":0},"maxPos":{"x":5,"y":7,"z":0}},"packable":true,"pixelsToUnit":100,"pivot":{"x":0.5,"y":0.5},"meshType":0}],[0],0,[0],[2],[66]],[[{"name":"God_TB_12_1","rect":{"x":0,"y":0,"width":69,"height":56},"offset":{"x":0,"y":0},"originalSize":{"width":69,"height":56},"rotated":false,"capInsets":[0,0,0,0],"vertices":{"rawPosition":[-34.5,-28,0,34.5,-28,0,-34.5,28,0,34.5,28,0],"indexes":[0,1,2,2,1,3],"uv":[0,56,69,56,0,0,69,0],"nuv":[0,0,1,0,0,1,1,1],"minPos":{"x":-34.5,"y":-28,"z":0},"maxPos":{"x":34.5,"y":28,"z":0}},"packable":true,"pixelsToUnit":100,"pivot":{"x":0.5,"y":0.5},"meshType":0}],[0],0,[0],[2],[67]],[[{"name":"God_TB_10_1","rect":{"x":0,"y":0,"width":73,"height":76},"offset":{"x":0,"y":0},"originalSize":{"width":73,"height":76},"rotated":false,"capInsets":[0,0,0,0],"vertices":{"rawPosition":[-36.5,-38,0,36.5,-38,0,-36.5,38,0,36.5,38,0],"indexes":[0,1,2,2,1,3],"uv":[0,76,73,76,0,0,73,0],"nuv":[0,0,1,0,0,1,1,1],"minPos":{"x":-36.5,"y":-38,"z":0},"maxPos":{"x":36.5,"y":38,"z":0}},"packable":true,"pixelsToUnit":100,"pivot":{"x":0.5,"y":0.5},"meshType":0}],[0],0,[0],[2],[68]],[[{"name":"God_TB_13_1","rect":{"x":0,"y":0,"width":81,"height":68},"offset":{"x":0,"y":0},"originalSize":{"width":81,"height":68},"rotated":false,"capInsets":[0,0,0,0],"vertices":{"rawPosition":[-40.5,-34,0,40.5,-34,0,-40.5,34,0,40.5,34,0],"indexes":[0,1,2,2,1,3],"uv":[0,68,81,68,0,0,81,0],"nuv":[0,0,1,0,0,1,1,1],"minPos":{"x":-40.5,"y":-34,"z":0},"maxPos":{"x":40.5,"y":34,"z":0}},"packable":true,"pixelsToUnit":100,"pivot":{"x":0.5,"y":0.5},"meshType":0}],[0],0,[0],[2],[69]],[[{"name":"God_nr4","rect":{"x":0,"y":0,"width":495,"height":239},"offset":{"x":0,"y":0},"originalSize":{"width":495,"height":239},"rotated":false,"capInsets":[0,0,0,0],"vertices":{"rawPosition":[-247.5,-119.5,0,247.5,-119.5,0,-247.5,119.5,0,247.5,119.5,0],"indexes":[0,1,2,2,1,3],"uv":[0,239,495,239,0,0,495,0],"nuv":[0,0,1,0,0,1,1,1],"minPos":{"x":-247.5,"y":-119.5,"z":0},"maxPos":{"x":247.5,"y":119.5,"z":0}},"packable":true,"pixelsToUnit":100,"pivot":{"x":0.5,"y":0.5},"meshType":0}],[0],0,[0],[2],[70]],[[{"name":"God_TB_14","rect":{"x":0,"y":0,"width":31,"height":28},"offset":{"x":0,"y":0},"originalSize":{"width":31,"height":28},"rotated":false,"capInsets":[0,0,0,0],"vertices":{"rawPosition":[-15.5,-14,0,15.5,-14,0,-15.5,14,0,15.5,14,0],"indexes":[0,1,2,2,1,3],"uv":[0,28,31,28,0,0,31,0],"nuv":[0,0,1,0,0,1,1,1],"minPos":{"x":-15.5,"y":-14,"z":0},"maxPos":{"x":15.5,"y":14,"z":0}},"packable":true,"pixelsToUnit":100,"pivot":{"x":0.5,"y":0.5},"meshType":0}],[0],0,[0],[2],[71]],[[{"name":"God_nr2","rect":{"x":0,"y":0,"width":493,"height":391},"offset":{"x":0,"y":0},"originalSize":{"width":493,"height":391},"rotated":false,"capInsets":[0,0,0,0],"vertices":{"rawPosition":[-246.5,-195.5,0,246.5,-195.5,0,-246.5,195.5,0,246.5,195.5,0],"indexes":[0,1,2,2,1,3],"uv":[0,391,493,391,0,0,493,0],"nuv":[0,0,1,0,0,1,1,1],"minPos":{"x":-246.5,"y":-195.5,"z":0},"maxPos":{"x":246.5,"y":195.5,"z":0}},"packable":true,"pixelsToUnit":100,"pivot":{"x":0.5,"y":0.5},"meshType":0}],[0],0,[0],[2],[72]],[[{"name":"God_TB_14_1","rect":{"x":0,"y":0,"width":30,"height":28},"offset":{"x":0,"y":0},"originalSize":{"width":30,"height":28},"rotated":false,"capInsets":[0,0,0,0],"vertices":{"rawPosition":[-15,-14,0,15,-14,0,-15,14,0,15,14,0],"indexes":[0,1,2,2,1,3],"uv":[0,28,30,28,0,0,30,0],"nuv":[0,0,1,0,0,1,1,1],"minPos":{"x":-15,"y":-14,"z":0},"maxPos":{"x":15,"y":14,"z":0}},"packable":true,"pixelsToUnit":100,"pivot":{"x":0.5,"y":0.5},"meshType":0}],[0],0,[0],[2],[73]],[[{"name":"God_tk2_3","rect":{"x":0,"y":0,"width":211,"height":145},"offset":{"x":0,"y":0},"originalSize":{"width":211,"height":145},"rotated":false,"capInsets":[0,0,0,0],"vertices":{"rawPosition":[-105.5,-72.5,0,105.5,-72.5,0,-105.5,72.5,0,105.5,72.5,0],"indexes":[0,1,2,2,1,3],"uv":[0,145,211,145,0,0,211,0],"nuv":[0,0,1,0,0,1,1,1],"minPos":{"x":-105.5,"y":-72.5,"z":0},"maxPos":{"x":105.5,"y":72.5,"z":0}},"packable":true,"pixelsToUnit":100,"pivot":{"x":0.5,"y":0.5},"meshType":0}],[0],0,[0],[2],[74]],[[{"name":"God_TB_3_1","rect":{"x":0,"y":0,"width":90,"height":66},"offset":{"x":0,"y":0},"originalSize":{"width":90,"height":66},"rotated":false,"capInsets":[0,0,0,0],"vertices":{"rawPosition":[-45,-33,0,45,-33,0,-45,33,0,45,33,0],"indexes":[0,1,2,2,1,3],"uv":[0,66,90,66,0,0,90,0],"nuv":[0,0,1,0,0,1,1,1],"minPos":{"x":-45,"y":-33,"z":0},"maxPos":{"x":45,"y":33,"z":0}},"packable":true,"pixelsToUnit":100,"pivot":{"x":0.5,"y":0.5},"meshType":0}],[0],0,[0],[2],[75]],[[{"name":"God_TB_13_1_1","rect":{"x":0,"y":0,"width":46,"height":38},"offset":{"x":0,"y":0},"originalSize":{"width":46,"height":38},"rotated":false,"capInsets":[0,0,0,0],"vertices":{"rawPosition":[-23,-19,0,23,-19,0,-23,19,0,23,19,0],"indexes":[0,1,2,2,1,3],"uv":[0,38,46,38,0,0,46,0],"nuv":[0,0,1,0,0,1,1,1],"minPos":{"x":-23,"y":-19,"z":0},"maxPos":{"x":23,"y":19,"z":0}},"packable":true,"pixelsToUnit":100,"pivot":{"x":0.5,"y":0.5},"meshType":0}],[0],0,[0],[2],[76]],[[{"name":"God_TB_2_1","rect":{"x":0,"y":0,"width":71,"height":70},"offset":{"x":0,"y":0},"originalSize":{"width":71,"height":70},"rotated":false,"capInsets":[0,0,0,0],"vertices":{"rawPosition":[-35.5,-35,0,35.5,-35,0,-35.5,35,0,35.5,35,0],"indexes":[0,1,2,2,1,3],"uv":[0,70,71,70,0,0,71,0],"nuv":[0,0,1,0,0,1,1,1],"minPos":{"x":-35.5,"y":-35,"z":0},"maxPos":{"x":35.5,"y":35,"z":0}},"packable":true,"pixelsToUnit":100,"pivot":{"x":0.5,"y":0.5},"meshType":0}],[0],0,[0],[2],[77]],[[{"name":"5","rect":{"x":0,"y":0,"width":11,"height":14},"offset":{"x":0,"y":0},"originalSize":{"width":11,"height":14},"rotated":false,"capInsets":[0,0,0,0],"vertices":{"rawPosition":[-5.5,-7,0,5.5,-7,0,-5.5,7,0,5.5,7,0],"indexes":[0,1,2,2,1,3],"uv":[0,14,11,14,0,0,11,0],"nuv":[0,0,1,0,0,1,1,1],"minPos":{"x":-5.5,"y":-7,"z":0},"maxPos":{"x":5.5,"y":7,"z":0}},"packable":true,"pixelsToUnit":100,"pivot":{"x":0.5,"y":0.5},"meshType":0}],[0],0,[0],[2],[78]],[[{"name":"God_nr1","rect":{"x":2,"y":2,"width":203,"height":316},"offset":{"x":1,"y":9.5},"originalSize":{"width":205,"height":339},"rotated":false,"capInsets":[0,0,0,0],"vertices":{"rawPosition":[-101.5,-158,0,101.5,-158,0,-101.5,158,0,101.5,158,0],"indexes":[0,1,2,2,1,3],"uv":[2,337,205,337,2,21,205,21],"nuv":[0.00975609756097561,0.061946902654867256,1,0.061946902654867256,0.00975609756097561,0.9941002949852508,1,0.9941002949852508],"minPos":{"x":-101.5,"y":-158,"z":0},"maxPos":{"x":101.5,"y":158,"z":0}},"packable":true,"pixelsToUnit":100,"pivot":{"x":0.5,"y":0.5},"meshType":0}],[0],0,[0],[2],[79]],[[{"name":"4","rect":{"x":0,"y":0,"width":10,"height":14},"offset":{"x":0,"y":0},"originalSize":{"width":10,"height":14},"rotated":false,"capInsets":[0,0,0,0],"vertices":{"rawPosition":[-5,-7,0,5,-7,0,-5,7,0,5,7,0],"indexes":[0,1,2,2,1,3],"uv":[0,14,10,14,0,0,10,0],"nuv":[0,0,1,0,0,1,1,1],"minPos":{"x":-5,"y":-7,"z":0},"maxPos":{"x":5,"y":7,"z":0}},"packable":true,"pixelsToUnit":100,"pivot":{"x":0.5,"y":0.5},"meshType":0}],[0],0,[0],[2],[80]]]]
