[1,["ceriI/OTpJQr//kMFXaq7o@f9941","ceriI/OTpJQr//kMFXaq7o@6c48a"],["spriteFrame","_textureSource"],["cc.SpriteFrame",["cc.ParticleAsset",["_name","_native"],1]],[[1,0,1,3]],[[[[0,"win_p_front",".plist"],-1],0,0,[0],[0],[0]],[[{"name":"coin","rect":{"x":0,"y":0,"width":76,"height":81},"offset":{"x":0,"y":0},"originalSize":{"width":76,"height":81},"rotated":false,"capInsets":[0,0,0,0],"vertices":{"rawPosition":[-38,-40.5,0,38,-40.5,0,-38,40.5,0,38,40.5,0],"indexes":[0,1,2,2,1,3],"uv":[0,81,76,81,0,0,76,0],"nuv":[0,0,1,0,0,1,1,1],"minPos":{"x":-38,"y":-40.5,"z":0},"maxPos":{"x":38,"y":40.5,"z":0}},"packable":true,"pixelsToUnit":100,"pivot":{"x":0.5,"y":0.5},"meshType":0}],[0],0,[0],[1],[1]]]]
