[1,["c6776aab-f810-4ad2-b78a-335c912efe69@6c48a"],0,[["sp.SkeletonData",["_name","_atlasText","textureNames","_skeletonJson","textures"],-1,3]],[[0,0,1,2,3,4,5]],[[0,"icon_2","\r\nicon_2.png\r\nsize: 1024,256\r\nformat: RGBA8888\r\nfilter: Linear,Linear\r\nrepeat: none\r\n光\r\n  rotate: true\r\n  xy: 444, 59\r\n  size: 82, 76\r\n  orig: 82, 76\r\n  offset: 0, 0\r\n  index: -1\r\n底板\r\n  rotate: false\r\n  xy: 185, 72\r\n  size: 175, 175\r\n  orig: 175, 175\r\n  offset: 0, 0\r\n  index: -1\r\n底板1\r\n  rotate: true\r\n  xy: 163, 7\r\n  size: 55, 69\r\n  orig: 55, 69\r\n  offset: 0, 0\r\n  index: -1\r\n底板2\r\n  rotate: false\r\n  xy: 234, 10\r\n  size: 58, 60\r\n  orig: 58, 60\r\n  offset: 0, 0\r\n  index: -1\r\n扫光\r\n  rotate: false\r\n  xy: 2, 64\r\n  size: 181, 183\r\n  orig: 181, 183\r\n  offset: 0, 0\r\n  index: -1\r\n桃心\r\n  rotate: true\r\n  xy: 362, 143\r\n  size: 104, 96\r\n  orig: 104, 96\r\n  offset: 0, 0\r\n  index: -1\r\n皇冠\r\n  rotate: true\r\n  xy: 460, 170\r\n  size: 77, 76\r\n  orig: 77, 76\r\n  offset: 0, 0\r\n  index: -1\r\n金属1\r\n  rotate: true\r\n  xy: 2, 2\r\n  size: 60, 78\r\n  orig: 60, 78\r\n  offset: 0, 0\r\n  index: -1\r\n金属2\r\n  rotate: false\r\n  xy: 82, 12\r\n  size: 79, 50\r\n  orig: 79, 50\r\n  offset: 0, 0\r\n  index: -1\r\n金属3\r\n  rotate: false\r\n  xy: 362, 57\r\n  size: 80, 84\r\n  orig: 80, 84\r\n  offset: 0, 0\r\n  index: -1\r\n",["icon_2.png"],{"skeleton":{"hash":"kVk27XM3HrHIXiujegmBrWviwM4","spine":"3.8.99","images":"E:/新版UI/星光公主/动画源文件/心","audio":"E:\\新版UI\\星光公主\\动画\\图标\\心"},"bones":[{"name":"root","scaleX":0.5,"scaleY":0.5},{"name":"底板","parent":"root","x":-14,"y":-10.19},{"name":"桃心","parent":"底板","x":-1.22,"y":-20.53},{"name":"光","parent":"桃心","x":-0.68,"y":-20.12,"scaleX":1.964,"scaleY":1.964},{"name":"光2","parent":"桃心","x":36.06,"y":47.48,"scaleX":1.044,"scaleY":1.044},{"name":"光3","parent":"桃心","x":-41.82,"y":42.03,"scaleX":1.234,"scaleY":1.234},{"name":"底板1","parent":"底板","length":16.98,"rotation":-34.33,"x":49.37,"y":-39.66},{"name":"底板2","parent":"桃心","x":25.84,"y":138.45},{"name":"底板3","parent":"底板","length":15.02,"rotation":-138.69,"x":-54.68,"y":-42.9},{"name":"扫光","parent":"桃心","length":86.75,"rotation":-125.7,"x":-77.12,"y":59.34,"scaleX":0.838,"scaleY":0.918},{"name":"皇冠","parent":"底板","length":20.89,"rotation":129.69,"x":-62.78,"y":68.39},{"name":"金属1","parent":"底板","length":38.89,"rotation":50.71,"x":43.58,"y":40.35},{"name":"金属2","parent":"底板","length":41.25,"rotation":11.96,"x":60,"y":14.36},{"name":"金属3","parent":"底板","length":49.8,"rotation":33.8,"x":65.81,"y":35.56}],"slots":[{"name":"金属3","bone":"金属3","attachment":"金属3"},{"name":"金属2","bone":"金属2","attachment":"金属2"},{"name":"金属1","bone":"金属1","attachment":"金属1"},{"name":"底板2","bone":"底板3","attachment":"底板2"},{"name":"底板1","bone":"底板1","attachment":"底板1"},{"name":"底板","bone":"底板","attachment":"底板"},{"name":"皇冠","bone":"皇冠","attachment":"皇冠"},{"name":"桃心","bone":"桃心","attachment":"桃心"},{"name":"光","bone":"光","attachment":"光","blend":"additive"},{"name":"光3","bone":"光3","attachment":"光","blend":"additive"},{"name":"光2","bone":"光2","attachment":"光","blend":"additive"},{"name":"001","bone":"底板2","attachment":"001"},{"name":"扫光","bone":"扫光","color":"ffffff5e","attachment":"扫光","blend":"additive"}],"skins":[{"name":"default","attachments":{"001":{"001":{"type":"clipping","end":"001","vertexCount":47,"color":"ce3a3aff","vertices":[-25.19,-160.06,-30.75,-154.61,-36.21,-150.97,-41.94,-147.62,-48.31,-143.43,-53.04,-140.52,-57.14,-136.24,-61.78,-131.96,-66.14,-125.5,-70.06,-118.13,-71.51,-111.58,-71.79,-107.06,-71.06,-99.87,-69.06,-95.23,-64.96,-90.68,-58.96,-85.86,-54.5,-83.68,-49.49,-81.58,-43.49,-81.49,-38.66,-81.86,-34.93,-82.86,-30.93,-85.04,-28.02,-87.77,-25.74,-90.77,-22.19,-87.95,-18.46,-84.95,-14.27,-82.86,-10.45,-81.77,-7.27,-81.13,-2.17,-81.04,2.29,-81.95,8.11,-84.31,13.21,-88.86,17.67,-93.14,21.31,-100.24,22.31,-105.65,21.95,-112.29,19.85,-117.39,18.03,-122.03,15.67,-126.4,12.39,-130.49,8.3,-135.59,3.29,-139.77,-2.13,-143.56,-9.23,-147.65,-14.32,-151.11,-19.97,-155.02]}},"光":{"光":{"x":1.03,"y":0.1,"scaleX":0.186,"scaleY":0.186,"width":82,"height":76}},"光2":{"光":{"x":1.03,"y":0.1,"scaleX":0.75,"scaleY":0.75,"width":82,"height":76}},"光3":{"光":{"x":1.03,"y":0.1,"scaleX":0.473,"scaleY":0.473,"width":82,"height":76}},"底板":{"底板":{"x":-2.44,"y":0.19,"width":175,"height":175}},"底板1":{"底板1":{"x":2.86,"y":0.21,"rotation":34.33,"width":55,"height":69}},"底板2":{"底板2":{"x":-0.98,"y":1.52,"scaleX":0.992,"scaleY":0.992,"rotation":138.69,"width":58,"height":60}},"扫光":{"扫光":{"x":30.83,"y":1.09,"scaleX":1.039,"scaleY":1.039,"rotation":125.7,"width":181,"height":183}},"桃心":{"桃心":{"x":-4.72,"y":21.22,"width":104,"height":96}},"皇冠":{"皇冠":{"x":6.28,"y":0.84,"rotation":-129.69,"width":77,"height":76}},"金属1":{"金属1":{"x":22.24,"y":3.37,"rotation":-50.71,"width":60,"height":78}},"金属2":{"金属2":{"x":23.54,"y":-2.6,"rotation":-11.96,"width":79,"height":50}},"金属3":{"金属3":{"x":33.57,"y":2.96,"rotation":-33.8,"width":80,"height":84}}}}],"animations":{"animation":{"slots":{"光":{"color":[{"color":"ffffff00","curve":"stepped"},{"time":0.5,"color":"ffffff00"},{"time":0.8333,"color":"fffffffe"},{"time":1.1667,"color":"ffffff00"}]},"光2":{"color":[{"color":"ffffff00","curve":"stepped"},{"time":0.6667,"color":"ffffff00"},{"time":1,"color":"fffffffe"},{"time":1.3333,"color":"ffffff00"}]},"光3":{"color":[{"color":"ffffff00","curve":"stepped"},{"time":0.1667,"color":"ffffff00"},{"time":0.5,"color":"fffffffe"},{"time":0.8333,"color":"ffffff00"}]}},"bones":{"底板":{"scale":[{"curve":0.25,"c3":0.75},{"time":0.1667,"x":0.909,"y":0.909},{"time":0.5,"x":1.179,"y":1.179,"curve":0.25,"c3":0.75},{"time":1.3333,"x":1.224,"y":1.224,"curve":0.25,"c3":0.627,"c4":0.75},{"time":1.5}]},"金属3":{"rotate":[{"time":0.1667},{"time":0.6667,"angle":-19.74},{"time":1.3333}]},"金属2":{"rotate":[{"time":0.1667},{"time":0.6667,"angle":-19.74},{"time":1.3333}]},"金属1":{"rotate":[{"time":0.1667},{"time":0.6667,"angle":-19.74},{"time":1.3333}]},"皇冠":{"translate":[{"x":1.3,"y":-1.3,"curve":"stepped"},{"time":0.3333,"x":1.3,"y":-1.3},{"time":0.8667,"x":-3.5,"y":4.53},{"time":1.3333,"x":1.3,"y":-1.3}]},"扫光":{"rotate":[{"time":0.1667,"angle":-18.46}],"translate":[{"time":0.1667,"x":1.74,"y":7.68},{"time":1,"x":181.92,"y":-36.55}]},"桃心":{"scale":[{"time":0.3333},{"time":0.6333,"x":1.161,"y":1.161},{"time":0.8333},{"time":1,"x":1.081,"y":1.081},{"time":1.1667}]},"底板3":{"translate":[{"time":0.3333},{"time":0.8333,"x":-5.84,"y":-3.09},{"time":1.3333}]},"底板1":{"translate":[{"time":0.3333},{"time":0.8333,"x":5.72,"y":-3.68},{"time":1.3333}]}}}}},[0]]],0,0,[0],[-1],[0]]
