[1,["a237fUa+BFW4+iQ0IIu76l@f9941","92TV9zMHNBUYnWqxQ8WrUV@f9941","92TV9zMHNBUYnWqxQ8WrUV@6c48a","a8aYKVeRdLHbV2yT1kuSaB@f9941","5fYvJNoSZEMr9KCB5t7Sm/@f9941","f05FYBiWlGYrJFo9AK2HSB@f9941","f0BMwQa2NJqZESuRsowEV7@f9941","f5FbxlrnJIWrDtj/oTafi8","c4/LiIeQNHn4h+Dnl3Xa9+@f9941","88eitOkqpA0pPmGqG6t3bS@f9941","f0BMwQa2NJqZESuRsowEV7@6c48a","f05FYBiWlGYrJFo9AK2HSB@6c48a"],["node","_spriteFrame","_textureSource","_normalSprite","root","ndOut","ndSound","labVersion","labLoading","progress","_target","data","_parent","_file","spriteFrame"],[["cc.Node",["_name","_active","_layer","_components","_prefab","_parent","_children","_lpos"],0,9,4,1,2,5],["cc.Node",["_name","_layer","_active","_parent","_components","_prefab","_lpos","_children"],0,1,12,4,5,2],["cc.UITransform",["node","__prefab","_contentSize","_anchorPoint"],3,1,4,5,5],["cc.Widget",["_alignFlags","_top","_originalHeight","_right","_originalWidth","_bottom","node","__prefab"],-3,1,4],["cc.Sprite",["_sizeMode","_type","node","__prefab","_spriteFrame"],1,1,4,6],"cc.SpriteFrame",["cc.Button",["_transition","_zoomScale","node","__prefab","_normalSprite","_normalColor","_target","clickEvents"],1,1,4,6,5,1,9],["cc.Label",["_string","_actualFontSize","_fontSize","_lineHeight","_enableOutline","node","__prefab"],-2,1,4],["cc.Prefab",["_name"],2],["cc.CompPrefabInfo",["fileId"],2],["f17a5sq9LhIkI9vJMVOYqUB",["node","__prefab","progress","labLoading","labVersion","ndSound","ndOut"],3,1,4,1,1,1,1,1],["cc.PrefabInfo",["fileId","instance","targetOverrides","nestedPrefabInstanceRoots","root","asset"],-1,1,1],["cc.ClickEvent",["_componentId","handler","target"],1,1],["cc.Layout",["_layoutType","_horizontalDirection","node","__prefab"],1,1,4],["cc.LabelOutline",["node","__prefab"],3,1,4],["cc.ParticleSystem2D",["_dstBlendFactor","emissionRate","life","lifeVar","angle","angleVar","startSize","startSizeVar","endSize","speed","speedVar","tangentialAccel","_totalParticles","node","__prefab","posVar","_startColor","_startColorVar","_endColor","_endColorVar","_file","_spriteFrame"],-10,1,4,5,5,5,5,5,6,6],["cc.ProgressBar",["_totalLength","_progress","node","__prefab","_barSprite"],1,1,4,1],["cc.ParticleAsset",["_name","_native"],1]],[[9,0,2],[11,0,1,2,3,4,5,5],[2,0,1,2,1],[4,2,3,4,1],[3,0,4,2,6,7,4],[0,0,5,3,4,7,2],[3,0,1,6,7,3],[4,1,0,2,3,4,3],[8,0,2],[0,0,6,3,4,2],[0,0,3,4,7,2],[0,0,1,5,3,4,7,3],[0,0,5,6,3,4,2],[0,0,5,6,3,4,7,2],[0,0,1,5,6,3,4,3],[0,0,5,3,4,2],[0,0,2,5,3,4,3],[1,0,3,7,4,5,6,2],[1,0,1,3,7,4,5,6,3],[1,0,3,4,5,2],[1,0,2,3,4,5,6,3],[2,0,1,2,3,1],[2,0,1,1],[2,0,1,3,1],[3,0,3,1,6,7,4],[3,0,3,1,5,2,6,7,6],[10,0,1,2,3,4,5,6,1],[4,0,2,3,4,2],[4,1,0,2,3,3],[6,0,1,2,3,5,6,4,3],[6,0,1,2,3,7,4,3],[12,0,1,2,3],[13,0,1,2,3,3],[14,0,1,1],[15,0,1,2,3,4,5,6,7,8,9,10,11,12,13,14,15,16,17,18,19,20,21,14],[7,0,1,2,3,4,5,6,6],[7,0,1,2,5,6,4],[16,0,1,2,3,4,3],[17,0,1,3]],[[[{"name":"fire","rect":{"x":1,"y":1,"width":29,"height":29},"offset":{"x":-0.5,"y":0.5},"originalSize":{"width":32,"height":32},"rotated":false,"capInsets":[0,0,0,0],"vertices":{"rawPosition":[-14.5,-14.5,0,14.5,-14.5,0,-14.5,14.5,0,14.5,14.5,0],"indexes":[0,1,2,2,1,3],"uv":[1,31,30,31,1,2,30,2],"nuv":[0.03125,0.0625,0.9375,0.0625,0.03125,0.96875,0.9375,0.96875],"minPos":{"x":-14.5,"y":-14.5,"z":0},"maxPos":{"x":14.5,"y":14.5,"z":0}},"packable":true,"pixelsToUnit":100,"pivot":{"x":0.5,"y":0.5},"meshType":0}],[5],0,[0],[2],[2]],[[[8,"prefab_dfdc_loading"],[9,"prefab_dfdc_loading",[-10,-11,-12,-13,-14,-15],[[2,-2,[0,"dfCU3jTG9B6ZW9uYSnQgLW"],[5,1334,750.0000000000001]],[4,45,100,100,-3,[0,"02uvwZOpJJdqebypIp0fCg"]],[26,-9,[0,"480qzMYotLQIQOQMbtS5nx"],-8,-7,-6,-5,-4]],[1,"c46/YsCPVOJYA4mWEpNYRx",null,null,null,-1,0]],[17,"props_progressBar",1,[-19,-20],[[[2,-16,[0,"d4ZhR1H4VAUJEWeQ2yvtil"],[5,796,48]],[7,1,2,-17,[0,"91v4q1TeFIS6D/H1IA9ppi"],6],-18],4,4,1],[1,"75LWO0ddBPyqAPsrQiXf5M",null,null,null,1,0],[1,0,-288.162,0]],[10,"props_btn_return",[[2,-21,[0,"23MLo4b41OIpzC4wx5FT5G"],[5,62,62]],[7,1,0,-22,[0,"0d7zSd6GxBfIpTPoi4sw3q"],7],[29,3,0.9,-24,[0,"9bpiHtdZJN+LRdLy6SDgDa"],[4,4292269782],-23,8],[24,33,20,30,-25,[0,"99fuC6DCZK/LuWtpGuyV24"]]],[1,"f0eGbpad9M556/YLqTju3g",null,null,null,1,0],[1,616,314.00000000000006,0]],[11,"btn_off",false,1,[[2,-26,[0,"4ddOwNz/lLkqQnriLK2Ljw"],[5,62,62]],[3,-27,[0,"968uh71PtDY70GESY/77k5"],9],[25,33,40,40,660.2239999999999,62,-28,[0,"d0Qn6y8E5ArIwfhVz825+z"]],[30,3,0.9,-29,[0,"6c6n+7Q0FCya8V9AwDD0Z0"],[[31,"f17a5sq9LhIkI9vJMVOYqUB","exitGame",1]],10]],[1,"7c63/QVTZCdb4dHVj92yrQ",null,null,null,1,0],[1,596,304.00000000000006,0]],[12,"spr_loading_bg",1,[-33],[[2,-30,[0,"b7TNo1CPJAXYpczspwmWry"],[5,1334,750.0000000000001]],[27,0,-31,[0,"1efQ/BPJhIDI5VS6LZYPyW"],3],[4,45,1600,800,-32,[0,"d9b+gv2I5IlLIScL38zqiO"]]],[1,"8cH95fjVpFkotYZeeZ7h1w",null,null,null,1,0]],[13,"wawa",5,[-36,-37],[[2,-34,[0,"0aCLA9qhtPSKjuUNdv5qhT"],[5,1187,496]],[3,-35,[0,"6f901IZnVE6Ipz6sOZqRgP"],2]],[1,"f7t5GafTlEuq9wOJqHNQ9E",null,null,null,1,0],[1,0,43.077,0]],[18,"Bar",33554432,2,[-41],[[[21,-38,[0,"7fCIoWf4tBapBx/QL4Y7x9"],[5,0,24],[0,0,0.5]],-39,[32,1,1,-40,[0,"f3xOzkgYpKDotUFETTZm3s"]]],4,1,4],[1,"daU+SLqdpC2YSLUP84yqjQ",null,null,null,1,0],[1,-387,0,0]],[5,"scatter",6,[[2,-42,[0,"c4v1LGd85P3KEma/oV8HGT"],[5,360,98]],[3,-43,[0,"20BRKwLjZJ1J2OOMMpUAUh"],0],[6,1,327,-44,[0,"72JM5yo7JG64T73r6PRiYB"]]],[1,"2bOU5I6RlIkZhCvq8jIlAa",null,null,null,1,0],[1,467.44,-128,0]],[5,"wild",6,[[2,-45,[0,"ecvt7qIhpPaaPsYUoewc7q"],[5,231,92]],[3,-46,[0,"97pG1ioFdE6pfU3bOIaqdT"],1],[6,1,327,-47,[0,"85WqMveBZMhJZIg5Bl76et"]]],[1,"a23BBLtR9NgZlu1uab9XNn",null,null,null,1,0],[1,-457.829,-125,0]],[19,"props_progressTip",2,[[[2,-48,[0,"1dTWuaxJBBVYg5robHCtvB"],[5,32.897202223019114,41.800000000000004]],-49,[33,-50,[0,"9bpIZxreRO5aATjEbF25gF"]]],4,1,4],[1,"d8zasLuf1GgJezpZu5QCU0",null,null,null,1,0]],[14," node_widget",false,1,[3],[[2,-51,[0,"a8AZuGFHpNfoVgLRn9aPDz"],[5,1334,750.0000000000001]],[4,45,100,100,-52,[0,"5bx34F7NRAc4ZqoWn6l3Xb"]]],[1,"82Gvrw7H1PTayQo/nk7LX8",null,null,null,1,0]],[15,"Node",1,[[22,-53,[0,"d7DxwMCGFNv5vhd6p/brDw"]]],[1,"1d8ZJX/A9FU6pjn3Bd3y+N",null,null,null,1,0]],[16,"fire",33554432,7,[[23,-54,[0,"bcBfAPFe9JNp8+EWtKJ3H4"],[0,1,0.5]],[34,1,50,0.3,0.1,180,0,20,5,30,30,20,0,100,-55,[0,"7cuzAL651C0qTHHJC+5dGK"],[0,10,5],[4,65535],[4,5570560],[4,4278190335],[4,4281597952],4,5]],[1,"07ZtihowdGcLFY+y9BOFXY",null,null,null,1,0]],[20,"props_version",false,1,[[[2,-56,[0,"a9oa1m/rBIsp98x88DdXRN"],[5,13.316128319338373,50.39999999999999]],-57],4,1],[1,"c4sznT5UtB/L7apjHXaD7F",null,null,null,1,0],[1,0,-350,0]],[28,2,0,7,[0,"7eahCru0tKa6K6mC2uNuQ/"]],[35,"0%",21.386666666666663,20,30,true,10,[0,"5fNXM30opC44hinMXxHy/R"]],[37,772,0,2,[0,"cfZeM6cOFFY5PA8uIv7S6B"],15],[36,"--",21.386666666666663,20,14,[0,"1diWMZTtRC/5YWiLMdCTVj"]]],0,[0,4,1,0,0,1,0,0,1,0,5,4,0,6,12,0,7,18,0,8,16,0,9,17,0,0,1,0,-1,12,0,-2,5,0,-3,2,0,-4,11,0,-5,14,0,-6,4,0,0,2,0,0,2,0,-3,17,0,-1,7,0,-2,10,0,0,3,0,0,3,0,10,3,0,0,3,0,0,3,0,0,4,0,0,4,0,0,4,0,0,4,0,0,5,0,0,5,0,0,5,0,-1,6,0,0,6,0,0,6,0,-1,8,0,-2,9,0,0,7,0,-2,15,0,0,7,0,-1,13,0,0,8,0,0,8,0,0,8,0,0,9,0,0,9,0,0,9,0,0,10,0,-2,16,0,0,10,0,0,11,0,0,11,0,0,12,0,0,13,0,0,13,0,0,14,0,-2,18,0,11,1,3,12,11,57],[0,0,0,0,0,0,0,0,0,0,0,15],[1,1,1,1,13,1,1,1,3,1,3,1],[3,4,5,6,7,1,8,0,0,0,0,9]],[[{"name":"loading_bg","rect":{"x":0,"y":0,"width":1334,"height":750},"offset":{"x":0,"y":0},"originalSize":{"width":1334,"height":750},"rotated":false,"capInsets":[0,0,0,0],"vertices":{"rawPosition":[-667,-375,0,667,-375,0,-667,375,0,667,375,0],"indexes":[0,1,2,2,1,3],"uv":[0,750,1334,750,0,0,1334,0],"nuv":[0,0,1,0,0,1,1,1],"minPos":{"x":-667,"y":-375,"z":0},"maxPos":{"x":667,"y":375,"z":0}},"packable":true,"pixelsToUnit":100,"pivot":{"x":0.5,"y":0.5},"meshType":0}],[5],0,[0],[2],[10]],[[{"name":"wawa","rect":{"x":94,"y":88,"width":1187,"height":496},"offset":{"x":20.5,"y":39},"originalSize":{"width":1334,"height":750},"rotated":false,"capInsets":[0,0,0,0],"vertices":{"rawPosition":[-593.5,-248,0,593.5,-248,0,-593.5,248,0,593.5,248,0],"indexes":[0,1,2,2,1,3],"uv":[94,662,1281,662,94,166,1281,166],"nuv":[0.0704647676161919,0.22133333333333333,0.9602698650674663,0.22133333333333333,0.0704647676161919,0.8826666666666667,0.9602698650674663,0.8826666666666667],"minPos":{"x":-593.5,"y":-248,"z":0},"maxPos":{"x":593.5,"y":248,"z":0}},"packable":true,"pixelsToUnit":100,"pivot":{"x":0.5,"y":0.5},"meshType":0}],[5],0,[0],[2],[11]],[[[38,"fire",".plist"],-1],0,0,[0],[14],[1]]]]
