[1,["18cc05ac0@6c48a"],["_textureSource"],["cc.SpriteFrame"],0,[[[{"name":"rule2","rect":{"x":3,"y":3,"width":996,"height":412},"offset":{"x":0,"y":0},"originalSize":{"width":996,"height":412},"rotated":false,"capInsets":[0,0,0,0],"packable":true,"pixelsToUnit":100,"pivot":{"x":0.5,"y":0.5},"meshType":0}],[0],0,[0],[0],[0]],[[{"name":"spr_popup_hint_0","rect":{"x":3,"y":839,"width":587,"height":40},"offset":{"x":0,"y":0},"originalSize":{"width":587,"height":40},"rotated":false,"capInsets":[0,0,0,0],"packable":true,"pixelsToUnit":100,"pivot":{"x":0.5,"y":0.5},"meshType":0}],[0],0,[0],[0],[0]],[[{"name":"bg_dfdc_guize_Kembalikepermainan","rect":{"x":596,"y":839,"width":334,"height":94},"offset":{"x":0,"y":0},"originalSize":{"width":334,"height":94},"rotated":false,"capInsets":[0,0,0,0],"packable":true,"pixelsToUnit":100,"pivot":{"x":0.5,"y":0.5},"meshType":0}],[0],0,[0],[0],[0]],[[{"name":"ID_1121","rect":{"x":3,"y":421,"width":996,"height":412},"offset":{"x":0,"y":0},"originalSize":{"width":996,"height":412},"rotated":false,"capInsets":[0,0,0,0],"packable":true,"pixelsToUnit":100,"pivot":{"x":0.5,"y":0.5},"meshType":0}],[0],0,[0],[0],[0]]]]
