[1,["79fade09-ad86-46f4-a5c9-a342e32f6af8@6c48a"],["_textureSource"],["cc.SpriteFrame"],0,[{"name":"Luckywheel_Lock","rect":{"x":0,"y":5,"width":470,"height":47},"offset":{"x":0,"y":-2.5},"originalSize":{"width":470,"height":52},"rotated":false,"capInsets":[0,0,0,0],"vertices":{"rawPosition":[-235,-23.5,0,235,-23.5,0,-235,23.5,0,235,23.5,0],"indexes":[0,1,2,2,1,3],"uv":[0,47,470,47,0,0,470,0],"nuv":[0,0,1,0,0,0.9038461538461539,1,0.9038461538461539],"minPos":{"x":-235,"y":-23.5,"z":0},"maxPos":{"x":235,"y":23.5,"z":0}},"packable":true,"pixelsToUnit":100,"pivot":{"x":0.5,"y":0.5},"meshType":0}],[0],0,[0],[0],[0]]
