[1,["cfe2Tln2ZFeJ8maL5b2WQV@6c48a"],["_textureSource"],["cc.SpriteFrame"],0,[{"name":"btn_off","rect":{"x":0,"y":0,"width":62,"height":62},"offset":{"x":0,"y":0},"originalSize":{"width":62,"height":62},"rotated":false,"capInsets":[0,0,0,0],"vertices":{"rawPosition":[-31,-31,0,31,-31,0,-31,31,0,31,31,0],"indexes":[0,1,2,2,1,3],"uv":[0,62,62,62,0,0,62,0],"nuv":[0,0,1,0,0,1,1,1],"minPos":{"x":-31,"y":-31,"z":0},"maxPos":{"x":31,"y":31,"z":0}},"packable":true,"pixelsToUnit":100,"pivot":{"x":0.5,"y":0.5},"meshType":0}],[0],0,[0],[0],[0]]
