[1,["0dZcmd8k5A06vGHxYAwel8@6c48a"],["_textureSource"],["cc.SpriteFrame"],0,[{"name":"ocean_mermaidbg_change_06","rect":{"x":5,"y":93,"width":290,"height":524},"offset":{"x":0,"y":-45},"originalSize":{"width":300,"height":620},"rotated":false,"capInsets":[0,0,0,0],"vertices":{"rawPosition":[-145,-262,0,145,-262,0,-145,262,0,145,262,0],"indexes":[0,1,2,2,1,3],"uv":[5,527,295,527,5,3,295,3],"nuv":[0.016666666666666666,0.004838709677419355,0.9833333333333333,0.004838709677419355,0.016666666666666666,0.85,0.9833333333333333,0.85],"minPos":{"x":-145,"y":-262,"z":0},"maxPos":{"x":145,"y":262,"z":0}},"packable":true,"pixelsToUnit":100,"pivot":{"x":0.5,"y":0.5},"meshType":0}],[0],0,[0],[0],[0]]
