[1,["e0Ecm3k/BLGbjLVOctRhxF@f9941","e0Ecm3k/BLGbjLVOctRhxF@6c48a"],["spriteFrame","_textureSource"],["cc.SpriteFrame",["cc.BitmapFont",["_name","fontSize","fntConfig"],0]],[[1,0,1,2,4]],[[[[0,"ocean_win_number_font",32,{"commonHeight":32,"fontSize":32,"atlasName":"ocean_win_number_font.png","fontDefDictionary":{"36":{"xOffset":-2,"yOffset":-25,"xAdvance":28,"rect":{"x":77,"y":0,"width":32,"height":51}},"44":{"xOffset":-2,"yOffset":-25,"xAdvance":9,"rect":{"x":42,"y":53,"width":13,"height":51}},"46":{"xOffset":-2,"yOffset":-25,"xAdvance":10,"rect":{"x":26,"y":53,"width":14,"height":51}},"48":{"xOffset":-2,"yOffset":-25,"xAdvance":28,"rect":{"x":111,"y":0,"width":32,"height":51}},"49":{"xOffset":-2,"yOffset":-25,"xAdvance":20,"rect":{"x":0,"y":53,"width":24,"height":51}},"50":{"xOffset":-2,"yOffset":-25,"xAdvance":26,"rect":{"x":414,"y":0,"width":30,"height":51}},"51":{"xOffset":-2,"yOffset":-25,"xAdvance":27,"rect":{"x":315,"y":0,"width":31,"height":51}},"52":{"xOffset":-2,"yOffset":-25,"xAdvance":28,"rect":{"x":145,"y":0,"width":32,"height":51}},"53":{"xOffset":-2,"yOffset":-25,"xAdvance":28,"rect":{"x":179,"y":0,"width":32,"height":51}},"54":{"xOffset":-2,"yOffset":-25,"xAdvance":28,"rect":{"x":213,"y":0,"width":32,"height":51}},"55":{"xOffset":-2,"yOffset":-25,"xAdvance":23,"rect":{"x":478,"y":0,"width":27,"height":51}},"56":{"xOffset":-2,"yOffset":-25,"xAdvance":27,"rect":{"x":348,"y":0,"width":31,"height":51}},"57":{"xOffset":-2,"yOffset":-25,"xAdvance":28,"rect":{"x":247,"y":0,"width":32,"height":51}},"66":{"xOffset":-2,"yOffset":-25,"xAdvance":28,"rect":{"x":281,"y":0,"width":32,"height":51}},"75":{"xOffset":-2,"yOffset":-25,"xAdvance":29,"rect":{"x":42,"y":0,"width":33,"height":51}},"77":{"xOffset":-2,"yOffset":-25,"xAdvance":36,"rect":{"x":0,"y":0,"width":40,"height":51}},"82":{"xOffset":-2,"yOffset":-25,"xAdvance":27,"rect":{"x":381,"y":0,"width":31,"height":51}},"84":{"xOffset":-2,"yOffset":-25,"xAdvance":26,"rect":{"x":446,"y":0,"width":30,"height":51}}},"kerningDict":{}}]],0,0,[0],[0],[0]],[[{"name":"ocean_win_number_font","rect":{"x":2,"y":2,"width":501,"height":100},"offset":{"x":-3.5,"y":76},"originalSize":{"width":512,"height":256},"rotated":false,"capInsets":[0,0,0,0],"vertices":{"rawPosition":[-250.5,-50,0,250.5,-50,0,-250.5,50,0,250.5,50,0],"indexes":[0,1,2,2,1,3],"uv":[2,254,503,254,2,154,503,154],"nuv":[0.00390625,0.6015625,0.982421875,0.6015625,0.00390625,0.9921875,0.982421875,0.9921875],"minPos":{"x":-250.5,"y":-50,"z":0},"maxPos":{"x":250.5,"y":50,"z":0}},"packable":true,"pixelsToUnit":100,"pivot":{"x":0.5,"y":0.5},"meshType":0}],[0],0,[0],[1],[1]]]]
