[1,["9bOqT2kKtBRLkyQfI6V8Pq@6c48a"],["_textureSource"],["cc.SpriteFrame"],0,[{"name":"mini_bonus","rect":{"x":0,"y":0,"width":142,"height":87},"offset":{"x":0,"y":0},"originalSize":{"width":142,"height":87},"rotated":false,"capInsets":[0,0,0,0],"vertices":{"rawPosition":[-71,-43.5,0,71,-43.5,0,-71,43.5,0,71,43.5,0],"indexes":[0,1,2,2,1,3],"uv":[0,87,142,87,0,0,142,0],"nuv":[0,0,1,0,0,1,1,1],"minPos":{"x":-71,"y":-43.5,"z":0},"maxPos":{"x":71,"y":43.5,"z":0}},"packable":true,"pixelsToUnit":100,"pivot":{"x":0.5,"y":0.5},"meshType":0}],[0],0,[0],[0],[0]]
