[1,["9b1ZN74e1PY6mD8wwWdBVO@6c48a"],["_textureSource"],["cc.SpriteFrame"],0,[{"name":"jackpots_locked","rect":{"x":0,"y":0,"width":1056,"height":92},"offset":{"x":0,"y":0},"originalSize":{"width":1056,"height":92},"rotated":false,"capInsets":[0,0,0,0],"vertices":{"rawPosition":[-528,-46,0,528,-46,0,-528,46,0,528,46,0],"indexes":[0,1,2,2,1,3],"uv":[0,92,1056,92,0,0,1056,0],"nuv":[0,0,1,0,0,1,1,1],"minPos":{"x":-528,"y":-46,"z":0},"maxPos":{"x":528,"y":46,"z":0}},"packable":true,"pixelsToUnit":100,"pivot":{"x":0.5,"y":0.5},"meshType":0}],[0],0,[0],[0],[0]]
