[1,["9b9XBeuOxEJqzm5yPgkK+o@6c48a"],["_textureSource"],["cc.SpriteFrame"],0,[{"name":"sea_icon_treasurebox_07","rect":{"x":38,"y":77,"width":335,"height":300},"offset":{"x":-50.5,"y":29},"originalSize":{"width":512,"height":512},"rotated":false,"capInsets":[0,0,0,0],"vertices":{"rawPosition":[-167.5,-150,0,167.5,-150,0,-167.5,150,0,167.5,150,0],"indexes":[0,1,2,2,1,3],"uv":[38,435,373,435,38,135,373,135],"nuv":[0.07421875,0.263671875,0.728515625,0.263671875,0.07421875,0.849609375,0.728515625,0.849609375],"minPos":{"x":-167.5,"y":-150,"z":0},"maxPos":{"x":167.5,"y":150,"z":0}},"packable":true,"pixelsToUnit":100,"pivot":{"x":0.5,"y":0.5},"meshType":0}],[0],0,[0],[0],[0]]
