[1,["2887f055-ddd0-4aca-8d72-3b4b63aea992@6c48a"],0,[["sp.SkeletonData",["_name","_atlasText","textureNames","_skeletonJson","textures"],-1,3]],[[0,0,1,2,3,4,5]],[[0,"hit_pifu3","\r\nhit_pifu3.png\r\nsize: 512,256\r\nformat: RGBA8888\r\nfilter: Linear,Linear\r\nrepeat: none\r\nguang\r\n  rotate: false\r\n  xy: 158, 74\r\n  size: 22, 22\r\n  orig: 22, 22\r\n  offset: 0, 0\r\n  index: -1\r\nwang1\r\n  rotate: false\r\n  xy: 2, 2\r\n  size: 64, 64\r\n  orig: 64, 64\r\n  offset: 0, 0\r\n  index: -1\r\nwang2\r\n  rotate: false\r\n  xy: 158, 98\r\n  size: 124, 124\r\n  orig: 124, 124\r\n  offset: 0, 0\r\n  index: -1\r\nwang3\r\n  rotate: false\r\n  xy: 2, 68\r\n  size: 154, 154\r\n  orig: 154, 154\r\n  offset: 0, 0\r\n  index: -1\r\n",["hit_pifu3.png"],{"skeleton":{"hash":"awazBFt6fKnEOBkqVGkCgtjsuw0","spine":"2.1.27","width":243.53,"height":154,"images":""},"bones":[{"name":"root"},{"name":"gen1","parent":"root"},{"name":"gen2","parent":"root"},{"name":"guang1","parent":"root","x":145.78,"y":1.66},{"name":"guang2","parent":"root","x":155.53,"y":-6.86},{"name":"guang3","parent":"root","x":155.53,"y":-6.86},{"name":"guang4","parent":"root","x":155.53,"y":-6.86},{"name":"guang5","parent":"root","x":155.53,"y":-6.86},{"name":"guang6","parent":"root","x":155.53,"y":-6.86},{"name":"guang7","parent":"root","x":155.53,"y":-6.86},{"name":"guang8","parent":"root","x":155.53,"y":-6.86},{"name":"wang1","parent":"gen1"},{"name":"wang1a","parent":"gen1"},{"name":"wang2","parent":"gen1"},{"name":"wang3","parent":"gen1"},{"name":"wang4","parent":"gen2"},{"name":"wang4a","parent":"gen2"},{"name":"wang5","parent":"gen2"},{"name":"wang6","parent":"gen2"}],"slots":[{"name":"wang2","bone":"wang2","attachment":"wang2"},{"name":"wang5","bone":"wang5","attachment":"wang2"},{"name":"guang","bone":"guang1","attachment":"guang"},{"name":"guang2","bone":"guang2","attachment":"guang"},{"name":"guang5","bone":"guang5","attachment":"guang"},{"name":"guang4","bone":"guang4","attachment":"guang"},{"name":"guang3","bone":"guang3","attachment":"guang"},{"name":"guang6","bone":"guang6","attachment":"guang"},{"name":"guang7","bone":"guang7","attachment":"guang"},{"name":"guang8","bone":"guang8","attachment":"guang"},{"name":"wang1","bone":"wang1","attachment":"wang1"},{"name":"wang7","bone":"wang1a","attachment":"wang1","blend":"additive"},{"name":"wang3","bone":"wang3","attachment":"wang3","blend":"additive"},{"name":"wang3a","bone":"wang3","attachment":"wang3","blend":"additive"},{"name":"wang6","bone":"wang6","attachment":"wang3"},{"name":"wang9","bone":"wang6","attachment":"wang3","blend":"additive"},{"name":"wang4","bone":"wang4","attachment":"wang1"},{"name":"wang8","bone":"wang4a","attachment":"wang1"}],"skins":{"default":{"guang":{"guang":{"width":22,"height":22}},"guang2":{"guang":{"width":22,"height":22}},"guang3":{"guang":{"width":22,"height":22}},"guang4":{"guang":{"width":22,"height":22}},"guang5":{"guang":{"width":22,"height":22}},"guang6":{"guang":{"width":22,"height":22}},"guang7":{"guang":{"width":22,"height":22}},"guang8":{"guang":{"width":22,"height":22}},"wang1":{"wang1":{"width":64,"height":64}},"wang2":{"wang2":{"width":124,"height":124}},"wang3":{"wang3":{"width":154,"height":154}},"wang3a":{"wang3":{"width":154,"height":154}},"wang4":{"wang1":{"width":64,"height":64}},"wang5":{"wang2":{"width":124,"height":124}},"wang6":{"wang3":{"width":154,"height":154}},"wang7":{"wang1":{"width":64,"height":64}},"wang8":{"wang1":{"width":64,"height":64}},"wang9":{"wang3":{"width":154,"height":154}}}},"animations":{"jibie1":{"slots":{"guang4":{"attachment":[{"time":0,"name":"guang"}]},"guang5":{"attachment":[{"time":0,"name":"guang"}]},"guang6":{"attachment":[{"time":0.2333,"name":"guang"}]},"guang7":{"attachment":[{"time":0,"name":"guang"}]},"guang8":{"attachment":[{"time":0.3333,"name":"guang"}]},"wang1":{"color":[{"time":0,"color":"ffffff00"},{"time":0.1,"color":"ffffffff","curve":"stepped"},{"time":0.2666,"color":"ffffffff"},{"time":0.5666,"color":"ffffff00"}]},"wang2":{"color":[{"time":0,"color":"ffffff00"},{"time":0.1333,"color":"ffffffff","curve":"stepped"},{"time":0.3,"color":"ffffffff"},{"time":0.5,"color":"ffffff00"}]},"wang3":{"color":[{"time":0,"color":"ffffff00","curve":"stepped"},{"time":0.1333,"color":"ffffff00"},{"time":0.2333,"color":"ffffffff"},{"time":0.5666,"color":"ffffff00"}]},"wang4":{"color":[{"time":0,"color":"ffffff00","curve":"stepped"},{"time":0.1333,"color":"ffffff00"},{"time":0.2333,"color":"ffffffff","curve":"stepped"},{"time":0.4,"color":"ffffffff"},{"time":0.7,"color":"ffffff00"}]},"wang5":{"color":[{"time":0,"color":"ffffff00","curve":"stepped"},{"time":0.1333,"color":"ffffff00"},{"time":0.2666,"color":"ffffffff","curve":"stepped"},{"time":0.4333,"color":"ffffffff"},{"time":0.6333,"color":"ffffff00"}]},"wang6":{"color":[{"time":0,"color":"ffffff00","curve":"stepped"},{"time":0.1333,"color":"ffffff00","curve":"stepped"},{"time":0.2666,"color":"ffffff00"},{"time":0.3666,"color":"ffffffff"},{"time":0.7,"color":"ffffff00"}]},"wang7":{"color":[{"time":0,"color":"ffffff00"},{"time":0.2333,"color":"ffffffff"},{"time":0.5333,"color":"ffffff00"}]},"wang8":{"color":[{"time":0,"color":"ffffff00","curve":"stepped"},{"time":0.1333,"color":"ffffff00"},{"time":0.3666,"color":"ffffffff"},{"time":0.6666,"color":"ffffff00"}]},"wang9":{"color":[{"time":0,"color":"ffffff00","curve":"stepped"},{"time":0.1333,"color":"ffffff00","curve":"stepped"},{"time":0.2666,"color":"ffffff00"},{"time":0.3666,"color":"ffffffff"},{"time":0.7,"color":"ffffff00"}]},"wang3a":{"color":[{"time":0,"color":"ffffff00","curve":"stepped"},{"time":0.1333,"color":"ffffff00"},{"time":0.2333,"color":"ffffffff"},{"time":0.5666,"color":"ffffff00"}]}},"bones":{"root":{"rotate":[{"time":0,"angle":0}],"translate":[{"time":0,"x":0,"y":0}],"scale":[{"time":0,"x":1,"y":1}]},"guang1":{"rotate":[{"time":0,"angle":0}],"translate":[{"time":0,"x":-177.75,"y":10.51},{"time":0.5,"x":-107.1,"y":98.71}],"scale":[{"time":0,"x":0,"y":0},{"time":0.0333,"x":4.774,"y":4.774},{"time":0.1333,"x":1.067,"y":1.067},{"time":0.5,"x":0,"y":0}]},"gen1":{"rotate":[{"time":0,"angle":0}],"translate":[{"time":0,"x":-32.03,"y":10.06}],"scale":[{"time":0,"x":1,"y":1}]},"guang2":{"rotate":[{"time":0,"angle":0,"curve":"stepped"},{"time":0.0666,"angle":0}],"translate":[{"time":0,"x":-145.78,"y":-1.66},{"time":0.0666,"x":-188.41,"y":20.41},{"time":0.5666,"x":-288.78,"y":-42.23}],"scale":[{"time":0,"x":0,"y":0,"curve":"stepped"},{"time":0.0666,"x":0,"y":0},{"time":0.1666,"x":3.049,"y":3.049},{"time":0.3666,"x":1.067,"y":1.067},{"time":0.5666,"x":0,"y":0}]},"guang3":{"rotate":[{"time":0,"angle":0,"curve":"stepped"},{"time":0.0666,"angle":0}],"translate":[{"time":0,"x":-145.78,"y":-1.66},{"time":0.0666,"x":-186.63,"y":18.56},{"time":0.5,"x":-141.19,"y":-58.49}],"scale":[{"time":0,"x":0,"y":0,"curve":"stepped"},{"time":0.0666,"x":0,"y":0},{"time":0.1,"x":3.147,"y":3.147},{"time":0.2333,"x":1.067,"y":1.067},{"time":0.5,"x":0,"y":0}]},"guang4":{"rotate":[{"time":0,"angle":0}],"translate":[{"time":0,"x":-186.76,"y":21.63},{"time":0.3666,"x":-250.75,"y":81.65}],"scale":[{"time":0,"x":0,"y":0},{"time":0.0333,"x":3.667,"y":3.667},{"time":0.1333,"x":1.067,"y":1.067},{"time":0.3666,"x":0,"y":0}]},"guang5":{"rotate":[{"time":0,"angle":0,"curve":"stepped"},{"time":0.1,"angle":0}],"translate":[{"time":0,"x":-145.78,"y":-1.66},{"time":0.1,"x":-109.99,"y":-6.23},{"time":0.6,"x":-17.61,"y":-27.04}],"scale":[{"time":0,"x":0,"y":0,"curve":"stepped"},{"time":0.1,"x":0,"y":0},{"time":0.2,"x":4.497,"y":4.497},{"time":0.3,"x":1.067,"y":1.067},{"time":0.6,"x":0,"y":0}]},"guang6":{"rotate":[{"time":0,"angle":0,"curve":"stepped"},{"time":0.2333,"angle":0}],"translate":[{"time":0,"x":-119.92,"y":-16.41,"curve":"stepped"},{"time":0.2333,"x":-119.92,"y":-16.41},{"time":0.6666,"x":-108.75,"y":-90.94}],"scale":[{"time":0,"x":0,"y":0,"curve":"stepped"},{"time":0.2333,"x":0,"y":0},{"time":0.3,"x":4.318,"y":4.318},{"time":0.4,"x":1.067,"y":1.067},{"time":0.6666,"x":0,"y":0}]},"wang1":{"rotate":[{"time":0,"angle":0},{"time":0.5666,"angle":-18.24}],"translate":[{"time":0,"x":0,"y":0}],"scale":[{"time":0,"x":1,"y":1},{"time":0.2666,"x":1.357,"y":1.357},{"time":0.5666,"x":1.264,"y":1.264}]},"gen2":{"translate":[{"time":0,"x":38.23,"y":-8.54}]},"wang1a":{"rotate":[{"time":0,"angle":0},{"time":0.5333,"angle":-86.82}],"translate":[{"time":0,"x":0,"y":0}],"scale":[{"time":0,"x":1,"y":1},{"time":0.2333,"x":1.376,"y":1.376},{"time":0.5333,"x":0.411,"y":0.411}]},"wang2":{"rotate":[{"time":0,"angle":0,"curve":"stepped"},{"time":0.2333,"angle":0}],"translate":[{"time":0,"x":0,"y":0,"curve":"stepped"},{"time":0.2333,"x":0,"y":0}],"scale":[{"time":0,"x":0,"y":0},{"time":0.2333,"x":1,"y":1},{"time":0.5666,"x":1.236,"y":1.236}]},"wang3":{"rotate":[{"time":0,"angle":0,"curve":"stepped"},{"time":0.4333,"angle":0}],"translate":[{"time":0,"x":0,"y":0,"curve":"stepped"},{"time":0.4333,"x":0,"y":0}],"scale":[{"time":0,"x":0.9,"y":0.9},{"time":0.4333,"x":1,"y":1}]},"wang4":{"rotate":[{"time":0,"angle":0,"curve":"stepped"},{"time":0.1333,"angle":0},{"time":0.7,"angle":-18.24}],"translate":[{"time":0,"x":0,"y":0,"curve":"stepped"},{"time":0.1333,"x":0,"y":0}],"scale":[{"time":0,"x":1,"y":1,"curve":"stepped"},{"time":0.1333,"x":1,"y":1},{"time":0.4,"x":1.357,"y":1.357},{"time":0.7,"x":1.264,"y":1.264}]},"wang5":{"rotate":[{"time":0,"angle":0,"curve":"stepped"},{"time":0.1333,"angle":0,"curve":"stepped"},{"time":0.3666,"angle":0}],"translate":[{"time":0,"x":0,"y":0,"curve":"stepped"},{"time":0.1333,"x":0,"y":0,"curve":"stepped"},{"time":0.3666,"x":0,"y":0}],"scale":[{"time":0,"x":0,"y":0,"curve":"stepped"},{"time":0.1333,"x":0,"y":0},{"time":0.3666,"x":1,"y":1},{"time":0.7,"x":1.236,"y":1.236}]},"wang6":{"rotate":[{"time":0,"angle":0,"curve":"stepped"},{"time":0.1333,"angle":0,"curve":"stepped"},{"time":0.5666,"angle":0}],"translate":[{"time":0,"x":0,"y":0,"curve":"stepped"},{"time":0.1333,"x":0,"y":0,"curve":"stepped"},{"time":0.5666,"x":0,"y":0}],"scale":[{"time":0,"x":0.9,"y":0.9,"curve":"stepped"},{"time":0.1333,"x":0.9,"y":0.9},{"time":0.5666,"x":1,"y":1}]},"wang4a":{"rotate":[{"time":0,"angle":0,"curve":"stepped"},{"time":0.1333,"angle":0},{"time":0.6666,"angle":-86.82}],"translate":[{"time":0,"x":0,"y":0,"curve":"stepped"},{"time":0.1333,"x":0,"y":0}],"scale":[{"time":0,"x":1,"y":1,"curve":"stepped"},{"time":0.1333,"x":1,"y":1},{"time":0.3666,"x":1.376,"y":1.376},{"time":0.6666,"x":0.411,"y":0.411}]},"guang7":{"rotate":[{"time":0,"angle":0,"curve":"stepped"},{"time":0.1666,"angle":0}],"translate":[{"time":0,"x":-119.92,"y":-16.41,"curve":"stepped"},{"time":0.1666,"x":-119.92,"y":-16.41},{"time":0.6,"x":-126.27,"y":85.4}],"scale":[{"time":0,"x":0,"y":0,"curve":"stepped"},{"time":0.1666,"x":0,"y":0},{"time":0.2333,"x":4.318,"y":4.318},{"time":0.3333,"x":1.067,"y":1.067},{"time":0.6,"x":0,"y":0}]},"guang8":{"rotate":[{"time":0,"angle":0,"curve":"stepped"},{"time":0.3333,"angle":0}],"translate":[{"time":0,"x":-119.92,"y":-16.41},{"time":0.3333,"x":-111.75,"y":-5.9},{"time":0.7,"x":-71.38,"y":65.54}],"scale":[{"time":0,"x":0,"y":0,"curve":"stepped"},{"time":0.3333,"x":0,"y":0},{"time":0.4,"x":4.318,"y":4.318},{"time":0.5,"x":1.067,"y":1.067},{"time":0.7,"x":0,"y":0}]}}},"jibie2":{"slots":{"guang6":{"attachment":[{"time":0,"name":null}]}},"bones":{"root":{"rotate":[{"time":0,"angle":0}],"translate":[{"time":0,"x":0,"y":0}],"scale":[{"time":0,"x":1,"y":1}]},"guang1":{"rotate":[{"time":0,"angle":0}],"translate":[{"time":0,"x":-145.78,"y":-1.66},{"time":0.1666,"x":-73.8,"y":20.07},{"time":0.5,"x":-37.82,"y":30.94}],"scale":[{"time":0,"x":0,"y":0},{"time":0.0333,"x":4.774,"y":4.774},{"time":0.1333,"x":1.067,"y":1.067},{"time":0.5,"x":0,"y":0}]},"gen1":{"rotate":[{"time":0,"angle":0}],"translate":[{"time":0,"x":0,"y":0}],"scale":[{"time":0,"x":1,"y":1}]},"guang2":{"rotate":[{"time":0,"angle":0,"curve":"stepped"},{"time":0.0666,"angle":0}],"translate":[{"time":0,"x":-145.78,"y":-1.66,"curve":"stepped"},{"time":0.0666,"x":-145.78,"y":-1.66},{"time":0.2666,"x":-221.56,"y":-32.61},{"time":0.5666,"x":-250.71,"y":-44.52}],"scale":[{"time":0,"x":0,"y":0,"curve":"stepped"},{"time":0.0666,"x":0,"y":0},{"time":0.1666,"x":3.049,"y":3.049},{"time":0.3666,"x":1.067,"y":1.067},{"time":0.5666,"x":0,"y":0}]},"guang3":{"rotate":[{"time":0,"angle":0,"curve":"stepped"},{"time":0.0666,"angle":0}],"translate":[{"time":0,"x":-145.78,"y":-1.66,"curve":"stepped"},{"time":0.0666,"x":-145.78,"y":-1.66},{"time":0.2,"x":-123.43,"y":-65.94},{"time":0.5,"x":-112.26,"y":-98.08}],"scale":[{"time":0,"x":0,"y":0,"curve":"stepped"},{"time":0.0666,"x":0,"y":0},{"time":0.1,"x":3.147,"y":3.147},{"time":0.2333,"x":1.067,"y":1.067},{"time":0.5,"x":0,"y":0}]},"guang4":{"rotate":[{"time":0,"angle":0}],"translate":[{"time":0,"x":-145.78,"y":-1.66},{"time":0.1,"x":-171.54,"y":73.4},{"time":0.3666,"x":-182.99,"y":106.77}],"scale":[{"time":0,"x":0,"y":0},{"time":0.0333,"x":3.667,"y":3.667},{"time":0.1333,"x":1.067,"y":1.067},{"time":0.3666,"x":0,"y":0}]},"guang5":{"rotate":[{"time":0,"angle":0,"curve":"stepped"},{"time":0.0666,"angle":0}],"translate":[{"time":0,"x":-145.78,"y":-1.66,"curve":"stepped"},{"time":0.0666,"x":-145.78,"y":-1.66},{"time":0.5666,"x":-24.47,"y":-16.38}],"scale":[{"time":0,"x":0,"y":0,"curve":"stepped"},{"time":0.0666,"x":0,"y":0},{"time":0.1666,"x":4.497,"y":4.497},{"time":0.2666,"x":1.067,"y":1.067},{"time":0.5666,"x":0,"y":0}]},"guang6":{"rotate":[{"time":0,"angle":0}],"translate":[{"time":0,"x":-145.78,"y":-1.66},{"time":0.1333,"x":-226.2,"y":29.12},{"time":0.4333,"x":-266.41,"y":44.52}],"scale":[{"time":0,"x":0,"y":0},{"time":0.0666,"x":4.318,"y":4.318},{"time":0.1666,"x":1.067,"y":1.067},{"time":0.4333,"x":0,"y":0}]}}},"jibie3":{"bones":{"root":{"rotate":[{"time":0,"angle":0}],"translate":[{"time":0,"x":0,"y":0}],"scale":[{"time":0,"x":1,"y":1}]},"guang1":{"rotate":[{"time":0,"angle":0}],"translate":[{"time":0,"x":-145.78,"y":-1.66},{"time":0.1666,"x":-60.76,"y":25.66},{"time":0.5,"x":-24.77,"y":43.99}],"scale":[{"time":0,"x":0,"y":0},{"time":0.0333,"x":4.774,"y":4.774},{"time":0.1666,"x":1.067,"y":1.067},{"time":0.5,"x":0,"y":0}]},"gen1":{"rotate":[{"time":0,"angle":0}],"translate":[{"time":0,"x":0,"y":0}],"scale":[{"time":0,"x":1,"y":1}]},"guang2":{"rotate":[{"time":0,"angle":0,"curve":"stepped"},{"time":0.0666,"angle":0}],"translate":[{"time":0,"x":-145.78,"y":-1.66,"curve":"stepped"},{"time":0.0666,"x":-145.78,"y":-1.66},{"time":0.2666,"x":-221.56,"y":-32.61},{"time":0.5666,"x":-250.71,"y":-44.52}],"scale":[{"time":0,"x":0,"y":0,"curve":"stepped"},{"time":0.0666,"x":0,"y":0},{"time":0.1666,"x":4.864,"y":4.864},{"time":0.3666,"x":1.067,"y":1.067},{"time":0.5666,"x":0,"y":0}]},"guang3":{"rotate":[{"time":0,"angle":0,"curve":"stepped"},{"time":0.0666,"angle":0}],"translate":[{"time":0,"x":-145.78,"y":-1.66,"curve":"stepped"},{"time":0.0666,"x":-145.78,"y":-1.66},{"time":0.2,"x":-123.43,"y":-65.94},{"time":0.5,"x":-112.26,"y":-98.08}],"scale":[{"time":0,"x":0,"y":0,"curve":"stepped"},{"time":0.0666,"x":0,"y":0},{"time":0.1,"x":3.147,"y":3.147},{"time":0.2333,"x":1.067,"y":1.067},{"time":0.5,"x":0,"y":0}]},"guang4":{"rotate":[{"time":0,"angle":0}],"translate":[{"time":0,"x":-145.78,"y":-1.66},{"time":0.1,"x":-171.54,"y":73.4},{"time":0.3666,"x":-182.99,"y":106.77}],"scale":[{"time":0,"x":0,"y":0},{"time":0.0333,"x":4.973,"y":4.973},{"time":0.1333,"x":1.067,"y":1.067},{"time":0.3666,"x":0,"y":0}]},"guang5":{"rotate":[{"time":0,"angle":0,"curve":"stepped"},{"time":0.0666,"angle":0}],"translate":[{"time":0,"x":-145.78,"y":-1.66,"curve":"stepped"},{"time":0.0666,"x":-145.78,"y":-1.66},{"time":0.5666,"x":-24.47,"y":-16.38}],"scale":[{"time":0,"x":0,"y":0,"curve":"stepped"},{"time":0.0666,"x":0,"y":0},{"time":0.1666,"x":4.497,"y":4.497},{"time":0.2666,"x":1.067,"y":1.067},{"time":0.5666,"x":0,"y":0}]},"guang6":{"rotate":[{"time":0,"angle":0}],"translate":[{"time":0,"x":-145.78,"y":-1.66},{"time":0.1333,"x":-226.2,"y":29.12},{"time":0.4333,"x":-288.77,"y":55.7}],"scale":[{"time":0,"x":0,"y":0},{"time":0.0666,"x":5.123,"y":5.123},{"time":0.1666,"x":2.297,"y":2.297},{"time":0.4333,"x":0,"y":0}]}}}}},[0]]],0,0,[0],[-1],[0]]
