[1,["e2vGT/VB1JZretBpihmwCZ@6c48a"],["_textureSource"],["cc.SpriteFrame"],0,[{"name":"ocean_icon_oceanturtle","rect":{"x":0,"y":0,"width":715,"height":462},"offset":{"x":0,"y":0},"originalSize":{"width":715,"height":462},"rotated":false,"capInsets":[0,0,0,0],"vertices":{"rawPosition":[-357.5,-231,0,357.5,-231,0,-357.5,231,0,357.5,231,0],"indexes":[0,1,2,2,1,3],"uv":[0,462,715,462,0,0,715,0],"nuv":[0,0,1,0,0,1,1,1],"minPos":{"x":-357.5,"y":-231,"z":0},"maxPos":{"x":357.5,"y":231,"z":0}},"packable":true,"pixelsToUnit":100,"pivot":{"x":0.5,"y":0.5},"meshType":0}],[0],0,[0],[0],[0]]
