[1,["ede158bb-0351-4e08-9e3a-22c8afd9d89e@6c48a"],["_textureSource"],["cc.SpriteFrame"],0,[{"name":"btn_xiazhujine-1","rect":{"x":0,"y":0,"width":102,"height":62},"offset":{"x":0,"y":0},"originalSize":{"width":102,"height":62},"rotated":false,"capInsets":[0,0,0,0],"vertices":{"rawPosition":[-51,-31,0,51,-31,0,-51,31,0,51,31,0],"indexes":[0,1,2,2,1,3],"uv":[0,62,102,62,0,0,102,0],"nuv":[0,0,1,0,0,1,1,1],"minPos":{"x":-51,"y":-31,"z":0},"maxPos":{"x":51,"y":31,"z":0}},"packable":true,"pixelsToUnit":100,"pivot":{"x":0.5,"y":0.5},"meshType":0}],[0],0,[0],[0],[0]]
