[1,["b4morUcc5ESLtz9Hr+FDtl@f9941","b4morUcc5ESLtz9Hr+FDtl@6c48a"],["spriteFrame","_textureSource"],["cc.SpriteFrame",["cc.BitmapFont",["_name","fontSize","fntConfig"],0]],[[1,0,1,2,4]],[[[[0,"num_money",32,{"commonHeight":32,"fontSize":32,"atlasName":"num_money.png","fontDefDictionary":{"44":{"xOffset":-15,"yOffset":5,"xAdvance":25,"rect":{"x":0,"y":0,"width":50,"height":100}},"46":{"xOffset":-15,"yOffset":5,"xAdvance":25,"rect":{"x":59,"y":0,"width":50,"height":100}},"48":{"xOffset":0,"yOffset":0,"xAdvance":58,"rect":{"x":118,"y":0,"width":58,"height":100}},"49":{"xOffset":0,"yOffset":0,"xAdvance":58,"rect":{"x":177,"y":0,"width":58,"height":100}},"50":{"xOffset":0,"yOffset":0,"xAdvance":58,"rect":{"x":236,"y":0,"width":58,"height":100}},"51":{"xOffset":0,"yOffset":0,"xAdvance":58,"rect":{"x":295,"y":0,"width":58,"height":100}},"52":{"xOffset":0,"yOffset":0,"xAdvance":58,"rect":{"x":354,"y":0,"width":58,"height":100}},"53":{"xOffset":0,"yOffset":0,"xAdvance":58,"rect":{"x":413,"y":0,"width":58,"height":100}},"54":{"xOffset":0,"yOffset":0,"xAdvance":58,"rect":{"x":472,"y":0,"width":58,"height":100}},"55":{"xOffset":0,"yOffset":0,"xAdvance":58,"rect":{"x":531,"y":0,"width":58,"height":100}},"56":{"xOffset":0,"yOffset":0,"xAdvance":58,"rect":{"x":590,"y":0,"width":58,"height":100}},"57":{"xOffset":0,"yOffset":0,"xAdvance":58,"rect":{"x":649,"y":0,"width":58,"height":100}}},"kerningDict":{}}]],0,0,[0],[0],[0]],[[{"name":"num_money","rect":{"x":17,"y":0,"width":689,"height":100},"offset":{"x":-13.5,"y":5},"originalSize":{"width":750,"height":110},"rotated":false,"capInsets":[0,0,0,0],"vertices":{"rawPosition":[-344.5,-50,0,344.5,-50,0,-344.5,50,0,344.5,50,0],"indexes":[0,1,2,2,1,3],"uv":[17,110,706,110,17,10,706,10],"nuv":[0.02266666666666667,0.09090909090909091,0.9413333333333334,0.09090909090909091,0.02266666666666667,1,0.9413333333333334,1],"minPos":{"x":-344.5,"y":-50,"z":0},"maxPos":{"x":344.5,"y":50,"z":0}},"packable":true,"pixelsToUnit":100,"pivot":{"x":0.5,"y":0.5},"meshType":0}],[0],0,[0],[1],[1]]]]
