[1,["fd+93qO7JBArYQjESjE1dl@f9941","0crA6bjylCObSzxMAGZ8Or","01Zx0TW+lLFqdCIszqU8w7@6c48a","07XVA+f4lIvpyEdboAO9Ei@6c48a","07oX38Em1OtKT7vlkDcRTQ@6c48a","0bM2wxVaZKkZrd4Cocvh1T@6c48a","16JZbOFjVJOKWR/qe+7AA+@6c48a","25IVImSydNM4xpFwXUKsha@6c48a","2bwMtvchNPfLtLvynT3zG5@6c48a","53AZh3rkFMiITRVtekNtWa@6c48a","07XVA+f4lIvpyEdboAO9Ei@f9941","16JZbOFjVJOKWR/qe+7AA+@f9941","7ca26aOAFPuYLPpoqYbOC5@f9941","b4dLPMevZAZLMkGj/+A4Fh@f9941","d4n3+FXKNOgoZZS6zO/TWC@f9941","25IVImSydNM4xpFwXUKsha@f9941","cbKhyWoJFCrofPwKpkJg6q@f9941","2bwMtvchNPfLtLvynT3zG5@f9941","01Zx0TW+lLFqdCIszqU8w7@f9941","07oX38Em1OtKT7vlkDcRTQ@f9941","dciTlLFKtOLpjJuLIuPgDD@f9941","bdRDzH/z1C2YH9jErjs93R@f9941","0bM2wxVaZKkZrd4Cocvh1T@f9941","53AZh3rkFMiITRVtekNtWa@f9941","7ca26aOAFPuYLPpoqYbOC5@6c48a","b4dLPMevZAZLMkGj/+A4Fh@6c48a","bdRDzH/z1C2YH9jErjs93R@6c48a","cbKhyWoJFCrofPwKpkJg6q@6c48a","d4n3+FXKNOgoZZS6zO/TWC@6c48a","dciTlLFKtOLpjJuLIuPgDD@6c48a","fd+93qO7JBArYQjESjE1dl@6c48a"],["node","_spriteFrame","_textureSource","_font","root","data"],["cc.SpriteFrame",["cc.Node",["_name","_layer","_active","_components","_prefab","_parent","_children","_lpos","_lrot","_euler"],0,9,4,1,2,5,5,5],["cc.UITransform",["node","__prefab","_contentSize"],3,1,4,5],["cc.Sprite",["_sizeMode","node","__prefab","_spriteFrame"],2,1,4,6],["cc.Prefab",["_name"],2],["cc.CompPrefabInfo",["fileId"],2],["cc.PrefabInfo",["fileId","instance","targetOverrides","nestedPrefabInstanceRoots","root","asset"],-1,1,1],["cc.Label",["_string","_actualFontSize","_fontSize","_isSystemFontUsed","node","__prefab","_font"],-1,1,4,6]],[[5,0,2],[6,0,1,2,3,4,5,5],[2,0,1,2,1],[3,1,2,3,1],[1,0,5,3,4,7,2],[1,0,1,5,3,4,7,3],[3,0,1,2,3,2],[1,0,1,5,3,4,3],[2,0,1,1],[1,0,1,5,6,3,4,7,3],[1,0,2,1,5,6,3,4,4],[7,0,1,2,3,4,5,6,5],[4,0,2],[1,0,6,3,4,2],[1,0,2,5,6,3,4,7,3],[1,0,1,5,6,3,4,3],[1,0,5,3,4,2],[1,0,5,3,4,7,8,9,2],[1,0,2,1,5,3,4,4]],[[[{"name":"payTip_respin","rect":{"x":14,"y":0,"width":118,"height":38},"offset":{"x":-0.5,"y":0},"originalSize":{"width":147,"height":38},"rotated":false,"capInsets":[0,0,0,0],"vertices":{"rawPosition":[-59,-19,0,59,-19,0,-59,19,0,59,19,0],"indexes":[0,1,2,2,1,3],"uv":[14,38,132,38,14,0,132,0],"nuv":[0.09523809523809523,0,0.8979591836734694,0,0.09523809523809523,1,0.8979591836734694,1],"minPos":{"x":-59,"y":-19,"z":0},"maxPos":{"x":59,"y":19,"z":0}},"packable":true,"pixelsToUnit":100,"pivot":{"x":0.5,"y":0.5},"meshType":0}],[0],0,[0],[2],[2]],[[{"name":"payboard_L","rect":{"x":1,"y":0,"width":868,"height":189},"offset":{"x":0,"y":0},"originalSize":{"width":870,"height":189},"rotated":false,"capInsets":[0,0,0,0],"vertices":{"rawPosition":[-434,-94.5,0,434,-94.5,0,-434,94.5,0,434,94.5,0],"indexes":[0,1,2,2,1,3],"uv":[1,189,869,189,1,0,869,0],"nuv":[0.0011494252873563218,0,0.9988505747126437,0,0.0011494252873563218,1,0.9988505747126437,1],"minPos":{"x":-434,"y":-94.5,"z":0},"maxPos":{"x":434,"y":94.5,"z":0}},"packable":true,"pixelsToUnit":100,"pivot":{"x":0.5,"y":0.5},"meshType":0}],[0],0,[0],[2],[3]],[[{"name":"payTip3","rect":{"x":0,"y":0,"width":428,"height":98},"offset":{"x":0,"y":0},"originalSize":{"width":428,"height":98},"rotated":false,"capInsets":[0,0,0,0],"vertices":{"rawPosition":[-214,-49,0,214,-49,0,-214,49,0,214,49,0],"indexes":[0,1,2,2,1,3],"uv":[0,98,428,98,0,0,428,0],"nuv":[0,0,1,0,0,1,1,1],"minPos":{"x":-214,"y":-49,"z":0},"maxPos":{"x":214,"y":49,"z":0}},"packable":true,"pixelsToUnit":100,"pivot":{"x":0.5,"y":0.5},"meshType":0}],[0],0,[0],[2],[4]],[[{"name":"payTip_SuperScatter","rect":{"x":1,"y":0,"width":241,"height":37},"offset":{"x":0.5,"y":0},"originalSize":{"width":242,"height":37},"rotated":false,"capInsets":[0,0,0,0],"vertices":{"rawPosition":[-120.5,-18.5,0,120.5,-18.5,0,-120.5,18.5,0,120.5,18.5,0],"indexes":[0,1,2,2,1,3],"uv":[1,37,242,37,1,0,242,0],"nuv":[0.004132231404958678,0,1,0,0.004132231404958678,1,1,1],"minPos":{"x":-120.5,"y":-18.5,"z":0},"maxPos":{"x":120.5,"y":18.5,"z":0}},"packable":true,"pixelsToUnit":100,"pivot":{"x":0.5,"y":0.5},"meshType":0}],[0],0,[0],[2],[5]],[[{"name":"logo_en","rect":{"x":1,"y":25,"width":279,"height":105},"offset":{"x":0.5,"y":-12.5},"originalSize":{"width":280,"height":130},"rotated":false,"capInsets":[0,0,0,0],"vertices":{"rawPosition":[-139.5,-52.5,0,139.5,-52.5,0,-139.5,52.5,0,139.5,52.5,0],"indexes":[0,1,2,2,1,3],"uv":[1,105,280,105,1,0,280,0],"nuv":[0.0035714285714285713,0,1,0,0.0035714285714285713,0.8076923076923077,1,0.8076923076923077],"minPos":{"x":-139.5,"y":-52.5,"z":0},"maxPos":{"x":139.5,"y":52.5,"z":0}},"packable":true,"pixelsToUnit":100,"pivot":{"x":0.5,"y":0.5},"meshType":0}],[0],0,[0],[2],[6]],[[{"name":"Payboard_Text4","rect":{"x":42,"y":0,"width":498,"height":56},"offset":{"x":21,"y":0},"originalSize":{"width":540,"height":56},"rotated":false,"capInsets":[0,0,0,0],"vertices":{"rawPosition":[-249,-28,0,249,-28,0,-249,28,0,249,28,0],"indexes":[0,1,2,2,1,3],"uv":[42,56,540,56,42,0,540,0],"nuv":[0.07777777777777778,0,1,0,0.07777777777777778,1,1,1],"minPos":{"x":-249,"y":-28,"z":0},"maxPos":{"x":249,"y":28,"z":0}},"packable":true,"pixelsToUnit":100,"pivot":{"x":0.5,"y":0.5},"meshType":0}],[0],0,[0],[2],[7]],[[{"name":"payTip2","rect":{"x":0,"y":0,"width":428,"height":98},"offset":{"x":0,"y":0},"originalSize":{"width":428,"height":98},"rotated":false,"capInsets":[0,0,0,0],"vertices":{"rawPosition":[-214,-49,0,214,-49,0,-214,49,0,214,49,0],"indexes":[0,1,2,2,1,3],"uv":[0,98,428,98,0,0,428,0],"nuv":[0,0,1,0,0,1,1,1],"minPos":{"x":-214,"y":-49,"z":0},"maxPos":{"x":214,"y":49,"z":0}},"packable":true,"pixelsToUnit":100,"pivot":{"x":0.5,"y":0.5},"meshType":0}],[0],0,[0],[2],[8]],[[{"name":"plus","rect":{"x":1,"y":1,"width":57,"height":56},"offset":{"x":0.5,"y":0},"originalSize":{"width":58,"height":58},"rotated":false,"capInsets":[0,0,0,0],"vertices":{"rawPosition":[-28.5,-28,0,28.5,-28,0,-28.5,28,0,28.5,28,0],"indexes":[0,1,2,2,1,3],"uv":[1,57,58,57,1,1,58,1],"nuv":[0.017241379310344827,0.017241379310344827,1,0.017241379310344827,0.017241379310344827,0.9827586206896551,1,0.9827586206896551],"minPos":{"x":-28.5,"y":-28,"z":0},"maxPos":{"x":28.5,"y":28,"z":0}},"packable":true,"pixelsToUnit":100,"pivot":{"x":0.5,"y":0.5},"meshType":0}],[0],0,[0],[2],[9]],[[[12,"board"],[13,"board",[-3,-4,-5,-6],[[2,-2,[0,"f9xn9l8E9Avr7iOjAv0IsA"],[5,868,189]]],[1,"c46/YsCPVOJYA4mWEpNYRx",null,null,null,-1,0]],[14,"text",false,1,[-8,-9,-10,-11,-12,-13],[[2,-7,[0,"dfNSlOmEBJJZr8nGzukN+H"],[5,636,120]]],[1,"dfql1hKadFBIsyZ5TV0wFU",null,null,null,1,0],[1,60,-18,0]],[9,"feature",33554432,1,[-15,-16,-17,-18,-19],[[2,-14,[0,"1dGvKB8y9JYpkYiJsPNBp9"],[5,636,120]]],[1,"69QensyUpJDpECsGk4Y13E",null,null,null,1,0],[1,60,-18,0]],[9,"right",33554432,3,[-21,-22,-23],[[2,-20,[0,"f8vzwpEkJDb5V4VqF/5O6l"],[5,428,98]]],[1,"dawaSYgoZIl6fNzjnC7XZc",null,null,null,1,0],[1,100,0,0]],[10,"all_respin",false,33554432,4,[-25,-26],[[8,-24,[0,"70exeyGx5LlIQdYw4zFAl8"]]],[1,"bcRQdrKOhGaompSPDusxOO",null,null,null,1,0]],[15,"scatter",33554432,4,[-28,-29],[[8,-27,[0,"b0DW0oRM9ORKbHmYCZ24q2"]]],[1,"ed9L6deW5OGbX2rqvwppT7",null,null,null,1,0]],[10,"scatter_50_100",false,33554432,4,[-31,-32],[[8,-30,[0,"d2YmcrjexGXLBj3fc0Gf7B"]]],[1,"58G66T6ctMi4a48YE+B51e",null,null,null,1,0]],[16,"bg",1,[[2,-33,[0,"8dQ5I7rupEyIKlKCtD0v2q"],[5,868,189]],[6,0,-34,[0,"19l+Dc5o5M3KIpoLCAJn1M"],0]],[1,"79tgxLha9JAaSaSD2F7U/f",null,null,null,1,0]],[4,"logo",1,[[2,-35,[0,"63KtsY/zJGF4WG2wA8OFCj"],[5,279,105]],[3,-36,[0,"6bZAyjHBRNloLJu9jbYy29"],1]],[1,"f9BpH7eZlMW7THdfATpYSc",null,null,null,1,0],[1,-130,72,0]],[4,"text_frame",2,[[2,-37,[0,"bbWrOWMiVJR4ILJeBBuNg0"],[5,318,130]],[3,-38,[0,"57vct1JNRPNLWbzGVlox0I"],2]],[1,"fb8Wm+zDNPQ5fjEkYvz8fb",null,null,null,1,0],[1,-159,0,0]],[17,"text_frame_reverse",2,[[2,-39,[0,"92jM9vBJtCEZRuNH9ujk+Q"],[5,318,130]],[3,-40,[0,"2dp9kQhDlLnq8S/0WOAZXo"],3]],[1,"3ep+6XmulCq7nuWIzXXdqM",null,null,null,1,0],[1,159,0,0],[3,0,1,0,6.123233995736766e-17],[1,0,180,0]],[4,"bet1unlock",2,[[2,-41,[0,"a6QYPnVzhKV7zc4iuy560A"],[5,540,60]],[6,0,-42,[0,"7aemPD4mRPeYHpgETe0L6J"],4]],[1,"d6W49LQh9OhLF3ys9hmFfY",null,null,null,1,0],[1,0,-30,0]],[4,"bet5unlock",2,[[2,-43,[0,"94w7SOj1ZF/aFR5ASRsksd"],[5,498,60]],[6,0,-44,[0,"ceMsPIamFBF7C192zjRUd9"],5]],[1,"9aiiPCoYRF3Z4a33ag1n3A",null,null,null,1,0],[1,0,30,0]],[4,"bet10unlock",2,[[2,-45,[0,"19F2JxeSVK/qeExJfnF9Oa"],[5,499,60]],[6,0,-46,[0,"89vHNV7mpAp6zYm+TtoZPI"],6]],[1,"bcefjSXxlBmYSeD6Pzq1qp",null,null,null,1,0],[1,0,90,0]],[4,"bet50unlock",2,[[2,-47,[0,"ceKWcauJRFgrYJIOB7TseC"],[5,498,60]],[6,0,-48,[0,"afBZ286MdFg5wwtgWCDN+y"],7]],[1,"1dCf6CZNZB96GCVuNEA5/4",null,null,null,1,0],[1,0,150,0]],[5,"left",33554432,3,[[2,-49,[0,"15IRrgxIFHdJXYfgb4Aody"],[5,200,98]],[6,0,-50,[0,"1dOwDZA1lCa4+ujClwvfgQ"],8]],[1,"d90Kv3VItIhovlrrf+Dphs",null,null,null,1,0],[1,-210,0,0]],[7,"bg",33554432,5,[[2,-51,[0,"08MNr7Qg5JLpk10at9/RBT"],[5,428,98]],[3,-52,[0,"97jKSDIG9PgbyIaXKB9abe"],9]],[1,"05ZnN1AXtKJa2SUcqWFQfi",null,null,null,1,0]],[5,"tip",33554432,5,[[2,-53,[0,"35ZKsiLylBOL+Ko7b9DLgp"],[5,118,38]],[3,-54,[0,"bbZCK1jkxIy6n2KEqEnMxg"],10]],[1,"77IXqr1W5LFLCcoq0hP2uK",null,null,null,1,0],[1,64,48,0]],[7,"bg",33554432,6,[[2,-55,[0,"02cO93Ew1H7pkIX6aYwnl2"],[5,428,98]],[3,-56,[0,"d9+F6TJMNAboKlcBewg+2O"],11]],[1,"31tjcxAA5HO6pG716Hu9jS",null,null,null,1,0]],[5,"tip",33554432,6,[[2,-57,[0,"73ghWb765PfJkvTYrf0bB4"],[5,146,38]],[3,-58,[0,"1fV1qEjNpHSaZhNQbucF9v"],12]],[1,"0bIdmKnFNBFqqnUgKBjLY/",null,null,null,1,0],[1,64,48,0]],[18,"bg",false,33554432,7,[[2,-59,[0,"50b7pJ5K9BNK9r4NxeW3Qy"],[5,428,98]],[3,-60,[0,"89QLTgIr5CZ5O3/PCxHlxo"],13]],[1,"c5b3EdA3xDWYzn+E1Uio6h",null,null,null,1,0]],[5,"tip",33554432,7,[[2,-61,[0,"3d8VjckOBBtIAwiyXegDyQ"],[5,241,37]],[3,-62,[0,"2cSwuYGd1IDbkKftLQ08Md"],14]],[1,"fe98fddL5F/KmjbGI/1XsO",null,null,null,1,0],[1,64,48,0]],[5,"base_value",33554432,3,[[2,-63,[0,"fdT1QIOFNCtozZPqouolMM"],[5,97.88,40]],[11,"100",18,18,false,-64,[0,"78ZtnT1X5MJLO9hmFUSmOa"],15]],[1,"c84LAFu/ZMiZX7Kxpk77lQ",null,null,null,1,0],[1,-135,17,0]],[5,"bonus_value",33554432,3,[[2,-65,[0,"b3S9XlcTxP1a7t1vaIP/Qd"],[5,97.88,40]],[11,"100",18,18,false,-66,[0,"6cwphkW0pEyJjrwF/OgDeQ"],16]],[1,"82hfyCQ2VIUJFXC8hfZMYi",null,null,null,1,0],[1,145,17,0]],[7,"plus",33554432,3,[[2,-67,[0,"4cJqiEdJBBG7Wv+PM3Na8D"],[5,57,56]],[3,-68,[0,"6a3dLfWadAbb1LTdv/bjI9"],17]],[1,"89bEAqMBpFr4outBtLryi6",null,null,null,1,0]]],0,[0,4,1,0,0,1,0,-1,8,0,-2,9,0,-3,2,0,-4,3,0,0,2,0,-1,10,0,-2,11,0,-3,12,0,-4,13,0,-5,14,0,-6,15,0,0,3,0,-1,16,0,-2,4,0,-3,23,0,-4,24,0,-5,25,0,0,4,0,-1,5,0,-2,6,0,-3,7,0,0,5,0,-1,17,0,-2,18,0,0,6,0,-1,19,0,-2,20,0,0,7,0,-1,21,0,-2,22,0,0,8,0,0,8,0,0,9,0,0,9,0,0,10,0,0,10,0,0,11,0,0,11,0,0,12,0,0,12,0,0,13,0,0,13,0,0,14,0,0,14,0,0,15,0,0,15,0,0,16,0,0,16,0,0,17,0,0,17,0,0,18,0,0,18,0,0,19,0,0,19,0,0,20,0,0,20,0,0,21,0,0,21,0,0,22,0,0,22,0,0,23,0,0,23,0,0,24,0,0,24,0,0,25,0,0,25,0,5,1,68],[0,0,0,0,0,0,0,0,0,0,0,0,0,0,0,0,0,0],[1,1,1,1,1,1,1,1,1,1,1,1,1,1,1,3,3,1],[10,11,0,0,12,13,14,15,16,17,18,19,20,21,22,1,1,23]],[[{"name":"Payboard_Text1","rect":{"x":0,"y":4,"width":540,"height":52},"offset":{"x":0,"y":-2},"originalSize":{"width":540,"height":56},"rotated":false,"capInsets":[0,0,0,0],"vertices":{"rawPosition":[-270,-26,0,270,-26,0,-270,26,0,270,26,0],"indexes":[0,1,2,2,1,3],"uv":[0,52,540,52,0,0,540,0],"nuv":[0,0,1,0,0,0.9285714285714286,1,0.9285714285714286],"minPos":{"x":-270,"y":-26,"z":0},"maxPos":{"x":270,"y":26,"z":0}},"packable":true,"pixelsToUnit":100,"pivot":{"x":0.5,"y":0.5},"meshType":0}],[0],0,[0],[2],[24]],[[{"name":"Payboard_Text2","rect":{"x":42,"y":0,"width":498,"height":56},"offset":{"x":21,"y":0},"originalSize":{"width":540,"height":56},"rotated":false,"capInsets":[0,0,0,0],"vertices":{"rawPosition":[-249,-28,0,249,-28,0,-249,28,0,249,28,0],"indexes":[0,1,2,2,1,3],"uv":[42,56,540,56,42,0,540,0],"nuv":[0.07777777777777778,0,1,0,0.07777777777777778,1,1,1],"minPos":{"x":-249,"y":-28,"z":0},"maxPos":{"x":249,"y":28,"z":0}},"packable":true,"pixelsToUnit":100,"pivot":{"x":0.5,"y":0.5},"meshType":0}],[0],0,[0],[2],[25]],[[{"name":"payTip4","rect":{"x":0,"y":0,"width":428,"height":98},"offset":{"x":0,"y":0},"originalSize":{"width":428,"height":98},"rotated":false,"capInsets":[0,0,0,0],"vertices":{"rawPosition":[-214,-49,0,214,-49,0,-214,49,0,214,49,0],"indexes":[0,1,2,2,1,3],"uv":[0,98,428,98,0,0,428,0],"nuv":[0,0,1,0,0,1,1,1],"minPos":{"x":-214,"y":-49,"z":0},"maxPos":{"x":214,"y":49,"z":0}},"packable":true,"pixelsToUnit":100,"pivot":{"x":0.5,"y":0.5},"meshType":0}],[0],0,[0],[2],[26]],[[{"name":"payTip1","rect":{"x":0,"y":0,"width":200,"height":98},"offset":{"x":0,"y":0},"originalSize":{"width":200,"height":98},"rotated":false,"capInsets":[0,0,0,0],"vertices":{"rawPosition":[-100,-49,0,100,-49,0,-100,49,0,100,49,0],"indexes":[0,1,2,2,1,3],"uv":[0,98,200,98,0,0,200,0],"nuv":[0,0,1,0,0,1,1,1],"minPos":{"x":-100,"y":-49,"z":0},"maxPos":{"x":100,"y":49,"z":0}},"packable":true,"pixelsToUnit":100,"pivot":{"x":0.5,"y":0.5},"meshType":0}],[0],0,[0],[2],[27]],[[{"name":"Payboard_Text3","rect":{"x":41,"y":3,"width":499,"height":53},"offset":{"x":20.5,"y":-1.5},"originalSize":{"width":540,"height":56},"rotated":false,"capInsets":[0,0,0,0],"vertices":{"rawPosition":[-249.5,-26.5,0,249.5,-26.5,0,-249.5,26.5,0,249.5,26.5,0],"indexes":[0,1,2,2,1,3],"uv":[41,53,540,53,41,0,540,0],"nuv":[0.07592592592592592,0,1,0,0.07592592592592592,0.9464285714285714,1,0.9464285714285714],"minPos":{"x":-249.5,"y":-26.5,"z":0},"maxPos":{"x":249.5,"y":26.5,"z":0}},"packable":true,"pixelsToUnit":100,"pivot":{"x":0.5,"y":0.5},"meshType":0}],[0],0,[0],[2],[28]],[[{"name":"payTip_scatter","rect":{"x":1,"y":0,"width":146,"height":38},"offset":{"x":0.5,"y":0},"originalSize":{"width":147,"height":38},"rotated":false,"capInsets":[0,0,0,0],"vertices":{"rawPosition":[-73,-19,0,73,-19,0,-73,19,0,73,19,0],"indexes":[0,1,2,2,1,3],"uv":[1,38,147,38,1,0,147,0],"nuv":[0.006802721088435374,0,1,0,0.006802721088435374,1,1,1],"minPos":{"x":-73,"y":-19,"z":0},"maxPos":{"x":73,"y":19,"z":0}},"packable":true,"pixelsToUnit":100,"pivot":{"x":0.5,"y":0.5},"meshType":0}],[0],0,[0],[2],[29]],[[{"name":"Payboard_TextFrame","rect":{"x":0,"y":2,"width":318,"height":130},"offset":{"x":0,"y":0},"originalSize":{"width":318,"height":134},"rotated":false,"capInsets":[0,0,0,0],"vertices":{"rawPosition":[-159,-65,0,159,-65,0,-159,65,0,159,65,0],"indexes":[0,1,2,2,1,3],"uv":[0,132,318,132,0,2,318,2],"nuv":[0,0.014925373134328358,1,0.014925373134328358,0,0.9850746268656716,1,0.9850746268656716],"minPos":{"x":-159,"y":-65,"z":0},"maxPos":{"x":159,"y":65,"z":0}},"packable":true,"pixelsToUnit":100,"pivot":{"x":0.5,"y":0.5},"meshType":0}],[0],0,[0],[2],[30]]]]
