[1,["3bKPe2eUdDQLZqLbgDwcB0@6c48a","3bKPe2eUdDQLZqLbgDwcB0@f9941"],["_textureSource","spriteFrame"],["cc.SpriteFrame",["cc.BitmapFont",["_name","fontSize","fntConfig"],0]],[[1,0,1,2,4]],[[[{"name":"font_rate_0","rect":{"x":0,"y":0,"width":234,"height":28},"offset":{"x":-33,"y":86},"originalSize":{"width":300,"height":200},"rotated":false,"capInsets":[0,0,0,0],"vertices":{"rawPosition":[-117,-14,0,117,-14,0,-117,14,0,117,14,0],"indexes":[0,1,2,2,1,3],"uv":[0,200,234,200,0,172,234,172],"nuv":[0,0.86,0.78,0.86,0,1,0.78,1],"minPos":{"x":-117,"y":-14,"z":0},"maxPos":{"x":117,"y":14,"z":0}},"packable":true,"pixelsToUnit":100,"pivot":{"x":0.5,"y":0.5},"meshType":0}],[0],0,[0],[0],[0]],[[[0,"font_rate",16,{"commonHeight":16,"fontSize":16,"atlasName":"font_rate_0.png","fontDefDictionary":{"34":{"xOffset":0,"yOffset":3,"xAdvance":5,"rect":{"x":210,"y":14,"width":5,"height":3}},"44":{"xOffset":0,"yOffset":14,"xAdvance":11,"rect":{"x":223,"y":0,"width":11,"height":12}},"46":{"xOffset":0,"yOffset":14,"xAdvance":12,"rect":{"x":210,"y":0,"width":12,"height":13}},"48":{"xOffset":0,"yOffset":0,"xAdvance":21,"rect":{"x":21,"y":0,"width":21,"height":27}},"49":{"xOffset":0,"yOffset":0,"xAdvance":15,"rect":{"x":172,"y":0,"width":15,"height":27}},"50":{"xOffset":0,"yOffset":0,"xAdvance":20,"rect":{"x":0,"y":0,"width":20,"height":28}},"51":{"xOffset":0,"yOffset":0,"xAdvance":20,"rect":{"x":131,"y":0,"width":20,"height":27}},"52":{"xOffset":0,"yOffset":0,"xAdvance":21,"rect":{"x":188,"y":0,"width":21,"height":26}},"53":{"xOffset":0,"yOffset":0,"xAdvance":21,"rect":{"x":43,"y":0,"width":21,"height":27}},"54":{"xOffset":0,"yOffset":0,"xAdvance":21,"rect":{"x":65,"y":0,"width":21,"height":27}},"55":{"xOffset":0,"yOffset":0,"xAdvance":19,"rect":{"x":152,"y":0,"width":19,"height":27}},"56":{"xOffset":0,"yOffset":0,"xAdvance":21,"rect":{"x":87,"y":0,"width":21,"height":27}},"57":{"xOffset":0,"yOffset":0,"xAdvance":21,"rect":{"x":109,"y":0,"width":21,"height":27}}},"kerningDict":{}}]],0,0,[0],[1],[1]]]]
