[1,["89ynBOWepDiIGm3m/Kz8C+@f9941","89ynBOWepDiIGm3m/Kz8C+@6c48a"],["spriteFrame","_textureSource"],["cc.SpriteFrame",["cc.BitmapFont",["_name","fontSize","fntConfig"],0]],[[1,0,1,2,4]],[[[[0,"font_win",20,{"commonHeight":19,"fontSize":20,"atlasName":"font_win_0.png","fontDefDictionary":{"32":{"xOffset":-1,"yOffset":18,"xAdvance":5,"rect":{"x":31,"y":52,"width":3,"height":1}},"44":{"xOffset":0,"yOffset":28,"xAdvance":16,"rect":{"x":0,"y":52,"width":16,"height":20}},"46":{"xOffset":0,"yOffset":28,"xAdvance":13,"rect":{"x":17,"y":52,"width":13,"height":14}},"48":{"xOffset":0,"yOffset":0,"xAdvance":31,"rect":{"x":0,"y":0,"width":31,"height":42}},"49":{"xOffset":0,"yOffset":0,"xAdvance":19,"rect":{"x":279,"y":0,"width":19,"height":40}},"50":{"xOffset":0,"yOffset":0,"xAdvance":29,"rect":{"x":125,"y":0,"width":29,"height":42}},"51":{"xOffset":0,"yOffset":0,"xAdvance":29,"rect":{"x":155,"y":0,"width":29,"height":42}},"52":{"xOffset":0,"yOffset":0,"xAdvance":32,"rect":{"x":185,"y":0,"width":32,"height":41}},"53":{"xOffset":0,"yOffset":0,"xAdvance":29,"rect":{"x":218,"y":0,"width":29,"height":41}},"54":{"xOffset":0,"yOffset":0,"xAdvance":30,"rect":{"x":32,"y":0,"width":30,"height":42}},"55":{"xOffset":0,"yOffset":0,"xAdvance":30,"rect":{"x":248,"y":0,"width":30,"height":40}},"56":{"xOffset":0,"yOffset":0,"xAdvance":30,"rect":{"x":63,"y":0,"width":30,"height":42}},"57":{"xOffset":0,"yOffset":0,"xAdvance":30,"rect":{"x":94,"y":0,"width":30,"height":42}}},"kerningDict":{}}]],0,0,[0],[0],[0]],[[{"name":"font_win_0","rect":{"x":0,"y":0,"width":298,"height":72},"offset":{"x":-1,"y":64},"originalSize":{"width":300,"height":200},"rotated":false,"capInsets":[0,0,0,0],"vertices":{"rawPosition":[-149,-36,0,149,-36,0,-149,36,0,149,36,0],"indexes":[0,1,2,2,1,3],"uv":[0,200,298,200,0,128,298,128],"nuv":[0,0.64,0.9933333333333333,0.64,0,1,0.9933333333333333,1],"minPos":{"x":-149,"y":-36,"z":0},"maxPos":{"x":149,"y":36,"z":0}},"packable":true,"pixelsToUnit":100,"pivot":{"x":0.5,"y":0.5},"meshType":0}],[0],0,[0],[1],[1]]]]
