[1,["67kpdiiSpHkKCZ24RCB9Sw@6c48a"],["_textureSource"],["cc.SpriteFrame"],0,[{"name":"icon_j","rect":{"x":2,"y":2,"width":94,"height":128},"offset":{"x":0,"y":0},"originalSize":{"width":98,"height":132},"rotated":false,"capInsets":[0,0,0,0],"vertices":{"rawPosition":[-47,-64,0,47,-64,0,-47,64,0,47,64,0],"indexes":[0,1,2,2,1,3],"uv":[2,130,96,130,2,2,96,2],"nuv":[0.02040816326530612,0.015151515151515152,0.9795918367346939,0.015151515151515152,0.02040816326530612,0.9848484848484849,0.9795918367346939,0.9848484848484849],"minPos":{"x":-47,"y":-64,"z":0},"maxPos":{"x":47,"y":64,"z":0}},"packable":true,"pixelsToUnit":100,"pivot":{"x":0.5,"y":0.5},"meshType":0}],[0],0,[0],[0],[0]]
