[1,["147af5df7@6c48a","41c3af26-f0b0-4ba2-b280-0c4b3840e7ba@f9941","8f7ffa00-bff0-46a7-a2f2-2fb87f4af909@f9941","619712e9-e5fc-4c64-9bf9-8dcd740bf8f6@f9941","a397afa4-3cdf-4332-9438-cceb15232c87@f9941","74264275-2239-45b1-b529-d8f718ab1766@f9941","2db7a741-cec8-40ae-a0ec-d918d496f964@f9941","6e7c87f6-b866-4bd8-8621-d80ed0a73285@f9941","f6dda8f1-12c3-486a-979b-fac2503e27ce@f9941","9992a1e8-bf77-480a-8555-611623b81241@f9941","c32c4b2c-4439-48e1-9c2c-490faad8a9c2@f9941","ec4d67f0-4092-4548-ab5a-3be3430080b8@f9941","15a3d6be-a0fc-4c7e-8bae-6724c509c433@f9941","11faef69-30b6-47d6-9358-f4f379efab13@f9941","3ece2370-4de2-4dba-91ca-9fd0a798b59d@f9941","3f458578-1642-47be-b6f9-9e57da8bff3a@f9941"],["_textureSource"],["cc.SpriteFrame","cc.SpriteAtlas"],0,[[[{"name":"titile_phoenix_sgChoose","rect":{"x":3,"y":767,"width":340,"height":44},"offset":{"x":0,"y":0},"originalSize":{"width":340,"height":44},"rotated":false,"capInsets":[0,0,0,0],"packable":true,"pixelsToUnit":100,"pivot":{"x":0.5,"y":0.5},"meshType":0}],[0],0,[0],[0],[0]],[[{"name":"img_phoenix_bgBlue","rect":{"x":3,"y":3,"width":978,"height":563},"offset":{"x":0,"y":0},"originalSize":{"width":978,"height":563},"rotated":false,"capInsets":[0,0,0,0],"packable":true,"pixelsToUnit":100,"pivot":{"x":0.5,"y":0.5},"meshType":0}],[0],0,[0],[0],[0]],[[{"name":"img_rule_in","rect":{"x":987,"y":210,"width":26,"height":26},"offset":{"x":0,"y":0},"originalSize":{"width":26,"height":26},"rotated":false,"capInsets":[0,0,0,0],"packable":true,"pixelsToUnit":100,"pivot":{"x":0.5,"y":0.5},"meshType":0}],[0],0,[0],[0],[0]],[[{"name":"number","rect":{"x":185,"y":572,"width":325,"height":38},"offset":{"x":5.5,"y":0.5},"originalSize":{"width":336,"height":39},"rotated":false,"capInsets":[0,0,0,0],"packable":true,"pixelsToUnit":100,"pivot":{"x":0.5,"y":0.5},"meshType":0}],[0],0,[0],[0],[0]],[[{"name":"img_phoenix_iconIn","rect":{"x":3,"y":572,"width":189,"height":176},"offset":{"x":0,"y":0},"originalSize":{"width":191,"height":176},"rotated":true,"capInsets":[0,0,0,0],"packable":true,"pixelsToUnit":100,"pivot":{"x":0.5,"y":0.5},"meshType":0}],[0],0,[0],[0],[0]],[[{"name":"word_phoenix_total","rect":{"x":987,"y":3,"width":201,"height":34},"offset":{"x":0,"y":0},"originalSize":{"width":201,"height":34},"rotated":true,"capInsets":[0,0,0,0],"packable":true,"pixelsToUnit":100,"pivot":{"x":0.5,"y":0.5},"meshType":0}],[0],0,[0],[0],[0]],[[{"name":"auto_phoenix","spriteFrames":["img_phoenix_bgBlue","41c3af26-f0b0-4ba2-b280-0c4b3840e7ba@f9941","word_phoenix_total","8f7ffa00-bff0-46a7-a2f2-2fb87f4af909@f9941","img_rule_in","619712e9-e5fc-4c64-9bf9-8dcd740bf8f6@f9941","img_rule_off","a397afa4-3cdf-4332-9438-cceb15232c87@f9941","img_phoenix_iconIn","74264275-2239-45b1-b529-d8f718ab1766@f9941","titile_phoenix_sgChoose","2db7a741-cec8-40ae-a0ec-d918d496f964@f9941","number","6e7c87f6-b866-4bd8-8621-d80ed0a73285@f9941","btn_rule_close","f6dda8f1-12c3-486a-979b-fac2503e27ce@f9941","img_roller_bgUp","9992a1e8-bf77-480a-8555-611623b81241@f9941","img_phoenix_bgRed","c32c4b2c-4439-48e1-9c2c-490faad8a9c2@f9941","img_rule_bg","ec4d67f0-4092-4548-ab5a-3be3430080b8@f9941","img_result_bg","15a3d6be-a0fc-4c7e-8bae-6724c509c433@f9941","img_rule_3","11faef69-30b6-47d6-9358-f4f379efab13@f9941","img_rule_2","3ece2370-4de2-4dba-91ca-9fd0a798b59d@f9941","img_rule_1","3f458578-1642-47be-b6f9-9e57da8bff3a@f9941"]}],[1],0,[0,0,0,0,0,0,0,0,0,0,0,0,0,0,0],[0,0,0,0,0,0,0,0,0,0,0,0,0,0,0],[1,2,3,4,5,6,7,8,9,10,11,12,13,14,15]],[[{"name":"img_rule_off","rect":{"x":987,"y":242,"width":26,"height":26},"offset":{"x":0,"y":0},"originalSize":{"width":26,"height":26},"rotated":false,"capInsets":[0,0,0,0],"packable":true,"pixelsToUnit":100,"pivot":{"x":0.5,"y":0.5},"meshType":0}],[0],0,[0],[0],[0]],[[{"name":"btn_rule_close","rect":{"x":185,"y":616,"width":42,"height":42},"offset":{"x":0,"y":0},"originalSize":{"width":42,"height":42},"rotated":false,"capInsets":[0,0,0,0],"packable":true,"pixelsToUnit":100,"pivot":{"x":0.5,"y":0.5},"meshType":0}],[0],0,[0],[0],[0]]]]
