[1,["5fFb1B5HRJnafit/Yh769s@f9941","5fFb1B5HRJnafit/Yh769s@6c48a"],["spriteFrame","_textureSource"],["cc.SpriteFrame",["cc.BitmapFont",["_name","fontSize","fntConfig"],0]],[[1,0,1,2,4]],[[[[0,"shuzi_lztb_jiangchi",32,{"commonHeight":32,"fontSize":32,"atlasName":"shuzi_lztb_jiangchi_0.png","fontDefDictionary":{"44":{"xOffset":0,"yOffset":0,"xAdvance":8,"rect":{"x":0,"y":27,"width":8,"height":27}},"46":{"xOffset":0,"yOffset":0,"xAdvance":8,"rect":{"x":8,"y":27,"width":8,"height":27}},"48":{"xOffset":0,"yOffset":0,"xAdvance":17,"rect":{"x":101,"y":0,"width":17,"height":27}},"49":{"xOffset":0,"yOffset":0,"xAdvance":15,"rect":{"x":237,"y":0,"width":15,"height":27}},"50":{"xOffset":0,"yOffset":0,"xAdvance":17,"rect":{"x":118,"y":0,"width":17,"height":27}},"51":{"xOffset":0,"yOffset":0,"xAdvance":17,"rect":{"x":135,"y":0,"width":17,"height":27}},"52":{"xOffset":0,"yOffset":0,"xAdvance":19,"rect":{"x":45,"y":0,"width":19,"height":27}},"53":{"xOffset":0,"yOffset":0,"xAdvance":17,"rect":{"x":152,"y":0,"width":17,"height":27}},"54":{"xOffset":0,"yOffset":0,"xAdvance":17,"rect":{"x":169,"y":0,"width":17,"height":27}},"55":{"xOffset":0,"yOffset":0,"xAdvance":17,"rect":{"x":186,"y":0,"width":17,"height":27}},"56":{"xOffset":0,"yOffset":0,"xAdvance":17,"rect":{"x":203,"y":0,"width":17,"height":27}},"57":{"xOffset":0,"yOffset":0,"xAdvance":17,"rect":{"x":220,"y":0,"width":17,"height":27}},"66":{"xOffset":0,"yOffset":0,"xAdvance":19,"rect":{"x":64,"y":0,"width":19,"height":27}},"75":{"xOffset":0,"yOffset":0,"xAdvance":22,"rect":{"x":23,"y":0,"width":22,"height":27}},"77":{"xOffset":0,"yOffset":0,"xAdvance":23,"rect":{"x":0,"y":0,"width":23,"height":27}},"84":{"xOffset":0,"yOffset":0,"xAdvance":18,"rect":{"x":83,"y":0,"width":18,"height":27}}},"kerningDict":{}}]],0,0,[0],[0],[0]],[[{"name":"shuzi_lztb_jiangchi_0","rect":{"x":0,"y":0,"width":249,"height":53},"offset":{"x":-3.5,"y":101.5},"originalSize":{"width":256,"height":256},"rotated":false,"capInsets":[0,0,0,0],"vertices":{"rawPosition":[-124.5,-26.5,0,124.5,-26.5,0,-124.5,26.5,0,124.5,26.5,0],"indexes":[0,1,2,2,1,3],"uv":[0,256,249,256,0,203,249,203],"nuv":[0,0.79296875,0.97265625,0.79296875,0,1,0.97265625,1],"minPos":{"x":-124.5,"y":-26.5,"z":0},"maxPos":{"x":124.5,"y":26.5,"z":0}},"packable":true,"pixelsToUnit":100,"pivot":{"x":0.5,"y":0.5},"meshType":0}],[0],0,[0],[1],[1]]]]
