[1,["6aBQmWA15LIbF4JiRvosEv@6c48a"],["_textureSource"],["cc.SpriteFrame"],0,[{"name":"Pertama","rect":{"x":0,"y":0,"width":103,"height":24},"offset":{"x":0,"y":0},"originalSize":{"width":103,"height":24},"rotated":false,"capInsets":[0,0,0,0],"vertices":{"rawPosition":[-51.5,-12,0,51.5,-12,0,-51.5,12,0,51.5,12,0],"indexes":[0,1,2,2,1,3],"uv":[0,24,103,24,0,0,103,0],"nuv":[0,0,1,0,0,1,1,1],"minPos":{"x":-51.5,"y":-12,"z":0},"maxPos":{"x":51.5,"y":12,"z":0}},"packable":true,"pixelsToUnit":100,"pivot":{"x":0.5,"y":0.5},"meshType":0}],[0],0,[0],[0],[0]]
