[1,["6a1Fc2wZ1Mc5ShPlboTrJD@6c48a"],["_textureSource"],["cc.SpriteFrame"],0,[{"name":"large","rect":{"x":0,"y":0,"width":143,"height":86},"offset":{"x":0,"y":0},"originalSize":{"width":143,"height":86},"rotated":false,"capInsets":[0,0,0,0],"vertices":{"rawPosition":[-71.5,-43,0,71.5,-43,0,-71.5,43,0,71.5,43,0],"indexes":[0,1,2,2,1,3],"uv":[0,86,143,86,0,0,143,0],"nuv":[0,0,1,0,0,1,1,1],"minPos":{"x":-71.5,"y":-43,"z":0},"maxPos":{"x":71.5,"y":43,"z":0}},"packable":true,"pixelsToUnit":100,"pivot":{"x":0.5,"y":0.5},"meshType":0}],[0],0,[0],[0],[0]]
