[1,["17a91c1d1@6c48a"],["_textureSource"],["cc.SpriteFrame","cc.SpriteAtlas"],0,[[[{"name":"zi_aj_mianfei_youwin","rect":{"x":824,"y":603,"width":285,"height":50},"offset":{"x":0,"y":0},"originalSize":{"width":285,"height":50},"rotated":true,"capInsets":[0,0,0,0],"packable":true,"pixelsToUnit":100,"pivot":{"x":0.5,"y":0.5},"meshType":0}],[0],0,[0],[0],[0]],[[{"name":"btn_aj_jackpotbox@2x","rect":{"x":933,"y":903,"width":51,"height":29},"offset":{"x":0,"y":0},"originalSize":{"width":51,"height":29},"rotated":true,"capInsets":[0,0,0,0],"packable":true,"pixelsToUnit":100,"pivot":{"x":0.5,"y":0.5},"meshType":0}],[0],0,[0],[0],[0]],[[{"name":"auto-atlas","spriteFrames":["bg_aj_mianfeiban","fcP8dQrf1DP7FuBPjMWGSJ@f9941","bg_aj_mianfei_zhongjiang","b9nJg/C1xAc4vpBq04aqhM@f9941","zi_aj_mianfei_youwin","19c6n73NBELKQBHTr+2h2G@f9941","zi_aj_mianfei_infreespins","b2XUKQqHVL+YaYxGv38bBy@f9941","btn_aj_mianfeijieuan_ok","e9uuX+QsRLgp7ZRg83UE1h@f9941","btn_aj_jackpotbox@2x","51mtj2+llNd66K6fwREoPK@f9941","dh_aj_lizi@2x","d8MIEZbcdK6YE3/9n9qUWL@f9941","bg_aj_jackpot_fengexian@2x","b97st6kutF8pM8Yf8d4iuj@f9941","beetle","792AyCC5FLl5plu7EnwrZo@f9941","bg_aj_jackpot@2x","cbUFVOZK1JAL0YHk3AiiVk@f9941","zi_aj_mianfei_Tishi","94w2yPTARFL43BeiMTe2KH@f9941","hasbeen","feoAGnvKREBo0+SHoW1l9I@f9941","bg_aj_box@2x","27mhN5141De7mC8v6YSU34@f9941","zi_aj_mianfei_title","43fJnW+PNMMriJW+TXrzUE@f9941","bg_aj_jackpotbox@2x","15Z7WuPyREb7l8pDm8QB9c@f9941","zi_ingold","b8v/52SIVDvZejRaep3awN@f9941","bg_aj_mianfei_3","56T8XxDexPp5ioTx4kXFqM@f9941"]}],[1],0,[],[],[]],[[{"name":"beetle","rect":{"x":3,"y":739,"width":621,"height":136},"offset":{"x":0,"y":0},"originalSize":{"width":621,"height":136},"rotated":false,"capInsets":[0,0,0,0],"packable":true,"pixelsToUnit":100,"pivot":{"x":0.5,"y":0.5},"meshType":0}],[0],0,[0],[0],[0]],[[{"name":"zi_aj_mianfei_Tishi","rect":{"x":3,"y":881,"width":500,"height":98},"offset":{"x":0,"y":0},"originalSize":{"width":500,"height":98},"rotated":false,"capInsets":[0,0,0,0],"packable":true,"pixelsToUnit":100,"pivot":{"x":0.5,"y":0.5},"meshType":0}],[0],0,[0],[0],[0]],[[{"name":"zi_aj_mianfei_infreespins","rect":{"x":880,"y":603,"width":328,"height":47},"offset":{"x":0,"y":0},"originalSize":{"width":328,"height":47},"rotated":true,"capInsets":[0,0,0,0],"packable":true,"pixelsToUnit":100,"pivot":{"x":0.5,"y":0.5},"meshType":0}],[0],0,[0],[0],[0]],[[{"name":"bg_aj_mianfei_zhongjiang","rect":{"x":3,"y":603,"width":815,"height":130},"offset":{"x":0,"y":0},"originalSize":{"width":815,"height":130},"rotated":false,"capInsets":[0,0,0,0],"packable":true,"pixelsToUnit":100,"pivot":{"x":0.5,"y":0.5},"meshType":0}],[0],0,[0],[0],[0]],[[{"name":"bg_aj_jackpot_fengexian@2x","rect":{"x":985,"y":603,"width":228,"height":12},"offset":{"x":0,"y":0},"originalSize":{"width":228,"height":12},"rotated":true,"capInsets":[0,0,0,0],"packable":true,"pixelsToUnit":100,"pivot":{"x":0.5,"y":0.5},"meshType":0}],[0],0,[0],[0],[0]],[[{"name":"bg_aj_jackpot@2x","rect":{"x":630,"y":739,"width":258,"height":104},"offset":{"x":0,"y":0},"originalSize":{"width":258,"height":104},"rotated":true,"capInsets":[0,0,0,0],"packable":true,"pixelsToUnit":100,"pivot":{"x":0.5,"y":0.5},"meshType":0}],[0],0,[0],[0],[0]],[[{"name":"dh_aj_lizi@2x","rect":{"x":968,"y":903,"width":8,"height":8},"offset":{"x":0,"y":0},"originalSize":{"width":8,"height":8},"rotated":false,"capInsets":[0,0,0,0],"packable":true,"pixelsToUnit":100,"pivot":{"x":0.5,"y":0.5},"meshType":0}],[0],0,[0],[0],[0]],[[{"name":"btn_aj_mianfeijieuan_ok","rect":{"x":933,"y":603,"width":294,"height":46},"offset":{"x":0,"y":0},"originalSize":{"width":294,"height":46},"rotated":true,"capInsets":[0,0,0,0],"packable":true,"pixelsToUnit":100,"pivot":{"x":0.5,"y":0.5},"meshType":0}],[0],0,[0],[0],[0]],[[{"name":"bg_aj_mianfeiban","rect":{"x":3,"y":3,"width":989,"height":594},"offset":{"x":0,"y":0},"originalSize":{"width":989,"height":594},"rotated":false,"capInsets":[0,0,0,0],"packable":true,"pixelsToUnit":100,"pivot":{"x":0.5,"y":0.5},"meshType":0}],[0],0,[0],[0],[0]],[[{"name":"hasbeen","rect":{"x":3,"y":985,"width":453,"height":30},"offset":{"x":0,"y":0},"originalSize":{"width":453,"height":30},"rotated":false,"capInsets":[0,0,0,0],"packable":true,"pixelsToUnit":100,"pivot":{"x":0.5,"y":0.5},"meshType":0}],[0],0,[0],[0],[0]]]]
