{"importBase":"import","nativeBase":"native","name":"gxfcV2","deps":["internal","main"],"uuids":["01OL0vHFhL84ex1qjMv8lk@f9941","01405569a","01VFn65LFOxKRCgLy9QmNs@f9941","01dcc42d3","02Ln2nsAJJu6Qu5qfUmd7W@6c48a","02Ln2nsAJJu6Qu5qfUmd7W@f9941","04jtnEm5RNd5LJ3jcwP393@6c48a","07RFdfo89KCLe9raKglJuf@f9941","07i7gQBCRGBJmtm2KGdQEU@f9941","082KUWm/RDqYG0zhwtsynU@6c48a","082KUWm/RDqYG0zhwtsynU@f9941","15OBdZOR1I0qzy12l7M2dd@6c48a","17q7uZcZVAur5BfU7UWBBb@f9941","02Ln2nsAJJu6Qu5qfUmd7W","03JRzfzhBATrB7oRqfFlZg","033b2a0ca","0383232a9","038fd7148","04zM8ayzlAZ4NC5n5CZSep@f9941","04jtnEm5RNd5LJ3jcwP393","04d698879","09hMtSv+1EvKWlSGUuLuU0@f9941","136+Y3RSlGY6NpoMt5B7g7@f9941","15T6OGQiJJsZ8HryHSuog/@f9941","16SP9kulJBR7+SUeZ2f0rS@f9941","05SxXxwiRESpvj4H0nkoKE","082KUWm/RDqYG0zhwtsynU","0a7359ec6","0a7a68640","0baB+kkE5JRaw3PfMaNJOR","0bcd2ab55","0c0f90e83","0cbb41d4d","0d6630ebf","0df346d60","0f8cd6221","0fa45be65","0fb7d9b8f","11dcc42d3","136+Y3RSlGY6NpoMt5B7g7@6c48a","18t0dVPyJGkoMCS5k0VP4o@6c48a","1852kS3MVHoqZXyYAZC3oh@f9941","19XrCWSOBDcr+loWzzeyy7","1bEu+jdohD/qLpNm4Awbho","1bkd2KLIVO7ptdM81rHEDg@6c48a","1bkd2KLIVO7ptdM81rHEDg@f9941","1byzbrcX9DVbHNqW9tiJGm@6c48a","1dK0dTjcpNPISYYJQj5uta@f9941","1dPLOnG/JPprroFT1Tj6GL","21bxc6eDxAO4IvEQLPhw2l@6c48a","21bxc6eDxAO4IvEQLPhw2l@f9941","23/J5OwJZNaqj6MtjgP+oB@6c48a","23/J5OwJZNaqj6MtjgP+oB@f9941","27m8tIHAJJyp1QdWIshcKw@f9941","29EPYSwChP9rDOrOBFPsWh@6c48a","2aETGdnLlK3ov+lFE/uikl@f9941","2aIVlObhpNKagwLr2Y0yYC@f9941","2aREJzFFlGEbCjdy4R1sym@6c48a","2ec3FQJ+dM4aDKuoGOq8FZ@6c48a","2f4+jv1mVCr60WTmhJhI9w","30qHCr/+dA4aVRbariblPK@6c48a","33bSVSCn5N0o8xNTYh7FV5@f9941","34EmirFVhEZpFwlkF+kgne@f9941","37ZS2Mw/ZA3rxyI90Y6lBJ@6c48a","38OZMlPYJATaWv2d8kaGxT@6c48a","11dcc42d3@6c48a","12rLKvi7BJwbTPMFqLeQNI","1383232a9","1383232a9@6c48a","136+Y3RSlGY6NpoMt5B7g7","14d698879","14d698879@6c48a","15OBdZOR1I0qzy12l7M2dd","15OBdZOR1I0qzy12l7M2dd@f9941","18t0dVPyJGkoMCS5k0VP4o","1bjh7vO8lIsob1VwE0pQM/","1bkd2KLIVO7ptdM81rHEDg","1byzbrcX9DVbHNqW9tiJGm","1byzbrcX9DVbHNqW9tiJGm@f9941","1clfCYb41LNoKkLS2o/9C4","1d6630ebf","1d6630ebf@6c48a","1df346d60","35dUS9tBRKMKLnuHUZgQfc@f9941","3ac4rO2TBMeZiMNXdMn3j8@f9941","3a66CqXgZL47+CHgk1XXAu@f9941","3brKSPVk1N4YKEL61qhpti@6c48a","3brKSPVk1N4YKEL61qhpti@f9941","3b7fc03e9ET6XoaK+0Jv57","3cwM85EKhPUKfF/NpC+rjD@6c48a","3cwnV9+MVFzIPKUBbMcHqt@f9941","3dB13oaiBHUpB4ltIHeB9M@6c48a","3dS8m+1D1BXZByoQYzNrpL","3dTw3nG2pGer1wDbEgFZT2@f9941","3d2bjVKLBCVaOgjfZZWF/a@6c48a","3d2bjVKLBCVaOgjfZZWF/a@f9941","3emms9cqtO6Lk0MoWJqXVy@6c48a","41Hnh+MYlMBoejKpWYlT2z@f9941","44RehiGgVH+r08r/n9RzdF@f9941","47YpF2ERZEUbq7SF7fzrTh","48W95dla5Lxp1MB21Y80pG@6c48a","48+jdDHAZNZZ0ijTnOCkrk@f9941","49Uc9tNexFKJD+6RuuNtEC@f9941","49WnHz7NxPe7kyUC3RtMs7@f9941","4ag2sS53dIr5bVOxxwm/rq@f9941","4bkxXfOyREs7rp2JtZTkOD@f9941","4es+ZAK/ZDV5DDIEBZN7tw@6c48a","4es+ZAK/ZDV5DDIEBZN7tw@f9941","4fedOmpVhClJmuNqOQp98N","4fy46Oph1Ho6UOvv9xhOwy@f9941","54GxCA3HJG0psu4QCHv0aU@6c48a","54GxCA3HJG0psu4QCHv0aU@f9941","55+g5nbyNAm6Plzn0TgPQM@f9941","56QiLuCS5AVog/P1tGx3ZC@f9941","57sqYoJppITJcVpwazjvdo@6c48a","58OFG2Gg1GV52kIjMhNxxv@f9941","59jUnD1A1Lva2l91JFmXJ6@6c48a","59ju5x17VLq5jCSrJNfEvF@f9941","5aJSRAKD5NHrF6fjWmZWgn@f9941","5aeBJnf6xE87iHxV8duv1W@6c48a","5dc/ZDp7dLgoP2sTlChPbV@6c48a","63kw7BKXlHVLGfb8h2S/Fn@6c48a","66/71eYZpA4ZXwgTY2QoI/@f9941","6cJjxjpQtKeaZBvrihKfnD@6c48a","70xr1YJqVPmYuJ6CHIDoES@6c48a","70xr1YJqVPmYuJ6CHIDoES@f9941","71BpaqDlBBoo9mN+5mPx9n@f9941","71jp+HNptI4LKBB+qsWYJV@6c48a","73Gg7sYupDPrLA1KsvjIXv@6c48a","730gQa+/VKW7DMgpVlMeNC@f9941","76g741fexKao/DIMbKqMHa@f9941","79PGWJPARLDatuvDikcefF@f9941","79TilMHhtFnaHavJCR6mCT@6c48a","79TilMHhtFnaHavJCR6mCT@f9941","7cpn7DJZ5J/KiN9DZCqcF/","7cuGw0sSpAzp1xE+zyzA7F@f9941","7fBHTGWHNHT742Mjkc3m8T@f9941","7fvaAySMRKK5IUvPz8EKdF@6c48a","80/Y72DXxP24lOx+ikhgGx@f9941","81QMwPFJhHlbnL60+RGNkt@f9941","81YbEWHKxOq4puXaQdowHD@f9941","82Ytnp+bxBy4kIWpp8ZxQC","83KJBl7+xEjapWlyGhx+Nc@f9941","83PMHhNmVDcZrdaCRcXo6E@f9941","85CmLV/YBFiK3tt+VtWpGT@f9941","85lisRpOJBQqEs6Nbt1f9p@f9941","86E12wOXtFv6vDdAJbbK7U@f9941","86R0crwKZGebYpFRqLbdDO@f9941","86VSzqTJNMXIUeGO/S+jZh@6c48a","86VSzqTJNMXIUeGO/S+jZh@f9941","87SRCVaR9MiaoyviKiAZQz@f9941","871sHtQ31JnYMI5DOtNseq@6c48a","871sHtQ31JnYMI5DOtNseq@f9941","872TcpgNxIW7nLXY+0KXWt@f9941","884z50O/5D8bqgIEkx0Di3@f9941","89cfTdWPZN4Jx4v6bKtyFP@6c48a","89cfTdWPZN4Jx4v6bKtyFP@f9941","8aLylGjElOpZw6hKt2YJoB@6c48a","8bBFbaraFOw5bJY5biZLh/@f9941","8dPNNIjkNHJoM3w/4FdWl2@6c48a","8daUTrTn9InY+IQGeTsdVW@f9941","8e0n2agLhJ8LUGu76P6Ptz@f9941","90OPua0oZDz4BuWR9UCLUx","91IJajbchAi6qxOZFjeu55@f9941","91auA8RRdMcZp1Mb9c/Re7@6c48a","92dEhjPFpKJY4iGVIcH3hA@f9941","9524V2vWZNLo0fLfDN7yHy@f9941","96HMm7Lf9LmoHGVI25bEi6@f9941","96TuBKooBE/ZBjeyzhZO89@6c48a","96TuBKooBE/ZBjeyzhZO89@f9941","96ainWYj9J94hmntrZG9ub@f9941","9677LQwB1I94UKHL6dUYLs@f9941","9adTY+1vVFDZoy3zn/latP@f9941","9a8zKxuTpCgZi4Y6JDw+a3@f9941","9cLt93wO5PUYZSXk369YcZ@6c48a","9dScOVLe1OUpTflDvTUdi8@6c48a","9filEAf5JGXqT8Kdt1kPgw@6c48a","1df346d60@6c48a","1fw9cgLchFBrH8eMj8j3VA","21bxc6eDxAO4IvEQLPhw2l","23/J5OwJZNaqj6MtjgP+oB","24xBnqY6hOoanQf8RpSJu8","24xBnqY6hOoanQf8RpSJu8@6c48a","24xBnqY6hOoanQf8RpSJu8@f9941","25gwG6VNtLdICPPyAsPREp","29EPYSwChP9rDOrOBFPsWh","2aREJzFFlGEbCjdy4R1sym","2aREJzFFlGEbCjdy4R1sym@f9941","2ec3FQJ+dM4aDKuoGOq8FZ","30qHCr/+dA4aVRbariblPK","33h9G+TjRHyZwZRwyd1O+u","37ZS2Mw/ZA3rxyI90Y6lBJ","38OZMlPYJATaWv2d8kaGxT","3a/1FZXuJDVIlRauep9wXL","3brKSPVk1N4YKEL61qhpti","3cwM85EKhPUKfF/NpC+rjD","3dB13oaiBHUpB4ltIHeB9M","3d2bjVKLBCVaOgjfZZWF/a","3emms9cqtO6Lk0MoWJqXVy","3emms9cqtO6Lk0MoWJqXVy@f9941","3f+1qSveFFLJPP6kOecdM0","48W95dla5Lxp1MB21Y80pG","49vG7qjzVNc7Bnc7nzVA+m","4es+ZAK/ZDV5DDIEBZN7tw","509DSLyINOL48RziM7hZ+h","51Ol2tm9BMprLPaZSjgXrb","54GxCA3HJG0psu4QCHv0aU","57sqYoJppITJcVpwazjvdo","59jUnD1A1Lva2l91JFmXJ6","5aeBJnf6xE87iHxV8duv1W","5dc/ZDp7dLgoP2sTlChPbV","5eFWPDFCxA76u1IT1/HVlY","5fo7D6N0lKcLIWJZYkm+yj","60Av1zVQ5KHJl0tqfKZNm3","63kw7BKXlHVLGfb8h2S/Fn","6b0JP9bcRFPZ0z0IS5GNeZ","6cJjxjpQtKeaZBvrihKfnD","70xr1YJqVPmYuJ6CHIDoES","71jp+HNptI4LKBB+qsWYJV","73Gg7sYupDPrLA1KsvjIXv","73dggiwKJJiL4Wpn2crPk4","76kbAb0HBL1YNNdqntkIyY","79TilMHhtFnaHavJCR6mCT","7anl7f4MNFjrwfYeE0eMFH","7dj5uJT9FMn6OrOOx83tfK@f9941","7dwlIMJ6hKM5rU894sf8pw","7fvaAySMRKK5IUvPz8EKdF","7f6FoelihFVpKvs8QMbW4f","80SuFV56lCp7l7uXj5ii7X","80mQ7tX1NDY4Djz4wlIeGH","82Mh/d8apGvpJY6qlY/GIf","86VSzqTJNMXIUeGO/S+jZh","868l1cneVFT6X57hZgPmcB","87Z+DAYs5IO6SuHlIetLcw","871sHtQ31JnYMI5DOtNseq","88qYx6CrJDOaZmM1B4hq0P","8841l0/w9DkIruMb1nrn7v","89cfTdWPZN4Jx4v6bKtyFP","8aLylGjElOpZw6hKt2YJoB","8betz3aZtGUZDt0eW0MiAQ","8dPNNIjkNHJoM3w/4FdWl2","8fqHVoT6ND1IG3/51SRL98","91auA8RRdMcZp1Mb9c/Re7","92TV9zMHNBUYnWqxQ8WrUV","92TV9zMHNBUYnWqxQ8WrUV@6c48a","92TV9zMHNBUYnWqxQ8WrUV@f9941","92avLMyklJBrG6KwwQ3/mP","94fakU6WdAS4bf9Q46yW4D","95dM3t+Z5D0aJwMP71bWnp","96TuBKooBE/ZBjeyzhZO89","99CEvxjo9F9qQAuiIBQDQY","9a+vNLWBBLfbB4SsBsvDXr","9cLt93wO5PUYZSXk369YcZ","9dScOVLe1OUpTflDvTUdi8","9d/GMgG31Cjp0Arz2vSS/x","9fxYC5D8JNxr5vBu4QnyVW@f9941","a04GeLhTFAsIL5FbPqwGkp","a1QkPLRYhOzrvj1Zx26IqV@6c48a","a1QkPLRYhOzrvj1Zx26IqV@f9941","a4lf4xaNdC/ZFMReWsHfN7@6c48a","a42IlxlwBDXaHw7xLjHnhL@6c48a","a5QZltxbVLm4KoAasGtUK2@6c48a","a7YSaGWd1Mvoav+UEPOdr6@6c48a","a8BMgPD9xDYotMYQD0+LJo@6c48a","a8XxE64hhJx70JWVyIY/SG@6c48a","a9QRwUVORMG5jW5oVBeOP8","a9tpQVzkBO4J/y8RYNQAh1@6c48a","a9tpQVzkBO4J/y8RYNQAh1@f9941","acyoxSIVRGIoZJzbuUW+cb@6c48a","acyoxSIVRGIoZJzbuUW+cb@f9941","aewUwh7PtLIYoJg5NK+XlI@f9941","b1XvAii3RG6aKYX11oCj1a@6c48a","b4U6f72QtPCqPAhJDKtd/E","b5ftL5oLlPUIFUSfgpW58k@f9941","b56QSkohFIHZQQDumI4L+2@6c48a","b6VnghMA1LHZl9mwIuAw2M@f9941","b65o7VDHdOFoNNpnk+LAJo@f9941","b7Lx25oa9AwZlRbcu3E2bc@f9941","b9pwuPA2lN4KMNli9nIgox@6c48a","be4DFtJOxDlqVtfcTYHwiy@6c48a","bfMJBSO+lJ85+O31EFweVH@f9941","bfS1ToqXdFfrRWWt8yStTI@f9941","bf42ZCa7FJS6triEkWTEPR@f9941","c0JGbMKuJD8qhenAPKGjvb@6c48a","c0JGbMKuJD8qhenAPKGjvb@f9941","c2vKFsM/lJJolBHHXifr12@f9941","c6EbdkmzRPzLx1dYChKV9D@f9941","c6QZiJCLVFlp0xj3XhFei/@f9941","c9BY68bGdPcpoSIUgMme2J","cbpudfLO1CabFm3E0hP2Wm@f9941","ccUf8c3OdHnZaoL2LL6kAs@6c48a","ccXQSP8btJuJwxLwBw/mMD","cc6rkynPxO0Zrm1sDAivL8@f9941","cdCqnqj+xHTL/rMQ/HjtqB","d0gcfngYdD9IIKEBkjUaPo","d1BkSsDZBDU7y4h3vXaTjc@f9941","d2D64n44NIJLzENeOpv4vH@6c48a","d2D64n44NIJLzENeOpv4vH@f9941","d4roNXF+tGt74bdAGR5Ydi@6c48a","d5ZI1BGf5LT7NvIE3YUxb0@6c48a","d9FF+tW1FFxZv7brUFklUW@f9941","dbQXI8wk9JnI10Sold5CiD@f9941","dc4NNd4ltBwbi1WO35CnV2@6c48a","dc4NNd4ltBwbi1WO35CnV2@f9941","df4AlQt4tHeLgDunUFgfur@6c48a","e1NfX6cAVGZJ5XJFn+6fd+@6c48a","e1lI22i1BGXKcm0XrtHUgw@f9941","e2jUJFpd1O4asoIJwNRjpL","e2/B6jRSRNXrp8CigB/mXP@f9941","e36IM/E+NH4Kt4zoZDunWn@6c48a","e4KWIf9/lGMZeIIuDMn65F@6c48a","e5t90DR39ItI/P6Um0hok4@6c48a","e6vWb2sStOi7IZfNeYDL5k@6c48a","e73lfqa69LFJq7tjj1Uz5X@f9941","e8hAF1SPZCCa6sCH9xL3uB@6c48a","e8hAF1SPZCCa6sCH9xL3uB@f9941","e8lgNDss5MNLYe+3rl1lbk@f9941","e9KC9sgaRFqI5lTFTevQe4@6c48a","eby6oF6PVBi7+OfejSGwjC@f9941","eb71bAjt1B86q8SGBogjhZ","edF+QJQspPwae5TsWGNcMH@f9941","eeRVmdstdIBZUY2F6/+/cc","efOshT/s5ElLttL3osDgRL@f9941","ef+WHmaY5CwZ1+j1hM/d/W@f9941","f0jlFMPVVEkrc+t2PykcoG@f9941","f2idNLM4tJQKgCeR+TKXfp@f9941","f6Sk+hKu1BApf16yJ9bG6/@f9941","f7bUS7aLdAIJyO1OxUJub7","fb7pxBdx5M8K5hnK+f0j5N","9d/GMgG31Cjp0Arz2vSS/x@6c48a","9d/GMgG31Cjp0Arz2vSS/x@f9941","9fXA5OdMdM76qM1Y08mWzb","9filEAf5JGXqT8Kdt1kPgw","a1QkPLRYhOzrvj1Zx26IqV","a3ujkrN25ALIc2T3+prcwY","a4lf4xaNdC/ZFMReWsHfN7","a4lf4xaNdC/ZFMReWsHfN7@f9941","a42IlxlwBDXaHw7xLjHnhL","a5QZltxbVLm4KoAasGtUK2","a5QZltxbVLm4KoAasGtUK2@f9941","a7YSaGWd1Mvoav+UEPOdr6","a8BMgPD9xDYotMYQD0+LJo","a8XxE64hhJx70JWVyIY/SG","a8XxE64hhJx70JWVyIY/SG@f9941","a89VKiSvhNI6P/lJyEVIjw","a9U6QmhDRBsJwlHLdYyav+","a9tpQVzkBO4J/y8RYNQAh1","ab2zmROE9NfpLWsN83AqCC","acyoxSIVRGIoZJzbuUW+cb","afQlXR/mdJ7bJ6NSS44n+O","afpfqN9NhIMJKNSbWnVZt2","b1XvAii3RG6aKYX11oCj1a","b4PXf8sEVIcJbvqdeJjwTo","b5xZS3qtVDAb5Ja7F2Z32T","b56QSkohFIHZQQDumI4L+2","b9pwuPA2lN4KMNli9nIgox","b9pwuPA2lN4KMNli9nIgox@f9941","bbqMwco8tJMpEh0IxQ7cs8","beQvu6bttIi4qu99xZq+xu","be4DFtJOxDlqVtfcTYHwiy","c0DMemB3JHBb/OLwh4Ovuy","c0JGbMKuJD8qhenAPKGjvb","c3mQAPuDxFcJfSzrA36soD","c6axz/x69BjrN0MeECErtY","cakCJqXXJDY6Mt7iPCeWMS","ccUf8c3OdHnZaoL2LL6kAs","ccUf8c3OdHnZaoL2LL6kAs@f9941","cddPZ8FC9BLrRPp8gNFsaJ","d2D64n44NIJLzENeOpv4vH","d2G5v+fTZHZY3MJydTs5FR","d4roNXF+tGt74bdAGR5Ydi","d4roNXF+tGt74bdAGR5Ydi@f9941","d5ZI1BGf5LT7NvIE3YUxb0","d7Yv0lpqhDtY8eW3co2Nai","d8PcjgrU1K8qODhZjs5u+4","dawCy9CUVJ256N+ehspk95","dc4NNd4ltBwbi1WO35CnV2","dd3sGQq9hLDI2h4CJUQPrQ","df4AlQt4tHeLgDunUFgfur","e1NfX6cAVGZJ5XJFn+6fd+","e2v044lRBBzIS8ngJIVciQ","e36IM/E+NH4Kt4zoZDunWn","e4KWIf9/lGMZeIIuDMn65F","e4KWIf9/lGMZeIIuDMn65F@f9941","e5t90DR39ItI/P6Um0hok4","e5t90DR39ItI/P6Um0hok4@f9941","e6vWb2sStOi7IZfNeYDL5k","e8hAF1SPZCCa6sCH9xL3uB","e8jTnZq9FM2oP6KgimEoLf","e9KC9sgaRFqI5lTFTevQe4","e9mRyUoE5JU5kFDPpSaFiz","eaUP+EKwBNkLgPcD+nF8tI","efxW7v6x5O4qWyDi9+r/yv","f5FbxlrnJIWrDtj/oTafi8","f7d+R1I35Lm7L89XEIkfJG","f9uWgGTkdP5Z39GInlAp9l"],"paths":{"0":["img/mianfeibox/spriteFrame",5,1],"2":["img/bg_gxfc_mianfei_box/spriteFrame",5,1],"4":["publicFont/shuzi_xiazhujine_0/texture",4,1],"5":["publicFont/shuzi_xiazhujine_0/spriteFrame",5,1],"6":["atlas/rollerIcon/fa/gxfc_baida14/texture",4,1],"7":["img/STOP/spriteFrame",5,1],"8":["img/dl_long_guizedibox/spriteFrame",5,1],"9":["textures/bg/bg_gxfc_zhuangpan/texture",4,1],"10":["textures/bg/bg_gxfc_zhuangpan/spriteFrame",5,1],"11":["icon/tubiao_bianpao/texture",4,1],"12":["img/AUTO/spriteFrame",5,1],"13":["publicFont/shuzi_xiazhujine_0",3,1],"14":["atlas/rollerIcon/xiwa/gxfc_xiwa",8,1],"18":["img/bg_gxfc_guize_kuang5/spriteFrame",5,1],"19":["atlas/rollerIcon/fa/gxfc_baida14",3,1],"21":["img/icon_gxfc_guize_yupei/spriteFrame",5,1],"22":["atlas/dialog/bigwin/fire0001/spriteFrame",5,1],"23":["img/bg_gxfc_guize_tu_1/spriteFrame",5,1],"24":["img/zi_gxfc_mianfei_3/spriteFrame",5,1],"25":["atlas/dialog/megawin/megawin",7,1],"26":["textures/bg/bg_gxfc_zhuangpan",3,1],"29":["audio/gxfc_win_maroon",1,1],"39":["atlas/dialog/bigwin/fire0001/texture",4,1],"40":["atlas/rollerIcon/gu/skeleton/texture",4,1],"41":["img/icon_gxfc_guize_tongqian/spriteFrame",5,1],"42":["prefabs/slotBgnew",6,1],"43":["atlas/dialog/megawin/tongyong_mw",11,1],"44":["atlas/dialog/jackpot/fire0001/texture",4,1],"45":["atlas/dialog/jackpot/fire0001/spriteFrame",5,1],"46":["icon/tubiao_caishen/texture",4,1],"47":["img/zi_gxfc_mianfei_1/spriteFrame",5,1],"48":["atlas/dialog/jackpot/tongyong_jp",11,1],"49":["textures/bg/bg_gxfc_mianfei_1/texture",4,1],"50":["textures/bg/bg_gxfc_mianfei_1/spriteFrame",5,1],"51":["textures/bg_gxfc_zhuangpan_di_2/texture",4,1],"52":["textures/bg_gxfc_zhuangpan_di_2/spriteFrame",5,1],"53":["img/icon_gxfc_guize_shouwa/spriteFrame",5,1],"54":["atlas/focusBorder/fxgz_zhongjiang2/texture",4,1],"55":["img/bg_gxfc_guize_xian_5/spriteFrame",5,1],"56":["img/dl_gxfc_autospinbox/spriteFrame",5,1],"57":["img/bg_gxfc_caozuo_box2/texture",4,1],"58":["atlas/rollerIcon/fa/gxfc_baida11/texture",4,1],"59":["atlas/focusBorder/fxgz_zhongjiang",8,1],"60":["atlas/rollerIcon/fa/gxfc_baida6/texture",4,1],"61":["img/bg_gxfc_guize_ye_down/spriteFrame",5,1],"62":["img/bg_gxfc_guize_kuang1/spriteFrame",5,1],"63":["atlas/rollerIcon/fa/gxfc_baida3/texture",4,1],"64":["atlas/rollerIcon/scatter/gxfc_scatter/texture",4,1],"66":["audio/gxfc_sg_bg",1,1],"69":["atlas/dialog/bigwin/fire0001",3,1],"72":["icon/tubiao_bianpao",3,1],"73":["icon/tubiao_bianpao/spriteFrame",5,1],"74":["atlas/rollerIcon/gu/skeleton",3,1],"75":["atlas/rollerIcon/bianpao/skeleton",7,1],"76":["atlas/dialog/jackpot/fire0001",3,1],"77":["icon/tubiao_caishen",3,1],"78":["icon/tubiao_caishen/spriteFrame",5,1],"79":["atlas/rollerIcon/fushen/gxfc_fushen",8,1],"83":["img/bg_gxfc_guize_xian_2/spriteFrame",5,1],"84":["img/icon_gxfc_guize_fushen/spriteFrame",5,1],"85":["img/bg_gxfc_guize_xian_7/spriteFrame",5,1],"86":["font/zi_zhongjiang_0/texture",4,1],"87":["font/zi_zhongjiang_0/spriteFrame",5,1],"88":["font/fnt_gold",2,1],"89":["atlas/dialog/superwin/superwin/texture",4,1],"90":["img/dl_gxfc_caidananniu/spriteFrame",5,1],"91":["atlas/dialog/megawin/megawin2/texture",4,1],"92":["prefabs/dialogWin",6,1],"93":["img/icon_gxfc_guize_jinfaxiao/spriteFrame",5,1],"94":["textures/number/texture",4,1],"95":["textures/number/spriteFrame",5,1],"96":["icon/tubiao_gu/texture",4,1],"97":["img/SETTINGS/spriteFrame",5,1],"98":["img/bg_gxfc_guize_tu_2/spriteFrame",5,1],"99":["prefabs/icon",6,1],"100":["atlas/rollerIcon/fa/gxfc_baida7/texture",4,1],"101":["img/dl_gxfc_zidong_0/spriteFrame",5,1],"102":["img/btn_gxfc_guize_off/spriteFrame",5,1],"103":["img/dl_gxfc_xiazhujian_0/spriteFrame",5,1],"104":["img/rules_1/spriteFrame",5,1],"105":["img/dl_gxfc_spinanniu_1/spriteFrame",5,1],"106":["icon/tubiao_scatter/texture",4,1],"107":["icon/tubiao_scatter/spriteFrame",5,1],"108":["prefabs/flyBg",6,1],"109":["img/FREE SPINS LEFT/spriteFrame",5,1],"110":["textures/bg/bg_gxfc_zhuangpan_di_2@2x/texture",4,1],"111":["textures/bg/bg_gxfc_zhuangpan_di_2@2x/spriteFrame",5,1],"112":["img/dl_gxfc_soinicon/spriteFrame",5,1],"113":["img/dl_gxfc_jinbijia/spriteFrame",5,1],"114":["atlas/rollerIcon/baifa/baifa/texture",4,1],"115":["img/dl_gxfc_soinicon_1/spriteFrame",5,1],"116":["atlas/rollerIcon/fushen/gxfc_fushen/texture",4,1],"117":["img/bg_gxfc_guize_xian_8/spriteFrame",5,1],"118":["img/icon_dt_loading_1/spriteFrame",5,1],"119":["atlas/PublicSkeleton/spine_guangquan/texture",4,1],"120":["atlas/rollerIcon/fa/gxfc_baida4/texture",4,1],"121":["atlas/focusBorder/fxgz_zhongjiang/texture",4,1],"122":["img/dl_gxfc_stopicon_1/spriteFrame",5,1],"123":["atlas/rollerIcon/bianpao/skeleton/texture",4,1],"124":["textures/bg_gxfc_zhuangpan_diBottm/texture",4,1],"125":["textures/bg_gxfc_zhuangpan_diBottm/spriteFrame",5,1],"126":["img/icon_gxfc_tubiao_jinfa/spriteFrame",5,1],"127":["atlas/rollerIcon/fa/gxfc_baida10/texture",4,1],"128":["atlas/dialog/bigwin/bigwin2/texture",4,1],"129":["img/icon_gxfc_tubiao_scatter/spriteFrame",5,1],"130":["img/icon_gxfc_guize_caishen/spriteFrame",5,1],"131":["img/img_round/spriteFrame",5,1],"132":["textures/bg/bg_gxfc_zc_3/texture",4,1],"133":["textures/bg/bg_gxfc_zc_3/spriteFrame",5,1],"134":["atlas/dialog/bigwin/tongyong_bw",11,1],"135":["img/zi_gxfc_mianfei_2/spriteFrame",5,1],"136":["img/SOUND/spriteFrame",5,1],"137":["atlas/rollerIcon/fa/gxfc_baida/texture",4,1],"138":["img/icon_gxfc_guize_gu/spriteFrame",5,1],"139":["img/dl_gxfc_guizeanniu/spriteFrame",5,1],"140":["img/dl_gxfc_shezhianniu/spriteFrame",5,1],"141":["atlas/dialog/megawin/megawin",8,1],"142":["img/bg_gxfc_guize_xian_9/spriteFrame",5,1],"143":["img/dl_gxfc_vipanniu/spriteFrame",5,1],"144":["img/rules_2/spriteFrame",5,1],"145":["img/Rptidakmencukupi/spriteFrame",5,1],"146":["img/dl_gxfc_zhongjiangbox/spriteFrame",5,1],"147":["img/WIN/spriteFrame",5,1],"148":["textures/bg/bg_gxfc_zc_1/texture",4,1],"149":["textures/bg/bg_gxfc_zc_1/spriteFrame",5,1],"150":["img/bg_gxfc_mianfei_box1/spriteFrame",5,1],"151":["font/shuzi_xiazhujine_0/texture",4,1],"152":["font/shuzi_xiazhujine_0/spriteFrame",5,1],"153":["img/bg_gxfc_guize_xian_6/spriteFrame",5,1],"154":["img/dl_gxfc_caidanbox/spriteFrame",5,1],"155":["textures/bg/bg_gxfc_zc_2/texture",4,1],"156":["textures/bg/bg_gxfc_zc_2/spriteFrame",5,1],"157":["atlas/rollerIcon/scatter/gxfc_scatter2/texture",4,1],"158":["img/rules_5/spriteFrame",5,1],"159":["atlas/rollerIcon/fa/gxfc_baida13/texture",4,1],"160":["img/dl_gxfc_kuai_0/spriteFrame",5,1],"161":["img/dl_gxfc_xiazhujia_1/spriteFrame",5,1],"162":["font/zi_zhongjiang",2,1],"163":["img/bg_gxfc_guize_ye_up/spriteFrame",5,1],"164":["atlas/fly/ui_jiangci/texture",4,1],"165":["img/img_rule_in/spriteFrame",5,1],"166":["img/dl_gxfc_spinanniu/spriteFrame",5,1],"167":["img/zi_goodluck/spriteFrame",5,1],"168":["textures/bg_gxfc_zhuangpan_di/texture",4,1],"169":["textures/bg_gxfc_zhuangpan_di/spriteFrame",5,1],"170":["img/SPIN/spriteFrame",5,1],"171":["img/zi_gxfc_mianfei_title/spriteFrame",5,1],"172":["img/dl_gxfc_likaianniu/spriteFrame",5,1],"173":["img/dl_gxfc_brn_shezhi_on/spriteFrame",5,1],"174":["atlas/rollerIcon/yupei/skeleton/texture",4,1],"175":["atlas/rollerIcon/fa/gxfc_baida9/texture",4,1],"176":["atlas/rollerIcon/heifuzi/gxfc_caishen/texture",4,1],"178":["prefabs/prefab_gxfcv2_set",6,1],"179":["textures/bg/bg_gxfc_mianfei_1",3,1],"180":["textures/bg_gxfc_zhuangpan_di_2",3,1],"184":["atlas/rollerIcon/shouwa/gxfc_shouwa",7,1],"185":["atlas/focusBorder/fxgz_zhongjiang2",3,1],"186":["img/bg_gxfc_caozuo_box2",3,1],"187":["img/bg_gxfc_caozuo_box2/spriteFrame",5,1],"188":["atlas/rollerIcon/fa/gxfc_baida11",3,1],"189":["atlas/rollerIcon/fa/gxfc_baida6",3,1],"190":["audio/gxfc_win_jadePendant",1,1],"191":["atlas/rollerIcon/fa/gxfc_baida3",3,1],"192":["atlas/rollerIcon/scatter/gxfc_scatter",3,1],"193":["atlas/rollerIcon/xiwa/gxfc_xiwa",7,1],"194":["font/zi_zhongjiang_0",3,1],"195":["atlas/dialog/superwin/superwin",3,1],"196":["atlas/dialog/megawin/megawin2",3,1],"197":["textures/number",3,1],"198":["icon/tubiao_gu",3,1],"199":["icon/tubiao_gu/spriteFrame",5,1],"200":["atlas/dialog/superwin/superwin",7,1],"201":["atlas/rollerIcon/fa/gxfc_baida7",3,1],"202":["audio/gxfc_win_fafafa",1,1],"203":["icon/tubiao_scatter",3,1],"205":["atlas/rollerIcon/baifa/baifa",8,1],"206":["textures/bg/bg_gxfc_zhuangpan_di_2@2x",3,1],"207":["atlas/rollerIcon/baifa/baifa",3,1],"208":["atlas/rollerIcon/fushen/gxfc_fushen",3,1],"209":["atlas/PublicSkeleton/spine_guangquan",3,1],"210":["atlas/rollerIcon/fa/gxfc_baida4",3,1],"211":["audio/gxfc_sg_bg1",1,1],"212":["atlas/rollerIcon/fa/gxfc_baida",7,1],"213":["atlas/rollerIcon/fushen/gxfc_fushen",7,1],"214":["atlas/focusBorder/fxgz_zhongjiang",3,1],"216":["atlas/rollerIcon/bianpao/skeleton",3,1],"217":["textures/bg_gxfc_zhuangpan_diBottm",3,1],"218":["atlas/rollerIcon/fa/gxfc_baida10",3,1],"219":["atlas/dialog/bigwin/bigwin2",3,1],"220":["atlas/rollerIcon/heifuzi/gxfc_caishen",7,1],"221":["prefabs/Particle2D",6,1],"222":["textures/bg/bg_gxfc_zc_3",3,1],"223":["audio/minCoin",1,1],"225":["atlas/rollerIcon/tongqian/skeleton",7,1],"226":["atlas/rollerIcon/fa/gxfc_baida",3,1],"227":["prefabs/rulePanel",6,1],"228":["atlas/dialog/bigwin/bigwin",7,1],"229":["atlas/rollerIcon/heifuzi/gxfc_caishen",8,1],"230":["atlas/rollerIcon/gu/skeleton",7,1],"231":["textures/bg/bg_gxfc_zc_1",3,1],"233":["audio/gxfc_win_durm",1,1],"234":["font/shuzi_xiazhujine_0",3,1],"235":["prefabs/roller",6,1],"236":["PublicImg/auto_commmon_gxfc",0,1],"237":["textures/bg/bg_gxfc_zc_2",3,1],"238":["atlas/rollerIcon/scatter/gxfc_scatter2",3,1],"239":["atlas/fly/ui_jiangci",7,1],"240":["atlas/rollerIcon/fa/gxfc_baida13",3,1],"241":["atlas/rollerIcon/scatter/gxfc_scatter",7,1],"242":["atlas/fly/ui_jiangci",3,1],"247":["audio/fast_roller",1,1],"248":["atlas/rollerIcon/yupei/skeleton",8,1],"249":["textures/bg_gxfc_zhuangpan_di",3,1],"250":["atlas/rollerIcon/gu/skeleton",8,1],"251":["audio/turn",1,1],"252":["atlas/rollerIcon/yupei/skeleton",3,1],"253":["atlas/rollerIcon/fa/gxfc_baida9",3,1],"255":["img/dl_gxfx_autoanniu1/spriteFrame",5,1],"256":["atlas/rollerIcon/scatter/gxfc_scatter",8,1],"257":["font/fnt_gold_0/texture",4,1],"258":["font/fnt_gold_0/spriteFrame",5,1],"259":["atlas/dialog/jackpot/sb_lbjs_JACKPOT/texture",4,1],"260":["atlas/fly/skeleton/texture",4,1],"261":["icon/tubiao_xiwa/texture",4,1],"262":["atlas/rollerIcon/fa/gxfc_baida5/texture",4,1],"263":["atlas/dialog/bigwin/bigwin/texture",4,1],"264":["icon/tubiao_yupei/texture",4,1],"265":["font/shuzi_xiazhujine",2,1],"266":["atlas/dialog/superwin/fire0001/texture",4,1],"267":["atlas/dialog/superwin/fire0001/spriteFrame",5,1],"268":["atlas/dialog/megawin/fire0001/texture",4,1],"269":["atlas/dialog/megawin/fire0001/spriteFrame",5,1],"270":["img/dl_gxfc_zidong_1/spriteFrame",5,1],"271":["atlas/PublicSkeleton/spine_guangquan2/texture",4,1],"272":["atlas/animation/animation_title",9,1],"273":["img/dl_gxfc_stopicon/spriteFrame",5,1],"274":["atlas/rollerIcon/fa/gxfc_baida8/texture",4,1],"275":["img/dl_gxfc_confirm/spriteFrame",5,1],"276":["img/bg_gxfc_guize_xian_4/spriteFrame",5,1],"277":["img/icon_gxfc_guize_baifa/spriteFrame",5,1],"278":["icon/tubiao_tongqian/texture",4,1],"279":["atlas/rollerIcon/shouwa/gxfc_shouwa/texture",4,1],"280":["img/bg_gxfc_guize_kuang4/spriteFrame",5,1],"281":["img/auto spin setting/spriteFrame",5,1],"282":["img/bg_gxfc_guize_kuang2/spriteFrame",5,1],"283":["img/dl_gxfc_dibox/texture",4,1],"284":["img/dl_gxfc_dibox/spriteFrame",5,1],"285":["img/bg_gxfc_guize_kuang3/spriteFrame",5,1],"286":["img/icon_dt_loading_0/spriteFrame",5,1],"287":["img/bg_gxfc_guize_box/spriteFrame",5,1],"288":["atlas/dialog/superwin/superwin",8,1],"289":["img/MUSIC/spriteFrame",5,1],"290":["textures/bg/bg_gxfc_zhuangpan_di_1@2x/texture",4,1],"291":["publicFont/shuzi_xiazhujine",2,1],"292":["img/bg_gxfc_shezhibox/spriteFrame",5,1],"293":["prefabs/prefabs_gxfcv2_loading",6,1],"294":["atlas/number/number-atlas-1",10,1],"295":["img/icon_gxfc_guize_shuangfa/spriteFrame",5,1],"296":["textures/bg_gxfc_loading_1/texture",4,1],"297":["textures/bg_gxfc_loading_1/spriteFrame",5,1],"298":["icon/tubiao_shouwa/texture",4,1],"299":["atlas/dialog/superwin/superwin2/texture",4,1],"300":["img/bg_gxfc_guize_xian_1/spriteFrame",5,1],"301":["img/dl_gxfx_autoanniu/spriteFrame",5,1],"302":["textures/bg_gxfc_zhuangpan_diTop/texture",4,1],"303":["textures/bg_gxfc_zhuangpan_diTop/spriteFrame",5,1],"304":["atlas/rollerIcon/tongqian/skeleton/texture",4,1],"305":["atlas/rollerIcon/fa/gxfc_baida12/texture",4,1],"306":["img/btn_off/spriteFrame",5,1],"307":["atlas/dialog/jackpot/sb_lbjs_JACKPOT",8,1],"308":["img/icon_common_gold/spriteFrame",5,1],"309":["atlas/dialog/megawin/megawin/texture",4,1],"310":["icon/tubiao_baifa/texture",4,1],"311":["icon/tubiao_fushen/texture",4,1],"312":["atlas/rollerIcon/fa/gxfc_baida2/texture",4,1],"313":["img/GOOD LUCK/spriteFrame",5,1],"314":["icon/tubiao_jinfa/texture",4,1],"315":["icon/tubiao_jinfa/spriteFrame",5,1],"316":["img/dl_gxfc_brn_shezhi_off/spriteFrame",5,1],"317":["atlas/rollerIcon/xiwa/gxfc_xiwa/texture",4,1],"318":["img/dl_gxfc_xiazhujia_0/spriteFrame",5,1],"319":["atlas/dialog/bigwin/bigwin",8,1],"320":["img/dl_gxfc_kuai_1/spriteFrame",5,1],"321":["atlas/fly/skeleton",8,1],"322":["img/bg_gxfc_guize_xian_3/spriteFrame",5,1],"323":["img/icon_gxfc_guize_bianpao/spriteFrame",5,1],"324":["img/dl_gxfc_jinbibox/spriteFrame",5,1],"325":["img/dl_gxfc_xiazhujian_1/spriteFrame",5,1],"326":["img/icon_gxfc_guize_xiwa/spriteFrame",5,1],"327":["atlas/rollerIcon/fa/gxfc_baida",8,1],"328":["atlas/dialog/superwin/tongyong_sw",11,1],"331":["atlas/rollerIcon/bianpao/skeleton",8,1],"332":["atlas/rollerIcon/heifuzi/gxfc_caishen",3,1],"333":["font/fnt_gold_0",3,1],"334":["audio/biu",1,1],"335":["atlas/dialog/jackpot/sb_lbjs_JACKPOT",3,1],"336":["atlas/dialog/jackpot/sb_lbjs_JACKPOT/spriteFrame",5,1],"337":["atlas/fly/skeleton",3,1],"338":["icon/tubiao_xiwa",3,1],"339":["icon/tubiao_xiwa/spriteFrame",5,1],"340":["atlas/rollerIcon/fa/gxfc_baida5",3,1],"341":["atlas/dialog/bigwin/bigwin",3,1],"342":["icon/tubiao_yupei",3,1],"343":["icon/tubiao_yupei/spriteFrame",5,1],"344":["audio/gxfc_win_copper_cash",1,1],"346":["atlas/dialog/superwin/fire0001",3,1],"347":["atlas/fly/ui_jiangci",8,1],"348":["atlas/dialog/megawin/fire0001",3,1],"349":["atlas/rollerIcon/shouwa/gxfc_shouwa",8,1],"350":["audio/gxfc_win_xiwa",1,1],"351":["atlas/PublicSkeleton/spine_guangquan2",3,1],"352":["atlas/rollerIcon/yupei/skeleton",7,1],"353":["audio/shell_end",1,1],"354":["atlas/rollerIcon/fa/gxfc_baida8",3,1],"355":["icon/tubiao_tongqian",3,1],"356":["icon/tubiao_tongqian/spriteFrame",5,1],"357":["atlas/rollerIcon/tongqian/skeleton",8,1],"358":["audio/gxfc_win_beatDrum",1,1],"359":["atlas/rollerIcon/shouwa/gxfc_shouwa",3,1],"360":["audio/gxfc_win_shouwa",1,1],"361":["img/dl_gxfc_dibox",3,1],"362":["atlas/rollerIcon/baifa/baifa",7,1],"363":["atlas/PublicSkeleton/spine_guangquan",8,1],"364":["audio/gxfc_win_godWealth",1,1],"365":["textures/bg/bg_gxfc_zhuangpan_di_1@2x",3,1],"366":["textures/bg/bg_gxfc_zhuangpan_di_1@2x/spriteFrame",5,1],"367":["atlas/fly/skeleton",7,1],"368":["textures/bg_gxfc_loading_1",3,1],"369":["atlas/PublicSkeleton/spine_guangquan",7,1],"370":["icon/tubiao_shouwa",3,1],"371":["icon/tubiao_shouwa/spriteFrame",5,1],"372":["atlas/dialog/superwin/superwin2",3,1],"373":["audio/get_coin",1,1],"374":["atlas/focusBorder/fxgz_zhongjiang",7,1],"375":["audio/gxfc_main_bg",1,1],"376":["textures/bg_gxfc_zhuangpan_diTop",3,1],"377":["audio/gxfc_win_mascot",1,1],"378":["atlas/rollerIcon/tongqian/skeleton",3,1],"379":["atlas/rollerIcon/fa/gxfc_baida12",3,1],"380":["audio/maxCoin",1,1],"381":["atlas/dialog/megawin/megawin",3,1],"382":["icon/tubiao_baifa",3,1],"383":["icon/tubiao_baifa/spriteFrame",5,1],"384":["icon/tubiao_fushen",3,1],"385":["icon/tubiao_fushen/spriteFrame",5,1],"386":["atlas/rollerIcon/fa/gxfc_baida2",3,1],"387":["icon/tubiao_jinfa",3,1],"388":["prefabs/singleIconRoller",6,1],"389":["atlas/rollerIcon/xiwa/gxfc_xiwa",3,1],"390":["audio/reduce_coin",1,1],"391":["audio/btn_click",1,1],"392":["audio/ding",1,1],"394":["atlas/dialog/jackpot/sb_lbjs_JACKPOT",7,1],"395":["audio/ling",1,1]},"scenes":{},"packs":{"01405569a":[5,10,42,50,52,183,59,87,111,125,133,149,232,156,162,169,330,345,284,291,303,315,327],"01dcc42d3":[18,7,8,41,53,62,90,97,98,102,103,105,122,126,136,145,153,160,161,166,173,255,270,273,275,281,282,285,301,308,313,316,324,326],"033b2a0ca":[108,321],"0383232a9":[23,55,83,113,129,131,139,140,143,146,172,276,300,306,318,320,322,325],"038fd7148":[95,294],"04d698879":[56,109,118,135,144,150,280,286,287,289],"0a7359ec6":[45,48],"0a7a68640":[22,92,134,141,267,288,307,319,328],"0bcd2ab55":[43,269],"0c0f90e83":[245,293,297,393],"0cbb41d4d":[99,107,256],"0d6630ebf":[0,2,21,24,93,104,112,115,130,167,170,171,277,323],"0df346d60":[12,47,61,84,85,101,117,138,142,147,154,158,163,165,292,295],"0f8cd6221":[152,265],"0fa45be65":[44,46,81,177,57,58,86,89,91,94,96,106,119,120,123,137,157,159,9,174,175,329,176,65,39,71,40,4,51,182,60,6,114,124,151,49,100,110,116,127,128,132,164,244,168,54,155,63,121,148,68,11,64,260,266,264,259,263,257,261,262,268,274,278,271,279,283,290,298,296,299,302,304,309,311,312,305,317,310,314],"0fb7d9b8f":[88,258]},"versions":{"import":[],"native":[]},"redirect":[204,"0",224,"1"],"debug":false,"extensionMap":{".ccon":[215,246,272]},"hasPreloadScript":true,"dependencyRelationships":{},"types":["cc.SpriteAtlas","cc.AudioClip","cc.BitmapFont","cc.ImageAsset","cc.Texture2D","cc.SpriteFrame","cc.Prefab","cc.Asset","sp.SkeletonData","cc.AnimationClip","cc.LabelAtlas","cc.ParticleAsset"]}