[1,["4abHj6SFNIYa1Sfrw4PiKB@6c48a"],["_textureSource"],["cc.SpriteFrame"],0,[{"name":"bg_shezhi_box","rect":{"x":0,"y":0,"width":594,"height":340},"offset":{"x":0,"y":0},"originalSize":{"width":594,"height":340},"rotated":false,"capInsets":[0,0,0,0],"vertices":{"rawPosition":[-297,-170,0,297,-170,0,-297,170,0,297,170,0],"indexes":[0,1,2,2,1,3],"uv":[0,340,594,340,0,0,594,0],"nuv":[0,0,1,0,0,1,1,1],"minPos":{"x":-297,"y":-170,"z":0},"maxPos":{"x":297,"y":170,"z":0}},"packable":true,"pixelsToUnit":100,"pivot":{"x":0.5,"y":0.5},"meshType":0}],[0],0,[0],[0],[0]]
