[1,["8e1fe0f0-ebf4-45ef-bdda-03297138a447@6c48a"],0,[["sp.SkeletonData",["_name","_atlasText","textureNames","_skeletonJson","textures"],-1,3]],[[0,0,1,2,3,4,5]],[[0,"pao-6","\r\npao-6.png\r\nsize: 431,1646\r\nformat: RGBA8888\r\nfilter: Linear,Linear\r\nrepeat: none\r\ncannon_pifu6_0\r\n  rotate: true\r\n  xy: 2, 1293\r\n  size: 185, 240\r\n  orig: 211, 247\r\n  offset: 0, 5\r\n  index: -1\r\ncannon_pifu6_0001\r\n  rotate: true\r\n  xy: 189, 776\r\n  size: 185, 240\r\n  orig: 211, 247\r\n  offset: 0, 2\r\n  index: -1\r\ncannon_pifu6_0002\r\n  rotate: true\r\n  xy: 2, 1480\r\n  size: 164, 247\r\n  orig: 211, 247\r\n  offset: 0, 0\r\n  index: -1\r\ncannon_pifu6_0003\r\n  rotate: true\r\n  xy: 2, 2\r\n  size: 211, 226\r\n  orig: 211, 247\r\n  offset: 0, 9\r\n  index: -1\r\ncannon_pifu6_0004\r\n  rotate: false\r\n  xy: 251, 1407\r\n  size: 174, 237\r\n  orig: 211, 247\r\n  offset: 0, 3\r\n  index: -1\r\ncannon_pifu6_0005\r\n  rotate: false\r\n  xy: 2, 654\r\n  size: 185, 224\r\n  orig: 211, 247\r\n  offset: 0, 10\r\n  index: -1\r\ncannon_pifu6_1\r\n  rotate: true\r\n  xy: 2, 1106\r\n  size: 185, 220\r\n  orig: 211, 247\r\n  offset: 0, 15\r\n  index: -1\r\ncannon_pifu6_2\r\n  rotate: true\r\n  xy: 189, 589\r\n  size: 185, 226\r\n  orig: 211, 247\r\n  offset: 0, 12\r\n  index: -1\r\ncannon_pifu6_3\r\n  rotate: false\r\n  xy: 224, 963\r\n  size: 185, 222\r\n  orig: 211, 247\r\n  offset: 0, 14\r\n  index: -1\r\ncannon_pifu6_4\r\n  rotate: false\r\n  xy: 2, 880\r\n  size: 185, 224\r\n  orig: 211, 247\r\n  offset: 0, 13\r\n  index: -1\r\ncannon_pifu6_5\r\n  rotate: false\r\n  xy: 244, 1187\r\n  size: 185, 218\r\n  orig: 211, 247\r\n  offset: 0, 15\r\n  index: -1\r\ncannon_pifu6_6\r\n  rotate: false\r\n  xy: 2, 424\r\n  size: 185, 228\r\n  orig: 211, 247\r\n  offset: 0, 10\r\n  index: -1\r\ncannon_pifu6_7\r\n  rotate: true\r\n  xy: 189, 402\r\n  size: 185, 231\r\n  orig: 211, 247\r\n  offset: 0, 9\r\n  index: -1\r\ncannon_pifu6_8\r\n  rotate: true\r\n  xy: 2, 215\r\n  size: 185, 235\r\n  orig: 211, 247\r\n  offset: 0, 7\r\n  index: -1\r\ncannon_pifu6_9\r\n  rotate: false\r\n  xy: 239, 167\r\n  size: 185, 233\r\n  orig: 211, 247\r\n  offset: 0, 8\r\n  index: -1\r\n",["pao-6.png"],{"skeleton":{"hash":"XrsnTlnsPfqwwCSwy4yKNSibej4","spine":"2.1.27","width":211.78,"height":247,"images":"./../01/新炮/新炮/pao/pao7/"},"bones":[{"name":"root"},{"name":"dong","parent":"root"},{"name":"jing","parent":"root","x":-0.96}],"slots":[{"name":"pao6","bone":"jing","attachment":"cannon_pifu6_0"},{"name":"01","bone":"dong","attachment":"cannon_pifu6_0003"}],"skins":{"default":{"01":{"cannon_pifu6_0001":{"y":2.74,"width":211,"height":247},"cannon_pifu6_0002":{"width":211,"height":247},"cannon_pifu6_0003":{"width":211,"height":247},"cannon_pifu6_0004":{"width":211,"height":247},"cannon_pifu6_0005":{"width":211,"height":247}},"pao6":{"cannon_pifu6_0":{"x":0.17,"width":211,"height":247},"cannon_pifu6_1":{"width":211,"height":247},"cannon_pifu6_2":{"width":211,"height":247},"cannon_pifu6_3":{"width":211,"height":247},"cannon_pifu6_4":{"width":211,"height":247},"cannon_pifu6_5":{"width":211,"height":247},"cannon_pifu6_6":{"width":211,"height":247},"cannon_pifu6_7":{"width":211,"height":247},"cannon_pifu6_8":{"width":211,"height":247},"cannon_pifu6_9":{"width":211,"height":247}}}},"animations":{"dong":{"slots":{"01":{"attachment":[{"time":0,"name":"cannon_pifu6_0001"},{"time":0.1333,"name":"cannon_pifu6_0002"},{"time":0.2666,"name":"cannon_pifu6_0003"},{"time":0.4,"name":"cannon_pifu6_0004"},{"time":0.5333,"name":"cannon_pifu6_0005"}]},"pao6":{"attachment":[{"time":0,"name":null}]}},"bones":{"dong":{"translate":[{"time":0,"x":0,"y":-1.15},{"time":0.1333,"x":0,"y":0,"curve":"stepped"},{"time":0.5333,"x":0,"y":0}]}}},"jing":{"slots":{"01":{"attachment":[{"time":0,"name":null},{"time":0.1333,"name":null},{"time":0.2666,"name":null},{"time":0.4,"name":null},{"time":0.5333,"name":null}]},"pao6":{"attachment":[{"time":0,"name":"cannon_pifu6_0"},{"time":0.1333,"name":"cannon_pifu6_1"},{"time":0.2666,"name":"cannon_pifu6_2"},{"time":0.4,"name":"cannon_pifu6_3"},{"time":0.5333,"name":"cannon_pifu6_4"},{"time":0.6666,"name":"cannon_pifu6_5"},{"time":0.8,"name":"cannon_pifu6_6"},{"time":0.9333,"name":"cannon_pifu6_7"},{"time":1.0666,"name":"cannon_pifu6_8"},{"time":1.2,"name":"cannon_pifu6_9"}]}},"bones":{"jing":{"translate":[{"time":0,"x":-0.44,"y":0.61},{"time":0.1333,"x":0,"y":0,"curve":"stepped"},{"time":1.2,"x":0,"y":0}]},"root":{"translate":[{"time":0,"x":0,"y":2.19}]},"dong":{"translate":[{"time":0.1333,"x":0,"y":3.29},{"time":0.2666,"x":-4.39,"y":3.29},{"time":0.4,"x":0,"y":3.29},{"time":0.5333,"x":-0.54,"y":3.29}]}}}}},[0]]],0,0,[0],[-1],[0]]
