[1,["a3ApIV9DJGkL90Vt7Av/Tx@6c48a"],["_textureSource"],["cc.SpriteFrame"],0,[{"name":"icon_k","rect":{"x":2,"y":2,"width":124,"height":128},"offset":{"x":0,"y":0},"originalSize":{"width":128,"height":132},"rotated":false,"capInsets":[0,0,0,0],"vertices":{"rawPosition":[-62,-64,0,62,-64,0,-62,64,0,62,64,0],"indexes":[0,1,2,2,1,3],"uv":[2,130,126,130,2,2,126,2],"nuv":[0.015625,0.015151515151515152,0.984375,0.015151515151515152,0.015625,0.9848484848484849,0.984375,0.9848484848484849],"minPos":{"x":-62,"y":-64,"z":0},"maxPos":{"x":62,"y":64,"z":0}},"packable":true,"pixelsToUnit":100,"pivot":{"x":0.5,"y":0.5},"meshType":0}],[0],0,[0],[0],[0]]
