[1,["324f7584-3efd-4b10-89c0-179392a2a4f6@6c48a"],["_textureSource"],["cc.SpriteFrame"],0,[{"name":"sb_lbjs_MEGAWIN","rect":{"x":0,"y":1,"width":1022,"height":1015},"offset":{"x":-1,"y":3.5},"originalSize":{"width":1024,"height":1024},"rotated":false,"capInsets":[0,0,0,0],"vertices":{"rawPosition":[-511,-507.5,0,511,-507.5,0,-511,507.5,0,511,507.5,0],"indexes":[0,1,2,2,1,3],"uv":[0,1023,1022,1023,0,8,1022,8],"nuv":[0,0.0078125,0.998046875,0.0078125,0,0.9990234375,0.998046875,0.9990234375],"minPos":{"x":-511,"y":-507.5,"z":0},"maxPos":{"x":511,"y":507.5,"z":0}},"packable":true,"pixelsToUnit":100,"pivot":{"x":0.5,"y":0.5},"meshType":0}],[0],0,[0],[0],[0]]
