[1,["89YBH/pqdAlYBHOXMTvj+g@6c48a"],0,[["sp.SkeletonData",["_name","_atlasText","textureNames","_skeletonJson","textures"],-1,3]],[[0,0,1,2,3,4,5]],[[0,"bullet_pifu1","\r\nbullet_pifu1.png\r\nsize: 373,92\r\nformat: RGBA8888\r\nfilter: Linear,Linear\r\nrepeat: none\r\npifu_1_1\r\n  rotate: true\r\n  xy: 2, 48\r\n  size: 42, 95\r\n  orig: 48, 98\r\n  offset: 2, 2\r\n  index: -1\r\npifu_1_2\r\n  rotate: true\r\n  xy: 277, 2\r\n  size: 42, 88\r\n  orig: 48, 98\r\n  offset: 2, 9\r\n  index: -1\r\npifu_1_3\r\n  rotate: true\r\n  xy: 2, 3\r\n  size: 43, 91\r\n  orig: 48, 98\r\n  offset: 2, 6\r\n  index: -1\r\npifu_1_4\r\n  rotate: true\r\n  xy: 187, 3\r\n  size: 43, 88\r\n  orig: 48, 98\r\n  offset: 2, 9\r\n  index: -1\r\npifu_1_5\r\n  rotate: true\r\n  xy: 285, 46\r\n  size: 44, 86\r\n  orig: 48, 98\r\n  offset: 2, 11\r\n  index: -1\r\npifu_1_6\r\n  rotate: true\r\n  xy: 95, 2\r\n  size: 44, 90\r\n  orig: 48, 98\r\n  offset: 2, 7\r\n  index: -1\r\npifu_1_7\r\n  rotate: true\r\n  xy: 99, 48\r\n  size: 42, 91\r\n  orig: 48, 98\r\n  offset: 2, 6\r\n  index: -1\r\npifu_1_8\r\n  rotate: true\r\n  xy: 192, 48\r\n  size: 42, 91\r\n  orig: 48, 98\r\n  offset: 2, 6\r\n  index: -1\r\n",["bullet_pifu1.png"],{"skeleton":{"hash":"EaDcffaxzI8tLqzTKhyIfyC/Z5g","spine":"2.1.27","width":48,"height":98,"images":"./新炮/新炮/zidan-2/"},"bones":[{"name":"root"},{"name":"1","parent":"root"}],"slots":[{"name":"zidan0001","bone":"1","attachment":"pifu_1_1"},{"name":"zidan0002","bone":"1","attachment":"pifu_1_2"},{"name":"zidan0003","bone":"1","attachment":"pifu_1_3"},{"name":"zidan0004","bone":"1","attachment":"pifu_1_4"},{"name":"zidan0005","bone":"1","attachment":"pifu_1_5"},{"name":"zidan0006","bone":"1","attachment":"pifu_1_6"},{"name":"zidan0007","bone":"1","attachment":"pifu_1_7"},{"name":"zidan0008","bone":"1","attachment":"pifu_1_8"}],"skins":{"default":{"zidan0001":{"pifu_1_1":{"width":48,"height":98}},"zidan0002":{"pifu_1_2":{"width":48,"height":98}},"zidan0003":{"pifu_1_3":{"width":48,"height":98}},"zidan0004":{"pifu_1_4":{"width":48,"height":98}},"zidan0005":{"pifu_1_5":{"width":48,"height":98}},"zidan0006":{"pifu_1_6":{"width":48,"height":98}},"zidan0007":{"pifu_1_7":{"width":48,"height":98}},"zidan0008":{"pifu_1_8":{"width":48,"height":98}}}},"animations":{"animation":{"slots":{"zidan0001":{"color":[{"time":0,"color":"ffffffff"},{"time":0.0333,"color":"ffffff00","curve":"stepped"},{"time":0.0666,"color":"ffffff00","curve":"stepped"},{"time":0.1,"color":"ffffff00","curve":"stepped"},{"time":0.1333,"color":"ffffff00","curve":"stepped"},{"time":0.1666,"color":"ffffff00","curve":"stepped"},{"time":0.2,"color":"ffffff00","curve":"stepped"},{"time":0.2333,"color":"ffffff00"}]},"zidan0002":{"color":[{"time":0,"color":"ffffff00"},{"time":0.0333,"color":"ffffffff"},{"time":0.0666,"color":"ffffff00","curve":"stepped"},{"time":0.1,"color":"ffffff00","curve":"stepped"},{"time":0.1333,"color":"ffffff00","curve":"stepped"},{"time":0.1666,"color":"ffffff00","curve":"stepped"},{"time":0.2,"color":"ffffff00","curve":"stepped"},{"time":0.2333,"color":"ffffff00"}]},"zidan0003":{"color":[{"time":0,"color":"ffffff00","curve":"stepped"},{"time":0.0333,"color":"ffffff00"},{"time":0.0666,"color":"ffffffff"},{"time":0.1,"color":"ffffff00","curve":"stepped"},{"time":0.1333,"color":"ffffff00","curve":"stepped"},{"time":0.1666,"color":"ffffff00","curve":"stepped"},{"time":0.2,"color":"ffffff00","curve":"stepped"},{"time":0.2333,"color":"ffffff00"}]},"zidan0004":{"color":[{"time":0,"color":"ffffff00","curve":"stepped"},{"time":0.0333,"color":"ffffff00","curve":"stepped"},{"time":0.0666,"color":"ffffff00"},{"time":0.1,"color":"ffffffff"},{"time":0.1333,"color":"ffffff00","curve":"stepped"},{"time":0.1666,"color":"ffffff00","curve":"stepped"},{"time":0.2,"color":"ffffff00","curve":"stepped"},{"time":0.2333,"color":"ffffff00"}]},"zidan0005":{"color":[{"time":0,"color":"ffffff00","curve":"stepped"},{"time":0.0333,"color":"ffffff00","curve":"stepped"},{"time":0.0666,"color":"ffffff00","curve":"stepped"},{"time":0.1,"color":"ffffff00"},{"time":0.1333,"color":"ffffffff"},{"time":0.1666,"color":"ffffff00","curve":"stepped"},{"time":0.2,"color":"ffffff00","curve":"stepped"},{"time":0.2333,"color":"ffffff00"}]},"zidan0006":{"color":[{"time":0,"color":"ffffff00","curve":"stepped"},{"time":0.0333,"color":"ffffff00","curve":"stepped"},{"time":0.0666,"color":"ffffff00","curve":"stepped"},{"time":0.1,"color":"ffffff00","curve":"stepped"},{"time":0.1333,"color":"ffffff00"},{"time":0.1666,"color":"ffffffff"},{"time":0.2,"color":"ffffff00","curve":"stepped"},{"time":0.2333,"color":"ffffff00"}]},"zidan0007":{"color":[{"time":0,"color":"ffffff00","curve":"stepped"},{"time":0.0333,"color":"ffffff00","curve":"stepped"},{"time":0.0666,"color":"ffffff00","curve":"stepped"},{"time":0.1,"color":"ffffff00","curve":"stepped"},{"time":0.1333,"color":"ffffff00","curve":"stepped"},{"time":0.1666,"color":"ffffff00"},{"time":0.2,"color":"ffffffff"},{"time":0.2333,"color":"ffffff00"}]},"zidan0008":{"color":[{"time":0,"color":"ffffff00","curve":"stepped"},{"time":0.0333,"color":"ffffff00","curve":"stepped"},{"time":0.0666,"color":"ffffff00","curve":"stepped"},{"time":0.1,"color":"ffffff00","curve":"stepped"},{"time":0.1333,"color":"ffffff00","curve":"stepped"},{"time":0.1666,"color":"ffffff00","curve":"stepped"},{"time":0.2,"color":"ffffff00"},{"time":0.2333,"color":"ffffffff"}]}},"bones":{"1":{"rotate":[{"time":0,"angle":0,"curve":"stepped"},{"time":0.0333,"angle":0,"curve":"stepped"},{"time":0.0666,"angle":0,"curve":"stepped"},{"time":0.1,"angle":0,"curve":"stepped"},{"time":0.1333,"angle":0,"curve":"stepped"},{"time":0.1666,"angle":0,"curve":"stepped"},{"time":0.2,"angle":0,"curve":"stepped"},{"time":0.2333,"angle":0}],"translate":[{"time":0,"x":0,"y":0,"curve":"stepped"},{"time":0.0333,"x":0,"y":0,"curve":"stepped"},{"time":0.0666,"x":0,"y":0,"curve":"stepped"},{"time":0.1,"x":0,"y":0,"curve":"stepped"},{"time":0.1333,"x":0,"y":0,"curve":"stepped"},{"time":0.1666,"x":0,"y":0,"curve":"stepped"},{"time":0.2,"x":0,"y":0,"curve":"stepped"},{"time":0.2333,"x":0,"y":0}],"scale":[{"time":0,"x":1,"y":1,"curve":"stepped"},{"time":0.0333,"x":1,"y":1,"curve":"stepped"},{"time":0.0666,"x":1,"y":1,"curve":"stepped"},{"time":0.1,"x":1,"y":1,"curve":"stepped"},{"time":0.1333,"x":1,"y":1,"curve":"stepped"},{"time":0.1666,"x":1,"y":1,"curve":"stepped"},{"time":0.2,"x":1,"y":1,"curve":"stepped"},{"time":0.2333,"x":1,"y":1}]}}}}},[0]]],0,0,[0],[-1],[0]]
