[1,["04gQzsUYRAYqg/rjgbHboE@6c48a"],0,[["sp.SkeletonData",["_name","_atlasText","textureNames","_skeletonJson","textures"],-1,3]],[[0,0,1,2,3,4,5]],[[0,"pao-3","\r\npao-3.png\r\nsize: 816,514\r\nformat: RGBA8888\r\nfilter: Linear,Linear\r\nrepeat: none\r\ncannon_pifu3_0\r\n  rotate: true\r\n  xy: 645, 362\r\n  size: 150, 169\r\n  orig: 211, 247\r\n  offset: 22, 34\r\n  index: -1\r\ncannon_pifu3_0001\r\n  rotate: true\r\n  xy: 498, 36\r\n  size: 150, 169\r\n  orig: 211, 247\r\n  offset: 22, 26\r\n  index: -1\r\ncannon_pifu3_0002\r\n  rotate: false\r\n  xy: 353, 304\r\n  size: 121, 208\r\n  orig: 211, 247\r\n  offset: 26, 11\r\n  index: -1\r\ncannon_pifu3_0003\r\n  rotate: false\r\n  xy: 2, 356\r\n  size: 170, 156\r\n  orig: 211, 247\r\n  offset: 37, 38\r\n  index: -1\r\ncannon_pifu3_0004\r\n  rotate: false\r\n  xy: 2, 4\r\n  size: 146, 181\r\n  orig: 211, 247\r\n  offset: 18, 31\r\n  index: -1\r\ncannon_pifu3_0005\r\n  rotate: true\r\n  xy: 476, 359\r\n  size: 153, 167\r\n  orig: 211, 247\r\n  offset: 19, 38\r\n  index: -1\r\ncannon_pifu3_1\r\n  rotate: true\r\n  xy: 303, 5\r\n  size: 142, 179\r\n  orig: 211, 247\r\n  offset: 31, 34\r\n  index: -1\r\ncannon_pifu3_2\r\n  rotate: false\r\n  xy: 669, 2\r\n  size: 142, 177\r\n  orig: 211, 247\r\n  offset: 31, 36\r\n  index: -1\r\ncannon_pifu3_3\r\n  rotate: false\r\n  xy: 2, 187\r\n  size: 153, 167\r\n  orig: 211, 247\r\n  offset: 19, 46\r\n  index: -1\r\ncannon_pifu3_4\r\n  rotate: true\r\n  xy: 329, 149\r\n  size: 153, 167\r\n  orig: 211, 247\r\n  offset: 19, 46\r\n  index: -1\r\ncannon_pifu3_5\r\n  rotate: true\r\n  xy: 174, 359\r\n  size: 153, 177\r\n  orig: 211, 247\r\n  offset: 19, 36\r\n  index: -1\r\ncannon_pifu3_6\r\n  rotate: false\r\n  xy: 669, 181\r\n  size: 142, 179\r\n  orig: 211, 247\r\n  offset: 18, 34\r\n  index: -1\r\ncannon_pifu3_7\r\n  rotate: false\r\n  xy: 150, 3\r\n  size: 151, 179\r\n  orig: 211, 247\r\n  offset: 19, 34\r\n  index: -1\r\ncannon_pifu3_8\r\n  rotate: false\r\n  xy: 174, 184\r\n  size: 153, 173\r\n  orig: 211, 247\r\n  offset: 19, 33\r\n  index: -1\r\ncannon_pifu3_9\r\n  rotate: false\r\n  xy: 498, 188\r\n  size: 152, 169\r\n  orig: 211, 247\r\n  offset: 20, 33\r\n  index: -1\r\n",["pao-3.png"],{"skeleton":{"hash":"tJg2hXFytFpKTur6aOYhkaWCF1E","spine":"2.1.27","width":211,"height":247,"images":"./../01/新炮/新炮/pao/pao3/"},"bones":[{"name":"root"},{"name":"dong","parent":"root"},{"name":"jing","parent":"root"}],"slots":[{"name":"pao3","bone":"jing"},{"name":"01","bone":"dong","attachment":"cannon_pifu3_0003"}],"skins":{"default":{"01":{"cannon_pifu3_0001":{"x":0.74,"y":8.2,"width":211,"height":247},"cannon_pifu3_0002":{"width":211,"height":247},"cannon_pifu3_0003":{"width":211,"height":247},"cannon_pifu3_0004":{"width":211,"height":247},"cannon_pifu3_0005":{"width":211,"height":247}},"pao3":{"cannon_pifu3_0":{"width":211,"height":247},"cannon_pifu3_1":{"width":211,"height":247},"cannon_pifu3_2":{"width":211,"height":247},"cannon_pifu3_3":{"width":211,"height":247},"cannon_pifu3_4":{"width":211,"height":247},"cannon_pifu3_5":{"width":211,"height":247},"cannon_pifu3_6":{"width":211,"height":247},"cannon_pifu3_7":{"width":211,"height":247},"cannon_pifu3_8":{"width":211,"height":247},"cannon_pifu3_9":{"width":211,"height":247}}}},"animations":{"dong":{"slots":{"01":{"attachment":[{"time":0,"name":"cannon_pifu3_0001"},{"time":0.1333,"name":"cannon_pifu3_0002"},{"time":0.2666,"name":"cannon_pifu3_0003"},{"time":0.4,"name":"cannon_pifu3_0004"},{"time":0.5333,"name":"cannon_pifu3_0005"}]},"pao3":{"attachment":[{"time":0,"name":null}]}},"bones":{"dong":{"translate":[{"time":0,"x":-0.74,"y":0},{"time":0.1333,"x":0,"y":8.2},{"time":0.2666,"x":-7.45,"y":8.2},{"time":0.4,"x":-2.23,"y":8.2}]}}},"jing":{"slots":{"01":{"attachment":[{"time":0,"name":null},{"time":0.1333,"name":null},{"time":0.2666,"name":null},{"time":0.4,"name":null},{"time":0.5333,"name":null}]},"pao3":{"attachment":[{"time":0,"name":"cannon_pifu3_0"},{"time":0.1333,"name":"cannon_pifu3_1"},{"time":0.2666,"name":"cannon_pifu3_2"},{"time":0.4,"name":"cannon_pifu3_3"},{"time":0.5333,"name":"cannon_pifu3_4"},{"time":0.6666,"name":"cannon_pifu3_5"},{"time":0.8,"name":"cannon_pifu3_6"},{"time":0.9333,"name":"cannon_pifu3_7"},{"time":1.0666,"name":"cannon_pifu3_8"},{"time":1.2,"name":"cannon_pifu3_9"}]}},"bones":{"dong":{"translate":[{"time":0,"x":0.74,"y":0},{"time":0.1333,"x":4.47,"y":7.45},{"time":0.2666,"x":-5.96,"y":7.45},{"time":0.4,"x":2.23,"y":7.45},{"time":0.5333,"x":0.74,"y":7.45}]}}}}},[0]]],0,0,[0],[-1],[0]]
