[1,["89B6kez6VNroA6ltcJHIKB@6c48a"],["_textureSource"],["cc.SpriteFrame"],0,[{"name":"select_a_feature","rect":{"x":0,"y":0,"width":1764,"height":149},"offset":{"x":0,"y":0},"originalSize":{"width":1764,"height":149},"rotated":false,"capInsets":[0,0,0,0],"vertices":{"rawPosition":[-882,-74.5,0,882,-74.5,0,-882,74.5,0,882,74.5,0],"indexes":[0,1,2,2,1,3],"uv":[0,149,1764,149,0,0,1764,0],"nuv":[0,0,1,0,0,1,1,1],"minPos":{"x":-882,"y":-74.5,"z":0},"maxPos":{"x":882,"y":74.5,"z":0}},"packable":true,"pixelsToUnit":100,"pivot":{"x":0.5,"y":0.5},"meshType":0}],[0],0,[0],[0],[0]]
