[1,["09IfsFGglPxqD9RgsmbJPM@6c48a"],["_textureSource"],["cc.SpriteFrame"],0,[{"name":"sea_icon_treasurebox_13","rect":{"x":0,"y":150,"width":436,"height":362},"offset":{"x":-38,"y":-75},"originalSize":{"width":512,"height":512},"rotated":false,"capInsets":[0,0,0,0],"vertices":{"rawPosition":[-218,-181,0,218,-181,0,-218,181,0,218,181,0],"indexes":[0,1,2,2,1,3],"uv":[0,362,436,362,0,0,436,0],"nuv":[0,0,0.8515625,0,0,0.70703125,0.8515625,0.70703125],"minPos":{"x":-218,"y":-181,"z":0},"maxPos":{"x":218,"y":181,"z":0}},"packable":true,"pixelsToUnit":100,"pivot":{"x":0.5,"y":0.5},"meshType":0}],[0],0,[0],[0],[0]]
