[1,["104FWRuMZJHZmL0PiEjink@6c48a","104FWRuMZJHZmL0PiEjink@f9941"],["_textureSource","spriteFrame"],["cc.SpriteFrame",["cc.BitmapFont",["_name","fontSize","fntConfig"],0]],[[1,0,1,2,4]],[[[{"name":"ocean_minor_mini_number_font","rect":{"x":2,"y":2,"width":242,"height":76},"offset":{"x":-5,"y":24},"originalSize":{"width":256,"height":128},"rotated":false,"capInsets":[0,0,0,0],"vertices":{"rawPosition":[-121,-38,0,121,-38,0,-121,38,0,121,38,0],"indexes":[0,1,2,2,1,3],"uv":[2,126,244,126,2,50,244,50],"nuv":[0.0078125,0.390625,0.953125,0.390625,0.0078125,0.984375,0.953125,0.984375],"minPos":{"x":-121,"y":-38,"z":0},"maxPos":{"x":121,"y":38,"z":0}},"packable":true,"pixelsToUnit":100,"pivot":{"x":0.5,"y":0.5},"meshType":0}],[0],0,[0],[0],[0]],[[[0,"ocean_minor_mini_number_font",32,{"commonHeight":32,"fontSize":32,"atlasName":"ocean_minor_mini_number_font.png","fontDefDictionary":{"36":{"xOffset":-2,"yOffset":-20,"xAdvance":23,"rect":{"x":66,"y":0,"width":27,"height":40}},"44":{"xOffset":-2,"yOffset":-20,"xAdvance":7,"rect":{"x":235,"y":0,"width":11,"height":40}},"46":{"xOffset":-2,"yOffset":-20,"xAdvance":7,"rect":{"x":223,"y":42,"width":11,"height":40}},"48":{"xOffset":-2,"yOffset":-20,"xAdvance":22,"rect":{"x":95,"y":0,"width":26,"height":40}},"49":{"xOffset":-2,"yOffset":-20,"xAdvance":22,"rect":{"x":123,"y":0,"width":26,"height":40}},"50":{"xOffset":-2,"yOffset":-20,"xAdvance":22,"rect":{"x":151,"y":0,"width":26,"height":40}},"51":{"xOffset":-2,"yOffset":-20,"xAdvance":22,"rect":{"x":179,"y":0,"width":26,"height":40}},"52":{"xOffset":-2,"yOffset":-20,"xAdvance":22,"rect":{"x":207,"y":0,"width":26,"height":40}},"53":{"xOffset":-2,"yOffset":-20,"xAdvance":22,"rect":{"x":0,"y":42,"width":26,"height":40}},"54":{"xOffset":-2,"yOffset":-20,"xAdvance":22,"rect":{"x":28,"y":42,"width":26,"height":40}},"55":{"xOffset":-2,"yOffset":-20,"xAdvance":22,"rect":{"x":56,"y":42,"width":26,"height":40}},"56":{"xOffset":-2,"yOffset":-20,"xAdvance":22,"rect":{"x":84,"y":42,"width":26,"height":40}},"57":{"xOffset":-2,"yOffset":-20,"xAdvance":22,"rect":{"x":112,"y":42,"width":26,"height":40}},"66":{"xOffset":-2,"yOffset":-20,"xAdvance":22,"rect":{"x":140,"y":42,"width":26,"height":40}},"75":{"xOffset":-2,"yOffset":-20,"xAdvance":24,"rect":{"x":36,"y":0,"width":28,"height":40}},"77":{"xOffset":-2,"yOffset":-20,"xAdvance":30,"rect":{"x":0,"y":0,"width":34,"height":40}},"82":{"xOffset":-2,"yOffset":-20,"xAdvance":22,"rect":{"x":168,"y":42,"width":26,"height":40}},"84":{"xOffset":-2,"yOffset":-20,"xAdvance":21,"rect":{"x":196,"y":42,"width":25,"height":40}}},"kerningDict":{}}]],0,0,[0],[1],[1]]]]
