[1,["c6IOVlCaNMgaPnA75hYJUP@6c48a","c6IOVlCaNMgaPnA75hYJUP@f9941"],["_textureSource","spriteFrame"],["cc.SpriteFrame",["cc.BitmapFont",["_name","fontSize","fntConfig"],0]],[[1,0,1,2,4]],[[[{"name":"ocean_pearl_number_small_font","rect":{"x":2,"y":2,"width":501,"height":160},"offset":{"x":-3.5,"y":46},"originalSize":{"width":512,"height":256},"rotated":false,"capInsets":[0,0,0,0],"vertices":{"rawPosition":[-250.5,-80,0,250.5,-80,0,-250.5,80,0,250.5,80,0],"indexes":[0,1,2,2,1,3],"uv":[2,254,503,254,2,94,503,94],"nuv":[0.00390625,0.3671875,0.982421875,0.3671875,0.00390625,0.9921875,0.982421875,0.9921875],"minPos":{"x":-250.5,"y":-80,"z":0},"maxPos":{"x":250.5,"y":80,"z":0}},"packable":true,"pixelsToUnit":100,"pivot":{"x":0.5,"y":0.5},"meshType":0}],[0],0,[0],[0],[0]],[[[0,"ocean_pearl_number_small_font",32,{"commonHeight":32,"fontSize":32,"atlasName":"ocean_pearl_number_small_font.png","fontDefDictionary":{"36":{"xOffset":-2,"yOffset":-40,"xAdvance":43,"rect":{"x":325,"y":0,"width":47,"height":81}},"44":{"xOffset":-2,"yOffset":-40,"xAdvance":20,"rect":{"x":282,"y":83,"width":24,"height":81}},"46":{"xOffset":-2,"yOffset":-40,"xAdvance":20,"rect":{"x":308,"y":83,"width":24,"height":81}},"48":{"xOffset":-2,"yOffset":-40,"xAdvance":41,"rect":{"x":48,"y":83,"width":45,"height":81}},"49":{"xOffset":-2,"yOffset":-40,"xAdvance":31,"rect":{"x":470,"y":0,"width":35,"height":81}},"50":{"xOffset":-2,"yOffset":-40,"xAdvance":41,"rect":{"x":95,"y":83,"width":45,"height":81}},"51":{"xOffset":-2,"yOffset":-40,"xAdvance":42,"rect":{"x":374,"y":0,"width":46,"height":81}},"52":{"xOffset":-2,"yOffset":-40,"xAdvance":45,"rect":{"x":274,"y":0,"width":49,"height":81}},"53":{"xOffset":-2,"yOffset":-40,"xAdvance":42,"rect":{"x":422,"y":0,"width":46,"height":81}},"54":{"xOffset":-2,"yOffset":-40,"xAdvance":42,"rect":{"x":0,"y":83,"width":46,"height":81}},"55":{"xOffset":-2,"yOffset":-40,"xAdvance":41,"rect":{"x":142,"y":83,"width":45,"height":81}},"56":{"xOffset":-2,"yOffset":-40,"xAdvance":41,"rect":{"x":189,"y":83,"width":45,"height":81}},"57":{"xOffset":-2,"yOffset":-40,"xAdvance":40,"rect":{"x":236,"y":83,"width":44,"height":81}},"66":{"xOffset":-2,"yOffset":-40,"xAdvance":46,"rect":{"x":170,"y":0,"width":50,"height":81}},"75":{"xOffset":-2,"yOffset":-40,"xAdvance":51,"rect":{"x":59,"y":0,"width":55,"height":81}},"77":{"xOffset":-2,"yOffset":-40,"xAdvance":53,"rect":{"x":0,"y":0,"width":57,"height":81}},"82":{"xOffset":-2,"yOffset":-40,"xAdvance":48,"rect":{"x":116,"y":0,"width":52,"height":81}},"84":{"xOffset":-2,"yOffset":-40,"xAdvance":46,"rect":{"x":222,"y":0,"width":50,"height":81}}},"kerningDict":{}}]],0,0,[0],[1],[1]]]]
