[1,["29bqYW0F9O1bNfM/D2WEiQ@6c48a"],0,[["sp.SkeletonData",["_name","_atlasText","textureNames","_skeletonJson","textures"],-1,3]],[[0,0,1,2,3,4,5]],[[0,"jiakechong","\r\njiakechong.png\r\nsize: 512,128\r\nformat: RGBA8888\r\nfilter: Linear,Linear\r\nrepeat: none\r\nguangxiao\r\n  rotate: false\r\n  xy: 138, 4\r\n  size: 28, 33\r\n  orig: 28, 33\r\n  offset: 0, 0\r\n  index: -1\r\nguangxiao2\r\n  rotate: false\r\n  xy: 372, 58\r\n  size: 119, 59\r\n  orig: 119, 59\r\n  offset: 0, 0\r\n  index: -1\r\nguangxiao3\r\n  rotate: false\r\n  xy: 266, 25\r\n  size: 104, 92\r\n  orig: 104, 92\r\n  offset: 0, 0\r\n  index: -1\r\njiakechong1\r\n  rotate: false\r\n  xy: 2, 2\r\n  size: 134, 115\r\n  orig: 134, 115\r\n  offset: 0, 0\r\n  index: -1\r\njiakechong2\r\n  rotate: true\r\n  xy: 138, 39\r\n  size: 78, 126\r\n  orig: 78, 126\r\n  offset: 0, 0\r\n  index: -1\r\n",["jiakechong.png"],{"skeleton":{"hash":"Dr5yA3lBOD9CHKNRaS7cMDYwlko","spine":"3.6.53","width":140.47,"height":128.1,"images":"./images/"},"bones":[{"name":"root"},{"name":"all","parent":"root","rotation":180,"x":0.45,"y":-0.45},{"name":"diejiaguangxiao","parent":"all"},{"name":"guangxiao_all","parent":"all","rotation":360,"x":4.38,"y":-20.84},{"name":"guangxiao","parent":"guangxiao_all","rotation":-180,"x":-3.6,"y":-1.05},{"name":"guangxiao2","parent":"guangxiao_all","rotation":-180,"x":5.35,"y":8.61,"scaleX":0.762,"scaleY":0.762},{"name":"guangxiao3","parent":"guangxiao_all","rotation":-180,"x":12.51,"y":1.1,"scaleX":0.902,"scaleY":0.902},{"name":"guangxiao4","parent":"guangxiao_all","rotation":-180,"x":-6.46,"y":1.1,"scaleX":0.585,"scaleY":0.585},{"name":"guangxiao5","parent":"guangxiao_all","rotation":-180,"x":3.92,"y":9.69,"scaleX":0.585,"scaleY":0.585},{"name":"guangxiao_all2","parent":"all","rotation":360,"x":2.73,"y":0.15,"scaleX":1.19,"scaleY":1.19},{"name":"guangxiao6","parent":"guangxiao_all2","rotation":-180,"x":-3.6,"y":-1.05},{"name":"guangxiao7","parent":"guangxiao_all2","rotation":-180,"x":5.35,"y":8.61,"scaleX":0.762,"scaleY":0.762},{"name":"guangxiao8","parent":"guangxiao_all2","rotation":-180,"x":12.51,"y":1.1,"scaleX":0.902,"scaleY":0.902},{"name":"guangxiao9","parent":"guangxiao_all2","rotation":-180,"x":-6.46,"y":1.1,"scaleX":0.585,"scaleY":0.585},{"name":"guangxiao10","parent":"guangxiao_all2","rotation":-180,"x":3.92,"y":9.69,"scaleX":0.585,"scaleY":0.585},{"name":"guangxiao11","parent":"all","x":0.45,"y":-0.45,"scaleX":1.351,"scaleY":1.351}],"slots":[{"name":"guangxiao","bone":"guangxiao","attachment":"guangxiao","blend":"additive"},{"name":"guangxiao8","bone":"guangxiao6","attachment":"guangxiao","blend":"additive"},{"name":"guangxiao4","bone":"guangxiao2","attachment":"guangxiao","blend":"additive"},{"name":"guangxiao9","bone":"guangxiao7","attachment":"guangxiao","blend":"additive"},{"name":"guangxiao5","bone":"guangxiao3","attachment":"guangxiao","blend":"additive"},{"name":"guangxiao10","bone":"guangxiao8","attachment":"guangxiao","blend":"additive"},{"name":"guangxiao6","bone":"guangxiao4","attachment":"guangxiao","blend":"additive"},{"name":"guangxiao11","bone":"guangxiao9","attachment":"guangxiao","blend":"additive"},{"name":"guangxiao7","bone":"guangxiao5","attachment":"guangxiao","blend":"additive"},{"name":"guangxiao12","bone":"guangxiao10","attachment":"guangxiao","blend":"additive"},{"name":"guangxiao2","bone":"diejiaguangxiao","attachment":"guangxiao2","blend":"additive"},{"name":"guangxiao3","bone":"guangxiao11","attachment":"guangxiao3","blend":"additive"},{"name":"jiakechong2","bone":"all","attachment":"jiakechong1"}],"skins":{"default":{"guangxiao":{"guangxiao":{"x":0.18,"y":-2.03,"width":28,"height":33}},"guangxiao10":{"guangxiao":{"x":0.18,"y":-2.03,"width":28,"height":33}},"guangxiao11":{"guangxiao":{"x":0.18,"y":-2.03,"width":28,"height":33}},"guangxiao12":{"guangxiao":{"x":0.18,"y":-2.03,"width":28,"height":33}},"guangxiao2":{"guangxiao2":{"x":5.76,"y":43.85,"width":119,"height":59}},"guangxiao3":{"guangxiao3":{"x":0.26,"y":5.8,"width":104,"height":92}},"guangxiao4":{"guangxiao":{"x":0.18,"y":-2.03,"width":28,"height":33}},"guangxiao5":{"guangxiao":{"x":0.18,"y":-2.03,"width":28,"height":33}},"guangxiao6":{"guangxiao":{"x":0.18,"y":-2.03,"width":28,"height":33}},"guangxiao7":{"guangxiao":{"x":0.18,"y":-2.03,"width":28,"height":33}},"guangxiao8":{"guangxiao":{"x":0.18,"y":-2.03,"width":28,"height":33}},"guangxiao9":{"guangxiao":{"x":0.18,"y":-2.03,"width":28,"height":33}},"jiakechong2":{"jiakechong1":{"x":2.72,"y":5.45,"width":134,"height":115},"jiakechong2":{"width":78,"height":126}}}},"animations":{"dynamic":{"slots":{"guangxiao":{"color":[{"time":0,"color":"ffffff8d"},{"time":0.1667,"color":"ffffff00"},{"time":0.3,"color":"ffffffff","curve":"stepped"},{"time":0.6,"color":"ffffffff"},{"time":0.9,"color":"ffffff00"},{"time":1.0333,"color":"ffffffff","curve":"stepped"},{"time":1.3333,"color":"ffffffff"},{"time":1.4667,"color":"ffffff8d"}]},"guangxiao2":{"color":[{"time":0,"color":"ffffff00"},{"time":0.3667,"color":"ffffffff"},{"time":0.7333,"color":"ffffff00"},{"time":1.1,"color":"ffffffff"},{"time":1.4667,"color":"ffffff00"}]},"guangxiao3":{"color":[{"time":0,"color":"ffffff00"},{"time":0.7333,"color":"ffffffff"},{"time":1.4667,"color":"ffffff00"}]},"guangxiao4":{"color":[{"time":0,"color":"ffffff71"},{"time":0.1333,"color":"ffffff00"},{"time":0.2667,"color":"ffffffff","curve":"stepped"},{"time":0.5667,"color":"ffffffff"},{"time":0.8667,"color":"ffffff00"},{"time":1,"color":"ffffffff","curve":"stepped"},{"time":1.3,"color":"ffffffff"},{"time":1.4667,"color":"ffffff71"}]},"guangxiao5":{"color":[{"time":0,"color":"ffffffff","curve":"stepped"},{"time":0.2667,"color":"ffffffff"},{"time":0.5667,"color":"ffffff00"},{"time":0.7,"color":"ffffffff","curve":"stepped"},{"time":1,"color":"ffffffff"},{"time":1.3,"color":"ffffff00"},{"time":1.4333,"color":"ffffffff","curve":"stepped"},{"time":1.4667,"color":"ffffffff"}]},"guangxiao6":{"color":[{"time":0,"color":"ffffff00"},{"time":0.1333,"color":"ffffffff","curve":"stepped"},{"time":0.4333,"color":"ffffffff"},{"time":0.7333,"color":"ffffff00"},{"time":0.8667,"color":"ffffffff","curve":"stepped"},{"time":1.1667,"color":"ffffffff"},{"time":1.4667,"color":"ffffff00"}]},"guangxiao7":{"color":[{"time":0,"color":"ffffffbf"},{"time":0.0333,"color":"ffffffff","curve":"stepped"},{"time":0.3333,"color":"ffffffff"},{"time":0.6333,"color":"ffffff00"},{"time":0.7667,"color":"ffffffff","curve":"stepped"},{"time":1.0667,"color":"ffffffff"},{"time":1.3667,"color":"ffffff00"},{"time":1.4667,"color":"ffffffbf"}]},"guangxiao8":{"color":[{"time":0,"color":"ffffff8d"},{"time":0.1667,"color":"ffffff00"},{"time":0.3,"color":"ffffffff","curve":"stepped"},{"time":0.6,"color":"ffffffff"},{"time":0.9,"color":"ffffff00"},{"time":1.0333,"color":"ffffffff","curve":"stepped"},{"time":1.3333,"color":"ffffffff"},{"time":1.4667,"color":"ffffff8d"}]},"guangxiao9":{"color":[{"time":0,"color":"ffffff71"},{"time":0.1333,"color":"ffffff00"},{"time":0.2667,"color":"ffffffff","curve":"stepped"},{"time":0.5667,"color":"ffffffff"},{"time":0.8667,"color":"ffffff00"},{"time":1,"color":"ffffffff","curve":"stepped"},{"time":1.3,"color":"ffffffff"},{"time":1.4667,"color":"ffffff71"}]},"guangxiao10":{"color":[{"time":0,"color":"ffffffff","curve":"stepped"},{"time":0.2667,"color":"ffffffff"},{"time":0.5667,"color":"ffffff00"},{"time":0.7,"color":"ffffffff","curve":"stepped"},{"time":1,"color":"ffffffff"},{"time":1.3,"color":"ffffff00"},{"time":1.4333,"color":"ffffffff","curve":"stepped"},{"time":1.4667,"color":"ffffffff"}]},"guangxiao11":{"color":[{"time":0,"color":"ffffff00"},{"time":0.1333,"color":"ffffffff","curve":"stepped"},{"time":0.4333,"color":"ffffffff"},{"time":0.7333,"color":"ffffff00"},{"time":0.8667,"color":"ffffffff","curve":"stepped"},{"time":1.1667,"color":"ffffffff"},{"time":1.4667,"color":"ffffff00"}]},"guangxiao12":{"color":[{"time":0,"color":"ffffffbf"},{"time":0.0333,"color":"ffffffff","curve":"stepped"},{"time":0.3333,"color":"ffffffff"},{"time":0.6333,"color":"ffffff00"},{"time":0.7667,"color":"ffffffff","curve":"stepped"},{"time":1.0667,"color":"ffffffff"},{"time":1.3667,"color":"ffffff00"},{"time":1.4667,"color":"ffffffbf"}]},"jiakechong2":{"attachment":[{"time":0,"name":"jiakechong1"},{"time":0.0333,"name":"jiakechong2"},{"time":0.0667,"name":"jiakechong1"},{"time":0.1,"name":"jiakechong2"},{"time":0.1333,"name":"jiakechong1"},{"time":0.1667,"name":"jiakechong2"},{"time":0.2,"name":"jiakechong1"},{"time":0.2333,"name":"jiakechong2"},{"time":0.2667,"name":"jiakechong1"},{"time":0.3,"name":"jiakechong2"},{"time":0.3333,"name":"jiakechong1"},{"time":0.3667,"name":"jiakechong2"},{"time":0.4,"name":"jiakechong1"},{"time":0.4333,"name":"jiakechong2"},{"time":0.4667,"name":"jiakechong1"},{"time":0.5,"name":"jiakechong2"},{"time":0.5333,"name":"jiakechong1"},{"time":0.5667,"name":"jiakechong2"},{"time":0.6,"name":"jiakechong1"},{"time":0.6333,"name":"jiakechong2"},{"time":0.6667,"name":"jiakechong1"},{"time":0.7,"name":"jiakechong1"},{"time":0.7333,"name":"jiakechong1"},{"time":0.7667,"name":"jiakechong2"},{"time":0.8,"name":"jiakechong1"},{"time":0.8333,"name":"jiakechong2"},{"time":0.8667,"name":"jiakechong1"},{"time":0.9,"name":"jiakechong2"},{"time":0.9333,"name":"jiakechong1"},{"time":0.9667,"name":"jiakechong2"},{"time":1,"name":"jiakechong1"},{"time":1.0333,"name":"jiakechong2"},{"time":1.0667,"name":"jiakechong1"},{"time":1.1,"name":"jiakechong2"},{"time":1.1333,"name":"jiakechong1"},{"time":1.1667,"name":"jiakechong2"},{"time":1.2,"name":"jiakechong1"},{"time":1.2333,"name":"jiakechong2"},{"time":1.2667,"name":"jiakechong1"},{"time":1.3,"name":"jiakechong2"},{"time":1.3333,"name":"jiakechong1"},{"time":1.3667,"name":"jiakechong2"},{"time":1.4,"name":"jiakechong1"},{"time":1.4333,"name":"jiakechong1"},{"time":1.4667,"name":"jiakechong2"}]}},"bones":{"guangxiao":{"translate":[{"time":0,"x":0,"y":-43.47},{"time":0.1333,"x":0,"y":-53.7},{"time":0.1667,"x":0,"y":0},{"time":0.8667,"x":0,"y":-53.7},{"time":0.9,"x":0,"y":0},{"time":1.4667,"x":0,"y":-43.47}],"scale":[{"time":0,"x":0.776,"y":0.776},{"time":0.1333,"x":0.633,"y":0.633},{"time":0.1667,"x":0.2,"y":0.2},{"time":0.4333,"x":1.1,"y":1.1},{"time":0.8667,"x":0.633,"y":0.633},{"time":0.9,"x":0.2,"y":0.2},{"time":1.1667,"x":1.1,"y":1.1},{"time":1.4667,"x":0.776,"y":0.776}]},"guangxiao2":{"translate":[{"time":0,"x":0,"y":-46.03},{"time":0.1,"x":0,"y":-53.7},{"time":0.1333,"x":0,"y":0},{"time":0.8333,"x":0,"y":-53.7},{"time":0.8667,"x":0,"y":0},{"time":1.4667,"x":0,"y":-46.03}],"scale":[{"time":0,"x":0.741,"y":0.741},{"time":0.1,"x":0.633,"y":0.633},{"time":0.1333,"x":0.2,"y":0.2},{"time":0.4,"x":1.1,"y":1.1},{"time":0.8333,"x":0.633,"y":0.633},{"time":0.8667,"x":0.2,"y":0.2},{"time":1.1333,"x":1.1,"y":1.1},{"time":1.4667,"x":0.741,"y":0.741}]},"guangxiao3":{"translate":[{"time":0,"x":0,"y":-12.79},{"time":0.5333,"x":0,"y":-53.7},{"time":0.5667,"x":0,"y":0},{"time":1.2667,"x":0,"y":-53.7},{"time":1.3,"x":0,"y":0},{"time":1.4667,"x":0,"y":-12.79}],"scale":[{"time":0,"x":0.762,"y":0.762},{"time":0.1,"x":1.1,"y":1.1},{"time":0.5333,"x":0.633,"y":0.633},{"time":0.5667,"x":0.2,"y":0.2},{"time":0.8333,"x":1.1,"y":1.1},{"time":1.2667,"x":0.633,"y":0.633},{"time":1.3,"x":0.2,"y":0.2},{"time":1.4667,"x":0.762,"y":0.762}]},"guangxiao4":{"translate":[{"time":0,"x":0,"y":0},{"time":0.7,"x":0,"y":-53.7},{"time":0.7333,"x":0,"y":0},{"time":1.4333,"x":0,"y":-53.7},{"time":1.4667,"x":0,"y":0}],"scale":[{"time":0,"x":0.2,"y":0.2},{"time":0.2667,"x":1.1,"y":1.1},{"time":0.7,"x":0.633,"y":0.633},{"time":0.7333,"x":0.2,"y":0.2},{"time":1,"x":1.1,"y":1.1},{"time":1.4333,"x":0.633,"y":0.633},{"time":1.4667,"x":0.2,"y":0.2}]},"guangxiao5":{"translate":[{"time":0,"x":0,"y":-7.67},{"time":0.6,"x":0,"y":-53.7},{"time":0.6333,"x":0,"y":0},{"time":1.3333,"x":0,"y":-53.7},{"time":1.3667,"x":0,"y":0},{"time":1.4667,"x":0,"y":-7.67}],"scale":[{"time":0,"x":0.537,"y":0.537},{"time":0.1667,"x":1.1,"y":1.1},{"time":0.6,"x":0.633,"y":0.633},{"time":0.6333,"x":0.2,"y":0.2},{"time":0.9,"x":1.1,"y":1.1},{"time":1.3333,"x":0.633,"y":0.633},{"time":1.3667,"x":0.2,"y":0.2},{"time":1.4667,"x":0.537,"y":0.537}]},"guangxiao6":{"translate":[{"time":0,"x":0,"y":-43.47},{"time":0.1333,"x":0,"y":-53.7},{"time":0.1667,"x":0,"y":0},{"time":0.8667,"x":0,"y":-53.7},{"time":0.9,"x":0,"y":0},{"time":1.4667,"x":0,"y":-43.47}],"scale":[{"time":0,"x":0.776,"y":0.776},{"time":0.1333,"x":0.633,"y":0.633},{"time":0.1667,"x":0.2,"y":0.2},{"time":0.4333,"x":1.1,"y":1.1},{"time":0.8667,"x":0.633,"y":0.633},{"time":0.9,"x":0.2,"y":0.2},{"time":1.1667,"x":1.1,"y":1.1},{"time":1.4667,"x":0.776,"y":0.776}]},"guangxiao7":{"translate":[{"time":0,"x":0,"y":-46.03},{"time":0.1,"x":0,"y":-53.7},{"time":0.1333,"x":0,"y":0},{"time":0.8333,"x":0,"y":-53.7},{"time":0.8667,"x":0,"y":0},{"time":1.4667,"x":0,"y":-46.03}],"scale":[{"time":0,"x":0.741,"y":0.741},{"time":0.1,"x":0.633,"y":0.633},{"time":0.1333,"x":0.2,"y":0.2},{"time":0.4,"x":1.1,"y":1.1},{"time":0.8333,"x":0.633,"y":0.633},{"time":0.8667,"x":0.2,"y":0.2},{"time":1.1333,"x":1.1,"y":1.1},{"time":1.4667,"x":0.741,"y":0.741}]},"guangxiao8":{"translate":[{"time":0,"x":0,"y":-12.79},{"time":0.5333,"x":0,"y":-53.7},{"time":0.5667,"x":0,"y":0},{"time":1.2667,"x":0,"y":-53.7},{"time":1.3,"x":0,"y":0},{"time":1.4667,"x":0,"y":-12.79}],"scale":[{"time":0,"x":0.762,"y":0.762},{"time":0.1,"x":1.1,"y":1.1},{"time":0.5333,"x":0.633,"y":0.633},{"time":0.5667,"x":0.2,"y":0.2},{"time":0.8333,"x":1.1,"y":1.1},{"time":1.2667,"x":0.633,"y":0.633},{"time":1.3,"x":0.2,"y":0.2},{"time":1.4667,"x":0.762,"y":0.762}]},"guangxiao9":{"translate":[{"time":0,"x":0,"y":0},{"time":0.7,"x":0,"y":-53.7},{"time":0.7333,"x":0,"y":0},{"time":1.4333,"x":0,"y":-53.7},{"time":1.4667,"x":0,"y":0}],"scale":[{"time":0,"x":0.2,"y":0.2},{"time":0.2667,"x":1.1,"y":1.1},{"time":0.7,"x":0.633,"y":0.633},{"time":0.7333,"x":0.2,"y":0.2},{"time":1,"x":1.1,"y":1.1},{"time":1.4333,"x":0.633,"y":0.633},{"time":1.4667,"x":0.2,"y":0.2}]},"guangxiao10":{"translate":[{"time":0,"x":0,"y":-7.67},{"time":0.6,"x":0,"y":-53.7},{"time":0.6333,"x":0,"y":0},{"time":1.3333,"x":0,"y":-53.7},{"time":1.3667,"x":0,"y":0},{"time":1.4667,"x":0,"y":-7.67}],"scale":[{"time":0,"x":0.537,"y":0.537},{"time":0.1667,"x":1.1,"y":1.1},{"time":0.6,"x":0.633,"y":0.633},{"time":0.6333,"x":0.2,"y":0.2},{"time":0.9,"x":1.1,"y":1.1},{"time":1.3333,"x":0.633,"y":0.633},{"time":1.3667,"x":0.2,"y":0.2},{"time":1.4667,"x":0.537,"y":0.537}]},"diejiaguangxiao":{"rotate":[{"time":0,"angle":180},{"time":0.2333,"angle":300},{"time":0.5,"angle":60},{"time":0.7333,"angle":180},{"time":0.9667,"angle":300},{"time":1.2,"angle":60},{"time":1.4667,"angle":180}]},"guangxiao11":{"rotate":[{"time":0,"angle":180},{"time":0.4667,"angle":60},{"time":0.9333,"angle":300},{"time":1.4667,"angle":180}],"scale":[{"time":0,"x":0.597,"y":0.597},{"time":0.7333,"x":1,"y":1},{"time":1.4667,"x":0.597,"y":0.597}]}}},"static":{"slots":{"guangxiao2":{"color":[{"time":0,"color":"ffffff00"}]},"guangxiao3":{"color":[{"time":0,"color":"ffffff00"}]},"jiakechong2":{"attachment":[{"time":0,"name":"jiakechong1"}]}}}}},[0]]],0,0,[0],[-1],[0]]
