[1,["67dD0dcW9Ef5zvjDZE9OVy@6c48a"],["_textureSource"],["cc.SpriteFrame"],0,[{"name":"select_a_feature_es","rect":{"x":0,"y":0,"width":1751,"height":139},"offset":{"x":0,"y":0},"originalSize":{"width":1751,"height":139},"rotated":false,"capInsets":[0,0,0,0],"vertices":{"rawPosition":[-875.5,-69.5,0,875.5,-69.5,0,-875.5,69.5,0,875.5,69.5,0],"indexes":[0,1,2,2,1,3],"uv":[0,139,1751,139,0,0,1751,0],"nuv":[0,0,1,0,0,1,1,1],"minPos":{"x":-875.5,"y":-69.5,"z":0},"maxPos":{"x":875.5,"y":69.5,"z":0}},"packable":true,"pixelsToUnit":100,"pivot":{"x":0.5,"y":0.5},"meshType":0}],[0],0,[0],[0],[0]]
