[1,["67r4CW9Z9BKqWfZjJuRdSw@6c48a"],["_textureSource"],["cc.SpriteFrame"],0,[{"name":"PayTable6Espanha","rect":{"x":0,"y":0,"width":604,"height":88},"offset":{"x":0,"y":0},"originalSize":{"width":604,"height":88},"rotated":false,"capInsets":[0,0,0,0],"vertices":{"rawPosition":[-302,-44,0,302,-44,0,-302,44,0,302,44,0],"indexes":[0,1,2,2,1,3],"uv":[0,88,604,88,0,0,604,0],"nuv":[0,0,1,0,0,1,1,1],"minPos":{"x":-302,"y":-44,"z":0},"maxPos":{"x":302,"y":44,"z":0}},"packable":true,"pixelsToUnit":100,"pivot":{"x":0.5,"y":0.5},"meshType":0}],[0],0,[0],[0],[0]]
