[1,["ef05ff4b-2ee1-44e4-9c94-3f0a49816649@6c48a"],0,[["sp.SkeletonData",["_name","_atlasText","textureNames","_skeletonJson","textures"],-1,3]],[[0,0,1,2,3,4,5]],[[0,"tubiao_j","\r\ntubiao_j.png\r\nsize: 512,256\r\nformat: RGBA8888\r\nfilter: Linear,Linear\r\nrepeat: none\r\nicon_fenghuang_tubiao_bianfu\r\n  rotate: false\r\n  xy: 161, 11\r\n  size: 140, 137\r\n  orig: 140, 137\r\n  offset: 0, 0\r\n  index: -1\r\nicon_fenghuang_tubiao_fenghuang2\r\n  rotate: false\r\n  xy: 2, 2\r\n  size: 157, 146\r\n  orig: 157, 146\r\n  offset: 0, 0\r\n  index: -1\r\nicon_fenghuang_tubiao_j\r\n  rotate: false\r\n  xy: 303, 49\r\n  size: 73, 99\r\n  orig: 73, 99\r\n  offset: 0, 0\r\n  index: -1\r\n",["tubiao_j.png"],{"skeleton":{"hash":"dLsd6lwec1ca+w/YfWhAtCMGTSE","spine":"3.8.99","images":"E:/新版UI/凤凰/切图/图标","audio":""},"bones":[{"name":"root"}],"slots":[{"name":"icon_fenghuang_tubiao_10","bone":"root","attachment":"icon_fenghuang_tubiao_j"}],"skins":[{"name":"default","attachments":{"icon_fenghuang_tubiao_10":{"icon_fenghuang_tubiao_bianfu":{"width":140,"height":137},"icon_fenghuang_tubiao_fenghuang2":{"x":0.5,"width":157,"height":146},"icon_fenghuang_tubiao_j":{"width":73,"height":99}}}}],"animations":{"animation":{}}},[0]]],0,0,[0],[-1],[0]]
