[1,["e1whl+t4lHQJZ67xbeMg+w@6c48a"],["_textureSource"],["cc.SpriteFrame"],0,[{"name":"q","rect":{"x":2,"y":2,"width":97,"height":101},"offset":{"x":-13.5,"y":11.5},"originalSize":{"width":128,"height":128},"rotated":false,"capInsets":[0,0,0,0],"vertices":{"rawPosition":[-48.5,-50.5,0,48.5,-50.5,0,-48.5,50.5,0,48.5,50.5,0],"indexes":[0,1,2,2,1,3],"uv":[2,126,99,126,2,25,99,25],"nuv":[0.015625,0.1953125,0.7734375,0.1953125,0.015625,0.984375,0.7734375,0.984375],"minPos":{"x":-48.5,"y":-50.5,"z":0},"maxPos":{"x":48.5,"y":50.5,"z":0}},"packable":true,"pixelsToUnit":100,"pivot":{"x":0.5,"y":0.5},"meshType":0}],[0],0,[0],[0],[0]]
