[1,["a5aMyDy6BMSqNe8AKjVK0d@6c48a"],["_textureSource"],["cc.SpriteFrame"],0,[{"name":"icon_a","rect":{"x":2,"y":2,"width":99,"height":102},"offset":{"x":0,"y":0},"originalSize":{"width":103,"height":106},"rotated":false,"capInsets":[0,0,0,0],"vertices":{"rawPosition":[-49.5,-51,0,49.5,-51,0,-49.5,51,0,49.5,51,0],"indexes":[0,1,2,2,1,3],"uv":[2,104,101,104,2,2,101,2],"nuv":[0.019417475728155338,0.018867924528301886,0.9805825242718447,0.018867924528301886,0.019417475728155338,0.9811320754716981,0.9805825242718447,0.9811320754716981],"minPos":{"x":-49.5,"y":-51,"z":0},"maxPos":{"x":49.5,"y":51,"z":0}},"packable":true,"pixelsToUnit":100,"pivot":{"x":0.5,"y":0.5},"meshType":0}],[0],0,[0],[0],[0]]
