[1,["fe2e63fd-6110-41b3-aefb-c659234999fd@6c48a"],["_textureSource"],["cc.SpriteFrame"],0,[{"name":"jinchan2","rect":{"x":0,"y":0,"width":1024,"height":1024},"offset":{"x":0,"y":0},"originalSize":{"width":1024,"height":1024},"rotated":false,"capInsets":[0,0,0,0],"vertices":{"rawPosition":[-512,-512,0,512,-512,0,-512,512,0,512,512,0],"indexes":[0,1,2,2,1,3],"uv":[0,1024,1024,1024,0,0,1024,0],"nuv":[0,0,1,0,0,1,1,1],"minPos":{"x":-512,"y":-512,"z":0},"maxPos":{"x":512,"y":512,"z":0}},"packable":true,"pixelsToUnit":100,"pivot":{"x":0.5,"y":0.5},"meshType":0}],[0],0,[0],[0],[0]]
