[1,["de80b08e-6ccb-4aa9-9e83-54799801f29d@f9941","de80b08e-6ccb-4aa9-9e83-54799801f29d@6c48a"],["spriteFrame","_textureSource"],["cc.SpriteFrame",["cc.ParticleAsset",["_name","_native"],1]],[[1,0,1,3]],[[[[0,"tongyong_mw",".plist"],-1],0,0,[0],[0],[0]],[[{"name":"fire0001","rect":{"x":0,"y":0,"width":100,"height":99},"offset":{"x":0,"y":0},"originalSize":{"width":100,"height":99},"rotated":false,"capInsets":[0,0,0,0],"vertices":{"rawPosition":[-50,-49.5,0,50,-49.5,0,-50,49.5,0,50,49.5,0],"indexes":[0,1,2,2,1,3],"uv":[0,99,100,99,0,0,100,0],"nuv":[0,0,1,0,0,1,1,1],"minPos":{"x":-50,"y":-49.5,"z":0},"maxPos":{"x":50,"y":49.5,"z":0}},"packable":true,"pixelsToUnit":100,"pivot":{"x":0.5,"y":0.5},"meshType":0}],[0],0,[0],[1],[1]]]]
