[1,["ae0L3tmQxLqYZ4f6yiSKmX@6c48a"],["_textureSource"],["cc.SpriteFrame"],0,[{"name":"thor_jinbiyu","rect":{"x":0,"y":5,"width":582,"height":588},"offset":{"x":-6,"y":-2},"originalSize":{"width":594,"height":594},"rotated":false,"capInsets":[0,0,0,0],"vertices":{"rawPosition":[-291,-294,0,291,-294,0,-291,294,0,291,294,0],"indexes":[0,1,2,2,1,3],"uv":[0,589,582,589,0,1,582,1],"nuv":[0,0.0016835016835016834,0.9797979797979798,0.0016835016835016834,0,0.9915824915824916,0.9797979797979798,0.9915824915824916],"minPos":{"x":-291,"y":-294,"z":0},"maxPos":{"x":291,"y":294,"z":0}},"packable":true,"pixelsToUnit":100,"pivot":{"x":0.5,"y":0.5},"meshType":0}],[0],0,[0],[0],[0]]
