[1,["30KrSQc4xItLJYgVZGXUVO@6c48a"],["_textureSource"],["cc.SpriteFrame"],0,[{"name":"small","rect":{"x":0,"y":0,"width":184,"height":72},"offset":{"x":0,"y":0},"originalSize":{"width":184,"height":72},"rotated":false,"capInsets":[0,0,0,0],"vertices":{"rawPosition":[-92,-36,0,92,-36,0,-92,36,0,92,36,0],"indexes":[0,1,2,2,1,3],"uv":[0,72,184,72,0,0,184,0],"nuv":[0,0,1,0,0,1,1,1],"minPos":{"x":-92,"y":-36,"z":0},"maxPos":{"x":92,"y":36,"z":0}},"packable":true,"pixelsToUnit":100,"pivot":{"x":0.5,"y":0.5},"meshType":0}],[0],0,[0],[0],[0]]
