[1,["11dcc42d3@6c48a"],["_textureSource"],["cc.SpriteFrame"],0,[[[{"name":"bg_gxfc_guize_kuang5","rect":{"x":169,"y":227,"width":478,"height":490},"offset":{"x":0,"y":0},"originalSize":{"width":478,"height":490},"rotated":true,"capInsets":[0,0,0,0],"packable":true,"pixelsToUnit":100,"pivot":{"x":0.5,"y":0.5},"meshType":0}],[0],0,[0],[0],[0]],[[{"name":"STOP","rect":{"x":999,"y":322,"width":49,"height":19},"offset":{"x":0,"y":0},"originalSize":{"width":49,"height":19},"rotated":true,"capInsets":[0,0,0,0],"packable":true,"pixelsToUnit":100,"pivot":{"x":0.5,"y":0.5},"meshType":0}],[0],0,[0],[0],[0]],[[{"name":"dl_long_guizedibox","rect":{"x":785,"y":202,"width":212,"height":114},"offset":{"x":0,"y":0},"originalSize":{"width":212,"height":114},"rotated":false,"capInsets":[34,29,33,31],"packable":true,"pixelsToUnit":100,"pivot":{"x":0.5,"y":0.5},"meshType":0}],[0],0,[0],[0],[0]],[[{"name":"icon_gxfc_guize_tongqian","rect":{"x":725,"y":907,"width":101,"height":102},"offset":{"x":0,"y":0},"originalSize":{"width":101,"height":102},"rotated":false,"capInsets":[0,0,0,0],"packable":true,"pixelsToUnit":100,"pivot":{"x":0.5,"y":0.5},"meshType":0}],[0],0,[0],[0],[0]],[[{"name":"icon_gxfc_guize_shouwa","rect":{"x":597,"y":907,"width":122,"height":114},"offset":{"x":0,"y":0},"originalSize":{"width":122,"height":114},"rotated":false,"capInsets":[0,0,0,0],"packable":true,"pixelsToUnit":100,"pivot":{"x":0.5,"y":0.5},"meshType":0}],[0],0,[0],[0],[0]],[[{"name":"bg_gxfc_guize_kuang1","rect":{"x":3,"y":227,"width":776,"height":160},"offset":{"x":0,"y":0},"originalSize":{"width":776,"height":160},"rotated":true,"capInsets":[0,0,0,0],"packable":true,"pixelsToUnit":100,"pivot":{"x":0.5,"y":0.5},"meshType":0}],[0],0,[0],[0],[0]],[[{"name":"dl_gxfc_caidananniu","rect":{"x":832,"y":907,"width":99,"height":72},"offset":{"x":0,"y":0},"originalSize":{"width":99,"height":72},"rotated":true,"capInsets":[0,0,0,0],"packable":true,"pixelsToUnit":100,"pivot":{"x":0.5,"y":0.5},"meshType":0}],[0],0,[0],[0],[0]],[[{"name":"SETTINGS","rect":{"x":431,"y":977,"width":160,"height":35},"offset":{"x":0,"y":0},"originalSize":{"width":160,"height":35},"rotated":false,"capInsets":[0,0,0,0],"packable":true,"pixelsToUnit":100,"pivot":{"x":0.5,"y":0.5},"meshType":0}],[0],0,[0],[0],[0]],[[{"name":"bg_gxfc_guize_tu_2","rect":{"x":474,"y":711,"width":374,"height":190},"offset":{"x":0,"y":0},"originalSize":{"width":374,"height":190},"rotated":false,"capInsets":[0,0,0,0],"packable":true,"pixelsToUnit":100,"pivot":{"x":0.5,"y":0.5},"meshType":0}],[0],0,[0],[0],[0]],[[{"name":"btn_gxfc_guize_off","rect":{"x":169,"y":979,"width":42,"height":42},"offset":{"x":0,"y":0},"originalSize":{"width":42,"height":42},"rotated":false,"capInsets":[0,0,0,0],"packable":true,"pixelsToUnit":100,"pivot":{"x":0.5,"y":0.5},"meshType":0}],[0],0,[0],[0],[0]],[[{"name":"dl_gxfc_xiazhujian_0","rect":{"x":511,"y":907,"width":64,"height":72},"offset":{"x":0,"y":0},"originalSize":{"width":64,"height":72},"rotated":true,"capInsets":[0,0,0,0],"packable":true,"pixelsToUnit":100,"pivot":{"x":0.5,"y":0.5},"meshType":0}],[0],0,[0],[0],[0]],[[{"name":"dl_gxfc_spinanniu_1","rect":{"x":665,"y":549,"width":143,"height":143},"offset":{"x":0,"y":0},"originalSize":{"width":143,"height":143},"rotated":false,"capInsets":[0,0,0,0],"packable":true,"pixelsToUnit":100,"pivot":{"x":0.5,"y":0.5},"meshType":0}],[0],0,[0],[0],[0]],[[{"name":"dl_gxfc_stopicon_1","rect":{"x":407,"y":925,"width":46,"height":46},"offset":{"x":0,"y":0},"originalSize":{"width":46,"height":46},"rotated":false,"capInsets":[0,0,0,0],"packable":true,"pixelsToUnit":100,"pivot":{"x":0.5,"y":0.5},"meshType":0}],[0],0,[0],[0],[0]],[[{"name":"icon_gxfc_tubiao_jinfa","rect":{"x":854,"y":397,"width":160,"height":146},"offset":{"x":0,"y":0},"originalSize":{"width":160,"height":146},"rotated":false,"capInsets":[0,0,0,0],"packable":true,"pixelsToUnit":100,"pivot":{"x":0.5,"y":0.5},"meshType":0}],[0],0,[0],[0],[0]],[[{"name":"SOUND","rect":{"x":262,"y":979,"width":163,"height":39},"offset":{"x":0,"y":0},"originalSize":{"width":163,"height":39},"rotated":false,"capInsets":[0,0,0,0],"packable":true,"pixelsToUnit":100,"pivot":{"x":0.5,"y":0.5},"meshType":0}],[0],0,[0],[0],[0]],[[{"name":"Rptidakmencukupi","rect":{"x":785,"y":3,"width":229,"height":76},"offset":{"x":0,"y":0},"originalSize":{"width":229,"height":76},"rotated":false,"capInsets":[0,0,0,0],"packable":true,"pixelsToUnit":100,"pivot":{"x":0.5,"y":0.5},"meshType":0}],[0],0,[0],[0],[0]],[[{"name":"bg_gxfc_guize_xian_6","rect":{"x":924,"y":705,"width":133,"height":81},"offset":{"x":0,"y":0},"originalSize":{"width":133,"height":81},"rotated":true,"capInsets":[0,0,0,0],"packable":true,"pixelsToUnit":100,"pivot":{"x":0.5,"y":0.5},"meshType":0}],[0],0,[0],[0],[0]],[[{"name":"dl_gxfc_kuai_0","rect":{"x":814,"y":549,"width":64,"height":72},"offset":{"x":0,"y":0},"originalSize":{"width":64,"height":72},"rotated":false,"capInsets":[0,0,0,0],"packable":true,"pixelsToUnit":100,"pivot":{"x":0.5,"y":0.5},"meshType":0}],[0],0,[0],[0],[0]],[[{"name":"dl_gxfc_xiazhujia_1","rect":{"x":919,"y":627,"width":64,"height":72},"offset":{"x":0,"y":0},"originalSize":{"width":64,"height":72},"rotated":false,"capInsets":[0,0,0,0],"packable":true,"pixelsToUnit":100,"pivot":{"x":0.5,"y":0.5},"meshType":0}],[0],0,[0],[0],[0]],[[{"name":"dl_gxfc_spinanniu","rect":{"x":665,"y":397,"width":143,"height":143},"offset":{"x":0,"y":0},"originalSize":{"width":143,"height":143},"rotated":false,"capInsets":[0,0,0,0],"packable":true,"pixelsToUnit":100,"pivot":{"x":0.5,"y":0.5},"meshType":0}],[0],0,[0],[0],[0]],[[{"name":"dl_gxfc_brn_shezhi_on","rect":{"x":785,"y":123,"width":220,"height":73},"offset":{"x":0,"y":0},"originalSize":{"width":220,"height":73},"rotated":false,"capInsets":[0,0,0,0],"packable":true,"pixelsToUnit":100,"pivot":{"x":0.5,"y":0.5},"meshType":0}],[0],0,[0],[0],[0]],[[{"name":"dl_gxfx_autoanniu1","rect":{"x":910,"y":549,"width":99,"height":72},"offset":{"x":0,"y":0},"originalSize":{"width":99,"height":72},"rotated":false,"capInsets":[0,0,0,0],"packable":true,"pixelsToUnit":100,"pivot":{"x":0.5,"y":0.5},"meshType":0}],[0],0,[0],[0],[0]],[[{"name":"dl_gxfc_zidong_1","rect":{"x":910,"y":901,"width":116,"height":56},"offset":{"x":0,"y":0},"originalSize":{"width":116,"height":56},"rotated":true,"capInsets":[0,0,0,0],"packable":true,"pixelsToUnit":100,"pivot":{"x":0.5,"y":0.5},"meshType":0}],[0],0,[0],[0],[0]],[[{"name":"dl_gxfc_stopicon","rect":{"x":459,"y":925,"width":46,"height":46},"offset":{"x":0,"y":0},"originalSize":{"width":46,"height":46},"rotated":false,"capInsets":[0,0,0,0],"packable":true,"pixelsToUnit":100,"pivot":{"x":0.5,"y":0.5},"meshType":0}],[0],0,[0],[0],[0]],[[{"name":"dl_gxfc_confirm","rect":{"x":854,"y":705,"width":190,"height":64},"offset":{"x":0,"y":0},"originalSize":{"width":190,"height":64},"rotated":true,"capInsets":[0,0,0,0],"packable":true,"pixelsToUnit":100,"pivot":{"x":0.5,"y":0.5},"meshType":0}],[0],0,[0],[0],[0]],[[{"name":"auto spin setting","rect":{"x":665,"y":356,"width":328,"height":35},"offset":{"x":0,"y":0},"originalSize":{"width":328,"height":35},"rotated":false,"capInsets":[0,0,0,0],"packable":true,"pixelsToUnit":100,"pivot":{"x":0.5,"y":0.5},"meshType":0}],[0],0,[0],[0],[0]],[[{"name":"bg_gxfc_guize_kuang2","rect":{"x":3,"y":3,"width":776,"height":218},"offset":{"x":0,"y":0},"originalSize":{"width":776,"height":218},"rotated":false,"capInsets":[0,0,0,0],"packable":true,"pixelsToUnit":100,"pivot":{"x":0.5,"y":0.5},"meshType":0}],[0],0,[0],[0],[0]],[[{"name":"bg_gxfc_guize_kuang3","rect":{"x":169,"y":711,"width":262,"height":166},"offset":{"x":0,"y":0},"originalSize":{"width":262,"height":166},"rotated":true,"capInsets":[0,0,0,0],"packable":true,"pixelsToUnit":100,"pivot":{"x":0.5,"y":0.5},"meshType":0}],[0],0,[0],[0],[0]],[[{"name":"dl_gxfx_autoanniu","rect":{"x":814,"y":627,"width":99,"height":72},"offset":{"x":0,"y":0},"originalSize":{"width":99,"height":72},"rotated":false,"capInsets":[0,0,0,0],"packable":true,"pixelsToUnit":100,"pivot":{"x":0.5,"y":0.5},"meshType":0}],[0],0,[0],[0],[0]],[[{"name":"icon_common_gold","rect":{"x":217,"y":979,"width":39,"height":42},"offset":{"x":0,"y":0},"originalSize":{"width":39,"height":42},"rotated":false,"capInsets":[0,0,0,0],"packable":true,"pixelsToUnit":100,"pivot":{"x":0.5,"y":0.5},"meshType":0}],[0],0,[0],[0],[0]],[[{"name":"GOOD LUCK","rect":{"x":785,"y":85,"width":223,"height":32},"offset":{"x":0,"y":0},"originalSize":{"width":223,"height":32},"rotated":false,"capInsets":[0,0,0,0],"packable":true,"pixelsToUnit":100,"pivot":{"x":0.5,"y":0.5},"meshType":0}],[0],0,[0],[0],[0]],[[{"name":"dl_gxfc_brn_shezhi_off","rect":{"x":407,"y":711,"width":208,"height":61},"offset":{"x":0,"y":0},"originalSize":{"width":208,"height":61},"rotated":true,"capInsets":[0,0,0,0],"packable":true,"pixelsToUnit":100,"pivot":{"x":0.5,"y":0.5},"meshType":0}],[0],0,[0],[0],[0]],[[{"name":"dl_gxfc_jinbibox","rect":{"x":341,"y":711,"width":250,"height":60},"offset":{"x":0,"y":0},"originalSize":{"width":250,"height":60},"rotated":true,"capInsets":[0,0,0,0],"packable":true,"pixelsToUnit":100,"pivot":{"x":0.5,"y":0.5},"meshType":0}],[0],0,[0],[0],[0]],[[{"name":"icon_gxfc_guize_xiwa","rect":{"x":665,"y":227,"width":123,"height":114},"offset":{"x":0,"y":0},"originalSize":{"width":123,"height":114},"rotated":true,"capInsets":[0,0,0,0],"packable":true,"pixelsToUnit":100,"pivot":{"x":0.5,"y":0.5},"meshType":0}],[0],0,[0],[0],[0]]]]
