{"importBase":"import","nativeBase":"native","name":"dragonTiger","deps":[],"uuids":["00dek1F0FJnK7ZOXQPQ6VT@f9941","011894029","01GpqMqWlB07oJvY+Z1ucx","015cd875f","01fsdZK4tDtrYsbivrrXIl@f9941","02081a137","022da2096","02302443f","0258e6ff0","028f7d7ea","02a6c9c89","02qmmJuFJLLqpCkBl6DToy@f9941","03EfSZ5ntAnYWN9JtbxUSQ@6c48a","04pUWJC3BLI5MbuAcQqWXX","03EfSZ5ntAnYWN9JtbxUSQ","03920e32a","03a96a5e3","032NlCrl1Bg4rv9dyuLJdo@f9941","04f2f0718","0532a2b00","065a2ce96","0665285d9","068dea955","07fiDxc8RFwIaRKWqb4doZ","07c799992","07edee756","083754630","08577ea41","087024212","08ot0DpdRD245vTUks9cou","08bb0ebf6","09V8ply0xDOaI5xLZeTMq8","0bRZ7NiQVHqIC91D/tAvDZ@6c48a","0bRZ7NiQVHqIC91D/tAvDZ@f9941","09Doo1IFVPT7YwXup42gXI","09594216f","09a12d2e1","0a0bfd700","0a96aba40","0a3P3ZCeFGmqR3DsUwU1cn@f9941","0aed8c470","0af100974","0bEjqQDJxNHanYee/sDAA4@6c48a","0bnIcz5VBLw7Syr8HusWbr","0bpYGLjEdOb51LmC9s7bwM","0b8kDBfy5DipZXOxNB5VJ+@6c48a","0b8kDBfy5DipZXOxNB5VJ+@f9941","0cvd6cpCxPMpdywaVO900h","0dLmBej09DH4Te+rgvjiLl","0dr0Nyu4dLCrfrBczTrAjB@6c48a","0dr0Nyu4dLCrfrBczTrAjB@f9941","0ePNvNLI5O55KUy2Z3CP9A@f9941","0bEjqQDJxNHanYee/sDAA4","0bRZ7NiQVHqIC91D/tAvDZ","0bUi93iIBDF6099A005nD7","0beeb02c1","0b8kDBfy5DipZXOxNB5VJ+","0cUeBHSI5EwLDrqz4pICUQ","0c598ccf0","0c915886b","0cc17daa7","0d56fb546","0d98751d0","71aJCZf1ZCUpuEXzObaEdi@f9941","71h/A7ABtOcrky3BpFfwB1@f9941","72VH7FP+VPYpyN/j9ose8V@6c48a","72VH7FP+VPYpyN/j9ose8V@f9941","73lQyRFbNEJKwe4kdlilUT","74ECy22mJN4J2uw6igIqvn@f9941","74RBQWdytLVbg9rlAhhBNv","74yNF6KPlHboPaFO16AhVQ@f9941","742gTQjEtG17ZtnBI7a1oc@f9941","75d9/ilhdLAY2pg/lRnGIY@6c48a","75d9/ilhdLAY2pg/lRnGIY@f9941","75+4Rl5hdAg4//UY8TMcCI","77sA/+/QlBPq48Fp4bZdpv@6c48a","78WxFW1JVPXacXiJeal7nH","7aBeUU4llM/60elxr35Egp","7aCatN3BRHX7I2B0jL0hgd","7bu6qKDodEQZPKkptobEwq@f9941","7cUp/xSMxGIJDY2lm8sUPv@f9941","7cakqJzOtAx5BOhsVyudon@6c48a","7cakqJzOtAx5BOhsVyudon@f9941","7eM2gFs8RLZ6VJbAvULaFG","7ednyWmwFBT7onDpszL/e7@f9941","80A6y6al9JRZQngNDNO10w@6c48a","81BDDtkMBBFoj9Iz71hfhS@f9941","81xOdHUZZFDrIYICwZXNyu@f9941","819N4IDmtIOpMtMd9yKPru@f9941","82lcVC01NG84OX74g9v9H7","82nWrXtZ1M87LYH8ke7is4@f9941","83GHKxh4ZEVKf0hk7BBIE6","83/S/Wg7pKia3tDV7qekqB","87AJ5qgaFC7bosMB216lsC@f9941","88N1sSYkhIZJs9ZF9J5nCK@f9941","89DBboakxPJZxZPEy8wCo/","8bi9oKgdtMyr+Umn+MErzb@f9941","8d5S46Au9C7oRikF1AAK8E@f9941","8fYvFk7DpD/r7Qn2lTfJ3q@6c48a","91B0qjRFFLNbjI1rB+tlSq","91YbZ+g9dM+7YGGEqOAXEq","92QxCf10JJwKZcF/m2sinf@f9941","0dr0Nyu4dLCrfrBczTrAjB","0eae21c18","0f674e64c","1089t0l/JMi7QFWPspAePG@f9941","11174ccd4","23+JXYSoZHS77EDG1/L5I9","13n9KolBdFtoG7Pp2Qhd27@f9941","13qQGLY+ZDuIXr1MmmSQ3Z@f9941","14YbiJay9EW6x/0MmCFXHP","17qNMSrL5Pca9ca8YXV9o5@6c48a","17ya+Jn5lCrppTuDH/pU20","18apAHR41Bf5+mmHZpoDmD@6c48a","19EEoP8a5PWZm1/AbFEH8j","1aukJF9EBL3ri8BZO7cGCF@f9941","1cLPdHte1Mu6hXY+be8QLJ@f9941","1c4tGnF9BDaqTj+pCV0JCq@6c48a","1d/mF+y7BLGqPiAPCcZVaa@6c48a","1eQt3tHiZE3Jp+oMxMQnAR@6c48a","1eQt3tHiZE3Jp+oMxMQnAR@f9941","1fbHdsyOdDLpjVQl971ROU@f9941","20aTZQaI1Af50oe6J5UN7i@f9941","11174ccd4@6c48a","13depn19dJM6LtOQjE9KhL","15OsUs8fhP2oFadXiVSbv0","1614973ba","190iB6ED1HjIdsWwju9t1J@6c48a","190iB6ED1HjIdsWwju9t1J@f9941","1967Ke1hVGy5XY990ZbPFs@f9941","1aaUZEs2xEWqabLPewdtDT@f9941","1bAW0zFPRG8IA6mocyPzcu@f9941","20/D5T8O9CXK/IjOqTJWsW","215d8jWqFDup0ThWyhRCGi","21+TCCZfFNHp4vvqPI7sRz","22+Yua+TdIN6JwiF7mxoRC@f9941","1614973ba@6c48a","17qNMSrL5Pca9ca8YXV9o5","18apAHR41Bf5+mmHZpoDmD","190iB6ED1HjIdsWwju9t1J","1a581cd80","1a581cd80@6c48a","1b49cd522","24lrxzPnVEuqqXb9XKQ5nD@f9941","25KdJRxv9MKaVCNdBlfTG/@f9941","25TqvMaJdA6LhoPUJwmFbb@f9941","1b49cd522@6c48a","1c4tGnF9BDaqTj+pCV0JCq","1dc7a4a71","27Peh0hEJKgrkwW3zFZtuz@f9941","1dc7a4a71@6c48a","1d/mF+y7BLGqPiAPCcZVaa","1eQt3tHiZE3Jp+oMxMQnAR","1eqFWmSadB/byXSG+8TF5K","1fbb10528","1fbb10528@6c48a","1fz5apOFhJ4JU3qzrCgerc","20g1ukYUVPvKWKBRznAKo+","35HxcTJHlJ5oOmAHBS1S6Q","5fmzfBUOFMgK/O1ZNdjIIS","275dAXw+5CYpFnMB4l88OJ@f9941","29XtYUnNJAB61Y1g9OL3Cp@f9941","29vUfdq5pB8oY1u1514PxD@f9941","290K+mA1lLZID+onZFFQKQ@6c48a","290K+mA1lLZID+onZFFQKQ@f9941","298YXDrDFCRqmIeeRH+kos@6c48a","298YXDrDFCRqmIeeRH+kos@f9941","2a9S+9sCVOkr2nJPh+UQxI@f9941","2dsljUVhBM6JlgCwsPxmE1@f9941","2dwZ7mxwFGPY4JEeOz3JfT","2d3i4AHEdFtYnHjfXKnS6H@6c48a","2d3i4AHEdFtYnHjfXKnS6H@f9941","2fm8eqrvdHJoVNwXnwOUUN@f9941","2fnOkb+H1M2o2CxE4T715c","30t5dA2zVIUqf2gCF4zr1j@f9941","31sKa+bnFFpZkUUu20Ve5q","32V/Bm69BK/4s++rXIvLFF","34D0TBiXpACL7YszJ3wXma@f9941","34cUCY7/dCVZPcMO8cymZ2","38K4gRKGRK7rJrnTvf9iq2@f9941","38vEaosrJB0rjLvc9i+vrY@f9941","3aP8XzbeRF/IKePMQ04CJB","3bVRVYKSFEEorHVj88J9el@f9941","3bjtWSz0pDYKX/CSKXHgDx@f9941","3cWpO97XFGyqK170Q0vDBN","3eoyOdMLhCAYGxlqSNY7lg@6c48a","3fWiBxjylHH7G9EDN2fwXN","40NuY25kBLObMWW+5ulD0e@f9941","40phpg4y9CI7bRzQO2omZu@f9941","42hyyHNqROPpKDM/njOdJB","425Aygl4lL9Lv4K3BiCWxZ@f9941","43U9qOCl1GSLTK1cBXeQOD@f9941","43rbZ0fL1MfZFFFDCi1VkL@6c48a","43rbZ0fL1MfZFFFDCi1VkL@f9941","43sKh3upJBpouO0AogYP79@f9941","44/yhi8eZEiJERQXQOGuX1@f9941","453r+0popCRrbQxSkXD6jZ@f9941","47IDtgkGFJJaG+FRTQDXKe","47YT4OUoFHn4IqkEzFul6X@6c48a","47YT4OUoFHn4IqkEzFul6X@f9941","49ZzHwqHpPipAeS7HhB4WW","4bdGm+YTNFD6quZZ1p/8aH","4b5HIiPrhOar2lfAvF6Se2@f9941","4cPlBO6N5Az5ndsYAYXEfT@f9941","4dAj0mzCdCz6EijelhD/iy@6c48a","4dh8UL5b1JmJa4DfbStAIB@f9941","4diJpP5oZFzL9TZ7UR0Afn@f9941","4eSN7aGbVJ7aZ0lvqgssDA@6c48a","4eVq7oqlRLGplEkxHtq6pX@f9941","4e8TTDq7ZIKbhPFCg5gKnV","50m4CXrthAO5brBJfiqmIE@f9941","51BVZay7ZDzbv5eA1zKnnq@f9941","51lpjY6ABGF4ujegMS+J9k@f9941","514mRrJAlNRo76Hh64en5V","53PVAnh0VFkZ1DiBFN6JD4","549Uby3PxNnaqYUAEjkgRu@6c48a","55/bSOR+xBFLsxrIoG6efy","56UIGOyn1EopnAKWan9AbZ@f9941","57UAJupnxPE5LBgLzYnz8I@f9941","57s2dc1CRCs4G+XY5stMT2@f9941","58bFOJ9H5IDL/i7ZdEYEzt@6c48a","58cKyHKiRNLLa4igwxD0tV@6c48a","5bRciclKNCdrloUe2vnx5y","5fDBl0wuZGlKxW5TgQgFJh@f9941","5fDJrVxgJCbbI8I9dRMLkE","61K1EcRvxOM5oWtRMhHTNg@6c48a","64xZexaEpPRZGg3Kx4si4V@f9941","67f4IylXVBLYFJLD9VY2ic","6ahsy3EuhJvKlvUHjQlF4D","6bNN7P/W5A5aaLQSB2zqB2@f9941","6cIXBvhGRI07xszj07wWFX@f9941","6eHbNNGQxF4JOfEZ9GHaHp@6c48a","6eKgsnk+RIaJUWKxoayQN8@f9941","6egisPKshKboRcO4+da5BK@6c48a","4eSN7aGbVJ7aZ0lvqgssDA","54Kdvqz4NNAJ8pPljquiDW","54TknWPwVPqJqeCR+Y/Czo","57ssin/ARKxZ++IJL3Jc4z@6c48a","57s2dc1CRCs4G+XY5stMT2@6c48a","5aAw3Q/P9ACpYyOhaNgGnd@f9941","5ffA2y/EpCSKVUPKRUbxL4@f9941","68YtZYpJFI3IwCdhfL8lNt","6bKefaeyBPq6e/EFaaMNoN@f9941","6b0w9/PdhEy5cpsdyzg/tI","6fNIXEAGpFYp0tdzpmeL+W","20g1ukYUVPvKWKBRznAKo+@6c48a","20g1ukYUVPvKWKBRznAKo+@f9941","27emBo+hRBlZGLMgGpT2Nq","290K+mA1lLZID+onZFFQKQ","298YXDrDFCRqmIeeRH+kos","2cGreprpZMK4vBBufMr97X","2dMqpKN+NIEYbelPcJEH58","2d3i4AHEdFtYnHjfXKnS6H","2ebuxhn55K9JK56OyrPvE0","3atzm8jlNHL6Q4zi7+2qsg","3eoyOdMLhCAYGxlqSNY7lg","407W+Y+5xHGZQ2sVZrOi7+","43rbZ0fL1MfZFFFDCi1VkL","47YT4OUoFHn4IqkEzFul6X","48GiwXfHdKqrQwV733D0lp","495PCavRJKm7J2KlJl5usV","4b3PEJh41Fuo1ApLUeWWOt","4dAj0mzCdCz6EijelhD/iy","54TknWPwVPqJqeCR+Y/Czo@6c48a","54TknWPwVPqJqeCR+Y/Czo@f9941","54vNQCnHhEhJYxQvz9bsPG","549Uby3PxNnaqYUAEjkgRu","549Uby3PxNnaqYUAEjkgRu@f9941","56LV0gPXdMAaljNQYL8JeT","57p8364NZF6Y/H05xh0i8L","57ssin/ARKxZ++IJL3Jc4z","57s2dc1CRCs4G+XY5stMT2","58bFOJ9H5IDL/i7ZdEYEzt","58cKyHKiRNLLa4igwxD0tV","5cyijFIWtN8op9jldty38A","5d0EUHvwtHF4zNleOaNoxL","61K1EcRvxOM5oWtRMhHTNg","629lM9l+1FUL1gKwASVeFx","634KmM4uNExonihcj7Hf+u","6cxCeC04NC6ak8uqdyO3Jj","6eHbNNGQxF4JOfEZ9GHaHp","6egisPKshKboRcO4+da5BK","70Bi9gI3xJM7vsmYlz8D9J","71Vr9HNUJFy7+5G/orqV6M","72VH7FP+VPYpyN/j9ose8V","73Oo60AgRDzYzMobrkL17p","74IFWSLM1IIICgSYPrHjRq","75d9/ilhdLAY2pg/lRnGIY","75gvvlb2RJ4Ljw0ZcxS4MM","77sA/+/QlBPq48Fp4bZdpv","79+5ffijtNtZxvPkq7X/De","7a3WbbQB5GFLDs2Ij3IazL","7cakqJzOtAx5BOhsVyudon","7d4EeuPAdM8qSdOIMRqjLG","80A6y6al9JRZQngNDNO10w","80xbwH3u5Ixa7sRc7ZpwqI","8fYvFk7DpD/r7Qn2lTfJ3q","92TV9zMHNBUYnWqxQ8WrUV","92TV9zMHNBUYnWqxQ8WrUV@6c48a","92TV9zMHNBUYnWqxQ8WrUV@f9941","941759dyNBc6KpHmeILuAM","948SyN9WdBI6fDO1xtN+t8","95EkngnxZFbYuFpsqVTaFr","9edGCRrpRAtq/bkmWVqLiC","95plv+Vh1CiatKH/LIM0M6","95q9oeZKFNX6yZjI3IheCe@6c48a","95q9oeZKFNX6yZjI3IheCe@f9941","97pHpb7tJGPJ6dP5JdMMCx@6c48a","98I1/uB5pDdJMnwgONpxfs@6c48a","98I1/uB5pDdJMnwgONpxfs@f9941","994eUree5Moq3F8PmAwC7e","9b3pUQGMtNK4H60Q+qKm+J@f9941","9cyjC8UHhDGpwSpbAPE2kw@f9941","9eEDiy4ydJnYFS2YhWmmZ0@f9941","9eM0zBjahK040/PkbT4I7Z","9fINFxrCFED6ZJjjrLA4XU@f9941","9fXJmp72lKSbAse9DhdZ07@f9941","9f8V1cWyhMypGl8umQp7gG@f9941","9f8reFPkFLTIJntFARC9MH@f9941","a200ZQ5tJKPKie5EJheipq","a3VsqoqvBDI7ntOfVsbyRH@f9941","a30Dq01dpD4Ibemc6Z09Sg@f9941","a4l9CRakxCkJAivInKyLbW@f9941","a5s/0IA0FLyLrQ2o3eOkB1","a6l5c3BYRJz4uHAVeLLvvr@f9941","a65l8Gzb9P3qnhFcX5Jgp+","a7fLKtH69KAYXWEAaAdwjb","a9IFNLIttHeaAO2bmAt42l@f9941","a9JxUBTUBAPqr8x4jbnHMT@6c48a","a9JxUBTUBAPqr8x4jbnHMT@f9941","a9af2P7GlM4Zkqnp7xa6Rh@f9941","aaJVRfzrBBkpt5/q5kNwS8@6c48a","aaJVRfzrBBkpt5/q5kNwS8@f9941","abeFo19TlDa5hAYQWCywUe@6c48a","acUvCA1n9BdbsYzQwVgXBJ@f9941","ac01jFy5JBX726Oc1zi8Y/@6c48a","adlZ/RkUFEZpru0+HduXUC","ae90p8DkxHm4NwPcqOb7m8@f9941","b1O0stu6JLrrJUTw3P5KfT","b2+vVKjOBJH611c191a7Yl@f9941","b3ZSXRXsFIM7ME9EUoSWJS@6c48a","b3ZSXRXsFIM7ME9EUoSWJS@f9941","b4UcgoqZ1AjYJYuqBOyoSw@f9941","b5nSnnfNpNLLJxppFMqyRn@f9941","b5qVwmkEZJnq+euGQZ2yNf@f9941","b5+z2x24pGV45ArVC51JRb@f9941","b6KabL1zNAdZA7xUg4mBjt@6c48a","b6rBM8yoNAi6URMyUvnvpX","b9e3Ap0B5PhbBeG0qUwoED","baa47ySodAW57MKD4IwC/A","bbcVbcg+1Dmqr+23p0vS+D@6c48a","bbcVbcg+1Dmqr+23p0vS+D@f9941","bdhEQAoq9MO5x/b5eNiCtl@6c48a","bdhEQAoq9MO5x/b5eNiCtl@f9941","bdyjJW0dlEt731IjGKsl8C@f9941","bes74jTtZC/p4RWbxX0quH@6c48a","c1ooPpaEdAn4BPL2pBaYyK","c1wSOlcABGdYgGLAQ06Yl3@f9941","c17qvLL3FAiL/IL57Fz4YR","c2lHohbodFfaHZdyS28cEo@f9941","c2t6XKD39AIKlp1W437JaT@6c48a","c3fcrW2DlLd4lOyJmTtPbI@f9941","c3/HusDEZFHLCfKSJOalOX","c4UfPeYAhDdIRDYZ6Y+cTg@f9941","c5g44UOhRAYZbIolE3KMYb@f9941","c6UPZEwZJHy4mJ3QzmAkyu@f9941","c7FIN6tzVPkqmxafhUDltx@f9941","c8hv/9lm9Nk5lWM2NSCVLx@f9941","c8tknj4R5Ow5m/ky3SPVEg@6c48a","c87CjBUApBy4cAJdmJiT/N@f9941","caQsVyzPtLmZ2+srLEaPff@f9941","caZwbfsF1CrrpCAUqM8r6Q@f9941","cbAxCCLsJPvq8o5I1OIgtf@f9941","cbRJSNCJZHJIzU4/f8W+O0","cbWXRhmOlJh62MMxQKYjYX@f9941","cbhkUZBr5JWIoYxyxze43G@f9941","cblH2UhiJNcJVBmkTX97NV","cbm1nxteVL1Z9Nby8qCnUW@f9941","cbovjIQCJJi45SYd5mxCXG@6c48a","cbr2BnH2hMXaxC+XHvGbDf@f9941","ccBOv1BiJFj7xkePeJ9Klg@6c48a","ccBOv1BiJFj7xkePeJ9Klg@f9941","ccCZTmD9ZChIc/xY9bs6Qt@f9941","cdneYENY1EhY7grGaMiGRA","d1KEhGcotMX6qUcEfi480E","d1lLbd8gxLSomr+nJdwVmS@f9941","d2bjBGPANMjZPlZZHF3jLh","d3nFtWsRJOM4k6GQyyjR7G@6c48a","d3nFtWsRJOM4k6GQyyjR7G@f9941","d3s4La8+1F0JQ4LKdiOUR2@f9941","d37Kc1+udKe6qTOgAZggtE@f9941","d5roMzpTBAXahqpBqOukLk","d6zdCrJRhIlIscbpLxNONC@f9941","d7E+TpC51PEoyUZCIr5hcN@f9941","d7b3l40QtDWLQeaQwm3oCG@f9941","d9VgFRYXZE04FnkORRq7XQ","dbCVus8CNLcIs3UMV4J9Zp","dbqheAIThACa9Fd7Bunqd4@6c48a","dci4K6s0VPyo5AavdKXDZe@f9941","dcqgbzSaJMF4n0/sKaWJ87","deUdfdgVFFFoqjWvXe7CQu@f9941","e0NN7VUhRLgon4yOtsWCiV@f9941","e0lHrU1IlDIa3KGgFW9waZ@6c48a","e2oq+ln5NPaJNghtCcP9RK@6c48a","e2oq+ln5NPaJNghtCcP9RK@f9941","e3BJon96xFD7WCGxAT4phx@f9941","e4SeIHPYBFWqp9ZiA/+gAz","e5lwy75XhEDJQf6x2iqWdR@6c48a","e5lwy75XhEDJQf6x2iqWdR@f9941","e6sNDVqJ9IfI0tg0e7yix+@f9941","eaQSKtynJJH4IhVIC3SIWg@6c48a","edzlqJa8VJqqBa3vezH8od@f9941","eevG9V3SRF6p38uMXJo/xr","efUtlBjy9Bv4KLnETSOonw","efX4twhj5IiJ1HXx7ohQ4C@f9941","efgCOQCX9Fh5mcPMWrcH/4@f9941","ef9JxGr/pKrIb8sJv1Qyyq@6c48a","ef9JxGr/pKrIb8sJv1Qyyq@f9941","f0tPTfhM5Ip4zCFt6jzPwJ@f9941","f1LchJhnVHK7AzHMoBuwkU","f1gQidIpRL8benBHhN6aHJ@f9941","f2JvQeNltPeY3tWsBAD1Cd@f9941","f2N/zlU5VB+a2bAgmEjZfb@f9941","f3bNkOgyBOU6fM7VfuqQRR","f4NDIXyVRLAbww18kufnlh@6c48a","f6QwiUUu9I0Y7Ra1Pu4sPa","f6wrXPZ4tCMZkDzosYd8/K@f9941","f8L5eZBL1A4Ljq65UDiNJS@f9941","f9ct5S1VxIA7QkwOTZGqus","f9fawMd5FH/bUODrpyyZSU@f9941","fbFBGnJd5DkooEB5tiKhVL@6c48a","fbU7MOUZBNIp5wiA4B4SZA@f9941","fbVBgFO5NN264soAmpnaIY@f9941","fcTT0m5O5PXpZOEDxTMRUH","fcVrqB50pEyqcs5XhU6ltZ@f9941","fc2Yzx1ARFpYco14SGUK+3@f9941","fdUwDvM1VP8YVEvTVC5EB5@f9941","fdVOPHl91FpaBuciToVsag@f9941","95EkngnxZFbYuFpsqVTaFr@6c48a","95EkngnxZFbYuFpsqVTaFr@f9941","95q9oeZKFNX6yZjI3IheCe","97pHpb7tJGPJ6dP5JdMMCx","98I1/uB5pDdJMnwgONpxfs","9dRQS2Dg1PNJFqFccGPuFt","9e2I7rdvtCgr3T4tqOfix8","a1U2lzfRxGcqanlS9ydacu","a8mMBea2dI56bZZekEr7Q7","a9JxUBTUBAPqr8x4jbnHMT","aaJVRfzrBBkpt5/q5kNwS8","abeFo19TlDa5hAYQWCywUe","ac01jFy5JBX726Oc1zi8Y/","b3ZSXRXsFIM7ME9EUoSWJS","b6KabL1zNAdZA7xUg4mBjt","b7JwgvLHBJHrE4U4NBa0Dq","bbcVbcg+1Dmqr+23p0vS+D","bdhEQAoq9MO5x/b5eNiCtl","bes74jTtZC/p4RWbxX0quH","c0/JMWkoVAGKWxAAJzXDHc","c2t6XKD39AIKlp1W437JaT","c24q0xyKZLm6Prcnwy0F36","c3pVSRm7tLjaToynaeDvaZ","c7PXQEODpNar+F6Fsq/fwC","c8tknj4R5Ow5m/ky3SPVEg","cbovjIQCJJi45SYd5mxCXG","ccBOv1BiJFj7xkePeJ9Klg","d3hkNIpP1HoI5j6UJ1YyCq","d3nFtWsRJOM4k6GQyyjR7G","d97jVyN4REjauz/WZWWvdK","dbqheAIThACa9Fd7Bunqd4","e0lHrU1IlDIa3KGgFW9waZ","e2oq+ln5NPaJNghtCcP9RK","e5lwy75XhEDJQf6x2iqWdR","e7jNn1Kk1CHrrJg4mqjq0T","e9B6/ZnhRLHIzxOhI7UImk","eaQSKtynJJH4IhVIC3SIWg","ee7jwfxfNGa5ylwDaE89ul","ef9JxGr/pKrIb8sJv1Qyyq","f1FPL5xHBB2Yri93knsl5y","f4NDIXyVRLAbww18kufnlh","f4hPVQaVREAY1cVNExM0kL","f5FbxlrnJIWrDtj/oTafi8","fbFBGnJd5DkooEB5tiKhVL","fd5Sblu2NMi6ImVo1ZQErH"],"paths":{"0":["img/icon_longhu_zhongjiang_new/spriteFrame",2,1],"2":["car/djs5_2",4,1],"4":["poker/poker_num_b3/spriteFrame",2,1],"11":["chips/shuzi_longhu_cm_lan_0/spriteFrame",2,1],"12":["car/zhongjiang_he/texture",1,1],"13":["prefabs/prefabs_dragonTiger_dragon",9,1],"14":["car/zhongjiang_he",0,1],"17":["poker/poker_num_b2/spriteFrame",2,1],"23":["prefabs/prefabs_dragonTiger_win",9,1],"29":["prefabs/prefabs_dragonTiger_ulang",9,1],"31":["font/num_orangeBet",8,1],"32":["font/num_redBet_0/texture",1,1],"33":["font/num_redBet_0/spriteFrame",2,1],"34":["car/draw",4,1],"39":["img/zi_viptishi/spriteFrame",2,1],"42":["car/djs5_02/texture",1,1],"43":["font/shuzi_longhu_cm_cheng",8,1],"44":["prefabs/prefabs_dragonTiger_seri",9,1],"45":["img_dragonTiger_bg/texture",1,1],"46":["img_dragonTiger_bg/spriteFrame",2,1],"47":["car/animation_up",6,1],"48":["car/animation_users6",6,1],"49":["font/num_lose_0/texture",1,1],"50":["font/num_lose_0/spriteFrame",2,1],"51":["poker/poker_flower_s3/spriteFrame",2,1],"52":["car/djs5_02",0,1],"53":["font/num_redBet_0",0,1],"54":["car/djs5_5",4,1],"56":["img_dragonTiger_bg",0,1],"57":["car/long",4,1],"63":["poker/poker_num_r10/spriteFrame",2,1],"64":["img/btn_ulang_11/spriteFrame",2,1],"65":["car/tuoweixingxing/texture",1,1],"66":["car/tuoweixingxing/spriteFrame",2,1],"67":["car/animation_users8",6,1],"68":["poker/poker_flower_3/spriteFrame",2,1],"69":["car/animation_users3",6,1],"70":["img/img_set_off/spriteFrame",2,1],"71":["chips/shuzi_longhu_cm_hong_0/spriteFrame",2,1],"72":["font/shuzi_longhu_jiesuan_ying_0/texture",1,1],"73":["font/shuzi_longhu_jiesuan_ying_0/spriteFrame",2,1],"74":["car/animation_users9",6,1],"75":["car/dragonTiger/VS6/texture",1,1],"76":["font/shuzi_longhu_cm_hong",8,1],"77":["car/animation_ulang",6,1],"78":["chips/shuzi_longhu_cm_zi",8,1],"79":["poker/poker_1/spriteFrame",2,1],"80":["chips/chip_1/spriteFrame",2,1],"81":["font/shuzi_longhu_cm_shenlan_0/texture",1,1],"82":["font/shuzi_longhu_cm_shenlan_0/spriteFrame",2,1],"83":["car/animation_card",6,1],"84":["img/pai_longhu_xiao_shu_3/spriteFrame",2,1],"85":["car/djs5_5/texture",1,1],"86":["img/img_player_loseBg/spriteFrame",2,1],"87":["img/icon_longhu_xiazhu_xingxing/spriteFrame",2,1],"88":["img/guangquan_ying/spriteFrame",2,1],"89":["car/tiger_win",5,1],"90":["poker/poker_flower_b11/spriteFrame",2,1],"91":["prefabs/prefabs_dragonTiger_sendCard",9,1],"92":["car/animation_cardFlyR",6,1],"93":["poker/poker_0/spriteFrame",2,1],"94":["img/img_history_blue/spriteFrame",2,1],"95":["prefabs/prefabs_dragonTiger_card",9,1],"96":["rule/bg_longhu_tanchuang_guize/spriteFrame",2,1],"97":["img/btn_off/spriteFrame",2,1],"98":["car/djs5_42/texture",1,1],"99":["car/zhongjiang_hu",5,1],"100":["car/animation_users5",6,1],"101":["img/img_history_girds/spriteFrame",2,1],"102":["font/num_lose_0",0,1],"105":["poker/poker_num_b4/spriteFrame",2,1],"107":["chips/auto_chip",7,1],"108":["img/img_dragonTiger_online/spriteFrame",2,1],"109":["chips/chip_2/spriteFrame",2,1],"110":["car/xingxingicon_guangquan",5,1],"111":["car/djs5_32/texture",1,1],"112":["font/shuzi_longhu_jiesuan_ying",8,1],"113":["car/huo/texture",1,1],"114":["font/num_darkBlueBet",8,1],"115":["chips/shuzi_longhu_cm_cheng_0/spriteFrame",2,1],"116":["img/btn_longhu_topup/spriteFrame",2,1],"117":["car/dragonTiger/VS4/texture",1,1],"118":["car/djs5_52/texture",1,1],"119":["font/shuzi_longhu_cm_hong_0/texture",1,1],"120":["font/shuzi_longhu_cm_hong_0/spriteFrame",2,1],"121":["poker/poker_flower_s2/spriteFrame",2,1],"122":["img/img_set_bg/spriteFrame",2,1],"124":["car/dragon_win",4,1],"125":["car/xingxingicon_guangquan",4,1],"127":["bg_common_loading/texture",1,1],"128":["bg_common_loading/spriteFrame",2,1],"129":["img/btn_title_menu/spriteFrame",2,1],"130":["poker/poker_num_r8/spriteFrame",2,1],"131":["img/btn_ulang_6/spriteFrame",2,1],"132":["car/djs10_6",5,1],"133":["prefabs/dragonTiger_loaderPanel",9,1],"134":["font/shuzi_longhu_jiesuan_shu",8,1],"135":["img/icon_dt_loading_1/spriteFrame",2,1],"137":["car/djs5_32",0,1],"138":["car/huo",0,1],"139":["bg_common_loading",0,1],"143":["poker/poker_flower_2/spriteFrame",2,1],"144":["img/img_dragonTiger_myGold/spriteFrame",2,1],"145":["img/right/spriteFrame",2,1],"147":["car/dragonTiger/VS4",0,1],"149":["img/icon_dt_loading_0/spriteFrame",2,1],"151":["car/djs5_52",0,1],"152":["font/shuzi_longhu_cm_hong_0",0,1],"153":["car/djs5_2",5,1],"156":["chips/shuzi_longhu_cm_shenlan",8,1],"158":["poker/auto_poker",7,1],"159":["rule/auto_rule",7,1],"160":["img/icon_longhu_suo/spriteFrame",2,1],"161":["img/btn_ulang_10/spriteFrame",2,1],"162":["chips/shuzi_longhu_cm_zi_0/spriteFrame",2,1],"163":["font/num_orangeBet_0/texture",1,1],"164":["font/num_orangeBet_0/spriteFrame",2,1],"165":["font/shuzi_longhu_cm_zi_0/texture",1,1],"166":["font/shuzi_longhu_cm_zi_0/spriteFrame",2,1],"167":["poker/poker_flower_b13/spriteFrame",2,1],"168":["poker/poker_num_b9/spriteFrame",2,1],"169":["prefabs/prefabs_dragonTiger_begin",9,1],"170":["img/img_lose_bg/texture",1,1],"171":["img/img_lose_bg/spriteFrame",2,1],"172":["img/pai_longhu_xiao_heng_1/spriteFrame",2,1],"173":["prefabs/prefabs_dragonTiger_rule",9,1],"174":["img/pai_longhu_xiao_shu_1/spriteFrame",2,1],"175":["car/animation_cardFly",6,1],"176":["car/stop_bet",5,1],"177":["img/btn_ulang_8/spriteFrame",2,1],"178":["font/shuzi_longhu_cm_wu",8,1],"179":["img/img_dragonTiger_seri/spriteFrame",2,1],"180":["chips/chip_4/spriteFrame",2,1],"181":["car/animation_win_left",6,1],"182":["img/img_set_on/spriteFrame",2,1],"183":["img/btn_ulang_2/spriteFrame",2,1],"184":["car/zhongjiang_he",5,1],"185":["car/VS/texture",1,1],"186":["car/animation_chips",6,1],"187":["poker/poker_flower_4/spriteFrame",2,1],"188":["img/word_lose/spriteFrame",2,1],"189":["font/shuzi_longhu_cm_shenlan",8,1],"190":["chips/shuzi_longhu_cm_shenlan_0/spriteFrame",2,1],"191":["img/word_win/spriteFrame",2,1],"192":["font/font_dragonTiger_mundurNum_0/texture",1,1],"193":["font/font_dragonTiger_mundurNum_0/spriteFrame",2,1],"194":["chips/chip_5/spriteFrame",2,1],"195":["chips/chip_0/spriteFrame",2,1],"196":["poker/poker_num_r7/spriteFrame",2,1],"197":["font/num_blackBet",8,1],"198":["font/num_darkBlueBet_0/texture",1,1],"199":["font/num_darkBlueBet_0/spriteFrame",2,1],"200":["prefabs/prefabs_dragonTiger_down",9,1],"201":["prefabs/prefabs_dragonTiger_tiger",9,1],"202":["img/img_history_dragon/spriteFrame",2,1],"203":["img/btn_ulang_1/spriteFrame",2,1],"204":["car/xiazhu_xuanzhong/texture",1,1],"205":["poker/poker_num_b1/spriteFrame",2,1],"206":["chips/shuzi_longhu_cm_lv_0/spriteFrame",2,1],"207":["car/djs5_4/texture",1,1],"208":["rule/bg_longhu_daojubox_daojuban/spriteFrame",2,1],"209":["prefabs/prefabs_dragonTiger_historyWin",9,1],"210":["poker/poker_num_r5/spriteFrame",2,1],"211":["poker/poker_num_b6/spriteFrame",2,1],"212":["img/word_vip/spriteFrame",2,1],"213":["font/shuzi_longhu_cm_lv",8,1],"214":["car/animation_onlines",6,1],"215":["car/draw/texture",1,1],"216":["font/shuzi_longhu_cm_zi",8,1],"217":["poker/poker_num_b7/spriteFrame",2,1],"218":["poker/poker_flower_r12/spriteFrame",2,1],"219":["font/shuzi_longhu_cm_lan_0/spriteFrame",2,1],"220":["car/djs5_2/texture",1,1],"221":["car/long/texture",1,1],"222":["prefabs/prefabs_dragonTiger_main_game",9,1],"223":["img/bg_touxiangbox_me/spriteFrame",2,1],"224":["car/animation_users11",6,1],"225":["car/dragonTiger/VS5/texture",1,1],"226":["img/bg_touxiangbox_2/spriteFrame",2,1],"227":["car/animation_users2",6,1],"228":["font/num_purpleBet",8,1],"229":["img/img_dragonTiger_myBet/spriteFrame",2,1],"230":["img/btn_ulang_9/spriteFrame",2,1],"231":["car/djs5_0/texture",1,1],"232":["img/pai_longhu_xiao_shu_2/spriteFrame",2,1],"233":["car/stop_bet/texture",1,1],"234":["car/djs5_4",0,1],"235":["car/djs5_1",4,1],"237":["car/xingxingicon_guangquan/texture",1,1],"238":["font/shuzi_longhu_cm_lan_0/texture",1,1],"239":["poker/poker_num_r13/spriteFrame",2,1],"240":["img/transparent/spriteFrame",2,1],"241":["car/VS",5,1],"242":["poker/poker_num_b11/spriteFrame",2,1],"243":["car/huo",5,1],"244":["font/num_lose",8,1],"247":["chips/shuzi_longhu_cm_lv",8,1],"248":["font/num_orangeBet_0",0,1],"249":["font/shuzi_longhu_cm_zi_0",0,1],"250":["chips/shuzi_longhu_cm_hong",8,1],"251":["car/zhongjiang_long",4,1],"252":["img/img_lose_bg",0,1],"254":["car/xiazhu_xuanzhong",4,1],"255":["car/VS",0,1],"256":["car/djs5_3",4,1],"257":["font/font_dragonTiger_mundurNum_0",0,1],"258":["font/num_darkBlueBet_0",0,1],"259":["chips/shuzi_longhu_cm_wu",8,1],"260":["sound/get_coin",10,1],"261":["sound/voice_chip",10,1],"262":["car/xiazhu_xuanzhong",0,1],"265":["car/djs5_0",4,1],"266":["car/draw",0,1],"267":["car/draw/spriteFrame",2,1],"268":["sound/win",10,1],"269":["car/zhongjiang_hu",4,1],"270":["car/xingxingicon_guangquan",0,1],"271":["font/shuzi_longhu_cm_lan_0",0,1],"272":["car/djs5_2",0,1],"273":["car/long",0,1],"274":["car/djs5_3",5,1],"275":["car/dragonTiger/VS",5,1],"276":["car/dragonTiger/VS5",0,1],"277":["sound/btn_click",10,1],"278":["sound/dragon_card",10,1],"279":["sound/ani_tigger_dragon",10,1],"280":["car/djs5_0",0,1],"281":["car/stop_bet",0,1],"282":["prefabs/prefabs_dragonTiger_stop",9,1],"283":["car/djs5_1",5,1],"284":["car/tuoweixingxing",0,1],"285":["sound/tigger_card",10,1],"287":["font/shuzi_longhu_jiesuan_ying_0",0,1],"289":["car/dragonTiger/VS6",0,1],"290":["sound/main_bgm",10,1],"291":["car/huo",4,1],"292":["font/shuzi_longhu_cm_shenlan_0",0,1],"293":["car/VS",4,1],"294":["car/djs5_5",0,1],"296":["car/djs5_42",0,1],"300":["prefabs/prefabs_dragonTiger_title",9,1],"301":["prefabs/prefabs_dragonTiger_loading",9,1],"303":["img/auto_dragonTiger",7,1],"304":["car/animation_win_right",6,1],"305":["font/shuzi_longhu_cm_wu_0/texture",1,1],"306":["font/shuzi_longhu_cm_wu_0/spriteFrame",2,1],"307":["car/djs5_22/texture",1,1],"308":["img/img_win_bg/texture",1,1],"309":["img/img_win_bg/spriteFrame",2,1],"310":["font/shuzi_longhu_cm_lan",8,1],"311":["poker/poker_flower_b12/spriteFrame",2,1],"312":["poker/poker_num_b13/spriteFrame",2,1],"313":["img/img_history_yellow/spriteFrame",2,1],"314":["prefabs/prefabs_dragonTiger_chip",9,1],"315":["img/btn_title_set/spriteFrame",2,1],"316":["img/btn_ulang_7/spriteFrame",2,1],"317":["rule/btn_common_close/spriteFrame",2,1],"318":["img/img_history_seri/spriteFrame",2,1],"319":["font/num_redBet",8,1],"320":["poker/poker_num_b10/spriteFrame",2,1],"321":["img/btn_ulang_3/spriteFrame",2,1],"322":["poker/poker_flower_s4/spriteFrame",2,1],"323":["prefabs/props_dragonTiger_pokerLeft",9,1],"324":["poker/poker_flower_1/spriteFrame",2,1],"325":["car/Chip",3,1],"326":["car/zhongjiang_long",5,1],"327":["img/pai_longhu_xiao_heng_3/spriteFrame",2,1],"328":["font/num_purpleBet_0/texture",1,1],"329":["font/num_purpleBet_0/spriteFrame",2,1],"330":["poker/poker_flower_r11/spriteFrame",2,1],"331":["font/num_greenBet_0/texture",1,1],"332":["font/num_greenBet_0/spriteFrame",2,1],"333":["car/dragonTiger/VS3/texture",1,1],"334":["img/btn_common_close/spriteFrame",2,1],"335":["car/tiger_win/texture",1,1],"336":["car/animation_card1",6,1],"337":["poker/poker_num_r11/spriteFrame",2,1],"338":["car/animation_title",6,1],"339":["poker/poker_flower_r13/spriteFrame",2,1],"340":["img/img_history_bg/texture",1,1],"341":["img/img_history_bg/spriteFrame",2,1],"342":["poker/poker_num_r4/spriteFrame",2,1],"343":["img/btn_title_help/spriteFrame",2,1],"344":["img/pai_longhu_xiao_heng_2/spriteFrame",2,1],"345":["poker/poker_num_r1/spriteFrame",2,1],"346":["car/djs5_3/texture",1,1],"347":["prefabs/props_dragonTiger_pokerRight",9,1],"348":["car/dragon_win",5,1],"349":["font/num_blueBet",8,1],"350":["font/num_blackBet_0/texture",1,1],"351":["font/num_blackBet_0/spriteFrame",2,1],"352":["img/img_dragonTiger_down/texture",1,1],"353":["img/img_dragonTiger_down/spriteFrame",2,1],"354":["img/word_remind2/spriteFrame",2,1],"355":["car/djs5_1/texture",1,1],"356":["chips/shuzi_longhu_cm_cheng",8,1],"357":["img/icon_longhu_jiesuan_huangguan_ying/spriteFrame",2,1],"358":["car/xiazhu_xuanzhong",5,1],"359":["img/img_win_title/spriteFrame",2,1],"360":["car/djs5_12/texture",1,1],"361":["img/img_history_tiger/spriteFrame",2,1],"362":["car/long",5,1],"363":["img/img_chips_bg/spriteFrame",2,1],"364":["img/img_lose_title/spriteFrame",2,1],"365":["chips/chip_6/spriteFrame",2,1],"366":["img/img_player_winBg/spriteFrame",2,1],"367":["img/img_dragonTiger_tiger/spriteFrame",2,1],"368":["car/dragonTiger/VS2/texture",1,1],"369":["chips/chip_3/spriteFrame",2,1],"370":["poker/poker_num_r12/spriteFrame",2,1],"371":["chips/shuzi_longhu_cm_wu_0/spriteFrame",2,1],"372":["img/vs1/spriteFrame",2,1],"373":["prefabs/prefabs_dragonTiger_history",9,1],"374":["poker/poker_num_b8/spriteFrame",2,1],"375":["img/bg_xiazhutishi/spriteFrame",2,1],"376":["car/start_bet",5,1],"377":["poker/poker_num_b5/spriteFrame",2,1],"378":["car/dragon_win/texture",1,1],"379":["img/img_chips_frontBg/spriteFrame",2,1],"380":["font/shuzi_longhu_cm_lv_0/texture",1,1],"381":["font/shuzi_longhu_cm_lv_0/spriteFrame",2,1],"382":["img/img_dragonTiger_dragon/spriteFrame",2,1],"383":["font/num_greenBet",8,1],"384":["chips/shuzi_longhu_cm_lan",8,1],"385":["img/head1/spriteFrame",2,1],"386":["car/animation_win",6,1],"387":["font/num_blueBet_0/texture",1,1],"388":["font/num_blueBet_0/spriteFrame",2,1],"389":["img/bg_touxiangbox_qita/spriteFrame",2,1],"390":["poker/poker_num_r9/spriteFrame",2,1],"391":["car/animation_users10",6,1],"392":["img/btn_ulang_4/spriteFrame",2,1],"393":["rule/btn_longhu_tanchuang_xuanzhongkuang/spriteFrame",2,1],"394":["img/img_user_bg/spriteFrame",2,1],"395":["car/animation_users1",6,1],"396":["car/draw",5,1],"397":["car/dragonTiger/VS/texture",1,1],"398":["poker/poker_num_r2/spriteFrame",2,1],"399":["prefabs/prefabs_dragonTiger_users",9,1],"400":["img/bg_touxiangbox_1/spriteFrame",2,1],"401":["img/bg_remind_box/spriteFrame",2,1],"402":["car/zhongjiang_hu/texture",1,1],"403":["font/shuzi_longhu_cm_cheng_0/texture",1,1],"404":["font/shuzi_longhu_cm_cheng_0/spriteFrame",2,1],"405":["rule/btn_longhu_tanchuang_weixuankuang/spriteFrame",2,1],"406":["prefabs/prefabs_dragonTiger_dragonTiger",9,1],"407":["img/img_dragonTiger_gameBg/texture",1,1],"408":["img/img_dragonTiger_gameBg/spriteFrame",2,1],"409":["img/word_gold/spriteFrame",2,1],"410":["car/start_bet/texture",1,1],"411":["img/btn_dragonTiger_history/spriteFrame",2,1],"412":["car/animation_users7",6,1],"413":["car/animation_users4",6,1],"414":["img/img_history_barBg/spriteFrame",2,1],"415":["img/bg_touxiangdi/spriteFrame",2,1],"416":["font/shuzi_longhu_jiesuan_shu_0/texture",1,1],"417":["font/shuzi_longhu_jiesuan_shu_0/spriteFrame",2,1],"418":["img/zi_Saldo/spriteFrame",2,1],"419":["car/djs5_5",5,1],"420":["poker/poker_num_r3/spriteFrame",2,1],"421":["img/word_battle/spriteFrame",2,1],"422":["poker/poker_flower_s1/spriteFrame",2,1],"423":["prefabs/prefabs_dragonTiger_user",9,1],"424":["car/zhongjiang_long/texture",1,1],"425":["car/animation_users",6,1],"426":["img/left/spriteFrame",2,1],"427":["img/btn_ulang_12/spriteFrame",2,1],"428":["font/font_dragonTiger_mundurNum",8,1],"429":["img/word_remind/spriteFrame",2,1],"430":["car/djs10_6/texture",1,1],"431":["img/img_history_line/spriteFrame",2,1],"432":["poker/poker_num_b12/spriteFrame",2,1],"433":["prefabs/prefabs_dragonTiger_lose",9,1],"434":["img/btn_user_addGold/spriteFrame",2,1],"435":["img/btn_ulang_5/spriteFrame",2,1],"436":["img/btn_title_return/spriteFrame",2,1],"437":["poker/poker_num_r6/spriteFrame",2,1],"440":["font/shuzi_longhu_cm_wu_0",0,1],"441":["car/djs5_22",0,1],"442":["img/img_win_bg",0,1],"443":["car/djs10_6",4,1],"444":["car/start_bet",4,1],"445":["car/djs5_0",5,1],"446":["prefabs/prefabs_dragonTiger_poker",9,1],"447":["font/num_purpleBet_0",0,1],"448":["font/num_greenBet_0",0,1],"449":["car/dragonTiger/VS3",0,1],"450":["car/tiger_win",0,1],"451":["img/img_history_bg",0,1],"452":["car/djs5_3",0,1],"453":["sound/time_out",10,1],"454":["font/num_blackBet_0",0,1],"455":["img/img_dragonTiger_down",0,1],"456":["car/djs5_1",0,1],"457":["car/stop_bet",4,1],"458":["car/djs5_12",0,1],"459":["car/djs5_4",5,1],"460":["sound/turn_card",10,1],"461":["car/dragonTiger/VS",4,1],"462":["car/dragonTiger/VS2",0,1],"463":["car/dragon_win",0,1],"464":["font/shuzi_longhu_cm_lv_0",0,1],"465":["prefabs/prefabs_dragonTiger_onlines",9,1],"466":["font/num_blueBet_0",0,1],"467":["car/djs5_4",4,1],"468":["car/dragonTiger/VS",0,1],"469":["car/zhongjiang_hu",0,1],"470":["font/shuzi_longhu_cm_cheng_0",0,1],"471":["img/img_dragonTiger_gameBg",0,1],"472":["car/zhongjiang_he",4,1],"474":["car/start_bet",0,1],"475":["car/tiger_win",4,1],"476":["font/shuzi_longhu_jiesuan_shu_0",0,1],"477":["sound/defeat",10,1],"478":["car/zhongjiang_long",0,1],"479":["sound/chip",10,1],"481":["car/djs10_6",0,1],"482":["prefabs/prefabs_dragonTiger_set",9,1]},"scenes":{},"packs":{"011894029":[171,433],"015cd875f":[107,200,78,356,358,384],"02081a137":[201,89,99],"022da2096":[31,164],"02302443f":[169,376],"0258e6ff0":[50,244],"028f7d7ea":[213,381],"02a6c9c89":[4,17,51,105,130,121,143,167,168,158,187,196,205,210,211,217,218,239,242,63,68,79,90,93,311,312,320,322,324,330,337,339,342,345,370,374,377,390,398,420,422,432,437],"03920e32a":[134,417],"03a96a5e3":[209,341],"04f2f0718":[42,32,45,49,141,146,117,150,118,119,155,170,185,204,207,231,233,81,98,111,127,163,165,192,215,237,238,75,305,307,113,12,263,220,225,298,221,72,85,123,245,198,65,308,438,136,328,331,333,335,346,340,350,352,355,360,368,378,380,387,397,403,402,407,410,416,424,430],"0532a2b00":[349,388],"065a2ce96":[189,82],"0665285d9":[13,303,326,348],"068dea955":[197,351],"07c799992":[219,310],"07edee756":[33,319],"083754630":[228,329],"08577ea41":[46,132,176,158,193,222,241,243,91,95,323,347,353,362,373,406,408,419,423,428],"087024212":[114,199],"08bb0ebf6":[39,108,129,135,149,161,177,183,203,226,230,64,84,94,97,313,303,315,316,321,327,334,343,357,359,363,364,375,385,389,392,394,409,411,414,415,418,427,435,436],"09594216f":[11,109,115,107,162,180,190,194,195,206,71,80,365,369,371],"09a12d2e1":[23,112,73,309],"0a0bfd700":[166,216],"0a96aba40":[0,131,144,160,172,174,188,191,202,223,240,229,232,87,88,101,303,318,344,354,361,372,400,431,434],"0aed8c470":[110,399],"0af100974":[208,159,96,317,393,405],"0beeb02c1":[246,173,264,159,439],"0c598ccf0":[116,122,145,179,182,212,70,86,303,366,367,379,382,401,421,426,429],"0c915886b":[178,306],"0cc17daa7":[120,76],"0d56fb546":[66,314,325,332,383],"0d98751d0":[43,404],"0eae21c18":[44,184,396],"0f674e64c":[128,133,299,480]},"versions":{"import":[],"native":[]},"redirect":[],"debug":false,"extensionMap":{".ccon":[100,175,181,186,214,224,227,253,286,288,295,304,336,338,386,391,395,412,413,425,47,473,48,67,69,74,77,83,92]},"hasPreloadScript":true,"dependencyRelationships":{},"types":["cc.ImageAsset","cc.Texture2D","cc.SpriteFrame","cc.ParticleAsset","cc.Asset","sp.SkeletonData","cc.AnimationClip","cc.SpriteAtlas","cc.BitmapFont","cc.Prefab","cc.AudioClip"]}