[1,["0aa/xu+I9F5I1o7Ae1fZT4@6c48a"],0,[["sp.SkeletonData",["_name","_atlasText","textureNames","_skeletonJson","textures"],-1,3]],[[0,0,1,2,3,4,5]],[[0,"baicai","\r\nbaicai.png\r\nsize: 256,256\r\nformat: RGBA8888\r\nfilter: Linear,Linear\r\nrepeat: none\r\nw3\r\n  rotate: false\r\n  xy: 2, 2\r\n  size: 170, 170\r\n  orig: 170, 170\r\n  offset: 0, 0\r\n  index: -1\r\n",["baicai.png"],{"skeleton":{"hash":"pKpwNC/W4t+t2gCG83UZRJ7kx10","spine":"3.6.53","width":170,"height":170,"images":"H:/PS/111/yuanbao/texture/"},"bones":[{"name":"root"},{"name":"all","parent":"root"},{"name":"baopeng","parent":"all"},{"name":"wx3","parent":"baopeng","x":0.48,"y":-0.69},{"name":"wx4","parent":"baopeng","x":0.48,"y":-0.69}],"slots":[{"name":"wx3","bone":"wx3","attachment":"w3"},{"name":"wx4","bone":"wx4","attachment":"w3","blend":"additive"}],"skins":{"default":{"wx3":{"w3":{"x":-0.48,"y":0.69,"width":170,"height":170}},"wx4":{"w3":{"x":-0.48,"y":0.69,"width":170,"height":170}}}},"animations":{"dynamic":{"slots":{"wx3":{"attachment":[{"time":0,"name":"w3"}]},"wx4":{"color":[{"time":0,"color":"ffffff00","curve":[0.25,0,0.75,1]},{"time":0.3333,"color":"ffffffff","curve":[0.25,0,0.75,1]},{"time":0.8333,"color":"ffffff00","curve":"stepped"},{"time":1.2333,"color":"ffffff00","curve":[0.25,0,0.75,1]},{"time":1.5,"color":"ffffffff","curve":[0.25,0,0.75,1]},{"time":2.2,"color":"ffffff00"}],"attachment":[{"time":0,"name":"w3"}]}},"bones":{"wx4":{"rotate":[{"time":2.2,"angle":2.87}],"scale":[{"time":0,"x":1,"y":1,"curve":"stepped"},{"time":0.3333,"x":1,"y":1,"curve":[0.25,0,0.75,1]},{"time":0.9667,"x":1.14,"y":1.14,"curve":[0.25,0,0.75,1]},{"time":1,"x":1,"y":1,"curve":[0.25,0,0.75,1]},{"time":2.2,"x":1.192,"y":1.192}]},"all":{"rotate":[{"time":0,"angle":0,"curve":[0.25,0,0.75,1]},{"time":0.5,"angle":-5.23,"curve":[0.25,0,0.625,0.5]},{"time":0.6667,"angle":10.63,"curve":[0.375,0.5,0.75,1]},{"time":0.8333,"angle":-7.14,"curve":[0.276,0,0.621,0.4]},{"time":1,"angle":7.6,"curve":[0.333,0.33,0.758,1]},{"time":1.1667,"angle":3.7,"curve":[0.25,0,0.75,1]},{"time":1.8333,"angle":0}],"translate":[{"time":0,"x":0,"y":0,"curve":"stepped"},{"time":0.3333,"x":0,"y":0,"curve":[0.25,0,0.75,1]},{"time":1,"x":0,"y":11.5,"curve":[0.25,0,0.75,1]},{"time":1.1667,"x":0,"y":0,"curve":[0.25,0,0.75,1]},{"time":1.3333,"x":0,"y":4.47,"curve":[0.25,0,0.75,1]},{"time":1.5,"x":0,"y":0}]}}},"static":{"slots":{"wx3":{"attachment":[{"time":0,"name":"w3"}]},"wx4":{"color":[{"time":0,"color":"ffffff00"}],"attachment":[{"time":0,"name":"w3"}]}},"bones":{"wx4":{"scale":[{"time":0,"x":1,"y":1}]},"all":{"rotate":[{"time":0,"angle":0}],"translate":[{"time":0,"x":0,"y":0}]}}}}},[0]]],0,0,[0],[-1],[0]]
