[1,["ca9uDUiKpMuqOFkiNLwB4t@6c48a"],["_textureSource"],["cc.SpriteFrame","cc.SpriteAtlas"],0,[[[{"name":"jinengguangxiao","spriteFrames":["jineng_1","b5KQ8ehqFCNo9Ww76/jvCD@1a63f","jineng_2","b5KQ8ehqFCNo9Ww76/jvCD@427fa","jineng_3","b5KQ8ehqFCNo9Ww76/jvCD@4113b","jineng_4","b5KQ8ehqFCNo9Ww76/jvCD@4f15f","jineng_5","b5KQ8ehqFCNo9Ww76/jvCD@7ca66","jineng_6","b5KQ8ehqFCNo9Ww76/jvCD@61154","jineng_7","b5KQ8ehqFCNo9Ww76/jvCD@edbf4","jineng_8","b5KQ8ehqFCNo9Ww76/jvCD@e1157","jineng_9","b5KQ8ehqFCNo9Ww76/jvCD@d412d","jineng_10","b5KQ8ehqFCNo9Ww76/jvCD@54a3f"]}],[1],0,[],[],[]],[[{"name":"jineng_1","rect":{"x":602,"y":2,"width":198,"height":178},"offset":{"x":-9,"y":-10},"originalSize":{"width":220,"height":220},"rotated":false,"capInsets":[0,0,0,0],"vertices":{"rawPosition":[],"indexes":[],"uv":[],"nuv":[],"minPos":{"x":0,"y":0,"z":0},"maxPos":{"x":0,"y":0,"z":0}},"packable":true,"pixelsToUnit":100,"pivot":{"x":0.5,"y":0.5},"meshType":0}],[0],0,[0],[0],[0]],[[{"name":"jineng_3","rect":{"x":202,"y":190,"width":196,"height":180},"offset":{"x":-10,"y":-10},"originalSize":{"width":220,"height":220},"rotated":false,"capInsets":[0,0,0,0],"vertices":{"rawPosition":[],"indexes":[],"uv":[],"nuv":[],"minPos":{"x":0,"y":0,"z":0},"maxPos":{"x":0,"y":0,"z":0}},"packable":true,"pixelsToUnit":100,"pivot":{"x":0.5,"y":0.5},"meshType":0}],[0],0,[0],[0],[0]],[[{"name":"jineng_2","rect":{"x":400,"y":190,"width":196,"height":180},"offset":{"x":-12,"y":-10},"originalSize":{"width":220,"height":220},"rotated":false,"capInsets":[0,0,0,0],"vertices":{"rawPosition":[],"indexes":[],"uv":[],"nuv":[],"minPos":{"x":0,"y":0,"z":0},"maxPos":{"x":0,"y":0,"z":0}},"packable":true,"pixelsToUnit":100,"pivot":{"x":0.5,"y":0.5},"meshType":0}],[0],0,[0],[0],[0]],[[{"name":"jineng_4","rect":{"x":784,"y":188,"width":192,"height":178},"offset":{"x":-5,"y":-11},"originalSize":{"width":220,"height":220},"rotated":false,"capInsets":[0,0,0,0],"vertices":{"rawPosition":[],"indexes":[],"uv":[],"nuv":[],"minPos":{"x":0,"y":0,"z":0},"maxPos":{"x":0,"y":0,"z":0}},"packable":true,"pixelsToUnit":100,"pivot":{"x":0.5,"y":0.5},"meshType":0}],[0],0,[0],[0],[0]],[[{"name":"jineng_10","rect":{"x":802,"y":2,"width":184,"height":176},"offset":{"x":1,"y":-7},"originalSize":{"width":220,"height":220},"rotated":true,"capInsets":[0,0,0,0],"vertices":{"rawPosition":[],"indexes":[],"uv":[],"nuv":[],"minPos":{"x":0,"y":0,"z":0},"maxPos":{"x":0,"y":0,"z":0}},"packable":true,"pixelsToUnit":100,"pivot":{"x":0.5,"y":0.5},"meshType":0}],[0],0,[0],[0],[0]],[[{"name":"jineng_6","rect":{"x":2,"y":2,"width":198,"height":190},"offset":{"x":10,"y":-5},"originalSize":{"width":220,"height":220},"rotated":false,"capInsets":[0,0,0,0],"vertices":{"rawPosition":[],"indexes":[],"uv":[],"nuv":[],"minPos":{"x":0,"y":0,"z":0},"maxPos":{"x":0,"y":0,"z":0}},"packable":true,"pixelsToUnit":100,"pivot":{"x":0.5,"y":0.5},"meshType":0}],[0],0,[0],[0],[0]],[[{"name":"jineng_5","rect":{"x":2,"y":194,"width":196,"height":176},"offset":{"x":7,"y":-12},"originalSize":{"width":220,"height":220},"rotated":false,"capInsets":[0,0,0,0],"vertices":{"rawPosition":[],"indexes":[],"uv":[],"nuv":[],"minPos":{"x":0,"y":0,"z":0},"maxPos":{"x":0,"y":0,"z":0}},"packable":true,"pixelsToUnit":100,"pivot":{"x":0.5,"y":0.5},"meshType":0}],[0],0,[0],[0],[0]],[[{"name":"jineng_9","rect":{"x":602,"y":182,"width":180,"height":188},"offset":{"x":0,"y":-3},"originalSize":{"width":220,"height":220},"rotated":false,"capInsets":[0,0,0,0],"vertices":{"rawPosition":[],"indexes":[],"uv":[],"nuv":[],"minPos":{"x":0,"y":0,"z":0},"maxPos":{"x":0,"y":0,"z":0}},"packable":true,"pixelsToUnit":100,"pivot":{"x":0.5,"y":0.5},"meshType":0}],[0],0,[0],[0],[0]],[[{"name":"jineng_8","rect":{"x":402,"y":2,"width":184,"height":198},"offset":{"x":5,"y":-1},"originalSize":{"width":220,"height":220},"rotated":true,"capInsets":[0,0,0,0],"vertices":{"rawPosition":[],"indexes":[],"uv":[],"nuv":[],"minPos":{"x":0,"y":0,"z":0},"maxPos":{"x":0,"y":0,"z":0}},"packable":true,"pixelsToUnit":100,"pivot":{"x":0.5,"y":0.5},"meshType":0}],[0],0,[0],[0],[0]],[[{"name":"jineng_7","rect":{"x":202,"y":2,"width":186,"height":198},"offset":{"x":12,"y":-1},"originalSize":{"width":220,"height":220},"rotated":true,"capInsets":[0,0,0,0],"vertices":{"rawPosition":[],"indexes":[],"uv":[],"nuv":[],"minPos":{"x":0,"y":0,"z":0},"maxPos":{"x":0,"y":0,"z":0}},"packable":true,"pixelsToUnit":100,"pivot":{"x":0.5,"y":0.5},"meshType":0}],[0],0,[0],[0],[0]]]]
