[1,["09639395-4cf6-424e-bbdf-3376e09803b5@6c48a"],["_textureSource"],["cc.SpriteFrame"],0,[{"name":"card_big_bg","rect":{"x":0,"y":0,"width":62,"height":132},"offset":{"x":0,"y":0},"originalSize":{"width":62,"height":132},"rotated":false,"capInsets":[0,0,0,0],"vertices":{"rawPosition":[-31,-66,0,31,-66,0,-31,66,0,31,66,0],"indexes":[0,1,2,2,1,3],"uv":[0,132,62,132,0,0,62,0],"nuv":[0,0,1,0,0,1,1,1],"minPos":{"x":-31,"y":-66,"z":0},"maxPos":{"x":31,"y":66,"z":0}},"packable":true,"pixelsToUnit":100,"pivot":{"x":0.5,"y":0.5},"meshType":0}],[0],0,[0],[0],[0]]
