[1,["a14hXk5UBAo5OMQcVcgIcb@6c48a","f4R1QYzmVNGIiPS+XWsvsa@efa1e","f4R1QYzmVNGIiPS+XWsvsa@8e930","f4R1QYzmVNGIiPS+XWsvsa@0cb59","f4R1QYzmVNGIiPS+XWsvsa@df24a","f4R1QYzmVNGIiPS+XWsvsa@47858","f4R1QYzmVNGIiPS+XWsvsa@95e7a","f4R1QYzmVNGIiPS+XWsvsa@b6d06","f4R1QYzmVNGIiPS+XWsvsa@d6f64","f4R1QYzmVNGIiPS+XWsvsa@b6a59","f4R1QYzmVNGIiPS+XWsvsa@7c58f","f4R1QYzmVNGIiPS+XWsvsa@189ce","f4R1QYzmVNGIiPS+XWsvsa@bdf08","f4R1QYzmVNGIiPS+XWsvsa@df265","f4R1QYzmVNGIiPS+XWsvsa@f48c0","f4R1QYzmVNGIiPS+XWsvsa@53542","f4R1QYzmVNGIiPS+XWsvsa@2e5b2","f4R1QYzmVNGIiPS+XWsvsa@b59ef","f4R1QYzmVNGIiPS+XWsvsa@44441","f4R1QYzmVNGIiPS+XWsvsa@eb2a2","f4R1QYzmVNGIiPS+XWsvsa@d30ff"],["_textureSource"],["cc.SpriteFrame","cc.SpriteAtlas"],0,[[[{"name":"bg2guangpls","spriteFrames":["bg2guang0_1","f4R1QYzmVNGIiPS+XWsvsa@efa1e","bg2guang0_2","f4R1QYzmVNGIiPS+XWsvsa@8e930","bg2guang0_3","f4R1QYzmVNGIiPS+XWsvsa@0cb59","bg2guang0_4","f4R1QYzmVNGIiPS+XWsvsa@df24a","bg2guang0_5","f4R1QYzmVNGIiPS+XWsvsa@47858","bg2guang0_6","f4R1QYzmVNGIiPS+XWsvsa@95e7a","bg2guang0_7","f4R1QYzmVNGIiPS+XWsvsa@b6d06","bg2guang0_8","f4R1QYzmVNGIiPS+XWsvsa@d6f64","bg2guang0_9","f4R1QYzmVNGIiPS+XWsvsa@b6a59","bg2guang0_10","f4R1QYzmVNGIiPS+XWsvsa@7c58f","bg2guang1_1","f4R1QYzmVNGIiPS+XWsvsa@189ce","bg2guang1_2","f4R1QYzmVNGIiPS+XWsvsa@bdf08","bg2guang1_3","f4R1QYzmVNGIiPS+XWsvsa@df265","bg2guang1_4","f4R1QYzmVNGIiPS+XWsvsa@f48c0","bg2guang1_5","f4R1QYzmVNGIiPS+XWsvsa@53542","bg2guang1_6","f4R1QYzmVNGIiPS+XWsvsa@2e5b2","bg2guang1_7","f4R1QYzmVNGIiPS+XWsvsa@b59ef","bg2guang1_8","f4R1QYzmVNGIiPS+XWsvsa@44441","bg2guang1_9","f4R1QYzmVNGIiPS+XWsvsa@eb2a2","bg2guang1_10","f4R1QYzmVNGIiPS+XWsvsa@d30ff"]}],[1],0,[0,0,0,0,0,0,0,0,0,0,0,0,0,0,0,0,0,0,0,0],[0,0,0,0,0,0,0,0,0,0,0,0,0,0,0,0,0,0,0,0],[1,2,3,4,5,6,7,8,9,10,11,12,13,14,15,16,17,18,19,20]],[[{"name":"bg2guang0_3","rect":{"x":506,"y":470,"width":162,"height":166},"offset":{"x":12,"y":9},"originalSize":{"width":200,"height":200},"rotated":true,"capInsets":[0,0,0,0],"vertices":{"rawPosition":[],"indexes":[],"uv":[],"nuv":[],"minPos":{"x":0,"y":0,"z":0},"maxPos":{"x":0,"y":0,"z":0}},"packable":true,"pixelsToUnit":100,"pivot":{"x":0.5,"y":0.5},"meshType":0}],[0],0,[0],[0],[0]],[[{"name":"bg2guang1_1","rect":{"x":1622,"y":2,"width":466,"height":322},"offset":{"x":-3,"y":29},"originalSize":{"width":500,"height":380},"rotated":true,"capInsets":[0,0,0,0],"vertices":{"rawPosition":[],"indexes":[],"uv":[],"nuv":[],"minPos":{"x":0,"y":0,"z":0},"maxPos":{"x":0,"y":0,"z":0}},"packable":true,"pixelsToUnit":100,"pivot":{"x":0.5,"y":0.5},"meshType":0}],[0],0,[0],[0],[0]],[[{"name":"bg2guang1_6","rect":{"x":2,"y":2,"width":466,"height":322},"offset":{"x":-3,"y":29},"originalSize":{"width":500,"height":380},"rotated":true,"capInsets":[0,0,0,0],"vertices":{"rawPosition":[],"indexes":[],"uv":[],"nuv":[],"minPos":{"x":0,"y":0,"z":0},"maxPos":{"x":0,"y":0,"z":0}},"packable":true,"pixelsToUnit":100,"pivot":{"x":0.5,"y":0.5},"meshType":0}],[0],0,[0],[0],[0]],[[{"name":"bg2guang1_8","rect":{"x":650,"y":2,"width":466,"height":322},"offset":{"x":-3,"y":29},"originalSize":{"width":500,"height":380},"rotated":true,"capInsets":[0,0,0,0],"vertices":{"rawPosition":[],"indexes":[],"uv":[],"nuv":[],"minPos":{"x":0,"y":0,"z":0},"maxPos":{"x":0,"y":0,"z":0}},"packable":true,"pixelsToUnit":100,"pivot":{"x":0.5,"y":0.5},"meshType":0}],[0],0,[0],[0],[0]],[[{"name":"bg2guang0_5","rect":{"x":170,"y":470,"width":162,"height":166},"offset":{"x":12,"y":9},"originalSize":{"width":200,"height":200},"rotated":true,"capInsets":[0,0,0,0],"vertices":{"rawPosition":[],"indexes":[],"uv":[],"nuv":[],"minPos":{"x":0,"y":0,"z":0},"maxPos":{"x":0,"y":0,"z":0}},"packable":true,"pixelsToUnit":100,"pivot":{"x":0.5,"y":0.5},"meshType":0}],[0],0,[0],[0],[0]],[[{"name":"bg2guang1_5","rect":{"x":326,"y":2,"width":466,"height":322},"offset":{"x":-3,"y":29},"originalSize":{"width":500,"height":380},"rotated":true,"capInsets":[0,0,0,0],"vertices":{"rawPosition":[],"indexes":[],"uv":[],"nuv":[],"minPos":{"x":0,"y":0,"z":0},"maxPos":{"x":0,"y":0,"z":0}},"packable":true,"pixelsToUnit":100,"pivot":{"x":0.5,"y":0.5},"meshType":0}],[0],0,[0],[0],[0]],[[{"name":"bg2guang0_10","rect":{"x":1346,"y":470,"width":158,"height":166},"offset":{"x":14,"y":8},"originalSize":{"width":200,"height":200},"rotated":true,"capInsets":[0,0,0,0],"vertices":{"rawPosition":[],"indexes":[],"uv":[],"nuv":[],"minPos":{"x":0,"y":0,"z":0},"maxPos":{"x":0,"y":0,"z":0}},"packable":true,"pixelsToUnit":100,"pivot":{"x":0.5,"y":0.5},"meshType":0}],[0],0,[0],[0],[0]],[[{"name":"bg2guang0_2","rect":{"x":674,"y":470,"width":162,"height":166},"offset":{"x":12,"y":8},"originalSize":{"width":200,"height":200},"rotated":true,"capInsets":[0,0,0,0],"vertices":{"rawPosition":[],"indexes":[],"uv":[],"nuv":[],"minPos":{"x":0,"y":0,"z":0},"maxPos":{"x":0,"y":0,"z":0}},"packable":true,"pixelsToUnit":100,"pivot":{"x":0.5,"y":0.5},"meshType":0}],[0],0,[0],[0],[0]],[[{"name":"bg2guang0_6","rect":{"x":2,"y":470,"width":162,"height":166},"offset":{"x":12,"y":8},"originalSize":{"width":200,"height":200},"rotated":true,"capInsets":[0,0,0,0],"vertices":{"rawPosition":[],"indexes":[],"uv":[],"nuv":[],"minPos":{"x":0,"y":0,"z":0},"maxPos":{"x":0,"y":0,"z":0}},"packable":true,"pixelsToUnit":100,"pivot":{"x":0.5,"y":0.5},"meshType":0}],[0],0,[0],[0],[0]],[[{"name":"bg2guang1_7","rect":{"x":326,"y":2,"width":466,"height":322},"offset":{"x":-3,"y":29},"originalSize":{"width":500,"height":380},"rotated":true,"capInsets":[0,0,0,0],"vertices":{"rawPosition":[],"indexes":[],"uv":[],"nuv":[],"minPos":{"x":0,"y":0,"z":0},"maxPos":{"x":0,"y":0,"z":0}},"packable":true,"pixelsToUnit":100,"pivot":{"x":0.5,"y":0.5},"meshType":0}],[0],0,[0],[0],[0]],[[{"name":"bg2guang0_9","rect":{"x":1514,"y":470,"width":158,"height":166},"offset":{"x":14,"y":8},"originalSize":{"width":200,"height":200},"rotated":true,"capInsets":[0,0,0,0],"vertices":{"rawPosition":[],"indexes":[],"uv":[],"nuv":[],"minPos":{"x":0,"y":0,"z":0},"maxPos":{"x":0,"y":0,"z":0}},"packable":true,"pixelsToUnit":100,"pivot":{"x":0.5,"y":0.5},"meshType":0}],[0],0,[0],[0],[0]],[[{"name":"bg2guang0_7","rect":{"x":1010,"y":470,"width":160,"height":166},"offset":{"x":13,"y":8},"originalSize":{"width":200,"height":200},"rotated":true,"capInsets":[0,0,0,0],"vertices":{"rawPosition":[],"indexes":[],"uv":[],"nuv":[],"minPos":{"x":0,"y":0,"z":0},"maxPos":{"x":0,"y":0,"z":0}},"packable":true,"pixelsToUnit":100,"pivot":{"x":0.5,"y":0.5},"meshType":0}],[0],0,[0],[0],[0]],[[{"name":"bg2guang1_2","rect":{"x":1298,"y":2,"width":466,"height":322},"offset":{"x":-3,"y":29},"originalSize":{"width":500,"height":380},"rotated":true,"capInsets":[0,0,0,0],"vertices":{"rawPosition":[],"indexes":[],"uv":[],"nuv":[],"minPos":{"x":0,"y":0,"z":0},"maxPos":{"x":0,"y":0,"z":0}},"packable":true,"pixelsToUnit":100,"pivot":{"x":0.5,"y":0.5},"meshType":0}],[0],0,[0],[0],[0]],[[{"name":"bg2guang1_10","rect":{"x":1298,"y":2,"width":466,"height":322},"offset":{"x":-3,"y":29},"originalSize":{"width":500,"height":380},"rotated":true,"capInsets":[0,0,0,0],"vertices":{"rawPosition":[],"indexes":[],"uv":[],"nuv":[],"minPos":{"x":0,"y":0,"z":0},"maxPos":{"x":0,"y":0,"z":0}},"packable":true,"pixelsToUnit":100,"pivot":{"x":0.5,"y":0.5},"meshType":0}],[0],0,[0],[0],[0]],[[{"name":"bg2guang0_8","rect":{"x":842,"y":470,"width":160,"height":166},"offset":{"x":13,"y":8},"originalSize":{"width":200,"height":200},"rotated":true,"capInsets":[0,0,0,0],"vertices":{"rawPosition":[],"indexes":[],"uv":[],"nuv":[],"minPos":{"x":0,"y":0,"z":0},"maxPos":{"x":0,"y":0,"z":0}},"packable":true,"pixelsToUnit":100,"pivot":{"x":0.5,"y":0.5},"meshType":0}],[0],0,[0],[0],[0]],[[{"name":"bg2guang0_4","rect":{"x":338,"y":470,"width":162,"height":166},"offset":{"x":12,"y":9},"originalSize":{"width":200,"height":200},"rotated":true,"capInsets":[0,0,0,0],"vertices":{"rawPosition":[],"indexes":[],"uv":[],"nuv":[],"minPos":{"x":0,"y":0,"z":0},"maxPos":{"x":0,"y":0,"z":0}},"packable":true,"pixelsToUnit":100,"pivot":{"x":0.5,"y":0.5},"meshType":0}],[0],0,[0],[0],[0]],[[{"name":"bg2guang1_3","rect":{"x":974,"y":2,"width":466,"height":322},"offset":{"x":-3,"y":29},"originalSize":{"width":500,"height":380},"rotated":true,"capInsets":[0,0,0,0],"vertices":{"rawPosition":[],"indexes":[],"uv":[],"nuv":[],"minPos":{"x":0,"y":0,"z":0},"maxPos":{"x":0,"y":0,"z":0}},"packable":true,"pixelsToUnit":100,"pivot":{"x":0.5,"y":0.5},"meshType":0}],[0],0,[0],[0],[0]],[[{"name":"bg2guang1_9","rect":{"x":974,"y":2,"width":466,"height":322},"offset":{"x":-3,"y":29},"originalSize":{"width":500,"height":380},"rotated":true,"capInsets":[0,0,0,0],"vertices":{"rawPosition":[],"indexes":[],"uv":[],"nuv":[],"minPos":{"x":0,"y":0,"z":0},"maxPos":{"x":0,"y":0,"z":0}},"packable":true,"pixelsToUnit":100,"pivot":{"x":0.5,"y":0.5},"meshType":0}],[0],0,[0],[0],[0]],[[{"name":"bg2guang0_1","rect":{"x":1178,"y":470,"width":160,"height":166},"offset":{"x":13,"y":8},"originalSize":{"width":200,"height":200},"rotated":true,"capInsets":[0,0,0,0],"vertices":{"rawPosition":[],"indexes":[],"uv":[],"nuv":[],"minPos":{"x":0,"y":0,"z":0},"maxPos":{"x":0,"y":0,"z":0}},"packable":true,"pixelsToUnit":100,"pivot":{"x":0.5,"y":0.5},"meshType":0}],[0],0,[0],[0],[0]],[[{"name":"bg2guang1_4","rect":{"x":650,"y":2,"width":466,"height":322},"offset":{"x":-3,"y":29},"originalSize":{"width":500,"height":380},"rotated":true,"capInsets":[0,0,0,0],"vertices":{"rawPosition":[],"indexes":[],"uv":[],"nuv":[],"minPos":{"x":0,"y":0,"z":0},"maxPos":{"x":0,"y":0,"z":0}},"packable":true,"pixelsToUnit":100,"pivot":{"x":0.5,"y":0.5},"meshType":0}],[0],0,[0],[0],[0]]]]
