[1,["86E+7hrfBC/KRmTrSOg8JV@6c48a"],["_textureSource"],["cc.SpriteFrame"],0,[{"name":"major_jackpot_es","rect":{"x":20,"y":1,"width":513,"height":54},"offset":{"x":-2,"y":-0.5},"originalSize":{"width":557,"height":55},"rotated":false,"capInsets":[0,0,0,0],"vertices":{"rawPosition":[-256.5,-27,0,256.5,-27,0,-256.5,27,0,256.5,27,0],"indexes":[0,1,2,2,1,3],"uv":[20,54,533,54,20,0,533,0],"nuv":[0.03590664272890485,0,0.9569120287253142,0,0.03590664272890485,0.9818181818181818,0.9569120287253142,0.9818181818181818],"minPos":{"x":-256.5,"y":-27,"z":0},"maxPos":{"x":256.5,"y":27,"z":0}},"packable":true,"pixelsToUnit":100,"pivot":{"x":0.5,"y":0.5},"meshType":0}],[0],0,[0],[0],[0]]
