[1,["86PO1h76hMTL8tLO3pvsLh@6c48a"],["_textureSource"],["cc.SpriteFrame"],0,[{"name":"common_payline_tips3_8","rect":{"x":20,"y":10,"width":348,"height":272},"offset":{"x":-6,"y":14},"originalSize":{"width":400,"height":320},"rotated":false,"capInsets":[0,0,0,0],"vertices":{"rawPosition":[-174,-136,0,174,-136,0,-174,136,0,174,136,0],"indexes":[0,1,2,2,1,3],"uv":[20,310,368,310,20,38,368,38],"nuv":[0.05,0.11875,0.92,0.11875,0.05,0.96875,0.92,0.96875],"minPos":{"x":-174,"y":-136,"z":0},"maxPos":{"x":174,"y":136,"z":0}},"packable":true,"pixelsToUnit":100,"pivot":{"x":0.5,"y":0.5},"meshType":0}],[0],0,[0],[0],[0]]
