[1,["e4Yz/3stdFgZlik4wJ2noL@6c48a"],["_textureSource"],["cc.SpriteFrame"],0,[{"name":"sea_icon_treasurebox1_06","rect":{"x":134,"y":210,"width":293,"height":191},"offset":{"x":24.5,"y":-49.5},"originalSize":{"width":512,"height":512},"rotated":false,"capInsets":[0,0,0,0],"vertices":{"rawPosition":[-146.5,-95.5,0,146.5,-95.5,0,-146.5,95.5,0,146.5,95.5,0],"indexes":[0,1,2,2,1,3],"uv":[134,302,427,302,134,111,427,111],"nuv":[0.26171875,0.216796875,0.833984375,0.216796875,0.26171875,0.58984375,0.833984375,0.58984375],"minPos":{"x":-146.5,"y":-95.5,"z":0},"maxPos":{"x":146.5,"y":95.5,"z":0}},"packable":true,"pixelsToUnit":100,"pivot":{"x":0.5,"y":0.5},"meshType":0}],[0],0,[0],[0],[0]]
