[1,["1b191506d@6c48a"],["_textureSource"],["cc.SpriteFrame","cc.SpriteAtlas"],0,[[[{"name":"loading16","rect":{"x":431,"y":461,"width":137,"height":110},"offset":{"x":104,"y":1},"originalSize":{"width":355,"height":244},"rotated":true,"capInsets":[0,0,0,0],"packable":true,"pixelsToUnit":100,"pivot":{"x":0.5,"y":0.5},"meshType":0}],[0],0,[0],[0],[0]],[[{"name":"loading3","rect":{"x":165,"y":631,"width":172,"height":139},"offset":{"x":79.5,"y":1.5},"originalSize":{"width":355,"height":244},"rotated":false,"capInsets":[0,0,0,0],"packable":true,"pixelsToUnit":100,"pivot":{"x":0.5,"y":0.5},"meshType":0}],[0],0,[0],[0],[0]],[[{"name":"loading2","rect":{"x":458,"y":244,"width":122,"height":103},"offset":{"x":109.5,"y":0.5},"originalSize":{"width":355,"height":244},"rotated":true,"capInsets":[0,0,0,0],"packable":true,"pixelsToUnit":100,"pivot":{"x":0.5,"y":0.5},"meshType":0}],[0],0,[0],[0],[0]],[[{"name":"loading12","rect":{"x":206,"y":244,"width":246,"height":203},"offset":{"x":-19.5,"y":3.5},"originalSize":{"width":355,"height":244},"rotated":false,"capInsets":[0,0,0,0],"packable":true,"pixelsToUnit":100,"pivot":{"x":0.5,"y":0.5},"meshType":0}],[0],0,[0],[0],[0]],[[{"name":"loading5","rect":{"x":569,"y":3,"width":275,"height":205},"offset":{"x":16,"y":3.5},"originalSize":{"width":355,"height":244},"rotated":true,"capInsets":[0,0,0,0],"packable":true,"pixelsToUnit":100,"pivot":{"x":0.5,"y":0.5},"meshType":0}],[0],0,[0],[0],[0]],[[{"name":"loading1","rect":{"x":343,"y":631,"width":98,"height":79},"offset":{"x":122.5,"y":-2.5},"originalSize":{"width":355,"height":244},"rotated":true,"capInsets":[0,0,0,0],"packable":true,"pixelsToUnit":100,"pivot":{"x":0.5,"y":0.5},"meshType":0}],[0],0,[0],[0],[0]],[[{"name":"loading8","rect":{"x":647,"y":483,"width":150,"height":146},"offset":{"x":-100.5,"y":2},"originalSize":{"width":355,"height":244},"rotated":true,"capInsets":[0,0,0,0],"packable":true,"pixelsToUnit":100,"pivot":{"x":0.5,"y":0.5},"meshType":0}],[0],0,[0],[0],[0]],[[{"name":"loading6","rect":{"x":3,"y":3,"width":278,"height":235},"offset":{"x":-31.5,"y":4.5},"originalSize":{"width":355,"height":244},"rotated":false,"capInsets":[0,0,0,0],"packable":true,"pixelsToUnit":100,"pivot":{"x":0.5,"y":0.5},"meshType":0}],[0],0,[0],[0],[0]],[[{"name":"loading7","rect":{"x":567,"y":284,"width":215,"height":193},"offset":{"x":-65,"y":3.5},"originalSize":{"width":355,"height":244},"rotated":false,"capInsets":[0,0,0,0],"packable":true,"pixelsToUnit":100,"pivot":{"x":0.5,"y":0.5},"meshType":0}],[0],0,[0],[0],[0]],[[{"name":"loading14","rect":{"x":3,"y":244,"width":255,"height":197},"offset":{"x":42,"y":3.5},"originalSize":{"width":355,"height":244},"rotated":true,"capInsets":[0,0,0,0],"packable":true,"pixelsToUnit":100,"pivot":{"x":0.5,"y":0.5},"meshType":0}],[0],0,[0],[0],[0]],[[{"name":"loading9","rect":{"x":458,"y":372,"width":83,"height":97},"offset":{"x":-133,"y":0.5},"originalSize":{"width":355,"height":244},"rotated":true,"capInsets":[0,0,0,0],"packable":true,"pixelsToUnit":100,"pivot":{"x":0.5,"y":0.5},"meshType":0}],[0],0,[0],[0],[0]],[[{"name":"loading4","rect":{"x":206,"y":453,"width":219,"height":172},"offset":{"x":45,"y":3},"originalSize":{"width":355,"height":244},"rotated":false,"capInsets":[0,0,0,0],"packable":true,"pixelsToUnit":100,"pivot":{"x":0.5,"y":0.5},"meshType":0}],[0],0,[0],[0],[0]],[[{"name":"loading15","rect":{"x":3,"y":505,"width":234,"height":156},"offset":{"x":54.5,"y":2},"originalSize":{"width":355,"height":244},"rotated":true,"capInsets":[0,0,0,0],"packable":true,"pixelsToUnit":100,"pivot":{"x":0.5,"y":0.5},"meshType":0}],[0],0,[0],[0],[0]],[[{"name":"loading13","rect":{"x":287,"y":3,"width":276,"height":235},"offset":{"x":28.5,"y":4.5},"originalSize":{"width":355,"height":244},"rotated":false,"capInsets":[0,0,0,0],"packable":true,"pixelsToUnit":100,"pivot":{"x":0.5,"y":0.5},"meshType":0}],[0],0,[0],[0],[0]],[[{"name":"loading11","rect":{"x":431,"y":604,"width":210,"height":170},"offset":{"x":-65.5,"y":3},"originalSize":{"width":355,"height":244},"rotated":false,"capInsets":[0,0,0,0],"packable":true,"pixelsToUnit":100,"pivot":{"x":0.5,"y":0.5},"meshType":0}],[0],0,[0],[0],[0]],[[{"name":"auto_loading","spriteFrames":["loading6","62n8UBKLFNf4jG1gDr6WW/@f9941","loading13","beJIRv5LZKJJJ413Ih/JK9@f9941","loading5","476dKrH61CAJnO6WuO0nJA@f9941","loading14","7anaVqazhJsastaPUDQIvJ@f9941","loading12","42LLaaMmRK3qV3C2AIWjwz@f9941","loading2","332UqbiZFESp4MjyJQkbGA@f9941","loading7","79tze+QttP8Jwizs0mvxf7@f9941","loading9","7f63bv+/NBrI2gKrpy5EV8@f9941","loading4","a39gwZOchBk7dfHk+8dB2p@f9941","loading15","b5NZhXUPtJuKL7eNzv/WyE@f9941","loading16","16Q7zNs/REGJuj7EIjkQLD@f9941","loading11","ddcLjeb7lAbK79IOSMIcny@f9941","loading3","1fD7YwvclCoLaCD+nu5R0A@f9941","loading1","54sgwCzVRLFYTLJtn0mySJ@f9941","loading8","5bSbJwUbRH3YWteoWs8Hwk@f9941","loading10","ecs5TeeapKvp9F9u3GBa2V@f9941"]}],[1],0,[],[],[]],[[{"name":"loading10","rect":{"x":647,"y":639,"width":149,"height":135},"offset":{"x":-101,"y":1.5},"originalSize":{"width":355,"height":244},"rotated":true,"capInsets":[0,0,0,0],"packable":true,"pixelsToUnit":100,"pivot":{"x":0.5,"y":0.5},"meshType":0}],[0],0,[0],[0],[0]]]]
