[1,["1f51abcbc@6c48a"],["_textureSource"],["cc.SpriteFrame","cc.SpriteAtlas"],0,[[[{"name":"word_login_password1","rect":{"x":979,"y":137,"width":124,"height":23},"offset":{"x":0,"y":0},"originalSize":{"width":124,"height":23},"rotated":true,"capInsets":[0,0,0,0],"packable":true,"pixelsToUnit":100,"pivot":{"x":0.5,"y":0.5},"meshType":0}],[0],0,[0],[0],[0]],[[{"name":"btn_login_down","rect":{"x":591,"y":974,"width":36,"height":50},"offset":{"x":0,"y":-1},"originalSize":{"width":36,"height":52},"rotated":true,"capInsets":[0,0,0,0],"packable":true,"pixelsToUnit":100,"pivot":{"x":0.5,"y":0.5},"meshType":0}],[0],0,[0],[0],[0]],[[{"name":"btn_login_situs","rect":{"x":770,"y":773,"width":88,"height":74},"offset":{"x":0,"y":0},"originalSize":{"width":88,"height":74},"rotated":false,"capInsets":[0,0,0,0],"packable":true,"pixelsToUnit":100,"pivot":{"x":0.5,"y":0.5},"meshType":0}],[0],0,[0],[0],[0]],[[{"name":"btn_login_ok1","rect":{"x":864,"y":709,"width":220,"height":56},"offset":{"x":0,"y":0},"originalSize":{"width":220,"height":56},"rotated":true,"capInsets":[0,0,0,0],"packable":true,"pixelsToUnit":100,"pivot":{"x":0.5,"y":0.5},"meshType":0}],[0],0,[0],[0],[0]],[[{"name":"btn_denglu_LogIn","rect":{"x":924,"y":709,"width":220,"height":56},"offset":{"x":0,"y":0},"originalSize":{"width":220,"height":56},"rotated":true,"capInsets":[0,0,0,0],"packable":true,"pixelsToUnit":100,"pivot":{"x":0.5,"y":0.5},"meshType":0}],[0],0,[0],[0],[0]],[[{"name":"word_login_phone","rect":{"x":913,"y":993,"width":88,"height":29},"offset":{"x":0,"y":0},"originalSize":{"width":88,"height":29},"rotated":false,"capInsets":[0,0,0,0],"packable":true,"pixelsToUnit":100,"pivot":{"x":0.5,"y":0.5},"meshType":0}],[0],0,[0],[0],[0]],[[{"name":"zi_denglu_yanzhengma","rect":{"x":979,"y":383,"width":86,"height":31},"offset":{"x":0,"y":0},"originalSize":{"width":86,"height":31},"rotated":true,"capInsets":[0,0,0,0],"packable":true,"pixelsToUnit":100,"pivot":{"x":0.5,"y":0.5},"meshType":0}],[0],0,[0],[0],[0]],[[{"name":"zi_denglu_Akun","rect":{"x":979,"y":559,"width":72,"height":29},"offset":{"x":0,"y":0},"originalSize":{"width":72,"height":29},"rotated":true,"capInsets":[0,0,0,0],"packable":true,"pixelsToUnit":100,"pivot":{"x":0.5,"y":0.5},"meshType":0}],[0],0,[0],[0],[0]],[[{"name":"panel_login_bg","rect":{"x":2,"y":2,"width":973,"height":703},"offset":{"x":0.5,"y":0},"originalSize":{"width":974,"height":703},"rotated":false,"capInsets":[0,0,0,0],"packable":true,"pixelsToUnit":100,"pivot":{"x":0.5,"y":0.5},"meshType":0}],[0],0,[0],[0],[0]],[[{"name":"word_login_login","rect":{"x":662,"y":709,"width":198,"height":60},"offset":{"x":0.5,"y":0},"originalSize":{"width":199,"height":62},"rotated":false,"capInsets":[0,0,0,0],"packable":true,"pixelsToUnit":100,"pivot":{"x":0.5,"y":0.5},"meshType":0}],[0],0,[0],[0],[0]],[[{"name":"title_login_password","rect":{"x":662,"y":856,"width":191,"height":48},"offset":{"x":0,"y":0},"originalSize":{"width":191,"height":48},"rotated":false,"capInsets":[0,0,0,0],"packable":true,"pixelsToUnit":100,"pivot":{"x":0.5,"y":0.5},"meshType":0}],[0],0,[0],[0],[0]],[[{"name":"title_denlgu_AkunMasuk","rect":{"x":2,"y":974,"width":390,"height":47},"offset":{"x":0,"y":0},"originalSize":{"width":390,"height":47},"rotated":false,"capInsets":[0,0,0,0],"packable":true,"pixelsToUnit":100,"pivot":{"x":0.5,"y":0.5},"meshType":0}],[0],0,[0],[0],[0]],[[{"name":"btn_login_up","rect":{"x":979,"y":635,"width":36,"height":50},"offset":{"x":0,"y":-1},"originalSize":{"width":36,"height":52},"rotated":false,"capInsets":[0,0,0,0],"packable":true,"pixelsToUnit":100,"pivot":{"x":0.5,"y":0.5},"meshType":0}],[0],0,[0],[0],[0]],[[{"name":"zi_denglu_querenmima","rect":{"x":645,"y":993,"width":130,"height":29},"offset":{"x":0,"y":0},"originalSize":{"width":130,"height":29},"rotated":false,"capInsets":[0,0,0,0],"packable":true,"pixelsToUnit":100,"pivot":{"x":0.5,"y":0.5},"meshType":0}],[0],0,[0],[0],[0]],[[{"name":"zi_denglu_Sandi","rect":{"x":979,"y":2,"width":131,"height":36},"offset":{"x":0,"y":0},"originalSize":{"width":131,"height":36},"rotated":true,"capInsets":[0,0,0,0],"packable":true,"pixelsToUnit":100,"pivot":{"x":0.5,"y":0.5},"meshType":0}],[0],0,[0],[0],[0]],[[{"name":"title_login_phone","rect":{"x":396,"y":974,"width":191,"height":48},"offset":{"x":0,"y":0},"originalSize":{"width":191,"height":48},"rotated":false,"capInsets":[0,0,0,0],"packable":true,"pixelsToUnit":100,"pivot":{"x":0.5,"y":0.5},"meshType":0}],[0],0,[0],[0],[0]],[[{"name":"btn_dt_dl_xuanzhong","rect":{"x":984,"y":689,"width":32,"height":32},"offset":{"x":0,"y":0},"originalSize":{"width":32,"height":32},"rotated":false,"capInsets":[0,0,0,0],"packable":true,"pixelsToUnit":100,"pivot":{"x":0.5,"y":0.5},"meshType":0}],[0],0,[0],[0],[0]],[[{"name":"lgoin_close","rect":{"x":662,"y":773,"width":104,"height":79},"offset":{"x":1,"y":0},"originalSize":{"width":106,"height":79},"rotated":false,"capInsets":[0,0,0,0],"packable":true,"pixelsToUnit":100,"pivot":{"x":0.5,"y":0.5},"meshType":0}],[0],0,[0],[0],[0]],[[{"name":"bin_dt_dl_weixuan","rect":{"x":984,"y":725,"width":32,"height":32},"offset":{"x":0,"y":0},"originalSize":{"width":32,"height":32},"rotated":false,"capInsets":[0,0,0,0],"packable":true,"pixelsToUnit":100,"pivot":{"x":0.5,"y":0.5},"meshType":0}],[0],0,[0],[0],[0]],[[{"name":"word_login_password","rect":{"x":779,"y":993,"width":130,"height":29},"offset":{"x":0,"y":0},"originalSize":{"width":130,"height":29},"rotated":false,"capInsets":[0,0,0,0],"packable":true,"pixelsToUnit":100,"pivot":{"x":0.5,"y":0.5},"meshType":0}],[0],0,[0],[0],[0]],[[{"name":"auto_login","spriteFrames":["panel_login_bg","51Bej1HZBA5pjL+lRJB0Fj@f9941","panel_login_remind","d4d8jkvu9FF7gtTTeeLhse@f9941","word_login_login","51PmY3QTVAfJtgU+sN2toD@f9941","btn_login_ok1","14M0vXiNxOXoJE3ZzYtkcR@f9941","bg_denglu_box","fdAbOvptZKbLQGyhcL8xqH@f9941","btn_denglu_LogIn","1corxxJBlOnJXHMlAHGXfW@f9941","lgoin_close","b2zNAimABIR4q8O/+b2i3l@f9941","title_login_password","5bTH4WcoZOOYpo9JyXfg5e@f9941","btn_login_situs","14KkSprJZOAo6ABte7nfLK@f9941","title_denlgu_AkunMasuk","847S2mA8VDv6hC0jg9oDn6@f9941","title_login_phone","a0cg7vPaJMz5xZdsdiPrqX@f9941","btn_login_down","0aOy8DGCpDRooHe3DHVpRn@f9941","zi_denglu_querenmima","9417QZT+dKi63o62E6DE1F@f9941","word_login_password","be0MVZpj5EHLwwNthxqH0S@f9941","word_login_phone","23pAySH9VNI5Jh+tvvB1T4@f9941","zi_denglu_Sandi","97fCEWOSVA6a60wdZVMDDo@f9941","word_login_password1","07g8GPJVpGyoUFdThdyb0a@f9941","word_login_captcha","fco6nLiuVKobXoNu04rq3H@f9941","zi_denglu_yanzhengma","3dhnsQphhCcpFDknyaNI8p@f9941","word_login_phone1","eeu186DlVD0ogch7E2e2zo@f9941","zi_denglu_Akun","496OIBm6RKq5SJ4LR1owJt@f9941","btn_login_up","8fqQFemDpDz4EAr7RJWPYe@f9941","btn_dt_dl_xuanzhong","a1eIxr499OxYyOBk90KnOn@f9941","bin_dt_dl_weixuan","bdL52J3BRNs4qrrgFgazfC@f9941","img_prohibit_login","d0NxtlpDdBp4bKemQuRATj@f9941","maintenance_popup_bg","0eHRcXDehJSYXdAEzrJgVR@f9941","login_icon","aduJOIDnxNc7PGv0DPAWGt@f9941","btn_login_loginAkun","16fUwxG21Hp7s61PAF/WJL@f9941","btn_login_login1","218NWviARKNaDy/6V6Aybg@f9941","btn_login_phone","3ex4ESQutCt7PSsrgjgOOJ@f9941","btn_login_tamu","5dCi64Jo5FgoFr4wVRIfXd@f9941","btn_login_ok","c4Y0d4KAlN+KN+DgBeCcv/@f9941","btn_login_common","e1Dg32+EVIsZB7gJp4xdrU@f9941","btn_denglu_OK","d0wob/SapLXIcwWShQJPGp@f9941","title_denlgu_zhuce","c1m95drkNPQrIHKH7HDXs6@f9941","btn_denglu_DaftarAkun","d71FhUgCJKnpvgDmQ2q5xR@f9941","btn_login_login","d9tmx+PqtPepVwj4KPV/UO@f9941","word_login_mind","9en+u2Y/VNoqZUtK68AeOK@f9941","MencobaLagi","5drlcyuw1MuYnYhwlBZSRd@f9941","zi_verfication_code","7aZ8y4qwdEzLGdfjEO3B5x@f9941","word_login_setpassword","18n9HWietI4ICoS/xhZqk8@f9941","zi_denglu_confirm","926NZ3nQlOSar+XWSPxqcD@f9941","panel_login_k","3ekLW6jkdL2LjWQE3LOWma@f9941","btn_off","ba6P28YPdJK6VVEq+FbY/2@f9941","btn_dt_off","ed79NL8GFMQJi8eHnh581+@f9941","input_login","225esRjxBHXYPNaksRqUTn@f9941","bg_dt_yanzhengmabox","a5uTR2NgdFZ4OCf+CSo9Cc@f9941","yanzhengmabox","6a4EQgTGRO05AfdUJwsZjy@f9941","btn_dt_dl_kefu","f2DmilD/lOwp/kf5fBh9In@f9941","btn_wangjimima ","7bo7zhD4xNcriU3IKUcaaw@f9941","btn_login_setpassword","94oDOf9AZNdLsJyYn/jXGp@f9941","btn_login_send","ccxK3ZNQBGmZBhQflPM3+V@f9941","btn_dt_dl_gonggao","0a0+erGKtM15x7ZlY8XR5N@f9941"]}],[1],0,[],[],[]],[[{"name":"panel_login_remind","rect":{"x":2,"y":709,"width":656,"height":261},"offset":{"x":0,"y":0},"originalSize":{"width":656,"height":261},"rotated":false,"capInsets":[0,0,0,0],"packable":true,"pixelsToUnit":100,"pivot":{"x":0.5,"y":0.5},"meshType":0}],[0],0,[0],[0],[0]],[[{"name":"word_login_phone1","rect":{"x":979,"y":473,"width":82,"height":23},"offset":{"x":0,"y":0},"originalSize":{"width":82,"height":23},"rotated":true,"capInsets":[0,0,0,0],"packable":true,"pixelsToUnit":100,"pivot":{"x":0.5,"y":0.5},"meshType":0}],[0],0,[0],[0],[0]],[[{"name":"word_login_captcha","rect":{"x":979,"y":265,"width":114,"height":36},"offset":{"x":0,"y":0},"originalSize":{"width":114,"height":36},"rotated":true,"capInsets":[0,0,0,0],"packable":true,"pixelsToUnit":100,"pivot":{"x":0.5,"y":0.5},"meshType":0}],[0],0,[0],[0],[0]],[[{"name":"bg_denglu_box","rect":{"x":662,"y":933,"width":350,"height":56},"offset":{"x":0,"y":0},"originalSize":{"width":350,"height":56},"rotated":false,"capInsets":[0,0,0,0],"packable":true,"pixelsToUnit":100,"pivot":{"x":0.5,"y":0.5},"meshType":0}],[0],0,[0],[0],[0]]]]
