[1,["d9zXZELx9JUoW3iunwMHHQ@6c48a"],0,[["sp.SkeletonData",["_name","_atlasText","textureNames","_skeletonJson","textures"],-1,3]],[[0,0,1,2,3,4,5]],[[0,"skeleton","\r\nskeleton.png\r\nsize: 2048,2048\r\nformat: RGBA8888\r\nfilter: Linear,Linear\r\nrepeat: none\r\n1\r\n  rotate: false\r\n  xy: 2, 1122\r\n  size: 278, 278\r\n  orig: 278, 278\r\n  offset: 0, 0\r\n  index: -1\r\n10\r\n  rotate: false\r\n  xy: 282, 842\r\n  size: 278, 278\r\n  orig: 278, 278\r\n  offset: 0, 0\r\n  index: -1\r\n11\r\n  rotate: false\r\n  xy: 562, 842\r\n  size: 278, 278\r\n  orig: 278, 278\r\n  offset: 0, 0\r\n  index: -1\r\n12\r\n  rotate: false\r\n  xy: 842, 842\r\n  size: 278, 278\r\n  orig: 278, 278\r\n  offset: 0, 0\r\n  index: -1\r\n13\r\n  rotate: false\r\n  xy: 1122, 842\r\n  size: 278, 278\r\n  orig: 278, 278\r\n  offset: 0, 0\r\n  index: -1\r\n14\r\n  rotate: false\r\n  xy: 1402, 842\r\n  size: 278, 278\r\n  orig: 278, 278\r\n  offset: 0, 0\r\n  index: -1\r\n15\r\n  rotate: false\r\n  xy: 1682, 842\r\n  size: 278, 278\r\n  orig: 278, 278\r\n  offset: 0, 0\r\n  index: -1\r\n16\r\n  rotate: false\r\n  xy: 2, 562\r\n  size: 278, 278\r\n  orig: 278, 278\r\n  offset: 0, 0\r\n  index: -1\r\n17\r\n  rotate: false\r\n  xy: 282, 562\r\n  size: 278, 278\r\n  orig: 278, 278\r\n  offset: 0, 0\r\n  index: -1\r\n18\r\n  rotate: false\r\n  xy: 562, 562\r\n  size: 278, 278\r\n  orig: 278, 278\r\n  offset: 0, 0\r\n  index: -1\r\n19\r\n  rotate: false\r\n  xy: 842, 562\r\n  size: 278, 278\r\n  orig: 278, 278\r\n  offset: 0, 0\r\n  index: -1\r\n2\r\n  rotate: false\r\n  xy: 282, 1122\r\n  size: 278, 278\r\n  orig: 278, 278\r\n  offset: 0, 0\r\n  index: -1\r\n20\r\n  rotate: false\r\n  xy: 1122, 562\r\n  size: 278, 278\r\n  orig: 278, 278\r\n  offset: 0, 0\r\n  index: -1\r\n21\r\n  rotate: false\r\n  xy: 1402, 562\r\n  size: 278, 278\r\n  orig: 278, 278\r\n  offset: 0, 0\r\n  index: -1\r\n22\r\n  rotate: false\r\n  xy: 1682, 562\r\n  size: 278, 278\r\n  orig: 278, 278\r\n  offset: 0, 0\r\n  index: -1\r\n23\r\n  rotate: false\r\n  xy: 2, 282\r\n  size: 278, 278\r\n  orig: 278, 278\r\n  offset: 0, 0\r\n  index: -1\r\n24\r\n  rotate: false\r\n  xy: 282, 282\r\n  size: 278, 278\r\n  orig: 278, 278\r\n  offset: 0, 0\r\n  index: -1\r\n25\r\n  rotate: false\r\n  xy: 562, 282\r\n  size: 278, 278\r\n  orig: 278, 278\r\n  offset: 0, 0\r\n  index: -1\r\n26\r\n  rotate: false\r\n  xy: 842, 282\r\n  size: 278, 278\r\n  orig: 278, 278\r\n  offset: 0, 0\r\n  index: -1\r\n27\r\n  rotate: false\r\n  xy: 1122, 282\r\n  size: 278, 278\r\n  orig: 278, 278\r\n  offset: 0, 0\r\n  index: -1\r\n28\r\n  rotate: false\r\n  xy: 1402, 282\r\n  size: 278, 278\r\n  orig: 278, 278\r\n  offset: 0, 0\r\n  index: -1\r\n29\r\n  rotate: false\r\n  xy: 1402, 282\r\n  size: 278, 278\r\n  orig: 278, 278\r\n  offset: 0, 0\r\n  index: -1\r\n3\r\n  rotate: false\r\n  xy: 562, 1122\r\n  size: 278, 278\r\n  orig: 278, 278\r\n  offset: 0, 0\r\n  index: -1\r\n31\r\n  rotate: false\r\n  xy: 1682, 282\r\n  size: 278, 278\r\n  orig: 278, 278\r\n  offset: 0, 0\r\n  index: -1\r\n32\r\n  rotate: false\r\n  xy: 2, 2\r\n  size: 278, 278\r\n  orig: 278, 278\r\n  offset: 0, 0\r\n  index: -1\r\n33\r\n  rotate: false\r\n  xy: 282, 2\r\n  size: 278, 278\r\n  orig: 278, 278\r\n  offset: 0, 0\r\n  index: -1\r\n4\r\n  rotate: false\r\n  xy: 842, 1122\r\n  size: 278, 278\r\n  orig: 278, 278\r\n  offset: 0, 0\r\n  index: -1\r\n5\r\n  rotate: false\r\n  xy: 1122, 1122\r\n  size: 278, 278\r\n  orig: 278, 278\r\n  offset: 0, 0\r\n  index: -1\r\n6\r\n  rotate: false\r\n  xy: 1402, 1122\r\n  size: 278, 278\r\n  orig: 278, 278\r\n  offset: 0, 0\r\n  index: -1\r\n7\r\n  rotate: false\r\n  xy: 1682, 1122\r\n  size: 278, 278\r\n  orig: 278, 278\r\n  offset: 0, 0\r\n  index: -1\r\n8\r\n  rotate: false\r\n  xy: 2, 842\r\n  size: 278, 278\r\n  orig: 278, 278\r\n  offset: 0, 0\r\n  index: -1\r\n9\r\n  rotate: false\r\n  xy: 562, 2\r\n  size: 278, 278\r\n  orig: 278, 278\r\n  offset: 0, 0\r\n  index: -1\r\n",["skeleton.png"],{"skeleton":{"hash":"OuZFipDn42iEqOrs7OFVHqYc3kE","spine":"3.8.99","x":-139,"y":-139,"width":278,"height":278,"images":"./元宝切图/","audio":""},"bones":[{"name":"root"}],"slots":[{"name":"tibiao_tongqian","bone":"root","attachment":"1"}],"skins":[{"name":"default","attachments":{"tibiao_tongqian":{"1":{"width":278,"height":278},"2":{"width":278,"height":278},"3":{"width":278,"height":278},"4":{"width":278,"height":278},"5":{"width":278,"height":278},"6":{"width":278,"height":278},"7":{"width":278,"height":278},"8":{"width":278,"height":278},"9":{"width":278,"height":278},"10":{"width":278,"height":278},"11":{"width":278,"height":278},"12":{"width":278,"height":278},"13":{"width":278,"height":278},"14":{"width":278,"height":278},"15":{"width":278,"height":278},"16":{"width":278,"height":278},"17":{"width":278,"height":278},"18":{"width":278,"height":278},"19":{"width":278,"height":278},"20":{"width":278,"height":278},"21":{"width":278,"height":278},"22":{"width":278,"height":278},"23":{"width":278,"height":278},"24":{"width":278,"height":278},"25":{"width":278,"height":278},"26":{"width":278,"height":278},"27":{"width":278,"height":278},"28":{"width":278,"height":278},"29":{"width":278,"height":278},"31":{"width":278,"height":278},"32":{"width":278,"height":278},"33":{"width":278,"height":278}}}}],"animations":{"animation":{"slots":{"tibiao_tongqian":{"attachment":[{"time":0.0667,"name":"2"},{"time":0.1333,"name":"3"},{"time":0.2,"name":"4"},{"time":0.2667,"name":"6"},{"time":0.3333,"name":"7"},{"time":0.4,"name":"8"},{"time":0.4667,"name":"9"},{"time":0.5333,"name":"10"},{"time":0.6,"name":"11"},{"time":0.6667,"name":"12"},{"time":0.7333,"name":"13"},{"time":0.8,"name":"14"},{"time":0.8667,"name":"15"},{"time":0.9333,"name":"16"},{"time":1,"name":"17"},{"time":1.0667,"name":"18"},{"time":1.1333,"name":"19"},{"time":1.2,"name":"20"},{"time":1.2667,"name":"21"},{"time":1.3333,"name":"22"},{"time":1.4,"name":"23"},{"time":1.4667,"name":"24"},{"time":1.5333,"name":"25"},{"time":1.6,"name":"26"},{"time":1.6667,"name":"27"},{"time":1.7333,"name":"28"},{"time":1.8,"name":"29"},{"time":1.8667,"name":"31"},{"time":1.9333,"name":"32"},{"time":2,"name":"33"}]}},"bones":{"root":{"translate":[{"time":1,"x":1}]}}}}},[0]]],0,0,[0],[-1],[0]]
