[1,["fdoJXLgx1GAa2UhGATlj3o","492Ka2g5RK5YzBxLzSEIf6@f9941","dc5tdV1IhHUq2Hvh1lTt1H@f9941","2aJwwZ64pHPLoxXBhqqhMN@6c48a","73v8GmaSNIc4605RyeehzS@6c48a","7dj5uJT9FMn6OrOOx83tfK@f9941","2aJwwZ64pHPLoxXBhqqhMN@f9941","d8etWfMI9EjpsXBSzUJI2F@f9941","73v8GmaSNIc4605RyeehzS@f9941","1cg9GUkrBEhJ+eCzlhXZ3X@f9941","ffEnaeEoVEdpPrKoihX6Vl@f9941","fdswGQ8BBCUYsLGF/lbM3Q@f9941","3eNN3i4KBKArtZAnphHb9B@f9941"],["node","_spriteFrame","_customMaterial","_normalSprite","_textureSource","_target","root","_indicator","data","_parent"],[["cc.Node",["_name","_layer","_components","_prefab","_lpos","_parent","_children","_lscale"],1,9,4,5,1,2,5],["cc.Sprite",["_sizeMode","_type","node","__prefab","_spriteFrame","_customMaterial","_color"],1,1,4,6,6,5],["cc.Button",["_transition","_zoomScale","node","__prefab","clickEvents","_normalSprite","_hoverColor","_pressedColor","_target","_normalColor"],1,1,4,9,6,5,5,1,5],"cc.SpriteFrame",["cc.Widget",["_alignFlags","_originalWidth","_originalHeight","node","__prefab"],0,1,4],["cc.UITransform",["node","__prefab","_contentSize","_anchorPoint"],3,1,4,5,5],["cc.Layout",["_layoutType","_resizeMode","_spacingY","_spacingX","node","__prefab"],-1,1,4],["cc.UIOpacity",["_opacity","node","__prefab"],2,1,4],["cc.Prefab",["_name"],2],["cc.Node",["_name","_layer","_parent","_components","_prefab","_lpos"],1,1,12,4,5],["cc.CompPrefabInfo",["fileId"],2],["cc.BlockInputEvents",["node","__prefab"],3,1,4],["cc.PrefabInfo",["fileId","instance","targetOverrides","nestedPrefabInstanceRoots","root","asset"],-1,1,1],["cc.PageView",["bounceDuration","node","__prefab","_content","_indicator"],2,1,4,1,1],["cc.Mask",["_alphaThreshold","node","__prefab"],2,1,4],["cc.Graphics",["node","__prefab","_fillColor"],3,1,4,5],["cc.ClickEvent",["_componentId","handler","target"],1,1],["cc.PageViewIndicator",["spacing","node","__prefab","_cellSize"],2,1,4,5]],[[10,0,2],[12,0,1,2,3,4,5,5],[5,0,1,2,1],[7,1,2,1],[0,0,1,5,2,3,4,3],[0,0,1,5,6,2,3,4,3],[1,2,3,5,4,1],[1,2,3,4,1],[16,0,1,2,3],[0,0,1,5,2,3,3],[11,0,1,1],[8,0,2],[0,0,1,6,2,3,3],[0,0,1,6,2,3,4,3],[0,0,1,5,2,3,4,7,3],[9,0,1,2,3,4,5,3],[4,0,3,4,2],[4,0,1,2,3,4,4],[5,0,1,2,3,1],[6,1,0,2,4,5,4],[6,0,3,4,5,3],[7,0,1,2,2],[13,0,1,2,3,4,2],[1,0,2,3,6,5,4,2],[1,1,0,2,3,4,3],[1,1,0,2,3,5,3],[1,0,2,3,4,2],[14,0,1,2,2],[15,0,1,2,1],[2,0,1,2,3,4,6,7,8,5,3],[2,0,2,3,4,9,8,5,2],[2,0,1,2,3,4,6,7,5,3],[17,0,1,2,3,2]],[[[{"name":"bg_aj_guizi","rect":{"x":0,"y":0,"width":1101,"height":629},"offset":{"x":0,"y":0},"originalSize":{"width":1101,"height":629},"rotated":false,"capInsets":[0,0,0,0],"vertices":{"rawPosition":[-550.5,-314.5,0,550.5,-314.5,0,-550.5,314.5,0,550.5,314.5,0],"indexes":[0,1,2,2,1,3],"uv":[0,629,1101,629,0,0,1101,0],"nuv":[0,0,1,0,0,1,1,1],"minPos":{"x":-550.5,"y":-314.5,"z":0},"maxPos":{"x":550.5,"y":314.5,"z":0}},"packable":true,"pixelsToUnit":100,"pivot":{"x":0.5,"y":0.5},"meshType":0}],[3],0,[0],[4],[3]],[[{"name":"guizi_aj_1","rect":{"x":0,"y":0,"width":1056,"height":305},"offset":{"x":0,"y":0},"originalSize":{"width":1056,"height":305},"rotated":false,"capInsets":[0,0,0,0],"vertices":{"rawPosition":[-528,-152.5,0,528,-152.5,0,-528,152.5,0,528,152.5,0],"indexes":[0,1,2,2,1,3],"uv":[0,305,1056,305,0,0,1056,0],"nuv":[0,0,1,0,0,1,1,1],"minPos":{"x":-528,"y":-152.5,"z":0},"maxPos":{"x":528,"y":152.5,"z":0}},"packable":true,"pixelsToUnit":100,"pivot":{"x":0.5,"y":0.5},"meshType":0}],[3],0,[0],[4],[4]],[[[11,"rulePanel"],[12,"rulePanel",33554432,[-5,-6,-7,-8,-9,-10,-11],[[16,45,-2,[0,"85LbLZbiZHArep9c1dbkYk"]],[10,-3,[0,"7d7/axbBlOQa1OQhMEjKwu"]],[2,-4,[0,"d1xNQyANZFT6wicvOdFRBX"],[5,1334,750]]],[1,"3aLwHYwSFDMJF0lxxjxA4K",null,null,null,-1,0]],[13,"content",33554432,[-15,-16,-17,-18],[[19,1,1,15,-12,[0,"469fL33BdCcJuOLtC1/2L2"]],[3,-13,[0,"08sVXNt+pDG6AoTv6kdrh3"]],[18,-14,[0,"72Lkf9uSZG7IJyfMOR1eqQ"],[5,4320,500],[0,0,0.5]]],[1,"1aUfqgN91Pd5ZHLTMK6Ft9",null,null,null,1,0],[1,-541.327,0,0]],[5,"props_helpPage",33554432,1,[-23,-24,-25],[[22,0.5,-20,[0,"eefkoMb4lEbZAgvjANIgAy"],2,-19],[3,-21,[0,"9cpcXXAHhEzJTHDXBZya6U"]],[2,-22,[0,"7at3i5mp1DSbpr9mPQKb/1"],[5,1080,450]]],[1,"1egINFyg5Auooh9zCBXXJq",null,null,null,1,0],[1,0,-9.058,0]],[9,"New Sprite(Splash)",33554432,1,[[23,0,-26,[0,"38v4DHO51OcZQP10c7jLx2"],[4,4278190080],0,1],[17,45,100,100,-27,[0,"5c76bMqbBKIZdGsb/ovh1P"]],[10,-28,[0,"e3g6f0QJtKRq2YOrMBzg8R"]],[21,100,-29,[0,"58otfwB/RHmI0uT0FCSvJE"]],[2,-30,[0,"faXebD8bJLy7b8UIE8NQwr"],[5,1334,750]]],[1,"8di0saXIZHYrh332lRxw2F",null,null,null,1,0]],[5,"view",33554432,3,[2],[[27,0,-31,[0,"473N4JqWZCN5kSkDho8hya"]],[3,-32,[0,"971jMRIahPHLHkJU22+8J2"]],[2,-33,[0,"911jFfr/ZNyKDv8BYner+z"],[5,1080,500]],[28,-34,[0,"a2LAEd39ZC8o2ZTpsY2Lo3"],[4,16777215]]],[1,"a7yrCZcsFE8al5LGx4Lbzc",null,null,null,1,0],[1,0,-1.693,0]],[14,"props_btnRight",33554432,1,[[6,-35,[0,"13NkYPaP1MiohXHdm7X/CY"],11,12],[29,3,0.95,-37,[0,"bfdazbtbhJzKUxtv9ZjoWV"],[[8,"f10edNkuatLR5vTjnn4iC74","onButtonTouchEnd",1]],[4,4294967295],[4,4292072403],-36,13],[3,-38,[0,"70D91kvdFIe7Ix7OLlT21d"]],[2,-39,[0,"5bzTBL0MxEUr9GGCkBNJN0"],[5,54,71]]],[1,"daQjzEtW1LMIAQuxue5Tr+",null,null,null,1,0],[1,570,-36,0],[1,-1,1,-1]],[15,"indicator",33554432,3,[[-40,[3,-41,[0,"9aCkEiRjtJSoyKYvZXTGmI"]],[2,-42,[0,"bcs7gqc0NEuIWAIOvmRI4F"],[5,130,30]],[20,1,3,-43,[0,"8atlUmO7JE1ZHzqVJIhmeL"]]],1,4,4,4],[1,"05Ts9GQFVNSKgNPn7MDGDT",null,null,null,1,0],[1,0,-248,0]],[4,"props_btnLeft",33554432,1,[[2,-44,[0,"95w46Au95PY6smUw6GK4N6"],[5,54,71]],[24,1,0,-45,[0,"f3cXooWxdLGomIkHe9h32w"],14],[30,3,-47,[0,"6cU3BrJNBDyKzumuII99rK"],[[8,"f10edNkuatLR5vTjnn4iC74","onButtonTouchEnd",1]],[4,4292269782],-46,15]],[1,"f6kXovZCFF0aOUivCGCXg0",null,null,null,1,0],[1,-570,-36,0]],[4,"props_btnClose",33554432,1,[[6,-48,[0,"e1A1kAMjJH+ZGYrEjpjy25"],16,17],[31,3,0.95,-49,[0,"cb6gnFWe1Iq7FOA5ECHSsF"],[[8,"f10edNkuatLR5vTjnn4iC74","onButtonTouchEnd",1]],[4,4294967295],[4,4292072403],18],[3,-50,[0,"7bZRYk6qtO/7xddg/i7mBF"]],[2,-51,[0,"a0WHv0/cJKSK8xNRyGjLMy"],[5,67,72]]],[1,"ecsJETl3tOEbcLv70JTlDE",null,null,null,1,0],[1,534,200,0]],[4,"tc_di",33554432,1,[[6,-52,[0,"9ftYEgsVJLy4F1YUCLkRet"],2,3],[3,-53,[0,"afx6YXdlNBu7vUckzORXyZ"]],[2,-54,[0,"38Ho0DW61AEbN+2UYT+nxo"],[5,1101,629]]],[1,"3ah7hxa0pJm7IijaTskO+r",null,null,null,1,0],[1,0,20,0]],[4,"zi_youxiguize",33554432,1,[[6,-55,[0,"93Af6p+A1Dc7qYMkdmm/mD"],4,5],[3,-56,[0,"82pcXkCE5Hbrmfx8AQ52BP"]],[2,-57,[0,"f99KvGTjNJNIi01937LjfW"],[5,284,41]]],[1,"8aUwcaP8NMEImVDwTSoXPh",null,null,null,1,0],[1,0,258,0]],[4,"background",33554432,3,[[25,1,0,-58,[0,"a7PE+1PuVFDIQx6vK/geCk"],6],[3,-59,[0,"21Wf+saaJDZZVaODMFTJI4"]],[2,-60,[0,"54pEfDb5pFS7Ki+63sSz1i"],[5,1050,300]]],[1,"28xy4lHQ9COaWKq6czTXte",null,null,null,1,0],[1,0,-12,0]],[5,"page2",33554432,2,[-63],[[3,-61,[0,"ccVZO3p2tMP6bwUG9j+xmB"]],[2,-62,[0,"d81IbnXK5MToCkqCclUnOf"],[5,1080,450]]],[1,"62ztUyraNDAZPQFE9qdiWJ",null,null,null,1,0],[1,540,0,0]],[5,"page1",33554432,2,[-66],[[3,-64,[0,"72AK7YLF5Kn51pMSLtxlog"]],[2,-65,[0,"4e8GkWf25H2rvKH09NBBa0"],[5,1080,450]]],[1,"2f07uUk/JKFZJoQ7WmNQPC",null,null,null,1,0],[1,1620,0,0]],[5,"page3",33554432,2,[-69],[[3,-67,[0,"ee4GRV7pdFlJ5b7QhFPZf8"]],[2,-68,[0,"10UEqCjG5GLrbKwFRR3UEy"],[5,1080,450]]],[1,"b2JwGbqxNIuachSByQlG4s",null,null,null,1,0],[1,2700,0,0]],[5,"page4",33554432,2,[-72],[[3,-70,[0,"71IR8ja0JBabUyEVRWGZyC"]],[2,-71,[0,"64sGgrycRBi7QhyhdMokwp"],[5,1080,450]]],[1,"19KXpy5ohNPoVw5n+VjAD0",null,null,null,1,0],[1,3780,-8,0]],[4,"Page_One",33554432,13,[[2,-73,[0,"91Sb07EzhAs5y+pyWh4HCJ"],[5,1056,305]],[7,-74,[0,"49ueyYoMhKNr8qVEG4T3O0"],7]],[1,"b38ifC2LxICYe6Ppr8H5lP",null,null,null,1,0],[1,0,-12,0]],[4,"Page_Two",33554432,14,[[2,-75,[0,"7bP8rlO6NP6pZsIBrCeLvr"],[5,962,421]],[7,-76,[0,"66/5Q8nGdBpIv74o2GMWwr"],8]],[1,"5dmxH7SmdAF5b5IOG4OJdz",null,null,null,1,0],[1,4,-14,0]],[4,"Page_Three",33554432,15,[[2,-77,[0,"6fI57yXl9E36+8iS2AeXZz"],[5,940,440]],[7,-78,[0,"68zs9tsDJNz7GEFvkrQ+Hx"],9]],[1,"62HG+dijBLA4miOtqxCZJV",null,null,null,1,0],[1,0,-4,0]],[9,"Page_Four",33554432,16,[[2,-79,[0,"0e8pTkq3NHRqmSuwbVUhWD"],[5,940,452]],[26,0,-80,[0,"b1YYLg2LBLULzCyJJgFdtz"],10]],[1,"dayIC5fvtH0YytdGa+irCz",null,null,null,1,0]],[32,10,7,[0,"3cZqKdrodCG5WBYckOYqlr"],[5,30,28]]],0,[0,6,1,0,0,1,0,0,1,0,0,1,0,-1,4,0,-2,10,0,-3,11,0,-4,3,0,-5,6,0,-6,8,0,-7,9,0,0,2,0,0,2,0,0,2,0,-1,13,0,-2,14,0,-3,15,0,-4,16,0,7,21,0,0,3,0,0,3,0,0,3,0,-1,12,0,-2,5,0,-3,7,0,0,4,0,0,4,0,0,4,0,0,4,0,0,4,0,0,5,0,0,5,0,0,5,0,0,5,0,0,6,0,5,6,0,0,6,0,0,6,0,0,6,0,-1,21,0,0,7,0,0,7,0,0,7,0,0,8,0,0,8,0,5,8,0,0,8,0,0,9,0,0,9,0,0,9,0,0,9,0,0,10,0,0,10,0,0,10,0,0,11,0,0,11,0,0,11,0,0,12,0,0,12,0,0,12,0,0,13,0,0,13,0,-1,17,0,0,14,0,0,14,0,-1,18,0,0,15,0,0,15,0,-1,19,0,0,16,0,0,16,0,-1,20,0,0,17,0,0,17,0,0,18,0,0,18,0,0,19,0,0,19,0,0,20,0,0,20,0,8,1,2,9,5,80],[0,0,0,0,0,0,0,0,0,0,0,0,0,0,0,0,0,0,0,21],[2,1,2,1,2,1,2,1,1,1,1,2,1,3,1,3,2,1,3,1],[0,5,0,6,0,7,0,8,9,10,11,0,1,1,1,1,0,2,2,12]]]]
