[1,["30SEvxt5dMVYg3Hb7S7ytT@6c48a"],["_textureSource"],["cc.SpriteFrame"],0,[{"name":"common_payline_tips3_2","rect":{"x":32,"y":11,"width":346,"height":294},"offset":{"x":5,"y":2},"originalSize":{"width":400,"height":320},"rotated":false,"capInsets":[0,0,0,0],"vertices":{"rawPosition":[-173,-147,0,173,-147,0,-173,147,0,173,147,0],"indexes":[0,1,2,2,1,3],"uv":[32,309,378,309,32,15,378,15],"nuv":[0.08,0.046875,0.945,0.046875,0.08,0.965625,0.945,0.965625],"minPos":{"x":-173,"y":-147,"z":0},"maxPos":{"x":173,"y":147,"z":0}},"packable":true,"pixelsToUnit":100,"pivot":{"x":0.5,"y":0.5},"meshType":0}],[0],0,[0],[0],[0]]
