[1,["30csx9HgZG8rQ7FSxMGttu@6c48a"],["_textureSource"],["cc.SpriteFrame"],0,[{"name":"major_jackpot_en","rect":{"x":0,"y":1,"width":554,"height":54},"offset":{"x":-1.5,"y":-0.5},"originalSize":{"width":557,"height":55},"rotated":false,"capInsets":[0,0,0,0],"vertices":{"rawPosition":[-277,-27,0,277,-27,0,-277,27,0,277,27,0],"indexes":[0,1,2,2,1,3],"uv":[0,54,554,54,0,0,554,0],"nuv":[0,0,0.9946140035906643,0,0,0.9818181818181818,0.9946140035906643,0.9818181818181818],"minPos":{"x":-277,"y":-27,"z":0},"maxPos":{"x":277,"y":27,"z":0}},"packable":true,"pixelsToUnit":100,"pivot":{"x":0.5,"y":0.5},"meshType":0}],[0],0,[0],[0],[0]]
