[1,["3fCaNjHzBEeIOnYjEkB6px@6c48a"],["_textureSource"],["cc.SpriteFrame"],0,[{"name":"ocean_icon_tropicalfish","rect":{"x":0,"y":0,"width":179,"height":124},"offset":{"x":0,"y":0},"originalSize":{"width":179,"height":124},"rotated":false,"capInsets":[0,0,0,0],"vertices":{"rawPosition":[-89.5,-62,0,89.5,-62,0,-89.5,62,0,89.5,62,0],"indexes":[0,1,2,2,1,3],"uv":[0,124,179,124,0,0,179,0],"nuv":[0,0,1,0,0,1,1,1],"minPos":{"x":-89.5,"y":-62,"z":0},"maxPos":{"x":89.5,"y":62,"z":0}},"packable":true,"pixelsToUnit":100,"pivot":{"x":0.5,"y":0.5},"meshType":0}],[0],0,[0],[0],[0]]
