[1,["1590TKP/9Lso1NC/Ais18k@6c48a"],0,[["sp.SkeletonData",["_name","_atlasText","textureNames","_skeletonJson","textures"],-1,3]],[[0,0,1,2,3,4,5]],[[0,"tubiao_tongqian","\r\ntubiao_tongqian.png\r\nsize: 512,512\r\nformat: RGBA8888\r\nfilter: Linear,Linear\r\nrepeat: none\r\n1\r\n  rotate: false\r\n  xy: 2, 219\r\n  size: 278, 278\r\n  orig: 278, 278\r\n  offset: 0, 0\r\n  index: -1\r\nguang\r\n  rotate: false\r\n  xy: 2, 2\r\n  size: 215, 215\r\n  orig: 215, 215\r\n  offset: 0, 0\r\n  index: -1\r\n",["tubiao_tongqian.png"],{"skeleton":{"hash":"bcEJaPHDngaLFjowBMdFOwiymF4","spine":"3.8.99","x":-72.73,"y":-71.65,"width":147.4,"height":150.46,"images":"./元宝切图/","audio":""},"bones":[{"name":"root"},{"name":"tibiao_tongqian","parent":"root"},{"name":"骨骼2","parent":"tibiao_tongqian","length":46.98,"rotation":89.34,"x":-0.23,"y":0.14}],"slots":[{"name":"tibiao_tongqian11","bone":"tibiao_tongqian","attachment":"tibiao_tongqian11"},{"name":"tibiao_tongqian","bone":"tibiao_tongqian","attachment":"1"},{"name":"guang","bone":"骨骼2","attachment":"guang"}],"skins":[{"name":"default","attachments":{"guang":{"guang":{"x":0.51,"y":-0.49,"rotation":-89.34,"width":215,"height":215}},"tibiao_tongqian":{"1":{"width":278,"height":278}},"tibiao_tongqian11":{"tibiao_tongqian11":{"type":"clipping","end":"tibiao_tongqian11","vertexCount":66,"color":"ce3a3aff","vertices":[-68.49,71.39,-68.89,21.09,-71.52,16.65,-72.73,13.42,-72.53,8.16,-71.32,3.72,-69.3,-0.32,-69.09,-5.77,-70.51,-11.23,-70.51,-16.28,-69.09,-21.73,-68.71,-62.61,-33.39,-62.78,-28.86,-65.39,-22.25,-65.74,-16.16,-63.82,-13.55,-62.78,-10.24,-68,-4.5,-71.13,0.54,-71.65,7.68,-69.91,10.98,-65.91,13.42,-62.95,16.55,-62.78,20.21,-65.39,26.12,-66.26,31.17,-65.04,33.95,-63.13,69.62,-63.13,69.97,-23.8,71.88,-19.98,73.28,-15.8,72.93,-11.1,71.88,-6.93,70.14,-4.32,69.62,-0.66,72.93,3.69,74.49,7.34,74.67,12.39,73.1,17.09,70.84,20.91,69.38,22.43,69.9,71.2,32.87,71.71,30.81,73.13,27.84,74.81,24.36,75.07,19.97,74.94,17.78,73.91,14.3,72.87,12.49,71.71,10.94,74.55,8.88,76.23,4.37,77.9,0.62,78.81,-2.08,78.42,-6.47,77.65,-9.44,75.32,-11.89,73.13,-13.44,71.45,-16.53,73.65,-19.89,74.81,-23.5,75.32,-26.85,74.16,-29.82,72.36,-32.01,71.33]}}}}],"animations":{"animation":{"slots":{"guang":{"color":[{"time":0.2,"color":"ffffff00"}]}},"bones":{"骨骼2":{"scale":[{"x":0,"y":0,"curve":0.25,"c3":0.75},{"time":0.1667}]}}}}},[0]]],0,0,[0],[-1],[0]]
