[1,["9d83474a-9a3b-4561-8804-7f2c560e13fe@6c48a"],["_textureSource"],["cc.SpriteFrame"],0,[{"name":"btn_lv","rect":{"x":0,"y":0,"width":145,"height":47},"offset":{"x":0,"y":0},"originalSize":{"width":145,"height":47},"rotated":false,"capInsets":[0,0,0,0],"vertices":{"rawPosition":[-72.5,-23.5,0,72.5,-23.5,0,-72.5,23.5,0,72.5,23.5,0],"indexes":[0,1,2,2,1,3],"uv":[0,47,145,47,0,0,145,0],"nuv":[0,0,1,0,0,1,1,1],"minPos":{"x":-72.5,"y":-23.5,"z":0},"maxPos":{"x":72.5,"y":23.5,"z":0}},"packable":true,"pixelsToUnit":100,"pivot":{"x":0.5,"y":0.5},"meshType":0}],[0],0,[0],[0],[0]]
