[1,["39UmY/7YRK0ZtMZgcsWl49@6c48a"],["_textureSource"],["cc.SpriteFrame"],0,[{"name":"icon_dt_loading_0","rect":{"x":0,"y":0,"width":796,"height":48},"offset":{"x":0,"y":0},"originalSize":{"width":796,"height":48},"rotated":false,"capInsets":[0,0,0,0],"vertices":{"rawPosition":[-398,-24,0,398,-24,0,-398,24,0,398,24,0],"indexes":[0,1,2,2,1,3],"uv":[0,48,796,48,0,0,796,0],"nuv":[0,0,1,0,0,1,1,1],"minPos":{"x":-398,"y":-24,"z":0},"maxPos":{"x":398,"y":24,"z":0}},"packable":true,"pixelsToUnit":100,"pivot":{"x":0.5,"y":0.5},"meshType":0}],[0],0,[0],[0],[0]]
