{"version":1,"document":[{"__type__":"cc.AnimationClip","_name":"animation_ulang","_objFlags":0,"__editorExtras__":{"embeddedPlayerGroups":[]},"_native":"","sample":60,"speed":1,"wrapMode":2,"enableTrsBlending":false,"_duration":1.5,"_hash":500763545,"_tracks":[{"__id__":1}],"_exoticAnimation":null,"_events":[],"_embeddedPlayers":[],"_additiveSettings":{"__id__":6},"_auxiliaryCurveEntries":[]},{"__type__":"cc.animation.ObjectTrack","_binding":{"__type__":"cc.animation.TrackBinding","path":{"__id__":2},"proxy":null},"_channel":{"__id__":4}},{"__type__":"cc.animation.TrackPath","_paths":[{"__id__":3},"spriteFrame"]},{"__type__":"cc.animation.ComponentPath","component":"cc.Sprite"},{"__type__":"cc.animation.Channel","_curve":{"__id__":5}},{"__type__":"cc.ObjectCurve","_times":[0.016666666666666666,0.15,0.2833333333333333,0.4166666666666667,0.55,0.6833333333333333,0.8166666666666667,0.95,1.0833333333333333,1.2166666666666666,1.35,1.4833333333333334],"_values":[{"__uuid__":"4cPlBO6N5Az5ndsYAYXEfT@f9941","__expectedType__":"cc.Asset"},{"__uuid__":"29XtYUnNJAB61Y1g9OL3Cp@f9941","__expectedType__":"cc.Asset"},{"__uuid__":"71h/A7ABtOcrky3BpFfwB1@f9941","__expectedType__":"cc.Asset"},{"__uuid__":"f8L5eZBL1A4Ljq65UDiNJS@f9941","__expectedType__":"cc.Asset"},{"__uuid__":"3bjtWSz0pDYKX/CSKXHgDx@f9941","__expectedType__":"cc.Asset"},{"__uuid__":"a30Dq01dpD4Ibemc6Z09Sg@f9941","__expectedType__":"cc.Asset"},{"__uuid__":"d6zdCrJRhIlIscbpLxNONC@f9941","__expectedType__":"cc.Asset"},{"__uuid__":"fc2Yzx1ARFpYco14SGUK+3@f9941","__expectedType__":"cc.Asset"},{"__uuid__":"1bAW0zFPRG8IA6mocyPzcu@f9941","__expectedType__":"cc.Asset"},{"__uuid__":"9fXJmp72lKSbAse9DhdZ07@f9941","__expectedType__":"cc.Asset"},{"__uuid__":"34D0TBiXpACL7YszJ3wXma@f9941","__expectedType__":"cc.Asset"},{"__uuid__":"6cIXBvhGRI07xszj07wWFX@f9941","__expectedType__":"cc.Asset"}]},{"__type__":"cc.AnimationClipAdditiveSettings","enabled":false,"refClip":null}],"chunks":[]}
