[1,["1172b3674@6c48a"],["_textureSource"],["cc.SpriteFrame","cc.SpriteAtlas"],0,[[[{"name":"icon_jp_cm_1","rect":{"x":50,"y":3,"width":36,"height":38},"offset":{"x":0,"y":0},"originalSize":{"width":36,"height":38},"rotated":true,"capInsets":[0,0,0,0],"packable":true,"pixelsToUnit":100,"pivot":{"x":0.5,"y":0.5},"meshType":0}],[0],0,[0],[0],[0]],[[{"name":"btn_introduce_close","rect":{"x":466,"y":3,"width":59,"height":64},"offset":{"x":0,"y":0},"originalSize":{"width":59,"height":64},"rotated":true,"capInsets":[0,0,0,0],"packable":true,"pixelsToUnit":100,"pivot":{"x":0.5,"y":0.5},"meshType":0}],[0],0,[0],[0],[0]],[[{"name":"zi_spin_wuxian","rect":{"x":3,"y":3,"width":41,"height":30},"offset":{"x":0,"y":0},"originalSize":{"width":41,"height":30},"rotated":false,"capInsets":[0,0,0,0],"packable":true,"pixelsToUnit":100,"pivot":{"x":0.5,"y":0.5},"meshType":0}],[0],0,[0],[0],[0]],[[{"name":"icon_dt_loading_1","rect":{"x":3,"y":39,"width":772,"height":24},"offset":{"x":0,"y":0},"originalSize":{"width":772,"height":24},"rotated":true,"capInsets":[11,0,11,0],"packable":true,"pixelsToUnit":100,"pivot":{"x":0.5,"y":0.5},"meshType":0}],[0],0,[0],[0],[0]],[[{"name":"icon_jp_xj_1","rect":{"x":94,"y":3,"width":36,"height":38},"offset":{"x":0,"y":0},"originalSize":{"width":36,"height":38},"rotated":true,"capInsets":[0,0,0,0],"packable":true,"pixelsToUnit":100,"pivot":{"x":0.5,"y":0.5},"meshType":0}],[0],0,[0],[0],[0]],[[{"name":"icon_jp_xj_0","rect":{"x":138,"y":3,"width":36,"height":38},"offset":{"x":0,"y":0},"originalSize":{"width":36,"height":38},"rotated":true,"capInsets":[0,0,0,0],"packable":true,"pixelsToUnit":100,"pivot":{"x":0.5,"y":0.5},"meshType":0}],[0],0,[0],[0],[0]],[[{"name":"icon_jp_xg_1","rect":{"x":182,"y":3,"width":36,"height":43},"offset":{"x":0,"y":0},"originalSize":{"width":36,"height":43},"rotated":true,"capInsets":[0,0,0,0],"packable":true,"pixelsToUnit":100,"pivot":{"x":0.5,"y":0.5},"meshType":0}],[0],0,[0],[0],[0]],[[{"name":"auto_fruits777","spriteFrames":["img_roller_bgUp","7cvGJK+mJKb6OP/Oe2S15y@f9941","img_down_chooseLine","baV9kenbhKVIhiPnpjse3x@f9941","btn_null","95O2f9H91FwIV/JeufO4Vs@f9941","img_fruits777_lines","522mR/Lx9O278/HNWcNBiJ@f9941","img_jackpot_bg","6d1sqpG9RDGrdxDo+QShei@f9941","img_sgTimes_bg","c70efd1gFHrLx0pkM5alyW@f9941","btn_box_open","2cDvyyyx5JF6pqsEoDroNV@f9941","img_down_chooseBg","67O0WuDFhK+Z42xK0PyXWF@f9941","bg_sg_kbx_jpbox","d6sEfOpV9L04a/sV8RT5Kx@f9941","btn_caozuo_max_di","d3gvD8jOhDkIH5bqsLp5KK@f9941","btn_box_close","33hr09lQdCrpYrJL/OtULf@f9941","btn_caozuo_dingbu_di","84j0irRHFDa64GjKvGf9AW@f9941","btn_caozuo_bangzhu_di","8dcuQcBIJJNLi0giCMiix/@f9941","word_fruits777_jackpot","0fpTPzzJ5AE60ESosr4z/9@f9941","btn_off","5dkrmS3JdHmb7m566dKoqP@f9941","img_down_chooseFast","1diM9SI8dJ3ZUKIHdRM13I@f9941","icon_jp_pg_0","22yC2J9xVFbbeU2Va9X1PK@f9941","btn_caozuo_max","ddosxx3IRBtK+sA4RE3sfc@f9941","zi_spin_wuxian","38viEquapKrKyLO+wsWQUg@f9941","icon_jp_cm_1","2bmihO8LZKtZeplSQYvDlL@f9941","icon_jp_xj_1","62cWrrSjBFtaNYTyUBtZSs@f9941","icon_jp_xj_0","724zWSR+ZA/5hN4XGHR5nd@f9941","icon_jp_xg_1","7cdSmgQOlPrIKfxslCy3Dj@f9941","icon_jp_cm_0","b4qZeOOM9NVJbaFStEanqp@f9941","icon_jp_pt_1","c2drs1dmREv5DW9hPynccN@f9941","icon_jp_pg_1","ccGuoXk3REopCj/H0mq3rN@f9941","icon_jp_pt_0","d9fVy6eQJGUp4qZLk4s0Ta@f9941","icon_jp_xg_0","faBsjeBj5PlpxvBLBL5YzL@f9941","btn_introduce_close","30fUWXKG9Lm5niOnXoev4b@f9941","icon_dt_loading_1","5eHseC3phPmbHa712WQ1ic@f9941","icon_dt_loading_0","e2oe9Um9FFAKbz/C+H5FR3@f9941","img_roller_bg","cerok0yIdAbIuiZsW07drE@f9941"]}],[1],0,[],[],[]],[[{"name":"icon_jp_cm_0","rect":{"x":231,"y":3,"width":36,"height":43},"offset":{"x":0,"y":0},"originalSize":{"width":36,"height":43},"rotated":true,"capInsets":[0,0,0,0],"packable":true,"pixelsToUnit":100,"pivot":{"x":0.5,"y":0.5},"meshType":0}],[0],0,[0],[0],[0]],[[{"name":"icon_jp_pt_1","rect":{"x":280,"y":3,"width":36,"height":43},"offset":{"x":0,"y":0},"originalSize":{"width":36,"height":43},"rotated":true,"capInsets":[0,0,0,0],"packable":true,"pixelsToUnit":100,"pivot":{"x":0.5,"y":0.5},"meshType":0}],[0],0,[0],[0],[0]],[[{"name":"icon_jp_pg_1","rect":{"x":329,"y":3,"width":36,"height":43},"offset":{"x":0,"y":0},"originalSize":{"width":36,"height":43},"rotated":true,"capInsets":[0,0,0,0],"packable":true,"pixelsToUnit":100,"pivot":{"x":0.5,"y":0.5},"meshType":0}],[0],0,[0],[0],[0]],[[{"name":"img_roller_bg","rect":{"x":87,"y":68,"width":851,"height":458},"offset":{"x":0,"y":0},"originalSize":{"width":851,"height":458},"rotated":true,"capInsets":[0,0,0,0],"packable":true,"pixelsToUnit":100,"pivot":{"x":0.5,"y":0.5},"meshType":0}],[0],0,[0],[0],[0]],[[{"name":"icon_jp_pt_0","rect":{"x":378,"y":3,"width":36,"height":38},"offset":{"x":0,"y":0},"originalSize":{"width":36,"height":38},"rotated":true,"capInsets":[0,0,0,0],"packable":true,"pixelsToUnit":100,"pivot":{"x":0.5,"y":0.5},"meshType":0}],[0],0,[0],[0],[0]],[[{"name":"icon_dt_loading_0","rect":{"x":33,"y":45,"width":796,"height":48},"offset":{"x":0,"y":0},"originalSize":{"width":796,"height":48},"rotated":true,"capInsets":[0,0,0,0],"packable":true,"pixelsToUnit":100,"pivot":{"x":0.5,"y":0.5},"meshType":0}],[0],0,[0],[0],[0]],[[{"name":"icon_jp_xg_0","rect":{"x":422,"y":3,"width":36,"height":38},"offset":{"x":0,"y":0},"originalSize":{"width":36,"height":38},"rotated":true,"capInsets":[0,0,0,0],"packable":true,"pixelsToUnit":100,"pivot":{"x":0.5,"y":0.5},"meshType":0}],[0],0,[0],[0],[0]]]]
