[1,["1a30a6629@6c48a","7cbc624a-fa62-4a6f-a38f-fce7b64b5e72@f9941","ba57d91e-9db8-4a54-8862-3e7a63b1edf1@f9941","953b67fd-1fdd-45c0-857f-25eb9f3b856c@f9941","52da647f-2f1f-4edb-bf3f-1cd59c341889@f9941","6dd6caa9-1bd4-431a-b771-0e8f904a17a2@f9941","c7d1e7dd-d601-47ac-bc74-a643396a5c96@f9941","2c0efcb2-cb1e-4917-aa6a-b04a03ae8355@f9941","673b45ae-0c58-4af9-9e36-c4ad0fc97585@f9941","d6b047ce-a55f-4bd3-86bf-b15f114f92b1@f9941","d382f0fc-8ce8-4390-81f9-6eab0ba7928a@f9941","3386bd3d-9507-42ae-962b-24bfceb542df@f9941","848f48ab-4471-436b-ae06-8cabc67fd016@f9941","8d72e41c-0482-4934-b8b4-82208c8a2c7f@f9941","0fa533f3-cc9e-4013-ad04-4a8b2be33ffd@f9941","5d92b992-dc97-4799-bee6-e7ae9d2a8a8f@f9941","1d88cf52-23c7-49dd-950a-207751335dc8@f9941","22c82d89-f715-456d-b794-d956bd5f53ca@f9941","dda2cc71-dc84-41b4-afac-038444dec7dc@f9941","38be212a-b9aa-4aac-ac8b-3bec2c590520@f9941","2b9a284e-f0b6-4ab5-97a9-952418bc394b@f9941","62716aeb-4a30-45b5-a358-4f2501b594ac@f9941","72e33592-47e6-40ff-984d-e171874799dd@f9941","7c7529a0-40e9-4fac-829f-c6c942cb70e3@f9941","b4a9978e-38cf-4d54-96da-152b446a7aa9@f9941","c276bb35-7664-44bf-90d6-f613f29dc70d@f9941","cc1aea17-9374-44a2-90a3-fc7d26ab7acd@f9941","d97d5cba-7902-4652-9e2a-64b938b344da@f9941","fa06c8de-063e-4f96-9c6f-04b04be58ccb@f9941","307d4597-286f-4b9b-99e2-3a75e87afe1b@f9941","5e1ec782-de98-4f99-b1da-ef5d9643589c@f9941","e2a1ef54-9bd1-4500-a6f3-fc2f87e45477@f9941","ceae8934-c887-406c-8ba2-66c5b4eddac4@f9941"],["_textureSource"],["cc.SpriteFrame","cc.SpriteAtlas"],0,[[[{"name":"word_fruits777_jackpot","rect":{"x":658,"y":987,"width":169,"height":34},"offset":{"x":0.5,"y":-0.5},"originalSize":{"width":170,"height":35},"rotated":false,"capInsets":[0,0,0,0],"packable":true,"pixelsToUnit":100,"pivot":{"x":0.5,"y":0.5},"meshType":0}],[0],0,[0],[0],[0]],[[{"name":"img_down_chooseFast","rect":{"x":866,"y":869,"width":121,"height":30},"offset":{"x":0,"y":0},"originalSize":{"width":121,"height":30},"rotated":false,"capInsets":[0,0,0,0],"packable":true,"pixelsToUnit":100,"pivot":{"x":0.5,"y":0.5},"meshType":0}],[0],0,[0],[0],[0]],[[{"name":"icon_jp_pg_0","rect":{"x":866,"y":905,"width":36,"height":43},"offset":{"x":0,"y":0},"originalSize":{"width":36,"height":43},"rotated":true,"capInsets":[0,0,0,0],"packable":true,"pixelsToUnit":100,"pivot":{"x":0.5,"y":0.5},"meshType":0}],[0],0,[0],[0],[0]],[[{"name":"btn_box_open","rect":{"x":875,"y":750,"width":113,"height":144},"offset":{"x":0,"y":0},"originalSize":{"width":113,"height":144},"rotated":true,"capInsets":[0,0,0,0],"packable":true,"pixelsToUnit":100,"pivot":{"x":0.5,"y":0.5},"meshType":0}],[0],0,[0],[0],[0]],[[{"name":"btn_box_close","rect":{"x":673,"y":861,"width":112,"height":120},"offset":{"x":0,"y":0},"originalSize":{"width":112,"height":120},"rotated":false,"capInsets":[0,0,0,0],"packable":true,"pixelsToUnit":100,"pivot":{"x":0.5,"y":0.5},"meshType":0}],[0],0,[0],[0],[0]],[[{"name":"img_fruits777_lines","rect":{"x":3,"y":564,"width":435,"height":384},"offset":{"x":0,"y":0},"originalSize":{"width":435,"height":384},"rotated":true,"capInsets":[0,0,0,0],"packable":true,"pixelsToUnit":100,"pivot":{"x":0.5,"y":0.5},"meshType":0}],[0],0,[0],[0],[0]],[[{"name":"btn_off","rect":{"x":833,"y":953,"width":62,"height":62},"offset":{"x":0,"y":0},"originalSize":{"width":62,"height":62},"rotated":false,"capInsets":[0,0,0,0],"packable":true,"pixelsToUnit":100,"pivot":{"x":0.5,"y":0.5},"meshType":0}],[0],0,[0],[0],[0]],[[{"name":"img_down_chooseBg","rect":{"x":393,"y":861,"width":172,"height":91},"offset":{"x":0,"y":0},"originalSize":{"width":172,"height":91},"rotated":false,"capInsets":[30,23,23,11],"packable":true,"pixelsToUnit":100,"pivot":{"x":0.5,"y":0.5},"meshType":0}],[0],0,[0],[0],[0]],[[{"name":"img_jackpot_bg","rect":{"x":393,"y":564,"width":291,"height":476},"offset":{"x":0,"y":0},"originalSize":{"width":291,"height":476},"rotated":true,"capInsets":[0,0,0,0],"packable":true,"pixelsToUnit":100,"pivot":{"x":0.5,"y":0.5},"meshType":0}],[0],0,[0],[0],[0]],[[{"name":"img_roller_bgUp","rect":{"x":3,"y":3,"width":1001,"height":555},"offset":{"x":0,"y":0},"originalSize":{"width":1001,"height":555},"rotated":false,"capInsets":[0,0,0,0],"packable":true,"pixelsToUnit":100,"pivot":{"x":0.5,"y":0.5},"meshType":0}],[0],0,[0],[0],[0]],[[{"name":"btn_caozuo_dingbu_di","rect":{"x":589,"y":952,"width":63,"height":64},"offset":{"x":0,"y":0},"originalSize":{"width":63,"height":64},"rotated":false,"capInsets":[0,0,0,0],"packable":true,"pixelsToUnit":100,"pivot":{"x":0.5,"y":0.5},"meshType":0}],[0],0,[0],[0],[0]],[[{"name":"btn_caozuo_bangzhu_di","rect":{"x":791,"y":861,"width":69,"height":86},"offset":{"x":0,"y":-0.5},"originalSize":{"width":73,"height":87},"rotated":false,"capInsets":[0,0,0,0],"packable":true,"pixelsToUnit":100,"pivot":{"x":0.5,"y":0.5},"meshType":0}],[0],0,[0],[0],[0]],[[{"name":"btn_null","rect":{"x":1018,"y":3,"width":1,"height":1},"offset":{"x":0.5,"y":-0.5},"originalSize":{"width":2,"height":2},"rotated":false,"capInsets":[0,0,0,0],"packable":true,"pixelsToUnit":100,"pivot":{"x":0.5,"y":0.5},"meshType":0}],[0],0,[0],[0],[0]],[[{"name":"auto_fruits777","spriteFrames":["img_roller_bgUp","7cbc624a-fa62-4a6f-a38f-fce7b64b5e72@f9941","img_down_chooseLine","ba57d91e-9db8-4a54-8862-3e7a63b1edf1@f9941","btn_null","953b67fd-1fdd-45c0-857f-25eb9f3b856c@f9941","img_fruits777_lines","52da647f-2f1f-4edb-bf3f-1cd59c341889@f9941","img_jackpot_bg","6dd6caa9-1bd4-431a-b771-0e8f904a17a2@f9941","img_sgTimes_bg","c7d1e7dd-d601-47ac-bc74-a643396a5c96@f9941","btn_box_open","2c0efcb2-cb1e-4917-aa6a-b04a03ae8355@f9941","img_down_chooseBg","673b45ae-0c58-4af9-9e36-c4ad0fc97585@f9941","bg_sg_kbx_jpbox","d6b047ce-a55f-4bd3-86bf-b15f114f92b1@f9941","btn_caozuo_max_di","d382f0fc-8ce8-4390-81f9-6eab0ba7928a@f9941","btn_box_close","3386bd3d-9507-42ae-962b-24bfceb542df@f9941","btn_caozuo_dingbu_di","848f48ab-4471-436b-ae06-8cabc67fd016@f9941","btn_caozuo_bangzhu_di","8d72e41c-0482-4934-b8b4-82208c8a2c7f@f9941","word_fruits777_jackpot","0fa533f3-cc9e-4013-ad04-4a8b2be33ffd@f9941","btn_off","5d92b992-dc97-4799-bee6-e7ae9d2a8a8f@f9941","img_down_chooseFast","1d88cf52-23c7-49dd-950a-207751335dc8@f9941","icon_jp_pg_0","22c82d89-f715-456d-b794-d956bd5f53ca@f9941","btn_caozuo_max","dda2cc71-dc84-41b4-afac-038444dec7dc@f9941","zi_spin_wuxian","38be212a-b9aa-4aac-ac8b-3bec2c590520@f9941","icon_jp_cm_1","2b9a284e-f0b6-4ab5-97a9-952418bc394b@f9941","icon_jp_xj_1","62716aeb-4a30-45b5-a358-4f2501b594ac@f9941","icon_jp_xj_0","72e33592-47e6-40ff-984d-e171874799dd@f9941","icon_jp_xg_1","7c7529a0-40e9-4fac-829f-c6c942cb70e3@f9941","icon_jp_cm_0","b4a9978e-38cf-4d54-96da-152b446a7aa9@f9941","icon_jp_pt_1","c276bb35-7664-44bf-90d6-f613f29dc70d@f9941","icon_jp_pg_1","cc1aea17-9374-44a2-90a3-fc7d26ab7acd@f9941","icon_jp_pt_0","d97d5cba-7902-4652-9e2a-64b938b344da@f9941","icon_jp_xg_0","fa06c8de-063e-4f96-9c6f-04b04be58ccb@f9941","btn_introduce_close","307d4597-286f-4b9b-99e2-3a75e87afe1b@f9941","icon_dt_loading_1","5e1ec782-de98-4f99-b1da-ef5d9643589c@f9941","icon_dt_loading_0","e2a1ef54-9bd1-4500-a6f3-fc2f87e45477@f9941","img_roller_bg","ceae8934-c887-406c-8ba2-66c5b4eddac4@f9941"]}],[1],0,[0,0,0,0,0,0,0,0,0,0,0,0,0,0,0,0,0,0,0,0,0,0,0,0,0,0,0,0,0,0,0,0],[0,0,0,0,0,0,0,0,0,0,0,0,0,0,0,0,0,0,0,0,0,0,0,0,0,0,0,0,0,0,0,0],[1,2,3,4,5,6,7,8,9,10,11,12,13,14,15,16,17,18,19,20,21,22,23,24,25,26,27,28,29,30,31,32]],[[{"name":"img_down_chooseLine","rect":{"x":1010,"y":3,"width":146,"height":2},"offset":{"x":0,"y":0},"originalSize":{"width":146,"height":2},"rotated":true,"capInsets":[0,0,0,0],"packable":true,"pixelsToUnit":100,"pivot":{"x":0.5,"y":0.5},"meshType":0}],[0],0,[0],[0],[0]],[[{"name":"img_sgTimes_bg","rect":{"x":875,"y":564,"width":180,"height":129},"offset":{"x":0,"y":0},"originalSize":{"width":180,"height":129},"rotated":true,"capInsets":[0,0,0,0],"packable":true,"pixelsToUnit":100,"pivot":{"x":0.5,"y":0.5},"meshType":0}],[0],0,[0],[0],[0]],[[{"name":"btn_caozuo_max_di","rect":{"x":571,"y":861,"width":96,"height":85},"offset":{"x":0,"y":-1},"originalSize":{"width":100,"height":87},"rotated":false,"capInsets":[0,0,0,0],"packable":true,"pixelsToUnit":100,"pivot":{"x":0.5,"y":0.5},"meshType":0}],[0],0,[0],[0],[0]],[[{"name":"bg_sg_kbx_jpbox","rect":{"x":393,"y":958,"width":190,"height":53},"offset":{"x":0,"y":0},"originalSize":{"width":194,"height":53},"rotated":false,"capInsets":[0,0,0,0],"packable":true,"pixelsToUnit":100,"pivot":{"x":0.5,"y":0.5},"meshType":0}],[0],0,[0],[0],[0]],[[{"name":"btn_caozuo_max","rect":{"x":915,"y":905,"width":96,"height":85},"offset":{"x":0,"y":-1},"originalSize":{"width":100,"height":87},"rotated":false,"capInsets":[0,0,0,0],"packable":true,"pixelsToUnit":100,"pivot":{"x":0.5,"y":0.5},"meshType":0}],[0],0,[0],[0],[0]]]]
