[1,["1a30a6629@6c48a","7cvGJK+mJKb6OP/Oe2S15y@f9941","baV9kenbhKVIhiPnpjse3x@f9941","95O2f9H91FwIV/JeufO4Vs@f9941","522mR/Lx9O278/HNWcNBiJ@f9941","6d1sqpG9RDGrdxDo+QShei@f9941","c70efd1gFHrLx0pkM5alyW@f9941","2cDvyyyx5JF6pqsEoDroNV@f9941","67O0WuDFhK+Z42xK0PyXWF@f9941","d6sEfOpV9L04a/sV8RT5Kx@f9941","d3gvD8jOhDkIH5bqsLp5KK@f9941","33hr09lQdCrpYrJL/OtULf@f9941","84j0irRHFDa64GjKvGf9AW@f9941","8dcuQcBIJJNLi0giCMiix/@f9941","0fpTPzzJ5AE60ESosr4z/9@f9941","5dkrmS3JdHmb7m566dKoqP@f9941","1diM9SI8dJ3ZUKIHdRM13I@f9941","22yC2J9xVFbbeU2Va9X1PK@f9941","ddosxx3IRBtK+sA4RE3sfc@f9941","38viEquapKrKyLO+wsWQUg@f9941","2bmihO8LZKtZeplSQYvDlL@f9941","62cWrrSjBFtaNYTyUBtZSs@f9941","724zWSR+ZA/5hN4XGHR5nd@f9941","7cdSmgQOlPrIKfxslCy3Dj@f9941","b4qZeOOM9NVJbaFStEanqp@f9941","c2drs1dmREv5DW9hPynccN@f9941","ccGuoXk3REopCj/H0mq3rN@f9941","d9fVy6eQJGUp4qZLk4s0Ta@f9941","faBsjeBj5PlpxvBLBL5YzL@f9941","30fUWXKG9Lm5niOnXoev4b@f9941","5eHseC3phPmbHa712WQ1ic@f9941","e2oe9Um9FFAKbz/C+H5FR3@f9941","cerok0yIdAbIuiZsW07drE@f9941"],["_textureSource"],["cc.SpriteFrame","cc.SpriteAtlas"],0,[[[{"name":"word_fruits777_jackpot","rect":{"x":658,"y":987,"width":169,"height":34},"offset":{"x":0.5,"y":-0.5},"originalSize":{"width":170,"height":35},"rotated":false,"capInsets":[0,0,0,0],"packable":true,"pixelsToUnit":100,"pivot":{"x":0.5,"y":0.5},"meshType":0}],[0],0,[0],[0],[0]],[[{"name":"img_down_chooseFast","rect":{"x":866,"y":869,"width":121,"height":30},"offset":{"x":0,"y":0},"originalSize":{"width":121,"height":30},"rotated":false,"capInsets":[0,0,0,0],"packable":true,"pixelsToUnit":100,"pivot":{"x":0.5,"y":0.5},"meshType":0}],[0],0,[0],[0],[0]],[[{"name":"icon_jp_pg_0","rect":{"x":866,"y":905,"width":36,"height":43},"offset":{"x":0,"y":0},"originalSize":{"width":36,"height":43},"rotated":true,"capInsets":[0,0,0,0],"packable":true,"pixelsToUnit":100,"pivot":{"x":0.5,"y":0.5},"meshType":0}],[0],0,[0],[0],[0]],[[{"name":"btn_box_open","rect":{"x":875,"y":750,"width":113,"height":144},"offset":{"x":0,"y":0},"originalSize":{"width":113,"height":144},"rotated":true,"capInsets":[0,0,0,0],"packable":true,"pixelsToUnit":100,"pivot":{"x":0.5,"y":0.5},"meshType":0}],[0],0,[0],[0],[0]],[[{"name":"btn_box_close","rect":{"x":673,"y":861,"width":112,"height":120},"offset":{"x":0,"y":0},"originalSize":{"width":112,"height":120},"rotated":false,"capInsets":[0,0,0,0],"packable":true,"pixelsToUnit":100,"pivot":{"x":0.5,"y":0.5},"meshType":0}],[0],0,[0],[0],[0]],[[{"name":"img_fruits777_lines","rect":{"x":3,"y":564,"width":435,"height":384},"offset":{"x":0,"y":0},"originalSize":{"width":435,"height":384},"rotated":true,"capInsets":[0,0,0,0],"packable":true,"pixelsToUnit":100,"pivot":{"x":0.5,"y":0.5},"meshType":0}],[0],0,[0],[0],[0]],[[{"name":"btn_off","rect":{"x":833,"y":953,"width":62,"height":62},"offset":{"x":0,"y":0},"originalSize":{"width":62,"height":62},"rotated":false,"capInsets":[0,0,0,0],"packable":true,"pixelsToUnit":100,"pivot":{"x":0.5,"y":0.5},"meshType":0}],[0],0,[0],[0],[0]],[[{"name":"img_down_chooseBg","rect":{"x":393,"y":861,"width":172,"height":91},"offset":{"x":0,"y":0},"originalSize":{"width":172,"height":91},"rotated":false,"capInsets":[30,23,23,11],"packable":true,"pixelsToUnit":100,"pivot":{"x":0.5,"y":0.5},"meshType":0}],[0],0,[0],[0],[0]],[[{"name":"img_jackpot_bg","rect":{"x":393,"y":564,"width":291,"height":476},"offset":{"x":0,"y":0},"originalSize":{"width":291,"height":476},"rotated":true,"capInsets":[0,0,0,0],"packable":true,"pixelsToUnit":100,"pivot":{"x":0.5,"y":0.5},"meshType":0}],[0],0,[0],[0],[0]],[[{"name":"img_roller_bgUp","rect":{"x":3,"y":3,"width":1001,"height":555},"offset":{"x":0,"y":0},"originalSize":{"width":1001,"height":555},"rotated":false,"capInsets":[0,0,0,0],"packable":true,"pixelsToUnit":100,"pivot":{"x":0.5,"y":0.5},"meshType":0}],[0],0,[0],[0],[0]],[[{"name":"btn_caozuo_dingbu_di","rect":{"x":589,"y":952,"width":63,"height":64},"offset":{"x":0,"y":0},"originalSize":{"width":63,"height":64},"rotated":false,"capInsets":[0,0,0,0],"packable":true,"pixelsToUnit":100,"pivot":{"x":0.5,"y":0.5},"meshType":0}],[0],0,[0],[0],[0]],[[{"name":"btn_caozuo_bangzhu_di","rect":{"x":791,"y":861,"width":69,"height":86},"offset":{"x":0,"y":-0.5},"originalSize":{"width":73,"height":87},"rotated":false,"capInsets":[0,0,0,0],"packable":true,"pixelsToUnit":100,"pivot":{"x":0.5,"y":0.5},"meshType":0}],[0],0,[0],[0],[0]],[[{"name":"btn_null","rect":{"x":1018,"y":3,"width":1,"height":1},"offset":{"x":0.5,"y":-0.5},"originalSize":{"width":2,"height":2},"rotated":false,"capInsets":[0,0,0,0],"packable":true,"pixelsToUnit":100,"pivot":{"x":0.5,"y":0.5},"meshType":0}],[0],0,[0],[0],[0]],[[{"name":"auto_fruits777","spriteFrames":["img_roller_bgUp","7cvGJK+mJKb6OP/Oe2S15y@f9941","img_down_chooseLine","baV9kenbhKVIhiPnpjse3x@f9941","btn_null","95O2f9H91FwIV/JeufO4Vs@f9941","img_fruits777_lines","522mR/Lx9O278/HNWcNBiJ@f9941","img_jackpot_bg","6d1sqpG9RDGrdxDo+QShei@f9941","img_sgTimes_bg","c70efd1gFHrLx0pkM5alyW@f9941","btn_box_open","2cDvyyyx5JF6pqsEoDroNV@f9941","img_down_chooseBg","67O0WuDFhK+Z42xK0PyXWF@f9941","bg_sg_kbx_jpbox","d6sEfOpV9L04a/sV8RT5Kx@f9941","btn_caozuo_max_di","d3gvD8jOhDkIH5bqsLp5KK@f9941","btn_box_close","33hr09lQdCrpYrJL/OtULf@f9941","btn_caozuo_dingbu_di","84j0irRHFDa64GjKvGf9AW@f9941","btn_caozuo_bangzhu_di","8dcuQcBIJJNLi0giCMiix/@f9941","word_fruits777_jackpot","0fpTPzzJ5AE60ESosr4z/9@f9941","btn_off","5dkrmS3JdHmb7m566dKoqP@f9941","img_down_chooseFast","1diM9SI8dJ3ZUKIHdRM13I@f9941","icon_jp_pg_0","22yC2J9xVFbbeU2Va9X1PK@f9941","btn_caozuo_max","ddosxx3IRBtK+sA4RE3sfc@f9941","zi_spin_wuxian","38viEquapKrKyLO+wsWQUg@f9941","icon_jp_cm_1","2bmihO8LZKtZeplSQYvDlL@f9941","icon_jp_xj_1","62cWrrSjBFtaNYTyUBtZSs@f9941","icon_jp_xj_0","724zWSR+ZA/5hN4XGHR5nd@f9941","icon_jp_xg_1","7cdSmgQOlPrIKfxslCy3Dj@f9941","icon_jp_cm_0","b4qZeOOM9NVJbaFStEanqp@f9941","icon_jp_pt_1","c2drs1dmREv5DW9hPynccN@f9941","icon_jp_pg_1","ccGuoXk3REopCj/H0mq3rN@f9941","icon_jp_pt_0","d9fVy6eQJGUp4qZLk4s0Ta@f9941","icon_jp_xg_0","faBsjeBj5PlpxvBLBL5YzL@f9941","btn_introduce_close","30fUWXKG9Lm5niOnXoev4b@f9941","icon_dt_loading_1","5eHseC3phPmbHa712WQ1ic@f9941","icon_dt_loading_0","e2oe9Um9FFAKbz/C+H5FR3@f9941","img_roller_bg","cerok0yIdAbIuiZsW07drE@f9941"]}],[1],0,[0,0,0,0,0,0,0,0,0,0,0,0,0,0,0,0,0,0,0,0,0,0,0,0,0,0,0,0,0,0,0,0],[0,0,0,0,0,0,0,0,0,0,0,0,0,0,0,0,0,0,0,0,0,0,0,0,0,0,0,0,0,0,0,0],[1,2,3,4,5,6,7,8,9,10,11,12,13,14,15,16,17,18,19,20,21,22,23,24,25,26,27,28,29,30,31,32]],[[{"name":"img_down_chooseLine","rect":{"x":1010,"y":3,"width":146,"height":2},"offset":{"x":0,"y":0},"originalSize":{"width":146,"height":2},"rotated":true,"capInsets":[0,0,0,0],"packable":true,"pixelsToUnit":100,"pivot":{"x":0.5,"y":0.5},"meshType":0}],[0],0,[0],[0],[0]],[[{"name":"img_sgTimes_bg","rect":{"x":875,"y":564,"width":180,"height":129},"offset":{"x":0,"y":0},"originalSize":{"width":180,"height":129},"rotated":true,"capInsets":[0,0,0,0],"packable":true,"pixelsToUnit":100,"pivot":{"x":0.5,"y":0.5},"meshType":0}],[0],0,[0],[0],[0]],[[{"name":"btn_caozuo_max_di","rect":{"x":571,"y":861,"width":96,"height":85},"offset":{"x":0,"y":-1},"originalSize":{"width":100,"height":87},"rotated":false,"capInsets":[0,0,0,0],"packable":true,"pixelsToUnit":100,"pivot":{"x":0.5,"y":0.5},"meshType":0}],[0],0,[0],[0],[0]],[[{"name":"bg_sg_kbx_jpbox","rect":{"x":393,"y":958,"width":190,"height":53},"offset":{"x":0,"y":0},"originalSize":{"width":194,"height":53},"rotated":false,"capInsets":[0,0,0,0],"packable":true,"pixelsToUnit":100,"pivot":{"x":0.5,"y":0.5},"meshType":0}],[0],0,[0],[0],[0]],[[{"name":"btn_caozuo_max","rect":{"x":915,"y":905,"width":96,"height":85},"offset":{"x":0,"y":-1},"originalSize":{"width":100,"height":87},"rotated":false,"capInsets":[0,0,0,0],"packable":true,"pixelsToUnit":100,"pivot":{"x":0.5,"y":0.5},"meshType":0}],[0],0,[0],[0],[0]]]]
