[1,["9d3948ca-8c6b-4f7e-8ebd-b768026de38a","924d5f73-3073-4151-89d6-ab143c5ab515@f9941","5d92b992-dc97-4799-bee6-e7ae9d2a8a8f@f9941","924d5f73-3073-4151-89d6-ab143c5ab515@6c48a","bf6dcd61-ebf1-47b6-895b-55576e668e97@6c48a","bf6dcd61-ebf1-47b6-895b-55576e668e97@f9941","f515bc65-ae72-485a-b0ed-8ffa1369f8bc","e2a1ef54-9bd1-4500-a6f3-fc2f87e45477@f9941","5e1ec782-de98-4f99-b1da-ef5d9643589c@f9941"],["node","_spriteFrame","_atlas","_textureSource","root","_target","_barSprite","data","_file","_normalSprite","spriteFrame"],[["cc.Node",["_name","_active","_layer","_components","_prefab","_parent","_lpos","_children"],0,9,4,1,5,2],["cc.UITransform",["node","__prefab","_contentSize","_anchorPoint"],3,1,4,5,5],["cc.Sprite",["_sizeMode","_type","node","__prefab","_spriteFrame","_atlas"],1,1,4,6,6],["cc.Label",["_string","_actualFontSize","_fontSize","_enableOutline","_lineHeight","_outlineWidth","node","__prefab","_outlineColor","_color"],-3,1,4,5,5],"cc.SpriteFrame",["cc.Widget",["_alignFlags","_originalWidth","_originalHeight","_right","_top","node","__prefab"],-2,1,4],["cc.Prefab",["_name"],2],["cc.Node",["_name","_layer","_parent","_children","_components","_prefab","_lpos"],1,1,2,12,4,5],["cc.CompPrefabInfo",["fileId"],2],["cc.PrefabInfo",["fileId","instance","targetOverrides","nestedPrefabInstanceRoots","root","asset"],-1,1,1],["cc.Button",["_transition","_zoomScale","node","__prefab","_normalColor","_target","_normalSprite"],1,1,4,5,1,6],["cc.ProgressBar",["_totalLength","_progress","node","__prefab","_barSprite"],1,1,4,1],["cc.Layout",["_layoutType","_horizontalDirection","node","__prefab"],1,1,4],["cc.LabelOutline",["node","__prefab"],3,1,4],["cc.ParticleSystem2D",["_name","_dstBlendFactor","emissionRate","life","lifeVar","angle","angleVar","startSize","startSizeVar","endSize","speed","speedVar","tangentialAccel","startRadius","_totalParticles","node","__prefab","posVar","_startColor","_startColorVar","_endColor","_endColorVar","_file","_spriteFrame"],-12,1,4,5,5,5,5,5,6,6],["cc.ParticleAsset",["_name","_native"],1]],[[8,0,2],[9,0,1,2,3,4,5,5],[1,0,1,2,1],[0,0,5,3,4,6,2],[5,0,1,2,5,6,4],[2,1,0,2,3,4,5,3],[13,0,1,1],[6,0,2],[0,0,7,3,4,2],[0,0,1,5,3,4,6,3],[0,0,5,7,3,4,6,2],[0,0,5,3,4,2],[0,0,2,5,3,4,3],[7,0,1,2,3,4,5,6,3],[1,0,1,2,3,1],[1,0,1,3,1],[5,0,3,4,5,6,4],[2,0,2,3,4,2],[2,1,0,2,3,3],[10,0,1,2,3,4,5,6,3],[11,0,1,2,3,4,3],[12,0,1,2,3,3],[3,0,1,2,4,3,6,7,6],[3,0,1,2,3,5,6,7,8,6],[3,0,1,2,6,7,9,4],[14,0,1,2,3,4,5,6,7,8,9,10,11,12,13,14,15,16,17,18,19,20,21,22,23,16],[15,0,1,3]],[[[{"name":"fire","rect":{"x":1,"y":1,"width":29,"height":29},"offset":{"x":-0.5,"y":0.5},"originalSize":{"width":32,"height":32},"rotated":false,"capInsets":[0,0,0,0],"vertices":{"rawPosition":[-14.5,-14.5,0,14.5,-14.5,0,-14.5,14.5,0,14.5,14.5,0],"indexes":[0,1,2,2,1,3],"uv":[1,31,30,31,1,2,30,2],"nuv":[0.03125,0.0625,0.9375,0.0625,0.03125,0.96875,0.9375,0.96875],"minPos":{"x":-14.5,"y":-14.5,"z":0},"maxPos":{"x":14.5,"y":14.5,"z":0}},"packable":true,"pixelsToUnit":100,"pivot":{"x":0.5,"y":0.5},"meshType":0}],[4],0,[0],[3],[3]],[[{"name":"bg_sg_loading","rect":{"x":0,"y":0,"width":1624,"height":750},"offset":{"x":0,"y":0},"originalSize":{"width":1624,"height":750},"rotated":false,"capInsets":[0,0,0,0],"vertices":{"rawPosition":[-812,-375,0,812,-375,0,-812,375,0,812,375,0],"indexes":[0,1,2,2,1,3],"uv":[0,750,1624,750,0,0,1624,0],"nuv":[0,0,1,0,0,1,1,1],"minPos":{"x":-812,"y":-375,"z":0},"maxPos":{"x":812,"y":375,"z":0}},"packable":true,"pixelsToUnit":100,"pivot":{"x":0.5,"y":0.5},"meshType":0}],[4],0,[0],[3],[4]],[[[7,"prefab_fruits777_loading"],[8,"prefab_fruits777_loading",[-4,-5,-6,-7,-8,-9],[[2,-2,[0,"95G9Q2rrxOf531huoVR2hh"],[5,1334,750]],[4,45,1600,800,-3,[0,"d6bi/ZBMlLDJKmO8BGzyJ0"]]],[1,"c46/YsCPVOJYA4mWEpNYRx",null,null,null,-1,0]],[9,"props_btn_return",false,1,[[2,-10,[0,"34MXMqm8tJl4aptSoj1mT0"],[5,62,62]],[5,1,0,-11,[0,"efPpZlLK9Bx7XhYEaNvyA0"],5,6],[19,3,0.9,-13,[0,"50lHvjEYJKz7V5fuPW+T3f"],[4,4292269782],-12,7],[16,33,19,19,-14,[0,"8f16TZ0+hM0IdpRhoeRXaq"]]],[1,"f92iOpz1BOm4fx81jeUPJo",null,null,null,1,0],[1,617,325,0]],[10,"props_progressBar",1,[-19],[[2,-15,[0,"4a8+y6XDxEQr8hbZgEjeAM"],[5,796,48]],[5,1,2,-16,[0,"d08weecPdKrJ9ugCcFoq/9"],3,4],[20,772,0,-18,[0,"436WBbpDtLgbE0pTUV5Ie/"],-17]],[1,"fec6yKf79Ol5KiHUCoGEgs",null,null,null,1,0],[1,0,-240,0]],[13,"Bar",33554432,3,[-23],[[[14,-20,[0,"13d+QgNTlEV43LJyAlKVJR"],[5,0,24],[0,0,0.5]],-21,[21,1,1,-22,[0,"44sQkzh3hJHIFlOlztLC6V"]]],4,1,4],[1,"4cLTz1fL5GbLkDByQaOO+c",null,null,null,1,0],[1,-387,0,0]],[11,"spr_loading_bg",1,[[2,-24,[0,"2dAlhPiJZL66t/Mrt4YOC8"],[5,1334,750]],[17,0,-25,[0,"56spWBZwZPFqI1FPaH1GJe"],0],[4,45,1677.2839999999999,895.951,-26,[0,"7cIa7cbzxI7IdYzMM5/NuS"]]],[1,"31apFmkSFGu7sod7t8hU18",null,null,null,1,0]],[3,"props_progressTip",1,[[2,-27,[0,"a1ian5eYJGSI7OIk8mlVL7"],[5,32.91,41.8]],[22,"0%",20,20,30,true,-28,[0,"c5PzQEQGBIMLmT4C4KABUP"]],[6,-29,[0,"47Bt1gyQpJnbqOy3gOa+z2"]]],[1,"daKwI+zzdAcZUiomyJ9HL4",null,null,null,1,0],[1,0,-240,0]],[3,"props_version",1,[[2,-30,[0,"9fbB2jxUFAfJo6QcYlGF7L"],[5,15.32,52.4]],[23,"--",20,20,true,1,-31,[0,"8akcfFcGlO7oL4DTObNcZr"],[4,4278979598]],[6,-32,[0,"daOzuaMEJLXqeU/PapxFnU"]]],[1,"e6Lv3yj2BBsIvIVyaib8O5",null,null,null,1,0],[1,0,-280,0]],[12,"fire",33554432,4,[[15,-33,[0,"31chWz3AtNnZwwgvI4Mbym"],[0,1,0.5]],[25,"Node<ParticleSystem2D>",1,50,0.3,0.1,180,0,20,5,30,30,20,0,100,100,-34,[0,"83phFG/6lDY4twPBCi1OL9"],[0,10,5],[4,65535],[4,5570560],[4,4278190335],[4,4281597952],1,2]],[1,"2dwW8VjXJEMIeWubTN3BOr",null,null,null,1,0]],[3,"props_error_log",1,[[2,-35,[0,"3ehB/J2LFKC4xBFUP6+ryW"],[5,0,50.4]],[24,"",20,20,-36,[0,"492ORR+0JHpqyM+0G0pn9g"],[4,4278190335]]],[1,"c3RCYNuf9EUqdlabfFxQwz",null,null,null,1,0],[1,0,348.217,0]],[18,2,0,4,[0,"70Ty6fwlhNPqCrjLTbIByX"]]],0,[0,4,1,0,0,1,0,0,1,0,-1,5,0,-2,3,0,-3,6,0,-4,9,0,-5,2,0,-6,7,0,0,2,0,0,2,0,5,2,0,0,2,0,0,2,0,0,3,0,0,3,0,6,10,0,0,3,0,-1,4,0,0,4,0,-2,10,0,0,4,0,-1,8,0,0,5,0,0,5,0,0,5,0,0,6,0,0,6,0,0,6,0,0,7,0,0,7,0,0,7,0,0,8,0,0,8,0,0,9,0,0,9,0,7,1,36],[0,0,0,0,0,0,0,0,10,10],[1,8,1,1,2,1,2,9,1,2],[5,6,1,7,0,2,0,2,8,0]],[[[26,"fire",".plist"],-1],0,0,[0],[10],[1]]]]
