[1,["5dF0Rmwr9Nxaj9d0HkAN/2@6c48a"],["_textureSource"],["cc.SpriteFrame","cc.SpriteAtlas"],0,[[[{"name":"fish64","spriteFrames":["fish64_1","48ZRpymPVCKoGVZUZkMbaA@6f3ef","fish64_10","48ZRpymPVCKoGVZUZkMbaA@b3698","fish64_11","48ZRpymPVCKoGVZUZkMbaA@42cdb","fish64_12","48ZRpymPVCKoGVZUZkMbaA@f1808","fish64_13","48ZRpymPVCKoGVZUZkMbaA@398b7","fish64_14","48ZRpymPVCKoGVZUZkMbaA@a4d50","fish64_15","48ZRpymPVCKoGVZUZkMbaA@a8738","fish64_16","48ZRpymPVCKoGVZUZkMbaA@90e16","fish64_17","48ZRpymPVCKoGVZUZkMbaA@5a87d","fish64_2","48ZRpymPVCKoGVZUZkMbaA@b0b10","fish64_3","48ZRpymPVCKoGVZUZkMbaA@658b8","fish64_4","48ZRpymPVCKoGVZUZkMbaA@4f84c","fish64_5","48ZRpymPVCKoGVZUZkMbaA@c2dc8","fish64_6","48ZRpymPVCKoGVZUZkMbaA@dd986","fish64_7","48ZRpymPVCKoGVZUZkMbaA@d2fd5","fish64_8","48ZRpymPVCKoGVZUZkMbaA@d1a94","fish64_9","48ZRpymPVCKoGVZUZkMbaA@a25d4"]}],[1],0,[],[],[]],[[{"name":"fish64_13","rect":{"x":496,"y":2,"width":529,"height":458},"offset":{"x":1,"y":6},"originalSize":{"width":559,"height":514},"rotated":true,"capInsets":[0,0,0,0],"vertices":{"rawPosition":[],"indexes":[],"uv":[],"nuv":[],"minPos":{"x":0,"y":0,"z":0},"maxPos":{"x":0,"y":0,"z":0}},"packable":true,"pixelsToUnit":100,"pivot":{"x":0.5,"y":0.5},"meshType":0}],[0],0,[0],[0],[0]],[[{"name":"fish64_11","rect":{"x":956,"y":2,"width":525,"height":474},"offset":{"x":15,"y":6},"originalSize":{"width":559,"height":514},"rotated":true,"capInsets":[0,0,0,0],"vertices":{"rawPosition":[],"indexes":[],"uv":[],"nuv":[],"minPos":{"x":0,"y":0,"z":0},"maxPos":{"x":0,"y":0,"z":0}},"packable":true,"pixelsToUnit":100,"pivot":{"x":0.5,"y":0.5},"meshType":0}],[0],0,[0],[0],[0]],[[{"name":"fish64_4","rect":{"x":3150,"y":2,"width":497,"height":446},"offset":{"x":-2,"y":-17},"originalSize":{"width":559,"height":514},"rotated":true,"capInsets":[0,0,0,0],"vertices":{"rawPosition":[],"indexes":[],"uv":[],"nuv":[],"minPos":{"x":0,"y":0,"z":0},"maxPos":{"x":0,"y":0,"z":0}},"packable":true,"pixelsToUnit":100,"pivot":{"x":0.5,"y":0.5},"meshType":0}],[0],0,[0],[0],[0]],[[{"name":"fish64_17","rect":{"x":2035,"y":525,"width":497,"height":448},"offset":{"x":2,"y":-16},"originalSize":{"width":559,"height":514},"rotated":true,"capInsets":[0,0,0,0],"vertices":{"rawPosition":[],"indexes":[],"uv":[],"nuv":[],"minPos":{"x":0,"y":0,"z":0},"maxPos":{"x":0,"y":0,"z":0}},"packable":true,"pixelsToUnit":100,"pivot":{"x":0.5,"y":0.5},"meshType":0}],[0],0,[0],[0],[0]],[[{"name":"fish64_3","rect":{"x":3598,"y":2,"width":497,"height":412},"offset":{"x":0,"y":-5},"originalSize":{"width":559,"height":514},"rotated":true,"capInsets":[0,0,0,0],"vertices":{"rawPosition":[],"indexes":[],"uv":[],"nuv":[],"minPos":{"x":0,"y":0,"z":0},"maxPos":{"x":0,"y":0,"z":0}},"packable":true,"pixelsToUnit":100,"pivot":{"x":0.5,"y":0.5},"meshType":0}],[0],0,[0],[0],[0]],[[{"name":"fish64_1","rect":{"x":1432,"y":2,"width":521,"height":452},"offset":{"x":-9,"y":-19},"originalSize":{"width":559,"height":514},"rotated":true,"capInsets":[0,0,0,0],"vertices":{"rawPosition":[],"indexes":[],"uv":[],"nuv":[],"minPos":{"x":0,"y":0,"z":0},"maxPos":{"x":0,"y":0,"z":0}},"packable":true,"pixelsToUnit":100,"pivot":{"x":0.5,"y":0.5},"meshType":0}],[0],0,[0],[0],[0]],[[{"name":"fish64_16","rect":{"x":2314,"y":2,"width":515,"height":454},"offset":{"x":-6,"y":-12},"originalSize":{"width":559,"height":514},"rotated":true,"capInsets":[0,0,0,0],"vertices":{"rawPosition":[],"indexes":[],"uv":[],"nuv":[],"minPos":{"x":0,"y":0,"z":0},"maxPos":{"x":0,"y":0,"z":0}},"packable":true,"pixelsToUnit":100,"pivot":{"x":0.5,"y":0.5},"meshType":0}],[0],0,[0],[0],[0]],[[{"name":"fish64_9","rect":{"x":2,"y":2,"width":529,"height":492},"offset":{"x":15,"y":2},"originalSize":{"width":559,"height":514},"rotated":true,"capInsets":[0,0,0,0],"vertices":{"rawPosition":[],"indexes":[],"uv":[],"nuv":[],"minPos":{"x":0,"y":0,"z":0},"maxPos":{"x":0,"y":0,"z":0}},"packable":true,"pixelsToUnit":100,"pivot":{"x":0.5,"y":0.5},"meshType":0}],[0],0,[0],[0],[0]],[[{"name":"fish64_14","rect":{"x":2485,"y":519,"width":503,"height":404},"offset":{"x":5,"y":31},"originalSize":{"width":559,"height":514},"rotated":true,"capInsets":[0,0,0,0],"vertices":{"rawPosition":[],"indexes":[],"uv":[],"nuv":[],"minPos":{"x":0,"y":0,"z":0},"maxPos":{"x":0,"y":0,"z":0}},"packable":true,"pixelsToUnit":100,"pivot":{"x":0.5,"y":0.5},"meshType":0}],[0],0,[0],[0],[0]],[[{"name":"fish64_15","rect":{"x":2891,"y":513,"width":505,"height":432},"offset":{"x":-1,"y":9},"originalSize":{"width":559,"height":514},"rotated":true,"capInsets":[0,0,0,0],"vertices":{"rawPosition":[],"indexes":[],"uv":[],"nuv":[],"minPos":{"x":0,"y":0,"z":0},"maxPos":{"x":0,"y":0,"z":0}},"packable":true,"pixelsToUnit":100,"pivot":{"x":0.5,"y":0.5},"meshType":0}],[0],0,[0],[0],[0]],[[{"name":"fish64_2","rect":{"x":3325,"y":501,"width":497,"height":446},"offset":{"x":1,"y":-21},"originalSize":{"width":559,"height":514},"rotated":true,"capInsets":[0,0,0,0],"vertices":{"rawPosition":[],"indexes":[],"uv":[],"nuv":[],"minPos":{"x":0,"y":0,"z":0},"maxPos":{"x":0,"y":0,"z":0}},"packable":true,"pixelsToUnit":100,"pivot":{"x":0.5,"y":0.5},"meshType":0}],[0],0,[0],[0],[0]],[[{"name":"fish64_10","rect":{"x":2,"y":533,"width":527,"height":488},"offset":{"x":16,"y":1},"originalSize":{"width":559,"height":514},"rotated":false,"capInsets":[0,0,0,0],"vertices":{"rawPosition":[],"indexes":[],"uv":[],"nuv":[],"minPos":{"x":0,"y":0,"z":0},"maxPos":{"x":0,"y":0,"z":0}},"packable":true,"pixelsToUnit":100,"pivot":{"x":0.5,"y":0.5},"meshType":0}],[0],0,[0],[0],[0]],[[{"name":"fish64_5","rect":{"x":1581,"y":525,"width":497,"height":452},"offset":{"x":1,"y":-16},"originalSize":{"width":559,"height":514},"rotated":true,"capInsets":[0,0,0,0],"vertices":{"rawPosition":[],"indexes":[],"uv":[],"nuv":[],"minPos":{"x":0,"y":0,"z":0},"maxPos":{"x":0,"y":0,"z":0}},"packable":true,"pixelsToUnit":100,"pivot":{"x":0.5,"y":0.5},"meshType":0}],[0],0,[0],[0],[0]],[[{"name":"fish64_8","rect":{"x":531,"y":533,"width":525,"height":484},"offset":{"x":15,"y":2},"originalSize":{"width":559,"height":514},"rotated":false,"capInsets":[0,0,0,0],"vertices":{"rawPosition":[],"indexes":[],"uv":[],"nuv":[],"minPos":{"x":0,"y":0,"z":0},"maxPos":{"x":0,"y":0,"z":0}},"packable":true,"pixelsToUnit":100,"pivot":{"x":0.5,"y":0.5},"meshType":0}],[0],0,[0],[0],[0]],[[{"name":"fish64_7","rect":{"x":1886,"y":2,"width":521,"height":426},"offset":{"x":10,"y":22},"originalSize":{"width":559,"height":514},"rotated":true,"capInsets":[0,0,0,0],"vertices":{"rawPosition":[],"indexes":[],"uv":[],"nuv":[],"minPos":{"x":0,"y":0,"z":0},"maxPos":{"x":0,"y":0,"z":0}},"packable":true,"pixelsToUnit":100,"pivot":{"x":0.5,"y":0.5},"meshType":0}],[0],0,[0],[0],[0]],[[{"name":"fish64_6","rect":{"x":2770,"y":2,"width":509,"height":378},"offset":{"x":4,"y":33},"originalSize":{"width":559,"height":514},"rotated":true,"capInsets":[0,0,0,0],"vertices":{"rawPosition":[],"indexes":[],"uv":[],"nuv":[],"minPos":{"x":0,"y":0,"z":0},"maxPos":{"x":0,"y":0,"z":0}},"packable":true,"pixelsToUnit":100,"pivot":{"x":0.5,"y":0.5},"meshType":0}],[0],0,[0],[0],[0]],[[{"name":"fish64_12","rect":{"x":1058,"y":529,"width":521,"height":474},"offset":{"x":11,"y":1},"originalSize":{"width":559,"height":514},"rotated":false,"capInsets":[0,0,0,0],"vertices":{"rawPosition":[],"indexes":[],"uv":[],"nuv":[],"minPos":{"x":0,"y":0,"z":0},"maxPos":{"x":0,"y":0,"z":0}},"packable":true,"pixelsToUnit":100,"pivot":{"x":0.5,"y":0.5},"meshType":0}],[0],0,[0],[0],[0]]]]
