[1,["d0wMLiajxHAaNJ5EA9MJxT@6c48a"],["_textureSource"],["cc.SpriteFrame","cc.SpriteAtlas"],0,[[[{"name":"coin","spriteFrames":["coinjump_1","d73WMbDCRK55ZHFFYV34w3@c6132","coinjump_2","d73WMbDCRK55ZHFFYV34w3@aa2d2","coinjump_11","d73WMbDCRK55ZHFFYV34w3@5be2c","coinjump_12","d73WMbDCRK55ZHFFYV34w3@1caba","coinjump_3","d73WMbDCRK55ZHFFYV34w3@49361","coinjump_4","d73WMbDCRK55ZHFFYV34w3@b01f6","coinjump_5","d73WMbDCRK55ZHFFYV34w3@dd358","coinjump_6","d73WMbDCRK55ZHFFYV34w3@a84be","coinjump_7","d73WMbDCRK55ZHFFYV34w3@f5931","coinjump_8","d73WMbDCRK55ZHFFYV34w3@96459","coinjump_9","d73WMbDCRK55ZHFFYV34w3@9443f","coinjump_10","d73WMbDCRK55ZHFFYV34w3@00d87","coinzhuan_1","d73WMbDCRK55ZHFFYV34w3@b51c0","coinzhuan_2","d73WMbDCRK55ZHFFYV34w3@40163","coinzhuan_3","d73WMbDCRK55ZHFFYV34w3@93ba5","coinzhuan_4","d73WMbDCRK55ZHFFYV34w3@f70b3","coinzhuan_5","d73WMbDCRK55ZHFFYV34w3@9bbee","coinzhuan_6","d73WMbDCRK55ZHFFYV34w3@aab12","coinzhuan_7","d73WMbDCRK55ZHFFYV34w3@129c1","coinzhuan_8","d73WMbDCRK55ZHFFYV34w3@5e67d","rubao_1","d73WMbDCRK55ZHFFYV34w3@4551e","rubao_2","d73WMbDCRK55ZHFFYV34w3@01591","rubao_3","d73WMbDCRK55ZHFFYV34w3@ca249","rubao_4","d73WMbDCRK55ZHFFYV34w3@3d169","rubao_5","d73WMbDCRK55ZHFFYV34w3@91426","rubao_6","d73WMbDCRK55ZHFFYV34w3@39948"]}],[1],0,[],[],[]],[[{"name":"coinjump_10","rect":{"x":284,"y":147,"width":36,"height":74},"offset":{"x":1,"y":-44},"originalSize":{"width":200,"height":330},"rotated":true,"capInsets":[0,0,0,0],"vertices":{"rawPosition":[],"indexes":[],"uv":[],"nuv":[],"minPos":{"x":0,"y":0,"z":0},"maxPos":{"x":0,"y":0,"z":0}},"packable":true,"pixelsToUnit":100,"pivot":{"x":0.5,"y":0.5},"meshType":0}],[0],0,[0],[0],[0]],[[{"name":"rubao_2","rect":{"x":424,"y":214,"width":53,"height":53},"offset":{"x":-2,"y":1},"originalSize":{"width":143,"height":121},"rotated":false,"capInsets":[0,0,0,0],"vertices":{"rawPosition":[],"indexes":[],"uv":[],"nuv":[],"minPos":{"x":0,"y":0,"z":0},"maxPos":{"x":0,"y":0,"z":0}},"packable":true,"pixelsToUnit":100,"pivot":{"x":0.5,"y":0.5},"meshType":0}],[0],0,[0],[0],[0]],[[{"name":"coinzhuan_7","rect":{"x":209,"y":2,"width":75,"height":75},"offset":{"x":0,"y":0},"originalSize":{"width":91,"height":91},"rotated":false,"capInsets":[0,0,0,0],"vertices":{"rawPosition":[],"indexes":[],"uv":[],"nuv":[],"minPos":{"x":0,"y":0,"z":0},"maxPos":{"x":0,"y":0,"z":0}},"packable":true,"pixelsToUnit":100,"pivot":{"x":0.5,"y":0.5},"meshType":0}],[0],0,[0],[0],[0]],[[{"name":"coinjump_12","rect":{"x":131,"y":149,"width":74,"height":74},"offset":{"x":1,"y":-50},"originalSize":{"width":200,"height":330},"rotated":false,"capInsets":[0,0,0,0],"vertices":{"rawPosition":[],"indexes":[],"uv":[],"nuv":[],"minPos":{"x":0,"y":0,"z":0},"maxPos":{"x":0,"y":0,"z":0}},"packable":true,"pixelsToUnit":100,"pivot":{"x":0.5,"y":0.5},"meshType":0}],[0],0,[0],[0],[0]],[[{"name":"rubao_6","rect":{"x":132,"y":2,"width":75,"height":75},"offset":{"x":-2,"y":1},"originalSize":{"width":143,"height":121},"rotated":false,"capInsets":[0,0,0,0],"vertices":{"rawPosition":[],"indexes":[],"uv":[],"nuv":[],"minPos":{"x":0,"y":0,"z":0},"maxPos":{"x":0,"y":0,"z":0}},"packable":true,"pixelsToUnit":100,"pivot":{"x":0.5,"y":0.5},"meshType":0}],[0],0,[0],[0],[0]],[[{"name":"rubao_4","rect":{"x":350,"y":221,"width":67,"height":67},"offset":{"x":-2,"y":1},"originalSize":{"width":143,"height":121},"rotated":false,"capInsets":[0,0,0,0],"vertices":{"rawPosition":[],"indexes":[],"uv":[],"nuv":[],"minPos":{"x":0,"y":0,"z":0},"maxPos":{"x":0,"y":0,"z":0}},"packable":true,"pixelsToUnit":100,"pivot":{"x":0.5,"y":0.5},"meshType":0}],[0],0,[0],[0],[0]],[[{"name":"coinzhuan_2","rect":{"x":399,"y":78,"width":67,"height":73},"offset":{"x":2,"y":-1},"originalSize":{"width":91,"height":91},"rotated":false,"capInsets":[0,0,0,0],"vertices":{"rawPosition":[],"indexes":[],"uv":[],"nuv":[],"minPos":{"x":0,"y":0,"z":0},"maxPos":{"x":0,"y":0,"z":0}},"packable":true,"pixelsToUnit":100,"pivot":{"x":0.5,"y":0.5},"meshType":0}],[0],0,[0],[0],[0]],[[{"name":"rubao_1","rect":{"x":2,"y":130,"width":127,"height":121},"offset":{"x":-6,"y":0},"originalSize":{"width":143,"height":121},"rotated":false,"capInsets":[0,0,0,0],"vertices":{"rawPosition":[],"indexes":[],"uv":[],"nuv":[],"minPos":{"x":0,"y":0,"z":0},"maxPos":{"x":0,"y":0,"z":0}},"packable":true,"pixelsToUnit":100,"pivot":{"x":0.5,"y":0.5},"meshType":0}],[0],0,[0],[0],[0]],[[{"name":"coinjump_3","rect":{"x":2,"y":253,"width":52,"height":58},"offset":{"x":2,"y":35},"originalSize":{"width":200,"height":330},"rotated":true,"capInsets":[0,0,0,0],"vertices":{"rawPosition":[],"indexes":[],"uv":[],"nuv":[],"minPos":{"x":0,"y":0,"z":0},"maxPos":{"x":0,"y":0,"z":0}},"packable":true,"pixelsToUnit":100,"pivot":{"x":0.5,"y":0.5},"meshType":0}],[0],0,[0],[0],[0]],[[{"name":"coinjump_11","rect":{"x":208,"y":79,"width":68,"height":74},"offset":{"x":2,"y":-62},"originalSize":{"width":200,"height":330},"rotated":true,"capInsets":[0,0,0,0],"vertices":{"rawPosition":[],"indexes":[],"uv":[],"nuv":[],"minPos":{"x":0,"y":0,"z":0},"maxPos":{"x":0,"y":0,"z":0}},"packable":true,"pixelsToUnit":100,"pivot":{"x":0.5,"y":0.5},"meshType":0}],[0],0,[0],[0],[0]],[[{"name":"coinzhuan_8","rect":{"x":137,"y":225,"width":67,"height":73},"offset":{"x":-2,"y":-1},"originalSize":{"width":91,"height":91},"rotated":true,"capInsets":[0,0,0,0],"vertices":{"rawPosition":[],"indexes":[],"uv":[],"nuv":[],"minPos":{"x":0,"y":0,"z":0},"maxPos":{"x":0,"y":0,"z":0}},"packable":true,"pixelsToUnit":100,"pivot":{"x":0.5,"y":0.5},"meshType":0}],[0],0,[0],[0],[0]],[[{"name":"rubao_5","rect":{"x":207,"y":149,"width":71,"height":71},"offset":{"x":-2,"y":1},"originalSize":{"width":143,"height":121},"rotated":false,"capInsets":[0,0,0,0],"vertices":{"rawPosition":[],"indexes":[],"uv":[],"nuv":[],"minPos":{"x":0,"y":0,"z":0},"maxPos":{"x":0,"y":0,"z":0}},"packable":true,"pixelsToUnit":100,"pivot":{"x":0.5,"y":0.5},"meshType":0}],[0],0,[0],[0],[0]],[[{"name":"coinzhuan_3","rect":{"x":286,"y":2,"width":75,"height":75},"offset":{"x":0,"y":0},"originalSize":{"width":91,"height":91},"rotated":false,"capInsets":[0,0,0,0],"vertices":{"rawPosition":[],"indexes":[],"uv":[],"nuv":[],"minPos":{"x":0,"y":0,"z":0},"maxPos":{"x":0,"y":0,"z":0}},"packable":true,"pixelsToUnit":100,"pivot":{"x":0.5,"y":0.5},"meshType":0}],[0],0,[0],[0],[0]],[[{"name":"coinjump_9","rect":{"x":284,"y":79,"width":66,"height":74},"offset":{"x":-1,"y":-27},"originalSize":{"width":200,"height":330},"rotated":true,"capInsets":[0,0,0,0],"vertices":{"rawPosition":[],"indexes":[],"uv":[],"nuv":[],"minPos":{"x":0,"y":0,"z":0},"maxPos":{"x":0,"y":0,"z":0}},"packable":true,"pixelsToUnit":100,"pivot":{"x":0.5,"y":0.5},"meshType":0}],[0],0,[0],[0],[0]],[[{"name":"coinjump_8","rect":{"x":363,"y":2,"width":74,"height":74},"offset":{"x":1,"y":-56},"originalSize":{"width":200,"height":330},"rotated":false,"capInsets":[0,0,0,0],"vertices":{"rawPosition":[],"indexes":[],"uv":[],"nuv":[],"minPos":{"x":0,"y":0,"z":0},"maxPos":{"x":0,"y":0,"z":0}},"packable":true,"pixelsToUnit":100,"pivot":{"x":0.5,"y":0.5},"meshType":0}],[0],0,[0],[0],[0]],[[{"name":"coinzhuan_5","rect":{"x":62,"y":253,"width":37,"height":73},"offset":{"x":0,"y":-1},"originalSize":{"width":91,"height":91},"rotated":true,"capInsets":[0,0,0,0],"vertices":{"rawPosition":[],"indexes":[],"uv":[],"nuv":[],"minPos":{"x":0,"y":0,"z":0},"maxPos":{"x":0,"y":0,"z":0}},"packable":true,"pixelsToUnit":100,"pivot":{"x":0.5,"y":0.5},"meshType":0}],[0],0,[0],[0],[0]],[[{"name":"coinjump_6","rect":{"x":280,"y":185,"width":34,"height":70},"offset":{"x":1,"y":-13},"originalSize":{"width":200,"height":330},"rotated":true,"capInsets":[0,0,0,0],"vertices":{"rawPosition":[],"indexes":[],"uv":[],"nuv":[],"minPos":{"x":0,"y":0,"z":0},"maxPos":{"x":0,"y":0,"z":0}},"packable":true,"pixelsToUnit":100,"pivot":{"x":0.5,"y":0.5},"meshType":0}],[0],0,[0],[0],[0]],[[{"name":"coinjump_2","rect":{"x":468,"y":70,"width":26,"height":70},"offset":{"x":0,"y":-58},"originalSize":{"width":200,"height":330},"rotated":false,"capInsets":[0,0,0,0],"vertices":{"rawPosition":[],"indexes":[],"uv":[],"nuv":[],"minPos":{"x":0,"y":0,"z":0},"maxPos":{"x":0,"y":0,"z":0}},"packable":true,"pixelsToUnit":100,"pivot":{"x":0.5,"y":0.5},"meshType":0}],[0],0,[0],[0],[0]],[[{"name":"coinzhuan_6","rect":{"x":212,"y":222,"width":67,"height":73},"offset":{"x":2,"y":-1},"originalSize":{"width":91,"height":91},"rotated":false,"capInsets":[0,0,0,0],"vertices":{"rawPosition":[],"indexes":[],"uv":[],"nuv":[],"minPos":{"x":0,"y":0,"z":0},"maxPos":{"x":0,"y":0,"z":0}},"packable":true,"pixelsToUnit":100,"pivot":{"x":0.5,"y":0.5},"meshType":0}],[0],0,[0],[0],[0]],[[{"name":"coinjump_4","rect":{"x":360,"y":154,"width":62,"height":62},"offset":{"x":0,"y":120},"originalSize":{"width":200,"height":330},"rotated":false,"capInsets":[0,0,0,0],"vertices":{"rawPosition":[],"indexes":[],"uv":[],"nuv":[],"minPos":{"x":0,"y":0,"z":0},"maxPos":{"x":0,"y":0,"z":0}},"packable":true,"pixelsToUnit":100,"pivot":{"x":0.5,"y":0.5},"meshType":0}],[0],0,[0],[0],[0]],[[{"name":"coinzhuan_1","rect":{"x":360,"y":79,"width":37,"height":73},"offset":{"x":0,"y":-1},"originalSize":{"width":91,"height":91},"rotated":false,"capInsets":[0,0,0,0],"vertices":{"rawPosition":[],"indexes":[],"uv":[],"nuv":[],"minPos":{"x":0,"y":0,"z":0},"maxPos":{"x":0,"y":0,"z":0}},"packable":true,"pixelsToUnit":100,"pivot":{"x":0.5,"y":0.5},"meshType":0}],[0],0,[0],[0],[0]],[[{"name":"coinjump_1","rect":{"x":2,"y":2,"width":128,"height":126},"offset":{"x":0,"y":-81},"originalSize":{"width":200,"height":330},"rotated":false,"capInsets":[0,0,0,0],"vertices":{"rawPosition":[],"indexes":[],"uv":[],"nuv":[],"minPos":{"x":0,"y":0,"z":0},"maxPos":{"x":0,"y":0,"z":0}},"packable":true,"pixelsToUnit":100,"pivot":{"x":0.5,"y":0.5},"meshType":0}],[0],0,[0],[0],[0]],[[{"name":"rubao_3","rect":{"x":424,"y":153,"width":59,"height":59},"offset":{"x":-2,"y":1},"originalSize":{"width":143,"height":121},"rotated":false,"capInsets":[0,0,0,0],"vertices":{"rawPosition":[],"indexes":[],"uv":[],"nuv":[],"minPos":{"x":0,"y":0,"z":0},"maxPos":{"x":0,"y":0,"z":0}},"packable":true,"pixelsToUnit":100,"pivot":{"x":0.5,"y":0.5},"meshType":0}],[0],0,[0],[0],[0]],[[{"name":"coinjump_5","rect":{"x":439,"y":2,"width":60,"height":66},"offset":{"x":-1,"y":54},"originalSize":{"width":200,"height":330},"rotated":false,"capInsets":[0,0,0,0],"vertices":{"rawPosition":[],"indexes":[],"uv":[],"nuv":[],"minPos":{"x":0,"y":0,"z":0},"maxPos":{"x":0,"y":0,"z":0}},"packable":true,"pixelsToUnit":100,"pivot":{"x":0.5,"y":0.5},"meshType":0}],[0],0,[0],[0],[0]],[[{"name":"coinjump_7","rect":{"x":132,"y":79,"width":68,"height":74},"offset":{"x":2,"y":-80},"originalSize":{"width":200,"height":330},"rotated":true,"capInsets":[0,0,0,0],"vertices":{"rawPosition":[],"indexes":[],"uv":[],"nuv":[],"minPos":{"x":0,"y":0,"z":0},"maxPos":{"x":0,"y":0,"z":0}},"packable":true,"pixelsToUnit":100,"pivot":{"x":0.5,"y":0.5},"meshType":0}],[0],0,[0],[0],[0]],[[{"name":"coinzhuan_4","rect":{"x":281,"y":221,"width":67,"height":73},"offset":{"x":-2,"y":-1},"originalSize":{"width":91,"height":91},"rotated":false,"capInsets":[0,0,0,0],"vertices":{"rawPosition":[],"indexes":[],"uv":[],"nuv":[],"minPos":{"x":0,"y":0,"z":0},"maxPos":{"x":0,"y":0,"z":0}},"packable":true,"pixelsToUnit":100,"pivot":{"x":0.5,"y":0.5},"meshType":0}],[0],0,[0],[0],[0]]]]
