[1,["2877MhucZOUrkiBXFyFOrc@6c48a"],["_textureSource"],["cc.SpriteFrame"],0,[{"name":"youwon_es","rect":{"x":0,"y":0,"width":243,"height":55},"offset":{"x":0,"y":0},"originalSize":{"width":243,"height":55},"rotated":false,"capInsets":[0,0,0,0],"vertices":{"rawPosition":[-121.5,-27.5,0,121.5,-27.5,0,-121.5,27.5,0,121.5,27.5,0],"indexes":[0,1,2,2,1,3],"uv":[0,55,243,55,0,0,243,0],"nuv":[0,0,1,0,0,1,1,1],"minPos":{"x":-121.5,"y":-27.5,"z":0},"maxPos":{"x":121.5,"y":27.5,"z":0}},"packable":true,"pixelsToUnit":100,"pivot":{"x":0.5,"y":0.5},"meshType":0}],[0],0,[0],[0],[0]]
