[1,["132623ce2@6c48a"],["_textureSource"],["cc.SpriteFrame","cc.SpriteAtlas"],0,[[[{"name":"btn_share_help","rect":{"x":855,"y":791,"width":26,"height":26},"offset":{"x":0,"y":0},"originalSize":{"width":26,"height":26},"rotated":false,"capInsets":[0,0,0,0],"packable":true,"pixelsToUnit":100,"pivot":{"x":0.5,"y":0.5},"meshType":0}],[0],0,[0],[0],[0]],[[{"name":"icon_dt_xinxi_yonghu_down","rect":{"x":589,"y":584,"width":32,"height":38},"offset":{"x":0,"y":0.5},"originalSize":{"width":32,"height":39},"rotated":false,"capInsets":[0,0,0,0],"packable":true,"pixelsToUnit":100,"pivot":{"x":0.5,"y":0.5},"meshType":0}],[0],0,[0],[0],[0]],[[{"name":"wore_share_saham","rect":{"x":812,"y":177,"width":67,"height":16},"offset":{"x":0,"y":0},"originalSize":{"width":67,"height":16},"rotated":false,"capInsets":[0,0,0,0],"packable":true,"pixelsToUnit":100,"pivot":{"x":0.5,"y":0.5},"meshType":0}],[0],0,[0],[0],[0]],[[{"name":"zi_xiugaimima","rect":{"x":765,"y":259,"width":129,"height":41},"offset":{"x":0,"y":0},"originalSize":{"width":129,"height":41},"rotated":true,"capInsets":[0,0,0,0],"packable":true,"pixelsToUnit":100,"pivot":{"x":0.5,"y":0.5},"meshType":0}],[0],0,[0],[0],[0]],[[{"name":"font_bangding_0","rect":{"x":175,"y":177,"width":253,"height":168},"offset":{"x":-1.5,"y":44},"originalSize":{"width":256,"height":256},"rotated":true,"capInsets":[0,0,0,0],"packable":true,"pixelsToUnit":100,"pivot":{"x":0.5,"y":0.5},"meshType":0}],[0],0,[0],[0],[0]],[[{"name":"input_person_bg1","rect":{"x":812,"y":3,"width":94,"height":72},"offset":{"x":0,"y":0},"originalSize":{"width":94,"height":72},"rotated":true,"capInsets":[13,18,18,13],"packable":true,"pixelsToUnit":100,"pivot":{"x":0.5,"y":0.5},"meshType":0}],[0],0,[0],[0],[0]],[[{"name":"word_person_ransel1","rect":{"x":594,"y":398,"width":157,"height":34},"offset":{"x":0,"y":0},"originalSize":{"width":157,"height":34},"rotated":false,"capInsets":[0,0,0,0],"packable":true,"pixelsToUnit":100,"pivot":{"x":0.5,"y":0.5},"meshType":0}],[0],0,[0],[0],[0]],[[{"name":"auto_person","spriteFrames":["title_shere_daili","a4ilwiG4lNAKqYW6UziXEg@f9941","input_person_bg1","0az8OdIqBICqRohMfgyPGr@f9941","bg_dt_xinxi_touxianyulan","1bfh1masdOQqjjhDDzwJSr@f9941","word_water_koin","f2LyMV7+NDqL09aoiqfHeb@f9941","KonfirmasiSandi","b9xVKlLGhAzZN96IWBLk8Z@f9941","UbahKataSandi","42c+/Lhu5MO5h4y0+xR7GV@f9941","img_water_skalaSaat","f9JSpV7kdPeILx+5y7ZavC@f9941","word_share_instruksi","d702wFhOVIBI+qxwQZGUzY@f9941","word_person_ubahNama","41VUbB7lFBkZWaTDgiYTef@f9941","word_water_rasioBonus","ddPngevn5KT7tosBHalri4@f9941","TingkatkanAkun","36jRnkDcpGXLv/jIGLmsJ8@f9941","word_share_hadiah","5dx/9UNBJCzICRpc9Cbi9C@f9941","word_share_mengikat","3f34LN5lVNq7P+4KPHvlxy@f9941","word_share_pendapatan","52HzXLicdDIJxvkZwGiey/@f9941","bg_dt_daili_bgfengexian","3dmtaj7QtK6pgvAIJXFc0j@f9941","titile_person_beranda","25DlEevydL96KPxEoSBFn8@f9941","word_person_bindphone","c6W3MAU65KypNzXUcmILNo@f9941","zi_KODEHADIAH","batY2XCfFPuoeDkEzEyvWe@f9941","btn_share","550+8PFn9Js5AamN9zYKhK@f9941","Yesterday's  earnings","8dmUr3uyNPjacCgHuk+/jm@f9941","font_bangding_0","08m6/VVs9IhpfC0HkZQgxP@f9941","word_water_cucikode1","3dLsjKgqRCH6Ulqsr6hn61@f9941","word_person_switch","75p0T9fxRJtINX8HP6DM3T@f9941","bangzhu_box","12g1sW04ZCrJ0Hl1I6DGm9@f9941","btn_login_send","a6I6CpoCtKv6qf43W6yMQu@f9941","icon_dt_beibao_wu","605iLapBdCkay0QhjxGFwU@f9941","icon_dt_xinxi_yonghu_up","e6ay/SBatE5IYTBPTDRYxU@f9941","word_person_vibration","bbBUZoNpFM8ZnX9yrFVVjy@f9941","Players placed bets yesterday","bdR7OsBrFB2pmAYzpr2MOK@f9941","InfoCode","36DqS0KR9JnKNHo/dHQ2zV@f9941","word_person_tentu","43vyMPaxtN+b+C0bPQnwuU@f9941","Subordinate","45D5mtoFRIwZT50U7d7GDu@f9941","fanshui_1","1eLyor5rdKxZcDluYEElhf@f9941","fanshui_0","cazRgJ/NFEi4XgOBekBqb2@f9941","word_person_phone","41+HV6LdtIJZjuzGhzFAoz@f9941","SandiBaru","1fKvOOZ4FGWJOQtp9y1B8T@f9941","word_person_ubah","33EewA/DZP9LH9IWZEQ5BJ@f9941","VIP","47n3anlf9Kcap+50xmZnen@f9941","zi_RincianBawahan_1","d3KoMghmFDHruaR5+Lou+Z@f9941","word_person_informasl","6aynU0JIpJ57A/1NyhU6lc@f9941","word_share_bawahanTotalTaruhan","86VgCbvM1LO588hQtm7cnI@f9941","word_person_informasi","d9n3cGLbFKFI1/jx8vnJNt@f9941","img_water_sisa","0fwLRLyGNEoasUl+xfev8M@f9941","bg_dt_xinxi_touxiangkuang","41xOEnIshH/IBinJt+6P88@f9941","word_share_taruhanPemain","69eazg3kpNYrNhKG2Uwa6b@f9941","word_share_kode","91uxD3jONJZoTlCOhIKdso@f9941","word_share_pemberi","eeNs2KJSNDCoCUJOhvcwMN@f9941","Sandi ","30ybfNi9VFQ5oOJuRIHl1A@f9941","wore_share_saham","05QC0Y4EVNjJR4myZGD8vZ@f9941","img_share_bg","594fqPMENDArtVwNOcDcpG@f9941","btn_dt_hui","c4oG+fY65Ac71SFru5tB8Z@f9941","zi_xiugaimima","06RuqTDBJKyoSHvkpQ1RqC@f9941","SandiLama","14G8l2WGhJx7n38jAy4ohZ@f9941","zi_RincianBawahan_0","f6LKjUY2BB+IpQifcCRO8o@f9941","icon_dt_xinxi_vip1","c19+K0GJlHFJuGunGAvyl8@f9941","icon_dt_xinxi_vip3","bdIseR0xdKLbnEEQqLDDEC@f9941","word_person_logout","93/EJFSCZE/asVv7/nQhJw@f9941","word_share_akting","16u1y3Le5MZpZF2UtGMyhn@f9941","word_person_ransel1","0baH+5TLNJy75W+s8UpLn+@f9941","bg_dt_xinxi_touxiangbg","37JEGRWXdHKYwsgjEwkRty@f9941","word_person_ransel","3dnL/oa3lE8bPjF/hN120/@f9941","bg_dt_fanshuibeijing","a9I6zqRNpHT4j64Fgy9KPH@f9941","icon_dt_xinxi_dengji","73WvbA9G1IBbwn3F6FJ5Y7@f9941","icon_dt_xinxi_libao","daCM7ACY1N8oXVtIU6fPpV@f9941","icon_dt_xinxi_vip5","76ezT9BmtOy7t9EHRnVE+y@f9941","word_water_cuci","edraO/XpVMo5ZqpeHw5Tui@f9941","word_person_captcha","19SuwNILNMnqQXX/xZ1oXa@f9941","icon_dt_xinxi_vip2","4538z0AXFCC4whU3i6Y9Qs@f9941","word_person_bgm","4azoiXgIJN95PxxFz3y8Xd@f9941","word_share_bergabungHariIni","7dp4DdxYJEFaVcmSxH/n1l@f9941","word_share_rekor","b8xrIVln5KEJCNxwOw7kGd@f9941","word_share_berbagi","baj3P9TfdFeITi/Z7QNrwM@f9941","btn_dt_xinxi_fuzhi","3bT5Y7/KVEkIr8+2zRsLnX@f9941","btn_dt_xinxi_xiugai","82G9/xDRRJAZyJrFfY+dg6@f9941","img_water_wan","83j+APcC1Er7xsp1kz42F6@f9941","word_akting_pemberi","f95FALZi5CL5Lv0oYzF2xs@f9941","Kode Referral Saya","44pT0X8UNKd6g/f7/yuTJo@f9941","icon_dt_xinxi_vip4","4fUBnmvbhFXpiNDKhdNpUw@f9941","input_person_bg","59+RZjuvVFHIiu4QtgNEVJ@f9941","btn_dt_xinxi_shang","aa5hMzBDRNH5WnPvHHw7o9@f9941","word_person_bahasa1","35SUTzEaVJEb2rj6ycHJSZ@f9941","word_share_akting1","dfXOp32ZpF1IlRFWKWc2wK@f9941","Current effec tive bet amount","96avJJOnFBZLNXhk+5mkPD@f9941","word_person_bindphone1","64iL2hPZpAEZZp34MhrXj3@f9941","btn_dt_xinxi_touxiangxiugai","3a8rYcKz9AKIy5bBQBxZW8@f9941","word_person_bahasa","47tlocNqJLmZ2eeBTkLz+J@f9941","word_person_sound","c9ICGcf3tEkIjY9m+Ptlnh@f9941","img_water_jumlah","4a3YTMHW1MWYqFRn9evah9@f9941","word_person_profil","937MvSmtpB+YGdnaiORRm5@f9941","icon_dt_xinxi_yonghu_down","04WUkryc1JH4VRHgs2Wjay@f9941","word_share_pemberiRekomendasi","f5L8mUSNRNQ4diZzEg9hyL@f9941","word_person_profil1","9crDla/NhAO5JD5qk8gF9+@f9941","logo","58+naaquBPYpiYBrjsa4Wa@f9941","Joined Yesterday","c3WoFd3p5DDJwJHpgBzVfs@f9941","icon_share","16T5RiO4dIYqB4zmcwJcMn@f9941","icon_share1","38lTHg9utMNLVVVRQY6Jl3@f9941","word_person_batal","dcFAkfTK5AMaiMiL+3aJUQ@f9941","icon_fanshui_0","32EWW/zjJM47pFduY7qqzl@f9941","word_share_bawahan","82xCHDcBxH/LV65L1Dl42x@f9941","word_person_setting1","2axa9ydLJJ4Kbmk/vVp0ad@f9941","word_person_setting","9ep+igYWFNL6ib5zqmEDzQ@f9941","btn_share_copy","62weomSD9Ce7Zts1Eeo2Yb@f9941","Akun ","cevlYa9x1NR5rYnJ3nVyOi@f9941","icon_peson_phone","f7koIBRR5JqobDTVJJ5u8i@f9941","word_aktingBtn_mengikat","287yAcFutIvpYeJoXf9UNm@f9941","icon_dt_xinxi_xinxiao","daufInH8BASYL56EnCyn3O@f9941","btn_share_mengi","92CGUzyqpAV61peUatv4ya@f9941","word_share_ekstrak","c7nfBZLZ1Ny7iK97JHdJNp@f9941","word_person_level","3cZL4pKutE2YShy9gUvgA4@f9941","btn_dt_xinxi_xia","b1Pr9C2SJC/K7deAqN2JFj@f9941","icon_fanshui_1","45uYq92jxHObcL0m9IZJWP@f9941","word_share_hadiahReferensi","203lpE4DJJZab9yGfKQw5z@f9941","word_person_music","86nP3fosRBQ52YKwN2HaOQ@f9941","word_share_jumlah","20x9n3ZeFHxa5+yW1g6A9/@f9941","word_share_penghasilanHarilni","86j/pCky5CPYlqsQxZttol@f9941","icon_dt_xinxi_bag_up","38DXB0+65KSprsDzTiQe/6@f9941","word_share_jumlahImbalan","b5n7cslhxPaLk0rV5Rx6vh@f9941","icon_dt_xinxi_yinyue","9fxup0FI1HmaTA017+Sufd@f9941","btn_share_help","03tOyE2E5J44VTWo9gFwed@f9941","icon_dt_xinxi_bag_down","f1aKdUDjNOe4eeN/aYmdcW@f9941"]}],[1],0,[],[],[]],[[{"name":"img_water_sisa","rect":{"x":380,"y":238,"width":154,"height":34},"offset":{"x":0,"y":0},"originalSize":{"width":154,"height":34},"rotated":false,"capInsets":[0,0,0,0],"packable":true,"pixelsToUnit":100,"pivot":{"x":0.5,"y":0.5},"meshType":0}],[0],0,[0],[0],[0]],[[{"name":"bangzhu_box","rect":{"x":209,"y":113,"width":57,"height":65},"offset":{"x":0,"y":0},"originalSize":{"width":57,"height":65},"rotated":true,"capInsets":[20,0,11,0],"packable":true,"pixelsToUnit":100,"pivot":{"x":0.5,"y":0.5},"meshType":0}],[0],0,[0],[0],[0]],[[{"name":"SandiLama","rect":{"x":541,"y":280,"width":216,"height":25},"offset":{"x":0,"y":0},"originalSize":{"width":216,"height":25},"rotated":false,"capInsets":[0,0,0,0],"packable":true,"pixelsToUnit":100,"pivot":{"x":0.5,"y":0.5},"meshType":0}],[0],0,[0],[0],[0]],[[{"name":"icon_share","rect":{"x":576,"y":773,"width":35,"height":38},"offset":{"x":0,"y":0},"originalSize":{"width":35,"height":38},"rotated":false,"capInsets":[0,0,0,0],"packable":true,"pixelsToUnit":100,"pivot":{"x":0.5,"y":0.5},"meshType":0}],[0],0,[0],[0],[0]],[[{"name":"word_share_akting","rect":{"x":758,"y":394,"width":128,"height":29},"offset":{"x":0,"y":0},"originalSize":{"width":128,"height":29},"rotated":false,"capInsets":[0,0,0,0],"packable":true,"pixelsToUnit":100,"pivot":{"x":0.5,"y":0.5},"meshType":0}],[0],0,[0],[0],[0]],[[{"name":"word_person_captcha","rect":{"x":594,"y":478,"width":147,"height":34},"offset":{"x":0,"y":0},"originalSize":{"width":147,"height":34},"rotated":false,"capInsets":[0,0,0,0],"packable":true,"pixelsToUnit":100,"pivot":{"x":0.5,"y":0.5},"meshType":0}],[0],0,[0],[0],[0]],[[{"name":"bg_dt_xinxi_touxianyulan","rect":{"x":812,"y":103,"width":68,"height":68},"offset":{"x":0,"y":0},"originalSize":{"width":68,"height":68},"rotated":false,"capInsets":[0,0,0,0],"packable":true,"pixelsToUnit":100,"pivot":{"x":0.5,"y":0.5},"meshType":0}],[0],0,[0],[0],[0]],[[{"name":"fanshui_1","rect":{"x":276,"y":436,"width":112,"height":29},"offset":{"x":0,"y":0},"originalSize":{"width":112,"height":29},"rotated":true,"capInsets":[0,0,0,0],"packable":true,"pixelsToUnit":100,"pivot":{"x":0.5,"y":0.5},"meshType":0}],[0],0,[0],[0],[0]],[[{"name":"SandiBaru","rect":{"x":349,"y":177,"width":234,"height":25},"offset":{"x":0,"y":0},"originalSize":{"width":234,"height":25},"rotated":true,"capInsets":[0,0,0,0],"packable":true,"pixelsToUnit":100,"pivot":{"x":0.5,"y":0.5},"meshType":0}],[0],0,[0],[0],[0]],[[{"name":"word_share_jumlah","rect":{"x":803,"y":719,"width":79,"height":34},"offset":{"x":0,"y":0},"originalSize":{"width":79,"height":34},"rotated":false,"capInsets":[0,0,0,0],"packable":true,"pixelsToUnit":100,"pivot":{"x":0.5,"y":0.5},"meshType":0}],[0],0,[0],[0],[0]],[[{"name":"word_share_hadiahReferensi","rect":{"x":803,"y":653,"width":80,"height":34},"offset":{"x":0,"y":0},"originalSize":{"width":80,"height":34},"rotated":false,"capInsets":[0,0,0,0],"packable":true,"pixelsToUnit":100,"pivot":{"x":0.5,"y":0.5},"meshType":0}],[0],0,[0],[0],[0]],[[{"name":"titile_person_beranda","rect":{"x":129,"y":563,"width":261,"height":80},"offset":{"x":0,"y":0},"originalSize":{"width":263,"height":82},"rotated":true,"capInsets":[0,0,0,0],"packable":true,"pixelsToUnit":100,"pivot":{"x":0.5,"y":0.5},"meshType":0}],[0],0,[0],[0],[0]],[[{"name":"word_aktingBtn_mengikat","rect":{"x":723,"y":654,"width":90,"height":34},"offset":{"x":0,"y":0},"originalSize":{"width":90,"height":34},"rotated":true,"capInsets":[0,0,0,0],"packable":true,"pixelsToUnit":100,"pivot":{"x":0.5,"y":0.5},"meshType":0}],[0],0,[0],[0],[0]],[[{"name":"word_person_setting1","rect":{"x":667,"y":758,"width":98,"height":28},"offset":{"x":0,"y":0},"originalSize":{"width":98,"height":28},"rotated":true,"capInsets":[0,0,0,0],"packable":true,"pixelsToUnit":100,"pivot":{"x":0.5,"y":0.5},"meshType":0}],[0],0,[0],[0],[0]],[[{"name":"Sandi ","rect":{"x":778,"y":152,"width":101,"height":28},"offset":{"x":0,"y":0},"originalSize":{"width":101,"height":28},"rotated":true,"capInsets":[0,0,0,0],"packable":true,"pixelsToUnit":100,"pivot":{"x":0.5,"y":0.5},"meshType":0}],[0],0,[0],[0],[0]],[[{"name":"icon_fanshui_0","rect":{"x":627,"y":817,"width":38,"height":34},"offset":{"x":0,"y":0},"originalSize":{"width":38,"height":34},"rotated":true,"capInsets":[0,0,0,0],"packable":true,"pixelsToUnit":100,"pivot":{"x":0.5,"y":0.5},"meshType":0}],[0],0,[0],[0],[0]],[[{"name":"word_person_ubah","rect":{"x":594,"y":113,"width":191,"height":25},"offset":{"x":0,"y":0},"originalSize":{"width":191,"height":25},"rotated":false,"capInsets":[0,0,0,0],"packable":true,"pixelsToUnit":100,"pivot":{"x":0.5,"y":0.5},"meshType":0}],[0],0,[0],[0],[0]],[[{"name":"word_person_bahasa1","rect":{"x":439,"y":685,"width":130,"height":24},"offset":{"x":0,"y":0},"originalSize":{"width":130,"height":24},"rotated":true,"capInsets":[0,0,0,0],"packable":true,"pixelsToUnit":100,"pivot":{"x":0.5,"y":0.5},"meshType":0}],[0],0,[0],[0],[0]],[[{"name":"InfoCode","rect":{"x":454,"y":865,"width":64,"height":22},"offset":{"x":0,"y":0},"originalSize":{"width":64,"height":22},"rotated":false,"capInsets":[0,0,0,0],"packable":true,"pixelsToUnit":100,"pivot":{"x":0.5,"y":0.5},"meshType":0}],[0],0,[0],[0],[0]],[[{"name":"TingkatkanAkun","rect":{"x":70,"y":177,"width":279,"height":36},"offset":{"x":0,"y":0},"originalSize":{"width":279,"height":36},"rotated":true,"capInsets":[0,0,0,0],"packable":true,"pixelsToUnit":100,"pivot":{"x":0.5,"y":0.5},"meshType":0}],[0],0,[0],[0],[0]],[[{"name":"bg_dt_xinxi_touxiangbg","rect":{"x":757,"y":429,"width":130,"height":130},"offset":{"x":0,"y":0},"originalSize":{"width":130,"height":130},"rotated":false,"capInsets":[0,0,0,0],"packable":true,"pixelsToUnit":100,"pivot":{"x":0.5,"y":0.5},"meshType":0}],[0],0,[0],[0],[0]],[[{"name":"icon_dt_xinxi_bag_up","rect":{"x":788,"y":841,"width":35,"height":35},"offset":{"x":0,"y":0},"originalSize":{"width":35,"height":35},"rotated":false,"capInsets":[0,0,0,0],"packable":true,"pixelsToUnit":100,"pivot":{"x":0.5,"y":0.5},"meshType":0}],[0],0,[0],[0],[0]],[[{"name":"icon_share1","rect":{"x":617,"y":773,"width":35,"height":38},"offset":{"x":0,"y":0},"originalSize":{"width":35,"height":38},"rotated":false,"capInsets":[0,0,0,0],"packable":true,"pixelsToUnit":100,"pivot":{"x":0.5,"y":0.5},"meshType":0}],[0],0,[0],[0],[0]],[[{"name":"btn_dt_xinxi_touxiangxiugai","rect":{"x":529,"y":637,"width":41,"height":41},"offset":{"x":0,"y":0},"originalSize":{"width":41,"height":41},"rotated":false,"capInsets":[0,0,0,0],"packable":true,"pixelsToUnit":100,"pivot":{"x":0.5,"y":0.5},"meshType":0}],[0],0,[0],[0],[0]],[[{"name":"btn_dt_xinxi_fuzhi","rect":{"x":864,"y":293,"width":24,"height":23},"offset":{"x":0,"y":0},"originalSize":{"width":24,"height":23},"rotated":true,"capInsets":[0,0,0,0],"packable":true,"pixelsToUnit":100,"pivot":{"x":0.5,"y":0.5},"meshType":0}],[0],0,[0],[0],[0]],[[{"name":"word_person_level","rect":{"x":803,"y":627,"width":84,"height":20},"offset":{"x":0,"y":0},"originalSize":{"width":84,"height":20},"rotated":false,"capInsets":[0,0,0,0],"packable":true,"pixelsToUnit":100,"pivot":{"x":0.5,"y":0.5},"meshType":0}],[0],0,[0],[0],[0]],[[{"name":"word_water_cucikode1","rect":{"x":186,"y":113,"width":58,"height":17},"offset":{"x":0.5,"y":0},"originalSize":{"width":59,"height":19},"rotated":true,"capInsets":[0,0,0,0],"packable":true,"pixelsToUnit":100,"pivot":{"x":0.5,"y":0.5},"meshType":0}],[0],0,[0],[0],[0]],[[{"name":"bg_dt_daili_bgfengexian","rect":{"x":87,"y":848,"width":63,"height":4},"offset":{"x":0,"y":0},"originalSize":{"width":63,"height":4},"rotated":false,"capInsets":[0,0,0,0],"packable":true,"pixelsToUnit":100,"pivot":{"x":0.5,"y":0.5},"meshType":0}],[0],0,[0],[0],[0]],[[{"name":"word_person_ransel","rect":{"x":594,"y":438,"width":157,"height":34},"offset":{"x":0,"y":0},"originalSize":{"width":157,"height":34},"rotated":false,"capInsets":[0,0,0,0],"packable":true,"pixelsToUnit":100,"pivot":{"x":0.5,"y":0.5},"meshType":0}],[0],0,[0],[0],[0]],[[{"name":"word_share_mengikat","rect":{"x":87,"y":563,"width":279,"height":36},"offset":{"x":0,"y":0},"originalSize":{"width":279,"height":36},"rotated":true,"capInsets":[0,0,0,0],"packable":true,"pixelsToUnit":100,"pivot":{"x":0.5,"y":0.5},"meshType":0}],[0],0,[0],[0],[0]],[[{"name":"word_person_ubahNama","rect":{"x":45,"y":564,"width":296,"height":36},"offset":{"x":0,"y":0},"originalSize":{"width":296,"height":36},"rotated":true,"capInsets":[0,0,0,0],"packable":true,"pixelsToUnit":100,"pivot":{"x":0.5,"y":0.5},"meshType":0}],[0],0,[0],[0],[0]],[[{"name":"bg_dt_xinxi_touxiangkuang","rect":{"x":380,"y":278,"width":152,"height":156},"offset":{"x":0,"y":0},"originalSize":{"width":152,"height":156},"rotated":false,"capInsets":[0,0,0,0],"packable":true,"pixelsToUnit":100,"pivot":{"x":0.5,"y":0.5},"meshType":0}],[0],0,[0],[0],[0]],[[{"name":"word_person_phone","rect":{"x":346,"y":436,"width":111,"height":28},"offset":{"x":0,"y":0},"originalSize":{"width":111,"height":28},"rotated":true,"capInsets":[0,0,0,0],"packable":true,"pixelsToUnit":100,"pivot":{"x":0.5,"y":0.5},"meshType":0}],[0],0,[0],[0],[0]],[[{"name":"UbahKataSandi","rect":{"x":3,"y":569,"width":297,"height":36},"offset":{"x":0,"y":0},"originalSize":{"width":297,"height":36},"rotated":true,"capInsets":[0,0,0,0],"packable":true,"pixelsToUnit":100,"pivot":{"x":0.5,"y":0.5},"meshType":0}],[0],0,[0],[0],[0]],[[{"name":"word_person_tentu","rect":{"x":524,"y":865,"width":64,"height":22},"offset":{"x":0,"y":0},"originalSize":{"width":64,"height":22},"rotated":false,"capInsets":[0,0,0,0],"packable":true,"pixelsToUnit":100,"pivot":{"x":0.5,"y":0.5},"meshType":0}],[0],0,[0],[0],[0]],[[{"name":"Kode Referral Saya","rect":{"x":594,"y":540,"width":136,"height":38},"offset":{"x":0,"y":0},"originalSize":{"width":136,"height":38},"rotated":false,"capInsets":[0,0,0,0],"packable":true,"pixelsToUnit":100,"pivot":{"x":0.5,"y":0.5},"meshType":0}],[0],0,[0],[0],[0]],[[{"name":"Subordinate","rect":{"x":254,"y":436,"width":118,"height":16},"offset":{"x":0,"y":0},"originalSize":{"width":118,"height":16},"rotated":true,"capInsets":[0,0,0,0],"packable":true,"pixelsToUnit":100,"pivot":{"x":0.5,"y":0.5},"meshType":0}],[0],0,[0],[0],[0]],[[{"name":"icon_fanshui_1","rect":{"x":748,"y":846,"width":38,"height":34},"offset":{"x":0,"y":0},"originalSize":{"width":38,"height":34},"rotated":true,"capInsets":[0,0,0,0],"packable":true,"pixelsToUnit":100,"pivot":{"x":0.5,"y":0.5},"meshType":0}],[0],0,[0],[0],[0]],[[{"name":"icon_dt_xinxi_vip2","rect":{"x":534,"y":513,"width":54,"height":60},"offset":{"x":0,"y":0},"originalSize":{"width":54,"height":60},"rotated":false,"capInsets":[0,0,0,0],"packable":true,"pixelsToUnit":100,"pivot":{"x":0.5,"y":0.5},"meshType":0}],[0],0,[0],[0],[0]],[[{"name":"VIP","rect":{"x":791,"y":113,"width":33,"height":15},"offset":{"x":0,"y":0},"originalSize":{"width":33,"height":15},"rotated":true,"capInsets":[0,0,0,0],"packable":true,"pixelsToUnit":100,"pivot":{"x":0.5,"y":0.5},"meshType":0}],[0],0,[0],[0],[0]],[[{"name":"word_person_bahasa","rect":{"x":546,"y":684,"width":127,"height":24},"offset":{"x":0,"y":0},"originalSize":{"width":127,"height":24},"rotated":true,"capInsets":[0,0,0,0],"packable":true,"pixelsToUnit":100,"pivot":{"x":0.5,"y":0.5},"meshType":0}],[0],0,[0],[0],[0]],[[{"name":"word_person_bgm","rect":{"x":463,"y":569,"width":62,"height":20},"offset":{"x":0,"y":0},"originalSize":{"width":62,"height":20},"rotated":false,"capInsets":[0,0,0,0],"packable":true,"pixelsToUnit":100,"pivot":{"x":0.5,"y":0.5},"meshType":0}],[0],0,[0],[0],[0]],[[{"name":"img_water_jumlah","rect":{"x":736,"y":565,"width":135,"height":16},"offset":{"x":0,"y":0},"originalSize":{"width":135,"height":16},"rotated":false,"capInsets":[0,0,0,0],"packable":true,"pixelsToUnit":100,"pivot":{"x":0.5,"y":0.5},"meshType":0}],[0],0,[0],[0],[0]],[[{"name":"icon_dt_xinxi_vip4","rect":{"x":531,"y":579,"width":52,"height":52},"offset":{"x":0,"y":0},"originalSize":{"width":52,"height":52},"rotated":false,"capInsets":[0,0,0,0],"packable":true,"pixelsToUnit":100,"pivot":{"x":0.5,"y":0.5},"meshType":0}],[0],0,[0],[0],[0]],[[{"name":"word_share_pendapatan","rect":{"x":110,"y":462,"width":95,"height":20},"offset":{"x":0,"y":0},"originalSize":{"width":95,"height":20},"rotated":true,"capInsets":[0,0,0,0],"packable":true,"pixelsToUnit":100,"pivot":{"x":0.5,"y":0.5},"meshType":0}],[0],0,[0],[0],[0]],[[{"name":"btn_share","rect":{"x":112,"y":177,"width":259,"height":57},"offset":{"x":0,"y":0},"originalSize":{"width":259,"height":57},"rotated":true,"capInsets":[0,0,0,0],"packable":true,"pixelsToUnit":100,"pivot":{"x":0.5,"y":0.5},"meshType":0}],[0],0,[0],[0],[0]],[[{"name":"logo","rect":{"x":589,"y":628,"width":32,"height":32},"offset":{"x":0,"y":0},"originalSize":{"width":32,"height":32},"rotated":false,"capInsets":[0,0,0,0],"packable":true,"pixelsToUnit":100,"pivot":{"x":0.5,"y":0.5},"meshType":0}],[0],0,[0],[0],[0]],[[{"name":"img_share_bg","rect":{"x":812,"y":199,"width":65,"height":66},"offset":{"x":0,"y":0},"originalSize":{"width":65,"height":66},"rotated":true,"capInsets":[9,14,9,14],"packable":true,"pixelsToUnit":100,"pivot":{"x":0.5,"y":0.5},"meshType":0}],[0],0,[0],[0],[0]],[[{"name":"input_person_bg","rect":{"x":463,"y":595,"width":84,"height":60},"offset":{"x":0,"y":0},"originalSize":{"width":84,"height":60},"rotated":true,"capInsets":[8,7,8,10],"packable":true,"pixelsToUnit":100,"pivot":{"x":0.5,"y":0.5},"meshType":0}],[0],0,[0],[0],[0]],[[{"name":"word_share_hadiah","rect":{"x":70,"y":462,"width":95,"height":34},"offset":{"x":0,"y":0},"originalSize":{"width":95,"height":34},"rotated":true,"capInsets":[0,0,0,0],"packable":true,"pixelsToUnit":100,"pivot":{"x":0.5,"y":0.5},"meshType":0}],[0],0,[0],[0],[0]],[[{"name":"icon_dt_beibao_wu","rect":{"x":215,"y":563,"width":218,"height":252},"offset":{"x":0,"y":0},"originalSize":{"width":218,"height":252},"rotated":false,"capInsets":[0,0,0,0],"packable":true,"pixelsToUnit":100,"pivot":{"x":0.5,"y":0.5},"meshType":0}],[0],0,[0],[0],[0]],[[{"name":"btn_share_copy","rect":{"x":684,"y":862,"width":25,"height":26},"offset":{"x":0,"y":0},"originalSize":{"width":25,"height":26},"rotated":true,"capInsets":[0,0,0,0],"packable":true,"pixelsToUnit":100,"pivot":{"x":0.5,"y":0.5},"meshType":0}],[0],0,[0],[0],[0]],[[{"name":"word_person_bindphone1","rect":{"x":541,"y":818,"width":80,"height":41},"offset":{"x":0,"y":0},"originalSize":{"width":80,"height":41},"rotated":false,"capInsets":[0,0,0,0],"packable":true,"pixelsToUnit":100,"pivot":{"x":0.5,"y":0.5},"meshType":0}],[0],0,[0],[0],[0]],[[{"name":"word_share_taruhanPemain","rect":{"x":380,"y":440,"width":110,"height":38},"offset":{"x":0,"y":0},"originalSize":{"width":110,"height":38},"rotated":true,"capInsets":[0,0,0,0],"packable":true,"pixelsToUnit":100,"pivot":{"x":0.5,"y":0.5},"meshType":0}],[0],0,[0],[0],[0]],[[{"name":"word_person_informasl","rect":{"x":380,"y":174,"width":155,"height":26},"offset":{"x":0,"y":0},"originalSize":{"width":155,"height":26},"rotated":false,"capInsets":[0,0,0,0],"packable":true,"pixelsToUnit":100,"pivot":{"x":0.5,"y":0.5},"meshType":0}],[0],0,[0],[0],[0]],[[{"name":"icon_dt_xinxi_dengji","rect":{"x":464,"y":440,"width":64,"height":66},"offset":{"x":-0.5,"y":0},"originalSize":{"width":65,"height":66},"rotated":true,"capInsets":[0,0,0,0],"packable":true,"pixelsToUnit":100,"pivot":{"x":0.5,"y":0.5},"meshType":0}],[0],0,[0],[0],[0]],[[{"name":"word_person_switch","rect":{"x":180,"y":436,"width":121,"height":41},"offset":{"x":0,"y":0},"originalSize":{"width":121,"height":41},"rotated":true,"capInsets":[0,0,0,0],"packable":true,"pixelsToUnit":100,"pivot":{"x":0.5,"y":0.5},"meshType":0}],[0],0,[0],[0],[0]],[[{"name":"icon_dt_xinxi_vip5","rect":{"x":464,"y":510,"width":53,"height":64},"offset":{"x":0,"y":0},"originalSize":{"width":53,"height":64},"rotated":true,"capInsets":[0,0,0,0],"packable":true,"pixelsToUnit":100,"pivot":{"x":0.5,"y":0.5},"meshType":0}],[0],0,[0],[0],[0]],[[{"name":"word_share_bergabungHariIni","rect":{"x":812,"y":270,"width":104,"height":20},"offset":{"x":0,"y":0},"originalSize":{"width":104,"height":20},"rotated":true,"capInsets":[0,0,0,0],"packable":true,"pixelsToUnit":100,"pivot":{"x":0.5,"y":0.5},"meshType":0}],[0],0,[0],[0],[0]],[[{"name":"btn_dt_xinxi_xiugai","rect":{"x":864,"y":323,"width":22,"height":24},"offset":{"x":0,"y":0},"originalSize":{"width":22,"height":24},"rotated":false,"capInsets":[0,0,0,0],"packable":true,"pixelsToUnit":100,"pivot":{"x":0.5,"y":0.5},"meshType":0}],[0],0,[0],[0],[0]],[[{"name":"word_share_bawahan","rect":{"x":649,"y":654,"width":98,"height":34},"offset":{"x":0,"y":0},"originalSize":{"width":98,"height":34},"rotated":true,"capInsets":[0,0,0,0],"packable":true,"pixelsToUnit":100,"pivot":{"x":0.5,"y":0.5},"meshType":0}],[0],0,[0],[0],[0]],[[{"name":"img_water_wan","rect":{"x":864,"y":353,"width":33,"height":16},"offset":{"x":0,"y":0},"originalSize":{"width":33,"height":16},"rotated":true,"capInsets":[0,0,0,0],"packable":true,"pixelsToUnit":100,"pivot":{"x":0.5,"y":0.5},"meshType":0}],[0],0,[0],[0],[0]],[[{"name":"word_share_bawahanTotalTaruhan","rect":{"x":398,"y":113,"width":137,"height":34},"offset":{"x":0,"y":0},"originalSize":{"width":137,"height":34},"rotated":false,"capInsets":[0,0,0,0],"packable":true,"pixelsToUnit":100,"pivot":{"x":0.5,"y":0.5},"meshType":0}],[0],0,[0],[0],[0]],[[{"name":"word_share_penghasilanHarilni","rect":{"x":775,"y":759,"width":76,"height":34},"offset":{"x":0,"y":0},"originalSize":{"width":76,"height":34},"rotated":true,"capInsets":[0,0,0,0],"packable":true,"pixelsToUnit":100,"pivot":{"x":0.5,"y":0.5},"meshType":0}],[0],0,[0],[0],[0]],[[{"name":"word_person_music","rect":{"x":803,"y":693,"width":80,"height":20},"offset":{"x":0,"y":0},"originalSize":{"width":80,"height":20},"rotated":false,"capInsets":[0,0,0,0],"packable":true,"pixelsToUnit":100,"pivot":{"x":0.5,"y":0.5},"meshType":0}],[0],0,[0],[0],[0]],[[{"name":"Yesterday's  earnings","rect":{"x":136,"y":442,"width":115,"height":38},"offset":{"x":0,"y":0},"originalSize":{"width":115,"height":38},"rotated":true,"capInsets":[0,0,0,0],"packable":true,"pixelsToUnit":100,"pivot":{"x":0.5,"y":0.5},"meshType":0}],[0],0,[0],[0],[0]],[[{"name":"word_share_kode","rect":{"x":424,"y":440,"width":107,"height":34},"offset":{"x":0,"y":0},"originalSize":{"width":107,"height":34},"rotated":true,"capInsets":[0,0,0,0],"packable":true,"pixelsToUnit":100,"pivot":{"x":0.5,"y":0.5},"meshType":0}],[0],0,[0],[0],[0]],[[{"name":"btn_share_mengi","rect":{"x":735,"y":750,"width":90,"height":34},"offset":{"x":0,"y":0},"originalSize":{"width":90,"height":34},"rotated":true,"capInsets":[0,0,0,0],"packable":true,"pixelsToUnit":100,"pivot":{"x":0.5,"y":0.5},"meshType":0}],[0],0,[0],[0],[0]],[[{"name":"word_person_profil","rect":{"x":627,"y":584,"width":102,"height":29},"offset":{"x":0,"y":0},"originalSize":{"width":102,"height":29},"rotated":false,"capInsets":[0,0,0,0],"packable":true,"pixelsToUnit":100,"pivot":{"x":0.5,"y":0.5},"meshType":0}],[0],0,[0],[0],[0]],[[{"name":"word_person_logout","rect":{"x":594,"y":363,"width":158,"height":29},"offset":{"x":0,"y":0},"originalSize":{"width":158,"height":29},"rotated":false,"capInsets":[0,0,0,0],"packable":true,"pixelsToUnit":100,"pivot":{"x":0.5,"y":0.5},"meshType":0}],[0],0,[0],[0],[0]],[[{"name":"Current effec tive bet amount","rect":{"x":504,"y":685,"width":127,"height":36},"offset":{"x":-13.5,"y":0.5},"originalSize":{"width":154,"height":39},"rotated":true,"capInsets":[0,0,0,0],"packable":true,"pixelsToUnit":100,"pivot":{"x":0.5,"y":0.5},"meshType":0}],[0],0,[0],[0],[0]],[[{"name":"word_person_profil1","rect":{"x":627,"y":619,"width":102,"height":29},"offset":{"x":0,"y":0},"originalSize":{"width":102,"height":29},"rotated":false,"capInsets":[0,0,0,0],"packable":true,"pixelsToUnit":100,"pivot":{"x":0.5,"y":0.5},"meshType":0}],[0],0,[0],[0],[0]],[[{"name":"word_person_setting","rect":{"x":689,"y":654,"width":98,"height":28},"offset":{"x":0,"y":0},"originalSize":{"width":98,"height":28},"rotated":true,"capInsets":[0,0,0,0],"packable":true,"pixelsToUnit":100,"pivot":{"x":0.5,"y":0.5},"meshType":0}],[0],0,[0],[0],[0]],[[{"name":"icon_dt_xinxi_yinyue","rect":{"x":855,"y":759,"width":29,"height":26},"offset":{"x":0.5,"y":0},"originalSize":{"width":30,"height":26},"rotated":false,"capInsets":[0,0,0,0],"packable":true,"pixelsToUnit":100,"pivot":{"x":0.5,"y":0.5},"meshType":0}],[0],0,[0],[0],[0]],[[{"name":"title_shere_daili","rect":{"x":3,"y":3,"width":803,"height":104},"offset":{"x":0,"y":0},"originalSize":{"width":803,"height":104},"rotated":false,"capInsets":[0,0,0,0],"packable":true,"pixelsToUnit":100,"pivot":{"x":0.5,"y":0.5},"meshType":0}],[0],0,[0],[0],[0]],[[{"name":"btn_login_send","rect":{"x":280,"y":113,"width":112,"height":55},"offset":{"x":0,"y":0},"originalSize":{"width":112,"height":55},"rotated":false,"capInsets":[0,0,0,0],"packable":true,"pixelsToUnit":100,"pivot":{"x":0.5,"y":0.5},"meshType":0}],[0],0,[0],[0],[0]],[[{"name":"bg_dt_fanshuibeijing","rect":{"x":538,"y":399,"width":48,"height":48},"offset":{"x":0,"y":0},"originalSize":{"width":48,"height":48},"rotated":false,"capInsets":[6,7,6,6],"packable":true,"pixelsToUnit":100,"pivot":{"x":0.5,"y":0.5},"meshType":0}],[0],0,[0],[0],[0]],[[{"name":"btn_dt_xinxi_shang","rect":{"x":439,"y":618,"width":26,"height":18},"offset":{"x":0,"y":0},"originalSize":{"width":28,"height":20},"rotated":true,"capInsets":[0,0,0,0],"packable":true,"pixelsToUnit":100,"pivot":{"x":0.5,"y":0.5},"meshType":0}],[0],0,[0],[0],[0]],[[{"name":"btn_dt_xinxi_xia","rect":{"x":769,"y":627,"width":27,"height":20},"offset":{"x":-0.5,"y":0},"originalSize":{"width":28,"height":20},"rotated":false,"capInsets":[0,0,0,0],"packable":true,"pixelsToUnit":100,"pivot":{"x":0.5,"y":0.5},"meshType":0}],[0],0,[0],[0],[0]],[[{"name":"word_share_jumlahImbalan","rect":{"x":815,"y":759,"width":76,"height":34},"offset":{"x":0,"y":0},"originalSize":{"width":76,"height":34},"rotated":true,"capInsets":[0,0,0,0],"packable":true,"pixelsToUnit":100,"pivot":{"x":0.5,"y":0.5},"meshType":0}],[0],0,[0],[0],[0]],[[{"name":"word_share_rekor","rect":{"x":838,"y":270,"width":45,"height":17},"offset":{"x":0,"y":0},"originalSize":{"width":45,"height":17},"rotated":false,"capInsets":[0,0,0,0],"packable":true,"pixelsToUnit":100,"pivot":{"x":0.5,"y":0.5},"meshType":0}],[0],0,[0],[0],[0]],[[{"name":"KonfirmasiSandi","rect":{"x":3,"y":113,"width":177,"height":58},"offset":{"x":0,"y":0},"originalSize":{"width":177,"height":58},"rotated":false,"capInsets":[0,0,0,0],"packable":true,"pixelsToUnit":100,"pivot":{"x":0.5,"y":0.5},"meshType":0}],[0],0,[0],[0],[0]],[[{"name":"word_share_berbagi","rect":{"x":838,"y":293,"width":93,"height":20},"offset":{"x":0,"y":0},"originalSize":{"width":93,"height":20},"rotated":true,"capInsets":[0,0,0,0],"packable":true,"pixelsToUnit":100,"pivot":{"x":0.5,"y":0.5},"meshType":0}],[0],0,[0],[0],[0]],[[{"name":"zi_KODEHADIAH","rect":{"x":284,"y":866,"width":164,"height":21},"offset":{"x":0,"y":0},"originalSize":{"width":164,"height":21},"rotated":false,"capInsets":[0,0,0,0],"packable":true,"pixelsToUnit":100,"pivot":{"x":0.5,"y":0.5},"meshType":0}],[0],0,[0],[0],[0]],[[{"name":"word_person_vibration","rect":{"x":227,"y":436,"width":121,"height":21},"offset":{"x":0,"y":0},"originalSize":{"width":121,"height":21},"rotated":true,"capInsets":[0,0,0,0],"packable":true,"pixelsToUnit":100,"pivot":{"x":0.5,"y":0.5},"meshType":0}],[0],0,[0],[0],[0]],[[{"name":"icon_dt_xinxi_vip3","rect":{"x":538,"y":355,"width":49,"height":38},"offset":{"x":0,"y":0},"originalSize":{"width":49,"height":38},"rotated":false,"capInsets":[0,0,0,0],"packable":true,"pixelsToUnit":100,"pivot":{"x":0.5,"y":0.5},"meshType":0}],[0],0,[0],[0],[0]],[[{"name":"Players placed bets yesterday","rect":{"x":388,"y":821,"width":147,"height":38},"offset":{"x":0,"y":0},"originalSize":{"width":147,"height":38},"rotated":false,"capInsets":[0,0,0,0],"packable":true,"pixelsToUnit":100,"pivot":{"x":0.5,"y":0.5},"meshType":0}],[0],0,[0],[0],[0]],[[{"name":"icon_dt_xinxi_vip1","rect":{"x":538,"y":311,"width":50,"height":38},"offset":{"x":0,"y":0},"originalSize":{"width":50,"height":38},"rotated":false,"capInsets":[0,0,0,0],"packable":true,"pixelsToUnit":100,"pivot":{"x":0.5,"y":0.5},"meshType":0}],[0],0,[0],[0],[0]],[[{"name":"Joined Yesterday","rect":{"x":576,"y":666,"width":101,"height":38},"offset":{"x":0,"y":0},"originalSize":{"width":101,"height":38},"rotated":true,"capInsets":[0,0,0,0],"packable":true,"pixelsToUnit":100,"pivot":{"x":0.5,"y":0.5},"meshType":0}],[0],0,[0],[0],[0]],[[{"name":"btn_dt_hui","rect":{"x":594,"y":195,"width":165,"height":61},"offset":{"x":0,"y":0},"originalSize":{"width":165,"height":61},"rotated":false,"capInsets":[0,0,0,0],"packable":true,"pixelsToUnit":100,"pivot":{"x":0.5,"y":0.5},"meshType":0}],[0],0,[0],[0],[0]],[[{"name":"word_person_bindphone","rect":{"x":156,"y":830,"width":188,"height":30},"offset":{"x":0,"y":0},"originalSize":{"width":188,"height":30},"rotated":false,"capInsets":[0,0,0,0],"packable":true,"pixelsToUnit":100,"pivot":{"x":0.5,"y":0.5},"meshType":0}],[0],0,[0],[0],[0]],[[{"name":"word_share_ekstrak","rect":{"x":763,"y":654,"width":90,"height":34},"offset":{"x":0,"y":0},"originalSize":{"width":90,"height":34},"rotated":true,"capInsets":[0,0,0,0],"packable":true,"pixelsToUnit":100,"pivot":{"x":0.5,"y":0.5},"meshType":0}],[0],0,[0],[0],[0]],[[{"name":"word_person_sound","rect":{"x":594,"y":865,"width":84,"height":21},"offset":{"x":0,"y":0},"originalSize":{"width":84,"height":21},"rotated":false,"capInsets":[0,0,0,0],"packable":true,"pixelsToUnit":100,"pivot":{"x":0.5,"y":0.5},"meshType":0}],[0],0,[0],[0],[0]],[[{"name":"fanshui_0","rect":{"x":311,"y":436,"width":112,"height":29},"offset":{"x":0,"y":0},"originalSize":{"width":112,"height":29},"rotated":true,"capInsets":[0,0,0,0],"packable":true,"pixelsToUnit":100,"pivot":{"x":0.5,"y":0.5},"meshType":0}],[0],0,[0],[0],[0]],[[{"name":"Akun ","rect":{"x":701,"y":758,"width":92,"height":28},"offset":{"x":0,"y":0},"originalSize":{"width":92,"height":28},"rotated":true,"capInsets":[0,0,0,0],"packable":true,"pixelsToUnit":100,"pivot":{"x":0.5,"y":0.5},"meshType":0}],[0],0,[0],[0],[0]],[[{"name":"zi_RincianBawahan_1","rect":{"x":541,"y":113,"width":161,"height":46},"offset":{"x":0,"y":0},"originalSize":{"width":161,"height":46},"rotated":true,"capInsets":[0,0,0,0],"packable":true,"pixelsToUnit":100,"pivot":{"x":0.5,"y":0.5},"meshType":0}],[0],0,[0],[0],[0]],[[{"name":"word_share_instruksi","rect":{"x":35,"y":177,"width":381,"height":29},"offset":{"x":0,"y":0},"originalSize":{"width":381,"height":29},"rotated":true,"capInsets":[0,0,0,0],"packable":true,"pixelsToUnit":100,"pivot":{"x":0.5,"y":0.5},"meshType":0}],[0],0,[0],[0],[0]],[[{"name":"word_person_informasi","rect":{"x":380,"y":206,"width":155,"height":26},"offset":{"x":0,"y":0},"originalSize":{"width":155,"height":26},"rotated":false,"capInsets":[0,0,0,0],"packable":true,"pixelsToUnit":100,"pivot":{"x":0.5,"y":0.5},"meshType":0}],[0],0,[0],[0],[0]],[[{"name":"icon_dt_xinxi_libao","rect":{"x":536,"y":453,"width":54,"height":52},"offset":{"x":0,"y":0},"originalSize":{"width":54,"height":52},"rotated":true,"capInsets":[0,0,0,0],"packable":true,"pixelsToUnit":100,"pivot":{"x":0.5,"y":0.5},"meshType":0}],[0],0,[0],[0],[0]],[[{"name":"icon_dt_xinxi_xinxiao","rect":{"x":735,"y":627,"width":28,"height":21},"offset":{"x":0,"y":0},"originalSize":{"width":28,"height":21},"rotated":false,"capInsets":[0,0,0,0],"packable":true,"pixelsToUnit":100,"pivot":{"x":0.5,"y":0.5},"meshType":0}],[0],0,[0],[0],[0]],[[{"name":"word_person_batal","rect":{"x":620,"y":666,"width":99,"height":23},"offset":{"x":0,"y":0},"originalSize":{"width":99,"height":23},"rotated":true,"capInsets":[0,0,0,0],"packable":true,"pixelsToUnit":100,"pivot":{"x":0.5,"y":0.5},"meshType":0}],[0],0,[0],[0],[0]],[[{"name":"word_water_rasioBonus","rect":{"x":61,"y":866,"width":217,"height":21},"offset":{"x":0,"y":0},"originalSize":{"width":217,"height":21},"rotated":false,"capInsets":[0,0,0,0],"packable":true,"pixelsToUnit":100,"pivot":{"x":0.5,"y":0.5},"meshType":0}],[0],0,[0],[0],[0]],[[{"name":"word_share_akting1","rect":{"x":469,"y":685,"width":128,"height":29},"offset":{"x":0,"y":0},"originalSize":{"width":128,"height":29},"rotated":true,"capInsets":[0,0,0,0],"packable":true,"pixelsToUnit":100,"pivot":{"x":0.5,"y":0.5},"meshType":0}],[0],0,[0],[0],[0]],[[{"name":"icon_dt_xinxi_yonghu_up","rect":{"x":350,"y":821,"width":32,"height":39},"offset":{"x":0,"y":0},"originalSize":{"width":32,"height":39},"rotated":false,"capInsets":[0,0,0,0],"packable":true,"pixelsToUnit":100,"pivot":{"x":0.5,"y":0.5},"meshType":0}],[0],0,[0],[0],[0]],[[{"name":"word_water_cuci","rect":{"x":439,"y":553,"width":59,"height":18},"offset":{"x":0,"y":0.5},"originalSize":{"width":59,"height":19},"rotated":true,"capInsets":[0,0,0,0],"packable":true,"pixelsToUnit":100,"pivot":{"x":0.5,"y":0.5},"meshType":0}],[0],0,[0],[0],[0]],[[{"name":"word_share_pemberi","rect":{"x":594,"y":144,"width":178,"height":45},"offset":{"x":0,"y":0},"originalSize":{"width":178,"height":45},"rotated":false,"capInsets":[0,0,0,0],"packable":true,"pixelsToUnit":100,"pivot":{"x":0.5,"y":0.5},"meshType":0}],[0],0,[0],[0],[0]],[[{"name":"icon_dt_xinxi_bag_down","rect":{"x":829,"y":841,"width":35,"height":35},"offset":{"x":0,"y":0},"originalSize":{"width":35,"height":35},"rotated":false,"capInsets":[0,0,0,0],"packable":true,"pixelsToUnit":100,"pivot":{"x":0.5,"y":0.5},"meshType":0}],[0],0,[0],[0],[0]],[[{"name":"word_water_koin","rect":{"x":3,"y":177,"width":386,"height":26},"offset":{"x":0,"y":0},"originalSize":{"width":386,"height":26},"rotated":true,"capInsets":[0,0,0,0],"packable":true,"pixelsToUnit":100,"pivot":{"x":0.5,"y":0.5},"meshType":0}],[0],0,[0],[0],[0]],[[{"name":"word_share_pemberiRekomendasi","rect":{"x":735,"y":587,"width":134,"height":34},"offset":{"x":0,"y":0},"originalSize":{"width":134,"height":34},"rotated":false,"capInsets":[0,0,0,0],"packable":true,"pixelsToUnit":100,"pivot":{"x":0.5,"y":0.5},"meshType":0}],[0],0,[0],[0],[0]],[[{"name":"zi_RincianBawahan_0","rect":{"x":594,"y":311,"width":161,"height":46},"offset":{"x":0,"y":0},"originalSize":{"width":161,"height":46},"rotated":false,"capInsets":[0,0,0,0],"packable":true,"pixelsToUnit":100,"pivot":{"x":0.5,"y":0.5},"meshType":0}],[0],0,[0],[0],[0]],[[{"name":"icon_peson_phone","rect":{"x":716,"y":856,"width":31,"height":26},"offset":{"x":0,"y":0},"originalSize":{"width":31,"height":26},"rotated":true,"capInsets":[0,0,0,0],"packable":true,"pixelsToUnit":100,"pivot":{"x":0.5,"y":0.5},"meshType":0}],[0],0,[0],[0],[0]],[[{"name":"img_water_skalaSaat","rect":{"x":3,"y":872,"width":52,"height":15},"offset":{"x":0,"y":0},"originalSize":{"width":52,"height":15},"rotated":false,"capInsets":[0,0,0,0],"packable":true,"pixelsToUnit":100,"pivot":{"x":0.5,"y":0.5},"meshType":0}],[0],0,[0],[0],[0]],[[{"name":"word_akting_pemberi","rect":{"x":594,"y":518,"width":143,"height":16},"offset":{"x":0,"y":0},"originalSize":{"width":143,"height":16},"rotated":false,"capInsets":[0,0,0,0],"packable":true,"pixelsToUnit":100,"pivot":{"x":0.5,"y":0.5},"meshType":0}],[0],0,[0],[0],[0]]]]
