[1,["43+4LeteJEYZF0kgb0ir1A","dfYqb8DFlE2b7SKm64T36g@f9941","5ewerRgKdI87/Jk7X4OayG@6c48a","69XjesqR5BcYHimczJdkWp","24xZdF6V9O1I8R92AuH11p@f9941","6avyFaTJRLnYoqLlO+nCaV@f9941","efOBZey41Is45nI7rsJ99R","afHfH38j9BqYDwM5Boy1cd@f9941","20g1ukYUVPvKWKBRznAKo+@f9941","54TknWPwVPqJqeCR+Y/Czo@f9941","95EkngnxZFbYuFpsqVTaFr@f9941"],["node","_spriteFrame","_atlas","root","_target","data","_skeletonData","_font","_normalSprite","_hoverSprite","_pressedSprite","_disabledSprite"],[["cc.Node",["_name","_components","_prefab","_parent","_children","_lpos"],2,9,4,1,2,5],["cc.Sprite",["_sizeMode","_type","node","__prefab","_spriteFrame","_atlas","_color"],1,1,4,6,6,5],["cc.UITransform",["node","__prefab","_contentSize"],3,1,4,5],["sp.SkeletonData",["_name","_atlasText","textureNames","_skeletonJson","textures"],-1,3],["cc.Prefab",["_name"],2],["cc.CompPrefabInfo",["fileId"],2],["cc.PrefabInfo",["fileId","instance","targetOverrides","nestedPrefabInstanceRoots","root","asset"],-1,1,1],["cc.Button",["_transition","_zoomScale","node","__prefab","_normalColor","_target","_normalSprite","_hoverSprite","_pressedSprite","_disabledSprite"],1,1,4,5,1,6,6,6,6],["sp.Skeleton",["defaultSkin","defaultAnimation","_premultipliedAlpha","_preCacheMode","node","__prefab","_skeletonData"],-1,1,4,6],["cc.Label",["_string","_horizontalAlign","_actualFontSize","_fontSize","_overflow","_isSystemFontUsed","node","__prefab","_font"],-3,1,4,6]],[[5,0,2],[6,0,1,2,3,4,5,5],[2,0,1,2,1],[0,0,3,1,2,5,2],[3,0,1,2,3,4,5],[4,0,2],[0,0,4,1,2,2],[0,0,3,4,1,2,5,2],[0,0,3,1,2,2],[2,0,1,1],[1,1,0,2,3,6,4,3],[1,2,3,4,5,1],[1,0,2,3,4,5,2],[1,2,3,4,1],[7,0,1,2,3,4,5,6,7,8,9,3],[8,0,1,2,3,4,5,6,5],[9,0,1,2,3,4,5,6,7,8,7]],[[[[4,"huanying_lihua","\r\nhuanying_lihua.png\r\nsize: 2048,512\r\nformat: RGBA8888\r\nfilter: Linear,Linear\r\nrepeat: none\r\nimage 1\r\n  rotate: false\r\n  xy: 2, 204\r\n  size: 200, 200\r\n  orig: 200, 200\r\n  offset: 0, 0\r\n  index: -1\r\nimage 11\r\n  rotate: false\r\n  xy: 406, 2\r\n  size: 200, 200\r\n  orig: 200, 200\r\n  offset: 0, 0\r\n  index: -1\r\nimage 13\r\n  rotate: false\r\n  xy: 608, 204\r\n  size: 200, 200\r\n  orig: 200, 200\r\n  offset: 0, 0\r\n  index: -1\r\nimage 15\r\n  rotate: false\r\n  xy: 608, 2\r\n  size: 200, 200\r\n  orig: 200, 200\r\n  offset: 0, 0\r\n  index: -1\r\nimage 17\r\n  rotate: false\r\n  xy: 810, 204\r\n  size: 200, 200\r\n  orig: 200, 200\r\n  offset: 0, 0\r\n  index: -1\r\nimage 19\r\n  rotate: false\r\n  xy: 810, 2\r\n  size: 200, 200\r\n  orig: 200, 200\r\n  offset: 0, 0\r\n  index: -1\r\nimage 21\r\n  rotate: false\r\n  xy: 1012, 204\r\n  size: 200, 200\r\n  orig: 200, 200\r\n  offset: 0, 0\r\n  index: -1\r\nimage 23\r\n  rotate: false\r\n  xy: 1012, 2\r\n  size: 200, 200\r\n  orig: 200, 200\r\n  offset: 0, 0\r\n  index: -1\r\nimage 25\r\n  rotate: false\r\n  xy: 1214, 204\r\n  size: 200, 200\r\n  orig: 200, 200\r\n  offset: 0, 0\r\n  index: -1\r\nimage 3\r\n  rotate: false\r\n  xy: 2, 2\r\n  size: 200, 200\r\n  orig: 200, 200\r\n  offset: 0, 0\r\n  index: -1\r\nimage 5\r\n  rotate: false\r\n  xy: 204, 204\r\n  size: 200, 200\r\n  orig: 200, 200\r\n  offset: 0, 0\r\n  index: -1\r\nimage 7\r\n  rotate: false\r\n  xy: 204, 2\r\n  size: 200, 200\r\n  orig: 200, 200\r\n  offset: 0, 0\r\n  index: -1\r\nimage 9\r\n  rotate: false\r\n  xy: 406, 204\r\n  size: 200, 200\r\n  orig: 200, 200\r\n  offset: 0, 0\r\n  index: -1\r\n",["huanying_lihua.png"],{"skeleton":{"hash":"Lyy8h3qQcrGI1zkacqaPXRa+MBI","spine":"3.8.99","x":-500,"y":-132,"width":956,"height":440,"images":"E:/新版UI/平台/大厅new/动画/源文件/欢迎烟花","audio":""},"bones":[{"name":"root","x":-332,"y":132},{"name":"骨骼","parent":"root","x":-9,"y":43},{"name":"骨骼2","parent":"root","x":568,"y":37},{"name":"骨骼3","parent":"root","x":688,"y":-164},{"name":"骨骼4","parent":"root","x":93,"y":76},{"name":"骨骼6","parent":"root","x":675,"y":27},{"name":"骨骼5","parent":"root","x":-68,"y":-68}],"slots":[{"name":"aa","bone":"骨骼","attachment":"image 1"},{"name":"aa5","bone":"骨骼5","attachment":"image 1"},{"name":"aa6","bone":"骨骼6","attachment":"image 1"},{"name":"aa4","bone":"骨骼4","attachment":"image 1"},{"name":"aa3","bone":"骨骼3","attachment":"image 1"},{"name":"aa2","bone":"骨骼2","attachment":"image 1"}],"skins":[{"name":"default","attachments":{"aa":{"image 1":{"width":200,"height":200},"image 3":{"width":200,"height":200},"image 5":{"width":200,"height":200},"image 7":{"width":200,"height":200},"image 9":{"width":200,"height":200},"image 11":{"width":200,"height":200},"image 13":{"width":200,"height":200},"image 15":{"width":200,"height":200},"image 17":{"width":200,"height":200},"image 19":{"width":200,"height":200},"image 21":{"width":200,"height":200},"image 23":{"width":200,"height":200},"image 25":{"width":200,"height":200}},"aa2":{"image 1":{"width":200,"height":200},"image 3":{"width":200,"height":200},"image 5":{"width":200,"height":200},"image 7":{"width":200,"height":200},"image 9":{"width":200,"height":200},"image 11":{"width":200,"height":200},"image 13":{"width":200,"height":200},"image 15":{"width":200,"height":200},"image 17":{"width":200,"height":200},"image 19":{"width":200,"height":200},"image 21":{"width":200,"height":200},"image 23":{"width":200,"height":200},"image 25":{"width":200,"height":200}},"aa3":{"image 1":{"width":200,"height":200},"image 3":{"width":200,"height":200},"image 5":{"width":200,"height":200},"image 7":{"width":200,"height":200},"image 9":{"width":200,"height":200},"image 11":{"width":200,"height":200},"image 13":{"width":200,"height":200},"image 15":{"width":200,"height":200},"image 17":{"width":200,"height":200},"image 19":{"width":200,"height":200},"image 21":{"width":200,"height":200},"image 23":{"width":200,"height":200},"image 25":{"width":200,"height":200}},"aa4":{"image 1":{"width":200,"height":200},"image 3":{"width":200,"height":200},"image 5":{"width":200,"height":200},"image 7":{"width":200,"height":200},"image 9":{"width":200,"height":200},"image 11":{"width":200,"height":200},"image 13":{"width":200,"height":200},"image 15":{"width":200,"height":200},"image 17":{"width":200,"height":200},"image 19":{"width":200,"height":200},"image 21":{"width":200,"height":200},"image 23":{"width":200,"height":200},"image 25":{"width":200,"height":200}},"aa5":{"image 1":{"width":200,"height":200},"image 3":{"width":200,"height":200},"image 5":{"width":200,"height":200},"image 7":{"width":200,"height":200},"image 9":{"width":200,"height":200},"image 11":{"width":200,"height":200},"image 13":{"width":200,"height":200},"image 15":{"width":200,"height":200},"image 17":{"width":200,"height":200},"image 19":{"width":200,"height":200},"image 21":{"width":200,"height":200},"image 23":{"width":200,"height":200},"image 25":{"width":200,"height":200}},"aa6":{"image 1":{"width":200,"height":200},"image 3":{"width":200,"height":200},"image 5":{"width":200,"height":200},"image 7":{"width":200,"height":200},"image 9":{"width":200,"height":200},"image 11":{"width":200,"height":200},"image 13":{"width":200,"height":200},"image 15":{"width":200,"height":200},"image 17":{"width":200,"height":200},"image 19":{"width":200,"height":200},"image 21":{"width":200,"height":200},"image 23":{"width":200,"height":200},"image 25":{"width":200,"height":200}}}}],"animations":{"animation":{"slots":{"aa":{"attachment":[{"name":null},{"time":0.3333,"name":"image 1"},{"time":0.3667,"name":"image 3"},{"time":0.4,"name":"image 5"},{"time":0.4333,"name":"image 7"},{"time":0.4667,"name":"image 9"},{"time":0.5,"name":"image 11"},{"time":0.5333,"name":"image 13"},{"time":0.5667,"name":"image 15"},{"time":0.6,"name":"image 17"},{"time":0.6333,"name":"image 19"},{"time":0.6667,"name":"image 21"},{"time":0.7,"name":"image 23"},{"time":0.7333,"name":"image 25"},{"time":0.7667,"name":null}]},"aa2":{"attachment":[{"name":null},{"time":0.6667,"name":"image 1"},{"time":0.7,"name":"image 3"},{"time":0.7333,"name":"image 5"},{"time":0.7667,"name":"image 7"},{"time":0.8,"name":"image 9"},{"time":0.8333,"name":"image 11"},{"time":0.8667,"name":"image 13"},{"time":0.9,"name":"image 15"},{"time":0.9333,"name":"image 17"},{"time":0.9667,"name":"image 19"},{"time":1,"name":"image 21"},{"time":1.0333,"name":"image 23"},{"time":1.0667,"name":"image 25"},{"time":1.1,"name":null}]},"aa3":{"attachment":[{"name":null},{"time":0.5,"name":"image 1"},{"time":0.5333,"name":"image 3"},{"time":0.5667,"name":"image 5"},{"time":0.6,"name":"image 7"},{"time":0.6333,"name":"image 9"},{"time":0.6667,"name":"image 11"},{"time":0.7,"name":"image 13"},{"time":0.7333,"name":"image 15"},{"time":0.7667,"name":"image 17"},{"time":0.8,"name":"image 19"},{"time":0.8333,"name":"image 21"},{"time":0.8667,"name":"image 23"},{"time":0.9,"name":"image 25"},{"time":0.9333,"name":null}]},"aa4":{"attachment":[{"name":null},{"time":0.3,"name":"image 1"},{"time":0.3333,"name":"image 3"},{"time":0.3667,"name":"image 5"},{"time":0.4,"name":"image 7"},{"time":0.4333,"name":"image 9"},{"time":0.4667,"name":"image 11"},{"time":0.5,"name":"image 13"},{"time":0.5333,"name":"image 15"},{"time":0.5667,"name":"image 17"},{"time":0.6,"name":"image 19"},{"time":0.6333,"name":"image 21"},{"time":0.6667,"name":"image 23"},{"time":0.7,"name":"image 25"}]},"aa5":{"attachment":[{"name":null},{"time":0.1667,"name":"image 1"},{"time":0.2,"name":"image 3"},{"time":0.2333,"name":"image 5"},{"time":0.2667,"name":"image 7"},{"time":0.3,"name":"image 9"},{"time":0.3333,"name":"image 11"},{"time":0.3667,"name":"image 13"},{"time":0.4,"name":"image 15"},{"time":0.4333,"name":"image 17"},{"time":0.4667,"name":"image 19"},{"time":0.5,"name":"image 21"},{"time":0.5333,"name":"image 23"},{"time":0.5667,"name":"image 25"},{"time":0.6,"name":null}]},"aa6":{"attachment":[{"time":0.0333,"name":"image 3"},{"time":0.0667,"name":"image 5"},{"time":0.1,"name":"image 7"},{"time":0.1333,"name":"image 9"},{"time":0.1667,"name":"image 11"},{"time":0.2,"name":"image 13"},{"time":0.2333,"name":"image 15"},{"time":0.2667,"name":"image 17"},{"time":0.3,"name":"image 19"},{"time":0.3333,"name":"image 21"},{"time":0.3667,"name":"image 23"},{"time":0.4,"name":"image 25"},{"time":0.4333,"name":null}]}}}}},[0]]],0,0,[0],[-1],[2]],[[[5,"welcome"],[6,"welcome",[-3,-4,-5,-6,-7],[[9,-2,[0,"4eMTZPgktOwrKDpTIdffuU"]]],[1,"c46/YsCPVOJYA4mWEpNYRx",null,null,null,-1,0]],[7,"props_btn_sure",1,[-12],[[2,-8,[0,"90Cxs+4kpIZ5UnADZC7fXt"],[5,165,61]],[10,1,0,-9,[0,"43JUE7ohtDYbHN4DLCGQxb"],[4,4292269782],7],[14,3,0.9,-11,[0,"adsDEyyQtEHpyd8HscK4SN"],[4,4292269782],-10,8,9,10,11]],[1,"71rV3WNbVAXoeK3t326f/a",null,null,null,1,0],[1,26,-150,0]],[8,"huanying_lihua",1,[[2,-13,[0,"5fiLR0HWhOmqB+tSiXVhuS"],[5,956,440]],[15,"default","animation",false,0,-14,[0,"19ln2sBnNKdY/LvZx4QPse"],0]],[1,"92t8PLd2VP1qwmX4gy4jrm",null,null,null,1,0]],[3,"spr_welcome_woman",1,[[2,-15,[0,"f0k80dWs9NoZ6EzLCu2d/6"],[5,405,636]],[11,-16,[0,"51wdBYnJ1G+aiVCYXDfSh7"],1,2]],[1,"206Tce5ZxBe5r5GL/S0Oki",null,null,null,1,0],[1,-420,-56,0]],[3,"spr_welcome_bg",1,[[2,-17,[0,"a60a2JxaNCG7fy86uehFpH"],[5,692,406]],[12,0,-18,[0,"7dhzTJvVxAYLj24wHptNc5"],3,4]],[1,"75kpAmoe5Mfb04w4sjhuEY",null,null,null,1,0],[1,30,-26,0]],[3,"props_Label_welcome",1,[[2,-19,[0,"c7Cf38IBxOvYtRJ/dzjtHn"],[5,525,200]],[16,"WELCOME TO RUMMY! WISH YOU HAVE A GREAT DAY! WE HAVE PREPARED 000 COINS AND A WEALTH OF PROMOTIONS FOR YOU, WISH YOU GET LOTS OF PROFITS!",0,10,10,3,false,-20,[0,"401aG+LCtMga872LjE/25l"],5]],[1,"a7UerWLcVAyL8cmq0YQmCP",null,null,null,1,0],[1,24,8,0]],[3,"word_award_menerima",2,[[2,-21,[0,"6cewwEQh1F9bwIah3rkFdj"],[5,103,27]],[13,-22,[0,"42f8H8bwtLeLJqIQyas6RF"],6]],[1,"2fSlkp+0VAbaXoezdOcya5",null,null,null,1,0],[1,0,4,0]]],0,[0,3,1,0,0,1,0,-1,3,0,-2,4,0,-3,5,0,-4,6,0,-5,2,0,0,2,0,0,2,0,4,2,0,0,2,0,-1,7,0,0,3,0,0,3,0,0,4,0,0,4,0,0,5,0,0,5,0,0,6,0,0,6,0,0,7,0,0,7,0,5,1,22],[0,0,0,0,0,0,0,0,0,0,0,0],[6,1,2,1,2,7,1,1,8,9,10,11],[3,4,0,5,0,6,7,1,1,8,9,10]]]]
