[1,["15dfadd6a@6c48a"],["_textureSource"],["cc.SpriteFrame","cc.SpriteAtlas"],0,[[[{"name":"img_shop_line","rect":{"x":618,"y":1016,"width":210,"height":2},"offset":{"x":0,"y":0},"originalSize":{"width":210,"height":2},"rotated":false,"capInsets":[0,0,0,0],"packable":true,"pixelsToUnit":100,"pivot":{"x":0.5,"y":0.5},"meshType":0}],[0],0,[0],[0],[0]],[[{"name":"word_shop_ovo1","rect":{"x":990,"y":923,"width":68,"height":28},"offset":{"x":0,"y":0.5},"originalSize":{"width":68,"height":29},"rotated":true,"capInsets":[0,0,0,0],"packable":true,"pixelsToUnit":100,"pivot":{"x":0.5,"y":0.5},"meshType":0}],[0],0,[0],[0],[0]],[[{"name":"img_shop_title3","rect":{"x":44,"y":923,"width":568,"height":95},"offset":{"x":0,"y":0},"originalSize":{"width":568,"height":95},"rotated":false,"capInsets":[0,0,0,0],"packable":true,"pixelsToUnit":100,"pivot":{"x":0.5,"y":0.5},"meshType":0}],[0],0,[0],[0],[0]],[[{"name":"word_shop_shopee","rect":{"x":991,"y":3,"width":104,"height":30},"offset":{"x":0,"y":0},"originalSize":{"width":104,"height":30},"rotated":true,"capInsets":[0,0,0,0],"packable":true,"pixelsToUnit":100,"pivot":{"x":0.5,"y":0.5},"meshType":0}],[0],0,[0],[0],[0]],[[{"name":"btn_shop_topup","rect":{"x":618,"y":923,"width":304,"height":87},"offset":{"x":0,"y":0},"originalSize":{"width":304,"height":87},"rotated":false,"capInsets":[0,0,0,0],"packable":true,"pixelsToUnit":100,"pivot":{"x":0.5,"y":0.5},"meshType":0}],[0],0,[0],[0],[0]],[[{"name":"auto_shop","spriteFrames":["panel_award_bg","87uhlgOqVEGY1CcgrCPKVt@f9941","word_shop_shopee","33CVT66NNAl5vXNYwlccj/@f9941","word_shop_linkaja","f1drnziPxO+6+rlrnPPyAR@f9941","btn_racharge","b7B+i9Y41FQJNdtv2rwQYj@f9941","word_shop_dan","dd1vOqci9DyYT/9x6AhIWx@f9941","word_shop_qris","5cbxQRNghLKrs3sthQAyE9@f9941","word_shop_tolong","4aOPUK5SFHkqQJULtOyvcH@f9941","pro_shop_bg","6fd+XGy0NGPY9+u5Z7f8ym@f9941","word_shop_topup","ab2fdgt+xLRK3N97ynZLbV@f9941","img_shop_title3","2cp1PnVGBNZYDk9PfwedDk@f9941","bg_shop_rolr2","e4c45lvIlLXrp08Vt4fwFg@f9941","btn_shop_leftIn","7e1xvX5cdAuLKJs44Li4qy@f9941","btn_shop_topup","343GkakWZKNKLzaoFjNtJ9@f9941","btn_jilu","d0dlYpMf9OspJQRjh0rtfO@f9941","btn_title_of","c6yCIwz+9Fb5TDfXaWDU1m@f9941","word_shop_dana","5fIOtcjq5M/6HOYDhYDaZJ@f9941","word_shop_ovo1","15tHxspU9HOoVIn1nQJ8Hq@f9941","img_shop_line","05RLMo2oFOFYrcIm/DvRD3@f9941","btn_title_in","f5bkkN8gpANqUv8hShbvnh@f9941","bg_bank_check","catrf7kwVC/acoRfeqNT60@f9941","bg_dt_shop_box_3","9dYd6vD5xNJ61BUGutQnzh@f9941","btn_shop_null","971VP2jAJPmaV6pOTx6O5N@f9941","word_shop_qris1","eayLyM3rVO9KQNmvmdbI3o@f9941","kuang","f08bZhWPZIjorbDV/XdXic@f9941","person_women","24xZdF6V9O1I8R92AuH11p@f9941","payment         method","61URYcL4FBQoHJAJUXmsgS@f9941","btn_gift","5d+HiAvGNMzZYxt3SrXJEQ@f9941","title_NewPlayerDiscount","052MzV/e1Dq6zSTR45eglA@f9941","shanchuxian","cdtkdHb1hLjrnubw4GrC5r@f9941","img_daily_jiaobiao","637WNh+wtI9bJ/6/hSvptx@f9941","xuanzhong","3fszcfCQpCta2krQzU/wv8@f9941","title_history","68sdyP6RhMqK7ny+5OOhtK@f9941","word_shop_dana1","b4mYDMG9NBFJhsGOo+ehLU@f9941","word_shop_pergi","ccWSo7bSlN/4ioZN6I5wA4@f9941","word_shop_va","4awEIIVaRA/5BEh7j9SifT@f9941","bg_shop_rolr","96qQqdOhNGtbKof/30Tjtb@f9941","word_shop_TopUpNow","a5Lcq4KKVFgpdVN1Dy0txr@f9941","choose_shop_in","36gKh8OlJDFqxcWeWjK4yT@f9941","word_shop_ovo","f5mORsRJBFfYpilGtNCA8u@f9941","img_line","c8ii97k+BAB7eeRZMyQIG8@f9941","img_tas_cutdown","58qGF0VhZL5InKmJjR0p0b@f9941","pro_shop_in","a9T1kBrGxK7IbrXgoXBVAT@f9941","word_shop_va1","1e6wAiQiRMOKpOJd+K3sQm@f9941","icon_shop_title6","45k49iM85CFrNg7C+yN/me@f9941","word_shop_coin1","23r3CeMBxFyI7FveiL3zrr@f9941","word_shop_shopee1","16WbYNhHtG/5OxufYpmfTH@f9941","bg_dt_xinxi_tishiban_zhong","fbWAAbqj9I+rORQQSw1W38@f9941","panel_shop_bg","29eCBi+tFNtIuu7gFKdW25@f9941","title_recharge_rule","6244Wm0U1LB5tGorb9yMhj@f9941","word_shop_tas","43dc12abNAF6JDRWqq5NQl@f9941","title_dt_chongzhixuanze","f4dn7/tABJhpVvqQUsFE7q@f9941","icon_free","a1arS7jTNHX4Rcdl/9UB6T@f9941","icon_jinbi","99MsnZIAhCLoJCo3I170aO@f9941","icon_shop_title2","71ayHhWZRJ8YuTBWLEMftE@f9941","icon_shop_title5","55AOwB595G/o+M9wxosDaA@f9941","img_rule_recharge_bg","bd9MuqhelF+6hJDPxY25Ol@f9941","bg_bank_uncheck","883jxZ4HtG5rjY7WpjSiet@f9941","word_shop_coin","01RNrqdvBEM6DC4/NvRgdr@f9941","img_shop_titleBg","48GYI3YPtLBISZttW6UHdX@f9941","btn_shop_service","32wFOh7YpP7InTav/jUqDJ@f9941","word_shop_linkaja1","b8U2nHomNDD7Tj5a4a+F9d@f9941","Time remaining","d4MsZ3IFBAZ7ticVh0HGCI@f9941","num_shop_num_0","4fyRGMAdlMrY9ZfyEcmk1h@f9941","img_shop_bg2","96XO9Ei6FIQ6Cy8YcrORBc@f9941","icon_shop_red","33tY4fvEFKjZuhT1pn+DMJ@f9941","input_shop_bg","2cWf7uYiRAJJJh4AJjkUBa@f9941","word_shop_tas1","4aSK41M5FHyLMXsxADdx7h@f9941","btn_shop_tolong","38cuiRwMhJgrYX3liG/B3f@f9941","icon_shop_green","77/5zDtCpEvquy2jm8TU2X@f9941","icon_shop_bule","95hyVxJ9RJnqQY/cXfWZT6@f9941","Get","5dUfa/pGBEfqkfWkG3ZI3p@f9941","img_shop_bg1","2c2918GKNOSZ7zmX8Y7MqZ@f9941","zi_Rp","61NnrqoR1KTrZWPOl4hQAv@f9941","icon_shop_title3","1dy219F/VJEpJ2BXbK+yCF@f9941","icon_shop_title4","60N3NogJVLYIiZYPTdJVVo@f9941","icon_shop_title1","71KjpDk95L9Z5AydR5FBnc@f9941","btn_copy","c5b2nfDgZBIJCS6VqRxNtF@f9941","bar","8dJuLh/GZNnboj0f7vMJDx@f9941","img_tas_icon","15DItFRvBBO7jSOtP5Fckq@f9941","img_shop_title5","59UQDgrIpEKIMQCRLhuLgg@f9941","img_shop_title1","47Oe4cLUVMTpGaNnF5Z4ig@f9941","img_shop_title2","481OYylvxKHZkzoVUB93TW@f9941","img_shop_title6","beXu+NrYRK7IdMo3VFjRwB@f9941","img_shop_title4","5eFd8KGc5E8ajLwDZQCsoa@f9941","icon_dt_huanying","12On85bJ1FtILn1F8T50/n@f9941"]}],[1],0,[],[],[]],[[{"name":"word_shop_tolong","rect":{"x":991,"y":468,"width":51,"height":29},"offset":{"x":0,"y":0},"originalSize":{"width":51,"height":29},"rotated":true,"capInsets":[0,0,0,0],"packable":true,"pixelsToUnit":100,"pivot":{"x":0.5,"y":0.5},"meshType":0}],[0],0,[0],[0],[0]],[[{"name":"word_shop_qris","rect":{"x":991,"y":391,"width":71,"height":29},"offset":{"x":0,"y":0},"originalSize":{"width":71,"height":29},"rotated":true,"capInsets":[0,0,0,0],"packable":true,"pixelsToUnit":100,"pivot":{"x":0.5,"y":0.5},"meshType":0}],[0],0,[0],[0],[0]],[[{"name":"word_shop_dana","rect":{"x":928,"y":997,"width":81,"height":24},"offset":{"x":0,"y":0},"originalSize":{"width":81,"height":24},"rotated":false,"capInsets":[0,0,0,0],"packable":true,"pixelsToUnit":100,"pivot":{"x":0.5,"y":0.5},"meshType":0}],[0],0,[0],[0],[0]],[[{"name":"pro_shop_bg","rect":{"x":991,"y":525,"width":392,"height":28},"offset":{"x":0,"y":0},"originalSize":{"width":392,"height":28},"rotated":true,"capInsets":[0,0,0,0],"packable":true,"pixelsToUnit":100,"pivot":{"x":0.5,"y":0.5},"meshType":0}],[0],0,[0],[0],[0]],[[{"name":"btn_shop_leftIn","rect":{"x":558,"y":679,"width":231,"height":77},"offset":{"x":0,"y":0},"originalSize":{"width":231,"height":77},"rotated":true,"capInsets":[0,0,0,0],"packable":true,"pixelsToUnit":100,"pivot":{"x":0.5,"y":0.5},"meshType":0}],[0],0,[0],[0],[0]],[[{"name":"panel_award_bg","rect":{"x":3,"y":3,"width":982,"height":670},"offset":{"x":0.5,"y":0},"originalSize":{"width":987,"height":674},"rotated":false,"capInsets":[0,0,0,0],"packable":true,"pixelsToUnit":100,"pivot":{"x":0.5,"y":0.5},"meshType":0}],[0],0,[0],[0],[0]],[[{"name":"btn_shop_null","rect":{"x":805,"y":876,"width":35,"height":38},"offset":{"x":0,"y":0},"originalSize":{"width":35,"height":38},"rotated":false,"capInsets":[0,0,0,0],"packable":true,"pixelsToUnit":100,"pivot":{"x":0.5,"y":0.5},"meshType":0}],[0],0,[0],[0],[0]],[[{"name":"bg_dt_shop_box_3","rect":{"x":805,"y":758,"width":112,"height":114},"offset":{"x":0,"y":0},"originalSize":{"width":112,"height":114},"rotated":true,"capInsets":[17,25,20,30],"packable":true,"pixelsToUnit":100,"pivot":{"x":0.5,"y":0.5},"meshType":0}],[0],0,[0],[0],[0]],[[{"name":"word_shop_topup","rect":{"x":3,"y":923,"width":97,"height":35},"offset":{"x":0,"y":0},"originalSize":{"width":97,"height":35},"rotated":true,"capInsets":[0,0,0,0],"packable":true,"pixelsToUnit":100,"pivot":{"x":0.5,"y":0.5},"meshType":0}],[0],0,[0],[0],[0]],[[{"name":"btn_racharge","rect":{"x":991,"y":222,"width":30,"height":30},"offset":{"x":0,"y":0},"originalSize":{"width":30,"height":30},"rotated":false,"capInsets":[0,0,0,0],"packable":true,"pixelsToUnit":100,"pivot":{"x":0.5,"y":0.5},"meshType":0}],[0],0,[0],[0],[0]],[[{"name":"btn_title_of","rect":{"x":928,"y":745,"width":246,"height":56},"offset":{"x":0,"y":0},"originalSize":{"width":246,"height":56},"rotated":true,"capInsets":[0,0,0,0],"packable":true,"pixelsToUnit":100,"pivot":{"x":0.5,"y":0.5},"meshType":0}],[0],0,[0],[0],[0]],[[{"name":"bg_bank_check","rect":{"x":641,"y":758,"width":158,"height":158},"offset":{"x":0,"y":0},"originalSize":{"width":160,"height":160},"rotated":false,"capInsets":[0,0,0,0],"packable":true,"pixelsToUnit":100,"pivot":{"x":0.5,"y":0.5},"meshType":0}],[0],0,[0],[0],[0]],[[{"name":"btn_jilu","rect":{"x":928,"y":679,"width":57,"height":60},"offset":{"x":0,"y":0},"originalSize":{"width":57,"height":60},"rotated":false,"capInsets":[0,0,0,0],"packable":true,"pixelsToUnit":100,"pivot":{"x":0.5,"y":0.5},"meshType":0}],[0],0,[0],[0],[0]],[[{"name":"word_shop_dan","rect":{"x":991,"y":258,"width":127,"height":29},"offset":{"x":0,"y":0},"originalSize":{"width":127,"height":29},"rotated":true,"capInsets":[0,0,0,0],"packable":true,"pixelsToUnit":100,"pivot":{"x":0.5,"y":0.5},"meshType":0}],[0],0,[0],[0],[0]],[[{"name":"bg_shop_rolr2","rect":{"x":3,"y":679,"width":235,"height":549},"offset":{"x":0.5,"y":2.5},"originalSize":{"width":236,"height":554},"rotated":true,"capInsets":[0,0,0,0],"packable":true,"pixelsToUnit":100,"pivot":{"x":0.5,"y":0.5},"meshType":0}],[0],0,[0],[0],[0]],[[{"name":"word_shop_qris1","rect":{"x":846,"y":876,"width":75,"height":33},"offset":{"x":0,"y":0},"originalSize":{"width":75,"height":33},"rotated":false,"capInsets":[0,0,0,0],"packable":true,"pixelsToUnit":100,"pivot":{"x":0.5,"y":0.5},"meshType":0}],[0],0,[0],[0],[0]],[[{"name":"word_shop_linkaja","rect":{"x":991,"y":113,"width":103,"height":30},"offset":{"x":0,"y":0},"originalSize":{"width":103,"height":30},"rotated":true,"capInsets":[0,0,0,0],"packable":true,"pixelsToUnit":100,"pivot":{"x":0.5,"y":0.5},"meshType":0}],[0],0,[0],[0],[0]],[[{"name":"btn_title_in","rect":{"x":641,"y":679,"width":266,"height":73},"offset":{"x":0,"y":0},"originalSize":{"width":266,"height":73},"rotated":false,"capInsets":[0,0,0,0],"packable":true,"pixelsToUnit":100,"pivot":{"x":0.5,"y":0.5},"meshType":0}],[0],0,[0],[0],[0]]]]
