[1,["16YVF+FrZF0YQftxDSzxgt@6c48a"],["_textureSource"],["cc.SpriteFrame"],0,[{"name":"tongqian","rect":{"x":0,"y":0,"width":93,"height":92},"offset":{"x":0,"y":0},"originalSize":{"width":93,"height":92},"rotated":false,"capInsets":[0,0,0,0],"vertices":{"rawPosition":[-46.5,-46,0,46.5,-46,0,-46.5,46,0,46.5,46,0],"indexes":[0,1,2,2,1,3],"uv":[0,92,93,92,0,0,93,0],"nuv":[0,0,1,0,0,1,1,1],"minPos":{"x":-46.5,"y":-46,"z":0},"maxPos":{"x":46.5,"y":46,"z":0}},"packable":true,"pixelsToUnit":100,"pivot":{"x":0.5,"y":0.5},"meshType":0}],[0],0,[0],[0],[0]]
