[1,["5ek++Ws1ZLdL0e/NMCKxe8@6c48a"],["_textureSource"],["cc.SpriteFrame"],0,[{"name":"eff_spine_slot_dfdc_fu","rect":{"x":2,"y":2,"width":974,"height":252},"offset":{"x":-23,"y":0},"originalSize":{"width":1024,"height":256},"rotated":false,"capInsets":[0,0,0,0],"vertices":{"rawPosition":[-487,-126,0,487,-126,0,-487,126,0,487,126,0],"indexes":[0,1,2,2,1,3],"uv":[2,254,976,254,2,2,976,2],"nuv":[0.001953125,0.0078125,0.953125,0.0078125,0.001953125,0.9921875,0.953125,0.9921875],"minPos":{"x":-487,"y":-126,"z":0},"maxPos":{"x":487,"y":126,"z":0}},"packable":true,"pixelsToUnit":100,"pivot":{"x":0.5,"y":0.5},"meshType":0}],[0],0,[0],[0],[0]]
