[1,["1e33bcb93@6c48a"],["_textureSource"],["cc.SpriteFrame","cc.SpriteAtlas"],0,[[[{"name":"bg_lztb_zhunzhuoban_1","rect":{"x":3,"y":515,"width":947,"height":440},"offset":{"x":0,"y":0},"originalSize":{"width":947,"height":440},"rotated":false,"capInsets":[0,0,0,0],"packable":true,"pixelsToUnit":100,"pivot":{"x":0.5,"y":0.5},"meshType":0}],[0],0,[0],[0],[0]],[[{"name":"auto_dragonImg","spriteFrames":["0","e4CIiB7wJL87ia1ZONBVqF@f9941","1","a3SAocNhtM8asVflkParxT@f9941","2","6axNOQIMdNTpHe4YQFouaa@f9941","3","97F+SMM31Pjba3G2CmyULy@f9941","4","33MWgAzYBNkr62YwIIuWEV@f9941","5","91BOi9g4hMQ7cKfW+I5Wlq@f9941","bg_lztb_guize_box","72PVO9899DmYjIv/C/rExT@f9941","icon_dt_loading_0","bew+ZP76VBnryikXjmdnJX@f9941","bg_lztb_zhunzhuoban_1","05QiRcBnJNpauFuslhDAf4@f9941","bg_lztb_jackpotban_fengexian","dbRzDcV+BCXJs8UKqYUIew@f9941","btn_off","ddzMgtveNJFIBy9Fe4Fe2Q@f9941","icon_common_gold","35KlF92zxPnZBd310Vmv35@f9941","icon_lztb_jiangchi_1","b3QKGwKnpMdZ/hQdz1PYme@f9941","btn_lztb_jackpot_kaiguan","5agBImZpZOaYsCU1N9zJmM@f9941","icon_lztb_guize_ye_1","5d3w3mB9lMsJ+x1xWhr04J@f9941","icon_lztb_guize_ye_2","9a900TfhlH55k8KEV4F/go@f9941","zi_lztb_congratulations","80ym2E4XNHnZDDw5ZHah2c@f9941","zi_lztb_youwin","8dhCA6A8VKwKL6Yl6iUvB1@f9941","bg_lztb_zhunzhuoban_2","25akgbS3xPkIrZtqVJluaF@f9941","bg_lztb_zhunzhuoban_3","5eRxwimyBFeq42Px3+MDAe@f9941","bg_lztb_jackpot_jinekuang","aebaWHh1FGZrZi18qFu8ih@f9941","btn_lztb_guize_off","4baNvUEUxHtKYiiyuACNF1@f9941","bg_lztb_freegame_jinruban","4cddJqzV1NyKOSWPQXsPfD@f9941","bg_lztb_jackpot_grand","c6lTTD1+dL/LtCu2/Ok75S@f9941","bg_lztb_jackpot_zhongjiangban","c5O/LkNzBCxo79bjBVVsWE@f9941","bg_lztb_jackpot_major","d5Hxmtz+xKxbUzyMGjd60c@f9941","zi_lztb_inspecial","80J6TK7T1PhZjt+j6Km6jR@f9941","icon_dt_loading_1","d5Vkae7XFE6ZvElbjQVRmo@f9941","bg_lztb_guize_1","91W10f95JEzaytcdpt19s0@f9941","bg_lztb_jackpot_mini","57bXupZ1VAVIkO2b4kt74F@f9941","zi_lztb_youwon","f4FtrXiTROXYDcB1rdICHO@f9941","bg_lztb_guize_6","40cMB/NXRFg6kgidf86Zti@f9941","bg_lztb_guize_5","79+hRJDzdB8Z+DX0LdE17K@f9941","bg_lztb_jackpotban","3cfBsV1KxNHognJRnh6FDQ@f9941","zi_lztb_freegame","7fTBDbrlFLWaSl6ownznfR@f9941","zi_lztb_infree","9e2SBVUa1B4Z+mumoD0oLI@f9941","bg_lztb_guize_3","b0dBUgV5RASr4jhFlLp8AT@f9941","bg_lztb_guize_2","c6Byvg+zJJJp+4Gr8//Doz@f9941","bg_lztb_guize_4","fdBw1Al4tEG5bpZDdk7siB@f9941"]}],[1],0,[],[],[]],[[{"name":"icon_common_gold","rect":{"x":956,"y":873,"width":39,"height":42},"offset":{"x":0,"y":0},"originalSize":{"width":39,"height":42},"rotated":true,"capInsets":[0,0,0,0],"packable":true,"pixelsToUnit":100,"pivot":{"x":0.5,"y":0.5},"meshType":0}],[0],0,[0],[0],[0]],[[{"name":"btn_lztb_jackpot_kaiguan","rect":{"x":956,"y":918,"width":31,"height":34},"offset":{"x":0,"y":0},"originalSize":{"width":31,"height":34},"rotated":true,"capInsets":[0,0,0,0],"packable":true,"pixelsToUnit":100,"pivot":{"x":0.5,"y":0.5},"meshType":0}],[0],0,[0],[0],[0]],[[{"name":"icon_lztb_guize_ye_1","rect":{"x":996,"y":918,"width":24,"height":24},"offset":{"x":0,"y":0},"originalSize":{"width":24,"height":24},"rotated":false,"capInsets":[0,0,0,0],"packable":true,"pixelsToUnit":100,"pivot":{"x":0.5,"y":0.5},"meshType":0}],[0],0,[0],[0],[0]],[[{"name":"bg_lztb_guize_box","rect":{"x":3,"y":3,"width":962,"height":506},"offset":{"x":0,"y":0},"originalSize":{"width":962,"height":506},"rotated":false,"capInsets":[0,0,0,0],"packable":true,"pixelsToUnit":100,"pivot":{"x":0.5,"y":0.5},"meshType":0}],[0],0,[0],[0],[0]],[[{"name":"zi_lztb_congratulations","rect":{"x":3,"y":961,"width":649,"height":60},"offset":{"x":0,"y":0},"originalSize":{"width":649,"height":60},"rotated":false,"capInsets":[0,0,0,0],"packable":true,"pixelsToUnit":100,"pivot":{"x":0.5,"y":0.5},"meshType":0}],[0],0,[0],[0],[0]],[[{"name":"zi_lztb_youwin","rect":{"x":658,"y":961,"width":292,"height":58},"offset":{"x":0,"y":0},"originalSize":{"width":292,"height":58},"rotated":false,"capInsets":[0,0,0,0],"packable":true,"pixelsToUnit":100,"pivot":{"x":0.5,"y":0.5},"meshType":0}],[0],0,[0],[0],[0]],[[{"name":"icon_lztb_guize_ye_2","rect":{"x":996,"y":948,"width":24,"height":24},"offset":{"x":0,"y":0},"originalSize":{"width":24,"height":24},"rotated":false,"capInsets":[0,0,0,0],"packable":true,"pixelsToUnit":100,"pivot":{"x":0.5,"y":0.5},"meshType":0}],[0],0,[0],[0],[0]],[[{"name":"icon_lztb_jiangchi_1","rect":{"x":1004,"y":873,"width":17,"height":17},"offset":{"x":0,"y":0},"originalSize":{"width":17,"height":17},"rotated":false,"capInsets":[0,0,0,0],"packable":true,"pixelsToUnit":100,"pivot":{"x":0.5,"y":0.5},"meshType":0}],[0],0,[0],[0],[0]],[[{"name":"icon_dt_loading_0","rect":{"x":971,"y":3,"width":796,"height":48},"offset":{"x":0,"y":0},"originalSize":{"width":796,"height":48},"rotated":true,"capInsets":[0,0,0,0],"packable":true,"pixelsToUnit":100,"pivot":{"x":0.5,"y":0.5},"meshType":0}],[0],0,[0],[0],[0]],[[{"name":"bg_lztb_jackpotban_fengexian","rect":{"x":956,"y":515,"width":193,"height":4},"offset":{"x":0,"y":0},"originalSize":{"width":193,"height":4},"rotated":true,"capInsets":[0,0,0,0],"packable":true,"pixelsToUnit":100,"pivot":{"x":0.5,"y":0.5},"meshType":0}],[0],0,[0],[0],[0]],[[{"name":"btn_off","rect":{"x":956,"y":805,"width":62,"height":62},"offset":{"x":0,"y":0},"originalSize":{"width":62,"height":62},"rotated":false,"capInsets":[0,0,0,0],"packable":true,"pixelsToUnit":100,"pivot":{"x":0.5,"y":0.5},"meshType":0}],[0],0,[0],[0],[0]]]]
