[1,["2bo8UXZ1lOxZvlEFHEK45g@6c48a"],["_textureSource"],["cc.SpriteFrame"],0,[{"name":"yaoqianshu","rect":{"x":3,"y":3,"width":131,"height":117},"offset":{"x":-59.5,"y":2.5},"originalSize":{"width":256,"height":128},"rotated":false,"capInsets":[0,0,0,0],"vertices":{"rawPosition":[-65.5,-58.5,0,65.5,-58.5,0,-65.5,58.5,0,65.5,58.5,0],"indexes":[0,1,2,2,1,3],"uv":[3,125,134,125,3,8,134,8],"nuv":[0.01171875,0.0625,0.5234375,0.0625,0.01171875,0.9765625,0.5234375,0.9765625],"minPos":{"x":-65.5,"y":-58.5,"z":0},"maxPos":{"x":65.5,"y":58.5,"z":0}},"packable":true,"pixelsToUnit":100,"pivot":{"x":0.5,"y":0.5},"meshType":0}],[0],0,[0],[0],[0]]
