[1,["1d3b7d57-b147-4ef6-bfdc-4885b4355adc@6c48a"],["_textureSource"],["cc.SpriteFrame"],0,[{"name":"wildP","rect":{"x":0,"y":0,"width":158,"height":146},"offset":{"x":0,"y":0},"originalSize":{"width":158,"height":146},"rotated":false,"capInsets":[0,0,0,0],"vertices":{"rawPosition":[-79,-73,0,79,-73,0,-79,73,0,79,73,0],"indexes":[0,1,2,2,1,3],"uv":[0,146,158,146,0,0,158,0],"nuv":[0,0,1,0,0,1,1,1],"minPos":{"x":-79,"y":-73,"z":0},"maxPos":{"x":79,"y":73,"z":0}},"packable":true,"pixelsToUnit":100,"pivot":{"x":0.5,"y":0.5},"meshType":0}],[0],0,[0],[0],[0]]
