[1,["ed6c108a-6a6f-4765-9911-3e0a5f2925ea@f9941","ed6c108a-6a6f-4765-9911-3e0a5f2925ea@6c48a"],["spriteFrame","_textureSource"],["cc.SpriteFrame",["cc.BitmapFont",["_name","fontSize","fntConfig"],0]],[[1,0,1,2,4]],[[[[0,"font_buy_sg",20,{"commonHeight":19,"fontSize":20,"atlasName":"font_buy_sg_0.png","fontDefDictionary":{"32":{"xOffset":-1,"yOffset":18,"xAdvance":5,"rect":{"x":281,"y":116,"width":3,"height":1}},"44":{"xOffset":0,"yOffset":42,"xAdvance":28,"rect":{"x":256,"y":76,"width":28,"height":30}},"46":{"xOffset":0,"yOffset":42,"xAdvance":24,"rect":{"x":256,"y":116,"width":24,"height":24}},"48":{"xOffset":0,"yOffset":0,"xAdvance":57,"rect":{"x":0,"y":0,"width":57,"height":67}},"49":{"xOffset":0,"yOffset":0,"xAdvance":35,"rect":{"x":220,"y":76,"width":35,"height":65}},"50":{"xOffset":0,"yOffset":0,"xAdvance":55,"rect":{"x":0,"y":77,"width":55,"height":66}},"51":{"xOffset":0,"yOffset":0,"xAdvance":53,"rect":{"x":114,"y":0,"width":53,"height":67}},"52":{"xOffset":0,"yOffset":0,"xAdvance":57,"rect":{"x":109,"y":77,"width":57,"height":65}},"53":{"xOffset":0,"yOffset":0,"xAdvance":52,"rect":{"x":56,"y":77,"width":52,"height":66}},"54":{"xOffset":0,"yOffset":0,"xAdvance":57,"rect":{"x":168,"y":0,"width":57,"height":66}},"55":{"xOffset":0,"yOffset":0,"xAdvance":52,"rect":{"x":167,"y":77,"width":52,"height":65}},"56":{"xOffset":0,"yOffset":0,"xAdvance":55,"rect":{"x":58,"y":0,"width":55,"height":67}},"57":{"xOffset":0,"yOffset":0,"xAdvance":57,"rect":{"x":226,"y":0,"width":57,"height":66}}},"kerningDict":{}}]],0,0,[0],[0],[0]],[[{"name":"font_buy_sg_0","rect":{"x":0,"y":0,"width":284,"height":143},"offset":{"x":-8,"y":28.5},"originalSize":{"width":300,"height":200},"rotated":false,"capInsets":[0,0,0,0],"vertices":{"rawPosition":[-142,-71.5,0,142,-71.5,0,-142,71.5,0,142,71.5,0],"indexes":[0,1,2,2,1,3],"uv":[0,200,284,200,0,57,284,57],"nuv":[0,0.285,0.9466666666666667,0.285,0,1,0.9466666666666667,1],"minPos":{"x":-142,"y":-71.5,"z":0},"maxPos":{"x":142,"y":71.5,"z":0}},"packable":true,"pixelsToUnit":100,"pivot":{"x":0.5,"y":0.5},"meshType":0}],[0],0,[0],[1],[1]]]]
