[1,["c3lPaD56BF4r0iwtrFw2Iq@6c48a"],["_textureSource"],["cc.SpriteFrame"],0,[{"name":"btn_spine2","rect":{"x":2,"y":2,"width":251,"height":96},"offset":{"x":0,"y":0},"originalSize":{"width":255,"height":100},"rotated":false,"capInsets":[0,0,0,0],"vertices":{"rawPosition":[-125.5,-48,0,125.5,-48,0,-125.5,48,0,125.5,48,0],"indexes":[0,1,2,2,1,3],"uv":[2,98,253,98,2,2,253,2],"nuv":[0.00784313725490196,0.02,0.9921568627450981,0.02,0.00784313725490196,0.98,0.9921568627450981,0.98],"minPos":{"x":-125.5,"y":-48,"z":0},"maxPos":{"x":125.5,"y":48,"z":0}},"packable":true,"pixelsToUnit":100,"pivot":{"x":0.5,"y":0.5},"meshType":0}],[0],0,[0],[0],[0]]
