[1,["f9Q4D35F1IPJoExmEEm/XU@6c48a"],0,[["sp.SkeletonData",["_name","_atlasText","textureNames","_skeletonJson","textures"],-1,3]],[[0,0,1,2,3,4,5]],[[0,"xiaoyouxilanmei","\r\nxiaoyouxilanmei.png\r\nsize: 256,256\r\nformat: RGBA8888\r\nfilter: Linear,Linear\r\nrepeat: none\r\nxiaoyouxilanmei\r\n  rotate: false\r\n  xy: 2, 2\r\n  size: 150, 130\r\n  orig: 150, 130\r\n  offset: 0, 0\r\n  index: -1\r\n",["xiaoyouxilanmei.png"],{"skeleton":{"hash":"5g76MQ5LUgacGQC6fbxFtNIqllQ","spine":"3.6.53","width":150,"height":130,"images":"H:/PS/新大厅/水果机/动画/小游戏蓝莓"},"bones":[{"name":"root"},{"name":"lanmei","parent":"root","x":-5.36,"y":-1.4},{"name":"lanmei2","parent":"root","x":-5.36,"y":-1.4}],"slots":[{"name":"xiaoyouxilanmei","bone":"lanmei","attachment":"xiaoyouxilanmei"},{"name":"xiaoyouxilanmei2","bone":"lanmei2","attachment":"xiaoyouxilanmei","blend":"screen"}],"skins":{"default":{"xiaoyouxilanmei":{"xiaoyouxilanmei":{"x":16.41,"y":1.59,"width":150,"height":130}},"xiaoyouxilanmei2":{"xiaoyouxilanmei":{"x":16.41,"y":1.59,"width":150,"height":130}}}},"animations":{"animation":{"slots":{"xiaoyouxilanmei2":{"color":[{"time":0,"color":"ffffff00","curve":"stepped"},{"time":0.5,"color":"ffffff00"},{"time":0.6667,"color":"ffffffff"},{"time":0.8333,"color":"ffffff00"},{"time":1,"color":"ffffffff"},{"time":1.1667,"color":"ffffff00"}]}},"bones":{"root":{"translate":[{"time":0,"x":0,"y":0},{"time":0.2333,"x":0,"y":20},{"time":0.5,"x":0,"y":0,"curve":"stepped"},{"time":3.3333,"x":0,"y":0}],"scale":[{"time":0,"x":0,"y":0},{"time":0.2333,"x":0.5,"y":0.5},{"time":0.5,"x":1,"y":1}]}}},"animation2":{"slots":{"xiaoyouxilanmei2":{"attachment":[{"time":0,"name":null}]}},"bones":{"lanmei":{"rotate":[{"time":0,"angle":0,"curve":[0.25,0,0.75,1]},{"time":0.1667,"angle":4.5,"curve":[0.25,0,0.75,1]},{"time":0.8333,"angle":-4.29,"curve":[0.25,0,0.75,1]},{"time":1,"angle":0}],"scale":[{"time":0,"x":1,"y":1,"curve":[0.25,0,0.75,1]},{"time":0.5,"x":1.1,"y":1.1,"curve":[0.25,0,0.75,1]},{"time":1,"x":1,"y":1}]}}}}},[0]]],0,0,[0],[-1],[0]]
