[1,["1be6c218d@6c48a","3153a905-2f7d-4850-a04a-240303b31da0@f9941"],["_textureSource"],["cc.SpriteFrame","cc.SpriteAtlas"],0,[[[{"name":"icon_bank_gold","rect":{"x":3,"y":3,"width":35,"height":37},"offset":{"x":0,"y":0},"originalSize":{"width":35,"height":37},"rotated":false,"capInsets":[0,0,0,0],"packable":true,"pixelsToUnit":100,"pivot":{"x":0.5,"y":0.5},"meshType":0}],[0],0,[0],[0],[0]],[[{"name":"auto_common_thor","spriteFrames":["icon_bank_gold","3153a905-2f7d-4850-a04a-240303b31da0@f9941"]}],[1],0,[0],[0],[1]]]]
