[1,["c7WZ7G58RGR6TpwT0HMRmJ@6c48a"],["_textureSource"],["cc.SpriteFrame"],0,[{"name":"ocean_bg_freegameof_es","rect":{"x":0,"y":0,"width":302,"height":47},"offset":{"x":0,"y":0},"originalSize":{"width":302,"height":47},"rotated":false,"capInsets":[0,0,0,0],"vertices":{"rawPosition":[-151,-23.5,0,151,-23.5,0,-151,23.5,0,151,23.5,0],"indexes":[0,1,2,2,1,3],"uv":[0,47,302,47,0,0,302,0],"nuv":[0,0,1,0,0,1,1,1],"minPos":{"x":-151,"y":-23.5,"z":0},"maxPos":{"x":151,"y":23.5,"z":0}},"packable":true,"pixelsToUnit":100,"pivot":{"x":0.5,"y":0.5},"meshType":0}],[0],0,[0],[0],[0]]
