[1,["d4fQrAXvRAL452q5bF/j9o@6c48a"],["_textureSource"],["cc.SpriteFrame"],0,[{"name":"tiger","rect":{"x":0,"y":0,"width":139,"height":137},"offset":{"x":0,"y":0},"originalSize":{"width":139,"height":137},"rotated":false,"capInsets":[0,0,0,0],"vertices":{"rawPosition":[-69.5,-68.5,0,69.5,-68.5,0,-69.5,68.5,0,69.5,68.5,0],"indexes":[0,1,2,2,1,3],"uv":[0,137,139,137,0,0,139,0],"nuv":[0,0,1,0,0,1,1,1],"minPos":{"x":-69.5,"y":-68.5,"z":0},"maxPos":{"x":69.5,"y":68.5,"z":0}},"packable":true,"pixelsToUnit":100,"pivot":{"x":0.5,"y":0.5},"meshType":0}],[0],0,[0],[0],[0]]
