[1,["2fec088f-a1e7-4c30-b1a6-d3046de268ab@6c48a"],["_textureSource"],["cc.SpriteFrame"],0,[{"name":"bossWarn","rect":{"x":0,"y":0,"width":860,"height":488},"offset":{"x":0,"y":0},"originalSize":{"width":860,"height":488},"rotated":false,"capInsets":[0,0,0,0],"vertices":{"rawPosition":[-430,-244,0,430,-244,0,-430,244,0,430,244,0],"indexes":[0,1,2,2,1,3],"uv":[0,488,860,488,0,0,860,0],"nuv":[0,0,1,0,0,1,1,1],"minPos":{"x":-430,"y":-244,"z":0},"maxPos":{"x":430,"y":244,"z":0}},"packable":true,"pixelsToUnit":100,"pivot":{"x":0.5,"y":0.5},"meshType":0}],[0],0,[0],[0],[0]]
