[1,["1ef9d2953@6c48a","4803lKudFJfoeTskQx0z+M@f9941","62uXAA23NBnIg2xXO8etmu@f9941"],["_textureSource"],["cc.SpriteFrame","cc.SpriteAtlas"],0,[[[{"name":"Rptidakmencukupi","rect":{"x":3,"y":3,"width":229,"height":76},"offset":{"x":0,"y":0},"originalSize":{"width":229,"height":76},"rotated":true,"capInsets":[0,0,0,0],"packable":true,"pixelsToUnit":100,"pivot":{"x":0.5,"y":0.5},"meshType":0}],[0],0,[0],[0],[0]],[[{"name":"icon_dating_jinbi","rect":{"x":85,"y":3,"width":39,"height":42},"offset":{"x":0,"y":0},"originalSize":{"width":39,"height":42},"rotated":false,"capInsets":[0,0,0,0],"packable":true,"pixelsToUnit":100,"pivot":{"x":0.5,"y":0.5},"meshType":0}],[0],0,[0],[0],[0]],[[{"name":"auto_commmon_phoenix","spriteFrames":["Rptidakmencukupi","4803lKudFJfoeTskQx0z+M@f9941","icon_dating_jinbi","62uXAA23NBnIg2xXO8etmu@f9941"]}],[1],0,[0,0],[0,0],[1,2]]]]
