[1,["425Aygl4lL9Lv4K3BiCWxZ@f9941"],["spriteFrame"],[["cc.BitmapFont",["_name","fontSize","fntConfig"],0]],[[0,0,1,2,4]],[[0,"shuzi_longhu_cm_shenlan",32,{"commonHeight":32,"fontSize":32,"atlasName":"shuzi_longhu_cm_shenlan_0.png","fontDefDictionary":{"48":{"xOffset":0,"yOffset":0,"xAdvance":16,"rect":{"x":129,"y":0,"width":16,"height":23}},"49":{"xOffset":0,"yOffset":0,"xAdvance":11,"rect":{"x":80,"y":23,"width":11,"height":23}},"50":{"xOffset":0,"yOffset":0,"xAdvance":16,"rect":{"x":0,"y":23,"width":16,"height":23}},"51":{"xOffset":0,"yOffset":0,"xAdvance":16,"rect":{"x":16,"y":23,"width":16,"height":23}},"52":{"xOffset":0,"yOffset":0,"xAdvance":17,"rect":{"x":78,"y":0,"width":17,"height":23}},"53":{"xOffset":0,"yOffset":0,"xAdvance":17,"rect":{"x":95,"y":0,"width":17,"height":23}},"54":{"xOffset":0,"yOffset":0,"xAdvance":17,"rect":{"x":112,"y":0,"width":17,"height":23}},"55":{"xOffset":0,"yOffset":0,"xAdvance":16,"rect":{"x":32,"y":23,"width":16,"height":23}},"56":{"xOffset":0,"yOffset":0,"xAdvance":16,"rect":{"x":48,"y":23,"width":16,"height":23}},"57":{"xOffset":0,"yOffset":0,"xAdvance":16,"rect":{"x":64,"y":23,"width":16,"height":23}},"66":{"xOffset":0,"yOffset":0,"xAdvance":18,"rect":{"x":60,"y":0,"width":18,"height":23}},"75":{"xOffset":0,"yOffset":0,"xAdvance":19,"rect":{"x":22,"y":0,"width":19,"height":23}},"77":{"xOffset":0,"yOffset":0,"xAdvance":22,"rect":{"x":0,"y":0,"width":22,"height":23}},"84":{"xOffset":0,"yOffset":0,"xAdvance":19,"rect":{"x":41,"y":0,"width":19,"height":23}}},"kerningDict":{}}]],0,0,[0],[0],[0]]
