[1,["4dMrXRkq9N/pLc3fgPcPEF@6c48a"],["_textureSource"],["cc.SpriteFrame"],0,[{"name":"common_payline_tips3_4","rect":{"x":52,"y":6,"width":323,"height":295},"offset":{"x":13.5,"y":6.5},"originalSize":{"width":400,"height":320},"rotated":false,"capInsets":[0,0,0,0],"vertices":{"rawPosition":[-161.5,-147.5,0,161.5,-147.5,0,-161.5,147.5,0,161.5,147.5,0],"indexes":[0,1,2,2,1,3],"uv":[52,314,375,314,52,19,375,19],"nuv":[0.13,0.059375,0.9375,0.059375,0.13,0.98125,0.9375,0.98125],"minPos":{"x":-161.5,"y":-147.5,"z":0},"maxPos":{"x":161.5,"y":147.5,"z":0}},"packable":true,"pixelsToUnit":100,"pivot":{"x":0.5,"y":0.5},"meshType":0}],[0],0,[0],[0],[0]]
