[1,["4dsghFicBJOZ48HldJsvvS@6c48a"],["_textureSource"],["cc.SpriteFrame"],0,[{"name":"ocean_mermaidbg_change_15","rect":{"x":5,"y":3,"width":290,"height":614},"offset":{"x":0,"y":0},"originalSize":{"width":300,"height":620},"rotated":false,"capInsets":[0,0,0,0],"vertices":{"rawPosition":[-145,-307,0,145,-307,0,-145,307,0,145,307,0],"indexes":[0,1,2,2,1,3],"uv":[5,617,295,617,5,3,295,3],"nuv":[0.016666666666666666,0.004838709677419355,0.9833333333333333,0.004838709677419355,0.016666666666666666,0.9951612903225806,0.9833333333333333,0.9951612903225806],"minPos":{"x":-145,"y":-307,"z":0},"maxPos":{"x":145,"y":307,"z":0}},"packable":true,"pixelsToUnit":100,"pivot":{"x":0.5,"y":0.5},"meshType":0}],[0],0,[0],[0],[0]]
