[1,["4d6eZ1kZhIja6tcvuakwi0@6c48a"],["_textureSource"],["cc.SpriteFrame"],0,[{"name":"common_icon_k","rect":{"x":0,"y":0,"width":147,"height":144},"offset":{"x":0,"y":0},"originalSize":{"width":147,"height":144},"rotated":false,"capInsets":[0,0,0,0],"vertices":{"rawPosition":[-73.5,-72,0,73.5,-72,0,-73.5,72,0,73.5,72,0],"indexes":[0,1,2,2,1,3],"uv":[0,144,147,144,0,0,147,0],"nuv":[0,0,1,0,0,1,1,1],"minPos":{"x":-73.5,"y":-72,"z":0},"maxPos":{"x":73.5,"y":72,"z":0}},"packable":true,"pixelsToUnit":100,"pivot":{"x":0.5,"y":0.5},"meshType":0}],[0],0,[0],[0],[0]]
