[1,["a76U4LbS9HlZDHXoKP6aoh@6c48a","3fHX//mT5N+oHh/rWwpuBk@3fdbd","3fHX//mT5N+oHh/rWwpuBk@55d8a","3fHX//mT5N+oHh/rWwpuBk@fe1f8","3fHX//mT5N+oHh/rWwpuBk@562be","3fHX//mT5N+oHh/rWwpuBk@18b7f","3fHX//mT5N+oHh/rWwpuBk@c8e48","3fHX//mT5N+oHh/rWwpuBk@979ad","3fHX//mT5N+oHh/rWwpuBk@a9233","3fHX//mT5N+oHh/rWwpuBk@ee02c","3fHX//mT5N+oHh/rWwpuBk@ec89d","3fHX//mT5N+oHh/rWwpuBk@8bdc3","3fHX//mT5N+oHh/rWwpuBk@1b814","3fHX//mT5N+oHh/rWwpuBk@1fd0b","3fHX//mT5N+oHh/rWwpuBk@0ccc3","3fHX//mT5N+oHh/rWwpuBk@c10ec","3fHX//mT5N+oHh/rWwpuBk@ef0ac","3fHX//mT5N+oHh/rWwpuBk@90846","3fHX//mT5N+oHh/rWwpuBk@9f6c4","3fHX//mT5N+oHh/rWwpuBk@2772e","3fHX//mT5N+oHh/rWwpuBk@c0699","3fHX//mT5N+oHh/rWwpuBk@64497","3fHX//mT5N+oHh/rWwpuBk@fae6d","3fHX//mT5N+oHh/rWwpuBk@c5bf8","3fHX//mT5N+oHh/rWwpuBk@ae91e","3fHX//mT5N+oHh/rWwpuBk@100b9","3fHX//mT5N+oHh/rWwpuBk@850dd","3fHX//mT5N+oHh/rWwpuBk@5091c","3fHX//mT5N+oHh/rWwpuBk@ae36e","3fHX//mT5N+oHh/rWwpuBk@3c45a","3fHX//mT5N+oHh/rWwpuBk@b641e","3fHX//mT5N+oHh/rWwpuBk@729b1","3fHX//mT5N+oHh/rWwpuBk@38559","3fHX//mT5N+oHh/rWwpuBk@18806","3fHX//mT5N+oHh/rWwpuBk@ee3d0","3fHX//mT5N+oHh/rWwpuBk@0229b","3fHX//mT5N+oHh/rWwpuBk@5c0be","3fHX//mT5N+oHh/rWwpuBk@fd000","3fHX//mT5N+oHh/rWwpuBk@4c1cc"],["_textureSource"],["cc.SpriteFrame","cc.SpriteAtlas"],0,[[[{"name":"bg3guangpls","spriteFrames":["bg3guang0_1","3fHX//mT5N+oHh/rWwpuBk@3fdbd","bg3guang0_2","3fHX//mT5N+oHh/rWwpuBk@55d8a","bg3guang0_3","3fHX//mT5N+oHh/rWwpuBk@fe1f8","bg3guang0_4","3fHX//mT5N+oHh/rWwpuBk@562be","bg3guang0_5","3fHX//mT5N+oHh/rWwpuBk@18b7f","bg3guang0_6","3fHX//mT5N+oHh/rWwpuBk@c8e48","bg3guang0_7","3fHX//mT5N+oHh/rWwpuBk@979ad","bg3guang0_8","3fHX//mT5N+oHh/rWwpuBk@a9233","bg3guang0_9","3fHX//mT5N+oHh/rWwpuBk@ee02c","bg3guang1_1","3fHX//mT5N+oHh/rWwpuBk@ec89d","bg3guang1_2","3fHX//mT5N+oHh/rWwpuBk@8bdc3","bg3guang1_3","3fHX//mT5N+oHh/rWwpuBk@1b814","bg3guang1_4","3fHX//mT5N+oHh/rWwpuBk@1fd0b","bg3guang1_5","3fHX//mT5N+oHh/rWwpuBk@0ccc3","bg3guang1_6","3fHX//mT5N+oHh/rWwpuBk@c10ec","bg3guang1_7","3fHX//mT5N+oHh/rWwpuBk@ef0ac","bg3guang1_8","3fHX//mT5N+oHh/rWwpuBk@90846","bg3guang1_9","3fHX//mT5N+oHh/rWwpuBk@9f6c4","bg3guang2_1","3fHX//mT5N+oHh/rWwpuBk@2772e","bg3guang2_2","3fHX//mT5N+oHh/rWwpuBk@c0699","bg3guang2_3","3fHX//mT5N+oHh/rWwpuBk@64497","bg3guang2_4","3fHX//mT5N+oHh/rWwpuBk@fae6d","bg3guang2_5","3fHX//mT5N+oHh/rWwpuBk@c5bf8","bg3guang2_6","3fHX//mT5N+oHh/rWwpuBk@ae91e","bg3guang2_7","3fHX//mT5N+oHh/rWwpuBk@100b9","bg3guang2_8","3fHX//mT5N+oHh/rWwpuBk@850dd","bg3guang2_9","3fHX//mT5N+oHh/rWwpuBk@5091c","bg3guang2_10","3fHX//mT5N+oHh/rWwpuBk@ae36e","bg3guang3_1","3fHX//mT5N+oHh/rWwpuBk@3c45a","bg3guang3_2","3fHX//mT5N+oHh/rWwpuBk@b641e","bg3guang3_3","3fHX//mT5N+oHh/rWwpuBk@729b1","bg3guang3_4","3fHX//mT5N+oHh/rWwpuBk@38559","bg3guang3_5","3fHX//mT5N+oHh/rWwpuBk@18806","bg3guang3_6","3fHX//mT5N+oHh/rWwpuBk@ee3d0","bg3guang3_7","3fHX//mT5N+oHh/rWwpuBk@0229b","bg3guang3_8","3fHX//mT5N+oHh/rWwpuBk@5c0be","bg3guang3_9","3fHX//mT5N+oHh/rWwpuBk@fd000","bg3guang3_10","3fHX//mT5N+oHh/rWwpuBk@4c1cc"]}],[1],0,[0,0,0,0,0,0,0,0,0,0,0,0,0,0,0,0,0,0,0,0,0,0,0,0,0,0,0,0,0,0,0,0,0,0,0,0,0,0],[0,0,0,0,0,0,0,0,0,0,0,0,0,0,0,0,0,0,0,0,0,0,0,0,0,0,0,0,0,0,0,0,0,0,0,0,0,0],[1,2,3,4,5,6,7,8,9,10,11,12,13,14,15,16,17,18,19,20,21,22,23,24,25,26,27,28,29,30,31,32,33,34,35,36,37,38]],[[{"name":"bg3guang3_7","rect":{"x":2,"y":944,"width":538,"height":306},"offset":{"x":-5,"y":7},"originalSize":{"width":600,"height":320},"rotated":true,"capInsets":[0,0,0,0],"vertices":{"rawPosition":[],"indexes":[],"uv":[],"nuv":[],"minPos":{"x":0,"y":0,"z":0},"maxPos":{"x":0,"y":0,"z":0}},"packable":true,"pixelsToUnit":100,"pivot":{"x":0.5,"y":0.5},"meshType":0}],[0],0,[0],[0],[0]],[[{"name":"bg3guang1_5","rect":{"x":854,"y":376,"width":156,"height":142},"offset":{"x":0,"y":-2},"originalSize":{"width":200,"height":200},"rotated":false,"capInsets":[0,0,0,0],"vertices":{"rawPosition":[],"indexes":[],"uv":[],"nuv":[],"minPos":{"x":0,"y":0,"z":0},"maxPos":{"x":0,"y":0,"z":0}},"packable":true,"pixelsToUnit":100,"pivot":{"x":0.5,"y":0.5},"meshType":0}],[0],0,[0],[0],[0]],[[{"name":"bg3guang2_7","rect":{"x":788,"y":1360,"width":142,"height":102},"offset":{"x":25,"y":27},"originalSize":{"width":250,"height":180},"rotated":false,"capInsets":[0,0,0,0],"vertices":{"rawPosition":[],"indexes":[],"uv":[],"nuv":[],"minPos":{"x":0,"y":0,"z":0},"maxPos":{"x":0,"y":0,"z":0}},"packable":true,"pixelsToUnit":100,"pivot":{"x":0.5,"y":0.5},"meshType":0}],[0],0,[0],[0],[0]],[[{"name":"bg3guang3_5","rect":{"x":310,"y":944,"width":532,"height":306},"offset":{"x":-3,"y":7},"originalSize":{"width":600,"height":320},"rotated":true,"capInsets":[0,0,0,0],"vertices":{"rawPosition":[],"indexes":[],"uv":[],"nuv":[],"minPos":{"x":0,"y":0,"z":0},"maxPos":{"x":0,"y":0,"z":0}},"packable":true,"pixelsToUnit":100,"pivot":{"x":0.5,"y":0.5},"meshType":0}],[0],0,[0],[0],[0]],[[{"name":"bg3guang0_5","rect":{"x":538,"y":814,"width":76,"height":114},"offset":{"x":2,"y":3},"originalSize":{"width":100,"height":130},"rotated":false,"capInsets":[0,0,0,0],"vertices":{"rawPosition":[],"indexes":[],"uv":[],"nuv":[],"minPos":{"x":0,"y":0,"z":0},"maxPos":{"x":0,"y":0,"z":0}},"packable":true,"pixelsToUnit":100,"pivot":{"x":0.5,"y":0.5},"meshType":0}],[0],0,[0],[0],[0]],[[{"name":"bg3guang1_3","rect":{"x":618,"y":1210,"width":166,"height":152},"offset":{"x":0,"y":-1},"originalSize":{"width":200,"height":200},"rotated":false,"capInsets":[0,0,0,0],"vertices":{"rawPosition":[],"indexes":[],"uv":[],"nuv":[],"minPos":{"x":0,"y":0,"z":0},"maxPos":{"x":0,"y":0,"z":0}},"packable":true,"pixelsToUnit":100,"pivot":{"x":0.5,"y":0.5},"meshType":0}],[0],0,[0],[0],[0]],[[{"name":"bg3guang1_4","rect":{"x":618,"y":1056,"width":166,"height":152},"offset":{"x":0,"y":-1},"originalSize":{"width":200,"height":200},"rotated":false,"capInsets":[0,0,0,0],"vertices":{"rawPosition":[],"indexes":[],"uv":[],"nuv":[],"minPos":{"x":0,"y":0,"z":0},"maxPos":{"x":0,"y":0,"z":0}},"packable":true,"pixelsToUnit":100,"pivot":{"x":0.5,"y":0.5},"meshType":0}],[0],0,[0],[0],[0]],[[{"name":"bg3guang2_1","rect":{"x":924,"y":1658,"width":192,"height":74},"offset":{"x":11,"y":-5},"originalSize":{"width":250,"height":180},"rotated":true,"capInsets":[0,0,0,0],"vertices":{"rawPosition":[],"indexes":[],"uv":[],"nuv":[],"minPos":{"x":0,"y":0,"z":0},"maxPos":{"x":0,"y":0,"z":0}},"packable":true,"pixelsToUnit":100,"pivot":{"x":0.5,"y":0.5},"meshType":0}],[0],0,[0],[0],[0]],[[{"name":"bg3guang3_4","rect":{"x":308,"y":1484,"width":528,"height":306},"offset":{"x":-3,"y":7},"originalSize":{"width":600,"height":320},"rotated":true,"capInsets":[0,0,0,0],"vertices":{"rawPosition":[],"indexes":[],"uv":[],"nuv":[],"minPos":{"x":0,"y":0,"z":0},"maxPos":{"x":0,"y":0,"z":0}},"packable":true,"pixelsToUnit":100,"pivot":{"x":0.5,"y":0.5},"meshType":0}],[0],0,[0],[0],[0]],[[{"name":"bg3guang3_1","rect":{"x":542,"y":2,"width":528,"height":310},"offset":{"x":-3,"y":5},"originalSize":{"width":600,"height":320},"rotated":true,"capInsets":[0,0,0,0],"vertices":{"rawPosition":[],"indexes":[],"uv":[],"nuv":[],"minPos":{"x":0,"y":0,"z":0},"maxPos":{"x":0,"y":0,"z":0}},"packable":true,"pixelsToUnit":100,"pivot":{"x":0.5,"y":0.5},"meshType":0}],[0],0,[0],[0],[0]],[[{"name":"bg3guang0_1","rect":{"x":950,"y":1286,"width":82,"height":120},"offset":{"x":3,"y":3},"originalSize":{"width":100,"height":130},"rotated":false,"capInsets":[0,0,0,0],"vertices":{"rawPosition":[],"indexes":[],"uv":[],"nuv":[],"minPos":{"x":0,"y":0,"z":0},"maxPos":{"x":0,"y":0,"z":0}},"packable":true,"pixelsToUnit":100,"pivot":{"x":0.5,"y":0.5},"meshType":0}],[0],0,[0],[0],[0]],[[{"name":"bg3guang3_10","rect":{"x":2,"y":630,"width":534,"height":312},"offset":{"x":-5,"y":4},"originalSize":{"width":600,"height":320},"rotated":false,"capInsets":[0,0,0,0],"vertices":{"rawPosition":[],"indexes":[],"uv":[],"nuv":[],"minPos":{"x":0,"y":0,"z":0},"maxPos":{"x":0,"y":0,"z":0}},"packable":true,"pixelsToUnit":100,"pivot":{"x":0.5,"y":0.5},"meshType":0}],[0],0,[0],[0],[0]],[[{"name":"bg3guang2_9","rect":{"x":854,"y":2,"width":204,"height":150},"offset":{"x":1,"y":3},"originalSize":{"width":250,"height":180},"rotated":true,"capInsets":[0,0,0,0],"vertices":{"rawPosition":[],"indexes":[],"uv":[],"nuv":[],"minPos":{"x":0,"y":0,"z":0},"maxPos":{"x":0,"y":0,"z":0}},"packable":true,"pixelsToUnit":100,"pivot":{"x":0.5,"y":0.5},"meshType":0}],[0],0,[0],[0],[0]],[[{"name":"bg3guang0_2","rect":{"x":950,"y":1164,"width":82,"height":120},"offset":{"x":3,"y":3},"originalSize":{"width":100,"height":130},"rotated":false,"capInsets":[0,0,0,0],"vertices":{"rawPosition":[],"indexes":[],"uv":[],"nuv":[],"minPos":{"x":0,"y":0,"z":0},"maxPos":{"x":0,"y":0,"z":0}},"packable":true,"pixelsToUnit":100,"pivot":{"x":0.5,"y":0.5},"meshType":0}],[0],0,[0],[0],[0]],[[{"name":"bg3guang0_4","rect":{"x":928,"y":920,"width":82,"height":120},"offset":{"x":3,"y":3},"originalSize":{"width":100,"height":130},"rotated":false,"capInsets":[0,0,0,0],"vertices":{"rawPosition":[],"indexes":[],"uv":[],"nuv":[],"minPos":{"x":0,"y":0,"z":0},"maxPos":{"x":0,"y":0,"z":0}},"packable":true,"pixelsToUnit":100,"pivot":{"x":0.5,"y":0.5},"meshType":0}],[0],0,[0],[0],[0]],[[{"name":"bg3guang3_8","rect":{"x":2,"y":2,"width":538,"height":312},"offset":{"x":-5,"y":4},"originalSize":{"width":600,"height":320},"rotated":false,"capInsets":[0,0,0,0],"vertices":{"rawPosition":[],"indexes":[],"uv":[],"nuv":[],"minPos":{"x":0,"y":0,"z":0},"maxPos":{"x":0,"y":0,"z":0}},"packable":true,"pixelsToUnit":100,"pivot":{"x":0.5,"y":0.5},"meshType":0}],[0],0,[0],[0],[0]],[[{"name":"bg3guang2_3","rect":{"x":928,"y":722,"width":196,"height":72},"offset":{"x":3,"y":12},"originalSize":{"width":250,"height":180},"rotated":true,"capInsets":[0,0,0,0],"vertices":{"rawPosition":[],"indexes":[],"uv":[],"nuv":[],"minPos":{"x":0,"y":0,"z":0},"maxPos":{"x":0,"y":0,"z":0}},"packable":true,"pixelsToUnit":100,"pivot":{"x":0.5,"y":0.5},"meshType":0}],[0],0,[0],[0],[0]],[[{"name":"bg3guang3_3","rect":{"x":618,"y":532,"width":522,"height":308},"offset":{"x":-2,"y":6},"originalSize":{"width":600,"height":320},"rotated":true,"capInsets":[0,0,0,0],"vertices":{"rawPosition":[],"indexes":[],"uv":[],"nuv":[],"minPos":{"x":0,"y":0,"z":0},"maxPos":{"x":0,"y":0,"z":0}},"packable":true,"pixelsToUnit":100,"pivot":{"x":0.5,"y":0.5},"meshType":0}],[0],0,[0],[0],[0]],[[{"name":"bg3guang2_8","rect":{"x":618,"y":1364,"width":168,"height":96},"offset":{"x":-18,"y":-24},"originalSize":{"width":250,"height":180},"rotated":false,"capInsets":[0,0,0,0],"vertices":{"rawPosition":[],"indexes":[],"uv":[],"nuv":[],"minPos":{"x":0,"y":0,"z":0},"maxPos":{"x":0,"y":0,"z":0}},"packable":true,"pixelsToUnit":100,"pivot":{"x":0.5,"y":0.5},"meshType":0}],[0],0,[0],[0],[0]],[[{"name":"bg3guang1_2","rect":{"x":854,"y":208,"width":166,"height":152},"offset":{"x":0,"y":-1},"originalSize":{"width":200,"height":200},"rotated":true,"capInsets":[0,0,0,0],"vertices":{"rawPosition":[],"indexes":[],"uv":[],"nuv":[],"minPos":{"x":0,"y":0,"z":0},"maxPos":{"x":0,"y":0,"z":0}},"packable":true,"pixelsToUnit":100,"pivot":{"x":0.5,"y":0.5},"meshType":0}],[0],0,[0],[0],[0]],[[{"name":"bg3guang1_8","rect":{"x":618,"y":1210,"width":166,"height":152},"offset":{"x":0,"y":-1},"originalSize":{"width":200,"height":200},"rotated":false,"capInsets":[0,0,0,0],"vertices":{"rawPosition":[],"indexes":[],"uv":[],"nuv":[],"minPos":{"x":0,"y":0,"z":0},"maxPos":{"x":0,"y":0,"z":0}},"packable":true,"pixelsToUnit":100,"pivot":{"x":0.5,"y":0.5},"meshType":0}],[0],0,[0],[0],[0]],[[{"name":"bg3guang0_7","rect":{"x":928,"y":920,"width":82,"height":120},"offset":{"x":3,"y":3},"originalSize":{"width":100,"height":130},"rotated":false,"capInsets":[0,0,0,0],"vertices":{"rawPosition":[],"indexes":[],"uv":[],"nuv":[],"minPos":{"x":0,"y":0,"z":0},"maxPos":{"x":0,"y":0,"z":0}},"packable":true,"pixelsToUnit":100,"pivot":{"x":0.5,"y":0.5},"meshType":0}],[0],0,[0],[0],[0]],[[{"name":"bg3guang1_9","rect":{"x":854,"y":208,"width":166,"height":152},"offset":{"x":0,"y":-1},"originalSize":{"width":200,"height":200},"rotated":true,"capInsets":[0,0,0,0],"vertices":{"rawPosition":[],"indexes":[],"uv":[],"nuv":[],"minPos":{"x":0,"y":0,"z":0},"maxPos":{"x":0,"y":0,"z":0}},"packable":true,"pixelsToUnit":100,"pivot":{"x":0.5,"y":0.5},"meshType":0}],[0],0,[0],[0],[0]],[[{"name":"bg3guang0_8","rect":{"x":950,"y":1042,"width":82,"height":120},"offset":{"x":3,"y":3},"originalSize":{"width":100,"height":130},"rotated":false,"capInsets":[0,0,0,0],"vertices":{"rawPosition":[],"indexes":[],"uv":[],"nuv":[],"minPos":{"x":0,"y":0,"z":0},"maxPos":{"x":0,"y":0,"z":0}},"packable":true,"pixelsToUnit":100,"pivot":{"x":0.5,"y":0.5},"meshType":0}],[0],0,[0],[0],[0]],[[{"name":"bg3guang2_10","rect":{"x":786,"y":1224,"width":162,"height":134},"offset":{"x":19,"y":11},"originalSize":{"width":250,"height":180},"rotated":false,"capInsets":[0,0,0,0],"vertices":{"rawPosition":[],"indexes":[],"uv":[],"nuv":[],"minPos":{"x":0,"y":0,"z":0},"maxPos":{"x":0,"y":0,"z":0}},"packable":true,"pixelsToUnit":100,"pivot":{"x":0.5,"y":0.5},"meshType":0}],[0],0,[0],[0],[0]],[[{"name":"bg3guang2_6","rect":{"x":928,"y":520,"width":200,"height":98},"offset":{"x":-1,"y":-22},"originalSize":{"width":250,"height":180},"rotated":true,"capInsets":[0,0,0,0],"vertices":{"rawPosition":[],"indexes":[],"uv":[],"nuv":[],"minPos":{"x":0,"y":0,"z":0},"maxPos":{"x":0,"y":0,"z":0}},"packable":true,"pixelsToUnit":100,"pivot":{"x":0.5,"y":0.5},"meshType":0}],[0],0,[0],[0],[0]],[[{"name":"bg3guang3_2","rect":{"x":616,"y":1478,"width":526,"height":306},"offset":{"x":-2,"y":7},"originalSize":{"width":600,"height":320},"rotated":true,"capInsets":[0,0,0,0],"vertices":{"rawPosition":[],"indexes":[],"uv":[],"nuv":[],"minPos":{"x":0,"y":0,"z":0},"maxPos":{"x":0,"y":0,"z":0}},"packable":true,"pixelsToUnit":100,"pivot":{"x":0.5,"y":0.5},"meshType":0}],[0],0,[0],[0],[0]],[[{"name":"bg3guang2_2","rect":{"x":538,"y":630,"width":182,"height":78},"offset":{"x":8,"y":-3},"originalSize":{"width":250,"height":180},"rotated":true,"capInsets":[0,0,0,0],"vertices":{"rawPosition":[],"indexes":[],"uv":[],"nuv":[],"minPos":{"x":0,"y":0,"z":0},"maxPos":{"x":0,"y":0,"z":0}},"packable":true,"pixelsToUnit":100,"pivot":{"x":0.5,"y":0.5},"meshType":0}],[0],0,[0],[0],[0]],[[{"name":"bg3guang1_6","rect":{"x":854,"y":376,"width":156,"height":142},"offset":{"x":0,"y":-2},"originalSize":{"width":200,"height":200},"rotated":false,"capInsets":[0,0,0,0],"vertices":{"rawPosition":[],"indexes":[],"uv":[],"nuv":[],"minPos":{"x":0,"y":0,"z":0},"maxPos":{"x":0,"y":0,"z":0}},"packable":true,"pixelsToUnit":100,"pivot":{"x":0.5,"y":0.5},"meshType":0}],[0],0,[0],[0],[0]],[[{"name":"bg3guang2_5","rect":{"x":924,"y":1852,"width":188,"height":62},"offset":{"x":6,"y":7},"originalSize":{"width":250,"height":180},"rotated":true,"capInsets":[0,0,0,0],"vertices":{"rawPosition":[],"indexes":[],"uv":[],"nuv":[],"minPos":{"x":0,"y":0,"z":0},"maxPos":{"x":0,"y":0,"z":0}},"packable":true,"pixelsToUnit":100,"pivot":{"x":0.5,"y":0.5},"meshType":0}],[0],0,[0],[0],[0]],[[{"name":"bg3guang0_6","rect":{"x":538,"y":814,"width":76,"height":114},"offset":{"x":2,"y":3},"originalSize":{"width":100,"height":130},"rotated":false,"capInsets":[0,0,0,0],"vertices":{"rawPosition":[],"indexes":[],"uv":[],"nuv":[],"minPos":{"x":0,"y":0,"z":0},"maxPos":{"x":0,"y":0,"z":0}},"packable":true,"pixelsToUnit":100,"pivot":{"x":0.5,"y":0.5},"meshType":0}],[0],0,[0],[0],[0]],[[{"name":"bg3guang1_1","rect":{"x":786,"y":1056,"width":166,"height":152},"offset":{"x":0,"y":-1},"originalSize":{"width":200,"height":200},"rotated":true,"capInsets":[0,0,0,0],"vertices":{"rawPosition":[],"indexes":[],"uv":[],"nuv":[],"minPos":{"x":0,"y":0,"z":0},"maxPos":{"x":0,"y":0,"z":0}},"packable":true,"pixelsToUnit":100,"pivot":{"x":0.5,"y":0.5},"meshType":0}],[0],0,[0],[0],[0]],[[{"name":"bg3guang0_9","rect":{"x":950,"y":1164,"width":82,"height":120},"offset":{"x":3,"y":3},"originalSize":{"width":100,"height":130},"rotated":false,"capInsets":[0,0,0,0],"vertices":{"rawPosition":[],"indexes":[],"uv":[],"nuv":[],"minPos":{"x":0,"y":0,"z":0},"maxPos":{"x":0,"y":0,"z":0}},"packable":true,"pixelsToUnit":100,"pivot":{"x":0.5,"y":0.5},"meshType":0}],[0],0,[0],[0],[0]],[[{"name":"bg3guang3_6","rect":{"x":2,"y":1484,"width":536,"height":304},"offset":{"x":-4,"y":8},"originalSize":{"width":600,"height":320},"rotated":true,"capInsets":[0,0,0,0],"vertices":{"rawPosition":[],"indexes":[],"uv":[],"nuv":[],"minPos":{"x":0,"y":0,"z":0},"maxPos":{"x":0,"y":0,"z":0}},"packable":true,"pixelsToUnit":100,"pivot":{"x":0.5,"y":0.5},"meshType":0}],[0],0,[0],[0],[0]],[[{"name":"bg3guang1_7","rect":{"x":618,"y":1056,"width":166,"height":152},"offset":{"x":0,"y":-1},"originalSize":{"width":200,"height":200},"rotated":false,"capInsets":[0,0,0,0],"vertices":{"rawPosition":[],"indexes":[],"uv":[],"nuv":[],"minPos":{"x":0,"y":0,"z":0},"maxPos":{"x":0,"y":0,"z":0}},"packable":true,"pixelsToUnit":100,"pivot":{"x":0.5,"y":0.5},"meshType":0}],[0],0,[0],[0],[0]],[[{"name":"bg3guang2_4","rect":{"x":924,"y":1464,"width":192,"height":74},"offset":{"x":7,"y":11},"originalSize":{"width":250,"height":180},"rotated":true,"capInsets":[0,0,0,0],"vertices":{"rawPosition":[],"indexes":[],"uv":[],"nuv":[],"minPos":{"x":0,"y":0,"z":0},"maxPos":{"x":0,"y":0,"z":0}},"packable":true,"pixelsToUnit":100,"pivot":{"x":0.5,"y":0.5},"meshType":0}],[0],0,[0],[0],[0]],[[{"name":"bg3guang3_9","rect":{"x":2,"y":316,"width":536,"height":312},"offset":{"x":-5,"y":4},"originalSize":{"width":600,"height":320},"rotated":false,"capInsets":[0,0,0,0],"vertices":{"rawPosition":[],"indexes":[],"uv":[],"nuv":[],"minPos":{"x":0,"y":0,"z":0},"maxPos":{"x":0,"y":0,"z":0}},"packable":true,"pixelsToUnit":100,"pivot":{"x":0.5,"y":0.5},"meshType":0}],[0],0,[0],[0],[0]],[[{"name":"bg3guang0_3","rect":{"x":950,"y":1042,"width":82,"height":120},"offset":{"x":3,"y":3},"originalSize":{"width":100,"height":130},"rotated":false,"capInsets":[0,0,0,0],"vertices":{"rawPosition":[],"indexes":[],"uv":[],"nuv":[],"minPos":{"x":0,"y":0,"z":0},"maxPos":{"x":0,"y":0,"z":0}},"packable":true,"pixelsToUnit":100,"pivot":{"x":0.5,"y":0.5},"meshType":0}],[0],0,[0],[0],[0]]]]
