[1,["4137d58d-d210-42dc-a454-2001493e20a7@6c48a","d99c8405-89a4-4fcd-abad-f3d7ee69ba0f@cf514","d99c8405-89a4-4fcd-abad-f3d7ee69ba0f@680fe","d99c8405-89a4-4fcd-abad-f3d7ee69ba0f@b64a1","d99c8405-89a4-4fcd-abad-f3d7ee69ba0f@763da"],["_textureSource"],["cc.SpriteFrame","cc.SpriteAtlas"],0,[[[{"name":"SeaWave","spriteFrames":["SeaWave_1","d99c8405-89a4-4fcd-abad-f3d7ee69ba0f@cf514","SeaWave_2","d99c8405-89a4-4fcd-abad-f3d7ee69ba0f@680fe","SeaWave_3","d99c8405-89a4-4fcd-abad-f3d7ee69ba0f@b64a1","SeaWave_4","d99c8405-89a4-4fcd-abad-f3d7ee69ba0f@763da"]}],[1],0,[0,0,0,0],[0,0,0,0],[1,2,3,4]],[[{"name":"SeaWave_2","rect":{"x":307,"y":2,"width":297,"height":640},"offset":{"x":-3,"y":0},"originalSize":{"width":303,"height":640},"rotated":true,"capInsets":[0,0,0,0],"vertices":{"rawPosition":[],"indexes":[],"uv":[],"nuv":[],"minPos":{"x":0,"y":0,"z":0},"maxPos":{"x":0,"y":0,"z":0}},"packable":true,"pixelsToUnit":100,"pivot":{"x":0.5,"y":0.5},"meshType":0}],[0],0,[0],[0],[0]],[[{"name":"SeaWave_4","rect":{"x":307,"y":301,"width":285,"height":640},"offset":{"x":-9,"y":0},"originalSize":{"width":303,"height":640},"rotated":true,"capInsets":[0,0,0,0],"vertices":{"rawPosition":[],"indexes":[],"uv":[],"nuv":[],"minPos":{"x":0,"y":0,"z":0},"maxPos":{"x":0,"y":0,"z":0}},"packable":true,"pixelsToUnit":100,"pivot":{"x":0.5,"y":0.5},"meshType":0}],[0],0,[0],[0],[0]],[[{"name":"SeaWave_3","rect":{"x":2,"y":2,"width":303,"height":640},"offset":{"x":0,"y":0},"originalSize":{"width":303,"height":640},"rotated":false,"capInsets":[0,0,0,0],"vertices":{"rawPosition":[],"indexes":[],"uv":[],"nuv":[],"minPos":{"x":0,"y":0,"z":0},"maxPos":{"x":0,"y":0,"z":0}},"packable":true,"pixelsToUnit":100,"pivot":{"x":0.5,"y":0.5},"meshType":0}],[0],0,[0],[0],[0]],[[{"name":"SeaWave_1","rect":{"x":307,"y":588,"width":283,"height":640},"offset":{"x":-10,"y":0},"originalSize":{"width":303,"height":640},"rotated":true,"capInsets":[0,0,0,0],"vertices":{"rawPosition":[],"indexes":[],"uv":[],"nuv":[],"minPos":{"x":0,"y":0,"z":0},"maxPos":{"x":0,"y":0,"z":0}},"packable":true,"pixelsToUnit":100,"pivot":{"x":0.5,"y":0.5},"meshType":0}],[0],0,[0],[0],[0]]]]
