[1,["a50t6C4MlBZL5Z0S0B/Tyh@6c48a","b8xYh/+5xMHLDSjBn5jbon@6eb44","b8xYh/+5xMHLDSjBn5jbon@a3043","b8xYh/+5xMHLDSjBn5jbon@6d037","b8xYh/+5xMHLDSjBn5jbon@dd895","b8xYh/+5xMHLDSjBn5jbon@7c149","b8xYh/+5xMHLDSjBn5jbon@43ac7","b8xYh/+5xMHLDSjBn5jbon@4fb0a","b8xYh/+5xMHLDSjBn5jbon@7e60e","b8xYh/+5xMHLDSjBn5jbon@02201","b8xYh/+5xMHLDSjBn5jbon@7f793","b8xYh/+5xMHLDSjBn5jbon@a6328","b8xYh/+5xMHLDSjBn5jbon@54f81","b8xYh/+5xMHLDSjBn5jbon@b03b3","b8xYh/+5xMHLDSjBn5jbon@91034","b8xYh/+5xMHLDSjBn5jbon@09fa7","b8xYh/+5xMHLDSjBn5jbon@94043","b8xYh/+5xMHLDSjBn5jbon@b3583","b8xYh/+5xMHLDSjBn5jbon@25ef9","b8xYh/+5xMHLDSjBn5jbon@01287","b8xYh/+5xMHLDSjBn5jbon@fd989","b8xYh/+5xMHLDSjBn5jbon@12a01","b8xYh/+5xMHLDSjBn5jbon@0b27b","b8xYh/+5xMHLDSjBn5jbon@51fb6","b8xYh/+5xMHLDSjBn5jbon@b80ac","b8xYh/+5xMHLDSjBn5jbon@ee020","b8xYh/+5xMHLDSjBn5jbon@cad86","b8xYh/+5xMHLDSjBn5jbon@46b39","b8xYh/+5xMHLDSjBn5jbon@f2760","b8xYh/+5xMHLDSjBn5jbon@b7ca4","b8xYh/+5xMHLDSjBn5jbon@e9ab5"],["_textureSource"],["cc.SpriteFrame","cc.SpriteAtlas"],0,[[[{"name":"bosscoming","spriteFrames":["bosscoming_1","b8xYh/+5xMHLDSjBn5jbon@6eb44","bosscoming_2","b8xYh/+5xMHLDSjBn5jbon@a3043","bosscoming_11","b8xYh/+5xMHLDSjBn5jbon@6d037","bosscoming_12","b8xYh/+5xMHLDSjBn5jbon@dd895","bosscoming_13","b8xYh/+5xMHLDSjBn5jbon@7c149","bosscoming_14","b8xYh/+5xMHLDSjBn5jbon@43ac7","bosscoming_15","b8xYh/+5xMHLDSjBn5jbon@4fb0a","bosscoming_16","b8xYh/+5xMHLDSjBn5jbon@7e60e","bosscoming_17","b8xYh/+5xMHLDSjBn5jbon@02201","bosscoming_18","b8xYh/+5xMHLDSjBn5jbon@7f793","bosscoming_19","b8xYh/+5xMHLDSjBn5jbon@a6328","bosscoming_20","b8xYh/+5xMHLDSjBn5jbon@54f81","bosscoming_3","b8xYh/+5xMHLDSjBn5jbon@b03b3","bosscoming_21","b8xYh/+5xMHLDSjBn5jbon@91034","bosscoming_22","b8xYh/+5xMHLDSjBn5jbon@09fa7","bosscoming_23","b8xYh/+5xMHLDSjBn5jbon@94043","bosscoming_24","b8xYh/+5xMHLDSjBn5jbon@b3583","bosscoming_25","b8xYh/+5xMHLDSjBn5jbon@25ef9","bosscoming_26","b8xYh/+5xMHLDSjBn5jbon@01287","bosscoming_27","b8xYh/+5xMHLDSjBn5jbon@fd989","bosscoming_28","b8xYh/+5xMHLDSjBn5jbon@12a01","bosscoming_29","b8xYh/+5xMHLDSjBn5jbon@0b27b","bosscoming_30","b8xYh/+5xMHLDSjBn5jbon@51fb6","bosscoming_4","b8xYh/+5xMHLDSjBn5jbon@b80ac","bosscoming_5","b8xYh/+5xMHLDSjBn5jbon@ee020","bosscoming_6","b8xYh/+5xMHLDSjBn5jbon@cad86","bosscoming_7","b8xYh/+5xMHLDSjBn5jbon@46b39","bosscoming_8","b8xYh/+5xMHLDSjBn5jbon@f2760","bosscoming_9","b8xYh/+5xMHLDSjBn5jbon@b7ca4","bosscoming_10","b8xYh/+5xMHLDSjBn5jbon@e9ab5"]}],[1],0,[0,0,0,0,0,0,0,0,0,0,0,0,0,0,0,0,0,0,0,0,0,0,0,0,0,0,0,0,0,0],[0,0,0,0,0,0,0,0,0,0,0,0,0,0,0,0,0,0,0,0,0,0,0,0,0,0,0,0,0,0],[1,2,3,4,5,6,7,8,9,10,11,12,13,14,15,16,17,18,19,20,21,22,23,24,25,26,27,28,29,30]],[[{"name":"bosscoming_26","rect":{"x":3560,"y":2,"width":1060,"height":160},"offset":{"x":12,"y":-16},"originalSize":{"width":1136,"height":502},"rotated":true,"capInsets":[0,0,0,0],"vertices":{"rawPosition":[],"indexes":[],"uv":[],"nuv":[],"minPos":{"x":0,"y":0,"z":0},"maxPos":{"x":0,"y":0,"z":0}},"packable":true,"pixelsToUnit":100,"pivot":{"x":0.5,"y":0.5},"meshType":0}],[0],0,[0],[0],[0]],[[{"name":"bosscoming_17","rect":{"x":2,"y":966,"width":1130,"height":440},"offset":{"x":3,"y":11},"originalSize":{"width":1136,"height":502},"rotated":false,"capInsets":[0,0,0,0],"vertices":{"rawPosition":[],"indexes":[],"uv":[],"nuv":[],"minPos":{"x":0,"y":0,"z":0},"maxPos":{"x":0,"y":0,"z":0}},"packable":true,"pixelsToUnit":100,"pivot":{"x":0.5,"y":0.5},"meshType":0}],[0],0,[0],[0],[0]],[[{"name":"bosscoming_22","rect":{"x":3884,"y":2,"width":1060,"height":160},"offset":{"x":12,"y":-16},"originalSize":{"width":1136,"height":502},"rotated":true,"capInsets":[0,0,0,0],"vertices":{"rawPosition":[],"indexes":[],"uv":[],"nuv":[],"minPos":{"x":0,"y":0,"z":0},"maxPos":{"x":0,"y":0,"z":0}},"packable":true,"pixelsToUnit":100,"pivot":{"x":0.5,"y":0.5},"meshType":0}],[0],0,[0],[0],[0]],[[{"name":"bosscoming_29","rect":{"x":2266,"y":1112,"width":1060,"height":160},"offset":{"x":12,"y":-16},"originalSize":{"width":1136,"height":502},"rotated":false,"capInsets":[0,0,0,0],"vertices":{"rawPosition":[],"indexes":[],"uv":[],"nuv":[],"minPos":{"x":0,"y":0,"z":0},"maxPos":{"x":0,"y":0,"z":0}},"packable":true,"pixelsToUnit":100,"pivot":{"x":0.5,"y":0.5},"meshType":0}],[0],0,[0],[0],[0]],[[{"name":"bosscoming_28","rect":{"x":2266,"y":1112,"width":1060,"height":160},"offset":{"x":12,"y":-16},"originalSize":{"width":1136,"height":502},"rotated":false,"capInsets":[0,0,0,0],"vertices":{"rawPosition":[],"indexes":[],"uv":[],"nuv":[],"minPos":{"x":0,"y":0,"z":0},"maxPos":{"x":0,"y":0,"z":0}},"packable":true,"pixelsToUnit":100,"pivot":{"x":0.5,"y":0.5},"meshType":0}],[0],0,[0],[0],[0]],[[{"name":"bosscoming_25","rect":{"x":3560,"y":2,"width":1060,"height":160},"offset":{"x":12,"y":-16},"originalSize":{"width":1136,"height":502},"rotated":true,"capInsets":[0,0,0,0],"vertices":{"rawPosition":[],"indexes":[],"uv":[],"nuv":[],"minPos":{"x":0,"y":0,"z":0},"maxPos":{"x":0,"y":0,"z":0}},"packable":true,"pixelsToUnit":100,"pivot":{"x":0.5,"y":0.5},"meshType":0}],[0],0,[0],[0],[0]],[[{"name":"bosscoming_14","rect":{"x":1134,"y":474,"width":1130,"height":466},"offset":{"x":3,"y":7},"originalSize":{"width":1136,"height":502},"rotated":false,"capInsets":[0,0,0,0],"vertices":{"rawPosition":[],"indexes":[],"uv":[],"nuv":[],"minPos":{"x":0,"y":0,"z":0},"maxPos":{"x":0,"y":0,"z":0}},"packable":true,"pixelsToUnit":100,"pivot":{"x":0.5,"y":0.5},"meshType":0}],[0],0,[0],[0],[0]],[[{"name":"bosscoming_7","rect":{"x":2,"y":484,"width":1130,"height":480},"offset":{"x":3,"y":-3},"originalSize":{"width":1136,"height":502},"rotated":false,"capInsets":[0,0,0,0],"vertices":{"rawPosition":[],"indexes":[],"uv":[],"nuv":[],"minPos":{"x":0,"y":0,"z":0},"maxPos":{"x":0,"y":0,"z":0}},"packable":true,"pixelsToUnit":100,"pivot":{"x":0.5,"y":0.5},"meshType":0}],[0],0,[0],[0],[0]],[[{"name":"bosscoming_15","rect":{"x":2266,"y":2,"width":1130,"height":458},"offset":{"x":3,"y":7},"originalSize":{"width":1136,"height":502},"rotated":false,"capInsets":[0,0,0,0],"vertices":{"rawPosition":[],"indexes":[],"uv":[],"nuv":[],"minPos":{"x":0,"y":0,"z":0},"maxPos":{"x":0,"y":0,"z":0}},"packable":true,"pixelsToUnit":100,"pivot":{"x":0.5,"y":0.5},"meshType":0}],[0],0,[0],[0],[0]],[[{"name":"bosscoming_30","rect":{"x":3398,"y":2,"width":1060,"height":160},"offset":{"x":12,"y":-16},"originalSize":{"width":1136,"height":502},"rotated":true,"capInsets":[0,0,0,0],"vertices":{"rawPosition":[],"indexes":[],"uv":[],"nuv":[],"minPos":{"x":0,"y":0,"z":0},"maxPos":{"x":0,"y":0,"z":0}},"packable":true,"pixelsToUnit":100,"pivot":{"x":0.5,"y":0.5},"meshType":0}],[0],0,[0],[0],[0]],[[{"name":"bosscoming_20","rect":{"x":2266,"y":462,"width":1130,"height":300},"offset":{"x":3,"y":-18},"originalSize":{"width":1136,"height":502},"rotated":false,"capInsets":[0,0,0,0],"vertices":{"rawPosition":[],"indexes":[],"uv":[],"nuv":[],"minPos":{"x":0,"y":0,"z":0},"maxPos":{"x":0,"y":0,"z":0}},"packable":true,"pixelsToUnit":100,"pivot":{"x":0.5,"y":0.5},"meshType":0}],[0],0,[0],[0],[0]],[[{"name":"bosscoming_11","rect":{"x":1134,"y":2,"width":1130,"height":470},"offset":{"x":3,"y":7},"originalSize":{"width":1136,"height":502},"rotated":false,"capInsets":[0,0,0,0],"vertices":{"rawPosition":[],"indexes":[],"uv":[],"nuv":[],"minPos":{"x":0,"y":0,"z":0},"maxPos":{"x":0,"y":0,"z":0}},"packable":true,"pixelsToUnit":100,"pivot":{"x":0.5,"y":0.5},"meshType":0}],[0],0,[0],[0],[0]],[[{"name":"bosscoming_1","rect":{"x":2266,"y":940,"width":1130,"height":170},"offset":{"x":3,"y":-23},"originalSize":{"width":1136,"height":502},"rotated":false,"capInsets":[0,0,0,0],"vertices":{"rawPosition":[],"indexes":[],"uv":[],"nuv":[],"minPos":{"x":0,"y":0,"z":0},"maxPos":{"x":0,"y":0,"z":0}},"packable":true,"pixelsToUnit":100,"pivot":{"x":0.5,"y":0.5},"meshType":0}],[0],0,[0],[0],[0]],[[{"name":"bosscoming_13","rect":{"x":1134,"y":474,"width":1130,"height":466},"offset":{"x":3,"y":7},"originalSize":{"width":1136,"height":502},"rotated":false,"capInsets":[0,0,0,0],"vertices":{"rawPosition":[],"indexes":[],"uv":[],"nuv":[],"minPos":{"x":0,"y":0,"z":0},"maxPos":{"x":0,"y":0,"z":0}},"packable":true,"pixelsToUnit":100,"pivot":{"x":0.5,"y":0.5},"meshType":0}],[0],0,[0],[0],[0]],[[{"name":"bosscoming_16","rect":{"x":2266,"y":2,"width":1130,"height":458},"offset":{"x":3,"y":7},"originalSize":{"width":1136,"height":502},"rotated":false,"capInsets":[0,0,0,0],"vertices":{"rawPosition":[],"indexes":[],"uv":[],"nuv":[],"minPos":{"x":0,"y":0,"z":0},"maxPos":{"x":0,"y":0,"z":0}},"packable":true,"pixelsToUnit":100,"pivot":{"x":0.5,"y":0.5},"meshType":0}],[0],0,[0],[0],[0]],[[{"name":"bosscoming_18","rect":{"x":2,"y":966,"width":1130,"height":440},"offset":{"x":3,"y":11},"originalSize":{"width":1136,"height":502},"rotated":false,"capInsets":[0,0,0,0],"vertices":{"rawPosition":[],"indexes":[],"uv":[],"nuv":[],"minPos":{"x":0,"y":0,"z":0},"maxPos":{"x":0,"y":0,"z":0}},"packable":true,"pixelsToUnit":100,"pivot":{"x":0.5,"y":0.5},"meshType":0}],[0],0,[0],[0],[0]],[[{"name":"bosscoming_21","rect":{"x":3884,"y":2,"width":1060,"height":160},"offset":{"x":12,"y":-16},"originalSize":{"width":1136,"height":502},"rotated":true,"capInsets":[0,0,0,0],"vertices":{"rawPosition":[],"indexes":[],"uv":[],"nuv":[],"minPos":{"x":0,"y":0,"z":0},"maxPos":{"x":0,"y":0,"z":0}},"packable":true,"pixelsToUnit":100,"pivot":{"x":0.5,"y":0.5},"meshType":0}],[0],0,[0],[0],[0]],[[{"name":"bosscoming_23","rect":{"x":3722,"y":2,"width":1060,"height":160},"offset":{"x":12,"y":-16},"originalSize":{"width":1136,"height":502},"rotated":true,"capInsets":[0,0,0,0],"vertices":{"rawPosition":[],"indexes":[],"uv":[],"nuv":[],"minPos":{"x":0,"y":0,"z":0},"maxPos":{"x":0,"y":0,"z":0}},"packable":true,"pixelsToUnit":100,"pivot":{"x":0.5,"y":0.5},"meshType":0}],[0],0,[0],[0],[0]],[[{"name":"bosscoming_2","rect":{"x":2266,"y":940,"width":1130,"height":170},"offset":{"x":3,"y":-23},"originalSize":{"width":1136,"height":502},"rotated":false,"capInsets":[0,0,0,0],"vertices":{"rawPosition":[],"indexes":[],"uv":[],"nuv":[],"minPos":{"x":0,"y":0,"z":0},"maxPos":{"x":0,"y":0,"z":0}},"packable":true,"pixelsToUnit":100,"pivot":{"x":0.5,"y":0.5},"meshType":0}],[0],0,[0],[0],[0]],[[{"name":"bosscoming_19","rect":{"x":2266,"y":462,"width":1130,"height":300},"offset":{"x":3,"y":-18},"originalSize":{"width":1136,"height":502},"rotated":false,"capInsets":[0,0,0,0],"vertices":{"rawPosition":[],"indexes":[],"uv":[],"nuv":[],"minPos":{"x":0,"y":0,"z":0},"maxPos":{"x":0,"y":0,"z":0}},"packable":true,"pixelsToUnit":100,"pivot":{"x":0.5,"y":0.5},"meshType":0}],[0],0,[0],[0],[0]],[[{"name":"bosscoming_3","rect":{"x":2266,"y":764,"width":1130,"height":174},"offset":{"x":3,"y":-22},"originalSize":{"width":1136,"height":502},"rotated":false,"capInsets":[0,0,0,0],"vertices":{"rawPosition":[],"indexes":[],"uv":[],"nuv":[],"minPos":{"x":0,"y":0,"z":0},"maxPos":{"x":0,"y":0,"z":0}},"packable":true,"pixelsToUnit":100,"pivot":{"x":0.5,"y":0.5},"meshType":0}],[0],0,[0],[0],[0]],[[{"name":"bosscoming_24","rect":{"x":3722,"y":2,"width":1060,"height":160},"offset":{"x":12,"y":-16},"originalSize":{"width":1136,"height":502},"rotated":true,"capInsets":[0,0,0,0],"vertices":{"rawPosition":[],"indexes":[],"uv":[],"nuv":[],"minPos":{"x":0,"y":0,"z":0},"maxPos":{"x":0,"y":0,"z":0}},"packable":true,"pixelsToUnit":100,"pivot":{"x":0.5,"y":0.5},"meshType":0}],[0],0,[0],[0],[0]],[[{"name":"bosscoming_9","rect":{"x":2,"y":2,"width":1130,"height":480},"offset":{"x":3,"y":1},"originalSize":{"width":1136,"height":502},"rotated":false,"capInsets":[0,0,0,0],"vertices":{"rawPosition":[],"indexes":[],"uv":[],"nuv":[],"minPos":{"x":0,"y":0,"z":0},"maxPos":{"x":0,"y":0,"z":0}},"packable":true,"pixelsToUnit":100,"pivot":{"x":0.5,"y":0.5},"meshType":0}],[0],0,[0],[0],[0]],[[{"name":"bosscoming_4","rect":{"x":2266,"y":764,"width":1130,"height":174},"offset":{"x":3,"y":-22},"originalSize":{"width":1136,"height":502},"rotated":false,"capInsets":[0,0,0,0],"vertices":{"rawPosition":[],"indexes":[],"uv":[],"nuv":[],"minPos":{"x":0,"y":0,"z":0},"maxPos":{"x":0,"y":0,"z":0}},"packable":true,"pixelsToUnit":100,"pivot":{"x":0.5,"y":0.5},"meshType":0}],[0],0,[0],[0],[0]],[[{"name":"bosscoming_6","rect":{"x":1134,"y":942,"width":1130,"height":456},"offset":{"x":3,"y":-5},"originalSize":{"width":1136,"height":502},"rotated":false,"capInsets":[0,0,0,0],"vertices":{"rawPosition":[],"indexes":[],"uv":[],"nuv":[],"minPos":{"x":0,"y":0,"z":0},"maxPos":{"x":0,"y":0,"z":0}},"packable":true,"pixelsToUnit":100,"pivot":{"x":0.5,"y":0.5},"meshType":0}],[0],0,[0],[0],[0]],[[{"name":"bosscoming_12","rect":{"x":1134,"y":2,"width":1130,"height":470},"offset":{"x":3,"y":7},"originalSize":{"width":1136,"height":502},"rotated":false,"capInsets":[0,0,0,0],"vertices":{"rawPosition":[],"indexes":[],"uv":[],"nuv":[],"minPos":{"x":0,"y":0,"z":0},"maxPos":{"x":0,"y":0,"z":0}},"packable":true,"pixelsToUnit":100,"pivot":{"x":0.5,"y":0.5},"meshType":0}],[0],0,[0],[0],[0]],[[{"name":"bosscoming_10","rect":{"x":2,"y":2,"width":1130,"height":480},"offset":{"x":3,"y":1},"originalSize":{"width":1136,"height":502},"rotated":false,"capInsets":[0,0,0,0],"vertices":{"rawPosition":[],"indexes":[],"uv":[],"nuv":[],"minPos":{"x":0,"y":0,"z":0},"maxPos":{"x":0,"y":0,"z":0}},"packable":true,"pixelsToUnit":100,"pivot":{"x":0.5,"y":0.5},"meshType":0}],[0],0,[0],[0],[0]],[[{"name":"bosscoming_5","rect":{"x":1134,"y":942,"width":1130,"height":456},"offset":{"x":3,"y":-5},"originalSize":{"width":1136,"height":502},"rotated":false,"capInsets":[0,0,0,0],"vertices":{"rawPosition":[],"indexes":[],"uv":[],"nuv":[],"minPos":{"x":0,"y":0,"z":0},"maxPos":{"x":0,"y":0,"z":0}},"packable":true,"pixelsToUnit":100,"pivot":{"x":0.5,"y":0.5},"meshType":0}],[0],0,[0],[0],[0]],[[{"name":"bosscoming_8","rect":{"x":2,"y":484,"width":1130,"height":480},"offset":{"x":3,"y":-3},"originalSize":{"width":1136,"height":502},"rotated":false,"capInsets":[0,0,0,0],"vertices":{"rawPosition":[],"indexes":[],"uv":[],"nuv":[],"minPos":{"x":0,"y":0,"z":0},"maxPos":{"x":0,"y":0,"z":0}},"packable":true,"pixelsToUnit":100,"pivot":{"x":0.5,"y":0.5},"meshType":0}],[0],0,[0],[0],[0]],[[{"name":"bosscoming_27","rect":{"x":2266,"y":1112,"width":1060,"height":160},"offset":{"x":12,"y":-16},"originalSize":{"width":1136,"height":502},"rotated":false,"capInsets":[0,0,0,0],"vertices":{"rawPosition":[],"indexes":[],"uv":[],"nuv":[],"minPos":{"x":0,"y":0,"z":0},"maxPos":{"x":0,"y":0,"z":0}},"packable":true,"pixelsToUnit":100,"pivot":{"x":0.5,"y":0.5},"meshType":0}],[0],0,[0],[0],[0]]]]
