[1,["a5d2de82-e0c9-4164-be59-d12d01fd3ca1@6c48a","b8c5887f-fb9c-4c1c-b0d2-8c19f98dba27@6eb44","b8c5887f-fb9c-4c1c-b0d2-8c19f98dba27@a3043","b8c5887f-fb9c-4c1c-b0d2-8c19f98dba27@6d037","b8c5887f-fb9c-4c1c-b0d2-8c19f98dba27@dd895","b8c5887f-fb9c-4c1c-b0d2-8c19f98dba27@7c149","b8c5887f-fb9c-4c1c-b0d2-8c19f98dba27@43ac7","b8c5887f-fb9c-4c1c-b0d2-8c19f98dba27@4fb0a","b8c5887f-fb9c-4c1c-b0d2-8c19f98dba27@7e60e","b8c5887f-fb9c-4c1c-b0d2-8c19f98dba27@02201","b8c5887f-fb9c-4c1c-b0d2-8c19f98dba27@7f793","b8c5887f-fb9c-4c1c-b0d2-8c19f98dba27@a6328","b8c5887f-fb9c-4c1c-b0d2-8c19f98dba27@54f81","b8c5887f-fb9c-4c1c-b0d2-8c19f98dba27@b03b3","b8c5887f-fb9c-4c1c-b0d2-8c19f98dba27@91034","b8c5887f-fb9c-4c1c-b0d2-8c19f98dba27@09fa7","b8c5887f-fb9c-4c1c-b0d2-8c19f98dba27@94043","b8c5887f-fb9c-4c1c-b0d2-8c19f98dba27@b3583","b8c5887f-fb9c-4c1c-b0d2-8c19f98dba27@25ef9","b8c5887f-fb9c-4c1c-b0d2-8c19f98dba27@01287","b8c5887f-fb9c-4c1c-b0d2-8c19f98dba27@fd989","b8c5887f-fb9c-4c1c-b0d2-8c19f98dba27@12a01","b8c5887f-fb9c-4c1c-b0d2-8c19f98dba27@0b27b","b8c5887f-fb9c-4c1c-b0d2-8c19f98dba27@51fb6","b8c5887f-fb9c-4c1c-b0d2-8c19f98dba27@b80ac","b8c5887f-fb9c-4c1c-b0d2-8c19f98dba27@ee020","b8c5887f-fb9c-4c1c-b0d2-8c19f98dba27@cad86","b8c5887f-fb9c-4c1c-b0d2-8c19f98dba27@46b39","b8c5887f-fb9c-4c1c-b0d2-8c19f98dba27@f2760","b8c5887f-fb9c-4c1c-b0d2-8c19f98dba27@b7ca4","b8c5887f-fb9c-4c1c-b0d2-8c19f98dba27@e9ab5"],["_textureSource"],["cc.SpriteFrame","cc.SpriteAtlas"],0,[[[{"name":"bosscoming","spriteFrames":["bosscoming_1","b8c5887f-fb9c-4c1c-b0d2-8c19f98dba27@6eb44","bosscoming_2","b8c5887f-fb9c-4c1c-b0d2-8c19f98dba27@a3043","bosscoming_11","b8c5887f-fb9c-4c1c-b0d2-8c19f98dba27@6d037","bosscoming_12","b8c5887f-fb9c-4c1c-b0d2-8c19f98dba27@dd895","bosscoming_13","b8c5887f-fb9c-4c1c-b0d2-8c19f98dba27@7c149","bosscoming_14","b8c5887f-fb9c-4c1c-b0d2-8c19f98dba27@43ac7","bosscoming_15","b8c5887f-fb9c-4c1c-b0d2-8c19f98dba27@4fb0a","bosscoming_16","b8c5887f-fb9c-4c1c-b0d2-8c19f98dba27@7e60e","bosscoming_17","b8c5887f-fb9c-4c1c-b0d2-8c19f98dba27@02201","bosscoming_18","b8c5887f-fb9c-4c1c-b0d2-8c19f98dba27@7f793","bosscoming_19","b8c5887f-fb9c-4c1c-b0d2-8c19f98dba27@a6328","bosscoming_20","b8c5887f-fb9c-4c1c-b0d2-8c19f98dba27@54f81","bosscoming_3","b8c5887f-fb9c-4c1c-b0d2-8c19f98dba27@b03b3","bosscoming_21","b8c5887f-fb9c-4c1c-b0d2-8c19f98dba27@91034","bosscoming_22","b8c5887f-fb9c-4c1c-b0d2-8c19f98dba27@09fa7","bosscoming_23","b8c5887f-fb9c-4c1c-b0d2-8c19f98dba27@94043","bosscoming_24","b8c5887f-fb9c-4c1c-b0d2-8c19f98dba27@b3583","bosscoming_25","b8c5887f-fb9c-4c1c-b0d2-8c19f98dba27@25ef9","bosscoming_26","b8c5887f-fb9c-4c1c-b0d2-8c19f98dba27@01287","bosscoming_27","b8c5887f-fb9c-4c1c-b0d2-8c19f98dba27@fd989","bosscoming_28","b8c5887f-fb9c-4c1c-b0d2-8c19f98dba27@12a01","bosscoming_29","b8c5887f-fb9c-4c1c-b0d2-8c19f98dba27@0b27b","bosscoming_30","b8c5887f-fb9c-4c1c-b0d2-8c19f98dba27@51fb6","bosscoming_4","b8c5887f-fb9c-4c1c-b0d2-8c19f98dba27@b80ac","bosscoming_5","b8c5887f-fb9c-4c1c-b0d2-8c19f98dba27@ee020","bosscoming_6","b8c5887f-fb9c-4c1c-b0d2-8c19f98dba27@cad86","bosscoming_7","b8c5887f-fb9c-4c1c-b0d2-8c19f98dba27@46b39","bosscoming_8","b8c5887f-fb9c-4c1c-b0d2-8c19f98dba27@f2760","bosscoming_9","b8c5887f-fb9c-4c1c-b0d2-8c19f98dba27@b7ca4","bosscoming_10","b8c5887f-fb9c-4c1c-b0d2-8c19f98dba27@e9ab5"]}],[1],0,[0,0,0,0,0,0,0,0,0,0,0,0,0,0,0,0,0,0,0,0,0,0,0,0,0,0,0,0,0,0],[0,0,0,0,0,0,0,0,0,0,0,0,0,0,0,0,0,0,0,0,0,0,0,0,0,0,0,0,0,0],[1,2,3,4,5,6,7,8,9,10,11,12,13,14,15,16,17,18,19,20,21,22,23,24,25,26,27,28,29,30]],[[{"name":"bosscoming_26","rect":{"x":3560,"y":2,"width":1060,"height":160},"offset":{"x":12,"y":-16},"originalSize":{"width":1136,"height":502},"rotated":true,"capInsets":[0,0,0,0],"vertices":{"rawPosition":[],"indexes":[],"uv":[],"nuv":[],"minPos":{"x":0,"y":0,"z":0},"maxPos":{"x":0,"y":0,"z":0}},"packable":true,"pixelsToUnit":100,"pivot":{"x":0.5,"y":0.5},"meshType":0}],[0],0,[0],[0],[0]],[[{"name":"bosscoming_17","rect":{"x":2,"y":966,"width":1130,"height":440},"offset":{"x":3,"y":11},"originalSize":{"width":1136,"height":502},"rotated":false,"capInsets":[0,0,0,0],"vertices":{"rawPosition":[],"indexes":[],"uv":[],"nuv":[],"minPos":{"x":0,"y":0,"z":0},"maxPos":{"x":0,"y":0,"z":0}},"packable":true,"pixelsToUnit":100,"pivot":{"x":0.5,"y":0.5},"meshType":0}],[0],0,[0],[0],[0]],[[{"name":"bosscoming_22","rect":{"x":3884,"y":2,"width":1060,"height":160},"offset":{"x":12,"y":-16},"originalSize":{"width":1136,"height":502},"rotated":true,"capInsets":[0,0,0,0],"vertices":{"rawPosition":[],"indexes":[],"uv":[],"nuv":[],"minPos":{"x":0,"y":0,"z":0},"maxPos":{"x":0,"y":0,"z":0}},"packable":true,"pixelsToUnit":100,"pivot":{"x":0.5,"y":0.5},"meshType":0}],[0],0,[0],[0],[0]],[[{"name":"bosscoming_29","rect":{"x":2266,"y":1112,"width":1060,"height":160},"offset":{"x":12,"y":-16},"originalSize":{"width":1136,"height":502},"rotated":false,"capInsets":[0,0,0,0],"vertices":{"rawPosition":[],"indexes":[],"uv":[],"nuv":[],"minPos":{"x":0,"y":0,"z":0},"maxPos":{"x":0,"y":0,"z":0}},"packable":true,"pixelsToUnit":100,"pivot":{"x":0.5,"y":0.5},"meshType":0}],[0],0,[0],[0],[0]],[[{"name":"bosscoming_28","rect":{"x":2266,"y":1112,"width":1060,"height":160},"offset":{"x":12,"y":-16},"originalSize":{"width":1136,"height":502},"rotated":false,"capInsets":[0,0,0,0],"vertices":{"rawPosition":[],"indexes":[],"uv":[],"nuv":[],"minPos":{"x":0,"y":0,"z":0},"maxPos":{"x":0,"y":0,"z":0}},"packable":true,"pixelsToUnit":100,"pivot":{"x":0.5,"y":0.5},"meshType":0}],[0],0,[0],[0],[0]],[[{"name":"bosscoming_25","rect":{"x":3560,"y":2,"width":1060,"height":160},"offset":{"x":12,"y":-16},"originalSize":{"width":1136,"height":502},"rotated":true,"capInsets":[0,0,0,0],"vertices":{"rawPosition":[],"indexes":[],"uv":[],"nuv":[],"minPos":{"x":0,"y":0,"z":0},"maxPos":{"x":0,"y":0,"z":0}},"packable":true,"pixelsToUnit":100,"pivot":{"x":0.5,"y":0.5},"meshType":0}],[0],0,[0],[0],[0]],[[{"name":"bosscoming_14","rect":{"x":1134,"y":474,"width":1130,"height":466},"offset":{"x":3,"y":7},"originalSize":{"width":1136,"height":502},"rotated":false,"capInsets":[0,0,0,0],"vertices":{"rawPosition":[],"indexes":[],"uv":[],"nuv":[],"minPos":{"x":0,"y":0,"z":0},"maxPos":{"x":0,"y":0,"z":0}},"packable":true,"pixelsToUnit":100,"pivot":{"x":0.5,"y":0.5},"meshType":0}],[0],0,[0],[0],[0]],[[{"name":"bosscoming_7","rect":{"x":2,"y":484,"width":1130,"height":480},"offset":{"x":3,"y":-3},"originalSize":{"width":1136,"height":502},"rotated":false,"capInsets":[0,0,0,0],"vertices":{"rawPosition":[],"indexes":[],"uv":[],"nuv":[],"minPos":{"x":0,"y":0,"z":0},"maxPos":{"x":0,"y":0,"z":0}},"packable":true,"pixelsToUnit":100,"pivot":{"x":0.5,"y":0.5},"meshType":0}],[0],0,[0],[0],[0]],[[{"name":"bosscoming_15","rect":{"x":2266,"y":2,"width":1130,"height":458},"offset":{"x":3,"y":7},"originalSize":{"width":1136,"height":502},"rotated":false,"capInsets":[0,0,0,0],"vertices":{"rawPosition":[],"indexes":[],"uv":[],"nuv":[],"minPos":{"x":0,"y":0,"z":0},"maxPos":{"x":0,"y":0,"z":0}},"packable":true,"pixelsToUnit":100,"pivot":{"x":0.5,"y":0.5},"meshType":0}],[0],0,[0],[0],[0]],[[{"name":"bosscoming_30","rect":{"x":3398,"y":2,"width":1060,"height":160},"offset":{"x":12,"y":-16},"originalSize":{"width":1136,"height":502},"rotated":true,"capInsets":[0,0,0,0],"vertices":{"rawPosition":[],"indexes":[],"uv":[],"nuv":[],"minPos":{"x":0,"y":0,"z":0},"maxPos":{"x":0,"y":0,"z":0}},"packable":true,"pixelsToUnit":100,"pivot":{"x":0.5,"y":0.5},"meshType":0}],[0],0,[0],[0],[0]],[[{"name":"bosscoming_20","rect":{"x":2266,"y":462,"width":1130,"height":300},"offset":{"x":3,"y":-18},"originalSize":{"width":1136,"height":502},"rotated":false,"capInsets":[0,0,0,0],"vertices":{"rawPosition":[],"indexes":[],"uv":[],"nuv":[],"minPos":{"x":0,"y":0,"z":0},"maxPos":{"x":0,"y":0,"z":0}},"packable":true,"pixelsToUnit":100,"pivot":{"x":0.5,"y":0.5},"meshType":0}],[0],0,[0],[0],[0]],[[{"name":"bosscoming_11","rect":{"x":1134,"y":2,"width":1130,"height":470},"offset":{"x":3,"y":7},"originalSize":{"width":1136,"height":502},"rotated":false,"capInsets":[0,0,0,0],"vertices":{"rawPosition":[],"indexes":[],"uv":[],"nuv":[],"minPos":{"x":0,"y":0,"z":0},"maxPos":{"x":0,"y":0,"z":0}},"packable":true,"pixelsToUnit":100,"pivot":{"x":0.5,"y":0.5},"meshType":0}],[0],0,[0],[0],[0]],[[{"name":"bosscoming_1","rect":{"x":2266,"y":940,"width":1130,"height":170},"offset":{"x":3,"y":-23},"originalSize":{"width":1136,"height":502},"rotated":false,"capInsets":[0,0,0,0],"vertices":{"rawPosition":[],"indexes":[],"uv":[],"nuv":[],"minPos":{"x":0,"y":0,"z":0},"maxPos":{"x":0,"y":0,"z":0}},"packable":true,"pixelsToUnit":100,"pivot":{"x":0.5,"y":0.5},"meshType":0}],[0],0,[0],[0],[0]],[[{"name":"bosscoming_13","rect":{"x":1134,"y":474,"width":1130,"height":466},"offset":{"x":3,"y":7},"originalSize":{"width":1136,"height":502},"rotated":false,"capInsets":[0,0,0,0],"vertices":{"rawPosition":[],"indexes":[],"uv":[],"nuv":[],"minPos":{"x":0,"y":0,"z":0},"maxPos":{"x":0,"y":0,"z":0}},"packable":true,"pixelsToUnit":100,"pivot":{"x":0.5,"y":0.5},"meshType":0}],[0],0,[0],[0],[0]],[[{"name":"bosscoming_16","rect":{"x":2266,"y":2,"width":1130,"height":458},"offset":{"x":3,"y":7},"originalSize":{"width":1136,"height":502},"rotated":false,"capInsets":[0,0,0,0],"vertices":{"rawPosition":[],"indexes":[],"uv":[],"nuv":[],"minPos":{"x":0,"y":0,"z":0},"maxPos":{"x":0,"y":0,"z":0}},"packable":true,"pixelsToUnit":100,"pivot":{"x":0.5,"y":0.5},"meshType":0}],[0],0,[0],[0],[0]],[[{"name":"bosscoming_18","rect":{"x":2,"y":966,"width":1130,"height":440},"offset":{"x":3,"y":11},"originalSize":{"width":1136,"height":502},"rotated":false,"capInsets":[0,0,0,0],"vertices":{"rawPosition":[],"indexes":[],"uv":[],"nuv":[],"minPos":{"x":0,"y":0,"z":0},"maxPos":{"x":0,"y":0,"z":0}},"packable":true,"pixelsToUnit":100,"pivot":{"x":0.5,"y":0.5},"meshType":0}],[0],0,[0],[0],[0]],[[{"name":"bosscoming_21","rect":{"x":3884,"y":2,"width":1060,"height":160},"offset":{"x":12,"y":-16},"originalSize":{"width":1136,"height":502},"rotated":true,"capInsets":[0,0,0,0],"vertices":{"rawPosition":[],"indexes":[],"uv":[],"nuv":[],"minPos":{"x":0,"y":0,"z":0},"maxPos":{"x":0,"y":0,"z":0}},"packable":true,"pixelsToUnit":100,"pivot":{"x":0.5,"y":0.5},"meshType":0}],[0],0,[0],[0],[0]],[[{"name":"bosscoming_23","rect":{"x":3722,"y":2,"width":1060,"height":160},"offset":{"x":12,"y":-16},"originalSize":{"width":1136,"height":502},"rotated":true,"capInsets":[0,0,0,0],"vertices":{"rawPosition":[],"indexes":[],"uv":[],"nuv":[],"minPos":{"x":0,"y":0,"z":0},"maxPos":{"x":0,"y":0,"z":0}},"packable":true,"pixelsToUnit":100,"pivot":{"x":0.5,"y":0.5},"meshType":0}],[0],0,[0],[0],[0]],[[{"name":"bosscoming_2","rect":{"x":2266,"y":940,"width":1130,"height":170},"offset":{"x":3,"y":-23},"originalSize":{"width":1136,"height":502},"rotated":false,"capInsets":[0,0,0,0],"vertices":{"rawPosition":[],"indexes":[],"uv":[],"nuv":[],"minPos":{"x":0,"y":0,"z":0},"maxPos":{"x":0,"y":0,"z":0}},"packable":true,"pixelsToUnit":100,"pivot":{"x":0.5,"y":0.5},"meshType":0}],[0],0,[0],[0],[0]],[[{"name":"bosscoming_19","rect":{"x":2266,"y":462,"width":1130,"height":300},"offset":{"x":3,"y":-18},"originalSize":{"width":1136,"height":502},"rotated":false,"capInsets":[0,0,0,0],"vertices":{"rawPosition":[],"indexes":[],"uv":[],"nuv":[],"minPos":{"x":0,"y":0,"z":0},"maxPos":{"x":0,"y":0,"z":0}},"packable":true,"pixelsToUnit":100,"pivot":{"x":0.5,"y":0.5},"meshType":0}],[0],0,[0],[0],[0]],[[{"name":"bosscoming_3","rect":{"x":2266,"y":764,"width":1130,"height":174},"offset":{"x":3,"y":-22},"originalSize":{"width":1136,"height":502},"rotated":false,"capInsets":[0,0,0,0],"vertices":{"rawPosition":[],"indexes":[],"uv":[],"nuv":[],"minPos":{"x":0,"y":0,"z":0},"maxPos":{"x":0,"y":0,"z":0}},"packable":true,"pixelsToUnit":100,"pivot":{"x":0.5,"y":0.5},"meshType":0}],[0],0,[0],[0],[0]],[[{"name":"bosscoming_24","rect":{"x":3722,"y":2,"width":1060,"height":160},"offset":{"x":12,"y":-16},"originalSize":{"width":1136,"height":502},"rotated":true,"capInsets":[0,0,0,0],"vertices":{"rawPosition":[],"indexes":[],"uv":[],"nuv":[],"minPos":{"x":0,"y":0,"z":0},"maxPos":{"x":0,"y":0,"z":0}},"packable":true,"pixelsToUnit":100,"pivot":{"x":0.5,"y":0.5},"meshType":0}],[0],0,[0],[0],[0]],[[{"name":"bosscoming_9","rect":{"x":2,"y":2,"width":1130,"height":480},"offset":{"x":3,"y":1},"originalSize":{"width":1136,"height":502},"rotated":false,"capInsets":[0,0,0,0],"vertices":{"rawPosition":[],"indexes":[],"uv":[],"nuv":[],"minPos":{"x":0,"y":0,"z":0},"maxPos":{"x":0,"y":0,"z":0}},"packable":true,"pixelsToUnit":100,"pivot":{"x":0.5,"y":0.5},"meshType":0}],[0],0,[0],[0],[0]],[[{"name":"bosscoming_4","rect":{"x":2266,"y":764,"width":1130,"height":174},"offset":{"x":3,"y":-22},"originalSize":{"width":1136,"height":502},"rotated":false,"capInsets":[0,0,0,0],"vertices":{"rawPosition":[],"indexes":[],"uv":[],"nuv":[],"minPos":{"x":0,"y":0,"z":0},"maxPos":{"x":0,"y":0,"z":0}},"packable":true,"pixelsToUnit":100,"pivot":{"x":0.5,"y":0.5},"meshType":0}],[0],0,[0],[0],[0]],[[{"name":"bosscoming_6","rect":{"x":1134,"y":942,"width":1130,"height":456},"offset":{"x":3,"y":-5},"originalSize":{"width":1136,"height":502},"rotated":false,"capInsets":[0,0,0,0],"vertices":{"rawPosition":[],"indexes":[],"uv":[],"nuv":[],"minPos":{"x":0,"y":0,"z":0},"maxPos":{"x":0,"y":0,"z":0}},"packable":true,"pixelsToUnit":100,"pivot":{"x":0.5,"y":0.5},"meshType":0}],[0],0,[0],[0],[0]],[[{"name":"bosscoming_12","rect":{"x":1134,"y":2,"width":1130,"height":470},"offset":{"x":3,"y":7},"originalSize":{"width":1136,"height":502},"rotated":false,"capInsets":[0,0,0,0],"vertices":{"rawPosition":[],"indexes":[],"uv":[],"nuv":[],"minPos":{"x":0,"y":0,"z":0},"maxPos":{"x":0,"y":0,"z":0}},"packable":true,"pixelsToUnit":100,"pivot":{"x":0.5,"y":0.5},"meshType":0}],[0],0,[0],[0],[0]],[[{"name":"bosscoming_10","rect":{"x":2,"y":2,"width":1130,"height":480},"offset":{"x":3,"y":1},"originalSize":{"width":1136,"height":502},"rotated":false,"capInsets":[0,0,0,0],"vertices":{"rawPosition":[],"indexes":[],"uv":[],"nuv":[],"minPos":{"x":0,"y":0,"z":0},"maxPos":{"x":0,"y":0,"z":0}},"packable":true,"pixelsToUnit":100,"pivot":{"x":0.5,"y":0.5},"meshType":0}],[0],0,[0],[0],[0]],[[{"name":"bosscoming_5","rect":{"x":1134,"y":942,"width":1130,"height":456},"offset":{"x":3,"y":-5},"originalSize":{"width":1136,"height":502},"rotated":false,"capInsets":[0,0,0,0],"vertices":{"rawPosition":[],"indexes":[],"uv":[],"nuv":[],"minPos":{"x":0,"y":0,"z":0},"maxPos":{"x":0,"y":0,"z":0}},"packable":true,"pixelsToUnit":100,"pivot":{"x":0.5,"y":0.5},"meshType":0}],[0],0,[0],[0],[0]],[[{"name":"bosscoming_8","rect":{"x":2,"y":484,"width":1130,"height":480},"offset":{"x":3,"y":-3},"originalSize":{"width":1136,"height":502},"rotated":false,"capInsets":[0,0,0,0],"vertices":{"rawPosition":[],"indexes":[],"uv":[],"nuv":[],"minPos":{"x":0,"y":0,"z":0},"maxPos":{"x":0,"y":0,"z":0}},"packable":true,"pixelsToUnit":100,"pivot":{"x":0.5,"y":0.5},"meshType":0}],[0],0,[0],[0],[0]],[[{"name":"bosscoming_27","rect":{"x":2266,"y":1112,"width":1060,"height":160},"offset":{"x":12,"y":-16},"originalSize":{"width":1136,"height":502},"rotated":false,"capInsets":[0,0,0,0],"vertices":{"rawPosition":[],"indexes":[],"uv":[],"nuv":[],"minPos":{"x":0,"y":0,"z":0},"maxPos":{"x":0,"y":0,"z":0}},"packable":true,"pixelsToUnit":100,"pivot":{"x":0.5,"y":0.5},"meshType":0}],[0],0,[0],[0],[0]]]]
