[1,["30n1Ny1TxEE70J/q4bGgLw","30n1Ny1TxEE70J/q4bGgLw@c6a36","ffuIqPr2JI9I8dPLYGRDpD@f9941","30n1Ny1TxEE70J/q4bGgLw@f0943","30n1Ny1TxEE70J/q4bGgLw@e1722","30n1Ny1TxEE70J/q4bGgLw@daafd","30n1Ny1TxEE70J/q4bGgLw@8517e","30n1Ny1TxEE70J/q4bGgLw@11ba0","6blYQSeelOC75JZpuOuFS8@0c550","6blYQSeelOC75JZpuOuFS8","30n1Ny1TxEE70J/q4bGgLw@9690b","afxHkx8GZGsJC+n+YfITQo@f9941","afxHkx8GZGsJC+n+YfITQo@6c48a","ffuIqPr2JI9I8dPLYGRDpD@6c48a"],["node","_spriteFrame","_atlas","_textureSource","root","data","_parent","_scrollView"],[["cc.Node",["_name","_layer","_components","_prefab","_parent","_children","_lpos"],1,9,4,1,2,5],["cc.Sprite",["_sizeMode","_type","node","__prefab","_spriteFrame","_atlas"],1,1,4,6,6],["cc.Node",["_name","_layer","_active","_parent","_components","_prefab","_lpos","_children"],0,1,12,4,5,2],"cc.SpriteFrame",["cc.UITransform",["node","__prefab","_contentSize","_anchorPoint"],3,1,4,5,5],["cc.Widget",["_alignFlags","_originalHeight","_originalWidth","_alignMode","node","__prefab"],-1,1,4],["cc.Label",["_string","_actualFontSize","_fontSize","_isBold","_enableOutline","_lineHeight","node","__prefab","_color","_outlineColor"],-3,1,4,5,5],["cc.Prefab",["_name"],2],["cc.CompPrefabInfo",["fileId"],2],["cc.PrefabInfo",["fileId","instance","targetOverrides","nestedPrefabInstanceRoots","root","asset"],-1,1,1],["cc.Mask",["node","__prefab"],3,1,4],["cc.Graphics",["node","__prefab","_fillColor"],3,1,4,5],["cc.LabelOutline",["node","__prefab"],3,1,4],["cc.ScrollBar",["_direction","node","__prefab","_handle"],2,1,4,1],["cc.ScrollView",["bounceDuration","brake","horizontal","node","__prefab","_content","_verticalScrollBar"],0,1,4,1,1]],[[8,0,2],[9,0,1,2,3,4,5,5],[4,0,1,2,1],[1,2,3,4,5,1],[0,0,4,2,3,6,2],[0,0,4,2,3,2],[4,0,1,2,3,1],[1,1,0,2,3,3],[7,0,2],[0,0,5,2,3,2],[0,0,5,2,3,6,2],[0,0,1,4,5,2,3,3],[0,0,1,4,5,2,3,6,3],[0,0,1,4,2,3,6,3],[2,0,3,7,4,5,6,2],[2,0,2,1,3,7,4,5,6,4],[2,0,1,3,4,5,6,3],[5,0,2,1,4,5,4],[5,0,1,3,4,5,4],[1,0,2,3,2],[1,1,0,2,3,4,3],[1,1,0,2,3,4,5,3],[10,0,1,1],[11,0,1,2,1],[6,0,1,2,3,4,6,7,8,9,6],[6,0,1,2,5,6,7,8,5],[12,0,1,1],[13,0,1,2,3,2],[14,0,1,2,3,4,5,6,4]],[[[[8,"prefabs_fish_getnewwwep"],[9,"prefabs_fish_getnewwwep",[-5,-6],[[2,-2,[0,"95G9Q2rrxOf531huoVR2hh"],[5,1334,750]],[17,45,1600,800,-3,[0,"09P+eN75xLGqBLnusjt6/S"]],[19,0,-4,[0,"5az9iYCoBAibXzXlTF5LLD"]]],[1,"c46/YsCPVOJYA4mWEpNYRx",null,null,null,-1,0]],[10,"img_side",[-9,-10,-11,-12,-13,-14,-15,-16],[[2,-7,[0,"aae2frOVBIoL1EZfQZyDRm"],[5,194,237]],[3,-8,[0,"f8+/3Jse1OlrejOOllX7/V"],15,16]],[1,"833oegCc9GGbxPteDxqAnw",null,null,null,1,0],[1,-198.931,-130.134,0]],[14,"lst_wep",1,[-20,-21],[[[2,-17,[0,"c9aJD34kpDj6c0huIHPpw8"],[5,665,250]],[7,1,0,-18,[0,"09m2qWl6FNcJmkYcHiZjCd"]],-19],4,4,1],[1,"dbx53nizxBC6OrMRi5TYUC",null,null,null,1,0],[1,118,-34,0]],[15,"scrollBar",false,33554432,3,[-26],[[[6,-22,[0,"70qtBc/vxKtobcPdm/VgzQ"],[5,12,250],[0,1,0.5]],[20,1,0,-23,[0,"eagMFLZUpM6ovyFtdrbeu5"],2],[18,37,250,1,-24,[0,"13+ClHwm1KYruZ7XezIJeT"]],-25],4,4,4,1],[1,"b8qtyVr8JFyZGI+7qJYqKK",null,null,null,1,0],[1,120,0,0]],[11,"view",33554432,3,[-30],[[2,-27,[0,"e6kgFIRGtOvaAwc9rtmKzW"],[5,665,250]],[22,-28,[0,"b5bzYjkphBEKULzAh5TDPN"]],[23,-29,[0,"9aBGVzDqNPy4VrNLG3s3pr"],[4,16777215]]],[1,"061L2gdJZF1oYPTFanSd73",null,null,null,1,0]],[12,"content",33554432,5,[2],[[6,-31,[0,"4fFzEzdl9Lzr6o4a7/5Bl3"],[5,665,250],[0,0.5,1]]],[1,"3aRGHo7lNHrJK2DyF7xSNI",null,null,null,1,0],[1,0,125,0]],[4,"txt_title",2,[[2,-32,[0,"afoRNGe1dOVZiUOVfv3jxe"],[5,84,54.4]],[24,"黑暗骑士",20,20,true,true,-33,[0,"0fV9heKvtH74gQx3TyTUB/"],[4,4279308646],[4,4294046207]],[26,-34,[0,"08H92J+CRFXIT+HhAe8ujk"]]],[1,"3cZBxVh+NLUJjBp5aHQ1Mg",null,null,null,1,0],[1,0,90,0]],[5,"img_bk",1,[[2,-35,[0,"092ORQ625Am6DDoCpS/f+o"],[5,959,378]],[3,-36,[0,"69Gl11TH1PBbj60cDFh8Ov"],0,1]],[1,"a15KpDTCVO9YPW+9X83k16",null,null,null,1,0]],[16,"bar",33554432,4,[[[6,-37,[0,"9dORGuu7VEt6Zn44KTRTbr"],[5,10,156.25],[0,0,0]],-38],4,1],[1,"b0xzmj+oxLy7FH3jVrrz5c",null,null,null,1,0],[1,-11,-31.25,0]],[5,"img_in",2,[[2,-39,[0,"73T4OrnWpNDIYn4W8Yj1Bh"],[5,206,249]],[3,-40,[0,"789NoXd49Cy6blIFajP7XG"],3,4]],[1,"4b3EbAeLBHmb8q4wW4fAP0",null,null,null,1,0]],[13,"img_unlock",33554432,2,[[2,-41,[0,"16JYS2N11M2qH/1knubkJe"],[5,67,66]],[3,-42,[0,"e5Pl8zt+dPC7F5NW6Ct4Dd"],5,6]],[1,"fb8K3NXBpKMquDM9R6LpLL",null,null,null,1,0],[1,-70,92,0]],[4,"img_lock",2,[[2,-43,[0,"afoYs4zIRAwbqZWi4E0YIy"],[5,60,72]],[3,-44,[0,"98MvtHj8NGQ6DDrq94+MVZ"],7,8]],[1,"5cycr8nyZNoJhJhxTR/a8d",null,null,null,1,0],[1,0,10,0]],[4,"img_using",2,[[2,-45,[0,"4dTs6/K/JDlaGmVfd6yfNJ"],[5,105,30]],[3,-46,[0,"88H6L9qRBNtbgB5kgE+tS7"],9,10]],[1,"cev02QIUNOP6ilaSVLHtM7",null,null,null,1,0],[1,0,-50,0]],[4,"img_vipunlock",2,[[2,-47,[0,"10+QehwYxGSI5ofVjhA/RM"],[5,116,33]],[3,-48,[0,"90KvYRn0FLMZFzwRAJuEpg"],11,12]],[1,"e1e4uWjxRNIIs6P252jytM",null,null,null,1,0],[1,0,-90,0]],[4,"txt_vip",2,[[2,-49,[0,"5fZXYWGidIObV+QTPXvb5k"],[5,82.01,25.2]],[25,"贵族1解锁",18,18,20,-50,[0,"66sfBSsW9K94cLS6tLpwa2"],[4,4291427839]]],[1,"36tn1h4VtB07ANcN+kg4++",null,null,null,1,0],[1,0,-90,0]],[5,"img_lock_hedi",2,[[2,-51,[0,"aeh9JZRUJBLaEqew7HW5aI"],[5,203,249]],[21,1,0,-52,[0,"93pcBncl1HZrjAZYHRuKx5"],13,14]],[1,"b95Q9o3xFITJooULmmkEdD",null,null,null,1,0]],[7,1,0,9,[0,"78ewKCAJtBrb3E+codEBhf"]],[27,1,4,[0,"73/3kZxKJKo6/3llcMmgJ5"],17],[28,0.23,0.75,false,3,[0,"fe3T2E51tDwZ4HKZs1YFuc"],6,18]],0,[0,4,1,0,0,1,0,0,1,0,0,1,0,-1,8,0,-2,3,0,0,2,0,0,2,0,-1,10,0,-2,11,0,-3,12,0,-4,13,0,-5,7,0,-6,14,0,-7,15,0,-8,16,0,0,3,0,0,3,0,-3,19,0,-1,4,0,-2,5,0,0,4,0,0,4,0,0,4,0,-4,18,0,-1,9,0,0,5,0,0,5,0,0,5,0,-1,6,0,0,6,0,0,7,0,0,7,0,0,7,0,0,8,0,0,8,0,0,9,0,-2,17,0,0,10,0,0,10,0,0,11,0,0,11,0,0,12,0,0,12,0,0,13,0,0,13,0,0,14,0,0,14,0,0,15,0,0,15,0,0,16,0,0,16,0,5,1,2,6,6,18,7,19,52],[0,0,0,0,0,0,0,0,0,0,0,0,0,0,0,0,0,17],[1,2,1,1,2,1,2,1,2,1,2,1,2,1,2,1,2,1],[1,0,2,3,0,4,0,5,0,6,0,7,0,8,9,10,0,11]],[[{"name":"default_scrollbar_vertical","rect":{"x":0,"y":0,"width":15,"height":30},"offset":{"x":0,"y":0},"originalSize":{"width":15,"height":30},"rotated":false,"capInsets":[4,10,4,10],"vertices":{"rawPosition":[-7.5,-15,0,7.5,-15,0,-7.5,15,0,7.5,15,0],"indexes":[0,1,2,2,1,3],"uv":[0,30,15,30,0,0,15,0],"nuv":[0,0,1,0,0,1,1,1],"minPos":{"x":-7.5,"y":-15,"z":0},"maxPos":{"x":7.5,"y":15,"z":0}},"packable":true,"pixelsToUnit":100,"pivot":{"x":0.5,"y":0.5},"meshType":0}],[3],0,[0],[3],[12]],[[{"name":"default_scrollbar_vertical_bg","rect":{"x":0,"y":0,"width":15,"height":30},"offset":{"x":0,"y":0},"originalSize":{"width":15,"height":30},"rotated":false,"capInsets":[4,10,4,10],"vertices":{"rawPosition":[-7.5,-15,0,7.5,-15,0,-7.5,15,0,7.5,15,0],"indexes":[0,1,2,2,1,3],"uv":[0,30,15,30,0,0,15,0],"nuv":[0,0,1,0,0,1,1,1],"minPos":{"x":-7.5,"y":-15,"z":0},"maxPos":{"x":7.5,"y":15,"z":0}},"packable":true,"pixelsToUnit":100,"pivot":{"x":0.5,"y":0.5},"meshType":0}],[3],0,[0],[3],[13]]]]
