[1,["51X5oDLk9MsYWHHh5tRkXr@6c48a"],0,[["sp.SkeletonData",["_name","_atlasText","textureNames","_skeletonJson","textures"],-1,3]],[[0,0,1,2,3,4,5]],[[0,"rk_bandar","\r\nrk_bandar.png\r\nsize: 512,256\r\nformat: RGBA8888\r\nfilter: Linear,Linear\r\nrepeat: none\r\nID_624\r\n  rotate: false\r\n  xy: 343, 114\r\n  size: 140, 118\r\n  orig: 140, 118\r\n  offset: 0, 0\r\n  index: -1\r\ngp\r\n  rotate: false\r\n  xy: 205, 52\r\n  size: 136, 180\r\n  orig: 136, 180\r\n  offset: 0, 0\r\n  index: -1\r\ngp[2\r\n  rotate: true\r\n  xy: 343, 2\r\n  size: 110, 146\r\n  orig: 110, 146\r\n  offset: 0, 0\r\n  index: -1\r\n组 1 拷贝 5\r\n  rotate: true\r\n  xy: 2, 20\r\n  size: 212, 201\r\n  orig: 212, 201\r\n  offset: 0, 0\r\n  index: -1\r\n",["rk_bandar.png"],{"skeleton":{"hash":"BJXGaQVIGtgdQslZghATRg9ap9s","spine":"3.8.99","x":-110.44,"y":-3.3,"width":221.5,"height":201,"images":"","audio":""},"bones":[{"name":"root"},{"name":"bone","parent":"root","length":145.88,"rotation":106.32,"x":-29.74,"y":46.91},{"name":"bone2","parent":"root","length":115.76,"rotation":58.78,"x":38.13,"y":55.49},{"name":"bone3","parent":"root","length":57.04,"rotation":-4.29,"x":22.57,"y":76.09}],"slots":[{"name":"组 1 拷贝 5","bone":"root","attachment":"组 1 拷贝 5"},{"name":"gp[2","bone":"bone2","attachment":"gp[2"},{"name":"gp","bone":"bone","attachment":"gp"},{"name":"ID_624","bone":"bone3","attachment":"ID_624"}],"skins":[{"name":"default","attachments":{"ID_624":{"ID_624":{"width":140,"height":118}},"gp":{"gp":{"x":56.2,"y":-3.68,"rotation":-106.04,"width":136,"height":180}},"gp[2":{"gp[2":{"x":46.86,"y":15.03,"rotation":-64.07,"width":110,"height":146}},"组 1 拷贝 5":{"组 1 拷贝 5":{"y":97.2,"width":212,"height":201}}}}],"animations":{"animation":{"bones":{"bone":{"rotate":[{"time":0.3333},{"time":0.8333,"angle":7.49},{"time":1.3333}]},"bone2":{"rotate":[{"time":0.3333},{"time":0.8333,"angle":-7.64},{"time":1.3333}]},"bone3":{"translate":[{},{"time":0.6667,"x":1.65,"y":22.03},{"time":1.3333}]}}}}},[0]]],0,0,[0],[-1],[0]]
