[1,["5enOHosrFJ0I3syGR7K/wu@6c48a"],0,[["sp.SkeletonData",["_name","_atlasText","textureNames","_skeletonJson","textures"],-1,3]],[[0,0,1,2,3,4,5]],[[0,"spine_ocean_peral_big","\nspine_ocean_peral_big.png\nsize: 10262,516\nformat: RGBA8888\nfilter: Linear,Linear\nrepeat: none\nframe_0\n  rotate: false\n  xy: 2, 2\n  size: 1024, 512\n  orig: 1024, 512\n  offset: 0, 0\n  index: -1\nframe_1\n  rotate: false\n  xy: 1028, 2\n  size: 1024, 512\n  orig: 1024, 512\n  offset: 0, 0\n  index: -1\nframe_2\n  rotate: false\n  xy: 2054, 2\n  size: 1024, 512\n  orig: 1024, 512\n  offset: 0, 0\n  index: -1\nframe_3\n  rotate: false\n  xy: 3080, 2\n  size: 1024, 512\n  orig: 1024, 512\n  offset: 0, 0\n  index: -1\nframe_4\n  rotate: false\n  xy: 4106, 2\n  size: 1024, 512\n  orig: 1024, 512\n  offset: 0, 0\n  index: -1\n",["spine_ocean_peral_big.png"],{"skeleton":{"hash":" ","spine":"3.8.75","x":0,"y":0,"width":0,"height":0,"images":"./","audio":""},"bones":[{"name":"root"}],"slots":[{"name":"frame","bone":"root","attachment":"frame_0"}],"skins":[{"name":"default","attachments":{"frame":{"frame_0":{"x":0,"y":0,"width":1024,"height":512},"frame_1":{"x":0,"y":0,"width":1024,"height":512},"frame_2":{"x":0,"y":0,"width":1024,"height":512},"frame_3":{"x":0,"y":0,"width":1024,"height":512},"frame_4":{"x":0,"y":0,"width":1024,"height":512}}}}],"animations":{"move":{"slots":{"frame":{"attachment":[{"time":0,"name":"frame_0"},{"time":0.06666666666666667,"name":"frame_1"},{"time":0.13333333333333333,"name":"frame_2"},{"time":0.2,"name":"frame_3"},{"time":0.26666666666666666,"name":"frame_4"},{"time":0.3333333333333333,"name":"frame_0"}]}}}}},[0]]],0,0,[0],[-1],[0]]
