[1,["04Dg/ko1VGiLRTX4WDK/WC@6c48a"],0,[["sp.SkeletonData",["_name","_atlasText","textureNames","_skeletonJson","textures"],-1,3]],[[0,0,1,2,3,4,5]],[[0,"+2tubiaodonghua","\r\n+2tubiaodonghua.png\r\nsize: 512,128\r\nformat: RGBA8888\r\nfilter: Linear,Linear\r\nrepeat: none\r\n+2\r\n  rotate: false\r\n  xy: 2, 2\r\n  size: 120, 120\r\n  orig: 120, 120\r\n  offset: 0, 0\r\n  index: -1\r\nPICK\r\n  rotate: false\r\n  xy: 124, 35\r\n  size: 84, 31\r\n  orig: 84, 31\r\n  offset: 0, 0\r\n  index: -1\r\ndikuang\r\n  rotate: false\r\n  xy: 303, 20\r\n  size: 102, 102\r\n  orig: 102, 102\r\n  offset: 0, 0\r\n  index: -1\r\nsaoguang\r\n  rotate: true\r\n  xy: 124, 68\r\n  size: 54, 177\r\n  orig: 54, 177\r\n  offset: 0, 0\r\n  index: -1\r\n",["+2tubiaodonghua.png"],{"skeleton":{"hash":"1b0WGWXhOs3FPrhLJpnjA6sLpt4","spine":"3.6.53","width":227.06,"height":163.34,"images":""},"bones":[{"name":"root"},{"name":"+2","parent":"root","x":0.6,"y":12.26},{"name":"picl","parent":"root","y":-26.82},{"name":"saog1","parent":"+2","x":-23.41,"y":2.82},{"name":"saog2","parent":"+2","x":25.87,"y":22.88}],"slots":[{"name":"dikuang","bone":"root","attachment":"dikuang"},{"name":"+2","bone":"+2","attachment":"+2"},{"name":"PICK","bone":"picl","attachment":"PICK"},{"name":"caijian","bone":"+2","attachment":"caijian"},{"name":"saoguang","bone":"saog1","color":"ffffff9f","attachment":"saoguang","blend":"additive"},{"name":"caijain2","bone":"+2","attachment":"caijain2"},{"name":"saoguang2","bone":"saog2","color":"ffffffb0","attachment":"saoguang","blend":"additive"}],"skins":{"default":{"+2":{"+2":{"x":1.04,"y":7.53,"width":120,"height":120}},"PICK":{"PICK":{"x":0.69,"y":0.35,"width":84,"height":31}},"caijain2":{"caijain2":{"type":"clipping","end":"saoguang2","vertexCount":38,"color":"ce3a3aff","vertices":[5.43,13.5,8.89,16.16,14.88,18.09,20.5,18.59,24.01,18.14,22.44,15.84,16.59,11.79,10.72,7.25,2.85,1.85,-1.88,-2.79,-3.23,-4.54,-3.27,-7.33,-1.97,-9.63,1.14,-11.38,6.04,-11.7,16.89,-10.89,23.91,-9.67,26.76,-8.59,28.33,-5.71,27.84,-2.83,26.13,-0.72,21.22,-0.27,8.53,-3.73,9.16,-1.89,14.38,2.12,21.36,5.72,28.33,8.5,33.96,11.38,37.24,14.39,37.96,18.26,36.75,21.86,33.92,25.12,29.69,27.55,22.31,27.91,17.41,26.2,12.64,23.86,8.19,20.57,5.53,16.61]}},"caijian":{"caijian":{"type":"clipping","end":"saoguang","vertexCount":20,"color":"ce3a3aff","vertices":[-21.55,19.11,-23.75,16.63,-24.36,8.99,-32.43,9.7,-36.01,6.34,-37.03,0.65,-35.98,-1.76,-26.82,-2.35,-29.18,-9.39,-27.47,-11.43,-18.66,-12.14,-16.57,-9.83,-15.22,-2.22,-7.27,-2.13,-4.6,1.05,-3.71,6.89,-5.35,9.25,-13.13,8.99,-12.04,16.88,-13.63,19.13]}},"dikuang":{"dikuang":{"width":102,"height":102}},"saoguang":{"saoguang":{"x":10.64,"y":-5.21,"rotation":45,"width":54,"height":177}},"saoguang2":{"saoguang":{"x":25.08,"y":-25.27,"rotation":45,"width":54,"height":177}}}},"animations":{"animation":{"bones":{"root":{"translate":[{"time":0,"x":0,"y":0},{"time":0.2667,"x":0,"y":15},{"time":0.5,"x":0,"y":0,"curve":"stepped"},{"time":3.3333,"x":0,"y":0}],"scale":[{"time":0,"x":0,"y":0},{"time":0.2667,"x":0.5,"y":0.5},{"time":0.5,"x":1,"y":1}]},"+2":{"scale":[{"time":0.5,"x":1,"y":1},{"time":0.7,"x":1.2,"y":1.2},{"time":0.8667,"x":1,"y":1}]},"picl":{"scale":[{"time":0.8,"x":1,"y":1},{"time":0.9667,"x":1.2,"y":1.2},{"time":1.1333,"x":1,"y":1}]},"saog1":{"translate":[{"time":0,"x":-57.48,"y":-40.14},{"time":1.5,"x":68.06,"y":58.87}]},"saog2":{"translate":[{"time":0,"x":-116.47,"y":-49.23,"curve":"stepped"},{"time":0.4667,"x":-116.47,"y":-49.23},{"time":1.6667,"x":5.67,"y":67.37}]}}}}},[0]]],0,0,[0],[-1],[0]]
