[1,["600m72vqJCF7WF9lUfFc0z@6c48a"],["_textureSource"],["cc.SpriteFrame"],0,[{"name":"sea_icon_treasurebox_17","rect":{"x":43,"y":191,"width":444,"height":321},"offset":{"x":9,"y":-95.5},"originalSize":{"width":512,"height":512},"rotated":false,"capInsets":[0,0,0,0],"vertices":{"rawPosition":[-222,-160.5,0,222,-160.5,0,-222,160.5,0,222,160.5,0],"indexes":[0,1,2,2,1,3],"uv":[43,321,487,321,43,0,487,0],"nuv":[0.083984375,0,0.951171875,0,0.083984375,0.626953125,0.951171875,0.626953125],"minPos":{"x":-222,"y":-160.5,"z":0},"maxPos":{"x":222,"y":160.5,"z":0}},"packable":true,"pixelsToUnit":100,"pivot":{"x":0.5,"y":0.5},"meshType":0}],[0],0,[0],[0],[0]]
