[1,["d0ZAX42wpJIoI4rWnon/oC@6c48a"],["_textureSource"],["cc.SpriteFrame"],0,[{"name":"duofuduocai_icon_huang","rect":{"x":0,"y":0,"width":278,"height":279},"offset":{"x":0,"y":0},"originalSize":{"width":278,"height":279},"rotated":false,"capInsets":[0,0,0,0],"vertices":{"rawPosition":[-139,-139.5,0,139,-139.5,0,-139,139.5,0,139,139.5,0],"indexes":[0,1,2,2,1,3],"uv":[0,279,278,279,0,0,278,0],"nuv":[0,0,1,0,0,1,1,1],"minPos":{"x":-139,"y":-139.5,"z":0},"maxPos":{"x":139,"y":139.5,"z":0}},"packable":true,"pixelsToUnit":100,"pivot":{"x":0.5,"y":0.5},"meshType":0}],[0],0,[0],[0],[0]]
