[1,["1730c1b4b@6c48a"],["_textureSource"],["cc.SpriteFrame","cc.SpriteAtlas"],0,[[[{"name":"dl_aj_zidongdibox","rect":{"x":3,"y":524,"width":232,"height":103},"offset":{"x":0,"y":0},"originalSize":{"width":232,"height":103},"rotated":false,"capInsets":[21,19,21,21],"packable":true,"pixelsToUnit":100,"pivot":{"x":0.5,"y":0.5},"meshType":0}],[0],0,[0],[0],[0]],[[{"name":"dl_aj_kuai_0","rect":{"x":241,"y":524,"width":87,"height":92},"offset":{"x":-1,"y":0},"originalSize":{"width":89,"height":92},"rotated":true,"capInsets":[0,0,0,0],"packable":true,"pixelsToUnit":100,"pivot":{"x":0.5,"y":0.5},"meshType":0}],[0],0,[0],[0],[0]],[[{"name":"dl_aj_kuai_1","rect":{"x":339,"y":524,"width":87,"height":92},"offset":{"x":-1,"y":0},"originalSize":{"width":89,"height":92},"rotated":true,"capInsets":[0,0,0,0],"packable":true,"pixelsToUnit":100,"pivot":{"x":0.5,"y":0.5},"meshType":0}],[0],0,[0],[0],[0]],[[{"name":"box1","rect":{"x":3,"y":3,"width":787,"height":515},"offset":{"x":0,"y":0},"originalSize":{"width":787,"height":515},"rotated":false,"capInsets":[0,0,0,0],"packable":true,"pixelsToUnit":100,"pivot":{"x":0.5,"y":0.5},"meshType":0}],[0],0,[0],[0],[0]],[[{"name":"dl_aj_xiazhujia_0","rect":{"x":437,"y":524,"width":80,"height":92},"offset":{"x":0,"y":0},"originalSize":{"width":80,"height":92},"rotated":true,"capInsets":[0,0,0,0],"packable":true,"pixelsToUnit":100,"pivot":{"x":0.5,"y":0.5},"meshType":0}],[0],0,[0],[0],[0]],[[{"name":"auto_bar","spriteFrames":["dl_aj_shezhibox","bdw9DHBY9MYYjQb/xgi7vW@f9941","dl_ollps_brn_shezhi_on","604xcNx7RI1J4tlHnwd4r5@f9941","dl_aj_CONFIRM","a7cPOLeyVCRYIgk1qvkT8b@f9941","dl_shezhi_guan","b7+9oT/DlLtr5AQuM0bdxw@f9941","dl_aj_zhongjiangbox","19mbwKyy5MTKkSAMoUxJVC@f9941","dl_aj_spinanniu1","39ToQU4b1K8ppqgq1ssN2Q@f9941","SOUND","4f29pVSchAkJxM4qYfz4WQ@f9941","MUSIC","f92aXtIwBPRqia9+IeitGb@f9941","dl_aj_spinanniu","e5mkLSVv5DALwoCAnkS1/+@f9941","zi_goodluck","96hVSz5JlJDZzgOi+jct/M@f9941","mianfeibox","8cIA63YQNEfY8h4KBvp3p7@f9941","SETTINGS","e61vASRZFGqrEUnta5/P2M@f9941","title_1","b41LiyzOxAHpDHCb199TG/@f9941","zi_STOP","7f4AUGzrxGrIMYwCuuFz0K@f9941","dl_aj_guanbi","0041PZn8RCWLAuVUhsLjJK@f9941","dl_aj_jinbibox","ceXw945CVNb4lNhIchKpeo@f9941","zi_WIN","ecublYDJpGo78+BsBKF7Z5@f9941","dl_aj_guizeanniu","19v5G0yC9NjKqf30ToVtUu@f9941","FREE SPINS LEFT ","39Eo3hAm5Fib3hugDZ0uCE@f9941","al_aj_caidanbox","69sZWB6GxGCpBt7vNfiwev@f9941","dl_aj_stopicon","013pyYfWJMOpqoPvGtOlZP@f9941","dl_aj_stopicon1","0dZGNMGnpMupP21N9NiRqO@f9941","zi_aj_autospinsetting","75LsCmfPdOj6lJw3+uCff4@f9941","dl_aj_xiazhubox","921XP687tLJ6MxRS4/P65x@f9941","dl_aj_zidong","57dHgL9ANPzrzjgAX1d1YG@f9941","dl_aj_spinicon","481AfQRBlEwJlXmqZ4vSJK@f9941","dj_aj_jinbijia","1aKkz3ndFKhY17xcPz1JT3@f9941","zi_aj_spin","88dYqqOWVCEpQwB9omEULx@f9941","zi_AUTO","84aDP1P/NE+LeEsx+3a21C@f9941","dl_aj_zidongshezhi_0","53kg1VV1JDNLaRC+3pelNw@f9941","dl_aj_xiazhujia_1","9c0DHSUW1Bx4u84XOvaOR+@f9941","dl_aj_shezhianniu","3b6wweuXZLYK1ggAK+A1BB@f9941","dl_aj_zidongshezhi_1","efrMLXopxC95BwBhpJxMVK@f9941","dl_aj_xiazhujian_1","eaL5vVSmJPo4EzQFt2wQxI@f9941","dl_aj_zidong1","81PW4ZiuZAJpLasqKA7QwG@f9941","dl_aj_tuichuanniu","6f082dLR5BbK2mLCAMxm+e@f9941","dl_aj_spinicon1","6abq+5guRF9K6l50XrGZYs@f9941","dl_aj_caidan","6aZN7IukRHuovXkk1W+mOe@f9941","dl_aj_vipanniu","911gs+MYpNsporOUEoKQOX@f9941","box1","e7+t83nA1H2ac0+BAcNaaD@f9941","dl_aj_zidongdibox","7aRorDLZFAUJJa3/ivwhjr@f9941","dl_aj_kuai_0","8fimp3OGtFKKLJKekwphpL@f9941","dl_aj_kuai_1","a3CNQOpLJP16FjNwSuphJV@f9941","dl_aj_xiazhujia_0","f5Y+0jVZZIF5ryNoQPkeDP@f9941","dl_aj_xiazhujian_0","fe88gGaMxBvr9ZlPemIbL7@f9941"]}],[1],0,[],[],[]],[[{"name":"dl_aj_xiazhujian_0","rect":{"x":535,"y":524,"width":80,"height":92},"offset":{"x":0,"y":0},"originalSize":{"width":80,"height":92},"rotated":false,"capInsets":[0,0,0,0],"packable":true,"pixelsToUnit":100,"pivot":{"x":0.5,"y":0.5},"meshType":0}],[0],0,[0],[0],[0]]]]
