[1,["11f86f05-310a-493e-b5dc-7f254b73ccc3@6c48a","11f86f05-310a-493e-b5dc-7f254b73ccc3@f9941"],["_textureSource","spriteFrame"],["cc.SpriteFrame",["cc.BitmapFont",["_name","fontSize","fntConfig"],0]],[[1,0,1,2,4]],[[[{"name":"battle2","rect":{"x":0,"y":2,"width":218,"height":29},"offset":{"x":-1,"y":0.5},"originalSize":{"width":220,"height":34},"rotated":false,"capInsets":[0,0,0,0],"vertices":{"rawPosition":[-109,-14.5,0,109,-14.5,0,-109,14.5,0,109,14.5,0],"indexes":[0,1,2,2,1,3],"uv":[0,32,218,32,0,3,218,3],"nuv":[0,0.08823529411764706,0.990909090909091,0.08823529411764706,0,0.9411764705882353,0.990909090909091,0.9411764705882353],"minPos":{"x":-109,"y":-14.5,"z":0},"maxPos":{"x":109,"y":14.5,"z":0}},"packable":true,"pixelsToUnit":100,"pivot":{"x":0.5,"y":0.5},"meshType":0}],[0],0,[0],[0],[0]],[[[0,"battle2",32,{"commonHeight":32,"fontSize":32,"atlasName":"battle2.png","fontDefDictionary":{"46":{"xOffset":0,"yOffset":0,"xAdvance":11,"rect":{"x":206,"y":0,"width":11,"height":32}},"48":{"xOffset":0,"yOffset":0,"xAdvance":21,"rect":{"x":0,"y":0,"width":21,"height":32}},"49":{"xOffset":0,"yOffset":0,"xAdvance":15,"rect":{"x":190,"y":0,"width":15,"height":32}},"50":{"xOffset":0,"yOffset":0,"xAdvance":20,"rect":{"x":22,"y":0,"width":20,"height":32}},"51":{"xOffset":0,"yOffset":0,"xAdvance":20,"rect":{"x":43,"y":0,"width":20,"height":32}},"52":{"xOffset":0,"yOffset":0,"xAdvance":20,"rect":{"x":64,"y":0,"width":20,"height":32}},"53":{"xOffset":0,"yOffset":0,"xAdvance":20,"rect":{"x":85,"y":0,"width":20,"height":32}},"54":{"xOffset":0,"yOffset":0,"xAdvance":20,"rect":{"x":106,"y":0,"width":20,"height":32}},"55":{"xOffset":0,"yOffset":0,"xAdvance":20,"rect":{"x":127,"y":0,"width":20,"height":32}},"56":{"xOffset":0,"yOffset":0,"xAdvance":20,"rect":{"x":148,"y":0,"width":20,"height":32}},"57":{"xOffset":0,"yOffset":0,"xAdvance":20,"rect":{"x":169,"y":0,"width":20,"height":32}}},"kerningDict":{}}]],0,0,[0],[1],[1]]]]
