[1,["d23fea8c-4152-46ee-b0ff-f6b655721c5f@6c48a","92d64914-fa27-490e-8531-a8b5c1e20790@22d97","92d64914-fa27-490e-8531-a8b5c1e20790@8e3ab","92d64914-fa27-490e-8531-a8b5c1e20790@27be1","92d64914-fa27-490e-8531-a8b5c1e20790@290b6","92d64914-fa27-490e-8531-a8b5c1e20790@1ef9f","92d64914-fa27-490e-8531-a8b5c1e20790@9f38b","92d64914-fa27-490e-8531-a8b5c1e20790@7f528","92d64914-fa27-490e-8531-a8b5c1e20790@23c8f","92d64914-fa27-490e-8531-a8b5c1e20790@2a546","92d64914-fa27-490e-8531-a8b5c1e20790@007ea"],["_textureSource"],["cc.SpriteFrame","cc.SpriteAtlas"],0,[[[{"name":"fish52","spriteFrames":["fish52_1","92d64914-fa27-490e-8531-a8b5c1e20790@22d97","fish52_10","92d64914-fa27-490e-8531-a8b5c1e20790@8e3ab","fish52_2","92d64914-fa27-490e-8531-a8b5c1e20790@27be1","fish52_3","92d64914-fa27-490e-8531-a8b5c1e20790@290b6","fish52_4","92d64914-fa27-490e-8531-a8b5c1e20790@1ef9f","fish52_5","92d64914-fa27-490e-8531-a8b5c1e20790@9f38b","fish52_6","92d64914-fa27-490e-8531-a8b5c1e20790@7f528","fish52_7","92d64914-fa27-490e-8531-a8b5c1e20790@23c8f","fish52_8","92d64914-fa27-490e-8531-a8b5c1e20790@2a546","fish52_9","92d64914-fa27-490e-8531-a8b5c1e20790@007ea"]}],[1],0,[0,0,0,0,0,0,0,0,0,0],[0,0,0,0,0,0,0,0,0,0],[1,2,3,4,5,6,7,8,9,10]],[[{"name":"fish52_9","rect":{"x":294,"y":266,"width":274,"height":274},"offset":{"x":6,"y":1},"originalSize":{"width":300,"height":300},"rotated":false,"capInsets":[0,0,0,0],"vertices":{"rawPosition":[],"indexes":[],"uv":[],"nuv":[],"minPos":{"x":0,"y":0,"z":0},"maxPos":{"x":0,"y":0,"z":0}},"packable":true,"pixelsToUnit":100,"pivot":{"x":0.5,"y":0.5},"meshType":0}],[0],0,[0],[0],[0]],[[{"name":"fish52_4","rect":{"x":584,"y":2,"width":260,"height":280},"offset":{"x":-1,"y":-4},"originalSize":{"width":300,"height":300},"rotated":true,"capInsets":[0,0,0,0],"vertices":{"rawPosition":[],"indexes":[],"uv":[],"nuv":[],"minPos":{"x":0,"y":0,"z":0},"maxPos":{"x":0,"y":0,"z":0}},"packable":true,"pixelsToUnit":100,"pivot":{"x":0.5,"y":0.5},"meshType":0}],[0],0,[0],[0],[0]],[[{"name":"fish52_1","rect":{"x":294,"y":2,"width":288,"height":262},"offset":{"x":1,"y":2},"originalSize":{"width":300,"height":300},"rotated":false,"capInsets":[0,0,0,0],"vertices":{"rawPosition":[],"indexes":[],"uv":[],"nuv":[],"minPos":{"x":0,"y":0,"z":0},"maxPos":{"x":0,"y":0,"z":0}},"packable":true,"pixelsToUnit":100,"pivot":{"x":0.5,"y":0.5},"meshType":0}],[0],0,[0],[0],[0]],[[{"name":"fish52_7","rect":{"x":278,"y":542,"width":272,"height":264},"offset":{"x":-6,"y":0},"originalSize":{"width":300,"height":300},"rotated":false,"capInsets":[0,0,0,0],"vertices":{"rawPosition":[],"indexes":[],"uv":[],"nuv":[],"minPos":{"x":0,"y":0,"z":0},"maxPos":{"x":0,"y":0,"z":0}},"packable":true,"pixelsToUnit":100,"pivot":{"x":0.5,"y":0.5},"meshType":0}],[0],0,[0],[0],[0]],[[{"name":"fish52_2","rect":{"x":2,"y":548,"width":266,"height":260},"offset":{"x":-4,"y":1},"originalSize":{"width":300,"height":300},"rotated":false,"capInsets":[0,0,0,0],"vertices":{"rawPosition":[],"indexes":[],"uv":[],"nuv":[],"minPos":{"x":0,"y":0,"z":0},"maxPos":{"x":0,"y":0,"z":0}},"packable":true,"pixelsToUnit":100,"pivot":{"x":0.5,"y":0.5},"meshType":0}],[0],0,[0],[0],[0]],[[{"name":"fish52_3","rect":{"x":552,"y":792,"width":260,"height":264},"offset":{"x":-1,"y":0},"originalSize":{"width":300,"height":300},"rotated":true,"capInsets":[0,0,0,0],"vertices":{"rawPosition":[],"indexes":[],"uv":[],"nuv":[],"minPos":{"x":0,"y":0,"z":0},"maxPos":{"x":0,"y":0,"z":0}},"packable":true,"pixelsToUnit":100,"pivot":{"x":0.5,"y":0.5},"meshType":0}],[0],0,[0],[0],[0]],[[{"name":"fish52_8","rect":{"x":570,"y":530,"width":260,"height":274},"offset":{"x":-1,"y":6},"originalSize":{"width":300,"height":300},"rotated":true,"capInsets":[0,0,0,0],"vertices":{"rawPosition":[],"indexes":[],"uv":[],"nuv":[],"minPos":{"x":0,"y":0,"z":0},"maxPos":{"x":0,"y":0,"z":0}},"packable":true,"pixelsToUnit":100,"pivot":{"x":0.5,"y":0.5},"meshType":0}],[0],0,[0],[0],[0]],[[{"name":"fish52_6","rect":{"x":584,"y":264,"width":278,"height":264},"offset":{"x":0,"y":0},"originalSize":{"width":300,"height":300},"rotated":false,"capInsets":[0,0,0,0],"vertices":{"rawPosition":[],"indexes":[],"uv":[],"nuv":[],"minPos":{"x":0,"y":0,"z":0},"maxPos":{"x":0,"y":0,"z":0}},"packable":true,"pixelsToUnit":100,"pivot":{"x":0.5,"y":0.5},"meshType":0}],[0],0,[0],[0],[0]],[[{"name":"fish52_10","rect":{"x":2,"y":276,"width":274,"height":270},"offset":{"x":6,"y":-3},"originalSize":{"width":300,"height":300},"rotated":false,"capInsets":[0,0,0,0],"vertices":{"rawPosition":[],"indexes":[],"uv":[],"nuv":[],"minPos":{"x":0,"y":0,"z":0},"maxPos":{"x":0,"y":0,"z":0}},"packable":true,"pixelsToUnit":100,"pivot":{"x":0.5,"y":0.5},"meshType":0}],[0],0,[0],[0],[0]],[[{"name":"fish52_5","rect":{"x":2,"y":2,"width":290,"height":272},"offset":{"x":-2,"y":-4},"originalSize":{"width":300,"height":300},"rotated":false,"capInsets":[0,0,0,0],"vertices":{"rawPosition":[],"indexes":[],"uv":[],"nuv":[],"minPos":{"x":0,"y":0,"z":0},"maxPos":{"x":0,"y":0,"z":0}},"packable":true,"pixelsToUnit":100,"pivot":{"x":0.5,"y":0.5},"meshType":0}],[0],0,[0],[0],[0]]]]
