[1,["1c3064747@6c48a","931ca111-aae0-4b5f-a7a3-307435856be4@f9941","7cabd0e0-6285-4681-9a31-4783e1024a19@f9941","8b4a690f-3988-4809-aa69-0c7d2ede22ec@f9941","76299c55-eecc-4d39-9f61-fc2defc6bcea@f9941","4311c651-9aa3-4a7c-9f59-a115cd42f2ae@f9941"],["_textureSource"],["cc.SpriteFrame","cc.SpriteAtlas"],0,[[[{"name":"icon_dt_loading_1","rect":{"x":68,"y":219,"width":740,"height":42},"offset":{"x":0,"y":0},"originalSize":{"width":740,"height":42},"rotated":true,"capInsets":[11,0,11,0],"packable":true,"pixelsToUnit":100,"pivot":{"x":0.5,"y":0.5},"meshType":0}],[0],0,[0],[0],[0]],[[{"name":"auto_fish","spriteFrames":["icon_dt_loading_2","931ca111-aae0-4b5f-a7a3-307435856be4@f9941","common_close00","7cabd0e0-6285-4681-9a31-4783e1024a19@f9941","common_close01","8b4a690f-3988-4809-aa69-0c7d2ede22ec@f9941","icon_dt_loading_0","76299c55-eecc-4d39-9f61-fc2defc6bcea@f9941","icon_dt_loading_1","4311c651-9aa3-4a7c-9f59-a115cd42f2ae@f9941"]}],[1],0,[0,0,0,0,0],[0,0,0,0,0],[1,2,3,4,5]],[[{"name":"icon_dt_loading_0","rect":{"x":3,"y":219,"width":757,"height":59},"offset":{"x":0,"y":0.5},"originalSize":{"width":759,"height":60},"rotated":true,"capInsets":[0,0,0,0],"packable":true,"pixelsToUnit":100,"pivot":{"x":0.5,"y":0.5},"meshType":0}],[0],0,[0],[0],[0]],[[{"name":"common_close00","rect":{"x":3,"y":149,"width":64,"height":64},"offset":{"x":0,"y":0},"originalSize":{"width":64,"height":64},"rotated":false,"capInsets":[0,0,0,0],"packable":true,"pixelsToUnit":100,"pivot":{"x":0.5,"y":0.5},"meshType":0}],[0],0,[0],[0],[0]],[[{"name":"common_close01","rect":{"x":73,"y":149,"width":64,"height":64},"offset":{"x":0,"y":0},"originalSize":{"width":64,"height":64},"rotated":false,"capInsets":[0,0,0,0],"packable":true,"pixelsToUnit":100,"pivot":{"x":0.5,"y":0.5},"meshType":0}],[0],0,[0],[0],[0]],[[{"name":"icon_dt_loading_2","rect":{"x":3,"y":3,"width":124,"height":140},"offset":{"x":0,"y":0},"originalSize":{"width":124,"height":140},"rotated":false,"capInsets":[0,0,0,0],"packable":true,"pixelsToUnit":100,"pivot":{"x":0.5,"y":0.5},"meshType":0}],[0],0,[0],[0],[0]]]]
