[1,["1c3064747@6c48a"],["_textureSource"],["cc.SpriteFrame","cc.SpriteAtlas"],0,[[[{"name":"icon_dt_loading_1","rect":{"x":68,"y":219,"width":740,"height":42},"offset":{"x":0,"y":0},"originalSize":{"width":740,"height":42},"rotated":true,"capInsets":[11,0,11,0],"packable":true,"pixelsToUnit":100,"pivot":{"x":0.5,"y":0.5},"meshType":0}],[0],0,[0],[0],[0]],[[{"name":"auto_fish","spriteFrames":["icon_dt_loading_2","93HKERquBLX6ejMHQ1hWvk@f9941","common_close00","7cq9DgYoVGgZoxR4PhAkoZ@f9941","common_close01","8bSmkPOYhICappDH0u3iLs@f9941","icon_dt_loading_0","76KZxV7sxNOZ9h/C3vxrzq@f9941","icon_dt_loading_1","43EcZRmqNKfJ9ZoRXNQvKu@f9941"]}],[1],0,[],[],[]],[[{"name":"icon_dt_loading_0","rect":{"x":3,"y":219,"width":757,"height":59},"offset":{"x":0,"y":0.5},"originalSize":{"width":759,"height":60},"rotated":true,"capInsets":[0,0,0,0],"packable":true,"pixelsToUnit":100,"pivot":{"x":0.5,"y":0.5},"meshType":0}],[0],0,[0],[0],[0]],[[{"name":"common_close00","rect":{"x":3,"y":149,"width":64,"height":64},"offset":{"x":0,"y":0},"originalSize":{"width":64,"height":64},"rotated":false,"capInsets":[0,0,0,0],"packable":true,"pixelsToUnit":100,"pivot":{"x":0.5,"y":0.5},"meshType":0}],[0],0,[0],[0],[0]],[[{"name":"common_close01","rect":{"x":73,"y":149,"width":64,"height":64},"offset":{"x":0,"y":0},"originalSize":{"width":64,"height":64},"rotated":false,"capInsets":[0,0,0,0],"packable":true,"pixelsToUnit":100,"pivot":{"x":0.5,"y":0.5},"meshType":0}],[0],0,[0],[0],[0]],[[{"name":"icon_dt_loading_2","rect":{"x":3,"y":3,"width":124,"height":140},"offset":{"x":0,"y":0},"originalSize":{"width":124,"height":140},"rotated":false,"capInsets":[0,0,0,0],"packable":true,"pixelsToUnit":100,"pivot":{"x":0.5,"y":0.5},"meshType":0}],[0],0,[0],[0],[0]]]]
