[1,["eeQ3Vt2qBDKIxHkDcg+4Vh@6c48a"],["_textureSource"],["cc.SpriteFrame","cc.SpriteAtlas"],0,[[[{"name":"yellowraylinepls","spriteFrames":["yellowrayline1","45Ba3LTWFHr7gOJaIx8HCB@36590","yellowrayline10","45Ba3LTWFHr7gOJaIx8HCB@704a9","yellowrayline2","45Ba3LTWFHr7gOJaIx8HCB@cfb78","yellowrayline3","45Ba3LTWFHr7gOJaIx8HCB@12c3f","yellowrayline4","45Ba3LTWFHr7gOJaIx8HCB@3ca77","yellowrayline5","45Ba3LTWFHr7gOJaIx8HCB@dc485","yellowrayline6","45Ba3LTWFHr7gOJaIx8HCB@baf2b","yellowrayline7","45Ba3LTWFHr7gOJaIx8HCB@d5cd0","yellowrayline8","45Ba3LTWFHr7gOJaIx8HCB@e714a","yellowrayline9","45Ba3LTWFHr7gOJaIx8HCB@bd483"]}],[1],0,[],[],[]],[[{"name":"yellowrayline3","rect":{"x":2,"y":335,"width":819,"height":111},"offset":{"x":-1,"y":2},"originalSize":{"width":821,"height":135},"rotated":false,"capInsets":[0,0,0,0],"vertices":{"rawPosition":[],"indexes":[],"uv":[],"nuv":[],"minPos":{"x":0,"y":0,"z":0},"maxPos":{"x":0,"y":0,"z":0}},"packable":true,"pixelsToUnit":100,"pivot":{"x":0.5,"y":0.5},"meshType":0}],[0],0,[0],[0],[0]],[[{"name":"yellowrayline1","rect":{"x":2,"y":448,"width":819,"height":109},"offset":{"x":1,"y":2},"originalSize":{"width":821,"height":135},"rotated":false,"capInsets":[0,0,0,0],"vertices":{"rawPosition":[],"indexes":[],"uv":[],"nuv":[],"minPos":{"x":0,"y":0,"z":0},"maxPos":{"x":0,"y":0,"z":0}},"packable":true,"pixelsToUnit":100,"pivot":{"x":0.5,"y":0.5},"meshType":0}],[0],0,[0],[0],[0]],[[{"name":"yellowrayline4","rect":{"x":2,"y":775,"width":819,"height":103},"offset":{"x":0,"y":-1},"originalSize":{"width":821,"height":135},"rotated":false,"capInsets":[0,0,0,0],"vertices":{"rawPosition":[],"indexes":[],"uv":[],"nuv":[],"minPos":{"x":0,"y":0,"z":0},"maxPos":{"x":0,"y":0,"z":0}},"packable":true,"pixelsToUnit":100,"pivot":{"x":0.5,"y":0.5},"meshType":0}],[0],0,[0],[0],[0]],[[{"name":"yellowrayline10","rect":{"x":2,"y":2,"width":821,"height":113},"offset":{"x":0,"y":9},"originalSize":{"width":821,"height":135},"rotated":false,"capInsets":[0,0,0,0],"vertices":{"rawPosition":[],"indexes":[],"uv":[],"nuv":[],"minPos":{"x":0,"y":0,"z":0},"maxPos":{"x":0,"y":0,"z":0}},"packable":true,"pixelsToUnit":100,"pivot":{"x":0.5,"y":0.5},"meshType":0}],[0],0,[0],[0],[0]],[[{"name":"yellowrayline6","rect":{"x":2,"y":880,"width":819,"height":101},"offset":{"x":1,"y":3},"originalSize":{"width":821,"height":135},"rotated":false,"capInsets":[0,0,0,0],"vertices":{"rawPosition":[],"indexes":[],"uv":[],"nuv":[],"minPos":{"x":0,"y":0,"z":0},"maxPos":{"x":0,"y":0,"z":0}},"packable":true,"pixelsToUnit":100,"pivot":{"x":0.5,"y":0.5},"meshType":0}],[0],0,[0],[0],[0]],[[{"name":"yellowrayline9","rect":{"x":2,"y":668,"width":819,"height":105},"offset":{"x":0,"y":-15},"originalSize":{"width":821,"height":135},"rotated":false,"capInsets":[0,0,0,0],"vertices":{"rawPosition":[],"indexes":[],"uv":[],"nuv":[],"minPos":{"x":0,"y":0,"z":0},"maxPos":{"x":0,"y":0,"z":0}},"packable":true,"pixelsToUnit":100,"pivot":{"x":0.5,"y":0.5},"meshType":0}],[0],0,[0],[0],[0]],[[{"name":"yellowrayline2","rect":{"x":825,"y":2,"width":819,"height":117},"offset":{"x":0,"y":4},"originalSize":{"width":821,"height":135},"rotated":true,"capInsets":[0,0,0,0],"vertices":{"rawPosition":[],"indexes":[],"uv":[],"nuv":[],"minPos":{"x":0,"y":0,"z":0},"maxPos":{"x":0,"y":0,"z":0}},"packable":true,"pixelsToUnit":100,"pivot":{"x":0.5,"y":0.5},"meshType":0}],[0],0,[0],[0],[0]],[[{"name":"yellowrayline7","rect":{"x":2,"y":559,"width":819,"height":107},"offset":{"x":0,"y":-12},"originalSize":{"width":821,"height":135},"rotated":false,"capInsets":[0,0,0,0],"vertices":{"rawPosition":[],"indexes":[],"uv":[],"nuv":[],"minPos":{"x":0,"y":0,"z":0},"maxPos":{"x":0,"y":0,"z":0}},"packable":true,"pixelsToUnit":100,"pivot":{"x":0.5,"y":0.5},"meshType":0}],[0],0,[0],[0],[0]],[[{"name":"yellowrayline5","rect":{"x":2,"y":228,"width":821,"height":105},"offset":{"x":0,"y":15},"originalSize":{"width":821,"height":135},"rotated":false,"capInsets":[0,0,0,0],"vertices":{"rawPosition":[],"indexes":[],"uv":[],"nuv":[],"minPos":{"x":0,"y":0,"z":0},"maxPos":{"x":0,"y":0,"z":0}},"packable":true,"pixelsToUnit":100,"pivot":{"x":0.5,"y":0.5},"meshType":0}],[0],0,[0],[0],[0]],[[{"name":"yellowrayline8","rect":{"x":2,"y":117,"width":821,"height":109},"offset":{"x":0,"y":-10},"originalSize":{"width":821,"height":135},"rotated":false,"capInsets":[0,0,0,0],"vertices":{"rawPosition":[],"indexes":[],"uv":[],"nuv":[],"minPos":{"x":0,"y":0,"z":0},"maxPos":{"x":0,"y":0,"z":0}},"packable":true,"pixelsToUnit":100,"pivot":{"x":0.5,"y":0.5},"meshType":0}],[0],0,[0],[0],[0]]]]
