[1,["04l9kDwOZIUqp4qulimVCt@6c48a"],["_textureSource"],["cc.SpriteAtlas","cc.SpriteFrame"],0,[[[{"name":"lock","spriteFrames":["lock_1","e66pCdiwJGLabmndjpZBuY@1e3e5","lock_1_1","e66pCdiwJGLabmndjpZBuY@6b9e0"]}],[0],0,[],[],[]],[[{"name":"lock_1","rect":{"x":2,"y":2,"width":113,"height":110},"offset":{"x":0,"y":0},"originalSize":{"width":113,"height":110},"rotated":false,"capInsets":[0,0,0,0],"vertices":{"rawPosition":[],"indexes":[],"uv":[],"nuv":[],"minPos":{"x":0,"y":0,"z":0},"maxPos":{"x":0,"y":0,"z":0}},"packable":true,"pixelsToUnit":100,"pivot":{"x":0.5,"y":0.5},"meshType":0}],[1],0,[0],[0],[0]]]]
