[1,["7ddf202a-49b2-472b-a255-b4e3e1c241a6@6c48a"],0,[["sp.SkeletonData",["_name","_atlasText","textureNames","_skeletonJson","textures"],-1,3]],[[0,0,1,2,3,4,5]],[[0,"bullet_pifu2","\r\nbullet_pifu2.png\r\nsize: 128,128\r\nformat: RGBA8888\r\nfilter: Linear,Linear\r\nrepeat: none\r\npifu_2\r\n  rotate: false\r\n  xy: 2, 2\r\n  size: 87, 122\r\n  orig: 87, 126\r\n  offset: 0, 0\r\n  index: -1\r\n",["bullet_pifu2.png"],{"skeleton":{"hash":"Cx3AhbA42HBlHOTqMR2eQxuOH50","spine":"2.1.27","width":0,"height":0,"images":""},"bones":[{"name":"root"},{"name":"gen","parent":"root"},{"name":"pifu2","parent":"gen"},{"name":"pifu2_2","parent":"pifu2"}],"slots":[{"name":"pifu_2","bone":"pifu2"},{"name":"pifu_2_2","bone":"pifu2_2","blend":"additive"}],"skins":{"default":{"pifu_2":{"pifu_2":{"y":-1.24,"width":87,"height":126}},"pifu_2_2":{"pifu_2":{"y":-1.24,"width":87,"height":126}}}},"animations":{"pifu2":{"slots":{"pifu_2":{"attachment":[{"time":0,"name":"pifu_2"},{"time":0.3333,"name":"pifu_2"}]},"pifu_2_2":{"attachment":[{"time":0,"name":"pifu_2"},{"time":0.3333,"name":"pifu_2"}],"color":[{"time":0,"color":"ffffff00"},{"time":0.1333,"color":"ffffffff"},{"time":0.3333,"color":"ffffff00"}]}},"bones":{"pifu2":{"rotate":[{"time":0,"angle":0,"curve":"stepped"},{"time":0.3333,"angle":0}],"translate":[{"time":0,"x":0,"y":0,"curve":"stepped"},{"time":0.3333,"x":0,"y":0}],"scale":[{"time":0,"x":1,"y":1},{"time":0.0666,"x":0.808,"y":1},{"time":0.1333,"x":0.916,"y":0.789},{"time":0.2,"x":0.96,"y":0.958},{"time":0.2666,"x":0.779,"y":0.852},{"time":0.3333,"x":1,"y":1}]},"pifu2_2":{"rotate":[{"time":0,"angle":0,"curve":"stepped"},{"time":0.3333,"angle":0}],"translate":[{"time":0,"x":0,"y":14.28},{"time":0.0666,"x":0,"y":-0.02},{"time":0.3333,"x":0,"y":-61.31}],"scale":[{"time":0,"x":1,"y":1},{"time":0.0666,"x":1.497,"y":0.751},{"time":0.3333,"x":0.667,"y":1.075}]}}}}},[0]]],0,0,[0],[-1],[0]]
