[1,["8a56d911-080d-4ecc-8dac-327628e50d02@6c48a"],["_textureSource"],["cc.SpriteFrame"],0,[{"name":"bg_cs_baopenbox_3","rect":{"x":0,"y":0,"width":60,"height":30},"offset":{"x":0,"y":0},"originalSize":{"width":60,"height":30},"rotated":false,"capInsets":[0,0,0,0],"vertices":{"rawPosition":[-30,-15,0,30,-15,0,-30,15,0,30,15,0],"indexes":[0,1,2,2,1,3],"uv":[0,30,60,30,0,0,60,0],"nuv":[0,0,1,0,0,1,1,1],"minPos":{"x":-30,"y":-15,"z":0},"maxPos":{"x":30,"y":15,"z":0}},"packable":true,"pixelsToUnit":100,"pivot":{"x":0.5,"y":0.5},"meshType":0}],[0],0,[0],[0],[0]]
