[1,["5eab1279-483f-41ef-b089-4087367ee999@6c48a"],["_textureSource"],["cc.SpriteFrame"],0,[{"name":"bg_hj_beishu_box","rect":{"x":0,"y":0,"width":290,"height":166},"offset":{"x":0,"y":0},"originalSize":{"width":290,"height":166},"rotated":false,"capInsets":[34,21,30,35],"vertices":{"rawPosition":[-145,-83,0,145,-83,0,-145,83,0,145,83,0],"indexes":[0,1,2,2,1,3],"uv":[0,166,290,166,0,0,290,0],"nuv":[0,0,1,0,0,1,1,1],"minPos":{"x":-145,"y":-83,"z":0},"maxPos":{"x":145,"y":83,"z":0}},"packable":true,"pixelsToUnit":100,"pivot":{"x":0.5,"y":0.5},"meshType":0}],[0],0,[0],[0],[0]]
