[1,["5e1nSJdJBB8LPm9Dbf9AUA@6c48a"],["_textureSource"],["cc.SpriteFrame"],0,[{"name":"Menetapkan","rect":{"x":0,"y":0,"width":199,"height":36},"offset":{"x":0,"y":0},"originalSize":{"width":199,"height":36},"rotated":false,"capInsets":[0,0,0,0],"vertices":{"rawPosition":[-99.5,-18,0,99.5,-18,0,-99.5,18,0,99.5,18,0],"indexes":[0,1,2,2,1,3],"uv":[0,36,199,36,0,0,199,0],"nuv":[0,0,1,0,0,1,1,1],"minPos":{"x":-99.5,"y":-18,"z":0},"maxPos":{"x":99.5,"y":18,"z":0}},"packable":true,"pixelsToUnit":100,"pivot":{"x":0.5,"y":0.5},"meshType":0}],[0],0,[0],[0],[0]]
