[1,["8b18f2b6-76bb-4e9c-b097-ed0e10108a40@6c48a"],0,[["sp.SkeletonData",["_name","_atlasText","textureNames","_skeletonJson","textures"],-1,3]],[[0,0,1,2,3,4,5]],[[0,"bullet_pifu3","\r\nbullet_pifu3.png\r\nsize: 64,128\r\nformat: RGBA8888\r\nfilter: Linear,Linear\r\nrepeat: none\r\npifu_4\r\n  rotate: false\r\n  xy: 2, 2\r\n  size: 39, 118\r\n  orig: 45, 126\r\n  offset: 2, 3\r\n  index: -1\r\n",["bullet_pifu3.png"],{"skeleton":{"hash":"8cLVs8EUQxUOkb6aLittR5/Dwbk","spine":"2.1.27","width":0,"height":0,"images":""},"bones":[{"name":"root"},{"name":"gen","parent":"root"},{"name":"pifu3","parent":"gen"},{"name":"pifu4_1","parent":"pifu3","x":-20},{"name":"pifu4_2","parent":"pifu3","x":20},{"name":"pifu4_1a","parent":"pifu4_1"},{"name":"pifu4_2a","parent":"pifu4_2"}],"slots":[{"name":"pifu_4_1","bone":"pifu4_1"},{"name":"pifu_4_3","bone":"pifu4_1a","blend":"additive"},{"name":"pifu_4_2","bone":"pifu4_2"},{"name":"pifu_4_4","bone":"pifu4_2a","blend":"additive"}],"skins":{"default":{"pifu_4_1":{"pifu_4":{"width":45,"height":126}},"pifu_4_2":{"pifu_4":{"scaleX":-1,"width":45,"height":126}},"pifu_4_3":{"pifu_4":{"width":45,"height":126}},"pifu_4_4":{"pifu_4":{"scaleX":-1,"width":45,"height":126}}}},"animations":{"pifu3":{"slots":{"pifu_4_1":{"attachment":[{"time":0,"name":"pifu_4"},{"time":0.2333,"name":"pifu_4"}]},"pifu_4_2":{"attachment":[{"time":0,"name":"pifu_4"},{"time":0.2333,"name":"pifu_4"}]},"pifu_4_3":{"attachment":[{"time":0,"name":"pifu_4"}]},"pifu_4_4":{"attachment":[{"time":0,"name":"pifu_4"}]}},"bones":{"pifu4_1":{"rotate":[{"time":0,"angle":0,"curve":"stepped"},{"time":0.2333,"angle":0}],"translate":[{"time":0,"x":0,"y":3.21},{"time":0.0666,"x":0,"y":1.76},{"time":0.1666,"x":0,"y":-11.74},{"time":0.2333,"x":0,"y":-1.07}],"scale":[{"time":0,"x":1,"y":1},{"time":0.0666,"x":1.191,"y":0.982},{"time":0.1,"x":1.257,"y":1},{"time":0.1666,"x":1.017,"y":1.168},{"time":0.2333,"x":0.903,"y":1.203}]},"pifu4_2":{"rotate":[{"time":0,"angle":0,"curve":"stepped"},{"time":0.2333,"angle":0}],"translate":[{"time":0,"x":0,"y":-3.17},{"time":0.1,"x":0,"y":3.45},{"time":0.2333,"x":0,"y":-3.17}],"scale":[{"time":0,"x":1,"y":1.075},{"time":0.0666,"x":1,"y":1.244},{"time":0.1,"x":1.137,"y":1.037},{"time":0.1666,"x":1.249,"y":0.969},{"time":0.2333,"x":1,"y":1}]},"pifu4_1a":{"rotate":[{"time":0,"angle":0}],"translate":[{"time":0,"x":0,"y":0},{"time":0.0666,"x":0,"y":-11.12},{"time":0.1666,"x":0,"y":-35.57},{"time":0.2333,"x":0,"y":-6.38}],"scale":[{"time":0,"x":1,"y":1},{"time":0.0666,"x":1.268,"y":1.086},{"time":0.1666,"x":0.38,"y":1.328},{"time":0.2333,"x":0.38,"y":1.207}]},"pifu4_2a":{"rotate":[{"time":0,"angle":0,"curve":"stepped"},{"time":0.1,"angle":0,"curve":"stepped"},{"time":0.1666,"angle":0,"curve":"stepped"},{"time":0.2333,"angle":0}],"translate":[{"time":0,"x":0,"y":-38.96},{"time":0.0666,"x":0,"y":-6.19},{"time":0.1,"x":0,"y":-4.59},{"time":0.1666,"x":0,"y":-6.76},{"time":0.2333,"x":0,"y":-19.31}],"scale":[{"time":0,"x":0.38,"y":1.55},{"time":0.0666,"x":0.404,"y":1.174},{"time":0.1,"x":0.953,"y":1.14},{"time":0.1666,"x":1.286,"y":1},{"time":0.2333,"x":0.965,"y":1.21}]},"pifu3":{"scale":[{"time":0,"x":0.9,"y":0.9,"curve":"stepped"},{"time":0.2333,"x":0.9,"y":0.9}]}}}}},[0]]],0,0,[0],[-1],[0]]
