[1,["ecqUBdecVI/Iukczs+qmhT@6c48a"],0,[["sp.SkeletonData",["_name","_atlasText","textureNames","_skeletonJson","textures"],-1,3]],[[0,0,1,2,3,4,5]],[[0,"thor_icon_2","\r\nthor_icon_2.png\r\nsize: 2048,2048\r\nformat: RGBA8888\r\nfilter: Linear,Linear\r\nrepeat: none\r\nboom/thor_boom_00002\r\n  rotate: false\r\n  xy: 406, 1512\r\n  size: 300, 300\r\n  orig: 300, 300\r\n  offset: 0, 0\r\n  index: -1\r\nboom/thor_boom_00004\r\n  rotate: false\r\n  xy: 708, 1512\r\n  size: 300, 300\r\n  orig: 300, 300\r\n  offset: 0, 0\r\n  index: -1\r\nboom/thor_boom_00006\r\n  rotate: false\r\n  xy: 1010, 1512\r\n  size: 300, 300\r\n  orig: 300, 300\r\n  offset: 0, 0\r\n  index: -1\r\nboom/thor_boom_00008\r\n  rotate: false\r\n  xy: 1312, 1512\r\n  size: 300, 300\r\n  orig: 300, 300\r\n  offset: 0, 0\r\n  index: -1\r\nboom/thor_boom_00010\r\n  rotate: false\r\n  xy: 1614, 1512\r\n  size: 300, 300\r\n  orig: 300, 300\r\n  offset: 0, 0\r\n  index: -1\r\nboom/thor_boom_00012\r\n  rotate: false\r\n  xy: 2, 1310\r\n  size: 300, 300\r\n  orig: 300, 300\r\n  offset: 0, 0\r\n  index: -1\r\nboom/thor_boom_00014\r\n  rotate: false\r\n  xy: 304, 1210\r\n  size: 300, 300\r\n  orig: 300, 300\r\n  offset: 0, 0\r\n  index: -1\r\nboom/thor_boom_00016\r\n  rotate: false\r\n  xy: 606, 1210\r\n  size: 300, 300\r\n  orig: 300, 300\r\n  offset: 0, 0\r\n  index: -1\r\nboom/thor_boom_00018\r\n  rotate: false\r\n  xy: 908, 1210\r\n  size: 300, 300\r\n  orig: 300, 300\r\n  offset: 0, 0\r\n  index: -1\r\nboom/thor_boom_00020\r\n  rotate: false\r\n  xy: 1210, 1210\r\n  size: 300, 300\r\n  orig: 300, 300\r\n  offset: 0, 0\r\n  index: -1\r\nboom/thor_boom_00022\r\n  rotate: false\r\n  xy: 1512, 1210\r\n  size: 300, 300\r\n  orig: 300, 300\r\n  offset: 0, 0\r\n  index: -1\r\nboom/thor_boom_00024\r\n  rotate: false\r\n  xy: 2, 1008\r\n  size: 300, 300\r\n  orig: 300, 300\r\n  offset: 0, 0\r\n  index: -1\r\nboom/thor_boom_00026\r\n  rotate: false\r\n  xy: 304, 908\r\n  size: 300, 300\r\n  orig: 300, 300\r\n  offset: 0, 0\r\n  index: -1\r\nboom/thor_boom_00028\r\n  rotate: false\r\n  xy: 606, 908\r\n  size: 300, 300\r\n  orig: 300, 300\r\n  offset: 0, 0\r\n  index: -1\r\nboom/thor_boom_00030\r\n  rotate: false\r\n  xy: 908, 908\r\n  size: 300, 300\r\n  orig: 300, 300\r\n  offset: 0, 0\r\n  index: -1\r\nboom_s/thor_boom_s_00012\r\n  rotate: false\r\n  xy: 1210, 908\r\n  size: 300, 300\r\n  orig: 300, 300\r\n  offset: 0, 0\r\n  index: -1\r\nboom_s/thor_boom_s_00014\r\n  rotate: false\r\n  xy: 1512, 908\r\n  size: 300, 300\r\n  orig: 300, 300\r\n  offset: 0, 0\r\n  index: -1\r\nboom_s/thor_boom_s_00016\r\n  rotate: false\r\n  xy: 2, 706\r\n  size: 300, 300\r\n  orig: 300, 300\r\n  offset: 0, 0\r\n  index: -1\r\nboom_s/thor_boom_s_00018\r\n  rotate: false\r\n  xy: 304, 606\r\n  size: 300, 300\r\n  orig: 300, 300\r\n  offset: 0, 0\r\n  index: -1\r\nboom_s/thor_boom_s_00020\r\n  rotate: false\r\n  xy: 606, 606\r\n  size: 300, 300\r\n  orig: 300, 300\r\n  offset: 0, 0\r\n  index: -1\r\nboom_s/thor_boom_s_00022\r\n  rotate: false\r\n  xy: 908, 606\r\n  size: 300, 300\r\n  orig: 300, 300\r\n  offset: 0, 0\r\n  index: -1\r\nboom_s/thor_boom_s_00024\r\n  rotate: false\r\n  xy: 1210, 606\r\n  size: 300, 300\r\n  orig: 300, 300\r\n  offset: 0, 0\r\n  index: -1\r\nboom_s/thor_boom_s_00026\r\n  rotate: false\r\n  xy: 1512, 606\r\n  size: 300, 300\r\n  orig: 300, 300\r\n  offset: 0, 0\r\n  index: -1\r\nboom_s/thor_boom_s_00028\r\n  rotate: false\r\n  xy: 2, 404\r\n  size: 300, 300\r\n  orig: 300, 300\r\n  offset: 0, 0\r\n  index: -1\r\nboom_s/thor_boom_s_00030\r\n  rotate: false\r\n  xy: 304, 304\r\n  size: 300, 300\r\n  orig: 300, 300\r\n  offset: 0, 0\r\n  index: -1\r\nboom_s/thor_boom_s_00032\r\n  rotate: false\r\n  xy: 606, 304\r\n  size: 300, 300\r\n  orig: 300, 300\r\n  offset: 0, 0\r\n  index: -1\r\nboom_s/thor_boom_s_00034\r\n  rotate: false\r\n  xy: 908, 304\r\n  size: 300, 300\r\n  orig: 300, 300\r\n  offset: 0, 0\r\n  index: -1\r\nboom_s/thor_boom_s_00036\r\n  rotate: false\r\n  xy: 1210, 304\r\n  size: 300, 300\r\n  orig: 300, 300\r\n  offset: 0, 0\r\n  index: -1\r\nboom_s/thor_boom_s_00038\r\n  rotate: false\r\n  xy: 1512, 304\r\n  size: 300, 300\r\n  orig: 300, 300\r\n  offset: 0, 0\r\n  index: -1\r\nboom_s/thor_boom_s_00040\r\n  rotate: false\r\n  xy: 2, 102\r\n  size: 300, 300\r\n  orig: 300, 300\r\n  offset: 0, 0\r\n  index: -1\r\nboom_s/thor_boom_s_00042\r\n  rotate: false\r\n  xy: 304, 2\r\n  size: 300, 300\r\n  orig: 300, 300\r\n  offset: 0, 0\r\n  index: -1\r\nboom_s/thor_boom_s_00044\r\n  rotate: false\r\n  xy: 606, 2\r\n  size: 300, 300\r\n  orig: 300, 300\r\n  offset: 0, 0\r\n  index: -1\r\nboom_s/thor_boom_s_00046\r\n  rotate: false\r\n  xy: 908, 2\r\n  size: 300, 300\r\n  orig: 300, 300\r\n  offset: 0, 0\r\n  index: -1\r\nboom_s/thor_boom_s_00048\r\n  rotate: false\r\n  xy: 1210, 2\r\n  size: 300, 300\r\n  orig: 300, 300\r\n  offset: 0, 0\r\n  index: -1\r\nthor_anina_icon_2_1\r\n  rotate: false\r\n  xy: 2, 1612\r\n  size: 200, 200\r\n  orig: 200, 200\r\n  offset: 0, 0\r\n  index: -1\r\nthor_anina_icon_2_2\r\n  rotate: false\r\n  xy: 204, 1612\r\n  size: 200, 200\r\n  orig: 200, 200\r\n  offset: 0, 0\r\n  index: -1\r\n",["thor_icon_2.png"],{"skeleton":{"hash":"g24bpvSMRFS2DMmOTApwZ05/IXc","spine":"3.8.99","images":"E:/新版UI/奥林匹斯/动画源文件/tu/lv","audio":"E:\\新版UI\\奥林匹斯\\动画\\图标\\lv"},"bones":[{"name":"root","scaleX":0.6,"scaleY":0.6},{"name":"thor_anina_icon_1","parent":"root","color":"ff15a0ff"},{"name":"bone","parent":"thor_anina_icon_1","x":0.59,"y":-131.56,"color":"abe323ff"},{"name":"bone2","parent":"thor_anina_icon_1","x":90.76,"y":-130.85},{"name":"boom","parent":"root","length":11.32,"rotation":90,"x":0.03,"y":2.75,"scaleX":2,"scaleY":2},{"name":"boom_s","parent":"thor_anina_icon_1","x":-14.58,"y":6.67,"scaleX":0.8,"scaleY":0.8,"color":"ff15a0ff"},{"name":"thor_anina_icon_2","parent":"thor_anina_icon_1","x":2.21,"color":"ff3131ff"}],"slots":[{"name":"boom","bone":"boom","attachment":"boom/thor_boom_00030"},{"name":"thor_anina_icon_2","bone":"thor_anina_icon_2","attachment":"thor_anina_icon_2_2"},{"name":"thor_anina_icon_1","bone":"thor_anina_icon_1","attachment":"thor_anina_icon_2_1"},{"name":"boom_s","bone":"boom_s","color":"ffffff34","attachment":"boom_s/thor_boom_s_00044","blend":"additive"}],"transform":[{"name":"bh1","target":"bone","local":true,"x":90.17,"y":0.71,"rotateMix":-0.505,"translateMix":-0.505,"scaleMix":-0.505,"shearMix":-0.505,"bones":["bone2"]}],"skins":[{"name":"default","attachments":{"boom":{"boom/thor_boom_00002":{"width":300,"height":300},"boom/thor_boom_00004":{"width":300,"height":300},"boom/thor_boom_00006":{"width":300,"height":300},"boom/thor_boom_00008":{"width":300,"height":300},"boom/thor_boom_00010":{"width":300,"height":300},"boom/thor_boom_00012":{"width":300,"height":300},"boom/thor_boom_00014":{"width":300,"height":300},"boom/thor_boom_00016":{"width":300,"height":300},"boom/thor_boom_00018":{"width":300,"height":300},"boom/thor_boom_00020":{"width":300,"height":300},"boom/thor_boom_00022":{"width":300,"height":300},"boom/thor_boom_00024":{"width":300,"height":300},"boom/thor_boom_00026":{"width":300,"height":300},"boom/thor_boom_00028":{"width":300,"height":300},"boom/thor_boom_00030":{"width":300,"height":300}},"boom_s":{"boom_s/thor_boom_s_00012":{"width":300,"height":300},"boom_s/thor_boom_s_00014":{"width":300,"height":300},"boom_s/thor_boom_s_00016":{"width":300,"height":300},"boom_s/thor_boom_s_00018":{"width":300,"height":300},"boom_s/thor_boom_s_00020":{"width":300,"height":300},"boom_s/thor_boom_s_00022":{"width":300,"height":300},"boom_s/thor_boom_s_00024":{"width":300,"height":300},"boom_s/thor_boom_s_00026":{"width":300,"height":300},"boom_s/thor_boom_s_00028":{"width":300,"height":300},"boom_s/thor_boom_s_00030":{"width":300,"height":300},"boom_s/thor_boom_s_00032":{"width":300,"height":300},"boom_s/thor_boom_s_00034":{"width":300,"height":300},"boom_s/thor_boom_s_00036":{"width":300,"height":300},"boom_s/thor_boom_s_00038":{"width":300,"height":300},"boom_s/thor_boom_s_00040":{"width":300,"height":300},"boom_s/thor_boom_s_00042":{"width":300,"height":300},"boom_s/thor_boom_s_00044":{"width":300,"height":300},"boom_s/thor_boom_s_00046":{"width":300,"height":300},"boom_s/thor_boom_s_00048":{"width":300,"height":300}},"thor_anina_icon_1":{"thor_anina_icon_2_1":{"type":"mesh","hull":47,"width":200,"height":200,"uvs":[0.94515,0.89736,0.75793,0.89736,0.49939,0.89736,0.26131,0.89736,0.04786,0.89736,0.04013,0.88858,0.03833,0.83728,0.11377,0.70636,0.16659,0.61471,0.15799,0.59235,0.15582,0.56049,0.17012,0.52734,0.19092,0.50264,0.22082,0.48444,0.25072,0.47534,0.26003,0.45826,0.25334,0.45023,0.25084,0.43853,0.25394,0.42523,0.2641,0.41447,0.2764,0.40697,0.292,0.40367,0.35197,0.30128,0.46486,0.10856,0.48346,0.08276,0.50146,0.07376,0.51931,0.08412,0.53136,0.10316,0.64909,0.30206,0.7072,0.40023,0.7276,0.40503,0.7408,0.41643,0.748,0.43263,0.7474,0.44343,0.739,0.45723,0.7486,0.47403,0.7732,0.48123,0.796,0.49623,0.8158,0.51543,0.8302,0.54063,0.83865,0.56934,0.83625,0.59094,0.83205,0.61457,0.88361,0.70461,0.95505,0.82937,0.95865,0.84257,0.96165,0.88428,0.12726,0.84819,0.87696,0.84819,0.9402,0.85125,0.91572,0.79617,0.87288,0.77169,0.75252,0.56769,0.73457,0.57261,0.71,0.57066,0.68738,0.56013,0.67529,0.54219,0.66905,0.52347,0.67295,0.50085,0.66282,0.48993,0.65619,0.47121,0.65736,0.456,0.66438,0.4404,0.67217,0.43026,0.52805,0.17709,0.49955,0.37389,0.47366,0.17072,0.32421,0.42993,0.32979,0.44094,0.33511,0.4531,0.33587,0.46659,0.33359,0.48103,0.32865,0.49319,0.32105,0.49775,0.32485,0.50745,0.32523,0.51866,0.32352,0.53177,0.32029,0.54564,0.30851,0.55704,0.3011,0.56597,0.28476,0.56996,0.26994,0.57186,0.25303,0.56787,0.24391,0.56654,0.12127,0.77771,0.23436,0.74156,0.15582,0.82049,0.83431,0.81945,0.75714,0.73675,0.6882,0.69492,0.66662,0.702,0.32077,0.69967,0.31364,0.69345,0.31205,0.67914,0.68859,0.68517,0.49948,0.09231,0.49951,0.1879,0.05963,0.84427,0.134,0.80055,0.86596,0.80482,0.30832,0.41453,0.17399,0.62936,0.19222,0.60911,0.20909,0.57131,0.22124,0.55714,0.23272,0.55309,0.27407,0.46447,0.28989,0.45995,0.29723,0.44922,0.28593,0.44018,0.29667,0.43509,0.30966,0.4447,0.31814,0.45826,0.31475,0.47521,0.30006,0.47973,0.29105,0.47634,0.19002,0.59356,0.19462,0.554,0.20796,0.53284,0.23556,0.51996,0.25718,0.52134,0.27512,0.53606,0.29628,0.53192,0.3018,0.51076,0.2857,0.49374,0.25994,0.49328,0.23602,0.50754,0.27117,0.45017,0.26557,0.43169,0.28125,0.41993,0.30421,0.42777,0.76567,0.55231,0.76734,0.54287,0.77955,0.55897,0.78565,0.57673,0.80619,0.60781,0.81507,0.61391,0.72738,0.51235,0.73626,0.52567,0.7246,0.53566,0.70407,0.53732,0.68964,0.52289,0.68853,0.50458,0.70962,0.49459,0.72516,0.49292,0.75568,0.50125,0.774,0.52456,0.78732,0.53399,0.79675,0.55397,0.80619,0.57451,0.80896,0.59005,0.72064,0.4621,0.70608,0.458,0.70335,0.44663,0.71291,0.44026,0.70608,0.43252,0.69152,0.4398,0.67878,0.45436,0.6756,0.46938,0.68697,0.47893,0.70563,0.47666,0.7211,0.4762,0.50032,0.84819,0.25945,0.84819,0.75421,0.84819,0.392,0.8204,0.65304,0.82031,0.49078,0.70081,0.40916,0.52105,0.58605,0.51632,0.496,0.47881,0.40552,0.61609,0.59688,0.62649,0.38062,0.33211,0.60582,0.31371,0.16363,0.70477,0.81547,0.67439,0.47355,0.12533,0.53245,0.12879,0.49953,0.27448],"triangles":[56,57,141,59,158,159,60,61,158,52,53,139,55,56,140,56,141,140,57,142,141,88,94,176,87,88,99,84,175,85,179,66,96,58,159,142,158,61,157,138,145,146,64,96,178,21,22,173,69,68,173,68,67,173,67,100,173,100,21,173,81,93,82,87,99,48,51,43,50,164,87,48,47,86,163,2,3,162,95,96,177,66,23,177,96,95,178,95,24,25,95,25,26,178,95,27,176,42,43,42,136,41,135,150,136,143,160,161,144,161,35,160,159,152,157,152,159,160,151,161,161,34,35,161,151,34,34,151,154,150,134,149,41,150,149,134,148,149,131,132,133,132,138,146,133,147,148,144,35,145,145,35,36,114,113,73,124,125,106,113,114,112,106,107,115,112,114,115,115,111,112,108,111,107,106,127,107,127,109,107,107,109,108,109,110,108,108,110,111,109,129,110,110,129,130,130,129,100,129,21,100,80,81,121,79,80,121,82,121,81,121,120,124,124,120,125,83,175,102,102,103,83,103,104,83,104,105,83,105,82,83,121,82,105,121,105,120,101,8,102,102,116,103,120,105,119,120,126,125,97,6,84,105,104,118,6,7,84,101,7,8,103,116,117,49,48,99,44,50,43,148,147,38,37,145,36,39,148,38,38,147,37,3,4,47,5,6,97,4,97,47,106,125,14,126,14,125,128,19,129,11,12,118,4,5,97,44,49,50,49,45,46,49,44,45,0,49,46,48,49,0,126,12,13,10,11,117,117,11,118,126,118,12,126,13,14,15,16,127,127,16,128,16,17,128,17,18,128,18,19,128,106,14,15,119,118,126,15,127,106,19,20,129,117,116,10,116,9,10,104,117,118,105,118,119,8,9,116,40,149,39,40,41,149,149,148,39,146,145,37,147,146,37,1,48,0,50,49,99,1,2,164,1,164,48,84,7,175,101,175,7,103,117,104,119,126,120,8,116,102,127,128,109,121,122,79,79,122,78,78,122,77,77,122,76,122,121,123,122,123,76,123,121,124,76,123,75,123,74,75,123,73,74,74,73,72,73,113,72,72,113,71,123,114,73,71,113,70,113,112,70,112,69,70,70,69,168,112,68,69,112,111,68,111,67,68,128,129,109,129,20,21,124,114,123,124,115,114,115,124,106,107,111,115,110,130,111,111,130,67,130,100,67,132,146,147,133,132,147,134,133,148,131,138,132,133,134,52,52,131,133,52,134,135,135,134,150,136,150,41,153,157,156,160,152,151,153,152,157,151,152,154,152,153,154,157,63,156,153,155,154,153,156,155,156,63,155,137,143,144,143,159,160,143,161,144,34,154,33,158,157,159,62,63,157,33,154,32,32,154,31,154,155,31,155,63,29,143,142,159,176,136,42,135,136,176,155,30,31,155,29,30,63,28,29,28,178,27,64,178,28,95,26,27,95,23,24,95,177,23,2,162,164,47,163,3,47,97,98,98,97,84,47,98,86,3,163,162,99,51,50,135,176,52,51,176,43,175,101,102,66,22,23,22,66,173,28,174,64,177,96,66,179,96,64,174,28,63,62,174,63,137,144,145,52,139,131,131,139,138,61,62,157,141,142,143,143,137,141,138,137,145,139,137,138,139,140,137,137,140,141,175,83,85,99,88,51,88,176,51,176,53,52,164,166,87,166,88,87,54,140,139,59,60,158,174,65,64,65,69,173,98,84,85,77,93,78,163,165,162,163,86,165,162,166,164,162,165,166,165,85,91,91,85,92,85,165,86,165,167,166,165,91,167,88,90,89,88,166,90,166,167,90,85,93,92,93,81,80,82,93,85,89,94,88,176,94,53,83,82,85,167,172,90,89,90,94,91,171,167,167,171,172,172,170,169,168,170,171,171,170,172,171,91,93,94,90,172,91,92,93,94,54,53,55,169,56,94,55,54,80,79,93,93,168,171,169,55,94,56,169,57,169,94,172,168,93,77,55,140,54,53,54,139,169,59,57,57,58,142,57,59,58,65,170,168,169,60,59,60,169,61,58,59,159,65,61,169,69,65,168,65,169,170,61,65,62,65,66,179,173,66,65,64,65,179,79,78,93,168,77,76,168,76,75,168,75,74,168,74,72,72,71,168,71,70,168,86,98,85,65,174,62],"vertices":[2,2,88.44,52.09,0.22776,3,-1.73,51.38,0.77224,2,2,50.99,52.09,0.27533,3,-39.18,51.38,0.72467,2,2,-0.72,52.09,0.31384,3,-90.89,51.38,0.68616,2,2,-48.33,52.09,0.33767,3,-138.5,51.38,0.66233,2,2,-91.02,52.09,0.17911,3,-181.19,51.38,0.82089,2,2,-92.57,53.84,0.23521,3,-182.74,53.13,0.76479,2,2,-92.93,64.1,0.36432,3,-183.1,63.39,0.63568,2,2,-77.84,90.29,0.37628,3,-168.01,89.58,0.62372,2,2,-67.28,108.62,0.38848,3,-157.45,107.91,0.61152,2,2,-69,113.09,0.30385,3,-159.17,112.38,0.69615,2,2,-69.43,119.46,0.195,3,-159.6,118.75,0.805,2,2,-66.57,126.09,0.13621,3,-156.74,125.38,0.86379,2,2,-62.41,131.03,0.12216,3,-152.58,130.32,0.87784,2,2,-56.43,134.67,0.24973,3,-146.6,133.96,0.75027,2,2,-50.45,136.49,0.35468,3,-140.62,135.78,0.64532,2,2,-48.59,139.91,0.31185,3,-138.76,139.2,0.68815,2,2,-49.93,141.51,0.28336,3,-140.1,140.8,0.71664,2,2,-50.43,143.85,0.26804,3,-140.6,143.14,0.73196,2,2,-49.81,146.51,0.20937,3,-139.98,145.8,0.79063,2,2,-47.77,148.66,0.18439,3,-137.94,147.95,0.81561,2,2,-45.31,150.16,0.21461,3,-135.48,149.45,0.78539,2,2,-42.19,150.82,0.28606,3,-132.36,150.11,0.71394,2,2,-30.2,171.3,0.25185,3,-120.37,170.59,0.74815,2,2,-7.62,209.85,0.25727,3,-97.79,209.14,0.74273,2,2,-3.9,215.01,0.35794,3,-94.07,214.3,0.64206,2,2,-0.3,216.81,0.40517,3,-90.47,216.1,0.59483,2,2,1.79,215.9,0.34014,3,-88.38,215.19,0.65986,2,2,4.14,214.89,0.27722,3,-86.03,214.18,0.72278,2,2,28.72,172.46,0.32437,3,-61.45,171.75,0.67563,2,2,40.85,151.51,0.38042,3,-49.32,150.8,0.61958,2,2,44.93,150.55,0.33618,3,-45.24,149.84,0.66382,2,2,47.57,148.27,0.38818,3,-42.6,147.56,0.61182,2,2,49.01,145.03,0.42218,3,-41.16,144.32,0.57782,2,2,48.89,142.87,0.42783,3,-41.28,142.16,0.57217,2,2,47.21,140.11,0.39118,3,-42.96,139.4,0.60882,2,2,49.13,136.75,0.36821,3,-41.04,136.04,0.63179,2,2,54.05,135.31,0.2992,3,-36.12,134.6,0.7008,2,2,58.61,132.31,0.28044,3,-31.56,131.6,0.71956,2,2,62.57,128.47,0.25688,3,-27.6,127.76,0.74312,2,2,65.45,123.43,0.2616,3,-24.72,122.72,0.7384,2,2,67.14,117.69,0.25606,3,-23.03,116.98,0.74394,2,2,66.66,113.37,0.24769,3,-23.51,112.66,0.75231,2,2,65.82,108.64,0.19484,3,-24.35,107.93,0.80516,2,2,76.13,90.64,0.18707,3,-14.04,89.93,0.81293,2,2,90.42,65.68,0.17993,3,0.25,64.97,0.82007,2,2,91.14,63.04,0.16262,3,0.97,62.33,0.83738,2,2,91.74,54.7,0.16641,3,1.57,53.99,0.83359,2,2,-75.14,61.92,0.33197,3,-165.31,61.21,0.66803,2,2,74.8,61.92,0.34474,3,-15.37,61.21,0.65526,2,2,87.45,61.31,0.21669,3,-2.72,60.6,0.78331,2,2,82.55,72.32,0.30029,3,-7.62,71.61,0.69971,2,2,73.98,77.22,0.38355,3,-16.19,76.51,0.61645,2,2,49.91,118.02,0.47656,3,-40.26,117.31,0.52344,2,2,46.32,117.04,0.55363,3,-43.85,116.33,0.44637,2,2,41.41,117.43,0.58601,3,-48.76,116.72,0.41399,2,2,36.88,119.53,0.5316,3,-53.29,118.82,0.4684,2,2,34.47,123.12,0.5219,3,-55.7,122.41,0.4781,2,2,33.22,126.86,0.56014,3,-56.95,126.15,0.43986,2,2,34,131.39,0.60165,3,-56.17,130.68,0.39835,2,2,31.97,133.57,0.55445,3,-58.2,132.86,0.44555,2,2,30.64,137.32,0.49464,3,-59.53,136.61,0.50536,2,2,30.88,140.36,0.45839,3,-59.29,139.65,0.54161,2,2,32.28,143.48,0.44465,3,-57.89,142.77,0.55535,2,2,33.84,145.51,0.42385,3,-56.33,144.8,0.57615,2,2,5.02,196.14,0.34557,3,-85.15,195.43,0.65443,2,2,-1.84,156.55,0.79389,3,-92.01,155.84,0.20611,2,2,-5.86,197.41,0.44271,3,-96.03,196.7,0.55729,2,2,-35.75,145.57,0.37599,3,-125.92,144.86,0.62401,2,2,-34.64,143.37,0.36158,3,-124.81,142.66,0.63842,2,2,-33.57,140.94,0.39336,3,-123.74,140.23,0.60664,2,2,-33.42,138.24,0.42157,3,-123.59,137.53,0.57843,2,2,-33.88,135.35,0.42886,3,-124.05,134.64,0.57114,2,2,-34.86,132.92,0.43133,3,-125.03,132.21,0.56867,2,2,-36.38,132.01,0.41556,3,-126.55,131.3,0.58444,2,2,-35.62,130.07,0.43319,3,-125.79,129.36,0.56681,2,2,-35.55,127.83,0.42552,3,-125.72,127.12,0.57448,2,2,-35.89,125.21,0.42955,3,-126.06,124.5,0.57045,2,2,-36.54,122.43,0.44991,3,-126.71,121.72,0.55009,2,2,-38.89,120.15,0.45769,3,-129.06,119.44,0.54231,2,2,-40.37,118.37,0.49198,3,-130.54,117.66,0.50802,2,2,-43.64,117.57,0.46605,3,-133.81,116.86,0.53395,2,2,-46.61,117.19,0.42519,3,-136.77,116.48,0.57481,2,2,-49.99,117.99,0.40985,3,-140.16,117.28,0.59015,2,2,-51.81,118.25,0.38714,3,-141.98,117.54,0.61286,2,2,-76.34,76.02,0.3214,3,-166.51,75.31,0.6786,2,2,-53.72,83.25,0.72396,3,-143.89,82.54,0.27604,2,2,-69.43,67.46,0.42752,3,-159.6,66.75,0.57248,2,2,67.53,67.51,0.30215,3,-22.64,66.8,0.69785,2,2,50.83,84.21,0.39814,3,-39.34,83.5,0.60186,2,2,36.55,92.07,0.60649,3,-53.62,91.36,0.39351,2,2,32.73,92.39,0.64895,3,-57.44,91.68,0.35105,2,2,-35.48,90.8,0.60763,3,-125.65,90.09,0.39237,2,2,-37.87,92.87,0.61987,3,-128.04,92.16,0.38013,2,2,-38.18,95.73,0.64,3,-128.35,95.02,0.36,2,2,37.12,94.53,0.59891,3,-53.05,93.82,0.40109,2,2,-0.7,213.1,0.30893,3,-90.87,212.39,0.69107,2,2,-1.09,193.9,0.4429,3,-91.26,193.19,0.5571,2,2,-88.67,62.7,0.31247,3,-178.84,61.99,0.68753,2,2,-73.79,71.45,0.47148,3,-163.96,70.74,0.52852,2,2,72.6,70.6,0.40079,3,-17.57,69.89,0.59921,2,2,-38.93,148.65,0.35229,3,-129.1,147.94,0.64771,2,2,-65.8,105.69,0.30985,3,-155.97,104.98,0.69015,2,2,-62.15,109.74,0.32531,3,-152.32,109.03,0.67469,2,2,-58.78,117.3,0.34615,3,-148.95,116.59,0.65385,2,2,-56.35,120.13,0.36668,3,-146.52,119.42,0.63332,2,2,-54.05,120.94,0.37352,3,-144.22,120.23,0.62648,2,2,-45.78,138.66,0.34099,3,-135.95,137.95,0.65901,2,2,-42.62,139.57,0.35294,3,-132.79,138.86,0.64706,2,2,-41.15,141.71,0.33137,3,-131.32,141,0.66863,2,2,-43.41,143.52,0.31692,3,-133.58,142.81,0.68308,2,2,-41.26,144.54,0.33395,3,-131.43,143.83,0.66605,2,2,-38.66,142.62,0.34694,3,-128.83,141.91,0.65306,2,2,-36.97,139.91,0.36858,3,-127.14,139.2,0.63142,2,2,-37.64,136.52,0.39476,3,-127.81,135.81,0.60524,2,2,-40.58,135.61,0.40921,3,-130.75,134.9,0.59079,2,2,-42.96,136.29,0.4074,3,-133.13,135.58,0.5926,2,2,-62.59,112.85,0.34899,3,-152.76,112.14,0.65101,2,2,-61.67,120.76,0.32752,3,-151.84,120.05,0.67248,2,2,-59,124.99,0.30672,3,-149.17,124.28,0.69328,2,2,-53.48,127.57,0.38471,3,-143.65,126.86,0.61529,2,2,-49.16,127.29,0.45195,3,-139.33,126.58,0.54805,2,2,-45.57,124.35,0.42988,3,-135.74,123.64,0.57012,2,2,-41.34,125.17,0.42656,3,-131.51,124.46,0.57344,2,2,-40.23,129.41,0.43533,3,-130.4,128.7,0.56467,2,2,-43.78,132.81,0.46008,3,-133.95,132.1,0.53992,2,2,-48.67,132.9,0.44345,3,-138.84,132.19,0.55655,2,2,-53.4,130.05,0.37189,3,-143.57,129.34,0.62811,2,2,-46.36,141.52,0.30082,3,-136.53,140.81,0.69918,2,2,-47.48,145.22,0.24146,3,-137.65,144.51,0.75854,2,2,-44.34,147.57,0.24101,3,-134.51,146.86,0.75899,2,2,-39.75,146,0.34381,3,-129.92,145.29,0.65619,2,2,52.54,121.1,0.4076,3,-37.63,120.39,0.5924,2,2,52.87,122.98,0.39743,3,-37.3,122.27,0.60257,2,2,55.32,119.76,0.28874,3,-34.85,119.05,0.71126,2,2,56.54,116.21,0.28975,3,-33.63,115.5,0.71025,2,2,60.64,110,0.29757,3,-29.53,109.29,0.70243,2,2,62.42,108.78,0.25766,3,-27.75,108.07,0.74234,2,2,44.88,129.09,0.45241,3,-45.29,128.38,0.54759,2,2,46.66,126.42,0.42891,3,-43.51,125.71,0.57109,2,2,44.33,124.43,0.46217,3,-45.84,123.72,0.53783,2,2,40.22,124.09,0.42718,3,-49.95,123.38,0.57282,2,2,37.33,126.98,0.39338,3,-52.84,126.27,0.60662,2,2,37.11,130.64,0.37692,3,-53.06,129.93,0.62308,2,2,41.33,132.64,0.32992,3,-48.84,131.93,0.67008,2,2,44.44,132.97,0.3389,3,-45.73,132.26,0.6611,2,2,50.54,131.31,0.43457,3,-39.63,130.6,0.56543,2,2,54.21,126.65,0.38669,3,-35.96,125.94,0.61331,2,2,56.87,124.76,0.29074,3,-33.3,124.05,0.70926,2,2,58.76,120.76,0.26749,3,-31.41,120.05,0.73251,2,2,60.64,116.66,0.23936,3,-29.53,115.95,0.76064,2,2,61.2,113.55,0.28622,3,-28.97,112.84,0.71378,2,2,43.53,139.14,0.34729,3,-46.64,138.43,0.65271,2,2,40.62,139.96,0.28078,3,-49.55,139.25,0.71922,2,2,40.08,142.23,0.34347,3,-50.09,141.52,0.65653,2,2,41.99,143.51,0.3491,3,-48.18,142.8,0.6509,2,2,40.62,145.05,0.35518,3,-49.55,144.34,0.64482,2,2,37.71,143.6,0.36222,3,-52.46,142.89,0.63778,2,2,35.16,140.69,0.35962,3,-55.01,139.98,0.64038,2,2,34.53,137.68,0.36626,3,-55.64,136.97,0.63374,2,2,36.8,135.77,0.39197,3,-53.37,135.06,0.60803,2,2,40.53,136.23,0.2994,3,-49.64,135.52,0.7006,2,2,43.63,136.32,0.36725,3,-46.54,135.61,0.63275,2,2,-0.53,61.92,0.40188,3,-90.7,61.21,0.59812,2,2,-48.7,61.92,0.41549,3,-138.87,61.21,0.58451,2,2,50.25,61.92,0.38526,3,-39.92,61.21,0.61474,2,2,-22.19,67.48,0.79056,3,-112.36,66.77,0.20945,2,2,30.01,67.5,0.72766,3,-60.16,66.79,0.27234,2,2,-1.95,91.58,0.72579,3,-92.12,90.87,0.27421,2,2,-19.36,127.23,0.66898,3,-109.53,126.52,0.33102,2,2,15.99,128.17,0.73,3,-74.18,127.46,0.27,2,2,-2.16,135.64,0.92681,3,-92.33,134.93,0.07319,2,2,-19.61,108.34,0.89185,3,-109.78,107.63,0.10815,2,2,18.63,106.72,0.96172,3,-71.54,106.01,0.03828,2,2,-24.47,165.14,0.41495,3,-114.64,164.43,0.58505,2,2,20.57,168.82,0.37017,3,-69.6,168.11,0.62983,2,2,-67.87,90.6,0.32984,3,-158.04,89.89,0.67016,2,2,62.5,96.68,0.40009,3,-27.67,95.97,0.59991,2,2,-5.88,206.49,0.23801,3,-96.05,205.78,0.76199,2,2,4.84,208.53,0.27535,3,-85.33,207.82,0.72465,2,2,-1.44,176.51,0.591,3,-91.61,175.8,0.409],"edges":[8,10,10,12,16,18,18,20,20,22,22,24,24,26,26,28,28,30,30,32,32,34,34,36,36,38,38,40,40,42,46,48,48,50,58,60,60,62,62,64,64,66,66,68,68,70,70,72,72,74,74,76,76,78,78,80,80,82,82,84,88,90,90,92,0,92,96,98,98,100,100,102,104,106,106,108,108,110,110,112,112,114,114,116,116,118,118,120,120,122,122,124,124,126,128,130,130,132,134,136,136,138,138,140,140,142,142,144,144,146,146,148,148,150,150,152,152,154,154,156,156,158,158,160,160,162,162,164,164,166,168,170,170,172,172,94,174,176,176,102,176,178,178,180,182,184,184,186,192,190,170,196,196,194,98,198,198,176,134,200,200,42,16,202,202,204,204,206,206,208,208,210,210,166,30,212,212,214,214,216,216,218,218,220,220,222,222,224,224,226,226,228,228,230,230,222,104,262,262,264,264,266,266,268,268,270,270,272,272,84,68,302,302,304,304,306,306,308,308,310,310,312,312,314,314,316,316,318,318,320,320,322,322,70,50,52,52,54,94,194,194,168,196,94,196,172,196,168,96,174,94,326,326,324,96,328,328,324,4,6,6,8,0,2,2,4,172,330,174,332,332,330,180,334,334,182,130,336,336,186,130,338,338,188,132,346,346,134,42,44,44,46,126,348,348,128,54,56,56,58,12,14,14,16,166,350,350,168,102,352,352,104,84,86,86,88,170,184,132,354,354,190,190,356,356,128,130,358,358,192,178,188]}},"thor_anina_icon_2":{"thor_anina_icon_2_2":{"x":-2.11,"width":200,"height":200}}}}],"animations":{"anina_icon_2":{"slots":{"boom":{"attachment":[{"name":null},{"time":1.3333,"name":"boom/thor_boom_00002"},{"time":1.3667,"name":"boom/thor_boom_00004"},{"time":1.4,"name":"boom/thor_boom_00006"},{"time":1.4333,"name":"boom/thor_boom_00008"},{"time":1.4667,"name":"boom/thor_boom_00010"},{"time":1.5,"name":"boom/thor_boom_00012"},{"time":1.5333,"name":"boom/thor_boom_00014"},{"time":1.5667,"name":"boom/thor_boom_00016"},{"time":1.6,"name":"boom/thor_boom_00018"},{"time":1.6333,"name":"boom/thor_boom_00020"},{"time":1.6667,"name":"boom/thor_boom_00022"},{"time":1.7,"name":"boom/thor_boom_00024"},{"time":1.7333,"name":"boom/thor_boom_00026"},{"time":1.7667,"name":"boom/thor_boom_00028"},{"time":1.8,"name":"boom/thor_boom_00030"},{"time":1.8333,"name":null}]},"boom_s":{"attachment":[{"name":null},{"time":0.6667,"name":"boom_s/thor_boom_s_00012"},{"time":0.7,"name":"boom_s/thor_boom_s_00014"},{"time":0.7333,"name":"boom_s/thor_boom_s_00016"},{"time":0.7667,"name":"boom_s/thor_boom_s_00018"},{"time":0.8,"name":"boom_s/thor_boom_s_00020"},{"time":0.8333,"name":"boom_s/thor_boom_s_00022"},{"time":0.8667,"name":"boom_s/thor_boom_s_00024"},{"time":0.9,"name":"boom_s/thor_boom_s_00026"},{"time":0.9333,"name":"boom_s/thor_boom_s_00028"},{"time":0.9667,"name":"boom_s/thor_boom_s_00030"},{"time":1,"name":"boom_s/thor_boom_s_00032"},{"time":1.0333,"name":"boom_s/thor_boom_s_00034"},{"time":1.0667,"name":"boom_s/thor_boom_s_00036"},{"time":1.1,"name":"boom_s/thor_boom_s_00038"},{"time":1.1333,"name":"boom_s/thor_boom_s_00040"},{"time":1.1667,"name":"boom_s/thor_boom_s_00042"},{"time":1.2,"name":"boom_s/thor_boom_s_00044"},{"time":1.2333,"name":"boom_s/thor_boom_s_00046"},{"time":1.2667,"name":"boom_s/thor_boom_s_00048"},{"time":1.3,"name":null}]}},"bones":{"boom_s":{"translate":[{"x":2.87,"y":-13.37},{"time":0.7667,"x":6.72,"y":-17.65}]},"thor_anina_icon_1":{"scale":[{"curve":0.398,"c3":0.402,"c4":0.55},{"time":1.3333,"x":1.4,"y":1.4,"curve":0.25,"c3":0.75},{"time":1.5}]},"thor_anina_icon_2":{"translate":[{},{"time":0.6667,"x":6.57,"y":-1.81},{"time":1.3333,"x":-7,"y":-1.81},{"time":1.5}]},"bone":{"translate":[{"curve":0.25,"c3":0.75},{"time":0.6667,"x":-13.09,"curve":0.25,"c3":0.75},{"time":1.3333,"x":13.05},{"time":1.5}]}}}}},[0]]],0,0,[0],[-1],[0]]
