[1,["147af5df7@6c48a"],["_textureSource"],["cc.SpriteFrame","cc.SpriteAtlas"],0,[[[{"name":"titile_phoenix_sgChoose","rect":{"x":3,"y":767,"width":340,"height":44},"offset":{"x":0,"y":0},"originalSize":{"width":340,"height":44},"rotated":false,"capInsets":[0,0,0,0],"packable":true,"pixelsToUnit":100,"pivot":{"x":0.5,"y":0.5},"meshType":0}],[0],0,[0],[0],[0]],[[{"name":"img_phoenix_bgBlue","rect":{"x":3,"y":3,"width":978,"height":563},"offset":{"x":0,"y":0},"originalSize":{"width":978,"height":563},"rotated":false,"capInsets":[0,0,0,0],"packable":true,"pixelsToUnit":100,"pivot":{"x":0.5,"y":0.5},"meshType":0}],[0],0,[0],[0],[0]],[[{"name":"img_rule_in","rect":{"x":987,"y":210,"width":26,"height":26},"offset":{"x":0,"y":0},"originalSize":{"width":26,"height":26},"rotated":false,"capInsets":[0,0,0,0],"packable":true,"pixelsToUnit":100,"pivot":{"x":0.5,"y":0.5},"meshType":0}],[0],0,[0],[0],[0]],[[{"name":"number","rect":{"x":185,"y":572,"width":325,"height":38},"offset":{"x":5.5,"y":0.5},"originalSize":{"width":336,"height":39},"rotated":false,"capInsets":[0,0,0,0],"packable":true,"pixelsToUnit":100,"pivot":{"x":0.5,"y":0.5},"meshType":0}],[0],0,[0],[0],[0]],[[{"name":"img_phoenix_iconIn","rect":{"x":3,"y":572,"width":189,"height":176},"offset":{"x":0,"y":0},"originalSize":{"width":191,"height":176},"rotated":true,"capInsets":[0,0,0,0],"packable":true,"pixelsToUnit":100,"pivot":{"x":0.5,"y":0.5},"meshType":0}],[0],0,[0],[0],[0]],[[{"name":"word_phoenix_total","rect":{"x":987,"y":3,"width":201,"height":34},"offset":{"x":0,"y":0},"originalSize":{"width":201,"height":34},"rotated":true,"capInsets":[0,0,0,0],"packable":true,"pixelsToUnit":100,"pivot":{"x":0.5,"y":0.5},"meshType":0}],[0],0,[0],[0],[0]],[[{"name":"auto_phoenix","spriteFrames":["img_phoenix_bgBlue","41w68m8LBLorKADEs4QOe6@f9941","word_phoenix_total","8ff/oAv/BGp6LyL7h/SvkJ@f9941","img_rule_in","61lxLp5fxMZJv5jc10C/j2@f9941","img_rule_off","a3l6+kPN9DMpQ4zOsVIyyH@f9941","img_phoenix_iconIn","74JkJ1IjlFsbUp2PcYqxdm@f9941","titile_phoenix_sgChoose","2dt6dBzshArqDs2RjUlvlk@f9941","number","6efIf2uGZL2IYh2A7QpzKF@f9941","btn_rule_close","f63ajxEsNIapeb+sJQPifO@f9941","img_roller_bgUp","99kqHov3dICoVVYRYjuBJB@f9941","img_phoenix_bgRed","c3LEssRDlI4ZwsSQ+q2KnC@f9941","img_rule_bg","ecTWfwQJJFSKtaO+NDAIC4@f9941","img_result_bg","15o9a+oPxMfouuZyTFCcQz@f9941","img_rule_3","11+u9pMLZH1pNY9PN576sT@f9941","img_rule_2","3eziNwTeJNupHKn9CnmLWd@f9941","img_rule_1","3fRYV4FkJHvrb5nlfai/86@f9941"]}],[1],0,[],[],[]],[[{"name":"img_rule_off","rect":{"x":987,"y":242,"width":26,"height":26},"offset":{"x":0,"y":0},"originalSize":{"width":26,"height":26},"rotated":false,"capInsets":[0,0,0,0],"packable":true,"pixelsToUnit":100,"pivot":{"x":0.5,"y":0.5},"meshType":0}],[0],0,[0],[0],[0]],[[{"name":"btn_rule_close","rect":{"x":185,"y":616,"width":42,"height":42},"offset":{"x":0,"y":0},"originalSize":{"width":42,"height":42},"rotated":false,"capInsets":[0,0,0,0],"packable":true,"pixelsToUnit":100,"pivot":{"x":0.5,"y":0.5},"meshType":0}],[0],0,[0],[0],[0]]]]
