[1,["56oQLtCFhFQ6CE3VLE+Q1x@6c48a"],["_textureSource"],["cc.SpriteFrame"],0,[{"name":"sb_lbjs_JACKPOT","rect":{"x":0,"y":14,"width":2015,"height":985},"offset":{"x":-16.5,"y":5.5},"originalSize":{"width":2048,"height":1024},"rotated":false,"capInsets":[0,0,0,0],"vertices":{"rawPosition":[-1007.5,-492.5,0,1007.5,-492.5,0,-1007.5,492.5,0,1007.5,492.5,0],"indexes":[0,1,2,2,1,3],"uv":[0,1010,2015,1010,0,25,2015,25],"nuv":[0,0.0244140625,0.98388671875,0.0244140625,0,0.986328125,0.98388671875,0.986328125],"minPos":{"x":-1007.5,"y":-492.5,"z":0},"maxPos":{"x":1007.5,"y":492.5,"z":0}},"packable":true,"pixelsToUnit":100,"pivot":{"x":0.5,"y":0.5},"meshType":0}],[0],0,[0],[0],[0]]
