[1,["492097d8-c400-4e25-bdd1-f56110cb73a9","a8f50203-79de-4a20-bece-b2fb8433bf22","bec25ddc-90ed-4d9b-99e4-2049007d3662@f9941","ed5fb8f9-72de-4f58-aa85-f2245b4c4b73@f9941","d5be004b-d3f2-42c9-a72f-acf6277b0917@f9941","a5da4bef-3c77-4046-b075-cf565f77b5ff@f9941","164a135b-01fd-42c6-aeec-35a06415d5df@f9941","06d9933c-4226-4fe1-aaff-5b7f79a77f7a","62614e77-1263-4e51-b32b-006d5b686c7d@6c48a","614fabce-2b20-432c-9c14-27aa736175cf@f9941","8355c2f1-3f72-4332-9880-d9d48a1f7efa","eb428d99-5144-48bc-8c4f-013cdd44d770","49b560f2-df8a-442b-ba63-780ddc07abf4@f9941","9898a66a-cf1b-4f17-beeb-20ca8fd323f0@f9941","59166a10-42cb-4ce9-bf75-e3099fa2254d","f3391186-9d61-4caa-aad6-e7b040569c51@f9941","62614e77-1263-4e51-b32b-006d5b686c7d@f9941"],["node","_spriteFrame","_atlas","_target","_normalSprite","_parent","_font","_defaultClip","_textureSource","root","data","spriteFrame"],[["cc.Node",["_name","_active","_components","_prefab","_lpos","_parent","_children"],1,9,4,5,1,2],["cc.Sprite",["_sizeMode","_type","_isTrimmedMode","node","__prefab","_spriteFrame","_atlas"],0,1,4,6,6],["cc.UITransform",["node","__prefab","_contentSize","_anchorPoint"],3,1,4,5,5],["cc.Button",["_transition","_zoomScale","node","__prefab","_normalColor","_target","_normalSprite"],1,1,4,5,1,6],["cc.Label",["_string","_actualFontSize","_fontSize","_enableWrapText","_isSystemFontUsed","_spacingX","_lineHeight","_overflow","node","__prefab","_font"],-5,1,4,6],"cc.SpriteFrame",["cc.Prefab",["_name"],2],["cc.CompPrefabInfo",["fileId"],2],["cc.Widget",["_alignFlags","_originalWidth","node","__prefab"],1,1,4],["cc.PrefabInfo",["fileId","instance","targetOverrides","nestedPrefabInstanceRoots","root","asset"],-1,1,1],["cc.BlockInputEvents",["_enabled","node","__prefab"],2,1,4],["cc.Animation",["node","__prefab","_clips","_defaultClip"],3,1,4,3,6],["cc.BitmapFont",["_name","fontSize","fntConfig"],0]],[[7,0,2],[9,0,1,2,3,4,5,5],[2,0,1,2,1],[0,0,5,2,3,4,2],[1,0,2,3,4,5,6,3],[3,0,1,2,3,4,5,6,3],[0,0,6,2,3,4,2],[11,0,1,2,3,1],[6,0,2],[0,0,6,2,3,2],[0,0,5,6,2,3,4,2],[0,0,1,5,2,3,4,3],[0,0,5,2,3,2],[0,0,1,5,6,2,3,4,3],[2,0,1,2,3,1],[8,0,1,2,3,3],[10,0,1,2,2],[3,0,1,2,3,3],[1,3,4,5,6,1],[1,1,0,3,4,5,6,3],[1,0,3,4,5,6,2],[4,0,1,2,6,3,4,5,8,9,10,8],[4,0,1,2,7,3,4,5,8,9,10,8],[12,0,1,2,4]],[[[{"name":"shuzi_xiazhujine_0","rect":{"x":1,"y":1,"width":287,"height":57},"offset":{"x":-5.5,"y":120.5},"originalSize":{"width":300,"height":300},"rotated":false,"capInsets":[0,0,0,0],"vertices":{"rawPosition":[-143.5,-28.5,0,143.5,-28.5,0,-143.5,28.5,0,143.5,28.5,0],"indexes":[0,1,2,2,1,3],"uv":[1,299,288,299,1,242,288,242],"nuv":[0.0033333333333333335,0.8066666666666666,0.96,0.8066666666666666,0.0033333333333333335,0.9966666666666667,0.96,0.9966666666666667],"minPos":{"x":-143.5,"y":-28.5,"z":0},"maxPos":{"x":143.5,"y":28.5,"z":0}},"packable":true,"pixelsToUnit":100,"pivot":{"x":0.5,"y":0.5},"meshType":0}],[5],0,[0],[8],[8]],[[[8,"prefab_fruits777_header_new"],[9,"prefab_fruits777_header_new",[-4],[[2,-2,[0,"2aNkTVa5ZBfJBjBvimNDIb"],[5,1334,750]],[15,41,1624,-3,[0,"a3aXaRMGlJC5BD+yTI43Te"]]],[1,"15rBqZSd9PeqXt+BSNJ0+H",null,null,null,-1,0]],[6,"props_layout_gold",[-8,-9,-10,-11,-12],[[2,-5,[0,"9069Skyx5PqJ4WHwzJ9l79"],[5,244,50]],[16,false,-6,[0,"2etEkFI9JDB6pFbISfbwRf"]],[17,3,0.9,-7,[0,"43lr9A+p9IIZOX1k+75Q91"]]],[1,"a93vfwY29CVKA7kzSv2UGV",null,null,null,1,0],[1,-533,-3,0]],[6,"props_spr_menu_bg",[-16,-17,-18,-19],[[14,-13,[0,"f4AweojrxBPavsMdV2BZuG"],[5,140,296],[0,0.5,1]],[18,-14,[0,"d35GUfRY5O0YAwbR9P8zO+"],25,26],[7,-15,[0,"0aDGhUQdZBRa/N2w33A6Nt"],[27],28]],[1,"5fD2/yjctI3qNwZOB/Kgeo",null,null,null,1,0],[1,579,298,0]],[10,"spr_up_bg",1,[2,-21,-22],[[2,-20,[0,"7axtvvAEtCK7uHiK0kynVM"],[5,1334,100]]],[1,"029kj5JX1HdIN3khAAa6CB",null,null,null,1,0],[1,0,340,0]],[3,"props_btn_up_menu",4,[[2,-23,[0,"71IheYnR9Oh6ErzRxx/r8f"],[5,85,64]],[19,1,2,-24,[0,"53zUGMVP9Cd7NLjOC+TiTo"],10,11],[5,3,0.9,-26,[0,"5824BZ7txIhLZeqGoCuMsf"],[4,4292269782],-25,12]],[1,"78Q0m6mV1GXbc8M26OHINo",null,null,null,1,0],[1,612.5,-7,0]],[3,"props_btn_up_home",3,[[2,-27,[0,"9frQSvBXpNEb8+DEqRZXLP"],[5,104,66]],[4,2,false,-28,[0,"5cA87H58xLQqOImQcXW0AR"],13,14],[5,3,0.9,-30,[0,"37sGaQ3O5Cl5L/pnP6wuwv"],[4,4292269782],-29,15]],[1,"9aDGJwZ5JChIkcC5jR03hl",null,null,null,1,0],[1,0,-46,0]],[3,"props_btn_vip",3,[[2,-31,[0,"c4D4j/Q7dCOpDDM/mUSbRf"],[5,104,66]],[4,2,false,-32,[0,"84hqMyir1IG5JR8dIwJKEv"],16,17],[5,3,0.9,-34,[0,"36aJg/krJL/KjIBRlmP19U"],[4,4292269782],-33,18]],[1,"66C7OsyAZHzJPny/ZxBAth",null,null,null,1,0],[1,0,-115.33333333333337,0]],[3,"props_btn_info",3,[[2,-35,[0,"e9Q1r8mJBDFY2Scm4Y6nsJ"],[5,104,66]],[4,2,false,-36,[0,"72voCZujNLQqosxpFZk4At"],19,20],[5,3,0.9,-38,[0,"9flsQyLNZIyqieHgQZiYG+"],[4,4292269782],-37,21]],[1,"1f7vqPoOVDgpZmGy1TcH4l",null,null,null,1,0],[1,0,-184.66666666666669,0]],[3,"props_btn_up_set",3,[[2,-39,[0,"59aoDXdh1F5pWwtV4I/G4e"],[5,104,66]],[4,2,false,-40,[0,"404s4I3gtJaK5PJMNrhD+X"],22,23],[5,3,0.9,-42,[0,"bbBt1linpJVL4fhjQuVm/W"],[4,4292269782],-41,24]],[1,"8feUmQVQdJNLTXUp4x+wV5",null,null,null,1,0],[1,0,-254,0]],[11,"props_label_number2",false,2,[[2,-43,[0,"14evIJ5LhHeKzSA2gCzOUC"],[5,51.88,25]],[21,"+1,000",20,20,25,false,false,-2,-44,[0,"8eMnW8RjJAWKR2GLsPZ/C+"],3],[7,-45,[0,"b51laCTX9FFqReDkFqvN1T"],[4],5]],[1,"53246HoPZHgYG8NRQKG8kV",null,null,null,1,0],[1,143,15,0]],[12,"spr_up_inputBg",2,[[2,-46,[0,"42tthC0PRDOpPzWe6neNVV"],[5,244,50]],[4,2,false,-47,[0,"b3EBsagGdGoLWVaybs+NSB"],0,1]],[1,"32oahdkDJOMY+Pc4T0o3qJ",null,null,null,1,0]],[3,"props_Label_up_goldNum",2,[[2,-48,[0,"f5jsyxVEpLyZ2rd4SLEHHl"],[5,136,40]],[22,"0",18,18,2,false,false,1,-49,[0,"a65mtdbytGuJuBXJFFQjzg"],2]],[1,"5b9bmkBb9NBp6LvxNG42P6",null,null,null,1,0],[1,0,2,0]],[3,"props_btn_up_addGold",2,[[2,-50,[0,"0dSWGJlaVNob40Aa1IRnbv"],[5,42,42]],[4,2,false,-51,[0,"7bFrENFTJOp4s6MMJlDy+B"],6,7]],[1,"c3SHN5l3NPqrQHQrjteE/w",null,null,null,1,0],[1,97,0,0]],[3,"spr_up_gold",2,[[2,-52,[0,"b90N3L8uBChZP9q0bpxNYV"],[5,35,37]],[20,2,-53,[0,"c0sWJFnz5PKJIZKKcIudtg"],8,9]],[1,"c5UiYVbYdMHIHKYyDmvYvM",null,null,null,1,0],[1,-95.5,1.5,0]],[13,"props_menu_panel",false,4,[3],[[2,-54,[0,"266Z233WtD+4gJJEdGtBxt"],[5,2000,1000]]],[1,"68TsajhfBMX7x9m5ejSb9b",null,null,null,1,0],[1,0,-340,0]]],0,[0,9,1,0,0,1,0,0,1,0,-1,4,0,0,2,0,0,2,0,0,2,0,-1,11,0,-2,12,0,-3,10,0,-4,13,0,-5,14,0,0,3,0,0,3,0,0,3,0,-1,6,0,-2,7,0,-3,8,0,-4,9,0,0,4,0,-2,5,0,-3,15,0,0,5,0,0,5,0,3,5,0,0,5,0,0,6,0,0,6,0,3,6,0,0,6,0,0,7,0,0,7,0,3,7,0,0,7,0,0,8,0,0,8,0,3,8,0,0,8,0,0,9,0,0,9,0,3,9,0,0,9,0,0,10,0,0,10,0,0,10,0,0,11,0,0,11,0,0,12,0,0,12,0,0,13,0,0,13,0,0,14,0,0,14,0,0,15,0,10,1,2,5,4,3,5,15,54],[0,0,0,0,0,0,0,0,0,0,0,0,0,0,0,0,0,0,0,0,0,0,0,0,0,0,0,0,0],[1,2,6,6,-1,7,1,2,1,2,1,2,4,1,2,4,1,2,4,1,2,4,1,2,4,1,2,-1,7],[9,0,10,11,1,1,12,0,13,14,2,0,2,3,0,3,4,0,4,5,0,5,6,0,6,15,0,7,7]],[[[23,"shuzi_xiazhujine",32,{"commonHeight":32,"fontSize":32,"atlasName":"shuzi_xiazhujine_0.png","fontDefDictionary":{"43":{"xOffset":-1,"yOffset":-1,"xAdvance":22,"rect":{"x":54,"y":0,"width":24,"height":29}},"44":{"xOffset":-1,"yOffset":-1,"xAdvance":10,"rect":{"x":55,"y":30,"width":12,"height":29}},"45":{"xOffset":-1,"yOffset":-1,"xAdvance":20,"rect":{"x":79,"y":0,"width":22,"height":29}},"46":{"xOffset":-1,"yOffset":-1,"xAdvance":10,"rect":{"x":68,"y":30,"width":12,"height":29}},"48":{"xOffset":-1,"yOffset":-1,"xAdvance":18,"rect":{"x":102,"y":0,"width":20,"height":29}},"49":{"xOffset":-1,"yOffset":-1,"xAdvance":12,"rect":{"x":40,"y":30,"width":14,"height":29}},"50":{"xOffset":-1,"yOffset":-1,"xAdvance":18,"rect":{"x":123,"y":0,"width":20,"height":29}},"51":{"xOffset":-1,"yOffset":-1,"xAdvance":17,"rect":{"x":270,"y":0,"width":19,"height":29}},"52":{"xOffset":-1,"yOffset":-1,"xAdvance":18,"rect":{"x":144,"y":0,"width":20,"height":29}},"53":{"xOffset":-1,"yOffset":-1,"xAdvance":17,"rect":{"x":0,"y":30,"width":19,"height":29}},"54":{"xOffset":-1,"yOffset":-1,"xAdvance":18,"rect":{"x":165,"y":0,"width":20,"height":29}},"55":{"xOffset":-1,"yOffset":-1,"xAdvance":17,"rect":{"x":20,"y":30,"width":19,"height":29}},"56":{"xOffset":-1,"yOffset":-1,"xAdvance":18,"rect":{"x":186,"y":0,"width":20,"height":29}},"57":{"xOffset":-1,"yOffset":-1,"xAdvance":18,"rect":{"x":207,"y":0,"width":20,"height":29}},"66":{"xOffset":-1,"yOffset":-1,"xAdvance":18,"rect":{"x":228,"y":0,"width":20,"height":29}},"75":{"xOffset":-1,"yOffset":-1,"xAdvance":18,"rect":{"x":249,"y":0,"width":20,"height":29}},"77":{"xOffset":-1,"yOffset":-1,"xAdvance":24,"rect":{"x":0,"y":0,"width":26,"height":29}},"84":{"xOffset":-1,"yOffset":-1,"xAdvance":24,"rect":{"x":27,"y":0,"width":26,"height":29}}},"kerningDict":{}}]],0,0,[0],[11],[16]]]]
