[1,["13afa9bf0@6c48a"],["_textureSource"],["cc.SpriteFrame","cc.SpriteAtlas"],0,[[[{"name":"zi_AUTO ","rect":{"x":236,"y":3,"width":74,"height":21},"offset":{"x":0,"y":0},"originalSize":{"width":74,"height":21},"rotated":false,"capInsets":[0,0,0,0],"packable":true,"pixelsToUnit":100,"pivot":{"x":0.5,"y":0.5},"meshType":0}],[0],0,[0],[0],[0]],[[{"name":"dl_sg_shezhikai","rect":{"x":682,"y":36,"width":164,"height":52},"offset":{"x":0,"y":0},"originalSize":{"width":164,"height":52},"rotated":false,"capInsets":[0,0,0,0],"packable":true,"pixelsToUnit":100,"pivot":{"x":0.5,"y":0.5},"meshType":0}],[0],0,[0],[0],[0]],[[{"name":"dl_sg_xiazhujian_1","rect":{"x":193,"y":129,"width":70,"height":78},"offset":{"x":0,"y":0},"originalSize":{"width":70,"height":78},"rotated":true,"capInsets":[0,0,0,0],"packable":true,"pixelsToUnit":100,"pivot":{"x":0.5,"y":0.5},"meshType":0}],[0],0,[0],[0],[0]],[[{"name":"dl_sg__stopicon1","rect":{"x":968,"y":3,"width":40,"height":40},"offset":{"x":0,"y":0},"originalSize":{"width":40,"height":40},"rotated":false,"capInsets":[0,0,0,0],"packable":true,"pixelsToUnit":100,"pivot":{"x":0.5,"y":0.5},"meshType":0}],[0],0,[0],[0],[0]],[[{"name":"dl_sg_shezhianniu","rect":{"x":558,"y":88,"width":104,"height":66},"offset":{"x":0,"y":0},"originalSize":{"width":104,"height":66},"rotated":false,"capInsets":[0,0,0,0],"packable":true,"pixelsToUnit":100,"pivot":{"x":0.5,"y":0.5},"meshType":0}],[0],0,[0],[0],[0]],[[{"name":"dl_sg_kuai_1","rect":{"x":277,"y":154,"width":70,"height":78},"offset":{"x":0,"y":0},"originalSize":{"width":70,"height":78},"rotated":true,"capInsets":[0,0,0,0],"packable":true,"pixelsToUnit":100,"pivot":{"x":0.5,"y":0.5},"meshType":0}],[0],0,[0],[0],[0]],[[{"name":"dl_sg_confirm","rect":{"x":3,"y":129,"width":184,"height":69},"offset":{"x":0,"y":0},"originalSize":{"width":184,"height":69},"rotated":false,"capInsets":[0,0,0,0],"packable":true,"pixelsToUnit":100,"pivot":{"x":0.5,"y":0.5},"meshType":0}],[0],0,[0],[0],[0]],[[{"name":"dl_sg_zidonganniu_0","rect":{"x":334,"y":88,"width":106,"height":60},"offset":{"x":0,"y":0},"originalSize":{"width":106,"height":60},"rotated":false,"capInsets":[0,0,0,0],"packable":true,"pixelsToUnit":100,"pivot":{"x":0.5,"y":0.5},"meshType":0}],[0],0,[0],[0],[0]],[[{"name":"mianfeibox","rect":{"x":453,"y":242,"width":190,"height":120},"offset":{"x":0,"y":0},"originalSize":{"width":190,"height":120},"rotated":false,"capInsets":[34,36,33,28],"packable":true,"pixelsToUnit":100,"pivot":{"x":0.5,"y":0.5},"meshType":0}],[0],0,[0],[0],[0]],[[{"name":"dl_sg_zidonganniu_1","rect":{"x":446,"y":88,"width":106,"height":60},"offset":{"x":0,"y":0},"originalSize":{"width":106,"height":60},"rotated":false,"capInsets":[0,0,0,0],"packable":true,"pixelsToUnit":100,"pivot":{"x":0.5,"y":0.5},"meshType":0}],[0],0,[0],[0],[0]],[[{"name":"dl_sg_xiazhujia_1","rect":{"x":361,"y":154,"width":70,"height":78},"offset":{"x":0,"y":0},"originalSize":{"width":70,"height":78},"rotated":true,"capInsets":[0,0,0,0],"packable":true,"pixelsToUnit":100,"pivot":{"x":0.5,"y":0.5},"meshType":0}],[0],0,[0],[0],[0]],[[{"name":"auto_bar_fruit","spriteFrames":["zi_stop","f1jhe9/Y1BzZGv7QuaffwC@f9941","FREE SPINS LEFT","a62H3w/OBCZZLprpzHLfRW@f9941","zi_AUTO ","00/ybCFvlP4I8GSPi5RxVW@f9941","SETTINGS","78oB6FnZ5KGLjO4MjQ24p7@f9941","PENGATURAN","f9kFRKPDZAKaiDX/Jn2ERd@f9941","zi_win","a8gQ98JLpBM4xUKJqMtFaK@f9941","SOUND","5csCXZuyFHGoWmdhBYzqHg@f9941","MUSIC","c77Vqwf8BJBqorS0d+vSmb@f9941","dl_sg__stopicon1","0fFiuu8JZLL45ojIGESwDz@f9941","zi_SPIN","89JYlKrgtPGojTPL350OC/@f9941","zi_goodluvk","76tRthnldJ9YapeooPRLij@f9941","dl_sg__stopicon","50Hdl9vhZOrKUtw9dhm2HW@f9941","dl_sg_jinbijia","49tWDy34pEK7pjeA3cB6v0@f9941","dl_sg_jinbibox","61T6vOKyBDLJwUJ6pzYXXP@f9941","dl_sg_shezhikai","02JMZP4UhJkbpuW8H6U5oE@f9941","btn_ru_off","c9u627TExCqZ/MuRFd67MG@f9941","dl_sg_caidananniu","bewl3ckO1Nm5nkIEkAfTZi@f9941","zi_atuospinsrtting","84Qsh9QOhEobmHGIef9A9K@f9941","dl_sg_shezhiguan","f6ALGxFXhHCp0bCZOQBesl@f9941","dl_sg_zidonganniu_0","27cghC0UdC56x6/gcGNu9n@f9941","dl_sg_zidonganniu_1","3eSo31CXFJx4cIyHCuK3TD@f9941","dl_sg_shezhianniu","16ShNbAf1Cxq7sNaBkFdXf@f9941","dl_sg_guizeanniu","a52kvvPHdARrB1z1Zfd7X/@f9941","dl_sg_VIP","d5vgBL0/JCyacvrPYnewkX@f9941","dl_sg_tuichu","edX7j5ct5PWKqF8iRbTEtz@f9941","dl_sg_confirm","20sIdVhv1NUL+cG01KXj9C@f9941","dl_sg_xiazhujian_1","03XdHrofBDpJfXYE8xLeaY@f9941","dl_sg_kuai_1","1fO58q3eBNoINIA5c689ye@f9941","dl_sg_xiazhujia_1","40VCSMzxhCD4xLQxxJxtKG@f9941","dl_sg_xiazhujia_0","c0YM1GwXNIAL2voVHfbBnu@f9941","dl_sg_kuai_0","c3pz4ZjE1PAJW+u2j9g66B@f9941","dl_sg_xiazhujian_0","cdjn9ht/lObo0jbbA8JSpd@f9941","dl_sg_zidonganniu1","4eOwuDj75JwZY7j1sa7BBc@f9941","dl_sg_zidonganniu","77oepbmzhAyJgKYACiXEC7@f9941","dl_sg_zidongdibox","fdmyr1YZxLIa05AhrrS/Qv@f9941","dl_sg_spinicon","8d5BaGgR5IEahe6JrLGoiV@f9941","dl_sg_spinicon1","ebpUNt5upKgo26l43dVVof@f9941","mianfeibox","2bxAWt/wJEi4Fjfe+54dfR@f9941","dl_sg_zhongjiangbox","acmyDdmvRMArl5qWJ1qfVt@f9941","dl_sg_spinanniu1","4aBXqfPGlMnKHuAGsaekPC@f9941","dl_sg_spinanniu","ad0rogWetAMa5ZQiTKIx7A@f9941","dl_sg_caidanbox","f3ORGGnWFMqqrW57BAVpxR@f9941","bg_sg_guizebox","52uiA7ShRGeZyHcdnF4blI@f9941"]}],[1],0,[],[],[]],[[{"name":"dl_sg_jinbijia","rect":{"x":384,"y":31,"width":42,"height":42},"offset":{"x":0,"y":0},"originalSize":{"width":42,"height":42},"rotated":false,"capInsets":[0,0,0,0],"packable":true,"pixelsToUnit":100,"pivot":{"x":0.5,"y":0.5},"meshType":0}],[0],0,[0],[0],[0]],[[{"name":"dl_sg_spinanniu1","rect":{"x":3,"y":318,"width":150,"height":154},"offset":{"x":0,"y":0},"originalSize":{"width":150,"height":154},"rotated":true,"capInsets":[0,0,0,0],"packable":true,"pixelsToUnit":100,"pivot":{"x":0.5,"y":0.5},"meshType":0}],[0],0,[0],[0],[0]],[[{"name":"dl_sg_zidonganniu1","rect":{"x":697,"y":173,"width":104,"height":78},"offset":{"x":0,"y":0},"originalSize":{"width":104,"height":78},"rotated":false,"capInsets":[0,0,0,0],"packable":true,"pixelsToUnit":100,"pivot":{"x":0.5,"y":0.5},"meshType":0}],[0],0,[0],[0],[0]],[[{"name":"dl_sg__stopicon","rect":{"x":338,"y":31,"width":40,"height":40},"offset":{"x":0,"y":0},"originalSize":{"width":40,"height":40},"rotated":false,"capInsets":[0,0,0,0],"packable":true,"pixelsToUnit":100,"pivot":{"x":0.5,"y":0.5},"meshType":0}],[0],0,[0],[0],[0]],[[{"name":"bg_sg_guizebox","rect":{"x":3,"y":514,"width":959,"height":507},"offset":{"x":0,"y":0},"originalSize":{"width":959,"height":507},"rotated":false,"capInsets":[0,0,0,0],"packable":true,"pixelsToUnit":100,"pivot":{"x":0.5,"y":0.5},"meshType":0}],[0],0,[0],[0],[0]],[[{"name":"SOUND","rect":{"x":719,"y":3,"width":125,"height":27},"offset":{"x":0,"y":0},"originalSize":{"width":125,"height":27},"rotated":false,"capInsets":[0,0,0,0],"packable":true,"pixelsToUnit":100,"pivot":{"x":0.5,"y":0.5},"meshType":0}],[0],0,[0],[0],[0]],[[{"name":"dl_sg_jinbibox","rect":{"x":432,"y":32,"width":244,"height":50},"offset":{"x":0,"y":0},"originalSize":{"width":244,"height":50},"rotated":false,"capInsets":[0,0,0,0],"packable":true,"pixelsToUnit":100,"pivot":{"x":0.5,"y":0.5},"meshType":0}],[0],0,[0],[0],[0]],[[{"name":"zi_goodluvk","rect":{"x":84,"y":31,"width":248,"height":34},"offset":{"x":0,"y":0},"originalSize":{"width":248,"height":34},"rotated":false,"capInsets":[0,0,0,0],"packable":true,"pixelsToUnit":100,"pivot":{"x":0.5,"y":0.5},"meshType":0}],[0],0,[0],[0],[0]],[[{"name":"dl_sg_zidonganniu","rect":{"x":807,"y":191,"width":104,"height":78},"offset":{"x":0,"y":0},"originalSize":{"width":104,"height":78},"rotated":false,"capInsets":[0,0,0,0],"packable":true,"pixelsToUnit":100,"pivot":{"x":0.5,"y":0.5},"meshType":0}],[0],0,[0],[0],[0]],[[{"name":"SETTINGS","rect":{"x":316,"y":3,"width":134,"height":22},"offset":{"x":0,"y":0},"originalSize":{"width":134,"height":22},"rotated":false,"capInsets":[0,0,0,0],"packable":true,"pixelsToUnit":100,"pivot":{"x":0.5,"y":0.5},"meshType":0}],[0],0,[0],[0],[0]],[[{"name":"zi_atuospinsrtting","rect":{"x":3,"y":71,"width":155,"height":52},"offset":{"x":0,"y":0},"originalSize":{"width":155,"height":52},"rotated":false,"capInsets":[0,0,0,0],"packable":true,"pixelsToUnit":100,"pivot":{"x":0.5,"y":0.5},"meshType":0}],[0],0,[0],[0],[0]],[[{"name":"zi_SPIN","rect":{"x":3,"y":28,"width":75,"height":28},"offset":{"x":0,"y":0},"originalSize":{"width":75,"height":28},"rotated":false,"capInsets":[0,0,0,0],"packable":true,"pixelsToUnit":100,"pivot":{"x":0.5,"y":0.5},"meshType":0}],[0],0,[0],[0],[0]],[[{"name":"dl_sg_spinicon","rect":{"x":193,"y":230,"width":124,"height":118},"offset":{"x":0,"y":0},"originalSize":{"width":124,"height":118},"rotated":false,"capInsets":[0,0,0,0],"packable":true,"pixelsToUnit":100,"pivot":{"x":0.5,"y":0.5},"meshType":0}],[0],0,[0],[0],[0]],[[{"name":"dl_sg_guizeanniu","rect":{"x":668,"y":94,"width":104,"height":66},"offset":{"x":0,"y":0},"originalSize":{"width":104,"height":66},"rotated":false,"capInsets":[0,0,0,0],"packable":true,"pixelsToUnit":100,"pivot":{"x":0.5,"y":0.5},"meshType":0}],[0],0,[0],[0],[0]],[[{"name":"FREE SPINS LEFT","rect":{"x":57,"y":3,"width":173,"height":19},"offset":{"x":0,"y":0},"originalSize":{"width":173,"height":19},"rotated":false,"capInsets":[0,0,0,0],"packable":true,"pixelsToUnit":100,"pivot":{"x":0.5,"y":0.5},"meshType":0}],[0],0,[0],[0],[0]],[[{"name":"zi_win","rect":{"x":656,"y":3,"width":57,"height":23},"offset":{"x":0,"y":0},"originalSize":{"width":57,"height":23},"rotated":false,"capInsets":[0,0,0,0],"packable":true,"pixelsToUnit":100,"pivot":{"x":0.5,"y":0.5},"meshType":0}],[0],0,[0],[0],[0]],[[{"name":"dl_sg_zhongjiangbox","rect":{"x":649,"y":275,"width":370,"height":128},"offset":{"x":0,"y":0},"originalSize":{"width":370,"height":128},"rotated":false,"capInsets":[0,0,0,0],"packable":true,"pixelsToUnit":100,"pivot":{"x":0.5,"y":0.5},"meshType":0}],[0],0,[0],[0],[0]],[[{"name":"dl_sg_spinanniu","rect":{"x":163,"y":354,"width":150,"height":154},"offset":{"x":0,"y":0},"originalSize":{"width":150,"height":154},"rotated":true,"capInsets":[0,0,0,0],"packable":true,"pixelsToUnit":100,"pivot":{"x":0.5,"y":0.5},"meshType":0}],[0],0,[0],[0],[0]],[[{"name":"dl_sg_caidananniu","rect":{"x":922,"y":49,"width":85,"height":64},"offset":{"x":0,"y":0},"originalSize":{"width":85,"height":64},"rotated":false,"capInsets":[0,0,0,0],"packable":true,"pixelsToUnit":100,"pivot":{"x":0.5,"y":0.5},"meshType":0}],[0],0,[0],[0],[0]],[[{"name":"dl_sg_xiazhujia_0","rect":{"x":445,"y":154,"width":70,"height":78},"offset":{"x":0,"y":0},"originalSize":{"width":70,"height":78},"rotated":true,"capInsets":[0,0,0,0],"packable":true,"pixelsToUnit":100,"pivot":{"x":0.5,"y":0.5},"meshType":0}],[0],0,[0],[0],[0]],[[{"name":"dl_sg_kuai_0","rect":{"x":529,"y":160,"width":70,"height":78},"offset":{"x":0,"y":0},"originalSize":{"width":70,"height":78},"rotated":true,"capInsets":[0,0,0,0],"packable":true,"pixelsToUnit":100,"pivot":{"x":0.5,"y":0.5},"meshType":0}],[0],0,[0],[0],[0]],[[{"name":"MUSIC","rect":{"x":850,"y":3,"width":112,"height":27},"offset":{"x":0,"y":0},"originalSize":{"width":112,"height":27},"rotated":false,"capInsets":[0,0,0,0],"packable":true,"pixelsToUnit":100,"pivot":{"x":0.5,"y":0.5},"meshType":0}],[0],0,[0],[0],[0]],[[{"name":"btn_ru_off","rect":{"x":852,"y":36,"width":59,"height":64},"offset":{"x":0,"y":0},"originalSize":{"width":59,"height":64},"rotated":true,"capInsets":[0,0,0,0],"packable":true,"pixelsToUnit":100,"pivot":{"x":0.5,"y":0.5},"meshType":0}],[0],0,[0],[0],[0]],[[{"name":"dl_sg_xiazhujian_0","rect":{"x":613,"y":166,"width":70,"height":78},"offset":{"x":0,"y":0},"originalSize":{"width":70,"height":78},"rotated":true,"capInsets":[0,0,0,0],"packable":true,"pixelsToUnit":100,"pivot":{"x":0.5,"y":0.5},"meshType":0}],[0],0,[0],[0],[0]],[[{"name":"dl_sg_VIP","rect":{"x":778,"y":101,"width":104,"height":66},"offset":{"x":0,"y":0},"originalSize":{"width":104,"height":66},"rotated":false,"capInsets":[0,0,0,0],"packable":true,"pixelsToUnit":100,"pivot":{"x":0.5,"y":0.5},"meshType":0}],[0],0,[0],[0],[0]],[[{"name":"dl_sg_spinicon1","rect":{"x":323,"y":230,"width":124,"height":118},"offset":{"x":0,"y":0},"originalSize":{"width":124,"height":118},"rotated":false,"capInsets":[0,0,0,0],"packable":true,"pixelsToUnit":100,"pivot":{"x":0.5,"y":0.5},"meshType":0}],[0],0,[0],[0],[0]],[[{"name":"dl_sg_tuichu","rect":{"x":888,"y":119,"width":104,"height":66},"offset":{"x":0,"y":0},"originalSize":{"width":104,"height":66},"rotated":false,"capInsets":[0,0,0,0],"packable":true,"pixelsToUnit":100,"pivot":{"x":0.5,"y":0.5},"meshType":0}],[0],0,[0],[0],[0]],[[{"name":"zi_stop","rect":{"x":3,"y":3,"width":48,"height":15},"offset":{"x":0,"y":0},"originalSize":{"width":48,"height":15},"rotated":false,"capInsets":[0,0,0,0],"packable":true,"pixelsToUnit":100,"pivot":{"x":0.5,"y":0.5},"meshType":0}],[0],0,[0],[0],[0]],[[{"name":"dl_sg_caidanbox","rect":{"x":323,"y":368,"width":140,"height":296},"offset":{"x":0,"y":0},"originalSize":{"width":140,"height":296},"rotated":true,"capInsets":[0,0,0,0],"packable":true,"pixelsToUnit":100,"pivot":{"x":0.5,"y":0.5},"meshType":0}],[0],0,[0],[0],[0]],[[{"name":"dl_sg_shezhiguan","rect":{"x":164,"y":71,"width":164,"height":52},"offset":{"x":0,"y":0},"originalSize":{"width":164,"height":52},"rotated":false,"capInsets":[0,0,0,0],"packable":true,"pixelsToUnit":100,"pivot":{"x":0.5,"y":0.5},"meshType":0}],[0],0,[0],[0],[0]],[[{"name":"PENGATURAN","rect":{"x":456,"y":3,"width":194,"height":22},"offset":{"x":0,"y":0},"originalSize":{"width":194,"height":22},"rotated":false,"capInsets":[0,0,0,0],"packable":true,"pixelsToUnit":100,"pivot":{"x":0.5,"y":0.5},"meshType":0}],[0],0,[0],[0],[0]],[[{"name":"dl_sg_zidongdibox","rect":{"x":3,"y":204,"width":184,"height":108},"offset":{"x":0,"y":0},"originalSize":{"width":184,"height":108},"rotated":false,"capInsets":[42,27,32,22],"packable":true,"pixelsToUnit":100,"pivot":{"x":0.5,"y":0.5},"meshType":0}],[0],0,[0],[0],[0]]]]
