[1,["13afa9bf0@6c48a","f18e17bd-fd8d-41cd-91af-ed0b9a7dfc02@f9941","a6d87df0-fce0-4265-92e9-ae9cc72df456@f9941","00ff26c2-16f9-4fe0-8f06-48f8b9471556@f9941","78a01e85-9d9e-4a18-b8ce-e0c8d0db8a7b@f9941","f990544a-3c36-4029-a883-5ff267d8445d@f9941","a8810f7c-24ba-4133-8c54-289a8cb4568a@f9941","5cb025d9-bb21-471a-85a6-761058cea1e0@f9941","c7ed5ab0-7fc0-4906-aa2b-4b477ebd299b@f9941","0f162bae-f096-4b2f-8e68-8c81844b00f3@f9941","8925894a-ae0b-4f1a-88d3-3cbdf9d0e0bf@f9941","76b51b61-9e57-49f5-86a9-7a8a0f44b8a3@f9941","501dd97d-be16-4eac-a52d-c3d7619b61d6@f9941","49b560f2-df8a-442b-ba63-780ddc07abf4@f9941","614fabce-2b20-432c-9c14-27aa736175cf@f9941","0224c64f-e148-4991-ba6e-5bc1fa539a04@f9941","c9bbadbb-4c4c-42a9-9fcc-b9115debb306@f9941","bec25ddc-90ed-4d9b-99e4-2049007d3662@f9941","8442c87d-40e8-44a1-b987-18879ff40f4a@f9941","f600b1b1-1578-470a-9d1b-09939005eb25@f9941","27720842-d147-42e7-ac7a-fe070636ef67@f9941","3e4a8df5-0971-49c7-8708-c870ae2b74c3@f9941","164a135b-01fd-42c6-aeec-35a06415d5df@f9941","a5da4bef-3c77-4046-b075-cf565f77b5ff@f9941","d5be004b-d3f2-42c9-a72f-acf6277b0917@f9941","ed5fb8f9-72de-4f58-aa85-f2245b4c4b73@f9941","20b08755-86fd-4d50-bf9c-1b4d4a5e3f42@f9941","035dd1eb-a1f0-43a4-97d7-604f312de698@f9941","1f3b9f2a-dde0-4da0-8348-03973af3dc9e@f9941","4054248c-cf18-420f-8c4b-431c49c6d286@f9941","c060cd46-c173-4800-bdaf-a151df6c19ee@f9941","c3a73e19-8c4d-4f00-95be-bb68fd83ae81@f9941","cd8e7f61-b7f9-4e6e-8d23-6db03c252a5d@f9941","4e3b0b83-8fbe-49c1-963b-8f5b1aec105c@f9941","77a1ea5b-9b38-40c8-980a-6000a25c40bb@f9941","fd9b2af5-619c-4b21-ad39-021aeb4bf42f@f9941","8de41686-811e-4811-a85e-e89acb1a8895@f9941","eba5436d-e6ea-4a82-8dba-978ddd555a1f@f9941","2bc405ad-ff02-448b-8163-7defb9e1d7d1@f9941","ac9b20dd-9af4-4c02-b979-a96275a9f56d@f9941","4a057a9f-3c69-4c9c-a1ee-006b1a7a43c2@f9941","add2ba20-59eb-4031-ae59-4224ca231ec0@f9941","f3391186-9d61-4caa-aad6-e7b040569c51@f9941","52ba203b-4a14-4679-9c87-71d9c5e1b948@f9941"],["_textureSource"],["cc.SpriteFrame","cc.SpriteAtlas"],0,[[[{"name":"zi_AUTO ","rect":{"x":236,"y":3,"width":74,"height":21},"offset":{"x":0,"y":0},"originalSize":{"width":74,"height":21},"rotated":false,"capInsets":[0,0,0,0],"packable":true,"pixelsToUnit":100,"pivot":{"x":0.5,"y":0.5},"meshType":0}],[0],0,[0],[0],[0]],[[{"name":"dl_sg_shezhikai","rect":{"x":682,"y":36,"width":164,"height":52},"offset":{"x":0,"y":0},"originalSize":{"width":164,"height":52},"rotated":false,"capInsets":[0,0,0,0],"packable":true,"pixelsToUnit":100,"pivot":{"x":0.5,"y":0.5},"meshType":0}],[0],0,[0],[0],[0]],[[{"name":"dl_sg_xiazhujian_1","rect":{"x":193,"y":129,"width":70,"height":78},"offset":{"x":0,"y":0},"originalSize":{"width":70,"height":78},"rotated":true,"capInsets":[0,0,0,0],"packable":true,"pixelsToUnit":100,"pivot":{"x":0.5,"y":0.5},"meshType":0}],[0],0,[0],[0],[0]],[[{"name":"dl_sg__stopicon1","rect":{"x":968,"y":3,"width":40,"height":40},"offset":{"x":0,"y":0},"originalSize":{"width":40,"height":40},"rotated":false,"capInsets":[0,0,0,0],"packable":true,"pixelsToUnit":100,"pivot":{"x":0.5,"y":0.5},"meshType":0}],[0],0,[0],[0],[0]],[[{"name":"dl_sg_shezhianniu","rect":{"x":558,"y":88,"width":104,"height":66},"offset":{"x":0,"y":0},"originalSize":{"width":104,"height":66},"rotated":false,"capInsets":[0,0,0,0],"packable":true,"pixelsToUnit":100,"pivot":{"x":0.5,"y":0.5},"meshType":0}],[0],0,[0],[0],[0]],[[{"name":"dl_sg_kuai_1","rect":{"x":277,"y":154,"width":70,"height":78},"offset":{"x":0,"y":0},"originalSize":{"width":70,"height":78},"rotated":true,"capInsets":[0,0,0,0],"packable":true,"pixelsToUnit":100,"pivot":{"x":0.5,"y":0.5},"meshType":0}],[0],0,[0],[0],[0]],[[{"name":"dl_sg_confirm","rect":{"x":3,"y":129,"width":184,"height":69},"offset":{"x":0,"y":0},"originalSize":{"width":184,"height":69},"rotated":false,"capInsets":[0,0,0,0],"packable":true,"pixelsToUnit":100,"pivot":{"x":0.5,"y":0.5},"meshType":0}],[0],0,[0],[0],[0]],[[{"name":"dl_sg_zidonganniu_0","rect":{"x":334,"y":88,"width":106,"height":60},"offset":{"x":0,"y":0},"originalSize":{"width":106,"height":60},"rotated":false,"capInsets":[0,0,0,0],"packable":true,"pixelsToUnit":100,"pivot":{"x":0.5,"y":0.5},"meshType":0}],[0],0,[0],[0],[0]],[[{"name":"mianfeibox","rect":{"x":453,"y":242,"width":190,"height":120},"offset":{"x":0,"y":0},"originalSize":{"width":190,"height":120},"rotated":false,"capInsets":[34,36,33,28],"packable":true,"pixelsToUnit":100,"pivot":{"x":0.5,"y":0.5},"meshType":0}],[0],0,[0],[0],[0]],[[{"name":"dl_sg_zidonganniu_1","rect":{"x":446,"y":88,"width":106,"height":60},"offset":{"x":0,"y":0},"originalSize":{"width":106,"height":60},"rotated":false,"capInsets":[0,0,0,0],"packable":true,"pixelsToUnit":100,"pivot":{"x":0.5,"y":0.5},"meshType":0}],[0],0,[0],[0],[0]],[[{"name":"dl_sg_xiazhujia_1","rect":{"x":361,"y":154,"width":70,"height":78},"offset":{"x":0,"y":0},"originalSize":{"width":70,"height":78},"rotated":true,"capInsets":[0,0,0,0],"packable":true,"pixelsToUnit":100,"pivot":{"x":0.5,"y":0.5},"meshType":0}],[0],0,[0],[0],[0]],[[{"name":"auto_bar_fruit","spriteFrames":["zi_stop","f18e17bd-fd8d-41cd-91af-ed0b9a7dfc02@f9941","FREE SPINS LEFT","a6d87df0-fce0-4265-92e9-ae9cc72df456@f9941","zi_AUTO ","00ff26c2-16f9-4fe0-8f06-48f8b9471556@f9941","SETTINGS","78a01e85-9d9e-4a18-b8ce-e0c8d0db8a7b@f9941","PENGATURAN","f990544a-3c36-4029-a883-5ff267d8445d@f9941","zi_win","a8810f7c-24ba-4133-8c54-289a8cb4568a@f9941","SOUND","5cb025d9-bb21-471a-85a6-761058cea1e0@f9941","MUSIC","c7ed5ab0-7fc0-4906-aa2b-4b477ebd299b@f9941","dl_sg__stopicon1","0f162bae-f096-4b2f-8e68-8c81844b00f3@f9941","zi_SPIN","8925894a-ae0b-4f1a-88d3-3cbdf9d0e0bf@f9941","zi_goodluvk","76b51b61-9e57-49f5-86a9-7a8a0f44b8a3@f9941","dl_sg__stopicon","501dd97d-be16-4eac-a52d-c3d7619b61d6@f9941","dl_sg_jinbijia","49b560f2-df8a-442b-ba63-780ddc07abf4@f9941","dl_sg_jinbibox","614fabce-2b20-432c-9c14-27aa736175cf@f9941","dl_sg_shezhikai","0224c64f-e148-4991-ba6e-5bc1fa539a04@f9941","btn_ru_off","c9bbadbb-4c4c-42a9-9fcc-b9115debb306@f9941","dl_sg_caidananniu","bec25ddc-90ed-4d9b-99e4-2049007d3662@f9941","zi_atuospinsrtting","8442c87d-40e8-44a1-b987-18879ff40f4a@f9941","dl_sg_shezhiguan","f600b1b1-1578-470a-9d1b-09939005eb25@f9941","dl_sg_zidonganniu_0","27720842-d147-42e7-ac7a-fe070636ef67@f9941","dl_sg_zidonganniu_1","3e4a8df5-0971-49c7-8708-c870ae2b74c3@f9941","dl_sg_shezhianniu","164a135b-01fd-42c6-aeec-35a06415d5df@f9941","dl_sg_guizeanniu","a5da4bef-3c77-4046-b075-cf565f77b5ff@f9941","dl_sg_VIP","d5be004b-d3f2-42c9-a72f-acf6277b0917@f9941","dl_sg_tuichu","ed5fb8f9-72de-4f58-aa85-f2245b4c4b73@f9941","dl_sg_confirm","20b08755-86fd-4d50-bf9c-1b4d4a5e3f42@f9941","dl_sg_xiazhujian_1","035dd1eb-a1f0-43a4-97d7-604f312de698@f9941","dl_sg_kuai_1","1f3b9f2a-dde0-4da0-8348-03973af3dc9e@f9941","dl_sg_xiazhujia_1","4054248c-cf18-420f-8c4b-431c49c6d286@f9941","dl_sg_xiazhujia_0","c060cd46-c173-4800-bdaf-a151df6c19ee@f9941","dl_sg_kuai_0","c3a73e19-8c4d-4f00-95be-bb68fd83ae81@f9941","dl_sg_xiazhujian_0","cd8e7f61-b7f9-4e6e-8d23-6db03c252a5d@f9941","dl_sg_zidonganniu1","4e3b0b83-8fbe-49c1-963b-8f5b1aec105c@f9941","dl_sg_zidonganniu","77a1ea5b-9b38-40c8-980a-6000a25c40bb@f9941","dl_sg_zidongdibox","fd9b2af5-619c-4b21-ad39-021aeb4bf42f@f9941","dl_sg_spinicon","8de41686-811e-4811-a85e-e89acb1a8895@f9941","dl_sg_spinicon1","eba5436d-e6ea-4a82-8dba-978ddd555a1f@f9941","mianfeibox","2bc405ad-ff02-448b-8163-7defb9e1d7d1@f9941","dl_sg_zhongjiangbox","ac9b20dd-9af4-4c02-b979-a96275a9f56d@f9941","dl_sg_spinanniu1","4a057a9f-3c69-4c9c-a1ee-006b1a7a43c2@f9941","dl_sg_spinanniu","add2ba20-59eb-4031-ae59-4224ca231ec0@f9941","dl_sg_caidanbox","f3391186-9d61-4caa-aad6-e7b040569c51@f9941","bg_sg_guizebox","52ba203b-4a14-4679-9c87-71d9c5e1b948@f9941"]}],[1],0,[0,0,0,0,0,0,0,0,0,0,0,0,0,0,0,0,0,0,0,0,0,0,0,0,0,0,0,0,0,0,0,0,0,0,0,0,0,0,0,0,0,0,0],[0,0,0,0,0,0,0,0,0,0,0,0,0,0,0,0,0,0,0,0,0,0,0,0,0,0,0,0,0,0,0,0,0,0,0,0,0,0,0,0,0,0,0],[1,2,3,4,5,6,7,8,9,10,11,12,13,14,15,16,17,18,19,20,21,22,23,24,25,26,27,28,29,30,31,32,33,34,35,36,37,38,39,40,41,42,43]],[[{"name":"dl_sg_jinbijia","rect":{"x":384,"y":31,"width":42,"height":42},"offset":{"x":0,"y":0},"originalSize":{"width":42,"height":42},"rotated":false,"capInsets":[0,0,0,0],"packable":true,"pixelsToUnit":100,"pivot":{"x":0.5,"y":0.5},"meshType":0}],[0],0,[0],[0],[0]],[[{"name":"dl_sg_spinanniu1","rect":{"x":3,"y":318,"width":150,"height":154},"offset":{"x":0,"y":0},"originalSize":{"width":150,"height":154},"rotated":true,"capInsets":[0,0,0,0],"packable":true,"pixelsToUnit":100,"pivot":{"x":0.5,"y":0.5},"meshType":0}],[0],0,[0],[0],[0]],[[{"name":"dl_sg_zidonganniu1","rect":{"x":697,"y":173,"width":104,"height":78},"offset":{"x":0,"y":0},"originalSize":{"width":104,"height":78},"rotated":false,"capInsets":[0,0,0,0],"packable":true,"pixelsToUnit":100,"pivot":{"x":0.5,"y":0.5},"meshType":0}],[0],0,[0],[0],[0]],[[{"name":"dl_sg__stopicon","rect":{"x":338,"y":31,"width":40,"height":40},"offset":{"x":0,"y":0},"originalSize":{"width":40,"height":40},"rotated":false,"capInsets":[0,0,0,0],"packable":true,"pixelsToUnit":100,"pivot":{"x":0.5,"y":0.5},"meshType":0}],[0],0,[0],[0],[0]],[[{"name":"bg_sg_guizebox","rect":{"x":3,"y":514,"width":959,"height":507},"offset":{"x":0,"y":0},"originalSize":{"width":959,"height":507},"rotated":false,"capInsets":[0,0,0,0],"packable":true,"pixelsToUnit":100,"pivot":{"x":0.5,"y":0.5},"meshType":0}],[0],0,[0],[0],[0]],[[{"name":"SOUND","rect":{"x":719,"y":3,"width":125,"height":27},"offset":{"x":0,"y":0},"originalSize":{"width":125,"height":27},"rotated":false,"capInsets":[0,0,0,0],"packable":true,"pixelsToUnit":100,"pivot":{"x":0.5,"y":0.5},"meshType":0}],[0],0,[0],[0],[0]],[[{"name":"dl_sg_jinbibox","rect":{"x":432,"y":32,"width":244,"height":50},"offset":{"x":0,"y":0},"originalSize":{"width":244,"height":50},"rotated":false,"capInsets":[0,0,0,0],"packable":true,"pixelsToUnit":100,"pivot":{"x":0.5,"y":0.5},"meshType":0}],[0],0,[0],[0],[0]],[[{"name":"zi_goodluvk","rect":{"x":84,"y":31,"width":248,"height":34},"offset":{"x":0,"y":0},"originalSize":{"width":248,"height":34},"rotated":false,"capInsets":[0,0,0,0],"packable":true,"pixelsToUnit":100,"pivot":{"x":0.5,"y":0.5},"meshType":0}],[0],0,[0],[0],[0]],[[{"name":"dl_sg_zidonganniu","rect":{"x":807,"y":191,"width":104,"height":78},"offset":{"x":0,"y":0},"originalSize":{"width":104,"height":78},"rotated":false,"capInsets":[0,0,0,0],"packable":true,"pixelsToUnit":100,"pivot":{"x":0.5,"y":0.5},"meshType":0}],[0],0,[0],[0],[0]],[[{"name":"SETTINGS","rect":{"x":316,"y":3,"width":134,"height":22},"offset":{"x":0,"y":0},"originalSize":{"width":134,"height":22},"rotated":false,"capInsets":[0,0,0,0],"packable":true,"pixelsToUnit":100,"pivot":{"x":0.5,"y":0.5},"meshType":0}],[0],0,[0],[0],[0]],[[{"name":"zi_atuospinsrtting","rect":{"x":3,"y":71,"width":155,"height":52},"offset":{"x":0,"y":0},"originalSize":{"width":155,"height":52},"rotated":false,"capInsets":[0,0,0,0],"packable":true,"pixelsToUnit":100,"pivot":{"x":0.5,"y":0.5},"meshType":0}],[0],0,[0],[0],[0]],[[{"name":"zi_SPIN","rect":{"x":3,"y":28,"width":75,"height":28},"offset":{"x":0,"y":0},"originalSize":{"width":75,"height":28},"rotated":false,"capInsets":[0,0,0,0],"packable":true,"pixelsToUnit":100,"pivot":{"x":0.5,"y":0.5},"meshType":0}],[0],0,[0],[0],[0]],[[{"name":"dl_sg_spinicon","rect":{"x":193,"y":230,"width":124,"height":118},"offset":{"x":0,"y":0},"originalSize":{"width":124,"height":118},"rotated":false,"capInsets":[0,0,0,0],"packable":true,"pixelsToUnit":100,"pivot":{"x":0.5,"y":0.5},"meshType":0}],[0],0,[0],[0],[0]],[[{"name":"dl_sg_guizeanniu","rect":{"x":668,"y":94,"width":104,"height":66},"offset":{"x":0,"y":0},"originalSize":{"width":104,"height":66},"rotated":false,"capInsets":[0,0,0,0],"packable":true,"pixelsToUnit":100,"pivot":{"x":0.5,"y":0.5},"meshType":0}],[0],0,[0],[0],[0]],[[{"name":"FREE SPINS LEFT","rect":{"x":57,"y":3,"width":173,"height":19},"offset":{"x":0,"y":0},"originalSize":{"width":173,"height":19},"rotated":false,"capInsets":[0,0,0,0],"packable":true,"pixelsToUnit":100,"pivot":{"x":0.5,"y":0.5},"meshType":0}],[0],0,[0],[0],[0]],[[{"name":"zi_win","rect":{"x":656,"y":3,"width":57,"height":23},"offset":{"x":0,"y":0},"originalSize":{"width":57,"height":23},"rotated":false,"capInsets":[0,0,0,0],"packable":true,"pixelsToUnit":100,"pivot":{"x":0.5,"y":0.5},"meshType":0}],[0],0,[0],[0],[0]],[[{"name":"dl_sg_zhongjiangbox","rect":{"x":649,"y":275,"width":370,"height":128},"offset":{"x":0,"y":0},"originalSize":{"width":370,"height":128},"rotated":false,"capInsets":[0,0,0,0],"packable":true,"pixelsToUnit":100,"pivot":{"x":0.5,"y":0.5},"meshType":0}],[0],0,[0],[0],[0]],[[{"name":"dl_sg_spinanniu","rect":{"x":163,"y":354,"width":150,"height":154},"offset":{"x":0,"y":0},"originalSize":{"width":150,"height":154},"rotated":true,"capInsets":[0,0,0,0],"packable":true,"pixelsToUnit":100,"pivot":{"x":0.5,"y":0.5},"meshType":0}],[0],0,[0],[0],[0]],[[{"name":"dl_sg_caidananniu","rect":{"x":922,"y":49,"width":85,"height":64},"offset":{"x":0,"y":0},"originalSize":{"width":85,"height":64},"rotated":false,"capInsets":[0,0,0,0],"packable":true,"pixelsToUnit":100,"pivot":{"x":0.5,"y":0.5},"meshType":0}],[0],0,[0],[0],[0]],[[{"name":"dl_sg_xiazhujia_0","rect":{"x":445,"y":154,"width":70,"height":78},"offset":{"x":0,"y":0},"originalSize":{"width":70,"height":78},"rotated":true,"capInsets":[0,0,0,0],"packable":true,"pixelsToUnit":100,"pivot":{"x":0.5,"y":0.5},"meshType":0}],[0],0,[0],[0],[0]],[[{"name":"dl_sg_kuai_0","rect":{"x":529,"y":160,"width":70,"height":78},"offset":{"x":0,"y":0},"originalSize":{"width":70,"height":78},"rotated":true,"capInsets":[0,0,0,0],"packable":true,"pixelsToUnit":100,"pivot":{"x":0.5,"y":0.5},"meshType":0}],[0],0,[0],[0],[0]],[[{"name":"MUSIC","rect":{"x":850,"y":3,"width":112,"height":27},"offset":{"x":0,"y":0},"originalSize":{"width":112,"height":27},"rotated":false,"capInsets":[0,0,0,0],"packable":true,"pixelsToUnit":100,"pivot":{"x":0.5,"y":0.5},"meshType":0}],[0],0,[0],[0],[0]],[[{"name":"btn_ru_off","rect":{"x":852,"y":36,"width":59,"height":64},"offset":{"x":0,"y":0},"originalSize":{"width":59,"height":64},"rotated":true,"capInsets":[0,0,0,0],"packable":true,"pixelsToUnit":100,"pivot":{"x":0.5,"y":0.5},"meshType":0}],[0],0,[0],[0],[0]],[[{"name":"dl_sg_xiazhujian_0","rect":{"x":613,"y":166,"width":70,"height":78},"offset":{"x":0,"y":0},"originalSize":{"width":70,"height":78},"rotated":true,"capInsets":[0,0,0,0],"packable":true,"pixelsToUnit":100,"pivot":{"x":0.5,"y":0.5},"meshType":0}],[0],0,[0],[0],[0]],[[{"name":"dl_sg_VIP","rect":{"x":778,"y":101,"width":104,"height":66},"offset":{"x":0,"y":0},"originalSize":{"width":104,"height":66},"rotated":false,"capInsets":[0,0,0,0],"packable":true,"pixelsToUnit":100,"pivot":{"x":0.5,"y":0.5},"meshType":0}],[0],0,[0],[0],[0]],[[{"name":"dl_sg_spinicon1","rect":{"x":323,"y":230,"width":124,"height":118},"offset":{"x":0,"y":0},"originalSize":{"width":124,"height":118},"rotated":false,"capInsets":[0,0,0,0],"packable":true,"pixelsToUnit":100,"pivot":{"x":0.5,"y":0.5},"meshType":0}],[0],0,[0],[0],[0]],[[{"name":"dl_sg_tuichu","rect":{"x":888,"y":119,"width":104,"height":66},"offset":{"x":0,"y":0},"originalSize":{"width":104,"height":66},"rotated":false,"capInsets":[0,0,0,0],"packable":true,"pixelsToUnit":100,"pivot":{"x":0.5,"y":0.5},"meshType":0}],[0],0,[0],[0],[0]],[[{"name":"zi_stop","rect":{"x":3,"y":3,"width":48,"height":15},"offset":{"x":0,"y":0},"originalSize":{"width":48,"height":15},"rotated":false,"capInsets":[0,0,0,0],"packable":true,"pixelsToUnit":100,"pivot":{"x":0.5,"y":0.5},"meshType":0}],[0],0,[0],[0],[0]],[[{"name":"dl_sg_caidanbox","rect":{"x":323,"y":368,"width":140,"height":296},"offset":{"x":0,"y":0},"originalSize":{"width":140,"height":296},"rotated":true,"capInsets":[0,0,0,0],"packable":true,"pixelsToUnit":100,"pivot":{"x":0.5,"y":0.5},"meshType":0}],[0],0,[0],[0],[0]],[[{"name":"dl_sg_shezhiguan","rect":{"x":164,"y":71,"width":164,"height":52},"offset":{"x":0,"y":0},"originalSize":{"width":164,"height":52},"rotated":false,"capInsets":[0,0,0,0],"packable":true,"pixelsToUnit":100,"pivot":{"x":0.5,"y":0.5},"meshType":0}],[0],0,[0],[0],[0]],[[{"name":"PENGATURAN","rect":{"x":456,"y":3,"width":194,"height":22},"offset":{"x":0,"y":0},"originalSize":{"width":194,"height":22},"rotated":false,"capInsets":[0,0,0,0],"packable":true,"pixelsToUnit":100,"pivot":{"x":0.5,"y":0.5},"meshType":0}],[0],0,[0],[0],[0]],[[{"name":"dl_sg_zidongdibox","rect":{"x":3,"y":204,"width":184,"height":108},"offset":{"x":0,"y":0},"originalSize":{"width":184,"height":108},"rotated":false,"capInsets":[42,27,32,22],"packable":true,"pixelsToUnit":100,"pivot":{"x":0.5,"y":0.5},"meshType":0}],[0],0,[0],[0],[0]]]]
