[1,["cfC85XndtLn79fPcs3aBpP@f9941","cfC85XndtLn79fPcs3aBpP@6c48a"],["spriteFrame","_textureSource"],["cc.SpriteFrame",["cc.BitmapFont",["_name","fontSize","fntConfig"],0]],[[1,0,1,2,4]],[[[[0,"shuzi_fenghuang_yinbikuang",32,{"commonHeight":32,"fontSize":32,"atlasName":"shuzi_fenghuang_yinbikuang_0.png","fontDefDictionary":{"48":{"xOffset":0,"yOffset":0,"xAdvance":28,"rect":{"x":0,"y":0,"width":28,"height":32}},"49":{"xOffset":0,"yOffset":0,"xAdvance":21,"rect":{"x":234,"y":0,"width":21,"height":32}},"50":{"xOffset":0,"yOffset":0,"xAdvance":24,"rect":{"x":210,"y":0,"width":24,"height":32}},"51":{"xOffset":0,"yOffset":0,"xAdvance":24,"rect":{"x":0,"y":32,"width":24,"height":32}},"52":{"xOffset":0,"yOffset":0,"xAdvance":25,"rect":{"x":135,"y":0,"width":25,"height":32}},"53":{"xOffset":0,"yOffset":0,"xAdvance":25,"rect":{"x":160,"y":0,"width":25,"height":32}},"54":{"xOffset":0,"yOffset":0,"xAdvance":27,"rect":{"x":28,"y":0,"width":27,"height":32}},"55":{"xOffset":0,"yOffset":0,"xAdvance":26,"rect":{"x":109,"y":0,"width":26,"height":32}},"56":{"xOffset":0,"yOffset":0,"xAdvance":27,"rect":{"x":55,"y":0,"width":27,"height":32}},"57":{"xOffset":0,"yOffset":0,"xAdvance":25,"rect":{"x":185,"y":0,"width":25,"height":32}},"88":{"xOffset":0,"yOffset":0,"xAdvance":27,"rect":{"x":82,"y":0,"width":27,"height":32}}},"kerningDict":{}}]],0,0,[0],[0],[0]],[[{"name":"shuzi_fenghuang_yinbikuang_0","rect":{"x":1,"y":1,"width":252,"height":61},"offset":{"x":-1,"y":96.5},"originalSize":{"width":256,"height":256},"rotated":false,"capInsets":[0,0,0,0],"vertices":{"rawPosition":[-126,-30.5,0,126,-30.5,0,-126,30.5,0,126,30.5,0],"indexes":[0,1,2,2,1,3],"uv":[1,255,253,255,1,194,253,194],"nuv":[0.00390625,0.7578125,0.98828125,0.7578125,0.00390625,0.99609375,0.98828125,0.99609375],"minPos":{"x":-126,"y":-30.5,"z":0},"maxPos":{"x":126,"y":30.5,"z":0}},"packable":true,"pixelsToUnit":100,"pivot":{"x":0.5,"y":0.5},"meshType":0}],[0],0,[0],[1],[1]]]]
