[1,["17df48728@6c48a","7awy3P5FpJp58MgSJwcaTE@f9941","7dVqZiix9FcbtWo925nrNz@f9941","87CuXK9z1PiYPr3RVn8xj8@f9941","85WkQMULVCWqCPe8egAdhE@f9941","81v3sOgWBNUa8upNY2SjIO@f9941","a7Mto4LnhD9oTBQdE793nx@f9941","18eirF6cFJm7sLULVqAlaw@f9941","36VLUEjwBAnbyCfF65YTsk@f9941","c1nr9h2LFHH44EdQLH0hgX@f9941","38MOAlI1xEnIngxkM+VTZB@f9941","e6/C0eIfpCT6iVmlachU7q@f9941","aa6ofZFURCnbdd/PyDRH8g@f9941","06Im8otFhHXbPbq+KDmma5@f9941","e4wIBBvYlDu6gNDX6jAj9v@f9941","a5D2wvh7VPt4dMynCQ5pYF@f9941","64AQruG/ZIUqQ1N2WPDVMi@f9941","31YypLdP5E7LeDSHHy18MT@f9941","b3PWj4Sr1C/5/9oqIemL1e@f9941","93Z2SgjadGvJvpYzlN0plF@f9941","49YsEB6z1LVa+83AnzJsIB@f9941","84WBUhxepJ24z4ICF3BIWb@f9941","edXWdVOZpMFqNwtzrK0NEZ@f9941","2fQAOb5RZOfqSVQfCEt014@f9941","88yqOKn8ZNB6P0NISR4JYt@f9941","22JGyy6cFJwb7F59jZCYlV@f9941","05eJDc4kVAtZPyD4OlBvT+@f9941","52YkSTtV5OH6Lc96O7amQz@f9941","77/R6/2xpL5KR18Ytn3Lbv@f9941","effkMRkI5EaJaFsyS+rp02@f9941","e2slTFOtpMgLQaA5kPRHcm@f9941","79Wf1lTtJB9q3nEotX2i96@f9941","b0XKLfhdxP2JzAt2Up75G6@f9941","680AeAigFObqwpIkuHvD7f@f9941","c0EesY8SdKjJD3nET1IqUq@f9941","55i+1f4kNH6JFLkFp+7lkK@f9941","2dMfG/pwhNIY/sHORdQZzn@f9941","6cXwPTtBVL8417uth1FS4v@f9941","5fl+SnxJZE8a4kG2y2J0Tc@f9941","21ssb0hL9ERZURvNjGYcVf@f9941","45Hn/ZZMFJ9qq8bOw/HD/b@f9941","f92po+PhZAnonVI0ZorDdI@f9941","c1uxiDQH9HkZPQNuVpIPii@f9941","99kAvFvkBKh6WRC5pwd9a2@f9941","88uE9Vk+FLeYIW00DdOjXX@f9941","d8pQvxQQJAPJ9sb9rnLowU@f9941","30ZHIGH4NIJrFnFgittv96@f9941","276KM7NIBJVIxFkX6655WB@f9941","a0HtrbOiJKUYVnS+OtBqTb@f9941","40bAfYmtlPjJkV7u1Be5NZ@f9941","9d0M/K2ORFxapv09sIm14J@f9941","70uZ9A5S1CTZAw3BRZhpPV@f9941","4bakJvG1hIO7Pr7ECSbeah@f9941","10R1gBJQ5HAo4NaXPalYnB@f9941","f0pQAdJPdM96u7fgsdku59@f9941","caHkHdfwJOO4ngbLtS5+/6@f9941","95EJ59yi5C6pcrs8sfMVNT@f9941","23jfNaCZZKa6tK0S6E3Nyd@f9941","a6XjBU0VtNTZI1osmBuDCg@f9941","89SOFLccFEF7tm0ZL9GXcE@f9941","d7y6kly61K25FfO9B1ZbWs@f9941","19F0wHfm5E0ZThs8vkwIKb@f9941","87/zu703BFpJUKhWZaZXj5@f9941","17ReWv4XFPJLmA6o05fcXs@f9941","48GoI70TNJNYih5wqqaaG5@f9941","6a1sX95XtPHoyWSZVCGpNI@f9941","efybyGgbREnLasMosHgpm6@f9941","f7/spbczlOKJF7BhFNzNvf@f9941","04HXeUMZdJzo41DNZuWHrU@f9941","7e57yAwRNDmIYo4Ackt5WO@f9941","5bW5J5OPRIE5ivWITABLrF@f9941","86yQVtyvFDO7G5dRBlIy5n@f9941","f4ztoxrjJNj79BL5+hCsna@f9941","12eGr+ssBDY5V9PZ6+4Cwo@f9941","7edDCEV61Bpa0mP3uVetBo@f9941","acQl6G2whJE6BKC5KFbDxK@f9941","5fk/0zsf5AwLwFniHOAmnK@f9941","a0J4oqR5RD06LHxEoITkWc@f9941","57h2ACNCtPJ7cyK/LTYxoN@f9941","dbhhVEFvpGArXQ+G733DNo@f9941","6dzxK2cNRPBqX9+fm68uqm@f9941","4eE8de1OdJvKoh72LSyWKP@f9941","89sigCxEFJGY5py8LiLlKK@f9941","bayGOm4E1Hu6+KxsdXkbjK@f9941","e350yGmEtMCK0s9LcLxoqH@f9941","8eMwUCJj5NqImrLcIkiDJv@f9941","9aj/QxhElNRrP9/l00KaVs@f9941","33IvWai8dC54CqebR8y4Zv@f9941","708zdc301NFJHx5oIeKbOh@f9941","deNiUE8sRJVJD9ODh7QirK@f9941","9dl08EB0JIhar6qb9Kdik6@f9941","5fPl1NYK5IyIcgZ2cAqN59@f9941","6dSVJOz6pJgJKniPbXXcwW@f9941","ecOz0rNopJdqJkhSZ/TQ5D@f9941"],["_textureSource"],["cc.SpriteFrame","cc.SpriteAtlas"],0,[[[{"name":"zi_2","rect":{"x":931,"y":3,"width":549,"height":24},"offset":{"x":0,"y":0},"originalSize":{"width":549,"height":24},"rotated":true,"capInsets":[0,0,0,0],"packable":true,"pixelsToUnit":100,"pivot":{"x":0.5,"y":0.5},"meshType":0}],[0],0,[0],[0],[0]],[[{"name":"zi_ganda","rect":{"x":994,"y":251,"width":113,"height":25},"offset":{"x":0,"y":0},"originalSize":{"width":113,"height":25},"rotated":true,"capInsets":[0,0,0,0],"packable":true,"pixelsToUnit":100,"pivot":{"x":0.5,"y":0.5},"meshType":0}],[0],0,[0],[0],[0]],[[{"name":"btn_xggz_kuaisu_0","rect":{"x":961,"y":492,"width":58,"height":59},"offset":{"x":0,"y":0},"originalSize":{"width":58,"height":59},"rotated":false,"capInsets":[0,0,0,0],"packable":true,"pixelsToUnit":100,"pivot":{"x":0.5,"y":0.5},"meshType":0}],[0],0,[0],[0],[0]],[[{"name":"bg_starlight_zhuanpan_1","rect":{"x":3,"y":3,"width":922,"height":625},"offset":{"x":0,"y":0},"originalSize":{"width":922,"height":625},"rotated":false,"capInsets":[0,0,0,0],"packable":true,"pixelsToUnit":100,"pivot":{"x":0.5,"y":0.5},"meshType":0}],[0],0,[0],[0],[0]],[[{"name":"btn_zidongyouxi_xuanzhong","rect":{"x":888,"y":953,"width":112,"height":61},"offset":{"x":0,"y":0},"originalSize":{"width":112,"height":61},"rotated":false,"capInsets":[0,0,0,0],"packable":true,"pixelsToUnit":100,"pivot":{"x":0.5,"y":0.5},"meshType":0}],[0],0,[0],[0],[0]],[[{"name":"word_loading1","rect":{"x":888,"y":634,"width":313,"height":59},"offset":{"x":0,"y":0},"originalSize":{"width":313,"height":59},"rotated":true,"capInsets":[0,0,0,0],"packable":true,"pixelsToUnit":100,"pivot":{"x":0.5,"y":0.5},"meshType":0}],[0],0,[0],[0],[0]],[[{"name":"icon_olps_xuanzhong","rect":{"x":983,"y":874,"width":28,"height":28},"offset":{"x":0,"y":0},"originalSize":{"width":28,"height":28},"rotated":false,"capInsets":[0,0,0,0],"packable":true,"pixelsToUnit":100,"pivot":{"x":0.5,"y":0.5},"meshType":0}],[0],0,[0],[0],[0]],[[{"name":"word_loading_blue_1","rect":{"x":961,"y":3,"width":483,"height":27},"offset":{"x":0,"y":0},"originalSize":{"width":483,"height":27},"rotated":true,"capInsets":[0,0,0,0],"packable":true,"pixelsToUnit":100,"pivot":{"x":0.5,"y":0.5},"meshType":0}],[0],0,[0],[0],[0]],[[{"name":"auto-starlight","spriteFrames":["icon_xggz_bangzhu_1","7awy3P5FpJp58MgSJwcaTE@f9941","word_spin","7dVqZiix9FcbtWo925nrNz@f9941","zi_tanchuang_title","87CuXK9z1PiYPr3RVn8xj8@f9941","icon_xggz_bangzhu_3","85WkQMULVCWqCPe8egAdhE@f9941","bg_input_box","81v3sOgWBNUa8upNY2SjIO@f9941","bg_starlight_operate_box_gold","a7Mto4LnhD9oTBQdE793nx@f9941","btn_xggz_caozuobox_jian","18eirF6cFJm7sLULVqAlaw@f9941","btn_xggz_caozuobox_jian_1","36VLUEjwBAnbyCfF65YTsk@f9941","word_exit","c1nr9h2LFHH44EdQLH0hgX@f9941","btn_xggz_caozuobox_jia","38MOAlI1xEnIngxkM+VTZB@f9941","btn_xggz_caozuobox_jia_0","e6/C0eIfpCT6iVmlachU7q@f9941","btn_xggx_caidan","aa6ofZFURCnbdd/PyDRH8g@f9941","btn_KONFIRMASI","06Im8otFhHXbPbq+KDmma5@f9941","zi_bonusaktif","e4wIBBvYlDu6gNDX6jAj9v@f9941","zi_totalwin","a5D2wvh7VPt4dMynCQ5pYF@f9941","icon_kaiguan_duihao","64AQruG/ZIUqQ1N2WPDVMi@f9941","icon_kaiguan_jiantou","31YypLdP5E7LeDSHHy18MT@f9941","zi_on","b3PWj4Sr1C/5/9oqIemL1e@f9941","bg_zhuanpan_2","93Z2SgjadGvJvpYzlN0plF@f9941","zi_ting","49YsEB6z1LVa+83AnzJsIB@f9941","zi_ting2","84WBUhxepJ24z4ICF3BIWb@f9941","zi_selamat","edXWdVOZpMFqNwtzrK0NEZ@f9941","word_title_zidong","2fQAOb5RZOfqSVQfCEt014@f9941","zi_dalam","88yqOKn8ZNB6P0NISR4JYt@f9941","zi_goumaixiaoyouxi","22JGyy6cFJwb7F59jZCYlV@f9941","zi_autoplay","05eJDc4kVAtZPyD4OlBvT+@f9941","word_set","52YkSTtV5OH6Lc96O7amQz@f9941","zi_putaran","77/R6/2xpL5KR18Ytn3Lbv@f9941","zi_off","effkMRkI5EaJaFsyS+rp02@f9941","bg_zidongyouxi_box_nei","e2slTFOtpMgLQaA5kPRHcm@f9941","bg_starlight_item_box_tiao","79Wf1lTtJB9q3nEotX2i96@f9941","zi_4","b0XKLfhdxP2JzAt2Up75G6@f9941","word_info","680AeAigFObqwpIkuHvD7f@f9941","zi_3","c0EesY8SdKjJD3nET1IqUq@f9941","bg_starlight_gandabox","55i+1f4kNH6JFLkFp+7lkK@f9941","zi_belipermainan","2dMfG/pwhNIY/sHORdQZzn@f9941","SOUND","6cXwPTtBVL8417uth1FS4v@f9941","word_loading2","5fl+SnxJZE8a4kG2y2J0Tc@f9941","btn_shezhi_off","21ssb0hL9ERZURvNjGYcVf@f9941","btn_shezhi_on","45Hn/ZZMFJ9qq8bOw/HD/b@f9941","zi_anda","f92po+PhZAnonVI0ZorDdI@f9941","bg_free_box","c1uxiDQH9HkZPQNuVpIPii@f9941","bg_starlight_ganda_kaiguan","99kAvFvkBKh6WRC5pwd9a2@f9941","icon_bank_gold","88uE9Vk+FLeYIW00DdOjXX@f9941","btn_olpn_kaiguan","d8pQvxQQJAPJ9sb9rnLowU@f9941","word_vip","30ZHIGH4NIJrFnFgittv96@f9941","btn_jinbi_jia","276KM7NIBJVIxFkX6655WB@f9941","zi_win","a0HtrbOiJKUYVnS+OtBqTb@f9941","bg_starlight_zhuanpan_1","40bAfYmtlPjJkV7u1Be5NZ@f9941","icon_xggz_bangzhu_4","9d0M/K2ORFxapv09sIm14J@f9941","word_loading1","70uZ9A5S1CTZAw3BRZhpPV@f9941","btn_zidongyouxi_xuanzhong","4bakJvG1hIO7Pr7ECSbeah@f9941","zi_2","10R1gBJQ5HAo4NaXPalYnB@f9941","btn_banghzu_fanye","f0pQAdJPdM96u7fgsdku59@f9941","zi_1","caHkHdfwJOO4ngbLtS5+/6@f9941","word_loading_blue_1","95EJ59yi5C6pcrs8sfMVNT@f9941","btn_xggz_kuaisu_0","23jfNaCZZKa6tK0S6E3Nyd@f9941","zi_shezhi","a6XjBU0VtNTZI1osmBuDCg@f9941","icon_olps_xuanzhong","89SOFLccFEF7tm0ZL9GXcE@f9941","zi_maksimum","d7y6kly61K25FfO9B1ZbWs@f9941","zi_ganda","19F0wHfm5E0ZThs8vkwIKb@f9941","icon_xggz_bangzhu_2","87/zu703BFpJUKhWZaZXj5@f9941","img_arow","17ReWv4XFPJLmA6o05fcXs@f9941","zi_spin","48GoI70TNJNYih5wqqaaG5@f9941","bg_starlight_beli_box","6a1sX95XtPHoyWSZVCGpNI@f9941","bg_starlight_rate_box","efybyGgbREnLasMosHgpm6@f9941","bg_starlight_operate_box_win","f7/spbczlOKJF7BhFNzNvf@f9941","bg_starlight_buy_sg_box","04HXeUMZdJzo41DNZuWHrU@f9941","btn_xggz_goumaixiaoyouxi_on","7e57yAwRNDmIYo4Ackt5WO@f9941","btn_xggz_goumaixiaoyouxi_off","5bW5J5OPRIE5ivWITABLrF@f9941","bg_starlight_free_box","86yQVtyvFDO7G5dRBlIy5n@f9941","bg_starlight_item_box","f4ztoxrjJNj79BL5+hCsna@f9941","zi_shengyumiafneicishu","12eGr+ssBDY5V9PZ6+4Cwo@f9941","bg_starlight_zhongjaingdinglan","7edDCEV61Bpa0mP3uVetBo@f9941","zi_kesempatan","acQl6G2whJE6BKC5KFbDxK@f9941","btn_vip","5fk/0zsf5AwLwFniHOAmnK@f9941","MUSIC","a0J4oqR5RD06LHxEoITkWc@f9941","bg_set_box","57h2ACNCtPJ7cyK/LTYxoN@f9941","zi_goodluck","dbhhVEFvpGArXQ+G733DNo@f9941","btn_set","6dzxK2cNRPBqX9+fm68uqm@f9941","SETTINGS","4eE8de1OdJvKoh72LSyWKP@f9941","btn_info","89sigCxEFJGY5py8LiLlKK@f9941","word_title_bangzhu","bayGOm4E1Hu6+KxsdXkbjK@f9941","btn_exit","e350yGmEtMCK0s9LcLxoqH@f9941","btn_xggz_autobox","8eMwUCJj5NqImrLcIkiDJv@f9941","btn_zidongyouxi_weixuan","9aj/QxhElNRrP9/l00KaVs@f9941","btn_xggz_kuaisu_1","33IvWai8dC54CqebR8y4Zv@f9941","img_stop","708zdc301NFJHx5oIeKbOh@f9941","btn_tanchaugn_off","deNiUE8sRJVJD9ODh7QirK@f9941","bg_set_box_nei","9dl08EB0JIhar6qb9Kdik6@f9941","btn_xggz_caozuobox_spin2","5fPl1NYK5IyIcgZ2cAqN59@f9941","btn_xggz_caozuobox_spin","6dSVJOz6pJgJKniPbXXcwW@f9941","bg_zidongyouxibox","ecOz0rNopJdqJkhSZ/TQ5D@f9941"]}],[1],0,[0,0,0,0,0,0,0,0,0,0,0,0,0,0,0,0,0,0,0,0,0,0,0,0,0,0,0,0,0,0,0,0,0,0,0,0,0,0,0,0,0,0,0,0,0,0,0,0,0,0,0,0,0,0,0,0,0,0,0,0,0,0,0,0,0,0,0,0,0,0,0,0,0,0,0,0,0,0,0,0,0,0,0,0,0,0,0,0,0,0,0,0,0],[0,0,0,0,0,0,0,0,0,0,0,0,0,0,0,0,0,0,0,0,0,0,0,0,0,0,0,0,0,0,0,0,0,0,0,0,0,0,0,0,0,0,0,0,0,0,0,0,0,0,0,0,0,0,0,0,0,0,0,0,0,0,0,0,0,0,0,0,0,0,0,0,0,0,0,0,0,0,0,0,0,0,0,0,0,0,0,0,0,0,0,0,0],[1,2,3,4,5,6,7,8,9,10,11,12,13,14,15,16,17,18,19,20,21,22,23,24,25,26,27,28,29,30,31,32,33,34,35,36,37,38,39,40,41,42,43,44,45,46,47,48,49,50,51,52,53,54,55,56,57,58,59,60,61,62,63,64,65,66,67,68,69,70,71,72,73,74,75,76,77,78,79,80,81,82,83,84,85,86,87,88,89,90,91,92,93]],[[{"name":"icon_xggz_bangzhu_4","rect":{"x":3,"y":634,"width":879,"height":362},"offset":{"x":0,"y":0},"originalSize":{"width":879,"height":362},"rotated":false,"capInsets":[0,0,0,0],"packable":true,"pixelsToUnit":100,"pivot":{"x":0.5,"y":0.5},"meshType":0}],[0],0,[0],[0],[0]],[[{"name":"zi_shezhi","rect":{"x":983,"y":616,"width":252,"height":29},"offset":{"x":1.5,"y":-2},"originalSize":{"width":255,"height":33},"rotated":true,"capInsets":[0,0,0,0],"packable":true,"pixelsToUnit":100,"pivot":{"x":0.5,"y":0.5},"meshType":0}],[0],0,[0],[0],[0]],[[{"name":"zi_1","rect":{"x":953,"y":616,"width":305,"height":24},"offset":{"x":0,"y":0},"originalSize":{"width":305,"height":24},"rotated":true,"capInsets":[0,0,0,0],"packable":true,"pixelsToUnit":100,"pivot":{"x":0.5,"y":0.5},"meshType":0}],[0],0,[0],[0],[0]],[[{"name":"zi_maksimum","rect":{"x":994,"y":3,"width":242,"height":21},"offset":{"x":0,"y":0},"originalSize":{"width":242,"height":21},"rotated":true,"capInsets":[0,0,0,0],"packable":true,"pixelsToUnit":100,"pivot":{"x":0.5,"y":0.5},"meshType":0}],[0],0,[0],[0],[0]],[[{"name":"btn_banghzu_fanye","rect":{"x":931,"y":558,"width":52,"height":64},"offset":{"x":-0.5,"y":0},"originalSize":{"width":53,"height":64},"rotated":true,"capInsets":[0,0,0,0],"packable":true,"pixelsToUnit":100,"pivot":{"x":0.5,"y":0.5},"meshType":0}],[0],0,[0],[0],[0]]]]
