[1,["1b9179bc0@6c48a"],["_textureSource"],["cc.SpriteFrame","cc.SpriteAtlas"],0,[[[{"name":"auto_dragonImg","spriteFrames":["0","e4CIiB7wJL87ia1ZONBVqF@f9941","1","a3SAocNhtM8asVflkParxT@f9941","2","6axNOQIMdNTpHe4YQFouaa@f9941","3","97F+SMM31Pjba3G2CmyULy@f9941","4","33MWgAzYBNkr62YwIIuWEV@f9941","5","91BOi9g4hMQ7cKfW+I5Wlq@f9941","bg_lztb_guize_box","72PVO9899DmYjIv/C/rExT@f9941","icon_dt_loading_0","bew+ZP76VBnryikXjmdnJX@f9941","bg_lztb_zhunzhuoban_1","05QiRcBnJNpauFuslhDAf4@f9941","bg_lztb_jackpotban_fengexian","dbRzDcV+BCXJs8UKqYUIew@f9941","btn_off","ddzMgtveNJFIBy9Fe4Fe2Q@f9941","icon_common_gold","35KlF92zxPnZBd310Vmv35@f9941","icon_lztb_jiangchi_1","b3QKGwKnpMdZ/hQdz1PYme@f9941","btn_lztb_jackpot_kaiguan","5agBImZpZOaYsCU1N9zJmM@f9941","icon_lztb_guize_ye_1","5d3w3mB9lMsJ+x1xWhr04J@f9941","icon_lztb_guize_ye_2","9a900TfhlH55k8KEV4F/go@f9941","zi_lztb_congratulations","80ym2E4XNHnZDDw5ZHah2c@f9941","zi_lztb_youwin","8dhCA6A8VKwKL6Yl6iUvB1@f9941","bg_lztb_zhunzhuoban_2","25akgbS3xPkIrZtqVJluaF@f9941","bg_lztb_zhunzhuoban_3","5eRxwimyBFeq42Px3+MDAe@f9941","bg_lztb_jackpot_jinekuang","aebaWHh1FGZrZi18qFu8ih@f9941","btn_lztb_guize_off","4baNvUEUxHtKYiiyuACNF1@f9941","bg_lztb_freegame_jinruban","4cddJqzV1NyKOSWPQXsPfD@f9941","bg_lztb_jackpot_grand","c6lTTD1+dL/LtCu2/Ok75S@f9941","bg_lztb_jackpot_zhongjiangban","c5O/LkNzBCxo79bjBVVsWE@f9941","bg_lztb_jackpot_major","d5Hxmtz+xKxbUzyMGjd60c@f9941","zi_lztb_inspecial","80J6TK7T1PhZjt+j6Km6jR@f9941","icon_dt_loading_1","d5Vkae7XFE6ZvElbjQVRmo@f9941","bg_lztb_guize_1","91W10f95JEzaytcdpt19s0@f9941","bg_lztb_jackpot_mini","57bXupZ1VAVIkO2b4kt74F@f9941","zi_lztb_youwon","f4FtrXiTROXYDcB1rdICHO@f9941","bg_lztb_guize_6","40cMB/NXRFg6kgidf86Zti@f9941","bg_lztb_guize_5","79+hRJDzdB8Z+DX0LdE17K@f9941","bg_lztb_jackpotban","3cfBsV1KxNHognJRnh6FDQ@f9941","zi_lztb_freegame","7fTBDbrlFLWaSl6ownznfR@f9941","zi_lztb_infree","9e2SBVUa1B4Z+mumoD0oLI@f9941","bg_lztb_guize_3","b0dBUgV5RASr4jhFlLp8AT@f9941","bg_lztb_guize_2","c6Byvg+zJJJp+4Gr8//Doz@f9941","bg_lztb_guize_4","fdBw1Al4tEG5bpZDdk7siB@f9941"]}],[1],0,[],[],[]],[[{"name":"bg_lztb_jackpotban","rect":{"x":730,"y":364,"width":270,"height":460},"offset":{"x":0,"y":0},"originalSize":{"width":270,"height":460},"rotated":false,"capInsets":[0,0,0,0],"packable":true,"pixelsToUnit":100,"pivot":{"x":0.5,"y":0.5},"meshType":0}],[0],0,[0],[0],[0]],[[{"name":"bg_lztb_guize_6","rect":{"x":3,"y":3,"width":778,"height":355},"offset":{"x":0,"y":0},"originalSize":{"width":778,"height":355},"rotated":false,"capInsets":[0,0,0,0],"packable":true,"pixelsToUnit":100,"pivot":{"x":0.5,"y":0.5},"meshType":0}],[0],0,[0],[0],[0]],[[{"name":"bg_lztb_guize_5","rect":{"x":3,"y":364,"width":721,"height":355},"offset":{"x":0,"y":0},"originalSize":{"width":721,"height":355},"rotated":false,"capInsets":[0,0,0,0],"packable":true,"pixelsToUnit":100,"pivot":{"x":0.5,"y":0.5},"meshType":0}],[0],0,[0],[0],[0]],[[{"name":"zi_lztb_freegame","rect":{"x":787,"y":3,"width":308,"height":49},"offset":{"x":0,"y":0},"originalSize":{"width":308,"height":49},"rotated":true,"capInsets":[0,0,0,0],"packable":true,"pixelsToUnit":100,"pivot":{"x":0.5,"y":0.5},"meshType":0}],[0],0,[0],[0],[0]],[[{"name":"zi_lztb_infree","rect":{"x":3,"y":725,"width":419,"height":52},"offset":{"x":0,"y":0},"originalSize":{"width":419,"height":52},"rotated":false,"capInsets":[0,0,0,0],"packable":true,"pixelsToUnit":100,"pivot":{"x":0.5,"y":0.5},"meshType":0}],[0],0,[0],[0],[0]]]]
