[1,["408de5fd-8f61-472d-b04d-c5af1a10b6f4@6c48a"],0,[["sp.SkeletonData",["_name","_atlasText","textureNames","_skeletonJson","textures"],-1,3]],[[0,0,1,2,3,4,5]],[[0,"hongsedonghua","\r\nhongsedonghua.png\r\nsize: 256,256\r\nformat: RGBA8888\r\nfilter: Linear,Linear\r\nrepeat: none\r\nSGJtubiaohongse\r\n  rotate: false\r\n  xy: 2, 58\r\n  size: 150, 130\r\n  orig: 150, 130\r\n  offset: 0, 0\r\n  index: -1\r\nsaoguang\r\n  rotate: true\r\n  xy: 2, 2\r\n  size: 54, 177\r\n  orig: 54, 177\r\n  offset: 0, 0\r\n  index: -1\r\n",["hongsedonghua.png"],{"skeleton":{"hash":"8BuMkMwEJT9CBsR/7btEcSUE5JM","spine":"3.6.53","width":166.14,"height":163.34,"images":""},"bones":[{"name":"root"},{"name":"guge3","parent":"root"},{"name":"guge1","parent":"guge3"},{"name":"guge2","parent":"guge3","x":-3.49}],"slots":[{"name":"hongse","bone":"guge3","attachment":"SGJtubiaohongse"},{"name":"caijain","bone":"guge1","attachment":"caijain"},{"name":"saoguang","bone":"guge2","color":"ffb7b4a3","attachment":"saoguang","blend":"additive"}],"skins":{"default":{"caijain":{"caijain":{"type":"clipping","end":"caijain","vertexCount":13,"color":"ce3a3aff","vertices":[-55.98,-48.94,-55.68,-12.52,-56.12,3.19,-55.64,23.26,-56.03,46.07,-55.9,50.91,-47.57,51.34,56.58,50.72,57.02,18.54,56.88,8.71,56.99,-21.05,57.05,-48.65,-40.47,-48.93]}},"hongse":{"SGJtubiaohongse":{"width":150,"height":130}},"saoguang":{"saoguang":{"x":-5.98,"y":0.25,"rotation":45,"width":54,"height":177}}}},"animations":{"animation":{"bones":{"guge3":{"rotate":[{"time":0,"angle":0},{"time":0.3333,"angle":6.87},{"time":1,"angle":-8.77},{"time":1.3333,"angle":0}],"scale":[{"time":0,"x":1,"y":1},{"time":0.3333,"x":1.1,"y":1.1,"curve":"stepped"},{"time":1,"x":1.1,"y":1.1},{"time":1.3333,"x":1,"y":1}]},"guge2":{"translate":[{"time":0,"x":-106.49,"y":0},{"time":0.3333,"x":-101.48,"y":0},{"time":1,"x":130.11,"y":0}]}}}}},[0]]],0,0,[0],[-1],[0]]
