[1,["112a63738@6c48a","9898a66a-cf1b-4f17-beeb-20ca8fd323f0@f9941","07e7bb93-ea1e-4de6-a2ee-95df30003a87@f9941","4f200956-cc67-4639-953a-2f7029cd32ce@f9941","06a7af75-2b18-4e0b-9399-98e87b7dd1e0@f9941","ea601b64-ce68-4ddf-874a-149fba09362e@f9941"],["_textureSource"],["cc.SpriteFrame","cc.SpriteAtlas"],0,[[[{"name":"icon_dt_loading_1","rect":{"x":85,"y":3,"width":772,"height":24},"offset":{"x":0,"y":0},"originalSize":{"width":772,"height":24},"rotated":true,"capInsets":[11,0,11,0],"packable":true,"pixelsToUnit":100,"pivot":{"x":0.5,"y":0.5},"meshType":0}],[0],0,[0],[0],[0]],[[{"name":"Rptidakmencukupi","rect":{"x":3,"y":46,"width":229,"height":76},"offset":{"x":0,"y":0},"originalSize":{"width":229,"height":76},"rotated":true,"capInsets":[0,0,0,0],"packable":true,"pixelsToUnit":100,"pivot":{"x":0.5,"y":0.5},"meshType":0}],[0],0,[0],[0],[0]],[[{"name":"word_down_goodluck","rect":{"x":3,"y":281,"width":279,"height":69},"offset":{"x":0,"y":0},"originalSize":{"width":279,"height":69},"rotated":true,"capInsets":[0,0,0,0],"packable":true,"pixelsToUnit":100,"pivot":{"x":0.5,"y":0.5},"meshType":0}],[0],0,[0],[0],[0]],[[{"name":"auto_common_fruit","spriteFrames":["icon_bank_gold","9898a66a-cf1b-4f17-beeb-20ca8fd323f0@f9941","Rptidakmencukupi","07e7bb93-ea1e-4de6-a2ee-95df30003a87@f9941","word_down_goodluck","4f200956-cc67-4639-953a-2f7029cd32ce@f9941","icon_dt_loading_1","06a7af75-2b18-4e0b-9399-98e87b7dd1e0@f9941","icon_dt_loading_0","ea601b64-ce68-4ddf-874a-149fba09362e@f9941"]}],[1],0,[0,0,0,0,0],[0,0,0,0,0],[1,2,3,4,5]],[[{"name":"icon_bank_gold","rect":{"x":3,"y":3,"width":35,"height":37},"offset":{"x":0,"y":0},"originalSize":{"width":35,"height":37},"rotated":false,"capInsets":[0,0,0,0],"packable":true,"pixelsToUnit":100,"pivot":{"x":0.5,"y":0.5},"meshType":0}],[0],0,[0],[0],[0]],[[{"name":"icon_dt_loading_0","rect":{"x":115,"y":3,"width":796,"height":48},"offset":{"x":0,"y":0},"originalSize":{"width":796,"height":48},"rotated":true,"capInsets":[0,0,0,0],"packable":true,"pixelsToUnit":100,"pivot":{"x":0.5,"y":0.5},"meshType":0}],[0],0,[0],[0],[0]]]]
