[1,["112a63738@6c48a","98mKZqzxtPF77rIMqP0yPw@f9941","0757uT6h5N5qLuld8wADqH@f9941","4fIAlWzGdGOZU6L3ApzTLO@f9941","06p691KxhOC5OZmOh7fdHg@f9941","eaYBtkzmhN34dKFJ+6CTYu@f9941"],["_textureSource"],["cc.SpriteFrame","cc.SpriteAtlas"],0,[[[{"name":"icon_dt_loading_1","rect":{"x":85,"y":3,"width":772,"height":24},"offset":{"x":0,"y":0},"originalSize":{"width":772,"height":24},"rotated":true,"capInsets":[11,0,11,0],"packable":true,"pixelsToUnit":100,"pivot":{"x":0.5,"y":0.5},"meshType":0}],[0],0,[0],[0],[0]],[[{"name":"Rptidakmencukupi","rect":{"x":3,"y":46,"width":229,"height":76},"offset":{"x":0,"y":0},"originalSize":{"width":229,"height":76},"rotated":true,"capInsets":[0,0,0,0],"packable":true,"pixelsToUnit":100,"pivot":{"x":0.5,"y":0.5},"meshType":0}],[0],0,[0],[0],[0]],[[{"name":"word_down_goodluck","rect":{"x":3,"y":281,"width":279,"height":69},"offset":{"x":0,"y":0},"originalSize":{"width":279,"height":69},"rotated":true,"capInsets":[0,0,0,0],"packable":true,"pixelsToUnit":100,"pivot":{"x":0.5,"y":0.5},"meshType":0}],[0],0,[0],[0],[0]],[[{"name":"auto_common_fruit","spriteFrames":["icon_bank_gold","98mKZqzxtPF77rIMqP0yPw@f9941","Rptidakmencukupi","0757uT6h5N5qLuld8wADqH@f9941","word_down_goodluck","4fIAlWzGdGOZU6L3ApzTLO@f9941","icon_dt_loading_1","06p691KxhOC5OZmOh7fdHg@f9941","icon_dt_loading_0","eaYBtkzmhN34dKFJ+6CTYu@f9941"]}],[1],0,[0,0,0,0,0],[0,0,0,0,0],[1,2,3,4,5]],[[{"name":"icon_bank_gold","rect":{"x":3,"y":3,"width":35,"height":37},"offset":{"x":0,"y":0},"originalSize":{"width":35,"height":37},"rotated":false,"capInsets":[0,0,0,0],"packable":true,"pixelsToUnit":100,"pivot":{"x":0.5,"y":0.5},"meshType":0}],[0],0,[0],[0],[0]],[[{"name":"icon_dt_loading_0","rect":{"x":115,"y":3,"width":796,"height":48},"offset":{"x":0,"y":0},"originalSize":{"width":796,"height":48},"rotated":true,"capInsets":[0,0,0,0],"packable":true,"pixelsToUnit":100,"pivot":{"x":0.5,"y":0.5},"meshType":0}],[0],0,[0],[0],[0]]]]
