[1,["115d86679@6c48a"],["_textureSource"],["cc.SpriteFrame"],0,[[[{"name":"icon_sg_grape","rect":{"x":3,"y":481,"width":105,"height":106},"offset":{"x":0,"y":0},"originalSize":{"width":105,"height":106},"rotated":true,"capInsets":[0,0,0,0],"packable":true,"pixelsToUnit":100,"pivot":{"x":0.5,"y":0.5},"meshType":0}],[0],0,[0],[0],[0]],[[{"name":"icon_sg_apple","rect":{"x":3,"y":254,"width":115,"height":107},"offset":{"x":0,"y":0},"originalSize":{"width":115,"height":107},"rotated":false,"capInsets":[0,0,0,0],"packable":true,"pixelsToUnit":100,"pivot":{"x":0.5,"y":0.5},"meshType":0}],[0],0,[0],[0],[0]],[[{"name":"icon_sg_1up","rect":{"x":3,"y":592,"width":106,"height":104},"offset":{"x":0,"y":0},"originalSize":{"width":106,"height":104},"rotated":false,"capInsets":[0,0,0,0],"packable":true,"pixelsToUnit":100,"pivot":{"x":0.5,"y":0.5},"meshType":0}],[0],0,[0],[0],[0]],[[{"name":"icon_sg_banana","rect":{"x":3,"y":3,"width":120,"height":120},"offset":{"x":0,"y":0},"originalSize":{"width":120,"height":120},"rotated":false,"capInsets":[0,0,0,0],"packable":true,"pixelsToUnit":100,"pivot":{"x":0.5,"y":0.5},"meshType":0}],[0],0,[0],[0],[0]],[[{"name":"icon_sg_2pick","rect":{"x":3,"y":702,"width":104,"height":104},"offset":{"x":0,"y":0},"originalSize":{"width":104,"height":104},"rotated":false,"capInsets":[0,0,0,0],"packable":true,"pixelsToUnit":100,"pivot":{"x":0.5,"y":0.5},"meshType":0}],[0],0,[0],[0],[0]],[[{"name":"icon_sg_strawberry","rect":{"x":3,"y":367,"width":109,"height":108},"offset":{"x":0,"y":0},"originalSize":{"width":109,"height":108},"rotated":false,"capInsets":[0,0,0,0],"packable":true,"pixelsToUnit":100,"pivot":{"x":0.5,"y":0.5},"meshType":0}],[0],0,[0],[0],[0]],[[{"name":"icon_sg_watermelon","rect":{"x":3,"y":129,"width":119,"height":119},"offset":{"x":-0.5,"y":0},"originalSize":{"width":120,"height":119},"rotated":false,"capInsets":[0,0,0,0],"packable":true,"pixelsToUnit":100,"pivot":{"x":0.5,"y":0.5},"meshType":0}],[0],0,[0],[0],[0]]]]
