[1,["61tmFq9LRAL7li/kdEIvo8@6c48a","61tmFq9LRAL7li/kdEIvo8@f9941"],["_textureSource","spriteFrame"],["cc.SpriteFrame",["cc.BitmapFont",["_name","fontSize","fntConfig"],0]],[[1,0,1,2,4]],[[[{"name":"shuzi_xyx_0","rect":{"x":2,"y":0,"width":229,"height":32},"offset":{"x":-11.5,"y":112},"originalSize":{"width":256,"height":256},"rotated":false,"capInsets":[0,0,0,0],"vertices":{"rawPosition":[-114.5,-16,0,114.5,-16,0,-114.5,16,0,114.5,16,0],"indexes":[0,1,2,2,1,3],"uv":[2,256,231,256,2,224,231,224],"nuv":[0.0078125,0.875,0.90234375,0.875,0.0078125,1,0.90234375,1],"minPos":{"x":-114.5,"y":-16,"z":0},"maxPos":{"x":114.5,"y":16,"z":0}},"packable":true,"pixelsToUnit":100,"pivot":{"x":0.5,"y":0.5},"meshType":0}],[0],0,[0],[0],[0]],[[[0,"shuzi_xyx",32,{"commonHeight":32,"fontSize":32,"atlasName":"shuzi_xyx_0.png","fontDefDictionary":{"48":{"xOffset":0,"yOffset":0,"xAdvance":22,"rect":{"x":23,"y":0,"width":22,"height":32}},"49":{"xOffset":0,"yOffset":0,"xAdvance":17,"rect":{"x":216,"y":0,"width":17,"height":32}},"50":{"xOffset":0,"yOffset":0,"xAdvance":21,"rect":{"x":111,"y":0,"width":21,"height":32}},"51":{"xOffset":0,"yOffset":0,"xAdvance":22,"rect":{"x":45,"y":0,"width":22,"height":32}},"52":{"xOffset":0,"yOffset":0,"xAdvance":23,"rect":{"x":0,"y":0,"width":23,"height":32}},"53":{"xOffset":0,"yOffset":0,"xAdvance":22,"rect":{"x":67,"y":0,"width":22,"height":32}},"54":{"xOffset":0,"yOffset":0,"xAdvance":21,"rect":{"x":132,"y":0,"width":21,"height":32}},"55":{"xOffset":0,"yOffset":0,"xAdvance":21,"rect":{"x":153,"y":0,"width":21,"height":32}},"56":{"xOffset":0,"yOffset":0,"xAdvance":21,"rect":{"x":174,"y":0,"width":21,"height":32}},"57":{"xOffset":0,"yOffset":0,"xAdvance":22,"rect":{"x":89,"y":0,"width":22,"height":32}},"88":{"xOffset":0,"yOffset":0,"xAdvance":21,"rect":{"x":195,"y":0,"width":21,"height":32}}},"kerningDict":{}}]],0,0,[0],[1],[1]]]]
