[1,["95Sb/KlRdBoJWtDGRSULsn@6c48a"],["_textureSource"],["cc.SpriteFrame"],0,[{"name":"infreespins_in_es","rect":{"x":0,"y":0,"width":74,"height":55},"offset":{"x":0,"y":0},"originalSize":{"width":74,"height":55},"rotated":false,"capInsets":[0,0,0,0],"vertices":{"rawPosition":[-37,-27.5,0,37,-27.5,0,-37,27.5,0,37,27.5,0],"indexes":[0,1,2,2,1,3],"uv":[0,55,74,55,0,0,74,0],"nuv":[0,0,1,0,0,1,1,1],"minPos":{"x":-37,"y":-27.5,"z":0},"maxPos":{"x":37,"y":27.5,"z":0}},"packable":true,"pixelsToUnit":100,"pivot":{"x":0.5,"y":0.5},"meshType":0}],[0],0,[0],[0],[0]]
