[1,["79OUwFGN5M3pqwTNTNfb2K@6c48a"],["_textureSource"],["cc.SpriteFrame"],0,[{"name":"bg_hu_tanchuang_3","rect":{"x":0,"y":0,"width":673,"height":579},"offset":{"x":0,"y":0},"originalSize":{"width":673,"height":579},"rotated":false,"capInsets":[0,0,0,0],"vertices":{"rawPosition":[-336.5,-289.5,0,336.5,-289.5,0,-336.5,289.5,0,336.5,289.5,0],"indexes":[0,1,2,2,1,3],"uv":[0,579,673,579,0,0,673,0],"nuv":[0,0,1,0,0,1,1,1],"minPos":{"x":-336.5,"y":-289.5,"z":0},"maxPos":{"x":336.5,"y":289.5,"z":0}},"packable":true,"pixelsToUnit":100,"pivot":{"x":0.5,"y":0.5},"meshType":0}],[0],0,[0],[0],[0]]
