[1,["7cApU+HoVAB5PTtCz6amCa@6c48a"],["_textureSource"],["cc.SpriteFrame"],0,[{"name":"sea_icon_treasurebox_11","rect":{"x":0,"y":112,"width":449,"height":378},"offset":{"x":-31.5,"y":-45},"originalSize":{"width":512,"height":512},"rotated":false,"capInsets":[0,0,0,0],"vertices":{"rawPosition":[-224.5,-189,0,224.5,-189,0,-224.5,189,0,224.5,189,0],"indexes":[0,1,2,2,1,3],"uv":[0,400,449,400,0,22,449,22],"nuv":[0,0.04296875,0.876953125,0.04296875,0,0.78125,0.876953125,0.78125],"minPos":{"x":-224.5,"y":-189,"z":0},"maxPos":{"x":224.5,"y":189,"z":0}},"packable":true,"pixelsToUnit":100,"pivot":{"x":0.5,"y":0.5},"meshType":0}],[0],0,[0],[0],[0]]
