[1,["fcB/tqH+BBjqmEgQgia4JX@6c48a"],["_textureSource"],["cc.SpriteFrame"],0,[{"name":"ocean_pearl_lightning_big_05","rect":{"x":259,"y":89,"width":507,"height":341},"offset":{"x":0.5,"y":-3.5},"originalSize":{"width":1024,"height":512},"rotated":false,"capInsets":[0,0,0,0],"vertices":{"rawPosition":[-253.5,-170.5,0,253.5,-170.5,0,-253.5,170.5,0,253.5,170.5,0],"indexes":[0,1,2,2,1,3],"uv":[259,423,766,423,259,82,766,82],"nuv":[0.2529296875,0.16015625,0.748046875,0.16015625,0.2529296875,0.826171875,0.748046875,0.826171875],"minPos":{"x":-253.5,"y":-170.5,"z":0},"maxPos":{"x":253.5,"y":170.5,"z":0}},"packable":true,"pixelsToUnit":100,"pivot":{"x":0.5,"y":0.5},"meshType":0}],[0],0,[0],[0],[0]]
