[1,["fct7vuEiBGA6macJGJ+OFj@6c48a"],["_textureSource"],["cc.SpriteFrame"],0,[{"name":"sea_icon_treasurebox_00","rect":{"x":82,"y":169,"width":68,"height":68},"offset":{"x":-140,"y":53},"originalSize":{"width":512,"height":512},"rotated":false,"capInsets":[0,0,0,0],"vertices":{"rawPosition":[-34,-34,0,34,-34,0,-34,34,0,34,34,0],"indexes":[0,1,2,2,1,3],"uv":[82,343,150,343,82,275,150,275],"nuv":[0.16015625,0.537109375,0.29296875,0.537109375,0.16015625,0.669921875,0.29296875,0.669921875],"minPos":{"x":-34,"y":-34,"z":0},"maxPos":{"x":34,"y":34,"z":0}},"packable":true,"pixelsToUnit":100,"pivot":{"x":0.5,"y":0.5},"meshType":0}],[0],0,[0],[0],[0]]
