[1,["6efIf2uGZL2IYh2A7QpzKF@f9941"],["spriteFrame"],[["cc.LabelAtlas",["_name","fontSize","fntConfig"],0]],[[0,0,1,2,4]],[[0,"number-atlas-1",34.32,{"commonHeight":39,"fontSize":34,"atlasName":"number","fontDefDictionary":{"46":{"xOffset":0,"yOffset":0,"xAdvance":28,"rect":{"x":0,"y":0,"width":28,"height":39}},"47":{"xOffset":0,"yOffset":0,"xAdvance":28,"rect":{"x":28,"y":0,"width":28,"height":39}},"48":{"xOffset":0,"yOffset":0,"xAdvance":28,"rect":{"x":56,"y":0,"width":28,"height":39}},"49":{"xOffset":0,"yOffset":0,"xAdvance":28,"rect":{"x":84,"y":0,"width":28,"height":39}},"50":{"xOffset":0,"yOffset":0,"xAdvance":28,"rect":{"x":112,"y":0,"width":28,"height":39}},"51":{"xOffset":0,"yOffset":0,"xAdvance":28,"rect":{"x":140,"y":0,"width":28,"height":39}},"52":{"xOffset":0,"yOffset":0,"xAdvance":28,"rect":{"x":168,"y":0,"width":28,"height":39}},"53":{"xOffset":0,"yOffset":0,"xAdvance":28,"rect":{"x":196,"y":0,"width":28,"height":39}},"54":{"xOffset":0,"yOffset":0,"xAdvance":28,"rect":{"x":224,"y":0,"width":28,"height":39}},"55":{"xOffset":0,"yOffset":0,"xAdvance":28,"rect":{"x":252,"y":0,"width":28,"height":39}},"56":{"xOffset":0,"yOffset":0,"xAdvance":28,"rect":{"x":280,"y":0,"width":28,"height":39}},"57":{"xOffset":0,"yOffset":0,"xAdvance":28,"rect":{"x":308,"y":0,"width":28,"height":39}}},"kerningDict":{}}]],0,0,[0],[0],[0]]
