[1,["5dYlhBKllGzIBOlOeGNqKb@f9941","20g1ukYUVPvKWKBRznAKo+@f9941","dc621C8u9LOL0NyQ7iXcBl@f9941","abbK7YAkxKAolZ77dafksf@f9941","2fLFMpqFVBzK+POp8ZnevX@f9941","f9Jcy3JEBCEpbHd479pvNM@f9941","abLQbIDrNJdb+rf0F8naA1@f9941","54TknWPwVPqJqeCR+Y/Czo@f9941","95EkngnxZFbYuFpsqVTaFr@f9941","77u43kSKpIM4VidZI7XzpN@f9941","96D2eFoaZLUKfod8EUf1kz@f9941","4dhVKSsMJHyov64l4+e3Mb@f9941","924w4GLN1IbL4BfRiGkK6X@f9941","2cov6MlgtP86rZZpY6pDWU@f9941","1czb2rcr1JVL+snOBC63gf@6c48a","20g1ukYUVPvKWKBRznAKo+@6c48a","242rRzU+xEXICC+p5CtMIP@6c48a","2cov6MlgtP86rZZpY6pDWU@6c48a","2dUHy3ld5CUoHwr4m3o7G0@6c48a","2fLFMpqFVBzK+POp8ZnevX@6c48a","4dhVKSsMJHyov64l4+e3Mb@6c48a","530M8v54NEk7cXcMSYp7Nn@6c48a","54TknWPwVPqJqeCR+Y/Czo@6c48a","5dYlhBKllGzIBOlOeGNqKb@6c48a","64oD7RVsFOvqRazkLII/lz@6c48a","71svANRRFHRrrKckkPOM7C@6c48a","77u43kSKpIM4VidZI7XzpN@6c48a","91gewp9s1AH65H59yRb8J9@6c48a","924w4GLN1IbL4BfRiGkK6X@6c48a","94+l+cHjZL6YTUwitbUOV6@6c48a","95EkngnxZFbYuFpsqVTaFr@6c48a","96D2eFoaZLUKfod8EUf1kz@6c48a","a3ky/+z9BGJqvxD5U/Own0@f9941","64oD7RVsFOvqRazkLII/lz@f9941","c1c4e7trRLk6qsLn2bfdz5@f9941","530M8v54NEk7cXcMSYp7Nn@f9941","91gewp9s1AH65H59yRb8J9@f9941","f3dmDH6hdLR4r2G5/9VyhR@f9941","94+l+cHjZL6YTUwitbUOV6@f9941","242rRzU+xEXICC+p5CtMIP@f9941","e8BSU550FOzYm/IEdeBDrU@f9941","f5C+ddOr1Ggajq1XuLKzD5@f9941","1czb2rcr1JVL+snOBC63gf@f9941","71svANRRFHRrrKckkPOM7C@f9941","d1yVmQn4lMHZ3N8iqYu+av@f9941","b84XkTPDJAnbBAYjoGf1f+@f9941","2dUHy3ld5CUoHwr4m3o7G0@f9941","c2PMdE2OJHNbIEx8MIXEf5@f9941","a3ky/+z9BGJqvxD5U/Own0@6c48a","abLQbIDrNJdb+rf0F8naA1@6c48a","abbK7YAkxKAolZ77dafksf@6c48a","b84XkTPDJAnbBAYjoGf1f+@6c48a","c1c4e7trRLk6qsLn2bfdz5@6c48a","c2PMdE2OJHNbIEx8MIXEf5@6c48a","d1yVmQn4lMHZ3N8iqYu+av@6c48a","dc621C8u9LOL0NyQ7iXcBl@6c48a","e8BSU550FOzYm/IEdeBDrU@6c48a","f3dmDH6hdLR4r2G5/9VyhR@6c48a","f5C+ddOr1Ggajq1XuLKzD5@6c48a","f9Jcy3JEBCEpbHd479pvNM@6c48a"],["node","_spriteFrame","_textureSource","_normalSprite","_target","_parent","_checkMark","_hoverSprite","_pressedSprite","_disabledSprite","_placeholderLabel","_textLabel","root","data"],["cc.SpriteFrame",["cc.Node",["_name","_layer","_active","_objFlags","_components","_prefab","_parent","_children","_lpos"],-1,9,4,1,2,5],["cc.Label",["_string","_actualFontSize","_fontSize","_overflow","_lineHeight","_enableWrapText","_enableOutline","_outlineWidth","_horizontalAlign","node","__prefab","_color","_outlineColor"],-6,1,4,5,5],["cc.Sprite",["_sizeMode","_type","node","__prefab","_spriteFrame"],1,1,4,6],["cc.UITransform",["node","__prefab","_contentSize","_anchorPoint"],3,1,4,5,5],["cc.Button",["_transition","_zoomScale","node","__prefab","_normalSprite","_target","_normalColor","_hoverSprite","_pressedSprite","_disabledSprite"],1,1,4,6,1,5,6,6,6],["cc.Node",["_name","_layer","_active","_parent","_components","_prefab","_lpos"],0,1,12,4,5],["cc.Widget",["_alignFlags","_bottom","_top","_originalWidth","_originalHeight","_verticalCenter","node","__prefab"],-3,1,4],["cc.Layout",["_layoutType","_paddingTop","_spacingX","node","__prefab"],0,1,4],["cc.Toggle",["_isChecked","node","__prefab","_normalSprite","_target","_checkMark"],2,1,4,6,1,1],["cc.EditBox",["_inputMode","_maxLength","node","__prefab","_textLabel","_placeholderLabel"],1,1,4,1,1],["cc.Prefab",["_name"],2],["cc.CompPrefabInfo",["fileId"],2],["cc.PrefabInfo",["fileId","instance","targetOverrides","nestedPrefabInstanceRoots","root","asset"],-1,1,1],["cc.LabelOutline",["node","__prefab"],3,1,4],["cc.BlockInputEvents",["node","__prefab"],3,1,4]],[[12,0,2],[13,0,1,2,3,4,5,5],[4,0,1,2,1],[1,0,1,6,7,4,5,8,3],[1,0,1,6,4,5,8,3],[3,2,3,4,1],[3,0,2,3,4,2],[1,0,1,7,4,5,8,3],[5,0,1,2,3,4,3],[6,0,2,1,3,4,5,4],[4,0,1,2,3,1],[3,1,0,2,3,4,3],[9,0,1,2,5,3,2],[14,0,1,1],[1,0,1,6,4,5,3],[1,0,6,4,5,8,2],[3,0,2,3,2],[2,0,1,2,6,7,9,10,12,6],[5,0,1,2,3,5,4,3],[2,0,1,2,9,10,4],[2,0,1,2,3,5,9,10,11,6],[1,0,2,1,6,4,5,8,4],[1,0,3,1,6,4,5,4],[5,0,2,3,6,5,4,7,8,9,2],[1,0,2,1,6,7,4,5,4],[1,0,6,7,4,5,8,2],[6,0,1,3,4,5,6,3],[6,0,2,1,3,4,5,6,4],[7,0,5,6,7,3],[3,1,2,3,2],[3,2,3,1],[8,3,4,1],[2,0,1,2,9,10,11,4],[2,0,1,2,4,3,5,9,10,7],[2,0,1,2,3,5,9,10,6],[11,0,2],[1,0,2,1,6,7,4,5,8,4],[1,0,1,7,4,5,3],[1,0,1,6,7,4,5,3],[1,0,2,6,7,4,5,8,3],[4,0,1,3,1],[4,0,1,1],[7,0,2,1,3,4,6,7,6],[7,0,1,6,7,3],[8,0,1,2,3,4,4],[5,0,1,2,3,6,5,4,3],[9,0,1,2,4,3,2],[10,0,2,3,4,5,2],[10,0,1,2,3,4,5,3],[2,0,1,6,7,9,10,12,5],[2,0,1,2,4,6,7,9,10,12,7],[2,0,8,1,2,4,3,5,9,10,8],[2,0,1,2,4,3,5,9,10,11,7],[2,0,1,2,4,9,10,5],[2,0,1,2,3,9,10,11,5],[15,0,1,1]],[[[{"name":"bg_xiazhutishi","rect":{"x":1,"y":0,"width":180,"height":182},"offset":{"x":0,"y":0},"originalSize":{"width":182,"height":182},"rotated":false,"capInsets":[72,0,66,0],"vertices":{"rawPosition":[-90,-91,0,90,-91,0,-90,91,0,90,91,0],"indexes":[0,1,2,2,1,3],"uv":[1,182,181,182,1,0,181,0],"nuv":[0.005494505494505495,0,0.9945054945054945,0,0.005494505494505495,1,0.9945054945054945,1],"minPos":{"x":-90,"y":-91,"z":0},"maxPos":{"x":90,"y":91,"z":0}},"packable":true,"pixelsToUnit":100,"pivot":{"x":0.5,"y":0.5},"meshType":0}],[0],0,[0],[2],[14]],[[{"name":"default_btn_normal","rect":{"x":0,"y":0,"width":40,"height":40},"offset":{"x":0,"y":0},"originalSize":{"width":40,"height":40},"rotated":false,"capInsets":[12,12,12,12],"vertices":{"rawPosition":[-20,-20,0,20,-20,0,-20,20,0,20,20,0],"indexes":[0,1,2,2,1,3],"uv":[0,40,40,40,0,0,40,0],"nuv":[0,0,1,0,0,1,1,1],"minPos":{"x":-20,"y":-20,"z":0},"maxPos":{"x":20,"y":20,"z":0}},"packable":true,"pixelsToUnit":100,"pivot":{"x":0.5,"y":0.5},"meshType":0}],[0],0,[0],[2],[15]],[[{"name":"bg_xzq_di_2","rect":{"x":0,"y":0,"width":250,"height":60},"offset":{"x":0,"y":0},"originalSize":{"width":250,"height":60},"rotated":false,"capInsets":[0,0,0,0],"vertices":{"rawPosition":[-125,-30,0,125,-30,0,-125,30,0,125,30,0],"indexes":[0,1,2,2,1,3],"uv":[0,60,250,60,0,0,250,0],"nuv":[0,0,1,0,0,1,1,1],"minPos":{"x":-125,"y":-30,"z":0},"maxPos":{"x":125,"y":30,"z":0}},"packable":true,"pixelsToUnit":100,"pivot":{"x":0.5,"y":0.5},"meshType":0}],[0],0,[0],[2],[16]],[[{"name":"btn_longhu_topup","rect":{"x":0,"y":0,"width":322,"height":90},"offset":{"x":0,"y":0},"originalSize":{"width":322,"height":90},"rotated":false,"capInsets":[0,0,0,0],"vertices":{"rawPosition":[-161,-45,0,161,-45,0,-161,45,0,161,45,0],"indexes":[0,1,2,2,1,3],"uv":[0,90,322,90,0,0,322,0],"nuv":[0,0,1,0,0,1,1,1],"minPos":{"x":-161,"y":-45,"z":0},"maxPos":{"x":161,"y":45,"z":0}},"packable":true,"pixelsToUnit":100,"pivot":{"x":0.5,"y":0.5},"meshType":0}],[0],0,[0],[2],[17]],[[{"name":"btn_jia_0","rect":{"x":0,"y":0,"width":68,"height":68},"offset":{"x":0,"y":0},"originalSize":{"width":68,"height":68},"rotated":false,"capInsets":[0,0,0,0],"vertices":{"rawPosition":[-34,-34,0,34,-34,0,-34,34,0,34,34,0],"indexes":[0,1,2,2,1,3],"uv":[0,68,68,68,0,0,68,0],"nuv":[0,0,1,0,0,1,1,1],"minPos":{"x":-34,"y":-34,"z":0},"maxPos":{"x":34,"y":34,"z":0}},"packable":true,"pixelsToUnit":100,"pivot":{"x":0.5,"y":0.5},"meshType":0}],[0],0,[0],[2],[18]],[[{"name":"btn_jian_1","rect":{"x":0,"y":0,"width":69,"height":69},"offset":{"x":0,"y":0},"originalSize":{"width":69,"height":69},"rotated":false,"capInsets":[0,0,0,0],"vertices":{"rawPosition":[-34.5,-34.5,0,34.5,-34.5,0,-34.5,34.5,0,34.5,34.5,0],"indexes":[0,1,2,2,1,3],"uv":[0,69,69,69,0,0,69,0],"nuv":[0,0,1,0,0,1,1,1],"minPos":{"x":-34.5,"y":-34.5,"z":0},"maxPos":{"x":34.5,"y":34.5,"z":0}},"packable":true,"pixelsToUnit":100,"pivot":{"x":0.5,"y":0.5},"meshType":0}],[0],0,[0],[2],[19]],[[{"name":"Reset","rect":{"x":0,"y":0,"width":45,"height":17},"offset":{"x":0,"y":0},"originalSize":{"width":45,"height":17},"rotated":false,"capInsets":[0,0,0,0],"vertices":{"rawPosition":[-22.5,-8.5,0,22.5,-8.5,0,-22.5,8.5,0,22.5,8.5,0],"indexes":[0,1,2,2,1,3],"uv":[0,17,45,17,0,0,45,0],"nuv":[0,0,1,0,0,1,1,1],"minPos":{"x":-22.5,"y":-8.5,"z":0},"maxPos":{"x":22.5,"y":8.5,"z":0}},"packable":true,"pixelsToUnit":100,"pivot":{"x":0.5,"y":0.5},"meshType":0}],[0],0,[0],[2],[20]],[[{"name":"bg_xinxiban","rect":{"x":0,"y":0,"width":224,"height":130},"offset":{"x":0,"y":0},"originalSize":{"width":224,"height":130},"rotated":false,"capInsets":[0,0,0,0],"vertices":{"rawPosition":[-112,-65,0,112,-65,0,-112,65,0,112,65,0],"indexes":[0,1,2,2,1,3],"uv":[0,130,224,130,0,0,224,0],"nuv":[0,0,1,0,0,1,1,1],"minPos":{"x":-112,"y":-65,"z":0},"maxPos":{"x":112,"y":65,"z":0}},"packable":true,"pixelsToUnit":100,"pivot":{"x":0.5,"y":0.5},"meshType":0}],[0],0,[0],[2],[21]],[[{"name":"default_btn_pressed","rect":{"x":0,"y":0,"width":40,"height":40},"offset":{"x":0,"y":0},"originalSize":{"width":40,"height":40},"rotated":false,"capInsets":[12,12,12,12],"vertices":{"rawPosition":[-20,-20,0,20,-20,0,-20,20,0,20,20,0],"indexes":[0,1,2,2,1,3],"uv":[0,40,40,40,0,0,40,0],"nuv":[0,0,1,0,0,1,1,1],"minPos":{"x":-20,"y":-20,"z":0},"maxPos":{"x":20,"y":20,"z":0}},"packable":true,"pixelsToUnit":100,"pivot":{"x":0.5,"y":0.5},"meshType":0}],[0],0,[0],[2],[22]],[[{"name":"btn_xiazhujine","rect":{"x":0,"y":0,"width":102,"height":62},"offset":{"x":0,"y":0},"originalSize":{"width":102,"height":62},"rotated":false,"capInsets":[0,0,0,0],"vertices":{"rawPosition":[-51,-31,0,51,-31,0,-51,31,0,51,31,0],"indexes":[0,1,2,2,1,3],"uv":[0,62,102,62,0,0,102,0],"nuv":[0,0,1,0,0,1,1,1],"minPos":{"x":-51,"y":-31,"z":0},"maxPos":{"x":51,"y":31,"z":0}},"packable":true,"pixelsToUnit":100,"pivot":{"x":0.5,"y":0.5},"meshType":0}],[0],0,[0],[2],[23]],[[{"name":"head","rect":{"x":0,"y":0,"width":140,"height":140},"offset":{"x":0,"y":0},"originalSize":{"width":140,"height":140},"rotated":false,"capInsets":[0,0,0,0],"vertices":{"rawPosition":[-70,-70,0,70,-70,0,-70,70,0,70,70,0],"indexes":[0,1,2,2,1,3],"uv":[0,140,140,140,0,0,140,0],"nuv":[0,0,1,0,0,1,1,1],"minPos":{"x":-70,"y":-70,"z":0},"maxPos":{"x":70,"y":70,"z":0}},"packable":true,"pixelsToUnit":100,"pivot":{"x":0.5,"y":0.5},"meshType":0}],[0],0,[0],[2],[24]],[[{"name":"icon_longhu_suo","rect":{"x":0,"y":0,"width":43,"height":47},"offset":{"x":0,"y":0},"originalSize":{"width":43,"height":47},"rotated":false,"capInsets":[0,0,0,0],"vertices":{"rawPosition":[-21.5,-23.5,0,21.5,-23.5,0,-21.5,23.5,0,21.5,23.5,0],"indexes":[0,1,2,2,1,3],"uv":[0,47,43,47,0,0,43,0],"nuv":[0,0,1,0,0,1,1,1],"minPos":{"x":-21.5,"y":-23.5,"z":0},"maxPos":{"x":21.5,"y":23.5,"z":0}},"packable":true,"pixelsToUnit":100,"pivot":{"x":0.5,"y":0.5},"meshType":0}],[0],0,[0],[2],[25]],[[{"name":"btn_hj_jinbi_goumai@2x","rect":{"x":0,"y":0,"width":24,"height":24},"offset":{"x":0,"y":0},"originalSize":{"width":24,"height":24},"rotated":false,"capInsets":[0,0,0,0],"vertices":{"rawPosition":[-12,-12,0,12,-12,0,-12,12,0,12,12,0],"indexes":[0,1,2,2,1,3],"uv":[0,24,24,24,0,0,24,0],"nuv":[0,0,1,0,0,1,1,1],"minPos":{"x":-12,"y":-12,"z":0},"maxPos":{"x":12,"y":12,"z":0}},"packable":true,"pixelsToUnit":100,"pivot":{"x":0.5,"y":0.5},"meshType":0}],[0],0,[0],[2],[26]],[[{"name":"Bet amount","rect":{"x":0,"y":0,"width":94,"height":13},"offset":{"x":0,"y":0},"originalSize":{"width":94,"height":13},"rotated":false,"capInsets":[0,0,0,0],"vertices":{"rawPosition":[-47,-6.5,0,47,-6.5,0,-47,6.5,0,47,6.5,0],"indexes":[0,1,2,2,1,3],"uv":[0,13,94,13,0,0,94,0],"nuv":[0,0,1,0,0,1,1,1],"minPos":{"x":-47,"y":-6.5,"z":0},"maxPos":{"x":47,"y":6.5,"z":0}},"packable":true,"pixelsToUnit":100,"pivot":{"x":0.5,"y":0.5},"meshType":0}],[0],0,[0],[2],[27]],[[{"name":"Max","rect":{"x":0,"y":0,"width":35,"height":17},"offset":{"x":0,"y":0},"originalSize":{"width":35,"height":17},"rotated":false,"capInsets":[0,0,0,0],"vertices":{"rawPosition":[-17.5,-8.5,0,17.5,-8.5,0,-17.5,8.5,0,17.5,8.5,0],"indexes":[0,1,2,2,1,3],"uv":[0,17,35,17,0,0,35,0],"nuv":[0,0,1,0,0,1,1,1],"minPos":{"x":-17.5,"y":-8.5,"z":0},"maxPos":{"x":17.5,"y":8.5,"z":0}},"packable":true,"pixelsToUnit":100,"pivot":{"x":0.5,"y":0.5},"meshType":0}],[0],0,[0],[2],[28]],[[{"name":"Auto stop","rect":{"x":0,"y":0,"width":79,"height":17},"offset":{"x":0,"y":0},"originalSize":{"width":79,"height":17},"rotated":false,"capInsets":[0,0,0,0],"vertices":{"rawPosition":[-39.5,-8.5,0,39.5,-8.5,0,-39.5,8.5,0,39.5,8.5,0],"indexes":[0,1,2,2,1,3],"uv":[0,17,79,17,0,0,79,0],"nuv":[0,0,1,0,0,1,1,1],"minPos":{"x":-39.5,"y":-8.5,"z":0},"maxPos":{"x":39.5,"y":8.5,"z":0}},"packable":true,"pixelsToUnit":100,"pivot":{"x":0.5,"y":0.5},"meshType":0}],[0],0,[0],[2],[29]],[[{"name":"default_btn_disabled","rect":{"x":0,"y":0,"width":40,"height":40},"offset":{"x":0,"y":0},"originalSize":{"width":40,"height":40},"rotated":false,"capInsets":[12,12,12,12],"vertices":{"rawPosition":[-20,-20,0,20,-20,0,-20,20,0,20,20,0],"indexes":[0,1,2,2,1,3],"uv":[0,40,40,40,0,0,40,0],"nuv":[0,0,1,0,0,1,1,1],"minPos":{"x":-20,"y":-20,"z":0},"maxPos":{"x":20,"y":20,"z":0}},"packable":true,"pixelsToUnit":100,"pivot":{"x":0.5,"y":0.5},"meshType":0}],[0],0,[0],[2],[30]],[[{"name":"icon_hj_jinbi@2x","rect":{"x":0,"y":0,"width":26,"height":28},"offset":{"x":0,"y":0},"originalSize":{"width":26,"height":28},"rotated":false,"capInsets":[0,0,0,0],"vertices":{"rawPosition":[-13,-14,0,13,-14,0,-13,14,0,13,14,0],"indexes":[0,1,2,2,1,3],"uv":[0,28,26,28,0,0,26,0],"nuv":[0,0,1,0,0,1,1,1],"minPos":{"x":-13,"y":-14,"z":0},"maxPos":{"x":13,"y":14,"z":0}},"packable":true,"pixelsToUnit":100,"pivot":{"x":0.5,"y":0.5},"meshType":0}],[0],0,[0],[2],[31]],[[[35,"bottom_actionBar"],[7,"bottom_actionBar",33554432,[-4,-5,-6,-7,-8,-9],[[2,-2,[0,"efAWPLUIJNjaLF5HAUnkXQ"],[5,1334,150]],[42,45,599,1,1300,150,-3,[0,"47yVNuDrBGXam5ThzNX1kq"]]],[1,"d1/meMK75AOZmieEwDb9Hb",null,null,null,-1,0],[1,0,-299,0]],[3,"avatarPanel",33554432,1,[-12,-13,-14,-15,-16,-17,-18],[[2,-10,[0,"79uomhwoZGa7BxsmELWuP/"],[5,224,130]],[6,2,-11,[0,"b0ZN84SxFKuK9RHPss6Wc6"],6]],[1,"ddgfwlfGFMRrvLhMAUGyzC",null,null,null,1,0],[1,-539.581,6,0]],[7,"props_btn_redouble",33554432,[-22,-23,-24,-25,-26],[[2,-19,[0,"82wZoDdCRD9q7TMY/WZKmr"],[5,535,70]],[31,-20,[0,"c3yiw/uv9LoLsujwvNsrK1"]],[44,3,5,5,-21,[0,"c8svjvIaBMlZTcUgfLgAfl"]]],[1,"dbCw7dUVBHhpq9S2be+O3F",null,null,null,1,0],[1,276,-28,0]],[36,"props_layout_lock",false,33554432,1,[-30,-31,-32,-33,-34],[[40,-27,[0,"c5CKKQziVJ5LDYtR1TacAK"],[0,0.5,0]],[31,-28,[0,"4e4u/WsfRB67WKOzwB8xC4"]],[43,4,-9.605000000000004,-29,[0,"27zBRPzLRHA7bUa7uT7gIi"]]],[1,"aawu0q9ppBBYrcxOyJvk0a",null,null,null,1,0],[1,0,-84.605,0]],[7,"multiple_bg",33554432,[-37,-38,-39,-40,-41],[[2,-35,[0,"c2woy7XN9EP69kpD5IfTj9"],[5,508,60]],[6,2,-36,[0,"84PTEF8R1FGLnYenZA0Bh9"],27]],[1,"d7ZswaqeBI2KOl02FvWyA3",null,null,null,1,0],[1,267.091,40,0]],[7,"betting_bg",33554432,[-44,-45,-46,-47,-48],[[2,-42,[0,"b8RyXRuyVJwKQ7RLRtClRt"],[5,250,60]],[5,-43,[0,"52yd2PjHhKwZ4pLj54FE5W"],35]],[1,"c4sLP+LUdLiaLYZzeNNI/n",null,null,null,1,0],[1,140.47850000000005,36,0]],[7,"props_btn_aturUiang",33554432,[-55],[[2,-49,[0,"bcfVyiZupJ85af4nP91tFp"],[5,246,62]],[6,2,-50,[0,"346lUziJ9KxaXy0cNnrAbE"],36],[18,3,0.9,-52,[0,"bfUqQSHRlLGJCNJnxQ86l5"],-51,37],[46,false,-54,[0,"0fA9WJ73BJJKDOOOVTlbPu"],-53,38]],[1,"c7ioTKh+dJz7z6wiQurgYh",null,null,null,1,0],[1,140.47849999999994,-32,0]],[3,"btn_one",33554432,3,[-61,-62],[[2,-56,[0,"65RTo5h9dOgreKHESHan2p"],[5,102,62]],[6,2,-57,[0,"12qkCKUfJLjImHUZXpd+Oe"],7],[8,3,0.9,-58,[0,"1adXKTE7NEhJ44CDuNKRBj"],8],[12,false,-60,[0,"371Ljk23NDnbL0QHW7gYUE"],-59,9]],[1,"12gQfhPn1PLKcyIqSSCviA",null,null,null,1,0],[1,-216.5,-1,0]],[3,"btn_two",33554432,3,[-68,-69],[[2,-63,[0,"14438JtTtFCJ0DAClOVIF+"],[5,102,62]],[5,-64,[0,"306zud4E9Oi53ki+DtpJug"],10],[8,3,0.9,-65,[0,"7eF3sojWFGJ5sifpfv4DJI"],11],[12,false,-67,[0,"8c8I9sBUpHL7JtO0wY2gye"],-66,12]],[1,"34aGnGTslA7LTZ8Rl0WzJD",null,null,null,1,0],[1,-109.5,-1,0]],[3,"btn_three",33554432,3,[-75,-76],[[2,-70,[0,"239+19s1hOz6RXYR/+OMEP"],[5,102,62]],[5,-71,[0,"f9iwOuoCxB6LJSJe5RvBSS"],13],[8,3,0.9,-72,[0,"faJK2hiHFKFYko+pVUIac7"],14],[12,false,-74,[0,"43I8TiWRlOaL3dFThilvUk"],-73,15]],[1,"ef+yvdhvtNiIjNC0art5oc",null,null,null,1,0],[1,-2.5,-1,0]],[3,"btn_four",33554432,3,[-82,-83],[[2,-77,[0,"a7k1t27J5LvrY74I7dgczN"],[5,102,62]],[5,-78,[0,"801va7TS1CMKIujqLEuRUq"],16],[8,3,0.9,-79,[0,"ae7ChYhFxCs7p3zdqsVCPL"],17],[12,false,-81,[0,"8dYgbSyMtL+qo6nuTQtFzz"],-80,18]],[1,"ceDr6SuZ1DZrtMmJ7HCGJh",null,null,null,1,0],[1,104.5,-1,0]],[3,"btn_five",33554432,3,[-89,-90],[[2,-84,[0,"28n/6y2eBIYZZWpLbehbwf"],[5,102,62]],[5,-85,[0,"b3c2X5q+ZFPLmLXGQUIcV5"],19],[8,3,0.9,-86,[0,"39xMZMeQVIJo7ATk05y+M0"],20],[12,false,-88,[0,"b7NJzjkclJrrZosKwutOS+"],-87,21]],[1,"96hcGlXwpAKoogsCgspJjn",null,null,null,1,0],[1,211.5,-1,0]],[3,"props_betting_up",33554432,6,[-97],[[2,-91,[0,"25AN5O3VxIa7spJDtdv+3y"],[5,69,69]],[5,-92,[0,"4f5v271wBDQ6BhlWtV+tu0"],28],[18,3,0.9,-94,[0,"cde2JVtK5Ktq599IIwaP7N"],-93,29],[12,false,-96,[0,"97byXDqwpO6ZDzKd9kV1J5"],-95,30]],[1,"29Kcp6mWVJ1ajaKKXNZL/U",null,null,null,1,0],[1,94,0,0]],[3,"props_betting_down",33554432,6,[-104],[[2,-98,[0,"52gAgTRjJHCL3mkAOdlXin"],[5,69,69]],[5,-99,[0,"acq23JDWJC7YcMjfYB1/iI"],31],[18,3,0.9,-101,[0,"558cwJYHlJLb0OTEKeFvPp"],-100,32],[12,false,-103,[0,"aeWf3r77FAtaLU+vE2lBht"],-102,33]],[1,"f1nkptMmNHOZRVPkqA8dJv",null,null,null,1,0],[1,-94,0,0]],[3,"props_Switch_Bonus",33554432,1,[-108,-109,-110],[[2,-105,[0,"c5Y9WkAANB7Z8XDJOn+nwi"],[5,275,138]],[18,3,0.9,-107,[0,"01b+LtLAtMpabjJc5y1YUn"],-106,43]],[1,"8eztCwrHxJMKPwRvHQGzvt",null,null,null,1,0],[1,515,6,0]],[3,"props_betgold",33554432,5,[-116,-117],[[2,-111,[0,"0bKGt85HtESoCakl2pzPuz"],[5,350,40]],[47,1,-114,[0,"adFPsNG85LdZxnmOyjqS6j"],-113,-112],[29,1,-115,[0,"64Hft9di1MULpRxCOTwWOj"]]],[1,"45F+uJcgRI/JTwHWIg/Fo4",null,null,null,1,0],[1,26,-10,0]],[3,"props_betting_label",33554432,6,[-123,-124],[[2,-118,[0,"0a0Zp4Mi5EC4ZtTE0S6aWt"],[5,150,40]],[48,1,6.4,-121,[0,"83VZlFV7tJfpdvwjucF5hg"],-120,-119],[29,1,-122,[0,"1eoUn1921CebSBGiTW+9MD"]]],[1,"71VpTe93pDp6G3bf4p59wU",null,null,null,1,0],[1,0,-10,0]],[24,"betlaced",false,33554432,15,[-127,-128,-129],[[2,-125,[0,"3dstvJCDREXrh6m8qyIb0P"],[5,275,138]],[5,-126,[0,"ef0TOLc/9MF5sjTaDPTXWG"],42]],[1,"9blICwoXpJZJgDxsGkfBNc",null,null,null,1,0]],[37,"Button",33554432,[-134],[[2,-130,[0,"e6pjIxpGlH8ZiTmdwlJ9kW"],[5,100,40]],[11,1,0,-131,[0,"06QAdopoRMLrQrlWplTjoK"],51],[23,2,-133,[0,"412aI70KdO+pnoo+RzsFpn"],[4,4292269782],-132,52,53,54,55]],[1,"d2WO320UVMS7i9GdPKuiiU",null,null,null,1,0]],[7,"Button-001",33554432,[-139],[[2,-135,[0,"a63wvWrvdLiLYc3/QXzy9r"],[5,100,40]],[11,1,0,-136,[0,"50qbjIdg9O3II8hmakswUU"],56],[23,2,-138,[0,"10efk6b9xCGawG+6tGWper"],[4,4292269782],-137,57,58,59,60]],[1,"fflfka3HlAr7XD45KMxDO+",null,null,null,1,0],[1,110.764,0,0]],[7,"Button-002",33554432,[-144],[[2,-140,[0,"e93vL0sT9LxKXWQDbucPMJ"],[5,100,40]],[11,1,0,-141,[0,"ddKN+ZYhhLqIXrHVZQ5ebl"],61],[23,2,-143,[0,"ffO7zrYy5No5904Ke/dFXT"],[4,4292269782],-142,62,63,64,65]],[1,"0415lUxyNJv7OIkedzcJIO",null,null,null,1,0],[1,219.713,0,0]],[7,"hint",33554432,[-148],[[2,-145,[0,"d49pIsXr1O/4NZX9L2aS7m"],[5,62.04,52.4]],[49,"Bet",40,true,1,-146,[0,"a1LVzzWq1D74ZlEJsFcIhE"],[4,2322492187]],[13,-147,[0,"a7d6ljeppCFZ82q+Ug16vx"]]],[1,"ecbM6cvaBA3KgixpB0Fi5r",null,null,null,1,0],[1,0,10,0]],[25,"spr_lock_bg",4,[-152],[[2,-149,[0,"3dHRxsrFtM/IwyJowPqyOq"],[5,1270,182]],[11,1,0,-150,[0,"79yazbzd1Cj4vfqFWUy0EB"],45],[55,-151,[0,"36TFRKw6ZFO5B1UINaW/3e"]]],[1,"62ZCZzFgNDsas++ejKNX8a",null,null,null,1,0],[1,28.055,109,0]],[15,"props_btn_shop",4,[[2,-153,[0,"dakcxkS3BBLbMtEgrJDXT7"],[5,322,90]],[11,1,0,-154,[0,"04lEogb9dKgZ7c6zirBsZc"],47],[45,3,0.9,-156,[0,"00XZ78RhpGrYt1+dDuIDxn"],[4,4292269782],-155,48]],[1,"f6nldusp1OYo2c5YavcttX",null,null,null,1,0],[1,302,118,0]],[3,"props_testBtn",33554432,1,[19,20,21],[[41,-157,[0,"84j+MMyVROl4YjXjprucqg"]]],[1,"acbjU3cUdIzaszTmIIguxy",null,null,null,1,0],[1,114.396,163.685,0]],[4,"props_avatar_buy",33554432,2,[[2,-158,[0,"42WZdKFJJId5MxlD/cR8kk"],[5,28,28]],[6,0,-159,[0,"cbbxGPEkxMZYtkkcMyqy51"],3],[8,3,0.9,-160,[0,"29RqluKTBHPoSjOaQ29tag"],4]],[1,"e9VvRNIhVO+4Liw3FXPTId",null,null,null,1,0],[1,86,-32.72800000000001,0]],[3,"pledgeArea",33554432,1,[3,5],[[10,-161,[0,"9bMsd51I9GP63eTXlzjGIA"],[5,535,150],[0,0,0.5]]],[1,"96MiD34cNK2pxkbAhRPNj6",null,null,null,1,0],[1,-425.539,0,0]],[14,"label_one",33554432,8,[[2,-162,[0,"29zKe/5GRAQ7asOYlfu1/M"],[5,63.73,80.12]],[50,"+1,000",20,20,62,true,1,-163,[0,"434aWuSLFH441RaW6Wxlfl"],[4,4282804131]],[13,-164,[0,"80/OQU3DtPYpVXstK/0vdP"]]],[1,"54gFkIcNxMo6rqprqYnejH",null,null,null,1,0]],[14,"label_one_001",33554432,9,[[2,-165,[0,"7aN0+efDZDqon8n9jfHBEk"],[5,63.73,52.4]],[17,"+5,000",20,20,true,1,-166,[0,"141JqZdi9Osqr7Q622GrId"],[4,4282804131]],[13,-167,[0,"d2wRtMfmlI9pMM6WlUgQRv"]]],[1,"b4clvXR6FONqKmjBgLLps3",null,null,null,1,0]],[14,"label_one-002",33554432,10,[[2,-168,[0,"fcf/Yf+3VIFYpZpu3LgKW/"],[5,49.27,52.4]],[17,"+10K",20,20,true,1,-169,[0,"e08gsDtS1OyJoXbPUycIm9"],[4,4282804131]],[13,-170,[0,"eavMDdgphIZZK64iilUObt"]]],[1,"6cswnKAqlLRaurA5dP7QPC",null,null,null,1,0]],[14,"label_one-003",33554432,11,[[2,-171,[0,"5aacAA9BVHDq2C7PbrK+X8"],[5,60.39,52.4]],[17,"+300K",20,20,true,1,-172,[0,"f0els2kaBFe7OxOprMvomQ"],[4,4282804131]],[13,-173,[0,"cbj50dbtxPBaTg2WX7Lv+h"]]],[1,"72IUbEFOdDUpGr3Tk+FjMm",null,null,null,1,0]],[14,"label_one-004",33554432,12,[[2,-174,[0,"5esXfcrntMGL13eXfIIVj5"],[5,41.46,52.4]],[17,"+1M",20,20,true,1,-175,[0,"94iLY98CZFKJlr3g+l29bq"],[4,4282804131]],[13,-176,[0,"aajpxHXOdJrL/ZuXUCcLWO"]]],[1,"6bcMoK+2ND4r/YXuGq/WgX",null,null,null,1,0]],[4,"props_atur_uiang",33554432,5,[[2,-177,[0,"13mIxcD0JCqqrGO85SBD/y"],[5,45,17]],[6,2,-178,[0,"abYWHEHA9INYC6XRiZet/5"],22],[8,3,0.9,-179,[0,"4adPYyGtZMuJEglFy4eNk3"],23]],[1,"32EtwpMc9Ps7X9z3dPblQr",null,null,null,1,0],[1,-197,0,0]],[4,"props_pledge_max",33554432,5,[[2,-180,[0,"de+Oi21g9AO4JLvv6ANjrH"],[5,35,17]],[5,-181,[0,"74FS98/8JOjKPqp5MC1Vrj"],25],[8,3,0.9,-182,[0,"c1ZHDsJFJOYbU9g4PIjI7H"],26]],[1,"2d3EkozYlBWoz/4N/KYFWD",null,null,null,1,0],[1,227,0,0]],[26,"PLACEHOLDER_LABEL",33554432,16,[[[10,-183,[0,"2aZq/jIYxGfr8Fkl+McBwC"],[5,348,40],[0,0,1]],-184,[28,18,2,-185,[0,"f6AqlJMUpLR5OK4gJYlX19"]]],4,1,4],[1,"80Yr+Ib6NNtZ9od/c4vvpX",null,null,null,1,0],[1,-174,22,0]],[3,"guessingResult",33554432,1,[6,7],[[10,-186,[0,"53G4GFvLlKq6YRAX8PYB6j"],[5,288,150],[0,0,0.5]]],[1,"afetI/vVpJR50CSnTT6IHD",null,null,null,1,0],[1,108,4.257,0]],[26,"PLACEHOLDER_LABEL",33554432,17,[[[10,-187,[0,"f2PJSeR+JIGYRnR0va7FGW"],[5,148,40],[0,0,1]],-188,[28,18,2,-189,[0,"ffH/dnDJ1ETKXsw2bEjUW7"]]],4,1,4],[1,"3athDV4NZMRr9KxzkXjinA",null,null,null,1,0],[1,-74,22,0]],[38,"clickable",33554432,15,[22],[[2,-190,[0,"e7d5LRrM5KroMGvrL6OXz1"],[5,275,138]],[5,-191,[0,"c7INQYIQ1KZaoKveQ5ZEfQ"],39]],[1,"9929RIFAZGZLeBKeK3sOMu",null,null,null,1,0]],[24,"unclickable",false,33554432,15,[-194],[[2,-192,[0,"59IDMVicZG37a0IRF5tnhX"],[5,275,138]],[5,-193,[0,"c8cFk/yRdMhYMX/dDJKjoJ"],40]],[1,"17+tIQIflNLaMUX9sbq8DT",null,null,null,1,0]],[3,"hint",33554432,39,[-197],[[2,-195,[0,"9c0sQY/9pP1KPU7gA+wKCz"],[5,205.01,50.4]],[19,"Please wait",40.1,40.1,-196,[0,"e9zhcGM/ZBZZQ8MuNJM4pl"]]],[1,"f7otKxe45HHK3Vjl/k4q/7",null,null,null,1,0],[1,0,10,0]],[4,"hint",33554432,18,[[2,-198,[0,"669bnTf6pPsqYbVaSf4hv/"],[5,172.12,52.4]],[17,"Bet placed",36,36,true,1,-199,[0,"4aOKkGSRFIcqRFVD24XXe6"],[4,2322492187]],[13,-200,[0,"5cXdLJAplH/KxvD6NYusVG"]]],[1,"fdIQRwzyNMPagMNe/8wls3",null,null,null,1,0],[1,0,22,0]],[25,"props_tips_gold",4,[-203],[[2,-201,[0,"4bx2HwnhtFbYQfng/LPjEJ"],[5,436,62]],[11,1,2,-202,[0,"c0pQUU0yJInrGnxR/w0pLr"],49]],[1,"6bWgNomC1KkZnNnY29xwbB",null,null,null,1,0],[1,-94,90,0]],[39,"props_tips_vip",false,4,[-206],[[2,-204,[0,"3eBVU/5mJLjo3VzkCz6dsC"],[5,278,59]],[11,1,0,-205,[0,"bciKreU35BYqZ4epBxGhDz"],50]],[1,"3e/+krBIRB3Laq3iDEVq5q",null,null,null,1,0],[1,-94,90,0]],[4,"bg_jinbibox",33554432,2,[[2,-207,[0,"fdAUHx9I1OH6J6Hxfs5+m4"],[5,198,30]],[5,-208,[0,"a6p3cInqhN1quvGUQMA1EI"],0]],[1,"5eAJ4FEfBBgowgLwPweR3r",null,null,null,1,0],[1,0,-33,0]],[4,"img_avatar",33554432,2,[[2,-209,[0,"31P+e+kLdHmas3qASKgqFz"],[5,62,62]],[6,0,-210,[0,"d3oBbM8mxKb6qc5/Tf9JCD"],1]],[1,"b9a2FfjhVOApq3hvH5vra9",null,null,null,1,0],[1,-64,24,0]],[4,"avatar_avatar",33554432,2,[[2,-211,[0,"71ukZ6j+FNraURhODyIVwy"],[5,68,68]],[6,2,-212,[0,"a8Qdqi5iJKkoiq/bb8ijpi"],2]],[1,"abqo1yy5lLRrEGcTV0HlTR",null,null,null,1,0],[1,-64,24,0]],[4,"avatar_name",33554432,2,[[10,-213,[0,"24k/Esk/1BkKeNq1xnKWTJ"],[5,110,45.199999999999996],[0,0,0.5]],[51,"Guest-1111",0,20,20,20,2,false,-214,[0,"a7aXZHPftPlpvvKOX/NDSP"]]],[1,"56jO9+s6FE7akqPMB36I4/",null,null,null,1,0],[1,-20,26,0]],[4,"props_avatar_number",33554432,2,[[2,-215,[0,"1bFb8oVPRFpop5p+wxa3c1"],[5,111.22,20]],[52,"5000",20,20,0,2,false,-216,[0,"deSMWl20dPioeC42RcEa4J"],[4,4278250239]]],[1,"02Zs2Luj1FO5nue4zR4Xik",null,null,null,1,0],[1,0,-34,0]],[4,"player_money",33554432,2,[[2,-217,[0,"c47Eei+IZDobigndesqLVr"],[5,32,34]],[6,0,-218,[0,"a9AMBmc2FEdZTi6lmJ+DlH"],5]],[1,"353Z/lQh9EkqcqALwjYi0s",null,null,null,1,0],[1,-85.939,-32.728,0]],[9,"Check",false,33554432,8,[[[2,-219,[0,"4f0PQZpk5GNaNK34qZC/Dc"],[5,102,62]],-220],4,1],[1,"c7dv4g1I1Dd4bJukxDxtNc",null,null,null,1,0]],[9,"Check",false,33554432,9,[[[2,-221,[0,"c7aWtk1tVK+Zui+izvI7ZD"],[5,102,62]],-222],4,1],[1,"69Fpj+OnxKCJMxRkkDVEuE",null,null,null,1,0]],[9,"Check",false,33554432,10,[[[2,-223,[0,"29u5wD9JlBipRhpkCrMi5p"],[5,102,62]],-224],4,1],[1,"c2X7CqxXNN7IgficdYSvbH",null,null,null,1,0]],[9,"Check",false,33554432,11,[[[2,-225,[0,"f8vwfojiZPs7tqC7ZxyoeY"],[5,102,62]],-226],4,1],[1,"13jimgYzpNN4kQ48JKiijS",null,null,null,1,0]],[9,"Check",false,33554432,12,[[[2,-227,[0,"d5jWH/gQJDMrUHGf9UN44Z"],[5,102,62]],-228],4,1],[1,"ce0nY1eaVIj7vYf2SRW++L",null,null,null,1,0]],[4,"jumlah_taruhan",33554432,5,[[2,-229,[0,"82MI0fl6BGA5PJD53/47ag"],[5,94,13]],[6,2,-230,[0,"48Quhyq4FC8YDrIpbam34w"],24]],[1,"96kca3LVRHjqFhmgEZ7PLr",null,null,null,1,0],[1,26,20,0]],[21,"props_pledge_number",false,33554432,5,[[2,-231,[0,"b5+eJA2BpEO45j7iAcPN5N"],[5,66.74,50.4]],[32,"1000",30,30,-232,[0,"75qQnNOmRJe7Z2Yg2yHxJa"],[4,2683236078]]],[1,"aat6NQn1BBQb5+0mrEZQvp",null,null,null,1,0],[1,27,-8,0]],[27,"TEXT_LABEL",false,33554432,16,[[[10,-233,[0,"d6kLvVhdhBWLIDgKep4YHo"],[5,348,40],[0,0,1]],-234],4,1],[1,"4ePl/2VxNPKraAgYw6aK0y",null,null,null,1,0],[1,-173,20,0]],[9,"ischack",false,33554432,13,[[[2,-235,[0,"20muCU5/pOM5eaAyzADCGC"],[5,68,68]],-236],4,1],[1,"46Spdwo1VMDYCgQ1yvYYPe",null,null,null,1,0]],[9,"ischack",false,33554432,14,[[[2,-237,[0,"e2yx9vbCNOJY7CL0kTJK+u"],[5,68,68]],-238],4,1],[1,"31Lf3PUBVBfqWEJCeMcG0B",null,null,null,1,0]],[21,"Stop_Otomaris",false,33554432,6,[[2,-239,[0,"70y3Km3xxG5YQQlTGk5l9Z"],[5,79,17]],[6,2,-240,[0,"76ZM+u+4ZH4Ylv/HOi5FkJ"],34]],[1,"25QCcD/EREmI4Bd5Ure7gj",null,null,null,1,0],[1,0,16,0]],[27,"TEXT_LABEL",false,33554432,17,[[[10,-241,[0,"d5d3YhlDNLTLRQfxt4oGLz"],[5,148,40],[0,0,1]],-242],4,1],[1,"33c63i+SFJgYF/K+Y6dWXj",null,null,null,1,0],[1,-73,20,0]],[21,"props_disable_label",false,33554432,6,[[2,-243,[0,"96NwLz8ctLPKqQYdxh/fAZ"],[5,84.51,50.4]],[20,"1.01",28,28,1,false,-244,[0,"bdQMD5txpGKaByhwKribM+"],[4,2683236078]]],[1,"721aT17e1DyI90DidW0tZW",null,null,null,1,0],[1,0,-10,0]],[14,"Label",33554432,7,[[2,-245,[0,"b1wv3FrW9H5oHaN9Ct//oI"],[5,52.25,50.4]],[19,"Reset",20,20,-246,[0,"380CjpmSRFUbnM9M01OgSy"]]],[1,"fdUuEVmRBPmZcTxk0yEEzj",null,null,null,1,0]],[4,"hintdec",33554432,22,[[2,-247,[0,"bdqt3awltMhLWWAV/+MP2k"],[5,66.7,50.4]],[19,"(Repeat) ",16,16,-248,[0,"aebH4G6MxPTrNhGo9RXnZX"]]],[1,"44khAo01hClrRHzclBcO/O",null,null,null,1,0],[1,3,-36,0]],[4,"hintdec",33554432,40,[[2,-249,[0,"20BMw3lytO6Li0vUjvqFqE"],[5,88.92,50.4]],[19,"(Next round)",16,16,-250,[0,"34i6k3i9ZN0KSGioH5YEqb"]]],[1,"51QYFkuUJPxZ89n+eD9bfj",null,null,null,1,0],[1,0,-36,0]],[4,"icon",33554432,18,[[2,-251,[0,"e6qV2ZMQlDfo8rL6P73H6c"],[5,44,46]],[6,0,-252,[0,"39JP0IYONA2JrxfRlQAVMV"],41]],[1,"44zNS56Z5JNJZGsQzjKGUQ",null,null,null,1,0],[1,-53.33400000000006,-28,0]],[4,"label",33554432,18,[[2,-253,[0,"8aYC4py/dMy6xETzoIQSUy"],[5,91.76,35.28]],[53,"3,0000",30,30,28,-254,[0,"d1S94CXWlLrq/nFeays+Cc"]]],[1,"8aOqrF2s9JH4HPbfcX37yR",null,null,null,1,0],[1,20,-28.379,0]],[15,"spr_word_battle",23,[[2,-255,[0,"f8vdg8F01PrKdTQAkmt0Fl"],[5,257,28]],[5,-256,[0,"38J3lUKvJNHKNKLnqlqdtg"],44]],[1,"bdnZ+ErvlOz5fsLJ6kxSnB",null,null,null,1,0],[1,-108,56,0]],[15,"spr_lock_lock",4,[[2,-257,[0,"50ux/5OudJCJGZeXrLFe4h"],[5,43,47]],[5,-258,[0,"21zDma9ntE47HulXUHmFfd"],46]],[1,"a6uqrceAxKMrZx2J+xkUhU",null,null,null,1,0],[1,-358,116,0]],[15,"Label_lock_num",42,[[2,-259,[0,"c0m+rNog1OVY/yBzCeEUZT"],[5,80.07,50.4]],[54,"10",25,24,2,-260,[0,"18t91yrGhJzZD8XhU4mFXW"],[4,4278292724]]],[1,"aarsNU5ORI2od0ypb4wlzR",null,null,null,1,0],[1,154,19,0]],[15,"Label_lock_num",43,[[2,-261,[0,"669xn5jYVN15SPN/nuwmKc"],[5,13.35,50.4]],[32,"1",24,24,-262,[0,"cbIkHyGnZNK49esHjRIysn"],[4,4278292724]]],[1,"53Do5Ic39KTY/OFpdYkjYy",null,null,null,1,0],[1,-71,-16,0]],[22,"Label",512,33554432,19,[[2,-263,[0,"4aiIKffcZMa4XNl2qWcgW9"],[5,100,40]],[20,"下注",20,20,1,false,-264,[0,"fa00sKi6JNOaSAHwJXUUC6"],[4,4278190080]]],[1,"afa7aSp99N7J7DqQDI0zhM",null,null,null,1,0]],[22,"Label",512,33554432,20,[[2,-265,[0,"7c0/udL9JM5LVFqbMp3DjW"],[5,100,40]],[20,"开奖",20,20,1,false,-266,[0,"a6KZA1wTNPoIBv2wx4p9OL"],[4,4278190080]]],[1,"0fcvmYw+hJaJmK2Zgwcihw",null,null,null,1,0]],[22,"Label",512,33554432,21,[[2,-267,[0,"36XG9c/rpM/rNi+gbl9DNK"],[5,100,40]],[20,"结算",20,20,1,false,-268,[0,"58QJRuVQlBlalcl+/ndXTd"],[4,4278190080]]],[1,"93JcOy4NNIoYP1QUmBpsum",null,null,null,1,0]],[16,0,50,[0,"f1Zfx6VOdL+KW5fh/1I0dw"]],[16,0,51,[0,"b7zA99wkdKPKH5inX1ZKHO"]],[16,0,52,[0,"fdy7KGdvNPjZZ6sYOQHEiN"]],[16,0,53,[0,"daA6z0fyZGRJtthBEVbhJk"]],[16,0,54,[0,"d9ABwgziFMnIIFfnTUKqIo"]],[33,"",28,28,30,1,false,57,[0,"42jFzuf+5M9Y4e2V2Kizb0"]],[34,"1000",30,30,2,false,35,[0,"5bUzbRTk5LyZKkn83WUx0S"]],[30,58,[0,"52rS1UtNBALqB2DA3xxUZu"]],[30,59,[0,"84kZ7ovqJC37BTpPae8YRY"]],[33,"",28,28,30,1,false,61,[0,"58SDW6EolM3bLvSBGDM76q"]],[34,"1.01",28,28,2,false,37,[0,"05qQVtAMdMJ5WnObzpFuv1"]]],0,[0,12,1,0,0,1,0,0,1,0,-1,2,0,-2,27,0,-3,36,0,-4,15,0,-5,4,0,-6,25,0,0,2,0,0,2,0,-1,44,0,-2,45,0,-3,46,0,-4,47,0,-5,48,0,-6,26,0,-7,49,0,0,3,0,0,3,0,0,3,0,-1,8,0,-2,9,0,-3,10,0,-4,11,0,-5,12,0,0,4,0,0,4,0,0,4,0,-1,23,0,-2,69,0,-3,24,0,-4,42,0,-5,43,0,0,5,0,0,5,0,-1,33,0,-2,55,0,-3,56,0,-4,34,0,-5,16,0,0,6,0,0,6,0,-1,13,0,-2,14,0,-3,60,0,-4,17,0,-5,62,0,0,7,0,0,7,0,4,7,0,0,7,0,4,7,0,0,7,0,-1,63,0,0,8,0,0,8,0,0,8,0,6,75,0,0,8,0,-1,50,0,-2,28,0,0,9,0,0,9,0,0,9,0,6,76,0,0,9,0,-1,51,0,-2,29,0,0,10,0,0,10,0,0,10,0,6,77,0,0,10,0,-1,52,0,-2,30,0,0,11,0,0,11,0,0,11,0,6,78,0,0,11,0,-1,53,0,-2,31,0,0,12,0,0,12,0,0,12,0,6,79,0,0,12,0,-1,54,0,-2,32,0,0,13,0,0,13,0,4,13,0,0,13,0,6,82,0,0,13,0,-1,58,0,0,14,0,0,14,0,4,14,0,0,14,0,6,83,0,0,14,0,-1,59,0,0,15,0,4,15,0,0,15,0,-1,38,0,-2,39,0,-3,18,0,0,16,0,10,81,0,11,80,0,0,16,0,0,16,0,-1,57,0,-2,35,0,0,17,0,10,85,0,11,84,0,0,17,0,0,17,0,-1,61,0,-2,37,0,0,18,0,0,18,0,-1,66,0,-2,67,0,-3,41,0,0,19,0,0,19,0,4,19,0,0,19,0,-1,72,0,0,20,0,0,20,0,4,20,0,0,20,0,-1,73,0,0,21,0,0,21,0,4,21,0,0,21,0,-1,74,0,0,22,0,0,22,0,0,22,0,-1,64,0,0,23,0,0,23,0,0,23,0,-1,68,0,0,24,0,0,24,0,4,24,0,0,24,0,0,25,0,0,26,0,0,26,0,0,26,0,0,27,0,0,28,0,0,28,0,0,28,0,0,29,0,0,29,0,0,29,0,0,30,0,0,30,0,0,30,0,0,31,0,0,31,0,0,31,0,0,32,0,0,32,0,0,32,0,0,33,0,0,33,0,0,33,0,0,34,0,0,34,0,0,34,0,0,35,0,-2,81,0,0,35,0,0,36,0,0,37,0,-2,85,0,0,37,0,0,38,0,0,38,0,0,39,0,0,39,0,-1,40,0,0,40,0,0,40,0,-1,65,0,0,41,0,0,41,0,0,41,0,0,42,0,0,42,0,-1,70,0,0,43,0,0,43,0,-1,71,0,0,44,0,0,44,0,0,45,0,0,45,0,0,46,0,0,46,0,0,47,0,0,47,0,0,48,0,0,48,0,0,49,0,0,49,0,0,50,0,-2,75,0,0,51,0,-2,76,0,0,52,0,-2,77,0,0,53,0,-2,78,0,0,54,0,-2,79,0,0,55,0,0,55,0,0,56,0,0,56,0,0,57,0,-2,80,0,0,58,0,-2,82,0,0,59,0,-2,83,0,0,60,0,0,60,0,0,61,0,-2,84,0,0,62,0,0,62,0,0,63,0,0,63,0,0,64,0,0,64,0,0,65,0,0,65,0,0,66,0,0,66,0,0,67,0,0,67,0,0,68,0,0,68,0,0,69,0,0,69,0,0,70,0,0,70,0,0,71,0,0,71,0,0,72,0,0,72,0,0,73,0,0,73,0,0,74,0,0,74,0,13,1,3,5,27,5,5,27,6,5,36,7,5,36,19,5,25,20,5,25,21,5,25,22,5,38,268],[0,0,0,0,0,0,0,0,0,0,0,0,0,0,0,0,0,0,0,0,0,0,0,0,0,0,0,0,0,0,0,0,0,0,0,0,0,0,0,0,0,0,0,0,0,0,0,0,0,0,0,0,0,0,0,0,0,0,0,0,0,0,0,0,0,0,75,76,77,78,79,82,83],[1,1,1,1,3,1,1,1,3,3,1,3,3,1,3,3,1,3,3,1,3,3,1,3,1,1,3,1,1,3,3,1,3,3,1,1,1,3,3,1,1,1,1,3,1,1,1,1,3,1,1,1,3,7,8,9,1,3,7,8,9,1,3,7,8,9,1,1,1,1,1,1,1],[32,33,34,9,9,10,35,0,0,0,0,0,0,0,0,0,0,0,0,0,0,0,11,11,36,12,12,37,3,3,3,4,4,4,38,39,5,5,5,6,40,10,6,6,41,42,43,13,13,44,45,1,1,1,7,8,1,1,1,7,8,1,1,1,7,8,2,2,2,2,2,46,47]],[[{"name":"bg_jinbibox","rect":{"x":0,"y":0,"width":198,"height":30},"offset":{"x":0,"y":0},"originalSize":{"width":198,"height":30},"rotated":false,"capInsets":[0,0,0,0],"vertices":{"rawPosition":[-99,-15,0,99,-15,0,-99,15,0,99,15,0],"indexes":[0,1,2,2,1,3],"uv":[0,30,198,30,0,0,198,0],"nuv":[0,0,1,0,0,1,1,1],"minPos":{"x":-99,"y":-15,"z":0},"maxPos":{"x":99,"y":15,"z":0}},"packable":true,"pixelsToUnit":100,"pivot":{"x":0.5,"y":0.5},"meshType":0}],[0],0,[0],[2],[48]],[[{"name":"btn_xz_lv","rect":{"x":0,"y":0,"width":275,"height":138},"offset":{"x":0,"y":0},"originalSize":{"width":275,"height":138},"rotated":false,"capInsets":[0,0,0,0],"vertices":{"rawPosition":[-137.5,-69,0,137.5,-69,0,-137.5,69,0,137.5,69,0],"indexes":[0,1,2,2,1,3],"uv":[0,138,275,138,0,0,275,0],"nuv":[0,0,1,0,0,1,1,1],"minPos":{"x":-137.5,"y":-69,"z":0},"maxPos":{"x":137.5,"y":69,"z":0}},"packable":true,"pixelsToUnit":100,"pivot":{"x":0.5,"y":0.5},"meshType":0}],[0],0,[0],[2],[49]],[[{"name":"btn_jia_1","rect":{"x":0,"y":0,"width":69,"height":69},"offset":{"x":0,"y":0},"originalSize":{"width":69,"height":69},"rotated":false,"capInsets":[0,0,0,0],"vertices":{"rawPosition":[-34.5,-34.5,0,34.5,-34.5,0,-34.5,34.5,0,34.5,34.5,0],"indexes":[0,1,2,2,1,3],"uv":[0,69,69,69,0,0,69,0],"nuv":[0,0,1,0,0,1,1,1],"minPos":{"x":-34.5,"y":-34.5,"z":0},"maxPos":{"x":34.5,"y":34.5,"z":0}},"packable":true,"pixelsToUnit":100,"pivot":{"x":0.5,"y":0.5},"meshType":0}],[0],0,[0],[2],[50]],[[{"name":"word_vip","rect":{"x":0,"y":0,"width":286,"height":66},"offset":{"x":0,"y":0},"originalSize":{"width":286,"height":66},"rotated":false,"capInsets":[0,0,0,0],"vertices":{"rawPosition":[-143,-33,0,143,-33,0,-143,33,0,143,33,0],"indexes":[0,1,2,2,1,3],"uv":[0,66,286,66,0,0,286,0],"nuv":[0,0,1,0,0,1,1,1],"minPos":{"x":-143,"y":-33,"z":0},"maxPos":{"x":143,"y":33,"z":0}},"packable":true,"pixelsToUnit":100,"pivot":{"x":0.5,"y":0.5},"meshType":0}],[0],0,[0],[2],[51]],[[{"name":"bg_touxiangkuang_me","rect":{"x":0,"y":0,"width":68,"height":68},"offset":{"x":0,"y":0},"originalSize":{"width":68,"height":68},"rotated":false,"capInsets":[0,0,0,0],"vertices":{"rawPosition":[-34,-34,0,34,-34,0,-34,34,0,34,34,0],"indexes":[0,1,2,2,1,3],"uv":[0,68,68,68,0,0,68,0],"nuv":[0,0,1,0,0,1,1,1],"minPos":{"x":-34,"y":-34,"z":0},"maxPos":{"x":34,"y":34,"z":0}},"packable":true,"pixelsToUnit":100,"pivot":{"x":0.5,"y":0.5},"meshType":0}],[0],0,[0],[2],[52]],[[{"name":"btn_jian_0","rect":{"x":0,"y":0,"width":68,"height":68},"offset":{"x":0,"y":0},"originalSize":{"width":68,"height":68},"rotated":false,"capInsets":[0,0,0,0],"vertices":{"rawPosition":[-34,-34,0,34,-34,0,-34,34,0,34,34,0],"indexes":[0,1,2,2,1,3],"uv":[0,68,68,68,0,0,68,0],"nuv":[0,0,1,0,0,1,1,1],"minPos":{"x":-34,"y":-34,"z":0},"maxPos":{"x":34,"y":34,"z":0}},"packable":true,"pixelsToUnit":100,"pivot":{"x":0.5,"y":0.5},"meshType":0}],[0],0,[0],[2],[53]],[[{"name":"word_gold","rect":{"x":0,"y":0,"width":436,"height":62},"offset":{"x":0,"y":0},"originalSize":{"width":436,"height":62},"rotated":false,"capInsets":[0,0,0,0],"vertices":{"rawPosition":[-218,-31,0,218,-31,0,-218,31,0,218,31,0],"indexes":[0,1,2,2,1,3],"uv":[0,62,436,62,0,0,436,0],"nuv":[0,0,1,0,0,1,1,1],"minPos":{"x":-218,"y":-31,"z":0},"maxPos":{"x":218,"y":31,"z":0}},"packable":true,"pixelsToUnit":100,"pivot":{"x":0.5,"y":0.5},"meshType":0}],[0],0,[0],[2],[54]],[[{"name":"btn_hj_xiazhujine_down@2x","rect":{"x":0,"y":0,"width":98,"height":62},"offset":{"x":0,"y":0},"originalSize":{"width":98,"height":62},"rotated":false,"capInsets":[0,0,0,0],"vertices":{"rawPosition":[-49,-31,0,49,-31,0,-49,31,0,49,31,0],"indexes":[0,1,2,2,1,3],"uv":[0,62,98,62,0,0,98,0],"nuv":[0,0,1,0,0,1,1,1],"minPos":{"x":-49,"y":-31,"z":0},"maxPos":{"x":49,"y":31,"z":0}},"packable":true,"pixelsToUnit":100,"pivot":{"x":0.5,"y":0.5},"meshType":0}],[0],0,[0],[2],[55]],[[{"name":"btn_xz_huang","rect":{"x":0,"y":0,"width":275,"height":138},"offset":{"x":0,"y":0},"originalSize":{"width":275,"height":138},"rotated":false,"capInsets":[0,0,0,0],"vertices":{"rawPosition":[-137.5,-69,0,137.5,-69,0,-137.5,69,0,137.5,69,0],"indexes":[0,1,2,2,1,3],"uv":[0,138,275,138,0,0,275,0],"nuv":[0,0,1,0,0,1,1,1],"minPos":{"x":-137.5,"y":-69,"z":0},"maxPos":{"x":137.5,"y":69,"z":0}},"packable":true,"pixelsToUnit":100,"pivot":{"x":0.5,"y":0.5},"meshType":0}],[0],0,[0],[2],[56]],[[{"name":"bg_xzq_di_1","rect":{"x":0,"y":0,"width":508,"height":60},"offset":{"x":0,"y":0},"originalSize":{"width":508,"height":60},"rotated":false,"capInsets":[0,0,0,0],"vertices":{"rawPosition":[-254,-30,0,254,-30,0,-254,30,0,254,30,0],"indexes":[0,1,2,2,1,3],"uv":[0,60,508,60,0,0,508,0],"nuv":[0,0,1,0,0,1,1,1],"minPos":{"x":-254,"y":-30,"z":0},"maxPos":{"x":254,"y":30,"z":0}},"packable":true,"pixelsToUnit":100,"pivot":{"x":0.5,"y":0.5},"meshType":0}],[0],0,[0],[2],[57]],[[{"name":"word_battle","rect":{"x":0,"y":0,"width":257,"height":28},"offset":{"x":0,"y":0},"originalSize":{"width":257,"height":28},"rotated":false,"capInsets":[0,0,0,0],"vertices":{"rawPosition":[-128.5,-14,0,128.5,-14,0,-128.5,14,0,128.5,14,0],"indexes":[0,1,2,2,1,3],"uv":[0,28,257,28,0,0,257,0],"nuv":[0,0,1,0,0,1,1,1],"minPos":{"x":-128.5,"y":-14,"z":0},"maxPos":{"x":128.5,"y":14,"z":0}},"packable":true,"pixelsToUnit":100,"pivot":{"x":0.5,"y":0.5},"meshType":0}],[0],0,[0],[2],[58]],[[{"name":"btn_xzq_lu1","rect":{"x":0,"y":0,"width":246,"height":62},"offset":{"x":0,"y":0},"originalSize":{"width":246,"height":62},"rotated":false,"capInsets":[0,0,0,0],"vertices":{"rawPosition":[-123,-31,0,123,-31,0,-123,31,0,123,31,0],"indexes":[0,1,2,2,1,3],"uv":[0,62,246,62,0,0,246,0],"nuv":[0,0,1,0,0,1,1,1],"minPos":{"x":-123,"y":-31,"z":0},"maxPos":{"x":123,"y":31,"z":0}},"packable":true,"pixelsToUnit":100,"pivot":{"x":0.5,"y":0.5},"meshType":0}],[0],0,[0],[2],[59]]]]
