[1,["1d6630ebf@6c48a"],["_textureSource"],["cc.SpriteFrame"],0,[[[{"name":"mianfeibox","rect":{"x":785,"y":541,"width":171,"height":119},"offset":{"x":0,"y":0},"originalSize":{"width":171,"height":119},"rotated":true,"capInsets":[0,0,0,0],"packable":true,"pixelsToUnit":100,"pivot":{"x":0.5,"y":0.5},"meshType":0}],[0],0,[0],[0],[0]],[[{"name":"bg_gxfc_mianfei_box","rect":{"x":3,"y":3,"width":903,"height":532},"offset":{"x":0,"y":0},"originalSize":{"width":903,"height":532},"rotated":false,"capInsets":[0,0,0,0],"packable":true,"pixelsToUnit":100,"pivot":{"x":0.5,"y":0.5},"meshType":0}],[0],0,[0],[0],[0]],[[{"name":"icon_gxfc_guize_yupei","rect":{"x":912,"y":3,"width":109,"height":93},"offset":{"x":0,"y":0},"originalSize":{"width":109,"height":93},"rotated":false,"capInsets":[0,0,0,0],"packable":true,"pixelsToUnit":100,"pivot":{"x":0.5,"y":0.5},"meshType":0}],[0],0,[0],[0],[0]],[[{"name":"zi_gxfc_mianfei_3","rect":{"x":974,"y":459,"width":309,"height":46},"offset":{"x":0,"y":0},"originalSize":{"width":309,"height":46},"rotated":true,"capInsets":[0,0,0,0],"packable":true,"pixelsToUnit":100,"pivot":{"x":0.5,"y":0.5},"meshType":0}],[0],0,[0],[0],[0]],[[{"name":"icon_gxfc_guize_jinfaxiao","rect":{"x":785,"y":984,"width":33,"height":31},"offset":{"x":0,"y":0},"originalSize":{"width":33,"height":31},"rotated":true,"capInsets":[0,0,0,0],"packable":true,"pixelsToUnit":100,"pivot":{"x":0.5,"y":0.5},"meshType":0}],[0],0,[0],[0],[0]],[[{"name":"rules_1","rect":{"x":3,"y":541,"width":776,"height":480},"offset":{"x":0,"y":0},"originalSize":{"width":776,"height":480},"rotated":false,"capInsets":[0,0,0,0],"packable":true,"pixelsToUnit":100,"pivot":{"x":0.5,"y":0.5},"meshType":0}],[0],0,[0],[0],[0]],[[{"name":"dl_gxfc_soinicon","rect":{"x":912,"y":102,"width":118,"height":106},"offset":{"x":0,"y":0},"originalSize":{"width":118,"height":106},"rotated":true,"capInsets":[0,0,0,0],"packable":true,"pixelsToUnit":100,"pivot":{"x":0.5,"y":0.5},"meshType":0}],[0],0,[0],[0],[0]],[[{"name":"dl_gxfc_soinicon_1","rect":{"x":912,"y":226,"width":118,"height":106},"offset":{"x":0,"y":0},"originalSize":{"width":118,"height":106},"rotated":true,"capInsets":[0,0,0,0],"packable":true,"pixelsToUnit":100,"pivot":{"x":0.5,"y":0.5},"meshType":0}],[0],0,[0],[0],[0]],[[{"name":"icon_gxfc_guize_caishen","rect":{"x":785,"y":852,"width":126,"height":116},"offset":{"x":0,"y":0},"originalSize":{"width":126,"height":116},"rotated":true,"capInsets":[0,0,0,0],"packable":true,"pixelsToUnit":100,"pivot":{"x":0.5,"y":0.5},"meshType":0}],[0],0,[0],[0],[0]],[[{"name":"zi_goodluck","rect":{"x":974,"y":774,"width":246,"height":37},"offset":{"x":0,"y":0},"originalSize":{"width":246,"height":37},"rotated":true,"capInsets":[0,0,0,0],"packable":true,"pixelsToUnit":100,"pivot":{"x":0.5,"y":0.5},"meshType":0}],[0],0,[0],[0],[0]],[[{"name":"SPIN","rect":{"x":822,"y":984,"width":78,"height":31},"offset":{"x":0,"y":0},"originalSize":{"width":78,"height":31},"rotated":false,"capInsets":[0,0,0,0],"packable":true,"pixelsToUnit":100,"pivot":{"x":0.5,"y":0.5},"meshType":0}],[0],0,[0],[0],[0]],[[{"name":"zi_gxfc_mianfei_title","rect":{"x":912,"y":459,"width":560,"height":56},"offset":{"x":0,"y":0},"originalSize":{"width":560,"height":56},"rotated":true,"capInsets":[0,0,0,0],"packable":true,"pixelsToUnit":100,"pivot":{"x":0.5,"y":0.5},"meshType":0}],[0],0,[0],[0],[0]],[[{"name":"icon_gxfc_guize_baifa","rect":{"x":785,"y":718,"width":128,"height":117},"offset":{"x":0,"y":0},"originalSize":{"width":128,"height":117},"rotated":true,"capInsets":[0,0,0,0],"packable":true,"pixelsToUnit":100,"pivot":{"x":0.5,"y":0.5},"meshType":0}],[0],0,[0],[0],[0]],[[{"name":"icon_gxfc_guize_bianpao","rect":{"x":912,"y":350,"width":103,"height":104},"offset":{"x":0,"y":0},"originalSize":{"width":103,"height":104},"rotated":true,"capInsets":[0,0,0,0],"packable":true,"pixelsToUnit":100,"pivot":{"x":0.5,"y":0.5},"meshType":0}],[0],0,[0],[0],[0]]]]
