[1,["1df346d60@6c48a"],["_textureSource"],["cc.SpriteFrame"],0,[[[{"name":"AUTO","rect":{"x":767,"y":872,"width":68,"height":23},"offset":{"x":0,"y":0},"originalSize":{"width":68,"height":23},"rotated":false,"capInsets":[0,0,0,0],"packable":true,"pixelsToUnit":100,"pivot":{"x":0.5,"y":0.5},"meshType":0}],[0],0,[0],[0],[0]],[[{"name":"zi_gxfc_mianfei_1","rect":{"x":929,"y":530,"width":372,"height":90},"offset":{"x":0,"y":0},"originalSize":{"width":372,"height":90},"rotated":true,"capInsets":[0,0,0,0],"packable":true,"pixelsToUnit":100,"pivot":{"x":0.5,"y":0.5},"meshType":0}],[0],0,[0],[0],[0]],[[{"name":"bg_gxfc_guize_ye_down","rect":{"x":897,"y":810,"width":26,"height":26},"offset":{"x":0,"y":0},"originalSize":{"width":26,"height":26},"rotated":false,"capInsets":[0,0,0,0],"packable":true,"pixelsToUnit":100,"pivot":{"x":0.5,"y":0.5},"meshType":0}],[0],0,[0],[0],[0]],[[{"name":"icon_gxfc_guize_fushen","rect":{"x":767,"y":908,"width":124,"height":113},"offset":{"x":0,"y":0},"originalSize":{"width":124,"height":113},"rotated":false,"capInsets":[0,0,0,0],"packable":true,"pixelsToUnit":100,"pivot":{"x":0.5,"y":0.5},"meshType":0}],[0],0,[0],[0],[0]],[[{"name":"bg_gxfc_guize_xian_7","rect":{"x":932,"y":252,"width":133,"height":83},"offset":{"x":0,"y":0},"originalSize":{"width":133,"height":83},"rotated":true,"capInsets":[0,0,0,0],"packable":true,"pixelsToUnit":100,"pivot":{"x":0.5,"y":0.5},"meshType":0}],[0],0,[0],[0],[0]],[[{"name":"dl_gxfc_zidong_0","rect":{"x":767,"y":810,"width":116,"height":56},"offset":{"x":0,"y":0},"originalSize":{"width":116,"height":56},"rotated":false,"capInsets":[0,0,0,0],"packable":true,"pixelsToUnit":100,"pivot":{"x":0.5,"y":0.5},"meshType":0}],[0],0,[0],[0],[0]],[[{"name":"bg_gxfc_guize_xian_8","rect":{"x":932,"y":114,"width":132,"height":84},"offset":{"x":0,"y":0},"originalSize":{"width":132,"height":84},"rotated":true,"capInsets":[0,0,0,0],"packable":true,"pixelsToUnit":100,"pivot":{"x":0.5,"y":0.5},"meshType":0}],[0],0,[0],[0],[0]],[[{"name":"icon_gxfc_guize_gu","rect":{"x":932,"y":3,"width":105,"height":89},"offset":{"x":0,"y":0},"originalSize":{"width":105,"height":89},"rotated":true,"capInsets":[0,0,0,0],"packable":true,"pixelsToUnit":100,"pivot":{"x":0.5,"y":0.5},"meshType":0}],[0],0,[0],[0],[0]],[[{"name":"bg_gxfc_guize_xian_9","rect":{"x":932,"y":391,"width":133,"height":83},"offset":{"x":0,"y":0},"originalSize":{"width":133,"height":83},"rotated":true,"capInsets":[0,0,0,0],"packable":true,"pixelsToUnit":100,"pivot":{"x":0.5,"y":0.5},"meshType":0}],[0],0,[0],[0],[0]],[[{"name":"WIN","rect":{"x":841,"y":872,"width":49,"height":22},"offset":{"x":0,"y":0},"originalSize":{"width":49,"height":22},"rotated":false,"capInsets":[0,0,0,0],"packable":true,"pixelsToUnit":100,"pivot":{"x":0.5,"y":0.5},"meshType":0}],[0],0,[0],[0],[0]],[[{"name":"dl_gxfc_caidanbox","rect":{"x":767,"y":508,"width":156,"height":296},"offset":{"x":0,"y":0},"originalSize":{"width":156,"height":296},"rotated":false,"capInsets":[0,0,0,0],"packable":true,"pixelsToUnit":100,"pivot":{"x":0.5,"y":0.5},"meshType":0}],[0],0,[0],[0],[0]],[[{"name":"rules_5","rect":{"x":3,"y":530,"width":758,"height":490},"offset":{"x":0,"y":0},"originalSize":{"width":758,"height":490},"rotated":false,"capInsets":[0,0,0,0],"packable":true,"pixelsToUnit":100,"pivot":{"x":0.5,"y":0.5},"meshType":0}],[0],0,[0],[0],[0]],[[{"name":"bg_gxfc_guize_ye_up","rect":{"x":897,"y":842,"width":26,"height":26},"offset":{"x":0,"y":0},"originalSize":{"width":26,"height":26},"rotated":false,"capInsets":[0,0,0,0],"packable":true,"pixelsToUnit":100,"pivot":{"x":0.5,"y":0.5},"meshType":0}],[0],0,[0],[0],[0]],[[{"name":"img_rule_in","rect":{"x":897,"y":874,"width":26,"height":26},"offset":{"x":0,"y":0},"originalSize":{"width":26,"height":26},"rotated":false,"capInsets":[0,0,0,0],"packable":true,"pixelsToUnit":100,"pivot":{"x":0.5,"y":0.5},"meshType":0}],[0],0,[0],[0],[0]],[[{"name":"bg_gxfc_shezhibox","rect":{"x":3,"y":3,"width":923,"height":499},"offset":{"x":0,"y":0},"originalSize":{"width":923,"height":499},"rotated":false,"capInsets":[0,0,0,0],"packable":true,"pixelsToUnit":100,"pivot":{"x":0.5,"y":0.5},"meshType":0}],[0],0,[0],[0],[0]],[[{"name":"icon_gxfc_guize_shuangfa","rect":{"x":897,"y":908,"width":117,"height":110},"offset":{"x":0,"y":0},"originalSize":{"width":117,"height":110},"rotated":false,"capInsets":[0,0,0,0],"packable":true,"pixelsToUnit":100,"pivot":{"x":0.5,"y":0.5},"meshType":0}],[0],0,[0],[0],[0]]]]
