[1,["7eaktz7WVBgoU9h1YgSj73@6c48a"],["_textureSource"],["cc.SpriteFrame"],0,[{"name":"PayTable4Espanha","rect":{"x":0,"y":0,"width":1527,"height":646},"offset":{"x":0,"y":0},"originalSize":{"width":1527,"height":646},"rotated":false,"capInsets":[0,0,0,0],"vertices":{"rawPosition":[-763.5,-323,0,763.5,-323,0,-763.5,323,0,763.5,323,0],"indexes":[0,1,2,2,1,3],"uv":[0,646,1527,646,0,0,1527,0],"nuv":[0,0,1,0,0,1,1,1],"minPos":{"x":-763.5,"y":-323,"z":0},"maxPos":{"x":763.5,"y":323,"z":0}},"packable":true,"pixelsToUnit":100,"pivot":{"x":0.5,"y":0.5},"meshType":0}],[0],0,[0],[0],[0]]
