[1,["7epYnoE+5OTL2dFlu4WkDG@6c48a"],["_textureSource"],["cc.SpriteFrame"],0,[{"name":"ocean_bg_freespinscompleted","rect":{"x":0,"y":2,"width":504,"height":48},"offset":{"x":0,"y":-1},"originalSize":{"width":504,"height":50},"rotated":false,"capInsets":[0,0,0,0],"vertices":{"rawPosition":[-252,-24,0,252,-24,0,-252,24,0,252,24,0],"indexes":[0,1,2,2,1,3],"uv":[0,48,504,48,0,0,504,0],"nuv":[0,0,1,0,0,0.96,1,0.96],"minPos":{"x":-252,"y":-24,"z":0},"maxPos":{"x":252,"y":24,"z":0}},"packable":true,"pixelsToUnit":100,"pivot":{"x":0.5,"y":0.5},"meshType":0}],[0],0,[0],[0],[0]]
