[1,["01XlGnzptHnICRYs0/wk0N@6c48a","01XlGnzptHnICRYs0/wk0N@f9941"],["_textureSource","spriteFrame"],["cc.SpriteFrame",["cc.BitmapFont",["_name","fontSize","fntConfig"],0]],[[1,0,1,2,4]],[[[{"name":"num_darkBlueBet_0","rect":{"x":2,"y":2,"width":250,"height":50},"offset":{"x":-1,"y":37},"originalSize":{"width":256,"height":128},"rotated":false,"capInsets":[0,0,0,0],"vertices":{"rawPosition":[-125,-25,0,125,-25,0,-125,25,0,125,25,0],"indexes":[0,1,2,2,1,3],"uv":[2,126,252,126,2,76,252,76],"nuv":[0.0078125,0.59375,0.984375,0.59375,0.0078125,0.984375,0.984375,0.984375],"minPos":{"x":-125,"y":-25,"z":0},"maxPos":{"x":125,"y":25,"z":0}},"packable":true,"pixelsToUnit":100,"pivot":{"x":0.5,"y":0.5},"meshType":0}],[0],0,[0],[0],[0]],[[[0,"num_darkBlueBet",32,{"commonHeight":32,"fontSize":32,"atlasName":"num_darkBlueBet_0.png","fontDefDictionary":{"48":{"xOffset":-2,"yOffset":-2,"xAdvance":17,"rect":{"x":124,"y":0,"width":21,"height":27}},"49":{"xOffset":-2,"yOffset":-2,"xAdvance":14,"rect":{"x":42,"y":28,"width":18,"height":27}},"50":{"xOffset":-2,"yOffset":-2,"xAdvance":18,"rect":{"x":101,"y":0,"width":22,"height":27}},"51":{"xOffset":-2,"yOffset":-2,"xAdvance":16,"rect":{"x":234,"y":0,"width":20,"height":27}},"52":{"xOffset":-2,"yOffset":-2,"xAdvance":17,"rect":{"x":146,"y":0,"width":21,"height":27}},"53":{"xOffset":-2,"yOffset":-2,"xAdvance":17,"rect":{"x":168,"y":0,"width":21,"height":27}},"54":{"xOffset":-2,"yOffset":-2,"xAdvance":16,"rect":{"x":0,"y":28,"width":20,"height":27}},"55":{"xOffset":-2,"yOffset":-2,"xAdvance":17,"rect":{"x":190,"y":0,"width":21,"height":27}},"56":{"xOffset":-2,"yOffset":-2,"xAdvance":16,"rect":{"x":21,"y":28,"width":20,"height":27}},"57":{"xOffset":-2,"yOffset":-2,"xAdvance":17,"rect":{"x":212,"y":0,"width":21,"height":27}},"66":{"xOffset":-2,"yOffset":-2,"xAdvance":20,"rect":{"x":27,"y":0,"width":24,"height":27}},"75":{"xOffset":-2,"yOffset":-2,"xAdvance":20,"rect":{"x":52,"y":0,"width":24,"height":27}},"77":{"xOffset":-2,"yOffset":-2,"xAdvance":22,"rect":{"x":0,"y":0,"width":26,"height":27}},"84":{"xOffset":-2,"yOffset":-2,"xAdvance":19,"rect":{"x":77,"y":0,"width":23,"height":27}}},"kerningDict":{}}]],0,0,[0],[1],[1]]]]
