[1,["5ey9H/HSxHAYuTyeTlaVjw@f9941","5ey9H/HSxHAYuTyeTlaVjw@6c48a"],["spriteFrame","_textureSource"],["cc.SpriteFrame",["cc.BitmapFont",["_name","fontSize","fntConfig"],0]],[[1,0,1,2,4]],[[[[0,"num_orangeBet",32,{"commonHeight":32,"fontSize":32,"atlasName":"num_orangeBet_0.png","fontDefDictionary":{"48":{"xOffset":-2,"yOffset":-2,"xAdvance":17,"rect":{"x":100,"y":0,"width":21,"height":26}},"49":{"xOffset":-2,"yOffset":-2,"xAdvance":12,"rect":{"x":0,"y":27,"width":16,"height":26}},"50":{"xOffset":-2,"yOffset":-2,"xAdvance":16,"rect":{"x":166,"y":0,"width":20,"height":26}},"51":{"xOffset":-2,"yOffset":-2,"xAdvance":16,"rect":{"x":187,"y":0,"width":20,"height":26}},"52":{"xOffset":-2,"yOffset":-2,"xAdvance":17,"rect":{"x":122,"y":0,"width":21,"height":26}},"53":{"xOffset":-2,"yOffset":-2,"xAdvance":17,"rect":{"x":17,"y":27,"width":21,"height":25}},"54":{"xOffset":-2,"yOffset":-2,"xAdvance":16,"rect":{"x":208,"y":0,"width":20,"height":26}},"55":{"xOffset":-2,"yOffset":-2,"xAdvance":17,"rect":{"x":39,"y":27,"width":21,"height":25}},"56":{"xOffset":-2,"yOffset":-2,"xAdvance":16,"rect":{"x":229,"y":0,"width":20,"height":26}},"57":{"xOffset":-2,"yOffset":-2,"xAdvance":17,"rect":{"x":144,"y":0,"width":21,"height":26}},"66":{"xOffset":-2,"yOffset":-2,"xAdvance":19,"rect":{"x":52,"y":0,"width":23,"height":26}},"75":{"xOffset":-2,"yOffset":-2,"xAdvance":20,"rect":{"x":27,"y":0,"width":24,"height":26}},"77":{"xOffset":-2,"yOffset":-2,"xAdvance":22,"rect":{"x":0,"y":0,"width":26,"height":26}},"84":{"xOffset":-2,"yOffset":-2,"xAdvance":19,"rect":{"x":76,"y":0,"width":23,"height":26}}},"kerningDict":{}}]],0,0,[0],[0],[0]],[[{"name":"num_orangeBet_0","rect":{"x":2,"y":2,"width":245,"height":49},"offset":{"x":-3.5,"y":37.5},"originalSize":{"width":256,"height":128},"rotated":false,"capInsets":[0,0,0,0],"vertices":{"rawPosition":[-122.5,-24.5,0,122.5,-24.5,0,-122.5,24.5,0,122.5,24.5,0],"indexes":[0,1,2,2,1,3],"uv":[2,126,247,126,2,77,247,77],"nuv":[0.0078125,0.6015625,0.96484375,0.6015625,0.0078125,0.984375,0.96484375,0.984375],"minPos":{"x":-122.5,"y":-24.5,"z":0},"maxPos":{"x":122.5,"y":24.5,"z":0}},"packable":true,"pixelsToUnit":100,"pivot":{"x":0.5,"y":0.5},"meshType":0}],[0],0,[0],[1],[1]]]]
