[1,["7eygKdVItFaKPYwE030tWU@6c48a"],["_textureSource"],["cc.SpriteFrame"],0,[{"name":"i01","rect":{"x":0,"y":0,"width":58,"height":73},"offset":{"x":0,"y":0},"originalSize":{"width":58,"height":73},"rotated":false,"capInsets":[0,0,0,0],"vertices":{"rawPosition":[-29,-36.5,0,29,-36.5,0,-29,36.5,0,29,36.5,0],"indexes":[0,1,2,2,1,3],"uv":[0,73,58,73,0,0,58,0],"nuv":[0,0,1,0,0,1,1,1],"minPos":{"x":-29,"y":-36.5,"z":0},"maxPos":{"x":29,"y":36.5,"z":0}},"packable":true,"pixelsToUnit":100,"pivot":{"x":0.5,"y":0.5},"meshType":0}],[0],0,[0],[0],[0]]
