[1,["61G3WxV0NErqqVmUEEXnNE@f9941","61G3WxV0NErqqVmUEEXnNE@6c48a"],["spriteFrame","_textureSource"],["cc.SpriteFrame",["cc.BitmapFont",["_name","fontSize","fntConfig"],0]],[[1,0,1,2,4]],[[[[0,"font_sg_totalnum",20,{"commonHeight":19,"fontSize":20,"atlasName":"font_sg_totalnum_0.png","fontDefDictionary":{"32":{"xOffset":-1,"yOffset":18,"xAdvance":5,"rect":{"x":117,"y":59,"width":3,"height":1}},"48":{"xOffset":0,"yOffset":0,"xAdvance":39,"rect":{"x":0,"y":0,"width":39,"height":49}},"49":{"xOffset":0,"yOffset":0,"xAdvance":27,"rect":{"x":236,"y":0,"width":27,"height":49}},"50":{"xOffset":0,"yOffset":0,"xAdvance":37,"rect":{"x":160,"y":0,"width":37,"height":49}},"51":{"xOffset":0,"yOffset":0,"xAdvance":37,"rect":{"x":198,"y":0,"width":37,"height":49}},"52":{"xOffset":0,"yOffset":1,"xAdvance":39,"rect":{"x":0,"y":59,"width":39,"height":48}},"53":{"xOffset":0,"yOffset":2,"xAdvance":38,"rect":{"x":40,"y":59,"width":38,"height":48}},"54":{"xOffset":0,"yOffset":0,"xAdvance":39,"rect":{"x":40,"y":0,"width":39,"height":49}},"55":{"xOffset":0,"yOffset":0,"xAdvance":37,"rect":{"x":79,"y":59,"width":37,"height":48}},"56":{"xOffset":0,"yOffset":0,"xAdvance":39,"rect":{"x":80,"y":0,"width":39,"height":49}},"57":{"xOffset":0,"yOffset":0,"xAdvance":39,"rect":{"x":120,"y":0,"width":39,"height":49}}},"kerningDict":{}}]],0,0,[0],[0],[0]],[[{"name":"font_sg_totalnum_0","rect":{"x":0,"y":0,"width":263,"height":107},"offset":{"x":-18.5,"y":96.5},"originalSize":{"width":300,"height":300},"rotated":false,"capInsets":[0,0,0,0],"vertices":{"rawPosition":[-131.5,-53.5,0,131.5,-53.5,0,-131.5,53.5,0,131.5,53.5,0],"indexes":[0,1,2,2,1,3],"uv":[0,300,263,300,0,193,263,193],"nuv":[0,0.6433333333333333,0.8766666666666667,0.6433333333333333,0,1,0.8766666666666667,1],"minPos":{"x":-131.5,"y":-53.5,"z":0},"maxPos":{"x":131.5,"y":53.5,"z":0}},"packable":true,"pixelsToUnit":100,"pivot":{"x":0.5,"y":0.5},"meshType":0}],[0],0,[0],[1],[1]]]]
