[1,["14fd40b05@6c48a","2a40df96-dcfa-4f80-a85d-4a7a427f364c@f9941","1fe567ae-573e-4c8c-a1d8-4b079cecff51@f9941","9e37bf2e-29a4-44e4-a120-b64c87288303@f9941"],["_textureSource"],["cc.SpriteFrame","cc.SpriteAtlas"],0,[[[{"name":"auto_common_starlight","spriteFrames":["btn_off","2a40df96-dcfa-4f80-a85d-4a7a427f364c@f9941","icon_dt_loading_0","1fe567ae-573e-4c8c-a1d8-4b079cecff51@f9941","icon_dt_loading_1","9e37bf2e-29a4-44e4-a120-b64c87288303@f9941"]}],[1],0,[0,0,0],[0,0,0],[1,2,3]],[[{"name":"icon_dt_loading_0","rect":{"x":3,"y":71,"width":796,"height":48},"offset":{"x":0,"y":0},"originalSize":{"width":796,"height":48},"rotated":true,"capInsets":[0,0,0,0],"packable":true,"pixelsToUnit":100,"pivot":{"x":0.5,"y":0.5},"meshType":0}],[0],0,[0],[0],[0]],[[{"name":"btn_off","rect":{"x":3,"y":3,"width":62,"height":62},"offset":{"x":0,"y":0},"originalSize":{"width":62,"height":62},"rotated":false,"capInsets":[0,0,0,0],"packable":true,"pixelsToUnit":100,"pivot":{"x":0.5,"y":0.5},"meshType":0}],[0],0,[0],[0],[0]],[[{"name":"icon_dt_loading_1","rect":{"x":57,"y":71,"width":772,"height":24},"offset":{"x":0,"y":0},"originalSize":{"width":772,"height":24},"rotated":true,"capInsets":[11,0,11,0],"packable":true,"pixelsToUnit":100,"pivot":{"x":0.5,"y":0.5},"meshType":0}],[0],0,[0],[0],[0]]]]
