[1,["a549y/+H5DQrxtLE3fW4Yu@f9941","a549y/+H5DQrxtLE3fW4Yu@6c48a"],["spriteFrame","_textureSource"],["cc.SpriteFrame",["cc.BitmapFont",["_name","fontSize","fntConfig"],0]],[[1,0,1,2,4]],[[[[0,"font_win_announce_top",24,{"commonHeight":24,"fontSize":24,"atlasName":"font_win_announce_top_0.png","fontDefDictionary":{"44":{"xOffset":-1,"yOffset":5,"xAdvance":11,"rect":{"x":153,"y":0,"width":13,"height":27}},"46":{"xOffset":-1,"yOffset":-1,"xAdvance":11,"rect":{"x":167,"y":0,"width":13,"height":27}},"48":{"xOffset":-1,"yOffset":-1,"xAdvance":18,"rect":{"x":48,"y":0,"width":20,"height":27}},"49":{"xOffset":-1,"yOffset":0,"xAdvance":13,"rect":{"x":0,"y":28,"width":15,"height":26}},"50":{"xOffset":-1,"yOffset":-1,"xAdvance":18,"rect":{"x":69,"y":0,"width":20,"height":27}},"51":{"xOffset":-1,"yOffset":-1,"xAdvance":18,"rect":{"x":90,"y":0,"width":20,"height":27}},"52":{"xOffset":-1,"yOffset":0,"xAdvance":19,"rect":{"x":181,"y":0,"width":21,"height":26}},"53":{"xOffset":-1,"yOffset":0,"xAdvance":18,"rect":{"x":203,"y":0,"width":20,"height":26}},"54":{"xOffset":-1,"yOffset":-1,"xAdvance":18,"rect":{"x":111,"y":0,"width":20,"height":27}},"55":{"xOffset":-1,"yOffset":0,"xAdvance":17,"rect":{"x":224,"y":0,"width":19,"height":26}},"56":{"xOffset":-1,"yOffset":-1,"xAdvance":18,"rect":{"x":132,"y":0,"width":20,"height":27}},"57":{"xOffset":-1,"yOffset":-1,"xAdvance":19,"rect":{"x":26,"y":0,"width":21,"height":27}},"88":{"xOffset":-1,"yOffset":-1,"xAdvance":23,"rect":{"x":0,"y":0,"width":25,"height":27}},"120":{"xOffset":-1,"yOffset":5,"xAdvance":19,"rect":{"x":16,"y":28,"width":21,"height":21}}},"kerningDict":{}}]],0,0,[0],[0],[0]],[[{"name":"font_win_announce_top_0","rect":{"x":1,"y":1,"width":241,"height":52},"offset":{"x":-6.5,"y":101},"originalSize":{"width":256,"height":256},"rotated":false,"capInsets":[0,0,0,0],"vertices":{"rawPosition":[-120.5,-26,0,120.5,-26,0,-120.5,26,0,120.5,26,0],"indexes":[0,1,2,2,1,3],"uv":[1,255,242,255,1,203,242,203],"nuv":[0.00390625,0.79296875,0.9453125,0.79296875,0.00390625,0.99609375,0.9453125,0.99609375],"minPos":{"x":-120.5,"y":-26,"z":0},"maxPos":{"x":120.5,"y":26,"z":0}},"packable":true,"pixelsToUnit":100,"pivot":{"x":0.5,"y":0.5},"meshType":0}],[0],0,[0],[1],[1]]]]
