[1,["6c4jEX9w5IfaIgXvtK6OWr@6c48a"],0,[["sp.SkeletonData",["_name","_atlasText","textureNames","_skeletonJson","textures"],-1,3]],[[0,0,1,2,3,4,5]],[[0,"+1tubiaodonghua","\r\n+1tubiaodonghua.png\r\nsize: 512,128\r\nformat: RGBA8888\r\nfilter: Linear,Linear\r\nrepeat: none\r\n+1\r\n  rotate: false\r\n  xy: 107, 34\r\n  size: 46, 28\r\n  orig: 46, 28\r\n  offset: 0, 0\r\n  index: -1\r\n+1dikuang\r\n  rotate: false\r\n  xy: 181, 16\r\n  size: 102, 102\r\n  orig: 102, 102\r\n  offset: 0, 0\r\n  index: -1\r\n+1jiantou\r\n  rotate: false\r\n  xy: 285, 61\r\n  size: 49, 57\r\n  orig: 49, 57\r\n  offset: 0, 0\r\n  index: -1\r\nLEVEL\r\n  rotate: false\r\n  xy: 2, 31\r\n  size: 103, 31\r\n  orig: 103, 31\r\n  offset: 0, 0\r\n  index: -1\r\nUP\r\n  rotate: false\r\n  xy: 2, 2\r\n  size: 49, 27\r\n  orig: 49, 27\r\n  offset: 0, 0\r\n  index: -1\r\nsaoguang\r\n  rotate: true\r\n  xy: 2, 64\r\n  size: 54, 177\r\n  orig: 54, 177\r\n  offset: 0, 0\r\n  index: -1\r\n",["+1tubiaodonghua.png"],{"skeleton":{"hash":"KMoGt6qHEBRkW387Kg/ze2cSdXA","spine":"3.6.53","width":122.25,"height":109.32,"images":""},"bones":[{"name":"root"},{"name":"+1","parent":"root","x":-17.78,"y":27.95},{"name":"caijian","parent":"root","x":53.25,"y":6.4},{"name":"jiantou","parent":"root","x":26.13,"y":17.92},{"name":"jiantou2","parent":"root","x":26.13,"y":17.92},{"name":"level","parent":"root","y":-26.4},{"name":"shaoguang","parent":"root","x":31.48,"y":9.84},{"name":"up","parent":"root","x":-23.54,"y":3.71}],"slots":[{"name":"+1dikuang","bone":"root","attachment":"+1dikuang"},{"name":"+1jiantou","bone":"jiantou","attachment":"+1jiantou"},{"name":"+1jiantou2","bone":"jiantou2","attachment":"+1jiantou","blend":"additive"},{"name":"caijian","bone":"caijian","attachment":"caijian"},{"name":"saoguang","bone":"shaoguang","color":"ffffff58","attachment":"saoguang","blend":"additive"},{"name":"+1","bone":"+1","attachment":"+1"},{"name":"UP","bone":"up","attachment":"UP"},{"name":"LEVEL","bone":"level","attachment":"LEVEL"}],"skins":{"default":{"+1":{"+1":{"x":-2.58,"y":2.22,"width":46,"height":28}},"+1dikuang":{"+1dikuang":{"width":102,"height":102}},"+1jiantou":{"+1jiantou":{"x":3.48,"y":2.16,"width":49,"height":57}},"+1jiantou2":{"+1jiantou":{"x":3.48,"y":2.16,"width":49,"height":57}},"LEVEL":{"LEVEL":{"x":1.37,"y":-3.23,"width":103,"height":31}},"UP":{"UP":{"x":4.66,"y":-0.04,"width":49,"height":27}},"caijian":{"caijian":{"type":"clipping","end":"saoguang","vertexCount":16,"color":"ce3a3aff","vertices":[-44.89,-10.71,-37.98,-3.34,-34,11.42,-33.42,19.82,-41.45,20.2,-42.32,23.13,-24.62,40.39,-20.97,39.84,-4.19,23.26,-3.96,20.02,-11.31,19.57,-12.87,10.53,-14.7,5.83,-19.22,-1.3,-31.41,-9.98,-44.5,-12.63]}},"saoguang":{"saoguang":{"x":-1.06,"y":7.64,"scaleX":0.5,"scaleY":0.5,"rotation":45,"width":54,"height":177}}}},"animations":{"animation":{"slots":{"+1jiantou2":{"color":[{"time":0,"color":"ffffff00","curve":"stepped"},{"time":1.1667,"color":"ffffff00"},{"time":1.3667,"color":"ffffffff"},{"time":1.5667,"color":"ffffff00"}]}},"bones":{"root":{"translate":[{"time":0,"x":0,"y":0},{"time":0.2333,"x":0,"y":20},{"time":0.5,"x":0,"y":0,"curve":"stepped"},{"time":5.8667,"x":0,"y":0}],"scale":[{"time":0,"x":0,"y":0},{"time":0.2333,"x":0.5,"y":0.5},{"time":0.5,"x":1,"y":1}]},"shaoguang":{"translate":[{"time":0,"x":0,"y":-67.76,"curve":"stepped"},{"time":1.3333,"x":0,"y":-67.76},{"time":2.0667,"x":0,"y":48.4}]},"+1":{"scale":[{"time":0.5,"x":1,"y":1},{"time":0.6333,"x":1.2,"y":1.2},{"time":0.7333,"x":1,"y":1}]},"up":{"scale":[{"time":0.7333,"x":1,"y":1},{"time":0.8667,"x":1.2,"y":1.2},{"time":0.9667,"x":1,"y":1}]},"level":{"scale":[{"time":0.9667,"x":1,"y":1},{"time":1.0667,"x":1.2,"y":1.2},{"time":1.1667,"x":1,"y":1}]},"jiantou2":{"scale":[{"time":0,"x":1,"y":1,"curve":"stepped"},{"time":1.1667,"x":1,"y":1},{"time":1.3667,"x":1.1,"y":1.1},{"time":1.5667,"x":1.2,"y":1.2}]}}}}},[0]]],0,0,[0],[-1],[0]]
