{"importBase":"import","nativeBase":"native","name":"main","deps":["internal","resources"],"uuids":["98+hfYcNtLYKrgKIpuNk4V","baIUdvKGZPgZxNbjWTFuRI","20g1ukYUVPvKWKBRznAKo+@f9941","38+ji0valOa5QGwzxPc7Pe","65ciwNYdRNKJ22xmB/9DMy","7dFpI0Ml1NI5CbEcCcUP44","7d/iTJRGVAWadiEb8Tx/rB","7fz8IyzrJLlYwjWtMO0xvu","b8Dh/EOK1By4oT7TatVKwk","fdjsU2o1RKF5x0TziDw3jI"],"paths":{"0":["db:/assets/main",0,1],"1":["db:/internal/physics/default-physics-material",2,1],"9":["db:/internal/default_renderpipeline/builtin-forward",1,1]},"scenes":{"db://assets/main.scene":0},"packs":{},"versions":{"import":[],"native":[]},"redirect":[2,"1",3,"1",4,"1",5,"1",6,"1",7,"1",8,"1",1,"0"],"debug":false,"extensionMap":{},"hasPreloadScript":true,"dependencyRelationships":{},"types":["cc.SceneAsset","cc.RenderPipeline","cc.PhysicsMaterial"]}