[1,["8faitsjeRCuomLE4U1MZkn@f9941","8faitsjeRCuomLE4U1MZkn@6c48a"],["spriteFrame","_textureSource"],["cc.SpriteFrame",["cc.BitmapFont",["_name","fontSize","fntConfig"],0]],[[1,0,1,2,4]],[[[[0,"shuzi_xiazhujine",32,{"commonHeight":32,"fontSize":32,"atlasName":"shuzi_xiazhujine_0.png","fontDefDictionary":{"44":{"xOffset":0,"yOffset":0,"xAdvance":10,"rect":{"x":171,"y":0,"width":10,"height":27}},"48":{"xOffset":0,"yOffset":0,"xAdvance":18,"rect":{"x":0,"y":0,"width":18,"height":27}},"49":{"xOffset":0,"yOffset":0,"xAdvance":12,"rect":{"x":159,"y":0,"width":12,"height":27}},"50":{"xOffset":0,"yOffset":0,"xAdvance":18,"rect":{"x":18,"y":0,"width":18,"height":27}},"51":{"xOffset":0,"yOffset":0,"xAdvance":17,"rect":{"x":108,"y":0,"width":17,"height":27}},"52":{"xOffset":0,"yOffset":0,"xAdvance":18,"rect":{"x":36,"y":0,"width":18,"height":27}},"53":{"xOffset":0,"yOffset":0,"xAdvance":17,"rect":{"x":125,"y":0,"width":17,"height":27}},"54":{"xOffset":0,"yOffset":0,"xAdvance":18,"rect":{"x":54,"y":0,"width":18,"height":27}},"55":{"xOffset":0,"yOffset":0,"xAdvance":17,"rect":{"x":142,"y":0,"width":17,"height":27}},"56":{"xOffset":0,"yOffset":0,"xAdvance":18,"rect":{"x":72,"y":0,"width":18,"height":27}},"57":{"xOffset":0,"yOffset":0,"xAdvance":18,"rect":{"x":90,"y":0,"width":18,"height":27}}},"kerningDict":{}}]],0,0,[0],[0],[0]],[[{"name":"shuzi_xiazhujine_0","rect":{"x":0,"y":0,"width":181,"height":27},"offset":{"x":-37.5,"y":114.5},"originalSize":{"width":256,"height":256},"rotated":false,"capInsets":[0,0,0,0],"vertices":{"rawPosition":[-90.5,-13.5,0,90.5,-13.5,0,-90.5,13.5,0,90.5,13.5,0],"indexes":[0,1,2,2,1,3],"uv":[0,256,181,256,0,229,181,229],"nuv":[0,0.89453125,0.70703125,0.89453125,0,1,0.70703125,1],"minPos":{"x":-90.5,"y":-13.5,"z":0},"maxPos":{"x":90.5,"y":13.5,"z":0}},"packable":true,"pixelsToUnit":100,"pivot":{"x":0.5,"y":0.5},"meshType":0}],[0],0,[0],[1],[1]]]]
