{"importBase":"import","nativeBase":"native","name":"fish","deps":["main"],"uuids":["6esLAAOt1CrYO3Zyp3toEZ","00LA/0dnVDYrGkL9oKly0k","010a2ec30","011781a86","0153debb3","018b9c502","01c925c17","021a61842","02g4Zwii1K6JqbQQxnBxqm@6c48a","02g4Zwii1K6JqbQQxnBxqm@f9941","03kgqoV/NLiKmh3yhMnXBF","03kgqoV/NLiKmh3yhMnXBF@0028a","03kgqoV/NLiKmh3yhMnXBF@00938","03kgqoV/NLiKmh3yhMnXBF@07bd6","03kgqoV/NLiKmh3yhMnXBF@0ceb4","03kgqoV/NLiKmh3yhMnXBF@0ebf8","03kgqoV/NLiKmh3yhMnXBF@18758","03kgqoV/NLiKmh3yhMnXBF@37d87","03kgqoV/NLiKmh3yhMnXBF@453cb","03kgqoV/NLiKmh3yhMnXBF@616ee","03kgqoV/NLiKmh3yhMnXBF@88e1c","03kgqoV/NLiKmh3yhMnXBF@96c48","03kgqoV/NLiKmh3yhMnXBF@a1e9f","03kgqoV/NLiKmh3yhMnXBF@acaad","02f8YFOZRDG53edy9HuZLe","02g4Zwii1K6JqbQQxnBxqm","029486530","029f4124b","02vsK0AodEUZCKnsVhVaFA@6c48a","02vsK0AodEUZCKnsVhVaFA","02c49a91d","032a13f36","035608f95","035aaa8e8","03747193f","037520214","03kgqoV/NLiKmh3yhMnXBF@083f6","03kgqoV/NLiKmh3yhMnXBF@0db61","03kgqoV/NLiKmh3yhMnXBF@17bba","03kgqoV/NLiKmh3yhMnXBF@19b66","03kgqoV/NLiKmh3yhMnXBF@40257","03kgqoV/NLiKmh3yhMnXBF@52a2d","03kgqoV/NLiKmh3yhMnXBF@6d932","03kgqoV/NLiKmh3yhMnXBF@93db1","03kgqoV/NLiKmh3yhMnXBF@9d1c8","03kgqoV/NLiKmh3yhMnXBF@a98de","03kgqoV/NLiKmh3yhMnXBF@ad06c","03kgqoV/NLiKmh3yhMnXBF@c42e4","03kgqoV/NLiKmh3yhMnXBF@c7be2","03kgqoV/NLiKmh3yhMnXBF@ca370","03kgqoV/NLiKmh3yhMnXBF@cc9b0","03kgqoV/NLiKmh3yhMnXBF@ce52a","03kgqoV/NLiKmh3yhMnXBF@d300c","03kgqoV/NLiKmh3yhMnXBF@d9fb6","03kgqoV/NLiKmh3yhMnXBF@dc86a","03kgqoV/NLiKmh3yhMnXBF@e47a8","03kgqoV/NLiKmh3yhMnXBF@eb635","03kgqoV/NLiKmh3yhMnXBF@ec523","03kgqoV/NLiKmh3yhMnXBF@f47fc","03kgqoV/NLiKmh3yhMnXBF@f6f7b","03kgqoV/NLiKmh3yhMnXBF@fd674","043a99eb3","04429181e","044cc74f9","04569c56a","04cpZlqm1O7pmwYn1XMFtH@6c48a","04gQzsUYRAYqg/rjgbHboE@6c48a","04ief0mPBJEbAue+G0Nugb@6c48a","04l9kDwOZIUqp4qulimVCt","04l9kDwOZIUqp4qulimVCt@6c48a","05njIKy1VAvqthINZru2Zh@14ae2","05njIKy1VAvqthINZru2Zh@1e2ed","05njIKy1VAvqthINZru2Zh@2f615","05njIKy1VAvqthINZru2Zh@3f632","05njIKy1VAvqthINZru2Zh@4228e","05njIKy1VAvqthINZru2Zh@55423","05njIKy1VAvqthINZru2Zh@62459","05njIKy1VAvqthINZru2Zh@6866a","05njIKy1VAvqthINZru2Zh@6f33b","05njIKy1VAvqthINZru2Zh@85ee5","04cpZlqm1O7pmwYn1XMFtH","04gQzsUYRAYqg/rjgbHboE","04ief0mPBJEbAue+G0Nugb","048fee4e0","05369600b","05754d1a2","05njIKy1VAvqthINZru2Zh","05njIKy1VAvqthINZru2Zh@1448d","05njIKy1VAvqthINZru2Zh@3e562","05njIKy1VAvqthINZru2Zh@61660","05njIKy1VAvqthINZru2Zh@7cb8e","05njIKy1VAvqthINZru2Zh@8b9d1","05njIKy1VAvqthINZru2Zh@8f39a","05njIKy1VAvqthINZru2Zh@930a5","05njIKy1VAvqthINZru2Zh@931a4","05njIKy1VAvqthINZru2Zh@a16fa","05njIKy1VAvqthINZru2Zh@c114e","05njIKy1VAvqthINZru2Zh@d7979","05njIKy1VAvqthINZru2Zh@d8bc7","05njIKy1VAvqthINZru2Zh@eece9","05njIKy1VAvqthINZru2Zh@f7711","05njIKy1VAvqthINZru2Zh@f8d02","05a209ed5","0655d4afa","0695a8471","06ae0390e","0d+0WgWVtEh6MgHN5kJRnL","06wFC2LodNaLKESjJuc4u+","07383645c","07QrJuD7VGe7o+9G4hLxgC","08089332c","08bZVx60JK2Z4AqBeYrqxT@6c48a","09Y5OVTPZCTrvfM3bgmAO1@6c48a","0duqRHSj1JmLF0pzkokC67@6c48a","08Dwe2DbhCc5B2KBuXZiXa","08bZVx60JK2Z4AqBeYrqxT","08a9d792e","08edf99e1","0907cc64e","0950dd423","095ae0568","09Y5OVTPZCTrvfM3bgmAO1","09Y5OVTPZCTrvfM3bgmAO1@f9941","09e48e0ce","0a60fefe0","0a81ce659","0abe7e29d","0ae3da36d","0b43b2330","0b9e31972","0bb37669d","0cMCJoryVLG6JhfWUBWqFY","0c90bed4c","0cx8bff+tJF6xqx0mFdNbs","0db8be50d","0dfbaf2c0","0ehN3dDxlMOpf6117nPDrR@6c48a","11+G8FMQpJPrXcfyVLc8zD@6c48a","11+G8FMQpJPrXcfyVLc8zD@f9941","21lSOXeKhJpIdlH1MYS09o@6c48a","0duqRHSj1JmLF0pzkokC67","0duqRHSj1JmLF0pzkokC67@f9941","0ehN3dDxlMOpf6117nPDrR","0erA9opz5CurFQVsczX+/g","0ec44b381","0ec666ec7","0fAJDvIiNLL7vKuxPkAzen","0f1ab9054","0fXNxVRmhEXorogg3gOMO7","0f6e7844a","0f77fdf02","0fa02d231","0ff63b521","18eDMZ50tPS6A0fxjy5gxd","10Qehk1FtMVZsU+zNVklxZ","11vcSwZKhOt6Knn7niM+l3","1dEu+Rv8xJ+aKCrDVrz7hn@6c48a","1dEu+Rv8xJ+aKCrDVrz7hn@f9941","22h0FMzANP+a1l7J92NnqJ@6c48a","22h0FMzANP+a1l7J92NnqJ@f9941","25FNIsVVROEJzgq5usgvjJ","25FNIsVVROEJzgq5usgvjJ@56d38","25FNIsVVROEJzgq5usgvjJ@a50f3","25zQvex9JBZIDx11k1DC3I@6c48a","28h/BV3dBKyo1yO0tjrqmS@6c48a","29TPe6ctVE641lH9WiyB63@6c48a","29iJAzbU5D7rRq49hGrsXB@6c48a","2bLZkFk3JAILumw6a3pE6o@6c48a","2b2lEox0dM2JxPPCArKGXc","2egUUh5FlDkJO+cV6aRXPb","2ezV7gQEVJTakfeZGLguDn","2f7AiPoedMMLGm0wRt4mir@6c48a","2f7OMEwohNDbytWnfxWCwi","2f7OMEwohNDbytWnfxWCwi@3b106","2f7OMEwohNDbytWnfxWCwi@453b4","2f7OMEwohNDbytWnfxWCwi@5e56c","2f7OMEwohNDbytWnfxWCwi@6059f","2f7OMEwohNDbytWnfxWCwi@61a43","2f7OMEwohNDbytWnfxWCwi@6aa0b","2f7OMEwohNDbytWnfxWCwi@75d9f","2f7OMEwohNDbytWnfxWCwi@9e6f0","2f7OMEwohNDbytWnfxWCwi@b3e55","2f7OMEwohNDbytWnfxWCwi@e579e","2f7OMEwohNDbytWnfxWCwi@ef971","2f7OMEwohNDbytWnfxWCwi@f22ae","2f7OMEwohNDbytWnfxWCwi@fbb15","30n1Ny1TxEE70J/q4bGgLw","30n1Ny1TxEE70J/q4bGgLw@11ba0","30n1Ny1TxEE70J/q4bGgLw@8517e","30n1Ny1TxEE70J/q4bGgLw@9426e","30n1Ny1TxEE70J/q4bGgLw@9690b","30n1Ny1TxEE70J/q4bGgLw@c6a36","30n1Ny1TxEE70J/q4bGgLw@cac25","30n1Ny1TxEE70J/q4bGgLw@daafd","30n1Ny1TxEE70J/q4bGgLw@e1722","30n1Ny1TxEE70J/q4bGgLw@f0943","3e6VmV+rpJJ683OGo/38za","3fHX//mT5N+oHh/rWwpuBk","3fHX//mT5N+oHh/rWwpuBk@0229b","3fHX//mT5N+oHh/rWwpuBk@0ccc3","3fHX//mT5N+oHh/rWwpuBk@100b9","3fHX//mT5N+oHh/rWwpuBk@18806","3fHX//mT5N+oHh/rWwpuBk@18b7f","3fHX//mT5N+oHh/rWwpuBk@1b814","3fHX//mT5N+oHh/rWwpuBk@1fd0b","3fHX//mT5N+oHh/rWwpuBk@2772e","3fHX//mT5N+oHh/rWwpuBk@38559","3fHX//mT5N+oHh/rWwpuBk@3c45a","3fHX//mT5N+oHh/rWwpuBk@3fdbd","3fHX//mT5N+oHh/rWwpuBk@4c1cc","3fHX//mT5N+oHh/rWwpuBk@5091c","3fHX//mT5N+oHh/rWwpuBk@55d8a","3fHX//mT5N+oHh/rWwpuBk@562be","3fHX//mT5N+oHh/rWwpuBk@5c0be","3fHX//mT5N+oHh/rWwpuBk@64497","3fHX//mT5N+oHh/rWwpuBk@729b1","3fHX//mT5N+oHh/rWwpuBk@850dd","3fHX//mT5N+oHh/rWwpuBk@8bdc3","3fHX//mT5N+oHh/rWwpuBk@90846","3fHX//mT5N+oHh/rWwpuBk@979ad","3fHX//mT5N+oHh/rWwpuBk@9f6c4","3fHX//mT5N+oHh/rWwpuBk@a9233","3fHX//mT5N+oHh/rWwpuBk@ae36e","3fHX//mT5N+oHh/rWwpuBk@ae91e","3fHX//mT5N+oHh/rWwpuBk@b641e","3fHX//mT5N+oHh/rWwpuBk@c0699","3fHX//mT5N+oHh/rWwpuBk@c10ec","3fHX//mT5N+oHh/rWwpuBk@c5bf8","3fHX//mT5N+oHh/rWwpuBk@c8e48","3fHX//mT5N+oHh/rWwpuBk@ec89d","3fHX//mT5N+oHh/rWwpuBk@ee02c","3fHX//mT5N+oHh/rWwpuBk@ee3d0","3fHX//mT5N+oHh/rWwpuBk@ef0ac","3fHX//mT5N+oHh/rWwpuBk@fae6d","3fHX//mT5N+oHh/rWwpuBk@fd000","3fHX//mT5N+oHh/rWwpuBk@fe1f8","40FTfm5o1Ez787/j3Gl/nZ","40R92rfRxPw7Vxku347zfS","40R92rfRxPw7Vxku347zfS@0ab82","40R92rfRxPw7Vxku347zfS@3f6c4","40R92rfRxPw7Vxku347zfS@5e853","40R92rfRxPw7Vxku347zfS@94c51","40R92rfRxPw7Vxku347zfS@cdb8d","41N9WN0hBC3KRUIAFJPiCn@6c48a","43EcZRmqNKfJ9ZoRXNQvKu@f9941","43gLiiSK9GsrtVNJQqTuNB","44swSWrg5N67IuEeKKev7V@6c48a","45Ba3LTWFHr7gOJaIx8HCB","45Ba3LTWFHr7gOJaIx8HCB@12c3f","45Ba3LTWFHr7gOJaIx8HCB@36590","45Ba3LTWFHr7gOJaIx8HCB@3ca77","45Ba3LTWFHr7gOJaIx8HCB@704a9","45Ba3LTWFHr7gOJaIx8HCB@baf2b","45Ba3LTWFHr7gOJaIx8HCB@bd483","45Ba3LTWFHr7gOJaIx8HCB@cfb78","45Ba3LTWFHr7gOJaIx8HCB@d5cd0","45Ba3LTWFHr7gOJaIx8HCB@dc485","45Ba3LTWFHr7gOJaIx8HCB@e714a","45C6X2HalM34mGqxTPw7Vs@6c48a","45C6X2HalM34mGqxTPw7Vs@f9941","45QwUcgWhDL796DTb1YfhP@6c48a","46jPoiIAtBx4qR/6VkV76C@6c48a","479jMvjOhA77gYR978QDAQ@6c48a","48ZRpymPVCKoGVZUZkMbaA","48ZRpymPVCKoGVZUZkMbaA@398b7","48ZRpymPVCKoGVZUZkMbaA@42cdb","48ZRpymPVCKoGVZUZkMbaA@4f84c","48ZRpymPVCKoGVZUZkMbaA@5a87d","48ZRpymPVCKoGVZUZkMbaA@658b8","48ZRpymPVCKoGVZUZkMbaA@6f3ef","48ZRpymPVCKoGVZUZkMbaA@90e16","48ZRpymPVCKoGVZUZkMbaA@a25d4","48ZRpymPVCKoGVZUZkMbaA@a4d50","48ZRpymPVCKoGVZUZkMbaA@a8738","48ZRpymPVCKoGVZUZkMbaA@b0b10","48ZRpymPVCKoGVZUZkMbaA@b3698","48ZRpymPVCKoGVZUZkMbaA@c2dc8","48ZRpymPVCKoGVZUZkMbaA@d1a94","48ZRpymPVCKoGVZUZkMbaA@d2fd5","48ZRpymPVCKoGVZUZkMbaA@dd986","48ZRpymPVCKoGVZUZkMbaA@f1808","49ux3NRStDCo+uIMRYWJQf@6c48a","4aDLG1LLVJarNLcR0UYTtt@6c48a","4aDeGQNpFHa4QUrhbcRgdB@6c48a","4aDeGQNpFHa4QUrhbcRgdB@f9941","4bWOnWedJGi5PZ/msweiQM@6c48a","4dlFfhielJA4ssgcyqoQYH","4eduUAthtGr4PnEr8Stvhi@6c48a","4eduUAthtGr4PnEr8Stvhi@f9941","4egl+VtzhLn4xVNnrMRyW9@6c48a","50SuVcQcFB+YwpuFxib0T1@6c48a","50SuVcQcFB+YwpuFxib0T1@f9941","508aA/7eNB7qGjpk5ti20W","545I43N4dHk7sF2IVIPv6P","5eKe3wONVNVb8d9y2XwKiq@6c48a","5fYddK9Q9O87XoyYYVYsLe","5fnJHgR35Fs5RJFHpFi4A+@6c48a","4egl+VtzhLn4xVNnrMRyW9","4egl+VtzhLn4xVNnrMRyW9@f9941","50SuVcQcFB+YwpuFxib0T1","54TknWPwVPqJqeCR+Y/Czo","5bD5gXQ7pBLZet9BpePQra@6c48a","5bgUvsSlVAn4TadDuZzaiY@6c48a","5bx8SYVtlFQqh5uch9gAOb@6c48a","5dF0Rmwr9Nxaj9d0HkAN/2@6c48a","5fnJHgR35Fs5RJFHpFi4A+@f9941","5f1dSfUflNWpT+kD8lPz7N@6c48a","631OwhcZNLHopeS556tn7M@6c48a","631OwhcZNLHopeS556tn7M@f9941","6blYQSeelOC75JZpuOuFS8","6blYQSeelOC75JZpuOuFS8@0361f","6blYQSeelOC75JZpuOuFS8@095c0","6blYQSeelOC75JZpuOuFS8@0c550","6blYQSeelOC75JZpuOuFS8@1e4ec","6blYQSeelOC75JZpuOuFS8@29cbc","6blYQSeelOC75JZpuOuFS8@2da49","6blYQSeelOC75JZpuOuFS8@2e965","6blYQSeelOC75JZpuOuFS8@302b6","6blYQSeelOC75JZpuOuFS8@3090c","6blYQSeelOC75JZpuOuFS8@38ec9","6blYQSeelOC75JZpuOuFS8@3d417","6blYQSeelOC75JZpuOuFS8@437a1","6blYQSeelOC75JZpuOuFS8@43c91","6blYQSeelOC75JZpuOuFS8@454d1","6blYQSeelOC75JZpuOuFS8@50dad","6blYQSeelOC75JZpuOuFS8@5627a","6blYQSeelOC75JZpuOuFS8@61edb","6blYQSeelOC75JZpuOuFS8@6cd65","6blYQSeelOC75JZpuOuFS8@6d8c5","6blYQSeelOC75JZpuOuFS8@72c12","6blYQSeelOC75JZpuOuFS8@810f7","6blYQSeelOC75JZpuOuFS8@82db8","6blYQSeelOC75JZpuOuFS8@84bfb","6blYQSeelOC75JZpuOuFS8@8842f","6blYQSeelOC75JZpuOuFS8@8aaac","6blYQSeelOC75JZpuOuFS8@93c15","6blYQSeelOC75JZpuOuFS8@aa92f","6blYQSeelOC75JZpuOuFS8@ae3be","6blYQSeelOC75JZpuOuFS8@be883","6blYQSeelOC75JZpuOuFS8@c3a4d","6blYQSeelOC75JZpuOuFS8@d091d","6blYQSeelOC75JZpuOuFS8@d16ad","6blYQSeelOC75JZpuOuFS8@dd24c","6blYQSeelOC75JZpuOuFS8@dec64","6blYQSeelOC75JZpuOuFS8@e4bfc","6blYQSeelOC75JZpuOuFS8@e7a30","6blYQSeelOC75JZpuOuFS8@e83b0","6blYQSeelOC75JZpuOuFS8@f15db","6blYQSeelOC75JZpuOuFS8@f6db7","6blYQSeelOC75JZpuOuFS8@fd892","6blYQSeelOC75JZpuOuFS8@ff9ed","6cYD0Idt9JN77d/w9B/y52@6c48a","72Fox2nWFPVo6KpNS2EXUp","72Fox2nWFPVo6KpNS2EXUp@0e53b","72Fox2nWFPVo6KpNS2EXUp@105dd","72Fox2nWFPVo6KpNS2EXUp@114e1","72Fox2nWFPVo6KpNS2EXUp@156ce","72Fox2nWFPVo6KpNS2EXUp@19538","72Fox2nWFPVo6KpNS2EXUp@1aa15","72Fox2nWFPVo6KpNS2EXUp@21c90","72Fox2nWFPVo6KpNS2EXUp@258f0","72Fox2nWFPVo6KpNS2EXUp@2e255","72Fox2nWFPVo6KpNS2EXUp@2fc97","72Fox2nWFPVo6KpNS2EXUp@3ee74","72Fox2nWFPVo6KpNS2EXUp@44ea7","72Fox2nWFPVo6KpNS2EXUp@5c73c","72Fox2nWFPVo6KpNS2EXUp@5cd68","72Fox2nWFPVo6KpNS2EXUp@6e784","72Fox2nWFPVo6KpNS2EXUp@76644","72Fox2nWFPVo6KpNS2EXUp@7dcc9","72Fox2nWFPVo6KpNS2EXUp@8af28","72Fox2nWFPVo6KpNS2EXUp@93cf0","72Fox2nWFPVo6KpNS2EXUp@a5aae","72Fox2nWFPVo6KpNS2EXUp@aa083","72Fox2nWFPVo6KpNS2EXUp@b2d68","72Fox2nWFPVo6KpNS2EXUp@c291e","72Fox2nWFPVo6KpNS2EXUp@ca5e4","72Fox2nWFPVo6KpNS2EXUp@ce534","72Fox2nWFPVo6KpNS2EXUp@dc60d","72Fox2nWFPVo6KpNS2EXUp@e4ae6","72Fox2nWFPVo6KpNS2EXUp@ec777","72Fox2nWFPVo6KpNS2EXUp@f8f93","72Fox2nWFPVo6KpNS2EXUp@fa52c","746K9QXFlI5rgretK2rHEK@6c48a","7467JJooNLsagrbxKQvaYV","76KZxV7sxNOZ9h/C3vxrzq@f9941","7buHylqzpE5bBHImqNNCNg","7buHylqzpE5bBHImqNNCNg@198a0","7buHylqzpE5bBHImqNNCNg@3f3ed","7buHylqzpE5bBHImqNNCNg@40c25","7buHylqzpE5bBHImqNNCNg@4c9c5","7buHylqzpE5bBHImqNNCNg@51156","7buHylqzpE5bBHImqNNCNg@70716","7buHylqzpE5bBHImqNNCNg@72a08","7buHylqzpE5bBHImqNNCNg@80fa3","7buHylqzpE5bBHImqNNCNg@860ff","7buHylqzpE5bBHImqNNCNg@893a7","7buHylqzpE5bBHImqNNCNg@8b88a","7buHylqzpE5bBHImqNNCNg@b2b6a","7buHylqzpE5bBHImqNNCNg@b3433","7buHylqzpE5bBHImqNNCNg@b5fc8","7buHylqzpE5bBHImqNNCNg@c2003","7buHylqzpE5bBHImqNNCNg@c5be2","7buHylqzpE5bBHImqNNCNg@d57aa","7buHylqzpE5bBHImqNNCNg@e03ca","7buHylqzpE5bBHImqNNCNg@f8e4d","7cN7s33KpJkKPauDaw1Y1/","7cN7s33KpJkKPauDaw1Y1/@11b34","7cN7s33KpJkKPauDaw1Y1/@1e6fb","7cN7s33KpJkKPauDaw1Y1/@27e3f","7cN7s33KpJkKPauDaw1Y1/@3918d","7cN7s33KpJkKPauDaw1Y1/@3e1bc","7cN7s33KpJkKPauDaw1Y1/@6c6d9","7cN7s33KpJkKPauDaw1Y1/@92f5e","7cN7s33KpJkKPauDaw1Y1/@ae66d","7cN7s33KpJkKPauDaw1Y1/@b8282","7cN7s33KpJkKPauDaw1Y1/@c20f0","7cN7s33KpJkKPauDaw1Y1/@eb01c","7cN7s33KpJkKPauDaw1Y1/@f8747","7cPcaSK3lCSaj4+khX6Ol/","7cPcaSK3lCSaj4+khX6Ol/@06c47","7cPcaSK3lCSaj4+khX6Ol/@10b4f","7cPcaSK3lCSaj4+khX6Ol/@300a7","7cPcaSK3lCSaj4+khX6Ol/@3609d","7cPcaSK3lCSaj4+khX6Ol/@3cecc","7cPcaSK3lCSaj4+khX6Ol/@52989","7cPcaSK3lCSaj4+khX6Ol/@9cf24","7cPcaSK3lCSaj4+khX6Ol/@a52fb","7cPcaSK3lCSaj4+khX6Ol/@a7c40","7cPcaSK3lCSaj4+khX6Ol/@afcf4","7cPcaSK3lCSaj4+khX6Ol/@b8c08","7cPcaSK3lCSaj4+khX6Ol/@dee3f","7cPcaSK3lCSaj4+khX6Ol/@e145f","7cPcaSK3lCSaj4+khX6Ol/@e42de","7cPcaSK3lCSaj4+khX6Ol/@f3622","7cq9DgYoVGgZoxR4PhAkoZ@f9941","7dKKZUthhA25XwHQoGPpHO@6c48a","7d3yAqSbJHK6JVtOPhwkGm@6c48a","80kwI7xt9Ae4Ai81RFk+Qk@6c48a","8181+x/qlJVbkAmWxsWnkE@6c48a","84Hz3XYLFNC4NJi8B7nJKJ@6c48a","88IFPm41RHtqnGLozEVSBZ","88IFPm41RHtqnGLozEVSBZ@1db59","88IFPm41RHtqnGLozEVSBZ@1f156","88IFPm41RHtqnGLozEVSBZ@412e0","88IFPm41RHtqnGLozEVSBZ@51723","88IFPm41RHtqnGLozEVSBZ@5685a","88IFPm41RHtqnGLozEVSBZ@581b8","88IFPm41RHtqnGLozEVSBZ@5cc1d","88IFPm41RHtqnGLozEVSBZ@6dc91","88IFPm41RHtqnGLozEVSBZ@7dc78","88IFPm41RHtqnGLozEVSBZ@8266b","88IFPm41RHtqnGLozEVSBZ@87871","88IFPm41RHtqnGLozEVSBZ@8acd9","88IFPm41RHtqnGLozEVSBZ@a7a1c","88IFPm41RHtqnGLozEVSBZ@aba49","88IFPm41RHtqnGLozEVSBZ@b3796","88IFPm41RHtqnGLozEVSBZ@b4f47","88IFPm41RHtqnGLozEVSBZ@c1e49","88IFPm41RHtqnGLozEVSBZ@cec94","88IFPm41RHtqnGLozEVSBZ@e0491","88IFPm41RHtqnGLozEVSBZ@e9657","88IFPm41RHtqnGLozEVSBZ@f17ce","882HCBL8BGs79JIKeXbAPf@6c48a","89YBH/pqdAlYBHOXMTvj+g@6c48a","89xx6svPhJoKTPRCFuwB4c@6c48a","8bGPK2drtOnLCX7Q4QEIpA@6c48a","8bSmkPOYhICappDH0u3iLs@f9941","8bgGZQEkZE0rNE8SIBPl3k@6c48a","8eH+Dw6/RF773aAylxOKRH@6c48a","8fS2mpc2FLyK++SIHCR0LU","8fS2mpc2FLyK++SIHCR0LU@0314a","8fS2mpc2FLyK++SIHCR0LU@1aa8a","8fS2mpc2FLyK++SIHCR0LU@2fea3","8fS2mpc2FLyK++SIHCR0LU@368d4","8fS2mpc2FLyK++SIHCR0LU@4af58","8fS2mpc2FLyK++SIHCR0LU@6abf3","8fS2mpc2FLyK++SIHCR0LU@798a9","8fS2mpc2FLyK++SIHCR0LU@87ce4","8fS2mpc2FLyK++SIHCR0LU@8d8bf","8fS2mpc2FLyK++SIHCR0LU@b4c62","9021cWLrFAULB/Gm93NMf/@6c48a","92QZcYIh5C+65EwcOTx2Y/","92QZcYIh5C+65EwcOTx2Y/@050f0","92QZcYIh5C+65EwcOTx2Y/@11507","92QZcYIh5C+65EwcOTx2Y/@2e5e5","92QZcYIh5C+65EwcOTx2Y/@9cb2c","92QZcYIh5C+65EwcOTx2Y/@aa6ed","92QZcYIh5C+65EwcOTx2Y/@af075","92QZcYIh5C+65EwcOTx2Y/@b49f6","92QZcYIh5C+65EwcOTx2Y/@cfc2c","92QZcYIh5C+65EwcOTx2Y/@e5fbf","92QZcYIh5C+65EwcOTx2Y/@f32a6","921kkU+idJDoUxqLXB4geQ","921kkU+idJDoUxqLXB4geQ@007ea","921kkU+idJDoUxqLXB4geQ@1ef9f","921kkU+idJDoUxqLXB4geQ@22d97","921kkU+idJDoUxqLXB4geQ@23c8f","921kkU+idJDoUxqLXB4geQ@27be1","921kkU+idJDoUxqLXB4geQ@290b6","921kkU+idJDoUxqLXB4geQ@2a546","921kkU+idJDoUxqLXB4geQ@7f528","921kkU+idJDoUxqLXB4geQ@8e3ab","921kkU+idJDoUxqLXB4geQ@9f38b","93HKERquBLX6ejMHQ1hWvk@f9941","9319/InohIM6LZUVa89SZt","9319/InohIM6LZUVa89SZt@082d6","9319/InohIM6LZUVa89SZt@0d0fe","9319/InohIM6LZUVa89SZt@495a7","9319/InohIM6LZUVa89SZt@4bdbb","9319/InohIM6LZUVa89SZt@55ebc","9319/InohIM6LZUVa89SZt@586fa","9319/InohIM6LZUVa89SZt@979b7","9319/InohIM6LZUVa89SZt@98bc1","9319/InohIM6LZUVa89SZt@a524f","9319/InohIM6LZUVa89SZt@b6082","9319/InohIM6LZUVa89SZt@bc256","9319/InohIM6LZUVa89SZt@cd0ec","9319/InohIM6LZUVa89SZt@d26c8","9319/InohIM6LZUVa89SZt@ec9be","9319/InohIM6LZUVa89SZt@f1e8d","95EkngnxZFbYuFpsqVTaFr","95LobzTWxM4LPQbueJ1eBp","95LobzTWxM4LPQbueJ1eBp@03a88","95LobzTWxM4LPQbueJ1eBp@1a353","95LobzTWxM4LPQbueJ1eBp@4cdc4","95LobzTWxM4LPQbueJ1eBp@ae2d4","99tAtXyjRA/5PoNP8fYYNi@6c48a","99v+nKDBpLPJd/54EBH3WD","9aKFAxKj5BbpmCD9Nr2t3H","9b6LqMbvZCvaz6EmzyG0rB@6c48a","9b6LqMbvZCvaz6EmzyG0rB@f9941","9fJB9gSahL1pR0P+Mp0y0M@6c48a","9f6kD6s9xGdYxqIx0fX/OZ@6c48a","a1pmNFoZJAcqcJEfJvkOw5@6c48a","a14hXk5UBAo5OMQcVcgIcb@6c48a","a437ZiLKREXYP0HLIQcRlZ","a5c1N3KG9MfYYVbeGAIhiV@6c48a","a5enfeC1lOr4BwOXvl8Nvc@6c48a","a50t6C4MlBZL5Z0S0B/Tyh@6c48a","a5+praBwtJBKMGLyHv7KLJ@6c48a","a76U4LbS9HlZDHXoKP6aoh@6c48a","b1mnsXYWZNI47nOR4bHhpR@6c48a","b1mnsXYWZNI47nOR4bHhpR@f9941","b16xMmKSxOkIS0LEf3U92l@6c48a","b19cdvFxJH/pmx3TJIUJsw","b19cdvFxJH/pmx3TJIUJsw@00989","b19cdvFxJH/pmx3TJIUJsw@0ca18","b19cdvFxJH/pmx3TJIUJsw@136bf","b19cdvFxJH/pmx3TJIUJsw@1b7c5","b19cdvFxJH/pmx3TJIUJsw@1e4d4","b19cdvFxJH/pmx3TJIUJsw@22127","b19cdvFxJH/pmx3TJIUJsw@2dd2e","b19cdvFxJH/pmx3TJIUJsw@3b66d","b19cdvFxJH/pmx3TJIUJsw@5f72b","b19cdvFxJH/pmx3TJIUJsw@63b76","b19cdvFxJH/pmx3TJIUJsw@66504","b19cdvFxJH/pmx3TJIUJsw@6ae50","b19cdvFxJH/pmx3TJIUJsw@92182","b19cdvFxJH/pmx3TJIUJsw@94ea1","b19cdvFxJH/pmx3TJIUJsw@9ada3","b19cdvFxJH/pmx3TJIUJsw@a5b15","b19cdvFxJH/pmx3TJIUJsw@a7885","b19cdvFxJH/pmx3TJIUJsw@bb17d","b19cdvFxJH/pmx3TJIUJsw@bc685","b19cdvFxJH/pmx3TJIUJsw@bf128","b19cdvFxJH/pmx3TJIUJsw@bf904","b19cdvFxJH/pmx3TJIUJsw@ccbea","b19cdvFxJH/pmx3TJIUJsw@d472f","b19cdvFxJH/pmx3TJIUJsw@d9b4e","b19cdvFxJH/pmx3TJIUJsw@eaaab","b19cdvFxJH/pmx3TJIUJsw@ef7b3","b19cdvFxJH/pmx3TJIUJsw@f460e","b19cdvFxJH/pmx3TJIUJsw@f4f9e","b19cdvFxJH/pmx3TJIUJsw@f8f9f","b19cdvFxJH/pmx3TJIUJsw@fa47e","b4OSkiha1DebV0IHKccuug@6c48a","b4OSkiha1DebV0IHKccuug@f9941","b4fRw9C0pHfZGpR3AyD9e/@6c48a","b4fRw9C0pHfZGpR3AyD9e/@f9941","b5KQ8ehqFCNo9Ww76/jvCD","b5KQ8ehqFCNo9Ww76/jvCD@1a63f","b5KQ8ehqFCNo9Ww76/jvCD@4113b","b5KQ8ehqFCNo9Ww76/jvCD@427fa","b5KQ8ehqFCNo9Ww76/jvCD@4f15f","b5KQ8ehqFCNo9Ww76/jvCD@54a3f","b5KQ8ehqFCNo9Ww76/jvCD@61154","b5KQ8ehqFCNo9Ww76/jvCD@7ca66","b5KQ8ehqFCNo9Ww76/jvCD@d412d","b5KQ8ehqFCNo9Ww76/jvCD@e1157","b5KQ8ehqFCNo9Ww76/jvCD@edbf4","b5LnLg9jBK+K7R5Se6xl/P@6c48a","b5LnLg9jBK+K7R5Se6xl/P@f9941","b5NwdcAO1Hy51UOyKEtlt4@6c48a","b5NwdcAO1Hy51UOyKEtlt4@f9941","b8xYh/+5xMHLDSjBn5jbon","b8xYh/+5xMHLDSjBn5jbon@01287","b8xYh/+5xMHLDSjBn5jbon@02201","b8xYh/+5xMHLDSjBn5jbon@09fa7","b8xYh/+5xMHLDSjBn5jbon@0b27b","b8xYh/+5xMHLDSjBn5jbon@12a01","b8xYh/+5xMHLDSjBn5jbon@25ef9","b8xYh/+5xMHLDSjBn5jbon@43ac7","b8xYh/+5xMHLDSjBn5jbon@46b39","b8xYh/+5xMHLDSjBn5jbon@4fb0a","b8xYh/+5xMHLDSjBn5jbon@51fb6","b8xYh/+5xMHLDSjBn5jbon@54f81","b8xYh/+5xMHLDSjBn5jbon@6d037","b8xYh/+5xMHLDSjBn5jbon@6eb44","b8xYh/+5xMHLDSjBn5jbon@7c149","b8xYh/+5xMHLDSjBn5jbon@7e60e","b8xYh/+5xMHLDSjBn5jbon@7f793","b8xYh/+5xMHLDSjBn5jbon@91034","b8xYh/+5xMHLDSjBn5jbon@94043","b8xYh/+5xMHLDSjBn5jbon@a3043","b8xYh/+5xMHLDSjBn5jbon@a6328","b8xYh/+5xMHLDSjBn5jbon@b03b3","b8xYh/+5xMHLDSjBn5jbon@b3583","b8xYh/+5xMHLDSjBn5jbon@b7ca4","b8xYh/+5xMHLDSjBn5jbon@b80ac","b8xYh/+5xMHLDSjBn5jbon@cad86","b8xYh/+5xMHLDSjBn5jbon@dd895","b8xYh/+5xMHLDSjBn5jbon@e9ab5","b8xYh/+5xMHLDSjBn5jbon@ee020","b8xYh/+5xMHLDSjBn5jbon@f2760","b8xYh/+5xMHLDSjBn5jbon@fd989","b9Q+OTeLFAtK2vncEMNnkI","b9Q+OTeLFAtK2vncEMNnkI@1e798","b9Q+OTeLFAtK2vncEMNnkI@4d025","b9Q+OTeLFAtK2vncEMNnkI@51ed7","b9Q+OTeLFAtK2vncEMNnkI@55734","b9Q+OTeLFAtK2vncEMNnkI@a37e1","b9Q+OTeLFAtK2vncEMNnkI@e67ab","b9Q+OTeLFAtK2vncEMNnkI@f9079","bc4J3i+I5NRZPDwz4AsDKK@6c48a","bc4J3i+I5NRZPDwz4AsDKK@f9941","bfFie35M9FGb+yNrjOEiSH","bfe6d8lIJFM4ANbZ67Faqu@6c48a","c4rPhfYNpB7aV3+Q21Ytjb@6c48a","ca5PpF9uVK7pYmh+W7uR2n","ca5PpF9uVK7pYmh+W7uR2n@0b5b7","ca5PpF9uVK7pYmh+W7uR2n@255ac","ca5PpF9uVK7pYmh+W7uR2n@30799","ca5PpF9uVK7pYmh+W7uR2n@38cd7","ca5PpF9uVK7pYmh+W7uR2n@48e31","ca5PpF9uVK7pYmh+W7uR2n@84067","ca9uDUiKpMuqOFkiNLwB4t@6c48a","ceCZB+uYBJVoooz78loPke@6c48a","ceLs/n4EVIw7fnJv8r7m/O","ceLs/n4EVIw7fnJv8r7m/O@00b03","ceLs/n4EVIw7fnJv8r7m/O@032e4","ceLs/n4EVIw7fnJv8r7m/O@03a85","ceLs/n4EVIw7fnJv8r7m/O@09fbd","ceLs/n4EVIw7fnJv8r7m/O@15184","ceLs/n4EVIw7fnJv8r7m/O@1d7f6","ceLs/n4EVIw7fnJv8r7m/O@21e36","ceLs/n4EVIw7fnJv8r7m/O@2317e","ceLs/n4EVIw7fnJv8r7m/O@23f47","ceLs/n4EVIw7fnJv8r7m/O@250da","ceLs/n4EVIw7fnJv8r7m/O@25f44","ceLs/n4EVIw7fnJv8r7m/O@26a76","ceLs/n4EVIw7fnJv8r7m/O@2dbbc","ceLs/n4EVIw7fnJv8r7m/O@2e4de","ceLs/n4EVIw7fnJv8r7m/O@302d8","ceLs/n4EVIw7fnJv8r7m/O@31cf7","ceLs/n4EVIw7fnJv8r7m/O@31cfa","ceLs/n4EVIw7fnJv8r7m/O@3388c","ceLs/n4EVIw7fnJv8r7m/O@33eca","ceLs/n4EVIw7fnJv8r7m/O@37bda","ceLs/n4EVIw7fnJv8r7m/O@3c468","ceLs/n4EVIw7fnJv8r7m/O@44982","ceLs/n4EVIw7fnJv8r7m/O@481ec","ceLs/n4EVIw7fnJv8r7m/O@4a8d0","ceLs/n4EVIw7fnJv8r7m/O@4bc7e","ceLs/n4EVIw7fnJv8r7m/O@4c103","ceLs/n4EVIw7fnJv8r7m/O@4d0a4","ceLs/n4EVIw7fnJv8r7m/O@5144e","ceLs/n4EVIw7fnJv8r7m/O@51f16","ceLs/n4EVIw7fnJv8r7m/O@55761","ceLs/n4EVIw7fnJv8r7m/O@55e74","ceLs/n4EVIw7fnJv8r7m/O@5663e","ceLs/n4EVIw7fnJv8r7m/O@59ed0","ceLs/n4EVIw7fnJv8r7m/O@5c80e","ceLs/n4EVIw7fnJv8r7m/O@5d5ce","ceLs/n4EVIw7fnJv8r7m/O@5f9d3","ceLs/n4EVIw7fnJv8r7m/O@659b9","ceLs/n4EVIw7fnJv8r7m/O@66736","ceLs/n4EVIw7fnJv8r7m/O@67c8c","ceLs/n4EVIw7fnJv8r7m/O@68b8e","ceLs/n4EVIw7fnJv8r7m/O@6a3f4","ceLs/n4EVIw7fnJv8r7m/O@6d9cc","ceLs/n4EVIw7fnJv8r7m/O@6e4e4","ceLs/n4EVIw7fnJv8r7m/O@70bca","ceLs/n4EVIw7fnJv8r7m/O@717c9","ceLs/n4EVIw7fnJv8r7m/O@72079","ceLs/n4EVIw7fnJv8r7m/O@78832","ceLs/n4EVIw7fnJv8r7m/O@798ce","ceLs/n4EVIw7fnJv8r7m/O@7b22e","ceLs/n4EVIw7fnJv8r7m/O@7c3a1","ceLs/n4EVIw7fnJv8r7m/O@819de","ceLs/n4EVIw7fnJv8r7m/O@8345b","ceLs/n4EVIw7fnJv8r7m/O@84793","ceLs/n4EVIw7fnJv8r7m/O@86c02","ceLs/n4EVIw7fnJv8r7m/O@8809d","ceLs/n4EVIw7fnJv8r7m/O@898f3","ceLs/n4EVIw7fnJv8r7m/O@91e7e","ceLs/n4EVIw7fnJv8r7m/O@945c2","ceLs/n4EVIw7fnJv8r7m/O@94d2f","ceLs/n4EVIw7fnJv8r7m/O@9c65f","ceLs/n4EVIw7fnJv8r7m/O@9e415","ceLs/n4EVIw7fnJv8r7m/O@a5b10","ceLs/n4EVIw7fnJv8r7m/O@a6271","ceLs/n4EVIw7fnJv8r7m/O@aa48d","ceLs/n4EVIw7fnJv8r7m/O@aba8e","ceLs/n4EVIw7fnJv8r7m/O@baefb","ceLs/n4EVIw7fnJv8r7m/O@be2a2","ceLs/n4EVIw7fnJv8r7m/O@bfeb8","ceLs/n4EVIw7fnJv8r7m/O@c2209","ceLs/n4EVIw7fnJv8r7m/O@c26db","ceLs/n4EVIw7fnJv8r7m/O@c5ffc","ceLs/n4EVIw7fnJv8r7m/O@c7adb","ceLs/n4EVIw7fnJv8r7m/O@cd2fb","ceLs/n4EVIw7fnJv8r7m/O@d2448","ceLs/n4EVIw7fnJv8r7m/O@d3ac1","ceLs/n4EVIw7fnJv8r7m/O@dc94d","ceLs/n4EVIw7fnJv8r7m/O@e0813","ceLs/n4EVIw7fnJv8r7m/O@e7bcb","ceLs/n4EVIw7fnJv8r7m/O@e9326","ceLs/n4EVIw7fnJv8r7m/O@e9a67","ceLs/n4EVIw7fnJv8r7m/O@eef94","ceLs/n4EVIw7fnJv8r7m/O@f01e5","ceLs/n4EVIw7fnJv8r7m/O@f0220","ceLs/n4EVIw7fnJv8r7m/O@f3d74","ceLs/n4EVIw7fnJv8r7m/O@f67c9","ceLs/n4EVIw7fnJv8r7m/O@fe901","ceLs/n4EVIw7fnJv8r7m/O@ff57f","d0bak2uLlNgZ4t232ovirw@6c48a","d0bak2uLlNgZ4t232ovirw@f9941","d0wMLiajxHAaNJ5EA9MJxT@6c48a","d1ygsSOEJJt66u75klkq9j@6c48a","d2P+qMQVJG7rD/9rZVchxf@6c48a","d3PsJer+ZLcovba1HRZjVC","d50sKRDsRKiboN0rGblKtZ@6c48a","d6WdbEczRKA46gPCI94ko1@6c48a","d73WMbDCRK55ZHFFYV34w3","d73WMbDCRK55ZHFFYV34w3@00d87","d73WMbDCRK55ZHFFYV34w3@01591","d73WMbDCRK55ZHFFYV34w3@129c1","d73WMbDCRK55ZHFFYV34w3@1caba","d73WMbDCRK55ZHFFYV34w3@39948","d73WMbDCRK55ZHFFYV34w3@3d169","d73WMbDCRK55ZHFFYV34w3@40163","d73WMbDCRK55ZHFFYV34w3@4551e","d73WMbDCRK55ZHFFYV34w3@49361","d73WMbDCRK55ZHFFYV34w3@5be2c","d73WMbDCRK55ZHFFYV34w3@5e67d","d73WMbDCRK55ZHFFYV34w3@91426","d73WMbDCRK55ZHFFYV34w3@93ba5","d73WMbDCRK55ZHFFYV34w3@9443f","d73WMbDCRK55ZHFFYV34w3@96459","d73WMbDCRK55ZHFFYV34w3@9bbee","d73WMbDCRK55ZHFFYV34w3@a84be","d73WMbDCRK55ZHFFYV34w3@aa2d2","d73WMbDCRK55ZHFFYV34w3@aab12","d73WMbDCRK55ZHFFYV34w3@b01f6","d73WMbDCRK55ZHFFYV34w3@b51c0","d73WMbDCRK55ZHFFYV34w3@c6132","d73WMbDCRK55ZHFFYV34w3@ca249","d73WMbDCRK55ZHFFYV34w3@dd358","d73WMbDCRK55ZHFFYV34w3@f5931","d73WMbDCRK55ZHFFYV34w3@f70b3","d9lq5f2ONGHqcuGb1QysKx@6c48a","d9nIQFiaRPzaut89fuaboP","d9nIQFiaRPzaut89fuaboP@680fe","d9nIQFiaRPzaut89fuaboP@763da","d9nIQFiaRPzaut89fuaboP@b64a1","d9nIQFiaRPzaut89fuaboP@cf514","d93z6sDTlMop/DR9K2tQie@6c48a","dbh22RDyJAtJPAsEK1gbdT@6c48a","dbh22RDyJAtJPAsEK1gbdT@f9941","dcIrb/zf9FVoRrYD2emHxu@6c48a","dcl+H67DZN9LVQYQW7awqq","dcl+H67DZN9LVQYQW7awqq@1b807","dcl+H67DZN9LVQYQW7awqq@6b63d","dcl+H67DZN9LVQYQW7awqq@8d734","dcl+H67DZN9LVQYQW7awqq@bf5ca","dcl+H67DZN9LVQYQW7awqq@cb405","dcl+H67DZN9LVQYQW7awqq@ce521","dcl+H67DZN9LVQYQW7awqq@f4d37","dd1y2K5gdKKpXBLYt8D1NU@6c48a","dfkZ+Hn/9Ka4iqZoJIM3V1","e0yqbnCpdPFpCVA7IpCNTR","e1RvbmNaZPn6sbTfqvLO2J","e1RvbmNaZPn6sbTfqvLO2J@0035f","e1RvbmNaZPn6sbTfqvLO2J@0330c","e1RvbmNaZPn6sbTfqvLO2J@0a856","e1RvbmNaZPn6sbTfqvLO2J@0cf82","e1RvbmNaZPn6sbTfqvLO2J@0da36","e1RvbmNaZPn6sbTfqvLO2J@13dbc","e1RvbmNaZPn6sbTfqvLO2J@190eb","e1RvbmNaZPn6sbTfqvLO2J@21351","e1RvbmNaZPn6sbTfqvLO2J@24e0d","e1RvbmNaZPn6sbTfqvLO2J@25eda","e1RvbmNaZPn6sbTfqvLO2J@2a39e","e1RvbmNaZPn6sbTfqvLO2J@32b20","e1RvbmNaZPn6sbTfqvLO2J@356f9","e1RvbmNaZPn6sbTfqvLO2J@3a1e4","e1RvbmNaZPn6sbTfqvLO2J@53516","e1RvbmNaZPn6sbTfqvLO2J@55739","e1RvbmNaZPn6sbTfqvLO2J@74d3e","e1RvbmNaZPn6sbTfqvLO2J@76e2a","e1RvbmNaZPn6sbTfqvLO2J@8e612","e1RvbmNaZPn6sbTfqvLO2J@a2cf8","e1RvbmNaZPn6sbTfqvLO2J@aec41","e1RvbmNaZPn6sbTfqvLO2J@c93c8","e1RvbmNaZPn6sbTfqvLO2J@cc16b","e1RvbmNaZPn6sbTfqvLO2J@d748e","e1RvbmNaZPn6sbTfqvLO2J@d96f4","e1RvbmNaZPn6sbTfqvLO2J@db093","e1RvbmNaZPn6sbTfqvLO2J@e33c4","e1RvbmNaZPn6sbTfqvLO2J@e42dd","e1RvbmNaZPn6sbTfqvLO2J@f2df0","e1RvbmNaZPn6sbTfqvLO2J@f5dc9","e1mMOAqC1Kyb+/sK/5ELVf@6c48a","e3oYFPfElHubK9TVHSbEtZ","e3oYFPfElHubK9TVHSbEtZ@00777","e3oYFPfElHubK9TVHSbEtZ@00dd5","e3oYFPfElHubK9TVHSbEtZ@01205","e3oYFPfElHubK9TVHSbEtZ@014ba","e3oYFPfElHubK9TVHSbEtZ@01ebf","e3oYFPfElHubK9TVHSbEtZ@01f1f","e3oYFPfElHubK9TVHSbEtZ@0221e","e3oYFPfElHubK9TVHSbEtZ@023b2","e3oYFPfElHubK9TVHSbEtZ@0395a","e3oYFPfElHubK9TVHSbEtZ@07302","e3oYFPfElHubK9TVHSbEtZ@08387","e3oYFPfElHubK9TVHSbEtZ@089e4","e3oYFPfElHubK9TVHSbEtZ@08a52","e3oYFPfElHubK9TVHSbEtZ@09fd9","e3oYFPfElHubK9TVHSbEtZ@0a377","e3oYFPfElHubK9TVHSbEtZ@0a6c4","e3oYFPfElHubK9TVHSbEtZ@0c629","e3oYFPfElHubK9TVHSbEtZ@0e5df","e3oYFPfElHubK9TVHSbEtZ@0e842","e3oYFPfElHubK9TVHSbEtZ@0ea1c","e3oYFPfElHubK9TVHSbEtZ@100ae","e3oYFPfElHubK9TVHSbEtZ@104cd","e3oYFPfElHubK9TVHSbEtZ@105a3","e3oYFPfElHubK9TVHSbEtZ@114dd","e3oYFPfElHubK9TVHSbEtZ@12415","e3oYFPfElHubK9TVHSbEtZ@132df","e3oYFPfElHubK9TVHSbEtZ@13492","e3oYFPfElHubK9TVHSbEtZ@14250","e3oYFPfElHubK9TVHSbEtZ@146ea","e3oYFPfElHubK9TVHSbEtZ@15b5e","e3oYFPfElHubK9TVHSbEtZ@16c3d","e3oYFPfElHubK9TVHSbEtZ@181ee","e3oYFPfElHubK9TVHSbEtZ@18c87","e3oYFPfElHubK9TVHSbEtZ@19370","e3oYFPfElHubK9TVHSbEtZ@1cbef","e3oYFPfElHubK9TVHSbEtZ@1e045","e3oYFPfElHubK9TVHSbEtZ@1e6af","e3oYFPfElHubK9TVHSbEtZ@1ed10","e3oYFPfElHubK9TVHSbEtZ@1fbea","e3oYFPfElHubK9TVHSbEtZ@20e5b","e3oYFPfElHubK9TVHSbEtZ@21698","e3oYFPfElHubK9TVHSbEtZ@21c9c","e3oYFPfElHubK9TVHSbEtZ@22528","e3oYFPfElHubK9TVHSbEtZ@24639","e3oYFPfElHubK9TVHSbEtZ@25792","e3oYFPfElHubK9TVHSbEtZ@2662d","e3oYFPfElHubK9TVHSbEtZ@2ae04","e3oYFPfElHubK9TVHSbEtZ@2c025","e3oYFPfElHubK9TVHSbEtZ@2c876","e3oYFPfElHubK9TVHSbEtZ@2d64f","e3oYFPfElHubK9TVHSbEtZ@2e7b6","e3oYFPfElHubK9TVHSbEtZ@2f8ef","e3oYFPfElHubK9TVHSbEtZ@30b16","e3oYFPfElHubK9TVHSbEtZ@32291","e3oYFPfElHubK9TVHSbEtZ@3245e","e3oYFPfElHubK9TVHSbEtZ@33c39","e3oYFPfElHubK9TVHSbEtZ@33cf1","e3oYFPfElHubK9TVHSbEtZ@33d15","e3oYFPfElHubK9TVHSbEtZ@34466","e3oYFPfElHubK9TVHSbEtZ@345c9","e3oYFPfElHubK9TVHSbEtZ@357b4","e3oYFPfElHubK9TVHSbEtZ@38341","e3oYFPfElHubK9TVHSbEtZ@39edd","e3oYFPfElHubK9TVHSbEtZ@3a5ea","e3oYFPfElHubK9TVHSbEtZ@3c8cb","e3oYFPfElHubK9TVHSbEtZ@3f08f","e3oYFPfElHubK9TVHSbEtZ@3f50d","e3oYFPfElHubK9TVHSbEtZ@40167","e3oYFPfElHubK9TVHSbEtZ@40822","e3oYFPfElHubK9TVHSbEtZ@408a6","e3oYFPfElHubK9TVHSbEtZ@425e9","e3oYFPfElHubK9TVHSbEtZ@42952","e3oYFPfElHubK9TVHSbEtZ@43074","e3oYFPfElHubK9TVHSbEtZ@45105","e3oYFPfElHubK9TVHSbEtZ@461c4","e3oYFPfElHubK9TVHSbEtZ@466b1","e3oYFPfElHubK9TVHSbEtZ@46ded","e3oYFPfElHubK9TVHSbEtZ@4830b","e3oYFPfElHubK9TVHSbEtZ@493d4","e3oYFPfElHubK9TVHSbEtZ@4a897","e3oYFPfElHubK9TVHSbEtZ@4aaba","e3oYFPfElHubK9TVHSbEtZ@4b95a","e3oYFPfElHubK9TVHSbEtZ@4c3f0","e3oYFPfElHubK9TVHSbEtZ@4cf43","e3oYFPfElHubK9TVHSbEtZ@4d79b","e3oYFPfElHubK9TVHSbEtZ@4e439","e3oYFPfElHubK9TVHSbEtZ@4f083","e3oYFPfElHubK9TVHSbEtZ@4f81f","e3oYFPfElHubK9TVHSbEtZ@4fe64","e3oYFPfElHubK9TVHSbEtZ@5055c","e3oYFPfElHubK9TVHSbEtZ@50930","e3oYFPfElHubK9TVHSbEtZ@511eb","e3oYFPfElHubK9TVHSbEtZ@51d08","e3oYFPfElHubK9TVHSbEtZ@52a89","e3oYFPfElHubK9TVHSbEtZ@54661","e3oYFPfElHubK9TVHSbEtZ@54a1d","e3oYFPfElHubK9TVHSbEtZ@55302","e3oYFPfElHubK9TVHSbEtZ@56e8d","e3oYFPfElHubK9TVHSbEtZ@5746f","e3oYFPfElHubK9TVHSbEtZ@575a7","e3oYFPfElHubK9TVHSbEtZ@5784f","e3oYFPfElHubK9TVHSbEtZ@5a7c8","e3oYFPfElHubK9TVHSbEtZ@5ccb6","e3oYFPfElHubK9TVHSbEtZ@5cedb","e3oYFPfElHubK9TVHSbEtZ@5d032","e3oYFPfElHubK9TVHSbEtZ@5d9da","e3oYFPfElHubK9TVHSbEtZ@5e5a7","e3oYFPfElHubK9TVHSbEtZ@5f3b4","e3oYFPfElHubK9TVHSbEtZ@5f94d","e3oYFPfElHubK9TVHSbEtZ@5fbeb","e3oYFPfElHubK9TVHSbEtZ@5fcc7","e3oYFPfElHubK9TVHSbEtZ@626aa","e3oYFPfElHubK9TVHSbEtZ@62b2d","e3oYFPfElHubK9TVHSbEtZ@62f66","e3oYFPfElHubK9TVHSbEtZ@6318b","e3oYFPfElHubK9TVHSbEtZ@6554e","e3oYFPfElHubK9TVHSbEtZ@66279","e3oYFPfElHubK9TVHSbEtZ@66301","e3oYFPfElHubK9TVHSbEtZ@6724c","e3oYFPfElHubK9TVHSbEtZ@6748a","e3oYFPfElHubK9TVHSbEtZ@674cd","e3oYFPfElHubK9TVHSbEtZ@67766","e3oYFPfElHubK9TVHSbEtZ@684a2","e3oYFPfElHubK9TVHSbEtZ@688ed","e3oYFPfElHubK9TVHSbEtZ@69194","e3oYFPfElHubK9TVHSbEtZ@69987","e3oYFPfElHubK9TVHSbEtZ@6b078","e3oYFPfElHubK9TVHSbEtZ@6d052","e3oYFPfElHubK9TVHSbEtZ@6d8a6","e3oYFPfElHubK9TVHSbEtZ@6db40","e3oYFPfElHubK9TVHSbEtZ@70172","e3oYFPfElHubK9TVHSbEtZ@70c18","e3oYFPfElHubK9TVHSbEtZ@70ce6","e3oYFPfElHubK9TVHSbEtZ@70e3a","e3oYFPfElHubK9TVHSbEtZ@719ba","e3oYFPfElHubK9TVHSbEtZ@71bce","e3oYFPfElHubK9TVHSbEtZ@72047","e3oYFPfElHubK9TVHSbEtZ@737bd","e3oYFPfElHubK9TVHSbEtZ@73f6d","e3oYFPfElHubK9TVHSbEtZ@74bf5","e3oYFPfElHubK9TVHSbEtZ@7549a","e3oYFPfElHubK9TVHSbEtZ@76f3e","e3oYFPfElHubK9TVHSbEtZ@77a67","e3oYFPfElHubK9TVHSbEtZ@78dcf","e3oYFPfElHubK9TVHSbEtZ@7fd84","e3oYFPfElHubK9TVHSbEtZ@7ff43","e3oYFPfElHubK9TVHSbEtZ@8152f","e3oYFPfElHubK9TVHSbEtZ@82f1a","e3oYFPfElHubK9TVHSbEtZ@844f1","e3oYFPfElHubK9TVHSbEtZ@85344","e3oYFPfElHubK9TVHSbEtZ@8649b","e3oYFPfElHubK9TVHSbEtZ@86e0d","e3oYFPfElHubK9TVHSbEtZ@8735c","e3oYFPfElHubK9TVHSbEtZ@880d0","e3oYFPfElHubK9TVHSbEtZ@89226","e3oYFPfElHubK9TVHSbEtZ@89ce0","e3oYFPfElHubK9TVHSbEtZ@8ccc0","e3oYFPfElHubK9TVHSbEtZ@927e4","e3oYFPfElHubK9TVHSbEtZ@932a6","e3oYFPfElHubK9TVHSbEtZ@93a9a","e3oYFPfElHubK9TVHSbEtZ@94a67","e3oYFPfElHubK9TVHSbEtZ@9530b","e3oYFPfElHubK9TVHSbEtZ@977fd","e3oYFPfElHubK9TVHSbEtZ@99398","e3oYFPfElHubK9TVHSbEtZ@99735","e3oYFPfElHubK9TVHSbEtZ@9c703","e3oYFPfElHubK9TVHSbEtZ@9c948","e3oYFPfElHubK9TVHSbEtZ@9e06c","e3oYFPfElHubK9TVHSbEtZ@9f64d","e3oYFPfElHubK9TVHSbEtZ@a0066","e3oYFPfElHubK9TVHSbEtZ@a1aaf","e3oYFPfElHubK9TVHSbEtZ@a22dc","e3oYFPfElHubK9TVHSbEtZ@a3295","e3oYFPfElHubK9TVHSbEtZ@a3b90","e3oYFPfElHubK9TVHSbEtZ@a3c52","e3oYFPfElHubK9TVHSbEtZ@a4b9b","e3oYFPfElHubK9TVHSbEtZ@a5d5f","e3oYFPfElHubK9TVHSbEtZ@a6461","e3oYFPfElHubK9TVHSbEtZ@a7281","e3oYFPfElHubK9TVHSbEtZ@a8b8f","e3oYFPfElHubK9TVHSbEtZ@a9230","e3oYFPfElHubK9TVHSbEtZ@a999f","e3oYFPfElHubK9TVHSbEtZ@abbf0","e3oYFPfElHubK9TVHSbEtZ@ad3b1","e3oYFPfElHubK9TVHSbEtZ@adb46","e3oYFPfElHubK9TVHSbEtZ@adf9e","e3oYFPfElHubK9TVHSbEtZ@ae221","e3oYFPfElHubK9TVHSbEtZ@ae229","e3oYFPfElHubK9TVHSbEtZ@aeffc","e3oYFPfElHubK9TVHSbEtZ@b1112","e3oYFPfElHubK9TVHSbEtZ@b1553","e3oYFPfElHubK9TVHSbEtZ@b2079","e3oYFPfElHubK9TVHSbEtZ@b251a","e3oYFPfElHubK9TVHSbEtZ@b55e7","e3oYFPfElHubK9TVHSbEtZ@b6110","e3oYFPfElHubK9TVHSbEtZ@b63ee","e3oYFPfElHubK9TVHSbEtZ@b84ab","e3oYFPfElHubK9TVHSbEtZ@b863b","e3oYFPfElHubK9TVHSbEtZ@b8a74","e3oYFPfElHubK9TVHSbEtZ@b931f","e3oYFPfElHubK9TVHSbEtZ@ba3d4","e3oYFPfElHubK9TVHSbEtZ@c072d","e3oYFPfElHubK9TVHSbEtZ@c0cf5","e3oYFPfElHubK9TVHSbEtZ@c1100","e3oYFPfElHubK9TVHSbEtZ@c2856","e3oYFPfElHubK9TVHSbEtZ@c5a64","e3oYFPfElHubK9TVHSbEtZ@c5cbd","e3oYFPfElHubK9TVHSbEtZ@c69e7","e3oYFPfElHubK9TVHSbEtZ@c79ee","e3oYFPfElHubK9TVHSbEtZ@c7e14","e3oYFPfElHubK9TVHSbEtZ@c8c28","e3oYFPfElHubK9TVHSbEtZ@c9e17","e3oYFPfElHubK9TVHSbEtZ@c9ec2","e3oYFPfElHubK9TVHSbEtZ@cbd8b","e3oYFPfElHubK9TVHSbEtZ@cbda6","e3oYFPfElHubK9TVHSbEtZ@cc6f5","e3oYFPfElHubK9TVHSbEtZ@cc7f7","e3oYFPfElHubK9TVHSbEtZ@cd463","e3oYFPfElHubK9TVHSbEtZ@ce589","e3oYFPfElHubK9TVHSbEtZ@ce7ba","e3oYFPfElHubK9TVHSbEtZ@cea7e","e3oYFPfElHubK9TVHSbEtZ@ceb65","e3oYFPfElHubK9TVHSbEtZ@cf405","e3oYFPfElHubK9TVHSbEtZ@cfccf","e3oYFPfElHubK9TVHSbEtZ@d0248","e3oYFPfElHubK9TVHSbEtZ@d05c1","e3oYFPfElHubK9TVHSbEtZ@d0dc7","e3oYFPfElHubK9TVHSbEtZ@d1496","e3oYFPfElHubK9TVHSbEtZ@d29bf","e3oYFPfElHubK9TVHSbEtZ@d2bc4","e3oYFPfElHubK9TVHSbEtZ@d317f","e3oYFPfElHubK9TVHSbEtZ@d377e","e3oYFPfElHubK9TVHSbEtZ@d48aa","e3oYFPfElHubK9TVHSbEtZ@d5050","e3oYFPfElHubK9TVHSbEtZ@d5ad4","e3oYFPfElHubK9TVHSbEtZ@d6c5b","e3oYFPfElHubK9TVHSbEtZ@d6cc8","e3oYFPfElHubK9TVHSbEtZ@d792d","e3oYFPfElHubK9TVHSbEtZ@d8172","e3oYFPfElHubK9TVHSbEtZ@d8626","e3oYFPfElHubK9TVHSbEtZ@d88eb","e3oYFPfElHubK9TVHSbEtZ@d9253","e3oYFPfElHubK9TVHSbEtZ@dbbce","e3oYFPfElHubK9TVHSbEtZ@dc34c","e3oYFPfElHubK9TVHSbEtZ@dd3bd","e3oYFPfElHubK9TVHSbEtZ@de283","e3oYFPfElHubK9TVHSbEtZ@df60a","e3oYFPfElHubK9TVHSbEtZ@df66d","e3oYFPfElHubK9TVHSbEtZ@dfc65","e3oYFPfElHubK9TVHSbEtZ@dff4a","e3oYFPfElHubK9TVHSbEtZ@e2d8f","e3oYFPfElHubK9TVHSbEtZ@e365b","e3oYFPfElHubK9TVHSbEtZ@e3ca2","e3oYFPfElHubK9TVHSbEtZ@e583a","e3oYFPfElHubK9TVHSbEtZ@e5a18","e3oYFPfElHubK9TVHSbEtZ@e79aa","e3oYFPfElHubK9TVHSbEtZ@e96ba","e3oYFPfElHubK9TVHSbEtZ@e9d13","e3oYFPfElHubK9TVHSbEtZ@e9f2b","e3oYFPfElHubK9TVHSbEtZ@ea0e9","e3oYFPfElHubK9TVHSbEtZ@ebbfc","e3oYFPfElHubK9TVHSbEtZ@ebe39","e3oYFPfElHubK9TVHSbEtZ@ed657","e3oYFPfElHubK9TVHSbEtZ@ee4fa","e3oYFPfElHubK9TVHSbEtZ@f01eb","e3oYFPfElHubK9TVHSbEtZ@f0f3a","e3oYFPfElHubK9TVHSbEtZ@f149b","e3oYFPfElHubK9TVHSbEtZ@f1bcd","e3oYFPfElHubK9TVHSbEtZ@f24ab","e3oYFPfElHubK9TVHSbEtZ@f2fc1","e3oYFPfElHubK9TVHSbEtZ@f3965","e3oYFPfElHubK9TVHSbEtZ@f7924","e3oYFPfElHubK9TVHSbEtZ@f80b8","e3oYFPfElHubK9TVHSbEtZ@f80e7","e3oYFPfElHubK9TVHSbEtZ@f826c","e3oYFPfElHubK9TVHSbEtZ@f85f6","e3oYFPfElHubK9TVHSbEtZ@fac4d","e3oYFPfElHubK9TVHSbEtZ@fe5e0","e3oYFPfElHubK9TVHSbEtZ@fe905","e52cpURKlOEJh0SVw9y8U7","e52cpURKlOEJh0SVw9y8U7@004c8","e52cpURKlOEJh0SVw9y8U7@03f06","e52cpURKlOEJh0SVw9y8U7@09548","e52cpURKlOEJh0SVw9y8U7@1bed6","e52cpURKlOEJh0SVw9y8U7@2553e","e52cpURKlOEJh0SVw9y8U7@299ee","e52cpURKlOEJh0SVw9y8U7@359f1","e52cpURKlOEJh0SVw9y8U7@50051","e52cpURKlOEJh0SVw9y8U7@55a02","e52cpURKlOEJh0SVw9y8U7@55faf","e52cpURKlOEJh0SVw9y8U7@5e4b7","e52cpURKlOEJh0SVw9y8U7@62155","e52cpURKlOEJh0SVw9y8U7@64845","e52cpURKlOEJh0SVw9y8U7@6f7e3","e52cpURKlOEJh0SVw9y8U7@6fe3f","e52cpURKlOEJh0SVw9y8U7@93eaf","e52cpURKlOEJh0SVw9y8U7@a189a","e52cpURKlOEJh0SVw9y8U7@abb97","e52cpURKlOEJh0SVw9y8U7@b4a1b","e52cpURKlOEJh0SVw9y8U7@c8a26","e52cpURKlOEJh0SVw9y8U7@ce7c7","e52cpURKlOEJh0SVw9y8U7@d470f","e52cpURKlOEJh0SVw9y8U7@daf21","e52cpURKlOEJh0SVw9y8U7@db921","e52cpURKlOEJh0SVw9y8U7@de39f","e52cpURKlOEJh0SVw9y8U7@ee169","e52cpURKlOEJh0SVw9y8U7@f124f","e52cpURKlOEJh0SVw9y8U7@f4d84","e66pCdiwJGLabmndjpZBuY","e66pCdiwJGLabmndjpZBuY@1e3e5","e66pCdiwJGLabmndjpZBuY@6b9e0","e83dOBM2BErrMNuPKS7I9v","e83dOBM2BErrMNuPKS7I9v@09138","e83dOBM2BErrMNuPKS7I9v@0da96","e83dOBM2BErrMNuPKS7I9v@126bf","e83dOBM2BErrMNuPKS7I9v@2a228","e83dOBM2BErrMNuPKS7I9v@2a937","e83dOBM2BErrMNuPKS7I9v@3144d","e83dOBM2BErrMNuPKS7I9v@46a96","e83dOBM2BErrMNuPKS7I9v@5c66b","e83dOBM2BErrMNuPKS7I9v@5f679","e83dOBM2BErrMNuPKS7I9v@7f82f","e83dOBM2BErrMNuPKS7I9v@ad322","e83dOBM2BErrMNuPKS7I9v@c8b5d","e83dOBM2BErrMNuPKS7I9v@ca03f","e83dOBM2BErrMNuPKS7I9v@d8a44","e83dOBM2BErrMNuPKS7I9v@eceb3","e83dOBM2BErrMNuPKS7I9v@fb1d1","e83dOBM2BErrMNuPKS7I9v@ff995","ea+bqjRwxIn4ftYOOZ+s+A@6c48a","ebRtwhNu9HT4YG8njPbV25","ebRtwhNu9HT4YG8njPbV25@18043","ebRtwhNu9HT4YG8njPbV25@325a2","ebRtwhNu9HT4YG8njPbV25@3c8b9","ebRtwhNu9HT4YG8njPbV25@7af78","ebRtwhNu9HT4YG8njPbV25@87547","ebRtwhNu9HT4YG8njPbV25@b6f68","ebRtwhNu9HT4YG8njPbV25@ce721","ebRtwhNu9HT4YG8njPbV25@d5bd6","ebRtwhNu9HT4YG8njPbV25@eab51","ebRtwhNu9HT4YG8njPbV25@ee2e2","ebRtwhNu9HT4YG8njPbV25@f05ad","edjuVI7nhBYJjZlE64P0b6","edjuVI7nhBYJjZlE64P0b6@01ebf","edjuVI7nhBYJjZlE64P0b6@0a6c4","edjuVI7nhBYJjZlE64P0b6@2c025","edjuVI7nhBYJjZlE64P0b6@4b95a","edjuVI7nhBYJjZlE64P0b6@4cf43","edjuVI7nhBYJjZlE64P0b6@5d032","edjuVI7nhBYJjZlE64P0b6@6318b","edjuVI7nhBYJjZlE64P0b6@6d052","edjuVI7nhBYJjZlE64P0b6@a3295","edjuVI7nhBYJjZlE64P0b6@b931f","edjuVI7nhBYJjZlE64P0b6@c072d","edjuVI7nhBYJjZlE64P0b6@cea7e","edjuVI7nhBYJjZlE64P0b6@ceb65","edjuVI7nhBYJjZlE64P0b6@d9253","eeQ3Vt2qBDKIxHkDcg+4Vh@6c48a","f0aDtugkdF2omBhX6D7J4R@6c48a","f4R1QYzmVNGIiPS+XWsvsa","f4R1QYzmVNGIiPS+XWsvsa@0cb59","f4R1QYzmVNGIiPS+XWsvsa@189ce","f4R1QYzmVNGIiPS+XWsvsa@2e5b2","f4R1QYzmVNGIiPS+XWsvsa@44441","f4R1QYzmVNGIiPS+XWsvsa@47858","f4R1QYzmVNGIiPS+XWsvsa@53542","f4R1QYzmVNGIiPS+XWsvsa@7c58f","f4R1QYzmVNGIiPS+XWsvsa@8e930","f4R1QYzmVNGIiPS+XWsvsa@95e7a","f4R1QYzmVNGIiPS+XWsvsa@b59ef","f4R1QYzmVNGIiPS+XWsvsa@b6a59","f4R1QYzmVNGIiPS+XWsvsa@b6d06","f4R1QYzmVNGIiPS+XWsvsa@bdf08","f4R1QYzmVNGIiPS+XWsvsa@d30ff","f4R1QYzmVNGIiPS+XWsvsa@d6f64","f4R1QYzmVNGIiPS+XWsvsa@df24a","f4R1QYzmVNGIiPS+XWsvsa@df265","f4R1QYzmVNGIiPS+XWsvsa@eb2a2","f4R1QYzmVNGIiPS+XWsvsa@efa1e","f4R1QYzmVNGIiPS+XWsvsa@f48c0","f93N7/X9BEMqdj37hZTzi1@6c48a","ff13E+se1IAoKgkF+OHyN/@6c48a","11vcSwZKhOt6Knn7niM+l3@6c48a","11vcSwZKhOt6Knn7niM+l3@f9941","11+G8FMQpJPrXcfyVLc8zD","12ytsuErtPuZqnjFZNtHMU","13mspH8n5HSq4M9J38mDpl","15jn5SMiBM15aUcT4OboJ4","1aCr978XRJm7SxaZayWNcn@6c48a","15jn5SMiBM15aUcT4OboJ4@6c48a","15jn5SMiBM15aUcT4OboJ4@f9941","17qtO87j5CcYt5wry3Ixst","173cGFnahBn4OaaiLNLvLc","18+FWfhUhDYLEkasH8CqKw","19YTf+vfVFLrPA6XMNDDMl","1aCr978XRJm7SxaZayWNcn","1ansAbBIxDz6HZ3/VD3re6","1c3064747","1c3064747@6c48a","1dEu+Rv8xJ+aKCrDVrz7hn","1e4KcaN65DBLq0NQ5OpZ5w","20g1ukYUVPvKWKBRznAKo+","20g1ukYUVPvKWKBRznAKo+@6c48a","20g1ukYUVPvKWKBRznAKo+@f9941","21lSOXeKhJpIdlH1MYS09o","21lSOXeKhJpIdlH1MYS09o@f9941","22h0FMzANP+a1l7J92NnqJ","22rgWEcKlMpLSJzE1DzhM6","25zQvex9JBZIDx11k1DC3I","26CvC7CDRIDLULI53u+Ze4","28h/BV3dBKyo1yO0tjrqmS","29TPe6ctVE641lH9WiyB63","29iJAzbU5D7rRq49hGrsXB","298Z8oSAJA2ItUpkMzj3AY","2aejUD5olHmIxqAnEOsIiO","2bLZkFk3JAILumw6a3pE6o","2buRtEjPFLdapTbkQF7bCh","2f7AiPoedMMLGm0wRt4mir","2f7AiPoedMMLGm0wRt4mir@f9941","30CDm2z8BH1aOh+I9ozUdV","30ZfW95fJCopT0C3a1N0IS","30fhgkJuVKN6Ipr7b439I9","31iavET6tNML2stmxTXO6N","33GbU3YzZF37yWrjV3VQdc","34H9k5GaxFq46WUdoFXd6a","35ehYRNH9Gvr3K7OgAW9rP","37cKv8ptBG6L2kpsqBRM2W","38H0pIHE9Ii5NWznm4EY9U","38zqsGGTVMQqnLymxHa2tO","385o1Si3BMy6sjO1ToX2Wz","39dXdeyfxLN4q/d2/+q7HT","3alkFzl4VERK5L6cEnQf4f","3dVqjUC/VDO6U9uffNc+YL","3eMuER9MZJP71PCa5RN/ZT","409dXmGHxLy4wHHS/RtpkW","41N9WN0hBC3KRUIAFJPiCn","4136Ii7btEuLzEDAA9c4xh","427Bjc96RPQphihTt3zL9M","44swSWrg5N67IuEeKKev7V","45C6X2HalM34mGqxTPw7Vs","45QwUcgWhDL796DTb1YfhP","46hDIuTsNKFJtg7RzjQ0Cy","46jPoiIAtBx4qR/6VkV76C","478JVPs5VPBq3NvGrcqoRS","479jMvjOhA77gYR978QDAQ","479jMvjOhA77gYR978QDAQ@f9941","48TeSJkN1CsqM6PWZCbUmU","49ux3NRStDCo+uIMRYWJQf","49ux3NRStDCo+uIMRYWJQf@f9941","49w3c0owtLubqVXgO/NS03","4aDLG1LLVJarNLcR0UYTtt","4aDeGQNpFHa4QUrhbcRgdB","4bWOnWedJGi5PZ/msweiQM","4eduUAthtGr4PnEr8Stvhi","54TknWPwVPqJqeCR+Y/Czo@6c48a","54TknWPwVPqJqeCR+Y/Czo@f9941","56Z2wRDsVL+5Vfu31IsROl","5aj2jqI55K0ZH6uNGpUCVj","5bCmMgq5lMNpcADH8Zbgpq","5bDyIUC2NCPpAzfRhVikU7","5bD5gXQ7pBLZet9BpePQra","5bgUvsSlVAn4TadDuZzaiY","5bx8SYVtlFQqh5uch9gAOb","5cjkNhnjBLnYZptdtwhOop","5dF0Rmwr9Nxaj9d0HkAN/2","5dF0Rmwr9Nxaj9d0HkAN/2@f9941","5eKe3wONVNVb8d9y2XwKiq","5fOl0Dh2tCkYgyoPHg0NQ6","5fnJHgR35Fs5RJFHpFi4A+","5f1dSfUflNWpT+kD8lPz7N","631OwhcZNLHopeS556tn7M","6672DTLrhFuaInP82pfL/4","68QQlhtQNCFbPWsXDelteU","6cYD0Idt9JN77d/w9B/y52","6dycK26dFHO7S4nGXhsx69","6fAd77tPNL/IM3BPwIiNh/","706JsNTdpPFp9MQMkKTXDd","720Krhv+dNSLUGHlskWAXJ","746K9QXFlI5rgretK2rHEK","7a67hhjG9CrYvOZjr89Es6","7b0nFX8D9NfoZ5e0TR5MjN","7dKKZUthhA25XwHQoGPpHO","7dsSNs46BEFqx2ERyXyctf","7d3FxcEd9LtrqtSaPhxs62","7d3yAqSbJHK6JVtOPhwkGm","80jc29d+1NYI8NTc+kgdln","80kwI7xt9Ae4Ai81RFk+Qk","80kwI7xt9Ae4Ai81RFk+Qk@f9941","81SyG13SlG76hJkR5RzySb","8181+x/qlJVbkAmWxsWnkE","84Hz3XYLFNC4NJi8B7nJKJ","85BGAuuEpFaYH+28B0ZoaH","87TMSr5tVOUZSTktiWWY+m","882HCBL8BGs79JIKeXbAPf","882HCBL8BGs79JIKeXbAPf@f9941","89YBH/pqdAlYBHOXMTvj+g","89aQeGsmhDC5B/LXgCyZ2t","89xx6svPhJoKTPRCFuwB4c","8abibnGbpE+KfCwP9HJEKM","8bGPK2drtOnLCX7Q4QEIpA","8bgGZQEkZE0rNE8SIBPl3k","8bgGZQEkZE0rNE8SIBPl3k@f9941","8c1l46QxtAa7v1q5UA+XC6","8dPoFMLGVNo7ggIrFk6k5f","8eH+Dw6/RF773aAylxOKRH","90SXep+lVKuopjeNfCKV9U","9021cWLrFAULB/Gm93NMf/","91ktRcJZ1Beoimd5wU2TvP","92Xd1WH2lDsYSjR94NEQ/v","95EkngnxZFbYuFpsqVTaFr@6c48a","95EkngnxZFbYuFpsqVTaFr@f9941","99tAtXyjRA/5PoNP8fYYNi","9bu8hWbfVENZV51kP0q6Sv","9bx11E89FKE7MZU1I1i1ev","9byDG+HmBHb694PUyxgFFV","9b6LqMbvZCvaz6EmzyG0rB","9cK77sRgVJQ7BKG4mG4Dnw","9dGmYglK5Otpyr/2z6Mc6a","9fJB9gSahL1pR0P+Mp0y0M","9f6kD6s9xGdYxqIx0fX/OZ","a1pmNFoZJAcqcJEfJvkOw5","a14hXk5UBAo5OMQcVcgIcb","a2T6aoysRATYRStWRlYT+P","a5c1N3KG9MfYYVbeGAIhiV","a5enfeC1lOr4BwOXvl8Nvc","a5enfeC1lOr4BwOXvl8Nvc@f9941","a50t6C4MlBZL5Z0S0B/Tyh","a5+praBwtJBKMGLyHv7KLJ","a5+praBwtJBKMGLyHv7KLJ@f9941","a7278ZplNAy61DNesS+WAQ","a76U4LbS9HlZDHXoKP6aoh","a9EUqBXsZBPLCyKvVzqF6G","aadjvnpsJKL4gpWqui8pO6","acOtjAQG5EVJzxA2br6yIh","achT9MMatEj5xBApFUGiFO","afxHkx8GZGsJC+n+YfITQo","afxHkx8GZGsJC+n+YfITQo@6c48a","afxHkx8GZGsJC+n+YfITQo@f9941","b0SzWwY4pOcpnqM+jsj+gn","b0qbNFcrZI+ZB1jYTSrTuE","b1mnsXYWZNI47nOR4bHhpR","b16xMmKSxOkIS0LEf3U92l","b4OSkiha1DebV0IHKccuug","b4fRw9C0pHfZGpR3AyD9e/","b4jBww4qpPiaubtC+BhVES","b5LnLg9jBK+K7R5Se6xl/P","b5NwdcAO1Hy51UOyKEtlt4","b63sxOWqVMdpmQl5Wg5LQc","bcBYoduEFBFa/ry1xZWzW5","bc4J3i+I5NRZPDwz4AsDKK","bdG8q6vX1KcbFDmXyII4Pk","bdG8q6vX1KcbFDmXyII4Pk@6c48a","bdG8q6vX1KcbFDmXyII4Pk@f9941","bfe6d8lIJFM4ANbZ67Faqu","c0eVqVaTFEl4VUcK8BoNtO","c1HDk+NUJH9KjXdZEO/etR","c26GufV+ZLdbdY/96yWM5F","c4rPhfYNpB7aV3+Q21Ytjb","c6R1oNkaxAi540z9nGSdqg","c7T3VcRetK0YdYFlwYaloi","c9qYVF0DZN1brEEPJkQJR9","c96912BGNAO7d+tPX6gt9O","caEq9wX4dL6rzuBtpALEYt","ca9uDUiKpMuqOFkiNLwB4t","ceCZB+uYBJVoooz78loPke","ceqCzGUCdEp6Fhb+A0mOgF","d0bak2uLlNgZ4t232ovirw","d0wMLiajxHAaNJ5EA9MJxT","d1sTI6AgdDiqU2eaN7m/ug","d1ygsSOEJJt66u75klkq9j","d2P+qMQVJG7rD/9rZVchxf","d4OYlzCmNC1LtbaTLxZiGM","d4WHmiM3hKcoTnt+DDRY8w","d47sfd3adLrb96HrHByYL+","d50sKRDsRKiboN0rGblKtZ","d50sKRDsRKiboN0rGblKtZ@f9941","d57EoKyQJAwLcl0lu2hQ0Q","d6WdbEczRKA46gPCI94ko1","d9lq5f2ONGHqcuGb1QysKx","d9lq5f2ONGHqcuGb1QysKx@f9941","d93z6sDTlMop/DR9K2tQie","dbh22RDyJAtJPAsEK1gbdT","dcIrb/zf9FVoRrYD2emHxu","dd1y2K5gdKKpXBLYt8D1NU","e0tlVAm0xN2ICopkRb8h2Z","e00CSIjJ9Ed6KRS5HB0xo2","e1B8d3ejVKMoI9W0J+eA6e","e1mMOAqC1Kyb+/sK/5ELVf","e8Gn73RkBFY7ZjE6ylc7fi","ea+bqjRwxIn4ftYOOZ+s+A","ed33NRLgBMpJXH51IRH4tG","eeQ3Vt2qBDKIxHkDcg+4Vh","efeznx3eVBS7qqVFczUVbN","f0OXCssDRL3bWPdx0HEtfx","f0aDtugkdF2omBhX6D7J4R","f1VyMuwXFEeItsOAw2UJdu","f3tXgn/ulMfajz62amFANB","f4W9AvyW1JS6CX7ynH41pq","f5oMRD4shAAr0rcObs0loO","f93N7/X9BEMqdj37hZTzi1","fdvCxADJhHFrlNeeoYltAl","ffuIqPr2JI9I8dPLYGRDpD","ffuIqPr2JI9I8dPLYGRDpD@6c48a","ffuIqPr2JI9I8dPLYGRDpD@f9941","ff13E+se1IAoKgkF+OHyN/"],"paths":{"0":["img/auto_fish",3,1],"1":["prefabs/ui_battery_3",8,1],"8":["bg_common_loading/texture",1,1],"9":["bg_common_loading/spriteFrame",2,1],"10":["scene/bg1guangpls",3,1],"11":["scene/bg1guangpls/bg1guang2_7",2,1],"12":["scene/bg1guangpls/bg1guang1_1",2,1],"13":["scene/bg1guangpls/bg1guang2_8",2,1],"14":["scene/bg1guangpls/bg1guang3_7",2,1],"15":["scene/bg1guangpls/bg1guang2_5",2,1],"16":["scene/bg1guangpls/bg1guang1_8",2,1],"17":["scene/bg1guangpls/bg1guang3_6",2,1],"18":["scene/bg1guangpls/bg1guang2_4",2,1],"19":["scene/bg1guangpls/bg1guang0_3",2,1],"20":["scene/bg1guangpls/bg1guang3_4",2,1],"21":["scene/bg1guangpls/bg1guang3_9",2,1],"22":["scene/bg1guangpls/bg1guang2_1",2,1],"23":["scene/bg1guangpls/bg1guang1_9",2,1],"24":["prefabs/ui_battery_1",8,1],"25":["bg_common_loading",0,1],"28":["scene/bg5guangpls/texture",1,1],"29":["scene/bg5guangpls",0,1],"36":["scene/bg1guangpls/bg1guang1_7",2,1],"37":["scene/bg1guangpls/bg1guang2_3",2,1],"38":["scene/bg1guangpls/bg1guang3_10",2,1],"39":["scene/bg1guangpls/bg1guang3_1",2,1],"40":["scene/bg1guangpls/bg1guang0_1",2,1],"41":["scene/bg1guangpls/bg1guang2_6",2,1],"42":["scene/bg1guangpls/bg1guang1_5",2,1],"43":["scene/bg1guangpls/bg1guang1_4",2,1],"44":["scene/bg1guangpls/bg1guang0_2",2,1],"45":["scene/bg1guangpls/bg1guang0_8",2,1],"46":["scene/bg1guangpls/bg1guang1_2",2,1],"47":["scene/bg1guangpls/bg1guang1_6",2,1],"48":["scene/bg1guangpls/bg1guang0_6",2,1],"49":["scene/bg1guangpls/bg1guang3_8",2,1],"50":["scene/bg1guangpls/bg1guang1_3",2,1],"51":["scene/bg1guangpls/bg1guang0_9",2,1],"52":["scene/bg1guangpls/bg1guang3_5",2,1],"53":["scene/bg1guangpls/bg1guang0_5",2,1],"54":["scene/bg1guangpls/bg1guang2_9",2,1],"55":["scene/bg1guangpls/bg1guang0_4",2,1],"56":["scene/bg1guangpls/bg1guang3_3",2,1],"57":["scene/bg1guangpls/bg1guang2_10",2,1],"58":["scene/bg1guangpls/bg1guang2_2",2,1],"59":["scene/bg1guangpls/bg1guang3_2",2,1],"60":["scene/bg1guangpls/bg1guang0_7",2,1],"65":["bullets/hit_1ji/texture",1,1],"66":["battery/pao-3/texture",1,1],"67":["effect/baozha1/texture",1,1],"68":["common/lock",0,1],"69":["common/lock/texture",1,1],"70":["fish/fish24/fish24_8",2,1],"71":["fish/fish24/fish24_2",2,1],"72":["fish/fish24/fish24_14",2,1],"73":["fish/fish24/fish24_21",2,1],"74":["fish/fish24/fish24_11",2,1],"75":["fish/fish24/fish24_7",2,1],"76":["fish/fish24/fish24_13",2,1],"77":["fish/fish24/fish24_25",2,1],"78":["fish/fish24/fish24_17",2,1],"79":["fish/fish24/fish24_23",2,1],"80":["bullets/hit_1ji",0,1],"81":["battery/pao-3",0,1],"82":["effect/baozha1",0,1],"86":["fish/fish24",3,1],"87":["fish/fish24/fish24_10",2,1],"88":["fish/fish24/fish24_22",2,1],"89":["fish/fish24/fish24_9",2,1],"90":["fish/fish24/fish24_24",2,1],"91":["fish/fish24/fish24_3",2,1],"92":["fish/fish24/fish24_6",2,1],"93":["fish/fish24/fish24_12",2,1],"94":["fish/fish24/fish24_19",2,1],"95":["fish/fish24/fish24_16",2,1],"96":["fish/fish24/fish24_4",2,1],"97":["fish/fish24/fish24_18",2,1],"98":["fish/fish24/fish24_15",2,1],"99":["fish/fish24/fish24_5",2,1],"100":["fish/fish24/fish24_1",2,1],"101":["fish/fish24/fish24_20",2,1],"106":["prefabs/prefabs_fish_help",8,1],"107":["music/effect/boychengzan",9,1],"109":["bullets/hit_pifu4",4,1],"111":["bullets/yuwang-3/texture",1,1],"112":["effect/card_big_bg/texture",1,1],"113":["scene/bg5/texture",1,1],"114":["bullets/bullet_pifu1",4,1],"115":["bullets/yuwang-3",0,1],"121":["effect/card_big_bg",0,1],"122":["effect/card_big_bg/spriteFrame",2,1],"131":["music/effect/qianshui2",9,1],"133":["effect/bp2",6,1],"136":["fish/fish120/texture",1,1],"137":["fnt/battle2/texture",1,1],"138":["fnt/battle2/spriteFrame",2,1],"139":["effect/luanpanda/texture",1,1],"140":["scene/bg5",0,1],"141":["scene/bg5/spriteFrame",2,1],"142":["fish/fish120",0,1],"143":["effect/baozha",6,1],"146":["effect/YB3",6,1],"148":["bullets/hit_pifu4",5,1],"153":["fnt/hitnumber1",7,1],"154":["effect/bz2",6,1],"156":["fnt/paobei/texture",1,1],"157":["fnt/paobei/spriteFrame",2,1],"158":["common/room_1/texture",1,1],"159":["common/room_1/spriteFrame",2,1],"160":["bullets/1jizidan",3,1],"161":["bullets/1jizidan/1jizidan",2,1],"162":["bullets/1jizidan/1jizidan1",2,1],"163":["effect/baozha2/texture",1,1],"164":["bullets/hit_pifu3/texture",1,1],"165":["common/changegun/texture",1,1],"166":["battery/cannon_norm/texture",1,1],"167":["battery/pao-7/texture",1,1],"168":["fnt/battlejinbi",7,1],"169":["fnt/countime",7,1],"170":["prefabs/prefabs_fish_test",8,1],"171":["effect/bossWarn/texture",1,1],"172":["common/nengliangpao",3,1],"173":["common/nengliangpao/nengliangpao_7",2,1],"174":["common/nengliangpao/nengliangpao_4",2,1],"175":["common/nengliangpao/nengliangpao_8",2,1],"176":["common/nengliangpao/nengliangpao_5",2,1],"177":["common/nengliangpao/nengliangpao_3",2,1],"178":["common/nengliangpao/nengliangpao_6",2,1],"179":["common/nengliangpao/nengliangpao_11",2,1],"180":["common/nengliangpao/nengliangpao_13",2,1],"181":["common/nengliangpao/nengliangpao_1",2,1],"182":["common/nengliangpao/nengliangpao_2",2,1],"183":["common/nengliangpao/nengliangpao_12",2,1],"184":["common/nengliangpao/nengliangpao_9",2,1],"185":["common/nengliangpao/nengliangpao_10",2,1],"186":["common/changegun",3,1],"187":["common/changegun/gun_lockboard01",2,1],"188":["common/changegun/tag_zzsy",2,1],"189":["common/changegun/zhunbeia",2,1],"190":["common/changegun/gun_board00",2,1],"191":["common/changegun/gun_backboard",2,1],"192":["common/changegun/out",2,1],"193":["common/changegun/gun_lock",2,1],"194":["common/changegun/gun_get",2,1],"195":["common/changegun/gun_boardclick",2,1],"196":["fnt/jiesuanfu",7,1],"197":["scene/bg3guangpls",3,1],"198":["scene/bg3guangpls/bg3guang3_7",2,1],"199":["scene/bg3guangpls/bg3guang1_5",2,1],"200":["scene/bg3guangpls/bg3guang2_7",2,1],"201":["scene/bg3guangpls/bg3guang3_5",2,1],"202":["scene/bg3guangpls/bg3guang0_5",2,1],"203":["scene/bg3guangpls/bg3guang1_3",2,1],"204":["scene/bg3guangpls/bg3guang1_4",2,1],"205":["scene/bg3guangpls/bg3guang2_1",2,1],"206":["scene/bg3guangpls/bg3guang3_4",2,1],"207":["scene/bg3guangpls/bg3guang3_1",2,1],"208":["scene/bg3guangpls/bg3guang0_1",2,1],"209":["scene/bg3guangpls/bg3guang3_10",2,1],"210":["scene/bg3guangpls/bg3guang2_9",2,1],"211":["scene/bg3guangpls/bg3guang0_2",2,1],"212":["scene/bg3guangpls/bg3guang0_4",2,1],"213":["scene/bg3guangpls/bg3guang3_8",2,1],"214":["scene/bg3guangpls/bg3guang2_3",2,1],"215":["scene/bg3guangpls/bg3guang3_3",2,1],"216":["scene/bg3guangpls/bg3guang2_8",2,1],"217":["scene/bg3guangpls/bg3guang1_2",2,1],"218":["scene/bg3guangpls/bg3guang1_8",2,1],"219":["scene/bg3guangpls/bg3guang0_7",2,1],"220":["scene/bg3guangpls/bg3guang1_9",2,1],"221":["scene/bg3guangpls/bg3guang0_8",2,1],"222":["scene/bg3guangpls/bg3guang2_10",2,1],"223":["scene/bg3guangpls/bg3guang2_6",2,1],"224":["scene/bg3guangpls/bg3guang3_2",2,1],"225":["scene/bg3guangpls/bg3guang2_2",2,1],"226":["scene/bg3guangpls/bg3guang1_6",2,1],"227":["scene/bg3guangpls/bg3guang2_5",2,1],"228":["scene/bg3guangpls/bg3guang0_6",2,1],"229":["scene/bg3guangpls/bg3guang1_1",2,1],"230":["scene/bg3guangpls/bg3guang0_9",2,1],"231":["scene/bg3guangpls/bg3guang3_6",2,1],"232":["scene/bg3guangpls/bg3guang1_7",2,1],"233":["scene/bg3guangpls/bg3guang2_4",2,1],"234":["scene/bg3guangpls/bg3guang3_9",2,1],"235":["scene/bg3guangpls/bg3guang0_3",2,1],"236":["fnt/jiesuanzheng",7,1],"237":["battery/cannon_norm",3,1],"238":["battery/cannon_norm/cannon0_3",2,1],"239":["battery/cannon_norm/cannon0_1",2,1],"240":["battery/cannon_norm/cannon0_5",2,1],"241":["battery/cannon_norm/cannon0_2",2,1],"242":["battery/cannon_norm/cannon0_4",2,1],"243":["scene/SeaWave/texture",1,1],"244":["img/icon_dt_loading_1/spriteFrame",2,1],"245":["prefabs/prefabs_fish_getnewwwep",8,1],"246":["scene/bg4guangpls/texture",1,1],"247":["effect/yellowraylinepls",3,1],"248":["effect/yellowraylinepls/yellowrayline3",2,1],"249":["effect/yellowraylinepls/yellowrayline1",2,1],"250":["effect/yellowraylinepls/yellowrayline4",2,1],"251":["effect/yellowraylinepls/yellowrayline10",2,1],"252":["effect/yellowraylinepls/yellowrayline6",2,1],"253":["effect/yellowraylinepls/yellowrayline9",2,1],"254":["effect/yellowraylinepls/yellowrayline2",2,1],"255":["effect/yellowraylinepls/yellowrayline7",2,1],"256":["effect/yellowraylinepls/yellowrayline5",2,1],"257":["effect/yellowraylinepls/yellowrayline8",2,1],"258":["fnt/hitnumber1_0/texture",1,1],"259":["fnt/hitnumber1_0/spriteFrame",2,1],"260":["effect/greenraylinepls/texture",1,1],"261":["scene/bg6guangpls/texture",1,1],"262":["effect/liumangxing/texture",1,1],"263":["fish/fish64",3,1],"264":["fish/fish64/fish64_13",2,1],"265":["fish/fish64/fish64_11",2,1],"266":["fish/fish64/fish64_4",2,1],"267":["fish/fish64/fish64_17",2,1],"268":["fish/fish64/fish64_3",2,1],"269":["fish/fish64/fish64_1",2,1],"270":["fish/fish64/fish64_16",2,1],"271":["fish/fish64/fish64_9",2,1],"272":["fish/fish64/fish64_14",2,1],"273":["fish/fish64/fish64_15",2,1],"274":["fish/fish64/fish64_2",2,1],"275":["fish/fish64/fish64_10",2,1],"276":["fish/fish64/fish64_5",2,1],"277":["fish/fish64/fish64_8",2,1],"278":["fish/fish64/fish64_7",2,1],"279":["fish/fish64/fish64_6",2,1],"280":["fish/fish64/fish64_12",2,1],"281":["scene/bg2/texture",1,1],"282":["common/common01/texture",1,1],"283":["fnt/zhuanpanft/texture",1,1],"284":["fnt/zhuanpanft/spriteFrame",2,1],"285":["effect/chijinbi/texture",1,1],"286":["fnt/fishdeadlabel",7,1],"287":["fnt/jiesuanfu_0/texture",1,1],"288":["fnt/jiesuanfu_0/spriteFrame",2,1],"289":["scene/bg4/texture",1,1],"290":["fnt/battlejinbi/texture",1,1],"291":["fnt/battlejinbi/spriteFrame",2,1],"292":["fnt/zhuanpanft",7,1],"293":["prefabs/prefabs_fish_rotation",8,1],"294":["fish/fish62/texture",1,1],"295":["fnt/scorewinnum",7,1],"296":["common/bg_common_loading/texture",1,1],"297":["scene/bg4",0,1],"298":["scene/bg4/spriteFrame",2,1],"299":["fnt/battlejinbi",0,1],"301":["effect/changepao/texture",1,1],"302":["battery/pao-5/texture",1,1],"303":["bullets/hit_pifu2/texture",1,1],"304":["fish/fish64/texture",1,1],"305":["common/bg_common_loading/spriteFrame",2,1],"306":["fish/fish23/texture",1,1],"307":["fnt/zhuanpanft1/texture",1,1],"308":["fnt/zhuanpanft1/spriteFrame",2,1],"309":["common/battleroom",3,1],"310":["common/battleroom/btn_qwcz",2,1],"311":["common/battleroom/win",2,1],"312":["common/battleroom/skill_skillcd",2,1],"313":["common/battleroom/side_board",2,1],"314":["common/battleroom/tag_tctishi",2,1],"315":["common/battleroom/role_jinbilan",2,1],"316":["common/battleroom/btn_jiesuan_out",2,1],"317":["common/battleroom/pao_paobei",2,1],"318":["common/battleroom/pao_kongdan",2,1],"319":["common/battleroom/yindao_weizhi",2,1],"320":["common/battleroom/img_goin_bg",2,1],"321":["common/battleroom/sidebtn_exit",2,1],"322":["common/battleroom/sidebtn_set",2,1],"323":["common/battleroom/role_vip",2,1],"324":["common/battleroom/skill_zidong",2,1],"325":["common/battleroom/skill_suoding",2,1],"326":["common/battleroom/pao_huanpao",2,1],"327":["common/battleroom/skill_jinenglan",2,1],"328":["common/battleroom/tag_dengdai01",2,1],"329":["common/battleroom/sidebtn_sound",2,1],"330":["common/battleroom/pao_paolan",2,1],"331":["common/battleroom/pao_paojia",2,1],"332":["common/battleroom/btn_kdqc00",2,1],"333":["common/battleroom/side_jiantou",2,1],"334":["common/battleroom/tag_dengdai00",2,1],"335":["common/battleroom/btn_kdqc01",2,1],"336":["common/battleroom/pao_huanpao1",2,1],"337":["common/battleroom/btn_room_out",2,1],"338":["common/battleroom/skill_xuanzhong",2,1],"339":["common/battleroom/btn_room_friend",2,1],"340":["common/battleroom/btn_creat_begin1",2,1],"341":["common/battleroom/role_touxiang",2,1],"342":["common/battleroom/wordjsfj",2,1],"343":["common/battleroom/role_xiangqing",2,1],"344":["common/battleroom/pao_paojian",2,1],"345":["common/battleroom/btn_room_return",2,1],"346":["common/battleroom/sidebtn_help",2,1],"347":["common/battleroom/lose",2,1],"348":["common/battleroom/btn_jiesuan_share",2,1],"349":["common/battleroom/buyuwordroomid",2,1],"350":["common/battleroom/winBg",2,1],"351":["effect/paohuo/texture",1,1],"352":["scene/bg7guangpls",3,1],"353":["scene/bg7guangpls/bg7guang0_3",2,1],"354":["scene/bg7guangpls/bg7guang2_8",2,1],"355":["scene/bg7guangpls/bg7guang1_1",2,1],"356":["scene/bg7guangpls/bg7guang0_6",2,1],"357":["scene/bg7guangpls/bg7guang1_5",2,1],"358":["scene/bg7guangpls/bg7guang1_3",2,1],"359":["scene/bg7guangpls/bg7guang1_6",2,1],"360":["scene/bg7guangpls/bg7guang2_3",2,1],"361":["scene/bg7guangpls/bg7guang0_1",2,1],"362":["scene/bg7guangpls/bg7guang0_7",2,1],"363":["scene/bg7guangpls/bg7guang2_7",2,1],"364":["scene/bg7guangpls/bg7guang0_10",2,1],"365":["scene/bg7guangpls/bg7guang2_10",2,1],"366":["scene/bg7guangpls/bg7guang0_9",2,1],"367":["scene/bg7guangpls/bg7guang2_9",2,1],"368":["scene/bg7guangpls/bg7guang2_4",2,1],"369":["scene/bg7guangpls/bg7guang0_4",2,1],"370":["scene/bg7guangpls/bg7guang1_7",2,1],"371":["scene/bg7guangpls/bg7guang2_1",2,1],"372":["scene/bg7guangpls/bg7guang0_2",2,1],"373":["scene/bg7guangpls/bg7guang1_9",2,1],"374":["scene/bg7guangpls/bg7guang2_5",2,1],"375":["scene/bg7guangpls/bg7guang1_8",2,1],"376":["scene/bg7guangpls/bg7guang2_6",2,1],"377":["scene/bg7guangpls/bg7guang1_10",2,1],"378":["scene/bg7guangpls/bg7guang1_4",2,1],"379":["scene/bg7guangpls/bg7guang1_2",2,1],"380":["scene/bg7guangpls/bg7guang2_2",2,1],"381":["scene/bg7guangpls/bg7guang0_8",2,1],"382":["scene/bg7guangpls/bg7guang0_5",2,1],"383":["effect/bigfish/texture",1,1],"384":["fnt/zhuanpanft1",7,1],"385":["img/icon_dt_loading_0/spriteFrame",2,1],"386":["effect/bigfish",3,1],"387":["effect/bigfish/dy_fish19",2,1],"388":["effect/bigfish/dy_fish15",2,1],"389":["effect/bigfish/dy_zh4",2,1],"390":["effect/bigfish/dy_fish21",2,1],"391":["effect/bigfish/dy_zh1",2,1],"392":["effect/bigfish/dy_fish18",2,1],"393":["effect/bigfish/dy_fish13",2,1],"394":["effect/bigfish/dy_fish16",2,1],"395":["effect/bigfish/dy_fish20",2,1],"396":["effect/bigfish/dy_zh6",2,1],"397":["effect/bigfish/dy_zh2",2,1],"398":["effect/bigfish/dy_fish17",2,1],"399":["effect/bigfish/dy_fish24",2,1],"400":["effect/bigfish/sidai_00",2,1],"401":["effect/bigfish/dy_zh3",2,1],"402":["effect/bigfish/dy_zh5",2,1],"403":["effect/bigfish/dy_fish14",2,1],"404":["effect/bigfish/dy_zh7",2,1],"405":["effect/bigfish/dy_zh8",2,1],"406":["fish/fish28",3,1],"407":["fish/fish28/fish28_2",2,1],"408":["fish/fish28/fish28_6",2,1],"409":["fish/fish28/fish28_7",2,1],"410":["fish/fish28/fish28_12",2,1],"411":["fish/fish28/fish28_3",2,1],"412":["fish/fish28/fish28_4",2,1],"413":["fish/fish28/fish28_5",2,1],"414":["fish/fish28/fish28_8",2,1],"415":["fish/fish28/fish28_11",2,1],"416":["fish/fish28/fish28_9",2,1],"417":["fish/fish28/fish28_10",2,1],"418":["fish/fish28/fish28_1",2,1],"419":["fish/fish62",3,1],"420":["fish/fish62/fish62_11",2,1],"421":["fish/fish62/fish62_15",2,1],"422":["fish/fish62/fish62_7",2,1],"423":["fish/fish62/fish62_2",2,1],"424":["fish/fish62/fish62_8",2,1],"425":["fish/fish62/fish62_5",2,1],"426":["fish/fish62/fish62_6",2,1],"427":["fish/fish62/fish62_9",2,1],"428":["fish/fish62/fish62_12",2,1],"429":["fish/fish62/fish62_10",2,1],"430":["fish/fish62/fish62_1",2,1],"431":["fish/fish62/fish62_14",2,1],"432":["fish/fish62/fish62_4",2,1],"433":["fish/fish62/fish62_3",2,1],"434":["fish/fish62/fish62_13",2,1],"435":["img/common_close00/spriteFrame",2,1],"436":["battery/pao-4/texture",1,1],"437":["bullets/bullet_pifu2/texture",1,1],"438":["scene/bg1/texture",1,1],"439":["common/nengliangpao/texture",1,1],"440":["bullets/zidan-3/texture",1,1],"441":["fish/fish21",3,1],"442":["fish/fish21/fish21_10",2,1],"443":["fish/fish21/fish21_2",2,1],"444":["fish/fish21/fish21_4",2,1],"445":["fish/fish21/fish21_18",2,1],"446":["fish/fish21/fish21_3",2,1],"447":["fish/fish21/fish21_13",2,1],"448":["fish/fish21/fish21_6",2,1],"449":["fish/fish21/fish21_16",2,1],"450":["fish/fish21/fish21_11",2,1],"451":["fish/fish21/fish21_12",2,1],"452":["fish/fish21/fish21_7",2,1],"453":["fish/fish21/fish21_21",2,1],"454":["fish/fish21/fish21_15",2,1],"455":["fish/fish21/fish21_17",2,1],"456":["fish/fish21/fish21_20",2,1],"457":["fish/fish21/fish21_14",2,1],"458":["fish/fish21/fish21_5",2,1],"459":["fish/fish21/fish21_9",2,1],"460":["fish/fish21/fish21_8",2,1],"461":["fish/fish21/fish21_1",2,1],"462":["fish/fish21/fish21_19",2,1],"463":["effect/huangzhuanpan/texture",1,1],"464":["bullets/bullet_pifu1/texture",1,1],"465":["bullets/zidan-cth/texture",1,1],"466":["bullets/bullet_pifu3/texture",1,1],"467":["img/common_close01/spriteFrame",2,1],"468":["scene/bg6/texture",1,1],"469":["battery/pao-6/texture",1,1],"470":["scene/paopao",3,1],"471":["scene/paopao/paopao_5",2,1],"472":["scene/paopao/paopao_4",2,1],"473":["scene/paopao/paopao_10",2,1],"474":["scene/paopao/paopao_9",2,1],"475":["scene/paopao/paopao_8",2,1],"476":["scene/paopao/paopao_1",2,1],"477":["scene/paopao/paopao_7",2,1],"478":["scene/paopao/paopao_6",2,1],"479":["scene/paopao/paopao_2",2,1],"480":["scene/paopao/paopao_3",2,1],"481":["bullets/hit_pifu4/texture",1,1],"482":["effect/greenraylinepls",3,1],"483":["effect/greenraylinepls/greenrayline3",2,1],"484":["effect/greenraylinepls/greenrayline6",2,1],"485":["effect/greenraylinepls/greenrayline1",2,1],"486":["effect/greenraylinepls/greenrayline9",2,1],"487":["effect/greenraylinepls/greenrayline7",2,1],"488":["effect/greenraylinepls/greenrayline4",2,1],"489":["effect/greenraylinepls/greenrayline10",2,1],"490":["effect/greenraylinepls/greenrayline8",2,1],"491":["effect/greenraylinepls/greenrayline5",2,1],"492":["effect/greenraylinepls/greenrayline2",2,1],"493":["fish/fish52",3,1],"494":["fish/fish52/fish52_9",2,1],"495":["fish/fish52/fish52_4",2,1],"496":["fish/fish52/fish52_1",2,1],"497":["fish/fish52/fish52_7",2,1],"498":["fish/fish52/fish52_2",2,1],"499":["fish/fish52/fish52_3",2,1],"500":["fish/fish52/fish52_8",2,1],"501":["fish/fish52/fish52_6",2,1],"502":["fish/fish52/fish52_10",2,1],"503":["fish/fish52/fish52_5",2,1],"504":["img/icon_dt_loading_2/spriteFrame",2,1],"505":["fish/fish72",3,1],"506":["fish/fish72/fish72_11",2,1],"507":["fish/fish72/fish72_7",2,1],"508":["fish/fish72/fish72_13",2,1],"509":["fish/fish72/fish72_3",2,1],"510":["fish/fish72/fish72_15",2,1],"511":["fish/fish72/fish72_2",2,1],"512":["fish/fish72/fish72_1",2,1],"513":["fish/fish72/fish72_12",2,1],"514":["fish/fish72/fish72_9",2,1],"515":["fish/fish72/fish72_4",2,1],"516":["fish/fish72/fish72_5",2,1],"517":["fish/fish72/fish72_6",2,1],"518":["fish/fish72/fish72_8",2,1],"519":["fish/fish72/fish72_10",2,1],"520":["fish/fish72/fish72_14",2,1],"522":["effect/paohuo",3,1],"523":["effect/paohuo/paohuo_1",2,1],"524":["effect/paohuo/paohuo_2",2,1],"525":["effect/paohuo/paohuo_3",2,1],"526":["effect/paohuo/paohuo_4",2,1],"527":["bullets/hit_pifu1/texture",1,1],"528":["prefabs/prefabs_fish_loading",8,1],"529":["fnt/paobei",7,1],"530":["fnt/scorelosenum_0/texture",1,1],"531":["fnt/scorelosenum_0/spriteFrame",2,1],"532":["bullets/yuwang-5/texture",1,1],"533":["fish/fish21/texture",1,1],"534":["fish/fish72/texture",1,1],"535":["scene/bg2guangpls/texture",1,1],"536":["fnt/fishdeadlabel1",7,1],"537":["battery/pao-1/texture",1,1],"538":["scene/shuiyin/texture",1,1],"539":["effect/bosscoming/texture",1,1],"540":["scene/bg3/texture",1,1],"541":["scene/bg3guangpls/texture",1,1],"542":["fnt/scorewinnum_0/texture",1,1],"543":["fnt/scorewinnum_0/spriteFrame",2,1],"544":["fish/fish63/texture",1,1],"545":["scene/bg6guangpls",3,1],"546":["scene/bg6guangpls/bg6guang2_8",2,1],"547":["scene/bg6guangpls/bg6guang2_9",2,1],"548":["scene/bg6guangpls/bg6guang0_4",2,1],"549":["scene/bg6guangpls/bg6guang1_1",2,1],"550":["scene/bg6guangpls/bg6guang0_8",2,1],"551":["scene/bg6guangpls/bg6guang0_2",2,1],"552":["scene/bg6guangpls/bg6guang0_10",2,1],"553":["scene/bg6guangpls/bg6guang1_2",2,1],"554":["scene/bg6guangpls/bg6guang1_5",2,1],"555":["scene/bg6guangpls/bg6guang1_9",2,1],"556":["scene/bg6guangpls/bg6guang0_9",2,1],"557":["scene/bg6guangpls/bg6guang1_4",2,1],"558":["scene/bg6guangpls/bg6guang1_6",2,1],"559":["scene/bg6guangpls/bg6guang2_2",2,1],"560":["scene/bg6guangpls/bg6guang1_7",2,1],"561":["scene/bg6guangpls/bg6guang2_4",2,1],"562":["scene/bg6guangpls/bg6guang0_3",2,1],"563":["scene/bg6guangpls/bg6guang2_6",2,1],"564":["scene/bg6guangpls/bg6guang0_5",2,1],"565":["scene/bg6guangpls/bg6guang2_10",2,1],"566":["scene/bg6guangpls/bg6guang1_10",2,1],"567":["scene/bg6guangpls/bg6guang2_5",2,1],"568":["scene/bg6guangpls/bg6guang2_1",2,1],"569":["scene/bg6guangpls/bg6guang2_3",2,1],"570":["scene/bg6guangpls/bg6guang0_6",2,1],"571":["scene/bg6guangpls/bg6guang1_3",2,1],"572":["scene/bg6guangpls/bg6guang2_7",2,1],"573":["scene/bg6guangpls/bg6guang1_8",2,1],"574":["scene/bg6guangpls/bg6guang0_1",2,1],"575":["scene/bg6guangpls/bg6guang0_7",2,1],"576":["common/room_2/texture",1,1],"577":["common/room_2/spriteFrame",2,1],"578":["fnt/fishdeadlabel1/texture",1,1],"579":["fnt/fishdeadlabel1/spriteFrame",2,1],"580":["effect/jinengguangxiao",3,1],"581":["effect/jinengguangxiao/jineng_1",2,1],"582":["effect/jinengguangxiao/jineng_3",2,1],"583":["effect/jinengguangxiao/jineng_2",2,1],"584":["effect/jinengguangxiao/jineng_4",2,1],"585":["effect/jinengguangxiao/jineng_10",2,1],"586":["effect/jinengguangxiao/jineng_6",2,1],"587":["effect/jinengguangxiao/jineng_5",2,1],"588":["effect/jinengguangxiao/jineng_9",2,1],"589":["effect/jinengguangxiao/jineng_8",2,1],"590":["effect/jinengguangxiao/jineng_7",2,1],"591":["fnt/jiesuanzheng_0/texture",1,1],"592":["fnt/jiesuanzheng_0/spriteFrame",2,1],"593":["fnt/hitnumber_0/texture",1,1],"594":["fnt/hitnumber_0/spriteFrame",2,1],"595":["effect/bosscoming",3,1],"596":["effect/bosscoming/bosscoming_26",2,1],"597":["effect/bosscoming/bosscoming_17",2,1],"598":["effect/bosscoming/bosscoming_22",2,1],"599":["effect/bosscoming/bosscoming_29",2,1],"600":["effect/bosscoming/bosscoming_28",2,1],"601":["effect/bosscoming/bosscoming_25",2,1],"602":["effect/bosscoming/bosscoming_14",2,1],"603":["effect/bosscoming/bosscoming_7",2,1],"604":["effect/bosscoming/bosscoming_15",2,1],"605":["effect/bosscoming/bosscoming_30",2,1],"606":["effect/bosscoming/bosscoming_20",2,1],"607":["effect/bosscoming/bosscoming_11",2,1],"608":["effect/bosscoming/bosscoming_1",2,1],"609":["effect/bosscoming/bosscoming_13",2,1],"610":["effect/bosscoming/bosscoming_16",2,1],"611":["effect/bosscoming/bosscoming_18",2,1],"612":["effect/bosscoming/bosscoming_21",2,1],"613":["effect/bosscoming/bosscoming_23",2,1],"614":["effect/bosscoming/bosscoming_2",2,1],"615":["effect/bosscoming/bosscoming_19",2,1],"616":["effect/bosscoming/bosscoming_3",2,1],"617":["effect/bosscoming/bosscoming_24",2,1],"618":["effect/bosscoming/bosscoming_9",2,1],"619":["effect/bosscoming/bosscoming_4",2,1],"620":["effect/bosscoming/bosscoming_6",2,1],"621":["effect/bosscoming/bosscoming_12",2,1],"622":["effect/bosscoming/bosscoming_10",2,1],"623":["effect/bosscoming/bosscoming_5",2,1],"624":["effect/bosscoming/bosscoming_8",2,1],"625":["effect/bosscoming/bosscoming_27",2,1],"626":["effect/baozha1",3,1],"627":["effect/baozha1/baozha1_6",2,1],"628":["effect/baozha1/baozha1_3",2,1],"629":["effect/baozha1/baozha1_5",2,1],"630":["effect/baozha1/baozha1_7",2,1],"631":["effect/baozha1/baozha1_4",2,1],"632":["effect/baozha1/baozha1_2",2,1],"633":["effect/baozha1/baozha1_1",2,1],"634":["common/room_3/texture",1,1],"635":["common/room_3/spriteFrame",2,1],"636":["fnt/scorelosenum",7,1],"637":["effect/dead/texture",1,1],"638":["fnt/hitnumber/texture",1,1],"639":["effect/changepao",3,1],"640":["effect/changepao/huanpao_3",2,1],"641":["effect/changepao/huanpao_5",2,1],"642":["effect/changepao/huanpao_6",2,1],"643":["effect/changepao/huanpao_1",2,1],"644":["effect/changepao/huanpao_2",2,1],"645":["effect/changepao/huanpao_4",2,1],"646":["effect/jinengguangxiao/texture",1,1],"647":["common/battleroom/texture",1,1],"648":["common/common01",3,1],"649":["common/common01/tag_qq",2,1],"650":["common/common01/common_infobg3",2,1],"651":["common/common01/common_choice01",2,1],"652":["common/common01/tag_qrmm",2,1],"653":["common/common01/btn_close00",2,1],"654":["common/common01/touxiang_7",2,1],"655":["common/common01/touxiang_10",2,1],"656":["common/common01/btn_jindu01",2,1],"657":["common/common01/touxiang_9",2,1],"658":["common/common01/tag_zfb",2,1],"659":["common/common01/touxiang_6",2,1],"660":["common/common01/btn_qhzhanghao",2,1],"661":["common/common01/common_button10",2,1],"662":["common/common01/btn_confirm2",2,1],"663":["common/common01/btn_tijiao",2,1],"664":["common/common01/common_dinglan",2,1],"665":["common/common01/btn_fanhui00",2,1],"666":["common/common01/tag_yzm",2,1],"667":["common/common01/common_infobg4",2,1],"668":["common/common01/touxiang_4",2,1],"669":["common/common01/btn_copy00",2,1],"670":["common/common01/common_board03",2,1],"671":["common/common01/common_choice00",2,1],"672":["common/common01/common_coin00",2,1],"673":["common/common01/tag_zfbxm",2,1],"674":["common/common01/btn_queren",2,1],"675":["common/common01/tag_sjh",2,1],"676":["common/common01/common_vip03",2,1],"677":["common/common01/bt_shezhi",2,1],"678":["common/common01/common_vip02",2,1],"679":["common/common01/btn_confirm1",2,1],"680":["common/common01/common_vip00",2,1],"681":["common/common01/btn_jindu00",2,1],"682":["common/common01/tag_yingxiao",2,1],"683":["common/common01/tag_xmima",2,1],"684":["common/common01/touxiang_5",2,1],"685":["common/common01/btn_cancel1",2,1],"686":["common/common01/tag_zfbzhqr",2,1],"687":["common/common01/touxiang_11",2,1],"688":["common/common01/tag_wx",2,1],"689":["common/common01/common_board01",2,1],"690":["common/common01/common_huatiao01",2,1],"691":["common/common01/touxiang_12",2,1],"692":["common/common01/common_button31",2,1],"693":["common/common01/btn_hqyzm01",2,1],"694":["common/common01/jiantou",2,1],"695":["common/common01/common_button30",2,1],"696":["common/common01/common_huatiao00",2,1],"697":["common/common01/tag_id",2,1],"698":["common/common01/common_infobg2",2,1],"699":["common/common01/tag_id01",2,1],"700":["common/common01/touxiang_2",2,1],"701":["common/common01/common_board00",2,1],"702":["common/common01/common_board02",2,1],"703":["common/common01/common_button01",2,1],"704":["common/common01/tag_jmima",2,1],"705":["common/common01/tag_yhjb",2,1],"706":["common/common01/tag_yingyue",2,1],"707":["common/common01/btn_cancel2",2,1],"708":["common/common01/btn_qrxg",2,1],"709":["common/common01/btn_qrbd",2,1],"710":["common/common01/tag_zfbqr",2,1],"711":["common/common01/tag_00_zfbzh",2,1],"712":["common/common01/tag_zhjb",2,1],"713":["common/common01/common_vip07",2,1],"714":["common/common01/bt_kefu",2,1],"715":["common/common01/touxiang_1",2,1],"716":["common/common01/info_icon",2,1],"717":["common/common01/btn_hqyzm00",2,1],"718":["common/common01/common_vip05",2,1],"719":["common/common01/common_vip01",2,1],"720":["common/common01/btn_close01",2,1],"721":["common/common01/common_button21",2,1],"722":["common/common01/btn_fanhui01",2,1],"723":["common/common01/common_infobg1",2,1],"724":["common/common01/common_vip06",2,1],"725":["common/common01/common_button11",2,1],"726":["common/common01/btn_copy01",2,1],"727":["common/common01/common_button00",2,1],"728":["common/common01/tag_00_zfbxm",2,1],"729":["common/common01/touxiang_3",2,1],"730":["common/common01/common_button20",2,1],"731":["common/common01/common_bank00",2,1],"732":["common/common01/btn_jindu02",2,1],"733":["common/common01/bt_tishi",2,1],"734":["common/common01/common_vip04",2,1],"735":["common/common01/touxiang_8",2,1],"736":["fnt/fishdeadlabel/texture",1,1],"737":["fnt/fishdeadlabel/spriteFrame",2,1],"738":["effect/coin/texture",1,1],"739":["scene/bg1guangpls/texture",1,1],"740":["fish/fish52/texture",1,1],"741":["prefabs/prefabs_fish_room_choose",8,1],"742":["scene/bg7/texture",1,1],"743":["bullets/bullet_pifu5/texture",1,1],"744":["effect/coin",3,1],"745":["effect/coin/coinjump_10",2,1],"746":["effect/coin/rubao_2",2,1],"747":["effect/coin/coinzhuan_7",2,1],"748":["effect/coin/coinjump_12",2,1],"749":["effect/coin/rubao_6",2,1],"750":["effect/coin/rubao_4",2,1],"751":["effect/coin/coinzhuan_2",2,1],"752":["effect/coin/rubao_1",2,1],"753":["effect/coin/coinjump_3",2,1],"754":["effect/coin/coinjump_11",2,1],"755":["effect/coin/coinzhuan_8",2,1],"756":["effect/coin/rubao_5",2,1],"757":["effect/coin/coinzhuan_3",2,1],"758":["effect/coin/coinjump_9",2,1],"759":["effect/coin/coinjump_8",2,1],"760":["effect/coin/coinzhuan_5",2,1],"761":["effect/coin/coinjump_6",2,1],"762":["effect/coin/coinjump_2",2,1],"763":["effect/coin/coinzhuan_6",2,1],"764":["effect/coin/coinjump_4",2,1],"765":["effect/coin/coinzhuan_1",2,1],"766":["effect/coin/coinjump_1",2,1],"767":["effect/coin/rubao_3",2,1],"768":["effect/coin/coinjump_5",2,1],"769":["effect/coin/coinjump_7",2,1],"770":["effect/coin/coinzhuan_4",2,1],"771":["fish/fish74/texture",1,1],"772":["scene/SeaWave",3,1],"773":["scene/SeaWave/SeaWave_2",2,1],"774":["scene/SeaWave/SeaWave_4",2,1],"775":["scene/SeaWave/SeaWave_3",2,1],"776":["scene/SeaWave/SeaWave_1",2,1],"777":["fish/fish24/texture",1,1],"778":["fnt/countime/texture",1,1],"779":["fnt/countime/spriteFrame",2,1],"780":["bullets/hit_pifu5/texture",1,1],"781":["effect/baozha2",3,1],"782":["effect/baozha2/baozha2_1",2,1],"783":["effect/baozha2/baozha2_4",2,1],"784":["effect/baozha2/baozha2_2",2,1],"785":["effect/baozha2/baozha2_5",2,1],"786":["effect/baozha2/baozha2_3",2,1],"787":["effect/baozha2/baozha2_6",2,1],"788":["effect/baozha2/baozha2_7",2,1],"789":["fish/fish28/texture",1,1],"790":["fnt/battle2",7,1],"791":["fnt/hitnumber",7,1],"792":["scene/bg4guangpls",3,1],"793":["scene/bg4guangpls/bg4guang2_10",2,1],"794":["scene/bg4guangpls/bg4guang0_7",2,1],"795":["scene/bg4guangpls/bg4guang0_1",2,1],"796":["scene/bg4guangpls/bg4guang2_8",2,1],"797":["scene/bg4guangpls/bg4guang1_10",2,1],"798":["scene/bg4guangpls/bg4guang1_2",2,1],"799":["scene/bg4guangpls/bg4guang0_9",2,1],"800":["scene/bg4guangpls/bg4guang1_4",2,1],"801":["scene/bg4guangpls/bg4guang2_7",2,1],"802":["scene/bg4guangpls/bg4guang0_8",2,1],"803":["scene/bg4guangpls/bg4guang0_6",2,1],"804":["scene/bg4guangpls/bg4guang1_3",2,1],"805":["scene/bg4guangpls/bg4guang2_3",2,1],"806":["scene/bg4guangpls/bg4guang0_3",2,1],"807":["scene/bg4guangpls/bg4guang0_10",2,1],"808":["scene/bg4guangpls/bg4guang2_5",2,1],"809":["scene/bg4guangpls/bg4guang1_9",2,1],"810":["scene/bg4guangpls/bg4guang2_4",2,1],"811":["scene/bg4guangpls/bg4guang2_2",2,1],"812":["scene/bg4guangpls/bg4guang1_1",2,1],"813":["scene/bg4guangpls/bg4guang0_2",2,1],"814":["scene/bg4guangpls/bg4guang1_6",2,1],"815":["scene/bg4guangpls/bg4guang0_4",2,1],"816":["scene/bg4guangpls/bg4guang1_5",2,1],"817":["scene/bg4guangpls/bg4guang1_8",2,1],"818":["scene/bg4guangpls/bg4guang2_9",2,1],"819":["scene/bg4guangpls/bg4guang2_6",2,1],"820":["scene/bg4guangpls/bg4guang2_1",2,1],"821":["scene/bg4guangpls/bg4guang1_7",2,1],"822":["scene/bg4guangpls/bg4guang0_5",2,1],"823":["bullets/bullet_pifu4/texture",1,1],"824":["fish/fish120",3,1],"825":["fish/fish120/fish10_1",2,1],"826":["fish/fish120/fish5_14",2,1],"827":["fish/fish120/fish20_16",2,1],"828":["fish/fish120/fish6_10",2,1],"829":["fish/fish120/dead_3",2,1],"830":["fish/fish120/fish12_8",2,1],"831":["fish/fish120/fish15_14",2,1],"832":["fish/fish120/fish5_16",2,1],"833":["fish/fish120/fish6_14",2,1],"834":["fish/fish120/fish14_5",2,1],"835":["fish/fish120/fish17_2",2,1],"836":["fish/fish120/fish8_10",2,1],"837":["fish/fish120/fish16_2",2,1],"838":["fish/fish120/fish13_5",2,1],"839":["fish/fish120/fish4_3",2,1],"840":["fish/fish120/dead_11",2,1],"841":["fish/fish120/fish14_10",2,1],"842":["fish/fish120/fish16_1",2,1],"843":["fish/fish120/fish16_12",2,1],"844":["fish/fish120/fish6_1",2,1],"845":["fish/fish120/fish7_9",2,1],"846":["fish/fish120/fish4_1",2,1],"847":["fish/fish120/fish14_18",2,1],"848":["fish/fish120/fish18_6",2,1],"849":["fish/fish120/fish20_14",2,1],"850":["fish/fish120/fish18_5",2,1],"851":["fish/fish120/fish2_1",2,1],"852":["fish/fish120/fish8_12",2,1],"853":["fish/fish120/fish5_13",2,1],"854":["fish/fish120/fish10_2",2,1],"855":["fish/fish120/fish17_6",2,1],"856":["fish/fish120/fish1_6",2,1],"857":["fish/fish120/fish13_10",2,1],"858":["fish/fish120/fish20_9",2,1],"859":["fish/fish120/fish16_17",2,1],"860":["fish/fish120/fish7_6",2,1],"861":["fish/fish120/fish7_3",2,1],"862":["fish/fish120/fish12_3",2,1],"863":["fish/fish120/fish16_11",2,1],"864":["fish/fish120/fish7_7",2,1],"865":["fish/fish120/fish11_5",2,1],"866":["fish/fish120/fish20_3",2,1],"867":["fish/fish120/fish14_3",2,1],"868":["fish/fish120/fish4_8",2,1],"869":["fish/fish120/fish4_9",2,1],"870":["fish/fish120/fish19_9",2,1],"871":["fish/fish120/fish2_8",2,1],"872":["fish/fish120/dead_14",2,1],"873":["fish/fish120/fish3_5",2,1],"874":["fish/fish120/fish9_3",2,1],"875":["fish/fish120/fish6_16",2,1],"876":["fish/fish120/fish17_12",2,1],"877":["fish/fish120/fish1_4",2,1],"878":["fish/fish120/fish14_12",2,1],"879":["fish/fish120/fish9_8",2,1],"880":["fish/fish120/fish20_1",2,1],"881":["fish/fish120/fish3_2",2,1],"882":["fish/fish120/fish10_7",2,1],"883":["fish/fish120/fish20_7",2,1],"884":["fish/fish120/fish8_15",2,1],"885":["fish/fish120/fish2_6",2,1],"886":["fish/fish120/fish19_5",2,1],"887":["fish/fish120/fish20_13",2,1],"888":["fish/fish120/fish18_9",2,1],"889":["fish/fish120/fish3_3",2,1],"890":["fish/fish120/fish4_2",2,1],"891":["fish/fish120/fish8_13",2,1],"892":["fish/fish120/fish11_3",2,1],"893":["fish/fish120/fish17_14",2,1],"894":["fish/fish120/fish20_4",2,1],"895":["fish/fish120/fish9_10",2,1],"896":["fish/fish120/fish5_8",2,1],"897":["fish/fish120/fish17_13",2,1],"898":["fish/fish120/fish5_1",2,1],"899":["fish/fish120/fish15_11",2,1],"900":["fish/fish120/fish13_7",2,1],"901":["fish/fish120/fish5_9",2,1],"902":["fish/fish120/fish15_13",2,1],"903":["fish/fish120/fish19_3",2,1],"904":["fish/fish120/fish12_1",2,1],"905":["fish/fish120/fish15_5",2,1],"906":["fish/fish120/dead_13",2,1],"907":["fish/fish120/fish10_6",2,1],"908":["fish/fish120/dead_1",2,1],"909":["fish/fish120/fish19_17",2,1],"910":["fish/fish120/fish17_11",2,1],"911":["fish/fish120/fish5_2",2,1],"912":["fish/fish120/fish12_5",2,1],"913":["fish/fish120/fish15_1",2,1],"914":["fish/fish120/fish6_7",2,1],"915":["fish/fish120/fish18_12",2,1],"916":["fish/fish120/fish5_12",2,1],"917":["fish/fish120/fish11_2",2,1],"918":["fish/fish120/fish12_6",2,1],"919":["fish/fish120/fish19_11",2,1],"920":["fish/fish120/fish14_16",2,1],"921":["fish/fish120/fish8_4",2,1],"922":["fish/fish120/fish15_9",2,1],"923":["fish/fish120/fish11_4",2,1],"924":["fish/fish120/fish1_8",2,1],"925":["fish/fish120/fish16_16",2,1],"926":["fish/fish120/fish18_3",2,1],"927":["fish/fish120/fish9_6",2,1],"928":["fish/fish120/fish6_15",2,1],"929":["fish/fish120/dead_2",2,1],"930":["fish/fish120/fish17_3",2,1],"931":["fish/fish120/fish9_11",2,1],"932":["fish/fish120/fish8_18",2,1],"933":["fish/fish120/fish2_7",2,1],"934":["fish/fish120/fish19_13",2,1],"935":["fish/fish120/fish19_6",2,1],"936":["fish/fish120/fish16_10",2,1],"937":["fish/fish120/fish6_3",2,1],"938":["fish/fish120/fish5_3",2,1],"939":["fish/fish120/dead_7",2,1],"940":["fish/fish120/fish18_10",2,1],"941":["fish/fish120/fish8_24",2,1],"942":["fish/fish120/fish8_1",2,1],"943":["fish/fish120/fish18_2",2,1],"944":["fish/fish120/fish5_11",2,1],"945":["fish/fish120/fish9_5",2,1],"946":["fish/fish120/fish18_14",2,1],"947":["fish/fish120/fish16_7",2,1],"948":["fish/fish120/fish11_6",2,1],"949":["fish/fish120/fish14_7",2,1],"950":["fish/fish120/fish1_1",2,1],"951":["fish/fish120/fish14_4",2,1],"952":["fish/fish120/dead_5",2,1],"953":["fish/fish120/fish3_6",2,1],"954":["fish/fish120/fish9_2",2,1],"955":["fish/fish120/fish2_9",2,1],"956":["fish/fish120/fish5_7",2,1],"957":["fish/fish120/fish13_2",2,1],"958":["fish/fish120/fish5_6",2,1],"959":["fish/fish120/fish14_8",2,1],"960":["fish/fish120/fish8_19",2,1],"961":["fish/fish120/fish19_2",2,1],"962":["fish/fish120/fish14_9",2,1],"963":["fish/fish120/fish5_4",2,1],"964":["fish/fish120/fish17_10",2,1],"965":["fish/fish120/fish2_4",2,1],"966":["fish/fish120/fish7_5",2,1],"967":["fish/fish120/fish12_4",2,1],"968":["fish/fish120/fish11_8",2,1],"969":["fish/fish120/fish3_8",2,1],"970":["fish/fish120/fish19_15",2,1],"971":["fish/fish120/fish7_2",2,1],"972":["fish/fish120/fish9_14",2,1],"973":["fish/fish120/fish8_14",2,1],"974":["fish/fish120/fish2_5",2,1],"975":["fish/fish120/fish18_7",2,1],"976":["fish/fish120/fish17_1",2,1],"977":["fish/fish120/fish6_9",2,1],"978":["fish/fish120/fish19_10",2,1],"979":["fish/fish120/fish6_13",2,1],"980":["fish/fish120/fish20_10",2,1],"981":["fish/fish120/fish17_4",2,1],"982":["fish/fish120/fish9_4",2,1],"983":["fish/fish120/fish19_4",2,1],"984":["fish/fish120/fish8_5",2,1],"985":["fish/fish120/fish3_1",2,1],"986":["fish/fish120/fish16_18",2,1],"987":["fish/fish120/fish8_16",2,1],"988":["fish/fish120/fish1_2",2,1],"989":["fish/fish120/fish13_11",2,1],"990":["fish/fish120/fish7_4",2,1],"991":["fish/fish120/fish1_5",2,1],"992":["fish/fish120/fish16_4",2,1],"993":["fish/fish120/fish8_21",2,1],"994":["fish/fish120/fish9_7",2,1],"995":["fish/fish120/fish13_6",2,1],"996":["fish/fish120/fish8_11",2,1],"997":["fish/fish120/dead_9",2,1],"998":["fish/fish120/fish9_12",2,1],"999":["fish/fish120/fish13_1",2,1],"1000":["fish/fish120/fish8_22",2,1],"1001":["fish/fish120/fish15_6",2,1],"1002":["fish/fish120/fish8_3",2,1],"1003":["fish/fish120/fish8_8",2,1],"1004":["fish/fish120/fish5_5",2,1],"1005":["fish/fish120/fish16_13",2,1],"1006":["fish/fish120/fish13_3",2,1],"1007":["fish/fish120/fish20_15",2,1],"1008":["fish/fish120/fish4_7",2,1],"1009":["fish/fish120/fish4_6",2,1],"1010":["fish/fish120/fish14_17",2,1],"1011":["fish/fish120/fish15_8",2,1],"1012":["fish/fish120/fish11_9",2,1],"1013":["fish/fish120/fish16_6",2,1],"1014":["fish/fish120/fish18_8",2,1],"1015":["fish/fish120/fish13_8",2,1],"1016":["fish/fish120/fish1_3",2,1],"1017":["fish/fish120/fish14_13",2,1],"1018":["fish/fish120/fish2_3",2,1],"1019":["fish/fish120/fish18_11",2,1],"1020":["fish/fish120/fish10_4",2,1],"1021":["fish/fish120/fish13_4",2,1],"1022":["fish/fish120/fish6_4",2,1],"1023":["fish/fish120/fish18_4",2,1],"1024":["fish/fish120/dead_12",2,1],"1025":["fish/fish120/fish8_17",2,1],"1026":["fish/fish120/dead_6",2,1],"1027":["fish/fish120/fish16_9",2,1],"1028":["fish/fish120/fish15_12",2,1],"1029":["fish/fish120/fish15_7",2,1],"1030":["fish/fish120/fish18_1",2,1],"1031":["fish/fish120/fish6_5",2,1],"1032":["fish/fish120/fish17_9",2,1],"1033":["fish/fish120/fish10_9",2,1],"1034":["fish/fish120/fish1_7",2,1],"1035":["fish/fish120/fish10_8",2,1],"1036":["fish/fish120/fish8_2",2,1],"1037":["fish/fish120/fish8_23",2,1],"1038":["fish/fish120/fish8_6",2,1],"1039":["fish/fish120/fish11_7",2,1],"1040":["fish/fish120/fish3_7",2,1],"1041":["fish/fish120/fish20_8",2,1],"1042":["fish/fish120/fish15_3",2,1],"1043":["fish/fish120/fish14_2",2,1],"1044":["fish/fish120/fish6_6",2,1],"1045":["fish/fish120/dead_4",2,1],"1046":["fish/fish120/dead_8",2,1],"1047":["fish/fish120/fish11_1",2,1],"1048":["fish/fish120/fish14_19",2,1],"1049":["fish/fish120/fish1_9",2,1],"1050":["fish/fish120/fish10_5",2,1],"1051":["fish/fish120/fish9_13",2,1],"1052":["fish/fish120/fish16_14",2,1],"1053":["fish/fish120/fish17_15",2,1],"1054":["fish/fish120/fish8_7",2,1],"1055":["fish/fish120/fish19_8",2,1],"1056":["fish/fish120/fish17_8",2,1],"1057":["fish/fish120/fish20_12",2,1],"1058":["fish/fish120/fish7_1",2,1],"1059":["fish/fish120/fish16_8",2,1],"1060":["fish/fish120/fish8_20",2,1],"1061":["fish/fish120/fish2_2",2,1],"1062":["fish/fish120/fish15_2",2,1],"1063":["fish/fish120/fish20_11",2,1],"1064":["fish/fish120/fish6_12",2,1],"1065":["fish/fish120/fish3_4",2,1],"1066":["fish/fish120/dead_10",2,1],"1067":["fish/fish120/fish9_1",2,1],"1068":["fish/fish120/fish12_2",2,1],"1069":["fish/fish120/fish5_10",2,1],"1070":["fish/fish120/fish6_8",2,1],"1071":["fish/fish120/fish18_13",2,1],"1072":["fish/fish120/fish20_6",2,1],"1073":["fish/fish120/fish19_16",2,1],"1074":["fish/fish120/fish14_1",2,1],"1075":["fish/fish120/fish6_11",2,1],"1076":["fish/fish120/fish19_14",2,1],"1077":["fish/fish120/fish19_1",2,1],"1078":["fish/fish120/fish16_3",2,1],"1079":["fish/fish120/fish16_5",2,1],"1080":["fish/fish120/fish20_2",2,1],"1081":["fish/fish120/fish15_4",2,1],"1082":["fish/fish120/fish13_9",2,1],"1083":["fish/fish120/fish15_10",2,1],"1084":["fish/fish120/fish7_8",2,1],"1085":["fish/fish120/fish12_7",2,1],"1086":["fish/fish120/fish19_12",2,1],"1087":["fish/fish120/fish18_15",2,1],"1088":["fish/fish120/fish8_9",2,1],"1089":["fish/fish120/fish14_15",2,1],"1090":["fish/fish120/fish4_4",2,1],"1091":["fish/fish120/fish4_5",2,1],"1092":["fish/fish120/fish17_7",2,1],"1093":["fish/fish120/fish14_11",2,1],"1094":["fish/fish120/fish5_15",2,1],"1095":["fish/fish120/fish10_3",2,1],"1096":["fish/fish120/fish19_7",2,1],"1097":["fish/fish120/fish16_15",2,1],"1098":["fish/fish120/fish14_14",2,1],"1099":["fish/fish120/fish14_6",2,1],"1100":["fish/fish120/fish17_5",2,1],"1101":["fish/fish120/fish20_5",2,1],"1102":["fish/fish120/fish6_2",2,1],"1103":["fish/fish120/fish9_9",2,1],"1104":["scene/bg5guangpls",3,1],"1105":["scene/bg5guangpls/bg5guang1_3",2,1],"1106":["scene/bg5guangpls/bg5guang0_3",2,1],"1107":["scene/bg5guangpls/bg5guang1_5",2,1],"1108":["scene/bg5guangpls/bg5guang2_1",2,1],"1109":["scene/bg5guangpls/bg5guang0_7",2,1],"1110":["scene/bg5guangpls/bg5guang1_8",2,1],"1111":["scene/bg5guangpls/bg5guang1_2",2,1],"1112":["scene/bg5guangpls/bg5guang2_2",2,1],"1113":["scene/bg5guangpls/bg5guang0_1",2,1],"1114":["scene/bg5guangpls/bg5guang2_5",2,1],"1115":["scene/bg5guangpls/bg5guang1_9",2,1],"1116":["scene/bg5guangpls/bg5guang1_6",2,1],"1117":["scene/bg5guangpls/bg5guang1_1",2,1],"1118":["scene/bg5guangpls/bg5guang0_5",2,1],"1119":["scene/bg5guangpls/bg5guang0_9",2,1],"1120":["scene/bg5guangpls/bg5guang0_4",2,1],"1121":["scene/bg5guangpls/bg5guang2_4",2,1],"1122":["scene/bg5guangpls/bg5guang0_8",2,1],"1123":["scene/bg5guangpls/bg5guang1_7",2,1],"1124":["scene/bg5guangpls/bg5guang2_9",2,1],"1125":["scene/bg5guangpls/bg5guang2_10",2,1],"1126":["scene/bg5guangpls/bg5guang2_7",2,1],"1127":["scene/bg5guangpls/bg5guang0_2",2,1],"1128":["scene/bg5guangpls/bg5guang2_8",2,1],"1129":["scene/bg5guangpls/bg5guang1_4",2,1],"1130":["scene/bg5guangpls/bg5guang2_6",2,1],"1131":["scene/bg5guangpls/bg5guang2_3",2,1],"1132":["scene/bg5guangpls/bg5guang0_6",2,1],"1133":["common/lock",3,1],"1134":["common/lock/lock_1",2,1],"1135":["common/lock/lock_1_1",2,1],"1136":["fish/fish23",3,1],"1137":["fish/fish23/fish23_11",2,1],"1138":["fish/fish23/fish23_10",2,1],"1139":["fish/fish23/fish23_7",2,1],"1140":["fish/fish23/fish23_2",2,1],"1141":["fish/fish23/fish23_8",2,1],"1142":["fish/fish23/fish23_6",2,1],"1143":["fish/fish23/fish23_3",2,1],"1144":["fish/fish23/fish23_13",2,1],"1145":["fish/fish23/fish23_12",2,1],"1146":["fish/fish23/fish23_9",2,1],"1147":["fish/fish23/fish23_1",2,1],"1148":["fish/fish23/fish23_17",2,1],"1149":["fish/fish23/fish23_5",2,1],"1150":["fish/fish23/fish23_16",2,1],"1151":["fish/fish23/fish23_4",2,1],"1152":["fish/fish23/fish23_15",2,1],"1153":["fish/fish23/fish23_14",2,1],"1154":["battery/pao-2/texture",1,1],"1155":["fish/fish63",3,1],"1156":["fish/fish63/fish63_8",2,1],"1157":["fish/fish63/fish63_5",2,1],"1158":["fish/fish63/fish63_4",2,1],"1159":["fish/fish63/fish63_6",2,1],"1160":["fish/fish63/fish63_3",2,1],"1161":["fish/fish63/fish63_1",2,1],"1162":["fish/fish63/fish63_10",2,1],"1163":["fish/fish63/fish63_2",2,1],"1164":["fish/fish63/fish63_9",2,1],"1165":["fish/fish63/fish63_7",2,1],"1166":["fish/fish63/fish63_11",2,1],"1167":["effect/dead",3,1],"1168":["effect/dead/dead_3",2,1],"1169":["effect/dead/dead_11",2,1],"1170":["effect/dead/dead_14",2,1],"1171":["effect/dead/dead_13",2,1],"1172":["effect/dead/dead_1",2,1],"1173":["effect/dead/dead_2",2,1],"1174":["effect/dead/dead_7",2,1],"1175":["effect/dead/dead_5",2,1],"1176":["effect/dead/dead_9",2,1],"1177":["effect/dead/dead_12",2,1],"1178":["effect/dead/dead_6",2,1],"1179":["effect/dead/dead_4",2,1],"1180":["effect/dead/dead_8",2,1],"1181":["effect/dead/dead_10",2,1],"1182":["effect/yellowraylinepls/texture",1,1],"1183":["scene/paopao/texture",1,1],"1184":["scene/bg2guangpls",3,1],"1185":["scene/bg2guangpls/bg2guang0_3",2,1],"1186":["scene/bg2guangpls/bg2guang1_1",2,1],"1187":["scene/bg2guangpls/bg2guang1_6",2,1],"1188":["scene/bg2guangpls/bg2guang1_8",2,1],"1189":["scene/bg2guangpls/bg2guang0_5",2,1],"1190":["scene/bg2guangpls/bg2guang1_5",2,1],"1191":["scene/bg2guangpls/bg2guang0_10",2,1],"1192":["scene/bg2guangpls/bg2guang0_2",2,1],"1193":["scene/bg2guangpls/bg2guang0_6",2,1],"1194":["scene/bg2guangpls/bg2guang1_7",2,1],"1195":["scene/bg2guangpls/bg2guang0_9",2,1],"1196":["scene/bg2guangpls/bg2guang0_7",2,1],"1197":["scene/bg2guangpls/bg2guang1_2",2,1],"1198":["scene/bg2guangpls/bg2guang1_10",2,1],"1199":["scene/bg2guangpls/bg2guang0_8",2,1],"1200":["scene/bg2guangpls/bg2guang0_4",2,1],"1201":["scene/bg2guangpls/bg2guang1_3",2,1],"1202":["scene/bg2guangpls/bg2guang1_9",2,1],"1203":["scene/bg2guangpls/bg2guang0_1",2,1],"1204":["scene/bg2guangpls/bg2guang1_4",2,1],"1205":["effect/baozha/texture",1,1],"1206":["scene/bg7guangpls/texture",1,1],"1209":["fnt/battle2",0,1],"1210":["music/effect/boyugly",9,1],"1211":["battery/pao-5",4,1],"1213":["bullets/1jizidan/texture",1,1],"1216":["effect/zhuanshi1",6,1],"1217":["battery/pao-2",5,1],"1218":["bullets/hit_pifu1",5,1],"1219":["effect/bz3",6,1],"1220":["bullets/1jizidan",0,1],"1221":["music/effect/lunpanyinxiao",9,1],"1224":["fnt/paobei",0,1],"1225":["effect/bz1",6,1],"1229":["effect/luanpanda",0,1],"1230":["effect/luanpanda/spriteFrame",2,1],"1231":["common/room_1",0,1],"1232":["music/effect/chanescene",9,1],"1233":["effect/baozha2",0,1],"1234":["music/bgm/bgm4",9,1],"1235":["bullets/hit_pifu3",0,1],"1236":["common/changegun",0,1],"1237":["battery/cannon_norm",0,1],"1238":["music/effect/qihang",9,1],"1239":["bullets/bullet_pifu3",5,1],"1240":["battery/pao-7",0,1],"1241":["music/effect/updownpao",9,1],"1242":["effect/bossWarn",0,1],"1243":["effect/bossWarn/spriteFrame",2,1],"1244":["effect/bp3",6,1],"1245":["bullets/hit_1ji",5,1],"1246":["bullets/hit_pifu2",4,1],"1247":["music/bgm/bossbgm",9,1],"1248":["music/effect/bossdrop",9,1],"1249":["bullets/yuwang-5",4,1],"1250":["prefabs/prefabs_fish_auto_exit",8,1],"1251":["effect/hua3",6,1],"1252":["bullets/zidan-3",4,1],"1253":["music/effect/thunderflight",9,1],"1254":["music/bgm/bgm6",9,1],"1255":["music/bgm/bgm2",9,1],"1256":["music/effect/girlhujiu",9,1],"1257":["effect/chijinbi",6,1],"1258":["battery/pao-5",5,1],"1259":["music/effect/deadfishcoin",9,1],"1260":["scene/SeaWave",0,1],"1261":["effect/zhuanshi3",6,1],"1262":["music/effect/girlchengli",9,1],"1263":["scene/bg4guangpls",0,1],"1264":["fnt/hitnumber1_0",0,1],"1265":["effect/greenraylinepls",0,1],"1266":["music/effect/coinluoru",9,1],"1267":["scene/bg6guangpls",0,1],"1268":["bullets/yuwang-5",5,1],"1269":["effect/liumangxing",0,1],"1270":["effect/liumangxing/spriteFrame",2,1],"1271":["effect/YB2",6,1],"1272":["scene/bg2",0,1],"1273":["scene/bg2/spriteFrame",2,1],"1274":["music/bgm/bgm5",9,1],"1275":["common/common01",0,1],"1276":["fnt/zhuanpanft",0,1],"1277":["effect/chijinbi",0,1],"1278":["fnt/jiesuanfu_0",0,1],"1281":["prefabs/prefabs_fish_nomoney_hit",8,1],"1282":["music/effect/bossjisha2",9,1],"1283":["music/effect/boybaoyuan",9,1],"1284":["battery/pao-4",4,1],"1285":["effect/changepao",0,1],"1286":["battery/pao-5",0,1],"1287":["bullets/hit_pifu2",0,1],"1288":["battery/pao-6",4,1],"1289":["fish/fish64",0,1],"1290":["fish/fish64/spriteFrame",2,1],"1291":["fish/fish62",0,1],"1292":["music/effect/boywang",9,1],"1293":["common/bg_common_loading",0,1],"1294":["fish/fish23",0,1],"1295":["fnt/zhuanpanft1",0,1],"1296":["music/effect/girlhelp",9,1],"1297":["bullets/zidan-cth",4,1],"1298":["effect/paohuo",0,1],"1299":["bullets/bullet_pifu4",5,1],"1300":["prefabs/prefabs_fish_room",8,1],"1301":["effect/zhuanshi2",6,1],"1302":["bullets/hit_pifu1",4,1],"1303":["effect/bigfish",0,1],"1304":["battery/pao-2",4,1],"1305":["bullets/bullet_pifu2",4,1],"1306":["battery/pao-4",0,1],"1307":["music/effect/zhadantong2",9,1],"1308":["battery/pao-6",5,1],"1309":["bullets/bullet_pifu2",0,1],"1310":["music/effect/girlpengyou",9,1],"1311":["scene/bg1",0,1],"1312":["scene/bg1/spriteFrame",2,1],"1313":["effect/hua1",6,1],"1314":["common/nengliangpao",0,1],"1315":["bullets/zidan-3",0,1],"1316":["bullets/bullet_pifu2",5,1],"1317":["battery/pao-7",4,1],"1318":["effect/huangzhuanpan",0,1],"1319":["effect/huangzhuanpan/spriteFrame",2,1],"1320":["bullets/bullet_pifu1",0,1],"1321":["prefabs/prefabs_fish_main",8,1],"1322":["bullets/zidan-cth",0,1],"1323":["bullets/bullet_pifu4",4,1],"1324":["bullets/bullet_pifu3",0,1],"1325":["scene/bg6",0,1],"1326":["scene/bg6/spriteFrame",2,1],"1327":["bullets/zidan-cth",5,1],"1328":["music/effect/grilfriend",9,1],"1329":["battery/pao-6",0,1],"1330":["battery/pao-1",4,1],"1331":["bullets/hit_pifu4",0,1],"1332":["prefabs/prefabs_fish_control",8,1],"1333":["music/effect/bosscoming",9,1],"1336":["bullets/hit_pifu1",0,1],"1337":["bullets/bullet_pifu1",5,1],"1338":["battery/pao-3",5,1],"1339":["effect/hua4",6,1],"1340":["fnt/scorelosenum_0",0,1],"1341":["battery/pao-1",5,1],"1342":["bullets/hit_1ji",4,1],"1343":["bullets/yuwang-5",0,1],"1344":["fish/fish21",0,1],"1345":["fish/fish72",0,1],"1346":["scene/bg2guangpls",0,1],"1347":["bullets/bullet_pifu5",5,1],"1348":["battery/pao-1",0,1],"1349":["scene/shuiyin",0,1],"1350":["scene/shuiyin/spriteFrame",2,1],"1351":["effect/bosscoming",0,1],"1352":["scene/bg3",0,1],"1353":["scene/bg3/spriteFrame",2,1],"1354":["bullets/yuwang-3",4,1],"1355":["scene/bg3guangpls",0,1],"1356":["music/effect/boyfollow",9,1],"1357":["bullets/hit_pifu5",4,1],"1358":["music/effect/girlbaoyuan",9,1],"1359":["music/effect/sendpao",9,1],"1363":["battery/pao-7",5,1],"1364":["music/effect/qianshui",9,1],"1365":["fnt/scorewinnum_0",0,1],"1366":["fish/fish63",0,1],"1367":["common/room_2",0,1],"1368":["fnt/fishdeadlabel1",0,1],"1369":["effect/zhuanshi4",6,1],"1370":["fnt/jiesuanzheng_0",0,1],"1371":["fnt/hitnumber_0",0,1],"1372":["prefabs/ui_battery_4",8,1],"1373":["bullets/hit_pifu3",5,1],"1374":["common/room_3",0,1],"1378":["effect/dead",0,1],"1379":["music/effect/paoupdate",9,1],"1380":["bullets/hit_pifu5",5,1],"1381":["music/bgm/bgm1",9,1],"1382":["fnt/hitnumber",0,1],"1383":["battery/pao-4",5,1],"1384":["bullets/zidan-3",5,1],"1385":["effect/YB1",6,1],"1386":["music/bgm/bgm3",9,1],"1387":["music/effect/girlchengzan",9,1],"1388":["effect/jinengguangxiao",0,1],"1389":["common/battleroom",0,1],"1390":["effect/bp4",6,1],"1391":["fnt/fishdeadlabel",0,1],"1392":["effect/coin",0,1],"1393":["music/effect/lottery",9,1],"1394":["scene/bg1guangpls",0,1],"1395":["fish/fish52",0,1],"1396":["bullets/bullet_pifu3",4,1],"1397":["effect/hua2",6,1],"1398":["music/effect/boyalive",9,1],"1399":["scene/bg7",0,1],"1400":["scene/bg7/spriteFrame",2,1],"1401":["music/bgm/bgm7",9,1],"1402":["bullets/bullet_pifu5",0,1],"1403":["fish/fish74",0,1],"1404":["fish/fish74/spriteFrame",2,1],"1405":["fish/fish24",0,1],"1406":["fnt/countime",0,1],"1407":["bullets/hit_pifu5",0,1],"1408":["fish/fish28",0,1],"1409":["bullets/yuwang-3",5,1],"1410":["music/effect/beckon",9,1],"1411":["effect/bp1",6,1],"1412":["bullets/bullet_pifu4",0,1],"1413":["music/effect/zhadantong1",9,1],"1414":["battery/pao-2",0,1],"1415":["music/effect/boyhujiu",9,1],"1416":["effect/yellowraylinepls",0,1],"1417":["prefabs/ui_battery_2",8,1],"1418":["effect/bz4",6,1],"1419":["scene/paopao",0,1],"1420":["bullets/hit_pifu2",5,1],"1421":["bullets/bullet_pifu5",4,1],"1422":["battery/pao-3",4,1],"1423":["music/effect/bossjisha",9,1],"1424":["effect/baozha",0,1],"1425":["bullets/hit_pifu3",4,1],"1429":["scene/bg7guangpls",0,1]},"scenes":{},"packs":{"010a2ec30":[10,11,12,13,36,14,37,15,38,16,39,17,40,18,41,19,42,20,43,21,44,22,45,23,46,47,48,49,50,51,52,53,54,55,56,57,58,59,60],"011781a86":[470,471,472,473,474,475,476,477,478,479,480],"0153debb3":[113,136,1213,1223,156,167,28,171,282,283,285,287,289,301,302,303,304,294,296,306,351,436,437,466,468,469,530,532,533,1207,137,163,246,262,281,307,383,439,111,463,465,481,527,1214,165,258,261,67,290,1279,440,164,243,66,1227,464,1334,158,8,260,65,438,112,139,166,534,535,539,540,541,538,537,1361,544,542,578,591,593,576,634,1376,637,638,646,647,738,739,742,736,777,740,743,771,778,780,789,823,1154,1182,1205,1183,1427,1206],"018b9c502":[9,0,528],"01c925c17":[792,793,794,795,796,797,798,799,800,801,802,803,804,805,806,807,808,809,810,811,812,813,814,815,816,817,818,819,820,821,822],"021a61842":[441,442,443,444,445,446,447,448,449,450,451,452,453,454,455,456,457,458,459,460,461,462],"029486530":[1104,1105,1106,1107,1108,1109,1110,1111,1112,1113,1114,1115,1116,1117,1118,1119,1120,1121,1122,1123,1124,1125,1126,1127,1128,1129,1130,1131,1132],"029f4124b":[406,407,408,409,410,411,412,413,414,415,416,417,418],"02c49a91d":[505,506,507,508,509,510,511,512,513,514,515,516,517,518,519,520],"032a13f36":[1,157,168,172,173,174,175,176,177,178,179,180,181,182,183,184,185,186,187,188,189,190,191,192,193,194,195,237,238,239,240,241,242,291,295,309,310,311,312,313,314,315,316,317,318,319,320,321,322,323,324,325,326,327,328,329,330,331,332,333,334,335,336,337,338,339,340,341,342,343,344,345,346,347,348,349,350,529,543,648,649,650,651,652,653,654,655,656,657,658,659,660,661,662,663,664,665,666,667,668,669,670,671,672,673,674,675,676,677,678,679,680,681,682,683,684,685,686,687,688,689,690,691,692,693,694,695,696,697,698,699,700,701,702,703,704,705,706,707,708,709,710,711,712,713,714,715,716,717,718,719,720,721,722,723,724,725,726,727,728,729,730,731,732,733,734,735],"035608f95":[197,198,199,200,201,202,203,204,205,206,207,208,209,210,211,212,213,214,215,216,217,218,219,220,221,222,223,224,225,226,227,228,229,230,231,232,233,234,235],"035aaa8e8":[772,773,774,775,776],"03747193f":[595,596,597,598,599,600,601,602,603,604,605,606,607,608,609,610,611,612,613,614,615,616,617,618,619,620,621,622,623,624,625],"037520214":[245,1362,1428],"043a99eb3":[284,292],"04429181e":[626,627,628,629,630,631,632,633],"044cc74f9":[824,825,826,827,828,829,830,831,832,833,834,835,836,837,838,839,840,841,842,843,844,845,846,847,848,849,850,851,852,853,854,855,856,857,858,859,860,861,862,863,864,865,866,867,868,869,870,871,872,873,874,875,876,877,878,879,880,881,882,883,884,885,886,887,888,889,890,891,892,893,894,895,896,897,898,899,900,901,902,903,904,905,906,907,908,909,910,911,912,913,914,915,916,917,918,919,920,921,922,923,924,925,926,927,928,929,930,931,932,933,934,935,936,937,938,939,940,941,942,943,944,945,946,947,948,949,950,951,952,953,954,955,956,957,958,959,960,961,962,963,964,965,966,967,968,969,970,971,972,973,974,975,976,977,978,979,980,981,982,983,984,985,986,987,988,989,990,991,992,993,994,995,996,997,998,999,1000,1001,1002,1003,1004,1005,1006,1007,1008,1009,1010,1011,1012,1013,1014,1015,1016,1017,1018,1019,1020,1021,1022,1023,1024,1025,1026,1027,1028,1029,1030,1031,1032,1033,1034,1035,1036,1037,1038,1039,1040,1041,1042,1043,1044,1045,1046,1047,1048,1049,1050,1051,1052,1053,1054,1055,1056,1057,1058,1059,1060,1061,1062,1063,1064,1065,1066,1067,1068,1069,1070,1071,1072,1073,1074,1075,1076,1077,1078,1079,1080,1081,1082,1083,1084,1085,1086,1087,1088,1089,1090,1091,1092,1093,1094,1095,1096,1097,1098,1099,1100,1101,1102,1103],"04569c56a":[531,636],"048fee4e0":[236,592],"05369600b":[1208,1215,170,1377],"05754d1a2":[594,791],"05a209ed5":[639,640,641,642,643,644,645],"0655d4afa":[352,353,354,355,356,357,358,359,360,361,362,363,364,365,366,367,368,369,370,371,372,373,374,375,376,377,378,379,380,381,382],"0695a8471":[263,264,265,266,267,268,269,270,271,272,273,274,275,276,277,278,279,280],"06ae0390e":[744,745,746,747,748,749,750,751,752,753,754,755,756,757,758,759,760,761,762,763,764,765,766,767,768,769,770],"07383645c":[153,259],"08089332c":[106,1228,1280,1335],"08a9d792e":[419,420,421,422,423,424,425,426,427,428,429,430,431,432,433,434],"08edf99e1":[522,523,524,525,526],"0907cc64e":[1167,1168,1169,1170,1171,1172,1173,1174,1175,1176,1177,1178,1179,1180,1181],"0950dd423":[580,581,582,583,584,585,586,587,588,589,590],"095ae0568":[536,579],"09e48e0ce":[1184,1185,1186,1187,1188,1189,1190,1191,1192,1193,1194,1195,1196,1197,1198,1199,1200,1201,1202,1203,1204],"0a60fefe0":[169,779],"0a81ce659":[1136,1137,1138,1139,1140,1141,1142,1143,1144,1145,1146,1147,1148,1149,1150,1151,1152,1153],"0abe7e29d":[196,288],"0ae3da36d":[293,308,384,386,387,388,389,390,391,392,393,394,395,396,397,398,399,400,401,402,403,404,405],"0b43b2330":[781,782,783,784,785,786,787,788],"0b9e31972":[482,483,484,485,486,487,488,489,490,491,492],"0bb37669d":[1155,1156,1157,1158,1159,1160,1161,1162,1163,1164,1165,1166],"0c90bed4c":[159,305,577,635,741],"0db8be50d":[545,546,547,548,549,550,551,552,553,554,555,556,557,558,559,560,561,562,563,564,565,566,567,568,569,570,571,572,573,574,575],"0dfbaf2c0":[160,161,162],"0ec44b381":[286,737],"0ec666ec7":[86,87,70,71,72,88,73,74,75,89,76,77,78,90,79,91,92,93,94,95,96,97,98,99,100,101],"0f1ab9054":[138,790],"0f6e7844a":[493,494,495,496,497,498,499,500,501,502,503],"0f77fdf02":[244,0,385,435,467,504],"0fa02d231":[247,248,249,250,251,252,253,254,255,256,257],"0ff63b521":[1133,1134]},"versions":{"import":[],"native":[]},"redirect":[68,"0",69,"0",1135,"0"],"debug":false,"extensionMap":{},"hasPreloadScript":true,"dependencyRelationships":{},"types":["cc.ImageAsset","cc.Texture2D","cc.SpriteFrame","cc.SpriteAtlas","cc.Asset","sp.SkeletonData","cc.ParticleAsset","cc.BitmapFont","cc.Prefab","cc.AudioClip"]}