[1,["e7VNkBN1hHkKwa9EbrBy1o@6c48a"],["_textureSource"],["cc.SpriteFrame"],0,[{"name":"bg_ls_zuom_lan","rect":{"x":0,"y":0,"width":90,"height":42},"offset":{"x":0,"y":0},"originalSize":{"width":90,"height":42},"rotated":false,"capInsets":[0,0,0,0],"vertices":{"rawPosition":[-45,-21,0,45,-21,0,-45,21,0,45,21,0],"indexes":[0,1,2,2,1,3],"uv":[0,42,90,42,0,0,90,0],"nuv":[0,0,1,0,0,1,1,1],"minPos":{"x":-45,"y":-21,"z":0},"maxPos":{"x":45,"y":21,"z":0}},"packable":true,"pixelsToUnit":100,"pivot":{"x":0.5,"y":0.5},"meshType":0}],[0],0,[0],[0],[0]]
