[1,["21d4LY37FHOLZnx78z1gH8@6c48a"],["_textureSource"],["cc.SpriteFrame"],0,[{"name":"common_payline_tips3_10","rect":{"x":21,"y":13,"width":342,"height":296},"offset":{"x":-8,"y":-1},"originalSize":{"width":400,"height":320},"rotated":false,"capInsets":[0,0,0,0],"vertices":{"rawPosition":[-171,-148,0,171,-148,0,-171,148,0,171,148,0],"indexes":[0,1,2,2,1,3],"uv":[21,307,363,307,21,11,363,11],"nuv":[0.0525,0.034375,0.9075,0.034375,0.0525,0.959375,0.9075,0.959375],"minPos":{"x":-171,"y":-148,"z":0},"maxPos":{"x":171,"y":148,"z":0}},"packable":true,"pixelsToUnit":100,"pivot":{"x":0.5,"y":0.5},"meshType":0}],[0],0,[0],[0],[0]]
