[1,["21rZzz6DFN1KENwm9lg2Gg@6c48a"],["_textureSource"],["cc.SpriteFrame"],0,[{"name":"zuo1","rect":{"x":0,"y":0,"width":662,"height":777},"offset":{"x":0,"y":0},"originalSize":{"width":662,"height":777},"rotated":false,"capInsets":[0,0,0,0],"vertices":{"rawPosition":[-331,-388.5,0,331,-388.5,0,-331,388.5,0,331,388.5,0],"indexes":[0,1,2,2,1,3],"uv":[0,777,662,777,0,0,662,0],"nuv":[0,0,1,0,0,1,1,1],"minPos":{"x":-331,"y":-388.5,"z":0},"maxPos":{"x":331,"y":388.5,"z":0}},"packable":true,"pixelsToUnit":100,"pivot":{"x":0.5,"y":0.5},"meshType":0}],[0],0,[0],[0],[0]]
