[1,["219i1X6gREd6sfqagaIXki@6c48a"],["_textureSource"],["cc.SpriteFrame"],0,[{"name":"ocean_icon_j","rect":{"x":0,"y":0,"width":481,"height":480},"offset":{"x":0,"y":0},"originalSize":{"width":481,"height":480},"rotated":false,"capInsets":[0,0,0,0],"vertices":{"rawPosition":[-240.5,-240,0,240.5,-240,0,-240.5,240,0,240.5,240,0],"indexes":[0,1,2,2,1,3],"uv":[0,480,481,480,0,0,481,0],"nuv":[0,0,1,0,0,1,1,1],"minPos":{"x":-240.5,"y":-240,"z":0},"maxPos":{"x":240.5,"y":240,"z":0}},"packable":true,"pixelsToUnit":100,"pivot":{"x":0.5,"y":0.5},"meshType":0}],[0],0,[0],[0],[0]]
