[1,["25zQvex9JBZIDx11k1DC3I@6c48a","dcl+H67DZN9LVQYQW7awqq@1b807","dcl+H67DZN9LVQYQW7awqq@8d734","dcl+H67DZN9LVQYQW7awqq@cb405","dcl+H67DZN9LVQYQW7awqq@6b63d","dcl+H67DZN9LVQYQW7awqq@bf5ca","dcl+H67DZN9LVQYQW7awqq@ce521","dcl+H67DZN9LVQYQW7awqq@f4d37"],["_textureSource"],["cc.SpriteFrame","cc.SpriteAtlas"],0,[[[{"name":"baozha2","spriteFrames":["baozha2_1","dcl+H67DZN9LVQYQW7awqq@1b807","baozha2_2","dcl+H67DZN9LVQYQW7awqq@8d734","baozha2_3","dcl+H67DZN9LVQYQW7awqq@cb405","baozha2_4","dcl+H67DZN9LVQYQW7awqq@6b63d","baozha2_5","dcl+H67DZN9LVQYQW7awqq@bf5ca","baozha2_6","dcl+H67DZN9LVQYQW7awqq@ce521","baozha2_7","dcl+H67DZN9LVQYQW7awqq@f4d37"]}],[1],0,[0,0,0,0,0,0,0],[0,0,0,0,0,0,0],[1,2,3,4,5,6,7]],[[{"name":"baozha2_1","rect":{"x":776,"y":274,"width":100,"height":138},"offset":{"x":6,"y":9},"originalSize":{"width":550,"height":550},"rotated":false,"capInsets":[0,0,0,0],"vertices":{"rawPosition":[],"indexes":[],"uv":[],"nuv":[],"minPos":{"x":0,"y":0,"z":0},"maxPos":{"x":0,"y":0,"z":0}},"packable":true,"pixelsToUnit":100,"pivot":{"x":0.5,"y":0.5},"meshType":0}],[0],0,[0],[0],[0]],[[{"name":"baozha2_4","rect":{"x":552,"y":426,"width":384,"height":406},"offset":{"x":-16,"y":14},"originalSize":{"width":550,"height":550},"rotated":true,"capInsets":[0,0,0,0],"vertices":{"rawPosition":[],"indexes":[],"uv":[],"nuv":[],"minPos":{"x":0,"y":0,"z":0},"maxPos":{"x":0,"y":0,"z":0}},"packable":true,"pixelsToUnit":100,"pivot":{"x":0.5,"y":0.5},"meshType":0}],[0],0,[0],[0],[0]],[[{"name":"baozha2_2","rect":{"x":776,"y":2,"width":244,"height":270},"offset":{"x":-4,"y":8},"originalSize":{"width":550,"height":550},"rotated":false,"capInsets":[0,0,0,0],"vertices":{"rawPosition":[],"indexes":[],"uv":[],"nuv":[],"minPos":{"x":0,"y":0,"z":0},"maxPos":{"x":0,"y":0,"z":0}},"packable":true,"pixelsToUnit":100,"pivot":{"x":0.5,"y":0.5},"meshType":0}],[0],0,[0],[0],[0]],[[{"name":"baozha2_5","rect":{"x":2,"y":2,"width":452,"height":352},"offset":{"x":-22,"y":11},"originalSize":{"width":550,"height":550},"rotated":true,"capInsets":[0,0,0,0],"vertices":{"rawPosition":[],"indexes":[],"uv":[],"nuv":[],"minPos":{"x":0,"y":0,"z":0},"maxPos":{"x":0,"y":0,"z":0}},"packable":true,"pixelsToUnit":100,"pivot":{"x":0.5,"y":0.5},"meshType":0}],[0],0,[0],[0],[0]],[[{"name":"baozha2_3","rect":{"x":2,"y":456,"width":314,"height":338},"offset":{"x":-10,"y":12},"originalSize":{"width":550,"height":550},"rotated":false,"capInsets":[0,0,0,0],"vertices":{"rawPosition":[],"indexes":[],"uv":[],"nuv":[],"minPos":{"x":0,"y":0,"z":0},"maxPos":{"x":0,"y":0,"z":0}},"packable":true,"pixelsToUnit":100,"pivot":{"x":0.5,"y":0.5},"meshType":0}],[0],0,[0],[0],[0]],[[{"name":"baozha2_6","rect":{"x":356,"y":2,"width":418,"height":422},"offset":{"x":-2,"y":14},"originalSize":{"width":550,"height":550},"rotated":false,"capInsets":[0,0,0,0],"vertices":{"rawPosition":[],"indexes":[],"uv":[],"nuv":[],"minPos":{"x":0,"y":0,"z":0},"maxPos":{"x":0,"y":0,"z":0}},"packable":true,"pixelsToUnit":100,"pivot":{"x":0.5,"y":0.5},"meshType":0}],[0],0,[0],[0],[0]],[[{"name":"baozha2_7","rect":{"x":318,"y":456,"width":290,"height":232},"offset":{"x":-110,"y":67},"originalSize":{"width":550,"height":550},"rotated":true,"capInsets":[0,0,0,0],"vertices":{"rawPosition":[],"indexes":[],"uv":[],"nuv":[],"minPos":{"x":0,"y":0,"z":0},"maxPos":{"x":0,"y":0,"z":0}},"packable":true,"pixelsToUnit":100,"pivot":{"x":0.5,"y":0.5},"meshType":0}],[0],0,[0],[0],[0]]]]
