[1,["25cd0bde-c7d2-4164-80f1-d759350c2dc8@6c48a","dc97e1fa-ec36-4df4-b550-6105bb6b0aaa@1b807","dc97e1fa-ec36-4df4-b550-6105bb6b0aaa@8d734","dc97e1fa-ec36-4df4-b550-6105bb6b0aaa@cb405","dc97e1fa-ec36-4df4-b550-6105bb6b0aaa@6b63d","dc97e1fa-ec36-4df4-b550-6105bb6b0aaa@bf5ca","dc97e1fa-ec36-4df4-b550-6105bb6b0aaa@ce521","dc97e1fa-ec36-4df4-b550-6105bb6b0aaa@f4d37"],["_textureSource"],["cc.SpriteFrame","cc.SpriteAtlas"],0,[[[{"name":"baozha2","spriteFrames":["baozha2_1","dc97e1fa-ec36-4df4-b550-6105bb6b0aaa@1b807","baozha2_2","dc97e1fa-ec36-4df4-b550-6105bb6b0aaa@8d734","baozha2_3","dc97e1fa-ec36-4df4-b550-6105bb6b0aaa@cb405","baozha2_4","dc97e1fa-ec36-4df4-b550-6105bb6b0aaa@6b63d","baozha2_5","dc97e1fa-ec36-4df4-b550-6105bb6b0aaa@bf5ca","baozha2_6","dc97e1fa-ec36-4df4-b550-6105bb6b0aaa@ce521","baozha2_7","dc97e1fa-ec36-4df4-b550-6105bb6b0aaa@f4d37"]}],[1],0,[0,0,0,0,0,0,0],[0,0,0,0,0,0,0],[1,2,3,4,5,6,7]],[[{"name":"baozha2_1","rect":{"x":776,"y":274,"width":100,"height":138},"offset":{"x":6,"y":9},"originalSize":{"width":550,"height":550},"rotated":false,"capInsets":[0,0,0,0],"vertices":{"rawPosition":[],"indexes":[],"uv":[],"nuv":[],"minPos":{"x":0,"y":0,"z":0},"maxPos":{"x":0,"y":0,"z":0}},"packable":true,"pixelsToUnit":100,"pivot":{"x":0.5,"y":0.5},"meshType":0}],[0],0,[0],[0],[0]],[[{"name":"baozha2_4","rect":{"x":552,"y":426,"width":384,"height":406},"offset":{"x":-16,"y":14},"originalSize":{"width":550,"height":550},"rotated":true,"capInsets":[0,0,0,0],"vertices":{"rawPosition":[],"indexes":[],"uv":[],"nuv":[],"minPos":{"x":0,"y":0,"z":0},"maxPos":{"x":0,"y":0,"z":0}},"packable":true,"pixelsToUnit":100,"pivot":{"x":0.5,"y":0.5},"meshType":0}],[0],0,[0],[0],[0]],[[{"name":"baozha2_2","rect":{"x":776,"y":2,"width":244,"height":270},"offset":{"x":-4,"y":8},"originalSize":{"width":550,"height":550},"rotated":false,"capInsets":[0,0,0,0],"vertices":{"rawPosition":[],"indexes":[],"uv":[],"nuv":[],"minPos":{"x":0,"y":0,"z":0},"maxPos":{"x":0,"y":0,"z":0}},"packable":true,"pixelsToUnit":100,"pivot":{"x":0.5,"y":0.5},"meshType":0}],[0],0,[0],[0],[0]],[[{"name":"baozha2_5","rect":{"x":2,"y":2,"width":452,"height":352},"offset":{"x":-22,"y":11},"originalSize":{"width":550,"height":550},"rotated":true,"capInsets":[0,0,0,0],"vertices":{"rawPosition":[],"indexes":[],"uv":[],"nuv":[],"minPos":{"x":0,"y":0,"z":0},"maxPos":{"x":0,"y":0,"z":0}},"packable":true,"pixelsToUnit":100,"pivot":{"x":0.5,"y":0.5},"meshType":0}],[0],0,[0],[0],[0]],[[{"name":"baozha2_3","rect":{"x":2,"y":456,"width":314,"height":338},"offset":{"x":-10,"y":12},"originalSize":{"width":550,"height":550},"rotated":false,"capInsets":[0,0,0,0],"vertices":{"rawPosition":[],"indexes":[],"uv":[],"nuv":[],"minPos":{"x":0,"y":0,"z":0},"maxPos":{"x":0,"y":0,"z":0}},"packable":true,"pixelsToUnit":100,"pivot":{"x":0.5,"y":0.5},"meshType":0}],[0],0,[0],[0],[0]],[[{"name":"baozha2_6","rect":{"x":356,"y":2,"width":418,"height":422},"offset":{"x":-2,"y":14},"originalSize":{"width":550,"height":550},"rotated":false,"capInsets":[0,0,0,0],"vertices":{"rawPosition":[],"indexes":[],"uv":[],"nuv":[],"minPos":{"x":0,"y":0,"z":0},"maxPos":{"x":0,"y":0,"z":0}},"packable":true,"pixelsToUnit":100,"pivot":{"x":0.5,"y":0.5},"meshType":0}],[0],0,[0],[0],[0]],[[{"name":"baozha2_7","rect":{"x":318,"y":456,"width":290,"height":232},"offset":{"x":-110,"y":67},"originalSize":{"width":550,"height":550},"rotated":true,"capInsets":[0,0,0,0],"vertices":{"rawPosition":[],"indexes":[],"uv":[],"nuv":[],"minPos":{"x":0,"y":0,"z":0},"maxPos":{"x":0,"y":0,"z":0}},"packable":true,"pixelsToUnit":100,"pivot":{"x":0.5,"y":0.5},"meshType":0}],[0],0,[0],[0],[0]]]]
