[1,["4543051c-8168-432f-bf7a-0d36f561f84f@6c48a","92419718-221e-42fb-ae44-c1c393c7663f@2e5e5","92419718-221e-42fb-ae44-c1c393c7663f@b49f6","92419718-221e-42fb-ae44-c1c393c7663f@f32a6","92419718-221e-42fb-ae44-c1c393c7663f@050f0","92419718-221e-42fb-ae44-c1c393c7663f@af075","92419718-221e-42fb-ae44-c1c393c7663f@e5fbf","92419718-221e-42fb-ae44-c1c393c7663f@11507","92419718-221e-42fb-ae44-c1c393c7663f@aa6ed","92419718-221e-42fb-ae44-c1c393c7663f@cfc2c","92419718-221e-42fb-ae44-c1c393c7663f@9cb2c"],["_textureSource"],["cc.SpriteFrame","cc.SpriteAtlas"],0,[[[{"name":"greenraylinepls","spriteFrames":["greenrayline1","92419718-221e-42fb-ae44-c1c393c7663f@2e5e5","greenrayline10","92419718-221e-42fb-ae44-c1c393c7663f@b49f6","greenrayline2","92419718-221e-42fb-ae44-c1c393c7663f@f32a6","greenrayline3","92419718-221e-42fb-ae44-c1c393c7663f@050f0","greenrayline4","92419718-221e-42fb-ae44-c1c393c7663f@af075","greenrayline5","92419718-221e-42fb-ae44-c1c393c7663f@e5fbf","greenrayline6","92419718-221e-42fb-ae44-c1c393c7663f@11507","greenrayline7","92419718-221e-42fb-ae44-c1c393c7663f@aa6ed","greenrayline8","92419718-221e-42fb-ae44-c1c393c7663f@cfc2c","greenrayline9","92419718-221e-42fb-ae44-c1c393c7663f@9cb2c"]}],[1],0,[0,0,0,0,0,0,0,0,0,0],[0,0,0,0,0,0,0,0,0,0],[1,2,3,4,5,6,7,8,9,10]],[[{"name":"greenrayline3","rect":{"x":2,"y":2,"width":831,"height":122},"offset":{"x":0,"y":2},"originalSize":{"width":831,"height":144},"rotated":false,"capInsets":[0,0,0,0],"vertices":{"rawPosition":[],"indexes":[],"uv":[],"nuv":[],"minPos":{"x":0,"y":0,"z":0},"maxPos":{"x":0,"y":0,"z":0}},"packable":true,"pixelsToUnit":100,"pivot":{"x":0.5,"y":0.5},"meshType":0}],[0],0,[0],[0],[0]],[[{"name":"greenrayline6","rect":{"x":2,"y":844,"width":829,"height":108},"offset":{"x":1,"y":3},"originalSize":{"width":831,"height":144},"rotated":false,"capInsets":[0,0,0,0],"vertices":{"rawPosition":[],"indexes":[],"uv":[],"nuv":[],"minPos":{"x":0,"y":0,"z":0},"maxPos":{"x":0,"y":0,"z":0}},"packable":true,"pixelsToUnit":100,"pivot":{"x":0.5,"y":0.5},"meshType":0}],[0],0,[0],[0],[0]],[[{"name":"greenrayline1","rect":{"x":2,"y":250,"width":831,"height":120},"offset":{"x":0,"y":2},"originalSize":{"width":831,"height":144},"rotated":false,"capInsets":[0,0,0,0],"vertices":{"rawPosition":[],"indexes":[],"uv":[],"nuv":[],"minPos":{"x":0,"y":0,"z":0},"maxPos":{"x":0,"y":0,"z":0}},"packable":true,"pixelsToUnit":100,"pivot":{"x":0.5,"y":0.5},"meshType":0}],[0],0,[0],[0],[0]],[[{"name":"greenrayline9","rect":{"x":833,"y":831,"width":829,"height":114},"offset":{"x":0,"y":-15},"originalSize":{"width":831,"height":144},"rotated":true,"capInsets":[0,0,0,0],"vertices":{"rawPosition":[],"indexes":[],"uv":[],"nuv":[],"minPos":{"x":0,"y":0,"z":0},"maxPos":{"x":0,"y":0,"z":0}},"packable":true,"pixelsToUnit":100,"pivot":{"x":0.5,"y":0.5},"meshType":0}],[0],0,[0],[0],[0]],[[{"name":"greenrayline7","rect":{"x":2,"y":726,"width":829,"height":116},"offset":{"x":0,"y":-12},"originalSize":{"width":831,"height":144},"rotated":false,"capInsets":[0,0,0,0],"vertices":{"rawPosition":[],"indexes":[],"uv":[],"nuv":[],"minPos":{"x":0,"y":0,"z":0},"maxPos":{"x":0,"y":0,"z":0}},"packable":true,"pixelsToUnit":100,"pivot":{"x":0.5,"y":0.5},"meshType":0}],[0],0,[0],[0],[0]],[[{"name":"greenrayline4","rect":{"x":2,"y":488,"width":831,"height":114},"offset":{"x":0,"y":-1},"originalSize":{"width":831,"height":144},"rotated":false,"capInsets":[0,0,0,0],"vertices":{"rawPosition":[],"indexes":[],"uv":[],"nuv":[],"minPos":{"x":0,"y":0,"z":0},"maxPos":{"x":0,"y":0,"z":0}},"packable":true,"pixelsToUnit":100,"pivot":{"x":0.5,"y":0.5},"meshType":0}],[0],0,[0],[0],[0]],[[{"name":"greenrayline10","rect":{"x":2,"y":126,"width":831,"height":122},"offset":{"x":0,"y":8},"originalSize":{"width":831,"height":144},"rotated":false,"capInsets":[0,0,0,0],"vertices":{"rawPosition":[],"indexes":[],"uv":[],"nuv":[],"minPos":{"x":0,"y":0,"z":0},"maxPos":{"x":0,"y":0,"z":0}},"packable":true,"pixelsToUnit":100,"pivot":{"x":0.5,"y":0.5},"meshType":0}],[0],0,[0],[0],[0]],[[{"name":"greenrayline8","rect":{"x":2,"y":604,"width":829,"height":120},"offset":{"x":1,"y":-10},"originalSize":{"width":831,"height":144},"rotated":false,"capInsets":[0,0,0,0],"vertices":{"rawPosition":[],"indexes":[],"uv":[],"nuv":[],"minPos":{"x":0,"y":0,"z":0},"maxPos":{"x":0,"y":0,"z":0}},"packable":true,"pixelsToUnit":100,"pivot":{"x":0.5,"y":0.5},"meshType":0}],[0],0,[0],[0],[0]],[[{"name":"greenrayline5","rect":{"x":2,"y":372,"width":831,"height":114},"offset":{"x":0,"y":15},"originalSize":{"width":831,"height":144},"rotated":false,"capInsets":[0,0,0,0],"vertices":{"rawPosition":[],"indexes":[],"uv":[],"nuv":[],"minPos":{"x":0,"y":0,"z":0},"maxPos":{"x":0,"y":0,"z":0}},"packable":true,"pixelsToUnit":100,"pivot":{"x":0.5,"y":0.5},"meshType":0}],[0],0,[0],[0],[0]],[[{"name":"greenrayline2","rect":{"x":835,"y":2,"width":827,"height":126},"offset":{"x":0,"y":4},"originalSize":{"width":831,"height":144},"rotated":true,"capInsets":[0,0,0,0],"vertices":{"rawPosition":[],"indexes":[],"uv":[],"nuv":[],"minPos":{"x":0,"y":0,"z":0},"maxPos":{"x":0,"y":0,"z":0}},"packable":true,"pixelsToUnit":100,"pivot":{"x":0.5,"y":0.5},"meshType":0}],[0],0,[0],[0],[0]]]]
