[1,["b16xMmKSxOkIS0LEf3U92l@6c48a"],["_textureSource"],["cc.SpriteFrame","cc.SpriteAtlas"],0,[[[{"name":"fish63","spriteFrames":["fish63_1","ebRtwhNu9HT4YG8njPbV25@b6f68","fish63_10","ebRtwhNu9HT4YG8njPbV25@ce721","fish63_11","ebRtwhNu9HT4YG8njPbV25@f05ad","fish63_2","ebRtwhNu9HT4YG8njPbV25@d5bd6","fish63_3","ebRtwhNu9HT4YG8njPbV25@87547","fish63_4","ebRtwhNu9HT4YG8njPbV25@3c8b9","fish63_5","ebRtwhNu9HT4YG8njPbV25@325a2","fish63_6","ebRtwhNu9HT4YG8njPbV25@7af78","fish63_7","ebRtwhNu9HT4YG8njPbV25@ee2e2","fish63_8","ebRtwhNu9HT4YG8njPbV25@18043","fish63_9","ebRtwhNu9HT4YG8njPbV25@eab51"]}],[1],0,[],[],[]],[[{"name":"fish63_8","rect":{"x":2,"y":2,"width":320,"height":337},"offset":{"x":0,"y":1},"originalSize":{"width":320,"height":343},"rotated":true,"capInsets":[0,0,0,0],"vertices":{"rawPosition":[],"indexes":[],"uv":[],"nuv":[],"minPos":{"x":0,"y":0,"z":0},"maxPos":{"x":0,"y":0,"z":0}},"packable":true,"pixelsToUnit":100,"pivot":{"x":0.5,"y":0.5},"meshType":0}],[0],0,[0],[0],[0]],[[{"name":"fish63_5","rect":{"x":2,"y":324,"width":320,"height":337},"offset":{"x":0,"y":1},"originalSize":{"width":320,"height":343},"rotated":true,"capInsets":[0,0,0,0],"vertices":{"rawPosition":[],"indexes":[],"uv":[],"nuv":[],"minPos":{"x":0,"y":0,"z":0},"maxPos":{"x":0,"y":0,"z":0}},"packable":true,"pixelsToUnit":100,"pivot":{"x":0.5,"y":0.5},"meshType":0}],[0],0,[0],[0],[0]],[[{"name":"fish63_4","rect":{"x":341,"y":324,"width":320,"height":337},"offset":{"x":0,"y":1},"originalSize":{"width":320,"height":343},"rotated":true,"capInsets":[0,0,0,0],"vertices":{"rawPosition":[],"indexes":[],"uv":[],"nuv":[],"minPos":{"x":0,"y":0,"z":0},"maxPos":{"x":0,"y":0,"z":0}},"packable":true,"pixelsToUnit":100,"pivot":{"x":0.5,"y":0.5},"meshType":0}],[0],0,[0],[0],[0]],[[{"name":"fish63_6","rect":{"x":680,"y":2,"width":320,"height":337},"offset":{"x":0,"y":1},"originalSize":{"width":320,"height":343},"rotated":true,"capInsets":[0,0,0,0],"vertices":{"rawPosition":[],"indexes":[],"uv":[],"nuv":[],"minPos":{"x":0,"y":0,"z":0},"maxPos":{"x":0,"y":0,"z":0}},"packable":true,"pixelsToUnit":100,"pivot":{"x":0.5,"y":0.5},"meshType":0}],[0],0,[0],[0],[0]],[[{"name":"fish63_3","rect":{"x":680,"y":324,"width":318,"height":329},"offset":{"x":1,"y":-3},"originalSize":{"width":320,"height":343},"rotated":true,"capInsets":[0,0,0,0],"vertices":{"rawPosition":[],"indexes":[],"uv":[],"nuv":[],"minPos":{"x":0,"y":0,"z":0},"maxPos":{"x":0,"y":0,"z":0}},"packable":true,"pixelsToUnit":100,"pivot":{"x":0.5,"y":0.5},"meshType":0}],[0],0,[0],[0],[0]],[[{"name":"fish63_1","rect":{"x":680,"y":644,"width":272,"height":323},"offset":{"x":3,"y":-6},"originalSize":{"width":320,"height":343},"rotated":true,"capInsets":[0,0,0,0],"vertices":{"rawPosition":[],"indexes":[],"uv":[],"nuv":[],"minPos":{"x":0,"y":0,"z":0},"maxPos":{"x":0,"y":0,"z":0}},"packable":true,"pixelsToUnit":100,"pivot":{"x":0.5,"y":0.5},"meshType":0}],[0],0,[0],[0],[0]],[[{"name":"fish63_10","rect":{"x":643,"y":918,"width":318,"height":313},"offset":{"x":1,"y":-11},"originalSize":{"width":320,"height":343},"rotated":false,"capInsets":[0,0,0,0],"vertices":{"rawPosition":[],"indexes":[],"uv":[],"nuv":[],"minPos":{"x":0,"y":0,"z":0},"maxPos":{"x":0,"y":0,"z":0}},"packable":true,"pixelsToUnit":100,"pivot":{"x":0.5,"y":0.5},"meshType":0}],[0],0,[0],[0],[0]],[[{"name":"fish63_2","rect":{"x":2,"y":922,"width":318,"height":313},"offset":{"x":1,"y":-11},"originalSize":{"width":320,"height":343},"rotated":false,"capInsets":[0,0,0,0],"vertices":{"rawPosition":[],"indexes":[],"uv":[],"nuv":[],"minPos":{"x":0,"y":0,"z":0},"maxPos":{"x":0,"y":0,"z":0}},"packable":true,"pixelsToUnit":100,"pivot":{"x":0.5,"y":0.5},"meshType":0}],[0],0,[0],[0],[0]],[[{"name":"fish63_9","rect":{"x":323,"y":646,"width":318,"height":315},"offset":{"x":1,"y":-9},"originalSize":{"width":320,"height":343},"rotated":false,"capInsets":[0,0,0,0],"vertices":{"rawPosition":[],"indexes":[],"uv":[],"nuv":[],"minPos":{"x":0,"y":0,"z":0},"maxPos":{"x":0,"y":0,"z":0}},"packable":true,"pixelsToUnit":100,"pivot":{"x":0.5,"y":0.5},"meshType":0}],[0],0,[0],[0],[0]],[[{"name":"fish63_7","rect":{"x":341,"y":2,"width":320,"height":337},"offset":{"x":0,"y":1},"originalSize":{"width":320,"height":343},"rotated":true,"capInsets":[0,0,0,0],"vertices":{"rawPosition":[],"indexes":[],"uv":[],"nuv":[],"minPos":{"x":0,"y":0,"z":0},"maxPos":{"x":0,"y":0,"z":0}},"packable":true,"pixelsToUnit":100,"pivot":{"x":0.5,"y":0.5},"meshType":0}],[0],0,[0],[0],[0]],[[{"name":"fish63_11","rect":{"x":2,"y":646,"width":274,"height":319},"offset":{"x":3,"y":-8},"originalSize":{"width":320,"height":343},"rotated":true,"capInsets":[0,0,0,0],"vertices":{"rawPosition":[],"indexes":[],"uv":[],"nuv":[],"minPos":{"x":0,"y":0,"z":0},"maxPos":{"x":0,"y":0,"z":0}},"packable":true,"pixelsToUnit":100,"pivot":{"x":0.5,"y":0.5},"meshType":0}],[0],0,[0],[0],[0]]]]
