[1,["68TjOK7g5OvpB9fwoEzc5L@6c48a"],["_textureSource"],["cc.SpriteFrame"],0,[{"name":"common_payline_tips3_6","rect":{"x":27,"y":6,"width":344,"height":294},"offset":{"x":-1,"y":7},"originalSize":{"width":400,"height":320},"rotated":false,"capInsets":[0,0,0,0],"vertices":{"rawPosition":[-172,-147,0,172,-147,0,-172,147,0,172,147,0],"indexes":[0,1,2,2,1,3],"uv":[27,314,371,314,27,20,371,20],"nuv":[0.0675,0.0625,0.9275,0.0625,0.0675,0.98125,0.9275,0.98125],"minPos":{"x":-172,"y":-147,"z":0},"maxPos":{"x":172,"y":147,"z":0}},"packable":true,"pixelsToUnit":100,"pivot":{"x":0.5,"y":0.5},"meshType":0}],[0],0,[0],[0],[0]]
