[1,["4a0de190-3691-476b-8414-ae16dc460741@6c48a","4a0de190-3691-476b-8414-ae16dc460741@f9941"],["_textureSource","spriteFrame"],["cc.SpriteFrame",["cc.BitmapFont",["_name","fontSize","fntConfig"],0]],[[1,0,1,2,4]],[[[{"name":"zhuanpanft","rect":{"x":0,"y":4,"width":329,"height":58},"offset":{"x":-15.5,"y":-0.5},"originalSize":{"width":360,"height":65},"rotated":false,"capInsets":[0,0,0,0],"vertices":{"rawPosition":[-164.5,-29,0,164.5,-29,0,-164.5,29,0,164.5,29,0],"indexes":[0,1,2,2,1,3],"uv":[0,61,329,61,0,3,329,3],"nuv":[0,0.046153846153846156,0.9138888888888889,0.046153846153846156,0,0.9384615384615385,0.9138888888888889,0.9384615384615385],"minPos":{"x":-164.5,"y":-29,"z":0},"maxPos":{"x":164.5,"y":29,"z":0}},"packable":true,"pixelsToUnit":100,"pivot":{"x":0.5,"y":0.5},"meshType":0}],[0],0,[0],[0],[0]],[[[0,"zhuanpanft",32,{"commonHeight":32,"fontSize":32,"atlasName":"zhuanpanft.png","fontDefDictionary":{"48":{"xOffset":0,"yOffset":0,"xAdvance":30,"rect":{"x":65,"y":0,"width":30,"height":62}},"49":{"xOffset":0,"yOffset":0,"xAdvance":20,"rect":{"x":309,"y":0,"width":20,"height":62}},"50":{"xOffset":0,"yOffset":0,"xAdvance":30,"rect":{"x":96,"y":0,"width":30,"height":62}},"51":{"xOffset":0,"yOffset":0,"xAdvance":30,"rect":{"x":127,"y":0,"width":30,"height":62}},"52":{"xOffset":0,"yOffset":0,"xAdvance":30,"rect":{"x":158,"y":0,"width":30,"height":62}},"53":{"xOffset":0,"yOffset":0,"xAdvance":30,"rect":{"x":189,"y":0,"width":30,"height":62}},"54":{"xOffset":0,"yOffset":0,"xAdvance":31,"rect":{"x":33,"y":0,"width":31,"height":62}},"55":{"xOffset":0,"yOffset":0,"xAdvance":26,"rect":{"x":282,"y":0,"width":26,"height":62}},"56":{"xOffset":0,"yOffset":0,"xAdvance":30,"rect":{"x":220,"y":0,"width":30,"height":62}},"57":{"xOffset":0,"yOffset":0,"xAdvance":30,"rect":{"x":251,"y":0,"width":30,"height":62}},"120":{"xOffset":0,"yOffset":0,"xAdvance":32,"rect":{"x":0,"y":0,"width":32,"height":62}}},"kerningDict":{}}]],0,0,[0],[1],[1]]]]
