[1,["0489e7f4-98f0-4911-b02e-7be1b436e81b@6c48a","b943e393-78b1-40b4-adaf-9dc10c367908@f9079","b943e393-78b1-40b4-adaf-9dc10c367908@e67ab","b943e393-78b1-40b4-adaf-9dc10c367908@4d025","b943e393-78b1-40b4-adaf-9dc10c367908@a37e1","b943e393-78b1-40b4-adaf-9dc10c367908@51ed7","b943e393-78b1-40b4-adaf-9dc10c367908@1e798","b943e393-78b1-40b4-adaf-9dc10c367908@55734"],["_textureSource"],["cc.SpriteFrame","cc.SpriteAtlas"],0,[[[{"name":"baozha1","spriteFrames":["baozha1_1","b943e393-78b1-40b4-adaf-9dc10c367908@f9079","baozha1_2","b943e393-78b1-40b4-adaf-9dc10c367908@e67ab","baozha1_3","b943e393-78b1-40b4-adaf-9dc10c367908@4d025","baozha1_4","b943e393-78b1-40b4-adaf-9dc10c367908@a37e1","baozha1_5","b943e393-78b1-40b4-adaf-9dc10c367908@51ed7","baozha1_6","b943e393-78b1-40b4-adaf-9dc10c367908@1e798","baozha1_7","b943e393-78b1-40b4-adaf-9dc10c367908@55734"]}],[1],0,[0,0,0,0,0,0,0],[0,0,0,0,0,0,0],[1,2,3,4,5,6,7]],[[{"name":"baozha1_6","rect":{"x":2,"y":450,"width":504,"height":418},"offset":{"x":-3,"y":-15},"originalSize":{"width":550,"height":550},"rotated":true,"capInsets":[0,0,0,0],"vertices":{"rawPosition":[],"indexes":[],"uv":[],"nuv":[],"minPos":{"x":0,"y":0,"z":0},"maxPos":{"x":0,"y":0,"z":0}},"packable":true,"pixelsToUnit":100,"pivot":{"x":0.5,"y":0.5},"meshType":0}],[0],0,[0],[0],[0]],[[{"name":"baozha1_3","rect":{"x":422,"y":452,"width":398,"height":422},"offset":{"x":5,"y":-13},"originalSize":{"width":550,"height":550},"rotated":false,"capInsets":[0,0,0,0],"vertices":{"rawPosition":[],"indexes":[],"uv":[],"nuv":[],"minPos":{"x":0,"y":0,"z":0},"maxPos":{"x":0,"y":0,"z":0}},"packable":true,"pixelsToUnit":100,"pivot":{"x":0.5,"y":0.5},"meshType":0}],[0],0,[0],[0],[0]],[[{"name":"baozha1_5","rect":{"x":950,"y":2,"width":458,"height":442},"offset":{"x":-17,"y":-3},"originalSize":{"width":550,"height":550},"rotated":false,"capInsets":[0,0,0,0],"vertices":{"rawPosition":[],"indexes":[],"uv":[],"nuv":[],"minPos":{"x":0,"y":0,"z":0},"maxPos":{"x":0,"y":0,"z":0}},"packable":true,"pixelsToUnit":100,"pivot":{"x":0.5,"y":0.5},"meshType":0}],[0],0,[0],[0],[0]],[[{"name":"baozha1_7","rect":{"x":822,"y":452,"width":356,"height":432},"offset":{"x":2,"y":8},"originalSize":{"width":550,"height":550},"rotated":false,"capInsets":[0,0,0,0],"vertices":{"rawPosition":[],"indexes":[],"uv":[],"nuv":[],"minPos":{"x":0,"y":0,"z":0},"maxPos":{"x":0,"y":0,"z":0}},"packable":true,"pixelsToUnit":100,"pivot":{"x":0.5,"y":0.5},"meshType":0}],[0],0,[0],[0],[0]],[[{"name":"baozha1_4","rect":{"x":480,"y":2,"width":468,"height":448},"offset":{"x":16,"y":0},"originalSize":{"width":550,"height":550},"rotated":false,"capInsets":[0,0,0,0],"vertices":{"rawPosition":[],"indexes":[],"uv":[],"nuv":[],"minPos":{"x":0,"y":0,"z":0},"maxPos":{"x":0,"y":0,"z":0}},"packable":true,"pixelsToUnit":100,"pivot":{"x":0.5,"y":0.5},"meshType":0}],[0],0,[0],[0],[0]],[[{"name":"baozha1_2","rect":{"x":2,"y":2,"width":476,"height":446},"offset":{"x":7,"y":2},"originalSize":{"width":550,"height":550},"rotated":false,"capInsets":[0,0,0,0],"vertices":{"rawPosition":[],"indexes":[],"uv":[],"nuv":[],"minPos":{"x":0,"y":0,"z":0},"maxPos":{"x":0,"y":0,"z":0}},"packable":true,"pixelsToUnit":100,"pivot":{"x":0.5,"y":0.5},"meshType":0}],[0],0,[0],[0],[0]],[[{"name":"baozha1_1","rect":{"x":1180,"y":446,"width":240,"height":214},"offset":{"x":4,"y":-15},"originalSize":{"width":550,"height":550},"rotated":true,"capInsets":[0,0,0,0],"vertices":{"rawPosition":[],"indexes":[],"uv":[],"nuv":[],"minPos":{"x":0,"y":0,"z":0},"maxPos":{"x":0,"y":0,"z":0}},"packable":true,"pixelsToUnit":100,"pivot":{"x":0.5,"y":0.5},"meshType":0}],[0],0,[0],[0],[0]]]]
