[1,["9b6LqMbvZCvaz6EmzyG0rB@6c48a","9b6LqMbvZCvaz6EmzyG0rB@f9941"],["_textureSource","spriteFrame"],["cc.SpriteFrame",["cc.BitmapFont",["_name","fontSize","fntConfig"],0]],[[1,0,1,2,4]],[[[{"name":"scorelosenum_0","rect":{"x":0,"y":0,"width":254,"height":79},"offset":{"x":-3,"y":0.5},"originalSize":{"width":260,"height":80},"rotated":false,"capInsets":[0,0,0,0],"vertices":{"rawPosition":[-127,-39.5,0,127,-39.5,0,-127,39.5,0,127,39.5,0],"indexes":[0,1,2,2,1,3],"uv":[0,80,254,80,0,1,254,1],"nuv":[0,0.0125,0.9769230769230769,0.0125,0,1,0.9769230769230769,1],"minPos":{"x":-127,"y":-39.5,"z":0},"maxPos":{"x":127,"y":39.5,"z":0}},"packable":true,"pixelsToUnit":100,"pivot":{"x":0.5,"y":0.5},"meshType":0}],[0],0,[0],[0],[0]],[[[0,"scorelosenum",32,{"commonHeight":32,"fontSize":32,"atlasName":"scorelosenum_0.png","fontDefDictionary":{"45":{"xOffset":0,"yOffset":0,"xAdvance":31,"rect":{"x":0,"y":0,"width":31,"height":39}},"48":{"xOffset":0,"yOffset":0,"xAdvance":31,"rect":{"x":32,"y":0,"width":31,"height":39}},"49":{"xOffset":0,"yOffset":0,"xAdvance":31,"rect":{"x":64,"y":0,"width":31,"height":39}},"50":{"xOffset":0,"yOffset":0,"xAdvance":31,"rect":{"x":96,"y":0,"width":31,"height":39}},"51":{"xOffset":0,"yOffset":0,"xAdvance":30,"rect":{"x":64,"y":40,"width":30,"height":39}},"52":{"xOffset":0,"yOffset":0,"xAdvance":31,"rect":{"x":128,"y":0,"width":31,"height":39}},"53":{"xOffset":0,"yOffset":0,"xAdvance":31,"rect":{"x":160,"y":0,"width":31,"height":39}},"54":{"xOffset":0,"yOffset":0,"xAdvance":31,"rect":{"x":192,"y":0,"width":31,"height":39}},"55":{"xOffset":0,"yOffset":0,"xAdvance":31,"rect":{"x":224,"y":0,"width":31,"height":39}},"56":{"xOffset":0,"yOffset":0,"xAdvance":31,"rect":{"x":0,"y":40,"width":31,"height":39}},"57":{"xOffset":0,"yOffset":0,"xAdvance":31,"rect":{"x":32,"y":40,"width":31,"height":39}}},"kerningDict":{}}]],0,0,[0],[1],[1]]]]
