[1,["b52e72e0-f630-4af8-aed1-e527bac65fcf@f9941","b52e72e0-f630-4af8-aed1-e527bac65fcf@6c48a"],["spriteFrame","_textureSource"],["cc.SpriteFrame",["cc.BitmapFont",["_name","fontSize","fntConfig"],0]],[[1,0,1,2,4]],[[[[0,"jiesuanzheng",32,{"commonHeight":32,"fontSize":32,"atlasName":"jiesuanzheng_0.png","fontDefDictionary":{"43":{"xOffset":0,"yOffset":0,"xAdvance":23,"rect":{"x":0,"y":0,"width":23,"height":32}},"48":{"xOffset":0,"yOffset":0,"xAdvance":23,"rect":{"x":24,"y":0,"width":23,"height":32}},"49":{"xOffset":0,"yOffset":0,"xAdvance":23,"rect":{"x":48,"y":0,"width":23,"height":32}},"50":{"xOffset":0,"yOffset":0,"xAdvance":23,"rect":{"x":72,"y":0,"width":23,"height":32}},"51":{"xOffset":0,"yOffset":0,"xAdvance":23,"rect":{"x":96,"y":0,"width":23,"height":32}},"52":{"xOffset":0,"yOffset":0,"xAdvance":23,"rect":{"x":120,"y":0,"width":23,"height":32}},"53":{"xOffset":0,"yOffset":0,"xAdvance":23,"rect":{"x":144,"y":0,"width":23,"height":32}},"54":{"xOffset":0,"yOffset":0,"xAdvance":23,"rect":{"x":168,"y":0,"width":23,"height":32}},"55":{"xOffset":0,"yOffset":0,"xAdvance":23,"rect":{"x":192,"y":0,"width":23,"height":32}},"56":{"xOffset":0,"yOffset":0,"xAdvance":23,"rect":{"x":216,"y":0,"width":23,"height":32}},"57":{"xOffset":0,"yOffset":0,"xAdvance":23,"rect":{"x":0,"y":33,"width":23,"height":32}}},"kerningDict":{}}]],0,0,[0],[0],[0]],[[{"name":"jiesuanzheng_0","rect":{"x":0,"y":0,"width":238,"height":65},"offset":{"x":-11,"y":7.5},"originalSize":{"width":260,"height":80},"rotated":false,"capInsets":[0,0,0,0],"vertices":{"rawPosition":[-119,-32.5,0,119,-32.5,0,-119,32.5,0,119,32.5,0],"indexes":[0,1,2,2,1,3],"uv":[0,80,238,80,0,15,238,15],"nuv":[0,0.1875,0.9153846153846154,0.1875,0,1,0.9153846153846154,1],"minPos":{"x":-119,"y":-32.5,"z":0},"maxPos":{"x":119,"y":32.5,"z":0}},"packable":true,"pixelsToUnit":100,"pivot":{"x":0.5,"y":0.5},"meshType":0}],[0],0,[0],[1],[1]]]]
