{"importBase":"import","nativeBase":"native","name":"starlight","deps":["main"],"uuids":["36fx9x3/tLRZlMt0XHSAuP","00hdHYwW9BDpokOnNWwVWf","00u6aaX0tOwoaKuc5QtimX","01PLKr6llB54x+l8KRj6VP","0184caf0f","01hiDbYDxDgrDtGEJX4wOr@f9941","01b05cba5","022ed4044","02QfPfGShPEZ3X4BKP0BwR@6c48a","02QfPfGShPEZ3X4BKP0BwR@f9941","04HXeUMZdJzo41DNZuWHrU@f9941","02QfPfGShPEZ3X4BKP0BwR","028850be1","0295a897e","02c1067e6","036835910","038bc2951","038c3a590","039c67cca","03adc0018","04HXeUMZdJzo41DNZuWHrU","042990787","06Im8otFhHXbPbq+KDmma5@f9941","04u+7WPDlFoZ9/C3SqWnsF","04be6f0a9","04c481acd","050b6fe44","05eJDc4kVAtZPyD4OlBvT+@f9941","05eJDc4kVAtZPyD4OlBvT+","06Im8otFhHXbPbq+KDmma5","06a0ff80a","06fb7d2d3","07121af85","07JESrBSdFJK3vcRQR1/ti@6c48a","07JESrBSdFJK3vcRQR1/ti@f9941","07JESrBSdFJK3vcRQR1/ti","07ef959b3","080917a50","08wEOI7kpGA6rnkDioFmw0","091d31b84","09e077d09","0a3175b80","0a3e4a9d2","0aRu4zYxJKIa3Q3l4WBg3Q@6c48a","0aRu4zYxJKIa3Q3l4WBg3Q","0a97c7de0","0af4848d8","0b1f187e4","0b645a985","0b820209f","0bd082c0b","0eOtWAQ+RJr5tGqNFA5On4","0e0Fm/GDhIN4PbcwaNOroh","0fwERQEulALY3BjQXTJYSM","11lePfCP5N65UMX6oR9GW1","12eGr+ssBDY5V9PZ6+4Cwo@f9941","0dG9LuOINCw7yDpaKYo+32","0ddA/IwOxA6qFt4fyYV8Lk","0db32cfbd","0eU2JvdkBK+4mfIrlCvv3N","0e60a305e","0f73ff845","0fc58477f","0ffd614e2","10R1gBJQ5HAo4NaXPalYnB@f9941","13PGtJtFRGR69i7MyY4Zwa@6c48a","13PGtJtFRGR69i7MyY4Zwa@f9941","14LMIipvpPcIGT4zm5qx2L@6c48a","14W8nqnmFBqLuX5sj1//Hh@6c48a","14fd40b05","19GONIvIhMTq1BPltTJXfw","17ReWv4XFPJLmA6o05fcXs@f9941","14fd40b05@6c48a","157fb6461","16dUqn8PdCxIRRDo0b/71/","18dxpuWuVKLrJgKu9krSHs","18eirF6cFJm7sLULVqAlaw@f9941","19F0wHfm5E0ZThs8vkwIKb@f9941","195fkfISNGApa/QaJwvD3Q","1epXbBd99CCJ4zOzHs2RQn@6c48a","1epXbBd99CCJ4zOzHs2RQn@f9941","157fb6461@6c48a","16OO/5MMxHFK2fU8Z0DPjt","161ZLitZdP+Lnr81/tb0Tl","17254abc0","17254abc0@6c48a","17ReWv4XFPJLmA6o05fcXs","17df48728","17df48728@6c48a","1851bc931","1851bc931@6c48a","18eirF6cFJm7sLULVqAlaw","19F0wHfm5E0ZThs8vkwIKb","1a66cd058","1a66cd058@6c48a","1eGgFgcnFCSYk+zGZFtSZv","1epXbBd99CCJ4zOzHs2RQn","1ee86f78e","1ee86f78e@6c48a","1f1739a01","1fM6XeKuNHlJUJoumy6TPZ","1f1739a01@6c48a","1fa728745","1f5WeuVz5MjKHYSwec7P9R@6c48a","1f5WeuVz5MjKHYSwec7P9R@f9941","22JGyy6cFJwb7F59jZCYlV@f9941","23VpNg7SFE97FJ1G37/BF7@f9941","23jfNaCZZKa6tK0S6E3Nyd@f9941","25SrsOzA5B7LDg1yrZ/GYO@6c48a","2691yjIlZAgZ0wYJNntjmI","289Cx+bTZD04rdMIis85QE@6c48a","2aguHZgh5GnZ3n6nZiRnFm","1f5WeuVz5MjKHYSwec7P9R","20MbGqiN1PiY+KJfli6XZp","20g1ukYUVPvKWKBRznAKo+","21ssb0hL9ERZURvNjGYcVf@f9941","25+IkKFBtOKbEyLrK/pvEp@6c48a","276KM7NIBJVIxFkX6655WB@f9941","2aQN+W3PpPgKhdSnpCfzZM@6c48a","2aQN+W3PpPgKhdSnpCfzZM@f9941","2a2QqEbWtOMrPARKdQ/dST","2brwW5NEJOzIxmpfIwm+jz@f9941","2dMfG/pwhNIY/sHORdQZzn@f9941","2fQAOb5RZOfqSVQfCEt014@f9941","2fWgBoML9Jr5HqqT85mY2n","30ZHIGH4NIJrFnFgittv96@f9941","31YypLdP5E7LeDSHHy18MT@f9941","33IvWai8dC54CqebR8y4Zv@f9941","34me0MiApDq4TXgHftwOPJ@6c48a","34/DM/LrNFbqEi3z6QNO/F@6c48a","34/DM/LrNFbqEi3z6QNO/F@f9941","36VLUEjwBAnbyCfF65YTsk@f9941","3708A8gKBEDLaw9BpBFQLl@6c48a","38MOAlI1xEnIngxkM+VTZB@f9941","38/6JlYK9FkqeQaiSQ4mLK","3bKPe2eUdDQLZqLbgDwcB0@6c48a","3bKPe2eUdDQLZqLbgDwcB0@f9941","3fWymW8f9N0Y5Abnhjo+x3","3fb/NOwB9H/Iy+CmSdt4zT@6c48a","3fb/NOwB9H/Iy+CmSdt4zT@f9941","3fzRxJ3UZI9ZS+DaM/1uxr@f9941","40bAfYmtlPjJkV7u1Be5NZ@f9941","40+mLe53RCsa15MzMaCh2k@f9941","45Hn/ZZMFJ9qq8bOw/HD/b@f9941","464UW9Is9ML703+q8wzgEC@6c48a","469hfdP3FL6r+9ftEMMSHo@6c48a","48GoI70TNJNYih5wqqaaG5@f9941","49YsEB6z1LVa+83AnzJsIB@f9941","4aHRD8ospKeKHLL3Bv+Twd@6c48a","4aed/BsOxB66RvWwNS2F0+","4a/k/49BlCW5khI0sJX7Oq@6c48a","4bakJvG1hIO7Pr7ECSbeah@f9941","4d00yMU4BAYqxgPSHhoy98@6c48a","4eE8de1OdJvKoh72LSyWKP@f9941","52YkSTtV5OH6Lc96O7amQz@f9941","54OYksTvNEM6ZmmTKl3jaQ@f9941","55UryV//NAX43C6OrLfIhx","55i+1f4kNH6JFLkFp+7lkK@f9941","55vuZRTMNHHZZzG30byonC@f9941","56f3b7jldKHJ5h2Pbs6I8A","57h2ACNCtPJ7cyK/LTYxoN@f9941","5asrbNavZC7qFf0WSYcuZT@6c48a","5a0VCJQ+lDcZMPjipK8ssc@6c48a","5bW5J5OPRIE5ivWITABLrF@f9941","5dnWByXGBNgIT/g9dJd9l0@6c48a","5ee9kgc6dFMJrYvv7+oPP4@f9941","5e9RyMNyZObqtdNFRT12sM","5fPl1NYK5IyIcgZ2cAqN59@f9941","5fk/0zsf5AwLwFniHOAmnK@f9941","5fl+SnxJZE8a4kG2y2J0Tc@f9941","61G3WxV0NErqqVmUEEXnNE@6c48a","61G3WxV0NErqqVmUEEXnNE@f9941","62zmgIr5dPwJprW5328uUV","64AQruG/ZIUqQ1N2WPDVMi@f9941","64XPIoHAJLopu0CW+iExmV","656xHZKzBDnJY4i6NybK+w@6c48a","68Y4X+ACRNWaNDGHBjGgI/","68qM1U2G1HIZj/WAf8xGMM","680AeAigFObqwpIkuHvD7f@f9941","681e9ryllD2I6Cuenj+r3b@6c48a","69R1wgiFVILb2JotMqxjH3","6a1sX95XtPHoyWSZVCGpNI@f9941","6cXwPTtBVL8417uth1FS4v@f9941","6dSVJOz6pJgJKniPbXXcwW@f9941","6dzxK2cNRPBqX9+fm68uqm@f9941","6eMyXHoA1EzbF6jskaVggw","6e8iuHAqlBQ4xtFaiYRzQ0@f9941","6fd8BB3FlL150Wb5uO1BkX","70uZ9A5S1CTZAw3BRZhpPV@f9941","708zdc301NFJHx5oIeKbOh@f9941","71IKLQGaFLVLbeZhk8VLou@f9941","73/Q31a0FMtKvz13WHgu9e@6c48a","74HOtuPFRGdKmOus51QHBs@6c48a","755WL+cAlOnYM150lgstch","77/R6/2xpL5KR18Ytn3Lbv@f9941","78S0Dgu+VCdrstgcmMEkTf","12eGr+ssBDY5V9PZ6+4Cwo","13PGtJtFRGR69i7MyY4Zwa","14LMIipvpPcIGT4zm5qx2L","14LMIipvpPcIGT4zm5qx2L@f9941","14W8nqnmFBqLuX5sj1//Hh","1fa728745@6c48a","20g1ukYUVPvKWKBRznAKo+@6c48a","20g1ukYUVPvKWKBRznAKo+@f9941","21ssb0hL9ERZURvNjGYcVf","217qfzBAhHJIVY4DkaJLCO","22BozmL7BCpbzYqi+RaBsX","22JGyy6cFJwb7F59jZCYlV","22oIMocrBGCYHGU33Hphwi","23KLavmiFGF7wDEIEeJiBQ","23jfNaCZZKa6tK0S6E3Nyd","230AWJvFRH54xPmDRT+wVQ","25SrsOzA5B7LDg1yrZ/GYO","251Wt6+qNKZLTNujjkjBSG","25+IkKFBtOKbEyLrK/pvEp","276KM7NIBJVIxFkX6655WB","289Cx+bTZD04rdMIis85QE","2aQN+W3PpPgKhdSnpCfzZM","2bOqzUz/5OaaY/N9LU+Bxq","2ckiYlpptOVbWFx1IhV6RS","2cl5s8KPRDDIivTzUX8Uo/","2dMfG/pwhNIY/sHORdQZzn","2e9ancvvBHbYKVsZzv6stV","2fQAOb5RZOfqSVQfCEt014","2fvOCXiydLebHd9JnU9HFC","31J3JEvEJOH4gEOgChp3aK","31YypLdP5E7LeDSHHy18MT","33IvWai8dC54CqebR8y4Zv","34me0MiApDq4TXgHftwOPJ","34/DM/LrNFbqEi3z6QNO/F","36VLUEjwBAnbyCfF65YTsk","3708A8gKBEDLaw9BpBFQLl","38MOAlI1xEnIngxkM+VTZB","39u8JmjR1AUo9tfqLDePGX","3bKPe2eUdDQLZqLbgDwcB0","3eUX4mG8NLU7rZu8/BwZJx","3eb3/6c6tCwqx68d+IPpo/","3fb/NOwB9H/Iy+CmSdt4zT","40bAfYmtlPjJkV7u1Be5NZ","45Hn/ZZMFJ9qq8bOw/HD/b","464UW9Is9ML703+q8wzgEC","469hfdP3FL6r+9ftEMMSHo","4aHRD8ospKeKHLL3Bv+Twd","4a/k/49BlCW5khI0sJX7Oq","4bakJvG1hIO7Pr7ECSbeah","4b6PXHTtFMV6i4Z9gQ2uWy","4d00yMU4BAYqxgPSHhoy98","4eE8de1OdJvKoh72LSyWKP","54TknWPwVPqJqeCR+Y/Czo","b20k4jGRlLearRcH/+uRqn","79Wf1lTtJB9q3nEotX2i96@f9941","7awy3P5FpJp58MgSJwcaTE@f9941","7bAPo1FeNExbhg+OPcfUkQ@6c48a","7bAPo1FeNExbhg+OPcfUkQ@f9941","7bBvAKavZFmIaaoMOZpi9y@6c48a","7bBvAKavZFmIaaoMOZpi9y@f9941","7cXlfFjqxGKq99OkjHxYNy@6c48a","7dBHY2yOVPB7sGY7BOyc3K@6c48a","7dP0DoobBEloAxPZw/Yt17@f9941","7dVqZiix9FcbtWo925nrNz@f9941","7edDCEV61Bpa0mP3uVetBo@f9941","7e57yAwRNDmIYo4Ackt5WO@f9941","7feOzRUiFCxK7dq5KKds88","81v3sOgWBNUa8upNY2SjIO@f9941","82oW7Zv1xEwYqh+bdtl8PC@6c48a","82oW7Zv1xEwYqh+bdtl8PC@f9941","83jiFpEuZMeq+7fCXZhEoM","84WBUhxepJ24z4ICF3BIWb@f9941","85WkQMULVCWqCPe8egAdhE@f9941","86yQVtyvFDO7G5dRBlIy5n@f9941","87CuXK9z1PiYPr3RVn8xj8@f9941","87/zu703BFpJUKhWZaZXj5@f9941","88uE9Vk+FLeYIW00DdOjXX@f9941","88yqOKn8ZNB6P0NISR4JYt@f9941","89SOFLccFEF7tm0ZL9GXcE@f9941","89sigCxEFJGY5py8LiLlKK@f9941","89ynBOWepDiIGm3m/Kz8C+@6c48a","89ynBOWepDiIGm3m/Kz8C+@f9941","8bFawpVaZDy5UP6wdRTgZm@f9941","8eMwUCJj5NqImrLcIkiDJv@f9941","8fD0e8+VFFyZNS4Z9aXm23","8fNq/R9J1Mnonbbl+9pu/M","93Z2SgjadGvJvpYzlN0plF@f9941","79Wf1lTtJB9q3nEotX2i96","7awy3P5FpJp58MgSJwcaTE","7bAPo1FeNExbhg+OPcfUkQ","7bBvAKavZFmIaaoMOZpi9y","7cXlfFjqxGKq99OkjHxYNy","7coyy18DxAZak8WeFHfDSU","7dBHY2yOVPB7sGY7BOyc3K","7dVqZiix9FcbtWo925nrNz","7dW76DDA5I/LFvsAcPDX4u","7dj5uJT9FMn6OrOOx83tfK@f9941","7d9mxepHVLkZHkkzzUsKDy","7edDCEV61Bpa0mP3uVetBo","7e57yAwRNDmIYo4Ackt5WO","7flaaeI+VLZ4RoUgefXnE3","81v3sOgWBNUa8upNY2SjIO","82oWc0qYxALakEVKfFy/FS","82oW7Zv1xEwYqh+bdtl8PC","84wV4JrwdMQbEDtTXebfEp","847grvhSpCgp7hY6mU1Joz","85WkQMULVCWqCPe8egAdhE","86fnBnwINIpo0/Wr+BOZ31","86yQVtyvFDO7G5dRBlIy5n","864Lq2m3hNuphozrCgaX8/","87CuXK9z1PiYPr3RVn8xj8","87/zu703BFpJUKhWZaZXj5","88seDB28VKh4rUTg4lbP1h","88uE9Vk+FLeYIW00DdOjXX","88yqOKn8ZNB6P0NISR4JYt","89SOFLccFEF7tm0ZL9GXcE","89sigCxEFJGY5py8LiLlKK","89ynBOWepDiIGm3m/Kz8C+","8a9VFZSPZGeY7I1UBXJRRM","8cONKay8ZENIUXSKnWyZRt","8eMwUCJj5NqImrLcIkiDJv","92TV9zMHNBUYnWqxQ8WrUV","9dX1uQ5lVAUoX7GsV/q8QO","95Bc2sgx1MBae8GLo++76k","95EJ59yi5C6pcrs8sfMVNT@f9941","96tuNbGiVCm5kMyoeHtyu8@f9941","99U0ItC9RCHYhi6tllpqld@6c48a","99U0ItC9RCHYhi6tllpqld@f9941","99kAvFvkBKh6WRC5pwd9a2@f9941","9aeOI7JoRGmJ8btkuSafM+@f9941","9aj/QxhElNRrP9/l00KaVs@f9941","9bbRrdaO1PzLQ6Eno5riU+","9bsmw4YiVCH7PXMqFXnNd7@6c48a","9bz2oSU4pG+aw2G9HZCaEu@6c48a","9dl08EB0JIhar6qb9Kdik6@f9941","9d0M/K2ORFxapv09sIm14J@f9941","9d3HWB9dFEXqZjcIdM6Hd9@6c48a","9d96DPoHxN5ZT6J/jS/K8c@6c48a","9d96DPoHxN5ZT6J/jS/K8c@f9941","9eN78uKaRE5KEgtkyHKIMD@6c48a","9eN78uKaRE5KEgtkyHKIMD@f9941","9eO+IUan9Hw5zb99m1x5vj@f9941","9fMvdN3W9PJKYLvx3o3mFj@f9941","a0HtrbOiJKUYVnS+OtBqTb@f9941","a0J4oqR5RD06LHxEoITkWc@f9941","a2isyuNWxFhZf3cv5E5FjR","a5D2wvh7VPt4dMynCQ5pYF@f9941","a549y/+H5DQrxtLE3fW4Yu@6c48a","a549y/+H5DQrxtLE3fW4Yu@f9941","a57cx53HZE/aQXSqj5Jx0X","a6XjBU0VtNTZI1osmBuDCg@f9941","a6ywLxq1hNhpMNMJBi/5kJ@6c48a","a6ywLxq1hNhpMNMJBi/5kJ@f9941","a69+CduyhEzIMk4Bs5Nr0z@f9941","a7Mto4LnhD9oTBQdE793nx@f9941","aa6ofZFURCnbdd/PyDRH8g@f9941","acNmgfP2VOQKWMI85GhV13@6c48a","acQl6G2whJE6BKC5KFbDxK@f9941","adsMka9XVPia9LBgBx+VtC@6c48a","adsMka9XVPia9LBgBx+VtC@f9941","ae0L3tmQxLqYZ4f6yiSKmX@6c48a","b0XKLfhdxP2JzAt2Up75G6@f9941","b01cZJmMNOc6e2RzruWzho@6c48a","b1IaovCH9A9ogIYAynGEsU@6c48a","b1K80tpi9MUKdgdjxhIQWW@6c48a","b1K80tpi9MUKdgdjxhIQWW@f9941","b3PWj4Sr1C/5/9oqIemL1e@f9941","bayGOm4E1Hu6+KxsdXkbjK@f9941","bbHPX5KKRBp5rckV1FrvZu@f9941","bcE/rg3wVPi7NhFD9mON7E","bcXGkbjYtLIrF6yfc+YwZm@f9941","bfh9P8jXRCoKdBt/aWeLnk","bfy/58K1VK45XRzmqTC6zI","c0EesY8SdKjJD3nET1IqUq@f9941","c0d3lcewpJKbNXq1I7cz6U@6c48a","c0d3lcewpJKbNXq1I7cz6U@f9941","c1nr9h2LFHH44EdQLH0hgX@f9941","c1uxiDQH9HkZPQNuVpIPii@f9941","c3amWyhl1Oy7MIDv0rZXdR@6c48a","c6d2qr+BBK0reKM1yRLv5p@6c48a","caHkHdfwJOO4ngbLtS5+/6@f9941","caKHpCzJlD2Y5uSt4wedOu","d3WWUonmVK7JZ6TU6BjS3N@f9941","d4wtVSAlNIR7shn9ejPtyp@6c48a","d6C47I8Z9JS78S8CZdEcqq","d7y6kly61K25FfO9B1ZbWs@f9941","d8pQvxQQJAPJ9sb9rnLowU@f9941","d8qtxtuNJLUL80WKIInbIl","dbhhVEFvpGArXQ+G733DNo@f9941","deLhltYaVIY6YDxPoXlmJP@6c48a","deNiUE8sRJVJD9ODh7QirK@f9941","dffbjHM95DJ7ebYlnd22TL","e180Xd8/BDWatWx/TECOvM@f9941","e2slTFOtpMgLQaA5kPRHcm@f9941","e3SvuUkNNIy6PYjGxPEOPE@f9941","e350yGmEtMCK0s9LcLxoqH@f9941","e4wIBBvYlDu6gNDX6jAj9v@f9941","e6rvZbsv1BR6Xi+8PcLBrW@6c48a","e6/C0eIfpCT6iVmlachU7q@f9941","e7KNwNOIxFabrJyiUsQuDY@6c48a","e7KNwNOIxFabrJyiUsQuDY@f9941","e8drzRkHpAM4a4RDGDr5XK@6c48a","e9MtIk15ZK/oxVviT5WgDE","e9vvDFodFKJIZY/auWHKHR","ebL9fnseRIUIJGadL4yXW5@6c48a","ecOz0rNopJdqJkhSZ/TQ5D@f9941","edXWdVOZpMFqNwtzrK0NEZ@f9941","edbBCKam9HZZkRPgpfKSXq@6c48a","edbBCKam9HZZkRPgpfKSXq@f9941","effkMRkI5EaJaFsyS+rp02@f9941","efguk0chJOQpIaBjJaou+g","efmIJUYcVEa4Oer90wZFxL","efybyGgbREnLasMosHgpm6@f9941","f0pQAdJPdM96u7fgsdku59@f9941","f18JE/om5ImbD8piezCHLX@6c48a","f4ukJY6I5KC5ziSTW1qI9N@f9941","f4ztoxrjJNj79BL5+hCsna@f9941","f7dikj229DrIlbiywsIvjH@6c48a","f7dikj229DrIlbiywsIvjH@f9941","f7/spbczlOKJF7BhFNzNvf@f9941","f92po+PhZAnonVI0ZorDdI@f9941","fb65XjWnpAAYUNMPpROjAz","fdr2CqgdhIIYEPsYsvqS0Z@6c48a","feG7hovaZPxLXylFHKW2ZG@6c48a","54TknWPwVPqJqeCR+Y/Czo@6c48a","54TknWPwVPqJqeCR+Y/Czo@f9941","55i+1f4kNH6JFLkFp+7lkK","55vuZRTMNHHZZzG30byonC","56y5MOrbdJ6aR5PKwIEXRP","57h2ACNCtPJ7cyK/LTYxoN","58751lVD9BkqrzNQvqHmNA","59/FocRNZMdZnXbcVNTXID","5asrbNavZC7qFf0WSYcuZT","5a0VCJQ+lDcZMPjipK8ssc","5bW5J5OPRIE5ivWITABLrF","5b2RmpC/xHdrfpWVGuvkSA","5ci/GZrZVCj5YeAuysr/rV","5clpgCb7RA4ZZNijNUKOBL","5dnWByXGBNgIT/g9dJd9l0","5eqwS5m61Pp59xJgPfofO4","5fPl1NYK5IyIcgZ2cAqN59","5fk/0zsf5AwLwFniHOAmnK","5fl+SnxJZE8a4kG2y2J0Tc","61G3WxV0NErqqVmUEEXnNE","64AQruG/ZIUqQ1N2WPDVMi","656xHZKzBDnJY4i6NybK+w","681e9ryllD2I6Cuenj+r3b","6aeeHqXAtApLrcF5Phix14","6a1sX95XtPHoyWSZVCGpNI","6cHk617NxAG7DNOrZsgsrz","6cXwPTtBVL8417uth1FS4v","6dSVJOz6pJgJKniPbXXcwW","6dzxK2cNRPBqX9+fm68uqm","6f8pOlxAVH5ZOBp4HBYXAu","70uZ9A5S1CTZAw3BRZhpPV","708zdc301NFJHx5oIeKbOh","73iEiNRtxPB5soq4asuK8H","73/Q31a0FMtKvz13WHgu9e","74HOtuPFRGdKmOus51QHBs","75eC1dBw9CVoljRa+fj0Il","76WGMi9CRMXYkmYE74zBkb","774P76MlZO7JN8IShU3zE5","77/R6/2xpL5KR18Ytn3Lbv","92TV9zMHNBUYnWqxQ8WrUV@6c48a","92TV9zMHNBUYnWqxQ8WrUV@f9941","92avLMyklJBrG6KwwQ3/mP","93Z2SgjadGvJvpYzlN0plF","93ws060E5EBZpLz2f88pID","94KoPA4Z1F5LyB9FQKVF9n","944Yq2m4REz7T5x+gOssNF","95EJ59yi5C6pcrs8sfMVNT","95EkngnxZFbYuFpsqVTaFr","95EkngnxZFbYuFpsqVTaFr@6c48a","95EkngnxZFbYuFpsqVTaFr@f9941","99HNXjQMJP0oPOh4uIKfes","99U0ItC9RCHYhi6tllpqld","99kAvFvkBKh6WRC5pwd9a2","9aj/QxhElNRrP9/l00KaVs","9bsmw4YiVCH7PXMqFXnNd7","9bz2oSU4pG+aw2G9HZCaEu","9dQPGr36hI8oO8UA7K0oZx","9dRRUVzEpK3LxoXIbM6erA","9dl08EB0JIhar6qb9Kdik6","9d0M/K2ORFxapv09sIm14J","9d3HWB9dFEXqZjcIdM6Hd9","9d96DPoHxN5ZT6J/jS/K8c","9eN78uKaRE5KEgtkyHKIMD","9eRH/z1nJPBYFEJ4+u5qmX","a0HtrbOiJKUYVnS+OtBqTb","a0J4oqR5RD06LHxEoITkWc","a3JAGXfTxFlqyes/Ar2bDl","a30IFXCuxFDKbPeZdQBhA9","a549y/+H5DQrxtLE3fW4Yu","a6ywLxq1hNhpMNMJBi/5kJ","a7BEpnzzdJ+pVFmK1mnoqg","a8AxqJDnJDJJjwiKxI5vND","a8lL9hLXpAIYuJeHI/+USY","aabIRho+VH8ax9028ovGfJ","aa6ofZFURCnbdd/PyDRH8g","acNmgfP2VOQKWMI85GhV13","acQl6G2whJE6BKC5KFbDxK","adsMka9XVPia9LBgBx+VtC","ae0L3tmQxLqYZ4f6yiSKmX","ae0L3tmQxLqYZ4f6yiSKmX@f9941","ae17kUyRFDC7SfJsPYBAh5","b01cZJmMNOc6e2RzruWzho","b0+9cm4V5PkqZIBCYvafgo","b1IaovCH9A9ogIYAynGEsU","b1K80tpi9MUKdgdjxhIQWW","b1VRex6P5IuK1+ZmZOHH4j","b2Yd+I4n1DookYDKjhrbl9","b4v1boSYRDrK1P9eSJO6sc","b7CpoyQpBLvZYrHUZ3kMz0","b7QmLaTVtKWKyOC1JTm7XM","bayGOm4E1Hu6+KxsdXkbjK","bcOGnKuUhGpoUBuJgO3n84","bdHWyTjGJCUoImHsUOXEOW","beiPFfa9VOBZhPbeEj23MB","c0d3lcewpJKbNXq1I7cz6U","c1uxiDQH9HkZPQNuVpIPii","c18CK2wNdE1qhTIBbX6uMa","c2V3ZwhbRACZolCNE6UGfj","c3amWyhl1Oy7MIDv0rZXdR","c45mE6t9NN0pyCU3gnM/4P","c6d2qr+BBK0reKM1yRLv5p","c73n86sE9Kd7ySiBVqnVRs","caHkHdfwJOO4ngbLtS5+/6","cdNreoNShINK/4O/m9TiEV","d2zPR6YuNDP6qniZGFasBh","d4Bs6xwMVBUrCVr+inKNZO","d4o3geGlZCC47r1nF+cWhv","d4wtVSAlNIR7shn9ejPtyp","d7y6kly61K25FfO9B1ZbWs","d7+dZHVw9II6wfdDQFCNp+","d8KB1RXx5DUboW94y+25rO","d8iPQX/ypKFY7ordD6Z566","d8pQvxQQJAPJ9sb9rnLowU","d9KSEtKstF/qo3sB1PHQQh","d9tSyYfehHlbmsvyIV5k3L","daBGyXAP9GX6+md+rg+FJk","daL2pVDbVLQYoDc1vcESLR","dbPmhbHYFFSoxDYUM8UoDT","dbhhVEFvpGArXQ+G733DNo","deLhltYaVIY6YDxPoXlmJP","deNiUE8sRJVJD9ODh7QirK","e2slTFOtpMgLQaA5kPRHcm","e350yGmEtMCK0s9LcLxoqH","e4wIBBvYlDu6gNDX6jAj9v","e6rvZbsv1BR6Xi+8PcLBrW","e6/C0eIfpCT6iVmlachU7q","e7KNwNOIxFabrJyiUsQuDY","e8PcufffVG9658EXCqUliT","e8drzRkHpAM4a4RDGDr5XK","ebL9fnseRIUIJGadL4yXW5","ecOz0rNopJdqJkhSZ/TQ5D","edXWdVOZpMFqNwtzrK0NEZ","edbBCKam9HZZkRPgpfKSXq","efybyGgbREnLasMosHgpm6","f0pQAdJPdM96u7fgsdku59","f1A9VnlOxNNZnYiaS5tdpL","f18JE/om5ImbD8piezCHLX","f4ukJY6I5KC5ziSTW1qI9N","f4ztoxrjJNj79BL5+hCsna","f5FbxlrnJIWrDtj/oTafi8","f6dC3VkGBOwIkS+HIm9sWS","f65444zkRLKqBmaclDJwAD","f7dikj229DrIlbiywsIvjH","f7/spbczlOKJF7BhFNzNvf","f9VHL2tQpAurMBrZAEJpWT","f92po+PhZAnonVI0ZorDdI","f99pkV7PBAwaMYKGUsmxR6","fdr2CqgdhIIYEPsYsvqS0Z","fdsMWHAUFKMq+3Ic2SW+/l","fd4WOPgt1HIo0lF7DOkA6v","feG7hovaZPxLXylFHKW2ZG","feU4s0mM5GTZT9p8ZaPOsB","fe5NAmkd5GZrunhpVeMW7U","fe5NAmkd5GZrunhpVeMW7U@6c48a","fe5NAmkd5GZrunhpVeMW7U@f9941","ff61kuUq1A/p8U3mLPT2OG"],"paths":{"0":["img/bigIcon/auto-bigIcon",6,1],"1":["font/font_buy",7,1],"2":["car/mao01",3,1],"3":["sound/vol_total_multiplier_reward7",9,1],"5":["img/smallIcon/icon_xggz_yueliang_s/spriteFrame",2,1],"8":["font/font_win_history_0/texture",1,1],"9":["font/font_win_history_0/spriteFrame",2,1],"10":["img/bg_starlight_buy_sg_box/spriteFrame",2,1],"11":["font/font_win_history_0",0,1],"20":["img/bg_starlight_buy_sg_box",0,1],"22":["img/btn_KONFIRMASI/spriteFrame",2,1],"23":["car/Starlight_blc_sg",3,1],"27":["img/zi_autoplay/spriteFrame",2,1],"28":["img/zi_autoplay",0,1],"29":["img/btn_KONFIRMASI",0,1],"33":["font/shuzi_xiazhujine_0/texture",1,1],"34":["font/shuzi_xiazhujine_0/spriteFrame",2,1],"35":["font/shuzi_xiazhujine_0",0,1],"38":["car/iconCar/scatter",4,1],"43":["car/freespine_js4/texture",1,1],"44":["car/freespine_js4",0,1],"51":["prefabs/prefab_starlight_header_new",8,1],"52":["car/skeleton",4,1],"53":["car/msn_qiehuan_tx",4,1],"54":["font/font_win_history",7,1],"55":["img/zi_shengyumiafneicishu/spriteFrame",2,1],"56":["sound/win3",9,1],"57":["sound/buy_free_btn",9,1],"59":["sound/scatter_bonus",9,1],"64":["img/zi_2/spriteFrame",2,1],"65":["font/font_sg_num_0/texture",1,1],"66":["font/font_sg_num_0/spriteFrame",2,1],"67":["img/bg_starlight_operate_lian_zhuagnsitiao/texture",1,1],"68":["car/iconCar/scatter/texture",1,1],"70":["common/auto_common_starlight",6,1],"71":["img/img_arow/spriteFrame",2,1],"74":["font/font_add_free_num",7,1],"75":["car/st_icon_xs_tx",4,1],"76":["img/btn_xggz_caozuobox_jian/spriteFrame",2,1],"77":["img/zi_ganda/spriteFrame",2,1],"78":["font/font_sg_totalnum",7,1],"79":["font/font_sg_box_num_0/texture",1,1],"80":["font/font_sg_box_num_0/spriteFrame",2,1],"82":["sound/win2",9,1],"83":["sound/vol_scatter8",9,1],"86":["img/img_arow",0,1],"91":["img/btn_xggz_caozuobox_jian",0,1],"92":["img/zi_ganda",0,1],"95":["sound/quick_stop",9,1],"96":["font/font_sg_box_num_0",0,1],"100":["font/font_win",7,1],"103":["common/icon_dt_loading_0/texture",1,1],"104":["common/icon_dt_loading_0/spriteFrame",2,1],"105":["img/zi_goumaixiaoyouxi/spriteFrame",2,1],"106":["img/smallIcon/icon_xggz_huang_s/spriteFrame",2,1],"107":["img/btn_xggz_kuaisu_0/spriteFrame",2,1],"108":["car/iconCar/st_icon_7/texture",1,1],"109":["car/thor_jinbiyu",4,1],"110":["car/skeleton/texture",1,1],"111":["car/animation_title",5,1],"112":["common/icon_dt_loading_0",0,1],"113":["sound/btn_click",9,1],"115":["img/btn_shezhi_off/spriteFrame",2,1],"116":["car/iconCar/st_icon_5/texture",1,1],"117":["img/btn_jinbi_jia/spriteFrame",2,1],"118":["common/btn_off/texture",1,1],"119":["common/btn_off/spriteFrame",2,1],"120":["font/font_beil",7,1],"121":["img/bigIcon/icon_xggz_xin/spriteFrame",2,1],"122":["img/zi_belipermainan/spriteFrame",2,1],"123":["img/word_title_zidong/spriteFrame",2,1],"124":["font/font_win_blue",7,1],"125":["img/word_vip/spriteFrame",2,1],"126":["img/icon_kaiguan_jiantou/spriteFrame",2,1],"127":["img/btn_xggz_kuaisu_1/spriteFrame",2,1],"128":["car/msn_qiehuan_tx/texture",1,1],"129":["img/bg_xggz_caozuobox_di/texture",1,1],"130":["img/bg_xggz_caozuobox_di/spriteFrame",2,1],"131":["img/btn_xggz_caozuobox_jian_1/spriteFrame",2,1],"132":["car/iconCar/st_icon_8/texture",1,1],"133":["img/btn_xggz_caozuobox_jia/spriteFrame",2,1],"134":["prefabs/prefab_starlight_gameBoard",8,1],"135":["font/font_rate_0/texture",1,1],"136":["font/font_rate_0/spriteFrame",2,1],"137":["prefabs/prefab_starlight_loading",8,1],"138":["bg_starlight_bg/texture",1,1],"139":["bg_starlight_bg/spriteFrame",2,1],"140":["img/smallIcon/icon_xggz_xin_s/spriteFrame",2,1],"141":["img/bg_starlight_zhuanpan_1/spriteFrame",2,1],"142":["img/bigIcon/icon_xggz_lvxin/spriteFrame",2,1],"143":["img/btn_shezhi_on/spriteFrame",2,1],"144":["car/Starlight_blc_sg/texture",1,1],"145":["car/iconCar/scatter2/texture",1,1],"146":["img/zi_spin/spriteFrame",2,1],"147":["img/zi_ting/spriteFrame",2,1],"148":["car/freespine_js3/texture",1,1],"149":["car/animation_win_gold",5,1],"150":["car/iconCar/st_icon_1/texture",1,1],"151":["img/btn_zidongyouxi_xuanzhong/spriteFrame",2,1],"152":["car/st_shandian2/texture",1,1],"153":["img/SETTINGS/spriteFrame",2,1],"154":["img/word_set/spriteFrame",2,1],"155":["img/smallIcon/icon_xggz_lanlv_s/spriteFrame",2,1],"156":["car/animation_win_box_label_rate",5,1],"157":["img/bg_starlight_gandabox/spriteFrame",2,1],"158":["img/bigIcon/icon_xggz_hongxin/spriteFrame",2,1],"159":["font/font_rate",7,1],"160":["img/bg_set_box/spriteFrame",2,1],"161":["car/freespine_js/texture",1,1],"162":["car/msn03/texture",1,1],"163":["img/btn_xggz_goumaixiaoyouxi_off/spriteFrame",2,1],"164":["car/st_icon_tx/texture",1,1],"165":["img/bigIcon/icon_xggz_yueliang/spriteFrame",2,1],"166":["font/font_win_announce",7,1],"167":["img/btn_xggz_caozuobox_spin2/spriteFrame",2,1],"168":["img/btn_vip/spriteFrame",2,1],"169":["img/word_loading2/spriteFrame",2,1],"170":["font/font_sg_totalnum_0/texture",1,1],"171":["font/font_sg_totalnum_0/spriteFrame",2,1],"172":["font/font_sg_num",7,1],"173":["img/icon_kaiguan_duihao/spriteFrame",2,1],"174":["font/shuzi_zhongjiangkuang",7,1],"175":["car/st_bigwin/texture",1,1],"176":["font/font_win_announce_top",7,1],"177":["car/animation_win_blue",5,1],"178":["img/word_info/spriteFrame",2,1],"179":["car/iconCar/st_icon_4/texture",1,1],"180":["prefabs/prefab_starlight_iconCar",8,1],"181":["img/bg_starlight_beli_box/spriteFrame",2,1],"182":["img/SOUND/spriteFrame",2,1],"183":["img/btn_xggz_caozuobox_spin/spriteFrame",2,1],"184":["img/btn_set/spriteFrame",2,1],"185":["car/animation_sg_box_title",5,1],"186":["img/bigIcon/icon_xggz_star/spriteFrame",2,1],"187":["font/font_sg_caculate",7,1],"188":["img/word_loading1/spriteFrame",2,1],"189":["img/img_stop/spriteFrame",2,1],"190":["img/bigIcon/icon_xggz_taiyang/spriteFrame",2,1],"191":["car/st_shandian/texture",1,1],"192":["car/skeleton2/texture",1,1],"193":["prefabs/prefab_starlight_bigPrize",8,1],"194":["img/zi_putaran/spriteFrame",2,1],"195":["car/st_icon_tx_kk",4,1],"196":["img/zi_shengyumiafneicishu",0,1],"197":["font/font_sg_num_0",0,1],"198":["img/bg_starlight_operate_lian_zhuagnsitiao",0,1],"199":["img/bg_starlight_operate_lian_zhuagnsitiao/spriteFrame",2,1],"200":["car/iconCar/scatter",0,1],"204":["img/btn_shezhi_off",0,1],"205":["sound/maxCoin",9,1],"206":["sound/win_normal",9,1],"207":["img/zi_goumaixiaoyouxi",0,1],"208":["car/st_icon_xs_tx",3,1],"209":["car/st_shandian",3,1],"210":["img/btn_xggz_kuaisu_0",0,1],"211":["sound/vol_scatter2",9,1],"212":["car/iconCar/st_icon_7",0,1],"213":["sound/single_icon_fall",9,1],"214":["car/iconCar/st_icon_5",0,1],"215":["img/btn_jinbi_jia",0,1],"216":["car/skeleton",0,1],"217":["common/btn_off",0,1],"218":["car/iconCar/st_icon_9",4,1],"219":["car/iconCar/st_icon_7",3,1],"220":["car/iconCar/st_icon_9",3,1],"221":["img/zi_belipermainan",0,1],"222":["car/iconCar/icon_2",4,1],"223":["img/word_title_zidong",0,1],"224":["sound/win5",9,1],"225":["sound/vol_total_multiplier_increase",9,1],"226":["img/icon_kaiguan_jiantou",0,1],"227":["img/btn_xggz_kuaisu_1",0,1],"228":["car/msn_qiehuan_tx",0,1],"229":["img/bg_xggz_caozuobox_di",0,1],"230":["img/btn_xggz_caozuobox_jian_1",0,1],"231":["car/iconCar/st_icon_8",0,1],"232":["img/btn_xggz_caozuobox_jia",0,1],"233":["sound/scatter_flash4",9,1],"234":["font/font_rate_0",0,1],"235":["car/iconCar/st_icon_8",3,1],"236":["sound/vol_total_multiplier_reward2",9,1],"237":["bg_starlight_bg",0,1],"238":["img/bg_starlight_zhuanpan_1",0,1],"239":["img/btn_shezhi_on",0,1],"240":["car/Starlight_blc_sg",0,1],"241":["car/iconCar/scatter2",0,1],"242":["car/freespine_js3",0,1],"243":["car/iconCar/st_icon_1",0,1],"244":["img/btn_zidongyouxi_xuanzhong",0,1],"245":["car/skeleton",3,1],"246":["car/st_shandian2",0,1],"247":["img/SETTINGS",0,1],"249":["img/smallIcon/auto-smallIcon",6,1],"250":["img/bg_starlight_item_box_tiao/spriteFrame",2,1],"251":["img/icon_xggz_bangzhu_1/spriteFrame",2,1],"252":["font/shuzi_zhongjiangkuang_0/texture",1,1],"253":["font/shuzi_zhongjiangkuang_0/spriteFrame",2,1],"254":["font/font_win_announce_0/texture",1,1],"255":["font/font_win_announce_0/spriteFrame",2,1],"256":["car/msnren2/texture",1,1],"257":["car/msn_qiehuan_tx4/texture",1,1],"258":["img/bigIcon/icon_xggz_lv/spriteFrame",2,1],"259":["img/word_spin/spriteFrame",2,1],"260":["img/bg_starlight_zhongjaingdinglan/spriteFrame",2,1],"261":["img/btn_xggz_goumaixiaoyouxi_on/spriteFrame",2,1],"262":["font/font_buy_sg",7,1],"263":["img/bg_input_box/spriteFrame",2,1],"264":["font/font_buy_0/texture",1,1],"265":["font/font_buy_0/spriteFrame",2,1],"266":["font/font_sg_rate",7,1],"267":["img/zi_ting2/spriteFrame",2,1],"268":["img/icon_xggz_bangzhu_3/spriteFrame",2,1],"269":["img/bg_starlight_free_box/spriteFrame",2,1],"270":["img/zi_tanchuang_title/spriteFrame",2,1],"271":["img/icon_xggz_bangzhu_2/spriteFrame",2,1],"272":["img/icon_bank_gold/spriteFrame",2,1],"273":["img/zi_dalam/spriteFrame",2,1],"274":["img/icon_olps_xuanzhong/spriteFrame",2,1],"275":["img/btn_info/spriteFrame",2,1],"276":["font/font_win_0/texture",1,1],"277":["font/font_win_0/spriteFrame",2,1],"278":["img/bigIcon/icon_xggz_scatter/spriteFrame",2,1],"279":["img/btn_xggz_autobox/spriteFrame",2,1],"280":["car/st_bigwin",4,1],"281":["car/mao01",4,1],"282":["img/bg_zhuanpan_2/spriteFrame",2,1],"283":["img/bg_starlight_item_box_tiao",0,1],"284":["img/icon_xggz_bangzhu_1",0,1],"285":["font/shuzi_zhongjiangkuang_0",0,1],"286":["font/font_win_announce_0",0,1],"287":["car/msnren2",0,1],"288":["sound/all_icon_fall",9,1],"289":["car/msn_qiehuan_tx4",0,1],"290":["img/word_spin",0,1],"291":["car/iconCar/st_icon_4",4,1],"293":["sound/win4",9,1],"294":["img/bg_starlight_zhongjaingdinglan",0,1],"295":["img/btn_xggz_goumaixiaoyouxi_on",0,1],"296":["sound/vol_scatter4",9,1],"297":["img/bg_input_box",0,1],"298":["sound/scatter_flash3",9,1],"299":["font/font_buy_0",0,1],"300":["sound/win_freespin",9,1],"301":["sound/vol_scatter1",9,1],"302":["img/icon_xggz_bangzhu_3",0,1],"303":["car/iconCar/st_icon_5",4,1],"304":["img/bg_starlight_free_box",0,1],"305":["sound/scattert_rigger",9,1],"306":["img/zi_tanchuang_title",0,1],"307":["img/icon_xggz_bangzhu_2",0,1],"308":["sound/vol_scatter5",9,1],"309":["img/icon_bank_gold",0,1],"310":["img/zi_dalam",0,1],"311":["img/icon_olps_xuanzhong",0,1],"312":["img/btn_info",0,1],"313":["font/font_win_0",0,1],"314":["car/spine_guangquan",4,1],"315":["car/msnren",3,1],"316":["img/btn_xggz_autobox",0,1],"318":["img/auto-starlight",6,1],"319":["car/thor_jinbi",4,1],"320":["img/word_loading_blue_1/spriteFrame",2,1],"321":["img/bigIcon/icon_xggz_lanlv/spriteFrame",2,1],"322":["font/font_win_blue_0/texture",1,1],"323":["font/font_win_blue_0/spriteFrame",2,1],"324":["img/bg_starlight_ganda_kaiguan/spriteFrame",2,1],"325":["img/smallIcon/icon_xggz_taiyang_s/spriteFrame",2,1],"326":["img/btn_zidongyouxi_weixuan/spriteFrame",2,1],"327":["car/freespine_js",4,1],"328":["car/st_icon_tx_kk/texture",1,1],"329":["car/iconCar/st_icon_6/texture",1,1],"330":["img/bg_set_box_nei/spriteFrame",2,1],"331":["img/icon_xggz_bangzhu_4/spriteFrame",2,1],"332":["car/spine_guangquan/texture",1,1],"333":["font/font_beil_0/texture",1,1],"334":["font/font_beil_0/spriteFrame",2,1],"335":["common/icon_dt_loading_1/texture",1,1],"336":["common/icon_dt_loading_1/spriteFrame",2,1],"337":["img/bigIcon/icon_xggz_lanxin/spriteFrame",2,1],"338":["img/bigIcon/icon_xggz_huang/spriteFrame",2,1],"339":["img/zi_win/spriteFrame",2,1],"340":["img/MUSIC/spriteFrame",2,1],"341":["prefabs/prefab_starlight_down_new",8,1],"342":["img/zi_totalwin/spriteFrame",2,1],"343":["font/font_win_announce_top_0/texture",1,1],"344":["font/font_win_announce_top_0/spriteFrame",2,1],"345":["car/msn03",4,1],"346":["img/zi_shezhi/spriteFrame",2,1],"347":["font/font_sg_caculate_0/texture",1,1],"348":["font/font_sg_caculate_0/spriteFrame",2,1],"349":["img/smallIcon/icon_xggz_star_s/spriteFrame",2,1],"350":["img/bg_starlight_operate_box_gold/spriteFrame",2,1],"351":["img/btn_xggx_caidan/spriteFrame",2,1],"352":["car/st_icon_xs_tx2/texture",1,1],"353":["img/zi_kesempatan/spriteFrame",2,1],"354":["img/bg_help_box/texture",1,1],"355":["img/bg_help_box/spriteFrame",2,1],"356":["car/thor_jinbiyu/texture",1,1],"357":["img/zi_4/spriteFrame",2,1],"358":["car/msn_qiehuan_tx2/texture",1,1],"359":["car/st_icon_xs_tx/texture",1,1],"360":["font/font_sg_rate_0/texture",1,1],"361":["font/font_sg_rate_0/spriteFrame",2,1],"362":["img/zi_on/spriteFrame",2,1],"363":["img/word_title_bangzhu/spriteFrame",2,1],"364":["img/bigIcon/icon_xggz_lan/spriteFrame",2,1],"365":["car/iconCar/icon_bl",4,1],"366":["img/bigIcon/icon_xggz_huangxin/spriteFrame",2,1],"367":["car/st_shandian",4,1],"368":["prefabs/prefab_starlight_smallGame_caculate",8,1],"369":["img/zi_3/spriteFrame",2,1],"370":["bg_starlight_loading/texture",1,1],"371":["bg_starlight_loading/spriteFrame",2,1],"372":["img/word_exit/spriteFrame",2,1],"373":["img/bg_free_box/spriteFrame",2,1],"374":["car/msnren/texture",1,1],"375":["car/iconCar/icon_2/texture",1,1],"376":["img/zi_1/spriteFrame",2,1],"377":["prefabs/prefab_starlight_introduce",8,1],"378":["img/smallIcon/icon_xggz_lv_s/spriteFrame",2,1],"379":["car/spine_guangquan2/texture",1,1],"380":["font/shuzi_xiazhujine",7,1],"381":["img/zi_maksimum/spriteFrame",2,1],"382":["img/btn_olpn_kaiguan/spriteFrame",2,1],"383":["prefabs/prefab_starlight_roller",8,1],"384":["img/zi_goodluck/spriteFrame",2,1],"385":["car/iconCar/st_icon_9/texture",1,1],"386":["img/btn_tanchaugn_off/spriteFrame",2,1],"387":["font/font_sg_box_num",7,1],"388":["img/smallIcon/icon_xggz_lan_s/spriteFrame",2,1],"389":["img/bg_zidongyouxi_box_nei/spriteFrame",2,1],"390":["img/bigIcon/icon_xggz_hong/spriteFrame",2,1],"391":["img/btn_exit/spriteFrame",2,1],"392":["img/zi_bonusaktif/spriteFrame",2,1],"393":["car/thor_jinbi/texture",1,1],"394":["img/btn_xggz_caozuobox_jia_0/spriteFrame",2,1],"395":["bg_starlight_sgBg/texture",1,1],"396":["bg_starlight_sgBg/spriteFrame",2,1],"397":["car/msn_qiehuan_tx3/texture",1,1],"398":["car/msnren",4,1],"399":["car/Starlight_blc_sg",4,1],"400":["car/mao01/texture",1,1],"401":["img/bg_zidongyouxibox/spriteFrame",2,1],"402":["img/zi_selamat/spriteFrame",2,1],"403":["font/font_buy_sg_0/texture",1,1],"404":["font/font_buy_sg_0/spriteFrame",2,1],"405":["img/zi_off/spriteFrame",2,1],"406":["car/animation_add_odds",5,1],"407":["prefabs/prefab_starlight_bg_main",8,1],"408":["img/bg_starlight_rate_box/spriteFrame",2,1],"409":["img/btn_banghzu_fanye/spriteFrame",2,1],"410":["car/iconCar/st_icon_3/texture",1,1],"411":["img/smallIcon/icon_xggz_hong_s/spriteFrame",2,1],"412":["img/bg_starlight_item_box/spriteFrame",2,1],"413":["font/font_add_free_num_0/texture",1,1],"414":["font/font_add_free_num_0/spriteFrame",2,1],"415":["img/bg_starlight_operate_box_win/spriteFrame",2,1],"416":["img/zi_anda/spriteFrame",2,1],"417":["car/animation_win_box_label_rate-end",5,1],"418":["car/iconCar/icon_bl/texture",1,1],"419":["car/freespine_js2/texture",1,1],"422":["img/bg_starlight_gandabox",0,1],"423":["img/bigIcon/icon_xggz_hongxin",0,1],"424":["sound/bigwin4over",9,1],"425":["img/bg_set_box",0,1],"426":["car/thor_jinbi",3,1],"427":["car/iconCar/st_icon_6",3,1],"428":["car/freespine_js",0,1],"429":["car/msn03",0,1],"430":["img/btn_xggz_goumaixiaoyouxi_off",0,1],"431":["car/iconCar/st_icon_1",4,1],"432":["car/st_bigwin",3,1],"433":["sound/starlight_free_bgm",9,1],"434":["car/st_icon_tx",0,1],"435":["prefabs/prefab_starlight_set",8,1],"436":["img/btn_xggz_caozuobox_spin2",0,1],"437":["img/btn_vip",0,1],"438":["img/word_loading2",0,1],"439":["font/font_sg_totalnum_0",0,1],"440":["img/icon_kaiguan_duihao",0,1],"441":["car/st_bigwin",0,1],"442":["car/iconCar/st_icon_4",0,1],"443":["sound/scatter_flash1",9,1],"444":["img/bg_starlight_beli_box",0,1],"445":["sound/scatter_flash5",9,1],"446":["img/SOUND",0,1],"447":["img/btn_xggz_caozuobox_spin",0,1],"448":["img/btn_set",0,1],"449":["car/msn_qiehuan_tx",3,1],"450":["img/word_loading1",0,1],"451":["img/img_stop",0,1],"452":["sound/win7",9,1],"453":["car/st_shandian",0,1],"454":["car/skeleton2",0,1],"455":["sound/turn",9,1],"456":["car/thor_jinbiyu",3,1],"457":["car/freespine_js",3,1],"458":["img/zi_putaran",0,1],"462":["img/bg_zhuanpan_2",0,1],"463":["sound/ui_freespin",9,1],"464":["car/spine_guangquan",3,1],"465":["sound/chooseNum",9,1],"466":["img/word_loading_blue_1",0,1],"470":["car/iconCar/st_icon_1",3,1],"471":["font/font_win_blue_0",0,1],"472":["img/bg_starlight_ganda_kaiguan",0,1],"473":["img/btn_zidongyouxi_weixuan",0,1],"474":["car/st_icon_tx_kk",0,1],"475":["car/iconCar/st_icon_6",0,1],"476":["sound/vol_total_multiplier_reward3",9,1],"477":["sound/win6",9,1],"478":["img/bg_set_box_nei",0,1],"479":["img/icon_xggz_bangzhu_4",0,1],"480":["car/spine_guangquan",0,1],"481":["font/font_beil_0",0,1],"482":["common/icon_dt_loading_1",0,1],"483":["sound/bigwin3",9,1],"484":["img/zi_win",0,1],"485":["img/MUSIC",0,1],"486":["sound/win1",9,1],"487":["car/st_icon_tx_kk",3,1],"488":["font/font_win_announce_top_0",0,1],"489":["font/font_sg_caculate_0",0,1],"490":["sound/spin",9,1],"491":["sound/vol_scatter6",9,1],"492":["sound/vol_scatter7",9,1],"493":["sound/minCoin",9,1],"494":["img/btn_xggx_caidan",0,1],"495":["car/st_icon_xs_tx2",0,1],"496":["img/zi_kesempatan",0,1],"497":["img/bg_help_box",0,1],"498":["car/thor_jinbiyu",0,1],"499":["car/thor_jinbiyu/spriteFrame",2,1],"500":["sound/starlight_main_bgm",9,1],"501":["car/msn_qiehuan_tx2",0,1],"502":["sound/vol_scatter3",9,1],"503":["car/st_icon_xs_tx",0,1],"504":["font/font_sg_rate_0",0,1],"505":["prefabs/prefab_starlight_auth_launcher",8,1],"506":["sound/win8",9,1],"507":["car/msn03",3,1],"508":["sound/vol_total_multiplier_reward4",9,1],"509":["car/iconCar/st_icon_8",4,1],"510":["img/word_title_bangzhu",0,1],"511":["car/iconCar/st_icon_3",3,1],"512":["car/iconCar/icon_bl",3,1],"513":["car/iconCar/st_icon_4",3,1],"514":["bg_starlight_loading",0,1],"515":["img/bg_free_box",0,1],"516":["car/iconCar/st_icon_3",4,1],"517":["prefabs/prefab_starlight_sg_buyBox",8,1],"518":["car/msnren",0,1],"519":["sound/freespin_cancel",9,1],"520":["car/iconCar/icon_2",0,1],"521":["car/iconCar/st_icon_5",3,1],"522":["img/zi_1",0,1],"523":["sound/lightning",9,1],"524":["sound/bigwin3over",9,1],"525":["sound/scatter_flash2",9,1],"526":["sound/bigwin2",9,1],"527":["car/spine_guangquan2",0,1],"528":["img/zi_maksimum",0,1],"529":["sound/win9",9,1],"530":["sound/bigwin2over",9,1],"531":["sound/multiplier_reward",9,1],"532":["img/btn_olpn_kaiguan",0,1],"533":["sound/freespin_confirm",9,1],"534":["car/iconCar/icon_2",3,1],"535":["sound/bigwin1",9,1],"536":["car/iconCar/st_icon_7",4,1],"537":["sound/vol_total_multiplier_reward1",9,1],"538":["img/zi_goodluck",0,1],"539":["car/iconCar/st_icon_9",0,1],"540":["img/btn_tanchaugn_off",0,1],"541":["img/bg_zidongyouxi_box_nei",0,1],"542":["img/btn_exit",0,1],"543":["img/zi_bonusaktif",0,1],"544":["car/thor_jinbi",0,1],"545":["img/btn_xggz_caozuobox_jia_0",0,1],"546":["bg_starlight_sgBg",0,1],"547":["car/st_icon_tx",3,1],"548":["car/msn_qiehuan_tx3",0,1],"549":["car/mao01",0,1],"550":["img/bg_zidongyouxibox",0,1],"551":["img/zi_selamat",0,1],"552":["font/font_buy_sg_0",0,1],"553":["img/bg_starlight_rate_box",0,1],"554":["img/btn_banghzu_fanye",0,1],"555":["sound/bigwin1over",9,1],"556":["car/iconCar/st_icon_3",0,1],"557":["img/smallIcon/icon_xggz_hong_s",0,1],"558":["img/bg_starlight_item_box",0,1],"560":["car/st_icon_tx",4,1],"561":["sound/vol_total_multiplier_reward6",9,1],"562":["font/font_add_free_num_0",0,1],"563":["img/bg_starlight_operate_box_win",0,1],"564":["sound/vol_total_multiplier_reward5",9,1],"565":["img/zi_anda",0,1],"566":["car/iconCar/scatter",3,1],"567":["car/iconCar/icon_bl",0,1],"568":["sound/bigwin4",9,1],"569":["car/iconCar/st_icon_6",4,1],"570":["car/freespine_js2",0,1],"571":["sound/buy_rate_btn_click",9,1],"575":["sound/win10",9,1]},"scenes":{},"packs":{"0184caf0f":[355,377],"01b05cba5":[75,0,180,195,365],"022ed4044":[134,139],"028850be1":[34,380],"0295a897e":[66,172],"02c1067e6":[130,341,574],"036835910":[127,153,160,167,183,184,189,275,279,326,318,330,363,384,386,391],"038bc2951":[78,171],"038c3a590":[109,193,280,319],"039c67cca":[70,104,119,336],"03adc0018":[367,383],"042990787":[262,404],"04be6f0a9":[70,137,460,371,559],"04c481acd":[64,77,107,141,151,188,274,320,318,331,346,376,381,409],"050b6fe44":[74,414],"06a0ff80a":[43,94,79,98,101,201,103,118,135,138,148,150,152,161,162,164,252,254,256,257,328,329,332,333,335,72,88,116,110,129,132,144,145,175,179,191,264,276,65,67,68,81,8,108,420,170,192,459,90,128,85,202,33,468,322,343,347,352,354,356,358,360,359,374,375,370,379,385,393,395,397,400,403,410,413,418,419,573],"06fb7d2d3":[174,253],"07121af85":[51,120,318,334],"07ef959b3":[166,255],"080917a50":[10,55,71,146,163,168,181,260,261,269,271,318,340,353,408,412,415],"091d31b84":[136,159],"09e077d09":[100,277],"0a3175b80":[266,361],"0a3e4a9d2":[124,323],"0a97c7de0":[318,401],"0af4848d8":[22,76,126,131,133,173,251,259,263,268,270,318,342,350,351,362,372,392,394],"0b1f187e4":[187,348],"0b645a985":[5,106,140,155,325,349,249,378,388,411],"0b820209f":[52,53,203,421,281,469,345,249,396,398,399,407],"0bd082c0b":[121,0,142,158,165,186,190,258,278,321,337,338,364,366,390],"0db32cfbd":[9,54],"0e60a305e":[176,344],"0f73ff845":[27,115,105,117,122,123,125,143,147,154,157,169,178,182,194,250,267,272,273,282,324,318,339,357,369,373,382,389,402,405,416],"0fc58477f":[1,265],"0ffd614e2":[80,327,368,387]},"versions":{"import":[],"native":[]},"redirect":[292,"0"],"debug":false,"extensionMap":{".cconb":[111,149,156,177,185,406,417,461]},"hasPreloadScript":true,"dependencyRelationships":{},"types":["cc.ImageAsset","cc.Texture2D","cc.SpriteFrame","cc.Asset","sp.SkeletonData","cc.AnimationClip","cc.SpriteAtlas","cc.BitmapFont","cc.Prefab","cc.AudioClip"]}