{"importBase":"import","nativeBase":"native","name":"starlight","deps":["main"],"uuids":["9dX1uQ5lVAUoX7GsV/q8QO","19GONIvIhMTq1BPltTJXfw","36fx9x3/tLRZlMt0XHSAuP","b20k4jGRlLearRcH/+uRqn","00hdHYwW9BDpokOnNWwVWf","00u6aaX0tOwoaKuc5QtimX","01PLKr6llB54x+l8KRj6VP","01hiDbYDxDgrDtGEJX4wOr@f9941","02QfPfGShPEZ3X4BKP0BwR","02QfPfGShPEZ3X4BKP0BwR@6c48a","02QfPfGShPEZ3X4BKP0BwR@f9941","04HXeUMZdJzo41DNZuWHrU","04HXeUMZdJzo41DNZuWHrU@f9941","04u+7WPDlFoZ9/C3SqWnsF","05eJDc4kVAtZPyD4OlBvT+","05eJDc4kVAtZPyD4OlBvT+@f9941","06Im8otFhHXbPbq+KDmma5","06Im8otFhHXbPbq+KDmma5@f9941","07JESrBSdFJK3vcRQR1/ti","07JESrBSdFJK3vcRQR1/ti@6c48a","07JESrBSdFJK3vcRQR1/ti@f9941","08wEOI7kpGA6rnkDioFmw0","0aRu4zYxJKIa3Q3l4WBg3Q","0aRu4zYxJKIa3Q3l4WBg3Q@6c48a","0dG9LuOINCw7yDpaKYo+32","0ddA/IwOxA6qFt4fyYV8Lk","0eOtWAQ+RJr5tGqNFA5On4","0eU2JvdkBK+4mfIrlCvv3N","0e0Fm/GDhIN4PbcwaNOroh","0edfaaf1e","0fwERQEulALY3BjQXTJYSM","10R1gBJQ5HAo4NaXPalYnB@f9941","11lePfCP5N65UMX6oR9GW1","12eGr+ssBDY5V9PZ6+4Cwo","12eGr+ssBDY5V9PZ6+4Cwo@f9941","13PGtJtFRGR69i7MyY4Zwa","13PGtJtFRGR69i7MyY4Zwa@6c48a","13PGtJtFRGR69i7MyY4Zwa@f9941","14LMIipvpPcIGT4zm5qx2L","14LMIipvpPcIGT4zm5qx2L@6c48a","14LMIipvpPcIGT4zm5qx2L@f9941","14W8nqnmFBqLuX5sj1//Hh","14W8nqnmFBqLuX5sj1//Hh@6c48a","16OO/5MMxHFK2fU8Z0DPjt","16dUqn8PdCxIRRDo0b/71/","161ZLitZdP+Lnr81/tb0Tl","17ReWv4XFPJLmA6o05fcXs","17ReWv4XFPJLmA6o05fcXs@f9941","18dxpuWuVKLrJgKu9krSHs","18eirF6cFJm7sLULVqAlaw","18eirF6cFJm7sLULVqAlaw@f9941","19F0wHfm5E0ZThs8vkwIKb","19F0wHfm5E0ZThs8vkwIKb@f9941","195fkfISNGApa/QaJwvD3Q","1eGgFgcnFCSYk+zGZFtSZv","1epXbBd99CCJ4zOzHs2RQn","1epXbBd99CCJ4zOzHs2RQn@6c48a","1epXbBd99CCJ4zOzHs2RQn@f9941","1fM6XeKuNHlJUJoumy6TPZ","1f5WeuVz5MjKHYSwec7P9R","1f5WeuVz5MjKHYSwec7P9R@6c48a","1f5WeuVz5MjKHYSwec7P9R@f9941","20MbGqiN1PiY+KJfli6XZp","21ssb0hL9ERZURvNjGYcVf","21ssb0hL9ERZURvNjGYcVf@f9941","217qfzBAhHJIVY4DkaJLCO","22BozmL7BCpbzYqi+RaBsX","22JGyy6cFJwb7F59jZCYlV","22JGyy6cFJwb7F59jZCYlV@f9941","22oIMocrBGCYHGU33Hphwi","23KLavmiFGF7wDEIEeJiBQ","23VpNg7SFE97FJ1G37/BF7@f9941","23jfNaCZZKa6tK0S6E3Nyd","23jfNaCZZKa6tK0S6E3Nyd@f9941","230AWJvFRH54xPmDRT+wVQ","25SrsOzA5B7LDg1yrZ/GYO","25SrsOzA5B7LDg1yrZ/GYO@6c48a","251Wt6+qNKZLTNujjkjBSG","25+IkKFBtOKbEyLrK/pvEp","25+IkKFBtOKbEyLrK/pvEp@6c48a","2691yjIlZAgZ0wYJNntjmI","276KM7NIBJVIxFkX6655WB","276KM7NIBJVIxFkX6655WB@f9941","289Cx+bTZD04rdMIis85QE","289Cx+bTZD04rdMIis85QE@6c48a","2aQN+W3PpPgKhdSnpCfzZM","2aQN+W3PpPgKhdSnpCfzZM@6c48a","2aQN+W3PpPgKhdSnpCfzZM@f9941","2aguHZgh5GnZ3n6nZiRnFm","2a2QqEbWtOMrPARKdQ/dST","2bOqzUz/5OaaY/N9LU+Bxq","2brwW5NEJOzIxmpfIwm+jz@f9941","2ckiYlpptOVbWFx1IhV6RS","2cl5s8KPRDDIivTzUX8Uo/","2dMfG/pwhNIY/sHORdQZzn","2dMfG/pwhNIY/sHORdQZzn@f9941","2e9ancvvBHbYKVsZzv6stV","2fQAOb5RZOfqSVQfCEt014","2fQAOb5RZOfqSVQfCEt014@f9941","2fWgBoML9Jr5HqqT85mY2n","2fvOCXiydLebHd9JnU9HFC","30ZHIGH4NIJrFnFgittv96@f9941","31J3JEvEJOH4gEOgChp3aK","31YypLdP5E7LeDSHHy18MT","31YypLdP5E7LeDSHHy18MT@f9941","33IvWai8dC54CqebR8y4Zv","33IvWai8dC54CqebR8y4Zv@f9941","34me0MiApDq4TXgHftwOPJ","34me0MiApDq4TXgHftwOPJ@6c48a","34/DM/LrNFbqEi3z6QNO/F","34/DM/LrNFbqEi3z6QNO/F@6c48a","34/DM/LrNFbqEi3z6QNO/F@f9941","36VLUEjwBAnbyCfF65YTsk","36VLUEjwBAnbyCfF65YTsk@f9941","3708A8gKBEDLaw9BpBFQLl","3708A8gKBEDLaw9BpBFQLl@6c48a","38MOAlI1xEnIngxkM+VTZB","38MOAlI1xEnIngxkM+VTZB@f9941","38/6JlYK9FkqeQaiSQ4mLK","39u8JmjR1AUo9tfqLDePGX","3bKPe2eUdDQLZqLbgDwcB0","3bKPe2eUdDQLZqLbgDwcB0@6c48a","3bKPe2eUdDQLZqLbgDwcB0@f9941","3eUX4mG8NLU7rZu8/BwZJx","3eb3/6c6tCwqx68d+IPpo/","3fWymW8f9N0Y5Abnhjo+x3","3fb/NOwB9H/Iy+CmSdt4zT","3fb/NOwB9H/Iy+CmSdt4zT@6c48a","3fb/NOwB9H/Iy+CmSdt4zT@f9941","3fzRxJ3UZI9ZS+DaM/1uxr@f9941","40bAfYmtlPjJkV7u1Be5NZ","40bAfYmtlPjJkV7u1Be5NZ@f9941","40+mLe53RCsa15MzMaCh2k@f9941","45Hn/ZZMFJ9qq8bOw/HD/b","45Hn/ZZMFJ9qq8bOw/HD/b@f9941","464UW9Is9ML703+q8wzgEC","464UW9Is9ML703+q8wzgEC@6c48a","469hfdP3FL6r+9ftEMMSHo","469hfdP3FL6r+9ftEMMSHo@6c48a","48GoI70TNJNYih5wqqaaG5@f9941","49YsEB6z1LVa+83AnzJsIB@f9941","4aHRD8ospKeKHLL3Bv+Twd","4aHRD8ospKeKHLL3Bv+Twd@6c48a","4aed/BsOxB66RvWwNS2F0+","4a/k/49BlCW5khI0sJX7Oq","4a/k/49BlCW5khI0sJX7Oq@6c48a","4bakJvG1hIO7Pr7ECSbeah","4bakJvG1hIO7Pr7ECSbeah@f9941","4b6PXHTtFMV6i4Z9gQ2uWy","4d00yMU4BAYqxgPSHhoy98","4d00yMU4BAYqxgPSHhoy98@6c48a","4eE8de1OdJvKoh72LSyWKP","4eE8de1OdJvKoh72LSyWKP@f9941","52YkSTtV5OH6Lc96O7amQz@f9941","54OYksTvNEM6ZmmTKl3jaQ@f9941","55UryV//NAX43C6OrLfIhx","55i+1f4kNH6JFLkFp+7lkK","55i+1f4kNH6JFLkFp+7lkK@f9941","55vuZRTMNHHZZzG30byonC","55vuZRTMNHHZZzG30byonC@f9941","56f3b7jldKHJ5h2Pbs6I8A","56y5MOrbdJ6aR5PKwIEXRP","57h2ACNCtPJ7cyK/LTYxoN","57h2ACNCtPJ7cyK/LTYxoN@f9941","58751lVD9BkqrzNQvqHmNA","59/FocRNZMdZnXbcVNTXID","5asrbNavZC7qFf0WSYcuZT","5asrbNavZC7qFf0WSYcuZT@6c48a","5a0VCJQ+lDcZMPjipK8ssc","5a0VCJQ+lDcZMPjipK8ssc@6c48a","5bW5J5OPRIE5ivWITABLrF","5bW5J5OPRIE5ivWITABLrF@f9941","5b2RmpC/xHdrfpWVGuvkSA","5ci/GZrZVCj5YeAuysr/rV","5clpgCb7RA4ZZNijNUKOBL","5dnWByXGBNgIT/g9dJd9l0","5dnWByXGBNgIT/g9dJd9l0@6c48a","5ee9kgc6dFMJrYvv7+oPP4@f9941","5eqwS5m61Pp59xJgPfofO4","5e9RyMNyZObqtdNFRT12sM","5fPl1NYK5IyIcgZ2cAqN59","5fPl1NYK5IyIcgZ2cAqN59@f9941","5fk/0zsf5AwLwFniHOAmnK","5fk/0zsf5AwLwFniHOAmnK@f9941","5fl+SnxJZE8a4kG2y2J0Tc","5fl+SnxJZE8a4kG2y2J0Tc@f9941","61G3WxV0NErqqVmUEEXnNE","61G3WxV0NErqqVmUEEXnNE@6c48a","61G3WxV0NErqqVmUEEXnNE@f9941","62zmgIr5dPwJprW5328uUV","64AQruG/ZIUqQ1N2WPDVMi","64AQruG/ZIUqQ1N2WPDVMi@f9941","64XPIoHAJLopu0CW+iExmV","656xHZKzBDnJY4i6NybK+w","656xHZKzBDnJY4i6NybK+w@6c48a","68Y4X+ACRNWaNDGHBjGgI/","68qM1U2G1HIZj/WAf8xGMM","680AeAigFObqwpIkuHvD7f@f9941","681e9ryllD2I6Cuenj+r3b","681e9ryllD2I6Cuenj+r3b@6c48a","69R1wgiFVILb2JotMqxjH3","6aeeHqXAtApLrcF5Phix14","6a1sX95XtPHoyWSZVCGpNI","6a1sX95XtPHoyWSZVCGpNI@f9941","6cHk617NxAG7DNOrZsgsrz","6cXwPTtBVL8417uth1FS4v","6cXwPTtBVL8417uth1FS4v@f9941","6dSVJOz6pJgJKniPbXXcwW","6dSVJOz6pJgJKniPbXXcwW@f9941","6dzxK2cNRPBqX9+fm68uqm","6dzxK2cNRPBqX9+fm68uqm@f9941","6eMyXHoA1EzbF6jskaVggw","6e8iuHAqlBQ4xtFaiYRzQ0@f9941","6fd8BB3FlL150Wb5uO1BkX","6f8pOlxAVH5ZOBp4HBYXAu","70uZ9A5S1CTZAw3BRZhpPV","70uZ9A5S1CTZAw3BRZhpPV@f9941","708zdc301NFJHx5oIeKbOh","708zdc301NFJHx5oIeKbOh@f9941","71IKLQGaFLVLbeZhk8VLou@f9941","73iEiNRtxPB5soq4asuK8H","73/Q31a0FMtKvz13WHgu9e","73/Q31a0FMtKvz13WHgu9e@6c48a","74HOtuPFRGdKmOus51QHBs","74HOtuPFRGdKmOus51QHBs@6c48a","75eC1dBw9CVoljRa+fj0Il","755WL+cAlOnYM150lgstch","76WGMi9CRMXYkmYE74zBkb","774P76MlZO7JN8IShU3zE5","77/R6/2xpL5KR18Ytn3Lbv","77/R6/2xpL5KR18Ytn3Lbv@f9941","78S0Dgu+VCdrstgcmMEkTf","79Wf1lTtJB9q3nEotX2i96","79Wf1lTtJB9q3nEotX2i96@f9941","7awy3P5FpJp58MgSJwcaTE","7awy3P5FpJp58MgSJwcaTE@f9941","7bAPo1FeNExbhg+OPcfUkQ","7bAPo1FeNExbhg+OPcfUkQ@6c48a","7bAPo1FeNExbhg+OPcfUkQ@f9941","7bBvAKavZFmIaaoMOZpi9y","7bBvAKavZFmIaaoMOZpi9y@6c48a","7bBvAKavZFmIaaoMOZpi9y@f9941","7cXlfFjqxGKq99OkjHxYNy","7cXlfFjqxGKq99OkjHxYNy@6c48a","7coyy18DxAZak8WeFHfDSU","7dBHY2yOVPB7sGY7BOyc3K","7dBHY2yOVPB7sGY7BOyc3K@6c48a","7dP0DoobBEloAxPZw/Yt17@f9941","7dVqZiix9FcbtWo925nrNz","7dVqZiix9FcbtWo925nrNz@f9941","7dW76DDA5I/LFvsAcPDX4u","7d9mxepHVLkZHkkzzUsKDy","7edDCEV61Bpa0mP3uVetBo","7edDCEV61Bpa0mP3uVetBo@f9941","7e57yAwRNDmIYo4Ackt5WO","7e57yAwRNDmIYo4Ackt5WO@f9941","7feOzRUiFCxK7dq5KKds88","7flaaeI+VLZ4RoUgefXnE3","81v3sOgWBNUa8upNY2SjIO","81v3sOgWBNUa8upNY2SjIO@f9941","82oWc0qYxALakEVKfFy/FS","82oW7Zv1xEwYqh+bdtl8PC","82oW7Zv1xEwYqh+bdtl8PC@6c48a","82oW7Zv1xEwYqh+bdtl8PC@f9941","83jiFpEuZMeq+7fCXZhEoM","84WBUhxepJ24z4ICF3BIWb@f9941","84wV4JrwdMQbEDtTXebfEp","847grvhSpCgp7hY6mU1Joz","85WkQMULVCWqCPe8egAdhE","85WkQMULVCWqCPe8egAdhE@f9941","86fnBnwINIpo0/Wr+BOZ31","86yQVtyvFDO7G5dRBlIy5n","86yQVtyvFDO7G5dRBlIy5n@f9941","864Lq2m3hNuphozrCgaX8/","87CuXK9z1PiYPr3RVn8xj8","87CuXK9z1PiYPr3RVn8xj8@f9941","87/zu703BFpJUKhWZaZXj5","87/zu703BFpJUKhWZaZXj5@f9941","88seDB28VKh4rUTg4lbP1h","88uE9Vk+FLeYIW00DdOjXX","88uE9Vk+FLeYIW00DdOjXX@f9941","88yqOKn8ZNB6P0NISR4JYt","88yqOKn8ZNB6P0NISR4JYt@f9941","89SOFLccFEF7tm0ZL9GXcE","89SOFLccFEF7tm0ZL9GXcE@f9941","89sigCxEFJGY5py8LiLlKK","89sigCxEFJGY5py8LiLlKK@f9941","89ynBOWepDiIGm3m/Kz8C+","89ynBOWepDiIGm3m/Kz8C+@6c48a","89ynBOWepDiIGm3m/Kz8C+@f9941","8a9VFZSPZGeY7I1UBXJRRM","8bFawpVaZDy5UP6wdRTgZm@f9941","8cONKay8ZENIUXSKnWyZRt","8eMwUCJj5NqImrLcIkiDJv","8eMwUCJj5NqImrLcIkiDJv@f9941","8fD0e8+VFFyZNS4Z9aXm23","8fNq/R9J1Mnonbbl+9pu/M","93Z2SgjadGvJvpYzlN0plF","93Z2SgjadGvJvpYzlN0plF@f9941","93ws060E5EBZpLz2f88pID","94KoPA4Z1F5LyB9FQKVF9n","944Yq2m4REz7T5x+gOssNF","95Bc2sgx1MBae8GLo++76k","95EJ59yi5C6pcrs8sfMVNT","95EJ59yi5C6pcrs8sfMVNT@f9941","96tuNbGiVCm5kMyoeHtyu8@f9941","99HNXjQMJP0oPOh4uIKfes","99U0ItC9RCHYhi6tllpqld","99U0ItC9RCHYhi6tllpqld@6c48a","99U0ItC9RCHYhi6tllpqld@f9941","99kAvFvkBKh6WRC5pwd9a2","99kAvFvkBKh6WRC5pwd9a2@f9941","9aeOI7JoRGmJ8btkuSafM+@f9941","9aj/QxhElNRrP9/l00KaVs","9aj/QxhElNRrP9/l00KaVs@f9941","9bbRrdaO1PzLQ6Eno5riU+","9bsmw4YiVCH7PXMqFXnNd7","9bsmw4YiVCH7PXMqFXnNd7@6c48a","9bz2oSU4pG+aw2G9HZCaEu","9bz2oSU4pG+aw2G9HZCaEu@6c48a","9dQPGr36hI8oO8UA7K0oZx","9dRRUVzEpK3LxoXIbM6erA","9dl08EB0JIhar6qb9Kdik6","9dl08EB0JIhar6qb9Kdik6@f9941","9d0M/K2ORFxapv09sIm14J","9d0M/K2ORFxapv09sIm14J@f9941","9d3HWB9dFEXqZjcIdM6Hd9","9d3HWB9dFEXqZjcIdM6Hd9@6c48a","9d96DPoHxN5ZT6J/jS/K8c","9d96DPoHxN5ZT6J/jS/K8c@6c48a","9d96DPoHxN5ZT6J/jS/K8c@f9941","9eN78uKaRE5KEgtkyHKIMD","9eN78uKaRE5KEgtkyHKIMD@6c48a","9eN78uKaRE5KEgtkyHKIMD@f9941","9eO+IUan9Hw5zb99m1x5vj@f9941","9eRH/z1nJPBYFEJ4+u5qmX","9fMvdN3W9PJKYLvx3o3mFj@f9941","a0HtrbOiJKUYVnS+OtBqTb","a0HtrbOiJKUYVnS+OtBqTb@f9941","a0J4oqR5RD06LHxEoITkWc","a0J4oqR5RD06LHxEoITkWc@f9941","a2isyuNWxFhZf3cv5E5FjR","a3JAGXfTxFlqyes/Ar2bDl","a30IFXCuxFDKbPeZdQBhA9","a5D2wvh7VPt4dMynCQ5pYF@f9941","a549y/+H5DQrxtLE3fW4Yu","a549y/+H5DQrxtLE3fW4Yu@6c48a","a549y/+H5DQrxtLE3fW4Yu@f9941","a57cx53HZE/aQXSqj5Jx0X","a6XjBU0VtNTZI1osmBuDCg@f9941","a6ywLxq1hNhpMNMJBi/5kJ","a6ywLxq1hNhpMNMJBi/5kJ@6c48a","a6ywLxq1hNhpMNMJBi/5kJ@f9941","a69+CduyhEzIMk4Bs5Nr0z@f9941","a7BEpnzzdJ+pVFmK1mnoqg","a7Mto4LnhD9oTBQdE793nx@f9941","a8AxqJDnJDJJjwiKxI5vND","a8lL9hLXpAIYuJeHI/+USY","aabIRho+VH8ax9028ovGfJ","aa6ofZFURCnbdd/PyDRH8g","aa6ofZFURCnbdd/PyDRH8g@f9941","acNmgfP2VOQKWMI85GhV13","acNmgfP2VOQKWMI85GhV13@6c48a","acQl6G2whJE6BKC5KFbDxK","acQl6G2whJE6BKC5KFbDxK@f9941","adsMka9XVPia9LBgBx+VtC","adsMka9XVPia9LBgBx+VtC@6c48a","adsMka9XVPia9LBgBx+VtC@f9941","ae0L3tmQxLqYZ4f6yiSKmX","ae0L3tmQxLqYZ4f6yiSKmX@6c48a","ae0L3tmQxLqYZ4f6yiSKmX@f9941","ae17kUyRFDC7SfJsPYBAh5","b0XKLfhdxP2JzAt2Up75G6@f9941","b01cZJmMNOc6e2RzruWzho","b01cZJmMNOc6e2RzruWzho@6c48a","b0+9cm4V5PkqZIBCYvafgo","b1IaovCH9A9ogIYAynGEsU","b1IaovCH9A9ogIYAynGEsU@6c48a","b1K80tpi9MUKdgdjxhIQWW","b1K80tpi9MUKdgdjxhIQWW@6c48a","b1K80tpi9MUKdgdjxhIQWW@f9941","b1VRex6P5IuK1+ZmZOHH4j","b2Yd+I4n1DookYDKjhrbl9","b3PWj4Sr1C/5/9oqIemL1e@f9941","b4v1boSYRDrK1P9eSJO6sc","b7CpoyQpBLvZYrHUZ3kMz0","b7QmLaTVtKWKyOC1JTm7XM","bayGOm4E1Hu6+KxsdXkbjK","bayGOm4E1Hu6+KxsdXkbjK@f9941","bbHPX5KKRBp5rckV1FrvZu@f9941","bcE/rg3wVPi7NhFD9mON7E","bcOGnKuUhGpoUBuJgO3n84","bcXGkbjYtLIrF6yfc+YwZm@f9941","bdHWyTjGJCUoImHsUOXEOW","beiPFfa9VOBZhPbeEj23MB","bfh9P8jXRCoKdBt/aWeLnk","bfy/58K1VK45XRzmqTC6zI","c0EesY8SdKjJD3nET1IqUq@f9941","c0d3lcewpJKbNXq1I7cz6U","c0d3lcewpJKbNXq1I7cz6U@6c48a","c0d3lcewpJKbNXq1I7cz6U@f9941","c1nr9h2LFHH44EdQLH0hgX@f9941","c1uxiDQH9HkZPQNuVpIPii","c1uxiDQH9HkZPQNuVpIPii@f9941","c18CK2wNdE1qhTIBbX6uMa","c2V3ZwhbRACZolCNE6UGfj","c3amWyhl1Oy7MIDv0rZXdR","c3amWyhl1Oy7MIDv0rZXdR@6c48a","c45mE6t9NN0pyCU3gnM/4P","c6d2qr+BBK0reKM1yRLv5p","c6d2qr+BBK0reKM1yRLv5p@6c48a","c73n86sE9Kd7ySiBVqnVRs","caHkHdfwJOO4ngbLtS5+/6","caHkHdfwJOO4ngbLtS5+/6@f9941","caKHpCzJlD2Y5uSt4wedOu","cdNreoNShINK/4O/m9TiEV","d2zPR6YuNDP6qniZGFasBh","d3WWUonmVK7JZ6TU6BjS3N@f9941","d4Bs6xwMVBUrCVr+inKNZO","d4o3geGlZCC47r1nF+cWhv","d4wtVSAlNIR7shn9ejPtyp","d4wtVSAlNIR7shn9ejPtyp@6c48a","d6C47I8Z9JS78S8CZdEcqq","d7y6kly61K25FfO9B1ZbWs","d7y6kly61K25FfO9B1ZbWs@f9941","d7+dZHVw9II6wfdDQFCNp+","d8KB1RXx5DUboW94y+25rO","d8iPQX/ypKFY7ordD6Z566","d8pQvxQQJAPJ9sb9rnLowU","d8pQvxQQJAPJ9sb9rnLowU@f9941","d8qtxtuNJLUL80WKIInbIl","d9KSEtKstF/qo3sB1PHQQh","d9tSyYfehHlbmsvyIV5k3L","daBGyXAP9GX6+md+rg+FJk","daL2pVDbVLQYoDc1vcESLR","dbPmhbHYFFSoxDYUM8UoDT","dbhhVEFvpGArXQ+G733DNo","dbhhVEFvpGArXQ+G733DNo@f9941","deLhltYaVIY6YDxPoXlmJP","deLhltYaVIY6YDxPoXlmJP@6c48a","deNiUE8sRJVJD9ODh7QirK","deNiUE8sRJVJD9ODh7QirK@f9941","dffbjHM95DJ7ebYlnd22TL","e180Xd8/BDWatWx/TECOvM@f9941","e2slTFOtpMgLQaA5kPRHcm","e2slTFOtpMgLQaA5kPRHcm@f9941","e3SvuUkNNIy6PYjGxPEOPE@f9941","e350yGmEtMCK0s9LcLxoqH","e350yGmEtMCK0s9LcLxoqH@f9941","e4wIBBvYlDu6gNDX6jAj9v","e4wIBBvYlDu6gNDX6jAj9v@f9941","e6rvZbsv1BR6Xi+8PcLBrW","e6rvZbsv1BR6Xi+8PcLBrW@6c48a","e6/C0eIfpCT6iVmlachU7q","e6/C0eIfpCT6iVmlachU7q@f9941","e7KNwNOIxFabrJyiUsQuDY","e7KNwNOIxFabrJyiUsQuDY@6c48a","e7KNwNOIxFabrJyiUsQuDY@f9941","e8PcufffVG9658EXCqUliT","e8drzRkHpAM4a4RDGDr5XK","e8drzRkHpAM4a4RDGDr5XK@6c48a","e9MtIk15ZK/oxVviT5WgDE","e9vvDFodFKJIZY/auWHKHR","ebL9fnseRIUIJGadL4yXW5","ebL9fnseRIUIJGadL4yXW5@6c48a","ecOz0rNopJdqJkhSZ/TQ5D","ecOz0rNopJdqJkhSZ/TQ5D@f9941","edXWdVOZpMFqNwtzrK0NEZ","edXWdVOZpMFqNwtzrK0NEZ@f9941","edbBCKam9HZZkRPgpfKSXq","edbBCKam9HZZkRPgpfKSXq@6c48a","edbBCKam9HZZkRPgpfKSXq@f9941","effkMRkI5EaJaFsyS+rp02@f9941","efguk0chJOQpIaBjJaou+g","efmIJUYcVEa4Oer90wZFxL","efybyGgbREnLasMosHgpm6","efybyGgbREnLasMosHgpm6@f9941","f0pQAdJPdM96u7fgsdku59","f0pQAdJPdM96u7fgsdku59@f9941","f1A9VnlOxNNZnYiaS5tdpL","f18JE/om5ImbD8piezCHLX","f18JE/om5ImbD8piezCHLX@6c48a","f4ukJY6I5KC5ziSTW1qI9N","f4ukJY6I5KC5ziSTW1qI9N@f9941","f4ztoxrjJNj79BL5+hCsna","f4ztoxrjJNj79BL5+hCsna@f9941","f6dC3VkGBOwIkS+HIm9sWS","f65444zkRLKqBmaclDJwAD","f7dikj229DrIlbiywsIvjH","f7dikj229DrIlbiywsIvjH@6c48a","f7dikj229DrIlbiywsIvjH@f9941","f7/spbczlOKJF7BhFNzNvf","f7/spbczlOKJF7BhFNzNvf@f9941","f9VHL2tQpAurMBrZAEJpWT","f92po+PhZAnonVI0ZorDdI","f92po+PhZAnonVI0ZorDdI@f9941","f99pkV7PBAwaMYKGUsmxR6","fb65XjWnpAAYUNMPpROjAz","fdr2CqgdhIIYEPsYsvqS0Z","fdr2CqgdhIIYEPsYsvqS0Z@6c48a","fdsMWHAUFKMq+3Ic2SW+/l","fd4WOPgt1HIo0lF7DOkA6v","feG7hovaZPxLXylFHKW2ZG","feG7hovaZPxLXylFHKW2ZG@6c48a","feU4s0mM5GTZT9p8ZaPOsB","ff61kuUq1A/p8U3mLPT2OG","14fd40b05","14fd40b05@6c48a","157fb6461","157fb6461@6c48a","17254abc0","17254abc0@6c48a","17df48728","17df48728@6c48a","1851bc931","1851bc931@6c48a","1a66cd058","1a66cd058@6c48a","1ee86f78e","1ee86f78e@6c48a","1f1739a01","1f1739a01@6c48a","1fa728745","1fa728745@6c48a","20g1ukYUVPvKWKBRznAKo+","20g1ukYUVPvKWKBRznAKo+@6c48a","20g1ukYUVPvKWKBRznAKo+@f9941","54TknWPwVPqJqeCR+Y/Czo","54TknWPwVPqJqeCR+Y/Czo@6c48a","54TknWPwVPqJqeCR+Y/Czo@f9941","7dj5uJT9FMn6OrOOx83tfK@f9941","92TV9zMHNBUYnWqxQ8WrUV","92TV9zMHNBUYnWqxQ8WrUV@6c48a","92TV9zMHNBUYnWqxQ8WrUV@f9941","92avLMyklJBrG6KwwQ3/mP","95EkngnxZFbYuFpsqVTaFr","95EkngnxZFbYuFpsqVTaFr@6c48a","95EkngnxZFbYuFpsqVTaFr@f9941","f5FbxlrnJIWrDtj/oTafi8","fe5NAmkd5GZrunhpVeMW7U","fe5NAmkd5GZrunhpVeMW7U@6c48a","fe5NAmkd5GZrunhpVeMW7U@f9941"],"paths":{"0":["img/auto-starlight",6,1],"1":["common/auto_common_starlight",6,1],"2":["img/bigIcon/auto-bigIcon",6,1],"3":["img/smallIcon/auto-smallIcon",6,1],"4":["font/font_buy",7,1],"5":["car/mao01",3,1],"6":["sound/vol_total_multiplier_reward7",9,1],"7":["img/smallIcon/icon_xggz_yueliang_s/spriteFrame",2,1],"8":["font/font_win_history_0",0,1],"9":["font/font_win_history_0/texture",1,1],"10":["font/font_win_history_0/spriteFrame",2,1],"11":["img/bg_starlight_buy_sg_box",0,1],"12":["img/bg_starlight_buy_sg_box/spriteFrame",2,1],"13":["car/Starlight_blc_sg",3,1],"14":["img/zi_autoplay",0,1],"15":["img/zi_autoplay/spriteFrame",2,1],"16":["img/btn_KONFIRMASI",0,1],"17":["img/btn_KONFIRMASI/spriteFrame",2,1],"18":["font/shuzi_xiazhujine_0",0,1],"19":["font/shuzi_xiazhujine_0/texture",1,1],"20":["font/shuzi_xiazhujine_0/spriteFrame",2,1],"21":["car/iconCar/scatter",4,1],"22":["car/freespine_js4",0,1],"23":["car/freespine_js4/texture",1,1],"24":["sound/win3",9,1],"25":["sound/buy_free_btn",9,1],"26":["prefabs/prefab_starlight_header_new",8,1],"27":["sound/scatter_bonus",9,1],"28":["car/skeleton",4,1],"30":["car/msn_qiehuan_tx",4,1],"31":["img/zi_2/spriteFrame",2,1],"32":["font/font_win_history",7,1],"33":["img/zi_shengyumiafneicishu",0,1],"34":["img/zi_shengyumiafneicishu/spriteFrame",2,1],"35":["font/font_sg_num_0",0,1],"36":["font/font_sg_num_0/texture",1,1],"37":["font/font_sg_num_0/spriteFrame",2,1],"38":["img/bg_starlight_operate_lian_zhuagnsitiao",0,1],"39":["img/bg_starlight_operate_lian_zhuagnsitiao/texture",1,1],"40":["img/bg_starlight_operate_lian_zhuagnsitiao/spriteFrame",2,1],"41":["car/iconCar/scatter",0,1],"42":["car/iconCar/scatter/texture",1,1],"43":["sound/win2",9,1],"44":["font/font_add_free_num",7,1],"45":["sound/vol_scatter8",9,1],"46":["img/img_arow",0,1],"47":["img/img_arow/spriteFrame",2,1],"48":["car/st_icon_xs_tx",4,1],"49":["img/btn_xggz_caozuobox_jian",0,1],"50":["img/btn_xggz_caozuobox_jian/spriteFrame",2,1],"51":["img/zi_ganda",0,1],"52":["img/zi_ganda/spriteFrame",2,1],"53":["font/font_sg_totalnum",7,1],"54":["sound/quick_stop",9,1],"55":["font/font_sg_box_num_0",0,1],"56":["font/font_sg_box_num_0/texture",1,1],"57":["font/font_sg_box_num_0/spriteFrame",2,1],"58":["font/font_win",7,1],"59":["common/icon_dt_loading_0",0,1],"60":["common/icon_dt_loading_0/texture",1,1],"61":["common/icon_dt_loading_0/spriteFrame",2,1],"62":["sound/btn_click",9,1],"63":["img/btn_shezhi_off",0,1],"64":["img/btn_shezhi_off/spriteFrame",2,1],"65":["sound/maxCoin",9,1],"66":["sound/win_normal",9,1],"67":["img/zi_goumaixiaoyouxi",0,1],"68":["img/zi_goumaixiaoyouxi/spriteFrame",2,1],"69":["car/st_icon_xs_tx",3,1],"70":["car/st_shandian",3,1],"71":["img/smallIcon/icon_xggz_huang_s/spriteFrame",2,1],"72":["img/btn_xggz_kuaisu_0",0,1],"73":["img/btn_xggz_kuaisu_0/spriteFrame",2,1],"74":["sound/vol_scatter2",9,1],"75":["car/iconCar/st_icon_7",0,1],"76":["car/iconCar/st_icon_7/texture",1,1],"77":["sound/single_icon_fall",9,1],"78":["car/iconCar/st_icon_5",0,1],"79":["car/iconCar/st_icon_5/texture",1,1],"80":["car/thor_jinbiyu",4,1],"81":["img/btn_jinbi_jia",0,1],"82":["img/btn_jinbi_jia/spriteFrame",2,1],"83":["car/skeleton",0,1],"84":["car/skeleton/texture",1,1],"85":["common/btn_off",0,1],"86":["common/btn_off/texture",1,1],"87":["common/btn_off/spriteFrame",2,1],"88":["car/animation_title",5,1],"89":["font/font_beil",7,1],"90":["car/iconCar/st_icon_9",4,1],"91":["img/bigIcon/icon_xggz_xin/spriteFrame",2,1],"92":["car/iconCar/st_icon_7",3,1],"93":["car/iconCar/st_icon_9",3,1],"94":["img/zi_belipermainan",0,1],"95":["img/zi_belipermainan/spriteFrame",2,1],"96":["car/iconCar/icon_2",4,1],"97":["img/word_title_zidong",0,1],"98":["img/word_title_zidong/spriteFrame",2,1],"99":["font/font_win_blue",7,1],"100":["sound/win5",9,1],"101":["img/word_vip/spriteFrame",2,1],"102":["sound/vol_total_multiplier_increase",9,1],"103":["img/icon_kaiguan_jiantou",0,1],"104":["img/icon_kaiguan_jiantou/spriteFrame",2,1],"105":["img/btn_xggz_kuaisu_1",0,1],"106":["img/btn_xggz_kuaisu_1/spriteFrame",2,1],"107":["car/msn_qiehuan_tx",0,1],"108":["car/msn_qiehuan_tx/texture",1,1],"109":["img/bg_xggz_caozuobox_di",0,1],"110":["img/bg_xggz_caozuobox_di/texture",1,1],"111":["img/bg_xggz_caozuobox_di/spriteFrame",2,1],"112":["img/btn_xggz_caozuobox_jian_1",0,1],"113":["img/btn_xggz_caozuobox_jian_1/spriteFrame",2,1],"114":["car/iconCar/st_icon_8",0,1],"115":["car/iconCar/st_icon_8/texture",1,1],"116":["img/btn_xggz_caozuobox_jia",0,1],"117":["img/btn_xggz_caozuobox_jia/spriteFrame",2,1],"118":["prefabs/prefab_starlight_gameBoard",8,1],"119":["sound/scatter_flash4",9,1],"120":["font/font_rate_0",0,1],"121":["font/font_rate_0/texture",1,1],"122":["font/font_rate_0/spriteFrame",2,1],"123":["car/iconCar/st_icon_8",3,1],"124":["sound/vol_total_multiplier_reward2",9,1],"125":["prefabs/prefab_starlight_loading",8,1],"126":["bg_starlight_bg",0,1],"127":["bg_starlight_bg/texture",1,1],"128":["bg_starlight_bg/spriteFrame",2,1],"129":["img/smallIcon/icon_xggz_xin_s/spriteFrame",2,1],"130":["img/bg_starlight_zhuanpan_1",0,1],"131":["img/bg_starlight_zhuanpan_1/spriteFrame",2,1],"132":["img/bigIcon/icon_xggz_lvxin/spriteFrame",2,1],"133":["img/btn_shezhi_on",0,1],"134":["img/btn_shezhi_on/spriteFrame",2,1],"135":["car/Starlight_blc_sg",0,1],"136":["car/Starlight_blc_sg/texture",1,1],"137":["car/iconCar/scatter2",0,1],"138":["car/iconCar/scatter2/texture",1,1],"139":["img/zi_spin/spriteFrame",2,1],"140":["img/zi_ting/spriteFrame",2,1],"141":["car/freespine_js3",0,1],"142":["car/freespine_js3/texture",1,1],"143":["car/animation_win_gold",5,1],"144":["car/iconCar/st_icon_1",0,1],"145":["car/iconCar/st_icon_1/texture",1,1],"146":["img/btn_zidongyouxi_xuanzhong",0,1],"147":["img/btn_zidongyouxi_xuanzhong/spriteFrame",2,1],"148":["car/skeleton",3,1],"149":["car/st_shandian2",0,1],"150":["car/st_shandian2/texture",1,1],"151":["img/SETTINGS",0,1],"152":["img/SETTINGS/spriteFrame",2,1],"153":["img/word_set/spriteFrame",2,1],"154":["img/smallIcon/icon_xggz_lanlv_s/spriteFrame",2,1],"155":["car/animation_win_box_label_rate",5,1],"156":["img/bg_starlight_gandabox",0,1],"157":["img/bg_starlight_gandabox/spriteFrame",2,1],"158":["img/bigIcon/icon_xggz_hongxin",0,1],"159":["img/bigIcon/icon_xggz_hongxin/spriteFrame",2,1],"160":["font/font_rate",7,1],"161":["sound/bigwin4over",9,1],"162":["img/bg_set_box",0,1],"163":["img/bg_set_box/spriteFrame",2,1],"164":["car/thor_jinbi",3,1],"165":["car/iconCar/st_icon_6",3,1],"166":["car/freespine_js",0,1],"167":["car/freespine_js/texture",1,1],"168":["car/msn03",0,1],"169":["car/msn03/texture",1,1],"170":["img/btn_xggz_goumaixiaoyouxi_off",0,1],"171":["img/btn_xggz_goumaixiaoyouxi_off/spriteFrame",2,1],"172":["car/iconCar/st_icon_1",4,1],"173":["car/st_bigwin",3,1],"174":["sound/starlight_free_bgm",9,1],"175":["car/st_icon_tx",0,1],"176":["car/st_icon_tx/texture",1,1],"177":["img/bigIcon/icon_xggz_yueliang/spriteFrame",2,1],"178":["prefabs/prefab_starlight_set",8,1],"179":["font/font_win_announce",7,1],"180":["img/btn_xggz_caozuobox_spin2",0,1],"181":["img/btn_xggz_caozuobox_spin2/spriteFrame",2,1],"182":["img/btn_vip",0,1],"183":["img/btn_vip/spriteFrame",2,1],"184":["img/word_loading2",0,1],"185":["img/word_loading2/spriteFrame",2,1],"186":["font/font_sg_totalnum_0",0,1],"187":["font/font_sg_totalnum_0/texture",1,1],"188":["font/font_sg_totalnum_0/spriteFrame",2,1],"189":["font/font_sg_num",7,1],"190":["img/icon_kaiguan_duihao",0,1],"191":["img/icon_kaiguan_duihao/spriteFrame",2,1],"192":["font/shuzi_zhongjiangkuang",7,1],"193":["car/st_bigwin",0,1],"194":["car/st_bigwin/texture",1,1],"195":["font/font_win_announce_top",7,1],"196":["car/animation_win_blue",5,1],"197":["img/word_info/spriteFrame",2,1],"198":["car/iconCar/st_icon_4",0,1],"199":["car/iconCar/st_icon_4/texture",1,1],"200":["prefabs/prefab_starlight_iconCar",8,1],"201":["sound/scatter_flash1",9,1],"202":["img/bg_starlight_beli_box",0,1],"203":["img/bg_starlight_beli_box/spriteFrame",2,1],"204":["sound/scatter_flash5",9,1],"205":["img/SOUND",0,1],"206":["img/SOUND/spriteFrame",2,1],"207":["img/btn_xggz_caozuobox_spin",0,1],"208":["img/btn_xggz_caozuobox_spin/spriteFrame",2,1],"209":["img/btn_set",0,1],"210":["img/btn_set/spriteFrame",2,1],"211":["car/animation_sg_box_title",5,1],"212":["img/bigIcon/icon_xggz_star/spriteFrame",2,1],"213":["font/font_sg_caculate",7,1],"214":["car/msn_qiehuan_tx",3,1],"215":["img/word_loading1",0,1],"216":["img/word_loading1/spriteFrame",2,1],"217":["img/img_stop",0,1],"218":["img/img_stop/spriteFrame",2,1],"219":["img/bigIcon/icon_xggz_taiyang/spriteFrame",2,1],"220":["sound/win7",9,1],"221":["car/st_shandian",0,1],"222":["car/st_shandian/texture",1,1],"223":["car/skeleton2",0,1],"224":["car/skeleton2/texture",1,1],"225":["sound/turn",9,1],"226":["prefabs/prefab_starlight_bigPrize",8,1],"227":["car/thor_jinbiyu",3,1],"228":["car/freespine_js",3,1],"229":["img/zi_putaran",0,1],"230":["img/zi_putaran/spriteFrame",2,1],"231":["car/st_icon_tx_kk",4,1],"232":["img/bg_starlight_item_box_tiao",0,1],"233":["img/bg_starlight_item_box_tiao/spriteFrame",2,1],"234":["img/icon_xggz_bangzhu_1",0,1],"235":["img/icon_xggz_bangzhu_1/spriteFrame",2,1],"236":["font/shuzi_zhongjiangkuang_0",0,1],"237":["font/shuzi_zhongjiangkuang_0/texture",1,1],"238":["font/shuzi_zhongjiangkuang_0/spriteFrame",2,1],"239":["font/font_win_announce_0",0,1],"240":["font/font_win_announce_0/texture",1,1],"241":["font/font_win_announce_0/spriteFrame",2,1],"242":["car/msnren2",0,1],"243":["car/msnren2/texture",1,1],"244":["sound/all_icon_fall",9,1],"245":["car/msn_qiehuan_tx4",0,1],"246":["car/msn_qiehuan_tx4/texture",1,1],"247":["img/bigIcon/icon_xggz_lv/spriteFrame",2,1],"248":["img/word_spin",0,1],"249":["img/word_spin/spriteFrame",2,1],"250":["car/iconCar/st_icon_4",4,1],"251":["sound/win4",9,1],"252":["img/bg_starlight_zhongjaingdinglan",0,1],"253":["img/bg_starlight_zhongjaingdinglan/spriteFrame",2,1],"254":["img/btn_xggz_goumaixiaoyouxi_on",0,1],"255":["img/btn_xggz_goumaixiaoyouxi_on/spriteFrame",2,1],"256":["font/font_buy_sg",7,1],"257":["sound/vol_scatter4",9,1],"258":["img/bg_input_box",0,1],"259":["img/bg_input_box/spriteFrame",2,1],"260":["sound/scatter_flash3",9,1],"261":["font/font_buy_0",0,1],"262":["font/font_buy_0/texture",1,1],"263":["font/font_buy_0/spriteFrame",2,1],"264":["font/font_sg_rate",7,1],"265":["img/zi_ting2/spriteFrame",2,1],"266":["sound/win_freespin",9,1],"267":["sound/vol_scatter1",9,1],"268":["img/icon_xggz_bangzhu_3",0,1],"269":["img/icon_xggz_bangzhu_3/spriteFrame",2,1],"270":["car/iconCar/st_icon_5",4,1],"271":["img/bg_starlight_free_box",0,1],"272":["img/bg_starlight_free_box/spriteFrame",2,1],"273":["sound/scattert_rigger",9,1],"274":["img/zi_tanchuang_title",0,1],"275":["img/zi_tanchuang_title/spriteFrame",2,1],"276":["img/icon_xggz_bangzhu_2",0,1],"277":["img/icon_xggz_bangzhu_2/spriteFrame",2,1],"278":["sound/vol_scatter5",9,1],"279":["img/icon_bank_gold",0,1],"280":["img/icon_bank_gold/spriteFrame",2,1],"281":["img/zi_dalam",0,1],"282":["img/zi_dalam/spriteFrame",2,1],"283":["img/icon_olps_xuanzhong",0,1],"284":["img/icon_olps_xuanzhong/spriteFrame",2,1],"285":["img/btn_info",0,1],"286":["img/btn_info/spriteFrame",2,1],"287":["font/font_win_0",0,1],"288":["font/font_win_0/texture",1,1],"289":["font/font_win_0/spriteFrame",2,1],"290":["car/spine_guangquan",4,1],"291":["img/bigIcon/icon_xggz_scatter/spriteFrame",2,1],"292":["car/msnren",3,1],"293":["img/btn_xggz_autobox",0,1],"294":["img/btn_xggz_autobox/spriteFrame",2,1],"295":["car/st_bigwin",4,1],"296":["car/mao01",4,1],"297":["img/bg_zhuanpan_2",0,1],"298":["img/bg_zhuanpan_2/spriteFrame",2,1],"299":["sound/ui_freespin",9,1],"300":["car/spine_guangquan",3,1],"301":["sound/chooseNum",9,1],"302":["car/thor_jinbi",4,1],"303":["img/word_loading_blue_1",0,1],"304":["img/word_loading_blue_1/spriteFrame",2,1],"305":["img/bigIcon/icon_xggz_lanlv/spriteFrame",2,1],"306":["car/iconCar/st_icon_1",3,1],"307":["font/font_win_blue_0",0,1],"308":["font/font_win_blue_0/texture",1,1],"309":["font/font_win_blue_0/spriteFrame",2,1],"310":["img/bg_starlight_ganda_kaiguan",0,1],"311":["img/bg_starlight_ganda_kaiguan/spriteFrame",2,1],"312":["img/smallIcon/icon_xggz_taiyang_s/spriteFrame",2,1],"313":["img/btn_zidongyouxi_weixuan",0,1],"314":["img/btn_zidongyouxi_weixuan/spriteFrame",2,1],"315":["car/freespine_js",4,1],"316":["car/st_icon_tx_kk",0,1],"317":["car/st_icon_tx_kk/texture",1,1],"318":["car/iconCar/st_icon_6",0,1],"319":["car/iconCar/st_icon_6/texture",1,1],"320":["sound/vol_total_multiplier_reward3",9,1],"321":["sound/win6",9,1],"322":["img/bg_set_box_nei",0,1],"323":["img/bg_set_box_nei/spriteFrame",2,1],"324":["img/icon_xggz_bangzhu_4",0,1],"325":["img/icon_xggz_bangzhu_4/spriteFrame",2,1],"326":["car/spine_guangquan",0,1],"327":["car/spine_guangquan/texture",1,1],"328":["font/font_beil_0",0,1],"329":["font/font_beil_0/texture",1,1],"330":["font/font_beil_0/spriteFrame",2,1],"331":["common/icon_dt_loading_1",0,1],"332":["common/icon_dt_loading_1/texture",1,1],"333":["common/icon_dt_loading_1/spriteFrame",2,1],"334":["img/bigIcon/icon_xggz_lanxin/spriteFrame",2,1],"335":["sound/bigwin3",9,1],"336":["img/bigIcon/icon_xggz_huang/spriteFrame",2,1],"337":["img/zi_win",0,1],"338":["img/zi_win/spriteFrame",2,1],"339":["img/MUSIC",0,1],"340":["img/MUSIC/spriteFrame",2,1],"341":["prefabs/prefab_starlight_down_new",8,1],"342":["sound/win1",9,1],"343":["car/st_icon_tx_kk",3,1],"344":["img/zi_totalwin/spriteFrame",2,1],"345":["font/font_win_announce_top_0",0,1],"346":["font/font_win_announce_top_0/texture",1,1],"347":["font/font_win_announce_top_0/spriteFrame",2,1],"348":["car/msn03",4,1],"349":["img/zi_shezhi/spriteFrame",2,1],"350":["font/font_sg_caculate_0",0,1],"351":["font/font_sg_caculate_0/texture",1,1],"352":["font/font_sg_caculate_0/spriteFrame",2,1],"353":["img/smallIcon/icon_xggz_star_s/spriteFrame",2,1],"354":["sound/spin",9,1],"355":["img/bg_starlight_operate_box_gold/spriteFrame",2,1],"356":["sound/vol_scatter6",9,1],"357":["sound/vol_scatter7",9,1],"358":["sound/minCoin",9,1],"359":["img/btn_xggx_caidan",0,1],"360":["img/btn_xggx_caidan/spriteFrame",2,1],"361":["car/st_icon_xs_tx2",0,1],"362":["car/st_icon_xs_tx2/texture",1,1],"363":["img/zi_kesempatan",0,1],"364":["img/zi_kesempatan/spriteFrame",2,1],"365":["img/bg_help_box",0,1],"366":["img/bg_help_box/texture",1,1],"367":["img/bg_help_box/spriteFrame",2,1],"368":["car/thor_jinbiyu",0,1],"369":["car/thor_jinbiyu/texture",1,1],"370":["car/thor_jinbiyu/spriteFrame",2,1],"371":["sound/starlight_main_bgm",9,1],"372":["img/zi_4/spriteFrame",2,1],"373":["car/msn_qiehuan_tx2",0,1],"374":["car/msn_qiehuan_tx2/texture",1,1],"375":["sound/vol_scatter3",9,1],"376":["car/st_icon_xs_tx",0,1],"377":["car/st_icon_xs_tx/texture",1,1],"378":["font/font_sg_rate_0",0,1],"379":["font/font_sg_rate_0/texture",1,1],"380":["font/font_sg_rate_0/spriteFrame",2,1],"381":["prefabs/prefab_starlight_auth_launcher",8,1],"382":["sound/win8",9,1],"383":["img/zi_on/spriteFrame",2,1],"384":["car/msn03",3,1],"385":["sound/vol_total_multiplier_reward4",9,1],"386":["car/iconCar/st_icon_8",4,1],"387":["img/word_title_bangzhu",0,1],"388":["img/word_title_bangzhu/spriteFrame",2,1],"389":["img/bigIcon/icon_xggz_lan/spriteFrame",2,1],"390":["car/iconCar/icon_bl",4,1],"391":["car/iconCar/st_icon_3",3,1],"392":["img/bigIcon/icon_xggz_huangxin/spriteFrame",2,1],"393":["car/iconCar/icon_bl",3,1],"394":["car/iconCar/st_icon_4",3,1],"395":["car/st_shandian",4,1],"396":["prefabs/prefab_starlight_smallGame_caculate",8,1],"397":["img/zi_3/spriteFrame",2,1],"398":["bg_starlight_loading",0,1],"399":["bg_starlight_loading/texture",1,1],"400":["bg_starlight_loading/spriteFrame",2,1],"401":["img/word_exit/spriteFrame",2,1],"402":["img/bg_free_box",0,1],"403":["img/bg_free_box/spriteFrame",2,1],"404":["car/iconCar/st_icon_3",4,1],"405":["prefabs/prefab_starlight_sg_buyBox",8,1],"406":["car/msnren",0,1],"407":["car/msnren/texture",1,1],"408":["sound/freespin_cancel",9,1],"409":["car/iconCar/icon_2",0,1],"410":["car/iconCar/icon_2/texture",1,1],"411":["car/iconCar/st_icon_5",3,1],"412":["img/zi_1",0,1],"413":["img/zi_1/spriteFrame",2,1],"414":["prefabs/prefab_starlight_introduce",8,1],"415":["sound/lightning",9,1],"416":["sound/bigwin3over",9,1],"417":["img/smallIcon/icon_xggz_lv_s/spriteFrame",2,1],"418":["sound/scatter_flash2",9,1],"419":["sound/bigwin2",9,1],"420":["car/spine_guangquan2",0,1],"421":["car/spine_guangquan2/texture",1,1],"422":["font/shuzi_xiazhujine",7,1],"423":["img/zi_maksimum",0,1],"424":["img/zi_maksimum/spriteFrame",2,1],"425":["sound/win9",9,1],"426":["sound/bigwin2over",9,1],"427":["sound/multiplier_reward",9,1],"428":["img/btn_olpn_kaiguan",0,1],"429":["img/btn_olpn_kaiguan/spriteFrame",2,1],"430":["prefabs/prefab_starlight_roller",8,1],"431":["sound/freespin_confirm",9,1],"432":["car/iconCar/icon_2",3,1],"433":["sound/bigwin1",9,1],"434":["car/iconCar/st_icon_7",4,1],"435":["sound/vol_total_multiplier_reward1",9,1],"436":["img/zi_goodluck",0,1],"437":["img/zi_goodluck/spriteFrame",2,1],"438":["car/iconCar/st_icon_9",0,1],"439":["car/iconCar/st_icon_9/texture",1,1],"440":["img/btn_tanchaugn_off",0,1],"441":["img/btn_tanchaugn_off/spriteFrame",2,1],"442":["font/font_sg_box_num",7,1],"443":["img/smallIcon/icon_xggz_lan_s/spriteFrame",2,1],"444":["img/bg_zidongyouxi_box_nei",0,1],"445":["img/bg_zidongyouxi_box_nei/spriteFrame",2,1],"446":["img/bigIcon/icon_xggz_hong/spriteFrame",2,1],"447":["img/btn_exit",0,1],"448":["img/btn_exit/spriteFrame",2,1],"449":["img/zi_bonusaktif",0,1],"450":["img/zi_bonusaktif/spriteFrame",2,1],"451":["car/thor_jinbi",0,1],"452":["car/thor_jinbi/texture",1,1],"453":["img/btn_xggz_caozuobox_jia_0",0,1],"454":["img/btn_xggz_caozuobox_jia_0/spriteFrame",2,1],"455":["bg_starlight_sgBg",0,1],"456":["bg_starlight_sgBg/texture",1,1],"457":["bg_starlight_sgBg/spriteFrame",2,1],"458":["car/st_icon_tx",3,1],"459":["car/msn_qiehuan_tx3",0,1],"460":["car/msn_qiehuan_tx3/texture",1,1],"461":["car/msnren",4,1],"462":["car/Starlight_blc_sg",4,1],"463":["car/mao01",0,1],"464":["car/mao01/texture",1,1],"465":["img/bg_zidongyouxibox",0,1],"466":["img/bg_zidongyouxibox/spriteFrame",2,1],"467":["img/zi_selamat",0,1],"468":["img/zi_selamat/spriteFrame",2,1],"469":["font/font_buy_sg_0",0,1],"470":["font/font_buy_sg_0/texture",1,1],"471":["font/font_buy_sg_0/spriteFrame",2,1],"472":["img/zi_off/spriteFrame",2,1],"473":["car/animation_add_odds",5,1],"474":["prefabs/prefab_starlight_bg_main",8,1],"475":["img/bg_starlight_rate_box",0,1],"476":["img/bg_starlight_rate_box/spriteFrame",2,1],"477":["img/btn_banghzu_fanye",0,1],"478":["img/btn_banghzu_fanye/spriteFrame",2,1],"479":["sound/bigwin1over",9,1],"480":["car/iconCar/st_icon_3",0,1],"481":["car/iconCar/st_icon_3/texture",1,1],"482":["img/smallIcon/icon_xggz_hong_s",0,1],"483":["img/smallIcon/icon_xggz_hong_s/spriteFrame",2,1],"484":["img/bg_starlight_item_box",0,1],"485":["img/bg_starlight_item_box/spriteFrame",2,1],"486":["car/st_icon_tx",4,1],"487":["sound/vol_total_multiplier_reward6",9,1],"488":["font/font_add_free_num_0",0,1],"489":["font/font_add_free_num_0/texture",1,1],"490":["font/font_add_free_num_0/spriteFrame",2,1],"491":["img/bg_starlight_operate_box_win",0,1],"492":["img/bg_starlight_operate_box_win/spriteFrame",2,1],"493":["sound/vol_total_multiplier_reward5",9,1],"494":["img/zi_anda",0,1],"495":["img/zi_anda/spriteFrame",2,1],"496":["car/iconCar/scatter",3,1],"497":["car/animation_win_box_label_rate-end",5,1],"498":["car/iconCar/icon_bl",0,1],"499":["car/iconCar/icon_bl/texture",1,1],"500":["sound/bigwin4",9,1],"501":["car/iconCar/st_icon_6",4,1],"502":["car/freespine_js2",0,1],"503":["car/freespine_js2/texture",1,1],"504":["sound/buy_rate_btn_click",9,1],"505":["sound/win10",9,1]},"scenes":{},"packs":{"0edfaaf1e":[4,5,6,7,8,9,10,11,12,13,14,15,16,17,18,19,20,21,22,23,24,25,26,27,28,30,31,32,33,34,35,36,37,38,39,40,41,42,506,507,508,509,43,44,45,510,511,46,47,512,513,514,515,48,49,50,51,52,1,1,53,516,517,54,55,56,57,518,519,520,521,58,522,523,59,60,61,62,524,525,526,63,64,65,66,67,68,69,70,71,72,73,74,75,76,77,78,79,80,81,82,83,84,85,86,87,89,90,91,92,93,94,95,96,97,98,99,100,101,102,103,104,105,106,107,108,109,110,111,112,113,2,2,114,115,116,117,118,119,120,121,122,123,124,125,126,127,128,129,130,131,132,133,134,135,136,137,138,139,140,141,142,144,145,146,147,148,149,150,151,152,153,154,527,528,529,156,157,158,159,160,161,162,163,164,165,166,167,168,169,170,171,172,173,174,175,176,177,178,179,180,181,182,183,184,185,186,187,188,189,190,191,192,193,194,195,197,198,199,200,201,202,203,204,205,206,207,208,209,210,212,213,214,215,216,217,218,219,220,221,222,223,224,225,226,227,228,229,230,231,232,233,234,235,236,237,238,239,240,241,242,243,244,245,246,247,248,249,250,251,252,253,254,255,256,257,258,259,260,261,262,263,264,265,266,267,268,269,270,271,272,273,274,275,276,277,278,279,280,281,282,283,284,285,286,287,288,289,290,291,292,293,294,295,296,531,532,533,297,298,299,300,301,302,303,304,535,536,537,305,306,307,308,309,310,311,312,313,314,315,316,317,318,319,320,321,0,0,0,0,0,0,0,322,323,324,325,326,327,328,329,330,331,332,333,334,335,336,337,338,339,340,341,342,343,344,345,346,347,348,349,350,351,352,353,354,355,356,357,358,359,360,361,362,363,364,365,366,367,368,369,370,371,372,373,374,375,376,377,378,379,380,381,382,3,3,383,384,385,386,387,388,389,390,391,392,393,394,395,396,397,398,399,400,401,402,403,404,405,406,407,408,409,410,411,412,413,414,415,416,417,418,419,420,421,422,423,424,425,426,427,428,429,430,431,432,433,434,435,436,437,438,439,440,441,442,443,444,445,446,447,448,449,450,451,452,453,454,455,456,457,458,459,460,461,462,463,464,465,466,467,468,469,470,471,472,474,475,476,477,478,479,480,481,482,483,484,485,538,486,487,488,489,490,491,492,493,494,495,496,498,499,500,501,502,503,504,539,540,541,505]},"versions":{"import":[],"native":[]},"redirect":[530,"0"],"debug":false,"extensionMap":{".cconb":[143,155,196,211,473,497,534,88]},"hasPreloadScript":true,"dependencyRelationships":{},"types":["cc.ImageAsset","cc.Texture2D","cc.SpriteFrame","cc.Asset","sp.SkeletonData","cc.AnimationClip","cc.SpriteAtlas","cc.BitmapFont","cc.Prefab","cc.AudioClip"]}