{"importBase":"import","nativeBase":"native","name":"starlight","deps":["main"],"uuids":["36fx9x3/tLRZlMt0XHSAuP","b20k4jGRlLearRcH/+uRqn","00hdHYwW9BDpokOnNWwVWf","00u6aaX0tOwoaKuc5QtimX","01PLKr6llB54x+l8KRj6VP","0184caf0f","01hiDbYDxDgrDtGEJX4wOr@f9941","01b05cba5","022ed4044","02QfPfGShPEZ3X4BKP0BwR@6c48a","02QfPfGShPEZ3X4BKP0BwR@f9941","02QfPfGShPEZ3X4BKP0BwR","028850be1","0295a897e","02c1067e6","0320afb30","036835910","038bc2951","038c3a590","039c67cca","03adc0018","04HXeUMZdJzo41DNZuWHrU@f9941","05eJDc4kVAtZPyD4OlBvT+@f9941","04HXeUMZdJzo41DNZuWHrU","042990787","04u+7WPDlFoZ9/C3SqWnsF","04be6f0a9","04c481acd","050b6fe44","06Im8otFhHXbPbq+KDmma5@f9941","07JESrBSdFJK3vcRQR1/ti@6c48a","07JESrBSdFJK3vcRQR1/ti@f9941","05eJDc4kVAtZPyD4OlBvT+","06Im8otFhHXbPbq+KDmma5","06fb7d2d3","07121af85","07JESrBSdFJK3vcRQR1/ti","07ef959b3","080917a50","08wEOI7kpGA6rnkDioFmw0","091d31b84","09e077d09","0a3175b80","0a3e4a9d2","0aRu4zYxJKIa3Q3l4WBg3Q@6c48a","0aRu4zYxJKIa3Q3l4WBg3Q","0a97c7de0","0af4848d8","0b1f187e4","0b645a985","0b820209f","0bd082c0b","0eOtWAQ+RJr5tGqNFA5On4","0e0Fm/GDhIN4PbcwaNOroh","0fwERQEulALY3BjQXTJYSM","11lePfCP5N65UMX6oR9GW1","12eGr+ssBDY5V9PZ6+4Cwo@f9941","0dG9LuOINCw7yDpaKYo+32","0ddA/IwOxA6qFt4fyYV8Lk","0db32cfbd","0eU2JvdkBK+4mfIrlCvv3N","0e60a305e","0f73ff845","0fc58477f","0ffd614e2","10R1gBJQ5HAo4NaXPalYnB@f9941","13PGtJtFRGR69i7MyY4Zwa@6c48a","13PGtJtFRGR69i7MyY4Zwa@f9941","14LMIipvpPcIGT4zm5qx2L@6c48a","14W8nqnmFBqLuX5sj1//Hh@6c48a","14fd40b05","19GONIvIhMTq1BPltTJXfw","17ReWv4XFPJLmA6o05fcXs@f9941","14fd40b05@6c48a","157fb6461","16dUqn8PdCxIRRDo0b/71/","18dxpuWuVKLrJgKu9krSHs","18eirF6cFJm7sLULVqAlaw@f9941","19F0wHfm5E0ZThs8vkwIKb@f9941","195fkfISNGApa/QaJwvD3Q","1epXbBd99CCJ4zOzHs2RQn@6c48a","1epXbBd99CCJ4zOzHs2RQn@f9941","157fb6461@6c48a","16OO/5MMxHFK2fU8Z0DPjt","161ZLitZdP+Lnr81/tb0Tl","17254abc0","17254abc0@6c48a","17ReWv4XFPJLmA6o05fcXs","17df48728","17df48728@6c48a","1851bc931","1851bc931@6c48a","18eirF6cFJm7sLULVqAlaw","19F0wHfm5E0ZThs8vkwIKb","1a66cd058","1a66cd058@6c48a","1eGgFgcnFCSYk+zGZFtSZv","1epXbBd99CCJ4zOzHs2RQn","1ee86f78e","1ee86f78e@6c48a","1f1739a01","1fM6XeKuNHlJUJoumy6TPZ","1f1739a01@6c48a","1fa728745","1f5WeuVz5MjKHYSwec7P9R@f9941","22JGyy6cFJwb7F59jZCYlV@f9941","23VpNg7SFE97FJ1G37/BF7@f9941","23jfNaCZZKa6tK0S6E3Nyd@f9941","25SrsOzA5B7LDg1yrZ/GYO@6c48a","25+IkKFBtOKbEyLrK/pvEp@6c48a","276KM7NIBJVIxFkX6655WB@f9941","2aQN+W3PpPgKhdSnpCfzZM@f9941","2brwW5NEJOzIxmpfIwm+jz@f9941","2dMfG/pwhNIY/sHORdQZzn@f9941","2fQAOb5RZOfqSVQfCEt014@f9941","2fWgBoML9Jr5HqqT85mY2n","30ZHIGH4NIJrFnFgittv96@f9941","31YypLdP5E7LeDSHHy18MT@f9941","33IvWai8dC54CqebR8y4Zv@f9941","34me0MiApDq4TXgHftwOPJ@6c48a","34/DM/LrNFbqEi3z6QNO/F@6c48a","34/DM/LrNFbqEi3z6QNO/F@f9941","36VLUEjwBAnbyCfF65YTsk@f9941","3708A8gKBEDLaw9BpBFQLl@6c48a","38MOAlI1xEnIngxkM+VTZB@f9941","38/6JlYK9FkqeQaiSQ4mLK","3bKPe2eUdDQLZqLbgDwcB0@6c48a","3bKPe2eUdDQLZqLbgDwcB0@f9941","3fWymW8f9N0Y5Abnhjo+x3","3fb/NOwB9H/Iy+CmSdt4zT@6c48a","3fb/NOwB9H/Iy+CmSdt4zT@f9941","3fzRxJ3UZI9ZS+DaM/1uxr@f9941","40bAfYmtlPjJkV7u1Be5NZ@f9941","40+mLe53RCsa15MzMaCh2k@f9941","45Hn/ZZMFJ9qq8bOw/HD/b@f9941","464UW9Is9ML703+q8wzgEC@6c48a","469hfdP3FL6r+9ftEMMSHo@6c48a","48GoI70TNJNYih5wqqaaG5@f9941","49YsEB6z1LVa+83AnzJsIB@f9941","4aHRD8ospKeKHLL3Bv+Twd@6c48a","4aed/BsOxB66RvWwNS2F0+","4a/k/49BlCW5khI0sJX7Oq@6c48a","4bakJvG1hIO7Pr7ECSbeah@f9941","4d00yMU4BAYqxgPSHhoy98@6c48a","4eE8de1OdJvKoh72LSyWKP@f9941","52YkSTtV5OH6Lc96O7amQz@f9941","54OYksTvNEM6ZmmTKl3jaQ@f9941","55UryV//NAX43C6OrLfIhx","55i+1f4kNH6JFLkFp+7lkK@f9941","55vuZRTMNHHZZzG30byonC@f9941","56f3b7jldKHJ5h2Pbs6I8A","57h2ACNCtPJ7cyK/LTYxoN@f9941","5asrbNavZC7qFf0WSYcuZT@6c48a","5a0VCJQ+lDcZMPjipK8ssc@6c48a","5bW5J5OPRIE5ivWITABLrF@f9941","5dnWByXGBNgIT/g9dJd9l0@6c48a","5ee9kgc6dFMJrYvv7+oPP4@f9941","5e9RyMNyZObqtdNFRT12sM","5fPl1NYK5IyIcgZ2cAqN59@f9941","5fk/0zsf5AwLwFniHOAmnK@f9941","5fl+SnxJZE8a4kG2y2J0Tc@f9941","61G3WxV0NErqqVmUEEXnNE@6c48a","61G3WxV0NErqqVmUEEXnNE@f9941","62zmgIr5dPwJprW5328uUV","64AQruG/ZIUqQ1N2WPDVMi@f9941","64XPIoHAJLopu0CW+iExmV","656xHZKzBDnJY4i6NybK+w@6c48a","68Y4X+ACRNWaNDGHBjGgI/","68qM1U2G1HIZj/WAf8xGMM","680AeAigFObqwpIkuHvD7f@f9941","681e9ryllD2I6Cuenj+r3b@6c48a","69R1wgiFVILb2JotMqxjH3","6a1sX95XtPHoyWSZVCGpNI@f9941","6cXwPTtBVL8417uth1FS4v@f9941","6dSVJOz6pJgJKniPbXXcwW@f9941","6dzxK2cNRPBqX9+fm68uqm@f9941","6eMyXHoA1EzbF6jskaVggw","6e8iuHAqlBQ4xtFaiYRzQ0@f9941","6fd8BB3FlL150Wb5uO1BkX","70uZ9A5S1CTZAw3BRZhpPV@f9941","708zdc301NFJHx5oIeKbOh@f9941","71IKLQGaFLVLbeZhk8VLou@f9941","73/Q31a0FMtKvz13WHgu9e@6c48a","74HOtuPFRGdKmOus51QHBs@6c48a","755WL+cAlOnYM150lgstch","77/R6/2xpL5KR18Ytn3Lbv@f9941","78S0Dgu+VCdrstgcmMEkTf","79Wf1lTtJB9q3nEotX2i96@f9941","1f5WeuVz5MjKHYSwec7P9R","20MbGqiN1PiY+KJfli6XZp","20g1ukYUVPvKWKBRznAKo+","21ssb0hL9ERZURvNjGYcVf@f9941","2691yjIlZAgZ0wYJNntjmI","289Cx+bTZD04rdMIis85QE@6c48a","2aguHZgh5GnZ3n6nZiRnFm","2a2QqEbWtOMrPARKdQ/dST","7awy3P5FpJp58MgSJwcaTE@f9941","7bAPo1FeNExbhg+OPcfUkQ@6c48a","7bAPo1FeNExbhg+OPcfUkQ@f9941","7bBvAKavZFmIaaoMOZpi9y@6c48a","7bBvAKavZFmIaaoMOZpi9y@f9941","7cXlfFjqxGKq99OkjHxYNy@6c48a","7dBHY2yOVPB7sGY7BOyc3K@6c48a","7dP0DoobBEloAxPZw/Yt17@f9941","7dVqZiix9FcbtWo925nrNz@f9941","7edDCEV61Bpa0mP3uVetBo@f9941","7e57yAwRNDmIYo4Ackt5WO@f9941","7feOzRUiFCxK7dq5KKds88","81v3sOgWBNUa8upNY2SjIO@f9941","82oW7Zv1xEwYqh+bdtl8PC@6c48a","82oW7Zv1xEwYqh+bdtl8PC@f9941","83jiFpEuZMeq+7fCXZhEoM","84WBUhxepJ24z4ICF3BIWb@f9941","85WkQMULVCWqCPe8egAdhE@f9941","86yQVtyvFDO7G5dRBlIy5n@f9941","87CuXK9z1PiYPr3RVn8xj8@f9941","87/zu703BFpJUKhWZaZXj5@f9941","88uE9Vk+FLeYIW00DdOjXX@f9941","88yqOKn8ZNB6P0NISR4JYt@f9941","89SOFLccFEF7tm0ZL9GXcE@f9941","89sigCxEFJGY5py8LiLlKK@f9941","89ynBOWepDiIGm3m/Kz8C+@6c48a","89ynBOWepDiIGm3m/Kz8C+@f9941","8bFawpVaZDy5UP6wdRTgZm@f9941","8eMwUCJj5NqImrLcIkiDJv@f9941","8fD0e8+VFFyZNS4Z9aXm23","8fNq/R9J1Mnonbbl+9pu/M","93Z2SgjadGvJvpYzlN0plF@f9941","7awy3P5FpJp58MgSJwcaTE","7bAPo1FeNExbhg+OPcfUkQ","7bBvAKavZFmIaaoMOZpi9y","7cXlfFjqxGKq99OkjHxYNy","7coyy18DxAZak8WeFHfDSU","7dBHY2yOVPB7sGY7BOyc3K","7dVqZiix9FcbtWo925nrNz","7dW76DDA5I/LFvsAcPDX4u","7dj5uJT9FMn6OrOOx83tfK@f9941","7d9mxepHVLkZHkkzzUsKDy","7edDCEV61Bpa0mP3uVetBo","7e57yAwRNDmIYo4Ackt5WO","7flaaeI+VLZ4RoUgefXnE3","81v3sOgWBNUa8upNY2SjIO","82oWc0qYxALakEVKfFy/FS","82oW7Zv1xEwYqh+bdtl8PC","84wV4JrwdMQbEDtTXebfEp","847grvhSpCgp7hY6mU1Joz","85WkQMULVCWqCPe8egAdhE","86fnBnwINIpo0/Wr+BOZ31","86yQVtyvFDO7G5dRBlIy5n","864Lq2m3hNuphozrCgaX8/","87CuXK9z1PiYPr3RVn8xj8","87/zu703BFpJUKhWZaZXj5","88seDB28VKh4rUTg4lbP1h","88uE9Vk+FLeYIW00DdOjXX","88yqOKn8ZNB6P0NISR4JYt","89SOFLccFEF7tm0ZL9GXcE","89sigCxEFJGY5py8LiLlKK","89ynBOWepDiIGm3m/Kz8C+","8a9VFZSPZGeY7I1UBXJRRM","8cONKay8ZENIUXSKnWyZRt","8eMwUCJj5NqImrLcIkiDJv","92TV9zMHNBUYnWqxQ8WrUV","9dX1uQ5lVAUoX7GsV/q8QO","95Bc2sgx1MBae8GLo++76k","95EJ59yi5C6pcrs8sfMVNT@f9941","96tuNbGiVCm5kMyoeHtyu8@f9941","944Yq2m4REz7T5x+gOssNF","95EJ59yi5C6pcrs8sfMVNT","95EkngnxZFbYuFpsqVTaFr","99U0ItC9RCHYhi6tllpqld@6c48a","99U0ItC9RCHYhi6tllpqld@f9941","99kAvFvkBKh6WRC5pwd9a2@f9941","9aeOI7JoRGmJ8btkuSafM+@f9941","9aj/QxhElNRrP9/l00KaVs@f9941","9bbRrdaO1PzLQ6Eno5riU+","9bsmw4YiVCH7PXMqFXnNd7@6c48a","9bz2oSU4pG+aw2G9HZCaEu@6c48a","9dl08EB0JIhar6qb9Kdik6@f9941","9d0M/K2ORFxapv09sIm14J@f9941","9d3HWB9dFEXqZjcIdM6Hd9@6c48a","9d96DPoHxN5ZT6J/jS/K8c@6c48a","9d96DPoHxN5ZT6J/jS/K8c@f9941","9eN78uKaRE5KEgtkyHKIMD@f9941","9eO+IUan9Hw5zb99m1x5vj@f9941","9fMvdN3W9PJKYLvx3o3mFj@f9941","a0HtrbOiJKUYVnS+OtBqTb@f9941","a0J4oqR5RD06LHxEoITkWc@f9941","a2isyuNWxFhZf3cv5E5FjR","a5D2wvh7VPt4dMynCQ5pYF@f9941","a549y/+H5DQrxtLE3fW4Yu@6c48a","a549y/+H5DQrxtLE3fW4Yu@f9941","a57cx53HZE/aQXSqj5Jx0X","a6XjBU0VtNTZI1osmBuDCg@f9941","a6ywLxq1hNhpMNMJBi/5kJ@6c48a","a6ywLxq1hNhpMNMJBi/5kJ@f9941","a69+CduyhEzIMk4Bs5Nr0z@f9941","a7Mto4LnhD9oTBQdE793nx@f9941","aa6ofZFURCnbdd/PyDRH8g@f9941","acNmgfP2VOQKWMI85GhV13@6c48a","acQl6G2whJE6BKC5KFbDxK@f9941","adsMka9XVPia9LBgBx+VtC@6c48a","adsMka9XVPia9LBgBx+VtC@f9941","ae0L3tmQxLqYZ4f6yiSKmX@6c48a","b0XKLfhdxP2JzAt2Up75G6@f9941","b01cZJmMNOc6e2RzruWzho@6c48a","b1IaovCH9A9ogIYAynGEsU@6c48a","b1K80tpi9MUKdgdjxhIQWW@6c48a","b1K80tpi9MUKdgdjxhIQWW@f9941","b3PWj4Sr1C/5/9oqIemL1e@f9941","bayGOm4E1Hu6+KxsdXkbjK@f9941","bbHPX5KKRBp5rckV1FrvZu@f9941","bcE/rg3wVPi7NhFD9mON7E","bcXGkbjYtLIrF6yfc+YwZm@f9941","bfh9P8jXRCoKdBt/aWeLnk","bfy/58K1VK45XRzmqTC6zI","c0EesY8SdKjJD3nET1IqUq@f9941","c0d3lcewpJKbNXq1I7cz6U@6c48a","c0d3lcewpJKbNXq1I7cz6U@f9941","c1nr9h2LFHH44EdQLH0hgX@f9941","c1uxiDQH9HkZPQNuVpIPii@f9941","c3amWyhl1Oy7MIDv0rZXdR@6c48a","c6d2qr+BBK0reKM1yRLv5p@6c48a","caHkHdfwJOO4ngbLtS5+/6@f9941","caKHpCzJlD2Y5uSt4wedOu","d3WWUonmVK7JZ6TU6BjS3N@f9941","d4wtVSAlNIR7shn9ejPtyp@6c48a","d6C47I8Z9JS78S8CZdEcqq","d7y6kly61K25FfO9B1ZbWs@f9941","d8pQvxQQJAPJ9sb9rnLowU@f9941","d8qtxtuNJLUL80WKIInbIl","dbhhVEFvpGArXQ+G733DNo@f9941","deLhltYaVIY6YDxPoXlmJP@6c48a","deNiUE8sRJVJD9ODh7QirK@f9941","dffbjHM95DJ7ebYlnd22TL","e180Xd8/BDWatWx/TECOvM@f9941","e2slTFOtpMgLQaA5kPRHcm@f9941","e3SvuUkNNIy6PYjGxPEOPE@f9941","e350yGmEtMCK0s9LcLxoqH@f9941","e4wIBBvYlDu6gNDX6jAj9v@f9941","e6rvZbsv1BR6Xi+8PcLBrW@6c48a","e6/C0eIfpCT6iVmlachU7q@f9941","e7KNwNOIxFabrJyiUsQuDY@6c48a","e7KNwNOIxFabrJyiUsQuDY@f9941","e8drzRkHpAM4a4RDGDr5XK@6c48a","e9MtIk15ZK/oxVviT5WgDE","e9vvDFodFKJIZY/auWHKHR","ebL9fnseRIUIJGadL4yXW5@6c48a","ecOz0rNopJdqJkhSZ/TQ5D@f9941","edXWdVOZpMFqNwtzrK0NEZ@f9941","edbBCKam9HZZkRPgpfKSXq@6c48a","edbBCKam9HZZkRPgpfKSXq@f9941","effkMRkI5EaJaFsyS+rp02@f9941","efguk0chJOQpIaBjJaou+g","efmIJUYcVEa4Oer90wZFxL","efybyGgbREnLasMosHgpm6@f9941","f0pQAdJPdM96u7fgsdku59@f9941","f18JE/om5ImbD8piezCHLX@6c48a","f4ukJY6I5KC5ziSTW1qI9N@f9941","f4ztoxrjJNj79BL5+hCsna@f9941","f7dikj229DrIlbiywsIvjH@6c48a","f7dikj229DrIlbiywsIvjH@f9941","f7/spbczlOKJF7BhFNzNvf@f9941","f92po+PhZAnonVI0ZorDdI@f9941","fb65XjWnpAAYUNMPpROjAz","fdr2CqgdhIIYEPsYsvqS0Z@6c48a","feG7hovaZPxLXylFHKW2ZG@6c48a","12eGr+ssBDY5V9PZ6+4Cwo","13PGtJtFRGR69i7MyY4Zwa","14LMIipvpPcIGT4zm5qx2L","14LMIipvpPcIGT4zm5qx2L@f9941","14W8nqnmFBqLuX5sj1//Hh","1fa728745@6c48a","20g1ukYUVPvKWKBRznAKo+@6c48a","20g1ukYUVPvKWKBRznAKo+@f9941","21ssb0hL9ERZURvNjGYcVf","217qfzBAhHJIVY4DkaJLCO","22BozmL7BCpbzYqi+RaBsX","22JGyy6cFJwb7F59jZCYlV","22oIMocrBGCYHGU33Hphwi","23KLavmiFGF7wDEIEeJiBQ","23jfNaCZZKa6tK0S6E3Nyd","230AWJvFRH54xPmDRT+wVQ","25SrsOzA5B7LDg1yrZ/GYO","251Wt6+qNKZLTNujjkjBSG","25+IkKFBtOKbEyLrK/pvEp","276KM7NIBJVIxFkX6655WB","289Cx+bTZD04rdMIis85QE","2aQN+W3PpPgKhdSnpCfzZM","2bOqzUz/5OaaY/N9LU+Bxq","2ckiYlpptOVbWFx1IhV6RS","2cl5s8KPRDDIivTzUX8Uo/","2dMfG/pwhNIY/sHORdQZzn","2e9ancvvBHbYKVsZzv6stV","2fQAOb5RZOfqSVQfCEt014","2fvOCXiydLebHd9JnU9HFC","31J3JEvEJOH4gEOgChp3aK","31YypLdP5E7LeDSHHy18MT","33IvWai8dC54CqebR8y4Zv","34me0MiApDq4TXgHftwOPJ","34/DM/LrNFbqEi3z6QNO/F","36VLUEjwBAnbyCfF65YTsk","3708A8gKBEDLaw9BpBFQLl","38MOAlI1xEnIngxkM+VTZB","39u8JmjR1AUo9tfqLDePGX","3bKPe2eUdDQLZqLbgDwcB0","3eUX4mG8NLU7rZu8/BwZJx","3eb3/6c6tCwqx68d+IPpo/","3fb/NOwB9H/Iy+CmSdt4zT","40bAfYmtlPjJkV7u1Be5NZ","45Hn/ZZMFJ9qq8bOw/HD/b","464UW9Is9ML703+q8wzgEC","469hfdP3FL6r+9ftEMMSHo","4aHRD8ospKeKHLL3Bv+Twd","4a/k/49BlCW5khI0sJX7Oq","4bakJvG1hIO7Pr7ECSbeah","4b6PXHTtFMV6i4Z9gQ2uWy","4d00yMU4BAYqxgPSHhoy98","4eE8de1OdJvKoh72LSyWKP","54TknWPwVPqJqeCR+Y/Czo","54TknWPwVPqJqeCR+Y/Czo@6c48a","54TknWPwVPqJqeCR+Y/Czo@f9941","55i+1f4kNH6JFLkFp+7lkK","55vuZRTMNHHZZzG30byonC","56y5MOrbdJ6aR5PKwIEXRP","57h2ACNCtPJ7cyK/LTYxoN","58751lVD9BkqrzNQvqHmNA","59/FocRNZMdZnXbcVNTXID","5asrbNavZC7qFf0WSYcuZT","5a0VCJQ+lDcZMPjipK8ssc","5bW5J5OPRIE5ivWITABLrF","5b2RmpC/xHdrfpWVGuvkSA","5ci/GZrZVCj5YeAuysr/rV","5clpgCb7RA4ZZNijNUKOBL","5dnWByXGBNgIT/g9dJd9l0","5eqwS5m61Pp59xJgPfofO4","5fPl1NYK5IyIcgZ2cAqN59","5fk/0zsf5AwLwFniHOAmnK","5fl+SnxJZE8a4kG2y2J0Tc","61G3WxV0NErqqVmUEEXnNE","64AQruG/ZIUqQ1N2WPDVMi","656xHZKzBDnJY4i6NybK+w","681e9ryllD2I6Cuenj+r3b","6aeeHqXAtApLrcF5Phix14","6a1sX95XtPHoyWSZVCGpNI","6cHk617NxAG7DNOrZsgsrz","6cXwPTtBVL8417uth1FS4v","6dSVJOz6pJgJKniPbXXcwW","6dzxK2cNRPBqX9+fm68uqm","6f8pOlxAVH5ZOBp4HBYXAu","70uZ9A5S1CTZAw3BRZhpPV","708zdc301NFJHx5oIeKbOh","73iEiNRtxPB5soq4asuK8H","73/Q31a0FMtKvz13WHgu9e","74HOtuPFRGdKmOus51QHBs","75eC1dBw9CVoljRa+fj0Il","76WGMi9CRMXYkmYE74zBkb","774P76MlZO7JN8IShU3zE5","77/R6/2xpL5KR18Ytn3Lbv","79Wf1lTtJB9q3nEotX2i96","92TV9zMHNBUYnWqxQ8WrUV@6c48a","92TV9zMHNBUYnWqxQ8WrUV@f9941","92avLMyklJBrG6KwwQ3/mP","93Z2SgjadGvJvpYzlN0plF","93ws060E5EBZpLz2f88pID","94KoPA4Z1F5LyB9FQKVF9n","95EkngnxZFbYuFpsqVTaFr@6c48a","95EkngnxZFbYuFpsqVTaFr@f9941","99HNXjQMJP0oPOh4uIKfes","99U0ItC9RCHYhi6tllpqld","99kAvFvkBKh6WRC5pwd9a2","9aj/QxhElNRrP9/l00KaVs","9bsmw4YiVCH7PXMqFXnNd7","9bz2oSU4pG+aw2G9HZCaEu","9dQPGr36hI8oO8UA7K0oZx","9dRRUVzEpK3LxoXIbM6erA","9dl08EB0JIhar6qb9Kdik6","9d0M/K2ORFxapv09sIm14J","9d3HWB9dFEXqZjcIdM6Hd9","9d96DPoHxN5ZT6J/jS/K8c","9eN78uKaRE5KEgtkyHKIMD","9eRH/z1nJPBYFEJ4+u5qmX","a0HtrbOiJKUYVnS+OtBqTb","a0J4oqR5RD06LHxEoITkWc","a3JAGXfTxFlqyes/Ar2bDl","a30IFXCuxFDKbPeZdQBhA9","a549y/+H5DQrxtLE3fW4Yu","a6ywLxq1hNhpMNMJBi/5kJ","a7BEpnzzdJ+pVFmK1mnoqg","a8AxqJDnJDJJjwiKxI5vND","a8lL9hLXpAIYuJeHI/+USY","aabIRho+VH8ax9028ovGfJ","aa6ofZFURCnbdd/PyDRH8g","acNmgfP2VOQKWMI85GhV13","acQl6G2whJE6BKC5KFbDxK","adsMka9XVPia9LBgBx+VtC","ae0L3tmQxLqYZ4f6yiSKmX","ae0L3tmQxLqYZ4f6yiSKmX@f9941","ae17kUyRFDC7SfJsPYBAh5","b01cZJmMNOc6e2RzruWzho","b0+9cm4V5PkqZIBCYvafgo","b1IaovCH9A9ogIYAynGEsU","b1K80tpi9MUKdgdjxhIQWW","b1VRex6P5IuK1+ZmZOHH4j","b2Yd+I4n1DookYDKjhrbl9","b4v1boSYRDrK1P9eSJO6sc","b7CpoyQpBLvZYrHUZ3kMz0","b7QmLaTVtKWKyOC1JTm7XM","bayGOm4E1Hu6+KxsdXkbjK","bcOGnKuUhGpoUBuJgO3n84","bdHWyTjGJCUoImHsUOXEOW","beiPFfa9VOBZhPbeEj23MB","c0d3lcewpJKbNXq1I7cz6U","c1uxiDQH9HkZPQNuVpIPii","c18CK2wNdE1qhTIBbX6uMa","c2V3ZwhbRACZolCNE6UGfj","c3amWyhl1Oy7MIDv0rZXdR","c45mE6t9NN0pyCU3gnM/4P","c6d2qr+BBK0reKM1yRLv5p","c73n86sE9Kd7ySiBVqnVRs","caHkHdfwJOO4ngbLtS5+/6","cdNreoNShINK/4O/m9TiEV","d2zPR6YuNDP6qniZGFasBh","d4Bs6xwMVBUrCVr+inKNZO","d4o3geGlZCC47r1nF+cWhv","d4wtVSAlNIR7shn9ejPtyp","d7y6kly61K25FfO9B1ZbWs","d7+dZHVw9II6wfdDQFCNp+","d8KB1RXx5DUboW94y+25rO","d8iPQX/ypKFY7ordD6Z566","d8pQvxQQJAPJ9sb9rnLowU","d9KSEtKstF/qo3sB1PHQQh","d9tSyYfehHlbmsvyIV5k3L","daBGyXAP9GX6+md+rg+FJk","daL2pVDbVLQYoDc1vcESLR","dbPmhbHYFFSoxDYUM8UoDT","dbhhVEFvpGArXQ+G733DNo","deLhltYaVIY6YDxPoXlmJP","deNiUE8sRJVJD9ODh7QirK","e2slTFOtpMgLQaA5kPRHcm","e350yGmEtMCK0s9LcLxoqH","e4wIBBvYlDu6gNDX6jAj9v","e6rvZbsv1BR6Xi+8PcLBrW","e6/C0eIfpCT6iVmlachU7q","e7KNwNOIxFabrJyiUsQuDY","e8PcufffVG9658EXCqUliT","e8drzRkHpAM4a4RDGDr5XK","ebL9fnseRIUIJGadL4yXW5","ecOz0rNopJdqJkhSZ/TQ5D","edXWdVOZpMFqNwtzrK0NEZ","edbBCKam9HZZkRPgpfKSXq","efybyGgbREnLasMosHgpm6","f0pQAdJPdM96u7fgsdku59","f1A9VnlOxNNZnYiaS5tdpL","f18JE/om5ImbD8piezCHLX","f4ukJY6I5KC5ziSTW1qI9N","f4ztoxrjJNj79BL5+hCsna","f5FbxlrnJIWrDtj/oTafi8","f6dC3VkGBOwIkS+HIm9sWS","f65444zkRLKqBmaclDJwAD","f7dikj229DrIlbiywsIvjH","f7/spbczlOKJF7BhFNzNvf","f9VHL2tQpAurMBrZAEJpWT","f92po+PhZAnonVI0ZorDdI","f99pkV7PBAwaMYKGUsmxR6","fdr2CqgdhIIYEPsYsvqS0Z","fdsMWHAUFKMq+3Ic2SW+/l","fd4WOPgt1HIo0lF7DOkA6v","feG7hovaZPxLXylFHKW2ZG","feU4s0mM5GTZT9p8ZaPOsB","fe5NAmkd5GZrunhpVeMW7U","fe5NAmkd5GZrunhpVeMW7U@6c48a","fe5NAmkd5GZrunhpVeMW7U@f9941","ff61kuUq1A/p8U3mLPT2OG"],"paths":{"0":["img/bigIcon/auto-bigIcon",6,1],"1":["img/smallIcon/auto-smallIcon",6,1],"2":["font/font_buy",7,1],"3":["car/mao01",3,1],"4":["sound/vol_total_multiplier_reward7",9,1],"6":["img/smallIcon/icon_xggz_yueliang_s/spriteFrame",2,1],"9":["font/font_win_history_0/texture",1,1],"10":["font/font_win_history_0/spriteFrame",2,1],"11":["font/font_win_history_0",0,1],"21":["img/bg_starlight_buy_sg_box/spriteFrame",2,1],"22":["img/zi_autoplay/spriteFrame",2,1],"23":["img/bg_starlight_buy_sg_box",0,1],"25":["car/Starlight_blc_sg",3,1],"29":["img/btn_KONFIRMASI/spriteFrame",2,1],"30":["font/shuzi_xiazhujine_0/texture",1,1],"31":["font/shuzi_xiazhujine_0/spriteFrame",2,1],"32":["img/zi_autoplay",0,1],"33":["img/btn_KONFIRMASI",0,1],"36":["font/shuzi_xiazhujine_0",0,1],"39":["car/iconCar/scatter",4,1],"44":["car/freespine_js4/texture",1,1],"45":["car/freespine_js4",0,1],"52":["prefabs/prefab_starlight_header_new",8,1],"53":["car/skeleton",4,1],"54":["car/msn_qiehuan_tx",4,1],"55":["font/font_win_history",7,1],"56":["img/zi_shengyumiafneicishu/spriteFrame",2,1],"57":["sound/win3",9,1],"58":["sound/buy_free_btn",9,1],"60":["sound/scatter_bonus",9,1],"65":["img/zi_2/spriteFrame",2,1],"66":["font/font_sg_num_0/texture",1,1],"67":["font/font_sg_num_0/spriteFrame",2,1],"68":["img/bg_starlight_operate_lian_zhuagnsitiao/texture",1,1],"69":["car/iconCar/scatter/texture",1,1],"71":["common/auto_common_starlight",6,1],"72":["img/img_arow/spriteFrame",2,1],"75":["font/font_add_free_num",7,1],"76":["car/st_icon_xs_tx",4,1],"77":["img/btn_xggz_caozuobox_jian/spriteFrame",2,1],"78":["img/zi_ganda/spriteFrame",2,1],"79":["font/font_sg_totalnum",7,1],"80":["font/font_sg_box_num_0/texture",1,1],"81":["font/font_sg_box_num_0/spriteFrame",2,1],"83":["sound/win2",9,1],"84":["sound/vol_scatter8",9,1],"87":["img/img_arow",0,1],"92":["img/btn_xggz_caozuobox_jian",0,1],"93":["img/zi_ganda",0,1],"96":["sound/quick_stop",9,1],"97":["font/font_sg_box_num_0",0,1],"101":["font/font_win",7,1],"104":["common/icon_dt_loading_0/spriteFrame",2,1],"105":["img/zi_goumaixiaoyouxi/spriteFrame",2,1],"106":["img/smallIcon/icon_xggz_huang_s/spriteFrame",2,1],"107":["img/btn_xggz_kuaisu_0/spriteFrame",2,1],"108":["car/iconCar/st_icon_7/texture",1,1],"109":["car/iconCar/st_icon_5/texture",1,1],"110":["img/btn_jinbi_jia/spriteFrame",2,1],"111":["common/btn_off/spriteFrame",2,1],"112":["img/bigIcon/icon_xggz_xin/spriteFrame",2,1],"113":["img/zi_belipermainan/spriteFrame",2,1],"114":["img/word_title_zidong/spriteFrame",2,1],"115":["font/font_win_blue",7,1],"116":["img/word_vip/spriteFrame",2,1],"117":["img/icon_kaiguan_jiantou/spriteFrame",2,1],"118":["img/btn_xggz_kuaisu_1/spriteFrame",2,1],"119":["car/msn_qiehuan_tx/texture",1,1],"120":["img/bg_xggz_caozuobox_di/texture",1,1],"121":["img/bg_xggz_caozuobox_di/spriteFrame",2,1],"122":["img/btn_xggz_caozuobox_jian_1/spriteFrame",2,1],"123":["car/iconCar/st_icon_8/texture",1,1],"124":["img/btn_xggz_caozuobox_jia/spriteFrame",2,1],"125":["prefabs/prefab_starlight_gameBoard",8,1],"126":["font/font_rate_0/texture",1,1],"127":["font/font_rate_0/spriteFrame",2,1],"128":["prefabs/prefab_starlight_loading",8,1],"129":["bg_starlight_bg/texture",1,1],"130":["bg_starlight_bg/spriteFrame",2,1],"131":["img/smallIcon/icon_xggz_xin_s/spriteFrame",2,1],"132":["img/bg_starlight_zhuanpan_1/spriteFrame",2,1],"133":["img/bigIcon/icon_xggz_lvxin/spriteFrame",2,1],"134":["img/btn_shezhi_on/spriteFrame",2,1],"135":["car/Starlight_blc_sg/texture",1,1],"136":["car/iconCar/scatter2/texture",1,1],"137":["img/zi_spin/spriteFrame",2,1],"138":["img/zi_ting/spriteFrame",2,1],"139":["car/freespine_js3/texture",1,1],"140":["car/animation_win_gold",5,1],"141":["car/iconCar/st_icon_1/texture",1,1],"142":["img/btn_zidongyouxi_xuanzhong/spriteFrame",2,1],"143":["car/st_shandian2/texture",1,1],"144":["img/SETTINGS/spriteFrame",2,1],"145":["img/word_set/spriteFrame",2,1],"146":["img/smallIcon/icon_xggz_lanlv_s/spriteFrame",2,1],"147":["car/animation_win_box_label_rate",5,1],"148":["img/bg_starlight_gandabox/spriteFrame",2,1],"149":["img/bigIcon/icon_xggz_hongxin/spriteFrame",2,1],"150":["font/font_rate",7,1],"151":["img/bg_set_box/spriteFrame",2,1],"152":["car/freespine_js/texture",1,1],"153":["car/msn03/texture",1,1],"154":["img/btn_xggz_goumaixiaoyouxi_off/spriteFrame",2,1],"155":["car/st_icon_tx/texture",1,1],"156":["img/bigIcon/icon_xggz_yueliang/spriteFrame",2,1],"157":["font/font_win_announce",7,1],"158":["img/btn_xggz_caozuobox_spin2/spriteFrame",2,1],"159":["img/btn_vip/spriteFrame",2,1],"160":["img/word_loading2/spriteFrame",2,1],"161":["font/font_sg_totalnum_0/texture",1,1],"162":["font/font_sg_totalnum_0/spriteFrame",2,1],"163":["font/font_sg_num",7,1],"164":["img/icon_kaiguan_duihao/spriteFrame",2,1],"165":["font/shuzi_zhongjiangkuang",7,1],"166":["car/st_bigwin/texture",1,1],"167":["font/font_win_announce_top",7,1],"168":["car/animation_win_blue",5,1],"169":["img/word_info/spriteFrame",2,1],"170":["car/iconCar/st_icon_4/texture",1,1],"171":["prefabs/prefab_starlight_iconCar",8,1],"172":["img/bg_starlight_beli_box/spriteFrame",2,1],"173":["img/SOUND/spriteFrame",2,1],"174":["img/btn_xggz_caozuobox_spin/spriteFrame",2,1],"175":["img/btn_set/spriteFrame",2,1],"176":["car/animation_sg_box_title",5,1],"177":["img/bigIcon/icon_xggz_star/spriteFrame",2,1],"178":["font/font_sg_caculate",7,1],"179":["img/word_loading1/spriteFrame",2,1],"180":["img/img_stop/spriteFrame",2,1],"181":["img/bigIcon/icon_xggz_taiyang/spriteFrame",2,1],"182":["car/st_shandian/texture",1,1],"183":["car/skeleton2/texture",1,1],"184":["prefabs/prefab_starlight_bigPrize",8,1],"185":["img/zi_putaran/spriteFrame",2,1],"186":["car/st_icon_tx_kk",4,1],"187":["img/bg_starlight_item_box_tiao/spriteFrame",2,1],"188":["common/icon_dt_loading_0",0,1],"189":["sound/btn_click",9,1],"191":["img/btn_shezhi_off/spriteFrame",2,1],"192":["car/thor_jinbiyu",4,1],"193":["car/skeleton/texture",1,1],"194":["car/animation_title",5,1],"195":["font/font_beil",7,1],"196":["img/icon_xggz_bangzhu_1/spriteFrame",2,1],"197":["font/shuzi_zhongjiangkuang_0/texture",1,1],"198":["font/shuzi_zhongjiangkuang_0/spriteFrame",2,1],"199":["font/font_win_announce_0/texture",1,1],"200":["font/font_win_announce_0/spriteFrame",2,1],"201":["car/msnren2/texture",1,1],"202":["car/msn_qiehuan_tx4/texture",1,1],"203":["img/bigIcon/icon_xggz_lv/spriteFrame",2,1],"204":["img/word_spin/spriteFrame",2,1],"205":["img/bg_starlight_zhongjaingdinglan/spriteFrame",2,1],"206":["img/btn_xggz_goumaixiaoyouxi_on/spriteFrame",2,1],"207":["font/font_buy_sg",7,1],"208":["img/bg_input_box/spriteFrame",2,1],"209":["font/font_buy_0/texture",1,1],"210":["font/font_buy_0/spriteFrame",2,1],"211":["font/font_sg_rate",7,1],"212":["img/zi_ting2/spriteFrame",2,1],"213":["img/icon_xggz_bangzhu_3/spriteFrame",2,1],"214":["img/bg_starlight_free_box/spriteFrame",2,1],"215":["img/zi_tanchuang_title/spriteFrame",2,1],"216":["img/icon_xggz_bangzhu_2/spriteFrame",2,1],"217":["img/icon_bank_gold/spriteFrame",2,1],"218":["img/zi_dalam/spriteFrame",2,1],"219":["img/icon_olps_xuanzhong/spriteFrame",2,1],"220":["img/btn_info/spriteFrame",2,1],"221":["font/font_win_0/texture",1,1],"222":["font/font_win_0/spriteFrame",2,1],"223":["img/bigIcon/icon_xggz_scatter/spriteFrame",2,1],"224":["img/btn_xggz_autobox/spriteFrame",2,1],"225":["car/st_bigwin",4,1],"226":["car/mao01",4,1],"227":["img/bg_zhuanpan_2/spriteFrame",2,1],"228":["img/icon_xggz_bangzhu_1",0,1],"229":["font/shuzi_zhongjiangkuang_0",0,1],"230":["font/font_win_announce_0",0,1],"231":["car/msnren2",0,1],"232":["sound/all_icon_fall",9,1],"233":["car/msn_qiehuan_tx4",0,1],"234":["img/word_spin",0,1],"235":["car/iconCar/st_icon_4",4,1],"237":["sound/win4",9,1],"238":["img/bg_starlight_zhongjaingdinglan",0,1],"239":["img/btn_xggz_goumaixiaoyouxi_on",0,1],"240":["sound/vol_scatter4",9,1],"241":["img/bg_input_box",0,1],"242":["sound/scatter_flash3",9,1],"243":["font/font_buy_0",0,1],"244":["sound/win_freespin",9,1],"245":["sound/vol_scatter1",9,1],"246":["img/icon_xggz_bangzhu_3",0,1],"247":["car/iconCar/st_icon_5",4,1],"248":["img/bg_starlight_free_box",0,1],"249":["sound/scattert_rigger",9,1],"250":["img/zi_tanchuang_title",0,1],"251":["img/icon_xggz_bangzhu_2",0,1],"252":["sound/vol_scatter5",9,1],"253":["img/icon_bank_gold",0,1],"254":["img/zi_dalam",0,1],"255":["img/icon_olps_xuanzhong",0,1],"256":["img/btn_info",0,1],"257":["font/font_win_0",0,1],"258":["car/spine_guangquan",4,1],"259":["car/msnren",3,1],"260":["img/btn_xggz_autobox",0,1],"262":["img/auto-starlight",6,1],"263":["car/thor_jinbi",4,1],"264":["img/word_loading_blue_1/spriteFrame",2,1],"265":["img/bigIcon/icon_xggz_lanlv/spriteFrame",2,1],"266":["sound/chooseNum",9,1],"267":["img/word_loading_blue_1",0,1],"269":["font/font_win_blue_0/texture",1,1],"270":["font/font_win_blue_0/spriteFrame",2,1],"271":["img/bg_starlight_ganda_kaiguan/spriteFrame",2,1],"272":["img/smallIcon/icon_xggz_taiyang_s/spriteFrame",2,1],"273":["img/btn_zidongyouxi_weixuan/spriteFrame",2,1],"274":["car/freespine_js",4,1],"275":["car/st_icon_tx_kk/texture",1,1],"276":["car/iconCar/st_icon_6/texture",1,1],"277":["img/bg_set_box_nei/spriteFrame",2,1],"278":["img/icon_xggz_bangzhu_4/spriteFrame",2,1],"279":["car/spine_guangquan/texture",1,1],"280":["font/font_beil_0/texture",1,1],"281":["font/font_beil_0/spriteFrame",2,1],"282":["common/icon_dt_loading_1/spriteFrame",2,1],"283":["img/bigIcon/icon_xggz_lanxin/spriteFrame",2,1],"284":["img/bigIcon/icon_xggz_huang/spriteFrame",2,1],"285":["img/zi_win/spriteFrame",2,1],"286":["img/MUSIC/spriteFrame",2,1],"287":["prefabs/prefab_starlight_down_new",8,1],"288":["img/zi_totalwin/spriteFrame",2,1],"289":["font/font_win_announce_top_0/texture",1,1],"290":["font/font_win_announce_top_0/spriteFrame",2,1],"291":["car/msn03",4,1],"292":["img/zi_shezhi/spriteFrame",2,1],"293":["font/font_sg_caculate_0/texture",1,1],"294":["font/font_sg_caculate_0/spriteFrame",2,1],"295":["img/smallIcon/icon_xggz_star_s/spriteFrame",2,1],"296":["img/bg_starlight_operate_box_gold/spriteFrame",2,1],"297":["img/btn_xggx_caidan/spriteFrame",2,1],"298":["car/st_icon_xs_tx2/texture",1,1],"299":["img/zi_kesempatan/spriteFrame",2,1],"300":["img/bg_help_box/texture",1,1],"301":["img/bg_help_box/spriteFrame",2,1],"302":["car/thor_jinbiyu/texture",1,1],"303":["img/zi_4/spriteFrame",2,1],"304":["car/msn_qiehuan_tx2/texture",1,1],"305":["car/st_icon_xs_tx/texture",1,1],"306":["font/font_sg_rate_0/texture",1,1],"307":["font/font_sg_rate_0/spriteFrame",2,1],"308":["img/zi_on/spriteFrame",2,1],"309":["img/word_title_bangzhu/spriteFrame",2,1],"310":["img/bigIcon/icon_xggz_lan/spriteFrame",2,1],"311":["car/iconCar/icon_bl",4,1],"312":["img/bigIcon/icon_xggz_huangxin/spriteFrame",2,1],"313":["car/st_shandian",4,1],"314":["prefabs/prefab_starlight_smallGame_caculate",8,1],"315":["img/zi_3/spriteFrame",2,1],"316":["bg_starlight_loading/texture",1,1],"317":["bg_starlight_loading/spriteFrame",2,1],"318":["img/word_exit/spriteFrame",2,1],"319":["img/bg_free_box/spriteFrame",2,1],"320":["car/msnren/texture",1,1],"321":["car/iconCar/icon_2/texture",1,1],"322":["img/zi_1/spriteFrame",2,1],"323":["prefabs/prefab_starlight_introduce",8,1],"324":["img/smallIcon/icon_xggz_lv_s/spriteFrame",2,1],"325":["car/spine_guangquan2/texture",1,1],"326":["font/shuzi_xiazhujine",7,1],"327":["img/zi_maksimum/spriteFrame",2,1],"328":["img/btn_olpn_kaiguan/spriteFrame",2,1],"329":["prefabs/prefab_starlight_roller",8,1],"330":["img/zi_goodluck/spriteFrame",2,1],"331":["car/iconCar/st_icon_9/texture",1,1],"332":["img/btn_tanchaugn_off/spriteFrame",2,1],"333":["font/font_sg_box_num",7,1],"334":["img/smallIcon/icon_xggz_lan_s/spriteFrame",2,1],"335":["img/bg_zidongyouxi_box_nei/spriteFrame",2,1],"336":["img/bigIcon/icon_xggz_hong/spriteFrame",2,1],"337":["img/btn_exit/spriteFrame",2,1],"338":["img/zi_bonusaktif/spriteFrame",2,1],"339":["car/thor_jinbi/texture",1,1],"340":["img/btn_xggz_caozuobox_jia_0/spriteFrame",2,1],"341":["bg_starlight_sgBg/texture",1,1],"342":["bg_starlight_sgBg/spriteFrame",2,1],"343":["car/msn_qiehuan_tx3/texture",1,1],"344":["car/msnren",4,1],"345":["car/Starlight_blc_sg",4,1],"346":["car/mao01/texture",1,1],"347":["img/bg_zidongyouxibox/spriteFrame",2,1],"348":["img/zi_selamat/spriteFrame",2,1],"349":["font/font_buy_sg_0/texture",1,1],"350":["font/font_buy_sg_0/spriteFrame",2,1],"351":["img/zi_off/spriteFrame",2,1],"352":["car/animation_add_odds",5,1],"353":["prefabs/prefab_starlight_bg_main",8,1],"354":["img/bg_starlight_rate_box/spriteFrame",2,1],"355":["img/btn_banghzu_fanye/spriteFrame",2,1],"356":["car/iconCar/st_icon_3/texture",1,1],"357":["img/smallIcon/icon_xggz_hong_s/spriteFrame",2,1],"358":["img/bg_starlight_item_box/spriteFrame",2,1],"359":["font/font_add_free_num_0/texture",1,1],"360":["font/font_add_free_num_0/spriteFrame",2,1],"361":["img/bg_starlight_operate_box_win/spriteFrame",2,1],"362":["img/zi_anda/spriteFrame",2,1],"363":["car/animation_win_box_label_rate-end",5,1],"364":["car/iconCar/icon_bl/texture",1,1],"365":["car/freespine_js2/texture",1,1],"366":["img/zi_shengyumiafneicishu",0,1],"367":["font/font_sg_num_0",0,1],"368":["img/bg_starlight_operate_lian_zhuagnsitiao",0,1],"369":["img/bg_starlight_operate_lian_zhuagnsitiao/spriteFrame",2,1],"370":["car/iconCar/scatter",0,1],"374":["img/btn_shezhi_off",0,1],"375":["sound/maxCoin",9,1],"376":["sound/win_normal",9,1],"377":["img/zi_goumaixiaoyouxi",0,1],"378":["car/st_icon_xs_tx",3,1],"379":["car/st_shandian",3,1],"380":["img/btn_xggz_kuaisu_0",0,1],"381":["sound/vol_scatter2",9,1],"382":["car/iconCar/st_icon_7",0,1],"383":["sound/single_icon_fall",9,1],"384":["car/iconCar/st_icon_5",0,1],"385":["img/btn_jinbi_jia",0,1],"386":["car/skeleton",0,1],"387":["common/btn_off",0,1],"388":["car/iconCar/st_icon_9",4,1],"389":["car/iconCar/st_icon_7",3,1],"390":["car/iconCar/st_icon_9",3,1],"391":["img/zi_belipermainan",0,1],"392":["car/iconCar/icon_2",4,1],"393":["img/word_title_zidong",0,1],"394":["sound/win5",9,1],"395":["sound/vol_total_multiplier_increase",9,1],"396":["img/icon_kaiguan_jiantou",0,1],"397":["img/btn_xggz_kuaisu_1",0,1],"398":["car/msn_qiehuan_tx",0,1],"399":["img/bg_xggz_caozuobox_di",0,1],"400":["img/btn_xggz_caozuobox_jian_1",0,1],"401":["car/iconCar/st_icon_8",0,1],"402":["img/btn_xggz_caozuobox_jia",0,1],"403":["sound/scatter_flash4",9,1],"404":["font/font_rate_0",0,1],"405":["car/iconCar/st_icon_8",3,1],"406":["sound/vol_total_multiplier_reward2",9,1],"407":["bg_starlight_bg",0,1],"408":["img/bg_starlight_zhuanpan_1",0,1],"409":["img/btn_shezhi_on",0,1],"410":["car/Starlight_blc_sg",0,1],"411":["car/iconCar/scatter2",0,1],"412":["car/freespine_js3",0,1],"413":["car/iconCar/st_icon_1",0,1],"414":["img/btn_zidongyouxi_xuanzhong",0,1],"415":["car/skeleton",3,1],"416":["car/st_shandian2",0,1],"417":["img/SETTINGS",0,1],"421":["img/bg_starlight_gandabox",0,1],"422":["img/bigIcon/icon_xggz_hongxin",0,1],"423":["sound/bigwin4over",9,1],"424":["img/bg_set_box",0,1],"425":["car/thor_jinbi",3,1],"426":["car/iconCar/st_icon_6",3,1],"427":["car/freespine_js",0,1],"428":["car/msn03",0,1],"429":["img/btn_xggz_goumaixiaoyouxi_off",0,1],"430":["car/iconCar/st_icon_1",4,1],"431":["car/st_bigwin",3,1],"432":["sound/starlight_free_bgm",9,1],"433":["car/st_icon_tx",0,1],"434":["prefabs/prefab_starlight_set",8,1],"435":["img/btn_xggz_caozuobox_spin2",0,1],"436":["img/btn_vip",0,1],"437":["img/word_loading2",0,1],"438":["font/font_sg_totalnum_0",0,1],"439":["img/icon_kaiguan_duihao",0,1],"440":["car/st_bigwin",0,1],"441":["car/iconCar/st_icon_4",0,1],"442":["sound/scatter_flash1",9,1],"443":["img/bg_starlight_beli_box",0,1],"444":["sound/scatter_flash5",9,1],"445":["img/SOUND",0,1],"446":["img/btn_xggz_caozuobox_spin",0,1],"447":["img/btn_set",0,1],"448":["car/msn_qiehuan_tx",3,1],"449":["img/word_loading1",0,1],"450":["img/img_stop",0,1],"451":["sound/win7",9,1],"452":["car/st_shandian",0,1],"453":["car/skeleton2",0,1],"454":["sound/turn",9,1],"455":["car/thor_jinbiyu",3,1],"456":["car/freespine_js",3,1],"457":["img/zi_putaran",0,1],"458":["img/bg_starlight_item_box_tiao",0,1],"462":["img/bg_zhuanpan_2",0,1],"463":["sound/ui_freespin",9,1],"464":["car/spine_guangquan",3,1],"467":["car/iconCar/st_icon_1",3,1],"468":["font/font_win_blue_0",0,1],"469":["img/bg_starlight_ganda_kaiguan",0,1],"470":["img/btn_zidongyouxi_weixuan",0,1],"471":["car/st_icon_tx_kk",0,1],"472":["car/iconCar/st_icon_6",0,1],"473":["sound/vol_total_multiplier_reward3",9,1],"474":["sound/win6",9,1],"475":["img/bg_set_box_nei",0,1],"476":["img/icon_xggz_bangzhu_4",0,1],"477":["car/spine_guangquan",0,1],"478":["font/font_beil_0",0,1],"479":["common/icon_dt_loading_1",0,1],"480":["sound/bigwin3",9,1],"481":["img/zi_win",0,1],"482":["img/MUSIC",0,1],"483":["sound/win1",9,1],"484":["car/st_icon_tx_kk",3,1],"485":["font/font_win_announce_top_0",0,1],"486":["font/font_sg_caculate_0",0,1],"487":["sound/spin",9,1],"488":["sound/vol_scatter6",9,1],"489":["sound/vol_scatter7",9,1],"490":["sound/minCoin",9,1],"491":["img/btn_xggx_caidan",0,1],"492":["car/st_icon_xs_tx2",0,1],"493":["img/zi_kesempatan",0,1],"494":["img/bg_help_box",0,1],"495":["car/thor_jinbiyu",0,1],"496":["car/thor_jinbiyu/spriteFrame",2,1],"497":["sound/starlight_main_bgm",9,1],"498":["car/msn_qiehuan_tx2",0,1],"499":["sound/vol_scatter3",9,1],"500":["car/st_icon_xs_tx",0,1],"501":["font/font_sg_rate_0",0,1],"502":["prefabs/prefab_starlight_auth_launcher",8,1],"503":["sound/win8",9,1],"504":["car/msn03",3,1],"505":["sound/vol_total_multiplier_reward4",9,1],"506":["car/iconCar/st_icon_8",4,1],"507":["img/word_title_bangzhu",0,1],"508":["car/iconCar/st_icon_3",3,1],"509":["car/iconCar/icon_bl",3,1],"510":["car/iconCar/st_icon_4",3,1],"511":["bg_starlight_loading",0,1],"512":["img/bg_free_box",0,1],"513":["car/iconCar/st_icon_3",4,1],"514":["prefabs/prefab_starlight_sg_buyBox",8,1],"515":["car/msnren",0,1],"516":["sound/freespin_cancel",9,1],"517":["car/iconCar/icon_2",0,1],"518":["car/iconCar/st_icon_5",3,1],"519":["img/zi_1",0,1],"520":["sound/lightning",9,1],"521":["sound/bigwin3over",9,1],"522":["sound/scatter_flash2",9,1],"523":["sound/bigwin2",9,1],"524":["car/spine_guangquan2",0,1],"525":["img/zi_maksimum",0,1],"526":["sound/win9",9,1],"527":["sound/bigwin2over",9,1],"528":["sound/multiplier_reward",9,1],"529":["img/btn_olpn_kaiguan",0,1],"530":["sound/freespin_confirm",9,1],"531":["car/iconCar/icon_2",3,1],"532":["sound/bigwin1",9,1],"533":["car/iconCar/st_icon_7",4,1],"534":["sound/vol_total_multiplier_reward1",9,1],"535":["img/zi_goodluck",0,1],"536":["car/iconCar/st_icon_9",0,1],"537":["img/btn_tanchaugn_off",0,1],"538":["img/bg_zidongyouxi_box_nei",0,1],"539":["img/btn_exit",0,1],"540":["img/zi_bonusaktif",0,1],"541":["car/thor_jinbi",0,1],"542":["img/btn_xggz_caozuobox_jia_0",0,1],"543":["bg_starlight_sgBg",0,1],"544":["car/st_icon_tx",3,1],"545":["car/msn_qiehuan_tx3",0,1],"546":["car/mao01",0,1],"547":["img/bg_zidongyouxibox",0,1],"548":["img/zi_selamat",0,1],"549":["font/font_buy_sg_0",0,1],"550":["img/bg_starlight_rate_box",0,1],"551":["img/btn_banghzu_fanye",0,1],"552":["sound/bigwin1over",9,1],"553":["car/iconCar/st_icon_3",0,1],"554":["img/smallIcon/icon_xggz_hong_s",0,1],"555":["img/bg_starlight_item_box",0,1],"557":["car/st_icon_tx",4,1],"558":["sound/vol_total_multiplier_reward6",9,1],"559":["font/font_add_free_num_0",0,1],"560":["img/bg_starlight_operate_box_win",0,1],"561":["sound/vol_total_multiplier_reward5",9,1],"562":["img/zi_anda",0,1],"563":["car/iconCar/scatter",3,1],"564":["car/iconCar/icon_bl",0,1],"565":["sound/bigwin4",9,1],"566":["car/iconCar/st_icon_6",4,1],"567":["car/freespine_js2",0,1],"568":["sound/buy_rate_btn_click",9,1],"572":["sound/win10",9,1]},"scenes":{},"packs":{"0184caf0f":[301,323],"01b05cba5":[76,0,171,186,311],"022ed4044":[125,130],"028850be1":[31,326],"0295a897e":[67,163],"02c1067e6":[121,287,571],"0320afb30":[44,95,80,99,102,371,126,129,139,141,143,152,153,155,197,199,201,202,275,276,279,280,73,89,109,193,120,123,135,136,166,170,182,209,221,66,68,69,82,9,108,419,161,183,459,91,119,86,372,30,465,269,289,293,298,300,302,304,306,305,320,321,316,325,331,339,341,343,346,349,356,359,364,365,570],"036835910":[118,144,151,158,174,175,180,220,224,273,262,277,309,330,332,337],"038bc2951":[79,162],"038c3a590":[192,184,225,263],"039c67cca":[71,104,111,282],"03adc0018":[313,329],"042990787":[207,350],"04be6f0a9":[71,128,460,317,556],"04c481acd":[65,78,107,132,142,179,219,264,262,278,292,322,327,355],"050b6fe44":[75,360],"06fb7d2d3":[165,198],"07121af85":[52,195,262,281],"07ef959b3":[157,200],"080917a50":[21,56,72,137,154,159,172,205,206,214,216,262,286,299,354,358,361],"091d31b84":[127,150],"09e077d09":[101,222],"0a3175b80":[211,307],"0a3e4a9d2":[115,270],"0a97c7de0":[262,347],"0af4848d8":[29,77,117,122,124,164,196,204,208,213,215,262,288,296,297,308,318,338,340],"0b1f187e4":[178,294],"0b645a985":[6,106,131,146,272,295,1,324,334,357],"0b820209f":[53,54,373,420,226,466,291,1,342,344,345,353],"0bd082c0b":[112,0,133,149,156,177,181,203,223,265,283,284,310,312,336],"0db32cfbd":[10,55],"0e60a305e":[167,290],"0f73ff845":[22,191,105,110,113,114,116,134,138,145,148,160,169,173,185,187,212,217,218,227,271,262,285,303,315,319,328,335,348,351,362],"0fc58477f":[2,210],"0ffd614e2":[81,274,314,333]},"versions":{"import":[],"native":[]},"redirect":[236,"0"],"debug":false,"extensionMap":{".cconb":[140,147,168,176,194,352,363,461]},"hasPreloadScript":true,"dependencyRelationships":{},"types":["cc.ImageAsset","cc.Texture2D","cc.SpriteFrame","cc.Asset","sp.SkeletonData","cc.AnimationClip","cc.SpriteAtlas","cc.BitmapFont","cc.Prefab","cc.AudioClip"]}