[1,["9d50ZUm4JH1b2i/YUz1B7z@6c48a"],["_textureSource"],["cc.SpriteFrame"],0,[{"name":"infreespins_freespins_es","rect":{"x":0,"y":0,"width":446,"height":55},"offset":{"x":0,"y":0},"originalSize":{"width":446,"height":55},"rotated":false,"capInsets":[0,0,0,0],"vertices":{"rawPosition":[-223,-27.5,0,223,-27.5,0,-223,27.5,0,223,27.5,0],"indexes":[0,1,2,2,1,3],"uv":[0,55,446,55,0,0,446,0],"nuv":[0,0,1,0,0,1,1,1],"minPos":{"x":-223,"y":-27.5,"z":0},"maxPos":{"x":223,"y":27.5,"z":0}},"packable":true,"pixelsToUnit":100,"pivot":{"x":0.5,"y":0.5},"meshType":0}],[0],0,[0],[0],[0]]
