[1,["dcb20511-1680-49ef-9f5d-06a936e21a60@6c48a"],["_textureSource"],["cc.SpriteFrame"],0,[{"name":"bg_xxxbg","rect":{"x":0,"y":0,"width":49,"height":41},"offset":{"x":0,"y":0},"originalSize":{"width":49,"height":41},"rotated":false,"capInsets":[0,0,0,0],"vertices":{"rawPosition":[-24.5,-20.5,0,24.5,-20.5,0,-24.5,20.5,0,24.5,20.5,0],"indexes":[0,1,2,2,1,3],"uv":[0,41,49,41,0,0,49,0],"nuv":[0,0,1,0,0,1,1,1],"minPos":{"x":-24.5,"y":-20.5,"z":0},"maxPos":{"x":24.5,"y":20.5,"z":0}},"packable":true,"pixelsToUnit":100,"pivot":{"x":0.5,"y":0.5},"meshType":0}],[0],0,[0],[0],[0]]
