[1,["9fJB9gSahL1pR0P+Mp0y0M@6c48a"],0,[["sp.SkeletonData",["_name","_atlasText","textureNames","_skeletonJson","textures"],-1,3]],[[0,0,1,2,3,4,5]],[[0,"yuwang-5","\r\nyuwang-5.png\r\nsize: 847,254\r\nformat: RGBA8888\r\nfilter: Linear,Linear\r\nrepeat: none\r\nyuwang-5-1\r\n  rotate: false\r\n  xy: 2, 2\r\n  size: 250, 250\r\n  orig: 250, 250\r\n  offset: 0, 0\r\n  index: -1\r\nyuwang-5-2\r\n  rotate: true\r\n  xy: 444, 44\r\n  size: 208, 198\r\n  orig: 250, 250\r\n  offset: 20, 24\r\n  index: -1\r\nyuwang-5-3\r\n  rotate: true\r\n  xy: 644, 52\r\n  size: 200, 201\r\n  orig: 250, 250\r\n  offset: 21, 27\r\n  index: -1\r\nyuwang-5-4\r\n  rotate: true\r\n  xy: 254, 22\r\n  size: 230, 188\r\n  orig: 250, 250\r\n  offset: 13, 23\r\n  index: -1\r\n",["yuwang-5.png"],{"skeleton":{"hash":"avpBBKCcI9QV4ATCVPgr905CMQ4","spine":"2.1.27","width":262.66,"height":262.09,"images":"./新炮/新炮/yuwang-5/"},"bones":[{"name":"root"},{"name":"1","parent":"root"},{"name":"2","parent":"root"},{"name":"3","parent":"root"},{"name":"4","parent":"root"}],"slots":[{"name":"yuwang-5-3","bone":"3","attachment":"yuwang-5-3"},{"name":"yuwang-5-4","bone":"4","attachment":"yuwang-5-4"},{"name":"yuwang-5-1","bone":"1","attachment":"yuwang-5-1"},{"name":"yuwang-5-2","bone":"2","attachment":"yuwang-5-2"}],"skins":{"default":{"yuwang-5-1":{"yuwang-5-1":{"width":250,"height":250}},"yuwang-5-2":{"yuwang-5-2":{"width":250,"height":250}},"yuwang-5-3":{"yuwang-5-3":{"x":6.61,"y":0.55,"rotation":-2.86,"width":250,"height":250}},"yuwang-5-4":{"yuwang-5-4":{"width":250,"height":250}}}},"animations":{"animation":{"slots":{"yuwang-5-1":{"color":[{"time":0,"color":"ffffff00"},{"time":0.1666,"color":"ffffffff","curve":"stepped"},{"time":0.4666,"color":"ffffffff"},{"time":0.6,"color":"ffffff00"}]},"yuwang-5-2":{"color":[{"time":0,"color":"ffffff00"},{"time":0.1666,"color":"ffffffff","curve":"stepped"},{"time":0.4666,"color":"ffffffff"},{"time":0.6,"color":"ffffff00"}]},"yuwang-5-3":{"color":[{"time":0,"color":"ffffff00"},{"time":0.1666,"color":"ffffffff","curve":"stepped"},{"time":0.4666,"color":"ffffffff"},{"time":0.6,"color":"ffffff00"}]},"yuwang-5-4":{"color":[{"time":0,"color":"ffffff00"},{"time":0.1666,"color":"ffffffff","curve":"stepped"},{"time":0.4666,"color":"ffffffff"},{"time":0.6,"color":"ffffff00"}]}},"bones":{"1":{"rotate":[{"time":0,"angle":83.3},{"time":0.1666,"angle":41.88},{"time":0.4666,"angle":-71.17},{"time":0.6,"angle":-144.54}],"scale":[{"time":0,"x":0.3,"y":0.3},{"time":0.1666,"x":1,"y":1,"curve":"stepped"},{"time":0.4666,"x":1,"y":1,"curve":"stepped"},{"time":0.6,"x":1,"y":1}]},"2":{"rotate":[{"time":0,"angle":0},{"time":0.1666,"angle":44.3},{"time":0.4666,"angle":122.9},{"time":0.6,"angle":149.6}],"translate":[{"time":0,"x":0,"y":0},{"time":0.1666,"x":3.3,"y":3.3},{"time":0.4666,"x":1.1,"y":6.61,"curve":"stepped"},{"time":0.6,"x":1.1,"y":6.61}],"scale":[{"time":0,"x":0.3,"y":0.3},{"time":0.1666,"x":1,"y":1,"curve":"stepped"},{"time":0.4666,"x":1,"y":1,"curve":"stepped"},{"time":0.6,"x":1,"y":1}]},"3":{"rotate":[{"time":0,"angle":0,"curve":"stepped"},{"time":0.1666,"angle":0},{"time":0.4666,"angle":119.72},{"time":0.6,"angle":146.42}],"translate":[{"time":0,"x":0,"y":0},{"time":0.1666,"x":-1.48,"y":0},{"time":0.4666,"x":3.3,"y":3.85,"curve":"stepped"},{"time":0.6,"x":3.3,"y":3.85}],"scale":[{"time":0,"x":0.3,"y":0.3},{"time":0.1666,"x":1,"y":1,"curve":"stepped"},{"time":0.4666,"x":1,"y":1,"curve":"stepped"},{"time":0.6,"x":1,"y":1}]},"4":{"rotate":[{"time":0,"angle":0},{"time":0.1666,"angle":-56.92},{"time":0.4666,"angle":-121.06},{"time":0.6,"angle":165.57}],"translate":[{"time":0,"x":0,"y":0,"curve":"stepped"},{"time":0.1666,"x":0,"y":0,"curve":"stepped"},{"time":0.4666,"x":0,"y":0,"curve":"stepped"},{"time":0.6,"x":0,"y":0}],"scale":[{"time":0,"x":0.3,"y":0.3},{"time":0.1666,"x":1,"y":1,"curve":"stepped"},{"time":0.4666,"x":1,"y":1,"curve":"stepped"},{"time":0.6,"x":1,"y":1}]}}}}},[0]]],0,0,[0],[-1],[0]]
