[1,["20835ba4-6145-4fbc-a58a-051ce700aa3e@6c48a","20835ba4-6145-4fbc-a58a-051ce700aa3e@f9941"],["node","_textureSource","root","_target","data","_spriteFrame"],[["cc.Node",["_name","_layer","_objFlags","_components","_prefab","_children","_parent"],0,9,4,2,1],"cc.SpriteFrame",["cc.Prefab",["_name"],2],["cc.UITransform",["node","__prefab","_contentSize"],3,1,4,5],["cc.CompPrefabInfo",["fileId"],2],["cc.PrefabInfo",["fileId","instance","targetOverrides","nestedPrefabInstanceRoots","root","asset"],-1,1,1],["cc.Sprite",["_type","_sizeMode","node","__prefab","_color","_spriteFrame"],1,1,4,5,6],["cc.Button",["_transition","node","__prefab","_normalColor","_target"],2,1,4,5,1],["cc.Label",["_string","_actualFontSize","_fontSize","_overflow","_enableWrapText","node","__prefab"],-2,1,4]],[[4,0,2],[3,0,1,2,1],[5,0,1,2,3,4,5,5],[2,0,2],[0,0,1,5,3,4,3],[0,0,1,6,5,3,4,3],[0,0,2,1,6,3,4,4],[6,0,1,2,3,4,5,3],[7,0,1,2,3,4,2],[8,0,1,2,3,4,5,6,6]],[[[{"name":"default_btn_normal","rect":{"x":0,"y":0,"width":40,"height":40},"offset":{"x":0,"y":0},"originalSize":{"width":40,"height":40},"rotated":false,"capInsets":[12,12,12,12],"vertices":{"rawPosition":[-20,-20,0,20,-20,0,-20,20,0,20,20,0],"indexes":[0,1,2,2,1,3],"uv":[0,40,40,40,0,0,40,0],"nuv":[0,0,1,0,0,1,1,1],"minPos":{"x":-20,"y":-20,"z":0},"maxPos":{"x":20,"y":20,"z":0}},"packable":true,"pixelsToUnit":100,"pivot":{"x":0.5,"y":0.5},"meshType":0}],[1],0,[0],[1],[0]],[[[3,"betOption"],[4,"betOption",33554432,[-3],[[1,-2,[0,"f01T48nVZCqLVcDm8uU7ak"],[5,75,54]]],[2,"c46/YsCPVOJYA4mWEpNYRx",null,null,null,-1,0]],[5,"Button",33554432,1,[-8],[[1,-4,[0,"1bqTjvY5BEWq/r4HbtoWf0"],[5,75,54]],[7,1,0,-5,[0,"3cvKE1t3pFtaQNXHNvQ3DY"],[4,4279640874],0],[8,1,-7,[0,"585FbgoRFL7L0SV43mpg/K"],[4,4279640874],-6]],[2,"1aNOAm8lRI0oEq/2sP8mW+",null,null,null,1,0]],[6,"Label",512,33554432,2,[[1,-9,[0,"61kTQCeQRPnIaIozzCfb3n"],[5,100,40]],[9,"1",26.3125,20,1,false,-10,[0,"29CA4w0rpFH4lISjn3sAUc"]]],[2,"87TwNn8wtNDo4rDAQvnSxE",null,null,null,1,0]]],0,[0,2,1,0,0,1,0,-1,2,0,0,2,0,0,2,0,3,2,0,0,2,0,-1,3,0,0,3,0,0,3,0,4,1,10],[0],[5],[1]]]]
