[1,["a61fce82-2b18-43b1-b9db-cc31bfbfefac@6c48a"],0,[["sp.SkeletonData",["_name","_atlasText","textureNames","_skeletonJson","textures"],-1,3]],[[0,0,1,2,3,4,5]],[[0,"free_box_guang","\r\nfree_box_guang.png\r\nsize: 2048,1024\r\nformat: RGBA8888\r\nfilter: Linear,Linear\r\nrepeat: none\r\nfreebox_1\r\n  rotate: false\r\n  xy: 2, 2\r\n  size: 237, 507\r\n  orig: 237, 507\r\n  offset: 0, 0\r\n  index: -1\r\nfreebox_10\r\n  rotate: false\r\n  xy: 958, 2\r\n  size: 237, 507\r\n  orig: 237, 507\r\n  offset: 0, 0\r\n  index: -1\r\nfreebox_11\r\n  rotate: false\r\n  xy: 1197, 511\r\n  size: 237, 507\r\n  orig: 237, 507\r\n  offset: 0, 0\r\n  index: -1\r\nfreebox_12\r\n  rotate: false\r\n  xy: 1197, 2\r\n  size: 237, 507\r\n  orig: 237, 507\r\n  offset: 0, 0\r\n  index: -1\r\nfreebox_2\r\n  rotate: false\r\n  xy: 241, 511\r\n  size: 237, 507\r\n  orig: 237, 507\r\n  offset: 0, 0\r\n  index: -1\r\nfreebox_3\r\n  rotate: false\r\n  xy: 241, 2\r\n  size: 237, 507\r\n  orig: 237, 507\r\n  offset: 0, 0\r\n  index: -1\r\nfreebox_4\r\n  rotate: false\r\n  xy: 480, 511\r\n  size: 237, 507\r\n  orig: 237, 507\r\n  offset: 0, 0\r\n  index: -1\r\nfreebox_5\r\n  rotate: false\r\n  xy: 480, 2\r\n  size: 237, 507\r\n  orig: 237, 507\r\n  offset: 0, 0\r\n  index: -1\r\nfreebox_6\r\n  rotate: false\r\n  xy: 719, 511\r\n  size: 237, 507\r\n  orig: 237, 507\r\n  offset: 0, 0\r\n  index: -1\r\nfreebox_7\r\n  rotate: false\r\n  xy: 719, 2\r\n  size: 237, 507\r\n  orig: 237, 507\r\n  offset: 0, 0\r\n  index: -1\r\nfreebox_8\r\n  rotate: false\r\n  xy: 958, 511\r\n  size: 237, 507\r\n  orig: 237, 507\r\n  offset: 0, 0\r\n  index: -1\r\nfreebox_9\r\n  rotate: false\r\n  xy: 2, 511\r\n  size: 237, 507\r\n  orig: 237, 507\r\n  offset: 0, 0\r\n  index: -1\r\n",["free_box_guang.png"],{"skeleton":{"hash":"F//M9qXq75+9S33eiXTMZx6SX+E","spine":"3.8.99","x":-118,"y":-253,"width":237,"height":507,"images":"","audio":""},"bones":[{"name":"root"}],"slots":[{"name":"112","bone":"root","attachment":"freebox_9"}],"skins":[{"name":"default","attachments":{"112":{"freebox_1":{"x":0.5,"y":0.5,"width":237,"height":507},"freebox_2":{"x":0.5,"y":0.5,"width":237,"height":507},"freebox_3":{"x":0.5,"y":0.5,"width":237,"height":507},"freebox_4":{"x":0.5,"y":0.5,"width":237,"height":507},"freebox_5":{"x":0.5,"y":0.5,"width":237,"height":507},"freebox_6":{"x":0.5,"y":0.5,"width":237,"height":507},"freebox_7":{"x":0.5,"y":0.5,"width":237,"height":507},"freebox_8":{"x":0.5,"y":0.5,"width":237,"height":507},"freebox_9":{"x":0.5,"y":0.5,"width":237,"height":507},"freebox_10":{"x":0.5,"y":0.5,"width":237,"height":507},"freebox_11":{"x":0.5,"y":0.5,"width":237,"height":507},"freebox_12":{"x":0.5,"y":0.5,"width":237,"height":507}}}}],"animations":{"animation":{"slots":{"112":{"attachment":[{"name":"freebox_1"},{"time":0.0667,"name":"freebox_2"},{"time":0.1333,"name":"freebox_3"},{"time":0.2,"name":"freebox_4"},{"time":0.2667,"name":"freebox_5"},{"time":0.3333,"name":"freebox_6"},{"time":0.4,"name":"freebox_7"},{"time":0.4667,"name":"freebox_8"},{"time":0.5333,"name":"freebox_9"},{"time":0.6,"name":"freebox_10"},{"time":0.6667,"name":"freebox_11"},{"time":0.7333,"name":"freebox_12"}]}}}}},[0]]],0,0,[0],[-1],[0]]
