[1,["fdk1oOSORKooxZPxT9dIBq@6c48a"],["_textureSource"],["cc.SpriteFrame"],0,[{"name":"small","rect":{"x":0,"y":0,"width":186,"height":64},"offset":{"x":0,"y":0},"originalSize":{"width":186,"height":64},"rotated":false,"capInsets":[0,0,0,0],"vertices":{"rawPosition":[-93,-32,0,93,-32,0,-93,32,0,93,32,0],"indexes":[0,1,2,2,1,3],"uv":[0,64,186,64,0,0,186,0],"nuv":[0,0,1,0,0,1,1,1],"minPos":{"x":-93,"y":-32,"z":0},"maxPos":{"x":93,"y":32,"z":0}},"packable":true,"pixelsToUnit":100,"pivot":{"x":0.5,"y":0.5},"meshType":0}],[0],0,[0],[0],[0]]
