[1,["a9JxUBTUBAPqr8x4jbnHMT@f9941","a9JxUBTUBAPqr8x4jbnHMT@6c48a"],["spriteFrame","_textureSource"],["cc.SpriteFrame",["cc.BitmapFont",["_name","fontSize","fntConfig"],0]],[[1,0,1,2,4]],[[[[0,"num_purpleBet",32,{"commonHeight":32,"fontSize":32,"atlasName":"num_purpleBet_0.png","fontDefDictionary":{"48":{"xOffset":-2,"yOffset":-2,"xAdvance":17,"rect":{"x":0,"y":28,"width":21,"height":27}},"49":{"xOffset":-2,"yOffset":-2,"xAdvance":17,"rect":{"x":22,"y":28,"width":21,"height":27}},"50":{"xOffset":-2,"yOffset":-2,"xAdvance":18,"rect":{"x":124,"y":0,"width":22,"height":27}},"51":{"xOffset":-2,"yOffset":-2,"xAdvance":18,"rect":{"x":147,"y":0,"width":22,"height":27}},"52":{"xOffset":-2,"yOffset":-2,"xAdvance":19,"rect":{"x":52,"y":0,"width":23,"height":27}},"53":{"xOffset":-2,"yOffset":-2,"xAdvance":17,"rect":{"x":44,"y":28,"width":21,"height":27}},"54":{"xOffset":-2,"yOffset":-2,"xAdvance":18,"rect":{"x":170,"y":0,"width":22,"height":27}},"55":{"xOffset":-2,"yOffset":-2,"xAdvance":18,"rect":{"x":193,"y":0,"width":22,"height":27}},"56":{"xOffset":-2,"yOffset":-2,"xAdvance":18,"rect":{"x":216,"y":0,"width":22,"height":27}},"57":{"xOffset":-2,"yOffset":-2,"xAdvance":17,"rect":{"x":66,"y":28,"width":21,"height":27}},"66":{"xOffset":-2,"yOffset":-2,"xAdvance":19,"rect":{"x":76,"y":0,"width":23,"height":27}},"75":{"xOffset":-2,"yOffset":-2,"xAdvance":20,"rect":{"x":27,"y":0,"width":24,"height":27}},"77":{"xOffset":-2,"yOffset":-2,"xAdvance":22,"rect":{"x":0,"y":0,"width":26,"height":27}},"84":{"xOffset":-2,"yOffset":-2,"xAdvance":19,"rect":{"x":100,"y":0,"width":23,"height":27}}},"kerningDict":{}}]],0,0,[0],[0],[0]],[[{"name":"num_purpleBet_0","rect":{"x":2,"y":2,"width":233,"height":50},"offset":{"x":-9.5,"y":37},"originalSize":{"width":256,"height":128},"rotated":false,"capInsets":[0,0,0,0],"vertices":{"rawPosition":[-116.5,-25,0,116.5,-25,0,-116.5,25,0,116.5,25,0],"indexes":[0,1,2,2,1,3],"uv":[2,126,235,126,2,76,235,76],"nuv":[0.0078125,0.59375,0.91796875,0.59375,0.0078125,0.984375,0.91796875,0.984375],"minPos":{"x":-116.5,"y":-25,"z":0},"maxPos":{"x":116.5,"y":25,"z":0}},"packable":true,"pixelsToUnit":100,"pivot":{"x":0.5,"y":0.5},"meshType":0}],[0],0,[0],[1],[1]]]]
