[1,["9edGCRrpRAtq/bkmWVqLiC","35HxcTJHlJ5oOmAHBS1S6Q","3fWiBxjylHH7G9EDN2fwXN","7eM2gFs8RLZ6VJbAvULaFG","adlZ/RkUFEZpru0+HduXUC","83/S/Wg7pKia3tDV7qekqB","31sKa+bnFFpZkUUu20Ve5q","87AJ5qgaFC7bosMB216lsC@f9941","25KdJRxv9MKaVCNdBlfTG/@f9941","e0NN7VUhRLgon4yOtsWCiV@f9941","6b0w9/PdhEy5cpsdyzg/tI","7bu6qKDodEQZPKkptobEwq@f9941","01fsdZK4tDtrYsbivrrXIl@f9941","f2N/zlU5VB+a2bAgmEjZfb@f9941","a6l5c3BYRJz4uHAVeLLvvr@f9941","2ebuxhn55K9JK56OyrPvE0","edzlqJa8VJqqBa3vezH8od@f9941","fcVrqB50pEyqcs5XhU6ltZ@f9941","0b8kDBfy5DipZXOxNB5VJ+@6c48a","fbFBGnJd5DkooEB5tiKhVL@6c48a","6egisPKshKboRcO4+da5BK@6c48a","43rbZ0fL1MfZFFFDCi1VkL@6c48a","0b8kDBfy5DipZXOxNB5VJ+@f9941","bdhEQAoq9MO5x/b5eNiCtl@f9941","e5lwy75XhEDJQf6x2iqWdR@f9941","cbRJSNCJZHJIzU4/f8W+O0","e4SeIHPYBFWqp9ZiA/+gAz","89DBboakxPJZxZPEy8wCo/","0bpYGLjEdOb51LmC9s7bwM","4bdGm+YTNFD6quZZ1p/8aH","04pUWJC3BLI5MbuAcQqWXX","08ot0DpdRD245vTUks9cou","49ZzHwqHpPipAeS7HhB4WW","c17qvLL3FAiL/IL57Fz4YR","f3bNkOgyBOU6fM7VfuqQRR","83GHKxh4ZEVKf0hk7BBIE6","cblH2UhiJNcJVBmkTX97NV","32V/Bm69BK/4s++rXIvLFF","b9e3Ap0B5PhbBeG0qUwoED","82lcVC01NG84OX74g9v9H7","dbCVus8CNLcIs3UMV4J9Zp","f9fawMd5FH/bUODrpyyZSU@f9941","bdyjJW0dlEt731IjGKsl8C@f9941","3eoyOdMLhCAYGxlqSNY7lg@6c48a","18apAHR41Bf5+mmHZpoDmD@6c48a","2fm8eqrvdHJoVNwXnwOUUN@f9941","7ednyWmwFBT7onDpszL/e7@f9941","f1LchJhnVHK7AzHMoBuwkU","f9ct5S1VxIA7QkwOTZGqus","20/D5T8O9CXK/IjOqTJWsW","cbAxCCLsJPvq8o5I1OIgtf@f9941","a5s/0IA0FLyLrQ2o3eOkB1","b6rBM8yoNAi6URMyUvnvpX","bdhEQAoq9MO5x/b5eNiCtl@6c48a","58cKyHKiRNLLa4igwxD0tV@6c48a","4b5HIiPrhOar2lfAvF6Se2@f9941","c3fcrW2DlLd4lOyJmTtPbI@f9941","00dek1F0FJnK7ZOXQPQ6VT@f9941","c3/HusDEZFHLCfKSJOalOX","68YtZYpJFI3IwCdhfL8lNt","e5lwy75XhEDJQf6x2iqWdR@6c48a","80A6y6al9JRZQngNDNO10w@6c48a","1d/mF+y7BLGqPiAPCcZVaa@6c48a","d7b3l40QtDWLQeaQwm3oCG@f9941","d1lLbd8gxLSomr+nJdwVmS@f9941","43rbZ0fL1MfZFFFDCi1VkL@f9941"],["node","_spriteFrame","_atlas","value","root","targetInfo","asset","_skeletonData","_defaultClip","data","_textureSource","_target","_normalSprite","_font","spriteFrame"],[["cc.Node",["_name","_layer","_active","_objFlags","__editorExtras__","_prefab","_components","_parent","_lpos","_children","_lscale","_lrot","_euler"],-2,4,9,1,5,2,5,5,5],"cc.SpriteFrame",["cc.Sprite",["_sizeMode","_type","node","__prefab","_spriteFrame","_atlas"],1,1,4,6,6],["cc.Label",["_string","_actualFontSize","_fontSize","_enableWrapText","_lineHeight","_isSystemFontUsed","_overflow","node","__prefab","_color","_font"],-4,1,4,5,6],["cc.UITransform",["node","__prefab","_contentSize","_anchorPoint"],3,1,4,5,5],["cc.Widget",["_alignFlags","_originalWidth","_originalHeight","_top","_bottom","node","__prefab","_target"],-2,1,4,1],["cc.PrefabInstance",["fileId","prefabRootNode","propertyOverrides","mountedComponents"],2,1,9,9],["sp.Skeleton",["defaultSkin","defaultAnimation","_premultipliedAlpha","_preCacheMode","loop","node","__prefab","_skeletonData"],-2,1,4,6],["cc.Animation",["node","__prefab","_clips","_defaultClip"],3,1,4,3,6],"cc.SpriteAtlas",["sp.SkeletonData",["_name","_atlasText","textureNames","_skeletonJson","textures"],-1,3],["cc.Prefab",["_name"],2],["cc.CompPrefabInfo",["fileId"],2],["cc.PrefabInfo",["fileId","instance","targetOverrides","root","asset","nestedPrefabInstanceRoots"],0,1,1,2],["cc.PrefabInfo",["fileId","instance","targetOverrides","nestedPrefabInstanceRoots","root","asset"],-1,1,1],["cc.PrefabInfo",["fileId","targetOverrides","nestedPrefabInstanceRoots","root","instance","asset"],0,1,4,6],["cc.TargetInfo",["localID"],2],["CCPropertyOverrideInfo",["value","propertyPath","targetInfo"],1,1],["CCPropertyOverrideInfo",["propertyPath","targetInfo","value"],2,1,8],["CCPropertyOverrideInfo",["propertyPath","targetInfo","value"],2,4,6],["CCPropertyOverrideInfo",["value","propertyPath","targetInfo"],1,4],["CCPropertyOverrideInfo",["propertyPath","targetInfo","value"],2,1,6],["CCPropertyOverrideInfo",["propertyPath","targetInfo","value"],2,4,8],["cc.MountedComponentsInfo",["components","targetInfo"],2,4],["cc.Layout",["node","__prefab"],3,1,4],["cc.Button",["_transition","_zoomScale","node","__prefab","_normalColor","_target","_normalSprite"],1,1,4,5,1,6],["cc.BitmapFont",["_name","fontSize","fntConfig"],0]],[[12,0,2],[16,0,2],[14,0,1,2,3,4,5,5],[20,0,1,2,3],[4,0,1,2,1],[18,0,1,2,2],[17,0,1,2,3],[22,0,1,2,2],[0,0,7,6,5,8,2],[21,0,1,2,2],[2,2,3,4,5,1],[0,3,4,7,5,3],[15,0,1,2,3,4,5,4],[0,0,2,7,6,5,8,3],[6,0,1,2,2],[8,0,1,2,3,1],[4,0,1,1],[2,0,2,3,4,5,2],[11,0,2],[19,0,1,2,2],[7,0,1,2,3,4,5,6,7,6],[10,0,1,2,3,4,5],[0,0,9,6,5,2],[0,0,1,7,6,5,8,3],[0,0,7,9,6,5,8,2],[7,0,1,2,3,5,6,7,5],[0,0,7,6,5,2],[3,0,1,2,7,8,9,4],[0,0,7,9,6,5,2],[0,0,9,6,5,8,10,2],[0,0,7,6,5,8,10,2],[13,0,1,2,3,4,5,4],[2,1,0,2,3,4,5,3],[8,0,1,1],[25,0,1,2,3,4,5,6,3],[0,0,2,7,9,6,5,8,3],[0,0,3,2,7,9,6,5,8,4],[0,0,3,7,6,5,3],[0,0,1,9,6,5,3],[0,0,1,7,6,5,8,11,10,12,3],[0,0,1,7,6,5,8,10,3],[4,0,1,2,3,1],[5,0,1,2,5,6,4],[5,0,3,4,1,2,5,6,6],[5,0,1,5,6,7,3],[2,0,2,3,4,2],[6,0,1,3,2,2],[23,0,1,2],[3,0,1,2,4,5,7,8,10,6],[3,0,1,2,3,7,8,9,5],[3,0,1,2,6,3,7,8,9,6],[24,0,1,1],[26,0,1,2,4]],[[[{"name":"img_dragonTiger_bg","rect":{"x":0,"y":0,"width":1624,"height":750},"offset":{"x":0,"y":0},"originalSize":{"width":1624,"height":750},"rotated":false,"capInsets":[0,0,0,0],"vertices":{"rawPosition":[-812,-375,0,812,-375,0,-812,375,0,812,375,0],"indexes":[0,1,2,2,1,3],"uv":[0,750,1624,750,0,0,1624,0],"nuv":[0,0,1,0,0,1,1,1],"minPos":{"x":-812,"y":-375,"z":0},"maxPos":{"x":812,"y":375,"z":0}},"packable":true,"pixelsToUnit":100,"pivot":{"x":0.5,"y":0.5},"meshType":0}],[1],0,[0],[10],[18]],[[[21,"djs10_6","\r\ndjs10_6.png\r\nsize: 2048,512\r\nformat: RGBA8888\r\nfilter: Linear,Linear\r\nrepeat: none\r\n1_0001_1_0017_skeleton-djs-01\r\n  rotate: false\r\n  xy: 2, 301\r\n  size: 297, 209\r\n  orig: 297, 209\r\n  offset: 0, 0\r\n  index: -1\r\n1_0000_1_0018_skeleton-djs-00\r\n  rotate: false\r\n  xy: 2, 301\r\n  size: 297, 209\r\n  orig: 297, 209\r\n  offset: 0, 0\r\n  index: -1\r\n1_0002_1_0016_skeleton-djs-02\r\n  rotate: false\r\n  xy: 2, 301\r\n  size: 297, 209\r\n  orig: 297, 209\r\n  offset: 0, 0\r\n  index: -1\r\n1_0003_1_0015_skeleton-djs-03\r\n  rotate: true\r\n  xy: 2, 2\r\n  size: 297, 209\r\n  orig: 297, 209\r\n  offset: 0, 0\r\n  index: -1\r\n1_0004_1_0014_skeleton-djs-04\r\n  rotate: true\r\n  xy: 213, 2\r\n  size: 297, 209\r\n  orig: 297, 209\r\n  offset: 0, 0\r\n  index: -1\r\n1_0005_1_0013_skeleton-djs-05\r\n  rotate: true\r\n  xy: 213, 2\r\n  size: 297, 209\r\n  orig: 297, 209\r\n  offset: 0, 0\r\n  index: -1\r\n1_0006_1_0012_skeleton-djs-06\r\n  rotate: false\r\n  xy: 301, 301\r\n  size: 297, 209\r\n  orig: 297, 209\r\n  offset: 0, 0\r\n  index: -1\r\n1_0007_1_0011_skeleton-djs-07\r\n  rotate: true\r\n  xy: 424, 2\r\n  size: 297, 209\r\n  orig: 297, 209\r\n  offset: 0, 0\r\n  index: -1\r\n1_0008_1_0010_skeleton-djs-08\r\n  rotate: false\r\n  xy: 600, 301\r\n  size: 297, 209\r\n  orig: 297, 209\r\n  offset: 0, 0\r\n  index: -1\r\n1_0009_1_0009_skeleton-djs-09\r\n  rotate: false\r\n  xy: 600, 301\r\n  size: 297, 209\r\n  orig: 297, 209\r\n  offset: 0, 0\r\n  index: -1\r\n1_0010_1_0008_skeleton-djs-10\r\n  rotate: true\r\n  xy: 635, 2\r\n  size: 297, 209\r\n  orig: 297, 209\r\n  offset: 0, 0\r\n  index: -1\r\n1_0011_1_0007_skeleton-djs-11\r\n  rotate: true\r\n  xy: 846, 2\r\n  size: 297, 209\r\n  orig: 297, 209\r\n  offset: 0, 0\r\n  index: -1\r\n1_0012_1_0006_skeleton-djs-12\r\n  rotate: false\r\n  xy: 899, 301\r\n  size: 297, 209\r\n  orig: 297, 209\r\n  offset: 0, 0\r\n  index: -1\r\n1_0013_1_0005_skeleton-djs-13\r\n  rotate: false\r\n  xy: 899, 301\r\n  size: 297, 209\r\n  orig: 297, 209\r\n  offset: 0, 0\r\n  index: -1\r\n1_0014_1_0004_skeleton-djs-14\r\n  rotate: true\r\n  xy: 1057, 2\r\n  size: 297, 209\r\n  orig: 297, 209\r\n  offset: 0, 0\r\n  index: -1\r\n1_0015_1_0003_skeleton-djs-15\r\n  rotate: false\r\n  xy: 1198, 301\r\n  size: 297, 209\r\n  orig: 297, 209\r\n  offset: 0, 0\r\n  index: -1\r\n1_0016_1_0002_skeleton-djs-16\r\n  rotate: true\r\n  xy: 1268, 2\r\n  size: 297, 209\r\n  orig: 297, 209\r\n  offset: 0, 0\r\n  index: -1\r\n1_0017_1_0001_skeleton-djs-17\r\n  rotate: true\r\n  xy: 1268, 2\r\n  size: 297, 209\r\n  orig: 297, 209\r\n  offset: 0, 0\r\n  index: -1\r\n",["djs10_6.png"],{"skeleton":{"hash":"XjXBl5jpbvpsRG5g6gCJTv+CfV0","spine":"3.8.99","x":-148,"y":-104,"width":297,"height":209,"images":"E:/新版UI/龙虎/动画源文件/倒计时/djs","audio":""},"bones":[{"name":"root"}],"slots":[{"name":"aa","bone":"root","attachment":"1_0017_1_0001_skeleton-djs-17"}],"skins":[{"name":"default","attachments":{"aa":{"1_0001_1_0017_skeleton-djs-01":{"x":0.5,"y":0.5,"width":297,"height":209},"1_0002_1_0016_skeleton-djs-02":{"x":0.5,"y":0.5,"width":297,"height":209},"1_0003_1_0015_skeleton-djs-03":{"x":0.5,"y":0.5,"width":297,"height":209},"1_0004_1_0014_skeleton-djs-04":{"x":0.5,"y":0.5,"width":297,"height":209},"1_0005_1_0013_skeleton-djs-05":{"x":0.5,"y":0.5,"width":297,"height":209},"1_0006_1_0012_skeleton-djs-06":{"x":0.5,"y":0.5,"width":297,"height":209},"1_0007_1_0011_skeleton-djs-07":{"x":0.5,"y":0.5,"width":297,"height":209},"1_0008_1_0010_skeleton-djs-08":{"x":0.5,"y":0.5,"width":297,"height":209},"1_0009_1_0009_skeleton-djs-09":{"x":0.5,"y":0.5,"width":297,"height":209},"1_0010_1_0008_skeleton-djs-10":{"x":0.5,"y":0.5,"width":297,"height":209},"1_0011_1_0007_skeleton-djs-11":{"x":0.5,"y":0.5,"width":297,"height":209},"1_0012_1_0006_skeleton-djs-12":{"x":0.5,"y":0.5,"width":297,"height":209},"1_0013_1_0005_skeleton-djs-13":{"x":0.5,"y":0.5,"width":297,"height":209},"1_0014_1_0004_skeleton-djs-14":{"x":0.5,"y":0.5,"width":297,"height":209},"1_0015_1_0003_skeleton-djs-15":{"x":0.5,"y":0.5,"width":297,"height":209},"1_0016_1_0002_skeleton-djs-16":{"x":0.5,"y":0.5,"width":297,"height":209},"1_0017_1_0001_skeleton-djs-17":{"x":0.5,"y":0.5,"width":297,"height":209},"1_0000_1_0018_skeleton-djs-00":{"x":0.5,"y":0.5,"width":297,"height":209}}}}],"animations":{"animation":{"slots":{"aa":{"attachment":[{"name":"1_0000_1_0018_skeleton-djs-00"},{"time":0.0667,"name":"1_0001_1_0017_skeleton-djs-01"},{"time":0.1333,"name":"1_0002_1_0016_skeleton-djs-02"},{"time":0.2,"name":"1_0003_1_0015_skeleton-djs-03"},{"time":0.2667,"name":"1_0004_1_0014_skeleton-djs-04"},{"time":0.3333,"name":"1_0005_1_0013_skeleton-djs-05"},{"time":0.4,"name":"1_0006_1_0012_skeleton-djs-06"},{"time":0.4667,"name":"1_0007_1_0011_skeleton-djs-07"},{"time":0.5333,"name":"1_0008_1_0010_skeleton-djs-08"},{"time":0.6,"name":"1_0009_1_0009_skeleton-djs-09"},{"time":0.6667,"name":"1_0010_1_0008_skeleton-djs-10"},{"time":0.7333,"name":"1_0011_1_0007_skeleton-djs-11"},{"time":0.8,"name":"1_0012_1_0006_skeleton-djs-12"},{"time":0.8667,"name":"1_0013_1_0005_skeleton-djs-13"},{"time":0.9333,"name":"1_0014_1_0004_skeleton-djs-14"},{"time":1,"name":"1_0015_1_0003_skeleton-djs-15"},{"time":1.0667,"name":"1_0016_1_0002_skeleton-djs-16"},{"time":1.1333,"name":"1_0017_1_0001_skeleton-djs-17"}]}}}}},[0]]],0,0,[0],[-1],[19]],[[[21,"stop_bet","\r\nstop_bet.png\r\nsize: 2048,512\r\nformat: RGBA8888\r\nfilter: Linear,Linear\r\nrepeat: none\r\nLH_HD\r\n  rotate: false\r\n  xy: 671, 187\r\n  size: 332, 162\r\n  orig: 332, 162\r\n  offset: 0, 0\r\n  index: -1\r\nLH_HH2\r\n  rotate: false\r\n  xy: 330, 193\r\n  size: 339, 156\r\n  orig: 339, 156\r\n  offset: 0, 0\r\n  index: -1\r\nLH_K8\r\n  rotate: false\r\n  xy: 2, 2\r\n  size: 1190, 183\r\n  orig: 1190, 183\r\n  offset: 0, 0\r\n  index: -1\r\nStop_BET\r\n  rotate: false\r\n  xy: 2, 263\r\n  size: 326, 86\r\n  orig: 326, 86\r\n  offset: 0, 0\r\n  index: -1\r\n",["stop_bet.png"],{"skeleton":{"hash":"TBdWUcdgBxLiyCmSBMRUIV1f9gY","spine":"3.8.99","x":-1676.98,"y":-91,"width":3432.12,"height":229.34,"images":"./素材/","audio":"E:/新版UI/龙虎/动画源文件/开始"},"bones":[{"name":"root"},{"name":"zuo","parent":"root","length":161.38,"rotation":-1.06,"x":-1586.09,"y":10.57},{"name":"you","parent":"root","length":137.48,"rotation":178.75,"x":1588.68,"y":18.57}],"slots":[{"name":"di","bone":"root","attachment":"LH_K8"},{"name":"zi","bone":"root","attachment":"Stop_BET"},{"name":"LH_HH2","bone":"zuo","attachment":"LH_HH2"},{"name":"LH_HD","bone":"you","attachment":"LH_HD"}],"skins":[{"name":"default","attachments":{"LH_HD":{"LH_HD":{"x":0.69,"y":-38.14,"rotation":-178.97,"width":332,"height":162}},"LH_HH2":{"LH_HH2":{"x":79.46,"y":-13.29,"rotation":0.63,"width":339,"height":156}},"di":{"LH_K8":{"y":0.5,"width":1190,"height":183}},"zi":{"Stop_BET":{"x":0.5,"width":326,"height":86}}}}],"animations":{"animation":{"slots":{"di":{"color":[{"color":"ffffff00","curve":0.25,"c3":0.75},{"time":0.1667,"color":"ffffffff"}]},"zi":{"color":[{"color":"ffffff00","curve":0.25,"c3":0.75},{"time":0.1667,"color":"ffffffff"}]}},"bones":{"root":{"translate":[{"time":1.1667},{"time":1.3333,"x":2762.53}]},"you":{"translate":[{},{"time":0.1667,"x":-1050.7,"y":22.84}]},"zuo":{"translate":[{},{"time":0.1667,"x":970.73,"y":-17.98}]}}}}},[0]]],0,0,[0],[-1],[20]],[[{"name":"auto_poker","spriteFrames":["poker_1","7bu6qKDodEQZPKkptobEwq@f9941","poker_flower_r12","57UAJupnxPE5LBgLzYnz8I@f9941","poker_num_r10","71aJCZf1ZCUpuEXzObaEdi@f9941","poker_num_b10","a3VsqoqvBDI7ntOfVsbyRH@f9941","poker_flower_r11","a9af2P7GlM4Zkqnp7xa6Rh@f9941","poker_num_b3","01fsdZK4tDtrYsbivrrXIl@f9941","poker_num_r8","1aaUZEs2xEWqabLPewdtDT@f9941","poker_num_b9","2dsljUVhBM6JlgCwsPxmE1@f9941","poker_num_r5","50m4CXrthAO5brBJfiqmIE@f9941","poker_flower_b11","82nWrXtZ1M87LYH8ke7is4@f9941","poker_flower_4","40NuY25kBLObMWW+5ulD0e@f9941","poker_flower_b12","9b3pUQGMtNK4H60Q+qKm+J@f9941","poker_flower_1","a6l5c3BYRJz4uHAVeLLvvr@f9941","poker_flower_r13","b2+vVKjOBJH611c191a7Yl@f9941","poker_flower_b13","2a9S+9sCVOkr2nJPh+UQxI@f9941","poker_num_r12","caQsVyzPtLmZ2+srLEaPff@f9941","poker_num_b8","cbWXRhmOlJh62MMxQKYjYX@f9941","poker_num_b5","cbm1nxteVL1Z9Nby8qCnUW@f9941","poker_0","87AJ5qgaFC7bosMB216lsC@f9941","poker_num_r7","453r+0popCRrbQxSkXD6jZ@f9941","poker_flower_3","74ECy22mJN4J2uw6igIqvn@f9941","poker_flower_2","24lrxzPnVEuqqXb9XKQ5nD@f9941","poker_flower_s4","a4l9CRakxCkJAivInKyLbW@f9941","poker_num_r9","d37Kc1+udKe6qTOgAZggtE@f9941","poker_num_r3","f1gQidIpRL8benBHhN6aHJ@f9941","poker_flower_s1","f2N/zlU5VB+a2bAgmEjZfb@f9941","poker_num_b1","4dh8UL5b1JmJa4DfbStAIB@f9941","poker_num_r1","b5+z2x24pGV45ArVC51JRb@f9941","poker_num_b12","fbVBgFO5NN264soAmpnaIY@f9941","poker_num_b4","1089t0l/JMi7QFWPspAePG@f9941","poker_num_b6","51BVZay7ZDzbv5eA1zKnnq@f9941","poker_num_b11","6bKefaeyBPq6e/EFaaMNoN@f9941","poker_num_r13","5aAw3Q/P9ACpYyOhaNgGnd@f9941","poker_num_r11","ae90p8DkxHm4NwPcqOb7m8@f9941","poker_num_r6","fdVOPHl91FpaBuciToVsag@f9941","poker_num_b13","9cyjC8UHhDGpwSpbAPE2kw@f9941","poker_num_r4","b4UcgoqZ1AjYJYuqBOyoSw@f9941","poker_num_b7","56UIGOyn1EopnAKWan9AbZ@f9941","poker_num_b2","032NlCrl1Bg4rv9dyuLJdo@f9941","poker_num_r2","dci4K6s0VPyo5AavdKXDZe@f9941","poker_flower_s3","0ePNvNLI5O55KUy2Z3CP9A@f9941","poker_flower_s2","1fbHdsyOdDLpjVQl971ROU@f9941"]}],[9],0,[],[],[]],[[{"name":"font_dragonTiger_mundurNum_0","rect":{"x":2,"y":2,"width":241,"height":84},"offset":{"x":-5.5,"y":20},"originalSize":{"width":256,"height":128},"rotated":false,"capInsets":[0,0,0,0],"vertices":{"rawPosition":[-120.5,-42,0,120.5,-42,0,-120.5,42,0,120.5,42,0],"indexes":[0,1,2,2,1,3],"uv":[2,126,243,126,2,42,243,42],"nuv":[0.0078125,0.328125,0.94921875,0.328125,0.0078125,0.984375,0.94921875,0.984375],"minPos":{"x":-120.5,"y":-42,"z":0},"maxPos":{"x":120.5,"y":42,"z":0}},"packable":true,"pixelsToUnit":100,"pivot":{"x":0.5,"y":0.5},"meshType":0}],[1],0,[0],[10],[21]],[[[18,"prefabs_dragonTiger_main_game"],[22,"prefabs_dragonTiger_main_game",[-14,-15,-16,-17,-18,-19,-20,-21,-22,-23,-24,-25,-26,-27,-28,-29,-30,-31,-32,-33,-34],[[4,-12,[0,"5esQs0GXFOwZIdsQtD17LG"],[5,1334,750]],[42,45,100,100,-13,[0,"65Q+5h8gpF/67wwPWZMUKF"]]],[31,"c46/YsCPVOJYA4mWEpNYRx",null,null,-11,0,[-1,-2,-3,-4,-5,-6,-7,-8,-9,-10]]],[1,["c46/YsCPVOJYA4mWEpNYRx"]],[1,["c46/YsCPVOJYA4mWEpNYRx"]],[8,"spr_dragonTiger_bg",1,[[4,-35,[0,"5aA4znDCRBdbk1IhrHCS+d"],[5,1334,750]],[45,0,-36,[0,"3aT0M0LoRFuJdBEI7ypTlG"],0],[43,40,-374.36300000000006,-371.894,1658.5539999999999,846.2570000000001,-37,[0,"faRr6FXiRBUbk3ouupuqyU"]]],[2,"38LWIgSLlGtZ6XlKuA7cjP",null,null,null,1,0],[1,0,1.2345000000000255,0]],[8,"spr_dragonTiger_downBg",1,[[4,-38,[0,"66/G7DCcBAJLK9L3Srr1E/"],[5,1334,98]],[17,0,-39,[0,"baVCp2NxpPOYCP7I45g46R"],1,2],[44,40,1624,-40,[0,"9agUP9/sVP+pJ0Zyut/S6q"],1]],[2,"29b0bkINZC/bxMKr5vDMpv",null,null,null,1,0],[1,0,-330,0]],[1,["c46/YsCPVOJYA4mWEpNYRx"]],[1,["c46/YsCPVOJYA4mWEpNYRx"]],[1,["28HHHI2qtIvYNRxIuSwiE4"]],[1,["c46/YsCPVOJYA4mWEpNYRx"]],[1,["c46/YsCPVOJYA4mWEpNYRx"]],[1,["c46/YsCPVOJYA4mWEpNYRx"]],[1,["c46/YsCPVOJYA4mWEpNYRx"]],[1,["c46/YsCPVOJYA4mWEpNYRx"]],[1,["d4Q4Lp3iBB9JTHl4Op6kVd"]],[1,["84WnM+8DtEK7iPieLMTkDC"]],[1,["b3L3thv65N2J+05Mh/ALCr"]],[35,"props_remind_noBet",false,1,[-43],[[4,-41,[0,"f5YxIGM4ZAOL0IhIuyMySo"],[5,900,154]],[17,0,-42,[0,"98PjyLEV5Gl6kfh5cJzGOZ"],45,46]],[2,"d4e9cl/0lDBomvKecb05Je",null,null,null,1,0],[1,0,-30,0]],[36,"props_remind_repeat",512,false,1,[-46],[[4,-44,[0,"99Ajl91sZAe64aKlWN0olF"],[5,900,154]],[17,0,-45,[0,"5eeGIV3fJNra71CnOtWhCj"],49,50]],[2,"1fnTxRIuRK+agT++z66/GB",null,null,null,1,0],[1,2,-30,0]],[8,"spr_dragonTiger_gameBg",1,[[4,-47,[0,"f3WzwSFJZPnKhgMgVNdVgV"],[5,1119,639]],[17,2,-48,[0,"4c79fqI49EFI7UGF/GuatG"],3,4]],[2,"63d8pMwihK/rBOH7O2FzFA",null,null,null,1,0],[1,0,26,0]],[11,0,{},1,[12,"c46/YsCPVOJYA4mWEpNYRx",null,null,-49,[14,"39X/W9l3REKZbd3In0szc1",1,[[6,"prefabs_dragonTiger_history",["_name"],6],[5,["_lpos"],6,[1,0,0,0]],[5,["_lrot"],6,[3,0,0,0,1]],[5,["_euler"],6,[1,0,0,0]],[19,["_atlas"],[1,["5276LpHVJPgbbeXNiREvA4"]],6]]],5]],[11,0,{},1,[12,"c46/YsCPVOJYA4mWEpNYRx",null,null,-50,[14,"6egAIjmx5B65ZDhz23pHjo",1,[[6,"prefabs_dragonTiger_dragonTiger",["_name"],2],[5,["_lpos"],2,[1,0,0,0]],[5,["_lrot"],2,[3,0,0,0,1]],[5,["_euler"],2,[1,0,0,0]],[6,4294967295,["_layer"],2],[3,4294967295,["_layer"],[1,["89geaRJmJO/6tkiwnfAexI"]]],[3,4294967295,["_layer"],[1,["c8S5rVU+FBlISNJZDw+EOM"]]]]],7]],[11,0,{},1,[12,"c46/YsCPVOJYA4mWEpNYRx",null,null,-51,[14,"f82aSMrNpJ56M8IQ3rPf4V",1,[[6,"prefabs_dragonTiger_card",["_name"],7],[5,["_lpos"],7,[1,0,0,0]],[5,["_lrot"],7,[3,0,0,0,1]],[5,["_euler"],7,[1,0,0,0]],[6,1,["_clips","length"],8],[9,["_clips","1"],8,9],[9,["_defaultClip"],8,10],[9,["_clips","0"],8,11],[3,false,["_active"],[1,["0d6u86hoBB3pGG6RzzFeI2"]]]]],8]],[11,0,{},1,[12,"c46/YsCPVOJYA4mWEpNYRx",null,null,-58,[14,"09TjOJ8t9PrKNJFZn2XI+I",1,[[6,"prefabs_dragonTiger_seri",["_name"],9],[5,["_lpos"],9,[1,0,0,0]],[5,["_lrot"],9,[3,0,0,0,1]],[5,["_euler"],9,[1,0,0,0]],[3,false,["_active"],[1,["04NRz5A0FOeLsBTB8jbvUE"]]],[3,false,["_active"],[1,["f05dBYpo5NrbCQ2pyezxrU"]]],[6,true,["_enabled"],-52],[6,false,["loop"],-53],[6,"0",["_string"],-54],[6,27,["_actualFontSize"],-55],[3,"0",["_string"],[1,["c6Fi7FzPxC36lCEMOeWBuc"]]],[19,["_atlas"],[1,["3b++ZWYbFHg4tPvT4Es6UX"]],13],[9,["_atlas"],-56,14],[7,["_contentSize"],[1,["aarKsXikxKt758/Vm+00on"]],[5,167,33]],[9,["_spriteFrame"],-57,15]]],12]],[11,0,{},1,[12,"c46/YsCPVOJYA4mWEpNYRx",null,null,-65,[14,"17LbgRtY5DF4StLAyyUhuB",1,[[6,"prefabs_dragonTiger_tiger",["_name"],10],[5,["_lpos"],10,[1,0,0,0]],[5,["_lrot"],10,[3,0,0,0,1]],[5,["_euler"],10,[1,0,0,0]],[6,false,["_active"],-59],[3,false,["loop"],[1,["f4Q2Mzs0FGH5nIS5ROd6mC"]]],[7,["_lpos"],[1,["59MiVOc8xISI0QLZFVE+MM"]],[1,292,-34,0]],[5,["_lpos"],-60,[1,292,-34,0]],[5,["_lpos"],-61,[1,292,-34,0]],[3,"0",["_string"],[1,["c6Fi7FzPxC36lCEMOeWBuc"]]],[19,["_atlas"],[1,["3b++ZWYbFHg4tPvT4Es6UX"]],17],[9,["_atlas"],-62,18],[7,["_contentSize"],[1,["aarKsXikxKt758/Vm+00on"]],[5,167,33]],[9,["_spriteFrame"],-63,19],[6,false,["_active"],-64]]],16]],[11,0,{},1,[12,"c46/YsCPVOJYA4mWEpNYRx",null,null,-66,[14,"cedOSxDYxAz4KABfWXQSc0",1,[[6,"prefabs_dragonTiger_dragon",["_name"],11],[5,["_lpos"],11,[1,0,0,0]],[5,["_lrot"],11,[3,0,0,0,1]],[5,["_euler"],11,[1,0,0,0]],[3,false,["_active"],[1,["30kowdUalO/LAWWwjD1xp4"]]],[3,"0",["_string"],[1,["b9brg3gedIvI/63mcxkBDh"]]],[3,"Label_bet_mine",["_name"],[1,["20YqIAyGlDF7uqQQgCaqbB"]]],[3,"0",["_string"],[1,["c6Fi7FzPxC36lCEMOeWBuc"]]],[19,["_atlas"],[1,["3b++ZWYbFHg4tPvT4Es6UX"]],21],[19,["_atlas"],[1,["76xGTdFhVFFbAsx+BpGhQM"]],22],[3,false,["_active"],[1,["41OXsX5idItqN7jBvvf1xb"]]],[3,false,["_active"],[1,["f4djSN4o1JB5SQ7pKD2xmT"]]]]],20]],[11,0,{},1,[12,"c46/YsCPVOJYA4mWEpNYRx",null,null,-67,[14,"73wT9V5+pFh4PW9OplQzyE",1,[[6,"prefabs_dragonTiger_ulang",["_name"],12],[5,["_lpos"],12,[1,0,0,0]],[5,["_lrot"],12,[3,0,0,0,1]],[5,["_euler"],12,[1,0,0,0]],[3,"(Keep Auto）",["_string"],[1,["10n871jDtGB6dVHdg+oARn"]]]]],23]],[11,512,{},1,[12,"c46/YsCPVOJYA4mWEpNYRx",null,null,-68,[46,"476cjfPb9C/rkGcHKFmQ23",1,[[47,[null],[1,["c7Vx1ekH9IOYmgRc15XtEX"]]]],[[3,"prefabs_dragonTiger_down",["_name"],[1,["c46/YsCPVOJYA4mWEpNYRx"]]],[7,["_lpos"],[1,["c46/YsCPVOJYA4mWEpNYRx"]],[1,0,0,0]],[7,["_lrot"],[1,["c46/YsCPVOJYA4mWEpNYRx"]],[3,0,0,0,1]],[7,["_euler"],[1,["c46/YsCPVOJYA4mWEpNYRx"]],[1,0,0,0]],[19,["_skeletonData"],[1,["91lQpm+k1Hvrabxun9y+4D"]],25],[3,"default",["defaultSkin"],[1,["91lQpm+k1Hvrabxun9y+4D"]]],[3,"animation",["defaultAnimation"],[1,["91lQpm+k1Hvrabxun9y+4D"]]],[3,"animation",["defaultAnimation"],[1,["9eosN6u3xOAaaeczDSrHYM"]]],[3,"animation",["defaultAnimation"],[1,["f0mcKVovxP8Yz+sYUONeFW"]]],[3,"animation",["defaultAnimation"],[1,["a6ow8ff7FAibdK8djaDY1V"]]],[3,"animation",["defaultAnimation"],[1,["3cFuUFaYZCR70VlprWYsdY"]]],[3,"animation",["defaultAnimation"],[1,["d3wQBq8R5KdJzSa6rp4IHL"]]],[3,true,["_active"],[1,["73pMXOXoBDK5zTa/rfs7YR"]]],[3,false,["_active"],[1,["87mSDRdulEPpJ4dGf3WKwB"]]],[3,true,["_active"],[1,["acJxWEXE1CAr2/ZaKLbUS2"]]],[3,false,["_active"],[1,["d8EUsIh1NMZ48lsTDOwOoy"]]],[3,true,["_active"],[1,["24jfwUHQZLwo+0Hko93DKp"]]],[3,true,["_active"],[1,["28Ir2Y+7hMT4kx50JE7vsY"]]],[3,true,["_active"],[1,["2aECT5MzBC/ZnqFWFFhsxK"]]],[3,false,["_active"],[1,["c56GA5iHdDEYsXAg8jpgzk"]]],[7,["_lpos"],[1,["c56GA5iHdDEYsXAg8jpgzk"]],[1,-73,100,0]],[7,["_contentSize"],[1,["ebCirOWyhIVZLDo3Q83lYE"]],[5,286,66]],[3,2,["_sizeMode"],[1,["e8r9/LnwNDA6hTZC85slTU"]]],[7,["_lpos"],[1,["76+odTmtZGXLmwdGlpYR6a"]],[1,-78,-16,0]],[7,["_lpos"],[1,["2aECT5MzBC/ZnqFWFFhsxK"]],[1,-94,100,0]],[3,true,["_active"],[1,["d2LPULZ0ZEgYPumYNEnDdP"]]],[3,true,["_active"],[1,["54fBbKHOBAdZ1a3H2GqQgo"]]],[3,"10",["_string"],[1,["ef7rSslXBChJ0GUI6kCWkD"]]],[7,["_contentSize"],[1,["21ryL//kFBWLefcnCVYkAi"]],[5,25.31,40]],[3,"50",["_string"],[1,["6cFh5loblNxqrb/fQ1MXig"]]],[7,["_contentSize"],[1,["ecy5skZ9NBj5/3bjvo0Ung"]],[5,30,40]],[3,"100",["_string"],[1,["07z0AGwuFI8YVltN1xrREr"]]],[7,["_contentSize"],[1,["22ohcba6ZIuJK4iZFExsa9"]],[5,40.31,40]],[3,"500",["_string"],[1,["feB8AH0xpOsp8oEJdZotKr"]]],[7,["_contentSize"],[1,["c2+Ab+hRJBvpngw/5WSZ0L"]],[5,45,40]],[3,"1000",["_string"],[1,["35QGJoHXxH4Jr9NTWMGviD"]]],[7,["_contentSize"],[1,["72kJMmWZpFbpp1BJe1Fl0L"]],[5,47.94,40]],[3,"5000",["_string"],[1,["12g/TDvR1BDr8A5crcRB7+"]]],[7,["_contentSize"],[1,["e3pnNIcwFIULwdMGZZd9DI"]],[5,52,40]],[3,26,["_fontSize"],[1,["12g/TDvR1BDr8A5crcRB7+"]]],[3,26,["_actualFontSize"],[1,["12g/TDvR1BDr8A5crcRB7+"]]],[3,26,["_fontSize"],[1,["35QGJoHXxH4Jr9NTWMGviD"]]],[3,26,["_actualFontSize"],[1,["35QGJoHXxH4Jr9NTWMGviD"]]],[3,true,["_active"],[1,["c46/YsCPVOJYA4mWEpNYRx"]]],[7,["_contentSize"],[1,["afus7SZDtCH7+WFYrmVwgj"]],[5,257,28]],[3,1,["_type"],[1,["53s29V9ZdHQ7uWhR6pXbah"]]]]],24]],[11,0,{},1,[12,"c46/YsCPVOJYA4mWEpNYRx",null,null,-69,[14,"404d9/MxNEHYxVVr26Hqah",1,[[6,"prefabs_dragonTiger_user",["_name"],13],[5,["_lpos"],13,[1,0,0,0]],[5,["_lrot"],13,[3,0,0,0,1]],[5,["_euler"],13,[1,0,0,0]],[7,["_lpos"],[1,["16NokG0wRIA6M9ML4zM+LK"]],[1,-476,-320,0]],[6,1,["_clips","length"],14],[9,["_clips","1"],14,27],[9,["_defaultClip"],14,28],[9,["_clips","0"],14,29],[6,2,["_overflow"],15],[6,18,["_actualFontSize"],15],[6,18,["_fontSize"],15],[7,["_contentSize"],[1,["baentfyV5FyrhXfkYGPms2"]],[5,110,51]],[6,"0",["_string"],15],[3,false,["_active"],[1,["4ar1EBkJJC/ZFvkG8Bnza+"]]],[7,["_contentSize"],[1,["80Je10dq5HALM10mFGvUwN"]],[5,0,50.4]]]],26]],[11,0,{},1,[12,"c46/YsCPVOJYA4mWEpNYRx",null,null,-72,[14,"92t4XWgsxBG6NPaj+hM9iy",1,[[6,"prefabs_dragonTiger_sendCard",["_name"],3],[5,["_lpos"],3,[1,0,0,0]],[5,["_lrot"],3,[3,0,0,0,1]],[5,["_euler"],3,[1,0,0,0]],[6,4294967295,["_layer"],3],[3,4294967295,["_layer"],[1,["c6Aq4VNDtCJoDmET7NyuXj"]]],[3,4294967295,["_layer"],[1,["5fyuYEuedJ95Z99iYtr9JO"]]],[3,4294967295,["_layer"],[1,["9f+b7/qBFDe5VsPKPAvgJh"]]],[3,4294967295,["_layer"],[1,["fegx7jYXxBS4idI2wTKuHr"]]],[3,"112",["_string"],[1,["43onD3ZmtKorBY9dt6gXfy"]]],[7,["_contentSize"],[1,["02ZaEmPP1CEpWkjMKHLnjN"]],[5,47.83,50.4]],[3,"302",["_string"],[1,["8entXomd5Bt7GJknuMv15S"]]],[7,["_contentSize"],[1,["438XWn+8VFc7k4H+ltGltw"]],[5,50.05,50.4]],[9,["_clips","0"],-70,31],[9,["_defaultClip"],-71,32],[9,["_clips","0"],16,33],[9,["_defaultClip"],16,34],[19,["_atlas"],[1,["a8NL8k1yxLaaQyuqCqUIMw"]],35],[19,["_atlas"],[1,["a78Szx4J5EHpF6QY3tPvYn"]],36],[6,1,["_clips","length"],16],[9,["_clips","1"],16,37],[3,false,["_active"],[1,["5cgze512tCrIY0tHtLbyvx"]]],[3,false,["_active"],[1,["b03FB7io1Gn44etbfozcsd"]]]]],30]],[13,"props_dragonTiger_game_bet",false,1,[[4,-73,[0,"9011wLiI5Oe5Ue3TNdLmao"],[5,3432.12,229.34]],[20,"default","animation",false,0,false,-74,[0,"c7aUB35nxIc4uCJYJRFEyM"],38]],[2,"63eVITAWpLXJAD64B5zF2i",null,null,null,1,0],[1,2,-30,0]],[13,"props_dragonTiger_stop_bet",false,1,[[4,-75,[0,"ed0kXI1qVNRb4r8xqZE308"],[5,3432.12,229.34]],[20,"default","animation",false,0,false,-76,[0,"60EEMPJfJGkofqhGArRcGZ"],39]],[2,"55+JZ08nhK57XmCss0YzqJ",null,null,null,1,0],[1,2,-30,0]],[13,"dragon_win",false,1,[[4,-77,[0,"9de+0Bu45EA59Q9NArJ5Qd"],[5,343,145]],[20,"default","animation",false,0,false,-78,[0,"2cKnTZwLlA54Zg9BrsByv+"],40]],[2,"f3S1m06kpCF72uhp02UtHE",null,null,null,1,0],[1,-292,-34,0]],[13,"tiger_win",false,1,[[4,-79,[0,"8btmqm+lpNnL/a5VvEjK5c"],[5,343,145]],[20,"default","animation",false,0,false,-80,[0,"1cwmEKr+tFsoA6i7s6BaZe"],41]],[2,"eeNWNbL7dAqIpYFqZZSkOI",null,null,null,1,0],[1,292,-34,0]],[13,"seri",false,1,[[41,-81,[0,"c4Dzd+0LtKRpbJs7KKOoj7"],[5,234,122],[0,0.4780769230769231,0.4739344262295082]],[20,"default","animation",false,0,false,-82,[0,"e7DhW09flIgohkmGGdVAjt"],42]],[2,"3crW6auVNP1IMmJICBLF9+",null,null,null,1,0],[1,0,-34,0]],[26,"spr_word_remind",17,[[4,-83,[0,"e5+ylCtB9JzJ99XRqA5vAf"],[5,789,27]],[17,0,-84,[0,"f2xs57zj9EQ7hpEjchWvtU"],43,44]],[2,"ad1zljOlhDe4PM/qcAKQSj",null,null,null,1,0]],[37,"spr_word_remind",512,18,[[4,-85,[0,"e9weLAU8tDxZZAOM3bD5NZ"],[5,731,104]],[17,0,-86,[0,"c4DUfm7Q9BnoslEaOIeouR"],47,48]],[2,"6fDgWA2ndByZ6wyTQ5h1sq",null,null,null,1,0]],[1,["48ZQKBusNCHZcaL5DJTZ9l"]],[1,["b9brg3gedIvI/63mcxkBDh"]],[1,["76xGTdFhVFFbAsx+BpGhQM"]],[1,["77pe0y+WhIfokk4jvH7ZJ4"]],[1,["2agVgQM79J96uOnDJ4wcQi"]],[1,["76xGTdFhVFFbAsx+BpGhQM"]],[1,["daj89LBKdImKsJHBsPz70e"]],[8,"props_add_chips",1,[[4,-87,[0,"f0j5MAIHtINLJa4oC0ePC+"],[5,850,230]]],[2,"95yiEiL3BB0peWbsOXHxhK",null,null,null,1,0],[1,-3,-2,0]]],0,[0,-1,29,0,-2,28,0,-3,27,0,-4,26,0,-5,25,0,-6,24,0,-7,23,0,-8,22,0,-9,21,0,-10,20,0,4,1,0,0,1,0,0,1,0,-1,4,0,-2,5,0,-3,19,0,-4,20,0,-5,21,0,-6,22,0,-7,23,0,-8,24,0,-9,25,0,-10,26,0,-11,27,0,-12,28,0,-13,29,0,-14,44,0,-15,30,0,-16,31,0,-17,32,0,-18,33,0,-19,34,0,-20,17,0,-21,18,0,0,4,0,0,4,0,0,4,0,0,5,0,0,5,0,0,5,0,0,17,0,0,17,0,-1,35,0,0,18,0,0,18,0,-1,36,0,0,19,0,0,19,0,4,20,0,4,21,0,4,22,0,5,37,0,5,37,0,5,38,0,5,38,0,5,39,0,5,39,0,4,23,0,5,40,0,5,41,0,5,40,0,5,42,0,5,42,0,5,41,0,4,24,0,4,25,0,4,26,0,4,27,0,4,28,0,5,43,0,5,43,0,4,29,0,0,30,0,0,30,0,0,31,0,0,31,0,0,32,0,0,32,0,0,33,0,0,33,0,0,34,0,0,34,0,0,35,0,0,35,0,0,36,0,0,36,0,0,44,0,9,1,87],[0,0,0,0,0,0,0,0,0,0,0,0,0,0,0,0,0,0,0,0,0,0,0,0,0,0,0,0,0,0,0,0,0,0,0,0,0,0,0,0,0,0,0,0,0,0,0,0,0,0,0],[1,1,2,1,2,6,3,6,6,3,3,3,6,3,3,3,6,3,3,3,6,3,3,6,6,3,6,3,3,3,6,3,3,3,3,3,3,3,7,7,7,7,7,1,2,1,2,1,2,1,2],[22,23,0,24,0,25,0,26,27,3,3,3,28,0,0,8,29,0,0,8,30,0,0,31,32,33,34,2,2,2,35,6,6,5,5,0,0,5,36,37,38,39,40,41,0,9,0,42,0,9,0]],[[[21,"VS","\r\nVS.png\r\nsize: 1024,512\r\nformat: RGBA8888\r\nfilter: Linear,Linear\r\nrepeat: none\r\nh_bizi\r\n  rotate: false\r\n  xy: 600, 20\r\n  size: 71, 79\r\n  orig: 71, 79\r\n  offset: 0, 0\r\n  index: -1\r\nh_body\r\n  rotate: false\r\n  xy: 2, 172\r\n  size: 439, 259\r\n  orig: 439, 259\r\n  offset: 0, 0\r\n  index: -1\r\nh_head\r\n  rotate: false\r\n  xy: 443, 2\r\n  size: 155, 179\r\n  orig: 155, 179\r\n  offset: 0, 0\r\n  index: -1\r\nh_leg\r\n  rotate: false\r\n  xy: 443, 183\r\n  size: 250, 248\r\n  orig: 250, 248\r\n  offset: 0, 0\r\n  index: -1\r\nh_leg1\r\n  rotate: true\r\n  xy: 2, 30\r\n  size: 140, 160\r\n  orig: 140, 160\r\n  offset: 0, 0\r\n  index: -1\r\nh_tui\r\n  rotate: true\r\n  xy: 695, 30\r\n  size: 174, 199\r\n  orig: 174, 199\r\n  offset: 0, 0\r\n  index: -1\r\nh_tui1\r\n  rotate: true\r\n  xy: 164, 42\r\n  size: 128, 149\r\n  orig: 128, 149\r\n  offset: 0, 0\r\n  index: -1\r\nh_weiba\r\n  rotate: true\r\n  xy: 695, 206\r\n  size: 225, 200\r\n  orig: 225, 200\r\n  offset: 0, 0\r\n  index: -1\r\nh_zui\r\n  rotate: false\r\n  xy: 600, 101\r\n  size: 74, 80\r\n  orig: 74, 80\r\n  offset: 0, 0\r\n  index: -1\r\n",["VS.png"],{"skeleton":{"hash":"qZrkUmFEHt/AAL1lwktWwbnaMWQ","spine":"3.8.99","x":-297.02,"y":-45.91,"width":601.54,"height":359,"images":"./hu/","audio":""},"bones":[{"name":"root"},{"name":"huang","parent":"root","length":199.56,"rotation":1.65,"x":-288.78,"y":76.45,"color":"ffc600ff"},{"name":"hu","parent":"huang","x":265.18,"y":88.86,"color":"ffc600ff"},{"name":"body1","parent":"hu","length":106.44,"rotation":-7.83,"x":-130.59,"y":54.34,"color":"ffd700ff"},{"name":"bone14","parent":"body1","length":81.1,"rotation":-9.24,"x":168.03,"y":-11.63},{"name":"bone15","parent":"bone14","length":62.95,"rotation":2.43,"x":127.19,"y":7.82},{"name":"head","parent":"hu","length":47.58,"rotation":112.25,"x":-141.06,"y":-51.68,"color":"ffd400ff"},{"name":"bone16","parent":"head","length":54.96,"rotation":1.01,"x":61.72,"y":3.3},{"name":"bizi","parent":"head","length":38.71,"rotation":121.99,"x":84.92,"y":43.54,"color":"ffc600ff"},{"name":"zui","parent":"head","length":42.25,"rotation":124.94,"x":40.96,"y":41.6,"color":"ffc600ff"},{"name":"leg1","parent":"hu","length":90.56,"rotation":-143.14,"x":-13.41,"y":-46.88,"color":"ffda00ff"},{"name":"bone17","parent":"leg1","length":69.76,"rotation":11.36,"x":139.17,"y":-22.13},{"name":"leg2","parent":"hu","length":50.36,"rotation":-114.66,"x":-1.89,"y":-114.12,"color":"ffc600ff"},{"name":"leg3","parent":"hu","length":41.76,"rotation":-47.27,"x":99.43,"y":-103.07,"color":"ffeb00ff"},{"name":"bone18","parent":"leg3","length":55.39,"rotation":-109.29,"x":46.32,"y":-6.24},{"name":"hu3","parent":"hu","length":63.35,"rotation":-44.62,"x":168.58,"y":-40.26,"color":"ffc600ff"},{"name":"hu4","parent":"hu3","length":63.26,"rotation":-64.56,"x":118.57,"y":11.52,"color":"ffc600ff"},{"name":"weiba","parent":"hu","length":80.42,"rotation":67.05,"x":280.57,"y":-33.97,"color":"fdff00ff"},{"name":"bone19","parent":"weiba","length":125.03,"rotation":99.87,"x":105.02,"y":34.81}],"slots":[{"name":"h_tui1","bone":"bone18","attachment":"h_tui1"},{"name":"h_zui","bone":"zui","attachment":"h_zui"},{"name":"h_leg1","bone":"leg2","attachment":"h_leg1"},{"name":"h_body","bone":"bone15","attachment":"h_body"},{"name":"h_leg","bone":"bone17","attachment":"h_leg"},{"name":"h_tui","bone":"hu4","attachment":"h_tui"},{"name":"h_weiba","bone":"bone19","attachment":"h_weiba"},{"name":"h_head","bone":"bone16","attachment":"h_head"},{"name":"h_bizi","bone":"bizi","attachment":"h_bizi"}],"skins":[{"name":"default","attachments":{"h_bizi":{"h_bizi":{"x":22.05,"y":4.59,"rotation":100.2,"width":71,"height":79}},"h_body":{"h_body":{"type":"mesh","hull":15,"width":439,"height":259,"uvs":[0.18688,0.00511,0,0.24192,0,0.45791,0.03949,0.61665,0.07787,0.87428,0.16232,0.93153,0.45403,0.99399,0.61677,0.99919,0.78565,0.92893,0.99599,0.80922,0.99292,0.52817,0.93611,0.39285,0.75187,0.39285,0.72117,0.23671,0.46324,0],"triangles":[8,10,9,10,12,11,10,8,12,8,7,12,7,6,12,12,14,13,12,6,14,6,5,14,0,14,3,3,14,5,5,4,3,3,2,0,2,1,0],"vertices":[2,3,15.29,90.46,0.9997,4,-167.16,76.24,0.0003,1,3,-59.67,20.66,1,2,3,-53.65,-34.96,0.9981,4,-215.06,-58.63,0.0019,2,3,-31.99,-73.97,0.97284,4,-187.41,-93.65,0.02716,2,3,-8.05,-138.49,0.89291,4,-153.43,-153.49,0.10709,2,3,30.4,-149.25,0.82766,4,-113.75,-157.93,0.17234,3,3,159.45,-151.54,0.2374,4,14,-139.47,0.75051,5,-119.32,-142.36,0.01209,3,3,230.63,-145.19,0.03346,4,83.23,-121.77,0.81457,5,-49.41,-127.61,0.15197,2,4,149.86,-84.51,0.38094,5,18.74,-93.21,0.61906,2,4,230.63,-30.07,0.0024,5,101.74,-42.23,0.9976,1,5,84.06,28.39,1,1,5,51.88,56.93,1,3,3,272.69,17.32,0.00006,4,98.65,45.39,0.5826,5,-26.93,38.75,0.41734,3,3,254.93,56.08,0.01856,4,74.9,80.79,0.91386,5,-49.15,75.12,0.06759,2,3,135.76,104.84,0.65849,4,-50.56,109.78,0.34151],"edges":[0,2,2,4,4,6,6,8,8,10,10,12,12,14,14,16,16,18,18,20,20,22,22,24,24,26,26,28,0,28]}},"h_head":{"h_head":{"type":"mesh","hull":11,"width":155,"height":179,"uvs":[0.26965,0,0.20295,0.21633,0,0.51829,0,0.80449,0.38185,0.85175,0.61836,0.95941,0.73056,1,1,0.93315,1,0.44214,0.84578,0.19795,0.67598,0],"triangles":[4,3,2,1,10,9,10,1,0,4,1,9,4,2,1,4,9,8,5,4,8,7,5,8,6,5,7],"vertices":[2,6,151.81,-48.49,0.05221,7,89.17,-53.37,0.94779,2,6,133.46,-12.86,0.0137,7,71.45,-17.42,0.9863,1,7,59.53,43.97,1,2,6,86.05,86.27,0.01099,7,25.8,82.53,0.98901,2,6,36.52,52.78,0.48681,7,-24.32,49.92,0.51319,2,6,-3.58,42.43,0.95245,7,-64.6,40.28,0.04755,2,6,-21.34,36.14,0.99358,7,-82.47,34.3,0.00642,1,6,-44.24,-0.78,1,2,6,14.79,-65.89,0.92014,7,-48.14,-68.36,0.07986,2,6,61.86,-82.22,0.53834,7,-1.37,-85.51,0.46166,2,6,105.16,-90.79,0.25465,7,41.77,-94.84,0.74535],"edges":[0,2,2,4,4,6,6,8,8,10,10,12,12,14,14,16,16,18,18,20,0,20]}},"h_leg":{"h_leg":{"type":"mesh","hull":12,"width":250,"height":248,"uvs":[0.52171,0.00085,0.43636,0.16984,0.47294,0.40643,0.26872,0.5324,0,0.71676,0,0.92877,0.15413,1,0.34439,0.98594,0.48708,0.79851,1,0.68517,1,0.36698,0.85462,0],"triangles":[3,2,8,5,4,6,3,7,4,3,8,7,7,6,4,10,2,1,1,0,11,10,8,2,10,1,11,9,8,10],"vertices":[1,10,13.37,-108.02,1,1,10,56.16,-88.51,1,2,10,85.54,-36.9,0.8847,11,-55.49,-3.92,0.1153,2,10,144.94,-44.25,0.00148,11,1.3,-22.82,0.99852,1,11,79.55,-44.73,1,1,11,119.76,-10.84,1,1,11,108.43,30.01,1,2,10,200.17,55.55,0.02149,11,75.11,64.13,0.97851,2,10,143.32,41.38,0.37778,11,16.58,61.45,0.62222,1,10,25.48,99.23,1,1,10,-23.66,37.48,1,1,10,-51.88,-56.36,1],"edges":[0,2,2,4,4,6,6,8,8,10,10,12,12,14,14,16,16,18,18,20,20,22,0,22]}},"h_leg1":{"h_leg1":{"x":6.4,"y":-41.4,"rotation":113.01,"width":140,"height":160}},"h_tui":{"h_tui":{"type":"mesh","hull":10,"width":174,"height":199,"uvs":[0,0.44127,0.22299,0.68379,0.29233,0.77632,0.29233,0.9965,0.86894,0.98693,1,0.79866,0.99302,0.44446,0.77771,0.20514,0.40182,0,0.01133,0.01049],"triangles":[2,1,6,2,6,5,4,2,5,3,2,4,8,0,9,1,8,7,1,7,6,1,0,8],"vertices":[2,15,0.79,-65.22,0.99257,16,18.7,-139.33,0.00743,2,15,62.07,-74.09,0.69652,16,53.03,-87.8,0.30348,2,15,83.45,-79.34,0.4167,16,66.96,-70.75,0.5833,2,15,113.32,-111.4,0.15728,16,108.74,-57.55,0.84272,1,16,76.71,37.54,1,1,16,34.12,48.01,1,2,15,127.65,52.09,0.07469,16,-32.73,25.62,0.92531,2,15,67.78,61.4,0.73825,16,-66.86,-24.44,0.26175,1,15,-7.91,46.69,1,1,15,-56.2,-1.15,1],"edges":[0,2,2,4,4,6,6,8,8,10,10,12,12,14,14,16,16,18,0,18]}},"h_tui1":{"h_tui1":{"type":"mesh","hull":9,"width":128,"height":149,"uvs":[0.22232,0.002,0,0.53898,0.13798,0.70519,0.00403,0.81173,0.009,0.99499,0.59935,1,1,0.78616,1,0.5262,0.73329,0],"triangles":[7,5,2,4,3,2,4,2,5,2,1,0,2,0,8,8,7,2,6,5,7],"vertices":[1,13,-73.95,28.84,1,2,13,-36.68,-47.46,0.76646,14,66.32,-64.72,0.23354,2,13,-6.62,-52.16,0.34947,14,60.83,-34.8,0.65053,2,13,-7.27,-75.52,0.06181,14,83.09,-27.7,0.93819,2,13,12.69,-94.16,0.00017,14,94.1,-2.7,0.99983,1,14,25.98,30.03,1,2,13,79.18,18.26,0.5383,14,-33.97,22.92,0.4617,2,13,51.49,45.35,0.96721,14,-50.4,-12.16,0.03279,1,13,-28.42,75.79,1],"edges":[0,2,2,4,4,6,6,8,8,10,10,12,12,14,14,16,0,16]}},"h_weiba":{"h_weiba":{"type":"mesh","hull":14,"width":225,"height":200,"uvs":[0,0.37294,0.18796,0.39199,0.50405,0.34119,0.68467,0.45232,0.74112,0.64282,0.48712,0.60472,0.46172,0.78887,0.53792,1,0.90763,1,1,0.78569,0.99794,0.31579,0.75241,0,0.17385,0,0,0.13164],"triangles":[2,12,11,3,2,11,1,0,13,12,1,13,2,1,12,10,3,11,4,3,10,4,10,9,4,6,5,7,6,4,8,4,9,7,4,8],"vertices":[1,18,173.99,54.59,1,1,18,131.78,49.95,1,2,17,68.51,93.5,0.00298,18,64.08,25.91,0.99702,2,17,62.56,47.56,0.37249,18,19.85,39.64,0.62751,2,17,31.68,21.89,0.97685,18,-0.15,74.47,0.02315,1,17,18.02,77.9,1,1,17,-18.37,69.85,1,1,17,-51.49,38.54,1,1,17,-21.27,-38.96,1,1,17,26.21,-42.76,1,2,17,113.6,-8.19,0.64005,18,-43.83,-1.08,0.35995,1,18,22.83,-52.05,1,1,18,150.42,-26.26,1,1,18,183.55,7.29,1],"edges":[0,2,2,4,4,6,6,8,8,10,10,12,12,14,14,16,16,18,18,20,20,22,22,24,24,26,0,26]}},"h_zui":{"h_zui":{"x":19.32,"y":14.28,"rotation":97.25,"width":74,"height":80}}}}],"animations":{"animation":{"bones":{"bizi":{"rotate":[{},{"time":0.6667,"angle":-3.2},{"time":1.3333}]},"body1":{"scale":[{},{"time":0.6667,"x":1.02,"y":1.02},{"time":1.3333}]},"head":{"rotate":[{},{"time":0.6667,"angle":-6.41},{"time":1.3333}]},"hu3":{"rotate":[{},{"time":0.6667,"angle":0.82},{"time":1.3333}]},"leg1":{"rotate":[{},{"time":0.6667,"angle":-7.1},{"time":1.3333}]},"leg2":{"rotate":[{},{"time":0.6667,"angle":3.49},{"time":1.3333}]},"leg3":{"rotate":[{},{"time":0.6667,"angle":-4.66},{"time":1.3333}]},"zui":{"rotate":[{},{"time":0.6667,"angle":-3.52},{"time":1.3333}]},"bone18":{"rotate":[{},{"time":0.6667,"angle":-3.97},{"time":1.3333}]},"bone19":{"rotate":[{},{"time":0.6667,"angle":-10.64},{"time":1.3333}]},"bone17":{"rotate":[{},{"time":0.6667,"angle":-8.19},{"time":1.3333}]}},"deform":{"default":{"h_leg":{"h_leg":[{"time":1.4667}]}}}}}},[0]]],0,0,[0],[-1],[43]],[[[21,"huo","\r\nhuo.png\r\nsize: 1024,64\r\nformat: RGBA8888\r\nfilter: Linear,Linear\r\nrepeat: none\r\n1\r\n  rotate: false\r\n  xy: 2, 2\r\n  size: 102, 38\r\n  orig: 102, 38\r\n  offset: 0, 0\r\n  index: -1\r\n2\r\n  rotate: false\r\n  xy: 106, 2\r\n  size: 102, 38\r\n  orig: 102, 38\r\n  offset: 0, 0\r\n  index: -1\r\n3\r\n  rotate: false\r\n  xy: 210, 2\r\n  size: 102, 38\r\n  orig: 102, 38\r\n  offset: 0, 0\r\n  index: -1\r\n4\r\n  rotate: false\r\n  xy: 314, 2\r\n  size: 102, 38\r\n  orig: 102, 38\r\n  offset: 0, 0\r\n  index: -1\r\n5\r\n  rotate: false\r\n  xy: 418, 2\r\n  size: 102, 38\r\n  orig: 102, 38\r\n  offset: 0, 0\r\n  index: -1\r\n6\r\n  rotate: false\r\n  xy: 522, 2\r\n  size: 102, 38\r\n  orig: 102, 38\r\n  offset: 0, 0\r\n  index: -1\r\n",["huo.png"],{"skeleton":{"hash":"vNYh6553YKQt2ewwYWzupZIYc54","spine":"3.8.99","x":-51,"y":-5.02,"width":102,"height":38,"images":"E:/新版UI/龙虎/动画源文件/火/火","audio":""},"bones":[{"name":"root"}],"slots":[{"name":"huo","bone":"root","attachment":"6"}],"skins":[{"name":"default","attachments":{"huo":{"1":{"y":14.86,"width":102,"height":38},"2":{"y":14.86,"width":102,"height":38},"3":{"y":14.86,"width":102,"height":38},"4":{"y":14.86,"width":102,"height":38},"5":{"y":14.86,"width":102,"height":38},"6":{"y":13.98,"width":102,"height":38}}}}],"animations":{"animation":{"slots":{"huo":{"attachment":[{"name":"1"},{"time":0.1,"name":"2"},{"time":0.2,"name":"3"},{"time":0.3,"name":"4"},{"time":0.4,"name":"5"},{"time":0.5,"name":"6"}]}}}}},[0]]],0,0,[0],[-1],[44]],[[[18,"prefabs_dragonTiger_sendCard"],[38,"prefabs_dragonTiger_sendCard",4294967295,[-3,-4,-5,-6,-7,-8],[[16,-2,[0,"8ao0lOstlI3riEMTkg8A8U"]]],[2,"c46/YsCPVOJYA4mWEpNYRx",null,null,null,-1,0]],[39,"props_spr_cardBg_left",4294967295,1,[[4,-9,[0,"10aEupPDpBGYQacY+oiowc"],[5,93,124]],[17,0,-10,[0,"82KjJXSaVL1J146axTLnW3"],0,1],[15,-11,[0,"daj89LBKdImKsJHBsPz70e"],[2],3]],[2,"5cgze512tCrIY0tHtLbyvx",null,null,null,1,0],[1,-30,100,0],[3,0,0,-0.7071067811865475,0.7071067811865476],[1,0.5,0.5,1],[1,0,0,-90]],[40,"props_spr_cardBg_right",4294967295,1,[[4,-12,[0,"344oE9K95O4I4ncV9KwShs"],[5,93,124]],[10,-13,[0,"a2YPU6P9dPnYQf8Di9cU6C"],4,5],[15,-14,[0,"b3L3thv65N2J+05Mh/ALCr"],[6],7]],[2,"b03FB7io1Gn44etbfozcsd",null,null,null,1,0],[1,36,100,0],[1,0.3499999940395355,0.4000000059604645,1]],[23,"spr_poker_heng",4294967295,1,[[4,-15,[0,"5bwfV4Xp1JfIyZDcuT3OT5"],[5,63,45]],[10,-16,[0,"a8NL8k1yxLaaQyuqCqUIMw"],8,9]],[2,"c6Aq4VNDtCJoDmET7NyuXj",null,null,null,1,0],[1,-30,100,0]],[23,"Label_heng",4294967295,1,[[4,-17,[0,"02ZaEmPP1CEpWkjMKHLnjN"],[5,47.83,50.4]],[27,"112",30,30,-18,[0,"43onD3ZmtKorBY9dt6gXfy"],[4,4289767929]]],[2,"5fyuYEuedJ95Z99iYtr9JO",null,null,null,1,0],[1,-90,98,0]],[23,"spr_poker_shu",4294967295,1,[[4,-19,[0,"6cq1BObzNP5K8CgFqvqON1"],[5,38,58]],[17,0,-20,[0,"a78Szx4J5EHpF6QY3tPvYn"],10,11]],[2,"9f+b7/qBFDe5VsPKPAvgJh",null,null,null,1,0],[1,34,100,0]],[23,"Label_shu",4294967295,1,[[4,-21,[0,"438XWn+8VFc7k4H+ltGltw"],[5,50.05,50.4]],[27,"254",30,30,-22,[0,"8entXomd5Bt7GJknuMv15S"],[4,4289767929]]],[2,"fegx7jYXxBS4idI2wTKuHr",null,null,null,1,0],[1,90,98,0]]],0,[0,4,1,0,0,1,0,-1,2,0,-2,3,0,-3,4,0,-4,5,0,-5,6,0,-6,7,0,0,2,0,0,2,0,0,2,0,0,3,0,0,3,0,0,3,0,0,4,0,0,4,0,0,5,0,0,5,0,0,6,0,0,6,0,0,7,0,0,7,0,9,1,22],[0,0,0,0,0,0,0,0,0,0,0,0],[1,2,-1,8,1,2,-1,8,1,2,1,2],[7,1,6,6,7,1,5,5,45,0,46,0]],[[[18,"prefabs_dragonTiger_card"],[22,"prefabs_dragonTiger_card",[-6,-7,-8,-9,-10],[[16,-4,[0,"8ao0lOstlI3riEMTkg8A8U"]],[15,-5,[0,"cefPHbqH9BA6o236AgOEVm"],[21],22]],[31,"c46/YsCPVOJYA4mWEpNYRx",null,null,-3,0,[-1,-2]]],[28,"props_cards_left",1,[-13,-14],[[16,-11,[0,"1dznRsITpB45qma8mmr3Qo"]],[15,-12,[0,"ecLaqgbyJDz5TGRdF0dC5E"],[10],11]],[2,"7f1Q0f/1BHIpQNoVjiHTo+",null,null,null,1,0]],[24,"spr_cardBg_left",2,[-18],[[4,-15,[0,"835ZpbAlJMiYvzCI6bWQLS"],[5,93,124]],[10,-16,[0,"0aOMDVhWJADZsT8htL6qEZ"],6,7],[33,-17,[0,"13/VmPS/9K9pfZAHIIlc7s"]]],[2,"dfE/XlO1xICIkAepvsnO/E",null,null,null,1,0],[1,-122,254,0]],[28,"props_cards_right",1,[-21,-22],[[16,-19,[0,"98QZ0j74BFTbn/cZYPejvW"]],[15,-20,[0,"e4SQjXhMJM/LS3YTwJ2A8s"],[19],20]],[2,"bfNOdQckdOIqYEOhsq9wjU",null,null,null,1,0]],[24,"spr_cardBg_right",4,[-26],[[4,-23,[0,"84AahLvphExoOp+hFgqMJk"],[5,93,124]],[10,-24,[0,"d49ySRP4VE+o5Eu4BWSZy1"],13,14],[33,-25,[0,"28HHHI2qtIvYNRxIuSwiE4"]]],[2,"8dNpS9ABBDiaktK9Ngfwul",null,null,null,1,0],[1,118,254,0]],[24,"props_djs10_6",1,[-29],[[4,-27,[0,"10Auc9V8dGaItydiWX1hso"],[5,297,209]],[20,"default","animation",false,0,false,-28,[0,"6dpStJdPBF25tk8V/h7C2E"],2]],[2,"93N4LCEylJALB7w/89fS2U",null,null,null,1,0],[1,0,254,0]],[1,["c46/YsCPVOJYA4mWEpNYRx"]],[1,["c46/YsCPVOJYA4mWEpNYRx"]],[1,["b8AXsT695EyIOBNG4o30Fj"]],[13,"props_djs5_0",false,1,[[4,-30,[0,"60JRBkXsxCkZVtOcS27nBN"],[5,297,209]],[20,"default","animation",false,0,false,-31,[0,"d6P+Lbv3BJ258v9vNcuUfO"],0]],[2,"fbKxA4+2pBx6VoW/vD0rXZ",null,null,null,1,0],[1,0,254,0]],[8,"dragonTiger_CountDown",6,[[4,-32,[0,"c1ewM3pGRBFrmej4mZlfwl"],[5,0,35]],[48,"",35,35,35,false,-33,[0,"abjJoN3E9O0JXbl7dqV7ZB"],1]],[2,"83VFkNh1hDibCrbG+Y28H/",null,null,null,1,0],[1,-1,1,0]],[13,"dragonTiger_VS",false,1,[[4,-34,[0,"48MGwD8xpDWZTSqV+IGKqM"],[5,112,138]],[10,-35,[0,"821JGlsTlOLqKdPumfuLE/"],3,4]],[2,"0d6u86hoBB3pGG6RzzFeI2",null,null,null,1,0],[1,0,254,0]],[8,"huo",3,[[4,-36,[0,"55rNTn43FFlacva9KbLNf9"],[5,102,38]],[25,"default","animation",false,0,-37,[0,"6892RRYi5CbItQAlETm/kr"],5]],[2,"eaIGeTcCFEubDDeduu+Mx+",null,null,null,1,0],[1,0,-60,0]],[11,0,{},2,[12,"c46/YsCPVOJYA4mWEpNYRx",null,null,-43,[14,"dbQa4v139IW7FipuBpXCwH",1,[[6,"props_dragonTiger_pokerLeft",["_name"],7],[5,["_lpos"],7,[1,-122,254,0]],[5,["_lrot"],7,[3,0,0,0,1]],[5,["_euler"],7,[1,0,0,0]],[5,["_lscale"],-38,[1,0,0.5,1]],[6,true,["_active"],-39],[6,0,["_clips","length"],-40],[9,["_clips","0"],-41,9],[6,null,["_defaultClip"],-42]]],8]],[1,["b8AXsT695EyIOBNG4o30Fj"]],[8,"huo",5,[[4,-44,[0,"7cBpf8OB1K/b9conIOJmjw"],[5,102,38]],[25,"default","animation",false,0,-45,[0,"39Q1+e0PNNEJhfEdkEzT31"],12]],[2,"6fOYCbVApLcaeOBbD08iYO",null,null,null,1,0],[1,0,-60,0]],[11,0,{},4,[12,"c46/YsCPVOJYA4mWEpNYRx",null,null,-46,[14,"082NuI63BAp7L2Efz3UQqN",1,[[6,"props_dragonTiger_pokerRight",["_name"],8],[5,["_lpos"],8,[1,118,254,0]],[5,["_lrot"],8,[3,0,0,0,1]],[5,["_euler"],8,[1,0,0,0]],[7,["_lscale"],[1,["c46/YsCPVOJYA4mWEpNYRx"]],[1,0,0.5,1]],[6,1,["_clips","length"],9],[9,["_clips","1"],9,16],[9,["_defaultClip"],9,17],[9,["_clips","0"],9,18]]],15]],[1,["c46/YsCPVOJYA4mWEpNYRx"]]],0,[0,-1,17,0,-2,14,0,4,1,0,0,1,0,0,1,0,-1,10,0,-2,6,0,-3,12,0,-4,2,0,-5,4,0,0,2,0,0,2,0,-1,3,0,-2,14,0,0,3,0,0,3,0,0,3,0,-1,13,0,0,4,0,0,4,0,-1,5,0,-2,17,0,0,5,0,0,5,0,0,5,0,-1,16,0,0,6,0,0,6,0,-1,11,0,0,10,0,0,10,0,0,11,0,0,11,0,0,12,0,0,12,0,0,13,0,0,13,0,5,18,0,5,18,0,5,15,0,5,15,0,5,15,0,4,14,0,0,16,0,0,16,0,4,17,0,9,1,46],[0,0,0,0,0,0,0,0,0,0,0,0,0,0,0,0,0,0,0,0,0,0,0],[7,13,7,1,2,7,1,2,6,3,-1,8,7,1,2,6,3,3,3,-1,8,-1,8],[47,48,49,50,0,10,7,1,51,3,3,3,10,7,1,52,4,4,4,4,4,3,3]],[[[18,"props_dragonTiger_pokerLeft"],[29,"props_dragonTiger_pokerLeft",[-4,-5,-6,-7],[[16,-2,[0,"ecWowwDI5KKqM7Vj0kvwUk"]],[15,-3,[0,"b8AXsT695EyIOBNG4o30Fj"],[8],9]],[2,"c46/YsCPVOJYA4mWEpNYRx",null,null,null,-1,0],[1,-122,254,0],[1,0,0.5,1]],[26,"spr_poker_bg",1,[[4,-8,[0,"70tdXF8hVLfqVBtcPfcKIQ"],[5,199,272]],[10,-9,[0,"39b+oQlB9Cubz5k0SpO9Z6"],0,1]],[2,"b187XkPqRFh6uqUD4SAyiE",null,null,null,1,0]],[8,"spr_poker_num",1,[[4,-10,[0,"bb1bv/pbNDkqGFoIntjiHK"],[5,31,54]],[10,-11,[0,"3ckA/jxgRB2reLLtt69ty1"],2,3]],[2,"44Rd5YCptJkLTrGAJgmx/3",null,null,null,1,0],[1,-66,98,0]],[8,"spr_poker_flowerS",1,[[4,-12,[0,"5dWwmtgH5B9rsKzJcCTXwu"],[5,45,49]],[10,-13,[0,"13PoNKC6xNq6AleXPXgFJA"],4,5]],[2,"a1Sm68psdPPYBwG8ojMB13",null,null,null,1,0],[1,-66,38,0]],[8,"spr_poker_flower",1,[[4,-14,[0,"08qZatJONPQLnykEImGsXk"],[5,95,98]],[10,-15,[0,"f9Zn4IA8pIt5DKWxp4oqKD"],6,7]],[2,"34WcB+wJJMMoUpp1W2p1wR",null,null,null,1,0],[1,20,-4,0]]],0,[0,4,1,0,0,1,0,0,1,0,-1,2,0,-2,3,0,-3,4,0,-4,5,0,0,2,0,0,2,0,0,3,0,0,3,0,0,4,0,0,4,0,0,5,0,0,5,0,9,1,15],[0,0,0,0,0,0,0,0,0,0],[1,2,1,2,1,2,1,2,-1,8],[11,1,12,1,13,1,14,1,4,4]],[[[18,"props_dragonTiger_pokerRight"],[29,"props_dragonTiger_pokerRight",[-4,-5,-6,-7],[[16,-2,[0,"ecWowwDI5KKqM7Vj0kvwUk"]],[15,-3,[0,"b8AXsT695EyIOBNG4o30Fj"],[8],9]],[2,"c46/YsCPVOJYA4mWEpNYRx",null,null,null,-1,0],[1,118,254,0],[1,0,0.5,1]],[26,"spr_poker_bg",1,[[4,-8,[0,"70tdXF8hVLfqVBtcPfcKIQ"],[5,199,272]],[10,-9,[0,"39b+oQlB9Cubz5k0SpO9Z6"],0,1]],[2,"b187XkPqRFh6uqUD4SAyiE",null,null,null,1,0]],[8,"spr_poker_num",1,[[4,-10,[0,"bb1bv/pbNDkqGFoIntjiHK"],[5,31,54]],[10,-11,[0,"3ckA/jxgRB2reLLtt69ty1"],2,3]],[2,"44Rd5YCptJkLTrGAJgmx/3",null,null,null,1,0],[1,-66,98,0]],[8,"spr_poker_flowerS",1,[[4,-12,[0,"5dWwmtgH5B9rsKzJcCTXwu"],[5,45,49]],[10,-13,[0,"13PoNKC6xNq6AleXPXgFJA"],4,5]],[2,"a1Sm68psdPPYBwG8ojMB13",null,null,null,1,0],[1,-66,38,0]],[8,"spr_poker_flower",1,[[4,-14,[0,"08qZatJONPQLnykEImGsXk"],[5,95,98]],[10,-15,[0,"f9Zn4IA8pIt5DKWxp4oqKD"],6,7]],[2,"34WcB+wJJMMoUpp1W2p1wR",null,null,null,1,0],[1,20,-4,0]]],0,[0,4,1,0,0,1,0,0,1,0,-1,2,0,-2,3,0,-3,4,0,-4,5,0,0,2,0,0,2,0,0,3,0,0,3,0,0,4,0,0,4,0,0,5,0,0,5,0,9,1,15],[0,0,0,0,0,0,0,0,0,0],[1,2,1,2,1,2,1,2,-1,8],[11,1,12,1,13,1,14,1,15,15]],[[{"name":"img_dragonTiger_down","rect":{"x":0,"y":0,"width":1624,"height":98},"offset":{"x":0,"y":0},"originalSize":{"width":1624,"height":98},"rotated":false,"capInsets":[0,0,0,0],"vertices":{"rawPosition":[-812,-49,0,812,-49,0,-812,49,0,812,49,0],"indexes":[0,1,2,2,1,3],"uv":[0,98,1624,98,0,0,1624,0],"nuv":[0,0,1,0,0,1,1,1],"minPos":{"x":-812,"y":-49,"z":0},"maxPos":{"x":812,"y":49,"z":0}},"packable":true,"pixelsToUnit":100,"pivot":{"x":0.5,"y":0.5},"meshType":0}],[1],0,[0],[10],[53]],[[[21,"long","\r\nlong.png\r\nsize: 1024,512\r\nformat: RGBA8888\r\nfilter: Linear,Linear\r\nrepeat: none\r\nl_body\r\n  rotate: false\r\n  xy: 2, 112\r\n  size: 397, 398\r\n  orig: 397, 398\r\n  offset: 0, 0\r\n  index: -1\r\nl_hu1\r\n  rotate: true\r\n  xy: 514, 32\r\n  size: 128, 125\r\n  orig: 128, 125\r\n  offset: 0, 0\r\n  index: -1\r\nl_hu2\r\n  rotate: true\r\n  xy: 86, 50\r\n  size: 60, 120\r\n  orig: 60, 120\r\n  offset: 0, 0\r\n  index: -1\r\nl_tou\r\n  rotate: false\r\n  xy: 401, 162\r\n  size: 184, 348\r\n  orig: 184, 348\r\n  offset: 0, 0\r\n  index: -1\r\nl_zhua\r\n  rotate: true\r\n  xy: 401, 9\r\n  size: 151, 111\r\n  orig: 151, 111\r\n  offset: 0, 0\r\n  index: -1\r\nl_zhua_x\r\n  rotate: true\r\n  xy: 2, 2\r\n  size: 108, 82\r\n  orig: 108, 82\r\n  offset: 0, 0\r\n  index: -1\r\n",["long.png"],{"skeleton":{"hash":"V1YYifNcKhXbUNSUwmz74yIoTkc","spine":"3.8.99","x":-249.74,"y":-24.11,"width":550.78,"height":499.09,"images":"./long/","audio":"E:/新版UI/龙虎/动画源文件/vs"},"bones":[{"name":"root","x":-12,"y":7},{"name":"lan","parent":"root","length":170.8,"rotation":-178.07,"x":162.24,"y":92.54,"color":"00ccffff"},{"name":"long","parent":"lan","rotation":178.07,"x":92.85,"y":-15.28},{"name":"body","parent":"long","length":66.87,"rotation":-116.21,"x":22.15,"y":186.45},{"name":"bone2","parent":"body","length":104.64,"rotation":-93.97,"x":219.38,"y":30.84},{"name":"bone3","parent":"bone2","length":46.23,"rotation":-85.87,"x":128.19,"y":-25.81},{"name":"bone4","parent":"bone3","length":82.19,"rotation":91.5,"x":-129.26,"y":-52.92},{"name":"bone5","parent":"bone4","length":103.38,"rotation":-95.45,"x":129.6,"y":-26.04},{"name":"bone6","parent":"bone5","length":59.85,"rotation":12.96,"x":158.91,"y":-2.04},{"name":"bone7","parent":"bone6","length":59.1,"rotation":108.83,"x":69.19,"y":35.68},{"name":"bone8","parent":"bone7","length":62.42,"rotation":49.81,"x":48.43,"y":42.81},{"name":"zhua","parent":"long","length":49.96,"rotation":-101.73,"x":16.61,"y":18.46},{"name":"long3","parent":"zhua","length":47.8,"rotation":91.72,"x":43.84,"y":20.41},{"name":"zhua1","parent":"long","length":42.83,"rotation":-52.88,"x":-2.77,"y":-78.46},{"name":"tou","parent":"bone2","length":46.82,"rotation":-41.6,"x":-49.96,"y":-267.48},{"name":"bone10","parent":"tou","length":63.99,"rotation":-54.54,"x":68.91,"y":-49.94},{"name":"bone9","parent":"bone10","length":62.75,"rotation":27.03,"x":-20.21,"y":65.5},{"name":"bone11","parent":"tou","length":58.32,"rotation":-167.44,"x":-54.49,"y":1.93},{"name":"hu1","parent":"tou","length":28.72,"rotation":179.57,"x":-115.76,"y":-24.58},{"name":"long4","parent":"hu1","length":27.66,"rotation":108.87,"x":38.73,"y":9.25},{"name":"long5","parent":"long4","length":39.88,"rotation":63.78,"x":36.58,"y":14.58},{"name":"hu2","parent":"tou","length":48.3,"rotation":53.73,"x":-62.95,"y":35.18},{"name":"bone12","parent":"hu2","length":46.15,"rotation":-8.52,"x":63.8,"y":-0.92},{"name":"bone13","parent":"bone12","length":41.49,"rotation":-84.57,"x":56.77,"y":-9.69},{"name":"ld","parent":"long","length":80.37,"rotation":-174.67,"x":-25.82,"y":-47.58},{"name":"ld2","parent":"long","length":39.18,"rotation":111.63,"x":26.09,"y":118.63}],"slots":[{"name":"l_hu2","bone":"bone13","attachment":"l_hu2"},{"name":"l_zhua_x","bone":"zhua1","attachment":"l_zhua_x"},{"name":"l_body","bone":"bone8","attachment":"l_body"},{"name":"l_tou","bone":"bone11","attachment":"l_tou"},{"name":"l_zhua","bone":"long3","attachment":"l_zhua"},{"name":"l_hu1","bone":"long4","attachment":"l_hu1"}],"skins":[{"name":"default","attachments":{"l_body":{"l_body":{"type":"mesh","hull":36,"width":397,"height":398,"uvs":[0.81398,0,0.6808,0.00044,0.59023,0.1262,0.56004,0.2378,0.5707,0.36534,0.65416,0.48756,0.58313,0.46453,0.52453,0.33522,0.49256,0.30688,0.42863,0.32637,0.36648,0.37419,0.39489,0.28563,0.43573,0.22363,0.39312,0.05181,0.27414,0.00752,0.21153,0.01821,0.07702,0.04118,0.06992,0.18112,0,0.24488,0,0.42025,0.15338,0.38659,0.22796,0.33345,0.07169,0.51767,0.03262,0.61687,0.0273,0.76743,0.05749,0.90029,0.20843,0.99771,0.64883,0.99771,0.79978,0.87017,0.91165,0.82943,1,0.62218,1,0.42379,1,0.31771,1,0.21123,0.97026,0.14037,1,0,0.77725,0.13318,0.79125,0.22384,0.79187,0.3408,0.81977,0.45702,0.76738,0.66919,0.71284,0.7074,0.32545,0.8312,0.15262,0.78519,0.0878,0.70754,0.12297,0.5512,0.20098,0.42485,0.31455,0.28768,0.32411,0.14817,0.18073,0.14815,0.13038,0.11156,0.63259,0.51947,0.62707,0.5468,0.49001,0.59704,0.39716,0.48932,0.38326,0.41507],"triangles":[49,20,19,19,18,17,17,49,19,49,17,50,49,48,20,17,16,50,49,14,48,48,14,13,49,15,14,49,50,15,50,16,15,48,13,12,20,48,21,12,47,48,47,46,21,11,46,47,11,47,12,24,23,44,55,45,10,55,44,45,44,23,45,23,22,45,45,46,10,45,22,46,46,22,21,46,11,10,47,21,48,26,42,27,25,43,26,26,43,42,25,24,43,24,44,43,42,43,54,54,43,44,53,42,54,54,44,55,53,54,6,7,54,55,7,55,8,54,7,6,55,9,8,55,10,9,27,41,28,27,42,41,41,40,28,28,40,29,41,53,52,41,42,53,29,40,30,41,52,40,5,40,51,40,52,51,40,39,30,40,5,39,39,31,30,53,6,52,52,6,51,51,6,5,39,5,38,38,5,4,39,38,31,38,32,31,38,4,3,3,37,38,38,37,32,37,33,32,37,2,36,37,3,2,37,34,33,37,36,34,36,0,34,34,0,35,2,1,36,36,1,0],"vertices":[1,4,88.51,-278.57,1,1,4,134.12,-251.83,1,2,4,140.04,-190.49,0.99922,5,165.1,-0.05,0.00078,2,4,128.07,-146.07,0.99522,5,119.94,-8.79,0.00478,2,4,98.89,-104.32,0.98246,5,76.19,-34.88,0.01754,2,4,45.79,-78.92,0.88531,5,47.04,-86.02,0.11469,2,4,74.77,-72.67,0.49602,5,42.89,-56.66,0.50398,2,4,120.76,-105.46,0.01076,5,78.91,-13.15,0.98924,2,5,83.47,3.2,0.9995,8,21.73,-65.36,0.0005,3,5,65.35,22.6,0.95329,7,175.35,-42.76,0.00763,8,6.88,-43.36,0.03908,1,7,146.53,-30.91,1,1,7,182.69,-23.05,1,1,7,212.17,-24.76,1,2,8,107.23,2.14,0.41931,9,-44.03,-25.18,0.58069,2,8,110.24,52.46,0.00474,9,2.63,-44.27,0.99526,1,9,27.61,-40.8,1,1,9,81.27,-33.33,1,2,9,85.83,22.25,0.42526,10,8.42,-41.83,0.57474,2,9,114.36,46.75,0.05434,10,45.55,-47.82,0.94566,1,10,100.25,-4.47,1,3,7,99.95,39.89,0.02467,8,-48.05,54.09,0.04346,10,51.94,34.93,0.93187,1,7,133.08,24.83,1,1,7,38.56,41.9,1,2,6,165.35,-26.04,0.00014,7,-3.39,35.59,0.99986,2,6,142.38,29.34,0.52454,7,-56.34,7.46,0.47546,2,6,109.51,72.46,0.92349,7,-96.14,-29.36,0.07651,1,6,38.89,82.83,1,2,4,-54.46,97.65,0.57952,6,-120.15,10.18,0.42048,2,4,-80.74,23.64,0.93394,6,-153.56,-60.89,0.06606,2,4,-110.98,-12.7,0.99559,6,-187.22,-94.09,0.00441,1,4,-99.83,-101.64,1,1,4,-60.13,-169.89,1,1,4,-38.91,-206.39,1,1,4,-17.6,-243.02,1,1,4,6.79,-261.46,1,1,4,24.67,-315.69,1,2,4,74.46,-225.42,0.99986,5,195.22,-67.97,0.00014,2,4,51.52,-197.02,0.99867,5,165.24,-88.81,0.00133,2,4,27.9,-156.9,0.99327,5,123.53,-109.48,0.00673,2,4,-4.93,-122.49,0.98949,5,86.84,-139.74,0.01051,2,4,-29.41,-39.04,0.99726,5,1.84,-158.15,0.00274,3,4,-18.34,-15,0.99708,5,-21.33,-145.38,0.00088,6,-95.25,-105.47,0.00204,1,6,24.17,3.25,1,2,6,94.19,15.1,0.89067,7,-37.58,-39.16,0.10933,2,6,130.43,-2.32,0.27288,7,-23.69,-1.43,0.72712,1,7,37.18,17.59,1,3,7,96.22,15.92,0.98745,8,-57.07,31.56,0.00284,10,52.13,59.2,0.00971,1,7,166.04,4.16,1,3,8,62.54,17.09,0.52402,9,-15.45,12.3,0.4671,10,-64.53,29.12,0.00887,3,8,45.87,71.52,0.01006,9,41.44,10.51,0.83353,10,-29.19,-15.5,0.15641,1,9,60.97,-4.67,1,2,4,46.81,-63.64,0.82735,5,31.87,-83.9,0.17265,2,4,43.23,-53.14,0.85625,5,21.14,-86.71,0.14375,2,4,80.22,-8.5,0.95135,5,-20.72,-46.61,0.04865,4,5,1.6,5.34,0.95521,6,54.81,-132.35,0.00011,7,112.93,-64.36,0.03774,8,-58.79,-50.42,0.00694,3,5,25.73,23.27,0.7384,7,135.77,-44.81,0.11767,8,-32.15,-36.49,0.14394],"edges":[0,2,2,4,4,6,6,8,8,10,10,12,12,14,14,16,16,18,18,20,20,22,22,24,24,26,26,28,32,34,34,36,36,38,38,40,40,42,42,44,44,46,46,48,48,50,50,52,52,54,54,56,56,58,58,60,60,62,66,68,68,70,0,70,62,64,64,66,28,30,30,32,4,72,72,68,0,72,6,74,74,66,72,74,8,76,76,64,74,76,10,78,78,62,76,78,80,58,78,80,82,56,80,82,84,52,82,84,86,50,84,86,88,48,86,88,20,90,90,46,88,90,22,92,92,44,90,92,24,94,94,42,92,94,26,96,96,40,94,96,28,98,98,38,96,98,30,100,100,34,98,100,100,32,12,102,102,80,10,102,12,104,104,82,102,104,12,106,106,84,104,106,14,108,108,86,106,108,16,110,110,88,108,110,110,20]}},"l_hu1":{"l_hu1":{"type":"mesh","hull":20,"width":128,"height":125,"uvs":[0.26929,0.00111,0.26929,0.11357,0.12388,0.29732,0.10532,0.41453,0.17338,0.54759,0.39768,0.67114,0.69932,0.76618,0.90815,0.80895,1,0.88023,1,1,0.92053,0.99903,0.79678,0.90399,0.50751,0.83429,0.27703,0.72658,0.10842,0.62521,0.00168,0.46839,0.00013,0.29573,0.05273,0.21812,0.15173,0.13575,0.20278,0],"triangles":[19,0,1,18,19,1,2,17,18,16,17,2,2,18,1,3,16,2,15,16,3,4,15,3,14,15,4,13,4,5,14,4,13,13,5,12,12,5,6,11,6,7,12,6,11,10,7,8,11,7,10,10,8,9],"vertices":[1,23,62.75,-6.57,1,1,23,49.64,-11.64,1,1,23,21.51,-2.56,1,2,22,51.82,-17.18,0.05519,23,6.98,-5.63,0.94481,2,22,36.59,-6.2,0.97355,23,-5.39,-19.75,0.02645,2,21,66.99,-6.68,0.00372,22,4.01,-5.22,0.99628,1,21,26.6,-7.35,1,1,21,-0.48,-10.54,1,1,21,-14.41,-5.71,1,1,21,-19.05,8.52,1,1,21,-9.34,11.56,1,1,21,9.4,5.17,1,2,21,47.3,8.36,0.96645,22,-17.69,6.73,0.03355,1,22,14.72,7.88,1,1,22,39.69,6.2,1,2,22,60.68,-5.22,0.02923,23,-4.08,4.32,0.97077,1,23,15.98,12.28,1,1,23,27.46,9.5,1,1,23,41.63,1.4,1,1,23,59.81,1.42,1],"edges":[0,2,2,4,4,6,6,8,8,10,10,12,12,14,14,16,16,18,18,20,20,22,22,24,24,26,26,28,28,30,30,32,32,34,34,36,36,38,0,38]}},"l_hu2":{"l_hu2":{"type":"mesh","hull":21,"width":60,"height":120,"uvs":[0.65096,0.0005,0.50789,0.0449,0.58682,0.0893,0.56709,0.29897,0.55229,0.4667,0.60656,0.54317,0.60162,0.72323,0.52269,0.80463,0.24149,0.64677,0.04416,0.6517,0.00962,0.72817,0.12802,0.8515,0.21682,0.93783,0.51776,0.99703,0.79402,0.9477,0.92722,0.77257,0.91736,0.50863,0.82856,0.35817,0.97656,0.19537,0.99629,0.08437,0.93216,0],"triangles":[2,1,0,19,0,20,19,2,0,18,2,19,3,2,18,17,3,18,4,3,17,4,17,16,5,4,16,6,5,16,15,6,16,15,7,6,14,7,15,13,12,7,13,7,14,8,10,9,11,8,7,11,10,8,12,11,7],"vertices":[1,20,71.21,-4.96,1,1,20,67.52,4.44,1,1,20,61.42,0.75,1,1,20,36.89,6.47,1,1,20,17.26,10.99,1,2,19,31.48,25.62,0.00633,20,7.65,9.45,0.99367,2,19,18.34,8.46,0.8671,20,-13.55,13.66,0.1329,3,18,32.65,16.38,0.06519,19,8.71,3.45,0.93473,20,-22.3,20.09,0.00007,2,18,9.45,6.1,0.99947,19,6.48,28.73,0.00053,1,18,6.4,-5.36,1,1,18,14.51,-10.13,1,2,18,30.77,-7.89,0.95724,19,-13.64,13.08,0.04276,2,18,42.26,-5.98,0.48241,19,-15.56,1.59,0.51759,2,18,54.54,9.04,0.00096,19,-5.31,-14.89,0.99904,1,19,11.52,-20.04,1,1,19,30.48,-7.95,1,1,20,8.34,-9.64,1,1,20,27.07,-7.67,1,1,20,44.67,-19.94,1,1,20,57.56,-23.52,1,1,20,68.21,-21.57,1],"edges":[0,2,2,4,4,6,6,8,8,10,10,12,12,14,14,16,16,18,18,20,20,22,22,24,24,26,26,28,28,30,30,32,32,34,34,36,36,38,38,40,0,40]}},"l_tou":{"l_tou":{"type":"mesh","hull":19,"width":184,"height":348,"uvs":[0.37968,0,0.11658,0.10387,0.08579,0.24594,0.069,0.40133,0,0.4768,0,0.68547,0.46644,0.81866,0.78552,0.99772,0.94785,1,1,0.87489,1,0.69139,0.92826,0.38357,1,0.09647,0.8303,0.06688,0.68476,0.15419,0.60639,0.29774,0.54761,0.25482,0.50563,0.17491,0.5644,0],"triangles":[8,7,9,7,6,9,6,10,9,6,11,10,16,3,2,2,17,16,2,1,17,1,0,17,17,0,18,6,15,11,15,14,11,11,14,12,14,13,12,15,6,4,15,4,3,3,16,15,6,5,4],"vertices":[1,16,76.18,15.06,1,2,14,165.86,39.97,0.00143,16,32.69,56.99,0.99857,4,14,120.67,60.8,0.17418,15,-30.22,118.45,0,16,-17.02,54.6,0.82577,17,-183.77,-19.39,0.00005,3,14,70.27,80.64,0.66671,16,-70.88,48.92,0.29969,17,-138.89,-49.71,0.0336,3,14,49.29,100.91,0.76583,16,-98.85,57.21,0.13905,17,-122.82,-74.05,0.09511,3,14,-19.68,123.61,0.66583,16,-170.52,45.48,0.01257,17,-60.43,-111.21,0.3216,1,17,23.31,-61.18,1,2,15,-227.78,-96.01,0,17,106.89,-42.62,1,2,15,-217.75,-124.15,0,17,122.85,-17.36,1,2,15,-173.68,-117.4,0,17,90.36,13.16,1,1,17,35.49,45.83,1,3,14,26.71,-71.47,0.33449,15,-18.97,-43.4,0.64369,17,-63.3,89.3,0.02182,1,15,78.97,-19.67,1,1,15,77.31,13.16,1,1,15,39.31,27.18,1,3,14,73.6,-24.55,0.34243,15,-12.48,22.61,0.48572,16,-19.34,-42.84,0.17185,3,14,91.17,-18.95,0.24148,15,-2.45,38.08,0.12378,16,-6.35,-29.76,0.63474,3,14,120,-20.3,0.00893,15,20.7,55.32,0.00594,16,19.85,-17.64,0.98513,2,15,81.37,67.19,0,16,81.67,-18.49,1],"edges":[0,2,2,4,4,6,6,8,8,10,10,12,12,14,14,16,16,18,18,20,20,22,22,24,24,26,26,28,28,30,30,32,32,34,34,36,0,36]}},"l_zhua":{"l_zhua":{"type":"mesh","hull":14,"width":151,"height":111,"uvs":[0.19057,0.01308,0,0.45387,0,1,0.34522,0.99485,0.58087,0.93474,0.78339,0.99986,0.99327,1,1,0.82955,0.86808,0.64923,0.87544,0.38876,0.99695,0.20342,0.81285,0,0.59928,0.12829,0.49987,0],"triangles":[6,5,7,5,8,7,5,4,8,4,3,12,4,12,8,8,12,9,12,11,9,9,11,10,2,1,3,3,1,12,0,12,1,13,12,0],"vertices":[1,11,-15.55,-30.31,1,1,11,38.2,-48.54,1,1,11,97.56,-36.22,1,2,11,86.41,14.7,0.58346,12,-6.98,-42.38,0.41654,2,11,72.64,48.19,0.02809,12,26.9,-29.62,0.97191,1,12,58.27,-31.42,1,1,12,89.49,-25.93,1,1,12,87.2,-7.12,1,2,11,32.8,84.21,0.01042,12,64.1,9.13,0.98958,2,11,4.26,79.43,0.13421,12,60.17,37.79,0.86579,2,11,-19.61,93.21,0.1796,12,74.67,61.24,0.8204,2,11,-36.07,61.4,0.24925,12,43.37,78.64,0.75075,2,11,-15.57,32.72,0.57606,12,14.09,59.02,0.42394,2,11,-26.46,15.13,0.89532,12,-3.17,70.43,0.10468],"edges":[0,2,2,4,4,6,6,8,8,10,10,12,12,14,14,16,16,18,18,20,20,22,22,24,24,26,0,26]}},"l_zhua_x":{"l_zhua_x":{"x":15.04,"y":-3.74,"rotation":52.88,"width":108,"height":82}}}}],"animations":{"animation":{"bones":{"bone2":{"rotate":[{},{"time":0.6667,"angle":-2.11},{"time":1.3333}]},"bone8":{"rotate":[{},{"time":0.6667,"angle":-25.97},{"time":1.3333}]},"long4":{"rotate":[{},{"time":0.6667,"angle":6.63},{"time":1.3333}]},"bone13":{"rotate":[{},{"time":0.6667,"angle":-0.88},{"time":1.3333}]},"long3":{"rotate":[{},{"time":0.6667,"angle":-21.55},{"time":1.3333}]},"zhua1":{"rotate":[{},{"time":0.6667,"angle":-6.75},{"time":1.3333}]},"bone12":{"rotate":[{},{"time":0.6667,"angle":-24.18},{"time":1.3333}]},"long5":{"rotate":[{},{"time":0.6667,"angle":3.25},{"time":1.3333}]},"bone10":{"rotate":[{},{"time":0.6667,"angle":-4.89},{"time":1.3333}]},"tou":{"rotate":[{},{"time":0.6667,"angle":-3.71},{"time":1.3333}]},"bone5":{"rotate":[{},{"time":0.6667,"angle":-11.23},{"time":1.3333}]},"bone4":{"rotate":[{},{"time":1.3333}]},"bone3":{"rotate":[{},{"time":1.3333}]},"body":{"rotate":[{},{"time":1.3333}],"shear":[{"time":1.4667}]},"bone9":{"rotate":[{},{"time":0.6667,"angle":-1.9}]},"root":{"rotate":[{"angle":-18.17}]}},"deform":{"default":{"l_body":{"l_body":[{},{"time":1.3333}]}}}}}},[0]]],0,0,[0],[-1],[54]],[[[18,"prefabs_dragonTiger_history"],[22,"prefabs_dragonTiger_history",[-3,-4],[[16,-2,[0,"8ao0lOstlI3riEMTkg8A8U"]]],[2,"c46/YsCPVOJYA4mWEpNYRx",null,null,null,-1,0]],[24,"props_layout_history",1,[-7,-8,-9],[[4,-5,[0,"5bmn0aeBFM4JIQ8NbQuU1E"],[5,720,50]],[51,-6,[0,"27UAsSNq1DXp5gcP25SjTl"]]],[2,"5ebJeVtgVNlJPD/BBSUPgx",null,null,null,1,0],[1,-46,156,0]],[8,"props_btn_history",1,[[4,-10,[0,"13tErqBqBOH5eMl3EpO5sV"],[5,92,50]],[32,1,0,-11,[0,"a16f4asp5NBIa3F7JOuIZ0"],6,7],[34,3,0.9,-13,[0,"a8cpvisIlJRavgk6aC6c9k"],[4,4292269782],-12,8]],[2,"35h/dkO7RIF6Oi+u7kiUBA",null,null,null,1,0],[1,360,152,0]],[13,"spr_history_icon1",false,2,[[4,-14,[0,"9b+A3WoNVKz4h/09xFIZhy"],[5,45,45]],[10,-15,[0,"9fjWvyajNIEacGPJnZg08S"],0,1]],[2,"69J2LEbDtAXqHPGDyM61iK",null,null,null,1,0],[1,-337.5,-2,0]],[13,"spr_history_icon2",false,2,[[4,-16,[0,"12nu5GB5FKaYYT2ndrk1tq"],[5,45,44]],[10,-17,[0,"1emPP3FIFDUJZmMHwX558I"],2,3]],[2,"579PAHxfNItbqjwv6WroOC",null,null,null,1,0],[1,-292.5,-2,0]],[13,"props_spr_history_new",false,2,[[4,-18,[0,"05QPrtUo9AH5d5iQn3eQn0"],[5,44,20]],[10,-19,[0,"5276LpHVJPgbbeXNiREvA4"],4,5]],[2,"93VzWI1HFKO7rXE0UVr8iR",null,null,null,1,0],[1,-270,12,0]]],0,[0,4,1,0,0,1,0,-1,2,0,-2,3,0,0,2,0,0,2,0,-1,4,0,-2,5,0,-3,6,0,0,3,0,0,3,0,11,3,0,0,3,0,0,4,0,0,4,0,0,5,0,0,5,0,0,6,0,0,6,0,9,1,19],[0,0,0,0,0,0,0,0,0],[1,2,1,2,1,2,1,2,12],[55,0,56,0,57,0,16,0,16]],[[[18,"prefabs_dragonTiger_dragonTiger"],[22,"prefabs_dragonTiger_dragonTiger",[-3,-4],[[16,-2,[0,"8ao0lOstlI3riEMTkg8A8U"]]],[2,"c46/YsCPVOJYA4mWEpNYRx",null,null,null,-1,0]],[30,"long",1,[[4,-5,[0,"8bvZIvrWJFa7EUlR17Yky7"],[5,550.78,499.09]],[25,"default","animation",false,0,-6,[0,"11yITeeZVCZawxqDQE0wow"],0]],[2,"89geaRJmJO/6tkiwnfAexI",null,null,null,1,0],[1,-384,172,0],[1,0.6,0.6,1]],[30,"VS",1,[[4,-7,[0,"9fD/l/mAJLrqt3+WD5GU+D"],[5,601.54,359]],[25,"default","animation",false,0,-8,[0,"43u4AWgnFPfJ3Cck0sgke0"],1]],[2,"c8S5rVU+FBlISNJZDw+EOM",null,null,null,1,0],[1,350,190,0],[1,0.6,0.6,1]]],0,[0,4,1,0,0,1,0,-1,2,0,-2,3,0,0,2,0,0,2,0,0,3,0,0,3,0,9,1,8],[0,0],[7,7],[58,59]],[[{"name":"img_dragonTiger_gameBg","rect":{"x":0,"y":0,"width":1119,"height":639},"offset":{"x":0,"y":0},"originalSize":{"width":1119,"height":639},"rotated":false,"capInsets":[0,0,0,0],"vertices":{"rawPosition":[-559.5,-319.5,0,559.5,-319.5,0,-559.5,319.5,0,559.5,319.5,0],"indexes":[0,1,2,2,1,3],"uv":[0,639,1119,639,0,0,1119,0],"nuv":[0,0,1,0,0,1,1,1],"minPos":{"x":-559.5,"y":-319.5,"z":0},"maxPos":{"x":559.5,"y":319.5,"z":0}},"packable":true,"pixelsToUnit":100,"pivot":{"x":0.5,"y":0.5},"meshType":0}],[1],0,[0],[10],[60]],[[[21,"djs5_5","\r\ndjs5_5.png\r\nsize: 2048,2048\r\nformat: RGBA8888\r\nfilter: Linear,Linear\r\nrepeat: none\r\n1_0001_skeleton-1-24\r\n  rotate: false\r\n  xy: 2, 1682\r\n  size: 297, 208\r\n  orig: 297, 208\r\n  offset: 0, 0\r\n  index: -1\r\n1_0000_skeleton-1-25\r\n  rotate: false\r\n  xy: 2, 1682\r\n  size: 297, 208\r\n  orig: 297, 208\r\n  offset: 0, 0\r\n  index: -1\r\n1_0002_skeleton-1-23\r\n  rotate: false\r\n  xy: 301, 1682\r\n  size: 297, 208\r\n  orig: 297, 208\r\n  offset: 0, 0\r\n  index: -1\r\n1_0003_skeleton-1-22\r\n  rotate: false\r\n  xy: 600, 1682\r\n  size: 297, 208\r\n  orig: 297, 208\r\n  offset: 0, 0\r\n  index: -1\r\n1_0004_skeleton-1-21\r\n  rotate: false\r\n  xy: 899, 1682\r\n  size: 297, 208\r\n  orig: 297, 208\r\n  offset: 0, 0\r\n  index: -1\r\n1_0005_skeleton-1-20\r\n  rotate: false\r\n  xy: 899, 1682\r\n  size: 297, 208\r\n  orig: 297, 208\r\n  offset: 0, 0\r\n  index: -1\r\n1_0006_skeleton-1-19\r\n  rotate: false\r\n  xy: 1198, 1682\r\n  size: 297, 208\r\n  orig: 297, 208\r\n  offset: 0, 0\r\n  index: -1\r\n1_0007_skeleton-1-18\r\n  rotate: false\r\n  xy: 1497, 1682\r\n  size: 297, 208\r\n  orig: 297, 208\r\n  offset: 0, 0\r\n  index: -1\r\n1_0008_skeleton-1-17\r\n  rotate: true\r\n  xy: 1796, 1593\r\n  size: 297, 208\r\n  orig: 297, 208\r\n  offset: 0, 0\r\n  index: -1\r\n1_0009_skeleton-1-16\r\n  rotate: true\r\n  xy: 1796, 1593\r\n  size: 297, 208\r\n  orig: 297, 208\r\n  offset: 0, 0\r\n  index: -1\r\n1_0010_skeleton-1-15\r\n  rotate: false\r\n  xy: 2, 1472\r\n  size: 297, 208\r\n  orig: 297, 208\r\n  offset: 0, 0\r\n  index: -1\r\n1_0011_skeleton-1-14\r\n  rotate: false\r\n  xy: 2, 1472\r\n  size: 297, 208\r\n  orig: 297, 208\r\n  offset: 0, 0\r\n  index: -1\r\n1_0012_skeleton-1-13\r\n  rotate: false\r\n  xy: 301, 1472\r\n  size: 297, 208\r\n  orig: 297, 208\r\n  offset: 0, 0\r\n  index: -1\r\n1_0013_skeleton-1-12\r\n  rotate: false\r\n  xy: 600, 1472\r\n  size: 297, 208\r\n  orig: 297, 208\r\n  offset: 0, 0\r\n  index: -1\r\n1_0014_skeleton-1-11\r\n  rotate: false\r\n  xy: 899, 1472\r\n  size: 297, 208\r\n  orig: 297, 208\r\n  offset: 0, 0\r\n  index: -1\r\n1_0015_skeleton-1-10\r\n  rotate: false\r\n  xy: 1198, 1472\r\n  size: 297, 208\r\n  orig: 297, 208\r\n  offset: 0, 0\r\n  index: -1\r\n1_0016_skeleton-1-09\r\n  rotate: false\r\n  xy: 1497, 1472\r\n  size: 297, 208\r\n  orig: 297, 208\r\n  offset: 0, 0\r\n  index: -1\r\n1_0017_skeleton-1-08\r\n  rotate: true\r\n  xy: 1796, 1294\r\n  size: 297, 208\r\n  orig: 297, 208\r\n  offset: 0, 0\r\n  index: -1\r\n1_0018_skeleton-1-07\r\n  rotate: false\r\n  xy: 2, 1262\r\n  size: 297, 208\r\n  orig: 297, 208\r\n  offset: 0, 0\r\n  index: -1\r\n1_0019_skeleton-1-06\r\n  rotate: false\r\n  xy: 301, 1262\r\n  size: 297, 208\r\n  orig: 297, 208\r\n  offset: 0, 0\r\n  index: -1\r\n1_0020_skeleton-1-05\r\n  rotate: false\r\n  xy: 600, 1262\r\n  size: 297, 208\r\n  orig: 297, 208\r\n  offset: 0, 0\r\n  index: -1\r\n1_0021_skeleton-1-04\r\n  rotate: false\r\n  xy: 899, 1262\r\n  size: 297, 208\r\n  orig: 297, 208\r\n  offset: 0, 0\r\n  index: -1\r\n1_0022_skeleton-1-03\r\n  rotate: false\r\n  xy: 1198, 1262\r\n  size: 297, 208\r\n  orig: 297, 208\r\n  offset: 0, 0\r\n  index: -1\r\n1_0023_skeleton-1-02\r\n  rotate: false\r\n  xy: 1497, 1262\r\n  size: 297, 208\r\n  orig: 297, 208\r\n  offset: 0, 0\r\n  index: -1\r\n1_0024_skeleton-1-01\r\n  rotate: false\r\n  xy: 2, 1052\r\n  size: 297, 208\r\n  orig: 297, 208\r\n  offset: 0, 0\r\n  index: -1\r\n1_0025_skeleton-1-00\r\n  rotate: false\r\n  xy: 301, 1052\r\n  size: 297, 208\r\n  orig: 297, 208\r\n  offset: 0, 0\r\n  index: -1\r\n2_0001_skeleton-2-24\r\n  rotate: false\r\n  xy: 600, 1052\r\n  size: 297, 208\r\n  orig: 297, 208\r\n  offset: 0, 0\r\n  index: -1\r\n2_0000_skeleton-2-25\r\n  rotate: false\r\n  xy: 600, 1052\r\n  size: 297, 208\r\n  orig: 297, 208\r\n  offset: 0, 0\r\n  index: -1\r\n2_0002_skeleton-2-23\r\n  rotate: false\r\n  xy: 899, 1052\r\n  size: 297, 208\r\n  orig: 297, 208\r\n  offset: 0, 0\r\n  index: -1\r\n2_0003_skeleton-2-22\r\n  rotate: false\r\n  xy: 1198, 1052\r\n  size: 297, 208\r\n  orig: 297, 208\r\n  offset: 0, 0\r\n  index: -1\r\n2_0004_skeleton-2-21\r\n  rotate: false\r\n  xy: 1497, 1052\r\n  size: 297, 208\r\n  orig: 297, 208\r\n  offset: 0, 0\r\n  index: -1\r\n2_0005_skeleton-2-20\r\n  rotate: false\r\n  xy: 1497, 1052\r\n  size: 297, 208\r\n  orig: 297, 208\r\n  offset: 0, 0\r\n  index: -1\r\n2_0006_skeleton-2-19\r\n  rotate: true\r\n  xy: 1796, 995\r\n  size: 297, 208\r\n  orig: 297, 208\r\n  offset: 0, 0\r\n  index: -1\r\n2_0007_skeleton-2-18\r\n  rotate: false\r\n  xy: 2, 842\r\n  size: 297, 208\r\n  orig: 297, 208\r\n  offset: 0, 0\r\n  index: -1\r\n2_0008_skeleton-2-17\r\n  rotate: false\r\n  xy: 301, 842\r\n  size: 297, 208\r\n  orig: 297, 208\r\n  offset: 0, 0\r\n  index: -1\r\n2_0009_skeleton-2-16\r\n  rotate: false\r\n  xy: 301, 842\r\n  size: 297, 208\r\n  orig: 297, 208\r\n  offset: 0, 0\r\n  index: -1\r\n2_0010_skeleton-2-15\r\n  rotate: false\r\n  xy: 600, 842\r\n  size: 297, 208\r\n  orig: 297, 208\r\n  offset: 0, 0\r\n  index: -1\r\n2_0011_skeleton-2-14\r\n  rotate: false\r\n  xy: 600, 842\r\n  size: 297, 208\r\n  orig: 297, 208\r\n  offset: 0, 0\r\n  index: -1\r\n2_0012_skeleton-2-13\r\n  rotate: false\r\n  xy: 899, 842\r\n  size: 297, 208\r\n  orig: 297, 208\r\n  offset: 0, 0\r\n  index: -1\r\n2_0013_skeleton-2-12\r\n  rotate: false\r\n  xy: 1198, 842\r\n  size: 297, 208\r\n  orig: 297, 208\r\n  offset: 0, 0\r\n  index: -1\r\n2_0014_skeleton-2-11\r\n  rotate: false\r\n  xy: 1497, 842\r\n  size: 297, 208\r\n  orig: 297, 208\r\n  offset: 0, 0\r\n  index: -1\r\n2_0015_skeleton-2-10\r\n  rotate: true\r\n  xy: 1796, 696\r\n  size: 297, 208\r\n  orig: 297, 208\r\n  offset: 0, 0\r\n  index: -1\r\n2_0016_skeleton-2-09\r\n  rotate: false\r\n  xy: 2, 632\r\n  size: 297, 208\r\n  orig: 297, 208\r\n  offset: 0, 0\r\n  index: -1\r\n2_0017_skeleton-2-08\r\n  rotate: false\r\n  xy: 301, 632\r\n  size: 297, 208\r\n  orig: 297, 208\r\n  offset: 0, 0\r\n  index: -1\r\n2_0018_skeleton-2-07\r\n  rotate: false\r\n  xy: 600, 632\r\n  size: 297, 208\r\n  orig: 297, 208\r\n  offset: 0, 0\r\n  index: -1\r\n2_0019_skeleton-2-06\r\n  rotate: false\r\n  xy: 899, 632\r\n  size: 297, 208\r\n  orig: 297, 208\r\n  offset: 0, 0\r\n  index: -1\r\n2_0020_skeleton-2-05\r\n  rotate: false\r\n  xy: 1198, 632\r\n  size: 297, 208\r\n  orig: 297, 208\r\n  offset: 0, 0\r\n  index: -1\r\n2_0021_skeleton-2-04\r\n  rotate: false\r\n  xy: 1497, 632\r\n  size: 297, 208\r\n  orig: 297, 208\r\n  offset: 0, 0\r\n  index: -1\r\n2_0022_skeleton-2-03\r\n  rotate: false\r\n  xy: 2, 422\r\n  size: 297, 208\r\n  orig: 297, 208\r\n  offset: 0, 0\r\n  index: -1\r\n2_0023_skeleton-2-02\r\n  rotate: false\r\n  xy: 301, 422\r\n  size: 297, 208\r\n  orig: 297, 208\r\n  offset: 0, 0\r\n  index: -1\r\n2_0024_skeleton-2-01\r\n  rotate: false\r\n  xy: 600, 422\r\n  size: 297, 208\r\n  orig: 297, 208\r\n  offset: 0, 0\r\n  index: -1\r\n2_0025_skeleton-2-00\r\n  rotate: false\r\n  xy: 899, 422\r\n  size: 297, 208\r\n  orig: 297, 208\r\n  offset: 0, 0\r\n  index: -1\r\n3_0001_skeleton-3-24\r\n  rotate: false\r\n  xy: 1198, 422\r\n  size: 297, 208\r\n  orig: 297, 208\r\n  offset: 0, 0\r\n  index: -1\r\n3_0000_skeleton-3-25\r\n  rotate: false\r\n  xy: 1198, 422\r\n  size: 297, 208\r\n  orig: 297, 208\r\n  offset: 0, 0\r\n  index: -1\r\n3_0002_skeleton-3-23\r\n  rotate: false\r\n  xy: 1497, 422\r\n  size: 297, 208\r\n  orig: 297, 208\r\n  offset: 0, 0\r\n  index: -1\r\n3_0003_skeleton-3-22\r\n  rotate: true\r\n  xy: 1796, 397\r\n  size: 297, 208\r\n  orig: 297, 208\r\n  offset: 0, 0\r\n  index: -1\r\n3_0004_skeleton-3-21\r\n  rotate: false\r\n  xy: 2, 212\r\n  size: 297, 208\r\n  orig: 297, 208\r\n  offset: 0, 0\r\n  index: -1\r\n3_0005_skeleton-3-20\r\n  rotate: false\r\n  xy: 2, 212\r\n  size: 297, 208\r\n  orig: 297, 208\r\n  offset: 0, 0\r\n  index: -1\r\n3_0006_skeleton-3-19\r\n  rotate: false\r\n  xy: 301, 212\r\n  size: 297, 208\r\n  orig: 297, 208\r\n  offset: 0, 0\r\n  index: -1\r\n3_0007_skeleton-3-18\r\n  rotate: false\r\n  xy: 600, 212\r\n  size: 297, 208\r\n  orig: 297, 208\r\n  offset: 0, 0\r\n  index: -1\r\n3_0008_skeleton-3-17\r\n  rotate: false\r\n  xy: 899, 212\r\n  size: 297, 208\r\n  orig: 297, 208\r\n  offset: 0, 0\r\n  index: -1\r\n3_0009_skeleton-3-16\r\n  rotate: false\r\n  xy: 899, 212\r\n  size: 297, 208\r\n  orig: 297, 208\r\n  offset: 0, 0\r\n  index: -1\r\n3_0010_skeleton-3-15\r\n  rotate: false\r\n  xy: 1198, 212\r\n  size: 297, 208\r\n  orig: 297, 208\r\n  offset: 0, 0\r\n  index: -1\r\n3_0011_skeleton-3-14\r\n  rotate: false\r\n  xy: 1198, 212\r\n  size: 297, 208\r\n  orig: 297, 208\r\n  offset: 0, 0\r\n  index: -1\r\n3_0012_skeleton-3-13\r\n  rotate: false\r\n  xy: 1497, 212\r\n  size: 297, 208\r\n  orig: 297, 208\r\n  offset: 0, 0\r\n  index: -1\r\n3_0013_skeleton-3-12\r\n  rotate: true\r\n  xy: 1796, 98\r\n  size: 297, 208\r\n  orig: 297, 208\r\n  offset: 0, 0\r\n  index: -1\r\n3_0014_skeleton-3-11\r\n  rotate: false\r\n  xy: 2, 2\r\n  size: 297, 208\r\n  orig: 297, 208\r\n  offset: 0, 0\r\n  index: -1\r\n3_0015_skeleton-3-10\r\n  rotate: false\r\n  xy: 301, 2\r\n  size: 297, 208\r\n  orig: 297, 208\r\n  offset: 0, 0\r\n  index: -1\r\n3_0016_skeleton-3-09\r\n  rotate: false\r\n  xy: 600, 2\r\n  size: 297, 208\r\n  orig: 297, 208\r\n  offset: 0, 0\r\n  index: -1\r\n3_0017_skeleton-3-08\r\n  rotate: false\r\n  xy: 899, 2\r\n  size: 297, 208\r\n  orig: 297, 208\r\n  offset: 0, 0\r\n  index: -1\r\n3_0018_skeleton-3-07\r\n  rotate: false\r\n  xy: 1198, 2\r\n  size: 297, 208\r\n  orig: 297, 208\r\n  offset: 0, 0\r\n  index: -1\r\n3_0019_skeleton-3-06\r\n  rotate: false\r\n  xy: 1497, 2\r\n  size: 297, 208\r\n  orig: 297, 208\r\n  offset: 0, 0\r\n  index: -1\r\n\r\ndjs5_52.png\r\nsize: 2048,2048\r\nformat: RGBA8888\r\nfilter: Linear,Linear\r\nrepeat: none\r\n3_0020_skeleton-3-05\r\n  rotate: false\r\n  xy: 2, 1476\r\n  size: 297, 208\r\n  orig: 297, 208\r\n  offset: 0, 0\r\n  index: -1\r\n3_0021_skeleton-3-04\r\n  rotate: false\r\n  xy: 301, 1476\r\n  size: 297, 208\r\n  orig: 297, 208\r\n  offset: 0, 0\r\n  index: -1\r\n3_0022_skeleton-3-03\r\n  rotate: false\r\n  xy: 600, 1476\r\n  size: 297, 208\r\n  orig: 297, 208\r\n  offset: 0, 0\r\n  index: -1\r\n3_0023_skeleton-3-02\r\n  rotate: false\r\n  xy: 899, 1476\r\n  size: 297, 208\r\n  orig: 297, 208\r\n  offset: 0, 0\r\n  index: -1\r\n3_0024_skeleton-3-01\r\n  rotate: false\r\n  xy: 1198, 1476\r\n  size: 297, 208\r\n  orig: 297, 208\r\n  offset: 0, 0\r\n  index: -1\r\n3_0025_skeleton-3-00\r\n  rotate: false\r\n  xy: 1497, 1476\r\n  size: 297, 208\r\n  orig: 297, 208\r\n  offset: 0, 0\r\n  index: -1\r\n4_0001_skeleton-4-24\r\n  rotate: true\r\n  xy: 1796, 1387\r\n  size: 297, 208\r\n  orig: 297, 208\r\n  offset: 0, 0\r\n  index: -1\r\n4_0000_skeleton-4-25\r\n  rotate: true\r\n  xy: 1796, 1387\r\n  size: 297, 208\r\n  orig: 297, 208\r\n  offset: 0, 0\r\n  index: -1\r\n4_0002_skeleton-4-23\r\n  rotate: false\r\n  xy: 2, 1266\r\n  size: 297, 208\r\n  orig: 297, 208\r\n  offset: 0, 0\r\n  index: -1\r\n4_0003_skeleton-4-22\r\n  rotate: false\r\n  xy: 301, 1266\r\n  size: 297, 208\r\n  orig: 297, 208\r\n  offset: 0, 0\r\n  index: -1\r\n4_0004_skeleton-4-21\r\n  rotate: false\r\n  xy: 600, 1266\r\n  size: 297, 208\r\n  orig: 297, 208\r\n  offset: 0, 0\r\n  index: -1\r\n4_0005_skeleton-4-20\r\n  rotate: false\r\n  xy: 600, 1266\r\n  size: 297, 208\r\n  orig: 297, 208\r\n  offset: 0, 0\r\n  index: -1\r\n4_0006_skeleton-4-19\r\n  rotate: false\r\n  xy: 899, 1266\r\n  size: 297, 208\r\n  orig: 297, 208\r\n  offset: 0, 0\r\n  index: -1\r\n4_0007_skeleton-4-18\r\n  rotate: false\r\n  xy: 1198, 1266\r\n  size: 297, 208\r\n  orig: 297, 208\r\n  offset: 0, 0\r\n  index: -1\r\n4_0008_skeleton-4-17\r\n  rotate: false\r\n  xy: 1497, 1266\r\n  size: 297, 208\r\n  orig: 297, 208\r\n  offset: 0, 0\r\n  index: -1\r\n4_0009_skeleton-4-16\r\n  rotate: false\r\n  xy: 1497, 1266\r\n  size: 297, 208\r\n  orig: 297, 208\r\n  offset: 0, 0\r\n  index: -1\r\n4_0010_skeleton-4-15\r\n  rotate: true\r\n  xy: 1796, 1088\r\n  size: 297, 208\r\n  orig: 297, 208\r\n  offset: 0, 0\r\n  index: -1\r\n4_0011_skeleton-4-14\r\n  rotate: true\r\n  xy: 1796, 1088\r\n  size: 297, 208\r\n  orig: 297, 208\r\n  offset: 0, 0\r\n  index: -1\r\n4_0012_skeleton-4-13\r\n  rotate: false\r\n  xy: 2, 1056\r\n  size: 297, 208\r\n  orig: 297, 208\r\n  offset: 0, 0\r\n  index: -1\r\n4_0013_skeleton-4-12\r\n  rotate: false\r\n  xy: 301, 1056\r\n  size: 297, 208\r\n  orig: 297, 208\r\n  offset: 0, 0\r\n  index: -1\r\n4_0014_skeleton-4-11\r\n  rotate: false\r\n  xy: 600, 1056\r\n  size: 297, 208\r\n  orig: 297, 208\r\n  offset: 0, 0\r\n  index: -1\r\n4_0015_skeleton-4-10\r\n  rotate: false\r\n  xy: 899, 1056\r\n  size: 297, 208\r\n  orig: 297, 208\r\n  offset: 0, 0\r\n  index: -1\r\n4_0016_skeleton-4-09\r\n  rotate: false\r\n  xy: 1198, 1056\r\n  size: 297, 208\r\n  orig: 297, 208\r\n  offset: 0, 0\r\n  index: -1\r\n4_0017_skeleton-4-08\r\n  rotate: false\r\n  xy: 1497, 1056\r\n  size: 297, 208\r\n  orig: 297, 208\r\n  offset: 0, 0\r\n  index: -1\r\n4_0018_skeleton-4-07\r\n  rotate: false\r\n  xy: 2, 846\r\n  size: 297, 208\r\n  orig: 297, 208\r\n  offset: 0, 0\r\n  index: -1\r\n4_0019_skeleton-4-06\r\n  rotate: false\r\n  xy: 301, 846\r\n  size: 297, 208\r\n  orig: 297, 208\r\n  offset: 0, 0\r\n  index: -1\r\n4_0020_skeleton-4-05\r\n  rotate: false\r\n  xy: 600, 846\r\n  size: 297, 208\r\n  orig: 297, 208\r\n  offset: 0, 0\r\n  index: -1\r\n4_0021_skeleton-4-04\r\n  rotate: false\r\n  xy: 899, 846\r\n  size: 297, 208\r\n  orig: 297, 208\r\n  offset: 0, 0\r\n  index: -1\r\n4_0022_skeleton-4-03\r\n  rotate: false\r\n  xy: 1198, 846\r\n  size: 297, 208\r\n  orig: 297, 208\r\n  offset: 0, 0\r\n  index: -1\r\n4_0023_skeleton-4-02\r\n  rotate: false\r\n  xy: 1497, 846\r\n  size: 297, 208\r\n  orig: 297, 208\r\n  offset: 0, 0\r\n  index: -1\r\n4_0024_skeleton-4-01\r\n  rotate: true\r\n  xy: 1796, 789\r\n  size: 297, 208\r\n  orig: 297, 208\r\n  offset: 0, 0\r\n  index: -1\r\n4_0025_skeleton-4-00\r\n  rotate: false\r\n  xy: 2, 636\r\n  size: 297, 208\r\n  orig: 297, 208\r\n  offset: 0, 0\r\n  index: -1\r\n5_0000_skeleton-5-26\r\n  rotate: false\r\n  xy: 600, 2\r\n  size: 297, 209\r\n  orig: 297, 209\r\n  offset: 0, 0\r\n  index: -1\r\n5_0001_skeleton-5-25\r\n  rotate: false\r\n  xy: 301, 635\r\n  size: 297, 209\r\n  orig: 297, 209\r\n  offset: 0, 0\r\n  index: -1\r\n5_0002_skeleton-5-24\r\n  rotate: false\r\n  xy: 600, 635\r\n  size: 297, 209\r\n  orig: 297, 209\r\n  offset: 0, 0\r\n  index: -1\r\n5_0003_skeleton-5-23\r\n  rotate: false\r\n  xy: 899, 635\r\n  size: 297, 209\r\n  orig: 297, 209\r\n  offset: 0, 0\r\n  index: -1\r\n5_0004_skeleton-5-22\r\n  rotate: false\r\n  xy: 899, 635\r\n  size: 297, 209\r\n  orig: 297, 209\r\n  offset: 0, 0\r\n  index: -1\r\n5_0005_skeleton-5-21\r\n  rotate: false\r\n  xy: 1198, 635\r\n  size: 297, 209\r\n  orig: 297, 209\r\n  offset: 0, 0\r\n  index: -1\r\n5_0006_skeleton-5-20\r\n  rotate: false\r\n  xy: 1497, 635\r\n  size: 297, 209\r\n  orig: 297, 209\r\n  offset: 0, 0\r\n  index: -1\r\n5_0007_skeleton-5-19\r\n  rotate: true\r\n  xy: 1796, 490\r\n  size: 297, 209\r\n  orig: 297, 209\r\n  offset: 0, 0\r\n  index: -1\r\n5_0008_skeleton-5-18\r\n  rotate: true\r\n  xy: 1796, 490\r\n  size: 297, 209\r\n  orig: 297, 209\r\n  offset: 0, 0\r\n  index: -1\r\n5_0009_skeleton-5-17\r\n  rotate: false\r\n  xy: 2, 425\r\n  size: 297, 209\r\n  orig: 297, 209\r\n  offset: 0, 0\r\n  index: -1\r\n5_0010_skeleton-5-16\r\n  rotate: false\r\n  xy: 2, 425\r\n  size: 297, 209\r\n  orig: 297, 209\r\n  offset: 0, 0\r\n  index: -1\r\n5_0011_skeleton-5-15\r\n  rotate: false\r\n  xy: 301, 424\r\n  size: 297, 209\r\n  orig: 297, 209\r\n  offset: 0, 0\r\n  index: -1\r\n5_0012_skeleton-5-14\r\n  rotate: false\r\n  xy: 600, 424\r\n  size: 297, 209\r\n  orig: 297, 209\r\n  offset: 0, 0\r\n  index: -1\r\n5_0013_skeleton-5-13\r\n  rotate: false\r\n  xy: 899, 424\r\n  size: 297, 209\r\n  orig: 297, 209\r\n  offset: 0, 0\r\n  index: -1\r\n5_0014_skeleton-5-12\r\n  rotate: false\r\n  xy: 899, 424\r\n  size: 297, 209\r\n  orig: 297, 209\r\n  offset: 0, 0\r\n  index: -1\r\n5_0015_skeleton-5-11\r\n  rotate: false\r\n  xy: 1198, 424\r\n  size: 297, 209\r\n  orig: 297, 209\r\n  offset: 0, 0\r\n  index: -1\r\n5_0016_skeleton-5-10\r\n  rotate: false\r\n  xy: 1497, 424\r\n  size: 297, 209\r\n  orig: 297, 209\r\n  offset: 0, 0\r\n  index: -1\r\n5_0017_skeleton-5-09\r\n  rotate: false\r\n  xy: 2, 214\r\n  size: 297, 209\r\n  orig: 297, 209\r\n  offset: 0, 0\r\n  index: -1\r\n5_0018_skeleton-5-08\r\n  rotate: false\r\n  xy: 301, 213\r\n  size: 297, 209\r\n  orig: 297, 209\r\n  offset: 0, 0\r\n  index: -1\r\n5_0019_skeleton-5-07\r\n  rotate: false\r\n  xy: 600, 213\r\n  size: 297, 209\r\n  orig: 297, 209\r\n  offset: 0, 0\r\n  index: -1\r\n5_0020_skeleton-5-06\r\n  rotate: false\r\n  xy: 899, 213\r\n  size: 297, 209\r\n  orig: 297, 209\r\n  offset: 0, 0\r\n  index: -1\r\n5_0021_skeleton-5-05\r\n  rotate: false\r\n  xy: 1198, 213\r\n  size: 297, 209\r\n  orig: 297, 209\r\n  offset: 0, 0\r\n  index: -1\r\n5_0022_skeleton-5-04\r\n  rotate: false\r\n  xy: 1497, 213\r\n  size: 297, 209\r\n  orig: 297, 209\r\n  offset: 0, 0\r\n  index: -1\r\n5_0023_skeleton-5-03\r\n  rotate: true\r\n  xy: 1796, 191\r\n  size: 297, 209\r\n  orig: 297, 209\r\n  offset: 0, 0\r\n  index: -1\r\n5_0024_skeleton-5-02\r\n  rotate: false\r\n  xy: 2, 3\r\n  size: 297, 209\r\n  orig: 297, 209\r\n  offset: 0, 0\r\n  index: -1\r\n5_0025_skeleton-5-01\r\n  rotate: false\r\n  xy: 301, 2\r\n  size: 297, 209\r\n  orig: 297, 209\r\n  offset: 0, 0\r\n  index: -1\r\n5_0026_skeleton-5-00\r\n  rotate: false\r\n  xy: 899, 2\r\n  size: 297, 209\r\n  orig: 297, 209\r\n  offset: 0, 0\r\n  index: -1\r\n",["djs5_5.png","djs5_52.png"],{"skeleton":{"hash":"n6RTag98LTzj0c4SQcdrdObgUZA","spine":"3.8.99","x":-148,"y":-104,"width":297,"height":209,"images":"./djs5/","audio":""},"bones":[{"name":"root"}],"slots":[{"name":"q","bone":"root","attachment":"5_0026_skeleton-5-00"}],"skins":[{"name":"default","attachments":{"q":{"1_0001_skeleton-1-24":{"x":0.5,"width":297,"height":208},"1_0002_skeleton-1-23":{"x":0.5,"width":297,"height":208},"1_0003_skeleton-1-22":{"x":0.5,"width":297,"height":208},"1_0004_skeleton-1-21":{"x":0.5,"width":297,"height":208},"1_0005_skeleton-1-20":{"x":0.5,"width":297,"height":208},"1_0006_skeleton-1-19":{"x":0.5,"width":297,"height":208},"1_0007_skeleton-1-18":{"x":0.5,"width":297,"height":208},"1_0008_skeleton-1-17":{"x":0.5,"width":297,"height":208},"1_0009_skeleton-1-16":{"x":0.5,"width":297,"height":208},"1_0010_skeleton-1-15":{"x":0.5,"width":297,"height":208},"1_0011_skeleton-1-14":{"x":0.5,"width":297,"height":208},"1_0012_skeleton-1-13":{"x":0.5,"width":297,"height":208},"1_0013_skeleton-1-12":{"x":0.5,"width":297,"height":208},"1_0014_skeleton-1-11":{"x":0.5,"width":297,"height":208},"1_0015_skeleton-1-10":{"x":0.5,"width":297,"height":208},"1_0016_skeleton-1-09":{"x":0.5,"width":297,"height":208},"1_0017_skeleton-1-08":{"x":0.5,"width":297,"height":208},"1_0018_skeleton-1-07":{"x":0.5,"width":297,"height":208},"1_0019_skeleton-1-06":{"x":0.5,"width":297,"height":208},"1_0020_skeleton-1-05":{"x":0.5,"width":297,"height":208},"1_0021_skeleton-1-04":{"x":0.5,"width":297,"height":208},"1_0022_skeleton-1-03":{"x":0.5,"width":297,"height":208},"1_0023_skeleton-1-02":{"x":0.5,"width":297,"height":208},"1_0024_skeleton-1-01":{"x":0.5,"width":297,"height":208},"1_0025_skeleton-1-00":{"x":0.5,"width":297,"height":208},"1_0000_skeleton-1-25":{"x":0.5,"width":297,"height":208},"2_0001_skeleton-2-24":{"x":0.5,"width":297,"height":208},"2_0002_skeleton-2-23":{"x":0.5,"width":297,"height":208},"2_0003_skeleton-2-22":{"x":0.5,"width":297,"height":208},"2_0004_skeleton-2-21":{"x":0.5,"width":297,"height":208},"2_0005_skeleton-2-20":{"x":0.5,"width":297,"height":208},"2_0006_skeleton-2-19":{"x":0.5,"width":297,"height":208},"2_0007_skeleton-2-18":{"x":0.5,"width":297,"height":208},"2_0008_skeleton-2-17":{"x":0.5,"width":297,"height":208},"2_0009_skeleton-2-16":{"x":0.5,"width":297,"height":208},"2_0010_skeleton-2-15":{"x":0.5,"width":297,"height":208},"2_0011_skeleton-2-14":{"x":0.5,"width":297,"height":208},"2_0012_skeleton-2-13":{"x":0.5,"width":297,"height":208},"2_0013_skeleton-2-12":{"x":0.5,"width":297,"height":208},"2_0014_skeleton-2-11":{"x":0.5,"width":297,"height":208},"2_0015_skeleton-2-10":{"x":0.5,"width":297,"height":208},"2_0016_skeleton-2-09":{"x":0.5,"width":297,"height":208},"2_0017_skeleton-2-08":{"x":0.5,"width":297,"height":208},"2_0018_skeleton-2-07":{"x":0.5,"width":297,"height":208},"2_0019_skeleton-2-06":{"x":0.5,"width":297,"height":208},"2_0020_skeleton-2-05":{"x":0.5,"width":297,"height":208},"2_0021_skeleton-2-04":{"x":0.5,"width":297,"height":208},"2_0022_skeleton-2-03":{"x":0.5,"width":297,"height":208},"2_0023_skeleton-2-02":{"x":0.5,"width":297,"height":208},"2_0024_skeleton-2-01":{"x":0.5,"width":297,"height":208},"2_0025_skeleton-2-00":{"x":0.5,"width":297,"height":208},"2_0000_skeleton-2-25":{"x":0.5,"width":297,"height":208},"3_0001_skeleton-3-24":{"x":0.5,"width":297,"height":208},"3_0002_skeleton-3-23":{"x":0.5,"width":297,"height":208},"3_0003_skeleton-3-22":{"x":0.5,"width":297,"height":208},"3_0004_skeleton-3-21":{"x":0.5,"width":297,"height":208},"3_0005_skeleton-3-20":{"x":0.5,"width":297,"height":208},"3_0006_skeleton-3-19":{"x":0.5,"width":297,"height":208},"3_0007_skeleton-3-18":{"x":0.5,"width":297,"height":208},"3_0008_skeleton-3-17":{"x":0.5,"width":297,"height":208},"3_0009_skeleton-3-16":{"x":0.5,"width":297,"height":208},"3_0010_skeleton-3-15":{"x":0.5,"width":297,"height":208},"3_0011_skeleton-3-14":{"x":0.5,"width":297,"height":208},"3_0012_skeleton-3-13":{"x":0.5,"width":297,"height":208},"3_0013_skeleton-3-12":{"x":0.5,"width":297,"height":208},"3_0014_skeleton-3-11":{"x":0.5,"width":297,"height":208},"3_0015_skeleton-3-10":{"x":0.5,"width":297,"height":208},"3_0016_skeleton-3-09":{"x":0.5,"width":297,"height":208},"3_0017_skeleton-3-08":{"x":0.5,"width":297,"height":208},"3_0018_skeleton-3-07":{"x":0.5,"width":297,"height":208},"3_0019_skeleton-3-06":{"x":0.5,"width":297,"height":208},"3_0020_skeleton-3-05":{"x":0.5,"width":297,"height":208},"3_0021_skeleton-3-04":{"x":0.5,"width":297,"height":208},"3_0022_skeleton-3-03":{"x":0.5,"width":297,"height":208},"3_0023_skeleton-3-02":{"x":0.5,"width":297,"height":208},"3_0024_skeleton-3-01":{"x":0.5,"width":297,"height":208},"3_0025_skeleton-3-00":{"x":0.5,"width":297,"height":208},"3_0000_skeleton-3-25":{"x":0.5,"width":297,"height":208},"4_0001_skeleton-4-24":{"x":0.5,"width":297,"height":208},"4_0002_skeleton-4-23":{"x":0.5,"width":297,"height":208},"4_0003_skeleton-4-22":{"x":0.5,"width":297,"height":208},"4_0004_skeleton-4-21":{"x":0.5,"width":297,"height":208},"4_0005_skeleton-4-20":{"x":0.5,"width":297,"height":208},"4_0006_skeleton-4-19":{"x":0.5,"width":297,"height":208},"4_0007_skeleton-4-18":{"x":0.5,"width":297,"height":208},"4_0008_skeleton-4-17":{"x":0.5,"width":297,"height":208},"4_0009_skeleton-4-16":{"x":0.5,"width":297,"height":208},"4_0010_skeleton-4-15":{"x":0.5,"width":297,"height":208},"4_0011_skeleton-4-14":{"x":0.5,"width":297,"height":208},"4_0012_skeleton-4-13":{"x":0.5,"width":297,"height":208},"4_0013_skeleton-4-12":{"x":0.5,"width":297,"height":208},"4_0014_skeleton-4-11":{"x":0.5,"width":297,"height":208},"4_0015_skeleton-4-10":{"x":0.5,"width":297,"height":208},"4_0016_skeleton-4-09":{"x":0.5,"width":297,"height":208},"4_0017_skeleton-4-08":{"x":0.5,"width":297,"height":208},"4_0018_skeleton-4-07":{"x":0.5,"width":297,"height":208},"4_0019_skeleton-4-06":{"x":0.5,"width":297,"height":208},"4_0020_skeleton-4-05":{"x":0.5,"width":297,"height":208},"4_0021_skeleton-4-04":{"x":0.5,"width":297,"height":208},"4_0022_skeleton-4-03":{"x":0.5,"width":297,"height":208},"4_0023_skeleton-4-02":{"x":0.5,"width":297,"height":208},"4_0024_skeleton-4-01":{"x":0.5,"width":297,"height":208},"4_0025_skeleton-4-00":{"x":0.5,"width":297,"height":208},"4_0000_skeleton-4-25":{"x":0.5,"width":297,"height":208},"5_0001_skeleton-5-25":{"x":0.5,"y":0.5,"width":297,"height":209},"5_0002_skeleton-5-24":{"x":0.5,"y":0.5,"width":297,"height":209},"5_0003_skeleton-5-23":{"x":0.5,"y":0.5,"width":297,"height":209},"5_0004_skeleton-5-22":{"x":0.5,"y":0.5,"width":297,"height":209},"5_0005_skeleton-5-21":{"x":0.5,"y":0.5,"width":297,"height":209},"5_0006_skeleton-5-20":{"x":0.5,"y":0.5,"width":297,"height":209},"5_0007_skeleton-5-19":{"x":0.5,"y":0.5,"width":297,"height":209},"5_0008_skeleton-5-18":{"x":0.5,"y":0.5,"width":297,"height":209},"5_0009_skeleton-5-17":{"x":0.5,"y":0.5,"width":297,"height":209},"5_0010_skeleton-5-16":{"x":0.5,"y":0.5,"width":297,"height":209},"5_0011_skeleton-5-15":{"x":0.5,"y":0.5,"width":297,"height":209},"5_0012_skeleton-5-14":{"x":0.5,"y":0.5,"width":297,"height":209},"5_0013_skeleton-5-13":{"x":0.5,"y":0.5,"width":297,"height":209},"5_0014_skeleton-5-12":{"x":0.5,"y":0.5,"width":297,"height":209},"5_0015_skeleton-5-11":{"x":0.5,"y":0.5,"width":297,"height":209},"5_0016_skeleton-5-10":{"x":0.5,"y":0.5,"width":297,"height":209},"5_0017_skeleton-5-09":{"x":0.5,"y":0.5,"width":297,"height":209},"5_0018_skeleton-5-08":{"x":0.5,"y":0.5,"width":297,"height":209},"5_0019_skeleton-5-07":{"x":0.5,"y":0.5,"width":297,"height":209},"5_0020_skeleton-5-06":{"x":0.5,"y":0.5,"width":297,"height":209},"5_0021_skeleton-5-05":{"x":0.5,"y":0.5,"width":297,"height":209},"5_0022_skeleton-5-04":{"x":0.5,"y":0.5,"width":297,"height":209},"5_0023_skeleton-5-03":{"x":0.5,"y":0.5,"width":297,"height":209},"5_0024_skeleton-5-02":{"x":0.5,"y":0.5,"width":297,"height":209},"5_0025_skeleton-5-01":{"x":0.5,"y":0.5,"width":297,"height":209},"5_0026_skeleton-5-00":{"x":0.5,"y":0.5,"width":297,"height":209},"5_0000_skeleton-5-26":{"x":0.5,"y":0.5,"width":297,"height":209}}}}],"animations":{"animation":{"slots":{"q":{"attachment":[{"time":0.0333,"name":"5_0025_skeleton-5-01"},{"time":0.0667,"name":"5_0024_skeleton-5-02"},{"time":0.1,"name":"5_0023_skeleton-5-03"},{"time":0.1333,"name":"5_0022_skeleton-5-04"},{"time":0.1667,"name":"5_0021_skeleton-5-05"},{"time":0.2,"name":"5_0020_skeleton-5-06"},{"time":0.2333,"name":"5_0019_skeleton-5-07"},{"time":0.2667,"name":"5_0018_skeleton-5-08"},{"time":0.3,"name":"5_0017_skeleton-5-09"},{"time":0.3333,"name":"5_0016_skeleton-5-10"},{"time":0.3667,"name":"5_0015_skeleton-5-11"},{"time":0.4,"name":"5_0014_skeleton-5-12"},{"time":0.4333,"name":"5_0013_skeleton-5-13"},{"time":0.4667,"name":"5_0012_skeleton-5-14"},{"time":0.5,"name":"5_0011_skeleton-5-15"},{"time":0.5333,"name":"5_0010_skeleton-5-16"},{"time":0.5667,"name":"5_0009_skeleton-5-17"},{"time":0.6,"name":"5_0008_skeleton-5-18"},{"time":0.6333,"name":"5_0007_skeleton-5-19"},{"time":0.6667,"name":"5_0006_skeleton-5-20"},{"time":0.7,"name":"5_0005_skeleton-5-21"},{"time":0.7333,"name":"5_0004_skeleton-5-22"},{"time":0.7667,"name":"5_0003_skeleton-5-23"},{"time":0.8,"name":"5_0002_skeleton-5-24"},{"time":0.8333,"name":"5_0001_skeleton-5-25"},{"time":0.8667,"name":"5_0000_skeleton-5-26"}]}}}}},[0,1]]],0,0,[0,0],[-1,-2],[61,62]],[[[18,"prefabs_dragonTiger_user"],[22,"prefabs_dragonTiger_user",[-3,-4,-5,-6,-7,-8,-9],[[16,-2,[0,"8ao0lOstlI3riEMTkg8A8U"]]],[2,"c46/YsCPVOJYA4mWEpNYRx",null,null,null,-1,0]],[8,"props_btn_addGold",1,[[4,-10,[0,"b2FNyqTTdK1pdcG4YeY5F+"],[5,29,28]],[32,1,0,-11,[0,"9clYFcI+RLZLxBJF7EJKJw"],8,9],[34,3,0.9,-13,[0,"2clZFdcQRK/bnsnJoDbJ6K"],[4,4292269782],-12,10]],[2,"25b8vDz8hBG4mw+yyhKnGr",null,null,null,1,0],[1,-404,-320,0]],[8,"spr_user_bg",1,[[4,-14,[0,"835ZpbAlJMiYvzCI6bWQLS"],[5,267,94]],[10,-15,[0,"0aOMDVhWJADZsT8htL6qEZ"],0,1],[15,-16,[0,"7aas3O36hFGJmvK7oYAtdu"],[2],3]],[2,"dfE/XlO1xICIkAepvsnO/E",null,null,null,1,0],[1,-504,-310,0]],[8,"spr_user_ goldBg",1,[[4,-17,[0,"10zbXEvp9IVJCHkXmQHaKt"],[5,167,33]],[10,-18,[0,"cc0Akx6TFBvK7GkH5A6mMz"],4,5],[15,-19,[0,"d4Q4Lp3iBB9JTHl4Op6kVd"],[6],7]],[2,"e251ev3u9LBKuNOO62O+QB",null,null,null,1,0],[1,-472,-320.3,0]],[8,"props_spr_user_head",1,[[4,-20,[0,"6a2Prr7vpPJZ9LSo0ZGy1h"],[5,70,74]],[17,0,-21,[0,"88eqrRzeNHYIXzW6MB51E/"],11,12],[15,-22,[0,"61z5KEW7BGgJWdm4emfUPJ"],[13],14]],[2,"96k4+2omVBaLc+7iBsidTf",null,null,null,1,0],[1,-596,-304,0]],[8,"props_label_user_goldNum",1,[[4,-23,[0,"baentfyV5FyrhXfkYGPms2"],[5,11.12,50.4]],[49,"0",20,20,false,-24,[0,"84WnM+8DtEK7iPieLMTkDC"],[4,4282166780]]],[2,"16NokG0wRIA6M9ML4zM+LK",null,null,null,1,0],[1,-476,-320.7,0]],[8,"props_user_name",1,[[4,-25,[0,"9cztIaxyhF8Kn6QV3kGRvv"],[5,150,50.4]],[50,"",20,20,2,false,-26,[0,"0ea/Hn/WhLvoSb/LxrCq43"],[4,4278190080]]],[2,"e7bTIptvhO5qfQVAiYhgbV",null,null,null,1,0],[1,-476,-290.7,0]],[13,"props_label_gold_up",false,1,[[4,-27,[0,"80Je10dq5HALM10mFGvUwN"],[5,50.05,50.4]],[27,"",30,30,-28,[0,"a3uLkyOJpPUoUApM0jTjvA"],[4,4282166780]]],[2,"4ar1EBkJJC/ZFvkG8Bnza+",null,null,null,1,0],[1,-596,-304,0]]],0,[0,4,1,0,0,1,0,-1,3,0,-2,4,0,-3,2,0,-4,6,0,-5,7,0,-6,5,0,-7,8,0,0,2,0,0,2,0,11,2,0,0,2,0,0,3,0,0,3,0,0,3,0,0,4,0,0,4,0,0,4,0,0,5,0,0,5,0,0,5,0,0,6,0,0,6,0,0,7,0,0,7,0,0,8,0,0,8,0,9,1,28],[0,0,0,0,0,0,0,0,0,0,0,0,0,0,0],[1,2,-1,8,1,2,-1,8,1,2,12,1,2,-1,8],[63,0,2,2,8,0,2,2,17,0,17,64,0,2,2]],[[[52,"font_dragonTiger_mundurNum",32,{"commonHeight":32,"fontSize":32,"atlasName":"font_dragonTiger_mundurNum_0.png","fontDefDictionary":{"48":{"xOffset":-2,"yOffset":-2,"xAdvance":26,"rect":{"x":0,"y":0,"width":30,"height":44}},"49":{"xOffset":-2,"yOffset":-2,"xAdvance":18,"rect":{"x":31,"y":45,"width":22,"height":43}},"50":{"xOffset":-2,"yOffset":-2,"xAdvance":26,"rect":{"x":215,"y":0,"width":30,"height":43}},"51":{"xOffset":-2,"yOffset":-2,"xAdvance":25,"rect":{"x":155,"y":0,"width":29,"height":44}},"52":{"xOffset":-2,"yOffset":-2,"xAdvance":26,"rect":{"x":31,"y":0,"width":30,"height":44}},"53":{"xOffset":-2,"yOffset":-2,"xAdvance":25,"rect":{"x":185,"y":0,"width":29,"height":44}},"54":{"xOffset":-2,"yOffset":-2,"xAdvance":26,"rect":{"x":62,"y":0,"width":30,"height":44}},"55":{"xOffset":-2,"yOffset":-2,"xAdvance":26,"rect":{"x":0,"y":45,"width":30,"height":43}},"56":{"xOffset":-2,"yOffset":-2,"xAdvance":26,"rect":{"x":93,"y":0,"width":30,"height":44}},"57":{"xOffset":-2,"yOffset":-2,"xAdvance":26,"rect":{"x":124,"y":0,"width":30,"height":44}}},"kerningDict":{}}]],0,0,[0],[14],[65]]]]
