{"importBase":"import","nativeBase":"native","name":"Crash","deps":["main"],"uuids":["048i0700lBw6fGxAwoxk6M","048i0700lBw6fGxAwoxk6M@6c48a","048i0700lBw6fGxAwoxk6M@f9941","05LBqUwSFMIbQHZpNM+Jty","05LBqUwSFMIbQHZpNM+Jty@6c48a","05LBqUwSFMIbQHZpNM+Jty@f9941","05LVQC2Z1HnJXINI4WLXzw","05LVQC2Z1HnJXINI4WLXzw@6c48a","05LVQC2Z1HnJXINI4WLXzw@f9941","06SDIPT0RKJYQhfRaBWX53","06SDIPT0RKJYQhfRaBWX53@6c48a","06SDIPT0RKJYQhfRaBWX53@f9941","094aaaaa3","11fD4nJ7pKSI/6gesasR8k","11fD4nJ7pKSI/6gesasR8k@6c48a","11fD4nJ7pKSI/6gesasR8k@f9941","1cjcFd5gRBGJWEoX4kXrmK","1czb2rcr1JVL+snOBC63gf","1czb2rcr1JVL+snOBC63gf@6c48a","1czb2rcr1JVL+snOBC63gf@f9941","1dDHTAhl5K+YBO+gnrU2gp","1dDHTAhl5K+YBO+gnrU2gp@6c48a","1dDHTAhl5K+YBO+gnrU2gp@f9941","1dNihVLlJDNZxlq3XZKXl1","1dNihVLlJDNZxlq3XZKXl1@6c48a","1dNihVLlJDNZxlq3XZKXl1@f9941","1eXN6CVTxOp7ng6gD55Pi9","1eXN6CVTxOp7ng6gD55Pi9@6c48a","1eXN6CVTxOp7ng6gD55Pi9@f9941","1efmQu4cFKz4N+ZQQnUGRj","1efmQu4cFKz4N+ZQQnUGRj@6c48a","1efmQu4cFKz4N+ZQQnUGRj@f9941","228h1w9cdOroaArbmanSFh","24TNXTjdBH8b+RjpACIZfJ","242rRzU+xEXICC+p5CtMIP","242rRzU+xEXICC+p5CtMIP@6c48a","242rRzU+xEXICC+p5CtMIP@f9941","27G92RL1FEjpIuH7IlCurq","27G92RL1FEjpIuH7IlCurq@6c48a","27G92RL1FEjpIuH7IlCurq@f9941","28BEona7hOFqlzLCbalrCY","28BEona7hOFqlzLCbalrCY@6c48a","28BEona7hOFqlzLCbalrCY@f9941","2cov6MlgtP86rZZpY6pDWU","2cov6MlgtP86rZZpY6pDWU@6c48a","2cov6MlgtP86rZZpY6pDWU@f9941","2dUHy3ld5CUoHwr4m3o7G0","2dUHy3ld5CUoHwr4m3o7G0@6c48a","2dUHy3ld5CUoHwr4m3o7G0@f9941","2fLFMpqFVBzK+POp8ZnevX","2fLFMpqFVBzK+POp8ZnevX@6c48a","2fLFMpqFVBzK+POp8ZnevX@f9941","346ivWeQhDhZoIxxO8rBob","346ivWeQhDhZoIxxO8rBob@6c48a","346ivWeQhDhZoIxxO8rBob@f9941","3834OkQSRJRa+3zUat2ENM","3834OkQSRJRa+3zUat2ENM@6c48a","3834OkQSRJRa+3zUat2ENM@f9941","3an+m+NAFFTbpJGF+gQ7nT","3an+m+NAFFTbpJGF+gQ7nT@6c48a","3an+m+NAFFTbpJGF+gQ7nT@f9941","3ao/ZQ1M9Lnok+jlJYIoPt","3ao/ZQ1M9Lnok+jlJYIoPt@6c48a","3ao/ZQ1M9Lnok+jlJYIoPt@f9941","3ayDdx0jZJ6Im8QizdGhRP","3ayDdx0jZJ6Im8QizdGhRP@6c48a","3ayDdx0jZJ6Im8QizdGhRP@f9941","456ZNdJoNLjbHIbbLkOVPK","456ZNdJoNLjbHIbbLkOVPK@6c48a","456ZNdJoNLjbHIbbLkOVPK@f9941","48MF4DHRtNBYIsuSJEd59o","48MF4DHRtNBYIsuSJEd59o@6c48a","48MF4DHRtNBYIsuSJEd59o@f9941","49++DqmhlGS4msGN8FZObx","49++DqmhlGS4msGN8FZObx@6c48a","49++DqmhlGS4msGN8FZObx@f9941","4abHj6SFNIYa1Sfrw4PiKB","4abHj6SFNIYa1Sfrw4PiKB@6c48a","4abHj6SFNIYa1Sfrw4PiKB@f9941","4bkoLI20xFFJRhSpwV0poC","4bkoLI20xFFJRhSpwV0poC@6c48a","4bkoLI20xFFJRhSpwV0poC@f9941","4dhVKSsMJHyov64l4+e3Mb","4dhVKSsMJHyov64l4+e3Mb@6c48a","4dhVKSsMJHyov64l4+e3Mb@f9941","4eMALLYVdPuLf3mid/QIU7","4eMALLYVdPuLf3mid/QIU7@6c48a","4eMALLYVdPuLf3mid/QIU7@f9941","4eY/WY2qlALpHwVynkhCI8","4eY/WY2qlALpHwVynkhCI8@6c48a","4eY/WY2qlALpHwVynkhCI8@f9941","51QDN+DHpDPLcjezIA+PJe","530M8v54NEk7cXcMSYp7Nn","530M8v54NEk7cXcMSYp7Nn@6c48a","530M8v54NEk7cXcMSYp7Nn@f9941","534h9CxNJLF6UafctDzP9Z","534h9CxNJLF6UafctDzP9Z@6c48a","534h9CxNJLF6UafctDzP9Z@f9941","57ptoRjmpDWpHB+D4TQsBj","57ptoRjmpDWpHB+D4TQsBj@6c48a","57ptoRjmpDWpHB+D4TQsBj@f9941","5apRHWvE9Ds5Gqq0yGJq37","5apRHWvE9Ds5Gqq0yGJq37@6c48a","5apRHWvE9Ds5Gqq0yGJq37@f9941","5a5gbK6btMm4l/bEOGjq1u","5a5gbK6btMm4l/bEOGjq1u@6c48a","5a5gbK6btMm4l/bEOGjq1u@f9941","5dYlhBKllGzIBOlOeGNqKb","5dYlhBKllGzIBOlOeGNqKb@6c48a","5dYlhBKllGzIBOlOeGNqKb@f9941","5eqxJ5SD9B77CJQIc2fumZ","5eqxJ5SD9B77CJQIc2fumZ@6c48a","5eqxJ5SD9B77CJQIc2fumZ@f9941","5e1nSJdJBB8LPm9Dbf9AUA","5e1nSJdJBB8LPm9Dbf9AUA@6c48a","5e1nSJdJBB8LPm9Dbf9AUA@f9941","60oCs+blFEoKfmroGtSn+S","62VC1oablIOb7w0p9HUlqv","62VC1oablIOb7w0p9HUlqv@6c48a","62VC1oablIOb7w0p9HUlqv@f9941","64oD7RVsFOvqRazkLII/lz","64oD7RVsFOvqRazkLII/lz@6c48a","64oD7RVsFOvqRazkLII/lz@f9941","67FLll9q5AO4lxMW45JEGM","67FLll9q5AO4lxMW45JEGM@6c48a","67FLll9q5AO4lxMW45JEGM@f9941","67ORLtYOVHA6luYrGGubAY","671WckYGpKWqpltO+0JOLh","671WckYGpKWqpltO+0JOLh@6c48a","671WckYGpKWqpltO+0JOLh@f9941","68Un+dEVNAxJS+gXv47hQN","6ab6dKK3tCaKoQjb5rI8VP","6ab6dKK3tCaKoQjb5rI8VP@6c48a","6ab6dKK3tCaKoQjb5rI8VP@f9941","71BrT//ThFFJt1b3x9U+oW","71BrT//ThFFJt1b3x9U+oW@6c48a","71BrT//ThFFJt1b3x9U+oW@f9941","71svANRRFHRrrKckkPOM7C","71svANRRFHRrrKckkPOM7C@6c48a","71svANRRFHRrrKckkPOM7C@f9941","72RNMBJxJGf4i6XwRUbNWn","72RNMBJxJGf4i6XwRUbNWn@6c48a","72RNMBJxJGf4i6XwRUbNWn@f9941","74P25TK6pIR60YyIL9nCiz","74lYbtovhL9YNUtNr5eev2","74lYbtovhL9YNUtNr5eev2@6c48a","74lYbtovhL9YNUtNr5eev2@f9941","77u43kSKpIM4VidZI7XzpN","77u43kSKpIM4VidZI7XzpN@6c48a","77u43kSKpIM4VidZI7XzpN@f9941","794YezBkBObrGQV/RsEjO8","794YezBkBObrGQV/RsEjO8@6c48a","794YezBkBObrGQV/RsEjO8@f9941","7bs+O/VO1McoAEb/mSCtJK","7bs+O/VO1McoAEb/mSCtJK@6c48a","7bs+O/VO1McoAEb/mSCtJK@f9941","7dFk0MgLFLKYYeumdkZo3s","7dFk0MgLFLKYYeumdkZo3s@6c48a","7dFk0MgLFLKYYeumdkZo3s@f9941","7d425kyoNC5b/zzLkpdDXd","7d425kyoNC5b/zzLkpdDXd@6c48a","7d425kyoNC5b/zzLkpdDXd@f9941","7fWlzhXVFB+qMWriqlyyio","7fWlzhXVFB+qMWriqlyyio@6c48a","7fWlzhXVFB+qMWriqlyyio@f9941","80aU+EL8FCVbZA8oDBRPvL","80aU+EL8FCVbZA8oDBRPvL@6c48a","80aU+EL8FCVbZA8oDBRPvL@f9941","82gyoOlsJBaqTn3ml3idYi","82gyoOlsJBaqTn3ml3idYi@6c48a","82gyoOlsJBaqTn3ml3idYi@f9941","83VaIJDGROV64cW78IemYP","83VaIJDGROV64cW78IemYP@6c48a","83VaIJDGROV64cW78IemYP@f9941","86vV+53HlLIoU8KQ/Cx5fJ","86vV+53HlLIoU8KQ/Cx5fJ@6c48a","86vV+53HlLIoU8KQ/Cx5fJ@f9941","87YwpjGUBAj4xaNbV1AMBw","87YwpjGUBAj4xaNbV1AMBw@6c48a","87YwpjGUBAj4xaNbV1AMBw@f9941","90nGS9J0ZB1ZFL4X6A/PS4","90nGS9J0ZB1ZFL4X6A/PS4@6c48a","90nGS9J0ZB1ZFL4X6A/PS4@f9941","90u4XmycdHuLBsZ5xa4EUf","90u4XmycdHuLBsZ5xa4EUf@6c48a","90u4XmycdHuLBsZ5xa4EUf@f9941","91G6VZibBPZoNu9zhGdxJb","91G6VZibBPZoNu9zhGdxJb@6c48a","91G6VZibBPZoNu9zhGdxJb@f9941","91gewp9s1AH65H59yRb8J9","91gewp9s1AH65H59yRb8J9@6c48a","91gewp9s1AH65H59yRb8J9@f9941","924w4GLN1IbL4BfRiGkK6X","924w4GLN1IbL4BfRiGkK6X@6c48a","924w4GLN1IbL4BfRiGkK6X@f9941","94+l+cHjZL6YTUwitbUOV6","94+l+cHjZL6YTUwitbUOV6@6c48a","94+l+cHjZL6YTUwitbUOV6@f9941","96D2eFoaZLUKfod8EUf1kz","96D2eFoaZLUKfod8EUf1kz@6c48a","96D2eFoaZLUKfod8EUf1kz@f9941","99UJxFeBFMvr3GhALwK4rU","99UJxFeBFMvr3GhALwK4rU@6c48a","99UJxFeBFMvr3GhALwK4rU@f9941","9adA2/xP5L94FjdbPzH9jA","9adA2/xP5L94FjdbPzH9jA@6c48a","9adA2/xP5L94FjdbPzH9jA@f9941","9bXCwktoZIP4FUrMpRO0ko","9bXCwktoZIP4FUrMpRO0ko@6c48a","9bXCwktoZIP4FUrMpRO0ko@f9941","9dg0dKmjtFYYgEfyxWDhP+","9dg0dKmjtFYYgEfyxWDhP+@6c48a","9dg0dKmjtFYYgEfyxWDhP+@f9941","9f0EZG6VZGg7JnUpt9Dzal","9f0EZG6VZGg7JnUpt9Dzal@6c48a","9f0EZG6VZGg7JnUpt9Dzal@f9941","a0sLyxuOtLl67MJi4tLVRY","a3g3Oy98tJVrdG5lBxHlEg","a3g3Oy98tJVrdG5lBxHlEg@6c48a","a3g3Oy98tJVrdG5lBxHlEg@f9941","a3ky/+z9BGJqvxD5U/Own0","a3ky/+z9BGJqvxD5U/Own0@6c48a","a3ky/+z9BGJqvxD5U/Own0@f9941","a5rEEPQ8hLNZDytFStGrdO","a5rEEPQ8hLNZDytFStGrdO@6c48a","a5rEEPQ8hLNZDytFStGrdO@f9941","a8ZLbD+kVOEabBG381kxla","a8ZLbD+kVOEabBG381kxla@6c48a","a8ZLbD+kVOEabBG381kxla@f9941","a9jRBP4H9A4YUJEe78tp9D","a9jRBP4H9A4YUJEe78tp9D@6c48a","a9jRBP4H9A4YUJEe78tp9D@f9941","abLQbIDrNJdb+rf0F8naA1","abLQbIDrNJdb+rf0F8naA1@6c48a","abLQbIDrNJdb+rf0F8naA1@f9941","abbK7YAkxKAolZ77dafksf","abbK7YAkxKAolZ77dafksf@6c48a","abbK7YAkxKAolZ77dafksf@f9941","aboQukowFKwYt8LP6EfRMW","aboQukowFKwYt8LP6EfRMW@6c48a","aboQukowFKwYt8LP6EfRMW@f9941","achQmaOQpIjKxWeLHLH2X8","achQmaOQpIjKxWeLHLH2X8@6c48a","achQmaOQpIjKxWeLHLH2X8@f9941","aenm0nvUtIoJYMThRoLW4r","aenm0nvUtIoJYMThRoLW4r@6c48a","aenm0nvUtIoJYMThRoLW4r@f9941","b5IwNBplFGnLOqR76Z4IvW","b6dVujAN9BGJstB4e2K45Q","b6zyX8PWlCXa10loFtNjkl","b6zyX8PWlCXa10loFtNjkl@6c48a","b6zyX8PWlCXa10loFtNjkl@f9941","b7ZY8805pCrq4f5+ZVzgTf","b84XkTPDJAnbBAYjoGf1f+","b84XkTPDJAnbBAYjoGf1f+@6c48a","b84XkTPDJAnbBAYjoGf1f+@f9941","bcjZe4jrBLNqbe7Su4TIH7","bcjZe4jrBLNqbe7Su4TIH7@6c48a","bcjZe4jrBLNqbe7Su4TIH7@f9941","c1c4e7trRLk6qsLn2bfdz5","c1c4e7trRLk6qsLn2bfdz5@6c48a","c1c4e7trRLk6qsLn2bfdz5@f9941","c2PMdE2OJHNbIEx8MIXEf5","c2PMdE2OJHNbIEx8MIXEf5@6c48a","c2PMdE2OJHNbIEx8MIXEf5@f9941","c3S6/FoodISqRNk6TQ8m1+","c3u0nKBvRADbB2m/oMbacP","c3u0nKBvRADbB2m/oMbacP@6c48a","c3u0nKBvRADbB2m/oMbacP@f9941","c7v5sNrv1FGbvRcTQy8zEF","c7v5sNrv1FGbvRcTQy8zEF@6c48a","c7v5sNrv1FGbvRcTQy8zEF@f9941","c88zDGQrJCIq8hZ8oXc0Bx","c88zDGQrJCIq8hZ8oXc0Bx@6c48a","c88zDGQrJCIq8hZ8oXc0Bx@f9941","cdt95f2gBH3IR+jtDNT/PM","cdt95f2gBH3IR+jtDNT/PM@6c48a","cdt95f2gBH3IR+jtDNT/PM@f9941","ceSJ+U3d1JrrXmo+x7EzgM","ceSJ+U3d1JrrXmo+x7EzgM@6c48a","ceSJ+U3d1JrrXmo+x7EzgM@f9941","cekcFwortABJX64+6Hev6L","cekcFwortABJX64+6Hev6L@6c48a","cekcFwortABJX64+6Hev6L@f9941","cerVMwwjVOmZrmNZ2chy5R","cerVMwwjVOmZrmNZ2chy5R@6c48a","cerVMwwjVOmZrmNZ2chy5R@f9941","d1yVmQn4lMHZ3N8iqYu+av","d1yVmQn4lMHZ3N8iqYu+av@6c48a","d1yVmQn4lMHZ3N8iqYu+av@f9941","d33rD5rApJnLldSRiF+ccE","d33rD5rApJnLldSRiF+ccE@6c48a","d33rD5rApJnLldSRiF+ccE@f9941","d55YOKwu9GBLA7vC28fEBA","d55YOKwu9GBLA7vC28fEBA@6c48a","d55YOKwu9GBLA7vC28fEBA@f9941","d6rAPCRY5IF6CcLVu/Fjvl","d6rAPCRY5IF6CcLVu/Fjvl@6c48a","d6rAPCRY5IF6CcLVu/Fjvl@f9941","d7jcKAGnxNvrAXnQnpto24","d7jcKAGnxNvrAXnQnpto24@6c48a","d7jcKAGnxNvrAXnQnpto24@f9941","d8r/6Yt89AgLMe1ok7zsA7","d8r/6Yt89AgLMe1ok7zsA7@6c48a","d8r/6Yt89AgLMe1ok7zsA7@f9941","d9Eppg5lhHvbcHwM0rhaFV","d9Eppg5lhHvbcHwM0rhaFV@6c48a","d9Eppg5lhHvbcHwM0rhaFV@f9941","d9wKV8wI1NPLICrmQYfOWF","dcILfD4TVPk4h1ZecwTE5N","dcILfD4TVPk4h1ZecwTE5N@6c48a","dcILfD4TVPk4h1ZecwTE5N@f9941","dcsgURFoBJ759dBqk24hpg","dcsgURFoBJ759dBqk24hpg@6c48a","dcsgURFoBJ759dBqk24hpg@f9941","dc621C8u9LOL0NyQ7iXcBl","dc621C8u9LOL0NyQ7iXcBl@6c48a","dc621C8u9LOL0NyQ7iXcBl@f9941","e7VNkBN1hHkKwa9EbrBy1o","e7VNkBN1hHkKwa9EbrBy1o@6c48a","e7VNkBN1hHkKwa9EbrBy1o@f9941","e8BSU550FOzYm/IEdeBDrU","e8BSU550FOzYm/IEdeBDrU@6c48a","e8BSU550FOzYm/IEdeBDrU@f9941","e8GnTp9spO7o/7lSxVTlAn","e8GnTp9spO7o/7lSxVTlAn@6c48a","e8GnTp9spO7o/7lSxVTlAn@f9941","e8tt+iIV5Bm6ZZKZbF7GGO","e8tt+iIV5Bm6ZZKZbF7GGO@6c48a","e8tt+iIV5Bm6ZZKZbF7GGO@f9941","e9yWxvXp9NQZ2Ep60ARDz/","echeO1KyxF7K1FepV6NvI/","ed4Vi7A1FOCJ46Isiv2die","ed4Vi7A1FOCJ46Isiv2die@6c48a","ed4Vi7A1FOCJ46Isiv2die@f9941","f1FQuRxV5HkK2dJmz/UBzA","f1FQuRxV5HkK2dJmz/UBzA@6c48a","f1FQuRxV5HkK2dJmz/UBzA@f9941","f1n7NlJ2xM9InnwuDYUO9N","f1n7NlJ2xM9InnwuDYUO9N@6c48a","f1n7NlJ2xM9InnwuDYUO9N@f9941","f2L+8aHsZFXapxRmv1r7M5","f2L+8aHsZFXapxRmv1r7M5@6c48a","f2L+8aHsZFXapxRmv1r7M5@f9941","f3dmDH6hdLR4r2G5/9VyhR","f3dmDH6hdLR4r2G5/9VyhR@6c48a","f3dmDH6hdLR4r2G5/9VyhR@f9941","f4IC64d9tOYZfabo8mHJ7J","f4IC64d9tOYZfabo8mHJ7J@6c48a","f4IC64d9tOYZfabo8mHJ7J@f9941","f5C+ddOr1Ggajq1XuLKzD5","f5C+ddOr1Ggajq1XuLKzD5@6c48a","f5C+ddOr1Ggajq1XuLKzD5@f9941","f730Fda6lJo62Z8uk9I9NX","f9Jcy3JEBCEpbHd479pvNM","f9Jcy3JEBCEpbHd479pvNM@6c48a","f9Jcy3JEBCEpbHd479pvNM@f9941","fbDEW1091P24ndXYx6QmEN","fcfPqi9vNLcrYnZzHxz7j9","fcfPqi9vNLcrYnZzHxz7j9@6c48a","fcfPqi9vNLcrYnZzHxz7j9@f9941","feRYH1WAJBsJ8MhKU/mZOC","feRYH1WAJBsJ8MhKU/mZOC@6c48a","feRYH1WAJBsJ8MhKU/mZOC@f9941","ffJLQoNxNK17jk3BVaV35b","ffJLQoNxNK17jk3BVaV35b@6c48a","ffJLQoNxNK17jk3BVaV35b@f9941","20g1ukYUVPvKWKBRznAKo+","20g1ukYUVPvKWKBRznAKo+@6c48a","20g1ukYUVPvKWKBRznAKo+@f9941","54TknWPwVPqJqeCR+Y/Czo","54TknWPwVPqJqeCR+Y/Czo@6c48a","54TknWPwVPqJqeCR+Y/Czo@f9941","7dj5uJT9FMn6OrOOx83tfK@f9941","92TV9zMHNBUYnWqxQ8WrUV","92TV9zMHNBUYnWqxQ8WrUV@6c48a","92TV9zMHNBUYnWqxQ8WrUV@f9941","95EkngnxZFbYuFpsqVTaFr","95EkngnxZFbYuFpsqVTaFr@6c48a","95EkngnxZFbYuFpsqVTaFr@f9941","afxHkx8GZGsJC+n+YfITQo","afxHkx8GZGsJC+n+YfITQo@6c48a","afxHkx8GZGsJC+n+YfITQo@f9941","f5FbxlrnJIWrDtj/oTafi8","ffuIqPr2JI9I8dPLYGRDpD","ffuIqPr2JI9I8dPLYGRDpD@6c48a","ffuIqPr2JI9I8dPLYGRDpD@f9941"],"paths":{"0":["img/0",1,1],"1":["img/0/texture",2,1],"2":["img/0/spriteFrame",3,1],"3":["img/btn_fanhui",1,1],"4":["img/btn_fanhui/texture",2,1],"5":["img/btn_fanhui/spriteFrame",3,1],"6":["img/Jumlah taruhan",1,1],"7":["img/Jumlah taruhan/texture",2,1],"8":["img/Jumlah taruhan/spriteFrame",3,1],"9":["img/icon_lishibox_new",1,1],"10":["img/icon_lishibox_new/texture",2,1],"11":["img/icon_lishibox_new/spriteFrame",3,1],"13":["img/bg_ping_huang",1,1],"14":["img/bg_ping_huang/texture",2,1],"15":["img/bg_ping_huang/spriteFrame",3,1],"16":["prefabs/prefabs_Crash_loading",4,1],"17":["img/bg_xiazhutishi",1,1],"18":["img/bg_xiazhutishi/texture",2,1],"19":["img/bg_xiazhutishi/spriteFrame",3,1],"20":["img/Atur ulang",1,1],"21":["img/Atur ulang/texture",2,1],"22":["img/Atur ulang/spriteFrame",3,1],"23":["img/icon_zuomian_new",1,1],"24":["img/icon_zuomian_new/texture",2,1],"25":["img/icon_zuomian_new/spriteFrame",3,1],"26":["img/btn_shezhi",1,1],"27":["img/btn_shezhi/texture",2,1],"28":["img/btn_shezhi/spriteFrame",3,1],"29":["img/btn_lan",1,1],"30":["img/btn_lan/texture",2,1],"31":["img/btn_lan/spriteFrame",3,1],"32":["audio/bingo",0,1],"33":["audio/btn_click",0,1],"34":["img/bg_xzq_di_2",1,1],"35":["img/bg_xzq_di_2/texture",2,1],"36":["img/bg_xzq_di_2/spriteFrame",3,1],"37":["img/zi_Penmain",1,1],"38":["img/zi_Penmain/texture",2,1],"39":["img/zi_Penmain/spriteFrame",3,1],"40":["img/Lanjut",1,1],"41":["img/Lanjut/texture",2,1],"42":["img/Lanjut/spriteFrame",3,1],"43":["img/btn_longhu_topup",1,1],"44":["img/btn_longhu_topup/texture",2,1],"45":["img/btn_longhu_topup/spriteFrame",3,1],"46":["img/btn_jia_0",1,1],"47":["img/btn_jia_0/texture",2,1],"48":["img/btn_jia_0/spriteFrame",3,1],"49":["img/btn_jian_1",1,1],"50":["img/btn_jian_1/texture",2,1],"51":["img/btn_jian_1/spriteFrame",3,1],"52":["img/bg_xhj",1,1],"53":["img/bg_xhj/texture",2,1],"54":["img/bg_xhj/spriteFrame",3,1],"55":["img/bg_ls_zuom_zi",1,1],"56":["img/bg_ls_zuom_zi/texture",2,1],"57":["img/bg_ls_zuom_zi/spriteFrame",3,1],"58":["skeleton/star",1,1],"59":["skeleton/star/texture",2,1],"60":["skeleton/star/spriteFrame",3,1],"61":["img/icon_sy",1,1],"62":["img/icon_sy/texture",2,1],"63":["img/icon_sy/spriteFrame",3,1],"64":["skeleton/xhj",1,1],"65":["skeleton/xhj/texture",2,1],"66":["skeleton/xhj/spriteFrame",3,1],"67":["img/zi_guize",1,1],"68":["img/zi_guize/texture",2,1],"69":["img/zi_guize/spriteFrame",3,1],"70":["img/icon_dt_loading_1",1,1],"71":["img/icon_dt_loading_1/texture",2,1],"72":["img/icon_dt_loading_1/spriteFrame",3,1],"73":["img/jindu_di",1,1],"74":["img/jindu_di/texture",2,1],"75":["img/jindu_di/spriteFrame",3,1],"76":["img/bg_shezhi_box",1,1],"77":["img/bg_shezhi_box/texture",2,1],"78":["img/bg_shezhi_box/spriteFrame",3,1],"79":["img/icon_win",1,1],"80":["img/icon_win/texture",2,1],"81":["img/icon_win/spriteFrame",3,1],"82":["img/Reset",1,1],"83":["img/Reset/texture",2,1],"84":["img/Reset/spriteFrame",3,1],"85":["img/bg_ls_zuom_lv",1,1],"86":["img/bg_ls_zuom_lv/texture",2,1],"87":["img/bg_ls_zuom_lv/spriteFrame",3,1],"88":["img/icon_lishibox_huang",1,1],"89":["img/icon_lishibox_huang/texture",2,1],"90":["img/icon_lishibox_huang/spriteFrame",3,1],"91":["prefabs/topnavigation",4,1],"92":["img/bg_xinxiban",1,1],"93":["img/bg_xinxiban/texture",2,1],"94":["img/bg_xinxiban/spriteFrame",3,1],"95":["img/bg_hj_zhunbei_box@2x",1,1],"96":["img/bg_hj_zhunbei_box@2x/texture",2,1],"97":["img/bg_hj_zhunbei_box@2x/spriteFrame",3,1],"98":["img/bg_tuichu",1,1],"99":["img/bg_tuichu/texture",2,1],"100":["img/bg_tuichu/spriteFrame",3,1],"101":["img/btn_hj_xiazhubeishu_atur_up@2x",1,1],"102":["img/btn_hj_xiazhubeishu_atur_up@2x/texture",2,1],"103":["img/btn_hj_xiazhubeishu_atur_up@2x/spriteFrame",3,1],"104":["img/bg_hj_loading",1,1],"105":["img/bg_hj_loading/texture",2,1],"106":["img/bg_hj_loading/spriteFrame",3,1],"107":["img/btn_xiazhujine",1,1],"108":["img/btn_xiazhujine/texture",2,1],"109":["img/btn_xiazhujine/spriteFrame",3,1],"110":["img/bg_hj_beishu_box",1,1],"111":["img/bg_hj_beishu_box/texture",2,1],"112":["img/bg_hj_beishu_box/spriteFrame",3,1],"113":["img/Menetapkan",1,1],"114":["img/Menetapkan/texture",2,1],"115":["img/Menetapkan/spriteFrame",3,1],"116":["skeleton/animation_user_bet",5,1],"117":["img/icon_hj_new@2x",1,1],"118":["img/icon_hj_new@2x/texture",2,1],"119":["img/icon_hj_new@2x/spriteFrame",3,1],"120":["img/head",1,1],"121":["img/head/texture",2,1],"122":["img/head/spriteFrame",3,1],"123":["img/xian",1,1],"124":["img/xian/texture",2,1],"125":["img/xian/spriteFrame",3,1],"126":["audio/main_bgm",0,1],"127":["img/icon_lishibox_di_lv",1,1],"128":["img/icon_lishibox_di_lv/texture",2,1],"129":["img/icon_lishibox_di_lv/spriteFrame",3,1],"130":["prefabs/main",4,1],"131":["img/bg_hj_lishitanchuang",1,1],"132":["img/bg_hj_lishitanchuang/texture",2,1],"133":["img/bg_hj_lishitanchuang/spriteFrame",3,1],"134":["img/icon_lishibox_hong",1,1],"135":["img/icon_lishibox_hong/texture",2,1],"136":["img/icon_lishibox_hong/spriteFrame",3,1],"137":["img/icon_longhu_suo",1,1],"138":["img/icon_longhu_suo/texture",2,1],"139":["img/icon_longhu_suo/spriteFrame",3,1],"140":["img/icon_lishibox_di_lan",1,1],"141":["img/icon_lishibox_di_lan/texture",2,1],"142":["img/icon_lishibox_di_lan/spriteFrame",3,1],"143":["audio/ding",0,1],"144":["img/bg_jianbian",1,1],"145":["img/bg_jianbian/texture",2,1],"146":["img/bg_jianbian/spriteFrame",3,1],"147":["img/btn_hj_jinbi_goumai@2x",1,1],"148":["img/btn_hj_jinbi_goumai@2x/texture",2,1],"149":["img/btn_hj_jinbi_goumai@2x/spriteFrame",3,1],"150":["img/jindu_tiao",1,1],"151":["img/jindu_tiao/texture",2,1],"152":["img/jindu_tiao/spriteFrame",3,1],"153":["img/icon_hj_lishi_huang_sml@2x",1,1],"154":["img/icon_hj_lishi_huang_sml@2x/texture",2,1],"155":["img/icon_hj_lishi_huang_sml@2x/spriteFrame",3,1],"156":["img/bg_ls_zuom_hong",1,1],"157":["img/bg_ls_zuom_hong/texture",2,1],"158":["img/bg_ls_zuom_hong/spriteFrame",3,1],"159":["img/Aturan crash",1,1],"160":["img/Aturan crash/texture",2,1],"161":["img/Aturan crash/spriteFrame",3,1],"162":["img/bg_caidan_box",1,1],"163":["img/bg_caidan_box/texture",2,1],"164":["img/bg_caidan_box/spriteFrame",3,1],"165":["img/bg_lishitiao_bg",1,1],"166":["img/bg_lishitiao_bg/texture",2,1],"167":["img/bg_lishitiao_bg/spriteFrame",3,1],"168":["img/bg_guize_box",1,1],"169":["img/bg_guize_box/texture",2,1],"170":["img/bg_guize_box/spriteFrame",3,1],"171":["img/btn_hj_xiazhubeishu_atur_down@2x",1,1],"172":["img/btn_hj_xiazhubeishu_atur_down@2x/texture",2,1],"173":["img/btn_hj_xiazhubeishu_atur_down@2x/spriteFrame",3,1],"174":["img/bg_box_ss",1,1],"175":["img/bg_box_ss/texture",2,1],"176":["img/bg_box_ss/spriteFrame",3,1],"177":["img/btn_lilshi",1,1],"178":["img/btn_lilshi/texture",2,1],"179":["img/btn_lilshi/spriteFrame",3,1],"180":["img/bg_lishi_box",1,1],"181":["img/bg_lishi_box/texture",2,1],"182":["img/bg_lishi_box/spriteFrame",3,1],"183":["img/zi_viptishi",1,1],"184":["img/zi_viptishi/texture",2,1],"185":["img/zi_viptishi/spriteFrame",3,1],"186":["img/bg_hj_huojianguiji@2x",1,1],"187":["img/bg_hj_huojianguiji@2x/texture",2,1],"188":["img/bg_hj_huojianguiji@2x/spriteFrame",3,1],"189":["img/Bet amount",1,1],"190":["img/Bet amount/texture",2,1],"191":["img/Bet amount/spriteFrame",3,1],"192":["img/Max",1,1],"193":["img/Max/texture",2,1],"194":["img/Max/spriteFrame",3,1],"195":["img/Auto stop",1,1],"196":["img/Auto stop/texture",2,1],"197":["img/Auto stop/spriteFrame",3,1],"198":["img/icon_hj_jinbi@2x",1,1],"199":["img/icon_hj_jinbi@2x/texture",2,1],"200":["img/icon_hj_jinbi@2x/spriteFrame",3,1],"201":["img/zi_hj_xiazhuquStopotomaris_up",1,1],"202":["img/zi_hj_xiazhuquStopotomaris_up/texture",2,1],"203":["img/zi_hj_xiazhuquStopotomaris_up/spriteFrame",3,1],"204":["img/jiesuan",1,1],"205":["img/jiesuan/texture",2,1],"206":["img/jiesuan/spriteFrame",3,1],"207":["img/bg_hj_fengexian@2x",1,1],"208":["img/bg_hj_fengexian@2x/texture",2,1],"209":["img/bg_hj_fengexian@2x/spriteFrame",3,1],"210":["img/btn_lv",1,1],"211":["img/btn_lv/texture",2,1],"212":["img/btn_lv/spriteFrame",3,1],"213":["img/bg_tishiguang",1,1],"214":["img/bg_tishiguang/texture",2,1],"215":["img/bg_tishiguang/spriteFrame",3,1],"216":["prefabs/bottom_actionBar",4,1],"217":["img/dengdaixiazhu",1,1],"218":["img/dengdaixiazhu/texture",2,1],"219":["img/dengdaixiazhu/spriteFrame",3,1],"220":["img/bg_jinbibox",1,1],"221":["img/bg_jinbibox/texture",2,1],"222":["img/bg_jinbibox/spriteFrame",3,1],"223":["img/bg_ls_zuom_cheng",1,1],"224":["img/bg_ls_zuom_cheng/texture",2,1],"225":["img/bg_ls_zuom_cheng/spriteFrame",3,1],"226":["img/icon_dt_loading_0",1,1],"227":["img/icon_dt_loading_0/texture",2,1],"228":["img/icon_dt_loading_0/spriteFrame",3,1],"229":["img/icon_lishibox_lv",1,1],"230":["img/icon_lishibox_lv/texture",2,1],"231":["img/icon_lishibox_lv/spriteFrame",3,1],"232":["img/btn_xz_lv",1,1],"233":["img/btn_xz_lv/texture",2,1],"234":["img/btn_xz_lv/spriteFrame",3,1],"235":["img/btn_jia_1",1,1],"236":["img/btn_jia_1/texture",2,1],"237":["img/btn_jia_1/spriteFrame",3,1],"238":["img/TRENDS",1,1],"239":["img/TRENDS/texture",2,1],"240":["img/TRENDS/spriteFrame",3,1],"241":["img/zi_hj_xiazhuquStopotomaris_down",1,1],"242":["img/zi_hj_xiazhuquStopotomaris_down/texture",2,1],"243":["img/zi_hj_xiazhuquStopotomaris_down/spriteFrame",3,1],"244":["img/icon_yy",1,1],"245":["img/icon_yy/texture",2,1],"246":["img/icon_yy/spriteFrame",3,1],"247":["prefabs/rulePanel",4,1],"248":["skeleton/hide",5,1],"249":["img/btn_shezhi_on",1,1],"250":["img/btn_shezhi_on/texture",2,1],"251":["img/btn_shezhi_on/spriteFrame",3,1],"252":["prefabs/rightPanel",4,1],"253":["img/word_vip",1,1],"254":["img/word_vip/texture",2,1],"255":["img/word_vip/spriteFrame",3,1],"256":["img/btn_shezhi_off",1,1],"257":["img/btn_shezhi_off/texture",2,1],"258":["img/btn_shezhi_off/spriteFrame",3,1],"259":["img/bg_touxiangkuang_me",1,1],"260":["img/bg_touxiangkuang_me/texture",2,1],"261":["img/bg_touxiangkuang_me/spriteFrame",3,1],"262":["img/btn_jian_0",1,1],"263":["img/btn_jian_0/texture",2,1],"264":["img/btn_jian_0/spriteFrame",3,1],"265":["skeleton/xhj",6,1],"266":["img/icon_lishibox_di_huang",1,1],"267":["img/icon_lishibox_di_huang/texture",2,1],"268":["img/icon_lishibox_di_huang/spriteFrame",3,1],"269":["img/btn_guize",1,1],"270":["img/btn_guize/texture",2,1],"271":["img/btn_guize/spriteFrame",3,1],"272":["img/btn_hj_lishi_off@2x",1,1],"273":["img/btn_hj_lishi_off@2x/texture",2,1],"274":["img/btn_hj_lishi_off@2x/spriteFrame",3,1],"275":["img/zi_Saldo",1,1],"276":["img/zi_Saldo/texture",2,1],"277":["img/zi_Saldo/spriteFrame",3,1],"278":["img/btn_off",1,1],"279":["img/btn_off/texture",2,1],"280":["img/btn_off/spriteFrame",3,1],"281":["img/btn_caidan",1,1],"282":["img/btn_caidan/texture",2,1],"283":["img/btn_caidan/spriteFrame",3,1],"284":["img/bg_userbox_down@2x",1,1],"285":["img/bg_userbox_down@2x/texture",2,1],"286":["img/bg_userbox_down@2x/spriteFrame",3,1],"287":["img/word_gold",1,1],"288":["img/word_gold/texture",2,1],"289":["img/word_gold/spriteFrame",3,1],"290":["img/bg_hj_xiazhujine@2x",1,1],"291":["img/bg_hj_xiazhujine@2x/texture",2,1],"292":["img/bg_hj_xiazhujine@2x/spriteFrame",3,1],"293":["img/bg_ping_hong",1,1],"294":["img/bg_ping_hong/texture",2,1],"295":["img/bg_ping_hong/spriteFrame",3,1],"296":["img/icon_user",1,1],"297":["img/icon_user/texture",2,1],"298":["img/icon_user/spriteFrame",3,1],"299":["img/bg_xhj_Di",1,1],"300":["img/bg_xhj_Di/texture",2,1],"301":["img/bg_xhj_Di/spriteFrame",3,1],"302":["img/icon_lishibox_lan",1,1],"303":["img/icon_lishibox_lan/texture",2,1],"304":["img/icon_lishibox_lan/spriteFrame",3,1],"305":["img/Settings",1,1],"306":["img/Settings/texture",2,1],"307":["img/Settings/spriteFrame",3,1],"308":["prefabs/game_teen",4,1],"309":["img/Crash rules",1,1],"310":["img/Crash rules/texture",2,1],"311":["img/Crash rules/spriteFrame",3,1],"312":["img/bg_xxxbg",1,1],"313":["img/bg_xxxbg/texture",2,1],"314":["img/bg_xxxbg/spriteFrame",3,1],"315":["img/btn_hj_xiazhujine_down@2x",1,1],"316":["img/btn_hj_xiazhujine_down@2x/texture",2,1],"317":["img/btn_hj_xiazhujine_down@2x/spriteFrame",3,1],"318":["img/bg_ls_zuom_lan",1,1],"319":["img/bg_ls_zuom_lan/texture",2,1],"320":["img/bg_ls_zuom_lan/spriteFrame",3,1],"321":["img/btn_xz_huang",1,1],"322":["img/btn_xz_huang/texture",2,1],"323":["img/btn_xz_huang/spriteFrame",3,1],"324":["img/icon_user_touxianbox",1,1],"325":["img/icon_user_touxianbox/texture",2,1],"326":["img/icon_user_touxianbox/spriteFrame",3,1],"327":["img/icon_lishibox_di_hong",1,1],"328":["img/icon_lishibox_di_hong/texture",2,1],"329":["img/icon_lishibox_di_hong/spriteFrame",3,1],"330":["skeleton/xhj",7,1],"331":["audio/xiu",0,1],"332":["img/btn_xiazhujine-1",1,1],"333":["img/btn_xiazhujine-1/texture",2,1],"334":["img/btn_xiazhujine-1/spriteFrame",3,1],"335":["img/bg_ping_lv",1,1],"336":["img/bg_ping_lv/texture",2,1],"337":["img/bg_ping_lv/spriteFrame",3,1],"338":["img/bg_userbox",1,1],"339":["img/bg_userbox/texture",2,1],"340":["img/bg_userbox/spriteFrame",3,1],"341":["img/jindu_ding",1,1],"342":["img/jindu_ding/texture",2,1],"343":["img/jindu_ding/spriteFrame",3,1],"344":["img/bg_xzq_di_1",1,1],"345":["img/bg_xzq_di_1/texture",2,1],"346":["img/bg_xzq_di_1/spriteFrame",3,1],"347":["img/icon_lishibox_di_zi",1,1],"348":["img/icon_lishibox_di_zi/texture",2,1],"349":["img/icon_lishibox_di_zi/spriteFrame",3,1],"350":["img/word_battle",1,1],"351":["img/word_battle/texture",2,1],"352":["img/word_battle/spriteFrame",3,1],"353":["skeleton/xhj_xingxing",8,1],"354":["img/btn_xzq_lu1",1,1],"355":["img/btn_xzq_lu1/texture",2,1],"356":["img/btn_xzq_lu1/spriteFrame",3,1],"357":["skeleton/animation_title",5,1],"358":["img/icon_lishibox_zi",1,1],"359":["img/icon_lishibox_zi/texture",2,1],"360":["img/icon_lishibox_zi/spriteFrame",3,1],"361":["img/Keluar",1,1],"362":["img/Keluar/texture",2,1],"363":["img/Keluar/spriteFrame",3,1],"364":["img/btn_xz_lan",1,1],"365":["img/btn_xz_lan/texture",2,1],"366":["img/btn_xz_lan/spriteFrame",3,1]},"scenes":{},"packs":{"094aaaaa3":[0,1,2,3,4,5,6,7,8,9,10,11,13,14,15,16,17,18,19,20,21,22,23,24,25,26,27,28,29,30,31,367,368,369,32,33,34,35,36,37,38,39,40,41,42,43,44,45,46,47,48,49,50,51,52,53,54,55,56,57,58,59,60,61,62,63,64,65,66,67,68,69,70,71,72,73,74,75,76,77,78,79,80,81,82,83,84,85,86,87,88,89,90,91,92,93,94,95,96,97,370,371,372,98,99,100,101,102,103,104,105,106,107,108,109,110,111,112,113,114,115,117,118,119,120,121,122,123,124,125,126,127,128,129,130,131,132,133,134,135,136,137,138,139,140,141,142,143,144,145,146,147,148,149,150,151,152,153,154,155,156,157,158,159,160,161,162,163,164,165,166,167,168,169,170,171,172,173,174,175,176,177,178,179,180,181,182,183,184,185,186,187,188,189,190,191,374,375,376,192,193,194,195,196,197,377,378,379,198,199,200,201,202,203,204,205,206,207,208,209,210,211,212,213,214,215,216,217,218,219,220,221,222,223,224,225,226,227,228,229,230,231,232,233,234,235,236,237,238,239,240,241,242,243,244,245,246,380,381,382,247,249,250,251,252,253,254,255,256,257,258,259,260,261,262,263,264,265,266,267,268,269,270,271,272,273,274,275,276,277,278,279,280,281,282,283,284,285,286,287,288,289,290,291,292,293,294,295,296,297,298,299,300,301,302,303,304,305,306,307,308,309,310,311,312,313,314,315,316,317,318,319,320,321,322,323,324,325,326,327,328,329,330,331,332,333,334,335,336,337,338,339,340,341,342,343,344,345,346,347,348,349,350,351,352,383,353,354,355,356,358,359,360,361,362,363,364,365,366,384,385,386]},"versions":{"import":[],"native":[]},"redirect":[373,"0"],"debug":false,"extensionMap":{".cconb":[116,248,357]},"hasPreloadScript":true,"dependencyRelationships":{},"types":["cc.AudioClip","cc.ImageAsset","cc.Texture2D","cc.SpriteFrame","cc.Prefab","cc.AnimationClip","cc.Asset","sp.SkeletonData","cc.ParticleAsset"]}