[1,["4fe44e4d-8dbb-4165-bac5-ce7d4e3b2e53@6c48a"],["_textureSource"],["cc.SpriteFrame"],0,[{"name":"j","rect":{"x":0,"y":0,"width":85,"height":98},"offset":{"x":0,"y":0},"originalSize":{"width":85,"height":98},"rotated":false,"capInsets":[0,0,0,0],"vertices":{"rawPosition":[-42.5,-49,0,42.5,-49,0,-42.5,49,0,42.5,49,0],"indexes":[0,1,2,2,1,3],"uv":[0,98,85,98,0,0,85,0],"nuv":[0,0,1,0,0,1,1,1],"minPos":{"x":-42.5,"y":-49,"z":0},"maxPos":{"x":42.5,"y":49,"z":0}},"packable":true,"pixelsToUnit":100,"pivot":{"x":0.5,"y":0.5},"meshType":0}],[0],0,[0],[0],[0]]
