[1,["51Hfratc5P1pwIStsUAkpJ@6c48a"],["_textureSource"],["cc.SpriteFrame"],0,[{"name":"avatar2","rect":{"x":2,"y":3,"width":2042,"height":1944},"offset":{"x":-1,"y":49},"originalSize":{"width":2048,"height":2048},"rotated":false,"capInsets":[0,0,0,0],"vertices":{"rawPosition":[-1021,-972,0,1021,-972,0,-1021,972,0,1021,972,0],"indexes":[0,1,2,2,1,3],"uv":[2,2045,2044,2045,2,101,2044,101],"nuv":[0.0009765625,0.04931640625,0.998046875,0.04931640625,0.0009765625,0.99853515625,0.998046875,0.99853515625],"minPos":{"x":-1021,"y":-972,"z":0},"maxPos":{"x":1021,"y":972,"z":0}},"packable":true,"pixelsToUnit":100,"pivot":{"x":0.5,"y":0.5},"meshType":0}],[0],0,[0],[0],[0]]
