[1,["a5735377-286f-4c7d-8615-6de180221895@6c48a"],0,[["sp.SkeletonData",["_name","_atlasText","textureNames","_skeletonJson","textures"],-1,3]],[[0,0,1,2,3,4,5]],[[0,"pao-1","\r\npao-1.png\r\nsize: 2518,149\r\nformat: RGBA8888\r\nfilter: Linear,Linear\r\nrepeat: none\r\ncannon_pifu1_0001\r\n  rotate: true\r\n  xy: 538, 3\r\n  size: 144, 163\r\n  orig: 211, 247\r\n  offset: 16, 38\r\n  index: -1\r\ncannon_pifu1_0002\r\n  rotate: true\r\n  xy: 351, 24\r\n  size: 123, 185\r\n  orig: 211, 247\r\n  offset: 14, 26\r\n  index: -1\r\ncannon_pifu1_0003\r\n  rotate: false\r\n  xy: 176, 8\r\n  size: 173, 139\r\n  orig: 211, 247\r\n  offset: 19, 50\r\n  index: -1\r\ncannon_pifu1_0004\r\n  rotate: true\r\n  xy: 2, 6\r\n  size: 141, 172\r\n  orig: 211, 247\r\n  offset: 15, 33\r\n  index: -1\r\ncannon_pifu1_0005\r\n  rotate: true\r\n  xy: 703, 3\r\n  size: 144, 163\r\n  orig: 211, 247\r\n  offset: 16, 38\r\n  index: -1\r\ncannon_pifu1_0_0\r\n  rotate: true\r\n  xy: 868, 3\r\n  size: 144, 163\r\n  orig: 211, 247\r\n  offset: 16, 42\r\n  index: -1\r\ncannon_pifu1_0_1\r\n  rotate: true\r\n  xy: 1033, 3\r\n  size: 144, 163\r\n  orig: 211, 247\r\n  offset: 16, 42\r\n  index: -1\r\ncannon_pifu1_0_2\r\n  rotate: true\r\n  xy: 1198, 2\r\n  size: 145, 163\r\n  orig: 211, 247\r\n  offset: 16, 42\r\n  index: -1\r\ncannon_pifu1_0_3\r\n  rotate: true\r\n  xy: 1363, 2\r\n  size: 145, 163\r\n  orig: 211, 247\r\n  offset: 16, 42\r\n  index: -1\r\ncannon_pifu1_0_4\r\n  rotate: true\r\n  xy: 1528, 3\r\n  size: 144, 163\r\n  orig: 211, 247\r\n  offset: 16, 42\r\n  index: -1\r\ncannon_pifu1_0_5\r\n  rotate: true\r\n  xy: 1693, 3\r\n  size: 144, 163\r\n  orig: 211, 247\r\n  offset: 16, 42\r\n  index: -1\r\ncannon_pifu1_0_6\r\n  rotate: true\r\n  xy: 1858, 3\r\n  size: 144, 163\r\n  orig: 211, 247\r\n  offset: 16, 42\r\n  index: -1\r\ncannon_pifu1_0_7\r\n  rotate: true\r\n  xy: 2023, 3\r\n  size: 144, 163\r\n  orig: 211, 247\r\n  offset: 16, 42\r\n  index: -1\r\ncannon_pifu1_0_8\r\n  rotate: true\r\n  xy: 2188, 3\r\n  size: 144, 163\r\n  orig: 211, 247\r\n  offset: 16, 42\r\n  index: -1\r\ncannon_pifu1_0_9\r\n  rotate: true\r\n  xy: 2353, 3\r\n  size: 144, 163\r\n  orig: 211, 247\r\n  offset: 16, 42\r\n  index: -1\r\n",["pao-1.png"],{"skeleton":{"hash":"C/cN5BYyDtPEeBG/o2yq8IPWE3E","spine":"2.1.27","width":211,"height":247,"images":"./../01/新炮/新炮/pao/pao1/"},"bones":[{"name":"root"},{"name":"dong","parent":"root"},{"name":"jing","parent":"root","y":1.26}],"slots":[{"name":"pao1","bone":"jing"},{"name":"01","bone":"dong","attachment":"cannon_pifu1_0005"}],"skins":{"default":{"01":{"cannon_pifu1_0001":{"y":5.83,"width":211,"height":247},"cannon_pifu1_0002":{"width":211,"height":247},"cannon_pifu1_0003":{"width":211,"height":247},"cannon_pifu1_0004":{"width":211,"height":247},"cannon_pifu1_0005":{"width":211,"height":247}},"pao1":{"cannon_pifu1_0_0":{"width":211,"height":247},"cannon_pifu1_0_1":{"width":211,"height":247},"cannon_pifu1_0_2":{"width":211,"height":247},"cannon_pifu1_0_3":{"width":211,"height":247},"cannon_pifu1_0_4":{"width":211,"height":247},"cannon_pifu1_0_5":{"width":211,"height":247},"cannon_pifu1_0_6":{"width":211,"height":247},"cannon_pifu1_0_7":{"width":211,"height":247},"cannon_pifu1_0_8":{"width":211,"height":247},"cannon_pifu1_0_9":{"width":211,"height":247}}}},"animations":{"dong":{"slots":{"01":{"attachment":[{"time":0,"name":"cannon_pifu1_0001"},{"time":0.1333,"name":"cannon_pifu1_0002"},{"time":0.2666,"name":"cannon_pifu1_0003"},{"time":0.4,"name":"cannon_pifu1_0004"},{"time":0.5333,"name":"cannon_pifu1_0005"}]},"pao1":{"attachment":[{"time":0,"name":null}]}},"bones":{"dong":{"translate":[{"time":0,"x":0,"y":-1.67},{"time":0.1333,"x":0,"y":5.58},{"time":0.2666,"x":0,"y":5.39},{"time":0.4,"x":0,"y":6.04},{"time":0.5333,"x":0,"y":4.46}]}}},"jing":{"slots":{"01":{"attachment":[{"time":0,"name":null},{"time":0.1333,"name":null},{"time":0.2666,"name":null},{"time":0.4,"name":null},{"time":0.5333,"name":null}]},"pao1":{"attachment":[{"time":0,"name":"cannon_pifu1_0_0"},{"time":0.1333,"name":"cannon_pifu1_0_1"},{"time":0.2666,"name":"cannon_pifu1_0_2"},{"time":0.4,"name":"cannon_pifu1_0_3"},{"time":0.5333,"name":"cannon_pifu1_0_4"},{"time":0.6666,"name":"cannon_pifu1_0_5"},{"time":0.8,"name":"cannon_pifu1_0_6"},{"time":0.9333,"name":"cannon_pifu1_0_7"},{"time":1.0666,"name":"cannon_pifu1_0_8"},{"time":1.2,"name":"cannon_pifu1_0_9"}]}},"bones":{"dong":{"translate":[{"time":0,"x":0,"y":0},{"time":0.1333,"x":3.37,"y":5.9},{"time":0.2666,"x":-5.06,"y":6.75},{"time":0.4,"x":1.68,"y":6.75},{"time":0.5333,"x":0.84,"y":6.75}]}}}}},[0]]],0,0,[0],[-1],[0]]
