[1,["a5QZltxbVLm4KoAasGtUK2@6c48a"],["_textureSource"],["cc.SpriteFrame"],0,[{"name":"tubiao_xiwa","rect":{"x":0,"y":0,"width":143,"height":133},"offset":{"x":0,"y":0},"originalSize":{"width":143,"height":133},"rotated":false,"capInsets":[0,0,0,0],"vertices":{"rawPosition":[-71.5,-66.5,0,71.5,-66.5,0,-71.5,66.5,0,71.5,66.5,0],"indexes":[0,1,2,2,1,3],"uv":[0,133,143,133,0,0,143,0],"nuv":[0,0,1,0,0,1,1,1],"minPos":{"x":-71.5,"y":-66.5,"z":0},"maxPos":{"x":71.5,"y":66.5,"z":0}},"packable":true,"pixelsToUnit":100,"pivot":{"x":0.5,"y":0.5},"meshType":0}],[0],0,[0],[0],[0]]
