[1,["fc8b5UvE5GSLwo/+XTimA/@f9941","eeSAAQk5dBrJD4Khkr2QZD","cdXzSYt3pDB627Zu9Qc5vW@6c48a","2cuQsyDZxPKJPsdX7VZ476"],["node","_font","root","ndConfirm","ndFreeWin","labFreeNum","target","data","_skeletonData","_spriteFrame","_normalSprite"],[["cc.Node",["_name","_components","_prefab","_parent","_children","_lpos"],2,9,4,1,2,5],["cc.Button",["_transition","_zoomScale","node","__prefab","clickEvents","_normalSprite"],1,1,4,9,6],["cc.Label",["_string","_actualFontSize","_fontSize","_isSystemFontUsed","_lineHeight","_overflow","node","__prefab","_font"],-3,1,4,6],["sp.SkeletonData",["_name","_atlasText","textureNames","_skeletonJson","textures"],-1,3],["cc.Prefab",["_name"],2],["cc.Node",["_name","_parent","_components","_prefab","_lpos"],2,1,12,4,5],["cc.UITransform",["node","__prefab","_contentSize"],3,1,4,5],["cc.CompPrefabInfo",["fileId"],2],["cc.Widget",["_alignFlags","_originalWidth","_originalHeight","node","__prefab"],0,1,4],["729afJTSyxAY5IBwVZzMphV",["node","__prefab","labFreeNum","ndFreeWin","ndConfirm"],3,1,4,1,1,1],["cc.ClickEvent",["_componentId","handler","target"],1,1],["cc.PrefabInfo",["fileId","instance","targetOverrides","nestedPrefabInstanceRoots","root","asset"],-1,1,1],["cc.Sprite",["_type","_sizeMode","node","__prefab","_spriteFrame"],1,1,4,6],["235e5m/xF1Cf6GLGOBIaQ6o",["node","__prefab"],3,1,4],["sp.Skeleton",["defaultSkin","defaultAnimation","_premultipliedAlpha","_preCacheMode","node","__prefab","_skeletonData"],-1,1,4,6]],[[7,0,2],[6,0,1,2,1],[11,0,1,2,3,4,5,5],[0,0,3,1,2,5,2],[10,0,1,2,3],[3,0,1,2,3,4,5],[4,0,2],[0,0,4,1,2,2],[0,0,3,1,2,2],[5,0,1,2,3,4,2],[8,0,1,2,3,4,4],[9,0,1,2,3,4,1],[1,2,3,4,1],[1,0,1,2,3,4,5,3],[12,0,1,2,3,4,3],[2,0,1,2,4,5,3,6,7,8,7],[2,0,1,2,3,6,7,5],[13,0,1,1],[14,0,1,2,3,4,5,6,5]],[[[[5,"you on","\r\nyou on.png\r\nsize: 1966,712\r\nformat: RGBA8888\r\nfilter: Linear,Linear\r\nrepeat: none\r\nbjguang\r\n  rotate: false\r\n  xy: 1111, 424\r\n  size: 298, 286\r\n  orig: 298, 286\r\n  offset: 0, 0\r\n  index: -1\r\nfubiaoti\r\n  rotate: false\r\n  xy: 2, 146\r\n  size: 455, 38\r\n  orig: 458, 40\r\n  offset: 1, 1\r\n  index: -1\r\nhuzi\r\n  rotate: true\r\n  xy: 1630, 243\r\n  size: 211, 59\r\n  orig: 211, 59\r\n  offset: 0, 0\r\n  index: -1\r\nkuang\r\n  rotate: false\r\n  xy: 2, 298\r\n  size: 866, 412\r\n  orig: 868, 414\r\n  offset: 1, 1\r\n  index: -1\r\nmao1\r\n  rotate: true\r\n  xy: 394, 4\r\n  size: 140, 80\r\n  orig: 140, 80\r\n  offset: 0, 0\r\n  index: -1\r\nmao2\r\n  rotate: true\r\n  xy: 1331, 276\r\n  size: 146, 66\r\n  orig: 146, 66\r\n  offset: 0, 0\r\n  index: -1\r\nmao3\r\n  rotate: false\r\n  xy: 1551, 47\r\n  size: 93, 41\r\n  orig: 95, 41\r\n  offset: 2, 0\r\n  index: -1\r\nshenzi\r\n  rotate: false\r\n  xy: 870, 302\r\n  size: 239, 408\r\n  orig: 242, 411\r\n  offset: 0, 3\r\n  index: -1\r\ntou\r\n  rotate: false\r\n  xy: 1737, 453\r\n  size: 219, 257\r\n  orig: 219, 271\r\n  offset: 0, 0\r\n  index: -1\r\nupPL00\r\n  rotate: false\r\n  xy: 1087, 2\r\n  size: 143, 127\r\n  orig: 147, 133\r\n  offset: 2, 3\r\n  index: -1\r\nupPL01\r\n  rotate: false\r\n  xy: 1245, 20\r\n  size: 151, 113\r\n  orig: 156, 118\r\n  offset: 2, 3\r\n  index: -1\r\nupPL02\r\n  rotate: true\r\n  xy: 1849, 298\r\n  size: 153, 115\r\n  orig: 158, 120\r\n  offset: 2, 3\r\n  index: -1\r\nupPL03\r\n  rotate: false\r\n  xy: 1691, 19\r\n  size: 153, 126\r\n  orig: 158, 130\r\n  offset: 2, 2\r\n  index: -1\r\nupPL04\r\n  rotate: false\r\n  xy: 1691, 147\r\n  size: 154, 129\r\n  orig: 159, 134\r\n  offset: 2, 2\r\n  index: -1\r\nupPL05\r\n  rotate: false\r\n  xy: 930, 7\r\n  size: 155, 132\r\n  orig: 160, 137\r\n  offset: 2, 2\r\n  index: -1\r\nupPL06\r\n  rotate: false\r\n  xy: 1402, 133\r\n  size: 156, 135\r\n  orig: 161, 138\r\n  offset: 2, 2\r\n  index: -1\r\nupPL07\r\n  rotate: false\r\n  xy: 1245, 135\r\n  size: 155, 139\r\n  orig: 159, 143\r\n  offset: 2, 2\r\n  index: -1\r\nupPL08\r\n  rotate: false\r\n  xy: 1087, 131\r\n  size: 156, 145\r\n  orig: 159, 149\r\n  offset: 2, 2\r\n  index: -1\r\nupPL09\r\n  rotate: false\r\n  xy: 930, 141\r\n  size: 155, 159\r\n  orig: 159, 164\r\n  offset: 2, 3\r\n  index: -1\r\nupPL10\r\n  rotate: false\r\n  xy: 616, 23\r\n  size: 154, 164\r\n  orig: 159, 169\r\n  offset: 3, 3\r\n  index: -1\r\nupPL11\r\n  rotate: false\r\n  xy: 772, 26\r\n  size: 156, 161\r\n  orig: 161, 165\r\n  offset: 3, 2\r\n  index: -1\r\nupPL12\r\n  rotate: false\r\n  xy: 1691, 278\r\n  size: 156, 173\r\n  orig: 161, 179\r\n  offset: 3, 3\r\n  index: -1\r\nupPL13\r\n  rotate: false\r\n  xy: 476, 11\r\n  size: 138, 173\r\n  orig: 142, 178\r\n  offset: 2, 2\r\n  index: -1\r\nupPL14\r\n  rotate: true\r\n  xy: 203, 6\r\n  size: 138, 189\r\n  orig: 141, 194\r\n  offset: 2, 2\r\n  index: -1\r\nupPL15\r\n  rotate: false\r\n  xy: 1398, 8\r\n  size: 151, 123\r\n  orig: 156, 126\r\n  offset: 3, 1\r\n  index: -1\r\nupPL16\r\n  rotate: true\r\n  xy: 1560, 90\r\n  size: 151, 129\r\n  orig: 155, 133\r\n  offset: 2, 2\r\n  index: -1\r\nweiba\r\n  rotate: false\r\n  xy: 604, 189\r\n  size: 231, 107\r\n  orig: 231, 107\r\n  offset: 0, 0\r\n  index: -1\r\nyou won\r\n  rotate: false\r\n  xy: 2, 186\r\n  size: 600, 110\r\n  orig: 603, 112\r\n  offset: 1, 1\r\n  index: -1\r\nyouyunwen2\r\n  rotate: false\r\n  xy: 1411, 270\r\n  size: 217, 184\r\n  orig: 227, 192\r\n  offset: 1, 3\r\n  index: -1\r\nyouyunwenqian\r\n  rotate: false\r\n  xy: 2, 3\r\n  size: 199, 141\r\n  orig: 201, 150\r\n  offset: 1, 5\r\n  index: -1\r\nzhuazi\r\n  rotate: true\r\n  xy: 1849, 196\r\n  size: 100, 106\r\n  orig: 100, 119\r\n  offset: 0, 13\r\n  index: -1\r\nzuoduzi\r\n  rotate: true\r\n  xy: 1411, 456\r\n  size: 254, 324\r\n  orig: 254, 385\r\n  offset: 0, 0\r\n  index: -1\r\nzuoyunwen\r\n  rotate: false\r\n  xy: 1111, 278\r\n  size: 218, 144\r\n  orig: 220, 146\r\n  offset: 1, 1\r\n  index: -1\r\n",["you on.png"],{"skeleton":{"hash":"RjJ0Eprr9f+w3bRHEggJHkyopQs","spine":"3.8.99","x":-721.39,"y":-718.24,"width":1441.74,"height":1437.52,"images":"./images/","audio":"D:/12月/多福多财/动画/you won"},"bones":[{"name":"root"},{"name":"bjguang","parent":"root","length":10.65,"rotation":92.05,"x":-0.53,"y":0.52},{"name":"zuoduzi","parent":"root","length":37.89,"rotation":-38.5,"x":-454.74,"y":58.74},{"name":"bone","parent":"root","length":73.46,"rotation":104.93,"x":-445.58,"y":-122.79},{"name":"bone2","parent":"bone","length":86.26,"rotation":-43.43,"x":97.75,"y":-5.33},{"name":"bone3","parent":"bone2","length":25.32,"rotation":62.56,"x":88.66,"y":11.58},{"name":"bone4","parent":"bone3","length":26.98,"rotation":0.47,"x":-9.4,"y":32.5},{"name":"bone5","parent":"bone4","length":25.54,"rotation":38.73,"x":-11.21,"y":22.2},{"name":"bone6","parent":"bone5","length":17.78,"rotation":9.58,"x":11.18,"y":24.55},{"name":"bone7","parent":"bone6","length":35.29,"rotation":57.69,"x":-0.24,"y":21.33},{"name":"bone8","parent":"bone7","length":31.5,"rotation":3.04,"x":30.1,"y":24.86},{"name":"bone9","parent":"bone8","length":28.64,"rotation":4,"x":-0.09,"y":22.97},{"name":"bone10","parent":"bone9","length":21.06,"rotation":-0.13,"x":8.16,"y":23.7},{"name":"weiba","parent":"root","length":59.19,"rotation":25.02,"x":-374.66,"y":-207.48},{"name":"weiba2","parent":"weiba","length":41.92,"rotation":-39.84,"x":129.76,"y":-6.63},{"name":"weiba3","parent":"weiba2","length":19.22,"rotation":44.57,"x":-2.75,"y":10.37},{"name":"weiba4","parent":"weiba3","length":17.72,"rotation":12.53,"x":-24.25,"y":15.23},{"name":"weiba5","parent":"weiba4","length":21.32,"rotation":-68.84,"x":1.44,"y":-30.31},{"name":"weiba6","parent":"weiba5","length":17.6,"rotation":-1.74,"x":-15.46,"y":-11.73},{"name":"zuoyunwen","parent":"root","length":16.74,"rotation":92.49,"x":-424.46,"y":-167.73},{"name":"shenzi","parent":"root","length":46.26,"rotation":-26.08,"x":435.38,"y":231.14},{"name":"shenzi2","parent":"shenzi","length":24.05,"rotation":-46.82,"x":51.38,"y":-2.42},{"name":"shenzi3","parent":"shenzi2","length":26.01,"rotation":-26.89,"x":32.76,"y":-1.75},{"name":"shenzi4","parent":"shenzi3","length":24.63,"rotation":-11.25,"x":34.15,"y":-0.39},{"name":"shenzi5","parent":"shenzi4","length":24.51,"rotation":-4.6,"x":27.1,"y":0.95},{"name":"shenzi6","parent":"shenzi5","length":25.77,"rotation":-5.32,"x":28.05,"y":-1.24},{"name":"shenzi7","parent":"shenzi6","length":30.48,"rotation":1.42,"x":27.44,"y":-1.06},{"name":"shenzi8","parent":"shenzi7","length":38.84,"rotation":-11.77,"x":34.97,"y":-2.54},{"name":"tou","parent":"root","length":28.38,"rotation":33.69,"x":314.23,"y":177.33},{"name":"tou2","parent":"tou","length":24.94,"rotation":-7.13,"x":33.11},{"name":"tou3","parent":"tou2","length":17.33,"rotation":2.91,"x":31.1,"y":0.59},{"name":"tou4","parent":"tou3","length":18.48,"rotation":-2,"x":24.98,"y":0.2},{"name":"tou5","parent":"tou4","length":19.07,"rotation":-0.91,"x":20.28,"y":2.03},{"name":"tou6","parent":"tou5","length":19.02,"rotation":-26.57,"x":-24.94,"y":-13.2},{"name":"tou7","parent":"tou6","length":23.63,"rotation":1.59,"x":22.96,"y":-1.97},{"name":"tou8","parent":"tou7","length":18.38,"rotation":0.45,"x":-35.39,"y":-21.99},{"name":"tou9","parent":"tou8","length":23.7,"rotation":-6.81,"x":22.41,"y":2.48},{"name":"tou10","parent":"tou9","length":27.91,"rotation":65.19,"x":-56.71,"y":48.59},{"name":"tou11","parent":"tou10","length":24.4,"rotation":-24.17,"x":38.24,"y":-0.93},{"name":"tou12","parent":"tou11","length":36.44,"rotation":-12.92,"x":41.54,"y":-7.69},{"name":"tou13","parent":"tou12","length":38.75,"rotation":10.63,"x":43.16,"y":0.67},{"name":"tou14","parent":"tou13","length":20.25,"rotation":31.14,"x":49.13,"y":0.13},{"name":"tou15","parent":"tou14","length":14.84,"rotation":-20.1,"x":-39.69,"y":48.11},{"name":"tou16","parent":"tou15","length":17.6,"rotation":18.43,"x":19.95,"y":2.32},{"name":"mao1","parent":"root","length":23.88,"rotation":48.12,"x":377.77,"y":228.55},{"name":"mao2","parent":"mao1","length":19.63,"rotation":-9.46,"x":29.89,"y":-1.2},{"name":"mao3","parent":"mao2","length":18.67,"rotation":-15.46,"x":24.32,"y":0.96},{"name":"mao4","parent":"mao3","length":21.67,"rotation":-15.07,"x":19.72,"y":0.89},{"name":"mao5","parent":"mao4","length":15.76,"rotation":5.37,"x":24.79,"y":0.17},{"name":"mao6","parent":"mao5","length":13.2,"rotation":8.31,"x":18.43,"y":0.62},{"name":"mao7","parent":"mao6","length":10.4,"rotation":23.2,"x":15.48,"y":-0.91},{"name":"mao8","parent":"root","length":25.67,"rotation":33.31,"x":396.16,"y":216.29},{"name":"mao9","parent":"mao8","length":24.25,"rotation":-12.59,"x":30.09,"y":0.03},{"name":"mao10","parent":"mao9","length":25.75,"rotation":-20.73,"x":32.51,"y":2.77},{"name":"mao11","parent":"mao10","length":16.29,"rotation":-19.8,"x":29.42,"y":-1.23},{"name":"mao12","parent":"mao11","length":15.76,"rotation":6.3,"x":21.16,"y":-0.85},{"name":"mao13","parent":"mao12","length":8.78,"rotation":25.59,"x":16.95,"y":0.29},{"name":"mao14","parent":"root","length":15.47,"rotation":33.69,"x":418.84,"y":209.55},{"name":"huzi","parent":"root","length":11.59,"rotation":-82.15,"x":313.35,"y":206},{"name":"zhuazi","parent":"root","length":16.11,"rotation":-85.36,"x":477.05,"y":94.25},{"name":"zhuazi2","parent":"zhuazi","length":11.73,"rotation":-2.51,"x":18.27,"y":-0.18},{"name":"zhuazi3","parent":"zhuazi2","length":9.99,"rotation":0.37,"x":14.34,"y":0.34},{"name":"zhuazi4","parent":"zhuazi3","length":7.38,"rotation":-2.49,"x":11.27,"y":-0.49},{"name":"zhuazi5","parent":"zhuazi4","length":8.25,"x":8.68,"y":-0.43},{"name":"zhuazi6","parent":"zhuazi5","length":13.52,"rotation":5.53,"x":10.42},{"name":"zhuazi7","parent":"zhuazi6","length":11.09,"rotation":-126.11,"x":10.13,"y":-7.96},{"name":"zhuazi8","parent":"zhuazi7","length":10.24,"rotation":-5.8,"x":14.74,"y":0.65},{"name":"zhuazi9","parent":"zhuazi8","length":9.23,"rotation":-4.8,"x":12.84,"y":-1.32},{"name":"zhuazi10","parent":"zhuazi9","length":10.75,"rotation":-2.18,"x":11.47,"y":1.39},{"name":"zhuazi11","parent":"zhuazi10","length":9.99,"rotation":8.98,"x":12.24,"y":-1.58},{"name":"mao15","parent":"root","length":8.03,"rotation":48.58,"x":421.3,"y":208.89},{"name":"mao16","parent":"mao15","length":12.51,"rotation":-23.46,"x":11.49,"y":-0.72},{"name":"mao17","parent":"mao16","length":13.1,"rotation":-6.19,"x":15.81,"y":1.19},{"name":"mao18","parent":"mao17","length":14.87,"rotation":-18.92,"x":17.23,"y":-1.04},{"name":"mao19","parent":"mao18","length":10.93,"rotation":-24.9,"x":18.76,"y":-1.42},{"name":"mao20","parent":"mao19","length":8.93,"rotation":-31.41,"x":13.28,"y":-0.86},{"name":"huzi2","parent":"root","length":12.28,"rotation":-72.12,"x":312.62,"y":205.23},{"name":"huzi3","parent":"huzi2","length":9.31,"rotation":40.36,"x":14.9,"y":0.74},{"name":"huzi4","parent":"huzi3","length":10.56,"rotation":29.71,"x":13.88,"y":1.94},{"name":"huzi5","parent":"huzi4","length":11.48,"rotation":25.24,"x":13.12,"y":2.35},{"name":"huzi6","parent":"huzi5","length":11.92,"rotation":11.5,"x":19.16,"y":1.63},{"name":"huzi7","parent":"huzi6","length":12.82,"rotation":-6.62,"x":18.22,"y":1.14},{"name":"huzi8","parent":"huzi7","length":12.91,"rotation":-21.36,"x":20.6,"y":0.98},{"name":"huzi9","parent":"huzi8","length":11.7,"rotation":-8.3,"x":15.8,"y":-0.71},{"name":"huzi10","parent":"huzi9","length":10.45,"rotation":-3.76,"x":13.99,"y":-0.26},{"name":"huzi11","parent":"huzi10","length":8.83,"rotation":-0.98,"x":12.39,"y":0.18},{"name":"huzi12","parent":"huzi11","length":7.81,"rotation":3.95,"x":9.48,"y":0.07},{"name":"huzi13","parent":"huzi12","length":8.15,"rotation":-2.19,"x":9.44,"y":-0.26},{"name":"huzi14","parent":"huzi13","length":10.08,"rotation":6.42,"x":9.72,"y":0.78},{"name":"huzi15","parent":"huzi14","length":9.8,"rotation":3.86,"x":13.02,"y":0.56},{"name":"huzi16","parent":"huzi15","length":9.25,"rotation":12.72,"x":12.48,"y":0.71},{"name":"huzi17","parent":"huzi16","length":9.36,"rotation":1.89,"x":10.89,"y":-0.21}],"slots":[{"name":"zuoduzi","bone":"bone10","attachment":"zuoduzi"},{"name":"youyunwen2","bone":"root","attachment":"youyunwen2"},{"name":"shenzi","bone":"shenzi","attachment":"shenzi"},{"name":"zuoyunwen","bone":"zuoyunwen","attachment":"zuoyunwen"},{"name":"youyunwenqian","bone":"root","attachment":"youyunwenqian"},{"name":"bjguang","bone":"bjguang","attachment":"bjguang"},{"name":"upPL0","bone":"root","attachment":"upPL16"},{"name":"kuang","bone":"root","attachment":"kuang"},{"name":"zhuazi","bone":"zhuazi","attachment":"zhuazi"},{"name":"weiba","bone":"weiba","attachment":"weiba"},{"name":"mao3","bone":"mao15","attachment":"mao3"},{"name":"mao2","bone":"mao8","attachment":"mao2"},{"name":"mao1","bone":"mao1","attachment":"mao1"},{"name":"tou","bone":"tou","attachment":"tou"},{"name":"huzi","bone":"huzi2","attachment":"huzi"},{"name":"you won","bone":"root","attachment":"you won"},{"name":"fubiaoti","bone":"root","attachment":"fubiaoti"}],"skins":[{"name":"default","attachments":{"bjguang":{"bjguang":{"type":"mesh","hull":4,"width":298,"height":286,"uvs":[1,1,0,1,0,0,1,0],"triangles":[1,2,3,1,3,0],"vertices":[-744.03,-694.76,-692.57,746.06,744.03,694.76,692.57,-746.06],"edges":[0,2,2,4,4,6,0,6]}},"fubiaoti":{"fubiaoti":{"x":-4.92,"y":-65.25,"width":458,"height":40}},"huzi":{"huzi":{"type":"mesh","hull":26,"width":211,"height":59,"uvs":[0.00027,0.42769,0,0.85438,0,1,0.12084,1,0.21126,0.97565,0.27406,0.80049,0.33309,0.67023,0.39463,0.50404,0.48129,0.44566,0.6119,0.49506,0.7488,0.48159,0.84299,0.44116,0.94472,0.35133,1,0.17167,1,0.01447,0.91584,0.09981,0.81662,0.25252,0.68475,0.23904,0.53906,0.18515,0.44738,0.14921,0.32555,0.33337,0.22257,0.60735,0.14219,0.7421,0.10577,0.74659,0.06683,0.60286,0.06809,0.41421],"triangles":[15,14,13,12,15,13,12,11,15,11,16,15,10,17,16,10,16,11,9,18,17,9,17,10,8,19,18,8,18,9,8,7,19,7,20,19,6,20,7,21,20,6,5,21,6,4,21,5,4,22,21,3,23,22,3,22,4,3,1,23,3,2,1,24,0,25,1,0,24,1,24,23],"vertices":[1,58,-7.3,-5.27,1,2,58,17.63,-8.76,0.45228,77,-7.13,-9.04,0.54772,2,58,26.14,-9.94,0.16709,77,-2.6,-16.35,0.83291,2,77,19.07,-2.92,0.0835,78,2.1,-6.8,0.9165,2,78,21.12,-4.68,0.12984,79,4.24,-9.78,0.87016,3,79,20.49,-5.5,0.16991,80,-0.12,-7.25,0.83009,82,-31.08,-24.43,0,3,80,14.49,-8.03,0.65807,81,-2.64,-9.54,0.34192,82,-17.81,-18.26,0,2,81,13.43,-7,0.81839,82,-3.77,-10.04,0.18161,4,81,31.19,-12.56,0.00089,82,14.79,-8.75,0.2674,83,0.17,-8.1,0.72798,84,-13.28,-8.73,0.00373,3,84,14.43,-9.06,0.29959,85,2.21,-9.21,0.70018,86,-7.89,-8.76,0.00024,2,87,11.73,-6.06,0.57483,88,1.24,-7.02,0.42517,3,88,21.18,-5.28,0.00368,89,7.74,-6.37,0.97519,90,-6.18,-5.86,0.02114,2,90,15.86,-7.62,0,91,4.71,-7.57,1,1,91,19.33,-1.68,1,1,91,22.55,7.01,1,2,90,14.77,8.39,0.14228,91,4.15,8.46,0.85772,3,88,15.97,6.03,0.01121,89,3.31,5.26,0.93388,90,-7.94,6.46,0.05492,4,85,15.81,7.5,0.01547,86,6.84,6.98,0.77789,87,-2.88,7.13,0.15812,88,-11.81,7.72,0.04851,2,83,11.92,7.6,0.65482,84,-2.57,7.71,0.34518,2,82,9.73,9.45,0.95158,83,-7.47,9.18,0.04842,2,80,24.5,9.22,0.00217,81,5.31,8.75,0.99783,2,79,14.99,9.25,0.38574,80,-2.57,8.3,0.61426,3,77,14.9,12.38,0.04019,78,6.06,8.57,0.52346,79,-3.73,8.63,0.43635,4,58,14.38,14.21,0.04065,77,8.5,8.11,0.57479,78,-1.61,8.03,0.35147,79,-10.9,11.41,0.03308,3,58,4.85,7.23,0.82721,77,-2.95,11,0.17223,78,-10.12,16.21,0.00056,1,58,-6.14,9.02,1],"edges":[0,2,2,4,4,6,6,8,8,10,10,12,12,14,14,16,16,18,18,20,20,22,22,24,24,26,26,28,28,30,30,32,32,34,34,36,36,38,38,40,40,42,42,44,44,46,46,48,48,50,0,50]}},"kuang":{"kuang":{"x":-2.92,"y":25.75,"width":868,"height":414}},"mao1":{"mao1":{"type":"mesh","hull":13,"width":140,"height":80,"uvs":[0.02023,0.96587,0,0.71432,0.02023,0.32822,0.18737,0.09422,0.40466,0.00647,0.68212,0.00062,0.9462,0.00062,1,0,0.95957,0.19367,0.74229,0.51542,0.51163,0.60317,0.30772,0.91907,0.22749,1],"triangles":[8,5,6,8,6,7,10,5,9,8,9,5,10,4,5,10,3,4,2,3,11,10,11,3,11,12,1,12,0,1,1,2,11],"vertices":[1,44,-10.59,-0.28,1,3,44,2.51,15.26,0.988,45,-29.71,11.73,0.00829,46,-54.95,-4.02,0.00371,4,44,27.39,33.77,0.47223,45,-8.21,34.08,0.38101,46,-40.18,23.26,0.12641,47,-63.65,6.03,0.02035,4,44,56.95,28.85,0.05627,45,21.76,34.08,0.33504,46,-11.3,31.24,0.40048,47,-37.84,21.25,0.20821,4,45,49.9,20.56,0.00672,46,19.43,25.71,0.12375,47,-6.73,23.9,0.86945,48,-29.17,26.57,0.00008,3,47,31.78,18.87,0.13897,48,8.71,17.96,0.69493,49,-7.11,18.56,0.1661,2,49,27.21,4.83,0.00134,50,13.05,0.66,0.99866,1,50,18.41,-4.63,1,3,48,42.88,-6.12,0.0044,49,23.22,-10.2,0.01376,50,3.45,-11.59,0.98185,6,45,61.37,-40.76,0.00252,46,46.84,-30.33,0.12654,47,34.3,-23.09,0.10967,48,7.29,-24.05,0.75333,49,-14.59,-22.8,0.00531,50,-36.26,-8.28,0.00262,4,45,31.77,-26.07,0.28271,46,14.39,-24.06,0.66127,47,1.34,-25.48,0.02646,48,-25.75,-23.34,0.02956,3,44,19.07,-27.75,0.44456,45,-6.31,-27.97,0.54608,46,-21.8,-36.05,0.00936,2,44,6.75,-23.71,0.73146,45,-19.12,-26.01,0.26854],"edges":[0,2,2,4,4,6,6,8,8,10,10,12,12,14,14,16,16,18,18,20,20,22,22,24,0,24]}},"mao2":{"mao2":{"type":"mesh","hull":16,"width":146,"height":66,"uvs":[0.00583,0.9711,0,0.62872,0.05567,0.3966,0.18421,0.22831,0.30226,0.10064,0.47802,0,0.64853,0.05422,0.8479,0.36178,1,0.46043,1,0.65773,0.82167,0.69255,0.65116,0.62291,0.45703,0.65193,0.28652,0.84923,0.19208,1,0.05567,1],"triangles":[9,10,8,10,11,7,10,7,8,11,6,7,12,6,11,12,5,6,12,4,5,12,3,4,12,13,3,13,14,1,1,14,15,15,0,1,1,2,13,2,3,13],"vertices":[1,51,-14.67,-1.88,1,2,51,-2.98,17.47,0.99221,52,-36.69,7.19,0.00779,2,51,12.23,25.81,0.85264,52,-24.52,19.55,0.14736,3,51,34.01,24.78,0.2779,52,-3.36,24.84,0.68519,53,-42.02,2.84,0.03691,3,51,53.04,22.36,0.00863,52,15.56,27.99,0.68685,53,-26.73,14.43,0.30452,2,52,42.05,27.02,0.05689,53,-2.84,25.9,0.94311,2,53,22.28,27.2,0.93264,54,-16.35,24.32,0.06736,3,53,54.76,12.9,0.04287,54,19.05,21.87,0.42333,55,0.41,22.82,0.53381,2,54,41.45,27.7,0.0107,55,23.31,26.15,0.9893,1,55,28.73,14.31,1,2,54,26.99,1.17,0.02145,55,6.02,1.37,0.97855,3,52,54.53,-19.6,0.00087,53,29.9,-9.56,0.13925,54,3.27,-7.68,0.85989,4,51,51.95,-20.46,0.0027,52,26.82,-13.34,0.72211,53,2.46,-16.91,0.2747,54,-20.06,-23.89,0.00048,2,51,23.99,-17.67,0.70855,52,-0.76,-18.7,0.29145,2,51,7,-18.41,0.99888,52,-16.81,-24.3,0.00112,1,51,-9.64,-7.47,1],"edges":[0,2,2,4,4,6,6,8,8,10,10,12,12,14,14,16,16,18,18,20,20,22,22,24,24,26,26,28,28,30,0,30]}},"mao3":{"mao3":{"type":"mesh","hull":14,"width":95,"height":41,"uvs":[0.02132,0.90902,0.02132,0.54121,0.21564,0.19878,0.3908,0.02121,0.62617,0,0.91901,0.15438,0.99838,0.52853,1,0.93438,0.86427,0.93438,0.82048,0.62365,0.6289,0.64268,0.41543,0.89634,0.29501,1,0.06238,1],"triangles":[8,6,7,8,9,6,9,5,6,9,4,5,3,4,10,10,4,9,2,3,11,11,3,10,11,12,2,12,1,2,13,0,1,12,13,1],"vertices":[1,57,-11.47,3.96,1,2,57,-3.1,16.5,0.99929,72,-35.25,8.64,0.00071,1,72,-13.23,15.93,1,2,72,4.87,17.42,0.99106,73,-17.68,13.46,0.00894,2,72,26.3,10.99,0.16947,73,4.68,14.33,0.83053,3,73,32.5,8,0.0301,74,8.49,14.32,0.91203,75,-11.99,10.46,0.05787,2,74,21.79,3.58,0.03137,75,4.95,8.23,0.96863,1,75,18.88,-0.87,1,2,74,17.25,-16.87,0.01798,75,11.73,-11.6,0.98202,3,73,23.14,-11.24,0.0221,74,8.11,-7.07,0.65195,75,-1.18,-8,0.32595,3,72,18,-14.02,0.14433,73,4.94,-12.02,0.75684,74,-8.07,-15.44,0.09883,3,57,19.97,-16.38,0.90443,72,-4.55,-17.28,0.06016,73,-15.34,-22.42,0.03541,1,57,8.1,-13.57,1,1,57,-10.29,-1.31,1],"edges":[0,2,2,4,4,6,6,8,8,10,10,12,12,14,14,16,16,18,18,20,20,22,22,24,24,26,0,26]}},"shenzi":{"shenzi":{"type":"mesh","hull":16,"width":242,"height":411,"uvs":[0.49436,0.01349,0.38486,0.0975,0.40477,0.18542,0.51427,0.20886,0.6105,0.19714,0.58395,0.29288,0.30191,0.55663,0.00327,0.86338,0,0.99233,0.36827,0.98256,0.48109,0.95716,0.81622,0.59766,0.95559,0.34758,0.98545,0.23231,0.95227,0.06819,0.85604,0],"triangles":[6,5,11,10,6,11,7,6,10,9,7,10,8,7,9,12,5,13,11,5,12,13,5,4,1,3,2,4,0,15,4,15,14,4,1,0,4,3,1,4,14,13],"vertices":[2,20,-39.46,8.6,0.99997,23,-79.37,-114.65,0.00003,4,20,-48.09,-34.06,0.97936,21,-44.98,-94.19,0.00014,22,-27.54,-117.59,0.00716,23,-37.63,-126.99,0.01334,6,20,-27.88,-64.4,0.92242,21,-9.02,-100.21,0.00883,22,7.26,-106.71,0.02661,23,-5.63,-109.52,0.04065,25,-41.25,-115.83,0.00093,26,-71.52,-113.02,0.00055,6,20,0.16,-61.41,0.82072,21,7.98,-77.71,0.03026,22,12.25,-78.95,0.05781,23,-6.15,-81.33,0.08226,25,-46.62,-88.15,0.00448,26,-76.2,-85.22,0.00446,7,20,18.96,-46.85,0.51497,21,10.22,-54.04,0.08686,22,3.54,-56.82,0.14772,23,-19.01,-61.32,0.20964,25,-62.73,-70.66,0.01856,26,-91.87,-67.33,0.02175,27,-110.96,-89.3,0.00051,7,20,30.49,-85.01,0.04379,21,45.94,-71.75,0.01085,22,43.41,-56.47,0.10638,23,20.02,-53.19,0.53592,25,-25.68,-55.92,0.11349,26,-54.47,-53.52,0.16477,27,-77.16,-68.16,0.02478,3,23,145.7,-77.99,0.00473,26,73.49,-59.46,0.00362,27,49.33,-47.87,0.99165,1,27,191.73,-18.93,1,1,27,232.06,15.46,1,2,26,217.88,40.82,0.00589,27,170.22,79.75,0.99411,2,26,195.33,59.42,0.01423,27,144.35,93.37,0.98577,4,24,85.9,50.34,0.11278,25,52.81,56.73,0.40691,26,26.8,57.14,0.40721,27,-20.17,56.76,0.07311,3,22,50.29,35.98,0.12745,23,8.72,38.82,0.42916,24,-21.36,36.27,0.44339,4,21,50.72,28.43,0.18721,22,2.37,35.05,0.75844,23,-38.09,28.56,0.04595,24,-67.2,22.28,0.0084,3,20,69.96,37.11,0.58482,21,-16.11,40.6,0.41516,22,-62.74,15.68,0.00001,2,20,36.72,52.05,0.92755,21,-49.75,26.58,0.07245],"edges":[0,2,2,4,4,6,6,8,8,10,10,12,12,14,14,16,16,18,18,20,20,22,22,24,24,26,26,28,28,30,0,30]}},"tou":{"tou":{"type":"mesh","hull":24,"width":219,"height":271,"uvs":[0.02775,0.8374,0,0.72439,0,0.57218,0.15047,0.5422,0.47581,0.2493,0.54145,0.26083,0.78974,0.05327,0.77547,0.23085,1,0.06711,1,0.33694,0.60423,0.51914,0.72695,0.53067,0.69556,0.62061,0.8354,0.6529,0.7612,0.75207,0.86108,0.872,0.46154,0.86508,0.42444,0.92504,0.34453,0.89045,0.33882,0.9827,0.29031,0.94118,0.29316,0.99884,0.12193,1,0.07912,0.87891],"triangles":[7,5,6,5,10,4,7,8,9,10,7,9,4,10,3,10,5,7,16,14,15,3,10,16,16,10,12,16,18,3,17,18,16,14,12,13,16,12,14,12,10,11,1,2,3,1,23,0,1,18,23,18,1,3,20,23,18,19,20,18,22,23,20,22,20,21],"vertices":[3,28,-22.54,5.99,0.98623,35,-88.2,-12.91,0.00137,37,-91.4,14.24,0.0124,2,28,-10.61,34.85,0.8245,37,-67.77,34.64,0.1755,3,28,12.27,69.17,0.55358,29,-29.26,66.05,0.00137,37,-31.89,55.01,0.44504,3,28,44.2,57.65,0.25623,29,3.85,58.58,0.02702,37,-8.56,30.36,0.71675,3,38,48.89,31.25,0.4124,39,-1.55,39.6,0.23495,42,-21.61,30.41,0.35265,4,38,58.63,20.23,0.18624,39,10.41,31.03,0.2341,42,-13.66,18.04,0.56797,43,-26.91,25.54,0.01169,1,43,47.72,2.06,1,3,40,20.46,13.99,0.5995,42,28.33,-12.45,0.08259,43,3.28,-16.67,0.31791,2,40,86.04,23.33,0,41,43.59,0.77,1,4,45,117.77,-23.22,0.00013,39,94.45,-27.68,0.00066,40,45.19,-37.33,0.66885,41,-22.74,-30.03,0.33036,4,32,19.25,15.33,0.29107,45,19.24,-7.63,0.69986,39,-4.69,-38.69,0.00881,40,-54.28,-29.86,0.00026,2,32,41.89,0.51,0.99354,34,31.89,43.25,0.00646,3,31,44.82,-16.58,0.03276,32,24.84,-18.21,0.41328,34,24.34,19.08,0.55396,1,34,54.71,9.48,1,2,34,37.72,-16.93,0.49666,36,50.15,7.99,0.50334,2,35,93.85,-28.79,0,36,74.65,-22.58,1,3,28,52.34,-52.94,0.0918,35,6.48,-23.79,0.90465,36,-12.7,-27.98,0.00355,2,28,36.57,-61.96,0.19899,35,-2.22,-39.74,0.80101,3,28,27.21,-44.45,0.44324,29,-0.35,-44.84,0.03271,35,-19.38,-29.75,0.52405,2,28,12.3,-64.56,0.65436,35,-21.52,-54.69,0.34564,3,28,9.7,-49.3,0.7058,29,-17.12,-51.83,0.00381,35,-31.74,-43.07,0.29039,2,28,1.55,-62.65,0.78128,35,-31.67,-58.7,0.21872,2,28,-29.82,-42.11,0.87438,35,-69.16,-57.68,0.12562,2,28,-19.42,-9.61,0.9664,35,-77.36,-24.55,0.0336],"edges":[0,2,2,4,4,6,6,8,8,10,10,12,12,14,14,16,16,18,18,20,20,22,22,24,24,26,26,28,28,30,30,32,32,34,34,36,36,38,38,40,40,42,42,44,44,46,0,46]}},"upPL0":{"upPL00":{"y":334.33,"scaleX":3.8913,"scaleY":3.8913,"width":147,"height":133},"upPL01":{"y":334.33,"scaleX":3.8913,"scaleY":3.8913,"width":156,"height":118},"upPL02":{"y":334.33,"scaleX":3.8913,"scaleY":3.8913,"width":158,"height":120},"upPL03":{"y":334.33,"scaleX":3.8913,"scaleY":3.8913,"width":158,"height":130},"upPL04":{"x":0.5,"y":334.33,"scaleX":3.8913,"scaleY":3.8913,"width":159,"height":134},"upPL05":{"y":334.33,"scaleX":3.8913,"scaleY":3.8913,"width":160,"height":137},"upPL06":{"x":0.5,"y":334.33,"scaleX":3.8913,"scaleY":3.8913,"width":161,"height":138},"upPL07":{"x":0.5,"y":334.33,"scaleX":3.8913,"scaleY":3.8913,"width":159,"height":143},"upPL08":{"x":0.5,"y":334.33,"scaleX":3.8913,"scaleY":3.8913,"width":159,"height":149},"upPL09":{"x":0.5,"y":334.33,"scaleX":3.8913,"scaleY":3.8913,"width":159,"height":164},"upPL10":{"x":0.5,"y":334.33,"scaleX":3.8913,"scaleY":3.8913,"width":159,"height":169},"upPL11":{"x":0.5,"y":334.33,"scaleX":3.8913,"scaleY":3.8913,"width":161,"height":165},"upPL12":{"x":0.5,"y":334.33,"scaleX":3.8913,"scaleY":3.8913,"width":161,"height":179},"upPL13":{"y":334.33,"scaleX":3.8913,"scaleY":3.8913,"width":142,"height":178},"upPL14":{"x":0.5,"y":334.33,"scaleX":3.8913,"scaleY":3.8913,"width":141,"height":194},"upPL15":{"y":334.33,"scaleX":3.8913,"scaleY":3.8913,"width":156,"height":126},"upPL16":{"x":0.5,"y":334.33,"scaleX":3.8913,"scaleY":3.8913,"width":155,"height":133}},"weiba":{"weiba":{"type":"mesh","hull":14,"width":231,"height":107,"uvs":[0.01184,0.73882,0.1354,0.58102,0.43472,0.32179,0.61745,0,0.6801,0.07007,0.87849,0.07758,0.82454,0.25792,1,0.45328,0.99856,0.6787,0.88197,0.70124,0.74797,0.91164,0.50781,0.79141,0.27984,0.99805,0,1],"triangles":[4,11,2,10,11,6,4,2,3,6,4,5,11,4,6,7,9,6,8,9,7,9,10,6,12,1,2,11,12,2,13,0,1,13,1,12],"vertices":[1,13,-20.18,21.94,1,1,13,12.79,25,1,3,13,87.17,20.89,0.30496,16,-19.36,10.85,0.48014,18,-30.64,6.26,0.21491,2,15,8.23,30.57,0.28004,16,35.03,7.93,0.71996,2,15,17.08,16.88,0.72372,16,40.7,-7.35,0.27628,2,14,42.08,45.33,0.15037,15,56.47,-6.55,0.84963,2,14,34.97,23.49,0.52935,15,36.07,-17.12,0.47065,1,14,79.5,13.65,1,2,14,85.35,-9.75,0.99627,17,87.68,19.55,0.00373,3,14,59.93,-18.97,0.81016,18,79.58,19.49,0.00584,17,64.67,5.35,0.184,3,14,35.77,-48.66,0.06655,18,62.99,-15,0.21446,17,47.05,-28.63,0.71899,2,13,81.22,-31.78,0.29657,18,8.05,-29.98,0.70343,2,13,24.15,-29.55,0.99818,18,-27.83,-74.41,0.00182,1,13,-34.51,-2.4,1],"edges":[0,2,2,4,4,6,6,8,8,10,10,12,12,14,14,16,16,18,18,20,20,22,22,24,24,26,0,26]}},"you won":{"you won":{"x":-10.42,"y":249.75,"width":603,"height":112}},"youyunwen2":{"youyunwen2":{"x":402.58,"y":-102.25,"width":227,"height":192}},"youyunwenqian":{"youyunwenqian":{"x":447.58,"y":-159.25,"width":201,"height":150}},"zhuazi":{"zhuazi":{"type":"mesh","hull":20,"width":100,"height":119,"uvs":[0.99236,0.00061,0.71663,0,0.61361,0,0.5621,0.18393,0.61058,0.46656,0.37727,0.28324,0.37424,0.16866,0.35606,0.02607,0.21062,0,0.0167,0.00061,0.00458,0.40036,0.12578,0.49457,0.26213,0.58369,0.47423,0.74665,0.58634,0.81794,0.78329,0.87396,0.91661,0.88414,0.96812,0.76447,1,0.47166,1,0.11264],"triangles":[12,5,4,12,11,5,5,10,6,5,11,10,6,8,7,8,6,10,10,9,8,13,12,4,14,13,4,16,15,17,15,14,17,17,14,4,17,4,18,18,4,19,1,19,4,1,3,2,19,1,0,1,4,3],"vertices":[2,59,-4.77,20.72,0.99978,61,-38.15,19.77,0.00022,3,59,-7.07,-6.76,0.97993,60,-25.03,-7.69,0.01944,62,-50.33,-9.48,0.00063,4,59,-7.9,-17.03,0.93205,60,-25.41,-17.98,0.06382,62,-50.33,-19.78,0.00404,67,34.92,-55.35,0.00009,5,59,13.5,-23.93,0.45985,60,-3.73,-23.94,0.44033,62,-28.44,-24.93,0.06942,63,-37.12,-24.5,0.01324,67,24.39,-35.49,0.01716,7,60,30.06,-20.34,0.0877,62,5.19,-20.08,0.16832,63,-3.49,-19.65,0.20104,65,23.53,-14.85,0.04081,66,10.31,-14.53,0.01968,67,-1.41,-13.37,0.46105,69,-26.38,-9.66,0.02142,2,67,30.52,-14.42,0.05189,69,5.2,-14.49,0.94811,2,67,39.72,-24.49,0.00038,69,13.15,-25.57,0.99962,1,69,24.23,-38.55,1,1,69,37.98,-32.89,1,1,69,53.95,-21.89,1,2,68,37.16,20.65,0.12289,69,28.08,18.06,0.87711,3,66,47.37,16.91,0.00742,68,20.65,20.47,0.52324,69,11.75,20.47,0.46934,3,66,30.1,17.36,0.15854,68,3.45,18.82,0.83353,69,-5.49,21.52,0.00793,3,65,18.32,20.78,0.20022,66,1.52,20.39,0.70079,68,-25.28,18.36,0.09899,4,64,25.65,-24.66,0.03716,65,4.35,22.38,0.5728,66,-12.54,20.57,0.37904,68,-39.26,16.83,0.011,3,64,34.18,-5.7,0.59915,65,-16,18.1,0.35776,66,-32.35,14.26,0.04308,3,64,36.67,7.46,0.87719,65,-28.09,12.36,0.12161,66,-43.8,7.32,0.0012,4,61,52.55,13.4,0.00168,62,40.64,15.67,0.0208,64,22.99,13.96,0.96803,65,-25.28,-2.52,0.0095,6,59,51.17,16.95,0.00017,60,32.11,18.55,0.00103,61,17.88,18.1,0.53595,62,5.79,18.86,0.39282,63,-2.89,19.29,0.005,64,-11.38,20.48,0.06503,3,59,8.58,20.4,0.91133,60,-10.58,20.13,0.05149,61,-24.8,19.96,0.03718],"edges":[0,2,2,4,4,6,6,8,8,10,10,12,12,14,14,16,16,18,18,20,20,22,22,24,24,26,26,28,28,30,30,32,32,34,34,36,36,38,0,38]}},"zuoduzi":{"zuoduzi":{"type":"mesh","hull":19,"width":254,"height":385,"uvs":[0.87395,0.16042,0.46409,0.16657,0.19395,0.27104,0.04026,0.40931,0.003,0.54144,0.003,0.68279,0.07752,0.77804,0.17532,0.90402,0.4082,1,0.74819,1,0.83669,0.93782,0.72956,0.84257,0.59752,0.74875,0.48738,0.6705,0.43614,0.53222,0.50135,0.4554,0.76217,0.39702,1,0.36015,1,0.18501],"triangles":[5,4,14,4,3,14,14,3,15,3,2,15,2,1,15,15,1,16,16,0,17,16,1,0,0,18,17,10,9,11,9,8,11,8,12,11,8,7,12,7,13,12,7,6,13,6,5,13,5,14,13],"vertices":[2,4,197.39,-86.34,0.98999,5,-36.82,-141.62,0.01001,2,4,150.99,6.88,0.58895,5,24.54,-57.49,0.41105,3,5,34.27,21.45,0.36939,6,43.58,-11.41,0.63046,7,21.7,-60.5,0.00015,3,6,25.52,52.09,0.03744,7,47.35,0.33,0.77686,8,31.63,-29.9,0.1857,3,5,-18.96,123.21,0,8,37.69,21.48,0.42159,9,22.29,-30.69,0.57841,3,5,-62.19,156.27,0,9,64.24,3.97,0.15342,10,38.61,-10.57,0.84658,4,5,-102.82,163.51,0,10,43.63,30.39,0.03948,11,44.13,4.35,0.65976,12,36.01,-19.27,0.30076,2,3,-38.03,45.65,0.30834,12,46.44,34.22,0.69166,3,3,-88.97,-1.99,0.83265,5,-221.72,148.7,0,12,22.76,99.82,0.16735,3,3,-111.22,-85.43,0.99731,5,-274.18,80.1,0,12,-45.14,153.17,0.00269,2,3,-93.88,-113.32,1,5,-268.82,47.7,0,2,3,-51.44,-96.47,1,5,-223.16,47.04,0,3,3,-7.9,-73.37,0.99731,4,-37.47,-119.09,0.00269,5,-174.09,51.74,0,3,3,28.42,-54.1,0.91853,4,-22.1,-80.96,0.08147,5,-133.16,55.66,0,2,3,83.21,-55.25,0.33612,4,20.56,-46.55,0.66388,2,3,107.52,-78.87,0.04184,4,54.37,-48.96,0.95816,1,4,102.87,-99.37,1,1,4,141.41,-148.01,1,2,4,202.44,-119.35,0.99951,5,-63.78,-161.31,0.00049],"edges":[0,2,2,4,4,6,6,8,8,10,10,12,12,14,14,16,16,18,18,20,20,22,26,28,28,30,30,32,32,34,34,36,0,36,2,30,32,0,28,6,8,28,10,26,22,24,24,26,14,24,16,22]}},"zuoyunwen":{"zuoyunwen":{"x":-3.45,"y":24.63,"rotation":-92.49,"width":220,"height":146}}}}],"animations":{"animation":{"slots":{"bjguang":{"color":[{"color":"ffffff70"}]},"upPL0":{"attachment":[{"name":"upPL00"},{"time":0.0333,"name":"upPL01"},{"time":0.0667,"name":"upPL02"},{"time":0.1,"name":"upPL03"},{"time":0.1333,"name":"upPL04"},{"time":0.1667,"name":"upPL05"},{"time":0.2,"name":"upPL06"},{"time":0.2333,"name":"upPL07"},{"time":0.2667,"name":"upPL08"},{"time":0.3,"name":"upPL09"},{"time":0.3333,"name":"upPL10"},{"time":0.3667,"name":"upPL11"},{"time":0.4,"name":"upPL12"},{"time":0.4333,"name":"upPL13"},{"time":0.4667,"name":"upPL14"},{"time":0.5,"name":"upPL15"},{"time":0.5333,"name":"upPL16"},{"time":0.5667,"name":"upPL00"},{"time":0.6,"name":"upPL01"},{"time":0.6333,"name":"upPL02"},{"time":0.6667,"name":"upPL03"},{"time":0.7,"name":"upPL04"},{"time":0.7333,"name":"upPL05"},{"time":0.7667,"name":"upPL06"},{"time":0.8,"name":"upPL07"},{"time":0.8333,"name":"upPL08"},{"time":0.8667,"name":"upPL09"},{"time":0.9,"name":"upPL10"},{"time":0.9333,"name":"upPL11"},{"time":0.9667,"name":"upPL12"},{"time":1,"name":"upPL13"},{"time":1.0667,"name":"upPL14"},{"time":1.1,"name":"upPL15"},{"time":1.1333,"name":"upPL16"},{"time":1.1667,"name":"upPL00"},{"time":1.2,"name":"upPL01"},{"time":1.2333,"name":"upPL02"},{"time":1.2667,"name":"upPL03"},{"time":1.3,"name":"upPL04"},{"time":1.3333,"name":"upPL05"}]}},"bones":{"bjguang":{"rotate":[{"angle":87.95},{"time":0.6667,"angle":-92.05},{"time":1.3333,"angle":87.95}],"translate":[{"x":0.53,"y":-0.52}]},"bone4":{"rotate":[{"curve":0.25,"c3":0.75},{"time":0.6667,"angle":-6.15,"curve":0.25,"c3":0.75},{"time":1.3333}]},"bone8":{"rotate":[{"curve":0.25,"c3":0.75},{"time":0.6667,"angle":-5.08,"curve":0.25,"c3":0.75},{"time":1.3333}]},"weiba2":{"rotate":[{"angle":5.28,"curve":0.25,"c3":0.75},{"time":0.6667,"angle":-0.73,"curve":0.25,"c3":0.75},{"time":1.3333,"angle":5.28}]},"weiba3":{"rotate":[{"time":0.6667,"angle":6.56}]},"shenzi3":{"translate":[{"curve":0.25,"c3":0.75},{"time":0.6667,"x":1.55,"y":3.06,"curve":0.25,"c3":0.75},{"time":1.3333}]},"zhuazi6":{"translate":[{"curve":0.25,"c3":0.75},{"time":0.6667,"x":1.55,"y":3.06,"curve":0.25,"c3":0.75},{"time":1.3333}]},"zhuazi2":{"translate":[{"curve":0.25,"c3":0.75},{"time":0.3333,"x":0.06,"y":1.37,"curve":0.25,"c3":0.75},{"time":0.6667,"curve":0.25,"c3":0.75},{"time":1,"x":0.06,"y":1.37,"curve":0.25,"c3":0.75},{"time":1.3333}]},"tou5":{"rotate":[{"time":0.3333,"angle":0.62}]},"mao2":{"rotate":[{"angle":-4.66,"curve":0.25,"c3":0.75},{"time":0.6667,"angle":-1.12},{"time":1.3333,"angle":-4.66}]},"mao4":{"rotate":[{"time":1.3333,"angle":3.14}]},"mao5":{"rotate":[{"angle":-2.81,"curve":0.25,"c3":0.75},{"time":1.3333,"angle":8.82}]},"mao9":{"rotate":[{"angle":-5.45,"curve":0.25,"c3":0.75},{"time":1.3333,"angle":-2.98}]},"mao10":{"rotate":[{"angle":-5.34,"curve":0.25,"c3":0.75},{"time":0.6667,"angle":-2.5},{"time":1.3333,"angle":-5.34}]},"mao13":{"rotate":[{"angle":12.43,"curve":0.25,"c3":0.75},{"time":1.3,"angle":2.9}]},"mao16":{"rotate":[{"angle":-9.53,"curve":0.25,"c3":0.75},{"time":1.3333,"angle":-5.02}]},"mao17":{"rotate":[{"angle":-0.24}]},"mao19":{"rotate":[{"angle":9.35,"curve":0.25,"c3":0.75},{"time":1.3333,"angle":-3.78}]},"tou2":{"rotate":[{"angle":3.13,"curve":0.25,"c3":0.75},{"time":0.6667,"angle":-0.57,"curve":0.25,"c3":0.75},{"time":1.3333,"angle":3.13}]},"zhuazi":{"rotate":[{"angle":6.04}]},"huzi4":{"rotate":[{"angle":-9.9,"curve":0.25,"c3":0.75},{"time":0.6667,"curve":0.25,"c3":0.75},{"time":1.3333,"angle":-9.9}]},"huzi8":{"translate":[{"x":-0.92,"y":-2.36,"curve":0.25,"c3":0.75},{"time":1.3333}]}},"deform":{"default":{"bjguang":{"bjguang":[{"time":0.3333,"vertices":[-0.35691,-9.99363,-0.35691,-9.99363,-0.35691,-9.99363,-0.35691,-9.99363]}]}}}}}},[0]]],0,0,[0],[-1],[2]],[[[6,"prefab_dfdc_freeWin"],[7,"prefab_dfdc_freeWin",[-10,-11,-12,-13],[[1,-2,[0,"3cigs8UiZL4oBigmUGoygX"],[5,1334,750]],[10,45,1966,712,-3,[0,"10ujDffDZFQ64aciWd34FM"]],[11,-7,[0,"9dYPAhsJ9OZ4+xoLqox8AH"],-6,-5,-4],[12,-9,[0,"bbA0dACbFPnrOvGLrZGIHj"],[[4,"729afJTSyxAY5IBwVZzMphV","onTouch",-8]]]],[2,"c46/YsCPVOJYA4mWEpNYRx",null,null,null,-1,0]],[3,"props_btn_back",1,[[1,-14,[0,"5625NdaTFIqLx5Ui3iK2Yx"],[5,361,100]],[14,1,0,-15,[0,"2bTIHtjjZAXqpqdf0tyxfh"],1],[13,3,0.9,-16,[0,"49nkBmhIhCD5yWlp14WnMR"],[[4,"729afJTSyxAY5IBwVZzMphV","closePop",1]],2]],[2,"caffRyYcxJyKvkfTIaQqra",null,null,null,1,0],[1,0,-166,0]],[3,"props_label_shuzi",1,[[1,-17,[0,"1fYrJTvpdJb75VulnO3Y4f"],[5,750,100]],[15,"",100,100,100,2,false,-18,[0,"46iQkEhLVKW6Zk3STvrfbB"],3],[17,-19,[0,"58mH3825pENo14VSgISL6r"]]],[2,"20bvruF1hCtqfvQwgdYaqA",null,null,null,1,0],[1,0,50,0]],[8,"props_sk_yowin",1,[[1,-20,[0,"e44WVVy85O/rzz/B4DMJAs"],[5,1441.74,1437.52]],[18,"default","animation",false,0,-21,[0,"faAK69sPlLT4Os1I63QCrl"],0]],[2,"ectdiQqodPqZyvU2o5bRPi",null,null,null,1,0]],[9,"props_label_shuzi2",1,[[[1,-22,[0,"5cafY7fy1BLpKKbibFDS+Q"],[5,0,40]],-23],4,1],[2,"19h/2RVXBKn5+YEb9td2G7",null,null,null,1,0],[1,-116,-65.519,0]],[16,"",50,50,false,5,[0,"c9GCLZHZRDF6EyZn6e0BVW"]]],0,[0,2,1,0,0,1,0,0,1,0,3,2,0,4,3,0,5,6,0,0,1,0,6,1,0,0,1,0,-1,4,0,-2,2,0,-3,3,0,-4,5,0,0,2,0,0,2,0,0,2,0,0,3,0,0,3,0,0,3,0,0,4,0,0,4,0,0,5,0,-2,6,0,7,1,23],[0,0,0,0,6],[8,9,10,1,1],[3,0,0,1,1]]]]
