[1,["6c178b67-89e9-46e3-8e56-b1f621b904f9@6c48a","87c1fc4b-2345-438a-a22e-e104ff64c0c8"],["node","root","data","_skeletonData"],[["cc.Node",["_name","_layer","_components","_prefab","_children","_parent"],1,9,4,2,1],["sp.SkeletonData",["_name","_atlasText","textureNames","_skeletonJson","textures"],-1,3],["cc.Prefab",["_name"],2],["cc.UITransform",["node","__prefab","_contentSize"],3,1,4,5],["cc.CompPrefabInfo",["fileId"],2],["cc.Widget",["_alignFlags","_originalWidth","_originalHeight","node","__prefab"],0,1,4],["cc.PrefabInfo",["fileId","instance","targetOverrides","nestedPrefabInstanceRoots","root","asset"],-1,1,1],["sp.Skeleton",["defaultSkin","defaultAnimation","_premultipliedAlpha","_preCacheMode","loop","node","__prefab","_skeletonData"],-2,1,4,6]],[[4,0,2],[3,0,1,2,1],[6,0,1,2,3,4,5,5],[1,0,1,2,3,4,5],[2,0,2],[0,0,4,2,3,2],[0,0,1,5,2,3,3],[5,0,1,2,3,4,4],[7,0,1,2,3,4,5,6,7,6]],[[[[3,"guochangdonghua","\r\nguochangdonghua.png\r\nsize: 2048,512\r\nformat: RGBA8888\r\nfilter: Linear,Linear\r\nrepeat: none\r\n0\r\n  rotate: false\r\n  xy: 824, 12\r\n  size: 745, 451\r\n  orig: 745, 451\r\n  offset: 0, 0\r\n  index: -1\r\n1\r\n  rotate: false\r\n  xy: 2, 2\r\n  size: 820, 461\r\n  orig: 820, 461\r\n  offset: 0, 0\r\n  index: -1\r\n",["guochangdonghua.png"],{"skeleton":{"hash":"n2THbCksPEGVK76pPoukKPgoEhw","spine":"3.8.99","x":-4524.06,"y":-747.14,"width":5661.28,"height":2164.3,"images":"E:/新版UI/凤凰/动画源文件/过场动画","audio":""},"bones":[{"name":"root","x":-3387.9,"y":-642,"scaleX":1.6841,"scaleY":1.6841},{"name":"bone","parent":"root","length":358.79,"rotation":-0.3,"x":-1701.63,"y":24.28},{"name":"bone2","parent":"root","length":503.79,"x":-2190.3,"y":482.59},{"name":"bone3","parent":"root","length":420.39,"x":-1756.8,"y":130.47},{"name":"bone4","parent":"root","length":466.57,"rotation":-0.3,"x":-1608.75,"y":460.75},{"name":"bone5","parent":"root","length":398.53,"rotation":-0.35,"x":-2877.23,"y":537.29},{"name":"bone6","parent":"root","length":463.15,"rotation":0.37,"x":-3992.79,"y":31.83}],"slots":[{"name":"3","bone":"bone4","attachment":"0"},{"name":"4","bone":"bone5","attachment":"0"},{"name":"0","bone":"bone","attachment":"0"},{"name":"5","bone":"bone6","attachment":"0"},{"name":"2","bone":"bone3","attachment":"1"},{"name":"1","bone":"bone2","attachment":"1"}],"skins":[{"name":"default","attachments":{"0":{"0":{"x":2417.33,"y":282.88,"scaleX":1.57,"scaleY":1.57,"width":745,"height":451}},"1":{"1":{"x":3077.02,"y":102.43,"scaleX":1.0487,"scaleY":1.0487,"width":820,"height":461}},"2":{"1":{"x":1990.56,"y":99.34,"scaleX":1.0331,"scaleY":1.0331,"width":820,"height":461}},"3":{"0":{"x":2184.16,"y":289.24,"scaleX":2.1285,"scaleY":2.1285,"width":745,"height":451}},"4":{"0":{"x":2858.51,"y":103.58,"scaleX":1.7559,"scaleY":1.7559,"width":745,"height":451}},"5":{"0":{"x":3880.06,"y":166.59,"scaleX":1.0157,"scaleY":1.0157,"rotation":-0.37,"width":745,"height":451}}}}],"animations":{"animation":{"bones":{"bone6":{"translate":[{"x":-281.46,"y":-28.5,"curve":0.25,"c3":0.75},{"time":0.6667,"x":1421.56,"y":-17.51,"curve":0.25,"c3":0.75},{"time":0.8333,"x":1246.95,"y":-18.64,"curve":0.25,"c3":0.75},{"time":1.5,"x":4409.87,"y":1.77}]},"bone5":{"translate":[{"x":-281.79,"y":-24.97,"curve":0.25,"c3":0.75},{"time":0.6667,"x":1577.11,"y":-36.3,"curve":0.25,"c3":0.75},{"time":0.8333,"x":1470.19,"y":-35.65,"curve":0.25,"c3":0.75},{"time":1.5,"x":3566.84,"y":-48.43}]},"bone4":{"translate":[{"x":-281.77,"y":-25.22,"curve":0.25,"c3":0.75},{"time":0.6667,"x":1572.87,"y":-34.88,"curve":0.25,"c3":0.75},{"time":0.8333,"x":1480.26,"y":-34.4,"curve":0.25,"c3":0.75},{"time":1.5,"x":3503.74,"y":-44.93}]},"bone3":{"translate":[{"x":-281.63,"y":-26.69,"curve":0.25,"c3":0.75},{"time":0.6667,"x":1444.95,"y":-26.69,"curve":0.25,"c3":0.75},{"time":0.8333,"x":1384.39,"y":-26.69,"curve":0.25,"c3":0.75},{"time":1.5,"x":3356.8,"y":-26.69}]},"bone2":{"translate":[{"x":-281.63,"y":-26.69,"curve":0.25,"c3":0.75},{"time":0.6667,"x":1694.96,"y":-26.69,"curve":0.25,"c3":0.75},{"time":0.8333,"x":1623.71,"y":-26.69,"curve":0.25,"c3":0.75},{"time":1.5,"x":4190.3,"y":-26.69}]},"bone":{"translate":[{"x":-281.77,"y":-25.23,"curve":0.25,"c3":0.75},{"time":0.6667,"x":1701.58,"y":-35.5,"curve":0.25,"c3":0.75},{"time":0.8333,"x":1618.49,"y":-35.07,"curve":0.25,"c3":0.75},{"time":1.5,"x":2801.56,"y":-41.2}]}}}}},[0]]],0,0,[0],[-1],[0]],[[[4,"flyBg"],[5,"flyBg",[-4],[[1,-2,[0,"660UBK2tdEx4c/VpdLi3Oq"],[5,1334,750]],[7,45,100,100,-3,[0,"4f8fhH2thME4+Ue2eKhJ20"]]],[2,"9fqRRAVWdFg6UXPLu7kNUy",null,null,null,-1,0]],[6,"caishenguochang",33554432,1,[[1,-5,[0,"8cEAL/znNLuZmeAjGGb6nt"],[5,5661.28,2164.3]],[8,"default","animation",false,0,false,-6,[0,"e2RHZ873pKl7EWcCqg/Muk"],0]],[2,"77UhggEv5Knq3e8B4ZpZYM",null,null,null,1,0]]],0,[0,1,1,0,0,1,0,0,1,0,-1,2,0,0,2,0,0,2,0,2,1,6],[0],[3],[1]]]]
