[1,["02tCK7hP5AVr22RcoCBUn4@6c48a"],["_textureSource"],["cc.SpriteFrame"],0,[{"name":"ocean_mermaid_active_03","rect":{"x":3,"y":7,"width":296,"height":606},"offset":{"x":1,"y":0},"originalSize":{"width":300,"height":620},"rotated":false,"capInsets":[0,0,0,0],"vertices":{"rawPosition":[-148,-303,0,148,-303,0,-148,303,0,148,303,0],"indexes":[0,1,2,2,1,3],"uv":[3,613,299,613,3,7,299,7],"nuv":[0.01,0.01129032258064516,0.9966666666666667,0.01129032258064516,0.01,0.9887096774193549,0.9966666666666667,0.9887096774193549],"minPos":{"x":-148,"y":-303,"z":0},"maxPos":{"x":148,"y":303,"z":0}},"packable":true,"pixelsToUnit":100,"pivot":{"x":0.5,"y":0.5},"meshType":0}],[0],0,[0],[0],[0]]
