[1,["9d824275-1cae-4d2e-81a7-bfd0236cbc11@6c48a"],0,[["sp.SkeletonData",["_name","_atlasText","textureNames","_skeletonJson","textures"],-1,3]],[[0,0,1,2,3,4,5]],[[0,"lingdangtubiao","\r\nlingdangtubiao.png\r\nsize: 1024,256\r\nformat: RGBA8888\r\nfilter: Linear,Linear\r\nrepeat: none\r\n1\r\n  rotate: false\r\n  xy: 458, 2\r\n  size: 150, 130\r\n  orig: 150, 130\r\n  offset: 0, 0\r\n  index: -1\r\nSGJtubiaolingdang1\r\n  rotate: false\r\n  xy: 2, 2\r\n  size: 150, 130\r\n  orig: 150, 130\r\n  offset: 0, 0\r\n  index: -1\r\nSGJtubiaolingdang2\r\n  rotate: false\r\n  xy: 154, 2\r\n  size: 150, 130\r\n  orig: 150, 130\r\n  offset: 0, 0\r\n  index: -1\r\nSGJtubiaolingdang3\r\n  rotate: false\r\n  xy: 306, 2\r\n  size: 150, 130\r\n  orig: 150, 130\r\n  offset: 0, 0\r\n  index: -1\r\n",["lingdangtubiao.png"],{"skeleton":{"hash":"EVqvi+YahuPUa0GUYB8QagAatZk","spine":"3.6.53","width":208.56,"height":136.85,"images":""},"bones":[{"name":"root"},{"name":"bone","parent":"root","x":0.15,"y":2.03},{"name":"bone2","parent":"bone","length":38.71,"rotation":178.95,"x":-9.78,"y":-0.04},{"name":"bone3","parent":"bone","length":40.64,"rotation":2.66,"x":8.63,"y":1.37},{"name":"bone9","parent":"root","length":155.47,"rotation":-119.2,"x":-0.31,"y":3.22},{"name":"bone10","parent":"root","length":133.25,"rotation":-57.17,"x":0.74,"y":5.65}],"slots":[{"name":"lingdang1","bone":"root","attachment":"SGJtubiaolingdang1"},{"name":"lingdang3","bone":"bone10","attachment":"SGJtubiaolingdang3"},{"name":"lingdang2","bone":"bone9","attachment":"SGJtubiaolingdang2"},{"name":"lingdang4","bone":"root","attachment":"1"}],"skins":{"default":{"lingdang1":{"SGJtubiaolingdang1":{"type":"mesh","hull":18,"width":150,"height":130,"uvs":[0.522,0.34883,0.62682,0.25914,0.75168,0.25277,0.88389,0.28105,0.90018,0.42505,0.89698,0.52463,0.89604,0.66979,0.79517,0.71549,0.68045,0.70552,0.53427,0.68762,0.40588,0.70169,0.29925,0.74923,0.13115,0.72606,0.06535,0.61176,0.07496,0.42677,0.11891,0.29148,0.24511,0.28243,0.39679,0.3393],"triangles":[10,11,13,11,12,13,13,14,10,10,14,17,17,14,16,16,14,15,6,7,5,5,7,8,10,0,9,10,17,0,5,8,9,2,5,9,2,0,1,2,9,0,2,4,5,4,2,3],"vertices":[2,2,-14.26,-18.41,0.21423,3,-3.03,16.89,0.78577,2,2,-29.77,-30.36,0.00011,3,13.22,27.81,0.99989,1,3,31.97,27.77,1,1,3,51.61,23.17,1,1,3,53.18,4.36,1,1,3,52.1,-8.55,1,1,3,51.08,-27.39,1,1,3,35.69,-32.63,1,2,2,-38.87,27.51,0.01506,3,18.56,-30.53,0.98494,2,2,-16.91,25.59,0.33439,3,-3.24,-27.19,0.66561,2,2,2.31,27.77,0.86778,3,-22.56,-28.12,0.13222,2,2,18.19,34.24,0.99567,3,-38.82,-33.55,0.00433,1,2,43.46,31.69,1,1,2,53.6,17.01,1,1,2,52.6,-7.06,1,1,2,46.33,-24.76,1,1,2,27.42,-26.28,1,2,2,4.54,-19.31,0.90792,3,-21.73,19,0.09208],"edges":[0,2,2,4,4,6,6,8,8,10,10,12,12,14,14,16,16,18,18,20,20,22,22,24,24,26,26,28,28,30,30,32,32,34,0,34]}},"lingdang2":{"SGJtubiaolingdang2":{"x":45.79,"y":1.14,"rotation":119.2,"width":150,"height":130}},"lingdang3":{"SGJtubiaolingdang3":{"x":57.31,"y":6.06,"rotation":57.17,"width":150,"height":130}},"lingdang4":{"1":{"type":"mesh","hull":12,"width":150,"height":130,"uvs":[0.51353,0.43323,0.69014,0.3228,0.86317,0.32508,0.87698,0.45031,0.82962,0.71899,0.5208,0.61083,0.42664,0.61197,0.19674,0.71216,0.0961,0.57782,0.1553,0.33419,0.31218,0.35468,0.45229,0.44689],"triangles":[4,5,3,3,1,2,1,3,5,6,7,8,6,8,10,10,8,9,6,11,5,6,10,11,11,0,5,5,0,1],"vertices":[2,2,-11.47,-10.54,0.26428,3,-6.33,9.22,0.73572,1,3,20.8,22.33,1,1,3,46.72,20.83,1,1,3,48.03,4.47,1,1,3,39.31,-30.09,1,2,2,-12.98,12.52,0.34152,3,-6.31,-13.89,0.65848,2,2,1.14,12.93,0.944,3,-20.43,-13.39,0.056,1,2,35.38,26.58,1,1,2,50.79,9.4,1,1,2,42.49,-22.43,1,1,2,18.91,-20.2,1,2,2,-2.32,-8.6,0.85488,3,-15.58,7.87,0.14512],"edges":[0,2,2,4,4,6,6,8,8,10,10,12,12,14,14,16,16,18,18,20,20,22,0,22]}}}},"animations":{"animation":{"bones":{"root":{"scale":[{"time":0,"x":1,"y":1},{"time":0.2667,"x":1.08,"y":1.08,"curve":"stepped"},{"time":0.8333,"x":1.08,"y":1.08},{"time":1.3333,"x":1,"y":1}]},"bone9":{"rotate":[{"time":0,"angle":0},{"time":0.3333,"angle":11.67},{"time":0.6667,"angle":-3.35},{"time":1.1667,"angle":3.11},{"time":1.3333,"angle":0}],"scale":[{"time":0,"x":1,"y":1}]},"bone10":{"rotate":[{"time":0,"angle":0},{"time":0.3333,"angle":-15.49},{"time":0.6667,"angle":2.43},{"time":1.3333,"angle":0}]},"bone2":{"rotate":[{"time":0,"angle":3.63,"curve":[0.382,0.57,0.737,1]},{"time":0.2333,"angle":0},{"time":0.9,"angle":-348.07,"curve":[0.244,0,0.646,0.59]},{"time":1.3333,"angle":3.63}],"translate":[{"time":0,"x":0,"y":0,"curve":"stepped"},{"time":0.2333,"x":0,"y":0,"curve":"stepped"},{"time":1.3333,"x":0,"y":0}],"scale":[{"time":0,"x":1,"y":1,"curve":"stepped"},{"time":0.2333,"x":1,"y":1,"curve":"stepped"},{"time":1.3333,"x":1,"y":1}]},"bone3":{"rotate":[{"time":0,"angle":-3.39,"curve":[0.382,0.57,0.737,1]},{"time":0.2333,"angle":0},{"time":0.9,"angle":-11.13,"curve":[0.244,0,0.646,0.59]},{"time":1.3333,"angle":-3.39}],"translate":[{"time":0,"x":-0.07,"y":-0.07,"curve":[0.382,0.57,0.737,1]},{"time":0.2333,"x":0,"y":0},{"time":0.9,"x":-0.22,"y":-0.22,"curve":[0.244,0,0.646,0.59]},{"time":1.3333,"x":-0.07,"y":-0.07}],"scale":[{"time":0,"x":1,"y":1,"curve":"stepped"},{"time":0.2333,"x":1,"y":1,"curve":"stepped"},{"time":1.3333,"x":1,"y":1}]}}}}},[0]]],0,0,[0],[-1],[0]]
