{"version":1,"document":[{"__type__":"cc.AnimationClip","_name":"animation_win_blue","_objFlags":0,"__editorExtras__":{"embeddedPlayerGroups":[]},"_native":"","sample":60,"speed":1,"wrapMode":1,"enableTrsBlending":false,"_duration":1.3333333333333333,"_hash":500763545,"_tracks":[{"__id__":1},{"__id__":11},{"__id__":16}],"_exoticAnimation":null,"_events":[],"_embeddedPlayers":[],"_additiveSettings":{"__id__":27},"_auxiliaryCurveEntries":[]},{"__type__":"cc.animation.VectorTrack","_binding":{"__type__":"cc.animation.TrackBinding","path":{"__id__":2},"proxy":null},"_channels":[{"__id__":3},{"__id__":5},{"__id__":7},{"__id__":9}],"_nComponents":3},{"__type__":"cc.animation.TrackPath","_paths":["position"]},{"__type__":"cc.animation.Channel","_curve":{"__id__":4}},{"__type__":"cc.RealCurve","bytes":{"__type__":"TypedArrayRef","ctor":"Uint8Array","offset":0,"length":66},"keyframeValueEditorExtras":[null,null,null]},{"__type__":"cc.animation.Channel","_curve":{"__id__":6}},{"__type__":"cc.RealCurve","bytes":{"__type__":"TypedArrayRef","ctor":"Uint8Array","offset":66,"length":66},"keyframeValueEditorExtras":[null,null,null]},{"__type__":"cc.animation.Channel","_curve":{"__id__":8}},{"__type__":"cc.RealCurve","bytes":{"__type__":"TypedArrayRef","ctor":"Uint8Array","offset":132,"length":66},"keyframeValueEditorExtras":[null,null,null]},{"__type__":"cc.animation.Channel","_curve":{"__id__":10}},{"__type__":"cc.RealCurve","bytes":{"__type__":"TypedArrayRef","ctor":"Uint8Array","offset":198,"length":6}},{"__type__":"cc.animation.RealTrack","_binding":{"__type__":"cc.animation.TrackBinding","path":{"__id__":12},"proxy":null},"_channel":{"__id__":14}},{"__type__":"cc.animation.TrackPath","_paths":[{"__id__":13},"fontSize"]},{"__type__":"cc.animation.ComponentPath","component":"cc.Label"},{"__type__":"cc.animation.Channel","_curve":{"__id__":15}},{"__type__":"cc.RealCurve","bytes":{"__type__":"TypedArrayRef","ctor":"Uint8Array","offset":204,"length":86},"keyframeValueEditorExtras":[{"tangentMode":0},{"tangentMode":0},{"tangentMode":0},{"tangentMode":0}]},{"__type__":"cc.animation.ColorTrack","_binding":{"__type__":"cc.animation.TrackBinding","path":{"__id__":17},"proxy":null},"_channels":[{"__id__":19},{"__id__":21},{"__id__":23},{"__id__":25}]},{"__type__":"cc.animation.TrackPath","_paths":[{"__id__":18},"color"]},{"__type__":"cc.animation.ComponentPath","component":"cc.Label"},{"__type__":"cc.animation.Channel","_curve":{"__id__":20}},{"__type__":"cc.RealCurve","bytes":{"__type__":"TypedArrayRef","ctor":"Uint8Array","offset":290,"length":26},"keyframeValueEditorExtras":[null]},{"__type__":"cc.animation.Channel","_curve":{"__id__":22}},{"__type__":"cc.RealCurve","bytes":{"__type__":"TypedArrayRef","ctor":"Uint8Array","offset":316,"length":26},"keyframeValueEditorExtras":[null]},{"__type__":"cc.animation.Channel","_curve":{"__id__":24}},{"__type__":"cc.RealCurve","bytes":{"__type__":"TypedArrayRef","ctor":"Uint8Array","offset":342,"length":26},"keyframeValueEditorExtras":[null]},{"__type__":"cc.animation.Channel","_curve":{"__id__":26}},{"__type__":"cc.RealCurve","bytes":{"__type__":"TypedArrayRef","ctor":"Uint8Array","offset":368,"length":86},"keyframeValueEditorExtras":[null,null,null,null]},{"__type__":"cc.AnimationClipAdditiveSettings","enabled":false,"refClip":null}],"chunks":[".bin"]}
