[1,["04452d95-5ee9-437a-838d-a3e0009326f7@6c48a"],0,[["sp.SkeletonData",["_name","_atlasText","textureNames","_skeletonJson","textures"],-1,3]],[[0,0,1,2,3,4,5]],[[0,"tubiao_10","\r\ntubiao_10.png\r\nsize: 128,128\r\nformat: RGBA8888\r\nfilter: Linear,Linear\r\nrepeat: none\r\nicon_fenghuang_tubiao_10\r\n  rotate: false\r\n  xy: 2, 2\r\n  size: 110, 92\r\n  orig: 110, 92\r\n  offset: 0, 0\r\n  index: -1\r\n",["tubiao_10.png"],{"skeleton":{"hash":"U5zfEyqgiGt4ILrTIwrWGP6BgCo","spine":"3.8.99","images":"E:/新版UI/凤凰/切图/图标","audio":""},"bones":[{"name":"root"}],"slots":[{"name":"icon_fenghuang_tubiao_10","bone":"root","attachment":"icon_fenghuang_tubiao_10"}],"skins":[{"name":"default","attachments":{"icon_fenghuang_tubiao_10":{"icon_fenghuang_tubiao_10":{"width":110,"height":92}}}}],"animations":{"animation":{}}},[0]]],0,0,[0],[-1],[0]]
