[1,["17rnzLXjVHsrz+/IomSTkT@6c48a"],0,[["sp.SkeletonData",["_name","_atlasText","textureNames","_skeletonJson","textures"],-1,3]],[[0,0,1,2,3,4,5]],[[0,"rk_shuiguo_da","\r\nrk_shuiguo_da.png\r\nsize: 1024,256\r\nformat: RGBA8888\r\nfilter: Linear,Linear\r\nrepeat: none\r\nd7\r\n  rotate: false\r\n  xy: 678, 62\r\n  size: 74, 84\r\n  orig: 74, 84\r\n  offset: 0, 0\r\n  index: -1\r\nd71\r\n  rotate: false\r\n  xy: 651, 148\r\n  size: 92, 106\r\n  orig: 92, 106\r\n  offset: 0, 0\r\n  index: -1\r\nhua\r\n  rotate: false\r\n  xy: 546, 37\r\n  size: 130, 86\r\n  orig: 130, 86\r\n  offset: 0, 0\r\n  index: -1\r\njq\r\n  rotate: true\r\n  xy: 424, 53\r\n  size: 201, 120\r\n  orig: 201, 120\r\n  offset: 0, 0\r\n  index: -1\r\nshuiguo_bg_da\r\n  rotate: true\r\n  xy: 2, 48\r\n  size: 206, 420\r\n  orig: 206, 420\r\n  offset: 0, 0\r\n  index: -1\r\nx7\r\n  rotate: false\r\n  xy: 678, 2\r\n  size: 51, 58\r\n  orig: 51, 58\r\n  offset: 0, 0\r\n  index: -1\r\nx71\r\n  rotate: true\r\n  xy: 2, 5\r\n  size: 41, 46\r\n  orig: 41, 46\r\n  offset: 0, 0\r\n  index: -1\r\nxigua\r\n  rotate: true\r\n  xy: 546, 125\r\n  size: 129, 103\r\n  orig: 129, 103\r\n  offset: 0, 0\r\n  index: -1\r\n",["rk_shuiguo_da.png"],{"skeleton":{"hash":"6ja24z4+ywgZlEIojdo3Zti+t4o","spine":"3.8.99","x":-112.08,"y":-3.07,"width":230,"height":460,"images":"","audio":"E:/新版UI/平台/入口新源文件/水果"},"bones":[{"name":"root"},{"name":"di","parent":"root","x":2.92,"y":23.11},{"name":"jq","parent":"root","x":2.88,"y":297.57},{"name":"shuigguo","parent":"root","x":2.88,"y":151.68},{"name":"71","parent":"root","x":-65.74,"y":299.45},{"name":"72","parent":"root","x":72.44,"y":300.26},{"name":"d7","parent":"root","x":2.41,"y":314.96},{"name":"73","parent":"root","x":72.44,"y":299.45},{"name":"74","parent":"root","x":-65.74,"y":301.07},{"name":"d71","parent":"root","x":5.1,"y":280.88}],"slots":[{"name":"di","bone":"di","attachment":"shuiguo_bg_da"},{"name":"hua","bone":"root","attachment":"hua"},{"name":"xigua","bone":"shuigguo","attachment":"xigua"},{"name":"jq","bone":"jq","attachment":"jq"},{"name":"d7","bone":"d7","attachment":"d7"},{"name":"x7","bone":"71","attachment":"x7"},{"name":"x8","bone":"74","attachment":"x7"},{"name":"x71","bone":"72","attachment":"x71"},{"name":"x72","bone":"73","attachment":"x71"},{"name":"d71","bone":"d71","attachment":"d71"}],"skins":[{"name":"default","attachments":{"d7":{"d7":{"x":-0.05,"y":-21.01,"width":74,"height":84}},"d71":{"d71":{"x":-2.95,"y":13.48,"width":92,"height":106}},"di":{"shuiguo_bg_da":{"y":187.58,"width":206,"height":420}},"hua":{"hua":{"x":-39.81,"y":55.4,"width":130,"height":86}},"jq":{"jq":{"x":-0.02,"y":4.38,"width":201,"height":120}},"x7":{"x7":{"x":0.6,"y":-4.5,"width":51,"height":58}},"x8":{"x7":{"x":0.6,"y":-4.5,"width":51,"height":58}},"x71":{"x71":{"x":-3.58,"y":-4.5,"width":41,"height":46}},"x72":{"x71":{"x":-3.58,"y":-4.5,"width":41,"height":46}},"xigua":{"xigua":{"x":35.95,"y":30.21,"width":129,"height":103}}}}],"animations":{"animation":{"slots":{"d7":{"color":[{"color":"ffffff00","curve":"stepped"},{"time":1.4,"color":"ffffff00"},{"time":1.4333,"color":"ffffffff"}]},"d71":{"color":[{"time":0.2333,"color":"ffffff00"},{"time":0.2667,"color":"ffffffff","curve":"stepped"},{"time":0.3333,"color":"ffffffff"},{"time":0.5,"color":"ffffff80"},{"time":0.5333,"color":"ffffff00","curve":"stepped"},{"time":0.6333,"color":"ffffff00"},{"time":0.6667,"color":"ffffffff"},{"time":0.8333,"color":"ffffff3d"},{"time":0.9667,"color":"ffffff00"},{"time":1,"color":"ffffffff"},{"time":1.1667,"color":"ffffff3d"},{"time":1.3,"color":"ffffff00"},{"time":1.3333,"color":"ffffffff","curve":"stepped"},{"time":1.4,"color":"ffffffff"},{"time":1.4333,"color":"ffffff00"}]},"x7":{"color":[{"color":"ffffff00","curve":"stepped"},{"time":0.0667,"color":"ffffff00"},{"time":0.1,"color":"ffffffff","curve":"stepped"},{"time":0.1667,"color":"ffffffff"},{"time":0.2667,"color":"ffffff80"},{"time":0.3,"color":"ffffff00","curve":"stepped"},{"time":0.4,"color":"ffffff00"},{"time":0.4333,"color":"ffffffff"},{"time":0.5667,"color":"ffffff3d"},{"time":0.7,"color":"ffffff00"},{"time":0.7333,"color":"ffffffff"},{"time":0.8333,"color":"ffffff3d"},{"time":0.9667,"color":"ffffff00"},{"time":1,"color":"ffffffff","curve":"stepped"},{"time":1.0667,"color":"ffffffff"},{"time":1.1,"color":"ffffff00"},{"time":2.6667,"color":"ffffffff"}]},"x8":{"color":[{"color":"ffffff00","curve":"stepped"},{"time":0.1667,"color":"ffffff00"},{"time":0.2,"color":"ffffffff","curve":"stepped"},{"time":0.2667,"color":"ffffffff"},{"time":0.3667,"color":"ffffff80"},{"time":0.4,"color":"ffffff00","curve":"stepped"},{"time":0.5,"color":"ffffff00"},{"time":0.5333,"color":"ffffffff"},{"time":0.6333,"color":"ffffff3d"},{"time":0.7667,"color":"ffffff00"},{"time":0.8,"color":"ffffffff"},{"time":0.9,"color":"ffffff3d"},{"time":1.0333,"color":"ffffff00"},{"time":1.0667,"color":"ffffffff","curve":"stepped"},{"time":1.1333,"color":"ffffffff"},{"time":1.1667,"color":"ffffff00"}]},"x71":{"color":[{"color":"ffffff00","curve":"stepped"},{"time":1.0667,"color":"ffffff00"},{"time":1.1,"color":"ffffffff"}]},"x72":{"color":[{"color":"ffffff00","curve":"stepped"},{"time":1.1333,"color":"ffffff00"},{"time":1.1667,"color":"ffffffff"}]}},"bones":{"71":{"translate":[{"x":6.25,"y":39.07,"curve":"stepped"},{"time":0.1667,"x":6.25,"y":39.07},{"time":0.2667,"x":2.9,"y":-29.55},{"time":0.4333,"x":6.25,"y":39.07},{"time":0.5667,"x":2.9,"y":-29.55},{"time":0.7333,"x":6.25,"y":39.07},{"time":0.8333,"x":2.9,"y":-29.55},{"time":1,"x":6.25,"y":39.07},{"time":1.1,"x":1.62,"y":-1.37}]},"72":{"translate":[{"x":-132.4,"y":-0.33},{"time":1.1,"x":-132.4,"y":-14.91},{"time":1.2,"x":-132.4,"y":10.62},{"time":1.3,"x":-132.4,"y":-0.33}]},"73":{"translate":[{"x":-1.63,"y":-0.33},{"time":1.1667,"x":-0.06,"y":-14.91},{"time":1.2333,"x":-2.15,"y":10.62},{"time":1.3333,"x":-0.58,"y":-0.33}]},"74":{"translate":[{"x":126.6,"y":39.07},{"time":0.2667,"x":127.12,"y":39.07},{"time":0.3667,"x":133.67,"y":-29.55},{"time":0.5333,"x":127.12,"y":39.07},{"time":0.6333,"x":133.67,"y":-29.55},{"time":0.8,"x":127.12,"y":39.07},{"time":0.9,"x":133.67,"y":-29.55},{"time":1.0667,"x":127.12,"y":39.07},{"time":1.1667,"x":132.41,"y":-1.37}]},"shuigguo":{"translate":[{},{"time":1.3333,"y":-46.52},{"time":2.6667}]},"d7":{"translate":[{},{"time":1.4333,"y":-8.08},{"time":1.6,"x":-0.73,"y":10.62},{"time":1.7667,"x":-0.73,"y":-0.33}]},"d71":{"translate":[{},{"time":0.3333,"x":0.86,"y":39.07},{"time":0.5,"x":-0.18,"y":-6.87},{"time":0.6667,"x":0.86,"y":39.07},{"time":0.8333,"x":-0.18,"y":-6.87},{"time":1,"x":0.86,"y":39.07},{"time":1.1667,"x":-0.18,"y":-6.87},{"time":1.3333,"x":0.86,"y":39.07},{"time":1.4333,"x":1.62,"y":-1.37},{"time":2.6667}]}}}}},[0]]],0,0,[0],[-1],[0]]
