[1,["1a0e650d7@6c48a"],["_textureSource"],["cc.SpriteFrame","cc.SpriteAtlas"],0,[[[{"name":"auto_activity","spriteFrames":["zhuanpan_bj","6b94rSoRhFko63wwyR3JmL@f9941","zhuanpan-deng","2e2QrfplZA8qGofb3c/GKg@f9941","baoxiang","30+4knAmhHxK2lYu2R4TZd@f9941","btn","7efNfcANpIIpKlI6mlh1Cp@f9941","jiangpin_7","282D+ZUKBNGI8EekgHxthZ@f9941","huodongzhuti","1fdlrQPK5C1pcSGXxlSZrv@f9941","zhongjiangmingdan_anniu_Hadiahku","1a664EtkdAXpAqnxCsYx93@f9941","zhongjiangmingdan_anniu_Hadiahku（2）","a4X7hy3DZPybiZNL5IjJah@f9941","zhuanpan-xiangqing-biaoti","5bpIQl1pFGwqn8ArYD6dT2@f9941","jiangpin_1","f69M8lzOBEBacZcMf6e5tv@f9941","zhuanpan_huangquan_BIG","aay3tx1+FIH7xiYKb5Sekw@f9941","unread","b90C6FdGBHo5mwrvkDWGyO@f9941","xiaoxitongzhi_dikuang","44xAGIO2VI5ZwsaByaLmpO@f9941","zhongjiangmingdan_anniu_Catatan lotere（2）","64bA2a7VpE4KBRBeiMYh8Y@f9941","jiangpin_4","a9ASspvJtF850zWuS/i+o6@f9941","zhongjiangmingdan_anniu_Catatan lotere","feH1Z8iLBPlK1u7kIB/eST@f9941","jiangpin_2","e0a2cbMgdNDZeuzzsJBDyg@f9941","zhongjiangmingdan_anniu","b76LmiIV9KnYPLqEfopnwM@f9941","zhuanpan_anniu","f9BMlbGEJE47w+IRZicMW8@f9941","xiaoxitongzhi_icon","c02lMixb9OGaGOA95ruGgb@f9941","xiangqqing_anniu","24ycosJ7VHYLJapWj8XO2m@f9941","guanbi","d9kfOlASJOgIpWGjpdyBlR@f9941","jiangpin_6","45/Lxw69tLNab0SDeSjb1k@f9941","jiangpin_5","94eXIt55pGpbcKg+GkyVMI@f9941","zhanpan_xaingqing_fanhuianniu","2el6ffc0BOJKPtgTW/QEoJ@f9941","jiangpin_3","1fn7/l6mFIR6OXY/Jdw3rX@f9941","huodongye_dibuzhuangshi","96/JclrDNDlaDd383/098y@f9941","zhuanpan_qian_zhuangshiwu","b6PLTohjZEJ5LgsqnjKtiX@f9941","zhongjiangmingdan_lunbokuang","b2xOirfRBPnYTrLOpK5zBS@f9941","jiangpindizuo","7f0UjSa0pKd4rR2m0CJ9NJ@f9941","word_win_title","c3qwh04KJNfIn3e2QVZ7as@f9941","img_turn_win_light","b42f4+sbpIE7j9uAypqmvp@f9941","btn_aktivitas_1","b1V8y+lxxA8oDo0ZGU90wg@f9941","zhongjiang-anniu","e5oNriWYtEDK6a9M8++4Z3@f9941","btn_aktivitas_2","edGYqCJblNdKbsgzrhqY1b@f9941","spr_aktivitas_title","92ZZgJTFZCmrT2YZZYP3rK@f9941","zhuanpan_tanchaung_bj","dbNYN1HZlLL7pciWn5txVA@f9941","zhaunpan_xiangqing_tankuang","ae34S7H6lEQKcdlR64QrFY@f9941","zhuanpandilan","c7vkr6eaJHx5HWHE01F/Oz@f9941","zhongjiangnanniu_dikuang","9bkQuwv0hJjL1kNZpF5trm@f9941","turntable_bg_di","28rDEcFUhCa4xyiI0Sh7HC@f9941","zhuanpandiquan","43pmuCTShEc6vvod54jHfc@f9941","zhuanpandilan2","d0Kg4u7hRK9oluUmkGDTJS@f9941","zhuanpandi_BIG","f7NQzKOYdFrpWSFgsw73z1@f9941","zhuanpanguangquan","4fMh7ibkpHy5NXgWuCis0t@f9941"]}],[1],0,[],[],[]],[[{"name":"jiangpindizuo","rect":{"x":237,"y":479,"width":516,"height":111},"offset":{"x":0,"y":0},"originalSize":{"width":516,"height":111},"rotated":true,"capInsets":[0,0,0,0],"packable":true,"pixelsToUnit":100,"pivot":{"x":0.5,"y":0.5},"meshType":0}],[0],0,[0],[0],[0]],[[{"name":"spr_aktivitas_title","rect":{"x":945,"y":780,"width":182,"height":76},"offset":{"x":0,"y":-0.5},"originalSize":{"width":186,"height":79},"rotated":true,"capInsets":[0,0,0,0],"packable":true,"pixelsToUnit":100,"pivot":{"x":0.5,"y":0.5},"meshType":0}],[0],0,[0],[0],[0]],[[{"name":"huodongye_dibuzhuangshi","rect":{"x":3,"y":3,"width":840,"height":470},"offset":{"x":0,"y":0},"originalSize":{"width":840,"height":470},"rotated":false,"capInsets":[0,0,0,0],"packable":true,"pixelsToUnit":100,"pivot":{"x":0.5,"y":0.5},"meshType":0}],[0],0,[0],[0],[0]],[[{"name":"btn_aktivitas_1","rect":{"x":855,"y":534,"width":225,"height":84},"offset":{"x":0,"y":0},"originalSize":{"width":225,"height":84},"rotated":true,"capInsets":[0,0,0,0],"packable":true,"pixelsToUnit":100,"pivot":{"x":0.5,"y":0.5},"meshType":0}],[0],0,[0],[0],[0]],[[{"name":"zhongjiangmingdan_lunbokuang","rect":{"x":3,"y":479,"width":524,"height":228},"offset":{"x":0,"y":0},"originalSize":{"width":524,"height":228},"rotated":true,"capInsets":[0,0,0,0],"packable":true,"pixelsToUnit":100,"pivot":{"x":0.5,"y":0.5},"meshType":0}],[0],0,[0],[0],[0]],[[{"name":"img_turn_win_light","rect":{"x":354,"y":534,"width":468,"height":495},"offset":{"x":0,"y":2.5},"originalSize":{"width":600,"height":600},"rotated":true,"capInsets":[0,0,0,0],"packable":true,"pixelsToUnit":100,"pivot":{"x":0.5,"y":0.5},"meshType":0}],[0],0,[0],[0],[0]],[[{"name":"zhuanpan_qian_zhuangshiwu","rect":{"x":849,"y":3,"width":436,"height":160},"offset":{"x":0,"y":0},"originalSize":{"width":436,"height":160},"rotated":true,"capInsets":[0,0,0,0],"packable":true,"pixelsToUnit":100,"pivot":{"x":0.5,"y":0.5},"meshType":0}],[0],0,[0],[0],[0]],[[{"name":"word_win_title","rect":{"x":354,"y":479,"width":667,"height":49},"offset":{"x":0,"y":0},"originalSize":{"width":667,"height":49},"rotated":false,"capInsets":[0,0,0,0],"packable":true,"pixelsToUnit":100,"pivot":{"x":0.5,"y":0.5},"meshType":0}],[0],0,[0],[0],[0]],[[{"name":"zhongjiang-anniu","rect":{"x":945,"y":534,"width":240,"height":76},"offset":{"x":0,"y":0},"originalSize":{"width":240,"height":76},"rotated":true,"capInsets":[0,0,0,0],"packable":true,"pixelsToUnit":100,"pivot":{"x":0.5,"y":0.5},"meshType":0}],[0],0,[0],[0],[0]],[[{"name":"btn_aktivitas_2","rect":{"x":855,"y":765,"width":225,"height":84},"offset":{"x":0,"y":0},"originalSize":{"width":225,"height":84},"rotated":true,"capInsets":[0,0,0,0],"packable":true,"pixelsToUnit":100,"pivot":{"x":0.5,"y":0.5},"meshType":0}],[0],0,[0],[0],[0]]]]
