[1,["11dd664e9@6c48a"],["_textureSource"],["cc.SpriteFrame","cc.SpriteAtlas"],0,[[[{"name":"word_shop_coin","rect":{"x":707,"y":482,"width":153,"height":26},"offset":{"x":0,"y":0},"originalSize":{"width":153,"height":26},"rotated":true,"capInsets":[0,0,0,0],"packable":true,"pixelsToUnit":100,"pivot":{"x":0.5,"y":0.5},"meshType":0}],[0],0,[0],[0],[0]],[[{"name":"img_tas_icon","rect":{"x":591,"y":482,"width":106,"height":86},"offset":{"x":0,"y":0},"originalSize":{"width":106,"height":86},"rotated":false,"capInsets":[0,0,0,0],"packable":true,"pixelsToUnit":100,"pivot":{"x":0.5,"y":0.5},"meshType":0}],[0],0,[0],[0],[0]],[[{"name":"icon_shop_title3","rect":{"x":904,"y":918,"width":34,"height":35},"offset":{"x":0,"y":0},"originalSize":{"width":34,"height":35},"rotated":true,"capInsets":[0,0,0,0],"packable":true,"pixelsToUnit":100,"pivot":{"x":0.5,"y":0.5},"meshType":0}],[0],0,[0],[0],[0]],[[{"name":"panel_shop_bg","rect":{"x":749,"y":3,"width":229,"height":470},"offset":{"x":0,"y":0},"originalSize":{"width":229,"height":470},"rotated":false,"capInsets":[0,0,0,0],"packable":true,"pixelsToUnit":100,"pivot":{"x":0.5,"y":0.5},"meshType":0}],[0],0,[0],[0],[0]],[[{"name":"input_shop_bg","rect":{"x":696,"y":980,"width":245,"height":41},"offset":{"x":0,"y":0},"originalSize":{"width":245,"height":41},"rotated":false,"capInsets":[30,13,20,12],"packable":true,"pixelsToUnit":100,"pivot":{"x":0.5,"y":0.5},"meshType":0}],[0],0,[0],[0],[0]],[[{"name":"img_shop_bg1","rect":{"x":856,"y":866,"width":46,"height":46},"offset":{"x":0,"y":0},"originalSize":{"width":46,"height":46},"rotated":false,"capInsets":[0,0,0,0],"packable":true,"pixelsToUnit":100,"pivot":{"x":0.5,"y":0.5},"meshType":0}],[0],0,[0],[0],[0]],[[{"name":"btn_shop_service","rect":{"x":645,"y":641,"width":67,"height":69},"offset":{"x":0,"y":0},"originalSize":{"width":67,"height":69},"rotated":false,"capInsets":[0,0,0,0],"packable":true,"pixelsToUnit":100,"pivot":{"x":0.5,"y":0.5},"meshType":0}],[0],0,[0],[0],[0]],[[{"name":"icon_shop_red","rect":{"x":671,"y":884,"width":110,"height":19},"offset":{"x":0,"y":0},"originalSize":{"width":110,"height":19},"rotated":true,"capInsets":[0,0,0,0],"packable":true,"pixelsToUnit":100,"pivot":{"x":0.5,"y":0.5},"meshType":0}],[0],0,[0],[0],[0]],[[{"name":"btn_shop_tolong","rect":{"x":947,"y":897,"width":111,"height":42},"offset":{"x":0,"y":0},"originalSize":{"width":111,"height":42},"rotated":true,"capInsets":[24,16,25,18],"packable":true,"pixelsToUnit":100,"pivot":{"x":0.5,"y":0.5},"meshType":0}],[0],0,[0],[0],[0]],[[{"name":"word_shop_tas","rect":{"x":984,"y":415,"width":132,"height":32},"offset":{"x":0,"y":0},"originalSize":{"width":132,"height":32},"rotated":true,"capInsets":[0,0,0,0],"packable":true,"pixelsToUnit":100,"pivot":{"x":0.5,"y":0.5},"meshType":0}],[0],0,[0],[0],[0]],[[{"name":"auto_shop","spriteFrames":["panel_award_bg","87uhlgOqVEGY1CcgrCPKVt@f9941","word_shop_shopee","33CVT66NNAl5vXNYwlccj/@f9941","word_shop_linkaja","f1drnziPxO+6+rlrnPPyAR@f9941","btn_racharge","b7B+i9Y41FQJNdtv2rwQYj@f9941","word_shop_dan","dd1vOqci9DyYT/9x6AhIWx@f9941","word_shop_qris","5cbxQRNghLKrs3sthQAyE9@f9941","word_shop_tolong","4aOPUK5SFHkqQJULtOyvcH@f9941","pro_shop_bg","6fd+XGy0NGPY9+u5Z7f8ym@f9941","word_shop_topup","ab2fdgt+xLRK3N97ynZLbV@f9941","img_shop_title3","2cp1PnVGBNZYDk9PfwedDk@f9941","bg_shop_rolr2","e4c45lvIlLXrp08Vt4fwFg@f9941","btn_shop_leftIn","7e1xvX5cdAuLKJs44Li4qy@f9941","btn_shop_topup","343GkakWZKNKLzaoFjNtJ9@f9941","btn_jilu","d0dlYpMf9OspJQRjh0rtfO@f9941","btn_title_of","c6yCIwz+9Fb5TDfXaWDU1m@f9941","word_shop_dana","5fIOtcjq5M/6HOYDhYDaZJ@f9941","word_shop_ovo1","15tHxspU9HOoVIn1nQJ8Hq@f9941","img_shop_line","05RLMo2oFOFYrcIm/DvRD3@f9941","btn_title_in","f5bkkN8gpANqUv8hShbvnh@f9941","bg_bank_check","catrf7kwVC/acoRfeqNT60@f9941","bg_dt_shop_box_3","9dYd6vD5xNJ61BUGutQnzh@f9941","btn_shop_null","971VP2jAJPmaV6pOTx6O5N@f9941","word_shop_qris1","eayLyM3rVO9KQNmvmdbI3o@f9941","kuang","f08bZhWPZIjorbDV/XdXic@f9941","person_women","24xZdF6V9O1I8R92AuH11p@f9941","payment         method","61URYcL4FBQoHJAJUXmsgS@f9941","btn_gift","5d+HiAvGNMzZYxt3SrXJEQ@f9941","title_NewPlayerDiscount","052MzV/e1Dq6zSTR45eglA@f9941","shanchuxian","cdtkdHb1hLjrnubw4GrC5r@f9941","img_daily_jiaobiao","637WNh+wtI9bJ/6/hSvptx@f9941","xuanzhong","3fszcfCQpCta2krQzU/wv8@f9941","title_history","68sdyP6RhMqK7ny+5OOhtK@f9941","word_shop_dana1","b4mYDMG9NBFJhsGOo+ehLU@f9941","word_shop_pergi","ccWSo7bSlN/4ioZN6I5wA4@f9941","word_shop_va","4awEIIVaRA/5BEh7j9SifT@f9941","bg_shop_rolr","96qQqdOhNGtbKof/30Tjtb@f9941","word_shop_TopUpNow","a5Lcq4KKVFgpdVN1Dy0txr@f9941","choose_shop_in","36gKh8OlJDFqxcWeWjK4yT@f9941","word_shop_ovo","f5mORsRJBFfYpilGtNCA8u@f9941","img_line","c8ii97k+BAB7eeRZMyQIG8@f9941","img_tas_cutdown","58qGF0VhZL5InKmJjR0p0b@f9941","pro_shop_in","a9T1kBrGxK7IbrXgoXBVAT@f9941","word_shop_va1","1e6wAiQiRMOKpOJd+K3sQm@f9941","icon_shop_title6","45k49iM85CFrNg7C+yN/me@f9941","word_shop_coin1","23r3CeMBxFyI7FveiL3zrr@f9941","word_shop_shopee1","16WbYNhHtG/5OxufYpmfTH@f9941","bg_dt_xinxi_tishiban_zhong","fbWAAbqj9I+rORQQSw1W38@f9941","panel_shop_bg","29eCBi+tFNtIuu7gFKdW25@f9941","title_recharge_rule","6244Wm0U1LB5tGorb9yMhj@f9941","word_shop_tas","43dc12abNAF6JDRWqq5NQl@f9941","title_dt_chongzhixuanze","f4dn7/tABJhpVvqQUsFE7q@f9941","icon_free","a1arS7jTNHX4Rcdl/9UB6T@f9941","icon_jinbi","99MsnZIAhCLoJCo3I170aO@f9941","icon_shop_title2","71ayHhWZRJ8YuTBWLEMftE@f9941","icon_shop_title5","55AOwB595G/o+M9wxosDaA@f9941","img_rule_recharge_bg","bd9MuqhelF+6hJDPxY25Ol@f9941","bg_bank_uncheck","883jxZ4HtG5rjY7WpjSiet@f9941","word_shop_coin","01RNrqdvBEM6DC4/NvRgdr@f9941","img_shop_titleBg","48GYI3YPtLBISZttW6UHdX@f9941","btn_shop_service","32wFOh7YpP7InTav/jUqDJ@f9941","word_shop_linkaja1","b8U2nHomNDD7Tj5a4a+F9d@f9941","Time remaining","d4MsZ3IFBAZ7ticVh0HGCI@f9941","num_shop_num_0","4fyRGMAdlMrY9ZfyEcmk1h@f9941","img_shop_bg2","96XO9Ei6FIQ6Cy8YcrORBc@f9941","icon_shop_red","33tY4fvEFKjZuhT1pn+DMJ@f9941","input_shop_bg","2cWf7uYiRAJJJh4AJjkUBa@f9941","word_shop_tas1","4aSK41M5FHyLMXsxADdx7h@f9941","btn_shop_tolong","38cuiRwMhJgrYX3liG/B3f@f9941","icon_shop_green","77/5zDtCpEvquy2jm8TU2X@f9941","icon_shop_bule","95hyVxJ9RJnqQY/cXfWZT6@f9941","Get","5dUfa/pGBEfqkfWkG3ZI3p@f9941","img_shop_bg1","2c2918GKNOSZ7zmX8Y7MqZ@f9941","zi_Rp","61NnrqoR1KTrZWPOl4hQAv@f9941","icon_shop_title3","1dy219F/VJEpJ2BXbK+yCF@f9941","icon_shop_title4","60N3NogJVLYIiZYPTdJVVo@f9941","icon_shop_title1","71KjpDk95L9Z5AydR5FBnc@f9941","btn_copy","c5b2nfDgZBIJCS6VqRxNtF@f9941","bar","8dJuLh/GZNnboj0f7vMJDx@f9941","img_tas_icon","15DItFRvBBO7jSOtP5Fckq@f9941","img_shop_title5","59UQDgrIpEKIMQCRLhuLgg@f9941","img_shop_title1","47Oe4cLUVMTpGaNnF5Z4ig@f9941","img_shop_title2","481OYylvxKHZkzoVUB93TW@f9941","img_shop_title6","beXu+NrYRK7IdMo3VFjRwB@f9941","img_shop_title4","5eFd8KGc5E8ajLwDZQCsoa@f9941","icon_dt_huanying","12On85bJ1FtILn1F8T50/n@f9941"]}],[1],0,[],[],[]],[[{"name":"img_shop_titleBg","rect":{"x":3,"y":641,"width":636,"height":84},"offset":{"x":0,"y":0},"originalSize":{"width":636,"height":84},"rotated":false,"capInsets":[0,0,0,0],"packable":true,"pixelsToUnit":100,"pivot":{"x":0.5,"y":0.5},"meshType":0}],[0],0,[0],[0],[0]],[[{"name":"word_shop_tas1","rect":{"x":947,"y":747,"width":144,"height":45},"offset":{"x":0.5,"y":0.5},"originalSize":{"width":145,"height":46},"rotated":true,"capInsets":[0,0,0,0],"packable":true,"pixelsToUnit":100,"pivot":{"x":0.5,"y":0.5},"meshType":0}],[0],0,[0],[0],[0]],[[{"name":"num_shop_num_0","rect":{"x":707,"y":828,"width":146,"height":16},"offset":{"x":-182,"y":119},"originalSize":{"width":512,"height":256},"rotated":true,"capInsets":[0,0,0,0],"packable":true,"pixelsToUnit":100,"pivot":{"x":0.5,"y":0.5},"meshType":0}],[0],0,[0],[0],[0]],[[{"name":"icon_shop_title5","rect":{"x":945,"y":517,"width":33,"height":23},"offset":{"x":0,"y":0},"originalSize":{"width":33,"height":23},"rotated":false,"capInsets":[0,0,0,0],"packable":true,"pixelsToUnit":100,"pivot":{"x":0.5,"y":0.5},"meshType":0}],[0],0,[0],[0],[0]],[[{"name":"Get","rect":{"x":729,"y":866,"width":121,"height":85},"offset":{"x":1.5,"y":0.5},"originalSize":{"width":136,"height":92},"rotated":false,"capInsets":[0,0,0,0],"packable":true,"pixelsToUnit":100,"pivot":{"x":0.5,"y":0.5},"meshType":0}],[0],0,[0],[0],[0]],[[{"name":"icon_shop_title4","rect":{"x":908,"y":747,"width":32,"height":32},"offset":{"x":0,"y":0},"originalSize":{"width":32,"height":32},"rotated":false,"capInsets":[0,0,0,0],"packable":true,"pixelsToUnit":100,"pivot":{"x":0.5,"y":0.5},"meshType":0}],[0],0,[0],[0],[0]],[[{"name":"zi_Rp","rect":{"x":856,"y":918,"width":50,"height":42},"offset":{"x":0,"y":0},"originalSize":{"width":50,"height":42},"rotated":true,"capInsets":[0,0,0,0],"packable":true,"pixelsToUnit":100,"pivot":{"x":0.5,"y":0.5},"meshType":0}],[0],0,[0],[0],[0]],[[{"name":"title_recharge_rule","rect":{"x":984,"y":3,"width":406,"height":36},"offset":{"x":0,"y":0},"originalSize":{"width":406,"height":36},"rotated":true,"capInsets":[0,0,0,0],"packable":true,"pixelsToUnit":100,"pivot":{"x":0.5,"y":0.5},"meshType":0}],[0],0,[0],[0],[0]],[[{"name":"icon_shop_title1","rect":{"x":865,"y":747,"width":32,"height":32},"offset":{"x":0,"y":0},"originalSize":{"width":32,"height":32},"rotated":false,"capInsets":[0,0,0,0],"packable":true,"pixelsToUnit":100,"pivot":{"x":0.5,"y":0.5},"meshType":0}],[0],0,[0],[0],[0]],[[{"name":"icon_shop_title2","rect":{"x":945,"y":479,"width":33,"height":32},"offset":{"x":0,"y":0},"originalSize":{"width":33,"height":32},"rotated":false,"capInsets":[0,0,0,0],"packable":true,"pixelsToUnit":100,"pivot":{"x":0.5,"y":0.5},"meshType":0}],[0],0,[0],[0],[0]],[[{"name":"icon_shop_green","rect":{"x":995,"y":897,"width":110,"height":19},"offset":{"x":0,"y":0},"originalSize":{"width":110,"height":19},"rotated":true,"capInsets":[0,0,0,0],"packable":true,"pixelsToUnit":100,"pivot":{"x":0.5,"y":0.5},"meshType":0}],[0],0,[0],[0],[0]],[[{"name":"bg_bank_uncheck","rect":{"x":555,"y":732,"width":146,"height":146},"offset":{"x":0,"y":0},"originalSize":{"width":148,"height":148},"rotated":false,"capInsets":[0,0,0,0],"packable":true,"pixelsToUnit":100,"pivot":{"x":0.5,"y":0.5},"meshType":0}],[0],0,[0],[0],[0]],[[{"name":"bar","rect":{"x":3,"y":482,"width":582,"height":110},"offset":{"x":0,"y":0},"originalSize":{"width":582,"height":110},"rotated":false,"capInsets":[0,0,0,0],"packable":true,"pixelsToUnit":100,"pivot":{"x":0.5,"y":0.5},"meshType":0}],[0],0,[0],[0],[0]],[[{"name":"icon_shop_bule","rect":{"x":998,"y":747,"width":110,"height":19},"offset":{"x":0,"y":0},"originalSize":{"width":110,"height":19},"rotated":true,"capInsets":[0,0,0,0],"packable":true,"pixelsToUnit":100,"pivot":{"x":0.5,"y":0.5},"meshType":0}],[0],0,[0],[0],[0]],[[{"name":"img_shop_bg2","rect":{"x":555,"y":884,"width":110,"height":113},"offset":{"x":0,"y":0.5},"originalSize":{"width":112,"height":114},"rotated":false,"capInsets":[15,15,15,19],"packable":true,"pixelsToUnit":100,"pivot":{"x":0.5,"y":0.5},"meshType":0}],[0],0,[0],[0],[0]],[[{"name":"icon_jinbi","rect":{"x":869,"y":479,"width":68,"height":70},"offset":{"x":-0.5,"y":-0.5},"originalSize":{"width":69,"height":71},"rotated":true,"capInsets":[0,0,0,0],"packable":true,"pixelsToUnit":100,"pivot":{"x":0.5,"y":0.5},"meshType":0}],[0],0,[0],[0],[0]],[[{"name":"icon_free","rect":{"x":869,"y":553,"width":188,"height":134},"offset":{"x":0,"y":0},"originalSize":{"width":188,"height":134},"rotated":true,"capInsets":[0,0,0,0],"packable":true,"pixelsToUnit":100,"pivot":{"x":0.5,"y":0.5},"meshType":0}],[0],0,[0],[0],[0]],[[{"name":"word_shop_linkaja1","rect":{"x":707,"y":716,"width":106,"height":34},"offset":{"x":0,"y":0},"originalSize":{"width":106,"height":34},"rotated":true,"capInsets":[0,0,0,0],"packable":true,"pixelsToUnit":100,"pivot":{"x":0.5,"y":0.5},"meshType":0}],[0],0,[0],[0],[0]],[[{"name":"img_rule_recharge_bg","rect":{"x":3,"y":732,"width":546,"height":286},"offset":{"x":0,"y":0},"originalSize":{"width":546,"height":286},"rotated":false,"capInsets":[29,23,45,29],"packable":true,"pixelsToUnit":100,"pivot":{"x":0.5,"y":0.5},"meshType":0}],[0],0,[0],[0],[0]],[[{"name":"btn_copy","rect":{"x":865,"y":785,"width":42,"height":44},"offset":{"x":0,"y":0},"originalSize":{"width":42,"height":44},"rotated":false,"capInsets":[0,0,0,0],"packable":true,"pixelsToUnit":100,"pivot":{"x":0.5,"y":0.5},"meshType":0}],[0],0,[0],[0],[0]],[[{"name":"Time remaining","rect":{"x":747,"y":732,"width":128,"height":112},"offset":{"x":0,"y":0},"originalSize":{"width":128,"height":112},"rotated":true,"capInsets":[0,0,0,0],"packable":true,"pixelsToUnit":100,"pivot":{"x":0.5,"y":0.5},"meshType":0}],[0],0,[0],[0],[0]],[[{"name":"title_dt_chongzhixuanze","rect":{"x":749,"y":479,"width":247,"height":114},"offset":{"x":0,"y":-1},"originalSize":{"width":253,"height":118},"rotated":true,"capInsets":[0,0,0,0],"packable":true,"pixelsToUnit":100,"pivot":{"x":0.5,"y":0.5},"meshType":0}],[0],0,[0],[0],[0]],[[{"name":"bg_dt_xinxi_tishiban_zhong","rect":{"x":3,"y":3,"width":740,"height":473},"offset":{"x":0,"y":0},"originalSize":{"width":740,"height":473},"rotated":false,"capInsets":[0,0,0,0],"packable":true,"pixelsToUnit":100,"pivot":{"x":0.5,"y":0.5},"meshType":0}],[0],0,[0],[0],[0]]]]
