[1,["1e4df5025@6c48a"],["_textureSource"],["cc.SpriteFrame","cc.SpriteAtlas"],0,[[[{"name":"btn_hall_vip","rect":{"x":136,"y":902,"width":93,"height":98},"offset":{"x":0,"y":0},"originalSize":{"width":93,"height":98},"rotated":false,"capInsets":[0,0,0,0],"packable":true,"pixelsToUnit":100,"pivot":{"x":0.5,"y":0.5},"meshType":0}],[0],0,[0],[0],[0]],[[{"name":"word_hall_akun","rect":{"x":652,"y":680,"width":150,"height":26},"offset":{"x":0,"y":0},"originalSize":{"width":150,"height":26},"rotated":true,"capInsets":[0,0,0,0],"packable":true,"pixelsToUnit":100,"pivot":{"x":0.5,"y":0.5},"meshType":0}],[0],0,[0],[0],[0]],[[{"name":"sokt_close","rect":{"x":649,"y":926,"width":60,"height":64},"offset":{"x":0,"y":0},"originalSize":{"width":64,"height":64},"rotated":false,"capInsets":[0,0,0,0],"packable":true,"pixelsToUnit":100,"pivot":{"x":0.5,"y":0.5},"meshType":0}],[0],0,[0],[0],[0]],[[{"name":"unread","rect":{"x":246,"y":848,"width":45,"height":30},"offset":{"x":0,"y":0},"originalSize":{"width":45,"height":30},"rotated":true,"capInsets":[0,0,0,0],"packable":true,"pixelsToUnit":100,"pivot":{"x":0.5,"y":0.5},"meshType":0}],[0],0,[0],[0],[0]],[[{"name":"word_hall_hadiah","rect":{"x":214,"y":848,"width":47,"height":26},"offset":{"x":0,"y":0},"originalSize":{"width":47,"height":26},"rotated":true,"capInsets":[0,0,0,0],"packable":true,"pixelsToUnit":100,"pivot":{"x":0.5,"y":0.5},"meshType":0}],[0],0,[0],[0],[0]],[[{"name":"bg_you","rect":{"x":3,"y":146,"width":205,"height":750},"offset":{"x":8.5,"y":0},"originalSize":{"width":222,"height":750},"rotated":false,"capInsets":[0,0,0,0],"packable":true,"pixelsToUnit":100,"pivot":{"x":0.5,"y":0.5},"meshType":0}],[0],0,[0],[0],[0]],[[{"name":"word_hall_pertama","rect":{"x":649,"y":996,"width":52,"height":25},"offset":{"x":0,"y":0},"originalSize":{"width":52,"height":25},"rotated":false,"capInsets":[0,0,0,0],"packable":true,"pixelsToUnit":100,"pivot":{"x":0.5,"y":0.5},"meshType":0}],[0],0,[0],[0],[0]],[[{"name":"btn_type_other1","rect":{"x":863,"y":680,"width":132,"height":39},"offset":{"x":-0.5,"y":0},"originalSize":{"width":133,"height":39},"rotated":false,"capInsets":[0,0,0,0],"packable":true,"pixelsToUnit":100,"pivot":{"x":0.5,"y":0.5},"meshType":0}],[0],0,[0],[0],[0]],[[{"name":"panel_hall_head","rect":{"x":652,"y":146,"width":366,"height":150},"offset":{"x":0,"y":0},"originalSize":{"width":366,"height":150},"rotated":false,"capInsets":[0,0,0,0],"packable":true,"pixelsToUnit":100,"pivot":{"x":0.5,"y":0.5},"meshType":0}],[0],0,[0],[0],[0]],[[{"name":"btn_type_domino1","rect":{"x":282,"y":848,"width":161,"height":42},"offset":{"x":0,"y":0},"originalSize":{"width":161,"height":42},"rotated":false,"capInsets":[0,0,0,0],"packable":true,"pixelsToUnit":100,"pivot":{"x":0.5,"y":0.5},"meshType":0}],[0],0,[0],[0],[0]],[[{"name":"bg_dt_box_xiao","rect":{"x":214,"y":146,"width":696,"height":432},"offset":{"x":0,"y":0},"originalSize":{"width":696,"height":432},"rotated":true,"capInsets":[0,0,0,0],"packable":true,"pixelsToUnit":100,"pivot":{"x":0.5,"y":0.5},"meshType":0}],[0],0,[0],[0],[0]],[[{"name":"btn_dt_share_copy","rect":{"x":993,"y":796,"width":25,"height":26},"offset":{"x":0,"y":0},"originalSize":{"width":25,"height":26},"rotated":true,"capInsets":[0,0,0,0],"packable":true,"pixelsToUnit":100,"pivot":{"x":0.5,"y":0.5},"meshType":0}],[0],0,[0],[0],[0]],[[{"name":"zi_Pembaruan","rect":{"x":907,"y":3,"width":108,"height":31},"offset":{"x":0,"y":0},"originalSize":{"width":108,"height":31},"rotated":false,"capInsets":[0,0,0,0],"packable":true,"pixelsToUnit":100,"pivot":{"x":0.5,"y":0.5},"meshType":0}],[0],0,[0],[0],[0]],[[{"name":"btn_hall_head","rect":{"x":907,"y":40,"width":100,"height":100},"offset":{"x":0,"y":0},"originalSize":{"width":100,"height":100},"rotated":false,"capInsets":[0,0,0,0],"packable":true,"pixelsToUnit":100,"pivot":{"x":0.5,"y":0.5},"meshType":0}],[0],0,[0],[0],[0]],[[{"name":"bg_zuozo","rect":{"x":652,"y":302,"width":358,"height":372},"offset":{"x":0,"y":0},"originalSize":{"width":358,"height":372},"rotated":false,"capInsets":[0,0,0,0],"packable":true,"pixelsToUnit":100,"pivot":{"x":0.5,"y":0.5},"meshType":0}],[0],0,[0],[0],[0]],[[{"name":"Lottery","rect":{"x":614,"y":926,"width":84,"height":29},"offset":{"x":0,"y":0},"originalSize":{"width":84,"height":29},"rotated":true,"capInsets":[0,0,0,0],"packable":true,"pixelsToUnit":100,"pivot":{"x":0.5,"y":0.5},"meshType":0}],[0],0,[0],[0],[0]],[[{"name":"Download","rect":{"x":863,"y":725,"width":98,"height":56},"offset":{"x":0,"y":0},"originalSize":{"width":98,"height":56},"rotated":true,"capInsets":[0,0,0,0],"packable":true,"pixelsToUnit":100,"pivot":{"x":0.5,"y":0.5},"meshType":0}],[0],0,[0],[0],[0]],[[{"name":"btn_hall_head2","rect":{"x":32,"y":902,"width":98,"height":98},"offset":{"x":0,"y":0},"originalSize":{"width":98,"height":98},"rotated":false,"capInsets":[0,0,0,0],"packable":true,"pixelsToUnit":100,"pivot":{"x":0.5,"y":0.5},"meshType":0}],[0],0,[0],[0],[0]],[[{"name":"download_loading","rect":{"x":833,"y":61,"width":68,"height":68},"offset":{"x":0,"y":0},"originalSize":{"width":68,"height":68},"rotated":false,"capInsets":[0,0,0,0],"packable":true,"pixelsToUnit":100,"pivot":{"x":0.5,"y":0.5},"meshType":0}],[0],0,[0],[0],[0]],[[{"name":"word_hall_promosi","rect":{"x":925,"y":725,"width":96,"height":31},"offset":{"x":0.5,"y":0},"originalSize":{"width":97,"height":31},"rotated":false,"capInsets":[0,0,0,0],"packable":true,"pixelsToUnit":100,"pivot":{"x":0.5,"y":0.5},"meshType":0}],[0],0,[0],[0],[0]],[[{"name":"btn_renwu","rect":{"x":184,"y":61,"width":78,"height":84},"offset":{"x":0,"y":0},"originalSize":{"width":78,"height":84},"rotated":true,"capInsets":[0,0,0,0],"packable":true,"pixelsToUnit":100,"pivot":{"x":0.5,"y":0.5},"meshType":0}],[0],0,[0],[0],[0]],[[{"name":"word_remind_retry","rect":{"x":752,"y":993,"width":130,"height":27},"offset":{"x":0,"y":0},"originalSize":{"width":130,"height":27},"rotated":false,"capInsets":[0,0,0,0],"packable":true,"pixelsToUnit":100,"pivot":{"x":0.5,"y":0.5},"meshType":0}],[0],0,[0],[0],[0]],[[{"name":"sokt_retry","rect":{"x":925,"y":762,"width":62,"height":64},"offset":{"x":0,"y":0},"originalSize":{"width":64,"height":64},"rotated":false,"capInsets":[0,0,0,0],"packable":true,"pixelsToUnit":100,"pivot":{"x":0.5,"y":0.5},"meshType":0}],[0],0,[0],[0],[0]],[[{"name":"btn_safebox","rect":{"x":400,"y":926,"width":91,"height":83},"offset":{"x":0,"y":0},"originalSize":{"width":91,"height":83},"rotated":true,"capInsets":[0,0,0,0],"packable":true,"pixelsToUnit":100,"pivot":{"x":0.5,"y":0.5},"meshType":0}],[0],0,[0],[0],[0]],[[{"name":"btn_hall_toko","rect":{"x":235,"y":901,"width":159,"height":120},"offset":{"x":-3,"y":0},"originalSize":{"width":165,"height":120},"rotated":false,"capInsets":[0,0,0,0],"packable":true,"pixelsToUnit":100,"pivot":{"x":0.5,"y":0.5},"meshType":0}],[0],0,[0],[0],[0]],[[{"name":"icon_uncheck","rect":{"x":3,"y":1007,"width":14,"height":14},"offset":{"x":0,"y":0},"originalSize":{"width":14,"height":14},"rotated":false,"capInsets":[0,0,0,0],"packable":true,"pixelsToUnit":100,"pivot":{"x":0.5,"y":0.5},"meshType":0}],[0],0,[0],[0],[0]],[[{"name":"download_jindu","rect":{"x":1013,"y":40,"width":88,"height":6},"offset":{"x":0,"y":0},"originalSize":{"width":88,"height":6},"rotated":true,"capInsets":[0,0,0,0],"packable":true,"pixelsToUnit":100,"pivot":{"x":0.5,"y":0.5},"meshType":0}],[0],0,[0],[0],[0]],[[{"name":"panel_type_bg","rect":{"x":3,"y":3,"width":898,"height":52},"offset":{"x":0,"y":0},"originalSize":{"width":898,"height":52},"rotated":false,"capInsets":[0,0,0,0],"packable":true,"pixelsToUnit":100,"pivot":{"x":0.5,"y":0.5},"meshType":0}],[0],0,[0],[0],[0]],[[{"name":"btn_hall_harian","rect":{"x":489,"y":926,"width":89,"height":87},"offset":{"x":0,"y":0},"originalSize":{"width":89,"height":87},"rotated":true,"capInsets":[0,0,0,0],"packable":true,"pixelsToUnit":100,"pivot":{"x":0.5,"y":0.5},"meshType":0}],[0],0,[0],[0],[0]],[[{"name":"icon_undownLoad","rect":{"x":454,"y":61,"width":78,"height":83},"offset":{"x":0,"y":0},"originalSize":{"width":78,"height":83},"rotated":true,"capInsets":[0,0,0,0],"packable":true,"pixelsToUnit":100,"pivot":{"x":0.5,"y":0.5},"meshType":0}],[0],0,[0],[0],[0]],[[{"name":"auto_hall","spriteFrames":["panel_type_bg","abPMDLn5pDb6b1p7UqOkRu@f9941","zi_Pembaruan","3fkXfaOa1Hfr0Aej6C+0Uj@f9941","btn_hall_head","4cLP0QNuFCnJq/KUEnhLWJ@f9941","download_jindu","a9SfSvkVBCcZm2w9XSgVqJ@f9941","bg_you","1fJorSVqZDRJfHRecSI+1N@f9941","btn_hall_service","f0k6XiVDVI9K3nzZb3ZsIu@f9941","btn_hall_bag","f5p4MZDttIsrPSbYswVLI5@f9941","btn_renwu","81iFDF/GxGbadip3iyJN6I@f9941","word_tips_cancel","bdl8w1KgVBJrAcqznIT8CI@f9941","icon_uncheck","a6Ea/fy3xD84jFQjiugwVE@f9941","btn_hall_head2","5dbOLXJ2BFOYUBPXw3Cwxz@f9941","btn_hall_vip","05HCLAcB5IXoecsF79N0bc@f9941","bg_dt_box_xiao","38sZpV6EhF8rndhYCA7qLg@f9941","btn_hall_inbox","c7b2eVleNIL6s1mPdVNa6R@f9941","btn_hall_renwu","cfGOK+ZS5EPa1n3PA07C9k@f9941","icon_undownLoad","adnj557IFIpIwlUcO0fUr3@f9941","word_hall_hadiah","1e2JJJo2xGyLnlLNUyLt6e@f9941","btn_hall_toko","99gODn7cVCc6x5jUNRclRj@f9941","unread","19SUZ69QxFs6SXlT8wf6MP@f9941","anniu_tishi","c2HSQh1rtGyrko1XbQ5/8x@f9941","panel_hall_head","29RqEpfkhHAo3krhBRtEZ1@f9941","download_icon","d4n10f/ExDFLDIezozRsQq@f9941","btn_type_all1","dfRnz50p5CnYHko2UAaQ/4@f9941","download_loading","6cswkku4VO6prApcUxVhHN@f9941","btn_type_domino1","2f/FQd955NM6u6lYVfXdIo@f9941","word_remind_content","d9ev7OXxxEoKW5gb0rn511@f9941","btn_safebox","97MjRAlaZDxIoqkWg1AVIA@f9941","btn_hall_harian","acRpMtcdFNirDuBgl06mcx@f9941","word_hall_rabat","ccUzkhstJCqYTdKq6O0vWk@f9941","bg_zuozo","4e4wuWMtFJ1pHygY68KaUV@f9941","Lottery","50dL3NNhZDJYRFPU2sFXSo@f9941","word_hall_akun","10iDw8H1FHIo5UXXI1yBcD@f9941","btn_type_slots1","eaEZ5XedZDFKC7CJeivRqQ@f9941","bg_rukou_vipnew","c61BlV9WtIpLkLzHQ+HMRM@f9941","btn_type_other1","26S9ntYHRBsrydlQAhn9hT@f9941","Download","50oYpeEVFAl6a0mHuZD7/S@f9941","word_hall_promosi","6dXMvh+n1AxKREpn7SuwSN@f9941","sokt_retry","8fyjNvAhZPd6DfgjrfAdig@f9941","icon_check","efU6Gf9+RP0rncMMs7vmon@f9941","btn_dt_share_copy","39WzmPpIxALq1a+FeGvvI3@f9941","sokt_close","11VATWE4xAkrXHd+Q8q7Sm@f9941","word_hall_pertama","22+pP2wNVD7bLEAQJ+Msle@f9941","word_hall_harian","b4g1CRoLJAYaP7OS0kK0g1@f9941","download_loading_bg","bbra5bqNRLlpfUGrXwZ2D9@f9941","word_remind_retry","8a7kupkeZPj7xii6F0TT5e@f9941","icon_gold","ce0XWCZJVH1KidYHEPiBGG@f9941","bg_dating_gonggaoban","c0IW6gqDlDLYcch3usoCKt@f9941","bg_remind_box","737NqvdWJN37grceVhagKk@f9941","img_hall_kuang","2frqIVuolNBqYF9w8hLuWI@f9941","img_hall_ad4","90vTrOXBVLa5SPzIDNQKkI@f9941","btn_type_domino2","c4+VAKeHJHJq+LA5uL2/sG@f9941","img_hall_ad","99GbArcLRLp5cBgb4XmJVe@f9941","btn_type_all2","8buhB6oZlAAZfdo1adznt0@f9941","img_hall_ad2","aejNzzcX9L/p5JvfLlWub8@f9941","btn_type_slots2","b8E21H4/VDn6xT/xFvctJ+@f9941","btn_type_other2","d4MbR5bvJIaJcIJ5DPWL16@f9941"]}],[1],0,[],[],[]],[[{"name":"word_hall_harian","rect":{"x":715,"y":926,"width":63,"height":31},"offset":{"x":0,"y":0},"originalSize":{"width":63,"height":31},"rotated":true,"capInsets":[0,0,0,0],"packable":true,"pixelsToUnit":100,"pivot":{"x":0.5,"y":0.5},"meshType":0}],[0],0,[0],[0],[0]],[[{"name":"download_loading_bg","rect":{"x":752,"y":926,"width":61,"height":61},"offset":{"x":0,"y":0},"originalSize":{"width":61,"height":61},"rotated":false,"capInsets":[0,0,0,0],"packable":true,"pixelsToUnit":100,"pivot":{"x":0.5,"y":0.5},"meshType":0}],[0],0,[0],[0],[0]],[[{"name":"word_tips_cancel","rect":{"x":3,"y":902,"width":99,"height":23},"offset":{"x":0,"y":0},"originalSize":{"width":99,"height":23},"rotated":true,"capInsets":[0,0,0,0],"packable":true,"pixelsToUnit":100,"pivot":{"x":0.5,"y":0.5},"meshType":0}],[0],0,[0],[0],[0]],[[{"name":"anniu_tishi","rect":{"x":543,"y":61,"width":160,"height":76},"offset":{"x":0,"y":0},"originalSize":{"width":160,"height":76},"rotated":false,"capInsets":[57,28,19,19],"packable":true,"pixelsToUnit":100,"pivot":{"x":0.5,"y":0.5},"meshType":0}],[0],0,[0],[0],[0]],[[{"name":"bg_rukou_vipnew","rect":{"x":725,"y":680,"width":132,"height":134},"offset":{"x":0,"y":0.5},"originalSize":{"width":144,"height":147},"rotated":false,"capInsets":[0,0,0,0],"packable":true,"pixelsToUnit":100,"pivot":{"x":0.5,"y":0.5},"meshType":0}],[0],0,[0],[0],[0]],[[{"name":"btn_hall_inbox","rect":{"x":274,"y":61,"width":78,"height":84},"offset":{"x":0,"y":0},"originalSize":{"width":78,"height":84},"rotated":true,"capInsets":[0,0,0,0],"packable":true,"pixelsToUnit":100,"pivot":{"x":0.5,"y":0.5},"meshType":0}],[0],0,[0],[0],[0]],[[{"name":"word_hall_rabat","rect":{"x":582,"y":926,"width":87,"height":26},"offset":{"x":0,"y":0},"originalSize":{"width":87,"height":26},"rotated":true,"capInsets":[0,0,0,0],"packable":true,"pixelsToUnit":100,"pivot":{"x":0.5,"y":0.5},"meshType":0}],[0],0,[0],[0],[0]],[[{"name":"icon_gold","rect":{"x":819,"y":926,"width":35,"height":35},"offset":{"x":0,"y":0},"originalSize":{"width":35,"height":37},"rotated":false,"capInsets":[0,0,0,0],"packable":true,"pixelsToUnit":100,"pivot":{"x":0.5,"y":0.5},"meshType":0}],[0],0,[0],[0],[0]],[[{"name":"btn_hall_renwu","rect":{"x":364,"y":61,"width":78,"height":84},"offset":{"x":0,"y":0},"originalSize":{"width":78,"height":84},"rotated":true,"capInsets":[0,0,0,0],"packable":true,"pixelsToUnit":100,"pivot":{"x":0.5,"y":0.5},"meshType":0}],[0],0,[0],[0],[0]],[[{"name":"download_icon","rect":{"x":709,"y":61,"width":76,"height":81},"offset":{"x":0,"y":0},"originalSize":{"width":78,"height":83},"rotated":true,"capInsets":[0,0,0,0],"packable":true,"pixelsToUnit":100,"pivot":{"x":0.5,"y":0.5},"meshType":0}],[0],0,[0],[0],[0]],[[{"name":"word_remind_content","rect":{"x":449,"y":848,"width":561,"height":72},"offset":{"x":0,"y":0},"originalSize":{"width":561,"height":72},"rotated":false,"capInsets":[0,0,0,0],"packable":true,"pixelsToUnit":100,"pivot":{"x":0.5,"y":0.5},"meshType":0}],[0],0,[0],[0],[0]],[[{"name":"btn_type_all1","rect":{"x":796,"y":61,"width":75,"height":31},"offset":{"x":0,"y":0},"originalSize":{"width":77,"height":33},"rotated":true,"capInsets":[0,0,0,0],"packable":true,"pixelsToUnit":100,"pivot":{"x":0.5,"y":0.5},"meshType":0}],[0],0,[0],[0],[0]],[[{"name":"btn_type_slots1","rect":{"x":684,"y":680,"width":140,"height":35},"offset":{"x":-0.5,"y":0.5},"originalSize":{"width":141,"height":36},"rotated":true,"capInsets":[0,0,0,0],"packable":true,"pixelsToUnit":100,"pivot":{"x":0.5,"y":0.5},"meshType":0}],[0],0,[0],[0],[0]],[[{"name":"icon_check","rect":{"x":993,"y":762,"width":28,"height":28},"offset":{"x":0,"y":0},"originalSize":{"width":30,"height":30},"rotated":false,"capInsets":[0,0,0,0],"packable":true,"pixelsToUnit":100,"pivot":{"x":0.5,"y":0.5},"meshType":0}],[0],0,[0],[0],[0]],[[{"name":"btn_hall_service","rect":{"x":3,"y":61,"width":79,"height":83},"offset":{"x":0,"y":0},"originalSize":{"width":79,"height":83},"rotated":true,"capInsets":[0,0,0,0],"packable":true,"pixelsToUnit":100,"pivot":{"x":0.5,"y":0.5},"meshType":0}],[0],0,[0],[0],[0]],[[{"name":"btn_hall_bag","rect":{"x":92,"y":61,"width":78,"height":86},"offset":{"x":0,"y":0},"originalSize":{"width":78,"height":86},"rotated":true,"capInsets":[0,0,0,0],"packable":true,"pixelsToUnit":100,"pivot":{"x":0.5,"y":0.5},"meshType":0}],[0],0,[0],[0],[0]]]]
