[1,["1dfc53a42@6c48a"],["_textureSource"],["cc.SpriteFrame","cc.SpriteAtlas"],0,[[[{"name":"icon_dating_jinbi","rect":{"x":182,"y":589,"width":69,"height":71},"offset":{"x":0,"y":0},"originalSize":{"width":69,"height":71},"rotated":false,"capInsets":[0,0,0,0],"packable":true,"pixelsToUnit":100,"pivot":{"x":0.5,"y":0.5},"meshType":0}],[0],0,[0],[0],[0]],[[{"name":"img_tips_bg","rect":{"x":350,"y":545,"width":64,"height":64},"offset":{"x":0,"y":0},"originalSize":{"width":64,"height":64},"rotated":false,"capInsets":[0,0,0,0],"packable":true,"pixelsToUnit":100,"pivot":{"x":0.5,"y":0.5},"meshType":0}],[0],0,[0],[0],[0]],[[{"name":"btn_mail_delete","rect":{"x":65,"y":572,"width":158,"height":54},"offset":{"x":-1.5,"y":1},"originalSize":{"width":161,"height":56},"rotated":true,"capInsets":[0,0,0,0],"packable":true,"pixelsToUnit":100,"pivot":{"x":0.5,"y":0.5},"meshType":0}],[0],0,[0],[0],[0]],[[{"name":"btn_mail_close","rect":{"x":462,"y":449,"width":94,"height":91},"offset":{"x":0,"y":0},"originalSize":{"width":98,"height":95},"rotated":true,"capInsets":[0,0,0,0],"packable":true,"pixelsToUnit":100,"pivot":{"x":0.5,"y":0.5},"meshType":0}],[0],0,[0],[0],[0]],[[{"name":"word_mail_sender","rect":{"x":272,"y":545,"width":89,"height":18},"offset":{"x":0,"y":0},"originalSize":{"width":89,"height":18},"rotated":true,"capInsets":[0,0,0,0],"packable":true,"pixelsToUnit":100,"pivot":{"x":0.5,"y":0.5},"meshType":0}],[0],0,[0],[0],[0]],[[{"name":"btn_mail_receive","rect":{"x":204,"y":416,"width":167,"height":62},"offset":{"x":0,"y":0},"originalSize":{"width":167,"height":62},"rotated":true,"capInsets":[0,0,0,0],"packable":true,"pixelsToUnit":100,"pivot":{"x":0.5,"y":0.5},"meshType":0}],[0],0,[0],[0],[0]],[[{"name":"img_received","rect":{"x":559,"y":449,"width":64,"height":64},"offset":{"x":0,"y":0},"originalSize":{"width":64,"height":64},"rotated":false,"capInsets":[0,0,0,0],"packable":true,"pixelsToUnit":100,"pivot":{"x":0.5,"y":0.5},"meshType":0}],[0],0,[0],[0],[0]],[[{"name":"img_bg","rect":{"x":367,"y":416,"width":122,"height":89},"offset":{"x":0,"y":0},"originalSize":{"width":122,"height":89},"rotated":true,"capInsets":[13,13,13,13],"packable":true,"pixelsToUnit":100,"pivot":{"x":0.5,"y":0.5},"meshType":0}],[0],0,[0],[0],[0]],[[{"name":"btn_login_ok","rect":{"x":3,"y":572,"width":220,"height":56},"offset":{"x":0,"y":0},"originalSize":{"width":220,"height":56},"rotated":true,"capInsets":[0,0,0,0],"packable":true,"pixelsToUnit":100,"pivot":{"x":0.5,"y":0.5},"meshType":0}],[0],0,[0],[0],[0]],[[{"name":"icon_mail_item","rect":{"x":559,"y":519,"width":39,"height":37},"offset":{"x":0,"y":0.5},"originalSize":{"width":39,"height":38},"rotated":true,"capInsets":[0,0,0,0],"packable":true,"pixelsToUnit":100,"pivot":{"x":0.5,"y":0.5},"meshType":0}],[0],0,[0],[0],[0]],[[{"name":"icon_mail_new","rect":{"x":296,"y":545,"width":70,"height":48},"offset":{"x":0,"y":0},"originalSize":{"width":70,"height":48},"rotated":true,"capInsets":[0,0,0,0],"packable":true,"pixelsToUnit":100,"pivot":{"x":0.5,"y":0.5},"meshType":0}],[0],0,[0],[0],[0]],[[{"name":"word_win_title","rect":{"x":705,"y":3,"width":440,"height":36},"offset":{"x":0,"y":0},"originalSize":{"width":440,"height":36},"rotated":true,"capInsets":[0,0,0,0],"packable":true,"pixelsToUnit":100,"pivot":{"x":0.5,"y":0.5},"meshType":0}],[0],0,[0],[0],[0]],[[{"name":"img_bg1","rect":{"x":272,"y":416,"width":123,"height":89},"offset":{"x":0,"y":0},"originalSize":{"width":123,"height":89},"rotated":true,"capInsets":[13,13,13,13],"packable":true,"pixelsToUnit":100,"pivot":{"x":0.5,"y":0.5},"meshType":0}],[0],0,[0],[0],[0]],[[{"name":"word_mail_delete","rect":{"x":149,"y":572,"width":108,"height":27},"offset":{"x":0,"y":0},"originalSize":{"width":108,"height":27},"rotated":true,"capInsets":[0,0,0,0],"packable":true,"pixelsToUnit":100,"pivot":{"x":0.5,"y":0.5},"meshType":0}],[0],0,[0],[0],[0]],[[{"name":"word_mail_delete1","rect":{"x":462,"y":416,"width":108,"height":27},"offset":{"x":0,"y":0},"originalSize":{"width":108,"height":27},"rotated":false,"capInsets":[0,0,0,0],"packable":true,"pixelsToUnit":100,"pivot":{"x":0.5,"y":0.5},"meshType":0}],[0],0,[0],[0],[0]],[[{"name":"word_mail_mail","rect":{"x":125,"y":572,"width":113,"height":18},"offset":{"x":0,"y":0},"originalSize":{"width":113,"height":18},"rotated":true,"capInsets":[0,0,0,0],"packable":true,"pixelsToUnit":100,"pivot":{"x":0.5,"y":0.5},"meshType":0}],[0],0,[0],[0],[0]],[[{"name":"bg_dt_xinxi_tishiban_small","rect":{"x":3,"y":3,"width":696,"height":407},"offset":{"x":0,"y":0},"originalSize":{"width":696,"height":407},"rotated":false,"capInsets":[0,0,0,0],"packable":true,"pixelsToUnit":100,"pivot":{"x":0.5,"y":0.5},"meshType":0}],[0],0,[0],[0],[0]],[[{"name":"auto_mail","spriteFrames":["bg_dt_xinxi_tishiban_small","e3L+hUbdNL36A6vJkbyRyl@f9941","word_win_title","b4V4eKAGpKpYE+zm1Dqgdf@f9941","img_mail_null","f7WyIuWNVNKbc3GckwvI7A@f9941","btn_mail_receive","5b9euLV9VLv7i63O7twx32@f9941","btn_login_ok","9eIoKhu21EELFzM4g7Lt85@f9941","btn_mail_delete","3ax+2iLtFNJpvBYZf7gUPU@f9941","word_mail_mail","d9gsrK5flKQ4sHcWcm1qG7@f9941","word_mail_delete","bfkACk9YdKDoF2B7c3fYl8@f9941","img_bg1","b6JOLm0FlNz64KdqnzVs7B@f9941","img_bg","78ZFLOB/tK/JA8OsM05PW3@f9941","btn_mail_close","41u8YMbT5NyqloNLXQ6jzF@f9941","word_mail_delete1","d333Xmt1xK1bkKXLvopnOp@f9941","word_mail_sender","45gk7xGxZM6IfyWDLQIiwS@f9941","icon_dating_jinbi","19vKm8OC1I6JUHrDWtV9Ze@f9941","icon_mail_new","a4ul8EeHpANJumpqOkzMLt@f9941","img_tips_bg","3646rI1XdANZ51VT2KQ58n@f9941","img_received","67z+1uTjVJfa+FaHOwErva@f9941","icon_mail_item","9eZhFqlI5NELi4kkVCQElc@f9941"]}],[1],0,[],[],[]],[[{"name":"img_mail_null","rect":{"x":3,"y":416,"width":150,"height":195},"offset":{"x":0,"y":0},"originalSize":{"width":150,"height":195},"rotated":true,"capInsets":[0,0,0,0],"packable":true,"pixelsToUnit":100,"pivot":{"x":0.5,"y":0.5},"meshType":0}],[0],0,[0],[0],[0]]]]
