[1,["d0UxevXT5DM4ZLJ0XgMfK5@6c48a"],["_textureSource"],["cc.SpriteFrame"],0,[{"name":"btn_hu_CONFIRM","rect":{"x":0,"y":0,"width":248,"height":66},"offset":{"x":0,"y":0},"originalSize":{"width":248,"height":66},"rotated":false,"capInsets":[0,0,0,0],"vertices":{"rawPosition":[-124,-33,0,124,-33,0,-124,33,0,124,33,0],"indexes":[0,1,2,2,1,3],"uv":[0,66,248,66,0,0,248,0],"nuv":[0,0,1,0,0,1,1,1],"minPos":{"x":-124,"y":-33,"z":0},"maxPos":{"x":124,"y":33,"z":0}},"packable":true,"pixelsToUnit":100,"pivot":{"x":0.5,"y":0.5},"meshType":0}],[0],0,[0],[0],[0]]
