[1,["202f5553-156a-4117-8e00-db6e16ab80b7@6c48a"],["_textureSource"],["cc.SpriteFrame"],0,[{"name":"skeleton","rect":{"x":69,"y":22,"width":1579,"height":1495},"offset":{"x":-165.5,"y":254.5},"originalSize":{"width":2048,"height":2048},"rotated":false,"capInsets":[0,0,0,0],"vertices":{"rawPosition":[-789.5,-747.5,0,789.5,-747.5,0,-789.5,747.5,0,789.5,747.5,0],"indexes":[0,1,2,2,1,3],"uv":[69,2026,1648,2026,69,531,1648,531],"nuv":[0.03369140625,0.25927734375,0.8046875,0.25927734375,0.03369140625,0.9892578125,0.8046875,0.9892578125],"minPos":{"x":-789.5,"y":-747.5,"z":0},"maxPos":{"x":789.5,"y":747.5,"z":0}},"packable":true,"pixelsToUnit":100,"pivot":{"x":0.5,"y":0.5},"meshType":0}],[0],0,[0],[0],[0]]
