[1,["a3u6oaEgZG9LC8rqTRIkYb","9cdv9I8XpA8aCaVJGtqAd9@f9941","20g1ukYUVPvKWKBRznAKo+@f9941","54TknWPwVPqJqeCR+Y/Czo@f9941","95EkngnxZFbYuFpsqVTaFr@f9941","7dosG9G1VHXac4VAfBZD63@f9941","493nrIjfdCXoLnjIxgmx30@f9941","4bbwVSp0ZFOqcScwxGOAMC@f9941","51klYeVYVCNIy9uyiiFzE4@f9941","6fZ/FgIwxFIbyc+X1YoILd@f9941","1aPYEz/ClHpqRZijrnPex1@f9941","35NqmFNo1O9rHZDcPe8gJO@f9941","199Nxu17BAY4Lb5obd0cKu@f9941","4061wykwxE4K9RJtz7fP2i@f9941","0e/YpKup1E1rXYR4+kgMsB@f9941","b8BV88NeBNbqcAKpR/cfBU@f9941","27f4hy+sZDTY8jh3yn16ua@f9941","b80WHGbutAT5ZX7SjbiQZt@f9941","e50I52yAdMr4O1/h6AMda4@f9941","2aY1TMqwFCCKW9KOUPDb6S","5cx1zUwGpFIZHhfSBIMdfq@6c48a","7dj5uJT9FMn6OrOOx83tfK@f9941","5cx1zUwGpFIZHhfSBIMdfq@f9941","fczENtQuREPqbg/XGIp3uY@f9941","5el+LncJpM9LpXLMsvaoQL@f9941","08ReOWfs1LHrnKbYTpaoes@f9941","9ajXlRGHhDcKeCQuRlBDmY@f9941","7dUyEnI2ZCVpwUP6zSHLjS@f9941","dfQvZ78aBNQofdfXZ55oga@f9941","73y/eEJldBcbEoXR9JLu6m@f9941","0aLMbz4TJNwr1m7jgkMRlS@f9941","45zJGpHa5IOZTbPS2XOvZW@f9941","8cZqoRajJFPpenrrRZlv83@f9941","ac+VAvCeJHwYrXjGlZT8Hl@f9941","2aew4LvQtN9aRJUAwZdgaC@f9941","b958s3V7pF9Lb/5c4i7YfN@f9941","14mogyym5Jr7KxPyG2s5Mk@f9941","a3G/6GCM5CjoAKt9VdXhXV@f9941","dapEdG2RZPW5zj9SWMkNjW@f9941","b8XyxBJdpBXKbweRzCIo7g@f9941","ec2OG9qplPuaRJO5PV7f3P@f9941","d1UG5cvo5OJ5gtzulcB0Pq@f9941","46CdbI4btOeIzGcRHvexyo@f9941","4epv/kpLRJXaDpS7DFoBsb@f9941","57N6yD/edNl4JAiARvnZ5y@f9941","126il3RvRA2q08UAzP22s3@f9941","dddBuHQPxAtpJ5+Wwjr+ef@f9941","d1s8yZBCFGALG+TU2E4v1F@f9941","7359ccV3NCer86O/nvw/lR@f9941","34+JG8KOpBu7GCPNshcDLg@f9941","5bpp8HVQZIEow4/w49fbzQ@f9941","d7dM0kiixE+pMcMEsnn76z@f9941","6aNLJKzlpG96e5SkE/49L6@f9941","05y2fEqLZO+4MaW1VHEaRY@f9941","99hgy38Y1LZrEJ0wX2ZqZv@f9941","95KHqo9dZNbrcGXNh90PDa@f9941"],["node","_spriteFrame","_atlas","_target","_normalSprite","_hoverSprite","_pressedSprite","_disabledSprite","_checkMark","_placeholderLabel","_textLabel","_parent","_backgroundImage","_textureSource","root","data"],[["cc.Node",["_name","_active","_layer","_components","_prefab","_parent","_lpos","_children"],0,9,4,1,5,2],["cc.Sprite",["_sizeMode","_type","_name","node","__prefab","_spriteFrame","_atlas","_color"],0,1,4,6,6,5],["cc.Label",["_string","_actualFontSize","_fontSize","_isBold","_enableOutline","_horizontalAlign","_overflow","_enableWrapText","_outlineWidth","_lineHeight","node","__prefab","_color","_outlineColor"],-7,1,4,5,5],["cc.Node",["_name","_layer","_active","_parent","_components","_prefab","_lpos","_children"],0,1,12,4,5,2],["cc.UITransform",["_name","node","__prefab","_contentSize","_anchorPoint"],2,1,4,5,5],["cc.Button",["_transition","_zoomScale","node","__prefab","_normalColor","_target","_normalSprite","_hoverSprite","_pressedSprite","_disabledSprite"],1,1,4,5,1,6,6,6,6],["cc.Widget",["_alignFlags","_originalWidth","_originalHeight","_isAbsLeft","node","__prefab"],-1,1,4],["cc.Layout",["_resizeMode","_layoutType","_spacingY","node","__prefab"],0,1,4],["cc.Toggle",["_isChecked","node","__prefab","_normalColor","_target","_checkMark","_normalSprite"],2,1,4,5,1,1,6],"cc.SpriteFrame",["cc.Prefab",["_name"],2],["cc.CompPrefabInfo",["fileId"],2],["cc.PrefabInfo",["fileId","instance","targetOverrides","nestedPrefabInstanceRoots","root","asset"],-1,1,1],["cc.ToggleContainer",["node","__prefab"],3,1,4],["cc.EditBox",["_inputMode","_maxLength","node","__prefab","_textLabel","_placeholderLabel","_backgroundImage"],1,1,4,1,1,6],["cc.BlockInputEvents",["node","__prefab"],3,1,4],["cc.LabelOutline",["node","__prefab"],3,1,4]],[[11,0,2],[12,0,1,2,3,4,5,5],[4,1,2,3,1],[1,3,4,5,6,1],[0,0,5,3,4,6,2],[0,0,5,7,3,4,6,2],[1,1,0,3,4,5,6,3],[0,0,2,5,3,4,6,3],[1,0,3,4,5,6,2],[4,1,2,3,4,1],[5,0,1,2,3,4,5,6,3],[5,0,1,2,3,4,5,6,7,8,9,3],[7,3,4,1],[16,0,1,1],[0,0,1,5,7,3,4,6,3],[0,0,2,5,7,3,4,6,3],[0,0,5,3,4,2],[3,0,2,1,3,7,4,5,6,4],[4,0,1,2,3,2],[6,0,1,2,4,5,4],[1,2,3,4,2],[8,0,1,2,3,4,5,6,2],[0,0,7,3,4,6,2],[0,0,1,5,3,4,6,3],[0,0,1,5,3,4,3],[3,0,2,1,3,4,5,6,4],[3,0,1,3,4,5,6,3],[1,1,3,4,5,6,2],[1,3,4,5,1],[14,0,1,2,3,4,5,6,3],[2,0,1,2,3,4,10,11,12,13,6],[2,0,1,2,3,4,8,10,11,12,13,7],[2,0,5,1,2,6,7,3,10,11,8],[2,0,5,1,2,9,6,7,3,10,11,12,9],[10,0,2],[0,0,7,3,4,2],[3,0,1,3,7,4,5,6,3],[4,1,2,1],[6,0,3,4,5,3],[7,0,1,2,3,4,4],[1,1,0,3,4,5,3],[1,0,3,4,7,5,2],[1,3,4,1],[13,0,1,1],[8,1,2,3,4,5,6,1],[5,0,2,3,4,5,6,7,8,9,2],[15,0,1,1],[2,0,1,2,10,11,4]],[[[{"name":"bg_fenxiang_1","rect":{"x":0,"y":0,"width":1334,"height":750},"offset":{"x":0,"y":0},"originalSize":{"width":1334,"height":750},"rotated":false,"capInsets":[0,0,0,0],"vertices":{"rawPosition":[-667,-375,0,667,-375,0,-667,375,0,667,375,0],"indexes":[0,1,2,2,1,3],"uv":[0,750,1334,750,0,0,1334,0],"nuv":[0,0,1,0,0,1,1,1],"minPos":{"x":-667,"y":-375,"z":0},"maxPos":{"x":667,"y":375,"z":0}},"packable":true,"pixelsToUnit":100,"pivot":{"x":0.5,"y":0.5},"meshType":0}],[9],0,[0],[13],[20]],[[[34,"perfabs_refferal_main"],[35,"perfabs_refferal_main",[-4,-5,-6,-7,-8,-9,-10,-11,-12,-13,-14],[[2,-2,[0,"2ehYM7xVFPfLtBBKw/dDd7"],[5,1334,750]],[19,45,1334,750,-3,[0,"43PzEjvEBGb7ivVoYEvyGg"]]],[1,"c46/YsCPVOJYA4mWEpNYRx",null,null,null,-1,0]],[5,"props_fengxiang_right",1,[-18,-19,-20,-21,-22,-23],[[2,-15,[0,"7fOu5vjPZJAo0beehYUy6Z"],[5,492,489]],[12,-16,[0,"73xjGtGbpEgbuFAp/ecIkq"]],[3,-17,[0,"4eQuVz/NtEdpM5Hmt3cgiE"],100,101]],[1,"7d8mzS09xPmoepygZWcKGF",null,null,null,1,0],[1,399.48,-8,0]],[5,"props_fengxiang_left",1,[-27,-28,-29,-30,-31],[[2,-24,[0,"e0g1q2+u1PkJSQNsqlPbwi"],[5,492,489]],[12,-25,[0,"42K2NMwVFClJCf1goOyYcm"]],[3,-26,[0,"18mCBAuOVMwouG858AdC12"],72,73]],[1,"5bjYaAywFJoJ/Qx8DIvH4H",null,null,null,1,0],[1,-93,-8,0]],[14,"props_botton_bg_1",false,1,[-34,-35,-36,-37,-38,-39],[[2,-32,[0,"47HYxADZFIx61T0TWxTVXf"],[5,979,88]],[3,-33,[0,"37Pw0kuPJDDrcpTLKMm7JO"],134,135]],[1,"8dhg5CiUJB9L/3gZdZpIAa",null,null,null,1,0],[1,150,-296,0]],[5,"spr_left_bg",1,[-43,-44,-45,-46],[[9,-40,[0,"82saoFeZpLTIy7a4Ek4wCF"],[5,306,750],[0,0.1,0.5]],[3,-41,[0,"d4ucSBab1JDabbcgtFx7vH"],48,49],[38,8,false,-42,[0,"f4qIWIOcJKLKxC1Ltoccvv"]]],[1,"farE7LsXBIjrNMQptvytSR",null,null,null,1,0],[1,-636.4,0,0]],[5,"props_ToggleGroup_refferal",5,[-50,-51,-52,-53],[[43,-47,[0,"4bFpOJ+gxElIuJGX3wxzsm"]],[9,-48,[0,"69xy36RklGMKMCBNNrWePV"],[5,100,354],[0,0.5,1]],[39,1,2,22,-49,[0,"c1vuDLJnRCvrC/Jpph0wTN"]]],[1,"74BFftqudJ2L/KSGEGDBzZ",null,null,null,1,0],[1,117.39999999999998,121,0]],[15,"Toggle1",33554432,6,[-59,-60,-61],[[2,-54,[0,"4cWBoClAxGpb4Hens3L1uz"],[5,269,72]],[3,-55,[0,"d6dDWJ5l5LFqKtti3Ht8J8"],18,19],[44,-58,[0,"2canbmBcNJ4ZEH4URX5kat"],[4,4292269782],-57,-56,20]],[1,"fcAA6vwldG37bODGsBC6iC",null,null,null,1,0],[1,0,-36,0]],[15,"Toggle2",33554432,6,[-67,-68,-69],[[2,-62,[0,"e7yzzgAGJKP5VubDPk/D8M"],[5,269,72]],[3,-63,[0,"be1U43/M5EIKC4FoNbBFFG"],27,28],[21,false,-66,[0,"3dJ7w0411Kt5jOG/edXl58"],[4,4292269782],-65,-64,29]],[1,"9e0+aSAaJIy4QJMnOmELEx",null,null,null,1,0],[1,0,-130,0]],[15,"Toggle3",33554432,6,[-75,-76,-77],[[2,-70,[0,"4cYRLifghKpKy/cuJYMrtQ"],[5,269,72]],[3,-71,[0,"b99UPgpHlK6r1AgdZrnE7Q"],36,37],[21,false,-74,[0,"c01wMJhZZDHLX/b1U9gzRx"],[4,4292269782],-73,-72,38]],[1,"0e8BAtUPNIA4+OTYo57JWy",null,null,null,1,0],[1,0,-224,0]],[5,"Toggle4",6,[-83,-84,-85],[[2,-78,[0,"e5noxHMM1LjLuz212yXKBa"],[5,269,72]],[3,-79,[0,"3d8MCfgilH8LxEzPASvyvq"],45,46],[21,false,-82,[0,"efElz88GxI3YTcpahccILQ"],[4,4292269782],-81,-80,47]],[1,"ca0DPRadRPIZaD6BMxbJt6",null,null,null,1,0],[1,0,-318,0]],[5,"props_btn_top_title",1,[-90,-91],[[2,-86,[0,"5ecvqFi9lA+Ig//vUypihd"],[5,988,130]],[27,1,-87,[0,"a39YOMja1DGKbq8Y7MzbJq"],53,54],[10,3,0.9,-89,[0,"453hc+XwdGtJo+YINFeCc7"],[4,4292269782],-88,55]],[1,"4d5Pgjz1hJbJrKYVnkeX0m",null,null,null,1,0],[1,155,304,0]],[5,"btn_fengxiang_save",3,[-96],[[2,-92,[0,"7b1HUtxfZKt4kpQ0d0V+ti"],[5,194,56]],[6,1,2,-93,[0,"e8482I+6tL8ISHuVQZsgPX"],66,67],[11,3,0.9,-95,[0,"76b6WsIWhMXppjcuYrMk9z"],[4,4292269782],-94,68,69,70,71]],[1,"c85+aVSytNUo3A8CrgWriD",null,null,null,1,0],[1,0,-184,0]],[5,"btn_fengxiang_save",2,[-101],[[2,-97,[0,"27SvjK3HhPY4b9IpclSOfq"],[5,194,56]],[6,1,2,-98,[0,"1824zbEeBJSaBxtHZMYzsi"],86,87],[11,3,0.9,-100,[0,"c4aucji1VDaKXDsO9Ilnsp"],[4,4292269782],-99,88,89,90,91]],[1,"6bGCD9J41AY61kD1Uzhk3/",null,null,null,1,0],[1,0,-184,0]],[14,"btn_fengxiang_save1",false,2,[-106],[[2,-102,[0,"76DmJUmyhPV6/pDkxF97SQ"],[5,194,56]],[6,1,2,-103,[0,"71CqB7pb5EFb9KRFzsQyRW"],94,95],[11,3,0.9,-105,[0,"7c2GR60kRC+I9UuSfVHoeU"],[4,4292269782],-104,96,97,98,99]],[1,"52jB8QD/FF96Hmj9FvwszA",null,null,null,1,0],[1,0,-184,0]],[22,"props_EditBox",[-112,-113],[[2,-107,[0,"5em/dJnzVGO50wFchJLatm"],[5,720,39]],[40,1,0,-108,[0,"4dgCZHVGJMmK4+WWS8IRJM"],102],[29,6,8,-111,[0,"10t00Ur19JMos7cDPQp1q5"],-110,-109,103]],[1,"04GiPlj8NP141mhGkr8Q9E",null,null,null,1,0],[1,-106.323,4.328,0]],[22,"btn_botton_copy",[-118],[[2,-114,[0,"8178lwHQNJu6TEJOoQcAs8"],[5,198,56]],[6,1,2,-115,[0,"b0oXSGBVdPJYQq/jp538jI"],106,107],[10,3,0.9,-117,[0,"e2Ay1Ij5xHJIbko1Rr/T7u"],[4,4292269782],-116,108]],[1,"2aoDfVvdxBO6Rnv3snT0ne",null,null,null,1,0],[1,366.897,5.754,0]],[5,"props_EditBox",4,[-124,-125],[[2,-119,[0,"c3ZReo9gVPFY5K10EmByOG"],[5,459,39]],[6,1,2,-120,[0,"e0suwr9HlHF67SSKyTix90"],111,112],[29,6,8,-123,[0,"29dWNWmB5MbJa9eeJzqmT8"],-122,-121,113]],[1,"e5lkg6p7lMTZ6+QeRkvbPJ",null,null,null,1,0],[1,-238,4,0]],[5,"btn_botton_copy",4,[-130],[[2,-126,[0,"bdMmLAJiZJpZKoRV5OEdK+"],[5,198,56]],[6,1,2,-127,[0,"ce6nJRs19IKanUB68FxVaV"],116,117],[10,3,0.9,-129,[0,"c4QXyqi8NIpoWv9yDOCMbv"],[4,4292269782],-128,118]],[1,"3b10Prji1JN6cfGEIIYel/",null,null,null,1,0],[1,110,6,0]],[14,"props_tanchuang_erweima",false,1,[-133,-134,-135],[[2,-131,[0,"a0N4ZtbdVKnJvAeU/cnTul"],[5,486,486]],[3,-132,[0,"55JuwvBrxGvZU1KfR+O9Te"],144,145]],[1,"34smFe281I56C1BrPutLFw",null,null,null,1,0],[1,0,30,0]],[16,"bg",1,[[2,-136,[0,"28Xt4wnttMHb35Z6dz9Zqf"],[5,1334,750]],[41,0,-137,[0,"14K3OfOMlNF4H5Y9x1O1gN"],[4,1677721600],0],[19,45,1334,640,-138,[0,"11C1pyQ85O/q4JCZu8Tl0Y"]],[46,-139,[0,"9fimTONNNFOqYGxbnE21ya"]]],[1,"72mcrrr2NGBLth0rysQGSF",null,null,null,1,0]],[4,"props_btn_back",5,[[2,-140,[0,"b3IqMn4yZKU6vLW9YSoZSc"],[5,100,111]],[27,1,-141,[0,"024wlhzotFZZzDSHeWAXqM"],3,4],[11,3,0.9,-143,[0,"84qhZ7l+ZLabLoPWxZzF7p"],[4,4292269782],-142,5,6,7,8]],[1,"d6vQfNHEdHQaT3WMnRGxLF",null,null,null,1,0],[1,32.39999999999998,320,0]],[5,"spr_fengxiang_left1",3,[-146,-147],[[2,-144,[0,"e5rqLJ0BtLAb+IMLbAbQ9B"],[5,245,32]],[3,-145,[0,"3bXiBRJXJP7I5Uz4/pvzHK"],58,59]],[1,"1cJA/YnohBhqx8aOp2GUEC",null,null,null,1,0],[1,-90,200,0]],[5,"props_botton_bg",1,[15,16],[[2,-148,[0,"9em578/6VN0Yqszp+2FAQ3"],[5,979,88]],[3,-149,[0,"e7zj0ttWlE4L3TAmmUTikX"],109,110]],[1,"c0U56OIChPxauEGGmo5gsK",null,null,null,1,0],[1,150,-296,0]],[4,"btn_botton_telegram",4,[[2,-150,[0,"deIrhlphNBV5RnEvlPGDuP"],[5,52,53]],[6,1,2,-151,[0,"38PoL7G3JJ4bKiIW5xcnv9"],119,120],[11,3,0.9,-153,[0,"164he9qc1Fa5+rUuqltKyV"],[4,4292269782],-152,121,122,123,124]],[1,"babbIpQ0FE26t37XITZ0ta",null,null,null,1,0],[1,248,2,0]],[4,"btn_botton_whatsapp",4,[[2,-154,[0,"2cyLwDSm1E0KF3rKxvOiVs"],[5,52,53]],[6,1,2,-155,[0,"e6tT7kmy9F5Ygp7ZzE8pq9"],125,126],[10,3,0.9,-157,[0,"58ek4Hvz1DBLnQ1GmuVhVv"],[4,4292269782],-156,127]],[1,"a0F/SlFjpOVLizNdW7z6Rr",null,null,null,1,0],[1,314,2,0]],[4,"btn_botton_facebook",4,[[2,-158,[0,"d7aYXQ4DBCCYUolqiJVeno"],[5,52,53]],[6,1,2,-159,[0,"28gMqvleZPf6rC4SlkN+tZ"],128,129],[10,3,0.9,-161,[0,"a7pmQ2TlpMWZt4HR9GC3kD"],[4,4292269782],-160,130]],[1,"58JMWDiu5L9K97wfZtmcBR",null,null,null,1,0],[1,378,2,0]],[4,"btn_botton_massage",4,[[2,-162,[0,"36/0mLNaJCYaljCVC1K0w/"],[5,52,52]],[6,1,2,-163,[0,"aab19x0HVOGoo0fkYTvQ+6"],131,132],[10,3,0.9,-165,[0,"0ecvHwqI1Ev7VKrXcYfJ17"],[4,4292269782],-164,133]],[1,"d2cmgODbRH06pze+DTsvJu",null,null,null,1,0],[1,446,2,0]],[4,"btn_tanchuang_off",19,[[2,-166,[0,"74Z5uSlJBAEpNyZQurWFJn"],[5,66,66]],[6,1,2,-167,[0,"2ffTr5XkJO7b0d3dek5NXa"],138,139],[45,2,-169,[0,"30tTp7z2dDYqE0oH6ZIQ/x"],[4,4292269782],-168,140,141,142,143]],[1,"ebvp1Igi1JCJVcM+V9+Yey",null,null,null,1,0],[1,306,226,0]],[16,"spr_bg",1,[[2,-170,[0,"e3ZWQXEZtDALxx01R2TMcA"],[5,1334,750]],[8,0,-171,[0,"d8XKZt3b5Jma9iNBRVdmYz"],1,2],[19,45,1334,750,-172,[0,"43kKouKntOGLw+5NXM7vLe"]]],[1,"2eSDGq0ClKG7GFb51z4vu0",null,null,null,1,0]],[36,"Checkmark",33554432,7,[-175],[[[2,-173,[0,"famy+EwetAH46l9EdRqgdu"],[5,314,83]],-174],4,1],[1,"1dyg8natlLl7wFjc8uzp2s",null,null,null,1,0],[1,23,0,0]],[17,"Checkmark",false,33554432,8,[-178],[[[18,"Checkmark<UITransformComponent>",-176,[0,"24y9YweOBDt5oM5IevIfRw"],[5,314,83]],-177],4,1],[1,"daVVbR04hMBZGsu3lIVYet",null,null,null,1,0],[1,23,0,0]],[17,"Checkmark",false,33554432,9,[-181],[[[18,"Checkmark<UITransformComponent>",-179,[0,"bdtDT314lIca7uiYW08MZE"],[5,314,83]],-180],4,1],[1,"02Xi0A0R1LeLWrf1q/UU/O",null,null,null,1,0],[1,23,0,0]],[17,"Checkmark",false,33554432,10,[-184],[[[18,"Checkmark<UITransformComponent>",-182,[0,"3fNLacA8VMfbROYC7nNOnr"],[5,314,83]],-183],4,1],[1,"e4/uh6oyVEpqMLYbd55i8z",null,null,null,1,0],[1,23,0,0]],[4,"title_fengxiang_left1",22,[[2,-185,[0,"5665LVZSRH1aIR1j3V0k7A"],[5,58.7,54.4]],[30,"24px",24,24,true,true,-186,[0,"03XXC+UsBLu5ZG8K0T8nsR"],[4,4284805375],[4,4278749493]],[13,-187,[0,"317k+lD2pAB65+zoszDMgO"]]],[1,"55xi5wbxBMSaLamOiviAZn",null,null,null,1,0],[1,152,2,0]],[5,"spr_fengxiang_left2",3,[-190],[[2,-188,[0,"35jY1XfOFGD57j0kvOyk57"],[5,241,32]],[3,-189,[0,"4eOF2lQWBAGIJRQP4Pq299"],60,61]],[1,"6eKpYvn3ZJmZ90QazHzuro",null,null,null,1,0],[1,-92,139.64100000000002,0]],[4,"title_fengxiang_left1",35,[[2,-191,[0,"2fr+Oksj5O44zoFFsGAILJ"],[5,58.7,54.4]],[30,"24px",24,24,true,true,-192,[0,"c5Qr69OKJEdLei9fRDf/c2"],[4,4284805375],[4,4278749493]],[13,-193,[0,"b0pTdIgWpOt7vPoGLHNeo9"]]],[1,"2eRFYQ5vFF0q/HD3t/Wq2s",null,null,null,1,0],[1,152,2,0]],[5,"spr_fengxiang_right1",2,[-196],[[2,-194,[0,"c2+XtWsthLAIG76okLI2zU"],[5,156,32]],[3,-195,[0,"23s+Npg59Fc7RYOFGfD9/f"],74,75]],[1,"9dFON6helNKoyXXETtigpN",null,null,null,1,0],[1,-134,200,0]],[4,"title_fengxiang_left1",37,[[2,-197,[0,"7fZFg/bB9P7ZWfEnfeKj3H"],[5,26,52.4]],[31,"ID",24,24,true,true,1,-198,[0,"9512WWQ9hAzILUyhbJNfRQ"],[4,4284805375],[4,4279066530]],[13,-199,[0,"75s4FTnZFB04vDdtuL+Aj2"]]],[1,"dfU8qYj9hPCoql2rTEdZYH",null,null,null,1,0],[1,94,4,0]],[5,"spr_fengxiang_right2",2,[-202],[[2,-200,[0,"79WYDY7QBADqIJECImpuG0"],[5,204,32]],[3,-201,[0,"e7qCHXmYBFqpUeA4Itxy9v"],76,77]],[1,"4a0b+TAX5AFaK0sxsCtRi3",null,null,null,1,0],[1,-110,138,0]],[4,"title_fengxiang_left1",39,[[2,-203,[0,"dbZNg7A/ZDHoPEJSJ0F3SQ"],[5,26,52.4]],[31,"ID",24,24,true,true,1,-204,[0,"f3TbYihhJBDKGFAsEqVmez"],[4,4284805375],[4,4279066530]],[13,-205,[0,"45K7mBJIxCN4AFCRCXR4GD"]]],[1,"008eMhOp1A0J95A3xXysdk",null,null,null,1,0],[1,122,0,0]],[5,"spr_fengxiang_guang",2,[-208],[[2,-206,[0,"3219kF5VlD6ouDNYSuchCc"],[5,248,245]],[8,2,-207,[0,"a0u/25b+hOyJi+MNGDzTIm"],82,83]],[1,"2e2fe/GdhFu52U99T/YPzL",null,null,null,1,0],[1,0,-46,0]],[4,"spr_gift",5,[[2,-209,[0,"6d87N2OodLZrwPKbv6Y7HT"],[5,326,161]],[28,-210,[0,"9bI0jPaN5CW6JqHyFCkaVt"],9]],[1,"c4bhbjfMZKGqyu6dtS4C+C",null,null,null,1,0],[1,118.39999999999998,242,0]],[23,"spr_gift_word",false,5,[[2,-211,[0,"6e6uKSA55OtJmLv20zXAam"],[5,236,48]],[3,-212,[0,"41OAJqU8ZHXKnqecK112Up"],10,11]],[1,"d2jXxTO/VIpbuHS4Ntuaai",null,null,null,1,0],[1,118.39999999999998,190,0]],[7,"spr_btn_zi_1_0",33554432,7,[[2,-213,[0,"26YazzyJxN/qAbHRXq1wek"],[5,131,24]],[3,-214,[0,"3eULZBe91MMZZRhUEzMtiw"],12,13]],[1,"75t0vjozdPEoNGjoni1u6e",null,null,null,1,0],[1,14,2,0]],[7,"btn_zi_1_1",33554432,30,[[2,-215,[0,"1aqbe7afdEYbDifGgcJn8b"],[5,182,32]],[3,-216,[0,"6dhVYkLk5FQY23btcvjZPn"],14,15]],[1,"2e/raHpjRNDY4v6s0uGabz",null,null,null,1,0],[1,17,4,0]],[4,"spr_btn_icon_1",7,[[2,-217,[0,"fexSSvZjlOBq8+Zh9jS+3B"],[5,55,49]],[3,-218,[0,"04Ok9HADlIrYymA1IRU05c"],16,17]],[1,"40Av69Pt5PY4yfz9gyAKZl",null,null,null,1,0],[1,-89,4,0]],[7,"spr_btn_zi_2_0",33554432,8,[[2,-219,[0,"4eHqjtMYZJhIQpCIhNRN+Y"],[5,159,20]],[3,-220,[0,"53RkAF1eFN/oTI4X8rTLEj"],21,22]],[1,"80Wxssyf9PQ4cNidOKxTH1",null,null,null,1,0],[1,29,2,0]],[7,"spr_btn_zi_2_1",33554432,31,[[2,-221,[0,"cb6PUL3gdD1qjjoliljNl4"],[5,220,26]],[3,-222,[0,"83v4l9HgxDGLcRdBQvOOBA"],23,24]],[1,"49StSbe6tCgqyteUr6VjF6",null,null,null,1,0],[1,37,3,0]],[7,"spr_btn_icon_2",33554432,8,[[2,-223,[0,"22/lPzZ9FH+LUdO5TCviOz"],[5,58,50]],[3,-224,[0,"3dPUoN79BGZqoMcNW+hNcZ"],25,26]],[1,"52pj4WYZxGmaVC3wC8idp/",null,null,null,1,0],[1,-90,1,0]],[7,"spr_btn_zi_3_0",33554432,9,[[2,-225,[0,"372uHMGxJE1qbR6O6BSnqn"],[5,127,24]],[3,-226,[0,"02TpXfsWNOcpmM20bVmT+d"],30,31]],[1,"3daF3aHWBAebpyPQp2KeWs",null,null,null,1,0],[1,12,3,0]],[7,"spr_btn_zi_3_1",33554432,32,[[2,-227,[0,"d1Sclm351MtaGnAoYqtLr/"],[5,175,32]],[3,-228,[0,"30Md0tETJJFJvoHppP8Obo"],32,33]],[1,"41g+99Sq5DDIywsbPbcdDB",null,null,null,1,0],[1,14,3,0]],[7,"spr_btn_icon_3",33554432,9,[[2,-229,[0,"efP7BiF89MQ7pgYNBn9maH"],[5,50,49]],[3,-230,[0,"c7uU0a28RAGZtYNBcO3ro/"],34,35]],[1,"feuJRvBtJNSar6rSIhF7bW",null,null,null,1,0],[1,-90,2,0]],[4,"spr_btn_zi_4_0",10,[[2,-231,[0,"f8cUycI3lC6r7M1kqn+Oyg"],[5,153,24]],[3,-232,[0,"8f/SW4o6tCN6rE3AmHycwc"],39,40]],[1,"49kzFpbHdPJaS7TvvszdsC",null,null,null,1,0],[1,25,4,0]],[7,"spr_btn_zi_4_1",33554432,33,[[2,-233,[0,"e6/EtBpddAgoivRdpcpgxN"],[5,211,32]],[3,-234,[0,"edBW1DfqpGvLRs/411T9PX"],41,42]],[1,"311ywufZ9BV7anuZt12VUS",null,null,null,1,0],[1,32,5,0]],[4,"spr_btn_icon_4",10,[[2,-235,[0,"8c3vJVv7lLW5+lKaKQqgcX"],[5,50,48]],[3,-236,[0,"5e5DK2wwBPeoTOYbKfN2YG"],43,44]],[1,"3eOS5eHNVJqYpYDnSl/v+L",null,null,null,1,0],[1,-94,4,0]],[4,"title_fenxiang_1",11,[[2,-237,[0,"20K3Y0D7xGe5j0rHRvcQOU"],[5,711,88]],[3,-238,[0,"6ehX3uGMBCtpvp8ZR7Fz0e"],50,51]],[1,"eccmwnGZ9Lxb1G/AD8UQDR",null,null,null,1,0],[1,25,-6,0]],[4,"spr_bangzhu",11,[[2,-239,[0,"5cbvx+EbJNuKMiYcioFoj8"],[5,44,47]],[28,-240,[0,"f2UL6TxD5P6rHtUkakT75/"],52]],[1,"c4InoeBP9EUKnN1n2UhOCa",null,null,null,1,0],[1,440,0,0]],[4,"spr_souguo",22,[[2,-241,[0,"22VdXYsbpL05MLHwF+yr9d"],[5,40,40]],[8,2,-242,[0,"35EuHvZhJDpLSdJ9EoSWG/"],56,57]],[1,"92hLcLVr1IBYHXP01JdPin",null,null,null,1,0],[1,294,4,0]],[4,"spr_fengxiang_code",3,[[2,-243,[0,"65m/qOrjtDcpjDaE74Z/Jj"],[5,270,32]],[8,2,-244,[0,"d2/qk2ZQNI2L9TLUjFstVD"],62,63]],[1,"57Zto51kFCD49AjmO6ffnD",null,null,null,1,0],[1,2,82,0]],[4,"props_fengxiang_erweima",3,[[2,-245,[0,"1fS4xf+eNLJ4Ee87kZFuE5"],[5,198,198]],[12,-246,[0,"16qkfQhCFO6IOMaGfmrvIj"]]],[1,"95qhYHim1JvJ7YjR1Lx5W/",null,null,null,1,0],[1,-0.015,-42.89,0]],[4,"spr_save",12,[[2,-247,[0,"54TQSSiidCGKZCQPzYi3a/"],[5,68,27]],[8,2,-248,[0,"81rhWAgzVDkJgYt8kc1r/T"],64,65]],[1,"00542qcVxNO7t/rnmcm5Bc",null,null,null,1,0],[1,-2,6,0]],[4,"spr_fengxiang_code",2,[[2,-249,[0,"41MQ/K955DMoJI7BMKi4YA"],[5,253,32]],[8,2,-250,[0,"7cyfSolyhB9qvF6Y+VZW+h"],78,79]],[1,"96wrYSVh9Ho4ac3V5z9QoN",null,null,null,1,0],[1,-10,82,0]],[16,"spr_fengxiang_jinbi",41,[[2,-251,[0,"e9X8hZCjRAlrSEwTHtSpNY"],[5,162,137]],[3,-252,[0,"b02X1HQL9Gapq6/8TvpMe8"],80,81]],[1,"b6TphvXyZPxrBKNe++Mwoo",null,null,null,1,0]],[4,"spr_save",13,[[2,-253,[0,"d23zyIKv9KFaiB8tioRqHH"],[5,103,27]],[8,2,-254,[0,"83g0RaQcdNXpV5a48AEXuU"],84,85]],[1,"653A6nxsVGMoJefcsk9D2f",null,null,null,1,0],[1,6,6,0]],[4,"spr_save",14,[[2,-255,[0,"fet7D+3UNHm6lbej6EIJZw"],[5,103,27]],[8,2,-256,[0,"08LCYXqNdLj4GFm0an5730"],92,93]],[1,"af41vaf5xGgI3He9FpHOQR",null,null,null,1,0],[1,6,6,0]],[25,"TEXT_LABEL",false,33554432,15,[[[9,-257,[0,"738rtEG+JE/J3Uso3lVAfZ"],[5,718,39],[0,0,1]],-258],4,1],[1,"6aivle249IuLkfvU74+u2l",null,null,null,1,0],[1,-358,19.5,0]],[26,"PLACEHOLDER_LABEL",33554432,15,[[[9,-259,[0,"290OFaQD1Mla84OXFzZYh3"],[5,718,39],[0,0,1]],-260],4,1],[1,"41ac3yY95JrZyzbyesjxRM",null,null,null,1,0],[1,-358,19.5,0]],[4,"spr_font_copy",16,[[2,-261,[0,"d081lF35tOIJlOg98YqpfW"],[5,100,28]],[3,-262,[0,"bbCEonvEdI/aJHnG3DANir"],104,105]],[1,"f8u8eLT1ZONYKQrUey4nZV",null,null,null,1,0],[1,16,0,0]],[25,"TEXT_LABEL",false,33554432,17,[[[9,-263,[0,"46CrS6wPpPlJEE88a7b5Zq"],[5,457,39],[0,0,1]],-264],4,1],[1,"82UnKRJ91B/6C4dR2ArVUo",null,null,null,1,0],[1,-227.5,19.5,0]],[26,"PLACEHOLDER_LABEL",33554432,17,[[[9,-265,[0,"616GeEZfxLEJbtnmFu16N/"],[5,457,39],[0,0,1]],-266],4,1],[1,"eeRQ01ZjJFF43Orabc4Rl0",null,null,null,1,0],[1,-227.5,19.5,0]],[4,"spr_font_copy",18,[[2,-267,[0,"06V382BKVI4bEF3k/RkhrB"],[5,100,28]],[3,-268,[0,"14hGcmOYhKi5KXW+GujSe2"],114,115]],[1,"e8nOShXW1BGq03+iEd+PJ1",null,null,null,1,0],[1,16,0,0]],[4,"spr_botton_font_tishi",1,[[2,-269,[0,"21cYac/4tKiZdx80Qso8as"],[5,378,27]],[8,2,-270,[0,"50hfuMgGxPI4cccAPuWyCU"],136,137]],[1,"b7DvWnFz9ICZ4mxY0TOmpB",null,null,null,1,0],[1,144,-354,0]],[23,"tanchuang_font",false,19,[[2,-271,[0,"b4F8nKUvZMka5AUPfDOSjG"],[5,33.37,50.4]],[47,"30",30,30,-272,[0,"8eNDTSB6RKUL614yBpSxhW"]]],[1,"07MDtjgR9EKaCXHQojbDZm",null,null,null,1,0],[1,0,-278,0]],[24,"spr_erweima_big",false,19,[[2,-273,[0,"a1kk3pYltK7oVhs4s0+NAO"],[5,456,456]],[12,-274,[0,"9d5JUcJQ9OJI5TgGCFukSu"]]],[1,"d6i1iWYqVA+qOpiaSgkqYw",null,null,null,1,0]],[42,30,[0,"21Za6QmXtPsqyBkshx2Lkj"]],[20,"Checkmark<SpriteComponent>",31,[0,"f9lq3p0OZIGLh/30nNp91U"]],[20,"Checkmark<SpriteComponent>",32,[0,"ccisCqculMmrUbjtoLtU10"]],[20,"Checkmark<SpriteComponent>",33,[0,"1dqjGNTmNO4a4mejsBy6A3"]],[24,"props_right_agency",false,1,[[37,-275,[0,"44Kdo0qcdEpYaQZ4PxDOz/"]]],[1,"a0c3rmyYJFTZ8OUIj2nfkZ",null,null,null,1,0]],[32,"",0,24,24,1,false,true,66,[0,"24psgKgCBBdqdJuyF25B/9"]],[33,"Enter text here...",0,20,20,39,1,false,true,67,[0,"f7Ac+GvKpOY5AN1966gAlb"],[4,4284804605]],[32,"",0,24,24,1,false,true,69,[0,"1bVbkKoM1KZ6yd+TezZ1PU"]],[33,"Enter text here...",0,20,20,39,1,false,true,70,[0,"73h9QB2I1BQbmucWtomytM"],[4,4284804605]]],0,[0,14,1,0,0,1,0,0,1,0,-1,20,0,-2,29,0,-3,5,0,-4,79,0,-5,11,0,-6,3,0,-7,2,0,-8,23,0,-9,4,0,-10,72,0,-11,19,0,0,2,0,0,2,0,0,2,0,-1,37,0,-2,39,0,-3,62,0,-4,41,0,-5,13,0,-6,14,0,0,3,0,0,3,0,0,3,0,-1,22,0,-2,35,0,-3,59,0,-4,60,0,-5,12,0,0,4,0,0,4,0,-1,17,0,-2,18,0,-3,24,0,-4,25,0,-5,26,0,-6,27,0,0,5,0,0,5,0,0,5,0,-1,21,0,-2,42,0,-3,43,0,-4,6,0,0,6,0,0,6,0,0,6,0,-1,7,0,-2,8,0,-3,9,0,-4,10,0,0,7,0,0,7,0,8,75,0,3,7,0,0,7,0,-1,44,0,-2,30,0,-3,46,0,0,8,0,0,8,0,8,76,0,3,8,0,0,8,0,-1,47,0,-2,31,0,-3,49,0,0,9,0,0,9,0,8,77,0,3,9,0,0,9,0,-1,50,0,-2,32,0,-3,52,0,0,10,0,0,10,0,8,78,0,3,10,0,0,10,0,-1,53,0,-2,33,0,-3,55,0,0,11,0,0,11,0,3,11,0,0,11,0,-1,56,0,-2,57,0,0,12,0,0,12,0,3,12,0,0,12,0,-1,61,0,0,13,0,0,13,0,3,13,0,0,13,0,-1,64,0,0,14,0,0,14,0,3,14,0,0,14,0,-1,65,0,0,15,0,0,15,0,9,81,0,10,80,0,0,15,0,-1,66,0,-2,67,0,0,16,0,0,16,0,3,16,0,0,16,0,-1,68,0,0,17,0,0,17,0,9,83,0,10,82,0,0,17,0,-1,69,0,-2,70,0,0,18,0,0,18,0,3,18,0,0,18,0,-1,71,0,0,19,0,0,19,0,-1,28,0,-2,73,0,-3,74,0,0,20,0,0,20,0,0,20,0,0,20,0,0,21,0,0,21,0,3,21,0,0,21,0,0,22,0,0,22,0,-1,34,0,-2,58,0,0,23,0,0,23,0,0,24,0,0,24,0,3,24,0,0,24,0,0,25,0,0,25,0,3,25,0,0,25,0,0,26,0,0,26,0,3,26,0,0,26,0,0,27,0,0,27,0,3,27,0,0,27,0,0,28,0,0,28,0,3,28,0,0,28,0,0,29,0,0,29,0,0,29,0,0,30,0,-2,75,0,-1,45,0,0,31,0,-2,76,0,-1,48,0,0,32,0,-2,77,0,-1,51,0,0,33,0,-2,78,0,-1,54,0,0,34,0,0,34,0,0,34,0,0,35,0,0,35,0,-1,36,0,0,36,0,0,36,0,0,36,0,0,37,0,0,37,0,-1,38,0,0,38,0,0,38,0,0,38,0,0,39,0,0,39,0,-1,40,0,0,40,0,0,40,0,0,40,0,0,41,0,0,41,0,-1,63,0,0,42,0,0,42,0,0,43,0,0,43,0,0,44,0,0,44,0,0,45,0,0,45,0,0,46,0,0,46,0,0,47,0,0,47,0,0,48,0,0,48,0,0,49,0,0,49,0,0,50,0,0,50,0,0,51,0,0,51,0,0,52,0,0,52,0,0,53,0,0,53,0,0,54,0,0,54,0,0,55,0,0,55,0,0,56,0,0,56,0,0,57,0,0,57,0,0,58,0,0,58,0,0,59,0,0,59,0,0,60,0,0,60,0,0,61,0,0,61,0,0,62,0,0,62,0,0,63,0,0,63,0,0,64,0,0,64,0,0,65,0,0,65,0,0,66,0,-2,80,0,0,67,0,-2,81,0,0,68,0,0,68,0,0,69,0,-2,82,0,0,70,0,-2,83,0,0,71,0,0,71,0,0,72,0,0,72,0,0,73,0,0,73,0,0,74,0,0,74,0,0,79,0,15,1,15,11,23,16,11,23,275],[0,0,0,0,0,0,0,0,0,0,0,0,0,0,0,0,0,0,0,0,0,0,0,0,0,0,0,0,0,0,0,0,0,0,0,0,0,0,0,0,0,0,0,0,0,0,0,0,0,0,0,0,0,0,0,0,0,0,0,0,0,0,0,0,0,0,0,0,0,0,0,0,0,0,0,0,0,0,0,0,0,0,0,0,0,0,0,0,0,0,0,0,0,0,0,0,0,0,0,0,0,0,0,0,0,0,0,0,0,0,0,0,0,0,0,0,0,0,0,0,0,0,0,0,0,0,0,0,0,0,0,0,0,0,0,0,0,0,0,0,0,0,0,0,0,0,75,75,76,76,77,77,78,78],[1,1,2,1,2,4,5,6,7,1,1,2,1,2,1,2,1,2,1,2,4,1,2,1,2,1,2,1,2,4,1,2,1,2,1,2,1,2,4,1,2,1,2,1,2,1,2,4,1,2,1,2,1,1,2,4,1,2,1,2,1,2,1,2,1,2,1,2,4,5,6,7,1,2,1,2,1,2,1,2,1,2,1,2,1,2,1,2,4,5,6,7,1,2,1,2,4,5,6,7,1,2,1,12,1,2,1,2,4,1,2,1,2,12,1,2,1,2,4,1,2,4,5,6,7,1,2,4,1,2,4,1,2,4,1,2,1,2,1,2,4,5,6,7,1,2,1,2,1,2,1,2,1,2],[21,22,0,9,0,9,2,3,4,23,24,0,25,0,26,0,27,0,1,0,1,28,0,29,0,30,0,1,0,1,31,0,32,0,33,0,1,0,1,34,0,35,0,36,0,1,0,1,37,0,38,0,39,10,0,10,40,0,41,0,42,0,43,0,44,0,5,0,5,2,3,4,45,0,46,0,47,0,48,0,49,0,50,0,51,0,11,0,11,2,3,4,52,0,5,0,5,2,3,4,53,0,6,6,12,0,7,0,7,13,0,6,0,6,12,0,7,0,7,14,0,14,2,3,4,15,0,15,16,0,16,17,0,17,13,0,54,0,18,19,18,2,3,4,55,19,8,0,8,0,8,0,8,0]]]]
