[1,["17edff66e@6c48a"],["_textureSource"],["cc.SpriteFrame","cc.SpriteAtlas"],0,[[[{"name":"auto-tanchuang","spriteFrames":["bg_fenxiang_tnchang_1","43dfhcCpNFloqK+81Ee/3P@f9941","bg_tanchuang_fenleibg_fgx","63GyQqkkRENL2SVrfKDN69@f9941","bg_fx_tc_riqibox","464vnxIWxPwLW+hcwsTcat@f9941","zi_tanchuang_tishi_1","37TZrgERlL27cL8d3TV9Bt@f9941","title_tc_MyInvitationGiftNotes","dbRoMKuflNJL7QxQIl2iXD@f9941","Number of Refills","859SJflHpPeY4NwB82Ovd3@f9941","title_tc_InvitationDetails","9cerP/URVDBKRcDxlWyAoA@f9941","btn_tanchuang_sousuo","24rApqseVF8a3RY9qV2upP@f9941","zi_tanhuang_totalnumber","afrxMb3s5CuoDCTFUbWhUX@f9941","title_tc_CaraBermain","3bHwliVsZH1qb86HjrsmE1@f9941","bg_tanchuang_riqibox","33HL+ofrJNNqKcLEAx+2GG@f9941","Total income_","e7HovA9EdBB7VOHY7Bwy91@f9941","zi_Totalincome","56ALoGd1ZANJuWw5hTOTOP@f9941","btn_ribox_zuo","5dzoCEwuxA5rofg1FFte67@f9941","Present","6dgx2ByUNF/JrLZQguzwm7@f9941","Check","b1EZ4lO0lALo6ZVhqJftAl@f9941","btn_fx_ewm_off","e50I52yAdMr4O1/h6AMda4@f9941","btn_tanchaugn_off","04grZ9QbNAGLji3IkqC6UN@f9941","zi_tanhuang_Time","05O/mtcxdHIYJC/IpKlJ6x@f9941","Name","9dEf4WV5tDwqFUmMbb2vmS@f9941","bg_ribox_xuanzhong","7cFOXz+BpG16zpGCtiWjk/@f9941","btn_tanchuang_riqixuanze","9bFT7FMy9ECLYo2MvyXo1M@f9941","btn_ribox_you","73huZTsqFD87leT6rPy5qK@f9941","ID","28TK7mZFFABrJLc0Cb3f1Q@f9941","bg_tanchuang_fenleibg","80VSzGbLZPhol2gY42P++N@f9941","zi_tangchang_1","4eF4UfFftCKIw6cLzGfoJg@f9941","bg_fenxiang_erweimabg","95KHqo9dZNbrcGXNh90PDa@f9941","bg_tanchuang_fenggexian","18GWarrX5J/Y23SWeuiCNP@f9941"]}],[1],0,[],[],[]],[[{"name":"zi_tangchang_1","rect":{"x":3,"y":74,"width":914,"height":504},"offset":{"x":0,"y":0},"originalSize":{"width":914,"height":504},"rotated":true,"capInsets":[0,0,0,0],"packable":true,"pixelsToUnit":100,"pivot":{"x":0.5,"y":0.5},"meshType":0}],[0],0,[0],[0],[0]],[[{"name":"bg_tanchuang_fenleibg","rect":{"x":3,"y":3,"width":968,"height":65},"offset":{"x":0,"y":0},"originalSize":{"width":968,"height":65},"rotated":false,"capInsets":[0,0,0,0],"packable":true,"pixelsToUnit":100,"pivot":{"x":0.5,"y":0.5},"meshType":0}],[0],0,[0],[0],[0]],[[{"name":"bg_fenxiang_erweimabg","rect":{"x":513,"y":74,"width":486,"height":486},"offset":{"x":0,"y":0},"originalSize":{"width":486,"height":486},"rotated":false,"capInsets":[0,0,0,0],"packable":true,"pixelsToUnit":100,"pivot":{"x":0.5,"y":0.5},"meshType":0}],[0],0,[0],[0],[0]]]]
