[1,["549Uby3PxNnaqYUAEjkgRu@6c48a"],["_textureSource"],["cc.SpriteFrame"],0,[{"name":"draw","rect":{"x":2,"y":2,"width":234,"height":181},"offset":{"x":-9,"y":35.5},"originalSize":{"width":256,"height":256},"rotated":false,"capInsets":[0,0,0,0],"vertices":{"rawPosition":[-117,-90.5,0,117,-90.5,0,-117,90.5,0,117,90.5,0],"indexes":[0,1,2,2,1,3],"uv":[2,254,236,254,2,73,236,73],"nuv":[0.0078125,0.28515625,0.921875,0.28515625,0.0078125,0.9921875,0.921875,0.9921875],"minPos":{"x":-117,"y":-90.5,"z":0},"maxPos":{"x":117,"y":90.5,"z":0}},"packable":true,"pixelsToUnit":100,"pivot":{"x":0.5,"y":0.5},"meshType":0}],[0],0,[0],[0],[0]]
