[1,["70wyC/RqNEo5nAFMhYw1Qa","78WRrI4adKNqgIXgKI/WhJ@f9941","0fV6zSprxOmaY5nAVR94GR@f9941","0fV6zSprxOmaY5nAVR94GR@6c48a","53BxxlKs9FXYR7BLDfdYK8@6c48a","57gjmlI91CpIOgKguWnQqj@6c48a","5b7ZC5/E5IlbNfLO0UAAu3@6c48a","53BxxlKs9FXYR7BLDfdYK8@f9941","e6SbuVX1hKppKDC+JHPq6z@f9941","9ck888JghE5qRfr99t1R2o@f9941","casYlwbjVL+rdyBxIcjsaB@f9941","57gjmlI91CpIOgKguWnQqj@f9941","a0qQ2YDeNGxaYd8JSiTt3u@f9941","5b7ZC5/E5IlbNfLO0UAAu3@f9941","dcHBAwjEJLcYkBNrx4tTqe@f9941","78WRrI4adKNqgIXgKI/WhJ@6c48a","9ck888JghE5qRfr99t1R2o@6c48a","a0qQ2YDeNGxaYd8JSiTt3u@6c48a","casYlwbjVL+rdyBxIcjsaB@6c48a","dcHBAwjEJLcYkBNrx4tTqe@6c48a","e6SbuVX1hKppKDC+JHPq6z@6c48a"],["node","_spriteFrame","_textureSource","_font","root","data","spriteFrame"],["cc.SpriteFrame",["cc.Node",["_name","_layer","_active","_objFlags","_components","_prefab","_parent","_children","_lpos"],-1,9,4,1,2,5],["cc.UITransform",["node","__prefab","_contentSize"],3,1,4,5],["cc.Sprite",["_sizeMode","node","__prefab","_spriteFrame"],2,1,4,6],["cc.Prefab",["_name"],2],["cc.CompPrefabInfo",["fileId"],2],["cc.PrefabInfo",["fileId","instance","targetOverrides","nestedPrefabInstanceRoots","root","asset"],-1,1,1],["cc.Label",["_string","_actualFontSize","_fontSize","_isSystemFontUsed","node","__prefab","_font"],-1,1,4,6],["cc.BitmapFont",["_name","fontSize","fntConfig"],0]],[[5,0,2],[6,0,1,2,3,4,5,5],[2,0,1,2,1],[3,1,2,3,1],[1,0,1,6,4,5,8,3],[2,0,1,1],[1,0,3,1,6,4,5,8,4],[7,0,1,2,3,4,5,6,5],[1,0,2,1,6,7,4,5,8,4],[3,0,1,2,3,2],[4,0,2],[1,0,1,7,4,5,8,3],[1,0,2,1,6,7,4,5,4],[1,0,3,2,1,6,7,4,5,5],[1,0,1,6,7,4,5,8,3],[1,0,3,1,6,7,4,5,8,4],[1,0,1,6,4,5,3],[8,0,1,2,4]],[[[{"name":"bg_caishen_xiaoyouxibox","rect":{"x":0,"y":0,"width":761,"height":161},"offset":{"x":0,"y":0},"originalSize":{"width":761,"height":161},"rotated":false,"capInsets":[0,0,0,0],"vertices":{"rawPosition":[-380.5,-80.5,0,380.5,-80.5,0,-380.5,80.5,0,380.5,80.5,0],"indexes":[0,1,2,2,1,3],"uv":[0,161,761,161,0,0,761,0],"nuv":[0,0,1,0,0,1,1,1],"minPos":{"x":-380.5,"y":-80.5,"z":0},"maxPos":{"x":380.5,"y":80.5,"z":0}},"packable":true,"pixelsToUnit":100,"pivot":{"x":0.5,"y":0.5},"meshType":0}],[0],0,[0],[2],[3]],[[{"name":"bg_caishen_xiaoyouxikuang","rect":{"x":0,"y":0,"width":1281,"height":649},"offset":{"x":0,"y":0},"originalSize":{"width":1281,"height":649},"rotated":false,"capInsets":[0,0,0,0],"vertices":{"rawPosition":[-640.5,-324.5,0,640.5,-324.5,0,-640.5,324.5,0,640.5,324.5,0],"indexes":[0,1,2,2,1,3],"uv":[0,649,1281,649,0,0,1281,0],"nuv":[0,0,1,0,0,1,1,1],"minPos":{"x":-640.5,"y":-324.5,"z":0},"maxPos":{"x":640.5,"y":324.5,"z":0}},"packable":true,"pixelsToUnit":100,"pivot":{"x":0.5,"y":0.5},"meshType":0}],[0],0,[0],[2],[4]],[[{"name":"bg_caishen_baohe_box2","rect":{"x":0,"y":0,"width":598,"height":65},"offset":{"x":0,"y":0},"originalSize":{"width":598,"height":65},"rotated":false,"capInsets":[0,0,0,0],"vertices":{"rawPosition":[-299,-32.5,0,299,-32.5,0,-299,32.5,0,299,32.5,0],"indexes":[0,1,2,2,1,3],"uv":[0,65,598,65,0,0,598,0],"nuv":[0,0,1,0,0,1,1,1],"minPos":{"x":-299,"y":-32.5,"z":0},"maxPos":{"x":299,"y":32.5,"z":0}},"packable":true,"pixelsToUnit":100,"pivot":{"x":0.5,"y":0.5},"meshType":0}],[0],0,[0],[2],[5]],[[{"name":"zi_infreespins","rect":{"x":0,"y":0,"width":376,"height":60},"offset":{"x":0,"y":0},"originalSize":{"width":376,"height":60},"rotated":false,"capInsets":[0,0,0,0],"vertices":{"rawPosition":[-188,-30,0,188,-30,0,-188,30,0,188,30,0],"indexes":[0,1,2,2,1,3],"uv":[0,60,376,60,0,0,376,0],"nuv":[0,0,1,0,0,1,1,1],"minPos":{"x":-188,"y":-30,"z":0},"maxPos":{"x":188,"y":30,"z":0}},"packable":true,"pixelsToUnit":100,"pivot":{"x":0.5,"y":0.5},"meshType":0}],[0],0,[0],[2],[6]],[[[10,"prefab_smallGame_win"],[11,"prefab_smallGame_win",4294967295,[-3,-4,-5,-6,-7,-8],[[5,-2,[0,"41FIKXHExAHKli1AK/C/2G"]]],[1,"f7MDDKQeRM2ayK35j/KKzw",null,null,null,-1,0],[1,-30,14,0]],[12,"props_baoHeGame_win",false,4294967295,1,[-10,-11,-12],[[5,-9,[0,"756N4q1/RPgKzdJSVWVXLG"]]],[1,"f9QjvVGctGnbU8J2Ov9jIF",null,null,null,1,0]],[13,"props_freeGame_win",512,false,4294967295,1,[-14,-15,-16],[[5,-13,[0,"4b52tK975CBYdvlgD+fm9T"]]],[1,"f4ktLb4T1B3IMW8GR3byA1",null,null,null,1,0]],[8,"props_free_spins",false,4294967295,1,[-18,-19],[[5,-17,[0,"b5MtWKIY1AVKc6hshZxu2n"]]],[1,"1b34vAo5dDO6IXpvkiG2y9",null,null,null,1,0],[1,20,-20,0]],[8,"props_baohe_box",false,4294967295,1,[-21,-22],[[5,-20,[0,"c19QDgpK5PNI3/1PUsQ2nQ"]]],[1,"5eYFCcR5RI34642yiCYjwD",null,null,null,1,0],[1,20,-20,0]],[14,"bg_caishen_xiaoyouxibox",4294967295,2,[-25],[[2,-23,[0,"a4gy8e6nlKLZ3JKDymz6Dp"],[5,761,161]],[3,-24,[0,"c69NTMPUlJb7zpyusyojGZ"],8]],[1,"2f+IPF525J/Io3ddxle1Sl",null,null,null,1,0],[1,30,0,0]],[15,"bg_caishen_xiaoyouxibox",512,4294967295,3,[-28],[[2,-26,[0,"de9LDj8yBCOLKEw4QMAJH1"],[5,761,161]],[3,-27,[0,"1fAQK7nldMK5YKW2g5fHOg"],12]],[1,"e0V4iCgrdMjrBfk3Ng94SW",null,null,null,1,0],[1,30,0,0]],[4,"Youwon_Box",4294967295,1,[[2,-29,[0,"101SPgWcFKJbg5NLX5A+qJ"],[5,1281,649]],[9,2,-30,[0,"2bm+8NZxVGUaFnY7nvBKVX"],0]],[1,"68f3AOvb1Px7zgKH1Rb3UG",null,null,null,1,0],[1,-4,12,0]],[4,"Title_Youwon",4294967295,1,[[2,-31,[0,"fbzyoEyxFKaIboKBTm2xJp"],[5,754,116]],[9,0,-32,[0,"2exuYELRtKCKmsckAYmJ4Q"],1]],[1,"23uPC+0CpGIprxs8lOGlJz",null,null,null,1,0],[1,30,270,0]],[16,"zi_freespinshasbeen",4294967295,4,[[2,-33,[0,"6daKGjmkFIMpNosra5HvqX"],[5,469,117]],[3,-34,[0,"fetOdRm9ZGzYDJWEFz5vLs"],2]],[1,"dcgnt2knpACoMsWkOQNyt/",null,null,null,1,0]],[4,"props_pins_num",4294967295,4,[[2,-35,[0,"65NHoNT55CIb9smFjmGpgn"],[5,159.38,40]],[7,"10",15,15,false,-36,[0,"3338XHcdRPo4KDhoLeHOD4"],3]],[1,"0eIKn5ebVJVKyp5tN5HmJv",null,null,null,1,0],[1,0,180,0]],[4,"bg_caishen_baohe_box1",4294967295,5,[[2,-37,[0,"2eNfwRnK9DDbQD0pEIMVCQ"],[5,553,61]],[3,-38,[0,"b2SuCgOdVJeJF++rtX74Kg"],4]],[1,"59mhCXZ3BDiJSa1OG+CTfO",null,null,null,1,0],[1,0,100,0]],[4,"bg_caishen_baohe_box2",4294967295,5,[[2,-39,[0,"77dTvyLQpMPYmkYP/1AEB3"],[5,598,65]],[3,-40,[0,"85FTeJXF9Ac4+dw0thMoYp"],5]],[1,"74l0yWu6RMr7jZwBLfEmjP",null,null,null,1,0],[1,0,-20,0]],[4,"zi_youwin",4294967295,2,[[2,-41,[0,"a9AHi5ky1EtL2Q7SCY3jsZ"],[5,301,65]],[3,-42,[0,"8cQFaUXYVJ7L4F/wgaw9Rs"],6]],[1,"49kMYZDiZHmJmEuElUVVNJ",null,null,null,1,0],[1,3,115,0]],[4,"win_num",4294967295,6,[[2,-43,[0,"a8S0giD2RBC6BMLoRBM13W"],[5,54.5,40]],[7,"0",8,8,false,-44,[0,"8cEMXgp4lMlIXGbeXd0ZzJ"],7]],[1,"9dPlQ2kEpEi6wDb9rFgN0d",null,null,null,1,0],[1,0,35,0]],[4,"zi_interasure",4294967295,2,[[2,-45,[0,"75xIqa5VtKWrvYD2thxYeI"],[5,630,57]],[3,-46,[0,"2dzzTVHjdKlZgFbK26B0Gm"],9]],[1,"06e0DOyhVFQbWK4Qjkves2",null,null,null,1,0],[1,20,-110,0]],[6,"zi_youwin",512,4294967295,3,[[2,-47,[0,"7fP+5XVO5FzY2zoC0bchlp"],[5,301,65]],[3,-48,[0,"6bha6Eq2FMx7kUTc9j+0VX"],10]],[1,"damU7Jfw1DQomRyVXgd09D",null,null,null,1,0],[1,3,115,0]],[6,"win_num",512,4294967295,7,[[2,-49,[0,"99HiDaC45F9r8d/dZtVc+i"],[5,54.5,40]],[7,"0",8,8,false,-50,[0,"4a9nmDOvxBppsIfZ5WUEoe"],11]],[1,"25FeIqhRpLKqAf7Z0aeb6b",null,null,null,1,0],[1,0,35,0]],[6,"zi_infreespins",512,4294967295,3,[[2,-51,[0,"39pkhe8+xA+ZhMiZmuPVnP"],[5,376,60]],[3,-52,[0,"a82WT53E9Ph758/KzDidwK"],13]],[1,"12X33bYMdP9bgS1DDFtxmg",null,null,null,1,0],[1,0,-110,0]]],0,[0,4,1,0,0,1,0,-1,8,0,-2,9,0,-3,4,0,-4,5,0,-5,2,0,-6,3,0,0,2,0,-1,14,0,-2,6,0,-3,16,0,0,3,0,-1,17,0,-2,7,0,-3,19,0,0,4,0,-1,10,0,-2,11,0,0,5,0,-1,12,0,-2,13,0,0,6,0,0,6,0,-1,15,0,0,7,0,0,7,0,-1,18,0,0,8,0,0,8,0,0,9,0,0,9,0,0,10,0,0,10,0,0,11,0,0,11,0,0,12,0,0,12,0,0,13,0,0,13,0,0,14,0,0,14,0,0,15,0,0,15,0,0,16,0,0,16,0,0,17,0,0,17,0,0,18,0,0,18,0,0,19,0,0,19,0,5,1,52],[0,0,0,0,0,0,0,0,0,0,0,0,0,0],[1,1,1,3,1,1,1,3,1,1,1,3,1,1],[7,8,9,0,10,11,1,0,2,12,1,0,2,13]],[[[17,"god_num",16,{"commonHeight":16,"fontSize":16,"atlasName":"god_num_0.png","fontDefDictionary":{"44":{"xOffset":0,"yOffset":64,"xAdvance":66,"rect":{"x":77,"y":309,"width":66,"height":88}},"46":{"xOffset":0,"yOffset":64,"xAdvance":76,"rect":{"x":0,"y":309,"width":76,"height":88}},"48":{"xOffset":0,"yOffset":0,"xAdvance":109,"rect":{"x":290,"y":0,"width":109,"height":152}},"49":{"xOffset":0,"yOffset":0,"xAdvance":61,"rect":{"x":415,"y":151,"width":61,"height":147}},"50":{"xOffset":0,"yOffset":0,"xAdvance":99,"rect":{"x":400,"y":0,"width":99,"height":150}},"51":{"xOffset":0,"yOffset":0,"xAdvance":89,"rect":{"x":103,"y":0,"width":89,"height":155}},"52":{"xOffset":0,"yOffset":0,"xAdvance":104,"rect":{"x":310,"y":153,"width":104,"height":149}},"53":{"xOffset":0,"yOffset":0,"xAdvance":102,"rect":{"x":0,"y":0,"width":102,"height":155}},"54":{"xOffset":0,"yOffset":0,"xAdvance":107,"rect":{"x":0,"y":156,"width":107,"height":152}},"55":{"xOffset":0,"yOffset":0,"xAdvance":100,"rect":{"x":108,"y":156,"width":100,"height":151}},"56":{"xOffset":0,"yOffset":0,"xAdvance":100,"rect":{"x":209,"y":154,"width":100,"height":151}},"57":{"xOffset":0,"yOffset":0,"xAdvance":96,"rect":{"x":193,"y":0,"width":96,"height":153}}},"kerningDict":{}}]],0,0,[0],[6],[14]],[[{"name":"zi_youwin","rect":{"x":0,"y":0,"width":301,"height":65},"offset":{"x":0,"y":0},"originalSize":{"width":301,"height":65},"rotated":false,"capInsets":[0,0,0,0],"vertices":{"rawPosition":[-150.5,-32.5,0,150.5,-32.5,0,-150.5,32.5,0,150.5,32.5,0],"indexes":[0,1,2,2,1,3],"uv":[0,65,301,65,0,0,301,0],"nuv":[0,0,1,0,0,1,1,1],"minPos":{"x":-150.5,"y":-32.5,"z":0},"maxPos":{"x":150.5,"y":32.5,"z":0}},"packable":true,"pixelsToUnit":100,"pivot":{"x":0.5,"y":0.5},"meshType":0}],[0],0,[0],[2],[15]],[[{"name":"zi_freespinshasbeen","rect":{"x":0,"y":0,"width":469,"height":117},"offset":{"x":0,"y":0},"originalSize":{"width":469,"height":117},"rotated":false,"capInsets":[0,0,0,0],"vertices":{"rawPosition":[-234.5,-58.5,0,234.5,-58.5,0,-234.5,58.5,0,234.5,58.5,0],"indexes":[0,1,2,2,1,3],"uv":[0,117,469,117,0,0,469,0],"nuv":[0,0,1,0,0,1,1,1],"minPos":{"x":-234.5,"y":-58.5,"z":0},"maxPos":{"x":234.5,"y":58.5,"z":0}},"packable":true,"pixelsToUnit":100,"pivot":{"x":0.5,"y":0.5},"meshType":0}],[0],0,[0],[2],[16]],[[{"name":"zi_interasure","rect":{"x":0,"y":0,"width":630,"height":57},"offset":{"x":0,"y":0},"originalSize":{"width":630,"height":57},"rotated":false,"capInsets":[0,0,0,0],"vertices":{"rawPosition":[-315,-28.5,0,315,-28.5,0,-315,28.5,0,315,28.5,0],"indexes":[0,1,2,2,1,3],"uv":[0,57,630,57,0,0,630,0],"nuv":[0,0,1,0,0,1,1,1],"minPos":{"x":-315,"y":-28.5,"z":0},"maxPos":{"x":315,"y":28.5,"z":0}},"packable":true,"pixelsToUnit":100,"pivot":{"x":0.5,"y":0.5},"meshType":0}],[0],0,[0],[2],[17]],[[{"name":"bg_caishen_baohe_box1","rect":{"x":0,"y":0,"width":553,"height":61},"offset":{"x":0,"y":0},"originalSize":{"width":553,"height":61},"rotated":false,"capInsets":[0,0,0,0],"vertices":{"rawPosition":[-276.5,-30.5,0,276.5,-30.5,0,-276.5,30.5,0,276.5,30.5,0],"indexes":[0,1,2,2,1,3],"uv":[0,61,553,61,0,0,553,0],"nuv":[0,0,1,0,0,1,1,1],"minPos":{"x":-276.5,"y":-30.5,"z":0},"maxPos":{"x":276.5,"y":30.5,"z":0}},"packable":true,"pixelsToUnit":100,"pivot":{"x":0.5,"y":0.5},"meshType":0}],[0],0,[0],[2],[18]],[[{"name":"god_num_0","rect":{"x":0,"y":0,"width":499,"height":397},"offset":{"x":-0.5,"y":51.5},"originalSize":{"width":500,"height":500},"rotated":false,"capInsets":[0,0,0,0],"vertices":{"rawPosition":[-249.5,-198.5,0,249.5,-198.5,0,-249.5,198.5,0,249.5,198.5,0],"indexes":[0,1,2,2,1,3],"uv":[0,500,499,500,0,103,499,103],"nuv":[0,0.206,0.998,0.206,0,1,0.998,1],"minPos":{"x":-249.5,"y":-198.5,"z":0},"maxPos":{"x":249.5,"y":198.5,"z":0}},"packable":true,"pixelsToUnit":100,"pivot":{"x":0.5,"y":0.5},"meshType":0}],[0],0,[0],[2],[19]],[[{"name":"titile_caishen_xiaoyouxi","rect":{"x":0,"y":0,"width":754,"height":116},"offset":{"x":0,"y":0},"originalSize":{"width":754,"height":116},"rotated":false,"capInsets":[0,0,0,0],"vertices":{"rawPosition":[-377,-58,0,377,-58,0,-377,58,0,377,58,0],"indexes":[0,1,2,2,1,3],"uv":[0,116,754,116,0,0,754,0],"nuv":[0,0,1,0,0,1,1,1],"minPos":{"x":-377,"y":-58,"z":0},"maxPos":{"x":377,"y":58,"z":0}},"packable":true,"pixelsToUnit":100,"pivot":{"x":0.5,"y":0.5},"meshType":0}],[0],0,[0],[2],[20]]]]
