[1,["5eXCdg72JA7qmeIliW/IZX@6c48a"],["_textureSource"],["cc.SpriteFrame"],0,[{"name":"sea_icon_treasurebox_23","rect":{"x":210,"y":191,"width":302,"height":321},"offset":{"x":105,"y":-95.5},"originalSize":{"width":512,"height":512},"rotated":false,"capInsets":[0,0,0,0],"vertices":{"rawPosition":[-151,-160.5,0,151,-160.5,0,-151,160.5,0,151,160.5,0],"indexes":[0,1,2,2,1,3],"uv":[210,321,512,321,210,0,512,0],"nuv":[0.41015625,0,1,0,0.41015625,0.626953125,1,0.626953125],"minPos":{"x":-151,"y":-160.5,"z":0},"maxPos":{"x":151,"y":160.5,"z":0}},"packable":true,"pixelsToUnit":100,"pivot":{"x":0.5,"y":0.5},"meshType":0}],[0],0,[0],[0],[0]]
