[1,["749586ed-a2f8-4bf5-8354-b4daf979ebf6@6c48a"],["_textureSource"],["cc.SpriteFrame"],0,[{"name":"bg_jianbian","rect":{"x":0,"y":0,"width":268,"height":78},"offset":{"x":-4,"y":0},"originalSize":{"width":276,"height":78},"rotated":false,"capInsets":[0,0,0,0],"vertices":{"rawPosition":[-134,-39,0,134,-39,0,-134,39,0,134,39,0],"indexes":[0,1,2,2,1,3],"uv":[0,78,268,78,0,0,268,0],"nuv":[0,0,0.9710144927536232,0,0,1,0.9710144927536232,1],"minPos":{"x":-134,"y":-39,"z":0},"maxPos":{"x":134,"y":39,"z":0}},"packable":true,"pixelsToUnit":100,"pivot":{"x":0.5,"y":0.5},"meshType":0}],[0],0,[0],[0],[0]]
