[1,["72VH7FP+VPYpyN/j9ose8V@f9941","3fWiBxjylHH7G9EDN2fwXN","72VH7FP+VPYpyN/j9ose8V@6c48a","a65l8Gzb9P3qnhFcX5Jgp+","cdneYENY1EhY7grGaMiGRA","7cUp/xSMxGIJDY2lm8sUPv@f9941","23+JXYSoZHS77EDG1/L5I9","aaJVRfzrBBkpt5/q5kNwS8@6c48a","aaJVRfzrBBkpt5/q5kNwS8@f9941"],["node","_textureSource","_spriteFrame","spriteFrame","root","data","_parent","_file","_font","_atlas","_defaultClip"],[["cc.Node",["_name","_components","_prefab","_children","_parent","_lscale"],2,9,4,2,1,5],"cc.SpriteFrame",["cc.UITransform",["node","__prefab","_contentSize"],3,1,4,5],["cc.Prefab",["_name"],2],["cc.CompPrefabInfo",["fileId"],2],["cc.PrefabInfo",["fileId","instance","targetOverrides","nestedPrefabInstanceRoots","root","asset"],-1,1,1],["cc.Sprite",["node","__prefab","_spriteFrame","_atlas"],3,1,4,6,6],["cc.Animation",["node","__prefab","_clips","_defaultClip"],3,1,4,3,6],["cc.ParticleSystem2D",["_dstBlendFactor","emissionRate","life","lifeVar","angle","angleVar","startSizeVar","endSize","endSizeVar","speed","speedVar","tangentialAccel","_totalParticles","node","__prefab","posVar","_startColor","_endColor","_file","_spriteFrame"],-10,1,4,5,5,5,6,6],["cc.Label",["_string","_actualFontSize","_fontSize","_isSystemFontUsed","node","__prefab","_font"],-1,1,4,6],["cc.ParticleAsset",["_name","_native"],1],["cc.BitmapFont",["_name","fontSize","fntConfig"],0]],[[4,0,2],[5,0,1,2,3,4,5,5],[2,0,1,1],[0,0,4,1,2,2],[2,0,1,2,1],[3,0,2],[0,0,3,1,2,2],[0,0,3,1,2,5,2],[0,0,4,3,1,2,2],[6,0,1,2,3,1],[7,0,1,2,3,1],[8,0,1,2,3,4,5,6,7,8,9,10,11,12,13,14,15,16,17,18,19,14],[9,0,1,2,3,4,5,6,5],[10,0,1,3],[11,0,1,2,4]],[[[{"name":"tuoweixingxing","rect":{"x":0,"y":0,"width":128,"height":128},"offset":{"x":0,"y":0},"originalSize":{"width":128,"height":128},"rotated":false,"capInsets":[0,0,0,0],"vertices":{"rawPosition":[-64,-64,0,64,-64,0,-64,64,0,64,64,0],"indexes":[0,1,2,2,1,3],"uv":[0,128,128,128,0,0,128,0],"nuv":[0,0,1,0,0,1,1,1],"minPos":{"x":-64,"y":-64,"z":0},"maxPos":{"x":64,"y":64,"z":0}},"packable":true,"pixelsToUnit":100,"pivot":{"x":0.5,"y":0.5},"meshType":0}],[1],0,[0],[1],[2]],[[[5,"prefabs_dragonTiger_chip"],[6,"prefabs_dragonTiger_chip",[-3],[[2,-2,[0,"8ao0lOstlI3riEMTkg8A8U"]]],[1,"c46/YsCPVOJYA4mWEpNYRx",null,null,null,-1,0]],[7,"props_spr_chips",[-7],[[4,-4,[0,"835ZpbAlJMiYvzCI6bWQLS"],[5,92,93]],[9,-5,[0,"0aOMDVhWJADZsT8htL6qEZ"],3,4],[10,-6,[0,"7aas3O36hFGJmvK7oYAtdu"],[5],6]],[1,"dfE/XlO1xICIkAepvsnO/E",null,null,null,1,0],[1,0.5,0.5,1]],[8,"props_node_chips",1,[-9,2],[[2,-8,[0,"2fXab/UI1DtY4aan5eAOU9"]]],[1,"f8pC0EAX9DZL9/gnw9KpU5",null,null,null,1,0]],[3,"props_ChipTail",3,[[2,-10,[0,"91nI9tao5Eb7SWdWxfxPs+"]],[11,1,400,0.3,0.5,0,0,100,6,12,0,0,0,300,-11,[0,"cdRMMTqfpEvr7NQyGZXeWo"],[0,3,2],[4,4278255615],[4,4286644223],0,1]],[1,"cbY6uHh7VDJIBCYGCftnGi",null,null,null,1,0]],[3,"props_label_chips",2,[[4,-12,[0,"13UxIfEaVPy6BaWairpEMR"],[5,40,40]],[12,"1000",20,20,false,-13,[0,"c1pSA23jBA2I+c3T+XCMH4"],2]],[1,"987JUyFf9HUpK/KG+Pmb4i",null,null,null,1,0]]],0,[0,4,1,0,0,1,0,-1,3,0,0,2,0,0,2,0,0,2,0,-1,5,0,0,3,0,-1,4,0,0,4,0,0,4,0,0,5,0,0,5,0,5,1,2,6,3,13],[0,0,0,0,0,0,0],[7,2,8,2,9,-1,10],[3,0,4,5,6,1,1]],[[[13,"Chip",".plist"],-1],0,0,[0],[3],[0]],[[{"name":"num_greenBet_0","rect":{"x":2,"y":2,"width":244,"height":49},"offset":{"x":-4,"y":37.5},"originalSize":{"width":256,"height":128},"rotated":false,"capInsets":[0,0,0,0],"vertices":{"rawPosition":[-122,-24.5,0,122,-24.5,0,-122,24.5,0,122,24.5,0],"indexes":[0,1,2,2,1,3],"uv":[2,126,246,126,2,77,246,77],"nuv":[0.0078125,0.6015625,0.9609375,0.6015625,0.0078125,0.984375,0.9609375,0.984375],"minPos":{"x":-122,"y":-24.5,"z":0},"maxPos":{"x":122,"y":24.5,"z":0}},"packable":true,"pixelsToUnit":100,"pivot":{"x":0.5,"y":0.5},"meshType":0}],[1],0,[0],[1],[7]],[[[14,"num_greenBet",32,{"commonHeight":32,"fontSize":32,"atlasName":"num_greenBet_0.png","fontDefDictionary":{"48":{"xOffset":-2,"yOffset":-2,"xAdvance":16,"rect":{"x":22,"y":28,"width":20,"height":25}},"49":{"xOffset":-2,"yOffset":-2,"xAdvance":14,"rect":{"x":44,"y":0,"width":18,"height":27}},"50":{"xOffset":-2,"yOffset":-2,"xAdvance":18,"rect":{"x":0,"y":0,"width":22,"height":27}},"51":{"xOffset":-2,"yOffset":-2,"xAdvance":16,"rect":{"x":23,"y":0,"width":20,"height":27}},"52":{"xOffset":-2,"yOffset":-2,"xAdvance":17,"rect":{"x":43,"y":28,"width":21,"height":23}},"53":{"xOffset":-2,"yOffset":-2,"xAdvance":17,"rect":{"x":227,"y":0,"width":21,"height":25}},"54":{"xOffset":-2,"yOffset":-2,"xAdvance":16,"rect":{"x":185,"y":0,"width":20,"height":26}},"55":{"xOffset":-2,"yOffset":-2,"xAdvance":17,"rect":{"x":0,"y":28,"width":21,"height":25}},"56":{"xOffset":-2,"yOffset":-2,"xAdvance":16,"rect":{"x":206,"y":0,"width":20,"height":26}},"57":{"xOffset":-2,"yOffset":-2,"xAdvance":17,"rect":{"x":163,"y":0,"width":21,"height":26}},"66":{"xOffset":-2,"yOffset":-2,"xAdvance":19,"rect":{"x":115,"y":0,"width":23,"height":26}},"75":{"xOffset":-2,"yOffset":-2,"xAdvance":20,"rect":{"x":90,"y":0,"width":24,"height":26}},"77":{"xOffset":-2,"yOffset":-2,"xAdvance":22,"rect":{"x":63,"y":0,"width":26,"height":26}},"84":{"xOffset":-2,"yOffset":-2,"xAdvance":19,"rect":{"x":139,"y":0,"width":23,"height":26}}},"kerningDict":{}}]],0,0,[0],[3],[8]]]]
