[1,["2dhv+XOU1DAJKAzdoIkMFk@6c48a"],["_textureSource"],["cc.SpriteFrame"],0,[{"name":"icon_lztb_tubiao_k","rect":{"x":0,"y":0,"width":98,"height":76},"offset":{"x":0,"y":0},"originalSize":{"width":98,"height":76},"rotated":false,"capInsets":[0,0,0,0],"vertices":{"rawPosition":[-49,-38,0,49,-38,0,-49,38,0,49,38,0],"indexes":[0,1,2,2,1,3],"uv":[0,76,98,76,0,0,98,0],"nuv":[0,0,1,0,0,1,1,1],"minPos":{"x":-49,"y":-38,"z":0},"maxPos":{"x":49,"y":38,"z":0}},"packable":true,"pixelsToUnit":100,"pivot":{"x":0.5,"y":0.5},"meshType":0}],[0],0,[0],[0],[0]]
