[1,["afaXRpbYxKGr6QkLDd4TDV@6c48a"],0,[["sp.SkeletonData",["_name","_atlasText","textureNames","_skeletonJson","textures"],-1,3]],[[0,0,1,2,3,4,5]],[[0,"tb_tongqian","\r\ntb_tongqian.png\r\nsize: 128,128\r\nformat: RGBA8888\r\nfilter: Linear,Linear\r\nrepeat: none\r\nGod_TB_2\r\n  rotate: false\r\n  xy: 2, 2\r\n  size: 93, 92\r\n  orig: 93, 92\r\n  offset: 0, 0\r\n  index: -1\r\n",["tb_tongqian.png"],{"skeleton":{"hash":"74TOVu4V4tD0VCkEcO6aP9u/EOw","spine":"3.8.99","x":-45.67,"y":-0.7,"width":93,"height":92,"images":"../../../God OF Wealth资源/","audio":"E:/新版UI/财神/spine/源文件/cs_tb_j"},"bones":[{"name":"root"},{"name":"j","parent":"root","length":76.06,"rotation":90.72,"x":0.83,"y":8.08}],"slots":[{"name":"jj","bone":"j","attachment":"God_TB_2"}],"skins":[{"name":"default","attachments":{"jj":{"God_TB_2":{"x":37.22,"y":-0.47,"rotation":-90.72,"width":93,"height":92}}}}],"animations":{"animation":{"bones":{"j":{"rotate":[{"angle":-0.72,"curve":0.25,"c3":0.75},{"time":0.5,"angle":-8.32,"curve":0.25,"c3":0.75},{"time":1,"angle":-0.72}],"translate":[{"time":0.1667,"curve":0.25,"c3":0.75},{"time":0.5,"y":13.8,"curve":0.25,"c3":0.75},{"time":0.8333,"y":0.72}]}}}}},[0]]],0,0,[0],[-1],[0]]
