[1,["16SvrAHvVOf7BWQAHZwejr@6c48a"],["_textureSource"],["cc.SpriteFrame"],0,[{"name":"box1_BACKUP_2943","rect":{"x":0,"y":0,"width":787,"height":515},"offset":{"x":0,"y":0},"originalSize":{"width":787,"height":515},"rotated":false,"capInsets":[0,0,0,0],"vertices":{"rawPosition":[-393.5,-257.5,0,393.5,-257.5,0,-393.5,257.5,0,393.5,257.5,0],"indexes":[0,1,2,2,1,3],"uv":[0,515,787,515,0,0,787,0],"nuv":[0,0,1,0,0,1,1,1],"minPos":{"x":-393.5,"y":-257.5,"z":0},"maxPos":{"x":393.5,"y":257.5,"z":0}},"packable":true,"pixelsToUnit":100,"pivot":{"x":0.5,"y":0.5},"meshType":0}],[0],0,[0],[0],[0]]
