{"version":1,"document":[{"__type__":"cc.AnimationClip","_name":"jackpotedge_lightning_anim","_objFlags":0,"__editorExtras__":{"embeddedPlayerGroups":[]},"_native":"","sample":60,"speed":1,"wrapMode":2,"enableTrsBlending":false,"_duration":0.4166666666666667,"_hash":500763545,"_tracks":[{"__id__":1}],"_exoticAnimation":null,"_events":[],"_embeddedPlayers":[],"_additiveSettings":{"__id__":6},"_auxiliaryCurveEntries":[]},{"__type__":"cc.animation.ObjectTrack","_binding":{"__type__":"cc.animation.TrackBinding","path":{"__id__":2},"proxy":null},"_channel":{"__id__":4}},{"__type__":"cc.animation.TrackPath","_paths":[{"__id__":3},"spriteFrame"]},{"__type__":"cc.animation.ComponentPath","component":"cc.Sprite"},{"__type__":"cc.animation.Channel","_curve":{"__id__":5}},{"__type__":"cc.ObjectCurve","_times":[0,0.1,0.2,0.3,0.4],"_values":[{"__uuid__":"5aczNZBU9EnbEn6djF3A8w@f9941","__expectedType__":"cc.Asset"},{"__uuid__":"8eHxlXH1tKj4rmWS1hIgX7@f9941","__expectedType__":"cc.Asset"},{"__uuid__":"ccIVZOtRRGnKl4f0VyQ5+o@f9941","__expectedType__":"cc.Asset"},{"__uuid__":"99uqpNGVxG5ql16Wzi5tiU@f9941","__expectedType__":"cc.Asset"},{"__uuid__":"7bNFY2mPBIiILk2MKCQ282@f9941","__expectedType__":"cc.Asset"}]},{"__type__":"cc.AnimationClipAdditiveSettings","enabled":false,"refClip":null}],"chunks":[]}
