[1,["d72TDKBqlEnLn3VdEMSiXN@6c48a"],["_textureSource"],["cc.SpriteFrame"],0,[{"name":"freespins","rect":{"x":0,"y":0,"width":468,"height":69},"offset":{"x":0,"y":0},"originalSize":{"width":468,"height":69},"rotated":false,"capInsets":[0,0,0,0],"vertices":{"rawPosition":[-234,-34.5,0,234,-34.5,0,-234,34.5,0,234,34.5,0],"indexes":[0,1,2,2,1,3],"uv":[0,69,468,69,0,0,468,0],"nuv":[0,0,1,0,0,1,1,1],"minPos":{"x":-234,"y":-34.5,"z":0},"maxPos":{"x":234,"y":34.5,"z":0}},"packable":true,"pixelsToUnit":100,"pivot":{"x":0.5,"y":0.5},"meshType":0}],[0],0,[0],[0],[0]]
