[1,["d75dD01UdCOIIGsHh5LU35@6c48a"],["_textureSource"],["cc.SpriteFrame"],0,[{"name":"hold_spin_fe","rect":{"x":0,"y":0,"width":730,"height":416},"offset":{"x":0,"y":0},"originalSize":{"width":730,"height":416},"rotated":false,"capInsets":[0,0,0,0],"vertices":{"rawPosition":[-365,-208,0,365,-208,0,-365,208,0,365,208,0],"indexes":[0,1,2,2,1,3],"uv":[0,416,730,416,0,0,730,0],"nuv":[0,0,1,0,0,1,1,1],"minPos":{"x":-365,"y":-208,"z":0},"maxPos":{"x":365,"y":208,"z":0}},"packable":true,"pixelsToUnit":100,"pivot":{"x":0.5,"y":0.5},"meshType":0}],[0],0,[0],[0],[0]]
