[1,["cbEKTn+kVOLIJzjEJj4xn/@6c48a"],["_textureSource"],["cc.SpriteFrame"],0,[{"name":"btn_hu_zuo","rect":{"x":0,"y":0,"width":42,"height":67},"offset":{"x":0,"y":0},"originalSize":{"width":42,"height":67},"rotated":false,"capInsets":[0,0,0,0],"vertices":{"rawPosition":[-21,-33.5,0,21,-33.5,0,-21,33.5,0,21,33.5,0],"indexes":[0,1,2,2,1,3],"uv":[0,67,42,67,0,0,42,0],"nuv":[0,0,1,0,0,1,1,1],"minPos":{"x":-21,"y":-33.5,"z":0},"maxPos":{"x":21,"y":33.5,"z":0}},"packable":true,"pixelsToUnit":100,"pivot":{"x":0.5,"y":0.5},"meshType":0}],[0],0,[0],[0],[0]]
