[1,["12a417ed6@6c48a"],["_textureSource"],["cc.SpriteFrame","cc.SpriteAtlas"],0,[[[{"name":"dl_sg_autoanniu","rect":{"x":518,"y":769,"width":143,"height":105},"offset":{"x":0,"y":0},"originalSize":{"width":143,"height":105},"rotated":false,"capInsets":[0,0,0,0],"packable":true,"pixelsToUnit":100,"pivot":{"x":0.5,"y":0.5},"meshType":0}],[0],0,[0],[0],[0]],[[{"name":"dl_long_zhongjiangbox","rect":{"x":3,"y":606,"width":478,"height":147},"offset":{"x":0,"y":0},"originalSize":{"width":478,"height":147},"rotated":false,"capInsets":[0,0,0,0],"packable":true,"pixelsToUnit":100,"pivot":{"x":0.5,"y":0.5},"meshType":0}],[0],0,[0],[0],[0]],[[{"name":"AUTO SPIN SETTING","rect":{"x":971,"y":3,"width":345,"height":34},"offset":{"x":0,"y":0},"originalSize":{"width":345,"height":34},"rotated":true,"capInsets":[0,0,0,0],"packable":true,"pixelsToUnit":100,"pivot":{"x":0.5,"y":0.5},"meshType":0}],[0],0,[0],[0],[0]],[[{"name":"MUSIC","rect":{"x":170,"y":971,"width":144,"height":38},"offset":{"x":0,"y":0},"originalSize":{"width":144,"height":38},"rotated":false,"capInsets":[0,0,0,0],"packable":true,"pixelsToUnit":100,"pivot":{"x":0.5,"y":0.5},"meshType":0}],[0],0,[0],[0],[0]],[[{"name":"dl_long_offanniu","rect":{"x":214,"y":867,"width":68,"height":70},"offset":{"x":0,"y":0},"originalSize":{"width":68,"height":70},"rotated":false,"capInsets":[0,0,0,0],"packable":true,"pixelsToUnit":100,"pivot":{"x":0.5,"y":0.5},"meshType":0}],[0],0,[0],[0],[0]],[[{"name":"dl_long_spinicon1","rect":{"x":203,"y":759,"width":102,"height":96},"offset":{"x":0,"y":0},"originalSize":{"width":102,"height":96},"rotated":true,"capInsets":[0,0,0,0],"packable":true,"pixelsToUnit":100,"pivot":{"x":0.5,"y":0.5},"meshType":0}],[0],0,[0],[0],[0]],[[{"name":"dl_long_jinbijia","rect":{"x":3,"y":759,"width":52,"height":52},"offset":{"x":0,"y":0},"originalSize":{"width":52,"height":52},"rotated":false,"capInsets":[0,0,0,0],"packable":true,"pixelsToUnit":100,"pivot":{"x":0.5,"y":0.5},"meshType":0}],[0],0,[0],[0],[0]],[[{"name":"AUTO","rect":{"x":487,"y":752,"width":69,"height":25},"offset":{"x":0,"y":0},"originalSize":{"width":69,"height":25},"rotated":true,"capInsets":[0,0,0,0],"packable":true,"pixelsToUnit":100,"pivot":{"x":0.5,"y":0.5},"meshType":0}],[0],0,[0],[0],[0]],[[{"name":"FREE SPINS LEFT","rect":{"x":487,"y":605,"width":141,"height":19},"offset":{"x":0,"y":0},"originalSize":{"width":141,"height":19},"rotated":true,"capInsets":[0,0,0,0],"packable":true,"pixelsToUnit":100,"pivot":{"x":0.5,"y":0.5},"meshType":0}],[0],0,[0],[0],[0]],[[{"name":"dl_shezhi_kai","rect":{"x":520,"y":543,"width":220,"height":73},"offset":{"x":0,"y":0},"originalSize":{"width":220,"height":73},"rotated":true,"capInsets":[0,0,0,0],"packable":true,"pixelsToUnit":100,"pivot":{"x":0.5,"y":0.5},"meshType":0}],[0],0,[0],[0],[0]],[[{"name":"dl_long_caidananniu","rect":{"x":856,"y":469,"width":129,"height":95},"offset":{"x":0,"y":0},"originalSize":{"width":129,"height":95},"rotated":true,"capInsets":[0,0,0,0],"packable":true,"pixelsToUnit":100,"pivot":{"x":0.5,"y":0.5},"meshType":0}],[0],0,[0],[0],[0]],[[{"name":"dl_sg_autoanniu1","rect":{"x":667,"y":792,"width":143,"height":105},"offset":{"x":0,"y":0},"originalSize":{"width":143,"height":105},"rotated":false,"capInsets":[0,0,0,0],"packable":true,"pixelsToUnit":100,"pivot":{"x":0.5,"y":0.5},"meshType":0}],[0],0,[0],[0],[0]],[[{"name":"auto_bar","spriteFrames":["dl_long_guizebox","a7GmvzVs1I3o4gYWdVS9oV@f9941","AUTO SPIN SETTING","08Hvyqi95BApNB/2gQC9Nd@f9941","zi_goodluck","7d7RkVfEpNPZIAG9lrF0Ec@f9941","dl_long_zhongjiangbox","03Wjc5pPhFkZoCqzFY/auo@f9941","dl_long_guizedibox","e0WMbUO9lKor82wCb9U99E@f9941","mianfeibox","d2Ihb/3rRI1bzE3EXwEbsa@f9941","dl_long_jinbibox","b6UBBEzLNCL4uabFlGnElt@f9941","dl_long_zidong_1","9ccysPBbxHe5eCjiEsmOGQ@f9941","dl_long_caidanbox","c7emZRNCdL/IouCeE7qJ73@f9941","dl_long_spinanniu1","adFypxfzNF9prmFu+k6RoF@f9941","dl_long_caidananniu","4cl2FJnJNFxrBh5PW+N2G9@f9941","dl_long_spinanniu","d5YDL5+b9Oa7zNdKuePWNr@f9941","dl_shezhi_kai","4bcajeuFFLlJp2NZjizjXM@f9941","FREE SPINS LEFT","4ajJYGqDxH9ZshG/LmQr0W@f9941","AUTO","36KxJ8XgJMKLZ/tN00H37Y@f9941","dl_sg_autoanniu","01hZxWuKZJYLu8k2p8PUSf@f9941","dl_shezhi_guan","78YG33xTpNOZsh05rdMtRD@f9941","dl_sg_autoanniu1","53xXl+0kBJdpnvXS/V803c@f9941","SETTINGS","6eenNygvtPSJ6rX6QqIUS9@f9941","dl_long_shezhianniu","59lvTsqWtOGLXJSIQs4dxt@f9941","zi_SPIN","a95qKudvtIqoyiwcO3q47M@f9941","SOUND","65QgOHwsdCJbSEV7U707MM@f9941","MUSIC","08RVpReL9LHph6qJJLwwN/@f9941","dl_long_confirm","83YQQMqA5PxIw8m+AAq/Vu@f9941","dl_long_xiazhujia_1","65xmWjYV5F26hDFFJZEKRB@f9941","dl_long_stopicon","58Qt/WxCtGQoCZqQ8bHjPR@f9941","dl_long_xiazhujian_0","75seGpba5LeKDDR7M/AcCm@f9941","dl_long_stopicon1","8efb2jLmJKnacttIjpZANU@f9941","zi_WIN","falaiE7RJA1Ki12WZz0S0I@f9941","zi_STOP","6agur5zx5Ah5gyuuJ3zHxk@f9941","dl_long_xiazhujia_0","7aGv/UYP9HOYvfsqJCPz1M@f9941","dl_long_zidong_0","d2j7g7oCVKKqq+kqD9ULYn@f9941","dl_long_jinbijia","33UcOMsFhHRIvxSl7du5jW@f9941","dl_long_xiazhujian_1","a4mVs9s9NCdoZ65+muq4Gi@f9941","dl_long_kuai_1","d3+wgqOnhAWIIaeYZQGKZS@f9941","dl_long_kuai_0","ecBhZNdYpIIL5vB2UiW50l@f9941","dl_long_spinicon1","31thz0mmBAeYraEmmMbGQD@f9941","dl_long_offanniu","1a5EG0r0xLiJBX3+mXESlM@f9941","dl_long_spinicon","9ekkgpPtZJmJoo9QVyrsRJ@f9941","dl_long_guizeanniu","5cDmHWwBhGIZYyXhdmrL0C@f9941","dl_long_vipanniu","c0CHNwQypDJpryicvXOXh0@f9941","dl_long_tuichuanniu","e08cTNTixMQLDnEsHL7tc+@f9941"]}],[1],0,[],[],[]],[[{"name":"dl_long_stopicon","rect":{"x":616,"y":880,"width":40,"height":40},"offset":{"x":0,"y":0},"originalSize":{"width":40,"height":40},"rotated":false,"capInsets":[0,0,0,0],"packable":true,"pixelsToUnit":100,"pivot":{"x":0.5,"y":0.5},"meshType":0}],[0],0,[0],[0],[0]],[[{"name":"dl_long_shezhianniu","rect":{"x":856,"y":932,"width":126,"height":64},"offset":{"x":0,"y":0},"originalSize":{"width":126,"height":64},"rotated":false,"capInsets":[0,0,0,0],"packable":true,"pixelsToUnit":100,"pivot":{"x":0.5,"y":0.5},"meshType":0}],[0],0,[0],[0],[0]],[[{"name":"SOUND","rect":{"x":3,"y":971,"width":161,"height":38},"offset":{"x":0,"y":0},"originalSize":{"width":161,"height":38},"rotated":false,"capInsets":[0,0,0,0],"packable":true,"pixelsToUnit":100,"pivot":{"x":0.5,"y":0.5},"meshType":0}],[0],0,[0],[0],[0]],[[{"name":"dl_long_xiazhujia_1","rect":{"x":516,"y":880,"width":94,"height":105},"offset":{"x":0,"y":0},"originalSize":{"width":94,"height":105},"rotated":false,"capInsets":[0,0,0,0],"packable":true,"pixelsToUnit":100,"pivot":{"x":0.5,"y":0.5},"meshType":0}],[0],0,[0],[0],[0]],[[{"name":"zi_STOP","rect":{"x":762,"y":903,"width":59,"height":22},"offset":{"x":0,"y":0},"originalSize":{"width":59,"height":22},"rotated":true,"capInsets":[0,0,0,0],"packable":true,"pixelsToUnit":100,"pivot":{"x":0.5,"y":0.5},"meshType":0}],[0],0,[0],[0],[0]],[[{"name":"SETTINGS","rect":{"x":816,"y":792,"width":173,"height":34},"offset":{"x":0,"y":0},"originalSize":{"width":173,"height":34},"rotated":true,"capInsets":[0,0,0,0],"packable":true,"pixelsToUnit":100,"pivot":{"x":0.5,"y":0.5},"meshType":0}],[0],0,[0],[0],[0]],[[{"name":"dl_long_xiazhujian_0","rect":{"x":662,"y":903,"width":94,"height":105},"offset":{"x":0,"y":0},"originalSize":{"width":94,"height":105},"rotated":false,"capInsets":[0,0,0,0],"packable":true,"pixelsToUnit":100,"pivot":{"x":0.5,"y":0.5},"meshType":0}],[0],0,[0],[0],[0]],[[{"name":"dl_shezhi_guan","rect":{"x":599,"y":543,"width":208,"height":61},"offset":{"x":0,"y":0},"originalSize":{"width":208,"height":61},"rotated":true,"capInsets":[0,0,0,0],"packable":true,"pixelsToUnit":100,"pivot":{"x":0.5,"y":0.5},"meshType":0}],[0],0,[0],[0],[0]],[[{"name":"dl_long_xiazhujia_0","rect":{"x":320,"y":897,"width":94,"height":105},"offset":{"x":0,"y":0},"originalSize":{"width":94,"height":105},"rotated":false,"capInsets":[0,0,0,0],"packable":true,"pixelsToUnit":100,"pivot":{"x":0.5,"y":0.5},"meshType":0}],[0],0,[0],[0],[0]],[[{"name":"zi_goodluck","rect":{"x":971,"y":354,"width":246,"height":37},"offset":{"x":0,"y":0},"originalSize":{"width":246,"height":37},"rotated":true,"capInsets":[0,0,0,0],"packable":true,"pixelsToUnit":100,"pivot":{"x":0.5,"y":0.5},"meshType":0}],[0],0,[0],[0],[0]],[[{"name":"dl_long_confirm","rect":{"x":320,"y":827,"width":190,"height":64},"offset":{"x":0,"y":0},"originalSize":{"width":190,"height":64},"rotated":false,"capInsets":[0,0,0,0],"packable":true,"pixelsToUnit":100,"pivot":{"x":0.5,"y":0.5},"meshType":0}],[0],0,[0],[0],[0]],[[{"name":"dl_long_stopicon1","rect":{"x":616,"y":926,"width":40,"height":40},"offset":{"x":0,"y":0},"originalSize":{"width":40,"height":40},"rotated":false,"capInsets":[0,0,0,0],"packable":true,"pixelsToUnit":100,"pivot":{"x":0.5,"y":0.5},"meshType":0}],[0],0,[0],[0],[0]],[[{"name":"dl_long_zidong_1","rect":{"x":398,"y":543,"width":116,"height":56},"offset":{"x":0,"y":0},"originalSize":{"width":116,"height":56},"rotated":false,"capInsets":[0,0,0,0],"packable":true,"pixelsToUnit":100,"pivot":{"x":0.5,"y":0.5},"meshType":0}],[0],0,[0],[0],[0]],[[{"name":"dl_long_xiazhujian_1","rect":{"x":3,"y":817,"width":94,"height":105},"offset":{"x":0,"y":0},"originalSize":{"width":94,"height":105},"rotated":false,"capInsets":[0,0,0,0],"packable":true,"pixelsToUnit":100,"pivot":{"x":0.5,"y":0.5},"meshType":0}],[0],0,[0],[0],[0]],[[{"name":"dl_long_guizebox","rect":{"x":3,"y":3,"width":962,"height":460},"offset":{"x":0,"y":0},"originalSize":{"width":962,"height":460},"rotated":false,"capInsets":[0,0,0,0],"packable":true,"pixelsToUnit":100,"pivot":{"x":0.5,"y":0.5},"meshType":0}],[0],0,[0],[0],[0]],[[{"name":"zi_SPIN","rect":{"x":988,"y":932,"width":74,"height":29},"offset":{"x":0,"y":0},"originalSize":{"width":74,"height":29},"rotated":true,"capInsets":[0,0,0,0],"packable":true,"pixelsToUnit":100,"pivot":{"x":0.5,"y":0.5},"meshType":0}],[0],0,[0],[0],[0]],[[{"name":"dl_long_spinanniu1","rect":{"x":856,"y":606,"width":158,"height":157},"offset":{"x":0,"y":0},"originalSize":{"width":158,"height":157},"rotated":false,"capInsets":[0,0,0,0],"packable":true,"pixelsToUnit":100,"pivot":{"x":0.5,"y":0.5},"meshType":0}],[0],0,[0],[0],[0]],[[{"name":"dl_long_jinbibox","rect":{"x":398,"y":469,"width":278,"height":68},"offset":{"x":0,"y":0},"originalSize":{"width":278,"height":68},"rotated":false,"capInsets":[0,0,0,0],"packable":true,"pixelsToUnit":100,"pivot":{"x":0.5,"y":0.5},"meshType":0}],[0],0,[0],[0],[0]],[[{"name":"dl_long_caidanbox","rect":{"x":682,"y":469,"width":168,"height":317},"offset":{"x":0,"y":0},"originalSize":{"width":168,"height":317},"rotated":false,"capInsets":[0,0,0,0],"packable":true,"pixelsToUnit":100,"pivot":{"x":0.5,"y":0.5},"meshType":0}],[0],0,[0],[0],[0]],[[{"name":"mianfeibox","rect":{"x":221,"y":469,"width":171,"height":119},"offset":{"x":0,"y":0},"originalSize":{"width":171,"height":119},"rotated":false,"capInsets":[0,0,0,0],"packable":true,"pixelsToUnit":100,"pivot":{"x":0.5,"y":0.5},"meshType":0}],[0],0,[0],[0],[0]],[[{"name":"dl_long_zidong_0","rect":{"x":420,"y":897,"width":116,"height":56},"offset":{"x":0,"y":0},"originalSize":{"width":116,"height":56},"rotated":true,"capInsets":[0,0,0,0],"packable":true,"pixelsToUnit":100,"pivot":{"x":0.5,"y":0.5},"meshType":0}],[0],0,[0],[0],[0]],[[{"name":"dl_long_kuai_1","rect":{"x":103,"y":759,"width":94,"height":105},"offset":{"x":0,"y":0},"originalSize":{"width":94,"height":105},"rotated":false,"capInsets":[0,0,0,0],"packable":true,"pixelsToUnit":100,"pivot":{"x":0.5,"y":0.5},"meshType":0}],[0],0,[0],[0],[0]],[[{"name":"dl_long_spinanniu","rect":{"x":856,"y":769,"width":158,"height":157},"offset":{"x":0,"y":0},"originalSize":{"width":158,"height":157},"rotated":false,"capInsets":[0,0,0,0],"packable":true,"pixelsToUnit":100,"pivot":{"x":0.5,"y":0.5},"meshType":0}],[0],0,[0],[0],[0]],[[{"name":"dl_long_guizedibox","rect":{"x":3,"y":469,"width":212,"height":114},"offset":{"x":0,"y":0},"originalSize":{"width":212,"height":114},"rotated":false,"capInsets":[34,29,33,31],"packable":true,"pixelsToUnit":100,"pivot":{"x":0.5,"y":0.5},"meshType":0}],[0],0,[0],[0],[0]],[[{"name":"dl_long_kuai_0","rect":{"x":103,"y":870,"width":94,"height":105},"offset":{"x":0,"y":0},"originalSize":{"width":94,"height":105},"rotated":true,"capInsets":[0,0,0,0],"packable":true,"pixelsToUnit":100,"pivot":{"x":0.5,"y":0.5},"meshType":0}],[0],0,[0],[0],[0]],[[{"name":"zi_WIN","rect":{"x":762,"y":971,"width":58,"height":27},"offset":{"x":0,"y":0},"originalSize":{"width":58,"height":27},"rotated":false,"capInsets":[0,0,0,0],"packable":true,"pixelsToUnit":100,"pivot":{"x":0.5,"y":0.5},"meshType":0}],[0],0,[0],[0],[0]]]]
