[1,["1ce855d0c@6c48a"],["_textureSource"],["cc.SpriteFrame","cc.SpriteAtlas"],0,[[[{"name":"auto_bar","spriteFrames":["dl_long_guizebox","a7GmvzVs1I3o4gYWdVS9oV@f9941","AUTO SPIN SETTING","08Hvyqi95BApNB/2gQC9Nd@f9941","zi_goodluck","7d7RkVfEpNPZIAG9lrF0Ec@f9941","dl_long_zhongjiangbox","03Wjc5pPhFkZoCqzFY/auo@f9941","dl_long_guizedibox","e0WMbUO9lKor82wCb9U99E@f9941","mianfeibox","d2Ihb/3rRI1bzE3EXwEbsa@f9941","dl_long_jinbibox","b6UBBEzLNCL4uabFlGnElt@f9941","dl_long_zidong_1","9ccysPBbxHe5eCjiEsmOGQ@f9941","dl_long_caidanbox","c7emZRNCdL/IouCeE7qJ73@f9941","dl_long_spinanniu1","adFypxfzNF9prmFu+k6RoF@f9941","dl_long_caidananniu","4cl2FJnJNFxrBh5PW+N2G9@f9941","dl_long_spinanniu","d5YDL5+b9Oa7zNdKuePWNr@f9941","dl_shezhi_kai","4bcajeuFFLlJp2NZjizjXM@f9941","FREE SPINS LEFT","4ajJYGqDxH9ZshG/LmQr0W@f9941","AUTO","36KxJ8XgJMKLZ/tN00H37Y@f9941","dl_sg_autoanniu","01hZxWuKZJYLu8k2p8PUSf@f9941","dl_shezhi_guan","78YG33xTpNOZsh05rdMtRD@f9941","dl_sg_autoanniu1","53xXl+0kBJdpnvXS/V803c@f9941","SETTINGS","6eenNygvtPSJ6rX6QqIUS9@f9941","dl_long_shezhianniu","59lvTsqWtOGLXJSIQs4dxt@f9941","zi_SPIN","a95qKudvtIqoyiwcO3q47M@f9941","SOUND","65QgOHwsdCJbSEV7U707MM@f9941","MUSIC","08RVpReL9LHph6qJJLwwN/@f9941","dl_long_confirm","83YQQMqA5PxIw8m+AAq/Vu@f9941","dl_long_xiazhujia_1","65xmWjYV5F26hDFFJZEKRB@f9941","dl_long_stopicon","58Qt/WxCtGQoCZqQ8bHjPR@f9941","dl_long_xiazhujian_0","75seGpba5LeKDDR7M/AcCm@f9941","dl_long_stopicon1","8efb2jLmJKnacttIjpZANU@f9941","zi_WIN","falaiE7RJA1Ki12WZz0S0I@f9941","zi_STOP","6agur5zx5Ah5gyuuJ3zHxk@f9941","dl_long_xiazhujia_0","7aGv/UYP9HOYvfsqJCPz1M@f9941","dl_long_zidong_0","d2j7g7oCVKKqq+kqD9ULYn@f9941","dl_long_jinbijia","33UcOMsFhHRIvxSl7du5jW@f9941","dl_long_xiazhujian_1","a4mVs9s9NCdoZ65+muq4Gi@f9941","dl_long_kuai_1","d3+wgqOnhAWIIaeYZQGKZS@f9941","dl_long_kuai_0","ecBhZNdYpIIL5vB2UiW50l@f9941","dl_long_spinicon1","31thz0mmBAeYraEmmMbGQD@f9941","dl_long_offanniu","1a5EG0r0xLiJBX3+mXESlM@f9941","dl_long_spinicon","9ekkgpPtZJmJoo9QVyrsRJ@f9941","dl_long_guizeanniu","5cDmHWwBhGIZYyXhdmrL0C@f9941","dl_long_vipanniu","c0CHNwQypDJpryicvXOXh0@f9941","dl_long_tuichuanniu","e08cTNTixMQLDnEsHL7tc+@f9941"]}],[1],0,[],[],[]],[[{"name":"dl_long_guizeanniu","rect":{"x":111,"y":3,"width":126,"height":64},"offset":{"x":0,"y":0},"originalSize":{"width":126,"height":64},"rotated":false,"capInsets":[0,0,0,0],"packable":true,"pixelsToUnit":100,"pivot":{"x":0.5,"y":0.5},"meshType":0}],[0],0,[0],[0],[0]],[[{"name":"dl_long_spinicon","rect":{"x":3,"y":3,"width":102,"height":96},"offset":{"x":0,"y":0},"originalSize":{"width":102,"height":96},"rotated":false,"capInsets":[0,0,0,0],"packable":true,"pixelsToUnit":100,"pivot":{"x":0.5,"y":0.5},"meshType":0}],[0],0,[0],[0],[0]],[[{"name":"dl_long_vipanniu","rect":{"x":243,"y":3,"width":126,"height":64},"offset":{"x":0,"y":0},"originalSize":{"width":126,"height":64},"rotated":true,"capInsets":[0,0,0,0],"packable":true,"pixelsToUnit":100,"pivot":{"x":0.5,"y":0.5},"meshType":0}],[0],0,[0],[0],[0]],[[{"name":"dl_long_tuichuanniu","rect":{"x":111,"y":73,"width":126,"height":64},"offset":{"x":0,"y":0},"originalSize":{"width":126,"height":64},"rotated":false,"capInsets":[0,0,0,0],"packable":true,"pixelsToUnit":100,"pivot":{"x":0.5,"y":0.5},"meshType":0}],[0],0,[0],[0],[0]]]]
