[1,["9dX1uQ5lVAUoX7GsV/q8QO","f0pQAdJPdM96u7fgsdku59@f9941","deNiUE8sRJVJD9ODh7QirK@f9941","adsMka9XVPia9LBgBx+VtC@6c48a","bayGOm4E1Hu6+KxsdXkbjK@f9941","87CuXK9z1PiYPr3RVn8xj8@f9941","7awy3P5FpJp58MgSJwcaTE@f9941","87/zu703BFpJUKhWZaZXj5@f9941","85WkQMULVCWqCPe8egAdhE@f9941","9d0M/K2ORFxapv09sIm14J@f9941","adsMka9XVPia9LBgBx+VtC@f9941","89SOFLccFEF7tm0ZL9GXcE@f9941"],["node","_spriteFrame","_atlas","_normalSprite","_parent","_textureSource","root","_indicator","_target","data"],[["cc.Node",["_name","_layer","_components","_prefab","_parent","_children","_lpos","_lscale"],1,9,4,1,2,5,5],["cc.Label",["_string","_actualFontSize","_fontSize","_isBold","_horizontalAlign","_lineHeight","node","__prefab","_color"],-3,1,4,5],["cc.UITransform",["_name","node","__prefab","_contentSize","_anchorPoint"],2,1,4,5,5],["cc.Sprite",["_type","_sizeMode","_name","node","__prefab","_spriteFrame","_atlas"],0,1,4,6,6],["cc.Button",["_transition","_zoomScale","node","__prefab","_normalSprite","_normalColor","_target"],1,1,4,6,5,1],"cc.SpriteFrame",["cc.Prefab",["_name"],2],["cc.Node",["_name","_layer","_parent","_components","_prefab","_lpos"],1,1,12,4,5],["cc.CompPrefabInfo",["fileId"],2],["cc.PrefabInfo",["fileId","instance","targetOverrides","nestedPrefabInstanceRoots","root","asset"],-1,1,1],["cc.Layout",["_resizeMode","_layoutType","_isAlign","node","__prefab"],0,1,4],["cc.PageView",["_name","horizontal","_scrollThreshold","node","__prefab","_content","_indicator"],0,1,4,1,1],["cc.Mask",["node","__prefab"],3,1,4],["cc.Graphics",["node","__prefab","_fillColor"],3,1,4,5],["cc.PageViewIndicator",["spacing","node","__prefab","_cellSize"],2,1,4,5]],[[8,0,2],[9,0,1,2,3,4,5,5],[2,1,2,3,4,1],[0,0,1,4,5,2,3,6,3],[0,0,1,4,2,3,6,3],[1,0,1,2,6,7,8,4],[1,0,4,1,2,5,6,7,8,6],[2,1,2,3,1],[3,3,4,5,6,1],[1,0,1,2,3,6,7,8,5],[1,0,4,1,2,5,3,6,7,8,7],[0,0,1,5,2,3,6,3],[0,0,1,4,2,3,3],[3,0,1,3,4,5,6,3],[4,0,1,2,3,4,3],[6,0,2],[0,0,1,5,2,3,3],[0,0,1,4,5,2,3,3],[0,0,1,4,2,3,6,7,3],[7,0,1,2,3,4,5,3],[2,0,1,2,3,2],[3,2,0,1,3,4,5,6,4],[10,0,1,2,3,4,4],[11,0,1,2,3,4,5,6,4],[12,0,1,1],[13,0,1,2,1],[4,0,1,2,3,5,6,4,3],[14,0,1,2,3,2]],[[[{"name":"bg_help_box","rect":{"x":0,"y":0,"width":1098,"height":724},"offset":{"x":0,"y":0},"originalSize":{"width":1098,"height":724},"rotated":false,"capInsets":[0,0,0,0],"vertices":{"rawPosition":[-549,-362,0,549,-362,0,-549,362,0,549,362,0],"indexes":[0,1,2,2,1,3],"uv":[0,724,1098,724,0,0,1098,0],"nuv":[0,0,1,0,0,1,1,1],"minPos":{"x":-549,"y":-362,"z":0},"maxPos":{"x":549,"y":362,"z":0}},"packable":true,"pixelsToUnit":100,"pivot":{"x":0.5,"y":0.5},"meshType":0}],[5],0,[0],[5],[3]],[[[15,"prefab_starlight_introduce"],[11,"prefab_starlight_introduce",33554432,[-3,-4,-5,-6],[[7,-2,[0,"e38jWnHPdIi7qH14VAbNgK"],[5,1334,750]]],[1,"c46/YsCPVOJYA4mWEpNYRx",null,null,null,-1,0],[1,0,-26,0]],[16,"props_spr_page1",33554432,[-9,-10,-11,-12,-13,-14,-15,-16,-17,-18],[[7,-7,[0,"47Cli+qYtA3IWCyRPvQL0d"],[5,927,540]],[8,-8,[0,"ae1CDDlJZNH5LhxEyky3/Y"],4,5]],[1,"47mRyHx5VLYaWyRhA7Zz4S",null,null,null,1,0]],[11,"content",33554432,[-21,-22,-23,-24],[[2,-19,[0,"38daVSUWRPEIWcps1nK99Y"],[5,3800,540],[0,0,0.5]],[22,1,1,true,-20,[0,"5cmsLnQg5LiYvBJl+sKx2z"]]],[1,"b6F8xgfaZG3JY2l4dtEGe2",null,null,null,1,0],[1,-472,0,0]],[3,"props_PageView_instroduce_banner",33554432,1,[-29,-30,-31],[[20,"pageView-horizontal<UITransform>",-25,[0,"74lTMlR59CfZQYo/95ZBoP"],[5,1098,724]],[21,"pageView-horizontal<Sprite>",1,2,-26,[0,"23tvXYH5VIypdRUWLL9J/Y"],12,13],[23,"pageView-horizontal<PageView>",false,0.59,-28,[0,"80me3IJy5Ogb0VehUJ5DnQ"],3,-27]],[1,"977qbcqV9BS6EI2U1JveQ6",null,null,null,1,0],[1,0,4,0]],[17,"view",33554432,4,[3],[[7,-32,[0,"29GDLXlZFFiag/Tf2lZ1wC"],[5,950,540]],[24,-33,[0,"41zZoBGAJIA4717q2vrvNU"]],[25,-34,[0,"19DpquFEFCbJ4rgyUIyjJC"],[4,16777215]]],[1,"3evkdeR41Gmrb2D2hLJIo1",null,null,null,1,0]],[3,"sun",33554432,2,[-36,-37,-38],[[7,-35,[0,"44JNzmmhdEQr2x3SQMNH4c"],[5,120,80]]],[1,"73FsnZOGRKzJNu04WAU5Cf",null,null,null,1,0],[1,-304,80,0]],[3,"heart",33554432,2,[-40,-41,-42],[[7,-39,[0,"96vG4IbfRLPY36HeBix7Gh"],[5,120,80]]],[1,"33MYth6xpFErRxqOs898+m",null,null,null,1,0],[1,-69.33333333333337,80,0]],[3,"moon",33554432,2,[-44,-45,-46],[[7,-43,[0,"6daBPJrkVMXKIboVYbOUov"],[5,120,80]]],[1,"e3g/c0tjFOFb74Mfv+fcUC",null,null,null,1,0],[1,165.33333333333326,80,0]],[3,"star",33554432,2,[-48,-49,-50],[[7,-47,[0,"06Ac5SeIFC9Y2Xv1PxkQxk"],[5,120,80]]],[1,"ebS9gX7UZLe7MxwclmcJQ5",null,null,null,1,0],[1,400,80,0]],[3,"red_gem",33554432,2,[-52,-53,-54],[[7,-51,[0,"88vxzsu51CO6Pv4bA1qDHU"],[5,120,80]]],[1,"c9oOKII41A2ZE89y609Pea",null,null,null,1,0],[1,-372,-94,0]],[3,"blue_gem",33554432,2,[-56,-57,-58],[[7,-55,[0,"feeJfS+wZG/4ZZscWud1Yo"],[5,120,80]]],[1,"2dPNeEHINIXptMaexCIf0A",null,null,null,1,0],[1,-184,-94,0]],[3,"green_gem",33554432,2,[-60,-61,-62],[[7,-59,[0,"9f9lictF5M1J6ZgqvszlDT"],[5,120,80]]],[1,"0b3Z5JveROLZB2huNLG2o4",null,null,null,1,0],[1,4.543000000000006,-94,0]],[3,"blue_green_gem",33554432,2,[-64,-65,-66],[[7,-63,[0,"31S+hv8FZCS7jVcQhr9W9j"],[5,120,80]]],[1,"2ehi3JtodIv7o3nojQfsyS",null,null,null,1,0],[1,191.81449999999995,-94,0]],[3,"yellow_gem",33554432,2,[-68,-69,-70],[[7,-67,[0,"c1I4VV/yJA56z3fub7B9yM"],[5,120,80]]],[1,"97coGTr8FO34eg9haA4QRU",null,null,null,1,0],[1,380.086,-94,0]],[3,"scatter",33554432,2,[-72,-73,-74],[[2,-71,[0,"6cudLhbUNBs4lh+UzZmkm5"],[5,100,80],[0,0,0.5]]],[1,"efryEcJalNxauKfe4Dxtm0",null,null,null,1,0],[1,-311.769,-213.95,0]],[18,"props_btn_introduce_next",33554432,1,[[7,-75,[0,"bbaKYmLmxHQ5t++0M6d8An"],[5,90,113]],[13,1,0,-76,[0,"bbPw18hDJFa61fNDS6lVoy"],14,15],[26,3,0.9,-78,[0,"0a/kIMootLW7sgMy6MnlvY"],[4,4292269782],-77,16]],[1,"8fW5An/ctD0qQROsRMeev6",null,null,null,1,0],[1,595,20,0],[1,-1,1,1]],[3,"spr_instroduce_title",33554432,4,[-81],[[7,-79,[0,"c1jySQaudOzaSEkzZMhF8r"],[5,672,83]],[8,-80,[0,"d2VIvpv3pFaol3dNgQ1FMM"],2,3]],[1,"0bbcVGuJhPfr+vho0FmoMS",null,null,null,1,0],[1,0,332,0]],[3,"Label_rate_num1",33554432,6,[-84],[[2,-82,[0,"d0kJhAY5tHf50p0iKPxqoa"],[5,36.02,50.4],[0,0,0.5]],[5,"8 - 9",18,18,-83,[0,"96aiH/d/1IYa74axs6+Pfz"],[4,4291989154]]],[1,"18I7CtOytOC7G6maPoB2CY",null,null,null,1,0],[1,-45,25,0]],[3,"Label_rate_num2",33554432,6,[-87],[[2,-85,[0,"e9ES1Ki3xNvZTfWIAW46/E"],[5,54.7,50.4],[0,0,0.5]],[5,"10 - 11",18,18,-86,[0,"a30N+QUMVHg5cPSPW+uqKh"],[4,4291989154]]],[1,"efJErAMC9POI5a2hsj9Mwx",null,null,null,1,0],[1,-55,1,0]],[3,"Label_rate_num3",33554432,6,[-90],[[2,-88,[0,"c0R/LUH0hI6ZfIEP2xSViB"],[5,56.04,50.4],[0,0,0.5]],[5,"12 - 30",18,18,-89,[0,"79ZV+WooFBBL+qI3TtVHjr"],[4,4291989154]]],[1,"e8l4dV+HJJ4Lf9gWORGvrO",null,null,null,1,0],[1,-55,-23,0]],[3,"Label_rate_num1",33554432,7,[-93],[[2,-91,[0,"50Zd/xWaNBHIbhsiNP5aXd"],[5,36.02,50.4],[0,0,0.5]],[5,"8 - 9",18,18,-92,[0,"3aEEWIGWZNJb9BELCBIHcB"],[4,4291989154]]],[1,"a2swEcqlxLg5J4RSQNULqw",null,null,null,1,0],[1,-45,25,0]],[3,"Label_rate_num2",33554432,7,[-96],[[2,-94,[0,"c4dok/XslBO5QEdbKlI+Qx"],[5,54.7,50.4],[0,0,0.5]],[5,"10 - 11",18,18,-95,[0,"bep5wS/BVDN6f8ngoqjRI/"],[4,4291989154]]],[1,"72qcEKvURNsLeg/xb43rcc",null,null,null,1,0],[1,-55,1,0]],[3,"Label_rate_num3",33554432,7,[-99],[[2,-97,[0,"5e5HCFb7RADJC2Ba8k3OOx"],[5,56.04,50.4],[0,0,0.5]],[5,"12 - 30",18,18,-98,[0,"a7/oBDhDJEvKAYZ/ZFns6k"],[4,4291989154]]],[1,"352YG1w4FB0rpCCCbk2JY+",null,null,null,1,0],[1,-55,-23,0]],[3,"Label_rate_num1",33554432,8,[-102],[[2,-100,[0,"1cO2scWaNCyITHWac5S50Z"],[5,36.02,50.4],[0,0,0.5]],[5,"8 - 9",18,18,-101,[0,"7eSEseDwRGx6+w+k3fgeRl"],[4,4291989154]]],[1,"d8VoaAAAdGebbPdZeo/z8U",null,null,null,1,0],[1,-45,25,0]],[3,"Label_rate_num2",33554432,8,[-105],[[2,-103,[0,"44LdaW/RxKbIdejQ6t8NxV"],[5,54.7,50.4],[0,0,0.5]],[5,"10 - 11",18,18,-104,[0,"2cpYkNAYNPL49Uh7/Ry7pS"],[4,4291989154]]],[1,"10jTztjLNPErlAHbkPYDLL",null,null,null,1,0],[1,-55,1,0]],[3,"Label_rate_num3",33554432,8,[-108],[[2,-106,[0,"d2YkJNKr1N5K6BIUuoom8L"],[5,56.04,50.4],[0,0,0.5]],[5,"12 - 30",18,18,-107,[0,"c0YvUIQo5FnJ1D73+pmIpS"],[4,4291989154]]],[1,"9fKcifq9RNgZbD/q6WmeH9",null,null,null,1,0],[1,-55,-23,0]],[3,"Label_rate_num1",33554432,9,[-111],[[2,-109,[0,"39HL7XCt1FmZWbWrOLzN/H"],[5,36.02,50.4],[0,0,0.5]],[5,"8 - 9",18,18,-110,[0,"deChmfaXNBVL/SedY0+t1h"],[4,4291989154]]],[1,"2ffQMzM19IY7uh3q8laGP6",null,null,null,1,0],[1,-45,25,0]],[3,"Label_rate_num2",33554432,9,[-114],[[2,-112,[0,"9bei4J6AZOWb9AoMXmTqAA"],[5,54.7,50.4],[0,0,0.5]],[5,"10 - 11",18,18,-113,[0,"a8K4JOlwpCz4wGO5OqKTPH"],[4,4291989154]]],[1,"60vfX93yxI0oNCVjRyHHwy",null,null,null,1,0],[1,-55,1,0]],[3,"Label_rate_num3",33554432,9,[-117],[[2,-115,[0,"a7Ve8pVFxJ86oLfueGEceJ"],[5,56.04,50.4],[0,0,0.5]],[5,"12 - 30",18,18,-116,[0,"c9l7IG/O5GsZm8E9SJchdK"],[4,4291989154]]],[1,"56sRzA3VFA2oWvF0spk/DW",null,null,null,1,0],[1,-55,-23,0]],[3,"Label_rate_num1",33554432,10,[-120],[[2,-118,[0,"batu8xhs5LuofI6P7pjuDq"],[5,36.02,50.4],[0,0,0.5]],[5,"8 - 9",18,18,-119,[0,"faj89wPTFFz5KeImIYoUqu"],[4,4291989154]]],[1,"29WZpaKmxLaJM4MZhW26sn",null,null,null,1,0],[1,-45,25,0]],[3,"Label_rate_num2",33554432,10,[-123],[[2,-121,[0,"8bf7g44aVCqJXod1W33IQy"],[5,54.7,50.4],[0,0,0.5]],[5,"10 - 11",18,18,-122,[0,"ff5VmQHlNC0ZGQWX3tFPbR"],[4,4291989154]]],[1,"2e8I1WVxxPZ4l9yyQAcR26",null,null,null,1,0],[1,-55,1,0]],[3,"Label_rate_num3",33554432,10,[-126],[[2,-124,[0,"ca4mBdO2BBX4wphQnqcobr"],[5,56.04,50.4],[0,0,0.5]],[5,"12 - 30",18,18,-125,[0,"5bnn2SdSdC8rqejAE313ya"],[4,4291989154]]],[1,"fbiSlntIRMsLH9dLU4fqwi",null,null,null,1,0],[1,-55,-23,0]],[3,"Label_rate_num1",33554432,11,[-129],[[2,-127,[0,"98Yv3iBHBBL43TKTOhsOlj"],[5,36.02,50.4],[0,0,0.5]],[5,"8 - 9",18,18,-128,[0,"b1rZwlLoRId6Mq7jdvbtW1"],[4,4291989154]]],[1,"3bqfSWdSZEOYSn9SQbiXdg",null,null,null,1,0],[1,-45,25,0]],[3,"Label_rate_num2",33554432,11,[-132],[[2,-130,[0,"4eekdaW2BP34NLiy7x9V4s"],[5,54.7,50.4],[0,0,0.5]],[5,"10 - 11",18,18,-131,[0,"a9KDbPZS5MSauEZpvYiNmZ"],[4,4291989154]]],[1,"5fDLrB+xdC46FrngOl+eWI",null,null,null,1,0],[1,-55,1,0]],[3,"Label_rate_num3",33554432,11,[-135],[[2,-133,[0,"b4BV1UGedJiJ4Q9ZT9Kj6v"],[5,56.04,50.4],[0,0,0.5]],[5,"12 - 30",18,18,-134,[0,"f7TdhKwyJOS5kWzxpZiEJI"],[4,4291989154]]],[1,"9e0TurGvdBkqaW35oeDSIo",null,null,null,1,0],[1,-55,-23,0]],[3,"Label_rate_num1",33554432,12,[-138],[[2,-136,[0,"06mzEIY2hBxLzSTph5VX9/"],[5,36.02,50.4],[0,0,0.5]],[5,"8 - 9",18,18,-137,[0,"11irptiP9AHrXiQMliep+B"],[4,4291989154]]],[1,"6159e/+MpMTpw702dsskhO",null,null,null,1,0],[1,-45,25,0]],[3,"Label_rate_num2",33554432,12,[-141],[[2,-139,[0,"e5sd7IKk9Fm7QWV67GleyG"],[5,54.7,50.4],[0,0,0.5]],[5,"10 - 11",18,18,-140,[0,"3aF5VsgSdL1bjf7V9krxu/"],[4,4291989154]]],[1,"b6NcKtuKFCdJDyYudgTmjk",null,null,null,1,0],[1,-55,1,0]],[3,"Label_rate_num3",33554432,12,[-144],[[2,-142,[0,"e9bMS6kJtM8Ywq+fSGibwN"],[5,56.04,50.4],[0,0,0.5]],[5,"12 - 30",18,18,-143,[0,"8cdj2THLRODp1gXjZWdKIs"],[4,4291989154]]],[1,"41W1EJbqhDmaYAZOY/ezHq",null,null,null,1,0],[1,-55,-23,0]],[3,"Label_rate_num1",33554432,13,[-147],[[2,-145,[0,"16qQFvDuBFroXW+DtrNt62"],[5,36.02,50.4],[0,0,0.5]],[5,"8 - 9",18,18,-146,[0,"f12oSu7cNPRp3VJwTI2zaT"],[4,4291989154]]],[1,"a3TWaObyJC145Up126Z4WW",null,null,null,1,0],[1,-45,25,0]],[3,"Label_rate_num2",33554432,13,[-150],[[2,-148,[0,"32TXvfB2lH4oSov98KG+Iu"],[5,54.7,50.4],[0,0,0.5]],[5,"10 - 11",18,18,-149,[0,"beKudDXxtGd6bz0iK/Eu27"],[4,4291989154]]],[1,"96pUnLJeFIL4gQd7o3Tz+i",null,null,null,1,0],[1,-55,1,0]],[3,"Label_rate_num3",33554432,13,[-153],[[2,-151,[0,"95QjlhqqtEz4qe1XV29dry"],[5,56.04,50.4],[0,0,0.5]],[5,"12 - 30",18,18,-152,[0,"2cD+cfCl9I0romPUdeK2XX"],[4,4291989154]]],[1,"17CB59jYhJo4UyPKsGW4TY",null,null,null,1,0],[1,-55,-23,0]],[3,"Label_rate_num1",33554432,14,[-156],[[2,-154,[0,"50l6TBBSRD8pRZSBakVp1v"],[5,36.02,50.4],[0,0,0.5]],[5,"8 - 9",18,18,-155,[0,"e9aEk/Jp5PPLM6VaT0b5Ph"],[4,4291989154]]],[1,"f5qEoyIGNODZFtCXYu545L",null,null,null,1,0],[1,-45,25,0]],[3,"Label_rate_num2",33554432,14,[-159],[[2,-157,[0,"3dvlYxR+JNrpNGUisI5xCU"],[5,54.7,50.4],[0,0,0.5]],[5,"10 - 11",18,18,-158,[0,"92XFSCmYtADpoyFGJSZbn4"],[4,4291989154]]],[1,"a87HK/o6tLB4RtMT278ZDf",null,null,null,1,0],[1,-55,1,0]],[3,"Label_rate_num3",33554432,14,[-162],[[2,-160,[0,"4eqrWmxBlFcb1fmxPegLNY"],[5,56.04,50.4],[0,0,0.5]],[5,"12 - 30",18,18,-161,[0,"99dfbbwuxIoJ739sAbfyJe"],[4,4291989154]]],[1,"62nmmEnsJBzLTsHgM38zNb",null,null,null,1,0],[1,-55,-23,0]],[3,"Label_rate_num1",33554432,15,[-165],[[2,-163,[0,"f0aXbb8S5Cv5kJXDARdw0O"],[5,13.35,50.4],[0,0,0.5]],[9,"4",24,24,true,-164,[0,"b86+7uTwFLHJY0Xbebq+t3"],[4,4291989154]]],[1,"0aHEPIUrFAuJxpo7N+8HlG",null,null,null,1,0],[1,-53.5,30,0]],[3,"Label_rate_num2",33554432,15,[-168],[[2,-166,[0,"301q1poEVIgqL1tK2CS3P8"],[5,13.35,50.4],[0,0,0.5]],[9,"5",24,24,true,-167,[0,"545+tsqyBNIIM8WqyI2qka"],[4,4291989154]]],[1,"f8kvtq/0dNQ7urdtlooT17",null,null,null,1,0],[1,-53.5,1,0]],[3,"Label_rate_num3",33554432,15,[-171],[[2,-169,[0,"8eHQ8pPFVKvJU6Yh7wpnZI"],[5,13.35,50.4],[0,0,0.5]],[9,"6",24,24,true,-170,[0,"446XGu+IBEZY075Xk7V3uJ"],[4,4291989154]]],[1,"a0HgBxf0ZEUZtvMwYxEDdS",null,null,null,1,0],[1,-53.5,-30,0]],[4,"props_btn_introduce_last",33554432,1,[[7,-172,[0,"dfJdd5ux9Mur/ZvT5L4235"],[5,90,113]],[13,1,0,-173,[0,"47GGJLZktOFrFqp1bbmG3U"],17,18],[14,3,0.9,-174,[0,"c8KJjqI85N34wQdpCloFZP"],19]],[1,"94Qbpe/QZIB64zl1m+c4Si",null,null,null,1,0],[1,-595,20,0]],[4,"props_btn_insst5roduce_close",33554432,1,[[7,-175,[0,"81TgTZrXdLKbBwdBHDu0TP"],[5,52,52]],[8,-176,[0,"d0m8YRb3tJ94S7j2/hg74J"],20,21],[14,3,0.9,-177,[0,"degX9EgiVMLaCPagDNmusN"],22]],[1,"5c7j3j+LFE3YXNT77CKTIA",null,null,null,1,0],[1,562,306,0]],[12,"spr_title_text",33554432,17,[[7,-178,[0,"3dGxG2Zy5BYLAyVzCsyjw6"],[5,184,33]],[8,-179,[0,"91TBfy+pJHiYdQ1O93ORGo"],0,1]],[1,"20UbaFhStG0IUPc1RsNyKT",null,null,null,1,0]],[3,"page1",33554432,3,[2],[[7,-180,[0,"84BMTN6ApCCrBKFRalkdbk"],[5,950,540]]],[1,"7fhtgsRH5JuqDWd1+Bo92e",null,null,null,1,0],[1,475,0,0]],[4,"label_num",33554432,18,[[2,-181,[0,"6dI6e+fM5MC43uX05ZKztB"],[5,30.03,30.24],[0,0,0.5]],[6,"500",0,18,18,24,-182,[0,"27u/e4Gp5MjZK8fM4Uhm53"],[4,4291989154]]],[1,"7dYnpi1YBIeqQW2HItxyRX",null,null,null,1,0],[1,55,0,0]],[4,"label_num",33554432,19,[[2,-183,[0,"75kn0HsH9O96u4cJw9wQd0"],[5,30.03,30.24],[0,0,0.5]],[6,"250",0,18,18,24,-184,[0,"d9dWLWmCRMp5nygbEfL755"],[4,4291989154]]],[1,"d5si/LTAxF3relrhA24bhp",null,null,null,1,0],[1,66,0,0]],[4,"label_num",33554432,20,[[2,-185,[0,"983DT0q2pFVJBLY5EuQCB4"],[5,30.03,30.24],[0,0,0.5]],[6,"100",0,18,18,24,-186,[0,"7dA1GhakREYYBvWDu4Bawt"],[4,4291989154]]],[1,"6772QUMt5C2oj8+jJKjmWL",null,null,null,1,0],[1,64,0,0]],[4,"label_num",33554432,21,[[2,-187,[0,"18Ft/oi+BIOq5zKEh4u3/8"],[5,30.03,30.24],[0,0,0.5]],[6,"500",0,18,18,24,-188,[0,"83xpwA0NVKa68NyfKndYX1"],[4,4291989154]]],[1,"2bIGl4MAFCDYhLfHlQE5wW",null,null,null,1,0],[1,55,0,0]],[4,"label_num",33554432,22,[[2,-189,[0,"5dJFJFG9ZOUo3TyJGBU0KI"],[5,30.03,30.24],[0,0,0.5]],[6,"250",0,18,18,24,-190,[0,"f7EF/wGShHeasqshZL2jW2"],[4,4291989154]]],[1,"18Hqubub9If4Ps+YbI+YKi",null,null,null,1,0],[1,66,0,0]],[4,"label_num",33554432,23,[[2,-191,[0,"1eyAL5qMJCU5DWk8PKnvPt"],[5,30.03,30.24],[0,0,0.5]],[6,"100",0,18,18,24,-192,[0,"f1+K9VrspPha2pBFqWQgra"],[4,4291989154]]],[1,"635fzKKXZL5LLhj1kfBNhR",null,null,null,1,0],[1,64,0,0]],[4,"label_num",33554432,24,[[2,-193,[0,"89R1i2rX5HKohPjUhHrnb3"],[5,30.03,30.24],[0,0,0.5]],[6,"500",0,18,18,24,-194,[0,"17GIoZVflEQaKU5MTYYokb"],[4,4291989154]]],[1,"e66GKbxBhDVrPZUdRw6n0R",null,null,null,1,0],[1,55,0,0]],[4,"label_num",33554432,25,[[2,-195,[0,"c3+9n+XZdLhpQAszQNjijD"],[5,30.03,30.24],[0,0,0.5]],[6,"250",0,18,18,24,-196,[0,"2c4uDuG8BJXoaqI57X/u9j"],[4,4291989154]]],[1,"ddsZhvMdZHgIQU0SulpDyA",null,null,null,1,0],[1,66,0,0]],[4,"label_num",33554432,26,[[2,-197,[0,"b5YWG3Qo9KgoBkoK8Japkf"],[5,30.03,30.24],[0,0,0.5]],[6,"100",0,18,18,24,-198,[0,"acOpGsmxNMcYhwXJlRDvUS"],[4,4291989154]]],[1,"20qIYqXOBBcqC7fjVoyFkv",null,null,null,1,0],[1,64,0,0]],[4,"label_num",33554432,27,[[2,-199,[0,"25fj/78NNIhrMav0IULem7"],[5,30.03,30.24],[0,0,0.5]],[6,"500",0,18,18,24,-200,[0,"b1Imw6SElNgbxbvhRK+WpP"],[4,4291989154]]],[1,"b30kzJY/9JS6LcyWsbcRCl",null,null,null,1,0],[1,55,0,0]],[4,"label_num",33554432,28,[[2,-201,[0,"51Tih/YiZNC7KGZl+gemCJ"],[5,30.03,30.24],[0,0,0.5]],[6,"250",0,18,18,24,-202,[0,"cdp4GwcUtC3qATSGV7cqYa"],[4,4291989154]]],[1,"8bwIOWbDdLQIidnOratnTf",null,null,null,1,0],[1,66,0,0]],[4,"label_num",33554432,29,[[2,-203,[0,"e6EUuSoM1BGaX9j7acrTLG"],[5,30.03,30.24],[0,0,0.5]],[6,"100",0,18,18,24,-204,[0,"93o7Qco4VNrJ6usR8x3YLh"],[4,4291989154]]],[1,"68twZR/0dCAaqerulgsKrZ",null,null,null,1,0],[1,64,0,0]],[4,"label_num",33554432,30,[[2,-205,[0,"51PCZe18NOUrFeSvFkNIcW"],[5,30.03,30.24],[0,0,0.5]],[6,"500",0,18,18,24,-206,[0,"80i3EL9q5LE78Rh7E8tX2y"],[4,4291989154]]],[1,"8e40G9/3pKq63urcRb8H3s",null,null,null,1,0],[1,55,0,0]],[4,"label_num",33554432,31,[[2,-207,[0,"4cmeXDF1pN9ZHiMH69wz5f"],[5,30.03,30.24],[0,0,0.5]],[6,"250",0,18,18,24,-208,[0,"53SpviMbFLN6BC31KHoGJs"],[4,4291989154]]],[1,"b6G9LdiyhP/pdoyoja6Xrp",null,null,null,1,0],[1,66,0,0]],[4,"label_num",33554432,32,[[2,-209,[0,"8ecTlQpVZBJoWd2tHBHMr+"],[5,30.03,30.24],[0,0,0.5]],[6,"100",0,18,18,24,-210,[0,"fcF0UqSWtKk5VvWhUlOtia"],[4,4291989154]]],[1,"a1HKZtSCpBypj+zWtLlQmV",null,null,null,1,0],[1,64,0,0]],[4,"label_num",33554432,33,[[2,-211,[0,"071E+Ho7NC/LHpeADkTshp"],[5,30.03,30.24],[0,0,0.5]],[6,"500",0,18,18,24,-212,[0,"bbat4mWktAHrti+nFCV3Zr"],[4,4291989154]]],[1,"28rMu1eXxN/qOMSu73PJIu",null,null,null,1,0],[1,55,0,0]],[4,"label_num",33554432,34,[[2,-213,[0,"1e/tLv/I5P56AELRIT9fqI"],[5,30.03,30.24],[0,0,0.5]],[6,"250",0,18,18,24,-214,[0,"93znbt2RlCJ4d//aZsPeEj"],[4,4291989154]]],[1,"ebLY7dan9PobL3f8LXUVZ6",null,null,null,1,0],[1,66,0,0]],[4,"label_num",33554432,35,[[2,-215,[0,"b64gFbgP5AvbPNAGezj9Yc"],[5,30.03,30.24],[0,0,0.5]],[6,"100",0,18,18,24,-216,[0,"07LCSXjhBF1bk52efMmvt3"],[4,4291989154]]],[1,"3e7d2wzU9J5L+XDQRisLF+",null,null,null,1,0],[1,64,0,0]],[4,"label_num",33554432,36,[[2,-217,[0,"78/bGINkhKx4y3sCm5PTmA"],[5,30.03,30.24],[0,0,0.5]],[6,"500",0,18,18,24,-218,[0,"32LwP14ZFFQo2Ckcq+nqdk"],[4,4291989154]]],[1,"58GVlDCgxP0bLbGoQN1Pyz",null,null,null,1,0],[1,55,0,0]],[4,"label_num",33554432,37,[[2,-219,[0,"9dEQ/TC59KcL2Q4tvITqxO"],[5,30.03,30.24],[0,0,0.5]],[6,"250",0,18,18,24,-220,[0,"99gQjE6mNNK4IEeoUcMf2Y"],[4,4291989154]]],[1,"54B4/BEjFMxZb5xLLseRB8",null,null,null,1,0],[1,66,0,0]],[4,"label_num",33554432,38,[[2,-221,[0,"f4H0nVQbVPya0pk+W/fNKW"],[5,30.03,30.24],[0,0,0.5]],[6,"100",0,18,18,24,-222,[0,"c3Mhm3mkpGrbxl3m1BFvOm"],[4,4291989154]]],[1,"4fyit33AxGJa8JSxToUfRi",null,null,null,1,0],[1,64,0,0]],[4,"label_num",33554432,39,[[2,-223,[0,"3axW9Z1wdCBrVnDpoS0Fn/"],[5,30.03,30.24],[0,0,0.5]],[6,"500",0,18,18,24,-224,[0,"e3s0mz+iVCIoIg/KNQFUKu"],[4,4291989154]]],[1,"88J8NjXWlAUp/f38Z98jk5",null,null,null,1,0],[1,55,0,0]],[4,"label_num",33554432,40,[[2,-225,[0,"d6EgT0U/VIpYKOGxMaoJYf"],[5,30.03,30.24],[0,0,0.5]],[6,"250",0,18,18,24,-226,[0,"23jdWfTOZE4oY7cV25LnyK"],[4,4291989154]]],[1,"bbgTmS4zpB6piuiyCnfxlk",null,null,null,1,0],[1,66,0,0]],[4,"label_num",33554432,41,[[2,-227,[0,"a0eqkefndG3bGrF0oqcnAq"],[5,30.03,30.24],[0,0,0.5]],[6,"100",0,18,18,24,-228,[0,"86iB+/hbBB0JwCZGn4VYWp"],[4,4291989154]]],[1,"93zdg/h8pBI5zoi/E/Zny2",null,null,null,1,0],[1,64,0,0]],[4,"label_num",33554432,42,[[2,-229,[0,"2cqZk22ghJHa1eYYjrK+BN"],[5,30.03,30.24],[0,0,0.5]],[6,"500",0,18,18,24,-230,[0,"4dZHxsgYxECYTNvfHFaoGa"],[4,4291989154]]],[1,"c1zZcCM7RIfYDmPTjz8wXh",null,null,null,1,0],[1,55,0,0]],[4,"label_num",33554432,43,[[2,-231,[0,"14TjVC3URJca+Cd+r3D2FY"],[5,30.03,30.24],[0,0,0.5]],[6,"250",0,18,18,24,-232,[0,"c3/9udB+REBKoiOpUz8blJ"],[4,4291989154]]],[1,"119CTHFM5CToEfwmwJZDp6",null,null,null,1,0],[1,66,0,0]],[4,"label_num",33554432,44,[[2,-233,[0,"794ntwfj9E/LFjFOmtsKr5"],[5,30.03,30.24],[0,0,0.5]],[6,"100",0,18,18,24,-234,[0,"davLrYY/9Aw7UrQ2QiVy2P"],[4,4291989154]]],[1,"56pf79OUZOhq3EvODVfPNs",null,null,null,1,0],[1,64,0,0]],[4,"label_num",33554432,45,[[2,-235,[0,"bel2rpHD5Nkbeu96qgSHQ/"],[5,60.06,30.24],[0,0,0.5]],[10,"2,000",0,24,24,24,true,-236,[0,"57U2sbGQ1Fro/kxwOKLfqu"],[4,4291989154]]],[1,"0anwL6R0JLa4/Tz4elmDUa",null,null,null,1,0],[1,66.11899999999997,0,0]],[4,"label_num",33554432,46,[[2,-237,[0,"30BJxHmZ1EC6GXdyhvus6f"],[5,40.04,30.24],[0,0,0.5]],[10,"100",0,24,24,24,true,-238,[0,"aesh1IhcxPaLrtSMCvHng5"],[4,4291989154]]],[1,"cazo96yz1HqocZciYyY5Hs",null,null,null,1,0],[1,66.11899999999997,0,0]],[4,"label_num",33554432,47,[[2,-239,[0,"85bmFAHN9CcYcerRB2f/Gn"],[5,26.7,30.24],[0,0,0.5]],[10,"60",0,24,24,24,true,-240,[0,"39UL9BDvNEvIK02hrkmAiQ"],[4,4291989154]]],[1,"e1DtQNe29LMprr/XRZ4oDr",null,null,null,1,0],[1,66.11899999999997,0,0]],[3,"page2",33554432,3,[-242],[[7,-241,[0,"6fST82Dc5IdLTZvVZVp5Jp"],[5,950,540]]],[1,"07ttkK/SNOX6cZaV+7tBw6",null,null,null,1,0],[1,1425,0,0]],[12,"spr_page2",33554432,82,[[7,-243,[0,"5balkOlulNJYCqZiOe8Who"],[5,888,499]],[8,-244,[0,"1anRH7QkhG7rPUEJgnoHDR"],6,7]],[1,"5aYGqRJyRI+qzyHz7Nlyav",null,null,null,1,0]],[3,"page3",33554432,3,[-246],[[7,-245,[0,"b2j9cLW0FCPYy6nPR9s0SG"],[5,950,540]]],[1,"44oyvHvEdPjYrdQIrOqP5w",null,null,null,1,0],[1,2375,0,0]],[4,"spr_page3",33554432,84,[[7,-247,[0,"95OH18CTlCfo+T4Ecc/M5J"],[5,926,411]],[8,-248,[0,"7bpwAKzYZDjZ/EUvYUaqdQ"],8,9]],[1,"44AoRbKHBPdYoBP0jLXNnE",null,null,null,1,0],[1,0,35,0]],[3,"page4",33554432,3,[-250],[[7,-249,[0,"2dcmfjxR1Cdb8SWXXesuMi"],[5,950,540]]],[1,"e4Ax7mTKdMMJK4q3YbVUN3",null,null,null,1,0],[1,3325,0,0]],[4,"spr_page4",33554432,86,[[7,-251,[0,"50ioKqWxNNzLbKU1JklZJF"],[5,879,362]],[8,-252,[0,"3e/U8las1DDZhN8ArlbW7b"],10,11]],[1,"cdROWRJghMz4WC18GAKLTD",null,null,null,1,0],[1,0,55,0]],[19,"indicator",33554432,4,[[[7,-253,[0,"faUVyPbH9Ly4a4fe7ezfs3"],[5,500,60]],-254],4,1],[1,"e7rwqnSOlFB7AtOLodNJd+",null,null,null,1,0],[1,0,-280,0]],[27,10,88,[0,"8dqP4TiOpFC7EouuOVvrNc"],[5,28,28]]],0,[0,6,1,0,0,1,0,-1,4,0,-2,16,0,-3,48,0,-4,49,0,0,2,0,0,2,0,-1,6,0,-2,7,0,-3,8,0,-4,9,0,-5,10,0,-6,11,0,-7,12,0,-8,13,0,-9,14,0,-10,15,0,0,3,0,0,3,0,-1,51,0,-2,82,0,-3,84,0,-4,86,0,0,4,0,0,4,0,7,89,0,0,4,0,-1,17,0,-2,5,0,-3,88,0,0,5,0,0,5,0,0,5,0,0,6,0,-1,18,0,-2,19,0,-3,20,0,0,7,0,-1,21,0,-2,22,0,-3,23,0,0,8,0,-1,24,0,-2,25,0,-3,26,0,0,9,0,-1,27,0,-2,28,0,-3,29,0,0,10,0,-1,30,0,-2,31,0,-3,32,0,0,11,0,-1,33,0,-2,34,0,-3,35,0,0,12,0,-1,36,0,-2,37,0,-3,38,0,0,13,0,-1,39,0,-2,40,0,-3,41,0,0,14,0,-1,42,0,-2,43,0,-3,44,0,0,15,0,-1,45,0,-2,46,0,-3,47,0,0,16,0,0,16,0,8,16,0,0,16,0,0,17,0,0,17,0,-1,50,0,0,18,0,0,18,0,-1,52,0,0,19,0,0,19,0,-1,53,0,0,20,0,0,20,0,-1,54,0,0,21,0,0,21,0,-1,55,0,0,22,0,0,22,0,-1,56,0,0,23,0,0,23,0,-1,57,0,0,24,0,0,24,0,-1,58,0,0,25,0,0,25,0,-1,59,0,0,26,0,0,26,0,-1,60,0,0,27,0,0,27,0,-1,61,0,0,28,0,0,28,0,-1,62,0,0,29,0,0,29,0,-1,63,0,0,30,0,0,30,0,-1,64,0,0,31,0,0,31,0,-1,65,0,0,32,0,0,32,0,-1,66,0,0,33,0,0,33,0,-1,67,0,0,34,0,0,34,0,-1,68,0,0,35,0,0,35,0,-1,69,0,0,36,0,0,36,0,-1,70,0,0,37,0,0,37,0,-1,71,0,0,38,0,0,38,0,-1,72,0,0,39,0,0,39,0,-1,73,0,0,40,0,0,40,0,-1,74,0,0,41,0,0,41,0,-1,75,0,0,42,0,0,42,0,-1,76,0,0,43,0,0,43,0,-1,77,0,0,44,0,0,44,0,-1,78,0,0,45,0,0,45,0,-1,79,0,0,46,0,0,46,0,-1,80,0,0,47,0,0,47,0,-1,81,0,0,48,0,0,48,0,0,48,0,0,49,0,0,49,0,0,49,0,0,50,0,0,50,0,0,51,0,0,52,0,0,52,0,0,53,0,0,53,0,0,54,0,0,54,0,0,55,0,0,55,0,0,56,0,0,56,0,0,57,0,0,57,0,0,58,0,0,58,0,0,59,0,0,59,0,0,60,0,0,60,0,0,61,0,0,61,0,0,62,0,0,62,0,0,63,0,0,63,0,0,64,0,0,64,0,0,65,0,0,65,0,0,66,0,0,66,0,0,67,0,0,67,0,0,68,0,0,68,0,0,69,0,0,69,0,0,70,0,0,70,0,0,71,0,0,71,0,0,72,0,0,72,0,0,73,0,0,73,0,0,74,0,0,74,0,0,75,0,0,75,0,0,76,0,0,76,0,0,77,0,0,77,0,0,78,0,0,78,0,0,79,0,0,79,0,0,80,0,0,80,0,0,81,0,0,81,0,0,82,0,-1,83,0,0,83,0,0,83,0,0,84,0,-1,85,0,0,85,0,0,85,0,0,86,0,-1,87,0,0,87,0,0,87,0,0,88,0,-2,89,0,9,1,2,4,51,3,4,5,254],[0,0,0,0,0,0,0,0,0,0,0,0,0,0,0,0,0,0,0,0,0,0,0,89],[1,2,1,2,1,2,1,2,1,2,1,2,1,2,1,2,3,1,2,3,1,2,3,1],[4,0,5,0,6,0,7,0,8,0,9,0,10,0,1,0,1,1,0,1,2,0,2,11]]]]
