[1,["68qM1U2G1HIZj/WAf8xGMM","b1IaovCH9A9ogIYAynGEsU@6c48a","acNmgfP2VOQKWMI85GhV13@6c48a","78S0Dgu+VCdrstgcmMEkTf","bcE/rg3wVPi7NhFD9mON7E","55vuZRTMNHHZZzG30byonC@f9941","36fx9x3/tLRZlMt0XHSAuP","18dxpuWuVKLrJgKu9krSHs","68Y4X+ACRNWaNDGHBjGgI/","2fWgBoML9Jr5HqqT85mY2n","9bsmw4YiVCH7PXMqFXnNd7@6c48a","fdr2CqgdhIIYEPsYsvqS0Z@6c48a"],["node","_skeletonData","_font","root","data","_parent","_spriteFrame","_atlas","_defaultClip"],[["cc.Node",["_name","_active","_components","_prefab","_parent","_children","_lpos"],1,9,4,1,2,5],["cc.UITransform",["node","__prefab","_contentSize","_anchorPoint"],3,1,4,5,5],["sp.Skeleton",["defaultSkin","defaultAnimation","_premultipliedAlpha","_preCacheMode","loop","node","__prefab","_skeletonData"],-2,1,4,6],"cc.SpriteAtlas",["sp.SkeletonData",["_name","_atlasText","textureNames","_skeletonJson","textures"],-1,3],["cc.Prefab",["_name"],2],["cc.CompPrefabInfo",["fileId"],2],["cc.PrefabInfo",["fileId","instance","targetOverrides","nestedPrefabInstanceRoots","root","asset"],-1,1,1],["cc.Widget",["_alignFlags","_originalWidth","_originalHeight","node","__prefab"],0,1,4],["cc.Label",["_string","_actualFontSize","_fontSize","_isSystemFontUsed","node","__prefab","_font"],-1,1,4,6],["cc.Animation",["node","__prefab","_clips","_defaultClip"],3,1,4,3,6],["cc.Sprite",["_sizeMode","_isTrimmedMode","node","__prefab","_spriteFrame","_atlas"],1,1,4,6,6]],[[6,0,2],[7,0,1,2,3,4,5,5],[1,0,1,2,1],[4,0,1,2,3,4,5],[0,0,4,2,3,2],[9,0,1,2,3,4,5,6,5],[2,0,1,2,3,4,5,6,7,6],[5,0,2],[0,0,5,2,3,2],[0,0,4,5,2,3,2],[0,0,2,3,6,2],[0,0,4,2,3,6,2],[0,0,1,4,2,3,3],[0,0,1,4,5,2,3,3],[1,0,1,2,3,1],[1,0,1,1],[8,0,1,2,3,4,4],[10,0,1,2,3,1],[2,0,1,2,3,5,6,7,5],[11,0,1,2,3,4,5,3]],[[[[3,"st_icon_xs_tx","\r\nst_icon_xs_tx.png\r\nsize: 1024,1024\r\nformat: RGBA8888\r\nfilter: Linear,Linear\r\nrepeat: none\r\nTB_xiaoshi_tx/TB_xiaoshi_tx_00\r\n  rotate: false\r\n  xy: 2, 564\r\n  size: 429, 445\r\n  orig: 483, 465\r\n  offset: 6, 20\r\n  index: -1\r\nTB_xiaoshi_tx/TB_xiaoshi_tx_02\r\n  rotate: false\r\n  xy: 2, 111\r\n  size: 416, 451\r\n  orig: 483, 465\r\n  offset: 6, 12\r\n  index: -1\r\nTB_xiaoshi_tx/TB_xiaoshi_tx_04\r\n  rotate: false\r\n  xy: 433, 587\r\n  size: 402, 422\r\n  orig: 483, 465\r\n  offset: 15, 22\r\n  index: -1\r\nTB_xiaoshi_tx/TB_xiaoshi_tx_06\r\n  rotate: true\r\n  xy: 433, 193\r\n  size: 392, 409\r\n  orig: 483, 465\r\n  offset: 22, 24\r\n  index: -1\r\nTB_xiaoshi_tx/TB_xiaoshi_tx_16\r\n  rotate: true\r\n  xy: 420, 2\r\n  size: 189, 253\r\n  orig: 483, 465\r\n  offset: 143, 101\r\n  index: -1\r\nTB_xiaoshi_tx/TB_xiaoshi_tx_18\r\n  rotate: false\r\n  xy: 837, 828\r\n  size: 181, 181\r\n  orig: 483, 465\r\n  offset: 151, 142\r\n  index: -1\r\n\r\nst_icon_xs_tx2.png\r\nsize: 1024,1024\r\nformat: RGBA8888\r\nfilter: Linear,Linear\r\nrepeat: none\r\nTB_xiaoshi_tx/TB_xiaoshi_tx_08\r\n  rotate: false\r\n  xy: 2, 354\r\n  size: 371, 390\r\n  orig: 483, 465\r\n  offset: 34, 25\r\n  index: -1\r\nTB_xiaoshi_tx/TB_xiaoshi_tx_10\r\n  rotate: false\r\n  xy: 2, 2\r\n  size: 353, 350\r\n  orig: 483, 465\r\n  offset: 57, 38\r\n  index: -1\r\nTB_xiaoshi_tx/TB_xiaoshi_tx_12\r\n  rotate: false\r\n  xy: 375, 427\r\n  size: 331, 317\r\n  orig: 483, 465\r\n  offset: 77, 49\r\n  index: -1\r\nTB_xiaoshi_tx/TB_xiaoshi_tx_14\r\n  rotate: false\r\n  xy: 708, 448\r\n  size: 311, 296\r\n  orig: 483, 465\r\n  offset: 89, 61\r\n  index: -1\r\n",["st_icon_xs_tx.png","st_icon_xs_tx2.png"],{"skeleton":{"hash":"o/G2OiKgN9xs7ul4nBG5Zg8TyBU","spine":"3.6.53","width":0,"height":0,"images":""},"bones":[{"name":"root"},{"name":"tb_xs","parent":"root"}],"slots":[{"name":"TB_xiaoshi_tx/TB_xiaoshi_tx_00","bone":"tb_xs","blend":"additive"}],"skins":{"default":{"TB_xiaoshi_tx/TB_xiaoshi_tx_00":{"TB_xiaoshi_tx/TB_xiaoshi_tx_00":{"width":483,"height":465},"TB_xiaoshi_tx/TB_xiaoshi_tx_02":{"width":483,"height":465},"TB_xiaoshi_tx/TB_xiaoshi_tx_04":{"width":483,"height":465},"TB_xiaoshi_tx/TB_xiaoshi_tx_06":{"width":483,"height":465},"TB_xiaoshi_tx/TB_xiaoshi_tx_08":{"width":483,"height":465},"TB_xiaoshi_tx/TB_xiaoshi_tx_10":{"width":483,"height":465},"TB_xiaoshi_tx/TB_xiaoshi_tx_12":{"width":483,"height":465},"TB_xiaoshi_tx/TB_xiaoshi_tx_14":{"width":483,"height":465},"TB_xiaoshi_tx/TB_xiaoshi_tx_16":{"width":483,"height":465},"TB_xiaoshi_tx/TB_xiaoshi_tx_18":{"width":483,"height":465}}}},"animations":{"animation":{"slots":{"TB_xiaoshi_tx/TB_xiaoshi_tx_00":{"attachment":[{"time":0,"name":"TB_xiaoshi_tx/TB_xiaoshi_tx_00"},{"time":0.0667,"name":"TB_xiaoshi_tx/TB_xiaoshi_tx_02"},{"time":0.1333,"name":"TB_xiaoshi_tx/TB_xiaoshi_tx_04"},{"time":0.2,"name":"TB_xiaoshi_tx/TB_xiaoshi_tx_06"},{"time":0.2667,"name":"TB_xiaoshi_tx/TB_xiaoshi_tx_08"},{"time":0.3333,"name":"TB_xiaoshi_tx/TB_xiaoshi_tx_10"},{"time":0.4,"name":"TB_xiaoshi_tx/TB_xiaoshi_tx_12"},{"time":0.4667,"name":"TB_xiaoshi_tx/TB_xiaoshi_tx_14"},{"time":0.5333,"name":"TB_xiaoshi_tx/TB_xiaoshi_tx_16"},{"time":0.6,"name":"TB_xiaoshi_tx/TB_xiaoshi_tx_18"},{"time":0.6667,"name":null}]}}}}},[0,1]]],0,0,[0,0],[-1,-2],[1,2]],[[{"name":"auto-bigIcon","spriteFrames":["icon_xggz_scatter","8bFawpVaZDy5UP6wdRTgZm@f9941","icon_xggz_lanxin","9eO+IUan9Hw5zb99m1x5vj@f9941","icon_xggz_lvxin","40+mLe53RCsa15MzMaCh2k@f9941","icon_xggz_hongxin","55vuZRTMNHHZZzG30byonC@f9941","icon_xggz_huangxin","bcXGkbjYtLIrF6yfc+YwZm@f9941","icon_xggz_yueliang","5ee9kgc6dFMJrYvv7+oPP4@f9941","icon_xggz_xin","2brwW5NEJOzIxmpfIwm+jz@f9941","icon_xggz_lanlv","96tuNbGiVCm5kMyoeHtyu8@f9941","icon_xggz_taiyang","71IKLQGaFLVLbeZhk8VLou@f9941","icon_xggz_star","6e8iuHAqlBQ4xtFaiYRzQ0@f9941","icon_xggz_lv","7dP0DoobBEloAxPZw/Yt17@f9941","icon_xggz_hong","e3SvuUkNNIy6PYjGxPEOPE@f9941","icon_xggz_huang","9fMvdN3W9PJKYLvx3o3mFj@f9941","icon_xggz_lan","bbHPX5KKRBp5rckV1FrvZu@f9941"]}],[3],0,[],[],[]],[[[7,"prefab_starlight_iconCar"],[8,"prefab_starlight_iconCar",[-3,-4,-5,-6,-7],[[2,-2,[0,"e69ySR6OFI7Jkmywbg/uyW"],[5,150,118]]],[1,"c46/YsCPVOJYA4mWEpNYRx",null,null,null,-1,0]],[9,"props_iconWrap",1,[-10,-11],[[2,-8,[0,"6dTF3JGDRGb610T86ggQaj"],[5,150,118]],[16,45,166.14,163.34,-9,[0,"a8/7n71IlDbI/lFfooWH3F"]]],[1,"958GX0sKpEf5MuZenLkKUG",null,null,null,1,0]],[10,"props_iconId",[[2,-12,[0,"4csUVM/CZLLr0QbIsOlxgP"],[5,74.46,40]],[5,"50",20.4,20.4,false,-13,[0,"06fYQz6g9CZ5O3PhnjfOMM"],6],[17,-14,[0,"daH6dedH1BkYxjcG9bVq9d"],[7],8]],[1,"50dcaa+LFBDosho0CyJKyp",null,null,null,1,0],[1,0,-20,0]],[11,"props_focusBorder",1,[[2,-15,[0,"2chWJdaGZFg7hDRJ1Tt4is"],[5,0,0]],[18,"default","animation",false,0,-16,[0,"7aZPX456pGa7yw4CeR0VDo"],0]],[1,"594qYbZINJQom1bBtM2heL",null,null,null,1,0],[1,1,0,0]],[4,"iconNode_skeleton",2,[[14,-17,[0,"0e/9KmKLlKx6MsN4JwzQyp"],[5,583.86,583.86],[0,0.5025691090329873,0.505908950775871]],[6,"default","animation",false,0,false,-18,[0,"d6igEcAXVCdIpJ0FQbw1Sd"],1]],[1,"8diOzoTcBBpK1zr49p6QyA",null,null,null,1,0]],[4,"iconNode_sprite",2,[[2,-19,[0,"a7NNgcebZCn4wblAvh6D+b"],[5,133,142]],[19,2,false,-20,[0,"f5H6NNeKtDjJvRAYsX183o"],2,3]],[1,"bc7OnvHipIMqBdMgwv2QCq",null,null,null,1,0]],[12,"props_skeleton_bomb",false,1,[[2,-21,[0,"203kDZqKRH2r1KxTUL5Aae"],[5,0,0]],[6,"default","animation",false,0,false,-22,[0,"f7naCd6xFDLZuLJQr3aZNS"],4]],[1,"d0gyhWAkhDy44jqTNSwAHx",null,null,null,1,0]],[4,"props_label_rate_num",1,[[2,-23,[0,"82waafTxRHx6RGQaWYD3sb"],[5,45.5,40]],[5,"4x",28,28,false,-24,[0,"30VW8RNwVPd6aLGuNbrIP6"],5]],[1,"9ergeTHGVLe71Jm4dQZt9b",null,null,null,1,0]],[13,"props_win_number",false,1,[3],[[15,-25,[0,"b1ih1QWqlFIpfa2QnL3Zvx"]]],[1,"1c1JbzxvxE4oWgBuHCkylS",null,null,null,1,0]]],0,[0,3,1,0,0,1,0,-1,4,0,-2,2,0,-3,7,0,-4,8,0,-5,9,0,0,2,0,0,2,0,-1,5,0,-2,6,0,0,3,0,0,3,0,0,3,0,0,4,0,0,4,0,0,5,0,0,5,0,0,6,0,0,6,0,0,7,0,0,7,0,0,8,0,0,8,0,0,9,0,4,1,3,5,9,25],[0,0,0,0,0,0,0,0,0],[1,1,6,7,1,2,2,-1,8],[3,4,5,6,7,8,9,0,0]],[[[3,"st_icon_tx_kk","\r\nst_icon_tx_kk.png\r\nsize: 1024,1024\r\nformat: RGBA8888\r\nfilter: Linear,Linear\r\nrepeat: none\r\nst_icon_tx_kk/st_icon_tx_kk_00\r\n  rotate: false\r\n  xy: 682, 521\r\n  size: 217, 171\r\n  orig: 260, 171\r\n  offset: 17, 0\r\n  index: -1\r\nst_icon_tx_kk/st_icon_tx_kk_02\r\n  rotate: false\r\n  xy: 451, 348\r\n  size: 218, 171\r\n  orig: 260, 171\r\n  offset: 17, 0\r\n  index: -1\r\nst_icon_tx_kk/st_icon_tx_kk_04\r\n  rotate: false\r\n  xy: 228, 348\r\n  size: 221, 171\r\n  orig: 260, 171\r\n  offset: 13, 0\r\n  index: -1\r\nst_icon_tx_kk/st_icon_tx_kk_06\r\n  rotate: false\r\n  xy: 2, 694\r\n  size: 231, 171\r\n  orig: 260, 171\r\n  offset: 5, 0\r\n  index: -1\r\nst_icon_tx_kk/st_icon_tx_kk_08\r\n  rotate: false\r\n  xy: 2, 521\r\n  size: 231, 171\r\n  orig: 260, 171\r\n  offset: 4, 0\r\n  index: -1\r\nst_icon_tx_kk/st_icon_tx_kk_10\r\n  rotate: false\r\n  xy: 2, 348\r\n  size: 224, 171\r\n  orig: 260, 171\r\n  offset: 17, 0\r\n  index: -1\r\nst_icon_tx_kk/st_icon_tx_kk_12\r\n  rotate: false\r\n  xy: 235, 694\r\n  size: 226, 171\r\n  orig: 260, 171\r\n  offset: 16, 0\r\n  index: -1\r\nst_icon_tx_kk/st_icon_tx_kk_14\r\n  rotate: false\r\n  xy: 2, 2\r\n  size: 219, 171\r\n  orig: 260, 171\r\n  offset: 17, 0\r\n  index: -1\r\nst_icon_tx_kk/st_icon_tx_kk_16\r\n  rotate: false\r\n  xy: 235, 521\r\n  size: 222, 171\r\n  orig: 260, 171\r\n  offset: 16, 0\r\n  index: -1\r\nst_icon_tx_kk/st_icon_tx_kk_18\r\n  rotate: false\r\n  xy: 463, 694\r\n  size: 222, 171\r\n  orig: 260, 171\r\n  offset: 17, 0\r\n  index: -1\r\nst_icon_tx_kk/st_icon_tx_kk_20\r\n  rotate: false\r\n  xy: 2, 175\r\n  size: 222, 171\r\n  orig: 260, 171\r\n  offset: 17, 0\r\n  index: -1\r\nst_icon_tx_kk/st_icon_tx_kk_22\r\n  rotate: false\r\n  xy: 459, 521\r\n  size: 221, 171\r\n  orig: 260, 171\r\n  offset: 16, 0\r\n  index: -1\r\nst_icon_tx_kk/st_icon_tx_kk_24\r\n  rotate: false\r\n  xy: 226, 175\r\n  size: 219, 171\r\n  orig: 260, 171\r\n  offset: 17, 0\r\n  index: -1\r\nst_icon_tx_kk/st_icon_tx_kk_26\r\n  rotate: false\r\n  xy: 687, 694\r\n  size: 220, 171\r\n  orig: 260, 171\r\n  offset: 15, 0\r\n  index: -1\r\nst_icon_tx_kk/st_icon_tx_kk_28\r\n  rotate: false\r\n  xy: 223, 2\r\n  size: 217, 171\r\n  orig: 260, 171\r\n  offset: 17, 0\r\n  index: -1\r\n",["st_icon_tx_kk.png"],{"skeleton":{"hash":"DT1sy9NVNPhaMaCo3PNCWTstV+o","spine":"3.6.53","width":0,"height":0,"images":""},"bones":[{"name":"root"},{"name":"icon_tx_kk","parent":"root"}],"slots":[{"name":"st_icon_tx_kk/st_icon_tx_kk_00","bone":"icon_tx_kk","blend":"additive"}],"skins":{"default":{"st_icon_tx_kk/st_icon_tx_kk_00":{"st_icon_tx_kk/st_icon_tx_kk_00":{"width":260,"height":171},"st_icon_tx_kk/st_icon_tx_kk_02":{"width":260,"height":171},"st_icon_tx_kk/st_icon_tx_kk_04":{"width":260,"height":171},"st_icon_tx_kk/st_icon_tx_kk_06":{"width":260,"height":171},"st_icon_tx_kk/st_icon_tx_kk_08":{"width":260,"height":171},"st_icon_tx_kk/st_icon_tx_kk_10":{"width":260,"height":171},"st_icon_tx_kk/st_icon_tx_kk_12":{"width":260,"height":171},"st_icon_tx_kk/st_icon_tx_kk_14":{"width":260,"height":171},"st_icon_tx_kk/st_icon_tx_kk_16":{"width":260,"height":171},"st_icon_tx_kk/st_icon_tx_kk_18":{"width":260,"height":171},"st_icon_tx_kk/st_icon_tx_kk_20":{"width":260,"height":171},"st_icon_tx_kk/st_icon_tx_kk_22":{"width":260,"height":171},"st_icon_tx_kk/st_icon_tx_kk_24":{"width":260,"height":171},"st_icon_tx_kk/st_icon_tx_kk_26":{"width":260,"height":171},"st_icon_tx_kk/st_icon_tx_kk_28":{"width":260,"height":171}}}},"animations":{"animation":{"slots":{"st_icon_tx_kk/st_icon_tx_kk_00":{"attachment":[{"time":0,"name":"st_icon_tx_kk/st_icon_tx_kk_00"},{"time":0.0667,"name":"st_icon_tx_kk/st_icon_tx_kk_02"},{"time":0.1333,"name":"st_icon_tx_kk/st_icon_tx_kk_04"},{"time":0.2,"name":"st_icon_tx_kk/st_icon_tx_kk_06"},{"time":0.2667,"name":"st_icon_tx_kk/st_icon_tx_kk_08"},{"time":0.3333,"name":"st_icon_tx_kk/st_icon_tx_kk_10"},{"time":0.4,"name":"st_icon_tx_kk/st_icon_tx_kk_12"},{"time":0.4667,"name":"st_icon_tx_kk/st_icon_tx_kk_14"},{"time":0.5333,"name":"st_icon_tx_kk/st_icon_tx_kk_16"},{"time":0.6,"name":"st_icon_tx_kk/st_icon_tx_kk_18"},{"time":0.6667,"name":"st_icon_tx_kk/st_icon_tx_kk_20"},{"time":0.7333,"name":"st_icon_tx_kk/st_icon_tx_kk_22"},{"time":0.8,"name":"st_icon_tx_kk/st_icon_tx_kk_24"},{"time":0.8667,"name":"st_icon_tx_kk/st_icon_tx_kk_26"},{"time":0.9333,"name":"st_icon_tx_kk/st_icon_tx_kk_28"}]}}}}},[0]]],0,0,[0],[-1],[10]],[[[3,"icon_bl","\r\nicon_bl.png\r\nsize: 2048,2048\r\nformat: RGBA8888\r\nfilter: Linear,Linear\r\nrepeat: none\r\nb\r\n  rotate: true\r\n  xy: 85, 1253\r\n  size: 107, 195\r\n  orig: 107, 195\r\n  offset: 0, 0\r\n  index: -1\r\nbg\r\n  rotate: false\r\n  xy: 2, 1038\r\n  size: 263, 213\r\n  orig: 263, 213\r\n  offset: 0, 0\r\n  index: -1\r\nbg2\r\n  rotate: false\r\n  xy: 267, 1020\r\n  size: 264, 229\r\n  orig: 264, 229\r\n  offset: 0, 0\r\n  index: -1\r\nbx\r\n  rotate: false\r\n  xy: 1782, 1174\r\n  size: 239, 186\r\n  orig: 239, 186\r\n  offset: 0, 0\r\n  index: -1\r\ndg2\r\n  rotate: false\r\n  xy: 1118, 2\r\n  size: 604, 426\r\n  orig: 604, 426\r\n  offset: 0, 0\r\n  index: -1\r\ng\r\n  rotate: true\r\n  xy: 282, 1251\r\n  size: 109, 195\r\n  orig: 109, 195\r\n  offset: 0, 0\r\n  index: -1\r\ngx\r\n  rotate: false\r\n  xy: 1298, 1178\r\n  size: 239, 182\r\n  orig: 239, 182\r\n  offset: 0, 0\r\n  index: -1\r\nhg\r\n  rotate: false\r\n  xy: 2, 1311\r\n  size: 81, 49\r\n  orig: 81, 49\r\n  offset: 0, 0\r\n  index: -1\r\nimg/tx_lizi01_00\r\n  rotate: false\r\n  xy: 533, 808\r\n  size: 370, 370\r\n  orig: 370, 370\r\n  offset: 0, 0\r\n  index: -1\r\nimg/tx_lizi01_01\r\n  rotate: false\r\n  xy: 905, 807\r\n  size: 370, 370\r\n  orig: 370, 370\r\n  offset: 0, 0\r\n  index: -1\r\nimg/tx_lizi01_02\r\n  rotate: false\r\n  xy: 1277, 803\r\n  size: 370, 370\r\n  orig: 370, 370\r\n  offset: 0, 0\r\n  index: -1\r\nimg/tx_lizi01_03\r\n  rotate: false\r\n  xy: 1649, 802\r\n  size: 370, 370\r\n  orig: 370, 370\r\n  offset: 0, 0\r\n  index: -1\r\nimg/tx_lizi01_04\r\n  rotate: false\r\n  xy: 2, 648\r\n  size: 370, 370\r\n  orig: 370, 370\r\n  offset: 0, 0\r\n  index: -1\r\nimg/tx_lizi01_05\r\n  rotate: false\r\n  xy: 374, 436\r\n  size: 370, 370\r\n  orig: 370, 370\r\n  offset: 0, 0\r\n  index: -1\r\nimg/tx_lizi01_06\r\n  rotate: false\r\n  xy: 746, 435\r\n  size: 370, 370\r\n  orig: 370, 370\r\n  offset: 0, 0\r\n  index: -1\r\nimg/tx_lizi01_07\r\n  rotate: false\r\n  xy: 1118, 431\r\n  size: 370, 370\r\n  orig: 370, 370\r\n  offset: 0, 0\r\n  index: -1\r\nimg/tx_lizi01_08\r\n  rotate: false\r\n  xy: 1490, 430\r\n  size: 370, 370\r\n  orig: 370, 370\r\n  offset: 0, 0\r\n  index: -1\r\nimg/tx_lizi01_09\r\n  rotate: false\r\n  xy: 2, 276\r\n  size: 370, 370\r\n  orig: 370, 370\r\n  offset: 0, 0\r\n  index: -1\r\nimg/tx_lizi01_10\r\n  rotate: false\r\n  xy: 374, 64\r\n  size: 370, 370\r\n  orig: 370, 370\r\n  offset: 0, 0\r\n  index: -1\r\nimg/tx_lizi01_11\r\n  rotate: false\r\n  xy: 746, 63\r\n  size: 370, 370\r\n  orig: 370, 370\r\n  offset: 0, 0\r\n  index: -1\r\nr\r\n  rotate: true\r\n  xy: 479, 1251\r\n  size: 109, 195\r\n  orig: 109, 195\r\n  offset: 0, 0\r\n  index: -1\r\nrx\r\n  rotate: false\r\n  xy: 873, 1180\r\n  size: 238, 180\r\n  orig: 238, 180\r\n  offset: 0, 0\r\n  index: -1\r\ny\r\n  rotate: true\r\n  xy: 676, 1251\r\n  size: 109, 195\r\n  orig: 109, 195\r\n  offset: 0, 0\r\n  index: -1\r\nyx\r\n  rotate: false\r\n  xy: 1539, 1175\r\n  size: 241, 185\r\n  orig: 241, 185\r\n  offset: 0, 0\r\n  index: -1\r\n扫光\r\n  rotate: true\r\n  xy: 1113, 1179\r\n  size: 181, 183\r\n  orig: 181, 183\r\n  offset: 0, 0\r\n  index: -1\r\n",["icon_bl.png"],{"skeleton":{"hash":"vIjtDdw8y6f1qmw3Ov+p6yr3Ik4","spine":"3.8.99","x":-293.43,"y":-295.38,"width":583.86,"height":583.86,"images":"./bl/","audio":"E:/ui/starlight princess/animation/icon/bl1"},"bones":[{"name":"root","scaleX":0.5,"scaleY":0.5},{"name":"all","parent":"root","y":-16.81},{"name":"bone","parent":"all","color":"ff2222ff"},{"name":"dg2","parent":"bone","x":-0.14,"y":-76.91,"color":"ff2222ff"},{"name":"ax","parent":"dg2","x":-1.06,"y":74.35},{"name":"ax2","parent":"dg2","x":-1.06,"y":74.35},{"name":"bg1","parent":"dg2","x":-0.34,"y":72.95,"color":"ffffffff"},{"name":"bg2","parent":"bg1","length":112.71,"rotation":132.73,"x":-89.19,"y":33.79,"color":"ffffffff"},{"name":"bg3","parent":"dg2","x":-0.34,"y":72.95,"color":"ec26ffff"},{"name":"bg4","parent":"bg3","length":112.71,"rotation":132.73,"x":-89.19,"y":33.79,"color":"ffffffff"},{"name":"bone2","parent":"bone","x":0.35,"y":206.13,"color":"22ff6eff"},{"name":"dg3","parent":"bone","x":-0.46,"y":-1.94,"color":"f7ff22ff"},{"name":"bone3","parent":"dg3","length":61.18,"rotation":146.8,"x":-119.55,"y":27.98},{"name":"bone4","parent":"dg3","length":46.08,"rotation":-154.84,"x":-105.01,"y":2.7},{"name":"bone5","parent":"dg3","length":107.41,"rotation":30.79,"x":78.9,"y":55.78},{"name":"bone6","parent":"dg3","length":92.13,"rotation":5.91,"x":84.59,"y":32.4},{"name":"bone7","parent":"dg3","length":61.33,"rotation":-26.3,"x":75.11,"y":0.17},{"name":"dg4","parent":"dg3","length":73.92,"rotation":91.87,"x":0.43,"y":37.65,"color":"f7ff22ff"},{"name":"g","parent":"bone","length":36.66,"rotation":60.11,"x":100.97,"y":4.29,"color":"ff2222ff"},{"name":"g2","parent":"bone","length":36.66,"rotation":116.01,"x":-107.43,"y":-2.5,"scaleY":-1,"color":"ff2222ff"},{"name":"g3","parent":"g","length":33.59,"rotation":5.5,"x":43.1,"y":4.23,"color":"ff2222ff"},{"name":"g4","parent":"g","length":52.44,"rotation":-4.65,"x":98.54,"y":0.13,"color":"ff2222ff"},{"name":"g5","parent":"g","length":51.74,"rotation":-26.71,"x":54.79,"y":-13.6,"color":"ff2222ff"},{"name":"g6","parent":"g","length":43.6,"rotation":-63.82,"x":26.43,"y":-20.16,"color":"ff2222ff"},{"name":"g7","parent":"g","length":31.89,"rotation":-118.76,"x":8.67,"y":-13.76,"color":"ff2222ff"},{"name":"g8","parent":"g2","length":33.59,"rotation":5.5,"x":43.1,"y":4.23,"color":"ff2222ff"},{"name":"g9","parent":"g2","length":52.44,"rotation":-4.65,"x":98.54,"y":0.13,"color":"ff2222ff"},{"name":"g10","parent":"g2","length":51.74,"rotation":-26.71,"x":54.79,"y":-13.6,"color":"ff2222ff"},{"name":"g11","parent":"g2","length":43.6,"rotation":-63.82,"x":26.43,"y":-20.16,"color":"ff2222ff"},{"name":"g12","parent":"g2","length":31.89,"rotation":-118.76,"x":8.67,"y":-13.76,"color":"ff2222ff"},{"name":"hg","parent":"bone","x":1.91,"y":92.25,"color":"ff2222ff"},{"name":"lizi","parent":"all","x":-3,"y":9.91,"scaleX":3.156,"scaleY":3.156},{"name":"lizi2","parent":"all","rotation":-180,"x":-3,"y":9.91,"scaleX":3.156,"scaleY":3.156},{"name":"saoguang","parent":"all","rotation":-19.37,"x":-269.06,"y":123.72,"scaleX":1.319,"scaleY":2.09},{"name":"sz","parent":"all","x":9.54,"y":-574.82}],"slots":[{"name":"lizi","bone":"lizi","attachment":"img/tx_lizi01_11"},{"name":"lizi2","bone":"lizi2","attachment":"img/tx_lizi01_11"},{"name":"dg2","bone":"dg3","attachment":"dg2","blend":"screen"},{"name":"g","bone":"g","attachment":"cb1"},{"name":"g2","bone":"g2","attachment":"cb2"},{"name":"bg","bone":"dg2","attachment":"bg"},{"name":"bg1","bone":"bg1","attachment":"bg1"},{"name":"bg2","bone":"bg3","attachment":"bg1","blend":"additive"},{"name":"ax","bone":"ax","attachment":"xx"},{"name":"ax2","bone":"ax2","attachment":"xx2"},{"name":"hg","bone":"hg","attachment":"hg"},{"name":"sg","bone":"bg3","attachment":"sg"},{"name":"saoguang","bone":"saoguang","color":"ffffff6e","attachment":"扫光","blend":"additive"}],"skins":[{"name":"default","attachments":{"bg":{"bg":{"x":1.99,"y":67.72,"width":263,"height":213}},"bg1":{"bg1":{"path":"bg2","x":1.82,"y":-5.23,"width":264,"height":229}},"bg2":{"bg1":{"path":"bg2","x":1.82,"y":-5.23,"width":264,"height":229}},"dg2":{"dg2":{"type":"mesh","hull":34,"width":604,"height":426,"uvs":[0.49077,0.99022,0.38541,0.96672,0.30255,0.86266,0.25165,0.77874,0.1747,0.7821,0.07408,0.70489,0.03502,0.56391,0.03502,0.4481,0.02081,0.31383,0.00897,0.18795,0.00661,0.03185,0.01371,0,0.15221,0.02178,0.22205,0.14934,0.32149,0.18459,0.34043,0.1141,0.41738,0.08556,0.50024,0.08556,0.56298,0.08389,0.62098,0.17955,0.74291,0.15606,0.84353,0.08892,0.92995,0.005,0.96901,0,1,0.15774,0.97848,0.31047,0.99387,0.42292,0.9844,0.53538,0.9702,0.6109,0.96191,0.68811,0.93942,0.75021,0.77606,0.767,0.65058,0.88784,0.58902,0.96169,0.17944,0.22655,0.2694,0.34236,0.29781,0.33229,0.30847,0.38768,0.36055,0.34907,0.43158,0.36921,0.42803,0.31047,0.42448,0.2769,0.45052,0.29201,0.53694,0.3004,0.53812,0.36082,0.58192,0.33565,0.6565,0.33397,0.66242,0.37761,0.68728,0.32893,0.71095,0.31215,0.75002,0.25676,0.79973,0.19298,0.82933,0.16948,0.82341,0.20305,0.79737,0.31215,0.7879,0.34404,0.82578,0.35914,0.88023,0.34404,0.84708,0.39103,0.81512,0.43131,0.80092,0.45649,0.77487,0.49174,0.75593,0.50852,0.81749,0.53538,0.80565,0.57398,0.78908,0.59244,0.77369,0.61762,0.75238,0.62769,0.76659,0.66126,0.7441,0.6814,0.68491,0.65622,0.62335,0.72671,0.59731,0.75357,0.57245,0.76532,0.54877,0.77539,0.53457,0.81399,0.51089,0.82238,0.49432,0.87273,0.47775,0.85595,0.41146,0.76364,0.37002,0.73511,0.34161,0.72839,0.31675,0.67972,0.3061,0.64615,0.2623,0.673,0.24099,0.67636,0.25283,0.6344,0.2114,0.62601,0.19246,0.6109,0.2114,0.59915,0.24099,0.59076,0.19719,0.57734,0.15695,0.54545,0.18062,0.52363,0.2114,0.52363,0.22916,0.51356,0.14984,0.39607,0.14747,0.36586,0.19127,0.36586,0.21969,0.37928,0.32542,0.48545,0.68038,0.47599,0.49756,0.46464,0.49223,0.62357,0.26537,0.44005,0.71908,0.41545],"triangles":[30,68,29,65,29,68,29,65,64,29,64,28,62,70,101,65,67,62,64,63,28,28,63,27,65,62,64,64,62,63,62,61,63,61,60,63,27,63,59,63,60,59,27,59,26,26,59,58,26,58,57,61,62,105,62,101,105,61,105,60,60,105,59,59,56,58,102,47,101,44,45,47,45,46,47,101,47,105,105,55,59,59,55,56,57,25,26,47,48,105,48,49,105,105,49,55,58,56,57,47,46,48,57,56,54,56,55,54,25,57,53,55,49,54,46,45,19,49,48,46,19,49,46,49,50,54,49,19,50,57,54,53,53,50,51,53,54,50,25,53,24,24,53,52,24,52,21,24,21,22,24,22,23,19,20,50,50,20,51,53,51,52,51,20,52,52,20,21,95,104,100,104,37,100,39,37,38,39,100,37,37,99,35,37,104,99,35,36,37,37,36,38,35,99,34,34,99,98,98,97,34,97,8,34,35,34,36,36,34,14,38,36,41,36,14,41,14,34,13,8,9,34,34,9,13,9,12,13,12,10,11,12,9,10,94,95,90,92,93,91,91,93,94,6,7,92,92,7,93,7,96,93,94,93,95,95,93,96,104,95,96,96,98,99,104,96,99,7,97,96,7,8,97,96,97,98,101,103,102,102,44,47,102,39,44,44,42,43,42,44,39,44,43,45,43,19,45,42,17,43,19,17,18,19,43,17,103,100,102,100,39,102,38,40,39,39,40,42,40,38,41,40,41,42,42,41,17,41,14,16,14,15,16,41,16,17,78,1,2,80,79,2,78,2,79,80,2,81,2,3,81,4,85,3,85,5,87,87,5,88,5,85,4,81,84,82,81,3,84,3,85,84,79,80,103,103,80,82,80,81,82,88,6,92,88,5,6,84,83,82,82,83,103,85,86,84,85,87,86,84,86,83,103,83,100,86,87,90,87,89,90,90,100,83,87,88,89,83,86,90,88,91,89,88,92,91,89,91,90,91,94,90,90,95,100,0,77,33,0,1,77,32,33,77,77,76,75,1,78,77,32,77,75,73,32,75,73,75,74,73,72,32,72,71,32,31,71,69,69,71,70,71,31,32,77,78,76,78,79,76,75,76,74,74,76,79,73,74,103,69,68,31,31,68,30,72,73,103,79,103,74,72,103,71,65,68,66,71,103,70,103,101,70,69,67,68,69,70,67,68,67,66,67,70,62,66,67,65],"vertices":[3,16,12.98,-190.75,0.5345,13,-20.85,207.87,0.40943,17,-214.18,5.19,0.05607,3,16,-48.5,-209.97,0.39312,13,32.5,171.75,0.54719,17,-202.1,68.46,0.05969,3,16,-113.01,-192.41,0.2317,13,58.95,110.35,0.7217,17,-156.16,117.04,0.0466,4,16,-156.41,-173.98,0.08324,13,71.58,64.92,0.90063,17,-119.43,146.61,0.01575,12,-43.72,108.19,0.00038,4,16,-197.44,-195.86,0.00907,13,114.25,46.46,0.92664,17,-119.34,193.1,0.00017,12,-5.61,134.84,0.06412,2,13,155.28,-9.15,0.66499,12,63.25,140.59,0.33501,3,13,151.1,-73.54,0.37713,12,115.88,103.25,0.60974,7,105.09,153.19,0.01314,3,13,130.13,-118.2,0.15846,12,142.89,61.97,0.68979,7,141.33,119.72,0.15175,3,13,113.58,-173.62,0.02031,12,181.39,18.8,0.42828,7,189.17,87.21,0.55141,3,13,97.25,-225.2,0.00011,12,216.73,-22.15,0.16007,7,233.41,56.08,0.83982,2,12,254.34,-77.01,0.02642,7,283.23,12.01,0.97358,2,12,258.18,-90.72,0.02283,7,290.29,-0.35,0.97717,2,12,183.09,-128.76,0.00071,7,226.71,-55.51,0.99929,2,17,149.14,155.73,0.03545,7,158.17,-49.62,0.96455,2,17,132.17,96.19,0.41679,7,106.39,-83.56,0.58321,2,17,161.81,83.78,0.63259,7,120.68,-112.34,0.36741,3,17,172.45,36.93,0.80051,7,98.08,-154.72,0.18979,14,-25.62,193.39,0.0097,3,17,170.82,-13.09,0.85971,7,64.12,-191.49,0.04301,14,17.38,167.76,0.09728,3,17,170.3,-50.99,0.79141,7,38.93,-219.81,0.00471,14,50.3,148.98,0.20388,2,17,128.42,-84.67,0.45214,14,59.53,96.04,0.54786,2,17,136.02,-158.61,0.03597,14,127.92,66.94,0.96403,3,17,162.63,-220.28,0.00001,14,194.77,60.39,0.99635,15,148.02,160.59,0.00365,1,14,257.9,64.39,1,2,14,279.26,54.14,0.99937,15,227.31,190.47,0.00063,2,14,260.95,-13.17,0.92252,15,239.01,121.7,0.07748,3,16,148.76,199.37,0.00183,14,216.47,-62.41,0.6346,15,219.39,58.32,0.36357,3,16,178.32,160.54,0.02953,14,199.94,-108.32,0.32182,15,223.7,9.71,0.64865,3,16,194.42,115.06,0.10796,14,170.5,-146.54,0.11889,15,213.08,-37.35,0.77315,3,16,200.98,82.42,0.19738,14,146.66,-169.79,0.03793,15,201.24,-68.47,0.76469,3,16,211.07,50.72,0.28163,14,125.52,-195.48,0.00578,15,192.87,-100.67,0.71259,3,16,210.61,20.98,0.32675,14,100.31,-211.25,0.00009,15,176.64,-125.59,0.67315,3,16,125.32,-29.15,0.79718,13,-217.24,195.05,0.0089,15,77.76,-122.55,0.19393,3,16,80.19,-108.88,0.80083,13,-126.76,209.43,0.17668,17,-173.73,-92.71,0.02249,3,16,60.8,-153.56,0.67425,13,-79.73,222.1,0.28481,17,-203.96,-54.52,0.04093,3,17,117.1,182.53,0.00648,12,121.57,-64.77,0.03938,7,151.47,-8.4,0.95414,2,17,66.02,129.83,0.03807,7,78.36,-14.84,0.96193,2,17,69.75,112.54,0.12234,7,69.87,-30.36,0.87766,2,17,45.96,106.87,0.07578,7,48.17,-19.08,0.92422,2,17,61.37,74.89,0.36317,7,38.9,-53.35,0.63683,2,17,51.4,32.3,0.76146,7,3.49,-79.04,0.23854,2,17,76.48,33.63,0.77809,7,23.33,-94.44,0.22191,2,17,90.84,35.3,0.77428,7,35.29,-102.57,0.22572,2,17,83.9,19.79,0.88639,7,19.89,-109.76,0.11361,2,17,78.62,-32.26,0.74617,14,-10.43,77.8,0.25383,2,17,52.87,-32.13,0.6977,14,-22.99,55.32,0.3023,2,17,62.73,-58.93,0.42015,14,5.22,50.99,0.57985,2,17,61.98,-103.97,0.09755,14,44.28,28.55,0.90245,2,17,43.28,-106.94,0.02518,14,37.84,10.75,0.97482,2,17,63.51,-122.62,0.04411,14,61.35,20.87,0.95589,2,17,70.19,-137.15,0.02879,14,77.3,19.7,0.97121,2,17,93.01,-161.5,0.01961,14,109.64,27.89,0.98039,3,17,119.18,-192.4,0.00419,14,149.35,35.86,0.9893,15,117.14,119.22,0.00651,3,17,128.61,-210.59,0.00055,14,169.83,35.3,0.98529,15,135.95,127.33,0.01416,3,17,114.43,-206.55,0.00079,14,159.44,24.85,0.97453,15,130.93,113.48,0.02469,2,14,122.13,-7.02,0.92464,15,110.5,68.87,0.07536,2,14,110.27,-15.76,0.84905,15,103.41,55.94,0.15095,2,14,126.63,-33,0.65032,15,125.51,47.19,0.34968,3,16,101.9,160.26,0.00108,14,158.17,-44.31,0.60674,15,158.88,50.2,0.39218,3,16,92.82,133.44,0.00259,14,130.73,-51.26,0.46299,15,136.91,32.35,0.53442,3,16,83.12,109.5,0.00239,14,105.36,-56.12,0.27057,15,115.94,17.27,0.72704,3,16,80.18,96.09,0.00341,14,92.5,-60.94,0.12098,15,106.3,7.48,0.87561,2,16,72.73,75.65,0.02341,15,89.11,-5.83,0.97659,2,16,65.64,64.18,0.06885,15,77,-11.77,0.93115,3,16,104.04,70.39,0.1477,14,83.9,-94.94,0.00759,15,112.8,-26.97,0.84471,2,16,104.92,52.48,0.2768,15,104,-42.6,0.7232,2,16,99.43,41,0.37733,15,93.23,-49.39,0.62267,2,16,95.85,27.26,0.5256,15,82.88,-59.1,0.4744,3,16,86.21,17.72,0.66305,13,-229.53,135.26,0.00006,15,69.64,-62.04,0.33689,3,16,100.24,8.7,0.70043,13,-231.21,151.85,0.00067,15,76.7,-77.15,0.2989,3,16,91.86,-5.01,0.8486,13,-215.27,153.84,0.00393,15,62.31,-84.29,0.14747,2,16,55.06,-11.24,0.99317,13,-187.47,128.93,0.00683,3,16,35.03,-54.63,0.87522,13,-141.05,140.31,0.09589,17,-104.59,-78.51,0.02888,4,16,26,-71.86,0.79936,13,-121.95,143.97,0.15035,17,-115.51,-62.41,0.05022,7,-184.7,-41.47,0.00007,4,16,14.76,-83,0.7323,13,-106.23,142.12,0.19622,17,-120.03,-47.24,0.07097,7,-178.19,-27.05,0.00051,4,16,3.84,-93.18,0.66745,13,-91.47,139.92,0.2431,17,-123.85,-32.81,0.0881,7,-171.64,-13.63,0.00134,4,16,3.43,-111.73,0.62554,13,-76.71,151.16,0.2939,17,-140.01,-23.7,0.07967,7,-177.9,3.83,0.00089,4,16,-7.8,-121.27,0.57052,13,-62.25,148.32,0.34137,17,-143.11,-9.29,0.08668,7,-170.82,16.76,0.00143,4,16,-7.27,-144.93,0.53868,13,-44.07,163.48,0.38971,17,-164.22,1.41,0.07127,7,-179.79,38.67,0.00034,4,16,-19.41,-142.96,0.50411,13,-38.04,152.75,0.41544,17,-156.75,11.18,0.07952,7,-167.74,41.17,0.00093,4,16,-72.73,-125.44,0.31874,13,-18.52,100.13,0.55122,17,-116.14,49.92,0.1166,7,-111.69,43.9,0.01345,4,16,-100.55,-125.64,0.21532,13,-1.04,78.49,0.67474,17,-103.18,74.54,0.09412,7,-85.78,54.03,0.01582,4,16,-117.2,-130.67,0.1641,13,13.28,68.61,0.76108,17,-99.76,91.6,0.06609,7,-72.04,64.7,0.00872,4,16,-139.85,-118.74,0.08443,13,18.05,43.46,0.86997,17,-78.55,105.93,0.03969,7,-46.62,61.66,0.0059,4,16,-151.96,-108.77,0.04428,13,17.8,27.78,0.92928,17,-64.05,111.89,0.0234,7,-31.75,56.68,0.00305,3,16,-170.6,-130.75,0.03016,13,46.61,26.89,0.96326,17,-74.62,138.71,0.00658,4,16,-181.51,-137.73,0.01933,13,58.86,22.71,0.97403,17,-75.63,151.62,0.00263,12,-14.46,75.22,0.004,3,16,-183.02,-118.54,0.00663,13,44.79,9.57,0.99224,17,-57.99,143.89,0.00113,3,16,-207.04,-126.42,0.00089,13,65.92,-4.31,0.87291,12,12.25,67.06,0.1262,3,16,-220.14,-125.72,0.00007,13,73.54,-14.99,0.74135,12,25.34,67.94,0.25857,2,13,61.06,-14.66,0.76318,12,18.51,57.49,0.23682,2,13,43.36,-10.3,0.84278,12,5.51,44.71,0.15722,2,13,64.87,-26.72,0.59624,12,30.78,54.41,0.40376,2,13,81.1,-49.35,0.39579,12,58.56,56.35,0.60421,2,13,64.21,-51.69,0.30867,12,51.68,40.74,0.69133,2,13,47.38,-43.78,0.28878,12,36.13,30.56,0.71122,2,13,35.85,-43.11,0.21234,12,29.5,21.1,0.78766,3,13,57.93,-108.77,0.03629,12,96.99,5.45,0.7046,7,110.55,53.73,0.25912,3,13,53.75,-121.03,0.01846,12,105.23,-4.54,0.5621,7,120.98,46.05,0.41944,3,13,29.81,-109.78,0.00058,12,83.1,-19.02,0.44672,7,103.03,26.61,0.5527,2,12,65.61,-23.63,0.36177,7,87.18,17.89,0.63823,3,13,-21.87,-29.22,0.00694,12,-12.6,-20.75,0.02973,7,10.62,1.66,0.96333,2,14,25.7,-30.81,0.12164,15,33.03,6.71,0.87836,4,16,-82.54,11.79,0.00791,17,9.47,-6.21,0.96612,14,-66.68,29.87,0.02267,15,-76.31,22.88,0.00329,5,16,-55.43,-50.34,0.38321,13,-88.05,66.87,0.19816,17,-58.1,-0.78,0.3789,7,-100.96,-32.42,0.0395,14,-104.1,-26.64,0.00023,2,12,28.34,-17.08,0.47077,7,49.44,15.18,0.52923,2,14,58.99,-20.62,0.61883,15,58.94,29.96,0.38117],"edges":[0,2,2,4,4,6,6,8,8,10,10,12,12,14,14,16,16,18,18,20,20,22,22,24,24,26,26,28,28,30,30,32,32,34,34,36,36,38,38,40,40,42,42,44,44,46,46,48,48,50,50,52,52,54,54,56,56,58,58,60,60,62,62,64,64,66,0,66,68,70,70,72,72,74,74,76,76,78,78,80,80,82,84,86,86,88,88,90,90,92,92,94,94,96,96,98,98,100,100,102,102,104,106,108,108,110,110,112,112,114,114,116,118,120,120,122,122,124,124,126,128,130,130,132,132,134,134,136,136,138,138,140,140,142,142,144,144,146,148,150,152,154,156,158,158,160,160,162,162,164,164,166,166,168,168,170,170,172,172,174,176,178,182,184,184,186,190,192,192,194,194,196,196,198,198,68]}},"hg":{"hg":{"x":-0.07,"y":5.56,"width":81,"height":49}},"lizi":{"img/tx_lizi01_00":{"width":370,"height":370},"img/tx_lizi01_01":{"width":370,"height":370},"img/tx_lizi01_02":{"width":370,"height":370},"img/tx_lizi01_03":{"width":370,"height":370},"img/tx_lizi01_04":{"width":370,"height":370},"img/tx_lizi01_05":{"width":370,"height":370},"img/tx_lizi01_06":{"width":370,"height":370},"img/tx_lizi01_07":{"width":370,"height":370},"img/tx_lizi01_08":{"width":370,"height":370},"img/tx_lizi01_09":{"width":370,"height":370},"img/tx_lizi01_10":{"width":370,"height":370},"img/tx_lizi01_11":{"width":370,"height":370}},"lizi2":{"img/tx_lizi01_00":{"width":370,"height":370},"img/tx_lizi01_01":{"width":370,"height":370},"img/tx_lizi01_02":{"width":370,"height":370},"img/tx_lizi01_03":{"width":370,"height":370},"img/tx_lizi01_04":{"width":370,"height":370},"img/tx_lizi01_05":{"width":370,"height":370},"img/tx_lizi01_06":{"width":370,"height":370},"img/tx_lizi01_07":{"width":370,"height":370},"img/tx_lizi01_08":{"width":370,"height":370},"img/tx_lizi01_09":{"width":370,"height":370},"img/tx_lizi01_10":{"width":370,"height":370},"img/tx_lizi01_11":{"width":370,"height":370}},"saoguang":{"扫光":{"width":181,"height":183}},"sg":{"sg":{"type":"clipping","end":"sg","vertexCount":43,"color":"ce3a3aff","vertices":[2.1,-118.27,-4.76,-107.36,-15.66,-95.24,-35.36,-80.7,-60.21,-67.36,-88.69,-46.46,-108.99,-26.64,-120.5,-4.52,-127.47,19.11,-126.56,43.96,-122.02,63.65,-114.44,76.38,-101.11,91.22,-82.32,98.8,-64.14,102.13,-47.48,102.13,-33.84,96.68,-17.18,86.38,-7.18,70.92,2.21,49.71,5.24,57.89,9.79,69.1,20.39,83.35,33.72,94.56,44.94,99.71,56.05,101.22,72.11,100.31,86.35,96.98,104.23,90.62,113.02,81.22,122.11,69.1,127.86,56.08,133.01,35.47,131.5,23.66,127.56,2.45,119.08,-16.04,107.26,-35.07,89.08,-50.52,70.9,-62.03,47.87,-74.15,24.84,-89.91,16.66,-98.39,7.57,-108.7]}}}},{"name":"blue","attachments":{"ax":{"xx":{"name":"gx","x":2.05,"y":-11.13,"width":239,"height":182}},"ax2":{"xx2":{"name":"gx","x":2.05,"y":-11.13,"width":239,"height":182}},"g":{"cb1":{"name":"b","type":"linkedmesh","skin":"green","parent":"cb1","width":107,"height":195}},"g2":{"cb2":{"name":"b","type":"linkedmesh","skin":"green","parent":"cb2","width":107,"height":195}}}},{"name":"green","attachments":{"ax":{"xx":{"name":"ax","path":"bx","x":2.05,"y":-11.13,"width":239,"height":186}},"ax2":{"xx2":{"name":"ax","path":"bx","x":2.05,"y":-11.13,"width":239,"height":186}},"g":{"cb1":{"name":"g","type":"mesh","hull":33,"width":109,"height":195,"uvs":[0.17516,0.23306,0.00279,0.38853,0,0.54182,0,0.63851,0,0.83962,0.03805,0.96225,0.16732,1,0.27309,1,0.48855,1,0.60608,1,0.52773,0.95787,0.66092,0.93159,0.78236,0.88999,0.7471,0.84181,0.86463,0.8024,0.93906,0.74546,0.98998,0.69948,0.89205,0.67539,0.77453,0.66663,0.8372,0.59656,0.93122,0.52211,1,0.43452,1,0.33817,0.85287,0.33379,0.75494,0.34693,0.82937,0.27029,0.89205,0.18489,0.94297,0.09292,0.94689,0,0.75102,0,0.63742,0.06226,0.50422,0.15204,0.33969,0.2462,0.59016,0.67029,0.48528,0.38047,0.23519,0.49133,0.2855,0.82572,0.42066,0.97739,0.28258,0.95203,0.19579,0.92336,0.11295,0.87375,0.06956,0.8109,0.06561,0.73703,0.06956,0.65654,0.09717,0.57937,0.12084,0.50329,0.16029,0.44265,0.20368,0.3787,0.24511,0.2949,0.28456,0.35555,0.39699,0.30593,0.47391,0.25962,0.54295,0.21883,0.61987,0.18134,0.69286,0.13173,0.7757,0.09203,0.87038,0.02368,0.82698,0.11078,0.78359,0.16591,0.74019,0.23316,0.70666,0.28498,0.6613,0.33349,0.58831,0.39855,0.7185,0.39193,0.82304,0.38862,0.95914,0.3809,0.88024,0.44926,0.82698,0.50439,0.76978,0.5518,0.70666,0.59039,0.61987,0.64001,0.52914,0.66206,0.70469,0.70947,0.79542,0.72049,0.84276,0.7227,0.72639,0.78444,0.66919,0.79988,0.61593,0.8076,0.49955,0.81201,0.54689,0.84839,0.63565,0.87154,0.57451,0.88918,0.51731,0.90572,0.47983,0.91013,0.39304,0.90683,0.35359,0.90572,0.40093,0.95313,0.74414,0.04903,0.3559,0.65952,0.40992,0.52823,0.32807,0.7252,0.05293,0.58731,0.55536,0.5587],"triangles":[65,23,22,64,24,23,63,61,24,65,22,21,66,23,65,66,65,21,64,23,66,67,64,66,20,66,21,67,66,20,63,64,67,64,63,24,68,63,67,92,34,62,89,34,92,62,61,63,69,62,63,69,63,68,92,62,69,19,67,20,68,67,19,70,92,69,89,88,91,71,89,92,71,92,70,88,89,71,18,68,19,69,68,18,33,71,70,72,70,69,72,69,18,74,73,18,72,18,73,17,74,18,90,43,88,15,17,16,74,17,15,75,72,73,72,33,70,76,72,75,76,33,72,14,74,15,77,33,76,78,88,71,90,88,78,78,71,33,78,33,77,90,36,42,14,13,75,73,14,75,14,73,74,79,78,77,80,77,76,81,79,77,80,81,77,82,78,79,78,84,90,13,11,80,76,75,13,13,80,76,11,13,12,11,81,80,84,85,36,40,41,36,36,90,84,82,79,81,78,83,84,82,83,78,39,40,36,38,39,36,85,38,36,86,84,83,10,82,81,11,10,81,40,5,4,37,86,83,85,84,86,38,85,86,38,86,37,6,40,39,5,40,6,7,39,38,6,39,7,10,8,83,10,83,82,37,83,8,7,38,37,8,7,37,8,10,9,56,29,28,87,29,56,87,30,29,55,87,56,27,56,28,57,55,56,57,56,27,54,30,87,54,87,55,58,55,57,34,54,55,53,31,30,53,30,54,26,57,27,58,57,26,52,31,53,34,55,59,34,53,54,51,32,31,51,31,52,25,58,26,59,58,25,59,55,58,48,0,32,50,32,51,59,60,34,34,52,53,24,59,25,60,59,24,61,60,24,49,48,32,49,32,50,34,51,52,60,61,34,50,51,34,62,34,61,34,49,50,89,35,34,47,0,48,47,48,49,1,0,47,46,1,47,35,47,49,46,47,35,34,35,49,45,1,46,2,1,45,45,91,2,44,91,45,35,44,45,35,45,46,44,35,89,91,44,89,3,2,91,88,43,91,3,91,43,42,3,43,42,43,90,36,41,42,4,3,42,4,42,41,40,4,41],"vertices":[2,20,54.47,29.22,0.64746,21,9.12,46.46,0.35254,1,20,25.27,35.75,1,2,18,33.25,26.73,0.13996,20,-1.17,23.74,0.86004,2,18,19.58,15.94,0.81093,20,-17.6,19.26,0.18907,2,18,-11.53,-1.33,0.70111,24,-1.18,-23.69,0.29889,2,18,-30.19,-16.83,0.21101,24,21.39,-32.59,0.78899,2,18,-29.58,-32.71,0.0907,24,35.02,-24.41,0.9093,2,18,-23.86,-42.72,0.0277,24,41.04,-14.58,0.9723,2,24,53.27,5.47,0.92175,23,21.49,-53.57,0.07825,2,24,59.93,16.41,0.91393,23,34.28,-52.75,0.08607,2,24,48.47,13.39,0.81951,23,25.22,-45.1,0.18049,2,24,51.65,28.46,0.44328,23,39.38,-39.05,0.55672,2,24,51.61,43.98,0.27648,23,52.07,-30.1,0.72352,2,24,41.59,45.59,0.17157,23,47.62,-20.97,0.82843,2,24,41.69,60.53,0.01802,23,59.91,-12.47,0.98198,2,24,36.43,73.23,0.00009,23,67.29,-0.87,0.99991,1,23,72.25,8.44,1,2,23,61.29,12.43,0.98597,22,33.99,-45.66,0.01403,2,23,48.4,13.31,0.77212,22,24.24,-37.19,0.22788,2,23,54.33,27.39,0.25632,22,37.47,-29.54,0.74368,2,23,63.62,42.54,0.04329,22,54.01,-23.06,0.95671,2,23,70,60.07,0.00086,22,69.67,-12.93,0.99914,1,22,80.02,2.76,1,2,21,49.93,-35.04,0.06072,22,65.47,11.91,0.93928,2,21,32.79,-26.3,0.38972,22,46.3,13.58,0.61028,2,21,36.02,-22.37,0.89165,22,47.81,18.43,0.10835,2,21,50.95,-18.14,0.98917,22,60.06,27.96,0.01083,1,21,68.57,-12.49,1,1,21,83.74,-2.57,1,1,21,71.63,15.02,1,1,21,54.61,18.33,1,2,20,65.19,-3.69,0.00084,21,31.98,20.37,0.99916,2,20,49.18,10.71,0.24286,21,11.71,26.62,0.75714,2,23,28.39,11.3,0.74063,22,7.07,-26.72,0.25937,2,21,-2.38,-3.75,0.87072,22,5.24,21.28,0.12928,3,20,17.17,4.44,0.98411,21,-14.19,7.14,0.01238,22,-9.8,26.93,0.00351,2,24,12.73,4.25,0.90799,23,-2.79,-21.09,0.09201,2,24,45.65,1.44,0.96009,23,13.82,-49.65,0.03991,2,18,-15.24,-38.96,0.02133,24,33.59,-8.83,0.97867,2,18,-15.09,-27.96,0.09115,24,23.88,-13.99,0.90885,2,18,-11.17,-15.3,0.30183,24,10.9,-16.65,0.69817,2,18,-3.42,-5.4,0.71825,24,-1.51,-14.62,0.28175,2,18,8.45,1.93,0.99973,20,-33.14,10.36,0.00027,2,18,21.76,8.64,0.89816,20,-18.24,11.76,0.10184,2,18,35.19,13.45,0.31442,20,-3.99,11.14,0.68558,2,18,47.41,22.15,0.00705,20,10,14.67,0.99295,1,20,22.62,15.7,1,2,20,34.66,16.54,0.93921,21,-3.23,26.23,0.06079,2,20,44.22,18.06,0.58369,21,4.48,31.53,0.41631,2,20,33.64,10.41,0.55492,21,-1.93,19.78,0.44508,2,20,36.22,2.65,0.11286,21,3.28,13.53,0.88714,2,20,44.48,-3.69,0.02337,21,13.38,11.37,0.97663,2,20,52.98,-9.84,0.00164,21,23.66,9.52,0.99836,2,21,34.41,6.74,0.99945,22,35.4,44.81,0.00055,2,21,46.88,5.67,0.99979,22,47.36,48.5,0.00021,1,21,58.37,2.62,1,1,21,75.21,1.68,1,2,21,58.54,-4.05,0.99977,22,61.81,43.86,0.00023,2,21,47.19,-6.28,0.9929,22,52.13,37.54,0.0071,2,21,34.97,-10.02,0.9464,22,42.21,29.48,0.0536,2,21,27.56,-13.21,0.83693,22,36.54,23.75,0.16307,2,21,21.48,-15.2,0.67149,22,31.65,19.62,0.32851,2,21,10.83,-16.52,0.51348,22,22.27,14.4,0.48652,2,21,27.8,-28.7,0.22523,22,42.58,9.48,0.77477,2,21,39.4,-38.44,0.05625,22,56.99,4.81,0.94375,2,21,50.56,-50.04,0.00113,22,71.68,-1.76,0.99887,2,23,57.16,56.35,0.00505,22,57.19,-8.14,0.99495,2,23,52.06,45.25,0.04364,22,46.43,-13.92,0.95636,2,23,46.44,35.62,0.14569,22,36.14,-18.21,0.85431,2,23,40.06,27.67,0.29644,22,26.25,-20.7,0.70356,2,23,31.24,17.4,0.55446,22,13.03,-23.57,0.44554,3,18,47.17,-34.08,0.00158,23,21.65,12.47,0.66777,22,2.4,-21.72,0.33066,2,23,41.34,4.48,0.94688,22,13.29,-39.97,0.05312,3,24,24.12,62.39,0.00012,23,51.35,2.98,0.97876,22,20.36,-47.21,0.02111,3,24,27.17,66.58,0.0001,23,56.53,2.88,0.98934,22,24.43,-50.41,0.01056,2,24,30.86,49.48,0.05259,23,44.65,-9.95,0.94741,2,24,30.18,42.59,0.11165,23,38.62,-13.36,0.88835,2,24,28.45,36.85,0.1693,23,32.92,-15.24,0.8307,2,24,22.58,25.57,0.31591,23,20.32,-16.91,0.68409,2,24,31.33,26.28,0.40284,23,25.93,-23.66,0.59716,2,24,40.22,32.2,0.35107,23,35.88,-27.54,0.64893,2,24,39.69,24.72,0.50057,23,29.45,-31.4,0.49943,2,24,39.2,17.71,0.66781,23,23.43,-35.03,0.33219,2,24,37.81,13.78,0.75945,23,19.41,-36.15,0.24055,2,24,32.33,6.03,0.91935,23,9.93,-36.12,0.08065,2,24,29.91,2.47,0.97842,23,5.63,-36.18,0.02158,2,24,40.49,2.07,0.96225,23,11.37,-45.07,0.03775,1,21,63.33,10.21,1,4,18,38.22,-17.46,0.18997,20,-12.37,-18.46,0.00368,23,2.78,11.77,0.55885,22,-13.07,-10.89,0.24749,3,20,9.78,-17.24,0.06203,21,-11.97,-15.97,0.18981,22,0.94,6.34,0.74816,2,24,-1.6,18.41,0.02453,23,0.58,-1.23,0.97547,2,18,30.91,16.28,0.42425,20,-6.91,15.27,0.57575,2,23,23.2,32.77,0.07609,22,15.88,-6.46,0.92391],"edges":[0,2,2,4,4,6,6,8,8,10,10,12,12,14,14,16,16,18,18,20,20,22,22,24,24,26,26,28,28,30,30,32,32,34,34,36,36,38,38,40,40,42,42,44,44,46,46,48,48,50,50,52,52,54,54,56,56,58,58,60,60,62,62,64,64,0,74,76,176,178,68,110,72,78,72,180,180,176,84,180,180,156,178,182,178,68,70,68,138,184,184,178,68,184]}},"g2":{"cb2":{"name":"g","type":"mesh","hull":33,"width":109,"height":195,"uvs":[0.17516,0.23306,0.00279,0.38853,0,0.54182,0,0.63851,0,0.83962,0.03805,0.96225,0.16732,1,0.27309,1,0.48855,1,0.60608,1,0.52773,0.95787,0.66092,0.93159,0.78236,0.88999,0.7471,0.84181,0.86463,0.8024,0.93906,0.74546,0.98998,0.69948,0.89205,0.67539,0.77453,0.66663,0.8372,0.59656,0.93122,0.52211,1,0.43452,1,0.33817,0.85287,0.33379,0.75494,0.34693,0.82937,0.27029,0.89205,0.18489,0.94297,0.09292,0.94689,0,0.75102,0,0.63742,0.06226,0.50422,0.15204,0.33969,0.2462,0.59016,0.67029,0.48528,0.38047,0.23519,0.49133,0.2855,0.82572,0.42066,0.97739,0.28258,0.95203,0.19579,0.92336,0.11295,0.87375,0.06956,0.8109,0.06561,0.73703,0.06956,0.65654,0.09717,0.57937,0.12084,0.50329,0.16029,0.44265,0.20368,0.3787,0.24511,0.2949,0.28456,0.35555,0.39699,0.30593,0.47391,0.25962,0.54295,0.21883,0.61987,0.18134,0.69286,0.13173,0.7757,0.09203,0.87038,0.02368,0.82698,0.11078,0.78359,0.16591,0.74019,0.23316,0.70666,0.28498,0.6613,0.33349,0.58831,0.39855,0.7185,0.39193,0.82304,0.38862,0.95914,0.3809,0.88024,0.44926,0.82698,0.50439,0.76978,0.5518,0.70666,0.59039,0.61987,0.64001,0.52914,0.66206,0.70469,0.70947,0.79542,0.72049,0.84276,0.7227,0.72639,0.78444,0.66919,0.79988,0.61593,0.8076,0.49955,0.81201,0.54689,0.84839,0.63565,0.87154,0.57451,0.88918,0.51731,0.90572,0.47983,0.91013,0.39304,0.90683,0.35359,0.90572,0.40093,0.95313,0.74414,0.04903,0.3559,0.65952,0.40992,0.52823,0.32807,0.7252,0.05293,0.58731,0.55536,0.5587],"triangles":[65,23,22,64,24,23,63,61,24,65,22,21,66,23,65,66,65,21,64,23,66,67,64,66,20,66,21,67,66,20,63,64,67,64,63,24,68,63,67,92,34,62,89,34,92,62,61,63,69,62,63,69,63,68,92,62,69,19,67,20,68,67,19,70,92,69,89,88,91,71,89,92,71,92,70,88,89,71,18,68,19,69,68,18,33,71,70,72,70,69,72,69,18,74,73,18,72,18,73,17,74,18,90,43,88,15,17,16,74,17,15,75,72,73,72,33,70,76,72,75,76,33,72,14,74,15,77,33,76,78,88,71,90,88,78,78,71,33,78,33,77,90,36,42,14,13,75,73,14,75,14,73,74,79,78,77,80,77,76,81,79,77,80,81,77,82,78,79,78,84,90,13,11,80,76,75,13,13,80,76,11,13,12,11,81,80,84,85,36,40,41,36,36,90,84,82,79,81,78,83,84,82,83,78,39,40,36,38,39,36,85,38,36,86,84,83,10,82,81,11,10,81,40,5,4,37,86,83,85,84,86,38,85,86,38,86,37,6,40,39,5,40,6,7,39,38,6,39,7,10,8,83,10,83,82,37,83,8,7,38,37,8,7,37,8,10,9,56,29,28,87,29,56,87,30,29,55,87,56,27,56,28,57,55,56,57,56,27,54,30,87,54,87,55,58,55,57,34,54,55,53,31,30,53,30,54,26,57,27,58,57,26,52,31,53,34,55,59,34,53,54,51,32,31,51,31,52,25,58,26,59,58,25,59,55,58,48,0,32,50,32,51,59,60,34,34,52,53,24,59,25,60,59,24,61,60,24,49,48,32,49,32,50,34,51,52,60,61,34,50,51,34,62,34,61,34,49,50,89,35,34,47,0,48,47,48,49,1,0,47,46,1,47,35,47,49,46,47,35,34,35,49,45,1,46,2,1,45,45,91,2,44,91,45,35,44,45,35,45,46,44,35,89,91,44,89,3,2,91,88,43,91,3,91,43,42,3,43,42,43,90,36,41,42,4,3,42,4,42,41,40,4,41],"vertices":[2,25,54.47,29.22,0.64746,26,9.12,46.46,0.35254,1,25,25.27,35.75,1,2,19,33.25,26.73,0.13996,25,-1.17,23.74,0.86004,2,19,19.58,15.94,0.81093,25,-17.6,19.26,0.18907,2,19,-11.53,-1.33,0.70111,29,-1.18,-23.69,0.29889,2,19,-30.19,-16.83,0.21101,29,21.39,-32.59,0.78899,2,19,-29.58,-32.71,0.0907,29,35.02,-24.41,0.9093,2,19,-23.86,-42.72,0.0277,29,41.04,-14.58,0.9723,2,29,53.27,5.47,0.92175,28,21.49,-53.57,0.07825,2,29,59.93,16.41,0.91393,28,34.28,-52.75,0.08607,2,29,48.47,13.39,0.81951,28,25.22,-45.1,0.18049,2,29,51.65,28.46,0.44328,28,39.38,-39.05,0.55672,2,29,51.61,43.98,0.27648,28,52.07,-30.1,0.72352,2,29,41.59,45.59,0.17157,28,47.62,-20.97,0.82843,2,29,41.69,60.53,0.01802,28,59.91,-12.47,0.98198,2,29,36.43,73.23,0.00009,28,67.29,-0.87,0.99991,1,28,72.25,8.44,1,2,28,61.29,12.43,0.98597,27,33.99,-45.66,0.01403,2,28,48.4,13.31,0.77212,27,24.24,-37.19,0.22788,2,28,54.33,27.39,0.25632,27,37.47,-29.54,0.74368,2,28,63.62,42.54,0.04329,27,54.01,-23.06,0.95671,2,28,70,60.07,0.00086,27,69.67,-12.93,0.99914,1,27,80.02,2.76,1,2,26,49.93,-35.04,0.06072,27,65.47,11.91,0.93928,2,26,32.79,-26.3,0.38972,27,46.3,13.58,0.61028,2,26,36.02,-22.37,0.89165,27,47.81,18.43,0.10835,2,26,50.95,-18.14,0.98917,27,60.06,27.96,0.01083,1,26,68.57,-12.49,1,1,26,83.74,-2.57,1,1,26,71.63,15.02,1,1,26,54.61,18.33,1,2,25,65.19,-3.69,0.00084,26,31.98,20.37,0.99916,2,25,49.18,10.71,0.24286,26,11.71,26.62,0.75714,2,28,28.39,11.3,0.74063,27,7.07,-26.72,0.25937,2,26,-2.38,-3.75,0.87072,27,5.24,21.28,0.12928,3,25,17.17,4.44,0.98411,26,-14.19,7.14,0.01238,27,-9.8,26.93,0.00351,2,29,12.73,4.25,0.90799,28,-2.79,-21.09,0.09201,2,29,45.65,1.44,0.96009,28,13.82,-49.65,0.03991,2,19,-15.24,-38.96,0.02133,29,33.59,-8.83,0.97867,2,19,-15.09,-27.96,0.09115,29,23.88,-13.99,0.90885,2,19,-11.17,-15.3,0.30183,29,10.9,-16.65,0.69817,2,19,-3.42,-5.4,0.71825,29,-1.51,-14.62,0.28175,2,19,8.45,1.93,0.99973,25,-33.14,10.36,0.00027,2,19,21.76,8.64,0.89816,25,-18.24,11.76,0.10184,2,19,35.19,13.45,0.31442,25,-3.99,11.14,0.68558,2,19,47.41,22.15,0.00705,25,10,14.67,0.99295,1,25,22.62,15.7,1,2,25,34.66,16.54,0.93921,26,-3.23,26.23,0.06079,2,25,44.22,18.06,0.58369,26,4.48,31.53,0.41631,2,25,33.64,10.41,0.55492,26,-1.93,19.78,0.44508,2,25,36.22,2.65,0.11286,26,3.28,13.53,0.88714,2,25,44.48,-3.69,0.02337,26,13.38,11.37,0.97663,2,25,52.98,-9.84,0.00164,26,23.66,9.52,0.99836,2,26,34.41,6.74,0.99945,27,35.4,44.81,0.00055,2,26,46.88,5.67,0.99979,27,47.36,48.5,0.00021,1,26,58.37,2.62,1,1,26,75.21,1.68,1,2,26,58.54,-4.05,0.99977,27,61.81,43.86,0.00023,2,26,47.19,-6.28,0.9929,27,52.13,37.54,0.0071,2,26,34.97,-10.02,0.9464,27,42.21,29.48,0.0536,2,26,27.56,-13.21,0.83693,27,36.54,23.75,0.16307,2,26,21.48,-15.2,0.67149,27,31.65,19.62,0.32851,2,26,10.83,-16.52,0.51348,27,22.27,14.4,0.48652,2,26,27.8,-28.7,0.22523,27,42.58,9.48,0.77477,2,26,39.4,-38.44,0.05625,27,56.99,4.81,0.94375,2,26,50.56,-50.04,0.00113,27,71.68,-1.76,0.99887,2,28,57.16,56.35,0.00505,27,57.19,-8.14,0.99495,2,28,52.06,45.25,0.04364,27,46.43,-13.92,0.95636,2,28,46.44,35.62,0.14569,27,36.14,-18.21,0.85431,2,28,40.06,27.67,0.29644,27,26.25,-20.7,0.70356,2,28,31.24,17.4,0.55446,27,13.03,-23.57,0.44554,3,19,47.17,-34.08,0.00158,28,21.65,12.47,0.66777,27,2.4,-21.72,0.33066,2,28,41.34,4.48,0.94688,27,13.29,-39.97,0.05312,3,29,24.12,62.39,0.00012,28,51.35,2.98,0.97876,27,20.36,-47.21,0.02111,3,29,27.17,66.58,0.0001,28,56.53,2.88,0.98934,27,24.43,-50.41,0.01056,2,29,30.86,49.48,0.05259,28,44.65,-9.95,0.94741,2,29,30.18,42.59,0.11165,28,38.62,-13.36,0.88835,2,29,28.45,36.85,0.1693,28,32.92,-15.24,0.8307,2,29,22.58,25.57,0.31591,28,20.32,-16.91,0.68409,2,29,31.33,26.28,0.40284,28,25.93,-23.66,0.59716,2,29,40.22,32.2,0.35107,28,35.88,-27.54,0.64893,2,29,39.69,24.72,0.50057,28,29.45,-31.4,0.49943,2,29,39.2,17.71,0.66781,28,23.43,-35.03,0.33219,2,29,37.81,13.78,0.75945,28,19.41,-36.15,0.24055,2,29,32.33,6.03,0.91935,28,9.93,-36.12,0.08065,2,29,29.91,2.47,0.97842,28,5.63,-36.18,0.02158,2,29,40.49,2.07,0.96225,28,11.37,-45.07,0.03775,1,26,63.33,10.21,1,4,19,38.22,-17.46,0.18997,25,-12.37,-18.46,0.00368,28,2.78,11.77,0.55885,27,-13.07,-10.89,0.24749,3,25,9.78,-17.24,0.06203,26,-11.97,-15.97,0.18981,27,0.94,6.34,0.74816,2,29,-1.6,18.41,0.02453,28,0.58,-1.23,0.97547,2,19,30.91,16.28,0.42425,25,-6.91,15.27,0.57575,2,28,23.2,32.77,0.07609,27,15.88,-6.46,0.92391],"edges":[0,2,2,4,4,6,6,8,8,10,10,12,12,14,14,16,16,18,18,20,20,22,22,24,24,26,26,28,28,30,30,32,32,34,34,36,36,38,38,40,40,42,42,44,44,46,46,48,48,50,50,52,52,54,54,56,56,58,58,60,60,62,62,64,64,0,74,76,176,178,68,110,72,78,72,180,180,176,84,180,180,156,178,182,178,68,70,68,138,184,184,178,68,184]}}}},{"name":"red","attachments":{"ax":{"xx":{"name":"rx","x":2.55,"y":-10.13,"width":238,"height":180}},"ax2":{"xx2":{"name":"rx","x":2.55,"y":-10.13,"width":238,"height":180}},"g":{"cb1":{"name":"r","type":"linkedmesh","skin":"green","parent":"cb1","width":109,"height":195}},"g2":{"cb2":{"name":"r","type":"linkedmesh","skin":"green","parent":"cb2","width":109,"height":195}}}},{"name":"yellow","attachments":{"ax":{"xx":{"name":"yx","x":2.05,"y":-11.63,"width":241,"height":185}},"ax2":{"xx2":{"name":"yx","x":2.05,"y":-11.63,"width":241,"height":185}},"g":{"cb1":{"name":"y","type":"linkedmesh","skin":"green","parent":"cb1","width":109,"height":195}},"g2":{"cb2":{"name":"y","type":"linkedmesh","skin":"green","parent":"cb2","width":109,"height":195}}}}],"animations":{"animation":{"slots":{"ax2":{"color":[{"color":"ffffff00"},{"time":0.5,"color":"ffffffff"},{"time":1,"color":"ffffff89"},{"time":1.1667,"color":"ffffff00"}]},"bg2":{"color":[{"color":"ffffff00"},{"time":0.5,"color":"ffffffff","curve":"stepped"},{"time":1.3333,"color":"ffffffff"},{"time":1.5,"color":"ffffff00"}]},"dg2":{"color":[{"color":"ffffff00"},{"time":0.1667,"color":"fffffffb"},{"time":0.5,"color":"ffffffff","curve":"stepped"},{"time":1.3333,"color":"ffffffff"},{"time":1.5,"color":"ffffff00"}]},"lizi":{"attachment":[{"name":null},{"time":0.0667,"name":"img/tx_lizi01_00"},{"time":0.1333,"name":"img/tx_lizi01_01"},{"time":0.2,"name":"img/tx_lizi01_02"},{"time":0.2667,"name":"img/tx_lizi01_03"},{"time":0.3333,"name":"img/tx_lizi01_04"},{"time":0.4,"name":"img/tx_lizi01_05"},{"time":0.4667,"name":"img/tx_lizi01_06"},{"time":0.5333,"name":"img/tx_lizi01_07"},{"time":0.6,"name":"img/tx_lizi01_08"},{"time":0.6667,"name":"img/tx_lizi01_09"},{"time":0.7333,"name":"img/tx_lizi01_10"},{"time":0.8,"name":"img/tx_lizi01_11"},{"time":0.8667,"name":null}]},"lizi2":{"attachment":[{"name":null},{"time":0.5,"name":"img/tx_lizi01_00"},{"time":0.5667,"name":"img/tx_lizi01_01"},{"time":0.6333,"name":"img/tx_lizi01_02"},{"time":0.7,"name":"img/tx_lizi01_03"},{"time":0.7667,"name":"img/tx_lizi01_04"},{"time":0.8333,"name":"img/tx_lizi01_05"},{"time":0.9,"name":"img/tx_lizi01_06"},{"time":0.9667,"name":"img/tx_lizi01_07"},{"time":1.0333,"name":"img/tx_lizi01_08"},{"time":1.1,"name":"img/tx_lizi01_09"},{"time":1.1667,"name":"img/tx_lizi01_10"},{"time":1.2333,"name":"img/tx_lizi01_11"},{"time":1.3,"name":null}]},"saoguang":{"color":[{"color":"fffd986e"},{"time":0.6667,"color":"ffffff6e"},{"time":1.0667,"color":"ffffff4c"}]}},"bones":{"ax2":{"translate":[{"time":0.5},{"time":1.1667,"y":13.93},{"time":1.5}],"scale":[{"time":0.5},{"time":1.1667,"x":1.217,"y":1.217},{"time":1.5}]},"dg3":{"scale":[{"x":0.956,"y":0.956},{"time":0.5}]},"saoguang":{"translate":[{},{"time":0.6667,"x":468.12,"y":-223.8,"curve":"stepped"},{"time":1.0667,"x":468.12,"y":-223.8},{"time":1.5}],"scale":[{"time":0.6667},{"time":0.7333,"x":0.546}]},"hg":{"translate":[{},{"time":0.3333,"y":11.04},{"time":1.5}]},"dg2":{"scale":[{},{"time":0.3333,"y":0.983},{"time":0.6667}]},"g":{"rotate":[{},{"time":0.3333,"angle":-2.29},{"time":1.3333,"angle":4.55},{"time":1.5}]},"bone":{"scale":[{"time":0.1667,"curve":0.204,"c2":0.09,"c3":0.75},{"time":0.5,"x":1.28,"y":1.28},{"time":1.3333,"x":1.335,"y":1.335,"curve":0.25,"c3":0.827,"c4":0.84},{"time":1.5}]},"g3":{"rotate":[{},{"time":0.3333,"angle":-2.88},{"time":1.3333,"angle":8.06},{"time":1.5}]},"g4":{"rotate":[{},{"time":0.3333,"angle":-13.37},{"time":1.3333,"angle":10.71},{"time":1.5}],"translate":[{},{"time":0.3333,"x":-3.29,"y":-8.04},{"time":1.3333}]},"g5":{"rotate":[{},{"time":0.3333,"angle":-14.4},{"time":1.3333,"angle":7.94},{"time":1.5}]},"g6":{"rotate":[{},{"time":0.3333,"angle":-5.81},{"time":1.3333,"angle":9.1},{"time":1.5}]},"g7":{"rotate":[{},{"time":0.3333,"angle":-4.55},{"time":1.3333,"angle":3.44},{"time":1.5}]},"bone6":{"rotate":[{},{"time":0.3333,"angle":-3.67},{"time":1.3333,"angle":11.13},{"time":1.5}],"translate":[{},{"time":1.3333,"x":-3.62,"y":0.72},{"time":1.5}]},"bone5":{"rotate":[{},{"time":0.3333,"angle":-12.66},{"time":1.3333,"angle":9.87},{"time":1.5}],"translate":[{},{"time":1.3333,"x":-5.07,"y":-5.79},{"time":1.5}]},"bone7":{"rotate":[{},{"time":0.3333,"angle":-2.04},{"time":1.3333,"angle":3.6},{"time":1.5}]},"bone4":{"rotate":[{},{"time":0.1667,"angle":-1.67},{"time":0.4333,"angle":3.12},{"time":1.3333,"angle":0.8},{"time":1.5}]},"bone3":{"rotate":[{},{"time":0.1667,"angle":4.82},{"time":0.4333,"angle":7.95},{"time":1.3333}]},"bg2":{"rotate":[{},{"time":0.1667,"angle":3.04},{"time":0.4333,"angle":6.61},{"time":1.3333,"angle":0.19},{"time":1.5}],"translate":[{},{"time":1.3333,"x":0.54,"y":-4.88},{"time":1.5}]},"g8":{"rotate":[{},{"time":0.3333,"angle":-2.88},{"time":1.3333,"angle":8.06},{"time":1.5}]},"g9":{"rotate":[{},{"time":0.3333,"angle":-13.37},{"time":1.3333,"angle":10.71},{"time":1.5}],"translate":[{},{"time":0.3333,"x":-3.29,"y":-8.04},{"time":1.3333}]},"g10":{"rotate":[{},{"time":0.3333,"angle":-14.4},{"time":1.3333,"angle":7.94},{"time":1.5}]},"g11":{"rotate":[{},{"time":0.3333,"angle":-5.81},{"time":1.3333,"angle":9.1},{"time":1.5}]},"g12":{"rotate":[{},{"time":0.3333,"angle":-4.55},{"time":1.3333,"angle":3.44},{"time":1.5}]},"g2":{"rotate":[{},{"time":0.3333,"angle":-2.29},{"time":1.3333,"angle":4.55},{"time":1.5}]},"dg4":{"rotate":[{},{"time":0.5,"angle":-3.48}]},"bg4":{"rotate":[{},{"time":0.1667,"angle":3.04},{"time":0.4333,"angle":6.61},{"time":1.3333,"angle":0.19},{"time":1.5}],"translate":[{},{"time":1.3333,"x":0.54,"y":-4.88},{"time":1.5}]}}}}},[0]]],0,0,[0],[-1],[11]]]]
