[1,["89c71eac-bcf8-49a0-a4cf-44216ec01e1c@6c48a"],0,[["sp.SkeletonData",["_name","_atlasText","textureNames","_skeletonJson","textures"],-1,3]],[[0,0,1,2,3,4,5]],[[0,"zidan-cth","\r\nzidan-cth.png\r\nsize: 70,91\r\nformat: RGBA8888\r\nfilter: Linear,Linear\r\nrepeat: none\r\ncth\r\n  rotate: false\r\n  xy: 2, 2\r\n  size: 47, 87\r\n  orig: 47, 99\r\n  offset: 0, 12\r\n  index: -1\r\ncth2\r\n  rotate: false\r\n  xy: 51, 13\r\n  size: 17, 76\r\n  orig: 47, 99\r\n  offset: 16, 0\r\n  index: -1\r\n",["zidan-cth.png"],{"skeleton":{"hash":"FareUinMCIwi5B/i09NkPJoiT78","spine":"2.1.27","width":77.87,"height":122.9,"images":"./新炮/新炮/cthyw/"},"bones":[{"name":"root"},{"name":"1","parent":"root","y":25.27},{"name":"2","parent":"root","x":-15.87,"y":1.63},{"name":"3","parent":"root","x":23.61,"y":1.36},{"name":"cth","parent":"1"},{"name":"cth2","parent":"1"},{"name":"cth3","parent":"2"},{"name":"cth4","parent":"2"},{"name":"cth5","parent":"3"},{"name":"cth6","parent":"3"}],"slots":[{"name":"cth2","bone":"cth2","attachment":"cth2"},{"name":"cth","bone":"cth","attachment":"cth"},{"name":"cth6","bone":"cth6","attachment":"cth2"},{"name":"cth5","bone":"cth5","attachment":"cth"},{"name":"cth4","bone":"cth4","attachment":"cth2"},{"name":"cth3","bone":"cth3","attachment":"cth"}],"skins":{"default":{"cth":{"cth":{"width":47,"height":99}},"cth2":{"cth2":{"width":47,"height":99}},"cth3":{"cth":{"width":47,"height":99}},"cth4":{"cth2":{"width":47,"height":99}},"cth5":{"cth":{"x":-8.61,"width":47,"height":99}},"cth6":{"cth2":{"x":-8.61,"width":47,"height":99}}}},"animations":{"animation":{"bones":{"2":{"translate":[{"time":0,"x":0,"y":13.52,"curve":"stepped"},{"time":0.3333,"x":0,"y":13.52}]},"3":{"translate":[{"time":0,"x":0,"y":13.52,"curve":"stepped"},{"time":0.3333,"x":0,"y":13.52}],"scale":[{"time":0,"x":0.891,"y":1.181},{"time":0.1666,"x":1.019,"y":0.96},{"time":0.3333,"x":0.891,"y":1.181}]},"cth":{"rotate":[{"time":0,"angle":0,"curve":"stepped"},{"time":0.1666,"angle":0,"curve":"stepped"},{"time":0.3333,"angle":0}],"translate":[{"time":0,"x":0,"y":-12.48},{"time":0.1666,"x":0,"y":12.32},{"time":0.3333,"x":0,"y":-12.48}],"scale":[{"time":0,"x":1.108,"y":0.912},{"time":0.1666,"x":0.963,"y":1.158},{"time":0.3333,"x":1.108,"y":0.912}]},"cth3":{"translate":[{"time":0,"x":0,"y":12.32},{"time":0.1666,"x":0,"y":-3.27},{"time":0.3333,"x":0,"y":12.32}],"scale":[{"time":0,"x":0.934,"y":1.196},{"time":0.1666,"x":1.149,"y":0.97},{"time":0.3333,"x":0.934,"y":1.196}]},"cth5":{"translate":[{"time":0,"x":0,"y":11.3},{"time":0.1666,"x":0,"y":-2.78},{"time":0.3333,"x":0,"y":11.3}],"scale":[{"time":0.1666,"x":1.078,"y":1}]},"cth2":{"translate":[{"time":0,"x":0,"y":-10.88},{"time":0.1666,"x":0,"y":2.28},{"time":0.3333,"x":0,"y":-10.88}],"scale":[{"time":0,"x":1.254,"y":1.29},{"time":0.1666,"x":1.053,"y":0.934},{"time":0.3333,"x":1.254,"y":1.29}]},"cth4":{"translate":[{"time":0,"x":0,"y":9.24,"curve":"stepped"},{"time":0.3333,"x":0,"y":9.24}],"scale":[{"time":0,"x":1,"y":1},{"time":0.1666,"x":1,"y":1.457},{"time":0.3333,"x":1,"y":1}]},"cth6":{"translate":[{"time":0,"x":0,"y":20.86},{"time":0.1666,"x":0,"y":11.11},{"time":0.3333,"x":0,"y":20.86}],"scale":[{"time":0,"x":1,"y":1},{"time":0.1666,"x":1,"y":1.574},{"time":0.3333,"x":1,"y":1}]}}}}},[0]]],0,0,[0],[-1],[0]]
