[1,["d7jcKAGnxNvrAXnQnpto24@6c48a"],["_textureSource"],["cc.SpriteFrame"],0,[{"name":"bg_xhj_Di","rect":{"x":0,"y":0,"width":1334,"height":81},"offset":{"x":0,"y":0},"originalSize":{"width":1334,"height":81},"rotated":false,"capInsets":[0,0,0,0],"vertices":{"rawPosition":[-667,-40.5,0,667,-40.5,0,-667,40.5,0,667,40.5,0],"indexes":[0,1,2,2,1,3],"uv":[0,81,1334,81,0,0,1334,0],"nuv":[0,0,1,0,0,1,1,1],"minPos":{"x":-667,"y":-40.5,"z":0},"maxPos":{"x":667,"y":40.5,"z":0}},"packable":true,"pixelsToUnit":100,"pivot":{"x":0.5,"y":0.5},"meshType":0}],[0],0,[0],[0],[0]]
