[1,["3fb/NOwB9H/Iy+CmSdt4zT@f9941","3fb/NOwB9H/Iy+CmSdt4zT@6c48a"],["node","root","data","_spriteFrame","_textureSource"],[["cc.Node",["_name","_layer","_components","_prefab","_parent","_children"],1,9,4,1,2],"cc.SpriteFrame",["cc.Prefab",["_name"],2],["cc.UITransform",["node","__prefab","_contentSize"],3,1,4,5],["cc.CompPrefabInfo",["fileId"],2],["cc.Widget",["_alignFlags","_originalWidth","_originalHeight","node","__prefab"],0,1,4],["cc.PrefabInfo",["fileId","instance","targetOverrides","nestedPrefabInstanceRoots","root","asset"],-1,1,1],["cc.Sprite",["_sizeMode","_isTrimmedMode","node","__prefab","_spriteFrame"],1,1,4,6]],[[4,0,2],[3,0,1,2,1],[5,0,1,2,3,4,4],[6,0,1,2,3,4,5,5],[0,0,4,2,3,2],[2,0,2],[0,0,1,5,2,3,3],[0,0,1,4,2,3,3],[7,0,1,2,3,4,3]],[[[[5,"prefab_starlight_gameBoard"],[6,"prefab_starlight_gameBoard",33554432,[-4,-5,-6],[[1,-2,[0,"69nmxCDaJJOY/kStR2c5Nz"],[5,1334,750]],[2,45,100,100,-3,[0,"d5ic3quCdCsY40U5Av4IQF"]]],[3,"8ejzbUYipBHITFaafizOPq",null,null,null,-1,0]],[7,"img_olps_bg",33554432,1,[[1,-7,[0,"5a3Rv4z7NOc7wQhnSvaseN"],[5,1334,750]],[8,0,false,-8,[0,"4deCfT6bhKerGRm1vIVaSj"],0],[2,45,1624,750,-9,[0,"1cHuReKTFBIaGv1bYBUokV"]]],[3,"abOFejvGJF1IZbaxqc6nDZ",null,null,null,1,0]],[4,"props_gameBoard",1,[[1,-10,[0,"bfvaLG8A5ExL6JdVIwh/Uu"],[5,1334,750]],[2,45,100,100,-11,[0,"beqencXt9E04bVkcV0LKqn"]]],[3,"faMScvDqRKWYzK58nzDou7",null,null,null,1,0]],[4,"props_wrap",1,[[1,-12,[0,"eePg5q6OFF7I61doU6Mqq1"],[5,1334,750]],[2,45,100,100,-13,[0,"91/efLOmdOU73DGjqadAXh"]]],[3,"71AwDQZOtIUoTeRd8rxx5k",null,null,null,1,0]]],0,[0,1,1,0,0,1,0,0,1,0,-1,2,0,-2,3,0,-3,4,0,0,2,0,0,2,0,0,2,0,0,3,0,0,3,0,0,4,0,0,4,0,2,1,13],[0],[3],[0]],[[{"name":"bg_starlight_bg","rect":{"x":0,"y":0,"width":1624,"height":750},"offset":{"x":0,"y":0},"originalSize":{"width":1624,"height":750},"rotated":false,"capInsets":[0,0,0,0],"vertices":{"rawPosition":[-812,-375,0,812,-375,0,-812,375,0,812,375,0],"indexes":[0,1,2,2,1,3],"uv":[0,750,1624,750,0,0,1624,0],"nuv":[0,0,1,0,0,1,1,1],"minPos":{"x":-812,"y":-375,"z":0},"maxPos":{"x":812,"y":375,"z":0}},"packable":true,"pixelsToUnit":100,"pivot":{"x":0.5,"y":0.5},"meshType":0}],[1],0,[0],[4],[1]]]]
