[1,["133c6b49-b454-4647-af62-eccc98e19c1a@6c48a","133c6b49-b454-4647-af62-eccc98e19c1a@f9941"],["_textureSource","spriteFrame"],["cc.SpriteFrame",["cc.BitmapFont",["_name","fontSize","fntConfig"],0]],[[1,0,1,2,4]],[[[{"name":"font_sg_num_0","rect":{"x":0,"y":0,"width":282,"height":32},"offset":{"x":-9,"y":84},"originalSize":{"width":300,"height":200},"rotated":false,"capInsets":[0,0,0,0],"vertices":{"rawPosition":[-141,-16,0,141,-16,0,-141,16,0,141,16,0],"indexes":[0,1,2,2,1,3],"uv":[0,200,282,200,0,168,282,168],"nuv":[0,0.84,0.94,0.84,0,1,0.94,1],"minPos":{"x":-141,"y":-16,"z":0},"maxPos":{"x":141,"y":16,"z":0}},"packable":true,"pixelsToUnit":100,"pivot":{"x":0.5,"y":0.5},"meshType":0}],[0],0,[0],[0],[0]],[[[0,"font_sg_num",20,{"commonHeight":19,"fontSize":20,"atlasName":"font_sg_num_0.png","fontDefDictionary":{"32":{"xOffset":-1,"yOffset":18,"xAdvance":5,"rect":{"x":275,"y":0,"width":3,"height":1}},"44":{"xOffset":1,"yOffset":14,"xAdvance":5,"rect":{"x":271,"y":0,"width":3,"height":4}},"46":{"xOffset":1,"yOffset":14,"xAdvance":5,"rect":{"x":279,"y":0,"width":3,"height":1}},"48":{"xOffset":0,"yOffset":0,"xAdvance":27,"rect":{"x":58,"y":0,"width":27,"height":32}},"49":{"xOffset":0,"yOffset":0,"xAdvance":18,"rect":{"x":252,"y":0,"width":18,"height":32}},"50":{"xOffset":0,"yOffset":0,"xAdvance":27,"rect":{"x":86,"y":0,"width":27,"height":32}},"51":{"xOffset":0,"yOffset":0,"xAdvance":27,"rect":{"x":114,"y":0,"width":27,"height":32}},"52":{"xOffset":0,"yOffset":0,"xAdvance":28,"rect":{"x":0,"y":0,"width":28,"height":32}},"53":{"xOffset":0,"yOffset":0,"xAdvance":27,"rect":{"x":142,"y":0,"width":27,"height":32}},"54":{"xOffset":0,"yOffset":0,"xAdvance":27,"rect":{"x":170,"y":0,"width":27,"height":32}},"55":{"xOffset":0,"yOffset":0,"xAdvance":25,"rect":{"x":226,"y":0,"width":25,"height":32}},"56":{"xOffset":0,"yOffset":0,"xAdvance":27,"rect":{"x":198,"y":0,"width":27,"height":32}},"57":{"xOffset":0,"yOffset":0,"xAdvance":28,"rect":{"x":29,"y":0,"width":28,"height":32}}},"kerningDict":{}}]],0,0,[0],[1],[1]]]]
