[1,["9d5f5b90-e655-4052-85fb-1ac57fabc40e","187a2ac5-e9c1-499b-bb0b-50b56a0256b0@f9941","3830e025-235c-449c-89e0-c6433e553641@f9941","8e330502-263e-4da8-89ab-2dc22488326f@f9941","1745e5af-e171-4f24-b980-ea8d397dc5ec@f9941","057890dc-e245-40b5-93f2-0f83a506f4fe@f9941","238df35a-0996-4a6b-ab4a-d12e84dcdc9d@f9941","70f3375c-df4d-4d14-91f1-e6821e29b3a1@f9941","6d49524e-cfaa-4980-92a7-88f6d75dcc16@f9941","926af2cc-ca49-4906-b1ba-2b0c10dff98f","34fc333f-2eb3-456e-a122-df3e9034efc5@6c48a","34fc333f-2eb3-456e-a122-df3e9034efc5@f9941","81bf7b0e-8160-4d51-af2e-a4d6364a320e@f9941","2ad90a84-6d6b-4e32-b3c0-44a750fdd493","3654b504-8f00-409d-bc82-7c5eb9613b24@f9941","e6fc2d1e-21fa-424f-a895-9a569c854eea@f9941","f7feca5b-7339-4e28-917b-06114dccdbdf@f9941","db861544-16fa-4602-b5d0-f86ef7dc3368@f9941","a01edadb-3a22-4a51-8567-4be3ad06a4db@f9941","1f33a5de-2ae3-4794-9509-a2e9b2e933d9","7d56a662-8b1f-4571-bb56-a3ddb99eb373@f9941","5f3e5d4d-60ae-48c8-8720-676700a8de7d@f9941","fee4d026-91de-4666-bba7-86955e316ed4@f9941","3322f59a-8bc7-42e7-80aa-79b47ccb866f@f9941","fee4d026-91de-4666-bba7-86955e316ed4@6c48a"],["node","_spriteFrame","_atlas","_normalSprite","_target","_textureSource","_font","root","_checkMark","data","_defaultClip"],[["cc.Node",["_name","_active","_layer","_components","_prefab","_parent","_children","_lpos"],0,9,4,1,2,5],["cc.Sprite",["_sizeMode","_type","_isTrimmedMode","node","__prefab","_spriteFrame","_atlas","_color"],0,1,4,6,6,5],["cc.Label",["_string","_actualFontSize","_fontSize","_enableWrapText","_lineHeight","_overflow","_isSystemFontUsed","_spacingX","node","__prefab","_color","_font"],-5,1,4,5,6],"cc.SpriteFrame",["cc.Widget",["_enabled","_alignFlags","_originalWidth","_originalHeight","node","__prefab","_target"],-1,1,4,1],["cc.Prefab",["_name"],2],["cc.Node",["_name","_active","_layer","_parent","_components","_prefab"],0,1,12,4],["cc.UITransform",["node","__prefab","_contentSize"],3,1,4,5],["cc.CompPrefabInfo",["fileId"],2],["cc.PrefabInfo",["fileId","instance","targetOverrides","nestedPrefabInstanceRoots","root","asset"],-1,1,1],["cc.Button",["_transition","_zoomScale","node","__prefab","_normalColor","_target","_normalSprite"],1,1,4,5,1,6],["cc.BlockInputEvents",["node","__prefab"],3,1,4],["cc.Toggle",["_isChecked","node","__prefab","_checkMark","_normalSprite"],2,1,4,1,6],["cc.Animation",["node","__prefab","_clips","_defaultClip"],3,1,4,3,6]],[[8,0,2],[7,0,1,2,1],[9,0,1,2,3,4,5,5],[0,0,5,3,4,7,2],[0,0,5,6,3,4,7,2],[1,1,0,3,4,5,6,3],[10,0,1,2,3,4,5,6,3],[1,3,4,5,6,1],[0,0,1,5,3,4,3],[0,0,2,5,3,4,7,3],[1,0,3,4,5,6,2],[1,3,4,5,1],[0,0,1,5,6,3,4,3],[0,0,1,5,3,4,7,3],[0,0,5,3,4,2],[1,3,4,7,5,1],[2,0,1,2,3,8,9,10,5],[5,0,2],[0,0,6,3,4,2],[0,0,5,6,3,4,2],[0,0,1,5,6,3,4,7,3],[6,0,1,2,3,4,5,4],[4,0,1,2,3,4,5,5],[4,0,1,2,4,5,6,4],[1,1,0,3,4,7,5,6,3],[1,0,2,3,4,5,6,3],[1,0,2,3,4,7,5,6,3],[1,3,4,1],[11,0,1,1],[12,0,1,2,3,4,2],[2,0,1,2,4,5,3,6,8,9,11,8],[2,0,1,2,4,5,3,6,7,8,9,11,9],[2,0,1,2,4,8,9,10,5],[2,0,1,2,4,5,3,8,9,10,7],[2,0,1,5,3,8,9,10,5],[13,0,1,2,3,1]],[[[{"name":"bg_xggz_caozuobox_di","rect":{"x":0,"y":0,"width":1451,"height":114},"offset":{"x":-0.5,"y":0},"originalSize":{"width":1452,"height":114},"rotated":false,"capInsets":[0,0,0,0],"vertices":{"rawPosition":[-725.5,-57,0,725.5,-57,0,-725.5,57,0,725.5,57,0],"indexes":[0,1,2,2,1,3],"uv":[0,114,1451,114,0,0,1451,0],"nuv":[0,0,0.9993112947658402,0,0,1,0.9993112947658402,1],"minPos":{"x":-725.5,"y":-57,"z":0},"maxPos":{"x":725.5,"y":57,"z":0}},"packable":true,"pixelsToUnit":100,"pivot":{"x":0.5,"y":0.5},"meshType":0}],[3],0,[0],[5],[10]],[[[17,"prefab_starlight_down_new"],[18,"prefab_starlight_down_new",[-4],[[1,-2,[0,"70mKo5mZJGo59ZlRr/6t3Y"],[5,1334,750]],[22,false,45,100,100,-3,[0,"b6JgHTyGxL6YdcFUoq5UDY"]]],[2,"c46/YsCPVOJYA4mWEpNYRx",null,null,null,-1,0]],[4,"down_operate",1,[-6,-7,-8,-9,-10,-11,-12,-13,-14,-15,-16,-17],[[1,-5,[0,"78TGyoyPFOZIzUC/aF33YL"],[5,1334,200]]],[2,"644N7Z265OsZ/D54XvVhuq",null,null,null,1,0],[1,0,-275,0]],[4,"props_btn_down_auto",2,[-22,-23,-24],[[1,-18,[0,"d6gj7NmcVM85QLrKYACDGa"],[5,106,59]],[5,1,0,-19,[0,"19XBEdbFlIu5RdjqE6tKCR"],30,31],[6,3,0.9,-21,[0,"7btcf2NYVOSJJB0WoM1m+q"],[4,4292269782],-20,32]],[2,"45KAG+MTVOMaYWEx9nbVzo",null,null,null,1,0],[1,316,-63,0]],[4,"props_startButton",2,[-29,-30,-31],[[1,-25,[0,"b9A2B6y71L6Lr5joS2D71b"],[5,206,183]],[5,1,0,-26,[0,"45ARqvT/xER7/G4a73x3Yy"],46,47],[6,3,0.9,-28,[0,"f3i+EsDZBLsZIpRX4u9mZo"],[4,4292269782],-27,48]],[2,"968l4Yi8NOopXYFwV1oUNf",null,null,null,1,0],[1,546,-9,0]],[4,"props_min_btn",2,[-36],[[1,-32,[0,"5064mQ9eRFiaY7vKnvQUH3"],[5,54,55]],[5,1,0,-33,[0,"1dB297M7ZL0bNWQm/o3/+w"],8,9],[6,3,0.9,-35,[0,"1eh21DnQBCJL+3FGRrdHfa"],[4,4292269782],-34,10]],[2,"59r4AvzFJCmaUeOBJ5Mf/Z",null,null,null,1,0],[1,-545,-63,0]],[4,"props_max_btn",2,[-41],[[1,-37,[0,"6bqjBkhxdEcpWUaL/tKn4h"],[5,54,55]],[5,1,0,-38,[0,"206vpX9tZHmpw4DomtXX+6"],14,15],[6,3,0.9,-40,[0,"edtP9XMo9Bb71Oef/CnwP0"],[4,4292269782],-39,16]],[2,"71UTYtrORI5oH8XGvGUXQS",null,null,null,1,0],[1,-350,-63,0]],[3,"spr_down_bg",2,[[1,-42,[0,"efDbmQh71O/aRegqrdRkqN"],[5,1452,114]],[10,2,-43,[0,"61oqAALNhFerax0JItJwtK"],0,1],[28,-44,[0,"a9cFEaIZBA16hA+4hBE3dF"]],[23,false,40,1450,-45,[0,"fb7GmaAjNKJaZ7ooW0Okj6"],1]],[2,"84ZN+elWNBXr3sRvyKyj8c",null,null,null,1,0],[1,0,-43,0]],[8,"disable",false,5,[[1,-46,[0,"bcF4ZRIBZBL4mU4XIJczdF"],[5,54,55]],[5,1,0,-47,[0,"cfHuwYGqFBUJS/1EBCXXQi"],5,6],[6,3,0.9,-49,[0,"0fkZhwO2JP34YrF/SgJsUC"],[4,4292269782],-48,7]],[2,"67YECbxB5GLKnvPsdUbKcE",null,null,null,1,0]],[8,"disable",false,6,[[1,-50,[0,"279P5i18lLP6owxcVV/5iN"],[5,54,55]],[5,1,0,-51,[0,"3f6A/wR11AKbUIFpgvtiic"],11,12],[6,3,0.9,-53,[0,"9d1+TYOAZF/LATY4B17dRA"],[4,4292269782],-52,13]],[2,"b4hdQd3OVIAKrfxuL0/Wc3",null,null,null,1,0]],[4,"props_autoLaunch_auto",3,[-55,-56,-57],[[1,-54,[0,"97LuQ4WKVKFa4wr7yialQU"],[5,91.76,22.68]]],[2,"73i7U5QhpEfYtUkhtoThey",null,null,null,1,0],[1,0,14,0]],[19,"props_autoLaunch_limit",10,[-59,-60,-61],[[1,-58,[0,"f4vkzD95ZOHI9jbK1oC9m2"],[5,58.87,54.4]]],[2,"f2NsGSZ2VER5z9wCEHBjQl",null,null,null,1,0]],[4,"props_toggle_fast",2,[-66],[[1,-62,[0,"b53rAUe7ZBb64z1C9XUaGM"],[5,58,59]],[5,1,0,-63,[0,"f5CCTmQuRBXqTlu42HS8sr"],33,34],[29,false,-65,[0,"011FMHznNDN4X9nwDiILkd"],-64,35]],[2,"7dt9uMfSJMfbGV0XVvz6IH",null,null,null,1,0],[1,414,-61,0]],[12,"disable",false,4,[-69,-70],[[1,-67,[0,"3fzpHZwnVCOoAx3fEBU5zZ"],[5,206,183]],[7,-68,[0,"e5c93h+XNO+qeJ9g+25CiB"],44,45]],[2,"460nNppPdCBqTKeilkiexo",null,null,null,1,0]],[4,"props_word_down_winNum",2,[-73],[[1,-71,[0,"4cY33/qEFN0ZJUJbHsEoqQ"],[5,360,80]],[30,"1,000",20,20,35,2,false,false,-72,[0,"3f0J/JgTRNmKTYAbF5q2qV"],23]],[2,"28jN1bSkhGXq8xndzVFhLj",null,null,null,1,0],[1,0,-53,0]],[12,"disable",false,3,[-76],[[1,-74,[0,"13vvvyIVVG/qVxTPLR+by5"],[5,106,59]],[24,1,0,-75,[0,"d62eaZXLVLr6iVJcSnMt2F"],[4,2181038080],28,29]],[2,"e7FaRehOpHD4Wi7sqaCPmt",null,null,null,1,0]],[4,"props_word_down_pular",4,[-79],[[1,-77,[0,"2bMpVAEhRKSr8tkGOmarFH"],[5,84,32]],[7,-78,[0,"3027gzgZRKjJY/h+U7IkDi"],37,38]],[2,"e8n5fHXc5HFK+BcyXObifm",null,null,null,1,0],[1,0,10,0]],[20,"props_scrollingThePicture",false,4,[-82],[[1,-80,[0,"05Y1Z3ZnxOSqxv399aAPQ/"],[5,52,52]],[7,-81,[0,"a7QTww4GRB2q8YBEwQwP9F"],40,41]],[2,"0e1B5gxwxCCYQV3cJjX87d",null,null,null,1,0],[1,0,10,0]],[13,"props_spr_nomoney",false,2,[[1,-83,[0,"70vK4NQGxI3ZT3rZsIAQFi"],[5,229,76]],[11,-84,[0,"76aRDfSmBLAKhjt4cdl8Cd"],49],[35,-85,[0,"74wVwErV9E+I5hGcMgv+Do"],[50],51]],[2,"d53Eca499Bb5rQXarOCBrl",null,null,null,1,0],[1,-448,16,0]],[3,"spr_down_betBg",2,[[1,-86,[0,"cd2b7NbgtJo5/c9ZDyfNqJ"],[5,254,55]],[10,0,-87,[0,"ff2tL7c21FJoqKD/NwJ9eg"],2,3]],[2,"c1CQiWHYxEmrhBlhbpTwWJ",null,null,null,1,0],[1,-447,-63,0]],[3,"props_betAmount",2,[[1,-88,[0,"8bwYE+mvBBV6lCW+N0KYKR"],[5,130,35]],[31,"0.2",12,12,35,2,false,false,2,-89,[0,"e5PkoNFSFAobf2+B/s9KfJ"],4]],[2,"f78iiYgqlLW7ZoJyFa4cMm",null,null,null,1,0],[1,-447,-56,0]],[3,"spr_dwon_win_bg",2,[[1,-90,[0,"aaE8t3R6pCbLTYvxuT14W8"],[5,502,97]],[10,0,-91,[0,"38dJycV1FODbG3bkOksU+1"],17,18]],[2,"83F2cek5ZONKyUaP70Lil1",null,null,null,1,0],[1,0,-52,0]],[3,"props_word_down_goodluck",2,[[1,-92,[0,"ceOQEZm/FDCoDFCZI07rQt"],[5,243,38]],[7,-93,[0,"6a4zAqEhlNko+HqBDbIXUZ"],19,20]],[2,"e81Sy+40lHYpoMhAdZjYYD",null,null,null,1,0],[1,0,-62,0]],[3,"props_word_down_menang",14,[[1,-94,[0,"56mnBQ8IBDwr/1PzBKaMIj"],[5,56,26]],[7,-95,[0,"a3ZM4pdiFMd55IYz2gG6vy"],21,22]],[2,"72uJOjdrJEOK/f1xIiAnNh",null,null,null,1,0],[1,0,28,0]],[13,"props_autoLaunch_not_auto",false,3,[[1,-96,[0,"afsdC4Xu5KG6oa1JUqmIfx"],[5,64,18]],[25,2,false,-97,[0,"e5+mYdb0pGNqlC6jUiwkoG"],24,25]],[2,"1fT2/XvB5IzbZOe/jUTkNQ",null,null,null,1,0],[1,0,4,0]],[3,"spr_stop",10,[[1,-98,[0,"74wF9qWnBH/5v+xVnPWvZ/"],[5,48.68,22.68]],[32,"STOP",18,18,18,-99,[0,"103R9/VIFO2bSnf++9qPsN"],[4,4280733951]]],[2,"4852F3dxhMT6AVlNgkHIeb",null,null,null,1,0],[1,0,-24,0]],[8,"props_autoLaunch_label",false,10,[[1,-100,[0,"18jaGBdUdD+LAzgbuDYMUM"],[5,91.76,22.68]],[33,"999/999",22,22,18,2,false,-101,[0,"30snE7vLFDmJUssnm8xw/5"],[4,4280733951]]],[2,"f9eHXvb3JGxInAzol99mJ5",null,null,null,1,0]],[9,"props_autoLaunch_limit_count",33554432,11,[[1,-102,[0,"abX9Xi2ZJDTJHhSXnjy/PV"],[5,48.94,50.4]],[16,"9999",22,22,false,-103,[0,"ddjKSgPCBPvK10IpvrGdk6"],[4,4280733951]]],[2,"296EWKbvlF05n59drvGW2i",null,null,null,1,0],[1,-17.315000000000055,0,0]],[9,"autoLaunch_limit1",33554432,11,[[1,-104,[0,"345Yj+bm5CUqAg/M50itwx"],[5,6.11,50.4]],[16,"/",22,22,false,-105,[0,"daej5gwQxA1qozNijyi+Um"],[4,4280733951]]],[2,"b5NIjN/gJBGp5mXrXQDmtg",null,null,null,1,0],[1,10.210000000000036,0,0]],[9,"autoLaunch_limit2",33554432,11,[[1,-106,[0,"33NuAcxI1O0Lm6da2xxc+D"],[5,28.52,50.4]],[34,"∞",40,2,false,-107,[0,"edaz5UpotBN6pPvEdqif35"],[4,4280733951]]],[2,"a9Am77ziBNUZLtDczOUuZO",null,null,null,1,0],[1,27.524999999999977,0,0]],[3,"spr_word_down_auto",15,[[1,-108,[0,"82niAymmFF57Bab3Pk4Qqh"],[5,64,18]],[26,2,false,-109,[0,"f8dAt4tE9IUZz4572nmINs"],[4,3179381121],26,27]],[2,"b6UrvQAvpK0bUHILQDIKuC",null,null,null,1,0],[1,0,4,0]],[21,"Checkmark",false,33554432,12,[[[1,-110,[0,"55dp9wt1JGn6ePlxK7afzr"],[5,58,59]],-111],4,1],[2,"4bh/IU11RBd5eVwA+eV4xS",null,null,null,1,0]],[14,"spr_spin",16,[[1,-112,[0,"03L/ci5GtDsLK1sq5GEhO1"],[5,140,124]],[11,-113,[0,"e2EWNK/N9IHoZEz6P1lM6t"],36]],[2,"8894tEvcxOV57aqDSzmQCE",null,null,null,1,0]],[14,"spr_arow",17,[[1,-114,[0,"9aPEEnpL1OkK8e/IZILnIh"],[5,140,124]],[11,-115,[0,"bfJLhBVM5MO4jxcd5Szfjq"],39]],[2,"56G/hiqlNBk6AIiict+2kA",null,null,null,1,0]],[3,"zi_spin2",13,[[1,-116,[0,"e7cy+Z3DlBtZKKckAPHMPx"],[5,52,52]],[15,-117,[0,"7d+UCY50hHh5Pi1p4tSV50"],[4,4289045925],42]],[2,"93Au7RqOBOkqV9ZcqiE193",null,null,null,1,0],[1,0,10,0]],[3,"graw_arow",13,[[1,-118,[0,"a3kA6Vo7lMbI0js3gcc/E7"],[5,140,124]],[15,-119,[0,"e7uOHc8BVIc7pSoB+B1CUW"],[4,4289045925],43]],[2,"03jI5kwHhDoLLRO0l4rsQL",null,null,null,1,0],[1,0,10,0]],[27,31,[0,"b1y1SCWNxF+7K9CV360UOD"]]],0,[0,7,1,0,0,1,0,0,1,0,-1,2,0,0,2,0,-1,7,0,-2,19,0,-3,20,0,-4,5,0,-5,6,0,-6,21,0,-7,22,0,-8,14,0,-9,3,0,-10,12,0,-11,4,0,-12,18,0,0,3,0,0,3,0,4,3,0,0,3,0,-1,24,0,-2,10,0,-3,15,0,0,4,0,0,4,0,4,4,0,0,4,0,-1,16,0,-2,17,0,-3,13,0,0,5,0,0,5,0,4,5,0,0,5,0,-1,8,0,0,6,0,0,6,0,4,6,0,0,6,0,-1,9,0,0,7,0,0,7,0,0,7,0,0,7,0,0,8,0,0,8,0,4,8,0,0,8,0,0,9,0,0,9,0,4,9,0,0,9,0,0,10,0,-1,25,0,-2,26,0,-3,11,0,0,11,0,-1,27,0,-2,28,0,-3,29,0,0,12,0,0,12,0,8,36,0,0,12,0,-1,31,0,0,13,0,0,13,0,-1,34,0,-2,35,0,0,14,0,0,14,0,-1,23,0,0,15,0,0,15,0,-1,30,0,0,16,0,0,16,0,-1,32,0,0,17,0,0,17,0,-1,33,0,0,18,0,0,18,0,0,18,0,0,19,0,0,19,0,0,20,0,0,20,0,0,21,0,0,21,0,0,22,0,0,22,0,0,23,0,0,23,0,0,24,0,0,24,0,0,25,0,0,25,0,0,26,0,0,26,0,0,27,0,0,27,0,0,28,0,0,28,0,0,29,0,0,29,0,0,30,0,0,30,0,0,31,0,-2,36,0,0,32,0,0,32,0,0,33,0,0,33,0,0,34,0,0,34,0,0,35,0,0,35,0,9,1,119],[0,0,0,0,0,0,0,0,0,0,0,0,0,0,0,0,0,0,0,0,0,0,0,0,0,0,0,0,0,0,0,0,0,0,0,0,0,0,0,0,0,0,0,0,0,0,0,0,0,0,0,0,36,36],[1,2,1,2,6,1,2,3,1,2,3,1,2,3,1,2,3,1,2,1,2,1,2,6,1,2,1,2,1,2,1,2,3,1,2,3,1,1,2,1,1,2,1,1,1,2,1,2,3,1,-1,10,1,2],[11,0,12,0,13,14,0,1,1,0,1,15,0,2,2,0,2,16,0,17,0,18,0,19,5,0,5,0,3,0,3,0,3,6,0,6,4,20,0,4,7,0,7,4,21,0,8,0,8,22,9,9,23,0]],[[{"name":"Rptidakmencukupi","rect":{"x":0,"y":0,"width":229,"height":76},"offset":{"x":0,"y":0},"originalSize":{"width":229,"height":76},"rotated":false,"capInsets":[0,0,0,0],"vertices":{"rawPosition":[-114.5,-38,0,114.5,-38,0,-114.5,38,0,114.5,38,0],"indexes":[0,1,2,2,1,3],"uv":[0,76,229,76,0,0,229,0],"nuv":[0,0,1,0,0,1,1,1],"minPos":{"x":-114.5,"y":-38,"z":0},"maxPos":{"x":114.5,"y":38,"z":0}},"packable":true,"pixelsToUnit":100,"pivot":{"x":0.5,"y":0.5},"meshType":0}],[3],0,[0],[5],[24]]]]
