{"importBase":"import","nativeBase":"native","name":"dfdc","deps":["main"],"uuids":["00IolrfMpF05z3b26Zn5Oz@f9941","00TOm3+cNKVKwtYA2cWJxB@6c48a","008PNjSg5O7JHTvsWYPyIp@6c48a","03iAQC3ipIgq9S2d0VTubA@f9941","05CzOLedxFZL7CHLUu1YKB","082Hs1b5BBg5OOIbWfCsxO@f9941","00TOm3+cNKVKwtYA2cWJxB","00TOm3+cNKVKwtYA2cWJxB@f9941","00wZaPY0pIIYpyjUUj6klj","008PNjSg5O7JHTvsWYPyIp","01b533059","03341e217","036100507","03e193130","03fb21f41","0506d5063","052f46737","0554f0f32","05aEGQ3ztHh5dsiEsd78+x@6c48a","08whEAmu9CLqLlNCdZGsUt@6c48a","082Hs1b5BBg5OOIbWfCsxO@6c48a","05aEGQ3ztHh5dsiEsd78+x","05aEGQ3ztHh5dsiEsd78+x@f9941","0572eeff5","05a9d5875","05e352756","0669a13cd","066f33022","064+IvrPpHJpSD/bx6BnUe@6c48a","064+IvrPpHJpSD/bx6BnUe@f9941","08HxE4wCxNc5Nf9GPTOLyI@f9941","062uNNjPZGfpz4Z1EnS4G4","064+IvrPpHJpSD/bx6BnUe","07Gbtrlj5B6YQWnI4mvsbt","07d487d00","08Br9tdzJB2rmHkSQ0FLf3","08ZKGjYu5HbI4WSFS4BTXp","08a1b69ef","08whEAmu9CLqLlNCdZGsUt","08cc05ac0","09117afb3","09suxdbgBIq6dHLAlPlg8S@6c48a","09suxdbgBIq6dHLAlPlg8S@f9941","0fTOkd8SxDZai5campECLZ@6c48a","082Hs1b5BBg5OOIbWfCsxO","09QyMl7FNH6rffuJIb5P0i","09suxdbgBIq6dHLAlPlg8S","0a69af9be","0af294f30","0b443a7c4","0b44adb12","0bcPsyhxZKHKkxwFIkvLEm","0c60beea6","0crgwfMIROja+NcJybw90p","0c1zcdWKtBk6AJUBI/sSD9@6c48a","0c1zcdWKtBk6AJUBI/sSD9@f9941","0fTOkd8SxDZai5campECLZ@f9941","134CuD4cBKopVqE7E2rOAI@f9941","157P6gvNNN5qpTFcv7krzt@6c48a","0c1zcdWKtBk6AJUBI/sSD9","0c2cBn3dFJQLgJZUoLhhY5","0d03aaf07","0f1ce8974","0fTOkd8SxDZai5campECLZ","0f4ebe5be","11b533059","15CCXeVQdI/KZDFCCgjGIc","11b533059@6c48a","13815dde3","13815dde3@6c48a","13k29lMphLOIVLsR/vy88X","13e193130","13e193130@6c48a","152f46737","152f46737@6c48a","153566f37","153566f37@6c48a","157P6gvNNN5qpTFcv7krzt","157P6gvNNN5qpTFcv7krzt@f9941","16D8NfVd5ChbQaHOcibElF","18cc05ac0","1adFAOculIkI743MHfz1Pr","1d2Di+XGxEnbE+k3zd0RpV@6c48a","1enSq1liNH7agLZXK0xGZu@f9941","1fq+OaG2JF5JF/lqzGlVlN@f9941","22J9ZHqOBPKrGokDDBssnK@6c48a","223YeIhkFCy5nWI3CwSY0A@f9941","23cJ5YYENFwLB++5F2kBjx@6c48a","24QtEBsy1C07BFfDNv6NFz@f9941","27lDcMx1pHIbfFzSXaxrIc@6c48a","18cc05ac0@6c48a","1963Dsfr9DXLBgqNSM5G5r","198yP/uY1LxImNPNBT9zZj","1d03aaf07","21dzSKBlpLAapJAcqG90QZ@f9941","231Ezh44VHkLAWdN5wScze@6c48a","231Ezh44VHkLAWdN5wScze@f9941","24QtEBsy1C07BFfDNv6NFz@6c48a","26+92SMnlECZAbPU08Sbr0@6c48a","1d03aaf07@6c48a","1d2Di+XGxEnbE+k3zd0RpV","1d2Di+XGxEnbE+k3zd0RpV@f9941","1e6wCq/YZN3LUqF4+nO3pp","20g1ukYUVPvKWKBRznAKo+","21zromPBxBJL8FoV1G7tVM@6c48a","26+92SMnlECZAbPU08Sbr0@f9941","29eLVMK/dGA6qKjkATLGTA","2bEz/bQptPBLbxk4etbRPJ@6c48a","2bEz/bQptPBLbxk4etbRPJ@f9941","2cb/FTpQpIUab+vATFdY5p@f9941","2cuQsyDZxPKJPsdX7VZ476","2drjH33+xH87bDOIbdy6hE","2eauouJD9L95LqozDk0743","306YhNeARE3Z8M4BAc6kri@6c48a","31JMZ9gqtGaLmCfOkJTp/2","31pXc3yyxLTK62/0QTvnsu@6c48a","31pXc3yyxLTK62/0QTvnsu@f9941","32n7BkMYtAFr1a3r4UsK58@f9941","35o21ABzlAQYTp5rz9lyRB@6c48a","35o21ABzlAQYTp5rz9lyRB@f9941","37RJeA0xNGoJuCZK7tQWsl@6c48a","38OQHzDMdJqI488UCLhG7y","39XICJzvJD3a8AtA4rPHEX@f9941","39fX8mRgFCwZyXJtjOOwV5@f9941","39vRUxdJVCZ4W5OCFDoiaC@6c48a","39vRUxdJVCZ4W5OCFDoiaC@f9941","39xfTFvo1GvbHGVeZ6j1Wp@6c48a","39xfTFvo1GvbHGVeZ6j1Wp@f9941","3a5JxAgahHCKdbZbjQctyV","3ctL7nvj9LIZKvWS9H4TFT@6c48a","3ctL7nvj9LIZKvWS9H4TFT@f9941","3efSxVRVJBV4fdLAFQnSLn@6c48a","41+A6Z/GhIm7FlcQOB5RoH@6c48a","43+HZ8IwdEGZPyEj1B01rt@f9941","45T8S0+/JPgLYaftKAcdsf@f9941","46A2ccBRhMzpqZ+u+pl38g","48OxI5czFAH7gc5i04RKBa@6c48a","48OxI5czFAH7gc5i04RKBa@f9941","48UkEwbv9G5IkrRfsJI23s@6c48a","49m45Lx1BDtoCM6u1OUZcW@f9941","4bCBSTG7pHD4818qxcT9be@6c48a","4bCBSTG7pHD4818qxcT9be@f9941","4bngaq5SVOzrLcBqVtMRnp@6c48a","4c6N4MO6lAvoI7VOqSjQky@6c48a","4c6N4MO6lAvoI7VOqSjQky@f9941","4dM33Sba1AH53AYOrc/tXS","4dzebct5lDlLdSTUITD1r+","4fWEtEP35EEK5KOFpn5k2e@f9941","4f8UmnSlRLv4dTKmzDOBTQ@6c48a","4f8UmnSlRLv4dTKmzDOBTQ@f9941","50tmt0335DTb7zNrxrCNUh@f9941","51KtRBsqZOvq/RgxobBLt0","52Hy90iZBJU4ojQCi6aaXu@6c48a","52Hy90iZBJU4ojQCi6aaXu@f9941","53OnNcenRGjatZPKkxpm6F@6c48a","53OnNcenRGjatZPKkxpm6F@f9941","53QbiXdcpFJoxHQjnrty1F@6c48a","541pPjy6xMRqInwuRpaXoZ@6c48a","54+dtg7e5Eib5EvSa6XN6r@6c48a","54+dtg7e5Eib5EvSa6XN6r@f9941","55j/ZgS4ZBS7dsw/RfwNbC","56pAum3jNC2rTcs4XBeJ/u@6c48a","58UPrZNhZJmb6G/VGt/jat","5bCs1qXo1B+5TZWGNBJ0Rf","5b8s0VUAhD46Bmc1MEa7O2@f9941","5cRrObsQtJ44bhk9EkZOxE@6c48a","5ek++Ws1ZLdL0e/NMCKxe8@6c48a","5fFmbv0KVBMrnIM7s3+nwf","5fYvJNoSZEMr9KCB5t7Sm/@f9941","61YpO3bkhKNqKJd6WXNHDa@6c48a","61YpO3bkhKNqKJd6WXNHDa@f9941","62o7hmsRBA/YKJ9P0ehd4f@6c48a","62o7hmsRBA/YKJ9P0ehd4f@f9941","63Z+QQSm5FvLAxW2DrVq9e","632pzY3p9Abp0jcivtIkYF@6c48a","632pzY3p9Abp0jcivtIkYF@f9941","64pgdY80lCC4OHJBC3ega5@6c48a","64pgdY80lCC4OHJBC3ega5@f9941","66GC+YXzlOgqJ2Cq0XSfmb@f9941","67D0nfanFC2pf02+309DF8","67kpdiiSpHkKCZ24RCB9Sw@6c48a","67zSaHRGVN5522pQ2sG/th@6c48a","67zSaHRGVN5522pQ2sG/th@f9941","68Kshn8H1CiKjPOU9Elssc@6c48a","68drkCm/xP0pb+ux017hLQ@f9941","692VMmx1hBLonwY/BLEVHg@6c48a","6cRkhq6ShB84/WEXhFU6Vq","6c5Hi7CwpNErOajAtX4W/3@6c48a","6c5Hi7CwpNErOajAtX4W/3@f9941","6dwsfrYElNA4GaqqEBbEzK@6c48a","6dwsfrYElNA4GaqqEBbEzK@f9941","6fMQkgVztKxpe2oL1MfTBi@6c48a","6f7H4LGbRGEbh6XVFg8yS1@f9941","72McaGsmVKp6cKU37lp39O@6c48a","73e471ev5PXoRw4ZaeQxEH","74usIh8wxDGJeXTZmxdvTE@6c48a","76Y2QQ5nZDEqgaVCmujpY7@6c48a","76Y2QQ5nZDEqgaVCmujpY7@f9941","77tbx4BIxHkIoxSmUhiywP@6c48a","787yllW/JAC5cTFQtF9h0I@6c48a","7dEr8T5pxEQp5waxYQ4Xcj@f9941","7de5bP3iFAJZE9ZbrpTp6u@6c48a","7eygKdVItFaKPYwE030tWU@6c48a","7fsq5uFO1OwL/aIZb6om9Y","7f0tnk/WBM3LrjsxgmA1NP@6c48a","80JKvh39hLdacv8c1A0MZH","80MDK3IhdLTKx8PteLdtIi@6c48a","80MDK3IhdLTKx8PteLdtIi@f9941","80RWiwG2JGh6gx94q6BYxf@f9941","82T5I7V4pBP7efwkq2VFlw","83FBn/latA0o0AhVh21z9F","83+oMsBD5CbKU0gOs3ikKH@6c48a","83+oMsBD5CbKU0gOs3ikKH@f9941","85RpENU3tIe6VLcxMejT/I@f9941","85gMFwy6BJPKreDV5y8CDw@6c48a","85gMFwy6BJPKreDV5y8CDw@f9941","85z+o9IddM/IcSVahkAOYV@f9941","86Pl/UcfNP+4SH6jf6taaW@6c48a","86junin/JKm548Dx7VswfU@6c48a","875+O8B71DvIzsnaLMAi58@f9941","88Syg3SbpLK5+QXOZ9TEzD@6c48a","88Syg3SbpLK5+QXOZ9TEzD@f9941","88eitOkqpA0pPmGqG6t3bS@f9941","89UxvffwdHaZGvA3cp7Phj","892gcLP05N555G+Yq36Pha@6c48a","892gcLP05N555G+Yq36Pha@f9941","8c0QlsoM9NFIufq2wUZJYH","8eK1c1DRFAYZ3v4Z7k9Pci@6c48a","8eK1c1DRFAYZ3v4Z7k9Pci@f9941","8epYDV5OJOyq4ottRZvDWW@6c48a","8epYDV5OJOyq4ottRZvDWW@f9941","8fC56iO/9IU7taFZ1N2uvy","8faitsjeRCuomLE4U1MZkn@6c48a","8faitsjeRCuomLE4U1MZkn@f9941","92HDhZk3JLvZouX4abSpZn@6c48a","92HDhZk3JLvZouX4abSpZn@f9941","93RN74WwVIjY7A3PWWi0z3@6c48a","95nRjxcqVB5IJn/29itrMT@6c48a","95nRjxcqVB5IJn/29itrMT@f9941","9aiTkzjJRMs5iu/lAQz254@6c48a","9aiTkzjJRMs5iu/lAQz254@f9941","9a9/RxJUtJAYcTyg9TsuXV@f9941","9cvMHSdKJKKqMQUPsMDGcq@6c48a","9e6kZnJSxA6qikkt3canm/@6c48a","9fRZefKedFCb+1crGzhEeI","a237fUa+BFW4+iQ0IIu76l@f9941","a3ApIV9DJGkL90Vt7Av/Tx@6c48a","a4h8LsgwJITLaGWu+i3L8G@6c48a","a4h8LsgwJITLaGWu+i3L8G@f9941","a4yytMo/lJ2IUbApSm6Fb8","a5aMyDy6BMSqNe8AKjVK0d@6c48a","a6aLhM/txAHoCSlUVNmAN/@f9941","a6k6xKqyZHNosPDU5kcwJz@6c48a","a6k6xKqyZHNosPDU5kcwJz@f9941","a8H7dlvxNBxrcsPWyknn2u@f9941","a8aYKVeRdLHbV2yT1kuSaB@f9941","a80Ok9HKBN36jh4S9McrZG@6c48a","a9BX7HzmZN1bKzhWHohUjl","a9PFddB9hHPrf5wqN17C+l@6c48a","aaG6MD3+FEKIOvQskPsKbj@6c48a","aaG6MD3+FEKIOvQskPsKbj@f9941","aayqqE52ZNf5R6jqqPAP1R","aaysIV4wNB4JqUsUE/w3eB","abGVYBR79Arra7eHROTdmu@6c48a","abGVYBR79Arra7eHROTdmu@f9941","acWUNZE0dALI+D20A1ilpK","aeDeeQ7dVPOaYycOS7H+8d@f9941","aeWtVKWzpEuaQOSVpuRoRg@6c48a","aeWtVKWzpEuaQOSVpuRoRg@f9941","b0Oi5XM+dCFojCSZ/6BcqF@f9941","b05HQiRFhBbrCAxL01Z8PS","b2ulSm1bNEz6fB7aN3kdSA@6c48a","b3A3n6VzpL5rwofM0iW8tO@6c48a","b3A3n6VzpL5rwofM0iW8tO@f9941","b3C6z4fixIE4hiEtlC1fPg@6c48a","b3C6z4fixIE4hiEtlC1fPg@f9941","b4ZGWypZZP5bbCEjKIQWbj@6c48a","b4ZGWypZZP5bbCEjKIQWbj@f9941","b5WS1katVO/L1RCTsuxSt3@f9941","b6F431rEdFtbkB1EkNNUus@f9941","b6gOa0wb1GVo/La/eHFtrt@6c48a","b7DpP4uO5JS40J8P+0LH3f@f9941","b8jOT3j95Hg48j/ZLBaHni","b9enhUUo5DFrvT8AtoWzyP","baXzQwj/dCSopcyKbB9OyN@f9941","baiRuBe51GoqV0joW2EuMb","be+MWA4PBNMawG9U1XDFMX@6c48a","c0F94kemNJqZNFSeLqmP6Q@6c48a","c0F94kemNJqZNFSeLqmP6Q@f9941","c06tsDQjtLfoh5Mbk392Ye@6c48a","c06tsDQjtLfoh5Mbk392Ye@f9941","c2F0tLYRxCE6RpAt+5gCID@6c48a","c3Dul4gVxAJ5jau8CsaHvM@f9941","c3lPaD56BF4r0iwtrFw2Iq@6c48a","c4NVWl1pdJj6YZPk6ctLn9@6c48a","c4kfMi/UxFKb4eHKu7cltO@6c48a","c4kfMi/UxFKb4eHKu7cltO@f9941","c4/LiIeQNHn4h+Dnl3Xa9+@f9941","c8fZqhnYZI/Ix9465xqfpD","c9B80s0aVBeoTNBdpbQmWF@6c48a","c9WsyPPHNJwbi5PUyPwngc@f9941","cbFZ3MPclBsq7dvAfgIAWf","cdXzSYt3pDB627Zu9Qc5vW@6c48a","cdYFhW7PpAxLO5+ZOQ9dn+","cdqET1UzlNmJPJaMg7qiL9@f9941","cdyyuDxrhGhYrfXxpwDE+v","ceSKYN6XNH3YJjdrKiyACb@6c48a","cfZ7M3Bb5AlLyToxmwOxJH@6c48a","d0ZAX42wpJIoI4rWnon/oC@6c48a","d3QCSlcUBEU6lHT/a+KgPW@6c48a","d3Yu1ULjFB5IfDfjYblK0+","d3jn/pztBGbY/DGW/iGPw7@6c48a","d3mjGFz6FLO73q0xLZCGlR","d6WXxRiAFDQ7TYwqTRg7jn@6c48a","d6WXxRiAFDQ7TYwqTRg7jn@f9941","d6gAYcovRHfpw0ACu2LBrY@6c48a","d8MkW3McBPMI2OZ7AP2xbO","d8YCeShfBEbbj5HyoofmBu@6c48a","d8YCeShfBEbbj5HyoofmBu@f9941","daLnK/sKJOO6qjReh3BBIv","dcXfGBTsNNXbn3Vf3Yvn2r","dcpckql1VMQqx/1SexJMAV","dcx9SL19RBuoBnpsT3fp83@6c48a","dcx9SL19RBuoBnpsT3fp83@f9941","de0+b8IxlC+auT2u16vapW","e0GtxyxnJIS61L4lyB6r7o@6c48a","e0x1eFfYBH54ia6D4nGBN3@f9941","e1pHO9oCxDTJODQBeHwSKD@f9941","e2BNoufFJLTL3K84k+TsNZ","e2PUeXsrhLJ5PsiYolAUhT@f9941","e2lqZaAvZEfrpxHQhv3vlu","e3XRrb7YpN0bc5gwbVp9oq","e4XC9boqJDLbSPS69KGRF9","e5LeCtxeVGk5UfkYJTEqU/@f9941","e6irMioLJIUr5VfQvfASVS@f9941","e6tb45B79DAp82pd2AVq+d","e62Bkmh5lEf4aQJgLv6UxM@f9941","e9UrvZb2tAoIUxd7RUBtHx","eaQybYoyNHoLl2bpvhtpKS","ebEkV9My1Pu41qqqd++uW4@f9941","eeSAAQk5dBrJD4Khkr2QZD","ee2fEfsbBGnrNAQs0OxpLj","efAzmQdsFBmoKBc5wp0pU5@f9941","f0BMwQa2NJqZESuRsowEV7@6c48a","f0BMwQa2NJqZESuRsowEV7@f9941","f04Sb/LrxKELxymVCLcIe5@6c48a","f04Sb/LrxKELxymVCLcIe5@f9941","f05FYBiWlGYrJFo9AK2HSB@6c48a","f05FYBiWlGYrJFo9AK2HSB@f9941","f2Lat7JaRCnrHLyvOAg9W0","f2fM5WtPFHVq/DIaTrS3ID@6c48a","f2mNovNb1HBqASooZ1JwR6@6c48a","f2mNovNb1HBqASooZ1JwR6@f9941","f3dslwdRlAuZGIwA/WMsUK@f9941","f4HRakG01PrLAIi5CZq1x2@f9941","f4H0s8RDlF9rt1iT1V45wM","f5DJCdu4NBOqKxCDJQzoup","f5D/Yb9+BPr4N4ZIjwLRm3@6c48a","f5D/Yb9+BPr4N4ZIjwLRm3@f9941","f5hU7mGOtLUpfCDtkc2L5N@6c48a","f5hU7mGOtLUpfCDtkc2L5N@f9941","f5mrq3P6dBjoZ7J63Mxt49@f9941","f8jJLmrClP2oIDD9H+h5r7@f9941","f9+dTZ8OZAIr9NV6vaXHxT@f9941","fc8b5UvE5GSLwo/+XTimA/@f9941","fdYvHgeY9PUIAISI5hFj9B@f9941","fdtqRgOShGPqRRxoH751n6","20g1ukYUVPvKWKBRznAKo+@6c48a","20g1ukYUVPvKWKBRznAKo+@f9941","21zromPBxBJL8FoV1G7tVM","21zromPBxBJL8FoV1G7tVM@f9941","22J9ZHqOBPKrGokDDBssnK","22J9ZHqOBPKrGokDDBssnK@f9941","23cJ5YYENFwLB++5F2kBjx","23cJ5YYENFwLB++5F2kBjx@f9941","231Ezh44VHkLAWdN5wScze","24QtEBsy1C07BFfDNv6NFz","26+92SMnlECZAbPU08Sbr0","27lDcMx1pHIbfFzSXaxrIc","27lDcMx1pHIbfFzSXaxrIc@f9941","2703axHk5NzqBvxvQS3vPB","2bEz/bQptPBLbxk4etbRPJ","2dAT5PDPhJY7UrqIBwJ8/A","2dY0VSNBhKRbpQEO8NDR4n","2ekuQ8IflOY6bceh7t6gdO","306YhNeARE3Z8M4BAc6kri","306YhNeARE3Z8M4BAc6kri@f9941","31gFqo1kZLIKQoDBo7YaWx","31pXc3yyxLTK62/0QTvnsu","35o21ABzlAQYTp5rz9lyRB","37RJeA0xNGoJuCZK7tQWsl","37RJeA0xNGoJuCZK7tQWsl@f9941","38RuJ1dpBCrYJ7TC8lsoZQ","38v3F0X1ZINYD4ItHXkQhf","39vRUxdJVCZ4W5OCFDoiaC","39xfTFvo1GvbHGVeZ6j1Wp","3ctL7nvj9LIZKvWS9H4TFT","3d0i6LUxhGq57BtBJvFnC2","3efSxVRVJBV4fdLAFQnSLn","3efSxVRVJBV4fdLAFQnSLn@f9941","41+A6Z/GhIm7FlcQOB5RoH","43Cz+CKPdAp63BA1yeTSBV","45YTU+fm1Nm4fm8CUtTIdo","48OxI5czFAH7gc5i04RKBa","48UkEwbv9G5IkrRfsJI23s","48UkEwbv9G5IkrRfsJI23s@f9941","48WCvV5yNOBL8t7wDbrkEP","4aOJnNan5BUILCiVT4yJeJ","4a+l876ndELJhRdAADHdyC","4bCBSTG7pHD4818qxcT9be","4bngaq5SVOzrLcBqVtMRnp","4c6N4MO6lAvoI7VOqSjQky","4edR8gJ0ZBwZemnq1gObdW","4fbScCtSlAILFpJaeg76wV","4f8UmnSlRLv4dTKmzDOBTQ","515EVFutVGSZzg0Tf7sIQ0","52Hy90iZBJU4ojQCi6aaXu","53OnNcenRGjatZPKkxpm6F","53QbiXdcpFJoxHQjnrty1F","53QbiXdcpFJoxHQjnrty1F@f9941","54TknWPwVPqJqeCR+Y/Czo","54TknWPwVPqJqeCR+Y/Czo@6c48a","54TknWPwVPqJqeCR+Y/Czo@f9941","541pPjy6xMRqInwuRpaXoZ","541pPjy6xMRqInwuRpaXoZ@f9941","54+dtg7e5Eib5EvSa6XN6r","55+zgXAyVLoaPo0gCZKVlX","56pAum3jNC2rTcs4XBeJ/u","56pAum3jNC2rTcs4XBeJ/u@f9941","5aYljt8c9PMb3o/foFMNba","5b/TvIz6lE8pqun/qHUyBp","5cRrObsQtJ44bhk9EkZOxE","5cRrObsQtJ44bhk9EkZOxE@f9941","5eEfxSnjNLdJElh8MxEo8F","5ek++Ws1ZLdL0e/NMCKxe8","5ek++Ws1ZLdL0e/NMCKxe8@f9941","5fi38PnGRBXIEBEqcz7zbz","5f1lV+tFFCMalN0aBGeOWc","60C8KFQwVEWpS3eToK1XQg","61YpO3bkhKNqKJd6WXNHDa","62o7hmsRBA/YKJ9P0ehd4f","63LpY+T7VG3pk4pMFMpdIt","632pzY3p9Abp0jcivtIkYF","64pgdY80lCC4OHJBC3ega5","652HiQdcxKEJCxTB4lxxR2","659MwfttdLh76MluuJjSRj","66Qa6lP8BNYYAZjw8LKh1+","67kpdiiSpHkKCZ24RCB9Sw","67kpdiiSpHkKCZ24RCB9Sw@f9941","67zSaHRGVN5522pQ2sG/th","68Kshn8H1CiKjPOU9Elssc","68Kshn8H1CiKjPOU9Elssc@f9941","69S/65achIBpzgcBD8vjMK","692VMmx1hBLonwY/BLEVHg","692VMmx1hBLonwY/BLEVHg@f9941","6977zAHgJPGbbpNlDLtQAQ","6asGTrlIlIi6LP6XFqtOhE","6c5Hi7CwpNErOajAtX4W/3","6dneErhSRK0JqmIrx1Uu+G","6dwsfrYElNA4GaqqEBbEzK","6fMQkgVztKxpe2oL1MfTBi","6fMQkgVztKxpe2oL1MfTBi@f9941","6f16MGeetBoK5XPa5L+PXI","70OPh+nRBGF5hj7qpZsazr","72McaGsmVKp6cKU37lp39O","72McaGsmVKp6cKU37lp39O@f9941","74usIh8wxDGJeXTZmxdvTE","74usIh8wxDGJeXTZmxdvTE@f9941","76Y2QQ5nZDEqgaVCmujpY7","77tbx4BIxHkIoxSmUhiywP","77tbx4BIxHkIoxSmUhiywP@f9941","78l/yoRapPsqf1EbkLc1gW","78r39LU49BEprM9C5BmjNN","78uoKZSLRLgrgPS7UUvgu+","787yllW/JAC5cTFQtF9h0I","7aX6efuNJKCq9gDFNAbvhL","7ajPY2LRBImavFSI/6Oyw1","7de5bP3iFAJZE9ZbrpTp6u","7de5bP3iFAJZE9ZbrpTp6u@f9941","7dj5uJT9FMn6OrOOx83tfK@f9941","7eygKdVItFaKPYwE030tWU","7eygKdVItFaKPYwE030tWU@f9941","7f0tnk/WBM3LrjsxgmA1NP","7f0tnk/WBM3LrjsxgmA1NP@f9941","80MDK3IhdLTKx8PteLdtIi","80mzEg+2RJp7QqCMx2b736","83+oMsBD5CbKU0gOs3ikKH","85WuUXC/5BapcapNW7rjgc","85gMFwy6BJPKreDV5y8CDw","86Pl/UcfNP+4SH6jf6taaW","86Pl/UcfNP+4SH6jf6taaW@f9941","86cd4efoZE4JMqrqgnjQAf","86junin/JKm548Dx7VswfU","86junin/JKm548Dx7VswfU@f9941","86/L6IXL5DTJVwR0CTF9mj","88Syg3SbpLK5+QXOZ9TEzD","892gcLP05N555G+Yq36Pha","8boEEIsYdGMY4K4SHO5+Eu","8dOUzzQ+VDWJzXOXjAA/7J","8eK1c1DRFAYZ3v4Z7k9Pci","8epYDV5OJOyq4ottRZvDWW","8ex3MRqrBOkppUmZKzNxc+","8faitsjeRCuomLE4U1MZkn","92HDhZk3JLvZouX4abSpZn","92OZcVbMBJ/qAdGipSRyvn","92TV9zMHNBUYnWqxQ8WrUV","92TV9zMHNBUYnWqxQ8WrUV@6c48a","92TV9zMHNBUYnWqxQ8WrUV@f9941","93RN74WwVIjY7A3PWWi0z3","93RN74WwVIjY7A3PWWi0z3@f9941","95EkngnxZFbYuFpsqVTaFr","95EkngnxZFbYuFpsqVTaFr@6c48a","95EkngnxZFbYuFpsqVTaFr@f9941","95jTFnHIROUbi/0memvgO6","95nRjxcqVB5IJn/29itrMT","96ItWBaMhHuJaRjs3i/Zp3","98aEeVj1dFsJfDt15TwyQO","9aiTkzjJRMs5iu/lAQz254","9bWWFKutdPq4my4fi/QD89","9bd550KTxIz7ZK7zwzJeJe","9bplfe7WxFCqyb6TaEETZk","9cvMHSdKJKKqMQUPsMDGcq","9cvMHSdKJKKqMQUPsMDGcq@f9941","9e6kZnJSxA6qikkt3canm/","9e6kZnJSxA6qikkt3canm/@f9941","a3ApIV9DJGkL90Vt7Av/Tx","a3ApIV9DJGkL90Vt7Av/Tx@f9941","a4h8LsgwJITLaGWu+i3L8G","a5aMyDy6BMSqNe8AKjVK0d","a5aMyDy6BMSqNe8AKjVK0d@f9941","a6k6xKqyZHNosPDU5kcwJz","a7QBMZlYFAkI7bcYzQ5zMw","a7RsydNeVBYIvOTWy8jfTk","a8VW/MAChMUr5V/qnCf2xn","a80Ok9HKBN36jh4S9McrZG","a9PFddB9hHPrf5wqN17C+l","a9PFddB9hHPrf5wqN17C+l@f9941","a92nhO+ztPyaqXg6RNb8tt@f9941","aaG6MD3+FEKIOvQskPsKbj","abGVYBR79Arra7eHROTdmu","aeWtVKWzpEuaQOSVpuRoRg","b2ulSm1bNEz6fB7aN3kdSA","b2ulSm1bNEz6fB7aN3kdSA@f9941","b3A3n6VzpL5rwofM0iW8tO","b3B5Py/0NIAZrExbzeEMAP","b3C6z4fixIE4hiEtlC1fPg","b4ZGWypZZP5bbCEjKIQWbj","b6gOa0wb1GVo/La/eHFtrt","b6gOa0wb1GVo/La/eHFtrt@f9941","b6ujat6sNJqJ5pXKzaBoNM","beo8MPPyZAe7Romo6W0gam","be+MWA4PBNMawG9U1XDFMX","be+MWA4PBNMawG9U1XDFMX@f9941","c0F94kemNJqZNFSeLqmP6Q","c06tsDQjtLfoh5Mbk392Ye","c2F0tLYRxCE6RpAt+5gCID","c2F0tLYRxCE6RpAt+5gCID@f9941","c3lPaD56BF4r0iwtrFw2Iq","c3lPaD56BF4r0iwtrFw2Iq@f9941","c37B6p0spBn5wc4Va6IuJB","c4NVWl1pdJj6YZPk6ctLn9","c4NVWl1pdJj6YZPk6ctLn9@f9941","c4kfMi/UxFKb4eHKu7cltO","c5Z+8lFHpHUrAKhJe7KNmd","c5utcmflBE1Jq1ro8xcL+h","c78xV6yIFF05O6+nqDu++9","c7+7kmTyFL+rz0Azch4gqz","c8ny7KbNFH/a5/XDUpoTWq","c9B80s0aVBeoTNBdpbQmWF","c9B80s0aVBeoTNBdpbQmWF@f9941","c9acbPMCNH+or7iHn/gKTK","ccEOlEl4BJLb9N9+jLmWN5","ccs0tQdg9DJ6cUFY30EGKt","cdXzSYt3pDB627Zu9Qc5vW","cdxWjyJh1DurgXDwnwtkrV","ceSKYN6XNH3YJjdrKiyACb","ceSKYN6XNH3YJjdrKiyACb@f9941","cef115k9xADI6QR94Fw2e5","cfZ7M3Bb5AlLyToxmwOxJH","cfZ7M3Bb5AlLyToxmwOxJH@f9941","d0ZAX42wpJIoI4rWnon/oC","d0ZAX42wpJIoI4rWnon/oC@f9941","d07bOrWn9FmIVqWwKu90S0","d2ioaSu11GcJ2bse0PjeWI","d3QCSlcUBEU6lHT/a+KgPW","d3QCSlcUBEU6lHT/a+KgPW@f9941","d3jn/pztBGbY/DGW/iGPw7","d3jn/pztBGbY/DGW/iGPw7@f9941","d4xRsYZ/RCZI/3Vt0gf8dT","d4+WzOJtRBQ4XtpDUPaPs/","d6MmcS+8xE36Uf6hxZ5m2v","d6WXxRiAFDQ7TYwqTRg7jn","d6gAYcovRHfpw0ACu2LBrY","d6gAYcovRHfpw0ACu2LBrY@f9941","d7ah4ulu1EZKng+BlqkVVc","d8YCeShfBEbbj5HyoofmBu","d8aEFBDzBAt79g+dSU7YvB","d9tuxuwAtMPrmXObbt6adN","dbKLwqShZLbap0yen69+mv","dbdhez63hD27pq4cAzdHvA","dcx9SL19RBuoBnpsT3fp83","ddLboeVmxNS7t0OsVgaw7G","e0GtxyxnJIS61L4lyB6r7o","e0GtxyxnJIS61L4lyB6r7o@f9941","e0UFWvtKpAroFvt+FJ0MvX","e0VOrorEJBhppJQIJ8rCCx","e1blEAI9ZHM7pQrXn77rQR","e1lDfXwn1HYLkEdp0BLIf6","e4xf2IQchJebrzEZWeWSzK","e5VuaL5eJHNp8uFjO9rBI8@f9941","e6rzwug7JBnJEE7pL6I1nq","e8iTVvYhxAjY0ABRacHRG9","eeypUjT/tGT7pSmyNbxkV9","f0BMwQa2NJqZESuRsowEV7","f0KNS4w9xJALgmcoHtuTKb","f04Sb/LrxKELxymVCLcIe5","f05FYBiWlGYrJFo9AK2HSB","f2fM5WtPFHVq/DIaTrS3ID","f2mNovNb1HBqASooZ1JwR6","f3P5Pu339BFrLzM3wBUFEA","f5D/Yb9+BPr4N4ZIjwLRm3","f5FbxlrnJIWrDtj/oTafi8","f5hU7mGOtLUpfCDtkc2L5N","fbZUL8qEtMZ7hVByW0rPE+","fezm6DuZBN6rdztfLa2uvl"],"paths":{"0":["img/icon/icon3_sml/spriteFrame",4,1],"1":["bigWin/bigwin/slots_common_game_bw_gold/texture",3,1],"2":["car/jbp/eff_spine_slot_dfdc_jpjl/texture",3,1],"3":["img/language/en/rule2/spriteFrame",4,1],"4":["car/freespins/dfdc_freespins",1,1],"5":["img/big/bg_dfdc_beijing2/spriteFrame",4,1],"6":["bigWin/bigwin/slots_common_game_bw_gold",2,1],"7":["bigWin/bigwin/slots_common_game_bw_gold/spriteFrame",4,1],"8":["sound/hkfg_notwinX",8,1],"9":["car/jbp/eff_spine_slot_dfdc_jpjl",2,1],"18":["bigWin/megawin/slots_common_game_ew_gold/texture",3,1],"19":["bigWin/superwin/slots_common_game_sw_gold/texture",3,1],"20":["img/big/bg_dfdc_beijing2/texture",3,1],"21":["bigWin/megawin/slots_common_game_ew_gold",2,1],"22":["bigWin/megawin/slots_common_game_ew_gold/spriteFrame",4,1],"28":["img/auto/btn_gxfc_guize_off/texture",3,1],"29":["img/auto/btn_gxfc_guize_off/spriteFrame",4,1],"30":["img/icon/icon4/spriteFrame",4,1],"31":["sound/dfdc_5ofakind",8,1],"32":["img/auto/btn_gxfc_guize_off",2,1],"33":["sound/superwin",8,1],"35":["sound/hkfg_winX",8,1],"36":["car/jackpot_win/JACKPOT_grand",0,1],"38":["bigWin/superwin/slots_common_game_sw_gold",2,1],"41":["img/down/c_i/texture",3,1],"42":["img/down/c_i/spriteFrame",4,1],"43":["img/settings/SOUND/texture",3,1],"44":["img/big/bg_dfdc_beijing2",2,1],"45":["sound/base_main_midwin",8,1],"46":["img/down/c_i",2,1],"51":["icon/jingui/icon_jingui",0,1],"53":["bigWin/megawin/megawin",1,1],"54":["img/game/bg_dfdc_guize_box/texture",3,1],"55":["img/game/bg_dfdc_guize_box/spriteFrame",4,1],"56":["img/settings/SOUND/spriteFrame",4,1],"57":["img/game/mianfei/spriteFrame",4,1],"58":["icon/9/icon_9/texture",3,1],"59":["img/game/bg_dfdc_guize_box",2,1],"60":["sound/base_main_scatter_2",8,1],"63":["img/settings/SOUND",2,1],"66":["icon/K/icon_k",1,1],"70":["sound/hkfg_main_linewin02",8,1],"77":["icon/9/icon_9",2,1],"78":["icon/9/icon_9/spriteFrame",4,1],"79":["sound/hkfg_main_linewin01",8,1],"81":["prefabs/prefab_auto",7,1],"82":["car/jackpot/xyx_jinhua/texture",3,1],"83":["img/icon/icon2/spriteFrame",4,1],"84":["img/icon/icon9_sml/spriteFrame",4,1],"85":["img/jackpot/duofuduocai_icon_jinsehuaduo/texture",3,1],"86":["img/game/tips_box/spriteFrame",4,1],"87":["car/jackpot_win/JACKPOT_mini/texture",3,1],"88":["font/zi_zhongjiang_0/spriteFrame",4,1],"89":["icon/lvniao/icon_lvniao/texture",3,1],"91":["bigWin/bigwin/slots_common_game_bw_gold",0,1],"92":["icon/jinbi/icon_jinbi",0,1],"94":["img/game/bg_dfdc_MAJOR/spriteFrame",4,1],"95":["img/settings/dl_gxfc_brn_shezhi_on/texture",3,1],"96":["img/settings/dl_gxfc_brn_shezhi_on/spriteFrame",4,1],"97":["font/zi_zhongjiang_0/texture",3,1],"98":["img/down/zhongjian/texture",3,1],"100":["car/jackpot/xyx_jinhua",2,1],"101":["car/jackpot/xyx_jinhua/spriteFrame",4,1],"102":["sound/bigwin",8,1],"104":["car/spine5ofking/eff_spine_slot_dfdc_5OFAKIND/texture",3,1],"105":["img/down/zhongjian/spriteFrame",4,1],"106":["icon/Q/icon_q",1,1],"107":["font_new/Jackpot_num_0/texture",3,1],"108":["font_new/Jackpot_num_0/spriteFrame",4,1],"109":["img/icon/icon12/spriteFrame",4,1],"110":["car/youwon/you on",1,1],"111":["bigWin/gold/tongyong_bw",5,1],"112":["icon/jinbi/icon_jinbi",1,1],"113":["car/jackpot/xyx_grand/texture",3,1],"114":["bigWin/superwin/superwin",1,1],"115":["img/down/kuaisu/texture",3,1],"116":["img/down/kuaisu/spriteFrame",4,1],"117":["img/language/en/spr_popup_hint_0/spriteFrame",4,1],"118":["img/auto/btn_zd/texture",3,1],"119":["img/auto/btn_zd/spriteFrame",4,1],"120":["icon/jinyuanbao/icon_jinyuanbao/texture",3,1],"121":["icon/jinchuan/icon_jinchuan",1,1],"122":["img/game/bg_dfdc_MINOR/spriteFrame",4,1],"123":["img/game/img_down_betBg/spriteFrame",4,1],"124":["img/down/gold/texture",3,1],"125":["img/down/gold/spriteFrame",4,1],"126":["img/down/auto1/texture",3,1],"127":["img/down/auto1/spriteFrame",4,1],"128":["bigWin/jackpot/sb_lbjs_JACKPOT",1,1],"129":["img/down/jb/texture",3,1],"130":["img/down/jb/spriteFrame",4,1],"131":["icon/Q/icon_q/texture",3,1],"132":["car/xiaohuoyankuang/LZTB_huoyankuangxiao/texture",3,1],"133":["img/icon/icon13/spriteFrame",4,1],"134":["img/icon/icon7/spriteFrame",4,1],"135":["prefabs/prefab_dfdc_rule",7,1],"136":["img/down/bet2/texture",3,1],"137":["img/down/bet2/spriteFrame",4,1],"138":["icon/scatter/eff_spine_slot_dfdc_tl/texture",3,1],"139":["img/language/en/Rptidakmencukupi/spriteFrame",4,1],"140":["img/auto/auto/texture",3,1],"141":["img/auto/auto/spriteFrame",4,1],"142":["car/huoyankuang/LZTB_honghuodakuang/texture",3,1],"143":["img/down/di/texture",3,1],"144":["img/down/di/spriteFrame",4,1],"145":["car/jackpot/xyx_major",1,1],"146":["prefabs/prefab_dfdc_JackpoyWin",7,1],"147":["img/game/bg_dfdc_guize_anniu/spriteFrame",4,1],"148":["img/down/kuaisu01/texture",3,1],"149":["img/down/kuaisu01/spriteFrame",4,1],"150":["img/icon/icon10/spriteFrame",4,1],"151":["font/zi_zhongjiang",6,1],"152":["car/atom/texture",3,1],"153":["car/atom/spriteFrame",4,1],"154":["img/big/bg_dfdc_beijing3/texture",3,1],"155":["img/big/bg_dfdc_beijing3/spriteFrame",4,1],"156":["5ofking/eff_spine_slot_dfdc_5OFAKIND/texture",3,1],"157":["car/jackpot_win/JACKPOT_minor/texture",3,1],"158":["img/settings/MUSIC/texture",3,1],"159":["img/settings/MUSIC/spriteFrame",4,1],"160":["font_new/Jackpot_num",6,1],"161":["bigWin/bigwin/bigwin2/texture",3,1],"162":["car/jackpot_win/JACKPOT_mini",1,1],"163":["car/atom",5,1],"164":["img/game/bg_dfdc_guize_d2/spriteFrame",4,1],"165":["car/jackpot/xyx_major/texture",3,1],"166":["icon/WILD/eff_spine_slot_dfdc_fu/texture",3,1],"167":["font/font_loading",6,1],"168":["img/loading/wild/spriteFrame",4,1],"169":["img/down/xuanz01/texture",3,1],"170":["img/down/xuanz01/spriteFrame",4,1],"171":["img/down/i/texture",3,1],"172":["img/down/i/spriteFrame",4,1],"173":["icon/jinyuanbao/icon_jinyuanbao",1,1],"174":["img/down/xuanz/texture",3,1],"175":["img/down/xuanz/spriteFrame",4,1],"176":["img/jackpot/img1/texture",3,1],"177":["img/jackpot/img1/spriteFrame",4,1],"178":["img/language/en/rule3/spriteFrame",4,1],"179":["car/long/eff_spine_slot_dfdc_long",1,1],"180":["icon/j/icon_j/texture",3,1],"181":["font_new/shuzi_xiazhujine_0/texture",3,1],"182":["font_new/shuzi_xiazhujine_0/spriteFrame",4,1],"183":["bigWin/bigwin/bigwin/texture",3,1],"184":["img/icon/icon4_sml/spriteFrame",4,1],"185":["car/jackpot_win/JACKPOT_grand/texture",3,1],"186":["icon/j/icon_j",1,1],"187":["img/auto/bg_dfdc_anniu_confirm/texture",3,1],"188":["img/auto/bg_dfdc_anniu_confirm/spriteFrame",4,1],"189":["img/down/c_sz/texture",3,1],"190":["img/down/c_sz/spriteFrame",4,1],"191":["icon/wugui/wugui/texture",3,1],"192":["img/language/en/Back to game/spriteFrame",4,1],"193":["bigWin/megawin/megawin2/texture",3,1],"194":["prefabs/prefab_dfdc_jackpot_game",7,1],"195":["img/down/auto11/texture",3,1],"196":["img/settings/dl_gxfc_brn_shezhi_off/texture",3,1],"197":["img/settings/dl_gxfc_brn_shezhi_off/spriteFrame",4,1],"198":["img/jackpot/duofuduocai_icon_lv/texture",3,1],"199":["car/freespins/dfdc_freespins/texture",3,1],"200":["img/language/en/bg_dfdc_guize_Kembalikepermainan/spriteFrame",4,1],"201":["car/jackpot/xyx_minor/texture",3,1],"202":["img/down/i01/texture",3,1],"203":["bigWin/jackpot/slots_common_game_uw_gold",1,1],"204":["icon/10/icon_10/texture",3,1],"205":["font_new/font_jackpot",6,1],"206":["img/down/bet4/texture",3,1],"207":["img/down/bet4/spriteFrame",4,1],"208":["img/icon/icon7_sml/spriteFrame",4,1],"209":["prefabs/prefab_pop",7,1],"210":["font/shuzi_xiazhujine",6,1],"211":["img/game/bg_dfdc_youxijiemiankuang/texture",3,1],"212":["img/game/bg_dfdc_youxijiemiankuang/spriteFrame",4,1],"213":["img/icon/icon5_sml/spriteFrame",4,1],"214":["font/font_win_0/texture",3,1],"215":["font/font_win_0/spriteFrame",4,1],"216":["img/icon/icon11/spriteFrame",4,1],"217":["icon/jingui/icon_jingui/texture",3,1],"218":["img/jackpot/duofuduocai_icon_lan/texture",3,1],"219":["img/icon/icon2_sml/spriteFrame",4,1],"220":["img/down/c_tc/texture",3,1],"221":["img/down/c_tc/spriteFrame",4,1],"222":["img/loading/icon_dt_loading_1/spriteFrame",4,1],"223":["car/jackpot/xyx_grand",1,1],"224":["img/down/auto/texture",3,1],"225":["img/down/auto/spriteFrame",4,1],"226":["icon/jinniao/icon_jinniao",1,1],"227":["img/down/caidan/texture",3,1],"228":["img/down/caidan/spriteFrame",4,1],"229":["img/down/kuai/texture",3,1],"230":["img/down/kuai/spriteFrame",4,1],"231":["font_new/shuzi_xiazhujine",6,1],"232":["font/shuzi_xiazhujine_0/texture",3,1],"233":["font/shuzi_xiazhujine_0/spriteFrame",4,1],"234":["img/auto/tanchuang/texture",3,1],"235":["img/auto/tanchuang/spriteFrame",4,1],"236":["icon/jinniao/icon_jinniao/texture",3,1],"237":["img/down/caidan_di/texture",3,1],"238":["img/down/caidan_di/spriteFrame",4,1],"239":["img/auto/btn_zd01/texture",3,1],"240":["img/auto/btn_zd01/spriteFrame",4,1],"241":["img/game/bg_dfdc_GRAND/spriteFrame",4,1],"242":["bigWin/superwin/superwin2/texture",3,1],"243":["icon/inyuanbao/icon_inyuanbao/texture",3,1],"244":["icon/lvniao/icon_lvniao",1,1],"245":["img/game/btn_off/spriteFrame",4,1],"246":["icon/K/icon_k/texture",3,1],"247":["bigWin/gold/fire0001/texture",3,1],"248":["bigWin/gold/fire0001/spriteFrame",4,1],"249":["car/jackpot_win/JACKPOT_minor",1,1],"250":["icon/A/icon_a/texture",3,1],"251":["img/icon/icon17/spriteFrame",4,1],"252":["font_new/font_jackpot_0/texture",3,1],"253":["font_new/font_jackpot_0/spriteFrame",4,1],"254":["img/language/en/spr_continue_text/spriteFrame",4,1],"255":["img/loading/scatter/spriteFrame",4,1],"256":["car/long/eff_spine_slot_dfdc_long/texture",3,1],"257":["car/jackpot_win/JACKPOT_grand",1,1],"258":["bigWin/jackpot/slots_common_game_uw_gold/texture",3,1],"259":["font/font_loading_0/texture",3,1],"260":["font/font_loading_0/spriteFrame",4,1],"261":["prefabs/prefab_dfdc_loading",7,1],"262":["bigWin/superwin/slots_common_game_sw_gold",1,1],"263":["img/down/bet1/texture",3,1],"264":["img/down/bet1/spriteFrame",4,1],"265":["prefabs/prefab_dfdc_set",7,1],"266":["img/icon/icon1/spriteFrame",4,1],"267":["img/down/kuang/texture",3,1],"268":["img/down/kuang/spriteFrame",4,1],"269":["img/icon/icon6/spriteFrame",4,1],"270":["car/jackpot/xyx_mini",1,1],"271":["bigWin/superwin/superwin/texture",3,1],"272":["img/down/c_vip/texture",3,1],"273":["img/down/c_vip/spriteFrame",4,1],"274":["img/jackpot/img2/texture",3,1],"275":["img/jackpot/img2/spriteFrame",4,1],"276":["img/down/bar/texture",3,1],"277":["img/down/bar/spriteFrame",4,1],"278":["img/icon/icon9/spriteFrame",4,1],"279":["img/icon/icon16/spriteFrame",4,1],"280":["icon/jinbi/icon_jinbi/texture",3,1],"281":["img/icon/icon8_sml/spriteFrame",4,1],"282":["car/jackpot/xyx_jinhua",1,1],"283":["prefabs/prefab_dfdc_win",7,1],"284":["img/game/bg_dfdc_MINI/spriteFrame",4,1],"285":["5ofking/eff_spine_slot_dfdc_5OFAKIND",1,1],"286":["img/down/auto011/texture",3,1],"287":["img/down/SPIN/texture",3,1],"288":["img/down/SPIN/spriteFrame",4,1],"289":["img/down/kuai01/texture",3,1],"290":["img/down/kuai01/spriteFrame",4,1],"291":["car/jackpot/xyx_mini/texture",3,1],"292":["img/game/bg_dfdc_tanchuang2/spriteFrame",4,1],"293":["img/down/btn_spine2/texture",3,1],"294":["bigWin/jackpot/sb_lbjs_JACKPOT/texture",3,1],"295":["font/dfdc_bet/texture",3,1],"296":["font/dfdc_bet/spriteFrame",4,1],"297":["img/loading/icon_dt_loading_0/spriteFrame",4,1],"298":["car/jbp/eff_spine_slot_dfdc_jpjl",1,1],"299":["bigWin/megawin/megawin/texture",3,1],"300":["img/icon/icon1_sml/spriteFrame",4,1],"301":["font/dfdc_bet",6,1],"302":["car/youwon/you on/texture",3,1],"303":["prefabs/prefab_dfdc_freeNum",7,1],"304":["img/icon/icon5/spriteFrame",4,1],"305":["bigWin/bigwin/bigwin",1,1],"306":["img/down/btn_spine1/texture",3,1],"307":["icon/jinchuan/icon_jinchuan/texture",3,1],"308":["img/jackpot/duofuduocai_icon_huang/texture",3,1],"309":["car/jackpot_win/JACKPOT_major/texture",3,1],"310":["car/jackpot/xyx_minor",1,1],"311":["icon/chuan/icon_chuan/texture",3,1],"312":["icon/wugui/wugui",1,1],"313":["img/down/bet3/texture",3,1],"314":["img/down/bet3/spriteFrame",4,1],"315":["img/jackpot/duofuduocai_icon_fen/texture",3,1],"316":["icon/A/icon_a",1,1],"317":["img/down/auto0111/texture",3,1],"318":["img/down/auto0111/spriteFrame",4,1],"319":["car/jackpot_win/JACKPOT_major",1,1],"320":["icon/WILD/eff_spine_slot_dfdc_fu",1,1],"321":["icon/inyuanbao/icon_inyuanbao",1,1],"322":["img/settings/SETTINGS/texture",3,1],"323":["img/settings/SETTINGS/spriteFrame",4,1],"324":["bigWin/megawin/slots_common_game_ew_gold",1,1],"325":["img/down/STOP/texture",3,1],"326":["img/game/bg_dfdc_guize_anniu2/spriteFrame",4,1],"327":["img/game/bg_dfdc_guize_dian1/spriteFrame",4,1],"328":["car/xiaohuoyankuang/LZTB_huoyankuangxiao",1,1],"329":["img/language/en/Golden icon/spriteFrame",4,1],"330":["prefabs/prefab_roll",7,1],"331":["prefabs/prefab_dfdc_main",7,1],"332":["icon/9/icon_9",1,1],"333":["img/game/bg_dfdc_zhanshiban/spriteFrame",4,1],"334":["img/language/en/ID_1120/spriteFrame",4,1],"335":["icon/jingui/icon_jingui",1,1],"336":["img/icon/icon6_sml/spriteFrame",4,1],"337":["prefabs/prefab_dfdc_freeWin",7,1],"338":["icon/10/icon_10",1,1],"339":["img/icon/icon14/spriteFrame",4,1],"340":["font/font_win",6,1],"341":["prefabs/prefab_box",7,1],"342":["img/game/bg_dfdc_wordbg/spriteFrame",4,1],"343":["img/loading/loading_bg/texture",3,1],"344":["img/loading/loading_bg/spriteFrame",4,1],"345":["img/big/bg_dfdc_beijing/texture",3,1],"346":["img/big/bg_dfdc_beijing/spriteFrame",4,1],"347":["img/loading/wawa/texture",3,1],"348":["img/loading/wawa/spriteFrame",4,1],"349":["car/huoyankuang/LZTB_honghuodakuang",1,1],"350":["car/xiaohuoyankuang/LZTB_huoyankuangxiao2/texture",3,1],"351":["img/down/auto01/texture",3,1],"352":["img/down/auto01/spriteFrame",4,1],"353":["img/icon/icon3/spriteFrame",4,1],"354":["img/language/en/Rule/spriteFrame",4,1],"355":["bigWin/bigwin/slots_common_game_bw_gold",1,1],"356":["icon/scatter/eff_spine_slot_dfdc_tl",1,1],"357":["img/down/xuanz1/texture",3,1],"358":["img/down/xuanz1/spriteFrame",4,1],"359":["img/down/xuanz02/texture",3,1],"360":["img/down/xuanz02/spriteFrame",4,1],"361":["img/icon/icon15/spriteFrame",4,1],"362":["img/game/bg_dfdc_point/spriteFrame",4,1],"363":["img/language/en/ID_1121/spriteFrame",4,1],"364":["img/language/en/bg_dfdc_anniu_confirm/spriteFrame",4,1],"365":["img/icon/icon8/spriteFrame",4,1],"366":["icon/chuan/icon_chuan",1,1],"369":["car/spine5ofking/eff_spine_slot_dfdc_5OFAKIND",2,1],"370":["car/spine5ofking/eff_spine_slot_dfdc_5OFAKIND/spriteFrame",4,1],"371":["img/jackpot/duofuduocai_icon_jinsehuaduo",2,1],"372":["img/jackpot/duofuduocai_icon_jinsehuaduo/spriteFrame",4,1],"373":["car/jackpot_win/JACKPOT_mini",2,1],"374":["car/jackpot_win/JACKPOT_mini/spriteFrame",4,1],"375":["img/settings/dl_gxfc_brn_shezhi_on",2,1],"376":["font/zi_zhongjiang_0",2,1],"377":["img/down/zhongjian",2,1],"378":["icon/lvniao/icon_lvniao",2,1],"379":["icon/lvniao/icon_lvniao/spriteFrame",4,1],"380":["sound/dfdc_fly_fu",8,1],"381":["font_new/Jackpot_num_0",2,1],"382":["sound/hkfg_main_big",8,1],"383":["car/spine5ofking/eff_spine_slot_dfdc_5OFAKIND",1,1],"384":["car/jackpot_win/JACKPOT_major",0,1],"385":["car/jackpot/xyx_grand",2,1],"386":["car/jackpot/xyx_grand/spriteFrame",4,1],"387":["sound/base_main_scatter_3",8,1],"388":["img/down/kuaisu",2,1],"389":["img/auto/btn_zd",2,1],"390":["icon/jinyuanbao/icon_jinyuanbao",2,1],"391":["icon/jinyuanbao/icon_jinyuanbao/spriteFrame",4,1],"392":["sound/base_main_scatterlong",8,1],"393":["sound/dfdc_spin",8,1],"394":["img/down/gold",2,1],"395":["img/down/auto1",2,1],"396":["img/down/jb",2,1],"397":["sound/dfdc_bonus_select",8,1],"398":["icon/Q/icon_q",2,1],"399":["icon/Q/icon_q/spriteFrame",4,1],"400":["car/xiaohuoyankuang/LZTB_huoyankuangxiao",2,1],"401":["car/huoyankuang/LZTB_honghuodakuang",0,1],"402":["sound/dfdc_opening",8,1],"403":["img/down/bet2",2,1],"404":["icon/scatter/eff_spine_slot_dfdc_tl",2,1],"405":["icon/scatter/eff_spine_slot_dfdc_tl/spriteFrame",4,1],"406":["sound/dfdc_superwin",8,1],"407":["bigWin/gold/tongyong_mw",5,1],"408":["sound/hkfg_btn_stop",8,1],"409":["img/auto/auto",2,1],"410":["car/huoyankuang/LZTB_honghuodakuang",2,1],"411":["img/down/di",2,1],"412":["car/xiaohuoyankuang/LZTB_huoyankuangxiao",0,1],"413":["car/jackpot/xyx_jinhua",0,1],"414":["img/down/kuaisu01",2,1],"415":["sound/hkfg_WheelPartical",8,1],"416":["car/atom",2,1],"417":["img/big/bg_dfdc_beijing3",2,1],"418":["5ofking/eff_spine_slot_dfdc_5OFAKIND",2,1],"419":["5ofking/eff_spine_slot_dfdc_5OFAKIND/spriteFrame",4,1],"423":["car/jackpot_win/JACKPOT_minor",2,1],"424":["car/jackpot_win/JACKPOT_minor/spriteFrame",4,1],"425":["img/settings/MUSIC",2,1],"426":["sound/hkfg_main_linewin03",8,1],"427":["bigWin/bigwin/bigwin2",2,1],"428":["bigWin/bigwin/bigwin2/spriteFrame",4,1],"429":["sound/hkfg_btn_maxbet",8,1],"430":["sound/megawin",8,1],"431":["car/jackpot/xyx_major",2,1],"432":["car/jackpot/xyx_major/spriteFrame",4,1],"433":["5ofking/eff_spine_slot_dfdc_5OFAKIND",0,1],"434":["icon/WILD/eff_spine_slot_dfdc_fu",2,1],"435":["icon/WILD/eff_spine_slot_dfdc_fu/spriteFrame",4,1],"436":["sound/hkfg_wincredit",8,1],"437":["bigWin/bigwin/bigwin",0,1],"438":["sound/base_main_linewin",8,1],"439":["img/down/xuanz01",2,1],"440":["img/down/i",2,1],"441":["sound/hkfg_Wheel_up03",8,1],"442":["img/down/xuanz",2,1],"443":["img/jackpot/img1",2,1],"444":["icon/WILD/eff_spine_slot_dfdc_fu",0,1],"445":["icon/scatter/eff_spine_slot_dfdc_tl",0,1],"446":["icon/j/icon_j",0,1],"447":["icon/j/icon_j",2,1],"448":["icon/j/icon_j/spriteFrame",4,1],"449":["font_new/shuzi_xiazhujine_0",2,1],"450":["bigWin/bigwin/bigwin",2,1],"451":["bigWin/bigwin/bigwin/spriteFrame",4,1],"452":["sound/dfdc_result",8,1],"453":["car/jackpot_win/JACKPOT_grand",2,1],"454":["car/jackpot_win/JACKPOT_grand/spriteFrame",4,1],"455":["sound/dfdc_free_bgm",8,1],"456":["sound/hkfg_freegame_result",8,1],"457":["img/auto/bg_dfdc_anniu_confirm",2,1],"458":["icon/jinniao/icon_jinniao",0,1],"459":["img/down/c_sz",2,1],"460":["icon/wugui/wugui",2,1],"461":["icon/wugui/wugui/spriteFrame",4,1],"462":["icon/K/icon_k",0,1],"463":["icon/A/icon_a",0,1],"464":["bigWin/megawin/megawin2",2,1],"465":["bigWin/megawin/megawin2/spriteFrame",4,1],"466":["img/down/auto11",2,1],"467":["img/down/auto11/spriteFrame",4,1],"468":["img/settings/dl_gxfc_brn_shezhi_off",2,1],"469":["img/jackpot/duofuduocai_icon_lv",2,1],"470":["img/jackpot/duofuduocai_icon_lv/spriteFrame",4,1],"471":["icon/10/icon_10",0,1],"472":["sound/hkfg_ReelStop",8,1],"473":["bigWin/megawin/slots_common_game_ew_gold",0,1],"474":["car/freespins/dfdc_freespins",2,1],"475":["sound/wulian",8,1],"476":["sound/hkfg_FG_trigger",8,1],"477":["car/jackpot/xyx_minor",2,1],"478":["car/jackpot/xyx_minor/spriteFrame",4,1],"480":["img/down/i01",2,1],"481":["img/down/i01/spriteFrame",4,1],"482":["icon/10/icon_10",2,1],"483":["icon/10/icon_10/spriteFrame",4,1],"484":["img/down/bet4",2,1],"485":["sound/dfdc_scatterfeature",8,1],"486":["img/game/bg_dfdc_youxijiemiankuang",2,1],"487":["car/freespins/dfdc_freespins",0,1],"488":["font/font_win_0",2,1],"489":["icon/jingui/icon_jingui",2,1],"490":["icon/jingui/icon_jingui/spriteFrame",4,1],"491":["sound/base_main_scatter_1",8,1],"492":["img/jackpot/duofuduocai_icon_lan",2,1],"493":["img/jackpot/duofuduocai_icon_lan/spriteFrame",4,1],"494":["car/jackpot/xyx_major",0,1],"495":["img/down/c_tc",2,1],"496":["img/down/auto",2,1],"497":["sound/hkfg_winGrand",8,1],"498":["sound/hkfg_main_opening",8,1],"499":["img/down/caidan",2,1],"500":["img/down/kuai",2,1],"501":["icon/wugui/wugui",0,1],"502":["font/shuzi_xiazhujine_0",2,1],"503":["img/auto/tanchuang",2,1],"504":["bigWin/gold/tongyong_jp",5,1],"508":["icon/jinniao/icon_jinniao",2,1],"509":["icon/jinniao/icon_jinniao/spriteFrame",4,1],"513":["car/jackpot/xyx_grand",0,1],"514":["img/down/caidan_di",2,1],"515":["sound/hkfg_WheelRoll",8,1],"516":["bigWin/superwin/superwin",0,1],"517":["img/auto/btn_zd01",2,1],"518":["prefabs/prefab_dfdc_init",7,1],"519":["sound/hkfg_WildStop",8,1],"520":["sound/share_money",8,1],"521":["bigWin/superwin/superwin2",2,1],"522":["bigWin/superwin/superwin2/spriteFrame",4,1],"523":["icon/inyuanbao/icon_inyuanbao",2,1],"524":["icon/inyuanbao/icon_inyuanbao/spriteFrame",4,1],"525":["icon/K/icon_k",2,1],"526":["icon/K/icon_k/spriteFrame",4,1],"527":["bigWin/gold/fire0001",2,1],"528":["icon/A/icon_a",2,1],"529":["icon/A/icon_a/spriteFrame",4,1],"530":["font_new/font_jackpot_0",2,1],"531":["bigWin/megawin/megawin",0,1],"532":["car/jackpot_win/JACKPOT_mini",0,1],"533":["sound/hkfg_f_vo",8,1],"534":["car/long/eff_spine_slot_dfdc_long",2,1],"535":["bigWin/jackpot/slots_common_game_uw_gold",2,1],"536":["bigWin/jackpot/slots_common_game_uw_gold/spriteFrame",4,1],"537":["img/language/en/ID_1119/spriteFrame",4,1],"538":["font/font_loading_0",2,1],"539":["img/down/bet1",2,1],"540":["img/down/kuang",2,1],"541":["bigWin/superwin/superwin",2,1],"542":["bigWin/superwin/superwin/spriteFrame",4,1],"543":["img/down/c_vip",2,1],"544":["car/youwon/you on",0,1],"545":["img/jackpot/img2",2,1],"546":["img/down/bar",2,1],"547":["icon/jinbi/icon_jinbi",2,1],"548":["icon/jinbi/icon_jinbi/spriteFrame",4,1],"549":["icon/Q/icon_q",0,1],"550":["bigWin/gold/tongyong_sw",5,1],"551":["img/down/auto011",2,1],"552":["img/down/auto011/spriteFrame",4,1],"553":["img/down/SPIN",2,1],"554":["img/down/kuai01",2,1],"555":["car/jackpot/xyx_mini",2,1],"556":["car/jackpot/xyx_mini/spriteFrame",4,1],"557":["img/down/btn_spine2",2,1],"558":["img/down/btn_spine2/spriteFrame",4,1],"559":["icon/jinyuanbao/icon_jinyuanbao",0,1],"560":["bigWin/jackpot/sb_lbjs_JACKPOT",2,1],"561":["bigWin/jackpot/sb_lbjs_JACKPOT/spriteFrame",4,1],"562":["font/dfdc_bet",2,1],"563":["sound/dfdc_bonusfeature",8,1],"564":["sound/dfdc_bonus_bgm",8,1],"565":["bigWin/superwin/slots_common_game_sw_gold",0,1],"566":["car/long/eff_spine_slot_dfdc_long",0,1],"567":["sound/hkfg_Wheel_up01",8,1],"568":["bigWin/megawin/megawin",2,1],"569":["bigWin/megawin/megawin/spriteFrame",4,1],"570":["sound/hkfg_Cele_Grand",8,1],"571":["sound/hkfg_Wheel_up02",8,1],"572":["sound/hkfg_credit",8,1],"573":["car/youwon/you on",2,1],"574":["sound/hkfg_main_midwin",8,1],"575":["img/down/btn_spine1",2,1],"576":["img/down/btn_spine1/spriteFrame",4,1],"577":["sound/hkfg_btn_spin",8,1],"578":["icon/jinchuan/icon_jinchuan",2,1],"579":["icon/jinchuan/icon_jinchuan/spriteFrame",4,1],"580":["img/jackpot/duofuduocai_icon_huang",2,1],"581":["img/jackpot/duofuduocai_icon_huang/spriteFrame",4,1],"582":["sound/hkfg_btn_minusbet",8,1],"583":["prefabs/prefab_dfdc_initFree",7,1],"584":["car/jackpot_win/JACKPOT_major",2,1],"585":["car/jackpot_win/JACKPOT_major/spriteFrame",4,1],"586":["icon/chuan/icon_chuan",2,1],"587":["icon/chuan/icon_chuan/spriteFrame",4,1],"588":["car/jackpot/xyx_minor",0,1],"589":["sound/hkfg_btn_info",8,1],"590":["sound/dfdc_main_bgm",8,1],"591":["img/down/bet3",2,1],"592":["img/jackpot/duofuduocai_icon_fen",2,1],"593":["img/jackpot/duofuduocai_icon_fen/spriteFrame",4,1],"594":["sound/base_main_scatter_bell",8,1],"595":["img/down/auto0111",2,1],"596":["icon/inyuanbao/icon_inyuanbao",0,1],"597":["sound/game_loading",8,1],"598":["icon/jinchuan/icon_jinchuan",0,1],"599":["sound/dfdc_megawin",8,1],"600":["img/settings/SETTINGS",2,1],"601":["car/jackpot_win/JACKPOT_minor",0,1],"602":["img/down/STOP",2,1],"603":["img/down/STOP/spriteFrame",4,1],"604":["car/jbp/eff_spine_slot_dfdc_jpjl",0,1],"605":["sound/hkfg_main_smallwin",8,1],"606":["bigWin/jackpot/sb_lbjs_JACKPOT",0,1],"607":["car/jackpot/xyx_mini",0,1],"608":["bigWin/jackpot/slots_common_game_uw_gold",0,1],"609":["img/game/bg_dfdc_tanchuang/spriteFrame",4,1],"610":["icon/9/icon_9",0,1],"611":["icon/lvniao/icon_lvniao",0,1],"612":["icon/chuan/icon_chuan",0,1],"613":["img/loading/loading_bg",2,1],"614":["sound/base_main_smallwin",8,1],"615":["img/big/bg_dfdc_beijing",2,1],"616":["img/loading/wawa",2,1],"617":["car/xiaohuoyankuang/LZTB_huoyankuangxiao2",2,1],"618":["img/down/auto01",2,1],"619":["sound/dfdc_bonus_result",8,1],"620":["img/down/xuanz1",2,1],"622":["img/down/xuanz02",2,1],"623":["sound/hkfg_btn_plusbet",8,1],"624":["car/spine5ofking/eff_spine_slot_dfdc_5OFAKIND",0,1]},"scenes":{},"packs":{"01b533059":[0,30,83,84,109,133,134,150,184,208,213,216,219,251,266,269,278,279,281,300,304,336,339,353,361,365],"03341e217":[111,248],"036100507":[56,96,159,197,265,323],"03e193130":[168,222,255,297],"03fb21f41":[55,368,135,422,512],"0506d5063":[4,215,303,340],"052f46737":[139,178,192,254,329,334,354,364],"0554f0f32":[167,260],"0572eeff5":[5,42,66,105,106,112,116,121,125,127,130,137,144,149,170,172,173,175,179,186,190,207,209,212,221,225,226,228,230,238,244,264,268,273,277,285,288,290,312,314,316,318,320,321,328,331,332,335,338,346,349,352,356,358,360,366],"05a9d5875":[153,163],"05e352756":[53,114,128,283,305],"0669a13cd":[330,341],"066f33022":[145,155,177,194,223,270,275,282,298,310],"07d487d00":[54,2,43,99,82,107,129,131,142,140,143,1,148,165,166,187,189,28,191,201,202,204,19,20,227,229,232,239,41,242,243,67,72,58,90,104,95,98,113,115,118,124,126,132,157,158,161,171,174,176,181,185,195,198,199,211,224,74,136,152,154,421,183,217,218,220,234,506,237,85,97,156,193,214,236,69,367,87,76,169,206,511,89,18,120,138,180,196,256,258,247,250,252,246,259,263,267,271,274,280,272,276,286,289,287,293,295,299,291,294,302,306,307,311,308,313,309,315,317,322,325,345,347,343,350,357,351,359],"08a1b69ef":[507,261,344,348,621],"08cc05ac0":[3,117,200,363],"09117afb3":[110,337],"0a69af9be":[205,253],"0af294f30":[108,146,160,162,203,249,257,262,319,324,355],"0b443a7c4":[210,233],"0b44adb12":[88,151],"0c60beea6":[296,301],"0d03aaf07":[57,94,86,122,123,147,164,241,245,284,292,326,327,333,342,362],"0f1ce8974":[182,231],"0f4ebe5be":[29,81,119,141,188,235,240]},"versions":{"import":[],"native":[]},"redirect":[479,"0"],"debug":false,"extensionMap":{},"hasPreloadScript":true,"dependencyRelationships":{},"types":["cc.Asset","sp.SkeletonData","cc.ImageAsset","cc.Texture2D","cc.SpriteFrame","cc.ParticleAsset","cc.BitmapFont","cc.Prefab","cc.AudioClip"]}