[1,["83787918-1e5b-4c6d-83c9-83df18632fe1@6c48a"],["_textureSource"],["cc.SpriteFrame"],0,[{"name":"bg_olps_zhuanpanboxxin","rect":{"x":0,"y":4,"width":1104,"height":682},"offset":{"x":0,"y":-2},"originalSize":{"width":1104,"height":686},"rotated":false,"capInsets":[0,0,0,0],"vertices":{"rawPosition":[-552,-341,0,552,-341,0,-552,341,0,552,341,0],"indexes":[0,1,2,2,1,3],"uv":[0,682,1104,682,0,0,1104,0],"nuv":[0,0,1,0,0,0.9941690962099126,1,0.9941690962099126],"minPos":{"x":-552,"y":-341,"z":0},"maxPos":{"x":552,"y":341,"z":0}},"packable":true,"pixelsToUnit":100,"pivot":{"x":0.5,"y":0.5},"meshType":0}],[0],0,[0],[0],[0]]
