[1,["ecDx4TOZ1AwZ5vE8GfVC2f@6c48a"],["_textureSource"],["cc.SpriteFrame"],0,[{"name":"ocean_jackpot_jackpot","rect":{"x":0,"y":0,"width":246,"height":70},"offset":{"x":0,"y":0},"originalSize":{"width":246,"height":70},"rotated":false,"capInsets":[0,0,0,0],"vertices":{"rawPosition":[-123,-35,0,123,-35,0,-123,35,0,123,35,0],"indexes":[0,1,2,2,1,3],"uv":[0,70,246,70,0,0,246,0],"nuv":[0,0,1,0,0,1,1,1],"minPos":{"x":-123,"y":-35,"z":0},"maxPos":{"x":123,"y":35,"z":0}},"packable":true,"pixelsToUnit":100,"pivot":{"x":0.5,"y":0.5},"meshType":0}],[0],0,[0],[0],[0]]
