[1,["ectBSjCghALI6IhICAD8ip@6c48a"],["_textureSource"],["cc.SpriteFrame"],0,[{"name":"sea_icon_treasurebox_18","rect":{"x":57,"y":191,"width":440,"height":321},"offset":{"x":21,"y":-95.5},"originalSize":{"width":512,"height":512},"rotated":false,"capInsets":[0,0,0,0],"vertices":{"rawPosition":[-220,-160.5,0,220,-160.5,0,-220,160.5,0,220,160.5,0],"indexes":[0,1,2,2,1,3],"uv":[57,321,497,321,57,0,497,0],"nuv":[0.111328125,0,0.970703125,0,0.111328125,0.626953125,0.970703125,0.626953125],"minPos":{"x":-220,"y":-160.5,"z":0},"maxPos":{"x":220,"y":160.5,"z":0}},"packable":true,"pixelsToUnit":100,"pivot":{"x":0.5,"y":0.5},"meshType":0}],[0],0,[0],[0],[0]]
