[1,["ect84pVlpOWKPKJDDNQjQX@6c48a"],["_textureSource"],["cc.SpriteFrame"],0,[{"name":"ocean_pearl_lightning_big_04","rect":{"x":260,"y":89,"width":506,"height":342},"offset":{"x":1,"y":-4},"originalSize":{"width":1024,"height":512},"rotated":false,"capInsets":[0,0,0,0],"vertices":{"rawPosition":[-253,-171,0,253,-171,0,-253,171,0,253,171,0],"indexes":[0,1,2,2,1,3],"uv":[260,423,766,423,260,81,766,81],"nuv":[0.25390625,0.158203125,0.748046875,0.158203125,0.25390625,0.826171875,0.748046875,0.826171875],"minPos":{"x":-253,"y":-171,"z":0},"maxPos":{"x":253,"y":171,"z":0}},"packable":true,"pixelsToUnit":100,"pivot":{"x":0.5,"y":0.5},"meshType":0}],[0],0,[0],[0],[0]]
