[1,["4c1KqXtJdKpIfCtSsrlV5y@6c48a"],["_textureSource"],["cc.SpriteFrame"],0,[{"name":"guang","rect":{"x":16,"y":3,"width":1196,"height":398},"offset":{"x":-410,"y":54},"originalSize":{"width":2048,"height":512},"rotated":false,"capInsets":[0,0,0,0],"vertices":{"rawPosition":[-598,-199,0,598,-199,0,-598,199,0,598,199,0],"indexes":[0,1,2,2,1,3],"uv":[16,509,1212,509,16,111,1212,111],"nuv":[0.0078125,0.216796875,0.591796875,0.216796875,0.0078125,0.994140625,0.591796875,0.994140625],"minPos":{"x":-598,"y":-199,"z":0},"maxPos":{"x":598,"y":199,"z":0}},"packable":true,"pixelsToUnit":100,"pivot":{"x":0.5,"y":0.5},"meshType":0}],[0],0,[0],[0],[0]]
