[1,["a4gYpL/4tLsbkQLHryiCNF@6c48a"],["_textureSource"],["cc.SpriteFrame"],0,[{"name":"ocean_pearl_sweep_6","rect":{"x":26,"y":1,"width":197,"height":194},"offset":{"x":9,"y":3.5},"originalSize":{"width":231,"height":203},"rotated":false,"capInsets":[0,0,0,0],"vertices":{"rawPosition":[-98.5,-97,0,98.5,-97,0,-98.5,97,0,98.5,97,0],"indexes":[0,1,2,2,1,3],"uv":[26,202,223,202,26,8,223,8],"nuv":[0.11255411255411256,0.03940886699507389,0.9653679653679653,0.03940886699507389,0.11255411255411256,0.9950738916256158,0.9653679653679653,0.9950738916256158],"minPos":{"x":-98.5,"y":-97,"z":0},"maxPos":{"x":98.5,"y":97,"z":0}},"packable":true,"pixelsToUnit":100,"pivot":{"x":0.5,"y":0.5},"meshType":0}],[0],0,[0],[0],[0]]
