[1,["a4zgH9VfVOb4a6eQwU6pOX@6c48a"],["_textureSource"],["cc.SpriteFrame"],0,[{"name":"select_frame","rect":{"x":0,"y":0,"width":698,"height":812},"offset":{"x":0,"y":0},"originalSize":{"width":698,"height":812},"rotated":false,"capInsets":[0,0,0,0],"vertices":{"rawPosition":[-349,-406,0,349,-406,0,-349,406,0,349,406,0],"indexes":[0,1,2,2,1,3],"uv":[0,812,698,812,0,0,698,0],"nuv":[0,0,1,0,0,1,1,1],"minPos":{"x":-349,"y":-406,"z":0},"maxPos":{"x":349,"y":406,"z":0}},"packable":true,"pixelsToUnit":100,"pivot":{"x":0.5,"y":0.5},"meshType":0}],[0],0,[0],[0],[0]]
