[1,["15dc1b0b0@6c48a"],["_textureSource"],["cc.SpriteFrame","cc.SpriteAtlas"],0,[[[{"name":"bg_lztb_jackpot_mini","rect":{"x":516,"y":521,"width":406,"height":74},"offset":{"x":0,"y":0},"originalSize":{"width":406,"height":74},"rotated":true,"capInsets":[0,0,0,0],"packable":true,"pixelsToUnit":100,"pivot":{"x":0.5,"y":0.5},"meshType":0}],[0],0,[0],[0],[0]],[[{"name":"auto_common_dragon","spriteFrames":["bg_lztb_jackpot_jinruban","88mreJhUtEQKJ3uh7eG0Yk@f9941","bg_lztb_jackpot_zhongjiangban","7bxiPFUt1Hyofpf6/V3mGj@f9941","bg_lztb_jackpot_mini","06Of8niQBNSY4isdTGM+8A@f9941","Rptidakmencukupi","cch0y4WXJNYYi3j5z1MuR0@f9941","icon_dating_jinbi","79YITHOLlEwqpZDRqxyHtN@f9941"]}],[1],0,[],[],[]],[[{"name":"icon_dating_jinbi","rect":{"x":516,"y":933,"width":39,"height":42},"offset":{"x":0,"y":0},"originalSize":{"width":39,"height":42},"rotated":false,"capInsets":[0,0,0,0],"packable":true,"pixelsToUnit":100,"pivot":{"x":0.5,"y":0.5},"meshType":0}],[0],0,[0],[0],[0]],[[{"name":"bg_lztb_jackpot_zhongjiangban","rect":{"x":516,"y":3,"width":512,"height":151},"offset":{"x":0,"y":0},"originalSize":{"width":512,"height":151},"rotated":true,"capInsets":[0,0,0,0],"packable":true,"pixelsToUnit":100,"pivot":{"x":0.5,"y":0.5},"meshType":0}],[0],0,[0],[0],[0]],[[{"name":"bg_lztb_jackpot_jinruban","rect":{"x":3,"y":3,"width":987,"height":507},"offset":{"x":0,"y":0},"originalSize":{"width":987,"height":507},"rotated":true,"capInsets":[0,0,0,0],"packable":true,"pixelsToUnit":100,"pivot":{"x":0.5,"y":0.5},"meshType":0}],[0],0,[0],[0],[0]],[[{"name":"Rptidakmencukupi","rect":{"x":596,"y":521,"width":229,"height":76},"offset":{"x":0,"y":0},"originalSize":{"width":229,"height":76},"rotated":true,"capInsets":[0,0,0,0],"packable":true,"pixelsToUnit":100,"pivot":{"x":0.5,"y":0.5},"meshType":0}],[0],0,[0],[0],[0]]]]
