[1,["07jynySmxDmazC04Rydst4@6c48a"],["_textureSource"],["cc.SpriteFrame"],0,[{"name":"baohe","rect":{"x":3,"y":3,"width":123,"height":115},"offset":{"x":-63.5,"y":3.5},"originalSize":{"width":256,"height":128},"rotated":false,"capInsets":[0,0,0,0],"vertices":{"rawPosition":[-61.5,-57.5,0,61.5,-57.5,0,-61.5,57.5,0,61.5,57.5,0],"indexes":[0,1,2,2,1,3],"uv":[3,125,126,125,3,10,126,10],"nuv":[0.01171875,0.078125,0.4921875,0.078125,0.01171875,0.9765625,0.4921875,0.9765625],"minPos":{"x":-61.5,"y":-57.5,"z":0},"maxPos":{"x":61.5,"y":57.5,"z":0}},"packable":true,"pixelsToUnit":100,"pivot":{"x":0.5,"y":0.5},"meshType":0}],[0],0,[0],[0],[0]]
