[1,["ccUf8c3OdHnZaoL2LL6kAs@6c48a"],["_textureSource"],["cc.SpriteFrame"],0,[{"name":"bg_gxfc_zhuangpan_di_1@2x","rect":{"x":0,"y":0,"width":162,"height":148},"offset":{"x":0,"y":0},"originalSize":{"width":162,"height":148},"rotated":false,"capInsets":[0,0,0,0],"vertices":{"rawPosition":[-81,-74,0,81,-74,0,-81,74,0,81,74,0],"indexes":[0,1,2,2,1,3],"uv":[0,148,162,148,0,0,162,0],"nuv":[0,0,1,0,0,1,1,1],"minPos":{"x":-81,"y":-74,"z":0},"maxPos":{"x":81,"y":74,"z":0}},"packable":true,"pixelsToUnit":100,"pivot":{"x":0.5,"y":0.5},"meshType":0}],[0],0,[0],[0],[0]]
