[1,["af697469-6d8c-4a1a-be90-90b0dde130d5@6c48a"],["_textureSource"],["cc.SpriteFrame"],0,[{"name":"tb_tongqian","rect":{"x":2,"y":2,"width":93,"height":92},"offset":{"x":-15.5,"y":16},"originalSize":{"width":128,"height":128},"rotated":false,"capInsets":[0,0,0,0],"vertices":{"rawPosition":[-46.5,-46,0,46.5,-46,0,-46.5,46,0,46.5,46,0],"indexes":[0,1,2,2,1,3],"uv":[2,126,95,126,2,34,95,34],"nuv":[0.015625,0.265625,0.7421875,0.265625,0.015625,0.984375,0.7421875,0.984375],"minPos":{"x":-46.5,"y":-46,"z":0},"maxPos":{"x":46.5,"y":46,"z":0}},"packable":true,"pixelsToUnit":100,"pivot":{"x":0.5,"y":0.5},"meshType":0}],[0],0,[0],[0],[0]]
