[1,["306YhNeARE3Z8M4BAc6kri@6c48a"],["_textureSource"],["cc.SpriteFrame"],0,[{"name":"xyx_grand","rect":{"x":2,"y":2,"width":764,"height":278},"offset":{"x":-128,"y":115},"originalSize":{"width":1024,"height":512},"rotated":false,"capInsets":[0,0,0,0],"vertices":{"rawPosition":[-382,-139,0,382,-139,0,-382,139,0,382,139,0],"indexes":[0,1,2,2,1,3],"uv":[2,510,766,510,2,232,766,232],"nuv":[0.001953125,0.453125,0.748046875,0.453125,0.001953125,0.99609375,0.748046875,0.99609375],"minPos":{"x":-382,"y":-139,"z":0},"maxPos":{"x":382,"y":139,"z":0}},"packable":true,"pixelsToUnit":100,"pivot":{"x":0.5,"y":0.5},"meshType":0}],[0],0,[0],[0],[0]]
