[1,["50KvMV13FOoK7Gs6U66BY6@6c48a"],["_textureSource"],["cc.SpriteFrame"],0,[{"name":"PayTable1English","rect":{"x":0,"y":0,"width":1561,"height":472},"offset":{"x":0,"y":0},"originalSize":{"width":1561,"height":472},"rotated":false,"capInsets":[0,0,0,0],"vertices":{"rawPosition":[-780.5,-236,0,780.5,-236,0,-780.5,236,0,780.5,236,0],"indexes":[0,1,2,2,1,3],"uv":[0,472,1561,472,0,0,1561,0],"nuv":[0,0,1,0,0,1,1,1],"minPos":{"x":-780.5,"y":-236,"z":0},"maxPos":{"x":780.5,"y":236,"z":0}},"packable":true,"pixelsToUnit":100,"pivot":{"x":0.5,"y":0.5},"meshType":0}],[0],0,[0],[0],[0]]
