[1,["50T1PPlwNM/6NtgXPE1ugi@6c48a"],["_textureSource"],["cc.SpriteFrame"],0,[{"name":"ocean_bg_tostart","rect":{"x":1,"y":6,"width":446,"height":35},"offset":{"x":0,"y":-2.5},"originalSize":{"width":448,"height":42},"rotated":false,"capInsets":[0,0,0,0],"vertices":{"rawPosition":[-223,-17.5,0,223,-17.5,0,-223,17.5,0,223,17.5,0],"indexes":[0,1,2,2,1,3],"uv":[1,36,447,36,1,1,447,1],"nuv":[0.002232142857142857,0.023809523809523808,0.9977678571428571,0.023809523809523808,0.002232142857142857,0.8571428571428571,0.9977678571428571,0.8571428571428571],"minPos":{"x":-223,"y":-17.5,"z":0},"maxPos":{"x":223,"y":17.5,"z":0}},"packable":true,"pixelsToUnit":100,"pivot":{"x":0.5,"y":0.5},"meshType":0}],[0],0,[0],[0],[0]]
