[1,["506FRcyChFJLR47YOGyCpm@6c48a"],["_textureSource"],["cc.SpriteFrame"],0,[{"name":"sea_icon_treasurebox1_01","rect":{"x":196,"y":287,"width":197,"height":66},"offset":{"x":38.5,"y":-64},"originalSize":{"width":512,"height":512},"rotated":false,"capInsets":[0,0,0,0],"vertices":{"rawPosition":[-98.5,-33,0,98.5,-33,0,-98.5,33,0,98.5,33,0],"indexes":[0,1,2,2,1,3],"uv":[196,225,393,225,196,159,393,159],"nuv":[0.3828125,0.310546875,0.767578125,0.310546875,0.3828125,0.439453125,0.767578125,0.439453125],"minPos":{"x":-98.5,"y":-33,"z":0},"maxPos":{"x":98.5,"y":33,"z":0}},"packable":true,"pixelsToUnit":100,"pivot":{"x":0.5,"y":0.5},"meshType":0}],[0],0,[0],[0],[0]]
