{"version":1,"document":[{"__type__":"cc.AnimationClip","_name":"animation_win","_objFlags":0,"__editorExtras__":{"embeddedPlayerGroups":[]},"_native":"","sample":60,"speed":1,"wrapMode":1,"enableTrsBlending":false,"_duration":0.5,"_hash":500763545,"_tracks":[{"__id__":1},{"__id__":12},{"__id__":23},{"__id__":34},{"__id__":45},{"__id__":56},{"__id__":67}],"_exoticAnimation":null,"_events":[],"_embeddedPlayers":[],"_additiveSettings":{"__id__":78},"_auxiliaryCurveEntries":[]},{"__type__":"cc.animation.VectorTrack","_binding":{"__type__":"cc.animation.TrackBinding","path":{"__id__":2},"proxy":null},"_channels":[{"__id__":4},{"__id__":6},{"__id__":8},{"__id__":10}],"_nComponents":3},{"__type__":"cc.animation.TrackPath","_paths":[{"__id__":3},"scale"]},{"__type__":"cc.animation.HierarchyPath","path":"props_spr_user_bg1"},{"__type__":"cc.animation.Channel","_curve":{"__id__":5}},{"__type__":"cc.RealCurve","bytes":{"__type__":"TypedArrayRef","ctor":"Uint8Array","offset":0,"length":66},"keyframeValueEditorExtras":[null,null,null]},{"__type__":"cc.animation.Channel","_curve":{"__id__":7}},{"__type__":"cc.RealCurve","bytes":{"__type__":"TypedArrayRef","ctor":"Uint8Array","offset":66,"length":66},"keyframeValueEditorExtras":[null,null,null]},{"__type__":"cc.animation.Channel","_curve":{"__id__":9}},{"__type__":"cc.RealCurve","bytes":{"__type__":"TypedArrayRef","ctor":"Uint8Array","offset":132,"length":66},"keyframeValueEditorExtras":[null,null,null]},{"__type__":"cc.animation.Channel","_curve":{"__id__":11}},{"__type__":"cc.RealCurve","bytes":{"__type__":"TypedArrayRef","ctor":"Uint8Array","offset":198,"length":6}},{"__type__":"cc.animation.VectorTrack","_binding":{"__type__":"cc.animation.TrackBinding","path":{"__id__":13},"proxy":null},"_channels":[{"__id__":15},{"__id__":17},{"__id__":19},{"__id__":21}],"_nComponents":3},{"__type__":"cc.animation.TrackPath","_paths":[{"__id__":14},"scale"]},{"__type__":"cc.animation.HierarchyPath","path":"props_spr_user_bg2"},{"__type__":"cc.animation.Channel","_curve":{"__id__":16}},{"__type__":"cc.RealCurve","bytes":{"__type__":"TypedArrayRef","ctor":"Uint8Array","offset":204,"length":66},"keyframeValueEditorExtras":[null,null,null]},{"__type__":"cc.animation.Channel","_curve":{"__id__":18}},{"__type__":"cc.RealCurve","bytes":{"__type__":"TypedArrayRef","ctor":"Uint8Array","offset":270,"length":66},"keyframeValueEditorExtras":[null,null,null]},{"__type__":"cc.animation.Channel","_curve":{"__id__":20}},{"__type__":"cc.RealCurve","bytes":{"__type__":"TypedArrayRef","ctor":"Uint8Array","offset":336,"length":66},"keyframeValueEditorExtras":[null,null,null]},{"__type__":"cc.animation.Channel","_curve":{"__id__":22}},{"__type__":"cc.RealCurve","bytes":{"__type__":"TypedArrayRef","ctor":"Uint8Array","offset":402,"length":6}},{"__type__":"cc.animation.VectorTrack","_binding":{"__type__":"cc.animation.TrackBinding","path":{"__id__":24},"proxy":null},"_channels":[{"__id__":26},{"__id__":28},{"__id__":30},{"__id__":32}],"_nComponents":3},{"__type__":"cc.animation.TrackPath","_paths":[{"__id__":25},"scale"]},{"__type__":"cc.animation.HierarchyPath","path":"props_spr_user_bg3"},{"__type__":"cc.animation.Channel","_curve":{"__id__":27}},{"__type__":"cc.RealCurve","bytes":{"__type__":"TypedArrayRef","ctor":"Uint8Array","offset":408,"length":66},"keyframeValueEditorExtras":[null,null,null]},{"__type__":"cc.animation.Channel","_curve":{"__id__":29}},{"__type__":"cc.RealCurve","bytes":{"__type__":"TypedArrayRef","ctor":"Uint8Array","offset":474,"length":66},"keyframeValueEditorExtras":[null,null,null]},{"__type__":"cc.animation.Channel","_curve":{"__id__":31}},{"__type__":"cc.RealCurve","bytes":{"__type__":"TypedArrayRef","ctor":"Uint8Array","offset":540,"length":66},"keyframeValueEditorExtras":[null,null,null]},{"__type__":"cc.animation.Channel","_curve":{"__id__":33}},{"__type__":"cc.RealCurve","bytes":{"__type__":"TypedArrayRef","ctor":"Uint8Array","offset":606,"length":6}},{"__type__":"cc.animation.VectorTrack","_binding":{"__type__":"cc.animation.TrackBinding","path":{"__id__":35},"proxy":null},"_channels":[{"__id__":37},{"__id__":39},{"__id__":41},{"__id__":43}],"_nComponents":3},{"__type__":"cc.animation.TrackPath","_paths":[{"__id__":36},"scale"]},{"__type__":"cc.animation.HierarchyPath","path":"props_spr_user_bg4"},{"__type__":"cc.animation.Channel","_curve":{"__id__":38}},{"__type__":"cc.RealCurve","bytes":{"__type__":"TypedArrayRef","ctor":"Uint8Array","offset":612,"length":66},"keyframeValueEditorExtras":[null,null,null]},{"__type__":"cc.animation.Channel","_curve":{"__id__":40}},{"__type__":"cc.RealCurve","bytes":{"__type__":"TypedArrayRef","ctor":"Uint8Array","offset":678,"length":66},"keyframeValueEditorExtras":[null,null,null]},{"__type__":"cc.animation.Channel","_curve":{"__id__":42}},{"__type__":"cc.RealCurve","bytes":{"__type__":"TypedArrayRef","ctor":"Uint8Array","offset":744,"length":66},"keyframeValueEditorExtras":[null,null,null]},{"__type__":"cc.animation.Channel","_curve":{"__id__":44}},{"__type__":"cc.RealCurve","bytes":{"__type__":"TypedArrayRef","ctor":"Uint8Array","offset":810,"length":6}},{"__type__":"cc.animation.VectorTrack","_binding":{"__type__":"cc.animation.TrackBinding","path":{"__id__":46},"proxy":null},"_channels":[{"__id__":48},{"__id__":50},{"__id__":52},{"__id__":54}],"_nComponents":3},{"__type__":"cc.animation.TrackPath","_paths":[{"__id__":47},"position"]},{"__type__":"cc.animation.HierarchyPath","path":"Layout_win_title"},{"__type__":"cc.animation.Channel","_curve":{"__id__":49}},{"__type__":"cc.RealCurve","bytes":{"__type__":"TypedArrayRef","ctor":"Uint8Array","offset":816,"length":46},"keyframeValueEditorExtras":[null,null]},{"__type__":"cc.animation.Channel","_curve":{"__id__":51}},{"__type__":"cc.RealCurve","bytes":{"__type__":"TypedArrayRef","ctor":"Uint8Array","offset":862,"length":46},"keyframeValueEditorExtras":[null,null]},{"__type__":"cc.animation.Channel","_curve":{"__id__":53}},{"__type__":"cc.RealCurve","bytes":{"__type__":"TypedArrayRef","ctor":"Uint8Array","offset":908,"length":46},"keyframeValueEditorExtras":[null,null]},{"__type__":"cc.animation.Channel","_curve":{"__id__":55}},{"__type__":"cc.RealCurve","bytes":{"__type__":"TypedArrayRef","ctor":"Uint8Array","offset":954,"length":6}},{"__type__":"cc.animation.VectorTrack","_binding":{"__type__":"cc.animation.TrackBinding","path":{"__id__":57},"proxy":null},"_channels":[{"__id__":59},{"__id__":61},{"__id__":63},{"__id__":65}],"_nComponents":3},{"__type__":"cc.animation.TrackPath","_paths":[{"__id__":58},"scale"]},{"__type__":"cc.animation.HierarchyPath","path":"spr_win_bg"},{"__type__":"cc.animation.Channel","_curve":{"__id__":60}},{"__type__":"cc.RealCurve","bytes":{"__type__":"TypedArrayRef","ctor":"Uint8Array","offset":960,"length":6}},{"__type__":"cc.animation.Channel","_curve":{"__id__":62}},{"__type__":"cc.RealCurve","bytes":{"__type__":"TypedArrayRef","ctor":"Uint8Array","offset":966,"length":6}},{"__type__":"cc.animation.Channel","_curve":{"__id__":64}},{"__type__":"cc.RealCurve","bytes":{"__type__":"TypedArrayRef","ctor":"Uint8Array","offset":972,"length":6}},{"__type__":"cc.animation.Channel","_curve":{"__id__":66}},{"__type__":"cc.RealCurve","bytes":{"__type__":"TypedArrayRef","ctor":"Uint8Array","offset":978,"length":6}},{"__type__":"cc.animation.VectorTrack","_binding":{"__type__":"cc.animation.TrackBinding","path":{"__id__":68},"proxy":null},"_channels":[{"__id__":70},{"__id__":72},{"__id__":74},{"__id__":76}],"_nComponents":3},{"__type__":"cc.animation.TrackPath","_paths":[{"__id__":69},"scale"]},{"__type__":"cc.animation.HierarchyPath","path":"props_spr_win_bg"},{"__type__":"cc.animation.Channel","_curve":{"__id__":71}},{"__type__":"cc.RealCurve","bytes":{"__type__":"TypedArrayRef","ctor":"Uint8Array","offset":984,"length":46},"keyframeValueEditorExtras":[null,null]},{"__type__":"cc.animation.Channel","_curve":{"__id__":73}},{"__type__":"cc.RealCurve","bytes":{"__type__":"TypedArrayRef","ctor":"Uint8Array","offset":1030,"length":46},"keyframeValueEditorExtras":[null,null]},{"__type__":"cc.animation.Channel","_curve":{"__id__":75}},{"__type__":"cc.RealCurve","bytes":{"__type__":"TypedArrayRef","ctor":"Uint8Array","offset":1076,"length":6}},{"__type__":"cc.animation.Channel","_curve":{"__id__":77}},{"__type__":"cc.RealCurve","bytes":{"__type__":"TypedArrayRef","ctor":"Uint8Array","offset":1082,"length":6}},{"__type__":"cc.AnimationClipAdditiveSettings","enabled":false,"refClip":null}],"chunks":[".bin"]}
