[1,["202f5553-156a-4117-8e00-db6e16ab80b7@6c48a"],0,[["sp.SkeletonData",["_name","_atlasText","textureNames","_skeletonJson","textures"],-1,3]],[[0,0,1,2,3,4,5]],[[0,"skeleton","\r\nskeleton.png\r\nsize: 2048,2048\r\nformat: RGBA8888\r\nfilter: Linear,Linear\r\nrepeat: none\r\ngua_1\r\n  rotate: false\r\n  xy: 1076, 22\r\n  size: 402, 276\r\n  orig: 402, 276\r\n  offset: 0, 0\r\n  index: -1\r\ngua_2\r\n  rotate: true\r\n  xy: 1076, 300\r\n  size: 376, 306\r\n  orig: 376, 306\r\n  offset: 0, 0\r\n  index: -1\r\ngua_3\r\n  rotate: true\r\n  xy: 1073, 678\r\n  size: 390, 474\r\n  orig: 390, 474\r\n  offset: 0, 0\r\n  index: -1\r\nguang_1\r\n  rotate: false\r\n  xy: 1384, 448\r\n  size: 264, 228\r\n  orig: 264, 228\r\n  offset: 0, 0\r\n  index: -1\r\nqie1\r\n  rotate: false\r\n  xy: 2, 1070\r\n  size: 532, 535\r\n  orig: 532, 535\r\n  offset: 0, 0\r\n  index: -1\r\nqie2\r\n  rotate: true\r\n  xy: 2, 536\r\n  size: 532, 535\r\n  orig: 532, 535\r\n  offset: 0, 0\r\n  index: -1\r\nqie3\r\n  rotate: true\r\n  xy: 536, 1073\r\n  size: 532, 535\r\n  orig: 532, 535\r\n  offset: 0, 0\r\n  index: -1\r\nqie4\r\n  rotate: false\r\n  xy: 539, 536\r\n  size: 532, 535\r\n  orig: 532, 535\r\n  offset: 0, 0\r\n  index: -1\r\nqie5\r\n  rotate: true\r\n  xy: 2, 2\r\n  size: 532, 535\r\n  orig: 532, 535\r\n  offset: 0, 0\r\n  index: -1\r\nqie6\r\n  rotate: true\r\n  xy: 539, 2\r\n  size: 532, 535\r\n  orig: 532, 535\r\n  offset: 0, 0\r\n  index: -1\r\nqie7\r\n  rotate: false\r\n  xy: 1073, 1070\r\n  size: 532, 535\r\n  orig: 532, 535\r\n  offset: 0, 0\r\n  index: -1\r\n",["skeleton.png"],{"skeleton":{"hash":"NcKEQm7wMYaqMFGL8XAzrXJPs2M","spine":"3.8.99","x":-266,"y":-267,"width":532,"height":639.03,"images":"","audio":""},"bones":[{"name":"root"}],"slots":[{"name":"gua_3","bone":"root","attachment":"gua_3"},{"name":"dao","bone":"root","attachment":"qie7"},{"name":"xigua1","bone":"root","attachment":"gua_1"},{"name":"xigua2","bone":"root","attachment":"gua_2"},{"name":"guang","bone":"root"}],"skins":[{"name":"default","attachments":{"dao":{"qie1":{"y":0.5,"width":532,"height":535},"qie2":{"y":0.5,"width":532,"height":535},"qie3":{"y":0.5,"width":532,"height":535},"qie4":{"y":0.5,"width":532,"height":535},"qie5":{"y":0.5,"width":532,"height":535},"qie6":{"y":0.5,"width":532,"height":535},"qie7":{"y":0.5,"width":532,"height":535}},"gua_3":{"gua_3":{"type":"mesh","hull":4,"width":390,"height":474,"uvs":[1,1,0,1,0.00001,0.00001,1,0],"triangles":[2,3,0,1,2,0],"vertices":[195,-189.59,-195,-189.59,-195,284.41,195,284.41],"edges":[0,2,2,4,4,6,0,6]}},"guang":{"guang_1":{"width":264,"height":228}},"xigua1":{"gua_1":{"y":-52.89,"width":402,"height":276}},"xigua2":{"gua_2":{"x":43.21,"y":219.03,"width":376,"height":306}}}}],"animations":{"animation":{"slots":{"dao":{"attachment":[{"name":null},{"time":0.6667,"name":"qie1"},{"time":0.7,"name":"qie2"},{"time":0.7333,"name":"qie3"},{"time":0.7667,"name":"qie4"},{"time":0.8,"name":"qie5"},{"time":0.8333,"name":"qie6"},{"time":0.8667,"name":"qie7"},{"time":0.9,"name":null}]},"gua_3":{"attachment":[{"time":0.9667,"name":null}]},"guang":{"attachment":[{"time":0.8333,"name":"guang_1"},{"time":0.9667,"name":null},{"time":1.6667,"name":null}]},"xigua1":{"attachment":[{"name":null},{"time":0.9667,"name":"gua_1"}]},"xigua2":{"attachment":[{"name":null},{"time":0.9667,"name":"gua_2"}]}},"bones":{"root":{"translate":[{"y":858.99,"curve":0.25,"c3":0.75},{"time":0.4333,"y":61.34},{"time":0.9667,"y":64.32}]}},"deform":{"default":{"gua_3":{"gua_3":[{"offset":5,"curve":0.25,"c3":0.75,"vertices":[-8.1449,0,-8.1449]},{"time":0.4333,"offset":4,"curve":0.25,"c3":0.75,"vertices":[-8.14491,-100.45514,-8.14491,-100.45514]},{"time":0.5333,"offset":5,"curve":0.25,"c3":0.75,"vertices":[5.42999,0,5.42999]},{"time":0.6333,"offset":5,"vertices":[-48.87006,0,-48.87006]}]}}},"drawOrder":[{"time":0.9,"offsets":[{"slot":"guang","offset":-2}]},{"time":0.9667}]}}},[0]]],0,0,[0],[-1],[0]]
