[1,["50+0ER0SRLnqI349+w8Urq@6c48a"],["_textureSource"],["cc.SpriteFrame"],0,[{"name":"avatar","rect":{"x":2,"y":3,"width":2044,"height":2026},"offset":{"x":0,"y":8},"originalSize":{"width":2048,"height":2048},"rotated":false,"capInsets":[0,0,0,0],"vertices":{"rawPosition":[-1022,-1013,0,1022,-1013,0,-1022,1013,0,1022,1013,0],"indexes":[0,1,2,2,1,3],"uv":[2,2045,2046,2045,2,19,2046,19],"nuv":[0.0009765625,0.00927734375,0.9990234375,0.00927734375,0.0009765625,0.99853515625,0.9990234375,0.99853515625],"minPos":{"x":-1022,"y":-1013,"z":0},"maxPos":{"x":1022,"y":1013,"z":0}},"packable":true,"pixelsToUnit":100,"pivot":{"x":0.5,"y":0.5},"meshType":0}],[0],0,[0],[0],[0]]
