[1,["d93z6sDTlMop/DR9K2tQie@6c48a"],["_textureSource"],["cc.SpriteFrame","cc.SpriteAtlas"],0,[[[{"name":"fish24","spriteFrames":["fish24_1","05njIKy1VAvqthINZru2Zh@f7711","fish24_10","05njIKy1VAvqthINZru2Zh@1448d","fish24_11","05njIKy1VAvqthINZru2Zh@4228e","fish24_12","05njIKy1VAvqthINZru2Zh@930a5","fish24_13","05njIKy1VAvqthINZru2Zh@62459","fish24_14","05njIKy1VAvqthINZru2Zh@2f615","fish24_15","05njIKy1VAvqthINZru2Zh@d8bc7","fish24_16","05njIKy1VAvqthINZru2Zh@a16fa","fish24_17","05njIKy1VAvqthINZru2Zh@6f33b","fish24_18","05njIKy1VAvqthINZru2Zh@d7979","fish24_19","05njIKy1VAvqthINZru2Zh@931a4","fish24_2","05njIKy1VAvqthINZru2Zh@1e2ed","fish24_20","05njIKy1VAvqthINZru2Zh@f8d02","fish24_21","05njIKy1VAvqthINZru2Zh@3f632","fish24_22","05njIKy1VAvqthINZru2Zh@3e562","fish24_23","05njIKy1VAvqthINZru2Zh@85ee5","fish24_24","05njIKy1VAvqthINZru2Zh@7cb8e","fish24_25","05njIKy1VAvqthINZru2Zh@6866a","fish24_3","05njIKy1VAvqthINZru2Zh@8b9d1","fish24_4","05njIKy1VAvqthINZru2Zh@c114e","fish24_5","05njIKy1VAvqthINZru2Zh@eece9","fish24_6","05njIKy1VAvqthINZru2Zh@8f39a","fish24_7","05njIKy1VAvqthINZru2Zh@55423","fish24_8","05njIKy1VAvqthINZru2Zh@14ae2","fish24_9","05njIKy1VAvqthINZru2Zh@61660"]}],[1],0,[],[],[]],[[{"name":"fish24_10","rect":{"x":397,"y":512,"width":393,"height":249},"offset":{"x":5,"y":-5},"originalSize":{"width":419,"height":317},"rotated":false,"capInsets":[0,0,0,0],"vertices":{"rawPosition":[],"indexes":[],"uv":[],"nuv":[],"minPos":{"x":0,"y":0,"z":0},"maxPos":{"x":0,"y":0,"z":0}},"packable":true,"pixelsToUnit":100,"pivot":{"x":0.5,"y":0.5},"meshType":0}],[0],0,[0],[0],[0]],[[{"name":"fish24_8","rect":{"x":796,"y":508,"width":393,"height":249},"offset":{"x":4,"y":-7},"originalSize":{"width":419,"height":317},"rotated":false,"capInsets":[0,0,0,0],"vertices":{"rawPosition":[],"indexes":[],"uv":[],"nuv":[],"minPos":{"x":0,"y":0,"z":0},"maxPos":{"x":0,"y":0,"z":0}},"packable":true,"pixelsToUnit":100,"pivot":{"x":0.5,"y":0.5},"meshType":0}],[0],0,[0],[0],[0]],[[{"name":"fish24_2","rect":{"x":2,"y":253,"width":397,"height":251},"offset":{"x":-7,"y":4},"originalSize":{"width":419,"height":317},"rotated":false,"capInsets":[0,0,0,0],"vertices":{"rawPosition":[],"indexes":[],"uv":[],"nuv":[],"minPos":{"x":0,"y":0,"z":0},"maxPos":{"x":0,"y":0,"z":0}},"packable":true,"pixelsToUnit":100,"pivot":{"x":0.5,"y":0.5},"meshType":0}],[0],0,[0],[0],[0]],[[{"name":"fish24_14","rect":{"x":2,"y":759,"width":391,"height":253},"offset":{"x":9,"y":7},"originalSize":{"width":419,"height":317},"rotated":false,"capInsets":[0,0,0,0],"vertices":{"rawPosition":[],"indexes":[],"uv":[],"nuv":[],"minPos":{"x":0,"y":0,"z":0},"maxPos":{"x":0,"y":0,"z":0}},"packable":true,"pixelsToUnit":100,"pivot":{"x":0.5,"y":0.5},"meshType":0}],[0],0,[0],[0],[0]],[[{"name":"fish24_22","rect":{"x":1574,"y":755,"width":369,"height":255},"offset":{"x":7,"y":10},"originalSize":{"width":419,"height":317},"rotated":false,"capInsets":[0,0,0,0],"vertices":{"rawPosition":[],"indexes":[],"uv":[],"nuv":[],"minPos":{"x":0,"y":0,"z":0},"maxPos":{"x":0,"y":0,"z":0}},"packable":true,"pixelsToUnit":100,"pivot":{"x":0.5,"y":0.5},"meshType":0}],[0],0,[0],[0],[0]],[[{"name":"fish24_21","rect":{"x":1175,"y":767,"width":367,"height":259},"offset":{"x":12,"y":10},"originalSize":{"width":419,"height":317},"rotated":false,"capInsets":[0,0,0,0],"vertices":{"rawPosition":[],"indexes":[],"uv":[],"nuv":[],"minPos":{"x":0,"y":0,"z":0},"maxPos":{"x":0,"y":0,"z":0}},"packable":true,"pixelsToUnit":100,"pivot":{"x":0.5,"y":0.5},"meshType":0}],[0],0,[0],[0],[0]],[[{"name":"fish24_11","rect":{"x":1199,"y":255,"width":395,"height":251},"offset":{"x":6,"y":-1},"originalSize":{"width":419,"height":317},"rotated":false,"capInsets":[0,0,0,0],"vertices":{"rawPosition":[],"indexes":[],"uv":[],"nuv":[],"minPos":{"x":0,"y":0,"z":0},"maxPos":{"x":0,"y":0,"z":0}},"packable":true,"pixelsToUnit":100,"pivot":{"x":0.5,"y":0.5},"meshType":0}],[0],0,[0],[0],[0]],[[{"name":"fish24_7","rect":{"x":1199,"y":2,"width":395,"height":251},"offset":{"x":4,"y":-7},"originalSize":{"width":419,"height":317},"rotated":false,"capInsets":[0,0,0,0],"vertices":{"rawPosition":[],"indexes":[],"uv":[],"nuv":[],"minPos":{"x":0,"y":0,"z":0},"maxPos":{"x":0,"y":0,"z":0}},"packable":true,"pixelsToUnit":100,"pivot":{"x":0.5,"y":0.5},"meshType":0}],[0],0,[0],[0],[0]],[[{"name":"fish24_9","rect":{"x":796,"y":257,"width":393,"height":249},"offset":{"x":5,"y":-6},"originalSize":{"width":419,"height":317},"rotated":false,"capInsets":[0,0,0,0],"vertices":{"rawPosition":[],"indexes":[],"uv":[],"nuv":[],"minPos":{"x":0,"y":0,"z":0},"maxPos":{"x":0,"y":0,"z":0}},"packable":true,"pixelsToUnit":100,"pivot":{"x":0.5,"y":0.5},"meshType":0}],[0],0,[0],[0],[0]],[[{"name":"fish24_13","rect":{"x":401,"y":257,"width":393,"height":253},"offset":{"x":9,"y":5},"originalSize":{"width":419,"height":317},"rotated":false,"capInsets":[0,0,0,0],"vertices":{"rawPosition":[],"indexes":[],"uv":[],"nuv":[],"minPos":{"x":0,"y":0,"z":0},"maxPos":{"x":0,"y":0,"z":0}},"packable":true,"pixelsToUnit":100,"pivot":{"x":0.5,"y":0.5},"meshType":0}],[0],0,[0],[0],[0]],[[{"name":"fish24_25","rect":{"x":2,"y":506,"width":393,"height":251},"offset":{"x":-1,"y":7},"originalSize":{"width":419,"height":317},"rotated":false,"capInsets":[0,0,0,0],"vertices":{"rawPosition":[],"indexes":[],"uv":[],"nuv":[],"minPos":{"x":0,"y":0,"z":0},"maxPos":{"x":0,"y":0,"z":0}},"packable":true,"pixelsToUnit":100,"pivot":{"x":0.5,"y":0.5},"meshType":0}],[0],0,[0],[0],[0]],[[{"name":"fish24_17","rect":{"x":774,"y":1014,"width":365,"height":265},"offset":{"x":19,"y":11},"originalSize":{"width":419,"height":317},"rotated":false,"capInsets":[0,0,0,0],"vertices":{"rawPosition":[],"indexes":[],"uv":[],"nuv":[],"minPos":{"x":0,"y":0,"z":0},"maxPos":{"x":0,"y":0,"z":0}},"packable":true,"pixelsToUnit":100,"pivot":{"x":0.5,"y":0.5},"meshType":0}],[0],0,[0],[0],[0]],[[{"name":"fish24_24","rect":{"x":792,"y":759,"width":381,"height":253},"offset":{"x":1,"y":9},"originalSize":{"width":419,"height":317},"rotated":false,"capInsets":[0,0,0,0],"vertices":{"rawPosition":[],"indexes":[],"uv":[],"nuv":[],"minPos":{"x":0,"y":0,"z":0},"maxPos":{"x":0,"y":0,"z":0}},"packable":true,"pixelsToUnit":100,"pivot":{"x":0.5,"y":0.5},"meshType":0}],[0],0,[0],[0],[0]],[[{"name":"fish24_23","rect":{"x":2,"y":1014,"width":373,"height":253},"offset":{"x":3,"y":9},"originalSize":{"width":419,"height":317},"rotated":false,"capInsets":[0,0,0,0],"vertices":{"rawPosition":[],"indexes":[],"uv":[],"nuv":[],"minPos":{"x":0,"y":0,"z":0},"maxPos":{"x":0,"y":0,"z":0}},"packable":true,"pixelsToUnit":100,"pivot":{"x":0.5,"y":0.5},"meshType":0}],[0],0,[0],[0],[0]],[[{"name":"fish24_3","rect":{"x":1596,"y":2,"width":395,"height":251},"offset":{"x":-7,"y":0},"originalSize":{"width":419,"height":317},"rotated":false,"capInsets":[0,0,0,0],"vertices":{"rawPosition":[],"indexes":[],"uv":[],"nuv":[],"minPos":{"x":0,"y":0,"z":0},"maxPos":{"x":0,"y":0,"z":0}},"packable":true,"pixelsToUnit":100,"pivot":{"x":0.5,"y":0.5},"meshType":0}],[0],0,[0],[0],[0]],[[{"name":"fish24_6","rect":{"x":1596,"y":255,"width":395,"height":249},"offset":{"x":1,"y":-7},"originalSize":{"width":419,"height":317},"rotated":false,"capInsets":[0,0,0,0],"vertices":{"rawPosition":[],"indexes":[],"uv":[],"nuv":[],"minPos":{"x":0,"y":0,"z":0},"maxPos":{"x":0,"y":0,"z":0}},"packable":true,"pixelsToUnit":100,"pivot":{"x":0.5,"y":0.5},"meshType":0}],[0],0,[0],[0],[0]],[[{"name":"fish24_12","rect":{"x":802,"y":2,"width":395,"height":253},"offset":{"x":7,"y":1},"originalSize":{"width":419,"height":317},"rotated":false,"capInsets":[0,0,0,0],"vertices":{"rawPosition":[],"indexes":[],"uv":[],"nuv":[],"minPos":{"x":0,"y":0,"z":0},"maxPos":{"x":0,"y":0,"z":0}},"packable":true,"pixelsToUnit":100,"pivot":{"x":0.5,"y":0.5},"meshType":0}],[0],0,[0],[0],[0]],[[{"name":"fish24_19","rect":{"x":1544,"y":1012,"width":353,"height":267},"offset":{"x":17,"y":12},"originalSize":{"width":419,"height":317},"rotated":false,"capInsets":[0,0,0,0],"vertices":{"rawPosition":[],"indexes":[],"uv":[],"nuv":[],"minPos":{"x":0,"y":0,"z":0},"maxPos":{"x":0,"y":0,"z":0}},"packable":true,"pixelsToUnit":100,"pivot":{"x":0.5,"y":0.5},"meshType":0}],[0],0,[0],[0],[0]],[[{"name":"fish24_16","rect":{"x":395,"y":763,"width":377,"height":259},"offset":{"x":16,"y":10},"originalSize":{"width":419,"height":317},"rotated":false,"capInsets":[0,0,0,0],"vertices":{"rawPosition":[],"indexes":[],"uv":[],"nuv":[],"minPos":{"x":0,"y":0,"z":0},"maxPos":{"x":0,"y":0,"z":0}},"packable":true,"pixelsToUnit":100,"pivot":{"x":0.5,"y":0.5},"meshType":0}],[0],0,[0],[0],[0]],[[{"name":"fish24_4","rect":{"x":2,"y":2,"width":399,"height":249},"offset":{"x":-4,"y":-2},"originalSize":{"width":419,"height":317},"rotated":false,"capInsets":[0,0,0,0],"vertices":{"rawPosition":[],"indexes":[],"uv":[],"nuv":[],"minPos":{"x":0,"y":0,"z":0},"maxPos":{"x":0,"y":0,"z":0}},"packable":true,"pixelsToUnit":100,"pivot":{"x":0.5,"y":0.5},"meshType":0}],[0],0,[0],[0],[0]],[[{"name":"fish24_18","rect":{"x":377,"y":1024,"width":361,"height":267},"offset":{"x":20,"y":12},"originalSize":{"width":419,"height":317},"rotated":false,"capInsets":[0,0,0,0],"vertices":{"rawPosition":[],"indexes":[],"uv":[],"nuv":[],"minPos":{"x":0,"y":0,"z":0},"maxPos":{"x":0,"y":0,"z":0}},"packable":true,"pixelsToUnit":100,"pivot":{"x":0.5,"y":0.5},"meshType":0}],[0],0,[0],[0],[0]],[[{"name":"fish24_15","rect":{"x":1191,"y":508,"width":381,"height":257},"offset":{"x":12,"y":10},"originalSize":{"width":419,"height":317},"rotated":false,"capInsets":[0,0,0,0],"vertices":{"rawPosition":[],"indexes":[],"uv":[],"nuv":[],"minPos":{"x":0,"y":0,"z":0},"maxPos":{"x":0,"y":0,"z":0}},"packable":true,"pixelsToUnit":100,"pivot":{"x":0.5,"y":0.5},"meshType":0}],[0],0,[0],[0],[0]],[[{"name":"fish24_5","rect":{"x":1596,"y":506,"width":395,"height":247},"offset":{"x":0,"y":-6},"originalSize":{"width":419,"height":317},"rotated":false,"capInsets":[0,0,0,0],"vertices":{"rawPosition":[],"indexes":[],"uv":[],"nuv":[],"minPos":{"x":0,"y":0,"z":0},"maxPos":{"x":0,"y":0,"z":0}},"packable":true,"pixelsToUnit":100,"pivot":{"x":0.5,"y":0.5},"meshType":0}],[0],0,[0],[0],[0]],[[{"name":"fish24_1","rect":{"x":403,"y":2,"width":397,"height":253},"offset":{"x":-2,"y":6},"originalSize":{"width":419,"height":317},"rotated":false,"capInsets":[0,0,0,0],"vertices":{"rawPosition":[],"indexes":[],"uv":[],"nuv":[],"minPos":{"x":0,"y":0,"z":0},"maxPos":{"x":0,"y":0,"z":0}},"packable":true,"pixelsToUnit":100,"pivot":{"x":0.5,"y":0.5},"meshType":0}],[0],0,[0],[0],[0]],[[{"name":"fish24_20","rect":{"x":2,"y":1269,"width":359,"height":265},"offset":{"x":16,"y":12},"originalSize":{"width":419,"height":317},"rotated":false,"capInsets":[0,0,0,0],"vertices":{"rawPosition":[],"indexes":[],"uv":[],"nuv":[],"minPos":{"x":0,"y":0,"z":0},"maxPos":{"x":0,"y":0,"z":0}},"packable":true,"pixelsToUnit":100,"pivot":{"x":0.5,"y":0.5},"meshType":0}],[0],0,[0],[0],[0]]]]
