[1,["b6gOa0wb1GVo/La/eHFtrt@6c48a"],["_textureSource"],["cc.SpriteFrame"],0,[{"name":"icon_jinbi","rect":{"x":2,"y":2,"width":122,"height":128},"offset":{"x":0,"y":0},"originalSize":{"width":126,"height":132},"rotated":false,"capInsets":[0,0,0,0],"vertices":{"rawPosition":[-61,-64,0,61,-64,0,-61,64,0,61,64,0],"indexes":[0,1,2,2,1,3],"uv":[2,130,124,130,2,2,124,2],"nuv":[0.015873015873015872,0.015151515151515152,0.9841269841269841,0.015151515151515152,0.015873015873015872,0.9848484848484849,0.9841269841269841,0.9848484848484849],"minPos":{"x":-61,"y":-64,"z":0},"maxPos":{"x":61,"y":64,"z":0}},"packable":true,"pixelsToUnit":100,"pivot":{"x":0.5,"y":0.5},"meshType":0}],[0],0,[0],[0],[0]]
