[1,["dd1y2K5gdKKpXBLYt8D1NU@6c48a"],["_textureSource"],["cc.SpriteFrame","cc.SpriteAtlas"],0,[[[{"name":"fish28","spriteFrames":["fish28_1","7cN7s33KpJkKPauDaw1Y1/@f8747","fish28_10","7cN7s33KpJkKPauDaw1Y1/@eb01c","fish28_11","7cN7s33KpJkKPauDaw1Y1/@b8282","fish28_12","7cN7s33KpJkKPauDaw1Y1/@3918d","fish28_2","7cN7s33KpJkKPauDaw1Y1/@11b34","fish28_3","7cN7s33KpJkKPauDaw1Y1/@3e1bc","fish28_4","7cN7s33KpJkKPauDaw1Y1/@6c6d9","fish28_5","7cN7s33KpJkKPauDaw1Y1/@92f5e","fish28_6","7cN7s33KpJkKPauDaw1Y1/@1e6fb","fish28_7","7cN7s33KpJkKPauDaw1Y1/@27e3f","fish28_8","7cN7s33KpJkKPauDaw1Y1/@ae66d","fish28_9","7cN7s33KpJkKPauDaw1Y1/@c20f0"]}],[1],0,[],[],[]],[[{"name":"fish28_2","rect":{"x":305,"y":2,"width":287,"height":301},"offset":{"x":1,"y":0},"originalSize":{"width":289,"height":301},"rotated":true,"capInsets":[0,0,0,0],"vertices":{"rawPosition":[],"indexes":[],"uv":[],"nuv":[],"minPos":{"x":0,"y":0,"z":0},"maxPos":{"x":0,"y":0,"z":0}},"packable":true,"pixelsToUnit":100,"pivot":{"x":0.5,"y":0.5},"meshType":0}],[0],0,[0],[0],[0]],[[{"name":"fish28_6","rect":{"x":2,"y":871,"width":287,"height":279},"offset":{"x":0,"y":8},"originalSize":{"width":289,"height":301},"rotated":false,"capInsets":[0,0,0,0],"vertices":{"rawPosition":[],"indexes":[],"uv":[],"nuv":[],"minPos":{"x":0,"y":0,"z":0},"maxPos":{"x":0,"y":0,"z":0}},"packable":true,"pixelsToUnit":100,"pivot":{"x":0.5,"y":0.5},"meshType":0}],[0],0,[0],[0],[0]],[[{"name":"fish28_7","rect":{"x":2,"y":1152,"width":287,"height":271},"offset":{"x":0,"y":12},"originalSize":{"width":289,"height":301},"rotated":false,"capInsets":[0,0,0,0],"vertices":{"rawPosition":[],"indexes":[],"uv":[],"nuv":[],"minPos":{"x":0,"y":0,"z":0},"maxPos":{"x":0,"y":0,"z":0}},"packable":true,"pixelsToUnit":100,"pivot":{"x":0.5,"y":0.5},"meshType":0}],[0],0,[0],[0],[0]],[[{"name":"fish28_12","rect":{"x":2,"y":2,"width":289,"height":301},"offset":{"x":0,"y":0},"originalSize":{"width":289,"height":301},"rotated":true,"capInsets":[0,0,0,0],"vertices":{"rawPosition":[],"indexes":[],"uv":[],"nuv":[],"minPos":{"x":0,"y":0,"z":0},"maxPos":{"x":0,"y":0,"z":0}},"packable":true,"pixelsToUnit":100,"pivot":{"x":0.5,"y":0.5},"meshType":0}],[0],0,[0],[0],[0]],[[{"name":"fish28_3","rect":{"x":305,"y":580,"width":287,"height":299},"offset":{"x":0,"y":-1},"originalSize":{"width":289,"height":301},"rotated":true,"capInsets":[0,0,0,0],"vertices":{"rawPosition":[],"indexes":[],"uv":[],"nuv":[],"minPos":{"x":0,"y":0,"z":0},"maxPos":{"x":0,"y":0,"z":0}},"packable":true,"pixelsToUnit":100,"pivot":{"x":0.5,"y":0.5},"meshType":0}],[0],0,[0],[0],[0]],[[{"name":"fish28_4","rect":{"x":608,"y":291,"width":287,"height":299},"offset":{"x":0,"y":-1},"originalSize":{"width":289,"height":301},"rotated":true,"capInsets":[0,0,0,0],"vertices":{"rawPosition":[],"indexes":[],"uv":[],"nuv":[],"minPos":{"x":0,"y":0,"z":0},"maxPos":{"x":0,"y":0,"z":0}},"packable":true,"pixelsToUnit":100,"pivot":{"x":0.5,"y":0.5},"meshType":0}],[0],0,[0],[0],[0]],[[{"name":"fish28_5","rect":{"x":606,"y":580,"width":287,"height":293},"offset":{"x":1,"y":1},"originalSize":{"width":289,"height":301},"rotated":true,"capInsets":[0,0,0,0],"vertices":{"rawPosition":[],"indexes":[],"uv":[],"nuv":[],"minPos":{"x":0,"y":0,"z":0},"maxPos":{"x":0,"y":0,"z":0}},"packable":true,"pixelsToUnit":100,"pivot":{"x":0.5,"y":0.5},"meshType":0}],[0],0,[0],[0],[0]],[[{"name":"fish28_8","rect":{"x":301,"y":869,"width":287,"height":289},"offset":{"x":0,"y":5},"originalSize":{"width":289,"height":301},"rotated":true,"capInsets":[0,0,0,0],"vertices":{"rawPosition":[],"indexes":[],"uv":[],"nuv":[],"minPos":{"x":0,"y":0,"z":0},"maxPos":{"x":0,"y":0,"z":0}},"packable":true,"pixelsToUnit":100,"pivot":{"x":0.5,"y":0.5},"meshType":0}],[0],0,[0],[0],[0]],[[{"name":"fish28_11","rect":{"x":608,"y":2,"width":287,"height":301},"offset":{"x":1,"y":0},"originalSize":{"width":289,"height":301},"rotated":true,"capInsets":[0,0,0,0],"vertices":{"rawPosition":[],"indexes":[],"uv":[],"nuv":[],"minPos":{"x":0,"y":0,"z":0},"maxPos":{"x":0,"y":0,"z":0}},"packable":true,"pixelsToUnit":100,"pivot":{"x":0.5,"y":0.5},"meshType":0}],[0],0,[0],[0],[0]],[[{"name":"fish28_9","rect":{"x":2,"y":582,"width":287,"height":297},"offset":{"x":1,"y":1},"originalSize":{"width":289,"height":301},"rotated":true,"capInsets":[0,0,0,0],"vertices":{"rawPosition":[],"indexes":[],"uv":[],"nuv":[],"minPos":{"x":0,"y":0,"z":0},"maxPos":{"x":0,"y":0,"z":0}},"packable":true,"pixelsToUnit":100,"pivot":{"x":0.5,"y":0.5},"meshType":0}],[0],0,[0],[0],[0]],[[{"name":"fish28_10","rect":{"x":305,"y":291,"width":287,"height":301},"offset":{"x":1,"y":0},"originalSize":{"width":289,"height":301},"rotated":true,"capInsets":[0,0,0,0],"vertices":{"rawPosition":[],"indexes":[],"uv":[],"nuv":[],"minPos":{"x":0,"y":0,"z":0},"maxPos":{"x":0,"y":0,"z":0}},"packable":true,"pixelsToUnit":100,"pivot":{"x":0.5,"y":0.5},"meshType":0}],[0],0,[0],[0],[0]],[[{"name":"fish28_1","rect":{"x":2,"y":293,"width":287,"height":301},"offset":{"x":1,"y":0},"originalSize":{"width":289,"height":301},"rotated":true,"capInsets":[0,0,0,0],"vertices":{"rawPosition":[],"indexes":[],"uv":[],"nuv":[],"minPos":{"x":0,"y":0,"z":0},"maxPos":{"x":0,"y":0,"z":0}},"packable":true,"pixelsToUnit":100,"pivot":{"x":0.5,"y":0.5},"meshType":0}],[0],0,[0],[0],[0]]]]
