[1,["a1pmNFoZJAcqcJEfJvkOw5@6c48a"],["_textureSource"],["cc.SpriteFrame","cc.SpriteAtlas"],0,[[[{"name":"fish72","spriteFrames":["fish72_1","9319/InohIM6LZUVa89SZt@979b7","fish72_10","9319/InohIM6LZUVa89SZt@ec9be","fish72_11","9319/InohIM6LZUVa89SZt@082d6","fish72_12","9319/InohIM6LZUVa89SZt@98bc1","fish72_13","9319/InohIM6LZUVa89SZt@495a7","fish72_14","9319/InohIM6LZUVa89SZt@f1e8d","fish72_15","9319/InohIM6LZUVa89SZt@55ebc","fish72_2","9319/InohIM6LZUVa89SZt@586fa","fish72_3","9319/InohIM6LZUVa89SZt@4bdbb","fish72_4","9319/InohIM6LZUVa89SZt@b6082","fish72_5","9319/InohIM6LZUVa89SZt@bc256","fish72_6","9319/InohIM6LZUVa89SZt@cd0ec","fish72_7","9319/InohIM6LZUVa89SZt@0d0fe","fish72_8","9319/InohIM6LZUVa89SZt@d26c8","fish72_9","9319/InohIM6LZUVa89SZt@a524f"]}],[1],0,[],[],[]],[[{"name":"fish72_11","rect":{"x":2,"y":625,"width":291,"height":161},"offset":{"x":6,"y":-10},"originalSize":{"width":303,"height":207},"rotated":true,"capInsets":[0,0,0,0],"vertices":{"rawPosition":[],"indexes":[],"uv":[],"nuv":[],"minPos":{"x":0,"y":0,"z":0},"maxPos":{"x":0,"y":0,"z":0}},"packable":true,"pixelsToUnit":100,"pivot":{"x":0.5,"y":0.5},"meshType":0}],[0],0,[0],[0],[0]],[[{"name":"fish72_7","rect":{"x":600,"y":2,"width":293,"height":161},"offset":{"x":5,"y":-22},"originalSize":{"width":303,"height":207},"rotated":false,"capInsets":[0,0,0,0],"vertices":{"rawPosition":[],"indexes":[],"uv":[],"nuv":[],"minPos":{"x":0,"y":0,"z":0},"maxPos":{"x":0,"y":0,"z":0}},"packable":true,"pixelsToUnit":100,"pivot":{"x":0.5,"y":0.5},"meshType":0}],[0],0,[0],[0],[0]],[[{"name":"fish72_13","rect":{"x":165,"y":621,"width":287,"height":163},"offset":{"x":8,"y":1},"originalSize":{"width":303,"height":207},"rotated":true,"capInsets":[0,0,0,0],"vertices":{"rawPosition":[],"indexes":[],"uv":[],"nuv":[],"minPos":{"x":0,"y":0,"z":0},"maxPos":{"x":0,"y":0,"z":0}},"packable":true,"pixelsToUnit":100,"pivot":{"x":0.5,"y":0.5},"meshType":0}],[0],0,[0],[0],[0]],[[{"name":"fish72_3","rect":{"x":619,"y":330,"width":285,"height":163},"offset":{"x":9,"y":-2},"originalSize":{"width":303,"height":207},"rotated":false,"capInsets":[0,0,0,0],"vertices":{"rawPosition":[],"indexes":[],"uv":[],"nuv":[],"minPos":{"x":0,"y":0,"z":0},"maxPos":{"x":0,"y":0,"z":0}},"packable":true,"pixelsToUnit":100,"pivot":{"x":0.5,"y":0.5},"meshType":0}],[0],0,[0],[0],[0]],[[{"name":"fish72_15","rect":{"x":330,"y":780,"width":281,"height":163},"offset":{"x":11,"y":3},"originalSize":{"width":303,"height":207},"rotated":false,"capInsets":[0,0,0,0],"vertices":{"rawPosition":[],"indexes":[],"uv":[],"nuv":[],"minPos":{"x":0,"y":0,"z":0},"maxPos":{"x":0,"y":0,"z":0}},"packable":true,"pixelsToUnit":100,"pivot":{"x":0.5,"y":0.5},"meshType":0}],[0],0,[0],[0],[0]],[[{"name":"fish72_2","rect":{"x":165,"y":332,"width":287,"height":163},"offset":{"x":8,"y":2},"originalSize":{"width":303,"height":207},"rotated":true,"capInsets":[0,0,0,0],"vertices":{"rawPosition":[],"indexes":[],"uv":[],"nuv":[],"minPos":{"x":0,"y":0,"z":0},"maxPos":{"x":0,"y":0,"z":0}},"packable":true,"pixelsToUnit":100,"pivot":{"x":0.5,"y":0.5},"meshType":0}],[0],0,[0],[0],[0]],[[{"name":"fish72_1","rect":{"x":330,"y":495,"width":283,"height":163},"offset":{"x":10,"y":3},"originalSize":{"width":303,"height":207},"rotated":true,"capInsets":[0,0,0,0],"vertices":{"rawPosition":[],"indexes":[],"uv":[],"nuv":[],"minPos":{"x":0,"y":0,"z":0},"maxPos":{"x":0,"y":0,"z":0}},"packable":true,"pixelsToUnit":100,"pivot":{"x":0.5,"y":0.5},"meshType":0}],[0],0,[0],[0],[0]],[[{"name":"fish72_12","rect":{"x":330,"y":330,"width":287,"height":163},"offset":{"x":8,"y":-4},"originalSize":{"width":303,"height":207},"rotated":false,"capInsets":[0,0,0,0],"vertices":{"rawPosition":[],"indexes":[],"uv":[],"nuv":[],"minPos":{"x":0,"y":0,"z":0},"maxPos":{"x":0,"y":0,"z":0}},"packable":true,"pixelsToUnit":100,"pivot":{"x":0.5,"y":0.5},"meshType":0}],[0],0,[0],[0],[0]],[[{"name":"fish72_9","rect":{"x":600,"y":165,"width":291,"height":163},"offset":{"x":6,"y":-20},"originalSize":{"width":303,"height":207},"rotated":false,"capInsets":[0,0,0,0],"vertices":{"rawPosition":[],"indexes":[],"uv":[],"nuv":[],"minPos":{"x":0,"y":0,"z":0},"maxPos":{"x":0,"y":0,"z":0}},"packable":true,"pixelsToUnit":100,"pivot":{"x":0.5,"y":0.5},"meshType":0}],[0],0,[0],[0],[0]],[[{"name":"fish72_4","rect":{"x":2,"y":332,"width":291,"height":161},"offset":{"x":6,"y":-8},"originalSize":{"width":303,"height":207},"rotated":true,"capInsets":[0,0,0,0],"vertices":{"rawPosition":[],"indexes":[],"uv":[],"nuv":[],"minPos":{"x":0,"y":0,"z":0},"maxPos":{"x":0,"y":0,"z":0}},"packable":true,"pixelsToUnit":100,"pivot":{"x":0.5,"y":0.5},"meshType":0}],[0],0,[0],[0],[0]],[[{"name":"fish72_5","rect":{"x":2,"y":2,"width":297,"height":163},"offset":{"x":3,"y":-13},"originalSize":{"width":303,"height":207},"rotated":false,"capInsets":[0,0,0,0],"vertices":{"rawPosition":[],"indexes":[],"uv":[],"nuv":[],"minPos":{"x":0,"y":0,"z":0},"maxPos":{"x":0,"y":0,"z":0}},"packable":true,"pixelsToUnit":100,"pivot":{"x":0.5,"y":0.5},"meshType":0}],[0],0,[0],[0],[0]],[[{"name":"fish72_6","rect":{"x":295,"y":167,"width":291,"height":161},"offset":{"x":6,"y":-19},"originalSize":{"width":303,"height":207},"rotated":false,"capInsets":[0,0,0,0],"vertices":{"rawPosition":[],"indexes":[],"uv":[],"nuv":[],"minPos":{"x":0,"y":0,"z":0},"maxPos":{"x":0,"y":0,"z":0}},"packable":true,"pixelsToUnit":100,"pivot":{"x":0.5,"y":0.5},"meshType":0}],[0],0,[0],[0],[0]],[[{"name":"fish72_8","rect":{"x":495,"y":495,"width":283,"height":161},"offset":{"x":10,"y":-22},"originalSize":{"width":303,"height":207},"rotated":true,"capInsets":[0,0,0,0],"vertices":{"rawPosition":[],"indexes":[],"uv":[],"nuv":[],"minPos":{"x":0,"y":0,"z":0},"maxPos":{"x":0,"y":0,"z":0}},"packable":true,"pixelsToUnit":100,"pivot":{"x":0.5,"y":0.5},"meshType":0}],[0],0,[0],[0],[0]],[[{"name":"fish72_10","rect":{"x":301,"y":2,"width":297,"height":163},"offset":{"x":3,"y":-15},"originalSize":{"width":303,"height":207},"rotated":false,"capInsets":[0,0,0,0],"vertices":{"rawPosition":[],"indexes":[],"uv":[],"nuv":[],"minPos":{"x":0,"y":0,"z":0},"maxPos":{"x":0,"y":0,"z":0}},"packable":true,"pixelsToUnit":100,"pivot":{"x":0.5,"y":0.5},"meshType":0}],[0],0,[0],[0],[0]],[[{"name":"fish72_14","rect":{"x":2,"y":167,"width":291,"height":163},"offset":{"x":6,"y":3},"originalSize":{"width":303,"height":207},"rotated":false,"capInsets":[0,0,0,0],"vertices":{"rawPosition":[],"indexes":[],"uv":[],"nuv":[],"minPos":{"x":0,"y":0,"z":0},"maxPos":{"x":0,"y":0,"z":0}},"packable":true,"pixelsToUnit":100,"pivot":{"x":0.5,"y":0.5},"meshType":0}],[0],0,[0],[0],[0]]]]
