[1,["bcBBneuoRGD5wGcSU8e6Nv@6c48a"],["_textureSource"],["cc.SpriteFrame"],0,[{"name":"icon_lztb_tubiao_jp","rect":{"x":0,"y":0,"width":165,"height":135},"offset":{"x":0,"y":0},"originalSize":{"width":165,"height":135},"rotated":false,"capInsets":[0,0,0,0],"vertices":{"rawPosition":[-82.5,-67.5,0,82.5,-67.5,0,-82.5,67.5,0,82.5,67.5,0],"indexes":[0,1,2,2,1,3],"uv":[0,135,165,135,0,0,165,0],"nuv":[0,0,1,0,0,1,1,1],"minPos":{"x":-82.5,"y":-67.5,"z":0},"maxPos":{"x":82.5,"y":67.5,"z":0}},"packable":true,"pixelsToUnit":100,"pivot":{"x":0.5,"y":0.5},"meshType":0}],[0],0,[0],[0],[0]]
