[1,["b5Mdxz83BOcoxC5EEKxtgS","1cueNa8FlB/IzDbvxhGbMV@f9941","b8tGRNP4NPpafjjKZ5eJv8@6c48a","91ATqQ1QxHA4cER5h1ZwQg@f9941","edUzor8GFN+7Klg35DL+UN@f9941","ca5tzqm7FLd7yxk6mlz6VH@f9941","b8tGRNP4NPpafjjKZ5eJv8@f9941","f5FbxlrnJIWrDtj/oTafi8","92TV9zMHNBUYnWqxQ8WrUV@f9941","c9JD5K3k5AtolhhzKJdZ4I@f9941","20K7fK3NtDopunCA8fYns2@f9941"],["node","_spriteFrame","_atlas","_textureSource","root","_target","_barSprite","data","_file","_normalSprite"],[["cc.Node",["_name","_active","_layer","_components","_prefab","_parent","_children","_lpos"],0,9,4,1,2,5],["cc.Sprite",["_sizeMode","_type","node","__prefab","_spriteFrame","_atlas"],1,1,4,6,6],["cc.UITransform",["node","__prefab","_contentSize","_anchorPoint"],3,1,4,5,5],["cc.Widget",["_alignFlags","_originalWidth","_originalHeight","_right","_left","_top","node","__prefab"],-3,1,4],["cc.Label",["_actualFontSize","_fontSize","_string","_enableOutline","_lineHeight","_isBold","_outlineWidth","node","__prefab","_outlineColor","_color"],-4,1,4,5,5],"cc.SpriteFrame",["cc.Prefab",["_name"],2],["cc.Node",["_name","_layer","_parent","_children","_components","_prefab","_lpos"],1,1,2,12,4,5],["cc.CompPrefabInfo",["fileId"],2],["cc.BlockInputEvents",["node","__prefab"],3,1,4],["cc.PrefabInfo",["fileId","instance","targetOverrides","nestedPrefabInstanceRoots","root","asset"],-1,1,1],["cc.Button",["_transition","_zoomScale","node","__prefab","_normalColor","_target","_normalSprite"],1,1,4,5,1,6],["cc.ProgressBar",["_totalLength","_progress","node","__prefab","_barSprite"],1,1,4,1],["cc.Layout",["_layoutType","_horizontalDirection","node","__prefab"],1,1,4],["cc.LabelOutline",["node","__prefab"],3,1,4],["cc.ParticleSystem2D",["_name","_dstBlendFactor","emissionRate","life","lifeVar","angle","angleVar","startSize","startSizeVar","endSize","speed","speedVar","tangentialAccel","startRadius","_totalParticles","node","__prefab","posVar","_startColor","_startColorVar","_endColor","_endColorVar","_file","_spriteFrame"],-12,1,4,5,5,5,5,5,6,6]],[[8,0,2],[10,0,1,2,3,4,5,5],[2,0,1,2,1],[0,0,5,3,4,7,2],[0,0,1,5,3,4,7,3],[1,0,2,3,4,5,2],[1,1,0,2,3,4,5,3],[14,0,1,1],[6,0,2],[0,0,6,3,4,2],[0,0,5,6,3,4,2],[0,0,5,6,3,4,7,2],[0,0,2,5,3,4,3],[7,0,1,2,3,4,5,6,3],[2,0,1,2,3,1],[2,0,1,3,1],[3,0,1,2,6,7,4],[3,0,4,3,1,2,6,7,6],[3,0,3,5,6,7,4],[9,0,1,1],[1,0,2,3,4,2],[1,1,0,2,3,3],[11,0,1,2,3,4,5,6,3],[12,0,1,2,3,4,3],[13,0,1,2,3,3],[4,2,0,1,4,5,3,7,8,7],[4,2,0,1,3,6,7,8,9,6],[4,0,1,7,8,10,3],[15,0,1,2,3,4,5,6,7,8,9,10,11,12,13,14,15,16,17,18,19,20,21,22,23,16]],[[[{"name":"bg_olps_loading","rect":{"x":0,"y":0,"width":1624,"height":750},"offset":{"x":0,"y":0},"originalSize":{"width":1624,"height":750},"rotated":false,"capInsets":[0,0,0,0],"vertices":{"rawPosition":[-812,-375,0,812,-375,0,-812,375,0,812,375,0],"indexes":[0,1,2,2,1,3],"uv":[0,750,1624,750,0,0,1624,0],"nuv":[0,0,1,0,0,1,1,1],"minPos":{"x":-812,"y":-375,"z":0},"maxPos":{"x":812,"y":375,"z":0}},"packable":true,"pixelsToUnit":100,"pivot":{"x":0.5,"y":0.5},"meshType":0}],[5],0,[0],[3],[2]],[[[8,"prefab_thor_loading"],[9,"prefab_thor_loading",[-5,-6,-7,-8,-9,-10],[[2,-2,[0,"95G9Q2rrxOf531huoVR2hh"],[5,1334,750]],[16,45,1600,800,-3,[0,"d6bi/ZBMlLDJKmO8BGzyJ0"]],[19,-4,[0,"99K2uf/2ZGFq/Jo7eOz/bQ"]]],[1,"c46/YsCPVOJYA4mWEpNYRx",null,null,null,-1,0]],[10,"spr_loading_bg",1,[-14,-15,-16],[[2,-11,[0,"2dAlhPiJZL66t/Mrt4YOC8"],[5,1624,750]],[20,0,-12,[0,"56spWBZwZPFqI1FPaH1GJe"],6],[17,45,-145,-145,1624,750,-13,[0,"b5p6tjSdFHjrICEnvENqMp"]]],[1,"31apFmkSFGu7sod7t8hU18",null,null,null,1,0]],[4,"props_btn_return",false,1,[[2,-17,[0,"34MXMqm8tJl4aptSoj1mT0"],[5,62,62]],[6,1,0,-18,[0,"efPpZlLK9Bx7XhYEaNvyA0"],11,12],[22,3,0.9,-20,[0,"50lHvjEYJKz7V5fuPW+T3f"],[4,4292269782],-19,13],[18,33,19,19,-21,[0,"8f16TZ0+hM0IdpRhoeRXaq"]]],[1,"f92iOpz1BOm4fx81jeUPJo",null,null,null,1,0],[1,617,325,0]],[11,"props_progressBar",1,[-26],[[2,-22,[0,"4a8+y6XDxEQr8hbZgEjeAM"],[5,796,48]],[6,1,2,-23,[0,"d08weecPdKrJ9ugCcFoq/9"],9,10],[23,772,0,-25,[0,"436WBbpDtLgbE0pTUV5Ie/"],-24]],[1,"fec6yKf79Ol5KiHUCoGEgs",null,null,null,1,0],[1,0,-240,0]],[13,"Bar",33554432,4,[-30],[[[14,-27,[0,"13d+QgNTlEV43LJyAlKVJR"],[5,0,24],[0,0,0.5]],-28,[24,1,1,-29,[0,"256wrNaplGxJFZl1CNPm2F"]]],4,1,4],[1,"4cLTz1fL5GbLkDByQaOO+c",null,null,null,1,0],[1,-387,0,0]],[3,"props_progressTip",1,[[2,-31,[0,"a1ian5eYJGSI7OIk8mlVL7"],[5,32.91,41.8]],[25,"0%",20,20,30,true,true,-32,[0,"c5PzQEQGBIMLmT4C4KABUP"]],[7,-33,[0,"47Bt1gyQpJnbqOy3gOa+z2"]]],[1,"daKwI+zzdAcZUiomyJ9HL4",null,null,null,1,0],[1,0,-240,0]],[4,"props_version",false,1,[[2,-34,[0,"9fbB2jxUFAfJo6QcYlGF7L"],[5,15.32,52.4]],[26,"--",20,20,true,1,-35,[0,"8akcfFcGlO7oL4DTObNcZr"],[4,4278979598]],[7,-36,[0,"daOzuaMEJLXqeU/PapxFnU"]]],[1,"e6Lv3yj2BBsIvIVyaib8O5",null,null,null,1,0],[1,0,-280,0]],[3,"word_loading2",2,[[2,-37,[0,"5e9l150DtK4LlNA/BIRxoU"],[5,475,64]],[5,2,-38,[0,"9cwOC0dwpOJ7Q2qA5ckjCm"],0,1]],[1,"30NUR+fgxL7p6o4CVD21Wq",null,null,null,1,0],[1,412,-140,0]],[3,"word_loading1 ",2,[[2,-39,[0,"f8fDjvNApD5ZkogCmSLQ0M"],[5,313,59]],[5,2,-40,[0,"9c7XrF0H1BfpWgQhkfzo70"],2,3]],[1,"0d1AvXr1ZPn7yLSM2v8pDJ",null,null,null,1,0],[1,-360,-140,0]],[3,"word_loading_blue_1",2,[[2,-41,[0,"8fSzanOQNPjbd5o/e3P4jN"],[5,483,27]],[5,2,-42,[0,"ffXa+laIhAM4PMTqsrYPAV"],4,5]],[1,"fdYQ+2+nlGYpZQ/doynDFX",null,null,null,1,0],[1,0,-300,0]],[12,"fire",33554432,5,[[15,-43,[0,"ddvgcF+5VOwqpakTsT/6PL"],[0,1,0.5]],[28,"Node<ParticleSystem2D>",1,50,0.3,0.1,180,0,20,5,30,30,20,0,100,100,-44,[0,"7ejU3AWbxPopB7b9QFLwkW"],[0,10,5],[4,65535],[4,5570560],[4,4278190335],[4,4281597952],7,8]],[1,"bd5b9pX8RPFbtgjbmZJzjS",null,null,null,1,0]],[4,"props_error_log",false,1,[[2,-45,[0,"3ehB/J2LFKC4xBFUP6+ryW"],[5,42.26,50.4]],[27,20,20,-46,[0,"492ORR+0JHpqyM+0G0pn9g"],[4,4278190335]]],[1,"c3RCYNuf9EUqdlabfFxQwz",null,null,null,1,0],[1,0,348.217,0]],[21,2,0,5,[0,"70Ty6fwlhNPqCrjLTbIByX"]]],0,[0,4,1,0,0,1,0,0,1,0,0,1,0,-1,2,0,-2,4,0,-3,6,0,-4,12,0,-5,3,0,-6,7,0,0,2,0,0,2,0,0,2,0,-1,8,0,-2,9,0,-3,10,0,0,3,0,0,3,0,5,3,0,0,3,0,0,3,0,0,4,0,0,4,0,6,13,0,0,4,0,-1,5,0,0,5,0,-2,13,0,0,5,0,-1,11,0,0,6,0,0,6,0,0,6,0,0,7,0,0,7,0,0,7,0,0,8,0,0,8,0,0,9,0,0,9,0,0,10,0,0,10,0,0,11,0,0,11,0,0,12,0,0,12,0,7,1,46],[0,0,0,0,0,0,0,0,0,0,0,0,0,0,13,13],[1,2,1,2,1,2,1,8,1,1,2,1,2,9,1,2],[3,0,4,0,5,0,6,7,8,9,0,1,0,1,10,0]]]]
