[1,["298YXDrDFCRqmIeeRH+kos@6c48a","298YXDrDFCRqmIeeRH+kos@f9941"],["_textureSource","spriteFrame"],["cc.SpriteFrame",["cc.BitmapFont",["_name","fontSize","fntConfig"],0]],[[1,0,1,2,4]],[[[{"name":"shuzi_longhu_cm_zi_0","rect":{"x":0,"y":0,"width":143,"height":46},"offset":{"x":-3.5,"y":52},"originalSize":{"width":150,"height":150},"rotated":false,"capInsets":[0,0,0,0],"vertices":{"rawPosition":[-71.5,-23,0,71.5,-23,0,-71.5,23,0,71.5,23,0],"indexes":[0,1,2,2,1,3],"uv":[0,150,143,150,0,104,143,104],"nuv":[0,0.6933333333333334,0.9533333333333334,0.6933333333333334,0,1,0.9533333333333334,1],"minPos":{"x":-71.5,"y":-23,"z":0},"maxPos":{"x":71.5,"y":23,"z":0}},"packable":true,"pixelsToUnit":100,"pivot":{"x":0.5,"y":0.5},"meshType":0}],[0],0,[0],[0],[0]],[[[0,"shuzi_longhu_cm_zi",32,{"commonHeight":32,"fontSize":32,"atlasName":"shuzi_longhu_cm_zi_0.png","fontDefDictionary":{"48":{"xOffset":0,"yOffset":0,"xAdvance":16,"rect":{"x":95,"y":0,"width":16,"height":23}},"49":{"xOffset":0,"yOffset":0,"xAdvance":11,"rect":{"x":80,"y":23,"width":11,"height":23}},"50":{"xOffset":0,"yOffset":0,"xAdvance":16,"rect":{"x":111,"y":0,"width":16,"height":23}},"51":{"xOffset":0,"yOffset":0,"xAdvance":16,"rect":{"x":127,"y":0,"width":16,"height":23}},"52":{"xOffset":0,"yOffset":0,"xAdvance":17,"rect":{"x":78,"y":0,"width":17,"height":23}},"53":{"xOffset":0,"yOffset":0,"xAdvance":16,"rect":{"x":0,"y":23,"width":16,"height":23}},"54":{"xOffset":0,"yOffset":0,"xAdvance":16,"rect":{"x":16,"y":23,"width":16,"height":23}},"55":{"xOffset":0,"yOffset":0,"xAdvance":16,"rect":{"x":32,"y":23,"width":16,"height":23}},"56":{"xOffset":0,"yOffset":0,"xAdvance":16,"rect":{"x":48,"y":23,"width":16,"height":23}},"57":{"xOffset":0,"yOffset":0,"xAdvance":16,"rect":{"x":64,"y":23,"width":16,"height":23}},"66":{"xOffset":0,"yOffset":0,"xAdvance":18,"rect":{"x":42,"y":0,"width":18,"height":23}},"75":{"xOffset":0,"yOffset":0,"xAdvance":18,"rect":{"x":60,"y":0,"width":18,"height":23}},"77":{"xOffset":0,"yOffset":0,"xAdvance":22,"rect":{"x":0,"y":0,"width":22,"height":23}},"84":{"xOffset":0,"yOffset":0,"xAdvance":20,"rect":{"x":22,"y":0,"width":20,"height":23}}},"kerningDict":{}}]],0,0,[0],[1],[1]]]]
