[1,["9edGCRrpRAtq/bkmWVqLiC","d3s4La8+1F0JQ4LKdiOUR2@f9941","d1lLbd8gxLSomr+nJdwVmS@f9941","6bNN7P/W5A5aaLQSB2zqB2@f9941","f6QwiUUu9I0Y7Ra1Pu4sPa","deUdfdgVFFFoqjWvXe7CQu@f9941","d9VgFRYXZE04FnkORRq7XQ","80xbwH3u5Ixa7sRc7ZpwqI","74IFWSLM1IIICgSYPrHjRq","efUtlBjy9Bv4KLnETSOonw","91YbZ+g9dM+7YGGEqOAXEq","0dLmBej09DH4Te+rgvjiLl","64xZexaEpPRZGg3Kx4si4V@f9941","eevG9V3SRF6p38uMXJo/xr","75gvvlb2RJ4Ljw0ZcxS4MM","e9B6/ZnhRLHIzxOhI7UImk","d5roMzpTBAXahqpBqOukLk","5fDJrVxgJCbbI8I9dRMLkE","57ssin/ARKxZ++IJL3Jc4z@6c48a","14YbiJay9EW6x/0MmCFXHP","81xOdHUZZFDrIYICwZXNyu@f9941"],["node","_spriteFrame","_atlas","_defaultClip","_target","_normalSprite","root","data","_skeletonData"],[["cc.Node",["_name","_active","_components","_prefab","_parent","_lpos","_children","_lscale"],1,9,4,1,5,2,5],["cc.UITransform",["node","__prefab","_contentSize","_anchorPoint"],3,1,4,5,5],["cc.Label",["_string","_actualFontSize","_fontSize","_lineHeight","_overflow","_enableWrapText","_isBold","node","__prefab","_color"],-4,1,4,5],["cc.Sprite",["_type","_sizeMode","node","__prefab","_spriteFrame","_atlas"],1,1,4,6,6],["sp.SkeletonData",["_name","_atlasText","textureNames","_skeletonJson","textures"],-1,3],["cc.Prefab",["_name"],2],["cc.CompPrefabInfo",["fileId"],2],["cc.PrefabInfo",["fileId","instance","targetOverrides","nestedPrefabInstanceRoots","root","asset"],-1,1,1],["cc.Button",["_transition","_zoomScale","node","__prefab","_normalColor","_target","_normalSprite"],1,1,4,5,1,6],["cc.Animation",["node","__prefab","_clips","_defaultClip"],3,1,4,3,6],["sp.Skeleton",["defaultSkin","defaultAnimation","_premultipliedAlpha","_preCacheMode","node","__prefab","_skeletonData"],-1,1,4,6]],[[6,0,2],[7,0,1,2,3,4,5,5],[1,0,1,2,1],[0,0,4,2,3,5,2],[3,2,3,4,5,1],[9,0,1,2,3,1],[0,0,4,6,2,3,5,2],[0,0,4,2,3,5,7,2],[0,0,1,4,2,3,3],[1,0,1,2,3,1],[3,0,1,2,3,4,5,3],[8,0,1,2,3,4,5,6,3],[2,0,1,2,3,4,5,7,8,9,7],[2,0,1,2,3,4,5,7,8,7],[2,0,1,2,6,7,8,9,5],[4,0,1,2,3,4,5],[5,0,2],[0,0,6,2,3,2],[0,0,4,2,3,2],[1,0,1,1],[10,0,1,2,3,4,5,6,5]],[[[[15,"xingxingicon_guangquan","\r\nxingxingicon_guangquan.png\r\nsize: 2048,512\r\nformat: RGBA8888\r\nfilter: Linear,Linear\r\nrepeat: none\r\n星星icon光圈/guang1\r\n  rotate: false\r\n  xy: 282, 2\r\n  size: 278, 278\r\n  orig: 278, 278\r\n  offset: 0, 0\r\n  index: -1\r\n星星icon光圈/guang2\r\n  rotate: false\r\n  xy: 562, 2\r\n  size: 278, 278\r\n  orig: 278, 278\r\n  offset: 0, 0\r\n  index: -1\r\n星星icon光圈/guang3\r\n  rotate: false\r\n  xy: 842, 2\r\n  size: 278, 278\r\n  orig: 278, 278\r\n  offset: 0, 0\r\n  index: -1\r\n星星icon光圈/guang4\r\n  rotate: false\r\n  xy: 1122, 2\r\n  size: 278, 278\r\n  orig: 278, 278\r\n  offset: 0, 0\r\n  index: -1\r\n星星icon光圈/guang5\r\n  rotate: false\r\n  xy: 1402, 2\r\n  size: 278, 278\r\n  orig: 278, 278\r\n  offset: 0, 0\r\n  index: -1\r\n星星icon光圈/guang6\r\n  rotate: false\r\n  xy: 1682, 2\r\n  size: 278, 278\r\n  orig: 278, 278\r\n  offset: 0, 0\r\n  index: -1\r\n星星icon光圈/guang7\r\n  rotate: false\r\n  xy: 2, 2\r\n  size: 278, 278\r\n  orig: 278, 278\r\n  offset: 0, 0\r\n  index: -1\r\n",["xingxingicon_guangquan.png"],{"skeleton":{"hash":"nyT/bUpBiC6/AOJo2yZODtAeQ1o","spine":"3.8.99","x":-16,"y":-16.98,"width":33,"height":33,"images":"E:/新版UI/龙虎/动画源文件/星星icon","audio":""},"bones":[{"name":"root"}],"slots":[{"name":"222","bone":"root","blend":"screen"}],"skins":[{"name":"default","attachments":{"222":{"星星icon光圈/guang1":{"scaleX":0.2,"scaleY":0.2,"width":278,"height":278},"星星icon光圈/guang2":{"scaleX":0.2,"scaleY":0.2,"width":278,"height":278},"星星icon光圈/guang3":{"scaleX":0.2,"scaleY":0.2,"width":278,"height":278},"星星icon光圈/guang4":{"scaleX":0.2,"scaleY":0.2,"width":278,"height":278},"星星icon光圈/guang5":{"scaleX":0.2,"scaleY":0.2,"width":278,"height":278},"星星icon光圈/guang6":{"scaleX":0.2,"scaleY":0.2,"width":278,"height":278},"星星icon光圈/guang7":{"scaleX":0.2,"scaleY":0.2,"width":278,"height":278}}}}],"animations":{"animation":{"slots":{"222":{"attachment":[{"time":1.2667,"name":"星星icon光圈/guang1"},{"time":1.3,"name":"星星icon光圈/guang2"},{"time":1.3333,"name":"星星icon光圈/guang3"},{"time":1.3667,"name":"星星icon光圈/guang4"},{"time":1.4,"name":"星星icon光圈/guang5"},{"time":1.4333,"name":"星星icon光圈/guang6"},{"time":1.4667,"name":"星星icon光圈/guang7"},{"time":1.5,"name":null}]}}}}},[0]]],0,0,[0],[-1],[18]],[[[16,"prefabs_dragonTiger_users"],[17,"prefabs_dragonTiger_users",[-3,-4,-5,-6,-7,-8,-9,-10,-11,-12,-13,-14,-15],[[19,-2,[0,"8ao0lOstlI3riEMTkg8A8U"]]],[1,"c46/YsCPVOJYA4mWEpNYRx",null,null,null,-1,0]],[6,"props_btn_users1",1,[-21,-22,-23,-24],[[2,-16,[0,"1fDj10SAFH16lp7cpGEw/G"],[5,103,112]],[10,1,0,-17,[0,"f95s7TUWFPKLAMeMZTPaBF"],6,7],[11,3,0.9,-19,[0,"6fA8HZvRtLMaLY8doMbz1f"],[4,4292269782],-18,8],[5,-20,[0,"cdieFxJ69FZbgUyNqH+mSg"],[9],10]],[1,"46Ub7pxnFI/I9Ya0x6rdBE",null,null,null,1,0],[1,-588,156,0]],[6,"props_btn_users2",1,[-30,-31,-32,-33],[[2,-25,[0,"d5H28r5/ZJEozP949K7jxJ"],[5,85,89]],[10,1,0,-26,[0,"105uiDDStFFI2rwHGqwXXd"],17,18],[11,3,0.9,-28,[0,"c41De57fZBZoJfwuGZyF6g"],[4,4292269782],-27,19],[5,-29,[0,"5379WbMnJFKqz5y7WGl9Xu"],[20],21]],[1,"7cwuXlnEZH0oIgVecQmVxD",null,null,null,1,0],[1,-586,-15,0]],[6,"props_btn_users3",1,[-39,-40,-41,-42],[[2,-34,[0,"efzgDz4qpK3pcvDXsSX1Ly"],[5,85,89]],[10,1,0,-35,[0,"813MfhIeVHeZNZnOkNMHKc"],28,29],[11,3,0.9,-37,[0,"c2jMLm77BIj4fOpboXW4lI"],[4,4292269782],-36,30],[5,-38,[0,"18QY1NVdpBa5SxXkzbBHVq"],[31],32]],[1,"39a+xbirtItb8CEXPsD9lr",null,null,null,1,0],[1,-586,-155,0]],[6,"props_btn_users4",1,[-48,-49,-50,-51],[[2,-43,[0,"70SDJASnFIkIfbSFX81c4H"],[5,100,111]],[10,1,0,-44,[0,"2ckCKS5D5BtJ8JrdIPWqw1"],39,40],[11,3,0.9,-46,[0,"d5qWAa+3xJMr7KhibOGNya"],[4,4292269782],-45,41],[5,-47,[0,"0dcZ7cDl9MI6bZdc3MMkE0"],[42],43]],[1,"2aOhXZOTtK1algYTiutNbZ",null,null,null,1,0],[1,592,156,0]],[6,"props_btn_users5",1,[-57,-58,-59,-60],[[2,-52,[0,"93omfF3g9F668QSnS7cR5I"],[5,85,89]],[10,1,0,-53,[0,"86O/5qnjFJfYCwTzkOucvG"],50,51],[11,3,0.9,-55,[0,"715X0jSwhNdLdBtTIPc3gl"],[4,4292269782],-54,52],[5,-56,[0,"eebaOufVNFo43CNdnrsIca"],[53],54]],[1,"8cocKgs21GPLsPDWk1rAco",null,null,null,1,0],[1,592,-10,0]],[6,"props_btn_users6",1,[-66,-67,-68,-69],[[2,-61,[0,"ef2asTsYdKXpIsCHugv4X/"],[5,85,89]],[10,1,0,-62,[0,"f4Oe5vN4pA8qxX29bA5r71"],61,62],[11,3,0.9,-64,[0,"92RVvuw75A04GT3/38HQWL"],[4,4292269782],-63,63],[5,-65,[0,"ec3J7khMJIZYuhnWHc/Xbe"],[64],65]],[1,"be12ugwZdJULq6H+lsbQ4e",null,null,null,1,0],[1,592,-150,0]],[7,"spr_user1",1,[[2,-70,[0,"908ytfcuxAOoE2OOixRogp"],[5,140,140]],[4,-71,[0,"0dlWxtthpGY6bDqnLBgwIc"],0,1],[5,-72,[0,"6erFkjPSNMtZnHhpyrxYz9"],[2],3]],[1,"afoUSZ31ZIiYubDDCSzRr9",null,null,null,1,0],[1,-589,145,0],[1,0.5,0.5,1]],[7,"spr_user2",1,[[2,-73,[0,"3aUk64Ho1J+oe0F91ZqrTT"],[5,140,140]],[4,-74,[0,"3cA4gkiDNKmaIWNX00N0Hl"],11,12],[5,-75,[0,"57yuJ0GNtJ8rtXFT/Raq7C"],[13],14]],[1,"2a439dIZpCG7EJF3irY05G",null,null,null,1,0],[1,-586,-14,0],[1,0.5,0.5,1]],[7,"spr_user3",1,[[2,-76,[0,"da7CWVOQZMC7qEtDsCup0X"],[5,140,140]],[4,-77,[0,"89mM12CdlDWKQwX9uQoZw2"],22,23],[5,-78,[0,"4dbm+n7+tGjJvx1h/lSjXQ"],[24],25]],[1,"b9OP4z4BhE6rgXS/Fmh4Jh",null,null,null,1,0],[1,-586,-154,0],[1,0.5,0.5,1]],[7,"spr_user4",1,[[2,-79,[0,"8b+f7owbdCLITBMAJf159h"],[5,140,140]],[4,-80,[0,"b09Sq9CCdLzrrHwITs8U4m"],33,34],[5,-81,[0,"de5Z5OMvxGM7F0PP5YZuU5"],[35],36]],[1,"02HNKAyDdMb5BGPvbBVQIm",null,null,null,1,0],[1,591,145,0],[1,0.5,0.5,1]],[7,"spr_user5",1,[[2,-82,[0,"67O4llnSFKhKMQZIAcvYcX"],[5,140,140]],[4,-83,[0,"cbv9iYF2JAjJvzY9HuXe8g"],44,45],[5,-84,[0,"a1jITvgZJE94QMKWDWC8HE"],[46],47]],[1,"1au1+7x1BA2at4gNZHJvUg",null,null,null,1,0],[1,592,-9,0],[1,0.5,0.5,1]],[7,"spr_user6",1,[[2,-85,[0,"738J5QBttCoKFWE0FnBWqo"],[5,140,140]],[4,-86,[0,"4eIvDGxMVBCowmb2wEw8ix"],55,56],[5,-87,[0,"c6GyYSJg1LUqsGElzHiunY"],[57],58]],[1,"18HyJlK4dIIYH7mOyCedd7",null,null,null,1,0],[1,592,-149,0],[1,0.5,0.5,1]],[6,"props_spr_icon",1,[-90],[[2,-88,[0,"5beOybpKJOXp2iTRdHtX0P"],[5,33,33]],[4,-89,[0,"b5y6GObxxLdoYx+BhzEMHV"],67,68]],[1,"84hPeqdRVLy4NsWaYzsnfi",null,null,null,1,0],[1,594,108,0]],[3,"spr_gold",2,[[2,-91,[0,"52fpWEaOxPOYgUjNk+PUOR"],[5,111,21]],[4,-92,[0,"ae1FEg9RxMoJa+1XbNgrr7"],4,5]],[1,"32KvlLYGBFq5RmUBBBf5eE",null,null,null,1,0],[1,0,-90,0]],[3,"Label_gold",2,[[9,-93,[0,"3bH3nh15lDKrMtZrqIF0Ko"],[5,75,25.2],[0,0,0.5]],[12,"",18,18,20,2,false,-94,[0,"08ixH1FXpKfL+st1TeL8rs"],[4,4283087359]]],[1,"21y2gHLVZHaIydh5IZ3a79",null,null,null,1,0],[1,-29,-91,0]],[3,"Label_name",2,[[2,-95,[0,"279rNgVChMbKkpIsmZB5hi"],[5,100,27.72]],[13,"",20,20,22,2,false,-96,[0,"3123Na09lGFaam2Etj2Qul"]]],[1,"327tAB0uNEKJaP5QK9m+Lh",null,null,null,1,0],[1,0,-66,0]],[8,"Label_gold_up",false,2,[[2,-97,[0,"b9h7woq25CaK/1vd2Rwrx1"],[5,50.05,50.4]],[14,"100",30,30,true,-98,[0,"460NISAo5C0re5O3+a7qbn"],[4,4283087359]]],[1,"f9yt21xMJKeJojkLENt0jb",null,null,null,1,0]],[3,"spr_gold",3,[[2,-99,[0,"8dJsZyYDlDF7yvroFHbPis"],[5,111,21]],[4,-100,[0,"e6zp00gchOL4sCTFPil8Lj"],15,16]],[1,"57WT5wnBtEabXpQSnFYMJi",null,null,null,1,0],[1,-4,-72,0]],[3,"Label_gold",3,[[9,-101,[0,"f0byo/wzZPlr+TXr201hP8"],[5,75,25.2],[0,0,0.5]],[12,"",18,18,20,2,false,-102,[0,"1eY8QgPQ1N5beGzqdTWgyP"],[4,4283087359]]],[1,"88PnVhM1lJ4K3fGzXOZRgx",null,null,null,1,0],[1,-33,-72,0]],[3,"Label_name",3,[[2,-103,[0,"25tIywjDlJC7k27u/oK/K6"],[5,100,27.72]],[13,"",20,20,22,2,false,-104,[0,"efvxeihYRHr6kCDkrTulnI"]]],[1,"24gChTOxpFVKfEr9kywb8u",null,null,null,1,0],[1,-4,-48,0]],[8,"Label_gold_up",false,3,[[2,-105,[0,"c6bNEMLblK4Ie226O/4uCq"],[5,50.05,50.4]],[14,"100",30,30,true,-106,[0,"2dxOOU9CJGDazmOA+/KdkL"],[4,4283087359]]],[1,"3driWuZ3ROfJ64d7DsXlDL",null,null,null,1,0]],[3,"spr_gold",4,[[2,-107,[0,"11k5o/uH1N8J98lSiK5sLW"],[5,111,21]],[4,-108,[0,"e9dOWqV7ZNfoGGSaBEe8RX"],26,27]],[1,"aePMUWXo9B/7zwIrm2Sg1m",null,null,null,1,0],[1,-4,-72,0]],[3,"Label_gold",4,[[9,-109,[0,"f2xzR0wI5LEru2a7Z7Nolw"],[5,75,25.2],[0,0,0.5]],[12,"",18,18,20,2,false,-110,[0,"ff6JrbB+dMmbKzR6oJc0Ta"],[4,4283087359]]],[1,"43l2L33NdAzK578q47FxJp",null,null,null,1,0],[1,-33,-72,0]],[3,"Label_name",4,[[2,-111,[0,"49HQELc9NM47ImxsBtrudu"],[5,100,27.72]],[13,"",20,20,22,2,false,-112,[0,"6fkWiH9yZGhI4SlFhRG31S"]]],[1,"d9B4tSv9JK4rWqSB6UfwPw",null,null,null,1,0],[1,-4,-48,0]],[8,"Label_gold_up",false,4,[[2,-113,[0,"77PIRd2YlKGL/T3JZ2Nx6b"],[5,50.05,50.4]],[14,"100",30,30,true,-114,[0,"34XIKuLbZFTLue+zbtl5Xg"],[4,4283087359]]],[1,"ddTWFOi5VMvqtZK92XfCE8",null,null,null,1,0]],[3,"spr_gold",5,[[2,-115,[0,"65P1tKuVJGAan1HeiT0i82"],[5,111,21]],[4,-116,[0,"49EcP3Oz9NSKbJ27KkMDGL"],37,38]],[1,"c6Jq+np1RKQokaYIoFT4Oo",null,null,null,1,0],[1,0,-90,0]],[3,"Label_gold",5,[[9,-117,[0,"e4HPtrC5dNmoMXmdwoh+Yl"],[5,75,25.2],[0,0,0.5]],[12,"",18,18,20,2,false,-118,[0,"54y4GWY49K4rdSOEx5mFCv"],[4,4283087359]]],[1,"c9UUfn4llKkaKY0c7s+Qpb",null,null,null,1,0],[1,-29,-89,0]],[3,"Label_name",5,[[2,-119,[0,"e9YL9seXZB67GkXfHDHrpr"],[5,100,27.72]],[13,"",20,20,22,2,false,-120,[0,"77HwJ5/UNMX5W5FtSr5JHa"]]],[1,"55ai4p1oRHy5IvKPX/YbWt",null,null,null,1,0],[1,0,-66,0]],[8,"Label_gold_up",false,5,[[2,-121,[0,"eb9PNnHKBJ3I2wYwUAx55a"],[5,50.05,50.4]],[14,"100",30,30,true,-122,[0,"edvzkpv9JNG4HnZ5l/4E3L"],[4,4283087359]]],[1,"d8BF/o0j1M9I3C98b9Fy5C",null,null,null,1,0]],[3,"spr_gold",6,[[2,-123,[0,"25aPb2kOBKqYDRYBuUKNzo"],[5,111,21]],[4,-124,[0,"43ZAzFD2lDK4XjuAEk4GcM"],48,49]],[1,"2cCyz7rkxBKrpEux5a9uK6",null,null,null,1,0],[1,-4,-72,0]],[3,"Label_gold",6,[[9,-125,[0,"0cE1t28ZNLb7EeB9+u+lJi"],[5,75,25.2],[0,0,0.5]],[12,"",18,18,20,2,false,-126,[0,"832V70nJNNcbNADXn0K+ye"],[4,4283087359]]],[1,"15NDF4u41HSLGx5bYC1cms",null,null,null,1,0],[1,-33,-72,0]],[3,"Label_name",6,[[2,-127,[0,"08I0+/bMdEp4H1SZRNMDs3"],[5,100,27.72]],[13,"",20,20,22,2,false,-128,[0,"c2za+uT7pM3YF6an596epu"]]],[1,"504BCfSG1H859esy8beoQk",null,null,null,1,0],[1,-4,-48,0]],[8,"Label_gold_up",false,6,[[2,-129,[0,"dcoq4giUtOjIorVU33Wbr/"],[5,50.05,50.4]],[14,"100",30,30,true,-130,[0,"1dHJCHJONA/omGAzbaIpzt"],[4,4283087359]]],[1,"acVCGZW3VGU40M6Ot/eF3T",null,null,null,1,0]],[3,"spr_gold",7,[[2,-131,[0,"7eAm3mn2BNcKY9UecuAG14"],[5,111,21]],[4,-132,[0,"c1PxqWVqBNXJiU4PdE3N99"],59,60]],[1,"45Qw7XWh5ENLu8y2YiRdZB",null,null,null,1,0],[1,-4,-72,0]],[3,"Label_gold",7,[[9,-133,[0,"bfFfMBqEFAQI9+3APjgTSg"],[5,75,25.2],[0,0,0.5]],[12,"",18,18,20,2,false,-134,[0,"b37OmRDPROBKkR7n1dyjwW"],[4,4283087359]]],[1,"11iOgqlitKOKDdGNrPLZrs",null,null,null,1,0],[1,-34,-71,0]],[3,"Label_name",7,[[2,-135,[0,"ae+rEdunZHQr7XVpapIY0W"],[5,100,27.72]],[13,"",20,20,22,2,false,-136,[0,"b5m5a6QvBJP4U1ELYItkWa"]]],[1,"87Iaj3Ze5Gfo02odSYy/Re",null,null,null,1,0],[1,-4,-48,0]],[8,"Label_gold_up",false,7,[[2,-137,[0,"aaSrdPa3ZJqbiCqqpLHkau"],[5,50.05,50.4]],[14,"100",30,30,true,-138,[0,"436d6ep3lATJF4ChXcbAke"],[4,4283087359]]],[1,"586TxuNc5J/qS4pi0YyiwH",null,null,null,1,0]],[18,"xingxingicon_guangquan",14,[[2,-139,[0,"c1eVc7rd1LIb72GrNikftJ"],[5,33,33]],[20,"default","animation",false,0,-140,[0,"00Q2TOf/dNLoOCbpJTbfk7"],66]],[1,"c4lnZD6QZCC5xcTgHY/yLD",null,null,null,1,0]]],0,[0,6,1,0,0,1,0,-1,8,0,-2,2,0,-3,9,0,-4,3,0,-5,10,0,-6,4,0,-7,11,0,-8,5,0,-9,12,0,-10,6,0,-11,13,0,-12,7,0,-13,14,0,0,2,0,0,2,0,4,2,0,0,2,0,0,2,0,-1,15,0,-2,16,0,-3,17,0,-4,18,0,0,3,0,0,3,0,4,3,0,0,3,0,0,3,0,-1,19,0,-2,20,0,-3,21,0,-4,22,0,0,4,0,0,4,0,4,4,0,0,4,0,0,4,0,-1,23,0,-2,24,0,-3,25,0,-4,26,0,0,5,0,0,5,0,4,5,0,0,5,0,0,5,0,-1,27,0,-2,28,0,-3,29,0,-4,30,0,0,6,0,0,6,0,4,6,0,0,6,0,0,6,0,-1,31,0,-2,32,0,-3,33,0,-4,34,0,0,7,0,0,7,0,4,7,0,0,7,0,0,7,0,-1,35,0,-2,36,0,-3,37,0,-4,38,0,0,8,0,0,8,0,0,8,0,0,9,0,0,9,0,0,9,0,0,10,0,0,10,0,0,10,0,0,11,0,0,11,0,0,11,0,0,12,0,0,12,0,0,12,0,0,13,0,0,13,0,0,13,0,0,14,0,0,14,0,-1,39,0,0,15,0,0,15,0,0,16,0,0,16,0,0,17,0,0,17,0,0,18,0,0,18,0,0,19,0,0,19,0,0,20,0,0,20,0,0,21,0,0,21,0,0,22,0,0,22,0,0,23,0,0,23,0,0,24,0,0,24,0,0,25,0,0,25,0,0,26,0,0,26,0,0,27,0,0,27,0,0,28,0,0,28,0,0,29,0,0,29,0,0,30,0,0,30,0,0,31,0,0,31,0,0,32,0,0,32,0,0,33,0,0,33,0,0,34,0,0,34,0,0,35,0,0,35,0,0,36,0,0,36,0,0,37,0,0,37,0,0,38,0,0,38,0,0,39,0,0,39,0,7,1,140],[0,0,0,0,0,0,0,0,0,0,0,0,0,0,0,0,0,0,0,0,0,0,0,0,0,0,0,0,0,0,0,0,0,0,0,0,0,0,0,0,0,0,0,0,0,0,0,0,0,0,0,0,0,0,0,0,0,0,0,0,0,0,0,0,0,0,0,0,0],[1,2,-1,3,1,2,1,2,5,-1,3,1,2,-1,3,1,2,1,2,5,-1,3,1,2,-1,3,1,2,1,2,5,-1,3,1,2,-1,3,1,2,1,2,5,-1,3,1,2,-1,3,1,2,1,2,5,-1,3,1,2,-1,3,1,2,1,2,5,-1,3,8,1,2],[2,0,4,4,3,0,5,0,5,6,6,2,0,7,7,3,0,1,0,1,8,8,2,0,9,9,3,0,1,0,1,10,10,2,0,11,11,3,0,12,0,12,13,13,2,0,14,14,3,0,1,0,1,15,15,2,0,16,16,3,0,1,0,1,17,17,19,20,0]]]]
