[1,["1614973ba@6c48a"],["_textureSource"],["cc.SpriteFrame","cc.SpriteAtlas"],0,[[[{"name":"bg_longhu_daojubox_daojuban","rect":{"x":111,"y":921,"width":71,"height":70},"offset":{"x":0,"y":0},"originalSize":{"width":71,"height":70},"rotated":false,"capInsets":[13,12,16,14],"packable":true,"pixelsToUnit":100,"pivot":{"x":0.5,"y":0.5},"meshType":0}],[0],0,[0],[0],[0]],[[{"name":"auto_rule","spriteFrames":["bg_longhu_tanchuang_guize","8bi9oKgdtMyr+Umn+MErzb@f9941","btn_longhu_tanchuang_xuanzhongkuang","d7E+TpC51PEoyUZCIr5hcN@f9941","btn_longhu_tanchuang_weixuankuang","e3BJon96xFD7WCGxAT4phx@f9941","bg_longhu_daojubox_daojuban","4eVq7oqlRLGplEkxHtq6pX@f9941","btn_common_close","9f8V1cWyhMypGl8umQp7gG@f9941"]}],[1],0,[],[],[]],[[{"name":"bg_longhu_tanchuang_guize","rect":{"x":3,"y":3,"width":653,"height":226},"offset":{"x":0,"y":0},"originalSize":{"width":653,"height":226},"rotated":true,"capInsets":[0,0,0,0],"packable":true,"pixelsToUnit":100,"pivot":{"x":0.5,"y":0.5},"meshType":0}],[0],0,[0],[0],[0]],[[{"name":"btn_common_close","rect":{"x":204,"y":662,"width":93,"height":235},"offset":{"x":0,"y":0},"originalSize":{"width":93,"height":235},"rotated":false,"capInsets":[0,0,0,0],"packable":true,"pixelsToUnit":100,"pivot":{"x":0.5,"y":0.5},"meshType":0}],[0],0,[0],[0],[0]],[[{"name":"btn_longhu_tanchuang_xuanzhongkuang","rect":{"x":3,"y":662,"width":276,"height":102},"offset":{"x":0,"y":0},"originalSize":{"width":276,"height":102},"rotated":true,"capInsets":[0,0,0,0],"packable":true,"pixelsToUnit":100,"pivot":{"x":0.5,"y":0.5},"meshType":0}],[0],0,[0],[0],[0]],[[{"name":"btn_longhu_tanchuang_weixuankuang","rect":{"x":111,"y":662,"width":253,"height":87},"offset":{"x":0,"y":0},"originalSize":{"width":253,"height":87},"rotated":true,"capInsets":[0,0,0,0],"packable":true,"pixelsToUnit":100,"pivot":{"x":0.5,"y":0.5},"meshType":0}],[0],0,[0],[0],[0]]]]
