[1,["22J9ZHqOBPKrGokDDBssnK@6c48a"],["_textureSource"],["cc.SpriteFrame"],0,[{"name":"duofuduocai_icon_jinsehuaduo","rect":{"x":0,"y":0,"width":211,"height":211},"offset":{"x":0,"y":0},"originalSize":{"width":211,"height":211},"rotated":false,"capInsets":[0,0,0,0],"vertices":{"rawPosition":[-105.5,-105.5,0,105.5,-105.5,0,-105.5,105.5,0,105.5,105.5,0],"indexes":[0,1,2,2,1,3],"uv":[0,211,211,211,0,0,211,0],"nuv":[0,0,1,0,0,1,1,1],"minPos":{"x":-105.5,"y":-105.5,"z":0},"maxPos":{"x":105.5,"y":105.5,"z":0}},"packable":true,"pixelsToUnit":100,"pivot":{"x":0.5,"y":0.5},"meshType":0}],[0],0,[0],[0],[0]]
