[1,["2ahqFz9+pLc6z2Loxp/8Fn@6c48a"],["_textureSource"],["cc.SpriteFrame"],0,[{"name":"ocean_icon_treasurebox","rect":{"x":0,"y":0,"width":608,"height":473},"offset":{"x":0,"y":0},"originalSize":{"width":608,"height":473},"rotated":false,"capInsets":[0,0,0,0],"vertices":{"rawPosition":[-304,-236.5,0,304,-236.5,0,-304,236.5,0,304,236.5,0],"indexes":[0,1,2,2,1,3],"uv":[0,473,608,473,0,0,608,0],"nuv":[0,0,1,0,0,1,1,1],"minPos":{"x":-304,"y":-236.5,"z":0},"maxPos":{"x":304,"y":236.5,"z":0}},"packable":true,"pixelsToUnit":100,"pivot":{"x":0.5,"y":0.5},"meshType":0}],[0],0,[0],[0],[0]]
