[1,["2a00/pILpE4K4AjqEbKU60@6c48a"],["_textureSource"],["cc.SpriteFrame"],0,[{"name":"ocean_icon_a","rect":{"x":0,"y":0,"width":549,"height":447},"offset":{"x":0,"y":0},"originalSize":{"width":549,"height":447},"rotated":false,"capInsets":[0,0,0,0],"vertices":{"rawPosition":[-274.5,-223.5,0,274.5,-223.5,0,-274.5,223.5,0,274.5,223.5,0],"indexes":[0,1,2,2,1,3],"uv":[0,447,549,447,0,0,549,0],"nuv":[0,0,1,0,0,1,1,1],"minPos":{"x":-274.5,"y":-223.5,"z":0},"maxPos":{"x":274.5,"y":223.5,"z":0}},"packable":true,"pixelsToUnit":100,"pivot":{"x":0.5,"y":0.5},"meshType":0}],[0],0,[0],[0],[0]]
