[1,["c40ExuaXxJrpDf3fI+mi+i@f9941","c40ExuaXxJrpDf3fI+mi+i@6c48a"],["spriteFrame","_textureSource"],["cc.SpriteFrame",["cc.BitmapFont",["_name","fontSize","fntConfig"],0]],[[1,0,1,2,4]],[[[[0,"shuzi_xiazhujine",32,{"commonHeight":32,"fontSize":32,"atlasName":"shuzi_xiazhujine_0.png","fontDefDictionary":{"43":{"xOffset":-1,"yOffset":-1,"xAdvance":22,"rect":{"x":54,"y":0,"width":24,"height":29}},"44":{"xOffset":-1,"yOffset":-1,"xAdvance":10,"rect":{"x":55,"y":30,"width":12,"height":29}},"45":{"xOffset":-1,"yOffset":-1,"xAdvance":20,"rect":{"x":79,"y":0,"width":22,"height":29}},"46":{"xOffset":-1,"yOffset":-1,"xAdvance":10,"rect":{"x":68,"y":30,"width":12,"height":29}},"48":{"xOffset":-1,"yOffset":-1,"xAdvance":18,"rect":{"x":102,"y":0,"width":20,"height":29}},"49":{"xOffset":-1,"yOffset":-1,"xAdvance":12,"rect":{"x":40,"y":30,"width":14,"height":29}},"50":{"xOffset":-1,"yOffset":-1,"xAdvance":18,"rect":{"x":123,"y":0,"width":20,"height":29}},"51":{"xOffset":-1,"yOffset":-1,"xAdvance":17,"rect":{"x":270,"y":0,"width":19,"height":29}},"52":{"xOffset":-1,"yOffset":-1,"xAdvance":18,"rect":{"x":144,"y":0,"width":20,"height":29}},"53":{"xOffset":-1,"yOffset":-1,"xAdvance":17,"rect":{"x":0,"y":30,"width":19,"height":29}},"54":{"xOffset":-1,"yOffset":-1,"xAdvance":18,"rect":{"x":165,"y":0,"width":20,"height":29}},"55":{"xOffset":-1,"yOffset":-1,"xAdvance":17,"rect":{"x":20,"y":30,"width":19,"height":29}},"56":{"xOffset":-1,"yOffset":-1,"xAdvance":18,"rect":{"x":186,"y":0,"width":20,"height":29}},"57":{"xOffset":-1,"yOffset":-1,"xAdvance":18,"rect":{"x":207,"y":0,"width":20,"height":29}},"66":{"xOffset":-1,"yOffset":-1,"xAdvance":18,"rect":{"x":228,"y":0,"width":20,"height":29}},"75":{"xOffset":-1,"yOffset":-1,"xAdvance":18,"rect":{"x":249,"y":0,"width":20,"height":29}},"77":{"xOffset":-1,"yOffset":-1,"xAdvance":24,"rect":{"x":0,"y":0,"width":26,"height":29}},"84":{"xOffset":-1,"yOffset":-1,"xAdvance":24,"rect":{"x":27,"y":0,"width":26,"height":29}}},"kerningDict":{}}]],0,0,[0],[0],[0]],[[{"name":"shuzi_xiazhujine_0","rect":{"x":1,"y":1,"width":287,"height":57},"offset":{"x":-5.5,"y":120.5},"originalSize":{"width":300,"height":300},"rotated":false,"capInsets":[0,0,0,0],"vertices":{"rawPosition":[-143.5,-28.5,0,143.5,-28.5,0,-143.5,28.5,0,143.5,28.5,0],"indexes":[0,1,2,2,1,3],"uv":[1,299,288,299,1,242,288,242],"nuv":[0.0033333333333333335,0.8066666666666666,0.96,0.8066666666666666,0.0033333333333333335,0.9966666666666667,0.96,0.9966666666666667],"minPos":{"x":-143.5,"y":-28.5,"z":0},"maxPos":{"x":143.5,"y":28.5,"z":0}},"packable":true,"pixelsToUnit":100,"pivot":{"x":0.5,"y":0.5},"meshType":0}],[0],0,[0],[1],[1]]]]
