[1,["08ginnpmFE+7982vjbp7Yw@6c48a"],["_textureSource"],["cc.SpriteFrame","cc.SpriteAtlas"],0,[[[{"name":"godWealth","spriteFrames":["BELI","4azVAZ+KJLpb9rxIouOQTl@2c6ce","God_GARIS","4azVAZ+KJLpb9rxIouOQTl@f74ae","God_GRAND","4azVAZ+KJLpb9rxIouOQTl@997de","God_MAJOR","4azVAZ+KJLpb9rxIouOQTl@55ec3","God_MINI","4azVAZ+KJLpb9rxIouOQTl@c809a","God_SC1","4azVAZ+KJLpb9rxIouOQTl@3a129","God_SC10","4azVAZ+KJLpb9rxIouOQTl@199b9","God_SC10_1","4azVAZ+KJLpb9rxIouOQTl@ae551","God_SC10_11","4azVAZ+KJLpb9rxIouOQTl@3ca60","God_SC2","4azVAZ+KJLpb9rxIouOQTl@f46ac","God_SC3","4azVAZ+KJLpb9rxIouOQTl@76fee","God_SC4","4azVAZ+KJLpb9rxIouOQTl@455a3","God_SC5","4azVAZ+KJLpb9rxIouOQTl@af26d","God_SC6","4azVAZ+KJLpb9rxIouOQTl@da08a","God_SC7","4azVAZ+KJLpb9rxIouOQTl@18655","God_SC8","4azVAZ+KJLpb9rxIouOQTl@a08ce","God_SC9","4azVAZ+KJLpb9rxIouOQTl@4cfd2","God_TB_1","4azVAZ+KJLpb9rxIouOQTl@5bf70","God_TB_10","4azVAZ+KJLpb9rxIouOQTl@93832","God_TB_10_1","4azVAZ+KJLpb9rxIouOQTl@8ee9d","God_TB_11","4azVAZ+KJLpb9rxIouOQTl@92141","God_TB_11_1","4azVAZ+KJLpb9rxIouOQTl@0cd60","God_TB_12","4azVAZ+KJLpb9rxIouOQTl@52fe6","God_TB_12_1","4azVAZ+KJLpb9rxIouOQTl@e4f68","God_TB_13","4azVAZ+KJLpb9rxIouOQTl@3673d","God_TB_13_1","4azVAZ+KJLpb9rxIouOQTl@5b16e","God_TB_13_1_1","4azVAZ+KJLpb9rxIouOQTl@5a661","God_TB_14","4azVAZ+KJLpb9rxIouOQTl@d6d8c","God_TB_14_1","4azVAZ+KJLpb9rxIouOQTl@944fc","God_TB_1_1","4azVAZ+KJLpb9rxIouOQTl@94575","God_TB_2","4azVAZ+KJLpb9rxIouOQTl@5eb60","God_TB_2_1","4azVAZ+KJLpb9rxIouOQTl@7bef4","God_TB_3","4azVAZ+KJLpb9rxIouOQTl@50cea","God_TB_3_1","4azVAZ+KJLpb9rxIouOQTl@4fe02","God_TB_4","4azVAZ+KJLpb9rxIouOQTl@4ef57","God_TB_4_1","4azVAZ+KJLpb9rxIouOQTl@7341d","God_TB_4_1_1","4azVAZ+KJLpb9rxIouOQTl@c443e","God_TB_5","4azVAZ+KJLpb9rxIouOQTl@2958a","God_TB_6","4azVAZ+KJLpb9rxIouOQTl@5f396","God_TB_6_1","4azVAZ+KJLpb9rxIouOQTl@b1c0f","God_TB_7","4azVAZ+KJLpb9rxIouOQTl@c904d","God_TB_7_1","4azVAZ+KJLpb9rxIouOQTl@9b33f","God_TB_8","4azVAZ+KJLpb9rxIouOQTl@e3de4","God_TB_8_1","4azVAZ+KJLpb9rxIouOQTl@28423","God_TB_9","4azVAZ+KJLpb9rxIouOQTl@fed0d","God_TB_9_1","4azVAZ+KJLpb9rxIouOQTl@0a0bb","God_cs","4azVAZ+KJLpb9rxIouOQTl@bfb99","God_gb","4azVAZ+KJLpb9rxIouOQTl@9b262","God_nr1","4azVAZ+KJLpb9rxIouOQTl@28754","God_tk1_1","4azVAZ+KJLpb9rxIouOQTl@1a6e4","God_tk1_2","4azVAZ+KJLpb9rxIouOQTl@3ef2d","God_tk1_3","4azVAZ+KJLpb9rxIouOQTl@7e062","God_tk1_4","4azVAZ+KJLpb9rxIouOQTl@4ec0d","God_tk1_5","4azVAZ+KJLpb9rxIouOQTl@1014b","God_tk1_6","4azVAZ+KJLpb9rxIouOQTl@4a795","God_tk1_7","4azVAZ+KJLpb9rxIouOQTl@bdfa7","God_tk1_8","4azVAZ+KJLpb9rxIouOQTl@28157","God_tk2_1","4azVAZ+KJLpb9rxIouOQTl@4e50f","God_tk2_2","4azVAZ+KJLpb9rxIouOQTl@1802b","God_tk2_3","4azVAZ+KJLpb9rxIouOQTl@df163","God_tk2_4","4azVAZ+KJLpb9rxIouOQTl@c548b","God_tk2_5","4azVAZ+KJLpb9rxIouOQTl@917b9","God_tk2_6","4azVAZ+KJLpb9rxIouOQTl@1d16b","God_tk3_1","4azVAZ+KJLpb9rxIouOQTl@25bd9","God_tk3_10","4azVAZ+KJLpb9rxIouOQTl@cbb2f","God_tk3_11","4azVAZ+KJLpb9rxIouOQTl@33a09","God_tk3_12","4azVAZ+KJLpb9rxIouOQTl@4cb13","God_tk3_13","4azVAZ+KJLpb9rxIouOQTl@55a5f","God_tk3_14","4azVAZ+KJLpb9rxIouOQTl@6a604","God_tk3_2","4azVAZ+KJLpb9rxIouOQTl@c0a1f","God_tk3_3","4azVAZ+KJLpb9rxIouOQTl@6d5fd","God_tk3_4","4azVAZ+KJLpb9rxIouOQTl@74029","God_tk3_5","4azVAZ+KJLpb9rxIouOQTl@a1752","God_tk3_6","4azVAZ+KJLpb9rxIouOQTl@86adb","God_tk3_7","4azVAZ+KJLpb9rxIouOQTl@eb2db","God_tk3_8","4azVAZ+KJLpb9rxIouOQTl@3e9a4","God_tk3_9","4azVAZ+KJLpb9rxIouOQTl@33504","God_tk3_an1","4azVAZ+KJLpb9rxIouOQTl@55d9e","God_tk3_an2","4azVAZ+KJLpb9rxIouOQTl@0144a","God_tk3_k1","4azVAZ+KJLpb9rxIouOQTl@10a27","God_tk3_k2","4azVAZ+KJLpb9rxIouOQTl@2fdd3","God_tk3_k3","4azVAZ+KJLpb9rxIouOQTl@5f7a6","God_tk3_k4","4azVAZ+KJLpb9rxIouOQTl@afa9a","God_tk3_k5","4azVAZ+KJLpb9rxIouOQTl@de78e","God_tk3_k6","4azVAZ+KJLpb9rxIouOQTl@cbca4","God_tk4_1","4azVAZ+KJLpb9rxIouOQTl@4d441","God_tk4_2","4azVAZ+KJLpb9rxIouOQTl@390a5","God_tk4_3","4azVAZ+KJLpb9rxIouOQTl@3ffd6","Itembiasa","4azVAZ+KJLpb9rxIouOQTl@56ecc","Itembiasa_1","4azVAZ+KJLpb9rxIouOQTl@1bb06","KartuSlots","4azVAZ+KJLpb9rxIouOQTl@6f46b","KartuSlots_1","4azVAZ+KJLpb9rxIouOQTl@36b6c","Kulitmeriam","4azVAZ+KJLpb9rxIouOQTl@baef9","Kulitmeriam_1","4azVAZ+KJLpb9rxIouOQTl@4b37d","Sudahdilenkapi","4azVAZ+KJLpb9rxIouOQTl@562dd","TasSaya","4azVAZ+KJLpb9rxIouOQTl@64bca","belikartu","4azVAZ+KJLpb9rxIouOQTl@99a73"]}],[1],0,[],[],[]],[[{"name":"God_tk3_an2","rect":{"x":966,"y":685,"width":219,"height":82},"offset":{"x":0,"y":0},"originalSize":{"width":219,"height":82},"rotated":true,"capInsets":[0,0,0,0],"vertices":{"rawPosition":[],"indexes":[],"uv":[],"nuv":[],"minPos":{"x":0,"y":0,"z":0},"maxPos":{"x":0,"y":0,"z":0}},"packable":true,"pixelsToUnit":100,"pivot":{"x":0.5,"y":0.5},"meshType":0}],[0],0,[0],[0],[0]],[[{"name":"God_TB_9_1","rect":{"x":1851,"y":486,"width":59,"height":60},"offset":{"x":0,"y":0},"originalSize":{"width":59,"height":60},"rotated":true,"capInsets":[0,0,0,0],"vertices":{"rawPosition":[],"indexes":[],"uv":[],"nuv":[],"minPos":{"x":0,"y":0,"z":0},"maxPos":{"x":0,"y":0,"z":0}},"packable":true,"pixelsToUnit":100,"pivot":{"x":0.5,"y":0.5},"meshType":0}],[0],0,[0],[0],[0]],[[{"name":"God_TB_11_1","rect":{"x":1841,"y":626,"width":54,"height":58},"offset":{"x":0,"y":0},"originalSize":{"width":54,"height":58},"rotated":false,"capInsets":[0,0,0,0],"vertices":{"rawPosition":[],"indexes":[],"uv":[],"nuv":[],"minPos":{"x":0,"y":0,"z":0},"maxPos":{"x":0,"y":0,"z":0}},"packable":true,"pixelsToUnit":100,"pivot":{"x":0.5,"y":0.5},"meshType":0}],[0],0,[0],[0],[0]],[[{"name":"God_tk1_5","rect":{"x":1316,"y":681,"width":191,"height":23},"offset":{"x":0,"y":0},"originalSize":{"width":191,"height":23},"rotated":false,"capInsets":[0,0,0,0],"vertices":{"rawPosition":[],"indexes":[],"uv":[],"nuv":[],"minPos":{"x":0,"y":0,"z":0},"maxPos":{"x":0,"y":0,"z":0}},"packable":true,"pixelsToUnit":100,"pivot":{"x":0.5,"y":0.5},"meshType":0}],[0],0,[0],[0],[0]],[[{"name":"God_tk3_k1","rect":{"x":854,"y":1,"width":294,"height":413},"offset":{"x":0,"y":0},"originalSize":{"width":294,"height":413},"rotated":false,"capInsets":[0,0,0,0],"vertices":{"rawPosition":[],"indexes":[],"uv":[],"nuv":[],"minPos":{"x":0,"y":0,"z":0},"maxPos":{"x":0,"y":0,"z":0}},"packable":true,"pixelsToUnit":100,"pivot":{"x":0.5,"y":0.5},"meshType":0}],[0],0,[0],[0],[0]],[[{"name":"God_tk2_2","rect":{"x":757,"y":722,"width":222,"height":90},"offset":{"x":0,"y":0},"originalSize":{"width":222,"height":90},"rotated":true,"capInsets":[0,0,0,0],"vertices":{"rawPosition":[],"indexes":[],"uv":[],"nuv":[],"minPos":{"x":0,"y":0,"z":0},"maxPos":{"x":0,"y":0,"z":0}},"packable":true,"pixelsToUnit":100,"pivot":{"x":0.5,"y":0.5},"meshType":0}],[0],0,[0],[0],[0]],[[{"name":"God_SC7","rect":{"x":962,"y":476,"width":118,"height":207},"offset":{"x":0,"y":0},"originalSize":{"width":118,"height":207},"rotated":false,"capInsets":[0,0,0,0],"vertices":{"rawPosition":[],"indexes":[],"uv":[],"nuv":[],"minPos":{"x":0,"y":0,"z":0},"maxPos":{"x":0,"y":0,"z":0}},"packable":true,"pixelsToUnit":100,"pivot":{"x":0.5,"y":0.5},"meshType":0}],[0],0,[0],[0],[0]],[[{"name":"God_SC10","rect":{"x":1,"y":980,"width":43,"height":555},"offset":{"x":0,"y":0},"originalSize":{"width":43,"height":555},"rotated":true,"capInsets":[0,0,0,0],"vertices":{"rawPosition":[],"indexes":[],"uv":[],"nuv":[],"minPos":{"x":0,"y":0,"z":0},"maxPos":{"x":0,"y":0,"z":0}},"packable":true,"pixelsToUnit":100,"pivot":{"x":0.5,"y":0.5},"meshType":0}],[0],0,[0],[0],[0]],[[{"name":"God_tk1_1","rect":{"x":1082,"y":476,"width":234,"height":82},"offset":{"x":0,"y":0},"originalSize":{"width":234,"height":82},"rotated":false,"capInsets":[0,0,0,0],"vertices":{"rawPosition":[],"indexes":[],"uv":[],"nuv":[],"minPos":{"x":0,"y":0,"z":0},"maxPos":{"x":0,"y":0,"z":0}},"packable":true,"pixelsToUnit":100,"pivot":{"x":0.5,"y":0.5},"meshType":0}],[0],0,[0],[0],[0]],[[{"name":"Itembiasa_1","rect":{"x":1533,"y":564,"width":158,"height":35},"offset":{"x":0,"y":0},"originalSize":{"width":158,"height":35},"rotated":false,"capInsets":[0,0,0,0],"vertices":{"rawPosition":[],"indexes":[],"uv":[],"nuv":[],"minPos":{"x":0,"y":0,"z":0},"maxPos":{"x":0,"y":0,"z":0}},"packable":true,"pixelsToUnit":100,"pivot":{"x":0.5,"y":0.5},"meshType":0}],[0],0,[0],[0],[0]],[[{"name":"God_tk2_6","rect":{"x":1816,"y":843,"width":66,"height":66},"offset":{"x":0,"y":0},"originalSize":{"width":70,"height":70},"rotated":false,"capInsets":[0,0,0,0],"vertices":{"rawPosition":[],"indexes":[],"uv":[],"nuv":[],"minPos":{"x":0,"y":0,"z":0},"maxPos":{"x":0,"y":0,"z":0}},"packable":true,"pixelsToUnit":100,"pivot":{"x":0.5,"y":0.5},"meshType":0}],[0],0,[0],[0],[0]],[[{"name":"God_tk3_1","rect":{"x":756,"y":946,"width":68,"height":78},"offset":{"x":-1,"y":1},"originalSize":{"width":70,"height":80},"rotated":true,"capInsets":[0,0,0,0],"vertices":{"rawPosition":[],"indexes":[],"uv":[],"nuv":[],"minPos":{"x":0,"y":0,"z":0},"maxPos":{"x":0,"y":0,"z":0}},"packable":true,"pixelsToUnit":100,"pivot":{"x":0.5,"y":0.5},"meshType":0}],[0],0,[0],[0],[0]],[[{"name":"God_tk1_8","rect":{"x":1530,"y":638,"width":189,"height":6},"offset":{"x":0,"y":0},"originalSize":{"width":189,"height":6},"rotated":false,"capInsets":[0,0,0,0],"vertices":{"rawPosition":[],"indexes":[],"uv":[],"nuv":[],"minPos":{"x":0,"y":0,"z":0},"maxPos":{"x":0,"y":0,"z":0}},"packable":true,"pixelsToUnit":100,"pivot":{"x":0.5,"y":0.5},"meshType":0}],[0],0,[0],[0],[0]],[[{"name":"God_TB_8_1","rect":{"x":695,"y":935,"width":68,"height":59},"offset":{"x":0,"y":0},"originalSize":{"width":68,"height":59},"rotated":true,"capInsets":[0,0,0,0],"vertices":{"rawPosition":[],"indexes":[],"uv":[],"nuv":[],"minPos":{"x":0,"y":0,"z":0},"maxPos":{"x":0,"y":0,"z":0}},"packable":true,"pixelsToUnit":100,"pivot":{"x":0.5,"y":0.5},"meshType":0}],[0],0,[0],[0],[0]],[[{"name":"God_nr1","rect":{"x":610,"y":422,"width":210,"height":298},"offset":{"x":0,"y":0},"originalSize":{"width":210,"height":298},"rotated":false,"capInsets":[0,0,0,0],"vertices":{"rawPosition":[],"indexes":[],"uv":[],"nuv":[],"minPos":{"x":0,"y":0,"z":0},"maxPos":{"x":0,"y":0,"z":0}},"packable":true,"pixelsToUnit":100,"pivot":{"x":0.5,"y":0.5},"meshType":0}],[0],0,[0],[0],[0]],[[{"name":"God_TB_5","rect":{"x":961,"y":920,"width":119,"height":98},"offset":{"x":0,"y":0},"originalSize":{"width":119,"height":98},"rotated":false,"capInsets":[0,0,0,0],"vertices":{"rawPosition":[],"indexes":[],"uv":[],"nuv":[],"minPos":{"x":0,"y":0,"z":0},"maxPos":{"x":0,"y":0,"z":0}},"packable":true,"pixelsToUnit":100,"pivot":{"x":0.5,"y":0.5},"meshType":0}],[0],0,[0],[0],[0]],[[{"name":"BELI","rect":{"x":1693,"y":561,"width":84,"height":30},"offset":{"x":0,"y":0},"originalSize":{"width":86,"height":32},"rotated":false,"capInsets":[0,0,0,0],"vertices":{"rawPosition":[],"indexes":[],"uv":[],"nuv":[],"minPos":{"x":0,"y":0,"z":0},"maxPos":{"x":0,"y":0,"z":0}},"packable":true,"pixelsToUnit":100,"pivot":{"x":0.5,"y":0.5},"meshType":0}],[0],0,[0],[0],[0]],[[{"name":"God_tk3_k2","rect":{"x":555,"y":1,"width":297,"height":419},"offset":{"x":0,"y":0},"originalSize":{"width":297,"height":419},"rotated":false,"capInsets":[0,0,0,0],"vertices":{"rawPosition":[],"indexes":[],"uv":[],"nuv":[],"minPos":{"x":0,"y":0,"z":0},"maxPos":{"x":0,"y":0,"z":0}},"packable":true,"pixelsToUnit":100,"pivot":{"x":0.5,"y":0.5},"meshType":0}],[0],0,[0],[0],[0]],[[{"name":"God_tk3_9","rect":{"x":1742,"y":427,"width":107,"height":107},"offset":{"x":0,"y":0},"originalSize":{"width":107,"height":107},"rotated":false,"capInsets":[0,0,0,0],"vertices":{"rawPosition":[],"indexes":[],"uv":[],"nuv":[],"minPos":{"x":0,"y":0,"z":0},"maxPos":{"x":0,"y":0,"z":0}},"packable":true,"pixelsToUnit":100,"pivot":{"x":0.5,"y":0.5},"meshType":0}],[0],0,[0],[0],[0]],[[{"name":"God_tk3_11","rect":{"x":1647,"y":698,"width":90,"height":93},"offset":{"x":0,"y":0},"originalSize":{"width":90,"height":93},"rotated":false,"capInsets":[0,0,0,0],"vertices":{"rawPosition":[],"indexes":[],"uv":[],"nuv":[],"minPos":{"x":0,"y":0,"z":0},"maxPos":{"x":0,"y":0,"z":0}},"packable":true,"pixelsToUnit":100,"pivot":{"x":0.5,"y":0.5},"meshType":0}],[0],0,[0],[0],[0]],[[{"name":"God_TB_13","rect":{"x":1239,"y":808,"width":143,"height":121},"offset":{"x":0,"y":0},"originalSize":{"width":143,"height":121},"rotated":false,"capInsets":[0,0,0,0],"vertices":{"rawPosition":[],"indexes":[],"uv":[],"nuv":[],"minPos":{"x":0,"y":0,"z":0},"maxPos":{"x":0,"y":0,"z":0}},"packable":true,"pixelsToUnit":100,"pivot":{"x":0.5,"y":0.5},"meshType":0}],[0],0,[0],[0],[0]],[[{"name":"KartuSlots_1","rect":{"x":1530,"y":601,"width":169,"height":35},"offset":{"x":0,"y":0},"originalSize":{"width":169,"height":35},"rotated":false,"capInsets":[0,0,0,0],"vertices":{"rawPosition":[],"indexes":[],"uv":[],"nuv":[],"minPos":{"x":0,"y":0,"z":0},"maxPos":{"x":0,"y":0,"z":0}},"packable":true,"pixelsToUnit":100,"pivot":{"x":0.5,"y":0.5},"meshType":0}],[0],0,[0],[0],[0]],[[{"name":"God_tk4_2","rect":{"x":1858,"y":547,"width":49,"height":48},"offset":{"x":0,"y":0},"originalSize":{"width":49,"height":48},"rotated":false,"capInsets":[0,0,0,0],"vertices":{"rawPosition":[],"indexes":[],"uv":[],"nuv":[],"minPos":{"x":0,"y":0,"z":0},"maxPos":{"x":0,"y":0,"z":0}},"packable":true,"pixelsToUnit":100,"pivot":{"x":0.5,"y":0.5},"meshType":0}],[0],0,[0],[0],[0]],[[{"name":"God_SC1","rect":{"x":1701,"y":593,"width":80,"height":31},"offset":{"x":0,"y":0},"originalSize":{"width":80,"height":31},"rotated":false,"capInsets":[0,0,0,0],"vertices":{"rawPosition":[],"indexes":[],"uv":[],"nuv":[],"minPos":{"x":0,"y":0,"z":0},"maxPos":{"x":0,"y":0,"z":0}},"packable":true,"pixelsToUnit":100,"pivot":{"x":0.5,"y":0.5},"meshType":0}],[0],0,[0],[0],[0]],[[{"name":"God_SC10_11","rect":{"x":1082,"y":780,"width":155,"height":128},"offset":{"x":0,"y":0},"originalSize":{"width":155,"height":128},"rotated":false,"capInsets":[0,0,0,0],"vertices":{"rawPosition":[],"indexes":[],"uv":[],"nuv":[],"minPos":{"x":0,"y":0,"z":0},"maxPos":{"x":0,"y":0,"z":0}},"packable":true,"pixelsToUnit":100,"pivot":{"x":0.5,"y":0.5},"meshType":0}],[0],0,[0],[0],[0]],[[{"name":"God_tk3_8","rect":{"x":1412,"y":471,"width":235,"height":4},"offset":{"x":0,"y":0},"originalSize":{"width":235,"height":4},"rotated":false,"capInsets":[0,0,0,0],"vertices":{"rawPosition":[],"indexes":[],"uv":[],"nuv":[],"minPos":{"x":0,"y":0,"z":0},"maxPos":{"x":0,"y":0,"z":0}},"packable":true,"pixelsToUnit":100,"pivot":{"x":0.5,"y":0.5},"meshType":0}],[0],0,[0],[0],[0]],[[{"name":"God_tk1_2","rect":{"x":1742,"y":1,"width":310,"height":102},"offset":{"x":0,"y":0},"originalSize":{"width":310,"height":102},"rotated":true,"capInsets":[0,0,0,0],"vertices":{"rawPosition":[],"indexes":[],"uv":[],"nuv":[],"minPos":{"x":0,"y":0,"z":0},"maxPos":{"x":0,"y":0,"z":0}},"packable":true,"pixelsToUnit":100,"pivot":{"x":0.5,"y":0.5},"meshType":0}],[0],0,[0],[0],[0]],[[{"name":"God_tk4_3","rect":{"x":1750,"y":776,"width":62,"height":71},"offset":{"x":0,"y":0},"originalSize":{"width":62,"height":71},"rotated":false,"capInsets":[0,0,0,0],"vertices":{"rawPosition":[],"indexes":[],"uv":[],"nuv":[],"minPos":{"x":0,"y":0,"z":0},"maxPos":{"x":0,"y":0,"z":0}},"packable":true,"pixelsToUnit":100,"pivot":{"x":0.5,"y":0.5},"meshType":0}],[0],0,[0],[0],[0]],[[{"name":"God_SC4","rect":{"x":1794,"y":626,"width":45,"height":69},"offset":{"x":0,"y":0},"originalSize":{"width":45,"height":69},"rotated":false,"capInsets":[0,0,0,0],"vertices":{"rawPosition":[],"indexes":[],"uv":[],"nuv":[],"minPos":{"x":0,"y":0,"z":0},"maxPos":{"x":0,"y":0,"z":0}},"packable":true,"pixelsToUnit":100,"pivot":{"x":0.5,"y":0.5},"meshType":0}],[0],0,[0],[0],[0]],[[{"name":"God_tk1_6","rect":{"x":1,"y":496,"width":313,"height":482},"offset":{"x":0,"y":0},"originalSize":{"width":313,"height":482},"rotated":false,"capInsets":[0,0,0,0],"vertices":{"rawPosition":[],"indexes":[],"uv":[],"nuv":[],"minPos":{"x":0,"y":0,"z":0},"maxPos":{"x":0,"y":0,"z":0}},"packable":true,"pixelsToUnit":100,"pivot":{"x":0.5,"y":0.5},"meshType":0}],[0],0,[0],[0],[0]],[[{"name":"Kulitmeriam_1","rect":{"x":1316,"y":644,"width":192,"height":35},"offset":{"x":0,"y":0},"originalSize":{"width":192,"height":35},"rotated":false,"capInsets":[0,0,0,0],"vertices":{"rawPosition":[],"indexes":[],"uv":[],"nuv":[],"minPos":{"x":0,"y":0,"z":0},"maxPos":{"x":0,"y":0,"z":0}},"packable":true,"pixelsToUnit":100,"pivot":{"x":0.5,"y":0.5},"meshType":0}],[0],0,[0],[0],[0]],[[{"name":"God_tk3_12","rect":{"x":555,"y":422,"width":122,"height":46},"offset":{"x":0,"y":0},"originalSize":{"width":122,"height":46},"rotated":true,"capInsets":[0,0,0,0],"vertices":{"rawPosition":[],"indexes":[],"uv":[],"nuv":[],"minPos":{"x":0,"y":0,"z":0},"maxPos":{"x":0,"y":0,"z":0}},"packable":true,"pixelsToUnit":100,"pivot":{"x":0.5,"y":0.5},"meshType":0}],[0],0,[0],[0],[0]],[[{"name":"God_SC9","rect":{"x":1292,"y":706,"width":148,"height":100},"offset":{"x":0,"y":0},"originalSize":{"width":148,"height":100},"rotated":false,"capInsets":[0,0,0,0],"vertices":{"rawPosition":[],"indexes":[],"uv":[],"nuv":[],"minPos":{"x":0,"y":0,"z":0},"maxPos":{"x":0,"y":0,"z":0}},"packable":true,"pixelsToUnit":100,"pivot":{"x":0.5,"y":0.5},"meshType":0}],[0],0,[0],[0],[0]],[[{"name":"God_tk4_1","rect":{"x":1860,"y":686,"width":49,"height":49},"offset":{"x":0,"y":0},"originalSize":{"width":49,"height":49},"rotated":false,"capInsets":[0,0,0,0],"vertices":{"rawPosition":[],"indexes":[],"uv":[],"nuv":[],"minPos":{"x":0,"y":0,"z":0},"maxPos":{"x":0,"y":0,"z":0}},"packable":true,"pixelsToUnit":100,"pivot":{"x":0.5,"y":0.5},"meshType":0}],[0],0,[0],[0],[0]],[[{"name":"God_tk2_1","rect":{"x":1082,"y":698,"width":208,"height":80},"offset":{"x":0,"y":0},"originalSize":{"width":208,"height":80},"rotated":false,"capInsets":[0,0,0,0],"vertices":{"rawPosition":[],"indexes":[],"uv":[],"nuv":[],"minPos":{"x":0,"y":0,"z":0},"maxPos":{"x":0,"y":0,"z":0}},"packable":true,"pixelsToUnit":100,"pivot":{"x":0.5,"y":0.5},"meshType":0}],[0],0,[0],[0],[0]],[[{"name":"God_tk1_4","rect":{"x":1050,"y":685,"width":233,"height":30},"offset":{"x":0,"y":0},"originalSize":{"width":233,"height":30},"rotated":true,"capInsets":[0,0,0,0],"vertices":{"rawPosition":[],"indexes":[],"uv":[],"nuv":[],"minPos":{"x":0,"y":0,"z":0},"maxPos":{"x":0,"y":0,"z":0}},"packable":true,"pixelsToUnit":100,"pivot":{"x":0.5,"y":0.5},"meshType":0}],[0],0,[0],[0],[0]],[[{"name":"God_TB_4","rect":{"x":1742,"y":313,"width":120,"height":112},"offset":{"x":0,"y":0},"originalSize":{"width":120,"height":112},"rotated":false,"capInsets":[0,0,0,0],"vertices":{"rawPosition":[],"indexes":[],"uv":[],"nuv":[],"minPos":{"x":0,"y":0,"z":0},"maxPos":{"x":0,"y":0,"z":0}},"packable":true,"pixelsToUnit":100,"pivot":{"x":0.5,"y":0.5},"meshType":0}],[0],0,[0],[0],[0]],[[{"name":"God_TB_3_1","rect":{"x":1653,"y":951,"width":90,"height":66},"offset":{"x":0,"y":0},"originalSize":{"width":90,"height":66},"rotated":false,"capInsets":[0,0,0,0],"vertices":{"rawPosition":[],"indexes":[],"uv":[],"nuv":[],"minPos":{"x":0,"y":0,"z":0},"maxPos":{"x":0,"y":0,"z":0}},"packable":true,"pixelsToUnit":100,"pivot":{"x":0.5,"y":0.5},"meshType":0}],[0],0,[0],[0],[0]],[[{"name":"God_TB_3","rect":{"x":1537,"y":477,"width":114,"height":85},"offset":{"x":0,"y":0},"originalSize":{"width":114,"height":85},"rotated":false,"capInsets":[0,0,0,0],"vertices":{"rawPosition":[],"indexes":[],"uv":[],"nuv":[],"minPos":{"x":0,"y":0,"z":0},"maxPos":{"x":0,"y":0,"z":0}},"packable":true,"pixelsToUnit":100,"pivot":{"x":0.5,"y":0.5},"meshType":0}],[0],0,[0],[0],[0]],[[{"name":"God_TB_12","rect":{"x":849,"y":885,"width":110,"height":90},"offset":{"x":0,"y":0},"originalSize":{"width":110,"height":90},"rotated":false,"capInsets":[0,0,0,0],"vertices":{"rawPosition":[],"indexes":[],"uv":[],"nuv":[],"minPos":{"x":0,"y":0,"z":0},"maxPos":{"x":0,"y":0,"z":0}},"packable":true,"pixelsToUnit":100,"pivot":{"x":0.5,"y":0.5},"meshType":0}],[0],0,[0],[0],[0]],[[{"name":"God_tk3_13","rect":{"x":1538,"y":794,"width":8,"height":9},"offset":{"x":0,"y":0},"originalSize":{"width":8,"height":9},"rotated":false,"capInsets":[0,0,0,0],"vertices":{"rawPosition":[],"indexes":[],"uv":[],"nuv":[],"minPos":{"x":0,"y":0,"z":0},"maxPos":{"x":0,"y":0,"z":0}},"packable":true,"pixelsToUnit":100,"pivot":{"x":0.5,"y":0.5},"meshType":0}],[0],0,[0],[0],[0]],[[{"name":"God_tk3_an1","rect":{"x":1318,"y":477,"width":217,"height":70},"offset":{"x":0,"y":0},"originalSize":{"width":217,"height":70},"rotated":false,"capInsets":[0,0,0,0],"vertices":{"rawPosition":[],"indexes":[],"uv":[],"nuv":[],"minPos":{"x":0,"y":0,"z":0},"maxPos":{"x":0,"y":0,"z":0}},"packable":true,"pixelsToUnit":100,"pivot":{"x":0.5,"y":0.5},"meshType":0}],[0],0,[0],[0],[0]],[[{"name":"God_MAJOR","rect":{"x":836,"y":1002,"width":84,"height":21},"offset":{"x":0,"y":0},"originalSize":{"width":84,"height":21},"rotated":false,"capInsets":[0,0,0,0],"vertices":{"rawPosition":[],"indexes":[],"uv":[],"nuv":[],"minPos":{"x":0,"y":0,"z":0},"maxPos":{"x":0,"y":0,"z":0}},"packable":true,"pixelsToUnit":100,"pivot":{"x":0.5,"y":0.5},"meshType":0}],[0],0,[0],[0],[0]],[[{"name":"Sudahdilenkapi","rect":{"x":1510,"y":646,"width":187,"height":27},"offset":{"x":0,"y":0},"originalSize":{"width":189,"height":29},"rotated":false,"capInsets":[0,0,0,0],"vertices":{"rawPosition":[],"indexes":[],"uv":[],"nuv":[],"minPos":{"x":0,"y":0,"z":0},"maxPos":{"x":0,"y":0,"z":0}},"packable":true,"pixelsToUnit":100,"pivot":{"x":0.5,"y":0.5},"meshType":0}],[0],0,[0],[0],[0]],[[{"name":"Itembiasa","rect":{"x":1639,"y":794,"width":146,"height":21},"offset":{"x":0,"y":1},"originalSize":{"width":146,"height":23},"rotated":true,"capInsets":[0,0,0,0],"vertices":{"rawPosition":[],"indexes":[],"uv":[],"nuv":[],"minPos":{"x":0,"y":0,"z":0},"maxPos":{"x":0,"y":0,"z":0}},"packable":true,"pixelsToUnit":100,"pivot":{"x":0.5,"y":0.5},"meshType":0}],[0],0,[0],[0],[0]],[[{"name":"God_TB_13_1_1","rect":{"x":1816,"y":911,"width":46,"height":38},"offset":{"x":0,"y":0},"originalSize":{"width":46,"height":38},"rotated":false,"capInsets":[0,0,0,0],"vertices":{"rawPosition":[],"indexes":[],"uv":[],"nuv":[],"minPos":{"x":0,"y":0,"z":0},"maxPos":{"x":0,"y":0,"z":0}},"packable":true,"pixelsToUnit":100,"pivot":{"x":0.5,"y":0.5},"meshType":0}],[0],0,[0],[0],[0]],[[{"name":"God_TB_13_1","rect":{"x":1583,"y":942,"width":81,"height":68},"offset":{"x":0,"y":0},"originalSize":{"width":81,"height":68},"rotated":true,"capInsets":[0,0,0,0],"vertices":{"rawPosition":[],"indexes":[],"uv":[],"nuv":[],"minPos":{"x":0,"y":0,"z":0},"maxPos":{"x":0,"y":0,"z":0}},"packable":true,"pixelsToUnit":100,"pivot":{"x":0.5,"y":0.5},"meshType":0}],[0],0,[0],[0],[0]],[[{"name":"God_TB_1","rect":{"x":1306,"y":938,"width":85,"height":98},"offset":{"x":0,"y":0},"originalSize":{"width":85,"height":98},"rotated":true,"capInsets":[0,0,0,0],"vertices":{"rawPosition":[],"indexes":[],"uv":[],"nuv":[],"minPos":{"x":0,"y":0,"z":0},"maxPos":{"x":0,"y":0,"z":0}},"packable":true,"pixelsToUnit":100,"pivot":{"x":0.5,"y":0.5},"meshType":0}],[0],0,[0],[0],[0]],[[{"name":"God_TB_2","rect":{"x":1211,"y":931,"width":93,"height":92},"offset":{"x":0,"y":0},"originalSize":{"width":93,"height":92},"rotated":false,"capInsets":[0,0,0,0],"vertices":{"rawPosition":[],"indexes":[],"uv":[],"nuv":[],"minPos":{"x":0,"y":0,"z":0},"maxPos":{"x":0,"y":0,"z":0}},"packable":true,"pixelsToUnit":100,"pivot":{"x":0.5,"y":0.5},"meshType":0}],[0],0,[0],[0],[0]],[[{"name":"God_TB_6","rect":{"x":1082,"y":910,"width":127,"height":113},"offset":{"x":0,"y":0},"originalSize":{"width":127,"height":113},"rotated":false,"capInsets":[0,0,0,0],"vertices":{"rawPosition":[],"indexes":[],"uv":[],"nuv":[],"minPos":{"x":0,"y":0,"z":0},"maxPos":{"x":0,"y":0,"z":0}},"packable":true,"pixelsToUnit":100,"pivot":{"x":0.5,"y":0.5},"meshType":0}],[0],0,[0],[0],[0]],[[{"name":"God_tk3_k3","rect":{"x":1150,"y":1,"width":294,"height":413},"offset":{"x":0,"y":0},"originalSize":{"width":294,"height":413},"rotated":false,"capInsets":[0,0,0,0],"vertices":{"rawPosition":[],"indexes":[],"uv":[],"nuv":[],"minPos":{"x":0,"y":0,"z":0},"maxPos":{"x":0,"y":0,"z":0}},"packable":true,"pixelsToUnit":100,"pivot":{"x":0.5,"y":0.5},"meshType":0}],[0],0,[0],[0],[0]],[[{"name":"TasSaya","rect":{"x":1864,"y":326,"width":158,"height":37},"offset":{"x":0,"y":0},"originalSize":{"width":160,"height":39},"rotated":true,"capInsets":[0,0,0,0],"vertices":{"rawPosition":[],"indexes":[],"uv":[],"nuv":[],"minPos":{"x":0,"y":0,"z":0},"maxPos":{"x":0,"y":0,"z":0}},"packable":true,"pixelsToUnit":100,"pivot":{"x":0.5,"y":0.5},"meshType":0}],[0],0,[0],[0],[0]],[[{"name":"God_tk3_14","rect":{"x":1082,"y":643,"width":232,"height":53},"offset":{"x":0,"y":0},"originalSize":{"width":232,"height":53},"rotated":false,"capInsets":[0,0,0,0],"vertices":{"rawPosition":[],"indexes":[],"uv":[],"nuv":[],"minPos":{"x":0,"y":0,"z":0},"maxPos":{"x":0,"y":0,"z":0}},"packable":true,"pixelsToUnit":100,"pivot":{"x":0.5,"y":0.5},"meshType":0}],[0],0,[0],[0],[0]],[[{"name":"God_tk3_3","rect":{"x":558,"y":958,"width":50,"height":50},"offset":{"x":0,"y":0},"originalSize":{"width":50,"height":50},"rotated":false,"capInsets":[0,0,0,0],"vertices":{"rawPosition":[],"indexes":[],"uv":[],"nuv":[],"minPos":{"x":0,"y":0,"z":0},"maxPos":{"x":0,"y":0,"z":0}},"packable":true,"pixelsToUnit":100,"pivot":{"x":0.5,"y":0.5},"meshType":0}],[0],0,[0],[0],[0]],[[{"name":"KartuSlots","rect":{"x":1653,"y":538,"width":157,"height":21},"offset":{"x":0,"y":1},"originalSize":{"width":157,"height":23},"rotated":false,"capInsets":[0,0,0,0],"vertices":{"rawPosition":[],"indexes":[],"uv":[],"nuv":[],"minPos":{"x":0,"y":0,"z":0},"maxPos":{"x":0,"y":0,"z":0}},"packable":true,"pixelsToUnit":100,"pivot":{"x":0.5,"y":0.5},"meshType":0}],[0],0,[0],[0],[0]],[[{"name":"God_TB_4_1","rect":{"x":1745,"y":955,"width":66,"height":63},"offset":{"x":0,"y":0},"originalSize":{"width":66,"height":63},"rotated":false,"capInsets":[0,0,0,0],"vertices":{"rawPosition":[],"indexes":[],"uv":[],"nuv":[],"minPos":{"x":0,"y":0,"z":0},"maxPos":{"x":0,"y":0,"z":0}},"packable":true,"pixelsToUnit":100,"pivot":{"x":0.5,"y":0.5},"meshType":0}],[0],0,[0],[0],[0]],[[{"name":"God_tk3_4","rect":{"x":1846,"y":1,"width":241,"height":61},"offset":{"x":0,"y":0},"originalSize":{"width":241,"height":61},"rotated":true,"capInsets":[0,0,0,0],"vertices":{"rawPosition":[],"indexes":[],"uv":[],"nuv":[],"minPos":{"x":0,"y":0,"z":0},"maxPos":{"x":0,"y":0,"z":0}},"packable":true,"pixelsToUnit":100,"pivot":{"x":0.5,"y":0.5},"meshType":0}],[0],0,[0],[0],[0]],[[{"name":"God_SC3","rect":{"x":1814,"y":697,"width":44,"height":73},"offset":{"x":0,"y":0},"originalSize":{"width":44,"height":73},"rotated":false,"capInsets":[0,0,0,0],"vertices":{"rawPosition":[],"indexes":[],"uv":[],"nuv":[],"minPos":{"x":0,"y":0,"z":0},"maxPos":{"x":0,"y":0,"z":0}},"packable":true,"pixelsToUnit":100,"pivot":{"x":0.5,"y":0.5},"meshType":0}],[0],0,[0],[0],[0]],[[{"name":"God_TB_2_1","rect":{"x":1721,"y":626,"width":71,"height":70},"offset":{"x":0,"y":0},"originalSize":{"width":71,"height":70},"rotated":false,"capInsets":[0,0,0,0],"vertices":{"rawPosition":[],"indexes":[],"uv":[],"nuv":[],"minPos":{"x":0,"y":0,"z":0},"maxPos":{"x":0,"y":0,"z":0}},"packable":true,"pixelsToUnit":100,"pivot":{"x":0.5,"y":0.5},"meshType":0}],[0],0,[0],[0],[0]],[[{"name":"God_tk1_3","rect":{"x":1082,"y":560,"width":235,"height":81},"offset":{"x":0,"y":0},"originalSize":{"width":235,"height":81},"rotated":false,"capInsets":[0,0,0,0],"vertices":{"rawPosition":[],"indexes":[],"uv":[],"nuv":[],"minPos":{"x":0,"y":0,"z":0},"maxPos":{"x":0,"y":0,"z":0}},"packable":true,"pixelsToUnit":100,"pivot":{"x":0.5,"y":0.5},"meshType":0}],[0],0,[0],[0],[0]],[[{"name":"God_tk3_6","rect":{"x":316,"y":958,"width":236,"height":19},"offset":{"x":0,"y":0},"originalSize":{"width":236,"height":19},"rotated":false,"capInsets":[0,0,0,0],"vertices":{"rawPosition":[],"indexes":[],"uv":[],"nuv":[],"minPos":{"x":0,"y":0,"z":0},"maxPos":{"x":0,"y":0,"z":0}},"packable":true,"pixelsToUnit":100,"pivot":{"x":0.5,"y":0.5},"meshType":0}],[0],0,[0],[0],[0]],[[{"name":"God_TB_10_1","rect":{"x":1739,"y":698,"width":73,"height":76},"offset":{"x":0,"y":0},"originalSize":{"width":73,"height":76},"rotated":false,"capInsets":[0,0,0,0],"vertices":{"rawPosition":[],"indexes":[],"uv":[],"nuv":[],"minPos":{"x":0,"y":0,"z":0},"maxPos":{"x":0,"y":0,"z":0}},"packable":true,"pixelsToUnit":100,"pivot":{"x":0.5,"y":0.5},"meshType":0}],[0],0,[0],[0],[0]],[[{"name":"God_tk2_5","rect":{"x":1903,"y":326,"width":4,"height":138},"offset":{"x":0,"y":0},"originalSize":{"width":4,"height":138},"rotated":false,"capInsets":[0,0,0,0],"vertices":{"rawPosition":[],"indexes":[],"uv":[],"nuv":[],"minPos":{"x":0,"y":0,"z":0},"maxPos":{"x":0,"y":0,"z":0}},"packable":true,"pixelsToUnit":100,"pivot":{"x":0.5,"y":0.5},"meshType":0}],[0],0,[0],[0],[0]],[[{"name":"God_TB_11","rect":{"x":1662,"y":793,"width":86,"height":96},"offset":{"x":0,"y":0},"originalSize":{"width":86,"height":96},"rotated":false,"capInsets":[0,0,0,0],"vertices":{"rawPosition":[],"indexes":[],"uv":[],"nuv":[],"minPos":{"x":0,"y":0,"z":0},"maxPos":{"x":0,"y":0,"z":0}},"packable":true,"pixelsToUnit":100,"pivot":{"x":0.5,"y":0.5},"meshType":0}],[0],0,[0],[0],[0]],[[{"name":"God_TB_10","rect":{"x":1506,"y":805,"width":131,"height":135},"offset":{"x":0,"y":0},"originalSize":{"width":131,"height":135},"rotated":false,"capInsets":[0,0,0,0],"vertices":{"rawPosition":[],"indexes":[],"uv":[],"nuv":[],"minPos":{"x":0,"y":0,"z":0},"maxPos":{"x":0,"y":0,"z":0}},"packable":true,"pixelsToUnit":100,"pivot":{"x":0.5,"y":0.5},"meshType":0}],[0],0,[0],[0],[0]],[[{"name":"God_TB_14_1","rect":{"x":1779,"y":561,"width":30,"height":28},"offset":{"x":0,"y":0},"originalSize":{"width":30,"height":28},"rotated":true,"capInsets":[0,0,0,0],"vertices":{"rawPosition":[],"indexes":[],"uv":[],"nuv":[],"minPos":{"x":0,"y":0,"z":0},"maxPos":{"x":0,"y":0,"z":0}},"packable":true,"pixelsToUnit":100,"pivot":{"x":0.5,"y":0.5},"meshType":0}],[0],0,[0],[0],[0]],[[{"name":"God_TB_1_1","rect":{"x":1836,"y":951,"width":53,"height":61},"offset":{"x":0,"y":0},"originalSize":{"width":53,"height":61},"rotated":false,"capInsets":[0,0,0,0],"vertices":{"rawPosition":[],"indexes":[],"uv":[],"nuv":[],"minPos":{"x":0,"y":0,"z":0},"maxPos":{"x":0,"y":0,"z":0}},"packable":true,"pixelsToUnit":100,"pivot":{"x":0.5,"y":0.5},"meshType":0}],[0],0,[0],[0],[0]],[[{"name":"God_GRAND","rect":{"x":836,"y":977,"width":103,"height":23},"offset":{"x":0,"y":0},"originalSize":{"width":103,"height":23},"rotated":false,"capInsets":[0,0,0,0],"vertices":{"rawPosition":[],"indexes":[],"uv":[],"nuv":[],"minPos":{"x":0,"y":0,"z":0},"maxPos":{"x":0,"y":0,"z":0}},"packable":true,"pixelsToUnit":100,"pivot":{"x":0.5,"y":0.5},"meshType":0}],[0],0,[0],[0],[0]],[[{"name":"belikartu","rect":{"x":1319,"y":549,"width":212,"height":46},"offset":{"x":0,"y":0},"originalSize":{"width":212,"height":46},"rotated":false,"capInsets":[0,0,0,0],"vertices":{"rawPosition":[],"indexes":[],"uv":[],"nuv":[],"minPos":{"x":0,"y":0,"z":0},"maxPos":{"x":0,"y":0,"z":0}},"packable":true,"pixelsToUnit":100,"pivot":{"x":0.5,"y":0.5},"meshType":0}],[0],0,[0],[0],[0]],[[{"name":"God_gb","rect":{"x":822,"y":422,"width":30,"height":31},"offset":{"x":0,"y":0},"originalSize":{"width":30,"height":31},"rotated":false,"capInsets":[0,0,0,0],"vertices":{"rawPosition":[],"indexes":[],"uv":[],"nuv":[],"minPos":{"x":0,"y":0,"z":0},"maxPos":{"x":0,"y":0,"z":0}},"packable":true,"pixelsToUnit":100,"pivot":{"x":0.5,"y":0.5},"meshType":0}],[0],0,[0],[0],[0]],[[{"name":"God_TB_7_1","rect":{"x":610,"y":935,"width":83,"height":88},"offset":{"x":0,"y":0},"originalSize":{"width":83,"height":88},"rotated":false,"capInsets":[0,0,0,0],"vertices":{"rawPosition":[],"indexes":[],"uv":[],"nuv":[],"minPos":{"x":0,"y":0,"z":0},"maxPos":{"x":0,"y":0,"z":0}},"packable":true,"pixelsToUnit":100,"pivot":{"x":0.5,"y":0.5},"meshType":0}],[0],0,[0],[0],[0]],[[{"name":"God_SC8","rect":{"x":1812,"y":536,"width":36,"height":45},"offset":{"x":0,"y":0},"originalSize":{"width":36,"height":45},"rotated":false,"capInsets":[0,0,0,0],"vertices":{"rawPosition":[],"indexes":[],"uv":[],"nuv":[],"minPos":{"x":0,"y":0,"z":0},"maxPos":{"x":0,"y":0,"z":0}},"packable":true,"pixelsToUnit":100,"pivot":{"x":0.5,"y":0.5},"meshType":0}],[0],0,[0],[0],[0]],[[{"name":"God_tk3_5","rect":{"x":1412,"y":416,"width":236,"height":53},"offset":{"x":0,"y":0},"originalSize":{"width":236,"height":53},"rotated":false,"capInsets":[0,0,0,0],"vertices":{"rawPosition":[],"indexes":[],"uv":[],"nuv":[],"minPos":{"x":0,"y":0,"z":0},"maxPos":{"x":0,"y":0,"z":0}},"packable":true,"pixelsToUnit":100,"pivot":{"x":0.5,"y":0.5},"meshType":0}],[0],0,[0],[0],[0]],[[{"name":"God_SC10_1","rect":{"x":854,"y":416,"width":58,"height":556},"offset":{"x":0,"y":0},"originalSize":{"width":58,"height":556},"rotated":true,"capInsets":[0,0,0,0],"vertices":{"rawPosition":[],"indexes":[],"uv":[],"nuv":[],"minPos":{"x":0,"y":0,"z":0},"maxPos":{"x":0,"y":0,"z":0}},"packable":true,"pixelsToUnit":100,"pivot":{"x":0.5,"y":0.5},"meshType":0}],[0],0,[0],[0],[0]],[[{"name":"God_SC5","rect":{"x":1662,"y":891,"width":97,"height":58},"offset":{"x":0,"y":0},"originalSize":{"width":97,"height":58},"rotated":false,"capInsets":[0,0,0,0],"vertices":{"rawPosition":[],"indexes":[],"uv":[],"nuv":[],"minPos":{"x":0,"y":0,"z":0},"maxPos":{"x":0,"y":0,"z":0}},"packable":true,"pixelsToUnit":100,"pivot":{"x":0.5,"y":0.5},"meshType":0}],[0],0,[0],[0],[0]],[[{"name":"God_tk3_k4","rect":{"x":1446,"y":1,"width":294,"height":413},"offset":{"x":0,"y":0},"originalSize":{"width":294,"height":413},"rotated":false,"capInsets":[0,0,0,0],"vertices":{"rawPosition":[],"indexes":[],"uv":[],"nuv":[],"minPos":{"x":0,"y":0,"z":0},"maxPos":{"x":0,"y":0,"z":0}},"packable":true,"pixelsToUnit":100,"pivot":{"x":0.5,"y":0.5},"meshType":0}],[0],0,[0],[0],[0]],[[{"name":"God_TB_6_1","rect":{"x":1406,"y":938,"width":93,"height":83},"offset":{"x":0,"y":0},"originalSize":{"width":93,"height":83},"rotated":false,"capInsets":[0,0,0,0],"vertices":{"rawPosition":[],"indexes":[],"uv":[],"nuv":[],"minPos":{"x":0,"y":0,"z":0},"maxPos":{"x":0,"y":0,"z":0}},"packable":true,"pixelsToUnit":100,"pivot":{"x":0.5,"y":0.5},"meshType":0}],[0],0,[0],[0],[0]],[[{"name":"Kulitmeriam","rect":{"x":1510,"y":675,"width":178,"height":21},"offset":{"x":0,"y":1},"originalSize":{"width":178,"height":23},"rotated":false,"capInsets":[0,0,0,0],"vertices":{"rawPosition":[],"indexes":[],"uv":[],"nuv":[],"minPos":{"x":0,"y":0,"z":0},"maxPos":{"x":0,"y":0,"z":0}},"packable":true,"pixelsToUnit":100,"pivot":{"x":0.5,"y":0.5},"meshType":0}],[0],0,[0],[0],[0]],[[{"name":"God_tk1_7","rect":{"x":1813,"y":583,"width":43,"height":41},"offset":{"x":0,"y":0},"originalSize":{"width":43,"height":41},"rotated":false,"capInsets":[0,0,0,0],"vertices":{"rawPosition":[],"indexes":[],"uv":[],"nuv":[],"minPos":{"x":0,"y":0,"z":0},"maxPos":{"x":0,"y":0,"z":0}},"packable":true,"pixelsToUnit":100,"pivot":{"x":0.5,"y":0.5},"meshType":0}],[0],0,[0],[0],[0]],[[{"name":"God_cs","rect":{"x":822,"y":476,"width":138,"height":215},"offset":{"x":0,"y":0},"originalSize":{"width":138,"height":215},"rotated":false,"capInsets":[0,0,0,0],"vertices":{"rawPosition":[],"indexes":[],"uv":[],"nuv":[],"minPos":{"x":0,"y":0,"z":0},"maxPos":{"x":0,"y":0,"z":0}},"packable":true,"pixelsToUnit":100,"pivot":{"x":0.5,"y":0.5},"meshType":0}],[0],0,[0],[0],[0]],[[{"name":"God_tk3_2","rect":{"x":316,"y":1,"width":237,"height":543},"offset":{"x":0,"y":0},"originalSize":{"width":237,"height":543},"rotated":false,"capInsets":[0,0,0,0],"vertices":{"rawPosition":[],"indexes":[],"uv":[],"nuv":[],"minPos":{"x":0,"y":0,"z":0},"maxPos":{"x":0,"y":0,"z":0}},"packable":true,"pixelsToUnit":100,"pivot":{"x":0.5,"y":0.5},"meshType":0}],[0],0,[0],[0],[0]],[[{"name":"God_TB_4_1_1","rect":{"x":1750,"y":849,"width":43,"height":40},"offset":{"x":0,"y":0},"originalSize":{"width":43,"height":40},"rotated":false,"capInsets":[0,0,0,0],"vertices":{"rawPosition":[],"indexes":[],"uv":[],"nuv":[],"minPos":{"x":0,"y":0,"z":0},"maxPos":{"x":0,"y":0,"z":0}},"packable":true,"pixelsToUnit":100,"pivot":{"x":0.5,"y":0.5},"meshType":0}],[0],0,[0],[0],[0]],[[{"name":"God_tk2_4","rect":{"x":1653,"y":416,"width":120,"height":87},"offset":{"x":0,"y":0},"originalSize":{"width":120,"height":87},"rotated":true,"capInsets":[0,0,0,0],"vertices":{"rawPosition":[],"indexes":[],"uv":[],"nuv":[],"minPos":{"x":0,"y":0,"z":0},"maxPos":{"x":0,"y":0,"z":0}},"packable":true,"pixelsToUnit":100,"pivot":{"x":0.5,"y":0.5},"meshType":0}],[0],0,[0],[0],[0]],[[{"name":"God_MINI","rect":{"x":1813,"y":955,"width":63,"height":21},"offset":{"x":0,"y":0},"originalSize":{"width":63,"height":21},"rotated":true,"capInsets":[0,0,0,0],"vertices":{"rawPosition":[],"indexes":[],"uv":[],"nuv":[],"minPos":{"x":0,"y":0,"z":0},"maxPos":{"x":0,"y":0,"z":0}},"packable":true,"pixelsToUnit":100,"pivot":{"x":0.5,"y":0.5},"meshType":0}],[0],0,[0],[0],[0]],[[{"name":"God_TB_7","rect":{"x":1384,"y":808,"width":120,"height":128},"offset":{"x":0,"y":0},"originalSize":{"width":120,"height":128},"rotated":false,"capInsets":[0,0,0,0],"vertices":{"rawPosition":[],"indexes":[],"uv":[],"nuv":[],"minPos":{"x":0,"y":0,"z":0},"maxPos":{"x":0,"y":0,"z":0}},"packable":true,"pixelsToUnit":100,"pivot":{"x":0.5,"y":0.5},"meshType":0}],[0],0,[0],[0],[0]],[[{"name":"God_tk3_10","rect":{"x":1501,"y":942,"width":80,"height":81},"offset":{"x":0,"y":0},"originalSize":{"width":80,"height":81},"rotated":false,"capInsets":[0,0,0,0],"vertices":{"rawPosition":[],"indexes":[],"uv":[],"nuv":[],"minPos":{"x":0,"y":0,"z":0},"maxPos":{"x":0,"y":0,"z":0}},"packable":true,"pixelsToUnit":100,"pivot":{"x":0.5,"y":0.5},"meshType":0}],[0],0,[0],[0],[0]],[[{"name":"God_tk3_k6","rect":{"x":1,"y":1,"width":313,"height":493},"offset":{"x":0,"y":0},"originalSize":{"width":313,"height":493},"rotated":false,"capInsets":[0,0,0,0],"vertices":{"rawPosition":[],"indexes":[],"uv":[],"nuv":[],"minPos":{"x":0,"y":0,"z":0},"maxPos":{"x":0,"y":0,"z":0}},"packable":true,"pixelsToUnit":100,"pivot":{"x":0.5,"y":0.5},"meshType":0}],[0],0,[0],[0],[0]],[[{"name":"God_TB_14","rect":{"x":1783,"y":593,"width":31,"height":28},"offset":{"x":0,"y":0},"originalSize":{"width":31,"height":28},"rotated":true,"capInsets":[0,0,0,0],"vertices":{"rawPosition":[],"indexes":[],"uv":[],"nuv":[],"minPos":{"x":0,"y":0,"z":0},"maxPos":{"x":0,"y":0,"z":0}},"packable":true,"pixelsToUnit":100,"pivot":{"x":0.5,"y":0.5},"meshType":0}],[0],0,[0],[0],[0]],[[{"name":"God_SC6","rect":{"x":1864,"y":244,"width":47,"height":80},"offset":{"x":0,"y":0},"originalSize":{"width":47,"height":80},"rotated":false,"capInsets":[0,0,0,0],"vertices":{"rawPosition":[],"indexes":[],"uv":[],"nuv":[],"minPos":{"x":0,"y":0,"z":0},"maxPos":{"x":0,"y":0,"z":0}},"packable":true,"pixelsToUnit":100,"pivot":{"x":0.5,"y":0.5},"meshType":0}],[0],0,[0],[0],[0]],[[{"name":"God_tk3_k5","rect":{"x":316,"y":546,"width":292,"height":410},"offset":{"x":0,"y":0},"originalSize":{"width":292,"height":410},"rotated":false,"capInsets":[0,0,0,0],"vertices":{"rawPosition":[],"indexes":[],"uv":[],"nuv":[],"minPos":{"x":0,"y":0,"z":0},"maxPos":{"x":0,"y":0,"z":0}},"packable":true,"pixelsToUnit":100,"pivot":{"x":0.5,"y":0.5},"meshType":0}],[0],0,[0],[0],[0]],[[{"name":"God_tk2_3","rect":{"x":610,"y":722,"width":211,"height":145},"offset":{"x":0,"y":0},"originalSize":{"width":211,"height":145},"rotated":true,"capInsets":[0,0,0,0],"vertices":{"rawPosition":[],"indexes":[],"uv":[],"nuv":[],"minPos":{"x":0,"y":0,"z":0},"maxPos":{"x":0,"y":0,"z":0}},"packable":true,"pixelsToUnit":100,"pivot":{"x":0.5,"y":0.5},"meshType":0}],[0],0,[0],[0],[0]],[[{"name":"God_TB_8","rect":{"x":1538,"y":698,"width":107,"height":94},"offset":{"x":0,"y":0},"originalSize":{"width":107,"height":94},"rotated":false,"capInsets":[0,0,0,0],"vertices":{"rawPosition":[],"indexes":[],"uv":[],"nuv":[],"minPos":{"x":0,"y":0,"z":0},"maxPos":{"x":0,"y":0,"z":0}},"packable":true,"pixelsToUnit":100,"pivot":{"x":0.5,"y":0.5},"meshType":0}],[0],0,[0],[0],[0]],[[{"name":"God_TB_12_1","rect":{"x":1814,"y":772,"width":69,"height":56},"offset":{"x":0,"y":0},"originalSize":{"width":69,"height":56},"rotated":true,"capInsets":[0,0,0,0],"vertices":{"rawPosition":[],"indexes":[],"uv":[],"nuv":[],"minPos":{"x":0,"y":0,"z":0},"maxPos":{"x":0,"y":0,"z":0}},"packable":true,"pixelsToUnit":100,"pivot":{"x":0.5,"y":0.5},"meshType":0}],[0],0,[0],[0],[0]],[[{"name":"God_tk3_7","rect":{"x":1319,"y":597,"width":209,"height":45},"offset":{"x":0,"y":0},"originalSize":{"width":209,"height":45},"rotated":false,"capInsets":[0,0,0,0],"vertices":{"rawPosition":[],"indexes":[],"uv":[],"nuv":[],"minPos":{"x":0,"y":0,"z":0},"maxPos":{"x":0,"y":0,"z":0}},"packable":true,"pixelsToUnit":100,"pivot":{"x":0.5,"y":0.5},"meshType":0}],[0],0,[0],[0],[0]],[[{"name":"God_SC2","rect":{"x":849,"y":693,"width":115,"height":190},"offset":{"x":0,"y":0},"originalSize":{"width":115,"height":190},"rotated":false,"capInsets":[0,0,0,0],"vertices":{"rawPosition":[],"indexes":[],"uv":[],"nuv":[],"minPos":{"x":0,"y":0,"z":0},"maxPos":{"x":0,"y":0,"z":0}},"packable":true,"pixelsToUnit":100,"pivot":{"x":0.5,"y":0.5},"meshType":0}],[0],0,[0],[0],[0]],[[{"name":"God_GARIS","rect":{"x":1761,"y":891,"width":53,"height":62},"offset":{"x":0,"y":0},"originalSize":{"width":53,"height":62},"rotated":false,"capInsets":[0,0,0,0],"vertices":{"rawPosition":[],"indexes":[],"uv":[],"nuv":[],"minPos":{"x":0,"y":0,"z":0},"maxPos":{"x":0,"y":0,"z":0}},"packable":true,"pixelsToUnit":100,"pivot":{"x":0.5,"y":0.5},"meshType":0}],[0],0,[0],[0],[0]],[[{"name":"God_TB_9","rect":{"x":1442,"y":706,"width":94,"height":97},"offset":{"x":0,"y":0},"originalSize":{"width":94,"height":97},"rotated":false,"capInsets":[0,0,0,0],"vertices":{"rawPosition":[],"indexes":[],"uv":[],"nuv":[],"minPos":{"x":0,"y":0,"z":0},"maxPos":{"x":0,"y":0,"z":0}},"packable":true,"pixelsToUnit":100,"pivot":{"x":0.5,"y":0.5},"meshType":0}],[0],0,[0],[0],[0]]]]
