[1,["01c8f4a6-bf17-4395-b279-7c3a56933835@6c48a","01c8f4a6-bf17-4395-b279-7c3a56933835@f9941"],["_textureSource","spriteFrame"],["cc.SpriteFrame",["cc.ParticleAsset",["_name","_native"],1]],[[1,0,1,3]],[[[{"name":"3","rect":{"x":0,"y":0,"width":2,"height":2},"offset":{"x":0,"y":0},"originalSize":{"width":2,"height":2},"rotated":false,"capInsets":[0,0,0,0],"vertices":{"rawPosition":[-1,-1,0,1,-1,0,-1,1,0,1,1,0],"indexes":[0,1,2,2,1,3],"uv":[0,2,2,2,0,0,2,0],"nuv":[0,0,1,0,0,1,1,1],"minPos":{"x":-1,"y":-1,"z":0},"maxPos":{"x":1,"y":1,"z":0}},"packable":true,"pixelsToUnit":100,"pivot":{"x":0.5,"y":0.5},"meshType":0}],[0],0,[0],[0],[0]],[[[0,"particle_goodluck",".plist"],-1],0,0,[0],[1],[1]]]]
