[1,["3aa3f650-d4cf-4b9e-893e-8e52582283ed@6c48a"],["_textureSource"],["cc.SpriteFrame"],0,[{"name":"icon_sy","rect":{"x":0,"y":0,"width":32,"height":28},"offset":{"x":0,"y":0},"originalSize":{"width":32,"height":28},"rotated":false,"capInsets":[0,0,0,0],"vertices":{"rawPosition":[-16,-14,0,16,-14,0,-16,14,0,16,14,0],"indexes":[0,1,2,2,1,3],"uv":[0,28,32,28,0,0,32,0],"nuv":[0,0,1,0,0,1,1,1],"minPos":{"x":-16,"y":-14,"z":0},"maxPos":{"x":16,"y":14,"z":0}},"packable":true,"pixelsToUnit":100,"pivot":{"x":0.5,"y":0.5},"meshType":0}],[0],0,[0],[0],[0]]
