[1,["3ac83771-d236-49e8-89bc-422cdd1a144f@6c48a"],["_textureSource"],["cc.SpriteFrame"],0,[{"name":"xhj","rect":{"x":2,"y":2,"width":508,"height":1005},"offset":{"x":0,"y":7.5},"originalSize":{"width":512,"height":1024},"rotated":false,"capInsets":[0,0,0,0],"vertices":{"rawPosition":[-254,-502.5,0,254,-502.5,0,-254,502.5,0,254,502.5,0],"indexes":[0,1,2,2,1,3],"uv":[2,1022,510,1022,2,17,510,17],"nuv":[0.00390625,0.0166015625,0.99609375,0.0166015625,0.00390625,0.998046875,0.99609375,0.998046875],"minPos":{"x":-254,"y":-502.5,"z":0},"maxPos":{"x":254,"y":502.5,"z":0}},"packable":true,"pixelsToUnit":100,"pivot":{"x":0.5,"y":0.5},"meshType":0}],[0],0,[0],[0],[0]]
