[1,["aajZadgYRF14Ek3axdGMt4@f9941","aajZadgYRF14Ek3axdGMt4@6c48a"],["spriteFrame","_textureSource"],["cc.SpriteFrame",["cc.BitmapFont",["_name","fontSize","fntConfig"],0]],[[1,0,1,2,4]],[[[[0,"fnt_gold",32,{"commonHeight":32,"fontSize":32,"atlasName":"fnt_gold_0.tga","fontDefDictionary":{"44":{"xOffset":0,"yOffset":0,"xAdvance":14,"rect":{"x":75,"y":41,"width":14,"height":40}},"46":{"xOffset":0,"yOffset":0,"xAdvance":14,"rect":{"x":90,"y":41,"width":14,"height":40}},"48":{"xOffset":0,"yOffset":0,"xAdvance":24,"rect":{"x":67,"y":0,"width":24,"height":40}},"49":{"xOffset":0,"yOffset":0,"xAdvance":24,"rect":{"x":92,"y":0,"width":24,"height":40}},"50":{"xOffset":0,"yOffset":0,"xAdvance":24,"rect":{"x":117,"y":0,"width":24,"height":40}},"51":{"xOffset":0,"yOffset":0,"xAdvance":24,"rect":{"x":142,"y":0,"width":24,"height":40}},"52":{"xOffset":0,"yOffset":0,"xAdvance":24,"rect":{"x":167,"y":0,"width":24,"height":40}},"53":{"xOffset":0,"yOffset":0,"xAdvance":24,"rect":{"x":192,"y":0,"width":24,"height":40}},"54":{"xOffset":0,"yOffset":0,"xAdvance":24,"rect":{"x":217,"y":0,"width":24,"height":40}},"55":{"xOffset":0,"yOffset":0,"xAdvance":24,"rect":{"x":0,"y":41,"width":24,"height":40}},"56":{"xOffset":0,"yOffset":0,"xAdvance":24,"rect":{"x":25,"y":41,"width":24,"height":40}},"57":{"xOffset":0,"yOffset":0,"xAdvance":24,"rect":{"x":50,"y":41,"width":24,"height":40}},"75":{"xOffset":0,"yOffset":0,"xAdvance":31,"rect":{"x":35,"y":0,"width":31,"height":40}},"77":{"xOffset":0,"yOffset":0,"xAdvance":34,"rect":{"x":0,"y":0,"width":34,"height":40}}},"kerningDict":{}}]],0,0,[0],[0],[0]],[[{"name":"fnt_gold_0","rect":{"x":0,"y":0,"width":241,"height":80},"offset":{"x":-7.5,"y":88},"originalSize":{"width":256,"height":256},"rotated":false,"capInsets":[0,0,0,0],"vertices":{"rawPosition":[-120.5,-40,0,120.5,-40,0,-120.5,40,0,120.5,40,0],"indexes":[0,1,2,2,1,3],"uv":[0,256,241,256,0,176,241,176],"nuv":[0,0.6875,0.94140625,0.6875,0,1,0.94140625,1],"minPos":{"x":-120.5,"y":-40,"z":0},"maxPos":{"x":120.5,"y":40,"z":0}},"packable":true,"pixelsToUnit":100,"pivot":{"x":0.5,"y":0.5},"meshType":0}],[0],0,[0],[1],[1]]]]
