[1,["0241f3df-1928-4f11-9dd7-e0128fd01c11@6c48a","0241f3df-1928-4f11-9dd7-e0128fd01c11@f9941"],["_textureSource","spriteFrame"],["cc.SpriteFrame",["cc.BitmapFont",["_name","fontSize","fntConfig"],0]],[[1,0,1,2,4]],[[[{"name":"font_win_history_0","rect":{"x":0,"y":0,"width":178,"height":21},"offset":{"x":-61,"y":89.5},"originalSize":{"width":300,"height":200},"rotated":false,"capInsets":[0,0,0,0],"vertices":{"rawPosition":[-89,-10.5,0,89,-10.5,0,-89,10.5,0,89,10.5,0],"indexes":[0,1,2,2,1,3],"uv":[0,200,178,200,0,179,178,179],"nuv":[0,0.895,0.5933333333333334,0.895,0,1,0.5933333333333334,1],"minPos":{"x":-89,"y":-10.5,"z":0},"maxPos":{"x":89,"y":10.5,"z":0}},"packable":true,"pixelsToUnit":100,"pivot":{"x":0.5,"y":0.5},"meshType":0}],[0],0,[0],[0],[0]],[[[0,"font_win_history",20,{"commonHeight":19,"fontSize":20,"atlasName":"font_win_history_0.png","fontDefDictionary":{"32":{"xOffset":-1,"yOffset":18,"xAdvance":5,"rect":{"x":179,"y":0,"width":3,"height":1}},"44":{"xOffset":0,"yOffset":0,"xAdvance":10,"rect":{"x":159,"y":0,"width":10,"height":21}},"46":{"xOffset":0,"yOffset":0,"xAdvance":8,"rect":{"x":170,"y":0,"width":8,"height":21}},"48":{"xOffset":0,"yOffset":0,"xAdvance":15,"rect":{"x":34,"y":0,"width":15,"height":21}},"49":{"xOffset":0,"yOffset":0,"xAdvance":13,"rect":{"x":145,"y":0,"width":13,"height":21}},"50":{"xOffset":0,"yOffset":0,"xAdvance":16,"rect":{"x":0,"y":0,"width":16,"height":21}},"51":{"xOffset":0,"yOffset":0,"xAdvance":15,"rect":{"x":50,"y":0,"width":15,"height":21}},"52":{"xOffset":0,"yOffset":0,"xAdvance":16,"rect":{"x":17,"y":0,"width":16,"height":21}},"53":{"xOffset":0,"yOffset":0,"xAdvance":15,"rect":{"x":66,"y":0,"width":15,"height":21}},"54":{"xOffset":0,"yOffset":0,"xAdvance":15,"rect":{"x":82,"y":0,"width":15,"height":21}},"55":{"xOffset":0,"yOffset":0,"xAdvance":15,"rect":{"x":98,"y":0,"width":15,"height":21}},"56":{"xOffset":0,"yOffset":0,"xAdvance":15,"rect":{"x":114,"y":0,"width":15,"height":21}},"57":{"xOffset":0,"yOffset":0,"xAdvance":14,"rect":{"x":130,"y":0,"width":14,"height":21}}},"kerningDict":{}}]],0,0,[0],[1],[1]]]]
