[1,["75KUipIdVPN5Ii1WTXoa07@6c48a","75KUipIdVPN5Ii1WTXoa07@f9941"],["_textureSource","spriteFrame"],["cc.SpriteFrame",["cc.BitmapFont",["_name","fontSize","fntConfig"],0]],[[1,0,1,2,4]],[[[{"name":"shuzi_mianfeicishu_0","rect":{"x":0,"y":0,"width":466,"height":276},"offset":{"x":-27.5,"y":122.5},"originalSize":{"width":521,"height":521},"rotated":false,"capInsets":[0,0,0,0],"vertices":{"rawPosition":[-233,-138,0,233,-138,0,-233,138,0,233,138,0],"indexes":[0,1,2,2,1,3],"uv":[0,521,466,521,0,245,466,245],"nuv":[0,0.47024952015355087,0.8944337811900192,0.47024952015355087,0,1,0.8944337811900192,1],"minPos":{"x":-233,"y":-138,"z":0},"maxPos":{"x":233,"y":138,"z":0}},"packable":true,"pixelsToUnit":100,"pivot":{"x":0.5,"y":0.5},"meshType":0}],[0],0,[0],[0],[0]],[[[0,"shuzi_mianfeicishu",32,{"commonHeight":32,"fontSize":32,"atlasName":"shuzi_mianfeicishu_0.png","fontDefDictionary":{"48":{"xOffset":0,"yOffset":0,"xAdvance":92,"rect":{"x":283,"y":0,"width":92,"height":138}},"49":{"xOffset":0,"yOffset":0,"xAdvance":63,"rect":{"x":351,"y":138,"width":63,"height":138}},"50":{"xOffset":0,"yOffset":0,"xAdvance":89,"rect":{"x":0,"y":138,"width":89,"height":138}},"51":{"xOffset":0,"yOffset":0,"xAdvance":87,"rect":{"x":177,"y":138,"width":87,"height":138}},"52":{"xOffset":0,"yOffset":0,"xAdvance":97,"rect":{"x":0,"y":0,"width":97,"height":138}},"53":{"xOffset":0,"yOffset":0,"xAdvance":87,"rect":{"x":264,"y":138,"width":87,"height":138}},"54":{"xOffset":0,"yOffset":0,"xAdvance":93,"rect":{"x":97,"y":0,"width":93,"height":138}},"55":{"xOffset":0,"yOffset":0,"xAdvance":88,"rect":{"x":89,"y":138,"width":88,"height":138}},"56":{"xOffset":0,"yOffset":0,"xAdvance":91,"rect":{"x":375,"y":0,"width":91,"height":138}},"57":{"xOffset":0,"yOffset":0,"xAdvance":93,"rect":{"x":190,"y":0,"width":93,"height":138}}},"kerningDict":{}}]],0,0,[0],[1],[1]]]]
