[1,["cfZ7M3Bb5AlLyToxmwOxJH@6c48a"],["_textureSource"],["cc.SpriteFrame"],0,[{"name":"icon_jinchuan","rect":{"x":2,"y":2,"width":142,"height":128},"offset":{"x":0,"y":0},"originalSize":{"width":146,"height":132},"rotated":false,"capInsets":[0,0,0,0],"vertices":{"rawPosition":[-71,-64,0,71,-64,0,-71,64,0,71,64,0],"indexes":[0,1,2,2,1,3],"uv":[2,130,144,130,2,2,144,2],"nuv":[0.0136986301369863,0.015151515151515152,0.9863013698630136,0.015151515151515152,0.0136986301369863,0.9848484848484849,0.9863013698630136,0.9848484848484849],"minPos":{"x":-71,"y":-64,"z":0},"maxPos":{"x":71,"y":64,"z":0}},"packable":true,"pixelsToUnit":100,"pivot":{"x":0.5,"y":0.5},"meshType":0}],[0],0,[0],[0],[0]]
