[1,["93RN74WwVIjY7A3PWWi0z3@6c48a"],["_textureSource"],["cc.SpriteFrame"],0,[{"name":"icon_jinniao","rect":{"x":2,"y":2,"width":150,"height":127},"offset":{"x":0,"y":0},"originalSize":{"width":154,"height":131},"rotated":false,"capInsets":[0,0,0,0],"vertices":{"rawPosition":[-75,-63.5,0,75,-63.5,0,-75,63.5,0,75,63.5,0],"indexes":[0,1,2,2,1,3],"uv":[2,129,152,129,2,2,152,2],"nuv":[0.012987012987012988,0.015267175572519083,0.987012987012987,0.015267175572519083,0.012987012987012988,0.9847328244274809,0.987012987012987,0.9847328244274809],"minPos":{"x":-75,"y":-63.5,"z":0},"maxPos":{"x":75,"y":63.5,"z":0}},"packable":true,"pixelsToUnit":100,"pivot":{"x":0.5,"y":0.5},"meshType":0}],[0],0,[0],[0],[0]]
