[1,["1c908c4c9@6c48a"],["_textureSource"],["cc.SpriteFrame","cc.SpriteAtlas"],0,[[[{"name":"3x","rect":{"x":949,"y":805,"width":85,"height":58},"offset":{"x":0,"y":0},"originalSize":{"width":85,"height":58},"rotated":true,"capInsets":[0,0,0,0],"packable":true,"pixelsToUnit":100,"pivot":{"x":0.5,"y":0.5},"meshType":0}],[0],0,[0],[0],[0]],[[{"name":"guizi_aj_ye_1","rect":{"x":3,"y":984,"width":30,"height":28},"offset":{"x":0,"y":0},"originalSize":{"width":30,"height":28},"rotated":false,"capInsets":[0,0,0,0],"packable":true,"pixelsToUnit":100,"pivot":{"x":0.5,"y":0.5},"meshType":0}],[0],0,[0],[0],[0]],[[{"name":"icon_common_gold","rect":{"x":438,"y":937,"width":39,"height":42},"offset":{"x":0,"y":0},"originalSize":{"width":39,"height":42},"rotated":true,"capInsets":[0,0,0,0],"packable":true,"pixelsToUnit":100,"pivot":{"x":0.5,"y":0.5},"meshType":0}],[0],0,[0],[0],[0]],[[{"name":"btn_aj_guizi_up","rect":{"x":859,"y":907,"width":54,"height":71},"offset":{"x":0,"y":0},"originalSize":{"width":54,"height":71},"rotated":false,"capInsets":[0,0,0,0],"packable":true,"pixelsToUnit":100,"pivot":{"x":0.5,"y":0.5},"meshType":0}],[0],0,[0],[0],[0]],[[{"name":"icon_dt_loading_1","rect":{"x":3,"y":907,"width":772,"height":24},"offset":{"x":0,"y":0},"originalSize":{"width":772,"height":24},"rotated":false,"capInsets":[11,0,11,0],"packable":true,"pixelsToUnit":100,"pivot":{"x":0.5,"y":0.5},"meshType":0}],[0],0,[0],[0],[0]],[[{"name":"btn_aj_guizi_fanye","rect":{"x":293,"y":937,"width":54,"height":71},"offset":{"x":0,"y":0},"originalSize":{"width":54,"height":71},"rotated":true,"capInsets":[0,0,0,0],"packable":true,"pixelsToUnit":100,"pivot":{"x":0.5,"y":0.5},"meshType":0}],[0],0,[0],[0],[0]],[[{"name":"egyptImg_autoAtlas","spriteFrames":["guizi_aj_4","fdswGQ8BBCUYsLGF/lbM3Q@f9941","guizi_aj_3","ffEnaeEoVEdpPrKoihX6Vl@f9941","icon_dt_loading_0","e8HRbYfq5OWZMtqpmHF3rb@f9941","3x","1bfoRA29lJMq5GPLeypFz8@f9941","2x","cbHZDzqedBh6AwESmQiT5w@f9941","icon_dt_loading_1","60phwbhEpEl7L8+nU8dEoA@f9941","btn_aj_guizi_off","dc5tdV1IhHUq2Hvh1lTt1H@f9941","btn_aj_guizi_up","492Ka2g5RK5YzBxLzSEIf6@f9941","zi_aj_guize_title","d8etWfMI9EjpsXBSzUJI2F@f9941","btn_aj_guizi_fanye","64KAdCiE9LVa+7Y6ErRPdW@f9941","guizi_aj_ye_1","3eNN3i4KBKArtZAnphHb9B@f9941","guizi_aj_ye_0","d0rliPbjFIYqBy9sWs/3e0@f9941","btn_off","8cetjt+JtKJJ2xzXe3ucUG@f9941","icon_common_gold","49xdqKNPtPl6sdOWZQYeTC@f9941","guizi_aj_2","1cg9GUkrBEhJ+eCzlhXZ3X@f9941"]}],[1],0,[],[],[]],[[{"name":"btn_off","rect":{"x":370,"y":937,"width":62,"height":62},"offset":{"x":0,"y":0},"originalSize":{"width":62,"height":62},"rotated":false,"capInsets":[0,0,0,0],"packable":true,"pixelsToUnit":100,"pivot":{"x":0.5,"y":0.5},"meshType":0}],[0],0,[0],[0],[0]],[[{"name":"2x","rect":{"x":949,"y":896,"width":85,"height":56},"offset":{"x":0,"y":0},"originalSize":{"width":85,"height":56},"rotated":true,"capInsets":[0,0,0,0],"packable":true,"pixelsToUnit":100,"pivot":{"x":0.5,"y":0.5},"meshType":0}],[0],0,[0],[0],[0]],[[{"name":"guizi_aj_ye_0","rect":{"x":39,"y":984,"width":30,"height":28},"offset":{"x":0,"y":0},"originalSize":{"width":30,"height":28},"rotated":false,"capInsets":[0,0,0,0],"packable":true,"pixelsToUnit":100,"pivot":{"x":0.5,"y":0.5},"meshType":0}],[0],0,[0],[0],[0]],[[{"name":"zi_aj_guize_title","rect":{"x":3,"y":937,"width":284,"height":41},"offset":{"x":0,"y":0},"originalSize":{"width":284,"height":41},"rotated":false,"capInsets":[0,0,0,0],"packable":true,"pixelsToUnit":100,"pivot":{"x":0.5,"y":0.5},"meshType":0}],[0],0,[0],[0],[0]],[[{"name":"btn_aj_guizi_off","rect":{"x":781,"y":907,"width":67,"height":72},"offset":{"x":0,"y":0},"originalSize":{"width":67,"height":72},"rotated":true,"capInsets":[0,0,0,0],"packable":true,"pixelsToUnit":100,"pivot":{"x":0.5,"y":0.5},"meshType":0}],[0],0,[0],[0],[0]],[[{"name":"icon_dt_loading_0","rect":{"x":949,"y":3,"width":796,"height":48},"offset":{"x":0,"y":0},"originalSize":{"width":796,"height":48},"rotated":true,"capInsets":[0,0,0,0],"packable":true,"pixelsToUnit":100,"pivot":{"x":0.5,"y":0.5},"meshType":0}],[0],0,[0],[0],[0]],[[{"name":"guizi_aj_4","rect":{"x":3,"y":3,"width":940,"height":452},"offset":{"x":0,"y":0},"originalSize":{"width":940,"height":452},"rotated":false,"capInsets":[0,0,0,0],"packable":true,"pixelsToUnit":100,"pivot":{"x":0.5,"y":0.5},"meshType":0}],[0],0,[0],[0],[0]],[[{"name":"guizi_aj_3","rect":{"x":3,"y":461,"width":940,"height":440},"offset":{"x":0,"y":0},"originalSize":{"width":940,"height":440},"rotated":false,"capInsets":[0,0,0,0],"packable":true,"pixelsToUnit":100,"pivot":{"x":0.5,"y":0.5},"meshType":0}],[0],0,[0],[0],[0]]]]
