[1,["6cJjxjpQtKeaZBvrihKfnD@6c48a"],0,[["sp.SkeletonData",["_name","_atlasText","textureNames","_skeletonJson","textures"],-1,3]],[[0,0,1,2,3,4,5]],[[0,"skeleton","\r\nskeleton.png\r\nsize: 128,128\r\nformat: RGBA8888\r\nfilter: Linear,Linear\r\nrepeat: none\r\nicon_gxfc_tubiao_bianpao@2x\r\n  rotate: false\r\n  xy: 2, 2\r\n  size: 121, 121\r\n  orig: 121, 121\r\n  offset: 0, 0\r\n  index: -1\r\n",["skeleton.png"],{"skeleton":{"hash":"tLZ5FvtzE75q04bLy30FlbDi4/4","spine":"3.8.99","images":"E:/新版UI/恭喜发财/切图/游戏/图标","audio":""},"bones":[{"name":"root"}],"slots":[{"name":"icon_gxfc_tubiao_bianpao@2x","bone":"root","attachment":"icon_gxfc_tubiao_bianpao@2x"}],"skins":[{"name":"default","attachments":{"icon_gxfc_tubiao_bianpao@2x":{"icon_gxfc_tubiao_bianpao@2x":{"width":121,"height":121}}}}],"animations":{"animation":{}}},[0]]],0,0,[0],[-1],[0]]
