[1,["09p0G+xBlOkY1QJDDPRkIG@6c48a"],["_textureSource"],["cc.SpriteFrame"],0,[{"name":"10","rect":{"x":2,"y":2,"width":116,"height":92},"offset":{"x":-4,"y":16},"originalSize":{"width":128,"height":128},"rotated":false,"capInsets":[0,0,0,0],"vertices":{"rawPosition":[-58,-46,0,58,-46,0,-58,46,0,58,46,0],"indexes":[0,1,2,2,1,3],"uv":[2,126,118,126,2,34,118,34],"nuv":[0.015625,0.265625,0.921875,0.265625,0.015625,0.984375,0.921875,0.984375],"minPos":{"x":-58,"y":-46,"z":0},"maxPos":{"x":58,"y":46,"z":0}},"packable":true,"pixelsToUnit":100,"pivot":{"x":0.5,"y":0.5},"meshType":0}],[0],0,[0],[0],[0]]
