[1,["d0TSB8NYxMIIzD7w+kWBxy@6c48a"],["_textureSource"],["cc.SpriteFrame"],0,[{"name":"a","rect":{"x":0,"y":0,"width":107,"height":94},"offset":{"x":0,"y":0},"originalSize":{"width":107,"height":94},"rotated":false,"capInsets":[0,0,0,0],"vertices":{"rawPosition":[-53.5,-47,0,53.5,-47,0,-53.5,47,0,53.5,47,0],"indexes":[0,1,2,2,1,3],"uv":[0,94,107,94,0,0,107,0],"nuv":[0,0,1,0,0,1,1,1],"minPos":{"x":-53.5,"y":-47,"z":0},"maxPos":{"x":53.5,"y":47,"z":0}},"packable":true,"pixelsToUnit":100,"pivot":{"x":0.5,"y":0.5},"meshType":0}],[0],0,[0],[0],[0]]
