[1,["f0f47a30-e65d-4a81-b228-c4e465c2e33e@6c48a"],["_textureSource"],["cc.SpriteFrame"],0,[{"name":"wild","rect":{"x":0,"y":0,"width":131,"height":135},"offset":{"x":0,"y":0},"originalSize":{"width":131,"height":135},"rotated":false,"capInsets":[0,0,0,0],"vertices":{"rawPosition":[-65.5,-67.5,0,65.5,-67.5,0,-65.5,67.5,0,65.5,67.5,0],"indexes":[0,1,2,2,1,3],"uv":[0,135,131,135,0,0,131,0],"nuv":[0,0,1,0,0,1,1,1],"minPos":{"x":-65.5,"y":-67.5,"z":0},"maxPos":{"x":65.5,"y":67.5,"z":0}},"packable":true,"pixelsToUnit":100,"pivot":{"x":0.5,"y":0.5},"meshType":0}],[0],0,[0],[0],[0]]
