[1,["f41e0a9f-9cc0-4165-8b0e-7c86762a0881@6c48a"],["_textureSource"],["cc.SpriteFrame"],0,[{"name":"caisheng","rect":{"x":16,"y":2,"width":959,"height":979},"offset":{"x":-16.5,"y":20.5},"originalSize":{"width":1024,"height":1024},"rotated":false,"capInsets":[0,0,0,0],"vertices":{"rawPosition":[-479.5,-489.5,0,479.5,-489.5,0,-479.5,489.5,0,479.5,489.5,0],"indexes":[0,1,2,2,1,3],"uv":[16,1022,975,1022,16,43,975,43],"nuv":[0.015625,0.0419921875,0.9521484375,0.0419921875,0.015625,0.998046875,0.9521484375,0.998046875],"minPos":{"x":-479.5,"y":-489.5,"z":0},"maxPos":{"x":479.5,"y":489.5,"z":0}},"packable":true,"pixelsToUnit":100,"pivot":{"x":0.5,"y":0.5},"meshType":0}],[0],0,[0],[0],[0]]
