[1,["71I/r8pnVN0pj/PJLF1RON@6c48a","d95zGPtkJOUaJ+UZ/xxwlz@6c48a","dccuoLdVNPXa0P+VRT9Id5@6c48a"],0,[["sp.SkeletonData",["_name","_atlasText","textureNames","_skeletonJson","textures"],-1,3]],[[0,0,1,2,3,4,5]],[[0,"skeletonb","\r\nskeletonb.png\r\nsize: 1024,1024\r\nformat: RGBA8888\r\nfilter: Linear,Linear\r\nrepeat: none\r\nLZTB_lansehuoyandakuang000\r\n  rotate: false\r\n  xy: 2, 578\r\n  size: 227, 345\r\n  orig: 227, 345\r\n  offset: 0, 0\r\n  index: -1\r\nLZTB_lansehuoyandakuang001\r\n  rotate: false\r\n  xy: 2, 231\r\n  size: 227, 345\r\n  orig: 227, 345\r\n  offset: 0, 0\r\n  index: -1\r\nLZTB_lansehuoyandakuang002\r\n  rotate: false\r\n  xy: 231, 578\r\n  size: 227, 345\r\n  orig: 227, 345\r\n  offset: 0, 0\r\n  index: -1\r\nLZTB_lansehuoyandakuang003\r\n  rotate: false\r\n  xy: 231, 231\r\n  size: 227, 345\r\n  orig: 227, 345\r\n  offset: 0, 0\r\n  index: -1\r\nLZTB_lansehuoyandakuang004\r\n  rotate: true\r\n  xy: 2, 2\r\n  size: 227, 345\r\n  orig: 227, 345\r\n  offset: 0, 0\r\n  index: -1\r\nLZTB_lansehuoyandakuang005\r\n  rotate: false\r\n  xy: 460, 578\r\n  size: 227, 345\r\n  orig: 227, 345\r\n  offset: 0, 0\r\n  index: -1\r\nLZTB_lansehuoyandakuang006\r\n  rotate: false\r\n  xy: 460, 231\r\n  size: 227, 345\r\n  orig: 227, 345\r\n  offset: 0, 0\r\n  index: -1\r\nLZTB_lansehuoyandakuang007\r\n  rotate: false\r\n  xy: 689, 578\r\n  size: 227, 345\r\n  orig: 227, 345\r\n  offset: 0, 0\r\n  index: -1\r\nLZTB_lansehuoyandakuang008\r\n  rotate: false\r\n  xy: 689, 231\r\n  size: 227, 345\r\n  orig: 227, 345\r\n  offset: 0, 0\r\n  index: -1\r\nLZTB_lansehuoyandakuang009\r\n  rotate: true\r\n  xy: 349, 2\r\n  size: 227, 345\r\n  orig: 227, 345\r\n  offset: 0, 0\r\n  index: -1\r\n\r\nskeletonb2.png\r\nsize: 1024,1024\r\nformat: RGBA8888\r\nfilter: Linear,Linear\r\nrepeat: none\r\nLZTB_lansehuoyandakuang010\r\n  rotate: false\r\n  xy: 2, 578\r\n  size: 227, 345\r\n  orig: 227, 345\r\n  offset: 0, 0\r\n  index: -1\r\nLZTB_lansehuoyandakuang011\r\n  rotate: false\r\n  xy: 2, 231\r\n  size: 227, 345\r\n  orig: 227, 345\r\n  offset: 0, 0\r\n  index: -1\r\nLZTB_lansehuoyandakuang012\r\n  rotate: false\r\n  xy: 231, 578\r\n  size: 227, 345\r\n  orig: 227, 345\r\n  offset: 0, 0\r\n  index: -1\r\nLZTB_lansehuoyandakuang013\r\n  rotate: false\r\n  xy: 231, 231\r\n  size: 227, 345\r\n  orig: 227, 345\r\n  offset: 0, 0\r\n  index: -1\r\nLZTB_lansehuoyandakuang014\r\n  rotate: true\r\n  xy: 2, 2\r\n  size: 227, 345\r\n  orig: 227, 345\r\n  offset: 0, 0\r\n  index: -1\r\nLZTB_lansehuoyandakuang015\r\n  rotate: false\r\n  xy: 460, 578\r\n  size: 227, 345\r\n  orig: 227, 345\r\n  offset: 0, 0\r\n  index: -1\r\nLZTB_lansehuoyandakuang016\r\n  rotate: false\r\n  xy: 460, 231\r\n  size: 227, 345\r\n  orig: 227, 345\r\n  offset: 0, 0\r\n  index: -1\r\nLZTB_lansehuoyandakuang017\r\n  rotate: false\r\n  xy: 689, 578\r\n  size: 227, 345\r\n  orig: 227, 345\r\n  offset: 0, 0\r\n  index: -1\r\nLZTB_lansehuoyandakuang018\r\n  rotate: false\r\n  xy: 689, 231\r\n  size: 227, 345\r\n  orig: 227, 345\r\n  offset: 0, 0\r\n  index: -1\r\nLZTB_lansehuoyandakuang019\r\n  rotate: true\r\n  xy: 349, 2\r\n  size: 227, 345\r\n  orig: 227, 345\r\n  offset: 0, 0\r\n  index: -1\r\n\r\nskeletonb3.png\r\nsize: 1024,1024\r\nformat: RGBA8888\r\nfilter: Linear,Linear\r\nrepeat: none\r\nLZTB_lansehuoyandakuang020\r\n  rotate: false\r\n  xy: 2, 578\r\n  size: 227, 345\r\n  orig: 227, 345\r\n  offset: 0, 0\r\n  index: -1\r\nLZTB_lansehuoyandakuang021\r\n  rotate: false\r\n  xy: 2, 231\r\n  size: 227, 345\r\n  orig: 227, 345\r\n  offset: 0, 0\r\n  index: -1\r\nLZTB_lansehuoyandakuang022\r\n  rotate: false\r\n  xy: 231, 578\r\n  size: 227, 345\r\n  orig: 227, 345\r\n  offset: 0, 0\r\n  index: -1\r\nLZTB_lansehuoyandakuang023\r\n  rotate: false\r\n  xy: 231, 231\r\n  size: 227, 345\r\n  orig: 227, 345\r\n  offset: 0, 0\r\n  index: -1\r\nLZTB_lansehuoyandakuang024\r\n  rotate: true\r\n  xy: 2, 2\r\n  size: 227, 345\r\n  orig: 227, 345\r\n  offset: 0, 0\r\n  index: -1\r\nLZTB_lansehuoyandakuang025\r\n  rotate: false\r\n  xy: 460, 578\r\n  size: 227, 345\r\n  orig: 227, 345\r\n  offset: 0, 0\r\n  index: -1\r\nLZTB_lansehuoyandakuang026\r\n  rotate: false\r\n  xy: 460, 231\r\n  size: 227, 345\r\n  orig: 227, 345\r\n  offset: 0, 0\r\n  index: -1\r\n",["skeletonb.png","skeletonb2.png","skeletonb3.png"],{"skeleton":{"hash":"1HCkjmNIWaeRt4UF+ycGZnItA1M","spine":"3.6.53","width":227,"height":345,"images":""},"bones":[{"name":"root"}],"slots":[{"name":"lanyandakuang","bone":"root","attachment":"LZTB_lansehuoyandakuang026","blend":"screen"}],"skins":{"default":{"lanyandakuang":{"LZTB_lansehuoyandakuang000":{"width":227,"height":345},"LZTB_lansehuoyandakuang001":{"width":227,"height":345},"LZTB_lansehuoyandakuang002":{"width":227,"height":345},"LZTB_lansehuoyandakuang003":{"width":227,"height":345},"LZTB_lansehuoyandakuang004":{"width":227,"height":345},"LZTB_lansehuoyandakuang005":{"width":227,"height":345},"LZTB_lansehuoyandakuang006":{"width":227,"height":345},"LZTB_lansehuoyandakuang007":{"width":227,"height":345},"LZTB_lansehuoyandakuang008":{"width":227,"height":345},"LZTB_lansehuoyandakuang009":{"width":227,"height":345},"LZTB_lansehuoyandakuang010":{"width":227,"height":345},"LZTB_lansehuoyandakuang011":{"width":227,"height":345},"LZTB_lansehuoyandakuang012":{"width":227,"height":345},"LZTB_lansehuoyandakuang013":{"width":227,"height":345},"LZTB_lansehuoyandakuang014":{"width":227,"height":345},"LZTB_lansehuoyandakuang015":{"width":227,"height":345},"LZTB_lansehuoyandakuang016":{"width":227,"height":345},"LZTB_lansehuoyandakuang017":{"width":227,"height":345},"LZTB_lansehuoyandakuang018":{"width":227,"height":345},"LZTB_lansehuoyandakuang019":{"width":227,"height":345},"LZTB_lansehuoyandakuang020":{"width":227,"height":345},"LZTB_lansehuoyandakuang021":{"width":227,"height":345},"LZTB_lansehuoyandakuang022":{"width":227,"height":345},"LZTB_lansehuoyandakuang023":{"width":227,"height":345},"LZTB_lansehuoyandakuang024":{"width":227,"height":345},"LZTB_lansehuoyandakuang025":{"width":227,"height":345},"LZTB_lansehuoyandakuang026":{"width":227,"height":345}}}},"animations":{"animation":{"slots":{"lanyandakuang":{"attachment":[{"time":0,"name":"LZTB_lansehuoyandakuang000"},{"time":0.0333,"name":"LZTB_lansehuoyandakuang001"},{"time":0.0667,"name":"LZTB_lansehuoyandakuang002"},{"time":0.1,"name":"LZTB_lansehuoyandakuang003"},{"time":0.1333,"name":"LZTB_lansehuoyandakuang004"},{"time":0.1667,"name":"LZTB_lansehuoyandakuang005"},{"time":0.2,"name":"LZTB_lansehuoyandakuang006"},{"time":0.2333,"name":"LZTB_lansehuoyandakuang007"},{"time":0.2667,"name":"LZTB_lansehuoyandakuang008"},{"time":0.3,"name":"LZTB_lansehuoyandakuang009"},{"time":0.3333,"name":"LZTB_lansehuoyandakuang010"},{"time":0.3667,"name":"LZTB_lansehuoyandakuang011"},{"time":0.4,"name":"LZTB_lansehuoyandakuang012"},{"time":0.4333,"name":"LZTB_lansehuoyandakuang013"},{"time":0.4667,"name":"LZTB_lansehuoyandakuang014"},{"time":0.5,"name":"LZTB_lansehuoyandakuang015"},{"time":0.5333,"name":"LZTB_lansehuoyandakuang016"},{"time":0.5667,"name":"LZTB_lansehuoyandakuang017"},{"time":0.6,"name":"LZTB_lansehuoyandakuang018"},{"time":0.6333,"name":"LZTB_lansehuoyandakuang019"},{"time":0.6667,"name":"LZTB_lansehuoyandakuang020"},{"time":0.7,"name":"LZTB_lansehuoyandakuang021"},{"time":0.7333,"name":"LZTB_lansehuoyandakuang022"},{"time":0.7667,"name":"LZTB_lansehuoyandakuang023"},{"time":0.8,"name":"LZTB_lansehuoyandakuang024"},{"time":0.8333,"name":"LZTB_lansehuoyandakuang025"},{"time":0.8667,"name":"LZTB_lansehuoyandakuang026"}]}}}}},[0,1,2]]],0,0,[0,0,0],[-1,-2,-3],[0,1,2]]
