[1,["20g1ukYUVPvKWKBRznAKo+@f9941","54TknWPwVPqJqeCR+Y/Czo@f9941","95EkngnxZFbYuFpsqVTaFr@f9941","bdG8q6vX1KcbFDmXyII4Pk@f9941","bdG8q6vX1KcbFDmXyII4Pk@6c48a"],["node","_spriteFrame","_target","_normalSprite","_hoverSprite","_pressedSprite","_disabledSprite","_textureSource","root","_placeholderLabel","_textLabel","data","_backgroundImage"],[["cc.Node",["_name","_objFlags","_layer","_components","_prefab","_children","_lpos","_parent"],0,9,4,2,5,1],["cc.Label",["_string","_actualFontSize","_fontSize","_overflow","_enableWrapText","_horizontalAlign","node","__prefab","_color"],-3,1,4,5],["cc.Node",["_name","_layer","_active","_parent","_components","_prefab","_lpos"],0,1,12,4,5],["cc.UITransform",["node","__prefab","_contentSize","_anchorPoint"],3,1,4,5,5],"cc.SpriteFrame",["cc.Prefab",["_name"],2],["cc.CompPrefabInfo",["fileId"],2],["cc.PrefabInfo",["fileId","instance","targetOverrides","nestedPrefabInstanceRoots","root","asset"],-1,1,1],["cc.Sprite",["_type","_sizeMode","node","__prefab","_spriteFrame"],1,1,4,6],["cc.Button",["_transition","node","__prefab","_normalColor","_target","_normalSprite","_hoverSprite","_pressedSprite","_disabledSprite"],2,1,4,5,1,6,6,6,6],["cc.EditBox",["_inputMode","_maxLength","node","__prefab","_textLabel","_placeholderLabel","_backgroundImage"],1,1,4,1,1,6]],[[6,0,2],[7,0,1,2,3,4,5,5],[3,0,1,2,1],[0,0,7,5,3,4,6,2],[8,0,1,2,3,4,3],[0,0,1,2,7,3,4,4],[9,0,1,2,3,4,5,6,7,8,2],[1,0,1,2,3,4,6,7,8,6],[3,0,1,2,3,1],[5,0,2],[0,0,5,3,4,6,2],[2,0,2,1,3,4,5,6,4],[2,0,1,3,4,5,6,3],[10,0,1,2,3,4,5,6,3],[1,0,5,1,2,3,4,6,7,7],[1,0,5,1,2,3,4,6,7,8,7]],[[[{"name":"default_editbox_bg","rect":{"x":0,"y":0,"width":40,"height":40},"offset":{"x":0,"y":0},"originalSize":{"width":40,"height":40},"rotated":false,"capInsets":[12,12,12,12],"vertices":{"rawPosition":[-20,-20,0,20,-20,0,-20,20,0,20,20,0],"indexes":[0,1,2,2,1,3],"uv":[0,40,40,40,0,0,40,0],"nuv":[0,0,1,0,0,1,1,1],"minPos":{"x":-20,"y":-20,"z":0},"maxPos":{"x":20,"y":20,"z":0}},"packable":true,"pixelsToUnit":100,"pivot":{"x":0.5,"y":0.5},"meshType":0}],[4],0,[0],[7],[4]],[[[9,"prefabs_domino_test"],[10,"prefabs_domino_test",[-3,-4,-5,-6,-7,-8,-9,-10,-11,-12,-13],[[2,-2,[0,"fdZz/fOwJEaYGK4Z+bmUnF"],[5,70,133]]],[1,"c46/YsCPVOJYA4mWEpNYRx",null,null,null,-1,0],[1,0,2.166,0]],[3,"props_btn_room_info",1,[-18],[[2,-14,[0,"edbliTP+5Ctp/EUVAS149y"],[5,100,40]],[4,1,0,-15,[0,"e4Wg/rUXNFNZkIbC5CfAV+"],0],[6,2,-17,[0,"92hwdyx9tG86S5I92or5LK"],[4,4292269782],-16,1,2,3,4]],[1,"54p82p9K1IcKZNeSwoWPfJ",null,null,null,1,0],[1,-719.94,203.999,0]],[3,"props_btn_enter_room",1,[-23],[[2,-19,[0,"75GyVncClBz4VZGSF9s8kV"],[5,100,40]],[4,1,0,-20,[0,"b0DYYSJ3NDV5qxrFGyPvzX"],5],[6,2,-22,[0,"7445PAdqBKepaOEtNqjWt0"],[4,4292269782],-21,6,7,8,9]],[1,"f66OJIECVAAL7mzvd6Rh30",null,null,null,1,0],[1,-719.94,140.401,0]],[3,"props_btn_ready",1,[-28],[[2,-24,[0,"d5g7IRiOxLZJDx4K70fHb1"],[5,100,40]],[4,1,0,-25,[0,"4fTYeY/41OyaHH751G6oBk"],10],[6,2,-27,[0,"45HOrxBUtPGKoWTQqYEqiA"],[4,4292269782],-26,11,12,13,14]],[1,"9aCxNi3NhC24SeoP/SEDCK",null,null,null,1,0],[1,-719.94,78.566,0]],[3,"props_btn_myready",1,[-33],[[2,-29,[0,"90t8bKTbZHBJbIegH8u9oi"],[5,100,40]],[4,1,0,-30,[0,"1bM+xiN2BL3p8JKMk2oZES"],15],[6,2,-32,[0,"72EXyrGWVEjqVZrFAhz2sh"],[4,4292269782],-31,16,17,18,19]],[1,"c1SBjlRuVHH7XMr/ArJa3n",null,null,null,1,0],[1,-719.94,14.968,0]],[3,"props_btn_beginGame",1,[-38],[[2,-34,[0,"49MTlak95HzpsEI2D27kC5"],[5,100,40]],[4,1,0,-35,[0,"6aUkzye8VFkabYW+ogowtN"],20],[6,2,-37,[0,"2f5sE+2/VMcq5VnBCEpF9u"],[4,4292269782],-36,21,22,23,24]],[1,"1f4H0tNO1Pm7EEiAp28nNt",null,null,null,1,0],[1,-719.94,-49.092,0]],[3,"props_btn_fapai",1,[-43],[[2,-39,[0,"38thRQhltI/q30mOldWln/"],[5,100,40]],[4,1,0,-40,[0,"50txjw9pZDd7BSwaqyZ2nu"],25],[6,2,-42,[0,"40jcqgQnlJG7dUlzZS2NQu"],[4,4292269782],-41,26,27,28,29]],[1,"8cBECC3z5L5I//3bzbd+NM",null,null,null,1,0],[1,-719.94,-104.62,0]],[3,"props_btn_begin_chupai",1,[-48],[[2,-44,[0,"03K8b7brlCVIQFOcMRVutV"],[5,100,40]],[4,1,0,-45,[0,"b71U9QeWZA+KFLovK4xV/e"],30],[6,2,-47,[0,"08bVmU6LlOUI9qpRY1BLIW"],[4,4292269782],-46,31,32,33,34]],[1,"d6FOehiV9IIYci4+UNJn3z",null,null,null,1,0],[1,-719.94,-162.459,0]],[3,"props_btn_otherChuPai",1,[-53],[[2,-49,[0,"d6hTEruIJOdorMtjSRe+gS"],[5,100,40]],[4,1,0,-50,[0,"12OJRn/blIFLQ9nvoCv3iK"],35],[6,2,-52,[0,"24GeY8m9pDv4pFgfLY/t3O"],[4,4292269782],-51,36,37,38,39]],[1,"5abaZ52btG5LkYOBK11w6b",null,null,null,1,0],[1,-719.94,-216.904,0]],[3,"props_btn_editBox",1,[-59,-60],[[2,-54,[0,"19eIJMH5BFcoUBY+CiK1bA"],[5,160,40]],[4,1,0,-55,[0,"0cifxcBadDw5HQxdAwrtRe"],40],[13,6,8,-58,[0,"cb4OoPhhlLlq4aVhALURgU"],-57,-56,41]],[1,"6aNKUhHJ9DIZDINaAm/ruD",null,null,null,1,0],[1,-688.372,-265.116,0]],[3,"props_btn_balance",1,[-65],[[2,-61,[0,"ecKh33i2RLf48B0qaf0K78"],[5,100,40]],[4,1,0,-62,[0,"ecBfb7GiJPkJ3xguW+bdc9"],42],[6,2,-64,[0,"b4n1WeoztL5KWFaOMqsBh1"],[4,4292269782],-63,43,44,45,46]],[1,"f9rBLCKqRLwYYhOlmSHDpc",null,null,null,1,0],[1,-610.909,203.999,0]],[3,"props_btn_flyGold",1,[-70],[[2,-66,[0,"032ERNMa1NJ5DFu/rH5GAz"],[5,100,40]],[4,1,0,-67,[0,"7dfrlL4p5DnpTsmQ2rqRFs"],47],[6,2,-69,[0,"12K7BTNGxHrLSLyBqU+1L6"],[4,4292269782],-68,48,49,50,51]],[1,"08kOqgU5NHsrVw1TOJQOi/",null,null,null,1,0],[1,-610.909,143.576,0]],[5,"Label",512,33554432,2,[[2,-71,[0,"a0uw2wNtJNUJkCicsRQJes"],[5,100,40]],[7,"房间信息",20,20,1,false,-72,[0,"28w2W9LUZKyaAUSvNVBxnJ"],[4,4278190080]]],[1,"b8n+jjf8RF3oZ/JiTzzYyQ",null,null,null,1,0]],[5,"Label",512,33554432,3,[[2,-73,[0,"9cPuft7/5A35qZndNSxTTc"],[5,100,40]],[7,"进入房间",20,20,1,false,-74,[0,"a5zmwzwDxD4pLg5bVTXhgi"],[4,4278190080]]],[1,"20g0E6C95LzLAEtOMwVnOO",null,null,null,1,0]],[5,"Label",512,33554432,4,[[2,-75,[0,"75ritLNVFNZJwr31G9FX7l"],[5,100,40]],[7,"其他准备",20,20,1,false,-76,[0,"be4q5FkoNE+pWqe9bby0Yh"],[4,4278190080]]],[1,"e8E+Kj90BC/rx8rnpMWX9a",null,null,null,1,0]],[5,"Label",512,33554432,5,[[2,-77,[0,"45yAtAK9tKjbMrrbaQdfnT"],[5,100,40]],[7,"自己准备",20,20,1,false,-78,[0,"8fzZibndhHZKYqP314D7v8"],[4,4278190080]]],[1,"deDrtbxGNJfZC1Qc4vhRWi",null,null,null,1,0]],[5,"Label",512,33554432,6,[[2,-79,[0,"04NxRdLU5O87pA9P+rmGJI"],[5,100,40]],[7,"开始游戏",20,20,1,false,-80,[0,"f6A3SzDkFHTaVhWUToBub9"],[4,4278190080]]],[1,"22lmPEqpNAGqgcwN4FJMzB",null,null,null,1,0]],[5,"Label",512,33554432,7,[[2,-81,[0,"fac7B9dtFDZJU8HBa+Xe75"],[5,100,40]],[7,"发牌",20,20,1,false,-82,[0,"9czIGqNcdLsLHqPnRNkfSr"],[4,4278190080]]],[1,"64TGR2ZxxITKrfLLrMvtCi",null,null,null,1,0]],[5,"Label",512,33554432,8,[[2,-83,[0,"41kRhsOYhJHaaWmWAIABhm"],[5,100,40]],[7,"开始出牌",20,20,1,false,-84,[0,"621mJ4OfVDy72wFC7s9wbu"],[4,4278190080]]],[1,"236vQi/etH2pCP/A5SUXjH",null,null,null,1,0]],[5,"Label",512,33554432,9,[[2,-85,[0,"4ar0Rd7HNPhpNJPfmgJhdZ"],[5,100,40]],[7,"其他出牌",20,20,1,false,-86,[0,"03+N8DklxPE6rh3mjwtFPe"],[4,4278190080]]],[1,"47aLDI6vVDypt9QMghi29J",null,null,null,1,0]],[11,"TEXT_LABEL",false,33554432,10,[[[8,-87,[0,"7fwcm+ZNJER46m/Er/z3v8"],[5,158,40],[0,0,1]],-88],4,1],[1,"d6nKweQhJOV5hRiXQDsJSC",null,null,null,1,0],[1,-78,20,0]],[12,"PLACEHOLDER_LABEL",33554432,10,[[[8,-89,[0,"a1a3LvI0RHpZbYssv6I2Yn"],[5,158,40],[0,0,1]],-90],4,1],[1,"02IwMmG49MorPEgT5IsgPt",null,null,null,1,0],[1,-78,20,0]],[5,"Label",512,33554432,11,[[2,-91,[0,"623fVp7b5IwJtv4iYLM+Hq"],[5,100,40]],[7,"结算",20,20,1,false,-92,[0,"9a+ppY1S1DUYZA7NYNMbVI"],[4,4278190080]]],[1,"43NeHEuKVDAJPMVvk2PoI/",null,null,null,1,0]],[5,"Label",512,33554432,12,[[2,-93,[0,"72mOuLnY1E7qUJXT98h+/a"],[5,100,40]],[7,"飞金币",20,20,1,false,-94,[0,"30as0uSNxL37BqeOzkhK/B"],[4,4278190080]]],[1,"89G0hYR11CYbYA1ImE3vOn",null,null,null,1,0]],[14,"",0,40,20,1,false,21,[0,"3fiRG63ChE07JAAbtxqmK1"]],[15,"Enter text here...",0,20,20,1,false,22,[0,"77aTz7MG9DDpsW4YCEE3+P"],[4,4290493371]]],0,[0,8,1,0,0,1,0,-1,2,0,-2,3,0,-3,4,0,-4,5,0,-5,6,0,-6,7,0,-7,8,0,-8,9,0,-9,10,0,-10,11,0,-11,12,0,0,2,0,0,2,0,2,2,0,0,2,0,-1,13,0,0,3,0,0,3,0,2,3,0,0,3,0,-1,14,0,0,4,0,0,4,0,2,4,0,0,4,0,-1,15,0,0,5,0,0,5,0,2,5,0,0,5,0,-1,16,0,0,6,0,0,6,0,2,6,0,0,6,0,-1,17,0,0,7,0,0,7,0,2,7,0,0,7,0,-1,18,0,0,8,0,0,8,0,2,8,0,0,8,0,-1,19,0,0,9,0,0,9,0,2,9,0,0,9,0,-1,20,0,0,10,0,0,10,0,9,26,0,10,25,0,0,10,0,-1,21,0,-2,22,0,0,11,0,0,11,0,2,11,0,0,11,0,-1,23,0,0,12,0,0,12,0,2,12,0,0,12,0,-1,24,0,0,13,0,0,13,0,0,14,0,0,14,0,0,15,0,0,15,0,0,16,0,0,16,0,0,17,0,0,17,0,0,18,0,0,18,0,0,19,0,0,19,0,0,20,0,0,20,0,0,21,0,-2,25,0,0,22,0,-2,26,0,0,23,0,0,23,0,0,24,0,0,24,0,11,1,94],[0,0,0,0,0,0,0,0,0,0,0,0,0,0,0,0,0,0,0,0,0,0,0,0,0,0,0,0,0,0,0,0,0,0,0,0,0,0,0,0,0,0,0,0,0,0,0,0,0,0,0,0],[1,3,4,5,6,1,3,4,5,6,1,3,4,5,6,1,3,4,5,6,1,3,4,5,6,1,3,4,5,6,1,3,4,5,6,1,3,4,5,6,1,12,1,3,4,5,6,1,3,4,5,6],[0,0,0,1,2,0,0,0,1,2,0,0,0,1,2,0,0,0,1,2,0,0,0,1,2,0,0,0,1,2,0,0,0,1,2,0,0,0,1,2,3,3,0,0,0,1,2,0,0,0,1,2]]]]
