[1,["d3jn/pztBGbY/DGW/iGPw7@6c48a"],["_textureSource"],["cc.SpriteFrame"],0,[{"name":"icon_chuan","rect":{"x":2,"y":2,"width":144,"height":128},"offset":{"x":0,"y":0},"originalSize":{"width":148,"height":132},"rotated":false,"capInsets":[0,0,0,0],"vertices":{"rawPosition":[-72,-64,0,72,-64,0,-72,64,0,72,64,0],"indexes":[0,1,2,2,1,3],"uv":[2,130,146,130,2,2,146,2],"nuv":[0.013513513513513514,0.015151515151515152,0.9864864864864865,0.015151515151515152,0.013513513513513514,0.9848484848484849,0.9864864864864865,0.9848484848484849],"minPos":{"x":-72,"y":-64,"z":0},"maxPos":{"x":72,"y":64,"z":0}},"packable":true,"pixelsToUnit":100,"pivot":{"x":0.5,"y":0.5},"meshType":0}],[0],0,[0],[0],[0]]
