[1,["20835ba4-6145-4fbc-a58a-051ce700aa3e@f9941","544e49d6-3f05-4fa8-9a9e-091f98fc2ce8@6c48a","951249e0-9f16-456d-8b85-a6ca954da16b@6c48a","544e49d6-3f05-4fa8-9a9e-091f98fc2ce8@f9941","951249e0-9f16-456d-8b85-a6ca954da16b@f9941"],["node","_textureSource","root","_target","data","_parent","_spriteFrame","_normalSprite","_hoverSprite","_pressedSprite","_disabledSprite"],[["cc.Node",["_name","_layer","_objFlags","_components","_prefab","_children","_parent"],0,9,4,2,1],"cc.SpriteFrame",["cc.UITransform",["node","__prefab","_contentSize"],3,1,4,5],["cc.Prefab",["_name"],2],["cc.CompPrefabInfo",["fileId"],2],["cc.PrefabInfo",["fileId","instance","targetOverrides","nestedPrefabInstanceRoots","root","asset"],-1,1,1],["cc.Sprite",["_type","_sizeMode","node","__prefab","_color","_spriteFrame"],1,1,4,5,6],["cc.Button",["_transition","node","__prefab","_normalColor","_target","_normalSprite","_hoverSprite","_pressedSprite","_disabledSprite"],2,1,4,5,1,6,6,6,6],["cc.Layout",["_layoutType","_spacingX","node","__prefab"],1,1,4],["cc.Label",["_string","_actualFontSize","_fontSize","_overflow","_enableWrapText","node","__prefab"],-2,1,4]],[[4,0,2],[5,0,1,2,3,4,5,5],[2,0,1,2,1],[3,0,2],[0,0,5,3,4,2],[0,0,1,5,3,4,3],[0,0,1,6,5,3,4,3],[0,0,2,1,6,3,4,4],[2,0,1,1],[6,0,1,2,3,4,5,3],[7,0,1,2,3,4,5,6,7,8,2],[8,0,1,2,3,3],[9,0,1,2,3,4,5,6,6]],[[[{"name":"default_btn_pressed","rect":{"x":0,"y":0,"width":40,"height":40},"offset":{"x":0,"y":0},"originalSize":{"width":40,"height":40},"rotated":false,"capInsets":[12,12,12,12],"vertices":{"rawPosition":[-20,-20,0,20,-20,0,-20,20,0,20,20,0],"indexes":[0,1,2,2,1,3],"uv":[0,40,40,40,0,0,40,0],"nuv":[0,0,1,0,0,1,1,1],"minPos":{"x":-20,"y":-20,"z":0},"maxPos":{"x":20,"y":20,"z":0}},"packable":true,"pixelsToUnit":100,"pivot":{"x":0.5,"y":0.5},"meshType":0}],[1],0,[0],[1],[1]],[[{"name":"default_btn_disabled","rect":{"x":0,"y":0,"width":40,"height":40},"offset":{"x":0,"y":0},"originalSize":{"width":40,"height":40},"rotated":false,"capInsets":[12,12,12,12],"vertices":{"rawPosition":[-20,-20,0,20,-20,0,-20,20,0,20,20,0],"indexes":[0,1,2,2,1,3],"uv":[0,40,40,40,0,0,40,0],"nuv":[0,0,1,0,0,1,1,1],"minPos":{"x":-20,"y":-20,"z":0},"maxPos":{"x":20,"y":20,"z":0}},"packable":true,"pixelsToUnit":100,"pivot":{"x":0.5,"y":0.5},"meshType":0}],[1],0,[0],[1],[2]],[[[3,"settingSelection"],[4,"settingSelection",[-3],[[8,-2,[0,"31xBloyYBPDpmeJJg2aEXh"]]],[1,"c46/YsCPVOJYA4mWEpNYRx",null,null,null,-1,0]],[5,"props_setting_back",33554432,[-8],[[2,-4,[0,"60rw4I0nRA3bOiJRJdfR2N"],[5,100,40]],[9,1,0,-5,[0,"e6yC+ptf1PeJuvURH8/nwg"],[4,4279640874],0],[10,2,-7,[0,"a21VdUBfdAdpeL7GNCvbwg"],[4,4292269782],-6,1,2,3,4]],[1,"96/k3adtFFBYdHCd9UZ74u",null,null,null,1,0]],[6,"OptionLayout",33554432,1,[2],[[2,-9,[0,"e5z3kuPslFFYMyiry9Rc66"],[5,100,40]],[11,2,10,-10,[0,"07WRRH/chHBZ3BUt45vx8H"]]],[1,"cebd7M6qVDk79sE5P1Ipty",null,null,null,1,0]],[7,"Label",512,33554432,2,[[2,-11,[0,"c7USVFi4VJR4W7Kq7lRbke"],[5,100,40]],[12,"返回",23.733333333333334,20,1,false,-12,[0,"88g7zqOmxGMoOSrSnRCrZy"]]],[1,"6bDnYxWANHoqcrPzIhwJ4n",null,null,null,1,0]]],0,[0,2,1,0,0,1,0,-1,3,0,0,2,0,0,2,0,3,2,0,0,2,0,-1,4,0,0,3,0,0,3,0,0,4,0,0,4,0,4,1,2,5,3,12],[0,0,0,0,0],[6,7,8,9,10],[0,0,0,3,4]]]]
