[1,["ff13E+se1IAoKgkF+OHyN/@6c48a","72Fox2nWFPVo6KpNS2EXUp@2e255","72Fox2nWFPVo6KpNS2EXUp@a5aae","72Fox2nWFPVo6KpNS2EXUp@0e53b","72Fox2nWFPVo6KpNS2EXUp@7dcc9","72Fox2nWFPVo6KpNS2EXUp@fa52c","72Fox2nWFPVo6KpNS2EXUp@156ce","72Fox2nWFPVo6KpNS2EXUp@2fc97","72Fox2nWFPVo6KpNS2EXUp@f8f93","72Fox2nWFPVo6KpNS2EXUp@5cd68","72Fox2nWFPVo6KpNS2EXUp@44ea7","72Fox2nWFPVo6KpNS2EXUp@114e1","72Fox2nWFPVo6KpNS2EXUp@e4ae6","72Fox2nWFPVo6KpNS2EXUp@1aa15","72Fox2nWFPVo6KpNS2EXUp@dc60d","72Fox2nWFPVo6KpNS2EXUp@19538","72Fox2nWFPVo6KpNS2EXUp@21c90","72Fox2nWFPVo6KpNS2EXUp@8af28","72Fox2nWFPVo6KpNS2EXUp@c291e","72Fox2nWFPVo6KpNS2EXUp@aa083","72Fox2nWFPVo6KpNS2EXUp@ce534","72Fox2nWFPVo6KpNS2EXUp@93cf0","72Fox2nWFPVo6KpNS2EXUp@ec777","72Fox2nWFPVo6KpNS2EXUp@258f0","72Fox2nWFPVo6KpNS2EXUp@76644","72Fox2nWFPVo6KpNS2EXUp@b2d68","72Fox2nWFPVo6KpNS2EXUp@ca5e4","72Fox2nWFPVo6KpNS2EXUp@3ee74","72Fox2nWFPVo6KpNS2EXUp@105dd","72Fox2nWFPVo6KpNS2EXUp@6e784","72Fox2nWFPVo6KpNS2EXUp@5c73c"],["_textureSource"],["cc.SpriteFrame","cc.SpriteAtlas"],0,[[[{"name":"bg7guangpls","spriteFrames":["bg7guang0_1","72Fox2nWFPVo6KpNS2EXUp@2e255","bg7guang0_2","72Fox2nWFPVo6KpNS2EXUp@a5aae","bg7guang0_3","72Fox2nWFPVo6KpNS2EXUp@0e53b","bg7guang0_4","72Fox2nWFPVo6KpNS2EXUp@7dcc9","bg7guang0_5","72Fox2nWFPVo6KpNS2EXUp@fa52c","bg7guang0_6","72Fox2nWFPVo6KpNS2EXUp@156ce","bg7guang0_7","72Fox2nWFPVo6KpNS2EXUp@2fc97","bg7guang0_8","72Fox2nWFPVo6KpNS2EXUp@f8f93","bg7guang0_9","72Fox2nWFPVo6KpNS2EXUp@5cd68","bg7guang0_10","72Fox2nWFPVo6KpNS2EXUp@44ea7","bg7guang1_1","72Fox2nWFPVo6KpNS2EXUp@114e1","bg7guang1_2","72Fox2nWFPVo6KpNS2EXUp@e4ae6","bg7guang1_3","72Fox2nWFPVo6KpNS2EXUp@1aa15","bg7guang1_4","72Fox2nWFPVo6KpNS2EXUp@dc60d","bg7guang1_5","72Fox2nWFPVo6KpNS2EXUp@19538","bg7guang1_6","72Fox2nWFPVo6KpNS2EXUp@21c90","bg7guang1_7","72Fox2nWFPVo6KpNS2EXUp@8af28","bg7guang1_8","72Fox2nWFPVo6KpNS2EXUp@c291e","bg7guang1_9","72Fox2nWFPVo6KpNS2EXUp@aa083","bg7guang1_10","72Fox2nWFPVo6KpNS2EXUp@ce534","bg7guang2_1","72Fox2nWFPVo6KpNS2EXUp@93cf0","bg7guang2_2","72Fox2nWFPVo6KpNS2EXUp@ec777","bg7guang2_3","72Fox2nWFPVo6KpNS2EXUp@258f0","bg7guang2_4","72Fox2nWFPVo6KpNS2EXUp@76644","bg7guang2_5","72Fox2nWFPVo6KpNS2EXUp@b2d68","bg7guang2_6","72Fox2nWFPVo6KpNS2EXUp@ca5e4","bg7guang2_7","72Fox2nWFPVo6KpNS2EXUp@3ee74","bg7guang2_8","72Fox2nWFPVo6KpNS2EXUp@105dd","bg7guang2_9","72Fox2nWFPVo6KpNS2EXUp@6e784","bg7guang2_10","72Fox2nWFPVo6KpNS2EXUp@5c73c"]}],[1],0,[0,0,0,0,0,0,0,0,0,0,0,0,0,0,0,0,0,0,0,0,0,0,0,0,0,0,0,0,0,0],[0,0,0,0,0,0,0,0,0,0,0,0,0,0,0,0,0,0,0,0,0,0,0,0,0,0,0,0,0,0],[1,2,3,4,5,6,7,8,9,10,11,12,13,14,15,16,17,18,19,20,21,22,23,24,25,26,27,28,29,30]],[[{"name":"bg7guang0_3","rect":{"x":582,"y":1296,"width":146,"height":178},"offset":{"x":-2,"y":1},"originalSize":{"width":200,"height":200},"rotated":true,"capInsets":[0,0,0,0],"vertices":{"rawPosition":[],"indexes":[],"uv":[],"nuv":[],"minPos":{"x":0,"y":0,"z":0},"maxPos":{"x":0,"y":0,"z":0}},"packable":true,"pixelsToUnit":100,"pivot":{"x":0.5,"y":0.5},"meshType":0}],[0],0,[0],[0],[0]],[[{"name":"bg7guang2_8","rect":{"x":1270,"y":2,"width":624,"height":242},"offset":{"x":-5,"y":4},"originalSize":{"width":700,"height":380},"rotated":false,"capInsets":[0,0,0,0],"vertices":{"rawPosition":[],"indexes":[],"uv":[],"nuv":[],"minPos":{"x":0,"y":0,"z":0},"maxPos":{"x":0,"y":0,"z":0}},"packable":true,"pixelsToUnit":100,"pivot":{"x":0.5,"y":0.5},"meshType":0}],[0],0,[0],[0],[0]],[[{"name":"bg7guang1_1","rect":{"x":2,"y":1452,"width":578,"height":356},"offset":{"x":-4,"y":12},"originalSize":{"width":600,"height":380},"rotated":true,"capInsets":[0,0,0,0],"vertices":{"rawPosition":[],"indexes":[],"uv":[],"nuv":[],"minPos":{"x":0,"y":0,"z":0},"maxPos":{"x":0,"y":0,"z":0}},"packable":true,"pixelsToUnit":100,"pivot":{"x":0.5,"y":0.5},"meshType":0}],[0],0,[0],[0],[0]],[[{"name":"bg7guang0_6","rect":{"x":1754,"y":730,"width":146,"height":178},"offset":{"x":-2,"y":1},"originalSize":{"width":200,"height":200},"rotated":false,"capInsets":[0,0,0,0],"vertices":{"rawPosition":[],"indexes":[],"uv":[],"nuv":[],"minPos":{"x":0,"y":0,"z":0},"maxPos":{"x":0,"y":0,"z":0}},"packable":true,"pixelsToUnit":100,"pivot":{"x":0.5,"y":0.5},"meshType":0}],[0],0,[0],[0],[0]],[[{"name":"bg7guang1_5","rect":{"x":1076,"y":1450,"width":574,"height":356},"offset":{"x":-5,"y":12},"originalSize":{"width":600,"height":380},"rotated":true,"capInsets":[0,0,0,0],"vertices":{"rawPosition":[],"indexes":[],"uv":[],"nuv":[],"minPos":{"x":0,"y":0,"z":0},"maxPos":{"x":0,"y":0,"z":0}},"packable":true,"pixelsToUnit":100,"pivot":{"x":0.5,"y":0.5},"meshType":0}],[0],0,[0],[0],[0]],[[{"name":"bg7guang1_3","rect":{"x":1162,"y":1092,"width":576,"height":356},"offset":{"x":-5,"y":12},"originalSize":{"width":600,"height":380},"rotated":false,"capInsets":[0,0,0,0],"vertices":{"rawPosition":[],"indexes":[],"uv":[],"nuv":[],"minPos":{"x":0,"y":0,"z":0},"maxPos":{"x":0,"y":0,"z":0}},"packable":true,"pixelsToUnit":100,"pivot":{"x":0.5,"y":0.5},"meshType":0}],[0],0,[0],[0],[0]],[[{"name":"bg7guang1_6","rect":{"x":360,"y":1452,"width":576,"height":358},"offset":{"x":-4,"y":11},"originalSize":{"width":600,"height":380},"rotated":true,"capInsets":[0,0,0,0],"vertices":{"rawPosition":[],"indexes":[],"uv":[],"nuv":[],"minPos":{"x":0,"y":0,"z":0},"maxPos":{"x":0,"y":0,"z":0}},"packable":true,"pixelsToUnit":100,"pivot":{"x":0.5,"y":0.5},"meshType":0}],[0],0,[0],[0],[0]],[[{"name":"bg7guang2_3","rect":{"x":594,"y":442,"width":588,"height":248},"offset":{"x":15,"y":4},"originalSize":{"width":700,"height":380},"rotated":false,"capInsets":[0,0,0,0],"vertices":{"rawPosition":[],"indexes":[],"uv":[],"nuv":[],"minPos":{"x":0,"y":0,"z":0},"maxPos":{"x":0,"y":0,"z":0}},"packable":true,"pixelsToUnit":100,"pivot":{"x":0.5,"y":0.5},"meshType":0}],[0],0,[0],[0],[0]],[[{"name":"bg7guang0_1","rect":{"x":942,"y":1296,"width":146,"height":178},"offset":{"x":-2,"y":1},"originalSize":{"width":200,"height":200},"rotated":true,"capInsets":[0,0,0,0],"vertices":{"rawPosition":[],"indexes":[],"uv":[],"nuv":[],"minPos":{"x":0,"y":0,"z":0},"maxPos":{"x":0,"y":0,"z":0}},"packable":true,"pixelsToUnit":100,"pivot":{"x":0.5,"y":0.5},"meshType":0}],[0],0,[0],[0],[0]],[[{"name":"bg7guang0_7","rect":{"x":1754,"y":910,"width":146,"height":178},"offset":{"x":-2,"y":1},"originalSize":{"width":200,"height":200},"rotated":false,"capInsets":[0,0,0,0],"vertices":{"rawPosition":[],"indexes":[],"uv":[],"nuv":[],"minPos":{"x":0,"y":0,"z":0},"maxPos":{"x":0,"y":0,"z":0}},"packable":true,"pixelsToUnit":100,"pivot":{"x":0.5,"y":0.5},"meshType":0}],[0],0,[0],[0],[0]],[[{"name":"bg7guang2_7","rect":{"x":590,"y":692,"width":582,"height":240},"offset":{"x":19,"y":5},"originalSize":{"width":700,"height":380},"rotated":false,"capInsets":[0,0,0,0],"vertices":{"rawPosition":[],"indexes":[],"uv":[],"nuv":[],"minPos":{"x":0,"y":0,"z":0},"maxPos":{"x":0,"y":0,"z":0}},"packable":true,"pixelsToUnit":100,"pivot":{"x":0.5,"y":0.5},"meshType":0}],[0],0,[0],[0],[0]],[[{"name":"bg7guang0_10","rect":{"x":762,"y":1296,"width":146,"height":178},"offset":{"x":-2,"y":1},"originalSize":{"width":200,"height":200},"rotated":true,"capInsets":[0,0,0,0],"vertices":{"rawPosition":[],"indexes":[],"uv":[],"nuv":[],"minPos":{"x":0,"y":0,"z":0},"maxPos":{"x":0,"y":0,"z":0}},"packable":true,"pixelsToUnit":100,"pivot":{"x":0.5,"y":0.5},"meshType":0}],[0],0,[0],[0],[0]],[[{"name":"bg7guang2_10","rect":{"x":638,"y":2,"width":630,"height":198},"offset":{"x":1,"y":-14},"originalSize":{"width":700,"height":380},"rotated":false,"capInsets":[0,0,0,0],"vertices":{"rawPosition":[],"indexes":[],"uv":[],"nuv":[],"minPos":{"x":0,"y":0,"z":0},"maxPos":{"x":0,"y":0,"z":0}},"packable":true,"pixelsToUnit":100,"pivot":{"x":0.5,"y":0.5},"meshType":0}],[0],0,[0],[0],[0]],[[{"name":"bg7guang0_9","rect":{"x":582,"y":1296,"width":146,"height":178},"offset":{"x":-2,"y":1},"originalSize":{"width":200,"height":200},"rotated":true,"capInsets":[0,0,0,0],"vertices":{"rawPosition":[],"indexes":[],"uv":[],"nuv":[],"minPos":{"x":0,"y":0,"z":0},"maxPos":{"x":0,"y":0,"z":0}},"packable":true,"pixelsToUnit":100,"pivot":{"x":0.5,"y":0.5},"meshType":0}],[0],0,[0],[0],[0]],[[{"name":"bg7guang2_9","rect":{"x":2,"y":2,"width":634,"height":232},"offset":{"x":0,"y":1},"originalSize":{"width":700,"height":380},"rotated":false,"capInsets":[0,0,0,0],"vertices":{"rawPosition":[],"indexes":[],"uv":[],"nuv":[],"minPos":{"x":0,"y":0,"z":0},"maxPos":{"x":0,"y":0,"z":0}},"packable":true,"pixelsToUnit":100,"pivot":{"x":0.5,"y":0.5},"meshType":0}],[0],0,[0],[0],[0]],[[{"name":"bg7guang2_4","rect":{"x":2,"y":236,"width":590,"height":248},"offset":{"x":18,"y":5},"originalSize":{"width":700,"height":380},"rotated":false,"capInsets":[0,0,0,0],"vertices":{"rawPosition":[],"indexes":[],"uv":[],"nuv":[],"minPos":{"x":0,"y":0,"z":0},"maxPos":{"x":0,"y":0,"z":0}},"packable":true,"pixelsToUnit":100,"pivot":{"x":0.5,"y":0.5},"meshType":0}],[0],0,[0],[0],[0]],[[{"name":"bg7guang0_4","rect":{"x":1754,"y":1090,"width":146,"height":178},"offset":{"x":-2,"y":1},"originalSize":{"width":200,"height":200},"rotated":false,"capInsets":[0,0,0,0],"vertices":{"rawPosition":[],"indexes":[],"uv":[],"nuv":[],"minPos":{"x":0,"y":0,"z":0},"maxPos":{"x":0,"y":0,"z":0}},"packable":true,"pixelsToUnit":100,"pivot":{"x":0.5,"y":0.5},"meshType":0}],[0],0,[0],[0],[0]],[[{"name":"bg7guang1_7","rect":{"x":582,"y":934,"width":578,"height":360},"offset":{"x":-5,"y":10},"originalSize":{"width":600,"height":380},"rotated":false,"capInsets":[0,0,0,0],"vertices":{"rawPosition":[],"indexes":[],"uv":[],"nuv":[],"minPos":{"x":0,"y":0,"z":0},"maxPos":{"x":0,"y":0,"z":0}},"packable":true,"pixelsToUnit":100,"pivot":{"x":0.5,"y":0.5},"meshType":0}],[0],0,[0],[0],[0]],[[{"name":"bg7guang2_1","rect":{"x":638,"y":202,"width":592,"height":238},"offset":{"x":17,"y":8},"originalSize":{"width":700,"height":380},"rotated":false,"capInsets":[0,0,0,0],"vertices":{"rawPosition":[],"indexes":[],"uv":[],"nuv":[],"minPos":{"x":0,"y":0,"z":0},"maxPos":{"x":0,"y":0,"z":0}},"packable":true,"pixelsToUnit":100,"pivot":{"x":0.5,"y":0.5},"meshType":0}],[0],0,[0],[0],[0]],[[{"name":"bg7guang0_2","rect":{"x":762,"y":1296,"width":146,"height":178},"offset":{"x":-2,"y":1},"originalSize":{"width":200,"height":200},"rotated":true,"capInsets":[0,0,0,0],"vertices":{"rawPosition":[],"indexes":[],"uv":[],"nuv":[],"minPos":{"x":0,"y":0,"z":0},"maxPos":{"x":0,"y":0,"z":0}},"packable":true,"pixelsToUnit":100,"pivot":{"x":0.5,"y":0.5},"meshType":0}],[0],0,[0],[0],[0]],[[{"name":"bg7guang1_9","rect":{"x":2,"y":732,"width":578,"height":360},"offset":{"x":-5,"y":10},"originalSize":{"width":600,"height":380},"rotated":false,"capInsets":[0,0,0,0],"vertices":{"rawPosition":[],"indexes":[],"uv":[],"nuv":[],"minPos":{"x":0,"y":0,"z":0},"maxPos":{"x":0,"y":0,"z":0}},"packable":true,"pixelsToUnit":100,"pivot":{"x":0.5,"y":0.5},"meshType":0}],[0],0,[0],[0],[0]],[[{"name":"bg7guang2_5","rect":{"x":2,"y":486,"width":586,"height":244},"offset":{"x":18,"y":5},"originalSize":{"width":700,"height":380},"rotated":false,"capInsets":[0,0,0,0],"vertices":{"rawPosition":[],"indexes":[],"uv":[],"nuv":[],"minPos":{"x":0,"y":0,"z":0},"maxPos":{"x":0,"y":0,"z":0}},"packable":true,"pixelsToUnit":100,"pivot":{"x":0.5,"y":0.5},"meshType":0}],[0],0,[0],[0],[0]],[[{"name":"bg7guang1_8","rect":{"x":1174,"y":730,"width":578,"height":360},"offset":{"x":-6,"y":10},"originalSize":{"width":600,"height":380},"rotated":false,"capInsets":[0,0,0,0],"vertices":{"rawPosition":[],"indexes":[],"uv":[],"nuv":[],"minPos":{"x":0,"y":0,"z":0},"maxPos":{"x":0,"y":0,"z":0}},"packable":true,"pixelsToUnit":100,"pivot":{"x":0.5,"y":0.5},"meshType":0}],[0],0,[0],[0],[0]],[[{"name":"bg7guang2_6","rect":{"x":1184,"y":486,"width":586,"height":242},"offset":{"x":17,"y":4},"originalSize":{"width":700,"height":380},"rotated":false,"capInsets":[0,0,0,0],"vertices":{"rawPosition":[],"indexes":[],"uv":[],"nuv":[],"minPos":{"x":0,"y":0,"z":0},"maxPos":{"x":0,"y":0,"z":0}},"packable":true,"pixelsToUnit":100,"pivot":{"x":0.5,"y":0.5},"meshType":0}],[0],0,[0],[0],[0]],[[{"name":"bg7guang1_10","rect":{"x":2,"y":1094,"width":578,"height":356},"offset":{"x":-4,"y":12},"originalSize":{"width":600,"height":380},"rotated":false,"capInsets":[0,0,0,0],"vertices":{"rawPosition":[],"indexes":[],"uv":[],"nuv":[],"minPos":{"x":0,"y":0,"z":0},"maxPos":{"x":0,"y":0,"z":0}},"packable":true,"pixelsToUnit":100,"pivot":{"x":0.5,"y":0.5},"meshType":0}],[0],0,[0],[0],[0]],[[{"name":"bg7guang1_4","rect":{"x":1434,"y":1450,"width":572,"height":356},"offset":{"x":-5,"y":12},"originalSize":{"width":600,"height":380},"rotated":true,"capInsets":[0,0,0,0],"vertices":{"rawPosition":[],"indexes":[],"uv":[],"nuv":[],"minPos":{"x":0,"y":0,"z":0},"maxPos":{"x":0,"y":0,"z":0}},"packable":true,"pixelsToUnit":100,"pivot":{"x":0.5,"y":0.5},"meshType":0}],[0],0,[0],[0],[0]],[[{"name":"bg7guang1_2","rect":{"x":720,"y":1450,"width":576,"height":354},"offset":{"x":-4,"y":13},"originalSize":{"width":600,"height":380},"rotated":true,"capInsets":[0,0,0,0],"vertices":{"rawPosition":[],"indexes":[],"uv":[],"nuv":[],"minPos":{"x":0,"y":0,"z":0},"maxPos":{"x":0,"y":0,"z":0}},"packable":true,"pixelsToUnit":100,"pivot":{"x":0.5,"y":0.5},"meshType":0}],[0],0,[0],[0],[0]],[[{"name":"bg7guang2_2","rect":{"x":1232,"y":246,"width":590,"height":238},"offset":{"x":19,"y":9},"originalSize":{"width":700,"height":380},"rotated":false,"capInsets":[0,0,0,0],"vertices":{"rawPosition":[],"indexes":[],"uv":[],"nuv":[],"minPos":{"x":0,"y":0,"z":0},"maxPos":{"x":0,"y":0,"z":0}},"packable":true,"pixelsToUnit":100,"pivot":{"x":0.5,"y":0.5},"meshType":0}],[0],0,[0],[0],[0]],[[{"name":"bg7guang0_8","rect":{"x":1754,"y":1090,"width":146,"height":178},"offset":{"x":-2,"y":1},"originalSize":{"width":200,"height":200},"rotated":false,"capInsets":[0,0,0,0],"vertices":{"rawPosition":[],"indexes":[],"uv":[],"nuv":[],"minPos":{"x":0,"y":0,"z":0},"maxPos":{"x":0,"y":0,"z":0}},"packable":true,"pixelsToUnit":100,"pivot":{"x":0.5,"y":0.5},"meshType":0}],[0],0,[0],[0],[0]],[[{"name":"bg7guang0_5","rect":{"x":1754,"y":910,"width":146,"height":178},"offset":{"x":-2,"y":1},"originalSize":{"width":200,"height":200},"rotated":false,"capInsets":[0,0,0,0],"vertices":{"rawPosition":[],"indexes":[],"uv":[],"nuv":[],"minPos":{"x":0,"y":0,"z":0},"maxPos":{"x":0,"y":0,"z":0}},"packable":true,"pixelsToUnit":100,"pivot":{"x":0.5,"y":0.5},"meshType":0}],[0],0,[0],[0],[0]]]]
