[1,["9d3HWB9dFEXqZjcIdM6Hd9@6c48a","d4wtVSAlNIR7shn9ejPtyp@6c48a"],0,[["sp.SkeletonData",["_name","_atlasText","textureNames","_skeletonJson","textures"],-1,3]],[[0,0,1,2,3,4,5]],[[0,"spine_guangquan","\r\nspine_guangquan.png\r\nsize: 1024,1024\r\nformat: RGBA8888\r\nfilter: Linear,Linear\r\nrepeat: none\r\nspine光圈_00000\r\n  rotate: false\r\n  xy: 2, 810\r\n  size: 400, 200\r\n  orig: 400, 200\r\n  offset: 0, 0\r\n  index: -1\r\nspine光圈_00001\r\n  rotate: false\r\n  xy: 2, 608\r\n  size: 400, 200\r\n  orig: 400, 200\r\n  offset: 0, 0\r\n  index: -1\r\nspine光圈_00002\r\n  rotate: false\r\n  xy: 404, 810\r\n  size: 400, 200\r\n  orig: 400, 200\r\n  offset: 0, 0\r\n  index: -1\r\nspine光圈_00003\r\n  rotate: false\r\n  xy: 2, 406\r\n  size: 400, 200\r\n  orig: 400, 200\r\n  offset: 0, 0\r\n  index: -1\r\nspine光圈_00004\r\n  rotate: false\r\n  xy: 404, 608\r\n  size: 400, 200\r\n  orig: 400, 200\r\n  offset: 0, 0\r\n  index: -1\r\nspine光圈_00005\r\n  rotate: true\r\n  xy: 806, 610\r\n  size: 400, 200\r\n  orig: 400, 200\r\n  offset: 0, 0\r\n  index: -1\r\nspine光圈_00006\r\n  rotate: false\r\n  xy: 2, 204\r\n  size: 400, 200\r\n  orig: 400, 200\r\n  offset: 0, 0\r\n  index: -1\r\nspine光圈_00007\r\n  rotate: false\r\n  xy: 404, 406\r\n  size: 400, 200\r\n  orig: 400, 200\r\n  offset: 0, 0\r\n  index: -1\r\nspine光圈_00008\r\n  rotate: false\r\n  xy: 2, 2\r\n  size: 400, 200\r\n  orig: 400, 200\r\n  offset: 0, 0\r\n  index: -1\r\nspine光圈_00009\r\n  rotate: false\r\n  xy: 404, 204\r\n  size: 400, 200\r\n  orig: 400, 200\r\n  offset: 0, 0\r\n  index: -1\r\nspine光圈_00010\r\n  rotate: true\r\n  xy: 806, 208\r\n  size: 400, 200\r\n  orig: 400, 200\r\n  offset: 0, 0\r\n  index: -1\r\nspine光圈_00011\r\n  rotate: false\r\n  xy: 404, 2\r\n  size: 400, 200\r\n  orig: 400, 200\r\n  offset: 0, 0\r\n  index: -1\r\n\r\nspine_guangquan2.png\r\nsize: 1024,512\r\nformat: RGBA8888\r\nfilter: Linear,Linear\r\nrepeat: none\r\nspine光圈_00012\r\n  rotate: false\r\n  xy: 2, 204\r\n  size: 400, 200\r\n  orig: 400, 200\r\n  offset: 0, 0\r\n  index: -1\r\nspine光圈_00013\r\n  rotate: false\r\n  xy: 2, 2\r\n  size: 400, 200\r\n  orig: 400, 200\r\n  offset: 0, 0\r\n  index: -1\r\nspine光圈_00014\r\n  rotate: false\r\n  xy: 404, 204\r\n  size: 400, 200\r\n  orig: 400, 200\r\n  offset: 0, 0\r\n  index: -1\r\n",["spine_guangquan.png","spine_guangquan2.png"],{"skeleton":{"hash":"pJgJqw150K5+TQAqf9nltY7l77I","spine":"3.6.53","width":400,"height":200,"images":"H:/PS/新大厅/UI栏"},"bones":[{"name":"root"},{"name":"bone","parent":"root","y":41.88},{"name":"bone2","parent":"bone","y":92.14,"scaleX":2,"scaleY":2}],"slots":[{"name":"jiangci","bone":"bone2","attachment":"spine光圈_00014","blend":"additive"}],"skins":{"default":{"jiangci":{"spine光圈_00000":{"width":400,"height":200},"spine光圈_00001":{"width":400,"height":200},"spine光圈_00002":{"width":400,"height":200},"spine光圈_00003":{"width":400,"height":200},"spine光圈_00004":{"width":400,"height":200},"spine光圈_00005":{"width":400,"height":200},"spine光圈_00006":{"width":400,"height":200},"spine光圈_00007":{"width":400,"height":200},"spine光圈_00008":{"width":400,"height":200},"spine光圈_00009":{"width":400,"height":200},"spine光圈_00010":{"width":400,"height":200},"spine光圈_00011":{"width":400,"height":200},"spine光圈_00012":{"width":400,"height":200},"spine光圈_00013":{"width":400,"height":200},"spine光圈_00014":{"width":400,"height":200}}}},"animations":{"animation":{"slots":{"jiangci":{"attachment":[{"time":0,"name":"spine光圈_00000"},{"time":0.0667,"name":"spine光圈_00001"},{"time":0.1333,"name":"spine光圈_00002"},{"time":0.2,"name":"spine光圈_00003"},{"time":0.2667,"name":"spine光圈_00004"},{"time":0.3333,"name":"spine光圈_00005"},{"time":0.4,"name":"spine光圈_00006"},{"time":0.4667,"name":"spine光圈_00007"},{"time":0.5333,"name":"spine光圈_00008"},{"time":0.6,"name":"spine光圈_00009"},{"time":0.6667,"name":"spine光圈_00010"},{"time":0.7333,"name":"spine光圈_00011"},{"time":0.8,"name":"spine光圈_00012"},{"time":0.8667,"name":"spine光圈_00013"},{"time":0.9333,"name":"spine光圈_00014"},{"time":1,"name":"spine光圈_00000"}]}}}}},[0,1]]],0,0,[0,0],[-1,-2],[0,1]]
