[1,["7c20G3S9lCqaL7oB+Mtx0O@6c48a"],["_textureSource"],["cc.SpriteFrame"],0,[{"name":"icon_szj","rect":{"x":0,"y":0,"width":122,"height":94},"offset":{"x":0,"y":0},"originalSize":{"width":122,"height":94},"rotated":false,"capInsets":[0,0,0,0],"vertices":{"rawPosition":[-61,-47,0,61,-47,0,-61,47,0,61,47,0],"indexes":[0,1,2,2,1,3],"uv":[0,94,122,94,0,0,122,0],"nuv":[0,0,1,0,0,1,1,1],"minPos":{"x":-61,"y":-47,"z":0},"maxPos":{"x":61,"y":47,"z":0}},"packable":true,"pixelsToUnit":100,"pivot":{"x":0.5,"y":0.5},"meshType":0}],[0],0,[0],[0],[0]]
