[1,["b3r5TybchDsY1ca1oCY+Ie@6c48a"],["_textureSource"],["cc.SpriteFrame"],0,[{"name":"icon_lztb_tubiao_baoshi","rect":{"x":0,"y":0,"width":171,"height":135},"offset":{"x":0,"y":0},"originalSize":{"width":171,"height":135},"rotated":false,"capInsets":[0,0,0,0],"vertices":{"rawPosition":[-85.5,-67.5,0,85.5,-67.5,0,-85.5,67.5,0,85.5,67.5,0],"indexes":[0,1,2,2,1,3],"uv":[0,135,171,135,0,0,171,0],"nuv":[0,0,1,0,0,1,1,1],"minPos":{"x":-85.5,"y":-67.5,"z":0},"maxPos":{"x":85.5,"y":67.5,"z":0}},"packable":true,"pixelsToUnit":100,"pivot":{"x":0.5,"y":0.5},"meshType":0}],[0],0,[0],[0],[0]]
