[1,["ceLs/n4EVIw7fnJv8r7m/O","ceLs/n4EVIw7fnJv8r7m/O@15184","ceLs/n4EVIw7fnJv8r7m/O@86c02","20g1ukYUVPvKWKBRznAKo+@f9941","54TknWPwVPqJqeCR+Y/Czo@f9941","95EkngnxZFbYuFpsqVTaFr@f9941","20g1ukYUVPvKWKBRznAKo+@6c48a","54TknWPwVPqJqeCR+Y/Czo@6c48a","95EkngnxZFbYuFpsqVTaFr@6c48a"],["node","_textureSource","_spriteFrame","_atlas","root","_target","data","_normalSprite","_hoverSprite","_pressedSprite","_disabledSprite"],["cc.SpriteFrame",["cc.Node",["_name","_components","_prefab","_parent","_children","_lpos"],2,9,4,1,2,5],["cc.Sprite",["_sizeMode","_type","node","__prefab","_spriteFrame","_atlas"],1,1,4,6,6],["cc.Prefab",["_name"],2],["cc.UITransform",["node","__prefab","_contentSize"],3,1,4,5],["cc.CompPrefabInfo",["fileId"],2],["cc.Widget",["_alignFlags","_originalWidth","_originalHeight","node","__prefab"],0,1,4],["cc.PrefabInfo",["fileId","instance","targetOverrides","nestedPrefabInstanceRoots","root","asset"],-1,1,1],["cc.Button",["_transition","node","__prefab","_normalColor","_target","_normalSprite","_hoverSprite","_pressedSprite","_disabledSprite"],2,1,4,5,1,6,6,6,6]],[[5,0,2],[4,0,1,2,1],[7,0,1,2,3,4,5,5],[3,0,2],[1,0,4,1,2,2],[1,0,3,1,2,5,2],[1,0,3,1,2,2],[6,0,1,2,3,4,4],[2,0,2,3,2],[2,1,0,2,3,4,5,3],[2,2,3,4,5,1],[8,0,1,2,3,4,5,6,7,8,2]],[[[[3,"prefabs_fish_help"],[4,"prefabs_fish_help",[-5,-6],[[1,-2,[0,"95G9Q2rrxOf531huoVR2hh"],[5,1334,750]],[7,45,1600,800,-3,[0,"09P+eN75xLGqBLnusjt6/S"]],[8,0,-4,[0,"5az9iYCoBAibXzXlTF5LLD"]]],[2,"c46/YsCPVOJYA4mWEpNYRx",null,null,null,-1,0]],[5,"btn_close",1,[[1,-7,[0,"2fKKSCU2dFp4FJ8L2DThjF"],[5,82,83]],[9,1,0,-8,[0,"30B70IzZhCWa1RYA/wELWT"],2,3],[11,3,-10,[0,"f3ILijqGhHLKada3fXiYc9"],[4,4292269782],-9,4,5,6,7]],[2,"351ihC06NDHqSD/9Z9iuA1",null,null,null,1,0],[1,370,20,0]],[6,"img_help_bg",1,[[1,-11,[0,"092ORQ625Am6DDoCpS/f+o"],[5,829,499]],[10,-12,[0,"69Gl11TH1PBbj60cDFh8Ov"],0,1]],[2,"a15KpDTCVO9YPW+9X83k16",null,null,null,1,0]]],0,[0,4,1,0,0,1,0,0,1,0,0,1,0,-1,3,0,-2,2,0,0,2,0,0,2,0,5,2,0,0,2,0,0,3,0,0,3,0,6,1,12],[0,0,0,0,0,0,0,0],[2,3,2,3,7,8,9,10],[2,0,1,0,1,3,4,5]],[[{"name":"default_btn_normal","rect":{"x":0,"y":0,"width":40,"height":40},"offset":{"x":0,"y":0},"originalSize":{"width":40,"height":40},"rotated":false,"capInsets":[12,12,12,12],"vertices":{"rawPosition":[-20,-20,0,20,-20,0,-20,20,0,20,20,0],"indexes":[0,1,2,2,1,3],"uv":[0,40,40,40,0,0,40,0],"nuv":[0,0,1,0,0,1,1,1],"minPos":{"x":-20,"y":-20,"z":0},"maxPos":{"x":20,"y":20,"z":0}},"packable":true,"pixelsToUnit":100,"pivot":{"x":0.5,"y":0.5},"meshType":0}],[0],0,[0],[1],[6]],[[{"name":"default_btn_pressed","rect":{"x":0,"y":0,"width":40,"height":40},"offset":{"x":0,"y":0},"originalSize":{"width":40,"height":40},"rotated":false,"capInsets":[12,12,12,12],"vertices":{"rawPosition":[-20,-20,0,20,-20,0,-20,20,0,20,20,0],"indexes":[0,1,2,2,1,3],"uv":[0,40,40,40,0,0,40,0],"nuv":[0,0,1,0,0,1,1,1],"minPos":{"x":-20,"y":-20,"z":0},"maxPos":{"x":20,"y":20,"z":0}},"packable":true,"pixelsToUnit":100,"pivot":{"x":0.5,"y":0.5},"meshType":0}],[0],0,[0],[1],[7]],[[{"name":"default_btn_disabled","rect":{"x":0,"y":0,"width":40,"height":40},"offset":{"x":0,"y":0},"originalSize":{"width":40,"height":40},"rotated":false,"capInsets":[12,12,12,12],"vertices":{"rawPosition":[-20,-20,0,20,-20,0,-20,20,0,20,20,0],"indexes":[0,1,2,2,1,3],"uv":[0,40,40,40,0,0,40,0],"nuv":[0,0,1,0,0,1,1,1],"minPos":{"x":-20,"y":-20,"z":0},"maxPos":{"x":20,"y":20,"z":0}},"packable":true,"pixelsToUnit":100,"pivot":{"x":0.5,"y":0.5},"meshType":0}],[0],0,[0],[1],[8]]]]
