[1,["5e29edf0-38d5-4d55-bf1d-f72d97c0a8aa@6c48a","7c3dc692-2b79-4249-a8f8-fa4857e8e97f@b8c08","7c3dc692-2b79-4249-a8f8-fa4857e8e97f@afcf4","7c3dc692-2b79-4249-a8f8-fa4857e8e97f@06c47","7c3dc692-2b79-4249-a8f8-fa4857e8e97f@a7c40","7c3dc692-2b79-4249-a8f8-fa4857e8e97f@f3622","7c3dc692-2b79-4249-a8f8-fa4857e8e97f@dee3f","7c3dc692-2b79-4249-a8f8-fa4857e8e97f@10b4f","7c3dc692-2b79-4249-a8f8-fa4857e8e97f@3609d","7c3dc692-2b79-4249-a8f8-fa4857e8e97f@e42de","7c3dc692-2b79-4249-a8f8-fa4857e8e97f@e145f","7c3dc692-2b79-4249-a8f8-fa4857e8e97f@52989","7c3dc692-2b79-4249-a8f8-fa4857e8e97f@9cf24","7c3dc692-2b79-4249-a8f8-fa4857e8e97f@300a7","7c3dc692-2b79-4249-a8f8-fa4857e8e97f@3cecc","7c3dc692-2b79-4249-a8f8-fa4857e8e97f@a52fb"],["_textureSource"],["cc.SpriteFrame","cc.SpriteAtlas"],0,[[[{"name":"fish62","spriteFrames":["fish62_1","7c3dc692-2b79-4249-a8f8-fa4857e8e97f@b8c08","fish62_10","7c3dc692-2b79-4249-a8f8-fa4857e8e97f@afcf4","fish62_11","7c3dc692-2b79-4249-a8f8-fa4857e8e97f@06c47","fish62_12","7c3dc692-2b79-4249-a8f8-fa4857e8e97f@a7c40","fish62_13","7c3dc692-2b79-4249-a8f8-fa4857e8e97f@f3622","fish62_14","7c3dc692-2b79-4249-a8f8-fa4857e8e97f@dee3f","fish62_15","7c3dc692-2b79-4249-a8f8-fa4857e8e97f@10b4f","fish62_2","7c3dc692-2b79-4249-a8f8-fa4857e8e97f@3609d","fish62_3","7c3dc692-2b79-4249-a8f8-fa4857e8e97f@e42de","fish62_4","7c3dc692-2b79-4249-a8f8-fa4857e8e97f@e145f","fish62_5","7c3dc692-2b79-4249-a8f8-fa4857e8e97f@52989","fish62_6","7c3dc692-2b79-4249-a8f8-fa4857e8e97f@9cf24","fish62_7","7c3dc692-2b79-4249-a8f8-fa4857e8e97f@300a7","fish62_8","7c3dc692-2b79-4249-a8f8-fa4857e8e97f@3cecc","fish62_9","7c3dc692-2b79-4249-a8f8-fa4857e8e97f@a52fb"]}],[1],0,[0,0,0,0,0,0,0,0,0,0,0,0,0,0,0],[0,0,0,0,0,0,0,0,0,0,0,0,0,0,0],[1,2,3,4,5,6,7,8,9,10,11,12,13,14,15]],[[{"name":"fish62_11","rect":{"x":752,"y":1028,"width":312,"height":507},"offset":{"x":-7,"y":7},"originalSize":{"width":426,"height":547},"rotated":false,"capInsets":[0,0,0,0],"vertices":{"rawPosition":[],"indexes":[],"uv":[],"nuv":[],"minPos":{"x":0,"y":0,"z":0},"maxPos":{"x":0,"y":0,"z":0}},"packable":true,"pixelsToUnit":100,"pivot":{"x":0.5,"y":0.5},"meshType":0}],[0],0,[0],[0],[0]],[[{"name":"fish62_15","rect":{"x":378,"y":1050,"width":372,"height":511},"offset":{"x":-21,"y":-18},"originalSize":{"width":426,"height":547},"rotated":false,"capInsets":[0,0,0,0],"vertices":{"rawPosition":[],"indexes":[],"uv":[],"nuv":[],"minPos":{"x":0,"y":0,"z":0},"maxPos":{"x":0,"y":0,"z":0}},"packable":true,"pixelsToUnit":100,"pivot":{"x":0.5,"y":0.5},"meshType":0}],[0],0,[0],[0],[0]],[[{"name":"fish62_7","rect":{"x":1080,"y":511,"width":300,"height":499},"offset":{"x":-16,"y":24},"originalSize":{"width":426,"height":547},"rotated":false,"capInsets":[0,0,0,0],"vertices":{"rawPosition":[],"indexes":[],"uv":[],"nuv":[],"minPos":{"x":0,"y":0,"z":0},"maxPos":{"x":0,"y":0,"z":0}},"packable":true,"pixelsToUnit":100,"pivot":{"x":0.5,"y":0.5},"meshType":0}],[0],0,[0],[0],[0]],[[{"name":"fish62_2","rect":{"x":712,"y":519,"width":366,"height":507},"offset":{"x":-20,"y":-11},"originalSize":{"width":426,"height":547},"rotated":false,"capInsets":[0,0,0,0],"vertices":{"rawPosition":[],"indexes":[],"uv":[],"nuv":[],"minPos":{"x":0,"y":0,"z":0},"maxPos":{"x":0,"y":0,"z":0}},"packable":true,"pixelsToUnit":100,"pivot":{"x":0.5,"y":0.5},"meshType":0}],[0],0,[0],[0],[0]],[[{"name":"fish62_8","rect":{"x":1324,"y":1533,"width":298,"height":503},"offset":{"x":-17,"y":22},"originalSize":{"width":426,"height":547},"rotated":false,"capInsets":[0,0,0,0],"vertices":{"rawPosition":[],"indexes":[],"uv":[],"nuv":[],"minPos":{"x":0,"y":0,"z":0},"maxPos":{"x":0,"y":0,"z":0}},"packable":true,"pixelsToUnit":100,"pivot":{"x":0.5,"y":0.5},"meshType":0}],[0],0,[0],[0],[0]],[[{"name":"fish62_5","rect":{"x":2,"y":527,"width":396,"height":521},"offset":{"x":15,"y":13},"originalSize":{"width":426,"height":547},"rotated":false,"capInsets":[0,0,0,0],"vertices":{"rawPosition":[],"indexes":[],"uv":[],"nuv":[],"minPos":{"x":0,"y":0,"z":0},"maxPos":{"x":0,"y":0,"z":0}},"packable":true,"pixelsToUnit":100,"pivot":{"x":0.5,"y":0.5},"meshType":0}],[0],0,[0],[0],[0]],[[{"name":"fish62_6","rect":{"x":1016,"y":1537,"width":306,"height":507},"offset":{"x":-14,"y":20},"originalSize":{"width":426,"height":547},"rotated":false,"capInsets":[0,0,0,0],"vertices":{"rawPosition":[],"indexes":[],"uv":[],"nuv":[],"minPos":{"x":0,"y":0,"z":0},"maxPos":{"x":0,"y":0,"z":0}},"packable":true,"pixelsToUnit":100,"pivot":{"x":0.5,"y":0.5},"meshType":0}],[0],0,[0],[0],[0]],[[{"name":"fish62_9","rect":{"x":1066,"y":1028,"width":324,"height":503},"offset":{"x":-26,"y":21},"originalSize":{"width":426,"height":547},"rotated":false,"capInsets":[0,0,0,0],"vertices":{"rawPosition":[],"indexes":[],"uv":[],"nuv":[],"minPos":{"x":0,"y":0,"z":0},"maxPos":{"x":0,"y":0,"z":0}},"packable":true,"pixelsToUnit":100,"pivot":{"x":0.5,"y":0.5},"meshType":0}],[0],0,[0],[0],[0]],[[{"name":"fish62_12","rect":{"x":509,"y":1563,"width":326,"height":505},"offset":{"x":-8,"y":-3},"originalSize":{"width":426,"height":547},"rotated":true,"capInsets":[0,0,0,0],"vertices":{"rawPosition":[],"indexes":[],"uv":[],"nuv":[],"minPos":{"x":0,"y":0,"z":0},"maxPos":{"x":0,"y":0,"z":0}},"packable":true,"pixelsToUnit":100,"pivot":{"x":0.5,"y":0.5},"meshType":0}],[0],0,[0],[0],[0]],[[{"name":"fish62_10","rect":{"x":400,"y":519,"width":310,"height":511},"offset":{"x":-12,"y":17},"originalSize":{"width":426,"height":547},"rotated":false,"capInsets":[0,0,0,0],"vertices":{"rawPosition":[],"indexes":[],"uv":[],"nuv":[],"minPos":{"x":0,"y":0,"z":0},"maxPos":{"x":0,"y":0,"z":0}},"packable":true,"pixelsToUnit":100,"pivot":{"x":0.5,"y":0.5},"meshType":0}],[0],0,[0],[0],[0]],[[{"name":"fish62_1","rect":{"x":2,"y":1050,"width":374,"height":511},"offset":{"x":-22,"y":-18},"originalSize":{"width":426,"height":547},"rotated":false,"capInsets":[0,0,0,0],"vertices":{"rawPosition":[],"indexes":[],"uv":[],"nuv":[],"minPos":{"x":0,"y":0,"z":0},"maxPos":{"x":0,"y":0,"z":0}},"packable":true,"pixelsToUnit":100,"pivot":{"x":0.5,"y":0.5},"meshType":0}],[0],0,[0],[0],[0]],[[{"name":"fish62_14","rect":{"x":756,"y":2,"width":360,"height":507},"offset":{"x":-17,"y":-16},"originalSize":{"width":426,"height":547},"rotated":false,"capInsets":[0,0,0,0],"vertices":{"rawPosition":[],"indexes":[],"uv":[],"nuv":[],"minPos":{"x":0,"y":0,"z":0},"maxPos":{"x":0,"y":0,"z":0}},"packable":true,"pixelsToUnit":100,"pivot":{"x":0.5,"y":0.5},"meshType":0}],[0],0,[0],[0],[0]],[[{"name":"fish62_4","rect":{"x":2,"y":2,"width":374,"height":523},"offset":{"x":-24,"y":11},"originalSize":{"width":426,"height":547},"rotated":false,"capInsets":[0,0,0,0],"vertices":{"rawPosition":[],"indexes":[],"uv":[],"nuv":[],"minPos":{"x":0,"y":0,"z":0},"maxPos":{"x":0,"y":0,"z":0}},"packable":true,"pixelsToUnit":100,"pivot":{"x":0.5,"y":0.5},"meshType":0}],[0],0,[0],[0],[0]],[[{"name":"fish62_3","rect":{"x":378,"y":2,"width":376,"height":515},"offset":{"x":-25,"y":0},"originalSize":{"width":426,"height":547},"rotated":false,"capInsets":[0,0,0,0],"vertices":{"rawPosition":[],"indexes":[],"uv":[],"nuv":[],"minPos":{"x":0,"y":0,"z":0},"maxPos":{"x":0,"y":0,"z":0}},"packable":true,"pixelsToUnit":100,"pivot":{"x":0.5,"y":0.5},"meshType":0}],[0],0,[0],[0],[0]],[[{"name":"fish62_13","rect":{"x":2,"y":1563,"width":404,"height":505},"offset":{"x":5,"y":-11},"originalSize":{"width":426,"height":547},"rotated":true,"capInsets":[0,0,0,0],"vertices":{"rawPosition":[],"indexes":[],"uv":[],"nuv":[],"minPos":{"x":0,"y":0,"z":0},"maxPos":{"x":0,"y":0,"z":0}},"packable":true,"pixelsToUnit":100,"pivot":{"x":0.5,"y":0.5},"meshType":0}],[0],0,[0],[0],[0]]]]
