[1,["0497d903-c0e6-4852-aa78-aae9629950ad@6c48a","e6ea909d-8b02-462d-a6e6-9dd8e9641b98@1e3e5","e6ea909d-8b02-462d-a6e6-9dd8e9641b98@6b9e0"],["_textureSource"],["cc.SpriteFrame","cc.SpriteAtlas"],0,[[[{"name":"lock","spriteFrames":["lock_1","e6ea909d-8b02-462d-a6e6-9dd8e9641b98@1e3e5","lock_1_1","e6ea909d-8b02-462d-a6e6-9dd8e9641b98@6b9e0"]}],[1],0,[0,0],[0,0],[1,2]],[[{"name":"lock_1","rect":{"x":2,"y":2,"width":113,"height":110},"offset":{"x":0,"y":0},"originalSize":{"width":113,"height":110},"rotated":false,"capInsets":[0,0,0,0],"vertices":{"rawPosition":[],"indexes":[],"uv":[],"nuv":[],"minPos":{"x":0,"y":0,"z":0},"maxPos":{"x":0,"y":0,"z":0}},"packable":true,"pixelsToUnit":100,"pivot":{"x":0.5,"y":0.5},"meshType":0}],[0],0,[0],[0],[0]],[[{"name":"lock_1_1","rect":{"x":2,"y":114,"width":57,"height":42},"offset":{"x":0,"y":0},"originalSize":{"width":57,"height":42},"rotated":false,"capInsets":[0,0,0,0],"vertices":{"rawPosition":[],"indexes":[],"uv":[],"nuv":[],"minPos":{"x":0,"y":0,"z":0},"maxPos":{"x":0,"y":0,"z":0}},"packable":true,"pixelsToUnit":100,"pivot":{"x":0.5,"y":0.5},"meshType":0}],[0],0,[0],[0],[0]]]]
