[1,["6cYD0Idt9JN77d/w9B/y52@6c48a","95LobzTWxM4LPQbueJ1eBp@03a88","95LobzTWxM4LPQbueJ1eBp@1a353","95LobzTWxM4LPQbueJ1eBp@4cdc4","95LobzTWxM4LPQbueJ1eBp@ae2d4"],["_textureSource"],["cc.SpriteFrame","cc.SpriteAtlas"],0,[[[{"name":"paohuo","spriteFrames":["paohuo_1","95LobzTWxM4LPQbueJ1eBp@03a88","paohuo_2","95LobzTWxM4LPQbueJ1eBp@1a353","paohuo_3","95LobzTWxM4LPQbueJ1eBp@4cdc4","paohuo_4","95LobzTWxM4LPQbueJ1eBp@ae2d4"]}],[1],0,[0,0,0,0],[0,0,0,0],[1,2,3,4]],[[{"name":"paohuo_1","rect":{"x":94,"y":182,"width":62,"height":50},"offset":{"x":-2,"y":-38},"originalSize":{"width":180,"height":160},"rotated":true,"capInsets":[0,0,0,0],"vertices":{"rawPosition":[],"indexes":[],"uv":[],"nuv":[],"minPos":{"x":0,"y":0,"z":0},"maxPos":{"x":0,"y":0,"z":0}},"packable":true,"pixelsToUnit":100,"pivot":{"x":0.5,"y":0.5},"meshType":0}],[0],0,[0],[0],[0]],[[{"name":"paohuo_2","rect":{"x":2,"y":2,"width":128,"height":102},"offset":{"x":-2,"y":-22},"originalSize":{"width":180,"height":160},"rotated":false,"capInsets":[0,0,0,0],"vertices":{"rawPosition":[],"indexes":[],"uv":[],"nuv":[],"minPos":{"x":0,"y":0,"z":0},"maxPos":{"x":0,"y":0,"z":0}},"packable":true,"pixelsToUnit":100,"pivot":{"x":0.5,"y":0.5},"meshType":0}],[0],0,[0],[0],[0]],[[{"name":"paohuo_3","rect":{"x":2,"y":106,"width":110,"height":74},"offset":{"x":-2,"y":-19},"originalSize":{"width":180,"height":160},"rotated":false,"capInsets":[0,0,0,0],"vertices":{"rawPosition":[],"indexes":[],"uv":[],"nuv":[],"minPos":{"x":0,"y":0,"z":0},"maxPos":{"x":0,"y":0,"z":0}},"packable":true,"pixelsToUnit":100,"pivot":{"x":0.5,"y":0.5},"meshType":0}],[0],0,[0],[0],[0]],[[{"name":"paohuo_4","rect":{"x":2,"y":182,"width":90,"height":70},"offset":{"x":-1,"y":-17},"originalSize":{"width":180,"height":160},"rotated":false,"capInsets":[0,0,0,0],"vertices":{"rawPosition":[],"indexes":[],"uv":[],"nuv":[],"minPos":{"x":0,"y":0,"z":0},"maxPos":{"x":0,"y":0,"z":0}},"packable":true,"pixelsToUnit":100,"pivot":{"x":0.5,"y":0.5},"meshType":0}],[0],0,[0],[0],[0]]]]
