[1,["6c603d08-76df-4937-bedd-ff0f41ff2e76@6c48a","952e86f3-4d6c-4ce0-b3d0-6ee789d5e069@03a88","952e86f3-4d6c-4ce0-b3d0-6ee789d5e069@1a353","952e86f3-4d6c-4ce0-b3d0-6ee789d5e069@4cdc4","952e86f3-4d6c-4ce0-b3d0-6ee789d5e069@ae2d4"],["_textureSource"],["cc.SpriteFrame","cc.SpriteAtlas"],0,[[[{"name":"paohuo","spriteFrames":["paohuo_1","952e86f3-4d6c-4ce0-b3d0-6ee789d5e069@03a88","paohuo_2","952e86f3-4d6c-4ce0-b3d0-6ee789d5e069@1a353","paohuo_3","952e86f3-4d6c-4ce0-b3d0-6ee789d5e069@4cdc4","paohuo_4","952e86f3-4d6c-4ce0-b3d0-6ee789d5e069@ae2d4"]}],[1],0,[0,0,0,0],[0,0,0,0],[1,2,3,4]],[[{"name":"paohuo_1","rect":{"x":94,"y":182,"width":62,"height":50},"offset":{"x":-2,"y":-38},"originalSize":{"width":180,"height":160},"rotated":true,"capInsets":[0,0,0,0],"vertices":{"rawPosition":[],"indexes":[],"uv":[],"nuv":[],"minPos":{"x":0,"y":0,"z":0},"maxPos":{"x":0,"y":0,"z":0}},"packable":true,"pixelsToUnit":100,"pivot":{"x":0.5,"y":0.5},"meshType":0}],[0],0,[0],[0],[0]],[[{"name":"paohuo_2","rect":{"x":2,"y":2,"width":128,"height":102},"offset":{"x":-2,"y":-22},"originalSize":{"width":180,"height":160},"rotated":false,"capInsets":[0,0,0,0],"vertices":{"rawPosition":[],"indexes":[],"uv":[],"nuv":[],"minPos":{"x":0,"y":0,"z":0},"maxPos":{"x":0,"y":0,"z":0}},"packable":true,"pixelsToUnit":100,"pivot":{"x":0.5,"y":0.5},"meshType":0}],[0],0,[0],[0],[0]],[[{"name":"paohuo_3","rect":{"x":2,"y":106,"width":110,"height":74},"offset":{"x":-2,"y":-19},"originalSize":{"width":180,"height":160},"rotated":false,"capInsets":[0,0,0,0],"vertices":{"rawPosition":[],"indexes":[],"uv":[],"nuv":[],"minPos":{"x":0,"y":0,"z":0},"maxPos":{"x":0,"y":0,"z":0}},"packable":true,"pixelsToUnit":100,"pivot":{"x":0.5,"y":0.5},"meshType":0}],[0],0,[0],[0],[0]],[[{"name":"paohuo_4","rect":{"x":2,"y":182,"width":90,"height":70},"offset":{"x":-1,"y":-17},"originalSize":{"width":180,"height":160},"rotated":false,"capInsets":[0,0,0,0],"vertices":{"rawPosition":[],"indexes":[],"uv":[],"nuv":[],"minPos":{"x":0,"y":0,"z":0},"maxPos":{"x":0,"y":0,"z":0}},"packable":true,"pixelsToUnit":100,"pivot":{"x":0.5,"y":0.5},"meshType":0}],[0],0,[0],[0],[0]]]]
