[1,["19d8e393f@6c48a"],["_textureSource"],["cc.SpriteFrame","cc.SpriteAtlas"],0,[[[{"name":"btn_qiuqiu_xiazhu_10","rect":{"x":699,"y":519,"width":107,"height":108},"offset":{"x":0,"y":0},"originalSize":{"width":107,"height":108},"rotated":false,"capInsets":[0,0,0,0],"packable":true,"pixelsToUnit":100,"pivot":{"x":0.5,"y":0.5},"meshType":0}],[0],0,[0],[0],[0]],[[{"name":"tc_big","rect":{"x":3,"y":3,"width":960,"height":510},"offset":{"x":0,"y":0},"originalSize":{"width":960,"height":510},"rotated":false,"capInsets":[0,0,0,0],"packable":true,"pixelsToUnit":100,"pivot":{"x":0.5,"y":0.5},"meshType":0}],[0],0,[0],[0],[0]],[[{"name":"zi_qiuqiu_caizuo_Auto-Balik","rect":{"x":571,"y":995,"width":192,"height":23},"offset":{"x":0,"y":0},"originalSize":{"width":192,"height":23},"rotated":false,"capInsets":[0,0,0,0],"packable":true,"pixelsToUnit":100,"pivot":{"x":0.5,"y":0.5},"meshType":0}],[0],0,[0],[0],[0]],[[{"name":"icon_qiuqiu_cardback","rect":{"x":923,"y":781,"width":15,"height":30},"offset":{"x":0,"y":0},"originalSize":{"width":15,"height":30},"rotated":true,"capInsets":[0,0,0,0],"packable":true,"pixelsToUnit":100,"pivot":{"x":0.5,"y":0.5},"meshType":0}],[0],0,[0],[0],[0]],[[{"name":"zi_qiuqiu_caozuo_Naik","rect":{"x":934,"y":664,"width":30,"height":23},"offset":{"x":0,"y":0},"originalSize":{"width":30,"height":23},"rotated":true,"capInsets":[0,0,0,0],"packable":true,"pixelsToUnit":100,"pivot":{"x":0.5,"y":0.5},"meshType":0}],[0],0,[0],[0],[0]],[[{"name":"zi_qiuqiu_caozuo_Allin","rect":{"x":869,"y":781,"width":48,"height":18},"offset":{"x":0,"y":0},"originalSize":{"width":48,"height":18},"rotated":false,"capInsets":[0,0,0,0],"packable":true,"pixelsToUnit":100,"pivot":{"x":0.5,"y":0.5},"meshType":0}],[0],0,[0],[0],[0]],[[{"name":"zi_qiuqiu_jiesuan_TwinCards","rect":{"x":893,"y":519,"width":178,"height":35},"offset":{"x":0,"y":0},"originalSize":{"width":178,"height":35},"rotated":true,"capInsets":[0,0,0,0],"packable":true,"pixelsToUnit":100,"pivot":{"x":0.5,"y":0.5},"meshType":0}],[0],0,[0],[0],[0]],[[{"name":"btn_set_gules","rect":{"x":197,"y":987,"width":122,"height":23},"offset":{"x":0,"y":0},"originalSize":{"width":122,"height":23},"rotated":false,"capInsets":[0,0,0,0],"packable":true,"pixelsToUnit":100,"pivot":{"x":0.5,"y":0.5},"meshType":0}],[0],0,[0],[0],[0]],[[{"name":"btn_bet_deer","rect":{"x":980,"y":1008,"width":1,"height":1},"offset":{"x":0.5,"y":-0.5},"originalSize":{"width":2,"height":2},"rotated":false,"capInsets":[0,0,0,0],"packable":true,"pixelsToUnit":100,"pivot":{"x":0.5,"y":0.5},"meshType":0}],[0],0,[0],[0],[0]],[[{"name":"img_turn_tips","rect":{"x":3,"y":519,"width":342,"height":152},"offset":{"x":-0.5,"y":-0.5},"originalSize":{"width":349,"height":155},"rotated":false,"capInsets":[0,0,0,0],"packable":true,"pixelsToUnit":100,"pivot":{"x":0.5,"y":0.5},"meshType":0}],[0],0,[0],[0],[0]],[[{"name":"bg_qiuqiu_caozuobox","rect":{"x":3,"y":805,"width":833,"height":113},"offset":{"x":0,"y":0},"originalSize":{"width":833,"height":113},"rotated":false,"capInsets":[0,0,0,0],"packable":true,"pixelsToUnit":100,"pivot":{"x":0.5,"y":0.5},"meshType":0}],[0],0,[0],[0],[0]],[[{"name":"zi_qiuqiu_caizuo_IkutApapun","rect":{"x":3,"y":987,"width":188,"height":31},"offset":{"x":0,"y":0},"originalSize":{"width":188,"height":31},"rotated":false,"capInsets":[0,0,0,0],"packable":true,"pixelsToUnit":100,"pivot":{"x":0.5,"y":0.5},"meshType":0}],[0],0,[0],[0],[0]],[[{"name":"GameGules","rect":{"x":988,"y":805,"width":197,"height":32},"offset":{"x":0,"y":-0.5},"originalSize":{"width":197,"height":33},"rotated":true,"capInsets":[0,0,0,0],"packable":true,"pixelsToUnit":100,"pivot":{"x":0.5,"y":0.5},"meshType":0}],[0],0,[0],[0],[0]],[[{"name":"img_pesone_bg1","rect":{"x":334,"y":954,"width":231,"height":65},"offset":{"x":0,"y":0},"originalSize":{"width":231,"height":65},"rotated":false,"capInsets":[0,0,0,0],"packable":true,"pixelsToUnit":100,"pivot":{"x":0.5,"y":0.5},"meshType":0}],[0],0,[0],[0],[0]],[[{"name":"img_cutdown_bg","rect":{"x":3,"y":677,"width":328,"height":108},"offset":{"x":0,"y":0},"originalSize":{"width":328,"height":108},"rotated":false,"capInsets":[0,0,0,0],"packable":true,"pixelsToUnit":100,"pivot":{"x":0.5,"y":0.5},"meshType":0}],[0],0,[0],[0],[0]],[[{"name":"zi_qiuqiu_caozuo_Cek","rect":{"x":810,"y":781,"width":53,"height":16},"offset":{"x":0,"y":0},"originalSize":{"width":53,"height":16},"rotated":false,"capInsets":[0,0,0,0],"packable":true,"pixelsToUnit":100,"pivot":{"x":0.5,"y":0.5},"meshType":0}],[0],0,[0],[0],[0]],[[{"name":"auto_qiuqiu","spriteFrames":["tc_big","19YH3gvTVJOq5zWVdf6xOk@f9941","icon_dt_loading_0","85SRGGSIpIg5Ln+68tNNE9@f9941","bg_qiuqiu_caozuobox","479otY+ftOKa9rY+ck2zHx@f9941","head1","9aDFI9c1VN777b+ZnwQzEi@f9941","GameGules","49oZcl7EZCO5r7UFrWw6mw@f9941","icon_dt_loading_1","aeWzn69IFMkZbiNErfdbWs@f9941","btn_set_on","b0cv1SrdJFa4I+e3iEz7rv@f9941","pai_beimian","c5RYNEA65B1Y9rCj07+KTJ@f9941","btn_bet_deer","41GoDpQShF956ooAuNdaaW@f9941","bg_qiuqiu_jinebox","893ZGCSihLspQrjzy+slaZ@f9941","img_pesone_bg1","5diNwJnXdFWoefs1/Z7i6R@f9941","zi_qiuqiu_jiesuan_SmallCards","9eXhr72/tLtIIWB7/m9vNc@f9941","zi_qiuqiu_caizuo_Auto-Balik","22QIi5U6dCwZZecBN5w7xE@f9941","zi_qiuqiu_caizuo_IkutApapun","49lpgp1d5KK5aPkyJ+M6HF@f9941","btn_set_gules","3ehhj9WKdBaquKrfmWn8wo@f9941","img_turn_tips","44PYodskBOFoO4RvdohbUW@f9941","bg_qiuqiu_choumabg","70E7YBGNND0IbZsV8fkcq4@f9941","btn_qiuqiu_xiazhu_10","19BENtsCNNJL43aCo7HC9H@f9941","btn_quit","fffmKDaRxG1YwN0tATb8YT@f9941","btn_qiuqiu_xiazhuqueren","c0U31RoKdKE7EFrrFh9pwX@f9941","bg_qiuqiu_tishikuang","cdGNDR/Z5B57c4DFT5+sGT@f9941","icon_qiuqiu_xiazhu_choumajindu","c2Kw6ajyBEapkKznEHdieG@f9941","icon_qiuqiu_paibei","9dWgnyHQpGP5Y7b69bwT2h@f9941","img_cutdown_bg","63xcNrsK9Hk4q8oXdfCdQg@f9941","bg_qiuqiu_jbtishikuang","6aaEacuiRPUap4Y7DWsnxh@f9941","zi_qiuqiu_jiesuan_TwinCards","3bESPmfRlAjZp1O+1U0/3X@f9941","btn_set_music","d8NxhqFc5J4a5P/oKM6ItP@f9941","btn_set_change","8fhNnm3zVJQoMz/NH5CkV2@f9941","zi_qiuqiu_caozuo_Naik","30nkF+E6ZJ9r/rGGn7PhTy@f9941","zi_qiuqiu_caozuo_Cek","63//u5PtBLjZurMkDq50Xa@f9941","zi_qiuqiu_caozuo_Allin","37gX7FIS1DH6JDIrIax4He@f9941","icon_qiuqiu_cardback","24WgaLId5FV7CMZFqJJodL@f9941","bg_qiuqiu_xiazhubox","21GAr2BfpP96H/JxorUNUb@f9941","img_set_bg","45f6ebegpIEae7ORKxCxoc@f9941","img_pesone_bg","90vtjwJm5L9JSk08Z6W9M0@f9941","btn_continue","e4OLJhwEdG8ZoWeUpV4Leo@f9941","Cek_Balik","8cng5EmLxCRrWQXQPo9fVM@f9941","btn_qiuqiu_caozuo_yellow","28pmjlM7JHro+YQ6iK7ISd@f9941","img_banker_bg","c9hLFp4xBFU5mkq7tSicS9@f9941","btn_qiuqiu_caozuo_green","d8G99xrgNCnqTIMumCe/ia@f9941","Cek","41X3C5QTVIg7CHu9n4bPTA@f9941","btn_qiuqiu_caozuo_red","deCWQrZthAqasO9dQnBbwq@f9941","zi_qiuqiu_caizuo_Cek","5bZ+Yfm2lBrKOje5tf93sc@f9941","zi_qiuqiu_jiesuan_saix","88EperHqpKh5tlufYeHQD4@f9941","btn_set_off","262ApIrrpIZpXGuU/fQuet@f9941","zi_qiuqiu_jiesuan_BigCards","a67KWyQdtAGLCs309QkNdX@f9941","icon_qiuqiu_cek_l","a6sS1g75dN0ZBL4b7bNpNH@f9941","zi_qiuqiu_jiesuan_QiuQiu","5dUHKY865GR5TzAc/Tm4MV@f9941","zi_qiuqiu_caizuo_Balik","83HxqQaZdGyar5ZeEe2jln@f9941","btn_qiuqiu_xiazhu_beishu","5bLosPsKdBnqr7aDjFWSWe@f9941","zi_qiuqiu_caizuo_Auto-Ikut","41UDzwXKxKxJKcOBT8thvg@f9941","btn_offpink","87m0RrTzxBJIqZeCdRp4Dp@f9941","icon_qiuqiu_naik_s","fbwA4wcHpPTJCp0AGJIpHE@f9941","zi_qiuqiu_caizuo_Naik","64OUFSjw1L+6HTawmiXKje@f9941","btn_qiuqiu_xiazhu_50","4cF0TP1UpBdqxWIOiNA69F@f9941","btn_qiuqiu_xiazhu_5","99U5j74cdLH51/J9Bu1kpR@f9941","btn_qiuqiu_xiazhu_20","91CkeQaUVPmI7uvgVIOl/l@f9941","icon_qiuqiu_allin_l","0eudzvDQpNAKtxh480B8eU@f9941","btn_qiuqiu_caozuo_weixuan","1bkhnJTO5EsYDjTj11JB4S@f9941","img_head_bg","7cDrfNs8BDEaO4j8iDTvXY@f9941","btn_quiqui_down","435R8ZFGdD8oqVVxizOD7R@f9941","icon_qiuqiu_bailk_s","24arivmbFLYLMN50nvDOh8@f9941","zi_qiuqiu_caozuo_Balik","9bqdTbfhNIO4JED4rLjKTB@f9941","icon_qiuqiu_allin_s","63DejEAqBO9rMKAzVevCtV@f9941","btn_qiuqiu_caozuo_quanzhong","28SvCw2RFHZp4w3I7B80IG@f9941","btn_set_quit","1d2rUFj3VOJYAl01HsBknk@f9941","icon_qiuqiu_ikut_s","b3s1iu9GZAgbGgsOfWTbYU@f9941","icon_qiuqiu_bailk_r","d5AI3C24VDSatFnRe9L/Rh@f9941","btn_set_effect","efqQH7xFhOd6tFvgFXRiVy@f9941","icon_qiuqiu_allin_r","f5Y8oUeqxI1Z6YstIJRrZh@f9941","zi_qiuqiu_caizuo_Ikut","f4fJm9m/BKKZT4Q91Bce3w@f9941","zi_qiuqiu_cuaozuo_Ikut","57WCH8KfdAkYRL/XgH+JjZ@f9941","icon_qiuqiu_bailk_l","fa9/9OFxZKD4BRBsnRFk+V@f9941","icon_qiuqiu_naik_l","20oprpaUhG4I6uoU3/OIGQ@f9941","icon_qiuqiu_ikutl_l","b7tkzPnq1PcY6s+plF+KgT@f9941","icon_qiuqiu_ikutl_r","c0thKsA+JHoZoUEhKDu5xk@f9941","btn_off","d8JerikldEFrtaGL0N8ACP@f9941","btn_quiqui_gift","deKqKiz0NDn6etWt3XNcRt@f9941","icon_qiuqiu_naik_r","fdUdb2LIVAYKpVz0hYx2wu@f9941","icon_qiuqiu_cek_r","08eAXbh5FGCo+nZrGfAAmp@f9941","btn_quiqui_chat","56xpas+zdCl7Gp+2JnbJyh@f9941","icon_qiuqiu_cek_s","8bw6JUiSRKBIdl95sV3vTY@f9941","btn_quiqui_shop","7fy4NnVKNPhZH1XgRJPstr@f9941","btn_quiqui_up","82HjZma3VPs6rQq6Uk8BOW@f9941"]}],[1],0,[],[],[]],[[{"name":"bg_qiuqiu_jbtishikuang","rect":{"x":810,"y":739,"width":143,"height":36},"offset":{"x":0,"y":0},"originalSize":{"width":143,"height":36},"rotated":false,"capInsets":[0,0,0,0],"packable":true,"pixelsToUnit":100,"pivot":{"x":0.5,"y":0.5},"meshType":0}],[0],0,[0],[0],[0]],[[{"name":"bg_qiuqiu_choumabg","rect":{"x":351,"y":519,"width":135,"height":342},"offset":{"x":0,"y":0},"originalSize":{"width":135,"height":342},"rotated":true,"capInsets":[0,0,0,0],"packable":true,"pixelsToUnit":100,"pivot":{"x":0.5,"y":0.5},"meshType":0}],[0],0,[0],[0],[0]],[[{"name":"icon_dt_loading_0","rect":{"x":969,"y":3,"width":796,"height":48},"offset":{"x":0,"y":0},"originalSize":{"width":796,"height":48},"rotated":true,"capInsets":[0,0,0,0],"packable":true,"pixelsToUnit":100,"pivot":{"x":0.5,"y":0.5},"meshType":0}],[0],0,[0],[0],[0]],[[{"name":"bg_qiuqiu_jinebox","rect":{"x":3,"y":954,"width":325,"height":27},"offset":{"x":0,"y":0},"originalSize":{"width":325,"height":27},"rotated":false,"capInsets":[0,0,0,0],"packable":true,"pixelsToUnit":100,"pivot":{"x":0.5,"y":0.5},"meshType":0}],[0],0,[0],[0],[0]],[[{"name":"btn_set_change","rect":{"x":934,"y":519,"width":139,"height":27},"offset":{"x":0,"y":0.5},"originalSize":{"width":139,"height":28},"rotated":true,"capInsets":[0,0,0,0],"packable":true,"pixelsToUnit":100,"pivot":{"x":0.5,"y":0.5},"meshType":0}],[0],0,[0],[0],[0]],[[{"name":"head1","rect":{"x":842,"y":805,"width":140,"height":140},"offset":{"x":0,"y":0},"originalSize":{"width":140,"height":140},"rotated":false,"capInsets":[0,0,0,0],"packable":true,"pixelsToUnit":100,"pivot":{"x":0.5,"y":0.5},"meshType":0}],[0],0,[0],[0],[0]],[[{"name":"icon_qiuqiu_paibei","rect":{"x":693,"y":762,"width":28,"height":55},"offset":{"x":0,"y":0},"originalSize":{"width":28,"height":55},"rotated":true,"capInsets":[0,0,0,0],"packable":true,"pixelsToUnit":100,"pivot":{"x":0.5,"y":0.5},"meshType":0}],[0],0,[0],[0],[0]],[[{"name":"zi_qiuqiu_jiesuan_SmallCards","rect":{"x":571,"y":954,"width":194,"height":35},"offset":{"x":0,"y":0},"originalSize":{"width":194,"height":35},"rotated":false,"capInsets":[0,0,0,0],"packable":true,"pixelsToUnit":100,"pivot":{"x":0.5,"y":0.5},"meshType":0}],[0],0,[0],[0],[0]],[[{"name":"icon_dt_loading_1","rect":{"x":3,"y":924,"width":772,"height":24},"offset":{"x":0,"y":0},"originalSize":{"width":772,"height":24},"rotated":false,"capInsets":[11,0,11,0],"packable":true,"pixelsToUnit":100,"pivot":{"x":0.5,"y":0.5},"meshType":0}],[0],0,[0],[0],[0]],[[{"name":"btn_set_on","rect":{"x":781,"y":924,"width":91,"height":55},"offset":{"x":2,"y":-0.5},"originalSize":{"width":95,"height":60},"rotated":true,"capInsets":[0,0,0,0],"packable":true,"pixelsToUnit":100,"pivot":{"x":0.5,"y":0.5},"meshType":0}],[0],0,[0],[0],[0]],[[{"name":"btn_qiuqiu_xiazhuqueren","rect":{"x":699,"y":633,"width":123,"height":61},"offset":{"x":0,"y":0},"originalSize":{"width":123,"height":61},"rotated":true,"capInsets":[0,0,0,0],"packable":true,"pixelsToUnit":100,"pivot":{"x":0.5,"y":0.5},"meshType":0}],[0],0,[0],[0],[0]],[[{"name":"icon_qiuqiu_xiazhu_choumajindu","rect":{"x":351,"y":660,"width":118,"height":336},"offset":{"x":0,"y":0},"originalSize":{"width":118,"height":336},"rotated":true,"capInsets":[0,0,0,0],"packable":true,"pixelsToUnit":100,"pivot":{"x":0.5,"y":0.5},"meshType":0}],[0],0,[0],[0],[0]],[[{"name":"pai_beimian","rect":{"x":842,"y":951,"width":62,"height":132},"offset":{"x":0,"y":0},"originalSize":{"width":62,"height":132},"rotated":true,"capInsets":[0,0,0,0],"packable":true,"pixelsToUnit":100,"pivot":{"x":0.5,"y":0.5},"meshType":0}],[0],0,[0],[0],[0]],[[{"name":"bg_qiuqiu_tishikuang","rect":{"x":766,"y":633,"width":163,"height":38},"offset":{"x":0,"y":0},"originalSize":{"width":163,"height":38},"rotated":true,"capInsets":[0,0,0,0],"packable":true,"pixelsToUnit":100,"pivot":{"x":0.5,"y":0.5},"meshType":0}],[0],0,[0],[0],[0]],[[{"name":"btn_set_music","rect":{"x":893,"y":703,"width":60,"height":21},"offset":{"x":0.5,"y":0},"originalSize":{"width":61,"height":21},"rotated":false,"capInsets":[0,0,0,0],"packable":true,"pixelsToUnit":100,"pivot":{"x":0.5,"y":0.5},"meshType":0}],[0],0,[0],[0],[0]],[[{"name":"btn_quit","rect":{"x":812,"y":519,"width":214,"height":75},"offset":{"x":0,"y":0},"originalSize":{"width":214,"height":75},"rotated":true,"capInsets":[0,0,0,0],"packable":true,"pixelsToUnit":100,"pivot":{"x":0.5,"y":0.5},"meshType":0}],[0],0,[0],[0],[0]]]]
