[1,["cdHxnXkNZNIJmdZCjOSzrA","b86Ln+qG9NcpkDsw6ljuQj@f9941","44WWtLKfVAspxHTKcR7ILj@f9941","38oQEzO6FMiIH5cY3/oKfy@f9941","f9fZfRP8ZFJY37evmerUFF","91CgHM4K9BKIlwUt5bd+za@f9941","e7eSOW6XtI3pLCCm4OcAAn@f9941","20g1ukYUVPvKWKBRznAKo+@f9941","54TknWPwVPqJqeCR+Y/Czo@f9941","95EkngnxZFbYuFpsqVTaFr@f9941","90ivsCretNZJwufFeetcaa@f9941","90ivsCretNZJwufFeetcaa@6c48a","91CgHM4K9BKIlwUt5bd+za@6c48a","18F/Bt3pNJOKRD2/u5POkF@6c48a"],["node","_spriteFrame","_atlas","_target","_normalSprite","_textureSource","root","data","_parent","_skeletonData","_hoverSprite","_pressedSprite","_disabledSprite"],[["cc.Node",["_name","_components","_prefab","_children","_lpos","_parent"],2,9,4,2,5,1],["cc.UITransform",["node","__prefab","_contentSize","_anchorPoint"],3,1,4,5,5],["cc.Sprite",["_sizeMode","_type","node","__prefab","_spriteFrame","_atlas"],1,1,4,6,6],["cc.Label",["_actualFontSize","_fontSize","_string","_lineHeight","node","__prefab","_color"],-1,1,4,5],"cc.SpriteFrame",["cc.Button",["_transition","_zoomScale","node","__prefab","_normalColor","_target","_normalSprite","_hoverSprite","_pressedSprite","_disabledSprite"],1,1,4,5,1,6,6,6,6],["cc.Layout",["_layoutType","_resizeMode","_spacingX","node","__prefab"],0,1,4],["cc.Prefab",["_name"],2],["cc.CompPrefabInfo",["fileId"],2],["cc.PrefabInfo",["fileId","instance","targetOverrides","nestedPrefabInstanceRoots","root","asset"],-1,1,1],["sp.Skeleton",["defaultSkin","defaultAnimation","_premultipliedAlpha","_preCacheMode","node","__prefab","_skeletonData"],-1,1,4,6],["sp.SkeletonData",["_name","_atlasText","textureNames","_skeletonJson","textures"],-1,3]],[[8,0,2],[9,0,1,2,3,4,5,5],[1,0,1,2,1],[0,0,5,1,2,4,2],[3,2,0,1,3,4,5,6,5],[0,0,5,3,1,2,4,2],[1,0,1,2,3,1],[2,1,0,2,3,4,5,3],[2,2,3,4,5,1],[5,0,1,2,3,4,5,6,3],[7,0,2],[0,0,3,1,2,2],[0,0,3,1,2,4,2],[1,0,1,1],[2,0,2,3,4,5,2],[5,0,1,2,3,4,5,6,7,8,9,3],[6,1,0,3,4,3],[6,0,2,3,4,3],[10,0,1,2,3,4,5,6,5],[3,2,0,1,4,5,4],[3,0,1,3,4,5,4],[11,0,1,2,3,4,5]],[[[[10,"prefabs_domino_lose"],[11,"prefabs_domino_lose",[-3,-4,-5,-6],[[13,-2,[0,"fdZz/fOwJEaYGK4Z+bmUnF"]]],[1,"c46/YsCPVOJYA4mWEpNYRx",null,null,null,-1,0]],[12,"props_player_item",[-9,-10,-11,-12,-13,-14,-15,-16],[[2,-7,[0,"27yE/TVXBCrpvZ1TrlrWOD"],[5,1037,96]],[8,-8,[0,"cfuWZXIIxLaKWv0gvPW/fn"],17,18]],[1,"3aI85Kg05E6rqit728aTIs",null,null,null,1,0],[1,0,-48,0]],[5,"props_btn_continue",1,[-21],[[2,-17,[0,"c7EZiLUulK8rIPnzOO8JYq"],[5,214,75]],[7,1,0,-18,[0,"07MimR0aVFz4+HlVjweJS2"],6,7],[9,3,0.9,-20,[0,"45lHAwS7BN9oRG4pNz1kw2"],[4,4292269782],-19,8]],[1,"21VskE80hNsqXxs5HjNLj5",null,null,null,1,0],[1,172,-290,0]],[3,"props_btn_quit",1,[[2,-22,[0,"e72gbqpdlPQ4Xw2JHaDDdk"],[5,214,75]],[7,1,0,-23,[0,"0a+vQ6iKVC6KYSv/llpTq7"],3,4],[9,3,0.9,-25,[0,"5a07qPz9ZCaa7zGgWLxaRa"],[4,4292269782],-24,5]],[1,"6fIdjpmjRPJbLxzbjT3eAk",null,null,null,1,0],[1,-150,-290,0]],[3,"props_btn_mine_head",2,[[2,-26,[0,"44DqVnPzhK5ZgnI2KuYwlK"],[5,70,70]],[7,1,0,-27,[0,"937L2BSBJOfJ3Nevs5ta1K"],11,12],[15,3,1,-29,[0,"36idTFChZFBKcv/98/JKCa"],[4,4292269782],-28,13,14,15,16]],[1,"5egtAwBwdOLLz2y8UqaiNy",null,null,null,1,0],[1,-410,2,0]],[5,"spr_lose_bg",1,[-32],[[2,-30,[0,"4fuOwKcX1Dg69epTvB7D/m"],[5,1046,580]],[8,-31,[0,"43Sk2f4GRE0KZL1dxN64fS"],1,2]],[1,"98FTaBN0JEp5tNm13xyrkn",null,null,null,1,0],[1,0,62,0]],[5,"props_players",1,[2],[[6,-33,[0,"9e/xD8NetFAKzw+jXLquD/"],[5,100,96],[0,0.5,1]],[16,1,2,-34,[0,"60j333G45KE5obU26FfUyW"]]],[1,"e1NEVtP8hBhK2ZiAPiBDKQ",null,null,null,1,0],[1,0,156,0]],[3,"skeleton",6,[[2,-35,[0,"7bWYiXuXdNIIUJ/OHMyi0w"],[5,337,118]],[18,"default","animation",false,0,-36,[0,"d63rUElSJJx7U+oM+2mP/y"],0]],[1,"b5ZAYfP3ZA7Z4RkgtgbJ8t",null,null,null,1,0],[1,0,210,0]],[3,"props_label_times",3,[[2,-37,[0,"48AFZapZhEb6+asXmZQSDp"],[5,21.12,50.4]],[19,"3s",20,20,-38,[0,"d3PzpWQ8pPirryCNS2TfQf"]]],[1,"f59gl/aIxPGbQqkEuMu0Ro",null,null,null,1,0],[1,74,4,0]],[3,"props_label_name",2,[[6,-39,[0,"fbj7vlbXhJX4n4iU6WAESP"],[5,50.71,37.8],[0,0,0.5]],[20,24,24,30,-40,[0,"6eZAh1KCBATrPaz1h80cwN"]]],[1,"49AU5h6kZD/ZiBXxMJun5A",null,null,null,1,0],[1,-363.522,18,0]],[3,"props_label_id",2,[[6,-41,[0,"cbVOSlnWxLpqwHY4KZboDH"],[5,203.19,37.8],[0,0,0.5]],[4,"ID:359996567752675328",18,18,30,-42,[0,"afT/FWKPJAdLRiDpSlWpCM"],[4,4291668883]]],[1,"1djHHab05CDblTJedRw4if",null,null,null,1,0],[1,-363.522,-16,0]],[3,"props_label_odds",2,[[2,-43,[0,"9aPSfbsSVFc60uTNf7VPHk"],[5,114.11,37.8]],[4,"QUINTET",26,26,30,-44,[0,"aaR+V7wL9CnJXa8hB7RLHu"],[4,4291668883]]],[1,"edTYXbk25BDbJoBtI5QCxU",null,null,null,1,0],[1,-102,2,0]],[3,"props_label_bet",2,[[2,-45,[0,"f4r0uXE9VBdLLx+JSVpMrV"],[5,60.72,37.8]],[4,"500K",26,26,30,-46,[0,"f18ZcEA5ZJq5YOZ+VmGecQ"],[4,4291668883]]],[1,"fbFdk/8xBHMo1LnWvZ6IQ6",null,null,null,1,0],[1,32,2,0]],[3,"props_label_count",2,[[2,-47,[0,"b5CpdhxvBMi6JCiiGUgX1b"],[5,69.38,37.8]],[4,"-500K",26,26,30,-48,[0,"bbcRSNNmJPlL1jStPn5efh"],[4,4291668883]]],[1,"75H1RGHKlOirXVeBruj4TE",null,null,null,1,0],[1,170,2,0]],[3,"props_layout_cards",2,[[2,-49,[0,"f2fkqN91lKDa2dIzf3CM46"],[5,210,60]],[17,1,5,-50,[0,"53yYQ72V9EH6hxxubcQza7"]]],[1,"f7FcjllFVCa402vdHQoGdn",null,null,null,1,0],[1,340,-2,0]],[3,"spr_mine_head",2,[[2,-51,[0,"acXfWQZONOK4jLOGZAlRAk"],[5,70,70]],[14,0,-52,[0,"39e/8oKxlFK4lrL75rLRgE"],9,10]],[1,"28E7Nz2pBJfLUTlo4Xvxh6",null,null,null,1,0],[1,-410,2,0]]],0,[0,6,1,0,0,1,0,-1,6,0,-2,4,0,-3,3,0,-4,7,0,0,2,0,0,2,0,-1,10,0,-2,11,0,-3,12,0,-4,13,0,-5,14,0,-6,15,0,-7,16,0,-8,5,0,0,3,0,0,3,0,3,3,0,0,3,0,-1,9,0,0,4,0,0,4,0,3,4,0,0,4,0,0,5,0,0,5,0,3,5,0,0,5,0,0,6,0,0,6,0,-1,8,0,0,7,0,0,7,0,0,8,0,0,8,0,0,9,0,0,9,0,0,10,0,0,10,0,0,11,0,0,11,0,0,12,0,0,12,0,0,13,0,0,13,0,0,14,0,0,14,0,0,15,0,0,15,0,0,16,0,0,16,0,7,1,2,8,7,52],[0,0,0,0,0,0,0,0,0,0,0,0,0,0,0,0,0,0,0],[9,1,2,1,2,4,1,2,4,1,2,1,2,4,10,11,12,1,2],[4,5,0,1,0,1,2,0,2,6,0,3,0,3,7,8,9,10,0]],[[{"name":"spr_lose_oneBg","rect":{"x":5,"y":0,"width":1037,"height":96},"offset":{"x":-0.5,"y":0},"originalSize":{"width":1048,"height":96},"rotated":false,"capInsets":[0,0,0,0],"vertices":{"rawPosition":[-518.5,-48,0,518.5,-48,0,-518.5,48,0,518.5,48,0],"indexes":[0,1,2,2,1,3],"uv":[5,96,1042,96,5,0,1042,0],"nuv":[0.004770992366412214,0,0.9942748091603053,0,0.004770992366412214,1,0.9942748091603053,1],"minPos":{"x":-518.5,"y":-48,"z":0},"maxPos":{"x":518.5,"y":48,"z":0}},"packable":true,"pixelsToUnit":100,"pivot":{"x":0.5,"y":0.5},"meshType":0}],[4],0,[0],[5],[11]],[[{"name":"spr_lose_bg","rect":{"x":1,"y":1,"width":1046,"height":580},"offset":{"x":0,"y":-0.5},"originalSize":{"width":1048,"height":581},"rotated":false,"capInsets":[0,0,0,0],"vertices":{"rawPosition":[-523,-290,0,523,-290,0,-523,290,0,523,290,0],"indexes":[0,1,2,2,1,3],"uv":[1,580,1047,580,1,0,1047,0],"nuv":[0.0009541984732824427,0,0.9990458015267175,0,0.0009541984732824427,0.9982788296041308,0.9990458015267175,0.9982788296041308],"minPos":{"x":-523,"y":-290,"z":0},"maxPos":{"x":523,"y":290,"z":0}},"packable":true,"pixelsToUnit":100,"pivot":{"x":0.5,"y":0.5},"meshType":0}],[4],0,[0],[5],[12]],[[[21,"skeleton","\r\nskeleton.png\r\nsize: 2048,1024\r\nformat: RGBA8888\r\nfilter: Linear,Linear\r\nrepeat: none\r\nlizit_01\r\n  rotate: false\r\n  xy: 341, 482\r\n  size: 337, 118\r\n  orig: 337, 118\r\n  offset: 0, 0\r\n  index: -1\r\nlizit_02\r\n  rotate: false\r\n  xy: 680, 482\r\n  size: 337, 118\r\n  orig: 337, 118\r\n  offset: 0, 0\r\n  index: -1\r\nlizit_03\r\n  rotate: false\r\n  xy: 1019, 482\r\n  size: 337, 118\r\n  orig: 337, 118\r\n  offset: 0, 0\r\n  index: -1\r\nlizit_04\r\n  rotate: false\r\n  xy: 1358, 482\r\n  size: 337, 118\r\n  orig: 337, 118\r\n  offset: 0, 0\r\n  index: -1\r\nlizit_05\r\n  rotate: false\r\n  xy: 1697, 482\r\n  size: 337, 118\r\n  orig: 337, 118\r\n  offset: 0, 0\r\n  index: -1\r\nlizit_06\r\n  rotate: false\r\n  xy: 2, 362\r\n  size: 337, 118\r\n  orig: 337, 118\r\n  offset: 0, 0\r\n  index: -1\r\nlizit_07\r\n  rotate: false\r\n  xy: 341, 362\r\n  size: 337, 118\r\n  orig: 337, 118\r\n  offset: 0, 0\r\n  index: -1\r\nlizit_08\r\n  rotate: false\r\n  xy: 680, 362\r\n  size: 337, 118\r\n  orig: 337, 118\r\n  offset: 0, 0\r\n  index: -1\r\nlizit_09\r\n  rotate: false\r\n  xy: 1019, 362\r\n  size: 337, 118\r\n  orig: 337, 118\r\n  offset: 0, 0\r\n  index: -1\r\nlizit_10\r\n  rotate: false\r\n  xy: 1358, 362\r\n  size: 337, 118\r\n  orig: 337, 118\r\n  offset: 0, 0\r\n  index: -1\r\nlizit_11\r\n  rotate: false\r\n  xy: 1697, 362\r\n  size: 337, 118\r\n  orig: 337, 118\r\n  offset: 0, 0\r\n  index: -1\r\nlizit_12\r\n  rotate: false\r\n  xy: 2, 242\r\n  size: 337, 118\r\n  orig: 337, 118\r\n  offset: 0, 0\r\n  index: -1\r\nlizit_13\r\n  rotate: false\r\n  xy: 341, 242\r\n  size: 337, 118\r\n  orig: 337, 118\r\n  offset: 0, 0\r\n  index: -1\r\nlizit_14\r\n  rotate: false\r\n  xy: 680, 242\r\n  size: 337, 118\r\n  orig: 337, 118\r\n  offset: 0, 0\r\n  index: -1\r\nlizit_15\r\n  rotate: false\r\n  xy: 1019, 242\r\n  size: 337, 118\r\n  orig: 337, 118\r\n  offset: 0, 0\r\n  index: -1\r\nlizit_16\r\n  rotate: false\r\n  xy: 1358, 242\r\n  size: 337, 118\r\n  orig: 337, 118\r\n  offset: 0, 0\r\n  index: -1\r\nlizit_17\r\n  rotate: false\r\n  xy: 1697, 242\r\n  size: 337, 118\r\n  orig: 337, 118\r\n  offset: 0, 0\r\n  index: -1\r\nlizit_18\r\n  rotate: false\r\n  xy: 2, 122\r\n  size: 337, 118\r\n  orig: 337, 118\r\n  offset: 0, 0\r\n  index: -1\r\nlizit_19\r\n  rotate: false\r\n  xy: 341, 122\r\n  size: 337, 118\r\n  orig: 337, 118\r\n  offset: 0, 0\r\n  index: -1\r\nlizit_20\r\n  rotate: false\r\n  xy: 680, 122\r\n  size: 337, 118\r\n  orig: 337, 118\r\n  offset: 0, 0\r\n  index: -1\r\nlizit_21\r\n  rotate: false\r\n  xy: 1019, 122\r\n  size: 337, 118\r\n  orig: 337, 118\r\n  offset: 0, 0\r\n  index: -1\r\nlizit_22\r\n  rotate: false\r\n  xy: 1358, 122\r\n  size: 337, 118\r\n  orig: 337, 118\r\n  offset: 0, 0\r\n  index: -1\r\nlizit_23\r\n  rotate: false\r\n  xy: 1697, 122\r\n  size: 337, 118\r\n  orig: 337, 118\r\n  offset: 0, 0\r\n  index: -1\r\nlizit_24\r\n  rotate: false\r\n  xy: 2, 2\r\n  size: 337, 118\r\n  orig: 337, 118\r\n  offset: 0, 0\r\n  index: -1\r\nlizit_25\r\n  rotate: false\r\n  xy: 341, 2\r\n  size: 337, 118\r\n  orig: 337, 118\r\n  offset: 0, 0\r\n  index: -1\r\nlizit_26\r\n  rotate: false\r\n  xy: 680, 2\r\n  size: 337, 118\r\n  orig: 337, 118\r\n  offset: 0, 0\r\n  index: -1\r\nlizit_27\r\n  rotate: false\r\n  xy: 1019, 2\r\n  size: 337, 118\r\n  orig: 337, 118\r\n  offset: 0, 0\r\n  index: -1\r\nlizit_28\r\n  rotate: false\r\n  xy: 1358, 2\r\n  size: 337, 118\r\n  orig: 337, 118\r\n  offset: 0, 0\r\n  index: -1\r\nlizit_29\r\n  rotate: false\r\n  xy: 1697, 2\r\n  size: 337, 118\r\n  orig: 337, 118\r\n  offset: 0, 0\r\n  index: -1\r\nlizit_30\r\n  rotate: false\r\n  xy: 2, 482\r\n  size: 337, 118\r\n  orig: 337, 118\r\n  offset: 0, 0\r\n  index: -1\r\nlizit_00\r\n  rotate: false\r\n  xy: 2, 482\r\n  size: 337, 118\r\n  orig: 337, 118\r\n  offset: 0, 0\r\n  index: -1\r\n",["skeleton.png"],{"skeleton":{"hash":"ysu8Dhij+0+G6YQ9pRYhUK+vWn8","spine":"3.8.99","x":-168,"y":-59,"width":337,"height":118,"images":"C:/Users/Administrator/Desktop/lizit","audio":""},"bones":[{"name":"root"}],"slots":[{"name":"lizi","bone":"root","attachment":"lizit_30"}],"skins":[{"name":"default","attachments":{"lizi":{"lizit_00":{"x":0.5,"width":337,"height":118},"lizit_01":{"x":0.5,"width":337,"height":118},"lizit_02":{"x":0.5,"width":337,"height":118},"lizit_03":{"x":0.5,"width":337,"height":118},"lizit_04":{"x":0.5,"width":337,"height":118},"lizit_05":{"x":0.5,"width":337,"height":118},"lizit_06":{"x":0.5,"width":337,"height":118},"lizit_07":{"x":0.5,"width":337,"height":118},"lizit_08":{"x":0.5,"width":337,"height":118},"lizit_09":{"x":0.5,"width":337,"height":118},"lizit_10":{"x":0.5,"width":337,"height":118},"lizit_11":{"x":0.5,"width":337,"height":118},"lizit_12":{"x":0.5,"width":337,"height":118},"lizit_13":{"x":0.5,"width":337,"height":118},"lizit_14":{"x":0.5,"width":337,"height":118},"lizit_15":{"x":0.5,"width":337,"height":118},"lizit_16":{"x":0.5,"width":337,"height":118},"lizit_17":{"x":0.5,"width":337,"height":118},"lizit_18":{"x":0.5,"width":337,"height":118},"lizit_19":{"x":0.5,"width":337,"height":118},"lizit_20":{"x":0.5,"width":337,"height":118},"lizit_21":{"x":0.5,"width":337,"height":118},"lizit_22":{"x":0.5,"width":337,"height":118},"lizit_23":{"x":0.5,"width":337,"height":118},"lizit_24":{"x":0.5,"width":337,"height":118},"lizit_25":{"x":0.5,"width":337,"height":118},"lizit_26":{"x":0.5,"width":337,"height":118},"lizit_27":{"x":0.5,"width":337,"height":118},"lizit_28":{"x":0.5,"width":337,"height":118},"lizit_29":{"x":0.5,"width":337,"height":118},"lizit_30":{"x":0.5,"width":337,"height":118}}}}],"animations":{"animation":{"slots":{"lizi":{"attachment":[{"name":"lizit_00"},{"time":0.0333,"name":"lizit_01"},{"time":0.0667,"name":"lizit_02"},{"time":0.1,"name":"lizit_03"},{"time":0.1333,"name":"lizit_04"},{"time":0.1667,"name":"lizit_05"},{"time":0.2,"name":"lizit_06"},{"time":0.2333,"name":"lizit_07"},{"time":0.2667,"name":"lizit_08"},{"time":0.3,"name":"lizit_09"},{"time":0.3333,"name":"lizit_10"},{"time":0.3667,"name":"lizit_11"},{"time":0.4,"name":"lizit_12"},{"time":0.4333,"name":"lizit_13"},{"time":0.4667,"name":"lizit_14"},{"time":0.5,"name":"lizit_15"},{"time":0.5333,"name":"lizit_16"},{"time":0.5667,"name":"lizit_17"},{"time":0.6,"name":"lizit_18"},{"time":0.6333,"name":"lizit_19"},{"time":0.6667,"name":"lizit_20"},{"time":0.7,"name":"lizit_21"},{"time":0.7333,"name":"lizit_22"},{"time":0.7667,"name":"lizit_23"},{"time":0.8,"name":"lizit_24"},{"time":0.8333,"name":"lizit_25"},{"time":0.8667,"name":"lizit_26"},{"time":0.9,"name":"lizit_27"},{"time":0.9333,"name":"lizit_28"},{"time":0.9667,"name":"lizit_29"},{"time":1,"name":"lizit_30"}]}}}}},[0]]],0,0,[0],[-1],[13]]]]
