[1,["9fpVHdqzVEdINpJ6Ah3VBT@6c48a"],["_textureSource"],["cc.SpriteFrame"],0,[{"name":"common_payline_tips3_5","rect":{"x":59,"y":6,"width":315,"height":295},"offset":{"x":16.5,"y":6.5},"originalSize":{"width":400,"height":320},"rotated":false,"capInsets":[0,0,0,0],"vertices":{"rawPosition":[-157.5,-147.5,0,157.5,-147.5,0,-157.5,147.5,0,157.5,147.5,0],"indexes":[0,1,2,2,1,3],"uv":[59,314,374,314,59,19,374,19],"nuv":[0.1475,0.059375,0.935,0.059375,0.1475,0.98125,0.935,0.98125],"minPos":{"x":-157.5,"y":-147.5,"z":0},"maxPos":{"x":157.5,"y":147.5,"z":0}},"packable":true,"pixelsToUnit":100,"pivot":{"x":0.5,"y":0.5},"meshType":0}],[0],0,[0],[0],[0]]
