[1,["1d03aaf07@6c48a"],["_textureSource"],["cc.SpriteFrame"],0,[[[{"name":"mianfei","rect":{"x":747,"y":809,"width":172,"height":78},"offset":{"x":0.5,"y":-0.5},"originalSize":{"width":179,"height":85},"rotated":true,"capInsets":[0,0,0,0],"packable":true,"pixelsToUnit":100,"pivot":{"x":0.5,"y":0.5},"meshType":0}],[0],0,[0],[0],[0]],[[{"name":"bg_dfdc_MAJOR","rect":{"x":935,"y":880,"width":96,"height":27},"offset":{"x":0,"y":0},"originalSize":{"width":102,"height":31},"rotated":true,"capInsets":[0,0,0,0],"packable":true,"pixelsToUnit":100,"pivot":{"x":0.5,"y":0.5},"meshType":0}],[0],0,[0],[0],[0]],[[{"name":"tips_box","rect":{"x":747,"y":489,"width":314,"height":85},"offset":{"x":0,"y":0},"originalSize":{"width":314,"height":85},"rotated":true,"capInsets":[0,0,0,0],"packable":true,"pixelsToUnit":100,"pivot":{"x":0.5,"y":0.5},"meshType":0}],[0],0,[0],[0],[0]],[[{"name":"bg_dfdc_MINOR","rect":{"x":899,"y":982,"width":99,"height":25},"offset":{"x":0,"y":0},"originalSize":{"width":105,"height":27},"rotated":false,"capInsets":[0,0,0,0],"packable":true,"pixelsToUnit":100,"pivot":{"x":0.5,"y":0.5},"meshType":0}],[0],0,[0],[0],[0]],[[{"name":"img_down_betBg","rect":{"x":838,"y":489,"width":272,"height":84},"offset":{"x":0,"y":-1},"originalSize":{"width":276,"height":86},"rotated":true,"capInsets":[0,0,0,0],"packable":true,"pixelsToUnit":100,"pivot":{"x":0.5,"y":0.5},"meshType":0}],[0],0,[0],[0],[0]],[[{"name":"bg_dfdc_guize_anniu","rect":{"x":831,"y":880,"width":61,"height":98},"offset":{"x":0,"y":0},"originalSize":{"width":61,"height":98},"rotated":true,"capInsets":[0,0,0,0],"packable":true,"pixelsToUnit":100,"pivot":{"x":0.5,"y":0.5},"meshType":0}],[0],0,[0],[0],[0]],[[{"name":"bg_dfdc_guize_d2","rect":{"x":912,"y":767,"width":14,"height":13},"offset":{"x":0,"y":0},"originalSize":{"width":14,"height":13},"rotated":true,"capInsets":[0,0,0,0],"packable":true,"pixelsToUnit":100,"pivot":{"x":0.5,"y":0.5},"meshType":0}],[0],0,[0],[0],[0]],[[{"name":"bg_dfdc_GRAND","rect":{"x":3,"y":840,"width":98,"height":25},"offset":{"x":0,"y":0},"originalSize":{"width":104,"height":27},"rotated":false,"capInsets":[0,0,0,0],"packable":true,"pixelsToUnit":100,"pivot":{"x":0.5,"y":0.5},"meshType":0}],[0],0,[0],[0],[0]],[[{"name":"btn_off","rect":{"x":831,"y":947,"width":62,"height":62},"offset":{"x":0,"y":0},"originalSize":{"width":62,"height":62},"rotated":false,"capInsets":[0,0,0,0],"packable":true,"pixelsToUnit":100,"pivot":{"x":0.5,"y":0.5},"meshType":0}],[0],0,[0],[0],[0]],[[{"name":"bg_dfdc_MINI","rect":{"x":838,"y":767,"width":68,"height":23},"offset":{"x":0,"y":0},"originalSize":{"width":72,"height":25},"rotated":false,"capInsets":[0,0,0,0],"packable":true,"pixelsToUnit":100,"pivot":{"x":0.5,"y":0.5},"meshType":0}],[0],0,[0],[0],[0]],[[{"name":"bg_dfdc_tanchuang2","rect":{"x":3,"y":489,"width":738,"height":345},"offset":{"x":0,"y":0},"originalSize":{"width":738,"height":345},"rotated":false,"capInsets":[0,0,0,0],"packable":true,"pixelsToUnit":100,"pivot":{"x":0.5,"y":0.5},"meshType":0}],[0],0,[0],[0],[0]],[[{"name":"bg_dfdc_guize_anniu2","rect":{"x":831,"y":809,"width":61,"height":98},"offset":{"x":0,"y":0},"originalSize":{"width":61,"height":98},"rotated":true,"capInsets":[0,0,0,0],"packable":true,"pixelsToUnit":100,"pivot":{"x":0.5,"y":0.5},"meshType":0}],[0],0,[0],[0],[0]],[[{"name":"bg_dfdc_guize_dian1","rect":{"x":899,"y":947,"width":19,"height":19},"offset":{"x":0,"y":0},"originalSize":{"width":19,"height":19},"rotated":false,"capInsets":[0,0,0,0],"packable":true,"pixelsToUnit":100,"pivot":{"x":0.5,"y":0.5},"meshType":0}],[0],0,[0],[0],[0]],[[{"name":"bg_dfdc_zhanshiban","rect":{"x":3,"y":3,"width":926,"height":480},"offset":{"x":0,"y":0},"originalSize":{"width":926,"height":480},"rotated":false,"capInsets":[0,0,0,0],"packable":true,"pixelsToUnit":100,"pivot":{"x":0.5,"y":0.5},"meshType":0}],[0],0,[0],[0],[0]],[[{"name":"bg_dfdc_wordbg","rect":{"x":935,"y":3,"width":871,"height":65},"offset":{"x":0,"y":0},"originalSize":{"width":871,"height":65},"rotated":true,"capInsets":[0,0,0,0],"packable":true,"pixelsToUnit":100,"pivot":{"x":0.5,"y":0.5},"meshType":0}],[0],0,[0],[0],[0]],[[{"name":"bg_dfdc_point","rect":{"x":912,"y":787,"width":13,"height":10},"offset":{"x":0,"y":0},"originalSize":{"width":13,"height":10},"rotated":false,"capInsets":[0,0,0,0],"packable":true,"pixelsToUnit":100,"pivot":{"x":0.5,"y":0.5},"meshType":0}],[0],0,[0],[0],[0]]]]
