[1,["be+MWA4PBNMawG9U1XDFMX@6c48a"],["_textureSource"],["cc.SpriteFrame"],0,[{"name":"auto011","rect":{"x":1,"y":0,"width":89,"height":21},"offset":{"x":-0.5,"y":1},"originalSize":{"width":92,"height":23},"rotated":false,"capInsets":[0,0,0,0],"vertices":{"rawPosition":[-44.5,-10.5,0,44.5,-10.5,0,-44.5,10.5,0,44.5,10.5,0],"indexes":[0,1,2,2,1,3],"uv":[1,23,90,23,1,2,90,2],"nuv":[0.010869565217391304,0.08695652173913043,0.9782608695652174,0.08695652173913043,0.010869565217391304,1,0.9782608695652174,1],"minPos":{"x":-44.5,"y":-10.5,"z":0},"maxPos":{"x":44.5,"y":10.5,"z":0}},"packable":true,"pixelsToUnit":100,"pivot":{"x":0.5,"y":0.5},"meshType":0}],[0],0,[0],[0],[0]]
