[1,["9dOUjKjGtPfo69t2gCbeOK","d6sEfOpV9L04a/sV8RT5Kx@f9941","07KU8FzxlEjoaxtuBmJkFJ@6c48a","07KU8FzxlEjoaxtuBmJkFJ@f9941","c70efd1gFHrLx0pkM5alyW@f9941","fftOJ43bVHoqOsKq33jHjZ","8crQE2PV1JlqTcrRXAeO5T","6d1sqpG9RDGrdxDo+QShei@f9941","62cWrrSjBFtaNYTyUBtZSs@f9941","724zWSR+ZA/5hN4XGHR5nd@f9941","2bmihO8LZKtZeplSQYvDlL@f9941","b4qZeOOM9NVJbaFStEanqp@f9941","ccGuoXk3REopCj/H0mq3rN@f9941","22yC2J9xVFbbeU2Va9X1PK@f9941","c2drs1dmREv5DW9hPynccN@f9941","d9fVy6eQJGUp4qZLk4s0Ta@f9941","7cdSmgQOlPrIKfxslCy3Dj@f9941","faBsjeBj5PlpxvBLBL5YzL@f9941"],["node","_spriteFrame","_atlas","_textureSource","root","data","_font"],[["cc.Node",["_name","_active","_components","_prefab","_parent","_children","_lpos"],1,9,4,1,2,5],["cc.Layout",["_enabled","_resizeMode","_layoutType","_spacingX","_spacingY","node","__prefab"],-2,1,4],["cc.UITransform",["node","__prefab","_contentSize"],3,1,4,5],["cc.Widget",["_alignFlags","_originalWidth","_originalHeight","_top","_bottom","node","__prefab","_target"],-2,1,4,1],["cc.Sprite",["_sizeMode","node","__prefab","_spriteFrame","_atlas"],2,1,4,6,6],["cc.Label",["_string","_actualFontSize","_fontSize","_isSystemFontUsed","node","__prefab","_font"],-1,1,4,6],"cc.SpriteFrame",["cc.Prefab",["_name"],2],["cc.CompPrefabInfo",["fileId"],2],["cc.PrefabInfo",["fileId","instance","targetOverrides","nestedPrefabInstanceRoots","root","asset"],-1,1,1],["cc.Button",["_transition","node","__prefab"],2,1,4]],[[8,0,2],[9,0,1,2,3,4,5,5],[2,0,1,2,1],[4,1,2,3,4,1],[0,0,4,5,2,3,6,2],[0,0,4,2,3,2],[0,0,4,2,3,6,2],[5,0,1,2,4,5,4],[7,0,2],[0,0,5,2,3,2],[0,0,1,4,5,2,3,3],[2,0,1,1],[3,0,3,4,1,2,5,6,6],[3,0,1,2,5,6,7,4],[1,5,6,1],[1,0,5,6,2],[1,1,2,3,4,5,6,5],[10,0,1,2,2],[4,0,1,2,3,2],[5,0,1,2,3,4,5,6,5]],[[[{"name":"img_fruits777_smBg","rect":{"x":0,"y":0,"width":1624,"height":750},"offset":{"x":0,"y":0},"originalSize":{"width":1624,"height":750},"rotated":false,"capInsets":[0,0,0,0],"vertices":{"rawPosition":[-812,-375,0,812,-375,0,-812,375,0,812,375,0],"indexes":[0,1,2,2,1,3],"uv":[0,750,1624,750,0,0,1624,0],"nuv":[0,0,1,0,0,1,1,1],"minPos":{"x":-812,"y":-375,"z":0},"maxPos":{"x":812,"y":375,"z":0}},"packable":true,"pixelsToUnit":100,"pivot":{"x":0.5,"y":0.5},"meshType":0}],[6],0,[0],[3],[2]],[[[8,"prefab_fruits777_boxMain"],[9,"prefab_fruits777_boxMain",[-4,-5,-6,-7],[[2,-2,[0,"5esQs0GXFOwZIdsQtD17LG"],[5,1334,750]],[12,40,325,325,100,100,-3,[0,"e7yT740YZI77D4dYdbIo19"]]],[1,"c46/YsCPVOJYA4mWEpNYRx",null,null,null,-1,0]],[10,"Layout_jackpot",false,1,[-10,-11,-12,-13,-14,-15,-16,-17,-18,-19,-20],[[11,-8,[0,"03D/XKAdRJrJAOx1GfVLNW"]],[14,-9,[0,"ec8nvGW+ZIaoj5cdIlZPgO"]]],[1,"45Lle1PDZJdYhtqqM/w5pe",null,null,null,1,0]],[4,"props_Layout_times",1,[-24,-25],[[2,-21,[0,"87mjZYxIlJB5R9crWCZox5"],[5,206.62099999999998,168.671]],[15,false,-22,[0,"ceq+QdfB1DZ6D5MDFe9tKx"]],[17,3,-23,[0,"48zKEvUkFMrIWyjxdBqCbp"]]],[1,"27NH0stoZDiIb654wXcDXh",null,null,null,1,0],[1,-514,86,0]],[5,"spr_fruits777_bg",1,[[2,-26,[0,"5aA4znDCRBdbk1IhrHCS+d"],[5,1334,750]],[18,0,-27,[0,"3aT0M0LoRFuJdBEI7ypTlG"],0],[13,40,1624,750,-28,[0,"acyZGFy4NNJ78w8Y+htyYN"],1]],[1,"38LWIgSLlGtZ6XlKuA7cjP",null,null,null,1,0]],[4,"spr_jackpot_banban",2,[-31],[[2,-29,[0,"8bDIGmTEVIB4nCA4/2/xPR"],[5,36,38]],[3,-30,[0,"f9IbUvPPhEPKP3NIMoox40"],8,9]],[1,"f0CBRJTaND4quQXeF4kZYk",null,null,null,1,0],[1,428,117,0]],[4,"spr_jackpot_strawberry",2,[-34],[[2,-32,[0,"2dwRI9AN5JlIuf67RLf7NS"],[5,36,43]],[3,-33,[0,"b0EJ/4RiRIVZaffaC58xt7"],12,13]],[1,"58wBg723tDOZRNWRyc18zi",null,null,null,1,0],[1,468.5,118,0]],[4,"spr_jackpot_apple",2,[-37],[[2,-35,[0,"99QBX9UFZHPJWTem081GLi"],[5,36,43]],[3,-36,[0,"7cEoVlZkRJj6LzNN9dsWrF"],16,17]],[1,"cb87Kc52xOM7zqLrJwIh9w",null,null,null,1,0],[1,509,119,0]],[4,"spr_jackpot_grape",2,[-40],[[2,-38,[0,"f2QiBPF9dFPYSK1EDJj8/F"],[5,36,38]],[3,-39,[0,"ccxfStzRxFMpmVDZ8DB9pW"],20,21]],[1,"c5kSJqMAtPRYeJ0KRWFzqo",null,null,null,1,0],[1,549.5,116,0]],[4,"spr_jackpot_watermelon",2,[-43],[[2,-41,[0,"ceeXMPn1BMfb3W7Vf92Nyz"],[5,36,38]],[3,-42,[0,"b3Df9xPJFCQIF+l74bKm09"],24,25]],[1,"9fudU8GltPfLR/FzE5uzDH",null,null,null,1,0],[1,590,116,0]],[4,"Label_level_1",2,[-46],[[2,-44,[0,"fbIphFh6FKjZXhJ0WxXHY7"],[5,49.38,50.4]],[7,"+2,500",16,16,-45,[0,"c8ZjxxmVpIKbzcwkyvHGJM"]]],[1,"f9btCqEM1FoqsbmEtbnTBx",null,null,null,1,0],[1,510,-83,0]],[4,"Label_level_2",2,[-49],[[2,-47,[0,"29ls51Hr1IRYDhYijVo3cw"],[5,49.38,50.4]],[7,"+5,000",16,16,-48,[0,"96bNosqwhDzLNOQ3O/LrwK"]]],[1,"afK2qCGEBNt7n2EZ/8ZLok",null,null,null,1,0],[1,510,-43.75,0]],[4,"Label_level_3",2,[-52],[[2,-50,[0,"07by5RsydN5Z3BR29uUCtQ"],[5,148.09,50.4]],[7,"3 Free rotation + 10k",16,16,-51,[0,"f2CpCaKBpMJayZ01TGcQ/p"]]],[1,"90/WThgRdCPJmYb9QtR+NA",null,null,null,1,0],[1,510,-4.5,0]],[4,"Label_level_4",2,[-55],[[2,-53,[0,"1dv8yHDm9LxI6F3RFOlUP6"],[5,143.64,50.4]],[7,"6 Free rotation+ 15k",16,16,-54,[0,"c5EdFycRZOJoE/zmag15Nn"]]],[1,"d64OwbkoZMg6OTRihxhmJ2",null,null,null,1,0],[1,510,34.75,0]],[4,"Label_level_5",2,[-58],[[2,-56,[0,"ffrYYWZyZGV4geatV1X8UF"],[5,159.9,50.4]],[7,"6Free rotation+JACKPOT",14,14,-57,[0,"7cS4CDVq1O+oxbdinzCq99"]]],[1,"d9FK+mR29KOLzhqNT4Iaok",null,null,null,1,0],[1,510,74,0]],[6,"spr_sgTimes_bg",3,[[2,-59,[0,"6fRDd6EWhBaaqChBFrS9EZ"],[5,180,129]],[3,-60,[0,"c3zh8ASStLHa+ZnnUzceBy"],1,2]],[1,"2ezxxrAQRKFZdTL/Tze3Ao",null,null,null,1,0],[1,-9.352,1.643,0]],[6,"props_Label_sgTimes",3,[[2,-61,[0,"67a6mpHTBEUpI+bSbOG68p"],[5,23.44,40]],[19,"0",30,30,false,-62,[0,"c3pmjNt+hKZYOSAzUAsRb6"],3]],[1,"200Fw+J+NPMrmbzdkz+qMY",null,null,null,1,0],[1,8.648,-0.357,0]],[6,"spr_jackpot_bg",2,[[2,-63,[0,"8fKnz1M9FB0JUvMsFnhAcO"],[5,291,476]],[3,-64,[0,"a8IcJs0rREFZZ4BuA5Uche"],4,5]],[1,"b5NChkmU9K+YKJqYy4zKCj",null,null,null,1,0],[1,508,42,0]],[5,"spr_jackpot_banban1",5,[[2,-65,[0,"e9lF5zcTJNyJx3KWc9dj3c"],[5,36,38]],[3,-66,[0,"42AHeBIDREbbNWmlgMH+Te"],6,7]],[1,"femFECgVNKELGUYL2lwSjX",null,null,null,1,0]],[6,"spr_jackpot_strawberry1",6,[[2,-67,[0,"92pRshPUdLeq//RilTv33L"],[5,36,38]],[3,-68,[0,"a8lIhgdjxEpKmYpcjPDs4F"],10,11]],[1,"bdIuG7nLxM3LTqv7PFtK/W",null,null,null,1,0],[1,0,-2,0]],[5,"spr_jackpot_apple1",7,[[2,-69,[0,"91rI3y4ZJKgqGYq7J0ngpL"],[5,36,43]],[3,-70,[0,"b2xHlxewZBbIQAMbjjwqig"],14,15]],[1,"87LzjPgjVHXrv3lB7BsYzm",null,null,null,1,0]],[6,"spr_jackpot_grape1",8,[[2,-71,[0,"2bs8mv2+FJUITbgPaM7cOs"],[5,36,43]],[3,-72,[0,"a7vfsGs/ROeogUxmZvEjkU"],18,19]],[1,"2cT2unEt5Ml75AeDOsD9sb",null,null,null,1,0],[1,0,3,0]],[6,"spr_jackpot_watermelon1",9,[[2,-73,[0,"5ffzcjPdZKgJvvZ+h9cmj7"],[5,36,43]],[3,-74,[0,"8djCqK0H9Fhbtiv2WTIieb"],22,23]],[1,"baj7avoo5E4Y1l5W5GYJrw",null,null,null,1,0],[1,0,2,0]],[5,"spr_level_bg",10,[[2,-75,[0,"d1wfJ7T8pA/o796Jg2olKl"],[5,190,53]],[3,-76,[0,"faRDXaW1NLnrKkASmK+xQy"],26,27]],[1,"cfmRHwJR9O9omgGNR5KS+K",null,null,null,1,0]],[5,"spr_level_bg",11,[[2,-77,[0,"135K6aKcVCEqyUI0URofAS"],[5,190,53]],[3,-78,[0,"09obB6lNdDfK10u+PygWMQ"],28,29]],[1,"91bQDry/hO/qGBrHGJ6X7X",null,null,null,1,0]],[5,"spr_level_bg",12,[[2,-79,[0,"6awnB+Kb5GL7P8CTe3fiNV"],[5,190,53]],[3,-80,[0,"68LzYuRR1O87QRcZAwTHCJ"],30,31]],[1,"1dg8EFCENPeqfizuIc4oct",null,null,null,1,0]],[5,"spr_level_bg",13,[[2,-81,[0,"1afLuxn49LYajIlO5iLoDY"],[5,190,53]],[3,-82,[0,"8drIYtV45Ekp5Y125FscCi"],32,33]],[1,"85jlG2EnpPjK3BacUjVUv3",null,null,null,1,0]],[5,"spr_level_bg",14,[[2,-83,[0,"1a9XbFugNAqr+6h9XGClGV"],[5,190,53]],[3,-84,[0,"d6S+dmsIhJn6GDvR3cKDZS"],34,35]],[1,"b0h0gTwcVIa79WFHDbop4z",null,null,null,1,0]],[6,"props_Layout_box_wrap",1,[[2,-85,[0,"4cKYUd1idB8b3j18ZOfd4R"],[5,748.9419999999999,0]],[16,1,3,40,15,-86,[0,"63sIA8boFPirZEZLBKyZUZ"]]],[1,"ffrkg5UH9J55GUc7Bi1x5n",null,null,null,1,0],[1,-23.413,35.041,0]]],0,[0,4,1,0,0,1,0,0,1,0,-1,4,0,-2,3,0,-3,2,0,-4,28,0,0,2,0,0,2,0,-1,17,0,-2,5,0,-3,6,0,-4,7,0,-5,8,0,-6,9,0,-7,10,0,-8,11,0,-9,12,0,-10,13,0,-11,14,0,0,3,0,0,3,0,0,3,0,-1,15,0,-2,16,0,0,4,0,0,4,0,0,4,0,0,5,0,0,5,0,-1,18,0,0,6,0,0,6,0,-1,19,0,0,7,0,0,7,0,-1,20,0,0,8,0,0,8,0,-1,21,0,0,9,0,0,9,0,-1,22,0,0,10,0,0,10,0,-1,23,0,0,11,0,0,11,0,-1,24,0,0,12,0,0,12,0,-1,25,0,0,13,0,0,13,0,-1,26,0,0,14,0,0,14,0,-1,27,0,0,15,0,0,15,0,0,16,0,0,16,0,0,17,0,0,17,0,0,18,0,0,18,0,0,19,0,0,19,0,0,20,0,0,20,0,0,21,0,0,21,0,0,22,0,0,22,0,0,23,0,0,23,0,0,24,0,0,24,0,0,25,0,0,25,0,0,26,0,0,26,0,0,27,0,0,27,0,0,28,0,0,28,0,5,1,86],[0,0,0,0,0,0,0,0,0,0,0,0,0,0,0,0,0,0,0,0,0,0,0,0,0,0,0,0,0,0,0,0,0,0,0,0],[1,1,2,6,1,2,1,2,1,2,1,2,1,2,1,2,1,2,1,2,1,2,1,2,1,2,1,2,1,2,1,2,1,2,1,2],[3,4,5,6,7,0,8,0,9,0,10,0,11,0,12,0,13,0,14,0,15,0,16,0,17,0,1,0,1,0,1,0,1,0,1,0]]]]
