[1,["1cCY5ZxQVLzbWBsjMZvgDk@6c48a","1cCY5ZxQVLzbWBsjMZvgDk@f9941"],["_textureSource","spriteFrame"],["cc.SpriteFrame",["cc.BitmapFont",["_name","fontSize","fntConfig"],0]],[[1,0,1,2,4]],[[[{"name":"front_kxz_0","rect":{"x":0,"y":0,"width":248,"height":63},"offset":{"x":-4,"y":96.5},"originalSize":{"width":256,"height":256},"rotated":false,"capInsets":[0,0,0,0],"vertices":{"rawPosition":[-124,-31.5,0,124,-31.5,0,-124,31.5,0,124,31.5,0],"indexes":[0,1,2,2,1,3],"uv":[0,256,248,256,0,193,248,193],"nuv":[0,0.75390625,0.96875,0.75390625,0,1,0.96875,1],"minPos":{"x":-124,"y":-31.5,"z":0},"maxPos":{"x":124,"y":31.5,"z":0}},"packable":true,"pixelsToUnit":100,"pivot":{"x":0.5,"y":0.5},"meshType":0}],[0],0,[0],[0],[0]],[[[0,"front_kxz",32,{"commonHeight":32,"fontSize":32,"atlasName":"front_kxz_0.tga","fontDefDictionary":{"44":{"xOffset":0,"yOffset":0,"xAdvance":12,"rect":{"x":70,"y":32,"width":12,"height":31}},"46":{"xOffset":0,"yOffset":0,"xAdvance":12,"rect":{"x":83,"y":32,"width":12,"height":31}},"48":{"xOffset":0,"yOffset":0,"xAdvance":25,"rect":{"x":119,"y":0,"width":25,"height":31}},"49":{"xOffset":0,"yOffset":0,"xAdvance":18,"rect":{"x":51,"y":32,"width":18,"height":31}},"50":{"xOffset":0,"yOffset":0,"xAdvance":25,"rect":{"x":145,"y":0,"width":25,"height":31}},"51":{"xOffset":0,"yOffset":0,"xAdvance":25,"rect":{"x":171,"y":0,"width":25,"height":31}},"52":{"xOffset":0,"yOffset":0,"xAdvance":26,"rect":{"x":65,"y":0,"width":26,"height":31}},"53":{"xOffset":0,"yOffset":0,"xAdvance":25,"rect":{"x":197,"y":0,"width":25,"height":31}},"54":{"xOffset":0,"yOffset":0,"xAdvance":25,"rect":{"x":223,"y":0,"width":25,"height":31}},"55":{"xOffset":0,"yOffset":0,"xAdvance":24,"rect":{"x":26,"y":32,"width":24,"height":31}},"56":{"xOffset":0,"yOffset":0,"xAdvance":25,"rect":{"x":0,"y":32,"width":25,"height":31}},"57":{"xOffset":0,"yOffset":0,"xAdvance":26,"rect":{"x":92,"y":0,"width":26,"height":31}},"75":{"xOffset":0,"yOffset":0,"xAdvance":30,"rect":{"x":34,"y":0,"width":30,"height":31}},"77":{"xOffset":0,"yOffset":0,"xAdvance":33,"rect":{"x":0,"y":0,"width":33,"height":31}}},"kerningDict":{}}]],0,0,[0],[1],[1]]]]
