[1,["71Fx4wxhBOXL3VfGHVBq93@6c48a","66qX3fOPdJtqmJqSjFX7bn@6c48a","adqQ0NpsJJkIs/nJrqyATG@6c48a","82G7uTRtpNk5idet758iBN@6c48a","000gmjvudHBq2h/JJ6TrtN@6c48a","09BcKNSI5M1Y/H7QgYLpdT@6c48a","09FD6xAwlDE4ge8n53xLpz","02q/nf1GBCELLcOSSAJ984@f9941","c2FrJJX79NUp6I0QkEUqXi"],["node","_skeletonData","root","data","_spriteFrame"],[["cc.Node",["_name","_active","_components","_prefab","_parent","_children","_lpos"],1,9,4,1,2,5],["cc.Label",["_actualFontSize","_fontSize","_string","node","__prefab","_color","_outlineColor"],0,1,4,5,5],["sp.SkeletonData",["_name","_atlasText","textureNames","_skeletonJson","textures"],-1,3],["cc.Prefab",["_name"],2],["cc.UITransform",["node","__prefab","_contentSize"],3,1,4,5],["cc.CompPrefabInfo",["fileId"],2],["cc.PrefabInfo",["fileId","instance","targetOverrides","nestedPrefabInstanceRoots","root","asset"],-1,1,1],["cc.Widget",["_alignFlags","_originalWidth","_originalHeight","node","__prefab"],0,1,4],["cc.LabelOutline",["node","__prefab"],3,1,4],["sp.Skeleton",["defaultSkin","defaultAnimation","_premultipliedAlpha","_preCacheMode","node","__prefab","_skeletonData"],-1,1,4,6],["cc.Sprite",["node","__prefab","_spriteFrame"],3,1,4,6]],[[5,0,2],[4,0,1,2,1],[6,0,1,2,3,4,5,5],[2,0,1,2,3,4,5],[0,0,1,4,2,3,6,3],[0,0,1,4,2,3,3],[8,0,1,1],[9,0,1,2,3,4,5,6,5],[3,0,2],[0,0,5,2,3,2],[0,0,4,5,2,3,2],[0,0,4,2,3,2],[7,0,1,2,3,4,4],[1,0,1,3,4,3],[1,2,0,1,3,4,5,6,4],[10,0,1,2,1]],[[[[3,"xuankuang","\r\nxuankuang.png\r\nsize: 1024,1024\r\nformat: RGBA8888\r\nfilter: Linear,Linear\r\nrepeat: none\r\n1 (1)\r\n  rotate: false\r\n  xy: 2, 534\r\n  size: 272, 264\r\n  orig: 272, 264\r\n  offset: 0, 0\r\n  index: -1\r\n1 (10)\r\n  rotate: false\r\n  xy: 2, 268\r\n  size: 272, 264\r\n  orig: 272, 264\r\n  offset: 0, 0\r\n  index: -1\r\n1 (11)\r\n  rotate: false\r\n  xy: 276, 534\r\n  size: 272, 264\r\n  orig: 272, 264\r\n  offset: 0, 0\r\n  index: -1\r\n1 (12)\r\n  rotate: false\r\n  xy: 2, 2\r\n  size: 272, 264\r\n  orig: 272, 264\r\n  offset: 0, 0\r\n  index: -1\r\n1 (13)\r\n  rotate: false\r\n  xy: 276, 268\r\n  size: 272, 264\r\n  orig: 272, 264\r\n  offset: 0, 0\r\n  index: -1\r\n1 (14)\r\n  rotate: false\r\n  xy: 550, 534\r\n  size: 272, 264\r\n  orig: 272, 264\r\n  offset: 0, 0\r\n  index: -1\r\n1 (15)\r\n  rotate: false\r\n  xy: 276, 2\r\n  size: 272, 264\r\n  orig: 272, 264\r\n  offset: 0, 0\r\n  index: -1\r\n1 (16)\r\n  rotate: false\r\n  xy: 550, 268\r\n  size: 272, 264\r\n  orig: 272, 264\r\n  offset: 0, 0\r\n  index: -1\r\n1 (17)\r\n  rotate: false\r\n  xy: 550, 2\r\n  size: 272, 264\r\n  orig: 272, 264\r\n  offset: 0, 0\r\n  index: -1\r\n\r\nxuankuang2.png\r\nsize: 1024,1024\r\nformat: RGBA8888\r\nfilter: Linear,Linear\r\nrepeat: none\r\n1 (18)\r\n  rotate: false\r\n  xy: 2, 534\r\n  size: 272, 264\r\n  orig: 272, 264\r\n  offset: 0, 0\r\n  index: -1\r\n1 (19)\r\n  rotate: false\r\n  xy: 2, 268\r\n  size: 272, 264\r\n  orig: 272, 264\r\n  offset: 0, 0\r\n  index: -1\r\n1 (2)\r\n  rotate: false\r\n  xy: 276, 534\r\n  size: 272, 264\r\n  orig: 272, 264\r\n  offset: 0, 0\r\n  index: -1\r\n1 (20)\r\n  rotate: false\r\n  xy: 2, 2\r\n  size: 272, 264\r\n  orig: 272, 264\r\n  offset: 0, 0\r\n  index: -1\r\n1 (21)\r\n  rotate: false\r\n  xy: 276, 268\r\n  size: 272, 264\r\n  orig: 272, 264\r\n  offset: 0, 0\r\n  index: -1\r\n1 (22)\r\n  rotate: false\r\n  xy: 550, 534\r\n  size: 272, 264\r\n  orig: 272, 264\r\n  offset: 0, 0\r\n  index: -1\r\n1 (23)\r\n  rotate: false\r\n  xy: 276, 2\r\n  size: 272, 264\r\n  orig: 272, 264\r\n  offset: 0, 0\r\n  index: -1\r\n1 (24)\r\n  rotate: false\r\n  xy: 550, 268\r\n  size: 272, 264\r\n  orig: 272, 264\r\n  offset: 0, 0\r\n  index: -1\r\n1 (25)\r\n  rotate: false\r\n  xy: 550, 2\r\n  size: 272, 264\r\n  orig: 272, 264\r\n  offset: 0, 0\r\n  index: -1\r\n\r\nxuankuang3.png\r\nsize: 1024,1024\r\nformat: RGBA8888\r\nfilter: Linear,Linear\r\nrepeat: none\r\n1 (26)\r\n  rotate: false\r\n  xy: 2, 534\r\n  size: 272, 264\r\n  orig: 272, 264\r\n  offset: 0, 0\r\n  index: -1\r\n1 (27)\r\n  rotate: false\r\n  xy: 2, 268\r\n  size: 272, 264\r\n  orig: 272, 264\r\n  offset: 0, 0\r\n  index: -1\r\n1 (28)\r\n  rotate: false\r\n  xy: 276, 534\r\n  size: 272, 264\r\n  orig: 272, 264\r\n  offset: 0, 0\r\n  index: -1\r\n1 (29)\r\n  rotate: false\r\n  xy: 2, 2\r\n  size: 272, 264\r\n  orig: 272, 264\r\n  offset: 0, 0\r\n  index: -1\r\n1 (3)\r\n  rotate: false\r\n  xy: 276, 268\r\n  size: 272, 264\r\n  orig: 272, 264\r\n  offset: 0, 0\r\n  index: -1\r\n1 (30)\r\n  rotate: false\r\n  xy: 550, 534\r\n  size: 272, 264\r\n  orig: 272, 264\r\n  offset: 0, 0\r\n  index: -1\r\n1 (4)\r\n  rotate: false\r\n  xy: 276, 2\r\n  size: 272, 264\r\n  orig: 272, 264\r\n  offset: 0, 0\r\n  index: -1\r\n1 (5)\r\n  rotate: false\r\n  xy: 550, 268\r\n  size: 272, 264\r\n  orig: 272, 264\r\n  offset: 0, 0\r\n  index: -1\r\n1 (6)\r\n  rotate: false\r\n  xy: 550, 2\r\n  size: 272, 264\r\n  orig: 272, 264\r\n  offset: 0, 0\r\n  index: -1\r\n\r\nxuankuang4.png\r\nsize: 1024,1024\r\nformat: RGBA8888\r\nfilter: Linear,Linear\r\nrepeat: none\r\n1 (7)\r\n  rotate: false\r\n  xy: 2, 534\r\n  size: 272, 264\r\n  orig: 272, 264\r\n  offset: 0, 0\r\n  index: -1\r\n1 (8)\r\n  rotate: false\r\n  xy: 2, 268\r\n  size: 272, 264\r\n  orig: 272, 264\r\n  offset: 0, 0\r\n  index: -1\r\n1 (9)\r\n  rotate: false\r\n  xy: 276, 534\r\n  size: 272, 264\r\n  orig: 272, 264\r\n  offset: 0, 0\r\n  index: -1\r\nbg\r\n  rotate: false\r\n  xy: 2, 2\r\n  size: 272, 264\r\n  orig: 272, 264\r\n  offset: 0, 0\r\n  index: -1\r\n",["xuankuang.png","xuankuang2.png","xuankuang3.png","xuankuang4.png"],{"skeleton":{"hash":"r3KkMOBOBRTHJcUOg1lLf0nCmxw","spine":"3.6.53","width":272,"height":264,"images":""},"bones":[{"name":"root"}],"slots":[{"name":"root","bone":"root","attachment":"bg"},{"name":"1 (1)","bone":"root","attachment":"1 (1)","blend":"additive"}],"skins":{"default":{"1 (1)":{"1 (1)":{"width":272,"height":264},"1 (10)":{"width":272,"height":264},"1 (11)":{"width":272,"height":264},"1 (12)":{"width":272,"height":264},"1 (13)":{"width":272,"height":264},"1 (14)":{"width":272,"height":264},"1 (15)":{"width":272,"height":264},"1 (16)":{"width":272,"height":264},"1 (17)":{"width":272,"height":264},"1 (18)":{"width":272,"height":264},"1 (19)":{"width":272,"height":264},"1 (2)":{"width":272,"height":264},"1 (20)":{"width":272,"height":264},"1 (21)":{"width":272,"height":264},"1 (22)":{"width":272,"height":264},"1 (23)":{"width":272,"height":264},"1 (24)":{"width":272,"height":264},"1 (25)":{"width":272,"height":264},"1 (26)":{"width":272,"height":264},"1 (27)":{"width":272,"height":264},"1 (28)":{"width":272,"height":264},"1 (29)":{"width":272,"height":264},"1 (3)":{"width":272,"height":264},"1 (30)":{"width":272,"height":264},"1 (4)":{"width":272,"height":264},"1 (5)":{"width":272,"height":264},"1 (6)":{"width":272,"height":264},"1 (7)":{"width":272,"height":264},"1 (8)":{"width":272,"height":264},"1 (9)":{"width":272,"height":264}},"root":{"bg":{"width":272,"height":264}}}},"animations":{"animation":{"slots":{"1 (1)":{"attachment":[{"time":0,"name":"1 (1)"},{"time":0.0333,"name":"1 (2)"},{"time":0.0667,"name":"1 (3)"},{"time":0.1,"name":"1 (4)"},{"time":0.1333,"name":"1 (5)"},{"time":0.1667,"name":"1 (6)"},{"time":0.2,"name":"1 (7)"},{"time":0.2333,"name":"1 (8)"},{"time":0.2667,"name":"1 (9)"},{"time":0.3,"name":"1 (10)"},{"time":0.3333,"name":"1 (11)"},{"time":0.3667,"name":"1 (12)"},{"time":0.4,"name":"1 (13)"},{"time":0.4333,"name":"1 (14)"},{"time":0.4667,"name":"1 (15)"},{"time":0.5,"name":"1 (16)"},{"time":0.5333,"name":"1 (17)"},{"time":0.5667,"name":"1 (18)"},{"time":0.6,"name":"1 (19)"},{"time":0.6333,"name":"1 (20)"},{"time":0.6667,"name":"1 (21)"},{"time":0.7,"name":"1 (22)"},{"time":0.7333,"name":"1 (23)"},{"time":0.7667,"name":"1 (24)"},{"time":0.8,"name":"1 (25)"},{"time":0.8333,"name":"1 (26)"},{"time":0.8667,"name":"1 (27)"},{"time":0.9,"name":"1 (28)"},{"time":0.9333,"name":"1 (29)"},{"time":0.9667,"name":"1 (30)"}]}}}}},[0,1,2,3]]],0,0,[0,0,0,0],[-1,-2,-3,-4],[0,1,2,3]],[[[3,"SGJ_baoxiangdonghua","\r\nSGJ_baoxiangdonghua.png\r\nsize: 1024,1024\r\nformat: RGBA8888\r\nfilter: Linear,Linear\r\nrepeat: none\r\nSGJ_fangseguang000\r\n  rotate: false\r\n  xy: 2, 862\r\n  size: 160, 160\r\n  orig: 160, 160\r\n  offset: 0, 0\r\n  index: -1\r\nSGJ_fangseguang001\r\n  rotate: false\r\n  xy: 2, 700\r\n  size: 160, 160\r\n  orig: 160, 160\r\n  offset: 0, 0\r\n  index: -1\r\nSGJ_fangseguang002\r\n  rotate: false\r\n  xy: 164, 862\r\n  size: 160, 160\r\n  orig: 160, 160\r\n  offset: 0, 0\r\n  index: -1\r\nSGJ_fangseguang003\r\n  rotate: false\r\n  xy: 2, 538\r\n  size: 160, 160\r\n  orig: 160, 160\r\n  offset: 0, 0\r\n  index: -1\r\nSGJ_fangseguang004\r\n  rotate: false\r\n  xy: 164, 700\r\n  size: 160, 160\r\n  orig: 160, 160\r\n  offset: 0, 0\r\n  index: -1\r\nSGJ_fangseguang005\r\n  rotate: false\r\n  xy: 326, 862\r\n  size: 160, 160\r\n  orig: 160, 160\r\n  offset: 0, 0\r\n  index: -1\r\nSGJ_fangseguang006\r\n  rotate: false\r\n  xy: 2, 376\r\n  size: 160, 160\r\n  orig: 160, 160\r\n  offset: 0, 0\r\n  index: -1\r\nSGJ_fangseguang007\r\n  rotate: false\r\n  xy: 164, 538\r\n  size: 160, 160\r\n  orig: 160, 160\r\n  offset: 0, 0\r\n  index: -1\r\nSGJ_fangseguang008\r\n  rotate: false\r\n  xy: 326, 700\r\n  size: 160, 160\r\n  orig: 160, 160\r\n  offset: 0, 0\r\n  index: -1\r\nSGJ_fangseguang009\r\n  rotate: false\r\n  xy: 488, 862\r\n  size: 160, 160\r\n  orig: 160, 160\r\n  offset: 0, 0\r\n  index: -1\r\nSGJ_fangseguang010\r\n  rotate: false\r\n  xy: 2, 214\r\n  size: 160, 160\r\n  orig: 160, 160\r\n  offset: 0, 0\r\n  index: -1\r\nSGJ_fangseguang011\r\n  rotate: false\r\n  xy: 164, 376\r\n  size: 160, 160\r\n  orig: 160, 160\r\n  offset: 0, 0\r\n  index: -1\r\nSGJ_fangseguang012\r\n  rotate: false\r\n  xy: 326, 538\r\n  size: 160, 160\r\n  orig: 160, 160\r\n  offset: 0, 0\r\n  index: -1\r\nSGJ_fangseguang013\r\n  rotate: false\r\n  xy: 488, 700\r\n  size: 160, 160\r\n  orig: 160, 160\r\n  offset: 0, 0\r\n  index: -1\r\nSGJ_fangseguang014\r\n  rotate: false\r\n  xy: 650, 862\r\n  size: 160, 160\r\n  orig: 160, 160\r\n  offset: 0, 0\r\n  index: -1\r\nSGJ_fangseguang015\r\n  rotate: false\r\n  xy: 2, 52\r\n  size: 160, 160\r\n  orig: 160, 160\r\n  offset: 0, 0\r\n  index: -1\r\nSGJ_fangseguang016\r\n  rotate: false\r\n  xy: 164, 214\r\n  size: 160, 160\r\n  orig: 160, 160\r\n  offset: 0, 0\r\n  index: -1\r\nSGJ_fangseguang017\r\n  rotate: false\r\n  xy: 326, 376\r\n  size: 160, 160\r\n  orig: 160, 160\r\n  offset: 0, 0\r\n  index: -1\r\nSGJ_fangseguang018\r\n  rotate: false\r\n  xy: 488, 538\r\n  size: 160, 160\r\n  orig: 160, 160\r\n  offset: 0, 0\r\n  index: -1\r\nSGJ_fangseguang019\r\n  rotate: false\r\n  xy: 650, 700\r\n  size: 160, 160\r\n  orig: 160, 160\r\n  offset: 0, 0\r\n  index: -1\r\nSGJ_fangseguang020\r\n  rotate: false\r\n  xy: 812, 862\r\n  size: 160, 160\r\n  orig: 160, 160\r\n  offset: 0, 0\r\n  index: -1\r\nSGJ_fangseguang021\r\n  rotate: false\r\n  xy: 164, 52\r\n  size: 160, 160\r\n  orig: 160, 160\r\n  offset: 0, 0\r\n  index: -1\r\nSGJ_fangseguang022\r\n  rotate: false\r\n  xy: 326, 214\r\n  size: 160, 160\r\n  orig: 160, 160\r\n  offset: 0, 0\r\n  index: -1\r\nSGJ_fangseguang023\r\n  rotate: false\r\n  xy: 488, 376\r\n  size: 160, 160\r\n  orig: 160, 160\r\n  offset: 0, 0\r\n  index: -1\r\nSGJ_fangseguang024\r\n  rotate: false\r\n  xy: 650, 538\r\n  size: 160, 160\r\n  orig: 160, 160\r\n  offset: 0, 0\r\n  index: -1\r\nSGJ_fangseguang025\r\n  rotate: false\r\n  xy: 812, 700\r\n  size: 160, 160\r\n  orig: 160, 160\r\n  offset: 0, 0\r\n  index: -1\r\nSGJ_fangseguang026\r\n  rotate: false\r\n  xy: 326, 52\r\n  size: 160, 160\r\n  orig: 160, 160\r\n  offset: 0, 0\r\n  index: -1\r\nSGJ_fangseguang027\r\n  rotate: false\r\n  xy: 488, 214\r\n  size: 160, 160\r\n  orig: 160, 160\r\n  offset: 0, 0\r\n  index: -1\r\nSGJ_fangseguang028\r\n  rotate: false\r\n  xy: 650, 376\r\n  size: 160, 160\r\n  orig: 160, 160\r\n  offset: 0, 0\r\n  index: -1\r\nSGJ_fangseguang029\r\n  rotate: false\r\n  xy: 812, 538\r\n  size: 160, 160\r\n  orig: 160, 160\r\n  offset: 0, 0\r\n  index: -1\r\nSGJ_fangseguang030\r\n  rotate: false\r\n  xy: 488, 52\r\n  size: 160, 160\r\n  orig: 160, 160\r\n  offset: 0, 0\r\n  index: -1\r\nSGJ_kaixiangguang000\r\n  rotate: true\r\n  xy: 650, 196\r\n  size: 178, 93\r\n  orig: 178, 93\r\n  offset: 0, 0\r\n  index: -1\r\nSGJ_kaixiangguang001\r\n  rotate: true\r\n  xy: 745, 196\r\n  size: 178, 93\r\n  orig: 178, 93\r\n  offset: 0, 0\r\n  index: -1\r\nSGJ_kaixiangguang002\r\n  rotate: false\r\n  xy: 650, 101\r\n  size: 178, 93\r\n  orig: 178, 93\r\n  offset: 0, 0\r\n  index: -1\r\nSGJ_kaixiangguang003\r\n  rotate: true\r\n  xy: 840, 206\r\n  size: 178, 93\r\n  orig: 178, 93\r\n  offset: 0, 0\r\n  index: -1\r\nSGJ_kaixiangguang004\r\n  rotate: false\r\n  xy: 798, 6\r\n  size: 178, 93\r\n  orig: 178, 93\r\n  offset: 0, 0\r\n  index: -1\r\nSGJ_kaixiangguang005\r\n  rotate: false\r\n  xy: 830, 101\r\n  size: 178, 93\r\n  orig: 178, 93\r\n  offset: 0, 0\r\n  index: -1\r\nSGJtubiaobaoxiang2\r\n  rotate: true\r\n  xy: 974, 884\r\n  size: 138, 33\r\n  orig: 138, 33\r\n  offset: 0, 0\r\n  index: -1\r\nSGJtubiaobeiguagn\r\n  rotate: false\r\n  xy: 650, 2\r\n  size: 146, 97\r\n  orig: 146, 97\r\n  offset: 0, 0\r\n  index: -1\r\nbaoxiang2222\r\n  rotate: false\r\n  xy: 812, 386\r\n  size: 120, 150\r\n  orig: 120, 150\r\n  offset: 0, 0\r\n  index: -1\r\nsaoguang\r\n  rotate: false\r\n  xy: 935, 359\r\n  size: 54, 177\r\n  orig: 54, 177\r\n  offset: 0, 0\r\n  index: -1\r\n\r\nSGJ_baoxiangdonghua2.png\r\nsize: 512,128\r\nformat: RGBA8888\r\nfilter: Linear,Linear\r\nrepeat: none\r\nSGJ_kaixiangguang006\r\n  rotate: false\r\n  xy: 2, 29\r\n  size: 178, 93\r\n  orig: 178, 93\r\n  offset: 0, 0\r\n  index: -1\r\nSGJ_kaixiangguang007\r\n  rotate: false\r\n  xy: 182, 29\r\n  size: 178, 93\r\n  orig: 178, 93\r\n  offset: 0, 0\r\n  index: -1\r\nSGJtubiaobaoxiang1\r\n  rotate: false\r\n  xy: 362, 2\r\n  size: 120, 120\r\n  orig: 120, 120\r\n  offset: 0, 0\r\n  index: -1\r\n",["SGJ_baoxiangdonghua.png","SGJ_baoxiangdonghua2.png"],{"skeleton":{"hash":"v8sVN4ZODm3ZpZUxWNrqKx2f1k8","spine":"3.6.53","width":320.49,"height":320.49,"images":""},"bones":[{"name":"root","rotation":-0.09},{"name":"baoxiang","parent":"root","length":55.98,"rotation":91.47,"x":-4.78,"y":12.97},{"name":"zi","parent":"root","x":-5.79,"y":-34.98},{"name":"caijian","parent":"zi","x":1.82,"y":23.86},{"name":"fangsheguang","parent":"root","x":5.86,"y":15.82,"scaleX":2,"scaleY":2},{"name":"guang","parent":"zi","x":-8.92,"y":18.44},{"name":"guang2","parent":"root","x":-0.49,"y":14.34},{"name":"kaixiangguang","parent":"root","x":3.09,"y":24.34,"scaleX":1.205,"scaleY":0.964},{"name":"kaixiangguang2","parent":"root","x":3.09,"y":24.34,"scaleX":1.2,"scaleY":1.011}],"slots":[{"name":"4561651","bone":"guang2","attachment":"SGJtubiaobeiguagn"},{"name":"baoxiang1","bone":"baoxiang","attachment":"baoxiang2222"},{"name":"kaixianguang","bone":"kaixiangguang","attachment":"SGJ_kaixiangguang007","blend":"screen"},{"name":"kaixianguang2","bone":"kaixiangguang2","attachment":"SGJ_kaixiangguang007","blend":"screen"},{"name":"baoxiang2","bone":"zi","attachment":"SGJtubiaobaoxiang2"},{"name":"fangsheguang","bone":"fangsheguang","attachment":"SGJ_fangseguang030","blend":"screen"},{"name":"caijian1","bone":"caijian","attachment":"caijian1"},{"name":"saoguang","bone":"guang","color":"ffffffad","attachment":"saoguang","blend":"additive"}],"skins":{"default":{"4561651":{"SGJtubiaobeiguagn":{"x":-5.53,"y":-3.96,"width":146,"height":97}},"baoxiang1":{"SGJtubiaobaoxiang1":{"x":13.59,"y":-8.44,"rotation":-91.56,"width":120,"height":120},"baoxiang2222":{"x":29.38,"y":-4.44,"rotation":-91.47,"width":120,"height":150}},"baoxiang2":{"SGJtubiaobaoxiang2":{"width":138,"height":33}},"caijian1":{"caijian1":{"type":"clipping","end":"caijian1","vertexCount":167,"color":"ce3a3aff","vertices":[-66.12,-15.67,-68.42,-13.85,-68.72,-10.96,-67.37,-9.19,-65.42,-10.42,-58.75,-10.35,-51.91,-10.7,-45.59,-12.28,-41.4,-15.69,-41.33,-20,-42.8,-22.66,-44.63,-24.25,-44.27,-25.55,-42.03,-26.79,-40.5,-28.73,-39.91,-27.73,-40.03,-23.66,-38.74,-18.35,-35.98,-14.33,-31.61,-11.14,-27.13,-10.48,-22.23,-11.36,-15.81,-15.71,-14.09,-19.61,-13.55,-23.62,-11.84,-23.91,-10.73,-19.54,-10.08,-15.71,-12.04,-12.7,-11.98,-11.05,-8.5,-10.92,-4.37,-9.97,-1.01,-10.15,1.54,-14.15,3.61,-21.82,5.5,-28.43,6.21,-29.66,6.74,-28.42,6.85,-21.7,7.08,-14.44,6.84,-12.91,5.83,-12.02,7.48,-10.84,11.73,-9.65,14.21,-10.54,14.8,-13.07,16.59,-12.36,19.42,-12.12,21.48,-11.05,25.44,-11.23,26.74,-13.7,25.74,-17.36,24.81,-25.98,25.58,-28.04,28.71,-29.04,31.36,-27.85,33.36,-24.55,34.12,-20.59,34,-14.1,32.05,-11.75,34.82,-10.39,37.35,-9.56,40.13,-9.49,42.43,-11.08,42.32,-15.8,42.03,-22.06,41.86,-27.13,41.93,-29.9,44.7,-29.84,48.07,-31.37,52.2,-32.19,56.33,-32.06,57.45,-31,54.43,-29.12,49.77,-26.76,46.28,-24.41,44.98,-22.64,44.8,-18.75,46.33,-15.09,49.45,-11.42,53.22,-9.77,57.12,-8.99,61.84,-9.69,64.97,-12.82,66.45,-15.41,66.34,-19.01,65.1,-21.49,63.39,-23.26,61.39,-22.97,59.26,-20.61,58.9,-18.43,59.08,-16.6,57.36,-16.07,55.3,-16.08,53.59,-17.61,53.53,-19.74,54.78,-21.74,57.73,-24.1,61.69,-25.74,64.4,-27.57,66.12,-29.16,66.24,-31.22,64.82,-33.11,62.58,-34.53,59.46,-35.84,54.45,-36.61,49.37,-36.32,45.53,-34.85,43.94,-32.73,43.78,-30.19,41.96,-30.27,41.94,-32.7,42.5,-34.5,41.26,-35.94,38.1,-36.51,34.82,-36.35,32.7,-33.75,27.34,-34.48,23.22,-34.49,20.66,-33.85,17.97,-30.82,16.85,-27.18,16.84,-21.82,17.15,-16.62,16.41,-12.89,14.79,-13.51,14.31,-18.39,13.92,-21.71,13.39,-25.2,13.06,-31.7,12.86,-33.38,11.26,-34.58,7.9,-35.11,4.42,-34.63,2.06,-32.56,-0.19,-28.68,-1.47,-23.72,-2.76,-18.73,-3.56,-17.53,-4.84,-18.49,-4.91,-23.05,-4.98,-29.57,-4.86,-33.45,-6.02,-35.3,-8.25,-36.22,-10.57,-35.9,-11.86,-33.86,-11.99,-24.75,-13.55,-24.79,-15.52,-28.85,-18.15,-32.77,-21.67,-35.18,-25.91,-36.46,-31.99,-36.15,-35.35,-34.4,-38.08,-31.6,-39.74,-29.03,-40.76,-29.33,-41.72,-32.26,-47.39,-35.43,-54.35,-35.72,-62.9,-36.67,-65.38,-35.67,-66.87,-32.99,-66.43,-27.99,-66.09,-20.99,-65.21,-17.11]}},"fangsheguang":{"SGJ_fangseguang000":{"width":160,"height":160},"SGJ_fangseguang001":{"width":160,"height":160},"SGJ_fangseguang002":{"width":160,"height":160},"SGJ_fangseguang003":{"width":160,"height":160},"SGJ_fangseguang004":{"width":160,"height":160},"SGJ_fangseguang005":{"width":160,"height":160},"SGJ_fangseguang006":{"width":160,"height":160},"SGJ_fangseguang007":{"width":160,"height":160},"SGJ_fangseguang008":{"width":160,"height":160},"SGJ_fangseguang009":{"width":160,"height":160},"SGJ_fangseguang010":{"width":160,"height":160},"SGJ_fangseguang011":{"width":160,"height":160},"SGJ_fangseguang012":{"width":160,"height":160},"SGJ_fangseguang013":{"width":160,"height":160},"SGJ_fangseguang014":{"width":160,"height":160},"SGJ_fangseguang015":{"width":160,"height":160},"SGJ_fangseguang016":{"width":160,"height":160},"SGJ_fangseguang017":{"width":160,"height":160},"SGJ_fangseguang018":{"width":160,"height":160},"SGJ_fangseguang019":{"width":160,"height":160},"SGJ_fangseguang020":{"width":160,"height":160},"SGJ_fangseguang021":{"width":160,"height":160},"SGJ_fangseguang022":{"width":160,"height":160},"SGJ_fangseguang023":{"width":160,"height":160},"SGJ_fangseguang024":{"width":160,"height":160},"SGJ_fangseguang025":{"width":160,"height":160},"SGJ_fangseguang026":{"width":160,"height":160},"SGJ_fangseguang027":{"width":160,"height":160},"SGJ_fangseguang028":{"width":160,"height":160},"SGJ_fangseguang029":{"width":160,"height":160},"SGJ_fangseguang030":{"width":160,"height":160}},"kaixianguang":{"SGJ_kaixiangguang000":{"y":-20.06,"width":178,"height":93},"SGJ_kaixiangguang001":{"y":-20.06,"width":178,"height":93},"SGJ_kaixiangguang002":{"y":-20.06,"width":178,"height":93},"SGJ_kaixiangguang003":{"y":-20.06,"width":178,"height":93},"SGJ_kaixiangguang004":{"y":-20.06,"width":178,"height":93},"SGJ_kaixiangguang005":{"y":-20.06,"width":178,"height":93},"SGJ_kaixiangguang006":{"y":-20.06,"width":178,"height":93},"SGJ_kaixiangguang007":{"y":-19.82,"width":178,"height":93}},"kaixianguang2":{"SGJ_kaixiangguang000":{"y":-20.06,"width":178,"height":93},"SGJ_kaixiangguang001":{"y":-20.06,"width":178,"height":93},"SGJ_kaixiangguang002":{"y":-20.06,"width":178,"height":93},"SGJ_kaixiangguang003":{"y":-20.06,"width":178,"height":93},"SGJ_kaixiangguang004":{"y":-20.06,"width":178,"height":93},"SGJ_kaixiangguang005":{"y":-20.06,"width":178,"height":93},"SGJ_kaixiangguang006":{"y":-20.06,"width":178,"height":93},"SGJ_kaixiangguang007":{"y":-19.82,"width":178,"height":93}},"saoguang":{"saoguang":{"x":26.33,"y":-12.8,"width":54,"height":177}}}},"animations":{"dynamic":{"slots":{"baoxiang1":{"attachment":[{"time":0,"name":"SGJtubiaobaoxiang1"},{"time":0.5,"name":"baoxiang2222"},{"time":1.3,"name":"SGJtubiaobaoxiang1"}]},"fangsheguang":{"attachment":[{"time":0,"name":null},{"time":0.5,"name":"SGJ_fangseguang000"},{"time":0.5333,"name":"SGJ_fangseguang001"},{"time":0.5667,"name":"SGJ_fangseguang002"},{"time":0.6,"name":"SGJ_fangseguang003"},{"time":0.6333,"name":"SGJ_fangseguang004"},{"time":0.6667,"name":"SGJ_fangseguang005"},{"time":0.7,"name":"SGJ_fangseguang006"},{"time":0.7333,"name":"SGJ_fangseguang007"},{"time":0.7667,"name":"SGJ_fangseguang008"},{"time":0.8,"name":"SGJ_fangseguang009"},{"time":0.8333,"name":"SGJ_fangseguang010"},{"time":0.8667,"name":"SGJ_fangseguang011"},{"time":0.9,"name":"SGJ_fangseguang012"},{"time":0.9333,"name":"SGJ_fangseguang013"},{"time":0.9667,"name":"SGJ_fangseguang014"},{"time":1,"name":"SGJ_fangseguang015"},{"time":1.0333,"name":"SGJ_fangseguang016"},{"time":1.0667,"name":"SGJ_fangseguang017"},{"time":1.1,"name":"SGJ_fangseguang018"},{"time":1.1333,"name":"SGJ_fangseguang019"},{"time":1.1667,"name":"SGJ_fangseguang020"},{"time":1.2,"name":"SGJ_fangseguang021"},{"time":1.2333,"name":"SGJ_fangseguang022"},{"time":1.2667,"name":"SGJ_fangseguang023"},{"time":1.3,"name":"SGJ_fangseguang024"},{"time":1.3333,"name":"SGJ_fangseguang025"},{"time":1.3667,"name":"SGJ_fangseguang026"},{"time":1.4,"name":"SGJ_fangseguang027"},{"time":1.4333,"name":"SGJ_fangseguang028"},{"time":1.4667,"name":"SGJ_fangseguang029"},{"time":1.5,"name":"SGJ_fangseguang030"},{"time":1.5333,"name":null}]},"kaixianguang":{"color":[{"time":0,"color":"ffffff00","curve":"stepped"},{"time":0.4667,"color":"ffffff00"},{"time":0.5333,"color":"ffffffff","curve":"stepped"},{"time":0.9667,"color":"ffffffff"},{"time":1.0333,"color":"ffffff00"}],"attachment":[{"time":0,"name":null},{"time":0.5333,"name":"SGJ_kaixiangguang000"},{"time":0.5667,"name":"SGJ_kaixiangguang001"},{"time":0.6,"name":"SGJ_kaixiangguang002"},{"time":0.6667,"name":"SGJ_kaixiangguang003"},{"time":0.7,"name":"SGJ_kaixiangguang004"},{"time":0.7333,"name":"SGJ_kaixiangguang005"},{"time":0.7667,"name":"SGJ_kaixiangguang006"},{"time":0.8333,"name":"SGJ_kaixiangguang007"},{"time":0.8667,"name":"SGJ_kaixiangguang000"},{"time":0.9,"name":"SGJ_kaixiangguang001"},{"time":0.9333,"name":"SGJ_kaixiangguang002"},{"time":1,"name":"SGJ_kaixiangguang003"},{"time":1.0333,"name":"SGJ_kaixiangguang004"},{"time":1.0667,"name":"SGJ_kaixiangguang005"},{"time":1.1,"name":"SGJ_kaixiangguang006"},{"time":1.1667,"name":"SGJ_kaixiangguang007"},{"time":1.5333,"name":null}]},"kaixianguang2":{"color":[{"time":0,"color":"ffffff00","curve":"stepped"},{"time":0.4667,"color":"ffffff00"},{"time":0.5333,"color":"ffffffff","curve":"stepped"},{"time":0.9667,"color":"ffffffff"},{"time":1.0333,"color":"ffffff00"}],"attachment":[{"time":0,"name":null},{"time":0.5333,"name":"SGJ_kaixiangguang000"},{"time":0.5667,"name":"SGJ_kaixiangguang001"},{"time":0.6,"name":"SGJ_kaixiangguang002"},{"time":0.6667,"name":"SGJ_kaixiangguang003"},{"time":0.7,"name":"SGJ_kaixiangguang004"},{"time":0.7333,"name":"SGJ_kaixiangguang005"},{"time":0.7667,"name":"SGJ_kaixiangguang006"},{"time":0.8333,"name":"SGJ_kaixiangguang007"},{"time":0.8667,"name":"SGJ_kaixiangguang000"},{"time":0.9,"name":"SGJ_kaixiangguang001"},{"time":0.9333,"name":"SGJ_kaixiangguang002"},{"time":1,"name":"SGJ_kaixiangguang003"},{"time":1.0333,"name":"SGJ_kaixiangguang004"},{"time":1.0667,"name":"SGJ_kaixiangguang005"},{"time":1.1,"name":"SGJ_kaixiangguang006"},{"time":1.1667,"name":"SGJ_kaixiangguang007"},{"time":1.5333,"name":null}]}},"bones":{"zi":{"translate":[{"time":0,"x":0,"y":0,"curve":"stepped"},{"time":1.5,"x":0,"y":0}],"scale":[{"time":0,"x":1,"y":1},{"time":0.7667,"x":1.2,"y":1.2},{"time":1.5,"x":1,"y":1}]},"guang":{"translate":[{"time":0,"x":-166.24,"y":-1.93},{"time":1.5,"x":141.39,"y":-2.35}]},"baoxiang":{"rotate":[{"time":0,"angle":0},{"time":0.1333,"angle":7.2},{"time":0.2333,"angle":-9.6},{"time":0.3333,"angle":4.8},{"time":0.4333,"angle":-4.8},{"time":0.5,"angle":0}],"translate":[{"time":0,"x":-7.21,"y":-0.01}]},"kaixiangguang":{"translate":[{"time":0,"x":-10.82,"y":5.13}]},"kaixiangguang2":{"translate":[{"time":0,"x":-10.82,"y":5.13}]},"fangsheguang":{"translate":[{"time":0,"x":-14.45,"y":21.61}]}}},"static":{"slots":{"baoxiang1":{"attachment":[{"time":0,"name":"SGJtubiaobaoxiang1"}]},"fangsheguang":{"attachment":[{"time":0,"name":null}]},"kaixianguang":{"color":[{"time":0,"color":"ffffff00"}],"attachment":[{"time":0,"name":null}]},"kaixianguang2":{"color":[{"time":0,"color":"ffffff00"}],"attachment":[{"time":0,"name":null}]}},"bones":{"zi":{"translate":[{"time":0,"x":0,"y":0}],"scale":[{"time":0,"x":1,"y":1}]},"guang":{"translate":[{"time":0,"x":-166.24,"y":-1.93}]},"baoxiang":{"rotate":[{"time":0,"angle":0}],"translate":[{"time":0,"x":-7.21,"y":-0.01}]},"kaixiangguang":{"translate":[{"time":0,"x":-10.82,"y":5.13}]},"kaixiangguang2":{"translate":[{"time":0,"x":-10.82,"y":5.13}]},"fangsheguang":{"translate":[{"time":0,"x":-14.45,"y":21.61}]}}}}},[0,1]]],0,0,[0,0],[-1,-2],[4,5]],[[[8,"prefab_fruits777_iconCar"],[9,"prefab_fruits777_iconCar",[-3,-4,-5,-6],[[1,-2,[0,"e69ySR6OFI7Jkmywbg/uyW"],[5,130,135]]],[2,"c46/YsCPVOJYA4mWEpNYRx",null,null,null,-1,0]],[10,"props_iconWrap",1,[-9,-10],[[1,-7,[0,"92GbJDDBJJRr9PcOlSG8mC"],[5,130,135]],[12,45,166.14,163.34,-8,[0,"4dz/er9VlMSoJ69YDoNIXZ"]]],[2,"8cLVps1sNOSqzaUXS/pP63",null,null,null,1,0]],[4,"props_iconId",false,1,[[1,-11,[0,"cfnRT2cktF65CQNtRnYdFD"],[5,67.38373027240249,54.39999999999999]],[13,32.08,30,-12,[0,"8aWLRtL2hCDbxLxaIMitiv"]],[6,-13,[0,"e0lE0J2ylPq4nSsr9/t0No"]]],[2,"ccmm4sTF1CZZA0O+2wPOHC",null,null,null,1,0],[1,0,16.912,0]],[4,"props_index",false,1,[[1,-14,[0,"7edQfHwwdIrYtAMtnyT2WJ"],[5,42.2290742641078,54.39999999999999]],[14,"index",17.109333333333332,16,-15,[0,"2bw5MmAhVGnajnuuXvYyA7"],[4,4292269782],[4,4282861387]],[6,-16,[0,"2bht/cidNLYKmi0C6U7jpX"]]],[2,"28HuFrSxtK/ai83SlJqnhB",null,null,null,1,0],[1,0,-13.006,0]],[5,"props_focusBorder",false,1,[[1,-17,[0,"b7L2NXRjFNCJ3q6nLLPCUP"],[5,272,264]],[7,"default","animation",false,0,-18,[0,"4dV1SkYk1Jmrn5ugzXSOgD"],0]],[2,"24HOFkXUhOAYv+QxpNKjP6",null,null,null,1,0]],[11,"iconNode_sprite",2,[[1,-19,[0,"c1+QlSCZBFTYrpzo+B8mxz"],[5,147,117]],[15,-20,[0,"56SfxRsJlBO6lANc5SpvCB"],1]],[2,"27glSRjeBPhboOcK2VrSLR",null,null,null,1,0]],[5,"iconNode_skeleton",false,2,[[1,-21,[0,"ba+08MW+dL+5sJ+avlXshP"],[5,320.49,320.49]],[7,"default","static",false,0,-22,[0,"061W9bJ1NDk4GanKtVe/Lu"],2]],[2,"71VPA6DcRNxqPysYEE9Nh9",null,null,null,1,0]]],0,[0,2,1,0,0,1,0,-1,5,0,-2,2,0,-3,3,0,-4,4,0,0,2,0,0,2,0,-1,6,0,-2,7,0,0,3,0,0,3,0,0,3,0,0,4,0,0,4,0,0,4,0,0,5,0,0,5,0,0,6,0,0,6,0,0,7,0,0,7,0,3,1,22],[0,0,0],[1,4,1],[6,7,8]]]]
