[1,["a5enfeC1lOr4BwOXvl8Nvc@6c48a"],["_textureSource"],["cc.SpriteFrame"],0,[{"name":"shuiyin","rect":{"x":0,"y":0,"width":906,"height":63},"offset":{"x":0,"y":0},"originalSize":{"width":906,"height":63},"rotated":false,"capInsets":[0,0,0,0],"vertices":{"rawPosition":[-453,-31.5,0,453,-31.5,0,-453,31.5,0,453,31.5,0],"indexes":[0,1,2,2,1,3],"uv":[0,63,906,63,0,0,906,0],"nuv":[0,0,1,0,0,1,1,1],"minPos":{"x":-453,"y":-31.5,"z":0},"maxPos":{"x":453,"y":31.5,"z":0}},"packable":true,"pixelsToUnit":100,"pivot":{"x":0.5,"y":0.5},"meshType":0}],[0],0,[0],[0],[0]]
