[1,["cerVMwwjVOmZrmNZ2chy5R@6c48a"],["_textureSource"],["cc.SpriteFrame"],0,[{"name":"bg_userbox_down@2x","rect":{"x":0,"y":0,"width":260,"height":58},"offset":{"x":0,"y":0},"originalSize":{"width":260,"height":58},"rotated":false,"capInsets":[0,0,0,0],"vertices":{"rawPosition":[-130,-29,0,130,-29,0,-130,29,0,130,29,0],"indexes":[0,1,2,2,1,3],"uv":[0,58,260,58,0,0,260,0],"nuv":[0,0,1,0,0,1,1,1],"minPos":{"x":-130,"y":-29,"z":0},"maxPos":{"x":130,"y":29,"z":0}},"packable":true,"pixelsToUnit":100,"pivot":{"x":0.5,"y":0.5},"meshType":0}],[0],0,[0],[0],[0]]
