[1,["d9129a60-e658-47bd-b707-c0cd2b85a155@6c48a"],["_textureSource"],["cc.SpriteFrame"],0,[{"name":"Settings","rect":{"x":0,"y":0,"width":123,"height":36},"offset":{"x":0,"y":0},"originalSize":{"width":123,"height":36},"rotated":false,"capInsets":[0,0,0,0],"vertices":{"rawPosition":[-61.5,-18,0,61.5,-18,0,-61.5,18,0,61.5,18,0],"indexes":[0,1,2,2,1,3],"uv":[0,36,123,36,0,0,123,0],"nuv":[0,0,1,0,0,1,1,1],"minPos":{"x":-61.5,"y":-18,"z":0},"maxPos":{"x":61.5,"y":18,"z":0}},"packable":true,"pixelsToUnit":100,"pivot":{"x":0.5,"y":0.5},"meshType":0}],[0],0,[0],[0],[0]]
