[1,["e9LAusoadBiaBx06/8Oejp@f9941","44BNSyWCpP9IJFBt8ZyVzI","509DSLyINOL48RziM7hZ+h","80I9VHAF9HbpEhlWG/VTnf","09Z1JCZQZN5r6a6YptL0ty","e6iX5Dhq5OeLcwi2dRRhut@6c48a","7dj5uJT9FMn6OrOOx83tfK@f9941","ddabi8UhxKD6MUuGRgmPQh","db+SsEqFZDQbAydGTVQa/P","92Y0O5vlxKFaiyWiveO0bs","43B0aqMAhOw6/EA4KzV51g","01RrgWoitDI5wJbsLIf73M","cd1ANp9ENJ5a8B27DNFLnY","6cub1NAglJgbb31WHQLVLB","abAAHlil9LvaAt58H2/ue2@6c48a","7dTgZVR05JtZ5t5eVmGRV2@6c48a","5bi3uJyiFDG5awYfQgC3lJ@6c48a"],["node","_spriteFrame","_customMaterial","_file","_font","_skeletonData","target","_defaultClip","spriteFrame","root","data","asset"],[["cc.Node",["_name","_layer","_active","_objFlags","__editorExtras__","_prefab","_components","_parent","_lpos","_children","_lrot","_lscale","_euler"],-2,4,9,1,5,2,5,5,5],["cc.UITransform",["node","__prefab","_contentSize","_anchorPoint"],3,1,4,5,5],["cc.UIOpacity",["_opacity","node","__prefab"],2,1,4],["sp.Skeleton",["defaultSkin","defaultAnimation","_premultipliedAlpha","_preCacheMode","loop","node","__prefab","_skeletonData","_sockets"],-2,1,4,6,9],["cc.Label",["_string","_actualFontSize","_fontSize","_isSystemFontUsed","_lineHeight","node","__prefab","_font"],-2,1,4,6],["cc.ParticleAsset",["_name","_native"],1],["sp.SkeletonData",["_name","_atlasText","textureNames","_skeletonJson","textures"],-1,3],["cc.Prefab",["_name"],2],["cc.CompPrefabInfo",["fileId"],2],["cc.Widget",["_alignFlags","_originalWidth","_originalHeight","node","__prefab"],0,1,4],["cc.PrefabInfo",["fileId","instance","targetOverrides","root","asset","nestedPrefabInstanceRoots"],0,1,1,2],["cc.PrefabInfo",["fileId","instance","targetOverrides","nestedPrefabInstanceRoots","root","asset"],-1,1,1],["cc.PrefabInfo",["fileId","targetOverrides","nestedPrefabInstanceRoots","root","instance","asset"],0,1,4,6],["cc.Sprite",["_sizeMode","node","__prefab","_color","_spriteFrame"],2,1,4,5,6],["cc.BlockInputEvents",["node","__prefab"],3,1,4],["cc.TargetInfo",["localID"],2],["cc.ParticleSystem2D",["emissionRate","life","lifeVar","angleVar","startSize","endSize","startSpin","startSpinVar","endSpin","endSpinVar","speed","speedVar","tangentialAccel","_totalParticles","node","__prefab","posVar","gravity","_startColor","_endColor","_customMaterial","_file","_spriteFrame"],-11,1,4,5,5,5,5,6,6,6],["cc.Animation",["playOnLoad","node","__prefab","_clips","_defaultClip"],2,1,4,3,6],["sp.Skeleton.SpineSocket",["path","target"],2,1],["cc.PrefabInstance",["fileId","prefabRootNode","propertyOverrides"],2,1,9],["CCPropertyOverrideInfo",["value","propertyPath","targetInfo"],1,1],["CCPropertyOverrideInfo",["propertyPath","targetInfo","value"],2,1,8],["CCPropertyOverrideInfo",["value","propertyPath","targetInfo"],1,4],["CCPropertyOverrideInfo",["propertyPath","targetInfo","value"],2,4,8]],[[8,0,2],[11,0,1,2,3,4,5,5],[15,0,2],[1,0,1,2,1],[1,0,1,1],[22,0,1,2,3],[6,0,1,2,3,4,5],[0,0,1,7,9,6,5,3],[0,0,2,1,7,9,6,5,4],[0,0,1,7,6,5,8,3],[16,0,1,2,3,4,5,6,7,8,9,10,11,12,13,14,15,16,17,18,19,20,21,22,15],[4,0,1,2,3,5,6,7,5],[0,0,1,7,6,5,8,10,11,3],[1,0,1,2,3,1],[9,0,1,2,3,4,4],[17,0,1,2,3,4,2],[3,0,1,2,3,4,5,6,8,7,6],[18,0,1,2],[21,0,1,2,2],[5,0,1,3],[2,1,2,1],[20,0,1,2,3],[7,0,2],[0,0,1,9,6,5,3],[0,0,1,7,6,5,3],[0,0,7,6,5,8,2],[0,0,7,6,5,2],[0,0,7,6,5,8,12,2],[0,3,4,7,5,3],[2,0,1,2,2],[10,0,1,2,3,4,5,4],[12,0,1,2,3,4,5,4],[13,0,1,2,3,4,2],[14,0,1,1],[3,0,1,2,3,4,5,6,7,6],[4,0,1,2,4,5,6,5],[19,0,1,2,2],[23,0,1,2,2]],[[[[19,"caishen_bw",".plist"],-1],0,0,[0],[8],[0]],[[[6,"cs_mw","\r\ncs_mw.png\r\nsize: 2048,512\r\nformat: RGBA8888\r\nfilter: Linear,Linear\r\nrepeat: none\r\nMEGAWIN\r\n  rotate: false\r\n  xy: 606, 242\r\n  size: 391, 82\r\n  orig: 391, 82\r\n  offset: 0, 0\r\n  index: -1\r\nbox\r\n  rotate: false\r\n  xy: 606, 326\r\n  size: 755, 133\r\n  orig: 755, 133\r\n  offset: 0, 0\r\n  index: -1\r\ncaishen\r\n  rotate: true\r\n  xy: 2, 2\r\n  size: 457, 602\r\n  orig: 457, 602\r\n  offset: 0, 0\r\n  index: -1\r\n",["cs_mw.png"],{"skeleton":{"hash":"VzkQ77nDIbXyh+TFRSswL4U9AcE","spine":"3.8.99","x":-377,"y":-301,"width":755,"height":602,"images":"","audio":""},"bones":[{"name":"root"},{"name":"cs","parent":"root"},{"name":"box","parent":"root"},{"name":"box_guadian","parent":"box","y":-108.28,"color":"e6ff00ff"}],"slots":[{"name":"caishen","bone":"cs","attachment":"caishen"},{"name":"BIGWIN","bone":"box","attachment":"MEGAWIN"},{"name":"box","bone":"box","attachment":"box"}],"skins":[{"name":"default","attachments":{"BIGWIN":{"MEGAWIN":{"width":391,"height":82}},"box":{"box":{"x":0.5,"y":-114.76,"width":755,"height":133}},"caishen":{"caishen":{"x":0.5,"width":457,"height":602}}}}],"animations":{"animation":{"bones":{"cs":{"translate":[{"x":1284.38,"y":88.64},{"time":0.6667}],"scale":[{"x":0.2,"y":0.2,"curve":0.25,"c3":0.75},{"time":0.3333,"x":0.4,"y":0.4,"curve":0.25,"c3":0.75},{"time":0.6667}]},"box":{"scale":[{"x":0,"curve":"stepped"},{"time":0.6667,"x":0,"curve":0.25,"c3":0.75},{"time":0.8333}]}}}}},[0]]],0,0,[0],[-1],[5]],[[[19,"caishen_mw",".plist"],-1],0,0,[0],[8],[0]],[[[22,"dialogWin"],[23,"dialogWin",4294967295,[-6,-7,-8],[[3,-3,[0,"8a4PtM5bRItoVHLkiupuF1"],[5,1334,750]],[20,-4,[0,"f5tQfL8t9AyImXR49z+tmS"]],[14,45,100,100,-5,[0,"8ddNej9KlPf5PDI8cDCM9o"]]],[30,"c46/YsCPVOJYA4mWEpNYRx",null,[],-2,0,[-1]]],[7,"insider",4294967295,1,[-12,-13,-14,-15],[[3,-9,[0,"fcO3NQiJdPzqhaq1CJlIGm"],[5,1334,750]],[14,45,100,100,-10,[0,"a277N5/CxEYZQJCx+Yf3cq"]],[20,-11,[0,"b8vnJyeSlMTrPn872rC9Zx"]]],[1,"38xwJ7neFMWL8gFAEnKZ19",null,null,null,1,0]],[24,"SpriteSplash",4294967295,1,[[3,-16,[0,"65+DCP3MRCwbpC7/GmzhZO"],[5,1334,750]],[32,0,-17,[0,"fcS3J7IC9Ifqo7tfRroaRT"],[4,4278190080],0],[14,45,100,100,-18,[0,"acSUQt2U5M5Llx7ceX6nHe"]],[29,100,-19,[0,"a6j60uIndCvKsmwXGG0VYp"]],[33,-20,[0,"5f07QMn+lHmq7lWkBvP208"]]],[1,"44uwxoKipOT4UG0Fj+yChz",null,null,null,1,0]],[8,"props_jackpot",false,4294967295,2,[-22,-23,-24,-25],[[4,-21,[0,"99bVjynOBLl6iTRHpjBCpm"]]],[1,"c1Cc7ILiVERoVyBNV370v1",null,null,null,1,0]],[2,["f7MDDKQeRM2ayK35j/KKzw"]],[8,"props_bigWin",false,4294967295,2,[-27,-28],[[4,-26,[0,"c83evXeHRBw5bCBfRE/ks6"]]],[1,"a8OZ3ja99O4I1sjOeyFHlR",null,null,null,1,0]],[9,"props_caishen_bw",4294967295,6,[[4,-29,[0,"54kTH61oNMioA1ZLhfFSWM"]],[10,200,6,6,25,80,60,815,-727,-230,585,1000,420,0,1000,-30,[0,"22CsYdnK1FwY53WwnP5jNO"],[0,10,0],[0,0,-1924],[4,4293784831],[4,0],1,2,3],[15,true,-31,[0,"b812FfM65OYr/ZV4dTijGE"],[4],5]],[1,"73wd4DW7dCKZligRZeSEyz",null,null,null,1,0],[1,1278,100,0]],[7,"sk_bw",4294967295,6,[-35],[[3,-32,[0,"61eI4QbJtLe4vqDTci5MAm"],[5,755,602]],[16,"default","animation",false,0,false,-34,[0,"2fKsOgNwlLlLdXiKi9Q/Gk"],[[17,"root/box/box_guadian",-33]],7]],[1,"5bYE93e31Nvpx4LqUaF9DH",null,null,null,1,0]],[12,"number",4294967295,8,[[13,-36,[0,"81KyOhXdNOtJRo6C3gHS8a"],[5,58.13,40],[0,0.5,0]],[11,"0",30,30,false,-37,[0,"c2CCgSij9PVJmNGGn0oJp1"],6]],[1,"78GRDf5aREOpogmnw7J8o/",null,null,null,1,0],[1,0.000005025297177825321,-108.27999999999996,0],[3,null,null,null,null],[1,0,1.0000000000000004,1]],[8,"props_megaWin",false,4294967295,2,[-39,-40],[[4,-38,[0,"5bYFYBZadBq5PB1BfkpTnJ"]]],[1,"7fH7mDLQtKWKvm8feDaAUK",null,null,null,1,0]],[9,"props_caishen_mw",4294967295,10,[[4,-41,[0,"dfLOy6KntP3qLbI67t9xF2"]],[10,400,6,6,25,80,60,815,-727,-230,585,1000,420,0,2000,-42,[0,"b8z/3uUNBNG7/027L+dDMl"],[0,10,0],[0,0,-1924],[4,4293784831],[4,0],13,14,15],[15,true,-43,[0,"6e4kiUxDlDgYmTJ6E9cJpX"],[16],17]],[1,"86Zts52QNLOI1rJR3IcOik",null,null,null,1,0],[1,1278,100,0]],[7,"sk_mw",4294967295,10,[-47],[[3,-44,[0,"77AnIqCR5LHbayiwLi0+xr"],[5,755,602]],[16,"default","animation",false,0,false,-46,[0,"4cxN5CDa1LNZYt9RvXY5g+"],[[17,"root/box/box_guadian",-45]],19]],[1,"53OoK4+IBFK7COjYc20NT0",null,null,null,1,0]],[12,"number",4294967295,12,[[13,-48,[0,"6fugFK/YpKEJVw8CgfvIXH"],[5,58.13,40],[0,0.5,0]],[11,"0",30,30,false,-49,[0,"fbiJeq11xH65M1FXD5wSIl"],18]],[1,"ceL84/YklMa5DgSHKYriFH",null,null,null,1,0],[1,0.000005025297177825321,-108.27999999999996,0],[3,null,null,null,null],[1,0,1.0000000000000004,1]],[8,"props_superWin",false,4294967295,2,[-51,-52],[[4,-50,[0,"7cnR5ydBNF04XowJ6mui4L"]]],[1,"21Ib5mZxlBoZTrUDrQLc86",null,null,null,1,0]],[9,"props_caishen_sw",4294967295,14,[[4,-53,[0,"caKL8llQNEn4NREs8E7CnF"]],[10,300,6,6,25,80,60,815,-727,-230,585,1000,420,0,1500,-54,[0,"a3yKK7Ne9AAJq4IX14WPpB"],[0,10,0],[0,0,-1924],[4,4293784831],[4,0],20,21,22],[15,true,-55,[0,"253zddlARHjYUdE64/3g1T"],[23],24]],[1,"5bfYcPyLJIrIUBk2weHCg6",null,null,null,1,0],[1,1278,100,0]],[7,"sk_sw",4294967295,14,[-59],[[3,-56,[0,"99XLnbtspNYZm3LgSEjInE"],[5,755,602]],[16,"default","animation",false,0,false,-58,[0,"21KZzy25ZM0r66hn59mGH7"],[[17,"root/box/box_guadian",-57]],26]],[1,"9cOMIpkvROvotVoEh5EjNa",null,null,null,1,0]],[12,"number",4294967295,16,[[13,-60,[0,"11Jhv4KBtIKpcX3nMF1rSS"],[5,58.13,40],[0,0.5,0]],[11,"0",30,30,false,-61,[0,"bd1WL7cNhB3JkZg1+jNNK2"],25]],[1,"93nkUW+g5AkbEdz+FdwKqH",null,null,null,1,0],[1,0.000005025297177825321,-108.27999999999996,0],[3,null,null,null,null],[1,0,1.0000000000000004,1]],[25,"caishen_jk",4,[[4,-62,[0,"baAHdHjdhDhLIoTX6D6CcI"]],[10,200,6,6,25,80,60,815,-727,-230,585,1000,420,0,1000,-63,[0,"60JRWan1VKkaqK1l7gwbzN"],[0,10,0],[0,0,-1924],[4,4293784831],[4,0],8,9,10]],[1,"1cxDhQ/kBKTqhwar5Shpdp",null,null,null,1,0],[1,0,60,0]],[26,"sk_jackpot",4,[[3,-64,[0,"50o1rRzIpN2bO487ouAd0h"],[5,1364.99,703.96]],[34,"default","a2",false,0,false,-65,[0,"150HP1PTJNfIb5QMy85LJ2"],11]],[1,"bclae/UGhLi46TJpDkhCMQ",null,null,null,1,0]],[27,"number",4,[[3,-66,[0,"44G7abGBJMH4QeKKRSCsG1"],[5,58.13,40]],[11,"0",30,30,false,-67,[0,"74R8U50v1FnYdNhUdmxzWT"],12]],[1,"b3rOCHqipBkp3cmonXxOXQ",null,null,null,1,0],[1,0,10,0],[1,0,0,0.0000013295544841540188]],[9,"lbl_des",4294967295,4,[[3,-68,[0,"731NFVDuxG/YMBHnvXwnXv"],[5,0,100.8]],[35,"",80,80,80,-69,[0,"73KPS6VnVLQ54htXxlVckO"]]],[1,"a4NOO3neFFeJ/sis+0c2l2",null,null,null,1,0],[1,0,-129.625,0]],[28,0,{},1,[31,"f7MDDKQeRM2ayK35j/KKzw",null,null,-70,[36,"17hULGXulHzo0DvGy0pSgI",1,[[21,"props_smallGame_win",["_name"],5],[18,["_lpos"],5,[1,0,0,0]],[18,["_lrot"],5,[3,0,0,0,1]],[18,["_euler"],5,[1,0,0,0]],[21,false,["_active"],5],[5,"Label_Number",["_name"],[2,["0eIKn5ebVJVKyp5tN5HmJv"]]],[5,"Label_Number",["_name"],[2,["25FeIqhRpLKqAf7Z0aeb6b"]]],[5,"Label_Number",["_name"],[2,["9dPlQ2kEpEi6wDb9rFgN0d"]]],[5,true,["_active"],[2,["68f3AOvb1Px7zgKH1Rb3UG"]]],[5,false,["_active"],[2,["1b34vAo5dDO6IXpvkiG2y9"]]],[5,false,["_active"],[2,["5eYFCcR5RI34642yiCYjwD"]]],[5,false,["_active"],[2,["f9QjvVGctGnbU8J2Ov9jIF"]]],[5,false,["_active"],[2,["f4ktLb4T1B3IMW8GR3byA1"]]],[37,["_contentSize"],[2,["41FIKXHExAHKli1AK/C/2G"]],[5,1334,750]]]],27]]],0,[0,-1,22,0,9,1,0,0,1,0,0,1,0,0,1,0,-1,3,0,-2,2,0,-3,22,0,0,2,0,0,2,0,0,2,0,-1,6,0,-2,4,0,-3,10,0,-4,14,0,0,3,0,0,3,0,0,3,0,0,3,0,0,3,0,0,4,0,-1,18,0,-2,19,0,-3,20,0,-4,21,0,0,6,0,-1,7,0,-2,8,0,0,7,0,0,7,0,0,7,0,0,8,0,6,9,0,0,8,0,-1,9,0,0,9,0,0,9,0,0,10,0,-1,11,0,-2,12,0,0,11,0,0,11,0,0,11,0,0,12,0,6,13,0,0,12,0,-1,13,0,0,13,0,0,13,0,0,14,0,-1,15,0,-2,16,0,0,15,0,0,15,0,0,15,0,0,16,0,6,17,0,0,16,0,-1,17,0,0,17,0,0,17,0,0,18,0,0,18,0,0,19,0,0,19,0,0,20,0,0,20,0,0,21,0,0,21,0,9,22,0,10,1,70],[0,0,0,0,0,0,0,0,0,0,0,0,0,0,0,0,0,0,0,0,0,0,0,0,0,0,0,0],[1,2,3,1,-1,7,4,5,2,3,1,5,4,2,3,1,-1,7,4,5,2,3,1,-1,7,4,5,11],[6,2,4,0,1,1,3,7,2,4,0,8,3,2,9,0,1,1,3,10,2,11,0,1,1,3,12,13]],[[[6,"cs_sw","\r\ncs_sw.png\r\nsize: 2048,512\r\nformat: RGBA8888\r\nfilter: Linear,Linear\r\nrepeat: none\r\nSUPERWIN\r\n  rotate: false\r\n  xy: 606, 242\r\n  size: 394, 82\r\n  orig: 394, 82\r\n  offset: 0, 0\r\n  index: -1\r\nbox\r\n  rotate: false\r\n  xy: 606, 326\r\n  size: 755, 133\r\n  orig: 755, 133\r\n  offset: 0, 0\r\n  index: -1\r\ncaishen\r\n  rotate: true\r\n  xy: 2, 2\r\n  size: 457, 602\r\n  orig: 457, 602\r\n  offset: 0, 0\r\n  index: -1\r\n",["cs_sw.png"],{"skeleton":{"hash":"cVpRmEhV7Jc6Js4luOVPhKMpvr0","spine":"3.8.99","x":-377,"y":-301,"width":755,"height":602,"images":"","audio":""},"bones":[{"name":"root"},{"name":"cs","parent":"root"},{"name":"box","parent":"root"},{"name":"box_guadian","parent":"box","y":-108.28,"color":"e6ff00ff"}],"slots":[{"name":"caishen","bone":"cs","attachment":"caishen"},{"name":"BIGWIN","bone":"box","attachment":"SUPERWIN"},{"name":"box","bone":"box","attachment":"box"}],"skins":[{"name":"default","attachments":{"BIGWIN":{"SUPERWIN":{"width":394,"height":82}},"box":{"box":{"x":0.5,"y":-114.76,"width":755,"height":133}},"caishen":{"caishen":{"x":0.5,"width":457,"height":602}}}}],"animations":{"animation":{"bones":{"cs":{"translate":[{"x":1284.38,"y":88.64},{"time":0.6667}],"scale":[{"x":0.2,"y":0.2,"curve":0.25,"c3":0.75},{"time":0.3333,"x":0.4,"y":0.4,"curve":0.25,"c3":0.75},{"time":0.6667}]},"box":{"scale":[{"x":0,"curve":"stepped"},{"time":0.6667,"x":0,"curve":0.25,"c3":0.75},{"time":0.8333}]}}}}},[0]]],0,0,[0],[-1],[14]],[[[6,"sb_lbjs_JACKPOT","\r\nsb_lbjs_JACKPOT.png\r\nsize: 2048,1024\r\nformat: RGBA8888\r\nfilter: Linear,Linear\r\nrepeat: none\r\na0\r\n  rotate: false\r\n  xy: 1729, 409\r\n  size: 100, 100\r\n  orig: 100, 100\r\n  offset: 0, 0\r\n  index: -1\r\na1\r\n  rotate: false\r\n  xy: 0, 829\r\n  size: 682, 169\r\n  orig: 682, 169\r\n  offset: 0, 0\r\n  index: -1\r\na1_01\r\n  rotate: false\r\n  xy: 562, 203\r\n  size: 212, 46\r\n  orig: 212, 46\r\n  offset: 0, 0\r\n  index: -1\r\na1_02\r\n  rotate: false\r\n  xy: 562, 155\r\n  size: 212, 46\r\n  orig: 212, 46\r\n  offset: 0, 0\r\n  index: -1\r\na1_03\r\n  rotate: false\r\n  xy: 562, 107\r\n  size: 212, 46\r\n  orig: 212, 46\r\n  offset: 0, 0\r\n  index: -1\r\na1_04\r\n  rotate: true\r\n  xy: 770, 254\r\n  size: 212, 46\r\n  orig: 212, 46\r\n  offset: 0, 0\r\n  index: -1\r\na1_05\r\n  rotate: true\r\n  xy: 818, 254\r\n  size: 212, 46\r\n  orig: 212, 46\r\n  offset: 0, 0\r\n  index: -1\r\na1_06\r\n  rotate: true\r\n  xy: 866, 254\r\n  size: 212, 46\r\n  orig: 212, 46\r\n  offset: 0, 0\r\n  index: -1\r\na1_07\r\n  rotate: true\r\n  xy: 914, 254\r\n  size: 212, 46\r\n  orig: 212, 46\r\n  offset: 0, 0\r\n  index: -1\r\na1_08\r\n  rotate: false\r\n  xy: 776, 206\r\n  size: 212, 46\r\n  orig: 212, 46\r\n  offset: 0, 0\r\n  index: -1\r\na1_09\r\n  rotate: false\r\n  xy: 776, 158\r\n  size: 212, 46\r\n  orig: 212, 46\r\n  offset: 0, 0\r\n  index: -1\r\na1_10\r\n  rotate: false\r\n  xy: 776, 110\r\n  size: 212, 46\r\n  orig: 212, 46\r\n  offset: 0, 0\r\n  index: -1\r\na1_11\r\n  rotate: true\r\n  xy: 962, 254\r\n  size: 212, 46\r\n  orig: 212, 46\r\n  offset: 0, 0\r\n  index: -1\r\na1_12\r\n  rotate: false\r\n  xy: 776, 62\r\n  size: 212, 46\r\n  orig: 212, 46\r\n  offset: 0, 0\r\n  index: -1\r\na1_13\r\n  rotate: false\r\n  xy: 1010, 480\r\n  size: 212, 46\r\n  orig: 212, 46\r\n  offset: 0, 0\r\n  index: -1\r\na1_14\r\n  rotate: false\r\n  xy: 1010, 432\r\n  size: 212, 46\r\n  orig: 212, 46\r\n  offset: 0, 0\r\n  index: -1\r\na1_15\r\n  rotate: false\r\n  xy: 1010, 384\r\n  size: 212, 46\r\n  orig: 212, 46\r\n  offset: 0, 0\r\n  index: -1\r\na1_16\r\n  rotate: false\r\n  xy: 1010, 336\r\n  size: 212, 46\r\n  orig: 212, 46\r\n  offset: 0, 0\r\n  index: -1\r\na1_17\r\n  rotate: false\r\n  xy: 1010, 288\r\n  size: 212, 46\r\n  orig: 212, 46\r\n  offset: 0, 0\r\n  index: -1\r\na1_18\r\n  rotate: true\r\n  xy: 1224, 314\r\n  size: 212, 46\r\n  orig: 212, 46\r\n  offset: 0, 0\r\n  index: -1\r\na1_19\r\n  rotate: true\r\n  xy: 1272, 314\r\n  size: 212, 46\r\n  orig: 212, 46\r\n  offset: 0, 0\r\n  index: -1\r\na6\r\n  rotate: false\r\n  xy: 0, 685\r\n  size: 576, 142\r\n  orig: 576, 142\r\n  offset: 0, 0\r\n  index: -1\r\na6c\r\n  rotate: false\r\n  xy: 684, 920\r\n  size: 335, 78\r\n  orig: 335, 78\r\n  offset: 0, 0\r\n  index: -1\r\nb1\r\n  rotate: false\r\n  xy: 1891, 870\r\n  size: 128, 128\r\n  orig: 128, 128\r\n  offset: 0, 0\r\n  index: -1\r\nb4_01\r\n  rotate: false\r\n  xy: 684, 854\r\n  size: 288, 64\r\n  orig: 288, 64\r\n  offset: 0, 0\r\n  index: -1\r\nb4_02\r\n  rotate: false\r\n  xy: 1021, 934\r\n  size: 288, 64\r\n  orig: 288, 64\r\n  offset: 0, 0\r\n  index: -1\r\nb4_03\r\n  rotate: false\r\n  xy: 1311, 934\r\n  size: 288, 64\r\n  orig: 288, 64\r\n  offset: 0, 0\r\n  index: -1\r\nb4_04\r\n  rotate: false\r\n  xy: 1601, 934\r\n  size: 288, 64\r\n  orig: 288, 64\r\n  offset: 0, 0\r\n  index: -1\r\nb4_05\r\n  rotate: false\r\n  xy: 258, 420\r\n  size: 288, 64\r\n  orig: 288, 64\r\n  offset: 0, 0\r\n  index: -1\r\nb4_06\r\n  rotate: false\r\n  xy: 684, 788\r\n  size: 288, 64\r\n  orig: 288, 64\r\n  offset: 0, 0\r\n  index: -1\r\nb4_07\r\n  rotate: false\r\n  xy: 1021, 868\r\n  size: 288, 64\r\n  orig: 288, 64\r\n  offset: 0, 0\r\n  index: -1\r\nb4_08\r\n  rotate: false\r\n  xy: 1311, 868\r\n  size: 288, 64\r\n  orig: 288, 64\r\n  offset: 0, 0\r\n  index: -1\r\nb4_09\r\n  rotate: false\r\n  xy: 1601, 868\r\n  size: 288, 64\r\n  orig: 288, 64\r\n  offset: 0, 0\r\n  index: -1\r\nb4_10\r\n  rotate: false\r\n  xy: 974, 802\r\n  size: 288, 64\r\n  orig: 288, 64\r\n  offset: 0, 0\r\n  index: -1\r\nb4_11\r\n  rotate: false\r\n  xy: 1264, 802\r\n  size: 288, 64\r\n  orig: 288, 64\r\n  offset: 0, 0\r\n  index: -1\r\nb4_12\r\n  rotate: false\r\n  xy: 1554, 802\r\n  size: 288, 64\r\n  orig: 288, 64\r\n  offset: 0, 0\r\n  index: -1\r\nb4_13\r\n  rotate: false\r\n  xy: 206, 354\r\n  size: 288, 64\r\n  orig: 288, 64\r\n  offset: 0, 0\r\n  index: -1\r\nb4_14\r\n  rotate: false\r\n  xy: 206, 288\r\n  size: 288, 64\r\n  orig: 288, 64\r\n  offset: 0, 0\r\n  index: -1\r\nb4_15\r\n  rotate: false\r\n  xy: 206, 222\r\n  size: 288, 64\r\n  orig: 288, 64\r\n  offset: 0, 0\r\n  index: -1\r\nb4_16\r\n  rotate: false\r\n  xy: 206, 156\r\n  size: 288, 64\r\n  orig: 288, 64\r\n  offset: 0, 0\r\n  index: -1\r\nb4_17\r\n  rotate: true\r\n  xy: 496, 130\r\n  size: 288, 64\r\n  orig: 288, 64\r\n  offset: 0, 0\r\n  index: -1\r\nb4_18\r\n  rotate: false\r\n  xy: 974, 736\r\n  size: 288, 64\r\n  orig: 288, 64\r\n  offset: 0, 0\r\n  index: -1\r\nb4_19\r\n  rotate: false\r\n  xy: 1264, 736\r\n  size: 288, 64\r\n  orig: 288, 64\r\n  offset: 0, 0\r\n  index: -1\r\nc1\r\n  rotate: false\r\n  xy: 1320, 456\r\n  size: 70, 70\r\n  orig: 70, 70\r\n  offset: 0, 0\r\n  index: -1\r\nd (1)\r\n  rotate: false\r\n  xy: 1554, 728\r\n  size: 248, 72\r\n  orig: 248, 72\r\n  offset: 0, 0\r\n  index: -1\r\nd (2)\r\n  rotate: true\r\n  xy: 110, 169\r\n  size: 257, 94\r\n  orig: 257, 94\r\n  offset: 0, 0\r\n  index: -1\r\nd (3)\r\n  rotate: false\r\n  xy: 258, 577\r\n  size: 250, 106\r\n  orig: 250, 106\r\n  offset: 0, 0\r\n  index: -1\r\nd (4)\r\n  rotate: true\r\n  xy: 0, 166\r\n  size: 260, 108\r\n  orig: 260, 108\r\n  offset: 0, 0\r\n  index: -1\r\nd (5)\r\n  rotate: false\r\n  xy: 258, 486\r\n  size: 258, 89\r\n  orig: 258, 89\r\n  offset: 0, 0\r\n  index: -1\r\nd1\r\n  rotate: false\r\n  xy: 0, 428\r\n  size: 256, 255\r\n  orig: 256, 255\r\n  offset: 0, 0\r\n  index: -1\r\ne1\r\n  rotate: false\r\n  xy: 0, 0\r\n  size: 73, 164\r\n  orig: 73, 164\r\n  offset: 0, 0\r\n  index: -1\r\ne2\r\n  rotate: false\r\n  xy: 578, 663\r\n  size: 73, 164\r\n  orig: 73, 164\r\n  offset: 0, 0\r\n  index: -1\r\nf1_01\r\n  rotate: false\r\n  xy: 653, 736\r\n  size: 215, 50\r\n  orig: 215, 50\r\n  offset: 0, 0\r\n  index: -1\r\nf1_02\r\n  rotate: false\r\n  xy: 653, 684\r\n  size: 215, 50\r\n  orig: 215, 50\r\n  offset: 0, 0\r\n  index: -1\r\nf1_03\r\n  rotate: false\r\n  xy: 653, 632\r\n  size: 215, 50\r\n  orig: 215, 50\r\n  offset: 0, 0\r\n  index: -1\r\nf1_04\r\n  rotate: true\r\n  xy: 870, 571\r\n  size: 215, 50\r\n  orig: 215, 50\r\n  offset: 0, 0\r\n  index: -1\r\nf1_05\r\n  rotate: true\r\n  xy: 922, 571\r\n  size: 215, 50\r\n  orig: 215, 50\r\n  offset: 0, 0\r\n  index: -1\r\nf1_06\r\n  rotate: false\r\n  xy: 974, 684\r\n  size: 215, 50\r\n  orig: 215, 50\r\n  offset: 0, 0\r\n  index: -1\r\nf1_07\r\n  rotate: false\r\n  xy: 974, 632\r\n  size: 215, 50\r\n  orig: 215, 50\r\n  offset: 0, 0\r\n  index: -1\r\nf1_08\r\n  rotate: false\r\n  xy: 1191, 684\r\n  size: 215, 50\r\n  orig: 215, 50\r\n  offset: 0, 0\r\n  index: -1\r\nf1_09\r\n  rotate: false\r\n  xy: 974, 580\r\n  size: 215, 50\r\n  orig: 215, 50\r\n  offset: 0, 0\r\n  index: -1\r\nf1_10\r\n  rotate: false\r\n  xy: 1191, 632\r\n  size: 215, 50\r\n  orig: 215, 50\r\n  offset: 0, 0\r\n  index: -1\r\nf1_11\r\n  rotate: false\r\n  xy: 1191, 580\r\n  size: 215, 50\r\n  orig: 215, 50\r\n  offset: 0, 0\r\n  index: -1\r\nf1_12\r\n  rotate: false\r\n  xy: 974, 528\r\n  size: 215, 50\r\n  orig: 215, 50\r\n  offset: 0, 0\r\n  index: -1\r\nf1_13\r\n  rotate: false\r\n  xy: 1191, 528\r\n  size: 215, 50\r\n  orig: 215, 50\r\n  offset: 0, 0\r\n  index: -1\r\nf1_14\r\n  rotate: true\r\n  xy: 1408, 519\r\n  size: 215, 50\r\n  orig: 215, 50\r\n  offset: 0, 0\r\n  index: -1\r\nf1_15\r\n  rotate: true\r\n  xy: 1460, 519\r\n  size: 215, 50\r\n  orig: 215, 50\r\n  offset: 0, 0\r\n  index: -1\r\nf1_16\r\n  rotate: false\r\n  xy: 1512, 676\r\n  size: 215, 50\r\n  orig: 215, 50\r\n  offset: 0, 0\r\n  index: -1\r\nf1_17\r\n  rotate: false\r\n  xy: 1512, 624\r\n  size: 215, 50\r\n  orig: 215, 50\r\n  offset: 0, 0\r\n  index: -1\r\nf1_18\r\n  rotate: false\r\n  xy: 1512, 572\r\n  size: 215, 50\r\n  orig: 215, 50\r\n  offset: 0, 0\r\n  index: -1\r\nf1_19\r\n  rotate: false\r\n  xy: 1512, 520\r\n  size: 215, 50\r\n  orig: 215, 50\r\n  offset: 0, 0\r\n  index: -1\r\nf1_20\r\n  rotate: true\r\n  xy: 1729, 511\r\n  size: 215, 50\r\n  orig: 215, 50\r\n  offset: 0, 0\r\n  index: -1\r\nf1_21\r\n  rotate: true\r\n  xy: 1781, 511\r\n  size: 215, 50\r\n  orig: 215, 50\r\n  offset: 0, 0\r\n  index: -1\r\nf1_22\r\n  rotate: false\r\n  xy: 1512, 468\r\n  size: 215, 50\r\n  orig: 215, 50\r\n  offset: 0, 0\r\n  index: -1\r\nf1_23\r\n  rotate: true\r\n  xy: 562, 251\r\n  size: 215, 50\r\n  orig: 215, 50\r\n  offset: 0, 0\r\n  index: -1\r\nf1_24\r\n  rotate: true\r\n  xy: 614, 251\r\n  size: 215, 50\r\n  orig: 215, 50\r\n  offset: 0, 0\r\n  index: -1\r\nf1_25\r\n  rotate: true\r\n  xy: 666, 251\r\n  size: 215, 50\r\n  orig: 215, 50\r\n  offset: 0, 0\r\n  index: -1\r\nf1_26\r\n  rotate: true\r\n  xy: 718, 251\r\n  size: 215, 50\r\n  orig: 215, 50\r\n  offset: 0, 0\r\n  index: -1\r\n",["sb_lbjs_JACKPOT.png"],{"skeleton":{"hash":"wK0FQJFzoStqLO8tjLtWPv5WD2M","spine":"3.3.07","width":1364.99,"height":703.96,"images":"./tp/"},"bones":[{"name":"ooooo"},{"name":"aaa","parent":"ooooo","color":"5eff00ff"},{"name":"a1","parent":"aaa","y":120.72,"scaleX":1.133,"scaleY":1.133,"color":"5eff00ff"},{"name":"a2","parent":"a1","color":"5eff00ff"},{"name":"a3","parent":"a1","y":7.15,"scaleX":2,"scaleY":2,"color":"5eff00ff"},{"name":"a5","parent":"aaa","y":-14.61,"color":"5eff00ff"},{"name":"b91","parent":"a5","x":-313.56,"y":1.45,"color":"5eff00ff"},{"name":"b92","parent":"a5","x":312.46,"y":2.26,"scaleX":-1,"color":"5eff00ff"},{"name":"b93","parent":"a5","x":0.68,"y":1.38,"scaleX":3,"scaleY":3,"color":"5eff00ff"},{"name":"b94","parent":"a5","x":0.52,"y":1.79,"scaleX":3,"scaleY":3,"color":"5eff00ff"},{"name":"b101","parent":"aaa","scaleX":13.649,"scaleY":7.039},{"name":"bbb","parent":"ooooo","color":"51ff00ff"},{"name":"h1","parent":"bbb","color":"51ff00ff"},{"name":"t2","parent":"bbb","scaleX":11.807,"scaleY":11.807},{"name":"t99","parent":"bbb","y":135.56,"scaleX":1.849,"scaleY":1.849,"color":"51ff00ff"},{"name":"t100","parent":"bbb","rotation":178.65,"y":86.41,"scaleX":1.694,"scaleY":1.694,"color":"51ff00ff"},{"name":"z1","parent":"bbb","x":-346.38,"y":40.56,"scaleX":1.694,"scaleY":1.694,"color":"51ff00ff"},{"name":"z2","parent":"bbb","x":234.64,"y":160.86,"scaleX":1.694,"scaleY":1.694,"color":"51ff00ff"},{"name":"z3","parent":"bbb","x":377.25,"y":-0.72,"scaleX":1.694,"scaleY":1.694,"color":"51ff00ff"}],"slots":[{"name":"a12","bone":"b101","color":"c9551674","attachment":"a0","blend":"additive"},{"name":"a5","bone":"a1","attachment":"a6"},{"name":"a10","bone":"a2","blend":"additive"},{"name":"a11","bone":"a3","attachment":"b4_18","blend":"additive"},{"name":"c2","bone":"t2","blend":"additive"},{"name":"d1","bone":"h1","blend":"additive"},{"name":"a1","bone":"a5","attachment":"a1"},{"name":"a9","bone":"b93","attachment":"a1_11","blend":"additive"},{"name":"d (1)","bone":"t99","blend":"additive"},{"name":"d (1)2","bone":"t100","blend":"additive"},{"name":"d5","bone":"z1","attachment":"b1","blend":"additive"},{"name":"d6","bone":"z2","attachment":"b1","blend":"additive"},{"name":"d7","bone":"z3","attachment":"b1","blend":"additive"},{"name":"f1_01","bone":"b94","attachment":"f1_20","blend":"additive"},{"name":"e1","bone":"b91","attachment":"e2","blend":"additive"},{"name":"e2","bone":"b92","attachment":"e2","blend":"additive"}],"skins":{"default":{"a1":{"a1":{"width":682,"height":169}},"a10":{"a6":{"width":576,"height":142}},"a11":{"a6c":{"y":-5.48,"width":335,"height":78},"b4_01":{"width":288,"height":64},"b4_02":{"width":288,"height":64},"b4_03":{"width":288,"height":64},"b4_04":{"width":288,"height":64},"b4_05":{"width":288,"height":64},"b4_06":{"width":288,"height":64},"b4_07":{"width":288,"height":64},"b4_08":{"width":288,"height":64},"b4_09":{"width":288,"height":64},"b4_10":{"width":288,"height":64},"b4_11":{"width":288,"height":64},"b4_12":{"width":288,"height":64},"b4_13":{"width":288,"height":64},"b4_14":{"width":288,"height":64},"b4_15":{"width":288,"height":64},"b4_16":{"width":288,"height":64},"b4_17":{"width":288,"height":64},"b4_18":{"width":288,"height":64},"b4_19":{"width":288,"height":64}},"a12":{"a0":{"width":100,"height":100}},"a5":{"a6":{"width":576,"height":142}},"a9":{"a1_01":{"width":212,"height":46},"a1_02":{"width":212,"height":46},"a1_03":{"width":212,"height":46},"a1_04":{"width":212,"height":46},"a1_05":{"width":212,"height":46},"a1_06":{"width":212,"height":46},"a1_07":{"width":212,"height":46},"a1_08":{"width":212,"height":46},"a1_09":{"width":212,"height":46},"a1_10":{"width":212,"height":46},"a1_11":{"width":212,"height":46},"a1_12":{"width":212,"height":46},"a1_13":{"width":212,"height":46},"a1_14":{"width":212,"height":46},"a1_15":{"width":212,"height":46},"a1_16":{"width":212,"height":46},"a1_17":{"width":212,"height":46},"a1_18":{"width":212,"height":46},"a1_19":{"width":212,"height":46}},"c2":{"c1":{"width":70,"height":70}},"d (1)":{"d (1)":{"width":248,"height":72},"d (2)":{"width":257,"height":94},"d (3)":{"width":250,"height":106},"d (4)":{"width":260,"height":108},"d (5)":{"width":258,"height":89}},"d (1)2":{"d (1)":{"width":248,"height":72},"d (2)":{"width":257,"height":94},"d (3)":{"width":250,"height":106},"d (4)":{"width":260,"height":108},"d (5)":{"width":258,"height":89}},"d1":{"d1":{"width":256,"height":255}},"d5":{"b1":{"width":128,"height":128}},"d6":{"b1":{"width":128,"height":128}},"d7":{"b1":{"width":128,"height":128}},"e1":{"e1":{"width":73,"height":164},"e2":{"width":73,"height":164}},"e2":{"e1":{"width":73,"height":164},"e2":{"width":73,"height":164}},"f1_01":{"f1_01":{"width":215,"height":50},"f1_02":{"width":215,"height":50},"f1_03":{"width":215,"height":50},"f1_04":{"width":215,"height":50},"f1_05":{"width":215,"height":50},"f1_06":{"width":215,"height":50},"f1_07":{"width":215,"height":50},"f1_08":{"width":215,"height":50},"f1_09":{"width":215,"height":50},"f1_10":{"width":215,"height":50},"f1_11":{"width":215,"height":50},"f1_12":{"width":215,"height":50},"f1_13":{"width":215,"height":50},"f1_14":{"width":215,"height":50},"f1_15":{"width":215,"height":50},"f1_16":{"width":215,"height":50},"f1_17":{"width":215,"height":50},"f1_18":{"width":215,"height":50},"f1_19":{"width":215,"height":50},"f1_20":{"width":215,"height":50},"f1_21":{"width":215,"height":50},"f1_22":{"width":215,"height":50},"f1_23":{"width":215,"height":50},"f1_24":{"width":215,"height":50},"f1_25":{"width":215,"height":50},"f1_26":{"width":215,"height":50}}}},"animations":{"a1":{"slots":{"a1":{"color":[{"time":0.0333,"color":"ffffff00"},{"time":0.1333,"color":"ffffffff"}],"attachment":[{"time":0,"name":null},{"time":0.0333,"name":"a1"},{"time":0.7,"name":"a1"}]},"a5":{"color":[{"time":0.3,"color":"ffffff00"},{"time":0.4333,"color":"ffffffff"}],"attachment":[{"time":0,"name":null},{"time":0.0333,"name":null},{"time":0.3,"name":"a6"},{"time":0.7,"name":"a6"}]},"a9":{"color":[{"time":0.3333,"color":"ffffff00"},{"time":0.5,"color":"ffffffff"}],"attachment":[{"time":0,"name":null},{"time":0.0333,"name":null},{"time":0.7,"name":null}]},"a10":{"color":[{"time":0.4,"color":"ffffff00"},{"time":0.5,"color":"ffffffff"},{"time":0.7,"color":"ffffff00"}],"attachment":[{"time":0,"name":null},{"time":0.0333,"name":null},{"time":0.4,"name":"a6"},{"time":0.7,"name":null}]},"a11":{"color":[{"time":0.1666,"color":"ffffff00"},{"time":0.2333,"color":"ffffffff","curve":"stepped"},{"time":0.3666,"color":"ffffffff"},{"time":0.4333,"color":"ffffff00"}],"attachment":[{"time":0,"name":null},{"time":0.0333,"name":null},{"time":0.1666,"name":"a6c"},{"time":0.4333,"name":null},{"time":0.7,"name":null}]},"a12":{"color":[{"time":0.0333,"color":"c9551600"},{"time":0.3,"color":"c95516e0"},{"time":0.6333,"color":"c9551600"}],"attachment":[{"time":0,"name":null},{"time":0.0333,"name":"a0"},{"time":0.6333,"name":null},{"time":0.7,"name":null}]},"c2":{"color":[{"time":0.0333,"color":"ffffff00"},{"time":0.2666,"color":"ffffffff"},{"time":0.4333,"color":"ffffff00"}],"attachment":[{"time":0,"name":null},{"time":0.0333,"name":"c1"},{"time":0.4333,"name":null},{"time":0.7,"name":null}]},"d1":{"color":[{"time":0.0666,"color":"ffffff00"},{"time":0.4,"color":"ffffffff"},{"time":0.6666,"color":"ffffff00"}],"attachment":[{"time":0,"name":null},{"time":0.0666,"name":"d1"},{"time":0.6666,"name":null},{"time":0.7,"name":null}]},"d5":{"attachment":[{"time":0,"name":null},{"time":0.0333,"name":null},{"time":0.1333,"name":"b1"},{"time":0.5,"name":null},{"time":0.7,"name":null}]},"d6":{"attachment":[{"time":0,"name":null},{"time":0.0333,"name":null},{"time":0.4,"name":"b1"},{"time":0.7,"name":null}]},"d7":{"attachment":[{"time":0,"name":null},{"time":0.0333,"name":null},{"time":0.2,"name":"b1"},{"time":0.6333,"name":null},{"time":0.7,"name":null}]},"d (1)":{"attachment":[{"time":0,"name":null},{"time":0.0333,"name":null},{"time":0.3333,"name":"d (1)"},{"time":0.3666,"name":"d (2)"},{"time":0.4,"name":"d (3)"},{"time":0.4333,"name":"d (4)"},{"time":0.4666,"name":"d (5)"},{"time":0.5,"name":"d (1)"},{"time":0.5333,"name":"d (2)"},{"time":0.5666,"name":"d (3)"},{"time":0.6,"name":"d (4)"},{"time":0.6333,"name":"d (5)"},{"time":0.6666,"name":null},{"time":0.7,"name":null}]},"d (1)2":{"attachment":[{"time":0,"name":null},{"time":0.0333,"name":null},{"time":0.2666,"name":"d (3)"},{"time":0.3,"name":"d (4)"},{"time":0.3333,"name":"d (5)"},{"time":0.3666,"name":"d (1)"},{"time":0.4,"name":"d (2)"},{"time":0.4333,"name":"d (3)"},{"time":0.4666,"name":"d (4)"},{"time":0.5,"name":"d (5)"},{"time":0.5333,"name":"d (1)"},{"time":0.5666,"name":"d (2)"},{"time":0.6,"name":null},{"time":0.7,"name":null}]},"e1":{"attachment":[{"time":0,"name":null},{"time":0.1666,"name":"e1"},{"time":0.3333,"name":"e2"},{"time":0.5,"name":"e1"},{"time":0.7,"name":"e2"}]},"e2":{"attachment":[{"time":0,"name":null},{"time":0.1666,"name":"e2"},{"time":0.3333,"name":"e1"},{"time":0.5,"name":"e2"},{"time":0.7,"name":"e1"}]},"f1_01":{"attachment":[{"time":0,"name":null},{"time":0.7,"name":null}]}},"bones":{"ooooo":{"rotate":[{"time":0,"angle":0,"curve":"stepped"},{"time":0.0333,"angle":0,"curve":"stepped"},{"time":0.7,"angle":0}],"translate":[{"time":0,"x":0,"y":0,"curve":"stepped"},{"time":0.0333,"x":0,"y":0,"curve":"stepped"},{"time":0.7,"x":0,"y":0}],"scale":[{"time":0,"x":1,"y":1,"curve":"stepped"},{"time":0.0333,"x":1,"y":1,"curve":"stepped"},{"time":0.7,"x":1,"y":1}]},"bbb":{"rotate":[{"time":0,"angle":0,"curve":"stepped"},{"time":0.0333,"angle":0,"curve":"stepped"},{"time":0.7,"angle":0}],"translate":[{"time":0,"x":0,"y":0,"curve":"stepped"},{"time":0.0333,"x":0,"y":0,"curve":"stepped"},{"time":0.7,"x":0,"y":0}],"scale":[{"time":0,"x":1,"y":1,"curve":"stepped"},{"time":0.0333,"x":1,"y":1,"curve":"stepped"},{"time":0.7,"x":1,"y":1}]},"t2":{"rotate":[{"time":0,"angle":0,"curve":"stepped"},{"time":0.0333,"angle":0,"curve":"stepped"},{"time":0.7,"angle":0}],"translate":[{"time":0,"x":0,"y":0,"curve":"stepped"},{"time":0.0333,"x":0,"y":0,"curve":"stepped"},{"time":0.7,"x":0,"y":0}],"scale":[{"time":0,"x":1,"y":1},{"time":0.0333,"x":0.42,"y":0.42},{"time":0.2666,"x":1.288,"y":1.288},{"time":0.4333,"x":0.725,"y":0.725},{"time":0.7,"x":0.769,"y":0.769}]},"aaa":{"rotate":[{"time":0,"angle":0,"curve":"stepped"},{"time":0.0333,"angle":0,"curve":"stepped"},{"time":0.7,"angle":0}],"translate":[{"time":0,"x":0,"y":0,"curve":"stepped"},{"time":0.0333,"x":0,"y":0,"curve":"stepped"},{"time":0.7,"x":0,"y":0}],"scale":[{"time":0,"x":1,"y":1,"curve":"stepped"},{"time":0.0333,"x":1,"y":1,"curve":"stepped"},{"time":0.7,"x":1,"y":1}]},"a5":{"rotate":[{"time":0,"angle":0,"curve":"stepped"},{"time":0.0333,"angle":0,"curve":"stepped"},{"time":0.3,"angle":0,"curve":"stepped"},{"time":0.7,"angle":0}],"translate":[{"time":0,"x":0,"y":0,"curve":"stepped"},{"time":0.7,"x":0,"y":0}],"scale":[{"time":0,"x":1,"y":1},{"time":0.0333,"x":0.161,"y":0.161},{"time":0.2333,"x":1.051,"y":1.051},{"time":0.3,"x":1,"y":1,"curve":"stepped"},{"time":0.7,"x":1,"y":1}]},"a1":{"rotate":[{"time":0,"angle":0,"curve":"stepped"},{"time":0.0333,"angle":0,"curve":"stepped"},{"time":0.3,"angle":0,"curve":"stepped"},{"time":0.4333,"angle":0,"curve":"stepped"},{"time":0.7,"angle":0}],"translate":[{"time":0,"x":0,"y":0,"curve":"stepped"},{"time":0.7,"x":0,"y":0}],"scale":[{"time":0,"x":1,"y":1,"curve":"stepped"},{"time":0.0333,"x":1,"y":1},{"time":0.3,"x":1.083,"y":1.083},{"time":0.4333,"x":1,"y":1,"curve":"stepped"},{"time":0.7,"x":1,"y":1}]},"b93":{"rotate":[{"time":0,"angle":0,"curve":"stepped"},{"time":0.0333,"angle":0,"curve":"stepped"},{"time":0.3333,"angle":0,"curve":"stepped"},{"time":0.7,"angle":0}],"translate":[{"time":0,"x":0,"y":0},{"time":0.0333,"x":0,"y":202.12,"curve":"stepped"},{"time":0.3333,"x":0,"y":202.12,"curve":"stepped"},{"time":0.7,"x":0,"y":202.12}],"scale":[{"time":0,"x":1,"y":1,"curve":"stepped"},{"time":0.0333,"x":1,"y":1,"curve":"stepped"},{"time":0.3333,"x":1,"y":1,"curve":"stepped"},{"time":0.7,"x":1,"y":1}]},"a2":{"rotate":[{"time":0,"angle":0,"curve":"stepped"},{"time":0.0333,"angle":0,"curve":"stepped"},{"time":0.4,"angle":0,"curve":"stepped"},{"time":0.7,"angle":0}],"translate":[{"time":0,"x":0,"y":0,"curve":"stepped"},{"time":0.0333,"x":0,"y":0,"curve":"stepped"},{"time":0.4,"x":0,"y":0,"curve":"stepped"},{"time":0.7,"x":0,"y":0}],"scale":[{"time":0,"x":1,"y":1,"curve":"stepped"},{"time":0.0333,"x":1,"y":1,"curve":"stepped"},{"time":0.4,"x":1,"y":1},{"time":0.7,"x":1.104,"y":1.104}]},"a3":{"rotate":[{"time":0,"angle":0,"curve":"stepped"},{"time":0.0333,"angle":0,"curve":"stepped"},{"time":0.1666,"angle":0,"curve":"stepped"},{"time":0.4333,"angle":0,"curve":"stepped"},{"time":0.7,"angle":0}],"translate":[{"time":0,"x":0,"y":0,"curve":"stepped"},{"time":0.0333,"x":0,"y":0,"curve":"stepped"},{"time":0.1666,"x":0,"y":0,"curve":"stepped"},{"time":0.4333,"x":0,"y":0,"curve":"stepped"},{"time":0.7,"x":0,"y":0}],"scale":[{"time":0,"x":1,"y":1,"curve":"stepped"},{"time":0.0333,"x":1,"y":1},{"time":0.1666,"x":4.677,"y":4.677},{"time":0.4333,"x":1,"y":1,"curve":"stepped"},{"time":0.7,"x":1,"y":1}]},"t99":{"rotate":[{"time":0,"angle":0,"curve":"stepped"},{"time":0.0333,"angle":0,"curve":"stepped"},{"time":0.7,"angle":0}],"translate":[{"time":0,"x":0,"y":0,"curve":"stepped"},{"time":0.0333,"x":0,"y":0},{"time":0.3333,"x":0,"y":41.42},{"time":0.6666,"x":0,"y":-18.88},{"time":0.7,"x":0,"y":-18.44}],"scale":[{"time":0,"x":1,"y":1,"curve":"stepped"},{"time":0.0333,"x":1,"y":1,"curve":"stepped"},{"time":0.3333,"x":1,"y":1},{"time":0.6666,"x":1.2,"y":0.62},{"time":0.7,"x":1.195,"y":0.628}]},"t100":{"rotate":[{"time":0,"angle":0,"curve":"stepped"},{"time":0.0333,"angle":0,"curve":"stepped"},{"time":0.7,"angle":0}],"translate":[{"time":0,"x":0,"y":0,"curve":"stepped"},{"time":0.0333,"x":0,"y":0},{"time":0.2666,"x":0,"y":-43.94},{"time":0.6,"x":0,"y":13.11},{"time":0.7,"x":0,"y":12.24}],"scale":[{"time":0,"x":1,"y":1,"curve":"stepped"},{"time":0.0333,"x":1,"y":1},{"time":0.2666,"x":1.421,"y":1},{"time":0.6,"x":0.92,"y":1},{"time":0.7,"x":0.925,"y":1}]},"z1":{"rotate":[{"time":0,"angle":0,"curve":"stepped"},{"time":0.0333,"angle":0,"curve":"stepped"},{"time":0.1333,"angle":0,"curve":"stepped"},{"time":0.5,"angle":0,"curve":"stepped"},{"time":0.7,"angle":0}],"translate":[{"time":0,"x":0,"y":0,"curve":"stepped"},{"time":0.0333,"x":0,"y":0,"curve":"stepped"},{"time":0.1333,"x":0,"y":0,"curve":"stepped"},{"time":0.5,"x":0,"y":0},{"time":0.7,"x":355.02,"y":-65.26}],"scale":[{"time":0,"x":1,"y":1,"curve":"stepped"},{"time":0.0333,"x":1,"y":1},{"time":0.1333,"x":0.024,"y":0.024},{"time":0.3333,"x":0.4,"y":0.4},{"time":0.5,"x":0.024,"y":0.024,"curve":"stepped"},{"time":0.7,"x":0.024,"y":0.024}]},"z2":{"rotate":[{"time":0,"angle":0,"curve":"stepped"},{"time":0.0333,"angle":0,"curve":"stepped"},{"time":0.4,"angle":0,"curve":"stepped"},{"time":0.7,"angle":0}],"translate":[{"time":0,"x":0,"y":0,"curve":"stepped"},{"time":0.0333,"x":0,"y":0},{"time":0.4,"x":51.13,"y":-81.47,"curve":"stepped"},{"time":0.7,"x":51.13,"y":-81.47}],"scale":[{"time":0,"x":1,"y":1,"curve":"stepped"},{"time":0.0333,"x":1,"y":1},{"time":0.4,"x":0.018,"y":0.018},{"time":0.5666,"x":0.524,"y":0.524},{"time":0.7,"x":0.018,"y":0.018}]},"z3":{"rotate":[{"time":0,"angle":0,"curve":"stepped"},{"time":0.0333,"angle":0,"curve":"stepped"},{"time":0.2,"angle":0,"curve":"stepped"},{"time":0.6333,"angle":0,"curve":"stepped"},{"time":0.7,"angle":0}],"translate":[{"time":0,"x":0,"y":0,"curve":"stepped"},{"time":0.0333,"x":0,"y":0},{"time":0.2,"x":-705.72,"y":-60.5,"curve":"stepped"},{"time":0.6333,"x":-705.72,"y":-60.5},{"time":0.7,"x":151.77,"y":-44.64}],"scale":[{"time":0,"x":1,"y":1,"curve":"stepped"},{"time":0.0333,"x":1,"y":1},{"time":0.2,"x":0.027,"y":0.027},{"time":0.4333,"x":0.589,"y":0.589},{"time":0.6333,"x":0.027,"y":0.027,"curve":"stepped"},{"time":0.7,"x":0.027,"y":0.027}]},"b101":{"rotate":[{"time":0,"angle":0,"curve":"stepped"},{"time":0.7,"angle":0}],"translate":[{"time":0,"x":0,"y":0,"curve":"stepped"},{"time":0.7,"x":0,"y":0}],"scale":[{"time":0,"x":1,"y":1,"curve":"stepped"},{"time":0.7,"x":1,"y":1}]},"h1":{"rotate":[{"time":0,"angle":0,"curve":"stepped"},{"time":0.7,"angle":0}],"translate":[{"time":0,"x":0,"y":0,"curve":"stepped"},{"time":0.7,"x":0,"y":0}],"scale":[{"time":0,"x":1,"y":1},{"time":0.0666,"x":0.14,"y":0.14},{"time":0.3666,"x":5.418,"y":5.418},{"time":0.6666,"x":8.056,"y":8.056},{"time":0.7,"x":7.896,"y":7.896}]},"b91":{"rotate":[{"time":0,"angle":0,"curve":"stepped"},{"time":0.7,"angle":0}],"translate":[{"time":0,"x":0,"y":0,"curve":"stepped"},{"time":0.7,"x":0,"y":0}],"scale":[{"time":0,"x":1,"y":1,"curve":"stepped"},{"time":0.7,"x":1,"y":1}]},"b92":{"rotate":[{"time":0,"angle":0,"curve":"stepped"},{"time":0.7,"angle":0}],"translate":[{"time":0,"x":0,"y":0,"curve":"stepped"},{"time":0.7,"x":0,"y":0}],"scale":[{"time":0,"x":1,"y":1,"curve":"stepped"},{"time":0.7,"x":1,"y":1}]},"b94":{"rotate":[{"time":0,"angle":0,"curve":"stepped"},{"time":0.7,"angle":0}],"translate":[{"time":0,"x":0,"y":0,"curve":"stepped"},{"time":0.7,"x":0,"y":0}],"scale":[{"time":0,"x":1,"y":1,"curve":"stepped"},{"time":0.7,"x":1,"y":1}]}},"drawOrder":[{"time":0},{"time":0.5},{"time":0.7}]},"a2":{"slots":{"a1":{"attachment":[{"time":0,"name":"a1"},{"time":1.5,"name":"a1"}]},"a5":{"color":[{"time":1.5,"color":"ffffffff"}],"attachment":[{"time":0,"name":"a6"},{"time":1.5,"name":"a6"}]},"a9":{"attachment":[{"time":0,"name":null},{"time":0.4,"name":"a1_01"},{"time":0.4666,"name":"a1_02"},{"time":0.5,"name":"a1_03"},{"time":0.5666,"name":"a1_04"},{"time":0.6333,"name":"a1_05"},{"time":0.7,"name":"a1_06"},{"time":0.7333,"name":"a1_07"},{"time":0.8,"name":"a1_08"},{"time":0.8666,"name":"a1_09"},{"time":0.9333,"name":"a1_10"},{"time":0.9666,"name":"a1_11"},{"time":1.0333,"name":"a1_12"},{"time":1.1,"name":"a1_13"},{"time":1.1333,"name":"a1_14"},{"time":1.2,"name":"a1_15"},{"time":1.2666,"name":"a1_16"},{"time":1.3333,"name":"a1_17"},{"time":1.3666,"name":"a1_18"},{"time":1.4333,"name":"a1_19"},{"time":1.5,"name":null}]},"a10":{"color":[{"time":0,"color":"ffffff00"}],"attachment":[{"time":0,"name":null},{"time":1.4666,"name":null},{"time":1.5,"name":null}]},"a11":{"attachment":[{"time":0,"name":null},{"time":0.0333,"name":"b4_01"},{"time":0.1,"name":"b4_02"},{"time":0.1666,"name":"b4_03"},{"time":0.2,"name":"b4_04"},{"time":0.2666,"name":"b4_05"},{"time":0.3333,"name":"b4_06"},{"time":0.4,"name":"b4_07"},{"time":0.4666,"name":"b4_08"},{"time":0.5,"name":"b4_09"},{"time":0.5666,"name":"b4_10"},{"time":0.6333,"name":"b4_11"},{"time":0.7,"name":"b4_12"},{"time":0.7666,"name":"b4_13"},{"time":0.8333,"name":"b4_14"},{"time":0.8666,"name":"b4_15"},{"time":0.9333,"name":"b4_16"},{"time":1,"name":"b4_17"},{"time":1.0666,"name":"b4_18"},{"time":1.1333,"name":"b4_19"},{"time":1.1666,"name":null},{"time":1.4666,"name":null},{"time":1.5,"name":null}]},"a12":{"attachment":[{"time":0,"name":null},{"time":1.5,"name":null}]},"c2":{"attachment":[{"time":0,"name":null},{"time":1.4666,"name":null},{"time":1.5,"name":null}]},"d1":{"attachment":[{"time":0,"name":null},{"time":1.5,"name":null}]},"d5":{"attachment":[{"time":0,"name":null},{"time":0.2333,"name":"b1"},{"time":0.7,"name":null},{"time":0.9333,"name":"b1"},{"time":1.4,"name":null},{"time":1.4666,"name":null},{"time":1.5,"name":null}]},"d6":{"attachment":[{"time":0,"name":null},{"time":0.1,"name":"b1"},{"time":0.5,"name":null},{"time":0.5333,"name":"b1"},{"time":0.9,"name":null},{"time":1,"name":"b1"},{"time":1.4,"name":null},{"time":1.4666,"name":null},{"time":1.5,"name":null}]},"d7":{"attachment":[{"time":0,"name":null},{"time":0.0333,"name":"b1"},{"time":0.4333,"name":null},{"time":0.4666,"name":"b1"},{"time":0.9,"name":null},{"time":0.9333,"name":"b1"},{"time":1.2666,"name":null},{"time":1.4666,"name":null},{"time":1.5,"name":null}]},"d (1)":{"attachment":[{"time":0,"name":null},{"time":1.4666,"name":null},{"time":1.5,"name":null}]},"d (1)2":{"attachment":[{"time":0,"name":null},{"time":1.4666,"name":null},{"time":1.5,"name":null}]},"e1":{"attachment":[{"time":0,"name":"e2"},{"time":0.3666,"name":"e1"},{"time":0.7333,"name":"e2"},{"time":1.1333,"name":"e1"},{"time":1.5,"name":"e2"}]},"e2":{"attachment":[{"time":0,"name":"e1"},{"time":0.3666,"name":"e2"},{"time":0.7333,"name":"e1"},{"time":1.1333,"name":"e2"},{"time":1.5,"name":"e1"}]},"f1_01":{"attachment":[{"time":0,"name":"f1_01"},{"time":0.0666,"name":"f1_02"},{"time":0.1,"name":"f1_03"},{"time":0.1666,"name":"f1_04"},{"time":0.2333,"name":"f1_05"},{"time":0.3,"name":"f1_06"},{"time":0.3333,"name":"f1_07"},{"time":0.4,"name":"f1_08"},{"time":0.4666,"name":"f1_09"},{"time":0.5,"name":"f1_10"},{"time":0.5666,"name":"f1_11"},{"time":0.6333,"name":"f1_12"},{"time":0.6666,"name":"f1_13"},{"time":0.7333,"name":"f1_14"},{"time":0.8,"name":"f1_15"},{"time":0.8666,"name":"f1_16"},{"time":0.9,"name":"f1_17"},{"time":0.9666,"name":"f1_18"},{"time":1.0333,"name":"f1_19"},{"time":1.0666,"name":"f1_20"},{"time":1.1333,"name":"f1_21"},{"time":1.2,"name":"f1_22"},{"time":1.2333,"name":"f1_23"},{"time":1.3,"name":"f1_24"},{"time":1.3666,"name":"f1_25"},{"time":1.4333,"name":"f1_26"},{"time":1.5,"name":"f1_01"}]}},"bones":{"ooooo":{"rotate":[{"time":0,"angle":0,"curve":"stepped"},{"time":1.4666,"angle":0,"curve":"stepped"},{"time":1.5,"angle":0}],"translate":[{"time":0,"x":0,"y":0,"curve":"stepped"},{"time":1.4666,"x":0,"y":0,"curve":"stepped"},{"time":1.5,"x":0,"y":0}],"scale":[{"time":0,"x":1,"y":1,"curve":"stepped"},{"time":1.4666,"x":1,"y":1,"curve":"stepped"},{"time":1.5,"x":1,"y":1}]},"bbb":{"rotate":[{"time":0,"angle":0,"curve":"stepped"},{"time":1.4666,"angle":0,"curve":"stepped"},{"time":1.5,"angle":0}],"translate":[{"time":0,"x":0,"y":0,"curve":"stepped"},{"time":1.4666,"x":0,"y":0,"curve":"stepped"},{"time":1.5,"x":0,"y":0}],"scale":[{"time":0,"x":1,"y":1,"curve":"stepped"},{"time":1.4666,"x":1,"y":1,"curve":"stepped"},{"time":1.5,"x":1,"y":1}]},"t2":{"rotate":[{"time":0,"angle":0,"curve":"stepped"},{"time":1.4666,"angle":0,"curve":"stepped"},{"time":1.5,"angle":0}],"translate":[{"time":0,"x":0,"y":0,"curve":"stepped"},{"time":1.4666,"x":0,"y":0,"curve":"stepped"},{"time":1.5,"x":0,"y":0}],"scale":[{"time":0,"x":0.769,"y":0.769},{"time":1.4666,"x":1,"y":1,"curve":"stepped"},{"time":1.5,"x":1,"y":1}]},"aaa":{"rotate":[{"time":0,"angle":0,"curve":"stepped"},{"time":1.4666,"angle":0,"curve":"stepped"},{"time":1.5,"angle":0}],"translate":[{"time":0,"x":0,"y":0,"curve":"stepped"},{"time":1.4666,"x":0,"y":0,"curve":"stepped"},{"time":1.5,"x":0,"y":0}],"scale":[{"time":0,"x":1,"y":1,"curve":"stepped"},{"time":1.4666,"x":1,"y":1,"curve":"stepped"},{"time":1.5,"x":1,"y":1}]},"a5":{"rotate":[{"time":0,"angle":0,"curve":"stepped"},{"time":1.5,"angle":0}],"translate":[{"time":0,"x":0,"y":0,"curve":"stepped"},{"time":1.5,"x":0,"y":0}],"scale":[{"time":0,"x":1,"y":1,"curve":"stepped"},{"time":1.5,"x":1,"y":1}]},"a1":{"rotate":[{"time":0,"angle":0,"curve":"stepped"},{"time":1.5,"angle":0}],"translate":[{"time":0,"x":0,"y":0,"curve":"stepped"},{"time":1.5,"x":0,"y":0}],"scale":[{"time":0,"x":1,"y":1},{"time":0.7666,"x":1.036,"y":1.036},{"time":1.5,"x":1,"y":1}]},"b93":{"rotate":[{"time":0,"angle":0,"curve":"stepped"},{"time":1.5,"angle":0}],"translate":[{"time":0,"x":0,"y":0,"curve":"stepped"},{"time":1.5,"x":0,"y":0}],"scale":[{"time":0,"x":1,"y":1,"curve":"stepped"},{"time":1.5,"x":1,"y":1}]},"a2":{"rotate":[{"time":0,"angle":0,"curve":"stepped"},{"time":1.4666,"angle":0,"curve":"stepped"},{"time":1.5,"angle":0}],"translate":[{"time":0,"x":0,"y":0,"curve":"stepped"},{"time":1.4666,"x":0,"y":0,"curve":"stepped"},{"time":1.5,"x":0,"y":0}],"scale":[{"time":0,"x":1.104,"y":1.104},{"time":1.4666,"x":1,"y":1,"curve":"stepped"},{"time":1.5,"x":1,"y":1}]},"a3":{"rotate":[{"time":0,"angle":0,"curve":"stepped"},{"time":1.4666,"angle":0,"curve":"stepped"},{"time":1.5,"angle":0}],"translate":[{"time":0,"x":0,"y":0,"curve":"stepped"},{"time":1.4666,"x":0,"y":0,"curve":"stepped"},{"time":1.5,"x":0,"y":0}],"scale":[{"time":0,"x":1,"y":1,"curve":"stepped"},{"time":1.4666,"x":1,"y":1,"curve":"stepped"},{"time":1.5,"x":1,"y":1}]},"t99":{"rotate":[{"time":0,"angle":0,"curve":"stepped"},{"time":1.4666,"angle":0,"curve":"stepped"},{"time":1.5,"angle":0}],"translate":[{"time":0,"x":0,"y":-18.44},{"time":1.4666,"x":0,"y":0,"curve":"stepped"},{"time":1.5,"x":0,"y":0}],"scale":[{"time":0,"x":1.195,"y":0.628},{"time":1.4666,"x":1,"y":1,"curve":"stepped"},{"time":1.5,"x":1,"y":1}]},"t100":{"rotate":[{"time":0,"angle":0,"curve":"stepped"},{"time":1.4666,"angle":0,"curve":"stepped"},{"time":1.5,"angle":0}],"translate":[{"time":0,"x":0,"y":12.24},{"time":1.4666,"x":0,"y":0,"curve":"stepped"},{"time":1.5,"x":0,"y":0}],"scale":[{"time":0,"x":0.925,"y":1},{"time":1.4666,"x":1,"y":1,"curve":"stepped"},{"time":1.5,"x":1,"y":1}]},"z1":{"rotate":[{"time":0,"angle":0,"curve":"stepped"},{"time":0.2333,"angle":0,"curve":"stepped"},{"time":0.7,"angle":0,"curve":"stepped"},{"time":0.9333,"angle":0,"curve":"stepped"},{"time":1.4,"angle":0,"curve":"stepped"},{"time":1.4666,"angle":0,"curve":"stepped"},{"time":1.5,"angle":0}],"translate":[{"time":0,"x":355.02,"y":-65.26},{"time":0.2333,"x":769.21,"y":-141.39,"curve":"stepped"},{"time":0.7,"x":769.21,"y":-141.39},{"time":0.9333,"x":0,"y":0,"curve":"stepped"},{"time":1.4,"x":0,"y":0,"curve":"stepped"},{"time":1.4666,"x":0,"y":0,"curve":"stepped"},{"time":1.5,"x":0,"y":0}],"scale":[{"time":0,"x":0.024,"y":0.024,"curve":"stepped"},{"time":0.2333,"x":0.024,"y":0.024},{"time":0.5,"x":0.467,"y":0.467},{"time":0.7,"x":0.024,"y":0.024,"curve":"stepped"},{"time":0.9333,"x":0.024,"y":0.024},{"time":1.1,"x":0.4,"y":0.4},{"time":1.4,"x":0.024,"y":0.024},{"time":1.4666,"x":1,"y":1,"curve":"stepped"},{"time":1.5,"x":1,"y":1}]},"z2":{"rotate":[{"time":0,"angle":0,"curve":"stepped"},{"time":0.1,"angle":0,"curve":"stepped"},{"time":0.5,"angle":0,"curve":"stepped"},{"time":0.5333,"angle":0,"curve":"stepped"},{"time":0.9,"angle":0,"curve":"stepped"},{"time":1,"angle":0,"curve":"stepped"},{"time":1.4,"angle":0,"curve":"stepped"},{"time":1.4666,"angle":0,"curve":"stepped"},{"time":1.5,"angle":0}],"translate":[{"time":0,"x":51.13,"y":-81.47},{"time":0.1,"x":-545.99,"y":-210.39,"curve":"stepped"},{"time":0.5,"x":-545.99,"y":-210.39},{"time":0.5333,"x":-434.36,"y":8.38,"curve":"stepped"},{"time":0.9,"x":-434.36,"y":8.38},{"time":1,"x":-14.24,"y":-33.15,"curve":"stepped"},{"time":1.4,"x":-14.24,"y":-33.15},{"time":1.4666,"x":0,"y":0,"curve":"stepped"},{"time":1.5,"x":0,"y":0}],"scale":[{"time":0,"x":0.018,"y":0.018,"curve":"stepped"},{"time":0.1,"x":0.018,"y":0.018},{"time":0.2666,"x":0.57,"y":0.57},{"time":0.5,"x":0.018,"y":0.018,"curve":"stepped"},{"time":0.5333,"x":0.018,"y":0.018},{"time":0.7,"x":0.433,"y":0.433},{"time":0.9,"x":0.018,"y":0.018,"curve":"stepped"},{"time":1,"x":0.018,"y":0.018},{"time":1.1666,"x":0.57,"y":0.57},{"time":1.4,"x":0.018,"y":0.018},{"time":1.4666,"x":1,"y":1,"curve":"stepped"},{"time":1.5,"x":1,"y":1}]},"z3":{"rotate":[{"time":0,"angle":0,"curve":"stepped"},{"time":0.0333,"angle":0,"curve":"stepped"},{"time":0.4333,"angle":0,"curve":"stepped"},{"time":0.4666,"angle":0,"curve":"stepped"},{"time":0.9,"angle":0,"curve":"stepped"},{"time":0.9333,"angle":0,"curve":"stepped"},{"time":1.2666,"angle":0,"curve":"stepped"},{"time":1.4666,"angle":0,"curve":"stepped"},{"time":1.5,"angle":0}],"translate":[{"time":0,"x":151.77,"y":-44.64},{"time":0.0333,"x":-28.62,"y":-71.07,"curve":"stepped"},{"time":0.4333,"x":-28.62,"y":-71.07},{"time":0.4666,"x":-696.09,"y":-94.53,"curve":"stepped"},{"time":0.9,"x":-696.09,"y":-94.53},{"time":0.9333,"x":-24.41,"y":151.14,"curve":"stepped"},{"time":1.2666,"x":-24.41,"y":151.14},{"time":1.4666,"x":0,"y":0,"curve":"stepped"},{"time":1.5,"x":0,"y":0}],"scale":[{"time":0,"x":0.027,"y":0.027,"curve":"stepped"},{"time":0.0333,"x":0.027,"y":0.027},{"time":0.2,"x":0.589,"y":0.589},{"time":0.4333,"x":0.027,"y":0.027,"curve":"stepped"},{"time":0.4666,"x":0.027,"y":0.027},{"time":0.6666,"x":0.589,"y":0.589},{"time":0.9,"x":0.027,"y":0.027,"curve":"stepped"},{"time":0.9333,"x":0.027,"y":0.027},{"time":1.1,"x":0.589,"y":0.589},{"time":1.2666,"x":0.027,"y":0.027},{"time":1.4666,"x":1,"y":1,"curve":"stepped"},{"time":1.5,"x":1,"y":1}]},"b101":{"rotate":[{"time":0,"angle":0,"curve":"stepped"},{"time":1.5,"angle":0}],"translate":[{"time":0,"x":0,"y":0,"curve":"stepped"},{"time":1.5,"x":0,"y":0}],"scale":[{"time":0,"x":1,"y":1,"curve":"stepped"},{"time":1.5,"x":1,"y":1}]},"h1":{"rotate":[{"time":0,"angle":0,"curve":"stepped"},{"time":1.5,"angle":0}],"translate":[{"time":0,"x":0,"y":0,"curve":"stepped"},{"time":1.5,"x":0,"y":0}],"scale":[{"time":0,"x":7.896,"y":7.896},{"time":1.5,"x":1,"y":1}]},"b91":{"rotate":[{"time":0,"angle":0,"curve":"stepped"},{"time":1.5,"angle":0}],"translate":[{"time":0,"x":0,"y":0,"curve":"stepped"},{"time":1.5,"x":0,"y":0}],"scale":[{"time":0,"x":1,"y":1,"curve":"stepped"},{"time":1.5,"x":1,"y":1}]},"b92":{"rotate":[{"time":0,"angle":0,"curve":"stepped"},{"time":1.5,"angle":0}],"translate":[{"time":0,"x":0,"y":0,"curve":"stepped"},{"time":1.5,"x":0,"y":0}],"scale":[{"time":0,"x":1,"y":1,"curve":"stepped"},{"time":1.5,"x":1,"y":1}]},"b94":{"rotate":[{"time":0,"angle":0,"curve":"stepped"},{"time":1.5,"angle":0}],"translate":[{"time":0,"x":0,"y":0,"curve":"stepped"},{"time":1.5,"x":0,"y":0}],"scale":[{"time":0,"x":1,"y":1,"curve":"stepped"},{"time":1.5,"x":1,"y":1}]}},"drawOrder":[{"time":0},{"time":1.5}]}}},[0]]],0,0,[0],[-1],[15]],[[[6,"cs_bw","\r\ncs_bw.png\r\nsize: 2048,512\r\nformat: RGBA8888\r\nfilter: Linear,Linear\r\nrepeat: none\r\nBIGWIN\r\n  rotate: false\r\n  xy: 606, 242\r\n  size: 298, 82\r\n  orig: 298, 82\r\n  offset: 0, 0\r\n  index: -1\r\nbox\r\n  rotate: false\r\n  xy: 606, 326\r\n  size: 755, 133\r\n  orig: 755, 133\r\n  offset: 0, 0\r\n  index: -1\r\ncaishen\r\n  rotate: true\r\n  xy: 2, 2\r\n  size: 457, 602\r\n  orig: 457, 602\r\n  offset: 0, 0\r\n  index: -1\r\n",["cs_bw.png"],{"skeleton":{"hash":"3Ho1rYEmc4g1VySDrWUoxeSPqYM","spine":"3.8.99","x":-377,"y":-301,"width":755,"height":602,"images":"","audio":""},"bones":[{"name":"root"},{"name":"cs","parent":"root"},{"name":"box","parent":"root"},{"name":"box_guadian","parent":"box","y":-108.28,"color":"e6ff00ff"}],"slots":[{"name":"caishen","bone":"cs","attachment":"caishen"},{"name":"BIGWIN","bone":"box","attachment":"BIGWIN"},{"name":"box","bone":"box","attachment":"box"}],"skins":[{"name":"default","attachments":{"BIGWIN":{"BIGWIN":{"width":298,"height":82}},"box":{"box":{"x":0.5,"y":-114.76,"width":755,"height":133}},"caishen":{"caishen":{"x":0.5,"width":457,"height":602}}}}],"animations":{"animation":{"bones":{"cs":{"translate":[{"x":1284.38,"y":88.64},{"time":0.6667}],"scale":[{"x":0.2,"y":0.2,"curve":0.25,"c3":0.75},{"time":0.3333,"x":0.4,"y":0.4,"curve":0.25,"c3":0.75},{"time":0.6667}]},"box":{"scale":[{"x":0,"curve":"stepped"},{"time":0.6667,"x":0,"curve":0.25,"c3":0.75},{"time":0.8333}]}}}}},[0]]],0,0,[0],[-1],[16]]]]
