[1,["138850d1a@6c48a","3cbe4280-378a-4211-8f69-4a4f9e4b988f@f9941","887bcda6-b67f-4f7e-b322-4d5ccb498c7c@f9941"],["_textureSource"],["cc.SpriteFrame","cc.SpriteAtlas"],0,[[[{"name":"Rptidakmencukupi","rect":{"x":3,"y":3,"width":229,"height":76},"offset":{"x":0,"y":0},"originalSize":{"width":229,"height":76},"rotated":true,"capInsets":[0,0,0,0],"packable":true,"pixelsToUnit":100,"pivot":{"x":0.5,"y":0.5},"meshType":0}],[0],0,[0],[0],[0]],[[{"name":"icon_dating_jinbi","rect":{"x":85,"y":3,"width":39,"height":42},"offset":{"x":0,"y":0},"originalSize":{"width":39,"height":42},"rotated":false,"capInsets":[0,0,0,0],"packable":true,"pixelsToUnit":100,"pivot":{"x":0.5,"y":0.5},"meshType":0}],[0],0,[0],[0],[0]],[[{"name":"auto_commmon_god","spriteFrames":["Rptidakmencukupi","3cbe4280-378a-4211-8f69-4a4f9e4b988f@f9941","icon_dating_jinbi","887bcda6-b67f-4f7e-b322-4d5ccb498c7c@f9941"]}],[1],0,[0,0],[0,0],[1,2]]]]
