[1,["0f69MjL+1NNZ3UeTUoz/9r@6c48a"],["_textureSource"],["cc.SpriteFrame"],0,[{"name":"feihe","rect":{"x":3,"y":3,"width":470,"height":232},"offset":{"x":-18,"y":9},"originalSize":{"width":512,"height":256},"rotated":false,"capInsets":[0,0,0,0],"vertices":{"rawPosition":[-235,-116,0,235,-116,0,-235,116,0,235,116,0],"indexes":[0,1,2,2,1,3],"uv":[3,253,473,253,3,21,473,21],"nuv":[0.005859375,0.08203125,0.923828125,0.08203125,0.005859375,0.98828125,0.923828125,0.98828125],"minPos":{"x":-235,"y":-116,"z":0},"maxPos":{"x":235,"y":116,"z":0}},"packable":true,"pixelsToUnit":100,"pivot":{"x":0.5,"y":0.5},"meshType":0}],[0],0,[0],[0],[0]]
