[1,["depacyDutPAZnPTY2qSQNM@6c48a","5f6qlV7hFHpYaoOL19Gimo@6c48a"],0,[["sp.SkeletonData",["_name","_atlasText","textureNames","_skeletonJson","textures"],-1,3]],[[0,0,1,2,3,4,5]],[[0,"skeletona","\r\nskeletona.png\r\nsize: 1024,1024\r\nformat: RGBA8888\r\nfilter: Linear,Linear\r\nrepeat: none\r\nLZTB_baozhahongguang000\r\n  rotate: false\r\n  xy: 2, 767\r\n  size: 253, 253\r\n  orig: 253, 253\r\n  offset: 0, 0\r\n  index: -1\r\nLZTB_baozhahongguang001\r\n  rotate: false\r\n  xy: 2, 512\r\n  size: 253, 253\r\n  orig: 253, 253\r\n  offset: 0, 0\r\n  index: -1\r\nLZTB_baozhahongguang002\r\n  rotate: false\r\n  xy: 257, 767\r\n  size: 253, 253\r\n  orig: 253, 253\r\n  offset: 0, 0\r\n  index: -1\r\nLZTB_baozhahongguang003\r\n  rotate: false\r\n  xy: 2, 257\r\n  size: 253, 253\r\n  orig: 253, 253\r\n  offset: 0, 0\r\n  index: -1\r\nLZTB_baozhahongguang004\r\n  rotate: false\r\n  xy: 257, 512\r\n  size: 253, 253\r\n  orig: 253, 253\r\n  offset: 0, 0\r\n  index: -1\r\nLZTB_baozhahongguang005\r\n  rotate: false\r\n  xy: 512, 767\r\n  size: 253, 253\r\n  orig: 253, 253\r\n  offset: 0, 0\r\n  index: -1\r\nLZTB_baozhahongguang006\r\n  rotate: false\r\n  xy: 2, 2\r\n  size: 253, 253\r\n  orig: 253, 253\r\n  offset: 0, 0\r\n  index: -1\r\nLZTB_baozhahongguang007\r\n  rotate: false\r\n  xy: 257, 257\r\n  size: 253, 253\r\n  orig: 253, 253\r\n  offset: 0, 0\r\n  index: -1\r\nLZTB_baozhahongguang008\r\n  rotate: false\r\n  xy: 512, 512\r\n  size: 253, 253\r\n  orig: 253, 253\r\n  offset: 0, 0\r\n  index: -1\r\nLZTB_baozhahongguang009\r\n  rotate: false\r\n  xy: 767, 767\r\n  size: 253, 253\r\n  orig: 253, 253\r\n  offset: 0, 0\r\n  index: -1\r\nLZTB_baozhahongguang010\r\n  rotate: false\r\n  xy: 257, 2\r\n  size: 253, 253\r\n  orig: 253, 253\r\n  offset: 0, 0\r\n  index: -1\r\nLZTB_baozhahongguang011\r\n  rotate: false\r\n  xy: 512, 257\r\n  size: 253, 253\r\n  orig: 253, 253\r\n  offset: 0, 0\r\n  index: -1\r\nLZTB_baozhahongguang012\r\n  rotate: false\r\n  xy: 767, 512\r\n  size: 253, 253\r\n  orig: 253, 253\r\n  offset: 0, 0\r\n  index: -1\r\nLZTB_baozhahongguang013\r\n  rotate: false\r\n  xy: 512, 2\r\n  size: 253, 253\r\n  orig: 253, 253\r\n  offset: 0, 0\r\n  index: -1\r\nLZTB_baozhahongguang014\r\n  rotate: false\r\n  xy: 767, 257\r\n  size: 253, 253\r\n  orig: 253, 253\r\n  offset: 0, 0\r\n  index: -1\r\nLZTB_baozhahongguang015\r\n  rotate: false\r\n  xy: 767, 2\r\n  size: 253, 253\r\n  orig: 253, 253\r\n  offset: 0, 0\r\n  index: -1\r\n\r\nskeletona2.png\r\nsize: 512,512\r\nformat: RGBA8888\r\nfilter: Linear,Linear\r\nrepeat: none\r\nLZTB_baozhahongguang016\r\n  rotate: false\r\n  xy: 2, 182\r\n  size: 253, 253\r\n  orig: 253, 253\r\n  offset: 0, 0\r\n  index: -1\r\ntubiaoscatter\r\n  rotate: false\r\n  xy: 2, 2\r\n  size: 209, 178\r\n  orig: 209, 178\r\n  offset: 0, 0\r\n  index: -1\r\n",["skeletona.png","skeletona2.png"],{"skeleton":{"hash":"3dLecB6Wx9/+gHx71XWiIGG5Zlg","spine":"3.6.53","width":404.8,"height":404.8,"images":""},"bones":[{"name":"root"},{"name":"huoguang","parent":"root","scaleX":1.6,"scaleY":1.6}],"slots":[{"name":"tubiaoscatter","bone":"root","attachment":"tubiaoscatter"},{"name":"baozhahuo","bone":"huoguang","attachment":"LZTB_baozhahongguang000","blend":"screen"}],"skins":{"default":{"baozhahuo":{"LZTB_baozhahongguang000":{"width":253,"height":253},"LZTB_baozhahongguang001":{"width":253,"height":253},"LZTB_baozhahongguang002":{"width":253,"height":253},"LZTB_baozhahongguang003":{"width":253,"height":253},"LZTB_baozhahongguang004":{"width":253,"height":253},"LZTB_baozhahongguang005":{"width":253,"height":253},"LZTB_baozhahongguang006":{"width":253,"height":253},"LZTB_baozhahongguang007":{"width":253,"height":253},"LZTB_baozhahongguang008":{"width":253,"height":253},"LZTB_baozhahongguang009":{"width":253,"height":253},"LZTB_baozhahongguang010":{"width":253,"height":253},"LZTB_baozhahongguang011":{"width":253,"height":253},"LZTB_baozhahongguang012":{"width":253,"height":253},"LZTB_baozhahongguang013":{"width":253,"height":253},"LZTB_baozhahongguang014":{"width":253,"height":253},"LZTB_baozhahongguang015":{"width":253,"height":253},"LZTB_baozhahongguang016":{"width":253,"height":253}},"tubiaoscatter":{"tubiaoscatter":{"width":209,"height":178}}}},"animations":{"animation":{"slots":{"baozhahuo":{"attachment":[{"time":0.4667,"name":"LZTB_baozhahongguang000"},{"time":0.5,"name":"LZTB_baozhahongguang001"},{"time":0.5333,"name":"LZTB_baozhahongguang002"},{"time":0.5667,"name":"LZTB_baozhahongguang003"},{"time":0.6,"name":"LZTB_baozhahongguang004"},{"time":0.6333,"name":"LZTB_baozhahongguang005"},{"time":0.6667,"name":"LZTB_baozhahongguang006"},{"time":0.7,"name":"LZTB_baozhahongguang007"},{"time":0.7333,"name":"LZTB_baozhahongguang008"},{"time":0.7667,"name":"LZTB_baozhahongguang009"},{"time":0.8,"name":"LZTB_baozhahongguang010"},{"time":0.8333,"name":"LZTB_baozhahongguang011"},{"time":0.8667,"name":"LZTB_baozhahongguang012"},{"time":0.9,"name":"LZTB_baozhahongguang013"},{"time":0.9333,"name":"LZTB_baozhahongguang014"},{"time":0.9667,"name":"LZTB_baozhahongguang015"},{"time":1,"name":"LZTB_baozhahongguang016"}]}},"bones":{"root":{"rotate":[{"time":0,"angle":0,"curve":"stepped"},{"time":1,"angle":0}],"scale":[{"time":0,"x":1,"y":1},{"time":0.5,"x":1.1,"y":1.1},{"time":1,"x":1,"y":1}]}}}}},[0,1]]],0,0,[0,0],[-1,-2],[0,1]]
