[1,["cdHxnXkNZNIJmdZCjOSzrA","92TV9zMHNBUYnWqxQ8WrUV@f9941","a21vc6JuxBN6ZEoXT4shrl@f9941","92TV9zMHNBUYnWqxQ8WrUV@6c48a","f5Da2PZE9JhJ9u/jSY8g5v@f9941","f5FbxlrnJIWrDtj/oTafi8","93txvtwFxMBqpqk07e4TIP@f9941","0dXF9987xPRYNclZAD/Ifo@f9941","f5Da2PZE9JhJ9u/jSY8g5v@6c48a"],["node","_spriteFrame","_atlas","_textureSource","root","_target","_barSprite","data","_file","_normalSprite","spriteFrame"],[["cc.Node",["_name","_layer","_active","_components","_prefab","_parent","_lpos","_children"],0,9,4,1,5,2],["cc.UITransform",["node","__prefab","_contentSize","_anchorPoint"],3,1,4,5,5],["cc.Widget",["_alignFlags","_originalWidth","_originalHeight","_right","_top","node","__prefab"],-2,1,4],["cc.Sprite",["_sizeMode","_type","node","__prefab","_spriteFrame","_atlas"],1,1,4,6,6],["cc.Label",["_actualFontSize","_fontSize","_string","_enableOutline","_isBold","_outlineWidth","node","__prefab","_outlineColor","_color"],-3,1,4,5,5],"cc.SpriteFrame",["cc.Prefab",["_name"],2],["cc.Node",["_name","_layer","_parent","_children","_components","_prefab","_lpos"],1,1,2,12,4,5],["cc.CompPrefabInfo",["fileId"],2],["cc.BlockInputEvents",["node","__prefab"],3,1,4],["cc.PrefabInfo",["fileId","instance","targetOverrides","nestedPrefabInstanceRoots","root","asset"],-1,1,1],["cc.Button",["_transition","_zoomScale","node","__prefab","_normalColor","_target","_normalSprite"],1,1,4,5,1,6],["cc.ProgressBar",["_totalLength","_progress","node","__prefab","_barSprite"],1,1,4,1],["cc.Layout",["_layoutType","_horizontalDirection","node","__prefab"],1,1,4],["cc.LabelOutline",["node","__prefab"],3,1,4],["cc.ParticleSystem2D",["_dstBlendFactor","emissionRate","life","lifeVar","angle","angleVar","startSize","startSizeVar","endSize","speed","speedVar","tangentialAccel","_totalParticles","node","__prefab","posVar","_startColor","_startColorVar","_endColor","_endColorVar","_file","_spriteFrame"],-10,1,4,5,5,5,5,5,6,6],["cc.ParticleAsset",["_name","_native"],1]],[[8,0,2],[10,0,1,2,3,4,5,5],[1,0,1,2,1],[0,0,5,3,4,6,2],[3,1,0,2,3,4,5,3],[14,0,1,1],[6,0,2],[0,0,7,3,4,2],[0,0,5,7,3,4,6,2],[0,0,5,3,4,2],[0,0,1,5,3,4,3],[0,0,2,5,3,4,6,3],[7,0,1,2,3,4,5,6,3],[1,0,1,2,3,1],[1,0,1,3,1],[2,0,1,2,5,6,4],[2,0,3,4,5,6,4],[2,0,1,5,6,3],[9,0,1,1],[3,0,2,3,4,2],[3,1,0,2,3,3],[11,0,1,2,3,4,5,6,3],[12,0,1,2,3,4,3],[13,0,1,2,3,3],[4,2,0,1,3,6,7,5],[4,2,0,1,4,3,5,6,7,8,7],[4,0,1,6,7,9,3],[15,0,1,2,3,4,5,6,7,8,9,10,11,12,13,14,15,16,17,18,19,20,21,14],[16,0,1,3]],[[[{"name":"fire","rect":{"x":1,"y":1,"width":29,"height":29},"offset":{"x":-0.5,"y":0.5},"originalSize":{"width":32,"height":32},"rotated":false,"capInsets":[0,0,0,0],"vertices":{"rawPosition":[-14.5,-14.5,0,14.5,-14.5,0,-14.5,14.5,0,14.5,14.5,0],"indexes":[0,1,2,2,1,3],"uv":[1,31,30,31,1,2,30,2],"nuv":[0.03125,0.0625,0.9375,0.0625,0.03125,0.96875,0.9375,0.96875],"minPos":{"x":-14.5,"y":-14.5,"z":0},"maxPos":{"x":14.5,"y":14.5,"z":0}},"packable":true,"pixelsToUnit":100,"pivot":{"x":0.5,"y":0.5},"meshType":0}],[5],0,[0],[3],[3]],[[[6,"prefabs_domino_loading"],[7,"prefabs_domino_loading",[-5,-6,-7,-8,-9,-10],[[2,-2,[0,"95G9Q2rrxOf531huoVR2hh"],[5,1334,750]],[15,45,1600,800,-3,[0,"09P+eN75xLGqBLnusjt6/S"]],[18,-4,[0,"ddWX0Hi+pKRq/EbxnwPq9K"]]],[1,"c46/YsCPVOJYA4mWEpNYRx",null,null,null,-1,0]],[3,"props_btn_return",1,[[2,-11,[0,"e9AwAY10lAJYs/zY1dDIcM"],[5,62,62]],[4,1,0,-12,[0,"63Z+ah+/JE+6N+DK9Dv8xF"],5,6],[21,3,0.9,-14,[0,"54sVOiFfpFsoVc5eD7eQq8"],[4,4292269782],-13,7],[16,33,19,19,-15,[0,"fazOTPI8lDf4HcsQ/kuYth"]]],[1,"dd+qUZY9NA4rOfAs9r63tB",null,null,null,1,0],[1,617,325,0]],[8,"props_progressBar",1,[-20],[[2,-16,[0,"d7BGcqXt5L9IPYIVUUQgTG"],[5,796,48]],[4,1,2,-17,[0,"c2gF+HOZ9Cz7rSm9t2nXUf"],3,4],[22,772,0,-19,[0,"67nd2aMtRNN4pwyM5ZPGxY"],-18]],[1,"c9rLw8vUNCUql3VpFgi+1f",null,null,null,1,0],[1,0,-244,0]],[12,"Bar",33554432,3,[-24],[[[13,-21,[0,"97xH8t/ulFMJRSywtrJQh6"],[5,0,24],[0,0,0.5]],-22,[23,1,1,-23,[0,"4dYmewAV9FTrs/s4zem/oP"]]],4,1,4],[1,"11el/08QhFYY8odYqv6uO3",null,null,null,1,0],[1,-387,0,0]],[9,"spr_loading_bg",1,[[2,-25,[0,"9evh0fc5lBcYoty5mxSQA3"],[5,1334,750]],[19,0,-26,[0,"15WA/2dh9Jw45v+tNoO3vB"],0],[17,40,1624,-27,[0,"eamlYZBP1OhqypFPuWnXvE"]]],[1,"0bPsv9NfJOZIhAfoiX6nNU",null,null,null,1,0]],[3,"props_progressTip",1,[[2,-28,[0,"a1ian5eYJGSI7OIk8mlVL7"],[5,32.91,54.4]],[24,"0%",20,20,true,-29,[0,"c5PzQEQGBIMLmT4C4KABUP"]],[5,-30,[0,"ad3U0+S2RLn5pVe1s7xHuB"]]],[1,"daKwI+zzdAcZUiomyJ9HL4",null,null,null,1,0],[1,0,-244,0]],[3,"props_version",1,[[2,-31,[0,"e5K4MzRqFNv4KdbMObfiDk"],[5,2,52.4]],[25,"",20,20,true,true,1,-32,[0,"42f/egZklP8YEucVedyJ7w"],[4,4278979598]],[5,-33,[0,"82uv4cKhNGf6unqFDTwntX"]]],[1,"860vproD1E5oEohSASi12j",null,null,null,1,0],[1,0,-304.757,0]],[10,"fire",33554432,4,[[14,-34,[0,"33qSl8v8VCwq3BmHoh300R"],[0,1,0.5]],[27,1,50,0.3,0.1,180,0,20,5,30,30,20,0,100,-35,[0,"bfCEB4OtFNkpvceSquC5k4"],[0,10,5],[4,65535],[4,5570560],[4,4278190335],[4,4281597952],1,2]],[1,"95PmHersJOVLoBq9Q7v1ll",null,null,null,1,0]],[11,"props_error_log",false,1,[[2,-36,[0,"3ehB/J2LFKC4xBFUP6+ryW"],[5,42.26,50.4]],[26,20,20,-37,[0,"492ORR+0JHpqyM+0G0pn9g"],[4,4278190335]]],[1,"c3RCYNuf9EUqdlabfFxQwz",null,null,null,1,0],[1,0,348.217,0]],[20,2,0,4,[0,"2fv4eAddJB3K/PSLfcl14a"]]],0,[0,4,1,0,0,1,0,0,1,0,0,1,0,-1,5,0,-2,3,0,-3,6,0,-4,9,0,-5,2,0,-6,7,0,0,2,0,0,2,0,5,2,0,0,2,0,0,2,0,0,3,0,0,3,0,6,10,0,0,3,0,-1,4,0,0,4,0,-2,10,0,0,4,0,-1,8,0,0,5,0,0,5,0,0,5,0,0,6,0,0,6,0,0,6,0,0,7,0,0,7,0,0,7,0,0,8,0,0,8,0,0,9,0,0,9,0,7,1,37],[0,0,0,0,0,0,0,0,10,10],[1,8,1,1,2,1,2,9,1,2],[4,5,1,6,0,2,0,2,7,0]],[[{"name":"bg_common_loading","rect":{"x":0,"y":0,"width":1624,"height":750},"offset":{"x":0,"y":0},"originalSize":{"width":1624,"height":750},"rotated":false,"capInsets":[0,0,0,0],"vertices":{"rawPosition":[-812,-375,0,812,-375,0,-812,375,0,812,375,0],"indexes":[0,1,2,2,1,3],"uv":[0,750,1624,750,0,0,1624,0],"nuv":[0,0,1,0,0,1,1,1],"minPos":{"x":-812,"y":-375,"z":0},"maxPos":{"x":812,"y":375,"z":0}},"packable":true,"pixelsToUnit":100,"pivot":{"x":0.5,"y":0.5},"meshType":0}],[5],0,[0],[3],[8]],[[[28,"fire",".plist"],-1],0,0,[0],[10],[1]]]]
