[1,["1c0f37b85@6c48a"],["_textureSource"],["cc.SpriteFrame","cc.SpriteAtlas"],0,[[[{"name":"btn_begin","rect":{"x":3,"y":809,"width":263,"height":104},"offset":{"x":0,"y":0},"originalSize":{"width":263,"height":104},"rotated":false,"capInsets":[0,0,0,0],"packable":true,"pixelsToUnit":100,"pivot":{"x":0.5,"y":0.5},"meshType":0}],[0],0,[0],[0],[0]],[[{"name":"auto_room","spriteFrames":["bg_room_woman","ed7gjsvO5Ms4g0HOz6Rd0M@f9941","img_room_4","bdNYJXeLhElKuWAw7Vsvn1@f9941","img_room_2","b6Rdxkwp1OCIC5MuD5HoBj@f9941","img_room_players","a7zvPFgdBGAoAaIF+K4s/x@f9941","img_room_3","45Uyc/KZZALKpwkEnWMUvA@f9941","img_room_1","e9/zqJwjhJi7xqdwlKsk+j@f9941","btn_begin","1djgCB4dFN64pQiTWWYIFu@f9941","btn_room_return","5fUXrIFftKhb0szbDMTp8e@f9941","btn_room_help","382azvZ7lB24TlIi7ojPhf@f9941","btn_gold_add","eaGaZKC7hBLpFaTEZWfEKe@f9941","img_gold_bg","78Sj7DnMNHd5QG3IvCkK3V@f9941","img_card_bg","32uK8JX+tBeqPjLPWmMR5C@f9941","title_room_domino","f1whXlCYdDT6hWcBeGHFoH@f9941","img_room_gold","b9LAnOc8BP17HKdpS8+iLA@f9941"]}],[1],0,[],[],[]],[[{"name":"img_card_bg","rect":{"x":227,"y":919,"width":39,"height":79},"offset":{"x":0,"y":0.5},"originalSize":{"width":39,"height":80},"rotated":false,"capInsets":[0,0,0,0],"packable":true,"pixelsToUnit":100,"pivot":{"x":0.5,"y":0.5},"meshType":0}],[0],0,[0],[0],[0]],[[{"name":"btn_room_help","rect":{"x":486,"y":873,"width":74,"height":70},"offset":{"x":0,"y":0},"originalSize":{"width":74,"height":70},"rotated":false,"capInsets":[0,0,0,0],"packable":true,"pixelsToUnit":100,"pivot":{"x":0.5,"y":0.5},"meshType":0}],[0],0,[0],[0],[0]],[[{"name":"img_room_3","rect":{"x":3,"y":592,"width":275,"height":211},"offset":{"x":0,"y":0},"originalSize":{"width":275,"height":211},"rotated":false,"capInsets":[0,0,0,0],"packable":true,"pixelsToUnit":100,"pivot":{"x":0.5,"y":0.5},"meshType":0}],[0],0,[0],[0],[0]],[[{"name":"btn_room_return","rect":{"x":272,"y":873,"width":208,"height":95},"offset":{"x":0,"y":0},"originalSize":{"width":208,"height":95},"rotated":false,"capInsets":[0,0,0,0],"packable":true,"pixelsToUnit":100,"pivot":{"x":0.5,"y":0.5},"meshType":0}],[0],0,[0],[0],[0]],[[{"name":"img_gold_bg","rect":{"x":3,"y":919,"width":218,"height":60},"offset":{"x":0,"y":1},"originalSize":{"width":222,"height":62},"rotated":false,"capInsets":[0,0,0,0],"packable":true,"pixelsToUnit":100,"pivot":{"x":0.5,"y":0.5},"meshType":0}],[0],0,[0],[0],[0]],[[{"name":"img_room_players","rect":{"x":530,"y":362,"width":22,"height":26},"offset":{"x":0,"y":0},"originalSize":{"width":22,"height":26},"rotated":true,"capInsets":[0,0,0,0],"packable":true,"pixelsToUnit":100,"pivot":{"x":0.5,"y":0.5},"meshType":0}],[0],0,[0],[0],[0]],[[{"name":"img_room_2","rect":{"x":306,"y":362,"width":301,"height":218},"offset":{"x":0,"y":0},"originalSize":{"width":301,"height":218},"rotated":true,"capInsets":[0,0,0,0],"packable":true,"pixelsToUnit":100,"pivot":{"x":0.5,"y":0.5},"meshType":0}],[0],0,[0],[0],[0]],[[{"name":"img_room_gold","rect":{"x":439,"y":974,"width":39,"height":40},"offset":{"x":0,"y":0},"originalSize":{"width":39,"height":40},"rotated":true,"capInsets":[0,0,0,0],"packable":true,"pixelsToUnit":100,"pivot":{"x":0.5,"y":0.5},"meshType":0}],[0],0,[0],[0],[0]],[[{"name":"img_room_4","rect":{"x":3,"y":362,"width":297,"height":224},"offset":{"x":0,"y":0},"originalSize":{"width":297,"height":224},"rotated":false,"capInsets":[0,0,0,0],"packable":true,"pixelsToUnit":100,"pivot":{"x":0.5,"y":0.5},"meshType":0}],[0],0,[0],[0],[0]],[[{"name":"img_room_1","rect":{"x":284,"y":669,"width":273,"height":198},"offset":{"x":0,"y":0},"originalSize":{"width":273,"height":198},"rotated":false,"capInsets":[0,0,0,0],"packable":true,"pixelsToUnit":100,"pivot":{"x":0.5,"y":0.5},"meshType":0}],[0],0,[0],[0],[0]],[[{"name":"btn_gold_add","rect":{"x":486,"y":949,"width":48,"height":45},"offset":{"x":0,"y":0},"originalSize":{"width":48,"height":45},"rotated":true,"capInsets":[0,0,0,0],"packable":true,"pixelsToUnit":100,"pivot":{"x":0.5,"y":0.5},"meshType":0}],[0],0,[0],[0],[0]],[[{"name":"bg_room_woman","rect":{"x":3,"y":3,"width":353,"height":558},"offset":{"x":0,"y":0},"originalSize":{"width":353,"height":558},"rotated":true,"capInsets":[0,0,0,0],"packable":true,"pixelsToUnit":100,"pivot":{"x":0.5,"y":0.5},"meshType":0}],[0],0,[0],[0],[0]],[[{"name":"title_room_domino","rect":{"x":272,"y":974,"width":161,"height":40},"offset":{"x":0,"y":0.5},"originalSize":{"width":161,"height":41},"rotated":false,"capInsets":[0,0,0,0],"packable":true,"pixelsToUnit":100,"pivot":{"x":0.5,"y":0.5},"meshType":0}],[0],0,[0],[0],[0]]]]
