[1,["11U/Zrq6dNd4Rk6e+xUR+M@6c48a"],["_textureSource"],["cc.SpriteFrame"],0,[{"name":"sybres_eft_str_02","rect":{"x":3,"y":3,"width":74,"height":74},"offset":{"x":0,"y":0},"originalSize":{"width":80,"height":80},"rotated":false,"capInsets":[0,0,0,0],"vertices":{"rawPosition":[-37,-37,0,37,-37,0,-37,37,0,37,37,0],"indexes":[0,1,2,2,1,3],"uv":[3,77,77,77,3,3,77,3],"nuv":[0.0375,0.0375,0.9625,0.0375,0.0375,0.9625,0.9625,0.9625],"minPos":{"x":-37,"y":-37,"z":0},"maxPos":{"x":37,"y":37,"z":0}},"packable":true,"pixelsToUnit":100,"pivot":{"x":0.5,"y":0.5},"meshType":0}],[0],0,[0],[0],[0]]
