[1,["b9pwuPA2lN4KMNli9nIgox@6c48a"],["_textureSource"],["cc.SpriteFrame"],0,[{"name":"tubiao_tongqian","rect":{"x":0,"y":0,"width":117,"height":118},"offset":{"x":0,"y":0},"originalSize":{"width":117,"height":118},"rotated":false,"capInsets":[0,0,0,0],"vertices":{"rawPosition":[-58.5,-59,0,58.5,-59,0,-58.5,59,0,58.5,59,0],"indexes":[0,1,2,2,1,3],"uv":[0,118,117,118,0,0,117,0],"nuv":[0,0,1,0,0,1,1,1],"minPos":{"x":-58.5,"y":-59,"z":0},"maxPos":{"x":58.5,"y":59,"z":0}},"packable":true,"pixelsToUnit":100,"pivot":{"x":0.5,"y":0.5},"meshType":0}],[0],0,[0],[0],[0]]
