[1,["c3cNUD/89BwJYCSLvB3p1o@6c48a"],0,[["sp.SkeletonData",["_name","_atlasText","textureNames","_skeletonJson","textures"],-1,3]],[[0,0,1,2,3,4,5]],[[0,"rk_longhu_da","\r\nrk_longhu_da.png\r\nsize: 1024,256\r\nformat: RGBA8888\r\nfilter: Linear,Linear\r\nrepeat: none\r\nbg_longhu_chagn\r\n  rotate: true\r\n  xy: 2, 8\r\n  size: 206, 420\r\n  orig: 206, 420\r\n  offset: 0, 0\r\n  index: -1\r\nhu\r\n  rotate: true\r\n  xy: 681, 13\r\n  size: 201, 218\r\n  orig: 201, 218\r\n  offset: 0, 0\r\n  index: -1\r\nlong\r\n  rotate: true\r\n  xy: 424, 2\r\n  size: 212, 255\r\n  orig: 212, 255\r\n  offset: 0, 0\r\n  index: -1\r\n",["rk_longhu_da.png"],{"skeleton":{"hash":"MVoZWzrKthC5t2QrByss+Nna+Wg","spine":"3.8.99","x":-103,"y":1.1,"width":206,"height":420,"images":"","audio":""},"bones":[{"name":"root"},{"name":"骨骼","parent":"root","x":34.65,"y":200.12,"scaleX":1.1967,"scaleY":1.1967},{"name":"骨骼2","parent":"root","x":-27.75,"y":73.79,"scaleX":1.3155,"scaleY":1.3155},{"name":"骨骼3","parent":"root","x":37.18,"y":86.89,"scaleX":1.2345,"scaleY":1.2345},{"name":"骨骼4","parent":"root","x":-27.75,"y":73.79,"scaleX":1.3155,"scaleY":1.3155}],"slots":[{"name":"bg_longhu_chagn","bone":"root","attachment":"bg_longhu_chagn"},{"name":"ss","bone":"root","attachment":"ss"},{"name":"long","bone":"骨骼2","attachment":"long"},{"name":"long2","bone":"骨骼4","attachment":"long"},{"name":"hu","bone":"骨骼","attachment":"hu"},{"name":"hu2","bone":"骨骼3","attachment":"hu"}],"skins":[{"name":"default","attachments":{"bg_longhu_chagn":{"bg_longhu_chagn":{"y":211.1,"width":206,"height":420}},"hu":{"hu":{"x":-18.98,"y":-20.41,"width":201,"height":218}},"hu2":{"hu":{"x":-18.98,"y":72.59,"width":201,"height":218}},"long":{"long":{"x":-27,"y":155.5,"width":212,"height":255}},"long2":{"long":{"x":-26,"y":155.5,"width":212,"height":255}},"ss":{"ss":{"type":"clipping","end":"ss","vertexCount":22,"color":"ce3a3aff","vertices":[-97.17,125.65,-96.84,32.05,-96.19,22.3,-92.29,15.15,-84.17,8.65,-72.79,8.32,58.83,8,71.18,11.57,82.88,19.7,91.01,31.07,95.56,41.8,96.86,54.8,96.7,393.47,94.4,404.09,88.66,410.69,82.64,413.56,76.04,414.99,-58.89,415.02,-73.34,410.62,-85.48,401.8,-94.89,387.39,-97.44,370.94]}}}}],"animations":{"animation":{"slots":{"hu2":{"color":[{"color":"ffffffff"},{"time":1,"color":"ffffff00"}]},"long2":{"color":[{"time":2,"color":"ffffffff"},{"time":3,"color":"ffffff35"}]}},"bones":{"骨骼":{"rotate":[{},{"time":1,"angle":-7.63},{"time":2}],"scale":[{},{"time":1,"x":1.1,"y":1.1},{"time":2}]},"骨骼3":{"scale":[{"time":1,"x":1.1,"y":1.1}]},"骨骼2":{"rotate":[{"time":2},{"time":3,"angle":3},{"time":4}],"scale":[{"time":2},{"time":3,"x":1.1,"y":1.1},{"time":4}]},"骨骼4":{"rotate":[{"time":2},{"time":3,"angle":3},{"time":4}],"scale":[{"time":2},{"time":3,"x":1.2,"y":1.2},{"time":4}]}}}}},[0]]],0,0,[0],[-1],[0]]
