[1,["89eoz20khFw6crtXcuL5Xc@6c48a"],["_textureSource"],["cc.SpriteFrame"],0,[{"name":"large","rect":{"x":0,"y":0,"width":142,"height":81},"offset":{"x":-0.5,"y":0},"originalSize":{"width":143,"height":81},"rotated":false,"capInsets":[0,0,0,0],"vertices":{"rawPosition":[-71,-40.5,0,71,-40.5,0,-71,40.5,0,71,40.5,0],"indexes":[0,1,2,2,1,3],"uv":[0,81,142,81,0,0,142,0],"nuv":[0,0,0.993006993006993,0,0,1,0.993006993006993,1],"minPos":{"x":-71,"y":-40.5,"z":0},"maxPos":{"x":71,"y":40.5,"z":0}},"packable":true,"pixelsToUnit":100,"pivot":{"x":0.5,"y":0.5},"meshType":0}],[0],0,[0],[0],[0]]
