[1,["7bb3e3bf-54ed-4c72-8004-6ff9920ad24a@6c48a"],["_textureSource"],["cc.SpriteFrame"],0,[{"name":"icon_hj_lishi_huang_sml@2x","rect":{"x":0,"y":0,"width":80,"height":56},"offset":{"x":0,"y":0},"originalSize":{"width":80,"height":56},"rotated":false,"capInsets":[0,0,0,0],"vertices":{"rawPosition":[-40,-28,0,40,-28,0,-40,28,0,40,28,0],"indexes":[0,1,2,2,1,3],"uv":[0,56,80,56,0,0,80,0],"nuv":[0,0,1,0,0,1,1,1],"minPos":{"x":-40,"y":-28,"z":0},"maxPos":{"x":40,"y":28,"z":0}},"packable":true,"pixelsToUnit":100,"pivot":{"x":0.5,"y":0.5},"meshType":0}],[0],0,[0],[0],[0]]
