[1,["1b+q07NGdNgojkF42XU96Z@6c48a"],["_textureSource"],["cc.SpriteFrame"],0,[{"name":"p5","rect":{"x":0,"y":5,"width":40,"height":32},"offset":{"x":0,"y":-1},"originalSize":{"width":40,"height":40},"rotated":false,"capInsets":[0,0,0,0],"vertices":{"rawPosition":[-20,-16,0,20,-16,0,-20,16,0,20,16,0],"indexes":[0,1,2,2,1,3],"uv":[0,35,40,35,0,3,40,3],"nuv":[0,0.075,1,0.075,0,0.875,1,0.875],"minPos":{"x":-20,"y":-16,"z":0},"maxPos":{"x":20,"y":16,"z":0}},"packable":true,"pixelsToUnit":100,"pivot":{"x":0.5,"y":0.5},"meshType":0}],[0],0,[0],[0],[0]]
