[1,["58eApNJPBJfLD7owS1kPS7@6c48a"],0,[["sp.SkeletonData",["_name","_atlasText","textureNames","_skeletonJson","textures"],-1,3]],[[0,0,1,2,3,4,5]],[[0,"rummy_xiao","\r\nrummy_xiao.png\r\nsize: 1954,435\r\nformat: RGBA8888\r\nfilter: Linear,Linear\r\nrepeat: none\r\nCs_xiao\r\n  rotate: false\r\n  xy: 1633, 48\r\n  size: 244, 171\r\n  orig: 246, 171\r\n  offset: 1, 0\r\n  index: -1\r\ncm\r\n  rotate: false\r\n  xy: 2, 202\r\n  size: 198, 231\r\n  orig: 198, 231\r\n  offset: 0, 0\r\n  index: -1\r\ncm/cm_00000\r\n  rotate: true\r\n  xy: 2, 2\r\n  size: 198, 231\r\n  orig: 198, 231\r\n  offset: 0, 0\r\n  index: -1\r\ncm/cm_00002\r\n  rotate: false\r\n  xy: 202, 202\r\n  size: 198, 231\r\n  orig: 198, 231\r\n  offset: 0, 0\r\n  index: -1\r\ncm/cm_00004\r\n  rotate: true\r\n  xy: 235, 2\r\n  size: 198, 231\r\n  orig: 198, 231\r\n  offset: 0, 0\r\n  index: -1\r\ncm/cm_00006\r\n  rotate: false\r\n  xy: 402, 202\r\n  size: 198, 231\r\n  orig: 198, 231\r\n  offset: 0, 0\r\n  index: -1\r\ncm/cm_00008\r\n  rotate: true\r\n  xy: 468, 2\r\n  size: 198, 231\r\n  orig: 198, 231\r\n  offset: 0, 0\r\n  index: -1\r\ncm/cm_00010\r\n  rotate: false\r\n  xy: 602, 202\r\n  size: 198, 231\r\n  orig: 198, 231\r\n  offset: 0, 0\r\n  index: -1\r\ncm/cm_00012\r\n  rotate: true\r\n  xy: 701, 2\r\n  size: 198, 231\r\n  orig: 198, 231\r\n  offset: 0, 0\r\n  index: -1\r\ncm/cm_00014\r\n  rotate: false\r\n  xy: 802, 202\r\n  size: 198, 231\r\n  orig: 198, 231\r\n  offset: 0, 0\r\n  index: -1\r\ncm/cm_00016\r\n  rotate: true\r\n  xy: 934, 2\r\n  size: 198, 231\r\n  orig: 198, 231\r\n  offset: 0, 0\r\n  index: -1\r\ncm/cm_00018\r\n  rotate: false\r\n  xy: 1002, 202\r\n  size: 198, 231\r\n  orig: 198, 231\r\n  offset: 0, 0\r\n  index: -1\r\ncm/cm_00020\r\n  rotate: true\r\n  xy: 1167, 2\r\n  size: 198, 231\r\n  orig: 198, 231\r\n  offset: 0, 0\r\n  index: -1\r\ncm/cm_00022\r\n  rotate: false\r\n  xy: 1202, 202\r\n  size: 198, 231\r\n  orig: 198, 231\r\n  offset: 0, 0\r\n  index: -1\r\ncm/cm_00024\r\n  rotate: true\r\n  xy: 1400, 2\r\n  size: 198, 231\r\n  orig: 198, 231\r\n  offset: 0, 0\r\n  index: -1\r\ncm0\r\n  rotate: true\r\n  xy: 1808, 244\r\n  size: 103, 68\r\n  orig: 105, 71\r\n  offset: 0, 2\r\n  index: -1\r\ndi\r\n  rotate: true\r\n  xy: 1402, 221\r\n  size: 212, 201\r\n  orig: 212, 201\r\n  offset: 0, 0\r\n  index: -1\r\nguang\r\n  rotate: false\r\n  xy: 1808, 349\r\n  size: 84, 84\r\n  orig: 86, 86\r\n  offset: 1, 1\r\n  index: -1\r\nhongtao\r\n  rotate: false\r\n  xy: 1879, 190\r\n  size: 70, 78\r\n  orig: 72, 80\r\n  offset: 1, 1\r\n  index: -1\r\njb\r\n  rotate: false\r\n  xy: 1878, 270\r\n  size: 74, 77\r\n  orig: 76, 79\r\n  offset: 1, 2\r\n  index: -1\r\npuke1\r\n  rotate: false\r\n  xy: 1894, 372\r\n  size: 55, 61\r\n  orig: 63, 61\r\n  offset: 6, 0\r\n  index: -1\r\npuke2\r\n  rotate: true\r\n  xy: 1633, 2\r\n  size: 44, 48\r\n  orig: 44, 48\r\n  offset: 0, 0\r\n  index: -1\r\nrummy_xiao\r\n  rotate: true\r\n  xy: 1605, 221\r\n  size: 212, 201\r\n  orig: 212, 201\r\n  offset: 0, 0\r\n  index: -1\r\n",["rummy_xiao.png"],{"skeleton":{"hash":"FrNqr+nGXJDb0C8TzHuXuEi44to","spine":"3.8.99","x":-122.99,"y":-2.86,"width":246,"height":209.62,"images":"F:/工作/大厅/rummy_xiao","audio":"F:/工作/大厅"},"bones":[{"name":"root","y":97.64},{"name":"zong","parent":"root","x":-10.73,"y":0.34,"scaleX":0.8,"scaleY":0.8},{"name":"puke1","parent":"zong","x":-49.97,"y":171.87},{"name":"puke2","parent":"zong","x":70.98,"y":153.44},{"name":"cm","parent":"zong","x":1.3,"y":41.6},{"name":"hongtao","parent":"zong","x":-70.79,"y":-23.58},{"name":"guang","parent":"zong","x":92.61,"y":56.52},{"name":"cm2","parent":"cm","x":7.32,"y":-19.97},{"name":"cm3","parent":"cm2","x":-7.09,"y":1.53},{"name":"cm4","parent":"cm3","x":3.13,"y":-5.06}],"slots":[{"name":"rummy_xiao","bone":"root","attachment":"rummy_xiao"},{"name":"Cs_xiao","bone":"root","attachment":"Cs_xiao"},{"name":"di","bone":"root","attachment":"di"},{"name":"hongtao","bone":"hongtao","attachment":"hongtao"},{"name":"guang","bone":"guang","attachment":"guang"},{"name":"cm","bone":"cm","attachment":"cm/cm_00024"},{"name":"puke1","bone":"puke1","attachment":"puke1"},{"name":"puke2","bone":"puke2","attachment":"puke2"},{"name":"cm0","bone":"root","attachment":"cm0"},{"name":"jb","bone":"root","attachment":"jb"}],"skins":[{"name":"default","attachments":{"Cs_xiao":{"Cs_xiao":{"x":0.01,"y":17.93,"width":246,"height":171}},"cm":{"cm":{"x":21.87,"y":-57.78,"width":198,"height":231},"cm/cm_00000":{"x":13.98,"y":-21.12,"width":198,"height":231},"cm/cm_00002":{"x":13.98,"y":-21.12,"width":198,"height":231},"cm/cm_00004":{"x":13.98,"y":-21.12,"width":198,"height":231},"cm/cm_00006":{"x":13.98,"y":-21.12,"width":198,"height":231},"cm/cm_00008":{"x":13.98,"y":-21.12,"width":198,"height":231},"cm/cm_00010":{"x":13.98,"y":-21.12,"width":198,"height":231},"cm/cm_00012":{"x":13.98,"y":-21.12,"width":198,"height":231},"cm/cm_00014":{"x":13.98,"y":-21.12,"width":198,"height":231},"cm/cm_00016":{"x":13.98,"y":-21.12,"width":198,"height":231},"cm/cm_00018":{"x":13.98,"y":-21.12,"width":198,"height":231},"cm/cm_00020":{"x":13.98,"y":-21.12,"width":198,"height":231},"cm/cm_00022":{"x":13.98,"y":-21.12,"width":198,"height":231},"cm/cm_00024":{"x":13.98,"y":-21.12,"width":198,"height":231}},"cm0":{"cm0":{"x":25.05,"y":-46.89,"scaleX":0.9,"scaleY":0.9,"width":105,"height":71}},"di":{"di":{"width":212,"height":201}},"guang":{"guang":{"x":2.09,"y":-52.71,"width":86,"height":86}},"hongtao":{"hongtao":{"x":-1.47,"y":11.58,"width":72,"height":80}},"jb":{"jb":{"x":-40.51,"y":-41.28,"scaleX":0.9,"scaleY":0.9,"width":76,"height":79}},"puke1":{"puke1":{"x":-27,"y":-104.41,"width":63,"height":61}},"puke2":{"puke2":{"x":40.92,"y":-73.02,"width":44,"height":48}},"rummy_xiao":{"rummy_xiao":{"width":212,"height":201}}}}],"animations":{"animation1":{"slots":{"Cs_xiao":{"color":[{"color":"ffffff00"}]},"cm":{"attachment":[{"name":"cm/cm_00000"},{"time":0.8333,"name":"cm/cm_00002"},{"time":0.9,"name":"cm/cm_00004"},{"time":0.9667,"name":"cm/cm_00006"},{"time":1.0333,"name":"cm/cm_00008"},{"time":1.1,"name":"cm/cm_00010"},{"time":1.1667,"name":"cm/cm_00012"},{"time":1.2333,"name":"cm/cm_00014"},{"time":1.3,"name":"cm/cm_00016"},{"time":1.3667,"name":"cm/cm_00018"},{"time":1.4333,"name":"cm/cm_00020"},{"time":1.5,"name":"cm/cm_00022"},{"time":1.5667,"name":"cm/cm_00024"},{"time":2.3333,"name":"cm/cm_00000"}]},"rummy_xiao":{"color":[{"color":"ffffff00"}]}},"bones":{"cm":{"translate":[{"y":-23.23},{"time":1.1667,"y":-12.82},{"time":2.3333,"y":-23.23}]},"guang":{"translate":[{"x":12.15},{"time":1.1667,"y":4.29},{"time":2.3333,"x":12.15}]},"hongtao":{"translate":[{"x":-9.11},{"time":1.1667,"x":-3.43,"y":5.14},{"time":2.3333,"x":-9.11}]},"puke1":{"translate":[{"y":22.2},{"time":1.1667,"x":6.11,"y":7.95},{"time":2.3333,"y":22.2}]},"puke2":{"translate":[{},{"time":1.1667,"x":-8.81,"y":3.2},{"time":2.3333}]}}},"animation2":{"slots":{"cm":{"color":[{"color":"ffffff00"}],"attachment":[{"name":"cm/cm_00000"},{"time":1.4667,"name":"cm/cm_00002"},{"time":1.5333,"name":"cm/cm_00004"},{"time":1.6,"name":"cm/cm_00006"},{"time":1.6667,"name":"cm/cm_00008"},{"time":1.7333,"name":"cm/cm_00010"},{"time":1.8,"name":"cm/cm_00012"},{"time":1.8667,"name":"cm/cm_00014"},{"time":1.9333,"name":"cm/cm_00016"},{"time":2,"name":"cm/cm_00018"},{"time":2.0667,"name":"cm/cm_00020"},{"time":2.1333,"name":"cm/cm_00022"},{"time":2.2,"name":"cm/cm_00024"},{"time":2.3333,"name":"cm/cm_00000"}]},"cm0":{"color":[{"color":"ffffff00"}]},"di":{"color":[{"color":"ffffff00"}]},"guang":{"color":[{"color":"ffffff00"}]},"hongtao":{"color":[{"color":"ffffff00"}]},"jb":{"color":[{"color":"ffffff00"}]},"puke1":{"color":[{"color":"ffffff00"}]},"puke2":{"color":[{"color":"ffffff00"}]}},"bones":{"cm":{"translate":[{"y":-23.23}]},"guang":{"translate":[{},{"time":1.1667,"y":4.29},{"time":2.3333}]},"hongtao":{"translate":[{},{"time":1.1667,"x":-3.43,"y":5.14},{"time":2.3333}]},"puke1":{"translate":[{},{"time":1.1667,"y":-4.81},{"time":2.3333}]},"puke2":{"translate":[{},{"time":1.1667,"x":-8.81,"y":3.2},{"time":2.3333}]}}}}},[0]]],0,0,[0],[-1],[0]]
