[1,["117lLR5AJPkq/0htwg0tM2@6c48a"],["_textureSource"],["cc.SpriteFrame"],0,[{"name":"small","rect":{"x":1,"y":0,"width":133,"height":39},"offset":{"x":0.5,"y":0},"originalSize":{"width":134,"height":39},"rotated":false,"capInsets":[0,0,0,0],"vertices":{"rawPosition":[-66.5,-19.5,0,66.5,-19.5,0,-66.5,19.5,0,66.5,19.5,0],"indexes":[0,1,2,2,1,3],"uv":[1,39,134,39,1,0,134,0],"nuv":[0.007462686567164179,0,1,0,0.007462686567164179,1,1,1],"minPos":{"x":-66.5,"y":-19.5,"z":0},"maxPos":{"x":66.5,"y":19.5,"z":0}},"packable":true,"pixelsToUnit":100,"pivot":{"x":0.5,"y":0.5},"meshType":0}],[0],0,[0],[0],[0]]
