[1,["25b9d956-8680-4d1e-8454-c98a9bccc77f","9d3948ca-8c6b-4f7e-8ebd-b768026de38a","5d9bbfcb-16ee-48f8-9b67-98d5b5845a21@6c48a","5cc957b2-50fa-4cc5-959a-ca1573c52f13@f9941","ceae8934-c887-406c-8ba2-66c5b4eddac4@f9941","7cbc624a-fa62-4a6f-a38f-fce7b64b5e72@f9941","a6a7447c-a2f8-4f16-8d03-0ce8870f0a61","0fa533f3-cc9e-4013-ad04-4a8b2be33ffd@f9941","52da647f-2f1f-4edb-bf3f-1cd59c341889@f9941"],["node","_spriteFrame","_skeletonData","_atlas","root","data","_font"],[["cc.Node",["_name","_active","_components","_prefab","_parent","_children","_lpos"],1,9,4,1,2,5],["cc.Sprite",["_sizeMode","_isTrimmedMode","node","__prefab","_spriteFrame","_atlas"],1,1,4,6,6],["cc.UITransform",["node","__prefab","_contentSize"],3,1,4,5],["cc.Widget",["_alignFlags","_originalWidth","_originalHeight","_top","_bottom","node","__prefab","_target"],-2,1,4,1],["sp.SkeletonData",["_name","_atlasText","textureNames","_skeletonJson","textures"],-1,3],["cc.Prefab",["_name"],2],["cc.CompPrefabInfo",["fileId"],2],["cc.PrefabInfo",["fileId","instance","targetOverrides","nestedPrefabInstanceRoots","root","asset"],-1,1,1],["cc.Layout",["_resizeMode","_layoutType","node","__prefab"],1,1,4],["cc.Label",["_string","_actualFontSize","_fontSize","_overflow","_isSystemFontUsed","node","__prefab","_font"],-2,1,4,6],["sp.Skeleton",["defaultSkin","defaultAnimation","_premultipliedAlpha","_preCacheMode","node","__prefab","_skeletonData"],-1,1,4,6]],[[6,0,2],[7,0,1,2,3,4,5,5],[2,0,1,2,1],[0,0,4,2,3,6,2],[10,0,1,2,3,4,5,6,5],[0,0,4,5,2,3,6,2],[2,0,1,1],[1,2,3,4,5,1],[4,0,1,2,3,4,5],[5,0,2],[0,0,5,2,3,2],[0,0,1,4,5,2,3,6,3],[0,0,4,2,3,2],[3,0,1,2,5,6,4],[3,0,3,4,1,2,5,6,7,6],[1,0,1,2,3,4,3],[1,0,2,3,4,5,2],[1,1,2,3,4,5,2],[8,0,1,2,3,3],[9,0,1,2,3,4,5,6,7,6]],[[[[8,"jiasukuang","\r\njiasukuang.png\r\nsize: 2048,1024\r\nformat: RGBA8888\r\nfilter: Linear,Linear\r\nrepeat: none\r\njiasukuang_1\r\n  rotate: false\r\n  xy: 266, 266\r\n  size: 262, 542\r\n  orig: 262, 542\r\n  offset: 0, 0\r\n  index: -1\r\njiasukuang_2\r\n  rotate: false\r\n  xy: 530, 266\r\n  size: 262, 542\r\n  orig: 262, 542\r\n  offset: 0, 0\r\n  index: -1\r\njiasukuang_3\r\n  rotate: true\r\n  xy: 2, 2\r\n  size: 262, 542\r\n  orig: 262, 542\r\n  offset: 0, 0\r\n  index: -1\r\njiasukuang_4\r\n  rotate: false\r\n  xy: 794, 266\r\n  size: 262, 542\r\n  orig: 262, 542\r\n  offset: 0, 0\r\n  index: -1\r\njiasukuang_5\r\n  rotate: false\r\n  xy: 1058, 266\r\n  size: 262, 542\r\n  orig: 262, 542\r\n  offset: 0, 0\r\n  index: -1\r\njiasukuang_6\r\n  rotate: true\r\n  xy: 546, 2\r\n  size: 262, 542\r\n  orig: 262, 542\r\n  offset: 0, 0\r\n  index: -1\r\njiasukuang_7\r\n  rotate: false\r\n  xy: 1322, 266\r\n  size: 262, 542\r\n  orig: 262, 542\r\n  offset: 0, 0\r\n  index: -1\r\njiasukuang_8\r\n  rotate: false\r\n  xy: 2, 266\r\n  size: 262, 542\r\n  orig: 262, 542\r\n  offset: 0, 0\r\n  index: -1\r\n",["jiasukuang.png"],{"skeleton":{"hash":"L6+aI534KZilDEp+Cr3ai18B2r8","spine":"3.8.99","x":-131,"y":-271,"width":262,"height":542,"images":"./加速框素材/","audio":""},"bones":[{"name":"root"}],"slots":[{"name":"asdw","bone":"root","attachment":"jiasukuang_8"}],"skins":[{"name":"default","attachments":{"asdw":{"jiasukuang_1":{"width":262,"height":542},"jiasukuang_2":{"width":262,"height":542},"jiasukuang_3":{"width":262,"height":542},"jiasukuang_4":{"width":262,"height":542},"jiasukuang_5":{"width":262,"height":542},"jiasukuang_6":{"width":262,"height":542},"jiasukuang_7":{"width":262,"height":542},"jiasukuang_8":{"width":262,"height":542}}}}],"animations":{"animation":{"slots":{"asdw":{"attachment":[{"name":"jiasukuang_1"},{"time":0.0667,"name":"jiasukuang_2"},{"time":0.1333,"name":"jiasukuang_3"},{"time":0.2,"name":"jiasukuang_4"},{"time":0.2667,"name":"jiasukuang_5"},{"time":0.3333,"name":"jiasukuang_6"},{"time":0.4,"name":"jiasukuang_7"},{"time":0.4667,"name":"jiasukuang_8"}]}}}}},[0]]],0,0,[0],[-1],[2]],[[[9,"prefab_fruits777_main"],[10,"prefab_fruits777_main",[-4,-5,-6,-7,-8],[[2,-2,[0,"5esQs0GXFOwZIdsQtD17LG"],[5,1334,750.0000000000001]],[13,45,100,100,-3,[0,"81OZuCwXdHqbu1Bw0Girdc"]]],[1,"c46/YsCPVOJYA4mWEpNYRx",null,null,null,-1,0]],[11,"node_smallGame_car",false,1,[-10,-11,-12,-13,-14],[[6,-9,[0,"6fH/h3MzpLOIgwx6WvEsw5"]]],[1,"b4VlbjF0lIhbkhTQV/Utaj",null,null,null,1,0],[1,0,-7,0]],[5,"node_roller",1,[-16,-17,-18],[[6,-15,[0,"99UzBk8y9GqbN30pbvLJ9D"]]],[1,"606amI+mtBBIRh8nBdYlAR",null,null,null,1,0],[1,0,18.225,0]],[12,"spr_fruits777_bg",1,[[2,-19,[0,"5aA4znDCRBdbk1IhrHCS+d"],[5,1334,750]],[15,0,false,-20,[0,"3aT0M0LoRFuJdBEI7ypTlG"],0],[14,40,-325,-325,1624,750,-21,[0,"a558JLstFIEYKqwuUDcKw2"],1]],[1,"38LWIgSLlGtZ6XlKuA7cjP",null,null,null,1,0]],[5,"spr_jackpot_title",1,[-24],[[2,-22,[0,"4aAYYxN9BANLCdZknIjduM"],[5,170,35]],[16,0,-23,[0,"16eKuhBy1HeKN+OyvFsvNw"],6,7]],[1,"59rQUuOhBOVJ4Si2npGcnd",null,null,null,1,0],[1,-174,251.774,0]],[3,"spr_roller_bg",3,[[2,-25,[0,"8cfWsoAT1G1oIiGyRSWbUu"],[5,851,458]],[17,false,-26,[0,"25AtV1jn5KSbdQbBcLO+4C"],1,2]],[1,"e8vdMF3cJBo709QAxiXJeU",null,null,null,1,0],[1,0,-25,0]],[3,"props_spr_roller_list",3,[[2,-27,[0,"b4dq4Lze5Fv7jfxpMBoMyB"],[5,0,458]],[18,1,1,-28,[0,"5fbIQrBRdGCq5Tyvz5O1yV"]]],[1,"97PHVyLt1F4IQ/Iy80R5Ck",null,null,null,1,0],[1,0,-25,0]],[3,"spr_roller_bgUp",3,[[2,-29,[0,"159KVW71BNpakwCn/4/JZE"],[5,1001,555]],[7,-30,[0,"3a4lQa6FFFh7eHCHaGSqIg"],3,4]],[1,"f8tLUjqFtIP7myup2ueZKF",null,null,null,1,0],[1,-3,6.891,0]],[3,"props_Label_jackpot_num",5,[[2,-31,[0,"370wOU+nZBqK2zh6iIb8d2"],[5,297.385,40]],[19,"1,000,000",26,26,2,false,-32,[0,"c8qEQbxrhJEIFmdDaHO+Lt"],5]],[1,"56v0wVVPpD+5EsVvh4Svt+",null,null,null,1,0],[1,255.126,0.874,0]],[3,"spr_main_lines",1,[[2,-33,[0,"e8FeipsFxOkLWrcyWo6VcM"],[5,435,384]],[7,-34,[0,"09BVbRdX1EBb4tEQqrHkhs"],8,9]],[1,"69qEDkPv9MKpodz+CLsbNZ",null,null,null,1,0],[1,540,250,0]],[3,"jiasukuang_1",2,[[2,-35,[0,"73xfje2AxEU5b0jVyADJti"],[5,262,542]],[4,"default","animation",false,0,-36,[0,"22DfhC88NBw4jxJ1pfHCXw"],10]],[1,"f6mjwrX7BG5ZxxE1F7enm4",null,null,null,1,0],[1,-338,-13,0]],[3,"jiasukuang_2",2,[[2,-37,[0,"fe2hgM411FhJwEzDVuIR8W"],[5,262,542]],[4,"default","animation",false,0,-38,[0,"dd5NsLeYBBp7J4AzizrR99"],11]],[1,"560QBZFxZCBIK6lOb/Ixv4",null,null,null,1,0],[1,-166,-13,0]],[3,"jiasukuang_3",2,[[2,-39,[0,"2c2mDfDytJYYfPMWGcUEzv"],[5,262,542]],[4,"default","animation",false,0,-40,[0,"e0E7zou/1Be7G5e1MUrtSK"],12]],[1,"34cf3jmhNHkLfHXvjCsiIc",null,null,null,1,0],[1,0,-13,0]],[3,"jiasukuang_4",2,[[2,-41,[0,"91iZaciBBFSZrljeioO6qQ"],[5,262,542]],[4,"default","animation",false,0,-42,[0,"c7nPGsezhEbqq850FoUUpf"],13]],[1,"17a7Da8HBAepWRIlukP4sw",null,null,null,1,0],[1,166,-13,0]],[3,"jiasukuang_5",2,[[2,-43,[0,"03GDSGUV9G5qh1G3ZSI2Q+"],[5,262,542]],[4,"default","animation",false,0,-44,[0,"2cyFgAGVBOcq/zpl3U5a+z"],14]],[1,"8cHsYks8ZBioqt81/3xzQQ",null,null,null,1,0],[1,338,-13,0]]],0,[0,4,1,0,0,1,0,0,1,0,-1,4,0,-2,3,0,-3,5,0,-4,10,0,-5,2,0,0,2,0,-1,11,0,-2,12,0,-3,13,0,-4,14,0,-5,15,0,0,3,0,-1,6,0,-2,7,0,-3,8,0,0,4,0,0,4,0,0,4,0,0,5,0,0,5,0,-1,9,0,0,6,0,0,6,0,0,7,0,0,7,0,0,8,0,0,8,0,0,9,0,0,9,0,0,10,0,0,10,0,0,11,0,0,11,0,0,12,0,0,12,0,0,13,0,0,13,0,0,14,0,0,14,0,0,15,0,0,15,0,5,1,44],[0,0,0,0,0,0,0,0,0,0,0,0,0,0,0],[1,1,3,1,3,6,1,3,1,3,2,2,2,2,2],[3,4,1,5,1,6,7,1,8,1,0,0,0,0,0]]]]
