[1,["49Op9iUd5C7og6ck0TXtGP@f9941","49Op9iUd5C7og6ck0TXtGP@6c48a"],["spriteFrame","_textureSource"],["cc.SpriteFrame",["cc.BitmapFont",["_name","fontSize","fntConfig"],0]],[[1,0,1,2,4]],[[[[0,"shuzi_xiazhujine",32,{"commonHeight":32,"fontSize":32,"atlasName":"shuzi_xiazhujine_0.png","fontDefDictionary":{"43":{"xOffset":-1,"yOffset":-1,"xAdvance":22,"rect":{"x":0,"y":0,"width":24,"height":29}},"44":{"xOffset":-1,"yOffset":-1,"xAdvance":10,"rect":{"x":0,"y":30,"width":12,"height":29}},"45":{"xOffset":-1,"yOffset":-1,"xAdvance":20,"rect":{"x":25,"y":0,"width":22,"height":29}},"48":{"xOffset":-1,"yOffset":-1,"xAdvance":18,"rect":{"x":48,"y":0,"width":20,"height":29}},"49":{"xOffset":-1,"yOffset":-1,"xAdvance":12,"rect":{"x":234,"y":0,"width":14,"height":29}},"50":{"xOffset":-1,"yOffset":-1,"xAdvance":18,"rect":{"x":69,"y":0,"width":20,"height":29}},"51":{"xOffset":-1,"yOffset":-1,"xAdvance":17,"rect":{"x":174,"y":0,"width":19,"height":29}},"52":{"xOffset":-1,"yOffset":-1,"xAdvance":18,"rect":{"x":90,"y":0,"width":20,"height":29}},"53":{"xOffset":-1,"yOffset":-1,"xAdvance":17,"rect":{"x":194,"y":0,"width":19,"height":29}},"54":{"xOffset":-1,"yOffset":-1,"xAdvance":18,"rect":{"x":111,"y":0,"width":20,"height":29}},"55":{"xOffset":-1,"yOffset":-1,"xAdvance":17,"rect":{"x":214,"y":0,"width":19,"height":29}},"56":{"xOffset":-1,"yOffset":-1,"xAdvance":18,"rect":{"x":132,"y":0,"width":20,"height":29}},"57":{"xOffset":-1,"yOffset":-1,"xAdvance":18,"rect":{"x":153,"y":0,"width":20,"height":29}}},"kerningDict":{}}]],0,0,[0],[0],[0]],[[{"name":"shuzi_xiazhujine_0","rect":{"x":1,"y":1,"width":246,"height":57},"offset":{"x":-4,"y":20.5},"originalSize":{"width":256,"height":100},"rotated":false,"capInsets":[0,0,0,0],"vertices":{"rawPosition":[-123,-28.5,0,123,-28.5,0,-123,28.5,0,123,28.5,0],"indexes":[0,1,2,2,1,3],"uv":[1,99,247,99,1,42,247,42],"nuv":[0.00390625,0.42,0.96484375,0.42,0.00390625,0.99,0.96484375,0.99],"minPos":{"x":-123,"y":-28.5,"z":0},"maxPos":{"x":123,"y":28.5,"z":0}},"packable":true,"pixelsToUnit":100,"pivot":{"x":0.5,"y":0.5},"meshType":0}],[0],0,[0],[1],[1]]]]
