[1,["c9nf0CFvtBm7s8aGpMG05t@f9941","09wvXyMXtDMqhytGQ6KOgX@f9941","05TXxurh9HzpwC3LeyzFgW@f9941","05TXxurh9HzpwC3LeyzFgW@6c48a","b7ndqMd1lEVrM1NgquywX4@6c48a","c9nf0CFvtBm7s8aGpMG05t@6c48a","damDcofAdKDZoVxE6KWY2B@6c48a","edWhE9QEZK45bJzEmE3gfI@6c48a","edWhE9QEZK45bJzEmE3gfI@f9941","damDcofAdKDZoVxE6KWY2B@f9941","b7ndqMd1lEVrM1NgquywX4@f9941","d8/ZwuztVE5ZUcXPY4SspJ@f9941"],["node","_spriteFrame","_textureSource","_normalSprite","_parent","root","togMusic","togSound","data"],["cc.SpriteFrame",["cc.Node",["_name","_layer","_components","_prefab","_children","_parent","_lpos"],1,9,4,2,1,5],["cc.Layout",["_resizeMode","_layoutType","_spacingX","_spacingY","_enabled","node","__prefab"],-2,1,4],["cc.Node",["_name","_layer","_active","_components","_prefab","_children","_lpos","_parent"],0,12,4,2,5,1],["cc.Sprite",["node","__prefab","_spriteFrame"],3,1,4,6],["cc.Prefab",["_name"],2],["cc.UITransform",["node","__prefab","_contentSize"],3,1,4,5],["cc.CompPrefabInfo",["fileId"],2],["cc.Widget",["_alignFlags","_originalWidth","_originalHeight","node","__prefab"],0,1,4],["11f42UH/Q9Kh4NHJ9rVtQaQ",["node","__prefab","togSound","togMusic"],3,1,4,1,1],["cc.PrefabInfo",["fileId","instance","targetOverrides","nestedPrefabInstanceRoots","root","asset"],-1,1,1],["cc.Button",["_transition","node","__prefab","clickEvents","_normalSprite"],2,1,4,9,6],["cc.ClickEvent",["_componentId","handler","target"],1,1],["cc.Toggle",["_isChecked","node","__prefab","_normalColor","_target","checkEvents","_checkMark"],2,1,4,5,1,9,1]],[[7,0,2],[6,0,1,2,1],[10,0,1,2,3,4,5,5],[4,0,1,2,1],[1,0,1,5,2,3,6,3],[1,0,1,5,4,2,3,6,3],[12,0,1,2,3],[3,0,1,5,3,4,6,3],[3,0,2,1,7,3,4,4],[4,0,1,1],[13,0,1,2,3,4,5,6,2],[5,0,2],[1,0,1,4,2,3,3],[1,0,1,5,4,2,3,3],[8,0,1,2,3,4,4],[9,0,1,2,3,1],[2,0,1,3,5,6,4],[2,0,1,2,5,6,4],[2,4,0,1,2,5,6,5],[11,0,1,2,3,4,2]],[[[{"name":"dl_hu_brn_shezhi_on","rect":{"x":0,"y":0,"width":208,"height":61},"offset":{"x":0,"y":0},"originalSize":{"width":208,"height":61},"rotated":false,"capInsets":[0,0,0,0],"vertices":{"rawPosition":[-104,-30.5,0,104,-30.5,0,-104,30.5,0,104,30.5,0],"indexes":[0,1,2,2,1,3],"uv":[0,61,208,61,0,0,208,0],"nuv":[0,0,1,0,0,1,1,1],"minPos":{"x":-104,"y":-30.5,"z":0},"maxPos":{"x":104,"y":30.5,"z":0}},"packable":true,"pixelsToUnit":100,"pivot":{"x":0.5,"y":0.5},"meshType":0}],[0],0,[0],[2],[3]],[[{"name":"SOUND","rect":{"x":0,"y":0,"width":142,"height":30},"offset":{"x":0,"y":0},"originalSize":{"width":142,"height":30},"rotated":false,"capInsets":[0,0,0,0],"vertices":{"rawPosition":[-71,-15,0,71,-15,0,-71,15,0,71,15,0],"indexes":[0,1,2,2,1,3],"uv":[0,30,142,30,0,0,142,0],"nuv":[0,0,1,0,0,1,1,1],"minPos":{"x":-71,"y":-15,"z":0},"maxPos":{"x":71,"y":15,"z":0}},"packable":true,"pixelsToUnit":100,"pivot":{"x":0.5,"y":0.5},"meshType":0}],[0],0,[0],[2],[4]],[[{"name":"dl_hu_brn_shezhi_off","rect":{"x":0,"y":0,"width":208,"height":61},"offset":{"x":0,"y":0},"originalSize":{"width":208,"height":61},"rotated":false,"capInsets":[0,0,0,0],"vertices":{"rawPosition":[-104,-30.5,0,104,-30.5,0,-104,30.5,0,104,30.5,0],"indexes":[0,1,2,2,1,3],"uv":[0,61,208,61,0,0,208,0],"nuv":[0,0,1,0,0,1,1,1],"minPos":{"x":-104,"y":-30.5,"z":0},"maxPos":{"x":104,"y":30.5,"z":0}},"packable":true,"pixelsToUnit":100,"pivot":{"x":0.5,"y":0.5},"meshType":0}],[0],0,[0],[2],[5]],[[{"name":"MUSIC","rect":{"x":0,"y":0,"width":130,"height":30},"offset":{"x":0,"y":0},"originalSize":{"width":130,"height":30},"rotated":false,"capInsets":[0,0,0,0],"vertices":{"rawPosition":[-65,-15,0,65,-15,0,-65,15,0,65,15,0],"indexes":[0,1,2,2,1,3],"uv":[0,30,130,30,0,0,130,0],"nuv":[0,0,1,0,0,1,1,1],"minPos":{"x":-65,"y":-15,"z":0},"maxPos":{"x":65,"y":15,"z":0}},"packable":true,"pixelsToUnit":100,"pivot":{"x":0.5,"y":0.5},"meshType":0}],[0],0,[0],[2],[6]],[[{"name":"zi_hu_setting","rect":{"x":0,"y":0,"width":238,"height":44},"offset":{"x":0,"y":0},"originalSize":{"width":238,"height":44},"rotated":false,"capInsets":[0,0,0,0],"vertices":{"rawPosition":[-119,-22,0,119,-22,0,-119,22,0,119,22,0],"indexes":[0,1,2,2,1,3],"uv":[0,44,238,44,0,0,238,0],"nuv":[0,0,1,0,0,1,1,1],"minPos":{"x":-119,"y":-22,"z":0},"maxPos":{"x":119,"y":22,"z":0}},"packable":true,"pixelsToUnit":100,"pivot":{"x":0.5,"y":0.5},"meshType":0}],[0],0,[0],[2],[7]],[[[11,"prefab_fortuneTiger_set"],[12,"prefab_fortuneTiger_set",33554432,[-7,-8],[[1,-2,[0,"77f4adfMFNAYaECHf8uLHq"],[5,750,1334]],[14,45,100,100,-3,[0,"ab+IE7vitMI4BFJGk4cgHM"]],[15,-6,[0,"38rasRMJ5DJYFaQ1XfqfzR"],-5,-4]],[2,"d4juWWYQ1AZbXktdq0ERaV",null,null,null,-1,0]],[7,"Toggle",33554432,[-12],[[[1,-9,[0,"9655h05g5ILbQqlD3eJ8Q1"],[5,208,61]],[3,-10,[0,"a5RQjSODVDeYtwZx+EbcKI"],2],-11],4,4,1],[2,"adU3Kt2lpGTIc5URpsi0IJ",null,null,null,1,0],[1,115,0,0]],[7,"Toggle",33554432,[-16],[[[1,-13,[0,"90aBle+cRDrYwvkQ4AKMOv"],[5,208,61]],[3,-14,[0,"6462/36U9F6avuRGa4LNNe"],4],-15],4,4,1],[2,"1asJOQQ2hGsLCR413PJj1N",null,null,null,1,0],[1,115,0,0]],[13,"bg_hu_tanchuang_3",33554432,1,[-19,-20],[[1,-17,[0,"c4PG2sNMhP+6rbD2MRIhD9"],[5,673,579]],[3,-18,[0,"e2v5RZKMxPE7BZRGUBs+ef"],5]],[2,"bd+NP1p7tN5K+gFNhFinND",null,null,null,1,0]],[5,"Node",33554432,4,[-23,-24],[[1,-21,[0,"bfYxS48ZdC77s4GCZYY4mq"],[5,500,220]],[16,1,2,100,-22,[0,"8eStB03URFx4GWqzQqjX1v"]]],[2,"0c6etKl/tAepodc3J1B5mN",null,null,null,1,0],[1,0,8.501,0]],[5,"Node",33554432,5,[-27,2],[[1,-25,[0,"707eoaj/tJMZl8X1SV3tE7"],[5,438,60]],[17,1,1,100,-26,[0,"4097o42rhF6IDt+Qi+zg1j"]]],[2,"27x0itPbVMQbh7lVQnTC8r",null,null,null,1,0],[1,0,80,0]],[5,"Node-001",33554432,5,[-30,3],[[1,-28,[0,"abluADZlhFlaO0sxI4ZzH7"],[5,438,60]],[18,false,1,1,100,-29,[0,"1cvvorP1dAto+LfRQULO54"]]],[2,"21CooN26hHIbmnBQMd6pSG",null,null,null,1,0],[1,0,-80,0]],[4,"btn_hu_backtogame",33554432,1,[[1,-31,[0,"deXQb++gJABbDnaROfFQ+j"],[5,252,70]],[3,-32,[0,"89EH1I8atKlZDmaFjF2P+c"],6],[19,3,-33,[0,"2crp5NjCtF7Lvg80KWtrtQ"],[[6,"11f42UH/Q9Kh4NHJ9rVtQaQ","closePop",1]],7]],[2,"deJVDZBxFHmJR9wmo72wNi",null,null,null,1,0],[1,0,-283.117,0]],[4,"zi_hu_setting",33554432,4,[[1,-34,[0,"25jpeI9FJHtqDZHHHI4TLi"],[5,238,44]],[3,-35,[0,"cbcgYRwD9BWbHrASHzxvJC"],0]],[2,"36P2z2/HNORKYKi7G7r69l",null,null,null,1,0],[1,0,240,0]],[4,"MUSIC",33554432,6,[[1,-36,[0,"1c5w+P2qVNPI74X+h/EHEU"],[5,130,30]],[3,-37,[0,"f1A8tNhptLyoXA5KIeurpY"],1]],[2,"5frMI+IJhKipg/5xcnLwrG",null,null,null,1,0],[1,-154,0,0]],[8,"Checkmark",false,33554432,2,[[[1,-38,[0,"c9W67J2nRP4oSDKuH4Pk5A"],[5,208,61]],-39],4,1],[2,"a00ZJFHAhHCptie1EBURHI",null,null,null,1,0]],[4,"MUSIC",33554432,7,[[1,-40,[0,"e7/rC4Wd9D5L6AGqJHnAlP"],[5,142,30]],[3,-41,[0,"42yahKCwdBGJFr4l0WReO7"],3]],[2,"8cVzdLHkZI9rb4k20Zh8tC",null,null,null,1,0],[1,-154,0,0]],[8,"Checkmark",false,33554432,3,[[[1,-42,[0,"7dFobIviJNNKh1dZ27Z3CM"],[5,208,61]],-43],4,1],[2,"79PQSHv3xABYK1SzujaU72",null,null,null,1,0]],[9,11,[0,"340IfyjzVBsZS6Bv0Ko7NQ"]],[10,false,2,[0,"6ejBc8S7lClrm0oVLULCae"],[4,4292269782],2,[[6,"11f42UH/Q9Kh4NHJ9rVtQaQ","touchMusic",1]],14],[9,13,[0,"31TIgYmaNAwp+kByIHLcLo"]],[10,false,3,[0,"45V9h4osRJNIxXTliST+JV"],[4,4292269782],3,[[6,"11f42UH/Q9Kh4NHJ9rVtQaQ","touchSound",1]],16]],0,[0,5,1,0,0,1,0,0,1,0,6,15,0,7,17,0,0,1,0,-1,4,0,-2,8,0,0,2,0,0,2,0,-3,15,0,-1,11,0,0,3,0,0,3,0,-3,17,0,-1,13,0,0,4,0,0,4,0,-1,9,0,-2,5,0,0,5,0,0,5,0,-1,6,0,-2,7,0,0,6,0,0,6,0,-1,10,0,0,7,0,0,7,0,-1,12,0,0,8,0,0,8,0,0,8,0,0,9,0,0,9,0,0,10,0,0,10,0,0,11,0,-2,14,0,0,12,0,0,12,0,0,13,0,-2,16,0,8,1,2,4,6,3,4,7,43],[0,0,0,0,0,0,0,0,14,15,16,17],[1,1,1,1,1,1,1,3,1,3,1,3],[8,9,0,10,0,11,1,1,2,0,2,0]]]]
