[1,["25M8YfVZhMQru8DZP2ZiyG@6c48a"],0,[["sp.SkeletonData",["_name","_atlasText","textureNames","_skeletonJson","textures"],-1,3]],[[0,0,1,2,3,4,5]],[[0,"jackpot_biaozhi","\r\njackpot_biaozhi.png\r\nsize: 512,128\r\nformat: RGBA8888\r\nfilter: Linear,Linear\r\nrepeat: none\r\n0\r\n  rotate: false\r\n  xy: 2, 37\r\n  size: 274, 88\r\n  orig: 274, 88\r\n  offset: 0, 0\r\n  index: -1\r\n13\r\n  rotate: false\r\n  xy: 2, 6\r\n  size: 178, 29\r\n  orig: 178, 29\r\n  offset: 0, 0\r\n  index: -1\r\njinbi\r\n  rotate: false\r\n  xy: 182, 2\r\n  size: 47, 33\r\n  orig: 47, 33\r\n  offset: 0, 0\r\n  index: -1\r\nlizi2\r\n  rotate: false\r\n  xy: 231, 22\r\n  size: 13, 13\r\n  orig: 13, 13\r\n  offset: 0, 0\r\n  index: -1\r\nstar\r\n  rotate: false\r\n  xy: 278, 61\r\n  size: 64, 64\r\n  orig: 64, 64\r\n  offset: 0, 0\r\n  index: -1\r\n",["jackpot_biaozhi.png"],{"skeleton":{"hash":"xEUkGOqdk9/6FsGyAjx7ngcFRCE","spine":"3.8.99","x":-167.64,"y":-12.45,"width":338.06,"height":115.88,"images":"./新建文件夹/","audio":""},"bones":[{"name":"root","x":1.39,"y":-0.39},{"name":"bone","parent":"root","x":-138.55,"y":-32.96},{"name":"lizi","parent":"bone","x":5.12,"y":78.41,"scaleX":0.5,"scaleY":0.5},{"name":"lizi2","parent":"bone","rotation":-107.63,"x":-8.1,"y":57.37,"scaleX":0.5,"scaleY":0.5},{"name":"lizi3","parent":"bone","x":32.14,"y":39.88,"scaleX":0.5,"scaleY":0.5},{"name":"lizi4","parent":"bone","x":12,"y":60.56,"scaleX":0.301,"scaleY":0.301},{"name":"lizi5","parent":"bone","x":9.82,"y":35.64,"scaleX":0.5,"scaleY":0.5},{"name":"lizi6","parent":"bone","rotation":-107.63,"x":-2.29,"y":23.95,"scaleX":0.301,"scaleY":0.301},{"name":"bone2","parent":"root","x":127.65,"y":-32.96},{"name":"lizi7","parent":"bone2","rotation":-107.63,"x":5.6,"y":92.24,"scaleX":0.5,"scaleY":0.5},{"name":"lizi8","parent":"bone2","rotation":-107.63,"x":-19.14,"y":44.28,"scaleX":0.5,"scaleY":0.5},{"name":"lizi9","parent":"bone2","x":-4.58,"y":74.13,"scaleX":0.5,"scaleY":0.5},{"name":"lizi10","parent":"bone2","x":17.43,"y":50.16,"scaleX":0.5,"scaleY":0.5},{"name":"lizi11","parent":"bone2","x":6.89,"y":60.46,"scaleX":0.301,"scaleY":0.301},{"name":"lizi12","parent":"bone2","x":5.31,"y":23.32,"scaleX":0.301,"scaleY":0.301},{"name":"bone3","parent":"root","x":5.94,"y":-30.67},{"name":"jinbidui","parent":"bone3","length":32.91,"rotation":90,"x":-6.6,"y":35.02},{"name":"bone4","parent":"bone3","x":-14.16,"y":256.46},{"name":"bone5","parent":"bone4","x":-53.35,"y":-69.93},{"name":"jinbi","parent":"bone5","rotation":-70.7,"x":42.59,"y":-33.41,"scaleX":0.827,"scaleY":-0.83},{"name":"jinbi2","parent":"bone5","rotation":-52.37,"x":71.46,"y":-12.56,"scaleX":0.709,"scaleY":0.709},{"name":"jinbi3","parent":"bone5","rotation":21.64,"x":92.6,"y":-40.48,"scaleX":0.794,"scaleY":0.794},{"name":"jinbi4","parent":"bone5","rotation":-42.3,"x":30.12,"y":-22.32,"scaleX":0.739,"scaleY":0.739},{"name":"jinbi5","parent":"bone5","rotation":-40.91,"x":100,"y":-22.8,"scaleX":0.935,"scaleY":0.935},{"name":"jinbi6","parent":"bone5","rotation":104.01,"x":39.86,"y":-32.77,"scaleX":0.795,"scaleY":0.795},{"name":"jinbi7","parent":"bone5","x":6.65,"y":-32.04},{"name":"jinbi8","parent":"bone5","rotation":3.84,"x":51.28,"y":-4.44,"scaleX":0.825,"scaleY":0.825},{"name":"jinbi9","parent":"bone5","rotation":-31.78,"x":62.06,"y":-30.19,"scaleX":0.62,"scaleY":0.62},{"name":"jinbi_00000","parent":"jinbidui","x":26.57,"y":-15.33},{"name":"star","parent":"jinbidui","x":29.07,"y":-2.45},{"name":"star2","parent":"jinbidui","rotation":-50.95,"x":19.88,"y":36.33}],"slots":[{"name":"bg","bone":"root","attachment":"0"},{"name":"13","bone":"root","attachment":"13"},{"name":"bj","bone":"root"},{"name":"lizi","bone":"lizi","attachment":"lizi2","blend":"additive"},{"name":"lizi7","bone":"lizi7","attachment":"lizi2","blend":"additive"},{"name":"lizi8","bone":"lizi8","attachment":"lizi2","blend":"additive"},{"name":"lizi2","bone":"lizi2","attachment":"lizi2","blend":"additive"},{"name":"lizi9","bone":"lizi9","attachment":"lizi2","blend":"additive"},{"name":"lizi10","bone":"lizi10","attachment":"lizi2","blend":"additive"},{"name":"lizi3","bone":"lizi3","attachment":"lizi2","blend":"additive"},{"name":"lizi11","bone":"lizi11","attachment":"lizi2","blend":"additive"},{"name":"lizi12","bone":"lizi12","attachment":"lizi2","blend":"additive"},{"name":"lizi4","bone":"lizi4","attachment":"lizi2","blend":"additive"},{"name":"lizi5","bone":"lizi5","attachment":"lizi2","blend":"additive"},{"name":"lizi6","bone":"lizi6","attachment":"lizi2","blend":"additive"},{"name":"bone4","bone":"bone4","attachment":"jinbi6"},{"name":"jinbi","bone":"jinbi","attachment":"jinbi"},{"name":"jinbi7","bone":"jinbi7","attachment":"jinbi"},{"name":"jinbi2","bone":"jinbi2","attachment":"jinbi"},{"name":"jinbi8","bone":"jinbi8","attachment":"jinbi"},{"name":"jinbi9","bone":"jinbi9","attachment":"jinbi"},{"name":"jinbi3","bone":"jinbi3","attachment":"jinbi"},{"name":"jinbi4","bone":"jinbi4","attachment":"jinbi"},{"name":"jinbi5","bone":"jinbi5","attachment":"jinbi"},{"name":"jinbi6","bone":"jinbi6"},{"name":"jinbidui","bone":"jinbidui"},{"name":"star","bone":"star","attachment":"star","blend":"additive"},{"name":"star2","bone":"star2","attachment":"star","blend":"additive"}],"skins":[{"name":"default","attachments":{"13":{"13":{"x":-1.87,"y":32.84,"scaleX":1.1147,"scaleY":1.1147,"width":178,"height":29}},"bg":{"0":{"y":48.84,"scaleX":1.2338,"scaleY":1.2338,"width":274,"height":88}},"bone4":{"jinbi6":{"type":"clipping","end":"jinbi6","vertexCount":4,"color":"ce3a3aff","vertices":[-201.31,-122.6,-179.3,-228.11,204.74,-225.11,259.08,-121.44]}},"jinbi":{"jinbi":{"x":2.92,"y":-0.68,"width":47,"height":33}},"jinbi2":{"jinbi":{"x":2.92,"y":-0.68,"width":47,"height":33}},"jinbi3":{"jinbi":{"x":2.92,"y":-0.68,"width":47,"height":33}},"jinbi4":{"jinbi":{"x":2.92,"y":-0.68,"width":47,"height":33}},"jinbi5":{"jinbi":{"x":2.92,"y":-0.68,"width":47,"height":33}},"jinbi6":{"jinbi":{"x":2.92,"y":-0.68,"width":47,"height":33}},"jinbi7":{"jinbi":{"x":2.92,"y":-0.68,"width":47,"height":33}},"jinbi8":{"jinbi":{"x":2.92,"y":-0.68,"width":47,"height":33}},"jinbi9":{"jinbi":{"x":2.92,"y":-0.68,"width":47,"height":33}},"lizi":{"lizi2":{"x":0.61,"y":-1.08,"rotation":-4.21,"width":13,"height":13}},"lizi2":{"lizi2":{"x":0.61,"y":-1.08,"rotation":-4.21,"width":13,"height":13}},"lizi3":{"lizi2":{"x":0.61,"y":-1.08,"rotation":-4.21,"width":13,"height":13}},"lizi4":{"lizi2":{"x":0.61,"y":-1.08,"rotation":-4.21,"width":13,"height":13}},"lizi5":{"lizi2":{"x":0.61,"y":-1.08,"rotation":-4.21,"width":13,"height":13}},"lizi6":{"lizi2":{"x":0.61,"y":-1.08,"rotation":-4.21,"width":13,"height":13}},"lizi7":{"lizi2":{"x":0.61,"y":-1.08,"rotation":-4.21,"width":13,"height":13}},"lizi8":{"lizi2":{"x":0.61,"y":-1.08,"rotation":-4.21,"width":13,"height":13}},"lizi9":{"lizi2":{"x":0.61,"y":-1.08,"rotation":-4.21,"width":13,"height":13}},"lizi10":{"lizi2":{"x":0.61,"y":-1.08,"rotation":-4.21,"width":13,"height":13}},"lizi11":{"lizi2":{"x":0.61,"y":-1.08,"rotation":-4.21,"width":13,"height":13}},"lizi12":{"lizi2":{"x":0.61,"y":-1.08,"rotation":-4.21,"width":13,"height":13}},"star":{"star":{"x":-0.79,"y":-0.21,"rotation":-90,"width":64,"height":64}},"star2":{"star":{"x":-0.79,"y":-0.21,"rotation":-90,"width":64,"height":64}}}}],"animations":{"jinbi":{"slots":{"jinbi":{"color":[{"color":"ffffff00"},{"time":0.2333,"color":"ffffffff","curve":"stepped"},{"time":0.7,"color":"ffffffff","curve":"stepped"},{"time":1,"color":"ffffff00"},{"time":1.2333,"color":"ffffffff","curve":"stepped"},{"time":1.7,"color":"ffffffff","curve":"stepped"},{"time":2,"color":"ffffff00"}]},"jinbi2":{"color":[{"color":"ffffffff","curve":"stepped"},{"time":0.2333,"color":"ffffff00","curve":0.25,"c3":0.75},{"time":0.4333,"color":"ffffffff","curve":"stepped"},{"time":1,"color":"ffffffff","curve":"stepped"},{"time":1.2333,"color":"ffffff00","curve":0.25,"c3":0.75},{"time":1.4333,"color":"ffffffff"}]},"jinbi3":{"color":[{"time":0.2333,"color":"ffffffff","curve":"stepped"},{"time":0.4333,"color":"ffffff00","curve":0.25,"c3":0.75},{"time":0.7,"color":"ffffffff","curve":"stepped"},{"time":1.2333,"color":"ffffffff","curve":"stepped"},{"time":1.4333,"color":"ffffff00","curve":0.25,"c3":0.75},{"time":1.7,"color":"ffffffff"}]},"jinbi4":{"color":[{"time":0.4333,"color":"ffffffff","curve":"stepped"},{"time":0.7,"color":"ffffff00"},{"time":1,"color":"ffffffff","curve":"stepped"},{"time":1.4333,"color":"ffffffff","curve":"stepped"},{"time":1.7,"color":"ffffff00"},{"time":2,"color":"ffffffff"}]},"jinbi5":{"color":[{"color":"ffffff00","curve":0.25,"c3":0.75},{"time":0.2333,"color":"ffffffff","curve":"stepped"},{"time":0.7,"color":"ffffffff","curve":"stepped"},{"time":1,"color":"ffffff00","curve":0.25,"c3":0.75},{"time":1.2333,"color":"ffffffff","curve":"stepped"},{"time":1.7,"color":"ffffffff","curve":"stepped"},{"time":2,"color":"ffffff00"}]},"jinbi6":{"color":[{"color":"ffffffff","curve":"stepped"},{"time":0.2333,"color":"ffffff00","curve":0.25,"c3":0.75},{"time":0.4333,"color":"ffffffff","curve":"stepped"},{"time":1,"color":"ffffffff","curve":"stepped"},{"time":1.2333,"color":"ffffff00","curve":0.25,"c3":0.75},{"time":1.4333,"color":"ffffffff"}]},"jinbi7":{"color":[{"time":0.2333,"color":"ffffffff","curve":"stepped"},{"time":0.4333,"color":"ffffff00","curve":0.25,"c3":0.75},{"time":0.7,"color":"ffffffff","curve":"stepped"},{"time":1.2333,"color":"ffffffff","curve":"stepped"},{"time":1.4333,"color":"ffffff00","curve":0.25,"c3":0.75},{"time":1.7,"color":"ffffffff"}]},"jinbi8":{"color":[{"time":0.2333,"color":"ffffffff","curve":"stepped"},{"time":0.5,"color":"ffffff00","curve":0.25,"c3":0.75},{"time":0.7,"color":"ffffffff","curve":"stepped"},{"time":1.2333,"color":"ffffffff","curve":"stepped"},{"time":1.5,"color":"ffffff00","curve":0.25,"c3":0.75},{"time":1.7,"color":"ffffffff"}]},"jinbi9":{"color":[{"time":0.5,"color":"ffffffff","curve":"stepped"},{"time":0.7333,"color":"ffffff00","curve":0.25,"c3":0.75},{"time":0.9333,"color":"ffffffff","curve":"stepped"},{"time":1.5,"color":"ffffffff","curve":"stepped"},{"time":1.7333,"color":"ffffff00","curve":0.25,"c3":0.75},{"time":1.9333,"color":"ffffffff"}]},"lizi":{"color":[{"color":"ffffff00"},{"time":0.1667,"color":"ffffffff"},{"time":1.8333,"color":"ffffff00"}],"attachment":[{"name":null},{"time":0.9333,"name":"lizi2"}]},"lizi2":{"color":[{"color":"ffffff1a"},{"time":0.1667,"color":"ffffff00","curve":"stepped"},{"time":0.3333,"color":"ffffff00"},{"time":0.5,"color":"ffffffff"},{"time":2,"color":"ffffff1a"}],"attachment":[{"name":null},{"time":0.9333,"name":"lizi2"}]},"lizi3":{"color":[{"color":"ffffff4d"},{"time":0.5,"color":"ffffff00","curve":"stepped"},{"time":0.6667,"color":"ffffff00"},{"time":0.8333,"color":"ffffffff"},{"time":2,"color":"ffffff4d"}],"attachment":[{"name":null},{"time":0.9333,"name":"lizi2"}]},"lizi4":{"color":[{"color":"ffffff7f"},{"time":0.8333,"color":"ffffff00","curve":"stepped"},{"time":1,"color":"ffffff00"},{"time":1.1667,"color":"ffffffff"},{"time":2,"color":"ffffff7f"}],"attachment":[{"name":null},{"time":0.9333,"name":"lizi2"}]},"lizi5":{"color":[{"color":"ffffffb2"},{"time":1.1667,"color":"ffffff00","curve":"stepped"},{"time":1.3333,"color":"ffffff00"},{"time":1.5,"color":"ffffffff"},{"time":2,"color":"ffffffb2"}],"attachment":[{"name":null},{"time":0.9333,"name":"lizi2"}]},"lizi6":{"color":[{"color":"ffffffe5"},{"time":1.5,"color":"ffffff00","curve":"stepped"},{"time":1.6667,"color":"ffffff00"},{"time":1.8333,"color":"ffffffff"},{"time":2,"color":"ffffffe5"}],"attachment":[{"name":null},{"time":0.9333,"name":"lizi2"}]},"lizi7":{"color":[{"color":"ffffff00"},{"time":0.1667,"color":"ffffffff"},{"time":1.8333,"color":"ffffff00"}],"attachment":[{"name":null},{"time":0.9333,"name":"lizi2"}]},"lizi8":{"color":[{"color":"ffffff1a"},{"time":0.1667,"color":"ffffff00","curve":"stepped"},{"time":0.3333,"color":"ffffff00"},{"time":0.5,"color":"ffffffff"},{"time":2,"color":"ffffff1a"}],"attachment":[{"name":null},{"time":0.9333,"name":"lizi2"}]},"lizi9":{"color":[{"color":"ffffff4d"},{"time":0.5,"color":"ffffff00","curve":"stepped"},{"time":0.6667,"color":"ffffff00"},{"time":0.8333,"color":"ffffffff"},{"time":2,"color":"ffffff4d"}],"attachment":[{"name":null},{"time":0.9333,"name":"lizi2"}]},"lizi10":{"color":[{"color":"ffffff7f"},{"time":0.8333,"color":"ffffff00","curve":"stepped"},{"time":1,"color":"ffffff00"},{"time":1.1667,"color":"ffffffff"},{"time":2,"color":"ffffff7f"}],"attachment":[{"name":null},{"time":0.9333,"name":"lizi2"}]},"lizi11":{"color":[{"color":"ffffffb2"},{"time":1.1667,"color":"ffffff00","curve":"stepped"},{"time":1.3333,"color":"ffffff00"},{"time":1.5,"color":"ffffffff"},{"time":2,"color":"ffffffb2"}],"attachment":[{"name":null},{"time":0.9333,"name":"lizi2"}]},"lizi12":{"color":[{"color":"ffffffe5"},{"time":1.5,"color":"ffffff00","curve":"stepped"},{"time":1.6667,"color":"ffffff00"},{"time":1.8333,"color":"ffffffff"},{"time":2,"color":"ffffffe5"}],"attachment":[{"name":null},{"time":0.9333,"name":"lizi2"}]},"star":{"color":[{"color":"ffffff00","curve":"stepped"},{"time":0.8333,"color":"ffffff00"},{"time":1,"color":"ffffffff","curve":"stepped"},{"time":1.1667,"color":"ffffffff"},{"time":1.5,"color":"ffffff00"}]},"star2":{"color":[{"color":"ffffff00","curve":"stepped"},{"time":0.5,"color":"ffffff00"},{"time":0.6667,"color":"ffffffff","curve":"stepped"},{"time":0.8333,"color":"ffffffff"},{"time":1.1667,"color":"ffffff00"}]}},"bones":{"jinbi":{"rotate":[{"curve":0.25,"c3":0.75},{"time":0.7,"angle":180,"curve":"stepped"},{"time":1,"curve":0.25,"c3":0.75},{"time":1.7,"angle":180,"curve":"stepped"},{"time":2}],"translate":[{"curve":0.25,"c3":0.75},{"time":0.7,"y":-124.1,"curve":"stepped"},{"time":1,"curve":0.25,"c3":0.75},{"time":1.7,"y":-124.1,"curve":"stepped"},{"time":2}]},"jinbi2":{"rotate":[{"angle":180,"curve":"stepped"},{"time":0.2333,"curve":0.25,"c3":0.75},{"time":1,"angle":180,"curve":"stepped"},{"time":1.2333,"curve":0.25,"c3":0.75},{"time":2,"angle":-115.8}],"translate":[{"y":-124.1,"curve":"stepped"},{"time":0.2333,"curve":0.25,"c3":0.75},{"time":1,"y":-124.1,"curve":"stepped"},{"time":1.2333,"curve":0.25,"c3":0.75},{"time":2,"y":-124.1}]},"jinbi3":{"rotate":[{"angle":-128.92,"curve":0.382,"c2":0.57,"c3":0.735},{"time":0.2333,"angle":180,"curve":"stepped"},{"time":0.4333,"curve":0.243,"c3":0.649,"c4":0.6},{"time":1,"angle":-128.92,"curve":0.382,"c2":0.57,"c3":0.735},{"time":1.2333,"angle":180,"curve":"stepped"},{"time":1.4333,"curve":0.243,"c3":0.649,"c4":0.6},{"time":2,"angle":-128.92}],"translate":[{"y":-88.88,"curve":0.382,"c2":0.57,"c3":0.735},{"time":0.2333,"y":-124.1,"curve":"stepped"},{"time":0.4333,"curve":0.243,"c3":0.649,"c4":0.6},{"time":1,"y":-88.88,"curve":0.382,"c2":0.57,"c3":0.735},{"time":1.2333,"y":-124.1,"curve":"stepped"},{"time":1.4333,"curve":0.243,"c3":0.649,"c4":0.6},{"time":2,"y":-88.88}]},"jinbi4":{"rotate":[{"angle":76.99,"curve":0.351,"c2":0.4,"c3":0.757},{"time":0.4333,"angle":180,"curve":"stepped"},{"time":0.7,"curve":0.265,"c3":0.618,"c4":0.43},{"time":1,"angle":76.99,"curve":0.351,"c2":0.4,"c3":0.757},{"time":1.4333,"angle":180,"curve":"stepped"},{"time":1.7,"curve":0.265,"c3":0.618,"c4":0.43},{"time":2,"angle":76.99}],"translate":[{"y":-35.22,"curve":0.351,"c2":0.4,"c3":0.757},{"time":0.4333,"y":-124.1,"curve":"stepped"},{"time":0.7,"curve":0.265,"c3":0.618,"c4":0.43},{"time":1,"y":-35.22,"curve":0.351,"c2":0.4,"c3":0.757},{"time":1.4333,"y":-124.1,"curve":"stepped"},{"time":1.7,"curve":0.265,"c3":0.618,"c4":0.43},{"time":2,"y":-35.22}]},"jinbi5":{"rotate":[{"curve":0.25,"c3":0.75},{"time":0.7,"angle":180,"curve":"stepped"},{"time":1,"curve":0.25,"c3":0.75},{"time":1.7,"angle":180,"curve":"stepped"},{"time":2}],"translate":[{"curve":0.25,"c3":0.75},{"time":0.7,"y":-124.1,"curve":"stepped"},{"time":1,"curve":0.25,"c3":0.75},{"time":1.7,"y":-124.1,"curve":"stepped"},{"time":2}]},"jinbi6":{"rotate":[{"angle":180,"curve":"stepped"},{"time":0.2333,"curve":0.25,"c3":0.75},{"time":1,"angle":180,"curve":"stepped"},{"time":1.2333,"curve":0.25,"c3":0.75},{"time":2,"angle":180}],"translate":[{"y":-124.1,"curve":"stepped"},{"time":0.2333,"curve":0.25,"c3":0.75},{"time":1,"y":-124.1,"curve":"stepped"},{"time":1.2333,"curve":0.25,"c3":0.75},{"time":2,"y":-124.1}]},"jinbi7":{"rotate":[{"angle":-100.07,"curve":0.346,"c2":0.37,"c3":0.688,"c4":0.74},{"time":0.2333,"angle":-155.89,"curve":"stepped"},{"time":0.4333,"curve":0.248,"c3":0.628,"c4":0.51},{"time":1,"angle":-100.07,"curve":0.346,"c2":0.37,"c3":0.688,"c4":0.74},{"time":1.2333,"angle":-155.89,"curve":"stepped"},{"time":1.4333,"curve":0.248,"c3":0.628,"c4":0.51},{"time":2,"angle":-100.07}],"translate":[{"y":-100.36,"curve":0.382,"c2":0.58,"c3":0.733},{"time":0.2333,"y":-136.53,"curve":"stepped"},{"time":0.4333,"curve":0.243,"c3":0.652,"c4":0.61},{"time":1,"y":-100.36,"curve":0.382,"c2":0.58,"c3":0.733},{"time":1.2333,"y":-136.53,"curve":"stepped"},{"time":1.4333,"curve":0.243,"c3":0.652,"c4":0.61},{"time":2,"y":-100.36}]},"jinbi8":{"rotate":[{"angle":-128.92,"curve":0.382,"c2":0.57,"c3":0.735},{"time":0.2333,"angle":180,"curve":"stepped"},{"time":0.5,"curve":0.243,"c3":0.649,"c4":0.6},{"time":1,"angle":-128.92,"curve":0.382,"c2":0.57,"c3":0.735},{"time":1.2333,"angle":180,"curve":"stepped"},{"time":1.5,"curve":0.243,"c3":0.649,"c4":0.6},{"time":2,"angle":-128.92}],"translate":[{"y":-88.88,"curve":0.382,"c2":0.57,"c3":0.735},{"time":0.2333,"y":-124.1,"curve":"stepped"},{"time":0.5,"curve":0.243,"c3":0.649,"c4":0.6},{"time":1,"y":-88.88,"curve":0.382,"c2":0.57,"c3":0.735},{"time":1.2333,"y":-124.1,"curve":"stepped"},{"time":1.5,"curve":0.243,"c3":0.649,"c4":0.6},{"time":2,"y":-88.88}]},"jinbi9":{"rotate":[{"angle":-51.08,"curve":0.351,"c2":0.4,"c3":0.757},{"time":0.5,"angle":180,"curve":"stepped"},{"time":0.7333,"curve":0.265,"c3":0.618,"c4":0.43},{"time":1,"angle":-51.08,"curve":0.351,"c2":0.4,"c3":0.757},{"time":1.5,"angle":180,"curve":"stepped"},{"time":1.7333,"curve":0.265,"c3":0.618,"c4":0.43},{"time":2,"angle":-51.08}],"translate":[{"y":-35.22,"curve":0.351,"c2":0.4,"c3":0.757},{"time":0.5,"y":-124.1,"curve":"stepped"},{"time":0.7333,"curve":0.265,"c3":0.618,"c4":0.43},{"time":1,"y":-35.22,"curve":0.351,"c2":0.4,"c3":0.757},{"time":1.5,"y":-124.1,"curve":"stepped"},{"time":1.7333,"curve":0.265,"c3":0.618,"c4":0.43},{"time":2,"y":-35.22}]},"lizi":{"rotate":[{},{"time":1.8333,"angle":-58.24,"curve":"stepped"},{"time":2}],"translate":[{},{"time":1.8333,"y":59.69,"curve":"stepped"},{"time":2}],"scale":[{},{"time":1.8333,"x":0.558,"y":0.558,"curve":"stepped"},{"time":2}]},"lizi2":{"rotate":[{"angle":-52.94},{"time":0.1667,"angle":-58.24,"curve":"stepped"},{"time":0.3333},{"time":2,"angle":-52.94}],"translate":[{"y":54.26},{"time":0.1667,"y":59.69,"curve":"stepped"},{"time":0.3333},{"time":2,"y":54.26}],"scale":[{"x":0.598,"y":0.598},{"time":0.1667,"x":0.558,"y":0.558,"curve":"stepped"},{"time":0.3333},{"time":2,"x":0.598,"y":0.598}]},"lizi3":{"rotate":[{"angle":-42.35},{"time":0.5,"angle":-58.24,"curve":"stepped"},{"time":0.6667},{"time":2,"angle":-42.35}],"translate":[{"y":43.41},{"time":0.5,"y":59.69,"curve":"stepped"},{"time":0.6667},{"time":2,"y":43.41}],"scale":[{"x":0.679,"y":0.679},{"time":0.5,"x":0.558,"y":0.558,"curve":"stepped"},{"time":0.6667},{"time":2,"x":0.679,"y":0.679}]},"lizi4":{"rotate":[{"angle":-31.77},{"time":0.8333,"angle":-58.24,"curve":"stepped"},{"time":1},{"time":2,"angle":-31.77}],"translate":[{"y":32.56},{"time":0.8333,"y":59.69,"curve":"stepped"},{"time":1},{"time":2,"y":32.56}],"scale":[{"x":0.759,"y":0.759},{"time":0.8333,"x":0.558,"y":0.558,"curve":"stepped"},{"time":1},{"time":2,"x":0.759,"y":0.759}]},"lizi5":{"rotate":[{"angle":-21.18},{"time":1.1667,"angle":-58.24,"curve":"stepped"},{"time":1.3333},{"time":2,"angle":-21.18}],"translate":[{"y":21.71},{"time":1.1667,"y":59.69,"curve":"stepped"},{"time":1.3333},{"time":2,"y":21.71}],"scale":[{"x":0.839,"y":0.839},{"time":1.1667,"x":0.558,"y":0.558,"curve":"stepped"},{"time":1.3333},{"time":2,"x":0.839,"y":0.839}]},"lizi6":{"rotate":[{"angle":-10.59},{"time":1.5,"angle":-58.24,"curve":"stepped"},{"time":1.6667},{"time":2,"angle":-10.59}],"translate":[{"y":10.85},{"time":1.5,"y":59.69,"curve":"stepped"},{"time":1.6667},{"time":2,"y":10.85}],"scale":[{"x":0.92,"y":0.92},{"time":1.5,"x":0.558,"y":0.558,"curve":"stepped"},{"time":1.6667},{"time":2,"x":0.92,"y":0.92}]},"lizi7":{"rotate":[{},{"time":1.8333,"angle":-58.24,"curve":"stepped"},{"time":2}],"translate":[{},{"time":1.8333,"y":59.69,"curve":"stepped"},{"time":2}],"scale":[{},{"time":1.8333,"x":0.558,"y":0.558,"curve":"stepped"},{"time":2}]},"lizi8":{"rotate":[{"angle":-52.94},{"time":0.1667,"angle":-58.24,"curve":"stepped"},{"time":0.3333},{"time":2,"angle":-52.94}],"translate":[{"y":54.26},{"time":0.1667,"y":59.69,"curve":"stepped"},{"time":0.3333},{"time":2,"y":54.26}],"scale":[{"x":0.598,"y":0.598},{"time":0.1667,"x":0.558,"y":0.558,"curve":"stepped"},{"time":0.3333},{"time":2,"x":0.598,"y":0.598}]},"lizi9":{"rotate":[{"angle":-42.35},{"time":0.5,"angle":-58.24,"curve":"stepped"},{"time":0.6667},{"time":2,"angle":-42.35}],"translate":[{"y":43.41},{"time":0.5,"y":59.69,"curve":"stepped"},{"time":0.6667},{"time":2,"y":43.41}],"scale":[{"x":0.679,"y":0.679},{"time":0.5,"x":0.558,"y":0.558,"curve":"stepped"},{"time":0.6667},{"time":2,"x":0.679,"y":0.679}]},"lizi10":{"rotate":[{"angle":-31.77},{"time":0.8333,"angle":-58.24,"curve":"stepped"},{"time":1},{"time":2,"angle":-31.77}],"translate":[{"y":32.56},{"time":0.8333,"y":59.69,"curve":"stepped"},{"time":1},{"time":2,"y":32.56}],"scale":[{"x":0.759,"y":0.759},{"time":0.8333,"x":0.558,"y":0.558,"curve":"stepped"},{"time":1},{"time":2,"x":0.759,"y":0.759}]},"lizi11":{"rotate":[{"angle":-21.18},{"time":1.1667,"angle":-58.24,"curve":"stepped"},{"time":1.3333},{"time":2,"angle":-21.18}],"translate":[{"y":21.71},{"time":1.1667,"y":59.69,"curve":"stepped"},{"time":1.3333},{"time":2,"y":21.71}],"scale":[{"x":0.839,"y":0.839},{"time":1.1667,"x":0.558,"y":0.558,"curve":"stepped"},{"time":1.3333},{"time":2,"x":0.839,"y":0.839}]},"lizi12":{"rotate":[{"angle":-10.59},{"time":1.5,"angle":-58.24,"curve":"stepped"},{"time":1.6667},{"time":2,"angle":-10.59}],"translate":[{"y":10.85},{"time":1.5,"y":59.69,"curve":"stepped"},{"time":1.6667},{"time":2,"y":10.85}],"scale":[{"x":0.92,"y":0.92},{"time":1.5,"x":0.558,"y":0.558,"curve":"stepped"},{"time":1.6667},{"time":2,"x":0.92,"y":0.92}]},"star":{"rotate":[{"time":0.8333},{"time":1.5,"angle":-33.91}],"scale":[{},{"time":0.8333,"x":0.662,"y":0.662},{"time":1.5}]},"star2":{"rotate":[{"time":0.5},{"time":1.1667,"angle":-33.91}],"scale":[{},{"time":0.5,"x":0.662,"y":0.662},{"time":1.1667}]}},"deform":{"default":{"bone4":{"jinbi6":[{"vertices":[39.80708,-23.4149,15.80302,4.6351,-17.8159,-0.23213,-68.62506,-28.64989]}]}}}},"lizi":{"slots":{"bone4":{"attachment":[{"name":null}]},"jinbi":{"color":[{"color":"ffffff00"},{"time":0.2333,"color":"ffffffff","curve":"stepped"},{"time":0.7,"color":"ffffffff","curve":"stepped"},{"time":1,"color":"ffffff00"},{"time":1.2333,"color":"ffffffff","curve":"stepped"},{"time":1.7,"color":"ffffffff","curve":"stepped"},{"time":2,"color":"ffffff00"}],"attachment":[{"name":null}]},"jinbi2":{"color":[{"color":"ffffffff","curve":"stepped"},{"time":0.2333,"color":"ffffff00","curve":0.25,"c3":0.75},{"time":0.4333,"color":"ffffffff","curve":"stepped"},{"time":1,"color":"ffffffff","curve":"stepped"},{"time":1.2333,"color":"ffffff00","curve":0.25,"c3":0.75},{"time":1.4333,"color":"ffffffff"}],"attachment":[{"name":null}]},"jinbi3":{"color":[{"time":0.2333,"color":"ffffffff","curve":"stepped"},{"time":0.4333,"color":"ffffff00","curve":0.25,"c3":0.75},{"time":0.7,"color":"ffffffff","curve":"stepped"},{"time":1.2333,"color":"ffffffff","curve":"stepped"},{"time":1.4333,"color":"ffffff00","curve":0.25,"c3":0.75},{"time":1.7,"color":"ffffffff"}],"attachment":[{"name":null}]},"jinbi4":{"color":[{"time":0.4333,"color":"ffffffff","curve":"stepped"},{"time":0.7,"color":"ffffff00"},{"time":1,"color":"ffffffff","curve":"stepped"},{"time":1.4333,"color":"ffffffff","curve":"stepped"},{"time":1.7,"color":"ffffff00"},{"time":2,"color":"ffffffff"}],"attachment":[{"name":null}]},"jinbi5":{"color":[{"color":"ffffff00","curve":0.25,"c3":0.75},{"time":0.2333,"color":"ffffffff","curve":"stepped"},{"time":0.7,"color":"ffffffff","curve":"stepped"},{"time":1,"color":"ffffff00","curve":0.25,"c3":0.75},{"time":1.2333,"color":"ffffffff","curve":"stepped"},{"time":1.7,"color":"ffffffff","curve":"stepped"},{"time":2,"color":"ffffff00"}],"attachment":[{"name":null}]},"jinbi6":{"color":[{"color":"ffffffff","curve":"stepped"},{"time":0.2333,"color":"ffffff00","curve":0.25,"c3":0.75},{"time":0.4333,"color":"ffffffff","curve":"stepped"},{"time":1,"color":"ffffffff","curve":"stepped"},{"time":1.2333,"color":"ffffff00","curve":0.25,"c3":0.75},{"time":1.4333,"color":"ffffffff"}]},"jinbi7":{"color":[{"time":0.2333,"color":"ffffffff","curve":"stepped"},{"time":0.4333,"color":"ffffff00","curve":0.25,"c3":0.75},{"time":0.7,"color":"ffffffff","curve":"stepped"},{"time":1.2333,"color":"ffffffff","curve":"stepped"},{"time":1.4333,"color":"ffffff00","curve":0.25,"c3":0.75},{"time":1.7,"color":"ffffffff"}],"attachment":[{"name":null}]},"jinbi8":{"color":[{"time":0.2333,"color":"ffffffff","curve":"stepped"},{"time":0.5,"color":"ffffff00","curve":0.25,"c3":0.75},{"time":0.7,"color":"ffffffff","curve":"stepped"},{"time":1.2333,"color":"ffffffff","curve":"stepped"},{"time":1.5,"color":"ffffff00","curve":0.25,"c3":0.75},{"time":1.7,"color":"ffffffff"}],"attachment":[{"name":null}]},"jinbi9":{"color":[{"time":0.5,"color":"ffffffff","curve":"stepped"},{"time":0.7333,"color":"ffffff00","curve":0.25,"c3":0.75},{"time":0.9333,"color":"ffffffff","curve":"stepped"},{"time":1.5,"color":"ffffffff","curve":"stepped"},{"time":1.7333,"color":"ffffff00","curve":0.25,"c3":0.75},{"time":1.9333,"color":"ffffffff"}],"attachment":[{"name":null}]},"lizi":{"color":[{"color":"ffffff00"},{"time":0.1667,"color":"ffffffff"},{"time":1.8333,"color":"ffffff00"}]},"lizi2":{"color":[{"color":"ffffff1a"},{"time":0.1667,"color":"ffffff00","curve":"stepped"},{"time":0.3333,"color":"ffffff00"},{"time":0.5,"color":"ffffffff"},{"time":2,"color":"ffffff1a"}]},"lizi3":{"color":[{"color":"ffffff4d"},{"time":0.5,"color":"ffffff00","curve":"stepped"},{"time":0.6667,"color":"ffffff00"},{"time":0.8333,"color":"ffffffff"},{"time":2,"color":"ffffff4d"}]},"lizi4":{"color":[{"color":"ffffff7f"},{"time":0.8333,"color":"ffffff00","curve":"stepped"},{"time":1,"color":"ffffff00"},{"time":1.1667,"color":"ffffffff"},{"time":2,"color":"ffffff7f"}]},"lizi5":{"color":[{"color":"ffffffb2"},{"time":1.1667,"color":"ffffff00","curve":"stepped"},{"time":1.3333,"color":"ffffff00"},{"time":1.5,"color":"ffffffff"},{"time":2,"color":"ffffffb2"}]},"lizi6":{"color":[{"color":"ffffffe5"},{"time":1.5,"color":"ffffff00","curve":"stepped"},{"time":1.6667,"color":"ffffff00"},{"time":1.8333,"color":"ffffffff"},{"time":2,"color":"ffffffe5"}]},"lizi7":{"color":[{"color":"ffffff00"},{"time":0.1667,"color":"ffffffff"},{"time":1.8333,"color":"ffffff00"}]},"lizi8":{"color":[{"color":"ffffff1a"},{"time":0.1667,"color":"ffffff00","curve":"stepped"},{"time":0.3333,"color":"ffffff00"},{"time":0.5,"color":"ffffffff"},{"time":2,"color":"ffffff1a"}]},"lizi9":{"color":[{"color":"ffffff4d"},{"time":0.5,"color":"ffffff00","curve":"stepped"},{"time":0.6667,"color":"ffffff00"},{"time":0.8333,"color":"ffffffff"},{"time":2,"color":"ffffff4d"}]},"lizi10":{"color":[{"color":"ffffff7f"},{"time":0.8333,"color":"ffffff00","curve":"stepped"},{"time":1,"color":"ffffff00"},{"time":1.1667,"color":"ffffffff"},{"time":2,"color":"ffffff7f"}]},"lizi11":{"color":[{"color":"ffffffb2"},{"time":1.1667,"color":"ffffff00","curve":"stepped"},{"time":1.3333,"color":"ffffff00"},{"time":1.5,"color":"ffffffff"},{"time":2,"color":"ffffffb2"}]},"lizi12":{"color":[{"color":"ffffffe5"},{"time":1.5,"color":"ffffff00","curve":"stepped"},{"time":1.6667,"color":"ffffff00"},{"time":1.8333,"color":"ffffffff"},{"time":2,"color":"ffffffe5"}]},"star":{"color":[{"color":"ffffff00","curve":"stepped"},{"time":0.8333,"color":"ffffff00"},{"time":1,"color":"ffffffff","curve":"stepped"},{"time":1.1667,"color":"ffffffff"},{"time":1.5,"color":"ffffff00"}],"attachment":[{"name":null}]},"star2":{"color":[{"color":"ffffff00","curve":"stepped"},{"time":0.5,"color":"ffffff00"},{"time":0.6667,"color":"ffffffff","curve":"stepped"},{"time":0.8333,"color":"ffffffff"},{"time":1.1667,"color":"ffffff00"}],"attachment":[{"name":null}]}},"bones":{"jinbi":{"rotate":[{"curve":0.25,"c3":0.75},{"time":0.7,"angle":180,"curve":"stepped"},{"time":1,"curve":0.25,"c3":0.75},{"time":1.7,"angle":180,"curve":"stepped"},{"time":2}],"translate":[{"curve":0.25,"c3":0.75},{"time":0.7,"y":-124.1,"curve":"stepped"},{"time":1,"curve":0.25,"c3":0.75},{"time":1.7,"y":-124.1,"curve":"stepped"},{"time":2}]},"jinbi2":{"rotate":[{"angle":180,"curve":"stepped"},{"time":0.2333,"curve":0.25,"c3":0.75},{"time":1,"angle":180,"curve":"stepped"},{"time":1.2333,"curve":0.25,"c3":0.75},{"time":2,"angle":-115.8}],"translate":[{"y":-124.1,"curve":"stepped"},{"time":0.2333,"curve":0.25,"c3":0.75},{"time":1,"y":-124.1,"curve":"stepped"},{"time":1.2333,"curve":0.25,"c3":0.75},{"time":2,"y":-124.1}]},"jinbi3":{"rotate":[{"angle":-128.92,"curve":0.382,"c2":0.57,"c3":0.735},{"time":0.2333,"angle":180,"curve":"stepped"},{"time":0.4333,"curve":0.243,"c3":0.649,"c4":0.6},{"time":1,"angle":-128.92,"curve":0.382,"c2":0.57,"c3":0.735},{"time":1.2333,"angle":180,"curve":"stepped"},{"time":1.4333,"curve":0.243,"c3":0.649,"c4":0.6},{"time":2,"angle":-128.92}],"translate":[{"y":-88.88,"curve":0.382,"c2":0.57,"c3":0.735},{"time":0.2333,"y":-124.1,"curve":"stepped"},{"time":0.4333,"curve":0.243,"c3":0.649,"c4":0.6},{"time":1,"y":-88.88,"curve":0.382,"c2":0.57,"c3":0.735},{"time":1.2333,"y":-124.1,"curve":"stepped"},{"time":1.4333,"curve":0.243,"c3":0.649,"c4":0.6},{"time":2,"y":-88.88}]},"jinbi4":{"rotate":[{"angle":76.99,"curve":0.351,"c2":0.4,"c3":0.757},{"time":0.4333,"angle":180,"curve":"stepped"},{"time":0.7,"curve":0.265,"c3":0.618,"c4":0.43},{"time":1,"angle":76.99,"curve":0.351,"c2":0.4,"c3":0.757},{"time":1.4333,"angle":180,"curve":"stepped"},{"time":1.7,"curve":0.265,"c3":0.618,"c4":0.43},{"time":2,"angle":76.99}],"translate":[{"y":-35.22,"curve":0.351,"c2":0.4,"c3":0.757},{"time":0.4333,"y":-124.1,"curve":"stepped"},{"time":0.7,"curve":0.265,"c3":0.618,"c4":0.43},{"time":1,"y":-35.22,"curve":0.351,"c2":0.4,"c3":0.757},{"time":1.4333,"y":-124.1,"curve":"stepped"},{"time":1.7,"curve":0.265,"c3":0.618,"c4":0.43},{"time":2,"y":-35.22}]},"jinbi5":{"rotate":[{"curve":0.25,"c3":0.75},{"time":0.7,"angle":180,"curve":"stepped"},{"time":1,"curve":0.25,"c3":0.75},{"time":1.7,"angle":180,"curve":"stepped"},{"time":2}],"translate":[{"curve":0.25,"c3":0.75},{"time":0.7,"y":-124.1,"curve":"stepped"},{"time":1,"curve":0.25,"c3":0.75},{"time":1.7,"y":-124.1,"curve":"stepped"},{"time":2}]},"jinbi6":{"rotate":[{"angle":180,"curve":"stepped"},{"time":0.2333,"curve":0.25,"c3":0.75},{"time":1,"angle":180,"curve":"stepped"},{"time":1.2333,"curve":0.25,"c3":0.75},{"time":2,"angle":180}],"translate":[{"y":-124.1,"curve":"stepped"},{"time":0.2333,"curve":0.25,"c3":0.75},{"time":1,"y":-124.1,"curve":"stepped"},{"time":1.2333,"curve":0.25,"c3":0.75},{"time":2,"y":-124.1}]},"jinbi7":{"rotate":[{"angle":-100.07,"curve":0.346,"c2":0.37,"c3":0.688,"c4":0.74},{"time":0.2333,"angle":-155.89,"curve":"stepped"},{"time":0.4333,"curve":0.248,"c3":0.628,"c4":0.51},{"time":1,"angle":-100.07,"curve":0.346,"c2":0.37,"c3":0.688,"c4":0.74},{"time":1.2333,"angle":-155.89,"curve":"stepped"},{"time":1.4333,"curve":0.248,"c3":0.628,"c4":0.51},{"time":2,"angle":-100.07}],"translate":[{"y":-100.36,"curve":0.382,"c2":0.58,"c3":0.733},{"time":0.2333,"y":-136.53,"curve":"stepped"},{"time":0.4333,"curve":0.243,"c3":0.652,"c4":0.61},{"time":1,"y":-100.36,"curve":0.382,"c2":0.58,"c3":0.733},{"time":1.2333,"y":-136.53,"curve":"stepped"},{"time":1.4333,"curve":0.243,"c3":0.652,"c4":0.61},{"time":2,"y":-100.36}]},"jinbi8":{"rotate":[{"angle":-128.92,"curve":0.382,"c2":0.57,"c3":0.735},{"time":0.2333,"angle":180,"curve":"stepped"},{"time":0.5,"curve":0.243,"c3":0.649,"c4":0.6},{"time":1,"angle":-128.92,"curve":0.382,"c2":0.57,"c3":0.735},{"time":1.2333,"angle":180,"curve":"stepped"},{"time":1.5,"curve":0.243,"c3":0.649,"c4":0.6},{"time":2,"angle":-128.92}],"translate":[{"y":-88.88,"curve":0.382,"c2":0.57,"c3":0.735},{"time":0.2333,"y":-124.1,"curve":"stepped"},{"time":0.5,"curve":0.243,"c3":0.649,"c4":0.6},{"time":1,"y":-88.88,"curve":0.382,"c2":0.57,"c3":0.735},{"time":1.2333,"y":-124.1,"curve":"stepped"},{"time":1.5,"curve":0.243,"c3":0.649,"c4":0.6},{"time":2,"y":-88.88}]},"jinbi9":{"rotate":[{"angle":-51.08,"curve":0.351,"c2":0.4,"c3":0.757},{"time":0.5,"angle":180,"curve":"stepped"},{"time":0.7333,"curve":0.265,"c3":0.618,"c4":0.43},{"time":1,"angle":-51.08,"curve":0.351,"c2":0.4,"c3":0.757},{"time":1.5,"angle":180,"curve":"stepped"},{"time":1.7333,"curve":0.265,"c3":0.618,"c4":0.43},{"time":2,"angle":-51.08}],"translate":[{"y":-35.22,"curve":0.351,"c2":0.4,"c3":0.757},{"time":0.5,"y":-124.1,"curve":"stepped"},{"time":0.7333,"curve":0.265,"c3":0.618,"c4":0.43},{"time":1,"y":-35.22,"curve":0.351,"c2":0.4,"c3":0.757},{"time":1.5,"y":-124.1,"curve":"stepped"},{"time":1.7333,"curve":0.265,"c3":0.618,"c4":0.43},{"time":2,"y":-35.22}]},"lizi":{"rotate":[{},{"time":1.8333,"angle":-58.24,"curve":"stepped"},{"time":2}],"translate":[{},{"time":1.8333,"y":59.69,"curve":"stepped"},{"time":2}],"scale":[{},{"time":1.8333,"x":0.558,"y":0.558,"curve":"stepped"},{"time":2}]},"lizi2":{"rotate":[{"angle":-52.94},{"time":0.1667,"angle":-58.24,"curve":"stepped"},{"time":0.3333},{"time":2,"angle":-52.94}],"translate":[{"y":54.26},{"time":0.1667,"y":59.69,"curve":"stepped"},{"time":0.3333},{"time":2,"y":54.26}],"scale":[{"x":0.598,"y":0.598},{"time":0.1667,"x":0.558,"y":0.558,"curve":"stepped"},{"time":0.3333},{"time":2,"x":0.598,"y":0.598}]},"lizi3":{"rotate":[{"angle":-42.35},{"time":0.5,"angle":-58.24,"curve":"stepped"},{"time":0.6667},{"time":2,"angle":-42.35}],"translate":[{"y":43.41},{"time":0.5,"y":59.69,"curve":"stepped"},{"time":0.6667},{"time":2,"y":43.41}],"scale":[{"x":0.679,"y":0.679},{"time":0.5,"x":0.558,"y":0.558,"curve":"stepped"},{"time":0.6667},{"time":2,"x":0.679,"y":0.679}]},"lizi4":{"rotate":[{"angle":-31.77},{"time":0.8333,"angle":-58.24,"curve":"stepped"},{"time":1},{"time":2,"angle":-31.77}],"translate":[{"y":32.56},{"time":0.8333,"y":59.69,"curve":"stepped"},{"time":1},{"time":2,"y":32.56}],"scale":[{"x":0.759,"y":0.759},{"time":0.8333,"x":0.558,"y":0.558,"curve":"stepped"},{"time":1},{"time":2,"x":0.759,"y":0.759}]},"lizi5":{"rotate":[{"angle":-21.18},{"time":1.1667,"angle":-58.24,"curve":"stepped"},{"time":1.3333},{"time":2,"angle":-21.18}],"translate":[{"y":21.71},{"time":1.1667,"y":59.69,"curve":"stepped"},{"time":1.3333},{"time":2,"y":21.71}],"scale":[{"x":0.839,"y":0.839},{"time":1.1667,"x":0.558,"y":0.558,"curve":"stepped"},{"time":1.3333},{"time":2,"x":0.839,"y":0.839}]},"lizi6":{"rotate":[{"angle":-10.59},{"time":1.5,"angle":-58.24,"curve":"stepped"},{"time":1.6667},{"time":2,"angle":-10.59}],"translate":[{"y":10.85},{"time":1.5,"y":59.69,"curve":"stepped"},{"time":1.6667},{"time":2,"y":10.85}],"scale":[{"x":0.92,"y":0.92},{"time":1.5,"x":0.558,"y":0.558,"curve":"stepped"},{"time":1.6667},{"time":2,"x":0.92,"y":0.92}]},"lizi7":{"rotate":[{},{"time":1.8333,"angle":-58.24,"curve":"stepped"},{"time":2}],"translate":[{},{"time":1.8333,"y":59.69,"curve":"stepped"},{"time":2}],"scale":[{},{"time":1.8333,"x":0.558,"y":0.558,"curve":"stepped"},{"time":2}]},"lizi8":{"rotate":[{"angle":-52.94},{"time":0.1667,"angle":-58.24,"curve":"stepped"},{"time":0.3333},{"time":2,"angle":-52.94}],"translate":[{"y":54.26},{"time":0.1667,"y":59.69,"curve":"stepped"},{"time":0.3333},{"time":2,"y":54.26}],"scale":[{"x":0.598,"y":0.598},{"time":0.1667,"x":0.558,"y":0.558,"curve":"stepped"},{"time":0.3333},{"time":2,"x":0.598,"y":0.598}]},"lizi9":{"rotate":[{"angle":-42.35},{"time":0.5,"angle":-58.24,"curve":"stepped"},{"time":0.6667},{"time":2,"angle":-42.35}],"translate":[{"y":43.41},{"time":0.5,"y":59.69,"curve":"stepped"},{"time":0.6667},{"time":2,"y":43.41}],"scale":[{"x":0.679,"y":0.679},{"time":0.5,"x":0.558,"y":0.558,"curve":"stepped"},{"time":0.6667},{"time":2,"x":0.679,"y":0.679}]},"lizi10":{"rotate":[{"angle":-31.77},{"time":0.8333,"angle":-58.24,"curve":"stepped"},{"time":1},{"time":2,"angle":-31.77}],"translate":[{"y":32.56},{"time":0.8333,"y":59.69,"curve":"stepped"},{"time":1},{"time":2,"y":32.56}],"scale":[{"x":0.759,"y":0.759},{"time":0.8333,"x":0.558,"y":0.558,"curve":"stepped"},{"time":1},{"time":2,"x":0.759,"y":0.759}]},"lizi11":{"rotate":[{"angle":-21.18},{"time":1.1667,"angle":-58.24,"curve":"stepped"},{"time":1.3333},{"time":2,"angle":-21.18}],"translate":[{"y":21.71},{"time":1.1667,"y":59.69,"curve":"stepped"},{"time":1.3333},{"time":2,"y":21.71}],"scale":[{"x":0.839,"y":0.839},{"time":1.1667,"x":0.558,"y":0.558,"curve":"stepped"},{"time":1.3333},{"time":2,"x":0.839,"y":0.839}]},"lizi12":{"rotate":[{"angle":-10.59},{"time":1.5,"angle":-58.24,"curve":"stepped"},{"time":1.6667},{"time":2,"angle":-10.59}],"translate":[{"y":10.85},{"time":1.5,"y":59.69,"curve":"stepped"},{"time":1.6667},{"time":2,"y":10.85}],"scale":[{"x":0.92,"y":0.92},{"time":1.5,"x":0.558,"y":0.558,"curve":"stepped"},{"time":1.6667},{"time":2,"x":0.92,"y":0.92}]},"star":{"rotate":[{"time":0.8333},{"time":1.5,"angle":-33.91}],"scale":[{},{"time":0.8333,"x":0.662,"y":0.662},{"time":1.5}]},"star2":{"rotate":[{"time":0.5},{"time":1.1667,"angle":-33.91}],"scale":[{},{"time":0.5,"x":0.662,"y":0.662},{"time":1.1667}]}}}}},[0]]],0,0,[0],[-1],[0]]
