[1,["00dE9rWPdDzJYZO+XoeE6r@6c48a"],["_textureSource"],["cc.SpriteFrame"],0,[{"name":"ocean_pearl_lightning_01","rect":{"x":91,"y":137,"width":331,"height":239},"offset":{"x":0.5,"y":-0.5},"originalSize":{"width":512,"height":512},"rotated":false,"capInsets":[0,0,0,0],"vertices":{"rawPosition":[-165.5,-119.5,0,165.5,-119.5,0,-165.5,119.5,0,165.5,119.5,0],"indexes":[0,1,2,2,1,3],"uv":[91,375,422,375,91,136,422,136],"nuv":[0.177734375,0.265625,0.82421875,0.265625,0.177734375,0.732421875,0.82421875,0.732421875],"minPos":{"x":-165.5,"y":-119.5,"z":0},"maxPos":{"x":165.5,"y":119.5,"z":0}},"packable":true,"pixelsToUnit":100,"pivot":{"x":0.5,"y":0.5},"meshType":0}],[0],0,[0],[0],[0]]
