[1,["bfe6d8lIJFM4ANbZ67Faqu@6c48a","edjuVI7nhBYJjZlE64P0b6@4cf43","edjuVI7nhBYJjZlE64P0b6@d9253","edjuVI7nhBYJjZlE64P0b6@0a6c4","edjuVI7nhBYJjZlE64P0b6@b931f","edjuVI7nhBYJjZlE64P0b6@4b95a","edjuVI7nhBYJjZlE64P0b6@2c025","edjuVI7nhBYJjZlE64P0b6@5d032","edjuVI7nhBYJjZlE64P0b6@01ebf","edjuVI7nhBYJjZlE64P0b6@cea7e","edjuVI7nhBYJjZlE64P0b6@6d052","edjuVI7nhBYJjZlE64P0b6@c072d","edjuVI7nhBYJjZlE64P0b6@6318b","edjuVI7nhBYJjZlE64P0b6@ceb65","edjuVI7nhBYJjZlE64P0b6@a3295"],["_textureSource"],["cc.SpriteFrame","cc.SpriteAtlas"],0,[[[{"name":"dead","spriteFrames":["dead_1","edjuVI7nhBYJjZlE64P0b6@4cf43","dead_10","edjuVI7nhBYJjZlE64P0b6@d9253","dead_11","edjuVI7nhBYJjZlE64P0b6@0a6c4","dead_12","edjuVI7nhBYJjZlE64P0b6@b931f","dead_13","edjuVI7nhBYJjZlE64P0b6@4b95a","dead_14","edjuVI7nhBYJjZlE64P0b6@2c025","dead_2","edjuVI7nhBYJjZlE64P0b6@5d032","dead_3","edjuVI7nhBYJjZlE64P0b6@01ebf","dead_4","edjuVI7nhBYJjZlE64P0b6@cea7e","dead_5","edjuVI7nhBYJjZlE64P0b6@6d052","dead_6","edjuVI7nhBYJjZlE64P0b6@c072d","dead_7","edjuVI7nhBYJjZlE64P0b6@6318b","dead_8","edjuVI7nhBYJjZlE64P0b6@ceb65","dead_9","edjuVI7nhBYJjZlE64P0b6@a3295"]}],[1],0,[0,0,0,0,0,0,0,0,0,0,0,0,0,0],[0,0,0,0,0,0,0,0,0,0,0,0,0,0],[1,2,3,4,5,6,7,8,9,10,11,12,13,14]],[[{"name":"dead_3","rect":{"x":256,"y":222,"width":82,"height":82},"offset":{"x":2,"y":-27},"originalSize":{"width":168,"height":156},"rotated":false,"capInsets":[0,0,0,0],"vertices":{"rawPosition":[],"indexes":[],"uv":[],"nuv":[],"minPos":{"x":0,"y":0,"z":0},"maxPos":{"x":0,"y":0,"z":0}},"packable":true,"pixelsToUnit":100,"pivot":{"x":0.5,"y":0.5},"meshType":0}],[0],0,[0],[0],[0]],[[{"name":"dead_11","rect":{"x":152,"y":2,"width":146,"height":74},"offset":{"x":-2,"y":20},"originalSize":{"width":168,"height":156},"rotated":false,"capInsets":[0,0,0,0],"vertices":{"rawPosition":[],"indexes":[],"uv":[],"nuv":[],"minPos":{"x":0,"y":0,"z":0},"maxPos":{"x":0,"y":0,"z":0}},"packable":true,"pixelsToUnit":100,"pivot":{"x":0.5,"y":0.5},"meshType":0}],[0],0,[0],[0],[0]],[[{"name":"dead_14","rect":{"x":296,"y":78,"width":1,"height":1},"offset":{"x":-83.5,"y":77.5},"originalSize":{"width":168,"height":156},"rotated":false,"capInsets":[0,0,0,0],"vertices":{"rawPosition":[],"indexes":[],"uv":[],"nuv":[],"minPos":{"x":0,"y":0,"z":0},"maxPos":{"x":0,"y":0,"z":0}},"packable":true,"pixelsToUnit":100,"pivot":{"x":0.5,"y":0.5},"meshType":0}],[0],0,[0],[0],[0]],[[{"name":"dead_13","rect":{"x":296,"y":78,"width":1,"height":1},"offset":{"x":-83.5,"y":77.5},"originalSize":{"width":168,"height":156},"rotated":false,"capInsets":[0,0,0,0],"vertices":{"rawPosition":[],"indexes":[],"uv":[],"nuv":[],"minPos":{"x":0,"y":0,"z":0},"maxPos":{"x":0,"y":0,"z":0}},"packable":true,"pixelsToUnit":100,"pivot":{"x":0.5,"y":0.5},"meshType":0}],[0],0,[0],[0],[0]],[[{"name":"dead_1","rect":{"x":446,"y":2,"width":44,"height":56},"offset":{"x":0,"y":-40},"originalSize":{"width":168,"height":156},"rotated":true,"capInsets":[0,0,0,0],"vertices":{"rawPosition":[],"indexes":[],"uv":[],"nuv":[],"minPos":{"x":0,"y":0,"z":0},"maxPos":{"x":0,"y":0,"z":0}},"packable":true,"pixelsToUnit":100,"pivot":{"x":0.5,"y":0.5},"meshType":0}],[0],0,[0],[0],[0]],[[{"name":"dead_2","rect":{"x":340,"y":222,"width":76,"height":72},"offset":{"x":-3,"y":-30},"originalSize":{"width":168,"height":156},"rotated":false,"capInsets":[0,0,0,0],"vertices":{"rawPosition":[],"indexes":[],"uv":[],"nuv":[],"minPos":{"x":0,"y":0,"z":0},"maxPos":{"x":0,"y":0,"z":0}},"packable":true,"pixelsToUnit":100,"pivot":{"x":0.5,"y":0.5},"meshType":0}],[0],0,[0],[0],[0]],[[{"name":"dead_7","rect":{"x":296,"y":116,"width":104,"height":124},"offset":{"x":16,"y":1},"originalSize":{"width":168,"height":156},"rotated":true,"capInsets":[0,0,0,0],"vertices":{"rawPosition":[],"indexes":[],"uv":[],"nuv":[],"minPos":{"x":0,"y":0,"z":0},"maxPos":{"x":0,"y":0,"z":0}},"packable":true,"pixelsToUnit":100,"pivot":{"x":0.5,"y":0.5},"meshType":0}],[0],0,[0],[0],[0]],[[{"name":"dead_5","rect":{"x":422,"y":116,"width":88,"height":114},"offset":{"x":3,"y":-11},"originalSize":{"width":168,"height":156},"rotated":false,"capInsets":[0,0,0,0],"vertices":{"rawPosition":[],"indexes":[],"uv":[],"nuv":[],"minPos":{"x":0,"y":0,"z":0},"maxPos":{"x":0,"y":0,"z":0}},"packable":true,"pixelsToUnit":100,"pivot":{"x":0.5,"y":0.5},"meshType":0}],[0],0,[0],[0],[0]],[[{"name":"dead_9","rect":{"x":300,"y":2,"width":144,"height":112},"offset":{"x":0,"y":3},"originalSize":{"width":168,"height":156},"rotated":false,"capInsets":[0,0,0,0],"vertices":{"rawPosition":[],"indexes":[],"uv":[],"nuv":[],"minPos":{"x":0,"y":0,"z":0},"maxPos":{"x":0,"y":0,"z":0}},"packable":true,"pixelsToUnit":100,"pivot":{"x":0.5,"y":0.5},"meshType":0}],[0],0,[0],[0],[0]],[[{"name":"dead_12","rect":{"x":152,"y":78,"width":142,"height":58},"offset":{"x":-3,"y":30},"originalSize":{"width":168,"height":156},"rotated":false,"capInsets":[0,0,0,0],"vertices":{"rawPosition":[],"indexes":[],"uv":[],"nuv":[],"minPos":{"x":0,"y":0,"z":0},"maxPos":{"x":0,"y":0,"z":0}},"packable":true,"pixelsToUnit":100,"pivot":{"x":0.5,"y":0.5},"meshType":0}],[0],0,[0],[0],[0]],[[{"name":"dead_6","rect":{"x":134,"y":138,"width":90,"height":120},"offset":{"x":8,"y":-4},"originalSize":{"width":168,"height":156},"rotated":true,"capInsets":[0,0,0,0],"vertices":{"rawPosition":[],"indexes":[],"uv":[],"nuv":[],"minPos":{"x":0,"y":0,"z":0},"maxPos":{"x":0,"y":0,"z":0}},"packable":true,"pixelsToUnit":100,"pivot":{"x":0.5,"y":0.5},"meshType":0}],[0],0,[0],[0],[0]],[[{"name":"dead_4","rect":{"x":2,"y":220,"width":82,"height":90},"offset":{"x":5,"y":-21},"originalSize":{"width":168,"height":156},"rotated":true,"capInsets":[0,0,0,0],"vertices":{"rawPosition":[],"indexes":[],"uv":[],"nuv":[],"minPos":{"x":0,"y":0,"z":0},"maxPos":{"x":0,"y":0,"z":0}},"packable":true,"pixelsToUnit":100,"pivot":{"x":0.5,"y":0.5},"meshType":0}],[0],0,[0],[0],[0]],[[{"name":"dead_8","rect":{"x":2,"y":100,"width":130,"height":118},"offset":{"x":6,"y":3},"originalSize":{"width":168,"height":156},"rotated":false,"capInsets":[0,0,0,0],"vertices":{"rawPosition":[],"indexes":[],"uv":[],"nuv":[],"minPos":{"x":0,"y":0,"z":0},"maxPos":{"x":0,"y":0,"z":0}},"packable":true,"pixelsToUnit":100,"pivot":{"x":0.5,"y":0.5},"meshType":0}],[0],0,[0],[0],[0]],[[{"name":"dead_10","rect":{"x":2,"y":2,"width":148,"height":96},"offset":{"x":-1,"y":9},"originalSize":{"width":168,"height":156},"rotated":false,"capInsets":[0,0,0,0],"vertices":{"rawPosition":[],"indexes":[],"uv":[],"nuv":[],"minPos":{"x":0,"y":0,"z":0},"maxPos":{"x":0,"y":0,"z":0}},"packable":true,"pixelsToUnit":100,"pivot":{"x":0.5,"y":0.5},"meshType":0}],[0],0,[0],[0],[0]]]]
