[1,["d6WdbEczRKA46gPCI94ko1@6c48a"],0,[["sp.SkeletonData",["_name","_atlasText","textureNames","_skeletonJson","textures"],-1,3]],[[0,0,1,2,3,4,5]],[[0,"bullet_pifu5","\r\nbullet_pifu5.png\r\nsize: 256,128\r\nformat: RGBA8888\r\nfilter: Linear,Linear\r\nrepeat: none\r\npifu_5_1\r\n  rotate: true\r\n  xy: 2, 53\r\n  size: 41, 126\r\n  orig: 42, 126\r\n  offset: 1, 0\r\n  index: -1\r\npifu_5_2\r\n  rotate: true\r\n  xy: 130, 46\r\n  size: 48, 92\r\n  orig: 48, 126\r\n  offset: 0, 19\r\n  index: -1\r\npifu_5_3\r\n  rotate: true\r\n  xy: 2, 12\r\n  size: 39, 107\r\n  orig: 40, 126\r\n  offset: 1, 2\r\n  index: -1\r\npifu_5_4\r\n  rotate: true\r\n  xy: 111, 2\r\n  size: 42, 78\r\n  orig: 44, 126\r\n  offset: 1, 21\r\n  index: -1\r\n",["bullet_pifu5.png"],{"skeleton":{"hash":"WQW6k80RKE7YtVAQk6BQ2zgCQwA","spine":"2.1.27","width":0,"height":0,"images":""},"bones":[{"name":"root"},{"name":"gen","parent":"root"},{"name":"pifu5","parent":"gen"},{"name":"pifu5_1a","parent":"pifu5","x":-20.04},{"name":"pifu5_1b","parent":"pifu5","x":20.04,"scaleX":-1},{"name":"pifu5_2a","parent":"pifu5","x":-16.43},{"name":"pifu5_2b","parent":"pifu5","x":20.75}],"slots":[{"name":"pifu_5_1","bone":"pifu5_1a","blend":"additive"},{"name":"pifu_5_3","bone":"pifu5_1b","blend":"additive"},{"name":"pifu_5_2","bone":"pifu5_2a","blend":"additive"},{"name":"pifu_5_10","bone":"pifu5_2a","blend":"additive"},{"name":"pifu_5_4","bone":"pifu5_2b"},{"name":"pifu_5_8","bone":"pifu5_2b","blend":"additive"}],"skins":{"default":{"pifu_5_1":{"pifu_5_1":{"width":42,"height":126}},"pifu_5_10":{"pifu_5_2":{"width":48,"height":126},"pifu_5_3":{"y":1.24,"width":40,"height":126},"pifu_5_4":{"x":0.62,"y":4.36,"width":44,"height":126}},"pifu_5_2":{"pifu_5_2":{"width":48,"height":126},"pifu_5_3":{"y":1.24,"width":40,"height":126},"pifu_5_4":{"x":0.62,"y":4.36,"width":44,"height":126}},"pifu_5_3":{"pifu_5_1":{"width":42,"height":126}},"pifu_5_4":{"pifu_5_2":{"width":48,"height":126},"pifu_5_3":{"x":1.72,"y":8.16,"width":40,"height":126},"pifu_5_4":{"x":0.62,"y":4.36,"width":44,"height":126}},"pifu_5_8":{"pifu_5_2":{"width":48,"height":126},"pifu_5_3":{"x":1.72,"y":8.16,"width":40,"height":126},"pifu_5_4":{"x":0.62,"y":4.36,"width":44,"height":126}}}},"animations":{"pifu5":{"slots":{"pifu_5_1":{"attachment":[{"time":0,"name":"pifu_5_1"}]},"pifu_5_2":{"attachment":[{"time":0,"name":"pifu_5_2"},{"time":0.0333,"name":"pifu_5_3"},{"time":0.0666,"name":"pifu_5_4"},{"time":0.1,"name":"pifu_5_3"},{"time":0.1333,"name":"pifu_5_3"},{"time":0.2,"name":"pifu_5_4"},{"time":0.2333,"name":"pifu_5_3"},{"time":0.2666,"name":"pifu_5_2"}]},"pifu_5_3":{"attachment":[{"time":0,"name":"pifu_5_1"}]},"pifu_5_4":{"attachment":[{"time":0,"name":"pifu_5_3"},{"time":0.0333,"name":"pifu_5_4"},{"time":0.0666,"name":"pifu_5_3"},{"time":0.1,"name":"pifu_5_2"},{"time":0.1333,"name":"pifu_5_2"},{"time":0.1666,"name":"pifu_5_3"},{"time":0.2333,"name":"pifu_5_4"},{"time":0.2666,"name":"pifu_5_3"}]},"pifu_5_8":{"attachment":[{"time":0,"name":"pifu_5_3"},{"time":0.0333,"name":"pifu_5_4"},{"time":0.0666,"name":"pifu_5_3"},{"time":0.1,"name":"pifu_5_2"},{"time":0.1333,"name":"pifu_5_2"},{"time":0.1666,"name":"pifu_5_3"},{"time":0.2333,"name":"pifu_5_4"},{"time":0.2666,"name":"pifu_5_3"}]},"pifu_5_10":{"attachment":[{"time":0,"name":"pifu_5_2"},{"time":0.0333,"name":"pifu_5_3"},{"time":0.0666,"name":"pifu_5_4"},{"time":0.1,"name":"pifu_5_3"},{"time":0.1333,"name":"pifu_5_3"},{"time":0.2,"name":"pifu_5_4"},{"time":0.2333,"name":"pifu_5_3"},{"time":0.2666,"name":"pifu_5_2"}]}},"bones":{"pifu5_1a":{"rotate":[{"time":0,"angle":0},{"time":0.1,"angle":1.33},{"time":0.2666,"angle":0}],"translate":[{"time":0,"x":0,"y":2},{"time":0.1,"x":0,"y":8.01},{"time":0.1666,"x":0,"y":-12},{"time":0.2666,"x":0,"y":-28.34}],"scale":[{"time":0,"x":1,"y":1},{"time":0.1,"x":1.398,"y":1.12},{"time":0.1666,"x":0.917,"y":1.888},{"time":0.2666,"x":1.006,"y":1.759}]},"pifu5_1b":{"rotate":[{"time":0,"angle":-3.22},{"time":0.1,"angle":-0.63},{"time":0.2666,"angle":-0.54}],"translate":[{"time":0,"x":0,"y":0},{"time":0.1,"x":0,"y":-24.49},{"time":0.1666,"x":0,"y":5},{"time":0.2666,"x":0,"y":-26.37}],"scale":[{"time":0,"x":1.622,"y":1.085},{"time":0.1,"x":1,"y":2.065},{"time":0.2666,"x":1.1,"y":1.156}]},"pifu5_2a":{"rotate":[{"time":0,"angle":-7.24,"curve":"stepped"},{"time":0.1,"angle":4.06,"curve":"stepped"},{"time":0.1666,"angle":4.44,"curve":"stepped"},{"time":0.2666,"angle":-3.2}],"translate":[{"time":0,"x":-2.06,"y":7.23,"curve":"stepped"},{"time":0.1,"x":4.13,"y":1.27,"curve":"stepped"},{"time":0.1666,"x":-1.25,"y":-33.23,"curve":"stepped"},{"time":0.2666,"x":-4.7,"y":-9.92}],"scale":[{"time":0,"x":-1.057,"y":1.096,"curve":"stepped"},{"time":0.1,"x":1.583,"y":1,"curve":"stepped"},{"time":0.1666,"x":1.313,"y":1.635,"curve":"stepped"},{"time":0.2666,"x":-1.099,"y":1.24}]},"pifu5_2b":{"rotate":[{"time":0,"angle":-11.83,"curve":"stepped"},{"time":0.1,"angle":5.08,"curve":"stepped"},{"time":0.1666,"angle":12.02,"curve":"stepped"},{"time":0.2666,"angle":3.59}],"translate":[{"time":0,"x":-3.92,"y":-18.29,"curve":"stepped"},{"time":0.1,"x":0,"y":-28.48,"curve":"stepped"},{"time":0.1666,"x":3.81,"y":13.03,"curve":"stepped"},{"time":0.2666,"x":0.54,"y":-31.51}],"scale":[{"time":0,"x":-1.005,"y":1.163,"curve":"stepped"},{"time":0.1,"x":1.524,"y":1.499,"curve":"stepped"},{"time":0.1666,"x":1.875,"y":1.172,"curve":"stepped"},{"time":0.2666,"x":0.996,"y":1.172}]},"pifu5":{"rotate":[{"time":0,"angle":0}],"translate":[{"time":0,"x":0,"y":0}],"scale":[{"time":0,"x":0.9,"y":0.9},{"time":0.1,"x":0.86,"y":0.94},{"time":0.1666,"x":0.78,"y":0.9},{"time":0.2666,"x":0.9,"y":0.9}]}}}}},[0]]],0,0,[0],[-1],[0]]
