[1,["57ptoRjmpDWpHB+D4TQsBj@6c48a"],["_textureSource"],["cc.SpriteFrame"],0,[{"name":"bg_tuichu","rect":{"x":0,"y":0,"width":551,"height":313},"offset":{"x":0,"y":0},"originalSize":{"width":551,"height":313},"rotated":false,"capInsets":[0,0,0,0],"vertices":{"rawPosition":[-275.5,-156.5,0,275.5,-156.5,0,-275.5,156.5,0,275.5,156.5,0],"indexes":[0,1,2,2,1,3],"uv":[0,313,551,313,0,0,551,0],"nuv":[0,0,1,0,0,1,1,1],"minPos":{"x":-275.5,"y":-156.5,"z":0},"maxPos":{"x":275.5,"y":156.5,"z":0}},"packable":true,"pixelsToUnit":100,"pivot":{"x":0.5,"y":0.5},"meshType":0}],[0],0,[0],[0],[0]]
