[1,["1d2Di+XGxEnbE+k3zd0RpV@6c48a"],["_textureSource"],["cc.SpriteFrame"],0,[{"name":"xyx_jinhua","rect":{"x":2,"y":2,"width":526,"height":424},"offset":{"x":-247,"y":42},"originalSize":{"width":1024,"height":512},"rotated":false,"capInsets":[0,0,0,0],"vertices":{"rawPosition":[-263,-212,0,263,-212,0,-263,212,0,263,212,0],"indexes":[0,1,2,2,1,3],"uv":[2,510,528,510,2,86,528,86],"nuv":[0.001953125,0.16796875,0.515625,0.16796875,0.001953125,0.99609375,0.515625,0.99609375],"minPos":{"x":-263,"y":-212,"z":0},"maxPos":{"x":263,"y":212,"z":0}},"packable":true,"pixelsToUnit":100,"pivot":{"x":0.5,"y":0.5},"meshType":0}],[0],0,[0],[0],[0]]
