[1,["99d1fa84-d473-48c7-913c-d0ca13ba09aa@f9941","99d1fa84-d473-48c7-913c-d0ca13ba09aa@6c48a"],["spriteFrame","_textureSource"],["cc.SpriteFrame",["cc.BitmapFont",["_name","fontSize","fntConfig"],0]],[[1,0,1,2,4]],[[[[0,"font_calulate",20,{"commonHeight":19,"fontSize":20,"atlasName":"font_calulate_0.png","fontDefDictionary":{"32":{"xOffset":-1,"yOffset":18,"xAdvance":5,"rect":{"x":15,"y":45,"width":3,"height":1}},"44":{"xOffset":0,"yOffset":0,"xAdvance":14,"rect":{"x":276,"y":0,"width":14,"height":35}},"45":{"xOffset":0,"yOffset":0,"xAdvance":16,"rect":{"x":259,"y":0,"width":16,"height":35}},"46":{"xOffset":0,"yOffset":0,"xAdvance":14,"rect":{"x":0,"y":45,"width":14,"height":35}},"48":{"xOffset":0,"yOffset":0,"xAdvance":24,"rect":{"x":188,"y":0,"width":24,"height":35}},"49":{"xOffset":0,"yOffset":0,"xAdvance":20,"rect":{"x":238,"y":0,"width":20,"height":35}},"50":{"xOffset":0,"yOffset":0,"xAdvance":26,"rect":{"x":28,"y":0,"width":26,"height":35}},"51":{"xOffset":0,"yOffset":0,"xAdvance":25,"rect":{"x":136,"y":0,"width":25,"height":35}},"52":{"xOffset":-2,"yOffset":0,"xAdvance":27,"rect":{"x":0,"y":0,"width":27,"height":35}},"53":{"xOffset":0,"yOffset":0,"xAdvance":24,"rect":{"x":213,"y":0,"width":24,"height":35}},"54":{"xOffset":0,"yOffset":0,"xAdvance":26,"rect":{"x":55,"y":0,"width":26,"height":35}},"55":{"xOffset":0,"yOffset":0,"xAdvance":26,"rect":{"x":82,"y":0,"width":26,"height":35}},"56":{"xOffset":0,"yOffset":0,"xAdvance":25,"rect":{"x":162,"y":0,"width":25,"height":35}},"57":{"xOffset":0,"yOffset":0,"xAdvance":26,"rect":{"x":109,"y":0,"width":26,"height":35}}},"kerningDict":{}}]],0,0,[0],[0],[0]],[[{"name":"font_calulate_0","rect":{"x":0,"y":1,"width":290,"height":76},"offset":{"x":-5,"y":61},"originalSize":{"width":300,"height":200},"rotated":false,"capInsets":[0,0,0,0],"vertices":{"rawPosition":[-145,-38,0,145,-38,0,-145,38,0,145,38,0],"indexes":[0,1,2,2,1,3],"uv":[0,199,290,199,0,123,290,123],"nuv":[0,0.615,0.9666666666666667,0.615,0,0.995,0.9666666666666667,0.995],"minPos":{"x":-145,"y":-38,"z":0},"maxPos":{"x":145,"y":38,"z":0}},"packable":true,"pixelsToUnit":100,"pivot":{"x":0.5,"y":0.5},"meshType":0}],[0],0,[0],[1],[1]]]]
