[1,["82a16ed9-bf5c-44c1-8aa1-f9b76d97c3c2@f9941","82a16ed9-bf5c-44c1-8aa1-f9b76d97c3c2@6c48a"],["spriteFrame","_textureSource"],["cc.SpriteFrame",["cc.BitmapFont",["_name","fontSize","fntConfig"],0]],[[1,0,1,2,4]],[[[[0,"font_buy",20,{"commonHeight":19,"fontSize":20,"atlasName":"font_buy_0.png","fontDefDictionary":{"32":{"xOffset":-1,"yOffset":18,"xAdvance":5,"rect":{"x":205,"y":23,"width":3,"height":1}},"44":{"xOffset":0,"yOffset":19,"xAdvance":11,"rect":{"x":205,"y":0,"width":11,"height":13}},"48":{"xOffset":0,"yOffset":0,"xAdvance":20,"rect":{"x":22,"y":0,"width":20,"height":27}},"49":{"xOffset":0,"yOffset":0,"xAdvance":15,"rect":{"x":167,"y":0,"width":15,"height":27}},"50":{"xOffset":0,"yOffset":0,"xAdvance":20,"rect":{"x":43,"y":0,"width":20,"height":27}},"51":{"xOffset":0,"yOffset":0,"xAdvance":19,"rect":{"x":127,"y":0,"width":19,"height":27}},"52":{"xOffset":0,"yOffset":1,"xAdvance":21,"rect":{"x":183,"y":0,"width":21,"height":26}},"53":{"xOffset":0,"yOffset":0,"xAdvance":20,"rect":{"x":64,"y":0,"width":20,"height":27}},"54":{"xOffset":0,"yOffset":0,"xAdvance":20,"rect":{"x":85,"y":0,"width":20,"height":27}},"55":{"xOffset":0,"yOffset":0,"xAdvance":19,"rect":{"x":147,"y":0,"width":19,"height":27}},"56":{"xOffset":0,"yOffset":0,"xAdvance":20,"rect":{"x":106,"y":0,"width":20,"height":27}},"57":{"xOffset":0,"yOffset":0,"xAdvance":21,"rect":{"x":0,"y":0,"width":21,"height":27}}},"kerningDict":{}}]],0,0,[0],[0],[0]],[[{"name":"font_buy_0","rect":{"x":0,"y":0,"width":216,"height":27},"offset":{"x":-42,"y":86.5},"originalSize":{"width":300,"height":200},"rotated":false,"capInsets":[0,0,0,0],"vertices":{"rawPosition":[-108,-13.5,0,108,-13.5,0,-108,13.5,0,108,13.5,0],"indexes":[0,1,2,2,1,3],"uv":[0,200,216,200,0,173,216,173],"nuv":[0,0.865,0.72,0.865,0,1,0.72,1],"minPos":{"x":-108,"y":-13.5,"z":0},"maxPos":{"x":108,"y":13.5,"z":0}},"packable":true,"pixelsToUnit":100,"pivot":{"x":0.5,"y":0.5},"meshType":0}],[0],0,[0],[1],[1]]]]
