[1,["9d5f5b90-e655-4052-85fb-1ac57fabc40e","77fd1ebf-db1a-4be4-a475-f18b67dcb6ef@f9941","6e3325c7-a00d-44cd-b17a-8ec91a560830","1ea576c1-77df-4208-9e33-3b31ecd91427@6c48a","5ab2b6cd-6af6-42ee-a15f-d1649872e653@6c48a","fe1bb868-bda6-4fc4-b5f2-9451ca5b6646@6c48a","4a1d10fc-a2ca-4a78-a1cb-2f706ff93c1d@6c48a","0a46ee33-6312-4a21-add0-de5e16060dd0@6c48a","df7db8c7-33de-4327-b79b-6259dddb64cb","ed5d6755-399a-4c16-a370-b73acad0d119@f9941","f9da9a3e-3e16-409e-89d5-234668ac3748@f9941","6f77c041-dc59-4bd7-9d16-6f9b8ed41917","88caa38a-9fc6-4d07-a3f4-348491e0962d@f9941","19e5f91f-2123-4602-96bf-41a270bc3dd0","9b6d1add-68ed-4fcc-b43a-127a39ae253e","1ea576c1-77df-4208-9e33-3b31ecd91427@f9941"],["node","target","_spriteFrame","_atlas","_font","_textureSource","root","data","_defaultClip","_skeletonData","spriteFrame"],[["cc.Node",["_name","_active","_components","_prefab","_children","_lpos","_parent","_lscale","_euler"],1,9,4,2,5,1,5,5],["cc.UITransform",["node","__prefab","_contentSize","_anchorPoint"],3,1,4,5,5],["cc.Label",["_string","_actualFontSize","_fontSize","_isSystemFontUsed","_enableWrapText","_overflow","_spacingX","node","__prefab","_font"],-4,1,4,6],["cc.Sprite",["_sizeMode","node","__prefab","_spriteFrame","_atlas"],2,1,4,6,6],"cc.SpriteFrame",["sp.SkeletonData",["_name","_atlasText","textureNames","_skeletonJson","textures"],-1,3],["cc.Prefab",["_name"],2],["cc.CompPrefabInfo",["fileId"],2],["cc.PrefabInfo",["fileId","instance","targetOverrides","nestedPrefabInstanceRoots","root","asset"],-1,1,1],["sp.Skeleton",["defaultSkin","defaultAnimation","_premultipliedAlpha","_preCacheMode","loop","node","__prefab","_sockets","_skeletonData"],-2,1,4,9,6],["sp.Skeleton.SpineSocket",["path","target"],2,1],["cc.Widget",["_alignFlags","_left","_right","_verticalCenter","_originalWidth","node","__prefab"],-2,1,4],["cc.Layout",["node","__prefab"],3,1,4],["cc.Animation",["playOnLoad","node","__prefab","_clips","_defaultClip"],2,1,4,3,6],["cc.BitmapFont",["_name","fontSize","fntConfig"],0]],[[7,0,2],[8,0,1,2,3,4,5,5],[0,0,6,2,3,5,8,2],[10,0,1,2],[1,0,1,2,1],[1,0,1,2,3,1],[3,1,2,3,4,1],[0,0,1,6,4,2,3,7,3],[1,0,1,1],[3,0,1,2,3,4,2],[5,0,1,2,3,4,5],[6,0,2],[0,0,4,2,3,5,2],[0,0,6,4,2,3,5,7,2],[9,0,1,2,3,4,5,6,7,8,6],[11,0,1,2,3,4,5,6,6],[12,0,1,1],[13,0,1,2,3,4,2],[2,0,1,2,3,7,8,9,5],[2,0,1,2,5,4,3,6,7,8,9,8],[2,0,1,2,4,3,7,8,9,6],[14,0,1,2,4]],[[[{"name":"font_sg_box_num_0","rect":{"x":0,"y":0,"width":273,"height":238},"offset":{"x":-13.5,"y":31},"originalSize":{"width":300,"height":300},"rotated":false,"capInsets":[0,0,0,0],"vertices":{"rawPosition":[-136.5,-119,0,136.5,-119,0,-136.5,119,0,136.5,119,0],"indexes":[0,1,2,2,1,3],"uv":[0,300,273,300,0,62,273,62],"nuv":[0,0.20666666666666667,0.91,0.20666666666666667,0,1,0.91,1],"minPos":{"x":-136.5,"y":-119,"z":0},"maxPos":{"x":136.5,"y":119,"z":0}},"packable":true,"pixelsToUnit":100,"pivot":{"x":0.5,"y":0.5},"meshType":0}],[4],0,[0],[5],[3]],[[[10,"freespine_js","\r\nfreespine_js.png\r\nsize: 2048,2048\r\nformat: RGBA8888\r\nfilter: Linear,Linear\r\nrepeat: none\r\nbg1\r\n  rotate: false\r\n  xy: 2, 1448\r\n  size: 1075, 595\r\n  orig: 1077, 597\r\n  offset: 1, 1\r\n  index: -1\r\nbg2\r\n  rotate: true\r\n  xy: 1079, 1087\r\n  size: 956, 626\r\n  orig: 958, 628\r\n  offset: 1, 1\r\n  index: -1\r\nhg\r\n  rotate: false\r\n  xy: 1330, 101\r\n  size: 154, 90\r\n  orig: 156, 92\r\n  offset: 1, 1\r\n  index: -1\r\njieshuan_m_tx2/jieshuan_m_tx2_03\r\n  rotate: false\r\n  xy: 1783, 20\r\n  size: 227, 176\r\n  orig: 500, 395\r\n  offset: 147, 154\r\n  index: -1\r\njieshuan_m_tx2/jieshuan_m_tx2_05\r\n  rotate: true\r\n  xy: 1707, 1266\r\n  size: 343, 304\r\n  orig: 500, 395\r\n  offset: 86, 69\r\n  index: -1\r\njieshuan_m_tx2/jieshuan_m_tx2_13\r\n  rotate: true\r\n  xy: 1707, 1611\r\n  size: 432, 313\r\n  orig: 500, 395\r\n  offset: 44, 1\r\n  index: -1\r\njieshuan_mfb_tx/jieshuan_mfb_tx_00\r\n  rotate: false\r\n  xy: 892, 231\r\n  size: 88, 171\r\n  orig: 328, 500\r\n  offset: 120, 14\r\n  index: -1\r\njieshuan_mfb_tx/jieshuan_mfb_tx_01\r\n  rotate: true\r\n  xy: 1096, 38\r\n  size: 153, 232\r\n  orig: 328, 500\r\n  offset: 113, 14\r\n  index: -1\r\njieshuan_mfb_tx/jieshuan_mfb_tx_02\r\n  rotate: true\r\n  xy: 1546, 7\r\n  size: 189, 235\r\n  orig: 328, 500\r\n  offset: 87, 11\r\n  index: -1\r\njieshuan_mfb_tx/jieshuan_mfb_tx_13\r\n  rotate: true\r\n  xy: 892, 31\r\n  size: 160, 202\r\n  orig: 328, 500\r\n  offset: 90, 265\r\n  index: -1\r\njieshuan_mfb_tx/jieshuan_mfb_tx_14\r\n  rotate: false\r\n  xy: 1330, 2\r\n  size: 147, 97\r\n  orig: 328, 500\r\n  offset: 90, 359\r\n  index: -1\r\nk2\r\n  rotate: true\r\n  xy: 2, 520\r\n  size: 926, 536\r\n  orig: 928, 538\r\n  offset: 1, 1\r\n  index: -1\r\nm2\r\n  rotate: true\r\n  xy: 1707, 1106\r\n  size: 158, 326\r\n  orig: 160, 328\r\n  offset: 1, 1\r\n  index: -1\r\nm3\r\n  rotate: true\r\n  xy: 1479, 31\r\n  size: 68, 62\r\n  orig: 70, 64\r\n  offset: 1, 1\r\n  index: -1\r\n特效/1\r\n  rotate: true\r\n  xy: 892, 404\r\n  size: 150, 148\r\n  orig: 892, 503\r\n  offset: 370, 177\r\n  index: -1\r\n特效/11\r\n  rotate: false\r\n  xy: 2, 16\r\n  size: 888, 502\r\n  orig: 892, 503\r\n  offset: 2, 1\r\n  index: -1\r\n特效/4\r\n  rotate: true\r\n  xy: 1044, 193\r\n  size: 892, 500\r\n  orig: 892, 503\r\n  offset: 0, 1\r\n  index: -1\r\n特效/7\r\n  rotate: true\r\n  xy: 1546, 198\r\n  size: 887, 500\r\n  orig: 892, 503\r\n  offset: 1, 1\r\n  index: -1\r\n特效/8\r\n  rotate: true\r\n  xy: 540, 556\r\n  size: 890, 502\r\n  orig: 892, 503\r\n  offset: 0, 0\r\n  index: -1\r\n\r\nfreespine_js2.png\r\nsize: 2048,2048\r\nformat: RGBA8888\r\nfilter: Linear,Linear\r\nrepeat: none\r\njieshuan_mbj_tx23/jieshuan_mbj_tx23_07\r\n  rotate: true\r\n  xy: 1787, 1461\r\n  size: 225, 246\r\n  orig: 250, 250\r\n  offset: 21, 2\r\n  index: -1\r\njieshuan_mbj_tx23/jieshuan_mbj_tx23_08\r\n  rotate: true\r\n  xy: 1782, 283\r\n  size: 229, 245\r\n  orig: 250, 250\r\n  offset: 19, 2\r\n  index: -1\r\njieshuan_mfb_tx/jieshuan_mfb_tx_03\r\n  rotate: true\r\n  xy: 1782, 59\r\n  size: 222, 244\r\n  orig: 328, 500\r\n  offset: 54, 14\r\n  index: -1\r\njieshuan_mfb_tx/jieshuan_mfb_tx_04\r\n  rotate: false\r\n  xy: 1782, 514\r\n  size: 245, 345\r\n  orig: 328, 500\r\n  offset: 54, 12\r\n  index: -1\r\njieshuan_mfb_tx/jieshuan_mfb_tx_05\r\n  rotate: false\r\n  xy: 1784, 861\r\n  size: 245, 374\r\n  orig: 328, 500\r\n  offset: 55, 13\r\n  index: -1\r\njieshuan_mfb_tx/jieshuan_mfb_tx_11\r\n  rotate: false\r\n  xy: 1784, 1237\r\n  size: 262, 222\r\n  orig: 328, 500\r\n  offset: 26, 244\r\n  index: -1\r\nm1\r\n  rotate: true\r\n  xy: 1787, 1688\r\n  size: 318, 258\r\n  orig: 320, 260\r\n  offset: 1, 1\r\n  index: -1\r\n特效/10\r\n  rotate: false\r\n  xy: 894, 1004\r\n  size: 888, 499\r\n  orig: 892, 503\r\n  offset: 2, 2\r\n  index: -1\r\n特效/12\r\n  rotate: false\r\n  xy: 2, 507\r\n  size: 888, 499\r\n  orig: 892, 503\r\n  offset: 2, 2\r\n  index: -1\r\n特效/13\r\n  rotate: false\r\n  xy: 892, 503\r\n  size: 888, 499\r\n  orig: 892, 503\r\n  offset: 2, 2\r\n  index: -1\r\n特效/14\r\n  rotate: false\r\n  xy: 2, 6\r\n  size: 888, 499\r\n  orig: 892, 503\r\n  offset: 2, 2\r\n  index: -1\r\n特效/15\r\n  rotate: false\r\n  xy: 892, 2\r\n  size: 888, 499\r\n  orig: 892, 503\r\n  offset: 2, 2\r\n  index: -1\r\n特效/3\r\n  rotate: false\r\n  xy: 2, 1509\r\n  size: 891, 497\r\n  orig: 892, 503\r\n  offset: 0, 2\r\n  index: -1\r\n特效/6\r\n  rotate: false\r\n  xy: 895, 1505\r\n  size: 890, 501\r\n  orig: 892, 503\r\n  offset: 0, 0\r\n  index: -1\r\n特效/9\r\n  rotate: false\r\n  xy: 2, 1008\r\n  size: 890, 499\r\n  orig: 892, 503\r\n  offset: 0, 1\r\n  index: -1\r\n\r\nfreespine_js3.png\r\nsize: 2048,2048\r\nformat: RGBA8888\r\nfilter: Linear,Linear\r\nrepeat: none\r\njieshuan_m_tx2/jieshuan_m_tx2_02\r\n  rotate: false\r\n  xy: 1286, 35\r\n  size: 150, 106\r\n  orig: 500, 395\r\n  offset: 183, 193\r\n  index: -1\r\njieshuan_m_tx2/jieshuan_m_tx2_04\r\n  rotate: true\r\n  xy: 485, 2\r\n  size: 293, 243\r\n  orig: 500, 395\r\n  offset: 113, 110\r\n  index: -1\r\njieshuan_m_tx2/jieshuan_m_tx2_06\r\n  rotate: true\r\n  xy: 1288, 1102\r\n  size: 384, 361\r\n  orig: 500, 395\r\n  offset: 63, 28\r\n  index: -1\r\njieshuan_m_tx2/jieshuan_m_tx2_07\r\n  rotate: false\r\n  xy: 1286, 717\r\n  size: 408, 383\r\n  orig: 500, 395\r\n  offset: 52, 12\r\n  index: -1\r\njieshuan_m_tx2/jieshuan_m_tx2_08\r\n  rotate: false\r\n  xy: 428, 661\r\n  size: 413, 393\r\n  orig: 500, 395\r\n  offset: 47, 2\r\n  index: -1\r\njieshuan_m_tx2/jieshuan_m_tx2_09\r\n  rotate: false\r\n  xy: 2, 659\r\n  size: 424, 395\r\n  orig: 500, 395\r\n  offset: 43, 0\r\n  index: -1\r\njieshuan_m_tx2/jieshuan_m_tx2_10\r\n  rotate: true\r\n  xy: 2, 226\r\n  size: 431, 387\r\n  orig: 500, 395\r\n  offset: 40, 3\r\n  index: -1\r\njieshuan_m_tx2/jieshuan_m_tx2_11\r\n  rotate: false\r\n  xy: 851, 1110\r\n  size: 435, 376\r\n  orig: 500, 395\r\n  offset: 38, 0\r\n  index: -1\r\njieshuan_m_tx2/jieshuan_m_tx2_12\r\n  rotate: true\r\n  xy: 1651, 1173\r\n  size: 438, 356\r\n  orig: 500, 395\r\n  offset: 37, 2\r\n  index: -1\r\njieshuan_m_tx2/jieshuan_m_tx2_14\r\n  rotate: true\r\n  xy: 1730, 1613\r\n  size: 433, 269\r\n  orig: 500, 395\r\n  offset: 43, 0\r\n  index: -1\r\njieshuan_m_tx2/jieshuan_m_tx2_15\r\n  rotate: false\r\n  xy: 851, 869\r\n  size: 433, 239\r\n  orig: 500, 395\r\n  offset: 41, 3\r\n  index: -1\r\njieshuan_mbj_tx23/jieshuan_mbj_tx23_03\r\n  rotate: true\r\n  xy: 246, 2\r\n  size: 222, 237\r\n  orig: 250, 250\r\n  offset: 14, 2\r\n  index: -1\r\njieshuan_mbj_tx23/jieshuan_mbj_tx23_09\r\n  rotate: false\r\n  xy: 1826, 282\r\n  size: 215, 244\r\n  orig: 250, 250\r\n  offset: 32, 2\r\n  index: -1\r\njieshuan_mbj_tx23/jieshuan_mbj_tx23_10\r\n  rotate: false\r\n  xy: 1826, 36\r\n  size: 214, 244\r\n  orig: 250, 250\r\n  offset: 31, 2\r\n  index: -1\r\njieshuan_mbj_tx23/jieshuan_mbj_tx23_12\r\n  rotate: true\r\n  xy: 2, 2\r\n  size: 222, 242\r\n  orig: 250, 250\r\n  offset: 20, 2\r\n  index: -1\r\njieshuan_mfb_tx/jieshuan_mfb_tx_06\r\n  rotate: false\r\n  xy: 1696, 796\r\n  size: 273, 375\r\n  orig: 328, 500\r\n  offset: 27, 12\r\n  index: -1\r\njieshuan_mfb_tx/jieshuan_mfb_tx_07\r\n  rotate: true\r\n  xy: 843, 593\r\n  size: 274, 423\r\n  orig: 328, 500\r\n  offset: 26, 17\r\n  index: -1\r\njieshuan_mfb_tx/jieshuan_mfb_tx_08\r\n  rotate: true\r\n  xy: 1268, 441\r\n  size: 274, 368\r\n  orig: 328, 500\r\n  offset: 26, 99\r\n  index: -1\r\njieshuan_mfb_tx/jieshuan_mfb_tx_09\r\n  rotate: false\r\n  xy: 391, 297\r\n  size: 273, 360\r\n  orig: 328, 500\r\n  offset: 27, 107\r\n  index: -1\r\njieshuan_mfb_tx/jieshuan_mfb_tx_10\r\n  rotate: true\r\n  xy: 972, 318\r\n  size: 273, 292\r\n  orig: 328, 500\r\n  offset: 27, 175\r\n  index: -1\r\nk1\r\n  rotate: false\r\n  xy: 892, 1614\r\n  size: 836, 432\r\n  orig: 838, 434\r\n  offset: 1, 1\r\n  index: -1\r\nm4\r\n  rotate: false\r\n  xy: 1500, 1489\r\n  size: 112, 123\r\n  orig: 114, 125\r\n  offset: 1, 1\r\n  index: -1\r\nszd\r\n  rotate: false\r\n  xy: 892, 1488\r\n  size: 606, 124\r\n  orig: 608, 126\r\n  offset: 1, 1\r\n  index: -1\r\n特效/2\r\n  rotate: false\r\n  xy: 2, 1056\r\n  size: 847, 490\r\n  orig: 892, 503\r\n  offset: 21, 6\r\n  index: -1\r\n特效/5\r\n  rotate: false\r\n  xy: 2, 1548\r\n  size: 888, 498\r\n  orig: 892, 503\r\n  offset: 1, 2\r\n  index: -1\r\n特效2/01\r\n  rotate: false\r\n  xy: 1559, 149\r\n  size: 265, 290\r\n  orig: 314, 306\r\n  offset: 41, 8\r\n  index: -1\r\n特效2/02\r\n  rotate: false\r\n  xy: 1012, 20\r\n  size: 272, 296\r\n  orig: 314, 306\r\n  offset: 38, 5\r\n  index: -1\r\n特效2/03\r\n  rotate: false\r\n  xy: 1286, 143\r\n  size: 271, 296\r\n  orig: 314, 306\r\n  offset: 39, 5\r\n  index: -1\r\n特效2/04\r\n  rotate: true\r\n  xy: 1696, 528\r\n  size: 266, 290\r\n  orig: 314, 306\r\n  offset: 40, 8\r\n  index: -1\r\n特效2/06\r\n  rotate: true\r\n  xy: 666, 311\r\n  size: 280, 304\r\n  orig: 314, 306\r\n  offset: 34, 2\r\n  index: -1\r\n特效2/07\r\n  rotate: false\r\n  xy: 730, 6\r\n  size: 280, 303\r\n  orig: 314, 306\r\n  offset: 34, 2\r\n  index: -1\r\n\r\nfreespine_js4.png\r\nsize: 2048,512\r\nformat: RGBA8888\r\nfilter: Linear,Linear\r\nrepeat: none\r\njieshuan_mbj_tx23/jieshuan_mbj_tx23_00\r\n  rotate: false\r\n  xy: 513, 256\r\n  size: 231, 239\r\n  orig: 250, 250\r\n  offset: 5, 2\r\n  index: -1\r\njieshuan_mbj_tx23/jieshuan_mbj_tx23_01\r\n  rotate: true\r\n  xy: 1233, 268\r\n  size: 227, 236\r\n  orig: 250, 250\r\n  offset: 8, 2\r\n  index: -1\r\njieshuan_mbj_tx23/jieshuan_mbj_tx23_02\r\n  rotate: true\r\n  xy: 1471, 272\r\n  size: 223, 236\r\n  orig: 250, 250\r\n  offset: 11, 2\r\n  index: -1\r\njieshuan_mbj_tx23/jieshuan_mbj_tx23_04\r\n  rotate: true\r\n  xy: 276, 31\r\n  size: 221, 234\r\n  orig: 250, 250\r\n  offset: 18, 2\r\n  index: -1\r\njieshuan_mbj_tx23/jieshuan_mbj_tx23_05\r\n  rotate: true\r\n  xy: 1709, 273\r\n  size: 222, 235\r\n  orig: 250, 250\r\n  offset: 19, 2\r\n  index: -1\r\njieshuan_mbj_tx23/jieshuan_mbj_tx23_06\r\n  rotate: true\r\n  xy: 746, 42\r\n  size: 221, 228\r\n  orig: 250, 250\r\n  offset: 23, 20\r\n  index: -1\r\njieshuan_mbj_tx23/jieshuan_mbj_tx23_11\r\n  rotate: true\r\n  xy: 988, 270\r\n  size: 225, 243\r\n  orig: 250, 250\r\n  offset: 18, 2\r\n  index: -1\r\njieshuan_mbj_tx23/jieshuan_mbj_tx23_13\r\n  rotate: false\r\n  xy: 276, 254\r\n  size: 235, 241\r\n  orig: 250, 250\r\n  offset: 5, 2\r\n  index: -1\r\njieshuan_mbj_tx23/jieshuan_mbj_tx23_14\r\n  rotate: true\r\n  xy: 746, 265\r\n  size: 230, 240\r\n  orig: 250, 250\r\n  offset: 8, 2\r\n  index: -1\r\njieshuan_mfb_tx/jieshuan_mfb_tx_12\r\n  rotate: false\r\n  xy: 2, 2\r\n  size: 222, 205\r\n  orig: 328, 500\r\n  offset: 29, 261\r\n  index: -1\r\n特效2/05\r\n  rotate: false\r\n  xy: 2, 209\r\n  size: 272, 286\r\n  orig: 314, 306\r\n  offset: 38, 16\r\n  index: -1\r\n",["freespine_js.png","freespine_js2.png","freespine_js3.png","freespine_js4.png"],{"skeleton":{"hash":"DXMadmh5DXHo+Vz0Ea6e38g16pQ","spine":"3.6.53","width":1651.86,"height":1185,"images":""},"bones":[{"name":"root"},{"name":"bone","parent":"root"},{"name":"k1","parent":"bone"},{"name":"bg2","parent":"k1","x":4,"y":97.74,"color":"f23232ff"},{"name":"bg1","parent":"bg2","x":24.47,"y":-0.63,"scaleX":1.191,"scaleY":1.191,"color":"f23232ff"},{"name":"fr_z","parent":"k1","x":0.73,"y":-158.09},{"name":"fr","parent":"fr_z","x":177.74},{"name":"hg","parent":"k1","x":3.78,"y":291.51},{"name":"in","parent":"fr_z","x":-268.06,"y":0.75},{"name":"jb","parent":"k1","x":4.48,"y":-55.94},{"name":"jieshuan_m_tx2","parent":"root","y":-43.38,"scaleX":3,"scaleY":3},{"name":"js_bj_lizi","parent":"root","x":429.8,"scaleX":2.024,"scaleY":2.024},{"name":"js_bj_lizi2","parent":"root","x":-426.19,"scaleX":2.024,"scaleY":2.024},{"name":"k3","parent":"k1","x":-0.57,"y":236.57},{"name":"m1","parent":"bone","x":-741.43,"y":-82.18},{"name":"m3","parent":"bone","length":293.57,"rotation":114.39,"x":-363.29,"y":-246.72},{"name":"m5","parent":"m3","x":348.24,"y":4.39},{"name":"m4","parent":"m5","x":0.48,"y":-0.37,"color":"374dffff"},{"name":"m6","parent":"hg","rotation":114.39,"x":0.84,"y":2.76,"scaleX":1.191,"scaleY":1.191,"color":"374dffff"},{"name":"m7","parent":"bone","rotation":114.39,"x":430.36,"y":228.74,"scaleX":1.178,"scaleY":1.178,"color":"374dffff"},{"name":"m8","parent":"bone","rotation":114.39,"x":291.62,"y":-99.97,"scaleX":0.684,"scaleY":0.684,"color":"374dffff"},{"name":"m9","parent":"bone","rotation":114.39,"x":-423.79,"y":-218.74,"scaleX":1.169,"scaleY":1.169,"color":"374dffff"},{"name":"m10","parent":"bone","rotation":114.39,"x":429.5,"y":-218.82,"scaleX":1.185,"scaleY":1.185,"color":"374dffff"},{"name":"m11","parent":"bone","rotation":114.39,"x":-421.77,"y":228.89,"scaleX":1.191,"scaleY":1.191,"color":"374dffff"},{"name":"m12","parent":"m5","rotation":-16.41,"x":0.19,"y":9.53,"scaleX":0.689,"scaleY":0.689},{"name":"mfb_tx01","parent":"m3","rotation":-88.48,"x":7.78,"y":-4.68},{"name":"sz","parent":"fr_z","x":-125.62,"y":1.63},{"name":"szd","parent":"k1","x":0.13,"y":-55.82},{"name":"txt1","parent":"k1","x":8.72,"y":150.84},{"name":"txt2","parent":"k1","x":-3.13,"y":47.2},{"name":"zc","parent":"bone","x":13.39,"y":2.39,"scaleX":2.075,"scaleY":2.075}],"slots":[{"name":"bj","bone":"root","attachment":"bj"},{"name":"bg1","bone":"bg1","attachment":"bg1","blend":"additive"},{"name":"bg2","bone":"bg2","attachment":"bg2"},{"name":"jieshuan_mbj_tx23/jieshuan_mbj_tx23_00","bone":"js_bj_lizi","attachment":"jieshuan_mbj_tx23/jieshuan_mbj_tx23_14","blend":"additive"},{"name":"jieshuan_mbj_tx23/jieshuan_mbj_tx23_0","bone":"js_bj_lizi2","attachment":"jieshuan_mbj_tx23/jieshuan_mbj_tx23_14","blend":"additive"},{"name":"k1","bone":"k1","attachment":"k1"},{"name":"k4","bone":"k1","attachment":"k1","blend":"additive"},{"name":"k2","bone":"k3","attachment":"k2"},{"name":"k3","bone":"k3","attachment":"k2","blend":"additive"},{"name":"hg","bone":"hg","attachment":"hg"},{"name":"szd","bone":"szd","attachment":"szd"},{"name":"szd2","bone":"szd","attachment":"szd","blend":"additive"},{"name":"m12","bone":"m12","attachment":"特效2/07","blend":"screen"},{"name":"m1","bone":"m1","attachment":"m1","blend":"additive"},{"name":"m2","bone":"m3","attachment":"m2"},{"name":"m3","bone":"m5","attachment":"m3"},{"name":"m4","bone":"m4","attachment":"m4","blend":"additive"},{"name":"m5","bone":"m6","attachment":"m4","blend":"additive"},{"name":"m10","bone":"m11","attachment":"m4","blend":"additive"},{"name":"m6","bone":"m7","attachment":"m4","blend":"additive"},{"name":"m7","bone":"m8","attachment":"m4","blend":"additive"},{"name":"m9","bone":"m10","attachment":"m4","blend":"additive"},{"name":"m8","bone":"m9","attachment":"m4","blend":"additive"},{"name":"txt1","bone":"txt1","attachment":"txt1"},{"name":"txt2","bone":"txt2","attachment":"txt2"},{"name":"in","bone":"in","attachment":"in"},{"name":"fr","bone":"fr","attachment":"fr"},{"name":"sz","bone":"sz","attachment":"sz"},{"name":"jb","bone":"jb","color":"e3ff46ff","attachment":"jb"},{"name":"zc","bone":"zc"},{"name":"mfb_tx01","bone":"mfb_tx01","attachment":"jieshuan_mfb_tx/jieshuan_mfb_tx_05","blend":"additive"},{"name":"jieshuan_m_tx2","bone":"jieshuan_m_tx2","attachment":"jieshuan_m_tx2/jieshuan_m_tx2_12","blend":"additive"}],"skins":{"default":{"bg1":{"bg1":{"x":-42.77,"y":-72.79,"width":1077,"height":597}},"bg2":{"bg2":{"x":0.32,"y":-67.93,"width":958,"height":628}},"bj":{"bj":{"type":"clipping","end":"bj","vertexCount":4,"color":"ce3a3aff","vertices":[-900.76,359.24,-900.36,-360.55,899.22,-360.76,900.63,359.51]}},"fr":{"fr":{"type":"boundingbox","vertexCount":4,"vertices":[-246.03,40.87,239.98,45.46,241.82,-48.08,-247.86,-43.49]}},"hg":{"hg":{"x":0.55,"y":-0.69,"width":156,"height":92}},"in":{"in":{"type":"boundingbox","vertexCount":4,"vertices":[85.88,40.92,85.88,-40.71,-83.29,-44.26,-80.93,42.1]}},"jb":{"jb":{"type":"boundingbox","vertexCount":4,"vertices":[-282.17,44.36,284.64,44.36,283.33,-43.14,-284.78,-43.14]}},"jieshuan_m_tx2":{"jieshuan_m_tx2/jieshuan_m_tx2_02":{"width":500,"height":395},"jieshuan_m_tx2/jieshuan_m_tx2_03":{"width":500,"height":395},"jieshuan_m_tx2/jieshuan_m_tx2_04":{"width":500,"height":395},"jieshuan_m_tx2/jieshuan_m_tx2_05":{"width":500,"height":395},"jieshuan_m_tx2/jieshuan_m_tx2_06":{"width":500,"height":395},"jieshuan_m_tx2/jieshuan_m_tx2_07":{"width":500,"height":395},"jieshuan_m_tx2/jieshuan_m_tx2_08":{"width":500,"height":395},"jieshuan_m_tx2/jieshuan_m_tx2_09":{"width":500,"height":395},"jieshuan_m_tx2/jieshuan_m_tx2_10":{"width":500,"height":395},"jieshuan_m_tx2/jieshuan_m_tx2_11":{"width":500,"height":395},"jieshuan_m_tx2/jieshuan_m_tx2_12":{"width":500,"height":395},"jieshuan_m_tx2/jieshuan_m_tx2_13":{"width":500,"height":395},"jieshuan_m_tx2/jieshuan_m_tx2_14":{"width":500,"height":395},"jieshuan_m_tx2/jieshuan_m_tx2_15":{"width":500,"height":395}},"jieshuan_mbj_tx23/jieshuan_mbj_tx23_0":{"jieshuan_mbj_tx23/jieshuan_mbj_tx23_00":{"width":250,"height":250},"jieshuan_mbj_tx23/jieshuan_mbj_tx23_01":{"width":250,"height":250},"jieshuan_mbj_tx23/jieshuan_mbj_tx23_02":{"width":250,"height":250},"jieshuan_mbj_tx23/jieshuan_mbj_tx23_03":{"width":250,"height":250},"jieshuan_mbj_tx23/jieshuan_mbj_tx23_04":{"width":250,"height":250},"jieshuan_mbj_tx23/jieshuan_mbj_tx23_05":{"width":250,"height":250},"jieshuan_mbj_tx23/jieshuan_mbj_tx23_06":{"width":250,"height":250},"jieshuan_mbj_tx23/jieshuan_mbj_tx23_07":{"width":250,"height":250},"jieshuan_mbj_tx23/jieshuan_mbj_tx23_08":{"width":250,"height":250},"jieshuan_mbj_tx23/jieshuan_mbj_tx23_09":{"width":250,"height":250},"jieshuan_mbj_tx23/jieshuan_mbj_tx23_10":{"width":250,"height":250},"jieshuan_mbj_tx23/jieshuan_mbj_tx23_11":{"width":250,"height":250},"jieshuan_mbj_tx23/jieshuan_mbj_tx23_12":{"width":250,"height":250},"jieshuan_mbj_tx23/jieshuan_mbj_tx23_13":{"width":250,"height":250},"jieshuan_mbj_tx23/jieshuan_mbj_tx23_14":{"width":250,"height":250}},"jieshuan_mbj_tx23/jieshuan_mbj_tx23_00":{"jieshuan_mbj_tx23/jieshuan_mbj_tx23_00":{"width":250,"height":250},"jieshuan_mbj_tx23/jieshuan_mbj_tx23_01":{"width":250,"height":250},"jieshuan_mbj_tx23/jieshuan_mbj_tx23_02":{"width":250,"height":250},"jieshuan_mbj_tx23/jieshuan_mbj_tx23_03":{"width":250,"height":250},"jieshuan_mbj_tx23/jieshuan_mbj_tx23_04":{"width":250,"height":250},"jieshuan_mbj_tx23/jieshuan_mbj_tx23_05":{"width":250,"height":250},"jieshuan_mbj_tx23/jieshuan_mbj_tx23_06":{"width":250,"height":250},"jieshuan_mbj_tx23/jieshuan_mbj_tx23_07":{"width":250,"height":250},"jieshuan_mbj_tx23/jieshuan_mbj_tx23_08":{"width":250,"height":250},"jieshuan_mbj_tx23/jieshuan_mbj_tx23_09":{"width":250,"height":250},"jieshuan_mbj_tx23/jieshuan_mbj_tx23_10":{"width":250,"height":250},"jieshuan_mbj_tx23/jieshuan_mbj_tx23_11":{"width":250,"height":250},"jieshuan_mbj_tx23/jieshuan_mbj_tx23_12":{"width":250,"height":250},"jieshuan_mbj_tx23/jieshuan_mbj_tx23_13":{"width":250,"height":250},"jieshuan_mbj_tx23/jieshuan_mbj_tx23_14":{"width":250,"height":250}},"k1":{"k1":{"x":4.33,"y":8.81,"width":838,"height":434}},"k2":{"k2":{"x":4.9,"y":-226.76,"width":928,"height":538}},"k3":{"k2":{"x":4.9,"y":-226.76,"width":928,"height":538}},"k4":{"k1":{"x":4.33,"y":8.81,"width":838,"height":434}},"m1":{"m1":{"x":-0.44,"y":6.47,"width":320,"height":260}},"m10":{"m4":{"x":-0.22,"y":-0.53,"rotation":-114.39,"width":114,"height":125}},"m12":{"特效2/01":{"rotation":-116.14,"width":314,"height":306},"特效2/02":{"rotation":-116.14,"width":314,"height":306},"特效2/03":{"rotation":-116.14,"width":314,"height":306},"特效2/04":{"rotation":-116.14,"width":314,"height":306},"特效2/05":{"rotation":-116.14,"width":314,"height":306},"特效2/06":{"rotation":-116.14,"width":314,"height":306},"特效2/07":{"rotation":-116.14,"width":314,"height":306}},"m2":{"m2":{"x":153.17,"y":2.35,"rotation":-114.39,"width":160,"height":328}},"m3":{"m3":{"x":-3.24,"y":2.13,"rotation":-114.39,"width":70,"height":64}},"m4":{"m4":{"x":-0.22,"y":-0.53,"rotation":-114.39,"width":114,"height":125}},"m5":{"m4":{"x":-0.22,"y":-0.53,"rotation":-114.39,"width":114,"height":125}},"m6":{"m4":{"x":-0.22,"y":-0.53,"rotation":-114.39,"width":114,"height":125}},"m7":{"m4":{"x":-0.22,"y":-0.53,"rotation":-114.39,"width":114,"height":125}},"m8":{"m4":{"x":-0.22,"y":-0.53,"rotation":-114.39,"width":114,"height":125}},"m9":{"m4":{"x":-0.22,"y":-0.53,"rotation":-114.39,"width":114,"height":125}},"mfb_tx01":{"jieshuan_mfb_tx/jieshuan_mfb_tx_00":{"y":187.35,"width":328,"height":500},"jieshuan_mfb_tx/jieshuan_mfb_tx_01":{"y":187.35,"width":328,"height":500},"jieshuan_mfb_tx/jieshuan_mfb_tx_02":{"y":187.35,"width":328,"height":500},"jieshuan_mfb_tx/jieshuan_mfb_tx_03":{"y":187.35,"width":328,"height":500},"jieshuan_mfb_tx/jieshuan_mfb_tx_04":{"y":187.35,"width":328,"height":500},"jieshuan_mfb_tx/jieshuan_mfb_tx_05":{"y":187.35,"width":328,"height":500},"jieshuan_mfb_tx/jieshuan_mfb_tx_06":{"y":187.35,"width":328,"height":500},"jieshuan_mfb_tx/jieshuan_mfb_tx_07":{"y":187.35,"width":328,"height":500},"jieshuan_mfb_tx/jieshuan_mfb_tx_08":{"y":187.35,"width":328,"height":500},"jieshuan_mfb_tx/jieshuan_mfb_tx_09":{"y":187.35,"width":328,"height":500},"jieshuan_mfb_tx/jieshuan_mfb_tx_10":{"y":187.35,"width":328,"height":500},"jieshuan_mfb_tx/jieshuan_mfb_tx_11":{"y":187.35,"width":328,"height":500},"jieshuan_mfb_tx/jieshuan_mfb_tx_12":{"y":187.35,"width":328,"height":500},"jieshuan_mfb_tx/jieshuan_mfb_tx_13":{"y":187.35,"width":328,"height":500},"jieshuan_mfb_tx/jieshuan_mfb_tx_14":{"y":187.35,"width":328,"height":500}},"sz":{"sz":{"type":"boundingbox","vertexCount":4,"vertices":[-55.97,39.54,55.77,40.29,55.02,-44.27,-57.48,-42.76]}},"szd":{"szd":{"x":4.2,"y":-0.37,"width":608,"height":126}},"szd2":{"szd":{"x":4.2,"y":-0.37,"width":608,"height":126}},"txt1":{"txt1":{"type":"boundingbox","vertexCount":4,"vertices":[-419.35,62.87,-421.87,-64.29,406.55,-66.8,411.59,75.46]}},"txt2":{"txt2":{"type":"boundingbox","vertexCount":4,"vertices":[-402.55,57.46,-403.85,-49.63,416.31,-58.78,417.62,54.85]}},"zc":{"特效/1":{"width":892,"height":503},"特效/2":{"width":892,"height":503},"特效/3":{"width":892,"height":503},"特效/4":{"width":892,"height":503},"特效/5":{"width":892,"height":503},"特效/6":{"width":892,"height":503},"特效/7":{"width":892,"height":503},"特效/8":{"width":892,"height":503},"特效/9":{"width":892,"height":503},"特效/10":{"width":892,"height":503},"特效/11":{"width":892,"height":503},"特效/12":{"width":892,"height":503},"特效/13":{"width":892,"height":503},"特效/14":{"width":892,"height":503},"特效/15":{"width":892,"height":503}}}},"animations":{"cx":{"slots":{"bg1":{"color":[{"time":0,"color":"ffffff00","curve":"stepped"},{"time":1.1667,"color":"ffffff00"},{"time":1.3333,"color":"ffffffff"}]},"bg2":{"color":[{"time":0,"color":"ffffff00","curve":"stepped"},{"time":1.1667,"color":"ffffff00"},{"time":1.3333,"color":"ffffffff"}]},"fr":{"color":[{"time":0,"color":"ffffff00","curve":"stepped"},{"time":1.5,"color":"ffffff00"},{"time":1.6667,"color":"ffffffff"}]},"hg":{"color":[{"time":0,"color":"ffffff00","curve":"stepped"},{"time":1.0667,"color":"ffffff00"},{"time":1.2333,"color":"ffffffff"}]},"in":{"color":[{"time":0,"color":"ffffff00","curve":"stepped"},{"time":1.5,"color":"ffffff00"},{"time":1.6667,"color":"ffffffff"}]},"jb":{"color":[{"time":0,"color":"ffffff00","curve":"stepped"},{"time":1.3667,"color":"ffffff00","curve":"stepped"},{"time":1.5,"color":"ffffff00"},{"time":1.5333,"color":"ffffffff","curve":"stepped"},{"time":1.6667,"color":"ffffffff"}]},"jieshuan_m_tx2":{"attachment":[{"time":0,"name":null},{"time":1.1667,"name":"jieshuan_m_tx2/jieshuan_m_tx2_02"},{"time":1.2333,"name":"jieshuan_m_tx2/jieshuan_m_tx2_03"},{"time":1.3,"name":"jieshuan_m_tx2/jieshuan_m_tx2_04"},{"time":1.3667,"name":"jieshuan_m_tx2/jieshuan_m_tx2_05"},{"time":1.4333,"name":"jieshuan_m_tx2/jieshuan_m_tx2_06"},{"time":1.5,"name":"jieshuan_m_tx2/jieshuan_m_tx2_07"},{"time":1.5667,"name":"jieshuan_m_tx2/jieshuan_m_tx2_08"},{"time":1.6333,"name":"jieshuan_m_tx2/jieshuan_m_tx2_09"},{"time":1.7,"name":"jieshuan_m_tx2/jieshuan_m_tx2_10"},{"time":1.7667,"name":"jieshuan_m_tx2/jieshuan_m_tx2_11"},{"time":1.8333,"name":"jieshuan_m_tx2/jieshuan_m_tx2_12"},{"time":1.9,"name":"jieshuan_m_tx2/jieshuan_m_tx2_13"},{"time":1.9667,"name":"jieshuan_m_tx2/jieshuan_m_tx2_14"},{"time":2.0333,"name":"jieshuan_m_tx2/jieshuan_m_tx2_15"},{"time":2.1,"name":null}]},"jieshuan_mbj_tx23/jieshuan_mbj_tx23_00":{"color":[{"time":0,"color":"ffffff00","curve":"stepped"},{"time":1.3333,"color":"ffffffff"}],"attachment":[{"time":0,"name":null},{"time":0.7333,"name":"jieshuan_mbj_tx23/jieshuan_mbj_tx23_00"},{"time":0.8,"name":"jieshuan_mbj_tx23/jieshuan_mbj_tx23_01"},{"time":0.8667,"name":"jieshuan_mbj_tx23/jieshuan_mbj_tx23_02"},{"time":0.9333,"name":"jieshuan_mbj_tx23/jieshuan_mbj_tx23_03"},{"time":1,"name":"jieshuan_mbj_tx23/jieshuan_mbj_tx23_04"},{"time":1.0667,"name":"jieshuan_mbj_tx23/jieshuan_mbj_tx23_05"},{"time":1.1333,"name":"jieshuan_mbj_tx23/jieshuan_mbj_tx23_06"},{"time":1.2,"name":"jieshuan_mbj_tx23/jieshuan_mbj_tx23_07"},{"time":1.2667,"name":"jieshuan_mbj_tx23/jieshuan_mbj_tx23_08"},{"time":1.3333,"name":"jieshuan_mbj_tx23/jieshuan_mbj_tx23_09"},{"time":1.4,"name":"jieshuan_mbj_tx23/jieshuan_mbj_tx23_10"},{"time":1.4667,"name":"jieshuan_mbj_tx23/jieshuan_mbj_tx23_11"},{"time":1.5333,"name":"jieshuan_mbj_tx23/jieshuan_mbj_tx23_12"},{"time":1.6,"name":"jieshuan_mbj_tx23/jieshuan_mbj_tx23_13"},{"time":1.6667,"name":"jieshuan_mbj_tx23/jieshuan_mbj_tx23_14"},{"time":1.7333,"name":"jieshuan_mbj_tx23/jieshuan_mbj_tx23_00"},{"time":1.8,"name":"jieshuan_mbj_tx23/jieshuan_mbj_tx23_01"},{"time":1.8667,"name":"jieshuan_mbj_tx23/jieshuan_mbj_tx23_02"},{"time":1.9333,"name":"jieshuan_mbj_tx23/jieshuan_mbj_tx23_03"},{"time":2,"name":"jieshuan_mbj_tx23/jieshuan_mbj_tx23_04"},{"time":2.0667,"name":"jieshuan_mbj_tx23/jieshuan_mbj_tx23_05"},{"time":2.1333,"name":"jieshuan_mbj_tx23/jieshuan_mbj_tx23_06"},{"time":2.2,"name":"jieshuan_mbj_tx23/jieshuan_mbj_tx23_07"},{"time":2.2667,"name":"jieshuan_mbj_tx23/jieshuan_mbj_tx23_08"},{"time":2.3333,"name":"jieshuan_mbj_tx23/jieshuan_mbj_tx23_09"},{"time":2.4,"name":"jieshuan_mbj_tx23/jieshuan_mbj_tx23_10"},{"time":2.4667,"name":"jieshuan_mbj_tx23/jieshuan_mbj_tx23_11"},{"time":2.5333,"name":"jieshuan_mbj_tx23/jieshuan_mbj_tx23_12"},{"time":2.6,"name":"jieshuan_mbj_tx23/jieshuan_mbj_tx23_13"},{"time":2.6667,"name":"jieshuan_mbj_tx23/jieshuan_mbj_tx23_14"}]},"jieshuan_mbj_tx23/jieshuan_mbj_tx23_0":{"color":[{"time":0,"color":"ffffff00","curve":"stepped"},{"time":1.3333,"color":"ffffffff"}],"attachment":[{"time":0,"name":null},{"time":0.7333,"name":"jieshuan_mbj_tx23/jieshuan_mbj_tx23_00"},{"time":0.8,"name":"jieshuan_mbj_tx23/jieshuan_mbj_tx23_01"},{"time":0.8667,"name":"jieshuan_mbj_tx23/jieshuan_mbj_tx23_02"},{"time":0.9333,"name":"jieshuan_mbj_tx23/jieshuan_mbj_tx23_03"},{"time":1,"name":"jieshuan_mbj_tx23/jieshuan_mbj_tx23_04"},{"time":1.0667,"name":"jieshuan_mbj_tx23/jieshuan_mbj_tx23_05"},{"time":1.1333,"name":"jieshuan_mbj_tx23/jieshuan_mbj_tx23_06"},{"time":1.2,"name":"jieshuan_mbj_tx23/jieshuan_mbj_tx23_07"},{"time":1.2667,"name":"jieshuan_mbj_tx23/jieshuan_mbj_tx23_08"},{"time":1.3333,"name":"jieshuan_mbj_tx23/jieshuan_mbj_tx23_09"},{"time":1.4,"name":"jieshuan_mbj_tx23/jieshuan_mbj_tx23_10"},{"time":1.4667,"name":"jieshuan_mbj_tx23/jieshuan_mbj_tx23_11"},{"time":1.5333,"name":"jieshuan_mbj_tx23/jieshuan_mbj_tx23_12"},{"time":1.6,"name":"jieshuan_mbj_tx23/jieshuan_mbj_tx23_13"},{"time":1.6667,"name":"jieshuan_mbj_tx23/jieshuan_mbj_tx23_14"},{"time":1.7333,"name":"jieshuan_mbj_tx23/jieshuan_mbj_tx23_00"},{"time":1.8,"name":"jieshuan_mbj_tx23/jieshuan_mbj_tx23_01"},{"time":1.8667,"name":"jieshuan_mbj_tx23/jieshuan_mbj_tx23_02"},{"time":1.9333,"name":"jieshuan_mbj_tx23/jieshuan_mbj_tx23_03"},{"time":2,"name":"jieshuan_mbj_tx23/jieshuan_mbj_tx23_04"},{"time":2.0667,"name":"jieshuan_mbj_tx23/jieshuan_mbj_tx23_05"},{"time":2.1333,"name":"jieshuan_mbj_tx23/jieshuan_mbj_tx23_06"},{"time":2.2,"name":"jieshuan_mbj_tx23/jieshuan_mbj_tx23_07"},{"time":2.2667,"name":"jieshuan_mbj_tx23/jieshuan_mbj_tx23_08"},{"time":2.3333,"name":"jieshuan_mbj_tx23/jieshuan_mbj_tx23_09"},{"time":2.4,"name":"jieshuan_mbj_tx23/jieshuan_mbj_tx23_10"},{"time":2.4667,"name":"jieshuan_mbj_tx23/jieshuan_mbj_tx23_11"},{"time":2.5333,"name":"jieshuan_mbj_tx23/jieshuan_mbj_tx23_12"},{"time":2.6,"name":"jieshuan_mbj_tx23/jieshuan_mbj_tx23_13"},{"time":2.6667,"name":"jieshuan_mbj_tx23/jieshuan_mbj_tx23_14"}]},"k1":{"color":[{"time":0,"color":"ffffff00","curve":"stepped"},{"time":1.1667,"color":"ffffff00"},{"time":1.3333,"color":"ffffffff","curve":"stepped"},{"time":1.5333,"color":"ffffffff"}]},"k2":{"color":[{"time":0,"color":"ffffff00","curve":"stepped"},{"time":1.1667,"color":"ffffff00"},{"time":1.3333,"color":"ffffffff"}]},"k3":{"color":[{"time":0,"color":"ffffff00","curve":"stepped"},{"time":1.1667,"color":"ffffff00"},{"time":1.3333,"color":"ffffffda"},{"time":1.6,"color":"ffffff00"}]},"k4":{"color":[{"time":0,"color":"ffffff00","curve":"stepped"},{"time":1.1667,"color":"ffffff00"},{"time":1.3333,"color":"ffffffb2"},{"time":1.5333,"color":"ffffff00"}]},"m1":{"color":[{"time":0,"color":"ffffff00","curve":"stepped"},{"time":1,"color":"ffffff00"},{"time":1.0333,"color":"fffffffc","curve":"stepped"},{"time":1.3333,"color":"fffffffc"},{"time":1.6667,"color":"ffffff00"}]},"m5":{"color":[{"time":0,"color":"ffffff00"}]},"m6":{"color":[{"time":0,"color":"ffffff00"}]},"m7":{"color":[{"time":0,"color":"ffffff00"}]},"m8":{"color":[{"time":0,"color":"ffffff00"}]},"m9":{"color":[{"time":0,"color":"ffffff00"}]},"m10":{"color":[{"time":0,"color":"ffffff00"}]},"m12":{"color":[{"time":0,"color":"ffffff00","curve":"stepped"},{"time":2.4667,"color":"ffffff00"},{"time":2.5,"color":"ffffffff"}],"attachment":[{"time":2.4667,"name":"特效2/01"},{"time":2.5,"name":"特效2/02"},{"time":2.5333,"name":"特效2/03"},{"time":2.5667,"name":"特效2/04"},{"time":2.6,"name":"特效2/05"},{"time":2.6333,"name":"特效2/06"},{"time":2.6667,"name":"特效2/07"}]},"mfb_tx01":{"attachment":[{"time":0,"name":null},{"time":0.3333,"name":"jieshuan_mfb_tx/jieshuan_mfb_tx_00"},{"time":0.4333,"name":"jieshuan_mfb_tx/jieshuan_mfb_tx_02"},{"time":0.5333,"name":"jieshuan_mfb_tx/jieshuan_mfb_tx_04"},{"time":0.6333,"name":"jieshuan_mfb_tx/jieshuan_mfb_tx_06"},{"time":0.7333,"name":"jieshuan_mfb_tx/jieshuan_mfb_tx_08"},{"time":0.8333,"name":"jieshuan_mfb_tx/jieshuan_mfb_tx_10"},{"time":0.9,"name":"jieshuan_mfb_tx/jieshuan_mfb_tx_11"},{"time":0.9667,"name":"jieshuan_mfb_tx/jieshuan_mfb_tx_12"},{"time":1.0333,"name":"jieshuan_mfb_tx/jieshuan_mfb_tx_13"},{"time":1.1,"name":"jieshuan_mfb_tx/jieshuan_mfb_tx_14"},{"time":1.1667,"name":null},{"time":2.2667,"name":"jieshuan_mfb_tx/jieshuan_mfb_tx_06"},{"time":2.3,"name":"jieshuan_mfb_tx/jieshuan_mfb_tx_07"},{"time":2.3333,"name":"jieshuan_mfb_tx/jieshuan_mfb_tx_08"},{"time":2.3667,"name":"jieshuan_mfb_tx/jieshuan_mfb_tx_09"},{"time":2.4,"name":"jieshuan_mfb_tx/jieshuan_mfb_tx_10"},{"time":2.4333,"name":"jieshuan_mfb_tx/jieshuan_mfb_tx_11"},{"time":2.4667,"name":"jieshuan_mfb_tx/jieshuan_mfb_tx_12"},{"time":2.5,"name":"jieshuan_mfb_tx/jieshuan_mfb_tx_13"},{"time":2.5333,"name":"jieshuan_mfb_tx/jieshuan_mfb_tx_14"},{"time":2.5667,"name":null}]},"sz":{"color":[{"time":0,"color":"ffffff00","curve":"stepped"},{"time":1.5,"color":"ffffff00"},{"time":1.6667,"color":"ffffffff"}]},"szd":{"color":[{"time":0,"color":"ffffff00","curve":"stepped"},{"time":1.3333,"color":"ffffff00"},{"time":1.5,"color":"ffffffff"}]},"szd2":{"color":[{"time":0,"color":"ffffff00","curve":"stepped"},{"time":1.3333,"color":"ffffff00"}]},"txt1":{"color":[{"time":0,"color":"ffffff00","curve":"stepped"},{"time":1.2333,"color":"ffffff00"},{"time":1.4,"color":"ffffffff"}]},"txt2":{"color":[{"time":0,"color":"ffffff00","curve":"stepped"},{"time":1.3667,"color":"ffffff00"},{"time":1.5333,"color":"fffffffd"}]},"zc":{"color":[{"time":0,"color":"ffffff00"}]}},"bones":{"m3":{"rotate":[{"time":0,"angle":0,"curve":"stepped"},{"time":0.8333,"angle":0},{"time":1.1,"angle":2.29},{"time":1.3667,"angle":0,"curve":[0.893,0.4,0.882,0.76]},{"time":1.8667,"angle":-4.38,"curve":[0.222,0.39,0.51,0.73]},{"time":2.1667,"angle":-6.72},{"time":2.6667,"angle":-3.16}],"translate":[{"time":0,"x":-525.34,"y":-568.69,"curve":[0.25,0,0.75,1]},{"time":0.8333,"x":530.22,"y":-23.98},{"time":1.1,"x":521.91,"y":-32.3},{"time":1.3667,"x":530.22,"y":-23.98},{"time":1.8667,"x":27.63,"y":16.13},{"time":2.1667,"x":-106.4,"y":26.83},{"time":2.6667,"x":-33.16,"y":-2.53}],"scale":[{"time":0,"x":2.21,"y":2.21,"curve":[0.468,0.07,0.65,0.56]},{"time":0.8333,"x":1,"y":1,"curve":"stepped"},{"time":1.3667,"x":1,"y":1},{"time":1.8667,"x":0.909,"y":0.909},{"time":2.1667,"x":0.885,"y":0.885}],"shear":[{"time":0,"x":0,"y":0,"curve":"stepped"},{"time":0.8333,"x":0,"y":0},{"time":1.1,"x":5.11,"y":13.86},{"time":1.3667,"x":0,"y":0,"curve":"stepped"},{"time":1.8667,"x":0,"y":0}]},"k1":{"rotate":[{"time":0,"angle":0,"curve":"stepped"},{"time":1.1667,"angle":0,"curve":"stepped"},{"time":1.3333,"angle":0,"curve":"stepped"},{"time":1.5333,"angle":0}],"translate":[{"time":0,"x":0,"y":0,"curve":"stepped"},{"time":1.1667,"x":0,"y":0,"curve":"stepped"},{"time":1.3333,"x":0,"y":0,"curve":"stepped"},{"time":1.5333,"x":0,"y":0}],"scale":[{"time":0,"x":0.8,"y":0.8,"curve":"stepped"},{"time":1.1667,"x":0.8,"y":0.8},{"time":1.3333,"x":1.2,"y":1.2},{"time":1.5333,"x":1,"y":1}],"shear":[{"time":0,"x":0,"y":0,"curve":"stepped"},{"time":1.1667,"x":0,"y":0,"curve":"stepped"},{"time":1.3333,"x":0,"y":0,"curve":"stepped"},{"time":1.5333,"x":0,"y":0}]},"txt1":{"rotate":[{"time":0,"angle":0,"curve":"stepped"},{"time":1.2333,"angle":0,"curve":"stepped"},{"time":1.4,"angle":0,"curve":"stepped"},{"time":1.5667,"angle":0}],"translate":[{"time":0,"x":0,"y":0,"curve":"stepped"},{"time":1.2333,"x":0,"y":0},{"time":1.4,"x":0,"y":13.89},{"time":1.5667,"x":0,"y":0}],"scale":[{"time":0,"x":1,"y":1},{"time":1.2333,"x":0.5,"y":0.5},{"time":1.4,"x":1.2,"y":1.2},{"time":1.5667,"x":1,"y":1}],"shear":[{"time":0,"x":0,"y":0,"curve":"stepped"},{"time":1.2333,"x":0,"y":0,"curve":"stepped"},{"time":1.4,"x":0,"y":0,"curve":"stepped"},{"time":1.5667,"x":0,"y":0}]},"bg1":{"rotate":[{"time":0,"angle":0,"curve":"stepped"},{"time":1.1667,"angle":0,"curve":"stepped"},{"time":1.3333,"angle":0}],"translate":[{"time":0,"x":0,"y":0,"curve":"stepped"},{"time":1.1667,"x":0,"y":0,"curve":"stepped"},{"time":1.3333,"x":0,"y":0}],"scale":[{"time":0,"x":1,"y":1,"curve":"stepped"},{"time":1.1667,"x":1,"y":1,"curve":"stepped"},{"time":1.3333,"x":1,"y":1}],"shear":[{"time":0,"x":0,"y":0,"curve":"stepped"},{"time":1.1667,"x":0,"y":0,"curve":"stepped"},{"time":1.3333,"x":0,"y":0}]},"bg2":{"rotate":[{"time":0,"angle":0,"curve":"stepped"},{"time":1.1667,"angle":0,"curve":"stepped"},{"time":1.3333,"angle":0}],"translate":[{"time":0,"x":0,"y":0,"curve":"stepped"},{"time":1.1667,"x":0,"y":0,"curve":"stepped"},{"time":1.3333,"x":0,"y":0}],"scale":[{"time":0,"x":1,"y":1,"curve":"stepped"},{"time":1.1667,"x":1,"y":1,"curve":"stepped"},{"time":1.3333,"x":1,"y":1}],"shear":[{"time":0,"x":0,"y":0,"curve":"stepped"},{"time":1.1667,"x":0,"y":0,"curve":"stepped"},{"time":1.3333,"x":0,"y":0}]},"k3":{"rotate":[{"time":0,"angle":0,"curve":"stepped"},{"time":1.1667,"angle":0,"curve":"stepped"},{"time":1.3333,"angle":0}],"translate":[{"time":0,"x":0,"y":0,"curve":"stepped"},{"time":1.1667,"x":0,"y":0,"curve":"stepped"},{"time":1.3333,"x":0,"y":0}],"scale":[{"time":0,"x":1,"y":1,"curve":"stepped"},{"time":1.1667,"x":1,"y":1,"curve":"stepped"},{"time":1.3333,"x":1,"y":1}],"shear":[{"time":0,"x":0,"y":0,"curve":"stepped"},{"time":1.1667,"x":0,"y":0,"curve":"stepped"},{"time":1.3333,"x":0,"y":0}]},"hg":{"rotate":[{"time":0,"angle":0,"curve":"stepped"},{"time":1.0667,"angle":0,"curve":"stepped"},{"time":1.2333,"angle":0}],"translate":[{"time":0,"x":0,"y":0,"curve":"stepped"},{"time":1.0667,"x":0,"y":0,"curve":"stepped"},{"time":1.2333,"x":0,"y":0},{"time":1.3667,"x":0,"y":7.83},{"time":2.6667,"x":0,"y":-0.05}],"scale":[{"time":0,"x":1,"y":1,"curve":"stepped"},{"time":1.0667,"x":1,"y":1,"curve":"stepped"},{"time":1.2333,"x":1,"y":1}],"shear":[{"time":0,"x":0,"y":0,"curve":"stepped"},{"time":1.0667,"x":0,"y":0,"curve":"stepped"},{"time":1.2333,"x":0,"y":0}]},"szd":{"rotate":[{"time":0,"angle":0,"curve":"stepped"},{"time":1.3333,"angle":0,"curve":"stepped"},{"time":1.5,"angle":0}],"translate":[{"time":0,"x":0,"y":0,"curve":"stepped"},{"time":1.3333,"x":0,"y":0,"curve":"stepped"},{"time":1.5,"x":0,"y":0}],"scale":[{"time":0,"x":1,"y":1},{"time":1.3333,"x":0,"y":0},{"time":1.5,"x":1.2,"y":1.2},{"time":1.6667,"x":0.8,"y":0.8},{"time":1.8333,"x":1.1,"y":1.1},{"time":2,"x":1,"y":1}],"shear":[{"time":0,"x":0,"y":0,"curve":"stepped"},{"time":1.3333,"x":0,"y":0,"curve":"stepped"},{"time":1.5,"x":0,"y":0}]},"txt2":{"rotate":[{"time":1.3667,"angle":0,"curve":"stepped"},{"time":1.5333,"angle":0}],"translate":[{"time":1.3667,"x":0,"y":0,"curve":"stepped"},{"time":1.5333,"x":0,"y":0}],"scale":[{"time":1.3667,"x":0,"y":0},{"time":1.5333,"x":1.4,"y":1.4},{"time":1.7,"x":1,"y":1}],"shear":[{"time":1.3667,"x":0,"y":0,"curve":"stepped"},{"time":1.5333,"x":0,"y":0}]},"fr_z":{"rotate":[{"time":1.5,"angle":0,"curve":"stepped"},{"time":1.6667,"angle":0}],"translate":[{"time":1.5,"x":0,"y":0,"curve":"stepped"},{"time":1.6667,"x":0,"y":0}],"scale":[{"time":1.5,"x":0,"y":0},{"time":1.6667,"x":1.4,"y":1.4},{"time":1.8333,"x":1,"y":1}],"shear":[{"time":1.5,"x":0,"y":0,"curve":"stepped"},{"time":1.6667,"x":0,"y":0}]},"jb":{"rotate":[{"time":1.5,"angle":0,"curve":"stepped"},{"time":1.6667,"angle":0}],"translate":[{"time":1.5,"x":0,"y":0,"curve":"stepped"},{"time":1.6667,"x":0,"y":0}],"scale":[{"time":1.5,"x":0,"y":0},{"time":1.6667,"x":1.2,"y":1.2},{"time":1.8333,"x":1,"y":1}],"shear":[{"time":1.5,"x":0,"y":0,"curve":"stepped"},{"time":1.6667,"x":0,"y":0}]},"m1":{"rotate":[{"time":0,"angle":0,"curve":"stepped"},{"time":1.0333,"angle":0}],"translate":[{"time":0,"x":718.49,"y":97.56,"curve":"stepped"},{"time":1.0333,"x":718.49,"y":97.56,"curve":"stepped"},{"time":1.3333,"x":718.49,"y":97.56}],"scale":[{"time":0,"x":0,"y":0,"curve":"stepped"},{"time":1.0333,"x":0,"y":0},{"time":1.3333,"x":4,"y":4}],"shear":[{"time":0,"x":0,"y":0,"curve":"stepped"},{"time":1.0333,"x":0,"y":0}]},"mfb_tx01":{"scale":[{"time":0.3333,"x":1,"y":0.554},{"time":0.7667,"x":1,"y":1.03}]}},"drawOrder":[{"time":2.4667,"offsets":[{"slot":"m2","offset":-9}]}]},"cx2":{"slots":{"bg1":{"color":[{"time":0,"color":"ffffffff"},{"time":2,"color":"ffffff00"},{"time":4,"color":"ffffffff"},{"time":6,"color":"ffffff00"},{"time":8,"color":"ffffffff"}]},"jieshuan_m_tx2":{"attachment":[{"time":0,"name":null}]},"jieshuan_mbj_tx23/jieshuan_mbj_tx23_00":{"attachment":[{"time":0,"name":"jieshuan_mbj_tx23/jieshuan_mbj_tx23_00"},{"time":0.0667,"name":"jieshuan_mbj_tx23/jieshuan_mbj_tx23_01"},{"time":0.1333,"name":"jieshuan_mbj_tx23/jieshuan_mbj_tx23_02"},{"time":0.2,"name":"jieshuan_mbj_tx23/jieshuan_mbj_tx23_03"},{"time":0.2667,"name":"jieshuan_mbj_tx23/jieshuan_mbj_tx23_04"},{"time":0.3333,"name":"jieshuan_mbj_tx23/jieshuan_mbj_tx23_05"},{"time":0.4,"name":"jieshuan_mbj_tx23/jieshuan_mbj_tx23_06"},{"time":0.4667,"name":"jieshuan_mbj_tx23/jieshuan_mbj_tx23_07"},{"time":0.5333,"name":"jieshuan_mbj_tx23/jieshuan_mbj_tx23_08"},{"time":0.6,"name":"jieshuan_mbj_tx23/jieshuan_mbj_tx23_09"},{"time":0.6667,"name":"jieshuan_mbj_tx23/jieshuan_mbj_tx23_10"},{"time":0.7333,"name":"jieshuan_mbj_tx23/jieshuan_mbj_tx23_11"},{"time":0.8,"name":"jieshuan_mbj_tx23/jieshuan_mbj_tx23_12"},{"time":0.8667,"name":"jieshuan_mbj_tx23/jieshuan_mbj_tx23_13"},{"time":0.9333,"name":"jieshuan_mbj_tx23/jieshuan_mbj_tx23_14"},{"time":1,"name":"jieshuan_mbj_tx23/jieshuan_mbj_tx23_00"},{"time":1.0667,"name":"jieshuan_mbj_tx23/jieshuan_mbj_tx23_01"},{"time":1.1333,"name":"jieshuan_mbj_tx23/jieshuan_mbj_tx23_02"},{"time":1.2,"name":"jieshuan_mbj_tx23/jieshuan_mbj_tx23_03"},{"time":1.2667,"name":"jieshuan_mbj_tx23/jieshuan_mbj_tx23_04"},{"time":1.3333,"name":"jieshuan_mbj_tx23/jieshuan_mbj_tx23_05"},{"time":1.4,"name":"jieshuan_mbj_tx23/jieshuan_mbj_tx23_06"},{"time":1.4667,"name":"jieshuan_mbj_tx23/jieshuan_mbj_tx23_07"},{"time":1.5333,"name":"jieshuan_mbj_tx23/jieshuan_mbj_tx23_08"},{"time":1.6,"name":"jieshuan_mbj_tx23/jieshuan_mbj_tx23_09"},{"time":1.6667,"name":"jieshuan_mbj_tx23/jieshuan_mbj_tx23_10"},{"time":1.7333,"name":"jieshuan_mbj_tx23/jieshuan_mbj_tx23_11"},{"time":1.8,"name":"jieshuan_mbj_tx23/jieshuan_mbj_tx23_12"},{"time":1.8667,"name":"jieshuan_mbj_tx23/jieshuan_mbj_tx23_13"},{"time":1.9333,"name":"jieshuan_mbj_tx23/jieshuan_mbj_tx23_14"},{"time":2,"name":"jieshuan_mbj_tx23/jieshuan_mbj_tx23_00"},{"time":2.0667,"name":"jieshuan_mbj_tx23/jieshuan_mbj_tx23_01"},{"time":2.1333,"name":"jieshuan_mbj_tx23/jieshuan_mbj_tx23_02"},{"time":2.2,"name":"jieshuan_mbj_tx23/jieshuan_mbj_tx23_03"},{"time":2.2667,"name":"jieshuan_mbj_tx23/jieshuan_mbj_tx23_04"},{"time":2.3333,"name":"jieshuan_mbj_tx23/jieshuan_mbj_tx23_05"},{"time":2.4,"name":"jieshuan_mbj_tx23/jieshuan_mbj_tx23_06"},{"time":2.4667,"name":"jieshuan_mbj_tx23/jieshuan_mbj_tx23_07"},{"time":2.5333,"name":"jieshuan_mbj_tx23/jieshuan_mbj_tx23_08"},{"time":2.6,"name":"jieshuan_mbj_tx23/jieshuan_mbj_tx23_09"},{"time":2.6667,"name":"jieshuan_mbj_tx23/jieshuan_mbj_tx23_10"},{"time":2.7333,"name":"jieshuan_mbj_tx23/jieshuan_mbj_tx23_11"},{"time":2.8,"name":"jieshuan_mbj_tx23/jieshuan_mbj_tx23_12"},{"time":2.8667,"name":"jieshuan_mbj_tx23/jieshuan_mbj_tx23_13"},{"time":2.9333,"name":"jieshuan_mbj_tx23/jieshuan_mbj_tx23_14"},{"time":3,"name":"jieshuan_mbj_tx23/jieshuan_mbj_tx23_00"},{"time":3.0667,"name":"jieshuan_mbj_tx23/jieshuan_mbj_tx23_01"},{"time":3.1333,"name":"jieshuan_mbj_tx23/jieshuan_mbj_tx23_02"},{"time":3.2,"name":"jieshuan_mbj_tx23/jieshuan_mbj_tx23_03"},{"time":3.2667,"name":"jieshuan_mbj_tx23/jieshuan_mbj_tx23_04"},{"time":3.3333,"name":"jieshuan_mbj_tx23/jieshuan_mbj_tx23_05"},{"time":3.4,"name":"jieshuan_mbj_tx23/jieshuan_mbj_tx23_06"},{"time":3.4667,"name":"jieshuan_mbj_tx23/jieshuan_mbj_tx23_07"},{"time":3.5333,"name":"jieshuan_mbj_tx23/jieshuan_mbj_tx23_08"},{"time":3.6,"name":"jieshuan_mbj_tx23/jieshuan_mbj_tx23_09"},{"time":3.6667,"name":"jieshuan_mbj_tx23/jieshuan_mbj_tx23_10"},{"time":3.7333,"name":"jieshuan_mbj_tx23/jieshuan_mbj_tx23_11"},{"time":3.8,"name":"jieshuan_mbj_tx23/jieshuan_mbj_tx23_12"},{"time":3.8667,"name":"jieshuan_mbj_tx23/jieshuan_mbj_tx23_13"},{"time":3.9333,"name":"jieshuan_mbj_tx23/jieshuan_mbj_tx23_14"},{"time":4,"name":"jieshuan_mbj_tx23/jieshuan_mbj_tx23_00"},{"time":4.0667,"name":"jieshuan_mbj_tx23/jieshuan_mbj_tx23_01"},{"time":4.1333,"name":"jieshuan_mbj_tx23/jieshuan_mbj_tx23_02"},{"time":4.2,"name":"jieshuan_mbj_tx23/jieshuan_mbj_tx23_03"},{"time":4.2667,"name":"jieshuan_mbj_tx23/jieshuan_mbj_tx23_04"},{"time":4.3333,"name":"jieshuan_mbj_tx23/jieshuan_mbj_tx23_05"},{"time":4.4,"name":"jieshuan_mbj_tx23/jieshuan_mbj_tx23_06"},{"time":4.4667,"name":"jieshuan_mbj_tx23/jieshuan_mbj_tx23_07"},{"time":4.5333,"name":"jieshuan_mbj_tx23/jieshuan_mbj_tx23_08"},{"time":4.6,"name":"jieshuan_mbj_tx23/jieshuan_mbj_tx23_09"},{"time":4.6667,"name":"jieshuan_mbj_tx23/jieshuan_mbj_tx23_10"},{"time":4.7333,"name":"jieshuan_mbj_tx23/jieshuan_mbj_tx23_11"},{"time":4.8,"name":"jieshuan_mbj_tx23/jieshuan_mbj_tx23_12"},{"time":4.8667,"name":"jieshuan_mbj_tx23/jieshuan_mbj_tx23_13"},{"time":4.9333,"name":"jieshuan_mbj_tx23/jieshuan_mbj_tx23_14"},{"time":5,"name":"jieshuan_mbj_tx23/jieshuan_mbj_tx23_00"},{"time":5.0667,"name":"jieshuan_mbj_tx23/jieshuan_mbj_tx23_01"},{"time":5.1333,"name":"jieshuan_mbj_tx23/jieshuan_mbj_tx23_02"},{"time":5.2,"name":"jieshuan_mbj_tx23/jieshuan_mbj_tx23_03"},{"time":5.2667,"name":"jieshuan_mbj_tx23/jieshuan_mbj_tx23_04"},{"time":5.3333,"name":"jieshuan_mbj_tx23/jieshuan_mbj_tx23_05"},{"time":5.4,"name":"jieshuan_mbj_tx23/jieshuan_mbj_tx23_06"},{"time":5.4667,"name":"jieshuan_mbj_tx23/jieshuan_mbj_tx23_07"},{"time":5.5333,"name":"jieshuan_mbj_tx23/jieshuan_mbj_tx23_08"},{"time":5.6,"name":"jieshuan_mbj_tx23/jieshuan_mbj_tx23_09"},{"time":5.6667,"name":"jieshuan_mbj_tx23/jieshuan_mbj_tx23_10"},{"time":5.7333,"name":"jieshuan_mbj_tx23/jieshuan_mbj_tx23_11"},{"time":5.8,"name":"jieshuan_mbj_tx23/jieshuan_mbj_tx23_12"},{"time":5.8667,"name":"jieshuan_mbj_tx23/jieshuan_mbj_tx23_13"},{"time":5.9333,"name":"jieshuan_mbj_tx23/jieshuan_mbj_tx23_14"},{"time":6,"name":"jieshuan_mbj_tx23/jieshuan_mbj_tx23_00"},{"time":6.0667,"name":"jieshuan_mbj_tx23/jieshuan_mbj_tx23_01"},{"time":6.1333,"name":"jieshuan_mbj_tx23/jieshuan_mbj_tx23_02"},{"time":6.2,"name":"jieshuan_mbj_tx23/jieshuan_mbj_tx23_03"},{"time":6.2667,"name":"jieshuan_mbj_tx23/jieshuan_mbj_tx23_04"},{"time":6.3333,"name":"jieshuan_mbj_tx23/jieshuan_mbj_tx23_05"},{"time":6.4,"name":"jieshuan_mbj_tx23/jieshuan_mbj_tx23_06"},{"time":6.4667,"name":"jieshuan_mbj_tx23/jieshuan_mbj_tx23_07"},{"time":6.5333,"name":"jieshuan_mbj_tx23/jieshuan_mbj_tx23_08"},{"time":6.6,"name":"jieshuan_mbj_tx23/jieshuan_mbj_tx23_09"},{"time":6.6667,"name":"jieshuan_mbj_tx23/jieshuan_mbj_tx23_10"},{"time":6.7333,"name":"jieshuan_mbj_tx23/jieshuan_mbj_tx23_11"},{"time":6.8,"name":"jieshuan_mbj_tx23/jieshuan_mbj_tx23_12"},{"time":6.8667,"name":"jieshuan_mbj_tx23/jieshuan_mbj_tx23_13"},{"time":6.9333,"name":"jieshuan_mbj_tx23/jieshuan_mbj_tx23_14"},{"time":7,"name":"jieshuan_mbj_tx23/jieshuan_mbj_tx23_00"},{"time":7.0667,"name":"jieshuan_mbj_tx23/jieshuan_mbj_tx23_01"},{"time":7.1333,"name":"jieshuan_mbj_tx23/jieshuan_mbj_tx23_02"},{"time":7.2,"name":"jieshuan_mbj_tx23/jieshuan_mbj_tx23_03"},{"time":7.2667,"name":"jieshuan_mbj_tx23/jieshuan_mbj_tx23_04"},{"time":7.3333,"name":"jieshuan_mbj_tx23/jieshuan_mbj_tx23_05"},{"time":7.4,"name":"jieshuan_mbj_tx23/jieshuan_mbj_tx23_06"},{"time":7.4667,"name":"jieshuan_mbj_tx23/jieshuan_mbj_tx23_07"},{"time":7.5333,"name":"jieshuan_mbj_tx23/jieshuan_mbj_tx23_08"},{"time":7.6,"name":"jieshuan_mbj_tx23/jieshuan_mbj_tx23_09"},{"time":7.6667,"name":"jieshuan_mbj_tx23/jieshuan_mbj_tx23_10"},{"time":7.7333,"name":"jieshuan_mbj_tx23/jieshuan_mbj_tx23_11"},{"time":7.8,"name":"jieshuan_mbj_tx23/jieshuan_mbj_tx23_12"},{"time":7.8667,"name":"jieshuan_mbj_tx23/jieshuan_mbj_tx23_13"},{"time":7.9333,"name":"jieshuan_mbj_tx23/jieshuan_mbj_tx23_14"}]},"jieshuan_mbj_tx23/jieshuan_mbj_tx23_0":{"attachment":[{"time":0,"name":"jieshuan_mbj_tx23/jieshuan_mbj_tx23_00"},{"time":0.0667,"name":"jieshuan_mbj_tx23/jieshuan_mbj_tx23_01"},{"time":0.1333,"name":"jieshuan_mbj_tx23/jieshuan_mbj_tx23_02"},{"time":0.2,"name":"jieshuan_mbj_tx23/jieshuan_mbj_tx23_03"},{"time":0.2667,"name":"jieshuan_mbj_tx23/jieshuan_mbj_tx23_04"},{"time":0.3333,"name":"jieshuan_mbj_tx23/jieshuan_mbj_tx23_05"},{"time":0.4,"name":"jieshuan_mbj_tx23/jieshuan_mbj_tx23_06"},{"time":0.4667,"name":"jieshuan_mbj_tx23/jieshuan_mbj_tx23_07"},{"time":0.5333,"name":"jieshuan_mbj_tx23/jieshuan_mbj_tx23_08"},{"time":0.6,"name":"jieshuan_mbj_tx23/jieshuan_mbj_tx23_09"},{"time":0.6667,"name":"jieshuan_mbj_tx23/jieshuan_mbj_tx23_10"},{"time":0.7333,"name":"jieshuan_mbj_tx23/jieshuan_mbj_tx23_11"},{"time":0.8,"name":"jieshuan_mbj_tx23/jieshuan_mbj_tx23_12"},{"time":0.8667,"name":"jieshuan_mbj_tx23/jieshuan_mbj_tx23_13"},{"time":0.9333,"name":"jieshuan_mbj_tx23/jieshuan_mbj_tx23_14"},{"time":1,"name":"jieshuan_mbj_tx23/jieshuan_mbj_tx23_00"},{"time":1.0667,"name":"jieshuan_mbj_tx23/jieshuan_mbj_tx23_01"},{"time":1.1333,"name":"jieshuan_mbj_tx23/jieshuan_mbj_tx23_02"},{"time":1.2,"name":"jieshuan_mbj_tx23/jieshuan_mbj_tx23_03"},{"time":1.2667,"name":"jieshuan_mbj_tx23/jieshuan_mbj_tx23_04"},{"time":1.3333,"name":"jieshuan_mbj_tx23/jieshuan_mbj_tx23_05"},{"time":1.4,"name":"jieshuan_mbj_tx23/jieshuan_mbj_tx23_06"},{"time":1.4667,"name":"jieshuan_mbj_tx23/jieshuan_mbj_tx23_07"},{"time":1.5333,"name":"jieshuan_mbj_tx23/jieshuan_mbj_tx23_08"},{"time":1.6,"name":"jieshuan_mbj_tx23/jieshuan_mbj_tx23_09"},{"time":1.6667,"name":"jieshuan_mbj_tx23/jieshuan_mbj_tx23_10"},{"time":1.7333,"name":"jieshuan_mbj_tx23/jieshuan_mbj_tx23_11"},{"time":1.8,"name":"jieshuan_mbj_tx23/jieshuan_mbj_tx23_12"},{"time":1.8667,"name":"jieshuan_mbj_tx23/jieshuan_mbj_tx23_13"},{"time":1.9333,"name":"jieshuan_mbj_tx23/jieshuan_mbj_tx23_14"},{"time":2,"name":"jieshuan_mbj_tx23/jieshuan_mbj_tx23_00"},{"time":2.0667,"name":"jieshuan_mbj_tx23/jieshuan_mbj_tx23_01"},{"time":2.1333,"name":"jieshuan_mbj_tx23/jieshuan_mbj_tx23_02"},{"time":2.2,"name":"jieshuan_mbj_tx23/jieshuan_mbj_tx23_03"},{"time":2.2667,"name":"jieshuan_mbj_tx23/jieshuan_mbj_tx23_04"},{"time":2.3333,"name":"jieshuan_mbj_tx23/jieshuan_mbj_tx23_05"},{"time":2.4,"name":"jieshuan_mbj_tx23/jieshuan_mbj_tx23_06"},{"time":2.4667,"name":"jieshuan_mbj_tx23/jieshuan_mbj_tx23_07"},{"time":2.5333,"name":"jieshuan_mbj_tx23/jieshuan_mbj_tx23_08"},{"time":2.6,"name":"jieshuan_mbj_tx23/jieshuan_mbj_tx23_09"},{"time":2.6667,"name":"jieshuan_mbj_tx23/jieshuan_mbj_tx23_10"},{"time":2.7333,"name":"jieshuan_mbj_tx23/jieshuan_mbj_tx23_11"},{"time":2.8,"name":"jieshuan_mbj_tx23/jieshuan_mbj_tx23_12"},{"time":2.8667,"name":"jieshuan_mbj_tx23/jieshuan_mbj_tx23_13"},{"time":2.9333,"name":"jieshuan_mbj_tx23/jieshuan_mbj_tx23_14"},{"time":3,"name":"jieshuan_mbj_tx23/jieshuan_mbj_tx23_00"},{"time":3.0667,"name":"jieshuan_mbj_tx23/jieshuan_mbj_tx23_01"},{"time":3.1333,"name":"jieshuan_mbj_tx23/jieshuan_mbj_tx23_02"},{"time":3.2,"name":"jieshuan_mbj_tx23/jieshuan_mbj_tx23_03"},{"time":3.2667,"name":"jieshuan_mbj_tx23/jieshuan_mbj_tx23_04"},{"time":3.3333,"name":"jieshuan_mbj_tx23/jieshuan_mbj_tx23_05"},{"time":3.4,"name":"jieshuan_mbj_tx23/jieshuan_mbj_tx23_06"},{"time":3.4667,"name":"jieshuan_mbj_tx23/jieshuan_mbj_tx23_07"},{"time":3.5333,"name":"jieshuan_mbj_tx23/jieshuan_mbj_tx23_08"},{"time":3.6,"name":"jieshuan_mbj_tx23/jieshuan_mbj_tx23_09"},{"time":3.6667,"name":"jieshuan_mbj_tx23/jieshuan_mbj_tx23_10"},{"time":3.7333,"name":"jieshuan_mbj_tx23/jieshuan_mbj_tx23_11"},{"time":3.8,"name":"jieshuan_mbj_tx23/jieshuan_mbj_tx23_12"},{"time":3.8667,"name":"jieshuan_mbj_tx23/jieshuan_mbj_tx23_13"},{"time":3.9333,"name":"jieshuan_mbj_tx23/jieshuan_mbj_tx23_14"},{"time":4,"name":"jieshuan_mbj_tx23/jieshuan_mbj_tx23_00"},{"time":4.0667,"name":"jieshuan_mbj_tx23/jieshuan_mbj_tx23_01"},{"time":4.1333,"name":"jieshuan_mbj_tx23/jieshuan_mbj_tx23_02"},{"time":4.2,"name":"jieshuan_mbj_tx23/jieshuan_mbj_tx23_03"},{"time":4.2667,"name":"jieshuan_mbj_tx23/jieshuan_mbj_tx23_04"},{"time":4.3333,"name":"jieshuan_mbj_tx23/jieshuan_mbj_tx23_05"},{"time":4.4,"name":"jieshuan_mbj_tx23/jieshuan_mbj_tx23_06"},{"time":4.4667,"name":"jieshuan_mbj_tx23/jieshuan_mbj_tx23_07"},{"time":4.5333,"name":"jieshuan_mbj_tx23/jieshuan_mbj_tx23_08"},{"time":4.6,"name":"jieshuan_mbj_tx23/jieshuan_mbj_tx23_09"},{"time":4.6667,"name":"jieshuan_mbj_tx23/jieshuan_mbj_tx23_10"},{"time":4.7333,"name":"jieshuan_mbj_tx23/jieshuan_mbj_tx23_11"},{"time":4.8,"name":"jieshuan_mbj_tx23/jieshuan_mbj_tx23_12"},{"time":4.8667,"name":"jieshuan_mbj_tx23/jieshuan_mbj_tx23_13"},{"time":4.9333,"name":"jieshuan_mbj_tx23/jieshuan_mbj_tx23_14"},{"time":5,"name":"jieshuan_mbj_tx23/jieshuan_mbj_tx23_00"},{"time":5.0667,"name":"jieshuan_mbj_tx23/jieshuan_mbj_tx23_01"},{"time":5.1333,"name":"jieshuan_mbj_tx23/jieshuan_mbj_tx23_02"},{"time":5.2,"name":"jieshuan_mbj_tx23/jieshuan_mbj_tx23_03"},{"time":5.2667,"name":"jieshuan_mbj_tx23/jieshuan_mbj_tx23_04"},{"time":5.3333,"name":"jieshuan_mbj_tx23/jieshuan_mbj_tx23_05"},{"time":5.4,"name":"jieshuan_mbj_tx23/jieshuan_mbj_tx23_06"},{"time":5.4667,"name":"jieshuan_mbj_tx23/jieshuan_mbj_tx23_07"},{"time":5.5333,"name":"jieshuan_mbj_tx23/jieshuan_mbj_tx23_08"},{"time":5.6,"name":"jieshuan_mbj_tx23/jieshuan_mbj_tx23_09"},{"time":5.6667,"name":"jieshuan_mbj_tx23/jieshuan_mbj_tx23_10"},{"time":5.7333,"name":"jieshuan_mbj_tx23/jieshuan_mbj_tx23_11"},{"time":5.8,"name":"jieshuan_mbj_tx23/jieshuan_mbj_tx23_12"},{"time":5.8667,"name":"jieshuan_mbj_tx23/jieshuan_mbj_tx23_13"},{"time":5.9333,"name":"jieshuan_mbj_tx23/jieshuan_mbj_tx23_14"},{"time":6,"name":"jieshuan_mbj_tx23/jieshuan_mbj_tx23_00"},{"time":6.0667,"name":"jieshuan_mbj_tx23/jieshuan_mbj_tx23_01"},{"time":6.1333,"name":"jieshuan_mbj_tx23/jieshuan_mbj_tx23_02"},{"time":6.2,"name":"jieshuan_mbj_tx23/jieshuan_mbj_tx23_03"},{"time":6.2667,"name":"jieshuan_mbj_tx23/jieshuan_mbj_tx23_04"},{"time":6.3333,"name":"jieshuan_mbj_tx23/jieshuan_mbj_tx23_05"},{"time":6.4,"name":"jieshuan_mbj_tx23/jieshuan_mbj_tx23_06"},{"time":6.4667,"name":"jieshuan_mbj_tx23/jieshuan_mbj_tx23_07"},{"time":6.5333,"name":"jieshuan_mbj_tx23/jieshuan_mbj_tx23_08"},{"time":6.6,"name":"jieshuan_mbj_tx23/jieshuan_mbj_tx23_09"},{"time":6.6667,"name":"jieshuan_mbj_tx23/jieshuan_mbj_tx23_10"},{"time":6.7333,"name":"jieshuan_mbj_tx23/jieshuan_mbj_tx23_11"},{"time":6.8,"name":"jieshuan_mbj_tx23/jieshuan_mbj_tx23_12"},{"time":6.8667,"name":"jieshuan_mbj_tx23/jieshuan_mbj_tx23_13"},{"time":6.9333,"name":"jieshuan_mbj_tx23/jieshuan_mbj_tx23_14"},{"time":7,"name":"jieshuan_mbj_tx23/jieshuan_mbj_tx23_00"},{"time":7.0667,"name":"jieshuan_mbj_tx23/jieshuan_mbj_tx23_01"},{"time":7.1333,"name":"jieshuan_mbj_tx23/jieshuan_mbj_tx23_02"},{"time":7.2,"name":"jieshuan_mbj_tx23/jieshuan_mbj_tx23_03"},{"time":7.2667,"name":"jieshuan_mbj_tx23/jieshuan_mbj_tx23_04"},{"time":7.3333,"name":"jieshuan_mbj_tx23/jieshuan_mbj_tx23_05"},{"time":7.4,"name":"jieshuan_mbj_tx23/jieshuan_mbj_tx23_06"},{"time":7.4667,"name":"jieshuan_mbj_tx23/jieshuan_mbj_tx23_07"},{"time":7.5333,"name":"jieshuan_mbj_tx23/jieshuan_mbj_tx23_08"},{"time":7.6,"name":"jieshuan_mbj_tx23/jieshuan_mbj_tx23_09"},{"time":7.6667,"name":"jieshuan_mbj_tx23/jieshuan_mbj_tx23_10"},{"time":7.7333,"name":"jieshuan_mbj_tx23/jieshuan_mbj_tx23_11"},{"time":7.8,"name":"jieshuan_mbj_tx23/jieshuan_mbj_tx23_12"},{"time":7.8667,"name":"jieshuan_mbj_tx23/jieshuan_mbj_tx23_13"},{"time":7.9333,"name":"jieshuan_mbj_tx23/jieshuan_mbj_tx23_14"}]},"k3":{"color":[{"time":0,"color":"ffffff00"},{"time":1,"color":"ffffffa6"},{"time":2,"color":"ffffff00"},{"time":3,"color":"ffffffa6"},{"time":4,"color":"ffffff00"},{"time":5,"color":"ffffffa6"},{"time":6,"color":"ffffff00"},{"time":7,"color":"ffffffa6"},{"time":8,"color":"ffffff00"}]},"k4":{"color":[{"time":0,"color":"ffffff00"},{"time":1,"color":"ffffff2c"},{"time":2,"color":"ffffff00"},{"time":3.0333,"color":"ffffff2c"},{"time":4,"color":"ffffff00"},{"time":5,"color":"ffffff2c"},{"time":6,"color":"ffffff00"},{"time":7,"color":"ffffff2c"},{"time":8,"color":"ffffff00"}]},"m1":{"color":[{"time":0,"color":"ffffff00"}]},"m4":{"color":[{"time":0,"color":"ffffff00"},{"time":1,"color":"ffffffff"},{"time":2,"color":"ffffff00"},{"time":3,"color":"ffffffff"},{"time":4,"color":"ffffff00"},{"time":5,"color":"ffffffff"},{"time":6,"color":"ffffff00"},{"time":7,"color":"ffffffff"},{"time":8,"color":"ffffff00"}]},"m5":{"color":[{"time":0,"color":"ffffff00"},{"time":0.6667,"color":"ffffffff"},{"time":1.3333,"color":"ffffff00"},{"time":2,"color":"ffffffff"},{"time":2.6667,"color":"ffffff00"},{"time":3.3333,"color":"ffffffff"},{"time":4,"color":"ffffff00"},{"time":4.6667,"color":"ffffffff"},{"time":5.3333,"color":"ffffff00"},{"time":6,"color":"ffffffff"},{"time":6.6667,"color":"ffffff00"},{"time":7.3333,"color":"ffffffff"},{"time":8,"color":"ffffff00"}]},"m6":{"color":[{"time":0,"color":"ffffff00","curve":"stepped"},{"time":1.3333,"color":"ffffff00"},{"time":2,"color":"ffffffff"},{"time":2.6667,"color":"ffffff00"}]},"m7":{"color":[{"time":0,"color":"ffffff00","curve":"stepped"},{"time":6.6667,"color":"ffffff00"},{"time":7.3,"color":"ffffffff"},{"time":8,"color":"ffffff00"}]},"m8":{"color":[{"time":0,"color":"ffffff00","curve":"stepped"},{"time":3.0333,"color":"ffffff00"},{"time":3.6667,"color":"ffffffff"},{"time":4.3667,"color":"ffffff00"}]},"m9":{"color":[{"time":0,"color":"ffffff00","curve":"stepped"},{"time":4.6667,"color":"ffffff00"},{"time":5.3,"color":"ffffffff"},{"time":6,"color":"ffffff00"}]},"m10":{"color":[{"time":0,"color":"ffffff00","curve":"stepped"},{"time":0.6667,"color":"ffffff00"},{"time":1.3,"color":"ffffffff"},{"time":2,"color":"ffffff00"}]},"mfb_tx01":{"attachment":[{"time":0,"name":null}]},"szd2":{"color":[{"time":0,"color":"ffffff00"},{"time":1,"color":"ffffffc6"},{"time":2,"color":"ffffff00"},{"time":3,"color":"ffffffc6"},{"time":4,"color":"ffffff00"},{"time":5,"color":"ffffffc6"},{"time":6,"color":"ffffff00"},{"time":7,"color":"ffffffc6"},{"time":8,"color":"ffffff00"}]},"zc":{"color":[{"time":0,"color":"ffffff00"}]}},"bones":{"m3":{"rotate":[{"time":0,"angle":-3.16},{"time":1,"angle":-1.55},{"time":2,"angle":-3.16},{"time":3,"angle":-1.55},{"time":4,"angle":-3.16},{"time":5,"angle":-1.55},{"time":6,"angle":-3.16},{"time":7,"angle":-1.55},{"time":8.0333,"angle":-3.16}],"translate":[{"time":0,"x":-33.16,"y":-2.53},{"time":1,"x":-33.16,"y":11.54},{"time":2,"x":-33.16,"y":-2.53},{"time":3,"x":-33.16,"y":11.54},{"time":4,"x":-33.16,"y":-2.53},{"time":5,"x":-33.16,"y":11.54},{"time":6,"x":-33.16,"y":-2.53},{"time":7,"x":-33.16,"y":11.54},{"time":8.0333,"x":-33.16,"y":-2.53}],"scale":[{"time":0,"x":0.89,"y":0.89}]},"txt1":{"scale":[{"time":0,"x":1,"y":1},{"time":1,"x":1.068,"y":1.068},{"time":2,"x":1,"y":1},{"time":3,"x":1.068,"y":1.068},{"time":4,"x":1,"y":1},{"time":5,"x":1.068,"y":1.068},{"time":6,"x":1,"y":1},{"time":7,"x":1.068,"y":1.068},{"time":8,"x":1,"y":1}]},"hg":{"rotate":[{"time":0,"angle":0,"curve":"stepped"},{"time":2,"angle":0,"curve":"stepped"},{"time":4,"angle":0}],"translate":[{"time":0,"x":0,"y":0},{"time":1,"x":0,"y":8.25},{"time":2,"x":0,"y":0},{"time":3,"x":0,"y":8.25},{"time":4,"x":0,"y":0},{"time":5,"x":0,"y":8.25},{"time":6,"x":0,"y":0},{"time":7,"x":0,"y":8.25},{"time":8,"x":0,"y":0}],"scale":[{"time":0,"x":1,"y":1,"curve":"stepped"},{"time":2,"x":1,"y":1,"curve":"stepped"},{"time":4,"x":1,"y":1}],"shear":[{"time":0,"x":0,"y":0,"curve":"stepped"},{"time":2,"x":0,"y":0,"curve":"stepped"},{"time":4,"x":0,"y":0}]},"m12":{"rotate":[{"time":0,"angle":0}]}},"drawOrder":[{"time":0,"offsets":[{"slot":"m12","offset":-7},{"slot":"m2","offset":-8},{"slot":"m3","offset":-8}]}]},"cx3":{"slots":{"fr":{"color":[{"time":0,"color":"ffffffff","curve":"stepped"},{"time":0.3333,"color":"ffffffff"},{"time":1,"color":"ffffff00"}]},"in":{"color":[{"time":0.3333,"color":"ffffffff"},{"time":1,"color":"ffffff00"}]},"jieshuan_m_tx2":{"attachment":[{"time":0,"name":null}]},"jieshuan_mbj_tx23/jieshuan_mbj_tx23_00":{"attachment":[{"time":0,"name":null}]},"jieshuan_mbj_tx23/jieshuan_mbj_tx23_0":{"attachment":[{"time":0,"name":null}]},"k1":{"color":[{"time":0,"color":"ffffffff","curve":"stepped"},{"time":0.7,"color":"ffffffff"},{"time":1.0333,"color":"ffffff00"}]},"k3":{"color":[{"time":0,"color":"ffffff00"}]},"k4":{"color":[{"time":0,"color":"ffffff00","curve":"stepped"},{"time":1.0333,"color":"ffffff00"}]},"m1":{"color":[{"time":0,"color":"ffffff00","curve":"stepped"},{"time":0.5667,"color":"ffffff00"},{"time":0.9,"color":"ffffffff"},{"time":1.2333,"color":"ffffff04"}]},"m2":{"color":[{"time":0.6667,"color":"ffffffff"},{"time":0.9667,"color":"ffffff00"}]},"m5":{"color":[{"time":0,"color":"ffffff00"}]},"m6":{"color":[{"time":0,"color":"ffffff00"}]},"m7":{"color":[{"time":0,"color":"ffffff00"}]},"m8":{"color":[{"time":0,"color":"ffffff00"}]},"m9":{"color":[{"time":0,"color":"ffffff00"}]},"m10":{"color":[{"time":0,"color":"ffffff00"}]},"mfb_tx01":{"attachment":[{"time":0,"name":null}]},"sz":{"color":[{"time":0.3333,"color":"ffffffff"},{"time":1,"color":"ffffff00"}]},"szd2":{"color":[{"time":0,"color":"ffffff00"}]},"txt1":{"color":[{"time":0,"color":"ffffffff"},{"time":0.3333,"color":"ffffff00"}]},"txt2":{"color":[{"time":0,"color":"ffffffff"},{"time":0.6667,"color":"ffffff00"}]},"zc":{"attachment":[{"time":0,"name":null},{"time":0.6667,"name":null},{"time":0.7333,"name":"特效/1"},{"time":0.8,"name":"特效/2"},{"time":0.8667,"name":"特效/3"},{"time":0.9333,"name":"特效/4"},{"time":1,"name":"特效/5"},{"time":1.0667,"name":"特效/6"},{"time":1.1333,"name":"特效/7"},{"time":1.2,"name":"特效/8"},{"time":1.2667,"name":"特效/9"},{"time":1.3333,"name":"特效/10"},{"time":1.4,"name":"特效/11"},{"time":1.4667,"name":"特效/12"},{"time":1.5333,"name":"特效/13"},{"time":1.6,"name":"特效/14"},{"time":1.6667,"name":"特效/15"},{"time":1.7333,"name":null}]}},"bones":{"m3":{"rotate":[{"time":0,"angle":-3.16}],"translate":[{"time":0,"x":-33.16,"y":-2.53,"curve":"stepped"},{"time":0.6667,"x":-33.16,"y":-2.53},{"time":0.9667,"x":350.96,"y":336.27}],"scale":[{"time":0,"x":0.89,"y":0.89},{"time":0.6667,"x":1.1,"y":1.1},{"time":0.9667,"x":0,"y":0}],"shear":[{"time":0,"x":0,"y":0}]},"txt1":{"rotate":[{"time":0,"angle":0}],"translate":[{"time":0,"x":0,"y":0},{"time":0.3333,"x":0,"y":67.26}],"scale":[{"time":0,"x":1,"y":1}],"shear":[{"time":0,"x":0,"y":0}]},"szd":{"scale":[{"time":0.3333,"x":1,"y":1},{"time":0.6667,"x":0,"y":0}]},"k1":{"rotate":[{"time":0,"angle":0,"curve":"stepped"},{"time":1.0333,"angle":0}],"translate":[{"time":0,"x":0,"y":0,"curve":"stepped"},{"time":1.0333,"x":0,"y":0}],"scale":[{"time":0,"x":1,"y":1},{"time":0.7,"x":1.1,"y":1.1},{"time":1.0333,"x":0,"y":0}],"shear":[{"time":0,"x":0,"y":0,"curve":"stepped"},{"time":1.0333,"x":0,"y":0}]},"hg":{"rotate":[{"time":0,"angle":0}],"translate":[{"time":0,"x":0,"y":0}],"scale":[{"time":0,"x":1,"y":1}],"shear":[{"time":0,"x":0,"y":0}]},"m1":{"rotate":[{"time":0.5667,"angle":0},{"time":0.9,"angle":-68.04},{"time":1.2333,"angle":-114.5}],"translate":[{"time":0.5667,"x":734.61,"y":89.19}],"scale":[{"time":0.5667,"x":1,"y":1},{"time":0.9,"x":4.523,"y":4.523},{"time":1.2333,"x":1,"y":1}],"shear":[{"time":0.5667,"x":0,"y":0}]},"txt2":{"rotate":[{"time":0,"angle":0}],"translate":[{"time":0,"x":0,"y":0},{"time":0.6667,"x":0,"y":10.81}],"scale":[{"time":0,"x":1,"y":1}],"shear":[{"time":0,"x":0,"y":0}]},"fr_z":{"rotate":[{"time":0,"angle":0}],"translate":[{"time":0,"x":0,"y":0},{"time":0.3333,"x":0,"y":12.97},{"time":0.7333,"x":0,"y":-49.7}],"scale":[{"time":0,"x":1,"y":1}],"shear":[{"time":0,"x":0,"y":0}]},"jb":{"scale":[{"time":0.3333,"x":1,"y":1},{"time":0.7,"x":0,"y":0}]}},"drawOrder":[{"time":0,"offsets":[{"slot":"m12","offset":-7},{"slot":"m2","offset":-8},{"slot":"m3","offset":-8}]}]}}},[0,1,2,3]]],0,0,[0,0,0,0],[-1,-2,-3,-4],[4,5,6,7]],[[[11,"prefab_starlight_smallGame_caculate"],[12,"prefab_starlight_smallGame_caculate",[-3],[[4,-2,[0,"b0pBuX51VOPK6yz3ZgN1Q3"],[5,1334,750]]],[1,"c46/YsCPVOJYA4mWEpNYRx",null,null,null,-1,0],[1,0,16,0]],[13,"props_calcuate_box",1,[-15,-16,-17,-18],[[4,-4,[0,"13JOCMxWtEPbvV/wEorbYZ"],[5,2724.1482142857144,1185]],[14,"default","cx3",false,0,false,-13,[0,"31/GjOeBJEmIqnGowhtr1G"],[[3,"root/bone/k1/szd",-5],[3,"root/bone/k1/fr_z",-6],[3,"root/bone/k1/txt1",-7],[3,"root/bone/k1/txt2",-8],[3,"root/bone/k1/jb",-9],[3,"root/bone/k1/fr_z/in",-10],[3,"root/bone/k1/fr_z/fr",-11],[3,"root/bone/k1/fr_z/sz",-12]],15],[15,42,-858.523,-858.523,-34,1651.86,-14,[0,"3bGcqN6LRPuoKt7csI62tm"]]],[1,"6f7Q311dVNaZDsA86KH9mw",null,null,null,1,0],[1,0,-34,0],[1,1.12,1.12,1]],[7,"props_node_end",false,2,[-21,-22,-23,-24],[[8,-19,[0,"ddLHtB9QVP442aictT1xyl"]],[16,-20,[0,"1dvWChSrNKu6SRmM+eGUS9"]]],[1,"68sXxDaXdDwq1ylBfjOq5E",null,null,null,1,0],[1,0.8928571428571431,0.8928571428571431,1]],[2,"spr_title",2,[[4,-25,[0,"daDALRLChJd66v4dkcTNNq"],[5,428,79]],[9,2,-26,[0,"ac+a4DriVBS5p5LCyuD14G"],3,4],[17,true,-27,[0,"3fsfODY6BPiLGy1O/sH1nz"],[5],6]],[1,"5bRfF8JNJGeo6ECZ3X186w",null,null,null,1,0],[1,8.719980239868164,150.83999633789062,0],[1,0,0,0.0000026591089683080307]],[7,"props_node_start",false,2,[-29,-30],[[8,-28,[0,"50O6FdHatD14xqguzaRplD"]]],[1,"feytqkDiBCPqtjmj8LIvDy",null,null,null,1,0],[1,0.8928571428571429,0.8928571428571429,1]],[2,"props_label_sgNum",5,[[5,-31,[0,"fb49uEmRNAXKDFB4crLBU6"],[5,57,40],[0,0.5,0]],[18,"0",20,20,false,-32,[0,"f85MKmh/BBFY0eRvMIyNod"],0]],[1,"58ruhqtn1KpokdkSJdAREV",null,null,null,1,0],[1,0.1300073117017746,-55.81999969482422,0],[1,0,0,0.0000026591089683080307]],[2,"spr_text2",5,[[4,-33,[0,"dbw/ESdIVMOLFV0usMJuCw"],[5,334,48]],[6,-34,[0,"75foNebvlNKYF1uAxqFAIf"],1,2]],[1,"a1pK4mJIFKFLcwp2n1x/zd",null,null,null,1,0],[1,0.7300207614898682,-158.08999633789062,0],[1,0,0,0.0000026591089683080307]],[2,"spr_text",2,[[4,-35,[0,"74LPlVpqFIRK2CpwMyMb3d"],[5,278,52]],[9,2,-36,[0,"75Kiau1nVHh7Hm/ogLH2+Q"],7,8]],[1,"34NKDNz+VDPaANsmS14mLr",null,null,null,1,0],[1,-3.1300063133239746,47.20000076293945,0],[1,0,0,0.0000026591089683080307]],[2,"props_label_goldNum",3,[[5,-37,[0,"a9lWIKV35DU6DAM4K5xVvH"],[5,622.8,40],[0,0.5,0]],[19,"0",20,24,2,false,false,-13,-38,[0,"67s7lYD11Hy4udnnPNo4No"],9]],[1,"eb62tDC2RDkZDj8Yem61tl",null,null,null,1,0],[1,4.480007171630859,-55.939998626708984,0],[1,0,0,0.0000026591089683080307]],[2,"spr_text3",3,[[4,-39,[0,"25nwCTS91O3ZD0U2WMzkA3"],[5,69,49]],[6,-40,[0,"56zLGU+ZRN3ZS/8JOeiqNE"],10,11]],[1,"8baeoK3uJA7q/yeUr7MC4J",null,null,null,1,0],[1,-267.3299865722656,-157.33999633789062,0],[1,0,0,0.000003323886210385031]],[2,"spr_text4",3,[[4,-41,[0,"146N5sjQxHYphdmB2SQDWM"],[5,334,48]],[6,-42,[0,"19gZULD0xLiKYW9OKycmiK"],12,13]],[1,"60hqt1OxpIN5tObYACwvWS",null,null,null,1,0],[1,178.47003173828125,-158.08999633789062,0],[1,0,0,0.000003323886210385031]],[2,"props_label_sgnum_total",3,[[5,-43,[0,"70MqHJg+NGlK7AO0yVkt6h"],[5,78,40],[0,0.5,0]],[20,"15",24,24,false,false,-44,[0,"62BC7JBdNIRpPvVieaqAXz"],14]],[1,"01u0n3/QlAM74muYXcf5Vn",null,null,null,1,0],[1,-124.88998413085938,-156.45999145507812,0],[1,0,0,0.000003323886210385031]]],0,[0,6,1,0,0,1,0,-1,2,0,0,2,0,1,6,0,1,7,0,1,4,0,1,8,0,1,9,0,1,10,0,1,11,0,1,12,0,0,2,0,0,2,0,-1,5,0,-2,4,0,-3,8,0,-4,3,0,0,3,0,0,3,0,-1,9,0,-2,10,0,-3,11,0,-4,12,0,0,4,0,0,4,0,0,4,0,0,5,0,-1,6,0,-2,7,0,0,6,0,0,6,0,0,7,0,0,7,0,0,8,0,0,8,0,0,9,0,0,9,0,0,10,0,0,10,0,0,11,0,0,11,0,0,12,0,0,12,0,7,1,44],[0,0,0,0,0,0,0,0,0,0,0,0,0,0,0,0],[4,2,3,2,3,-1,8,2,3,4,2,3,2,3,4,9],[8,1,0,9,0,2,2,10,0,11,12,0,1,0,13,14]],[[[21,"font_sg_box_num",20,{"commonHeight":19,"fontSize":20,"atlasName":"font_sg_box_num_0.png","fontDefDictionary":{"32":{"xOffset":-1,"yOffset":18,"xAdvance":5,"rect":{"x":56,"y":177,"width":3,"height":1}},"43":{"xOffset":0,"yOffset":8,"xAdvance":55,"rect":{"x":0,"y":177,"width":55,"height":61}},"48":{"xOffset":0,"yOffset":0,"xAdvance":57,"rect":{"x":0,"y":0,"width":57,"height":79}},"49":{"xOffset":0,"yOffset":0,"xAdvance":35,"rect":{"x":221,"y":89,"width":35,"height":77}},"50":{"xOffset":0,"yOffset":0,"xAdvance":51,"rect":{"x":222,"y":0,"width":51,"height":79}},"51":{"xOffset":0,"yOffset":0,"xAdvance":53,"rect":{"x":168,"y":0,"width":53,"height":79}},"52":{"xOffset":0,"yOffset":1,"xAdvance":57,"rect":{"x":0,"y":89,"width":57,"height":78}},"53":{"xOffset":0,"yOffset":0,"xAdvance":52,"rect":{"x":113,"y":89,"width":52,"height":78}},"54":{"xOffset":0,"yOffset":0,"xAdvance":54,"rect":{"x":58,"y":0,"width":54,"height":79}},"55":{"xOffset":0,"yOffset":0,"xAdvance":54,"rect":{"x":166,"y":89,"width":54,"height":77}},"56":{"xOffset":0,"yOffset":0,"xAdvance":54,"rect":{"x":113,"y":0,"width":54,"height":79}},"57":{"xOffset":0,"yOffset":0,"xAdvance":54,"rect":{"x":58,"y":89,"width":54,"height":78}}},"kerningDict":{}}]],0,0,[0],[10],[15]]]]
