[1,["72bb2911-e8a6-4be5-b4df-d8fa439c864e@6c48a"],0,[["sp.SkeletonData",["_name","_atlasText","textureNames","_skeletonJson","textures"],-1,3]],[[0,0,1,2,3,4,5]],[[0,"k","\r\nk.png\r\nsize: 128,128\r\nformat: RGBA8888\r\nfilter: Linear,Linear\r\nrepeat: none\r\nk\r\n  rotate: false\r\n  xy: 2, 2\r\n  size: 91, 98\r\n  orig: 91, 98\r\n  offset: 0, 0\r\n  index: -1\r\n",["k.png"],{"skeleton":{"hash":"eHkG6d5YoAumuNkToQX/ckzgAi8","spine":"3.6.53","width":91,"height":98,"images":"H:/PS/111/zimu/"},"bones":[{"name":"root"},{"name":"all","parent":"root"},{"name":"10","parent":"all"},{"name":"11","parent":"all"}],"slots":[{"name":"10","bone":"10","attachment":"k"},{"name":"11","bone":"11","attachment":"k","blend":"additive"}],"skins":{"default":{"10":{"k":{"width":91,"height":98}},"11":{"k":{"width":91,"height":98}}}},"animations":{"dynamic":{"slots":{"11":{"color":[{"time":0,"color":"ffffff00","curve":[0.25,0,0.75,1]},{"time":0.6667,"color":"ffffffff","curve":[0.25,0,0.75,1]},{"time":1.3333,"color":"ffffff00"}]}},"bones":{"11":{"rotate":[{"time":0,"angle":0}]},"all":{"rotate":[{"time":0,"angle":0,"curve":[0.25,0,0.75,1]},{"time":0.3333,"angle":-6.5,"curve":[0.25,0,0.75,1]},{"time":0.6667,"angle":-6.18,"curve":[0.25,0,0.75,1]},{"time":1.3333,"angle":0}],"translate":[{"time":0,"x":0,"y":0,"curve":"stepped"},{"time":0.3333,"x":0,"y":0,"curve":[0.25,0,0.75,1]},{"time":0.6667,"x":0,"y":9,"curve":[0.25,0,0.75,1]},{"time":1.3333,"x":0,"y":0}],"scale":[{"time":0,"x":1,"y":1,"curve":[0.25,0,0.75,1]},{"time":0.6667,"x":1.1,"y":1.1,"curve":[0.25,0,0.75,1]},{"time":1.3333,"x":1,"y":1}]}}},"static":{"slots":{"11":{"color":[{"time":0,"color":"ffffff00"}]}},"bones":{"11":{"rotate":[{"time":0,"angle":0}]},"all":{"rotate":[{"time":0,"angle":0}],"translate":[{"time":0,"x":0,"y":0}],"scale":[{"time":0,"x":1,"y":1}]}}}}},[0]]],0,0,[0],[-1],[0]]
