[1,["a5FU1ksh5L0pQ/87K4C8nK@6c48a"],["_textureSource"],["cc.SpriteFrame"],0,[{"name":"ocean_jackpot_pick","rect":{"x":0,"y":0,"width":195,"height":84},"offset":{"x":0,"y":0},"originalSize":{"width":195,"height":84},"rotated":false,"capInsets":[0,0,0,0],"vertices":{"rawPosition":[-97.5,-42,0,97.5,-42,0,-97.5,42,0,97.5,42,0],"indexes":[0,1,2,2,1,3],"uv":[0,84,195,84,0,0,195,0],"nuv":[0,0,1,0,0,1,1,1],"minPos":{"x":-97.5,"y":-42,"z":0},"maxPos":{"x":97.5,"y":42,"z":0}},"packable":true,"pixelsToUnit":100,"pivot":{"x":0.5,"y":0.5},"meshType":0}],[0],0,[0],[0],[0]]
