[1,["20g1ukYUVPvKWKBRznAKo+@f9941","bdG8q6vX1KcbFDmXyII4Pk@f9941","54TknWPwVPqJqeCR+Y/Czo@f9941","95EkngnxZFbYuFpsqVTaFr@f9941","11vcSwZKhOt6Knn7niM+l3@f9941","15jn5SMiBM15aUcT4OboJ4@f9941","11vcSwZKhOt6Knn7niM+l3@6c48a","15jn5SMiBM15aUcT4OboJ4@6c48a","bdG8q6vX1KcbFDmXyII4Pk@6c48a"],["node","_spriteFrame","_target","_normalSprite","_hoverSprite","_pressedSprite","_disabledSprite","_placeholderLabel","_textLabel","_backgroundImage","_textureSource","_checkMark","root","data"],[["cc.Node",["_name","_objFlags","_layer","_components","_prefab","_parent","_children","_lpos"],0,9,4,1,2,5],["cc.Node",["_name","_layer","_active","_parent","_components","_prefab","_lpos"],0,1,12,4,5],["cc.Label",["_string","_actualFontSize","_fontSize","_overflow","_enableWrapText","_horizontalAlign","node","__prefab","_color"],-3,1,4,5],"cc.SpriteFrame",["cc.Widget",["_alignFlags","_left","_originalWidth","_originalHeight","_top","node","__prefab"],-2,1,4],["cc.Sprite",["_sizeMode","_type","node","__prefab","_spriteFrame"],1,1,4,6],["cc.UITransform",["node","__prefab","_contentSize","_anchorPoint"],3,1,4,5,5],["cc.Toggle",["_isChecked","node","__prefab","_normalColor","_target","_checkMark","_normalSprite"],2,1,4,5,1,1,6],["cc.Prefab",["_name"],2],["cc.CompPrefabInfo",["fileId"],2],["cc.PrefabInfo",["fileId","instance","targetOverrides","nestedPrefabInstanceRoots","root","asset"],-1,1,1],["cc.Button",["_transition","node","__prefab","_normalColor","_target","_normalSprite","_hoverSprite","_pressedSprite","_disabledSprite"],2,1,4,5,1,6,6,6,6],["cc.EditBox",["_string","_inputMode","_maxLength","node","__prefab","_textLabel","_placeholderLabel","_backgroundImage"],0,1,4,1,1,6]],[[9,0,2],[10,0,1,2,3,4,5,5],[6,0,1,2,1],[0,0,5,6,3,4,7,2],[4,0,1,4,5,6,4],[5,1,0,2,3,4,3],[6,0,1,2,3,1],[0,0,1,2,5,3,4,4],[11,0,1,2,3,4,5,6,7,8,2],[2,0,1,2,3,4,6,7,8,6],[1,0,1,3,4,5,6,3],[1,0,2,1,3,4,5,6,4],[12,0,1,2,3,4,5,6,7,4],[2,0,5,1,2,3,4,6,7,7],[2,0,5,1,2,3,4,6,7,8,7],[0,0,5,3,4,7,2],[5,2,3,4,1],[5,0,2,3,2],[2,0,1,2,6,7,4],[8,0,2],[0,0,6,3,4,2],[1,0,2,1,3,4,5,4],[1,0,1,3,4,5,3],[4,0,2,3,5,6,4],[4,0,1,5,6,3],[7,0,1,2,3,4,5,6,2],[7,1,2,3,4,5,6,1]],[[[{"name":"default_toggle_normal","rect":{"x":0,"y":0,"width":28,"height":28},"offset":{"x":0,"y":0},"originalSize":{"width":28,"height":28},"rotated":false,"capInsets":[0,0,0,0],"vertices":{"rawPosition":[-14,-14,0,14,-14,0,-14,14,0,14,14,0],"indexes":[0,1,2,2,1,3],"uv":[0,28,28,28,0,0,28,0],"nuv":[0,0,1,0,0,1,1,1],"minPos":{"x":-14,"y":-14,"z":0},"maxPos":{"x":14,"y":14,"z":0}},"packable":true,"pixelsToUnit":100,"pivot":{"x":0.5,"y":0.5},"meshType":0}],[3],0,[0],[10],[6]],[[{"name":"default_toggle_checkmark","rect":{"x":4,"y":5,"width":20,"height":18},"offset":{"x":0,"y":0},"originalSize":{"width":28,"height":28},"rotated":false,"capInsets":[0,0,0,0],"vertices":{"rawPosition":[-10,-9,0,10,-9,0,-10,9,0,10,9,0],"indexes":[0,1,2,2,1,3],"uv":[4,23,24,23,4,5,24,5],"nuv":[0.14285714285714285,0.17857142857142858,0.8571428571428571,0.17857142857142858,0.14285714285714285,0.8214285714285714,0.8571428571428571,0.8214285714285714],"minPos":{"x":-10,"y":-9,"z":0},"maxPos":{"x":10,"y":9,"z":0}},"packable":true,"pixelsToUnit":100,"pivot":{"x":0.5,"y":0.5},"meshType":0}],[3],0,[0],[10],[7]],[[[19,"prefabs_fish_test"],[20,"prefabs_fish_test",[-4,-5,-6,-7,-8,-9,-10,-11,-12,-13,-14],[[2,-2,[0,"95G9Q2rrxOf531huoVR2hh"],[5,1334,750]],[23,45,1600,800,-3,[0,"09P+eN75xLGqBLnusjt6/S"]]],[1,"c46/YsCPVOJYA4mWEpNYRx",null,null,null,-1,0]],[3,"SuoDing",1,[-21,-22],[[2,-15,[0,"84tCQnvQ5Oh7S+RFYEYur3"],[5,28,28]],[16,-16,[0,"3eIZQrwCJJCq2jAxFza0QZ"],18],[25,false,-19,[0,"0cG5m2tP1EP6/lz9z6nOi/"],[4,4292269782],-18,-17,19],[4,9,57.841999999999985,168.323,-20,[0,"92QUpXEGNFub2O2jW5ELt+"]]],[1,"09l27WBspDPb5f3dcBm5wK",null,null,null,1,0],[1,-595.158,192.677,0]],[3,"props_scale",1,[-29,-30],[[2,-23,[0,"9cKVOMczZKtJPY+jRz2sAV"],[5,28,28]],[16,-24,[0,"fb9jNJlG5GFpiOw2VEPcEu"],35],[26,-27,[0,"4bCupkzwdKk4S0pnZ0JZWf"],[4,4292269782],-26,-25,36],[24,8,64.97000000000003,-28,[0,"ff5pD7xXpG5Zff9z8buwaT"]]],[1,"3dIeFQ6g1AJIs1kDWILBjE",null,null,null,1,0],[1,-588.03,-25.423,0]],[3,"Button",1,[-36],[[2,-31,[0,"23H2gEa+tNaLaHsNBXMSIZ"],[5,100,40]],[5,1,0,-32,[0,"a3aIrTWSBJXIDiTlUXMYXG"],0],[8,2,-34,[0,"3bSNt6rHJHq7lp6iipy30M"],[4,4292269782],-33,1,2,3,4],[4,9,61.35000000000002,25.379999999999995,-35,[0,"73hk52+yZH74JWohgWiIny"]]],[1,"f2WSRoE1dM55gHc0Ps8dkD",null,null,null,1,0],[1,-555.65,329.62,0]],[3,"FishNo",1,[-43,-44],[[2,-37,[0,"7dcQLTHo9ORJrt2UT1hkow"],[5,160,40]],[5,1,0,-38,[0,"82Uj4iUxhKDK8t2tQw992O"],5],[12,"34",6,8,-41,[0,"aeGpx415lNqpx1/0KXrnzO"],-40,-39,6],[4,9,173.19799999999998,25.379999999999995,-42,[0,"d3+K4eQDdOCYeV5EBjKdzI"]]],[1,"74kVKDR65Cv65p43WZ2Bog",null,null,null,1,0],[1,-413.802,329.62,0]],[3,"CuvNo",1,[-51,-52],[[2,-45,[0,"08A9EjDXhKN7XhXGeGcUal"],[5,160,40]],[5,1,0,-46,[0,"bbrB/LCRNJNIVYPhlpz6MA"],7],[12,"150",6,8,-49,[0,"1cFMOu3D1Kkq1KDjQdUF3A"],-48,-47,8],[4,9,344.789,25.379999999999995,-50,[0,"b9lpDlOrZHLLAd/WOBIeL/"]]],[1,"f3oMTog9ZHZ7rZtn5Xle9U",null,null,null,1,0],[1,-242.211,329.62,0]],[3,"Angle",1,[-59,-60],[[2,-53,[0,"42GinloLJBuLHJ+CcUOvcR"],[5,160,40]],[5,1,0,-54,[0,"26/xv80CJPC5FjLLGkLJNq"],9],[12,"0",6,8,-57,[0,"64XYBeub5DpJ5su7kQOWet"],-56,-55,10],[4,9,518.667,25.379999999999995,-58,[0,"55b8Q83EpCU70naGarjU9L"]]],[1,"dfJUiyebhNnJo1OaOZBnLi",null,null,null,1,0],[1,-68.33299999999997,329.62,0]],[3,"startPos",1,[-67,-68],[[2,-61,[0,"00jxuKZIFFKIGCfqL2tnFK"],[5,160,40]],[5,1,0,-62,[0,"eb6BmSf5ROnKjYMecWNU77"],11],[12,"568,740",6,8,-65,[0,"7aK9iyN6VNmrmHZsz01qGR"],-64,-63,12],[4,9,690.742,25.379999999999995,-66,[0,"d0iHOxi2tLyaZWIw78GbBQ"]]],[1,"34cVSJA19JpqG+zjXl7EhM",null,null,null,1,0],[1,103.74199999999996,329.62,0]],[3,"props_btn_Info",1,[-74],[[2,-69,[0,"05mogDcdtLULNNY1jmLLv3"],[5,100,40]],[5,1,0,-70,[0,"22VYCU6klLRJaZE5WAw27J"],13],[8,2,-72,[0,"5cBc3vx4VB66HUzucXal6I"],[4,4292269782],-71,14,15,16,17],[4,9,57.750999999999976,105.57299999999998,-73,[0,"8bNc7vvP9CkaQZgzPG3tjc"]]],[1,"e3FKAsxMFLPb9+9fSCRYwK",null,null,null,1,0],[1,-559.249,249.42700000000002,0]],[3,"props_change_bg",1,[-80],[[2,-75,[0,"b9+ZlgUO1He4RSueJ34UWn"],[5,100,40]],[5,1,0,-76,[0,"f580UOoCxIW4+8kdWusV6j"],20],[8,2,-78,[0,"f5TxmIzjBI372AgysNdtDL"],[4,4292269782],-77,21,22,23,24],[4,9,57.750999999999976,209.452,-79,[0,"2bTLMK0J9Pa4T/lRAyWtxn"]]],[1,"1eIGspxCVB+KYGDLEgSfOP",null,null,null,1,0],[1,-559.249,145.548,0]],[3,"props_scale",1,[-86],[[2,-81,[0,"51zT6l24lB94ad1wm6Cm5P"],[5,100,40]],[5,1,0,-82,[0,"57wHTBFsVHFoObFCJlaoMR"],25],[8,2,-84,[0,"16hG8W5fdLO5/sZ9JRkkq8"],[4,4292269782],-83,26,27,28,29],[4,9,57.750999999999976,260.698,-85,[0,"f3idv780xKMqccfwYlbcrh"]]],[1,"e8pRYZxVxHw6zAX75qL+c1",null,null,null,1,0],[1,-559.249,94.30200000000002,0]],[3,"props_clear_fish",1,[-92],[[2,-87,[0,"eeiAfEcmJHwZGHoJ6M/iwB"],[5,100,40]],[5,1,0,-88,[0,"a9Eq66kR5D8oQrvE0GlBzU"],30],[8,2,-90,[0,"66MjOs9jpKdKn93lrUmmRR"],[4,4292269782],-89,31,32,33,34],[4,9,57.750999999999976,310.3,-91,[0,"d8PGM+diVLfpRhRC4krLjv"]]],[1,"35858gmahG8p4cIPHWYvPn",null,null,null,1,0],[1,-559.249,44.69999999999999,0]],[7,"Label",512,33554432,4,[[2,-93,[0,"d2bNNrS/9H4J4tRWd6+LoE"],[5,100,40]],[9,"生成鱼",20,20,1,false,-94,[0,"9fq2E11f1EbY4PXz4StnmN"],[4,4278190080]]],[1,"c7ZuqkwvRP2bH8AnPJ8DUg",null,null,null,1,0]],[10,"TEXT_LABEL",33554432,5,[[[6,-95,[0,"0dY1ybh0VLEKsM/ZbZxjbv"],[5,158,40],[0,0,1]],-96],4,1],[1,"eaErhnT3JKiZXhv6eWFi2c",null,null,null,1,0],[1,-78,20,0]],[11,"PLACEHOLDER_LABEL",false,33554432,5,[[[6,-97,[0,"60VnxpN49LoZflSuHqzjTk"],[5,158,40],[0,0,1]],-98],4,1],[1,"f4n57YkCVGk79L4d7UiO/Z",null,null,null,1,0],[1,-78,20,0]],[10,"TEXT_LABEL",33554432,6,[[[6,-99,[0,"41v1nK0QpLXb0pwrmEyx3v"],[5,158,40],[0,0,1]],-100],4,1],[1,"11PaQGql9NloyWexAkP0aU",null,null,null,1,0],[1,-78,20,0]],[11,"PLACEHOLDER_LABEL",false,33554432,6,[[[6,-101,[0,"c32UXPlmFFVY4E+YxoN/sg"],[5,158,40],[0,0,1]],-102],4,1],[1,"b95r/BG5hAdKI2xQyZFO3+",null,null,null,1,0],[1,-78,20,0]],[10,"TEXT_LABEL",33554432,7,[[[6,-103,[0,"a4POpVzJBJhr/A6MWg4S3O"],[5,158,40],[0,0,1]],-104],4,1],[1,"a9hYufkplKNZ75rxDEaQPp",null,null,null,1,0],[1,-78,20,0]],[11,"PLACEHOLDER_LABEL",false,33554432,7,[[[6,-105,[0,"c2bs7uybRMGoayEFX0fZhd"],[5,158,40],[0,0,1]],-106],4,1],[1,"1e0K6EXbJM+pgHnnx5Ih6i",null,null,null,1,0],[1,-78,20,0]],[10,"TEXT_LABEL",33554432,8,[[[6,-107,[0,"adtItjUihMBr5d4hWXfeJV"],[5,158,40],[0,0,1]],-108],4,1],[1,"f2xibanZ9KCKfZ3iOwfH1N",null,null,null,1,0],[1,-78,20,0]],[11,"PLACEHOLDER_LABEL",false,33554432,8,[[[6,-109,[0,"0cdShf4q9IIrDrEdEF4wCA"],[5,158,40],[0,0,1]],-110],4,1],[1,"0cLjWd/ZFJ3Yhx6hdj05mc",null,null,null,1,0],[1,-78,20,0]],[7,"Label",512,33554432,9,[[2,-111,[0,"01EKQL2tdDXYTHxW5uIXgj"],[5,100,40]],[9,"进入房间",20,20,1,false,-112,[0,"ecy27Y38NNErR4ofPCZsZV"],[4,4278190080]]],[1,"825YuuO6VIBq6VypuW5W6B",null,null,null,1,0]],[21,"Checkmark",false,33554432,2,[[[2,-113,[0,"b6VN+nf11G8qaPVwUXguBm"],[5,26,26]],-114],4,1],[1,"c5I9pTd+VBq6xkCSvJlLsF",null,null,null,1,0]],[15,"Label",2,[[2,-115,[0,"46aPstFl1MibKVsWiJo1tE"],[5,40,50.4]],[18,"锁定",20,20,-116,[0,"5cdNlxDsZM4quaF6axaKHH"]]],[1,"fb6I9Yzp9G4o0hU4GlRlXm",null,null,null,1,0],[1,40.88,0,0]],[7,"Label",512,33554432,10,[[2,-117,[0,"4eFgMwKoFMuZdzFB8CCN8F"],[5,100,40]],[9,"切换背景",20,20,1,false,-118,[0,"cc1nZe6mBFbKuMxfvlB02c"],[4,4278190080]]],[1,"e2rJCEUVJL9L7LPWMFwOgj",null,null,null,1,0]],[7,"Label",512,33554432,11,[[2,-119,[0,"8eIzsz/AJK5IsBZrcJMCVJ"],[5,100,40]],[9,"放大",20,20,1,false,-120,[0,"78chHpgYdDnIRHdGDe3h+I"],[4,4278190080]]],[1,"07G7w8F2tBeLcOZ3INAbOl",null,null,null,1,0]],[7,"Label",512,33554432,12,[[2,-121,[0,"7f+FdRJ/tOd7kC86P+Tl7+"],[5,100,40]],[9,"清空鱼",20,20,1,false,-122,[0,"bbOHJHO3pGJrpHCIpHjNfQ"],[4,4278190080]]],[1,"f1pswU8D9LOoaC0kVWZw/N",null,null,null,1,0]],[22,"Checkmark",33554432,3,[[[2,-123,[0,"f8XveOggZIxJ6LphAiu0TC"],[5,26,26]],-124],4,1],[1,"53zPdrxkRHqr3HSJwN55b5",null,null,null,1,0]],[15,"Label",3,[[2,-125,[0,"eab18VG/pD24OI665EbUf2"],[5,40,50.4]],[18,"放大",20,20,-126,[0,"daOTMXroBJDaHTugmMbjdO"]]],[1,"629lYh1J1AD4LyClKxS5A2",null,null,null,1,0],[1,36.338,0,0]],[13,"34",0,20,20,1,false,14,[0,"0cpMpFf19JHZAFTzWSLtD+"]],[14,"鱼编号",0,20,20,1,false,15,[0,"8eZD84hJhB17J5wgajb0Bj"],[4,4290493371]],[13,"150",0,20,20,1,false,16,[0,"baHb0ZLf5MIYq2YvrXGoAg"]],[14,"路径编号",0,20,20,1,false,17,[0,"30fnlVCEVBr5m/u9G9p+mq"],[4,4290493371]],[13,"0",0,20,20,1,false,18,[0,"6a1Mf+6OZNXJyQd/i2JDdI"]],[14,"角度",0,20,20,1,false,19,[0,"f63tTu9bxPE7YPfe+wzfPF"],[4,4290493371]],[13,"568,740",0,20,20,1,false,20,[0,"a0zGy7lBFCILSwHxdIpM2t"]],[14,"",0,20,20,1,false,21,[0,"61MynA1VND/KFC/VvEBKjN"],[4,4290493371]],[17,0,23,[0,"18gc64kBVH94yC0FJb6BqS"]],[17,0,28,[0,"d4HYEUkCdHg6z6vFXc0v9G"]]],0,[0,12,1,0,0,1,0,0,1,0,-1,4,0,-2,5,0,-3,6,0,-4,7,0,-5,8,0,-6,9,0,-7,2,0,-8,10,0,-9,11,0,-10,12,0,-11,3,0,0,2,0,0,2,0,11,38,0,2,2,0,0,2,0,0,2,0,-1,23,0,-2,24,0,0,3,0,0,3,0,11,39,0,2,3,0,0,3,0,0,3,0,-1,28,0,-2,29,0,0,4,0,0,4,0,2,4,0,0,4,0,0,4,0,-1,13,0,0,5,0,0,5,0,7,31,0,8,30,0,0,5,0,0,5,0,-1,14,0,-2,15,0,0,6,0,0,6,0,7,33,0,8,32,0,0,6,0,0,6,0,-1,16,0,-2,17,0,0,7,0,0,7,0,7,35,0,8,34,0,0,7,0,0,7,0,-1,18,0,-2,19,0,0,8,0,0,8,0,7,37,0,8,36,0,0,8,0,0,8,0,-1,20,0,-2,21,0,0,9,0,0,9,0,2,9,0,0,9,0,0,9,0,-1,22,0,0,10,0,0,10,0,2,10,0,0,10,0,0,10,0,-1,25,0,0,11,0,0,11,0,2,11,0,0,11,0,0,11,0,-1,26,0,0,12,0,0,12,0,2,12,0,0,12,0,0,12,0,-1,27,0,0,13,0,0,13,0,0,14,0,-2,30,0,0,15,0,-2,31,0,0,16,0,-2,32,0,0,17,0,-2,33,0,0,18,0,-2,34,0,0,19,0,-2,35,0,0,20,0,-2,36,0,0,21,0,-2,37,0,0,22,0,0,22,0,0,23,0,-2,38,0,0,24,0,0,24,0,0,25,0,0,25,0,0,26,0,0,26,0,0,27,0,0,27,0,0,28,0,-2,39,0,0,29,0,0,29,0,13,1,126],[0,0,0,0,0,0,0,0,0,0,0,0,0,0,0,0,0,0,0,0,0,0,0,0,0,0,0,0,0,0,0,0,0,0,0,0,0,38,39],[1,3,4,5,6,1,9,1,9,1,9,1,9,1,3,4,5,6,1,3,1,3,4,5,6,1,3,4,5,6,1,3,4,5,6,1,3,1,1],[0,0,0,2,3,1,1,1,1,1,1,1,1,0,0,0,2,3,4,4,0,0,0,2,3,0,0,0,2,3,0,0,0,2,3,4,4,5,5]],[[{"name":"default_editbox_bg","rect":{"x":0,"y":0,"width":40,"height":40},"offset":{"x":0,"y":0},"originalSize":{"width":40,"height":40},"rotated":false,"capInsets":[12,12,12,12],"vertices":{"rawPosition":[-20,-20,0,20,-20,0,-20,20,0,20,20,0],"indexes":[0,1,2,2,1,3],"uv":[0,40,40,40,0,0,40,0],"nuv":[0,0,1,0,0,1,1,1],"minPos":{"x":-20,"y":-20,"z":0},"maxPos":{"x":20,"y":20,"z":0}},"packable":true,"pixelsToUnit":100,"pivot":{"x":0.5,"y":0.5},"meshType":0}],[3],0,[0],[10],[8]]]]
