[1,["5b0f9817-43ba-412d-97ad-f41a5e3d0ada@6c48a","cae4fa45-f6e5-4aee-9626-87e5bbb91da7@38cd7","cae4fa45-f6e5-4aee-9626-87e5bbb91da7@48e31","cae4fa45-f6e5-4aee-9626-87e5bbb91da7@0b5b7","cae4fa45-f6e5-4aee-9626-87e5bbb91da7@84067","cae4fa45-f6e5-4aee-9626-87e5bbb91da7@255ac","cae4fa45-f6e5-4aee-9626-87e5bbb91da7@30799"],["_textureSource"],["cc.SpriteFrame","cc.SpriteAtlas"],0,[[[{"name":"changepao","spriteFrames":["huanpao_1","cae4fa45-f6e5-4aee-9626-87e5bbb91da7@38cd7","huanpao_2","cae4fa45-f6e5-4aee-9626-87e5bbb91da7@48e31","huanpao_3","cae4fa45-f6e5-4aee-9626-87e5bbb91da7@0b5b7","huanpao_4","cae4fa45-f6e5-4aee-9626-87e5bbb91da7@84067","huanpao_5","cae4fa45-f6e5-4aee-9626-87e5bbb91da7@255ac","huanpao_6","cae4fa45-f6e5-4aee-9626-87e5bbb91da7@30799"]}],[1],0,[0,0,0,0,0,0],[0,0,0,0,0,0],[1,2,3,4,5,6]],[[{"name":"huanpao_3","rect":{"x":630,"y":2,"width":198,"height":188},"offset":{"x":4,"y":-4},"originalSize":{"width":260,"height":260},"rotated":true,"capInsets":[0,0,0,0],"vertices":{"rawPosition":[],"indexes":[],"uv":[],"nuv":[],"minPos":{"x":0,"y":0,"z":0},"maxPos":{"x":0,"y":0,"z":0}},"packable":true,"pixelsToUnit":100,"pivot":{"x":0.5,"y":0.5},"meshType":0}],[0],0,[0],[0],[0]],[[{"name":"huanpao_5","rect":{"x":216,"y":2,"width":216,"height":210},"offset":{"x":-1,"y":-2},"originalSize":{"width":260,"height":260},"rotated":true,"capInsets":[0,0,0,0],"vertices":{"rawPosition":[],"indexes":[],"uv":[],"nuv":[],"minPos":{"x":0,"y":0,"z":0},"maxPos":{"x":0,"y":0,"z":0}},"packable":true,"pixelsToUnit":100,"pivot":{"x":0.5,"y":0.5},"meshType":0}],[0],0,[0],[0],[0]],[[{"name":"huanpao_6","rect":{"x":428,"y":2,"width":206,"height":200},"offset":{"x":0,"y":-2},"originalSize":{"width":260,"height":260},"rotated":true,"capInsets":[0,0,0,0],"vertices":{"rawPosition":[],"indexes":[],"uv":[],"nuv":[],"minPos":{"x":0,"y":0,"z":0},"maxPos":{"x":0,"y":0,"z":0}},"packable":true,"pixelsToUnit":100,"pivot":{"x":0.5,"y":0.5},"meshType":0}],[0],0,[0],[0],[0]],[[{"name":"huanpao_1","rect":{"x":820,"y":138,"width":92,"height":88},"offset":{"x":-1,"y":-1},"originalSize":{"width":260,"height":260},"rotated":false,"capInsets":[0,0,0,0],"vertices":{"rawPosition":[],"indexes":[],"uv":[],"nuv":[],"minPos":{"x":0,"y":0,"z":0},"maxPos":{"x":0,"y":0,"z":0}},"packable":true,"pixelsToUnit":100,"pivot":{"x":0.5,"y":0.5},"meshType":0}],[0],0,[0],[0],[0]],[[{"name":"huanpao_2","rect":{"x":820,"y":2,"width":142,"height":134},"offset":{"x":0,"y":-1},"originalSize":{"width":260,"height":260},"rotated":false,"capInsets":[0,0,0,0],"vertices":{"rawPosition":[],"indexes":[],"uv":[],"nuv":[],"minPos":{"x":0,"y":0,"z":0},"maxPos":{"x":0,"y":0,"z":0}},"packable":true,"pixelsToUnit":100,"pivot":{"x":0.5,"y":0.5},"meshType":0}],[0],0,[0],[0],[0]],[[{"name":"huanpao_4","rect":{"x":2,"y":2,"width":220,"height":212},"offset":{"x":-1,"y":-1},"originalSize":{"width":260,"height":260},"rotated":true,"capInsets":[0,0,0,0],"vertices":{"rawPosition":[],"indexes":[],"uv":[],"nuv":[],"minPos":{"x":0,"y":0,"z":0},"maxPos":{"x":0,"y":0,"z":0}},"packable":true,"pixelsToUnit":100,"pivot":{"x":0.5,"y":0.5},"meshType":0}],[0],0,[0],[0],[0]]]]
