[1,["157P6gvNNN5qpTFcv7krzt@6c48a"],["_textureSource"],["cc.SpriteFrame"],0,[{"name":"icon_9","rect":{"x":2,"y":2,"width":112,"height":128},"offset":{"x":0,"y":0},"originalSize":{"width":116,"height":132},"rotated":false,"capInsets":[0,0,0,0],"vertices":{"rawPosition":[-56,-64,0,56,-64,0,-56,64,0,56,64,0],"indexes":[0,1,2,2,1,3],"uv":[2,130,114,130,2,2,114,2],"nuv":[0.017241379310344827,0.015151515151515152,0.9827586206896551,0.015151515151515152,0.017241379310344827,0.9848484848484849,0.9827586206896551,0.9848484848484849],"minPos":{"x":-56,"y":-64,"z":0},"maxPos":{"x":56,"y":64,"z":0}},"packable":true,"pixelsToUnit":100,"pivot":{"x":0.5,"y":0.5},"meshType":0}],[0],0,[0],[0],[0]]
