[1,["15e77a540@6c48a"],["_textureSource"],["cc.SpriteFrame","cc.SpriteAtlas"],0,[[[{"name":"card_big_1","rect":{"x":107,"y":3,"width":18,"height":18},"offset":{"x":0,"y":0},"originalSize":{"width":60,"height":60},"rotated":false,"capInsets":[0,0,0,0],"packable":true,"pixelsToUnit":100,"pivot":{"x":0.5,"y":0.5},"meshType":0}],[0],0,[0],[0],[0]],[[{"name":"card_small_2","rect":{"x":71,"y":51,"width":18,"height":18},"offset":{"x":0,"y":0},"originalSize":{"width":18,"height":18},"rotated":false,"capInsets":[0,0,0,0],"packable":true,"pixelsToUnit":100,"pivot":{"x":0.5,"y":0.5},"meshType":0}],[0],0,[0],[0],[0]],[[{"name":"card_big_6","rect":{"x":3,"y":141,"width":46,"height":52},"offset":{"x":0,"y":0},"originalSize":{"width":60,"height":60},"rotated":false,"capInsets":[0,0,0,0],"packable":true,"pixelsToUnit":100,"pivot":{"x":0.5,"y":0.5},"meshType":0}],[0],0,[0],[0],[0]],[[{"name":"card_small_bgA","rect":{"x":71,"y":3,"width":42,"height":23},"offset":{"x":0,"y":0},"originalSize":{"width":42,"height":23},"rotated":true,"capInsets":[0,0,0,0],"packable":true,"pixelsToUnit":100,"pivot":{"x":0.5,"y":0.5},"meshType":0}],[0],0,[0],[0],[0]],[[{"name":"card_small_6","rect":{"x":107,"y":130,"width":18,"height":18},"offset":{"x":0,"y":0},"originalSize":{"width":18,"height":18},"rotated":false,"capInsets":[0,0,0,0],"packable":true,"pixelsToUnit":100,"pivot":{"x":0.5,"y":0.5},"meshType":0}],[0],0,[0],[0],[0]],[[{"name":"card_small_0","rect":{"x":55,"y":245,"width":1,"height":1},"offset":{"x":8.5,"y":-8.5},"originalSize":{"width":18,"height":18},"rotated":false,"capInsets":[0,0,0,0],"packable":true,"pixelsToUnit":100,"pivot":{"x":0.5,"y":0.5},"meshType":0}],[0],0,[0],[0],[0]],[[{"name":"card_small_bgH","rect":{"x":100,"y":27,"width":21,"height":45},"offset":{"x":0,"y":0},"originalSize":{"width":21,"height":45},"rotated":false,"capInsets":[0,0,0,0],"packable":true,"pixelsToUnit":100,"pivot":{"x":0.5,"y":0.5},"meshType":0}],[0],0,[0],[0],[0]],[[{"name":"card_big_bg","rect":{"x":3,"y":3,"width":62,"height":132},"offset":{"x":0,"y":0},"originalSize":{"width":62,"height":132},"rotated":false,"capInsets":[0,0,0,0],"packable":true,"pixelsToUnit":100,"pivot":{"x":0.5,"y":0.5},"meshType":0}],[0],0,[0],[0],[0]],[[{"name":"card_big_0","rect":{"x":62,"y":245,"width":1,"height":1},"offset":{"x":29.5,"y":-29.5},"originalSize":{"width":60,"height":60},"rotated":false,"capInsets":[0,0,0,0],"packable":true,"pixelsToUnit":100,"pivot":{"x":0.5,"y":0.5},"meshType":0}],[0],0,[0],[0],[0]],[[{"name":"card_small_5","rect":{"x":107,"y":154,"width":18,"height":18},"offset":{"x":0,"y":0},"originalSize":{"width":18,"height":18},"rotated":false,"capInsets":[0,0,0,0],"packable":true,"pixelsToUnit":100,"pivot":{"x":0.5,"y":0.5},"meshType":0}],[0],0,[0],[0],[0]],[[{"name":"card_big_4","rect":{"x":3,"y":199,"width":46,"height":46},"offset":{"x":0,"y":0},"originalSize":{"width":60,"height":60},"rotated":false,"capInsets":[0,0,0,0],"packable":true,"pixelsToUnit":100,"pivot":{"x":0.5,"y":0.5},"meshType":0}],[0],0,[0],[0],[0]],[[{"name":"auto_card","spriteFrames":["card_big_bg","91737HaxBJ74c0W8yOJaib@f9941","card_big_6","4cOI21L2dK2o89m445uq/F@f9941","card_big_4","a9N5TrmZRHBbicy5LQ9r0W@f9941","card_big_5","ac/u8QJY5E6rez+jOPoVxe@f9941","card_big_3","d9eQ7HXyJKx66s+tgUOoWM@f9941","card_small_0","7f9EV06jVE7KQVkUi8QxJh@f9941","card_big_0","a53UjTGBtIjJDhGHKh+SGy@f9941","card_big_1","29SWTYMPVPT7lCJ7kaa+sv@f9941","card_small_bgA","6eapUOqwVCdo/Vk+dKA2sR@f9941","card_small_bgH","89p7m4YDpF3ol3/c26zmBp@f9941","card_big_2","e3B8ToDapM1owbmFG/r4MZ@f9941","card_small_2","46dmncSPVGs4Cx5GbgA1f5@f9941","card_small_6","7fOPnrl+BBkZ7VVW6RH64t@f9941","card_small_5","a8WrUedSRA3b6L9FAIa1sQ@f9941","card_small_3","ceBD+qPlRDx5c9+HQ+NZpq@f9941","card_small_4","d6GXXij3VGkKnSRxC3bm3b@f9941","card_small_1","cdToxhiBZBAJe7+XN8QQo6@f9941"]}],[1],0,[],[],[]],[[{"name":"card_big_5","rect":{"x":55,"y":141,"width":46,"height":46},"offset":{"x":0,"y":0},"originalSize":{"width":60,"height":60},"rotated":false,"capInsets":[0,0,0,0],"packable":true,"pixelsToUnit":100,"pivot":{"x":0.5,"y":0.5},"meshType":0}],[0],0,[0],[0],[0]],[[{"name":"card_small_1","rect":{"x":107,"y":226,"width":9,"height":9},"offset":{"x":0.5,"y":0.5},"originalSize":{"width":18,"height":18},"rotated":false,"capInsets":[0,0,0,0],"packable":true,"pixelsToUnit":100,"pivot":{"x":0.5,"y":0.5},"meshType":0}],[0],0,[0],[0],[0]],[[{"name":"card_small_3","rect":{"x":107,"y":178,"width":18,"height":18},"offset":{"x":0,"y":0},"originalSize":{"width":18,"height":18},"rotated":false,"capInsets":[0,0,0,0],"packable":true,"pixelsToUnit":100,"pivot":{"x":0.5,"y":0.5},"meshType":0}],[0],0,[0],[0],[0]],[[{"name":"card_small_4","rect":{"x":107,"y":202,"width":18,"height":18},"offset":{"x":0,"y":0},"originalSize":{"width":18,"height":18},"rotated":false,"capInsets":[0,0,0,0],"packable":true,"pixelsToUnit":100,"pivot":{"x":0.5,"y":0.5},"meshType":0}],[0],0,[0],[0],[0]],[[{"name":"card_big_3","rect":{"x":55,"y":193,"width":46,"height":46},"offset":{"x":0,"y":0},"originalSize":{"width":60,"height":60},"rotated":false,"capInsets":[0,0,0,0],"packable":true,"pixelsToUnit":100,"pivot":{"x":0.5,"y":0.5},"meshType":0}],[0],0,[0],[0],[0]],[[{"name":"card_big_2","rect":{"x":71,"y":78,"width":46,"height":46},"offset":{"x":0,"y":0},"originalSize":{"width":60,"height":60},"rotated":false,"capInsets":[0,0,0,0],"packable":true,"pixelsToUnit":100,"pivot":{"x":0.5,"y":0.5},"meshType":0}],[0],0,[0],[0],[0]]]]
