[1,["d1nL8tHhZDZKfeitmDciTl@f9941","d1nL8tHhZDZKfeitmDciTl@6c48a"],["spriteFrame","_textureSource"],["cc.SpriteFrame",["cc.BitmapFont",["_name","fontSize","fntConfig"],0]],[[1,0,1,2,4]],[[[[0,"num_countDown",32,{"commonHeight":32,"fontSize":32,"atlasName":"num_countDown_0.png","fontDefDictionary":{"48":{"xOffset":-1,"yOffset":-1,"xAdvance":27,"rect":{"x":0,"y":0,"width":29,"height":40}},"49":{"xOffset":-1,"yOffset":-1,"xAdvance":27,"rect":{"x":30,"y":0,"width":29,"height":40}},"50":{"xOffset":-1,"yOffset":-1,"xAdvance":27,"rect":{"x":60,"y":0,"width":29,"height":40}},"51":{"xOffset":-1,"yOffset":-1,"xAdvance":27,"rect":{"x":90,"y":0,"width":29,"height":40}},"52":{"xOffset":-1,"yOffset":-1,"xAdvance":27,"rect":{"x":120,"y":0,"width":29,"height":40}},"53":{"xOffset":-1,"yOffset":-1,"xAdvance":27,"rect":{"x":150,"y":0,"width":29,"height":40}},"54":{"xOffset":-1,"yOffset":-1,"xAdvance":27,"rect":{"x":180,"y":0,"width":29,"height":40}},"55":{"xOffset":-1,"yOffset":-1,"xAdvance":27,"rect":{"x":210,"y":0,"width":29,"height":40}},"56":{"xOffset":-1,"yOffset":-1,"xAdvance":27,"rect":{"x":0,"y":41,"width":29,"height":40}},"57":{"xOffset":-1,"yOffset":-1,"xAdvance":27,"rect":{"x":30,"y":41,"width":29,"height":40}}},"kerningDict":{}}]],0,0,[0],[0],[0]],[[{"name":"num_countDown_0","rect":{"x":2,"y":2,"width":234,"height":77},"offset":{"x":-9,"y":23.5},"originalSize":{"width":256,"height":128},"rotated":false,"capInsets":[0,0,0,0],"vertices":{"rawPosition":[-117,-38.5,0,117,-38.5,0,-117,38.5,0,117,38.5,0],"indexes":[0,1,2,2,1,3],"uv":[2,126,236,126,2,49,236,49],"nuv":[0.0078125,0.3828125,0.921875,0.3828125,0.0078125,0.984375,0.921875,0.984375],"minPos":{"x":-117,"y":-38.5,"z":0},"maxPos":{"x":117,"y":38.5,"z":0}},"packable":true,"pixelsToUnit":100,"pivot":{"x":0.5,"y":0.5},"meshType":0}],[0],0,[0],[1],[1]]]]
