{"importBase":"import","nativeBase":"native","name":"dragonV2","deps":["main"],"uuids":["566LWOoaRAm5hraqEgl5nZ","fciUkm1JRPDaABfbikD1ra","0041PZn8RCWLAuVUhsLjJK@f9941","0107afb6b","017c8a524","01hZxWuKZJYLu8k2p8PUSf@f9941","01a377946","018OHBTGhLPqzRv+udwrmw@6c48a","03Wjc5pPhFkZoCqzFY/auo@f9941","043gv7qZ9MTq54bDX4u3Il@6c48a","043gv7qZ9MTq54bDX4u3Il@f9941","05QiRcBnJNpauFuslhDAf4@f9941","05S1qqFp5Ab5Z9aKdeFinY@6c48a","06Of8niQBNSY4isdTGM+8A@6c48a","06Of8niQBNSY4isdTGM+8A@f9941","08Hvyqi95BApNB/2gQC9Nd@f9941","08RVpReL9LHph6qJJLwwN/@f9941","01seIEEsNDZ539IZTKi6aZ","013pyYfWJMOpqoPvGtOlZP@f9941","018OHBTGhLPqzRv+udwrmw","018OHBTGhLPqzRv+udwrmw@f9941","020af4d18","0343de8e7","03821d2e1","041564413","042644eca","04d277d75","043gv7qZ9MTq54bDX4u3Il","05S1qqFp5Ab5Z9aKdeFinY","05S1qqFp5Ab5Z9aKdeFinY@f9941","06Of8niQBNSY4isdTGM+8A","06cf8ffed","074aede48","07878a252","08636d2d4","08720229d","08ebba65a","0909b3cd1","09FXMZugRIUqcYc8isAHjI@6c48a","0bDvfZN/dFy4PZ7kcWUC8i","09FXMZugRIUqcYc8isAHjI","09e72e1f0","0a64757e5","0a84523e9","0add822ff","11qYKy36BJyb3jQmu8GJAz@6c48a","120F/wRBhD+IISi4kLuh/I","0bNPNxcixIHJubYU0ayA7F","0c5097b66","0djszlEdNE8boFJowO8wjM@6c48a","14G3NJknJBP7POglcWLaoY","0dZGNMGnpMupP21N9NiRqO@f9941","0djszlEdNE8boFJowO8wjM","0eR6wI4rNOfLTbZcJkgoiB","0e83f8873","0e9e176c3","0ea700692","0f7bb8600","113ae7960","11a9v3zGNHJqVGL/mV4nbs@6c48a","11a9v3zGNHJqVGL/mV4nbs@f9941","113ae7960@6c48a","11a9v3zGNHJqVGL/mV4nbs","11qYKy36BJyb3jQmu8GJAz","11t48TKRJABKEPaUp0/8wV","12a417ed6","12a417ed6@6c48a","15h3K0LWFFF7Xjp6PKZ1b2","15xVU4iRlFzIxWUJMadPdV","15dc1b0b0","18F8yEVEhDoL0VbJHadiNU","1a5EG0r0xLiJBX3+mXESlM@f9941","21AzVRrK1AZ7haQJiA5QEQ@6c48a","15dc1b0b0@6c48a","16+hCHZ0lOq7Qq3qiac4yd","1730c1b4b","1730c1b4b@6c48a","19mbwKyy5MTKkSAMoUxJVC@f9941","19v5G0yC9NjKqf30ToVtUu@f9941","19bfe5d30","19bfe5d30@6c48a","1aKkz3ndFKhY17xcPz1JT3@f9941","1a60bee4b","1a60bee4b@6c48a","1b9179bc0","1b9179bc0@6c48a","1c61b5a27","1c61b5a27@6c48a","1ce855d0c","20En9Uzr9AQ6eFqhHVkeF4@6c48a","1ce855d0c@6c48a","1d187d050","1d187d050@6c48a","1eCmbP42BKSaZJc+7hX06/","1e33bcb93","1e33bcb93@6c48a","20En9Uzr9AQ6eFqhHVkeF4","20g1ukYUVPvKWKBRznAKo+","21IQL357hGRIyUDKpH47Te@6c48a","22XCrmuoRGar92yOXa95jQ@6c48a","22XCrmuoRGar92yOXa95jQ@f9941","23NbpWkCFBwbjtOkcYrGV8","24MEU2inFB4Kbq5RzKdMqr","25akgbS3xPkIrZtqVJluaF@f9941","29dOKaotdP9LNnfHzydtj+","2aSGhzyj9K0pGKlm/xaRE2@6c48a","2c4BIUHgFI9YpZE1AKJJ80@6c48a","2c4BIUHgFI9YpZE1AKJJ80@f9941","2dhv+XOU1DAJKAzdoIkMFk@6c48a","2e8LLDA0hGqrsjN0Mwf7R5@6c48a","2e8LLDA0hGqrsjN0Mwf7R5@f9941","328Tfj+SpK8rWMCLI/sfXL@6c48a","33MWgAzYBNkr62YwIIuWEV@f9941","35KlF92zxPnZBd310Vmv35@f9941","36KxJ8XgJMKLZ/tN00H37Y@f9941","20g1ukYUVPvKWKBRznAKo+@6c48a","20g1ukYUVPvKWKBRznAKo+@f9941","21AzVRrK1AZ7haQJiA5QEQ","21IQL357hGRIyUDKpH47Te","22XCrmuoRGar92yOXa95jQ","22wA6SVtpJWpdV8skcm5LF","24xBnqY6hOoanQf8RpSJu8","47pSQonoJB/YqEX/tlIm2a","31thz0mmBAeYraEmmMbGQD@f9941","33UcOMsFhHRIvxSl7du5jW@f9941","37hHm892lPGKQ8sMQmCiip@6c48a","395KeDcJlNB7BFi+4kRXBV","3bGVyESPBMFJTo/PRXE1dq","3cfBsV1KxNHognJRnh6FDQ@f9941","40cMB/NXRFg6kgidf86Zti@f9941","43Nr1ehLBNVKUAsolFLG3n@6c48a","449ODlIPBPKKF7qNQKBFBq@6c48a","46dUItquFNlZhrZp2Pq7Mt@6c48a","47XMtDSn5IoYAAGg/3hxPj@6c48a","4ajJYGqDxH9ZshG/LmQr0W@f9941","4baNvUEUxHtKYiiyuACNF1@f9941","4bcajeuFFLlJp2NZjizjXM@f9941","4bvVZcNvJNw5yTFCmacwMR@6c48a","4cddJqzV1NyKOSWPQXsPfD@f9941","4cl2FJnJNFxrBh5PW+N2G9@f9941","4eH7x5DbxKOLzWX8RBWpCh@6c48a","4e78p636lHVbuZOMJ44pIO","50QXjLQQRDLrGbdE1Xdrdk","53uBZLVyBBQ7krfTerGN6/@6c48a","53xXl+0kBJdpnvXS/V803c@f9941","54ZaaZEsFGoYj+L+Lt8xe/@6c48a","57bXupZ1VAVIkO2b4kt74F@f9941","57pRnPWYJGDapKJk1OMx2t@6c48a","57pRnPWYJGDapKJk1OMx2t@f9941","58Qt/WxCtGQoCZqQ8bHjPR@f9941","59lvTsqWtOGLXJSIQs4dxt@f9941","5agBImZpZOaYsCU1N9zJmM@f9941","5bfHoL3J1LlLPEB3AMddeQ","5cDmHWwBhGIZYyXhdmrL0C@f9941","5djUbKVBxGwbDAOIHA0ua7@6c48a","5d3w3mB9lMsJ+x1xWhr04J@f9941","5eRxwimyBFeq42Px3+MDAe@f9941","5ere4c/6FC6YPPKX/cQ/t0@6c48a","5fG57ZiHRKEYaWSVWoweHG","5fh9K2yUJP9ro0QNpnYuWZ@6c48a","5f6qlV7hFHpYaoOL19Gimo@6c48a","61JSr/tEpEGrHahFXlFrVw@6c48a","62GUdIZstPvKNiTJTDgDKo","64YTqRIt5Hf4Ko7SqdOGcS@6c48a","65QgOHwsdCJbSEV7U707MM@f9941","65xmWjYV5F26hDFFJZEKRB@f9941","65+WVrD3VJIKvTkjbyDxXx@6c48a","67uAREllBE2K6f1rj71ZyC@6c48a","68Y8EAzpdOj47pFwH82L97@6c48a","68kTI/IWpB+LY6XHpmbow3","6aFHiZg+tBLb0ChIRlLDw2@6c48a","6aK3YpbhFOAqh68ydj/K+H@6c48a","6aUE6UqddK77xI1PYvBZ0b@6c48a","6agur5zx5Ah5gyuuJ3zHxk@f9941","6aqHUHJV9IHJhkEUdkUx/5@6c48a","6avuacslRDvao/prkntoFH@6c48a","6avuacslRDvao/prkntoFH@f9941","6axNOQIMdNTpHe4YQFouaa@f9941","6b0JP9bcRFPZ0z0IS5GNeZ","6eenNygvtPSJ6rX6QqIUS9@f9941","70cyO71BhKhraXjK/VeUXi@6c48a","71I/r8pnVN0pj/PJLF1RON@6c48a","72PVO9899DmYjIv/C/rExT@f9941","72PeQ/YytEWL3stqpF1Uyz@6c48a","746bNJ95hKv7WAjiNuHjbP@6c48a","746bNJ95hKv7WAjiNuHjbP@f9941","75KUipIdVPN5Ii1WTXoa07@6c48a","75KUipIdVPN5Ii1WTXoa07@f9941","75seGpba5LeKDDR7M/AcCm@f9941","78YG33xTpNOZsh05rdMtRD@f9941","78k1pKG7BCIb5rpc5uk+fz@6c48a","79YITHOLlEwqpZDRqxyHtN@6c48a","79YITHOLlEwqpZDRqxyHtN@f9941","79+hRJDzdB8Z+DX0LdE17K@f9941","7aGv/UYP9HOYvfsqJCPz1M@f9941","7a6ahpsrlAqpGsdeH9mBtN","7bc790TTNJU4WIJH8/Ciy/","7bxiPFUt1Hyofpf6/V3mGj@6c48a","7bxiPFUt1Hyofpf6/V3mGj@f9941","7c0nhkwIxKNpr4AMd4bc2M","7d7RkVfEpNPZIAG9lrF0Ec@f9941","7fTBDbrlFLWaSl6ownznfR@f9941","80J6TK7T1PhZjt+j6Km6jR@f9941","80ZBeP17ZKN5Dmv9TuV5cC@6c48a","80ym2E4XNHnZDDw5ZHah2c@f9941","82nvUezlVHs6rf7+L4jJnI@6c48a","82nvUezlVHs6rf7+L4jJnI@f9941","83YQQMqA5PxIw8m+AAq/Vu@f9941","84l9sWOHBCEL2fbNmFRO1r@6c48a","85OjtK7utGPq/GaW9inqQt","88ih4rlOBOipQ4wlci8DmI@6c48a","88mreJhUtEQKJ3uh7eG0Yk@6c48a","88mreJhUtEQKJ3uh7eG0Yk@f9941","8c3wud6qJBRJFVD9HxAdd1@6c48a","8c3wud6qJBRJFVD9HxAdd1@f9941","8dhCA6A8VKwKL6Yl6iUvB1@f9941","8efb2jLmJKnacttIjpZANU@f9941","8fMk7HgIVITI/dg05htpPZ","8f2+UV95JNtqKVpOyHoPFP@6c48a","8f2+UV95JNtqKVpOyHoPFP@f9941","91BOi9g4hMQ7cKfW+I5Wlq@f9941","91W10f95JEzaytcdpt19s0@f9941","91eQltNzdHUojUryLioSdk@6c48a","915I66rbREnKuZx1DRYXq8@6c48a","915I66rbREnKuZx1DRYXq8@f9941","92adpoqH9ByrEVUXl8qcfJ@6c48a","925qVwwsRNjI/45yD1ILHQ@6c48a","928RnzxS9Nlbjo8573U3ng@6c48a","93qA3kFoxPIp8hH7t6+Ekd","95ujlfkENDjo+svZOm48rb","97F+SMM31Pjba3G2CmyULy@f9941","97v0FEDKNANrGt9WaXlREf@6c48a","97v0FEDKNANrGt9WaXlREf@f9941","98AgGpROlG2bH3YKYvT0m9@6c48a","99myh2tX5GOImXDhidE7ZI","9a900TfhlH55k8KEV4F/go@f9941","9bBBkA9KpJWq2jt5mzqaop@6c48a","9ccysPBbxHe5eCjiEsmOGQ@f9941","9ekkgpPtZJmJoo9QVyrsRJ@f9941","9e2SBVUa1B4Z+mumoD0oLI@f9941","9fkwML5IlGHpvorUq9JSME","9fmEWwQY1ECoIJh8GK9oFX@6c48a","a2T3gzkbpPUqRQmGK/bo36@6c48a","a2T3gzkbpPUqRQmGK/bo36@f9941","a3SAocNhtM8asVflkParxT@f9941","a4mVs9s9NCdoZ65+muq4Gi@f9941","a5ECYy/eVA9JTx5aKc8oZh","a7GmvzVs1I3o4gYWdVS9oV@f9941","a8Heq6PRxOxaKNSj0JSM4W","a95qKudvtIqoyiwcO3q47M@f9941","aadXeOJk1Lb55bZHKdzNsv","aahI0L6ZNJE4u7WkP/Monu@6c48a","adFypxfzNF9prmFu+k6RoF@f9941","adNfHgTnpBsKQ4Uw+n7cea","aebaWHh1FGZrZi18qFu8ih@f9941","b0dBUgV5RASr4jhFlLp8AT@f9941","b2M/AbyoBGoaawzMh9VuJC@6c48a","b3QKGwKnpMdZ/hQdz1PYme@f9941","b3r5TybchDsY1ca1oCY+Ie@6c48a","b6UBBEzLNCL4uabFlGnElt@f9941","b8+VZlYCNK8Zx7925nZdBI@6c48a","b98s1DwYNLDIlQClk8AeYi@6c48a","bcBBneuoRGD5wGcSU8e6Nv@6c48a","bcuzzApudLULBKcwbC68tQ@6c48a","bew+ZP76VBnryikXjmdnJX@f9941","c0CHNwQypDJpryicvXOXh0@f9941","c0JNoqNdBNxbn4TYqps4fN@6c48a","c02mfY9HJOGLiXMLGsb9wr@6c48a","c5O/LkNzBCxo79bjBVVsWE@f9941","c6Byvg+zJJJp+4Gr8//Doz@f9941","c6lTTD1+dL/LtCu2/Ok75S@f9941","c66DyvoM1EBa8SrnK9ZCaO@6c48a","c7emZRNCdL/IouCeE7qJ73@f9941","cch0y4WXJNYYi3j5z1MuR0@6c48a","cch0y4WXJNYYi3j5z1MuR0@f9941","cd8elO6TVIwYQoOclIgBiS@6c48a","cehkeqO/JKkYf/UhurMopH@6c48a","cehkeqO/JKkYf/UhurMopH@f9941","d00SX6TFNEW5wmaBrWcjHR","d2Ihb/3rRI1bzE3EXwEbsa@f9941","d2MkR05MRE8Zso+pq9AzdG@6c48a","d2j7g7oCVKKqq+kqD9ULYn@f9941","d3+wgqOnhAWIIaeYZQGKZS@f9941","d5Hxmtz+xKxbUzyMGjd60c@f9941","d5Vkae7XFE6ZvElbjQVRmo@f9941","d5YDL5+b9Oa7zNdKuePWNr@f9941","d5t3vUVMtA9JzhdRJvi3LE@6c48a","d6mVU1ZCpIzow1xMpK1toA","d9x0gC7TdCl4WtsMKIYnz6@6c48a","d95zGPtkJOUaJ+UZ/xxwlz@6c48a","daBqHZAgFH/53V6wxRc9oc","daJIFvzcVAO4zg+Wr8lS+U@6c48a","daJIFvzcVAO4zg+Wr8lS+U@f9941","dbRzDcV+BCXJs8UKqYUIew@f9941","dcLOgYuQBOVLj3wvTsQsJc@6c48a","dccuoLdVNPXa0P+VRT9Id5@6c48a","dc6qxwcWJIHJlX6zi0yDoj@6c48a","ddzMgtveNJFIBy9Fe4Fe2Q@f9941","deTmJaswpKk74hEoTOYqOd@6c48a","depacyDutPAZnPTY2qSQNM@6c48a","e0I4tQ43tOKqd0QXHkR0cf@6c48a","e0WMbUO9lKor82wCb9U99E@f9941","e0vVLa9thJlKn8B8qxS2kd","e08cTNTixMQLDnEsHL7tc+@f9941","e4CIiB7wJL87ia1ZONBVqF@f9941","e4sltfv95FbI+6Q4UpVWjy@6c48a","eaKJgMdj5KFIslE4BdMIOF@6c48a","ebsUyWejFAuJ3/3TBK2p26@6c48a","ecBhZNdYpIIL5vB2UiW50l@f9941","ec5paFdThI94l3inuZvVHe@6c48a","eev1pcYQFFL5JvM+7Lelpk","efa6IrFyhJvr68QuX1aaZ/@6c48a","f4EE8ykQ5G1Ler6zC5/vDr@6c48a","f4FtrXiTROXYDcB1rdICHO@f9941","f6A0Gd2B5NK7chIYhJav25","falaiE7RJA1Ki12WZz0S0I@f9941","fbKFOs8ZNL6KK/zCoKMlDC@6c48a","fbKFOs8ZNL6KK/zCoKMlDC@f9941","fbqJn384dPdrxwldOjZ5FI@6c48a","fcuhHmbFhDKrWikVtsP6Q6@6c48a","fdBw1Al4tEG5bpZDdk7siB@f9941","24xBnqY6hOoanQf8RpSJu8@6c48a","24xBnqY6hOoanQf8RpSJu8@f9941","2aSGhzyj9K0pGKlm/xaRE2","2c4BIUHgFI9YpZE1AKJJ80","2dhv+XOU1DAJKAzdoIkMFk","2dhv+XOU1DAJKAzdoIkMFk@f9941","2e8LLDA0hGqrsjN0Mwf7R5","31ftaNgbFHwoWoROnwQzPg","328Tfj+SpK8rWMCLI/sfXL","3569VovptA1ZPif13wiPuQ","37cjiX6OZMJ6/TkGvdeZax","37hHm892lPGKQ8sMQmCiip","39Eo3hAm5Fib3hugDZ0uCE@f9941","39ToQU4b1K8ppqgq1ssN2Q@f9941","3bWRpOP+1KhrcyH6TkIF8P","3b6wweuXZLYK1ggAK+A1BB@f9941","3b9Gw3XkxGC6I/cXdrg/k2","3dT8N/EVdJb6UD3mxSeI5H","40KoBiF4tCIKqto5cw6T6h","43Nr1ehLBNVKUAsolFLG3n","449ODlIPBPKKF7qNQKBFBq","45HsuskDdBCZBj7p8Fqrzk","46dUItquFNlZhrZp2Pq7Mt","47XMtDSn5IoYAAGg/3hxPj","47XMtDSn5IoYAAGg/3hxPj@f9941","481AfQRBlEwJlXmqZ4vSJK@f9941","4bvVZcNvJNw5yTFCmacwMR","4ddfohxaJBWbtezzCq4Bpr","4eH7x5DbxKOLzWX8RBWpCh","4f29pVSchAkJxM4qYfz4WQ@f9941","53W6qqtYBIQo49z/AIzqRi","53kg1VV1JDNLaRC+3pelNw@f9941","53uBZLVyBBQ7krfTerGN6/","54PBmSbLVCUb8oeGcIYnbS","54ZaaZEsFGoYj+L+Lt8xe/","55eW45uGJBSoWkTHnJraOY","57dHgL9ANPzrzjgAX1d1YG@f9941","57pRnPWYJGDapKJk1OMx2t","583xeiHpdBM7D9oq3cxIMG","5djUbKVBxGwbDAOIHA0ua7","5ere4c/6FC6YPPKX/cQ/t0","5fh9K2yUJP9ro0QNpnYuWZ","5f6qlV7hFHpYaoOL19Gimo","604xcNx7RI1J4tlHnwd4r5@f9941","61JSr/tEpEGrHahFXlFrVw","63OSdC66pEOIiqsgg672W+","64YTqRIt5Hf4Ko7SqdOGcS","65OE5HhdlDjo/j8gywWRwq","65+WVrD3VJIKvTkjbyDxXx","67uAREllBE2K6f1rj71ZyC","68Y8EAzpdOj47pFwH82L97","69Qbb7yvtAvLENgcV0dNGE","69sZWB6GxGCpBt7vNfiwev@f9941","6aFHiZg+tBLb0ChIRlLDw2","6aFHiZg+tBLb0ChIRlLDw2@f9941","6aK3YpbhFOAqh68ydj/K+H","6aK3YpbhFOAqh68ydj/K+H@f9941","6aNJtGt79P0bllnyhfCEG1","6aUE6UqddK77xI1PYvBZ0b","6aZN7IukRHuovXkk1W+mOe@f9941","6abq+5guRF9K6l50XrGZYs@f9941","6aqHUHJV9IHJhkEUdkUx/5","6aqHUHJV9IHJhkEUdkUx/5@f9941","6avuacslRDvao/prkntoFH","6br3J6jTNExLk4zelM48uW","6f082dLR5BbK2mLCAMxm+e@f9941","70cyO71BhKhraXjK/VeUXi","71I/r8pnVN0pj/PJLF1RON","72PeQ/YytEWL3stqpF1Uyz","746bNJ95hKv7WAjiNuHjbP","75KUipIdVPN5Ii1WTXoa07","75LsCmfPdOj6lJw3+uCff4@f9941","77qDimtABH1JfvK1JV2/97","78k1pKG7BCIb5rpc5uk+fz","79YITHOLlEwqpZDRqxyHtN","7aRorDLZFAUJJa3/ivwhjr@f9941","7bxiPFUt1Hyofpf6/V3mGj","7dj5uJT9FMn6OrOOx83tfK@f9941","7f4AUGzrxGrIMYwCuuFz0K@f9941","80ZBeP17ZKN5Dmv9TuV5cC","80ZBeP17ZKN5Dmv9TuV5cC@f9941","81PW4ZiuZAJpLasqKA7QwG@f9941","81yHCqsUlFqIMxF3LvKFPu","82nvUezlVHs6rf7+L4jJnI","84aDP1P/NE+LeEsx+3a21C@f9941","84l9sWOHBCEL2fbNmFRO1r","85CVr9DLtEzpO0N1r4O11X","86GDc83QhGSb6xee/wd+PD","868l1cneVFT6X57hZgPmcB","88dYqqOWVCEpQwB9omEULx@f9941","88ih4rlOBOipQ4wlci8DmI","88mreJhUtEQKJ3uh7eG0Yk","89b0pQhaJESrDudnNbOiBE","8cIA63YQNEfY8h4KBvp3p7@f9941","8c3wud6qJBRJFVD9HxAdd1","8fimp3OGtFKKLJKekwphpL@f9941","8fz2AMd8ZKy7I4Q/zHTF7J","8f2+UV95JNtqKVpOyHoPFP","90sG7DUstHga+jvp2fU6bO","91eQltNzdHUojUryLioSdk","911gs+MYpNsporOUEoKQOX@f9941","915I66rbREnKuZx1DRYXq8","92TV9zMHNBUYnWqxQ8WrUV","92TV9zMHNBUYnWqxQ8WrUV@6c48a","92TV9zMHNBUYnWqxQ8WrUV@f9941","92adpoqH9ByrEVUXl8qcfJ","92avLMyklJBrG6KwwQ3/mP","921XP687tLJ6MxRS4/P65x@f9941","925qVwwsRNjI/45yD1ILHQ","928RnzxS9Nlbjo8573U3ng","928RnzxS9Nlbjo8573U3ng@f9941","94z09irr1NYY1aNSx9zvr7","95f0DVG6NMQLzN2YAV4y+G","96hVSz5JlJDZzgOi+jct/M@f9941","97v0FEDKNANrGt9WaXlREf","98AgGpROlG2bH3YKYvT0m9","9apsLUbhREdJsPVYBAwcEI","9bBBkA9KpJWq2jt5mzqaop","9bWC4cSjhMa49+v1wANUk2","9bnt+ZsmVOsLZQKIUWi9dw","9c0DHSUW1Bx4u84XOvaOR+@f9941","9d/GMgG31Cjp0Arz2vSS/x","9d/GMgG31Cjp0Arz2vSS/x@6c48a","9d/GMgG31Cjp0Arz2vSS/x@f9941","9fmEWwQY1ECoIJh8GK9oFX","a2T3gzkbpPUqRQmGK/bo36","a3CNQOpLJP16FjNwSuphJV@f9941","a5OXORMzJF/Z91IyF3MmQ0","a6BlCGS6pFPLX3RH+Uk9SM","a7cPOLeyVCRYIgk1qvkT8b@f9941","a9U6QmhDRBsJwlHLdYyav+","aahI0L6ZNJE4u7WkP/Monu","b1kDZsVqxFcLf6pesvtV7j","b2M/AbyoBGoaawzMh9VuJC","b3r5TybchDsY1ca1oCY+Ie","b3r5TybchDsY1ca1oCY+Ie@f9941","b4tyfwSU5BUYmFaoDqLHBd","b41LiyzOxAHpDHCb199TG/@f9941","b7+9oT/DlLtr5AQuM0bdxw@f9941","b8+VZlYCNK8Zx7925nZdBI","b9UrYLjDRM0pGvtp+0CmcB","b98s1DwYNLDIlQClk8AeYi","b98s1DwYNLDIlQClk8AeYi@f9941","bcBBneuoRGD5wGcSU8e6Nv","bcBBneuoRGD5wGcSU8e6Nv@f9941","bcuzzApudLULBKcwbC68tQ","bdw9DHBY9MYYjQb/xgi7vW@f9941","beBQZ4iiVKKbWpxEf/QYFn","c0JNoqNdBNxbn4TYqps4fN","c02mfY9HJOGLiXMLGsb9wr","c2U0vX0UJOTJFNSA07zqC2","c66DyvoM1EBa8SrnK9ZCaO","c66DyvoM1EBa8SrnK9ZCaO@f9941","c7s+gVUU9JRqSaUunC9K2p","ccOu4m4r1EVbQuyDM7rihC","cch0y4WXJNYYi3j5z1MuR0","cd8elO6TVIwYQoOclIgBiS","ceXw945CVNb4lNhIchKpeo@f9941","cehkeqO/JKkYf/UhurMopH","d2MkR05MRE8Zso+pq9AzdG","d5t3vUVMtA9JzhdRJvi3LE","d9hS2SeslJToVYXa12tvkz","d9x0gC7TdCl4WtsMKIYnz6","d95zGPtkJOUaJ+UZ/xxwlz","daEJjtlN1D84oETYWKbFz/","daJIFvzcVAO4zg+Wr8lS+U","dcLOgYuQBOVLj3wvTsQsJc","dccuoLdVNPXa0P+VRT9Id5","dc6qxwcWJIHJlX6zi0yDoj","ddgU0vEFtKi6/Ni3BMk7Zo","deTmJaswpKk74hEoTOYqOd","depacyDutPAZnPTY2qSQNM","dfJSvTxhFGf5mqLxmwBME8","dfVH4rN0xKYZpzF0gjTonV","e0I4tQ43tOKqd0QXHkR0cf","e37QegeERIsImX9Nyr16/T","e4sltfv95FbI+6Q4UpVWjy","e5mkLSVv5DALwoCAnkS1/+@f9941","e61vASRZFGqrEUnta5/P2M@f9941","e7+t83nA1H2ac0+BAcNaaD@f9941","eaKJgMdj5KFIslE4BdMIOF","eaL5vVSmJPo4EzQFt2wQxI@f9941","ebsUyWejFAuJ3/3TBK2p26","ecublYDJpGo78+BsBKF7Z5@f9941","ec5paFdThI94l3inuZvVHe","efa6IrFyhJvr68QuX1aaZ/","efbUVFiYJC879eRakvvr+e","efrMLXopxC95BwBhpJxMVK@f9941","f2AMyk/EBKFaulgi5oKkIk","f2jF4DS75FKJd2MBAKE1L6","f3m4bfe/dD5bRvYHVKCW6p","f4EE8ykQ5G1Ler6zC5/vDr","f5FbxlrnJIWrDtj/oTafi8","f5Y+0jVZZIF5ryNoQPkeDP@f9941","f92aXtIwBPRqia9+IeitGb@f9941","fbJidyxZlOoYP36rXb/jAJ","fbKFOs8ZNL6KK/zCoKMlDC","fbqJn384dPdrxwldOjZ5FI","fbqJn384dPdrxwldOjZ5FI@f9941","fcE6NatUVGdZCUQGX+jU1E","fcJCEmkQ9BW6tPyGQLVVAw","fcuhHmbFhDKrWikVtsP6Q6","feC0CoeMVASaiQbUXOTCoP","fe88gGaMxBvr9ZlPemIbL7@f9941"],"paths":{"0":["dragonImg/dragon_actionBar/auto_bar",3,1],"5":["dragonImg/dragon_actionBar/dl_sg_autoanniu/spriteFrame",2,1],"7":["atlas/tubiao/icon_lztb_tubiao_j/texture",1,1],"8":["dragonImg/dragon_actionBar/dl_long_zhongjiangbox/spriteFrame",2,1],"9":["publicFont/shuzi_xiazhujine_0/texture",1,1],"10":["publicFont/shuzi_xiazhujine_0/spriteFrame",2,1],"11":["dragonImg/bg_lztb_zhunzhuoban_1/spriteFrame",2,1],"12":["atlas/tubiao/icon_lztb_tubiao_a/texture",1,1],"13":["PublicImg/bg_lztb_jackpot_mini/texture",1,1],"14":["PublicImg/bg_lztb_jackpot_mini/spriteFrame",2,1],"15":["dragonImg/dragon_actionBar/AUTO SPIN SETTING/spriteFrame",2,1],"16":["dragonImg/dragon_actionBar/MUSIC/spriteFrame",2,1],"17":["atlas/dialog/megawin/megawin",7,1],"19":["atlas/tubiao/icon_lztb_tubiao_j",0,1],"20":["atlas/tubiao/icon_lztb_tubiao_j/spriteFrame",2,1],"27":["publicFont/shuzi_xiazhujine_0",0,1],"28":["atlas/tubiao/icon_lztb_tubiao_a",0,1],"29":["atlas/tubiao/icon_lztb_tubiao_a/spriteFrame",2,1],"30":["PublicImg/bg_lztb_jackpot_mini",0,1],"38":["atlas/rollerIcon/q/tubiaoQ/texture",1,1],"39":["atlas/dialog/superwin/superwin",8,1],"40":["atlas/rollerIcon/q/tubiaoQ",0,1],"45":["atlas/rollerIcon/baohe/tubiaolanbaoshi/texture",1,1],"46":["atlas/dialog/superwin/tongyong_sw",11,1],"47":["atlas/rollerIcon/baohe/tubiaolanbaoshi",7,1],"49":["atlas/miniSkeleton/jiangchidonghua4/texture",1,1],"50":["prefabs/pyrosphere",6,1],"52":["atlas/miniSkeleton/jiangchidonghua4",0,1],"53":["atlas/rollerIcon/10/tubiao10",7,1],"59":["font/shuzi_jackpotjine_0/texture",1,1],"60":["font/shuzi_jackpotjine_0/spriteFrame",2,1],"62":["font/shuzi_jackpotjine_0",0,1],"63":["atlas/rollerIcon/baohe/tubiaolanbaoshi",0,1],"64":["audio/shell_end",4,1],"67":["atlas/dialog/superwin/superwin",7,1],"68":["atlas/rollerIcon/yaoqianshu/tubiaobaozi",7,1],"70":["dragonImg/auto_dragonImg",3,1],"71":["dragonImg/dragon_actionBar/dl_long_offanniu/spriteFrame",2,1],"72":["atlas/miniSkeleton/jiangchidonghua9/texture",1,1],"74":["audio/dragon_buycard",4,1],"89":["atlas/PublicSkeleton/spine_guangquan2/texture",1,1],"93":["atlas/focusBorder/LZTB_huoyankuangxiao",7,1],"96":["atlas/PublicSkeleton/spine_guangquan2",0,1],"98":["atlas/miniSkeleton/jiangchidonghua8/texture",1,1],"99":["font/shuzi_xiazhucishu_0/texture",1,1],"100":["font/shuzi_xiazhucishu_0/spriteFrame",2,1],"101":["atlas/dialog/bigwin/tongyong_bw",11,1],"102":["prefabs/prefabs_dragonV2_loading",6,1],"103":["dragonImg/bg_lztb_zhunzhuoban_2/spriteFrame",2,1],"104":["atlas/dragonTail/LZTB_longwei",8,1],"105":["atlas/spoutingDragon/longpenhuodonghua6/texture",1,1],"106":["atlas/dialog/jackpot/fire0001/texture",1,1],"107":["atlas/dialog/jackpot/fire0001/spriteFrame",2,1],"108":["atlas/tubiao/icon_lztb_tubiao_k/texture",1,1],"109":["textures/head/texture",1,1],"110":["textures/head/spriteFrame",2,1],"111":["atlas/ringOfFire/LZTB_huoyuan4/texture",1,1],"112":["dragonImg/4/spriteFrame",2,1],"113":["dragonImg/icon_common_gold/spriteFrame",2,1],"114":["dragonImg/dragon_actionBar/AUTO/spriteFrame",2,1],"117":["atlas/miniSkeleton/jiangchidonghua9",0,1],"118":["atlas/miniSkeleton/jiangchidonghua8",0,1],"119":["font/shuzi_xiazhucishu_0",0,1],"120":["atlas/rollerIcon/K/tubiaoK",8,1],"122":["PublicImg/auto_common_dragon",3,1],"123":["dragonImg/dragon_actionBar/dl_long_spinicon1/spriteFrame",2,1],"124":["dragonImg/dragon_actionBar/dl_long_jinbijia/spriteFrame",2,1],"125":["atlas/dialog/bigwin/bigwin2/texture",1,1],"126":["atlas/miniSkeleton/jiangchidonghua",8,1],"127":["atlas/focusBorder/LZTB_huoyankuangxiao",8,1],"128":["dragonImg/bg_lztb_jackpotban/spriteFrame",2,1],"129":["dragonImg/bg_lztb_guize_6/spriteFrame",2,1],"130":["atlas/rollerIcon/jackpot/skeleton/texture",1,1],"131":["atlas/miniSkeleton/jiangchidonghua13/texture",1,1],"132":["atlas/miniSkeleton/jiangchidonghua12/texture",1,1],"133":["atlas/tubiao/icon_lztb_tubiao_yuanbao/texture",1,1],"134":["dragonImg/dragon_actionBar/FREE SPINS LEFT/spriteFrame",2,1],"135":["dragonImg/btn_lztb_guize_off/spriteFrame",2,1],"136":["dragonImg/dragon_actionBar/dl_shezhi_kai/spriteFrame",2,1],"137":["atlas/dragonTail/LZTB_longwei/texture",1,1],"138":["dragonImg/bg_lztb_freegame_jinruban/spriteFrame",2,1],"139":["dragonImg/dragon_actionBar/dl_long_caidananniu/spriteFrame",2,1],"140":["atlas/spoutingDragon/longpenhuodonghua4/texture",1,1],"141":["atlas/dialog/jackpot/tongyong_jp",11,1],"142":["publicFont/shuzi_xiazhujine",5,1],"143":["atlas/spoutingDragon/longpenhuodonghua7/texture",1,1],"144":["dragonImg/dragon_actionBar/dl_sg_autoanniu1/spriteFrame",2,1],"145":["atlas/focusBorder/LZTB_baozhalanguang2/texture",1,1],"146":["dragonImg/bg_lztb_jackpot_mini/spriteFrame",2,1],"147":["font/zi_zhongjiang_0/texture",1,1],"148":["font/zi_zhongjiang_0/spriteFrame",2,1],"149":["dragonImg/dragon_actionBar/dl_long_stopicon/spriteFrame",2,1],"150":["dragonImg/dragon_actionBar/dl_long_shezhianniu/spriteFrame",2,1],"151":["dragonImg/btn_lztb_jackpot_kaiguan/spriteFrame",2,1],"152":["prefabs/icon",6,1],"153":["dragonImg/dragon_actionBar/dl_long_guizeanniu/spriteFrame",2,1],"154":["atlas/dragonGod/xunlongtanbao/texture",1,1],"155":["dragonImg/icon_lztb_guize_ye_1/spriteFrame",2,1],"156":["dragonImg/bg_lztb_zhunzhuoban_3/spriteFrame",2,1],"157":["atlas/ringOfFire/LZTB_huoyuan5/texture",1,1],"158":["atlas/number/number-atlas-1",10,1],"159":["atlas/rollerIcon/baicai/skeleton/texture",1,1],"160":["atlas/rollerIcon/scatter/skeletona2/texture",1,1],"161":["atlas/dialog/superwin/superwin/texture",1,1],"162":["prefabs/slotBg_new",6,1],"163":["atlas/rollerIcon/wild/LZTB_wildtubiao/texture",1,1],"164":["dragonImg/dragon_actionBar/SOUND/spriteFrame",2,1],"165":["dragonImg/dragon_actionBar/dl_long_xiazhujia_1/spriteFrame",2,1],"166":["atlas/rollerIcon/K/tubiaoK/texture",1,1],"167":["atlas/ringOfFire/LZTB_huoyuan/texture",1,1],"168":["atlas/rollerIcon/10/tubiao10/texture",1,1],"169":["atlas/spoutingDragon/longpenhuodonghua",8,1],"170":["atlas/tubiao/icon_lztb_tubiao_scatter/texture",1,1],"171":["atlas/tubiao/icon_lztb_tubiao_jp1/texture",1,1],"172":["atlas/miniSkeleton/jiangchidonghua6/texture",1,1],"173":["dragonImg/dragon_actionBar/zi_STOP/spriteFrame",2,1],"174":["atlas/tubiao/icon_lztb_tubiao_q/texture",1,1],"175":["atlas/dialog/bigwin/fire0001/texture",1,1],"176":["atlas/dialog/bigwin/fire0001/spriteFrame",2,1],"177":["dragonImg/2/spriteFrame",2,1],"178":["atlas/rulePic/animation_up",9,1],"179":["dragonImg/dragon_actionBar/SETTINGS/spriteFrame",2,1],"180":["atlas/huoyankuang/LZTB_honghuodakuang/texture",1,1],"181":["atlas/focusBorder/skeletonb/texture",1,1],"182":["dragonImg/bg_lztb_guize_box/spriteFrame",2,1],"183":["atlas/rollerIcon/tongqian/tubiaotongqian/texture",1,1],"184":["dragonImg/bg_lztb_loading/texture",1,1],"185":["dragonImg/bg_lztb_loading/spriteFrame",2,1],"186":["font/shuzi_mianfeicishu_0/texture",1,1],"187":["font/shuzi_mianfeicishu_0/spriteFrame",2,1],"188":["dragonImg/dragon_actionBar/dl_long_xiazhujian_0/spriteFrame",2,1],"189":["dragonImg/dragon_actionBar/dl_shezhi_guan/spriteFrame",2,1],"190":["atlas/miniSkeleton/jiangchidonghua10/texture",1,1],"191":["PublicImg/icon_dating_jinbi/texture",1,1],"192":["PublicImg/icon_dating_jinbi/spriteFrame",2,1],"193":["dragonImg/bg_lztb_guize_5/spriteFrame",2,1],"194":["dragonImg/dragon_actionBar/dl_long_xiazhujia_0/spriteFrame",2,1],"195":["font/shuzi_lztb_jiangchi",5,1],"196":["atlas/huoyankuang/LZTB_honghuodakuang",8,1],"197":["PublicImg/bg_lztb_jackpot_zhongjiangban/texture",1,1],"198":["PublicImg/bg_lztb_jackpot_zhongjiangban/spriteFrame",2,1],"199":["atlas/dialog/megawin/tongyong_mw",11,1],"200":["dragonImg/dragon_actionBar/zi_goodluck/spriteFrame",2,1],"201":["dragonImg/zi_lztb_freegame/spriteFrame",2,1],"202":["dragonImg/zi_lztb_inspecial/spriteFrame",2,1],"203":["atlas/tubiao/icon_lztb_tubiao_jp3/texture",1,1],"204":["dragonImg/zi_lztb_congratulations/spriteFrame",2,1],"205":["font/shuzi_lztb_jiangchi_0/texture",1,1],"206":["font/shuzi_lztb_jiangchi_0/spriteFrame",2,1],"207":["dragonImg/dragon_actionBar/dl_long_confirm/spriteFrame",2,1],"208":["atlas/PublicSkeleton/spine_guangquan/texture",1,1],"209":["atlas/PublicSkeleton/skeleton",8,1],"210":["atlas/rollerIcon/yaoqianshu/tubiaobaozi/texture",1,1],"211":["PublicImg/bg_lztb_jackpot_jinruban/texture",1,1],"212":["PublicImg/bg_lztb_jackpot_jinruban/spriteFrame",2,1],"213":["dragonImg/Layer_Two/texture",1,1],"214":["dragonImg/Layer_Two/spriteFrame",2,1],"215":["dragonImg/zi_lztb_youwin/spriteFrame",2,1],"216":["dragonImg/dragon_actionBar/dl_long_stopicon1/spriteFrame",2,1],"217":["font/shuzi_jackpotjine",5,1],"218":["dragonImg/dragon_actionBar/dl_long_dibox/texture",1,1],"219":["dragonImg/dragon_actionBar/dl_long_dibox/spriteFrame",2,1],"220":["dragonImg/5/spriteFrame",2,1],"221":["dragonImg/bg_lztb_guize_1/spriteFrame",2,1],"222":["atlas/dragonGod/xunlongtanbao2/texture",1,1],"223":["dragonImg/bg_lztb_1/texture",1,1],"224":["dragonImg/bg_lztb_1/spriteFrame",2,1],"225":["atlas/dragonTail/LZTB_longwei2/texture",1,1],"226":["atlas/focusBorder/LZTB_baozhalanguang3/texture",1,1],"227":["atlas/tubiao/icon_lztb_tubiao_wild/texture",1,1],"228":["atlas/animation/animation_title",9,1],"229":["atlas/rollerIcon/wild/LZTB_wildtubiao",8,1],"230":["dragonImg/3/spriteFrame",2,1],"231":["atlas/dialog/megawin/fire0001/texture",1,1],"232":["atlas/dialog/megawin/fire0001/spriteFrame",2,1],"233":["atlas/spoutingDragon/longpenhuodonghua3/texture",1,1],"234":["prefabs/dialogWin",6,1],"235":["dragonImg/icon_lztb_guize_ye_2/spriteFrame",2,1],"236":["atlas/dialog/bigwin/bigwin/texture",1,1],"237":["dragonImg/dragon_actionBar/dl_long_zidong_1/spriteFrame",2,1],"238":["dragonImg/dragon_actionBar/dl_long_spinicon/spriteFrame",2,1],"239":["dragonImg/zi_lztb_infree/spriteFrame",2,1],"240":["atlas/ringOfFire/LZTB_huoyuan",8,1],"241":["atlas/dialog/megawin/megawin/texture",1,1],"242":["textures/God_tk1_7/texture",1,1],"243":["textures/God_tk1_7/spriteFrame",2,1],"244":["dragonImg/1/spriteFrame",2,1],"245":["dragonImg/dragon_actionBar/dl_long_xiazhujian_1/spriteFrame",2,1],"246":["font/shuzi_xiazhucishu",5,1],"247":["dragonImg/dragon_actionBar/dl_long_guizebox/spriteFrame",2,1],"248":["atlas/dragonGod/xunlongtanbao",8,1],"249":["dragonImg/dragon_actionBar/zi_SPIN/spriteFrame",2,1],"250":["atlas/focusBorder/LZTB_baozhalanguang",8,1],"251":["atlas/spoutingDragon/longpenhuodonghua/texture",1,1],"252":["dragonImg/dragon_actionBar/dl_long_spinanniu1/spriteFrame",2,1],"253":["atlas/rollerIcon/baicai/skeleton",8,1],"254":["dragonImg/bg_lztb_jackpot_jinekuang/spriteFrame",2,1],"255":["dragonImg/bg_lztb_guize_3/spriteFrame",2,1],"256":["atlas/miniSkeleton/jiangchidonghua/texture",1,1],"257":["dragonImg/icon_lztb_jiangchi_1/spriteFrame",2,1],"258":["atlas/tubiao/icon_lztb_tubiao_baoshi/texture",1,1],"259":["dragonImg/dragon_actionBar/dl_long_jinbibox/spriteFrame",2,1],"260":["atlas/ringOfFire/LZTB_huoyuan3/texture",1,1],"261":["atlas/tubiao/icon_lztb_tubiao_10/texture",1,1],"262":["atlas/tubiao/icon_lztb_tubiao_jp/texture",1,1],"263":["atlas/ringOfFire/LZTB_huoyuan2/texture",1,1],"264":["dragonImg/icon_dt_loading_0/spriteFrame",2,1],"265":["dragonImg/dragon_actionBar/dl_long_vipanniu/spriteFrame",2,1],"266":["atlas/rollerIcon/yuanbao/tubiaolvbaoshi/texture",1,1],"267":["atlas/miniSkeleton/jiangchidonghua7/texture",1,1],"268":["dragonImg/bg_lztb_jackpot_zhongjiangban/spriteFrame",2,1],"269":["dragonImg/bg_lztb_guize_2/spriteFrame",2,1],"270":["dragonImg/bg_lztb_jackpot_grand/spriteFrame",2,1],"271":["atlas/tubiao/icon_lztb_tubiao_baozi/texture",1,1],"272":["dragonImg/dragon_actionBar/dl_long_caidanbox/spriteFrame",2,1],"273":["PublicImg/Rptidakmencukupi/texture",1,1],"274":["PublicImg/Rptidakmencukupi/spriteFrame",2,1],"275":["atlas/dialog/megawin/megawin2/texture",1,1],"276":["textures/number/texture",1,1],"277":["textures/number/spriteFrame",2,1],"278":["atlas/dialog/megawin/megawin",8,1],"279":["dragonImg/dragon_actionBar/mianfeibox/spriteFrame",2,1],"280":["atlas/spoutingDragon/longpenhuodonghua5/texture",1,1],"281":["dragonImg/dragon_actionBar/dl_long_zidong_0/spriteFrame",2,1],"282":["dragonImg/dragon_actionBar/dl_long_kuai_1/spriteFrame",2,1],"283":["dragonImg/bg_lztb_jackpot_major/spriteFrame",2,1],"284":["dragonImg/icon_dt_loading_1/spriteFrame",2,1],"285":["dragonImg/dragon_actionBar/dl_long_spinanniu/spriteFrame",2,1],"286":["atlas/miniSkeleton/jiangchidonghua5/texture",1,1],"287":["font/zi_zhongjiang",5,1],"288":["atlas/rollerIcon/J/tubiaoJ/texture",1,1],"289":["atlas/focusBorder/skeletonb2/texture",1,1],"290":["atlas/dialog/bigwin/bigwin",8,1],"291":["atlas/dialog/superwin/fire0001/texture",1,1],"292":["atlas/dialog/superwin/fire0001/spriteFrame",2,1],"293":["dragonImg/bg_lztb_jackpotban_fengexian/spriteFrame",2,1],"294":["atlas/rollerIcon/A/tubiaoA/texture",1,1],"295":["atlas/focusBorder/skeletonb3/texture",1,1],"296":["atlas/focusBorder/LZTB_huoyankuangxiao/texture",1,1],"297":["dragonImg/btn_off/spriteFrame",2,1],"298":["atlas/PublicSkeleton/skeleton/texture",1,1],"299":["atlas/rollerIcon/scatter/skeletona/texture",1,1],"300":["atlas/focusBorder/LZTB_baozhalanguang/texture",1,1],"301":["dragonImg/dragon_actionBar/dl_long_guizedibox/spriteFrame",2,1],"302":["prefabs/flyBg",6,1],"303":["dragonImg/dragon_actionBar/dl_long_tuichuanniu/spriteFrame",2,1],"304":["dragonImg/0/spriteFrame",2,1],"305":["atlas/spoutingDragon/longpenhuodonghua2/texture",1,1],"306":["atlas/dialog/superwin/superwin2/texture",1,1],"307":["atlas/focusBorder/LZTB_huoyankuangxiao2/texture",1,1],"308":["dragonImg/dragon_actionBar/dl_long_kuai_0/spriteFrame",2,1],"309":["dragonImg/skeleton_left/texture",1,1],"310":["font/shuzi_mianfeicishu",5,1],"311":["atlas/miniSkeleton/jiangchidonghua3/texture",1,1],"312":["atlas/miniSkeleton/jiangchidonghua2/texture",1,1],"313":["dragonImg/zi_lztb_youwon/spriteFrame",2,1],"314":["atlas/PublicSkeleton/spine_guangquan",8,1],"315":["dragonImg/dragon_actionBar/zi_WIN/spriteFrame",2,1],"316":["dragonImg/bg_lztb_2/texture",1,1],"317":["dragonImg/bg_lztb_2/spriteFrame",2,1],"318":["atlas/tubiao/icon_lztb_tubiao_tongqian/texture",1,1],"319":["atlas/miniSkeleton/jiangchidonghua11/texture",1,1],"320":["dragonImg/bg_lztb_guize_4/spriteFrame",2,1],"323":["atlas/spoutingDragon/longpenhuodonghua6",0,1],"324":["atlas/dialog/jackpot/fire0001",0,1],"325":["atlas/tubiao/icon_lztb_tubiao_k",0,1],"326":["atlas/tubiao/icon_lztb_tubiao_k/spriteFrame",2,1],"327":["textures/head",0,1],"328":["audio/get_coin",4,1],"329":["atlas/ringOfFire/LZTB_huoyuan4",0,1],"330":["atlas/rollerIcon/tongqian/tubiaotongqian",7,1],"331":["audio/fast_roller",4,1],"332":["atlas/dialog/bigwin/bigwin2",0,1],"335":["atlas/rollerIcon/A/tubiaoA",7,1],"337":["audio/minCoin",4,1],"338":["atlas/miniSkeleton/jiangchidonghua",7,1],"339":["audio/maxCoin",4,1],"340":["atlas/rollerIcon/jackpot/skeleton",0,1],"341":["atlas/miniSkeleton/jiangchidonghua13",0,1],"342":["atlas/dragonGod/xunlongtanbao",7,1],"343":["atlas/miniSkeleton/jiangchidonghua12",0,1],"344":["atlas/tubiao/icon_lztb_tubiao_yuanbao",0,1],"345":["atlas/tubiao/icon_lztb_tubiao_yuanbao/spriteFrame",2,1],"347":["atlas/dragonTail/LZTB_longwei",0,1],"348":["audio/ling",4,1],"349":["atlas/spoutingDragon/longpenhuodonghua4",0,1],"351":["atlas/rollerIcon/yuanbao/tubiaolvbaoshi",8,1],"353":["atlas/spoutingDragon/longpenhuodonghua7",0,1],"354":["atlas/rollerIcon/q/tubiaoQ",8,1],"355":["atlas/focusBorder/LZTB_baozhalanguang2",0,1],"356":["audio/biu",4,1],"358":["font/zi_zhongjiang_0",0,1],"359":["atlas/focusBorder/skeletonb",7,1],"360":["atlas/dragonGod/xunlongtanbao",0,1],"361":["atlas/ringOfFire/LZTB_huoyuan5",0,1],"362":["atlas/rollerIcon/baicai/skeleton",0,1],"363":["atlas/rollerIcon/scatter/skeletona2",0,1],"365":["atlas/dialog/superwin/superwin",0,1],"366":["atlas/PublicSkeleton/spine_guangquan",7,1],"367":["atlas/rollerIcon/wild/LZTB_wildtubiao",0,1],"368":["atlas/rollerIcon/A/tubiaoA",8,1],"369":["atlas/rollerIcon/K/tubiaoK",0,1],"370":["atlas/ringOfFire/LZTB_huoyuan",0,1],"371":["atlas/rollerIcon/10/tubiao10",0,1],"372":["atlas/rollerIcon/wild/LZTB_wildtubiao",7,1],"374":["atlas/tubiao/icon_lztb_tubiao_scatter",0,1],"375":["atlas/tubiao/icon_lztb_tubiao_scatter/spriteFrame",2,1],"376":["atlas/tubiao/icon_lztb_tubiao_jp1",0,1],"377":["atlas/tubiao/icon_lztb_tubiao_jp1/spriteFrame",2,1],"378":["atlas/dialog/bigwin/bigwin",7,1],"379":["atlas/miniSkeleton/jiangchidonghua6",0,1],"382":["atlas/tubiao/icon_lztb_tubiao_q",0,1],"383":["atlas/tubiao/icon_lztb_tubiao_q/spriteFrame",2,1],"384":["atlas/dialog/bigwin/fire0001",0,1],"385":["audio/dragon_sg_bg2",4,1],"387":["atlas/huoyankuang/LZTB_honghuodakuang",0,1],"388":["atlas/focusBorder/skeletonb",0,1],"389":["atlas/rollerIcon/tongqian/tubiaotongqian",0,1],"390":["dragonImg/bg_lztb_loading",0,1],"391":["font/shuzi_mianfeicishu_0",0,1],"393":["atlas/spoutingDragon/longpenhuodonghua",7,1],"394":["atlas/miniSkeleton/jiangchidonghua10",0,1],"395":["PublicImg/icon_dating_jinbi",0,1],"397":["PublicImg/bg_lztb_jackpot_zhongjiangban",0,1],"400":["atlas/tubiao/icon_lztb_tubiao_jp3",0,1],"401":["atlas/tubiao/icon_lztb_tubiao_jp3/spriteFrame",2,1],"403":["audio/dragon_ball",4,1],"404":["font/shuzi_lztb_jiangchi_0",0,1],"406":["atlas/PublicSkeleton/spine_guangquan",0,1],"407":["atlas/rollerIcon/jackpot/skeleton",7,1],"408":["atlas/rollerIcon/J/tubiaoJ",8,1],"411":["atlas/rollerIcon/yaoqianshu/tubiaobaozi",0,1],"412":["PublicImg/bg_lztb_jackpot_jinruban",0,1],"413":["prefabs/Particle2D",6,1],"415":["dragonImg/Layer_Two",0,1],"417":["atlas/ringOfFire/LZTB_huoyuan",7,1],"418":["dragonImg/dragon_actionBar/dl_long_dibox",0,1],"419":["atlas/rollerIcon/baicai/skeleton",7,1],"420":["atlas/dragonGod/xunlongtanbao2",0,1],"422":["dragonImg/bg_lztb_1",0,1],"426":["atlas/dragonTail/LZTB_longwei2",0,1],"429":["atlas/focusBorder/LZTB_baozhalanguang3",0,1],"430":["atlas/tubiao/icon_lztb_tubiao_wild",0,1],"431":["atlas/tubiao/icon_lztb_tubiao_wild/spriteFrame",2,1],"432":["prefabs/prefab_dragonV2_set",6,1],"433":["audio/dragon_bg",4,1],"435":["atlas/dialog/megawin/fire0001",0,1],"436":["atlas/spoutingDragon/longpenhuodonghua3",0,1],"437":["prefabs/rulePanel",6,1],"438":["atlas/dialog/bigwin/bigwin",0,1],"439":["atlas/PublicSkeleton/skeleton",7,1],"440":["atlas/focusBorder/skeletonb",8,1],"445":["atlas/dialog/megawin/megawin",0,1],"446":["textures/God_tk1_7",0,1],"448":["atlas/focusBorder/LZTB_baozhalanguang",7,1],"449":["audio/chooseNum",4,1],"452":["atlas/spoutingDragon/longpenhuodonghua",0,1],"453":["atlas/rollerIcon/yaoqianshu/tubiaobaozi",8,1],"454":["atlas/miniSkeleton/jiangchidonghua",0,1],"455":["atlas/tubiao/icon_lztb_tubiao_baoshi",0,1],"456":["atlas/tubiao/icon_lztb_tubiao_baoshi/spriteFrame",2,1],"457":["atlas/rollerIcon/tongqian/tubiaotongqian",8,1],"460":["atlas/ringOfFire/LZTB_huoyuan3",0,1],"461":["audio/btn_click",4,1],"462":["atlas/tubiao/icon_lztb_tubiao_10",0,1],"463":["atlas/tubiao/icon_lztb_tubiao_10/spriteFrame",2,1],"464":["atlas/tubiao/icon_lztb_tubiao_jp",0,1],"465":["atlas/tubiao/icon_lztb_tubiao_jp/spriteFrame",2,1],"466":["atlas/ringOfFire/LZTB_huoyuan2",0,1],"468":["atlas/rollerIcon/yuanbao/tubiaolvbaoshi",7,1],"469":["atlas/rollerIcon/yuanbao/tubiaolvbaoshi",0,1],"470":["atlas/miniSkeleton/jiangchidonghua7",0,1],"471":["atlas/rollerIcon/10/tubiao10",8,1],"472":["atlas/tubiao/icon_lztb_tubiao_baozi",0,1],"473":["atlas/tubiao/icon_lztb_tubiao_baozi/spriteFrame",2,1],"474":["atlas/rollerIcon/jackpot/skeleton",8,1],"475":["prefabs/singleIconRoller",6,1],"476":["PublicImg/Rptidakmencukupi",0,1],"477":["atlas/dialog/megawin/megawin2",0,1],"479":["textures/number",0,1],"480":["atlas/spoutingDragon/longpenhuodonghua5",0,1],"481":["atlas/miniSkeleton/jiangchidonghua5",0,1],"482":["audio/dragon_fall",4,1],"483":["atlas/rollerIcon/J/tubiaoJ",0,1],"484":["atlas/focusBorder/skeletonb2",0,1],"485":["atlas/rollerIcon/q/tubiaoQ",7,1],"486":["atlas/dialog/superwin/fire0001",0,1],"487":["atlas/rollerIcon/A/tubiaoA",0,1],"488":["atlas/focusBorder/skeletonb3",0,1],"489":["atlas/focusBorder/LZTB_huoyankuangxiao",0,1],"490":["audio/turn",4,1],"491":["atlas/PublicSkeleton/skeleton",0,1],"492":["atlas/rollerIcon/scatter/skeletona",0,1],"493":["audio/ding1",4,1],"494":["atlas/dragonTail/LZTB_longwei",7,1],"495":["atlas/focusBorder/LZTB_baozhalanguang",0,1],"496":["atlas/rollerIcon/scatter/skeletona",8,1],"497":["atlas/spoutingDragon/longpenhuodonghua2",0,1],"501":["atlas/dialog/superwin/superwin2",0,1],"503":["atlas/focusBorder/LZTB_huoyankuangxiao2",0,1],"505":["dragonImg/skeleton_left",0,1],"506":["atlas/miniSkeleton/jiangchidonghua3",0,1],"507":["audio/dragon_little_coin",4,1],"509":["audio/dragon_sound",4,1],"510":["atlas/rollerIcon/baohe/tubiaolanbaoshi",8,1],"511":["atlas/rollerIcon/scatter/skeletona",7,1],"512":["atlas/miniSkeleton/jiangchidonghua2",0,1],"516":["atlas/rollerIcon/K/tubiaoK",7,1],"517":["dragonImg/bg_lztb_2",0,1],"518":["atlas/tubiao/icon_lztb_tubiao_tongqian",0,1],"519":["atlas/tubiao/icon_lztb_tubiao_tongqian/spriteFrame",2,1],"520":["atlas/rollerIcon/J/tubiaoJ",7,1],"521":["audio/dragon_sg_bg1",4,1],"522":["atlas/miniSkeleton/jiangchidonghua11",0,1],"523":["atlas/huoyankuang/LZTB_honghuodakuang",7,1]},"scenes":{},"packs":{"0107afb6b":[248,302],"017c8a524":[39,100,214,234,246,278,290],"01a377946":[101,176],"020af4d18":[10,142],"0343de8e7":[107,141],"03821d2e1":[46,292],"041564413":[60,127,152,217,250,253],"042644eca":[70,102,185,425,513],"04d277d75":[70,320],"06cf8ffed":[199,232],"074aede48":[14,122,192,198,212,274],"07878a252":[70,103,135,156,177,244,254,304],"08636d2d4":[50,229,240],"08720229d":[158,277],"08ebba65a":[116,322,104,110,126,122,0,148,162,169,195,196,206,209,409,219,224,444,243,451,287,314,317,1],"0909b3cd1":[70,112,138,146,202,220,221,230,268,270,283,284,313],"09e72e1f0":[396,416,447,500,514,1,524],"0a64757e5":[70,255,269],"0a84523e9":[11,70,113,151,155,182,204,215,235,257,264,293,297],"0add822ff":[2,18,51,77,78,81,333,334,336,346,350,352,357,364,373,380,381,386,392,399,402,405,410,414,421,428,434,441,450,458,459,467,478,498,499,502,504,508,515,1],"0c5097b66":[187,310],"0e83f8873":[5,8,15,16,71,123,124,114,134,136,139,144,0,149,150,164,165,173,179,188,189,194,200,207,216,237,245,247,249,252,259,272,279,281,282,285,301,308,315],"0e9e176c3":[49,83,85,87,90,92,95,7,105,106,108,109,137,9,140,154,157,159,160,171,172,170,174,175,197,213,218,236,443,241,45,66,73,80,321,111,131,143,12,147,166,167,184,223,226,227,231,61,59,99,133,13,183,205,210,211,424,76,130,145,168,181,208,225,89,115,161,163,190,98,125,180,186,191,233,132,203,38,222,72,242,251,258,260,261,256,262,263,267,271,266,273,275,276,286,288,289,280,291,294,295,296,298,299,305,300,306,307,309,311,312,316,318,319],"0ea700692":[0,153,238,265,303],"0f7bb8600":[70,128,129,193,201,239]},"versions":{"import":[],"native":[]},"redirect":[398,"0"],"debug":false,"extensionMap":{".ccon":[178,228,427]},"hasPreloadScript":true,"dependencyRelationships":{},"types":["cc.ImageAsset","cc.Texture2D","cc.SpriteFrame","cc.SpriteAtlas","cc.AudioClip","cc.BitmapFont","cc.Prefab","cc.Asset","sp.SkeletonData","cc.AnimationClip","cc.LabelAtlas","cc.ParticleAsset"]}