[1,["110279cd9@6c48a","0764b478-a85d-4cd0-b18a-7300ae75abfd@f9941","bd20daca-7527-443f-8ba7-c6378dc93ea3@f9941","58e675fd-6ac7-4067-8191-bfa2619b774f@f9941","8eb48039-30ac-49de-9783-8d5f5b92575a@f9941","02beeeaa-01e7-411a-a173-2f17c1361a75@f9941","e9ebc07f-ab95-4dd9-a4bc-7beed7ff1b08@f9941","720faa06-cfb1-45e4-b2e2-3fa992d305f1@f9941","5e49ef2d-8ff0-4ad3-9c7e-ef107973aafc@f9941","b65b58cc-d57d-4ef8-b8ee-50cf3094b075@f9941","243af26c-e924-45c0-8bb2-27fc09a8b1db@f9941","f3878f57-b351-42f1-820e-91af8b639ee1@f9941","9816361c-3a75-4d24-96d8-fe6193c784ec@f9941","ed533a2b-f061-4dfb-b2a5-837e432fe50d@f9941","1cb9e35a-f059-41fc-8cc3-6efc6119b315@f9941","c79c5537-05b4-45ec-b402-aec6be2386d8@f9941","33c8522f-bf5d-4229-8610-e267df984a7a@f9941","202bb7ca-dcdb-43a2-9ba7-080f1f627b36@f9941","adaee9a6-ef18-44b9-81b5-c3921c100f65@f9941","7acbce40-1a6f-46f4-9039-f50affffbf8e@f9941","c94f90e9-920e-456d-963f-19c544f004a3@f9941","d4badad7-c9cd-444b-9c01-55f76fdaeba7@f9941","7c34b5e9-5cf1-4742-8b9e-6b671d67955b@f9941","d354d6af-595b-44fa-b82c-dc71fa7253af@f9941","c9243e4a-de4e-40b6-8961-873289759e08@f9941","9ed773ae-d962-461b-837d-0a00eb63f555@f9941","11d656c6-7177-4932-a713-9739f1f25a7d@f9941","bbe06a94-0107-497b-99ec-89bb9dd9c09c@f9941","ecad13dd-ae12-493a-b92e-468c9e5ff51b@f9941","8c41aa61-f16a-4106-a34b-413085ad1201@f9941","a516a0c3-3caa-42fa-bce4-db5536f673ba@f9941","fff00e3d-3cd4-444f-b748-63926c08bd51@f9941","e52b4115-ed4d-4a0c-9330-b5e6b8848e54@f9941","43b4a3c1-2e36-4551-922a-871ab99930bd@f9941","437fcde3-99ce-495f-8805-74b2d09a2671@f9941","5b07a9bd-7b26-4706-8da6-0f521f613a6d@f9941","94a7e251-ff76-464d-8032-58428eb7a0a1@f9941","cae6dcea-9bb1-4b77-bcb1-93a9a5cfa547@f9941","7543c429-23c6-435f-8666-016e0376c8ae@f9941","91013a90-d50c-4703-8704-479875670420@f9941","2966f5ef-3cd2-4618-be82-40ebd2f6332e@f9941","bd36b0d8-8698-44de-8e84-fdc0e3fc7831@f9941","9ca23672-066d-4a55-81a5-614760fa8c7c@f9941","ccd1f2ad-7887-4800-bb30-4ef9d2b68a18@f9941","c90d8c67-60ef-4c30-a897-9080a37986f5@f9941","26ae78e2-301e-4815-bee7-cf44ca7c1d81@f9941"],["_textureSource"],["cc.SpriteFrame","cc.SpriteAtlas"],0,[[[{"name":"bg_olps_bertaruhbix","rect":{"x":661,"y":452,"width":181,"height":207},"offset":{"x":0,"y":0},"originalSize":{"width":181,"height":207},"rotated":false,"capInsets":[0,0,0,0],"packable":true,"pixelsToUnit":100,"pivot":{"x":0.5,"y":0.5},"meshType":0}],[0],0,[0],[0],[0]],[[{"name":"btn_olps_guize_off","rect":{"x":281,"y":926,"width":49,"height":50},"offset":{"x":0,"y":0},"originalSize":{"width":49,"height":50},"rotated":false,"capInsets":[0,0,0,0],"packable":true,"pixelsToUnit":100,"pivot":{"x":0.5,"y":0.5},"meshType":0}],[0],0,[0],[0],[0]],[[{"name":"btn_olps_giuze_zuo_1","rect":{"x":887,"y":283,"width":90,"height":112},"offset":{"x":0.5,"y":-0.5},"originalSize":{"width":93,"height":115},"rotated":true,"capInsets":[0,0,0,0],"packable":true,"pixelsToUnit":100,"pivot":{"x":0.5,"y":0.5},"meshType":0}],[0],0,[0],[0],[0]],[[{"name":"bg_olps_tumblebox","rect":{"x":887,"y":99,"width":178,"height":112},"offset":{"x":0,"y":0},"originalSize":{"width":178,"height":112},"rotated":true,"capInsets":[0,0,0,0],"packable":true,"pixelsToUnit":100,"pivot":{"x":0.5,"y":0.5},"meshType":0}],[0],0,[0],[0],[0]],[[{"name":"bg_olps_mianfeitishibox","rect":{"x":3,"y":379,"width":541,"height":360},"offset":{"x":0,"y":0},"originalSize":{"width":541,"height":360},"rotated":true,"capInsets":[0,0,0,0],"packable":true,"pixelsToUnit":100,"pivot":{"x":0.5,"y":0.5},"meshType":0}],[0],0,[0],[0],[0]],[[{"name":"bg_mianfeiboxxiao","rect":{"x":858,"y":379,"width":169,"height":145},"offset":{"x":0,"y":0},"originalSize":{"width":169,"height":145},"rotated":true,"capInsets":[0,0,0,0],"packable":true,"pixelsToUnit":100,"pivot":{"x":0.5,"y":0.5},"meshType":0}],[0],0,[0],[0],[0]],[[{"name":"word_loading2","rect":{"x":369,"y":382,"width":475,"height":64},"offset":{"x":0,"y":0},"originalSize":{"width":475,"height":64},"rotated":false,"capInsets":[0,0,0,0],"packable":true,"pixelsToUnit":100,"pivot":{"x":0.5,"y":0.5},"meshType":0}],[0],0,[0],[0],[0]],[[{"name":"BELIPERMAINA GRATIS","rect":{"x":3,"y":926,"width":272,"height":85},"offset":{"x":0,"y":0},"originalSize":{"width":272,"height":85},"rotated":false,"capInsets":[0,0,0,0],"packable":true,"pixelsToUnit":100,"pivot":{"x":0.5,"y":0.5},"meshType":0}],[0],0,[0],[0],[0]],[[{"name":"title_freespinsleft","rect":{"x":336,"y":926,"width":138,"height":46},"offset":{"x":0,"y":0},"originalSize":{"width":138,"height":46},"rotated":false,"capInsets":[0,0,0,0],"packable":true,"pixelsToUnit":100,"pivot":{"x":0.5,"y":0.5},"meshType":0}],[0],0,[0],[0],[0]],[[{"name":"auto-thor","spriteFrames":["bg_olps_zhuanpandi1","0764b478-a85d-4cd0-b18a-7300ae75abfd@f9941","guize_olps_3","bd20daca-7527-443f-8ba7-c6378dc93ea3@f9941","btn_opls_mianfei_off","58e675fd-6ac7-4067-8191-bfa2619b774f@f9941","btn_opls_mianfei_on","8eb48039-30ac-49de-9783-8d5f5b92575a@f9941","btn_olps_giuze_you_1","02beeeaa-01e7-411a-a173-2f17c1361a75@f9941","zi_olps_TUMBLE","e9ebc07f-ab95-4dd9-a4bc-7beed7ff1b08@f9941","zi_olps_GANDA","720faa06-cfb1-45e4-b2e2-3fa992d305f1@f9941","icon_olps_xuanzhong","5e49ef2d-8ff0-4ad3-9c7e-ef107973aafc@f9941","icon_olps_weixuan","b65b58cc-d57d-4ef8-b8ee-50cf3094b075@f9941","btn_olpn_kaiguan","243af26c-e924-45c0-8bb2-27fc09a8b1db@f9941","bg_olps_zhuanpandi","f3878f57-b351-42f1-820e-91af8b639ee1@f9941","rules_3","9816361c-3a75-4d24-96d8-fe6193c784ec@f9941","word_loading1","ed533a2b-f061-4dfb-b2a5-837e432fe50d@f9941","btn_off","1cb9e35a-f059-41fc-8cc3-6efc6119b315@f9941","DURING FERR SPINS","c79c5537-05b4-45ec-b402-aec6be2386d8@f9941","icon_kaiguan","33c8522f-bf5d-4229-8610-e267df984a7a@f9941","icon_dt_loading_1","202bb7ca-dcdb-43a2-9ba7-080f1f627b36@f9941","KAMU MENANG","adaee9a6-ef18-44b9-81b5-c3921c100f65@f9941","zi_olps_BERTARUH","7acbce40-1a6f-46f4-9039-f50affffbf8e@f9941","icon_kaiguan_duihao","c94f90e9-920e-456d-963f-19c544f004a3@f9941","icon_kaiguan_jiantou","d4badad7-c9cd-444b-9c01-55f76fdaeba7@f9941","guize_olps_1","7c34b5e9-5cf1-4742-8b9e-6b671d67955b@f9941","img_introduce_title","d354d6af-595b-44fa-b82c-dc71fa7253af@f9941","icon_dt_loading_0","c9243e4a-de4e-40b6-8961-873289759e08@f9941","guize_olps_2","9ed773ae-d962-461b-837d-0a00eb63f555@f9941","bg_olps_yuansubox","11d656c6-7177-4932-a713-9739f1f25a7d@f9941","btn_olps_giuze_you_0","bbe06a94-0107-497b-99ec-89bb9dd9c09c@f9941","zi_olps_BELI PERMAINAN","ecad13dd-ae12-493a-b92e-468c9e5ff51b@f9941","zi_lanjutkan","8c41aa61-f16a-4106-a34b-413085ad1201@f9941","bg_olps_yuansukuang","a516a0c3-3caa-42fa-bce4-db5536f673ba@f9941","guize_olps_4","fff00e3d-3cd4-444f-b748-63926c08bd51@f9941","btn_olps_giuze_zuo_0","e52b4115-ed4d-4a0c-9330-b5e6b8848e54@f9941","bg_olps_tumblebox","43b4a3c1-2e36-4551-922a-871ab99930bd@f9941","btn_olps_giuze_zuo_1","437fcde3-99ce-495f-8805-74b2d09a2671@f9941","bg_olps_mianfeitishibox","5b07a9bd-7b26-4706-8da6-0f521f613a6d@f9941","BELIPERMAINA GRATIS","94a7e251-ff76-464d-8032-58428eb7a0a1@f9941","word_loading_blue_1","cae6dcea-9bb1-4b77-bcb1-93a9a5cfa547@f9941","bg_mianfeiboxxiao","7543c429-23c6-435f-8666-016e0376c8ae@f9941","word_loading2","91013a90-d50c-4703-8704-479875670420@f9941","btn_olps_guize_off","2966f5ef-3cd2-4618-be82-40ebd2f6332e@f9941","FERR SPINS","bd36b0d8-8698-44de-8e84-fdc0e3fc7831@f9941","title_freespinsleft","9ca23672-066d-4a55-81a5-614760fa8c7c@f9941","freebox","ccd1f2ad-7887-4800-bb30-4ef9d2b68a18@f9941","bg_olps_belibox","c90d8c67-60ef-4c30-a897-9080a37986f5@f9941","bg_olps_bertaruhbix","26ae78e2-301e-4815-bee7-cf44ca7c1d81@f9941"]}],[1],0,[0,0,0,0,0,0,0,0,0,0,0,0,0,0,0,0,0,0,0,0,0,0,0,0,0,0,0,0,0,0,0,0,0,0,0,0,0,0,0,0,0,0,0,0,0],[0,0,0,0,0,0,0,0,0,0,0,0,0,0,0,0,0,0,0,0,0,0,0,0,0,0,0,0,0,0,0,0,0,0,0,0,0,0,0,0,0,0,0,0,0],[1,2,3,4,5,6,7,8,9,10,11,12,13,14,15,16,17,18,19,20,21,22,23,24,25,26,27,28,29,30,31,32,33,34,35,36,37,38,39,40,41,42,43,44,45]],[[{"name":"FERR SPINS","rect":{"x":281,"y":982,"width":168,"height":29},"offset":{"x":1,"y":0},"originalSize":{"width":170,"height":29},"rotated":false,"capInsets":[0,0,0,0],"packable":true,"pixelsToUnit":100,"pivot":{"x":0.5,"y":0.5},"meshType":0}],[0],0,[0],[0],[0]],[[{"name":"bg_olps_belibox","rect":{"x":480,"y":889,"width":175,"height":107},"offset":{"x":0,"y":0},"originalSize":{"width":175,"height":107},"rotated":false,"capInsets":[0,0,0,0],"packable":true,"pixelsToUnit":100,"pivot":{"x":0.5,"y":0.5},"meshType":0}],[0],0,[0],[0],[0]],[[{"name":"word_loading_blue_1","rect":{"x":369,"y":349,"width":483,"height":27},"offset":{"x":0,"y":0},"originalSize":{"width":483,"height":27},"rotated":false,"capInsets":[0,0,0,0],"packable":true,"pixelsToUnit":100,"pivot":{"x":0.5,"y":0.5},"meshType":0}],[0],0,[0],[0],[0]],[[{"name":"freebox","rect":{"x":369,"y":554,"width":329,"height":218},"offset":{"x":0,"y":0},"originalSize":{"width":329,"height":218},"rotated":true,"capInsets":[0,0,0,0],"packable":true,"pixelsToUnit":100,"pivot":{"x":0.5,"y":0.5},"meshType":0}],[0],0,[0],[0],[0]],[[{"name":"btn_olps_giuze_zuo_0","rect":{"x":887,"y":3,"width":90,"height":113},"offset":{"x":0.5,"y":0},"originalSize":{"width":93,"height":115},"rotated":true,"capInsets":[0,0,0,0],"packable":true,"pixelsToUnit":100,"pivot":{"x":0.5,"y":0.5},"meshType":0}],[0],0,[0],[0],[0]],[[{"name":"guize_olps_4","rect":{"x":3,"y":3,"width":878,"height":340},"offset":{"x":0,"y":0},"originalSize":{"width":878,"height":340},"rotated":false,"capInsets":[0,0,0,0],"packable":true,"pixelsToUnit":100,"pivot":{"x":0.5,"y":0.5},"meshType":0}],[0],0,[0],[0],[0]]]]
