[1,["110279cd9@6c48a"],["_textureSource"],["cc.SpriteFrame","cc.SpriteAtlas"],0,[[[{"name":"bg_olps_bertaruhbix","rect":{"x":661,"y":452,"width":181,"height":207},"offset":{"x":0,"y":0},"originalSize":{"width":181,"height":207},"rotated":false,"capInsets":[0,0,0,0],"packable":true,"pixelsToUnit":100,"pivot":{"x":0.5,"y":0.5},"meshType":0}],[0],0,[0],[0],[0]],[[{"name":"btn_olps_guize_off","rect":{"x":281,"y":926,"width":49,"height":50},"offset":{"x":0,"y":0},"originalSize":{"width":49,"height":50},"rotated":false,"capInsets":[0,0,0,0],"packable":true,"pixelsToUnit":100,"pivot":{"x":0.5,"y":0.5},"meshType":0}],[0],0,[0],[0],[0]],[[{"name":"btn_olps_giuze_zuo_1","rect":{"x":887,"y":283,"width":90,"height":112},"offset":{"x":0.5,"y":-0.5},"originalSize":{"width":93,"height":115},"rotated":true,"capInsets":[0,0,0,0],"packable":true,"pixelsToUnit":100,"pivot":{"x":0.5,"y":0.5},"meshType":0}],[0],0,[0],[0],[0]],[[{"name":"bg_olps_tumblebox","rect":{"x":887,"y":99,"width":178,"height":112},"offset":{"x":0,"y":0},"originalSize":{"width":178,"height":112},"rotated":true,"capInsets":[0,0,0,0],"packable":true,"pixelsToUnit":100,"pivot":{"x":0.5,"y":0.5},"meshType":0}],[0],0,[0],[0],[0]],[[{"name":"bg_olps_mianfeitishibox","rect":{"x":3,"y":379,"width":541,"height":360},"offset":{"x":0,"y":0},"originalSize":{"width":541,"height":360},"rotated":true,"capInsets":[0,0,0,0],"packable":true,"pixelsToUnit":100,"pivot":{"x":0.5,"y":0.5},"meshType":0}],[0],0,[0],[0],[0]],[[{"name":"bg_mianfeiboxxiao","rect":{"x":858,"y":379,"width":169,"height":145},"offset":{"x":0,"y":0},"originalSize":{"width":169,"height":145},"rotated":true,"capInsets":[0,0,0,0],"packable":true,"pixelsToUnit":100,"pivot":{"x":0.5,"y":0.5},"meshType":0}],[0],0,[0],[0],[0]],[[{"name":"word_loading2","rect":{"x":369,"y":382,"width":475,"height":64},"offset":{"x":0,"y":0},"originalSize":{"width":475,"height":64},"rotated":false,"capInsets":[0,0,0,0],"packable":true,"pixelsToUnit":100,"pivot":{"x":0.5,"y":0.5},"meshType":0}],[0],0,[0],[0],[0]],[[{"name":"BELIPERMAINA GRATIS","rect":{"x":3,"y":926,"width":272,"height":85},"offset":{"x":0,"y":0},"originalSize":{"width":272,"height":85},"rotated":false,"capInsets":[0,0,0,0],"packable":true,"pixelsToUnit":100,"pivot":{"x":0.5,"y":0.5},"meshType":0}],[0],0,[0],[0],[0]],[[{"name":"title_freespinsleft","rect":{"x":336,"y":926,"width":138,"height":46},"offset":{"x":0,"y":0},"originalSize":{"width":138,"height":46},"rotated":false,"capInsets":[0,0,0,0],"packable":true,"pixelsToUnit":100,"pivot":{"x":0.5,"y":0.5},"meshType":0}],[0],0,[0],[0],[0]],[[{"name":"auto-thor","spriteFrames":["bg_olps_zhuanpandi1","07ZLR4qF1M0LGKcwCudav9@f9941","guize_olps_3","bdINrKdSdEP4unxjeNyT6j@f9941","btn_opls_mianfei_off","585nX9asdAZ4GRv6Jhm3dP@f9941","btn_opls_mianfei_on","8etIA5MKxJ3peDjV9bklda@f9941","btn_olps_giuze_you_1","02vu6qAedBGqFzLxfBNhp1@f9941","zi_olps_TUMBLE","e968B/q5VN2aS8e+7X/xsI@f9941","zi_olps_GANDA","72D6oGz7FF5LLiP6mS0wXx@f9941","icon_olps_xuanzhong","5eSe8tj/BK05x+7xB5c6r8@f9941","icon_olps_weixuan","b6W1jM1X1O+LjuUM8wlLB1@f9941","btn_olpn_kaiguan","24OvJs6SRFwIuyJ/wJqLHb@f9941","bg_olps_zhuanpandi","f3h49Xs1FC8YIOka+LY57h@f9941","rules_3","98FjYcOnVNJJbY/mGTx4Ts@f9941","word_loading1","edUzor8GFN+7Klg35DL+UN@f9941","btn_off","1cueNa8FlB/IzDbvxhGbMV@f9941","DURING FERR SPINS","c7nFU3BbRF7LQCrsa+I4bY@f9941","icon_kaiguan","33yFIvv11CKYYQ4mffmEp6@f9941","icon_dt_loading_1","20K7fK3NtDopunCA8fYns2@f9941","KAMU MENANG","adrumm7xhEuYG1w5IcEA9l@f9941","zi_olps_BERTARUH","7ay85AGm9G9JA59Qr//7+O@f9941","icon_kaiguan_duihao","c9T5Dpkg5FbZY/GcVE8ASj@f9941","icon_kaiguan_jiantou","d4utrXyc1ES5wBVfdv2uun@f9941","guize_olps_1","7cNLXpXPFHQouea2cdZ5Vb@f9941","img_introduce_title","d3VNavWVtE+rgs3HH6clOv@f9941","icon_dt_loading_0","c9JD5K3k5AtolhhzKJdZ4I@f9941","guize_olps_2","9e13Ou2WJGG4N9CgDrY/VV@f9941","bg_olps_yuansubox","111lbGcXdJMqcTlznx8lp9@f9941","btn_olps_giuze_you_0","bb4GqUAQdJe5nsibud2cCc@f9941","zi_olps_BELI PERMAINAN","ecrRPdrhJJOrkuRoyeX/Ub@f9941","zi_lanjutkan","8cQaph8WpBBqNLQTCFrRIB@f9941","bg_olps_yuansukuang","a5FqDDPKpC+rzk21U29nO6@f9941","guize_olps_4","ff8A49PNRET7dIY5JsCL1R@f9941","btn_olps_giuze_zuo_0","e5K0EV7U1KDJMwtea4hI5U@f9941","bg_olps_tumblebox","43tKPBLjZFUZIqhxq5mTC9@f9941","btn_olps_giuze_zuo_1","43f83jmc5JX4gFdLLQmiZx@f9941","bg_olps_mianfeitishibox","5bB6m9eyZHBo2mD1IfYTpt@f9941","BELIPERMAINA GRATIS","94p+JR/3ZGTYAyWEKOt6Ch@f9941","word_loading_blue_1","ca5tzqm7FLd7yxk6mlz6VH@f9941","bg_mianfeiboxxiao","75Q8QpI8ZDX4ZmAW4Ddsiu@f9941","word_loading2","91ATqQ1QxHA4cER5h1ZwQg@f9941","btn_olps_guize_off","29ZvXvPNJGGL6CQOvS9jMu@f9941","FERR SPINS","bdNrDYhphE3o6E/cDj/Hgx@f9941","title_freespinsleft","9cojZyBm1KVYGlYUdg+ox8@f9941","freebox","cc0fKteIdIALswTvnStooY@f9941","bg_olps_belibox","c9DYxnYO9MMKiXkICjeYb1@f9941","bg_olps_bertaruhbix","26rnjiMB5IFb7nz0TKfB2B@f9941"]}],[1],0,[],[],[]],[[{"name":"FERR SPINS","rect":{"x":281,"y":982,"width":168,"height":29},"offset":{"x":1,"y":0},"originalSize":{"width":170,"height":29},"rotated":false,"capInsets":[0,0,0,0],"packable":true,"pixelsToUnit":100,"pivot":{"x":0.5,"y":0.5},"meshType":0}],[0],0,[0],[0],[0]],[[{"name":"bg_olps_belibox","rect":{"x":480,"y":889,"width":175,"height":107},"offset":{"x":0,"y":0},"originalSize":{"width":175,"height":107},"rotated":false,"capInsets":[0,0,0,0],"packable":true,"pixelsToUnit":100,"pivot":{"x":0.5,"y":0.5},"meshType":0}],[0],0,[0],[0],[0]],[[{"name":"word_loading_blue_1","rect":{"x":369,"y":349,"width":483,"height":27},"offset":{"x":0,"y":0},"originalSize":{"width":483,"height":27},"rotated":false,"capInsets":[0,0,0,0],"packable":true,"pixelsToUnit":100,"pivot":{"x":0.5,"y":0.5},"meshType":0}],[0],0,[0],[0],[0]],[[{"name":"freebox","rect":{"x":369,"y":554,"width":329,"height":218},"offset":{"x":0,"y":0},"originalSize":{"width":329,"height":218},"rotated":true,"capInsets":[0,0,0,0],"packable":true,"pixelsToUnit":100,"pivot":{"x":0.5,"y":0.5},"meshType":0}],[0],0,[0],[0],[0]],[[{"name":"btn_olps_giuze_zuo_0","rect":{"x":887,"y":3,"width":90,"height":113},"offset":{"x":0.5,"y":0},"originalSize":{"width":93,"height":115},"rotated":true,"capInsets":[0,0,0,0],"packable":true,"pixelsToUnit":100,"pivot":{"x":0.5,"y":0.5},"meshType":0}],[0],0,[0],[0],[0]],[[{"name":"guize_olps_4","rect":{"x":3,"y":3,"width":878,"height":340},"offset":{"x":0,"y":0},"originalSize":{"width":878,"height":340},"rotated":false,"capInsets":[0,0,0,0],"packable":true,"pixelsToUnit":100,"pivot":{"x":0.5,"y":0.5},"meshType":0}],[0],0,[0],[0],[0]]]]
