[1,["bfKfewjGZCoa46ouiCORxT@6c48a"],["_textureSource"],["cc.SpriteFrame"],0,[{"name":"small","rect":{"x":0,"y":0,"width":167,"height":69},"offset":{"x":0,"y":0},"originalSize":{"width":167,"height":69},"rotated":false,"capInsets":[0,0,0,0],"vertices":{"rawPosition":[-83.5,-34.5,0,83.5,-34.5,0,-83.5,34.5,0,83.5,34.5,0],"indexes":[0,1,2,2,1,3],"uv":[0,69,167,69,0,0,167,0],"nuv":[0,0,1,0,0,1,1,1],"minPos":{"x":-83.5,"y":-34.5,"z":0},"maxPos":{"x":83.5,"y":34.5,"z":0}},"packable":true,"pixelsToUnit":100,"pivot":{"x":0.5,"y":0.5},"meshType":0}],[0],0,[0],[0],[0]]
