[1,["ed71eb98-fa84-4789-abf6-6825fad0ae9e@6c48a"],["_textureSource"],["cc.SpriteFrame"],0,[{"name":"sybres_eft_exp_04","rect":{"x":3,"y":3,"width":94,"height":94},"offset":{"x":0,"y":0},"originalSize":{"width":100,"height":100},"rotated":false,"capInsets":[0,0,0,0],"vertices":{"rawPosition":[-47,-47,0,47,-47,0,-47,47,0,47,47,0],"indexes":[0,1,2,2,1,3],"uv":[3,97,97,97,3,3,97,3],"nuv":[0.03,0.03,0.97,0.03,0.03,0.97,0.97,0.97],"minPos":{"x":-47,"y":-47,"z":0},"maxPos":{"x":47,"y":47,"z":0}},"packable":true,"pixelsToUnit":100,"pivot":{"x":0.5,"y":0.5},"meshType":0}],[0],0,[0],[0],[0]]
