[1,["585ixbBG9D/6mT7jcfwOfU@6c48a"],["_textureSource"],["cc.SpriteFrame"],0,[{"name":"PayTable5English","rect":{"x":0,"y":0,"width":1472,"height":431},"offset":{"x":0,"y":0},"originalSize":{"width":1472,"height":431},"rotated":false,"capInsets":[0,0,0,0],"vertices":{"rawPosition":[-736,-215.5,0,736,-215.5,0,-736,215.5,0,736,215.5,0],"indexes":[0,1,2,2,1,3],"uv":[0,431,1472,431,0,0,1472,0],"nuv":[0,0,1,0,0,1,1,1],"minPos":{"x":-736,"y":-215.5,"z":0},"maxPos":{"x":736,"y":215.5,"z":0}},"packable":true,"pixelsToUnit":100,"pivot":{"x":0.5,"y":0.5},"meshType":0}],[0],0,[0],[0],[0]]
