[1,["58/d6hmLdDQIiWyTftyaw3@6c48a"],["_textureSource"],["cc.SpriteFrame"],0,[{"name":"sea_icon_treasurebox1_05","rect":{"x":140,"y":224,"width":286,"height":177},"offset":{"x":27,"y":-56.5},"originalSize":{"width":512,"height":512},"rotated":false,"capInsets":[0,0,0,0],"vertices":{"rawPosition":[-143,-88.5,0,143,-88.5,0,-143,88.5,0,143,88.5,0],"indexes":[0,1,2,2,1,3],"uv":[140,288,426,288,140,111,426,111],"nuv":[0.2734375,0.216796875,0.83203125,0.216796875,0.2734375,0.5625,0.83203125,0.5625],"minPos":{"x":-143,"y":-88.5,"z":0},"maxPos":{"x":143,"y":88.5,"z":0}},"packable":true,"pixelsToUnit":100,"pivot":{"x":0.5,"y":0.5},"meshType":0}],[0],0,[0],[0],[0]]
