[1,["03lXJDmmVC8bzJvSB0BrXp@6c48a"],0,[["sp.SkeletonData",["_name","_atlasText","textureNames","_skeletonJson","textures"],-1,3]],[[0,0,1,2,3,4,5]],[[0,"rk_long_da","\r\nrk_long_da.png\r\nsize: 2048,2048\r\nformat: RGBA8888\r\nfilter: Linear,Linear\r\nrepeat: none\r\n28\r\n  rotate: false\r\n  xy: 2, 1518\r\n  size: 69, 66\r\n  orig: 69, 66\r\n  offset: 0, 0\r\n  index: -1\r\n3\r\n  rotate: true\r\n  xy: 169, 1497\r\n  size: 87, 95\r\n  orig: 87, 95\r\n  offset: 0, 0\r\n  index: -1\r\n8\r\n  rotate: true\r\n  xy: 654, 2\r\n  size: 272, 374\r\n  orig: 272, 374\r\n  offset: 0, 0\r\n  index: -1\r\nbg_long_da\r\n  rotate: true\r\n  xy: 266, 1378\r\n  size: 206, 420\r\n  orig: 206, 420\r\n  offset: 0, 0\r\n  index: -1\r\nh1\r\n  rotate: false\r\n  xy: 688, 1324\r\n  size: 650, 260\r\n  orig: 650, 260\r\n  offset: 0, 0\r\n  index: -1\r\nh10\r\n  rotate: false\r\n  xy: 654, 538\r\n  size: 650, 260\r\n  orig: 650, 260\r\n  offset: 0, 0\r\n  index: -1\r\nh11\r\n  rotate: false\r\n  xy: 1306, 538\r\n  size: 650, 260\r\n  orig: 650, 260\r\n  offset: 0, 0\r\n  index: -1\r\nh12\r\n  rotate: false\r\n  xy: 2, 330\r\n  size: 650, 260\r\n  orig: 650, 260\r\n  offset: 0, 0\r\n  index: -1\r\nh13\r\n  rotate: false\r\n  xy: 654, 276\r\n  size: 650, 260\r\n  orig: 650, 260\r\n  offset: 0, 0\r\n  index: -1\r\nh14\r\n  rotate: false\r\n  xy: 1306, 276\r\n  size: 650, 260\r\n  orig: 650, 260\r\n  offset: 0, 0\r\n  index: -1\r\nh15\r\n  rotate: false\r\n  xy: 2, 68\r\n  size: 650, 260\r\n  orig: 650, 260\r\n  offset: 0, 0\r\n  index: -1\r\nh2\r\n  rotate: false\r\n  xy: 1340, 1324\r\n  size: 650, 260\r\n  orig: 650, 260\r\n  offset: 0, 0\r\n  index: -1\r\nh3\r\n  rotate: false\r\n  xy: 2, 1116\r\n  size: 650, 260\r\n  orig: 650, 260\r\n  offset: 0, 0\r\n  index: -1\r\nh4\r\n  rotate: false\r\n  xy: 654, 1062\r\n  size: 650, 260\r\n  orig: 650, 260\r\n  offset: 0, 0\r\n  index: -1\r\nh5\r\n  rotate: false\r\n  xy: 1306, 1062\r\n  size: 650, 260\r\n  orig: 650, 260\r\n  offset: 0, 0\r\n  index: -1\r\nh6\r\n  rotate: false\r\n  xy: 2, 854\r\n  size: 650, 260\r\n  orig: 650, 260\r\n  offset: 0, 0\r\n  index: -1\r\nh7\r\n  rotate: false\r\n  xy: 654, 800\r\n  size: 650, 260\r\n  orig: 650, 260\r\n  offset: 0, 0\r\n  index: -1\r\nh8\r\n  rotate: false\r\n  xy: 1306, 800\r\n  size: 650, 260\r\n  orig: 650, 260\r\n  offset: 0, 0\r\n  index: -1\r\nh9\r\n  rotate: false\r\n  xy: 2, 592\r\n  size: 650, 260\r\n  orig: 650, 260\r\n  offset: 0, 0\r\n  index: -1\r\nicon_lztb_tubiao_a\r\n  rotate: false\r\n  xy: 73, 1500\r\n  size: 94, 84\r\n  orig: 94, 84\r\n  offset: 0, 0\r\n  index: -1\r\n",["rk_long_da.png"],{"skeleton":{"hash":"feY4wojr6MDXEEzDwJskn5E+084","spine":"3.8.99","x":-105.06,"y":0.16,"width":265.4,"height":428.4,"images":"","audio":"E:/新版UI/平台/入口新源文件/龙"},"bones":[{"name":"root"},{"name":"l","parent":"root","rotation":11.64,"x":27.9,"y":-24.14,"scaleX":2.0658,"scaleY":2.0658},{"name":"bone","parent":"l","length":72.97,"rotation":-149.31,"x":-41.14,"y":108.32},{"name":"bone2","parent":"root","length":28.32,"rotation":85.95,"x":53.73,"y":85.03,"scaleX":1.3772,"scaleY":1.3772},{"name":"bone3","parent":"bone","length":33.48,"rotation":-0.44,"x":-59.56,"y":-1.5},{"name":"bone4","parent":"bone2","length":15.59,"rotation":4.05,"x":10.84,"y":7.24},{"name":"1","parent":"root","x":-55.15,"y":353.89}],"slots":[{"name":"bg","bone":"root","attachment":"bg_long_da"},{"name":"icon_lztb_tubiao_a","bone":"1","attachment":"icon_lztb_tubiao_a"},{"name":"add","bone":"root","attachment":"add"},{"name":"l","bone":"l","attachment":"8"},{"name":"28","bone":"bone2","attachment":"28"},{"name":"3","bone":"bone3","attachment":"3"},{"name":"ss","bone":"bone","attachment":"h1","blend":"screen"},{"name":"29","bone":"bone4","attachment":"28","blend":"screen"}],"skins":[{"name":"default","attachments":{"3":{"3":{"x":0.5,"y":0.5,"scaleX":0.196,"scaleY":0.196,"rotation":114.78,"width":87,"height":95}},"28":{"28":{"x":31.95,"y":3.18,"rotation":-93.39,"width":69,"height":66}},"29":{"28":{"x":21.07,"y":-5.56,"rotation":-94.73,"width":69,"height":66}},"add":{"add":{"type":"clipping","end":"add","vertexCount":15,"color":"ce3a3aff","vertices":[56.4,6.44,65.7,8.56,81.36,15.42,91.08,25.85,96.46,36.99,98.39,48.94,99.09,195.92,187.06,245.9,196.5,348.79,168.18,379.47,138.18,481.91,-18.81,486.28,-123.29,446.9,-99.26,380.82,-98.54,6.35]}},"bg":{"bg_long_da":{"y":214.36,"scaleX":1.02,"scaleY":1.02,"width":206,"height":420}},"icon_lztb_tubiao_a":{"icon_lztb_tubiao_a":{"x":-1.13,"y":1.42,"scaleX":0.7533,"scaleY":0.7533,"rotation":23.58,"width":94,"height":84}},"l":{"8":{"type":"mesh","hull":126,"width":272,"height":374,"uvs":[0.26809,0,0.28342,0,0.28602,0.00026,0.30355,0.01966,0.30994,0.04636,0.33,0.04864,0.38815,0.0455,0.44629,0.04236,0.51415,0.04255,0.582,0.04274,0.59671,0.03746,0.63191,0.06644,0.62467,0.0804,0.68197,0.12777,0.66299,0.15239,0.71684,0.19821,0.72588,0.2086,0.74328,0.21372,0.76298,0.22908,0.72474,0.25501,0.76815,0.25313,0.7708,0.26705,0.70999,0.29193,0.72897,0.3177,0.77044,0.33164,0.76725,0.34545,0.71338,0.3548,0.74313,0.37714,0.74271,0.38767,0.68118,0.38804,0.67128,0.45068,0.68762,0.46219,0.6886,0.47586,0.64209,0.46681,0.6457,0.49047,0.60549,0.48891,0.5858,0.4975,0.62131,0.52418,0.56824,0.52411,0.55547,0.53581,0.52534,0.5689,0.50427,0.59699,0.48404,0.60411,0.50945,0.61788,0.50032,0.65157,0.54957,0.63455,0.53435,0.66452,0.56365,0.67614,0.62638,0.70491,0.66865,0.70133,0.70209,0.72884,0.7147,0.73354,0.73472,0.71181,0.74983,0.71911,0.75046,0.74764,0.76517,0.75611,0.80041,0.72328,0.8206,0.75829,0.83666,0.74329,0.85073,0.743,0.86039,0.75304,0.86033,0.78382,0.93157,0.80455,0.98359,0.79702,0.97973,0.81804,0.98562,0.82544,1,0.82685,1,0.84833,0.97022,0.86905,0.99821,0.87686,0.99812,0.88756,0.94387,0.90907,0.88962,0.93059,0.82434,0.9603,0.81305,0.95803,0.77181,0.92513,0.75425,0.91871,0.71113,0.90672,0.691,0.90903,0.66247,0.92499,0.54865,0.94938,0.53304,0.95666,0.53356,0.99757,0.53,1,0.51453,1,0.47453,0.97105,0.45611,0.96187,0.42576,0.96307,0.40611,0.95714,0.38929,0.93276,0.37279,0.92443,0.33052,0.91277,0.30596,0.90955,0.3446,0.87807,0.29606,0.86262,0.33448,0.83887,0.33753,0.8332,0.32885,0.81314,0.38055,0.80357,0.33477,0.77054,0.29438,0.72046,0.26765,0.65396,0.26826,0.55456,0.29649,0.49557,0.25274,0.49076,0.19925,0.47806,0.17764,0.46579,0.16215,0.42368,0.13224,0.38998,0.13189,0.38194,0.09571,0.38272,0.05785,0.36396,0.01716,0.36366,0.00391,0.35259,0,0.31962,0,0.2977,0.01373,0.28307,0.08597,0.27202,0.09633,0.26725,0.10129,0.20304,0.18747,0.13752,0.23254,0.09059,0.23478,0.05598,0.26871,0.05618,0.27167,0.0411,0.26264,0.00212,0.29218,0.34475,0.55115,0.8223,0.49122,0.17022,0.52353,0.49135,0.54457,0.29817,0.29586,0.17835,0.52122,0.43374,0.65361,0.22485],"triangles":[1,125,0,3,124,125,1,3,125,3,1,2,11,9,10,12,9,11,121,122,123,124,3,4,14,12,13,128,7,8,12,128,8,12,8,9,4,123,124,5,123,4,123,5,121,131,121,5,120,121,131,14,128,12,133,14,15,133,128,14,16,133,15,19,16,17,19,17,18,19,133,16,22,133,19,21,22,19,21,19,20,130,128,133,130,133,22,114,115,116,131,119,120,131,118,119,126,118,131,6,7,128,131,5,6,128,131,6,25,23,24,117,113,114,26,22,23,26,23,25,130,22,26,116,117,114,111,112,113,117,111,113,109,118,126,117,118,109,111,117,109,110,111,109,27,29,26,29,130,26,28,29,27,107,108,109,126,107,109,130,131,128,132,130,29,29,33,132,105,106,107,130,126,131,30,33,29,33,30,31,32,33,31,107,104,105,132,126,130,35,132,33,35,33,34,126,104,107,103,104,126,36,129,132,132,103,126,129,103,132,35,36,132,38,129,36,38,36,37,39,129,38,40,129,39,42,103,129,103,42,102,42,129,40,40,41,42,44,42,43,101,102,42,101,42,44,46,44,45,100,101,44,55,56,57,99,100,44,60,58,59,98,99,44,64,62,63,127,46,47,127,47,48,48,49,50,96,97,98,98,44,46,98,46,127,65,66,67,65,68,62,65,62,64,68,65,67,93,96,98,95,96,93,94,95,93,70,68,69,50,51,127,51,52,53,51,53,54,54,78,51,77,54,55,50,127,48,54,77,78,51,78,127,76,77,55,71,62,68,71,68,70,91,92,93,55,61,76,60,57,58,61,57,60,61,55,57,93,89,90,127,93,98,91,93,90,79,127,78,75,76,61,72,75,61,62,72,61,72,62,71,127,89,93,89,127,86,79,80,127,127,80,86,89,87,88,74,75,72,73,74,72,86,80,81,86,87,89,85,86,81,84,85,81,82,84,81,83,84,82],"vertices":[29.04,194.08,31.04,193.65,31.37,193.53,32.91,189.55,32.71,184.57,35.24,183.6,42.96,182.53,50.68,181.46,59.53,179.51,68.39,177.57,70.52,178.11,73.99,171.91,72.51,169.61,78.16,159.49,74.73,155.6,79.99,145.85,80.77,143.73,82.85,142.33,84.82,139.01,78.83,135.43,84.57,134.55,84.38,131.97,75.47,129.21,76.95,124.05,81.83,120.38,80.88,117.99,73.48,117.82,76.51,112.98,76.04,111.1,67.99,112.76,64.28,101.79,65.96,99.26,65.56,96.78,59.84,99.71,59.39,95.36,54.2,96.77,51.3,95.78,54.91,89.99,47.98,91.5,45.86,89.75,40.64,84.66,36.8,80.2,33.88,79.49,36.67,76.31,34.17,70.51,41.27,72.18,38.12,67.23,41.5,64.32,48.58,57.39,54.24,56.84,57.54,50.96,59.01,49.76,62.46,53.1,64.16,51.36,63.13,46.22,64.73,44.28,70.6,49.19,71.88,42.34,74.56,44.58,76.41,44.23,69.57,46.61,66.45,43.4,58.75,41.18,71.18,41.86,67.4,39.84,65.42,39.98,63.97,39.73,66.83,39.16,65.62,38.12,64.88,36.75,62.4,34.42,58.79,30.23,55.99,26.26,51.65,22.35,53.54,24.5,47.58,21.53,45.94,20.1,46.52,20.39,49.13,18.91,44.78,16.84,28.97,15.66,26.65,14.79,25.14,7.43,24.58,7.09,22.56,7.53,18.45,13.85,16.4,16.02,12.39,16.66,10.05,18.28,8.8,23.13,6.96,25.09,1.89,28.37,-1.19,29.64,5.07,34.21,-0.67,38.35,5.27,41.53,5.88,42.47,5.53,46.31,12.65,46.58,7.95,53.8,4.61,63.93,3.69,76.63,7.61,94.46,13.58,104.27,8.05,106.36,1.55,110.15,-0.79,112.96,-1.19,120.96,-3.79,127.85,-3.53,129.31,-8.28,130.18,-12.5,134.62,-17.81,135.82,-19.11,138.18,-18.35,144.21,-17.5,148.15,-15.14,150.39,-5.28,150.34,-3.74,150.91,-0.61,162.3,13.19,171.64,20.89,178.81,22.52,184.96,26.94,183.97,27.91,186.59,28.24,193.85,18.85,131.48,34.21,38.42,51.6,157.23,43.4,98.64,53.62,132.74,25.77,161.26,45.33,109.05,70.7,142.85],"edges":[0,2,2,4,4,6,6,8,8,10,10,12,12,14,14,16,16,18,18,20,20,22,22,24,24,26,26,28,28,30,30,32,32,34,34,36,36,38,38,40,40,42,42,44,44,46,46,48,48,50,50,52,52,54,54,56,56,58,58,60,60,62,62,64,64,66,66,68,68,70,70,72,72,74,74,76,76,78,78,80,80,82,82,84,84,86,86,88,88,90,90,92,92,94,94,96,96,98,98,100,100,102,102,104,104,106,106,108,108,110,110,112,112,114,114,116,116,118,118,120,120,122,122,124,124,126,126,128,128,130,130,132,132,134,134,136,136,138,138,140,140,142,142,144,144,146,146,148,148,150,150,152,152,154,154,156,156,158,158,160,160,162,162,164,164,166,166,168,168,170,170,172,172,174,174,176,176,178,178,180,180,182,182,184,184,186,186,188,188,190,190,192,192,194,194,196,196,198,198,200,200,202,202,204,204,206,206,208,208,210,210,212,212,214,214,216,216,218,218,220,220,222,222,224,224,226,226,228,228,230,230,232,232,234,234,236,236,238,238,240,240,242,242,244,244,246,246,248,248,250,250,0]}},"ss":{"h1":{"scaleX":0.38,"scaleY":0.38,"rotation":177.82,"width":650,"height":260},"h2":{"scaleX":0.38,"scaleY":0.38,"rotation":177.82,"width":650,"height":260},"h3":{"scaleX":0.38,"scaleY":0.38,"rotation":177.82,"width":650,"height":260},"h4":{"scaleX":0.38,"scaleY":0.38,"rotation":177.82,"width":650,"height":260},"h5":{"scaleX":0.38,"scaleY":0.38,"rotation":177.82,"width":650,"height":260},"h6":{"scaleX":0.38,"scaleY":0.38,"rotation":177.82,"width":650,"height":260},"h7":{"scaleX":0.38,"scaleY":0.38,"rotation":177.82,"width":650,"height":260},"h8":{"scaleX":0.38,"scaleY":0.38,"rotation":177.82,"width":650,"height":260},"h9":{"scaleX":0.38,"scaleY":0.38,"rotation":177.82,"width":650,"height":260},"h10":{"scaleX":0.38,"scaleY":0.38,"rotation":177.82,"width":650,"height":260},"h11":{"scaleX":0.38,"scaleY":0.38,"rotation":177.82,"width":650,"height":260},"h12":{"scaleX":0.38,"scaleY":0.38,"rotation":177.82,"width":650,"height":260},"h13":{"scaleX":0.38,"scaleY":0.38,"rotation":177.82,"width":650,"height":260},"h14":{"scaleX":0.38,"scaleY":0.38,"rotation":177.82,"width":650,"height":260},"h15":{"scaleX":0.38,"scaleY":0.38,"rotation":177.82,"width":650,"height":260}}}}],"animations":{"animation":{"slots":{"29":{"color":[{"color":"ffffff00"},{"time":0.6667,"color":"ffffffff"},{"time":1.3333,"color":"ffffff00"}]},"ss":{"attachment":[{"time":0.2667,"name":null},{"time":0.3333,"name":"h1"},{"time":0.4,"name":"h2"},{"time":0.4667,"name":"h3"},{"time":0.5333,"name":"h4"},{"time":0.6,"name":"h5"},{"time":0.6667,"name":"h6"},{"time":0.7333,"name":"h7"},{"time":0.8,"name":"h8"},{"time":0.8667,"name":"h9"},{"time":0.9333,"name":"h10"},{"time":1,"name":"h11"},{"time":1.0667,"name":"h12"},{"time":1.1333,"name":"h13"},{"time":1.2,"name":"h14"},{"time":1.2667,"name":"h15"},{"time":1.3333,"name":null}]}},"bones":{"1":{"translate":[{},{"time":0.3333,"y":23.5},{"time":0.6667},{"time":1,"y":23.5},{"time":1.3333}]},"l":{"rotate":[{"curve":0.25,"c3":0.75},{"time":0.3333,"angle":8.39,"curve":"stepped"},{"time":1,"angle":8.39,"curve":0.25,"c3":0.75},{"time":1.6667}]},"bone3":{"translate":[{"time":0.3333},{"time":1.3,"x":93.47,"y":-0.71}],"scale":[{"x":0.01,"y":0.01,"curve":"stepped"},{"time":0.2667,"x":0.01,"y":0.01},{"time":0.3333},{"time":1.3,"x":2,"y":2},{"time":1.4,"x":0.001,"y":0.001}]},"bone2":{"rotate":[{},{"time":0.6667,"angle":-16.17},{"time":1.3333}],"translate":[{},{"time":0.6667,"x":0.46,"y":6.49},{"time":1.3333}]}},"deform":{"default":{"l":{"8":[{"curve":0.25,"c3":0.75},{"time":0.3333,"offset":18,"curve":"stepped","vertices":[-0.19785,3.05765,0,0,4.89701,5.33438,0,0,4.78944,1.67287,0,0,0,0,1.12486,1.04703,1.12486,1.04704,5.46864,0.89139,3.34808,0.68672,2.82529,1.28136,5.4281,1.05504,3.59435,0.35519,3.33862,-1.37806,2.85692,1.27672,1.75932,-1.22995,0,0,3.73659,0.66174,0.23742,-0.03503,0,0,0,0,2.54263,0.70847,3.75092,-0.28248,0,0,0,0,0,0,0,0,0,0,0,0,0,0,0,0,0,0,0,0,0,0,0,0,0,0,0,0,0,0,0,0,0,0,0,0,0,0,0,0,0,0,0,0,0,0,0,0,0,0,0,0,0,0,0,0,0,0,0,0,0,0,0,0,0,0,0,0,0,0,0,0,0,0,0,0,0,0,0,0,0,0,0,0,0,0,0,0,0,0,0,0,0,0,0,0,0,0,0,0,0,0,0,0,0,0,0,0,0,0,0,0,0,0,0,0,0,0,0,0,0,0,0,0,0,0,0,0,0,0,0,0,0,0,0,0,0,0,0,0,0,0,3.13058,-2.39759,1.18019,-2.497,0.39216,-0.52788,1.22171,-1.27698,0.98872,-2.93828,1.39767,-1.14626,-0.44743,-1.97079,-0.18098,-1.22673,0.29665,-2.23726,0.25641,-1.44794,-1.2996,-1.37503,0,0,0,0,0,0,0,0,-1.15216,0.37115,0,0,0,0,-2.18649,-1.62428,0,0,0,0,-4.30605,-0.19059,0.9131,-1.68329,3.33802,0.59114,4.35217,-1.29103,-1.63577,-4.3387,2.11808,-5.15636,0.30621,0.43799,0.85307,-2.31631]},{"time":1,"offset":18,"vertices":[-0.19785,3.05765,0,0,4.89701,5.33438,0,0,4.78944,1.67287,0,0,0,0,1.12486,1.04703,1.12486,1.04704,5.46864,0.89139,3.34808,0.68672,2.82529,1.28136,5.4281,1.05504,3.59435,0.35519,3.33862,-1.37806,2.85692,1.27672,1.75932,-1.22995,0,0,3.73659,0.66174,0.23742,-0.03503,0,0,0,0,2.54263,0.70847,3.75092,-0.28248,0,0,0,0,0,0,0,0,0,0,0,0,0,0,0,0,0,0,0,0,0,0,0,0,0,0,0,0,0,0,0,0,0,0,0,0,0,0,0,0,0,0,0,0,0,0,0,0,0,0,0,0,0,0,0,0,0,0,0,0,0,0,0,0,0,0,0,0,0,0,0,0,0,0,0,0,0,0,0,0,0,0,0,0,0,0,0,0,0,0,0,0,0,0,0,0,0,0,0,0,0,0,0,0,0,0,0,0,0,0,0,0,0,0,0,0,0,0,0,0,0,0,0,0,0,0,0,0,0,0,0,0,0,0,0,0,0,0,0,0,0,0,3.13058,-2.39759,1.18019,-2.497,0.39216,-0.52788,1.22171,-1.27698,0.98872,-2.93828,1.39767,-1.14626,-0.44743,-1.97079,-0.18098,-1.22673,0.29665,-2.23726,0.25641,-1.44794,-1.2996,-1.37503,0,0,0,0,0,0,0,0,-1.15216,0.37115,0,0,0,0,-2.18649,-1.62428,0,0,0,0,-4.30605,-0.19059,0.9131,-1.68329,3.33802,0.59114,4.35217,-1.29103,-1.63577,-4.3387,2.11808,-5.15636,0.30621,0.43799,0.85307,-2.31631]},{"time":1.6667}]}}}}}},[0]]],0,0,[0],[-1],[0]]
