[1,["6eguC0raBJCYGZx1AfuE/V@6c48a"],["_textureSource"],["cc.SpriteFrame"],0,[{"name":"ocean_newjk02_02","rect":{"x":60,"y":78,"width":904,"height":92},"offset":{"x":0,"y":4},"originalSize":{"width":1024,"height":256},"rotated":false,"capInsets":[0,0,0,0],"vertices":{"rawPosition":[-452,-46,0,452,-46,0,-452,46,0,452,46,0],"indexes":[0,1,2,2,1,3],"uv":[60,178,964,178,60,86,964,86],"nuv":[0.05859375,0.3359375,0.94140625,0.3359375,0.05859375,0.6953125,0.94140625,0.6953125],"minPos":{"x":-452,"y":-46,"z":0},"maxPos":{"x":452,"y":46,"z":0}},"packable":true,"pixelsToUnit":100,"pivot":{"x":0.5,"y":0.5},"meshType":0}],[0],0,[0],[0],[0]]
