[1,["08bZVx60JK2Z4AqBeYrqxT@6c48a"],0,[["sp.SkeletonData",["_name","_atlasText","textureNames","_skeletonJson","textures"],-1,3]],[[0,0,1,2,3,4,5]],[[0,"yuwang-3","\r\nyuwang-3.png\r\nsize: 361,163\r\nformat: RGBA8888\r\nfilter: Linear,Linear\r\nrepeat: none\r\nguang3\r\n  rotate: false\r\n  xy: 170, 13\r\n  size: 22, 22\r\n  orig: 22, 22\r\n  offset: 0, 0\r\n  index: -1\r\nwang3\r\n  rotate: false\r\n  xy: 2, 2\r\n  size: 166, 159\r\n  orig: 183, 183\r\n  offset: 7, 10\r\n  index: -1\r\nwangquan3\r\n  rotate: false\r\n  xy: 170, 37\r\n  size: 124, 124\r\n  orig: 124, 124\r\n  offset: 0, 0\r\n  index: -1\r\nxing3\r\n  rotate: false\r\n  xy: 296, 75\r\n  size: 63, 86\r\n  orig: 63, 86\r\n  offset: 0, 0\r\n  index: -1\r\n",["yuwang-3.png"],{"skeleton":{"hash":"Rwtv4PaF8W45ifqmkpW8uC8qQpg","spine":"2.1.27","width":311.85,"height":260.88,"images":"./hit_pifu4_export/"},"bones":[{"name":"root","x":3.16},{"name":"gen","parent":"root"},{"name":"guang1","parent":"root","x":145.78,"y":1.66},{"name":"guang2","parent":"root","x":155.53,"y":-6.86},{"name":"guang3","parent":"root","x":155.53,"y":-6.86},{"name":"guang4","parent":"root","x":155.53,"y":-6.86},{"name":"guang5","parent":"root","x":155.53,"y":-6.86},{"name":"guang6","parent":"root","x":155.53,"y":-6.86},{"name":"xing1","parent":"root","x":134.11,"y":69.14},{"name":"xing2","parent":"root","x":144.11,"y":62.47},{"name":"xing3","parent":"root","x":144.11,"y":62.47},{"name":"xing4","parent":"root","x":144.11,"y":62.47},{"name":"xing5","parent":"root","x":144.11,"y":62.47},{"name":"wang1","parent":"gen"},{"name":"wang4","parent":"gen"}],"slots":[{"name":"guang","bone":"guang1","attachment":"guang3"},{"name":"guang2","bone":"guang2","attachment":"guang3"},{"name":"guang3","bone":"guang3","attachment":"guang3"},{"name":"guang4","bone":"guang4","attachment":"guang3"},{"name":"guang5","bone":"guang5","attachment":"guang3"},{"name":"guang6","bone":"guang6","attachment":"guang3"},{"name":"xing1","bone":"xing1","attachment":"xing3"},{"name":"xing2","bone":"xing2","attachment":"xing3"},{"name":"xing3","bone":"xing3","attachment":"xing3"},{"name":"xing4","bone":"xing4","attachment":"xing3"},{"name":"xing5","bone":"xing5","attachment":"xing3"},{"name":"wang","bone":"wang1","attachment":"wang3"},{"name":"wang2","bone":"wang4","attachment":"wangquan3"}],"skins":{"default":{"guang":{"guang3":{"x":3.16,"width":22,"height":22}},"guang2":{"guang3":{"x":3.16,"width":22,"height":22}},"guang3":{"guang3":{"x":3.16,"width":22,"height":22}},"guang4":{"guang3":{"x":3.16,"width":22,"height":22}},"guang5":{"guang3":{"x":3.16,"width":22,"height":22}},"guang6":{"guang3":{"x":3.16,"width":22,"height":22}},"wang":{"wang3":{"width":183,"height":183}},"wang2":{"wangquan3":{"x":-2.63,"y":5.73,"scaleX":2.103,"scaleY":2.103,"width":124,"height":124}},"xing1":{"xing3":{"x":3.16,"width":63,"height":86}},"xing2":{"xing3":{"x":3.16,"width":63,"height":86}},"xing3":{"xing3":{"x":3.16,"width":63,"height":86}},"xing4":{"xing3":{"x":3.16,"width":63,"height":86}},"xing5":{"xing3":{"x":3.16,"width":63,"height":86}}}},"animations":{"jibie1":{"slots":{"wang":{"color":[{"time":0,"color":"ffffff00"},{"time":0.1666,"color":"ffffffff","curve":"stepped"},{"time":0.4,"color":"ffffffff"},{"time":0.8333,"color":"ffffff00"}]},"wang2":{"color":[{"time":0,"color":"ffffff00","curve":"stepped"},{"time":0.1333,"color":"ffffff00"},{"time":0.2666,"color":"ffffffff","curve":"stepped"},{"time":0.3,"color":"ffffffff"},{"time":0.6666,"color":"ffffff00"}]},"xing1":{"color":[{"time":0,"color":"ffffff00","curve":"stepped"},{"time":0.0333,"color":"ffffff00"},{"time":0.2,"color":"ffffffff"},{"time":0.3666,"color":"ffffff00"}]}},"bones":{"guang4":{"rotate":[{"time":0,"angle":0}],"translate":[{"time":0,"x":-145.78,"y":-1.66},{"time":0.1,"x":-171.54,"y":73.4},{"time":0.3666,"x":-182.99,"y":106.77}],"scale":[{"time":0,"x":0,"y":0},{"time":0.0333,"x":3.667,"y":3.667},{"time":0.1333,"x":1.067,"y":1.067},{"time":0.3666,"x":0,"y":0}]},"guang5":{"rotate":[{"time":0,"angle":0,"curve":"stepped"},{"time":0.0666,"angle":0}],"translate":[{"time":0,"x":-145.78,"y":-1.66,"curve":"stepped"},{"time":0.0666,"x":-145.78,"y":-1.66},{"time":0.5666,"x":-24.47,"y":-16.37}],"scale":[{"time":0,"x":0,"y":0,"curve":"stepped"},{"time":0.0666,"x":0,"y":0},{"time":0.1666,"x":4.497,"y":4.497},{"time":0.2666,"x":1.067,"y":1.067},{"time":0.5666,"x":0,"y":0}]},"guang6":{"rotate":[{"time":0,"angle":0}],"translate":[{"time":0,"x":-145.78,"y":-1.66},{"time":0.1333,"x":-226.2,"y":29.12},{"time":0.4333,"x":-266.41,"y":44.52}],"scale":[{"time":0,"x":0,"y":0},{"time":0.0666,"x":4.318,"y":4.318},{"time":0.1666,"x":1.067,"y":1.067},{"time":0.4333,"x":0,"y":0}]},"wang1":{"rotate":[{"time":0,"angle":0}],"translate":[{"time":0,"x":0,"y":0}],"scale":[{"time":0,"x":0,"y":0},{"time":0.1666,"x":1.09,"y":1.09},{"time":0.5666,"x":0.878,"y":0.878}]},"wang4":{"rotate":[{"time":0.1333,"angle":0,"curve":"stepped"},{"time":0.6666,"angle":0}],"translate":[{"time":0.1333,"x":0,"y":0,"curve":"stepped"},{"time":0.6666,"x":0,"y":0}],"scale":[{"time":0.1333,"x":0,"y":0},{"time":0.4,"x":1.084,"y":1.084},{"time":0.6666,"x":1,"y":1}]},"xing1":{"rotate":[{"time":0,"angle":0,"curve":"stepped"},{"time":0.0333,"angle":0}],"translate":[{"time":0,"x":-223.25,"y":-84.13,"curve":"stepped"},{"time":0.0333,"x":-223.25,"y":-84.13}],"scale":[{"time":0,"x":0,"y":0,"curve":"stepped"},{"time":0.0333,"x":0,"y":0},{"time":0.2,"x":1.466,"y":1.466},{"time":0.3666,"x":0,"y":0}]},"xing2":{"rotate":[{"time":0,"angle":0,"curve":"stepped"},{"time":0.1,"angle":0}],"translate":[{"time":0,"x":-113.69,"y":-2,"curve":"stepped"},{"time":0.1,"x":-113.69,"y":-2}],"scale":[{"time":0,"x":0,"y":0,"curve":"stepped"},{"time":0.1,"x":0,"y":0},{"time":0.2,"x":0.967,"y":0.967},{"time":0.3666,"x":0,"y":0}]},"xing3":{"rotate":[{"time":0,"angle":0,"curve":"stepped"},{"time":0.3,"angle":0}],"translate":[{"time":0,"x":-73.44,"y":-100.34,"curve":"stepped"},{"time":0.3,"x":-73.44,"y":-100.34}],"scale":[{"time":0,"x":0,"y":0,"curve":"stepped"},{"time":0.3,"x":0,"y":0},{"time":0.4,"x":0.967,"y":0.967},{"time":0.5666,"x":0,"y":0}]},"xing4":{"rotate":[{"time":0,"angle":0}],"translate":[{"time":0,"x":-69.49,"y":-22.38}],"scale":[{"time":0,"x":0,"y":0,"curve":"stepped"},{"time":0.2,"x":0,"y":0},{"time":0.4,"x":0.967,"y":0.967},{"time":0.5666,"x":0,"y":0}]},"xing5":{"rotate":[{"time":0,"angle":0}],"translate":[{"time":0,"x":-228.05,"y":-27.67}],"scale":[{"time":0,"x":0,"y":0,"curve":"stepped"},{"time":0.4,"x":0,"y":0},{"time":0.5333,"x":0.967,"y":0.967},{"time":0.7333,"x":0,"y":0}]},"root":{"rotate":[{"time":0,"angle":0}],"translate":[{"time":0,"x":0,"y":0}],"scale":[{"time":0,"x":1,"y":1}]},"guang1":{"rotate":[{"time":0,"angle":0}],"translate":[{"time":0,"x":-145.78,"y":-1.66},{"time":0.1666,"x":-73.8,"y":20.07},{"time":0.5,"x":-37.82,"y":30.94}],"scale":[{"time":0,"x":0,"y":0},{"time":0.0333,"x":4.774,"y":4.774},{"time":0.1333,"x":1.067,"y":1.067},{"time":0.5,"x":0,"y":0}]},"gen":{"rotate":[{"time":0,"angle":0}],"translate":[{"time":0,"x":0,"y":0}],"scale":[{"time":0,"x":1,"y":1}]},"guang2":{"rotate":[{"time":0,"angle":0,"curve":"stepped"},{"time":0.0666,"angle":0}],"translate":[{"time":0,"x":-145.78,"y":-1.66,"curve":"stepped"},{"time":0.0666,"x":-145.78,"y":-1.66},{"time":0.2666,"x":-221.56,"y":-32.61},{"time":0.5666,"x":-250.71,"y":-44.52}],"scale":[{"time":0,"x":0,"y":0,"curve":"stepped"},{"time":0.0666,"x":0,"y":0},{"time":0.1666,"x":3.049,"y":3.049},{"time":0.3666,"x":1.067,"y":1.067},{"time":0.5666,"x":0,"y":0}]},"guang3":{"rotate":[{"time":0,"angle":0,"curve":"stepped"},{"time":0.0666,"angle":0}],"translate":[{"time":0,"x":-145.78,"y":-1.66,"curve":"stepped"},{"time":0.0666,"x":-145.78,"y":-1.66},{"time":0.2,"x":-123.43,"y":-65.94},{"time":0.5,"x":-112.26,"y":-98.08}],"scale":[{"time":0,"x":0,"y":0,"curve":"stepped"},{"time":0.0666,"x":0,"y":0},{"time":0.1,"x":3.147,"y":3.147},{"time":0.2333,"x":1.067,"y":1.067},{"time":0.5,"x":0,"y":0}]}}},"jibie2":{"slots":{"guang6":{"attachment":[{"time":0,"name":null}]},"xing1":{"color":[{"time":0,"color":"ffffff00","curve":"stepped"},{"time":0.0333,"color":"ffffff00"},{"time":0.2,"color":"ffffffff"},{"time":0.3666,"color":"ffffff00"}]},"xing5":{"attachment":[{"time":0,"name":null}]}},"bones":{"guang6":{"rotate":[{"time":0,"angle":0}],"translate":[{"time":0,"x":-145.78,"y":-1.66},{"time":0.1333,"x":-226.2,"y":29.12},{"time":0.4333,"x":-266.41,"y":44.52}],"scale":[{"time":0,"x":0,"y":0},{"time":0.0666,"x":4.318,"y":4.318},{"time":0.1666,"x":1.067,"y":1.067},{"time":0.4333,"x":0,"y":0}]},"xing1":{"rotate":[{"time":0,"angle":0,"curve":"stepped"},{"time":0.0333,"angle":0}],"translate":[{"time":0,"x":-193.82,"y":-12.97,"curve":"stepped"},{"time":0.0333,"x":-193.82,"y":-12.97}],"scale":[{"time":0,"x":0,"y":0,"curve":"stepped"},{"time":0.0333,"x":0,"y":0},{"time":0.2,"x":1.466,"y":1.466},{"time":0.3666,"x":0,"y":0}]},"root":{"rotate":[{"time":0,"angle":0}],"translate":[{"time":0,"x":0,"y":0}],"scale":[{"time":0,"x":1,"y":1}]},"guang1":{"rotate":[{"time":0,"angle":0}],"translate":[{"time":0,"x":-145.78,"y":-1.66},{"time":0.1666,"x":-73.8,"y":20.07},{"time":0.5,"x":-37.82,"y":30.94}],"scale":[{"time":0,"x":0,"y":0},{"time":0.0333,"x":4.774,"y":4.774},{"time":0.1333,"x":1.067,"y":1.067},{"time":0.5,"x":0,"y":0}]},"gen":{"rotate":[{"time":0,"angle":0}],"translate":[{"time":0,"x":0,"y":0}],"scale":[{"time":0,"x":1,"y":1}]},"xing2":{"rotate":[{"time":0,"angle":0,"curve":"stepped"},{"time":0.1,"angle":0}],"translate":[{"time":0,"x":-239.54,"y":-128.88,"curve":"stepped"},{"time":0.1,"x":-239.54,"y":-128.88}],"scale":[{"time":0,"x":0,"y":0,"curve":"stepped"},{"time":0.1,"x":0,"y":0},{"time":0.2333,"x":1.175,"y":1.175},{"time":0.4333,"x":0,"y":0}]},"xing3":{"rotate":[{"time":0,"angle":0,"curve":"stepped"},{"time":0.3,"angle":0}],"translate":[{"time":0,"x":-65.9,"y":-9.35,"curve":"stepped"},{"time":0.3,"x":-65.9,"y":-9.35}],"scale":[{"time":0,"x":0,"y":0,"curve":"stepped"},{"time":0.3,"x":0,"y":0},{"time":0.4,"x":0.967,"y":0.967},{"time":0.5666,"x":0,"y":0}]},"guang2":{"rotate":[{"time":0,"angle":0,"curve":"stepped"},{"time":0.0666,"angle":0}],"translate":[{"time":0,"x":-145.78,"y":-1.66,"curve":"stepped"},{"time":0.0666,"x":-145.78,"y":-1.66},{"time":0.2666,"x":-221.56,"y":-32.61},{"time":0.5666,"x":-250.71,"y":-44.52}],"scale":[{"time":0,"x":0,"y":0,"curve":"stepped"},{"time":0.0666,"x":0,"y":0},{"time":0.1666,"x":3.049,"y":3.049},{"time":0.3666,"x":1.067,"y":1.067},{"time":0.5666,"x":0,"y":0}]},"guang3":{"rotate":[{"time":0,"angle":0,"curve":"stepped"},{"time":0.0666,"angle":0}],"translate":[{"time":0,"x":-145.78,"y":-1.66,"curve":"stepped"},{"time":0.0666,"x":-145.78,"y":-1.66},{"time":0.2,"x":-123.43,"y":-65.94},{"time":0.5,"x":-112.26,"y":-98.08}],"scale":[{"time":0,"x":0,"y":0,"curve":"stepped"},{"time":0.0666,"x":0,"y":0},{"time":0.1,"x":3.147,"y":3.147},{"time":0.2333,"x":1.067,"y":1.067},{"time":0.5,"x":0,"y":0}]},"guang4":{"rotate":[{"time":0,"angle":0}],"translate":[{"time":0,"x":-145.78,"y":-1.66},{"time":0.1,"x":-171.54,"y":73.4},{"time":0.3666,"x":-182.99,"y":106.77}],"scale":[{"time":0,"x":0,"y":0},{"time":0.0333,"x":3.667,"y":3.667},{"time":0.1333,"x":1.067,"y":1.067},{"time":0.3666,"x":0,"y":0}]},"guang5":{"rotate":[{"time":0,"angle":0,"curve":"stepped"},{"time":0.0666,"angle":0}],"translate":[{"time":0,"x":-145.78,"y":-1.66,"curve":"stepped"},{"time":0.0666,"x":-145.78,"y":-1.66},{"time":0.5666,"x":-24.47,"y":-16.37}],"scale":[{"time":0,"x":0,"y":0,"curve":"stepped"},{"time":0.0666,"x":0,"y":0},{"time":0.1666,"x":4.497,"y":4.497},{"time":0.2666,"x":1.067,"y":1.067},{"time":0.5666,"x":0,"y":0}]},"xing4":{"rotate":[{"time":0,"angle":0,"curve":"stepped"},{"time":0.1333,"angle":0}],"translate":[{"time":0,"x":-107.51,"y":-147.84,"curve":"stepped"},{"time":0.1333,"x":-107.51,"y":-147.84}],"scale":[{"time":0,"x":0,"y":0,"curve":"stepped"},{"time":0.1333,"x":0,"y":0},{"time":0.3,"x":0.967,"y":0.967},{"time":0.5666,"x":0,"y":0}]}}},"jibie3":{"slots":{"wang":{"attachment":[{"time":0,"name":"wang3"}],"color":[{"time":0,"color":"ffffff00"},{"time":0.1666,"color":"ffffffff","curve":"stepped"},{"time":0.4,"color":"ffffffff"},{"time":0.5666,"color":"ffffff00"}]},"wang2":{"color":[{"time":0,"color":"ffffff00"},{"time":0.1666,"color":"ffffffff"},{"time":0.5666,"color":"ffffff00"}]},"xing1":{"color":[{"time":0,"color":"ffffff00"},{"time":0.2,"color":"ffffffff"},{"time":0.3666,"color":"ffffff00"}]}},"bones":{"xing1":{"rotate":[{"time":0,"angle":0}],"translate":[{"time":0,"x":-156.25,"y":29.95}],"scale":[{"time":0,"x":0,"y":0},{"time":0.2,"x":1.466,"y":1.466},{"time":0.3666,"x":0,"y":0}]},"root":{"rotate":[{"time":0,"angle":0}],"translate":[{"time":0,"x":0,"y":0}],"scale":[{"time":0,"x":1,"y":1}]},"guang1":{"rotate":[{"time":0,"angle":0}],"translate":[{"time":0,"x":-145.78,"y":-1.66},{"time":0.1666,"x":-60.76,"y":25.66},{"time":0.5,"x":-24.77,"y":43.99}],"scale":[{"time":0,"x":0,"y":0},{"time":0.0333,"x":4.774,"y":4.774},{"time":0.1666,"x":1.067,"y":1.067},{"time":0.5,"x":0,"y":0}]},"gen":{"rotate":[{"time":0,"angle":0}],"translate":[{"time":0,"x":0,"y":0}],"scale":[{"time":0,"x":1,"y":1}]},"xing2":{"rotate":[{"time":0,"angle":0,"curve":"stepped"},{"time":0.1,"angle":0}],"translate":[{"time":0,"x":-248.49,"y":-87.74,"curve":"stepped"},{"time":0.1,"x":-248.49,"y":-87.74}],"scale":[{"time":0,"x":0,"y":0,"curve":"stepped"},{"time":0.1,"x":0,"y":0},{"time":0.2333,"x":1.175,"y":1.175},{"time":0.4333,"x":0,"y":0}]},"xing3":{"rotate":[{"time":0,"angle":0,"curve":"stepped"},{"time":0.1666,"angle":0}],"translate":[{"time":0,"x":-51.51,"y":-9.87,"curve":"stepped"},{"time":0.1666,"x":-51.51,"y":-9.87}],"scale":[{"time":0,"x":0,"y":0,"curve":"stepped"},{"time":0.1666,"x":0,"y":0},{"time":0.2666,"x":0.967,"y":0.967},{"time":0.4333,"x":0,"y":0}]},"guang2":{"rotate":[{"time":0,"angle":0,"curve":"stepped"},{"time":0.0666,"angle":0}],"translate":[{"time":0,"x":-145.78,"y":-1.66,"curve":"stepped"},{"time":0.0666,"x":-145.78,"y":-1.66},{"time":0.2666,"x":-221.56,"y":-32.61},{"time":0.5666,"x":-250.71,"y":-44.52}],"scale":[{"time":0,"x":0,"y":0,"curve":"stepped"},{"time":0.0666,"x":0,"y":0},{"time":0.1666,"x":4.864,"y":4.864},{"time":0.3666,"x":1.067,"y":1.067},{"time":0.5666,"x":0,"y":0}]},"guang3":{"rotate":[{"time":0,"angle":0,"curve":"stepped"},{"time":0.0666,"angle":0}],"translate":[{"time":0,"x":-145.78,"y":-1.66,"curve":"stepped"},{"time":0.0666,"x":-145.78,"y":-1.66},{"time":0.2,"x":-123.43,"y":-65.94},{"time":0.5,"x":-112.26,"y":-98.08}],"scale":[{"time":0,"x":0,"y":0,"curve":"stepped"},{"time":0.0666,"x":0,"y":0},{"time":0.1,"x":3.147,"y":3.147},{"time":0.2333,"x":1.067,"y":1.067},{"time":0.5,"x":0,"y":0}]},"guang4":{"rotate":[{"time":0,"angle":0}],"translate":[{"time":0,"x":-145.78,"y":-1.66},{"time":0.1,"x":-171.54,"y":73.4},{"time":0.3666,"x":-182.99,"y":106.77}],"scale":[{"time":0,"x":0,"y":0},{"time":0.0333,"x":4.973,"y":4.973},{"time":0.1333,"x":1.067,"y":1.067},{"time":0.3666,"x":0,"y":0}]},"guang5":{"rotate":[{"time":0,"angle":0,"curve":"stepped"},{"time":0.0666,"angle":0}],"translate":[{"time":0,"x":-145.78,"y":-1.66,"curve":"stepped"},{"time":0.0666,"x":-145.78,"y":-1.66},{"time":0.5666,"x":-24.47,"y":-16.37}],"scale":[{"time":0,"x":0,"y":0,"curve":"stepped"},{"time":0.0666,"x":0,"y":0},{"time":0.1666,"x":4.497,"y":4.497},{"time":0.2666,"x":1.067,"y":1.067},{"time":0.5666,"x":0,"y":0}]},"guang6":{"rotate":[{"time":0,"angle":0}],"translate":[{"time":0,"x":-145.78,"y":-1.66},{"time":0.1333,"x":-226.2,"y":29.12},{"time":0.4333,"x":-288.76,"y":55.7}],"scale":[{"time":0,"x":0,"y":0},{"time":0.0666,"x":5.123,"y":5.123},{"time":0.1666,"x":2.297,"y":2.297},{"time":0.4333,"x":0,"y":0}]},"xing4":{"rotate":[{"time":0,"angle":0,"curve":"stepped"},{"time":0.0666,"angle":0}],"translate":[{"time":0,"x":-141.5,"y":-151.42,"curve":"stepped"},{"time":0.0666,"x":-141.5,"y":-151.42}],"scale":[{"time":0,"x":0,"y":0,"curve":"stepped"},{"time":0.0666,"x":0,"y":0},{"time":0.2333,"x":0.967,"y":0.967},{"time":0.4666,"x":0,"y":0}]},"xing5":{"rotate":[{"time":0,"angle":0,"curve":"stepped"},{"time":0.2,"angle":0}],"translate":[{"time":0,"x":-60.13,"y":-127.81,"curve":"stepped"},{"time":0.2,"x":-60.13,"y":-127.81}],"scale":[{"time":0,"x":0,"y":0,"curve":"stepped"},{"time":0.2,"x":0,"y":0},{"time":0.3333,"x":1.309,"y":1.309},{"time":0.5666,"x":0,"y":0}]},"wang1":{"rotate":[{"time":0,"angle":0},{"time":0.1666,"angle":-63.25},{"time":0.4,"angle":-147.45},{"time":0.5666,"angle":99.85}],"translate":[{"time":0,"x":0,"y":0,"curve":"stepped"},{"time":0.1666,"x":0,"y":0,"curve":"stepped"},{"time":0.4,"x":0,"y":0,"curve":"stepped"},{"time":0.5666,"x":0,"y":0}],"scale":[{"time":0,"x":0.169,"y":0.169},{"time":0.1666,"x":1,"y":1,"curve":"stepped"},{"time":0.4,"x":1,"y":1},{"time":0.5666,"x":0.202,"y":0.202}]},"wang4":{"rotate":[{"time":0,"angle":0},{"time":0.1666,"angle":70.37},{"time":0.4,"angle":135.94},{"time":0.5666,"angle":-146.43}],"translate":[{"time":0,"x":0,"y":0,"curve":"stepped"},{"time":0.1666,"x":0,"y":0,"curve":"stepped"},{"time":0.4,"x":0,"y":0,"curve":"stepped"},{"time":0.5666,"x":0,"y":0}],"scale":[{"time":0,"x":0.162,"y":0.162},{"time":0.1666,"x":0.82,"y":0.82,"curve":"stepped"},{"time":0.4,"x":0.82,"y":0.82},{"time":0.5666,"x":0.149,"y":0.149}]}}}}},[0]]],0,0,[0],[-1],[0]]
