[1,["1d0c74c0-865e-4af9-804e-fa09eb536829@6c48a"],["_textureSource"],["cc.SpriteFrame"],0,[{"name":"Atur ulang","rect":{"x":0,"y":0,"width":87,"height":17},"offset":{"x":0,"y":0},"originalSize":{"width":87,"height":17},"rotated":false,"capInsets":[0,0,0,0],"vertices":{"rawPosition":[-43.5,-8.5,0,43.5,-8.5,0,-43.5,8.5,0,43.5,8.5,0],"indexes":[0,1,2,2,1,3],"uv":[0,17,87,17,0,0,87,0],"nuv":[0,0,1,0,0,1,1,1],"minPos":{"x":-43.5,"y":-8.5,"z":0},"maxPos":{"x":43.5,"y":8.5,"z":0}},"packable":true,"pixelsToUnit":100,"pivot":{"x":0.5,"y":0.5},"meshType":0}],[0],0,[0],[0],[0]]
