[1,["d50sKRDsRKiboN0rGblKtZ@6c48a"],["_textureSource"],["cc.SpriteFrame"],0,[{"name":"bg7","rect":{"x":0,"y":0,"width":1136,"height":640},"offset":{"x":0,"y":0},"originalSize":{"width":1136,"height":640},"rotated":false,"capInsets":[0,0,0,0],"vertices":{"rawPosition":[-568,-320,0,568,-320,0,-568,320,0,568,320,0],"indexes":[0,1,2,2,1,3],"uv":[0,640,1136,640,0,0,1136,0],"nuv":[0,0,1,0,0,1,1,1],"minPos":{"x":-568,"y":-320,"z":0},"maxPos":{"x":568,"y":320,"z":0}},"packable":true,"pixelsToUnit":100,"pivot":{"x":0.5,"y":0.5},"meshType":0}],[0],0,[0],[0],[0]]
