[1,["5fr/tWUMNJQJvyRdRK7Yfr@f9941","5fr/tWUMNJQJvyRdRK7Yfr@6c48a"],["spriteFrame","_textureSource"],["cc.SpriteFrame",["cc.BitmapFont",["_name","fontSize","fntConfig"],0]],[[1,0,1,2,4]],[[[[0,"title_rs_num",50,{"commonHeight":51,"fontSize":50,"atlasName":"title_rs_num.png","fontDefDictionary":{"32":{"xOffset":0,"yOffset":0,"xAdvance":15,"rect":{"x":1800,"y":0,"width":47,"height":51}},"33":{"xOffset":0,"yOffset":0,"xAdvance":12,"rect":{"x":1147,"y":0,"width":12,"height":42}},"44":{"xOffset":0,"yOffset":28,"xAdvance":14,"rect":{"x":250,"y":0,"width":14,"height":19}},"45":{"xOffset":0,"yOffset":0,"xAdvance":18,"rect":{"x":480,"y":0,"width":18,"height":9}},"46":{"xOffset":0,"yOffset":29,"xAdvance":12,"rect":{"x":264,"y":0,"width":12,"height":12}},"48":{"xOffset":0,"yOffset":0,"xAdvance":28,"rect":{"x":1562,"y":0,"width":28,"height":42}},"49":{"xOffset":0,"yOffset":0,"xAdvance":18,"rect":{"x":1590,"y":0,"width":18,"height":41}},"50":{"xOffset":0,"yOffset":0,"xAdvance":27,"rect":{"x":1608,"y":0,"width":27,"height":42}},"51":{"xOffset":0,"yOffset":0,"xAdvance":26,"rect":{"x":1635,"y":0,"width":26,"height":42}},"52":{"xOffset":0,"yOffset":0,"xAdvance":30,"rect":{"x":1661,"y":0,"width":30,"height":41}},"53":{"xOffset":0,"yOffset":0,"xAdvance":27,"rect":{"x":1691,"y":0,"width":27,"height":41}},"54":{"xOffset":0,"yOffset":0,"xAdvance":28,"rect":{"x":1718,"y":0,"width":28,"height":42}},"55":{"xOffset":0,"yOffset":0,"xAdvance":26,"rect":{"x":1746,"y":0,"width":26,"height":41}},"56":{"xOffset":0,"yOffset":0,"xAdvance":28,"rect":{"x":1772,"y":0,"width":28,"height":42}},"57":{"xOffset":0,"yOffset":0,"xAdvance":28,"rect":{"x":0,"y":0,"width":28,"height":42}},"63":{"xOffset":0,"yOffset":0,"xAdvance":21,"rect":{"x":1367,"y":0,"width":21,"height":42}},"65":{"xOffset":0,"yOffset":0,"xAdvance":34,"rect":{"x":28,"y":0,"width":34,"height":39}},"66":{"xOffset":0,"yOffset":0,"xAdvance":25,"rect":{"x":86,"y":0,"width":25,"height":39}},"67":{"xOffset":0,"yOffset":0,"xAdvance":30,"rect":{"x":138,"y":0,"width":30,"height":39}},"68":{"xOffset":0,"yOffset":0,"xAdvance":32,"rect":{"x":191,"y":0,"width":32,"height":39}},"69":{"xOffset":0,"yOffset":0,"xAdvance":22,"rect":{"x":276,"y":0,"width":22,"height":39}},"70":{"xOffset":0,"yOffset":0,"xAdvance":21,"rect":{"x":324,"y":0,"width":21,"height":39}},"71":{"xOffset":0,"yOffset":0,"xAdvance":33,"rect":{"x":365,"y":0,"width":33,"height":39}},"72":{"xOffset":0,"yOffset":0,"xAdvance":30,"rect":{"x":425,"y":0,"width":30,"height":39}},"73":{"xOffset":0,"yOffset":0,"xAdvance":15,"rect":{"x":498,"y":0,"width":15,"height":39}},"74":{"xOffset":0,"yOffset":0,"xAdvance":17,"rect":{"x":523,"y":0,"width":17,"height":39}},"75":{"xOffset":0,"yOffset":0,"xAdvance":28,"rect":{"x":557,"y":0,"width":28,"height":39}},"76":{"xOffset":0,"yOffset":0,"xAdvance":22,"rect":{"x":610,"y":0,"width":22,"height":39}},"77":{"xOffset":0,"yOffset":0,"xAdvance":41,"rect":{"x":642,"y":0,"width":41,"height":42}},"78":{"xOffset":0,"yOffset":0,"xAdvance":31,"rect":{"x":725,"y":0,"width":31,"height":42}},"79":{"xOffset":0,"yOffset":0,"xAdvance":36,"rect":{"x":783,"y":0,"width":36,"height":42}},"80":{"xOffset":0,"yOffset":0,"xAdvance":27,"rect":{"x":848,"y":0,"width":27,"height":42}},"81":{"xOffset":0,"yOffset":0,"xAdvance":36,"rect":{"x":936,"y":0,"width":36,"height":47}},"82":{"xOffset":0,"yOffset":0,"xAdvance":28,"rect":{"x":1001,"y":0,"width":28,"height":42}},"83":{"xOffset":0,"yOffset":0,"xAdvance":27,"rect":{"x":1048,"y":0,"width":27,"height":42}},"84":{"xOffset":0,"yOffset":0,"xAdvance":30,"rect":{"x":1097,"y":0,"width":30,"height":42}},"85":{"xOffset":0,"yOffset":0,"xAdvance":31,"rect":{"x":1159,"y":0,"width":31,"height":42}},"86":{"xOffset":0,"yOffset":0,"xAdvance":34,"rect":{"x":1216,"y":0,"width":34,"height":42}},"87":{"xOffset":0,"yOffset":0,"xAdvance":47,"rect":{"x":1279,"y":0,"width":47,"height":42}},"88":{"xOffset":0,"yOffset":0,"xAdvance":32,"rect":{"x":1388,"y":0,"width":32,"height":42}},"89":{"xOffset":0,"yOffset":0,"xAdvance":32,"rect":{"x":1448,"y":0,"width":32,"height":42}},"90":{"xOffset":0,"yOffset":0,"xAdvance":29,"rect":{"x":1508,"y":0,"width":29,"height":42}},"97":{"xOffset":0,"yOffset":10,"xAdvance":24,"rect":{"x":62,"y":0,"width":24,"height":30}},"98":{"xOffset":0,"yOffset":-2,"xAdvance":27,"rect":{"x":111,"y":0,"width":27,"height":41}},"99":{"xOffset":0,"yOffset":10,"xAdvance":23,"rect":{"x":168,"y":0,"width":23,"height":30}},"100":{"xOffset":0,"yOffset":-2,"xAdvance":27,"rect":{"x":223,"y":0,"width":27,"height":41}},"101":{"xOffset":0,"yOffset":10,"xAdvance":26,"rect":{"x":298,"y":0,"width":26,"height":30}},"102":{"xOffset":0,"yOffset":0,"xAdvance":20,"rect":{"x":345,"y":0,"width":20,"height":41}},"103":{"xOffset":0,"yOffset":11,"xAdvance":27,"rect":{"x":398,"y":0,"width":27,"height":41}},"104":{"xOffset":0,"yOffset":0,"xAdvance":25,"rect":{"x":455,"y":0,"width":25,"height":41}},"105":{"xOffset":0,"yOffset":0,"xAdvance":10,"rect":{"x":513,"y":0,"width":10,"height":40}},"106":{"xOffset":0,"yOffset":0,"xAdvance":17,"rect":{"x":540,"y":0,"width":17,"height":51}},"107":{"xOffset":0,"yOffset":0,"xAdvance":25,"rect":{"x":585,"y":0,"width":25,"height":41}},"108":{"xOffset":0,"yOffset":-3,"xAdvance":10,"rect":{"x":632,"y":0,"width":10,"height":44}},"109":{"xOffset":0,"yOffset":8,"xAdvance":42,"rect":{"x":683,"y":0,"width":42,"height":32}},"110":{"xOffset":0,"yOffset":8,"xAdvance":27,"rect":{"x":756,"y":0,"width":27,"height":32}},"111":{"xOffset":0,"yOffset":8,"xAdvance":29,"rect":{"x":819,"y":0,"width":29,"height":32}},"112":{"xOffset":0,"yOffset":8,"xAdvance":29,"rect":{"x":875,"y":0,"width":29,"height":42}},"113":{"xOffset":0,"yOffset":8,"xAdvance":29,"rect":{"x":972,"y":0,"width":29,"height":42}},"114":{"xOffset":0,"yOffset":8,"xAdvance":19,"rect":{"x":1029,"y":0,"width":19,"height":32}},"115":{"xOffset":0,"yOffset":8,"xAdvance":22,"rect":{"x":1075,"y":0,"width":22,"height":32}},"116":{"xOffset":0,"yOffset":2,"xAdvance":20,"rect":{"x":1127,"y":0,"width":20,"height":38}},"117":{"xOffset":0,"yOffset":8,"xAdvance":26,"rect":{"x":1190,"y":0,"width":26,"height":32}},"118":{"xOffset":0,"yOffset":8,"xAdvance":26,"rect":{"x":1250,"y":0,"width":29,"height":32}},"119":{"xOffset":0,"yOffset":8,"xAdvance":41,"rect":{"x":1326,"y":0,"width":41,"height":32}},"120":{"xOffset":0,"yOffset":8,"xAdvance":28,"rect":{"x":1420,"y":0,"width":28,"height":32}},"121":{"xOffset":0,"yOffset":10,"xAdvance":28,"rect":{"x":1480,"y":0,"width":28,"height":44}},"122":{"xOffset":0,"yOffset":8,"xAdvance":25,"rect":{"x":1537,"y":0,"width":25,"height":32}},"126":{"xOffset":0,"yOffset":0,"xAdvance":32,"rect":{"x":904,"y":0,"width":32,"height":14}}},"kerningDict":{}}]],0,0,[0],[0],[0]],[[{"name":"title_rs_num","rect":{"x":0,"y":0,"width":1800,"height":51},"offset":{"x":-23.5,"y":0},"originalSize":{"width":1847,"height":51},"rotated":false,"capInsets":[0,0,0,0],"vertices":{"rawPosition":[-900,-25.5,0,900,-25.5,0,-900,25.5,0,900,25.5,0],"indexes":[0,1,2,2,1,3],"uv":[0,51,1800,51,0,0,1800,0],"nuv":[0,0,0.9745533297238765,0,0,1,0.9745533297238765,1],"minPos":{"x":-900,"y":-25.5,"z":0},"maxPos":{"x":900,"y":25.5,"z":0}},"packable":true,"pixelsToUnit":100,"pivot":{"x":0.5,"y":0.5},"meshType":0}],[0],0,[0],[1],[1]]]]
