[1,["2aREJzFFlGEbCjdy4R1sym@6c48a"],["_textureSource"],["cc.SpriteFrame"],0,[{"name":"bg_gxfc_caozuo_box2","rect":{"x":0,"y":0,"width":1624,"height":83},"offset":{"x":0,"y":0.5},"originalSize":{"width":1624,"height":84},"rotated":false,"capInsets":[48,0,48,0],"vertices":{"rawPosition":[-812,-41.5,0,812,-41.5,0,-812,41.5,0,812,41.5,0],"indexes":[0,1,2,2,1,3],"uv":[0,84,1624,84,0,1,1624,1],"nuv":[0,0.011904761904761904,1,0.011904761904761904,0,1,1,1],"minPos":{"x":-812,"y":-41.5,"z":0},"maxPos":{"x":812,"y":41.5,"z":0}},"packable":true,"pixelsToUnit":100,"pivot":{"x":0.5,"y":0.5},"meshType":0}],[0],0,[0],[0],[0]]
