[1,["92TV9zMHNBUYnWqxQ8WrUV@f9941","ceSJ+U3d1JrrXmo+x7EzgM@f9941","5a5gbK6btMm4l/bEOGjq1u@f9941","f5FbxlrnJIWrDtj/oTafi8","a8ZLbD+kVOEabBG381kxla@f9941","48MF4DHRtNBYIsuSJEd59o@f9941","48MF4DHRtNBYIsuSJEd59o@6c48a","5a5gbK6btMm4l/bEOGjq1u@6c48a","92TV9zMHNBUYnWqxQ8WrUV@6c48a","a8ZLbD+kVOEabBG381kxla@6c48a","ceSJ+U3d1JrrXmo+x7EzgM@6c48a"],["node","_spriteFrame","_textureSource","root","_target","_barSprite","data","_parent","_file","_normalSprite","spriteFrame"],[["cc.Node",["_name","_layer","_active","_components","_prefab","_parent","_lpos","_children"],0,9,4,1,5,2],"cc.SpriteFrame",["cc.UITransform",["node","__prefab","_contentSize","_anchorPoint"],3,1,4,5,5],["cc.Sprite",["_sizeMode","_type","node","__prefab","_spriteFrame"],1,1,4,6],["cc.Label",["_actualFontSize","_fontSize","_string","_enableOutline","_lineHeight","_isBold","_outlineWidth","node","__prefab","_outlineColor","_color"],-4,1,4,5,5],["cc.Widget",["_alignFlags","_originalWidth","_originalHeight","_right","_top","node","__prefab"],-2,1,4],["cc.Prefab",["_name"],2],["cc.Node",["_name","_layer","_parent","_children","_components","_prefab","_lpos"],1,1,2,12,4,5],["cc.CompPrefabInfo",["fileId"],2],["cc.PrefabInfo",["fileId","instance","targetOverrides","nestedPrefabInstanceRoots","root","asset"],-1,1,1],["cc.Button",["_transition","_zoomScale","node","__prefab","_normalColor","_target","_normalSprite"],1,1,4,5,1,6],["cc.ProgressBar",["_totalLength","_progress","node","__prefab","_barSprite"],1,1,4,1],["cc.Layout",["_layoutType","_horizontalDirection","node","__prefab"],1,1,4],["cc.LabelOutline",["node","__prefab"],3,1,4],["cc.ParticleSystem2D",["_dstBlendFactor","emissionRate","life","lifeVar","angle","angleVar","startSize","startSizeVar","endSize","speed","speedVar","tangentialAccel","_totalParticles","node","__prefab","posVar","_startColor","_startColorVar","_endColor","_endColorVar","_file","_spriteFrame"],-10,1,4,5,5,5,5,5,6,6],["cc.ParticleAsset",["_name","_native"],1]],[[8,0,2],[9,0,1,2,3,4,5,5],[2,0,1,2,1],[5,0,1,2,5,6,4],[0,0,1,5,3,4,3],[0,0,1,5,3,4,6,3],[3,1,0,2,3,4,3],[13,0,1,1],[6,0,2],[0,0,1,7,3,4,3],[0,0,1,3,4,6,3],[0,0,1,5,7,3,4,6,3],[0,0,1,5,7,3,4,3],[0,0,2,1,5,3,4,6,4],[7,0,1,2,3,4,5,6,3],[2,0,1,2,3,1],[2,0,1,3,1],[5,0,3,4,5,6,4],[3,0,2,3,4,2],[3,1,0,2,3,3],[10,0,1,2,3,4,5,6,3],[11,0,1,2,3,4,3],[12,0,1,2,3,3],[4,2,0,1,4,3,7,8,6],[4,2,0,1,5,3,6,7,8,9,7],[4,0,1,7,8,10,3],[14,0,1,2,3,4,5,6,7,8,9,10,11,12,13,14,15,16,17,18,19,20,21,14],[15,0,1,3]],[[[[8,"prefabs_Crash_loading"],[9,"prefabs_Crash_loading",33554432,[-4,-5,-6,-7,-8,-9],[[2,-2,[0,"95G9Q2rrxOf531huoVR2hh"],[5,1334,750]],[3,45,1600,800,-3,[0,"a2NLelmL5DtawxMzY+gQvN"]]],[1,"c46/YsCPVOJYA4mWEpNYRx",null,null,null,-1,0]],[10,"props_btn_return",33554432,[[2,-10,[0,"bb4Fk+MtpCEpj1Mb3Vsano"],[5,62,62]],[6,1,0,-11,[0,"88hMQe+6FI2LZQHCD5jgwg"],4],[20,3,0.9,-13,[0,"19UieRNm1Dw5vSxQG4sabI"],[4,4292269782],-12,5],[17,33,19,19,-14,[0,"52STpvHDBGKKN8rLJvkN5X"]]],[1,"eaZXOzBtZNx4N1iOOoq07r",null,null,null,1,0],[1,617,325,0]],[11,"props_progressBar",33554432,1,[-19],[[2,-15,[0,"ebsmZ/VWREeIL4E/EEHu+M"],[5,796,48]],[6,1,2,-16,[0,"0bNY5qKGxMIrEf1Yp3NVt+"],3],[21,772,0,-18,[0,"8djev+7K1DnbXaZXwKebmv"],-17]],[1,"cdex1IyXlNMqx1+H6/xyLd",null,null,null,1,0],[1,0,-244,0]],[14,"Bar",33554432,3,[-23],[[[15,-20,[0,"a103gK3uxIHo9BolLxhbjs"],[5,0,24],[0,0,0.5]],-21,[22,1,1,-22,[0,"ddCgolG3dBe40ms3YEeMOk"]]],4,1,4],[1,"970ZL9O79Odqr2kOWfZCVp",null,null,null,1,0],[1,-387,0,0]],[4,"spr_loading_bg",33554432,1,[[2,-24,[0,"2dAlhPiJZL66t/Mrt4YOC8"],[5,1334,750]],[18,0,-25,[0,"56spWBZwZPFqI1FPaH1GJe"],0],[3,45,1600,800,-26,[0,"fagLaf0FFI26qc4J8O/RWO"]]],[1,"31apFmkSFGu7sod7t8hU18",null,null,null,1,0]],[5,"props_progressTip",33554432,1,[[2,-27,[0,"a1ian5eYJGSI7OIk8mlVL7"],[5,32.91,41.8]],[23,"0%",20,20,30,true,-28,[0,"c5PzQEQGBIMLmT4C4KABUP"]],[7,-29,[0,"51vd1oGuhKdoLOAPV9pyoo"]]],[1,"daKwI+zzdAcZUiomyJ9HL4",null,null,null,1,0],[1,0,-244,0]],[12,"node_widget",33554432,1,[2],[[2,-30,[0,"87jvAF8m1HjJWinIo+QxuA"],[5,1334,750]],[3,45,100,100,-31,[0,"0895dhIiFOUY6YtE/Dx7Ji"]]],[1,"behWUX9/lNpJPKPHz4/+dj",null,null,null,1,0]],[5,"props_version",33554432,1,[[2,-32,[0,"3dBFUpzoRMBausy1bPdAgD"],[5,15.32,52.4]],[24,"--",20,20,true,true,1,-33,[0,"5fEvm/Od5O06xfoH/+RmmC"],[4,4278979598]],[7,-34,[0,"c43oCMGp9ECpbqXTuq/wq8"]]],[1,"3dLk/mv69C5rOcelQCHYxj",null,null,null,1,0],[1,0,-304.757,0]],[4,"fire",33554432,4,[[16,-35,[0,"dd050D75NNQYc+cmx47FL2"],[0,1,0.5]],[26,1,50,0.3,0.1,180,0,20,5,30,30,20,0,100,-36,[0,"1cSXjiAiJLRqaqQgnUWkTW"],[0,10,5],[4,65535],[4,5570560],[4,4278190335],[4,4281597952],1,2]],[1,"5cgSAGoUlAWLJKI5afC22t",null,null,null,1,0]],[13,"props_error_log",false,33554432,1,[[2,-37,[0,"3ehB/J2LFKC4xBFUP6+ryW"],[5,42.26,50.4]],[25,20,20,-38,[0,"492ORR+0JHpqyM+0G0pn9g"],[4,4278190335]]],[1,"c3RCYNuf9EUqdlabfFxQwz",null,null,null,1,0],[1,0,348.217,0]],[19,2,0,4,[0,"69WeH+kuNAWruKBOrZ6hWA"]]],0,[0,3,1,0,0,1,0,0,1,0,-1,5,0,-2,3,0,-3,6,0,-4,10,0,-5,7,0,-6,8,0,0,2,0,0,2,0,4,2,0,0,2,0,0,2,0,0,3,0,0,3,0,5,11,0,0,3,0,-1,4,0,0,4,0,-2,11,0,0,4,0,-1,9,0,0,5,0,0,5,0,0,5,0,0,6,0,0,6,0,0,6,0,0,7,0,0,7,0,0,8,0,0,8,0,0,8,0,0,9,0,0,9,0,0,10,0,0,10,0,6,1,2,7,7,38],[0,0,0,0,0,0,11],[1,8,1,1,1,9,1],[2,3,0,4,1,1,5]],[[{"name":"icon_dt_loading_1","rect":{"x":0,"y":0,"width":772,"height":24},"offset":{"x":0,"y":0},"originalSize":{"width":772,"height":24},"rotated":false,"capInsets":[11,0,11,0],"vertices":{"rawPosition":[-386,-12,0,386,-12,0,-386,12,0,386,12,0],"indexes":[0,1,2,2,1,3],"uv":[0,24,772,24,0,0,772,0],"nuv":[0,0,1,0,0,1,1,1],"minPos":{"x":-386,"y":-12,"z":0},"maxPos":{"x":386,"y":12,"z":0}},"packable":true,"pixelsToUnit":100,"pivot":{"x":0.5,"y":0.5},"meshType":0}],[1],0,[0],[2],[6]],[[{"name":"bg_hj_loading","rect":{"x":0,"y":0,"width":1634,"height":750},"offset":{"x":0,"y":0},"originalSize":{"width":1634,"height":750},"rotated":false,"capInsets":[0,0,0,0],"vertices":{"rawPosition":[-817,-375,0,817,-375,0,-817,375,0,817,375,0],"indexes":[0,1,2,2,1,3],"uv":[0,750,1634,750,0,0,1634,0],"nuv":[0,0,1,0,0,1,1,1],"minPos":{"x":-817,"y":-375,"z":0},"maxPos":{"x":817,"y":375,"z":0}},"packable":true,"pixelsToUnit":100,"pivot":{"x":0.5,"y":0.5},"meshType":0}],[1],0,[0],[2],[7]],[[{"name":"fire","rect":{"x":1,"y":1,"width":29,"height":29},"offset":{"x":-0.5,"y":0.5},"originalSize":{"width":32,"height":32},"rotated":false,"capInsets":[0,0,0,0],"vertices":{"rawPosition":[-14.5,-14.5,0,14.5,-14.5,0,-14.5,14.5,0,14.5,14.5,0],"indexes":[0,1,2,2,1,3],"uv":[1,31,30,31,1,2,30,2],"nuv":[0.03125,0.0625,0.9375,0.0625,0.03125,0.96875,0.9375,0.96875],"minPos":{"x":-14.5,"y":-14.5,"z":0},"maxPos":{"x":14.5,"y":14.5,"z":0}},"packable":true,"pixelsToUnit":100,"pivot":{"x":0.5,"y":0.5},"meshType":0}],[1],0,[0],[2],[8]],[[{"name":"icon_dt_loading_0","rect":{"x":0,"y":0,"width":796,"height":48},"offset":{"x":0,"y":0},"originalSize":{"width":796,"height":48},"rotated":false,"capInsets":[0,0,0,0],"vertices":{"rawPosition":[-398,-24,0,398,-24,0,-398,24,0,398,24,0],"indexes":[0,1,2,2,1,3],"uv":[0,48,796,48,0,0,796,0],"nuv":[0,0,1,0,0,1,1,1],"minPos":{"x":-398,"y":-24,"z":0},"maxPos":{"x":398,"y":24,"z":0}},"packable":true,"pixelsToUnit":100,"pivot":{"x":0.5,"y":0.5},"meshType":0}],[1],0,[0],[2],[9]],[[{"name":"btn_off","rect":{"x":0,"y":0,"width":34,"height":34},"offset":{"x":0,"y":0},"originalSize":{"width":34,"height":34},"rotated":false,"capInsets":[0,0,0,0],"vertices":{"rawPosition":[-17,-17,0,17,-17,0,-17,17,0,17,17,0],"indexes":[0,1,2,2,1,3],"uv":[0,34,34,34,0,0,34,0],"nuv":[0,0,1,0,0,1,1,1],"minPos":{"x":-17,"y":-17,"z":0},"maxPos":{"x":17,"y":17,"z":0}},"packable":true,"pixelsToUnit":100,"pivot":{"x":0.5,"y":0.5},"meshType":0}],[1],0,[0],[2],[10]],[[[27,"fire",".plist"],-1],0,0,[0],[10],[0]]]]
