[1,["5b8RAR+khGN71zEnOXSBBy@6c48a"],0,[["sp.SkeletonData",["_name","_atlasText","textureNames","_skeletonJson","textures"],-1,3]],[[0,0,1,2,3,4,5]],[[0,"goutou","\r\ngoutou.png\r\nsize: 1024,1024\r\nformat: RGBA8888\r\nfilter: Linear,Linear\r\nrepeat: none\r\nbg\r\n  rotate: false\r\n  xy: 2, 648\r\n  size: 383, 356\r\n  orig: 383, 356\r\n  offset: 0, 0\r\n  index: -1\r\nerduo\r\n  rotate: true\r\n  xy: 329, 307\r\n  size: 43, 113\r\n  orig: 43, 113\r\n  offset: 0, 0\r\n  index: -1\r\nerduozuo\r\n  rotate: true\r\n  xy: 329, 352\r\n  size: 50, 124\r\n  orig: 50, 124\r\n  offset: 0, 0\r\n  index: -1\r\nershi\r\n  rotate: true\r\n  xy: 387, 662\r\n  size: 20, 35\r\n  orig: 20, 35\r\n  offset: 0, 0\r\n  index: -1\r\neye\r\n  rotate: true\r\n  xy: 986, 963\r\n  size: 41, 29\r\n  orig: 41, 29\r\n  offset: 0, 0\r\n  index: -1\r\ngouershi\r\n  rotate: true\r\n  xy: 2, 2\r\n  size: 30, 166\r\n  orig: 30, 166\r\n  offset: 0, 0\r\n  index: -1\r\ngoutou\r\n  rotate: false\r\n  xy: 2, 292\r\n  size: 325, 354\r\n  orig: 325, 354\r\n  offset: 0, 0\r\n  index: -1\r\ngouyifu\r\n  rotate: false\r\n  xy: 799, 826\r\n  size: 185, 178\r\n  orig: 185, 178\r\n  offset: 0, 0\r\n  index: -1\r\nguangxiao/1\r\n  rotate: false\r\n  xy: 387, 684\r\n  size: 242, 127\r\n  orig: 242, 127\r\n  offset: 0, 0\r\n  index: -1\r\nguangxiao/2\r\n  rotate: false\r\n  xy: 2, 34\r\n  size: 242, 127\r\n  orig: 242, 127\r\n  offset: 0, 0\r\n  index: -1\r\nguangxiao/3\r\n  rotate: true\r\n  xy: 246, 48\r\n  size: 242, 127\r\n  orig: 242, 127\r\n  offset: 0, 0\r\n  index: -1\r\nguangxiao/4\r\n  rotate: true\r\n  xy: 329, 404\r\n  size: 242, 127\r\n  orig: 242, 127\r\n  offset: 0, 0\r\n  index: -1\r\nguangxiao/5\r\n  rotate: true\r\n  xy: 458, 440\r\n  size: 242, 127\r\n  orig: 242, 127\r\n  offset: 0, 0\r\n  index: -1\r\nguangxiao/6\r\n  rotate: false\r\n  xy: 2, 163\r\n  size: 242, 127\r\n  orig: 242, 127\r\n  offset: 0, 0\r\n  index: -1\r\nwaikuang\r\n  rotate: false\r\n  xy: 387, 813\r\n  size: 410, 191\r\n  orig: 410, 191\r\n  offset: 0, 0\r\n  index: -1\r\nxiae\r\n  rotate: false\r\n  xy: 631, 716\r\n  size: 158, 95\r\n  orig: 158, 95\r\n  offset: 0, 0\r\n  index: -1\r\n",["goutou.png"],{"skeleton":{"hash":"3IoZ/bdSmK0e8LDRqwle2hPHo9c","spine":"3.6.53","width":131.2,"height":142.82,"images":"./images/"},"bones":[{"name":"root"},{"name":"all","parent":"root","scaleX":0.32,"scaleY":0.32},{"name":"goutou","parent":"all","length":161.92,"rotation":89.72,"x":-60.52,"y":-166.04},{"name":"goutou2","parent":"goutou","length":111.98,"rotation":-22.87,"x":161.92},{"name":"erduozuo","parent":"goutou2","x":164.4,"y":-47.16},{"name":"ershi","parent":"goutou2","x":49.25,"y":-89.22},{"name":"eye","parent":"goutou2","x":125.23,"y":-66.99},{"name":"gouershi","parent":"goutou2","x":117.67,"y":18.68},{"name":"goutou3","parent":"goutou2","x":167.41,"y":14.29},{"name":"gouyifu","parent":"goutou","length":74.9,"rotation":-151.54,"x":54.97,"y":-150.65},{"name":"xiae","parent":"goutou2","length":100.16,"rotation":-53.51,"x":2.37,"y":-1.55},{"name":"guangxiao/1","parent":"xiae","x":111.04,"y":37.77},{"name":"waikuang","parent":"all","color":"ff0000ff"}],"slots":[{"name":"bg","bone":"waikuang","attachment":"bg"},{"name":"waikuang","bone":"waikuang","attachment":"waikuang"},{"name":"waikuang2","bone":"waikuang","attachment":"waikuang"},{"name":"mask_goutou","bone":"goutou","attachment":"mask_goutou"},{"name":"erduozuo","bone":"erduozuo","attachment":"erduozuo"},{"name":"ershi","bone":"ershi","attachment":"ershi"},{"name":"xiae","bone":"xiae","attachment":"xiae"},{"name":"eye","bone":"eye","attachment":"eye"},{"name":"goutou","bone":"goutou","attachment":"goutou"},{"name":"gouyifu","bone":"gouyifu","attachment":"gouyifu"},{"name":"gouershi","bone":"gouershi","attachment":"gouershi"},{"name":"erduo","bone":"goutou3","attachment":"erduo"},{"name":"guangxiao/1","bone":"guangxiao/1","attachment":"guangxiao/4","blend":"additive"}],"skins":{"default":{"bg":{"bg":{"type":"mesh","hull":4,"width":383,"height":356,"uvs":[1,1,0,1,0,0,1,0],"triangles":[1,2,3,1,3,0],"vertices":[191.5,-178,-191.5,-178,-191.5,178,191.5,178],"edges":[0,2,2,4,4,6,0,6]}},"erduo":{"erduo":{"x":44.43,"y":19.81,"rotation":-66.85,"width":43,"height":113}},"erduozuo":{"erduozuo":{"x":42.53,"y":17.71,"rotation":-66.85,"width":50,"height":124}},"ershi":{"ershi":{"x":-12.62,"y":-8.68,"rotation":-66.85,"width":20,"height":35}},"eye":{"eye":{"x":0.25,"y":-2.16,"rotation":-66.85,"width":41,"height":29}},"gouershi":{"gouershi":{"x":-67.77,"y":-29.33,"rotation":-66.85,"width":30,"height":166}},"goutou":{"goutou":{"type":"mesh","hull":28,"width":325,"height":354,"uvs":[0.00253,0.627,0.00399,0.40726,0.11679,0.33256,0.23144,0.2256,0.31836,0.12543,0.38678,0.05413,0.49403,0.02866,0.51253,0,0.61608,0.02696,0.61915,0.04964,0.7041,0.07193,0.77236,0.11231,0.87248,0.24462,0.86792,0.26968,1,0.41034,0.98018,0.47301,0.93315,0.46744,0.88613,0.47997,0.70106,0.41313,0.6055,0.36299,0.54634,0.40199,0.57364,0.4744,0.65404,0.51093,0.6146,0.58196,0.62522,0.69337,0.68438,0.69403,0.70865,0.96978,0.00024,0.97117,0.53055,0.17278,0.08995,0.67568],"triangles":[26,24,25,23,21,22,24,29,23,23,29,21,21,29,20,29,2,20,2,3,20,3,28,20,3,4,28,4,5,28,5,6,28,29,1,2,16,17,13,15,16,14,17,18,13,16,13,14,18,19,13,20,28,19,19,11,13,11,28,10,10,28,9,28,11,19,13,11,12,28,6,9,9,7,8,7,9,6,26,27,24,27,29,24,27,0,29,0,1,29],"vertices":[1,2,119.05,125.56,1,2,2,196.84,125.46,0.512,3,-16.57,129.17,0.488,1,3,22.15,105.85,1,1,3,71.61,86.48,1,1,3,115.32,74.44,1,1,3,147.27,63.91,1,1,3,169.26,35.41,1,1,3,180.95,33.87,1,1,3,185.41,-0.83,1,1,3,178.42,-4.9,1,1,3,182.01,-33.39,1,1,3,177.59,-59.41,1,1,3,147.31,-107.74,1,1,3,138.57,-109.87,1,1,3,109.66,-168.91,1,1,3,86.73,-171.7,1,1,3,82.53,-156.88,1,1,3,72.45,-144.57,1,1,3,70.56,-79.96,1,1,3,74.68,-44.42,1,1,3,54.43,-32.17,1,1,3,34.34,-50.41,1,1,9,-124.18,-6.25,1,1,9,-108.07,-29.42,1,2,2,96.54,-76.93,0.496,9,-71.68,-45,0.504,2,2,96.4,-96.16,0.496,9,-62.39,-28.16,0.504,2,2,-1.18,-104.52,0.496,9,27.38,-67.31,0.504,1,2,-2.79,125.71,1,1,3,127.02,4.44,1,2,2,101.96,97.06,0.85919,3,-92.97,66.13,0.14081],"edges":[2,4,4,6,6,8,8,10,10,12,12,14,14,16,16,18,18,20,20,22,22,24,24,26,26,28,28,30,30,32,32,34,34,36,36,38,38,40,40,42,42,44,44,46,46,48,48,50,50,52,52,54,2,0,0,54]}},"gouyifu":{"gouyifu":{"type":"mesh","hull":14,"width":185,"height":178,"uvs":[0,0.28655,0.0472,0.10707,0.19486,0,0.2374,0.1643,0.4611,0.27646,0.79989,0.44633,1,0.54666,0.94316,0.6403,0.84306,0.72614,0.89061,0.85134,0.87559,1,0.11227,1,0.09225,0.5236,0.02467,0.47158,0.74545,0.60163,0.15231,0.26089,0.28495,0.59643,0.38907,0.3969],"triangles":[15,1,3,1,2,3,0,1,15,13,0,15,12,13,15,11,12,16,17,3,4,15,3,17,12,15,17,16,12,17,5,17,4,7,14,5,14,17,5,16,17,14,6,7,5,8,14,7,11,16,14,10,8,9,11,14,8,10,11,8],"vertices":[1,2,115.86,-51.64,1,1,10,54.77,-24.37,1,1,10,84.62,-9.6,1,2,9,-99.16,-9.04,0.576,10,88.04,-39.69,0.424,2,9,-62.02,18.01,0.904,10,125.99,-65.6,0.096,1,9,-5.77,58.98,1,1,9,27.46,83.18,1,1,9,37.18,66.04,1,1,9,41.91,42.5,1,1,9,65.71,39.73,1,1,9,87.72,24.79,1,1,2,-11.03,-73.03,1,1,2,73.75,-68.91,1,1,2,82.95,-56.36,1,1,9,13.84,37.05,1,2,9,-91.44,-31.03,0.816,10,69.91,-54.34,0.184,1,9,-27.2,-37.61,1,2,9,-49.41,-3.86,0.936,10,109.61,-84.81,0.064],"edges":[0,2,2,4,4,6,12,14,14,16,16,18,18,20,20,22,22,24,24,26,0,26,2,30,28,14,10,12,28,10,28,22,22,32,28,34,34,30,32,34,6,8,8,10,34,8]}},"guangxiao/1":{"guangxiao/1":{"rotation":-13.35,"width":242,"height":127},"guangxiao/2":{"rotation":-13.35,"width":242,"height":127},"guangxiao/3":{"rotation":-13.35,"width":242,"height":127},"guangxiao/4":{"rotation":-13.35,"width":242,"height":127},"guangxiao/5":{"rotation":-13.35,"width":242,"height":127},"guangxiao/6":{"rotation":-13.35,"width":242,"height":127}},"mask_goutou":{"mask_goutou":{"type":"clipping","end":"mask_goutou","vertexCount":14,"color":"ce3a3aff","vertices":[189.46,125.37,16.62,124.93,10.58,121.88,6.3,117.87,2.97,113.87,1.13,108.99,2.43,-217.19,43.94,-233.94,70.86,-241.82,237.42,-228.43,419.93,-246.41,492.34,-77.93,422.64,26.39,350.21,101.53]}},"waikuang":{"waikuang":{"x":-1.57,"y":-90.23,"width":410,"height":191}},"waikuang2":{"waikuang":{"x":-1.57,"y":95.5,"scaleY":-1,"width":410,"height":191}},"xiae":{"xiae":{"type":"mesh","hull":13,"width":158,"height":95,"uvs":[0,0.33112,0.03035,0.5872,0.07689,0.97988,0.43446,0.5699,0.59699,0.52936,0.90309,0.66902,0.94293,0.60049,1,0.50232,1,0.25003,0.79203,0.28607,0.46426,0,0.12023,0,0,0.15992,0.46426,0.27256,0.72702,0.47529,0.45613,0.43925,0.71161,0.53182],"triangles":[11,10,13,0,12,13,12,11,13,2,1,3,4,16,5,5,16,6,16,14,6,6,14,7,3,1,15,3,15,4,15,1,0,14,16,15,16,4,15,14,9,7,9,8,7,15,13,14,14,13,9,15,0,13,9,13,10],"vertices":[1,3,32.68,-14.76,1,1,10,28.28,-5.94,1,1,10,29.99,-43.92,1,1,10,91.66,-13.83,1,1,10,117.63,-13.85,1,1,10,163.48,-34.19,1,1,10,170.67,-28.69,1,1,10,180.98,-20.81,1,1,10,184.55,2.89,1,1,10,151.55,4.4,1,1,3,90.43,-69.84,1,1,3,69.07,-19.86,1,1,3,47.63,-8.37,1,1,10,100.53,13.4,1,1,10,138.71,-11.84,1,1,10,96.9,-2.07,1,1,10,135.5,-16.79,1],"edges":[4,6,6,8,8,10,14,16,16,18,18,20,20,22,22,24,0,24,22,26,26,28,28,14,0,2,2,4,2,30,30,32,10,12,12,14,32,12]}}}},"animations":{"dynamic":{"slots":{"guangxiao/1":{"color":[{"time":0,"color":"ffffff00","curve":"stepped"},{"time":0.9333,"color":"ffffff00","curve":[0.25,0,0.75,1]},{"time":1,"color":"ffffffff","curve":"stepped"},{"time":1.9,"color":"ffffffff","curve":[0.25,0,0.75,1]},{"time":2,"color":"ffffff00"}],"attachment":[{"time":1,"name":"guangxiao/1"},{"time":1.1,"name":"guangxiao/2"},{"time":1.2,"name":"guangxiao/3"},{"time":1.3,"name":"guangxiao/4"},{"time":1.4,"name":"guangxiao/5"},{"time":1.9,"name":"guangxiao/6"}]}},"bones":{"goutou2":{"rotate":[{"time":0,"angle":0,"curve":[0.25,0,0.75,1]},{"time":1,"angle":9.27,"curve":[0.25,0,0.75,1]},{"time":1.9,"angle":0}]},"gouershi":{"rotate":[{"time":0,"angle":0,"curve":[0.25,0,0.75,1]},{"time":1,"angle":8.28,"curve":[0.25,0,0.75,1]},{"time":1.9,"angle":0}]},"ershi":{"rotate":[{"time":0,"angle":0,"curve":[0.25,0,0.75,1]},{"time":1,"angle":10.9,"curve":[0.25,0,0.75,1]},{"time":1.9,"angle":0}]},"xiae":{"rotate":[{"time":0,"angle":0,"curve":[0.25,0,0.75,1]},{"time":1,"angle":-5.84,"curve":[0.25,0,0.75,1]},{"time":1.9,"angle":0}]},"goutou3":{"rotate":[{"time":0,"angle":0,"curve":[0.25,0,0.75,1]},{"time":1,"angle":-5.71,"curve":[0.25,0,0.75,1]},{"time":1.9,"angle":0}]},"erduozuo":{"rotate":[{"time":0,"angle":0,"curve":[0.25,0,0.75,1]},{"time":1,"angle":-6.98,"curve":[0.25,0,0.75,1]},{"time":1.9,"angle":0}]}}},"static":{"slots":{"guangxiao/1":{"color":[{"time":0,"color":"ffffff00"}]}},"bones":{"goutou2":{"rotate":[{"time":0,"angle":0}]},"gouershi":{"rotate":[{"time":0,"angle":0}]},"ershi":{"rotate":[{"time":0,"angle":0}]},"xiae":{"rotate":[{"time":0,"angle":0}]},"goutou3":{"rotate":[{"time":0,"angle":0}]},"erduozuo":{"rotate":[{"time":0,"angle":0}]}}}}},[0]]],0,0,[0],[-1],[0]]
