[1,["a6cb02f1-ab58-4d86-930d-309062ff9909@f9941","a6cb02f1-ab58-4d86-930d-309062ff9909@6c48a"],["spriteFrame","_textureSource"],["cc.SpriteFrame",["cc.BitmapFont",["_name","fontSize","fntConfig"],0]],[[1,0,1,2,4]],[[[[0,"font_sg_caculate",20,{"commonHeight":19,"fontSize":20,"atlasName":"font_sg_caculate_0.png","fontDefDictionary":{"32":{"xOffset":-1,"yOffset":18,"xAdvance":5,"rect":{"x":27,"y":174,"width":3,"height":1}},"44":{"xOffset":0,"yOffset":49,"xAdvance":31,"rect":{"x":264,"y":87,"width":31,"height":39}},"46":{"xOffset":0,"yOffset":49,"xAdvance":26,"rect":{"x":0,"y":174,"width":26,"height":28}},"48":{"xOffset":0,"yOffset":0,"xAdvance":58,"rect":{"x":61,"y":0,"width":58,"height":77}},"49":{"xOffset":0,"yOffset":0,"xAdvance":38,"rect":{"x":225,"y":87,"width":38,"height":76}},"50":{"xOffset":0,"yOffset":0,"xAdvance":54,"rect":{"x":0,"y":87,"width":54,"height":77}},"51":{"xOffset":0,"yOffset":0,"xAdvance":55,"rect":{"x":234,"y":0,"width":55,"height":77}},"52":{"xOffset":0,"yOffset":1,"xAdvance":60,"rect":{"x":0,"y":0,"width":60,"height":77}},"53":{"xOffset":0,"yOffset":0,"xAdvance":54,"rect":{"x":170,"y":87,"width":54,"height":76}},"54":{"xOffset":0,"yOffset":0,"xAdvance":56,"rect":{"x":113,"y":87,"width":56,"height":76}},"55":{"xOffset":0,"yOffset":0,"xAdvance":57,"rect":{"x":55,"y":87,"width":57,"height":76}},"56":{"xOffset":0,"yOffset":0,"xAdvance":56,"rect":{"x":120,"y":0,"width":56,"height":77}},"57":{"xOffset":0,"yOffset":0,"xAdvance":56,"rect":{"x":177,"y":0,"width":56,"height":77}}},"kerningDict":{}}]],0,0,[0],[0],[0]],[[{"name":"font_sg_caculate_0","rect":{"x":0,"y":0,"width":295,"height":202},"offset":{"x":-2.5,"y":49},"originalSize":{"width":300,"height":300},"rotated":false,"capInsets":[0,0,0,0],"vertices":{"rawPosition":[-147.5,-101,0,147.5,-101,0,-147.5,101,0,147.5,101,0],"indexes":[0,1,2,2,1,3],"uv":[0,300,295,300,0,98,295,98],"nuv":[0,0.32666666666666666,0.9833333333333333,0.32666666666666666,0,1,0.9833333333333333,1],"minPos":{"x":-147.5,"y":-101,"z":0},"maxPos":{"x":147.5,"y":101,"z":0}},"packable":true,"pixelsToUnit":100,"pivot":{"x":0.5,"y":0.5},"meshType":0}],[0],0,[0],[1],[1]]]]
