[1,["1f1739a01@6c48a","018620db-603c-4382-b0ed-184257e303ab@f9941","9a78e23b-2684-4698-9f1b-b64b9269f33e@f9941","3fcd1c49-dd46-48f5-94be-0da33fd6ec6b@f9941","a6f7e09d-bb28-44cc-8324-e01b3936bd33@f9941","5439892c-4ef3-4433-a666-9932a5de3690@f9941","d3596528-9e65-4aec-967a-4d4e818d2dcd@f9941","f4ba4258-e88e-4a0b-9ce2-4935b5a88f4d@f9941","23569360-ed21-44f7-b149-d46dfbfc117b@f9941","e1f345dd-f3f0-4359-ab56-c7f4c408ebcc@f9941"],["_textureSource"],["cc.SpriteFrame","cc.SpriteAtlas"],0,[[[{"name":"icon_xggz_yueliang_s","rect":{"x":3,"y":3,"width":27,"height":34},"offset":{"x":0,"y":0},"originalSize":{"width":27,"height":34},"rotated":false,"capInsets":[0,0,0,0],"packable":true,"pixelsToUnit":100,"pivot":{"x":0.5,"y":0.5},"meshType":0}],[0],0,[0],[0],[0]],[[{"name":"icon_xggz_huang_s","rect":{"x":36,"y":3,"width":23,"height":21},"offset":{"x":0,"y":0},"originalSize":{"width":23,"height":21},"rotated":true,"capInsets":[0,0,0,0],"packable":true,"pixelsToUnit":100,"pivot":{"x":0.5,"y":0.5},"meshType":0}],[0],0,[0],[0],[0]],[[{"name":"icon_xggz_xin_s","rect":{"x":3,"y":82,"width":30,"height":25},"offset":{"x":0,"y":0},"originalSize":{"width":30,"height":25},"rotated":true,"capInsets":[0,0,0,0],"packable":true,"pixelsToUnit":100,"pivot":{"x":0.5,"y":0.5},"meshType":0}],[0],0,[0],[0],[0]],[[{"name":"icon_xggz_lanlv_s","rect":{"x":34,"y":82,"width":23,"height":24},"offset":{"x":0,"y":0},"originalSize":{"width":23,"height":24},"rotated":false,"capInsets":[0,0,0,0],"packable":true,"pixelsToUnit":100,"pivot":{"x":0.5,"y":0.5},"meshType":0}],[0],0,[0],[0],[0]],[[{"name":"icon_xggz_taiyang_s","rect":{"x":3,"y":43,"width":33,"height":27},"offset":{"x":0,"y":0},"originalSize":{"width":33,"height":27},"rotated":true,"capInsets":[0,0,0,0],"packable":true,"pixelsToUnit":100,"pivot":{"x":0.5,"y":0.5},"meshType":0}],[0],0,[0],[0],[0]],[[{"name":"icon_xggz_star_s","rect":{"x":3,"y":118,"width":29,"height":28},"offset":{"x":0,"y":0},"originalSize":{"width":29,"height":28},"rotated":false,"capInsets":[0,0,0,0],"packable":true,"pixelsToUnit":100,"pivot":{"x":0.5,"y":0.5},"meshType":0}],[0],0,[0],[0],[0]],[[{"name":"auto-smallIcon","spriteFrames":["icon_xggz_yueliang_s","018620db-603c-4382-b0ed-184257e303ab@f9941","icon_xggz_taiyang_s","9a78e23b-2684-4698-9f1b-b64b9269f33e@f9941","icon_xggz_xin_s","3fcd1c49-dd46-48f5-94be-0da33fd6ec6b@f9941","icon_xggz_star_s","a6f7e09d-bb28-44cc-8324-e01b3936bd33@f9941","icon_xggz_lanlv_s","5439892c-4ef3-4433-a666-9932a5de3690@f9941","icon_xggz_lv_s","d3596528-9e65-4aec-967a-4d4e818d2dcd@f9941","icon_xggz_hong_s","f4ba4258-e88e-4a0b-9ce2-4935b5a88f4d@f9941","icon_xggz_huang_s","23569360-ed21-44f7-b149-d46dfbfc117b@f9941","icon_xggz_lan_s","e1f345dd-f3f0-4359-ab56-c7f4c408ebcc@f9941"]}],[1],0,[0,0,0,0,0,0,0,0,0],[0,0,0,0,0,0,0,0,0],[1,2,3,4,5,6,7,8,9]],[[{"name":"icon_xggz_lv_s","rect":{"x":38,"y":112,"width":23,"height":24},"offset":{"x":0,"y":0},"originalSize":{"width":23,"height":24},"rotated":false,"capInsets":[0,0,0,0],"packable":true,"pixelsToUnit":100,"pivot":{"x":0.5,"y":0.5},"meshType":0}],[0],0,[0],[0],[0]],[[{"name":"icon_xggz_lan_s","rect":{"x":36,"y":32,"width":22,"height":22},"offset":{"x":0,"y":0},"originalSize":{"width":22,"height":22},"rotated":false,"capInsets":[0,0,0,0],"packable":true,"pixelsToUnit":100,"pivot":{"x":0.5,"y":0.5},"meshType":0}],[0],0,[0],[0],[0]],[[{"name":"icon_xggz_hong_s","rect":{"x":38,"y":142,"width":22,"height":23},"offset":{"x":0,"y":0},"originalSize":{"width":22,"height":23},"rotated":false,"capInsets":[0,0,0,0],"packable":true,"pixelsToUnit":100,"pivot":{"x":0.5,"y":0.5},"meshType":0}],[0],0,[0],[0],[0]]]]
