[1,["1ee86f78e@6c48a","8b15ac29-55a6-43cb-950f-eb07514e0666@f9941","9e3be214-6a7f-47c3-9cdb-f7d9b5c79be3@f9941","40fa62de-e774-42b1-ad79-33331a0a1da4@f9941","55bee651-4cc3-471d-9673-1b7d1bca89c2@f9941","bc5c691b-8d8b-4b22-b17a-c9f73e630666@f9941","5e7bd920-73a7-4530-9ad8-befefea0f3f8@f9941","2baf05b9-3442-4ecc-8c66-a5f2309be8f3@f9941","96b6e35b-1a25-429b-990c-ca8787b72bbc@f9941","7120a2d0-19a1-4b54-b6de-66193c54ba2e@f9941","6ef22b87-02a9-4143-8c6d-15a898473434@f9941","7d3f40e8-a1b0-4496-8031-3d9c3f62dd7b@f9941","e34afb94-90d3-48cb-a3d8-8c6c4f10e3c4@f9941","9f32f74d-dd6f-4f24-a60b-bf1de8de6163@f9941","bb1cf5f9-28a4-41a7-9adc-915d45aef66e@f9941"],["_textureSource"],["cc.SpriteFrame","cc.SpriteAtlas"],0,[[[{"name":"icon_xggz_xin","rect":{"x":104,"y":186,"width":115,"height":94},"offset":{"x":7,"y":-1},"originalSize":{"width":133,"height":142},"rotated":true,"capInsets":[0,0,0,0],"packable":true,"pixelsToUnit":100,"pivot":{"x":0.5,"y":0.5},"meshType":0}],[0],0,[0],[0],[0]],[[{"name":"auto-bigIcon","spriteFrames":["icon_xggz_scatter","8b15ac29-55a6-43cb-950f-eb07514e0666@f9941","icon_xggz_lanxin","9e3be214-6a7f-47c3-9cdb-f7d9b5c79be3@f9941","icon_xggz_lvxin","40fa62de-e774-42b1-ad79-33331a0a1da4@f9941","icon_xggz_hongxin","55bee651-4cc3-471d-9673-1b7d1bca89c2@f9941","icon_xggz_huangxin","bc5c691b-8d8b-4b22-b17a-c9f73e630666@f9941","icon_xggz_yueliang","5e7bd920-73a7-4530-9ad8-befefea0f3f8@f9941","icon_xggz_xin","2baf05b9-3442-4ecc-8c66-a5f2309be8f3@f9941","icon_xggz_lanlv","96b6e35b-1a25-429b-990c-ca8787b72bbc@f9941","icon_xggz_taiyang","7120a2d0-19a1-4b54-b6de-66193c54ba2e@f9941","icon_xggz_star","6ef22b87-02a9-4143-8c6d-15a898473434@f9941","icon_xggz_lv","7d3f40e8-a1b0-4496-8031-3d9c3f62dd7b@f9941","icon_xggz_hong","e34afb94-90d3-48cb-a3d8-8c6c4f10e3c4@f9941","icon_xggz_huang","9f32f74d-dd6f-4f24-a60b-bf1de8de6163@f9941","icon_xggz_lan","bb1cf5f9-28a4-41a7-9adc-915d45aef66e@f9941"]}],[1],0,[0,0,0,0,0,0,0,0,0,0,0,0,0,0],[0,0,0,0,0,0,0,0,0,0,0,0,0,0],[1,2,3,4,5,6,7,8,9,10,11,12,13,14]],[[{"name":"icon_xggz_lvxin","rect":{"x":3,"y":325,"width":133,"height":94},"offset":{"x":0,"y":2},"originalSize":{"width":133,"height":142},"rotated":true,"capInsets":[0,0,0,0],"packable":true,"pixelsToUnit":100,"pivot":{"x":0.5,"y":0.5},"meshType":0}],[0],0,[0],[0],[0]],[[{"name":"icon_xggz_hongxin","rect":{"x":3,"y":464,"width":133,"height":94},"offset":{"x":0,"y":3},"originalSize":{"width":133,"height":142},"rotated":true,"capInsets":[0,0,0,0],"packable":true,"pixelsToUnit":100,"pivot":{"x":0.5,"y":0.5},"meshType":0}],[0],0,[0],[0],[0]],[[{"name":"icon_xggz_yueliang","rect":{"x":103,"y":325,"width":101,"height":121},"offset":{"x":0,"y":10.5},"originalSize":{"width":133,"height":142},"rotated":false,"capInsets":[0,0,0,0],"packable":true,"pixelsToUnit":100,"pivot":{"x":0.5,"y":0.5},"meshType":0}],[0],0,[0],[0],[0]],[[{"name":"icon_xggz_star","rect":{"x":3,"y":871,"width":110,"height":105},"offset":{"x":-0.5,"y":-2.5},"originalSize":{"width":133,"height":142},"rotated":false,"capInsets":[0,0,0,0],"packable":true,"pixelsToUnit":100,"pivot":{"x":0.5,"y":0.5},"meshType":0}],[0],0,[0],[0],[0]],[[{"name":"icon_xggz_taiyang","rect":{"x":3,"y":741,"width":124,"height":103},"offset":{"x":0.5,"y":-3.5},"originalSize":{"width":133,"height":142},"rotated":true,"capInsets":[0,0,0,0],"packable":true,"pixelsToUnit":100,"pivot":{"x":0.5,"y":0.5},"meshType":0}],[0],0,[0],[0],[0]],[[{"name":"icon_xggz_lv","rect":{"x":105,"y":549,"width":86,"height":90},"offset":{"x":-0.5,"y":-2},"originalSize":{"width":133,"height":142},"rotated":false,"capInsets":[0,0,0,0],"packable":true,"pixelsToUnit":100,"pivot":{"x":0.5,"y":0.5},"meshType":0}],[0],0,[0],[0],[0]],[[{"name":"icon_xggz_scatter","rect":{"x":3,"y":3,"width":177,"height":177},"offset":{"x":0,"y":0},"originalSize":{"width":177,"height":177},"rotated":false,"capInsets":[0,0,0,0],"packable":true,"pixelsToUnit":100,"pivot":{"x":0.5,"y":0.5},"meshType":0}],[0],0,[0],[0],[0]],[[{"name":"icon_xggz_lanlv","rect":{"x":103,"y":452,"width":86,"height":91},"offset":{"x":0.5,"y":-0.5},"originalSize":{"width":133,"height":142},"rotated":false,"capInsets":[0,0,0,0],"packable":true,"pixelsToUnit":100,"pivot":{"x":0.5,"y":0.5},"meshType":0}],[0],0,[0],[0],[0]],[[{"name":"icon_xggz_lanxin","rect":{"x":3,"y":186,"width":133,"height":95},"offset":{"x":0,"y":1.5},"originalSize":{"width":133,"height":142},"rotated":true,"capInsets":[0,0,0,0],"packable":true,"pixelsToUnit":100,"pivot":{"x":0.5,"y":0.5},"meshType":0}],[0],0,[0],[0],[0]],[[{"name":"icon_xggz_huang","rect":{"x":112,"y":735,"width":88,"height":81},"offset":{"x":-0.5,"y":-2.5},"originalSize":{"width":133,"height":142},"rotated":true,"capInsets":[0,0,0,0],"packable":true,"pixelsToUnit":100,"pivot":{"x":0.5,"y":0.5},"meshType":0}],[0],0,[0],[0],[0]],[[{"name":"icon_xggz_lan","rect":{"x":119,"y":829,"width":82,"height":85},"offset":{"x":-0.5,"y":1.5},"originalSize":{"width":133,"height":142},"rotated":false,"capInsets":[0,0,0,0],"packable":true,"pixelsToUnit":100,"pivot":{"x":0.5,"y":0.5},"meshType":0}],[0],0,[0],[0],[0]],[[{"name":"icon_xggz_huangxin","rect":{"x":3,"y":603,"width":132,"height":96},"offset":{"x":-0.5,"y":2},"originalSize":{"width":133,"height":142},"rotated":true,"capInsets":[0,0,0,0],"packable":true,"pixelsToUnit":100,"pivot":{"x":0.5,"y":0.5},"meshType":0}],[0],0,[0],[0],[0]],[[{"name":"icon_xggz_hong","rect":{"x":105,"y":645,"width":84,"height":88},"offset":{"x":-0.5,"y":-2},"originalSize":{"width":133,"height":142},"rotated":true,"capInsets":[0,0,0,0],"packable":true,"pixelsToUnit":100,"pivot":{"x":0.5,"y":0.5},"meshType":0}],[0],0,[0],[0],[0]]]]
