[1,["37DUR1VhtLHJ6D5wXX7EAS@6c48a"],["_textureSource"],["cc.SpriteFrame"],0,[{"name":"sea_icon_treasurebox_28","rect":{"x":366,"y":191,"width":60,"height":292},"offset":{"x":140,"y":-81},"originalSize":{"width":512,"height":512},"rotated":false,"capInsets":[0,0,0,0],"vertices":{"rawPosition":[-30,-146,0,30,-146,0,-30,146,0,30,146,0],"indexes":[0,1,2,2,1,3],"uv":[366,321,426,321,366,29,426,29],"nuv":[0.71484375,0.056640625,0.83203125,0.056640625,0.71484375,0.626953125,0.83203125,0.626953125],"minPos":{"x":-30,"y":-146,"z":0},"maxPos":{"x":30,"y":146,"z":0}},"packable":true,"pixelsToUnit":100,"pivot":{"x":0.5,"y":0.5},"meshType":0}],[0],0,[0],[0],[0]]
