[1,["37FgnVR6FPXK2DlXgDleOW@6c48a"],["_textureSource"],["cc.SpriteFrame"],0,[{"name":"sea_icon_treasurebox1_17","rect":{"x":148,"y":72,"width":241,"height":49},"offset":{"x":12.5,"y":159.5},"originalSize":{"width":512,"height":512},"rotated":false,"capInsets":[0,0,0,0],"vertices":{"rawPosition":[-120.5,-24.5,0,120.5,-24.5,0,-120.5,24.5,0,120.5,24.5,0],"indexes":[0,1,2,2,1,3],"uv":[148,440,389,440,148,391,389,391],"nuv":[0.2890625,0.763671875,0.759765625,0.763671875,0.2890625,0.859375,0.759765625,0.859375],"minPos":{"x":-120.5,"y":-24.5,"z":0},"maxPos":{"x":120.5,"y":24.5,"z":0}},"packable":true,"pixelsToUnit":100,"pivot":{"x":0.5,"y":0.5},"meshType":0}],[0],0,[0],[0],[0]]
