[1,["37GFk3FqVH1ICl+StdTV86@6c48a"],["_textureSource"],["cc.SpriteFrame"],0,[{"name":"ocean_pearl_sweep_0","rect":{"x":11,"y":120,"width":22,"height":40},"offset":{"x":-93.5,"y":-38.5},"originalSize":{"width":231,"height":203},"rotated":false,"capInsets":[0,0,0,0],"vertices":{"rawPosition":[-11,-20,0,11,-20,0,-11,20,0,11,20,0],"indexes":[0,1,2,2,1,3],"uv":[11,83,33,83,11,43,33,43],"nuv":[0.047619047619047616,0.21182266009852216,0.14285714285714285,0.21182266009852216,0.047619047619047616,0.4088669950738916,0.14285714285714285,0.4088669950738916],"minPos":{"x":-11,"y":-20,"z":0},"maxPos":{"x":11,"y":20,"z":0}},"packable":true,"pixelsToUnit":100,"pivot":{"x":0.5,"y":0.5},"meshType":0}],[0],0,[0],[0],[0]]
