[1,["88583ded-1a03-4cd7-b2fa-e4ffdc5419e1@f9941","88583ded-1a03-4cd7-b2fa-e4ffdc5419e1@6c48a"],["spriteFrame","_textureSource"],["cc.SpriteFrame",["cc.BitmapFont",["_name","fontSize","fntConfig"],0]],[[1,0,1,2,4]],[[[[0,"shuzi_xiazhucishu",32,{"commonHeight":32,"fontSize":32,"atlasName":"shuzi_xiazhucishu_0.png","fontDefDictionary":{"48":{"xOffset":0,"yOffset":0,"xAdvance":33,"rect":{"x":0,"y":0,"width":33,"height":41}},"49":{"xOffset":0,"yOffset":0,"xAdvance":27,"rect":{"x":228,"y":0,"width":27,"height":41}},"50":{"xOffset":0,"yOffset":0,"xAdvance":33,"rect":{"x":33,"y":0,"width":33,"height":41}},"51":{"xOffset":0,"yOffset":0,"xAdvance":33,"rect":{"x":66,"y":0,"width":33,"height":41}},"52":{"xOffset":0,"yOffset":0,"xAdvance":32,"rect":{"x":132,"y":0,"width":32,"height":41}},"53":{"xOffset":0,"yOffset":0,"xAdvance":32,"rect":{"x":164,"y":0,"width":32,"height":41}},"54":{"xOffset":0,"yOffset":0,"xAdvance":32,"rect":{"x":196,"y":0,"width":32,"height":41}},"55":{"xOffset":0,"yOffset":0,"xAdvance":31,"rect":{"x":32,"y":41,"width":31,"height":41}},"56":{"xOffset":0,"yOffset":0,"xAdvance":32,"rect":{"x":0,"y":41,"width":32,"height":41}},"57":{"xOffset":0,"yOffset":0,"xAdvance":33,"rect":{"x":99,"y":0,"width":33,"height":41}}},"kerningDict":{}}]],0,0,[0],[0],[0]],[[{"name":"shuzi_xiazhucishu_0","rect":{"x":0,"y":0,"width":253,"height":82},"offset":{"x":-1.5,"y":87},"originalSize":{"width":256,"height":256},"rotated":false,"capInsets":[0,0,0,0],"vertices":{"rawPosition":[-126.5,-41,0,126.5,-41,0,-126.5,41,0,126.5,41,0],"indexes":[0,1,2,2,1,3],"uv":[0,256,253,256,0,174,253,174],"nuv":[0,0.6796875,0.98828125,0.6796875,0,1,0.98828125,1],"minPos":{"x":-126.5,"y":-41,"z":0},"maxPos":{"x":126.5,"y":41,"z":0}},"packable":true,"pixelsToUnit":100,"pivot":{"x":0.5,"y":0.5},"meshType":0}],[0],0,[0],[1],[1]]]]
