[1,["114adf0ee@6c48a","3b883f4c-a7f3-406d-b7ae-175434a7b033@f9941","6b5edf12-82dd-4b88-9e0f-44d52ecf6cb3@f9941","b61b0a80-0a79-46c7-8d91-e24182bab1de@f9941","7857f8f4-e92c-43e1-bb2f-e1f0751d9e0c@f9941","b60394b8-de66-443e-917b-3287b745f9b7@f9941","7f43cffc-4703-408f-80b5-5e349c297e05@f9941","e32bcc55-818e-4ad6-a886-720ee2a3d151@f9941","676a804d-b9ba-4ab6-8792-c90d0b04c34d@f9941","6968641d-257d-4c76-89f1-a673b29b19ec@f9941"],["_textureSource"],["cc.SpriteFrame","cc.SpriteAtlas"],0,[[[{"name":"img_introduce_4","rect":{"x":3,"y":302,"width":697,"height":296},"offset":{"x":0,"y":0},"originalSize":{"width":697,"height":296},"rotated":false,"capInsets":[0,0,0,0],"packable":true,"pixelsToUnit":100,"pivot":{"x":0.5,"y":0.5},"meshType":0}],[0],0,[0],[0],[0]],[[{"name":"img_introduce_3","rect":{"x":3,"y":604,"width":684,"height":291},"offset":{"x":0,"y":0},"originalSize":{"width":684,"height":291},"rotated":false,"capInsets":[0,0,0,0],"packable":true,"pixelsToUnit":100,"pivot":{"x":0.5,"y":0.5},"meshType":0}],[0],0,[0],[0],[0]],[[{"name":"img_introduce_2","rect":{"x":3,"y":3,"width":739,"height":293},"offset":{"x":0,"y":0},"originalSize":{"width":739,"height":293},"rotated":false,"capInsets":[0,0,0,0],"packable":true,"pixelsToUnit":100,"pivot":{"x":0.5,"y":0.5},"meshType":0}],[0],0,[0],[0],[0]],[[{"name":"auto-introduce","spriteFrames":["img_introduce_bg","3b883f4c-a7f3-406d-b7ae-175434a7b033@f9941","icon_fenghuang_guize_ye_2","6b5edf12-82dd-4b88-9e0f-44d52ecf6cb3@f9941","icon_fenghuang_guize_ye_1","b61b0a80-0a79-46c7-8d91-e24182bab1de@f9941","img_introduce_inBg","7857f8f4-e92c-43e1-bb2f-e1f0751d9e0c@f9941","img_introduce_in","b60394b8-de66-443e-917b-3287b745f9b7@f9941","img_introduce_1","7f43cffc-4703-408f-80b5-5e349c297e05@f9941","img_introduce_2","e32bcc55-818e-4ad6-a886-720ee2a3d151@f9941","img_introduce_4","676a804d-b9ba-4ab6-8792-c90d0b04c34d@f9941","img_introduce_3","6968641d-257d-4c76-89f1-a673b29b19ec@f9941"]}],[1],0,[0,0,0,0,0,0,0,0,0],[0,0,0,0,0,0,0,0,0],[1,2,3,4,5,6,7,8,9]]]]
