[1,["114adf0ee@6c48a","3biD9Mp/NAbbeuF1Q0p7Az@f9941","6bXt8Sgt1LiJ4PRNUuz2yz@f9941","b6GwqACnlGx42R4kGCurHe@f9941","78V/j06SxD4bsv4fB1HZ4M@f9941","b6A5S43mZEPpF7Moe3Rfm3@f9941","7fQ8/8RwNAj4C1XjScKX4F@f9941","e3K8xVgY5K1qiGcg7io9FR@f9941","67aoBNubpKtoeSyQ0LBMNN@f9941","69aGQdJX1MdonxpnOymxns@f9941"],["_textureSource"],["cc.SpriteFrame","cc.SpriteAtlas"],0,[[[{"name":"img_introduce_4","rect":{"x":3,"y":302,"width":697,"height":296},"offset":{"x":0,"y":0},"originalSize":{"width":697,"height":296},"rotated":false,"capInsets":[0,0,0,0],"packable":true,"pixelsToUnit":100,"pivot":{"x":0.5,"y":0.5},"meshType":0}],[0],0,[0],[0],[0]],[[{"name":"img_introduce_3","rect":{"x":3,"y":604,"width":684,"height":291},"offset":{"x":0,"y":0},"originalSize":{"width":684,"height":291},"rotated":false,"capInsets":[0,0,0,0],"packable":true,"pixelsToUnit":100,"pivot":{"x":0.5,"y":0.5},"meshType":0}],[0],0,[0],[0],[0]],[[{"name":"img_introduce_2","rect":{"x":3,"y":3,"width":739,"height":293},"offset":{"x":0,"y":0},"originalSize":{"width":739,"height":293},"rotated":false,"capInsets":[0,0,0,0],"packable":true,"pixelsToUnit":100,"pivot":{"x":0.5,"y":0.5},"meshType":0}],[0],0,[0],[0],[0]],[[{"name":"auto-introduce","spriteFrames":["img_introduce_bg","3biD9Mp/NAbbeuF1Q0p7Az@f9941","icon_fenghuang_guize_ye_2","6bXt8Sgt1LiJ4PRNUuz2yz@f9941","icon_fenghuang_guize_ye_1","b6GwqACnlGx42R4kGCurHe@f9941","img_introduce_inBg","78V/j06SxD4bsv4fB1HZ4M@f9941","img_introduce_in","b6A5S43mZEPpF7Moe3Rfm3@f9941","img_introduce_1","7fQ8/8RwNAj4C1XjScKX4F@f9941","img_introduce_2","e3K8xVgY5K1qiGcg7io9FR@f9941","img_introduce_4","67aoBNubpKtoeSyQ0LBMNN@f9941","img_introduce_3","69aGQdJX1MdonxpnOymxns@f9941"]}],[1],0,[0,0,0,0,0,0,0,0,0],[0,0,0,0,0,0,0,0,0],[1,2,3,4,5,6,7,8,9]]]]
