[1,["05RmRS9+xPBKESWu/eoCFB@6c48a"],["_textureSource"],["cc.SpriteFrame"],0,[{"name":"ocean_pearlmask","rect":{"x":0,"y":1,"width":204,"height":197},"offset":{"x":0,"y":0.5},"originalSize":{"width":204,"height":200},"rotated":false,"capInsets":[0,0,0,0],"vertices":{"rawPosition":[-102,-98.5,0,102,-98.5,0,-102,98.5,0,102,98.5,0],"indexes":[0,1,2,2,1,3],"uv":[0,199,204,199,0,2,204,2],"nuv":[0,0.01,1,0.01,0,0.995,1,0.995],"minPos":{"x":-102,"y":-98.5,"z":0},"maxPos":{"x":102,"y":98.5,"z":0}},"packable":true,"pixelsToUnit":100,"pivot":{"x":0.5,"y":0.5},"meshType":0}],[0],0,[0],[0],[0]]
