[1,["c0Xo+LqplEnLFe4xE0cZMD@6c48a"],["_textureSource"],["cc.SpriteFrame"],0,[{"name":"ocean_pearl_sweep_1","rect":{"x":3,"y":58,"width":89,"height":134},"offset":{"x":-68,"y":-23.5},"originalSize":{"width":231,"height":203},"rotated":false,"capInsets":[0,0,0,0],"vertices":{"rawPosition":[-44.5,-67,0,44.5,-67,0,-44.5,67,0,44.5,67,0],"indexes":[0,1,2,2,1,3],"uv":[3,145,92,145,3,11,92,11],"nuv":[0.012987012987012988,0.054187192118226604,0.39826839826839827,0.054187192118226604,0.012987012987012988,0.7142857142857143,0.39826839826839827,0.7142857142857143],"minPos":{"x":-44.5,"y":-67,"z":0},"maxPos":{"x":44.5,"y":67,"z":0}},"packable":true,"pixelsToUnit":100,"pivot":{"x":0.5,"y":0.5},"meshType":0}],[0],0,[0],[0],[0]]
