[1,["b5OsI+aIdAca8Teq7jZ4tk@6c48a"],["_textureSource"],["cc.SpriteFrame"],0,[{"name":"common_payline_tips3_7","rect":{"x":22,"y":8,"width":346,"height":286},"offset":{"x":-5,"y":9},"originalSize":{"width":400,"height":320},"rotated":false,"capInsets":[0,0,0,0],"vertices":{"rawPosition":[-173,-143,0,173,-143,0,-173,143,0,173,143,0],"indexes":[0,1,2,2,1,3],"uv":[22,312,368,312,22,26,368,26],"nuv":[0.055,0.08125,0.92,0.08125,0.055,0.975,0.92,0.975],"minPos":{"x":-173,"y":-143,"z":0},"maxPos":{"x":173,"y":143,"z":0}},"packable":true,"pixelsToUnit":100,"pivot":{"x":0.5,"y":0.5},"meshType":0}],[0],0,[0],[0],[0]]
