[1,["b5f1jcaYtCj60Wx36+OVqw@6c48a"],["_textureSource"],["cc.SpriteFrame"],0,[{"name":"4","rect":{"x":0,"y":0,"width":49,"height":65},"offset":{"x":0,"y":0},"originalSize":{"width":49,"height":65},"rotated":false,"capInsets":[0,0,0,0],"vertices":{"rawPosition":[-24.5,-32.5,0,24.5,-32.5,0,-24.5,32.5,0,24.5,32.5,0],"indexes":[0,1,2,2,1,3],"uv":[0,65,49,65,0,0,49,0],"nuv":[0,0,1,0,0,1,1,1],"minPos":{"x":-24.5,"y":-32.5,"z":0},"maxPos":{"x":24.5,"y":32.5,"z":0}},"packable":true,"pixelsToUnit":100,"pivot":{"x":0.5,"y":0.5},"meshType":0}],[0],0,[0],[0],[0]]
