[1,["b57OX1ar5ECqHclqBFBC95@6c48a"],["_textureSource"],["cc.SpriteFrame"],0,[{"name":"you1_es","rect":{"x":0,"y":0,"width":666,"height":781},"offset":{"x":0,"y":0},"originalSize":{"width":666,"height":781},"rotated":false,"capInsets":[0,0,0,0],"vertices":{"rawPosition":[-333,-390.5,0,333,-390.5,0,-333,390.5,0,333,390.5,0],"indexes":[0,1,2,2,1,3],"uv":[0,781,666,781,0,0,666,0],"nuv":[0,0,1,0,0,1,1,1],"minPos":{"x":-333,"y":-390.5,"z":0},"maxPos":{"x":333,"y":390.5,"z":0}},"packable":true,"pixelsToUnit":100,"pivot":{"x":0.5,"y":0.5},"meshType":0}],[0],0,[0],[0],[0]]
