[1,["a6k6xKqyZHNosPDU5kcwJz@f9941","a6k6xKqyZHNosPDU5kcwJz@6c48a"],["spriteFrame","_textureSource"],["cc.SpriteFrame",["cc.BitmapFont",["_name","fontSize","fntConfig"],0]],[[1,0,1,2,4]],[[[[0,"font_jackpot",22,{"commonHeight":16,"fontSize":22,"atlasName":"font_jackpot_0.png","fontDefDictionary":{"44":{"xOffset":0,"yOffset":12,"xAdvance":14,"rect":{"x":0,"y":28,"width":14,"height":15}},"46":{"xOffset":0,"yOffset":12,"xAdvance":14,"rect":{"x":15,"y":28,"width":14,"height":11}},"48":{"xOffset":0,"yOffset":0,"xAdvance":24,"rect":{"x":26,"y":0,"width":24,"height":27}},"49":{"xOffset":0,"yOffset":0,"xAdvance":24,"rect":{"x":125,"y":0,"width":24,"height":26}},"50":{"xOffset":0,"yOffset":0,"xAdvance":23,"rect":{"x":175,"y":0,"width":23,"height":26}},"51":{"xOffset":0,"yOffset":0,"xAdvance":23,"rect":{"x":101,"y":0,"width":23,"height":27}},"52":{"xOffset":0,"yOffset":0,"xAdvance":25,"rect":{"x":223,"y":0,"width":25,"height":25}},"53":{"xOffset":0,"yOffset":0,"xAdvance":23,"rect":{"x":199,"y":0,"width":23,"height":26}},"54":{"xOffset":0,"yOffset":0,"xAdvance":24,"rect":{"x":51,"y":0,"width":24,"height":27}},"55":{"xOffset":0,"yOffset":0,"xAdvance":24,"rect":{"x":150,"y":0,"width":24,"height":26}},"56":{"xOffset":0,"yOffset":0,"xAdvance":24,"rect":{"x":76,"y":0,"width":24,"height":27}},"57":{"xOffset":0,"yOffset":0,"xAdvance":25,"rect":{"x":0,"y":0,"width":25,"height":27}}},"kerningDict":{}}]],0,0,[0],[0],[0]],[[{"name":"font_jackpot_0","rect":{"x":0,"y":0,"width":248,"height":43},"offset":{"x":-4,"y":106.5},"originalSize":{"width":256,"height":256},"rotated":false,"capInsets":[0,0,0,0],"vertices":{"rawPosition":[-124,-21.5,0,124,-21.5,0,-124,21.5,0,124,21.5,0],"indexes":[0,1,2,2,1,3],"uv":[0,256,248,256,0,213,248,213],"nuv":[0,0.83203125,0.96875,0.83203125,0,1,0.96875,1],"minPos":{"x":-124,"y":-21.5,"z":0},"maxPos":{"x":124,"y":21.5,"z":0}},"packable":true,"pixelsToUnit":100,"pivot":{"x":0.5,"y":0.5},"meshType":0}],[0],0,[0],[1],[1]]]]
