[1,["e7e336a9-8b9d-47d1-8c40-0a13aa5d7bf3@6c48a"],0,[["sp.SkeletonData",["_name","_atlasText","textureNames","_skeletonJson","textures"],-1,3]],[[0,0,1,2,3,4,5]],[[0,"lansetubiaodonghua","\r\nlansetubiaodonghua.png\r\nsize: 256,256\r\nformat: RGBA8888\r\nfilter: Linear,Linear\r\nrepeat: none\r\nSGJtubiaolanse\r\n  rotate: false\r\n  xy: 2, 58\r\n  size: 150, 130\r\n  orig: 150, 130\r\n  offset: 0, 0\r\n  index: -1\r\nsaoguang\r\n  rotate: true\r\n  xy: 2, 2\r\n  size: 54, 177\r\n  orig: 54, 177\r\n  offset: 0, 0\r\n  index: -1\r\n",["lansetubiaodonghua.png"],{"skeleton":{"hash":"6SSGi/S9lQ6FRKdQKQojf+zC11k","spine":"3.6.53","width":163.34,"height":163.34,"images":""},"bones":[{"name":"root"},{"name":"guge","parent":"root"},{"name":"guge2","parent":"guge"},{"name":"guge3","parent":"guge"}],"slots":[{"name":"lansetubiaodonghua","bone":"guge","attachment":"SGJtubiaolanse"},{"name":"caijian","bone":"guge3","attachment":"caijian"},{"name":"saoguang","bone":"guge2","color":"b9d2ff6f","attachment":"saoguang","blend":"additive"}],"skins":{"default":{"caijian":{"caijian":{"type":"clipping","end":"caijian","vertexCount":6,"color":"ce3a3aff","vertices":[-60.1,-14.61,-60.16,18.31,50.54,18.18,60.91,18.2,60.88,-7.22,60.52,-15.59]}},"lansetubiaodonghua":{"SGJtubiaolanse":{"width":150,"height":130}},"saoguang":{"saoguang":{"x":2,"y":10.14,"rotation":45,"width":54,"height":177}}}},"animations":{"animation":{"bones":{"guge":{"rotate":[{"time":0,"angle":0},{"time":0.3333,"angle":5.04},{"time":1,"angle":-6.36},{"time":1.3333,"angle":0}],"scale":[{"time":0,"x":1,"y":1},{"time":0.3333,"x":1.1,"y":1.1,"curve":"stepped"},{"time":1,"x":1.1,"y":1.1},{"time":1.3333,"x":1,"y":1}]},"guge2":{"translate":[{"time":0,"x":-109.47,"y":0,"curve":"stepped"},{"time":0.3333,"x":-109.47,"y":0},{"time":1,"x":63.01,"y":19.22,"curve":"stepped"},{"time":1.3333,"x":63.01,"y":19.22}]}}}}},[0]]],0,0,[0],[-1],[0]]
