[1,["5d0JknnwxAU5Upk4TU0vyI@6c48a"],["_textureSource"],["cc.SpriteFrame"],0,[{"name":"common_payline_tips3_14","rect":{"x":28,"y":20,"width":348,"height":291},"offset":{"x":2,"y":-5.5},"originalSize":{"width":400,"height":320},"rotated":false,"capInsets":[0,0,0,0],"vertices":{"rawPosition":[-174,-145.5,0,174,-145.5,0,-174,145.5,0,174,145.5,0],"indexes":[0,1,2,2,1,3],"uv":[28,300,376,300,28,9,376,9],"nuv":[0.07,0.028125,0.94,0.028125,0.07,0.9375,0.94,0.9375],"minPos":{"x":-174,"y":-145.5,"z":0},"maxPos":{"x":174,"y":145.5,"z":0}},"packable":true,"pixelsToUnit":100,"pivot":{"x":0.5,"y":0.5},"meshType":0}],[0],0,[0],[0],[0]]
