[1,["5d/SKrMUJCbLaDskj/aZKX@6c48a"],["_textureSource"],["cc.SpriteFrame"],0,[{"name":"ocean_newjk01_04","rect":{"x":49,"y":82,"width":926,"height":91},"offset":{"x":0,"y":0.5},"originalSize":{"width":1024,"height":256},"rotated":false,"capInsets":[0,0,0,0],"vertices":{"rawPosition":[-463,-45.5,0,463,-45.5,0,-463,45.5,0,463,45.5,0],"indexes":[0,1,2,2,1,3],"uv":[49,174,975,174,49,83,975,83],"nuv":[0.0478515625,0.32421875,0.9521484375,0.32421875,0.0478515625,0.6796875,0.9521484375,0.6796875],"minPos":{"x":-463,"y":-45.5,"z":0},"maxPos":{"x":463,"y":45.5,"z":0}},"packable":true,"pixelsToUnit":100,"pivot":{"x":0.5,"y":0.5},"meshType":0}],[0],0,[0],[0],[0]]
