[1,["69e92189-d14e-46a7-9e88-0aebd80d813d@6c48a"],["_textureSource"],["cc.SpriteFrame"],0,[{"name":"baicai","rect":{"x":0,"y":0,"width":120,"height":128},"offset":{"x":0,"y":0},"originalSize":{"width":120,"height":128},"rotated":false,"capInsets":[0,0,0,0],"vertices":{"rawPosition":[-60,-64,0,60,-64,0,-60,64,0,60,64,0],"indexes":[0,1,2,2,1,3],"uv":[0,128,120,128,0,0,120,0],"nuv":[0,0,1,0,0,1,1,1],"minPos":{"x":-60,"y":-64,"z":0},"maxPos":{"x":60,"y":64,"z":0}},"packable":true,"pixelsToUnit":100,"pivot":{"x":0.5,"y":0.5},"meshType":0}],[0],0,[0],[0],[0]]
