[1,["80ZBeP17ZKN5Dmv9TuV5cC@6c48a"],["_textureSource"],["cc.SpriteFrame"],0,[{"name":"icon_lztb_tubiao_jp3","rect":{"x":0,"y":0,"width":144,"height":126},"offset":{"x":0,"y":0},"originalSize":{"width":144,"height":126},"rotated":false,"capInsets":[0,0,0,0],"vertices":{"rawPosition":[-72,-63,0,72,-63,0,-72,63,0,72,63,0],"indexes":[0,1,2,2,1,3],"uv":[0,126,144,126,0,0,144,0],"nuv":[0,0,1,0,0,1,1,1],"minPos":{"x":-72,"y":-63,"z":0},"maxPos":{"x":72,"y":63,"z":0}},"packable":true,"pixelsToUnit":100,"pivot":{"x":0.5,"y":0.5},"meshType":0}],[0],0,[0],[0],[0]]
