[1,["14LMIipvpPcIGT4zm5qx2L@6c48a"],["_textureSource"],["cc.SpriteFrame"],0,[{"name":"bg_starlight_operate_lian_zhuagnsitiao","rect":{"x":0,"y":0,"width":1414,"height":55},"offset":{"x":0,"y":0},"originalSize":{"width":1414,"height":55},"rotated":false,"capInsets":[300,0,300,0],"vertices":{"rawPosition":[-707,-27.5,0,707,-27.5,0,-707,27.5,0,707,27.5,0],"indexes":[0,1,2,2,1,3],"uv":[0,55,1414,55,0,0,1414,0],"nuv":[0,0,1,0,0,1,1,1],"minPos":{"x":-707,"y":-27.5,"z":0},"maxPos":{"x":707,"y":27.5,"z":0}},"packable":true,"pixelsToUnit":100,"pivot":{"x":0.5,"y":0.5},"meshType":0}],[0],0,[0],[0],[0]]
