[1,["90HJ530g5Fn47kHRWTNAvU@6c48a"],0,[["sp.SkeletonData",["_name","_atlasText","textureNames","_skeletonJson","textures"],-1,3]],[[0,0,1,2,3,4,5]],[[0,"thor_icon_5","\r\nthor_icon_5.png\r\nsize: 2048,2048\r\nformat: RGBA8888\r\nfilter: Linear,Linear\r\nrepeat: none\r\nboom/thor_boom_00002\r\n  rotate: false\r\n  xy: 364, 1512\r\n  size: 300, 300\r\n  orig: 300, 300\r\n  offset: 0, 0\r\n  index: -1\r\nboom/thor_boom_00004\r\n  rotate: false\r\n  xy: 666, 1512\r\n  size: 300, 300\r\n  orig: 300, 300\r\n  offset: 0, 0\r\n  index: -1\r\nboom/thor_boom_00006\r\n  rotate: false\r\n  xy: 968, 1512\r\n  size: 300, 300\r\n  orig: 300, 300\r\n  offset: 0, 0\r\n  index: -1\r\nboom/thor_boom_00008\r\n  rotate: false\r\n  xy: 1270, 1512\r\n  size: 300, 300\r\n  orig: 300, 300\r\n  offset: 0, 0\r\n  index: -1\r\nboom/thor_boom_00010\r\n  rotate: false\r\n  xy: 1572, 1512\r\n  size: 300, 300\r\n  orig: 300, 300\r\n  offset: 0, 0\r\n  index: -1\r\nboom/thor_boom_00012\r\n  rotate: false\r\n  xy: 2, 1332\r\n  size: 300, 300\r\n  orig: 300, 300\r\n  offset: 0, 0\r\n  index: -1\r\nboom/thor_boom_00014\r\n  rotate: false\r\n  xy: 304, 1210\r\n  size: 300, 300\r\n  orig: 300, 300\r\n  offset: 0, 0\r\n  index: -1\r\nboom/thor_boom_00016\r\n  rotate: false\r\n  xy: 606, 1210\r\n  size: 300, 300\r\n  orig: 300, 300\r\n  offset: 0, 0\r\n  index: -1\r\nboom/thor_boom_00018\r\n  rotate: false\r\n  xy: 908, 1210\r\n  size: 300, 300\r\n  orig: 300, 300\r\n  offset: 0, 0\r\n  index: -1\r\nboom/thor_boom_00020\r\n  rotate: false\r\n  xy: 1210, 1210\r\n  size: 300, 300\r\n  orig: 300, 300\r\n  offset: 0, 0\r\n  index: -1\r\nboom/thor_boom_00022\r\n  rotate: false\r\n  xy: 1512, 1210\r\n  size: 300, 300\r\n  orig: 300, 300\r\n  offset: 0, 0\r\n  index: -1\r\nboom/thor_boom_00024\r\n  rotate: false\r\n  xy: 2, 1030\r\n  size: 300, 300\r\n  orig: 300, 300\r\n  offset: 0, 0\r\n  index: -1\r\nboom/thor_boom_00026\r\n  rotate: false\r\n  xy: 304, 908\r\n  size: 300, 300\r\n  orig: 300, 300\r\n  offset: 0, 0\r\n  index: -1\r\nboom/thor_boom_00028\r\n  rotate: false\r\n  xy: 606, 908\r\n  size: 300, 300\r\n  orig: 300, 300\r\n  offset: 0, 0\r\n  index: -1\r\nboom/thor_boom_00030\r\n  rotate: false\r\n  xy: 908, 908\r\n  size: 300, 300\r\n  orig: 300, 300\r\n  offset: 0, 0\r\n  index: -1\r\nboom_s/thor_boom_s_00012\r\n  rotate: false\r\n  xy: 1210, 908\r\n  size: 300, 300\r\n  orig: 300, 300\r\n  offset: 0, 0\r\n  index: -1\r\nboom_s/thor_boom_s_00014\r\n  rotate: false\r\n  xy: 1512, 908\r\n  size: 300, 300\r\n  orig: 300, 300\r\n  offset: 0, 0\r\n  index: -1\r\nboom_s/thor_boom_s_00016\r\n  rotate: false\r\n  xy: 2, 728\r\n  size: 300, 300\r\n  orig: 300, 300\r\n  offset: 0, 0\r\n  index: -1\r\nboom_s/thor_boom_s_00018\r\n  rotate: false\r\n  xy: 304, 606\r\n  size: 300, 300\r\n  orig: 300, 300\r\n  offset: 0, 0\r\n  index: -1\r\nboom_s/thor_boom_s_00020\r\n  rotate: false\r\n  xy: 606, 606\r\n  size: 300, 300\r\n  orig: 300, 300\r\n  offset: 0, 0\r\n  index: -1\r\nboom_s/thor_boom_s_00022\r\n  rotate: false\r\n  xy: 908, 606\r\n  size: 300, 300\r\n  orig: 300, 300\r\n  offset: 0, 0\r\n  index: -1\r\nboom_s/thor_boom_s_00024\r\n  rotate: false\r\n  xy: 1210, 606\r\n  size: 300, 300\r\n  orig: 300, 300\r\n  offset: 0, 0\r\n  index: -1\r\nboom_s/thor_boom_s_00026\r\n  rotate: false\r\n  xy: 1512, 606\r\n  size: 300, 300\r\n  orig: 300, 300\r\n  offset: 0, 0\r\n  index: -1\r\nboom_s/thor_boom_s_00028\r\n  rotate: false\r\n  xy: 2, 426\r\n  size: 300, 300\r\n  orig: 300, 300\r\n  offset: 0, 0\r\n  index: -1\r\nboom_s/thor_boom_s_00030\r\n  rotate: false\r\n  xy: 304, 304\r\n  size: 300, 300\r\n  orig: 300, 300\r\n  offset: 0, 0\r\n  index: -1\r\nboom_s/thor_boom_s_00032\r\n  rotate: false\r\n  xy: 606, 304\r\n  size: 300, 300\r\n  orig: 300, 300\r\n  offset: 0, 0\r\n  index: -1\r\nboom_s/thor_boom_s_00034\r\n  rotate: false\r\n  xy: 908, 304\r\n  size: 300, 300\r\n  orig: 300, 300\r\n  offset: 0, 0\r\n  index: -1\r\nboom_s/thor_boom_s_00036\r\n  rotate: false\r\n  xy: 1210, 304\r\n  size: 300, 300\r\n  orig: 300, 300\r\n  offset: 0, 0\r\n  index: -1\r\nboom_s/thor_boom_s_00038\r\n  rotate: false\r\n  xy: 1512, 304\r\n  size: 300, 300\r\n  orig: 300, 300\r\n  offset: 0, 0\r\n  index: -1\r\nboom_s/thor_boom_s_00040\r\n  rotate: false\r\n  xy: 2, 124\r\n  size: 300, 300\r\n  orig: 300, 300\r\n  offset: 0, 0\r\n  index: -1\r\nboom_s/thor_boom_s_00042\r\n  rotate: false\r\n  xy: 304, 2\r\n  size: 300, 300\r\n  orig: 300, 300\r\n  offset: 0, 0\r\n  index: -1\r\nboom_s/thor_boom_s_00044\r\n  rotate: false\r\n  xy: 606, 2\r\n  size: 300, 300\r\n  orig: 300, 300\r\n  offset: 0, 0\r\n  index: -1\r\nboom_s/thor_boom_s_00046\r\n  rotate: false\r\n  xy: 908, 2\r\n  size: 300, 300\r\n  orig: 300, 300\r\n  offset: 0, 0\r\n  index: -1\r\nboom_s/thor_boom_s_00048\r\n  rotate: false\r\n  xy: 1210, 2\r\n  size: 300, 300\r\n  orig: 300, 300\r\n  offset: 0, 0\r\n  index: -1\r\nthor_anina_icon_5_1\r\n  rotate: false\r\n  xy: 2, 1634\r\n  size: 179, 178\r\n  orig: 179, 178\r\n  offset: 0, 0\r\n  index: -1\r\nthor_anina_icon_5_2\r\n  rotate: false\r\n  xy: 183, 1634\r\n  size: 179, 178\r\n  orig: 179, 178\r\n  offset: 0, 0\r\n  index: -1\r\n",["thor_icon_5.png"],{"skeleton":{"hash":"6h2cHA3Dbz/Lr3Rp4NrdyQw2acs","spine":"3.8.99","x":-149.97,"y":-147.25,"width":300,"height":300,"images":"E:/新版UI/奥林匹斯/动画源文件/tu/hong","audio":"E:\\新版UI\\奥林匹斯\\动画\\图标\\hong"},"bones":[{"name":"root"},{"name":"thor_anina_icon_1","parent":"root","scaleX":0.6,"scaleY":0.6,"color":"ff15a0ff"},{"name":"bone","parent":"thor_anina_icon_1","x":0.59,"y":-131.56,"color":"abe323ff"},{"name":"bone2","parent":"thor_anina_icon_1","x":90.76,"y":-130.85},{"name":"boom","parent":"root","length":11.32,"rotation":90,"x":0.03,"y":2.75},{"name":"boom_s","parent":"thor_anina_icon_1","x":-14.58,"y":6.67,"scaleX":0.8,"scaleY":0.8,"color":"ff15a0ff"},{"name":"thor_anina_icon_2","parent":"thor_anina_icon_1","x":2.21,"color":"ff3131ff"}],"slots":[{"name":"boom","bone":"boom","attachment":"boom/thor_boom_00030"},{"name":"thor_anina_icon_2","bone":"thor_anina_icon_2","attachment":"thor_anina_icon_5_2"},{"name":"thor_anina_icon_1","bone":"thor_anina_icon_1","attachment":"thor_anina_icon_5_1"},{"name":"boom_s","bone":"boom_s","color":"ffffff34","attachment":"boom_s/thor_boom_s_00044","blend":"additive"}],"transform":[{"name":"bh1","target":"bone","local":true,"x":90.17,"y":0.71,"rotateMix":-0.505,"translateMix":-0.505,"scaleMix":-0.505,"shearMix":-0.505,"bones":["bone2"]}],"skins":[{"name":"default","attachments":{"boom":{"boom/thor_boom_00002":{"width":300,"height":300},"boom/thor_boom_00004":{"width":300,"height":300},"boom/thor_boom_00006":{"width":300,"height":300},"boom/thor_boom_00008":{"width":300,"height":300},"boom/thor_boom_00010":{"width":300,"height":300},"boom/thor_boom_00012":{"width":300,"height":300},"boom/thor_boom_00014":{"width":300,"height":300},"boom/thor_boom_00016":{"width":300,"height":300},"boom/thor_boom_00018":{"width":300,"height":300},"boom/thor_boom_00020":{"width":300,"height":300},"boom/thor_boom_00022":{"width":300,"height":300},"boom/thor_boom_00024":{"width":300,"height":300},"boom/thor_boom_00026":{"width":300,"height":300},"boom/thor_boom_00028":{"width":300,"height":300},"boom/thor_boom_00030":{"width":300,"height":300}},"boom_s":{"boom_s/thor_boom_s_00012":{"width":300,"height":300},"boom_s/thor_boom_s_00014":{"width":300,"height":300},"boom_s/thor_boom_s_00016":{"width":300,"height":300},"boom_s/thor_boom_s_00018":{"width":300,"height":300},"boom_s/thor_boom_s_00020":{"width":300,"height":300},"boom_s/thor_boom_s_00022":{"width":300,"height":300},"boom_s/thor_boom_s_00024":{"width":300,"height":300},"boom_s/thor_boom_s_00026":{"width":300,"height":300},"boom_s/thor_boom_s_00028":{"width":300,"height":300},"boom_s/thor_boom_s_00030":{"width":300,"height":300},"boom_s/thor_boom_s_00032":{"width":300,"height":300},"boom_s/thor_boom_s_00034":{"width":300,"height":300},"boom_s/thor_boom_s_00036":{"width":300,"height":300},"boom_s/thor_boom_s_00038":{"width":300,"height":300},"boom_s/thor_boom_s_00040":{"width":300,"height":300},"boom_s/thor_boom_s_00042":{"width":300,"height":300},"boom_s/thor_boom_s_00044":{"width":300,"height":300},"boom_s/thor_boom_s_00046":{"width":300,"height":300},"boom_s/thor_boom_s_00048":{"width":300,"height":300}},"thor_anina_icon_1":{"thor_anina_icon_5_1":{"type":"mesh","hull":30,"width":179,"height":178,"uvs":[0.47552,0.97726,0.31166,0.85415,0.15062,0.73315,0.03226,0.64423,0.01849,0.62439,0.0196,0.55978,0.06486,0.41372,0.05033,0.37462,0.05089,0.33922,0.06094,0.30439,0.08441,0.2763,0.12128,0.25158,0.13357,0.2082,0.20182,0.0078,0.79234,0.00964,0.81436,0.04026,0.86728,0.19582,0.87865,0.22923,0.89215,0.2689,0.92938,0.29531,0.96328,0.3421,0.96461,0.4016,0.94732,0.43637,0.98455,0.55069,0.98256,0.57943,0.98256,0.63158,0.86942,0.71664,0.69215,0.8499,0.52234,0.97757,0.49907,0.98091,0.50255,0.92222,0.04221,0.58851,0.03579,0.55983,0.07302,0.52316,0.10189,0.36576,0.10273,0.34738,0.12091,0.33126,0.13376,0.34692,0.14864,0.35565,0.09986,0.52027,0.18763,0.35522,0.22202,0.33664,0.23921,0.30975,0.23539,0.27452,0.22711,0.25915,0.24367,0.2457,0.24304,0.20471,0.21501,0.17525,0.2303,0.12786,0.34411,0.2197,0.20419,0.08431,0.27424,0.04652,0.31373,0.12017,0.21715,0.03624,0.65141,0.21728,0.76022,0.51571,0.5012,0.69809,0.25483,0.51421,0.13329,0.58578,0.46507,0.83133,0.53953,0.83243,0.12281,0.54171,0.50199,0.82923,0.9149,0.51835,0.96218,0.55858,0.91611,0.5854,0.82761,0.57199,0.77063,0.54029,0.8806,0.55079,0.50427,0.43299,0.43819,0.34672,0.56814,0.34161,0.62368,0.47159,0.50271,0.56787,0.3797,0.47355,0.72458,0.05194,0.78169,0.10779,0.78169,0.03599,0.72621,0.11541,0.27515,0.12153,0.80374,0.18387,0.81301,0.21982,0.82493,0.25577,0.862,0.37294,0.81134,0.37339,0.77804,0.34827,0.76639,0.31479,0.77554,0.28298,0.79635,0.26373,0.76056,0.25368,0.76389,0.22522,0.77887,0.19928,0.83381,0.18337,0.83548,0.23276,0.86211,0.22522,0.83714,0.21099,0.78304,0.22522,0.84297,0.30809,0.88376,0.34241,0.90873,0.36334,0.91206,0.38092,0.92454,0.41608,0.93537,0.40436,0.92538,0.34827,0.88792,0.31144,0.85878,0.25452,0.87377,0.28633,0.81716,0.28298,0.80551,0.30642,0.82549,0.32735,0.85629,0.34827,0.85712,0.32818,0.95792,0.59209,0.6817,0.79235,0.87186,0.65449,0.14456,0.66271,0.30054,0.77578,0.12159,0.44691,0.3059,0.36261,0.69731,0.35034,0.64024,0.6002,0.36812,0.59876,0.47891,0.22106,0.48677,0.04908,0.69589,0.11676,0.73166,0.14983,0.28103,0.1688],"triangles":[124,123,75,84,110,83,84,109,110,83,110,98,88,96,81,88,81,82,89,96,88,96,90,91,91,80,81,81,96,91,81,80,92,82,81,93,80,125,76,125,78,76,76,77,15,54,124,78,79,51,52,117,38,40,61,117,57,35,36,37,11,12,44,36,11,44,120,66,60,85,108,109,116,2,115,3,31,115,31,58,115,58,121,59,60,62,56,116,58,59,113,65,114,65,60,66,63,68,55,68,63,64,108,107,97,76,15,92,93,81,95,48,50,79,53,51,79,79,50,53,36,10,11,34,8,35,6,7,34,33,34,37,33,37,117,39,33,117,61,33,39,31,61,58,5,32,31,4,5,31,12,13,50,50,13,53,9,10,36,105,107,82,109,108,97,111,97,106,104,111,106,99,98,103,35,8,9,105,93,94,105,17,18,106,105,18,104,106,18,103,104,19,102,100,103,21,102,103,22,102,21,24,64,23,112,24,25,26,114,25,103,20,21,94,16,17,104,18,19,103,19,20,105,94,17,94,95,16,98,104,103,100,99,103,95,92,16,16,92,15,93,95,94,81,92,95,27,113,26,7,8,34,63,22,23,64,63,23,112,64,24,114,112,25,98,111,104,110,111,98,83,98,99,97,105,106,82,93,105,97,107,105,109,97,111,110,109,111,13,14,51,13,51,53,3,4,31,2,116,1,34,32,6,32,5,6,34,33,32,31,32,61,61,32,33,58,61,57,39,117,61,36,35,9,37,34,35,108,87,107,83,99,100,112,65,64,65,68,64,63,101,22,63,83,101,66,68,65,114,65,112,26,113,114,60,65,113,62,59,56,58,116,115,2,3,115,28,29,30,29,0,30,28,30,27,59,62,30,30,116,59,30,1,116,30,62,60,27,30,113,0,1,30,30,60,113,101,100,102,101,83,100,101,102,22,117,37,38,43,41,44,43,44,45,42,41,43,12,47,44,47,50,48,12,50,47,14,123,51,52,51,123,60,56,120,56,59,121,77,14,15,14,75,123,77,75,14,76,78,77,77,78,75,92,80,76,54,78,125,91,125,80,54,125,90,90,125,91,89,90,96,107,88,82,107,87,88,63,55,83,124,75,78,86,87,108,119,89,86,47,48,126,48,79,126,44,40,36,40,37,36,38,37,40,41,42,118,68,67,55,58,57,121,56,121,73,49,126,79,46,47,126,54,123,124,122,49,52,123,122,52,49,79,52,54,122,123,49,45,46,49,46,126,71,122,54,70,49,122,70,122,71,119,86,85,71,54,119,45,49,43,118,49,70,118,42,49,69,70,71,72,71,119,69,71,72,74,118,70,74,70,69,118,40,41,57,118,74,57,40,118,55,119,85,55,85,84,72,119,55,55,84,83,57,117,40,73,74,69,73,69,72,120,72,55,120,55,67,73,72,120,56,73,120,66,120,67,121,57,74,121,74,73,66,67,68,49,42,43,44,47,46,44,41,40,44,46,45,119,54,89,84,85,109,85,86,108,89,54,90,86,89,87,87,89,88],"vertices":[2,2,-4.97,46.61,0.30035,3,-95.14,45.9,0.69965,2,2,-34.31,68.52,0.28243,3,-124.48,67.81,0.71757,2,2,-63.13,90.06,0.28025,3,-153.3,89.35,0.71975,2,2,-84.32,105.89,0.3328,3,-174.49,105.18,0.6672,2,2,-86.78,109.42,0.32766,3,-176.95,108.71,0.67234,2,2,-86.58,120.92,0.3595,3,-176.75,120.21,0.6405,2,2,-78.48,146.92,0.35775,3,-168.65,146.21,0.64225,2,2,-81.08,153.88,0.34353,3,-171.25,153.17,0.65647,2,2,-80.98,160.18,0.40497,3,-171.15,159.47,0.59503,2,2,-79.18,166.38,0.39397,3,-169.35,165.67,0.60603,2,2,-74.98,171.38,0.38505,3,-165.15,170.67,0.61495,2,2,-68.38,175.78,0.45468,3,-158.55,175.07,0.54532,2,2,-66.18,183.5,0.47889,3,-156.35,182.79,0.52111,2,2,-53.97,219.17,0.34546,3,-144.14,218.46,0.65454,2,2,51.73,218.84,0.14429,3,-38.43,218.13,0.85571,2,2,55.68,213.39,0.33657,3,-34.49,212.68,0.66343,2,2,65.15,185.7,0.19741,3,-25.02,184.99,0.80259,2,2,67.18,179.76,0.34058,3,-22.99,179.05,0.65942,2,2,69.6,172.69,0.23175,3,-20.57,171.98,0.76825,2,2,76.26,167.99,0.33956,3,-13.91,167.28,0.66044,2,2,82.33,159.66,0.32512,3,-7.84,158.95,0.67488,2,2,82.57,149.07,0.25278,3,-7.6,148.36,0.74722,2,2,79.48,142.89,0.20393,3,-10.69,142.18,0.79607,2,2,86.14,122.54,0.17828,3,-4.03,121.83,0.82172,2,2,85.78,117.42,0.35904,3,-4.39,116.71,0.64096,2,2,85.78,108.14,0.24458,3,-4.39,107.43,0.75542,2,2,65.53,93,0.33889,3,-24.64,92.29,0.66111,2,2,33.8,69.28,0.44402,3,-56.37,68.57,0.55598,2,2,3.4,46.55,0.27749,3,-86.77,45.84,0.72251,2,2,-0.76,45.96,0.2924,3,-90.93,45.25,0.7076,2,2,-0.14,56.4,0.25975,3,-90.31,55.69,0.74025,2,2,-82.54,115.8,0.342,3,-172.71,115.09,0.658,2,2,-83.69,120.91,0.32093,3,-173.86,120.2,0.67907,2,2,-77.02,127.44,0.36756,3,-167.19,126.73,0.63244,2,2,-71.86,155.45,0.37311,3,-162.03,154.74,0.62689,2,2,-71.7,158.72,0.44587,3,-161.87,158.01,0.55413,2,2,-68.45,161.59,0.47524,3,-158.62,160.88,0.52476,2,2,-66.15,158.81,0.54002,3,-156.32,158.1,0.45998,2,2,-63.49,157.25,0.47611,3,-153.66,156.54,0.52389,2,2,-72.22,127.95,0.3806,3,-162.39,127.24,0.6194,2,2,-56.51,157.33,0.58321,3,-146.68,156.62,0.41679,2,2,-50.35,160.64,0.5489,3,-140.52,159.93,0.4511,2,2,-47.27,165.42,0.51064,3,-137.44,164.71,0.48936,2,2,-47.96,171.69,0.4099,3,-138.13,170.98,0.5901,2,2,-49.44,174.43,0.46115,3,-139.61,173.72,0.53885,2,2,-46.48,176.82,0.586,3,-136.65,176.11,0.414,2,2,-46.59,184.12,0.58934,3,-136.76,183.41,0.41066,2,2,-51.61,189.36,0.4547,3,-141.78,188.65,0.5453,2,2,-48.87,197.8,0.5211,3,-139.04,197.09,0.4789,2,2,-28.5,181.45,0.72295,3,-118.67,180.74,0.27705,2,2,-53.54,205.55,0.42512,3,-143.71,204.84,0.57488,2,2,-41,212.28,0.4086,3,-131.17,211.57,0.5914,2,2,-33.94,199.17,0.45549,3,-124.11,198.46,0.54451,2,2,-51.22,214.11,0.45271,3,-141.39,213.4,0.54729,2,2,26.51,181.88,0.50374,3,-63.66,181.17,0.49626,2,2,45.99,128.76,0.71,3,-44.18,128.05,0.29,2,2,-0.38,96.3,0.4188,3,-90.55,95.59,0.5812,2,2,-44.48,129.03,0.58792,3,-134.65,128.32,0.41208,2,2,-66.23,116.29,0.38598,3,-156.4,115.58,0.61402,2,2,-6.85,72.58,0.34213,3,-97.02,71.87,0.65787,2,2,6.48,72.39,0.29851,3,-83.69,71.68,0.70149,2,2,-68.11,124.14,0.45685,3,-158.28,123.43,0.54315,2,2,-0.24,72.96,0.34895,3,-90.41,72.25,0.65105,2,2,73.67,128.29,0.37936,3,-16.5,127.58,0.62064,2,2,82.14,121.13,0.28504,3,-8.03,120.42,0.71496,2,2,73.89,116.36,0.41359,3,-16.28,115.65,0.58641,2,2,58.05,118.75,0.51751,3,-32.12,118.04,0.48249,2,2,47.85,124.39,0.68759,3,-42.32,123.68,0.31241,2,2,67.53,122.52,0.29493,3,-22.64,121.81,0.70507,2,2,0.17,143.49,0.9,3,-90,142.78,0.1,2,2,-11.66,158.84,0.9159,3,-101.83,158.13,0.0841,2,2,11.6,159.75,0.78211,3,-78.57,159.04,0.21789,2,2,21.55,136.62,0.95,3,-68.62,135.91,0.05,2,2,-0.11,119.48,0.71604,3,-90.28,118.77,0.28396,2,2,-22.13,136.27,0.94565,3,-112.3,135.56,0.05435,2,2,39.61,211.31,0.33784,3,-50.56,210.6,0.66216,2,2,49.83,201.37,0.32252,3,-40.34,200.66,0.67748,2,2,49.83,214.15,0.37349,3,-40.34,213.44,0.62651,2,2,39.9,200.02,0.47394,3,-50.27,199.31,0.52606,2,2,-40.84,198.93,0.45546,3,-131.01,198.22,0.54454,2,2,53.78,187.83,0.37963,3,-36.39,187.12,0.62037,2,2,55.44,181.43,0.38584,3,-34.73,180.72,0.61416,2,2,57.57,175.03,0.45999,3,-32.6,174.32,0.54001,2,2,64.2,154.18,0.37211,3,-25.97,153.47,0.62789,2,2,55.14,154.1,0.63113,3,-35.03,153.39,0.36887,2,2,49.18,158.57,0.58129,3,-40.99,157.86,0.41871,2,2,47.09,164.53,0.5506,3,-43.08,163.82,0.4494,2,2,48.73,170.19,0.54028,3,-41.44,169.48,0.45972,2,2,52.45,173.61,0.50965,3,-37.72,172.9,0.49035,2,2,46.05,175.4,0.49983,3,-44.12,174.69,0.50017,2,2,46.64,180.47,0.51287,3,-43.53,179.76,0.48713,2,2,49.32,185.09,0.37179,3,-40.85,184.38,0.62821,2,2,59.16,187.92,0.28821,3,-31.01,187.21,0.71179,2,2,59.46,179.13,0.38066,3,-30.71,178.42,0.61934,2,2,64.22,180.47,0.27502,3,-25.95,179.76,0.72498,2,2,59.75,183,0.21265,3,-30.42,182.29,0.78735,2,2,50.07,180.47,0.41225,3,-40.1,179.76,0.58775,2,2,60.8,165.72,0.40019,3,-29.37,165.01,0.59981,2,2,68.1,159.61,0.33142,3,-22.07,158.9,0.66858,2,2,72.57,155.88,0.23394,3,-17.6,155.17,0.76606,2,2,73.16,152.75,0.3144,3,-17.01,152.04,0.6856,2,2,75.4,146.5,0.34633,3,-14.77,145.79,0.65367,2,2,77.34,148.58,0.33578,3,-12.83,147.87,0.66422,2,2,75.55,158.57,0.27789,3,-14.62,157.86,0.72211,2,2,68.84,165.12,0.36016,3,-21.33,164.41,0.63984,2,2,63.63,175.25,0.25501,3,-26.54,174.54,0.74499,2,2,66.31,169.59,0.33396,3,-23.86,168.88,0.66604,2,2,56.18,170.19,0.42014,3,-33.99,169.48,0.57986,2,2,54.09,166.02,0.45536,3,-36.08,165.31,0.54464,2,2,57.67,162.29,0.39054,3,-32.5,161.58,0.60946,2,2,63.18,158.57,0.31098,3,-26.99,157.86,0.68902,2,2,63.33,162.14,0.35698,3,-26.84,161.43,0.64302,2,2,81.37,115.17,0.27199,3,-8.8,114.46,0.72801,2,2,31.93,79.52,0.46175,3,-58.24,78.81,0.53825,2,2,65.97,104.06,0.48155,3,-24.2,103.35,0.51845,2,2,-64.22,102.6,0.36534,3,-154.39,101.89,0.63466,2,2,-36.3,82.47,0.33196,3,-126.47,81.76,0.66804,2,2,-68.33,141.01,0.41673,3,-158.5,140.3,0.58327,2,2,-35.34,156.01,0.65865,3,-125.51,155.3,0.34135,2,2,34.72,158.2,0.60902,3,-55.45,157.49,0.39098,2,2,24.51,113.72,0.64699,3,-65.66,113.01,0.35301,2,2,-24.2,113.98,0.64374,3,-114.37,113.27,0.35626,2,2,-4.37,181.21,0.78868,3,-94.54,180.5,0.21132,2,2,-2.96,211.82,0.60284,3,-93.13,211.11,0.39716,2,2,34.47,199.78,0.45599,3,-55.7,199.07,0.54401,2,2,40.87,193.89,0.39562,3,-49.3,193.18,0.60438,2,2,-39.79,190.51,0.58022,3,-129.96,189.8,0.41978],"edges":[6,8,8,10,10,12,12,14,14,16,16,18,18,20,20,22,22,24,24,26,26,28,28,30,36,38,38,40,40,42,42,44,44,46,46,48,48,50,56,58,0,58,62,10,64,62,64,66,64,68,68,70,70,72,72,74,74,76,74,66,76,80,80,82,82,84,84,86,86,88,88,90,90,92,92,94,96,94,96,100,102,104,104,98,114,116,116,118,118,112,112,120,118,60,60,120,64,122,122,114,60,124,124,112,110,126,126,128,128,130,130,132,132,134,134,110,128,136,136,134,98,140,140,138,108,142,142,138,110,144,144,138,112,146,146,138,114,148,148,138,152,154,108,156,156,154,98,158,158,106,30,32,32,34,34,36,152,160,162,164,166,126,166,168,168,170,170,172,172,174,174,176,176,164,174,178,178,180,180,182,182,160,36,210,210,164,130,120,224,128,224,50,60,226,54,56,226,54,224,228,228,226,50,52,52,54,228,52,230,62,4,6,230,4,60,232,232,230,0,2,2,4,232,2,76,234,234,78,98,236,236,114,108,238,238,110,110,240,240,112,112,242,242,114,98,244,244,108,102,246,246,150,108,248,248,150,108,250,250,152,96,252,252,98]}},"thor_anina_icon_2":{"thor_anina_icon_5_2":{"x":-1.93,"width":179,"height":178}}}}],"animations":{"anina_icon_5":{"slots":{"boom":{"attachment":[{"name":null},{"time":1.3333,"name":"boom/thor_boom_00002"},{"time":1.3667,"name":"boom/thor_boom_00004"},{"time":1.4,"name":"boom/thor_boom_00006"},{"time":1.4333,"name":"boom/thor_boom_00008"},{"time":1.4667,"name":"boom/thor_boom_00010"},{"time":1.5,"name":"boom/thor_boom_00012"},{"time":1.5333,"name":"boom/thor_boom_00014"},{"time":1.5667,"name":"boom/thor_boom_00016"},{"time":1.6,"name":"boom/thor_boom_00018"},{"time":1.6333,"name":"boom/thor_boom_00020"},{"time":1.6667,"name":"boom/thor_boom_00022"},{"time":1.7,"name":"boom/thor_boom_00024"},{"time":1.7333,"name":"boom/thor_boom_00026"},{"time":1.7667,"name":"boom/thor_boom_00028"},{"time":1.8,"name":"boom/thor_boom_00030"},{"time":1.8333,"name":null}]},"boom_s":{"attachment":[{"name":null},{"time":0.6667,"name":"boom_s/thor_boom_s_00012"},{"time":0.7,"name":"boom_s/thor_boom_s_00014"},{"time":0.7333,"name":"boom_s/thor_boom_s_00016"},{"time":0.7667,"name":"boom_s/thor_boom_s_00018"},{"time":0.8,"name":"boom_s/thor_boom_s_00020"},{"time":0.8333,"name":"boom_s/thor_boom_s_00022"},{"time":0.8667,"name":"boom_s/thor_boom_s_00024"},{"time":0.9,"name":"boom_s/thor_boom_s_00026"},{"time":0.9333,"name":"boom_s/thor_boom_s_00028"},{"time":0.9667,"name":"boom_s/thor_boom_s_00030"},{"time":1,"name":"boom_s/thor_boom_s_00032"},{"time":1.0333,"name":"boom_s/thor_boom_s_00034"},{"time":1.0667,"name":"boom_s/thor_boom_s_00036"},{"time":1.1,"name":"boom_s/thor_boom_s_00038"},{"time":1.1333,"name":"boom_s/thor_boom_s_00040"},{"time":1.1667,"name":"boom_s/thor_boom_s_00042"},{"time":1.2,"name":"boom_s/thor_boom_s_00044"},{"time":1.2333,"name":"boom_s/thor_boom_s_00046"},{"time":1.2667,"name":"boom_s/thor_boom_s_00048"},{"time":1.3,"name":null}]}},"bones":{"boom_s":{"translate":[{"x":4.67,"y":4.63}]},"thor_anina_icon_1":{"scale":[{"curve":0.398,"c3":0.402,"c4":0.55},{"time":1.3333,"x":1.4,"y":1.4,"curve":0.25,"c3":0.75},{"time":1.5}]},"thor_anina_icon_2":{"translate":[{},{"time":0.6667,"x":4.17,"y":-1.81},{"time":1.3333,"x":-3.63,"y":-1.81},{"time":1.5}]},"bone":{"translate":[{"curve":0.25,"c3":0.75},{"time":0.6667,"x":-13.09,"curve":0.25,"c3":0.75},{"time":1.3333,"x":13.05},{"time":1.5}]}}}}},[0]]],0,0,[0],[-1],[0]]
