[1,["9fkwML5IlGHpvorUq9JSME","95ujlfkENDjo+svZOm48rb","64YTqRIt5Hf4Ko7SqdOGcS@6c48a","67uAREllBE2K6f1rj71ZyC@6c48a","bcuzzApudLULBKcwbC68tQ@6c48a","b8+VZlYCNK8Zx7925nZdBI@6c48a","328Tfj+SpK8rWMCLI/sfXL@6c48a","5ere4c/6FC6YPPKX/cQ/t0@6c48a"],["node","_skeletonData","root","data"],[["cc.Node",["_name","_layer","_active","_components","_prefab","_lpos","_parent","_children"],0,9,4,5,1,2],["cc.Prefab",["_name"],2],["cc.UITransform",["node","__prefab","_contentSize"],3,1,4,5],["cc.CompPrefabInfo",["fileId"],2],["cc.Widget",["_alignFlags","_top","_bottom","_originalHeight","node","__prefab"],-1,1,4],["cc.Mask",["_enabled","node","__prefab"],2,1,4],["cc.Graphics",["_enabled","node","__prefab","_fillColor"],2,1,4,5],["cc.PrefabInfo",["fileId","instance","targetOverrides","nestedPrefabInstanceRoots","root","asset"],-1,1,1],["sp.Skeleton",["defaultSkin","defaultAnimation","_premultipliedAlpha","_preCacheMode","node","__prefab","_skeletonData"],-1,1,4,6],["sp.SkeletonData",["_name","_atlasText","textureNames","_skeletonJson","textures"],-1,3]],[[3,0,2],[2,0,1,2,1],[7,0,1,2,3,4,5,5],[8,0,1,2,3,4,5,6,5],[9,0,1,2,3,4,5],[1,0,2],[0,0,1,7,3,4,5,3],[0,0,1,6,3,4,3],[0,0,2,1,6,3,4,5,4],[4,0,1,2,3,4,5,5],[5,0,1,2,2],[6,0,1,2,3,2]],[[[[5,"pyrosphere"],[6,"pyrosphere",33554432,[-6,-7],[[1,-2,[0,"58gJA32S9MzKSOj+hRbZnv"],[5,252,328]],[9,1,-347,647.2,100,-3,[0,"04vyeIjfNO7bAFzRm2TB5h"]],[10,false,-4,[0,"7esKPzTVBDhJCW4lZY+K02"]],[11,false,-5,[0,"37Ulbpu/VHSKgVXqk1L7ir"],[4,16777215]]],[2,"dfmXXbbjRNKYV655+1habQ",null,null,null,-1,0],[1,0,558,0]],[7,"moveRingOfFire",33554432,1,[[1,-8,[0,"efYHeMW/FPpqHgbh5gP3vs"],[5,252,328]],[3,"default","animation",false,0,-9,[0,"8fZCNdW3hHS7efKe08im4r"],0]],[2,"0efOJedQRKfrjuYdQgHFrj",null,null,null,1,0]],[8,"wlid",false,33554432,1,[[1,-10,[0,"7a506jaYFHsa86NGH4Qh4n"],[5,246.23,110]],[3,"default","animation",false,0,-11,[0,"64HLeLLllKpY4aoZwWB93B"],1]],[2,"5eg5DMtodEeJ/c1DOFJlFN",null,null,null,1,0],[1,-10,-60,0]]],0,[0,2,1,0,0,1,0,0,1,0,0,1,0,0,1,0,-1,2,0,-2,3,0,0,2,0,0,2,0,0,3,0,0,3,0,3,1,11],[0,0],[1,1],[0,1]],[[[4,"LZTB_wildtubiao","\r\nLZTB_wildtubiao.png\r\nsize: 512,128\r\nformat: RGBA8888\r\nfilter: Linear,Linear\r\nrepeat: none\r\nD\r\n  rotate: false\r\n  xy: 443, 61\r\n  size: 61, 61\r\n  orig: 61, 61\r\n  offset: 0, 0\r\n  index: -1\r\nD2\r\n  rotate: false\r\n  xy: 114, 15\r\n  size: 106, 107\r\n  orig: 106, 107\r\n  offset: 0, 0\r\n  index: -1\r\nI\r\n  rotate: true\r\n  xy: 436, 17\r\n  size: 25, 55\r\n  orig: 25, 55\r\n  offset: 0, 0\r\n  index: -1\r\nL\r\n  rotate: true\r\n  xy: 379, 2\r\n  size: 40, 55\r\n  orig: 40, 55\r\n  offset: 0, 0\r\n  index: -1\r\nL2\r\n  rotate: false\r\n  xy: 222, 23\r\n  size: 83, 99\r\n  orig: 83, 99\r\n  offset: 0, 0\r\n  index: -1\r\nW\r\n  rotate: true\r\n  xy: 379, 44\r\n  size: 78, 62\r\n  orig: 78, 62\r\n  offset: 0, 0\r\n  index: -1\r\nW2\r\n  rotate: true\r\n  xy: 2, 7\r\n  size: 115, 110\r\n  orig: 115, 110\r\n  offset: 0, 0\r\n  index: -1\r\ni2\r\n  rotate: false\r\n  xy: 307, 22\r\n  size: 70, 100\r\n  orig: 70, 100\r\n  offset: 0, 0\r\n  index: -1\r\n",["LZTB_wildtubiao.png"],{"skeleton":{"hash":"CM1NBvJMqqSuzDp3uc3ppDxkQ7U","spine":"3.6.53","width":246.23,"height":110,"images":""},"bones":[{"name":"root"},{"name":"D1","parent":"root","x":69.8,"y":4.46},{"name":"D2","parent":"root","x":69.8,"y":4.46},{"name":"I1","parent":"root","x":-20.02,"y":7.3},{"name":"I2","parent":"root","x":-20.02,"y":7.3},{"name":"L1","parent":"root","x":14.06,"y":5.53},{"name":"L2","parent":"root","x":14.06,"y":5.53},{"name":"W1guge","parent":"root","x":-67.45,"y":4.26},{"name":"W1guge2","parent":"root","x":-67.45,"y":4.26}],"slots":[{"name":"D2","bone":"D2","attachment":"D2","blend":"screen"},{"name":"L2","bone":"L2","attachment":"L2","blend":"screen"},{"name":"W2","bone":"W1guge2","attachment":"W2","blend":"screen"},{"name":"i2","bone":"I2","attachment":"i2","blend":"screen"},{"name":"D","bone":"D1","attachment":"D"},{"name":"I","bone":"I1","attachment":"I"},{"name":"L","bone":"L1","attachment":"L"},{"name":"W","bone":"W1guge","attachment":"W"}],"skins":{"default":{"D":{"D":{"x":0.02,"y":1.74,"width":61,"height":61}},"D2":{"D2":{"x":-0.95,"y":3.75,"width":106,"height":107}},"I":{"I":{"x":2.22,"y":-2.81,"width":25,"height":55}},"L":{"L":{"x":5.02,"y":-1.54,"width":40,"height":55}},"L2":{"L2":{"x":2.26,"y":-3.09,"width":83,"height":99}},"W":{"W":{"x":-0.87,"y":2,"width":78,"height":62}},"W2":{"W2":{"x":0.57,"y":2.66,"width":115,"height":110}},"i2":{"i2":{"x":2.74,"y":-2.62,"width":70,"height":100}}}},"animations":{"animation":{"bones":{"W1guge2":{"translate":[{"time":0,"x":63.62,"y":0,"curve":[0.434,0,0.543,1]},{"time":0.0667,"x":57.82,"y":0,"curve":[0.434,0,0.543,1]},{"time":0.2,"x":43.11,"y":0,"curve":[0.434,0,0.543,1]},{"time":0.3667,"x":22.88,"y":0,"curve":[0.434,0,0.543,1]},{"time":0.8333,"x":14.82,"y":0}],"scale":[{"time":0,"x":0,"y":0,"curve":[0.434,0,0.543,1]},{"time":0.2,"x":0.4,"y":0.4,"curve":[0.434,0,0.543,1]},{"time":0.3667,"x":0.8,"y":0.8,"curve":[0.434,0,0.543,1]},{"time":0.8333,"x":1,"y":1}]},"L2":{"translate":[{"time":0,"x":-13.12,"y":0,"curve":[0.434,0,0.543,1]},{"time":0.0667,"x":-11.6,"y":-0.58,"curve":[0.434,0,0.543,1]},{"time":0.2,"x":-9.31,"y":0,"curve":[0.434,0,0.543,1]},{"time":0.3667,"x":-1.64,"y":0,"curve":[0.434,0,0.543,1]},{"time":0.8333,"x":16.02,"y":0}],"scale":[{"time":0,"x":0,"y":0,"curve":[0.434,0,0.543,1]},{"time":0.2,"x":0.4,"y":0.4,"curve":[0.434,0,0.543,1]},{"time":0.3667,"x":0.8,"y":0.8,"curve":[0.434,0,0.543,1]},{"time":0.8333,"x":1,"y":1}]},"I2":{"translate":[{"time":0,"x":18.2,"y":-2.33,"curve":[0.434,0,0.543,1]},{"time":0.0667,"x":17.29,"y":-2.28,"curve":[0.434,0,0.543,1]},{"time":0.2,"x":12.52,"y":-2.21,"curve":[0.434,0,0.543,1]},{"time":0.3667,"x":6.47,"y":-2.21,"curve":[0.434,0,0.543,1]},{"time":0.8333,"x":14.92,"y":-2.21}],"scale":[{"time":0,"x":0,"y":0,"curve":[0.434,0,0.543,1]},{"time":0.2,"x":0.4,"y":0.4,"curve":[0.434,0,0.543,1]},{"time":0.3667,"x":0.8,"y":0.8,"curve":[0.434,0,0.543,1]},{"time":0.8333,"x":1,"y":1}]},"D2":{"translate":[{"time":0,"x":-66.43,"y":0,"curve":[0.434,0,0.543,1]},{"time":0.0667,"x":-60.76,"y":0,"curve":[0.434,0,0.543,1]},{"time":0.2,"x":-46.65,"y":0,"curve":[0.434,0,0.543,1]},{"time":0.3667,"x":-23.69,"y":0,"curve":[0.434,0,0.543,1]},{"time":0.8333,"x":10.49,"y":0}],"scale":[{"time":0,"x":0,"y":0,"curve":[0.434,0,0.543,1]},{"time":0.2,"x":0.4,"y":0.4,"curve":[0.434,0,0.543,1]},{"time":0.3667,"x":0.8,"y":0.8,"curve":[0.434,0,0.543,1]},{"time":0.8333,"x":1,"y":1}]},"W1guge":{"translate":[{"time":0,"x":63.63,"y":-0.07,"curve":[0.434,0,0.543,1]},{"time":0.1333,"x":43.21,"y":0,"curve":[0.434,0,0.543,1]},{"time":0.2333,"x":22.81,"y":0,"curve":[0.434,0,0.543,1]},{"time":0.4333,"x":14.78,"y":0,"curve":"stepped"},{"time":0.5667,"x":14.78,"y":0}],"scale":[{"time":0,"x":0,"y":1,"curve":[0.434,0,0.543,1]},{"time":0.1333,"x":0,"y":0,"curve":[0.434,0,0.543,1]},{"time":0.2333,"x":1.2,"y":1.2,"curve":[0.434,0,0.543,1]},{"time":0.4333,"x":1,"y":1,"curve":[0.434,0,0.543,1]},{"time":0.5,"x":0.9,"y":0.9,"curve":[0.434,0,0.543,1]},{"time":0.5667,"x":1,"y":1}]},"I1":{"translate":[{"time":0,"x":-13.14,"y":-1.58,"curve":[0.434,0,0.543,1]},{"time":0.1333,"x":18.2,"y":-1.58,"curve":[0.434,0,0.543,1]},{"time":0.3,"x":22.81,"y":-1.58,"curve":[0.434,0,0.543,1]},{"time":0.4667,"x":14.78,"y":-1.58},{"time":0.7,"x":14.78,"y":-1.58}],"scale":[{"time":0,"x":0,"y":1,"curve":[0.434,0,0.543,1]},{"time":0.1333,"x":0,"y":0,"curve":[0.434,0,0.543,1]},{"time":0.3,"x":1.2,"y":1.2,"curve":[0.434,0,0.543,1]},{"time":0.4667,"x":0.9,"y":0.9,"curve":[0.434,0,0.543,1]},{"time":0.7,"x":1,"y":1}]},"L1":{"translate":[{"time":0,"x":-13.14,"y":0.03,"curve":[0.434,0,0.543,1]},{"time":0.2333,"x":-15.88,"y":-0.57,"curve":[0.434,0,0.543,1]},{"time":0.4333,"x":22.81,"y":0,"curve":[0.434,0,0.543,1]},{"time":0.6,"x":14.78,"y":0,"curve":"stepped"},{"time":0.7,"x":14.78,"y":0}],"scale":[{"time":0,"x":0,"y":1,"curve":[0.434,0,0.543,1]},{"time":0.2333,"x":0,"y":0,"curve":[0.434,0,0.543,1]},{"time":0.4333,"x":1.2,"y":1.2,"curve":[0.434,0,0.543,1]},{"time":0.6,"x":0.9,"y":0.9,"curve":[0.434,0,0.543,1]},{"time":0.7,"x":1,"y":1}]},"D1":{"translate":[{"time":0,"x":-66.44,"y":0.03,"curve":[0.434,0,0.543,1]},{"time":0.3,"x":-39.98,"y":0.03,"curve":[0.434,0,0.543,1]},{"time":0.5,"x":22.81,"y":0,"curve":[0.434,0,0.543,1]},{"time":0.7,"x":14.78,"y":0,"curve":"stepped"},{"time":0.8,"x":14.78,"y":0}],"scale":[{"time":0,"x":0,"y":1,"curve":[0.434,0,0.543,1]},{"time":0.3,"x":0,"y":0,"curve":[0.434,0,0.543,1]},{"time":0.5,"x":1.2,"y":1.2,"curve":[0.434,0,0.543,1]},{"time":0.7,"x":0.9,"y":0.9,"curve":[0.434,0,0.543,1]},{"time":0.8,"x":1,"y":1}]}}}}},[0]]],0,0,[0],[-1],[2]],[[[4,"LZTB_huoyuan","\r\nLZTB_huoyuan.png\r\nsize: 1024,1024\r\nformat: RGBA8888\r\nfilter: Linear,Linear\r\nrepeat: none\r\nLZTB_huoquan000\r\n  rotate: false\r\n  xy: 2, 662\r\n  size: 252, 328\r\n  orig: 252, 328\r\n  offset: 0, 0\r\n  index: -1\r\nLZTB_huoquan001\r\n  rotate: false\r\n  xy: 2, 332\r\n  size: 252, 328\r\n  orig: 252, 328\r\n  offset: 0, 0\r\n  index: -1\r\nLZTB_huoquan002\r\n  rotate: false\r\n  xy: 256, 662\r\n  size: 252, 328\r\n  orig: 252, 328\r\n  offset: 0, 0\r\n  index: -1\r\nLZTB_huoquan003\r\n  rotate: false\r\n  xy: 2, 2\r\n  size: 252, 328\r\n  orig: 252, 328\r\n  offset: 0, 0\r\n  index: -1\r\nLZTB_huoquan004\r\n  rotate: false\r\n  xy: 256, 332\r\n  size: 252, 328\r\n  orig: 252, 328\r\n  offset: 0, 0\r\n  index: -1\r\nLZTB_huoquan005\r\n  rotate: false\r\n  xy: 510, 662\r\n  size: 252, 328\r\n  orig: 252, 328\r\n  offset: 0, 0\r\n  index: -1\r\nLZTB_huoquan006\r\n  rotate: false\r\n  xy: 256, 2\r\n  size: 252, 328\r\n  orig: 252, 328\r\n  offset: 0, 0\r\n  index: -1\r\nLZTB_huoquan007\r\n  rotate: false\r\n  xy: 510, 332\r\n  size: 252, 328\r\n  orig: 252, 328\r\n  offset: 0, 0\r\n  index: -1\r\nLZTB_huoquan008\r\n  rotate: false\r\n  xy: 764, 662\r\n  size: 252, 328\r\n  orig: 252, 328\r\n  offset: 0, 0\r\n  index: -1\r\nLZTB_huoquan009\r\n  rotate: false\r\n  xy: 510, 2\r\n  size: 252, 328\r\n  orig: 252, 328\r\n  offset: 0, 0\r\n  index: -1\r\nLZTB_huoquan010\r\n  rotate: false\r\n  xy: 764, 332\r\n  size: 252, 328\r\n  orig: 252, 328\r\n  offset: 0, 0\r\n  index: -1\r\nLZTB_huoquan011\r\n  rotate: false\r\n  xy: 764, 2\r\n  size: 252, 328\r\n  orig: 252, 328\r\n  offset: 0, 0\r\n  index: -1\r\n\r\nLZTB_huoyuan2.png\r\nsize: 1024,1024\r\nformat: RGBA8888\r\nfilter: Linear,Linear\r\nrepeat: none\r\nLZTB_huoquan012\r\n  rotate: false\r\n  xy: 2, 662\r\n  size: 252, 328\r\n  orig: 252, 328\r\n  offset: 0, 0\r\n  index: -1\r\nLZTB_huoquan013\r\n  rotate: false\r\n  xy: 2, 332\r\n  size: 252, 328\r\n  orig: 252, 328\r\n  offset: 0, 0\r\n  index: -1\r\nLZTB_huoquan014\r\n  rotate: false\r\n  xy: 256, 662\r\n  size: 252, 328\r\n  orig: 252, 328\r\n  offset: 0, 0\r\n  index: -1\r\nLZTB_huoquan015\r\n  rotate: false\r\n  xy: 2, 2\r\n  size: 252, 328\r\n  orig: 252, 328\r\n  offset: 0, 0\r\n  index: -1\r\nLZTB_huoquan016\r\n  rotate: false\r\n  xy: 256, 332\r\n  size: 252, 328\r\n  orig: 252, 328\r\n  offset: 0, 0\r\n  index: -1\r\nLZTB_huoquan017\r\n  rotate: false\r\n  xy: 510, 662\r\n  size: 252, 328\r\n  orig: 252, 328\r\n  offset: 0, 0\r\n  index: -1\r\nLZTB_huoquan018\r\n  rotate: false\r\n  xy: 256, 2\r\n  size: 252, 328\r\n  orig: 252, 328\r\n  offset: 0, 0\r\n  index: -1\r\nLZTB_huoquan019\r\n  rotate: false\r\n  xy: 510, 332\r\n  size: 252, 328\r\n  orig: 252, 328\r\n  offset: 0, 0\r\n  index: -1\r\nLZTB_huoquan020\r\n  rotate: false\r\n  xy: 764, 662\r\n  size: 252, 328\r\n  orig: 252, 328\r\n  offset: 0, 0\r\n  index: -1\r\nLZTB_huoquan021\r\n  rotate: false\r\n  xy: 510, 2\r\n  size: 252, 328\r\n  orig: 252, 328\r\n  offset: 0, 0\r\n  index: -1\r\nLZTB_huoquan022\r\n  rotate: false\r\n  xy: 764, 332\r\n  size: 252, 328\r\n  orig: 252, 328\r\n  offset: 0, 0\r\n  index: -1\r\nLZTB_huoquan023\r\n  rotate: false\r\n  xy: 764, 2\r\n  size: 252, 328\r\n  orig: 252, 328\r\n  offset: 0, 0\r\n  index: -1\r\n\r\nLZTB_huoyuan3.png\r\nsize: 1024,1024\r\nformat: RGBA8888\r\nfilter: Linear,Linear\r\nrepeat: none\r\nLZTB_huoquan024\r\n  rotate: false\r\n  xy: 2, 662\r\n  size: 252, 328\r\n  orig: 252, 328\r\n  offset: 0, 0\r\n  index: -1\r\nLZTB_huoquan025\r\n  rotate: false\r\n  xy: 2, 332\r\n  size: 252, 328\r\n  orig: 252, 328\r\n  offset: 0, 0\r\n  index: -1\r\nLZTB_huoquan026\r\n  rotate: false\r\n  xy: 256, 662\r\n  size: 252, 328\r\n  orig: 252, 328\r\n  offset: 0, 0\r\n  index: -1\r\nLZTB_huoquan027\r\n  rotate: false\r\n  xy: 2, 2\r\n  size: 252, 328\r\n  orig: 252, 328\r\n  offset: 0, 0\r\n  index: -1\r\nLZTB_huoquan028\r\n  rotate: false\r\n  xy: 256, 332\r\n  size: 252, 328\r\n  orig: 252, 328\r\n  offset: 0, 0\r\n  index: -1\r\nLZTB_huoquan029\r\n  rotate: false\r\n  xy: 510, 662\r\n  size: 252, 328\r\n  orig: 252, 328\r\n  offset: 0, 0\r\n  index: -1\r\nLZTB_huoquan030\r\n  rotate: false\r\n  xy: 256, 2\r\n  size: 252, 328\r\n  orig: 252, 328\r\n  offset: 0, 0\r\n  index: -1\r\nLZTB_huoquan031\r\n  rotate: false\r\n  xy: 510, 332\r\n  size: 252, 328\r\n  orig: 252, 328\r\n  offset: 0, 0\r\n  index: -1\r\nLZTB_huoquan032\r\n  rotate: false\r\n  xy: 764, 662\r\n  size: 252, 328\r\n  orig: 252, 328\r\n  offset: 0, 0\r\n  index: -1\r\nLZTB_huoquan033\r\n  rotate: false\r\n  xy: 510, 2\r\n  size: 252, 328\r\n  orig: 252, 328\r\n  offset: 0, 0\r\n  index: -1\r\nLZTB_huoquan034\r\n  rotate: false\r\n  xy: 764, 332\r\n  size: 252, 328\r\n  orig: 252, 328\r\n  offset: 0, 0\r\n  index: -1\r\nLZTB_huoquan035\r\n  rotate: false\r\n  xy: 764, 2\r\n  size: 252, 328\r\n  orig: 252, 328\r\n  offset: 0, 0\r\n  index: -1\r\n\r\nLZTB_huoyuan4.png\r\nsize: 1024,1024\r\nformat: RGBA8888\r\nfilter: Linear,Linear\r\nrepeat: none\r\nLZTB_huoquan036\r\n  rotate: false\r\n  xy: 2, 662\r\n  size: 252, 328\r\n  orig: 252, 328\r\n  offset: 0, 0\r\n  index: -1\r\nLZTB_huoquan037\r\n  rotate: false\r\n  xy: 2, 332\r\n  size: 252, 328\r\n  orig: 252, 328\r\n  offset: 0, 0\r\n  index: -1\r\nLZTB_huoquan038\r\n  rotate: false\r\n  xy: 256, 662\r\n  size: 252, 328\r\n  orig: 252, 328\r\n  offset: 0, 0\r\n  index: -1\r\nLZTB_huoquan039\r\n  rotate: false\r\n  xy: 2, 2\r\n  size: 252, 328\r\n  orig: 252, 328\r\n  offset: 0, 0\r\n  index: -1\r\nLZTB_huoquan040\r\n  rotate: false\r\n  xy: 256, 332\r\n  size: 252, 328\r\n  orig: 252, 328\r\n  offset: 0, 0\r\n  index: -1\r\nLZTB_huoquan041\r\n  rotate: false\r\n  xy: 510, 662\r\n  size: 252, 328\r\n  orig: 252, 328\r\n  offset: 0, 0\r\n  index: -1\r\nLZTB_huoquan042\r\n  rotate: false\r\n  xy: 256, 2\r\n  size: 252, 328\r\n  orig: 252, 328\r\n  offset: 0, 0\r\n  index: -1\r\nLZTB_huoquan043\r\n  rotate: false\r\n  xy: 510, 332\r\n  size: 252, 328\r\n  orig: 252, 328\r\n  offset: 0, 0\r\n  index: -1\r\nLZTB_huoquan044\r\n  rotate: false\r\n  xy: 764, 662\r\n  size: 252, 328\r\n  orig: 252, 328\r\n  offset: 0, 0\r\n  index: -1\r\nLZTB_huoquan045\r\n  rotate: false\r\n  xy: 510, 2\r\n  size: 252, 328\r\n  orig: 252, 328\r\n  offset: 0, 0\r\n  index: -1\r\nLZTB_huoquan046\r\n  rotate: false\r\n  xy: 764, 332\r\n  size: 252, 328\r\n  orig: 252, 328\r\n  offset: 0, 0\r\n  index: -1\r\nLZTB_huoquan047\r\n  rotate: false\r\n  xy: 764, 2\r\n  size: 252, 328\r\n  orig: 252, 328\r\n  offset: 0, 0\r\n  index: -1\r\n\r\nLZTB_huoyuan5.png\r\nsize: 1024,1024\r\nformat: RGBA8888\r\nfilter: Linear,Linear\r\nrepeat: none\r\nLZTB_huoquan048\r\n  rotate: false\r\n  xy: 2, 662\r\n  size: 252, 328\r\n  orig: 252, 328\r\n  offset: 0, 0\r\n  index: -1\r\nLZTB_huoquan049\r\n  rotate: false\r\n  xy: 2, 332\r\n  size: 252, 328\r\n  orig: 252, 328\r\n  offset: 0, 0\r\n  index: -1\r\nLZTB_huoquan050\r\n  rotate: false\r\n  xy: 256, 662\r\n  size: 252, 328\r\n  orig: 252, 328\r\n  offset: 0, 0\r\n  index: -1\r\nLZTB_huoquan051\r\n  rotate: false\r\n  xy: 2, 2\r\n  size: 252, 328\r\n  orig: 252, 328\r\n  offset: 0, 0\r\n  index: -1\r\nLZTB_huoquan052\r\n  rotate: false\r\n  xy: 256, 332\r\n  size: 252, 328\r\n  orig: 252, 328\r\n  offset: 0, 0\r\n  index: -1\r\nLZTB_huoquan053\r\n  rotate: false\r\n  xy: 510, 662\r\n  size: 252, 328\r\n  orig: 252, 328\r\n  offset: 0, 0\r\n  index: -1\r\nLZTB_huoquan054\r\n  rotate: false\r\n  xy: 256, 2\r\n  size: 252, 328\r\n  orig: 252, 328\r\n  offset: 0, 0\r\n  index: -1\r\nLZTB_huoquan055\r\n  rotate: false\r\n  xy: 510, 332\r\n  size: 252, 328\r\n  orig: 252, 328\r\n  offset: 0, 0\r\n  index: -1\r\nLZTB_huoquan056\r\n  rotate: false\r\n  xy: 764, 662\r\n  size: 252, 328\r\n  orig: 252, 328\r\n  offset: 0, 0\r\n  index: -1\r\nLZTB_huoquan057\r\n  rotate: false\r\n  xy: 510, 2\r\n  size: 252, 328\r\n  orig: 252, 328\r\n  offset: 0, 0\r\n  index: -1\r\nLZTB_huoquan058\r\n  rotate: false\r\n  xy: 764, 332\r\n  size: 252, 328\r\n  orig: 252, 328\r\n  offset: 0, 0\r\n  index: -1\r\nLZTB_huoquan059\r\n  rotate: false\r\n  xy: 764, 2\r\n  size: 252, 328\r\n  orig: 252, 328\r\n  offset: 0, 0\r\n  index: -1\r\n",["LZTB_huoyuan.png","LZTB_huoyuan2.png","LZTB_huoyuan3.png","LZTB_huoyuan4.png","LZTB_huoyuan5.png"],{"skeleton":{"hash":"+4URoxLSArwPasJqHH+xmE+wcJE","spine":"3.6.53","width":252,"height":328,"images":""},"bones":[{"name":"root"}],"slots":[{"name":"huoyuan","bone":"root","attachment":"LZTB_huoquan000","blend":"screen"}],"skins":{"default":{"huoyuan":{"LZTB_huoquan000":{"width":252,"height":328},"LZTB_huoquan001":{"width":252,"height":328},"LZTB_huoquan002":{"width":252,"height":328},"LZTB_huoquan003":{"width":252,"height":328},"LZTB_huoquan004":{"width":252,"height":328},"LZTB_huoquan005":{"width":252,"height":328},"LZTB_huoquan006":{"width":252,"height":328},"LZTB_huoquan007":{"width":252,"height":328},"LZTB_huoquan008":{"width":252,"height":328},"LZTB_huoquan009":{"width":252,"height":328},"LZTB_huoquan010":{"width":252,"height":328},"LZTB_huoquan011":{"width":252,"height":328},"LZTB_huoquan012":{"width":252,"height":328},"LZTB_huoquan013":{"width":252,"height":328},"LZTB_huoquan014":{"width":252,"height":328},"LZTB_huoquan015":{"width":252,"height":328},"LZTB_huoquan016":{"width":252,"height":328},"LZTB_huoquan017":{"width":252,"height":328},"LZTB_huoquan018":{"width":252,"height":328},"LZTB_huoquan019":{"width":252,"height":328},"LZTB_huoquan020":{"width":252,"height":328},"LZTB_huoquan021":{"width":252,"height":328},"LZTB_huoquan022":{"width":252,"height":328},"LZTB_huoquan023":{"width":252,"height":328},"LZTB_huoquan024":{"width":252,"height":328},"LZTB_huoquan025":{"width":252,"height":328},"LZTB_huoquan026":{"width":252,"height":328},"LZTB_huoquan027":{"width":252,"height":328},"LZTB_huoquan028":{"width":252,"height":328},"LZTB_huoquan029":{"width":252,"height":328},"LZTB_huoquan030":{"width":252,"height":328},"LZTB_huoquan031":{"width":252,"height":328},"LZTB_huoquan032":{"width":252,"height":328},"LZTB_huoquan033":{"width":252,"height":328},"LZTB_huoquan034":{"width":252,"height":328},"LZTB_huoquan035":{"width":252,"height":328},"LZTB_huoquan036":{"width":252,"height":328},"LZTB_huoquan037":{"width":252,"height":328},"LZTB_huoquan038":{"width":252,"height":328},"LZTB_huoquan039":{"width":252,"height":328},"LZTB_huoquan040":{"width":252,"height":328},"LZTB_huoquan041":{"width":252,"height":328},"LZTB_huoquan042":{"width":252,"height":328},"LZTB_huoquan043":{"width":252,"height":328},"LZTB_huoquan044":{"width":252,"height":328},"LZTB_huoquan045":{"width":252,"height":328},"LZTB_huoquan046":{"width":252,"height":328},"LZTB_huoquan047":{"width":252,"height":328},"LZTB_huoquan048":{"width":252,"height":328},"LZTB_huoquan049":{"width":252,"height":328},"LZTB_huoquan050":{"width":252,"height":328},"LZTB_huoquan051":{"width":252,"height":328},"LZTB_huoquan052":{"width":252,"height":328},"LZTB_huoquan053":{"width":252,"height":328},"LZTB_huoquan054":{"width":252,"height":328},"LZTB_huoquan055":{"width":252,"height":328},"LZTB_huoquan056":{"width":252,"height":328},"LZTB_huoquan057":{"width":252,"height":328},"LZTB_huoquan058":{"width":252,"height":328},"LZTB_huoquan059":{"width":252,"height":328}}}},"animations":{"animation":{"slots":{"huoyuan":{"attachment":[{"time":0,"name":"LZTB_huoquan000"},{"time":0.0333,"name":"LZTB_huoquan001"},{"time":0.0667,"name":"LZTB_huoquan002"},{"time":0.1,"name":"LZTB_huoquan003"},{"time":0.1333,"name":"LZTB_huoquan004"},{"time":0.1667,"name":"LZTB_huoquan005"},{"time":0.2,"name":"LZTB_huoquan006"},{"time":0.2333,"name":"LZTB_huoquan007"},{"time":0.2667,"name":"LZTB_huoquan008"},{"time":0.3,"name":"LZTB_huoquan009"},{"time":0.3333,"name":"LZTB_huoquan010"},{"time":0.3667,"name":"LZTB_huoquan011"},{"time":0.4,"name":"LZTB_huoquan012"},{"time":0.4333,"name":"LZTB_huoquan013"},{"time":0.4667,"name":"LZTB_huoquan014"},{"time":0.5,"name":"LZTB_huoquan015"},{"time":0.5333,"name":"LZTB_huoquan016"},{"time":0.5667,"name":"LZTB_huoquan017"},{"time":0.6,"name":"LZTB_huoquan018"},{"time":0.6333,"name":"LZTB_huoquan019"},{"time":0.6667,"name":"LZTB_huoquan020"},{"time":0.7,"name":"LZTB_huoquan021"},{"time":0.7333,"name":"LZTB_huoquan022"},{"time":0.7667,"name":"LZTB_huoquan023"},{"time":0.8,"name":"LZTB_huoquan024"},{"time":0.8333,"name":"LZTB_huoquan025"},{"time":0.8667,"name":"LZTB_huoquan026"},{"time":0.9,"name":"LZTB_huoquan027"},{"time":0.9333,"name":"LZTB_huoquan028"},{"time":0.9667,"name":"LZTB_huoquan029"},{"time":1,"name":"LZTB_huoquan030"},{"time":1.0333,"name":"LZTB_huoquan031"},{"time":1.0667,"name":"LZTB_huoquan032"},{"time":1.1,"name":"LZTB_huoquan033"},{"time":1.1333,"name":"LZTB_huoquan034"},{"time":1.1667,"name":"LZTB_huoquan035"},{"time":1.2,"name":"LZTB_huoquan036"},{"time":1.2333,"name":"LZTB_huoquan037"},{"time":1.2667,"name":"LZTB_huoquan038"},{"time":1.3,"name":"LZTB_huoquan039"},{"time":1.3333,"name":"LZTB_huoquan040"},{"time":1.3667,"name":"LZTB_huoquan041"},{"time":1.4,"name":"LZTB_huoquan042"},{"time":1.4333,"name":"LZTB_huoquan043"},{"time":1.4667,"name":"LZTB_huoquan044"},{"time":1.5,"name":"LZTB_huoquan045"},{"time":1.5333,"name":"LZTB_huoquan046"},{"time":1.5667,"name":"LZTB_huoquan047"},{"time":1.6,"name":"LZTB_huoquan048"},{"time":1.6333,"name":"LZTB_huoquan049"},{"time":1.6667,"name":"LZTB_huoquan050"},{"time":1.7,"name":"LZTB_huoquan051"},{"time":1.7333,"name":"LZTB_huoquan052"},{"time":1.7667,"name":"LZTB_huoquan053"},{"time":1.8,"name":"LZTB_huoquan054"},{"time":1.8333,"name":"LZTB_huoquan055"},{"time":1.8667,"name":"LZTB_huoquan056"},{"time":1.9,"name":"LZTB_huoquan057"},{"time":1.9333,"name":"LZTB_huoquan058"},{"time":1.9667,"name":"LZTB_huoquan059"}]}}}}},[0,1,2,3,4]]],0,0,[0,0,0,0,0],[-1,-2,-3,-4,-5],[3,4,5,6,7]]]]
