[1,["2drVIx8rpJKI5ErHsUxeZI@6c48a"],["_textureSource"],["cc.SpriteFrame"],0,[{"name":"SOUND","rect":{"x":0,"y":0,"width":142,"height":30},"offset":{"x":0,"y":0},"originalSize":{"width":142,"height":30},"rotated":false,"capInsets":[0,0,0,0],"vertices":{"rawPosition":[-71,-15,0,71,-15,0,-71,15,0,71,15,0],"indexes":[0,1,2,2,1,3],"uv":[0,30,142,30,0,0,142,0],"nuv":[0,0,1,0,0,1,1,1],"minPos":{"x":-71,"y":-15,"z":0},"maxPos":{"x":71,"y":15,"z":0}},"packable":true,"pixelsToUnit":100,"pivot":{"x":0.5,"y":0.5},"meshType":0}],[0],0,[0],[0],[0]]
