[1,["31EMytgRBNX7quG3ojhlqS@6c48a"],["_textureSource"],["cc.SpriteFrame"],0,[{"name":"sea_icon_treasurebox_06","rect":{"x":38,"y":85,"width":306,"height":292},"offset":{"x":-65,"y":25},"originalSize":{"width":512,"height":512},"rotated":false,"capInsets":[0,0,0,0],"vertices":{"rawPosition":[-153,-146,0,153,-146,0,-153,146,0,153,146,0],"indexes":[0,1,2,2,1,3],"uv":[38,427,344,427,38,135,344,135],"nuv":[0.07421875,0.263671875,0.671875,0.263671875,0.07421875,0.833984375,0.671875,0.833984375],"minPos":{"x":-153,"y":-146,"z":0},"maxPos":{"x":153,"y":146,"z":0}},"packable":true,"pixelsToUnit":100,"pivot":{"x":0.5,"y":0.5},"meshType":0}],[0],0,[0],[0],[0]]
