[1,["31jAm4DexPwL54f/gKlR2R@6c48a"],["_textureSource"],["cc.SpriteFrame"],0,[{"name":"sea_icon_treasurebox1_11","rect":{"x":168,"y":217,"width":238,"height":126},"offset":{"x":31,"y":-24},"originalSize":{"width":512,"height":512},"rotated":false,"capInsets":[0,0,0,0],"vertices":{"rawPosition":[-119,-63,0,119,-63,0,-119,63,0,119,63,0],"indexes":[0,1,2,2,1,3],"uv":[168,295,406,295,168,169,406,169],"nuv":[0.328125,0.330078125,0.79296875,0.330078125,0.328125,0.576171875,0.79296875,0.576171875],"minPos":{"x":-119,"y":-63,"z":0},"maxPos":{"x":119,"y":63,"z":0}},"packable":true,"pixelsToUnit":100,"pivot":{"x":0.5,"y":0.5},"meshType":0}],[0],0,[0],[0],[0]]
