[1,["99a7e4b7-b85c-44e7-9831-d8bc170100b7@6c48a"],["_textureSource"],["cc.SpriteFrame"],0,[{"name":"betText_base1","rect":{"x":0,"y":0,"width":362,"height":64},"offset":{"x":0,"y":0},"originalSize":{"width":362,"height":64},"rotated":false,"capInsets":[0,0,0,0],"vertices":{"rawPosition":[-181,-32,0,181,-32,0,-181,32,0,181,32,0],"indexes":[0,1,2,2,1,3],"uv":[0,64,362,64,0,0,362,0],"nuv":[0,0,1,0,0,1,1,1],"minPos":{"x":-181,"y":-32,"z":0},"maxPos":{"x":181,"y":32,"z":0}},"packable":true,"pixelsToUnit":100,"pivot":{"x":0.5,"y":0.5},"meshType":0}],[0],0,[0],[0],[0]]
