[1,["d0bak2uLlNgZ4t232ovirw@f9941","d0bak2uLlNgZ4t232ovirw@6c48a"],["spriteFrame","_textureSource"],["cc.SpriteFrame",["cc.BitmapFont",["_name","fontSize","fntConfig"],0]],[[1,0,1,2,4]],[[[[0,"fishdeadlabel",32,{"commonHeight":32,"fontSize":32,"atlasName":"fishdeadlabel.png","fontDefDictionary":{"43":{"xOffset":0,"yOffset":0,"xAdvance":39,"rect":{"x":0,"y":0,"width":39,"height":49}},"46":{"xOffset":0,"yOffset":0,"xAdvance":14,"rect":{"x":381,"y":0,"width":14,"height":49}},"48":{"xOffset":0,"yOffset":0,"xAdvance":34,"rect":{"x":185,"y":0,"width":34,"height":49}},"49":{"xOffset":0,"yOffset":0,"xAdvance":21,"rect":{"x":359,"y":0,"width":21,"height":49}},"50":{"xOffset":0,"yOffset":0,"xAdvance":35,"rect":{"x":77,"y":0,"width":35,"height":49}},"51":{"xOffset":0,"yOffset":0,"xAdvance":35,"rect":{"x":113,"y":0,"width":35,"height":49}},"52":{"xOffset":0,"yOffset":0,"xAdvance":33,"rect":{"x":325,"y":0,"width":33,"height":49}},"53":{"xOffset":0,"yOffset":0,"xAdvance":34,"rect":{"x":220,"y":0,"width":34,"height":49}},"54":{"xOffset":0,"yOffset":0,"xAdvance":34,"rect":{"x":255,"y":0,"width":34,"height":49}},"55":{"xOffset":0,"yOffset":0,"xAdvance":36,"rect":{"x":40,"y":0,"width":36,"height":49}},"56":{"xOffset":0,"yOffset":0,"xAdvance":34,"rect":{"x":290,"y":0,"width":34,"height":49}},"57":{"xOffset":0,"yOffset":0,"xAdvance":35,"rect":{"x":149,"y":0,"width":35,"height":49}}},"kerningDict":{}}]],0,0,[0],[0],[0]],[[{"name":"fishdeadlabel","rect":{"x":0,"y":1,"width":395,"height":43},"offset":{"x":-2.5,"y":2.5},"originalSize":{"width":400,"height":50},"rotated":false,"capInsets":[0,0,0,0],"vertices":{"rawPosition":[-197.5,-21.5,0,197.5,-21.5,0,-197.5,21.5,0,197.5,21.5,0],"indexes":[0,1,2,2,1,3],"uv":[0,49,395,49,0,6,395,6],"nuv":[0,0.12,0.9875,0.12,0,0.98,0.9875,0.98],"minPos":{"x":-197.5,"y":-21.5,"z":0},"maxPos":{"x":197.5,"y":21.5,"z":0}},"packable":true,"pixelsToUnit":100,"pivot":{"x":0.5,"y":0.5},"meshType":0}],[0],0,[0],[1],[1]]]]
