[1,["d9df3eac-0d39-4ca2-9fc3-47d2b6b5089e@6c48a","059e320a-cb55-40be-ab61-20d66bbb6661@f7711","059e320a-cb55-40be-ab61-20d66bbb6661@1448d","059e320a-cb55-40be-ab61-20d66bbb6661@4228e","059e320a-cb55-40be-ab61-20d66bbb6661@930a5","059e320a-cb55-40be-ab61-20d66bbb6661@62459","059e320a-cb55-40be-ab61-20d66bbb6661@2f615","059e320a-cb55-40be-ab61-20d66bbb6661@d8bc7","059e320a-cb55-40be-ab61-20d66bbb6661@a16fa","059e320a-cb55-40be-ab61-20d66bbb6661@6f33b","059e320a-cb55-40be-ab61-20d66bbb6661@d7979","059e320a-cb55-40be-ab61-20d66bbb6661@931a4","059e320a-cb55-40be-ab61-20d66bbb6661@1e2ed","059e320a-cb55-40be-ab61-20d66bbb6661@f8d02","059e320a-cb55-40be-ab61-20d66bbb6661@3f632","059e320a-cb55-40be-ab61-20d66bbb6661@3e562","059e320a-cb55-40be-ab61-20d66bbb6661@85ee5","059e320a-cb55-40be-ab61-20d66bbb6661@7cb8e","059e320a-cb55-40be-ab61-20d66bbb6661@6866a","059e320a-cb55-40be-ab61-20d66bbb6661@8b9d1","059e320a-cb55-40be-ab61-20d66bbb6661@c114e","059e320a-cb55-40be-ab61-20d66bbb6661@eece9","059e320a-cb55-40be-ab61-20d66bbb6661@8f39a","059e320a-cb55-40be-ab61-20d66bbb6661@55423","059e320a-cb55-40be-ab61-20d66bbb6661@14ae2","059e320a-cb55-40be-ab61-20d66bbb6661@61660"],["_textureSource"],["cc.SpriteFrame","cc.SpriteAtlas"],0,[[[{"name":"fish24","spriteFrames":["fish24_1","059e320a-cb55-40be-ab61-20d66bbb6661@f7711","fish24_10","059e320a-cb55-40be-ab61-20d66bbb6661@1448d","fish24_11","059e320a-cb55-40be-ab61-20d66bbb6661@4228e","fish24_12","059e320a-cb55-40be-ab61-20d66bbb6661@930a5","fish24_13","059e320a-cb55-40be-ab61-20d66bbb6661@62459","fish24_14","059e320a-cb55-40be-ab61-20d66bbb6661@2f615","fish24_15","059e320a-cb55-40be-ab61-20d66bbb6661@d8bc7","fish24_16","059e320a-cb55-40be-ab61-20d66bbb6661@a16fa","fish24_17","059e320a-cb55-40be-ab61-20d66bbb6661@6f33b","fish24_18","059e320a-cb55-40be-ab61-20d66bbb6661@d7979","fish24_19","059e320a-cb55-40be-ab61-20d66bbb6661@931a4","fish24_2","059e320a-cb55-40be-ab61-20d66bbb6661@1e2ed","fish24_20","059e320a-cb55-40be-ab61-20d66bbb6661@f8d02","fish24_21","059e320a-cb55-40be-ab61-20d66bbb6661@3f632","fish24_22","059e320a-cb55-40be-ab61-20d66bbb6661@3e562","fish24_23","059e320a-cb55-40be-ab61-20d66bbb6661@85ee5","fish24_24","059e320a-cb55-40be-ab61-20d66bbb6661@7cb8e","fish24_25","059e320a-cb55-40be-ab61-20d66bbb6661@6866a","fish24_3","059e320a-cb55-40be-ab61-20d66bbb6661@8b9d1","fish24_4","059e320a-cb55-40be-ab61-20d66bbb6661@c114e","fish24_5","059e320a-cb55-40be-ab61-20d66bbb6661@eece9","fish24_6","059e320a-cb55-40be-ab61-20d66bbb6661@8f39a","fish24_7","059e320a-cb55-40be-ab61-20d66bbb6661@55423","fish24_8","059e320a-cb55-40be-ab61-20d66bbb6661@14ae2","fish24_9","059e320a-cb55-40be-ab61-20d66bbb6661@61660"]}],[1],0,[0,0,0,0,0,0,0,0,0,0,0,0,0,0,0,0,0,0,0,0,0,0,0,0,0],[0,0,0,0,0,0,0,0,0,0,0,0,0,0,0,0,0,0,0,0,0,0,0,0,0],[1,2,3,4,5,6,7,8,9,10,11,12,13,14,15,16,17,18,19,20,21,22,23,24,25]],[[{"name":"fish24_10","rect":{"x":397,"y":512,"width":393,"height":249},"offset":{"x":5,"y":-5},"originalSize":{"width":419,"height":317},"rotated":false,"capInsets":[0,0,0,0],"vertices":{"rawPosition":[],"indexes":[],"uv":[],"nuv":[],"minPos":{"x":0,"y":0,"z":0},"maxPos":{"x":0,"y":0,"z":0}},"packable":true,"pixelsToUnit":100,"pivot":{"x":0.5,"y":0.5},"meshType":0}],[0],0,[0],[0],[0]],[[{"name":"fish24_8","rect":{"x":796,"y":508,"width":393,"height":249},"offset":{"x":4,"y":-7},"originalSize":{"width":419,"height":317},"rotated":false,"capInsets":[0,0,0,0],"vertices":{"rawPosition":[],"indexes":[],"uv":[],"nuv":[],"minPos":{"x":0,"y":0,"z":0},"maxPos":{"x":0,"y":0,"z":0}},"packable":true,"pixelsToUnit":100,"pivot":{"x":0.5,"y":0.5},"meshType":0}],[0],0,[0],[0],[0]],[[{"name":"fish24_2","rect":{"x":2,"y":253,"width":397,"height":251},"offset":{"x":-7,"y":4},"originalSize":{"width":419,"height":317},"rotated":false,"capInsets":[0,0,0,0],"vertices":{"rawPosition":[],"indexes":[],"uv":[],"nuv":[],"minPos":{"x":0,"y":0,"z":0},"maxPos":{"x":0,"y":0,"z":0}},"packable":true,"pixelsToUnit":100,"pivot":{"x":0.5,"y":0.5},"meshType":0}],[0],0,[0],[0],[0]],[[{"name":"fish24_14","rect":{"x":2,"y":759,"width":391,"height":253},"offset":{"x":9,"y":7},"originalSize":{"width":419,"height":317},"rotated":false,"capInsets":[0,0,0,0],"vertices":{"rawPosition":[],"indexes":[],"uv":[],"nuv":[],"minPos":{"x":0,"y":0,"z":0},"maxPos":{"x":0,"y":0,"z":0}},"packable":true,"pixelsToUnit":100,"pivot":{"x":0.5,"y":0.5},"meshType":0}],[0],0,[0],[0],[0]],[[{"name":"fish24_22","rect":{"x":1574,"y":755,"width":369,"height":255},"offset":{"x":7,"y":10},"originalSize":{"width":419,"height":317},"rotated":false,"capInsets":[0,0,0,0],"vertices":{"rawPosition":[],"indexes":[],"uv":[],"nuv":[],"minPos":{"x":0,"y":0,"z":0},"maxPos":{"x":0,"y":0,"z":0}},"packable":true,"pixelsToUnit":100,"pivot":{"x":0.5,"y":0.5},"meshType":0}],[0],0,[0],[0],[0]],[[{"name":"fish24_21","rect":{"x":1175,"y":767,"width":367,"height":259},"offset":{"x":12,"y":10},"originalSize":{"width":419,"height":317},"rotated":false,"capInsets":[0,0,0,0],"vertices":{"rawPosition":[],"indexes":[],"uv":[],"nuv":[],"minPos":{"x":0,"y":0,"z":0},"maxPos":{"x":0,"y":0,"z":0}},"packable":true,"pixelsToUnit":100,"pivot":{"x":0.5,"y":0.5},"meshType":0}],[0],0,[0],[0],[0]],[[{"name":"fish24_11","rect":{"x":1199,"y":255,"width":395,"height":251},"offset":{"x":6,"y":-1},"originalSize":{"width":419,"height":317},"rotated":false,"capInsets":[0,0,0,0],"vertices":{"rawPosition":[],"indexes":[],"uv":[],"nuv":[],"minPos":{"x":0,"y":0,"z":0},"maxPos":{"x":0,"y":0,"z":0}},"packable":true,"pixelsToUnit":100,"pivot":{"x":0.5,"y":0.5},"meshType":0}],[0],0,[0],[0],[0]],[[{"name":"fish24_7","rect":{"x":1199,"y":2,"width":395,"height":251},"offset":{"x":4,"y":-7},"originalSize":{"width":419,"height":317},"rotated":false,"capInsets":[0,0,0,0],"vertices":{"rawPosition":[],"indexes":[],"uv":[],"nuv":[],"minPos":{"x":0,"y":0,"z":0},"maxPos":{"x":0,"y":0,"z":0}},"packable":true,"pixelsToUnit":100,"pivot":{"x":0.5,"y":0.5},"meshType":0}],[0],0,[0],[0],[0]],[[{"name":"fish24_9","rect":{"x":796,"y":257,"width":393,"height":249},"offset":{"x":5,"y":-6},"originalSize":{"width":419,"height":317},"rotated":false,"capInsets":[0,0,0,0],"vertices":{"rawPosition":[],"indexes":[],"uv":[],"nuv":[],"minPos":{"x":0,"y":0,"z":0},"maxPos":{"x":0,"y":0,"z":0}},"packable":true,"pixelsToUnit":100,"pivot":{"x":0.5,"y":0.5},"meshType":0}],[0],0,[0],[0],[0]],[[{"name":"fish24_13","rect":{"x":401,"y":257,"width":393,"height":253},"offset":{"x":9,"y":5},"originalSize":{"width":419,"height":317},"rotated":false,"capInsets":[0,0,0,0],"vertices":{"rawPosition":[],"indexes":[],"uv":[],"nuv":[],"minPos":{"x":0,"y":0,"z":0},"maxPos":{"x":0,"y":0,"z":0}},"packable":true,"pixelsToUnit":100,"pivot":{"x":0.5,"y":0.5},"meshType":0}],[0],0,[0],[0],[0]],[[{"name":"fish24_25","rect":{"x":2,"y":506,"width":393,"height":251},"offset":{"x":-1,"y":7},"originalSize":{"width":419,"height":317},"rotated":false,"capInsets":[0,0,0,0],"vertices":{"rawPosition":[],"indexes":[],"uv":[],"nuv":[],"minPos":{"x":0,"y":0,"z":0},"maxPos":{"x":0,"y":0,"z":0}},"packable":true,"pixelsToUnit":100,"pivot":{"x":0.5,"y":0.5},"meshType":0}],[0],0,[0],[0],[0]],[[{"name":"fish24_17","rect":{"x":774,"y":1014,"width":365,"height":265},"offset":{"x":19,"y":11},"originalSize":{"width":419,"height":317},"rotated":false,"capInsets":[0,0,0,0],"vertices":{"rawPosition":[],"indexes":[],"uv":[],"nuv":[],"minPos":{"x":0,"y":0,"z":0},"maxPos":{"x":0,"y":0,"z":0}},"packable":true,"pixelsToUnit":100,"pivot":{"x":0.5,"y":0.5},"meshType":0}],[0],0,[0],[0],[0]],[[{"name":"fish24_24","rect":{"x":792,"y":759,"width":381,"height":253},"offset":{"x":1,"y":9},"originalSize":{"width":419,"height":317},"rotated":false,"capInsets":[0,0,0,0],"vertices":{"rawPosition":[],"indexes":[],"uv":[],"nuv":[],"minPos":{"x":0,"y":0,"z":0},"maxPos":{"x":0,"y":0,"z":0}},"packable":true,"pixelsToUnit":100,"pivot":{"x":0.5,"y":0.5},"meshType":0}],[0],0,[0],[0],[0]],[[{"name":"fish24_23","rect":{"x":2,"y":1014,"width":373,"height":253},"offset":{"x":3,"y":9},"originalSize":{"width":419,"height":317},"rotated":false,"capInsets":[0,0,0,0],"vertices":{"rawPosition":[],"indexes":[],"uv":[],"nuv":[],"minPos":{"x":0,"y":0,"z":0},"maxPos":{"x":0,"y":0,"z":0}},"packable":true,"pixelsToUnit":100,"pivot":{"x":0.5,"y":0.5},"meshType":0}],[0],0,[0],[0],[0]],[[{"name":"fish24_3","rect":{"x":1596,"y":2,"width":395,"height":251},"offset":{"x":-7,"y":0},"originalSize":{"width":419,"height":317},"rotated":false,"capInsets":[0,0,0,0],"vertices":{"rawPosition":[],"indexes":[],"uv":[],"nuv":[],"minPos":{"x":0,"y":0,"z":0},"maxPos":{"x":0,"y":0,"z":0}},"packable":true,"pixelsToUnit":100,"pivot":{"x":0.5,"y":0.5},"meshType":0}],[0],0,[0],[0],[0]],[[{"name":"fish24_6","rect":{"x":1596,"y":255,"width":395,"height":249},"offset":{"x":1,"y":-7},"originalSize":{"width":419,"height":317},"rotated":false,"capInsets":[0,0,0,0],"vertices":{"rawPosition":[],"indexes":[],"uv":[],"nuv":[],"minPos":{"x":0,"y":0,"z":0},"maxPos":{"x":0,"y":0,"z":0}},"packable":true,"pixelsToUnit":100,"pivot":{"x":0.5,"y":0.5},"meshType":0}],[0],0,[0],[0],[0]],[[{"name":"fish24_12","rect":{"x":802,"y":2,"width":395,"height":253},"offset":{"x":7,"y":1},"originalSize":{"width":419,"height":317},"rotated":false,"capInsets":[0,0,0,0],"vertices":{"rawPosition":[],"indexes":[],"uv":[],"nuv":[],"minPos":{"x":0,"y":0,"z":0},"maxPos":{"x":0,"y":0,"z":0}},"packable":true,"pixelsToUnit":100,"pivot":{"x":0.5,"y":0.5},"meshType":0}],[0],0,[0],[0],[0]],[[{"name":"fish24_19","rect":{"x":1544,"y":1012,"width":353,"height":267},"offset":{"x":17,"y":12},"originalSize":{"width":419,"height":317},"rotated":false,"capInsets":[0,0,0,0],"vertices":{"rawPosition":[],"indexes":[],"uv":[],"nuv":[],"minPos":{"x":0,"y":0,"z":0},"maxPos":{"x":0,"y":0,"z":0}},"packable":true,"pixelsToUnit":100,"pivot":{"x":0.5,"y":0.5},"meshType":0}],[0],0,[0],[0],[0]],[[{"name":"fish24_16","rect":{"x":395,"y":763,"width":377,"height":259},"offset":{"x":16,"y":10},"originalSize":{"width":419,"height":317},"rotated":false,"capInsets":[0,0,0,0],"vertices":{"rawPosition":[],"indexes":[],"uv":[],"nuv":[],"minPos":{"x":0,"y":0,"z":0},"maxPos":{"x":0,"y":0,"z":0}},"packable":true,"pixelsToUnit":100,"pivot":{"x":0.5,"y":0.5},"meshType":0}],[0],0,[0],[0],[0]],[[{"name":"fish24_4","rect":{"x":2,"y":2,"width":399,"height":249},"offset":{"x":-4,"y":-2},"originalSize":{"width":419,"height":317},"rotated":false,"capInsets":[0,0,0,0],"vertices":{"rawPosition":[],"indexes":[],"uv":[],"nuv":[],"minPos":{"x":0,"y":0,"z":0},"maxPos":{"x":0,"y":0,"z":0}},"packable":true,"pixelsToUnit":100,"pivot":{"x":0.5,"y":0.5},"meshType":0}],[0],0,[0],[0],[0]],[[{"name":"fish24_18","rect":{"x":377,"y":1024,"width":361,"height":267},"offset":{"x":20,"y":12},"originalSize":{"width":419,"height":317},"rotated":false,"capInsets":[0,0,0,0],"vertices":{"rawPosition":[],"indexes":[],"uv":[],"nuv":[],"minPos":{"x":0,"y":0,"z":0},"maxPos":{"x":0,"y":0,"z":0}},"packable":true,"pixelsToUnit":100,"pivot":{"x":0.5,"y":0.5},"meshType":0}],[0],0,[0],[0],[0]],[[{"name":"fish24_15","rect":{"x":1191,"y":508,"width":381,"height":257},"offset":{"x":12,"y":10},"originalSize":{"width":419,"height":317},"rotated":false,"capInsets":[0,0,0,0],"vertices":{"rawPosition":[],"indexes":[],"uv":[],"nuv":[],"minPos":{"x":0,"y":0,"z":0},"maxPos":{"x":0,"y":0,"z":0}},"packable":true,"pixelsToUnit":100,"pivot":{"x":0.5,"y":0.5},"meshType":0}],[0],0,[0],[0],[0]],[[{"name":"fish24_5","rect":{"x":1596,"y":506,"width":395,"height":247},"offset":{"x":0,"y":-6},"originalSize":{"width":419,"height":317},"rotated":false,"capInsets":[0,0,0,0],"vertices":{"rawPosition":[],"indexes":[],"uv":[],"nuv":[],"minPos":{"x":0,"y":0,"z":0},"maxPos":{"x":0,"y":0,"z":0}},"packable":true,"pixelsToUnit":100,"pivot":{"x":0.5,"y":0.5},"meshType":0}],[0],0,[0],[0],[0]],[[{"name":"fish24_1","rect":{"x":403,"y":2,"width":397,"height":253},"offset":{"x":-2,"y":6},"originalSize":{"width":419,"height":317},"rotated":false,"capInsets":[0,0,0,0],"vertices":{"rawPosition":[],"indexes":[],"uv":[],"nuv":[],"minPos":{"x":0,"y":0,"z":0},"maxPos":{"x":0,"y":0,"z":0}},"packable":true,"pixelsToUnit":100,"pivot":{"x":0.5,"y":0.5},"meshType":0}],[0],0,[0],[0],[0]],[[{"name":"fish24_20","rect":{"x":2,"y":1269,"width":359,"height":265},"offset":{"x":16,"y":12},"originalSize":{"width":419,"height":317},"rotated":false,"capInsets":[0,0,0,0],"vertices":{"rawPosition":[],"indexes":[],"uv":[],"nuv":[],"minPos":{"x":0,"y":0,"z":0},"maxPos":{"x":0,"y":0,"z":0}},"packable":true,"pixelsToUnit":100,"pivot":{"x":0.5,"y":0.5},"meshType":0}],[0],0,[0],[0],[0]]]]
