[1,["13f086d64@6c48a"],["_textureSource"],["cc.SpriteFrame","cc.SpriteAtlas"],0,[[[{"name":"img_suto_title_bg","rect":{"x":3,"y":356,"width":498,"height":85},"offset":{"x":0,"y":0},"originalSize":{"width":498,"height":85},"rotated":false,"capInsets":[0,0,0,0],"packable":true,"pixelsToUnit":100,"pivot":{"x":0.5,"y":0.5},"meshType":0}],[0],0,[0],[0],[0]],[[{"name":"dl_olps_btn_off","rect":{"x":372,"y":76,"width":31,"height":32},"offset":{"x":0.5,"y":0},"originalSize":{"width":32,"height":32},"rotated":true,"capInsets":[0,0,0,0],"packable":true,"pixelsToUnit":100,"pivot":{"x":0.5,"y":0.5},"meshType":0}],[0],0,[0],[0],[0]],[[{"name":"auto_bar","spriteFrames":["dl_olps_box","6exBlNCwxBDaREDQxoRXGr@f9941","tishi_4","e8Ja4DqqlO24S28pUTJTZk@f9941","img_suto_bg","77i9OD74RDpanaBGKNciQN@f9941","dl_olps_btn_spin","02/7E18SFBXYVxBDW8c7pC@f9941","dl_olps_jinebox","4c1/x+WydNlasUtlQjIFrh@f9941","tishi_2","41YvPTIhBN1ou0zigaBI/i@f9941","dl_olps_btn_jia","6e0qGyhe9NQoeeJTpAnRZl@f9941","dl_olps_btn_autoSPINSETTING","b1ZMt/ULVIgITQxOXAc/mT@f9941","dl_olps_zi_stop","7f0aDAiFdOtLZ0yYCFCSs2@f9941","tishi_3","761VIAUe1P56M9TGEq1O4Z@f9941","dl_olps_btn_spin _1","27oVUaQMtEy77n+etqtSHK@f9941","di_olps_btn_CONFIRM","bfFye3TIJBBoZ/fjXrxLDR@f9941","MUSIC","707uOwSsNIvrNQHfjjFrv/@f9941","dl_olps_winbox","29Fox0/bxF9LBs3lm9A4DF@f9941","dl_shezhi_guan","f1yppkzshPk7NEYyI+lJCJ@f9941","dl_opls_zidongbox_dibox","244UojQyJIYYSHH3pSHCrd@f9941","SOUND","dfi6nJkw1FLJZbQRD8TPPM@f9941","dl_olps_zi_PENGATURAN","100TkOYfNHQ4pCSC6sBQft@f9941","tishi_1","e9xRQNRe9PWZyM/17Rww2d@f9941","di_opls_btn_zidong_1","31U40nkxNHGbxwveeC07A/@f9941","dl_olps_zi_goodluck","3beFgS0+JETpJS72qk/1XB@f9941","di_opls_btn_zidong_0","4fAH/67klFb6X8HB0OxWaJ@f9941","dl_olps_zi_spin","d0vB0MD5JI0bXK11f5LNcM@f9941","dl_olps_zi_auto","feIKGQB9xAYLeor5A8bh0u@f9941","dl_olps_zi_WIN","0dkj0zcB5DD6MWh0U91KVd@f9941","dl_olps_icon_stop_1","a0HsoScAlGFoJ9L++tOVfF@f9941","dl_olps_icon_stop","e5AZr0FsVPZ594M7rYW5DE@f9941","dl_olps_caicanbox","7cYpbGs+REkLKdbrgoeckc@f9941","img_suto_title_bg","0dXAQOldhIUa3KnU0lZ1PH@f9941","dl_olps_icon_spin_1","32YedVcgFAeY4zeX7tio4f@f9941","dl_shezhi_kai","e6Pm51j5tHfL6xZ1xr7HAK@f9941","dl_olps_icon_spin","89jGn5KVZJHrzWeweWwZWw@f9941","dl_olps_btn_auto1","4feLQQxCJPCYw3geQA8uov@f9941","dl_olps_btn_auto","9eVEbM6itAzKQRP021xwPF@f9941","dl_olps_btn_off","17pIIGW8tJe5/Y/DIjTTH2@f9941","dl_olps_btn_caidan","3bEsdPVJ5GY7/T/aZsdCp4@f9941","dl_olps_btn_guize","2edBtt5exBOZH4ChWp59Cs@f9941","dl_olps_btn_likai","4eMTqHPghK76ae10HJ9qmY@f9941","dl_olps_btn_kuai_1","372+LJidZE8J6mrpjoBcVj@f9941","dl_olps_btn_vip","8eAGrE8utFtZidHhqPn9MS@f9941","dl_olps_btn_kuai_0","aaldj71WJN1ZDQhs5s+D82@f9941","dl_olps_btn_xiazhujian_0","86nzCfoUtBCZRlHFYUOfDs@f9941","dl_olps_btn_shezhi","beQYQdxgFN8YSooKlT96SK@f9941","dl_olps_btn_xiazhujian","98U3sNvzlJfLuxkjju6N3V@f9941","dl_olps_btn_xiazhujia_0","ceD2iYmtpOOrNlx6hLUifu@f9941","dl_olps_btn_xiazhujia","e1LajAoxdJSbP/LWX93vI0@f9941"]}],[1],0,[],[],[]],[[{"name":"dl_olps_btn_guize","rect":{"x":226,"y":196,"width":82,"height":63},"offset":{"x":0,"y":0},"originalSize":{"width":82,"height":63},"rotated":true,"capInsets":[0,0,0,0],"packable":true,"pixelsToUnit":100,"pivot":{"x":0.5,"y":0.5},"meshType":0}],[0],0,[0],[0],[0]],[[{"name":"dl_olps_icon_spin_1","rect":{"x":130,"y":3,"width":115,"height":108},"offset":{"x":0,"y":0},"originalSize":{"width":115,"height":108},"rotated":false,"capInsets":[0,0,0,0],"packable":true,"pixelsToUnit":100,"pivot":{"x":0.5,"y":0.5},"meshType":0}],[0],0,[0],[0],[0]],[[{"name":"dl_olps_btn_kuai_1","rect":{"x":295,"y":196,"width":51,"height":64},"offset":{"x":0,"y":0},"originalSize":{"width":51,"height":64},"rotated":false,"capInsets":[0,0,0,0],"packable":true,"pixelsToUnit":100,"pivot":{"x":0.5,"y":0.5},"meshType":0}],[0],0,[0],[0],[0]],[[{"name":"dl_olps_btn_caidan","rect":{"x":130,"y":196,"width":90,"height":65},"offset":{"x":0,"y":0},"originalSize":{"width":90,"height":65},"rotated":false,"capInsets":[0,0,0,0],"packable":true,"pixelsToUnit":100,"pivot":{"x":0.5,"y":0.5},"meshType":0}],[0],0,[0],[0],[0]],[[{"name":"dl_olps_btn_likai","rect":{"x":130,"y":267,"width":82,"height":62},"offset":{"x":0,"y":0},"originalSize":{"width":82,"height":62},"rotated":false,"capInsets":[0,0,0,0],"packable":true,"pixelsToUnit":100,"pivot":{"x":0.5,"y":0.5},"meshType":0}],[0],0,[0],[0],[0]],[[{"name":"dl_olps_btn_auto1","rect":{"x":356,"y":117,"width":96,"height":67},"offset":{"x":0,"y":0},"originalSize":{"width":96,"height":67},"rotated":true,"capInsets":[0,0,0,0],"packable":true,"pixelsToUnit":100,"pivot":{"x":0.5,"y":0.5},"meshType":0}],[0],0,[0],[0],[0]],[[{"name":"dl_olps_caicanbox","rect":{"x":3,"y":3,"width":121,"height":347},"offset":{"x":0,"y":0},"originalSize":{"width":121,"height":347},"rotated":false,"capInsets":[0,0,0,0],"packable":true,"pixelsToUnit":100,"pivot":{"x":0.5,"y":0.5},"meshType":0}],[0],0,[0],[0],[0]],[[{"name":"dl_olps_btn_xiazhujian_0","rect":{"x":218,"y":284,"width":57,"height":64},"offset":{"x":0,"y":0},"originalSize":{"width":57,"height":64},"rotated":true,"capInsets":[0,0,0,0],"packable":true,"pixelsToUnit":100,"pivot":{"x":0.5,"y":0.5},"meshType":0}],[0],0,[0],[0],[0]],[[{"name":"dl_olps_icon_spin","rect":{"x":251,"y":3,"width":115,"height":108},"offset":{"x":0,"y":0},"originalSize":{"width":115,"height":108},"rotated":false,"capInsets":[0,0,0,0],"packable":true,"pixelsToUnit":100,"pivot":{"x":0.5,"y":0.5},"meshType":0}],[0],0,[0],[0],[0]],[[{"name":"dl_olps_btn_vip","rect":{"x":352,"y":219,"width":82,"height":62},"offset":{"x":0,"y":0},"originalSize":{"width":82,"height":62},"rotated":false,"capInsets":[0,0,0,0],"packable":true,"pixelsToUnit":100,"pivot":{"x":0.5,"y":0.5},"meshType":0}],[0],0,[0],[0],[0]],[[{"name":"dl_olps_btn_xiazhujian","rect":{"x":352,"y":287,"width":57,"height":64},"offset":{"x":0,"y":0},"originalSize":{"width":57,"height":64},"rotated":true,"capInsets":[0,0,0,0],"packable":true,"pixelsToUnit":100,"pivot":{"x":0.5,"y":0.5},"meshType":0}],[0],0,[0],[0],[0]],[[{"name":"dl_olps_btn_auto","rect":{"x":372,"y":3,"width":96,"height":67},"offset":{"x":0,"y":0},"originalSize":{"width":96,"height":67},"rotated":false,"capInsets":[0,0,0,0],"packable":true,"pixelsToUnit":100,"pivot":{"x":0.5,"y":0.5},"meshType":0}],[0],0,[0],[0],[0]],[[{"name":"dl_olps_btn_kuai_0","rect":{"x":295,"y":266,"width":51,"height":64},"offset":{"x":0,"y":0},"originalSize":{"width":51,"height":64},"rotated":false,"capInsets":[0,0,0,0],"packable":true,"pixelsToUnit":100,"pivot":{"x":0.5,"y":0.5},"meshType":0}],[0],0,[0],[0],[0]],[[{"name":"dl_olps_btn_shezhi","rect":{"x":429,"y":76,"width":82,"height":62},"offset":{"x":0,"y":0},"originalSize":{"width":82,"height":62},"rotated":true,"capInsets":[0,0,0,0],"packable":true,"pixelsToUnit":100,"pivot":{"x":0.5,"y":0.5},"meshType":0}],[0],0,[0],[0],[0]],[[{"name":"dl_olps_btn_xiazhujia_0","rect":{"x":422,"y":287,"width":57,"height":64},"offset":{"x":0,"y":0},"originalSize":{"width":57,"height":64},"rotated":true,"capInsets":[0,0,0,0],"packable":true,"pixelsToUnit":100,"pivot":{"x":0.5,"y":0.5},"meshType":0}],[0],0,[0],[0],[0]],[[{"name":"dl_olps_btn_xiazhujia","rect":{"x":440,"y":164,"width":57,"height":64},"offset":{"x":0,"y":0},"originalSize":{"width":57,"height":64},"rotated":false,"capInsets":[0,0,0,0],"packable":true,"pixelsToUnit":100,"pivot":{"x":0.5,"y":0.5},"meshType":0}],[0],0,[0],[0],[0]],[[{"name":"dl_shezhi_kai","rect":{"x":130,"y":117,"width":220,"height":73},"offset":{"x":0,"y":0},"originalSize":{"width":220,"height":73},"rotated":false,"capInsets":[0,0,0,0],"packable":true,"pixelsToUnit":100,"pivot":{"x":0.5,"y":0.5},"meshType":0}],[0],0,[0],[0],[0]]]]
