[1,["7bAPo1FeNExbhg+OPcfUkQ@f9941","7bAPo1FeNExbhg+OPcfUkQ@6c48a"],["spriteFrame","_textureSource"],["cc.SpriteFrame",["cc.BitmapFont",["_name","fontSize","fntConfig"],0]],[[1,0,1,2,4]],[[[[0,"shuzi_zhongjiangkuang",32,{"commonHeight":32,"fontSize":32,"atlasName":"shuzi_zhongjiangkuang_0.png","fontDefDictionary":{"44":{"xOffset":0,"yOffset":33,"xAdvance":15,"rect":{"x":92,"y":50,"width":15,"height":26}},"46":{"xOffset":0,"yOffset":33,"xAdvance":15,"rect":{"x":108,"y":50,"width":15,"height":16}},"48":{"xOffset":0,"yOffset":0,"xAdvance":37,"rect":{"x":0,"y":0,"width":37,"height":49}},"49":{"xOffset":0,"yOffset":0,"xAdvance":23,"rect":{"x":0,"y":50,"width":23,"height":49}},"50":{"xOffset":0,"yOffset":0,"xAdvance":33,"rect":{"x":221,"y":0,"width":33,"height":49}},"51":{"xOffset":0,"yOffset":0,"xAdvance":34,"rect":{"x":186,"y":0,"width":34,"height":49}},"52":{"xOffset":0,"yOffset":0,"xAdvance":37,"rect":{"x":38,"y":0,"width":37,"height":49}},"53":{"xOffset":0,"yOffset":0,"xAdvance":33,"rect":{"x":24,"y":50,"width":33,"height":48}},"54":{"xOffset":0,"yOffset":0,"xAdvance":36,"rect":{"x":76,"y":0,"width":36,"height":49}},"55":{"xOffset":0,"yOffset":0,"xAdvance":33,"rect":{"x":58,"y":50,"width":33,"height":48}},"56":{"xOffset":0,"yOffset":0,"xAdvance":35,"rect":{"x":150,"y":0,"width":35,"height":49}},"57":{"xOffset":0,"yOffset":0,"xAdvance":36,"rect":{"x":113,"y":0,"width":36,"height":49}}},"kerningDict":{}}]],0,0,[0],[0],[0]],[[{"name":"shuzi_zhongjiangkuang_0","rect":{"x":0,"y":0,"width":254,"height":99},"offset":{"x":-1,"y":78.5},"originalSize":{"width":256,"height":256},"rotated":false,"capInsets":[0,0,0,0],"vertices":{"rawPosition":[-127,-49.5,0,127,-49.5,0,-127,49.5,0,127,49.5,0],"indexes":[0,1,2,2,1,3],"uv":[0,256,254,256,0,157,254,157],"nuv":[0,0.61328125,0.9921875,0.61328125,0,1,0.9921875,1],"minPos":{"x":-127,"y":-49.5,"z":0},"maxPos":{"x":127,"y":49.5,"z":0}},"packable":true,"pixelsToUnit":100,"pivot":{"x":0.5,"y":0.5},"meshType":0}],[0],0,[0],[1],[1]]]]
