[1,["7de5bP3iFAJZE9ZbrpTp6u@6c48a"],["_textureSource"],["cc.SpriteFrame"],0,[{"name":"xyx_minor","rect":{"x":2,"y":2,"width":766,"height":280},"offset":{"x":-127,"y":114},"originalSize":{"width":1024,"height":512},"rotated":false,"capInsets":[0,0,0,0],"vertices":{"rawPosition":[-383,-140,0,383,-140,0,-383,140,0,383,140,0],"indexes":[0,1,2,2,1,3],"uv":[2,510,768,510,2,230,768,230],"nuv":[0.001953125,0.44921875,0.75,0.44921875,0.001953125,0.99609375,0.75,0.99609375],"minPos":{"x":-383,"y":-140,"z":0},"maxPos":{"x":383,"y":140,"z":0}},"packable":true,"pixelsToUnit":100,"pivot":{"x":0.5,"y":0.5},"meshType":0}],[0],0,[0],[0],[0]]
