[1,["01LcbQE1lNdai+TGMLh5GL@6c48a"],["_textureSource"],["cc.SpriteFrame"],0,[{"name":"yuanbao","rect":{"x":0,"y":0,"width":114,"height":85},"offset":{"x":0,"y":0},"originalSize":{"width":114,"height":85},"rotated":false,"capInsets":[0,0,0,0],"vertices":{"rawPosition":[-57,-42.5,0,57,-42.5,0,-57,42.5,0,57,42.5,0],"indexes":[0,1,2,2,1,3],"uv":[0,85,114,85,0,0,114,0],"nuv":[0,0,1,0,0,1,1,1],"minPos":{"x":-57,"y":-42.5,"z":0},"maxPos":{"x":57,"y":42.5,"z":0}},"packable":true,"pixelsToUnit":100,"pivot":{"x":0.5,"y":0.5},"meshType":0}],[0],0,[0],[0],[0]]
