[1,["92TV9zMHNBUYnWqxQ8WrUV@f9941","9edGCRrpRAtq/bkmWVqLiC","190iB6ED1HjIdsWwju9t1J@6c48a","190iB6ED1HjIdsWwju9t1J@f9941","f5FbxlrnJIWrDtj/oTafi8","27Peh0hEJKgrkwW3zFZtuz@f9941","22+Yua+TdIN6JwiF7mxoRC@f9941","92TV9zMHNBUYnWqxQ8WrUV@6c48a"],["node","_spriteFrame","_textureSource","_atlas","root","_barSprite","data","_file","spriteFrame"],[["cc.Node",["_name","_layer","_components","_prefab","_parent","_lpos","_children"],1,9,4,1,5,2],["cc.UITransform",["node","__prefab","_contentSize","_anchorPoint"],3,1,4,5,5],["cc.Sprite",["_sizeMode","_type","_isTrimmedMode","node","__prefab","_spriteFrame","_atlas"],0,1,4,6,6],"cc.SpriteFrame",["cc.Label",["_string","_actualFontSize","_fontSize","_lineHeight","node","__prefab","_color"],-1,1,4,5],["cc.Prefab",["_name"],2],["cc.Node",["_name","_layer","_parent","_children","_components","_prefab","_lpos"],1,1,2,12,4,5],["cc.CompPrefabInfo",["fileId"],2],["cc.Widget",["_alignFlags","_originalWidth","_originalHeight","node","__prefab"],0,1,4],["cc.PrefabInfo",["fileId","instance","targetOverrides","nestedPrefabInstanceRoots","root","asset"],-1,1,1],["cc.ProgressBar",["_totalLength","_progress","node","__prefab","_barSprite"],1,1,4,1],["cc.Layout",["_layoutType","_horizontalDirection","node","__prefab"],1,1,4],["cc.ParticleSystem2D",["_dstBlendFactor","emissionRate","life","lifeVar","angle","angleVar","startSize","startSizeVar","endSize","speed","speedVar","tangentialAccel","_totalParticles","node","__prefab","posVar","_startColor","_startColorVar","_endColor","_endColorVar","_file","_spriteFrame"],-10,1,4,5,5,5,5,5,6,6],["cc.ParticleAsset",["_name","_native"],1]],[[7,0,2],[9,0,1,2,3,4,5,5],[1,0,1,2,1],[0,0,4,2,3,5,2],[8,0,1,2,3,4,4],[5,0,2],[0,0,6,2,3,2],[0,0,4,6,2,3,5,2],[0,0,4,2,3,2],[0,0,1,4,2,3,5,3],[6,0,1,2,3,4,5,6,3],[1,0,1,2,3,1],[1,0,1,1],[2,1,0,3,4,5,6,3],[2,0,2,3,4,5,3],[2,1,0,3,4,3],[10,0,1,2,3,4,3],[11,0,1,2,3,3],[4,0,1,2,3,4,5,5],[4,0,1,2,4,5,6,4],[12,0,1,2,3,4,5,6,7,8,9,10,11,12,13,14,15,16,17,18,19,20,21,14],[13,0,1,3]],[[[{"name":"bg_common_loading","rect":{"x":0,"y":0,"width":1624,"height":750},"offset":{"x":0,"y":0},"originalSize":{"width":1624,"height":750},"rotated":false,"capInsets":[0,0,0,0],"vertices":{"rawPosition":[-812,-375,0,812,-375,0,-812,375,0,812,375,0],"indexes":[0,1,2,2,1,3],"uv":[0,750,1624,750,0,0,1624,0],"nuv":[0,0,1,0,0,1,1,1],"minPos":{"x":-812,"y":-375,"z":0},"maxPos":{"x":812,"y":375,"z":0}},"packable":true,"pixelsToUnit":100,"pivot":{"x":0.5,"y":0.5},"meshType":0}],[3],0,[0],[2],[2]],[[[5,"dragonTiger_loaderPanel"],[6,"dragonTiger_loaderPanel",[-4,-5,-6,-7],[[2,-2,[0,"3crnIGNYhOcbmwQdzzzOOS"],[5,1334,750]],[4,45,800,80,-3,[0,"82x30JsIxMrrpuCZo5pxPs"]]],[1,"c46/YsCPVOJYA4mWEpNYRx",null,null,null,-1,0]],[7,"props_progressBar",1,[-12],[[2,-8,[0,"c1TgDPZ1JCmqjxEsuZaeey"],[5,796,48]],[13,1,2,-9,[0,"f8JrcFx8FDKIJViMaOmrCD"],3,4],[16,772,0,-11,[0,"2eRZYQ+7RBfLrxUS1sJIPn"],-10]],[1,"e1sUyN8llPBZgprnelLZBd",null,null,null,1,0],[1,0,-250,0]],[10,"Bar",33554432,2,[-16],[[[11,-13,[0,"5dPw8b8KdJBLF9h1kXTrz3"],[5,0,24],[0,0,0.5]],-14,[17,1,1,-15,[0,"e63QC5L4lIlbTmN05LvyJw"]]],4,1,4],[1,"0aFDH5Iu9NB7rJbEE1sTei",null,null,null,1,0],[1,-386,0,0]],[8,"bg_dt_loading",1,[[2,-17,[0,"1diUamXE5NxoT2YFzZKu3N"],[5,1334,750]],[14,0,false,-18,[0,"eb4omkXYVKSrf3t7wNeUy6"],0],[4,45,1625,750,-19,[0,"619C45iapGj6yxWcGkWdPI"]]],[1,"2fi5ySOz9PgbDphpffJZ4K",null,null,null,1,0]],[3,"props_progressTip",1,[[2,-20,[0,"f4KldD28tLrLQD1QKcy2eL"],[5,70.05,37.8]],[18,"loaing...",20,20,30,-21,[0,"ack5NJGNRAZYBnjGUGme1b"]]],[1,"5fmv9P6CpKurFRr51+kumw",null,null,null,1,0],[1,0,-167.71,0]],[3,"props_error_log",1,[[2,-22,[0,"40CjlwxPpIkLwajtSIFEK4"],[5,0,50.4]],[19,"",20,20,-23,[0,"40VA1odARIXYFp2Zscerku"],[4,4283980031]]],[1,"cdoilZuPpLCLJIKkdwdXKn",null,null,null,1,0],[1,0,343.295,0]],[9,"fire",33554432,3,[[12,-24,[0,"15Perz965EYrAXdOPM7Esz"]],[20,1,50,0.3,0.1,180,0,20,5,30,30,20,0,100,-25,[0,"e6krotrStJLJl706XLl03Z"],[0,10,5],[4,65535],[4,5570560],[4,4278190335],[4,4281597952],1,2]],[1,"f3QQT0Un1JKo7vvR28DuOY",null,null,null,1,0],[1,-50,0,0]],[15,2,0,3,[0,"6bA/TCveVAVbg0I8b3FSKe"]]],0,[0,4,1,0,0,1,0,0,1,0,-1,4,0,-2,5,0,-3,6,0,-4,2,0,0,2,0,0,2,0,5,8,0,0,2,0,-1,3,0,0,3,0,-2,8,0,0,3,0,-1,7,0,0,4,0,0,4,0,0,4,0,0,5,0,0,5,0,0,6,0,0,6,0,0,7,0,0,7,0,6,1,25],[0,0,0,0,0,8,8],[1,7,1,1,3,1,3],[3,4,0,5,1,6,1]],[[{"name":"fire","rect":{"x":1,"y":1,"width":29,"height":29},"offset":{"x":-0.5,"y":0.5},"originalSize":{"width":32,"height":32},"rotated":false,"capInsets":[0,0,0,0],"vertices":{"rawPosition":[-14.5,-14.5,0,14.5,-14.5,0,-14.5,14.5,0,14.5,14.5,0],"indexes":[0,1,2,2,1,3],"uv":[1,31,30,31,1,2,30,2],"nuv":[0.03125,0.0625,0.9375,0.0625,0.03125,0.96875,0.9375,0.96875],"minPos":{"x":-14.5,"y":-14.5,"z":0},"maxPos":{"x":14.5,"y":14.5,"z":0}},"packable":true,"pixelsToUnit":100,"pivot":{"x":0.5,"y":0.5},"meshType":0}],[3],0,[0],[2],[7]],[[[21,"fire",".plist"],-1],0,0,[0],[8],[0]]]]
