{"importBase":"import","nativeBase":"native","name":"fish","deps":[],"uuids":["6esLAAOt1CrYO3Zyp3toEZ","00LA/0dnVDYrGkL9oKly0k","02f8YFOZRDG53edy9HuZLe","02g4Zwii1K6JqbQQxnBxqm","02g4Zwii1K6JqbQQxnBxqm@6c48a","02g4Zwii1K6JqbQQxnBxqm@f9941","02vsK0AodEUZCKnsVhVaFA","02vsK0AodEUZCKnsVhVaFA@6c48a","03kgqoV/NLiKmh3yhMnXBF","03kgqoV/NLiKmh3yhMnXBF@0028a","03kgqoV/NLiKmh3yhMnXBF@00938","03kgqoV/NLiKmh3yhMnXBF@07bd6","03kgqoV/NLiKmh3yhMnXBF@083f6","03kgqoV/NLiKmh3yhMnXBF@0ceb4","03kgqoV/NLiKmh3yhMnXBF@0db61","03kgqoV/NLiKmh3yhMnXBF@0ebf8","03kgqoV/NLiKmh3yhMnXBF@17bba","03kgqoV/NLiKmh3yhMnXBF@18758","03kgqoV/NLiKmh3yhMnXBF@19b66","03kgqoV/NLiKmh3yhMnXBF@37d87","03kgqoV/NLiKmh3yhMnXBF@40257","03kgqoV/NLiKmh3yhMnXBF@453cb","03kgqoV/NLiKmh3yhMnXBF@52a2d","03kgqoV/NLiKmh3yhMnXBF@616ee","03kgqoV/NLiKmh3yhMnXBF@6d932","03kgqoV/NLiKmh3yhMnXBF@88e1c","03kgqoV/NLiKmh3yhMnXBF@93db1","03kgqoV/NLiKmh3yhMnXBF@96c48","03kgqoV/NLiKmh3yhMnXBF@9d1c8","03kgqoV/NLiKmh3yhMnXBF@a1e9f","03kgqoV/NLiKmh3yhMnXBF@a98de","03kgqoV/NLiKmh3yhMnXBF@acaad","03kgqoV/NLiKmh3yhMnXBF@ad06c","03kgqoV/NLiKmh3yhMnXBF@c42e4","03kgqoV/NLiKmh3yhMnXBF@c7be2","03kgqoV/NLiKmh3yhMnXBF@ca370","03kgqoV/NLiKmh3yhMnXBF@cc9b0","03kgqoV/NLiKmh3yhMnXBF@ce52a","03kgqoV/NLiKmh3yhMnXBF@d300c","03kgqoV/NLiKmh3yhMnXBF@d9fb6","03kgqoV/NLiKmh3yhMnXBF@dc86a","03kgqoV/NLiKmh3yhMnXBF@e47a8","03kgqoV/NLiKmh3yhMnXBF@eb635","03kgqoV/NLiKmh3yhMnXBF@ec523","03kgqoV/NLiKmh3yhMnXBF@f47fc","03kgqoV/NLiKmh3yhMnXBF@f6f7b","03kgqoV/NLiKmh3yhMnXBF@fd674","04cpZlqm1O7pmwYn1XMFtH","04cpZlqm1O7pmwYn1XMFtH@6c48a","04gQzsUYRAYqg/rjgbHboE","04gQzsUYRAYqg/rjgbHboE@6c48a","04ief0mPBJEbAue+G0Nugb","04ief0mPBJEbAue+G0Nugb@6c48a","04l9kDwOZIUqp4qulimVCt","04l9kDwOZIUqp4qulimVCt@6c48a","05njIKy1VAvqthINZru2Zh","05njIKy1VAvqthINZru2Zh@1448d","05njIKy1VAvqthINZru2Zh@14ae2","05njIKy1VAvqthINZru2Zh@1e2ed","05njIKy1VAvqthINZru2Zh@2f615","05njIKy1VAvqthINZru2Zh@3e562","05njIKy1VAvqthINZru2Zh@3f632","05njIKy1VAvqthINZru2Zh@4228e","05njIKy1VAvqthINZru2Zh@55423","05njIKy1VAvqthINZru2Zh@61660","05njIKy1VAvqthINZru2Zh@62459","05njIKy1VAvqthINZru2Zh@6866a","05njIKy1VAvqthINZru2Zh@6f33b","05njIKy1VAvqthINZru2Zh@7cb8e","05njIKy1VAvqthINZru2Zh@85ee5","05njIKy1VAvqthINZru2Zh@8b9d1","05njIKy1VAvqthINZru2Zh@8f39a","05njIKy1VAvqthINZru2Zh@930a5","05njIKy1VAvqthINZru2Zh@931a4","05njIKy1VAvqthINZru2Zh@a16fa","05njIKy1VAvqthINZru2Zh@c114e","05njIKy1VAvqthINZru2Zh@d7979","05njIKy1VAvqthINZru2Zh@d8bc7","05njIKy1VAvqthINZru2Zh@eece9","05njIKy1VAvqthINZru2Zh@f7711","05njIKy1VAvqthINZru2Zh@f8d02","06wFC2LodNaLKESjJuc4u+","07QrJuD7VGe7o+9G4hLxgC","08Dwe2DbhCc5B2KBuXZiXa","08bZVx60JK2Z4AqBeYrqxT","08bZVx60JK2Z4AqBeYrqxT@6c48a","09Y5OVTPZCTrvfM3bgmAO1","09Y5OVTPZCTrvfM3bgmAO1@6c48a","09Y5OVTPZCTrvfM3bgmAO1@f9941","0b533fe3d","0cMCJoryVLG6JhfWUBWqFY","0cx8bff+tJF6xqx0mFdNbs","0duqRHSj1JmLF0pzkokC67","0duqRHSj1JmLF0pzkokC67@6c48a","0duqRHSj1JmLF0pzkokC67@f9941","0d+0WgWVtEh6MgHN5kJRnL","0ehN3dDxlMOpf6117nPDrR","0ehN3dDxlMOpf6117nPDrR@6c48a","0erA9opz5CurFQVsczX+/g","0fAJDvIiNLL7vKuxPkAzen","0fXNxVRmhEXorogg3gOMO7","10Qehk1FtMVZsU+zNVklxZ","11+G8FMQpJPrXcfyVLc8zD","11+G8FMQpJPrXcfyVLc8zD@6c48a","11+G8FMQpJPrXcfyVLc8zD@f9941","12ytsuErtPuZqnjFZNtHMU","13mspH8n5HSq4M9J38mDpl","17qtO87j5CcYt5wry3Ixst","173cGFnahBn4OaaiLNLvLc","18eDMZ50tPS6A0fxjy5gxd","18+FWfhUhDYLEkasH8CqKw","19YTf+vfVFLrPA6XMNDDMl","1aCr978XRJm7SxaZayWNcn","1aCr978XRJm7SxaZayWNcn@6c48a","1ansAbBIxDz6HZ3/VD3re6","1dEu+Rv8xJ+aKCrDVrz7hn","1dEu+Rv8xJ+aKCrDVrz7hn@6c48a","1dEu+Rv8xJ+aKCrDVrz7hn@f9941","1e4KcaN65DBLq0NQ5OpZ5w","21lSOXeKhJpIdlH1MYS09o","21lSOXeKhJpIdlH1MYS09o@6c48a","21lSOXeKhJpIdlH1MYS09o@f9941","22h0FMzANP+a1l7J92NnqJ","22h0FMzANP+a1l7J92NnqJ@6c48a","22h0FMzANP+a1l7J92NnqJ@f9941","22rgWEcKlMpLSJzE1DzhM6","25FNIsVVROEJzgq5usgvjJ","25FNIsVVROEJzgq5usgvjJ@56d38","25FNIsVVROEJzgq5usgvjJ@a50f3","25zQvex9JBZIDx11k1DC3I","25zQvex9JBZIDx11k1DC3I@6c48a","26CvC7CDRIDLULI53u+Ze4","28h/BV3dBKyo1yO0tjrqmS","28h/BV3dBKyo1yO0tjrqmS@6c48a","29TPe6ctVE641lH9WiyB63","29TPe6ctVE641lH9WiyB63@6c48a","29iJAzbU5D7rRq49hGrsXB","29iJAzbU5D7rRq49hGrsXB@6c48a","298Z8oSAJA2ItUpkMzj3AY","2aejUD5olHmIxqAnEOsIiO","2bLZkFk3JAILumw6a3pE6o","2bLZkFk3JAILumw6a3pE6o@6c48a","2buRtEjPFLdapTbkQF7bCh","2b2lEox0dM2JxPPCArKGXc","2egUUh5FlDkJO+cV6aRXPb","2ezV7gQEVJTakfeZGLguDn","2f7AiPoedMMLGm0wRt4mir","2f7AiPoedMMLGm0wRt4mir@6c48a","2f7AiPoedMMLGm0wRt4mir@f9941","2f7OMEwohNDbytWnfxWCwi","2f7OMEwohNDbytWnfxWCwi@3b106","2f7OMEwohNDbytWnfxWCwi@453b4","2f7OMEwohNDbytWnfxWCwi@5e56c","2f7OMEwohNDbytWnfxWCwi@6059f","2f7OMEwohNDbytWnfxWCwi@61a43","2f7OMEwohNDbytWnfxWCwi@6aa0b","2f7OMEwohNDbytWnfxWCwi@75d9f","2f7OMEwohNDbytWnfxWCwi@9e6f0","2f7OMEwohNDbytWnfxWCwi@b3e55","2f7OMEwohNDbytWnfxWCwi@e579e","2f7OMEwohNDbytWnfxWCwi@ef971","2f7OMEwohNDbytWnfxWCwi@f22ae","2f7OMEwohNDbytWnfxWCwi@fbb15","30CDm2z8BH1aOh+I9ozUdV","30ZfW95fJCopT0C3a1N0IS","30fhgkJuVKN6Ipr7b439I9","30n1Ny1TxEE70J/q4bGgLw","30n1Ny1TxEE70J/q4bGgLw@11ba0","30n1Ny1TxEE70J/q4bGgLw@8517e","30n1Ny1TxEE70J/q4bGgLw@9426e","30n1Ny1TxEE70J/q4bGgLw@9690b","30n1Ny1TxEE70J/q4bGgLw@c6a36","30n1Ny1TxEE70J/q4bGgLw@cac25","30n1Ny1TxEE70J/q4bGgLw@daafd","30n1Ny1TxEE70J/q4bGgLw@e1722","30n1Ny1TxEE70J/q4bGgLw@f0943","31iavET6tNML2stmxTXO6N","33GbU3YzZF37yWrjV3VQdc","34H9k5GaxFq46WUdoFXd6a","35ehYRNH9Gvr3K7OgAW9rP","37cKv8ptBG6L2kpsqBRM2W","38H0pIHE9Ii5NWznm4EY9U","38zqsGGTVMQqnLymxHa2tO","385o1Si3BMy6sjO1ToX2Wz","39dXdeyfxLN4q/d2/+q7HT","3alkFzl4VERK5L6cEnQf4f","3dVqjUC/VDO6U9uffNc+YL","3eMuER9MZJP71PCa5RN/ZT","3e6VmV+rpJJ683OGo/38za","3fHX//mT5N+oHh/rWwpuBk","3fHX//mT5N+oHh/rWwpuBk@0229b","3fHX//mT5N+oHh/rWwpuBk@0ccc3","3fHX//mT5N+oHh/rWwpuBk@100b9","3fHX//mT5N+oHh/rWwpuBk@18806","3fHX//mT5N+oHh/rWwpuBk@18b7f","3fHX//mT5N+oHh/rWwpuBk@1b814","3fHX//mT5N+oHh/rWwpuBk@1fd0b","3fHX//mT5N+oHh/rWwpuBk@2772e","3fHX//mT5N+oHh/rWwpuBk@38559","3fHX//mT5N+oHh/rWwpuBk@3c45a","3fHX//mT5N+oHh/rWwpuBk@3fdbd","3fHX//mT5N+oHh/rWwpuBk@4c1cc","3fHX//mT5N+oHh/rWwpuBk@5091c","3fHX//mT5N+oHh/rWwpuBk@55d8a","3fHX//mT5N+oHh/rWwpuBk@562be","3fHX//mT5N+oHh/rWwpuBk@5c0be","3fHX//mT5N+oHh/rWwpuBk@64497","3fHX//mT5N+oHh/rWwpuBk@729b1","3fHX//mT5N+oHh/rWwpuBk@850dd","3fHX//mT5N+oHh/rWwpuBk@8bdc3","3fHX//mT5N+oHh/rWwpuBk@90846","3fHX//mT5N+oHh/rWwpuBk@979ad","3fHX//mT5N+oHh/rWwpuBk@9f6c4","3fHX//mT5N+oHh/rWwpuBk@a9233","3fHX//mT5N+oHh/rWwpuBk@ae36e","3fHX//mT5N+oHh/rWwpuBk@ae91e","3fHX//mT5N+oHh/rWwpuBk@b641e","3fHX//mT5N+oHh/rWwpuBk@c0699","3fHX//mT5N+oHh/rWwpuBk@c10ec","3fHX//mT5N+oHh/rWwpuBk@c5bf8","3fHX//mT5N+oHh/rWwpuBk@c8e48","3fHX//mT5N+oHh/rWwpuBk@ec89d","3fHX//mT5N+oHh/rWwpuBk@ee02c","3fHX//mT5N+oHh/rWwpuBk@ee3d0","3fHX//mT5N+oHh/rWwpuBk@ef0ac","3fHX//mT5N+oHh/rWwpuBk@fae6d","3fHX//mT5N+oHh/rWwpuBk@fd000","3fHX//mT5N+oHh/rWwpuBk@fe1f8","40FTfm5o1Ez787/j3Gl/nZ","40R92rfRxPw7Vxku347zfS","40R92rfRxPw7Vxku347zfS@0ab82","40R92rfRxPw7Vxku347zfS@3f6c4","40R92rfRxPw7Vxku347zfS@5e853","40R92rfRxPw7Vxku347zfS@94c51","40R92rfRxPw7Vxku347zfS@cdb8d","409dXmGHxLy4wHHS/RtpkW","41N9WN0hBC3KRUIAFJPiCn","41N9WN0hBC3KRUIAFJPiCn@6c48a","4136Ii7btEuLzEDAA9c4xh","427Bjc96RPQphihTt3zL9M","43EcZRmqNKfJ9ZoRXNQvKu","43EcZRmqNKfJ9ZoRXNQvKu@f9941","43gLiiSK9GsrtVNJQqTuNB","44swSWrg5N67IuEeKKev7V","44swSWrg5N67IuEeKKev7V@6c48a","45Ba3LTWFHr7gOJaIx8HCB","45Ba3LTWFHr7gOJaIx8HCB@12c3f","45Ba3LTWFHr7gOJaIx8HCB@36590","45Ba3LTWFHr7gOJaIx8HCB@3ca77","45Ba3LTWFHr7gOJaIx8HCB@704a9","45Ba3LTWFHr7gOJaIx8HCB@baf2b","45Ba3LTWFHr7gOJaIx8HCB@bd483","45Ba3LTWFHr7gOJaIx8HCB@cfb78","45Ba3LTWFHr7gOJaIx8HCB@d5cd0","45Ba3LTWFHr7gOJaIx8HCB@dc485","45Ba3LTWFHr7gOJaIx8HCB@e714a","45C6X2HalM34mGqxTPw7Vs","45C6X2HalM34mGqxTPw7Vs@6c48a","45C6X2HalM34mGqxTPw7Vs@f9941","45QwUcgWhDL796DTb1YfhP","45QwUcgWhDL796DTb1YfhP@6c48a","46hDIuTsNKFJtg7RzjQ0Cy","46jPoiIAtBx4qR/6VkV76C","46jPoiIAtBx4qR/6VkV76C@6c48a","478JVPs5VPBq3NvGrcqoRS","479jMvjOhA77gYR978QDAQ","479jMvjOhA77gYR978QDAQ@6c48a","479jMvjOhA77gYR978QDAQ@f9941","48TeSJkN1CsqM6PWZCbUmU","48ZRpymPVCKoGVZUZkMbaA","48ZRpymPVCKoGVZUZkMbaA@398b7","48ZRpymPVCKoGVZUZkMbaA@42cdb","48ZRpymPVCKoGVZUZkMbaA@4f84c","48ZRpymPVCKoGVZUZkMbaA@5a87d","48ZRpymPVCKoGVZUZkMbaA@658b8","48ZRpymPVCKoGVZUZkMbaA@6f3ef","48ZRpymPVCKoGVZUZkMbaA@90e16","48ZRpymPVCKoGVZUZkMbaA@a25d4","48ZRpymPVCKoGVZUZkMbaA@a4d50","48ZRpymPVCKoGVZUZkMbaA@a8738","48ZRpymPVCKoGVZUZkMbaA@b0b10","48ZRpymPVCKoGVZUZkMbaA@b3698","48ZRpymPVCKoGVZUZkMbaA@c2dc8","48ZRpymPVCKoGVZUZkMbaA@d1a94","48ZRpymPVCKoGVZUZkMbaA@d2fd5","48ZRpymPVCKoGVZUZkMbaA@dd986","48ZRpymPVCKoGVZUZkMbaA@f1808","49ux3NRStDCo+uIMRYWJQf","49ux3NRStDCo+uIMRYWJQf@6c48a","49ux3NRStDCo+uIMRYWJQf@f9941","49w3c0owtLubqVXgO/NS03","4aDLG1LLVJarNLcR0UYTtt","4aDLG1LLVJarNLcR0UYTtt@6c48a","4aDeGQNpFHa4QUrhbcRgdB","4aDeGQNpFHa4QUrhbcRgdB@6c48a","4aDeGQNpFHa4QUrhbcRgdB@f9941","4bWOnWedJGi5PZ/msweiQM","4bWOnWedJGi5PZ/msweiQM@6c48a","4dlFfhielJA4ssgcyqoQYH","4eduUAthtGr4PnEr8Stvhi","4eduUAthtGr4PnEr8Stvhi@6c48a","4eduUAthtGr4PnEr8Stvhi@f9941","4egl+VtzhLn4xVNnrMRyW9","4egl+VtzhLn4xVNnrMRyW9@6c48a","4egl+VtzhLn4xVNnrMRyW9@f9941","50SuVcQcFB+YwpuFxib0T1","50SuVcQcFB+YwpuFxib0T1@6c48a","50SuVcQcFB+YwpuFxib0T1@f9941","508aA/7eNB7qGjpk5ti20W","545I43N4dHk7sF2IVIPv6P","56Z2wRDsVL+5Vfu31IsROl","5aj2jqI55K0ZH6uNGpUCVj","5bCmMgq5lMNpcADH8Zbgpq","5bDyIUC2NCPpAzfRhVikU7","5bD5gXQ7pBLZet9BpePQra","5bD5gXQ7pBLZet9BpePQra@6c48a","5bgUvsSlVAn4TadDuZzaiY","5bgUvsSlVAn4TadDuZzaiY@6c48a","5bx8SYVtlFQqh5uch9gAOb","5bx8SYVtlFQqh5uch9gAOb@6c48a","5cjkNhnjBLnYZptdtwhOop","5dF0Rmwr9Nxaj9d0HkAN/2","5dF0Rmwr9Nxaj9d0HkAN/2@6c48a","5dF0Rmwr9Nxaj9d0HkAN/2@f9941","5eKe3wONVNVb8d9y2XwKiq","5eKe3wONVNVb8d9y2XwKiq@6c48a","5fOl0Dh2tCkYgyoPHg0NQ6","5fYddK9Q9O87XoyYYVYsLe","5fnJHgR35Fs5RJFHpFi4A+","5fnJHgR35Fs5RJFHpFi4A+@6c48a","5fnJHgR35Fs5RJFHpFi4A+@f9941","5f1dSfUflNWpT+kD8lPz7N","5f1dSfUflNWpT+kD8lPz7N@6c48a","631OwhcZNLHopeS556tn7M","631OwhcZNLHopeS556tn7M@6c48a","631OwhcZNLHopeS556tn7M@f9941","6672DTLrhFuaInP82pfL/4","68QQlhtQNCFbPWsXDelteU","6blYQSeelOC75JZpuOuFS8","6blYQSeelOC75JZpuOuFS8@0361f","6blYQSeelOC75JZpuOuFS8@095c0","6blYQSeelOC75JZpuOuFS8@0c550","6blYQSeelOC75JZpuOuFS8@1e4ec","6blYQSeelOC75JZpuOuFS8@29cbc","6blYQSeelOC75JZpuOuFS8@2da49","6blYQSeelOC75JZpuOuFS8@2e965","6blYQSeelOC75JZpuOuFS8@302b6","6blYQSeelOC75JZpuOuFS8@3090c","6blYQSeelOC75JZpuOuFS8@38ec9","6blYQSeelOC75JZpuOuFS8@3d417","6blYQSeelOC75JZpuOuFS8@437a1","6blYQSeelOC75JZpuOuFS8@43c91","6blYQSeelOC75JZpuOuFS8@454d1","6blYQSeelOC75JZpuOuFS8@50dad","6blYQSeelOC75JZpuOuFS8@5627a","6blYQSeelOC75JZpuOuFS8@61edb","6blYQSeelOC75JZpuOuFS8@6cd65","6blYQSeelOC75JZpuOuFS8@6d8c5","6blYQSeelOC75JZpuOuFS8@72c12","6blYQSeelOC75JZpuOuFS8@810f7","6blYQSeelOC75JZpuOuFS8@82db8","6blYQSeelOC75JZpuOuFS8@84bfb","6blYQSeelOC75JZpuOuFS8@8842f","6blYQSeelOC75JZpuOuFS8@8aaac","6blYQSeelOC75JZpuOuFS8@93c15","6blYQSeelOC75JZpuOuFS8@aa92f","6blYQSeelOC75JZpuOuFS8@ae3be","6blYQSeelOC75JZpuOuFS8@be883","6blYQSeelOC75JZpuOuFS8@c3a4d","6blYQSeelOC75JZpuOuFS8@d091d","6blYQSeelOC75JZpuOuFS8@d16ad","6blYQSeelOC75JZpuOuFS8@dd24c","6blYQSeelOC75JZpuOuFS8@dec64","6blYQSeelOC75JZpuOuFS8@e4bfc","6blYQSeelOC75JZpuOuFS8@e7a30","6blYQSeelOC75JZpuOuFS8@e83b0","6blYQSeelOC75JZpuOuFS8@f15db","6blYQSeelOC75JZpuOuFS8@f6db7","6blYQSeelOC75JZpuOuFS8@fd892","6blYQSeelOC75JZpuOuFS8@ff9ed","6cYD0Idt9JN77d/w9B/y52","6cYD0Idt9JN77d/w9B/y52@6c48a","6dycK26dFHO7S4nGXhsx69","6fAd77tPNL/IM3BPwIiNh/","706JsNTdpPFp9MQMkKTXDd","72Fox2nWFPVo6KpNS2EXUp","72Fox2nWFPVo6KpNS2EXUp@0e53b","72Fox2nWFPVo6KpNS2EXUp@105dd","72Fox2nWFPVo6KpNS2EXUp@114e1","72Fox2nWFPVo6KpNS2EXUp@156ce","72Fox2nWFPVo6KpNS2EXUp@19538","72Fox2nWFPVo6KpNS2EXUp@1aa15","72Fox2nWFPVo6KpNS2EXUp@21c90","72Fox2nWFPVo6KpNS2EXUp@258f0","72Fox2nWFPVo6KpNS2EXUp@2e255","72Fox2nWFPVo6KpNS2EXUp@2fc97","72Fox2nWFPVo6KpNS2EXUp@3ee74","72Fox2nWFPVo6KpNS2EXUp@44ea7","72Fox2nWFPVo6KpNS2EXUp@5c73c","72Fox2nWFPVo6KpNS2EXUp@5cd68","72Fox2nWFPVo6KpNS2EXUp@6e784","72Fox2nWFPVo6KpNS2EXUp@76644","72Fox2nWFPVo6KpNS2EXUp@7dcc9","72Fox2nWFPVo6KpNS2EXUp@8af28","72Fox2nWFPVo6KpNS2EXUp@93cf0","72Fox2nWFPVo6KpNS2EXUp@a5aae","72Fox2nWFPVo6KpNS2EXUp@aa083","72Fox2nWFPVo6KpNS2EXUp@b2d68","72Fox2nWFPVo6KpNS2EXUp@c291e","72Fox2nWFPVo6KpNS2EXUp@ca5e4","72Fox2nWFPVo6KpNS2EXUp@ce534","72Fox2nWFPVo6KpNS2EXUp@dc60d","72Fox2nWFPVo6KpNS2EXUp@e4ae6","72Fox2nWFPVo6KpNS2EXUp@ec777","72Fox2nWFPVo6KpNS2EXUp@f8f93","72Fox2nWFPVo6KpNS2EXUp@fa52c","720Krhv+dNSLUGHlskWAXJ","746K9QXFlI5rgretK2rHEK","746K9QXFlI5rgretK2rHEK@6c48a","7467JJooNLsagrbxKQvaYV","76KZxV7sxNOZ9h/C3vxrzq","76KZxV7sxNOZ9h/C3vxrzq@f9941","7a67hhjG9CrYvOZjr89Es6","7buHylqzpE5bBHImqNNCNg","7buHylqzpE5bBHImqNNCNg@198a0","7buHylqzpE5bBHImqNNCNg@3f3ed","7buHylqzpE5bBHImqNNCNg@40c25","7buHylqzpE5bBHImqNNCNg@4c9c5","7buHylqzpE5bBHImqNNCNg@51156","7buHylqzpE5bBHImqNNCNg@70716","7buHylqzpE5bBHImqNNCNg@72a08","7buHylqzpE5bBHImqNNCNg@80fa3","7buHylqzpE5bBHImqNNCNg@860ff","7buHylqzpE5bBHImqNNCNg@893a7","7buHylqzpE5bBHImqNNCNg@8b88a","7buHylqzpE5bBHImqNNCNg@b2b6a","7buHylqzpE5bBHImqNNCNg@b3433","7buHylqzpE5bBHImqNNCNg@b5fc8","7buHylqzpE5bBHImqNNCNg@c2003","7buHylqzpE5bBHImqNNCNg@c5be2","7buHylqzpE5bBHImqNNCNg@d57aa","7buHylqzpE5bBHImqNNCNg@e03ca","7buHylqzpE5bBHImqNNCNg@f8e4d","7b0nFX8D9NfoZ5e0TR5MjN","7cN7s33KpJkKPauDaw1Y1/","7cN7s33KpJkKPauDaw1Y1/@11b34","7cN7s33KpJkKPauDaw1Y1/@1e6fb","7cN7s33KpJkKPauDaw1Y1/@27e3f","7cN7s33KpJkKPauDaw1Y1/@3918d","7cN7s33KpJkKPauDaw1Y1/@3e1bc","7cN7s33KpJkKPauDaw1Y1/@6c6d9","7cN7s33KpJkKPauDaw1Y1/@92f5e","7cN7s33KpJkKPauDaw1Y1/@ae66d","7cN7s33KpJkKPauDaw1Y1/@b8282","7cN7s33KpJkKPauDaw1Y1/@c20f0","7cN7s33KpJkKPauDaw1Y1/@eb01c","7cN7s33KpJkKPauDaw1Y1/@f8747","7cPcaSK3lCSaj4+khX6Ol/","7cPcaSK3lCSaj4+khX6Ol/@06c47","7cPcaSK3lCSaj4+khX6Ol/@10b4f","7cPcaSK3lCSaj4+khX6Ol/@300a7","7cPcaSK3lCSaj4+khX6Ol/@3609d","7cPcaSK3lCSaj4+khX6Ol/@3cecc","7cPcaSK3lCSaj4+khX6Ol/@52989","7cPcaSK3lCSaj4+khX6Ol/@9cf24","7cPcaSK3lCSaj4+khX6Ol/@a52fb","7cPcaSK3lCSaj4+khX6Ol/@a7c40","7cPcaSK3lCSaj4+khX6Ol/@afcf4","7cPcaSK3lCSaj4+khX6Ol/@b8c08","7cPcaSK3lCSaj4+khX6Ol/@dee3f","7cPcaSK3lCSaj4+khX6Ol/@e145f","7cPcaSK3lCSaj4+khX6Ol/@e42de","7cPcaSK3lCSaj4+khX6Ol/@f3622","7cq9DgYoVGgZoxR4PhAkoZ","7cq9DgYoVGgZoxR4PhAkoZ@f9941","7dKKZUthhA25XwHQoGPpHO","7dKKZUthhA25XwHQoGPpHO@6c48a","7dsSNs46BEFqx2ERyXyctf","7d3FxcEd9LtrqtSaPhxs62","7d3yAqSbJHK6JVtOPhwkGm","7d3yAqSbJHK6JVtOPhwkGm@6c48a","80jc29d+1NYI8NTc+kgdln","80kwI7xt9Ae4Ai81RFk+Qk","80kwI7xt9Ae4Ai81RFk+Qk@6c48a","80kwI7xt9Ae4Ai81RFk+Qk@f9941","81SyG13SlG76hJkR5RzySb","8181+x/qlJVbkAmWxsWnkE","8181+x/qlJVbkAmWxsWnkE@6c48a","84Hz3XYLFNC4NJi8B7nJKJ","84Hz3XYLFNC4NJi8B7nJKJ@6c48a","85BGAuuEpFaYH+28B0ZoaH","87TMSr5tVOUZSTktiWWY+m","88IFPm41RHtqnGLozEVSBZ","88IFPm41RHtqnGLozEVSBZ@1db59","88IFPm41RHtqnGLozEVSBZ@1f156","88IFPm41RHtqnGLozEVSBZ@412e0","88IFPm41RHtqnGLozEVSBZ@51723","88IFPm41RHtqnGLozEVSBZ@5685a","88IFPm41RHtqnGLozEVSBZ@581b8","88IFPm41RHtqnGLozEVSBZ@5cc1d","88IFPm41RHtqnGLozEVSBZ@6dc91","88IFPm41RHtqnGLozEVSBZ@7dc78","88IFPm41RHtqnGLozEVSBZ@8266b","88IFPm41RHtqnGLozEVSBZ@87871","88IFPm41RHtqnGLozEVSBZ@8acd9","88IFPm41RHtqnGLozEVSBZ@a7a1c","88IFPm41RHtqnGLozEVSBZ@aba49","88IFPm41RHtqnGLozEVSBZ@b3796","88IFPm41RHtqnGLozEVSBZ@b4f47","88IFPm41RHtqnGLozEVSBZ@c1e49","88IFPm41RHtqnGLozEVSBZ@cec94","88IFPm41RHtqnGLozEVSBZ@e0491","88IFPm41RHtqnGLozEVSBZ@e9657","88IFPm41RHtqnGLozEVSBZ@f17ce","882HCBL8BGs79JIKeXbAPf","882HCBL8BGs79JIKeXbAPf@6c48a","882HCBL8BGs79JIKeXbAPf@f9941","89YBH/pqdAlYBHOXMTvj+g","89YBH/pqdAlYBHOXMTvj+g@6c48a","89aQeGsmhDC5B/LXgCyZ2t","89xx6svPhJoKTPRCFuwB4c","89xx6svPhJoKTPRCFuwB4c@6c48a","8abibnGbpE+KfCwP9HJEKM","8bGPK2drtOnLCX7Q4QEIpA","8bGPK2drtOnLCX7Q4QEIpA@6c48a","8bSmkPOYhICappDH0u3iLs@f9941","8bgGZQEkZE0rNE8SIBPl3k","8bgGZQEkZE0rNE8SIBPl3k@6c48a","8bgGZQEkZE0rNE8SIBPl3k@f9941","8c1l46QxtAa7v1q5UA+XC6","8dPoFMLGVNo7ggIrFk6k5f","8eH+Dw6/RF773aAylxOKRH","8eH+Dw6/RF773aAylxOKRH@6c48a","8fS2mpc2FLyK++SIHCR0LU","8fS2mpc2FLyK++SIHCR0LU@0314a","8fS2mpc2FLyK++SIHCR0LU@1aa8a","8fS2mpc2FLyK++SIHCR0LU@2fea3","8fS2mpc2FLyK++SIHCR0LU@368d4","8fS2mpc2FLyK++SIHCR0LU@4af58","8fS2mpc2FLyK++SIHCR0LU@6abf3","8fS2mpc2FLyK++SIHCR0LU@798a9","8fS2mpc2FLyK++SIHCR0LU@87ce4","8fS2mpc2FLyK++SIHCR0LU@8d8bf","8fS2mpc2FLyK++SIHCR0LU@b4c62","90SXep+lVKuopjeNfCKV9U","9021cWLrFAULB/Gm93NMf/","9021cWLrFAULB/Gm93NMf/@6c48a","91ktRcJZ1Beoimd5wU2TvP","92QZcYIh5C+65EwcOTx2Y/","92QZcYIh5C+65EwcOTx2Y/@050f0","92QZcYIh5C+65EwcOTx2Y/@11507","92QZcYIh5C+65EwcOTx2Y/@2e5e5","92QZcYIh5C+65EwcOTx2Y/@9cb2c","92QZcYIh5C+65EwcOTx2Y/@aa6ed","92QZcYIh5C+65EwcOTx2Y/@af075","92QZcYIh5C+65EwcOTx2Y/@b49f6","92QZcYIh5C+65EwcOTx2Y/@cfc2c","92QZcYIh5C+65EwcOTx2Y/@e5fbf","92QZcYIh5C+65EwcOTx2Y/@f32a6","92Xd1WH2lDsYSjR94NEQ/v","921kkU+idJDoUxqLXB4geQ","921kkU+idJDoUxqLXB4geQ@007ea","921kkU+idJDoUxqLXB4geQ@1ef9f","921kkU+idJDoUxqLXB4geQ@22d97","921kkU+idJDoUxqLXB4geQ@23c8f","921kkU+idJDoUxqLXB4geQ@27be1","921kkU+idJDoUxqLXB4geQ@290b6","921kkU+idJDoUxqLXB4geQ@2a546","921kkU+idJDoUxqLXB4geQ@7f528","921kkU+idJDoUxqLXB4geQ@8e3ab","921kkU+idJDoUxqLXB4geQ@9f38b","93HKERquBLX6ejMHQ1hWvk","93HKERquBLX6ejMHQ1hWvk@f9941","9319/InohIM6LZUVa89SZt","9319/InohIM6LZUVa89SZt@082d6","9319/InohIM6LZUVa89SZt@0d0fe","9319/InohIM6LZUVa89SZt@495a7","9319/InohIM6LZUVa89SZt@4bdbb","9319/InohIM6LZUVa89SZt@55ebc","9319/InohIM6LZUVa89SZt@586fa","9319/InohIM6LZUVa89SZt@979b7","9319/InohIM6LZUVa89SZt@98bc1","9319/InohIM6LZUVa89SZt@a524f","9319/InohIM6LZUVa89SZt@b6082","9319/InohIM6LZUVa89SZt@bc256","9319/InohIM6LZUVa89SZt@cd0ec","9319/InohIM6LZUVa89SZt@d26c8","9319/InohIM6LZUVa89SZt@ec9be","9319/InohIM6LZUVa89SZt@f1e8d","95LobzTWxM4LPQbueJ1eBp","95LobzTWxM4LPQbueJ1eBp@03a88","95LobzTWxM4LPQbueJ1eBp@1a353","95LobzTWxM4LPQbueJ1eBp@4cdc4","95LobzTWxM4LPQbueJ1eBp@ae2d4","99tAtXyjRA/5PoNP8fYYNi","99tAtXyjRA/5PoNP8fYYNi@6c48a","99v+nKDBpLPJd/54EBH3WD","9aKFAxKj5BbpmCD9Nr2t3H","9bu8hWbfVENZV51kP0q6Sv","9bx11E89FKE7MZU1I1i1ev","9byDG+HmBHb694PUyxgFFV","9b6LqMbvZCvaz6EmzyG0rB","9b6LqMbvZCvaz6EmzyG0rB@6c48a","9b6LqMbvZCvaz6EmzyG0rB@f9941","9cK77sRgVJQ7BKG4mG4Dnw","9dGmYglK5Otpyr/2z6Mc6a","9fJB9gSahL1pR0P+Mp0y0M","9fJB9gSahL1pR0P+Mp0y0M@6c48a","9f6kD6s9xGdYxqIx0fX/OZ","9f6kD6s9xGdYxqIx0fX/OZ@6c48a","a1pmNFoZJAcqcJEfJvkOw5","a1pmNFoZJAcqcJEfJvkOw5@6c48a","a14hXk5UBAo5OMQcVcgIcb","a14hXk5UBAo5OMQcVcgIcb@6c48a","a2T6aoysRATYRStWRlYT+P","a437ZiLKREXYP0HLIQcRlZ","a5c1N3KG9MfYYVbeGAIhiV","a5c1N3KG9MfYYVbeGAIhiV@6c48a","a5enfeC1lOr4BwOXvl8Nvc","a5enfeC1lOr4BwOXvl8Nvc@6c48a","a5enfeC1lOr4BwOXvl8Nvc@f9941","a50t6C4MlBZL5Z0S0B/Tyh","a50t6C4MlBZL5Z0S0B/Tyh@6c48a","a5+praBwtJBKMGLyHv7KLJ","a5+praBwtJBKMGLyHv7KLJ@6c48a","a5+praBwtJBKMGLyHv7KLJ@f9941","a7278ZplNAy61DNesS+WAQ","a76U4LbS9HlZDHXoKP6aoh","a76U4LbS9HlZDHXoKP6aoh@6c48a","a9EUqBXsZBPLCyKvVzqF6G","aadjvnpsJKL4gpWqui8pO6","acOtjAQG5EVJzxA2br6yIh","achT9MMatEj5xBApFUGiFO","b0SzWwY4pOcpnqM+jsj+gn","b0qbNFcrZI+ZB1jYTSrTuE","b1mnsXYWZNI47nOR4bHhpR","b1mnsXYWZNI47nOR4bHhpR@6c48a","b1mnsXYWZNI47nOR4bHhpR@f9941","b16xMmKSxOkIS0LEf3U92l","b16xMmKSxOkIS0LEf3U92l@6c48a","b19cdvFxJH/pmx3TJIUJsw","b19cdvFxJH/pmx3TJIUJsw@00989","b19cdvFxJH/pmx3TJIUJsw@0ca18","b19cdvFxJH/pmx3TJIUJsw@136bf","b19cdvFxJH/pmx3TJIUJsw@1b7c5","b19cdvFxJH/pmx3TJIUJsw@1e4d4","b19cdvFxJH/pmx3TJIUJsw@22127","b19cdvFxJH/pmx3TJIUJsw@2dd2e","b19cdvFxJH/pmx3TJIUJsw@3b66d","b19cdvFxJH/pmx3TJIUJsw@5f72b","b19cdvFxJH/pmx3TJIUJsw@63b76","b19cdvFxJH/pmx3TJIUJsw@66504","b19cdvFxJH/pmx3TJIUJsw@6ae50","b19cdvFxJH/pmx3TJIUJsw@92182","b19cdvFxJH/pmx3TJIUJsw@94ea1","b19cdvFxJH/pmx3TJIUJsw@9ada3","b19cdvFxJH/pmx3TJIUJsw@a5b15","b19cdvFxJH/pmx3TJIUJsw@a7885","b19cdvFxJH/pmx3TJIUJsw@bb17d","b19cdvFxJH/pmx3TJIUJsw@bc685","b19cdvFxJH/pmx3TJIUJsw@bf128","b19cdvFxJH/pmx3TJIUJsw@bf904","b19cdvFxJH/pmx3TJIUJsw@ccbea","b19cdvFxJH/pmx3TJIUJsw@d472f","b19cdvFxJH/pmx3TJIUJsw@d9b4e","b19cdvFxJH/pmx3TJIUJsw@eaaab","b19cdvFxJH/pmx3TJIUJsw@ef7b3","b19cdvFxJH/pmx3TJIUJsw@f460e","b19cdvFxJH/pmx3TJIUJsw@f4f9e","b19cdvFxJH/pmx3TJIUJsw@f8f9f","b19cdvFxJH/pmx3TJIUJsw@fa47e","b4OSkiha1DebV0IHKccuug","b4OSkiha1DebV0IHKccuug@6c48a","b4OSkiha1DebV0IHKccuug@f9941","b4fRw9C0pHfZGpR3AyD9e/","b4fRw9C0pHfZGpR3AyD9e/@6c48a","b4fRw9C0pHfZGpR3AyD9e/@f9941","b4jBww4qpPiaubtC+BhVES","b5KQ8ehqFCNo9Ww76/jvCD","b5KQ8ehqFCNo9Ww76/jvCD@1a63f","b5KQ8ehqFCNo9Ww76/jvCD@4113b","b5KQ8ehqFCNo9Ww76/jvCD@427fa","b5KQ8ehqFCNo9Ww76/jvCD@4f15f","b5KQ8ehqFCNo9Ww76/jvCD@54a3f","b5KQ8ehqFCNo9Ww76/jvCD@61154","b5KQ8ehqFCNo9Ww76/jvCD@7ca66","b5KQ8ehqFCNo9Ww76/jvCD@d412d","b5KQ8ehqFCNo9Ww76/jvCD@e1157","b5KQ8ehqFCNo9Ww76/jvCD@edbf4","b5LnLg9jBK+K7R5Se6xl/P","b5LnLg9jBK+K7R5Se6xl/P@6c48a","b5LnLg9jBK+K7R5Se6xl/P@f9941","b5NwdcAO1Hy51UOyKEtlt4","b5NwdcAO1Hy51UOyKEtlt4@6c48a","b5NwdcAO1Hy51UOyKEtlt4@f9941","b63sxOWqVMdpmQl5Wg5LQc","b8xYh/+5xMHLDSjBn5jbon","b8xYh/+5xMHLDSjBn5jbon@01287","b8xYh/+5xMHLDSjBn5jbon@02201","b8xYh/+5xMHLDSjBn5jbon@09fa7","b8xYh/+5xMHLDSjBn5jbon@0b27b","b8xYh/+5xMHLDSjBn5jbon@12a01","b8xYh/+5xMHLDSjBn5jbon@25ef9","b8xYh/+5xMHLDSjBn5jbon@43ac7","b8xYh/+5xMHLDSjBn5jbon@46b39","b8xYh/+5xMHLDSjBn5jbon@4fb0a","b8xYh/+5xMHLDSjBn5jbon@51fb6","b8xYh/+5xMHLDSjBn5jbon@54f81","b8xYh/+5xMHLDSjBn5jbon@6d037","b8xYh/+5xMHLDSjBn5jbon@6eb44","b8xYh/+5xMHLDSjBn5jbon@7c149","b8xYh/+5xMHLDSjBn5jbon@7e60e","b8xYh/+5xMHLDSjBn5jbon@7f793","b8xYh/+5xMHLDSjBn5jbon@91034","b8xYh/+5xMHLDSjBn5jbon@94043","b8xYh/+5xMHLDSjBn5jbon@a3043","b8xYh/+5xMHLDSjBn5jbon@a6328","b8xYh/+5xMHLDSjBn5jbon@b03b3","b8xYh/+5xMHLDSjBn5jbon@b3583","b8xYh/+5xMHLDSjBn5jbon@b7ca4","b8xYh/+5xMHLDSjBn5jbon@b80ac","b8xYh/+5xMHLDSjBn5jbon@cad86","b8xYh/+5xMHLDSjBn5jbon@dd895","b8xYh/+5xMHLDSjBn5jbon@e9ab5","b8xYh/+5xMHLDSjBn5jbon@ee020","b8xYh/+5xMHLDSjBn5jbon@f2760","b8xYh/+5xMHLDSjBn5jbon@fd989","b9Q+OTeLFAtK2vncEMNnkI","b9Q+OTeLFAtK2vncEMNnkI@1e798","b9Q+OTeLFAtK2vncEMNnkI@4d025","b9Q+OTeLFAtK2vncEMNnkI@51ed7","b9Q+OTeLFAtK2vncEMNnkI@55734","b9Q+OTeLFAtK2vncEMNnkI@a37e1","b9Q+OTeLFAtK2vncEMNnkI@e67ab","b9Q+OTeLFAtK2vncEMNnkI@f9079","bcBYoduEFBFa/ry1xZWzW5","bc4J3i+I5NRZPDwz4AsDKK","bc4J3i+I5NRZPDwz4AsDKK@6c48a","bc4J3i+I5NRZPDwz4AsDKK@f9941","bfFie35M9FGb+yNrjOEiSH","bfe6d8lIJFM4ANbZ67Faqu","bfe6d8lIJFM4ANbZ67Faqu@6c48a","c0eVqVaTFEl4VUcK8BoNtO","c1HDk+NUJH9KjXdZEO/etR","c26GufV+ZLdbdY/96yWM5F","c4rPhfYNpB7aV3+Q21Ytjb","c4rPhfYNpB7aV3+Q21Ytjb@6c48a","c6R1oNkaxAi540z9nGSdqg","c7T3VcRetK0YdYFlwYaloi","c9qYVF0DZN1brEEPJkQJR9","c96912BGNAO7d+tPX6gt9O","caEq9wX4dL6rzuBtpALEYt","ca5PpF9uVK7pYmh+W7uR2n","ca5PpF9uVK7pYmh+W7uR2n@0b5b7","ca5PpF9uVK7pYmh+W7uR2n@255ac","ca5PpF9uVK7pYmh+W7uR2n@30799","ca5PpF9uVK7pYmh+W7uR2n@38cd7","ca5PpF9uVK7pYmh+W7uR2n@48e31","ca5PpF9uVK7pYmh+W7uR2n@84067","ca9uDUiKpMuqOFkiNLwB4t","ca9uDUiKpMuqOFkiNLwB4t@6c48a","ceCZB+uYBJVoooz78loPke","ceCZB+uYBJVoooz78loPke@6c48a","ceLs/n4EVIw7fnJv8r7m/O","ceLs/n4EVIw7fnJv8r7m/O@00b03","ceLs/n4EVIw7fnJv8r7m/O@032e4","ceLs/n4EVIw7fnJv8r7m/O@03a85","ceLs/n4EVIw7fnJv8r7m/O@09fbd","ceLs/n4EVIw7fnJv8r7m/O@15184","ceLs/n4EVIw7fnJv8r7m/O@1d7f6","ceLs/n4EVIw7fnJv8r7m/O@21e36","ceLs/n4EVIw7fnJv8r7m/O@2317e","ceLs/n4EVIw7fnJv8r7m/O@23f47","ceLs/n4EVIw7fnJv8r7m/O@250da","ceLs/n4EVIw7fnJv8r7m/O@25f44","ceLs/n4EVIw7fnJv8r7m/O@26a76","ceLs/n4EVIw7fnJv8r7m/O@2dbbc","ceLs/n4EVIw7fnJv8r7m/O@2e4de","ceLs/n4EVIw7fnJv8r7m/O@302d8","ceLs/n4EVIw7fnJv8r7m/O@31cf7","ceLs/n4EVIw7fnJv8r7m/O@31cfa","ceLs/n4EVIw7fnJv8r7m/O@3388c","ceLs/n4EVIw7fnJv8r7m/O@33eca","ceLs/n4EVIw7fnJv8r7m/O@37bda","ceLs/n4EVIw7fnJv8r7m/O@3c468","ceLs/n4EVIw7fnJv8r7m/O@44982","ceLs/n4EVIw7fnJv8r7m/O@481ec","ceLs/n4EVIw7fnJv8r7m/O@4a8d0","ceLs/n4EVIw7fnJv8r7m/O@4bc7e","ceLs/n4EVIw7fnJv8r7m/O@4c103","ceLs/n4EVIw7fnJv8r7m/O@4d0a4","ceLs/n4EVIw7fnJv8r7m/O@5144e","ceLs/n4EVIw7fnJv8r7m/O@51f16","ceLs/n4EVIw7fnJv8r7m/O@55761","ceLs/n4EVIw7fnJv8r7m/O@55e74","ceLs/n4EVIw7fnJv8r7m/O@5663e","ceLs/n4EVIw7fnJv8r7m/O@59ed0","ceLs/n4EVIw7fnJv8r7m/O@5c80e","ceLs/n4EVIw7fnJv8r7m/O@5d5ce","ceLs/n4EVIw7fnJv8r7m/O@5f9d3","ceLs/n4EVIw7fnJv8r7m/O@659b9","ceLs/n4EVIw7fnJv8r7m/O@66736","ceLs/n4EVIw7fnJv8r7m/O@67c8c","ceLs/n4EVIw7fnJv8r7m/O@68b8e","ceLs/n4EVIw7fnJv8r7m/O@6a3f4","ceLs/n4EVIw7fnJv8r7m/O@6d9cc","ceLs/n4EVIw7fnJv8r7m/O@6e4e4","ceLs/n4EVIw7fnJv8r7m/O@70bca","ceLs/n4EVIw7fnJv8r7m/O@717c9","ceLs/n4EVIw7fnJv8r7m/O@72079","ceLs/n4EVIw7fnJv8r7m/O@78832","ceLs/n4EVIw7fnJv8r7m/O@798ce","ceLs/n4EVIw7fnJv8r7m/O@7b22e","ceLs/n4EVIw7fnJv8r7m/O@7c3a1","ceLs/n4EVIw7fnJv8r7m/O@819de","ceLs/n4EVIw7fnJv8r7m/O@8345b","ceLs/n4EVIw7fnJv8r7m/O@84793","ceLs/n4EVIw7fnJv8r7m/O@86c02","ceLs/n4EVIw7fnJv8r7m/O@8809d","ceLs/n4EVIw7fnJv8r7m/O@898f3","ceLs/n4EVIw7fnJv8r7m/O@91e7e","ceLs/n4EVIw7fnJv8r7m/O@945c2","ceLs/n4EVIw7fnJv8r7m/O@94d2f","ceLs/n4EVIw7fnJv8r7m/O@9c65f","ceLs/n4EVIw7fnJv8r7m/O@9e415","ceLs/n4EVIw7fnJv8r7m/O@a5b10","ceLs/n4EVIw7fnJv8r7m/O@a6271","ceLs/n4EVIw7fnJv8r7m/O@aa48d","ceLs/n4EVIw7fnJv8r7m/O@aba8e","ceLs/n4EVIw7fnJv8r7m/O@baefb","ceLs/n4EVIw7fnJv8r7m/O@be2a2","ceLs/n4EVIw7fnJv8r7m/O@bfeb8","ceLs/n4EVIw7fnJv8r7m/O@c2209","ceLs/n4EVIw7fnJv8r7m/O@c26db","ceLs/n4EVIw7fnJv8r7m/O@c5ffc","ceLs/n4EVIw7fnJv8r7m/O@c7adb","ceLs/n4EVIw7fnJv8r7m/O@cd2fb","ceLs/n4EVIw7fnJv8r7m/O@d2448","ceLs/n4EVIw7fnJv8r7m/O@d3ac1","ceLs/n4EVIw7fnJv8r7m/O@dc94d","ceLs/n4EVIw7fnJv8r7m/O@e0813","ceLs/n4EVIw7fnJv8r7m/O@e7bcb","ceLs/n4EVIw7fnJv8r7m/O@e9326","ceLs/n4EVIw7fnJv8r7m/O@e9a67","ceLs/n4EVIw7fnJv8r7m/O@eef94","ceLs/n4EVIw7fnJv8r7m/O@f01e5","ceLs/n4EVIw7fnJv8r7m/O@f0220","ceLs/n4EVIw7fnJv8r7m/O@f3d74","ceLs/n4EVIw7fnJv8r7m/O@f67c9","ceLs/n4EVIw7fnJv8r7m/O@fe901","ceLs/n4EVIw7fnJv8r7m/O@ff57f","ceqCzGUCdEp6Fhb+A0mOgF","d0bak2uLlNgZ4t232ovirw","d0bak2uLlNgZ4t232ovirw@6c48a","d0bak2uLlNgZ4t232ovirw@f9941","d0wMLiajxHAaNJ5EA9MJxT","d0wMLiajxHAaNJ5EA9MJxT@6c48a","d1sTI6AgdDiqU2eaN7m/ug","d1ygsSOEJJt66u75klkq9j","d1ygsSOEJJt66u75klkq9j@6c48a","d2P+qMQVJG7rD/9rZVchxf","d2P+qMQVJG7rD/9rZVchxf@6c48a","d3PsJer+ZLcovba1HRZjVC","d4OYlzCmNC1LtbaTLxZiGM","d4WHmiM3hKcoTnt+DDRY8w","d47sfd3adLrb96HrHByYL+","d50sKRDsRKiboN0rGblKtZ","d50sKRDsRKiboN0rGblKtZ@6c48a","d50sKRDsRKiboN0rGblKtZ@f9941","d57EoKyQJAwLcl0lu2hQ0Q","d6WdbEczRKA46gPCI94ko1","d6WdbEczRKA46gPCI94ko1@6c48a","d73WMbDCRK55ZHFFYV34w3","d73WMbDCRK55ZHFFYV34w3@00d87","d73WMbDCRK55ZHFFYV34w3@01591","d73WMbDCRK55ZHFFYV34w3@129c1","d73WMbDCRK55ZHFFYV34w3@1caba","d73WMbDCRK55ZHFFYV34w3@39948","d73WMbDCRK55ZHFFYV34w3@3d169","d73WMbDCRK55ZHFFYV34w3@40163","d73WMbDCRK55ZHFFYV34w3@4551e","d73WMbDCRK55ZHFFYV34w3@49361","d73WMbDCRK55ZHFFYV34w3@5be2c","d73WMbDCRK55ZHFFYV34w3@5e67d","d73WMbDCRK55ZHFFYV34w3@91426","d73WMbDCRK55ZHFFYV34w3@93ba5","d73WMbDCRK55ZHFFYV34w3@9443f","d73WMbDCRK55ZHFFYV34w3@96459","d73WMbDCRK55ZHFFYV34w3@9bbee","d73WMbDCRK55ZHFFYV34w3@a84be","d73WMbDCRK55ZHFFYV34w3@aa2d2","d73WMbDCRK55ZHFFYV34w3@aab12","d73WMbDCRK55ZHFFYV34w3@b01f6","d73WMbDCRK55ZHFFYV34w3@b51c0","d73WMbDCRK55ZHFFYV34w3@c6132","d73WMbDCRK55ZHFFYV34w3@ca249","d73WMbDCRK55ZHFFYV34w3@dd358","d73WMbDCRK55ZHFFYV34w3@f5931","d73WMbDCRK55ZHFFYV34w3@f70b3","d9lq5f2ONGHqcuGb1QysKx","d9lq5f2ONGHqcuGb1QysKx@6c48a","d9lq5f2ONGHqcuGb1QysKx@f9941","d9nIQFiaRPzaut89fuaboP","d9nIQFiaRPzaut89fuaboP@680fe","d9nIQFiaRPzaut89fuaboP@763da","d9nIQFiaRPzaut89fuaboP@b64a1","d9nIQFiaRPzaut89fuaboP@cf514","d93z6sDTlMop/DR9K2tQie","d93z6sDTlMop/DR9K2tQie@6c48a","dbh22RDyJAtJPAsEK1gbdT","dbh22RDyJAtJPAsEK1gbdT@6c48a","dbh22RDyJAtJPAsEK1gbdT@f9941","dcIrb/zf9FVoRrYD2emHxu","dcIrb/zf9FVoRrYD2emHxu@6c48a","dcl+H67DZN9LVQYQW7awqq","dcl+H67DZN9LVQYQW7awqq@1b807","dcl+H67DZN9LVQYQW7awqq@6b63d","dcl+H67DZN9LVQYQW7awqq@8d734","dcl+H67DZN9LVQYQW7awqq@bf5ca","dcl+H67DZN9LVQYQW7awqq@cb405","dcl+H67DZN9LVQYQW7awqq@ce521","dcl+H67DZN9LVQYQW7awqq@f4d37","dd1y2K5gdKKpXBLYt8D1NU","dd1y2K5gdKKpXBLYt8D1NU@6c48a","dfkZ+Hn/9Ka4iqZoJIM3V1","e0tlVAm0xN2ICopkRb8h2Z","e0yqbnCpdPFpCVA7IpCNTR","e00CSIjJ9Ed6KRS5HB0xo2","e1B8d3ejVKMoI9W0J+eA6e","e1RvbmNaZPn6sbTfqvLO2J","e1RvbmNaZPn6sbTfqvLO2J@0035f","e1RvbmNaZPn6sbTfqvLO2J@0330c","e1RvbmNaZPn6sbTfqvLO2J@0a856","e1RvbmNaZPn6sbTfqvLO2J@0cf82","e1RvbmNaZPn6sbTfqvLO2J@0da36","e1RvbmNaZPn6sbTfqvLO2J@13dbc","e1RvbmNaZPn6sbTfqvLO2J@190eb","e1RvbmNaZPn6sbTfqvLO2J@21351","e1RvbmNaZPn6sbTfqvLO2J@24e0d","e1RvbmNaZPn6sbTfqvLO2J@25eda","e1RvbmNaZPn6sbTfqvLO2J@2a39e","e1RvbmNaZPn6sbTfqvLO2J@32b20","e1RvbmNaZPn6sbTfqvLO2J@356f9","e1RvbmNaZPn6sbTfqvLO2J@3a1e4","e1RvbmNaZPn6sbTfqvLO2J@53516","e1RvbmNaZPn6sbTfqvLO2J@55739","e1RvbmNaZPn6sbTfqvLO2J@74d3e","e1RvbmNaZPn6sbTfqvLO2J@76e2a","e1RvbmNaZPn6sbTfqvLO2J@8e612","e1RvbmNaZPn6sbTfqvLO2J@a2cf8","e1RvbmNaZPn6sbTfqvLO2J@aec41","e1RvbmNaZPn6sbTfqvLO2J@c93c8","e1RvbmNaZPn6sbTfqvLO2J@cc16b","e1RvbmNaZPn6sbTfqvLO2J@d748e","e1RvbmNaZPn6sbTfqvLO2J@d96f4","e1RvbmNaZPn6sbTfqvLO2J@db093","e1RvbmNaZPn6sbTfqvLO2J@e33c4","e1RvbmNaZPn6sbTfqvLO2J@e42dd","e1RvbmNaZPn6sbTfqvLO2J@f2df0","e1RvbmNaZPn6sbTfqvLO2J@f5dc9","e1mMOAqC1Kyb+/sK/5ELVf","e1mMOAqC1Kyb+/sK/5ELVf@6c48a","e3oYFPfElHubK9TVHSbEtZ","e3oYFPfElHubK9TVHSbEtZ@00777","e3oYFPfElHubK9TVHSbEtZ@00dd5","e3oYFPfElHubK9TVHSbEtZ@01205","e3oYFPfElHubK9TVHSbEtZ@014ba","e3oYFPfElHubK9TVHSbEtZ@01ebf","e3oYFPfElHubK9TVHSbEtZ@01f1f","e3oYFPfElHubK9TVHSbEtZ@0221e","e3oYFPfElHubK9TVHSbEtZ@023b2","e3oYFPfElHubK9TVHSbEtZ@0395a","e3oYFPfElHubK9TVHSbEtZ@07302","e3oYFPfElHubK9TVHSbEtZ@08387","e3oYFPfElHubK9TVHSbEtZ@089e4","e3oYFPfElHubK9TVHSbEtZ@08a52","e3oYFPfElHubK9TVHSbEtZ@09fd9","e3oYFPfElHubK9TVHSbEtZ@0a377","e3oYFPfElHubK9TVHSbEtZ@0a6c4","e3oYFPfElHubK9TVHSbEtZ@0c629","e3oYFPfElHubK9TVHSbEtZ@0e5df","e3oYFPfElHubK9TVHSbEtZ@0e842","e3oYFPfElHubK9TVHSbEtZ@0ea1c","e3oYFPfElHubK9TVHSbEtZ@100ae","e3oYFPfElHubK9TVHSbEtZ@104cd","e3oYFPfElHubK9TVHSbEtZ@105a3","e3oYFPfElHubK9TVHSbEtZ@114dd","e3oYFPfElHubK9TVHSbEtZ@12415","e3oYFPfElHubK9TVHSbEtZ@132df","e3oYFPfElHubK9TVHSbEtZ@13492","e3oYFPfElHubK9TVHSbEtZ@14250","e3oYFPfElHubK9TVHSbEtZ@146ea","e3oYFPfElHubK9TVHSbEtZ@15b5e","e3oYFPfElHubK9TVHSbEtZ@16c3d","e3oYFPfElHubK9TVHSbEtZ@181ee","e3oYFPfElHubK9TVHSbEtZ@18c87","e3oYFPfElHubK9TVHSbEtZ@19370","e3oYFPfElHubK9TVHSbEtZ@1cbef","e3oYFPfElHubK9TVHSbEtZ@1e045","e3oYFPfElHubK9TVHSbEtZ@1e6af","e3oYFPfElHubK9TVHSbEtZ@1ed10","e3oYFPfElHubK9TVHSbEtZ@1fbea","e3oYFPfElHubK9TVHSbEtZ@20e5b","e3oYFPfElHubK9TVHSbEtZ@21698","e3oYFPfElHubK9TVHSbEtZ@21c9c","e3oYFPfElHubK9TVHSbEtZ@22528","e3oYFPfElHubK9TVHSbEtZ@24639","e3oYFPfElHubK9TVHSbEtZ@25792","e3oYFPfElHubK9TVHSbEtZ@2662d","e3oYFPfElHubK9TVHSbEtZ@2ae04","e3oYFPfElHubK9TVHSbEtZ@2c025","e3oYFPfElHubK9TVHSbEtZ@2c876","e3oYFPfElHubK9TVHSbEtZ@2d64f","e3oYFPfElHubK9TVHSbEtZ@2e7b6","e3oYFPfElHubK9TVHSbEtZ@2f8ef","e3oYFPfElHubK9TVHSbEtZ@30b16","e3oYFPfElHubK9TVHSbEtZ@32291","e3oYFPfElHubK9TVHSbEtZ@3245e","e3oYFPfElHubK9TVHSbEtZ@33c39","e3oYFPfElHubK9TVHSbEtZ@33cf1","e3oYFPfElHubK9TVHSbEtZ@33d15","e3oYFPfElHubK9TVHSbEtZ@34466","e3oYFPfElHubK9TVHSbEtZ@345c9","e3oYFPfElHubK9TVHSbEtZ@357b4","e3oYFPfElHubK9TVHSbEtZ@38341","e3oYFPfElHubK9TVHSbEtZ@39edd","e3oYFPfElHubK9TVHSbEtZ@3a5ea","e3oYFPfElHubK9TVHSbEtZ@3c8cb","e3oYFPfElHubK9TVHSbEtZ@3f08f","e3oYFPfElHubK9TVHSbEtZ@3f50d","e3oYFPfElHubK9TVHSbEtZ@40167","e3oYFPfElHubK9TVHSbEtZ@40822","e3oYFPfElHubK9TVHSbEtZ@408a6","e3oYFPfElHubK9TVHSbEtZ@425e9","e3oYFPfElHubK9TVHSbEtZ@42952","e3oYFPfElHubK9TVHSbEtZ@43074","e3oYFPfElHubK9TVHSbEtZ@45105","e3oYFPfElHubK9TVHSbEtZ@461c4","e3oYFPfElHubK9TVHSbEtZ@466b1","e3oYFPfElHubK9TVHSbEtZ@46ded","e3oYFPfElHubK9TVHSbEtZ@4830b","e3oYFPfElHubK9TVHSbEtZ@493d4","e3oYFPfElHubK9TVHSbEtZ@4a897","e3oYFPfElHubK9TVHSbEtZ@4aaba","e3oYFPfElHubK9TVHSbEtZ@4b95a","e3oYFPfElHubK9TVHSbEtZ@4c3f0","e3oYFPfElHubK9TVHSbEtZ@4cf43","e3oYFPfElHubK9TVHSbEtZ@4d79b","e3oYFPfElHubK9TVHSbEtZ@4e439","e3oYFPfElHubK9TVHSbEtZ@4f083","e3oYFPfElHubK9TVHSbEtZ@4f81f","e3oYFPfElHubK9TVHSbEtZ@4fe64","e3oYFPfElHubK9TVHSbEtZ@5055c","e3oYFPfElHubK9TVHSbEtZ@50930","e3oYFPfElHubK9TVHSbEtZ@511eb","e3oYFPfElHubK9TVHSbEtZ@51d08","e3oYFPfElHubK9TVHSbEtZ@52a89","e3oYFPfElHubK9TVHSbEtZ@54661","e3oYFPfElHubK9TVHSbEtZ@54a1d","e3oYFPfElHubK9TVHSbEtZ@55302","e3oYFPfElHubK9TVHSbEtZ@56e8d","e3oYFPfElHubK9TVHSbEtZ@5746f","e3oYFPfElHubK9TVHSbEtZ@575a7","e3oYFPfElHubK9TVHSbEtZ@5784f","e3oYFPfElHubK9TVHSbEtZ@5a7c8","e3oYFPfElHubK9TVHSbEtZ@5ccb6","e3oYFPfElHubK9TVHSbEtZ@5cedb","e3oYFPfElHubK9TVHSbEtZ@5d032","e3oYFPfElHubK9TVHSbEtZ@5d9da","e3oYFPfElHubK9TVHSbEtZ@5e5a7","e3oYFPfElHubK9TVHSbEtZ@5f3b4","e3oYFPfElHubK9TVHSbEtZ@5f94d","e3oYFPfElHubK9TVHSbEtZ@5fbeb","e3oYFPfElHubK9TVHSbEtZ@5fcc7","e3oYFPfElHubK9TVHSbEtZ@626aa","e3oYFPfElHubK9TVHSbEtZ@62b2d","e3oYFPfElHubK9TVHSbEtZ@62f66","e3oYFPfElHubK9TVHSbEtZ@6318b","e3oYFPfElHubK9TVHSbEtZ@6554e","e3oYFPfElHubK9TVHSbEtZ@66279","e3oYFPfElHubK9TVHSbEtZ@66301","e3oYFPfElHubK9TVHSbEtZ@6724c","e3oYFPfElHubK9TVHSbEtZ@6748a","e3oYFPfElHubK9TVHSbEtZ@674cd","e3oYFPfElHubK9TVHSbEtZ@67766","e3oYFPfElHubK9TVHSbEtZ@684a2","e3oYFPfElHubK9TVHSbEtZ@688ed","e3oYFPfElHubK9TVHSbEtZ@69194","e3oYFPfElHubK9TVHSbEtZ@69987","e3oYFPfElHubK9TVHSbEtZ@6b078","e3oYFPfElHubK9TVHSbEtZ@6d052","e3oYFPfElHubK9TVHSbEtZ@6d8a6","e3oYFPfElHubK9TVHSbEtZ@6db40","e3oYFPfElHubK9TVHSbEtZ@70172","e3oYFPfElHubK9TVHSbEtZ@70c18","e3oYFPfElHubK9TVHSbEtZ@70ce6","e3oYFPfElHubK9TVHSbEtZ@70e3a","e3oYFPfElHubK9TVHSbEtZ@719ba","e3oYFPfElHubK9TVHSbEtZ@71bce","e3oYFPfElHubK9TVHSbEtZ@72047","e3oYFPfElHubK9TVHSbEtZ@737bd","e3oYFPfElHubK9TVHSbEtZ@73f6d","e3oYFPfElHubK9TVHSbEtZ@74bf5","e3oYFPfElHubK9TVHSbEtZ@7549a","e3oYFPfElHubK9TVHSbEtZ@76f3e","e3oYFPfElHubK9TVHSbEtZ@77a67","e3oYFPfElHubK9TVHSbEtZ@78dcf","e3oYFPfElHubK9TVHSbEtZ@7fd84","e3oYFPfElHubK9TVHSbEtZ@7ff43","e3oYFPfElHubK9TVHSbEtZ@8152f","e3oYFPfElHubK9TVHSbEtZ@82f1a","e3oYFPfElHubK9TVHSbEtZ@844f1","e3oYFPfElHubK9TVHSbEtZ@85344","e3oYFPfElHubK9TVHSbEtZ@8649b","e3oYFPfElHubK9TVHSbEtZ@86e0d","e3oYFPfElHubK9TVHSbEtZ@8735c","e3oYFPfElHubK9TVHSbEtZ@880d0","e3oYFPfElHubK9TVHSbEtZ@89226","e3oYFPfElHubK9TVHSbEtZ@89ce0","e3oYFPfElHubK9TVHSbEtZ@8ccc0","e3oYFPfElHubK9TVHSbEtZ@927e4","e3oYFPfElHubK9TVHSbEtZ@932a6","e3oYFPfElHubK9TVHSbEtZ@93a9a","e3oYFPfElHubK9TVHSbEtZ@94a67","e3oYFPfElHubK9TVHSbEtZ@9530b","e3oYFPfElHubK9TVHSbEtZ@977fd","e3oYFPfElHubK9TVHSbEtZ@99398","e3oYFPfElHubK9TVHSbEtZ@99735","e3oYFPfElHubK9TVHSbEtZ@9c703","e3oYFPfElHubK9TVHSbEtZ@9c948","e3oYFPfElHubK9TVHSbEtZ@9e06c","e3oYFPfElHubK9TVHSbEtZ@9f64d","e3oYFPfElHubK9TVHSbEtZ@a0066","e3oYFPfElHubK9TVHSbEtZ@a1aaf","e3oYFPfElHubK9TVHSbEtZ@a22dc","e3oYFPfElHubK9TVHSbEtZ@a3295","e3oYFPfElHubK9TVHSbEtZ@a3b90","e3oYFPfElHubK9TVHSbEtZ@a3c52","e3oYFPfElHubK9TVHSbEtZ@a4b9b","e3oYFPfElHubK9TVHSbEtZ@a5d5f","e3oYFPfElHubK9TVHSbEtZ@a6461","e3oYFPfElHubK9TVHSbEtZ@a7281","e3oYFPfElHubK9TVHSbEtZ@a8b8f","e3oYFPfElHubK9TVHSbEtZ@a9230","e3oYFPfElHubK9TVHSbEtZ@a999f","e3oYFPfElHubK9TVHSbEtZ@abbf0","e3oYFPfElHubK9TVHSbEtZ@ad3b1","e3oYFPfElHubK9TVHSbEtZ@adb46","e3oYFPfElHubK9TVHSbEtZ@adf9e","e3oYFPfElHubK9TVHSbEtZ@ae221","e3oYFPfElHubK9TVHSbEtZ@ae229","e3oYFPfElHubK9TVHSbEtZ@aeffc","e3oYFPfElHubK9TVHSbEtZ@b1112","e3oYFPfElHubK9TVHSbEtZ@b1553","e3oYFPfElHubK9TVHSbEtZ@b2079","e3oYFPfElHubK9TVHSbEtZ@b251a","e3oYFPfElHubK9TVHSbEtZ@b55e7","e3oYFPfElHubK9TVHSbEtZ@b6110","e3oYFPfElHubK9TVHSbEtZ@b63ee","e3oYFPfElHubK9TVHSbEtZ@b84ab","e3oYFPfElHubK9TVHSbEtZ@b863b","e3oYFPfElHubK9TVHSbEtZ@b8a74","e3oYFPfElHubK9TVHSbEtZ@b931f","e3oYFPfElHubK9TVHSbEtZ@ba3d4","e3oYFPfElHubK9TVHSbEtZ@c072d","e3oYFPfElHubK9TVHSbEtZ@c0cf5","e3oYFPfElHubK9TVHSbEtZ@c1100","e3oYFPfElHubK9TVHSbEtZ@c2856","e3oYFPfElHubK9TVHSbEtZ@c5a64","e3oYFPfElHubK9TVHSbEtZ@c5cbd","e3oYFPfElHubK9TVHSbEtZ@c69e7","e3oYFPfElHubK9TVHSbEtZ@c79ee","e3oYFPfElHubK9TVHSbEtZ@c7e14","e3oYFPfElHubK9TVHSbEtZ@c8c28","e3oYFPfElHubK9TVHSbEtZ@c9e17","e3oYFPfElHubK9TVHSbEtZ@c9ec2","e3oYFPfElHubK9TVHSbEtZ@cbd8b","e3oYFPfElHubK9TVHSbEtZ@cbda6","e3oYFPfElHubK9TVHSbEtZ@cc6f5","e3oYFPfElHubK9TVHSbEtZ@cc7f7","e3oYFPfElHubK9TVHSbEtZ@cd463","e3oYFPfElHubK9TVHSbEtZ@ce589","e3oYFPfElHubK9TVHSbEtZ@ce7ba","e3oYFPfElHubK9TVHSbEtZ@cea7e","e3oYFPfElHubK9TVHSbEtZ@ceb65","e3oYFPfElHubK9TVHSbEtZ@cf405","e3oYFPfElHubK9TVHSbEtZ@cfccf","e3oYFPfElHubK9TVHSbEtZ@d0248","e3oYFPfElHubK9TVHSbEtZ@d05c1","e3oYFPfElHubK9TVHSbEtZ@d0dc7","e3oYFPfElHubK9TVHSbEtZ@d1496","e3oYFPfElHubK9TVHSbEtZ@d29bf","e3oYFPfElHubK9TVHSbEtZ@d2bc4","e3oYFPfElHubK9TVHSbEtZ@d317f","e3oYFPfElHubK9TVHSbEtZ@d377e","e3oYFPfElHubK9TVHSbEtZ@d48aa","e3oYFPfElHubK9TVHSbEtZ@d5050","e3oYFPfElHubK9TVHSbEtZ@d5ad4","e3oYFPfElHubK9TVHSbEtZ@d6c5b","e3oYFPfElHubK9TVHSbEtZ@d6cc8","e3oYFPfElHubK9TVHSbEtZ@d792d","e3oYFPfElHubK9TVHSbEtZ@d8172","e3oYFPfElHubK9TVHSbEtZ@d8626","e3oYFPfElHubK9TVHSbEtZ@d88eb","e3oYFPfElHubK9TVHSbEtZ@d9253","e3oYFPfElHubK9TVHSbEtZ@dbbce","e3oYFPfElHubK9TVHSbEtZ@dc34c","e3oYFPfElHubK9TVHSbEtZ@dd3bd","e3oYFPfElHubK9TVHSbEtZ@de283","e3oYFPfElHubK9TVHSbEtZ@df60a","e3oYFPfElHubK9TVHSbEtZ@df66d","e3oYFPfElHubK9TVHSbEtZ@dfc65","e3oYFPfElHubK9TVHSbEtZ@dff4a","e3oYFPfElHubK9TVHSbEtZ@e2d8f","e3oYFPfElHubK9TVHSbEtZ@e365b","e3oYFPfElHubK9TVHSbEtZ@e3ca2","e3oYFPfElHubK9TVHSbEtZ@e583a","e3oYFPfElHubK9TVHSbEtZ@e5a18","e3oYFPfElHubK9TVHSbEtZ@e79aa","e3oYFPfElHubK9TVHSbEtZ@e96ba","e3oYFPfElHubK9TVHSbEtZ@e9d13","e3oYFPfElHubK9TVHSbEtZ@e9f2b","e3oYFPfElHubK9TVHSbEtZ@ea0e9","e3oYFPfElHubK9TVHSbEtZ@ebbfc","e3oYFPfElHubK9TVHSbEtZ@ebe39","e3oYFPfElHubK9TVHSbEtZ@ed657","e3oYFPfElHubK9TVHSbEtZ@ee4fa","e3oYFPfElHubK9TVHSbEtZ@f01eb","e3oYFPfElHubK9TVHSbEtZ@f0f3a","e3oYFPfElHubK9TVHSbEtZ@f149b","e3oYFPfElHubK9TVHSbEtZ@f1bcd","e3oYFPfElHubK9TVHSbEtZ@f24ab","e3oYFPfElHubK9TVHSbEtZ@f2fc1","e3oYFPfElHubK9TVHSbEtZ@f3965","e3oYFPfElHubK9TVHSbEtZ@f7924","e3oYFPfElHubK9TVHSbEtZ@f80b8","e3oYFPfElHubK9TVHSbEtZ@f80e7","e3oYFPfElHubK9TVHSbEtZ@f826c","e3oYFPfElHubK9TVHSbEtZ@f85f6","e3oYFPfElHubK9TVHSbEtZ@fac4d","e3oYFPfElHubK9TVHSbEtZ@fe5e0","e3oYFPfElHubK9TVHSbEtZ@fe905","e52cpURKlOEJh0SVw9y8U7","e52cpURKlOEJh0SVw9y8U7@004c8","e52cpURKlOEJh0SVw9y8U7@03f06","e52cpURKlOEJh0SVw9y8U7@09548","e52cpURKlOEJh0SVw9y8U7@1bed6","e52cpURKlOEJh0SVw9y8U7@2553e","e52cpURKlOEJh0SVw9y8U7@299ee","e52cpURKlOEJh0SVw9y8U7@359f1","e52cpURKlOEJh0SVw9y8U7@50051","e52cpURKlOEJh0SVw9y8U7@55a02","e52cpURKlOEJh0SVw9y8U7@55faf","e52cpURKlOEJh0SVw9y8U7@5e4b7","e52cpURKlOEJh0SVw9y8U7@62155","e52cpURKlOEJh0SVw9y8U7@64845","e52cpURKlOEJh0SVw9y8U7@6f7e3","e52cpURKlOEJh0SVw9y8U7@6fe3f","e52cpURKlOEJh0SVw9y8U7@93eaf","e52cpURKlOEJh0SVw9y8U7@a189a","e52cpURKlOEJh0SVw9y8U7@abb97","e52cpURKlOEJh0SVw9y8U7@b4a1b","e52cpURKlOEJh0SVw9y8U7@c8a26","e52cpURKlOEJh0SVw9y8U7@ce7c7","e52cpURKlOEJh0SVw9y8U7@d470f","e52cpURKlOEJh0SVw9y8U7@daf21","e52cpURKlOEJh0SVw9y8U7@db921","e52cpURKlOEJh0SVw9y8U7@de39f","e52cpURKlOEJh0SVw9y8U7@ee169","e52cpURKlOEJh0SVw9y8U7@f124f","e52cpURKlOEJh0SVw9y8U7@f4d84","e66pCdiwJGLabmndjpZBuY","e66pCdiwJGLabmndjpZBuY@1e3e5","e66pCdiwJGLabmndjpZBuY@6b9e0","e8Gn73RkBFY7ZjE6ylc7fi","e83dOBM2BErrMNuPKS7I9v","e83dOBM2BErrMNuPKS7I9v@09138","e83dOBM2BErrMNuPKS7I9v@0da96","e83dOBM2BErrMNuPKS7I9v@126bf","e83dOBM2BErrMNuPKS7I9v@2a228","e83dOBM2BErrMNuPKS7I9v@2a937","e83dOBM2BErrMNuPKS7I9v@3144d","e83dOBM2BErrMNuPKS7I9v@46a96","e83dOBM2BErrMNuPKS7I9v@5c66b","e83dOBM2BErrMNuPKS7I9v@5f679","e83dOBM2BErrMNuPKS7I9v@7f82f","e83dOBM2BErrMNuPKS7I9v@ad322","e83dOBM2BErrMNuPKS7I9v@c8b5d","e83dOBM2BErrMNuPKS7I9v@ca03f","e83dOBM2BErrMNuPKS7I9v@d8a44","e83dOBM2BErrMNuPKS7I9v@eceb3","e83dOBM2BErrMNuPKS7I9v@fb1d1","e83dOBM2BErrMNuPKS7I9v@ff995","ea+bqjRwxIn4ftYOOZ+s+A","ea+bqjRwxIn4ftYOOZ+s+A@6c48a","ebRtwhNu9HT4YG8njPbV25","ebRtwhNu9HT4YG8njPbV25@18043","ebRtwhNu9HT4YG8njPbV25@325a2","ebRtwhNu9HT4YG8njPbV25@3c8b9","ebRtwhNu9HT4YG8njPbV25@7af78","ebRtwhNu9HT4YG8njPbV25@87547","ebRtwhNu9HT4YG8njPbV25@b6f68","ebRtwhNu9HT4YG8njPbV25@ce721","ebRtwhNu9HT4YG8njPbV25@d5bd6","ebRtwhNu9HT4YG8njPbV25@eab51","ebRtwhNu9HT4YG8njPbV25@ee2e2","ebRtwhNu9HT4YG8njPbV25@f05ad","edjuVI7nhBYJjZlE64P0b6","edjuVI7nhBYJjZlE64P0b6@01ebf","edjuVI7nhBYJjZlE64P0b6@0a6c4","edjuVI7nhBYJjZlE64P0b6@2c025","edjuVI7nhBYJjZlE64P0b6@4b95a","edjuVI7nhBYJjZlE64P0b6@4cf43","edjuVI7nhBYJjZlE64P0b6@5d032","edjuVI7nhBYJjZlE64P0b6@6318b","edjuVI7nhBYJjZlE64P0b6@6d052","edjuVI7nhBYJjZlE64P0b6@a3295","edjuVI7nhBYJjZlE64P0b6@b931f","edjuVI7nhBYJjZlE64P0b6@c072d","edjuVI7nhBYJjZlE64P0b6@cea7e","edjuVI7nhBYJjZlE64P0b6@ceb65","edjuVI7nhBYJjZlE64P0b6@d9253","ed33NRLgBMpJXH51IRH4tG","eeQ3Vt2qBDKIxHkDcg+4Vh","eeQ3Vt2qBDKIxHkDcg+4Vh@6c48a","efeznx3eVBS7qqVFczUVbN","f0OXCssDRL3bWPdx0HEtfx","f0aDtugkdF2omBhX6D7J4R","f0aDtugkdF2omBhX6D7J4R@6c48a","f1VyMuwXFEeItsOAw2UJdu","f3tXgn/ulMfajz62amFANB","f4R1QYzmVNGIiPS+XWsvsa","f4R1QYzmVNGIiPS+XWsvsa@0cb59","f4R1QYzmVNGIiPS+XWsvsa@189ce","f4R1QYzmVNGIiPS+XWsvsa@2e5b2","f4R1QYzmVNGIiPS+XWsvsa@44441","f4R1QYzmVNGIiPS+XWsvsa@47858","f4R1QYzmVNGIiPS+XWsvsa@53542","f4R1QYzmVNGIiPS+XWsvsa@7c58f","f4R1QYzmVNGIiPS+XWsvsa@8e930","f4R1QYzmVNGIiPS+XWsvsa@95e7a","f4R1QYzmVNGIiPS+XWsvsa@b59ef","f4R1QYzmVNGIiPS+XWsvsa@b6a59","f4R1QYzmVNGIiPS+XWsvsa@b6d06","f4R1QYzmVNGIiPS+XWsvsa@bdf08","f4R1QYzmVNGIiPS+XWsvsa@d30ff","f4R1QYzmVNGIiPS+XWsvsa@d6f64","f4R1QYzmVNGIiPS+XWsvsa@df24a","f4R1QYzmVNGIiPS+XWsvsa@df265","f4R1QYzmVNGIiPS+XWsvsa@eb2a2","f4R1QYzmVNGIiPS+XWsvsa@efa1e","f4R1QYzmVNGIiPS+XWsvsa@f48c0","f4W9AvyW1JS6CX7ynH41pq","f5oMRD4shAAr0rcObs0loO","f93N7/X9BEMqdj37hZTzi1","f93N7/X9BEMqdj37hZTzi1@6c48a","fdvCxADJhHFrlNeeoYltAl","ff13E+se1IAoKgkF+OHyN/","ff13E+se1IAoKgkF+OHyN/@6c48a","11vcSwZKhOt6Knn7niM+l3","11vcSwZKhOt6Knn7niM+l3@6c48a","11vcSwZKhOt6Knn7niM+l3@f9941","15jn5SMiBM15aUcT4OboJ4","15jn5SMiBM15aUcT4OboJ4@6c48a","15jn5SMiBM15aUcT4OboJ4@f9941","1c3064747","1c3064747@6c48a","20g1ukYUVPvKWKBRznAKo+","20g1ukYUVPvKWKBRznAKo+@6c48a","20g1ukYUVPvKWKBRznAKo+@f9941","54TknWPwVPqJqeCR+Y/Czo","54TknWPwVPqJqeCR+Y/Czo@6c48a","54TknWPwVPqJqeCR+Y/Czo@f9941","95EkngnxZFbYuFpsqVTaFr","95EkngnxZFbYuFpsqVTaFr@6c48a","95EkngnxZFbYuFpsqVTaFr@f9941","afxHkx8GZGsJC+n+YfITQo","afxHkx8GZGsJC+n+YfITQo@6c48a","afxHkx8GZGsJC+n+YfITQo@f9941","bdG8q6vX1KcbFDmXyII4Pk","bdG8q6vX1KcbFDmXyII4Pk@6c48a","bdG8q6vX1KcbFDmXyII4Pk@f9941","ffuIqPr2JI9I8dPLYGRDpD","ffuIqPr2JI9I8dPLYGRDpD@6c48a","ffuIqPr2JI9I8dPLYGRDpD@f9941"],"paths":{"0":["img/auto_fish",3,1],"1":["prefabs/ui_battery_3",8,1],"2":["prefabs/ui_battery_1",8,1],"3":["bg_common_loading",0,1],"4":["bg_common_loading/texture",1,1],"5":["bg_common_loading/spriteFrame",2,1],"6":["scene/bg5guangpls",0,1],"7":["scene/bg5guangpls/texture",1,1],"8":["scene/bg1guangpls",3,1],"9":["scene/bg1guangpls/bg1guang2_7",2,1],"10":["scene/bg1guangpls/bg1guang1_1",2,1],"11":["scene/bg1guangpls/bg1guang2_8",2,1],"12":["scene/bg1guangpls/bg1guang1_7",2,1],"13":["scene/bg1guangpls/bg1guang3_7",2,1],"14":["scene/bg1guangpls/bg1guang2_3",2,1],"15":["scene/bg1guangpls/bg1guang2_5",2,1],"16":["scene/bg1guangpls/bg1guang3_10",2,1],"17":["scene/bg1guangpls/bg1guang1_8",2,1],"18":["scene/bg1guangpls/bg1guang3_1",2,1],"19":["scene/bg1guangpls/bg1guang3_6",2,1],"20":["scene/bg1guangpls/bg1guang0_1",2,1],"21":["scene/bg1guangpls/bg1guang2_4",2,1],"22":["scene/bg1guangpls/bg1guang2_6",2,1],"23":["scene/bg1guangpls/bg1guang0_3",2,1],"24":["scene/bg1guangpls/bg1guang1_5",2,1],"25":["scene/bg1guangpls/bg1guang3_4",2,1],"26":["scene/bg1guangpls/bg1guang1_4",2,1],"27":["scene/bg1guangpls/bg1guang3_9",2,1],"28":["scene/bg1guangpls/bg1guang0_2",2,1],"29":["scene/bg1guangpls/bg1guang2_1",2,1],"30":["scene/bg1guangpls/bg1guang0_8",2,1],"31":["scene/bg1guangpls/bg1guang1_9",2,1],"32":["scene/bg1guangpls/bg1guang1_2",2,1],"33":["scene/bg1guangpls/bg1guang1_6",2,1],"34":["scene/bg1guangpls/bg1guang0_6",2,1],"35":["scene/bg1guangpls/bg1guang3_8",2,1],"36":["scene/bg1guangpls/bg1guang1_3",2,1],"37":["scene/bg1guangpls/bg1guang0_9",2,1],"38":["scene/bg1guangpls/bg1guang3_5",2,1],"39":["scene/bg1guangpls/bg1guang0_5",2,1],"40":["scene/bg1guangpls/bg1guang2_9",2,1],"41":["scene/bg1guangpls/bg1guang0_4",2,1],"42":["scene/bg1guangpls/bg1guang3_3",2,1],"43":["scene/bg1guangpls/bg1guang2_10",2,1],"44":["scene/bg1guangpls/bg1guang2_2",2,1],"45":["scene/bg1guangpls/bg1guang3_2",2,1],"46":["scene/bg1guangpls/bg1guang0_7",2,1],"47":["bullets/hit_1ji",0,1],"48":["bullets/hit_1ji/texture",1,1],"49":["battery/pao-3",0,1],"50":["battery/pao-3/texture",1,1],"51":["effect/baozha1",0,1],"52":["effect/baozha1/texture",1,1],"53":["common/lock",0,1],"54":["common/lock/texture",1,1],"55":["fish/fish24",3,1],"56":["fish/fish24/fish24_10",2,1],"57":["fish/fish24/fish24_8",2,1],"58":["fish/fish24/fish24_2",2,1],"59":["fish/fish24/fish24_14",2,1],"60":["fish/fish24/fish24_22",2,1],"61":["fish/fish24/fish24_21",2,1],"62":["fish/fish24/fish24_11",2,1],"63":["fish/fish24/fish24_7",2,1],"64":["fish/fish24/fish24_9",2,1],"65":["fish/fish24/fish24_13",2,1],"66":["fish/fish24/fish24_25",2,1],"67":["fish/fish24/fish24_17",2,1],"68":["fish/fish24/fish24_24",2,1],"69":["fish/fish24/fish24_23",2,1],"70":["fish/fish24/fish24_3",2,1],"71":["fish/fish24/fish24_6",2,1],"72":["fish/fish24/fish24_12",2,1],"73":["fish/fish24/fish24_19",2,1],"74":["fish/fish24/fish24_16",2,1],"75":["fish/fish24/fish24_4",2,1],"76":["fish/fish24/fish24_18",2,1],"77":["fish/fish24/fish24_15",2,1],"78":["fish/fish24/fish24_5",2,1],"79":["fish/fish24/fish24_1",2,1],"80":["fish/fish24/fish24_20",2,1],"81":["music/effect/boychengzan",9,1],"82":["bullets/hit_pifu4",4,1],"83":["bullets/bullet_pifu1",4,1],"84":["bullets/yuwang-3",0,1],"85":["bullets/yuwang-3/texture",1,1],"86":["effect/card_big_bg",0,1],"87":["effect/card_big_bg/texture",1,1],"88":["effect/card_big_bg/spriteFrame",2,1],"90":["music/effect/qianshui2",9,1],"91":["effect/bp2",6,1],"92":["scene/bg5",0,1],"93":["scene/bg5/texture",1,1],"94":["scene/bg5/spriteFrame",2,1],"95":["prefabs/prefabs_fish_help",8,1],"96":["fish/fish120",0,1],"97":["fish/fish120/texture",1,1],"98":["effect/baozha",6,1],"99":["effect/YB3",6,1],"100":["bullets/hit_pifu4",5,1],"101":["effect/bz2",6,1],"102":["fnt/battle2",0,1],"103":["fnt/battle2/texture",1,1],"104":["fnt/battle2/spriteFrame",2,1],"105":["music/effect/boyugly",9,1],"106":["battery/pao-5",4,1],"107":["effect/zhuanshi1",6,1],"108":["battery/pao-2",5,1],"109":["fnt/hitnumber1",7,1],"110":["bullets/hit_pifu1",5,1],"111":["effect/bz3",6,1],"112":["bullets/1jizidan",0,1],"113":["bullets/1jizidan/texture",1,1],"114":["music/effect/lunpanyinxiao",9,1],"115":["fnt/paobei",0,1],"116":["fnt/paobei/texture",1,1],"117":["fnt/paobei/spriteFrame",2,1],"118":["effect/bz1",6,1],"119":["effect/luanpanda",0,1],"120":["effect/luanpanda/texture",1,1],"121":["effect/luanpanda/spriteFrame",2,1],"122":["common/room_1",0,1],"123":["common/room_1/texture",1,1],"124":["common/room_1/spriteFrame",2,1],"125":["music/effect/chanescene",9,1],"126":["bullets/1jizidan",3,1],"127":["bullets/1jizidan/1jizidan",2,1],"128":["bullets/1jizidan/1jizidan1",2,1],"129":["effect/baozha2",0,1],"130":["effect/baozha2/texture",1,1],"131":["music/bgm/bgm4",9,1],"132":["bullets/hit_pifu3",0,1],"133":["bullets/hit_pifu3/texture",1,1],"134":["common/changegun",0,1],"135":["common/changegun/texture",1,1],"136":["battery/cannon_norm",0,1],"137":["battery/cannon_norm/texture",1,1],"138":["music/effect/qihang",9,1],"139":["bullets/bullet_pifu3",5,1],"140":["battery/pao-7",0,1],"141":["battery/pao-7/texture",1,1],"142":["music/effect/updownpao",9,1],"143":["fnt/battlejinbi",7,1],"144":["fnt/countime",7,1],"145":["prefabs/prefabs_fish_test",8,1],"146":["effect/bossWarn",0,1],"147":["effect/bossWarn/texture",1,1],"148":["effect/bossWarn/spriteFrame",2,1],"149":["common/nengliangpao",3,1],"150":["common/nengliangpao/nengliangpao_7",2,1],"151":["common/nengliangpao/nengliangpao_4",2,1],"152":["common/nengliangpao/nengliangpao_8",2,1],"153":["common/nengliangpao/nengliangpao_5",2,1],"154":["common/nengliangpao/nengliangpao_3",2,1],"155":["common/nengliangpao/nengliangpao_6",2,1],"156":["common/nengliangpao/nengliangpao_11",2,1],"157":["common/nengliangpao/nengliangpao_13",2,1],"158":["common/nengliangpao/nengliangpao_1",2,1],"159":["common/nengliangpao/nengliangpao_2",2,1],"160":["common/nengliangpao/nengliangpao_12",2,1],"161":["common/nengliangpao/nengliangpao_9",2,1],"162":["common/nengliangpao/nengliangpao_10",2,1],"163":["effect/bp3",6,1],"164":["bullets/hit_1ji",5,1],"165":["bullets/hit_pifu2",4,1],"166":["common/changegun",3,1],"167":["common/changegun/gun_lockboard01",2,1],"168":["common/changegun/tag_zzsy",2,1],"169":["common/changegun/zhunbeia",2,1],"170":["common/changegun/gun_board00",2,1],"171":["common/changegun/gun_backboard",2,1],"172":["common/changegun/out",2,1],"173":["common/changegun/gun_lock",2,1],"174":["common/changegun/gun_get",2,1],"175":["common/changegun/gun_boardclick",2,1],"176":["music/bgm/bossbgm",9,1],"177":["music/effect/bossdrop",9,1],"178":["bullets/yuwang-5",4,1],"179":["prefabs/prefabs_fish_auto_exit",8,1],"180":["effect/hua3",6,1],"181":["bullets/zidan-3",4,1],"182":["music/effect/thunderflight",9,1],"183":["music/bgm/bgm6",9,1],"184":["music/bgm/bgm2",9,1],"185":["music/effect/girlhujiu",9,1],"186":["effect/chijinbi",6,1],"187":["battery/pao-5",5,1],"188":["fnt/jiesuanfu",7,1],"189":["scene/bg3guangpls",3,1],"190":["scene/bg3guangpls/bg3guang3_7",2,1],"191":["scene/bg3guangpls/bg3guang1_5",2,1],"192":["scene/bg3guangpls/bg3guang2_7",2,1],"193":["scene/bg3guangpls/bg3guang3_5",2,1],"194":["scene/bg3guangpls/bg3guang0_5",2,1],"195":["scene/bg3guangpls/bg3guang1_3",2,1],"196":["scene/bg3guangpls/bg3guang1_4",2,1],"197":["scene/bg3guangpls/bg3guang2_1",2,1],"198":["scene/bg3guangpls/bg3guang3_4",2,1],"199":["scene/bg3guangpls/bg3guang3_1",2,1],"200":["scene/bg3guangpls/bg3guang0_1",2,1],"201":["scene/bg3guangpls/bg3guang3_10",2,1],"202":["scene/bg3guangpls/bg3guang2_9",2,1],"203":["scene/bg3guangpls/bg3guang0_2",2,1],"204":["scene/bg3guangpls/bg3guang0_4",2,1],"205":["scene/bg3guangpls/bg3guang3_8",2,1],"206":["scene/bg3guangpls/bg3guang2_3",2,1],"207":["scene/bg3guangpls/bg3guang3_3",2,1],"208":["scene/bg3guangpls/bg3guang2_8",2,1],"209":["scene/bg3guangpls/bg3guang1_2",2,1],"210":["scene/bg3guangpls/bg3guang1_8",2,1],"211":["scene/bg3guangpls/bg3guang0_7",2,1],"212":["scene/bg3guangpls/bg3guang1_9",2,1],"213":["scene/bg3guangpls/bg3guang0_8",2,1],"214":["scene/bg3guangpls/bg3guang2_10",2,1],"215":["scene/bg3guangpls/bg3guang2_6",2,1],"216":["scene/bg3guangpls/bg3guang3_2",2,1],"217":["scene/bg3guangpls/bg3guang2_2",2,1],"218":["scene/bg3guangpls/bg3guang1_6",2,1],"219":["scene/bg3guangpls/bg3guang2_5",2,1],"220":["scene/bg3guangpls/bg3guang0_6",2,1],"221":["scene/bg3guangpls/bg3guang1_1",2,1],"222":["scene/bg3guangpls/bg3guang0_9",2,1],"223":["scene/bg3guangpls/bg3guang3_6",2,1],"224":["scene/bg3guangpls/bg3guang1_7",2,1],"225":["scene/bg3guangpls/bg3guang2_4",2,1],"226":["scene/bg3guangpls/bg3guang3_9",2,1],"227":["scene/bg3guangpls/bg3guang0_3",2,1],"228":["fnt/jiesuanzheng",7,1],"229":["battery/cannon_norm",3,1],"230":["battery/cannon_norm/cannon0_3",2,1],"231":["battery/cannon_norm/cannon0_1",2,1],"232":["battery/cannon_norm/cannon0_5",2,1],"233":["battery/cannon_norm/cannon0_2",2,1],"234":["battery/cannon_norm/cannon0_4",2,1],"235":["music/effect/deadfishcoin",9,1],"236":["scene/SeaWave",0,1],"237":["scene/SeaWave/texture",1,1],"238":["effect/zhuanshi3",6,1],"239":["music/effect/girlchengli",9,1],"240":["img/icon_dt_loading_1",0,1],"241":["img/icon_dt_loading_1/spriteFrame",2,1],"242":["prefabs/prefabs_fish_getnewwwep",8,1],"243":["scene/bg4guangpls",0,1],"244":["scene/bg4guangpls/texture",1,1],"245":["effect/yellowraylinepls",3,1],"246":["effect/yellowraylinepls/yellowrayline3",2,1],"247":["effect/yellowraylinepls/yellowrayline1",2,1],"248":["effect/yellowraylinepls/yellowrayline4",2,1],"249":["effect/yellowraylinepls/yellowrayline10",2,1],"250":["effect/yellowraylinepls/yellowrayline6",2,1],"251":["effect/yellowraylinepls/yellowrayline9",2,1],"252":["effect/yellowraylinepls/yellowrayline2",2,1],"253":["effect/yellowraylinepls/yellowrayline7",2,1],"254":["effect/yellowraylinepls/yellowrayline5",2,1],"255":["effect/yellowraylinepls/yellowrayline8",2,1],"256":["fnt/hitnumber1_0",0,1],"257":["fnt/hitnumber1_0/texture",1,1],"258":["fnt/hitnumber1_0/spriteFrame",2,1],"259":["effect/greenraylinepls",0,1],"260":["effect/greenraylinepls/texture",1,1],"261":["music/effect/coinluoru",9,1],"262":["scene/bg6guangpls",0,1],"263":["scene/bg6guangpls/texture",1,1],"264":["bullets/yuwang-5",5,1],"265":["effect/liumangxing",0,1],"266":["effect/liumangxing/texture",1,1],"267":["effect/liumangxing/spriteFrame",2,1],"268":["effect/YB2",6,1],"269":["fish/fish64",3,1],"270":["fish/fish64/fish64_13",2,1],"271":["fish/fish64/fish64_11",2,1],"272":["fish/fish64/fish64_4",2,1],"273":["fish/fish64/fish64_17",2,1],"274":["fish/fish64/fish64_3",2,1],"275":["fish/fish64/fish64_1",2,1],"276":["fish/fish64/fish64_16",2,1],"277":["fish/fish64/fish64_9",2,1],"278":["fish/fish64/fish64_14",2,1],"279":["fish/fish64/fish64_15",2,1],"280":["fish/fish64/fish64_2",2,1],"281":["fish/fish64/fish64_10",2,1],"282":["fish/fish64/fish64_5",2,1],"283":["fish/fish64/fish64_8",2,1],"284":["fish/fish64/fish64_7",2,1],"285":["fish/fish64/fish64_6",2,1],"286":["fish/fish64/fish64_12",2,1],"287":["scene/bg2",0,1],"288":["scene/bg2/texture",1,1],"289":["scene/bg2/spriteFrame",2,1],"290":["music/bgm/bgm5",9,1],"291":["common/common01",0,1],"292":["common/common01/texture",1,1],"293":["fnt/zhuanpanft",0,1],"294":["fnt/zhuanpanft/texture",1,1],"295":["fnt/zhuanpanft/spriteFrame",2,1],"296":["effect/chijinbi",0,1],"297":["effect/chijinbi/texture",1,1],"298":["fnt/fishdeadlabel",7,1],"299":["fnt/jiesuanfu_0",0,1],"300":["fnt/jiesuanfu_0/texture",1,1],"301":["fnt/jiesuanfu_0/spriteFrame",2,1],"302":["scene/bg4",0,1],"303":["scene/bg4/texture",1,1],"304":["scene/bg4/spriteFrame",2,1],"305":["fnt/battlejinbi",0,1],"306":["fnt/battlejinbi/texture",1,1],"307":["fnt/battlejinbi/spriteFrame",2,1],"308":["fnt/zhuanpanft",7,1],"309":["prefabs/prefabs_fish_rotation",8,1],"310":["prefabs/prefabs_fish_nomoney_hit",8,1],"311":["music/effect/bossjisha2",9,1],"312":["music/effect/boybaoyuan",9,1],"313":["battery/pao-4",4,1],"314":["effect/changepao",0,1],"315":["effect/changepao/texture",1,1],"316":["battery/pao-5",0,1],"317":["battery/pao-5/texture",1,1],"318":["bullets/hit_pifu2",0,1],"319":["bullets/hit_pifu2/texture",1,1],"320":["battery/pao-6",4,1],"321":["fish/fish64",0,1],"322":["fish/fish64/texture",1,1],"323":["fish/fish64/spriteFrame",2,1],"324":["fish/fish62",0,1],"325":["fish/fish62/texture",1,1],"326":["music/effect/boywang",9,1],"327":["fnt/scorewinnum",7,1],"328":["common/bg_common_loading",0,1],"329":["common/bg_common_loading/texture",1,1],"330":["common/bg_common_loading/spriteFrame",2,1],"331":["fish/fish23",0,1],"332":["fish/fish23/texture",1,1],"333":["fnt/zhuanpanft1",0,1],"334":["fnt/zhuanpanft1/texture",1,1],"335":["fnt/zhuanpanft1/spriteFrame",2,1],"336":["music/effect/girlhelp",9,1],"337":["bullets/zidan-cth",4,1],"338":["common/battleroom",3,1],"339":["common/battleroom/btn_qwcz",2,1],"340":["common/battleroom/win",2,1],"341":["common/battleroom/skill_skillcd",2,1],"342":["common/battleroom/side_board",2,1],"343":["common/battleroom/tag_tctishi",2,1],"344":["common/battleroom/role_jinbilan",2,1],"345":["common/battleroom/btn_jiesuan_out",2,1],"346":["common/battleroom/pao_paobei",2,1],"347":["common/battleroom/pao_kongdan",2,1],"348":["common/battleroom/yindao_weizhi",2,1],"349":["common/battleroom/img_goin_bg",2,1],"350":["common/battleroom/sidebtn_exit",2,1],"351":["common/battleroom/sidebtn_set",2,1],"352":["common/battleroom/role_vip",2,1],"353":["common/battleroom/skill_zidong",2,1],"354":["common/battleroom/skill_suoding",2,1],"355":["common/battleroom/pao_huanpao",2,1],"356":["common/battleroom/skill_jinenglan",2,1],"357":["common/battleroom/tag_dengdai01",2,1],"358":["common/battleroom/sidebtn_sound",2,1],"359":["common/battleroom/pao_paolan",2,1],"360":["common/battleroom/pao_paojia",2,1],"361":["common/battleroom/btn_kdqc00",2,1],"362":["common/battleroom/side_jiantou",2,1],"363":["common/battleroom/tag_dengdai00",2,1],"364":["common/battleroom/btn_kdqc01",2,1],"365":["common/battleroom/pao_huanpao1",2,1],"366":["common/battleroom/btn_room_out",2,1],"367":["common/battleroom/skill_xuanzhong",2,1],"368":["common/battleroom/btn_room_friend",2,1],"369":["common/battleroom/btn_creat_begin1",2,1],"370":["common/battleroom/role_touxiang",2,1],"371":["common/battleroom/wordjsfj",2,1],"372":["common/battleroom/role_xiangqing",2,1],"373":["common/battleroom/pao_paojian",2,1],"374":["common/battleroom/btn_room_return",2,1],"375":["common/battleroom/sidebtn_help",2,1],"376":["common/battleroom/lose",2,1],"377":["common/battleroom/btn_jiesuan_share",2,1],"378":["common/battleroom/buyuwordroomid",2,1],"379":["common/battleroom/winBg",2,1],"380":["effect/paohuo",0,1],"381":["effect/paohuo/texture",1,1],"382":["bullets/bullet_pifu4",5,1],"383":["prefabs/prefabs_fish_room",8,1],"384":["effect/zhuanshi2",6,1],"385":["scene/bg7guangpls",3,1],"386":["scene/bg7guangpls/bg7guang0_3",2,1],"387":["scene/bg7guangpls/bg7guang2_8",2,1],"388":["scene/bg7guangpls/bg7guang1_1",2,1],"389":["scene/bg7guangpls/bg7guang0_6",2,1],"390":["scene/bg7guangpls/bg7guang1_5",2,1],"391":["scene/bg7guangpls/bg7guang1_3",2,1],"392":["scene/bg7guangpls/bg7guang1_6",2,1],"393":["scene/bg7guangpls/bg7guang2_3",2,1],"394":["scene/bg7guangpls/bg7guang0_1",2,1],"395":["scene/bg7guangpls/bg7guang0_7",2,1],"396":["scene/bg7guangpls/bg7guang2_7",2,1],"397":["scene/bg7guangpls/bg7guang0_10",2,1],"398":["scene/bg7guangpls/bg7guang2_10",2,1],"399":["scene/bg7guangpls/bg7guang0_9",2,1],"400":["scene/bg7guangpls/bg7guang2_9",2,1],"401":["scene/bg7guangpls/bg7guang2_4",2,1],"402":["scene/bg7guangpls/bg7guang0_4",2,1],"403":["scene/bg7guangpls/bg7guang1_7",2,1],"404":["scene/bg7guangpls/bg7guang2_1",2,1],"405":["scene/bg7guangpls/bg7guang0_2",2,1],"406":["scene/bg7guangpls/bg7guang1_9",2,1],"407":["scene/bg7guangpls/bg7guang2_5",2,1],"408":["scene/bg7guangpls/bg7guang1_8",2,1],"409":["scene/bg7guangpls/bg7guang2_6",2,1],"410":["scene/bg7guangpls/bg7guang1_10",2,1],"411":["scene/bg7guangpls/bg7guang1_4",2,1],"412":["scene/bg7guangpls/bg7guang1_2",2,1],"413":["scene/bg7guangpls/bg7guang2_2",2,1],"414":["scene/bg7guangpls/bg7guang0_8",2,1],"415":["scene/bg7guangpls/bg7guang0_5",2,1],"416":["bullets/hit_pifu1",4,1],"417":["effect/bigfish",0,1],"418":["effect/bigfish/texture",1,1],"419":["fnt/zhuanpanft1",7,1],"420":["img/icon_dt_loading_0",0,1],"421":["img/icon_dt_loading_0/spriteFrame",2,1],"422":["battery/pao-2",4,1],"423":["effect/bigfish",3,1],"424":["effect/bigfish/dy_fish19",2,1],"425":["effect/bigfish/dy_fish15",2,1],"426":["effect/bigfish/dy_zh4",2,1],"427":["effect/bigfish/dy_fish21",2,1],"428":["effect/bigfish/dy_zh1",2,1],"429":["effect/bigfish/dy_fish18",2,1],"430":["effect/bigfish/dy_fish13",2,1],"431":["effect/bigfish/dy_fish16",2,1],"432":["effect/bigfish/dy_fish20",2,1],"433":["effect/bigfish/dy_zh6",2,1],"434":["effect/bigfish/dy_zh2",2,1],"435":["effect/bigfish/dy_fish17",2,1],"436":["effect/bigfish/dy_fish24",2,1],"437":["effect/bigfish/sidai_00",2,1],"438":["effect/bigfish/dy_zh3",2,1],"439":["effect/bigfish/dy_zh5",2,1],"440":["effect/bigfish/dy_fish14",2,1],"441":["effect/bigfish/dy_zh7",2,1],"442":["effect/bigfish/dy_zh8",2,1],"443":["bullets/bullet_pifu2",4,1],"444":["fish/fish28",3,1],"445":["fish/fish28/fish28_2",2,1],"446":["fish/fish28/fish28_6",2,1],"447":["fish/fish28/fish28_7",2,1],"448":["fish/fish28/fish28_12",2,1],"449":["fish/fish28/fish28_3",2,1],"450":["fish/fish28/fish28_4",2,1],"451":["fish/fish28/fish28_5",2,1],"452":["fish/fish28/fish28_8",2,1],"453":["fish/fish28/fish28_11",2,1],"454":["fish/fish28/fish28_9",2,1],"455":["fish/fish28/fish28_10",2,1],"456":["fish/fish28/fish28_1",2,1],"457":["fish/fish62",3,1],"458":["fish/fish62/fish62_11",2,1],"459":["fish/fish62/fish62_15",2,1],"460":["fish/fish62/fish62_7",2,1],"461":["fish/fish62/fish62_2",2,1],"462":["fish/fish62/fish62_8",2,1],"463":["fish/fish62/fish62_5",2,1],"464":["fish/fish62/fish62_6",2,1],"465":["fish/fish62/fish62_9",2,1],"466":["fish/fish62/fish62_12",2,1],"467":["fish/fish62/fish62_10",2,1],"468":["fish/fish62/fish62_1",2,1],"469":["fish/fish62/fish62_14",2,1],"470":["fish/fish62/fish62_4",2,1],"471":["fish/fish62/fish62_3",2,1],"472":["fish/fish62/fish62_13",2,1],"473":["img/common_close00",0,1],"474":["img/common_close00/spriteFrame",2,1],"475":["battery/pao-4",0,1],"476":["battery/pao-4/texture",1,1],"477":["music/effect/zhadantong2",9,1],"478":["battery/pao-6",5,1],"479":["bullets/bullet_pifu2",0,1],"480":["bullets/bullet_pifu2/texture",1,1],"481":["music/effect/girlpengyou",9,1],"482":["scene/bg1",0,1],"483":["scene/bg1/texture",1,1],"484":["scene/bg1/spriteFrame",2,1],"485":["effect/hua1",6,1],"486":["common/nengliangpao",0,1],"487":["common/nengliangpao/texture",1,1],"488":["bullets/zidan-3",0,1],"489":["bullets/zidan-3/texture",1,1],"490":["bullets/bullet_pifu2",5,1],"491":["battery/pao-7",4,1],"492":["fish/fish21",3,1],"493":["fish/fish21/fish21_10",2,1],"494":["fish/fish21/fish21_2",2,1],"495":["fish/fish21/fish21_4",2,1],"496":["fish/fish21/fish21_18",2,1],"497":["fish/fish21/fish21_3",2,1],"498":["fish/fish21/fish21_13",2,1],"499":["fish/fish21/fish21_6",2,1],"500":["fish/fish21/fish21_16",2,1],"501":["fish/fish21/fish21_11",2,1],"502":["fish/fish21/fish21_12",2,1],"503":["fish/fish21/fish21_7",2,1],"504":["fish/fish21/fish21_21",2,1],"505":["fish/fish21/fish21_15",2,1],"506":["fish/fish21/fish21_17",2,1],"507":["fish/fish21/fish21_20",2,1],"508":["fish/fish21/fish21_14",2,1],"509":["fish/fish21/fish21_5",2,1],"510":["fish/fish21/fish21_9",2,1],"511":["fish/fish21/fish21_8",2,1],"512":["fish/fish21/fish21_1",2,1],"513":["fish/fish21/fish21_19",2,1],"514":["effect/huangzhuanpan",0,1],"515":["effect/huangzhuanpan/texture",1,1],"516":["effect/huangzhuanpan/spriteFrame",2,1],"517":["bullets/bullet_pifu1",0,1],"518":["bullets/bullet_pifu1/texture",1,1],"519":["prefabs/prefabs_fish_main",8,1],"520":["bullets/zidan-cth",0,1],"521":["bullets/zidan-cth/texture",1,1],"522":["bullets/bullet_pifu4",4,1],"523":["bullets/bullet_pifu3",0,1],"524":["bullets/bullet_pifu3/texture",1,1],"525":["img/common_close01/spriteFrame",2,1],"526":["scene/bg6",0,1],"527":["scene/bg6/texture",1,1],"528":["scene/bg6/spriteFrame",2,1],"529":["bullets/zidan-cth",5,1],"530":["music/effect/grilfriend",9,1],"531":["battery/pao-6",0,1],"532":["battery/pao-6/texture",1,1],"533":["scene/paopao",3,1],"534":["scene/paopao/paopao_5",2,1],"535":["scene/paopao/paopao_4",2,1],"536":["scene/paopao/paopao_10",2,1],"537":["scene/paopao/paopao_9",2,1],"538":["scene/paopao/paopao_8",2,1],"539":["scene/paopao/paopao_1",2,1],"540":["scene/paopao/paopao_7",2,1],"541":["scene/paopao/paopao_6",2,1],"542":["scene/paopao/paopao_2",2,1],"543":["scene/paopao/paopao_3",2,1],"544":["battery/pao-1",4,1],"545":["bullets/hit_pifu4",0,1],"546":["bullets/hit_pifu4/texture",1,1],"547":["prefabs/prefabs_fish_control",8,1],"548":["effect/greenraylinepls",3,1],"549":["effect/greenraylinepls/greenrayline3",2,1],"550":["effect/greenraylinepls/greenrayline6",2,1],"551":["effect/greenraylinepls/greenrayline1",2,1],"552":["effect/greenraylinepls/greenrayline9",2,1],"553":["effect/greenraylinepls/greenrayline7",2,1],"554":["effect/greenraylinepls/greenrayline4",2,1],"555":["effect/greenraylinepls/greenrayline10",2,1],"556":["effect/greenraylinepls/greenrayline8",2,1],"557":["effect/greenraylinepls/greenrayline5",2,1],"558":["effect/greenraylinepls/greenrayline2",2,1],"559":["music/effect/bosscoming",9,1],"560":["fish/fish52",3,1],"561":["fish/fish52/fish52_9",2,1],"562":["fish/fish52/fish52_4",2,1],"563":["fish/fish52/fish52_1",2,1],"564":["fish/fish52/fish52_7",2,1],"565":["fish/fish52/fish52_2",2,1],"566":["fish/fish52/fish52_3",2,1],"567":["fish/fish52/fish52_8",2,1],"568":["fish/fish52/fish52_6",2,1],"569":["fish/fish52/fish52_10",2,1],"570":["fish/fish52/fish52_5",2,1],"571":["img/icon_dt_loading_2",0,1],"572":["img/icon_dt_loading_2/spriteFrame",2,1],"573":["fish/fish72",3,1],"574":["fish/fish72/fish72_11",2,1],"575":["fish/fish72/fish72_7",2,1],"576":["fish/fish72/fish72_13",2,1],"577":["fish/fish72/fish72_3",2,1],"578":["fish/fish72/fish72_15",2,1],"579":["fish/fish72/fish72_2",2,1],"580":["fish/fish72/fish72_1",2,1],"581":["fish/fish72/fish72_12",2,1],"582":["fish/fish72/fish72_9",2,1],"583":["fish/fish72/fish72_4",2,1],"584":["fish/fish72/fish72_5",2,1],"585":["fish/fish72/fish72_6",2,1],"586":["fish/fish72/fish72_8",2,1],"587":["fish/fish72/fish72_10",2,1],"588":["fish/fish72/fish72_14",2,1],"589":["effect/paohuo",3,1],"590":["effect/paohuo/paohuo_1",2,1],"591":["effect/paohuo/paohuo_2",2,1],"592":["effect/paohuo/paohuo_3",2,1],"593":["effect/paohuo/paohuo_4",2,1],"594":["bullets/hit_pifu1",0,1],"595":["bullets/hit_pifu1/texture",1,1],"596":["prefabs/prefabs_fish_loading",8,1],"597":["fnt/paobei",7,1],"598":["bullets/bullet_pifu1",5,1],"599":["battery/pao-3",5,1],"600":["effect/hua4",6,1],"601":["fnt/scorelosenum_0",0,1],"602":["fnt/scorelosenum_0/texture",1,1],"603":["fnt/scorelosenum_0/spriteFrame",2,1],"604":["battery/pao-1",5,1],"605":["bullets/hit_1ji",4,1],"606":["bullets/yuwang-5",0,1],"607":["bullets/yuwang-5/texture",1,1],"608":["fish/fish21",0,1],"609":["fish/fish21/texture",1,1],"610":["fish/fish72",0,1],"611":["fish/fish72/texture",1,1],"612":["scene/bg2guangpls",0,1],"613":["scene/bg2guangpls/texture",1,1],"614":["bullets/bullet_pifu5",5,1],"615":["fnt/fishdeadlabel1",7,1],"616":["battery/pao-1",0,1],"617":["battery/pao-1/texture",1,1],"618":["scene/shuiyin",0,1],"619":["scene/shuiyin/texture",1,1],"620":["scene/shuiyin/spriteFrame",2,1],"621":["effect/bosscoming",0,1],"622":["effect/bosscoming/texture",1,1],"623":["scene/bg3",0,1],"624":["scene/bg3/texture",1,1],"625":["scene/bg3/spriteFrame",2,1],"626":["bullets/yuwang-3",4,1],"627":["scene/bg3guangpls",0,1],"628":["scene/bg3guangpls/texture",1,1],"629":["music/effect/boyfollow",9,1],"630":["bullets/hit_pifu5",4,1],"631":["music/effect/girlbaoyuan",9,1],"632":["music/effect/sendpao",9,1],"633":["battery/pao-7",5,1],"634":["music/effect/qianshui",9,1],"635":["fnt/scorewinnum_0",0,1],"636":["fnt/scorewinnum_0/texture",1,1],"637":["fnt/scorewinnum_0/spriteFrame",2,1],"638":["fish/fish63",0,1],"639":["fish/fish63/texture",1,1],"640":["scene/bg6guangpls",3,1],"641":["scene/bg6guangpls/bg6guang2_8",2,1],"642":["scene/bg6guangpls/bg6guang2_9",2,1],"643":["scene/bg6guangpls/bg6guang0_4",2,1],"644":["scene/bg6guangpls/bg6guang1_1",2,1],"645":["scene/bg6guangpls/bg6guang0_8",2,1],"646":["scene/bg6guangpls/bg6guang0_2",2,1],"647":["scene/bg6guangpls/bg6guang0_10",2,1],"648":["scene/bg6guangpls/bg6guang1_2",2,1],"649":["scene/bg6guangpls/bg6guang1_5",2,1],"650":["scene/bg6guangpls/bg6guang1_9",2,1],"651":["scene/bg6guangpls/bg6guang0_9",2,1],"652":["scene/bg6guangpls/bg6guang1_4",2,1],"653":["scene/bg6guangpls/bg6guang1_6",2,1],"654":["scene/bg6guangpls/bg6guang2_2",2,1],"655":["scene/bg6guangpls/bg6guang1_7",2,1],"656":["scene/bg6guangpls/bg6guang2_4",2,1],"657":["scene/bg6guangpls/bg6guang0_3",2,1],"658":["scene/bg6guangpls/bg6guang2_6",2,1],"659":["scene/bg6guangpls/bg6guang0_5",2,1],"660":["scene/bg6guangpls/bg6guang2_10",2,1],"661":["scene/bg6guangpls/bg6guang1_10",2,1],"662":["scene/bg6guangpls/bg6guang2_5",2,1],"663":["scene/bg6guangpls/bg6guang2_1",2,1],"664":["scene/bg6guangpls/bg6guang2_3",2,1],"665":["scene/bg6guangpls/bg6guang0_6",2,1],"666":["scene/bg6guangpls/bg6guang1_3",2,1],"667":["scene/bg6guangpls/bg6guang2_7",2,1],"668":["scene/bg6guangpls/bg6guang1_8",2,1],"669":["scene/bg6guangpls/bg6guang0_1",2,1],"670":["scene/bg6guangpls/bg6guang0_7",2,1],"671":["common/room_2",0,1],"672":["common/room_2/texture",1,1],"673":["common/room_2/spriteFrame",2,1],"674":["fnt/fishdeadlabel1",0,1],"675":["fnt/fishdeadlabel1/texture",1,1],"676":["fnt/fishdeadlabel1/spriteFrame",2,1],"677":["effect/zhuanshi4",6,1],"678":["effect/jinengguangxiao",3,1],"679":["effect/jinengguangxiao/jineng_1",2,1],"680":["effect/jinengguangxiao/jineng_3",2,1],"681":["effect/jinengguangxiao/jineng_2",2,1],"682":["effect/jinengguangxiao/jineng_4",2,1],"683":["effect/jinengguangxiao/jineng_10",2,1],"684":["effect/jinengguangxiao/jineng_6",2,1],"685":["effect/jinengguangxiao/jineng_5",2,1],"686":["effect/jinengguangxiao/jineng_9",2,1],"687":["effect/jinengguangxiao/jineng_8",2,1],"688":["effect/jinengguangxiao/jineng_7",2,1],"689":["fnt/jiesuanzheng_0",0,1],"690":["fnt/jiesuanzheng_0/texture",1,1],"691":["fnt/jiesuanzheng_0/spriteFrame",2,1],"692":["fnt/hitnumber_0",0,1],"693":["fnt/hitnumber_0/texture",1,1],"694":["fnt/hitnumber_0/spriteFrame",2,1],"695":["prefabs/ui_battery_4",8,1],"696":["effect/bosscoming",3,1],"697":["effect/bosscoming/bosscoming_26",2,1],"698":["effect/bosscoming/bosscoming_17",2,1],"699":["effect/bosscoming/bosscoming_22",2,1],"700":["effect/bosscoming/bosscoming_29",2,1],"701":["effect/bosscoming/bosscoming_28",2,1],"702":["effect/bosscoming/bosscoming_25",2,1],"703":["effect/bosscoming/bosscoming_14",2,1],"704":["effect/bosscoming/bosscoming_7",2,1],"705":["effect/bosscoming/bosscoming_15",2,1],"706":["effect/bosscoming/bosscoming_30",2,1],"707":["effect/bosscoming/bosscoming_20",2,1],"708":["effect/bosscoming/bosscoming_11",2,1],"709":["effect/bosscoming/bosscoming_1",2,1],"710":["effect/bosscoming/bosscoming_13",2,1],"711":["effect/bosscoming/bosscoming_16",2,1],"712":["effect/bosscoming/bosscoming_18",2,1],"713":["effect/bosscoming/bosscoming_21",2,1],"714":["effect/bosscoming/bosscoming_23",2,1],"715":["effect/bosscoming/bosscoming_2",2,1],"716":["effect/bosscoming/bosscoming_19",2,1],"717":["effect/bosscoming/bosscoming_3",2,1],"718":["effect/bosscoming/bosscoming_24",2,1],"719":["effect/bosscoming/bosscoming_9",2,1],"720":["effect/bosscoming/bosscoming_4",2,1],"721":["effect/bosscoming/bosscoming_6",2,1],"722":["effect/bosscoming/bosscoming_12",2,1],"723":["effect/bosscoming/bosscoming_10",2,1],"724":["effect/bosscoming/bosscoming_5",2,1],"725":["effect/bosscoming/bosscoming_8",2,1],"726":["effect/bosscoming/bosscoming_27",2,1],"727":["effect/baozha1",3,1],"728":["effect/baozha1/baozha1_6",2,1],"729":["effect/baozha1/baozha1_3",2,1],"730":["effect/baozha1/baozha1_5",2,1],"731":["effect/baozha1/baozha1_7",2,1],"732":["effect/baozha1/baozha1_4",2,1],"733":["effect/baozha1/baozha1_2",2,1],"734":["effect/baozha1/baozha1_1",2,1],"735":["bullets/hit_pifu3",5,1],"736":["common/room_3",0,1],"737":["common/room_3/texture",1,1],"738":["common/room_3/spriteFrame",2,1],"739":["fnt/scorelosenum",7,1],"740":["effect/dead",0,1],"741":["effect/dead/texture",1,1],"742":["music/effect/paoupdate",9,1],"743":["bullets/hit_pifu5",5,1],"744":["music/bgm/bgm1",9,1],"745":["fnt/hitnumber",0,1],"746":["fnt/hitnumber/texture",1,1],"747":["battery/pao-4",5,1],"748":["bullets/zidan-3",5,1],"749":["effect/YB1",6,1],"750":["music/bgm/bgm3",9,1],"751":["music/effect/girlchengzan",9,1],"752":["effect/changepao",3,1],"753":["effect/changepao/huanpao_3",2,1],"754":["effect/changepao/huanpao_5",2,1],"755":["effect/changepao/huanpao_6",2,1],"756":["effect/changepao/huanpao_1",2,1],"757":["effect/changepao/huanpao_2",2,1],"758":["effect/changepao/huanpao_4",2,1],"759":["effect/jinengguangxiao",0,1],"760":["effect/jinengguangxiao/texture",1,1],"761":["common/battleroom",0,1],"762":["common/battleroom/texture",1,1],"763":["common/common01",3,1],"764":["common/common01/tag_qq",2,1],"765":["common/common01/common_infobg3",2,1],"766":["common/common01/common_choice01",2,1],"767":["common/common01/tag_qrmm",2,1],"768":["common/common01/btn_close00",2,1],"769":["common/common01/touxiang_7",2,1],"770":["common/common01/touxiang_10",2,1],"771":["common/common01/btn_jindu01",2,1],"772":["common/common01/touxiang_9",2,1],"773":["common/common01/tag_zfb",2,1],"774":["common/common01/touxiang_6",2,1],"775":["common/common01/btn_qhzhanghao",2,1],"776":["common/common01/common_button10",2,1],"777":["common/common01/btn_confirm2",2,1],"778":["common/common01/btn_tijiao",2,1],"779":["common/common01/common_dinglan",2,1],"780":["common/common01/btn_fanhui00",2,1],"781":["common/common01/tag_yzm",2,1],"782":["common/common01/common_infobg4",2,1],"783":["common/common01/touxiang_4",2,1],"784":["common/common01/btn_copy00",2,1],"785":["common/common01/common_board03",2,1],"786":["common/common01/common_choice00",2,1],"787":["common/common01/common_coin00",2,1],"788":["common/common01/tag_zfbxm",2,1],"789":["common/common01/btn_queren",2,1],"790":["common/common01/tag_sjh",2,1],"791":["common/common01/common_vip03",2,1],"792":["common/common01/bt_shezhi",2,1],"793":["common/common01/common_vip02",2,1],"794":["common/common01/btn_confirm1",2,1],"795":["common/common01/common_vip00",2,1],"796":["common/common01/btn_jindu00",2,1],"797":["common/common01/tag_yingxiao",2,1],"798":["common/common01/tag_xmima",2,1],"799":["common/common01/touxiang_5",2,1],"800":["common/common01/btn_cancel1",2,1],"801":["common/common01/tag_zfbzhqr",2,1],"802":["common/common01/touxiang_11",2,1],"803":["common/common01/tag_wx",2,1],"804":["common/common01/common_board01",2,1],"805":["common/common01/common_huatiao01",2,1],"806":["common/common01/touxiang_12",2,1],"807":["common/common01/common_button31",2,1],"808":["common/common01/btn_hqyzm01",2,1],"809":["common/common01/jiantou",2,1],"810":["common/common01/common_button30",2,1],"811":["common/common01/common_huatiao00",2,1],"812":["common/common01/tag_id",2,1],"813":["common/common01/common_infobg2",2,1],"814":["common/common01/tag_id01",2,1],"815":["common/common01/touxiang_2",2,1],"816":["common/common01/common_board00",2,1],"817":["common/common01/common_board02",2,1],"818":["common/common01/common_button01",2,1],"819":["common/common01/tag_jmima",2,1],"820":["common/common01/tag_yhjb",2,1],"821":["common/common01/tag_yingyue",2,1],"822":["common/common01/btn_cancel2",2,1],"823":["common/common01/btn_qrxg",2,1],"824":["common/common01/btn_qrbd",2,1],"825":["common/common01/tag_zfbqr",2,1],"826":["common/common01/tag_00_zfbzh",2,1],"827":["common/common01/tag_zhjb",2,1],"828":["common/common01/common_vip07",2,1],"829":["common/common01/bt_kefu",2,1],"830":["common/common01/touxiang_1",2,1],"831":["common/common01/info_icon",2,1],"832":["common/common01/btn_hqyzm00",2,1],"833":["common/common01/common_vip05",2,1],"834":["common/common01/common_vip01",2,1],"835":["common/common01/btn_close01",2,1],"836":["common/common01/common_button21",2,1],"837":["common/common01/btn_fanhui01",2,1],"838":["common/common01/common_infobg1",2,1],"839":["common/common01/common_vip06",2,1],"840":["common/common01/common_button11",2,1],"841":["common/common01/btn_copy01",2,1],"842":["common/common01/common_button00",2,1],"843":["common/common01/tag_00_zfbxm",2,1],"844":["common/common01/touxiang_3",2,1],"845":["common/common01/common_button20",2,1],"846":["common/common01/common_bank00",2,1],"847":["common/common01/btn_jindu02",2,1],"848":["common/common01/bt_tishi",2,1],"849":["common/common01/common_vip04",2,1],"850":["common/common01/touxiang_8",2,1],"851":["effect/bp4",6,1],"852":["fnt/fishdeadlabel",0,1],"853":["fnt/fishdeadlabel/texture",1,1],"854":["fnt/fishdeadlabel/spriteFrame",2,1],"855":["effect/coin",0,1],"856":["effect/coin/texture",1,1],"857":["music/effect/lottery",9,1],"858":["scene/bg1guangpls",0,1],"859":["scene/bg1guangpls/texture",1,1],"860":["fish/fish52",0,1],"861":["fish/fish52/texture",1,1],"862":["prefabs/prefabs_fish_room_choose",8,1],"863":["bullets/bullet_pifu3",4,1],"864":["effect/hua2",6,1],"865":["music/effect/boyalive",9,1],"866":["scene/bg7",0,1],"867":["scene/bg7/texture",1,1],"868":["scene/bg7/spriteFrame",2,1],"869":["music/bgm/bgm7",9,1],"870":["bullets/bullet_pifu5",0,1],"871":["bullets/bullet_pifu5/texture",1,1],"872":["effect/coin",3,1],"873":["effect/coin/coinjump_10",2,1],"874":["effect/coin/rubao_2",2,1],"875":["effect/coin/coinzhuan_7",2,1],"876":["effect/coin/coinjump_12",2,1],"877":["effect/coin/rubao_6",2,1],"878":["effect/coin/rubao_4",2,1],"879":["effect/coin/coinzhuan_2",2,1],"880":["effect/coin/rubao_1",2,1],"881":["effect/coin/coinjump_3",2,1],"882":["effect/coin/coinjump_11",2,1],"883":["effect/coin/coinzhuan_8",2,1],"884":["effect/coin/rubao_5",2,1],"885":["effect/coin/coinzhuan_3",2,1],"886":["effect/coin/coinjump_9",2,1],"887":["effect/coin/coinjump_8",2,1],"888":["effect/coin/coinzhuan_5",2,1],"889":["effect/coin/coinjump_6",2,1],"890":["effect/coin/coinjump_2",2,1],"891":["effect/coin/coinzhuan_6",2,1],"892":["effect/coin/coinjump_4",2,1],"893":["effect/coin/coinzhuan_1",2,1],"894":["effect/coin/coinjump_1",2,1],"895":["effect/coin/rubao_3",2,1],"896":["effect/coin/coinjump_5",2,1],"897":["effect/coin/coinjump_7",2,1],"898":["effect/coin/coinzhuan_4",2,1],"899":["fish/fish74",0,1],"900":["fish/fish74/texture",1,1],"901":["fish/fish74/spriteFrame",2,1],"902":["scene/SeaWave",3,1],"903":["scene/SeaWave/SeaWave_2",2,1],"904":["scene/SeaWave/SeaWave_4",2,1],"905":["scene/SeaWave/SeaWave_3",2,1],"906":["scene/SeaWave/SeaWave_1",2,1],"907":["fish/fish24",0,1],"908":["fish/fish24/texture",1,1],"909":["fnt/countime",0,1],"910":["fnt/countime/texture",1,1],"911":["fnt/countime/spriteFrame",2,1],"912":["bullets/hit_pifu5",0,1],"913":["bullets/hit_pifu5/texture",1,1],"914":["effect/baozha2",3,1],"915":["effect/baozha2/baozha2_1",2,1],"916":["effect/baozha2/baozha2_4",2,1],"917":["effect/baozha2/baozha2_2",2,1],"918":["effect/baozha2/baozha2_5",2,1],"919":["effect/baozha2/baozha2_3",2,1],"920":["effect/baozha2/baozha2_6",2,1],"921":["effect/baozha2/baozha2_7",2,1],"922":["fish/fish28",0,1],"923":["fish/fish28/texture",1,1],"924":["fnt/battle2",7,1],"925":["bullets/yuwang-3",5,1],"926":["fnt/hitnumber",7,1],"927":["music/effect/beckon",9,1],"928":["effect/bp1",6,1],"929":["scene/bg4guangpls",3,1],"930":["scene/bg4guangpls/bg4guang2_10",2,1],"931":["scene/bg4guangpls/bg4guang0_7",2,1],"932":["scene/bg4guangpls/bg4guang0_1",2,1],"933":["scene/bg4guangpls/bg4guang2_8",2,1],"934":["scene/bg4guangpls/bg4guang1_10",2,1],"935":["scene/bg4guangpls/bg4guang1_2",2,1],"936":["scene/bg4guangpls/bg4guang0_9",2,1],"937":["scene/bg4guangpls/bg4guang1_4",2,1],"938":["scene/bg4guangpls/bg4guang2_7",2,1],"939":["scene/bg4guangpls/bg4guang0_8",2,1],"940":["scene/bg4guangpls/bg4guang0_6",2,1],"941":["scene/bg4guangpls/bg4guang1_3",2,1],"942":["scene/bg4guangpls/bg4guang2_3",2,1],"943":["scene/bg4guangpls/bg4guang0_3",2,1],"944":["scene/bg4guangpls/bg4guang0_10",2,1],"945":["scene/bg4guangpls/bg4guang2_5",2,1],"946":["scene/bg4guangpls/bg4guang1_9",2,1],"947":["scene/bg4guangpls/bg4guang2_4",2,1],"948":["scene/bg4guangpls/bg4guang2_2",2,1],"949":["scene/bg4guangpls/bg4guang1_1",2,1],"950":["scene/bg4guangpls/bg4guang0_2",2,1],"951":["scene/bg4guangpls/bg4guang1_6",2,1],"952":["scene/bg4guangpls/bg4guang0_4",2,1],"953":["scene/bg4guangpls/bg4guang1_5",2,1],"954":["scene/bg4guangpls/bg4guang1_8",2,1],"955":["scene/bg4guangpls/bg4guang2_9",2,1],"956":["scene/bg4guangpls/bg4guang2_6",2,1],"957":["scene/bg4guangpls/bg4guang2_1",2,1],"958":["scene/bg4guangpls/bg4guang1_7",2,1],"959":["scene/bg4guangpls/bg4guang0_5",2,1],"960":["bullets/bullet_pifu4",0,1],"961":["bullets/bullet_pifu4/texture",1,1],"962":["fish/fish120",3,1],"963":["fish/fish120/fish10_1",2,1],"964":["fish/fish120/fish5_14",2,1],"965":["fish/fish120/fish20_16",2,1],"966":["fish/fish120/fish6_10",2,1],"967":["fish/fish120/dead_3",2,1],"968":["fish/fish120/fish12_8",2,1],"969":["fish/fish120/fish15_14",2,1],"970":["fish/fish120/fish5_16",2,1],"971":["fish/fish120/fish6_14",2,1],"972":["fish/fish120/fish14_5",2,1],"973":["fish/fish120/fish17_2",2,1],"974":["fish/fish120/fish8_10",2,1],"975":["fish/fish120/fish16_2",2,1],"976":["fish/fish120/fish13_5",2,1],"977":["fish/fish120/fish4_3",2,1],"978":["fish/fish120/dead_11",2,1],"979":["fish/fish120/fish14_10",2,1],"980":["fish/fish120/fish16_1",2,1],"981":["fish/fish120/fish16_12",2,1],"982":["fish/fish120/fish6_1",2,1],"983":["fish/fish120/fish7_9",2,1],"984":["fish/fish120/fish4_1",2,1],"985":["fish/fish120/fish14_18",2,1],"986":["fish/fish120/fish18_6",2,1],"987":["fish/fish120/fish20_14",2,1],"988":["fish/fish120/fish18_5",2,1],"989":["fish/fish120/fish2_1",2,1],"990":["fish/fish120/fish8_12",2,1],"991":["fish/fish120/fish5_13",2,1],"992":["fish/fish120/fish10_2",2,1],"993":["fish/fish120/fish17_6",2,1],"994":["fish/fish120/fish1_6",2,1],"995":["fish/fish120/fish13_10",2,1],"996":["fish/fish120/fish20_9",2,1],"997":["fish/fish120/fish16_17",2,1],"998":["fish/fish120/fish7_6",2,1],"999":["fish/fish120/fish7_3",2,1],"1000":["fish/fish120/fish12_3",2,1],"1001":["fish/fish120/fish16_11",2,1],"1002":["fish/fish120/fish7_7",2,1],"1003":["fish/fish120/fish11_5",2,1],"1004":["fish/fish120/fish20_3",2,1],"1005":["fish/fish120/fish14_3",2,1],"1006":["fish/fish120/fish4_8",2,1],"1007":["fish/fish120/fish4_9",2,1],"1008":["fish/fish120/fish19_9",2,1],"1009":["fish/fish120/fish2_8",2,1],"1010":["fish/fish120/dead_14",2,1],"1011":["fish/fish120/fish3_5",2,1],"1012":["fish/fish120/fish9_3",2,1],"1013":["fish/fish120/fish6_16",2,1],"1014":["fish/fish120/fish17_12",2,1],"1015":["fish/fish120/fish1_4",2,1],"1016":["fish/fish120/fish14_12",2,1],"1017":["fish/fish120/fish9_8",2,1],"1018":["fish/fish120/fish20_1",2,1],"1019":["fish/fish120/fish3_2",2,1],"1020":["fish/fish120/fish10_7",2,1],"1021":["fish/fish120/fish20_7",2,1],"1022":["fish/fish120/fish8_15",2,1],"1023":["fish/fish120/fish2_6",2,1],"1024":["fish/fish120/fish19_5",2,1],"1025":["fish/fish120/fish20_13",2,1],"1026":["fish/fish120/fish18_9",2,1],"1027":["fish/fish120/fish3_3",2,1],"1028":["fish/fish120/fish4_2",2,1],"1029":["fish/fish120/fish8_13",2,1],"1030":["fish/fish120/fish11_3",2,1],"1031":["fish/fish120/fish17_14",2,1],"1032":["fish/fish120/fish20_4",2,1],"1033":["fish/fish120/fish9_10",2,1],"1034":["fish/fish120/fish5_8",2,1],"1035":["fish/fish120/fish17_13",2,1],"1036":["fish/fish120/fish5_1",2,1],"1037":["fish/fish120/fish15_11",2,1],"1038":["fish/fish120/fish13_7",2,1],"1039":["fish/fish120/fish5_9",2,1],"1040":["fish/fish120/fish15_13",2,1],"1041":["fish/fish120/fish19_3",2,1],"1042":["fish/fish120/fish12_1",2,1],"1043":["fish/fish120/fish15_5",2,1],"1044":["fish/fish120/dead_13",2,1],"1045":["fish/fish120/fish10_6",2,1],"1046":["fish/fish120/dead_1",2,1],"1047":["fish/fish120/fish19_17",2,1],"1048":["fish/fish120/fish17_11",2,1],"1049":["fish/fish120/fish5_2",2,1],"1050":["fish/fish120/fish12_5",2,1],"1051":["fish/fish120/fish15_1",2,1],"1052":["fish/fish120/fish6_7",2,1],"1053":["fish/fish120/fish18_12",2,1],"1054":["fish/fish120/fish5_12",2,1],"1055":["fish/fish120/fish11_2",2,1],"1056":["fish/fish120/fish12_6",2,1],"1057":["fish/fish120/fish19_11",2,1],"1058":["fish/fish120/fish14_16",2,1],"1059":["fish/fish120/fish8_4",2,1],"1060":["fish/fish120/fish15_9",2,1],"1061":["fish/fish120/fish11_4",2,1],"1062":["fish/fish120/fish1_8",2,1],"1063":["fish/fish120/fish16_16",2,1],"1064":["fish/fish120/fish18_3",2,1],"1065":["fish/fish120/fish9_6",2,1],"1066":["fish/fish120/fish6_15",2,1],"1067":["fish/fish120/dead_2",2,1],"1068":["fish/fish120/fish17_3",2,1],"1069":["fish/fish120/fish9_11",2,1],"1070":["fish/fish120/fish8_18",2,1],"1071":["fish/fish120/fish2_7",2,1],"1072":["fish/fish120/fish19_13",2,1],"1073":["fish/fish120/fish19_6",2,1],"1074":["fish/fish120/fish16_10",2,1],"1075":["fish/fish120/fish6_3",2,1],"1076":["fish/fish120/fish5_3",2,1],"1077":["fish/fish120/dead_7",2,1],"1078":["fish/fish120/fish18_10",2,1],"1079":["fish/fish120/fish8_24",2,1],"1080":["fish/fish120/fish8_1",2,1],"1081":["fish/fish120/fish18_2",2,1],"1082":["fish/fish120/fish5_11",2,1],"1083":["fish/fish120/fish9_5",2,1],"1084":["fish/fish120/fish18_14",2,1],"1085":["fish/fish120/fish16_7",2,1],"1086":["fish/fish120/fish11_6",2,1],"1087":["fish/fish120/fish14_7",2,1],"1088":["fish/fish120/fish1_1",2,1],"1089":["fish/fish120/fish14_4",2,1],"1090":["fish/fish120/dead_5",2,1],"1091":["fish/fish120/fish3_6",2,1],"1092":["fish/fish120/fish9_2",2,1],"1093":["fish/fish120/fish2_9",2,1],"1094":["fish/fish120/fish5_7",2,1],"1095":["fish/fish120/fish13_2",2,1],"1096":["fish/fish120/fish5_6",2,1],"1097":["fish/fish120/fish14_8",2,1],"1098":["fish/fish120/fish8_19",2,1],"1099":["fish/fish120/fish19_2",2,1],"1100":["fish/fish120/fish14_9",2,1],"1101":["fish/fish120/fish5_4",2,1],"1102":["fish/fish120/fish17_10",2,1],"1103":["fish/fish120/fish2_4",2,1],"1104":["fish/fish120/fish7_5",2,1],"1105":["fish/fish120/fish12_4",2,1],"1106":["fish/fish120/fish11_8",2,1],"1107":["fish/fish120/fish3_8",2,1],"1108":["fish/fish120/fish19_15",2,1],"1109":["fish/fish120/fish7_2",2,1],"1110":["fish/fish120/fish9_14",2,1],"1111":["fish/fish120/fish8_14",2,1],"1112":["fish/fish120/fish2_5",2,1],"1113":["fish/fish120/fish18_7",2,1],"1114":["fish/fish120/fish17_1",2,1],"1115":["fish/fish120/fish6_9",2,1],"1116":["fish/fish120/fish19_10",2,1],"1117":["fish/fish120/fish6_13",2,1],"1118":["fish/fish120/fish20_10",2,1],"1119":["fish/fish120/fish17_4",2,1],"1120":["fish/fish120/fish9_4",2,1],"1121":["fish/fish120/fish19_4",2,1],"1122":["fish/fish120/fish8_5",2,1],"1123":["fish/fish120/fish3_1",2,1],"1124":["fish/fish120/fish16_18",2,1],"1125":["fish/fish120/fish8_16",2,1],"1126":["fish/fish120/fish1_2",2,1],"1127":["fish/fish120/fish13_11",2,1],"1128":["fish/fish120/fish7_4",2,1],"1129":["fish/fish120/fish1_5",2,1],"1130":["fish/fish120/fish16_4",2,1],"1131":["fish/fish120/fish8_21",2,1],"1132":["fish/fish120/fish9_7",2,1],"1133":["fish/fish120/fish13_6",2,1],"1134":["fish/fish120/fish8_11",2,1],"1135":["fish/fish120/dead_9",2,1],"1136":["fish/fish120/fish9_12",2,1],"1137":["fish/fish120/fish13_1",2,1],"1138":["fish/fish120/fish8_22",2,1],"1139":["fish/fish120/fish15_6",2,1],"1140":["fish/fish120/fish8_3",2,1],"1141":["fish/fish120/fish8_8",2,1],"1142":["fish/fish120/fish5_5",2,1],"1143":["fish/fish120/fish16_13",2,1],"1144":["fish/fish120/fish13_3",2,1],"1145":["fish/fish120/fish20_15",2,1],"1146":["fish/fish120/fish4_7",2,1],"1147":["fish/fish120/fish4_6",2,1],"1148":["fish/fish120/fish14_17",2,1],"1149":["fish/fish120/fish15_8",2,1],"1150":["fish/fish120/fish11_9",2,1],"1151":["fish/fish120/fish16_6",2,1],"1152":["fish/fish120/fish18_8",2,1],"1153":["fish/fish120/fish13_8",2,1],"1154":["fish/fish120/fish1_3",2,1],"1155":["fish/fish120/fish14_13",2,1],"1156":["fish/fish120/fish2_3",2,1],"1157":["fish/fish120/fish18_11",2,1],"1158":["fish/fish120/fish10_4",2,1],"1159":["fish/fish120/fish13_4",2,1],"1160":["fish/fish120/fish6_4",2,1],"1161":["fish/fish120/fish18_4",2,1],"1162":["fish/fish120/dead_12",2,1],"1163":["fish/fish120/fish8_17",2,1],"1164":["fish/fish120/dead_6",2,1],"1165":["fish/fish120/fish16_9",2,1],"1166":["fish/fish120/fish15_12",2,1],"1167":["fish/fish120/fish15_7",2,1],"1168":["fish/fish120/fish18_1",2,1],"1169":["fish/fish120/fish6_5",2,1],"1170":["fish/fish120/fish17_9",2,1],"1171":["fish/fish120/fish10_9",2,1],"1172":["fish/fish120/fish1_7",2,1],"1173":["fish/fish120/fish10_8",2,1],"1174":["fish/fish120/fish8_2",2,1],"1175":["fish/fish120/fish8_23",2,1],"1176":["fish/fish120/fish8_6",2,1],"1177":["fish/fish120/fish11_7",2,1],"1178":["fish/fish120/fish3_7",2,1],"1179":["fish/fish120/fish20_8",2,1],"1180":["fish/fish120/fish15_3",2,1],"1181":["fish/fish120/fish14_2",2,1],"1182":["fish/fish120/fish6_6",2,1],"1183":["fish/fish120/dead_4",2,1],"1184":["fish/fish120/dead_8",2,1],"1185":["fish/fish120/fish11_1",2,1],"1186":["fish/fish120/fish14_19",2,1],"1187":["fish/fish120/fish1_9",2,1],"1188":["fish/fish120/fish10_5",2,1],"1189":["fish/fish120/fish9_13",2,1],"1190":["fish/fish120/fish16_14",2,1],"1191":["fish/fish120/fish17_15",2,1],"1192":["fish/fish120/fish8_7",2,1],"1193":["fish/fish120/fish19_8",2,1],"1194":["fish/fish120/fish17_8",2,1],"1195":["fish/fish120/fish20_12",2,1],"1196":["fish/fish120/fish7_1",2,1],"1197":["fish/fish120/fish16_8",2,1],"1198":["fish/fish120/fish8_20",2,1],"1199":["fish/fish120/fish2_2",2,1],"1200":["fish/fish120/fish15_2",2,1],"1201":["fish/fish120/fish20_11",2,1],"1202":["fish/fish120/fish6_12",2,1],"1203":["fish/fish120/fish3_4",2,1],"1204":["fish/fish120/dead_10",2,1],"1205":["fish/fish120/fish9_1",2,1],"1206":["fish/fish120/fish12_2",2,1],"1207":["fish/fish120/fish5_10",2,1],"1208":["fish/fish120/fish6_8",2,1],"1209":["fish/fish120/fish18_13",2,1],"1210":["fish/fish120/fish20_6",2,1],"1211":["fish/fish120/fish19_16",2,1],"1212":["fish/fish120/fish14_1",2,1],"1213":["fish/fish120/fish6_11",2,1],"1214":["fish/fish120/fish19_14",2,1],"1215":["fish/fish120/fish19_1",2,1],"1216":["fish/fish120/fish16_3",2,1],"1217":["fish/fish120/fish16_5",2,1],"1218":["fish/fish120/fish20_2",2,1],"1219":["fish/fish120/fish15_4",2,1],"1220":["fish/fish120/fish13_9",2,1],"1221":["fish/fish120/fish15_10",2,1],"1222":["fish/fish120/fish7_8",2,1],"1223":["fish/fish120/fish12_7",2,1],"1224":["fish/fish120/fish19_12",2,1],"1225":["fish/fish120/fish18_15",2,1],"1226":["fish/fish120/fish8_9",2,1],"1227":["fish/fish120/fish14_15",2,1],"1228":["fish/fish120/fish4_4",2,1],"1229":["fish/fish120/fish4_5",2,1],"1230":["fish/fish120/fish17_7",2,1],"1231":["fish/fish120/fish14_11",2,1],"1232":["fish/fish120/fish5_15",2,1],"1233":["fish/fish120/fish10_3",2,1],"1234":["fish/fish120/fish19_7",2,1],"1235":["fish/fish120/fish16_15",2,1],"1236":["fish/fish120/fish14_14",2,1],"1237":["fish/fish120/fish14_6",2,1],"1238":["fish/fish120/fish17_5",2,1],"1239":["fish/fish120/fish20_5",2,1],"1240":["fish/fish120/fish6_2",2,1],"1241":["fish/fish120/fish9_9",2,1],"1242":["scene/bg5guangpls",3,1],"1243":["scene/bg5guangpls/bg5guang1_3",2,1],"1244":["scene/bg5guangpls/bg5guang0_3",2,1],"1245":["scene/bg5guangpls/bg5guang1_5",2,1],"1246":["scene/bg5guangpls/bg5guang2_1",2,1],"1247":["scene/bg5guangpls/bg5guang0_7",2,1],"1248":["scene/bg5guangpls/bg5guang1_8",2,1],"1249":["scene/bg5guangpls/bg5guang1_2",2,1],"1250":["scene/bg5guangpls/bg5guang2_2",2,1],"1251":["scene/bg5guangpls/bg5guang0_1",2,1],"1252":["scene/bg5guangpls/bg5guang2_5",2,1],"1253":["scene/bg5guangpls/bg5guang1_9",2,1],"1254":["scene/bg5guangpls/bg5guang1_6",2,1],"1255":["scene/bg5guangpls/bg5guang1_1",2,1],"1256":["scene/bg5guangpls/bg5guang0_5",2,1],"1257":["scene/bg5guangpls/bg5guang0_9",2,1],"1258":["scene/bg5guangpls/bg5guang0_4",2,1],"1259":["scene/bg5guangpls/bg5guang2_4",2,1],"1260":["scene/bg5guangpls/bg5guang0_8",2,1],"1261":["scene/bg5guangpls/bg5guang1_7",2,1],"1262":["scene/bg5guangpls/bg5guang2_9",2,1],"1263":["scene/bg5guangpls/bg5guang2_10",2,1],"1264":["scene/bg5guangpls/bg5guang2_7",2,1],"1265":["scene/bg5guangpls/bg5guang0_2",2,1],"1266":["scene/bg5guangpls/bg5guang2_8",2,1],"1267":["scene/bg5guangpls/bg5guang1_4",2,1],"1268":["scene/bg5guangpls/bg5guang2_6",2,1],"1269":["scene/bg5guangpls/bg5guang2_3",2,1],"1270":["scene/bg5guangpls/bg5guang0_6",2,1],"1271":["common/lock",3,1],"1272":["common/lock/lock_1",2,1],"1273":["common/lock/lock_1_1",2,1],"1274":["music/effect/zhadantong1",9,1],"1275":["fish/fish23",3,1],"1276":["fish/fish23/fish23_11",2,1],"1277":["fish/fish23/fish23_10",2,1],"1278":["fish/fish23/fish23_7",2,1],"1279":["fish/fish23/fish23_2",2,1],"1280":["fish/fish23/fish23_8",2,1],"1281":["fish/fish23/fish23_6",2,1],"1282":["fish/fish23/fish23_3",2,1],"1283":["fish/fish23/fish23_13",2,1],"1284":["fish/fish23/fish23_12",2,1],"1285":["fish/fish23/fish23_9",2,1],"1286":["fish/fish23/fish23_1",2,1],"1287":["fish/fish23/fish23_17",2,1],"1288":["fish/fish23/fish23_5",2,1],"1289":["fish/fish23/fish23_16",2,1],"1290":["fish/fish23/fish23_4",2,1],"1291":["fish/fish23/fish23_15",2,1],"1292":["fish/fish23/fish23_14",2,1],"1293":["battery/pao-2",0,1],"1294":["battery/pao-2/texture",1,1],"1295":["fish/fish63",3,1],"1296":["fish/fish63/fish63_8",2,1],"1297":["fish/fish63/fish63_5",2,1],"1298":["fish/fish63/fish63_4",2,1],"1299":["fish/fish63/fish63_6",2,1],"1300":["fish/fish63/fish63_3",2,1],"1301":["fish/fish63/fish63_1",2,1],"1302":["fish/fish63/fish63_10",2,1],"1303":["fish/fish63/fish63_2",2,1],"1304":["fish/fish63/fish63_9",2,1],"1305":["fish/fish63/fish63_7",2,1],"1306":["fish/fish63/fish63_11",2,1],"1307":["effect/dead",3,1],"1308":["effect/dead/dead_3",2,1],"1309":["effect/dead/dead_11",2,1],"1310":["effect/dead/dead_14",2,1],"1311":["effect/dead/dead_13",2,1],"1312":["effect/dead/dead_1",2,1],"1313":["effect/dead/dead_2",2,1],"1314":["effect/dead/dead_7",2,1],"1315":["effect/dead/dead_5",2,1],"1316":["effect/dead/dead_9",2,1],"1317":["effect/dead/dead_12",2,1],"1318":["effect/dead/dead_6",2,1],"1319":["effect/dead/dead_4",2,1],"1320":["effect/dead/dead_8",2,1],"1321":["effect/dead/dead_10",2,1],"1322":["music/effect/boyhujiu",9,1],"1323":["effect/yellowraylinepls",0,1],"1324":["effect/yellowraylinepls/texture",1,1],"1325":["prefabs/ui_battery_2",8,1],"1326":["effect/bz4",6,1],"1327":["scene/paopao",0,1],"1328":["scene/paopao/texture",1,1],"1329":["bullets/hit_pifu2",5,1],"1330":["bullets/bullet_pifu5",4,1],"1331":["scene/bg2guangpls",3,1],"1332":["scene/bg2guangpls/bg2guang0_3",2,1],"1333":["scene/bg2guangpls/bg2guang1_1",2,1],"1334":["scene/bg2guangpls/bg2guang1_6",2,1],"1335":["scene/bg2guangpls/bg2guang1_8",2,1],"1336":["scene/bg2guangpls/bg2guang0_5",2,1],"1337":["scene/bg2guangpls/bg2guang1_5",2,1],"1338":["scene/bg2guangpls/bg2guang0_10",2,1],"1339":["scene/bg2guangpls/bg2guang0_2",2,1],"1340":["scene/bg2guangpls/bg2guang0_6",2,1],"1341":["scene/bg2guangpls/bg2guang1_7",2,1],"1342":["scene/bg2guangpls/bg2guang0_9",2,1],"1343":["scene/bg2guangpls/bg2guang0_7",2,1],"1344":["scene/bg2guangpls/bg2guang1_2",2,1],"1345":["scene/bg2guangpls/bg2guang1_10",2,1],"1346":["scene/bg2guangpls/bg2guang0_8",2,1],"1347":["scene/bg2guangpls/bg2guang0_4",2,1],"1348":["scene/bg2guangpls/bg2guang1_3",2,1],"1349":["scene/bg2guangpls/bg2guang1_9",2,1],"1350":["scene/bg2guangpls/bg2guang0_1",2,1],"1351":["scene/bg2guangpls/bg2guang1_4",2,1],"1352":["battery/pao-3",4,1],"1353":["music/effect/bossjisha",9,1],"1354":["effect/baozha",0,1],"1355":["effect/baozha/texture",1,1],"1356":["bullets/hit_pifu3",4,1],"1357":["scene/bg7guangpls",0,1],"1358":["scene/bg7guangpls/texture",1,1]},"scenes":{},"packs":{"0b533fe3d":[1,2,3,4,5,6,7,8,9,10,11,12,13,14,15,16,17,18,19,20,21,22,23,24,25,26,27,28,29,30,31,32,33,34,35,36,37,38,39,40,41,42,43,44,45,46,47,48,49,50,51,52,53,54,55,56,57,58,59,60,61,62,63,64,65,66,67,68,69,70,71,72,73,74,75,76,77,78,79,80,81,82,83,84,85,86,87,88,90,91,92,93,94,95,96,97,98,99,100,101,1359,1360,1361,102,103,104,105,106,1362,1363,1364,107,108,109,110,111,112,113,114,1365,1366,115,116,117,118,1367,1368,1369,119,120,121,122,123,124,125,126,127,128,129,130,131,132,133,134,135,136,137,138,139,140,141,142,143,144,145,146,147,148,149,150,151,152,153,154,155,156,157,158,159,160,161,162,163,164,165,166,167,168,169,170,171,172,173,174,175,176,177,178,179,180,181,182,183,184,185,186,187,188,189,190,191,192,193,194,195,196,197,198,199,200,201,202,203,204,205,206,207,208,209,210,211,212,213,214,215,216,217,218,219,220,221,222,223,224,225,226,227,228,229,230,231,232,233,234,235,236,237,238,239,240,241,242,243,244,245,246,247,248,249,250,251,252,253,254,255,256,257,258,259,260,261,262,263,264,265,266,267,268,269,270,271,272,273,274,275,276,277,278,279,280,281,282,283,284,285,286,287,288,289,290,291,292,293,294,295,296,297,298,299,300,301,302,303,304,305,306,307,308,1370,1371,1372,309,310,311,312,313,314,315,316,317,318,319,320,321,322,323,324,325,326,327,328,329,330,331,332,333,334,335,336,337,338,339,340,341,342,343,344,345,346,347,348,349,350,351,352,353,354,355,356,357,358,359,360,361,362,363,364,365,366,367,368,369,370,371,372,373,374,375,376,377,378,379,380,381,382,0,0,383,384,385,386,387,388,389,390,391,392,393,394,395,396,397,398,399,400,401,402,403,404,405,406,407,408,409,410,411,412,413,414,415,416,417,418,419,420,421,422,423,424,425,426,427,428,429,430,431,432,433,434,435,436,437,438,439,440,441,442,443,444,445,446,447,448,449,450,451,452,453,454,455,456,457,458,459,460,461,462,463,464,465,466,467,468,469,470,471,472,473,474,475,476,477,478,479,480,481,482,483,484,485,486,487,488,489,490,491,492,493,494,495,496,497,498,499,500,501,502,503,504,505,506,507,508,509,510,511,512,513,514,515,516,517,518,519,520,521,522,523,524,525,526,527,528,529,530,531,532,533,534,535,536,537,538,539,540,541,542,543,544,545,546,547,548,549,550,551,552,553,554,555,556,557,558,559,560,561,562,563,564,565,566,567,568,569,570,571,572,573,574,575,576,577,578,579,580,581,582,583,584,585,586,587,588,1373,1374,1375,589,590,591,592,593,594,595,596,597,598,599,600,601,602,603,604,605,606,607,608,609,610,611,612,613,614,615,616,617,618,619,620,621,622,623,624,625,626,627,628,629,630,631,632,1376,1377,1378,633,634,635,636,637,638,639,640,641,642,643,644,645,646,647,648,649,650,651,652,653,654,655,656,657,658,659,660,661,662,663,664,665,666,667,668,669,670,671,672,673,674,675,676,677,678,679,680,681,682,683,684,685,686,687,688,689,690,691,692,693,694,695,696,697,698,699,700,701,702,703,704,705,706,707,708,709,710,711,712,713,714,715,716,717,718,719,720,721,722,723,724,725,726,727,728,729,730,731,732,733,734,735,736,737,738,1379,1380,1381,739,740,741,742,743,744,745,746,747,748,749,750,751,752,753,754,755,756,757,758,759,760,761,762,763,764,765,766,767,768,769,770,771,772,773,774,775,776,777,778,779,780,781,782,783,784,785,786,787,788,789,790,791,792,793,794,795,796,797,798,799,800,801,802,803,804,805,806,807,808,809,810,811,812,813,814,815,816,817,818,819,820,821,822,823,824,825,826,827,828,829,830,831,832,833,834,835,836,837,838,839,840,841,842,843,844,845,846,847,848,849,850,851,852,853,854,855,856,857,858,859,860,861,862,863,864,865,866,867,868,869,870,871,872,873,874,875,876,877,878,879,880,881,882,883,884,885,886,887,888,889,890,891,892,893,894,895,896,897,898,899,900,901,902,903,904,905,906,907,908,909,910,911,912,913,914,915,916,917,918,919,920,921,922,923,924,925,926,927,928,929,930,931,932,933,934,935,936,937,938,939,940,941,942,943,944,945,946,947,948,949,950,951,952,953,954,955,956,957,958,959,960,961,962,963,964,965,966,967,968,969,970,971,972,973,974,975,976,977,978,979,980,981,982,983,984,985,986,987,988,989,990,991,992,993,994,995,996,997,998,999,1000,1001,1002,1003,1004,1005,1006,1007,1008,1009,1010,1011,1012,1013,1014,1015,1016,1017,1018,1019,1020,1021,1022,1023,1024,1025,1026,1027,1028,1029,1030,1031,1032,1033,1034,1035,1036,1037,1038,1039,1040,1041,1042,1043,1044,1045,1046,1047,1048,1049,1050,1051,1052,1053,1054,1055,1056,1057,1058,1059,1060,1061,1062,1063,1064,1065,1066,1067,1068,1069,1070,1071,1072,1073,1074,1075,1076,1077,1078,1079,1080,1081,1082,1083,1084,1085,1086,1087,1088,1089,1090,1091,1092,1093,1094,1095,1096,1097,1098,1099,1100,1101,1102,1103,1104,1105,1106,1107,1108,1109,1110,1111,1112,1113,1114,1115,1116,1117,1118,1119,1120,1121,1122,1123,1124,1125,1126,1127,1128,1129,1130,1131,1132,1133,1134,1135,1136,1137,1138,1139,1140,1141,1142,1143,1144,1145,1146,1147,1148,1149,1150,1151,1152,1153,1154,1155,1156,1157,1158,1159,1160,1161,1162,1163,1164,1165,1166,1167,1168,1169,1170,1171,1172,1173,1174,1175,1176,1177,1178,1179,1180,1181,1182,1183,1184,1185,1186,1187,1188,1189,1190,1191,1192,1193,1194,1195,1196,1197,1198,1199,1200,1201,1202,1203,1204,1205,1206,1207,1208,1209,1210,1211,1212,1213,1214,1215,1216,1217,1218,1219,1220,1221,1222,1223,1224,1225,1226,1227,1228,1229,1230,1231,1232,1233,1234,1235,1236,1237,1238,1239,1240,1241,1242,1243,1244,1245,1246,1247,1248,1249,1250,1251,1252,1253,1254,1255,1256,1257,1258,1259,1260,1261,1262,1263,1264,1265,1266,1267,1268,1269,1270,1271,1272,1273,1274,1275,1276,1277,1278,1279,1280,1281,1282,1283,1284,1285,1286,1287,1288,1289,1290,1291,1292,1293,1294,1295,1296,1297,1298,1299,1300,1301,1302,1303,1304,1305,1306,1307,1308,1309,1310,1311,1312,1313,1314,1315,1316,1317,1318,1319,1320,1321,1322,1323,1324,1325,1326,1327,1328,1329,1330,1331,1332,1333,1334,1335,1336,1337,1338,1339,1340,1341,1342,1343,1344,1345,1346,1347,1348,1349,1350,1351,1352,1353,1354,1355,1356,1382,1383,1384,1357,1358]},"versions":{"import":[],"native":[]},"redirect":[],"debug":false,"extensionMap":{},"hasPreloadScript":true,"dependencyRelationships":{},"types":["cc.ImageAsset","cc.Texture2D","cc.SpriteFrame","cc.SpriteAtlas","cc.Asset","sp.SkeletonData","cc.ParticleAsset","cc.BitmapFont","cc.Prefab","cc.AudioClip"]}