[1,["11SzsloF1BTI6QRqkhrjsj@6c48a"],["_textureSource"],["cc.SpriteFrame"],0,[{"name":"sea_icon_treasurebox_08","rect":{"x":17,"y":75,"width":378,"height":331},"offset":{"x":-50,"y":15.5},"originalSize":{"width":512,"height":512},"rotated":false,"capInsets":[0,0,0,0],"vertices":{"rawPosition":[-189,-165.5,0,189,-165.5,0,-189,165.5,0,189,165.5,0],"indexes":[0,1,2,2,1,3],"uv":[17,437,395,437,17,106,395,106],"nuv":[0.033203125,0.20703125,0.771484375,0.20703125,0.033203125,0.853515625,0.771484375,0.853515625],"minPos":{"x":-189,"y":-165.5,"z":0},"maxPos":{"x":189,"y":165.5,"z":0}},"packable":true,"pixelsToUnit":100,"pivot":{"x":0.5,"y":0.5},"meshType":0}],[0],0,[0],[0],[0]]
