[1,["35hL86SXBPzaXSW8Kf7VQw@6c48a","35hL86SXBPzaXSW8Kf7VQw@f9941"],["_textureSource","spriteFrame"],["cc.SpriteFrame",["cc.BitmapFont",["_name","fontSize","fntConfig"],0]],[[1,0,1,2,4]],[[[{"name":"ocean_freetime_number_font","rect":{"x":2,"y":2,"width":488,"height":136},"offset":{"x":-10,"y":58},"originalSize":{"width":512,"height":256},"rotated":false,"capInsets":[0,0,0,0],"vertices":{"rawPosition":[-244,-68,0,244,-68,0,-244,68,0,244,68,0],"indexes":[0,1,2,2,1,3],"uv":[2,254,490,254,2,118,490,118],"nuv":[0.00390625,0.4609375,0.95703125,0.4609375,0.00390625,0.9921875,0.95703125,0.9921875],"minPos":{"x":-244,"y":-68,"z":0},"maxPos":{"x":244,"y":68,"z":0}},"packable":true,"pixelsToUnit":100,"pivot":{"x":0.5,"y":0.5},"meshType":0}],[0],0,[0],[0],[0]],[[[0,"ocean_freetime_number_font",32,{"commonHeight":32,"fontSize":32,"atlasName":"ocean_freetime_number_font.png","fontDefDictionary":{"36":{"xOffset":-2,"yOffset":-34,"xAdvance":41,"rect":{"x":261,"y":0,"width":45,"height":69}},"44":{"xOffset":-2,"yOffset":-34,"xAdvance":23,"rect":{"x":297,"y":71,"width":27,"height":69}},"46":{"xOffset":-2,"yOffset":-34,"xAdvance":23,"rect":{"x":326,"y":71,"width":27,"height":69}},"47":{"xOffset":-2,"yOffset":-34,"xAdvance":36,"rect":{"x":223,"y":71,"width":40,"height":69}},"48":{"xOffset":-2,"yOffset":-34,"xAdvance":40,"rect":{"x":402,"y":0,"width":44,"height":69}},"49":{"xOffset":-2,"yOffset":-34,"xAdvance":26,"rect":{"x":265,"y":71,"width":30,"height":69}},"50":{"xOffset":-2,"yOffset":-34,"xAdvance":39,"rect":{"x":46,"y":71,"width":43,"height":69}},"51":{"xOffset":-2,"yOffset":-34,"xAdvance":39,"rect":{"x":91,"y":71,"width":43,"height":69}},"52":{"xOffset":-2,"yOffset":-34,"xAdvance":41,"rect":{"x":308,"y":0,"width":45,"height":69}},"53":{"xOffset":-2,"yOffset":-34,"xAdvance":38,"rect":{"x":136,"y":71,"width":42,"height":69}},"54":{"xOffset":-2,"yOffset":-34,"xAdvance":40,"rect":{"x":448,"y":0,"width":44,"height":69}},"55":{"xOffset":-2,"yOffset":-34,"xAdvance":37,"rect":{"x":180,"y":71,"width":41,"height":69}},"56":{"xOffset":-2,"yOffset":-34,"xAdvance":41,"rect":{"x":355,"y":0,"width":45,"height":69}},"57":{"xOffset":-2,"yOffset":-34,"xAdvance":40,"rect":{"x":0,"y":71,"width":44,"height":69}},"66":{"xOffset":-2,"yOffset":-34,"xAdvance":44,"rect":{"x":113,"y":0,"width":48,"height":69}},"75":{"xOffset":-2,"yOffset":-34,"xAdvance":42,"rect":{"x":213,"y":0,"width":46,"height":69}},"77":{"xOffset":-2,"yOffset":-34,"xAdvance":54,"rect":{"x":0,"y":0,"width":58,"height":69}},"82":{"xOffset":-2,"yOffset":-34,"xAdvance":44,"rect":{"x":163,"y":0,"width":48,"height":69}},"84":{"xOffset":-2,"yOffset":-34,"xAdvance":47,"rect":{"x":60,"y":0,"width":51,"height":69}}},"kerningDict":{}}]],0,0,[0],[1],[1]]]]
