[1,["ac85099a-390a-488c-ac56-78b1cb1f65fc@6c48a"],["_textureSource"],["cc.SpriteFrame"],0,[{"name":"zi_hj_xiazhuquStopotomaris_down","rect":{"x":0,"y":0,"width":97,"height":15},"offset":{"x":0,"y":0},"originalSize":{"width":97,"height":15},"rotated":false,"capInsets":[0,0,0,0],"vertices":{"rawPosition":[-48.5,-7.5,0,48.5,-7.5,0,-48.5,7.5,0,48.5,7.5,0],"indexes":[0,1,2,2,1,3],"uv":[0,15,97,15,0,0,97,0],"nuv":[0,0,1,0,0,1,1,1],"minPos":{"x":-48.5,"y":-7.5,"z":0},"maxPos":{"x":48.5,"y":7.5,"z":0}},"packable":true,"pixelsToUnit":100,"pivot":{"x":0.5,"y":0.5},"meshType":0}],[0],0,[0],[0],[0]]
