[1,["59jUnD1A1Lva2l91JFmXJ6@6c48a"],0,[["sp.SkeletonData",["_name","_atlasText","textureNames","_skeletonJson","textures"],-1,3]],[[0,0,1,2,3,4,5]],[[0,"gxfc_fushen","\r\ngxfc_fushen.png\r\nsize: 1024,1024\r\nformat: RGBA8888\r\nfilter: Linear,Linear\r\nrepeat: none\r\n6/ls_2_00000\r\n  rotate: false\r\n  xy: 2, 762\r\n  size: 160, 150\r\n  orig: 160, 150\r\n  offset: 0, 0\r\n  index: -1\r\n6/ls_2_00001\r\n  rotate: false\r\n  xy: 2, 610\r\n  size: 160, 150\r\n  orig: 160, 150\r\n  offset: 0, 0\r\n  index: -1\r\n6/ls_2_00002\r\n  rotate: false\r\n  xy: 164, 762\r\n  size: 160, 150\r\n  orig: 160, 150\r\n  offset: 0, 0\r\n  index: -1\r\n6/ls_2_00003\r\n  rotate: false\r\n  xy: 2, 458\r\n  size: 160, 150\r\n  orig: 160, 150\r\n  offset: 0, 0\r\n  index: -1\r\n6/ls_2_00004\r\n  rotate: false\r\n  xy: 164, 610\r\n  size: 160, 150\r\n  orig: 160, 150\r\n  offset: 0, 0\r\n  index: -1\r\n6/ls_2_00005\r\n  rotate: false\r\n  xy: 326, 762\r\n  size: 160, 150\r\n  orig: 160, 150\r\n  offset: 0, 0\r\n  index: -1\r\n6/ls_2_00006\r\n  rotate: false\r\n  xy: 2, 306\r\n  size: 160, 150\r\n  orig: 160, 150\r\n  offset: 0, 0\r\n  index: -1\r\n6/ls_2_00007\r\n  rotate: false\r\n  xy: 164, 458\r\n  size: 160, 150\r\n  orig: 160, 150\r\n  offset: 0, 0\r\n  index: -1\r\n6/ls_2_00008\r\n  rotate: false\r\n  xy: 326, 610\r\n  size: 160, 150\r\n  orig: 160, 150\r\n  offset: 0, 0\r\n  index: -1\r\n6/ls_2_00009\r\n  rotate: false\r\n  xy: 488, 762\r\n  size: 160, 150\r\n  orig: 160, 150\r\n  offset: 0, 0\r\n  index: -1\r\n6/ls_2_00010\r\n  rotate: false\r\n  xy: 2, 154\r\n  size: 160, 150\r\n  orig: 160, 150\r\n  offset: 0, 0\r\n  index: -1\r\n6/ls_2_00011\r\n  rotate: false\r\n  xy: 164, 306\r\n  size: 160, 150\r\n  orig: 160, 150\r\n  offset: 0, 0\r\n  index: -1\r\n6/ls_2_00012\r\n  rotate: false\r\n  xy: 326, 458\r\n  size: 160, 150\r\n  orig: 160, 150\r\n  offset: 0, 0\r\n  index: -1\r\n6/ls_2_00013\r\n  rotate: false\r\n  xy: 488, 610\r\n  size: 160, 150\r\n  orig: 160, 150\r\n  offset: 0, 0\r\n  index: -1\r\n6/ls_2_00014\r\n  rotate: false\r\n  xy: 650, 762\r\n  size: 160, 150\r\n  orig: 160, 150\r\n  offset: 0, 0\r\n  index: -1\r\n6/ls_2_00015\r\n  rotate: false\r\n  xy: 2, 2\r\n  size: 160, 150\r\n  orig: 160, 150\r\n  offset: 0, 0\r\n  index: -1\r\n6/ls_2_00016\r\n  rotate: false\r\n  xy: 164, 154\r\n  size: 160, 150\r\n  orig: 160, 150\r\n  offset: 0, 0\r\n  index: -1\r\n6/ls_2_00017\r\n  rotate: false\r\n  xy: 326, 306\r\n  size: 160, 150\r\n  orig: 160, 150\r\n  offset: 0, 0\r\n  index: -1\r\n6/ls_2_00018\r\n  rotate: false\r\n  xy: 488, 458\r\n  size: 160, 150\r\n  orig: 160, 150\r\n  offset: 0, 0\r\n  index: -1\r\n6/ls_2_00019\r\n  rotate: false\r\n  xy: 650, 610\r\n  size: 160, 150\r\n  orig: 160, 150\r\n  offset: 0, 0\r\n  index: -1\r\n6/ls_2_00020\r\n  rotate: false\r\n  xy: 812, 762\r\n  size: 160, 150\r\n  orig: 160, 150\r\n  offset: 0, 0\r\n  index: -1\r\n6/ls_2_00021\r\n  rotate: false\r\n  xy: 164, 2\r\n  size: 160, 150\r\n  orig: 160, 150\r\n  offset: 0, 0\r\n  index: -1\r\n6/ls_2_00022\r\n  rotate: false\r\n  xy: 326, 154\r\n  size: 160, 150\r\n  orig: 160, 150\r\n  offset: 0, 0\r\n  index: -1\r\n6/ls_2_00023\r\n  rotate: false\r\n  xy: 488, 306\r\n  size: 160, 150\r\n  orig: 160, 150\r\n  offset: 0, 0\r\n  index: -1\r\n6/ls_2_00024\r\n  rotate: false\r\n  xy: 650, 458\r\n  size: 160, 150\r\n  orig: 160, 150\r\n  offset: 0, 0\r\n  index: -1\r\n6/ls_2_00025\r\n  rotate: false\r\n  xy: 812, 610\r\n  size: 160, 150\r\n  orig: 160, 150\r\n  offset: 0, 0\r\n  index: -1\r\n6/ls_2_00026\r\n  rotate: false\r\n  xy: 326, 2\r\n  size: 160, 150\r\n  orig: 160, 150\r\n  offset: 0, 0\r\n  index: -1\r\n6/ls_2_00027\r\n  rotate: false\r\n  xy: 488, 154\r\n  size: 160, 150\r\n  orig: 160, 150\r\n  offset: 0, 0\r\n  index: -1\r\n6/ls_2_00028\r\n  rotate: false\r\n  xy: 650, 306\r\n  size: 160, 150\r\n  orig: 160, 150\r\n  offset: 0, 0\r\n  index: -1\r\n6/ls_2_00029\r\n  rotate: false\r\n  xy: 812, 458\r\n  size: 160, 150\r\n  orig: 160, 150\r\n  offset: 0, 0\r\n  index: -1\r\n",["gxfc_fushen.png"],{"skeleton":{"hash":"JHpsdO5oXginaX28IQXNmQLtvuY","spine":"3.6.53","width":160,"height":150,"images":"H:/PS/新大厅/恭喜发财/序列"},"bones":[{"name":"root"},{"name":"bone2","parent":"root"}],"slots":[{"name":"asdasd2","bone":"bone2","attachment":"6/ls_2_00029"}],"skins":{"default":{"asdasd2":{"6/ls_2_00000":{"width":160,"height":150},"6/ls_2_00001":{"width":160,"height":150},"6/ls_2_00002":{"width":160,"height":150},"6/ls_2_00003":{"width":160,"height":150},"6/ls_2_00004":{"width":160,"height":150},"6/ls_2_00005":{"width":160,"height":150},"6/ls_2_00006":{"width":160,"height":150},"6/ls_2_00007":{"width":160,"height":150},"6/ls_2_00008":{"width":160,"height":150},"6/ls_2_00009":{"width":160,"height":150},"6/ls_2_00010":{"width":160,"height":150},"6/ls_2_00011":{"width":160,"height":150},"6/ls_2_00012":{"width":160,"height":150},"6/ls_2_00013":{"width":160,"height":150},"6/ls_2_00014":{"width":160,"height":150},"6/ls_2_00015":{"width":160,"height":150},"6/ls_2_00016":{"width":160,"height":150},"6/ls_2_00017":{"width":160,"height":150},"6/ls_2_00018":{"width":160,"height":150},"6/ls_2_00019":{"width":160,"height":150},"6/ls_2_00020":{"width":160,"height":150},"6/ls_2_00021":{"width":160,"height":150},"6/ls_2_00022":{"width":160,"height":150},"6/ls_2_00023":{"width":160,"height":150},"6/ls_2_00024":{"width":160,"height":150},"6/ls_2_00025":{"width":160,"height":150},"6/ls_2_00026":{"width":160,"height":150},"6/ls_2_00027":{"width":160,"height":150},"6/ls_2_00028":{"width":160,"height":150},"6/ls_2_00029":{"width":160,"height":150}}}},"animations":{"dynamic":{"slots":{"asdasd2":{"attachment":[{"time":0,"name":"6/ls_2_00000"},{"time":0.0667,"name":"6/ls_2_00001"},{"time":0.1333,"name":"6/ls_2_00002"},{"time":0.2,"name":"6/ls_2_00003"},{"time":0.2667,"name":"6/ls_2_00004"},{"time":0.3333,"name":"6/ls_2_00005"},{"time":0.4,"name":"6/ls_2_00006"},{"time":0.4667,"name":"6/ls_2_00007"},{"time":0.5333,"name":"6/ls_2_00008"},{"time":0.6,"name":"6/ls_2_00009"},{"time":0.6667,"name":"6/ls_2_00010"},{"time":0.7333,"name":"6/ls_2_00011"},{"time":0.8,"name":"6/ls_2_00012"},{"time":0.8667,"name":"6/ls_2_00013"},{"time":0.9333,"name":"6/ls_2_00014"},{"time":1,"name":"6/ls_2_00015"},{"time":1.0667,"name":"6/ls_2_00016"},{"time":1.1333,"name":"6/ls_2_00017"},{"time":1.2,"name":"6/ls_2_00018"},{"time":1.2667,"name":"6/ls_2_00019"},{"time":1.3333,"name":"6/ls_2_00020"},{"time":1.4,"name":"6/ls_2_00021"},{"time":1.4667,"name":"6/ls_2_00022"},{"time":1.5333,"name":"6/ls_2_00023"},{"time":1.6,"name":"6/ls_2_00024"},{"time":1.6667,"name":"6/ls_2_00025"},{"time":1.7333,"name":"6/ls_2_00026"},{"time":1.8,"name":"6/ls_2_00027"},{"time":1.8667,"name":"6/ls_2_00028"},{"time":1.9333,"name":"6/ls_2_00029"},{"time":2,"name":"6/ls_2_00000"}]}},"bones":{"bone2":{"translate":[{"time":0,"x":-0.66,"y":-5.85}]}}},"static":{"slots":{"asdasd2":{"attachment":[{"time":0,"name":"6/ls_2_00000"}]}},"bones":{"bone2":{"translate":[{"time":0,"x":-0.66,"y":-5.85}]}}}}},[0]]],0,0,[0],[-1],[0]]
