[1,["27lDcMx1pHIbfFzSXaxrIc@6c48a"],["_textureSource"],["cc.SpriteFrame"],0,[{"name":"icon_lvniao","rect":{"x":2,"y":2,"width":154,"height":128},"offset":{"x":0,"y":0},"originalSize":{"width":158,"height":132},"rotated":false,"capInsets":[0,0,0,0],"vertices":{"rawPosition":[-77,-64,0,77,-64,0,-77,64,0,77,64,0],"indexes":[0,1,2,2,1,3],"uv":[2,130,156,130,2,2,156,2],"nuv":[0.012658227848101266,0.015151515151515152,0.9873417721518988,0.015151515151515152,0.012658227848101266,0.9848484848484849,0.9873417721518988,0.9848484848484849],"minPos":{"x":-77,"y":-64,"z":0},"maxPos":{"x":77,"y":64,"z":0}},"packable":true,"pixelsToUnit":100,"pivot":{"x":0.5,"y":0.5},"meshType":0}],[0],0,[0],[0],[0]]
