[1,["5d9d6072-5c60-4d80-84ff-83d74977d974@6c48a"],0,[["sp.SkeletonData",["_name","_atlasText","textureNames","_skeletonJson","textures"],-1,3]],[[0,0,1,2,3,4,5]],[[0,"st_icon_tx","\r\nst_icon_tx.png\r\nsize: 512,256\r\nformat: RGBA8888\r\nfilter: Linear,Linear\r\nrepeat: none\r\nTB_tx_t1\r\n  rotate: false\r\n  xy: 256, 17\r\n  size: 232, 228\r\n  orig: 232, 228\r\n  offset: 0, 0\r\n  index: -1\r\nTB_tx_t2\r\n  rotate: false\r\n  xy: 2, 2\r\n  size: 252, 243\r\n  orig: 252, 243\r\n  offset: 0, 0\r\n  index: -1\r\n",["st_icon_tx.png"],{"skeleton":{"hash":"9IEI8uTR4LzRb2TdONyuJs9Oitw","spine":"3.6.53","width":252,"height":243,"images":""},"bones":[{"name":"root","color":"abe323ff"},{"name":"tb_tx","parent":"root","color":"abe323ff"},{"name":"TB_tx_t1","parent":"tb_tx","color":"abe323ff"},{"name":"TB_tx_t3","parent":"tb_tx","color":"abe323ff"},{"name":"lizi01","parent":"tb_tx","color":"abe323ff"}],"slots":[{"name":"TB_tx_t1","bone":"TB_tx_t1","attachment":"TB_tx_t1","blend":"additive"},{"name":"TB_tx_t2","bone":"TB_tx_t3","attachment":"TB_tx_t1","blend":"additive"},{"name":"root","bone":"lizi01","attachment":"TB_tx_t2","blend":"additive"}],"skins":{"default":{"TB_tx_t1":{"TB_tx_t1":{"width":232,"height":228}},"TB_tx_t2":{"TB_tx_t1":{"width":232,"height":228}},"root":{"TB_tx_t2":{"width":252,"height":243}}}},"animations":{"animation":{"slots":{"TB_tx_t1":{"color":[{"time":0,"color":"ffffff00","curve":"stepped"},{"time":1.2667,"color":"ffffff00"},{"time":1.4,"color":"ffffffff"},{"time":1.8333,"color":"ffffff00"}]},"TB_tx_t2":{"color":[{"time":0,"color":"ffffff00","curve":"stepped"},{"time":1.2667,"color":"ffffff00"},{"time":1.4,"color":"ffffffff"},{"time":1.8333,"color":"ffffff00"}]},"root":{"color":[{"time":0,"color":"ffffff00","curve":"stepped"},{"time":1.2667,"color":"ffffff00"},{"time":1.4,"color":"ffffffff"},{"time":1.8333,"color":"ffffff00"}]}},"bones":{"lizi01":{"scale":[{"time":1.2667,"x":0.704,"y":0.704},{"time":1.4,"x":1.368,"y":1.368},{"time":1.8333,"x":1.538,"y":1.538}]},"TB_tx_t1":{"scale":[{"time":1.2667,"x":0.704,"y":0.704},{"time":1.4,"x":1.6,"y":1.6},{"time":1.8333,"x":1.777,"y":1.777}]},"TB_tx_t3":{"rotate":[{"time":0,"angle":-18.86}],"scale":[{"time":1.2667,"x":0.704,"y":0.704},{"time":1.4,"x":1.6,"y":1.6},{"time":1.8333,"x":1.777,"y":1.777}]},"tb_tx":{"scale":[{"time":0,"x":1.075,"y":1.075}]}}}}},[0]]],0,0,[0],[-1],[0]]
