[1,["19Eva+XgJGAr7rvyx+tpYU@6c48a"],["_textureSource"],["cc.SpriteFrame"],0,[{"name":"haitunxiao2","rect":{"x":17,"y":16,"width":968,"height":234},"offset":{"x":-11,"y":-5},"originalSize":{"width":1024,"height":256},"rotated":false,"capInsets":[0,0,0,0],"vertices":{"rawPosition":[-484,-117,0,484,-117,0,-484,117,0,484,117,0],"indexes":[0,1,2,2,1,3],"uv":[17,240,985,240,17,6,985,6],"nuv":[0.0166015625,0.0234375,0.9619140625,0.0234375,0.0166015625,0.9375,0.9619140625,0.9375],"minPos":{"x":-484,"y":-117,"z":0},"maxPos":{"x":484,"y":117,"z":0}},"packable":true,"pixelsToUnit":100,"pivot":{"x":0.5,"y":0.5},"meshType":0}],[0],0,[0],[0],[0]]
