[1,["19w5Bs38BAKp6WzsgVuhRj@6c48a"],["_textureSource"],["cc.SpriteFrame"],0,[{"name":"collect_pearl_bar_locked","rect":{"x":0,"y":0,"width":575,"height":45},"offset":{"x":0,"y":0},"originalSize":{"width":575,"height":45},"rotated":false,"capInsets":[0,0,0,0],"vertices":{"rawPosition":[-287.5,-22.5,0,287.5,-22.5,0,-287.5,22.5,0,287.5,22.5,0],"indexes":[0,1,2,2,1,3],"uv":[0,45,575,45,0,0,575,0],"nuv":[0,0,1,0,0,1,1,1],"minPos":{"x":-287.5,"y":-22.5,"z":0},"maxPos":{"x":287.5,"y":22.5,"z":0}},"packable":true,"pixelsToUnit":100,"pivot":{"x":0.5,"y":0.5},"meshType":0}],[0],0,[0],[0],[0]]
