[1,["34ZxEtYK9Fm7cJGKoNESSH@6c48a"],["_textureSource"],["cc.SpriteFrame"],0,[{"name":"ocean_icon_mermaid_2","rect":{"x":0,"y":0,"width":286,"height":408},"offset":{"x":0,"y":0},"originalSize":{"width":286,"height":408},"rotated":false,"capInsets":[0,0,0,0],"vertices":{"rawPosition":[-143,-204,0,143,-204,0,-143,204,0,143,204,0],"indexes":[0,1,2,2,1,3],"uv":[0,408,286,408,0,0,286,0],"nuv":[0,0,1,0,0,1,1,1],"minPos":{"x":-143,"y":-204,"z":0},"maxPos":{"x":143,"y":204,"z":0}},"packable":true,"pixelsToUnit":100,"pivot":{"x":0.5,"y":0.5},"meshType":0}],[0],0,[0],[0],[0]]
