[1,["d6gAYcovRHfpw0ACu2LBrY@6c48a"],["_textureSource"],["cc.SpriteFrame"],0,[{"name":"duofuduocai_icon_fen","rect":{"x":0,"y":0,"width":279,"height":279},"offset":{"x":0,"y":0},"originalSize":{"width":279,"height":279},"rotated":false,"capInsets":[0,0,0,0],"vertices":{"rawPosition":[-139.5,-139.5,0,139.5,-139.5,0,-139.5,139.5,0,139.5,139.5,0],"indexes":[0,1,2,2,1,3],"uv":[0,279,279,279,0,0,279,0],"nuv":[0,0,1,0,0,1,1,1],"minPos":{"x":-139.5,"y":-139.5,"z":0},"maxPos":{"x":139.5,"y":139.5,"z":0}},"packable":true,"pixelsToUnit":100,"pivot":{"x":0.5,"y":0.5},"meshType":0}],[0],0,[0],[0],[0]]
