[1,["37319751-c8b9-482e-8b5f-959ce22d1977@6c48a"],["_textureSource"],["cc.SpriteFrame"],0,[{"name":"10","rect":{"x":0,"y":0,"width":110,"height":92},"offset":{"x":0,"y":0},"originalSize":{"width":110,"height":92},"rotated":false,"capInsets":[0,0,0,0],"vertices":{"rawPosition":[-55,-46,0,55,-46,0,-55,46,0,55,46,0],"indexes":[0,1,2,2,1,3],"uv":[0,92,110,92,0,0,110,0],"nuv":[0,0,1,0,0,1,1,1],"minPos":{"x":-55,"y":-46,"z":0},"maxPos":{"x":55,"y":46,"z":0}},"packable":true,"pixelsToUnit":100,"pivot":{"x":0.5,"y":0.5},"meshType":0}],[0],0,[0],[0],[0]]
