[1,["d1kN2/GoZIfb2nh2F2lEFs@f9941","d1kN2/GoZIfb2nh2F2lEFs@6c48a"],["node","root","data","_spriteFrame","_textureSource"],["cc.SpriteFrame",["cc.Prefab",["_name"],2],["cc.Node",["_name","_components","_prefab"],2,9,4],["cc.UITransform",["node","__prefab","_contentSize"],3,1,4,5],["cc.CompPrefabInfo",["fileId"],2],["cc.Sprite",["node","__prefab","_spriteFrame"],3,1,4,6],["cc.PrefabInfo",["fileId","instance","targetOverrides","nestedPrefabInstanceRoots","root","asset"],-1,1,1]],[[4,0,2],[1,0,2],[2,0,1,2,2],[3,0,1,2,1],[5,0,1,2,1],[6,0,1,2,3,4,5,5]],[[[[1,"element_5"],[2,"element_5",[[3,-2,[0,"ffAonU4TNK2KpNrqab8X4b"],[5,186,166]],[4,-3,[0,"40z0MZPapC15mERhs63Abr"],0]],[5,"c46/YsCPVOJYA4mWEpNYRx",null,null,null,-1,0]]],0,[0,1,1,0,0,1,0,0,1,0,2,1,3],[0],[3],[0]],[[{"name":"10","rect":{"x":30,"y":17,"width":186,"height":166},"offset":{"x":4,"y":-1.5},"originalSize":{"width":238,"height":197},"rotated":false,"capInsets":[0,0,0,0],"vertices":{"rawPosition":[-93,-83,0,93,-83,0,-93,83,0,93,83,0],"indexes":[0,1,2,2,1,3],"uv":[30,180,216,180,30,14,216,14],"nuv":[0.12605042016806722,0.07106598984771574,0.907563025210084,0.07106598984771574,0.12605042016806722,0.9137055837563451,0.907563025210084,0.9137055837563451],"minPos":{"x":-93,"y":-83,"z":0},"maxPos":{"x":93,"y":83,"z":0}},"packable":true,"pixelsToUnit":100,"pivot":{"x":0.5,"y":0.5},"meshType":0}],[0],0,[0],[4],[1]]]]
