[1,["01r/XN8KlGbLqaThemiihz@6c48a","2cEmzlZqdJ8q8wY2MmY4Z0@6c48a","01r/XN8KlGbLqaThemiihz@f9941","2cEmzlZqdJ8q8wY2MmY4Z0@f9941","f8zscMEwZC9KkH3j7ycI0h@f9941"],["node","_spriteFrame","_textureSource","root","data"],[["cc.Node",["_name","_layer","_components","_prefab","_parent","_children","_lpos"],1,9,4,1,2,5],"cc.SpriteFrame",["cc.Sprite",["_sizeMode","node","__prefab","_spriteFrame"],2,1,4,6],["cc.Prefab",["_name"],2],["cc.UITransform",["node","__prefab","_contentSize"],3,1,4,5],["cc.CompPrefabInfo",["fileId"],2],["cc.PrefabInfo",["fileId","instance","targetOverrides","nestedPrefabInstanceRoots","root","asset"],-1,1,1],["cc.Label",["_string","_actualFontSize","_fontSize","node","__prefab"],0,1,4]],[[5,0,2],[4,0,1,2,1],[6,0,1,2,3,4,5,5],[0,0,1,4,2,3,6,3],[2,0,1,2,3,2],[3,0,2],[0,0,1,5,2,3,3],[0,0,1,4,2,3,3],[2,1,2,3,1],[7,0,1,2,3,4,4]],[[[{"name":"bet_info_bg_Tada","rect":{"x":0,"y":0,"width":362,"height":68},"offset":{"x":-0.5,"y":0},"originalSize":{"width":363,"height":68},"rotated":false,"capInsets":[0,0,0,0],"vertices":{"rawPosition":[-181,-34,0,181,-34,0,-181,34,0,181,34,0],"indexes":[0,1,2,2,1,3],"uv":[0,68,362,68,0,0,362,0],"nuv":[0,0,0.9972451790633609,0,0,1,0.9972451790633609,1],"minPos":{"x":-181,"y":-34,"z":0},"maxPos":{"x":181,"y":34,"z":0}},"packable":true,"pixelsToUnit":100,"pivot":{"x":0.5,"y":0.5},"meshType":0}],[1],0,[0],[2],[0]],[[{"name":"betText_arrow","rect":{"x":1,"y":1,"width":25,"height":21},"offset":{"x":0.5,"y":-0.5},"originalSize":{"width":26,"height":22},"rotated":false,"capInsets":[0,0,0,0],"vertices":{"rawPosition":[-12.5,-10.5,0,12.5,-10.5,0,-12.5,10.5,0,12.5,10.5,0],"indexes":[0,1,2,2,1,3],"uv":[1,21,26,21,1,0,26,0],"nuv":[0.038461538461538464,0,1,0,0.038461538461538464,0.9545454545454546,1,0.9545454545454546],"minPos":{"x":-12.5,"y":-10.5,"z":0},"maxPos":{"x":12.5,"y":10.5,"z":0}},"packable":true,"pixelsToUnit":100,"pivot":{"x":0.5,"y":0.5},"meshType":0}],[1],0,[0],[2],[1]],[[[5,"optionFeature"],[6,"optionFeature",33554432,[-3,-4,-5,-6],[[1,-2,[0,"2djZ2iFKdKFqjFfcfRMxLE"],[5,181,54]]],[2,"c46/YsCPVOJYA4mWEpNYRx",null,null,null,-1,0]],[7,"bet_info_bg_Tada",33554432,1,[[1,-7,[0,"03I9quRXJAlZ5nif1nrQoA"],[5,200,54]],[4,0,-8,[0,"abytefeU9IQpUgpPCRn/I1"],0]],[2,"39iyR+71RCvL5GEKitQ3hl",null,null,null,1,0]],[3,"betText_arrow",33554432,1,[[1,-9,[0,"d0elixuwBGnquRSNWEdsUq"],[5,25,21]],[8,-10,[0,"02JWSY4UVGCoPaqfBYuPQ6"],1]],[2,"6euEwx6y1A4IoLHyMosvRz",null,null,null,1,0],[1,-82,0,0]],[3,"Label",33554432,1,[[1,-11,[0,"e73TJ0BkJGaKQNMFye5ASE"],[5,61.12327486624514,50.4]],[9,"Unlock",32.125,20,-12,[0,"c32iMJVOJFq6yFdapi+nGX"]]],[2,"aeiD5UelxDLLDE1afiGHLJ",null,null,null,1,0],[1,-27,0,0]],[3,"scatter",33554432,1,[[1,-13,[0,"76NJZZlyhPHJClScDkp3tG"],[5,52,40]],[4,0,-14,[0,"c1ubVkGZhL6Kj68gCcgvVB"],2]],[2,"09fnXj+lxDiK/IUYIYFxs4",null,null,null,1,0],[1,40,0,0]]],0,[0,3,1,0,0,1,0,-1,2,0,-2,3,0,-3,4,0,-4,5,0,0,2,0,0,2,0,0,3,0,0,3,0,0,4,0,0,4,0,0,5,0,0,5,0,4,1,14],[0,0,0],[1,1,1],[2,3,4]]]]
