[1,["29jqI13xFPjrh3f6jlMlk8@6c48a"],0,[["sp.SkeletonData",["_name","_atlasText","textureNames","_skeletonJson","textures"],-1,3]],[[0,0,1,2,3,4,5]],[[0,"a","\r\na.png\r\nsize: 128,128\r\nformat: RGBA8888\r\nfilter: Linear,Linear\r\nrepeat: none\r\na\r\n  rotate: false\r\n  xy: 2, 2\r\n  size: 74, 71\r\n  orig: 74, 71\r\n  offset: 0, 0\r\n  index: -1\r\n",["a.png"],{"skeleton":{"hash":"XsfoSVfjgRIMRAIoUnSoEGgx4r4","spine":"3.6.53","width":88,"height":76,"images":""},"bones":[{"name":"root"},{"name":"10","parent":"root","x":-5.5,"y":8}],"slots":[{"name":"10","bone":"10","attachment":"a"},{"name":"11","bone":"10","attachment":"a","blend":"additive"}],"skins":{"default":{"10":{"a":{"width":74,"height":71}},"11":{"a":{"width":74,"height":71}}}},"animations":{"dynamic":{"slots":{"11":{"color":[{"time":0,"color":"ffffff00","curve":[0.25,0,0.75,1]},{"time":0.5,"color":"ffffffff","curve":[0.25,0,0.75,1]},{"time":1,"color":"ffffff00"}]}},"bones":{"10":{"scale":[{"time":0,"x":1,"y":1,"curve":[0.25,0,0.75,1]},{"time":0.5,"x":1.188,"y":1.188,"curve":[0.25,0,0.75,1]},{"time":1,"x":1,"y":1}]}}},"static":{"slots":{"11":{"color":[{"time":0,"color":"ffffff00"}]}},"bones":{"10":{"scale":[{"time":0,"x":1,"y":1}]}}}}},[0]]],0,0,[0],[-1],[0]]
