[1,["8ak717m7hGbaVAVJ6fAesw@6c48a"],["_textureSource"],["cc.SpriteFrame"],0,[{"name":"icon_hu_xuanhzong","rect":{"x":0,"y":0,"width":14,"height":14},"offset":{"x":0,"y":0},"originalSize":{"width":14,"height":14},"rotated":false,"capInsets":[0,0,0,0],"vertices":{"rawPosition":[-7,-7,0,7,-7,0,-7,7,0,7,7,0],"indexes":[0,1,2,2,1,3],"uv":[0,14,14,14,0,0,14,0],"nuv":[0,0,1,0,0,1,1,1],"minPos":{"x":-7,"y":-7,"z":0},"maxPos":{"x":7,"y":7,"z":0}},"packable":true,"pixelsToUnit":100,"pivot":{"x":0.5,"y":0.5},"meshType":0}],[0],0,[0],[0],[0]]
