[1,["f19fb365-276c-4cf4-89e7-c2e0d850ef4d@6c48a"],["_textureSource"],["cc.SpriteFrame"],0,[{"name":"bg_userbox","rect":{"x":0,"y":0,"width":244,"height":60},"offset":{"x":0,"y":0},"originalSize":{"width":244,"height":60},"rotated":false,"capInsets":[0,0,0,0],"vertices":{"rawPosition":[-122,-30,0,122,-30,0,-122,30,0,122,30,0],"indexes":[0,1,2,2,1,3],"uv":[0,60,244,60,0,0,244,0],"nuv":[0,0,1,0,0,1,1,1],"minPos":{"x":-122,"y":-30,"z":0},"maxPos":{"x":122,"y":30,"z":0}},"packable":true,"pixelsToUnit":100,"pivot":{"x":0.5,"y":0.5},"meshType":0}],[0],0,[0],[0],[0]]
