[1,["0aJZnhHgVM3YSBnGdZgh4Q@6c48a"],0,[["sp.SkeletonData",["_name","_atlasText","textureNames","_skeletonJson","textures"],-1,3]],[[0,0,1,2,3,4,5]],[[0,"renwu2","\r\nrenwu2.png\r\nsize: 1024,1024\r\nformat: RGBA8888\r\nfilter: Linear,Linear\r\nrepeat: none\r\nBra\r\n  rotate: true\r\n  xy: 536, 380\r\n  size: 244, 212\r\n  orig: 244, 212\r\n  offset: 0, 0\r\n  index: -1\r\nEarring_right\r\n  rotate: false\r\n  xy: 982, 856\r\n  size: 38, 64\r\n  orig: 38, 64\r\n  offset: 0, 0\r\n  index: -1\r\nhair2\r\n  rotate: false\r\n  xy: 982, 856\r\n  size: 38, 64\r\n  orig: 38, 64\r\n  offset: 0, 0\r\n  index: -1\r\narm\r\n  rotate: false\r\n  xy: 750, 401\r\n  size: 165, 226\r\n  orig: 165, 226\r\n  offset: 0, 0\r\n  index: -1\r\narm_z\r\n  rotate: true\r\n  xy: 734, 629\r\n  size: 179, 213\r\n  orig: 179, 213\r\n  offset: 0, 0\r\n  index: -1\r\nbg\r\n  rotate: false\r\n  xy: 305, 11\r\n  size: 381, 351\r\n  orig: 381, 351\r\n  offset: 0, 0\r\n  index: -1\r\nbody\r\n  rotate: false\r\n  xy: 2, 346\r\n  size: 288, 676\r\n  orig: 288, 676\r\n  offset: 0, 0\r\n  index: -1\r\ndecorate\r\n  rotate: false\r\n  xy: 547, 627\r\n  size: 79, 104\r\n  orig: 79, 104\r\n  offset: 0, 0\r\n  index: -1\r\ndecorate2\r\n  rotate: true\r\n  xy: 483, 733\r\n  size: 289, 199\r\n  orig: 289, 199\r\n  offset: 0, 0\r\n  index: -1\r\ndecorate3\r\n  rotate: false\r\n  xy: 2, 20\r\n  size: 301, 324\r\n  orig: 301, 324\r\n  offset: 0, 0\r\n  index: -1\r\ndecorate4\r\n  rotate: true\r\n  xy: 949, 526\r\n  size: 186, 65\r\n  orig: 186, 65\r\n  offset: 0, 0\r\n  index: -1\r\ndecorate5\r\n  rotate: true\r\n  xy: 684, 734\r\n  size: 74, 48\r\n  orig: 74, 48\r\n  offset: 0, 0\r\n  index: -1\r\ndecorate6\r\n  rotate: false\r\n  xy: 688, 290\r\n  size: 56, 88\r\n  orig: 56, 88\r\n  offset: 0, 0\r\n  index: -1\r\ndecorate_Bracelet\r\n  rotate: false\r\n  xy: 909, 300\r\n  size: 92, 78\r\n  orig: 92, 78\r\n  offset: 0, 0\r\n  index: -1\r\ndecorate_Bracelety\r\n  rotate: true\r\n  xy: 872, 2\r\n  size: 92, 78\r\n  orig: 92, 78\r\n  offset: 0, 0\r\n  index: -1\r\ndecorate_Bracelety2\r\n  rotate: false\r\n  xy: 628, 627\r\n  size: 79, 104\r\n  orig: 79, 104\r\n  offset: 0, 0\r\n  index: -1\r\neye\r\n  rotate: false\r\n  xy: 982, 833\r\n  size: 31, 21\r\n  orig: 31, 21\r\n  offset: 0, 0\r\n  index: -1\r\neye_y\r\n  rotate: false\r\n  xy: 982, 810\r\n  size: 31, 21\r\n  orig: 31, 21\r\n  offset: 0, 0\r\n  index: -1\r\nface\r\n  rotate: true\r\n  xy: 872, 96\r\n  size: 133, 139\r\n  orig: 133, 139\r\n  offset: 0, 0\r\n  index: -1\r\nfinger_y\r\n  rotate: false\r\n  xy: 750, 316\r\n  size: 157, 83\r\n  orig: 157, 83\r\n  offset: 0, 0\r\n  index: -1\r\nfinger_z\r\n  rotate: false\r\n  xy: 746, 231\r\n  size: 157, 83\r\n  orig: 157, 83\r\n  offset: 0, 0\r\n  index: -1\r\nhair\r\n  rotate: true\r\n  xy: 688, 811\r\n  size: 211, 292\r\n  orig: 211, 292\r\n  offset: 0, 0\r\n  index: -1\r\nhair1\r\n  rotate: false\r\n  xy: 688, 74\r\n  size: 45, 214\r\n  orig: 45, 214\r\n  offset: 0, 0\r\n  index: -1\r\nhair3\r\n  rotate: false\r\n  xy: 735, 15\r\n  size: 45, 214\r\n  orig: 45, 214\r\n  offset: 0, 0\r\n  index: -1\r\nhorse\r\n  rotate: true\r\n  xy: 782, 23\r\n  size: 206, 88\r\n  orig: 206, 88\r\n  offset: 0, 0\r\n  index: -1\r\nhorse2\r\n  rotate: true\r\n  xy: 483, 626\r\n  size: 105, 62\r\n  orig: 105, 62\r\n  offset: 0, 0\r\n  index: -1\r\nsaoguang_1\r\n  rotate: true\r\n  xy: 949, 714\r\n  size: 94, 69\r\n  orig: 94, 69\r\n  offset: 0, 0\r\n  index: -1\r\nshangyi\r\n  rotate: false\r\n  xy: 292, 364\r\n  size: 242, 248\r\n  orig: 242, 248\r\n  offset: 0, 0\r\n  index: -1\r\ntop\r\n  rotate: true\r\n  xy: 917, 380\r\n  size: 144, 94\r\n  orig: 144, 94\r\n  offset: 0, 0\r\n  index: -1\r\nwaikuang\r\n  rotate: true\r\n  xy: 292, 614\r\n  size: 408, 189\r\n  orig: 408, 189\r\n  offset: 0, 0\r\n  index: -1\r\nwild\r\n  rotate: true\r\n  xy: 982, 922\r\n  size: 100, 38\r\n  orig: 100, 38\r\n  offset: 0, 0\r\n  index: -1\r\n\r\nrenwu2.png\r\nsize: 128,512\r\nformat: RGBA8888\r\nfilter: Linear,Linear\r\nrepeat: none\r\nchest_x\r\n  rotate: false\r\n  xy: 2, 136\r\n  size: 119, 135\r\n  orig: 119, 135\r\n  offset: 0, 0\r\n  index: -1\r\nchest_y\r\n  rotate: false\r\n  xy: 2, 2\r\n  size: 122, 132\r\n  orig: 122, 132\r\n  offset: 0, 0\r\n  index: -1\r\n",["renwu2.png","renwu2.png"],{"skeleton":{"hash":"YF7aREN3o7NqwClagKJgscq+/O8","spine":"3.6.53","width":265.85,"height":264.22,"images":"./images/"},"bones":[{"name":"root"},{"name":"all","parent":"root"},{"name":"renwu_bg","parent":"all","y":-2.65,"scaleX":0.316,"scaleY":0.316,"color":"00ff17ff"},{"name":"kuang","parent":"renwu_bg","color":"28ff00ff"},{"name":"ren","parent":"renwu_bg","x":-17.1,"y":-180},{"name":"wild2","parent":"all","x":-0.73,"y":-38.43},{"name":"saoguang_1","parent":"wild2","x":-68.41,"y":8.63}],"slots":[{"name":"bg","bone":"kuang","attachment":"bg"},{"name":"waikuang","bone":"kuang","attachment":"waikuang"},{"name":"waikuang2","bone":"kuang","attachment":"waikuang"},{"name":"mask_all","bone":"renwu_bg","attachment":"mask_all"},{"name":"hair","bone":"ren","attachment":"hair"},{"name":"arm_z","bone":"ren","attachment":"arm_z"},{"name":"body","bone":"ren","attachment":"body"},{"name":"eye_y","bone":"ren","attachment":"eye_y"},{"name":"eye","bone":"ren","attachment":"eye"},{"name":"arm","bone":"ren","attachment":"arm"},{"name":"finger_y","bone":"ren","attachment":"finger_y"},{"name":"finger_z","bone":"ren","attachment":"finger_z"},{"name":"chest_x","bone":"ren","attachment":"chest_x"},{"name":"chest_y","bone":"ren","attachment":"chest_y"},{"name":"shangyi","bone":"ren","attachment":"shangyi"},{"name":"decorate_Bracelety2","bone":"ren","attachment":"decorate_Bracelety2"},{"name":"decorate_Bracelety","bone":"ren","attachment":"decorate_Bracelety"},{"name":"decorate_Bracelet","bone":"ren","attachment":"decorate_Bracelet"},{"name":"decorate","bone":"ren","attachment":"decorate"},{"name":"Bra","bone":"ren","attachment":"Bra"},{"name":"decorate6","bone":"ren","attachment":"decorate6"},{"name":"decorate5","bone":"ren","attachment":"decorate5"},{"name":"decorate4","bone":"ren","attachment":"decorate4"},{"name":"decorate3","bone":"ren","attachment":"decorate3"},{"name":"decorate2","bone":"ren","attachment":"decorate2"},{"name":"horse2","bone":"ren","attachment":"horse2"},{"name":"horse","bone":"ren","attachment":"horse"},{"name":"face","bone":"ren","attachment":"face"},{"name":"Earring_right","bone":"ren","attachment":"Earring_right"},{"name":"hair3","bone":"ren","attachment":"hair3"},{"name":"hair2","bone":"ren","attachment":"hair2"},{"name":"hair1","bone":"ren","attachment":"hair1"},{"name":"top","bone":"ren","attachment":"top"},{"name":"wild2","bone":"wild2","attachment":"wild"},{"name":"mask_saoguang","bone":"wild2","attachment":"mask_saoguang"},{"name":"saoguang_1","bone":"saoguang_1","color":"ffffff91","attachment":"saoguang_1","blend":"additive"}],"skins":{"default":{"Bra":{"Bra":{"x":7.38,"y":100.18,"width":244,"height":212}},"Earring_right":{"Earring_right":{"x":66.38,"y":240.18,"width":38,"height":64}},"arm":{"arm":{"x":171.88,"y":87.18,"width":165,"height":226}},"arm_z":{"arm_z":{"x":-162.12,"y":92.68,"width":179,"height":213}},"bg":{"bg":{"width":381,"height":351}},"body":{"body":{"x":27.38,"y":-66.82,"width":288,"height":676}},"chest_x":{"chest_x":{"x":68.88,"y":77.68,"width":119,"height":135}},"chest_y":{"chest_y":{"x":-51.62,"y":76.18,"width":122,"height":132}},"decorate":{"decorate":{"x":132.88,"y":110.18,"width":79,"height":104}},"decorate2":{"decorate2":{"x":21.88,"y":-176.32,"width":289,"height":199}},"decorate3":{"decorate3":{"x":28.88,"y":-256.82,"width":301,"height":324}},"decorate4":{"decorate4":{"x":9.38,"y":-20.32,"width":186,"height":65}},"decorate5":{"decorate5":{"x":11.38,"y":53.18,"width":74,"height":48}},"decorate6":{"decorate6":{"x":-78.62,"y":137.18,"width":56,"height":88}},"decorate_Bracelet":{"decorate_Bracelet":{"x":-202.62,"y":27.18,"width":92,"height":78}},"decorate_Bracelety":{"decorate_Bracelety":{"x":204.38,"y":16.18,"width":92,"height":78}},"decorate_Bracelety2":{"decorate_Bracelety2":{"x":-120.12,"y":115.18,"width":79,"height":104}},"eye":{"eye":{"x":42.88,"y":301.68,"width":31,"height":21}},"eye_y":{"eye_y":{"x":-10.12,"y":300.68,"width":31,"height":21}},"face":{"face":{"x":16.88,"y":287.68,"width":133,"height":139}},"finger_y":{"finger_y":{"x":309.88,"y":25.68,"width":157,"height":83}},"finger_z":{"finger_z":{"x":-311.12,"y":35.68,"width":157,"height":83}},"hair":{"hair":{"x":16.88,"y":272.18,"width":211,"height":292}},"hair1":{"hair1":{"x":-49.12,"y":279.18,"width":45,"height":214}},"hair2":{"hair2":{"x":-35.62,"y":240.18,"width":38,"height":64}},"hair3":{"hair3":{"x":82.88,"y":279.18,"width":45,"height":214}},"horse":{"horse":{"x":15.38,"y":161.18,"width":206,"height":88}},"horse2":{"horse2":{"x":14.88,"y":196.18,"width":105,"height":62}},"mask_all":{"mask_all":{"type":"clipping","end":"top","vertexCount":15,"color":"ce3a3aff","vertices":[-183.4,151.76,-183.85,-146.31,-179.63,-157.13,-170.74,-162.54,-161.08,-164.86,166.16,-164.47,175.95,-160.22,181.75,-154.03,184.45,-144.76,184.45,152.69,180.59,162.83,173.63,169.4,164.35,172.49,579.37,693.11,-441.13,714.32]}},"mask_saoguang":{"mask_saoguang":{"type":"clipping","end":"mask_saoguang","vertexCount":59,"color":"ce3a3aff","vertices":[-58.42,13.1,-46.98,-16.93,-44.67,-19.36,-39.62,-19.36,-37.7,-17.94,-35.07,-12.59,-32.35,-17.44,-30.43,-19.46,-25.88,-19.36,-23.86,-17.03,-13.26,9.43,-12.65,-16.63,-10.93,-19.16,-8.31,-19.56,-3.16,-19.46,1.49,-16.23,2.8,-17.64,6.24,-20.17,22.02,-20.37,25.45,-18.95,28.89,-9.36,29.19,-15.52,32.42,-18.15,38.38,-19.56,43.63,-19.46,60.34,-1.94,61.15,1.09,60.34,3.41,44.55,19.23,37.97,19.13,30.09,17.11,28.88,14.99,28.78,-6.42,26.96,-5.21,18.27,-4.9,18.48,15.09,16.23,18.07,12.7,18.98,3.71,16.86,2.19,14.74,1.69,17.87,-0.03,19.69,-8.72,19.08,-11.95,17.67,-13.26,16.36,-13.36,13.93,-20.84,19.39,-23.46,19.89,-26.8,17.67,-29.42,11.1,-32.86,16.56,-37.6,16.96,-39.72,14.84,-40.23,12.32,-43.66,18.48,-45.78,19.89,-48.71,19.18,-56.49,16.86,-58.21,15.35]}},"saoguang_1":{"saoguang_1":{"x":-32.5,"y":-3,"width":94,"height":69}},"shangyi":{"shangyi":{"x":9.38,"y":65.18,"width":242,"height":248}},"top":{"top":{"x":17.38,"y":364.18,"width":144,"height":94}},"waikuang":{"waikuang":{"y":-90.1,"width":408,"height":189}},"waikuang2":{"waikuang":{"y":97.52,"scaleY":-1,"width":408,"height":189}},"wild2":{"wild":{"x":1.4,"y":0.05,"scaleX":1.279,"scaleY":1.279,"width":100,"height":38}}}},"animations":{"dynamic":{"bones":{"ren":{"scale":[{"time":0,"x":1,"y":1,"curve":[0.25,0,0.75,1]},{"time":0.3333,"x":1.125,"y":1.125,"curve":[0.25,0,0.75,1]},{"time":0.6667,"x":1,"y":1}]},"wild2":{"scale":[{"time":0.1667,"x":1,"y":1,"curve":[0.25,0,0.75,1]},{"time":0.5,"x":1.237,"y":1.237,"curve":[0.25,0,0.625,0.5]},{"time":0.8333,"x":1.074,"y":1.074,"curve":[0.375,0.5,0.75,1]},{"time":1.1667,"x":1,"y":1}]},"saoguang_1":{"translate":[{"time":0.1667,"x":0,"y":0,"curve":[0.25,0,0.75,1]},{"time":1.1667,"x":186.73,"y":0}]}}},"static":{}}},[0,1]]],0,0,[0,0],[-1,-2],[0,0]]
