[1,["15f51cc3d@6c48a"],["_textureSource"],["cc.SpriteFrame","cc.SpriteAtlas"],0,[[[{"name":"dl_cs_stopicon1","rect":{"x":711,"y":98,"width":64,"height":64},"offset":{"x":0,"y":0},"originalSize":{"width":64,"height":64},"rotated":false,"capInsets":[0,0,0,0],"packable":true,"pixelsToUnit":100,"pivot":{"x":0.5,"y":0.5},"meshType":0}],[0],0,[0],[0],[0]],[[{"name":"dl_cs_stopicon","rect":{"x":711,"y":168,"width":64,"height":64},"offset":{"x":0,"y":0},"originalSize":{"width":64,"height":64},"rotated":false,"capInsets":[0,0,0,0],"packable":true,"pixelsToUnit":100,"pivot":{"x":0.5,"y":0.5},"meshType":0}],[0],0,[0],[0],[0]],[[{"name":"dl_long_zidong_0","rect":{"x":781,"y":112,"width":116,"height":56},"offset":{"x":0,"y":0},"originalSize":{"width":116,"height":56},"rotated":false,"capInsets":[0,0,0,0],"packable":true,"pixelsToUnit":100,"pivot":{"x":0.5,"y":0.5},"meshType":0}],[0],0,[0],[0],[0]],[[{"name":"dl_cs_kuai_0","rect":{"x":950,"y":3,"width":44,"height":53},"offset":{"x":0,"y":0},"originalSize":{"width":44,"height":53},"rotated":true,"capInsets":[0,0,0,0],"packable":true,"pixelsToUnit":100,"pivot":{"x":0.5,"y":0.5},"meshType":0}],[0],0,[0],[0],[0]],[[{"name":"dl_cs_xiazhujian_1","rect":{"x":259,"y":33,"width":44,"height":53},"offset":{"x":0,"y":0},"originalSize":{"width":44,"height":53},"rotated":true,"capInsets":[0,0,0,0],"packable":true,"pixelsToUnit":100,"pivot":{"x":0.5,"y":0.5},"meshType":0}],[0],0,[0],[0],[0]],[[{"name":"dl_cs_guizeanniu","rect":{"x":217,"y":143,"width":96,"height":62},"offset":{"x":0,"y":0},"originalSize":{"width":96,"height":62},"rotated":false,"capInsets":[0,0,0,0],"packable":true,"pixelsToUnit":100,"pivot":{"x":0.5,"y":0.5},"meshType":0}],[0],0,[0],[0],[0]],[[{"name":"dl_long_guizedibox","rect":{"x":789,"y":244,"width":212,"height":114},"offset":{"x":0,"y":0},"originalSize":{"width":212,"height":114},"rotated":false,"capInsets":[26,26,32,31],"packable":true,"pixelsToUnit":100,"pivot":{"x":0.5,"y":0.5},"meshType":0}],[0],0,[0],[0],[0]],[[{"name":"dl_cs_spinicon","rect":{"x":3,"y":272,"width":120,"height":126},"offset":{"x":0,"y":0},"originalSize":{"width":120,"height":126},"rotated":true,"capInsets":[0,0,0,0],"packable":true,"pixelsToUnit":100,"pivot":{"x":0.5,"y":0.5},"meshType":0}],[0],0,[0],[0],[0]],[[{"name":"dl_cs_xiazhujia_1","rect":{"x":318,"y":33,"width":44,"height":53},"offset":{"x":0,"y":0},"originalSize":{"width":44,"height":53},"rotated":true,"capInsets":[0,0,0,0],"packable":true,"pixelsToUnit":100,"pivot":{"x":0.5,"y":0.5},"meshType":0}],[0],0,[0],[0],[0]],[[{"name":"dl_cs_shezhianniu","rect":{"x":319,"y":143,"width":96,"height":62},"offset":{"x":0,"y":0},"originalSize":{"width":96,"height":62},"rotated":false,"capInsets":[0,0,0,0],"packable":true,"pixelsToUnit":100,"pivot":{"x":0.5,"y":0.5},"meshType":0}],[0],0,[0],[0],[0]],[[{"name":"dl_shezhi_kai","rect":{"x":455,"y":211,"width":220,"height":73},"offset":{"x":0,"y":0},"originalSize":{"width":220,"height":73},"rotated":false,"capInsets":[0,0,0,0],"packable":true,"pixelsToUnit":100,"pivot":{"x":0.5,"y":0.5},"meshType":0}],[0],0,[0],[0],[0]],[[{"name":"dl_shezhi_guan","rect":{"x":3,"y":127,"width":208,"height":61},"offset":{"x":0,"y":0},"originalSize":{"width":208,"height":61},"rotated":false,"capInsets":[0,0,0,0],"packable":true,"pixelsToUnit":100,"pivot":{"x":0.5,"y":0.5},"meshType":0}],[0],0,[0],[0],[0]],[[{"name":"dl_cs_xiazhujia_0","rect":{"x":377,"y":33,"width":44,"height":53},"offset":{"x":0,"y":0},"originalSize":{"width":44,"height":53},"rotated":true,"capInsets":[0,0,0,0],"packable":true,"pixelsToUnit":100,"pivot":{"x":0.5,"y":0.5},"meshType":0}],[0],0,[0],[0],[0]],[[{"name":"SOUND","rect":{"x":781,"y":3,"width":163,"height":39},"offset":{"x":0,"y":0},"originalSize":{"width":163,"height":39},"rotated":false,"capInsets":[0,0,0,0],"packable":true,"pixelsToUnit":100,"pivot":{"x":0.5,"y":0.5},"meshType":0}],[0],0,[0],[0],[0]],[[{"name":"FREE SPINS LEFT","rect":{"x":54,"y":3,"width":180,"height":20},"offset":{"x":0,"y":0},"originalSize":{"width":180,"height":20},"rotated":false,"capInsets":[0,0,0,0],"packable":true,"pixelsToUnit":100,"pivot":{"x":0.5,"y":0.5},"meshType":0}],[0],0,[0],[0],[0]],[[{"name":"PENGATURAN ","rect":{"x":436,"y":44,"width":230,"height":43},"offset":{"x":0,"y":0},"originalSize":{"width":230,"height":43},"rotated":false,"capInsets":[0,0,0,0],"packable":true,"pixelsToUnit":100,"pivot":{"x":0.5,"y":0.5},"meshType":0}],[0],0,[0],[0],[0]],[[{"name":"TOTAL WIN","rect":{"x":305,"y":3,"width":156,"height":24},"offset":{"x":0,"y":0},"originalSize":{"width":156,"height":24},"rotated":false,"capInsets":[0,0,0,0],"packable":true,"pixelsToUnit":100,"pivot":{"x":0.5,"y":0.5},"meshType":0}],[0],0,[0],[0],[0]],[[{"name":"dl_cs_xiazhujian_0","rect":{"x":672,"y":44,"width":44,"height":53},"offset":{"x":0,"y":0},"originalSize":{"width":44,"height":53},"rotated":true,"capInsets":[0,0,0,0],"packable":true,"pixelsToUnit":100,"pivot":{"x":0.5,"y":0.5},"meshType":0}],[0],0,[0],[0],[0]],[[{"name":"dl_cs_auto_boxbg","rect":{"x":790,"y":48,"width":80,"height":53},"offset":{"x":0,"y":0.5},"originalSize":{"width":80,"height":54},"rotated":false,"capInsets":[0,0,0,0],"packable":true,"pixelsToUnit":100,"pivot":{"x":0.5,"y":0.5},"meshType":0}],[0],0,[0],[0],[0]],[[{"name":"dl_cs_spinanniu","rect":{"x":480,"y":290,"width":149,"height":150},"offset":{"x":0,"y":0},"originalSize":{"width":149,"height":150},"rotated":true,"capInsets":[0,0,0,0],"packable":true,"pixelsToUnit":100,"pivot":{"x":0.5,"y":0.5},"meshType":0}],[0],0,[0],[0],[0]],[[{"name":"autospin","rect":{"x":247,"y":94,"width":458,"height":43},"offset":{"x":0,"y":0},"originalSize":{"width":458,"height":43},"rotated":false,"capInsets":[0,0,0,0],"packable":true,"pixelsToUnit":100,"pivot":{"x":0.5,"y":0.5},"meshType":0}],[0],0,[0],[0],[0]],[[{"name":"auto_bar","spriteFrames":["STOP","c56/5vTONMubV/JtXVRuIv@f9941","FREE SPINS LEFT","5aJtLAbRpI3qa/hvNGM1AX@f9941","AUTO","ffxX7gRXhNMY0LHqefyUgd@f9941","TOTAL WIN","5cR9dKf1tGKLmw7FaUlUiM@f9941","GOOD LUCK","8bzVPi2plBrZNTyEfzMKkC@f9941","dl_cs_jinbijia","abLWAJYpxKHZ82CYtwb4e/@f9941","SOUND","49wUJybS9Ec4dPA0Db84NT@f9941","dl_cs_kuai_0","13wVzyvqpFZImQnbbETe4U@f9941","MUSIC","9cQvD4Aq1EcYP6ymBQ5xy/@f9941","dl_cs_SPINzi","91aRW8TJ9MPYAym8RdLSvl@f9941","dl_cs_xiazhujian_1","17oK+pP8NOa7VkzRNRBpT9@f9941","dl_cs_xiazhujia_1","30ZvUMT71KjJPafvRxvmEt@f9941","dl_cs_xiazhujia_0","47mg69AwRKlI0FPuwSRJXx@f9941","PENGATURAN ","5bTO63CcZIBYM2xXwo4SzQ@f9941","dl_cs_xiazhujian_0","66Tcq4z51EeadHjZYt32Wn@f9941","dl_cs_kuai_1","c6tvKeIt5BsqmNKHPFh8me@f9941","dl_cs_auto_boxbg","68wqNjcz5KXpwUmjJ3530b@f9941","aut1","e6T2dxkDhDDZtwINzWodQL@f9941","dl_cs_jinbibox","93+PFEibhB/rbSVj2MukSW@f9941","autospin","6fGcMvr8dFqJT10xijaA8O@f9941","dl_cs_stopicon1","06DifrvSxHX5uYcvgiP3tT@f9941","dl_long_zidong_0","13jTmxSEVMmJJ0jRrfOBJ3@f9941","dl_long_zidong_1","80f91sKOpK3In8W9/oGTcR@f9941","dl_shezhi_guan","42QWj+pUNC7aY0H/B3FkQP@f9941","dl_cs_guizeanniu","1dSKBmcD9DSqwHhRNOzKd+@f9941","dl_cs_shezhianniu","37OQZ0vxROjKoyPwwbuf7P@f9941","dl_cs_caidananniu","b8MIycR5REyL70ISM4Bakv@f9941","dl_cs_tuichuanniu","c0XORjFV9J85wERFUEBZQw@f9941","dl_cs_vipanniu","e0HeMb3ChMEqE0bo2o8RWn@f9941","dl_cs_stopicon","0c55UffE5LDpw3wigq7NaW@f9941","dl_long_confirm","a5ofTHRgFKI44sYpDlO4zv@f9941","dl_cs_kuaianniubox","deJ90CIUlFVI2DzVQCDNj0@f9941","dl_cs_autoanniubox","c5U3ZzSaBG2KWlZo4NQmMH@f9941","dl_cs_xiazhubox","c5Gq8rXcZJ6bkCc8O7yFsO@f9941","dl_shezhi_kai","392kfiD+BA16xdYOvPNU7P@f9941","dl_cs_spinicon2","9aa44YZANKyIcQfrKMRV5U@f9941","dl_long_guizedibox","23RxBlzUhNyK4Rmu5jfHjC@f9941","dl_cs_spinicon","2aiVSg+u1HKJRuAw7LXOsf@f9941","dl_cs_offanniu","8eZWH7s0ROk4iFUzY/Cb7r@f9941","dl_cs_spinicon1","cbInVN/TRE/J5JW4hWUkv+@f9941","dl_cs_spinanniu","6bdhDss51M95eFxX1UOyGF@f9941","dl_cs_caidanbox","f4sb0w0P5OFKU5rcsE0U3l@f9941","dl_cs_spinanniu1","d05VX+vAFO0aTc548KLHK7@f9941","God_tk2_3","e0dnmV111DKaopcBRAxVBx@f9941","dl_cs_zhongjiangbox","a77OsU+edO9afWO8Gh9znp@f9941"]}],[1],0,[],[],[]],[[{"name":"dl_long_zidong_1","rect":{"x":903,"y":112,"width":116,"height":56},"offset":{"x":0,"y":0},"originalSize":{"width":116,"height":56},"rotated":false,"capInsets":[0,0,0,0],"packable":true,"pixelsToUnit":100,"pivot":{"x":0.5,"y":0.5},"meshType":0}],[0],0,[0],[0],[0]],[[{"name":"GOOD LUCK","rect":{"x":467,"y":3,"width":266,"height":35},"offset":{"x":0,"y":0},"originalSize":{"width":266,"height":35},"rotated":false,"capInsets":[0,0,0,0],"packable":true,"pixelsToUnit":100,"pivot":{"x":0.5,"y":0.5},"meshType":0}],[0],0,[0],[0],[0]],[[{"name":"dl_cs_offanniu","rect":{"x":135,"y":289,"width":118,"height":207},"offset":{"x":0,"y":0},"originalSize":{"width":118,"height":207},"rotated":true,"capInsets":[0,0,0,0],"packable":true,"pixelsToUnit":100,"pivot":{"x":0.5,"y":0.5},"meshType":0}],[0],0,[0],[0],[0]],[[{"name":"dl_cs_SPINzi","rect":{"x":152,"y":29,"width":101,"height":42},"offset":{"x":0,"y":0},"originalSize":{"width":105,"height":46},"rotated":false,"capInsets":[0,0,0,0],"packable":true,"pixelsToUnit":100,"pivot":{"x":0.5,"y":0.5},"meshType":0}],[0],0,[0],[0],[0]],[[{"name":"dl_cs_jinbibox","rect":{"x":3,"y":77,"width":238,"height":44},"offset":{"x":0,"y":0},"originalSize":{"width":238,"height":44},"rotated":false,"capInsets":[0,0,0,0],"packable":true,"pixelsToUnit":100,"pivot":{"x":0.5,"y":0.5},"meshType":0}],[0],0,[0],[0],[0]],[[{"name":"dl_cs_spinicon2","rect":{"x":681,"y":244,"width":102,"height":102},"offset":{"x":-0.5,"y":0},"originalSize":{"width":103,"height":104},"rotated":false,"capInsets":[0,0,0,0],"packable":true,"pixelsToUnit":100,"pivot":{"x":0.5,"y":0.5},"meshType":0}],[0],0,[0],[0],[0]],[[{"name":"MUSIC","rect":{"x":3,"y":29,"width":143,"height":39},"offset":{"x":0,"y":0},"originalSize":{"width":143,"height":39},"rotated":false,"capInsets":[0,0,0,0],"packable":true,"pixelsToUnit":100,"pivot":{"x":0.5,"y":0.5},"meshType":0}],[0],0,[0],[0],[0]],[[{"name":"dl_long_confirm","rect":{"x":781,"y":174,"width":190,"height":64},"offset":{"x":0,"y":0},"originalSize":{"width":190,"height":64},"rotated":false,"capInsets":[0,0,0,0],"packable":true,"pixelsToUnit":100,"pivot":{"x":0.5,"y":0.5},"meshType":0}],[0],0,[0],[0],[0]],[[{"name":"dl_cs_zhongjiangbox","rect":{"x":391,"y":498,"width":568,"height":166},"offset":{"x":0,"y":0},"originalSize":{"width":568,"height":166},"rotated":false,"capInsets":[0,0,0,0],"packable":true,"pixelsToUnit":100,"pivot":{"x":0.5,"y":0.5},"meshType":0}],[0],0,[0],[0],[0]],[[{"name":"dl_cs_jinbijia","rect":{"x":739,"y":3,"width":36,"height":36},"offset":{"x":0,"y":0},"originalSize":{"width":36,"height":36},"rotated":false,"capInsets":[0,0,0,0],"packable":true,"pixelsToUnit":100,"pivot":{"x":0.5,"y":0.5},"meshType":0}],[0],0,[0],[0],[0]],[[{"name":"dl_cs_caidananniu","rect":{"x":421,"y":143,"width":80,"height":62},"offset":{"x":0,"y":0},"originalSize":{"width":80,"height":62},"rotated":false,"capInsets":[0,0,0,0],"packable":true,"pixelsToUnit":100,"pivot":{"x":0.5,"y":0.5},"meshType":0}],[0],0,[0],[0],[0]],[[{"name":"dl_cs_tuichuanniu","rect":{"x":507,"y":143,"width":96,"height":62},"offset":{"x":0,"y":0},"originalSize":{"width":96,"height":62},"rotated":false,"capInsets":[0,0,0,0],"packable":true,"pixelsToUnit":100,"pivot":{"x":0.5,"y":0.5},"meshType":0}],[0],0,[0],[0],[0]],[[{"name":"dl_cs_xiazhubox","rect":{"x":187,"y":211,"width":262,"height":72},"offset":{"x":0,"y":0},"originalSize":{"width":262,"height":72},"rotated":false,"capInsets":[0,0,0,0],"packable":true,"pixelsToUnit":100,"pivot":{"x":0.5,"y":0.5},"meshType":0}],[0],0,[0],[0],[0]],[[{"name":"dl_cs_autoanniubox","rect":{"x":81,"y":194,"width":100,"height":72},"offset":{"x":0,"y":0},"originalSize":{"width":100,"height":72},"rotated":false,"capInsets":[0,0,0,0],"packable":true,"pixelsToUnit":100,"pivot":{"x":0.5,"y":0.5},"meshType":0}],[0],0,[0],[0],[0]],[[{"name":"STOP","rect":{"x":3,"y":3,"width":45,"height":17},"offset":{"x":0,"y":0},"originalSize":{"width":45,"height":17},"rotated":false,"capInsets":[0,0,0,0],"packable":true,"pixelsToUnit":100,"pivot":{"x":0.5,"y":0.5},"meshType":0}],[0],0,[0],[0],[0]],[[{"name":"dl_cs_kuai_1","rect":{"x":731,"y":48,"width":44,"height":53},"offset":{"x":0,"y":0},"originalSize":{"width":44,"height":53},"rotated":true,"capInsets":[0,0,0,0],"packable":true,"pixelsToUnit":100,"pivot":{"x":0.5,"y":0.5},"meshType":0}],[0],0,[0],[0],[0]],[[{"name":"dl_cs_spinicon1","rect":{"x":348,"y":290,"width":120,"height":126},"offset":{"x":0,"y":0},"originalSize":{"width":120,"height":126},"rotated":true,"capInsets":[0,0,0,0],"packable":true,"pixelsToUnit":100,"pivot":{"x":0.5,"y":0.5},"meshType":0}],[0],0,[0],[0],[0]],[[{"name":"dl_cs_spinanniu1","rect":{"x":3,"y":413,"width":149,"height":150},"offset":{"x":0,"y":0},"originalSize":{"width":149,"height":150},"rotated":true,"capInsets":[0,0,0,0],"packable":true,"pixelsToUnit":100,"pivot":{"x":0.5,"y":0.5},"meshType":0}],[0],0,[0],[0],[0]],[[{"name":"dl_cs_kuaianniubox","rect":{"x":3,"y":194,"width":64,"height":72},"offset":{"x":0,"y":0},"originalSize":{"width":64,"height":72},"rotated":true,"capInsets":[0,0,0,0],"packable":true,"pixelsToUnit":100,"pivot":{"x":0.5,"y":0.5},"meshType":0}],[0],0,[0],[0],[0]],[[{"name":"dl_cs_vipanniu","rect":{"x":609,"y":143,"width":96,"height":62},"offset":{"x":0,"y":0},"originalSize":{"width":96,"height":62},"rotated":false,"capInsets":[0,0,0,0],"packable":true,"pixelsToUnit":100,"pivot":{"x":0.5,"y":0.5},"meshType":0}],[0],0,[0],[0],[0]],[[{"name":"God_tk2_3","rect":{"x":159,"y":416,"width":226,"height":155},"offset":{"x":0,"y":0},"originalSize":{"width":226,"height":155},"rotated":false,"capInsets":[0,0,0,0],"packable":true,"pixelsToUnit":100,"pivot":{"x":0.5,"y":0.5},"meshType":0}],[0],0,[0],[0],[0]],[[{"name":"aut1","rect":{"x":876,"y":53,"width":80,"height":53},"offset":{"x":0,"y":0.5},"originalSize":{"width":80,"height":54},"rotated":false,"capInsets":[0,0,0,0],"packable":true,"pixelsToUnit":100,"pivot":{"x":0.5,"y":0.5},"meshType":0}],[0],0,[0],[0],[0]],[[{"name":"dl_cs_caidanbox","rect":{"x":636,"y":364,"width":128,"height":257},"offset":{"x":0,"y":0},"originalSize":{"width":128,"height":257},"rotated":true,"capInsets":[0,0,0,0],"packable":true,"pixelsToUnit":100,"pivot":{"x":0.5,"y":0.5},"meshType":0}],[0],0,[0],[0],[0]],[[{"name":"AUTO","rect":{"x":240,"y":3,"width":59,"height":20},"offset":{"x":0,"y":0},"originalSize":{"width":59,"height":20},"rotated":false,"capInsets":[0,0,0,0],"packable":true,"pixelsToUnit":100,"pivot":{"x":0.5,"y":0.5},"meshType":0}],[0],0,[0],[0],[0]]]]
