[1,["11004ec61@6c48a"],["_textureSource"],["cc.SpriteFrame","cc.SpriteAtlas"],0,[[[{"name":"btn_off","rect":{"x":603,"y":272,"width":62,"height":62},"offset":{"x":0,"y":0},"originalSize":{"width":62,"height":62},"rotated":false,"capInsets":[0,0,0,0],"packable":true,"pixelsToUnit":100,"pivot":{"x":0.5,"y":0.5},"meshType":0}],[0],0,[0],[0],[0]],[[{"name":"Kata sandi","rect":{"x":879,"y":284,"width":116,"height":22},"offset":{"x":0,"y":0},"originalSize":{"width":116,"height":22},"rotated":false,"capInsets":[0,0,0,0],"packable":true,"pixelsToUnit":100,"pivot":{"x":0.5,"y":0.5},"meshType":0}],[0],0,[0],[0],[0]],[[{"name":"btn_xinfeng_guanbi","rect":{"x":878,"y":312,"width":34,"height":34},"offset":{"x":0,"y":0},"originalSize":{"width":34,"height":34},"rotated":false,"capInsets":[0,0,0,0],"packable":true,"pixelsToUnit":100,"pivot":{"x":0.5,"y":0.5},"meshType":0}],[0],0,[0],[0],[0]],[[{"name":"Nomor HP","rect":{"x":345,"y":181,"width":100,"height":46},"offset":{"x":0,"y":0},"originalSize":{"width":100,"height":46},"rotated":false,"capInsets":[0,0,0,0],"packable":true,"pixelsToUnit":100,"pivot":{"x":0.5,"y":0.5},"meshType":0}],[0],0,[0],[0],[0]],[[{"name":"icon_yincang","rect":{"x":1001,"y":284,"width":38,"height":20},"offset":{"x":0,"y":0},"originalSize":{"width":38,"height":20},"rotated":true,"capInsets":[0,0,0,0],"packable":true,"pixelsToUnit":100,"pivot":{"x":0.5,"y":0.5},"meshType":0}],[0],0,[0],[0],[0]],[[{"name":"newsTicker_bg","rect":{"x":3,"y":3,"width":886,"height":28},"offset":{"x":0,"y":0},"originalSize":{"width":898,"height":28},"rotated":false,"capInsets":[0,0,0,0],"packable":true,"pixelsToUnit":100,"pivot":{"x":0.5,"y":0.5},"meshType":0}],[0],0,[0],[0],[0]],[[{"name":"pro_common_bg","rect":{"x":3,"y":37,"width":446,"height":32},"offset":{"x":0,"y":0},"originalSize":{"width":446,"height":32},"rotated":false,"capInsets":[0,0,0,0],"packable":true,"pixelsToUnit":100,"pivot":{"x":0.5,"y":0.5},"meshType":0}],[0],0,[0],[0],[0]],[[{"name":"btn_hall_head2","rect":{"x":679,"y":227,"width":98,"height":98},"offset":{"x":0,"y":0},"originalSize":{"width":98,"height":98},"rotated":false,"capInsets":[0,0,0,0],"packable":true,"pixelsToUnit":100,"pivot":{"x":0.5,"y":0.5},"meshType":0}],[0],0,[0],[0],[0]],[[{"name":"icon_common_woman","rect":{"x":722,"y":331,"width":26,"height":44},"offset":{"x":0,"y":0},"originalSize":{"width":26,"height":44},"rotated":true,"capInsets":[0,0,0,0],"packable":true,"pixelsToUnit":100,"pivot":{"x":0.5,"y":0.5},"meshType":0}],[0],0,[0],[0],[0]],[[{"name":"btn_dt_huang","rect":{"x":3,"y":181,"width":165,"height":61},"offset":{"x":0,"y":0},"originalSize":{"width":165,"height":61},"rotated":false,"capInsets":[0,0,0,0],"packable":true,"pixelsToUnit":100,"pivot":{"x":0.5,"y":0.5},"meshType":0}],[0],0,[0],[0],[0]],[[{"name":"word_tips_cancel","rect":{"x":345,"y":233,"width":99,"height":23},"offset":{"x":0,"y":0},"originalSize":{"width":99,"height":23},"rotated":false,"capInsets":[0,0,0,0],"packable":true,"pixelsToUnit":100,"pivot":{"x":0.5,"y":0.5},"meshType":0}],[0],0,[0],[0],[0]],[[{"name":"word_tips_ok","rect":{"x":722,"y":363,"width":36,"height":23},"offset":{"x":0,"y":0},"originalSize":{"width":36,"height":23},"rotated":false,"capInsets":[0,0,0,0],"packable":true,"pixelsToUnit":100,"pivot":{"x":0.5,"y":0.5},"meshType":0}],[0],0,[0],[0],[0]],[[{"name":"newsTicker_bg1","rect":{"x":835,"y":332,"width":31,"height":27},"offset":{"x":-0.5,"y":0},"originalSize":{"width":32,"height":29},"rotated":false,"capInsets":[0,0,0,0],"packable":true,"pixelsToUnit":100,"pivot":{"x":0.5,"y":0.5},"meshType":0}],[0],0,[0],[0],[0]],[[{"name":"btn_common_down","rect":{"x":918,"y":312,"width":18,"height":17},"offset":{"x":0,"y":0},"originalSize":{"width":18,"height":17},"rotated":false,"capInsets":[0,0,0,0],"packable":true,"pixelsToUnit":100,"pivot":{"x":0.5,"y":0.5},"meshType":0}],[0],0,[0],[0],[0]],[[{"name":"img_common_di1","rect":{"x":701,"y":175,"width":80,"height":46},"offset":{"x":0,"y":0},"originalSize":{"width":80,"height":46},"rotated":false,"capInsets":[19,17,18,21],"packable":true,"pixelsToUnit":100,"pivot":{"x":0.5,"y":0.5},"meshType":0}],[0],0,[0],[0],[0]],[[{"name":"word_tips_title","rect":{"x":451,"y":163,"width":244,"height":29},"offset":{"x":0,"y":0},"originalSize":{"width":244,"height":29},"rotated":false,"capInsets":[0,0,0,0],"packable":true,"pixelsToUnit":100,"pivot":{"x":0.5,"y":0.5},"meshType":0}],[0],0,[0],[0],[0]],[[{"name":"icon_dating_loading","rect":{"x":805,"y":37,"width":83,"height":73},"offset":{"x":0.5,"y":5.5},"originalSize":{"width":88,"height":88},"rotated":false,"capInsets":[0,0,0,0],"packable":true,"pixelsToUnit":100,"pivot":{"x":0.5,"y":0.5},"meshType":0}],[0],0,[0],[0],[0]],[[{"name":"Konfirmamsi Kata Sandi","rect":{"x":783,"y":245,"width":116,"height":46},"offset":{"x":0,"y":0},"originalSize":{"width":116,"height":46},"rotated":true,"capInsets":[0,0,0,0],"packable":true,"pixelsToUnit":100,"pivot":{"x":0.5,"y":0.5},"meshType":0}],[0],0,[0],[0],[0]],[[{"name":"btn_mengikat","rect":{"x":455,"y":89,"width":246,"height":68},"offset":{"x":0,"y":0},"originalSize":{"width":246,"height":68},"rotated":false,"capInsets":[0,0,0,0],"packable":true,"pixelsToUnit":100,"pivot":{"x":0.5,"y":0.5},"meshType":0}],[0],0,[0],[0],[0]],[[{"name":"icon_dating_loading2","rect":{"x":707,"y":89,"width":80,"height":80},"offset":{"x":0,"y":0},"originalSize":{"width":80,"height":80},"rotated":false,"capInsets":[0,0,0,0],"packable":true,"pixelsToUnit":100,"pivot":{"x":0.5,"y":0.5},"meshType":0}],[0],0,[0],[0],[0]],[[{"name":"bjinbi_big","rect":{"x":603,"y":198,"width":68,"height":70},"offset":{"x":-0.5,"y":-0.5},"originalSize":{"width":69,"height":71},"rotated":true,"capInsets":[0,0,0,0],"packable":true,"pixelsToUnit":100,"pivot":{"x":0.5,"y":0.5},"meshType":0}],[0],0,[0],[0],[0]],[[{"name":"png_common_di3","rect":{"x":895,"y":3,"width":100,"height":122},"offset":{"x":0,"y":0},"originalSize":{"width":100,"height":122},"rotated":true,"capInsets":[11,84,12,13],"packable":true,"pixelsToUnit":100,"pivot":{"x":0.5,"y":0.5},"meshType":0}],[0],0,[0],[0],[0]],[[{"name":"icon_common_man","rect":{"x":835,"y":287,"width":37,"height":39},"offset":{"x":0,"y":0.5},"originalSize":{"width":37,"height":40},"rotated":false,"capInsets":[0,0,0,0],"packable":true,"pixelsToUnit":100,"pivot":{"x":0.5,"y":0.5},"meshType":0}],[0],0,[0],[0],[0]],[[{"name":"btn_hall_add2","rect":{"x":835,"y":245,"width":38,"height":36},"offset":{"x":0.5,"y":0.5},"originalSize":{"width":39,"height":37},"rotated":false,"capInsets":[0,0,0,0],"packable":true,"pixelsToUnit":100,"pivot":{"x":0.5,"y":0.5},"meshType":0}],[0],0,[0],[0],[0]],[[{"name":"Tingkatkan Akun","rect":{"x":455,"y":37,"width":344,"height":46},"offset":{"x":0,"y":0},"originalSize":{"width":344,"height":46},"rotated":false,"capInsets":[0,0,0,0],"packable":true,"pixelsToUnit":100,"pivot":{"x":0.5,"y":0.5},"meshType":0}],[0],0,[0],[0],[0]],[[{"name":"pro_common_in","rect":{"x":3,"y":113,"width":442,"height":28},"offset":{"x":0,"y":0},"originalSize":{"width":442,"height":28},"rotated":false,"capInsets":[11,6,11,9],"packable":true,"pixelsToUnit":100,"pivot":{"x":0.5,"y":0.5},"meshType":0}],[0],0,[0],[0],[0]],[[{"name":"pro_common_bg1","rect":{"x":3,"y":75,"width":446,"height":32},"offset":{"x":0,"y":0},"originalSize":{"width":446,"height":32},"rotated":false,"capInsets":[0,0,0,0],"packable":true,"pixelsToUnit":100,"pivot":{"x":0.5,"y":0.5},"meshType":0}],[0],0,[0],[0],[0]],[[{"name":"panel_commom_bg2","rect":{"x":879,"y":145,"width":134,"height":133},"offset":{"x":0,"y":0},"originalSize":{"width":134,"height":133},"rotated":false,"capInsets":[10,16,12,21],"packable":true,"pixelsToUnit":100,"pivot":{"x":0.5,"y":0.5},"meshType":0}],[0],0,[0],[0],[0]],[[{"name":"auto_tips","spriteFrames":["png_update_tipsBg","6avyFaTJRLnYoqLlO+nCaV@f9941","panel_common_left","6fyGJg0clLuKmqkbp04h/G@f9941","fengexian","7aXV6Y2NhHxaxxq0Wf6sCo@f9941","panel_common_bg2","c3pXMv4wNJdYMCZAdQTaUj@f9941","toast_bg","cdxn4qXHFOBbR1u1CluGOH@f9941","bg_xifneng_shufukuang","0cxKfdAURDv7yhq9k+L6Tw@f9941","img_common_di2","07IG5PaX9PVaBDbdVBvhEa@f9941","toast_error_bg2","fepv2IQ0lAb7g7ZR9cx7QM@f9941","icon_common_gold","deT/wF3cRECL6hB1mg6PtX@f9941","btn_common_in","98nH6dfjdI/rzl7zeckIve@f9941","panel_commom_bg3","e6ue5XdatCUJcQ1h42nxsS@f9941","btn_set_on","24hxrkSkxPEZCul1UJpADK@f9941","btn_common_up","c3GzbNPndGVZNq89eOvrqE@f9941","btn_common_of","eapyz/uEJOGJiMvsB5E9Um@f9941","newsTicker_bg","1eY8MhDQtBSq5GksGGkJrD@f9941","png_common_di3","78n66wzD1Pc7KFSxyYxPgn@f9941","pro_common_bg","21fczWiipJ+4Nn+4cnH+5a@f9941","Tingkatkan Akun","96NI+9kEZCdYLLHXKAHrL+@f9941","pro_common_bg1","9cXF+a9xBOQYQxKETm9h75@f9941","icon_dating_loading","56UMzwg6xEVKfLou1mGlRa@f9941","btn_set_off","d27zCyIGdIiZV+Jcm4xs8x@f9941","btn_mengikat","64+C00exdCHpQ/pUaaCnEC@f9941","pro_common_in","9aTD7Zu+pI8Lrkuz89ge1a@f9941","pro_common_in1","daJnF282dGmbKLPddLS/4m@f9941","icon_dating_loading2","74AQ69M3NAjput9L6s0T4S@f9941","word_tips_title","4fWoo8FXtJZq8PSa+IuHO4@f9941","img_common_di","eds1YjkQ9Pxaos46OmSuf+@f9941","img_common_di1","4fTf8K9D5AK6Batvn0nUGe@f9941","panel_commom_bg2","a9PLBduHRMo6VCa6HbIlyQ@f9941","btn_dt_off","e4uT78j39M2aEkr5/5HHvT@f9941","btn_dt_huang","35c/v9BCJFvL7cUP4srXfc@f9941","btn_dt_lv","dfYqb8DFlE2b7SKm64T36g@f9941","Nomor HP","17eLWQBfhEh7xfyQVkrHyx@f9941","bg_tishibox","dd7+V8SG1Jf5XpYWOUKsfI@f9941","word_tips_cancel","37Vni0zFdESbxjH3aU9KaD@f9941","bjinbi_big","759V6gJatDJ7NcUDP3qLgc@f9941","btn_hall_head2","25zhXAtrFHL5hVN24zE09y@f9941","btn_off","0aHq2RFGhJe7z/DrkSO1N5@f9941","Konfirmamsi Kata Sandi","5fkup/H81IJab4PlSYraOh@f9941","btn_hall_add2","82MBLvZINH97r3AqiWmmOl@f9941","Kata sandi","0fckUBP7NEz4iDkp5Bai7F@f9941","icon_yincang","1eYpbhdgxBVYOKHO9/yiAM@f9941","icon_common_man","7bqLnbp/ZPIJTYNJO0kqdw@f9941","btn_hall_add","c6vJaGFDhIGYC1IkQ1x1pm@f9941","icon_common_woman","32tJWC0S9DLZGuH5kpbibr@f9941","word_tips_ok","39AmbCr2NGArh2PdP+o4NP@f9941","btn_xinfeng_guanbi","15JTEVwXZA7ZLyPsem4J1+@f9941","newsTicker_bg1","3eW/K/paZBVJAQXNqfYdaG@f9941","btn_common_down","44G2a3y7tIOIDG2G6T7O/b@f9941"]}],[1],0,[],[],[]],[[{"name":"btn_hall_add","rect":{"x":671,"y":331,"width":45,"height":41},"offset":{"x":0.5,"y":0.5},"originalSize":{"width":46,"height":44},"rotated":false,"capInsets":[0,0,0,0],"packable":true,"pixelsToUnit":100,"pivot":{"x":0.5,"y":0.5},"meshType":0}],[0],0,[0],[0],[0]],[[{"name":"btn_set_off","rect":{"x":894,"y":109,"width":120,"height":30},"offset":{"x":0,"y":0},"originalSize":{"width":120,"height":30},"rotated":false,"capInsets":[0,0,0,0],"packable":true,"pixelsToUnit":100,"pivot":{"x":0.5,"y":0.5},"meshType":0}],[0],0,[0],[0],[0]],[[{"name":"pro_common_in1","rect":{"x":3,"y":147,"width":442,"height":28},"offset":{"x":0,"y":0},"originalSize":{"width":442,"height":28},"rotated":false,"capInsets":[11,6,11,7],"packable":true,"pixelsToUnit":100,"pivot":{"x":0.5,"y":0.5},"meshType":0}],[0],0,[0],[0],[0]],[[{"name":"bg_tishibox","rect":{"x":451,"y":198,"width":146,"height":116},"offset":{"x":0,"y":0},"originalSize":{"width":146,"height":116},"rotated":false,"capInsets":[46,34,33,31],"packable":true,"pixelsToUnit":100,"pivot":{"x":0.5,"y":0.5},"meshType":0}],[0],0,[0],[0],[0]],[[{"name":"btn_dt_lv","rect":{"x":174,"y":181,"width":165,"height":61},"offset":{"x":0,"y":0},"originalSize":{"width":165,"height":61},"rotated":false,"capInsets":[0,0,0,0],"packable":true,"pixelsToUnit":100,"pivot":{"x":0.5,"y":0.5},"meshType":0}],[0],0,[0],[0],[0]],[[{"name":"btn_dt_off","rect":{"x":787,"y":178,"width":61,"height":79},"offset":{"x":0,"y":0},"originalSize":{"width":61,"height":79},"rotated":true,"capInsets":[0,0,0,0],"packable":true,"pixelsToUnit":100,"pivot":{"x":0.5,"y":0.5},"meshType":0}],[0],0,[0],[0],[0]],[[{"name":"img_common_di","rect":{"x":793,"y":116,"width":80,"height":56},"offset":{"x":0,"y":0},"originalSize":{"width":80,"height":56},"rotated":false,"capInsets":[21,22,20,23],"packable":true,"pixelsToUnit":100,"pivot":{"x":0.5,"y":0.5},"meshType":0}],[0],0,[0],[0],[0]]]]
