[1,["ccWnvOE/1PxLG5WH9jlGaz","14KkSprJZOAo6ABte7nfLK@f9941","0a0+erGKtM15x7ZlY8XR5N@f9941","f2DmilD/lOwp/kf5fBh9In@f9941","5dCi64Jo5FgoFr4wVRIfXd@f9941","5drlcyuw1MuYnYhwlBZSRd@f9941","ba6P28YPdJK6VVEq+FbY/2@f9941","19c4+MswpJr5YuBOEhorsJ@6c48a","cft9VpzgVIebgBsIlXH3sG","7dj5uJT9FMn6OrOOx83tfK@f9941","41mS9zdUBAaaVnYa6k0DGz","19c4+MswpJr5YuBOEhorsJ@f9941","efOBZey41Is45nI7rsJ99R","0eHRcXDehJSYXdAEzrJgVR@f9941","434VsJQPhIw4DNfrjgTrHO@6c48a","8eKtVOccRDwIPfwXvAlyKo@6c48a","434VsJQPhIw4DNfrjgTrHO@f9941"],["node","_spriteFrame","_normalSprite","_target","_atlas","root","targetInfo","_textureSource","data","_skeletonData","asset","_font","spriteFrame"],[["cc.Node",["_name","_layer","_active","_objFlags","__editorExtras__","_prefab","_components","_parent","_children","_lpos"],-2,4,9,1,2,5],["cc.Sprite",["_sizeMode","_type","node","__prefab","_spriteFrame","_atlas","_color"],1,1,4,6,6,5],["cc.Widget",["_alignFlags","_top","_originalWidth","_originalHeight","_left","node","__prefab"],-2,1,4],"cc.SpriteFrame",["cc.UITransform",["node","__prefab","_contentSize"],3,1,4,5],["cc.Button",["_transition","_zoomScale","node","__prefab","_normalSprite","_normalColor","_target"],1,1,4,6,5,1],["cc.Prefab",["_name"],2],["cc.CompPrefabInfo",["fileId"],2],["cc.PrefabInfo",["fileId","instance","targetOverrides","root","asset","nestedPrefabInstanceRoots"],0,1,1,2],["cc.PrefabInfo",["fileId","instance","targetOverrides","nestedPrefabInstanceRoots","root","asset"],-1,1,1],["cc.PrefabInfo",["fileId","targetOverrides","nestedPrefabInstanceRoots","root","instance","asset"],0,1,4,6],["cc.BlockInputEvents",["node","__prefab"],3,1,4],["sp.Skeleton",["defaultSkin","defaultAnimation","_premultipliedAlpha","_preCacheMode","node","__prefab","_skeletonData"],-1,1,4,6],["cc.TargetInfo",["localID"],2],["cc.PrefabInstance",["fileId","prefabRootNode","propertyOverrides"],2,1,9],["CCPropertyOverrideInfo",["value","propertyPath","targetInfo"],1,1],["CCPropertyOverrideInfo",["propertyPath","targetInfo","value"],2,1,8],["CCPropertyOverrideInfo",["value","propertyPath","targetInfo"],1,4],["cc.Label",["_string","_horizontalAlign","_actualFontSize","_fontSize","_overflow","_isSystemFontUsed","node","__prefab","_font"],-3,1,4,6],["sp.SkeletonData",["_name","_atlasText","textureNames","_skeletonJson","textures"],-1,3],["cc.BitmapFont",["_name","fontSize","fntConfig"],0]],[[7,0,2],[4,0,1,2,1],[9,0,1,2,3,4,5,5],[0,0,1,7,6,5,9,3],[5,0,1,2,3,5,6,4,3],[1,1,2,3,4,5,2],[16,0,1,2,2],[2,0,2,3,5,6,4],[13,0,2],[15,0,1,2,3],[6,0,2],[1,0,2,3,4,2],[0,0,1,8,6,5,3],[0,0,1,7,8,6,5,9,3],[0,0,2,1,7,8,6,5,4],[0,0,1,7,6,5,3],[0,3,4,7,5,3],[0,0,8,6,5,2],[0,0,7,8,6,5,2],[0,0,2,7,6,5,9,3],[0,0,7,6,5,9,2],[4,0,1,1],[1,1,0,2,3,4,5,3],[1,0,2,3,6,4,2],[1,2,3,4,1],[2,0,4,1,5,6,4],[2,0,1,5,6,3],[8,0,1,2,3,4,5,4],[10,0,1,2,3,4,5,4],[11,0,1,1],[5,0,1,2,3,4,3],[12,0,1,2,3,4,5,6,5],[14,0,1,2,2],[17,0,1,2,3],[18,0,1,2,3,4,5,6,7,8,7],[19,0,1,2,3,4,5],[20,0,1,2,4]],[[[{"name":"bg_dt_dengluye","rect":{"x":0,"y":0,"width":1625,"height":750},"offset":{"x":0,"y":0},"originalSize":{"width":1625,"height":750},"rotated":false,"capInsets":[0,0,0,0],"vertices":{"rawPosition":[-812.5,-375,0,812.5,-375,0,-812.5,375,0,812.5,375,0],"indexes":[0,1,2,2,1,3],"uv":[0,750,1625,750,0,0,1625,0],"nuv":[0,0,1,0,0,1,1,1],"minPos":{"x":-812.5,"y":-375,"z":0},"maxPos":{"x":812.5,"y":375,"z":0}},"packable":true,"pixelsToUnit":100,"pivot":{"x":0.5,"y":0.5},"meshType":0}],[3],0,[0],[7],[7]],[[[10,"loginPage"],[12,"loginPage",33554432,[-6,-7,-8,-9,-10],[[1,-3,[0,"43quc7PJdO9KSrRJ7+RSiM"],[5,1334,750]],[11,0,-4,[0,"44OIujDIlKhoLkUS8fjXzm"],18],[7,45,1625,750,-5,[0,"d3v14Af49OjLWiUeDNTp8y"]]],[27,"62U/weTa9BxIgOnS4jktab",null,null,-2,0,[-1]]],[13,"leftSide",33554432,1,[-13,-14,-15],[[1,-11,[0,"b3z0iXWD5EP5LawG9zBKcM"],[5,100,300]],[25,9,24.662000000000035,38.38499999999999,-12,[0,"c75bT5RAhH3oOR+ko6mdS7"]]],[2,"4cs6704nVNd78P59BhBPrQ",null,null,null,1,0],[1,-592.338,186.615,0]],[14,"props_public_wrap",false,33554432,1,[-19,-20],[[1,-16,[0,"4dtd8+YgBMHpVEcpLdUHVL"],[5,1334,750]],[7,45,100,100,-17,[0,"1bBr6qxdpMT4Ge9VKvujzr"]],[29,-18,[0,"d15p7cD79ILa71WfZCz4l5"]]],[2,"7arQuOjmJBuo25B+r5bMul",null,null,null,1,0]],[3,"props_btn_login_situs",33554432,2,[[1,-21,[0,"10Vqi00bZKVJHZEaWCUhV2"],[5,88,74]],[5,1,-22,[0,"97OIvSVltHcYjsTW37nf10"],1,2],[4,3,0.9,-24,[0,"92BYgBisZOJooKv2IKFYYn"],[4,4292269782],-23,3]],[2,"50Csm3l9dNcIngyIIuhvRb",null,null,null,1,0],[1,24,95,0]],[3,"props_btn_login_pengumuman",33554432,2,[[1,-25,[0,"f6b2DYjp5N3LwZiGQfpADx"],[5,70,73]],[5,1,-26,[0,"c71K+cEPJHDppA+/tSyIFy"],4,5],[4,3,0.9,-28,[0,"5d4NDLYm1GkbV85hn9hQgP"],[4,4292269782],-27,6]],[2,"44er8gq7BLF6ivgwZLc6S3",null,null,null,1,0],[1,24,6,0]],[3,"props_btn_login_service",33554432,2,[[1,-29,[0,"0drCRHPadBxKXIhAxZp7jg"],[5,78,74]],[5,1,-30,[0,"e1x1Wf8z1IhaF2ZEFkHbCj"],7,8],[4,3,0.9,-32,[0,"21sJbnPt5GTIlQtJ6HHNyG"],[4,4292269782],-31,9]],[2,"adQk3w1nBM0rCPwFhqFGLs",null,null,null,1,0],[1,24,-83,0]],[3,"props_btn_loginAkun",33554432,1,[[1,-33,[0,"96v5cV0sVMJpVL1rSe3h7U"],[5,418,82]],[22,1,2,-34,[0,"0aoJMkwjNGB5jQPNswVCG8"],10,11],[4,3,0.9,-36,[0,"e08AcCRUJDAoptCCmPRZEO"],[4,4292269782],-35,12]],[2,"e2ep2JLXdHRaMKdAhMlr8Z",null,null,null,1,0],[1,0,-240,0]],[3,"props_btn_loginReturn",33554432,1,[[1,-37,[0,"betfAVX1FMLKzSzM7cTP1J"],[5,186,44]],[5,1,-38,[0,"89HLiafgdK2ptxWUfxS83c"],13,14],[4,3,0.9,-40,[0,"ace+wN+MhHK7zxeLQgdEcU"],[4,4292269782],-39,15]],[2,"495Bg+CcRJA6oJ+mh9YO70",null,null,null,1,0],[1,0,-320,0]],[3,"logo",33554432,1,[[1,-41,[0,"94jszCSZBBgqDN9RAxROW8"],[5,501,249]],[31,"default","animation",false,0,-42,[0,"cf+qNqeh9Ctby3c4hPvkAj"],0],[26,1,150,-43,[0,"cfdOqFFftJzplSY8UK1Vsj"]]],[2,"4euRQcC71JiYOe2PCcP1BO",null,null,null,1,0],[1,266,100.5,0]],[15,"SpriteSplash",33554432,3,[[1,-44,[0,"93dPG+Q79EIb0jpOJaitW8"],[5,1334,750]],[23,0,-45,[0,"3drRfBmEpLKYb1Usi4NZ5r"],[4,2801795072],16],[7,45,100,100,-46,[0,"d11UXRMTxH+ZTkA82hPAuB"]]],[2,"casrnzEb1A3I3DVAH57MET",null,null,null,1,0]],[8,["c46/YsCPVOJYA4mWEpNYRx"]],[16,0,{},3,[28,"c46/YsCPVOJYA4mWEpNYRx",null,null,-50,[32,"95wCyBY6xObpahTP0u2gco",1,[[9,"maintenancPopup",["_name"],11],[6,["_lpos"],11,[1,0,0,0]],[6,["_lrot"],11,[3,0,0,0,1]],[6,["_euler"],11,[1,0,0,0]],[9,true,["_active"],-47],[33,true,["_enabled"],[8,["bbw1wN2ttNuJcSpCsOqvoo"]]],[9,"props_fb_btn_off",["_name"],-48],[6,["_lpos"],-49,[1,344,217,0]]]],17]],[8,["60c9WBw7hFQLqd7Cd3Ie3x"]]],0,[0,-1,12,0,5,1,0,0,1,0,0,1,0,0,1,0,-1,9,0,-2,2,0,-3,7,0,-4,8,0,-5,3,0,0,2,0,0,2,0,-1,4,0,-2,5,0,-3,6,0,0,3,0,0,3,0,0,3,0,-1,10,0,-2,12,0,0,4,0,0,4,0,3,4,0,0,4,0,0,5,0,0,5,0,3,5,0,0,5,0,0,6,0,0,6,0,3,6,0,0,6,0,0,7,0,0,7,0,3,7,0,0,7,0,0,8,0,0,8,0,3,8,0,0,8,0,0,9,0,0,9,0,0,9,0,0,10,0,0,10,0,0,10,0,6,13,0,6,13,0,6,13,0,5,12,0,8,1,50],[0,0,0,0,0,0,0,0,0,0,0,0,0,0,0,0,0,0,0],[9,1,4,2,1,4,2,1,4,2,1,4,2,1,4,2,1,10,1],[8,1,0,1,2,0,2,3,0,3,4,0,4,5,0,5,9,10,11]],[[[10,"maintenancPopup"],[17,"maintenancPopup",[-3],[[21,-2,[0,"b38BCvFfpD8IiCSvhlApr0"]]],[2,"c46/YsCPVOJYA4mWEpNYRx",null,null,null,-1,0]],[18,"props_spr_maintenance",1,[-6,-7],[[1,-4,[0,"06AVJRtglJDJaU3KDiRpSs"],[5,736,469]],[11,0,-5,[0,"eaXU0FN21CBZvUibtICd79"],3]],[2,"9dSTK0vI1Pca+jIqSvSuBR",null,null,null,1,0]],[19,"props_fb_btn_off",false,2,[[1,-8,[0,"6fnfAnl1RMXL23KN3EVxLy"],[5,62,62]],[24,-9,[0,"bbw1wN2ttNuJcSpCsOqvoo"],0],[30,3,0.9,-10,[0,"d3Wxl4o81HgZNHPYaSu2hs"],1]],[2,"60c9WBw7hFQLqd7Cd3Ie3x",null,null,null,1,0],[1,304,180,0]],[20,"Label_update",2,[[1,-11,[0,"97sTy09txACbTk6SehQlVw"],[5,435,280]],[34,"DEAR PLAYER, \nTHE GAME IS UNDER MAINTENANCE, PLEASE LOG IN TO THE GAME LATER, THANK YOU FOR YOUR UNDERSTANDING AND SUPPORT.",0,12,12,3,false,-12,[0,"034lYE5R5A9LqCkmyiF29m"],2]],[2,"d6zFv9PkhHwIHXeRW5griZ",null,null,null,1,0],[1,111.647,30,0]]],0,[0,5,1,0,0,1,0,-1,2,0,0,2,0,0,2,0,-1,3,0,-2,4,0,0,3,0,0,3,0,0,3,0,0,4,0,0,4,0,8,1,12],[0,0,0,0],[1,2,11,1],[6,6,12,13]],[[{"name":"welcome_font_0","rect":{"x":0,"y":0,"width":511,"height":118},"offset":{"x":-0.5,"y":69},"originalSize":{"width":512,"height":256},"rotated":false,"capInsets":[0,0,0,0],"vertices":{"rawPosition":[-255.5,-59,0,255.5,-59,0,-255.5,59,0,255.5,59,0],"indexes":[0,1,2,2,1,3],"uv":[0,256,511,256,0,138,511,138],"nuv":[0,0.5390625,0.998046875,0.5390625,0,1,0.998046875,1],"minPos":{"x":-255.5,"y":-59,"z":0},"maxPos":{"x":255.5,"y":59,"z":0}},"packable":true,"pixelsToUnit":100,"pivot":{"x":0.5,"y":0.5},"meshType":0}],[3],0,[0],[7],[14]],[[[35,"logorummy","\r\nlogorummy.png\r\nsize: 2048,256\r\nformat: RGBA8888\r\nfilter: Linear,Linear\r\nrepeat: none\r\n01\r\n  rotate: false\r\n  xy: 1087, 90\r\n  size: 21, 21\r\n  orig: 21, 21\r\n  offset: 0, 0\r\n  index: -1\r\n010\r\n  rotate: true\r\n  xy: 925, 48\r\n  size: 44, 39\r\n  orig: 44, 39\r\n  offset: 0, 0\r\n  index: -1\r\n011\r\n  rotate: true\r\n  xy: 1450, 134\r\n  size: 44, 39\r\n  orig: 44, 39\r\n  offset: 0, 0\r\n  index: -1\r\n012\r\n  rotate: false\r\n  xy: 966, 19\r\n  size: 45, 38\r\n  orig: 45, 38\r\n  offset: 0, 0\r\n  index: -1\r\n013\r\n  rotate: true\r\n  xy: 1029, 12\r\n  size: 46, 39\r\n  orig: 46, 39\r\n  offset: 0, 0\r\n  index: -1\r\n014\r\n  rotate: false\r\n  xy: 1848, 12\r\n  size: 43, 38\r\n  orig: 43, 38\r\n  offset: 0, 0\r\n  index: -1\r\n015\r\n  rotate: true\r\n  xy: 1893, 8\r\n  size: 42, 38\r\n  orig: 42, 38\r\n  offset: 0, 0\r\n  index: -1\r\n016\r\n  rotate: false\r\n  xy: 2, 14\r\n  size: 42, 37\r\n  orig: 42, 37\r\n  offset: 0, 0\r\n  index: -1\r\n02\r\n  rotate: true\r\n  xy: 1087, 113\r\n  size: 31, 28\r\n  orig: 31, 28\r\n  offset: 0, 0\r\n  index: -1\r\n03\r\n  rotate: false\r\n  xy: 46, 16\r\n  size: 39, 35\r\n  orig: 39, 35\r\n  offset: 0, 0\r\n  index: -1\r\n04\r\n  rotate: false\r\n  xy: 1645, 2\r\n  size: 43, 38\r\n  orig: 43, 38\r\n  offset: 0, 0\r\n  index: -1\r\n05\r\n  rotate: true\r\n  xy: 1450, 88\r\n  size: 44, 38\r\n  orig: 44, 38\r\n  offset: 0, 0\r\n  index: -1\r\n06\r\n  rotate: false\r\n  xy: 1553, 12\r\n  size: 44, 38\r\n  orig: 44, 38\r\n  offset: 0, 0\r\n  index: -1\r\n07\r\n  rotate: false\r\n  xy: 1599, 12\r\n  size: 44, 38\r\n  orig: 44, 38\r\n  offset: 0, 0\r\n  index: -1\r\n08\r\n  rotate: false\r\n  xy: 1490, 9\r\n  size: 44, 38\r\n  orig: 44, 38\r\n  offset: 0, 0\r\n  index: -1\r\n09\r\n  rotate: true\r\n  xy: 925, 94\r\n  size: 44, 39\r\n  orig: 44, 39\r\n  offset: 0, 0\r\n  index: -1\r\n1\r\n  rotate: true\r\n  xy: 1884, 133\r\n  size: 120, 73\r\n  orig: 120, 73\r\n  offset: 0, 0\r\n  index: -1\r\n2\r\n  rotate: false\r\n  xy: 1380, 180\r\n  size: 122, 73\r\n  orig: 122, 73\r\n  offset: 0, 0\r\n  index: -1\r\n3\r\n  rotate: true\r\n  xy: 856, 140\r\n  size: 113, 115\r\n  orig: 113, 115\r\n  offset: 0, 0\r\n  index: -1\r\n4\r\n  rotate: true\r\n  xy: 1187, 86\r\n  size: 67, 45\r\n  orig: 67, 45\r\n  offset: 0, 0\r\n  index: -1\r\n5\r\n  rotate: false\r\n  xy: 1117, 155\r\n  size: 121, 98\r\n  orig: 121, 98\r\n  offset: 0, 0\r\n  index: -1\r\n6\r\n  rotate: true\r\n  xy: 1959, 143\r\n  size: 110, 70\r\n  orig: 110, 70\r\n  offset: 0, 0\r\n  index: -1\r\nG\r\n  rotate: true\r\n  xy: 1504, 191\r\n  size: 62, 378\r\n  orig: 62, 378\r\n  offset: 0, 0\r\n  index: -1\r\ndi\r\n  rotate: false\r\n  xy: 2, 53\r\n  size: 359, 200\r\n  orig: 359, 200\r\n  offset: 0, 0\r\n  index: -1\r\nlogo_00001\r\n  rotate: false\r\n  xy: 363, 90\r\n  size: 491, 163\r\n  orig: 491, 163\r\n  offset: 0, 0\r\n  index: -1\r\npai1\r\n  rotate: true\r\n  xy: 973, 146\r\n  size: 107, 142\r\n  orig: 107, 142\r\n  offset: 0, 0\r\n  index: -1\r\npai2\r\n  rotate: true\r\n  xy: 1240, 157\r\n  size: 96, 138\r\n  orig: 96, 138\r\n  offset: 0, 0\r\n  index: -1\r\nxhd_0000_41\r\n  rotate: true\r\n  xy: 595, 33\r\n  size: 55, 72\r\n  orig: 55, 72\r\n  offset: 0, 0\r\n  index: -1\r\nxhd_0001_40\r\n  rotate: true\r\n  xy: 1797, 133\r\n  size: 56, 71\r\n  orig: 56, 71\r\n  offset: 0, 0\r\n  index: -1\r\nxhd_0002_39\r\n  rotate: true\r\n  xy: 1943, 9\r\n  size: 58, 71\r\n  orig: 58, 71\r\n  offset: 0, 0\r\n  index: -1\r\nxhd_0003_38\r\n  rotate: false\r\n  xy: 1578, 52\r\n  size: 61, 70\r\n  orig: 61, 70\r\n  offset: 0, 0\r\n  index: -1\r\nxhd_0004_37\r\n  rotate: false\r\n  xy: 1296, 5\r\n  size: 65, 70\r\n  orig: 65, 70\r\n  offset: 0, 0\r\n  index: -1\r\nxhd_0005_36\r\n  rotate: false\r\n  xy: 1380, 109\r\n  size: 68, 69\r\n  orig: 68, 69\r\n  offset: 0, 0\r\n  index: -1\r\nxhd_0006_35\r\n  rotate: true\r\n  xy: 1959, 69\r\n  size: 72, 68\r\n  orig: 72, 68\r\n  offset: 0, 0\r\n  index: -1\r\nxhd_0007_34\r\n  rotate: false\r\n  xy: 1087, 15\r\n  size: 75, 67\r\n  orig: 75, 67\r\n  offset: 0, 0\r\n  index: -1\r\nxhd_0008_33\r\n  rotate: true\r\n  xy: 1296, 77\r\n  size: 78, 65\r\n  orig: 78, 65\r\n  offset: 0, 0\r\n  index: -1\r\nxhd_0009_32\r\n  rotate: false\r\n  xy: 1650, 126\r\n  size: 80, 63\r\n  orig: 80, 63\r\n  offset: 0, 0\r\n  index: -1\r\nxhd_0010_31\r\n  rotate: true\r\n  xy: 1650, 42\r\n  size: 82, 62\r\n  orig: 82, 62\r\n  offset: 0, 0\r\n  index: -1\r\nxhd_0030_11\r\n  rotate: true\r\n  xy: 1650, 42\r\n  size: 82, 62\r\n  orig: 82, 62\r\n  offset: 0, 0\r\n  index: -1\r\nxhd_0011_30\r\n  rotate: false\r\n  xy: 1797, 72\r\n  size: 83, 59\r\n  orig: 83, 59\r\n  offset: 0, 0\r\n  index: -1\r\nxhd_0029_12\r\n  rotate: false\r\n  xy: 1797, 72\r\n  size: 83, 59\r\n  orig: 83, 59\r\n  offset: 0, 0\r\n  index: -1\r\nxhd_0012_29\r\n  rotate: true\r\n  xy: 1029, 60\r\n  size: 84, 56\r\n  orig: 84, 56\r\n  offset: 0, 0\r\n  index: -1\r\nxhd_0028_13\r\n  rotate: true\r\n  xy: 1029, 60\r\n  size: 84, 56\r\n  orig: 84, 56\r\n  offset: 0, 0\r\n  index: -1\r\nxhd_0013_28\r\n  rotate: true\r\n  xy: 1240, 70\r\n  size: 85, 54\r\n  orig: 85, 54\r\n  offset: 0, 0\r\n  index: -1\r\nxhd_0027_14\r\n  rotate: true\r\n  xy: 1240, 70\r\n  size: 85, 54\r\n  orig: 85, 54\r\n  offset: 0, 0\r\n  index: -1\r\nxhd_0014_27\r\n  rotate: true\r\n  xy: 973, 59\r\n  size: 85, 54\r\n  orig: 85, 54\r\n  offset: 0, 0\r\n  index: -1\r\nxhd_0026_15\r\n  rotate: true\r\n  xy: 973, 59\r\n  size: 85, 54\r\n  orig: 85, 54\r\n  offset: 0, 0\r\n  index: -1\r\nxhd_0015_26\r\n  rotate: false\r\n  xy: 755, 35\r\n  size: 84, 53\r\n  orig: 84, 53\r\n  offset: 0, 0\r\n  index: -1\r\nxhd_0025_16\r\n  rotate: false\r\n  xy: 755, 35\r\n  size: 84, 53\r\n  orig: 84, 53\r\n  offset: 0, 0\r\n  index: -1\r\nxhd_0016_25\r\n  rotate: false\r\n  xy: 669, 34\r\n  size: 84, 54\r\n  orig: 84, 54\r\n  offset: 0, 0\r\n  index: -1\r\nxhd_0024_17\r\n  rotate: false\r\n  xy: 669, 34\r\n  size: 84, 54\r\n  orig: 84, 54\r\n  offset: 0, 0\r\n  index: -1\r\nxhd_0017_24\r\n  rotate: false\r\n  xy: 363, 31\r\n  size: 83, 57\r\n  orig: 83, 57\r\n  offset: 0, 0\r\n  index: -1\r\nxhd_0023_18\r\n  rotate: false\r\n  xy: 363, 31\r\n  size: 83, 57\r\n  orig: 83, 57\r\n  offset: 0, 0\r\n  index: -1\r\nxhd_0018_23\r\n  rotate: true\r\n  xy: 1430, 3\r\n  size: 83, 58\r\n  orig: 83, 58\r\n  offset: 0, 0\r\n  index: -1\r\nxhd_0022_19\r\n  rotate: true\r\n  xy: 1430, 3\r\n  size: 83, 58\r\n  orig: 83, 58\r\n  offset: 0, 0\r\n  index: -1\r\nxhd_0019_22\r\n  rotate: true\r\n  xy: 1714, 26\r\n  size: 81, 59\r\n  orig: 81, 59\r\n  offset: 0, 0\r\n  index: -1\r\nxhd_0021_20\r\n  rotate: true\r\n  xy: 1714, 26\r\n  size: 81, 59\r\n  orig: 81, 59\r\n  offset: 0, 0\r\n  index: -1\r\nxhd_0020_21\r\n  rotate: true\r\n  xy: 1882, 52\r\n  size: 79, 59\r\n  orig: 79, 59\r\n  offset: 0, 0\r\n  index: -1\r\nxhd_0031_10\r\n  rotate: true\r\n  xy: 1732, 109\r\n  size: 80, 63\r\n  orig: 80, 63\r\n  offset: 0, 0\r\n  index: -1\r\nxhd_0032_9\r\n  rotate: true\r\n  xy: 1363, 29\r\n  size: 78, 65\r\n  orig: 78, 65\r\n  offset: 0, 0\r\n  index: -1\r\nxhd_0033_8\r\n  rotate: true\r\n  xy: 856, 63\r\n  size: 75, 67\r\n  orig: 75, 67\r\n  offset: 0, 0\r\n  index: -1\r\nxhd_0034_7\r\n  rotate: false\r\n  xy: 1504, 121\r\n  size: 72, 68\r\n  orig: 72, 68\r\n  offset: 0, 0\r\n  index: -1\r\nxhd_0035_6\r\n  rotate: false\r\n  xy: 1117, 84\r\n  size: 68, 69\r\n  orig: 68, 69\r\n  offset: 0, 0\r\n  index: -1\r\nxhd_0036_5\r\n  rotate: true\r\n  xy: 1578, 124\r\n  size: 65, 70\r\n  orig: 65, 70\r\n  offset: 0, 0\r\n  index: -1\r\nxhd_0037_4\r\n  rotate: false\r\n  xy: 1490, 49\r\n  size: 61, 70\r\n  orig: 61, 70\r\n  offset: 0, 0\r\n  index: -1\r\nxhd_0038_3\r\n  rotate: true\r\n  xy: 1775, 12\r\n  size: 58, 71\r\n  orig: 58, 71\r\n  offset: 0, 0\r\n  index: -1\r\nxhd_0039_2\r\n  rotate: true\r\n  xy: 448, 32\r\n  size: 56, 71\r\n  orig: 56, 71\r\n  offset: 0, 0\r\n  index: -1\r\nxhd_0040_1\r\n  rotate: true\r\n  xy: 521, 33\r\n  size: 55, 72\r\n  orig: 55, 72\r\n  offset: 0, 0\r\n  index: -1\r\nxing\r\n  rotate: true\r\n  xy: 1187, 36\r\n  size: 48, 47\r\n  orig: 48, 47\r\n  offset: 0, 0\r\n  index: -1\r\nxing1\r\n  rotate: true\r\n  xy: 1236, 8\r\n  size: 60, 58\r\n  orig: 60, 58\r\n  offset: 0, 0\r\n  index: -1\r\nxing2\r\n  rotate: false\r\n  xy: 1164, 2\r\n  size: 33, 32\r\n  orig: 33, 32\r\n  offset: 0, 0\r\n  index: -1\r\nxing3\r\n  rotate: false\r\n  xy: 1164, 2\r\n  size: 33, 32\r\n  orig: 33, 32\r\n  offset: 0, 0\r\n  index: -1\r\nxing4\r\n  rotate: false\r\n  xy: 1199, 5\r\n  size: 29, 29\r\n  orig: 29, 29\r\n  offset: 0, 0\r\n  index: -1\r\n",["logorummy.png"],{"skeleton":{"hash":"HL8vkJfR2/Z0FMRvGAKzKV9l6OM","spine":"3.8.99","x":-271.37,"y":-1,"width":501,"height":249,"images":"./images/","audio":"D:/nie/nie/项目/大厅/loading"},"bones":[{"name":"root"},{"name":"zong","parent":"root","x":0.12,"y":27.5},{"name":"di","parent":"zong","x":2,"y":17.37},{"name":"font","parent":"zong","x":6.68,"y":67.47},{"name":"hd","parent":"zong","x":-203.74,"y":144.96},{"name":"anxin","parent":"zong","x":160.32,"y":160.99},{"name":"pai1","parent":"zong","length":47.95,"rotation":108.69,"x":-13.36,"y":76.15},{"name":"bone2","parent":"pai1","length":62.96,"rotation":-1.41,"x":62.94,"y":-1.54},{"name":"pai2","parent":"zong","length":52.84,"rotation":87.1,"x":22.71,"y":81.5},{"name":"bone3","parent":"pai2","length":48.39,"rotation":-3.44,"x":65.52,"y":0.64},{"name":"xing","parent":"zong","x":-248.5,"y":174.35},{"name":"xing3","parent":"zong","x":-249.83,"y":121.58},{"name":"xing2","parent":"zong","x":204.6,"y":175.59},{"name":"xing4","parent":"zong","x":175.64,"y":134.42},{"name":"xing1","parent":"zong","x":187.71,"y":103.54},{"name":"1","parent":"zong","length":47.55,"rotation":155.96,"x":-52.1,"y":117.57},{"name":"bone4","parent":"1","length":42.88,"rotation":28.51,"x":53.71,"y":4.21},{"name":"bone5","parent":"bone4","length":35.56,"rotation":57.52,"x":42.68,"y":6.05},{"name":"2","parent":"zong","length":44.56,"rotation":139.86,"x":-88.84,"y":139.61},{"name":"bone6","parent":"2","length":61.18,"rotation":50.83,"x":57.55,"y":2.21},{"name":"3","parent":"zong","length":42.42,"rotation":110.22,"x":-51.01,"y":120.22},{"name":"bone7","parent":"3","length":36.2,"rotation":16.78,"x":57.77,"y":-0.74},{"name":"bone8","parent":"bone7","length":43.23,"rotation":56.33,"x":40.39,"y":-0.01},{"name":"4","parent":"zong","length":28.78,"rotation":42.05,"x":21.47,"y":177.63},{"name":"bone9","parent":"4","length":30.82,"rotation":-30.28,"x":32.39,"y":-1},{"name":"5","parent":"zong","length":58.17,"rotation":71.96,"x":48.71,"y":114.36},{"name":"bone10","parent":"5","length":43.65,"rotation":-50.56,"x":70.57,"y":-8.3},{"name":"bone11","parent":"bone10","length":44,"rotation":-97.62,"x":42.05,"y":-15.57},{"name":"6","parent":"zong","length":36.43,"rotation":30.4,"x":43.68,"y":100.53},{"name":"bone12","parent":"6","length":47.88,"rotation":-21.84,"x":51.79,"y":2.16},{"name":"anxin2","parent":"zong","x":-182.36,"y":199.8},{"name":"font2","parent":"font","length":160.72,"rotation":89.7,"x":-8.93,"y":-224.25}],"slots":[{"name":"di","bone":"di","attachment":"di"},{"name":"6","bone":"bone12","attachment":"6"},{"name":"5","bone":"bone11","attachment":"5"},{"name":"4","bone":"bone9","attachment":"4"},{"name":"3","bone":"bone8","attachment":"3"},{"name":"2","bone":"bone6","attachment":"2"},{"name":"1","bone":"bone5","attachment":"1"},{"name":"pai2","bone":"bone3","attachment":"pai2"},{"name":"pai1","bone":"bone2","attachment":"pai1"},{"name":"logo_00000","bone":"font","attachment":"logo_00001"},{"name":"xhd_0001_40","bone":"hd","attachment":"xhd_0000_41"},{"name":"xing","bone":"xing","color":"fff286ff","attachment":"xing","blend":"additive"},{"name":"xing4","bone":"xing4","attachment":"xing4"},{"name":"xing1","bone":"xing1","attachment":"xing1","blend":"additive"},{"name":"xing2","bone":"xing2","attachment":"xing2"},{"name":"xing3","bone":"xing3","attachment":"xing3"},{"name":"aixin","bone":"anxin","attachment":"01"},{"name":"aixin2","bone":"anxin2","color":"46ffbaff","attachment":"05"},{"name":"font","bone":"font","attachment":"font"},{"name":"G","bone":"font2","attachment":"G"}],"skins":[{"name":"default","attachments":{"1":{"1":{"type":"mesh","hull":10,"width":120,"height":73,"uvs":[0.98953,0.85348,0.82253,0.85348,0.49966,0.67962,0.04876,0.98159,0,0.89924,0,0.4234,0.20463,0,0.72233,0,0.84479,0.16718,0.99509,0.55151],"triangles":[3,4,5,2,3,5,2,6,7,5,6,2,2,7,8,1,2,8,9,1,8,0,1,9],"vertices":[1,15,-15.42,16.53,1,2,15,2.88,24.69,0.99211,16,-34.89,42.26,0.00789,3,15,43.43,28.89,0.33784,16,2.75,26.59,0.5438,17,-4.12,44.72,0.11836,2,16,58.41,44.35,0.00003,17,40.76,7.3,0.99997,1,17,38.2,-0.69,1,2,16,61.07,3.27,0.27466,17,7.53,-17,0.72534,2,15,95.98,-1.99,0.0005,16,34.18,-25.63,0.9995,2,15,39.25,-27.31,0.99552,16,-27.76,-20.79,0.00448,1,15,20.85,-22.15,1,1,15,-7.05,-3.88,1],"edges":[0,2,2,4,4,6,6,8,8,10,10,12,12,14,14,16,16,18,0,18]}},"2":{"2":{"type":"mesh","hull":12,"width":122,"height":73,"uvs":[0.37593,0,0.15691,0.07929,0,0.38127,0,0.71984,0.14049,0.57343,0.32665,0.55513,0.55114,1,1,1,1,0.8205,0.94537,0.41787,0.78111,0.07014,0.58947,0],"triangles":[10,5,11,11,5,0,3,2,4,5,4,1,4,2,1,5,1,0,6,8,7,10,6,5,6,9,8,6,10,9],"vertices":[1,19,13.64,-21.38,1,1,19,40.97,-20.65,1,1,19,63.87,-2.55,1,1,19,68.46,21.74,1,2,18,77.72,49.8,0.00014,19,49.63,14.42,0.99986,2,18,61.21,34.14,0.14145,19,27.07,17.32,0.85855,2,18,19.34,41.31,0.9192,19,6.18,54.32,0.0808,1,18,-22.52,6.01,1,1,18,-14.08,-4.01,1,1,18,9.96,-22.18,1,2,18,41.65,-28.67,0.92151,19,-33.99,-7.18,0.07849,2,18,62.82,-17.51,0.31331,19,-11.96,-16.55,0.68669],"edges":[0,2,2,4,4,6,6,8,8,10,10,12,12,14,14,16,16,18,18,20,20,22,0,22]}},"3":{"3":{"type":"mesh","hull":15,"width":113,"height":115,"uvs":[0.67098,0.97396,0.47446,0.82458,0.42996,0.7007,0.34468,0.37279,0.14445,0.21248,0,0.20519,0,0.07038,0.26311,0,0.53379,0,0.60053,0.05581,0.73402,0.11775,0.93054,0.41651,1,0.65334,0.97133,0.81729,0.83784,1],"triangles":[4,5,6,7,4,6,3,7,8,4,7,3,3,8,9,10,3,9,11,3,10,3,11,2,2,11,12,12,1,2,13,1,12,0,1,13,14,0,13],"vertices":[1,20,-5.94,17.82,1,2,20,17.86,32.72,0.99113,21,-28.56,43.56,0.00887,2,20,32.96,32.51,0.90226,21,-14.16,39,0.09774,3,20,71.68,28.51,0.07997,21,21.76,24,0.76421,22,9.65,28.82,0.15582,2,21,50.1,30.97,0.02947,22,31.17,9.1,0.97053,1,22,47.42,7.31,1,1,22,46.51,-8.17,1,1,22,16.36,-14.52,1,2,21,43.14,-18.87,0.34706,22,-14.17,-12.74,0.65294,2,21,33.47,-21.03,0.68567,22,-21.33,-5.89,0.31433,3,20,83.99,-22.91,0.00044,21,18.71,-28.79,0.95698,22,-35.97,2.1,0.04258,2,20,44.08,-31.87,0.62517,21,-22.1,-25.84,0.37483,2,20,15.81,-29.82,0.98195,21,-48.57,-15.72,0.01805,1,20,-0.77,-20.26,1,1,20,-15.27,1.16,1],"edges":[0,2,2,4,4,6,6,8,8,10,10,12,12,14,14,16,16,18,18,20,20,22,22,24,24,26,26,28,0,28]}},"4":{"4":{"type":"mesh","hull":9,"width":67,"height":45,"uvs":[0.36773,0.05075,0.13009,0.18111,0,0.52562,0.30519,1,0.42401,1,0.64289,0.55355,1,0.20904,0.95558,0,0.47404,0],"triangles":[0,8,5,5,7,6,5,8,7,4,3,5,5,1,0,2,1,3,5,3,1],"vertices":[2,23,31.38,12.89,0.6955,24,-7.88,11.49,0.3045,1,23,15.62,19.2,1,1,23,-1.23,13.52,1,1,23,-0.35,-16.02,1,2,23,5.57,-21.35,0.99745,24,-12.9,-31.1,0.00255,2,23,29.91,-16.26,0.42927,24,5.55,-14.43,0.57073,1,24,32.14,-4.13,1,1,24,31.14,5.69,1,2,23,38.19,9.82,0.25322,24,-0.44,12.27,0.74678],"edges":[0,2,2,4,4,6,6,8,8,10,10,12,12,14,14,16,0,16]}},"5":{"5":{"type":"mesh","hull":15,"width":121,"height":98,"uvs":[0.40225,0.01863,0.17716,0.13835,0.05597,0.32219,0,0.54024,0,0.98062,0.37801,1,0.42302,0.74119,0.56846,0.48466,0.64118,0.45473,0.81086,0.59582,0.91128,0.78822,0.99439,0.61293,0.99785,0.2153,0.90435,0.06566,0.81086,0],"triangles":[8,13,12,9,8,12,11,9,12,10,9,11,8,0,14,8,14,13,7,0,8,7,1,0,7,2,1,6,2,7,3,2,6,4,3,6,5,4,6],"vertices":[2,25,89.34,4.42,0.1175,26,2.1,22.58,0.8825,2,25,69.75,26.69,0.84125,26,-27.54,21.59,0.15875,2,25,48.07,35.05,0.99835,26,-47.77,10.16,0.00165,1,25,25.66,34.87,1,1,25,-15.38,21.5,1,1,25,-3.02,-22.58,1,3,25,22.79,-19.9,0.98587,26,-21.39,-44.27,0.01235,27,36.86,-59.08,0.00178,3,25,52.14,-28.84,0.41181,26,4.16,-27.28,0.42089,27,16.63,-36,0.1673,3,25,57.66,-36.3,0.12392,26,13.43,-27.76,0.40859,27,15.88,-26.76,0.46749,3,25,50.87,-60.11,0.00103,26,27.5,-48.12,0.01343,27,34.19,-10.11,0.98554,1,27,55.4,-2.79,1,1,27,41.11,11.06,1,2,26,62.17,-21.65,0.02502,27,3.36,20.75,0.97498,2,26,56.98,-3.87,0.5451,27,-13.58,13.25,0.4549,2,26,48.8,6.24,0.99259,27,-22.52,3.79,0.00741],"edges":[0,2,2,4,4,6,6,8,8,10,10,12,12,14,14,16,16,18,18,20,20,22,22,24,24,26,26,28,0,28]}},"6":{"6":{"type":"mesh","hull":11,"width":110,"height":70,"uvs":[0.1992,0.00574,0.08873,0.21524,0.00113,0.41875,0,0.78987,0.11159,0.9874,0.34013,1,0.9953,0.41277,1,0.28707,0.72485,0,0.39346,0.07757,0.30204,0],"triangles":[5,8,6,5,9,8,6,8,7,9,5,1,4,3,5,5,3,2,1,5,2,9,1,10,1,0,10],"vertices":[2,28,38.74,42.85,0.62414,29,-27.25,32.91,0.37586,2,28,20.84,36.35,0.83914,29,-41.45,20.22,0.16086,2,28,5.32,28.94,0.96706,29,-53.1,7.56,0.03294,1,28,-7.93,6.6,1,1,28,-4.34,-11.54,1,2,28,16.9,-25.02,0.99662,29,-22.27,-38.22,0.00338,1,29,55.11,-8.29,1,1,29,56.93,0.33,1,1,29,29.99,24.71,1,2,28,54.63,27.7,0.28721,29,-6.87,24.76,0.71279,2,28,48.7,37.47,0.50962,29,-16,31.63,0.49038],"edges":[0,2,2,4,4,6,6,8,8,10,10,12,12,14,14,16,16,18,18,20,0,20]}},"G":{"G":{"x":164.18,"y":-0.91,"rotation":-89.85,"width":62,"height":378}},"aixin":{"01":{"x":-0.93,"y":1.34,"width":21,"height":21},"02":{"x":-0.92,"y":1.34,"width":31,"height":28},"03":{"x":-0.92,"y":1.34,"width":39,"height":35},"04":{"x":-0.92,"y":1.34,"width":43,"height":38},"05":{"x":-0.92,"y":1.34,"width":44,"height":38},"06":{"x":-0.92,"y":1.34,"width":44,"height":38},"07":{"x":-0.92,"y":1.34,"width":44,"height":38},"08":{"x":-0.92,"y":1.34,"width":44,"height":38},"09":{"x":-0.92,"y":1.34,"width":44,"height":39},"010":{"x":-0.92,"y":1.34,"width":44,"height":39},"011":{"x":-0.92,"y":1.34,"width":44,"height":39},"012":{"x":-0.92,"y":1.34,"width":45,"height":38},"013":{"x":-0.92,"y":1.34,"width":46,"height":39},"014":{"x":-0.92,"y":1.34,"width":43,"height":38},"015":{"x":-0.92,"y":1.34,"width":42,"height":38},"016":{"x":-0.92,"y":1.34,"width":42,"height":37}},"aixin2":{"01":{"x":-0.93,"y":1.34,"width":21,"height":21},"02":{"x":-0.92,"y":1.34,"width":31,"height":28},"03":{"x":-0.92,"y":1.34,"width":39,"height":35},"04":{"x":-0.92,"y":1.34,"width":43,"height":38},"05":{"x":-0.92,"y":1.34,"width":44,"height":38},"06":{"x":-0.92,"y":1.34,"width":44,"height":38},"07":{"x":-0.92,"y":1.34,"width":44,"height":38},"08":{"x":-0.92,"y":1.34,"width":44,"height":38},"09":{"x":-0.92,"y":1.34,"width":44,"height":39},"010":{"x":-0.92,"y":1.34,"width":44,"height":39},"011":{"x":-0.92,"y":1.34,"width":44,"height":39},"012":{"x":-0.92,"y":1.34,"width":45,"height":38},"013":{"x":-0.92,"y":1.34,"width":46,"height":39},"014":{"x":-0.92,"y":1.34,"width":43,"height":38},"015":{"x":-0.92,"y":1.34,"width":42,"height":38},"016":{"x":-0.92,"y":1.34,"width":42,"height":37}},"di":{"di":{"x":-13,"y":54.13,"width":359,"height":200}},"font":{"font":{"type":"clipping","end":"font","vertexCount":76,"color":"ce3a3aff","vertices":[-261.95,29.68,-222.85,-63.69,-191.33,-50.12,-202.5,-22.99,-198.09,-20.97,-164.19,-45.18,-137.34,-20.69,-127.61,-24.53,-117.87,-25.12,-107.25,-22.76,-100.76,-18.04,-96.04,-10.96,-91.62,-18.04,-64.77,-8.3,-36.06,-9.69,-33.7,29.04,-27.52,15.84,-7.93,15.63,-1.54,32.67,-0.47,-7.17,28.28,-7.38,29.14,-1.84,54.27,-8.66,64.49,26.28,67.9,12,85.79,9.24,93.89,20.74,87.5,-15.47,114.97,-20.58,126.05,53.97,130.1,52.47,137.98,-9.08,123.07,-41.67,154.81,-53.81,169.15,-20.26,217.29,16.59,190.02,37.46,166.17,16.16,163.82,47.47,103.89,65.34,82.9,40.79,74.59,71.58,50.14,71.48,27.07,0.59,20.83,75.04,-3.32,77.12,-19.06,46.83,-34.51,75.73,-59.16,70.49,-63.71,-2.08,-66.88,-4.75,-89.26,69.78,-117.38,61.37,-105.56,18.07,-104.76,12.13,-106.35,8.07,-109.42,5.8,-113.28,4.81,-116.94,5.6,-120.21,8.77,-133.28,57.67,-161.39,49.65,-146.05,-10.34,-142.88,-14.5,-145.06,-14.99,-171.49,-0.04,-167.73,9.26,-166.44,21.54,-168.42,31.34,-173.68,42.97,-180.21,49.4,-190.31,54.85,-202.98,56.93,-211.69,55.74,-223.08,51.58,-261.29,33.07]}},"logo_00000":{"logo_00001":{"x":-22.68,"y":-3.97,"width":491,"height":163}},"pai1":{"pai1":{"type":"mesh","hull":9,"width":107,"height":142,"uvs":[0,0.31347,0.32149,1,0.52126,1,1,0.88268,0.98949,0.75566,0.8896,0.41696,0.65861,0,0.32149,0,0,0.14882],"triangles":[6,5,7,5,1,0,7,5,0,0,8,7,3,2,4,4,2,5,2,1,5],"vertices":[2,6,101.26,40.85,0.02741,7,37.26,43.32,0.97259,1,6,-2.11,39.5,1,1,6,-8.96,19.25,1,2,6,-9.59,-34.61,0.99949,7,-71.7,-34.84,0.00051,2,6,7.85,-39.33,0.97868,7,-54.15,-39.12,0.02132,2,6,56.84,-44.61,0.39915,7,-5.05,-43.2,0.60085,1,7,58.83,-37.19,1,1,7,69.55,-2.75,1,2,6,123.41,33.36,0.00031,7,59.59,36.38,0.99969],"edges":[0,2,2,4,4,6,6,8,8,10,10,12,12,14,14,16,0,16]}},"pai2":{"pai2":{"type":"mesh","hull":8,"width":96,"height":138,"uvs":[0.20978,0,0.1402,0.11197,0,0.87678,0.17499,0.95907,0.76645,1,0.87778,0.73641,1,0.16038,0.94041,0],"triangles":[5,1,6,6,0,7,0,6,1,4,3,5,3,2,5,2,1,5],"vertices":[1,9,52.91,44.86,1,2,8,105.25,48.14,0.00981,9,36.81,49.79,0.99019,2,8,-0.84,56.24,0.98114,9,-69.57,51.52,0.01886,2,8,-11.33,38.89,0.997,9,-79.01,33.56,0.003,1,8,-14.1,-18.1,1,2,8,22.77,-26.94,0.99219,9,-41.02,-30.1,0.00781,2,8,102.75,-34.64,0.00192,9,39.29,-32.98,0.99808,1,9,60.65,-24.85,1],"edges":[0,2,2,4,4,6,6,8,8,10,10,12,12,14,0,14]}},"xhd_0001_40":{"xhd_0001_40":{"x":-3.76,"y":7.04,"width":56,"height":71},"xhd_0002_39":{"x":-3.76,"y":6.04,"width":58,"height":71},"xhd_0003_38":{"x":-2.26,"y":4.54,"width":61,"height":70},"xhd_0004_37":{"x":-0.26,"y":2.54,"width":65,"height":70},"xhd_0005_36":{"x":1.24,"y":0.04,"width":68,"height":69},"xhd_0006_35":{"x":4.24,"y":-2.46,"width":72,"height":68},"xhd_0007_34":{"x":6.74,"y":-4.96,"width":75,"height":67},"xhd_0008_33":{"x":8.24,"y":-7.96,"width":78,"height":65},"xhd_0009_32":{"x":11.24,"y":-10.96,"width":80,"height":63},"xhd_0010_31":{"x":13.24,"y":-14.46,"width":82,"height":62},"xhd_0011_30":{"x":16.74,"y":-17.96,"width":83,"height":59},"xhd_0012_29":{"x":19.24,"y":-21.46,"width":84,"height":56},"xhd_0013_28":{"x":21.74,"y":-24.46,"width":85,"height":54},"xhd_0014_27":{"x":24.74,"y":-26.46,"width":85,"height":54},"xhd_0015_26":{"x":27.24,"y":-28.96,"width":84,"height":53},"xhd_0016_25":{"x":29.24,"y":-30.46,"width":84,"height":54},"xhd_0017_24":{"x":31.74,"y":-30.96,"width":83,"height":57},"xhd_0018_23":{"x":33.74,"y":-31.46,"width":83,"height":58},"xhd_0019_22":{"x":35.74,"y":-32.96,"width":81,"height":59},"xhd_0020_21":{"x":36.74,"y":-32.96,"width":79,"height":59},"xhd_0021_20":{"x":35.74,"y":-32.96,"width":81,"height":59},"xhd_0022_19":{"x":33.74,"y":-31.46,"width":83,"height":58},"xhd_0023_18":{"x":31.74,"y":-30.96,"width":83,"height":57},"xhd_0024_17":{"x":29.24,"y":-30.46,"width":84,"height":54},"xhd_0025_16":{"x":27.24,"y":-28.96,"width":84,"height":53},"xhd_0026_15":{"x":24.74,"y":-26.46,"width":85,"height":54},"xhd_0027_14":{"x":21.74,"y":-24.46,"width":85,"height":54},"xhd_0028_13":{"x":19.24,"y":-21.46,"width":84,"height":56},"xhd_0029_12":{"x":16.74,"y":-17.96,"width":83,"height":59},"xhd_0030_11":{"x":13.24,"y":-14.46,"width":82,"height":62},"xhd_0031_10":{"x":11.24,"y":-10.96,"width":80,"height":63},"xhd_0032_9":{"x":8.24,"y":-7.96,"width":78,"height":65},"xhd_0033_8":{"x":6.74,"y":-4.96,"width":75,"height":67},"xhd_0034_7":{"x":4.24,"y":-2.46,"width":72,"height":68},"xhd_0035_6":{"x":1.24,"y":0.04,"width":68,"height":69},"xhd_0036_5":{"x":-0.26,"y":2.54,"width":65,"height":70},"xhd_0037_4":{"x":-2.26,"y":4.54,"width":61,"height":70},"xhd_0038_3":{"x":-3.76,"y":6.04,"width":58,"height":71},"xhd_0039_2":{"x":-3.76,"y":7.04,"width":56,"height":71},"xhd_0040_1":{"x":-3.26,"y":7.54,"width":55,"height":72},"xhd_0000_41":{"x":-3.26,"y":7.54,"width":55,"height":72}},"xing":{"xing":{"x":1,"y":-3.35,"width":48,"height":47}},"xing1":{"xing1":{"x":0.79,"y":0.96,"width":60,"height":58}},"xing2":{"xing2":{"x":-1.06,"y":1.19,"width":33,"height":32}},"xing3":{"xing3":{"x":0.83,"y":0.92,"width":33,"height":32}},"xing4":{"xing4":{"x":0.01,"y":-0.94,"width":29,"height":29}}}}],"animations":{"animation":{"slots":{"aixin":{"color":[{"color":"ffffff00","curve":"stepped"},{"time":1.1333,"color":"ffffff00"},{"time":1.2,"color":"ffffffff","curve":"stepped"},{"time":2.4333,"color":"ffffffff"},{"time":2.5,"color":"ffffff00"}],"attachment":[{"time":1.3333,"name":"02"},{"time":1.4,"name":"03"},{"time":1.4667,"name":"04"},{"time":1.5333,"name":"05"},{"time":1.6,"name":"06"},{"time":1.6667,"name":"07"},{"time":1.7333,"name":"08"},{"time":1.8,"name":"09"},{"time":1.8667,"name":"010"},{"time":1.9333,"name":"011"},{"time":2,"name":"012"},{"time":2.0667,"name":"013"},{"time":2.1333,"name":"014"},{"time":2.2,"name":"015"},{"time":2.2667,"name":"016"},{"time":2.6667,"name":"01"}]},"aixin2":{"color":[{"color":"ffffff00","curve":"stepped"},{"time":0.1667,"color":"ffffff00"},{"time":0.2333,"color":"feffe6ff","curve":"stepped"},{"time":1.3,"color":"feffe6ff"},{"time":1.4667,"color":"ffffffff"},{"time":1.5333,"color":"ffffff00"}],"attachment":[{"name":"01"},{"time":0.3667,"name":"02"},{"time":0.4333,"name":"03"},{"time":0.5,"name":"04"},{"time":0.5667,"name":"05"},{"time":0.6333,"name":"06"},{"time":0.7,"name":"07"},{"time":0.7667,"name":"08"},{"time":0.8333,"name":"09"},{"time":0.9,"name":"010"},{"time":0.9667,"name":"011"},{"time":1.0333,"name":"012"},{"time":1.1,"name":"013"},{"time":1.1667,"name":"014"},{"time":1.2333,"name":"015"},{"time":1.3,"name":"016"},{"time":2.6667,"name":"01"}]},"xhd_0001_40":{"attachment":[{"time":0.0333,"name":"xhd_0040_1"},{"time":0.0667,"name":"xhd_0039_2"},{"time":0.1,"name":"xhd_0038_3"},{"time":0.1333,"name":"xhd_0037_4"},{"time":0.1667,"name":"xhd_0036_5"},{"time":0.2,"name":"xhd_0035_6"},{"time":0.2333,"name":"xhd_0034_7"},{"time":0.2667,"name":"xhd_0033_8"},{"time":0.3,"name":"xhd_0032_9"},{"time":0.3333,"name":"xhd_0031_10"},{"time":0.3667,"name":"xhd_0030_11"},{"time":0.4,"name":"xhd_0029_12"},{"time":0.4333,"name":"xhd_0028_13"},{"time":0.4667,"name":"xhd_0027_14"},{"time":0.5,"name":"xhd_0026_15"},{"time":0.5333,"name":"xhd_0025_16"},{"time":0.5667,"name":"xhd_0024_17"},{"time":0.6,"name":"xhd_0023_18"},{"time":0.6333,"name":"xhd_0022_19"},{"time":0.6667,"name":"xhd_0021_20"},{"time":0.7,"name":"xhd_0020_21"},{"time":0.7333,"name":"xhd_0019_22"},{"time":0.7667,"name":"xhd_0018_23"},{"time":0.8,"name":"xhd_0017_24"},{"time":0.8333,"name":"xhd_0016_25"},{"time":0.8667,"name":"xhd_0015_26"},{"time":0.9,"name":"xhd_0014_27"},{"time":0.9333,"name":"xhd_0013_28"},{"time":0.9667,"name":"xhd_0012_29"},{"time":1,"name":"xhd_0011_30"},{"time":1.0333,"name":"xhd_0010_31"},{"time":1.0667,"name":"xhd_0009_32"},{"time":1.1,"name":"xhd_0008_33"},{"time":1.1333,"name":"xhd_0007_34"},{"time":1.1667,"name":"xhd_0006_35"},{"time":1.2,"name":"xhd_0005_36"},{"time":1.2333,"name":"xhd_0004_37"},{"time":1.2667,"name":"xhd_0003_38"},{"time":1.3,"name":"xhd_0002_39"},{"time":1.3333,"name":"xhd_0001_40"},{"time":1.3667,"name":"xhd_0040_1"},{"time":1.4,"name":"xhd_0039_2"},{"time":1.4333,"name":"xhd_0038_3"},{"time":1.4667,"name":"xhd_0037_4"},{"time":1.5,"name":"xhd_0036_5"},{"time":1.5333,"name":"xhd_0035_6"},{"time":1.5667,"name":"xhd_0034_7"},{"time":1.6,"name":"xhd_0033_8"},{"time":1.6333,"name":"xhd_0032_9"},{"time":1.6667,"name":"xhd_0031_10"},{"time":1.7,"name":"xhd_0030_11"},{"time":1.7333,"name":"xhd_0029_12"},{"time":1.7667,"name":"xhd_0028_13"},{"time":1.8,"name":"xhd_0027_14"},{"time":1.8333,"name":"xhd_0026_15"},{"time":1.8667,"name":"xhd_0025_16"},{"time":1.9,"name":"xhd_0024_17"},{"time":1.9333,"name":"xhd_0023_18"},{"time":1.9667,"name":"xhd_0022_19"},{"time":2,"name":"xhd_0021_20"},{"time":2.0333,"name":"xhd_0020_21"},{"time":2.0667,"name":"xhd_0019_22"},{"time":2.1,"name":"xhd_0018_23"},{"time":2.1333,"name":"xhd_0017_24"},{"time":2.1667,"name":"xhd_0016_25"},{"time":2.2,"name":"xhd_0015_26"},{"time":2.2333,"name":"xhd_0014_27"},{"time":2.2667,"name":"xhd_0013_28"},{"time":2.3,"name":"xhd_0012_29"},{"time":2.3333,"name":"xhd_0011_30"},{"time":2.4,"name":"xhd_0009_32"},{"time":2.4333,"name":"xhd_0008_33"},{"time":2.4667,"name":"xhd_0007_34"},{"time":2.5,"name":"xhd_0006_35"},{"time":2.5333,"name":"xhd_0005_36"},{"time":2.5667,"name":"xhd_0004_37"},{"time":2.6,"name":"xhd_0003_38"},{"time":2.6333,"name":"xhd_0002_39"},{"time":2.6667,"name":"xhd_0010_31"}]},"xing":{"color":[{"color":"ffffff00"},{"time":0.3333,"color":"ffffffff","curve":"stepped"},{"time":0.8333,"color":"ffffffff"},{"time":1,"color":"ffffff2f"},{"time":1.1667,"color":"ffffffff"},{"time":1.5667,"color":"ffffff00"},{"time":1.9667,"color":"ffffffff","curve":"stepped"},{"time":2.0667,"color":"ffffffff"},{"time":2.2333,"color":"ffffff2f"},{"time":2.4,"color":"ffffffff"}]},"xing2":{"color":[{"time":0.6667,"color":"ffffffff"},{"time":1,"color":"ffffff00","curve":"stepped"},{"time":1.5,"color":"ffffff00"},{"time":1.8333,"color":"ffffffff"}]},"xing3":{"color":[{"color":"ffffff00"},{"time":0.3333,"color":"ffffffff","curve":"stepped"},{"time":1,"color":"ffffffff"},{"time":1.3333,"color":"ffffff1a"},{"time":1.6667,"color":"ffffffff","curve":"stepped"},{"time":2.1,"color":"ffffffff"},{"time":2.3333,"color":"ffffff00"},{"time":2.6667,"color":"ffffffff"}]},"xing4":{"color":[{"color":"ffffff00"},{"time":0.3333,"color":"ffffff00"},{"time":1.3333,"color":"ffffffff"},{"time":2.3333,"color":"ffffff00"},{"time":2.6667,"color":"ffffff00"}]}},"bones":{"2":{"rotate":[{},{"time":1.5,"angle":7.55},{"time":2.6667}]},"5":{"rotate":[{},{"time":1.6667,"angle":-6.53},{"time":2.6667}]},"bone5":{"rotate":[{},{"time":1.3333,"angle":18},{"time":2.6667}]},"bone6":{"rotate":[{},{"time":1.5,"angle":14.48},{"time":2.6667}]},"bone8":{"rotate":[{},{"time":1.6667,"angle":14.87},{"time":2.6667}]},"bone9":{"rotate":[{},{"time":1.6667,"angle":-16.17},{"time":2.6667}]},"bone11":{"rotate":[{},{"time":1.6667,"angle":-11.94},{"time":2.6667}]},"bone12":{"rotate":[{},{"time":1.8333,"angle":-20.72},{"time":2.6667}]},"anxin":{"scale":[{"time":1.2},{"time":2.2667,"x":1.5,"y":1.5},{"time":2.6667}]},"hd":{"translate":[{},{"time":1.3333,"x":-4.17,"y":16.13},{"time":2.6667}]},"xing":{"scale":[{},{"time":0.3333,"x":0.5,"y":0.5},{"time":0.7333,"x":1.1,"y":1.1},{"time":1.5667,"x":0.5,"y":0.5},{"time":1.9667,"x":1.1,"y":1.1},{"time":2.6667}]},"xing1":{"scale":[{"x":0.5,"y":0.5,"curve":"stepped"},{"time":0.3333,"x":0.5,"y":0.5},{"time":1.3333,"x":1.2,"y":1.2},{"time":2.3333,"x":0.5,"y":0.5}]},"xing2":{"scale":[{},{"time":0.3333,"x":0.5,"y":0.5},{"time":0.6667,"x":1.2,"y":1.2},{"time":1,"x":0.5,"y":0.5,"curve":"stepped"},{"time":1.5,"x":0.5,"y":0.5},{"time":1.8333,"x":1.2,"y":1.2},{"time":2.1667,"x":0.5,"y":0.5},{"time":2.6667}]},"xing3":{"scale":[{"time":0.5667},{"time":1,"x":1.2,"y":1.2},{"time":2.1}]},"xing4":{"scale":[{},{"time":0.3333,"x":0.9,"y":0.9},{"time":1.3333,"x":1.5,"y":1.5},{"time":2.6667,"x":0.9,"y":0.9}]},"zong":{"translate":[{},{"time":1.3333,"y":8.46},{"time":2.6667}],"scale":[{},{"time":1.3333,"x":1.05,"y":1.05},{"time":2.6667}]},"pai2":{"rotate":[{},{"time":1.3333,"angle":-7.47},{"time":2.6667}]},"pai1":{"rotate":[{},{"time":1.3333,"angle":6.47},{"time":2.6667}]},"bone10":{"rotate":[{},{"time":1.6667,"angle":-12.34},{"time":2.6667}]},"bone7":{"rotate":[{},{"time":1.6667,"angle":14.12},{"time":2.6667}]},"bone4":{"rotate":[{},{"time":1.3333,"angle":19.02},{"time":2.6667}]},"anxin2":{"scale":[{"time":0.2333},{"time":1.3,"x":1.5,"y":1.5},{"time":2.6667}]},"font2":{"rotate":[{"angle":19.76},{"time":1.3333,"angle":0.76},{"time":2.6667,"angle":-23.63}],"translate":[{"x":-133.77,"y":-47.26},{"time":1.3333,"x":-1.7,"y":29.43},{"time":2.6667,"x":91.49,"y":-59.49}]}}}}},[0]]],0,0,[0],[-1],[15]],[[[36,"welcome_font",16,{"commonHeight":16,"fontSize":16,"atlasName":"welcome_font_0.png","fontDefDictionary":{"32":{"xOffset":0,"yOffset":0,"xAdvance":26,"rect":{"x":0,"y":82,"width":26,"height":36}},"33":{"xOffset":0,"yOffset":0,"xAdvance":12,"rect":{"x":497,"y":37,"width":12,"height":36}},"44":{"xOffset":0,"yOffset":23,"xAdvance":13,"rect":{"x":74,"y":75,"width":13,"height":23}},"46":{"xOffset":0,"yOffset":23,"xAdvance":12,"rect":{"x":88,"y":75,"width":12,"height":15}},"48":{"xOffset":0,"yOffset":0,"xAdvance":26,"rect":{"x":156,"y":0,"width":26,"height":37}},"49":{"xOffset":0,"yOffset":0,"xAdvance":20,"rect":{"x":53,"y":82,"width":20,"height":36}},"50":{"xOffset":0,"yOffset":0,"xAdvance":26,"rect":{"x":183,"y":0,"width":26,"height":37}},"51":{"xOffset":0,"yOffset":0,"xAdvance":27,"rect":{"x":128,"y":0,"width":27,"height":37}},"52":{"xOffset":0,"yOffset":0,"xAdvance":26,"rect":{"x":389,"y":37,"width":26,"height":36}},"53":{"xOffset":0,"yOffset":0,"xAdvance":26,"rect":{"x":362,"y":37,"width":26,"height":36}},"54":{"xOffset":0,"yOffset":0,"xAdvance":26,"rect":{"x":210,"y":0,"width":26,"height":37}},"55":{"xOffset":0,"yOffset":0,"xAdvance":26,"rect":{"x":470,"y":37,"width":26,"height":36}},"56":{"xOffset":0,"yOffset":0,"xAdvance":26,"rect":{"x":237,"y":0,"width":26,"height":37}},"57":{"xOffset":0,"yOffset":0,"xAdvance":26,"rect":{"x":264,"y":0,"width":26,"height":37}},"65":{"xOffset":0,"yOffset":0,"xAdvance":32,"rect":{"x":367,"y":0,"width":32,"height":36}},"66":{"xOffset":0,"yOffset":0,"xAdvance":29,"rect":{"x":187,"y":38,"width":29,"height":36}},"67":{"xOffset":0,"yOffset":0,"xAdvance":31,"rect":{"x":0,"y":45,"width":31,"height":36}},"68":{"xOffset":0,"yOffset":0,"xAdvance":29,"rect":{"x":217,"y":38,"width":29,"height":36}},"69":{"xOffset":0,"yOffset":0,"xAdvance":27,"rect":{"x":334,"y":37,"width":27,"height":36}},"70":{"xOffset":0,"yOffset":0,"xAdvance":26,"rect":{"x":416,"y":37,"width":26,"height":36}},"71":{"xOffset":0,"yOffset":0,"xAdvance":31,"rect":{"x":66,"y":0,"width":31,"height":37}},"72":{"xOffset":0,"yOffset":0,"xAdvance":30,"rect":{"x":125,"y":38,"width":30,"height":36}},"73":{"xOffset":0,"yOffset":0,"xAdvance":12,"rect":{"x":499,"y":0,"width":12,"height":36}},"74":{"xOffset":0,"yOffset":0,"xAdvance":26,"rect":{"x":443,"y":37,"width":26,"height":36}},"75":{"xOffset":0,"yOffset":0,"xAdvance":32,"rect":{"x":400,"y":0,"width":32,"height":36}},"76":{"xOffset":0,"yOffset":0,"xAdvance":25,"rect":{"x":27,"y":82,"width":25,"height":36}},"77":{"xOffset":0,"yOffset":0,"xAdvance":34,"rect":{"x":332,"y":0,"width":34,"height":36}},"78":{"xOffset":0,"yOffset":0,"xAdvance":30,"rect":{"x":94,"y":38,"width":30,"height":36}},"79":{"xOffset":0,"yOffset":0,"xAdvance":32,"rect":{"x":33,"y":0,"width":32,"height":37}},"80":{"xOffset":0,"yOffset":0,"xAdvance":28,"rect":{"x":247,"y":38,"width":28,"height":36}},"81":{"xOffset":0,"yOffset":0,"xAdvance":32,"rect":{"x":0,"y":0,"width":32,"height":44}},"82":{"xOffset":0,"yOffset":0,"xAdvance":30,"rect":{"x":63,"y":38,"width":30,"height":36}},"83":{"xOffset":0,"yOffset":0,"xAdvance":29,"rect":{"x":98,"y":0,"width":29,"height":37}},"84":{"xOffset":0,"yOffset":0,"xAdvance":28,"rect":{"x":276,"y":38,"width":28,"height":36}},"85":{"xOffset":0,"yOffset":0,"xAdvance":30,"rect":{"x":32,"y":45,"width":30,"height":36}},"86":{"xOffset":0,"yOffset":0,"xAdvance":30,"rect":{"x":156,"y":38,"width":30,"height":36}},"87":{"xOffset":0,"yOffset":0,"xAdvance":40,"rect":{"x":291,"y":0,"width":40,"height":36}},"88":{"xOffset":0,"yOffset":0,"xAdvance":32,"rect":{"x":433,"y":0,"width":32,"height":36}},"89":{"xOffset":0,"yOffset":0,"xAdvance":32,"rect":{"x":466,"y":0,"width":32,"height":36}},"90":{"xOffset":0,"yOffset":0,"xAdvance":28,"rect":{"x":305,"y":37,"width":28,"height":36}}},"kerningDict":{}}]],0,0,[0],[12],[16]]]]
