[1,["5b1jQK+AJEAZt3BDy6XLoi","7eiNEdwphNIIgaunFfP4FH@6c48a"],["node","root","data","_skeletonData"],[["cc.Node",["_name","_components","_prefab","_children","_parent"],2,9,4,2,1],["cc.UITransform",["node","__prefab","_contentSize"],3,1,4,5],["cc.Prefab",["_name"],2],["cc.CompPrefabInfo",["fileId"],2],["cc.PrefabInfo",["fileId","instance","targetOverrides","nestedPrefabInstanceRoots","root","asset"],-1,1,1],["sp.Skeleton",["defaultSkin","defaultAnimation","_premultipliedAlpha","_preCacheMode","loop","node","__prefab","_skeletonData"],-2,1,4,6],["sp.SkeletonData",["_name","_atlasText","textureNames","_skeletonJson","textures"],-1,3]],[[3,0,2],[4,0,1,2,3,4,5,5],[2,0,2],[0,0,3,1,2,2],[0,0,4,1,2,2],[1,0,1,1],[1,0,1,2,1],[5,0,1,2,3,4,5,6,7,6],[6,0,1,2,3,4,5]],[[[[2,"vipUp"],[3,"vipUp",[-3],[[5,-2,[0,"a6rAhZh6NNf4Zv5XJ8RvEv"]]],[1,"c46/YsCPVOJYA4mWEpNYRx",null,null,null,-1,0]],[4,"props_vipshengji",1,[[6,-4,[0,"66WythVMBApL0gMcnj6Ls3"],[5,1013,417.57]],[7,"default","animation",false,0,false,-5,[0,"eeNqjv1c9AnoqGvwyE0bOJ"],0]],[1,"7aypI1W79Hz45TvY2nMm7C",null,null,null,1,0]]],0,[0,1,1,0,0,1,0,-1,2,0,0,2,0,0,2,0,2,1,5],[0],[3],[0]],[[[8,"vipshengji","\r\nvipshengji.png\r\nsize: 2048,512\r\nformat: RGBA8888\r\nfilter: Linear,Linear\r\nrepeat: none\r\nbox\r\n  rotate: false\r\n  xy: 661, 212\r\n  size: 261, 292\r\n  orig: 261, 292\r\n  offset: 0, 0\r\n  index: -1\r\nbu\r\n  rotate: false\r\n  xy: 344, 2\r\n  size: 1013, 180\r\n  orig: 1013, 180\r\n  offset: 0, 0\r\n  index: -1\r\ncb_you\r\n  rotate: false\r\n  xy: 1151, 240\r\n  size: 224, 264\r\n  orig: 224, 264\r\n  offset: 0, 0\r\n  index: -1\r\ncb_zuo\r\n  rotate: false\r\n  xy: 924, 240\r\n  size: 225, 264\r\n  orig: 225, 264\r\n  offset: 0, 0\r\n  index: -1\r\ng1\r\n  rotate: true\r\n  xy: 2, 163\r\n  size: 341, 340\r\n  orig: 341, 340\r\n  offset: 0, 0\r\n  index: -1\r\ng2\r\n  rotate: true\r\n  xy: 344, 184\r\n  size: 320, 315\r\n  orig: 320, 315\r\n  offset: 0, 0\r\n  index: -1\r\n",["vipshengji.png"],{"skeleton":{"hash":"eKzMdWzsNnlvlpnt7KAiFL1kz1k","spine":"3.8.99","x":-506,"y":-105.64,"width":1013,"height":417.57,"images":"E:/新版UI/平台/大厅new/动画/源文件/升级vip","audio":""},"bones":[{"name":"root","y":19.08},{"name":"骨骼4","parent":"root"},{"name":"bone","parent":"骨骼4","length":210.34,"rotation":162.06,"x":-122.11,"y":71.78},{"name":"bone2","parent":"骨骼4","length":172.01,"rotation":15.34,"x":125.84,"y":51.85},{"name":"骨骼","parent":"root","y":76.34},{"name":"骨骼2","parent":"root","y":74.87},{"name":"骨骼3","parent":"root"}],"slots":[{"name":"g1","bone":"骨骼","attachment":"g1","blend":"screen"},{"name":"g2","bone":"骨骼2","attachment":"g2","blend":"screen"},{"name":"cb_you","bone":"bone2","attachment":"cb_you"},{"name":"cb_zuo","bone":"bone","attachment":"cb_zuo"},{"name":"box","bone":"骨骼4","attachment":"box"},{"name":"bu","bone":"骨骼3","attachment":"bu"}],"skins":[{"name":"default","attachments":{"box":{"box":{"x":0.5,"y":72,"width":261,"height":292}},"bu":{"bu":{"x":0.5,"y":-22.02,"width":1013,"height":180}},"cb_you":{"cb_you":{"x":124.05,"y":50.68,"rotation":-32.61,"width":224,"height":264}},"cb_zuo":{"cb_zuo":{"x":120.95,"y":-19.87,"rotation":-141.93,"width":225,"height":264}},"g1":{"g1":{"x":0.5,"y":2.94,"scaleX":1.2,"scaleY":1.2,"width":341,"height":340}},"g2":{"g2":{"y":0.5,"width":320,"height":315}}}}],"animations":{"animation":{"slots":{"g1":{"color":[{"color":"ffffff00"},{"time":0.5,"color":"ffffffff"}]},"g2":{"color":[{"color":"ffffff00"},{"time":0.5,"color":"ffffffff"}]}},"bones":{"骨骼3":{"scale":[{"x":0.01,"y":0.01,"curve":0.25,"c3":0.75},{"time":0.5}]},"骨骼":{"rotate":[{},{"time":0.5,"angle":90},{"time":1,"angle":180},{"time":1.5,"angle":-90},{"time":2},{"time":2.5,"angle":90},{"time":3,"angle":180},{"time":3.5,"angle":-90},{"time":4}]},"骨骼2":{"rotate":[{},{"time":0.5,"angle":90},{"time":1,"angle":180},{"time":1.5,"angle":-90},{"time":2},{"time":2.5,"angle":90},{"time":3,"angle":180},{"time":3.5,"angle":-90},{"time":4}]},"bone":{"rotate":[{"angle":58.35},{"time":0.5,"angle":-20.72},{"time":1,"angle":3.6},{"time":1.5,"angle":-19.13},{"time":2,"angle":3.6},{"time":2.5,"angle":-19.13},{"time":3,"angle":3.6},{"time":3.5,"angle":-19.13}],"scale":[{"x":0.2,"y":0.2},{"time":0.5}]},"bone2":{"rotate":[{"angle":-47.83},{"time":0.5,"angle":14.37},{"time":1,"angle":-7},{"time":1.5,"angle":11.92},{"time":2,"angle":-7},{"time":2.5,"angle":11.92},{"time":3,"angle":-7},{"time":3.5,"angle":11.92}],"scale":[{"x":0.2,"y":0.2},{"time":0.5}]},"骨骼4":{"translate":[{"y":1042.47},{"time":0.5}]}}}}},[0]]],0,0,[0],[-1],[1]]]]
