[1,["4bZGnMdBxFUY+kgetqXmvA@6c48a"],["_textureSource"],["cc.SpriteFrame"],0,[{"name":"yuanbao","rect":{"x":3,"y":3,"width":117,"height":87},"offset":{"x":-2.5,"y":17.5},"originalSize":{"width":128,"height":128},"rotated":false,"capInsets":[0,0,0,0],"vertices":{"rawPosition":[-58.5,-43.5,0,58.5,-43.5,0,-58.5,43.5,0,58.5,43.5,0],"indexes":[0,1,2,2,1,3],"uv":[3,125,120,125,3,38,120,38],"nuv":[0.0234375,0.296875,0.9375,0.296875,0.0234375,0.9765625,0.9375,0.9765625],"minPos":{"x":-58.5,"y":-43.5,"z":0},"maxPos":{"x":58.5,"y":43.5,"z":0}},"packable":true,"pixelsToUnit":100,"pivot":{"x":0.5,"y":0.5},"meshType":0}],[0],0,[0],[0],[0]]
