[1,["7d28a654-b618-40db-95f0-1d0a063e91ce@6c48a"],0,[["sp.SkeletonData",["_name","_atlasText","textureNames","_skeletonJson","textures"],-1,3]],[[0,0,1,2,3,4,5]],[[0,"pao-4","\r\npao-4.png\r\nsize: 2817,187\r\nformat: RGBA8888\r\nfilter: Linear,Linear\r\nrepeat: none\r\ncannon_pifu4_0\r\n  rotate: true\r\n  xy: 1182, 3\r\n  size: 182, 180\r\n  orig: 211, 247\r\n  offset: 9, 33\r\n  index: -1\r\ncannon_pifu4_0001\r\n  rotate: true\r\n  xy: 1364, 3\r\n  size: 182, 180\r\n  orig: 211, 247\r\n  offset: 1, 29\r\n  index: -1\r\ncannon_pifu4_0002\r\n  rotate: true\r\n  xy: 2, 28\r\n  size: 157, 226\r\n  orig: 211, 247\r\n  offset: 0, 6\r\n  index: -1\r\ncannon_pifu4_0003\r\n  rotate: false\r\n  xy: 230, 17\r\n  size: 210, 168\r\n  orig: 211, 247\r\n  offset: 1, 36\r\n  index: -1\r\ncannon_pifu4_0004\r\n  rotate: true\r\n  xy: 990, 12\r\n  size: 173, 190\r\n  orig: 211, 247\r\n  offset: 0, 25\r\n  index: -1\r\ncannon_pifu4_0005\r\n  rotate: true\r\n  xy: 2090, 3\r\n  size: 182, 179\r\n  orig: 211, 247\r\n  offset: 1, 30\r\n  index: -1\r\ncannon_pifu4_1\r\n  rotate: true\r\n  xy: 625, 3\r\n  size: 182, 181\r\n  orig: 211, 247\r\n  offset: 9, 33\r\n  index: -1\r\ncannon_pifu4_2\r\n  rotate: true\r\n  xy: 442, 2\r\n  size: 183, 181\r\n  orig: 211, 247\r\n  offset: 8, 33\r\n  index: -1\r\ncannon_pifu4_3\r\n  rotate: true\r\n  xy: 808, 2\r\n  size: 183, 180\r\n  orig: 211, 247\r\n  offset: 8, 34\r\n  index: -1\r\ncannon_pifu4_4\r\n  rotate: true\r\n  xy: 1728, 3\r\n  size: 182, 179\r\n  orig: 211, 247\r\n  offset: 9, 34\r\n  index: -1\r\ncannon_pifu4_5\r\n  rotate: true\r\n  xy: 1909, 3\r\n  size: 182, 179\r\n  orig: 211, 247\r\n  offset: 9, 34\r\n  index: -1\r\ncannon_pifu4_6\r\n  rotate: true\r\n  xy: 2271, 3\r\n  size: 182, 179\r\n  orig: 211, 247\r\n  offset: 9, 34\r\n  index: -1\r\ncannon_pifu4_7\r\n  rotate: true\r\n  xy: 2452, 3\r\n  size: 182, 179\r\n  orig: 211, 247\r\n  offset: 9, 34\r\n  index: -1\r\ncannon_pifu4_8\r\n  rotate: false\r\n  xy: 2633, 6\r\n  size: 182, 179\r\n  orig: 211, 247\r\n  offset: 9, 34\r\n  index: -1\r\ncannon_pifu4_9\r\n  rotate: true\r\n  xy: 1546, 3\r\n  size: 182, 180\r\n  orig: 211, 247\r\n  offset: 9, 33\r\n  index: -1\r\n",["pao-4.png"],{"skeleton":{"hash":"2FtlTb2qbI+xJeX0hnqD4QSq4LM","spine":"2.1.27","width":218.64,"height":251.17,"images":"./../01/新炮/新炮/pao/pao4/"},"bones":[{"name":"root"},{"name":"dong","parent":"root"},{"name":"jing","parent":"root"}],"slots":[{"name":"pao4","bone":"jing","attachment":"cannon_pifu4_0"},{"name":"01","bone":"dong","attachment":"cannon_pifu4_0001"}],"skins":{"default":{"01":{"cannon_pifu4_0001":{"x":7.64,"y":4.17,"width":211,"height":247},"cannon_pifu4_0002":{"width":211,"height":247},"cannon_pifu4_0003":{"width":211,"height":247},"cannon_pifu4_0004":{"width":211,"height":247},"cannon_pifu4_0005":{"width":211,"height":247}},"pao4":{"cannon_pifu4_0":{"width":211,"height":247},"cannon_pifu4_1":{"width":211,"height":247},"cannon_pifu4_2":{"width":211,"height":247},"cannon_pifu4_3":{"width":211,"height":247},"cannon_pifu4_4":{"width":211,"height":247},"cannon_pifu4_5":{"width":211,"height":247},"cannon_pifu4_6":{"width":211,"height":247},"cannon_pifu4_7":{"width":211,"height":247},"cannon_pifu4_8":{"width":211,"height":247},"cannon_pifu4_9":{"width":211,"height":247}}}},"animations":{"dong":{"slots":{"01":{"attachment":[{"time":0,"name":"cannon_pifu4_0001"},{"time":0.1333,"name":"cannon_pifu4_0002"},{"time":0.2666,"name":"cannon_pifu4_0003"},{"time":0.4,"name":"cannon_pifu4_0004"},{"time":0.5333,"name":"cannon_pifu4_0005"}]},"pao4":{"attachment":[{"time":0,"name":null}]}},"bones":{"dong":{"translate":[{"time":0.1333,"x":11.11,"y":4.16},{"time":0.2666,"x":-2.08,"y":4.16},{"time":0.4,"x":7.64,"y":4.16}]}}},"jing":{"slots":{"01":{"attachment":[{"time":0,"name":null},{"time":0.1333,"name":null},{"time":0.2666,"name":null},{"time":0.4,"name":null},{"time":0.5333,"name":null}]},"pao4":{"attachment":[{"time":0,"name":"cannon_pifu4_0"},{"time":0.1333,"name":"cannon_pifu4_1"},{"time":0.2666,"name":"cannon_pifu4_2"},{"time":0.4,"name":"cannon_pifu4_3"},{"time":0.5333,"name":"cannon_pifu4_4"},{"time":0.6666,"name":"cannon_pifu4_5"},{"time":0.8,"name":"cannon_pifu4_6"},{"time":0.9333,"name":"cannon_pifu4_7"},{"time":1.0666,"name":"cannon_pifu4_8"},{"time":1.2,"name":"cannon_pifu4_9"}]}},"bones":{"dong":{"translate":[{"time":0,"x":0.69,"y":0},{"time":0.1333,"x":13.89,"y":4.17},{"time":0.2666,"x":2.77,"y":2.78},{"time":0.4,"x":11.81,"y":4.17},{"time":0.5333,"x":8.33,"y":4.17}]}}}}},[0]]],0,0,[0],[-1],[0]]
