[1,["20g1ukYUVPvKWKBRznAKo+@f9941","54TknWPwVPqJqeCR+Y/Czo@f9941","95EkngnxZFbYuFpsqVTaFr@f9941","7cq9DgYoVGgZoxR4PhAkoZ@f9941","22h0FMzANP+a1l7J92NnqJ@f9941","b4OSkiha1DebV0IHKccuug@f9941","bc4J3i+I5NRZPDwz4AsDKK@f9941","22h0FMzANP+a1l7J92NnqJ@6c48a","5fnJHgR35Fs5RJFHpFi4A+@6c48a","b4OSkiha1DebV0IHKccuug@6c48a","bc4J3i+I5NRZPDwz4AsDKK@6c48a","5fnJHgR35Fs5RJFHpFi4A+@f9941"],["node","_spriteFrame","_textureSource","_target","_normalSprite","_hoverSprite","_pressedSprite","_disabledSprite","root","data"],[["cc.Node",["_name","_objFlags","_layer","_components","_prefab","_parent","_lpos","_children"],0,9,4,1,5,2],"cc.SpriteFrame",["cc.Sprite",["_sizeMode","_type","node","__prefab","_spriteFrame"],1,1,4,6],["cc.Prefab",["_name"],2],["cc.UITransform",["node","__prefab","_contentSize"],3,1,4,5],["cc.CompPrefabInfo",["fileId"],2],["cc.Widget",["_alignFlags","_top","_bottom","_originalWidth","_originalHeight","node","__prefab"],-2,1,4],["cc.BlockInputEvents",["node","__prefab"],3,1,4],["cc.PrefabInfo",["fileId","instance","targetOverrides","nestedPrefabInstanceRoots","root","asset"],-1,1,1],["cc.Button",["_transition","_zoomScale","node","__prefab","_normalColor","_target","_normalSprite","_hoverSprite","_pressedSprite","_disabledSprite"],1,1,4,5,1,6,6,6,6],["cc.Label",["_string","_actualFontSize","_fontSize","_overflow","_enableWrapText","_isItalic","_isBold","node","__prefab"],-4,1,4]],[[5,0,2],[4,0,1,2,1],[8,0,1,2,3,4,5,5],[10,0,1,2,3,4,5,6,7,8,8],[0,0,1,5,3,4,6,3],[2,1,0,2,3,4,3],[9,0,1,2,3,4,5,6,7,8,9,3],[0,0,5,7,3,4,6,2],[3,0,2],[0,0,7,3,4,2],[0,0,5,7,3,4,2],[0,0,5,3,4,6,2],[0,0,1,2,5,3,4,6,4],[6,0,1,2,3,4,5,6,6],[7,0,1,1],[2,0,2,3,4,2]],[[[{"name":"room_1","rect":{"x":0,"y":0,"width":229,"height":388},"offset":{"x":0,"y":0},"originalSize":{"width":229,"height":388},"rotated":false,"capInsets":[0,0,0,0],"vertices":{"rawPosition":[-114.5,-194,0,114.5,-194,0,-114.5,194,0,114.5,194,0],"indexes":[0,1,2,2,1,3],"uv":[0,388,229,388,0,0,229,0],"nuv":[0,0,1,0,0,1,1,1],"minPos":{"x":-114.5,"y":-194,"z":0},"maxPos":{"x":114.5,"y":194,"z":0}},"packable":true,"pixelsToUnit":100,"pivot":{"x":0.5,"y":0.5},"meshType":0}],[1],0,[0],[2],[7]],[[{"name":"bg_common_loading","rect":{"x":0,"y":0,"width":1136,"height":640},"offset":{"x":0,"y":0},"originalSize":{"width":1136,"height":640},"rotated":false,"capInsets":[0,0,0,0],"vertices":{"rawPosition":[-568,-320,0,568,-320,0,-568,320,0,568,320,0],"indexes":[0,1,2,2,1,3],"uv":[0,640,1136,640,0,0,1136,0],"nuv":[0,0,1,0,0,1,1,1],"minPos":{"x":-568,"y":-320,"z":0},"maxPos":{"x":568,"y":320,"z":0}},"packable":true,"pixelsToUnit":100,"pivot":{"x":0.5,"y":0.5},"meshType":0}],[1],0,[0],[2],[8]],[[{"name":"room_2","rect":{"x":0,"y":0,"width":229,"height":388},"offset":{"x":0,"y":0},"originalSize":{"width":229,"height":388},"rotated":false,"capInsets":[0,0,0,0],"vertices":{"rawPosition":[-114.5,-194,0,114.5,-194,0,-114.5,194,0,114.5,194,0],"indexes":[0,1,2,2,1,3],"uv":[0,388,229,388,0,0,229,0],"nuv":[0,0,1,0,0,1,1,1],"minPos":{"x":-114.5,"y":-194,"z":0},"maxPos":{"x":114.5,"y":194,"z":0}},"packable":true,"pixelsToUnit":100,"pivot":{"x":0.5,"y":0.5},"meshType":0}],[1],0,[0],[2],[9]],[[{"name":"room_3","rect":{"x":0,"y":0,"width":229,"height":388},"offset":{"x":0,"y":0},"originalSize":{"width":229,"height":388},"rotated":false,"capInsets":[0,0,0,0],"vertices":{"rawPosition":[-114.5,-194,0,114.5,-194,0,-114.5,194,0,114.5,194,0],"indexes":[0,1,2,2,1,3],"uv":[0,388,229,388,0,0,229,0],"nuv":[0,0,1,0,0,1,1,1],"minPos":{"x":-114.5,"y":-194,"z":0},"maxPos":{"x":114.5,"y":194,"z":0}},"packable":true,"pixelsToUnit":100,"pivot":{"x":0.5,"y":0.5},"meshType":0}],[1],0,[0],[2],[10]],[[[8,"prefabs_fish_room_choose"],[9,"prefabs_fish_room_choose",[-6,-7,-8,-9],[[1,-2,[0,"95G9Q2rrxOf531huoVR2hh"],[5,1334,750]],[13,40,-25,-25,1600,800,-3,[0,"09P+eN75xLGqBLnusjt6/S"]],[14,-4,[0,"ceN0C2OUdP5K02h4x+rLg4"]],[15,0,-5,[0,"51ASM+4KZO05yuRQ5vsd8k"],20]],[2,"c46/YsCPVOJYA4mWEpNYRx",null,null,null,-1,0]],[7,"props_room_1",1,[-14,-15],[[1,-10,[0,"e8uNqSRvlOu5+kdm1ehT0x"],[5,229,388]],[5,1,0,-11,[0,"35dmV0/oRPwp/hCf1grMym"],5],[6,3,0.9,-13,[0,"9boTu8W39AlrHPrBUri6kY"],[4,4292269782],-12,6,7,8,9]],[2,"f0P0bl/PZIjbJ5XpGVZ35g",null,null,null,1,0],[1,-320,0,0]],[10,"props_room_2",1,[-20,-21],[[1,-16,[0,"bdk4/y4GBNJ5uQ5E3gXdAK"],[5,229,388]],[5,1,0,-17,[0,"64VgQx61xHJJ8f3so/z5YC"],10],[6,3,0.9,-19,[0,"fdRl92S6ZNwLJlvyjkWhun"],[4,4292269782],-18,11,12,13,14]],[2,"85k19gL61ABqMNrBpFTU7F",null,null,null,1,0]],[7,"props_room_3",1,[-26,-27],[[1,-22,[0,"f73OOgZPhA65UwOAlm6Pl5"],[5,229,388]],[5,1,0,-23,[0,"c2dyBoqKtKw5fCqreGPrZs"],15],[6,3,0.9,-25,[0,"58+LQxPutCxI6DuFVoH1bu"],[4,4292269782],-24,16,17,18,19]],[2,"06zOlbKFNLFZo59SjVn4UM",null,null,null,1,0],[1,320,0,0]],[11,"props_exit_game",1,[[1,-28,[0,"fejWn/7bFDdLOdkkf8muFI"],[5,64,64]],[5,1,0,-29,[0,"6bRCmWJ19Kf5vDQVoJUF3U"],0],[6,3,0.9,-31,[0,"1bHXZ+Zs9GzoWWbA6QwbCu"],[4,4292269782],-30,1,2,3,4]],[2,"4dTsmUfTZPQoz3OF/HDaZX",null,null,null,1,0],[1,-580,320,0]],[12,"Label_goin",512,33554432,2,[[1,-32,[0,"06fWLLDxZLj5C0attnjTYr"],[5,100,40]],[3,"10",18,18,1,false,true,true,-33,[0,"5cXbT074NDk73s9yccfJxN"]]],[2,"e4UivuiAlMbL1+IxWJ5k3E",null,null,null,1,0],[1,11,-111,0]],[4,"Label_pao",512,2,[[1,-34,[0,"03tXqR2YNOpoVae6Atkrti"],[5,100,40]],[3,"1",18,18,1,false,true,true,-35,[0,"97ZwkLo9RBqYXWiPRQZ1AG"]]],[2,"c6yDoZ+ztKnK+UFzWHpiq7",null,null,null,1,0],[1,11,-137,0]],[4,"Label_goin",512,3,[[1,-36,[0,"daubYssW5F8IMI2A62nFLm"],[5,100,40]],[3,"10",18,18,1,false,true,true,-37,[0,"edUtsrGjpI45uQH0sDgQuQ"]]],[2,"ceD4E9G3xJFpXCIAVpIfD4",null,null,null,1,0],[1,11,-111,0]],[4,"Label_pao",512,3,[[1,-38,[0,"70Ho/v77lGi5AR2aOReg26"],[5,100,40]],[3,"1",18,18,1,false,true,true,-39,[0,"b75yIQYsVLWbQLUff1Xibv"]]],[2,"e8MyxTZSZA757m8p+GIp5B",null,null,null,1,0],[1,11,-137,0]],[4,"Label_goin",512,4,[[1,-40,[0,"67txeiNM5F4r/5tE6NjJyD"],[5,100,40]],[3,"10",18,18,1,false,true,true,-41,[0,"309nNJyLNEtKzm3Nx/dCyz"]]],[2,"2ehukSS5NPq4srgqC37ivY",null,null,null,1,0],[1,11,-111,0]],[4,"Label_pao",512,4,[[1,-42,[0,"299HyvLtpJzJ7uOWP5qSx6"],[5,100,40]],[3,"1",18,18,1,false,true,true,-43,[0,"f9DZ/bMw1GiYrPo/7FT/9q"]]],[2,"69Rh7LbDZNYZ3K/3ThwPZ+",null,null,null,1,0],[1,11,-137,0]]],0,[0,8,1,0,0,1,0,0,1,0,0,1,0,0,1,0,-1,5,0,-2,2,0,-3,3,0,-4,4,0,0,2,0,0,2,0,3,2,0,0,2,0,-1,6,0,-2,7,0,0,3,0,0,3,0,3,3,0,0,3,0,-1,8,0,-2,9,0,0,4,0,0,4,0,3,4,0,0,4,0,-1,10,0,-2,11,0,0,5,0,0,5,0,3,5,0,0,5,0,0,6,0,0,6,0,0,7,0,0,7,0,0,8,0,0,8,0,0,9,0,0,9,0,0,10,0,0,10,0,0,11,0,0,11,0,9,1,43],[0,0,0,0,0,0,0,0,0,0,0,0,0,0,0,0,0,0,0,0,0],[1,4,5,6,7,1,4,5,6,7,1,4,5,6,7,1,4,5,6,7,1],[3,3,0,1,2,4,4,0,1,2,5,5,0,1,2,6,6,0,1,2,11]]]]
