[1,["85zja/udRIFLq/qUCU49xv@6c48a"],0,[["sp.SkeletonData",["_name","_atlasText","textureNames","_skeletonJson","textures"],-1,3]],[[0,0,1,2,3,4,5]],[[0,"szj_rk","\r\nszj_rk.png\r\nsize: 1024,256\r\nformat: RGBA8888\r\nfilter: Linear,Linear\r\nrepeat: none\r\nembiyan\r\n  rotate: true\r\n  xy: 2, 3\r\n  size: 33, 20\r\n  orig: 33, 20\r\n  offset: 0, 0\r\n  index: -1\r\nemlian\r\n  rotate: true\r\n  xy: 220, 10\r\n  size: 58, 92\r\n  orig: 58, 92\r\n  offset: 0, 0\r\n  index: -1\r\nemshenti\r\n  rotate: true\r\n  xy: 597, 134\r\n  size: 120, 103\r\n  orig: 120, 103\r\n  offset: 0, 0\r\n  index: -1\r\nemtoufa01\r\n  rotate: false\r\n  xy: 574, 2\r\n  size: 111, 120\r\n  orig: 111, 120\r\n  offset: 0, 0\r\n  index: -1\r\ngebo\r\n  rotate: true\r\n  xy: 314, 15\r\n  size: 53, 107\r\n  orig: 53, 107\r\n  offset: 0, 0\r\n  index: -1\r\nguangquan01\r\n  rotate: false\r\n  xy: 477, 37\r\n  size: 95, 53\r\n  orig: 95, 53\r\n  offset: 0, 0\r\n  index: -1\r\nszxbg\r\n  rotate: false\r\n  xy: 2, 38\r\n  size: 216, 216\r\n  orig: 216, 216\r\n  offset: 0, 0\r\n  index: -1\r\ntoushangshipin\r\n  rotate: true\r\n  xy: 687, 41\r\n  size: 91, 52\r\n  orig: 91, 52\r\n  offset: 0, 0\r\n  index: -1\r\ntsbiyan\r\n  rotate: false\r\n  xy: 24, 6\r\n  size: 49, 30\r\n  orig: 49, 30\r\n  offset: 0, 0\r\n  index: -1\r\ntslian\r\n  rotate: false\r\n  xy: 423, 23\r\n  size: 52, 67\r\n  orig: 52, 67\r\n  offset: 0, 0\r\n  index: -1\r\ntsshenti\r\n  rotate: false\r\n  xy: 502, 124\r\n  size: 93, 130\r\n  orig: 93, 130\r\n  offset: 0, 0\r\n  index: -1\r\ntstoufa01\r\n  rotate: false\r\n  xy: 355, 92\r\n  size: 145, 162\r\n  orig: 145, 162\r\n  offset: 0, 0\r\n  index: -1\r\nyifu\r\n  rotate: true\r\n  xy: 220, 70\r\n  size: 184, 133\r\n  orig: 184, 133\r\n  offset: 0, 0\r\n  index: -1\r\n",["szj_rk.png"],{"skeleton":{"hash":"8guggEhJHX0gSqb2+V/W56aVJwI","spine":"3.8.99","x":-115.88,"y":-2.72,"width":223.88,"height":219.23,"images":"","audio":""},"bones":[{"name":"root"},{"name":"hongshenti","parent":"root","length":74.01,"rotation":103.69,"x":-30.27,"y":17.48},{"name":"lanshenti","parent":"root","length":81.15,"rotation":62.83,"x":7.85,"y":11.08},{"name":"lanshenti2","parent":"lanshenti","length":63.47,"rotation":42.29,"x":98.96,"y":21.94},{"name":"hongshenti2","parent":"hongshenti","length":56.19,"rotation":-9.03,"x":104.13,"y":-31.87},{"name":"bone","parent":"lanshenti2","length":32.85,"rotation":-3.64,"x":69.08,"y":-12.84}],"slots":[{"name":"bg","bone":"root","attachment":"szxbg"},{"name":"root","bone":"root","attachment":"root"},{"name":"emshenti","bone":"hongshenti","attachment":"emshenti"},{"name":"yifu","bone":"hongshenti","attachment":"yifu"},{"name":"emlian","bone":"hongshenti2","attachment":"emlian"},{"name":"emtoufa01","bone":"hongshenti2","attachment":"emtoufa01"},{"name":"tsshenti","bone":"lanshenti","attachment":"tsshenti"},{"name":"gebo","bone":"lanshenti","attachment":"gebo"},{"name":"tslian","bone":"lanshenti2","attachment":"tslian"},{"name":"tstoufa01","bone":"lanshenti2","attachment":"tstoufa01"},{"name":"tsbiyan","bone":"lanshenti2","attachment":"tsbiyan"},{"name":"embiyan","bone":"hongshenti2","attachment":"embiyan"},{"name":"lanshenti","bone":"bone","attachment":"guangquan01"},{"name":"toushangshipin","bone":"lanshenti2","attachment":"toushangshipin"}],"skins":[{"name":"default","attachments":{"bg":{"szxbg":{"y":105.28,"width":216,"height":216}},"embiyan":{"embiyan":{"x":41.27,"y":-2.54,"rotation":-94.96,"width":33,"height":20}},"emlian":{"emlian":{"x":36.75,"y":1.78,"scaleX":0.9231,"scaleY":0.9231,"rotation":-93.09,"width":58,"height":92}},"emshenti":{"emshenti":{"x":76.61,"y":-26.4,"rotation":-97.93,"width":120,"height":103}},"emtoufa01":{"emtoufa01":{"type":"mesh","hull":40,"width":111,"height":120,"uvs":[0.26111,0.00014,0.30459,0,0.46917,0,0.53581,0.04156,0.60135,0.0414,0.67601,0.03054,0.67592,0.09753,0.69402,0.11685,0.76975,0.23366,0.80971,0.34787,0.78484,0.49065,0.89542,0.4729,0.87431,0.5901,0.89746,0.61172,1,0.6645,1,0.75962,0.99975,0.79478,0.94536,0.86236,0.86916,0.90872,0.74068,0.84143,0.50063,0.91114,0.59459,1,0.51215,1,0.46618,0.99703,0.35929,0.85122,0.39793,0.45323,0.20545,0.87617,0.19612,0.95132,0.11379,0.98927,0.05024,0.97379,0,0.92485,0,0.69626,0.10602,0.71621,0.06209,0.61861,0.01735,0.5456,0.01819,0.27013,0,0.18433,0,0.09836,0.01345,0.04816,0.09297,0.15509],"triangles":[6,4,5,37,38,39,36,37,39,35,36,39,3,25,1,3,1,2,3,4,6,7,25,3,9,25,8,39,0,1,25,39,1,35,39,25,12,10,11,25,34,35,33,34,25,32,33,25,7,3,6,13,14,15,15,19,13,10,25,9,8,25,7,19,10,12,19,12,13,15,17,19,19,25,10,25,26,32,25,20,24,16,17,15,18,19,17,19,20,25,30,31,32,30,32,26,26,29,30,26,28,29,27,28,26,23,24,20,21,22,20,23,20,22],"vertices":[88.76,12.57,88.72,7.75,88.52,-10.52,83.45,-17.86,83.38,-25.14,84.59,-33.44,76.55,-33.33,74.21,-35.32,60.1,-43.56,46.35,-47.84,29.24,-44.89,31.24,-57.19,17.2,-54.68,14.58,-57.22,8.11,-68.53,-3.3,-68.4,-7.52,-68.33,-15.56,-62.2,-21.03,-53.68,-12.79,-39.51,-20.85,-12.77,-31.63,-23.08,-31.53,-13.93,-31.12,-8.83,-13.48,2.84,34.22,-2,-16.28,19.94,-25.29,21.08,-29.74,30.27,-27.8,37.3,-21.87,42.81,5.56,42.5,3.03,30.76,14.8,35.51,23.62,40.37,56.67,39.9,66.99,41.81,77.31,41.69,83.31,40.13,70.38,31.45],"edges":[0,78,0,2,2,4,4,6,6,8,8,10,10,12,12,14,14,16,16,18,18,20,20,22,22,24,24,26,26,28,28,30,30,32,32,34,34,36,36,38,38,40,40,42,42,44,44,46,46,48,48,50,50,52,52,54,54,56,56,58,58,60,60,62,62,64,64,66,66,68,68,70,70,72,72,74,74,76,76,78]}},"gebo":{"gebo":{"x":51.78,"y":-2.38,"rotation":-65.66,"width":53,"height":107}},"lanshenti":{"guangquan01":{"x":12.36,"y":6.45,"rotation":-101.48,"width":95,"height":53}},"root":{"root":{"type":"clipping","end":"root","vertexCount":25,"color":"ce3a3aff","vertices":[-65.95,37.8,-56.38,30.2,-44.72,22.64,-32.23,17.39,-20.99,13.82,-10.81,11.83,4.21,11.09,17.02,12.67,30.98,16.34,41.8,21.17,51.98,27.26,59.54,33.04,65.53,37.76,72.9,44.1,87.31,43.1,105.08,49.07,167.24,62.69,177.37,233.9,98.61,244.62,-65.88,250.68,-160.48,242.75,-179.12,206.87,-154.42,44.71,-80.1,56.05,-74.08,46.5]}},"toushangshipin":{"toushangshipin":{"x":70.67,"y":-6.96,"rotation":-107.42,"width":91,"height":52}},"tsbiyan":{"tsbiyan":{"x":29.68,"y":-14.72,"rotation":-96.91,"width":49,"height":30}},"tslian":{"tslian":{"x":27.1,"y":-12.33,"rotation":-99.19,"width":52,"height":67}},"tsshenti":{"tsshenti":{"x":59.9,"y":-9.62,"rotation":-71.88,"width":93,"height":130}},"tstoufa01":{"tstoufa01":{"type":"mesh","hull":31,"width":145,"height":162,"uvs":[0.5865,0,0.68827,0.02164,0.83374,0.12736,0.87569,0.20315,0.89845,0.29403,0.89215,0.37824,1,0.40726,1,0.41756,0.95479,0.43658,0.98615,0.54817,0.95144,0.68755,0.86878,0.65889,0.72642,0.56036,0.52784,0.87082,0.47016,0.91796,0.27859,1,0.2312,1,0.1961,0.98258,0.06115,0.8651,0,0.80825,0,0.77122,0.00629,0.75428,0.0338,0.65428,0.09642,0.53691,0.25143,0.42433,0.29686,0.4034,0.29558,0.18921,0.30908,0.13866,0.34446,0.08665,0.38949,0.04629,0.50991,0],"triangles":[4,12,3,12,25,26,8,5,6,7,8,6,29,2,3,2,29,1,5,12,4,12,5,8,12,8,9,29,30,0,1,29,0,29,27,28,11,12,9,10,11,9,18,19,20,22,14,18,21,22,18,18,20,21,29,3,27,3,12,27,27,12,26,13,25,12,24,25,13,23,24,13,13,22,23,13,14,22,17,18,14,15,16,17,14,15,17],"vertices":[79.23,-17.04,72.13,-30.45,50.27,-46.58,36.86,-49.39,21.78,-48.9,8.8,-44.6,0.33,-58.56,-1.28,-58.14,-2.62,-51.02,-21.26,-50.9,-41.86,-40.37,-34.37,-29.93,-13.74,-13.94,-55.22,26.53,-60.52,36.54,-66.42,66.77,-64.7,73.42,-60.7,77.64,-37.37,91.81,-26.23,98.09,-20.42,96.59,-18,95.02,-3.31,87.1,12.82,73.54,24.85,47.22,26.48,39.99,60.12,31.47,67.56,27.53,74.43,20.45,79.12,12.49,82.01,-6.29],"edges":[0,60,0,2,2,4,4,6,6,8,8,10,10,12,12,14,14,16,16,18,18,20,20,22,22,24,24,26,26,28,28,30,30,32,32,34,34,36,36,38,38,40,40,42,42,44,44,46,46,48,48,50,50,52,52,54,54,56,56,58,58,60]}},"yifu":{"yifu":{"x":41.55,"y":-19.92,"rotation":-100.91,"width":184,"height":133}}}}],"animations":{"animation":{"slots":{"embiyan":{"attachment":[{"name":null},{"time":3,"name":"embiyan"},{"time":3.1667,"name":null},{"time":4,"name":"embiyan"},{"time":4.1667,"name":null}]},"tsbiyan":{"attachment":[{"name":null},{"time":2.1667,"name":"tsbiyan"},{"time":2.3333,"name":null},{"time":4.8333,"name":"tsbiyan"},{"time":5,"name":null}]}},"bones":{"hongshenti2":{"rotate":[{},{"time":3,"angle":9.03},{"time":6}]},"lanshenti2":{"rotate":[{},{"time":3,"angle":-8.16},{"time":6}]},"hongshenti":{"rotate":[{"curve":0.25,"c3":0.75},{"time":3,"angle":3.23,"curve":0.25,"c3":0.75},{"time":6}]},"lanshenti":{"rotate":[{"curve":0.25,"c3":0.75},{"time":3,"angle":-2.84,"curve":0.25,"c3":0.75},{"time":6}]},"bone":{"translate":[{"curve":0.25,"c3":0.75},{"time":3,"x":9.04,"y":-0.58,"curve":0.25,"c3":0.75},{"time":6}]}},"deform":{"default":{"emtoufa01":{"emtoufa01":[{"curve":0.25,"c3":0.625,"c4":0.5},{"time":3,"offset":18,"curve":0.375,"c2":0.5,"c3":0.75,"vertices":[-0.62218,0.75809,0,0,0,0,0,0,0,0,-0.86993,10.2164,3.77957,6.81045,0.1375,14.4589,3.80292,12.48987,1.23425,8.72274,-5.2476,16.38288,-5.66627,15.94166,0,0,0,0,1.78883,10.54417,11.28055,6.2326,-2.37195,1.68156,1.6521,2.6246,-0.85907,6.51682,4.32326,12.33148,8.35072,9.68359,8.54256,5.64461,5.60027,-0.28345,-0.59959,-0.10175]},{"time":6}]},"tstoufa01":{"tstoufa01":[{"curve":0.25,"c3":0.75},{"time":3,"offset":16,"curve":0.25,"c3":0.75,"vertices":[-1.56631,2.96021,0.13055,6.75303,5.92338,8.1154,2.68563,7.63674,0.20406,2.83268,-3.89977,-8.79248,-11.144,-3.55252,-12.28225,-9.27751,-7.29929,-0.56302,-1.93536,-1.67528,-9.05564,-4.79174,-13.49242,-5.92388,-9.70515,-2.91949,-2.63453,-6.34309,-7.68944,-5.97892,-8.41151,-5.92693,-4.71981,-0.02294,-0.37958,-0.32856]},{"time":6}]}}}}}},[0]]],0,0,[0],[-1],[0]]
