[1,["ae9e6d27-bd4b-48a0-960c-4e14682d6e2b@6c48a"],["_textureSource"],["cc.SpriteFrame"],0,[{"name":"icon_yy","rect":{"x":0,"y":0,"width":30,"height":28},"offset":{"x":0,"y":0},"originalSize":{"width":30,"height":28},"rotated":false,"capInsets":[0,0,0,0],"vertices":{"rawPosition":[-15,-14,0,15,-14,0,-15,14,0,15,14,0],"indexes":[0,1,2,2,1,3],"uv":[0,28,30,28,0,0,30,0],"nuv":[0,0,1,0,0,1,1,1],"minPos":{"x":-15,"y":-14,"z":0},"maxPos":{"x":15,"y":14,"z":0}},"packable":true,"pixelsToUnit":100,"pivot":{"x":0.5,"y":0.5},"meshType":0}],[0],0,[0],[0],[0]]
