[1,["84oQMxpN1P/IITSbcJ4ohp@f9941","84oQMxpN1P/IITSbcJ4ohp@6c48a"],["spriteFrame","_textureSource"],["cc.SpriteFrame",["cc.BitmapFont",["_name","fontSize","fntConfig"],0]],[[1,0,1,2,4]],[[[[0,"record_num",32,{"commonHeight":32,"fontSize":32,"atlasName":"record_num_0.png","fontDefDictionary":{"48":{"xOffset":-2,"yOffset":-2,"xAdvance":20,"rect":{"x":0,"y":0,"width":24,"height":29}},"49":{"xOffset":-2,"yOffset":-2,"xAdvance":20,"rect":{"x":25,"y":0,"width":24,"height":29}},"50":{"xOffset":-2,"yOffset":-2,"xAdvance":20,"rect":{"x":50,"y":0,"width":24,"height":29}},"51":{"xOffset":-2,"yOffset":-2,"xAdvance":20,"rect":{"x":75,"y":0,"width":24,"height":29}},"52":{"xOffset":-2,"yOffset":-2,"xAdvance":20,"rect":{"x":100,"y":0,"width":24,"height":29}},"53":{"xOffset":-2,"yOffset":-2,"xAdvance":20,"rect":{"x":125,"y":0,"width":24,"height":29}},"54":{"xOffset":-2,"yOffset":-2,"xAdvance":20,"rect":{"x":150,"y":0,"width":24,"height":29}},"55":{"xOffset":-2,"yOffset":-2,"xAdvance":20,"rect":{"x":175,"y":0,"width":24,"height":29}}},"kerningDict":{}}]],0,0,[0],[0],[0]],[[{"name":"record_num_0","rect":{"x":2,"y":2,"width":195,"height":25},"offset":{"x":-28.5,"y":49.5},"originalSize":{"width":256,"height":128},"rotated":false,"capInsets":[0,0,0,0],"vertices":{"rawPosition":[-97.5,-12.5,0,97.5,-12.5,0,-97.5,12.5,0,97.5,12.5,0],"indexes":[0,1,2,2,1,3],"uv":[2,126,197,126,2,101,197,101],"nuv":[0.0078125,0.7890625,0.76953125,0.7890625,0.0078125,0.984375,0.76953125,0.984375],"minPos":{"x":-97.5,"y":-12.5,"z":0},"maxPos":{"x":97.5,"y":12.5,"z":0}},"packable":true,"pixelsToUnit":100,"pivot":{"x":0.5,"y":0.5},"meshType":0}],[0],0,[0],[1],[1]]]]
