[1,["d33rD5rApJnLldSRiF+ccE@6c48a"],["_textureSource"],["cc.SpriteFrame"],0,[{"name":"bg_hj_xiazhujine@2x","rect":{"x":0,"y":0,"width":518,"height":62},"offset":{"x":0,"y":0},"originalSize":{"width":518,"height":62},"rotated":false,"capInsets":[0,0,0,0],"vertices":{"rawPosition":[-259,-31,0,259,-31,0,-259,31,0,259,31,0],"indexes":[0,1,2,2,1,3],"uv":[0,62,518,62,0,0,518,0],"nuv":[0,0,1,0,0,1,1,1],"minPos":{"x":-259,"y":-31,"z":0},"maxPos":{"x":259,"y":31,"z":0}},"packable":true,"pixelsToUnit":100,"pivot":{"x":0.5,"y":0.5},"meshType":0}],[0],0,[0],[0],[0]]
