{"importBase":"import","nativeBase":"native","name":"phoenixV2","deps":["internal","main"],"uuids":["92NBvO9jtLGZjgdfDBwMns","01HVMMhy9CEoEQPbRY02zO","01557c024","018b693cc","01c93d828","06V+UsTN1PDZb2sHvC8ogO","02eU1fgeBAGqJxFtyLLS4+@6c48a","04RS2VXulDeoONo+AAkyb3@6c48a","04smgPIs5N8bqBtJcfv1Y/","07rtvGe3BMP7Qz6X260QJd","0702XBM5hNaKOs2ba+xAI7@6c48a","09Zi0dsQhAHaFCpgSrDtbL@6c48a","11+u9pMLZH1pNY9PN576sT@f9941","02eU1fgeBAGqJxFtyLLS4+","02ijK9kddJZ7wvD2cu67IN","03L+vBigBBLIDKi91CjHO/","04RS2VXulDeoONo+AAkyb3","053980210","055e99e02","059e1e7bd","07907206d","07bc7f754","0702XBM5hNaKOs2ba+xAI7","07fc23679","08137d8aa","088b5ab9e","08a56854d","08ff9a41c","0bQaE+D21DrLePJeSErp07@6c48a","09Zi0dsQhAHaFCpgSrDtbL","09Zi0dsQhAHaFCpgSrDtbL@f9941","0a7569dad","0aa582cff","0b011f9b1","0bD0ASDMZHAKuVe0DgnYnf","0b19e5e92","0bQaE+D21DrLePJeSErp07","0bd82ce2e","0c097f050","0c7ffaf0b","0c934fb8f","0d5caf70d","0d87d7102","0dd94704e","0eqsJ01plLS7Hv/XbqlES6@6c48a","0e18K47UNIQKqAwiVMqr+j@6c48a","10SX8ZjdxAJY8KBZ8sT0uB@6c48a","10SX8ZjdxAJY8KBZ8sT0uB@f9941","11Cp2HxaBENoAnqzOTOoW6@f9941","0d51w4/hFMmJC8KDGnLvMu","0eqsJ01plLS7Hv/XbqlES6","0eqsJ01plLS7Hv/XbqlES6@f9941","0e18K47UNIQKqAwiVMqr+j","0f094093d","0fg3oQODhCSqrJ3ltIy4v/","10SX8ZjdxAJY8KBZ8sT0uB","1129000ea","1129000ea@6c48a","127d8191f","13SrRbDSFDp5v48KFGshMR@f9941","147af5df7","15DxdnMKlIdIGq4FtG8n5h","15o9a+oPxMfouuZyTFCcQz@f9941","147af5df7@6c48a","154d0b6af","15+TlDU1xAG6D74DBhQbA3@6c48a","1dO31XsUdO9r/cSIW0NVrc@6c48a","154d0b6af@6c48a","15aede781","1590TKP/9Lso1NC/Ais18k@6c48a","15+TlDU1xAG6D74DBhQbA3@f9941","17DqzUQhRIao5kV4ADrjew@6c48a","17gaYA5l9KV5AmodZxZs1h@f9941","1bx2N0KBtDJ6SFIt47gnNU@f9941","2eQebn/JRMbILKMAJXh4CZ","127d8191f@6c48a","15aede781@6c48a","1590TKP/9Lso1NC/Ais18k","15+TlDU1xAG6D74DBhQbA3","165543196","165543196@6c48a","17DqzUQhRIao5kV4ADrjew","1912de3f3","1912de3f3@6c48a","193aa7e7d","1bX7Fu8NRDCoaPfFvk8jsg@f9941","193aa7e7d@6c48a","1a4038941","2dPwv0m5lGp6qf4Trx8h7k@6c48a","2dt6dBzshArqDs2RjUlvlk@f9941","30ZPUYfdFKu4y/SJvl2XpA","34Z1x7OitGdJWUEmax94Ij@6c48a","35EqF8cSNJw7ZRglmoUv/t@6c48a","35EqF8cSNJw7ZRglmoUv/t@f9941","37MZdRyLlILotflZziLRl3@6c48a","38XSq2Os5Co7b0Pt2ZV19N@6c48a","38h7H/VBFM94XQ1rHC3oK5@6c48a","39M/4X71BAi66SKz99P0fK@6c48a","39OHQrtMRP+bX7qhUE4lcA@6c48a","39OHQrtMRP+bX7qhUE4lcA@f9941","3alk2sn41HZbls0EqmaSdI@6c48a","3alk2sn41HZbls0EqmaSdI@f9941","3eziNwTeJNupHKn9CnmLWd@f9941","3fRYV4FkJHvrb5nlfai/86@f9941","40LEmo0MlPfqIGPMzlZ6YH@6c48a","40LEmo0MlPfqIGPMzlZ6YH@f9941","41w68m8LBLorKADEs4QOe6@f9941","42h10fq/JKJZPf2wyBhd79@f9941","44QkEOO31B/Z5haYCQCZTM@6c48a","463tdPn8lKk6Ljzx30GkVl@6c48a","4803lKudFJfoeTskQx0z+M@6c48a","4803lKudFJfoeTskQx0z+M@f9941","4aH3Zie0RLn6qo2OFAQxlr@f9941","4aqvVhLR9HPo720Kk3F3x6@6c48a","4bks4cuKZG0ZMMM+1vfQq/@6c48a","4fVMqfVWlDi57nlTpw/m6E@f9941","50/Npv6/FIGZsSvkjolTaL@f9941","51vIuXiW1Jy7IrSs655Fbi","52BCe1sllHuZELRDINF5UI","53d3rSOpFDUoiunXog1bgJ@6c48a","58JlQIgIVCrrEMZ9ViUNKG@6c48a","58JlQIgIVCrrEMZ9ViUNKG@f9941","5aV+KbxU5PkprBLU8Ivc+f@6c48a","5aV+KbxU5PkprBLU8Ivc+f@f9941","5d5MN56EdFbpSZawr2WYOB@6c48a","5d5MN56EdFbpSZawr2WYOB@f9941","5e2tpHwd9Oe48d+o/aFHlJ@f9941","5fFb1B5HRJnafit/Yh769s@6c48a","5fFb1B5HRJnafit/Yh769s@f9941","61UnYL/qhCnqZy/jTTa8lr","61lxLp5fxMZJv5jc10C/j2@f9941","62DqO5CzdLkKkL1dKTGIhT@6c48a","62uXAA23NBnIg2xXO8etmu@6c48a","62uXAA23NBnIg2xXO8etmu@f9941","63+9L4VUFPaJoje+wJIoBu","64p4Vi1thFsZpScvQmrDAi","65jxssuWFP5rJyw7qk7SvO@6c48a","68JpII0vtOJJK/61DdJ/qA","69tgB5eoFDlYTXnW+wRvoo@6c48a","6cF4tnielG445WsfYhuQT5@6c48a","6dcxhdXPFO06IHsSLNmbZ9@6c48a","6efIf2uGZL2IYh2A7QpzKF@f9941","6fRae5qytK0JfE7S2WaTns@6c48a","6fRae5qytK0JfE7S2WaTns@f9941","70oZWdP81Jn5SmyroUsGrU@6c48a","71H8ixFahKqqykbBqvhXOu@f9941","71jH2RnCFOYZ6yZplcGUr/@6c48a","72I27FnSNGSKDH/EO4hiO/@6c48a","72On1fFeJAErZXMWcGTu0/@6c48a","73v1jtVv9D5rxsZMGCSQ7s@f9941","74JkJ1IjlFsbUp2PcYqxdm@f9941","75K2ugNyVM6r6V7px0dhKg","76SNVdXCZKXaCPM/f9HfI7@f9941","7bdXhXDdRBw54gk4NVJEK4@f9941","7chdzSuF5JvKukDdU7mzlG@6c48a","7ctfsaYXFJz4aPyfoBNZ73@6c48a","7ctfsaYXFJz4aPyfoBNZ73@f9941","7dvy4yR8NOrIzilyWIGJeK@6c48a","7dvy4yR8NOrIzilyWIGJeK@f9941","7e+PMcU1JD5o1K5cHRAJIE","7fauQ5aKlOV4otdW3PqZfq","7flXK7WuVKkpdaNn1AsEM1@f9941","80I9zH3fBMgLYRD96oZyYA@f9941","87wfxLI0VDiqIu4QT/ZMDI","8aKe5ywPlP6bP7GsHrJWug","8aPlbUfspHdZwQSzIYwpL0@f9941","8aW9RdRVtB1am3Ww8f2jqq@6c48a","8ahpjbMdlAQYwniykrFtX0@f9941","8c1yuAJt1IYbOSJ3y05fiN@6c48a","8dLTQaQjdJLZgQdQi3RSq3@6c48a","8dLTQaQjdJLZgQdQi3RSq3@f9941","8ddMO4f6dIZ5DtxW5VrigI@f9941","8eEPSqPYpA/LQl0KD3YxGX@f9941","8ew5mmNVFKgpbxP2nF7Wm+@6c48a","8facFcl7lIb6jGjb8KBu0k@f9941","8ff/oAv/BGp6LyL7h/SvkJ@f9941","90czQy/f5LFaqqTrdi3sJi@6c48a","902w2fn+FPJbuNY9xnzM/9@6c48a","740C/ASbtDzoQgdrcQ1kTF","75Kel+YipOI7C36GE+Wv52","75v700D7JAB58MyGusMOCh","76VwoxJx5AlbZSp6TUaGnr","79VNZrbdFNAKJrsaTHBorO","7chdzSuF5JvKukDdU7mzlG","7chdzSuF5JvKukDdU7mzlG@f9941","7ctfsaYXFJz4aPyfoBNZ73","7dj5uJT9FMn6OrOOx83tfK@f9941","7dvy4yR8NOrIzilyWIGJeK","7d4hFssWZKUY42FlysMhrp","80I9VHAF9HbpEhlWG/VTnf","82TOehrlpOpqTl+taB51LF","84YozJVPhL3pA6UMPxDFx5","868l1cneVFT6X57hZgPmcB","87+raShNtLeYyM6fyqgcMm","8aW9RdRVtB1am3Ww8f2jqq","8b1uI/DDBBgpaTZgyh0E7G","8c1yuAJt1IYbOSJ3y05fiN","8dLTQaQjdJLZgQdQi3RSq3","8dYa/AY9NAdLDVjNhrOaKi","8d9pAAsQ9PfZfc7HL412vb","8ew5mmNVFKgpbxP2nF7Wm+","8ew5mmNVFKgpbxP2nF7Wm+@f9941","90czQy/f5LFaqqTrdi3sJi","90czQy/f5LFaqqTrdi3sJi@f9941","902w2fn+FPJbuNY9xnzM/9","902w2fn+FPJbuNY9xnzM/9@f9941","92TV9zMHNBUYnWqxQ8WrUV","9bazhSNVdH96yLjrfQm0i3","a96X9X5GlM15q31NBtwQRU","93v8aWc1JMe6aEuOmDx43F@f9941","95R/Idx+lOPZPXGWDYaU07","96E7iWCeVCs7moBiwXyrxw@6c48a","99kqHov3dICoVVYRYjuBJB@f9941","9ei2xozGpIV7hTs2gTFi9V","9fG+HH9sFDQJL0illJyG4k@f9941","a0eXs/pfNFJbePgBu1Pru9@f9941","a0+kR/+gZKoa+Ot0oj7akL@f9941","a1iKOqGLNP9JxQcWnvAJDb@6c48a","a3l6+kPN9DMpQ4zOsVIyyH@f9941","a88nbo5dpLiqAF1IB2GqNK","a8/Drl9zBBuYgCN6iy0KQZ@6c48a","a8/Drl9zBBuYgCN6iy0KQZ@f9941","a9o88yEy1HTKcocM/XIzjC@6c48a","abJT3vMclCvKyhYDKptdnF@6c48a","ab8QBXLPRJoKV6rYjPCfjh@6c48a","ab8QBXLPRJoKV6rYjPCfjh@f9941","adcC6A5sFOK6Bf175KHJL5","adrDzHEShPWLAEz53kMfW0@f9941","afn0elfX9Ovo/SjnJt0o4a@6c48a","b3DXOv6oBOFLTAnGBnSMxC","b3V1Qx9WFA94kpkwd3BoMk@6c48a","b4TfRvDX1DmI0Ju9usLnlV@6c48a","b5CU/gd+hJnpJ7ByL5zzLl","b68q4N7RRIs7sYYC/mxg0y@f9941","b7HS5l55hPup3Kc/v45lKJ@f9941","b8gBnhYJ1A1Z120xeoVCiW@f9941","bazHCyA2tGRahIR4xISwNd@6c48a","bcRbsW0XZJtbtFW1Mnkf6g","bdHYiYRy9C4Jp0P2TUyzTA@6c48a","bd1c50Q2ZHQL4hh5YozRUn@6c48a","c0ABd+HPhNmKDerjgG3TKU","c0Kw7nBbdJa5IxYjOig8Ma","c0ioz/sY1EcaLqJK9DTqD3@6c48a","c3LEssRDlI4ZwsSQ+q2KnC@f9941","c5FwvhplBH5IMRPCoOFIpv@6c48a","c8HkEs2fZDgrMt8GmvqmkT@6c48a","c8HkEs2fZDgrMt8GmvqmkT@f9941","c8VweT4SVL5aeSsoT5Vb7I@6c48a","c8VweT4SVL5aeSsoT5Vb7I@f9941","cbISr/RXdAsrWriHUdi3w3","cde0DQl/ZBM61Uzw6MciJo@f9941","cfUTHl8ktC0rjs/+incI5I@6c48a","cfwwuOsoBEFbtT6hEpYHex@f9941","d0g4oq2ztGDZr/X4xlbfr9@f9941","d0l1LQbG1MoaWMM8MX5xa8","d3ZICFUdZL3b1yd/noKZ+c@6c48a","d3ZICFUdZL3b1yd/noKZ+c@f9941","d4fQrAXvRAL452q5bF/j9o@6c48a","d40J/pTNFDwbUomYyLtIK5","d6FV10GFpOxplOgMPgiamb@6c48a","d6Kzyo7SlBKIpE14hHiBLw@6c48a","d6Kzyo7SlBKIpE14hHiBLw@f9941","d7jol+aUZL4IyyINZTPGfZ@f9941","d9zXZELx9JUoW3iunwMHHQ@6c48a","daBuqizWlA6aMHzJxvmBeb@6c48a","daBuqizWlA6aMHzJxvmBeb@f9941","dcEXVYrWlEnpJ69YlfDHgI@f9941","dcLavlnyFHRYpXjpAgMxs7@f9941","dcW8GeBTBKvLLRwkyWHnKO","ddP/wErV5DpLNCr3A1Z99a@6c48a","ddP/wErV5DpLNCr3A1Z99a@f9941","ddYJLwpwpHtqFQEXbQD/+/","degLCObMtKqZ6DVHmYAfKd@6c48a","degLCObMtKqZ6DVHmYAfKd@f9941","dfu3FRCI5MdqpWwE4tYwhL@f9941","e4Y5+RnZVKOpAyQ5xWblU9","e4Z5ZliSdL9IA5NUbPLGmV","e4+MIWNGZDLqV6fTNoVgbB@f9941","e7Aj48wuNGUY5RkiwbahG4@6c48a","eaMA/eC2JAYKU4WGcfiuNP@f9941","ebjKbL6SZPU7VdeBxQ8nYg@6c48a","ecTWfwQJJFSKtaO+NDAIC4@f9941","edZ1WskGNEvL1H4XRx8Dvq@6c48a","efBf9LLuFE5JyUPwpJgWZJ@6c48a","f0cda7kRpIdZ/UuJSVga5g","f1TKNkYE5EBIYAVRvF+K2e@f9941","f1Y7qukl9CvoEzNRjspUoh@f9941","f15svI5exEIa+WmoHVqcQt@f9941","f5kGb8NsZIUYRtU9lyaFoD@6c48a","f63ajxEsNIapeb+sJQPifO@f9941","f64PTXv2pEM5dH3OmAa1wW@f9941","f6/UfQ0ndATrmUUfXYL3lt","f703bppWFGNY7faL3Kf6Gq@f9941","f8/8aL+FdLvrRXuI76OJVi@6c48a","f92UiQYhJDobkZJmapi86Q","faGrgNgJVA/qyl7C07AFp0","fax64h9bhIS5ij8oyNhTGk@f9941","fazkgHX4REZpUXa2GOKBYc@6c48a","fa0XxNkvJKzKC+twm9fNiY@6c48a","fbEwWoQRlFrZnCP/gdh4cz@f9941","fcutvc4JNGuLYAVUTBCty5@6c48a","fc8lN6uxVHLICq++hRkSmZ","ffUalPnbNPPqSY6RwiPFYs@f9941","1a4038941@6c48a","1bflAOxSJFJ4iBVoWXz6N8","1b8bDds75KQqBn552p9Y53","1dO31XsUdO9r/cSIW0NVrc","1dO31XsUdO9r/cSIW0NVrc@f9941","1d87c5190","1d87c5190@6c48a","1ef9d2953","1ef9d2953@6c48a","22Br6hipBM+bbHujYkeAb8","24xBnqY6hOoanQf8RpSJu8","24xBnqY6hOoanQf8RpSJu8@6c48a","24xBnqY6hOoanQf8RpSJu8@f9941","25NjZfJd5BjZx/ueACVexP","25iFMlkGFK+qMfn3833m8z","27D/tejSNMbLGHDT+VrN6Q","28RD3AVmxMypp7CxsX0zeu","29jZ17WT1BWZysSDqd8Ihz","295C/xa1ZB8aDi6fAW22IX","2bz1MKHRdLvbSwdPAN1pyQ","2dPwv0m5lGp6qf4Trx8h7k","2eqcMbmTBPm5w7PHQV+Kp3","2fVtl2MghPN7y3tw+jCapZ","30UrmHKNxExaEYEIv0fBBj","31SMl5kVRP7LnbXhQolhLh","33TpzzjwRIdKh+y/5EZbcO","34Z1x7OitGdJWUEmax94Ij","34Z1x7OitGdJWUEmax94Ij@f9941","35EqF8cSNJw7ZRglmoUv/t","36/ccesVNN3oeHXS7bHYjl","37MZdRyLlILotflZziLRl3","37MZdRyLlILotflZziLRl3@f9941","38XSq2Os5Co7b0Pt2ZV19N","38h7H/VBFM94XQ1rHC3oK5","39M/4X71BAi66SKz99P0fK","39OHQrtMRP+bX7qhUE4lcA","39ieejmv1JBJnMSAIjicf/","3aYS0roqhC1ZQwtgSBbelS","3alk2sn41HZbls0EqmaSdI","3bDVfzpu9Gm7UQUCN/QlXg","3bbME6cFdPG7TswKkkxHbz","3bhyqEAxlFK79CliN97O3V","3dmaBX5nBCX5+OyxVsZKsl","3e7CWC0gxGjY+aA18jPulr","40LEmo0MlPfqIGPMzlZ6YH","44QkEOO31B/Z5haYCQCZTM","44QkEOO31B/Z5haYCQCZTM@f9941","44ddfTWR5DsqKCglgw1hIr","4573TQBadICIYkm47IT1L5","463tdPn8lKk6Ljzx30GkVl","48ij1VX2lH3oWjYUNttnyj","4803lKudFJfoeTskQx0z+M","49BGSXXxlABoqTy9ha3wrT","4915d6mr5Byr0qUDhg7aXs","4aqvVhLR9HPo720Kk3F3x6","4bks4cuKZG0ZMMM+1vfQq/","4egw0i8FtL4r4oaetbtodw","50Nkj44CVK35Ag2sfKytzw","509DSLyINOL48RziM7hZ+h","53TxQQm7hNW7qeR755utBG","53d3rSOpFDUoiunXog1bgJ","53m8qE6XVFKp3dKG4rXIWP","57UQ2AMNtKkYagQAUa2ygY","57tUBXbKNAN62bk4Uwijj0","58JlQIgIVCrrEMZ9ViUNKG","59PvPZ5e9HUYV4FI8fdg2c","59fRZfXRhI1pHTRfmUwdDt","5aUv+qmcBG97MIK+6TQIza","5aV+KbxU5PkprBLU8Ivc+f","5ctIcZBMxE/6oLLCwhKgH7","5d5MN56EdFbpSZawr2WYOB","5fFb1B5HRJnafit/Yh769s","61uwvYEzdPE5s5I6QJnW4/","62DqO5CzdLkKkL1dKTGIhT","62uXAA23NBnIg2xXO8etmu","65jxssuWFP5rJyw7qk7SvO","65jxssuWFP5rJyw7qk7SvO@f9941","67adcWCBlAFo8NZCyy7H91","68DmQNBwlINKI5eDX6Kj/v","69tgB5eoFDlYTXnW+wRvoo","6cF4tnielG445WsfYhuQT5","6ceK75adpDDYIzcMWf2JZ+","6dcxhdXPFO06IHsSLNmbZ9","6fRae5qytK0JfE7S2WaTns","70oZWdP81Jn5SmyroUsGrU","71jH2RnCFOYZ6yZplcGUr/","72I27FnSNGSKDH/EO4hiO/","72On1fFeJAErZXMWcGTu0/","92TV9zMHNBUYnWqxQ8WrUV@6c48a","92TV9zMHNBUYnWqxQ8WrUV@f9941","92avLMyklJBrG6KwwQ3/mP","95wZLVdWRDxZguKKZzDx2f","96E7iWCeVCs7moBiwXyrxw","a1iKOqGLNP9JxQcWnvAJDb","a17a4EG7tA56cQU6Ojfzqj","a2RdCLzixEU5exuXX/GJrc","a2urQFkZlENqjQBV8ZFEwP","a4dZvKS6NGX4/ib/KqyDJC","a8/Drl9zBBuYgCN6iy0KQZ","a9oKESATdMH6hc6bKXqe+t","a9oKESATdMH6hc6bKXqe+t@6c48a","a9oKESATdMH6hc6bKXqe+t@f9941","a9o88yEy1HTKcocM/XIzjC","a9o88yEy1HTKcocM/XIzjC@f9941","aa+sdz1AJJh7Z8ju3R4wf8","abJT3vMclCvKyhYDKptdnF","abkUc17AFFQ6s+gyuI10sO","ab8QBXLPRJoKV6rYjPCfjh","acoQ+m26hISqFk/ScZ4lER","afn0elfX9Ovo/SjnJt0o4a","b1eTe9QdRHPLyKR8uP4vxN","b3V1Qx9WFA94kpkwd3BoMk","b4TfRvDX1DmI0Ju9usLnlV","b4TfRvDX1DmI0Ju9usLnlV@f9941","b5f6cGysNDTZuczrRdjB8T","b8POWjqAFOLbziGDr/8nmT","b9eF5bYMNPKYhVF3ZnoU5e","b9jTEW5RxBqoBFVo8HiGnd","bazHCyA2tGRahIR4xISwNd","bdHYiYRy9C4Jp0P2TUyzTA","bd1c50Q2ZHQL4hh5YozRUn","c0ioz/sY1EcaLqJK9DTqD3","c1jYnvAsFJk7SPaXLNPoXm","c5FwvhplBH5IMRPCoOFIpv","c7IbT09tpJRqG65Toh5JVm","c7L6GWNdJI3IGz9YccVZex","c8HkEs2fZDgrMt8GmvqmkT","c8VweT4SVL5aeSsoT5Vb7I","c9upYGxcJIfIAvM2jtYO0d","c98o/lyMVNPL4bRX/5gY5h","cbI3CrcpRMAY5CNZS+1t2G","cdmR8vkQZIK7oAKAiTxp7n","cfUTHl8ktC0rjs/+incI5I","cfUTHl8ktC0rjs/+incI5I@f9941","cfrTURZDtFJpw6xzALOxOF","d3ZICFUdZL3b1yd/noKZ+c","d4fQrAXvRAL452q5bF/j9o","d4fQrAXvRAL452q5bF/j9o@f9941","d6FV10GFpOxplOgMPgiamb","d6FV10GFpOxplOgMPgiamb@f9941","d6Kzyo7SlBKIpE14hHiBLw","d6w2enLDZH7JJy4OyeLUFy","d9zXZELx9JUoW3iunwMHHQ","daBuqizWlA6aMHzJxvmBeb","dam6TkrUlLeKym2VkM4T+f","ddP/wErV5DpLNCr3A1Z99a","degLCObMtKqZ6DVHmYAfKd","e0N+wKegBElb0G+53xIeok","e7Aj48wuNGUY5RkiwbahG4","e7Aj48wuNGUY5RkiwbahG4@f9941","ebjKbL6SZPU7VdeBxQ8nYg","ecnq2DaAtKI4cPFr/jnqwk","edZ1WskGNEvL1H4XRx8Dvq","edZ1WskGNEvL1H4XRx8Dvq@f9941","efBf9LLuFE5JyUPwpJgWZJ","f0LfjALbJOIJ+8IYf4VtFG","f46bsKH6VAGqs8xTfEMzOE","f5FbxlrnJIWrDtj/oTafi8","f5gGvEyidCD5D1qnVA7gC8","f5kGb8NsZIUYRtU9lyaFoD","f6TN4MgTpDMZCIEVRj+JZC","f8/8aL+FdLvrRXuI76OJVi","f8/8aL+FdLvrRXuI76OJVi@f9941","fazkgHX4REZpUXa2GOKBYc","fazkgHX4REZpUXa2GOKBYc@f9941","fa0XxNkvJKzKC+twm9fNiY","fa0XxNkvJKzKC+twm9fNiY@f9941","fcutvc4JNGuLYAVUTBCty5","feNpkaVqVENreEq22VEnCb"],"paths":{"0":["PublicImg/auto_commmon_phoenix",3,1],"1":["prefabs/slotBg_new",9,1],"5":["img/actionBar/auto_bar_phoenix",3,1],"6":["img/car/xiaoyouxijiacishu/texture",1,1],"7":["img/rollerIcon/10/tubiao_10/texture",1,1],"8":["publicFont/shuzi_xiazhujine",5,1],"9":["img/car/particle_goodluck",10,1],"10":["img/dialog/bigwin/bigwin/texture",1,1],"11":["icon/K/texture",1,1],"12":["textures/img_rule_3/spriteFrame",2,1],"13":["img/car/xiaoyouxijiacishu",0,1],"14":["prefabs/Particle2D",9,1],"15":["img/rollerIcon/wild/tubiao_xyx_niao4",8,1],"16":["img/rollerIcon/10/tubiao_10",0,1],"22":["img/dialog/bigwin/bigwin",0,1],"28":["img/rollerIcon/q/tubiao_q/texture",1,1],"29":["icon/K",0,1],"30":["icon/K/spriteFrame",2,1],"34":["img/rollerIcon/scatter/yindingchuxian",8,1],"36":["img/rollerIcon/q/tubiao_q",0,1],"44":["icon/wildY/texture",1,1],"45":["img/car/jiasukuang/texture",1,1],"46":["img/bg_fenghuang_3/texture",1,1],"47":["img/bg_fenghuang_3/spriteFrame",2,1],"48":["img/actionBar/WIN/spriteFrame",2,1],"49":["img/rollerIcon/wild/tubiao_xyx_niao2",7,1],"50":["icon/wildY",0,1],"51":["icon/wildY/spriteFrame",2,1],"52":["img/car/jiasukuang",0,1],"54":["img/rollerIcon/silverCoin/yindingchuxian",8,1],"55":["img/bg_fenghuang_3",0,1],"59":["img/actionBar/MUSIC/spriteFrame",2,1],"61":["img/rollerIcon/silverCoin/yinbixuanzhuan",8,1],"62":["textures/img_result_bg/spriteFrame",2,1],"65":["img/img_phoenixSg_multipleBg/texture",1,1],"66":["icon/wildP/texture",1,1],"69":["img/rollerIcon/scatter/tubiao_tongqian/texture",1,1],"70":["img/img_phoenixSg_multipleBg/spriteFrame",2,1],"71":["img/car/skeleton/texture",1,1],"72":["img/actionBar/dl_fh_kuai_0/spriteFrame",2,1],"73":["img/actionBar/dl_fh_vipanniu/spriteFrame",2,1],"74":["font/shuzi_lztb_jiangchi",5,1],"77":["img/rollerIcon/scatter/tubiao_tongqian",0,1],"78":["img/img_phoenixSg_multipleBg",0,1],"81":["img/car/skeleton",0,1],"85":["img/actionBar/dl_fh_jinbibox/spriteFrame",2,1],"88":["img/dialog/skeleton/texture",1,1],"89":["textures/titile_phoenix_sgChoose/spriteFrame",2,1],"90":["img/rollerIcon/wild/fenghuangixaoyouxi",8,1],"91":["icon/bat/texture",1,1],"92":["img/addOne/texture",1,1],"93":["img/addOne/spriteFrame",2,1],"94":["icon/10/texture",1,1],"95":["img/rollerIcon/silverCoin/yinbixuanzhuan/texture",1,1],"96":["img/dialog/megawin/megawin2/texture",1,1],"97":["img/rollerIcon/scatter/yindingchuxian/texture",1,1],"98":["img/dialog/bigwin/fire0001/texture",1,1],"99":["img/dialog/bigwin/fire0001/spriteFrame",2,1],"100":["font/num_result_0/texture",1,1],"101":["font/num_result_0/spriteFrame",2,1],"102":["textures/img_rule_2/spriteFrame",2,1],"103":["textures/img_rule_1/spriteFrame",2,1],"104":["icon/yuanBao/texture",1,1],"105":["icon/yuanBao/spriteFrame",2,1],"106":["textures/img_phoenix_bgBlue/spriteFrame",2,1],"107":["smallGame/bg_fenghuang_xyx_xuanzebox_1/spriteFrame",2,1],"108":["icon/wildR/texture",1,1],"109":["img/rollerIcon/wild/tubiao_xyx_niao2/texture",1,1],"110":["PublicImg/Rptidakmencukupi/texture",1,1],"111":["PublicImg/Rptidakmencukupi/spriteFrame",2,1],"112":["img/actionBar/dl_fh_caidanbox/spriteFrame",2,1],"113":["img/PublicSkeleton/spine_guangquan/texture",1,1],"114":["img/car/free_box_guang/texture",1,1],"115":["img/actionBar/dl_fh_autoanniu/spriteFrame",2,1],"116":["img/actionBar/dl_fh_xiazhujian/spriteFrame",2,1],"117":["font/shuzi_xyx",5,1],"118":["img/car/skeleton",8,1],"119":["img/rollerIcon/K/tubiao_k/texture",1,1],"120":["publicFont/shuzi_xiazhujine_0/texture",1,1],"121":["publicFont/shuzi_xiazhujine_0/spriteFrame",2,1],"122":["font/shuzi_xiazhujine_0/texture",1,1],"123":["font/shuzi_xiazhujine_0/spriteFrame",2,1],"124":["img/img_phoenix_bg2/texture",1,1],"125":["img/img_phoenix_bg2/spriteFrame",2,1],"126":["img/actionBar/dl_fh_xiazhujia0/spriteFrame",2,1],"127":["font/shuzi_lztb_jiangchi_0/texture",1,1],"128":["font/shuzi_lztb_jiangchi_0/spriteFrame",2,1],"129":["img/car/animation_up",6,1],"130":["textures/img_rule_in/spriteFrame",2,1],"131":["img/rollerIcon/9/tubiao_9/texture",1,1],"132":["PublicImg/icon_dating_jinbi/texture",1,1],"133":["PublicImg/icon_dating_jinbi/spriteFrame",2,1],"134":["img/rollerIcon/silverCoin/yindingzhongjiang",8,1],"135":["img/dialog/jackpot/sb_lbjs_JACKPOT",8,1],"136":["icon/J/texture",1,1],"137":["img/car/jiasukuang",8,1],"138":["img/rollerIcon/wild/fenghuangixaoyouxi/texture",1,1],"139":["img/guochangdonghua/texture",1,1],"140":["img/rollerIcon/wild/tubiao_xyx_niao1/texture",1,1],"141":["textures/number/spriteFrame",2,1],"142":["font/zi_zhongjiang_0/texture",1,1],"143":["font/zi_zhongjiang_0/spriteFrame",2,1],"144":["img/Lightning/shandian22/texture",1,1],"145":["img/actionBar/dl_fh_xiazhujian0/spriteFrame",2,1],"146":["img/dialog/free_box_guang/texture",1,1],"147":["img/rollerIcon/goldenToad/tubiao_jinchan/texture",1,1],"148":["img/dialog/bigwin/bigwin2/texture",1,1],"149":["img/actionBar/dl_fh_kuai_1/spriteFrame",2,1],"150":["textures/img_phoenix_iconIn/spriteFrame",2,1],"151":["prefabs/node_phoenix_sgChoose",9,1],"152":["img/actionBar/STOP/spriteFrame",2,1],"153":["smallGame/bg_fenghuang_xyx_xuanzebox_5/spriteFrame",2,1],"154":["icon/wildG1/texture",1,1],"155":["img/car/3/texture",1,1],"156":["img/car/3/spriteFrame",2,1],"157":["textures/img_phoenix_loadingBg/texture",1,1],"158":["textures/img_phoenix_loadingBg/spriteFrame",2,1],"159":["prefabs/icon",9,1],"160":["img/dialog/megawin/tongyong_mw",10,1],"161":["img/actionBar/dl_fh_spinanniu0/spriteFrame",2,1],"162":["img/actionBar/dl_fh_autobox/spriteFrame",2,1],"163":["img/guochangdonghua",8,1],"164":["img/dialog/superwin/superwin",8,1],"165":["img/actionBar/dl_fh_tuichuanniu/spriteFrame",2,1],"166":["img/PublicSkeleton/spine_guangquan2/texture",1,1],"167":["img/actionBar/dl_fh_stopicon/spriteFrame",2,1],"168":["img/rollerIcon/wild/tubiao_xyx_niao3/texture",1,1],"169":["img/icon_dt_loading_1/texture",1,1],"170":["img/icon_dt_loading_1/spriteFrame",2,1],"171":["img/actionBar/dl_fh_shezhianniu/spriteFrame",2,1],"172":["img/actionBar/dl_fh_zhongjiangbox/spriteFrame",2,1],"173":["icon/tortoise/texture",1,1],"174":["img/actionBar/dl_fh_spinanniu/spriteFrame",2,1],"175":["textures/word_phoenix_total/spriteFrame",2,1],"176":["icon/A/texture",1,1],"177":["icon/wildB/texture",1,1],"178":["img/car/jiasukuang",7,1],"179":["img/rollerIcon/wild/tubiao_xyx_niao5",8,1],"180":["img/rollerIcon/wild/tubiao_xyx_niao1",7,1],"181":["audio/minCoin",4,1],"182":["img/rollerIcon/scatter/tubiao_tongqian",7,1],"183":["icon/wildG1",0,1],"184":["icon/wildG1/spriteFrame",2,1],"185":["img/car/3",0,1],"187":["textures/img_phoenix_loadingBg",0,1],"188":["img/rollerIcon/turtle/tubiao_gui",7,1],"190":["img/rollerIcon/wild/fenghuangputongzhongjiang",8,1],"191":["audio/chooseNum",4,1],"193":["img/rollerIcon/tiger/tubiao_hu",7,1],"194":["img/PublicSkeleton/spine_guangquan2",0,1],"195":["img/rollerIcon/A/tubiao_a",8,1],"196":["img/rollerIcon/wild/tubiao_xyx_niao3",0,1],"197":["img/icon_dt_loading_1",0,1],"198":["img/rollerIcon/wild/fenghuangputongzhongjiang",7,1],"199":["audio/phoenix_sg_bg2",4,1],"200":["icon/tortoise",0,1],"201":["icon/tortoise/spriteFrame",2,1],"202":["icon/A",0,1],"203":["icon/A/spriteFrame",2,1],"204":["icon/wildB",0,1],"205":["icon/wildB/spriteFrame",2,1],"207":["textures/auto_phoenix",3,1],"208":["smallGame/auto_smallGame",3,1],"209":["img/actionBar/dl_fh_autospindi/spriteFrame",2,1],"210":["font/shuzi_fenghuang_yinbikuang",5,1],"211":["img/Lightning/shandian/texture",1,1],"212":["textures/img_roller_bgUp/spriteFrame",2,1],"213":["img/dialog/bigwin/tongyong_bw",10,1],"214":["img/actionBar/dl_shezhi_guan/spriteFrame",2,1],"215":["img/actionBar/dl_fh_autoxuanzhong/spriteFrame",2,1],"216":["img/actionBar/SOUND/spriteFrame",2,1],"217":["img/rollerIcon/wild/tubiao_xyx_niao5/texture",1,1],"218":["textures/img_rule_off/spriteFrame",2,1],"219":["img/animation_selected",6,1],"220":["img/btn_off/texture",1,1],"221":["img/btn_off/spriteFrame",2,1],"222":["img/dialog/superwin/slots_common_game_sw_gold/texture",1,1],"223":["img/rollerIcon/silverCoin/yindingzhongjiang/texture",1,1],"224":["img/dialog/jackpot/fire0001/texture",1,1],"225":["img/dialog/jackpot/fire0001/spriteFrame",2,1],"226":["prefabs/dialogWin",9,1],"227":["img/actionBar/dl_fh_autoanniu1/spriteFrame",2,1],"228":["img/dialog/superwin/superwin2/texture",1,1],"229":["img/dialog/megawin/megawin",8,1],"230":["img/rollerIcon/silverCoin/yindingchuxian/texture",1,1],"231":["icon/scatter/texture",1,1],"232":["img/car/animation/animation_autoLauncher_down",6,1],"233":["img/actionBar/AUTO/spriteFrame",2,1],"234":["img/actionBar/FREE SPINS LEFT/spriteFrame",2,1],"235":["img/actionBar/dl_fh_autoweixuan/spriteFrame",2,1],"236":["img/rollerIcon/wild/tubiao_xyx_niao4/texture",1,1],"237":["img/car/animation_title",6,1],"238":["img/rollerIcon/turtle/tubiao_gui/texture",1,1],"239":["img/dialog/megawin/megawin/texture",1,1],"240":["img/car/animation/animation_autoLauncher_up",6,1],"241":["img/PublicSkeleton/spine_guangquan",8,1],"242":["img/rollerIcon/bat/tubiao_bianfu/texture",1,1],"243":["textures/img_phoenix_bgRed/spriteFrame",2,1],"244":["img/rollerIcon/wild/fenghuangputongzhongjiang/texture",1,1],"245":["img/dialog/superwin/fire0001/texture",1,1],"246":["img/dialog/superwin/fire0001/spriteFrame",2,1],"247":["img/icon_dt_loading_0/texture",1,1],"248":["img/icon_dt_loading_0/spriteFrame",2,1],"249":["img/dialog/jackpot/tongyong_jp",10,1],"250":["smallGame/bg_fenghuang_xyx_xuanzebox_4/spriteFrame",2,1],"251":["icon/wildG/texture",1,1],"252":["img/actionBar/dl_fh_xiazhujia/spriteFrame",2,1],"253":["img/actionBar/dl_fh_caidananniu/spriteFrame",2,1],"254":["prefabs/flyBg",9,1],"255":["font/shuzi_fenghuang_yinbikuang_0/texture",1,1],"256":["font/shuzi_fenghuang_yinbikuang_0/spriteFrame",2,1],"257":["icon/tiger/texture",1,1],"258":["prefabs/slotPanel",9,1],"259":["img/dialog/superwin/sb_lbjs_SUPERWIN/texture",1,1],"260":["img/img_phoenix_bg/texture",1,1],"261":["img/img_phoenix_bg/spriteFrame",2,1],"262":["smallGame/bg_fenghuang_xyx_xuanzebox_3/spriteFrame",2,1],"263":["img/rollerIcon/scatter/skeleton/texture",1,1],"264":["img/actionBar/dl_fh_dibox/texture",1,1],"265":["img/actionBar/dl_fh_dibox/spriteFrame",2,1],"266":["img/actionBar/dl_fh_stopicon0/spriteFrame",2,1],"267":["img/actionBar/mianfeibox/spriteFrame",2,1],"268":["img/dialog/bigwin/bigwin",8,1],"269":["font/shuzi_xyx_0/texture",1,1],"270":["font/shuzi_xyx_0/spriteFrame",2,1],"271":["font/num_result",5,1],"272":["img/dialog/megawin/fire0001/texture",1,1],"273":["img/dialog/megawin/fire0001/spriteFrame",2,1],"274":["img/actionBar/dl_shezhi_kai/spriteFrame",2,1],"275":["img/dialog/superwin/tongyong_sw",10,1],"276":["prefabs/node_phoenix_totalBet",9,1],"277":["img/actionBar/dl_fh_jinbijia/spriteFrame",2,1],"278":["img/dialog/jackpot/sb_lbjs_JACKPOT/texture",1,1],"279":["img/actionBar/SETTINGS/spriteFrame",2,1],"280":["img/rollerIcon/tiger/tubiao_hu/texture",1,1],"281":["textures/img_rule_bg/spriteFrame",2,1],"282":["icon/Q/texture",1,1],"283":["img/rollerIcon/J/tubiao_j/texture",1,1],"284":["img/car/free_box_guang",8,1],"285":["img/actionBar/GOOD LUCK/spriteFrame",2,1],"286":["img/actionBar/dl_fh_spinicon/spriteFrame",2,1],"287":["img/actionBar/bg_fenghuang_guizeban/spriteFrame",2,1],"288":["img/dialog/superwin/superwin/texture",1,1],"289":["textures/btn_rule_close/spriteFrame",2,1],"290":["img/actionBar/dl_fh_guizeanniu/spriteFrame",2,1],"291":["prefabs/prefabs_phoenix_loading",9,1],"292":["img/actionBar/dl_fh_confirm/spriteFrame",2,1],"293":["icon/9/texture",1,1],"294":["font/zi_zhongjiang",5,1],"295":["font/shuzi_xiazhujine",5,1],"296":["smallGame/bg_fenghuang_xyx_xuanzebox_2/spriteFrame",2,1],"297":["icon/frog/texture",1,1],"298":["img/btn_null/texture",1,1],"299":["img/actionBar/dl_fh_jinbibox2/spriteFrame",2,1],"300":["img/rollerIcon/A/tubiao_a/texture",1,1],"301":["img/dialog/skeleton",8,1],"302":["img/actionBar/ing_auto_title/spriteFrame",2,1],"304":["img/rollerIcon/wild/tubiao_xyx_niao3",8,1],"305":["img/car/xiaoyouxijiacishu",7,1],"306":["icon/wildP",0,1],"307":["icon/wildP/spriteFrame",2,1],"312":["img/rollerIcon/wild/tubiao_xyx_niao5",7,1],"316":["img/rollerIcon/J/tubiao_j",7,1],"317":["prefabs/rulePanel",9,1],"318":["img/Lightning/shandian",7,1],"319":["img/rollerIcon/q/tubiao_q",8,1],"320":["audio/scatter",4,1],"321":["img/dialog/jackpot/sb_lbjs_JACKPOT",7,1],"322":["img/rollerIcon/goldenToad/tubiao_jinchan",8,1],"323":["img/dialog/skeleton",0,1],"324":["img/dialog/superwin/superwin",7,1],"325":["img/rollerIcon/A/tubiao_a",7,1],"326":["img/rollerIcon/10/tubiao_10",8,1],"327":["img/dialog/megawin/megawin",7,1],"328":["img/rollerIcon/wild/tubiao_xyx_niao2",8,1],"329":["icon/bat",0,1],"330":["icon/bat/spriteFrame",2,1],"331":["img/addOne",0,1],"332":["audio/phoenix_card",4,1],"333":["icon/10",0,1],"334":["icon/10/spriteFrame",2,1],"335":["img/rollerIcon/silverCoin/yinbixuanzhuan",0,1],"336":["img/dialog/megawin/megawin2",0,1],"337":["img/rollerIcon/scatter/yindingchuxian",0,1],"338":["img/dialog/bigwin/fire0001",0,1],"339":["audio/phoenix_collect_coin",4,1],"340":["img/rollerIcon/wild/tubiao_xyx_niao3",7,1],"341":["font/num_result_0",0,1],"342":["img/guochangdonghua",7,1],"343":["audio/phoenix_add_num",4,1],"344":["img/dialog/superwin/slots_common_game_sw_gold",8,1],"345":["audio/ding",4,1],"346":["img/rollerIcon/silverCoin/yindingzhongjiang",7,1],"347":["icon/yuanBao",0,1],"348":["icon/wildR",0,1],"349":["icon/wildR/spriteFrame",2,1],"350":["img/rollerIcon/10/tubiao_10",7,1],"351":["img/rollerIcon/silverCoin/yinbixuanzhuan",7,1],"352":["img/rollerIcon/wild/tubiao_xyx_niao2",0,1],"353":["img/Lightning/shandian",8,1],"354":["PublicImg/Rptidakmencukupi",0,1],"355":["img/dialog/superwin/sb_lbjs_SUPERWIN",7,1],"356":["img/rollerIcon/wild/fenghuangixaoyouxi",7,1],"357":["img/PublicSkeleton/spine_guangquan",0,1],"358":["img/car/free_box_guang",0,1],"359":["img/dialog/free_box_guang",8,1],"360":["img/dialog/skeleton",7,1],"362":["img/rollerIcon/scatter/yindingchuxian",7,1],"363":["img/rollerIcon/K/tubiao_k",0,1],"364":["img/dialog/bigwin/bigwin",7,1],"365":["img/rollerIcon/silverCoin/yindingchuxian",7,1],"366":["img/rollerIcon/bat/tubiao_bianfu",7,1],"367":["publicFont/shuzi_xiazhujine_0",0,1],"368":["img/dialog/free_box_guang",7,1],"369":["audio/turn",4,1],"370":["audio/btn_click",4,1],"371":["font/shuzi_xiazhujine_0",0,1],"372":["img/rollerIcon/q/tubiao_q",7,1],"373":["img/img_phoenix_bg2",0,1],"374":["font/shuzi_lztb_jiangchi_0",0,1],"375":["img/rollerIcon/tiger/tubiao_hu",8,1],"376":["img/rollerIcon/9/tubiao_9",0,1],"377":["PublicImg/icon_dating_jinbi",0,1],"378":["icon/J",0,1],"379":["icon/J/spriteFrame",2,1],"380":["audio/phoenix_sg_bg1",4,1],"381":["img/rollerIcon/goldenToad/tubiao_jinchan",7,1],"382":["img/rollerIcon/wild/fenghuangixaoyouxi",0,1],"383":["img/guochangdonghua",0,1],"384":["img/rollerIcon/scatter/skeleton",7,1],"385":["img/rollerIcon/wild/tubiao_xyx_niao1",0,1],"386":["font/zi_zhongjiang_0",0,1],"387":["img/Lightning/shandian22",0,1],"388":["img/dialog/free_box_guang",0,1],"389":["img/rollerIcon/goldenToad/tubiao_jinchan",0,1],"390":["img/dialog/bigwin/bigwin2",0,1],"394":["audio/phoenix_choose_card",4,1],"395":["img/Lightning/shandian",0,1],"396":["img/rollerIcon/wild/tubiao_xyx_niao5",0,1],"397":["audio/phoenix_little_coin",4,1],"398":["img/PublicSkeleton/spine_guangquan",7,1],"399":["prefabs/prefab_resultSmall",9,1],"400":["audio/phoenix_bg",4,1],"401":["img/btn_off",0,1],"405":["img/dialog/superwin/slots_common_game_sw_gold",0,1],"406":["img/dialog/superwin/slots_common_game_sw_gold/spriteFrame",2,1],"407":["prefabs/prefab_phoenix_set",9,1],"408":["img/rollerIcon/silverCoin/yindingzhongjiang",0,1],"409":["audio/get_coin",4,1],"410":["img/dialog/jackpot/fire0001",0,1],"411":["audio/ling",4,1],"412":["img/dialog/superwin/superwin2",0,1],"413":["img/rollerIcon/turtle/tubiao_gui",8,1],"414":["img/rollerIcon/silverCoin/yindingchuxian",0,1],"415":["icon/scatter",0,1],"416":["icon/scatter/spriteFrame",2,1],"417":["img/car/skeleton",7,1],"418":["img/rollerIcon/K/tubiao_k",7,1],"419":["img/car/xiaoyouxijiacishu",8,1],"420":["img/rollerIcon/wild/tubiao_xyx_niao1",8,1],"421":["img/rollerIcon/wild/tubiao_xyx_niao4",0,1],"422":["img/rollerIcon/turtle/tubiao_gui",0,1],"423":["img/dialog/megawin/megawin",0,1],"424":["img/rollerIcon/bat/tubiao_bianfu",0,1],"425":["audio/phoenix_buycard",4,1],"426":["img/rollerIcon/wild/fenghuangputongzhongjiang",0,1],"427":["img/rollerIcon/K/tubiao_k",8,1],"428":["img/dialog/superwin/sb_lbjs_SUPERWIN",8,1],"429":["img/dialog/superwin/fire0001",0,1],"430":["img/icon_dt_loading_0",0,1],"431":["img/rollerIcon/scatter/skeleton",8,1],"432":["audio/shell_end",4,1],"433":["img/rollerIcon/9/tubiao_9",8,1],"434":["img/car/free_box_guang",7,1],"435":["icon/wildG",0,1],"436":["icon/wildG/spriteFrame",2,1],"437":["img/rollerIcon/J/tubiao_j",8,1],"438":["font/shuzi_fenghuang_yinbikuang_0",0,1],"439":["icon/tiger",0,1],"440":["icon/tiger/spriteFrame",2,1],"441":["img/dialog/superwin/sb_lbjs_SUPERWIN",0,1],"442":["img/dialog/superwin/sb_lbjs_SUPERWIN/spriteFrame",2,1],"443":["img/img_phoenix_bg",0,1],"444":["img/rollerIcon/9/tubiao_9",7,1],"445":["img/rollerIcon/scatter/skeleton",0,1],"446":["img/actionBar/dl_fh_dibox",0,1],"447":["audio/maxCoin",4,1],"448":["font/shuzi_xyx_0",0,1],"449":["img/dialog/megawin/fire0001",0,1],"450":["img/rollerIcon/wild/tubiao_xyx_niao4",7,1],"451":["img/dialog/jackpot/sb_lbjs_JACKPOT",0,1],"452":["img/dialog/jackpot/sb_lbjs_JACKPOT/spriteFrame",2,1],"453":["img/rollerIcon/tiger/tubiao_hu",0,1],"454":["img/rollerIcon/scatter/tubiao_tongqian",8,1],"455":["icon/Q",0,1],"456":["icon/Q/spriteFrame",2,1],"457":["img/rollerIcon/J/tubiao_j",0,1],"458":["audio/biu",4,1],"459":["audio/fast_roller",4,1],"461":["img/dialog/superwin/slots_common_game_sw_gold",7,1],"462":["img/dialog/superwin/superwin",0,1],"463":["img/rollerIcon/bat/tubiao_bianfu",8,1],"464":["icon/9",0,1],"465":["icon/9/spriteFrame",2,1],"466":["icon/frog",0,1],"467":["icon/frog/spriteFrame",2,1],"468":["img/btn_null",0,1],"469":["img/btn_null/spriteFrame",2,1],"470":["img/rollerIcon/A/tubiao_a",0,1],"471":["img/number/number-atlas-1",11,1]},"scenes":{},"packs":{"01557c024":[99,213],"018b693cc":[107,153,208,250,262,296],"01c93d828":[103,207],"053980210":[61,90,93,105,134,159],"055e99e02":[118,151,208,284],"059e1e7bd":[210,256],"07907206d":[207,281],"07bc7f754":[135,143,164,225,226,229,246,249,268,275,276,294,301],"07fc23679":[163,254],"08137d8aa":[207,243],"088b5ab9e":[12,207],"08a56854d":[62,207],"08ff9a41c":[160,273],"0a7569dad":[111,133,0],"0aa582cff":[9,156],"0b011f9b1":[5,48,59,72,85,73,112,115,116,126,145,149,152,161,162,165,167,171,172,174,209,214,215,216,227,233,234,235,252,253,266,267,274,277,279,285,286,287,290,292,299,302],"0b19e5e92":[189,404],"0bd82ce2e":[28,44,45,303,66,309,311,88,100,113,114,122,124,127,139,140,142,154,155,10,157,166,168,169,173,76,69,65,314,109,110,132,138,144,177,75,63,67,71,86,95,104,131,136,146,148,391,83,6,92,96,97,7,211,11,46,91,119,147,57,98,108,94,120,176,80,220,403,222,217,223,224,228,231,230,236,238,239,242,245,244,247,251,263,257,260,259,255,264,269,272,278,280,282,283,293,288,297,298,300],"0c097f050":[392,460],"0c7ffaf0b":[102,207],"0c934fb8f":[158,170,221,248,291],"0d5caf70d":[89,106,130,141,150,175,207,218,289],"0d87d7102":[74,128],"0dd94704e":[1,8,5,47,70,315,101,117,121,123,125,137,192,0,207,241,258,261,265,270,271,295],"0f094093d":[212,207]},"versions":{"import":[],"native":[]},"redirect":[361,"0",186,"1"],"debug":false,"extensionMap":{".ccon":[129,219,232,237,240,393]},"hasPreloadScript":true,"dependencyRelationships":{},"types":["cc.ImageAsset","cc.Texture2D","cc.SpriteFrame","cc.SpriteAtlas","cc.AudioClip","cc.BitmapFont","cc.AnimationClip","cc.Asset","sp.SkeletonData","cc.Prefab","cc.ParticleAsset","cc.LabelAtlas"]}