{"importBase":"import","nativeBase":"native","name":"phoenixV2","deps":["internal","main"],"uuids":["9bazhSNVdH96yLjrfQm0i3","06V+UsTN1PDZb2sHvC8ogO","92NBvO9jtLGZjgdfDBwMns","a96X9X5GlM15q31NBtwQRU","01HVMMhy9CEoEQPbRY02zO","02eU1fgeBAGqJxFtyLLS4+","02eU1fgeBAGqJxFtyLLS4+@6c48a","02ijK9kddJZ7wvD2cu67IN","03L+vBigBBLIDKi91CjHO/","04RS2VXulDeoONo+AAkyb3","04RS2VXulDeoONo+AAkyb3@6c48a","04smgPIs5N8bqBtJcfv1Y/","076940127","07rtvGe3BMP7Qz6X260QJd","0702XBM5hNaKOs2ba+xAI7","0702XBM5hNaKOs2ba+xAI7@6c48a","09Zi0dsQhAHaFCpgSrDtbL","09Zi0dsQhAHaFCpgSrDtbL@6c48a","09Zi0dsQhAHaFCpgSrDtbL@f9941","0bD0ASDMZHAKuVe0DgnYnf","0bQaE+D21DrLePJeSErp07","0bQaE+D21DrLePJeSErp07@6c48a","0d51w4/hFMmJC8KDGnLvMu","0eqsJ01plLS7Hv/XbqlES6","0eqsJ01plLS7Hv/XbqlES6@6c48a","0eqsJ01plLS7Hv/XbqlES6@f9941","0e18K47UNIQKqAwiVMqr+j","0e18K47UNIQKqAwiVMqr+j@6c48a","0fg3oQODhCSqrJ3ltIy4v/","10SX8ZjdxAJY8KBZ8sT0uB","10SX8ZjdxAJY8KBZ8sT0uB@6c48a","10SX8ZjdxAJY8KBZ8sT0uB@f9941","11Cp2HxaBENoAnqzOTOoW6","11Cp2HxaBENoAnqzOTOoW6@f9941","11+u9pMLZH1pNY9PN576sT","11+u9pMLZH1pNY9PN576sT@f9941","13SrRbDSFDp5v48KFGshMR","13SrRbDSFDp5v48KFGshMR@f9941","15DxdnMKlIdIGq4FtG8n5h","15o9a+oPxMfouuZyTFCcQz","15o9a+oPxMfouuZyTFCcQz@f9941","1590TKP/9Lso1NC/Ais18k","1590TKP/9Lso1NC/Ais18k@6c48a","15+TlDU1xAG6D74DBhQbA3","15+TlDU1xAG6D74DBhQbA3@6c48a","15+TlDU1xAG6D74DBhQbA3@f9941","17DqzUQhRIao5kV4ADrjew","17DqzUQhRIao5kV4ADrjew@6c48a","17gaYA5l9KV5AmodZxZs1h","17gaYA5l9KV5AmodZxZs1h@f9941","1bX7Fu8NRDCoaPfFvk8jsg","1bX7Fu8NRDCoaPfFvk8jsg@f9941","1bflAOxSJFJ4iBVoWXz6N8","1bx2N0KBtDJ6SFIt47gnNU","1bx2N0KBtDJ6SFIt47gnNU@f9941","1b8bDds75KQqBn552p9Y53","1dO31XsUdO9r/cSIW0NVrc","1dO31XsUdO9r/cSIW0NVrc@6c48a","1dO31XsUdO9r/cSIW0NVrc@f9941","22Br6hipBM+bbHujYkeAb8","25NjZfJd5BjZx/ueACVexP","25iFMlkGFK+qMfn3833m8z","27D/tejSNMbLGHDT+VrN6Q","28RD3AVmxMypp7CxsX0zeu","29jZ17WT1BWZysSDqd8Ihz","295C/xa1ZB8aDi6fAW22IX","2bz1MKHRdLvbSwdPAN1pyQ","2dPwv0m5lGp6qf4Trx8h7k","2dPwv0m5lGp6qf4Trx8h7k@6c48a","2dt6dBzshArqDs2RjUlvlk","2dt6dBzshArqDs2RjUlvlk@f9941","2eQebn/JRMbILKMAJXh4CZ","2eqcMbmTBPm5w7PHQV+Kp3","2fVtl2MghPN7y3tw+jCapZ","30UrmHKNxExaEYEIv0fBBj","30ZPUYfdFKu4y/SJvl2XpA","31SMl5kVRP7LnbXhQolhLh","33TpzzjwRIdKh+y/5EZbcO","34Z1x7OitGdJWUEmax94Ij","34Z1x7OitGdJWUEmax94Ij@6c48a","34Z1x7OitGdJWUEmax94Ij@f9941","35EqF8cSNJw7ZRglmoUv/t","35EqF8cSNJw7ZRglmoUv/t@6c48a","35EqF8cSNJw7ZRglmoUv/t@f9941","36/ccesVNN3oeHXS7bHYjl","37MZdRyLlILotflZziLRl3","37MZdRyLlILotflZziLRl3@6c48a","37MZdRyLlILotflZziLRl3@f9941","38XSq2Os5Co7b0Pt2ZV19N","38XSq2Os5Co7b0Pt2ZV19N@6c48a","38h7H/VBFM94XQ1rHC3oK5","38h7H/VBFM94XQ1rHC3oK5@6c48a","39M/4X71BAi66SKz99P0fK","39M/4X71BAi66SKz99P0fK@6c48a","39OHQrtMRP+bX7qhUE4lcA","39OHQrtMRP+bX7qhUE4lcA@6c48a","39OHQrtMRP+bX7qhUE4lcA@f9941","39ieejmv1JBJnMSAIjicf/","3aYS0roqhC1ZQwtgSBbelS","3alk2sn41HZbls0EqmaSdI","3alk2sn41HZbls0EqmaSdI@6c48a","3alk2sn41HZbls0EqmaSdI@f9941","3bDVfzpu9Gm7UQUCN/QlXg","3bbME6cFdPG7TswKkkxHbz","3bhyqEAxlFK79CliN97O3V","3dmaBX5nBCX5+OyxVsZKsl","3eziNwTeJNupHKn9CnmLWd","3eziNwTeJNupHKn9CnmLWd@f9941","3e7CWC0gxGjY+aA18jPulr","3fRYV4FkJHvrb5nlfai/86","3fRYV4FkJHvrb5nlfai/86@f9941","40LEmo0MlPfqIGPMzlZ6YH","40LEmo0MlPfqIGPMzlZ6YH@6c48a","40LEmo0MlPfqIGPMzlZ6YH@f9941","41w68m8LBLorKADEs4QOe6","41w68m8LBLorKADEs4QOe6@f9941","42h10fq/JKJZPf2wyBhd79","42h10fq/JKJZPf2wyBhd79@f9941","44QkEOO31B/Z5haYCQCZTM","44QkEOO31B/Z5haYCQCZTM@6c48a","44QkEOO31B/Z5haYCQCZTM@f9941","44ddfTWR5DsqKCglgw1hIr","4573TQBadICIYkm47IT1L5","463tdPn8lKk6Ljzx30GkVl","463tdPn8lKk6Ljzx30GkVl@6c48a","48ij1VX2lH3oWjYUNttnyj","4803lKudFJfoeTskQx0z+M","4803lKudFJfoeTskQx0z+M@6c48a","4803lKudFJfoeTskQx0z+M@f9941","49BGSXXxlABoqTy9ha3wrT","4915d6mr5Byr0qUDhg7aXs","4aH3Zie0RLn6qo2OFAQxlr","4aH3Zie0RLn6qo2OFAQxlr@f9941","4aqvVhLR9HPo720Kk3F3x6","4aqvVhLR9HPo720Kk3F3x6@6c48a","4bks4cuKZG0ZMMM+1vfQq/","4bks4cuKZG0ZMMM+1vfQq/@6c48a","4egw0i8FtL4r4oaetbtodw","4fVMqfVWlDi57nlTpw/m6E","4fVMqfVWlDi57nlTpw/m6E@f9941","50Nkj44CVK35Ag2sfKytzw","50/Npv6/FIGZsSvkjolTaL","50/Npv6/FIGZsSvkjolTaL@f9941","51vIuXiW1Jy7IrSs655Fbi","52BCe1sllHuZELRDINF5UI","53TxQQm7hNW7qeR755utBG","53d3rSOpFDUoiunXog1bgJ","53d3rSOpFDUoiunXog1bgJ@6c48a","53m8qE6XVFKp3dKG4rXIWP","57UQ2AMNtKkYagQAUa2ygY","57tUBXbKNAN62bk4Uwijj0","58JlQIgIVCrrEMZ9ViUNKG","58JlQIgIVCrrEMZ9ViUNKG@6c48a","58JlQIgIVCrrEMZ9ViUNKG@f9941","59PvPZ5e9HUYV4FI8fdg2c","59fRZfXRhI1pHTRfmUwdDt","5aUv+qmcBG97MIK+6TQIza","5aV+KbxU5PkprBLU8Ivc+f","5aV+KbxU5PkprBLU8Ivc+f@6c48a","5aV+KbxU5PkprBLU8Ivc+f@f9941","5ctIcZBMxE/6oLLCwhKgH7","5d5MN56EdFbpSZawr2WYOB","5d5MN56EdFbpSZawr2WYOB@6c48a","5d5MN56EdFbpSZawr2WYOB@f9941","5e2tpHwd9Oe48d+o/aFHlJ","5e2tpHwd9Oe48d+o/aFHlJ@f9941","5fFb1B5HRJnafit/Yh769s","5fFb1B5HRJnafit/Yh769s@6c48a","5fFb1B5HRJnafit/Yh769s@f9941","61UnYL/qhCnqZy/jTTa8lr","61lxLp5fxMZJv5jc10C/j2","61lxLp5fxMZJv5jc10C/j2@f9941","61uwvYEzdPE5s5I6QJnW4/","62DqO5CzdLkKkL1dKTGIhT","62DqO5CzdLkKkL1dKTGIhT@6c48a","62uXAA23NBnIg2xXO8etmu","62uXAA23NBnIg2xXO8etmu@6c48a","62uXAA23NBnIg2xXO8etmu@f9941","63+9L4VUFPaJoje+wJIoBu","64p4Vi1thFsZpScvQmrDAi","65jxssuWFP5rJyw7qk7SvO","65jxssuWFP5rJyw7qk7SvO@6c48a","65jxssuWFP5rJyw7qk7SvO@f9941","67adcWCBlAFo8NZCyy7H91","68DmQNBwlINKI5eDX6Kj/v","68JpII0vtOJJK/61DdJ/qA","69tgB5eoFDlYTXnW+wRvoo","69tgB5eoFDlYTXnW+wRvoo@6c48a","6cF4tnielG445WsfYhuQT5","6cF4tnielG445WsfYhuQT5@6c48a","6ceK75adpDDYIzcMWf2JZ+","6dcxhdXPFO06IHsSLNmbZ9","6dcxhdXPFO06IHsSLNmbZ9@6c48a","6efIf2uGZL2IYh2A7QpzKF","6efIf2uGZL2IYh2A7QpzKF@f9941","6fRae5qytK0JfE7S2WaTns","6fRae5qytK0JfE7S2WaTns@6c48a","6fRae5qytK0JfE7S2WaTns@f9941","70oZWdP81Jn5SmyroUsGrU","70oZWdP81Jn5SmyroUsGrU@6c48a","71H8ixFahKqqykbBqvhXOu","71H8ixFahKqqykbBqvhXOu@f9941","71jH2RnCFOYZ6yZplcGUr/","71jH2RnCFOYZ6yZplcGUr/@6c48a","72I27FnSNGSKDH/EO4hiO/","72I27FnSNGSKDH/EO4hiO/@6c48a","72On1fFeJAErZXMWcGTu0/","72On1fFeJAErZXMWcGTu0/@6c48a","73v1jtVv9D5rxsZMGCSQ7s","73v1jtVv9D5rxsZMGCSQ7s@f9941","74JkJ1IjlFsbUp2PcYqxdm","74JkJ1IjlFsbUp2PcYqxdm@f9941","740C/ASbtDzoQgdrcQ1kTF","75Kel+YipOI7C36GE+Wv52","75K2ugNyVM6r6V7px0dhKg","75v700D7JAB58MyGusMOCh","76SNVdXCZKXaCPM/f9HfI7","76SNVdXCZKXaCPM/f9HfI7@f9941","76VwoxJx5AlbZSp6TUaGnr","79VNZrbdFNAKJrsaTHBorO","7bdXhXDdRBw54gk4NVJEK4","7bdXhXDdRBw54gk4NVJEK4@f9941","7chdzSuF5JvKukDdU7mzlG","7chdzSuF5JvKukDdU7mzlG@6c48a","7chdzSuF5JvKukDdU7mzlG@f9941","7ctfsaYXFJz4aPyfoBNZ73","7ctfsaYXFJz4aPyfoBNZ73@6c48a","7ctfsaYXFJz4aPyfoBNZ73@f9941","7dvy4yR8NOrIzilyWIGJeK","7dvy4yR8NOrIzilyWIGJeK@6c48a","7dvy4yR8NOrIzilyWIGJeK@f9941","7d4hFssWZKUY42FlysMhrp","7e+PMcU1JD5o1K5cHRAJIE","7fauQ5aKlOV4otdW3PqZfq","7flXK7WuVKkpdaNn1AsEM1","7flXK7WuVKkpdaNn1AsEM1@f9941","80I9zH3fBMgLYRD96oZyYA","80I9zH3fBMgLYRD96oZyYA@f9941","82TOehrlpOpqTl+taB51LF","84YozJVPhL3pA6UMPxDFx5","87wfxLI0VDiqIu4QT/ZMDI","87+raShNtLeYyM6fyqgcMm","8aKe5ywPlP6bP7GsHrJWug","8aPlbUfspHdZwQSzIYwpL0","8aPlbUfspHdZwQSzIYwpL0@f9941","8aW9RdRVtB1am3Ww8f2jqq","8aW9RdRVtB1am3Ww8f2jqq@6c48a","8ahpjbMdlAQYwniykrFtX0","8ahpjbMdlAQYwniykrFtX0@f9941","8b1uI/DDBBgpaTZgyh0E7G","8c1yuAJt1IYbOSJ3y05fiN","8c1yuAJt1IYbOSJ3y05fiN@6c48a","8dLTQaQjdJLZgQdQi3RSq3","8dLTQaQjdJLZgQdQi3RSq3@6c48a","8dLTQaQjdJLZgQdQi3RSq3@f9941","8dYa/AY9NAdLDVjNhrOaKi","8ddMO4f6dIZ5DtxW5VrigI","8ddMO4f6dIZ5DtxW5VrigI@f9941","8d9pAAsQ9PfZfc7HL412vb","8eEPSqPYpA/LQl0KD3YxGX","8eEPSqPYpA/LQl0KD3YxGX@f9941","8ew5mmNVFKgpbxP2nF7Wm+","8ew5mmNVFKgpbxP2nF7Wm+@6c48a","8ew5mmNVFKgpbxP2nF7Wm+@f9941","8facFcl7lIb6jGjb8KBu0k","8facFcl7lIb6jGjb8KBu0k@f9941","8ff/oAv/BGp6LyL7h/SvkJ","8ff/oAv/BGp6LyL7h/SvkJ@f9941","90czQy/f5LFaqqTrdi3sJi","90czQy/f5LFaqqTrdi3sJi@6c48a","90czQy/f5LFaqqTrdi3sJi@f9941","902w2fn+FPJbuNY9xnzM/9","902w2fn+FPJbuNY9xnzM/9@6c48a","902w2fn+FPJbuNY9xnzM/9@f9941","93v8aWc1JMe6aEuOmDx43F","93v8aWc1JMe6aEuOmDx43F@f9941","95R/Idx+lOPZPXGWDYaU07","95wZLVdWRDxZguKKZzDx2f","96E7iWCeVCs7moBiwXyrxw","96E7iWCeVCs7moBiwXyrxw@6c48a","99kqHov3dICoVVYRYjuBJB","99kqHov3dICoVVYRYjuBJB@f9941","9ei2xozGpIV7hTs2gTFi9V","9fG+HH9sFDQJL0illJyG4k","9fG+HH9sFDQJL0illJyG4k@f9941","a0eXs/pfNFJbePgBu1Pru9","a0eXs/pfNFJbePgBu1Pru9@f9941","a0+kR/+gZKoa+Ot0oj7akL","a0+kR/+gZKoa+Ot0oj7akL@f9941","a1iKOqGLNP9JxQcWnvAJDb","a1iKOqGLNP9JxQcWnvAJDb@6c48a","a17a4EG7tA56cQU6Ojfzqj","a2RdCLzixEU5exuXX/GJrc","a2urQFkZlENqjQBV8ZFEwP","a3l6+kPN9DMpQ4zOsVIyyH","a3l6+kPN9DMpQ4zOsVIyyH@f9941","a4dZvKS6NGX4/ib/KqyDJC","a88nbo5dpLiqAF1IB2GqNK","a8/Drl9zBBuYgCN6iy0KQZ","a8/Drl9zBBuYgCN6iy0KQZ@6c48a","a8/Drl9zBBuYgCN6iy0KQZ@f9941","a9o88yEy1HTKcocM/XIzjC","a9o88yEy1HTKcocM/XIzjC@6c48a","a9o88yEy1HTKcocM/XIzjC@f9941","aa+sdz1AJJh7Z8ju3R4wf8","abJT3vMclCvKyhYDKptdnF","abJT3vMclCvKyhYDKptdnF@6c48a","abkUc17AFFQ6s+gyuI10sO","ab8QBXLPRJoKV6rYjPCfjh","ab8QBXLPRJoKV6rYjPCfjh@6c48a","ab8QBXLPRJoKV6rYjPCfjh@f9941","acoQ+m26hISqFk/ScZ4lER","adcC6A5sFOK6Bf175KHJL5","adrDzHEShPWLAEz53kMfW0","adrDzHEShPWLAEz53kMfW0@f9941","afn0elfX9Ovo/SjnJt0o4a","afn0elfX9Ovo/SjnJt0o4a@6c48a","b1eTe9QdRHPLyKR8uP4vxN","b3DXOv6oBOFLTAnGBnSMxC","b3V1Qx9WFA94kpkwd3BoMk","b3V1Qx9WFA94kpkwd3BoMk@6c48a","b4TfRvDX1DmI0Ju9usLnlV","b4TfRvDX1DmI0Ju9usLnlV@6c48a","b4TfRvDX1DmI0Ju9usLnlV@f9941","b5CU/gd+hJnpJ7ByL5zzLl","b5f6cGysNDTZuczrRdjB8T","b68q4N7RRIs7sYYC/mxg0y","b68q4N7RRIs7sYYC/mxg0y@f9941","b7HS5l55hPup3Kc/v45lKJ","b7HS5l55hPup3Kc/v45lKJ@f9941","b8POWjqAFOLbziGDr/8nmT","b8gBnhYJ1A1Z120xeoVCiW","b8gBnhYJ1A1Z120xeoVCiW@f9941","b9eF5bYMNPKYhVF3ZnoU5e","b9jTEW5RxBqoBFVo8HiGnd","bazHCyA2tGRahIR4xISwNd","bazHCyA2tGRahIR4xISwNd@6c48a","bcRbsW0XZJtbtFW1Mnkf6g","bdHYiYRy9C4Jp0P2TUyzTA","bdHYiYRy9C4Jp0P2TUyzTA@6c48a","bd1c50Q2ZHQL4hh5YozRUn","bd1c50Q2ZHQL4hh5YozRUn@6c48a","c0ABd+HPhNmKDerjgG3TKU","c0Kw7nBbdJa5IxYjOig8Ma","c0ioz/sY1EcaLqJK9DTqD3","c0ioz/sY1EcaLqJK9DTqD3@6c48a","c1jYnvAsFJk7SPaXLNPoXm","c3LEssRDlI4ZwsSQ+q2KnC","c3LEssRDlI4ZwsSQ+q2KnC@f9941","c5FwvhplBH5IMRPCoOFIpv","c5FwvhplBH5IMRPCoOFIpv@6c48a","c7IbT09tpJRqG65Toh5JVm","c7L6GWNdJI3IGz9YccVZex","c8HkEs2fZDgrMt8GmvqmkT","c8HkEs2fZDgrMt8GmvqmkT@6c48a","c8HkEs2fZDgrMt8GmvqmkT@f9941","c8VweT4SVL5aeSsoT5Vb7I","c8VweT4SVL5aeSsoT5Vb7I@6c48a","c8VweT4SVL5aeSsoT5Vb7I@f9941","c9upYGxcJIfIAvM2jtYO0d","c98o/lyMVNPL4bRX/5gY5h","cbISr/RXdAsrWriHUdi3w3","cbI3CrcpRMAY5CNZS+1t2G","cde0DQl/ZBM61Uzw6MciJo","cde0DQl/ZBM61Uzw6MciJo@f9941","cdmR8vkQZIK7oAKAiTxp7n","cfUTHl8ktC0rjs/+incI5I","cfUTHl8ktC0rjs/+incI5I@6c48a","cfUTHl8ktC0rjs/+incI5I@f9941","cfrTURZDtFJpw6xzALOxOF","cfwwuOsoBEFbtT6hEpYHex","cfwwuOsoBEFbtT6hEpYHex@f9941","d0g4oq2ztGDZr/X4xlbfr9","d0g4oq2ztGDZr/X4xlbfr9@f9941","d0l1LQbG1MoaWMM8MX5xa8","d3ZICFUdZL3b1yd/noKZ+c","d3ZICFUdZL3b1yd/noKZ+c@6c48a","d3ZICFUdZL3b1yd/noKZ+c@f9941","d4fQrAXvRAL452q5bF/j9o","d4fQrAXvRAL452q5bF/j9o@6c48a","d4fQrAXvRAL452q5bF/j9o@f9941","d40J/pTNFDwbUomYyLtIK5","d6FV10GFpOxplOgMPgiamb","d6FV10GFpOxplOgMPgiamb@6c48a","d6FV10GFpOxplOgMPgiamb@f9941","d6Kzyo7SlBKIpE14hHiBLw","d6Kzyo7SlBKIpE14hHiBLw@6c48a","d6Kzyo7SlBKIpE14hHiBLw@f9941","d6w2enLDZH7JJy4OyeLUFy","d7jol+aUZL4IyyINZTPGfZ","d7jol+aUZL4IyyINZTPGfZ@f9941","d9zXZELx9JUoW3iunwMHHQ","d9zXZELx9JUoW3iunwMHHQ@6c48a","daBuqizWlA6aMHzJxvmBeb","daBuqizWlA6aMHzJxvmBeb@6c48a","daBuqizWlA6aMHzJxvmBeb@f9941","dam6TkrUlLeKym2VkM4T+f","dcEXVYrWlEnpJ69YlfDHgI@f9941","dcLavlnyFHRYpXjpAgMxs7","dcLavlnyFHRYpXjpAgMxs7@f9941","dcW8GeBTBKvLLRwkyWHnKO","ddP/wErV5DpLNCr3A1Z99a","ddP/wErV5DpLNCr3A1Z99a@6c48a","ddP/wErV5DpLNCr3A1Z99a@f9941","ddYJLwpwpHtqFQEXbQD/+/","degLCObMtKqZ6DVHmYAfKd","degLCObMtKqZ6DVHmYAfKd@6c48a","degLCObMtKqZ6DVHmYAfKd@f9941","dfu3FRCI5MdqpWwE4tYwhL","dfu3FRCI5MdqpWwE4tYwhL@f9941","e0N+wKegBElb0G+53xIeok","e4Y5+RnZVKOpAyQ5xWblU9","e4Z5ZliSdL9IA5NUbPLGmV","e4+MIWNGZDLqV6fTNoVgbB","e4+MIWNGZDLqV6fTNoVgbB@f9941","e7Aj48wuNGUY5RkiwbahG4","e7Aj48wuNGUY5RkiwbahG4@6c48a","e7Aj48wuNGUY5RkiwbahG4@f9941","eaMA/eC2JAYKU4WGcfiuNP","eaMA/eC2JAYKU4WGcfiuNP@f9941","ebjKbL6SZPU7VdeBxQ8nYg","ebjKbL6SZPU7VdeBxQ8nYg@6c48a","ecTWfwQJJFSKtaO+NDAIC4","ecTWfwQJJFSKtaO+NDAIC4@f9941","ecnq2DaAtKI4cPFr/jnqwk","edZ1WskGNEvL1H4XRx8Dvq","edZ1WskGNEvL1H4XRx8Dvq@6c48a","edZ1WskGNEvL1H4XRx8Dvq@f9941","efBf9LLuFE5JyUPwpJgWZJ","efBf9LLuFE5JyUPwpJgWZJ@6c48a","f0LfjALbJOIJ+8IYf4VtFG","f0cda7kRpIdZ/UuJSVga5g","f1TKNkYE5EBIYAVRvF+K2e","f1TKNkYE5EBIYAVRvF+K2e@f9941","f1Y7qukl9CvoEzNRjspUoh","f1Y7qukl9CvoEzNRjspUoh@f9941","f15svI5exEIa+WmoHVqcQt","f15svI5exEIa+WmoHVqcQt@f9941","f46bsKH6VAGqs8xTfEMzOE","f5gGvEyidCD5D1qnVA7gC8","f5kGb8NsZIUYRtU9lyaFoD","f5kGb8NsZIUYRtU9lyaFoD@6c48a","f6TN4MgTpDMZCIEVRj+JZC","f63ajxEsNIapeb+sJQPifO","f63ajxEsNIapeb+sJQPifO@f9941","f64PTXv2pEM5dH3OmAa1wW","f64PTXv2pEM5dH3OmAa1wW@f9941","f6/UfQ0ndATrmUUfXYL3lt","f703bppWFGNY7faL3Kf6Gq","f703bppWFGNY7faL3Kf6Gq@f9941","f8/8aL+FdLvrRXuI76OJVi","f8/8aL+FdLvrRXuI76OJVi@6c48a","f8/8aL+FdLvrRXuI76OJVi@f9941","f92UiQYhJDobkZJmapi86Q","faGrgNgJVA/qyl7C07AFp0","fax64h9bhIS5ij8oyNhTGk","fax64h9bhIS5ij8oyNhTGk@f9941","fazkgHX4REZpUXa2GOKBYc","fazkgHX4REZpUXa2GOKBYc@6c48a","fazkgHX4REZpUXa2GOKBYc@f9941","fa0XxNkvJKzKC+twm9fNiY","fa0XxNkvJKzKC+twm9fNiY@6c48a","fa0XxNkvJKzKC+twm9fNiY@f9941","fbEwWoQRlFrZnCP/gdh4cz","fbEwWoQRlFrZnCP/gdh4cz@f9941","fcutvc4JNGuLYAVUTBCty5","fcutvc4JNGuLYAVUTBCty5@6c48a","fc8lN6uxVHLICq++hRkSmZ","feNpkaVqVENreEq22VEnCb","ffUalPnbNPPqSY6RwiPFYs","ffUalPnbNPPqSY6RwiPFYs@f9941","1129000ea","1129000ea@6c48a","127d8191f","127d8191f@6c48a","147af5df7","147af5df7@6c48a","154d0b6af","154d0b6af@6c48a","15aede781","15aede781@6c48a","165543196","165543196@6c48a","1912de3f3","1912de3f3@6c48a","193aa7e7d","193aa7e7d@6c48a","1a4038941","1a4038941@6c48a","1d87c5190","1d87c5190@6c48a","1ef9d2953","1ef9d2953@6c48a","24xBnqY6hOoanQf8RpSJu8","24xBnqY6hOoanQf8RpSJu8@6c48a","24xBnqY6hOoanQf8RpSJu8@f9941","509DSLyINOL48RziM7hZ+h","7dj5uJT9FMn6OrOOx83tfK@f9941","80I9VHAF9HbpEhlWG/VTnf","868l1cneVFT6X57hZgPmcB","92TV9zMHNBUYnWqxQ8WrUV","92TV9zMHNBUYnWqxQ8WrUV@6c48a","92TV9zMHNBUYnWqxQ8WrUV@f9941","92avLMyklJBrG6KwwQ3/mP","a9oKESATdMH6hc6bKXqe+t","a9oKESATdMH6hc6bKXqe+t@6c48a","a9oKESATdMH6hc6bKXqe+t@f9941","f5FbxlrnJIWrDtj/oTafi8"],"paths":{"0":["textures/auto_phoenix",3,1],"1":["img/actionBar/auto_bar_phoenix",3,1],"2":["PublicImg/auto_commmon_phoenix",3,1],"3":["smallGame/auto_smallGame",3,1],"4":["prefabs/slotBg_new",9,1],"5":["img/car/xiaoyouxijiacishu",0,1],"6":["img/car/xiaoyouxijiacishu/texture",1,1],"7":["prefabs/Particle2D",9,1],"8":["img/rollerIcon/wild/tubiao_xyx_niao4",8,1],"9":["img/rollerIcon/10/tubiao_10",0,1],"10":["img/rollerIcon/10/tubiao_10/texture",1,1],"11":["publicFont/shuzi_xiazhujine",5,1],"13":["img/car/particle_goodluck",10,1],"14":["img/dialog/bigwin/bigwin",0,1],"15":["img/dialog/bigwin/bigwin/texture",1,1],"16":["icon/K",0,1],"17":["icon/K/texture",1,1],"18":["icon/K/spriteFrame",2,1],"19":["img/rollerIcon/scatter/yindingchuxian",8,1],"20":["img/rollerIcon/q/tubiao_q",0,1],"21":["img/rollerIcon/q/tubiao_q/texture",1,1],"22":["img/rollerIcon/wild/tubiao_xyx_niao2",7,1],"23":["icon/wildY",0,1],"24":["icon/wildY/texture",1,1],"25":["icon/wildY/spriteFrame",2,1],"26":["img/car/jiasukuang",0,1],"27":["img/car/jiasukuang/texture",1,1],"28":["img/rollerIcon/silverCoin/yindingchuxian",8,1],"29":["img/bg_fenghuang_3",0,1],"30":["img/bg_fenghuang_3/texture",1,1],"31":["img/bg_fenghuang_3/spriteFrame",2,1],"32":["img/actionBar/WIN",0,1],"33":["img/actionBar/WIN/spriteFrame",2,1],"34":["textures/img_rule_3",0,1],"35":["textures/img_rule_3/spriteFrame",2,1],"36":["img/actionBar/MUSIC",0,1],"37":["img/actionBar/MUSIC/spriteFrame",2,1],"38":["img/rollerIcon/silverCoin/yinbixuanzhuan",8,1],"39":["textures/img_result_bg",0,1],"40":["textures/img_result_bg/spriteFrame",2,1],"41":["img/rollerIcon/scatter/tubiao_tongqian",0,1],"42":["img/rollerIcon/scatter/tubiao_tongqian/texture",1,1],"43":["img/img_phoenixSg_multipleBg",0,1],"44":["img/img_phoenixSg_multipleBg/texture",1,1],"45":["img/img_phoenixSg_multipleBg/spriteFrame",2,1],"46":["img/car/skeleton",0,1],"47":["img/car/skeleton/texture",1,1],"48":["img/actionBar/dl_fh_kuai_0",0,1],"49":["img/actionBar/dl_fh_kuai_0/spriteFrame",2,1],"50":["img/actionBar/dl_fh_jinbibox",0,1],"51":["img/actionBar/dl_fh_jinbibox/spriteFrame",2,1],"52":["img/rollerIcon/wild/tubiao_xyx_niao3",8,1],"53":["img/actionBar/dl_fh_vipanniu",0,1],"54":["img/actionBar/dl_fh_vipanniu/spriteFrame",2,1],"55":["img/car/xiaoyouxijiacishu",7,1],"56":["icon/wildP",0,1],"57":["icon/wildP/texture",1,1],"58":["icon/wildP/spriteFrame",2,1],"59":["img/rollerIcon/wild/tubiao_xyx_niao5",7,1],"60":["img/rollerIcon/J/tubiao_j",7,1],"61":["prefabs/rulePanel",9,1],"62":["img/Lightning/shandian",7,1],"63":["img/rollerIcon/q/tubiao_q",8,1],"64":["audio/scatter",4,1],"65":["img/dialog/jackpot/sb_lbjs_JACKPOT",7,1],"66":["img/rollerIcon/goldenToad/tubiao_jinchan",8,1],"67":["img/dialog/skeleton",0,1],"68":["img/dialog/skeleton/texture",1,1],"69":["textures/titile_phoenix_sgChoose",0,1],"70":["textures/titile_phoenix_sgChoose/spriteFrame",2,1],"71":["font/shuzi_lztb_jiangchi",5,1],"72":["img/dialog/superwin/superwin",7,1],"73":["img/rollerIcon/A/tubiao_a",7,1],"74":["img/rollerIcon/10/tubiao_10",8,1],"75":["img/rollerIcon/wild/fenghuangixaoyouxi",8,1],"76":["img/dialog/megawin/megawin",7,1],"77":["img/rollerIcon/wild/tubiao_xyx_niao2",8,1],"78":["icon/bat",0,1],"79":["icon/bat/texture",1,1],"80":["icon/bat/spriteFrame",2,1],"81":["img/addOne",0,1],"82":["img/addOne/texture",1,1],"83":["img/addOne/spriteFrame",2,1],"84":["audio/phoenix_card",4,1],"85":["icon/10",0,1],"86":["icon/10/texture",1,1],"87":["icon/10/spriteFrame",2,1],"88":["img/rollerIcon/silverCoin/yinbixuanzhuan",0,1],"89":["img/rollerIcon/silverCoin/yinbixuanzhuan/texture",1,1],"90":["img/dialog/megawin/megawin2",0,1],"91":["img/dialog/megawin/megawin2/texture",1,1],"92":["img/rollerIcon/scatter/yindingchuxian",0,1],"93":["img/rollerIcon/scatter/yindingchuxian/texture",1,1],"94":["img/dialog/bigwin/fire0001",0,1],"95":["img/dialog/bigwin/fire0001/texture",1,1],"96":["img/dialog/bigwin/fire0001/spriteFrame",2,1],"97":["audio/phoenix_collect_coin",4,1],"98":["img/rollerIcon/wild/tubiao_xyx_niao3",7,1],"99":["font/num_result_0",0,1],"100":["font/num_result_0/texture",1,1],"101":["font/num_result_0/spriteFrame",2,1],"102":["img/guochangdonghua",7,1],"103":["audio/phoenix_add_num",4,1],"104":["img/dialog/superwin/slots_common_game_sw_gold",8,1],"105":["audio/ding",4,1],"106":["textures/img_rule_2",0,1],"107":["textures/img_rule_2/spriteFrame",2,1],"108":["img/rollerIcon/silverCoin/yindingzhongjiang",7,1],"109":["textures/img_rule_1",0,1],"110":["textures/img_rule_1/spriteFrame",2,1],"111":["icon/yuanBao",0,1],"112":["icon/yuanBao/texture",1,1],"113":["icon/yuanBao/spriteFrame",2,1],"114":["textures/img_phoenix_bgBlue",0,1],"115":["textures/img_phoenix_bgBlue/spriteFrame",2,1],"116":["smallGame/bg_fenghuang_xyx_xuanzebox_1",0,1],"117":["smallGame/bg_fenghuang_xyx_xuanzebox_1/spriteFrame",2,1],"118":["icon/wildR",0,1],"119":["icon/wildR/texture",1,1],"120":["icon/wildR/spriteFrame",2,1],"121":["img/rollerIcon/10/tubiao_10",7,1],"122":["img/rollerIcon/silverCoin/yinbixuanzhuan",7,1],"123":["img/rollerIcon/wild/tubiao_xyx_niao2",0,1],"124":["img/rollerIcon/wild/tubiao_xyx_niao2/texture",1,1],"125":["img/Lightning/shandian",8,1],"126":["PublicImg/Rptidakmencukupi",0,1],"127":["PublicImg/Rptidakmencukupi/texture",1,1],"128":["PublicImg/Rptidakmencukupi/spriteFrame",2,1],"129":["img/dialog/superwin/sb_lbjs_SUPERWIN",7,1],"130":["img/rollerIcon/wild/fenghuangixaoyouxi",7,1],"131":["img/actionBar/dl_fh_caidanbox",0,1],"132":["img/actionBar/dl_fh_caidanbox/spriteFrame",2,1],"133":["img/PublicSkeleton/spine_guangquan",0,1],"134":["img/PublicSkeleton/spine_guangquan/texture",1,1],"135":["img/car/free_box_guang",0,1],"136":["img/car/free_box_guang/texture",1,1],"137":["img/dialog/free_box_guang",8,1],"138":["img/actionBar/dl_fh_autoanniu",0,1],"139":["img/actionBar/dl_fh_autoanniu/spriteFrame",2,1],"140":["img/dialog/skeleton",7,1],"141":["img/actionBar/dl_fh_xiazhujian",0,1],"142":["img/actionBar/dl_fh_xiazhujian/spriteFrame",2,1],"143":["font/shuzi_xyx",5,1],"144":["img/car/skeleton",8,1],"145":["img/rollerIcon/scatter/yindingchuxian",7,1],"146":["img/rollerIcon/K/tubiao_k",0,1],"147":["img/rollerIcon/K/tubiao_k/texture",1,1],"148":["img/dialog/bigwin/bigwin",7,1],"149":["img/rollerIcon/silverCoin/yindingchuxian",7,1],"150":["img/rollerIcon/bat/tubiao_bianfu",7,1],"151":["publicFont/shuzi_xiazhujine_0",0,1],"152":["publicFont/shuzi_xiazhujine_0/texture",1,1],"153":["publicFont/shuzi_xiazhujine_0/spriteFrame",2,1],"154":["img/dialog/free_box_guang",7,1],"155":["audio/turn",4,1],"156":["audio/btn_click",4,1],"157":["font/shuzi_xiazhujine_0",0,1],"158":["font/shuzi_xiazhujine_0/texture",1,1],"159":["font/shuzi_xiazhujine_0/spriteFrame",2,1],"160":["img/rollerIcon/q/tubiao_q",7,1],"161":["img/img_phoenix_bg2",0,1],"162":["img/img_phoenix_bg2/texture",1,1],"163":["img/img_phoenix_bg2/spriteFrame",2,1],"164":["img/actionBar/dl_fh_xiazhujia0",0,1],"165":["img/actionBar/dl_fh_xiazhujia0/spriteFrame",2,1],"166":["font/shuzi_lztb_jiangchi_0",0,1],"167":["font/shuzi_lztb_jiangchi_0/texture",1,1],"168":["font/shuzi_lztb_jiangchi_0/spriteFrame",2,1],"169":["img/car/animation_up",6,1],"170":["textures/img_rule_in",0,1],"171":["textures/img_rule_in/spriteFrame",2,1],"172":["img/rollerIcon/tiger/tubiao_hu",8,1],"173":["img/rollerIcon/9/tubiao_9",0,1],"174":["img/rollerIcon/9/tubiao_9/texture",1,1],"175":["PublicImg/icon_dating_jinbi",0,1],"176":["PublicImg/icon_dating_jinbi/texture",1,1],"177":["PublicImg/icon_dating_jinbi/spriteFrame",2,1],"178":["img/rollerIcon/silverCoin/yindingzhongjiang",8,1],"179":["img/dialog/jackpot/sb_lbjs_JACKPOT",8,1],"180":["icon/J",0,1],"181":["icon/J/texture",1,1],"182":["icon/J/spriteFrame",2,1],"183":["audio/phoenix_sg_bg1",4,1],"184":["img/rollerIcon/goldenToad/tubiao_jinchan",7,1],"185":["img/car/jiasukuang",8,1],"186":["img/rollerIcon/wild/fenghuangixaoyouxi",0,1],"187":["img/rollerIcon/wild/fenghuangixaoyouxi/texture",1,1],"188":["img/guochangdonghua",0,1],"189":["img/guochangdonghua/texture",1,1],"190":["img/rollerIcon/scatter/skeleton",7,1],"191":["img/rollerIcon/wild/tubiao_xyx_niao1",0,1],"192":["img/rollerIcon/wild/tubiao_xyx_niao1/texture",1,1],"193":["textures/number",0,1],"194":["textures/number/spriteFrame",2,1],"195":["font/zi_zhongjiang_0",0,1],"196":["font/zi_zhongjiang_0/texture",1,1],"197":["font/zi_zhongjiang_0/spriteFrame",2,1],"198":["img/Lightning/shandian22",0,1],"199":["img/Lightning/shandian22/texture",1,1],"200":["img/actionBar/dl_fh_xiazhujian0",0,1],"201":["img/actionBar/dl_fh_xiazhujian0/spriteFrame",2,1],"202":["img/dialog/free_box_guang",0,1],"203":["img/dialog/free_box_guang/texture",1,1],"204":["img/rollerIcon/goldenToad/tubiao_jinchan",0,1],"205":["img/rollerIcon/goldenToad/tubiao_jinchan/texture",1,1],"206":["img/dialog/bigwin/bigwin2",0,1],"207":["img/dialog/bigwin/bigwin2/texture",1,1],"208":["img/actionBar/dl_fh_kuai_1",0,1],"209":["img/actionBar/dl_fh_kuai_1/spriteFrame",2,1],"210":["textures/img_phoenix_iconIn",0,1],"211":["textures/img_phoenix_iconIn/spriteFrame",2,1],"212":["img/car/jiasukuang",7,1],"213":["img/rollerIcon/wild/tubiao_xyx_niao5",8,1],"214":["prefabs/node_phoenix_sgChoose",9,1],"215":["img/rollerIcon/wild/tubiao_xyx_niao1",7,1],"216":["img/actionBar/STOP",0,1],"217":["img/actionBar/STOP/spriteFrame",2,1],"218":["audio/minCoin",4,1],"219":["img/rollerIcon/scatter/tubiao_tongqian",7,1],"220":["smallGame/bg_fenghuang_xyx_xuanzebox_5",0,1],"221":["smallGame/bg_fenghuang_xyx_xuanzebox_5/spriteFrame",2,1],"222":["icon/wildG1",0,1],"223":["icon/wildG1/texture",1,1],"224":["icon/wildG1/spriteFrame",2,1],"225":["img/car/3",0,1],"226":["img/car/3/texture",1,1],"227":["img/car/3/spriteFrame",2,1],"228":["textures/img_phoenix_loadingBg",0,1],"229":["textures/img_phoenix_loadingBg/texture",1,1],"230":["textures/img_phoenix_loadingBg/spriteFrame",2,1],"231":["img/rollerIcon/turtle/tubiao_gui",7,1],"232":["prefabs/icon",9,1],"233":["img/dialog/megawin/tongyong_mw",10,1],"234":["img/actionBar/dl_fh_spinanniu0",0,1],"235":["img/actionBar/dl_fh_spinanniu0/spriteFrame",2,1],"236":["img/actionBar/dl_fh_autobox",0,1],"237":["img/actionBar/dl_fh_autobox/spriteFrame",2,1],"238":["img/rollerIcon/wild/fenghuangputongzhongjiang",8,1],"239":["audio/chooseNum",4,1],"240":["img/guochangdonghua",8,1],"241":["img/rollerIcon/tiger/tubiao_hu",7,1],"242":["img/dialog/superwin/superwin",8,1],"243":["img/actionBar/dl_fh_tuichuanniu",0,1],"244":["img/actionBar/dl_fh_tuichuanniu/spriteFrame",2,1],"245":["img/PublicSkeleton/spine_guangquan2",0,1],"246":["img/PublicSkeleton/spine_guangquan2/texture",1,1],"247":["img/actionBar/dl_fh_stopicon",0,1],"248":["img/actionBar/dl_fh_stopicon/spriteFrame",2,1],"249":["img/rollerIcon/A/tubiao_a",8,1],"250":["img/rollerIcon/wild/tubiao_xyx_niao3",0,1],"251":["img/rollerIcon/wild/tubiao_xyx_niao3/texture",1,1],"252":["img/icon_dt_loading_1",0,1],"253":["img/icon_dt_loading_1/texture",1,1],"254":["img/icon_dt_loading_1/spriteFrame",2,1],"255":["img/rollerIcon/wild/fenghuangputongzhongjiang",7,1],"256":["img/actionBar/dl_fh_shezhianniu",0,1],"257":["img/actionBar/dl_fh_shezhianniu/spriteFrame",2,1],"258":["audio/phoenix_sg_bg2",4,1],"259":["img/actionBar/dl_fh_zhongjiangbox",0,1],"260":["img/actionBar/dl_fh_zhongjiangbox/spriteFrame",2,1],"261":["icon/tortoise",0,1],"262":["icon/tortoise/texture",1,1],"263":["icon/tortoise/spriteFrame",2,1],"264":["img/actionBar/dl_fh_spinanniu",0,1],"265":["img/actionBar/dl_fh_spinanniu/spriteFrame",2,1],"266":["textures/word_phoenix_total",0,1],"267":["textures/word_phoenix_total/spriteFrame",2,1],"268":["icon/A",0,1],"269":["icon/A/texture",1,1],"270":["icon/A/spriteFrame",2,1],"271":["icon/wildB",0,1],"272":["icon/wildB/texture",1,1],"273":["icon/wildB/spriteFrame",2,1],"274":["img/actionBar/dl_fh_autospindi",0,1],"275":["img/actionBar/dl_fh_autospindi/spriteFrame",2,1],"276":["font/shuzi_fenghuang_yinbikuang",5,1],"277":["audio/phoenix_choose_card",4,1],"278":["img/Lightning/shandian",0,1],"279":["img/Lightning/shandian/texture",1,1],"280":["textures/img_roller_bgUp",0,1],"281":["textures/img_roller_bgUp/spriteFrame",2,1],"282":["img/dialog/bigwin/tongyong_bw",10,1],"283":["img/actionBar/dl_shezhi_guan",0,1],"284":["img/actionBar/dl_shezhi_guan/spriteFrame",2,1],"285":["img/actionBar/dl_fh_autoxuanzhong",0,1],"286":["img/actionBar/dl_fh_autoxuanzhong/spriteFrame",2,1],"287":["img/actionBar/SOUND",0,1],"288":["img/actionBar/SOUND/spriteFrame",2,1],"289":["img/rollerIcon/wild/tubiao_xyx_niao5",0,1],"290":["img/rollerIcon/wild/tubiao_xyx_niao5/texture",1,1],"291":["audio/phoenix_little_coin",4,1],"292":["img/PublicSkeleton/spine_guangquan",7,1],"293":["prefabs/prefab_resultSmall",9,1],"294":["textures/img_rule_off",0,1],"295":["textures/img_rule_off/spriteFrame",2,1],"296":["audio/phoenix_bg",4,1],"297":["img/animation_selected",6,1],"298":["img/btn_off",0,1],"299":["img/btn_off/texture",1,1],"300":["img/btn_off/spriteFrame",2,1],"301":["img/dialog/superwin/slots_common_game_sw_gold",0,1],"302":["img/dialog/superwin/slots_common_game_sw_gold/texture",1,1],"303":["img/dialog/superwin/slots_common_game_sw_gold/spriteFrame",2,1],"304":["prefabs/prefab_phoenix_set",9,1],"305":["img/rollerIcon/silverCoin/yindingzhongjiang",0,1],"306":["img/rollerIcon/silverCoin/yindingzhongjiang/texture",1,1],"307":["audio/get_coin",4,1],"308":["img/dialog/jackpot/fire0001",0,1],"309":["img/dialog/jackpot/fire0001/texture",1,1],"310":["img/dialog/jackpot/fire0001/spriteFrame",2,1],"311":["audio/ling",4,1],"312":["prefabs/dialogWin",9,1],"313":["img/actionBar/dl_fh_autoanniu1",0,1],"314":["img/actionBar/dl_fh_autoanniu1/spriteFrame",2,1],"315":["img/dialog/superwin/superwin2",0,1],"316":["img/dialog/superwin/superwin2/texture",1,1],"317":["img/rollerIcon/turtle/tubiao_gui",8,1],"318":["img/dialog/megawin/megawin",8,1],"319":["img/rollerIcon/silverCoin/yindingchuxian",0,1],"320":["img/rollerIcon/silverCoin/yindingchuxian/texture",1,1],"321":["icon/scatter",0,1],"322":["icon/scatter/texture",1,1],"323":["icon/scatter/spriteFrame",2,1],"324":["img/car/animation/animation_autoLauncher_down",6,1],"325":["img/car/skeleton",7,1],"326":["img/actionBar/AUTO",0,1],"327":["img/actionBar/AUTO/spriteFrame",2,1],"328":["img/actionBar/FREE SPINS LEFT",0,1],"329":["img/actionBar/FREE SPINS LEFT/spriteFrame",2,1],"330":["img/rollerIcon/K/tubiao_k",7,1],"331":["img/actionBar/dl_fh_autoweixuan",0,1],"332":["img/actionBar/dl_fh_autoweixuan/spriteFrame",2,1],"333":["img/car/xiaoyouxijiacishu",8,1],"334":["img/rollerIcon/wild/tubiao_xyx_niao1",8,1],"335":["img/rollerIcon/wild/tubiao_xyx_niao4",0,1],"336":["img/rollerIcon/wild/tubiao_xyx_niao4/texture",1,1],"337":["img/car/animation_title",6,1],"338":["img/rollerIcon/turtle/tubiao_gui",0,1],"339":["img/rollerIcon/turtle/tubiao_gui/texture",1,1],"340":["img/dialog/megawin/megawin",0,1],"341":["img/dialog/megawin/megawin/texture",1,1],"342":["img/car/animation/animation_autoLauncher_up",6,1],"343":["img/PublicSkeleton/spine_guangquan",8,1],"344":["img/rollerIcon/bat/tubiao_bianfu",0,1],"345":["img/rollerIcon/bat/tubiao_bianfu/texture",1,1],"346":["audio/phoenix_buycard",4,1],"347":["textures/img_phoenix_bgRed",0,1],"348":["textures/img_phoenix_bgRed/spriteFrame",2,1],"349":["img/rollerIcon/wild/fenghuangputongzhongjiang",0,1],"350":["img/rollerIcon/wild/fenghuangputongzhongjiang/texture",1,1],"351":["img/rollerIcon/K/tubiao_k",8,1],"352":["img/dialog/superwin/sb_lbjs_SUPERWIN",8,1],"353":["img/dialog/superwin/fire0001",0,1],"354":["img/dialog/superwin/fire0001/texture",1,1],"355":["img/dialog/superwin/fire0001/spriteFrame",2,1],"356":["img/icon_dt_loading_0",0,1],"357":["img/icon_dt_loading_0/texture",1,1],"358":["img/icon_dt_loading_0/spriteFrame",2,1],"359":["img/rollerIcon/scatter/skeleton",8,1],"360":["audio/shell_end",4,1],"361":["img/dialog/jackpot/tongyong_jp",10,1],"362":["img/rollerIcon/9/tubiao_9",8,1],"363":["smallGame/bg_fenghuang_xyx_xuanzebox_4",0,1],"364":["smallGame/bg_fenghuang_xyx_xuanzebox_4/spriteFrame",2,1],"365":["img/car/free_box_guang",7,1],"366":["icon/wildG",0,1],"367":["icon/wildG/texture",1,1],"368":["icon/wildG/spriteFrame",2,1],"369":["img/rollerIcon/J/tubiao_j",8,1],"370":["img/actionBar/dl_fh_xiazhujia",0,1],"371":["img/actionBar/dl_fh_xiazhujia/spriteFrame",2,1],"372":["img/actionBar/dl_fh_caidananniu",0,1],"373":["img/actionBar/dl_fh_caidananniu/spriteFrame",2,1],"374":["prefabs/flyBg",9,1],"375":["font/shuzi_fenghuang_yinbikuang_0",0,1],"376":["font/shuzi_fenghuang_yinbikuang_0/texture",1,1],"377":["font/shuzi_fenghuang_yinbikuang_0/spriteFrame",2,1],"378":["icon/tiger",0,1],"379":["icon/tiger/texture",1,1],"380":["icon/tiger/spriteFrame",2,1],"381":["prefabs/slotPanel",9,1],"382":["img/dialog/superwin/sb_lbjs_SUPERWIN",0,1],"383":["img/dialog/superwin/sb_lbjs_SUPERWIN/texture",1,1],"384":["img/dialog/superwin/sb_lbjs_SUPERWIN/spriteFrame",2,1],"385":["img/img_phoenix_bg",0,1],"386":["img/img_phoenix_bg/texture",1,1],"387":["img/img_phoenix_bg/spriteFrame",2,1],"388":["img/rollerIcon/9/tubiao_9",7,1],"389":["smallGame/bg_fenghuang_xyx_xuanzebox_3",0,1],"390":["smallGame/bg_fenghuang_xyx_xuanzebox_3/spriteFrame",2,1],"391":["img/rollerIcon/scatter/skeleton",0,1],"392":["img/rollerIcon/scatter/skeleton/texture",1,1],"393":["img/actionBar/dl_fh_dibox",0,1],"394":["img/actionBar/dl_fh_dibox/texture",1,1],"395":["img/actionBar/dl_fh_dibox/spriteFrame",2,1],"396":["audio/maxCoin",4,1],"397":["img/actionBar/dl_fh_stopicon0/spriteFrame",2,1],"398":["img/actionBar/mianfeibox",0,1],"399":["img/actionBar/mianfeibox/spriteFrame",2,1],"400":["img/dialog/bigwin/bigwin",8,1],"401":["font/shuzi_xyx_0",0,1],"402":["font/shuzi_xyx_0/texture",1,1],"403":["font/shuzi_xyx_0/spriteFrame",2,1],"404":["font/num_result",5,1],"405":["img/dialog/megawin/fire0001",0,1],"406":["img/dialog/megawin/fire0001/texture",1,1],"407":["img/dialog/megawin/fire0001/spriteFrame",2,1],"408":["img/actionBar/dl_shezhi_kai",0,1],"409":["img/actionBar/dl_shezhi_kai/spriteFrame",2,1],"410":["img/rollerIcon/wild/tubiao_xyx_niao4",7,1],"411":["img/dialog/superwin/tongyong_sw",10,1],"412":["prefabs/node_phoenix_totalBet",9,1],"413":["img/actionBar/dl_fh_jinbijia",0,1],"414":["img/actionBar/dl_fh_jinbijia/spriteFrame",2,1],"415":["img/dialog/jackpot/sb_lbjs_JACKPOT",0,1],"416":["img/dialog/jackpot/sb_lbjs_JACKPOT/texture",1,1],"417":["img/dialog/jackpot/sb_lbjs_JACKPOT/spriteFrame",2,1],"418":["img/actionBar/SETTINGS",0,1],"419":["img/actionBar/SETTINGS/spriteFrame",2,1],"420":["img/rollerIcon/tiger/tubiao_hu",0,1],"421":["img/rollerIcon/tiger/tubiao_hu/texture",1,1],"422":["textures/img_rule_bg",0,1],"423":["textures/img_rule_bg/spriteFrame",2,1],"424":["img/rollerIcon/scatter/tubiao_tongqian",8,1],"425":["icon/Q",0,1],"426":["icon/Q/texture",1,1],"427":["icon/Q/spriteFrame",2,1],"428":["img/rollerIcon/J/tubiao_j",0,1],"429":["img/rollerIcon/J/tubiao_j/texture",1,1],"430":["audio/biu",4,1],"431":["img/car/free_box_guang",8,1],"432":["img/actionBar/GOOD LUCK",0,1],"433":["img/actionBar/GOOD LUCK/spriteFrame",2,1],"434":["img/actionBar/dl_fh_spinicon",0,1],"435":["img/actionBar/dl_fh_spinicon/spriteFrame",2,1],"436":["img/actionBar/bg_fenghuang_guizeban",0,1],"437":["img/actionBar/bg_fenghuang_guizeban/spriteFrame",2,1],"438":["audio/fast_roller",4,1],"439":["img/dialog/superwin/slots_common_game_sw_gold",7,1],"440":["img/dialog/superwin/superwin",0,1],"441":["img/dialog/superwin/superwin/texture",1,1],"442":["img/rollerIcon/bat/tubiao_bianfu",8,1],"443":["textures/btn_rule_close",0,1],"444":["textures/btn_rule_close/spriteFrame",2,1],"445":["img/actionBar/dl_fh_guizeanniu",0,1],"446":["img/actionBar/dl_fh_guizeanniu/spriteFrame",2,1],"447":["prefabs/prefabs_phoenix_loading",9,1],"448":["img/actionBar/dl_fh_confirm",0,1],"449":["img/actionBar/dl_fh_confirm/spriteFrame",2,1],"450":["icon/9",0,1],"451":["icon/9/texture",1,1],"452":["icon/9/spriteFrame",2,1],"453":["font/zi_zhongjiang",5,1],"454":["font/shuzi_xiazhujine",5,1],"455":["smallGame/bg_fenghuang_xyx_xuanzebox_2",0,1],"456":["smallGame/bg_fenghuang_xyx_xuanzebox_2/spriteFrame",2,1],"457":["icon/frog",0,1],"458":["icon/frog/texture",1,1],"459":["icon/frog/spriteFrame",2,1],"460":["img/btn_null",0,1],"461":["img/btn_null/texture",1,1],"462":["img/btn_null/spriteFrame",2,1],"463":["img/actionBar/dl_fh_jinbibox2",0,1],"464":["img/actionBar/dl_fh_jinbibox2/spriteFrame",2,1],"465":["img/rollerIcon/A/tubiao_a",0,1],"466":["img/rollerIcon/A/tubiao_a/texture",1,1],"467":["img/dialog/skeleton",8,1],"468":["img/number/number-atlas-1",11,1],"469":["img/actionBar/ing_auto_title",0,1],"470":["img/actionBar/ing_auto_title/spriteFrame",2,1]},"scenes":{},"packs":{"076940127":[4,5,6,7,8,9,10,11,1,1,13,14,15,16,17,18,19,20,21,22,23,24,25,26,27,28,29,30,31,32,33,471,472,34,35,473,474,36,37,475,476,38,477,478,39,40,479,480,41,42,43,44,45,481,482,46,47,48,49,483,484,485,486,487,488,50,51,52,53,54,55,56,57,58,489,490,491,492,59,493,494,495,60,61,62,63,64,65,66,67,68,69,70,71,72,73,74,75,76,77,78,79,80,81,82,83,84,85,86,87,88,89,90,91,92,93,94,95,96,97,98,99,100,101,102,103,104,105,106,107,108,109,110,111,112,113,114,115,116,117,118,119,120,121,122,123,124,125,126,127,128,129,130,131,132,133,134,135,136,137,138,139,140,141,142,143,144,145,146,147,148,149,150,151,152,153,154,155,156,157,158,159,160,161,162,163,164,165,166,167,168,170,171,172,173,174,175,176,177,178,179,180,181,182,183,184,185,186,187,188,189,190,191,192,193,194,195,196,197,198,199,200,201,202,203,204,205,206,207,208,209,210,211,212,213,214,215,216,217,218,219,220,221,222,223,224,225,226,227,228,229,230,231,232,233,234,235,498,236,237,238,239,499,240,241,242,243,244,245,246,247,248,249,250,251,252,253,254,255,256,257,258,259,260,261,262,263,264,265,266,267,268,269,270,271,272,273,2,2,500,501,502,274,275,276,277,278,279,280,281,0,0,0,0,0,0,0,0,0,282,283,284,285,286,287,288,289,290,291,292,293,294,295,296,298,299,300,504,505,506,301,302,303,3,3,304,305,306,307,308,309,310,311,312,313,314,315,316,317,318,319,320,321,322,323,325,326,327,328,329,330,331,332,333,334,335,336,338,339,340,341,343,344,345,346,347,348,349,350,351,352,353,354,355,356,357,358,359,360,361,362,363,364,365,366,367,368,369,370,371,372,373,374,375,376,377,378,379,380,381,382,383,384,385,386,387,388,389,390,391,392,393,394,395,396,397,398,399,400,401,402,403,404,405,406,407,408,409,410,411,412,413,414,415,416,417,418,419,420,421,422,423,424,425,426,427,428,429,430,431,432,433,434,435,436,437,438,507,439,440,441,442,443,444,445,446,447,448,449,450,451,452,453,454,455,456,457,458,459,460,461,462,463,464,465,466,467,468,469,470]},"versions":{"import":[],"native":[]},"redirect":[496,"0",497,"1"],"debug":false,"extensionMap":{".cconb":[169,297,324,337,342,503]},"hasPreloadScript":true,"dependencyRelationships":{},"types":["cc.ImageAsset","cc.Texture2D","cc.SpriteFrame","cc.SpriteAtlas","cc.AudioClip","cc.BitmapFont","cc.AnimationClip","cc.Asset","sp.SkeletonData","cc.Prefab","cc.ParticleAsset","cc.LabelAtlas"]}