[1,["185c87a13@6c48a"],["_textureSource"],["cc.SpriteFrame","cc.SpriteAtlas"],0,[[[{"name":"btn_olps_giuze_you_1","rect":{"x":921,"y":782,"width":90,"height":113},"offset":{"x":-0.5,"y":0},"originalSize":{"width":93,"height":115},"rotated":false,"capInsets":[0,0,0,0],"packable":true,"pixelsToUnit":100,"pivot":{"x":0.5,"y":0.5},"meshType":0}],[0],0,[0],[0],[0]],[[{"name":"bg_olps_zhuanpandi1","rect":{"x":3,"y":3,"width":999,"height":590},"offset":{"x":0,"y":0},"originalSize":{"width":999,"height":590},"rotated":false,"capInsets":[0,0,0,0],"packable":true,"pixelsToUnit":100,"pivot":{"x":0.5,"y":0.5},"meshType":0}],[0],0,[0],[0],[0]],[[{"name":"btn_olpn_kaiguan","rect":{"x":991,"y":969,"width":44,"height":25},"offset":{"x":0,"y":0},"originalSize":{"width":44,"height":25},"rotated":true,"capInsets":[0,0,0,0],"packable":true,"pixelsToUnit":100,"pivot":{"x":0.5,"y":0.5},"meshType":0}],[0],0,[0],[0],[0]],[[{"name":"btn_opls_mianfei_off","rect":{"x":921,"y":599,"width":98,"height":86},"offset":{"x":0,"y":0},"originalSize":{"width":98,"height":86},"rotated":false,"capInsets":[0,0,0,0],"packable":true,"pixelsToUnit":100,"pivot":{"x":0.5,"y":0.5},"meshType":0}],[0],0,[0],[0],[0]],[[{"name":"icon_olps_xuanzhong","rect":{"x":991,"y":901,"width":28,"height":28},"offset":{"x":0,"y":0},"originalSize":{"width":28,"height":28},"rotated":false,"capInsets":[0,0,0,0],"packable":true,"pixelsToUnit":100,"pivot":{"x":0.5,"y":0.5},"meshType":0}],[0],0,[0],[0],[0]],[[{"name":"zi_olps_GANDA","rect":{"x":944,"y":901,"width":107,"height":41},"offset":{"x":0,"y":0},"originalSize":{"width":107,"height":41},"rotated":true,"capInsets":[0,0,0,0],"packable":true,"pixelsToUnit":100,"pivot":{"x":0.5,"y":0.5},"meshType":0}],[0],0,[0],[0],[0]],[[{"name":"btn_opls_mianfei_on","rect":{"x":921,"y":691,"width":98,"height":85},"offset":{"x":0,"y":0},"originalSize":{"width":98,"height":85},"rotated":false,"capInsets":[0,0,0,0],"packable":true,"pixelsToUnit":100,"pivot":{"x":0.5,"y":0.5},"meshType":0}],[0],0,[0],[0],[0]],[[{"name":"auto-thor","spriteFrames":["bg_olps_zhuanpandi1","07ZLR4qF1M0LGKcwCudav9@f9941","guize_olps_3","bdINrKdSdEP4unxjeNyT6j@f9941","btn_opls_mianfei_off","585nX9asdAZ4GRv6Jhm3dP@f9941","btn_opls_mianfei_on","8etIA5MKxJ3peDjV9bklda@f9941","btn_olps_giuze_you_1","02vu6qAedBGqFzLxfBNhp1@f9941","zi_olps_TUMBLE","e968B/q5VN2aS8e+7X/xsI@f9941","zi_olps_GANDA","72D6oGz7FF5LLiP6mS0wXx@f9941","icon_olps_xuanzhong","5eSe8tj/BK05x+7xB5c6r8@f9941","icon_olps_weixuan","b6W1jM1X1O+LjuUM8wlLB1@f9941","btn_olpn_kaiguan","24OvJs6SRFwIuyJ/wJqLHb@f9941","bg_olps_zhuanpandi","f3h49Xs1FC8YIOka+LY57h@f9941","rules_3","98FjYcOnVNJJbY/mGTx4Ts@f9941","word_loading1","edUzor8GFN+7Klg35DL+UN@f9941","btn_off","1cueNa8FlB/IzDbvxhGbMV@f9941","DURING FERR SPINS","c7nFU3BbRF7LQCrsa+I4bY@f9941","icon_kaiguan","33yFIvv11CKYYQ4mffmEp6@f9941","icon_dt_loading_1","20K7fK3NtDopunCA8fYns2@f9941","KAMU MENANG","adrumm7xhEuYG1w5IcEA9l@f9941","zi_olps_BERTARUH","7ay85AGm9G9JA59Qr//7+O@f9941","icon_kaiguan_duihao","c9T5Dpkg5FbZY/GcVE8ASj@f9941","icon_kaiguan_jiantou","d4utrXyc1ES5wBVfdv2uun@f9941","guize_olps_1","7cNLXpXPFHQouea2cdZ5Vb@f9941","img_introduce_title","d3VNavWVtE+rgs3HH6clOv@f9941","icon_dt_loading_0","c9JD5K3k5AtolhhzKJdZ4I@f9941","guize_olps_2","9e13Ou2WJGG4N9CgDrY/VV@f9941","bg_olps_yuansubox","111lbGcXdJMqcTlznx8lp9@f9941","btn_olps_giuze_you_0","bb4GqUAQdJe5nsibud2cCc@f9941","zi_olps_BELI PERMAINAN","ecrRPdrhJJOrkuRoyeX/Ub@f9941","zi_lanjutkan","8cQaph8WpBBqNLQTCFrRIB@f9941","bg_olps_yuansukuang","a5FqDDPKpC+rzk21U29nO6@f9941","guize_olps_4","ff8A49PNRET7dIY5JsCL1R@f9941","btn_olps_giuze_zuo_0","e5K0EV7U1KDJMwtea4hI5U@f9941","bg_olps_tumblebox","43tKPBLjZFUZIqhxq5mTC9@f9941","btn_olps_giuze_zuo_1","43f83jmc5JX4gFdLLQmiZx@f9941","bg_olps_mianfeitishibox","5bB6m9eyZHBo2mD1IfYTpt@f9941","BELIPERMAINA GRATIS","94p+JR/3ZGTYAyWEKOt6Ch@f9941","word_loading_blue_1","ca5tzqm7FLd7yxk6mlz6VH@f9941","bg_mianfeiboxxiao","75Q8QpI8ZDX4ZmAW4Ddsiu@f9941","word_loading2","91ATqQ1QxHA4cER5h1ZwQg@f9941","btn_olps_guize_off","29ZvXvPNJGGL6CQOvS9jMu@f9941","FERR SPINS","bdNrDYhphE3o6E/cDj/Hgx@f9941","title_freespinsleft","9cojZyBm1KVYGlYUdg+ox8@f9941","freebox","cc0fKteIdIALswTvnStooY@f9941","bg_olps_belibox","c9DYxnYO9MMKiXkICjeYb1@f9941","bg_olps_bertaruhbix","26rnjiMB5IFb7nz0TKfB2B@f9941"]}],[1],0,[],[],[]],[[{"name":"icon_olps_weixuan","rect":{"x":991,"y":935,"width":28,"height":28},"offset":{"x":0,"y":0},"originalSize":{"width":28,"height":28},"rotated":false,"capInsets":[0,0,0,0],"packable":true,"pixelsToUnit":100,"pivot":{"x":0.5,"y":0.5},"meshType":0}],[0],0,[0],[0],[0]],[[{"name":"guize_olps_3","rect":{"x":3,"y":599,"width":912,"height":401},"offset":{"x":0,"y":0},"originalSize":{"width":912,"height":401},"rotated":false,"capInsets":[0,0,0,0],"packable":true,"pixelsToUnit":100,"pivot":{"x":0.5,"y":0.5},"meshType":0}],[0],0,[0],[0],[0]],[[{"name":"zi_olps_TUMBLE","rect":{"x":921,"y":901,"width":120,"height":17},"offset":{"x":0,"y":0},"originalSize":{"width":120,"height":17},"rotated":true,"capInsets":[0,0,0,0],"packable":true,"pixelsToUnit":100,"pivot":{"x":0.5,"y":0.5},"meshType":0}],[0],0,[0],[0],[0]]]]
