[1,["65+WVrD3VJIKvTkjbyDxXx@6c48a"],0,[["sp.SkeletonData",["_name","_atlasText","textureNames","_skeletonJson","textures"],-1,3]],[[0,0,1,2,3,4,5]],[[0,"tubiaoK","\r\ntubiaoK.png\r\nsize: 256,256\r\nformat: RGBA8888\r\nfilter: Linear,Linear\r\nrepeat: none\r\ntubiaok\r\n  rotate: false\r\n  xy: 2, 2\r\n  size: 209, 178\r\n  orig: 209, 178\r\n  offset: 0, 0\r\n  index: -1\r\n",["tubiaoK.png"],{"skeleton":{"hash":"vSkWxANmggFZ5smGWlLPyfcX4Q8","spine":"3.6.53","width":209,"height":178,"images":""},"bones":[{"name":"root"}],"slots":[{"name":"tubiaok","bone":"root","attachment":"tubiaok"}],"skins":{"default":{"tubiaok":{"tubiaok":{"width":209,"height":178}}}},"animations":{"animation":{"bones":{"root":{"rotate":[{"time":0,"angle":0},{"time":0.5,"angle":-10},{"time":1,"angle":0}],"scale":[{"time":0,"x":1,"y":1},{"time":0.5,"x":1.1,"y":1.1},{"time":1,"x":1,"y":1}]}}}}},[0]]],0,0,[0],[-1],[0]]
