[1,["5dd4b74d-2748-4262-ab84-110782728936@6c48a"],0,[["sp.SkeletonData",["_name","_atlasText","textureNames","_skeletonJson","textures"],-1,3]],[[0,0,1,2,3,4,5]],[[0,"thor_icon_1","\r\nthor_icon_1.png\r\nsize: 2048,2048\r\nformat: RGBA8888\r\nfilter: Linear,Linear\r\nrepeat: none\r\nboom/thor_boom_00002\r\n  rotate: false\r\n  xy: 388, 1512\r\n  size: 300, 300\r\n  orig: 300, 300\r\n  offset: 0, 0\r\n  index: -1\r\nboom/thor_boom_00004\r\n  rotate: false\r\n  xy: 690, 1512\r\n  size: 300, 300\r\n  orig: 300, 300\r\n  offset: 0, 0\r\n  index: -1\r\nboom/thor_boom_00006\r\n  rotate: false\r\n  xy: 992, 1512\r\n  size: 300, 300\r\n  orig: 300, 300\r\n  offset: 0, 0\r\n  index: -1\r\nboom/thor_boom_00008\r\n  rotate: false\r\n  xy: 1294, 1512\r\n  size: 300, 300\r\n  orig: 300, 300\r\n  offset: 0, 0\r\n  index: -1\r\nboom/thor_boom_00010\r\n  rotate: false\r\n  xy: 1596, 1512\r\n  size: 300, 300\r\n  orig: 300, 300\r\n  offset: 0, 0\r\n  index: -1\r\nboom/thor_boom_00012\r\n  rotate: false\r\n  xy: 2, 1324\r\n  size: 300, 300\r\n  orig: 300, 300\r\n  offset: 0, 0\r\n  index: -1\r\nboom/thor_boom_00014\r\n  rotate: false\r\n  xy: 304, 1210\r\n  size: 300, 300\r\n  orig: 300, 300\r\n  offset: 0, 0\r\n  index: -1\r\nboom/thor_boom_00016\r\n  rotate: false\r\n  xy: 606, 1210\r\n  size: 300, 300\r\n  orig: 300, 300\r\n  offset: 0, 0\r\n  index: -1\r\nboom/thor_boom_00018\r\n  rotate: false\r\n  xy: 908, 1210\r\n  size: 300, 300\r\n  orig: 300, 300\r\n  offset: 0, 0\r\n  index: -1\r\nboom/thor_boom_00020\r\n  rotate: false\r\n  xy: 1210, 1210\r\n  size: 300, 300\r\n  orig: 300, 300\r\n  offset: 0, 0\r\n  index: -1\r\nboom/thor_boom_00022\r\n  rotate: false\r\n  xy: 1512, 1210\r\n  size: 300, 300\r\n  orig: 300, 300\r\n  offset: 0, 0\r\n  index: -1\r\nboom/thor_boom_00024\r\n  rotate: false\r\n  xy: 2, 1022\r\n  size: 300, 300\r\n  orig: 300, 300\r\n  offset: 0, 0\r\n  index: -1\r\nboom/thor_boom_00026\r\n  rotate: false\r\n  xy: 304, 908\r\n  size: 300, 300\r\n  orig: 300, 300\r\n  offset: 0, 0\r\n  index: -1\r\nboom/thor_boom_00028\r\n  rotate: false\r\n  xy: 606, 908\r\n  size: 300, 300\r\n  orig: 300, 300\r\n  offset: 0, 0\r\n  index: -1\r\nboom/thor_boom_00030\r\n  rotate: false\r\n  xy: 908, 908\r\n  size: 300, 300\r\n  orig: 300, 300\r\n  offset: 0, 0\r\n  index: -1\r\nboom_s/thor_boom_s_00012\r\n  rotate: false\r\n  xy: 1210, 908\r\n  size: 300, 300\r\n  orig: 300, 300\r\n  offset: 0, 0\r\n  index: -1\r\nboom_s/thor_boom_s_00014\r\n  rotate: false\r\n  xy: 1512, 908\r\n  size: 300, 300\r\n  orig: 300, 300\r\n  offset: 0, 0\r\n  index: -1\r\nboom_s/thor_boom_s_00016\r\n  rotate: false\r\n  xy: 2, 720\r\n  size: 300, 300\r\n  orig: 300, 300\r\n  offset: 0, 0\r\n  index: -1\r\nboom_s/thor_boom_s_00018\r\n  rotate: false\r\n  xy: 304, 606\r\n  size: 300, 300\r\n  orig: 300, 300\r\n  offset: 0, 0\r\n  index: -1\r\nboom_s/thor_boom_s_00020\r\n  rotate: false\r\n  xy: 606, 606\r\n  size: 300, 300\r\n  orig: 300, 300\r\n  offset: 0, 0\r\n  index: -1\r\nboom_s/thor_boom_s_00022\r\n  rotate: false\r\n  xy: 908, 606\r\n  size: 300, 300\r\n  orig: 300, 300\r\n  offset: 0, 0\r\n  index: -1\r\nboom_s/thor_boom_s_00024\r\n  rotate: false\r\n  xy: 1210, 606\r\n  size: 300, 300\r\n  orig: 300, 300\r\n  offset: 0, 0\r\n  index: -1\r\nboom_s/thor_boom_s_00026\r\n  rotate: false\r\n  xy: 1512, 606\r\n  size: 300, 300\r\n  orig: 300, 300\r\n  offset: 0, 0\r\n  index: -1\r\nboom_s/thor_boom_s_00028\r\n  rotate: false\r\n  xy: 2, 418\r\n  size: 300, 300\r\n  orig: 300, 300\r\n  offset: 0, 0\r\n  index: -1\r\nboom_s/thor_boom_s_00030\r\n  rotate: false\r\n  xy: 304, 304\r\n  size: 300, 300\r\n  orig: 300, 300\r\n  offset: 0, 0\r\n  index: -1\r\nboom_s/thor_boom_s_00032\r\n  rotate: false\r\n  xy: 606, 304\r\n  size: 300, 300\r\n  orig: 300, 300\r\n  offset: 0, 0\r\n  index: -1\r\nboom_s/thor_boom_s_00034\r\n  rotate: false\r\n  xy: 908, 304\r\n  size: 300, 300\r\n  orig: 300, 300\r\n  offset: 0, 0\r\n  index: -1\r\nboom_s/thor_boom_s_00036\r\n  rotate: false\r\n  xy: 1210, 304\r\n  size: 300, 300\r\n  orig: 300, 300\r\n  offset: 0, 0\r\n  index: -1\r\nboom_s/thor_boom_s_00038\r\n  rotate: false\r\n  xy: 1512, 304\r\n  size: 300, 300\r\n  orig: 300, 300\r\n  offset: 0, 0\r\n  index: -1\r\nboom_s/thor_boom_s_00040\r\n  rotate: false\r\n  xy: 2, 116\r\n  size: 300, 300\r\n  orig: 300, 300\r\n  offset: 0, 0\r\n  index: -1\r\nboom_s/thor_boom_s_00042\r\n  rotate: false\r\n  xy: 304, 2\r\n  size: 300, 300\r\n  orig: 300, 300\r\n  offset: 0, 0\r\n  index: -1\r\nboom_s/thor_boom_s_00044\r\n  rotate: false\r\n  xy: 606, 2\r\n  size: 300, 300\r\n  orig: 300, 300\r\n  offset: 0, 0\r\n  index: -1\r\nboom_s/thor_boom_s_00046\r\n  rotate: false\r\n  xy: 908, 2\r\n  size: 300, 300\r\n  orig: 300, 300\r\n  offset: 0, 0\r\n  index: -1\r\nboom_s/thor_boom_s_00048\r\n  rotate: false\r\n  xy: 1210, 2\r\n  size: 300, 300\r\n  orig: 300, 300\r\n  offset: 0, 0\r\n  index: -1\r\nthor_anina_icon_1_1\r\n  rotate: true\r\n  xy: 2, 1626\r\n  size: 186, 191\r\n  orig: 186, 191\r\n  offset: 0, 0\r\n  index: -1\r\nthor_anina_icon_1_2\r\n  rotate: true\r\n  xy: 195, 1626\r\n  size: 186, 191\r\n  orig: 186, 191\r\n  offset: 0, 0\r\n  index: -1\r\n",["thor_icon_1.png"],{"skeleton":{"hash":"BkXady0/lfQzCNt024OZ5ya1rQc","spine":"3.8.99","images":"E:/新版UI/奥林匹斯/动画源文件/tu/lan","audio":"E:\\新版UI\\奥林匹斯\\动画\\图标\\lan"},"bones":[{"name":"root","scaleX":0.6,"scaleY":0.6},{"name":"icon_1","parent":"root","color":"ffee03ff"},{"name":"thor_anina_icon_1_1","parent":"icon_1","color":"ff15a0ff"},{"name":"bone","parent":"thor_anina_icon_1_1","x":0.59,"y":-131.56,"color":"abe323ff"},{"name":"bone2","parent":"thor_anina_icon_1_1","x":90.76,"y":-130.85},{"name":"boom","parent":"icon_1","length":11.32,"rotation":90,"x":0.03,"y":2.75,"scaleX":2,"scaleY":2},{"name":"boom_s","parent":"thor_anina_icon_1_1","x":-12.95,"y":9.77,"scaleX":0.9,"scaleY":0.9,"color":"ffee03ff"},{"name":"thor_anina_icon_1_2","parent":"thor_anina_icon_1_1","color":"ff3131ff"}],"slots":[{"name":"boom","bone":"boom","attachment":"boom/thor_boom_00002"},{"name":"thor_anina_icon_1_2","bone":"thor_anina_icon_1_2","attachment":"thor_anina_icon_1_2"},{"name":"thor_anina_icon_1_1","bone":"thor_anina_icon_1_1","attachment":"thor_anina_icon_1_1"},{"name":"boom_s","bone":"boom_s","color":"ffffff3b","attachment":"boom_s/thor_boom_s_00048","blend":"additive"}],"transform":[{"name":"bh1","target":"bone","local":true,"x":90.17,"y":0.71,"rotateMix":-0.505,"translateMix":-0.505,"scaleMix":-0.505,"shearMix":-0.505,"bones":["bone2"]}],"skins":[{"name":"default","attachments":{"boom":{"boom/thor_boom_00002":{"width":300,"height":300},"boom/thor_boom_00004":{"width":300,"height":300},"boom/thor_boom_00006":{"width":300,"height":300},"boom/thor_boom_00008":{"width":300,"height":300},"boom/thor_boom_00010":{"width":300,"height":300},"boom/thor_boom_00012":{"width":300,"height":300},"boom/thor_boom_00014":{"width":300,"height":300},"boom/thor_boom_00016":{"width":300,"height":300},"boom/thor_boom_00018":{"width":300,"height":300},"boom/thor_boom_00020":{"width":300,"height":300},"boom/thor_boom_00022":{"width":300,"height":300},"boom/thor_boom_00024":{"width":300,"height":300},"boom/thor_boom_00026":{"width":300,"height":300},"boom/thor_boom_00028":{"width":300,"height":300},"boom/thor_boom_00030":{"width":300,"height":300}},"boom_s":{"boom_s/thor_boom_s_00012":{"x":2.34,"y":-2.49,"width":300,"height":300},"boom_s/thor_boom_s_00014":{"x":2.34,"y":-2.49,"width":300,"height":300},"boom_s/thor_boom_s_00016":{"x":2.34,"y":-2.49,"width":300,"height":300},"boom_s/thor_boom_s_00018":{"x":2.34,"y":-2.49,"width":300,"height":300},"boom_s/thor_boom_s_00020":{"x":2.34,"y":-2.49,"width":300,"height":300},"boom_s/thor_boom_s_00022":{"x":2.34,"y":-2.49,"width":300,"height":300},"boom_s/thor_boom_s_00024":{"x":2.34,"y":-2.49,"width":300,"height":300},"boom_s/thor_boom_s_00026":{"x":2.34,"y":-2.49,"width":300,"height":300},"boom_s/thor_boom_s_00028":{"x":2.34,"y":-2.49,"width":300,"height":300},"boom_s/thor_boom_s_00030":{"x":2.34,"y":-2.49,"width":300,"height":300},"boom_s/thor_boom_s_00032":{"x":2.34,"y":-2.49,"width":300,"height":300},"boom_s/thor_boom_s_00034":{"x":2.34,"y":-2.49,"width":300,"height":300},"boom_s/thor_boom_s_00036":{"x":2.34,"y":-2.49,"width":300,"height":300},"boom_s/thor_boom_s_00038":{"x":2.34,"y":-2.49,"width":300,"height":300},"boom_s/thor_boom_s_00040":{"x":2.34,"y":-2.49,"width":300,"height":300},"boom_s/thor_boom_s_00042":{"x":2.34,"y":-2.49,"width":300,"height":300},"boom_s/thor_boom_s_00044":{"x":2.34,"y":-2.49,"width":300,"height":300},"boom_s/thor_boom_s_00046":{"x":2.34,"y":-2.49,"width":300,"height":300},"boom_s/thor_boom_s_00048":{"x":2.34,"y":-2.49,"width":300,"height":300}},"thor_anina_icon_1_1":{"thor_anina_icon_1_1":{"type":"mesh","hull":72,"width":186,"height":191,"uvs":[0.49354,0.00254,0.47616,0.00209,0.35959,0.11334,0.32455,0.14679,0.30029,0.15072,0.2831,0.16352,0.28209,0.18911,0.25885,0.21372,0.23156,0.21372,0.19618,0.22159,0.17192,0.23832,0.14969,0.25899,0.13589,0.28326,0.12522,0.31572,0.12655,0.34559,0.0074,0.46653,0.01313,0.52091,0.09526,0.60661,0.12166,0.63416,0.12111,0.65643,0.12554,0.68609,0.1416,0.71845,0.1643,0.74433,0.18867,0.75781,0.22189,0.77022,0.25678,0.77291,0.26675,0.76968,0.28059,0.78262,0.27727,0.80149,0.28336,0.82253,0.29942,0.83331,0.31936,0.83655,0.33154,0.83385,0.39251,0.89298,0.46887,0.96705,0.49158,0.97837,0.5104,0.97568,0.58763,0.90346,0.66092,0.83493,0.67698,0.83547,0.69303,0.82846,0.70245,0.81659,0.70965,0.80149,0.70577,0.78639,0.71906,0.77183,0.75893,0.76698,0.80046,0.75566,0.82317,0.74056,0.84477,0.71575,0.85695,0.69526,0.86027,0.67261,0.86138,0.6354,0.90097,0.59725,0.96825,0.5324,0.96867,0.46394,0.96878,0.44656,0.89728,0.37389,0.86744,0.34356,0.86633,0.31012,0.85858,0.28154,0.84363,0.25566,0.82092,0.23517,0.78493,0.21683,0.75115,0.21198,0.72764,0.21168,0.70971,0.1953,0.71192,0.17738,0.70753,0.16365,0.69551,0.15306,0.68141,0.14856,0.66152,0.15059,0.51242,0.00303,0.49552,0.2375,0.49115,0.67854,0.72382,0.4604,0.263,0.4596,0.10431,0.43282,0.22969,0.30908,0.24395,0.3246,0.25947,0.33318,0.28505,0.33318,0.30853,0.32746,0.32992,0.31439,0.3404,0.29724,0.34308,0.28261,0.34298,0.27026,0.35621,0.26249,0.36847,0.24898,0.37266,0.23673,0.37363,0.22228,0.37266,0.205,0.36847,0.18929,0.36234,0.18301,0.45354,0.09427,0.45524,0.06242,0.53466,0.05456,0.5277,0.08708,0.62613,0.18277,0.61525,0.20707,0.61525,0.23386,0.62549,0.25068,0.63957,0.26626,0.65044,0.26875,0.64916,0.29492,0.66132,0.31859,0.67859,0.32794,0.7093,0.33791,0.73745,0.33355,0.75729,0.32233,0.7656,0.31112,0.88012,0.42326,0.91787,0.42202,0.83406,0.48868,0.90252,0.4974,0.8785,0.49434,0.71689,0.64798,0.69642,0.64651,0.67211,0.6571,0.65356,0.67081,0.64652,0.68888,0.64396,0.70757,0.64524,0.71816,0.62605,0.72564,0.61773,0.73872,0.61261,0.75305,0.52565,0.83578,0.45911,0.83453,0.36762,0.74544,0.36497,0.73346,0.35574,0.7212,0.34316,0.71467,0.34148,0.70119,0.33477,0.68118,0.32555,0.6624,0.30584,0.65056,0.28445,0.64443,0.26516,0.64729,0.11479,0.4987,0.07495,0.50115,0.1156,0.4636,0.13507,0.43801,0.22659,0.67159,0.03086,0.47855,0.3119,0.75044,0.33895,0.78229,0.3616,0.80189,0.44714,0.88214,0.49151,0.9293,0.62453,0.79577,0.53289,0.88776,0.57876,0.84171,0.75772,0.67134,0.89858,0.53285,0.09371,0.54054,0.38877,0.82738,0.49436,0.10011,0.49481,0.15381,0.17898,0.46188,0.82331,0.46081,0.89575,0.46237,0.80395,0.56521,0.8311,0.59919,0.55713,0.80583,0.19144,0.57444,0.15099,0.59703,0.42547,0.80177,0.83705,0.38109,0.41646,0.13035,0.49333,0.45856,0.4947,0.31987,0.347,0.45922,0.49191,0.60195,0.64147,0.45974,0.56297,0.38492,0.41934,0.53047,0.42513,0.38551,0.56465,0.53279,0.61975,0.55797,0.36455,0.55705,0.37091,0.35653,0.60647,0.34582,0.49136,0.82773,0.18503,0.48017,0.1341,0.62894,0.14484,0.63301,0.152,0.6458,0.16155,0.64696,0.16931,0.65335,0.18184,0.6673,0.19079,0.68125,0.19974,0.6888,0.21466,0.69171,0.22361,0.6952,0.1532,0.6673,0.16513,0.68415,0.18005,0.70333,0.20332,0.71321,0.2254,0.71612,0.23555,0.71786,0.24749,0.73006,0.27076,0.73878,0.29463,0.72948,0.30597,0.71844,0.30179,0.70159,0.26479,0.71205,0.25107,0.70275,0.25166,0.68764,0.26121,0.68067,0.28329,0.6766,0.30119,0.68009,0.31611,0.69636,0.29861,0.77893,0.31655,0.77657,0.31365,0.79118,0.31462,0.79872,0.32865,0.79542,0.29768,0.79495,0.30155,0.80531,0.31994,0.81426,0.33881,0.80343,0.49128,0.77186,0.66792,0.74667,0.65184,0.74191,0.63507,0.74803,0.62878,0.76369,0.63297,0.78274,0.64835,0.79227,0.66652,0.7984,0.66792,0.78206,0.6805,0.77798,0.68679,0.79159,0.84125,0.62484,0.82937,0.64594,0.81539,0.6473,0.807,0.66772,0.79652,0.67861,0.77835,0.69154,0.76227,0.69494,0.83775,0.65411,0.83146,0.67248,0.81749,0.69358,0.79372,0.70992,0.77625,0.72081,0.75878,0.72217,0.7441,0.73102,0.72523,0.73578,0.70636,0.73578,0.68749,0.73102,0.6798,0.71536,0.6784,0.70039,0.69028,0.69426,0.72034,0.70719,0.72593,0.69018,0.71335,0.67929,0.70636,0.69018,0.68399,0.67657,0.66442,0.68541,0.72341,0.26934,0.71696,0.28426,0.69196,0.28348,0.68712,0.26227,0.70244,0.245,0.72502,0.2395,0.70728,0.21908,0.67744,0.23165,0.66212,0.24029,0.64841,0.23793,0.63954,0.22144,0.64115,0.20652,0.64922,0.19159,0.6718,0.1806,0.6718,0.20416,0.69438,0.19945,0.71373,0.25835,0.74357,0.28584,0.7097,0.30782,0.68954,0.30625,0.66777,0.29919,0.75002,0.25599,0.76777,0.26149,0.76615,0.27798,0.76373,0.29447,0.79599,0.29133,0.81212,0.31725,0.82986,0.32903,0.8468,0.34474,0.83873,0.30704,0.82664,0.28898,0.80728,0.27484,0.79277,0.2607,0.1402,0.34934,0.16085,0.33929,0.17736,0.32186,0.19044,0.30846,0.20145,0.29506,0.2159,0.29036,0.23104,0.2917,0.22691,0.26691,0.19525,0.27361,0.1808,0.28634,0.16842,0.29841,0.15741,0.31181,0.15534,0.32588,0.24274,0.24949,0.26682,0.24077,0.29022,0.24278,0.30605,0.25753,0.3033,0.27361,0.29297,0.28232,0.27027,0.27696,0.26614,0.2649,0.25237,0.27696,0.25925,0.29841,0.27852,0.3031,0.30261,0.29573,0.32119,0.28299,0.32119,0.26289,0.31224,0.24278,0.29366,0.23005,0.29779,0.20324,0.31706,0.20592,0.32669,0.19587,0.31568,0.18314,0.32876,0.17778,0.34115,0.19185,0.34665,0.20391,0.35697,0.22201,0.34115,0.24144,0.32738,0.24144,0.31637,0.23139],"triangles":[327,329,325,325,320,321,14,13,302,301,12,300,183,184,19,185,193,19,183,17,164,18,17,183,16,15,142,72,179,87,43,229,44,44,246,245,38,37,150,227,230,40,229,247,246,247,221,248,248,249,250,251,254,252,249,256,255,244,251,243,250,249,255,254,253,252,254,255,253,253,116,115,252,253,151,271,265,267,271,267,268,267,98,268,98,97,268,271,264,265,195,194,189,326,90,89,326,325,90,321,323,324,321,322,323,324,323,92,297,298,9,303,8,7,6,5,322,323,322,3,92,323,3,264,271,272,284,286,285,276,277,259,259,260,273,260,261,273,260,264,261,261,264,263,264,272,263,112,158,159,159,110,111,286,287,59,159,111,54,110,56,111,286,59,58,54,111,55,287,288,60,288,61,60,263,65,64,263,272,65,271,270,272,65,272,66,270,269,70,269,97,70,270,67,66,270,68,67,270,69,68,97,98,96,167,93,72,72,93,156,93,155,156,92,3,2,92,2,167,72,156,96,156,155,96,70,96,95,167,2,93,93,2,94,95,96,155,155,93,94,1,94,2,0,95,155,0,155,94,94,1,0,0,71,95,71,70,95,36,35,147,151,161,233,231,233,161,161,152,52,40,230,41,41,230,42,235,151,234,234,151,233,45,243,242,242,236,241,235,234,240,234,233,239,233,232,239,238,231,51,238,232,231,52,152,53,240,239,49,239,238,50,50,238,51,49,239,50,45,242,46,241,240,47,48,240,49,46,241,47,47,240,48,242,241,46,241,235,240,240,234,239,239,232,238,51,231,52,44,245,45,245,244,45,244,243,45,233,231,232,231,161,52,39,227,40,230,43,42,36,149,37,35,34,147,91,92,167,97,96,70,72,96,98,270,70,69,269,270,271,66,272,270,289,62,61,287,60,59,288,289,61,289,279,62,53,152,54,55,111,56,54,152,113,113,159,54,110,166,56,166,57,56,285,58,57,152,114,113,114,159,113,114,112,159,158,110,159,108,166,107,166,285,57,109,283,166,283,284,166,166,284,285,285,286,58,105,276,106,106,275,107,106,276,275,107,275,274,107,274,108,274,275,258,284,283,286,109,274,281,109,108,274,109,282,283,283,287,286,283,282,287,282,281,280,282,109,281,276,259,275,275,259,258,282,280,289,280,279,289,281,274,280,282,288,287,282,289,288,258,257,274,274,278,280,274,257,278,257,258,273,258,259,273,280,278,279,278,257,262,279,278,62,257,273,262,273,261,262,278,262,63,278,63,62,63,262,64,261,263,262,262,263,64,23,22,196,22,195,196,22,21,195,21,194,195,194,20,193,194,21,20,20,19,193,13,12,301,299,300,11,300,12,11,299,11,298,11,10,298,298,10,9,303,9,8,5,4,322,322,4,3,319,7,6,319,6,322,321,320,322,90,91,167,320,319,322,72,90,167,325,321,324,325,91,90,325,92,91,325,324,92,72,88,89,88,326,89,72,89,90,72,87,88,87,327,88,38,227,39,188,194,193,83,84,86,268,269,271,268,97,269,265,264,260,102,265,260,102,266,265,267,265,266,100,267,266,100,99,267,99,98,267,243,237,242,255,116,253,253,115,151,160,151,115,250,255,254,251,250,254,250,251,248,246,247,251,248,121,249,251,247,248,152,161,160,152,160,114,36,147,149,38,226,227,148,226,38,230,229,43,86,87,179,153,16,142,16,153,17,17,153,164,183,19,18,142,15,139,303,7,304,304,7,318,318,319,320,318,7,319,303,297,9,305,304,318,329,318,320,310,304,305,305,318,317,325,329,320,317,318,329,327,325,326,86,327,87,327,326,88,84,85,86,14,76,15,290,14,302,302,13,301,166,74,107,74,166,110,74,158,112,255,256,117,255,117,116,160,161,151,237,151,236,124,123,223,119,118,256,256,118,117,120,256,249,221,222,248,222,121,248,160,115,116,256,120,119,249,121,120,122,120,121,123,122,223,241,236,235,160,112,114,38,150,148,119,122,73,119,73,118,118,177,117,117,177,116,229,221,247,166,108,109,195,190,196,194,188,189,30,29,217,199,198,205,205,198,192,192,191,141,191,190,141,190,189,141,188,193,187,189,188,141,193,186,187,141,188,187,198,197,192,206,192,141,199,197,198,205,192,206,33,146,34,34,146,147,149,147,181,146,181,147,149,181,125,126,181,146,33,32,154,145,154,32,32,219,145,33,154,146,149,125,150,146,154,126,126,154,165,125,162,150,150,162,148,32,31,218,73,124,162,181,126,220,32,218,219,73,220,126,125,181,220,154,145,165,217,28,216,217,214,218,218,215,219,218,214,215,162,124,148,125,73,162,217,216,214,145,219,144,219,215,144,165,145,127,145,144,127,73,126,165,28,27,216,216,213,214,214,213,215,148,224,225,148,124,224,144,215,212,216,211,213,216,27,211,226,225,228,224,222,228,215,213,212,213,211,212,224,223,222,228,225,224,27,26,211,127,144,143,222,221,228,26,200,211,211,200,143,211,143,212,143,200,201,128,143,129,129,143,130,144,212,143,200,26,25,73,165,127,125,220,73,200,25,199,224,124,223,124,73,123,201,202,143,131,130,210,210,130,202,202,130,143,127,128,73,199,204,200,200,204,201,123,73,122,128,129,73,199,205,204,201,204,203,201,203,202,203,208,209,208,203,204,132,73,129,202,203,210,129,130,131,204,205,207,205,206,207,204,207,208,203,209,210,210,132,131,129,131,132,210,209,132,118,73,177,206,141,207,184,185,19,209,133,132,73,132,178,208,207,136,209,134,133,209,208,134,177,171,176,177,73,171,171,73,178,133,178,132,171,178,174,207,141,136,208,135,134,208,136,135,163,136,141,193,185,186,133,134,178,141,164,163,134,135,178,135,136,163,141,187,164,116,177,160,185,184,186,186,164,187,164,186,184,135,163,178,184,183,164,176,171,168,164,153,163,153,137,163,137,182,163,163,75,178,163,182,75,177,74,160,160,74,112,177,172,74,177,176,172,75,170,178,178,170,174,153,142,138,153,138,137,171,174,168,176,168,172,174,170,168,137,138,139,137,157,182,137,139,157,139,138,142,182,157,75,15,76,139,139,140,157,139,76,140,157,140,75,168,173,172,173,180,172,105,74,180,105,180,104,180,74,172,140,78,75,179,170,75,179,75,80,170,175,168,170,179,175,169,168,175,169,173,168,140,77,78,140,76,77,295,77,292,295,293,294,293,295,292,291,292,77,291,77,76,76,290,291,76,14,290,175,179,169,173,169,180,169,179,72,291,290,302,100,180,99,180,103,104,180,101,103,180,100,101,72,180,169,99,180,72,291,302,292,78,312,79,79,312,313,105,104,276,276,104,277,313,314,81,302,301,292,78,77,312,301,300,292,292,300,293,104,103,277,314,315,82,82,315,83,77,296,312,77,295,296,300,299,293,293,299,294,312,309,313,313,308,314,313,309,308,103,102,277,259,102,260,259,277,102,296,311,312,312,311,309,314,307,315,314,308,307,299,298,294,294,298,295,103,101,102,295,297,296,296,297,311,295,298,297,315,85,84,307,316,315,315,316,85,307,308,310,297,303,311,311,310,309,311,303,310,308,309,310,85,316,327,316,328,327,310,305,307,307,306,316,307,305,306,85,327,86,101,266,102,101,100,266,310,303,304,306,317,316,316,317,328,306,305,317,317,329,328,328,329,327,72,98,99,78,79,75,75,79,80,80,79,313,228,221,229,25,24,199,149,150,37,217,29,28,31,30,218,30,217,218,196,192,197,197,23,196,196,190,191,192,196,191,199,24,197,195,189,190,24,23,197,127,143,128,81,179,80,82,83,179,83,315,84,179,83,86,179,81,82,81,80,313,81,314,82,229,246,44,228,229,230,227,226,228,227,228,230,236,151,235,148,225,226,120,122,119,122,121,222,223,122,222,245,251,244,246,251,245,252,151,237,242,237,236,243,251,237,237,251,252,158,74,110,74,106,107,74,105,106],"vertices":[2,3,-1.8,226.57,0.17244,4,-91.97,225.86,0.82756,2,3,-5.03,226.66,0.18375,4,-95.2,225.95,0.81625,2,3,-26.71,205.41,0.18168,4,-116.88,204.7,0.81832,2,3,-33.23,199.02,0.2145,4,-123.4,198.31,0.7855,2,3,-37.74,198.27,0.24764,4,-127.91,197.56,0.75236,2,3,-40.94,195.83,0.2396,4,-131.11,195.12,0.7604,2,3,-41.12,190.94,0.20632,4,-131.29,190.23,0.79368,2,3,-45.45,186.24,0.31378,4,-135.62,185.53,0.68622,2,3,-50.52,186.24,0.37068,4,-140.69,185.53,0.62932,2,3,-57.1,184.73,0.3207,4,-147.27,184.02,0.6793,2,3,-61.62,181.54,0.30561,4,-151.79,180.83,0.69439,2,3,-65.75,177.59,0.31642,4,-155.92,176.88,0.68358,2,3,-68.32,172.96,0.32576,4,-158.49,172.25,0.67424,2,3,-70.3,166.76,0.29375,4,-160.47,166.05,0.70625,2,3,-70.06,161.05,0.30407,4,-160.22,160.34,0.69593,2,3,-92.22,137.95,0.35632,4,-182.39,137.24,0.64368,2,3,-91.15,127.56,0.23998,4,-181.32,126.85,0.76002,2,3,-75.87,111.2,0.23594,4,-166.04,110.49,0.76406,2,3,-70.96,105.93,0.40205,4,-161.13,105.22,0.59795,2,3,-71.07,101.68,0.40374,4,-161.24,100.97,0.59626,2,3,-70.24,96.02,0.3869,4,-160.41,95.31,0.6131,2,3,-67.26,89.84,0.36661,4,-157.43,89.13,0.63339,2,3,-63.03,84.89,0.398,4,-153.2,84.18,0.602,2,3,-58.5,82.32,0.44392,4,-148.67,81.61,0.55608,2,3,-52.32,79.95,0.49559,4,-142.49,79.24,0.50441,2,3,-45.83,79.43,0.61103,4,-136,78.72,0.38897,2,3,-43.98,80.05,0.56529,4,-134.15,79.34,0.43471,2,3,-41.4,77.58,0.56137,4,-131.57,76.87,0.43863,2,3,-42.02,73.97,0.63136,4,-132.19,73.26,0.36864,2,3,-40.89,69.96,0.61841,4,-131.06,69.25,0.38159,2,3,-37.9,67.9,0.58897,4,-128.07,67.19,0.41103,2,3,-34.19,67.28,0.65364,4,-124.36,66.57,0.34636,2,3,-31.93,67.79,0.59723,4,-122.1,67.08,0.40277,2,3,-20.59,56.5,0.50379,4,-110.76,55.79,0.49621,2,3,-6.38,42.35,0.43492,4,-96.55,41.64,0.56508,2,3,-2.16,40.19,0.33557,4,-92.33,39.48,0.66443,2,3,1.34,40.7,0.27685,4,-88.83,39.99,0.72315,2,3,15.71,54.5,0.39146,4,-74.46,53.79,0.60854,2,3,29.34,67.59,0.46141,4,-60.83,66.88,0.53859,2,3,32.32,67.48,0.34706,4,-57.85,66.77,0.65294,2,3,35.31,68.82,0.40506,4,-54.86,68.11,0.59494,2,3,37.06,71.09,0.40371,4,-53.11,70.38,0.59629,2,3,38.4,73.97,0.35807,4,-51.77,73.26,0.64193,2,3,37.68,76.86,0.3452,4,-52.49,76.15,0.6548,2,3,40.15,79.64,0.46491,4,-50.02,78.93,0.53509,2,3,47.57,80.57,0.26937,4,-42.6,79.86,0.73063,2,3,55.29,82.73,0.37672,4,-34.88,82.02,0.62328,2,3,59.52,85.61,0.31627,4,-30.65,84.9,0.68373,2,3,63.53,90.35,0.25725,4,-26.64,89.64,0.74275,2,3,65.8,94.26,0.25259,4,-24.37,93.55,0.74741,2,3,66.42,98.59,0.24156,4,-23.75,97.88,0.75844,2,3,66.62,105.7,0.24379,4,-23.55,104.99,0.75621,2,3,73.99,112.98,0.30267,4,-16.18,112.27,0.69733,2,3,86.5,125.37,0.25707,4,-3.67,124.66,0.74293,2,3,86.58,138.45,0.32255,4,-3.59,137.74,0.67745,2,3,86.6,141.77,0.35959,4,-3.57,141.06,0.64041,2,3,73.3,155.65,0.34372,4,-16.87,154.94,0.65628,2,3,67.75,161.44,0.28931,4,-22.42,160.73,0.71069,2,3,67.54,167.82,0.19834,4,-22.63,167.11,0.80166,2,3,66.1,173.28,0.14106,4,-24.07,172.57,0.85894,2,3,63.32,178.23,0.11164,4,-26.85,177.52,0.88836,2,3,59.1,182.14,0.12091,4,-31.07,181.43,0.87909,2,3,52.4,185.64,0.1501,4,-37.77,184.93,0.8499,2,3,46.12,186.57,0.15114,4,-44.05,185.86,0.84886,2,3,41.75,186.63,0.22136,4,-48.42,185.92,0.77864,2,3,38.41,189.76,0.20344,4,-51.76,189.05,0.79656,2,3,38.82,193.18,0.18947,4,-51.35,192.47,0.81053,2,3,38.01,195.8,0.23718,4,-52.16,195.09,0.76282,2,3,35.77,197.82,0.18118,4,-54.4,197.11,0.81882,2,3,33.15,198.68,0.22504,4,-57.02,197.97,0.77496,2,3,29.45,198.3,0.27969,4,-60.72,197.59,0.72031,2,3,1.72,226.48,0.16997,4,-88.45,225.77,0.83003,2,3,-1.43,181.7,0.49766,4,-91.6,180.99,0.50234,2,3,-2.24,97.46,0.59454,4,-92.41,96.75,0.40546,2,3,41.04,139.12,0.74698,4,-49.13,138.41,0.25302,2,3,-44.68,139.28,0.57041,4,-134.85,138.57,0.42959,2,3,-74.19,144.39,0.70701,4,-164.36,143.68,0.29299,2,3,-50.87,168.02,0.63454,4,-141.04,167.31,0.36546,2,3,-48.22,165.06,0.54557,4,-138.39,164.35,0.45443,2,3,-45.33,163.42,0.47143,4,-135.5,162.71,0.52857,2,3,-40.58,163.42,0.49512,4,-130.75,162.71,0.50488,2,3,-36.21,164.51,0.55096,4,-126.38,163.8,0.44904,2,3,-32.23,167.01,0.56229,4,-122.4,166.3,0.43771,2,3,-30.28,170.29,0.5153,4,-120.45,169.58,0.4847,2,3,-29.78,173.08,0.51549,4,-119.95,172.37,0.48451,2,3,-29.8,175.44,0.55144,4,-119.97,174.73,0.44856,2,3,-27.34,176.92,0.42472,4,-117.51,176.21,0.57528,2,3,-25.06,179.5,0.3059,4,-115.23,178.79,0.6941,2,3,-24.28,181.84,0.32587,4,-114.45,181.13,0.67413,2,3,-24.1,184.6,0.29388,4,-114.27,183.89,0.70612,2,3,-24.28,187.9,0.23476,4,-114.45,187.19,0.76524,2,3,-25.06,190.9,0.24844,4,-115.23,190.19,0.75156,2,3,-26.2,192.1,0.30297,4,-116.37,191.39,0.69703,2,3,-9.24,209.05,0.22111,4,-99.41,208.34,0.77889,2,3,-8.92,215.14,0.11725,4,-99.09,214.43,0.88275,2,3,5.85,216.64,0.09679,4,-84.32,215.93,0.90321,2,3,4.56,210.43,0.1753,4,-85.61,209.72,0.8247,2,3,22.87,192.15,0.222,4,-67.3,191.44,0.778,2,3,20.84,187.51,0.47084,4,-69.33,186.8,0.52916,2,3,20.84,182.39,0.53861,4,-69.33,181.68,0.46139,2,3,22.75,179.18,0.52635,4,-67.42,178.47,0.47365,2,3,25.37,176.2,0.55722,4,-64.8,175.49,0.44278,2,3,27.39,175.73,0.54768,4,-62.78,175.02,0.45232,2,3,27.15,170.73,0.55109,4,-63.02,170.02,0.44891,2,3,29.41,166.21,0.52897,4,-60.76,165.5,0.47103,2,3,32.62,164.42,0.49928,4,-57.55,163.71,0.50072,2,3,38.34,162.52,0.447,4,-51.83,161.81,0.553,2,3,43.57,163.35,0.48102,4,-46.6,162.64,0.51898,2,3,47.26,165.49,0.48672,4,-42.91,164.78,0.51328,2,3,48.81,167.64,0.50786,4,-41.36,166.93,0.49214,2,3,70.11,146.22,0.4999,4,-20.06,145.51,0.5001,2,3,77.13,146.45,0.45622,4,-13.04,145.74,0.54378,2,3,61.54,133.72,0.57074,4,-28.63,133.01,0.42926,2,3,74.27,132.05,0.44938,4,-15.9,131.34,0.55062,2,3,69.81,132.64,0.4623,4,-20.36,131.93,0.5377,2,3,39.75,103.29,0.47154,4,-50.42,102.58,0.52846,2,3,35.94,103.58,0.56946,4,-54.23,102.87,0.43054,2,3,31.42,101.55,0.56675,4,-58.75,100.84,0.43325,2,3,27.97,98.93,0.57901,4,-62.2,98.22,0.42099,2,3,26.66,95.48,0.61997,4,-63.51,94.77,0.38003,2,3,26.18,91.91,0.58408,4,-63.99,91.2,0.41592,2,3,26.42,89.89,0.58836,4,-63.75,89.18,0.41164,2,3,22.85,88.46,0.4741,4,-67.32,87.75,0.5259,2,3,21.3,85.96,0.49881,4,-68.87,85.25,0.50119,2,3,20.35,83.23,0.53834,4,-69.82,82.52,0.46166,2,3,4.18,67.43,0.61571,4,-85.99,66.72,0.38429,2,3,-8.2,67.66,0.62206,4,-98.37,66.95,0.37794,2,3,-25.22,84.68,0.56455,4,-115.39,83.97,0.43545,2,3,-25.71,86.97,0.59225,4,-115.88,86.26,0.40775,2,3,-27.43,89.31,0.56769,4,-117.6,88.6,0.43231,2,3,-29.77,90.56,0.51406,4,-119.94,89.85,0.48594,2,3,-30.08,93.13,0.54887,4,-120.25,92.42,0.45113,2,3,-31.33,96.95,0.52778,4,-121.5,96.24,0.47222,2,3,-33.04,100.54,0.51869,4,-123.21,99.83,0.48131,2,3,-36.71,102.8,0.58805,4,-126.88,102.09,0.41195,2,3,-40.69,103.97,0.59417,4,-130.86,103.26,0.40583,2,3,-44.27,103.43,0.64555,4,-134.44,102.72,0.35445,2,3,-72.24,131.81,0.63284,4,-162.41,131.1,0.36716,2,3,-79.65,131.34,0.58823,4,-169.82,130.63,0.41177,2,3,-72.09,138.51,0.60561,4,-162.26,137.8,0.39439,2,3,-68.47,143.4,0.6961,4,-158.64,142.69,0.3039,2,3,-51.45,98.79,0.63207,4,-141.62,98.08,0.36793,2,3,-87.85,135.66,0.53745,4,-178.02,134.95,0.46255,2,3,-35.58,83.73,0.68776,4,-125.75,83.02,0.31224,2,3,-30.55,77.64,0.69148,4,-120.72,76.93,0.30852,2,3,-26.34,73.9,0.71767,4,-116.51,73.19,0.28233,2,3,-10.43,58.57,0.68376,4,-100.59,57.86,0.31624,2,3,-2.17,49.56,0.54223,4,-92.34,48.85,0.45777,2,3,22.57,75.07,0.51639,4,-67.6,74.36,0.48361,2,3,5.52,57.5,0.57743,4,-84.65,56.79,0.42257,2,3,14.06,66.29,0.57798,4,-76.11,65.58,0.42202,2,3,47.34,98.83,0.52198,4,-42.83,98.12,0.47802,2,3,73.54,125.29,0.48125,4,-16.63,124.58,0.51875,2,3,-76.16,123.82,0.58389,4,-166.33,123.11,0.41611,2,3,-21.28,69.03,0.68678,4,-111.45,68.32,0.31322,2,3,-1.64,207.94,0.22764,4,-91.81,207.23,0.77236,2,3,-1.56,197.68,0.34167,4,-91.73,196.97,0.65833,2,3,-60.3,138.84,0.75671,4,-150.47,138.13,0.24329,2,3,59.54,139.04,0.44162,4,-30.63,138.33,0.55838,2,3,73.02,138.75,0.43359,4,-17.15,138.04,0.56641,2,3,55.94,119.1,0.49861,4,-34.23,118.39,0.50139,2,3,60.99,112.61,0.49222,4,-29.18,111.9,0.50778,2,3,10.03,73.15,0.61527,4,-80.14,72.44,0.38473,2,3,-57.99,117.34,0.64047,4,-148.16,116.63,0.35953,2,3,-65.51,113.03,0.58122,4,-155.68,112.32,0.41878,2,3,-14.46,73.92,0.57228,4,-104.63,73.21,0.42772,2,3,62.1,154.27,0.5195,4,-28.07,153.56,0.4805,2,3,-16.13,202.16,0.31628,4,-106.3,201.45,0.68372,2,3,-1.83,139.47,0.92,4,-92,138.76,0.08,2,3,-1.58,165.96,0.76619,4,-91.75,165.25,0.23381,2,3,-29.05,139.35,0.85438,4,-119.22,138.64,0.14562,2,3,-2.1,112.09,0.72755,4,-92.27,111.38,0.27245,2,3,25.72,139.25,0.82825,4,-64.45,138.54,0.17175,2,3,11.12,153.54,0.87472,4,-79.05,152.83,0.12528,2,3,-15.6,125.74,0.83048,4,-105.77,125.03,0.16952,2,3,-14.52,153.43,0.9291,4,-104.69,152.72,0.0709,2,3,11.43,125.3,0.85626,4,-78.74,124.59,0.14374,2,3,21.68,120.49,0.6305,4,-68.49,119.78,0.3695,2,3,-25.79,120.66,0.60467,4,-115.96,119.95,0.39533,2,3,-24.6,158.96,0.56279,4,-114.77,158.25,0.43721,2,3,19.21,161.01,0.61623,4,-70.96,160.3,0.38377,2,3,-2.2,68.96,0.63423,4,-92.37,68.25,0.36577,2,3,-59.18,135.35,0.6942,4,-149.35,134.64,0.3058,2,3,-68.65,106.93,0.50866,4,-158.82,106.22,0.49134,2,3,-66.65,106.15,0.55792,4,-156.82,105.44,0.44208,2,3,-65.32,103.71,0.54087,4,-155.49,103,0.45913,2,3,-63.55,103.49,0.54822,4,-153.72,102.78,0.45178,2,3,-62.1,102.27,0.53573,4,-152.27,101.56,0.46427,2,3,-59.77,99.6,0.54015,4,-149.94,98.89,0.45985,2,3,-58.11,96.94,0.53551,4,-148.28,96.23,0.46449,2,3,-56.44,95.5,0.55532,4,-146.61,94.79,0.44468,2,3,-53.67,94.94,0.60958,4,-143.84,94.23,0.39042,2,3,-52,94.28,0.62859,4,-142.17,93.57,0.37141,2,3,-65.1,99.6,0.49619,4,-155.27,98.89,0.50381,2,3,-62.88,96.39,0.4603,4,-153.05,95.68,0.5397,2,3,-60.1,92.72,0.47176,4,-150.27,92.01,0.52824,2,3,-55.78,90.84,0.56808,4,-145.95,90.13,0.43192,2,3,-51.67,90.28,0.6543,4,-141.84,89.57,0.3457,2,3,-49.78,89.95,0.69473,4,-139.95,89.24,0.30527,2,3,-47.56,87.62,0.69666,4,-137.73,86.91,0.30334,2,3,-43.23,85.95,0.69253,4,-133.4,85.24,0.30747,2,3,-38.79,87.73,0.74642,4,-128.96,87.02,0.25358,2,3,-36.68,89.84,0.73792,4,-126.85,89.13,0.26208,2,3,-37.46,93.06,0.72129,4,-127.63,92.35,0.27871,2,3,-44.34,91.06,0.79347,4,-134.51,90.35,0.20653,2,3,-46.9,92.83,0.72723,4,-137.07,92.12,0.27277,2,3,-46.78,95.72,0.69561,4,-136.95,95.01,0.30439,2,3,-45.01,97.05,0.72464,4,-135.18,96.34,0.27536,2,3,-40.9,97.83,0.71326,4,-131.07,97.12,0.28674,2,3,-37.57,97.16,0.68562,4,-127.74,96.45,0.31438,2,3,-34.8,94.05,0.67118,4,-124.97,93.34,0.32882,2,3,-38.05,78.28,0.59668,4,-128.22,77.57,0.40332,2,3,-34.72,78.73,0.64379,4,-124.89,78.02,0.35621,2,3,-35.26,75.94,0.5959,4,-125.43,75.23,0.4041,2,3,-35.08,74.5,0.59268,4,-125.25,73.79,0.40732,2,3,-32.47,75.13,0.62854,4,-122.64,74.42,0.37146,2,3,-38.23,75.22,0.57826,4,-128.4,74.51,0.42174,2,3,-37.51,73.24,0.5729,4,-127.68,72.53,0.4271,2,3,-34.09,71.53,0.60609,4,-124.26,70.82,0.39391,2,3,-30.58,73.6,0.64325,4,-120.75,72.89,0.35675,2,3,-2.22,79.63,0.64379,4,-92.39,78.92,0.35621,2,3,30.64,84.44,0.54078,4,-59.53,83.73,0.45922,2,3,27.65,85.35,0.55992,4,-62.52,84.64,0.44008,2,3,24.53,84.18,0.52828,4,-65.64,83.47,0.47172,2,3,23.36,81.19,0.5523,4,-66.81,80.48,0.4477,2,3,24.14,77.55,0.52316,4,-66.03,76.84,0.47684,2,3,27,75.73,0.48134,4,-63.17,75.02,0.51866,2,3,30.38,74.56,0.53481,4,-59.79,73.85,0.46519,2,3,30.64,77.68,0.60705,4,-59.53,76.97,0.39295,2,3,32.98,78.46,0.57778,4,-57.19,77.75,0.42222,2,3,34.15,75.86,0.51242,4,-56.02,75.15,0.48758,2,3,62.88,107.71,0.40905,4,-27.29,107,0.59095,2,3,60.67,103.68,0.38517,4,-29.5,102.97,0.61483,2,3,58.07,103.42,0.43671,4,-32.1,102.71,0.56329,2,3,56.51,99.52,0.41998,4,-33.66,98.81,0.58002,2,3,54.56,97.44,0.51973,4,-35.61,96.73,0.48027,2,3,51.18,94.97,0.56655,4,-38.99,94.26,0.43345,2,3,48.19,94.32,0.53976,4,-41.98,93.61,0.46024,2,3,62.23,102.12,0.32501,4,-27.94,101.41,0.67499,2,3,61.06,98.61,0.40274,4,-29.11,97.9,0.59726,2,3,58.46,94.58,0.42153,4,-31.71,93.87,0.57847,2,3,54.04,91.46,0.4229,4,-36.13,90.75,0.5771,2,3,50.79,89.38,0.41138,4,-39.38,88.67,0.58862,2,3,47.54,89.12,0.45236,4,-42.63,88.41,0.54764,2,3,44.81,87.43,0.48026,4,-45.36,86.72,0.51974,2,3,41.3,86.52,0.48997,4,-48.87,85.81,0.51003,2,3,37.79,86.52,0.47522,4,-52.38,85.81,0.52478,2,3,34.28,87.43,0.40756,4,-55.89,86.72,0.59244,2,3,32.85,90.42,0.45595,4,-57.32,89.71,0.54405,2,3,32.59,93.28,0.4427,4,-57.58,92.57,0.5573,2,3,34.8,94.45,0.39579,4,-55.37,93.74,0.60421,2,3,40.39,91.98,0.53728,4,-49.78,91.27,0.46272,2,3,41.43,95.23,0.48331,4,-48.74,94.52,0.51669,2,3,39.09,97.31,0.43118,4,-51.08,96.6,0.56882,2,3,37.79,95.23,0.4311,4,-52.38,94.52,0.5689,2,3,33.63,97.83,0.41601,4,-56.54,97.12,0.58399,2,3,29.99,96.14,0.57304,4,-60.18,95.43,0.42696,2,3,40.96,175.61,0.44955,4,-49.21,174.9,0.55045,2,3,39.76,172.76,0.45165,4,-50.41,172.05,0.54835,2,3,35.11,172.91,0.47592,4,-55.06,172.2,0.52408,2,3,34.21,176.96,0.48607,4,-55.96,176.25,0.51393,2,3,37.06,180.26,0.43717,4,-53.11,179.55,0.56283,2,3,41.26,181.31,0.39555,4,-48.91,180.6,0.60445,2,3,37.96,185.21,0.3367,4,-52.21,184.5,0.6633,2,3,32.41,182.81,0.29741,4,-57.76,182.1,0.70259,2,3,29.56,181.16,0.41964,4,-60.61,180.45,0.58036,2,3,27.01,181.61,0.45069,4,-63.16,180.9,0.54931,2,3,25.36,184.76,0.42104,4,-64.81,184.05,0.57896,2,3,25.66,187.61,0.37647,4,-64.51,186.9,0.62353,2,3,27.16,190.46,0.20561,4,-63.01,189.75,0.79439,2,3,31.36,192.56,0.27641,4,-58.81,191.85,0.72359,2,3,31.36,188.06,0.22495,4,-58.81,187.35,0.77505,2,3,35.56,188.96,0.29967,4,-54.61,188.25,0.70033,2,3,39.16,177.71,0.45781,4,-51.01,177,0.54219,2,3,44.71,172.46,0.43518,4,-45.46,171.75,0.56482,2,3,38.41,168.26,0.45416,4,-51.76,167.55,0.54584,2,3,34.66,168.56,0.48361,4,-55.51,167.85,0.51639,2,3,30.61,169.91,0.51217,4,-59.56,169.2,0.48783,2,3,45.91,178.16,0.40117,4,-44.26,177.45,0.59883,2,3,49.21,177.11,0.36532,4,-40.96,176.4,0.63468,2,3,48.91,173.96,0.40405,4,-41.26,173.25,0.59595,2,3,48.46,170.81,0.4288,4,-41.71,170.1,0.5712,2,3,54.46,171.41,0.36875,4,-35.71,170.7,0.63125,2,3,57.46,166.46,0.39865,4,-32.71,165.75,0.60135,2,3,60.76,164.21,0.38206,4,-29.41,163.5,0.61794,2,3,63.91,161.21,0.36549,4,-26.26,160.5,0.63451,2,3,62.41,168.41,0.29281,4,-27.76,167.7,0.70719,2,3,60.16,171.86,0.25869,4,-30.01,171.15,0.74131,2,3,56.56,174.56,0.27149,4,-33.61,173.85,0.72851,2,3,53.86,177.26,0.28336,4,-36.31,176.55,0.71664,2,3,-67.52,160.34,0.50524,4,-157.69,159.63,0.49476,2,3,-63.68,162.26,0.64058,4,-153.85,161.55,0.35942,2,3,-60.6,165.58,0.59476,4,-150.77,164.87,0.40524,2,3,-58.17,168.14,0.60022,4,-148.34,167.43,0.39978,2,3,-56.12,170.7,0.62251,4,-146.29,169.99,0.37749,2,3,-53.44,171.6,0.65774,4,-143.61,170.89,0.34226,2,3,-50.62,171.34,0.66664,4,-140.79,170.63,0.33336,2,3,-51.39,176.08,0.61014,4,-141.56,175.37,0.38986,2,3,-57.28,174.8,0.50527,4,-147.45,174.09,0.49473,2,3,-59.96,172.37,0.4754,4,-150.13,171.66,0.5246,2,3,-62.27,170.06,0.4864,4,-152.44,169.35,0.5136,2,3,-64.32,167.5,0.51257,4,-154.49,166.79,0.48743,2,3,-64.7,164.82,0.58163,4,-154.87,164.11,0.41837,2,3,-48.44,179.41,0.54259,4,-138.61,178.7,0.45741,2,3,-43.96,181.07,0.40305,4,-134.13,180.36,0.59695,2,3,-39.61,180.69,0.40051,4,-129.78,179.98,0.59949,2,3,-36.67,177.87,0.65974,4,-126.84,177.16,0.34026,2,3,-37.18,174.8,0.71405,4,-127.35,174.09,0.28595,2,3,-39.1,173.14,0.70905,4,-129.27,172.43,0.29095,2,3,-43.32,174.16,0.66699,4,-133.49,173.45,0.33301,2,3,-44.09,176.46,0.57415,4,-134.26,175.75,0.42585,2,3,-46.65,174.16,0.65125,4,-136.82,173.45,0.34875,2,3,-45.37,170.06,0.68087,4,-135.54,169.35,0.31913,2,3,-41.79,169.17,0.65331,4,-131.96,168.46,0.34669,2,3,-37.31,170.58,0.70464,4,-127.48,169.87,0.29536,2,3,-33.85,173.01,0.74252,4,-124.02,172.3,0.25748,2,3,-33.85,176.85,0.69491,4,-124.02,176.14,0.30509,2,3,-35.52,180.69,0.55066,4,-125.69,179.98,0.44934,2,3,-38.97,183.12,0.35988,4,-129.14,182.41,0.64012,2,3,-38.2,188.24,0.27222,4,-128.37,187.53,0.72778,2,3,-34.62,187.73,0.33013,4,-124.79,187.02,0.66987,2,3,-32.83,189.65,0.40412,4,-123,188.94,0.59588,2,3,-34.88,192.08,0.37874,4,-125.05,191.37,0.62126,2,3,-32.44,193.1,0.40113,4,-122.61,192.39,0.59887,2,3,-30.14,190.42,0.40743,4,-120.31,189.71,0.59257,2,3,-29.12,188.11,0.42737,4,-119.29,187.4,0.57263,2,3,-27.2,184.66,0.40202,4,-117.37,183.95,0.59798,2,3,-30.14,180.94,0.59574,4,-120.31,180.23,0.40426,2,3,-32.7,180.94,0.61481,4,-122.87,180.23,0.38519,2,3,-34.75,182.86,0.45393,4,-124.92,182.15,0.54607],"edges":[6,8,8,10,10,12,12,14,14,16,16,18,18,20,20,22,22,24,24,26,26,28,28,30,30,32,36,38,38,40,40,42,42,44,44,46,46,48,48,50,50,52,52,54,54,56,56,58,58,60,60,62,62,64,68,70,70,72,76,78,78,80,80,82,82,84,84,86,86,88,88,90,90,92,92,94,94,96,96,98,98,100,100,102,114,116,116,118,118,120,120,122,122,124,124,126,126,128,128,130,130,132,132,134,134,136,136,138,138,140,140,142,2,0,0,142,106,108,108,110,152,154,154,156,156,158,158,160,160,162,162,164,164,166,166,168,168,170,170,172,172,174,174,176,176,178,178,180,180,182,182,184,144,186,186,188,188,0,0,190,144,192,192,190,192,194,194,196,196,198,198,200,200,202,202,204,204,206,206,208,208,210,210,212,212,214,214,216,216,218,220,222,222,108,220,148,148,224,226,108,224,228,228,226,230,232,232,234,234,236,236,238,238,240,242,244,244,246,246,248,250,146,146,252,254,256,256,258,258,260,260,262,262,264,264,266,266,268,268,270,270,272,274,276,30,278,150,280,280,152,278,280,278,274,30,284,284,276,286,288,292,252,70,294,292,294,294,298,250,298,296,300,300,298,72,74,74,76,300,74,108,304,102,104,104,106,304,104,306,284,32,34,34,36,306,34,290,308,308,292,64,66,66,68,308,66,0,310,310,186,144,312,312,310,150,314,314,278,316,148,108,318,318,316,228,320,320,230,302,322,322,304,320,322,248,324,324,250,272,326,326,274,282,328,328,306,326,328,252,330,330,254,308,330,218,332,332,220,110,112,112,114,332,112,184,334,334,186,2,4,4,6,334,4,144,338,338,336,150,340,340,336,146,342,342,336,148,344,344,336,338,346,346,344,340,348,348,342,348,336,338,350,350,340,350,336,342,352,352,344,336,352,146,354,354,148,146,356,356,150,144,358,358,150,144,360,360,148,362,294,150,364,364,274,314,364,146,440,440,362]}},"thor_anina_icon_1_2":{"thor_anina_icon_1_2":{"x":-0.66,"y":2.29,"rotation":-0.06,"width":186,"height":191}}}}],"animations":{"anima_1":{"slots":{"boom":{"attachment":[{"name":null},{"time":1.3333,"name":"boom/thor_boom_00004"},{"time":1.4,"name":"boom/thor_boom_00006"},{"time":1.4333,"name":"boom/thor_boom_00008"},{"time":1.4667,"name":"boom/thor_boom_00010"},{"time":1.5,"name":"boom/thor_boom_00012"},{"time":1.5333,"name":"boom/thor_boom_00014"},{"time":1.5667,"name":"boom/thor_boom_00016"},{"time":1.6,"name":"boom/thor_boom_00018"},{"time":1.6333,"name":"boom/thor_boom_00020"},{"time":1.6667,"name":"boom/thor_boom_00022"},{"time":1.7,"name":"boom/thor_boom_00024"},{"time":1.7333,"name":"boom/thor_boom_00026"},{"time":1.7667,"name":"boom/thor_boom_00028"},{"time":1.8,"name":"boom/thor_boom_00030"},{"time":1.8333,"name":null}]},"boom_s":{"color":[{"color":"8bf3ff51"}],"attachment":[{"name":null},{"time":0.6667,"name":"boom_s/thor_boom_s_00012"},{"time":0.7,"name":"boom_s/thor_boom_s_00014"},{"time":0.7333,"name":"boom_s/thor_boom_s_00016"},{"time":0.7667,"name":"boom_s/thor_boom_s_00018"},{"time":0.8,"name":"boom_s/thor_boom_s_00020"},{"time":0.8333,"name":"boom_s/thor_boom_s_00022"},{"time":0.8667,"name":"boom_s/thor_boom_s_00024"},{"time":0.9,"name":"boom_s/thor_boom_s_00026"},{"time":0.9333,"name":"boom_s/thor_boom_s_00028"},{"time":0.9667,"name":"boom_s/thor_boom_s_00030"},{"time":1,"name":"boom_s/thor_boom_s_00032"},{"time":1.0333,"name":"boom_s/thor_boom_s_00034"},{"time":1.0667,"name":"boom_s/thor_boom_s_00036"},{"time":1.1,"name":"boom_s/thor_boom_s_00038"},{"time":1.1333,"name":"boom_s/thor_boom_s_00040"},{"time":1.1667,"name":"boom_s/thor_boom_s_00042"},{"time":1.2,"name":"boom_s/thor_boom_s_00044"},{"time":1.2333,"name":"boom_s/thor_boom_s_00046"},{"time":1.2667,"name":"boom_s/thor_boom_s_00048"},{"time":1.3,"name":null}]}},"bones":{"thor_anina_icon_1_1":{"scale":[{"curve":0.398,"c3":0.402,"c4":0.55},{"time":1.3333,"x":1.4,"y":1.4,"curve":0.25,"c3":0.75},{"time":1.5}]},"thor_anina_icon_1_2":{"translate":[{},{"time":0.6667,"x":1.52,"y":-1.81},{"time":1.3333,"x":2.1,"y":-1.17},{"time":1.5}]},"bone":{"translate":[{"curve":0.25,"c3":0.75},{"time":0.6667,"x":-13.09,"curve":0.25,"c3":0.75},{"time":1.3333,"x":13.05},{"time":1.5333}]}}}}},[0]]],0,0,[0],[-1],[0]]
