[1,["76Y2QQ5nZDEqgaVCmujpY7@f9941","064+IvrPpHJpSD/bx6BnUe@f9941","231Ezh44VHkLAWdN5wScze@f9941","0fTOkd8SxDZai5campECLZ@6c48a","231Ezh44VHkLAWdN5wScze@6c48a","54+dtg7e5Eib5EvSa6XN6r@6c48a","76Y2QQ5nZDEqgaVCmujpY7@6c48a","dcx9SL19RBuoBnpsT3fp83@f9941","e5VuaL5eJHNp8uFjO9rBI8@f9941","54+dtg7e5Eib5EvSa6XN6r@f9941","0fTOkd8SxDZai5campECLZ@f9941","dcx9SL19RBuoBnpsT3fp83@6c48a"],["node","_spriteFrame","_textureSource","_normalSprite","root","togMusic","togSound","_target","data"],["cc.SpriteFrame",["cc.Sprite",["_sizeMode","_type","node","__prefab","_spriteFrame"],1,1,4,6],["cc.Node",["_name","_components","_prefab","_children","_parent","_lpos"],2,9,4,2,1,5],["cc.Node",["_name","_layer","_parent","_components","_prefab","_children","_lpos"],1,1,12,4,2,5],["cc.Prefab",["_name"],2],["cc.UITransform",["node","__prefab","_contentSize"],3,1,4,5],["cc.CompPrefabInfo",["fileId"],2],["cc.Widget",["_alignFlags","_originalWidth","_originalHeight","node","__prefab"],0,1,4],["efd09KD381Gq7Cst4W5M3ZR",["node","__prefab","togSound","togMusic"],3,1,4,1,1],["cc.PrefabInfo",["fileId","instance","targetOverrides","nestedPrefabInstanceRoots","root","asset"],-1,1,1],["cc.Button",["_transition","_zoomScale","node","__prefab","clickEvents","_normalColor","_target","_normalSprite"],1,1,4,9,5,1,6],["cc.ClickEvent",["_componentId","handler","target"],1,1],["cc.Toggle",["node","__prefab","_normalColor","_target","checkEvents","_checkMark"],3,1,4,5,1,9,1]],[[6,0,2],[5,0,1,2,1],[9,0,1,2,3,4,5,5],[2,0,4,1,2,5,2],[1,0,2,3,4,2],[11,0,1,2,3],[3,0,2,5,3,4,6,2],[3,0,1,2,3,4,3],[1,2,3,4,1],[1,2,3,1],[12,0,1,2,3,4,5,1],[4,0,2],[2,0,3,1,2,2],[2,0,4,3,1,2,5,2],[7,0,1,2,3,4,4],[8,0,1,2,3,1],[1,1,2,3,4,2],[10,0,1,2,3,4,5,6,7,3]],[[[{"name":"SOUND","rect":{"x":0,"y":0,"width":163,"height":39},"offset":{"x":0,"y":0},"originalSize":{"width":163,"height":39},"rotated":false,"capInsets":[0,0,0,0],"vertices":{"rawPosition":[-81.5,-19.5,0,81.5,-19.5,0,-81.5,19.5,0,81.5,19.5,0],"indexes":[0,1,2,2,1,3],"uv":[0,39,163,39,0,0,163,0],"nuv":[0,0,1,0,0,1,1,1],"minPos":{"x":-81.5,"y":-19.5,"z":0},"maxPos":{"x":81.5,"y":19.5,"z":0}},"packable":true,"pixelsToUnit":100,"pivot":{"x":0.5,"y":0.5},"meshType":0}],[0],0,[0],[2],[3]],[[{"name":"dl_gxfc_brn_shezhi_on","rect":{"x":0,"y":0,"width":220,"height":73},"offset":{"x":0,"y":0},"originalSize":{"width":220,"height":73},"rotated":false,"capInsets":[0,0,0,0],"vertices":{"rawPosition":[-110,-36.5,0,110,-36.5,0,-110,36.5,0,110,36.5,0],"indexes":[0,1,2,2,1,3],"uv":[0,73,220,73,0,0,220,0],"nuv":[0,0,1,0,0,1,1,1],"minPos":{"x":-110,"y":-36.5,"z":0},"maxPos":{"x":110,"y":36.5,"z":0}},"packable":true,"pixelsToUnit":100,"pivot":{"x":0.5,"y":0.5},"meshType":0}],[0],0,[0],[2],[4]],[[{"name":"MUSIC","rect":{"x":0,"y":0,"width":143,"height":39},"offset":{"x":0,"y":0},"originalSize":{"width":143,"height":39},"rotated":false,"capInsets":[0,0,0,0],"vertices":{"rawPosition":[-71.5,-19.5,0,71.5,-19.5,0,-71.5,19.5,0,71.5,19.5,0],"indexes":[0,1,2,2,1,3],"uv":[0,39,143,39,0,0,143,0],"nuv":[0,0,1,0,0,1,1,1],"minPos":{"x":-71.5,"y":-19.5,"z":0},"maxPos":{"x":71.5,"y":19.5,"z":0}},"packable":true,"pixelsToUnit":100,"pivot":{"x":0.5,"y":0.5},"meshType":0}],[0],0,[0],[2],[5]],[[{"name":"dl_gxfc_brn_shezhi_off","rect":{"x":0,"y":0,"width":208,"height":61},"offset":{"x":0,"y":0},"originalSize":{"width":208,"height":61},"rotated":false,"capInsets":[0,0,0,0],"vertices":{"rawPosition":[-104,-30.5,0,104,-30.5,0,-104,30.5,0,104,30.5,0],"indexes":[0,1,2,2,1,3],"uv":[0,61,208,61,0,0,208,0],"nuv":[0,0,1,0,0,1,1,1],"minPos":{"x":-104,"y":-30.5,"z":0},"maxPos":{"x":104,"y":30.5,"z":0}},"packable":true,"pixelsToUnit":100,"pivot":{"x":0.5,"y":0.5},"meshType":0}],[0],0,[0],[2],[6]],[[[11,"prefab_dfdc_set"],[12,"prefab_dfdc_set",[-7,-8,-9,-10,-11],[[1,-2,[0,"14KDnLPP1KPY9u0Mh+1mNS"],[5,1334,741]],[14,45,100,100,-3,[0,"40HWmk9p1A/ZwU44dHzl/R"]],[15,-6,[0,"e9ssm+cTZL7aOp7l+PNpR6"],-5,-4]],[2,"c46/YsCPVOJYA4mWEpNYRx",null,null,null,-1,0]],[6,"props_toggle_music",1,[-15],[[[1,-12,[0,"0eDenGWBlGPJEqyIuSLx/V"],[5,208,61]],[8,-13,[0,"f3E3T477xJHojM0pK7wrcW"],4],-14],4,4,1],[2,"7fW1GepWdO0rLnlc3o2Qn5",null,null,null,1,0],[1,140,36,0]],[6,"props_toggle_sound",1,[-19],[[[1,-16,[0,"71svBEgdNOfYCeVINonlB2"],[5,208,61]],[8,-17,[0,"64CmKVG/5B+6PbkUiz9RdF"],5],-18],4,4,1],[2,"c6CAO5kdhPLZ0aILuYvoPb",null,null,null,1,0],[1,140,-79,0]],[13,"props_spr_set_bg",1,[-22,-23],[[1,-20,[0,"d45W1LTM5C/JIUaoGvnS5w"],[5,806,462]],[4,0,-21,[0,"6bcBXFJpJDMpW3QqgTB7Xo"],3]],[2,"56du68UrVAoYLUIwyDIy+P",null,null,null,1,0],[1,0,-10,0]],[3,"props_btn_exit",4,[[1,-24,[0,"30r9YnAxlDmKIqQ/0dEZR1"],[5,42,42]],[16,1,-25,[0,"72l06h2VhKMJxFLUTlekNZ"],1],[17,3,0.9,-27,[0,"b5Ns2F6fxEloAGUP4EmYd9"],[[5,"efd09KD381Gq7Cst4W5M3ZR","closePop",1]],[4,4292269782],-26,2]],[2,"b3FOq0D4JGv4Wh4S0e4a6s",null,null,null,1,0],[1,400,202,0]],[3,"spr_set_title",4,[[1,-28,[0,"05+gSGKINDxY+5ET5Cpwyj"],[5,220,30]],[4,0,-29,[0,"1bqLZTeR5M4oPeb0Psigq6"],0]],[2,"a4EcDDaQRDZ5pL+NWaBja4",null,null,null,1,0],[1,0,160,0]],[7,"Checkmark",33554432,2,[[[1,-30,[0,"456IlNhUdKnqsNG8o6ol3l"],[5,220,73]],-31],4,1],[2,"30ymV9fz9IVIK2UV/DU9IK",null,null,null,1,0]],[7,"Checkmark",33554432,3,[[[1,-32,[0,"7bRhmXaa5MHoXQgVO79UD/"],[5,220,73]],-33],4,1],[2,"60BxDg9p1Fzo7edKRabsvZ",null,null,null,1,0]],[3,"spr_music",1,[[1,-34,[0,"6f8vZ/lXBKMrlNC8hy7MQx"],[5,128,35]],[4,0,-35,[0,"d28CNG655E1a02Tk3hyx+U"],6]],[2,"e7PNvlUzFAypT4K2kA1dLI",null,null,null,1,0],[1,-120,36,0]],[3,"spr_sound",1,[[1,-36,[0,"32IAoCz11K/KAkU9BxJq1a"],[5,146,35]],[4,0,-37,[0,"8fx2wgF91Mv7xvXHUyJ6Km"],7]],[2,"ebBbgj5BxK46h2Ej+SWePw",null,null,null,1,0],[1,-120,-79,0]],[9,7,[0,"2b+q32+8JEe620vE4+bUZN"]],[10,2,[0,"36FarWpY5Be7+FqqrIyI/i"],[4,4292269782],2,[[5,"efd09KD381Gq7Cst4W5M3ZR","touchMusic",1]],11],[9,8,[0,"d6+xv5oVVI2IHoplyIeR5S"]],[10,3,[0,"0fYMruxUFNc6O12c4TRnYA"],[4,4292269782],3,[[5,"efd09KD381Gq7Cst4W5M3ZR","touchSound",1]],13]],0,[0,4,1,0,0,1,0,0,1,0,5,12,0,6,14,0,0,1,0,-1,4,0,-2,2,0,-3,3,0,-4,9,0,-5,10,0,0,2,0,0,2,0,-3,12,0,-1,7,0,0,3,0,0,3,0,-3,14,0,-1,8,0,0,4,0,0,4,0,-1,6,0,-2,5,0,0,5,0,0,5,0,7,5,0,0,5,0,0,6,0,0,6,0,0,7,0,-2,11,0,0,8,0,-2,13,0,0,9,0,0,9,0,0,10,0,0,10,0,8,1,37],[0,0,0,0,0,0,0,0,11,12,13,14],[1,1,3,1,1,1,1,1,1,3,1,3],[7,1,1,8,0,0,9,10,2,0,2,0]],[[{"name":"SETTINGS","rect":{"x":0,"y":1,"width":157,"height":22},"offset":{"x":-0.5,"y":0},"originalSize":{"width":158,"height":24},"rotated":false,"capInsets":[0,0,0,0],"vertices":{"rawPosition":[-78.5,-11,0,78.5,-11,0,-78.5,11,0,78.5,11,0],"indexes":[0,1,2,2,1,3],"uv":[0,23,157,23,0,1,157,1],"nuv":[0,0.041666666666666664,0.9936708860759493,0.041666666666666664,0,0.9583333333333334,0.9936708860759493,0.9583333333333334],"minPos":{"x":-78.5,"y":-11,"z":0},"maxPos":{"x":78.5,"y":11,"z":0}},"packable":true,"pixelsToUnit":100,"pivot":{"x":0.5,"y":0.5},"meshType":0}],[0],0,[0],[2],[11]]]]
