[1,["e1pHO9oCxDTJODQBeHwSKD@f9941","5b8s0VUAhD46Bmc1MEa7O2@f9941","4fWEtEP35EEK5KOFpn5k2e@f9941","20g1ukYUVPvKWKBRznAKo+@f9941","54TknWPwVPqJqeCR+Y/Czo@f9941","95EkngnxZFbYuFpsqVTaFr@f9941","6f7H4LGbRGEbh6XVFg8yS1@f9941","e0x1eFfYBH54ia6D4nGBN3@f9941","0c1zcdWKtBk6AJUBI/sSD9@6c48a","20g1ukYUVPvKWKBRznAKo+@6c48a","f4HRakG01PrLAIi5CZq1x2@f9941","a92nhO+ztPyaqXg6RNb8tt@f9941","e6irMioLJIUr5VfQvfASVS@f9941","f9+dTZ8OZAIr9NV6vaXHxT@f9941","0c1zcdWKtBk6AJUBI/sSD9@f9941","54TknWPwVPqJqeCR+Y/Czo@6c48a","95EkngnxZFbYuFpsqVTaFr@6c48a"],["node","_spriteFrame","_textureSource","_parent","_target","_normalSprite","_hoverSprite","_pressedSprite","_disabledSprite","root","pv_list","data"],[["cc.Node",["_name","_layer","_active","_components","_prefab","_parent","_children","_lpos"],0,9,4,1,2,5],["cc.Sprite",["_type","_sizeMode","_name","node","__prefab","_spriteFrame","_color"],0,1,4,6,5],"cc.SpriteFrame",["cc.UITransform",["_name","node","__prefab","_contentSize","_anchorPoint"],2,1,4,5,5],["cc.Widget",["_alignFlags","_originalWidth","_originalHeight","_bottom","node","__prefab"],-1,1,4],["cc.Layout",["_resizeMode","_layoutType","_enabled","_isAlign","_spacingX","node","__prefab"],-2,1,4],["cc.Button",["_transition","_zoomScale","node","__prefab","clickEvents","_normalColor","_target","_normalSprite","_hoverSprite","_pressedSprite","_disabledSprite"],1,1,4,9,5,1,6,6,6,6],["cc.Prefab",["_name"],2],["cc.Node",["_name","_parent","_children","_components","_prefab","_lpos"],2,1,2,12,4,5],["cc.CompPrefabInfo",["fileId"],2],["2b750EtmdpFFLvxRPiUm5PR",["node","__prefab","ndShow","ndShowPage","pv_list"],3,1,4,2,2,1],["cc.PrefabInfo",["fileId","instance","targetOverrides","nestedPrefabInstanceRoots","root","asset"],-1,1,1],["cc.Mask",["node","__prefab"],3,1,4],["cc.Graphics",["node","__prefab","_fillColor"],3,1,4,5],["cc.ClickEvent",["_componentId","handler","target"],1,1],["cc.Label",["_string","_actualFontSize","_fontSize","_enableWrapText","_enableOutline","_outlineWidth","node","__prefab","_color","_outlineColor"],-3,1,4,5,5],["cc.LabelOutline",["node","__prefab"],3,1,4],["cc.PageView",["_name","horizontal","node","__prefab","_content","pageEvents"],1,1,4,1,9]],[[9,0,2],[11,0,1,2,3,4,5,5],[3,1,2,3,1],[0,0,1,5,3,4,7,3],[15,0,1,2,3,4,5,6,7,8,9,7],[16,0,1,1],[1,3,4,5,1],[0,0,1,5,6,3,4,7,3],[14,0,1,2,3],[0,0,1,6,3,4,3],[0,0,5,3,4,7,2],[0,0,1,5,3,4,3],[1,0,1,3,4,3],[0,0,2,1,5,3,4,7,4],[3,1,2,1],[4,0,1,2,4,5,4],[5,0,1,4,5,6,4],[1,1,3,4,5,2],[6,0,1,2,3,4,5,6,7,8,9,10,3],[7,0,2],[0,0,6,3,4,2],[0,0,1,6,3,4,7,3],[0,0,5,6,3,4,2],[0,0,5,6,3,4,7,2],[0,0,1,5,6,3,4,3],[8,0,1,2,3,4,5,2],[3,1,2,3,4,1],[3,0,1,2,3,2],[4,0,4,5,2],[4,0,3,4,5,3],[10,0,1,2,3,4,1],[5,2,0,1,3,5,6,5],[1,2,0,1,3,4,4],[1,0,1,3,4,6,5,3],[1,0,3,4,5,2],[1,0,1,3,4,5,3],[12,0,1,1],[13,0,1,2,1],[6,0,1,2,3,4,5,6,7,3],[17,0,1,2,3,4,5,3]],[[[{"name":"bg_dfdc_guize_box","rect":{"x":244,"y":50,"width":1139,"height":616},"offset":{"x":1.5,"y":17},"originalSize":{"width":1624,"height":750},"rotated":false,"capInsets":[0,0,0,0],"vertices":{"rawPosition":[-569.5,-308,0,569.5,-308,0,-569.5,308,0,569.5,308,0],"indexes":[0,1,2,2,1,3],"uv":[244,700,1383,700,244,84,1383,84],"nuv":[0.15024630541871922,0.112,0.8516009852216748,0.112,0.15024630541871922,0.9333333333333333,0.8516009852216748,0.9333333333333333],"minPos":{"x":-569.5,"y":-308,"z":0},"maxPos":{"x":569.5,"y":308,"z":0}},"packable":true,"pixelsToUnit":100,"pivot":{"x":0.5,"y":0.5},"meshType":0}],[2],0,[0],[2],[8]],[[{"name":"default_btn_normal","rect":{"x":0,"y":0,"width":40,"height":40},"offset":{"x":0,"y":0},"originalSize":{"width":40,"height":40},"rotated":false,"capInsets":[12,12,12,12],"vertices":{"rawPosition":[-20,-20,0,20,-20,0,-20,20,0,20,20,0],"indexes":[0,1,2,2,1,3],"uv":[0,40,40,40,0,0,40,0],"nuv":[0,0,1,0,0,1,1,1],"minPos":{"x":-20,"y":-20,"z":0},"maxPos":{"x":20,"y":20,"z":0}},"packable":true,"pixelsToUnit":100,"pivot":{"x":0.5,"y":0.5},"meshType":0}],[2],0,[0],[2],[9]],[[[19,"prefab_dfdc_rule"],[20,"prefab_dfdc_rule",[-12],[[2,-2,[0,"336eRiGT9PFLC/KDseAHcX"],[5,1334,741]],[15,45,100,100,-3,[0,"ea384bqGNC97AwHFyzKDrU"]],[30,-11,[0,"73KwJ9iV9J8YsVUtr9GpZF"],[-8,-9,-10],[-5,-6,-7],-4]],[1,"c46/YsCPVOJYA4mWEpNYRx",null,null,null,-1,0]],[21,"content",33554432,[-16,-17,-18],[[26,-13,[0,"47yg7IixhH7ZMeuqrO8lWh"],[5,2970,418],[0,0,0.5]],[31,false,1,1,true,-14,[0,"b1vG5BQ3VHbJrC7o2EkuOr"]],[28,8,-15,[0,"b09rJ4pf9DzbBmzBbGwcr8"]]],[1,"a1xSYWohpPLovaXl5P6tNO",null,null,null,1,0],[1,-495,0,0]],[22,"bg_dfdc_guize_box",1,[-21,-22,-23,-24],[[2,-19,[0,"62Q8WHenNFSqiTSyH6pkmI"],[5,1139,616]],[6,-20,[0,"aabl89rUZIjqKkuXHQm7PQ"],22]],[1,"b8N7VogSBAlrKHFkQzxV4O",null,null,null,1,0]],[9,"level",33554432,[-26,-27,-28,-29,-30],[[14,-25,[0,"d59DVE2zNEUr6jl+FUMoXw"]]],[1,"98UB8YWN5A7IKLmPMC/tfT",null,null,null,1,0]],[9,"level",33554432,[-32,-33,-34,-35,-36],[[14,-31,[0,"a72xD+zq5M9by+Hae5cf6n"]]],[1,"90+E7/e0lKDomdf802Kn1f",null,null,null,1,0]],[23,"Node",3,[-40,-41,-42],[[2,-37,[0,"e24jh8mr1PqZ7K+c9NjmSb"],[5,479,100]],[16,1,1,10,-38,[0,"fa2GemfAROfpzL24Oqmpd3"]],[29,4,-32.398000000000025,-39,[0,"1dhKbRfqZBPaUij/EBC7VF"]]],[1,"5e+4K1EBNEGaRjPt4YU+r5",null,null,null,1,0],[1,0,-290.398,0]],[7,"Node",33554432,3,[-45,-46,-47],[[2,-43,[0,"40M/WdDdVAzqZdT57DSvl4"],[5,122,20]],[16,1,1,40,-44,[0,"b3c/dSHMhCLKd7KvR5+R3t"]]],[1,"e3Lxo+GgZCVL1DnVh2fB58",null,null,null,1,0],[1,2,-228.742,0]],[9,"view",33554432,[2],[[2,-48,[0,"583JVJCTZFFIK7dDFyTpjg"],[5,990,418]],[36,-49,[0,"aeyp9CpllCSrf9wKw2NixJ"]],[37,-50,[0,"0aIX8l4slHibqG+2yJUX8S"],[4,16777215]],[15,45,500,300,-51,[0,"197isP1XtK3Kv6WkX/1N50"]]],[1,"adANcBSNhPJJ96Vco8/IuY",null,null,null,1,0]],[7,"page1",33554432,2,[-54,4],[[2,-52,[0,"9aSlsM4uRMXYbW6/FTZ/ig"],[5,990,418]],[12,1,0,-53,[0,"fdD/USxRNMebkfd6RJyqpU"]]],[1,"22riaE1WVNgI2yoNd+zYvV",null,null,null,1,0],[1,495,0,0]],[7,"page3",33554432,2,[-57,5],[[2,-55,[0,"8b2KdRH7ZF1q4ifu07HqqH"],[5,990,418]],[12,1,0,-56,[0,"6aJA9bWjVDX7T0QhOXwZ4w"]]],[1,"deCj2rtXpO043FvX9o5E7j",null,null,null,1,0],[1,2475,0,0]],[25,"PageView",3,[8],[[[27,"pageView-horizontal<UITransform>",-58,[0,"925gmlxG1Lobreem6yunDJ"],[5,990,418]],[32,"pageView-horizontal<Sprite>",1,0,-59,[0,"7bLYrhYVJMDI+GKgHhADEJ"]],-60],4,4,1],[1,"a2qg/7icJIu7nbqCkMSqGb",null,null,null,1,0],[1,-0.94,-5.646,0]],[7,"page2",33554432,2,[-63],[[2,-61,[0,"cfkb2xiqtPFoHOXGqFLRJJ"],[5,990,418]],[12,1,0,-62,[0,"f2dronCJBBa6p5S9qDdZ+E"]]],[1,"fdiXBmntdMGIS0xRA0ZIOL",null,null,null,1,0],[1,1485,0,0]],[10,"props_btn_rule_left",6,[[2,-64,[0,"8fPyHGAy5Jfa/lSSzswy2n"],[5,61,98]],[33,1,0,-65,[0,"f8BH34kUZEA6JLZYCVsKYK"],[4,4292269782],10],[18,3,0.9,-67,[0,"a7PpWpquBFaoPXtb1a70tN"],[[8,"2b750EtmdpFFLvxRPiUm5PR","onTouchLeft",1]],[4,4292269782],-66,11,12,13,14]],[1,"cc2LE0M3FPYrj3lTv4RIle",null,null,null,1,0],[1,-209,0,0]],[10,"props_btn_rule_colse",6,[[2,-68,[0,"5er1Pr9iJM4YOecnkS5Nud"],[5,334,94]],[34,1,-69,[0,"a7iTdMwzJACo0fxndHkhLY"],15],[38,3,0.9,-71,[0,"9ad2RgBplP07o0mherVxFr"],[[8,"2b750EtmdpFFLvxRPiUm5PR","closePop",1]],[4,4292269782],-70,16]],[1,"c5Fkv4MvNCAq3Yd67ZCMe/",null,null,null,1,0],[1,-1.5,0,0]],[10,"props_btn_rule_right",6,[[2,-72,[0,"e4O6CtS+FHvYrPKh5wNZoE"],[5,64,98]],[35,1,0,-73,[0,"c7B1fRO1ZM9rbSoAiqSR2v"],17],[18,3,0.9,-75,[0,"2ee3+1FK9PgJX+Co6XKgsb"],[[8,"2b750EtmdpFFLvxRPiUm5PR","onTouchRight",1]],[4,4292269782],-74,18,19,20,21]],[1,"bdxcHhLxdCUbmJ/McAN/1u",null,null,null,1,0],[1,207.5,0,0]],[7,"bg_dfdc_guize_d2",33554432,7,[-78],[[2,-76,[0,"b52QEQnz9CUpkodN3ywWib"],[5,14,13]],[6,-77,[0,"08w6AgReZJ/oVSQ8/6rBAb"],1]],[1,"00Eag9lK5GR4tBFQovru3e",null,null,null,1,0],[1,-54,0,0]],[3,"bg_dfdc_guize_dian1",33554432,16,[[2,-79,[0,"8awwix7TVIYJjC3EvxutMN"],[5,19,19]],[6,-80,[0,"18aay5UZFNOpRSqLBKoEGA"],0]],[1,"d5KMX0pk9MCbA1mdwP+Da2",null,null,null,1,0],[1,0.301,-2.707,0]],[24,"bg_dfdc_guize_d3",33554432,7,[-83],[[2,-81,[0,"1agcY9RntMQr4iUMhJntnX"],[5,14,13]],[6,-82,[0,"9eXzakM8hDEZkdnwbBTzMf"],3]],[1,"20pjW8rgxHWKUI27uZbKLZ",null,null,null,1,0]],[13,"bg_dfdc_guize_dian1",false,33554432,18,[[2,-84,[0,"0bDAeNVGJGu5csqz0HhUMk"],[5,19,19]],[6,-85,[0,"cdFnVBWmxNe7XV21uegmXo"],2]],[1,"284Bs5VrdNF6XTwvgD/7Yk",null,null,null,1,0],[1,0.301,-2.707,0]],[7,"bg_dfdc_guize_d4",33554432,7,[-88],[[2,-86,[0,"26pLjVmHBLkKwMbRDdL/JN"],[5,14,13]],[6,-87,[0,"2eIWU7KcJFgbeMAzGD9SW/"],5]],[1,"276jKZqGVNsrC4kl0iLoVG",null,null,null,1,0],[1,54,0,0]],[13,"bg_dfdc_guize_dian1",false,33554432,20,[[2,-89,[0,"d009WeCllGILVLic140rYu"],[5,19,19]],[6,-90,[0,"30KiKK0xxG5rWUotkGn55f"],4]],[1,"12iQ8jegJImrq+uD5GD0eV",null,null,null,1,0],[1,0.301,-2.707,0]],[3,"level1",33554432,4,[[2,-91,[0,"5c9o5oYcFGAoCT8k6Jgyv6"],[5,144.41,51.4]],[4,"amount - 8",30,30,false,true,0.5,-92,[0,"e97diBUCRDYJeE1Xi3r04N"],[4,4280072437],[4,4286026653]],[5,-93,[0,"9adAdynwtHerotvJ7JwCEn"]]],[1,"5ciQt79+BC3rs4mixSeYls",null,null,null,1,0],[1,-326,116,0]],[3,"level2",33554432,4,[[2,-94,[0,"01/mtGh99HWbN/Y76TrAga"],[5,161.09,51.4]],[4,"amount - 18",30,30,false,true,0.5,-95,[0,"31R+eHAnlC6IzstS75BGUk"],[4,4280072437],[4,4286026653]],[5,-96,[0,"9dMsp32upD9pURsp2DbXHS"]]],[1,"71Vblbmr1J8ZFcfF83F0Vs",null,null,null,1,0],[1,-317,46,0]],[3,"level3",33554432,4,[[2,-97,[0,"83Nqmb56pIl4fwIPjAylD9"],[5,161.09,51.4]],[4,"amount - 40",30,30,false,true,0.5,-98,[0,"26hmyg/AVHWa+XtskQHF3d"],[4,4280072437],[4,4286026653]],[5,-99,[0,"41uscO7G5B0I/pOpTJ47n9"]]],[1,"a7M1W6VYxCpYjLXlEgaHxS",null,null,null,1,0],[1,-317,-23,0]],[3,"level4",33554432,4,[[2,-100,[0,"14XQx+9ERO9pKBM4sai6jv"],[5,161.09,51.4]],[4,"amount - 80",30,30,false,true,0.5,-101,[0,"e8obq9hkhJHKGZk3qvnis9"],[4,4280072437],[4,4286026653]],[5,-102,[0,"ffxArjs/xGF4PaFHVfvzwr"]]],[1,"85b+iaPldHpYd4xF0KXhya",null,null,null,1,0],[1,-317,-94,0]],[3,"level5",33554432,4,[[2,-103,[0,"40hxLPONFJs49kAbS967D1"],[5,177.78,51.4]],[4,"amount - 180",30,30,false,true,0.5,-104,[0,"43Rbj8klNHxbbWz/GXXAjz"],[4,4280072437],[4,4286026653]],[5,-105,[0,"e3/kfmDCJL0KtvgP0TjEVG"]]],[1,"daJfPpT1xA3LDNcGoP1YKO",null,null,null,1,0],[1,-311,-161,0]],[3,"level1",33554432,5,[[2,-106,[0,"62HRVKYDBGM6qDnRrF2CrJ"],[5,113.16,52.4]],[4,"Bet  level - 5",20,20,false,true,1,-107,[0,"a8LvD2a9NA8rvt96WpCZdI"],[4,4287228926],[4,4283916669]],[5,-108,[0,"938DuQev9BLIL9sY8r+bQM"]]],[1,"40/6ITG61Ja7RogmjnPUGt",null,null,null,1,0],[1,-321,-91,0]],[3,"level2",33554432,5,[[2,-109,[0,"51fMbmSI9HQqpGYcsbENaH"],[5,113.16,52.4]],[4,"Bet  level - 6",20,20,false,true,1,-110,[0,"4bye7wzgZNtbyuYSzAXb75"],[4,4287228926],[4,4283916669]],[5,-111,[0,"14rkXoROtPkqq3FaNJEgBa"]]],[1,"d8cBnIhrdI7b6WS5GrbHTQ",null,null,null,1,0],[1,-58,-91,0]],[3,"level3",33554432,5,[[2,-112,[0,"5eqTa9jaxL1IlI2bBLYAgo"],[5,113.16,52.4]],[4,"Bet  level - 7",20,20,false,true,1,-113,[0,"5ewDJg46VK0q+UsY96XQ12"],[4,4287228926],[4,4283916669]],[5,-114,[0,"d4Cfa74O5MrI2xinyiOnZy"]]],[1,"74T9XYSHdGF4e+fvg/4RSN",null,null,null,1,0],[1,-321,-153,0]],[3,"level4",33554432,5,[[2,-115,[0,"fc0Gi09qVLSLITQCRLcPO2"],[5,113.16,52.4]],[4,"Bet  level - 8",20,20,false,true,1,-116,[0,"afC+j0kSpEarTvpQF69aeB"],[4,4287228926],[4,4283916669]],[5,-117,[0,"0bKvZnvANJi4Hxba0FEwKq"]]],[1,"favknL/BNJ+Y0Q1PdKj6IE",null,null,null,1,0],[1,-56,-154,0]],[3,"level5",33554432,5,[[2,-118,[0,"e1tMnqiPhNd4TUYYMu+Mk0"],[5,157.63,52.4]],[4,"Bet  level - 9",28,28,false,true,1,-119,[0,"52pGajfX5HI4fCJ1dJqF+o"],[4,4287228926],[4,4283916669]],[5,-120,[0,"90s9Krz9xK/a1xz3eFiawc"]]],[1,"6fWHQ5PeNDZquKJqmpwgMu",null,null,null,1,0],[1,270,-116,0]],[3,"spr_title",4294967295,3,[[2,-121,[0,"b4VV0g0hxNBpz3pdVMXJfy"],[5,107,49]],[6,-122,[0,"b4JmexvtVKYJDYllZDRUbc"],6]],[1,"c2GXePB9VEbYfeVkIX1Si2",null,null,null,1,0],[1,0,256.786,0]],[11,"spr_rule_page1",33554432,9,[[2,-123,[0,"619pBk/mVOEIQXqAdVXrEz"],[5,989,398]],[17,0,-124,[0,"b4yNsAXfZFLZ/kKv5dujDp"],7]],[1,"fdB1gEx91DI6SqOwtLM8Pr",null,null,null,1,0]],[11,"spr_rule_page2",33554432,12,[[2,-125,[0,"89RNrE8M9FN4ivGbHa16ar"],[5,978,420]],[6,-126,[0,"d47efwaC9IR7EnQq/0bDLV"],8]],[1,"ffWM2dIlZIT5pKB4a8baes",null,null,null,1,0]],[11,"spr_rule_page3",33554432,10,[[2,-127,[0,"f8bqboQd9EAbLRr5YdSOnh"],[5,990,412]],[17,0,-128,[0,"84Dm9JI4VDyKrlbvzrahjb"],9]],[1,"6c9qbHPvJIS56Tv8vH3bK2",null,null,null,1,0]],[39,"pageView-horizontal<PageView>",false,11,[0,"6eLVa2eCFITbTEZneQsJIU"],2,[[8,"2b750EtmdpFFLvxRPiUm5PR","showPage2",1]]]],0,[0,9,1,0,0,1,0,0,1,0,10,36,0,-1,17,0,-2,19,0,-3,21,0,-1,9,0,-2,12,0,-3,10,0,0,1,0,-1,3,0,0,2,0,0,2,0,0,2,0,-1,9,0,-2,12,0,-3,10,0,0,3,0,0,3,0,-1,7,0,-2,32,0,-3,11,0,-4,6,0,0,4,0,-1,22,0,-2,23,0,-3,24,0,-4,25,0,-5,26,0,0,5,0,-1,27,0,-2,28,0,-3,29,0,-4,30,0,-5,31,0,0,6,0,0,6,0,0,6,0,-1,13,0,-2,14,0,-3,15,0,0,7,0,0,7,0,-1,16,0,-2,18,0,-3,20,0,0,8,0,0,8,0,0,8,0,0,8,0,0,9,0,0,9,0,-1,33,0,0,10,0,0,10,0,-1,35,0,0,11,0,0,11,0,-3,36,0,0,12,0,0,12,0,-1,34,0,0,13,0,0,13,0,4,13,0,0,13,0,0,14,0,0,14,0,4,14,0,0,14,0,0,15,0,0,15,0,4,15,0,0,15,0,0,16,0,0,16,0,-1,17,0,0,17,0,0,17,0,0,18,0,0,18,0,-1,19,0,0,19,0,0,19,0,0,20,0,0,20,0,-1,21,0,0,21,0,0,21,0,0,22,0,0,22,0,0,22,0,0,23,0,0,23,0,0,23,0,0,24,0,0,24,0,0,24,0,0,25,0,0,25,0,0,25,0,0,26,0,0,26,0,0,26,0,0,27,0,0,27,0,0,27,0,0,28,0,0,28,0,0,28,0,0,29,0,0,29,0,0,29,0,0,30,0,0,30,0,0,30,0,0,31,0,0,31,0,0,31,0,0,32,0,0,32,0,0,33,0,0,33,0,0,34,0,0,34,0,0,35,0,0,35,0,11,1,2,3,8,4,3,9,5,3,10,8,3,11,128],[0,0,0,0,0,0,0,0,0,0,0,0,0,0,0,0,0,0,0,0,0,0,0],[1,1,1,1,1,1,1,1,1,1,1,5,6,7,8,1,5,1,5,6,7,8,1],[0,1,0,1,0,1,10,11,12,13,2,2,3,4,5,6,6,7,7,3,4,5,14]],[[{"name":"default_btn_pressed","rect":{"x":0,"y":0,"width":40,"height":40},"offset":{"x":0,"y":0},"originalSize":{"width":40,"height":40},"rotated":false,"capInsets":[12,12,12,12],"vertices":{"rawPosition":[-20,-20,0,20,-20,0,-20,20,0,20,20,0],"indexes":[0,1,2,2,1,3],"uv":[0,40,40,40,0,0,40,0],"nuv":[0,0,1,0,0,1,1,1],"minPos":{"x":-20,"y":-20,"z":0},"maxPos":{"x":20,"y":20,"z":0}},"packable":true,"pixelsToUnit":100,"pivot":{"x":0.5,"y":0.5},"meshType":0}],[2],0,[0],[2],[15]],[[{"name":"default_btn_disabled","rect":{"x":0,"y":0,"width":40,"height":40},"offset":{"x":0,"y":0},"originalSize":{"width":40,"height":40},"rotated":false,"capInsets":[12,12,12,12],"vertices":{"rawPosition":[-20,-20,0,20,-20,0,-20,20,0,20,20,0],"indexes":[0,1,2,2,1,3],"uv":[0,40,40,40,0,0,40,0],"nuv":[0,0,1,0,0,1,1,1],"minPos":{"x":-20,"y":-20,"z":0},"maxPos":{"x":20,"y":20,"z":0}},"packable":true,"pixelsToUnit":100,"pivot":{"x":0.5,"y":0.5},"meshType":0}],[2],0,[0],[2],[16]]]]
