[1,["9dX1uQ5lVAUoX7GsV/q8QO","276KM7NIBJVIxFkX6655WB@f9941","aa6ofZFURCnbdd/PyDRH8g@f9941","e350yGmEtMCK0s9LcLxoqH@f9941","5fk/0zsf5AwLwFniHOAmnK@f9941","89sigCxEFJGY5py8LiLlKK@f9941","6dzxK2cNRPBqX9+fm68uqm@f9941","2aguHZgh5GnZ3n6nZiRnFm","81v3sOgWBNUa8upNY2SjIO@f9941","2a2QqEbWtOMrPARKdQ/dST","88uE9Vk+FLeYIW00DdOjXX@f9941","e2slTFOtpMgLQaA5kPRHcm@f9941","9d96DPoHxN5ZT6J/jS/K8c@f9941","9d96DPoHxN5ZT6J/jS/K8c@6c48a"],["node","_spriteFrame","_atlas","_target","_normalSprite","root","data","_parent","_font","_defaultClip","spriteFrame","_textureSource"],[["cc.Node",["_name","_active","_components","_prefab","_children","_parent","_lpos"],1,9,4,2,1,5],["cc.Sprite",["_type","_sizeMode","_isTrimmedMode","node","__prefab","_spriteFrame","_atlas"],0,1,4,6,6],["cc.UITransform",["node","__prefab","_contentSize","_anchorPoint"],3,1,4,5,5],["cc.Button",["_transition","_zoomScale","_enabled","node","__prefab","_normalColor","_target","_normalSprite"],0,1,4,5,1,6],"cc.SpriteAtlas","cc.SpriteFrame",["cc.Prefab",["_name"],2],["cc.CompPrefabInfo",["fileId"],2],["cc.Widget",["_enabled","_alignFlags","_originalWidth","_originalHeight","node","__prefab"],-1,1,4],["cc.PrefabInfo",["fileId","instance","targetOverrides","nestedPrefabInstanceRoots","root","asset"],-1,1,1],["cc.Animation",["node","__prefab","_clips","_defaultClip"],3,1,4,3,6],["cc.BlockInputEvents",["node","__prefab"],3,1,4],["cc.Label",["_string","_actualFontSize","_fontSize","_overflow","_enableWrapText","_isSystemFontUsed","_spacingX","node","__prefab","_font"],-4,1,4,6],["cc.BitmapFont",["_name","fontSize","fntConfig"],0]],[[7,0,2],[9,0,1,2,3,4,5,5],[2,0,1,2,1],[0,0,5,2,3,6,2],[3,0,1,3,4,5,6,7,3],[1,0,3,4,5,6,2],[1,3,4,5,6,1],[1,0,1,3,4,5,6,3],[6,0,2],[0,0,4,2,3,2],[0,0,4,2,3,6,2],[0,0,5,4,2,3,6,2],[0,0,5,2,3,2],[0,0,1,5,4,2,3,3],[2,0,1,2,3,1],[8,0,1,2,3,4,5,5],[1,1,2,3,4,5,6,3],[10,0,1,2,3,1],[11,0,1,1],[3,2,0,1,3,4,5,6,7,4],[12,0,1,2,3,4,5,6,7,8,9,8],[13,0,1,2,4]],[[[[8,"prefab_starlight_header_new"],[9,"prefab_starlight_header_new",[-4,-5,-6],[[2,-2,[0,"70mKo5mZJGo59ZlRr/6t3Y"],[5,1334,750]],[15,false,45,100,100,-3,[0,"efrYU/K21L+bli3iqyRpOA"]]],[1,"c46/YsCPVOJYA4mWEpNYRx",null,null,null,-1,0]],[10,"props_spr_menu_bg",[-10,-11,-12,-13],[[14,-7,[0,"b0Q4DPovxC7rJM59iqVprb"],[5,138,319],[0,0.5,1]],[6,-8,[0,"6bufeFShRMZYafBCTnJvtN"],23,24],[17,-9,[0,"fdMMzeAcJOYK6Fs0dxcYUR"],[25],26]],[1,"a8Wew8gSlDjbUXzxR4T4Zc",null,null,null,1,0],[1,545,306,0]],[11,"props_layout_glod",1,[-16,-17,-18,-19],[[2,-14,[0,"52SjH2WaFL/rkJOEG/k5nG"],[5,260,60]],[18,-15,[0,"3dXCm48GBE8rTmu88AtaAL"]]],[1,"37SRqlRTpLM5kageoZXERf",null,null,null,1,0],[1,-518,332,0]],[3,"props_btn_up_addGold",3,[[2,-20,[0,"0dSWGJlaVNob40Aa1IRnbv"],[5,40,40]],[7,1,2,-21,[0,"7bFrENFTJOp4s6MMJlDy+B"],3,4],[4,3,0.9,-23,[0,"b8D24fS4RBEIQgCS4U0JSh"],[4,4292269782],-22,5]],[1,"c3SHN5l3NPqrQHQrjteE/w",null,null,null,1,0],[1,101,1.5,0]],[3,"props_btn_up_menu",1,[[2,-24,[0,"88ULvI2OpB4J/LE8nGGkjl"],[5,68,53]],[7,1,0,-25,[0,"3cLYeKB8RJR6VkRvD2p/lK"],8,9],[19,false,3,0.9,-27,[0,"86982TlzJPRbrL2q/P6bBF"],[4,4292269782],-26,10]],[1,"cd4uquHkRP7Yvmbe3VC5FE",null,null,null,1,0],[1,580,334,0]],[3,"props_btn_up_home",2,[[2,-28,[0,"69iGJwN+BGKb4+8ISW2TZT"],[5,112,61]],[5,1,-29,[0,"cdUYJrIAZL5quTSE05JIpp"],11,12],[4,3,0.9,-31,[0,"2fsXcb3RxHT6jD6cVz1TV1"],[4,4292269782],-30,13]],[1,"fenQ8OeqNO1L/D0ZwOfoWy",null,null,null,1,0],[1,0,-47,0]],[3,"props_btn_vip",2,[[2,-32,[0,"a0J2qNmEVI6JPZvrTu6nSg"],[5,112,61]],[5,1,-33,[0,"07BistXYVEmaaUowCnv7aC"],14,15],[4,3,0.9,-35,[0,"c1shf4snpHDbUMv7zLkzsM"],[4,4292269782],-34,16]],[1,"85GIWo2qRIdpxZjrzNrYz7",null,null,null,1,0],[1,0,-120,0]],[3,"props_btn_info",2,[[2,-36,[0,"0cKIBpWKlIapj0MFn/RU5e"],[5,112,61]],[5,1,-37,[0,"2eEVJt/ZhD7aUrACp81XjW"],17,18],[4,3,0.9,-39,[0,"516zoK9ZdGfZQJhLdjM04v"],[4,4292269782],-38,19]],[1,"38yt4386VHFKYmbGgVxamd",null,null,null,1,0],[1,0,-193,0]],[3,"props_btn_up_set",2,[[2,-40,[0,"63rydvKPpKsb3OKt9WTXcv"],[5,112,61]],[5,1,-41,[0,"55X+eofjVIjbDFCVCrAWW4"],20,21],[4,3,0.9,-43,[0,"6b5TDaduVGFbsb/+SAjs5N"],[4,4292269782],-42,22]],[1,"46lydOFUJDA6Wkg9LU3m/1",null,null,null,1,0],[1,0,-266,0]],[12,"spr_up_inputBg",3,[[2,-44,[0,"42tthC0PRDOpPzWe6neNVV"],[5,254,55]],[6,-45,[0,"b3EBsagGdGoLWVaybs+NSB"],0,1]],[1,"32oahdkDJOMY+Pc4T0o3qJ",null,null,null,1,0]],[3,"props_Moeny_Label",3,[[2,-46,[0,"f5jsyxVEpLyZ2rd4SLEHHl"],[5,150,40]],[20,"0",12,12,2,false,false,2,-47,[0,"a65mtdbytGuJuBXJFFQjzg"],2]],[1,"5b9bmkBb9NBp6LvxNG42P6",null,null,null,1,0],[1,0,8,0]],[3,"spr_up_gold",3,[[2,-48,[0,"b90N3L8uBChZP9q0bpxNYV"],[5,41,43]],[16,0,false,-49,[0,"c0sWJFnz5PKJIZKKcIudtg"],6,7]],[1,"c5UiYVbYdMHIHKYyDmvYvM",null,null,null,1,0],[1,-103,3,0]],[13,"props_menu_panel",false,1,[2],[[2,-50,[0,"7ftM6WHYpKOr+Tmh1Zgop2"],[5,2000,1000]]],[1,"adkiPEInZKS6zzVwXTmM6+",null,null,null,1,0]]],0,[0,5,1,0,0,1,0,0,1,0,-1,3,0,-2,5,0,-3,13,0,0,2,0,0,2,0,0,2,0,-1,6,0,-2,7,0,-3,8,0,-4,9,0,0,3,0,0,3,0,-1,10,0,-2,11,0,-3,4,0,-4,12,0,0,4,0,0,4,0,3,4,0,0,4,0,0,5,0,0,5,0,3,5,0,0,5,0,0,6,0,0,6,0,3,6,0,0,6,0,0,7,0,0,7,0,3,7,0,0,7,0,0,8,0,0,8,0,3,8,0,0,8,0,0,9,0,0,9,0,3,9,0,0,9,0,0,10,0,0,10,0,0,11,0,0,11,0,0,12,0,0,12,0,0,13,0,6,1,2,7,13,50],[0,0,0,0,0,0,0,0,0,0,0,0,0,0,0,0,0,0,0,0,0,0,0,0,0,0,0],[1,2,8,1,2,4,1,2,1,2,4,1,2,4,1,2,4,1,2,4,1,2,4,1,2,-1,9],[8,0,9,1,0,1,10,0,2,0,2,3,0,3,4,0,4,5,0,5,6,0,6,11,0,7,7]],[[[21,"font_beil",24,{"commonHeight":24,"fontSize":24,"atlasName":"font_beil_0.png","fontDefDictionary":{"43":{"xOffset":0,"yOffset":4,"xAdvance":35,"rect":{"x":0,"y":46,"width":35,"height":37}},"44":{"xOffset":0,"yOffset":32,"xAdvance":15,"rect":{"x":35,"y":46,"width":15,"height":20}},"45":{"xOffset":0,"yOffset":16,"xAdvance":35,"rect":{"x":50,"y":46,"width":35,"height":13}},"46":{"xOffset":0,"yOffset":32,"xAdvance":11,"rect":{"x":85,"y":46,"width":11,"height":13}},"48":{"xOffset":0,"yOffset":0,"xAdvance":32,"rect":{"x":0,"y":0,"width":32,"height":46}},"49":{"xOffset":0,"yOffset":0,"xAdvance":18,"rect":{"x":279,"y":0,"width":18,"height":44}},"50":{"xOffset":0,"yOffset":0,"xAdvance":30,"rect":{"x":188,"y":0,"width":30,"height":45}},"51":{"xOffset":0,"yOffset":0,"xAdvance":31,"rect":{"x":32,"y":0,"width":31,"height":46}},"52":{"xOffset":0,"yOffset":0,"xAdvance":33,"rect":{"x":155,"y":0,"width":33,"height":45}},"53":{"xOffset":0,"yOffset":0,"xAdvance":30,"rect":{"x":218,"y":0,"width":30,"height":45}},"54":{"xOffset":0,"yOffset":0,"xAdvance":31,"rect":{"x":63,"y":0,"width":31,"height":46}},"55":{"xOffset":0,"yOffset":0,"xAdvance":31,"rect":{"x":248,"y":0,"width":31,"height":44}},"56":{"xOffset":0,"yOffset":0,"xAdvance":30,"rect":{"x":125,"y":0,"width":30,"height":46}},"57":{"xOffset":0,"yOffset":0,"xAdvance":31,"rect":{"x":94,"y":0,"width":31,"height":46}}},"kerningDict":{}}]],0,0,[0],[10],[12]],[[{"name":"auto-starlight","spriteFrames":["icon_xggz_bangzhu_1","7awy3P5FpJp58MgSJwcaTE@f9941","word_spin","7dVqZiix9FcbtWo925nrNz@f9941","zi_tanchuang_title","87CuXK9z1PiYPr3RVn8xj8@f9941","icon_xggz_bangzhu_3","85WkQMULVCWqCPe8egAdhE@f9941","bg_input_box","81v3sOgWBNUa8upNY2SjIO@f9941","bg_starlight_operate_box_gold","a7Mto4LnhD9oTBQdE793nx@f9941","btn_xggz_caozuobox_jian","18eirF6cFJm7sLULVqAlaw@f9941","btn_xggz_caozuobox_jian_1","36VLUEjwBAnbyCfF65YTsk@f9941","word_exit","c1nr9h2LFHH44EdQLH0hgX@f9941","btn_xggz_caozuobox_jia","38MOAlI1xEnIngxkM+VTZB@f9941","btn_xggz_caozuobox_jia_0","e6/C0eIfpCT6iVmlachU7q@f9941","btn_xggx_caidan","aa6ofZFURCnbdd/PyDRH8g@f9941","btn_KONFIRMASI","06Im8otFhHXbPbq+KDmma5@f9941","zi_bonusaktif","e4wIBBvYlDu6gNDX6jAj9v@f9941","zi_totalwin","a5D2wvh7VPt4dMynCQ5pYF@f9941","icon_kaiguan_duihao","64AQruG/ZIUqQ1N2WPDVMi@f9941","icon_kaiguan_jiantou","31YypLdP5E7LeDSHHy18MT@f9941","zi_on","b3PWj4Sr1C/5/9oqIemL1e@f9941","bg_zhuanpan_2","93Z2SgjadGvJvpYzlN0plF@f9941","zi_ting","49YsEB6z1LVa+83AnzJsIB@f9941","zi_ting2","84WBUhxepJ24z4ICF3BIWb@f9941","zi_selamat","edXWdVOZpMFqNwtzrK0NEZ@f9941","word_title_zidong","2fQAOb5RZOfqSVQfCEt014@f9941","zi_dalam","88yqOKn8ZNB6P0NISR4JYt@f9941","zi_goumaixiaoyouxi","22JGyy6cFJwb7F59jZCYlV@f9941","zi_autoplay","05eJDc4kVAtZPyD4OlBvT+@f9941","word_set","52YkSTtV5OH6Lc96O7amQz@f9941","zi_putaran","77/R6/2xpL5KR18Ytn3Lbv@f9941","zi_off","effkMRkI5EaJaFsyS+rp02@f9941","bg_zidongyouxi_box_nei","e2slTFOtpMgLQaA5kPRHcm@f9941","bg_starlight_item_box_tiao","79Wf1lTtJB9q3nEotX2i96@f9941","zi_4","b0XKLfhdxP2JzAt2Up75G6@f9941","word_info","680AeAigFObqwpIkuHvD7f@f9941","zi_3","c0EesY8SdKjJD3nET1IqUq@f9941","bg_starlight_gandabox","55i+1f4kNH6JFLkFp+7lkK@f9941","zi_belipermainan","2dMfG/pwhNIY/sHORdQZzn@f9941","SOUND","6cXwPTtBVL8417uth1FS4v@f9941","word_loading2","5fl+SnxJZE8a4kG2y2J0Tc@f9941","btn_shezhi_off","21ssb0hL9ERZURvNjGYcVf@f9941","btn_shezhi_on","45Hn/ZZMFJ9qq8bOw/HD/b@f9941","zi_anda","f92po+PhZAnonVI0ZorDdI@f9941","bg_free_box","c1uxiDQH9HkZPQNuVpIPii@f9941","bg_starlight_ganda_kaiguan","99kAvFvkBKh6WRC5pwd9a2@f9941","icon_bank_gold","88uE9Vk+FLeYIW00DdOjXX@f9941","btn_olpn_kaiguan","d8pQvxQQJAPJ9sb9rnLowU@f9941","word_vip","30ZHIGH4NIJrFnFgittv96@f9941","btn_jinbi_jia","276KM7NIBJVIxFkX6655WB@f9941","zi_win","a0HtrbOiJKUYVnS+OtBqTb@f9941","bg_starlight_zhuanpan_1","40bAfYmtlPjJkV7u1Be5NZ@f9941","icon_xggz_bangzhu_4","9d0M/K2ORFxapv09sIm14J@f9941","word_loading1","70uZ9A5S1CTZAw3BRZhpPV@f9941","btn_zidongyouxi_xuanzhong","4bakJvG1hIO7Pr7ECSbeah@f9941","zi_2","10R1gBJQ5HAo4NaXPalYnB@f9941","btn_banghzu_fanye","f0pQAdJPdM96u7fgsdku59@f9941","zi_1","caHkHdfwJOO4ngbLtS5+/6@f9941","word_loading_blue_1","95EJ59yi5C6pcrs8sfMVNT@f9941","btn_xggz_kuaisu_0","23jfNaCZZKa6tK0S6E3Nyd@f9941","zi_shezhi","a6XjBU0VtNTZI1osmBuDCg@f9941","icon_olps_xuanzhong","89SOFLccFEF7tm0ZL9GXcE@f9941","zi_maksimum","d7y6kly61K25FfO9B1ZbWs@f9941","zi_ganda","19F0wHfm5E0ZThs8vkwIKb@f9941","icon_xggz_bangzhu_2","87/zu703BFpJUKhWZaZXj5@f9941","img_arow","17ReWv4XFPJLmA6o05fcXs@f9941","zi_spin","48GoI70TNJNYih5wqqaaG5@f9941","bg_starlight_beli_box","6a1sX95XtPHoyWSZVCGpNI@f9941","bg_starlight_rate_box","efybyGgbREnLasMosHgpm6@f9941","bg_starlight_operate_box_win","f7/spbczlOKJF7BhFNzNvf@f9941","bg_starlight_buy_sg_box","04HXeUMZdJzo41DNZuWHrU@f9941","btn_xggz_goumaixiaoyouxi_on","7e57yAwRNDmIYo4Ackt5WO@f9941","btn_xggz_goumaixiaoyouxi_off","5bW5J5OPRIE5ivWITABLrF@f9941","bg_starlight_free_box","86yQVtyvFDO7G5dRBlIy5n@f9941","bg_starlight_item_box","f4ztoxrjJNj79BL5+hCsna@f9941","zi_shengyumiafneicishu","12eGr+ssBDY5V9PZ6+4Cwo@f9941","bg_starlight_zhongjaingdinglan","7edDCEV61Bpa0mP3uVetBo@f9941","zi_kesempatan","acQl6G2whJE6BKC5KFbDxK@f9941","btn_vip","5fk/0zsf5AwLwFniHOAmnK@f9941","MUSIC","a0J4oqR5RD06LHxEoITkWc@f9941","bg_set_box","57h2ACNCtPJ7cyK/LTYxoN@f9941","zi_goodluck","dbhhVEFvpGArXQ+G733DNo@f9941","btn_set","6dzxK2cNRPBqX9+fm68uqm@f9941","SETTINGS","4eE8de1OdJvKoh72LSyWKP@f9941","btn_info","89sigCxEFJGY5py8LiLlKK@f9941","word_title_bangzhu","bayGOm4E1Hu6+KxsdXkbjK@f9941","btn_exit","e350yGmEtMCK0s9LcLxoqH@f9941","btn_xggz_autobox","8eMwUCJj5NqImrLcIkiDJv@f9941","btn_zidongyouxi_weixuan","9aj/QxhElNRrP9/l00KaVs@f9941","btn_xggz_kuaisu_1","33IvWai8dC54CqebR8y4Zv@f9941","img_stop","708zdc301NFJHx5oIeKbOh@f9941","btn_tanchaugn_off","deNiUE8sRJVJD9ODh7QirK@f9941","bg_set_box_nei","9dl08EB0JIhar6qb9Kdik6@f9941","btn_xggz_caozuobox_spin2","5fPl1NYK5IyIcgZ2cAqN59@f9941","btn_xggz_caozuobox_spin","6dSVJOz6pJgJKniPbXXcwW@f9941","bg_zidongyouxibox","ecOz0rNopJdqJkhSZ/TQ5D@f9941"]}],[4],0,[],[],[]],[[{"name":"font_beil_0","rect":{"x":0,"y":0,"width":297,"height":83},"offset":{"x":-1.5,"y":58.5},"originalSize":{"width":300,"height":200},"rotated":false,"capInsets":[0,0,0,0],"vertices":{"rawPosition":[-148.5,-41.5,0,148.5,-41.5,0,-148.5,41.5,0,148.5,41.5,0],"indexes":[0,1,2,2,1,3],"uv":[0,200,297,200,0,117,297,117],"nuv":[0,0.585,0.99,0.585,0,1,0.99,1],"minPos":{"x":-148.5,"y":-41.5,"z":0},"maxPos":{"x":148.5,"y":41.5,"z":0}},"packable":true,"pixelsToUnit":100,"pivot":{"x":0.5,"y":0.5},"meshType":0}],[5],0,[0],[11],[13]]]]
