[1,["7b06f00a-6af6-4598-869a-a0c399a62f72@f9941","7b06f00a-6af6-4598-869a-a0c399a62f72@6c48a"],["spriteFrame","_textureSource"],["cc.SpriteFrame",["cc.BitmapFont",["_name","fontSize","fntConfig"],0]],[[1,0,1,2,4]],[[[[0,"font_win_announce",20,{"commonHeight":19,"fontSize":20,"atlasName":"font_win_announce_0.png","fontDefDictionary":{"32":{"xOffset":-1,"yOffset":18,"xAdvance":5,"rect":{"x":68,"y":85,"width":3,"height":1}},"44":{"xOffset":0,"yOffset":33,"xAdvance":10,"rect":{"x":279,"y":0,"width":10,"height":21}},"46":{"xOffset":0,"yOffset":33,"xAdvance":15,"rect":{"x":68,"y":59,"width":15,"height":16}},"48":{"xOffset":0,"yOffset":0,"xAdvance":37,"rect":{"x":0,"y":0,"width":37,"height":49}},"49":{"xOffset":0,"yOffset":0,"xAdvance":23,"rect":{"x":255,"y":0,"width":23,"height":49}},"50":{"xOffset":0,"yOffset":0,"xAdvance":33,"rect":{"x":221,"y":0,"width":33,"height":49}},"51":{"xOffset":0,"yOffset":0,"xAdvance":34,"rect":{"x":186,"y":0,"width":34,"height":49}},"52":{"xOffset":0,"yOffset":0,"xAdvance":37,"rect":{"x":38,"y":0,"width":37,"height":49}},"53":{"xOffset":0,"yOffset":0,"xAdvance":33,"rect":{"x":0,"y":59,"width":33,"height":48}},"54":{"xOffset":0,"yOffset":0,"xAdvance":36,"rect":{"x":76,"y":0,"width":36,"height":49}},"55":{"xOffset":0,"yOffset":0,"xAdvance":33,"rect":{"x":34,"y":59,"width":33,"height":48}},"56":{"xOffset":0,"yOffset":0,"xAdvance":35,"rect":{"x":150,"y":0,"width":35,"height":49}},"57":{"xOffset":0,"yOffset":0,"xAdvance":36,"rect":{"x":113,"y":0,"width":36,"height":49}}},"kerningDict":{}}]],0,0,[0],[0],[0]],[[{"name":"font_win_announce_0","rect":{"x":0,"y":0,"width":289,"height":107},"offset":{"x":-5.5,"y":46.5},"originalSize":{"width":300,"height":200},"rotated":false,"capInsets":[0,0,0,0],"vertices":{"rawPosition":[-144.5,-53.5,0,144.5,-53.5,0,-144.5,53.5,0,144.5,53.5,0],"indexes":[0,1,2,2,1,3],"uv":[0,200,289,200,0,93,289,93],"nuv":[0,0.465,0.9633333333333334,0.465,0,1,0.9633333333333334,1],"minPos":{"x":-144.5,"y":-53.5,"z":0},"maxPos":{"x":144.5,"y":53.5,"z":0}},"packable":true,"pixelsToUnit":100,"pivot":{"x":0.5,"y":0.5},"meshType":0}],[0],0,[0],[1],[1]]]]
