{"importBase":"import","nativeBase":"native","name":"thorV2","deps":[],"uuids":["00bmMYtFhCc5rgbhfcwKIt","00DRtC5HJMcaauP5l1sejH","0193266cc","024fd5785","02vu6qAedBGqFzLxfBNhp1@f9941","066Bk0vzZNS7Nzo5+LQhTW@6c48a","07ZLR4qF1M0LGKcwCudav9@f9941","02vu6qAedBGqFzLxfBNhp1","02fd1cfdc","02/7E18SFBXYVxBDW8c7pC@f9941","02/7E18SFBXYVxBDW8c7pC","037e4294b","07VTrjeTRPJo17TqWVzWUa@6c48a","03vZeofMdAgbB79UYHDmZU","050225280","05DQfzR5tC1YlCowyuXtRt","053d4178d","05Xd6bqOxDG79dtXxEsVlH","05bcc547d","05e09edb6","05f7b0387","09JwelgnxGO52K4b4lpy63@6c48a","09XVrsHbVHuIsOdhT7FvIH@6c48a","06BWgzCz9K1pcLyr7VZFoV","06eO10NDpJ4opTm6+Zpc7d","066Bk0vzZNS7Nzo5+LQhTW","07VTrjeTRPJo17TqWVzWUa","07ZLR4qF1M0LGKcwCudav9","07aec9e90","07b1de9a1","07d9e2304","09BTEtY8BMkqvPxkQjOES6","09JwelgnxGO52K4b4lpy63","09XVrsHbVHuIsOdhT7FvIH","09da9076b","0a159fe7d","0a52de7ea","0a3CAdpVNLgal/KMyiLTvS@6c48a","0a3CAdpVNLgal/KMyiLTvS","0b36192b0","0b415ba5c","0c097f050","0c7bb2b02","0c0FQ9EeJHbInaJJcZUDHe@6c48a","0c0FQ9EeJHbInaJJcZUDHe","0d0b2360c","b5Mdxz83BOcoxC5EEKxtgS","c68frnKaFMg6PzgV6Ajmq+","ceu4EXmdFA0ps9LdvQTHiH","e24AncAwBA07VDzFO3BKzc","0dXAQOldhIUa3KnU0lZ1PH@f9941","0dkj0zcB5DD6MWh0U91KVd@f9941","0d3KfZ2p5JW5XZuV961sCE@6c48a","0eJQHay9RDmpZFMqk9JWxL","0e8JqjbtxMrqEQMh6IzxOT@6c48a","100TkOYfNHQ4pCSC6sBQft@f9941","11JZjKvcFGhKL8DCmmpya/@6c48a","0dM7AQCm9LToVegvbL08hU","0dXAQOldhIUa3KnU0lZ1PH","0dkj0zcB5DD6MWh0U91KVd","0db5b9c29","0d3Q6C8K5AEazWAdGVrfXX@6c48a","114MB7NK9CUabHeuSRThmI","12JrmMl3RDBIT0cnvnENxm@6c48a","12kdzP+KpOm78sau0MVXwN","12t7a/BCJOZZ/fGwn01au0@6c48a","0d3KfZ2p5JW5XZuV961sCE","0d3Q6C8K5AEazWAdGVrfXX","0ece02df5","0e8JqjbtxMrqEQMh6IzxOT","0fadc4c47","0fcbd9e33","111lbGcXdJMqcTlznx8lp9@f9941","100TkOYfNHQ4pCSC6sBQft","110279cd9","12pojlXxdKOJ8UQv+/7/TH@6c48a","12t7a/BCJOZZ/fGwn01au0@f9941","110279cd9@6c48a","11JZjKvcFGhKL8DCmmpya/","11axl8nmJEjISqnR/AME1k","11oIsnzQNCdqjKTJK3tSDg","111lbGcXdJMqcTlznx8lp9","12JrmMl3RDBIT0cnvnENxm","12niKrIYxDvoagjlbU++85","12pojlXxdKOJ8UQv+/7/TH","12t7a/BCJOZZ/fGwn01au0","12c0845e7","12c0845e7@6c48a","13cL6tzZxE75MAJFG37Iie","13f086d64","14GrpgGtNPApqYn8BjSBkj","14jVkZ7a9CJbraOtOgmvWE","14nSv09QVABZg9vZebaJfD","189CkAZLBHnJfqZ151ryTe@6c48a","1cueNa8FlB/IzDbvxhGbMV@f9941","1eZtc1hh9NCKEH5L/8dWAR@6c48a","1e/u56Rz1Oj5L7CtJ/1Ub+@6c48a","1f/1aiMqdNM7U4iV3i2d6k@6c48a","20BCK++SFCcoJ3gH8GM0GT@6c48a","13f086d64@6c48a","14dq+fO7hBMq+9wUO41cSd","16258ee8c","16SuwCB4VKjYCPqClmLVIc@f9941","18oOwjbYpGk5bg6tSAkSGr@6c48a","16258ee8c@6c48a","16iS1YS9xBTocjWgMrioSr","1792795c5","17pIIGW8tJe5/Y/DIjTTH2@f9941","1792795c5@6c48a","17pIIGW8tJe5/Y/DIjTTH2","185c87a13","185c87a13@6c48a","18oOwjbYpGk5bg6tSAkSGr","189CkAZLBHnJfqZ151ryTe","1a721b4d5","1chuV3AztMarvjiL8HU6Np@6c48a","1a721b4d5@6c48a","1bKk9vevxFKbi7/ibmHbcd","1be6c218d","1be6c218d@6c48a","1caDbolqJOwIhd3CRclrJE","1chuV3AztMarvjiL8HU6Np","1cueNa8FlB/IzDbvxhGbMV","1d7066f41","24bRl2ZOtEAYmTlk+7/iGf","20K7fK3NtDopunCA8fYns2@f9941","20k3sc1cZJcLdJ6tJEms1v@6c48a","21WPG+UfdJ+6y+fgFcAI8O@6c48a","21u4lCdURIUpJK3/CEVAe2@6c48a","22U0LcITdH5rNSVdst/bNI","23BJpapVRMrLUetUvFRl2a","24OvJs6SRFwIuyJ/wJqLHb@f9941","24jCDSYYZHE4RTr2XKiHGH@6c48a","244UojQyJIYYSHH3pSHCrd@f9941","25H5X4DndEyYmXsYir5i0/@6c48a","25mm5nHIxJIatNns/OvUHg@6c48a","26PWazcZZIdq8J54a+dHRt@6c48a","26rnjiMB5IFb7nz0TKfB2B@f9941","27oVUaQMtEy77n+etqtSHK@f9941","29Fox0/bxF9LBs3lm9A4DF@f9941","29ZvXvPNJGGL6CQOvS9jMu@f9941","2bMDrUkO9GdrMZ8Ge9f2xE@6c48a","2b62Wgzz1Iq51F5OIjvkW/@6c48a","2cztQCD2ZCN4sUVW8ud/Tr","2dEu2aCPBAh5wy7Mop042O","2dGEHrVIBCVIxlleE+KPQp@6c48a","2d+JBhWy9P55j6oJE4vEYz@6c48a","2edBtt5exBOZH4ChWp59Cs@f9941","2e5q+lGv5NHIM6eNVeWn6P@6c48a","2fbw+4dvFDG4Gxnje/odiA","30YNR9EqtI4J5McEoHhvNf","31U40nkxNHGbxwveeC07A/@f9941","31U6kFL31IUKBKJAMDsx2g@6c48a","31U6kFL31IUKBKJAMDsx2g@f9941","32YedVcgFAeY4zeX7tio4f@f9941","33yFIvv11CKYYQ4mffmEp6@f9941","33/+TNUYVMXYWyqud0YC11@6c48a","34BWpb+SlDW5bGv6/DT8Ql@6c48a","36VGntW+JBzrMjrYGST42q@6c48a","37ZOK8OsRNJKiuzifG19eW@6c48a","37ZOK8OsRNJKiuzifG19eW@f9941","372+LJidZE8J6mrpjoBcVj@f9941","38kvQiOftHQ6QhvsqAQsQE","3a/+75UJFDmbbnCAZAggQw@6c48a","3bEsdPVJ5GY7/T/aZsdCp4@f9941","3beFgS0+JETpJS72qk/1XB@f9941","3b3uwwe+VPzZeAFJnV7s/s@f9941","3dGY6oCKZPoZMJzfiIGkYK","3dcAo7VzBDELMx8tBlCv8X@6c48a","41KedoF49C9KEueuB11KiG","41YvPTIhBN1ou0zigaBI/i@f9941","41uOzMYlxERK4EEWELx9tM@6c48a","42QAuUo+JAfoKY2FGgoaBt@6c48a","42lYBmk0BBVZJ7wL6l6t49@6c48a","43f83jmc5JX4gFdLLQmiZx@f9941","43tKPBLjZFUZIqhxq5mTC9@f9941","45BPL/le5OLKE2TmzT5gU7@6c48a","45BPL/le5OLKE2TmzT5gU7@f9941","45bi2UImpOaqKzIk5QGbUD@6c48a","453/5O7ZxJ7oRspoU3FxLt@6c48a","479XLKKP1PGJ+VoSRA/jDQ@6c48a","48k3orB+VKA6fBbyigR9Wc@6c48a","486ZSJVxFM/qOOhOhFIHie@6c48a","4aQuquZQ9PerxY2k+GunCp@6c48a","4c1/x+WydNlasUtlQjIFrh@f9941","4eMTqHPghK76ae10HJ9qmY@f9941","4fAH/67klFb6X8HB0OxWaJ@f9941","4fCJHaKMZDlIeB7F6dS7ox@f9941","4fH/hheZZKQ7I4HfJont6k@6c48a","4feLQQxCJPCYw3geQA8uov@f9941","51GI98lz1K1ZjZZIrdiCC7@6c48a","52P2upCTFBBoj5UsZI1Con@6c48a","53QI1gCqtM9YDPdDSJkHjh@f9941","53boAsYJ1C8YaYL7griTDs","54Aj/NxdZH4aV7gaLMHu1Z@6c48a","54T+ffnFhO86s6pd2Edz5M@6c48a","54vxAKXfVD67HJ97K+vC76@6c48a","55LoBdRxxGm5Tulwhi6Kiy","56+u1IW2FBpIZ7EKHSpa/W","585nX9asdAZ4GRv6Jhm3dP@f9941","588nM8noFArIki2+uJKWrY@6c48a","5bB6m9eyZHBo2mD1IfYTpt@f9941","5c0DgrYlVI+4GqMe4+es9e@6c48a","5dzz5fvetLWaxSq2BBW3q8@6c48a","5d1LdNJ0hCYquEEQeCcok2@6c48a","5eSe8tj/BK05x+7xB5c6r8@f9941","5fKUBWXCRCkLyWQMZ0EvJb@6c48a","5fKUBWXCRCkLyWQMZ0EvJb@f9941","5fpIfyJfFG65tNGC+4Qt5W","64t55JyvdFMLStWhIIBiof@6c48a","68bPlAicBBTY/DM+rm7COT@6c48a","68xLPI1cFCpKHC2pFtmUYx@f9941","6bRlYdckJIrLn5ZQlf0HWn@f9941","6clQv4CopG9ZW9PecbHJiR","6dVvFAuVpBH6g4g/H7/vyR@6c48a","6exBlNCwxBDaREDQxoRXGr@f9941","6e0qGyhe9NQoeeJTpAnRZl@f9941","706I1V3wJDZ79AgdU5u9+o@6c48a","707uOwSsNIvrNQHfjjFrv/@f9941","71wH7NELNKXYN1t7LyRsx2@6c48a","72D6oGz7FF5LLiP6mS0wXx@f9941","73gO/6gVxCfLfQ6sEqmMSK@6c48a","75Q8QpI8ZDX4ZmAW4Ddsiu@f9941","76CunO81NHPYuABSZnhEQg@6c48a","76HxRI6AVLqIsK6jBxtcux@6c48a","76HxRI6AVLqIsK6jBxtcux@f9941","76ze0/bIFBKY1gNLzjJVah@f9941","761VIAUe1P56M9TGEq1O4Z@f9941","77i9OD74RDpanaBGKNciQN@f9941","7aljlCfLZE/5boCWTgwfpx@6c48a","7angMY+9xHJIYneocu8X7V@6c48a","7anv+FradBFJJwAl7Ij40n@6c48a","7anv+FradBFJJwAl7Ij40n@f9941","7aw4SCbftGqq+XRl2BXtDT","7ay85AGm9G9JA59Qr//7+O@f9941","7cNLXpXPFHQouea2cdZ5Vb@f9941","7cYpbGs+REkLKdbrgoeckc@f9941","7d5IMvdIdNKJ4TwbvVu0Td@6c48a","7f0aDAiFdOtLZ0yYCFCSs2@f9941","81XEPVEMVPNpejw31kfcDV@6c48a","83eHkYHltMbYPJg98YYy/h@6c48a","83h1TpeupDQ7agIKtwBs4O@6c48a","837MlTUDlMeLVT3yDR/Ux8@6c48a","86SqRJVONK7LW6bJiyigaJ@6c48a","86nzCfoUtBCZRlHFYUOfDs@f9941","89Tj1d89RDsIC4yt4M9P3G","89a6COFIFFl6U7DPeeQIgL@6c48a","89fPPZNH9AkZhluIGZKG2T@6c48a","89fqIym81Baq6BtCvaanVD@f9941","89jGn5KVZJHrzWeweWwZWw@f9941","8cQaph8WpBBqNLQTCFrRIB@f9941","8eAGrE8utFtZidHhqPn9MS@f9941","8etIA5MKxJ3peDjV9bklda@f9941","90HJ530g5Fn47kHRWTNAvU@6c48a","91ATqQ1QxHA4cER5h1ZwQg@f9941","94p+JR/3ZGTYAyWEKOt6Ch@f9941","95MOjPnctCGLbMhGjlonqf@6c48a","951batoUVMBLiauY6ddGNl@6c48a","97R5JwJ7ZDvJCDdlvo65jw@6c48a","97ZMxPizxJuoYezSmZsNkm@6c48a","97eWrBtaJH6I9i/QNAULsI@f9941","97+PhPcnlEp7JYcaBbtCGx@6c48a","97+PhPcnlEp7JYcaBbtCGx@f9941","98FjYcOnVNJJbY/mGTx4Ts@f9941","98U3sNvzlJfLuxkjju6N3V@f9941","98Y8AxKBJHQIa9LIlFSWiI","99eyZAHRpAxYjg2Qq+2oQY","990fqE1HNIx5E80MoTugmq@6c48a","990fqE1HNIx5E80MoTugmq@f9941","9bPEPlfDRCkbki8MKVlGcx","9cojZyBm1KVYGlYUdg+ox8@f9941","9eK9risYlPNI/Yo5DYcJQ+@f9941","9eVEbM6itAzKQRP021xwPF@f9941","9eeZ7uazJCIbfb1wdOxGOh@6c48a","9e13Ou2WJGG4N9CgDrY/VV@f9941","9fMcgunudJ6IY/qJUapM6w@6c48a","9f+0XVJD9NxovXrIKybeks@6c48a","a0HsoScAlGFoJ9L++tOVfF@f9941","a1B0hJwAtOxpPT3jM7+AAZ","a2auT2n9hCXbZp7ffS606a","a2c1yLlEdKpYYVA1VBf2TT@6c48a","a2c1yLlEdKpYYVA1VBf2TT@f9941","a3aZIwaoxLHZg3qt5EVYHj@6c48a","a32WCJmzJLCKsVQ8WRyaVO@6c48a","a5FqDDPKpC+rzk21U29nO6@f9941","a7R3O001lMhaKAiphOWSnX","a8Rv+YJdNPEocqs/LUmqBp@f9941","aaldj71WJN1ZDQhs5s+D82@f9941","aa8MEM1vVHiL/YQGp4A9Ng@f9941","abmp0xSflGuY/uycW+iSMb@f9941","acax9YbSlDPbcX36SDZ1Nr@6c48a","acax9YbSlDPbcX36SDZ1Nr@f9941","admVUOPDtIhJUD/OQX1IMQ","adrumm7xhEuYG1w5IcEA9l@f9941","b1ZMt/ULVIgITQxOXAc/mT@f9941","b1wThwqNNEVJOgbqCW8kzM@6c48a","b3auwOEW5GT5kubRYr5i14@6c48a","b5DGqtcD1O56aSnOuizy8t","b6W1jM1X1O+LjuUM8wlLB1@f9941","b6iulRp+9JvI/v+QY0g0JK@6c48a","b7tSKik05AY4n1k/UYsJxI@6c48a","b78VohRjhFFLQ+gwni9DTE@6c48a","b8tGRNP4NPpafjjKZ5eJv8@6c48a","b8tGRNP4NPpafjjKZ5eJv8@f9941","b87GMszFpDE5UMv+0DlkiP@6c48a","bbQQAIw1RA3KZj6nV0Aztv@f9941","bb4GqUAQdJe5nsibud2cCc@f9941","bcX69zWURBy6B025+d7r3L@6c48a","bdINrKdSdEP4unxjeNyT6j@f9941","bdNrDYhphE3o6E/cDj/Hgx@f9941","beQYQdxgFN8YSooKlT96SK@f9941","beh2t8pzVHdrve+UKqHCno@6c48a","bfFye3TIJBBoZ/fjXrxLDR@f9941","c2TadDfHpAUo0EFqt/rUJc","c63lHumSdJNoi2TJlAt6nW@6c48a","c7UbI7X15OlLKcMFkSEhc3@6c48a","c7nFU3BbRF7LQCrsa+I4bY@f9941","c7664VpYtHr7mocG92dvR4@6c48a","c8JDQLK+1PRZi5t5GO9RGx@f9941","c8PPpbCsRKz6mZxrw+5FVe","c8ptqILxxKHKlH1Yv99G2H@6c48a","c9DYxnYO9MMKiXkICjeYb1@f9941","c9JD5K3k5AtolhhzKJdZ4I@f9941","c9T5Dpkg5FbZY/GcVE8ASj@f9941","caDdAgeXlISJB7A+2sjXWJ@6c48a","caDdAgeXlISJB7A+2sjXWJ@f9941","ca5tzqm7FLd7yxk6mlz6VH@f9941","cc0fKteIdIALswTvnStooY@f9941","ceD2iYmtpOOrNlx6hLUifu@f9941","d0vB0MD5JI0bXK11f5LNcM@f9941","d22V4G+CNA8bYOjM30/RR3@f9941","d3VNavWVtE+rgs3HH6clOv@f9941","d4utrXyc1ES5wBVfdv2uun@f9941","d6gpulRI1EpLqDOpxaQv7v@f9941","d7Ze+zf/RLqqe5I+WZJ6Gh@6c48a","d8NtCDTAxKsKfack2X0KXw@6c48a","d8NtCDTAxKsKfack2X0KXw@f9941","d9eJd6loBGY5uv+nam0P7F@6c48a","d90+VdV4VAPZPO+HMz4JgG@6c48a","da9XUbUgJN35YqLWq53Alx","deWD0GSxtKsacJ0i5Ye/uD@f9941","dfi6nJkw1FLJZbQRD8TPPM@f9941","e1K9wSGftDhraedB8CP8Vc@f9941","e1LajAoxdJSbP/LWX93vI0@f9941","e1ZmuhQZBDLoDIv79wlzA8@6c48a","e2W3+9xdFF3Z1g3lvzyrfq@6c48a","e2W3+9xdFF3Z1g3lvzyrfq@f9941","e2bX4c2dBFi7Efazr1Vyu+@f9941","e3OuqfR6tBSIHE+yJQEqss@6c48a","e4HkGNuxlMH4h61gF/9u8Q@6c48a","e43YeKh8VD0bjUsPKZ8hOC@6c48a","e5AZr0FsVPZ594M7rYW5DE@f9941","e5K0EV7U1KDJMwtea4hI5U@f9941","e5o8aokxFEma9d3prUaD+R@6c48a","e6Pm51j5tHfL6xZ1xr7HAK@f9941","e8Ja4DqqlO24S28pUTJTZk@f9941","e9M70BIMZLHYSRu+aGYnz+@6c48a","e9wzVim7RAVawhwUuUMXRp@6c48a","e9xRQNRe9PWZyM/17Rww2d@f9941","e968B/q5VN2aS8e+7X/xsI@f9941","ecb8gtQllMP7WvZmCrr8hM@6c48a","ecqUBdecVI/Iukczs+qmhT@6c48a","ecrRPdrhJJOrkuRoyeX/Ub@f9941","edUzor8GFN+7Klg35DL+UN@f9941","eepxYY2/BGza1PI9vAwGOu@6c48a","efWo2b4xdClaciBozL7OcQ@6c48a","efftFG9jVGz6SHGUuKktT2@6c48a","efgkZOnsFF741yZRfAufPz","f0AM2jbwRBxoAp6U+KtYA0@f9941","f1cWQpxl1EXLHnB/VOGThT@f9941","f1ozGahltF2qNvWR7wZ/0L@f9941","f1yppkzshPk7NEYyI+lJCJ@f9941","f1+muPYuhMKYHy6Bsn2gJ8@6c48a","f3h49Xs1FC8YIOka+LY57h@f9941","f3ltytBzRCtLWiO2rN85jV@6c48a","f6bojr6SRNYrGl4hNvWuVF@6c48a","f6d1sRcnlP2YACwTyOaqiV","f6mVnxAQhJQpT6EPmBHQHB@6c48a","f8A+CZNd5BjLIwWvvkmLSI@6c48a","f8DaaD3OhL0L1t9MhAEhlp@6c48a","f9axyIJX9NJI5kRZos8gc+@6c48a","faxONK2CNJ8Yx9FMY5sk/7","fa2I1zlepKALmhG+A+GpD9","feIKGQB9xAYLeor5A8bh0u@f9941","feVYo07mdOM6ss8YYmsQJM@6c48a","fe5oyYYtlJtYeekdOqVD33","ff8A49PNRET7dIY5JsCL1R@f9941","1d7066f41@6c48a","1eZtc1hh9NCKEH5L/8dWAR","1e/u56Rz1Oj5L7CtJ/1Ub+","1f/1aiMqdNM7U4iV3i2d6k","20BCK++SFCcoJ3gH8GM0GT","20K7fK3NtDopunCA8fYns2","20k3sc1cZJcLdJ6tJEms1v","21WPG+UfdJ+6y+fgFcAI8O","21u4lCdURIUpJK3/CEVAe2","22B1S//9lA+rZBSUbrL8mw","23L9AyEvhLmZPRIrSbCs2A","24OvJs6SRFwIuyJ/wJqLHb","24jCDSYYZHE4RTr2XKiHGH","244UojQyJIYYSHH3pSHCrd","25H5X4DndEyYmXsYir5i0/","25mm5nHIxJIatNns/OvUHg","26PWazcZZIdq8J54a+dHRt","26rnjiMB5IFb7nz0TKfB2B","27oVUaQMtEy77n+etqtSHK","28avTgPhVBs5VyaaInZoHf","29Fox0/bxF9LBs3lm9A4DF","29ZvXvPNJGGL6CQOvS9jMu","2955GP52xO/7g/E7BKB+b8","2aIjNg2ZNGMKXu+myMnvA1","2bMDrUkO9GdrMZ8Ge9f2xE","2b62Wgzz1Iq51F5OIjvkW/","2dGEHrVIBCVIxlleE+KPQp","2d+JBhWy9P55j6oJE4vEYz","2edBtt5exBOZH4ChWp59Cs","2e5q+lGv5NHIM6eNVeWn6P","2e+OHTa11F6K23EZ30MYgC","2fT4qza9RJv4Hen/aQNA43","31U40nkxNHGbxwveeC07A/","31U6kFL31IUKBKJAMDsx2g","32YedVcgFAeY4zeX7tio4f","33yFIvv11CKYYQ4mffmEp6","33/+TNUYVMXYWyqud0YC11","34BWpb+SlDW5bGv6/DT8Ql","36VGntW+JBzrMjrYGST42q","37ShVqAtpOLr962x6zq11s","37ZOK8OsRNJKiuzifG19eW","372+LJidZE8J6mrpjoBcVj","3ai4BOomROsoTBFFlW7/pX","3a/+75UJFDmbbnCAZAggQw","3bEsdPVJ5GY7/T/aZsdCp4","3beFgS0+JETpJS72qk/1XB","3dcAo7VzBDELMx8tBlCv8X","41uOzMYlxERK4EEWELx9tM","42QAuUo+JAfoKY2FGgoaBt","42TgLQpyZCIasesfDeme3p","42lYBmk0BBVZJ7wL6l6t49","43f83jmc5JX4gFdLLQmiZx","43tKPBLjZFUZIqhxq5mTC9","44J4FjrKZLx7Wn8utjIh1Z","45BPL/le5OLKE2TmzT5gU7","45NY75S3tEWKMwbBPlg1/n","45bi2UImpOaqKzIk5QGbUD","453/5O7ZxJ7oRspoU3FxLt","46xdPZvZ5PI51GuM7w6585","479XLKKP1PGJ+VoSRA/jDQ","48aZEZHvBAB4SkW1iuLrQP","48k3orB+VKA6fBbyigR9Wc","486ZSJVxFM/qOOhOhFIHie","4aPLj8/KJEVaa4HtJv1HMd","4aQuquZQ9PerxY2k+GunCp","4cpCFpns9A86OwiSP0cfyc","4c1/x+WydNlasUtlQjIFrh","4dI0n3H/BGaoqz7hD4wdPj","4d8CX3bttIs7N74gL9bbAn","4eMTqHPghK76ae10HJ9qmY","4fAH/67klFb6X8HB0OxWaJ","4fCJHaKMZDlIeB7F6dS7ox","4fH/hheZZKQ7I4HfJont6k","4feLQQxCJPCYw3geQA8uov","51GI98lz1K1ZjZZIrdiCC7","52P2upCTFBBoj5UsZI1Con","53Abqf4zhJdL+r5sHO6rmX","54Aj/NxdZH4aV7gaLMHu1Z","54T+ffnFhO86s6pd2Edz5M","54iVLWB0NEXrfRJjgY++dY","54vxAKXfVD67HJ97K+vC76","585nX9asdAZ4GRv6Jhm3dP","588nM8noFArIki2+uJKWrY","5auE/bsatPwY4wlOKnAzYF","5bB6m9eyZHBo2mD1IfYTpt","5c0DgrYlVI+4GqMe4+es9e","5dzz5fvetLWaxSq2BBW3q8","5d1LdNJ0hCYquEEQeCcok2","5eSe8tj/BK05x+7xB5c6r8","5e68M2pZhMm7KLoPXWXvae","5fE2SMOBVOCJODtuuXJNax","5fKUBWXCRCkLyWQMZ0EvJb","5fnyRRgMxCpaFS+c6Fh67o","60nIO+B0tKBYyzbAm9Y6AV","61mf39tedIBaZrpniylpux","63vMxJqzxBtqRXC9tb0CK3","64t55JyvdFMLStWhIIBiof","67/6xDM49P2owhkQdKBCvU","68bPlAicBBTY/DM+rm7COT","697FEO8yRMzYvfSXhDBJZk","6aQogJZmZAcZqN6GTUD4Ym","6an1Ls/1lHaZPnCqMZuQYf","6atrW3jCxCQqM3Sk0NsM1a","6bRlYdckJIrLn5ZQlf0HWn","6dVvFAuVpBH6g4g/H7/vyR","6exBlNCwxBDaREDQxoRXGr","6e0qGyhe9NQoeeJTpAnRZl","6f/CYKsStOOpw3zbuRbE5E","706I1V3wJDZ79AgdU5u9+o","707uOwSsNIvrNQHfjjFrv/","71wH7NELNKXYN1t7LyRsx2","72D6oGz7FF5LLiP6mS0wXx","73bbD0cm1I/qJVgkAB3Ng2","73gO/6gVxCfLfQ6sEqmMSK","75Q8QpI8ZDX4ZmAW4Ddsiu","75x18VWdNEr4jmzv2jbbOk","76CunO81NHPYuABSZnhEQg","76HxRI6AVLqIsK6jBxtcux","77Rq/+3VRIQL0okAOt6EuJ","77i9OD74RDpanaBGKNciQN","780Y2fOdNPLaRjx3dh3WY1","7aljlCfLZE/5boCWTgwfpx","7angMY+9xHJIYneocu8X7V","7anv+FradBFJJwAl7Ij40n","7ay85AGm9G9JA59Qr//7+O","7bJV7pNKVGNIXbOAE4XSe7","7cNLXpXPFHQouea2cdZ5Vb","7cYpbGs+REkLKdbrgoeckc","7d5IMvdIdNKJ4TwbvVu0Td","7fvF/+GoRFT7P+jEbH9l6g","7f0aDAiFdOtLZ0yYCFCSs2","81XEPVEMVPNpejw31kfcDV","83eHkYHltMbYPJg98YYy/h","83eHkYHltMbYPJg98YYy/h@f9941","83h1TpeupDQ7agIKtwBs4O","837MlTUDlMeLVT3yDR/Ux8","86SqRJVONK7LW6bJiyigaJ","86nzCfoUtBCZRlHFYUOfDs","89a6COFIFFl6U7DPeeQIgL","89fPPZNH9AkZhluIGZKG2T","89jGn5KVZJHrzWeweWwZWw","8cQaph8WpBBqNLQTCFrRIB","8csW4HmK5AMbEk1KoLLjtN","8eAGrE8utFtZidHhqPn9MS","8etIA5MKxJ3peDjV9bklda","90HJ530g5Fn47kHRWTNAvU","91ATqQ1QxHA4cER5h1ZwQg","919XeJv/hERJBIsSU1GT8P","92TV9zMHNBUYnWqxQ8WrUV","92TV9zMHNBUYnWqxQ8WrUV@6c48a","92TV9zMHNBUYnWqxQ8WrUV@f9941","92avLMyklJBrG6KwwQ3/mP","94ga67HUxAkaey7HXlyZzE","94p+JR/3ZGTYAyWEKOt6Ch","94qgXpRKpKFIKuCbZUKwgn","942yPe8tVI+oWes011hWdE","94723L3u5Ls7Vs9gmQK6a0","95MOjPnctCGLbMhGjlonqf","951batoUVMBLiauY6ddGNl","97R5JwJ7ZDvJCDdlvo65jw","97ZMxPizxJuoYezSmZsNkm","97+PhPcnlEp7JYcaBbtCGx","98FjYcOnVNJJbY/mGTx4Ts","98U3sNvzlJfLuxkjju6N3V","990fqE1HNIx5E80MoTugmq","9ahRrJPypCi7aonXEJ7D2l","9b1bRBallFobEFF5K51xp+","9ceCS6rstKL5mHaXRJd7ti","9cojZyBm1KVYGlYUdg+ox8","9eVEbM6itAzKQRP021xwPF","9eeZ7uazJCIbfb1wdOxGOh","9etxLt+2VGFKHIMU74LI8/","9e13Ou2WJGG4N9CgDrY/VV","9fMcgunudJ6IY/qJUapM6w","9f+0XVJD9NxovXrIKybeks","a0HsoScAlGFoJ9L++tOVfF","a2c1yLlEdKpYYVA1VBf2TT","a3Ii4v9rJH9Jc//aLILsCV","a3aZIwaoxLHZg3qt5EVYHj","a32WCJmzJLCKsVQ8WRyaVO","a5FqDDPKpC+rzk21U29nO6","aaldj71WJN1ZDQhs5s+D82","abDYauj7RDYaheXgtzxLIX","acax9YbSlDPbcX36SDZ1Nr","acmXLH9hVAfIpiqQor8A++","adrumm7xhEuYG1w5IcEA9l","ad60kiz3dLjJmPnX6EA1R6","ad+IB4/SBEoLTQROvjLvWu","b1ZMt/ULVIgITQxOXAc/mT","b1wThwqNNEVJOgbqCW8kzM","b3auwOEW5GT5kubRYr5i14","b5RZlrtBpDaoL9PiTrgBE0","b6iulRp+9JvI/v+QY0g0JK","b7tSKik05AY4n1k/UYsJxI","b78VohRjhFFLQ+gwni9DTE","b8tGRNP4NPpafjjKZ5eJv8","b87GMszFpDE5UMv+0DlkiP","bal58/dKVG0o3efOGu1eBG","bb4GqUAQdJe5nsibud2cCc","bcX69zWURBy6B025+d7r3L","bdGyBEnmVIWahyFjgQQ3lr","bdNrDYhphE3o6E/cDj/Hgx","beQYQdxgFN8YSooKlT96SK","beh2t8pzVHdrve+UKqHCno","bfFye3TIJBBoZ/fjXrxLDR","c1By9KMzlN3KLW69fJ6+5z","c63lHumSdJNoi2TJlAt6nW","c7UbI7X15OlLKcMFkSEhc3","c7nFU3BbRF7LQCrsa+I4bY","c7664VpYtHr7mocG92dvR4","c8CxEXVApHWog8xzu4z1Oo","c8ptqILxxKHKlH1Yv99G2H","c9DYxnYO9MMKiXkICjeYb1","c9JD5K3k5AtolhhzKJdZ4I","c9T5Dpkg5FbZY/GcVE8ASj","caDdAgeXlISJB7A+2sjXWJ","ca5tzqm7FLd7yxk6mlz6VH","cbY/5GUYlH8qCD6XkIfGAO","cb3ue3M7NO9K8iSvK80W6O","ccCi5chYxNcptYnZf5ll9c","cc0fKteIdIALswTvnStooY","ceD2iYmtpOOrNlx6hLUifu","d0vB0MD5JI0bXK11f5LNcM","d1xhhxCEpKd6bszO4/ZVBf","d2G6N3Pc1Hsq7cXMVGrO5/","d3VNavWVtE+rgs3HH6clOv","d4utrXyc1ES5wBVfdv2uun","d5P2IQNEtLubRBnvqfO9Ha","d6HpEUoxBD/ogP5h8MTHkV","d7Ze+zf/RLqqe5I+WZJ6Gh","d8NtCDTAxKsKfack2X0KXw","d8atcZouhDh4PKk479M6L+","d8gJukH5FLDIRj5UeWZj0b","d8nVeefGRMBIr/8dJP4ijy","d9eJd6loBGY5uv+nam0P7F","d90+VdV4VAPZPO+HMz4JgG","d9/EUkAXJEvZcBaoh+/6wl","dfi6nJkw1FLJZbQRD8TPPM","e0n1uA/MJMr6LNMX8g1p9I","e06XHMOT1PKIBc5tgLa2n7","e1LajAoxdJSbP/LWX93vI0","e1ZmuhQZBDLoDIv79wlzA8","e1ZmuhQZBDLoDIv79wlzA8@f9941","e2W3+9xdFF3Z1g3lvzyrfq","e3OuqfR6tBSIHE+yJQEqss","e4HkGNuxlMH4h61gF/9u8Q","e43YeKh8VD0bjUsPKZ8hOC","e5AZr0FsVPZ594M7rYW5DE","e5K0EV7U1KDJMwtea4hI5U","e5o8aokxFEma9d3prUaD+R","e6Pm51j5tHfL6xZ1xr7HAK","e7TjqhlwdKJprGk+CooFcP","e9M70BIMZLHYSRu+aGYnz+","e9wzVim7RAVawhwUuUMXRp","e968B/q5VN2aS8e+7X/xsI","ecb8gtQllMP7WvZmCrr8hM","ecqUBdecVI/Iukczs+qmhT","ecrRPdrhJJOrkuRoyeX/Ub","edUzor8GFN+7Klg35DL+UN","eepxYY2/BGza1PI9vAwGOu","eesNnZzRZKO7XRoAnP3BQa","efWo2b4xdClaciBozL7OcQ","efftFG9jVGz6SHGUuKktT2","efrZ4rTnRLtLsIQ2YbSydc","f1yppkzshPk7NEYyI+lJCJ","f1+muPYuhMKYHy6Bsn2gJ8","f3h49Xs1FC8YIOka+LY57h","f3ltytBzRCtLWiO2rN85jV","f5FbxlrnJIWrDtj/oTafi8","f5Y84pRcZOTpYFW3nJWnWy","f6bojr6SRNYrGl4hNvWuVF","f6mVnxAQhJQpT6EPmBHQHB","f6/UkM+n9BeKWdS2he/74D","f7Vk0KEoNKQojTfFg3+DT0","f8A+CZNd5BjLIwWvvkmLSI","f8DaaD3OhL0L1t9MhAEhlp","f9UdKNUnFDcK8zXVmp8BLQ","f9axyIJX9NJI5kRZos8gc+","feIKGQB9xAYLeor5A8bh0u","feVYo07mdOM6ss8YYmsQJM","fe5NAmkd5GZrunhpVeMW7U","fe5NAmkd5GZrunhpVeMW7U@6c48a","fe5NAmkd5GZrunhpVeMW7U@f9941","ffmhA+7KpGSoThskDH17IB","ff8A49PNRET7dIY5JsCL1R"],"paths":{"0":["car/thor_jinbiyu",5,1],"1":["sound/bigwin",9,1],"4":["img/btn_olps_giuze_you_1/spriteFrame",2,1],"5":["car/icon/hw_thor_icon_6/texture",1,1],"6":["img/bg_olps_zhuanpandi1/spriteFrame",2,1],"7":["img/btn_olps_giuze_you_1",0,1],"9":["img/thor_actionBar/dl_olps_btn_spin/spriteFrame",2,1],"10":["img/thor_actionBar/dl_olps_btn_spin",0,1],"12":["car/thor_role/texture",1,1],"13":["car/icon/thor_icon_9",5,1],"15":["font/font_add_free_num",7,1],"17":["car/animation_title",3,1],"21":["car/thor_huozhu2/texture",1,1],"22":["car/icon/thor_anim_wild_blue7/texture",1,1],"23":["car/icon/thor_icon_4",5,1],"24":["sound/single_icon_fall",9,1],"25":["car/icon/hw_thor_icon_6",0,1],"26":["car/thor_role",0,1],"27":["img/bg_olps_zhuanpandi1",0,1],"31":["sound/thor_main_bg",9,1],"32":["car/thor_huozhu2",0,1],"33":["car/icon/thor_anim_wild_blue7",0,1],"37":["car/layertopng19/texture",1,1],"38":["car/layertopng19",0,1],"43":["car/icon/thor_icon_9/texture",1,1],"44":["car/icon/thor_icon_9",0,1],"46":["img/auto-thor",6,1],"47":["common/auto_common_thor",6,1],"48":["img/smallIcon/auto-smallIcon",6,1],"49":["img/bigIcon/auto-bigIcon",6,1],"50":["img/thor_actionBar/img_suto_title_bg/spriteFrame",2,1],"51":["img/thor_actionBar/dl_olps_zi_WIN/spriteFrame",2,1],"52":["car/icon/thor_anim_wild/texture",1,1],"53":["car/thor_role",5,1],"54":["car/layertopng14/texture",1,1],"55":["img/thor_actionBar/dl_olps_zi_PENGATURAN/spriteFrame",2,1],"56":["car/thor_role4/texture",1,1],"57":["car/icon/hw_thor_icon_6",4,1],"58":["img/thor_actionBar/img_suto_title_bg",0,1],"59":["img/thor_actionBar/dl_olps_zi_WIN",0,1],"61":["car/thor_blow/texture",1,1],"62":["prefabs/prefab_thor_roller",8,1],"63":["car/layertopng18/texture",1,1],"64":["car/thor_huozhu",5,1],"65":["img/thor_actionBar/dl_olps_dibox/texture",1,1],"66":["car/icon/thor_anim_wild",0,1],"67":["car/thor_blow",0,1],"69":["car/layertopng14",0,1],"72":["img/bg_olps_yuansubox/spriteFrame",2,1],"73":["img/thor_actionBar/dl_olps_zi_PENGATURAN",0,1],"75":["car/thor_role5/texture",1,1],"76":["img/thor_actionBar/dl_olps_dibox/spriteFrame",2,1],"78":["car/thor_role4",0,1],"79":["car/spine_guangquan",5,1],"80":["sound/win2",9,1],"81":["img/bg_olps_yuansubox",0,1],"82":["car/layertopng18",0,1],"83":["sound/win5",9,1],"84":["car/thor_role5",0,1],"85":["img/thor_actionBar/dl_olps_dibox",0,1],"88":["car/icon/thor_anim_wild",5,1],"90":["car/thor_huojuranshao",5,1],"91":["prefabs/prefab_thor_iconCar",8,1],"92":["car/icon/animation_autoLauncher_up",3,1],"93":["car/icon/thor_anim_wild_red/texture",1,1],"94":["img/btn_off/spriteFrame",2,1],"95":["car/spine_guangquan/texture",1,1],"96":["car/icon/thor_anim_wild_green4/texture",1,1],"97":["car/thor_huojuranshao/texture",1,1],"98":["car/hw_thor_tanchuag2/texture",1,1],"100":["car/thor_shandian",4,1],"102":["img/bigIcon/icon_olps_huang/spriteFrame",2,1],"103":["car/layertopng10/texture",1,1],"105":["sound/win7",9,1],"107":["img/thor_actionBar/dl_olps_btn_off/spriteFrame",2,1],"109":["img/thor_actionBar/dl_olps_btn_off",0,1],"112":["car/layertopng10",0,1],"113":["car/icon/thor_anim_wild_red",0,1],"115":["car/icon/thor_scatter4/texture",1,1],"117":["car/icon/thor_icon_3",5,1],"120":["car/icon/thor_icon_2",5,1],"121":["car/icon/thor_scatter4",0,1],"122":["img/btn_off",0,1],"124":["img/thor_actionBar/auto_bar",6,1],"125":["img/icon_dt_loading_1/spriteFrame",2,1],"126":["car/layertopng20/texture",1,1],"127":["car/icon/thor_anim_wild_red4/texture",1,1],"128":["car/hw_thor_tanchuag/texture",1,1],"129":["font/font_sgNum",7,1],"130":["car/animation_win_box_label_rate",3,1],"131":["img/btn_olpn_kaiguan/spriteFrame",2,1],"132":["car/icon/thor_anim_wild_red2/texture",1,1],"133":["img/thor_actionBar/dl_opls_zidongbox_dibox/spriteFrame",2,1],"134":["car/thor_blow2/texture",1,1],"135":["car/layertopng9/texture",1,1],"136":["car/thor_jiesuan/texture",1,1],"137":["img/bg_olps_bertaruhbix/spriteFrame",2,1],"138":["img/thor_actionBar/dl_olps_btn_spin _1/spriteFrame",2,1],"139":["img/thor_actionBar/dl_olps_winbox/spriteFrame",2,1],"140":["img/btn_olps_guize_off/spriteFrame",2,1],"141":["car/thor_huozhu3/texture",1,1],"142":["car/layertopng23/texture",1,1],"143":["car/thor_shandian",5,1],"144":["car/lanseshandian",5,1],"145":["car/thor_role13/texture",1,1],"146":["car/icon/thor_anim_wild4/texture",1,1],"147":["img/thor_actionBar/dl_olps_btn_guize/spriteFrame",2,1],"148":["car/thor_shandian9/texture",1,1],"149":["prefabs/prefab_thor_down_new",8,1],"150":["prefabs/prefab_thor_smallGame_caculate",8,1],"151":["img/thor_actionBar/di_opls_btn_zidong_1/spriteFrame",2,1],"152":["common/icon_bank_gold/texture",1,1],"153":["common/icon_bank_gold/spriteFrame",2,1],"154":["img/thor_actionBar/dl_olps_icon_spin_1/spriteFrame",2,1],"155":["img/icon_kaiguan/spriteFrame",2,1],"156":["car/icon/thor_hourglass/texture",1,1],"157":["car/thor_role2/texture",1,1],"158":["car/thor_shandian6/texture",1,1],"159":["font/font_win_0/texture",1,1],"160":["font/font_win_0/spriteFrame",2,1],"161":["img/thor_actionBar/dl_olps_btn_kuai_1/spriteFrame",2,1],"162":["font/font_win",7,1],"163":["car/icon/thor_anim_wild7/texture",1,1],"164":["img/thor_actionBar/dl_olps_btn_caidan/spriteFrame",2,1],"165":["img/thor_actionBar/dl_olps_zi_goodluck/spriteFrame",2,1],"166":["img/smallIcon/icon_olps_tubiao_xiao_zi/spriteFrame",2,1],"167":["car/thor_jinbi",5,1],"168":["car/icon/thor_anim_wild_blue3/texture",1,1],"169":["font/font_calulate",7,1],"170":["img/thor_actionBar/tishi_2/spriteFrame",2,1],"171":["car/icon/thor_scatter/texture",1,1],"172":["car/icon/thor_hourglass2/texture",1,1],"173":["car/thor_huoquan2/texture",1,1],"174":["img/btn_olps_giuze_zuo_1/spriteFrame",2,1],"175":["img/bg_olps_tumblebox/spriteFrame",2,1],"176":["font/font_add_free_num_0/texture",1,1],"177":["font/font_add_free_num_0/spriteFrame",2,1],"178":["car/thor_jinbi/texture",1,1],"179":["car/thor_huojuranshao2/texture",1,1],"180":["car/icon/thor_anim_wild_green5/texture",1,1],"181":["car/layertopng8/texture",1,1],"182":["car/icon/thor_anim_wild_green7/texture",1,1],"183":["car/hw_thor_tanchuag5/texture",1,1],"184":["img/thor_actionBar/dl_olps_jinebox/spriteFrame",2,1],"185":["img/thor_actionBar/dl_olps_btn_likai/spriteFrame",2,1],"186":["img/thor_actionBar/di_opls_btn_zidong_0/spriteFrame",2,1],"187":["img/smallIcon/icon_olps_tubiao_xiao_hong/spriteFrame",2,1],"188":["car/icon/thor_icon_7/texture",1,1],"189":["img/thor_actionBar/dl_olps_btn_auto1/spriteFrame",2,1],"190":["car/layertopng15/texture",1,1],"191":["car/layertopng16/texture",1,1],"192":["img/bigIcon/icon_olps_lan/spriteFrame",2,1],"193":["prefabs/prefab_thor_introduce",8,1],"194":["car/thor_role12/texture",1,1],"195":["car/layertopng6/texture",1,1],"196":["car/icon/thor_anim_wild6/texture",1,1],"197":["prefabs/prefab_thor_bigPrize",8,1],"198":["font/font_beli",7,1],"199":["img/btn_opls_mianfei_off/spriteFrame",2,1],"200":["car/spine_guangquan2/texture",1,1],"201":["img/bg_olps_mianfeitishibox/spriteFrame",2,1],"202":["car/thor_huoquan/texture",1,1],"203":["car/thor_sd111/texture",1,1],"204":["car/icon/thor_icon_1/texture",1,1],"205":["img/icon_olps_xuanzhong/spriteFrame",2,1],"206":["img_olps_bg/texture",1,1],"207":["img_olps_bg/spriteFrame",2,1],"208":["prefabs/prefab_thor_bg_main",8,1],"209":["car/layertopng3/texture",1,1],"210":["car/layertopng21/texture",1,1],"211":["img/smallIcon/icon_olps_tubiao_xiao_lan/spriteFrame",2,1],"212":["img/bigIcon/icon_olps_lvguangquan/spriteFrame",2,1],"213":["car/animation_win_blue",3,1],"214":["car/layertopng12/texture",1,1],"215":["img/thor_actionBar/dl_olps_box/spriteFrame",2,1],"216":["img/thor_actionBar/dl_olps_btn_jia/spriteFrame",2,1],"217":["car/icon/thor_scatter2/texture",1,1],"218":["img/thor_actionBar/MUSIC/spriteFrame",2,1],"219":["car/lanseshandian/texture",1,1],"220":["img/zi_olps_GANDA/spriteFrame",2,1],"221":["car/thor_shandian2/texture",1,1],"222":["img/bg_mianfeiboxxiao/spriteFrame",2,1],"223":["car/icon/thor_anim_wild_green2/texture",1,1],"224":["img/img_introduce_bg/texture",1,1],"225":["img/img_introduce_bg/spriteFrame",2,1],"226":["img/smallIcon/icon_olps_tubiao_xiao_lv/spriteFrame",2,1],"227":["img/thor_actionBar/tishi_3/spriteFrame",2,1],"228":["img/thor_actionBar/img_suto_bg/spriteFrame",2,1],"229":["car/icon/thor_anim_wild_green/texture",1,1],"230":["car/icon/thor_anim_wild2/texture",1,1],"231":["font/font_rate_0/texture",1,1],"232":["font/font_rate_0/spriteFrame",2,1],"233":["car/huangseshandian",5,1],"234":["img/zi_olps_BERTARUH/spriteFrame",2,1],"235":["img/guize_olps_1/spriteFrame",2,1],"236":["img/thor_actionBar/dl_olps_caicanbox/spriteFrame",2,1],"237":["car/layertopng/texture",1,1],"238":["img/thor_actionBar/dl_olps_zi_stop/spriteFrame",2,1],"239":["car/icon/thor_hourglass3/texture",1,1],"240":["img/bg_olps_zhuanpanboxxin/texture",1,1],"241":["car/layertopng17/texture",1,1],"242":["car/thor_shandian8/texture",1,1],"243":["car/thor_role14/texture",1,1],"244":["img/thor_actionBar/dl_olps_btn_xiazhujian_0/spriteFrame",2,1],"245":["car/thor_huoquan",5,1],"246":["car/thor_role8/texture",1,1],"247":["car/icon/thor_anim_wild_blue6/texture",1,1],"248":["img/bigIcon/icon_olps_jiezhi/spriteFrame",2,1],"249":["img/thor_actionBar/dl_olps_icon_spin/spriteFrame",2,1],"250":["img/zi_lanjutkan/spriteFrame",2,1],"251":["img/thor_actionBar/dl_olps_btn_vip/spriteFrame",2,1],"252":["img/btn_opls_mianfei_on/spriteFrame",2,1],"253":["car/icon/thor_icon_5/texture",1,1],"254":["img/word_loading2/spriteFrame",2,1],"255":["img/BELIPERMAINA GRATIS/spriteFrame",2,1],"256":["car/thor_role9/texture",1,1],"257":["car/layertopng4/texture",1,1],"258":["car/icon/thor_anim_wild_green3/texture",1,1],"259":["car/thor_role7/texture",1,1],"260":["img/bigIcon/icon_olps_languangquan/spriteFrame",2,1],"261":["font/font_sgNum_0/texture",1,1],"262":["font/font_sgNum_0/spriteFrame",2,1],"263":["img/rules_3/spriteFrame",2,1],"264":["img/thor_actionBar/dl_olps_btn_xiazhujian/spriteFrame",2,1],"265":["font/shuzi_xiazhujine",7,1],"266":["car/icon/thor_anim_wild_green",5,1],"267":["font/font_calulate_0/texture",1,1],"268":["font/font_calulate_0/spriteFrame",2,1],"269":["car/animation_win_gold_restore",3,1],"270":["img/title_freespinsleft/spriteFrame",2,1],"271":["img/bigIcon/icon_olps_lv/spriteFrame",2,1],"272":["img/thor_actionBar/dl_olps_btn_auto/spriteFrame",2,1],"273":["car/thor_huozhu/texture",1,1],"274":["img/guize_olps_2/spriteFrame",2,1],"275":["car/icon/thor_anim_wild_red7/texture",1,1],"276":["car/thor_role15/texture",1,1],"277":["img/thor_actionBar/dl_olps_icon_stop_1/spriteFrame",2,1],"278":["car/animation_add_odds",3,1],"279":["font/font_rate",7,1],"280":["font/font_win_blue_0/texture",1,1],"281":["font/font_win_blue_0/spriteFrame",2,1],"282":["car/icon/thor_anim_wild5/texture",1,1],"283":["car/thor_role10/texture",1,1],"284":["img/bg_olps_yuansukuang/spriteFrame",2,1],"285":["font/font_win_blue",7,1],"286":["img/smallIcon/icon_olps_tubiao_xiao_shalou/spriteFrame",2,1],"287":["img/thor_actionBar/dl_olps_btn_kuai_0/spriteFrame",2,1],"288":["img/smallIcon/icon_olps_tubiao_xiao_shengbei/spriteFrame",2,1],"289":["img/bigIcon/icon_olps_scatter/spriteFrame",2,1],"290":["font/font_beli_0/texture",1,1],"291":["font/font_beli_0/spriteFrame",2,1],"292":["car/thor_blow",5,1],"293":["img/KAMU MENANG/spriteFrame",2,1],"294":["img/thor_actionBar/dl_olps_btn_autoSPINSETTING/spriteFrame",2,1],"295":["car/icon/thor_anim_wild_blue/texture",1,1],"296":["car/thor_jinbiyu/texture",1,1],"297":["prefabs/prefab_thor_header_new",8,1],"298":["img/icon_olps_weixuan/spriteFrame",2,1],"299":["car/thor_sd1112/texture",1,1],"300":["car/icon/thor_anim_wild3/texture",1,1],"301":["car/thor_shandian7/texture",1,1],"302":["bg_olps_loading/texture",1,1],"303":["bg_olps_loading/spriteFrame",2,1],"304":["car/thor_role3/texture",1,1],"305":["img/bigIcon/icon_olps_shengbei/spriteFrame",2,1],"306":["img/btn_olps_giuze_you_0/spriteFrame",2,1],"307":["car/layertopng22/texture",1,1],"308":["img/guize_olps_3/spriteFrame",2,1],"309":["img/FERR SPINS/spriteFrame",2,1],"310":["img/thor_actionBar/dl_olps_btn_shezhi/spriteFrame",2,1],"311":["car/hw_thor_tanchuag3/texture",1,1],"312":["img/thor_actionBar/di_olps_btn_CONFIRM/spriteFrame",2,1],"313":["car/animation_up",3,1],"314":["car/thor_role11/texture",1,1],"315":["car/icon/thor_anim_wild_blue2/texture",1,1],"316":["img/DURING FERR SPINS/spriteFrame",2,1],"317":["car/icon/thor_anim_wild_red3/texture",1,1],"318":["img/smallIcon/icon_olps_tubiao_xiao_huang/spriteFrame",2,1],"319":["car/layertopng",5,1],"320":["car/thor_role6/texture",1,1],"321":["img/bg_olps_belibox/spriteFrame",2,1],"322":["img/icon_dt_loading_0/spriteFrame",2,1],"323":["img/icon_kaiguan_duihao/spriteFrame",2,1],"324":["img/bg_olps_zhuanpanbox1/texture",1,1],"325":["img/bg_olps_zhuanpanbox1/spriteFrame",2,1],"326":["img/word_loading_blue_1/spriteFrame",2,1],"327":["img/freebox/spriteFrame",2,1],"328":["img/thor_actionBar/dl_olps_btn_xiazhujia_0/spriteFrame",2,1],"329":["img/thor_actionBar/dl_olps_zi_spin/spriteFrame",2,1],"330":["img/bigIcon/icon_olps_hongguangquan/spriteFrame",2,1],"331":["img/img_introduce_title/spriteFrame",2,1],"332":["img/icon_kaiguan_jiantou/spriteFrame",2,1],"333":["img/bigIcon/icon_olps_zi/spriteFrame",2,1],"334":["car/icon/thor_anim_wild_red6/texture",1,1],"335":["font/shuzi_xiazhujine_0/texture",1,1],"336":["font/shuzi_xiazhujine_0/spriteFrame",2,1],"337":["car/icon/thor_anim_wild_blue4/texture",1,1],"338":["car/icon/thor_anim_wild_blue5/texture",1,1],"339":["car/animation_win_gold",3,1],"340":["img/smallIcon/icon_olps_tubiao_xiao_jiezhi/spriteFrame",2,1],"341":["img/thor_actionBar/SOUND/spriteFrame",2,1],"342":["img/bigIcon/icon_olps_huangguan/spriteFrame",2,1],"343":["img/thor_actionBar/dl_olps_btn_xiazhujia/spriteFrame",2,1],"344":["car/hw_thor_tanchuag4/texture",1,1],"345":["bg_olps_3/texture",1,1],"346":["bg_olps_3/spriteFrame",2,1],"347":["img/bigIcon/icon_olps_ziguangquan/spriteFrame",2,1],"348":["car/icon/thor_icon_3/texture",1,1],"349":["car/thor_shandian3/texture",1,1],"350":["car/layertopng24/texture",1,1],"351":["img/thor_actionBar/dl_olps_icon_stop/spriteFrame",2,1],"352":["img/btn_olps_giuze_zuo_0/spriteFrame",2,1],"353":["car/thor_shandian5/texture",1,1],"354":["img/thor_actionBar/dl_shezhi_kai/spriteFrame",2,1],"355":["img/thor_actionBar/tishi_4/spriteFrame",2,1],"356":["car/layertopng11/texture",1,1],"357":["car/layertopng7/texture",1,1],"358":["img/thor_actionBar/tishi_1/spriteFrame",2,1],"359":["img/zi_olps_TUMBLE/spriteFrame",2,1],"360":["car/layertopng25/texture",1,1],"361":["car/icon/thor_icon_2/texture",1,1],"362":["img/zi_olps_BELI PERMAINAN/spriteFrame",2,1],"363":["img/word_loading1/spriteFrame",2,1],"364":["car/icon/thor_icon_4/texture",1,1],"365":["car/thor_blow3/texture",1,1],"366":["car/icon/thor_anim_wild_red5/texture",1,1],"367":["car/icon/animation_autoLauncher_down",3,1],"368":["img/bigIcon/icon_olps_shalou/spriteFrame",2,1],"369":["img/bigIcon/icon_olps_hong/spriteFrame",2,1],"370":["img/smallIcon/icon_olps_tubiao_xiao_huangguan/spriteFrame",2,1],"371":["img/thor_actionBar/dl_shezhi_guan/spriteFrame",2,1],"372":["car/layertopng2/texture",1,1],"373":["img/bg_olps_zhuanpandi/spriteFrame",2,1],"374":["car/thor_shandian/texture",1,1],"375":["car/thor_shandian4/texture",1,1],"376":["car/thor_sd111",5,1],"377":["car/layertopng13/texture",1,1],"378":["car/icon/thor_anim_wild_green6/texture",1,1],"379":["car/icon/thor_scatter3/texture",1,1],"380":["car/huangseshandian/texture",1,1],"381":["car/thor_jiesuan",5,1],"382":["car/hw_thor_tanchuag",5,1],"383":["img/thor_actionBar/dl_olps_zi_auto/spriteFrame",2,1],"384":["car/layertopng5/texture",1,1],"385":["prefabs/prefab_thor_loading",8,1],"386":["img/guize_olps_4/spriteFrame",2,1],"388":["car/spine_guangquan",0,1],"389":["car/icon/thor_anim_wild_green4",0,1],"390":["car/thor_huojuranshao",0,1],"391":["car/hw_thor_tanchuag2",0,1],"392":["img/icon_dt_loading_1",0,1],"393":["car/layertopng20",0,1],"394":["car/icon/thor_anim_wild_red4",0,1],"395":["car/hw_thor_tanchuag",0,1],"396":["sound/superwin_ov",9,1],"397":["sound/ultimatewin_ov",9,1],"398":["img/btn_olpn_kaiguan",0,1],"399":["car/icon/thor_anim_wild_red2",0,1],"400":["img/thor_actionBar/dl_opls_zidongbox_dibox",0,1],"401":["car/thor_blow2",0,1],"402":["car/layertopng9",0,1],"403":["car/thor_jiesuan",0,1],"404":["img/bg_olps_bertaruhbix",0,1],"405":["img/thor_actionBar/dl_olps_btn_spin _1",0,1],"406":["sound/win1",9,1],"407":["img/thor_actionBar/dl_olps_winbox",0,1],"408":["img/btn_olps_guize_off",0,1],"409":["car/icon/thor_icon_7",5,1],"410":["car/icon/thor_anim_wild_blue",4,1],"411":["car/thor_huozhu3",0,1],"412":["car/layertopng23",0,1],"413":["car/thor_role13",0,1],"414":["car/icon/thor_anim_wild4",0,1],"415":["img/thor_actionBar/dl_olps_btn_guize",0,1],"416":["car/thor_shandian9",0,1],"417":["sound/wild_show",9,1],"418":["sound/thor_free_summary",9,1],"419":["img/thor_actionBar/di_opls_btn_zidong_1",0,1],"420":["common/icon_bank_gold",0,1],"421":["img/thor_actionBar/dl_olps_icon_spin_1",0,1],"422":["img/icon_kaiguan",0,1],"423":["car/icon/thor_hourglass",0,1],"424":["car/thor_role2",0,1],"425":["car/thor_shandian6",0,1],"426":["car/icon/thor_anim_wild_blue",5,1],"427":["font/font_win_0",0,1],"428":["img/thor_actionBar/dl_olps_btn_kuai_1",0,1],"429":["car/thor_huoquan",4,1],"430":["car/icon/thor_anim_wild7",0,1],"431":["img/thor_actionBar/dl_olps_btn_caidan",0,1],"432":["img/thor_actionBar/dl_olps_zi_goodluck",0,1],"433":["car/icon/thor_anim_wild_blue3",0,1],"434":["car/icon/thor_scatter",0,1],"435":["car/icon/thor_hourglass2",0,1],"436":["sound/win3",9,1],"437":["car/thor_huoquan2",0,1],"438":["img/btn_olps_giuze_zuo_1",0,1],"439":["img/bg_olps_tumblebox",0,1],"440":["sound/wild_flash",9,1],"441":["font/font_add_free_num_0",0,1],"442":["car/lanseshandian",4,1],"443":["car/thor_jinbi",0,1],"444":["car/thor_huojuranshao2",0,1],"445":["sound/epicwin_ov",9,1],"446":["car/icon/thor_anim_wild_green5",0,1],"447":["car/huangseshandian",4,1],"448":["car/layertopng8",0,1],"449":["car/icon/thor_anim_wild_green7",0,1],"450":["car/thor_role",4,1],"451":["car/hw_thor_tanchuag5",0,1],"452":["sound/bigwin_ov",9,1],"453":["img/thor_actionBar/dl_olps_jinebox",0,1],"454":["car/thor_jinbiyu",4,1],"455":["car/icon/thor_anim_wild",4,1],"456":["img/thor_actionBar/dl_olps_btn_likai",0,1],"457":["img/thor_actionBar/di_opls_btn_zidong_0",0,1],"458":["img/smallIcon/icon_olps_tubiao_xiao_hong",0,1],"459":["car/icon/thor_icon_7",0,1],"460":["img/thor_actionBar/dl_olps_btn_auto1",0,1],"461":["car/layertopng15",0,1],"462":["car/layertopng16",0,1],"463":["sound/scatter_show",9,1],"464":["car/thor_role12",0,1],"465":["car/layertopng6",0,1],"466":["car/thor_jiesuan",4,1],"467":["car/icon/thor_anim_wild6",0,1],"468":["img/btn_opls_mianfei_off",0,1],"469":["car/spine_guangquan2",0,1],"470":["car/icon/thor_hourglass",4,1],"471":["img/bg_olps_mianfeitishibox",0,1],"472":["car/thor_huoquan",0,1],"473":["car/thor_sd111",0,1],"474":["car/icon/thor_icon_1",0,1],"475":["img/icon_olps_xuanzhong",0,1],"476":["sound/drop_bottom",9,1],"477":["car/icon/thor_scatter",4,1],"478":["img_olps_bg",0,1],"479":["sound/win4",9,1],"480":["sound/reel_start",9,1],"481":["sound/buy_free_dialog_close",9,1],"482":["sound/win6",9,1],"483":["car/layertopng3",0,1],"484":["car/thor_huojuranshao",4,1],"485":["car/layertopng21",0,1],"486":["sound/sp_win",9,1],"487":["car/thor_sd111",4,1],"488":["sound/ani_spin",9,1],"489":["car/icon/hw_thor_icon_6",5,1],"490":["img/bigIcon/icon_olps_lvguangquan",0,1],"491":["car/layertopng12",0,1],"492":["img/thor_actionBar/dl_olps_box",0,1],"493":["img/thor_actionBar/dl_olps_btn_jia",0,1],"494":["car/spine_guangquan",4,1],"495":["car/icon/thor_scatter2",0,1],"496":["img/thor_actionBar/MUSIC",0,1],"497":["car/lanseshandian",0,1],"498":["img/zi_olps_GANDA",0,1],"499":["sound/minCoin",9,1],"500":["car/thor_shandian2",0,1],"501":["img/bg_mianfeiboxxiao",0,1],"502":["car/icon/thor_icon_5",5,1],"503":["car/icon/thor_anim_wild_green2",0,1],"504":["img/img_introduce_bg",0,1],"505":["sound/free_many",9,1],"506":["img/thor_actionBar/img_suto_bg",0,1],"507":["sound/maxCoin",9,1],"508":["car/icon/thor_anim_wild_green",0,1],"509":["car/icon/thor_anim_wild2",0,1],"510":["font/font_rate_0",0,1],"511":["img/zi_olps_BERTARUH",0,1],"512":["car/thor_huozhu",4,1],"513":["img/guize_olps_1",0,1],"514":["img/thor_actionBar/dl_olps_caicanbox",0,1],"515":["car/layertopng",0,1],"516":["car/icon/thor_icon_5",4,1],"517":["img/thor_actionBar/dl_olps_zi_stop",0,1],"518":["car/icon/thor_hourglass3",0,1],"519":["img/bg_olps_zhuanpanboxxin",0,1],"520":["img/bg_olps_zhuanpanboxxin/spriteFrame",2,1],"521":["car/layertopng17",0,1],"522":["car/thor_shandian8",0,1],"523":["car/thor_role14",0,1],"524":["img/thor_actionBar/dl_olps_btn_xiazhujian_0",0,1],"525":["car/thor_role8",0,1],"526":["car/icon/thor_anim_wild_blue6",0,1],"527":["img/thor_actionBar/dl_olps_icon_spin",0,1],"528":["img/zi_lanjutkan",0,1],"529":["sound/turn",9,1],"530":["img/thor_actionBar/dl_olps_btn_vip",0,1],"531":["img/btn_opls_mianfei_on",0,1],"532":["car/icon/thor_icon_5",0,1],"533":["img/word_loading2",0,1],"534":["sound/quick_stop",9,1],"539":["sound/win10",9,1],"540":["img/BELIPERMAINA GRATIS",0,1],"541":["sound/thor_smiles",9,1],"542":["sound/win8",9,1],"543":["car/icon/thor_scatter",5,1],"544":["car/thor_role9",0,1],"545":["car/layertopng4",0,1],"546":["car/icon/thor_anim_wild_green3",0,1],"547":["car/thor_role7",0,1],"548":["font/font_sgNum_0",0,1],"549":["img/rules_3",0,1],"550":["img/thor_actionBar/dl_olps_btn_xiazhujian",0,1],"551":["font/font_calulate_0",0,1],"552":["car/icon/thor_icon_3",4,1],"553":["sound/thor_free_bg",9,1],"554":["sound/sp_win_show",9,1],"555":["img/title_freespinsleft",0,1],"556":["img/thor_actionBar/dl_olps_btn_auto",0,1],"557":["car/thor_huozhu",0,1],"558":["sound/chooseNum",9,1],"559":["img/guize_olps_2",0,1],"560":["car/icon/thor_anim_wild_red7",0,1],"561":["car/thor_role15",0,1],"562":["img/thor_actionBar/dl_olps_icon_stop_1",0,1],"563":["font/font_win_blue_0",0,1],"564":["car/icon/thor_anim_wild_green",4,1],"565":["car/icon/thor_anim_wild5",0,1],"566":["car/thor_role10",0,1],"567":["img/bg_olps_yuansukuang",0,1],"568":["img/thor_actionBar/dl_olps_btn_kuai_0",0,1],"569":["car/icon/thor_icon_1",5,1],"570":["font/font_beli_0",0,1],"571":["car/thor_jinbi",4,1],"572":["img/KAMU MENANG",0,1],"573":["car/icon/thor_icon_1",4,1],"574":["sound/scattert_rigger",9,1],"575":["img/thor_actionBar/dl_olps_btn_autoSPINSETTING",0,1],"576":["car/icon/thor_anim_wild_blue",0,1],"577":["car/thor_jinbiyu",0,1],"578":["sound/superwin",9,1],"579":["car/thor_sd1112",0,1],"580":["car/icon/thor_anim_wild3",0,1],"581":["car/thor_shandian7",0,1],"582":["bg_olps_loading",0,1],"583":["car/thor_role3",0,1],"584":["sound/thor_free_dialog_wait",9,1],"585":["img/btn_olps_giuze_you_0",0,1],"586":["car/layertopng22",0,1],"587":["car/icon/thor_icon_4",4,1],"588":["img/FERR SPINS",0,1],"589":["img/thor_actionBar/dl_olps_btn_shezhi",0,1],"590":["car/hw_thor_tanchuag3",0,1],"591":["img/thor_actionBar/di_olps_btn_CONFIRM",0,1],"592":["sound/buy_rate_btn_click",9,1],"593":["car/thor_role11",0,1],"594":["car/icon/thor_anim_wild_blue2",0,1],"595":["img/DURING FERR SPINS",0,1],"596":["car/icon/thor_anim_wild_red3",0,1],"597":["sound/bell",9,1],"598":["car/thor_role6",0,1],"599":["img/bg_olps_belibox",0,1],"600":["img/icon_dt_loading_0",0,1],"601":["img/icon_kaiguan_duihao",0,1],"602":["img/bg_olps_zhuanpanbox1",0,1],"603":["img/word_loading_blue_1",0,1],"604":["car/icon/thor_icon_9",4,1],"605":["car/icon/thor_icon_2",4,1],"606":["car/icon/thor_icon_7",4,1],"607":["img/freebox",0,1],"608":["img/thor_actionBar/dl_olps_btn_xiazhujia_0",0,1],"609":["img/thor_actionBar/dl_olps_zi_spin",0,1],"610":["prefabs/prefab_thor_sg_box",8,1],"611":["sound/free_trans",9,1],"612":["img/img_introduce_title",0,1],"613":["img/icon_kaiguan_jiantou",0,1],"614":["sound/buy_free_btn",9,1],"615":["sound/per_hit",9,1],"616":["car/icon/thor_anim_wild_red6",0,1],"617":["font/shuzi_xiazhujine_0",0,1],"618":["sound/btn_click",9,1],"619":["car/layertopng",4,1],"620":["car/icon/thor_hourglass",5,1],"621":["car/icon/thor_anim_wild_blue4",0,1],"622":["car/icon/thor_anim_wild_blue5",0,1],"623":["car/icon/thor_anim_wild_red",5,1],"624":["img/thor_actionBar/SOUND",0,1],"625":["sound/epicwin",9,1],"626":["prefabs/prefab_thor_auth_launcher",8,1],"627":["img/thor_actionBar/dl_olps_btn_xiazhujia",0,1],"628":["car/hw_thor_tanchuag4",0,1],"629":["car/hw_thor_tanchuag4/spriteFrame",2,1],"630":["bg_olps_3",0,1],"631":["car/icon/thor_icon_3",0,1],"632":["car/thor_shandian3",0,1],"633":["car/layertopng24",0,1],"634":["img/thor_actionBar/dl_olps_icon_stop",0,1],"635":["img/btn_olps_giuze_zuo_0",0,1],"636":["car/thor_shandian5",0,1],"637":["img/thor_actionBar/dl_shezhi_kai",0,1],"638":["car/hw_thor_tanchuag",4,1],"639":["car/layertopng11",0,1],"640":["car/layertopng7",0,1],"641":["img/zi_olps_TUMBLE",0,1],"642":["car/layertopng25",0,1],"643":["car/icon/thor_icon_2",0,1],"644":["img/zi_olps_BELI PERMAINAN",0,1],"645":["img/word_loading1",0,1],"646":["car/icon/thor_icon_4",0,1],"647":["prefabs/prefab_thor_gameBoard",8,1],"648":["car/thor_blow3",0,1],"649":["car/icon/thor_anim_wild_red5",0,1],"650":["prefabs/prefab_thor_set",8,1],"651":["img/thor_actionBar/dl_shezhi_guan",0,1],"652":["car/layertopng2",0,1],"653":["img/bg_olps_zhuanpandi",0,1],"654":["car/thor_shandian",0,1],"656":["car/icon/thor_anim_wild_red",4,1],"657":["car/thor_shandian4",0,1],"658":["car/layertopng13",0,1],"659":["sound/win9",9,1],"660":["sound/ultimatewin",9,1],"661":["car/icon/thor_anim_wild_green6",0,1],"662":["car/icon/thor_scatter3",0,1],"663":["car/thor_blow",4,1],"664":["car/huangseshandian",0,1],"665":["img/thor_actionBar/dl_olps_zi_auto",0,1],"666":["car/layertopng5",0,1],"670":["sound/wildmultiplier",9,1],"671":["img/guize_olps_4",0,1]},"scenes":{},"packs":{"0193266cc":[53,64,90,143,144,207,208,232,233,279,319,325,48,346],"024fd5785":[198,291],"02fd1cfdc":[297,47],"037e4294b":[166,187,211,226,286,288,318,48,340,370],"050225280":[9,51,55,124,133,138,139,151,165,170,184,186,215,216,218,227,228,238,277,294,312,329,341,351,355,358,371,383],"053d4178d":[102,192,212,248,260,271,289,305,330,333,342,347,49,368,369],"05bcc547d":[37,43,52,61,54,116,119,115,387,95,96,97,141,142,145,146,148,163,168,183,188,202,203,204,206,214,5,230,231,229,237,273,275,276,75,65,87,99,103,93,128,156,171,179,180,182,196,200,209,217,219,242,22,257,261,267,111,132,134,135,136,178,191,195,210,223,224,239,243,246,247,253,536,63,127,152,159,176,221,12,256,259,104,126,157,172,181,190,194,21,77,56,98,158,241,108,173,240,258,283,280,282,290,295,300,301,302,304,296,299,307,311,314,317,320,315,324,338,334,335,337,350,353,357,345,348,349,356,344,360,361,364,365,366,372,375,379,380,374,378,377,384,668],"05e09edb6":[91,160,162,245,266,281,285,292,49],"05f7b0387":[62,376],"07aec9e90":[193,225],"07b1de9a1":[94,125,155,234,263,293,46,316,323,332,363,373],"07d9e2304":[169,268],"09da9076b":[4,6,131,199,205,220,252,46,298,308,359],"0a159fe7d":[153,47],"0a52de7ea":[15,177],"0b36192b0":[72,235,250,274,284,46,306,322,331,362],"0b415ba5c":[0,167,197,381],"0c097f050":[537,655],"0c7bb2b02":[303,385],"0d0b2360c":[137,140,174,175,201,222,254,255,270,46,309,321,326,327,352,386],"0db5b9c29":[76,124,149,265,336,669],"0ece02df5":[129,262],"0fadc4c47":[50,107,124,147,154,161,164,185,189,236,244,249,251,264,272,287,310,328,343,354],"0fcbd9e33":[150,46,382]},"versions":{"import":[],"native":[]},"redirect":[],"debug":false,"extensionMap":{".cconb":[130,17,213,269,278,313,339,367,538,92]},"hasPreloadScript":true,"dependencyRelationships":{},"types":["cc.ImageAsset","cc.Texture2D","cc.SpriteFrame","cc.AnimationClip","cc.Asset","sp.SkeletonData","cc.SpriteAtlas","cc.BitmapFont","cc.Prefab","cc.AudioClip"]}