{"importBase":"import","nativeBase":"native","name":"thorV2","deps":[],"uuids":["24bRl2ZOtEAYmTlk+7/iGf","00DRtC5HJMcaauP5l1sejH","00bmMYtFhCc5rgbhfcwKIt","02589b239","b5Mdxz83BOcoxC5EEKxtgS","c68frnKaFMg6PzgV6Ajmq+","ceu4EXmdFA0ps9LdvQTHiH","e24AncAwBA07VDzFO3BKzc","02vu6qAedBGqFzLxfBNhp1","02vu6qAedBGqFzLxfBNhp1@f9941","02/7E18SFBXYVxBDW8c7pC","02/7E18SFBXYVxBDW8c7pC@f9941","03vZeofMdAgbB79UYHDmZU","05DQfzR5tC1YlCowyuXtRt","05Xd6bqOxDG79dtXxEsVlH","06BWgzCz9K1pcLyr7VZFoV","06eO10NDpJ4opTm6+Zpc7d","066Bk0vzZNS7Nzo5+LQhTW","066Bk0vzZNS7Nzo5+LQhTW@6c48a","07VTrjeTRPJo17TqWVzWUa","07VTrjeTRPJo17TqWVzWUa@6c48a","07ZLR4qF1M0LGKcwCudav9","07ZLR4qF1M0LGKcwCudav9@f9941","09BTEtY8BMkqvPxkQjOES6","09JwelgnxGO52K4b4lpy63","09JwelgnxGO52K4b4lpy63@6c48a","09XVrsHbVHuIsOdhT7FvIH","09XVrsHbVHuIsOdhT7FvIH@6c48a","0a3CAdpVNLgal/KMyiLTvS","0a3CAdpVNLgal/KMyiLTvS@6c48a","0c0FQ9EeJHbInaJJcZUDHe","0c0FQ9EeJHbInaJJcZUDHe@6c48a","0dM7AQCm9LToVegvbL08hU","0dXAQOldhIUa3KnU0lZ1PH","0dXAQOldhIUa3KnU0lZ1PH@f9941","0dkj0zcB5DD6MWh0U91KVd","0dkj0zcB5DD6MWh0U91KVd@f9941","0d3KfZ2p5JW5XZuV961sCE","0d3KfZ2p5JW5XZuV961sCE@6c48a","0d3Q6C8K5AEazWAdGVrfXX","0d3Q6C8K5AEazWAdGVrfXX@6c48a","0eJQHay9RDmpZFMqk9JWxL","0e8JqjbtxMrqEQMh6IzxOT","0e8JqjbtxMrqEQMh6IzxOT@6c48a","100TkOYfNHQ4pCSC6sBQft","100TkOYfNHQ4pCSC6sBQft@f9941","11JZjKvcFGhKL8DCmmpya/","11JZjKvcFGhKL8DCmmpya/@6c48a","11axl8nmJEjISqnR/AME1k","11oIsnzQNCdqjKTJK3tSDg","111lbGcXdJMqcTlznx8lp9","111lbGcXdJMqcTlznx8lp9@f9941","114MB7NK9CUabHeuSRThmI","12JrmMl3RDBIT0cnvnENxm","12JrmMl3RDBIT0cnvnENxm@6c48a","12kdzP+KpOm78sau0MVXwN","12niKrIYxDvoagjlbU++85","12pojlXxdKOJ8UQv+/7/TH","12pojlXxdKOJ8UQv+/7/TH@6c48a","12t7a/BCJOZZ/fGwn01au0","12t7a/BCJOZZ/fGwn01au0@6c48a","12t7a/BCJOZZ/fGwn01au0@f9941","13cL6tzZxE75MAJFG37Iie","14GrpgGtNPApqYn8BjSBkj","14dq+fO7hBMq+9wUO41cSd","14jVkZ7a9CJbraOtOgmvWE","14nSv09QVABZg9vZebaJfD","16SuwCB4VKjYCPqClmLVIc@f9941","16iS1YS9xBTocjWgMrioSr","17pIIGW8tJe5/Y/DIjTTH2","17pIIGW8tJe5/Y/DIjTTH2@f9941","18oOwjbYpGk5bg6tSAkSGr","18oOwjbYpGk5bg6tSAkSGr@6c48a","189CkAZLBHnJfqZ151ryTe","189CkAZLBHnJfqZ151ryTe@6c48a","1bKk9vevxFKbi7/ibmHbcd","1caDbolqJOwIhd3CRclrJE","1chuV3AztMarvjiL8HU6Np","1chuV3AztMarvjiL8HU6Np@6c48a","1cueNa8FlB/IzDbvxhGbMV","1cueNa8FlB/IzDbvxhGbMV@f9941","1eZtc1hh9NCKEH5L/8dWAR","1eZtc1hh9NCKEH5L/8dWAR@6c48a","1e/u56Rz1Oj5L7CtJ/1Ub+","1e/u56Rz1Oj5L7CtJ/1Ub+@6c48a","1f/1aiMqdNM7U4iV3i2d6k","1f/1aiMqdNM7U4iV3i2d6k@6c48a","20BCK++SFCcoJ3gH8GM0GT","20BCK++SFCcoJ3gH8GM0GT@6c48a","20K7fK3NtDopunCA8fYns2","20K7fK3NtDopunCA8fYns2@f9941","20k3sc1cZJcLdJ6tJEms1v","20k3sc1cZJcLdJ6tJEms1v@6c48a","21WPG+UfdJ+6y+fgFcAI8O","21WPG+UfdJ+6y+fgFcAI8O@6c48a","21u4lCdURIUpJK3/CEVAe2","21u4lCdURIUpJK3/CEVAe2@6c48a","22B1S//9lA+rZBSUbrL8mw","22U0LcITdH5rNSVdst/bNI","23BJpapVRMrLUetUvFRl2a","23L9AyEvhLmZPRIrSbCs2A","24OvJs6SRFwIuyJ/wJqLHb","24OvJs6SRFwIuyJ/wJqLHb@f9941","24jCDSYYZHE4RTr2XKiHGH","24jCDSYYZHE4RTr2XKiHGH@6c48a","244UojQyJIYYSHH3pSHCrd","244UojQyJIYYSHH3pSHCrd@f9941","25H5X4DndEyYmXsYir5i0/","25H5X4DndEyYmXsYir5i0/@6c48a","25mm5nHIxJIatNns/OvUHg","25mm5nHIxJIatNns/OvUHg@6c48a","26PWazcZZIdq8J54a+dHRt","26PWazcZZIdq8J54a+dHRt@6c48a","26rnjiMB5IFb7nz0TKfB2B","26rnjiMB5IFb7nz0TKfB2B@f9941","27oVUaQMtEy77n+etqtSHK","27oVUaQMtEy77n+etqtSHK@f9941","28avTgPhVBs5VyaaInZoHf","29Fox0/bxF9LBs3lm9A4DF","29Fox0/bxF9LBs3lm9A4DF@f9941","29ZvXvPNJGGL6CQOvS9jMu","29ZvXvPNJGGL6CQOvS9jMu@f9941","2955GP52xO/7g/E7BKB+b8","2aIjNg2ZNGMKXu+myMnvA1","2bMDrUkO9GdrMZ8Ge9f2xE","2bMDrUkO9GdrMZ8Ge9f2xE@6c48a","2b62Wgzz1Iq51F5OIjvkW/","2b62Wgzz1Iq51F5OIjvkW/@6c48a","2cztQCD2ZCN4sUVW8ud/Tr","2dEu2aCPBAh5wy7Mop042O","2dGEHrVIBCVIxlleE+KPQp","2dGEHrVIBCVIxlleE+KPQp@6c48a","2d+JBhWy9P55j6oJE4vEYz","2d+JBhWy9P55j6oJE4vEYz@6c48a","2edBtt5exBOZH4ChWp59Cs","2edBtt5exBOZH4ChWp59Cs@f9941","2e5q+lGv5NHIM6eNVeWn6P","2e5q+lGv5NHIM6eNVeWn6P@6c48a","2e+OHTa11F6K23EZ30MYgC","2fT4qza9RJv4Hen/aQNA43","2fbw+4dvFDG4Gxnje/odiA","30YNR9EqtI4J5McEoHhvNf","31U40nkxNHGbxwveeC07A/","31U40nkxNHGbxwveeC07A/@f9941","31U6kFL31IUKBKJAMDsx2g","31U6kFL31IUKBKJAMDsx2g@6c48a","31U6kFL31IUKBKJAMDsx2g@f9941","32YedVcgFAeY4zeX7tio4f","32YedVcgFAeY4zeX7tio4f@f9941","33yFIvv11CKYYQ4mffmEp6","33yFIvv11CKYYQ4mffmEp6@f9941","33/+TNUYVMXYWyqud0YC11","33/+TNUYVMXYWyqud0YC11@6c48a","34BWpb+SlDW5bGv6/DT8Ql","34BWpb+SlDW5bGv6/DT8Ql@6c48a","36VGntW+JBzrMjrYGST42q","36VGntW+JBzrMjrYGST42q@6c48a","37ShVqAtpOLr962x6zq11s","37ZOK8OsRNJKiuzifG19eW","37ZOK8OsRNJKiuzifG19eW@6c48a","37ZOK8OsRNJKiuzifG19eW@f9941","372+LJidZE8J6mrpjoBcVj","372+LJidZE8J6mrpjoBcVj@f9941","38kvQiOftHQ6QhvsqAQsQE","3ai4BOomROsoTBFFlW7/pX","3a/+75UJFDmbbnCAZAggQw","3a/+75UJFDmbbnCAZAggQw@6c48a","3bEsdPVJ5GY7/T/aZsdCp4","3bEsdPVJ5GY7/T/aZsdCp4@f9941","3beFgS0+JETpJS72qk/1XB","3beFgS0+JETpJS72qk/1XB@f9941","3b3uwwe+VPzZeAFJnV7s/s@f9941","3dGY6oCKZPoZMJzfiIGkYK","3dcAo7VzBDELMx8tBlCv8X","3dcAo7VzBDELMx8tBlCv8X@6c48a","41KedoF49C9KEueuB11KiG","41YvPTIhBN1ou0zigaBI/i@f9941","41uOzMYlxERK4EEWELx9tM","41uOzMYlxERK4EEWELx9tM@6c48a","42QAuUo+JAfoKY2FGgoaBt","42QAuUo+JAfoKY2FGgoaBt@6c48a","42TgLQpyZCIasesfDeme3p","42lYBmk0BBVZJ7wL6l6t49","42lYBmk0BBVZJ7wL6l6t49@6c48a","43f83jmc5JX4gFdLLQmiZx","43f83jmc5JX4gFdLLQmiZx@f9941","43tKPBLjZFUZIqhxq5mTC9","43tKPBLjZFUZIqhxq5mTC9@f9941","44J4FjrKZLx7Wn8utjIh1Z","45BPL/le5OLKE2TmzT5gU7","45BPL/le5OLKE2TmzT5gU7@6c48a","45BPL/le5OLKE2TmzT5gU7@f9941","45NY75S3tEWKMwbBPlg1/n","45bi2UImpOaqKzIk5QGbUD","45bi2UImpOaqKzIk5QGbUD@6c48a","453/5O7ZxJ7oRspoU3FxLt","453/5O7ZxJ7oRspoU3FxLt@6c48a","46xdPZvZ5PI51GuM7w6585","479XLKKP1PGJ+VoSRA/jDQ","479XLKKP1PGJ+VoSRA/jDQ@6c48a","48aZEZHvBAB4SkW1iuLrQP","48k3orB+VKA6fBbyigR9Wc","48k3orB+VKA6fBbyigR9Wc@6c48a","486ZSJVxFM/qOOhOhFIHie","486ZSJVxFM/qOOhOhFIHie@6c48a","4aPLj8/KJEVaa4HtJv1HMd","4aQuquZQ9PerxY2k+GunCp","4aQuquZQ9PerxY2k+GunCp@6c48a","4cpCFpns9A86OwiSP0cfyc","4c1/x+WydNlasUtlQjIFrh","4c1/x+WydNlasUtlQjIFrh@f9941","4dI0n3H/BGaoqz7hD4wdPj","4d8CX3bttIs7N74gL9bbAn","4eMTqHPghK76ae10HJ9qmY","4eMTqHPghK76ae10HJ9qmY@f9941","4fAH/67klFb6X8HB0OxWaJ","4fAH/67klFb6X8HB0OxWaJ@f9941","4fCJHaKMZDlIeB7F6dS7ox","4fCJHaKMZDlIeB7F6dS7ox@f9941","4fH/hheZZKQ7I4HfJont6k","4fH/hheZZKQ7I4HfJont6k@6c48a","4feLQQxCJPCYw3geQA8uov","4feLQQxCJPCYw3geQA8uov@f9941","51GI98lz1K1ZjZZIrdiCC7","51GI98lz1K1ZjZZIrdiCC7@6c48a","52P2upCTFBBoj5UsZI1Con","52P2upCTFBBoj5UsZI1Con@6c48a","53Abqf4zhJdL+r5sHO6rmX","53QI1gCqtM9YDPdDSJkHjh@f9941","53boAsYJ1C8YaYL7griTDs","54Aj/NxdZH4aV7gaLMHu1Z","54Aj/NxdZH4aV7gaLMHu1Z@6c48a","54T+ffnFhO86s6pd2Edz5M","54T+ffnFhO86s6pd2Edz5M@6c48a","54iVLWB0NEXrfRJjgY++dY","54vxAKXfVD67HJ97K+vC76","54vxAKXfVD67HJ97K+vC76@6c48a","55LoBdRxxGm5Tulwhi6Kiy","56+u1IW2FBpIZ7EKHSpa/W","585nX9asdAZ4GRv6Jhm3dP","585nX9asdAZ4GRv6Jhm3dP@f9941","588nM8noFArIki2+uJKWrY","588nM8noFArIki2+uJKWrY@6c48a","5auE/bsatPwY4wlOKnAzYF","5bB6m9eyZHBo2mD1IfYTpt","5bB6m9eyZHBo2mD1IfYTpt@f9941","5c0DgrYlVI+4GqMe4+es9e","5c0DgrYlVI+4GqMe4+es9e@6c48a","5dzz5fvetLWaxSq2BBW3q8","5dzz5fvetLWaxSq2BBW3q8@6c48a","5d1LdNJ0hCYquEEQeCcok2","5d1LdNJ0hCYquEEQeCcok2@6c48a","5eSe8tj/BK05x+7xB5c6r8","5eSe8tj/BK05x+7xB5c6r8@f9941","5e68M2pZhMm7KLoPXWXvae","5fE2SMOBVOCJODtuuXJNax","5fKUBWXCRCkLyWQMZ0EvJb","5fKUBWXCRCkLyWQMZ0EvJb@6c48a","5fKUBWXCRCkLyWQMZ0EvJb@f9941","5fnyRRgMxCpaFS+c6Fh67o","5fpIfyJfFG65tNGC+4Qt5W","60nIO+B0tKBYyzbAm9Y6AV","61mf39tedIBaZrpniylpux","63vMxJqzxBtqRXC9tb0CK3","64t55JyvdFMLStWhIIBiof","64t55JyvdFMLStWhIIBiof@6c48a","67/6xDM49P2owhkQdKBCvU","68bPlAicBBTY/DM+rm7COT","68bPlAicBBTY/DM+rm7COT@6c48a","68xLPI1cFCpKHC2pFtmUYx@f9941","697FEO8yRMzYvfSXhDBJZk","6aQogJZmZAcZqN6GTUD4Ym","6an1Ls/1lHaZPnCqMZuQYf","6atrW3jCxCQqM3Sk0NsM1a","6bRlYdckJIrLn5ZQlf0HWn","6bRlYdckJIrLn5ZQlf0HWn@f9941","6clQv4CopG9ZW9PecbHJiR","6dVvFAuVpBH6g4g/H7/vyR","6dVvFAuVpBH6g4g/H7/vyR@6c48a","6exBlNCwxBDaREDQxoRXGr","6exBlNCwxBDaREDQxoRXGr@f9941","6e0qGyhe9NQoeeJTpAnRZl","6e0qGyhe9NQoeeJTpAnRZl@f9941","6f/CYKsStOOpw3zbuRbE5E","706I1V3wJDZ79AgdU5u9+o","706I1V3wJDZ79AgdU5u9+o@6c48a","707uOwSsNIvrNQHfjjFrv/","707uOwSsNIvrNQHfjjFrv/@f9941","71wH7NELNKXYN1t7LyRsx2","71wH7NELNKXYN1t7LyRsx2@6c48a","72D6oGz7FF5LLiP6mS0wXx","72D6oGz7FF5LLiP6mS0wXx@f9941","73bbD0cm1I/qJVgkAB3Ng2","73gO/6gVxCfLfQ6sEqmMSK","73gO/6gVxCfLfQ6sEqmMSK@6c48a","75Q8QpI8ZDX4ZmAW4Ddsiu","75Q8QpI8ZDX4ZmAW4Ddsiu@f9941","75x18VWdNEr4jmzv2jbbOk","76CunO81NHPYuABSZnhEQg","76CunO81NHPYuABSZnhEQg@6c48a","76HxRI6AVLqIsK6jBxtcux","76HxRI6AVLqIsK6jBxtcux@6c48a","76HxRI6AVLqIsK6jBxtcux@f9941","76ze0/bIFBKY1gNLzjJVah@f9941","761VIAUe1P56M9TGEq1O4Z@f9941","77Rq/+3VRIQL0okAOt6EuJ","77i9OD74RDpanaBGKNciQN","77i9OD74RDpanaBGKNciQN@f9941","780Y2fOdNPLaRjx3dh3WY1","7aljlCfLZE/5boCWTgwfpx","7aljlCfLZE/5boCWTgwfpx@6c48a","7angMY+9xHJIYneocu8X7V","7angMY+9xHJIYneocu8X7V@6c48a","7anv+FradBFJJwAl7Ij40n","7anv+FradBFJJwAl7Ij40n@6c48a","7anv+FradBFJJwAl7Ij40n@f9941","7aw4SCbftGqq+XRl2BXtDT","7ay85AGm9G9JA59Qr//7+O","7ay85AGm9G9JA59Qr//7+O@f9941","7bJV7pNKVGNIXbOAE4XSe7","7cNLXpXPFHQouea2cdZ5Vb","7cNLXpXPFHQouea2cdZ5Vb@f9941","7cYpbGs+REkLKdbrgoeckc","7cYpbGs+REkLKdbrgoeckc@f9941","7d5IMvdIdNKJ4TwbvVu0Td","7d5IMvdIdNKJ4TwbvVu0Td@6c48a","7fvF/+GoRFT7P+jEbH9l6g","7f0aDAiFdOtLZ0yYCFCSs2","7f0aDAiFdOtLZ0yYCFCSs2@f9941","81XEPVEMVPNpejw31kfcDV","81XEPVEMVPNpejw31kfcDV@6c48a","83eHkYHltMbYPJg98YYy/h","83eHkYHltMbYPJg98YYy/h@6c48a","83eHkYHltMbYPJg98YYy/h@f9941","83h1TpeupDQ7agIKtwBs4O","83h1TpeupDQ7agIKtwBs4O@6c48a","837MlTUDlMeLVT3yDR/Ux8","837MlTUDlMeLVT3yDR/Ux8@6c48a","86SqRJVONK7LW6bJiyigaJ","86SqRJVONK7LW6bJiyigaJ@6c48a","86nzCfoUtBCZRlHFYUOfDs","86nzCfoUtBCZRlHFYUOfDs@f9941","89Tj1d89RDsIC4yt4M9P3G","89a6COFIFFl6U7DPeeQIgL","89a6COFIFFl6U7DPeeQIgL@6c48a","89fPPZNH9AkZhluIGZKG2T","89fPPZNH9AkZhluIGZKG2T@6c48a","89fqIym81Baq6BtCvaanVD@f9941","89jGn5KVZJHrzWeweWwZWw","89jGn5KVZJHrzWeweWwZWw@f9941","8cQaph8WpBBqNLQTCFrRIB","8cQaph8WpBBqNLQTCFrRIB@f9941","8csW4HmK5AMbEk1KoLLjtN","8eAGrE8utFtZidHhqPn9MS","8eAGrE8utFtZidHhqPn9MS@f9941","8etIA5MKxJ3peDjV9bklda","8etIA5MKxJ3peDjV9bklda@f9941","90HJ530g5Fn47kHRWTNAvU","90HJ530g5Fn47kHRWTNAvU@6c48a","91ATqQ1QxHA4cER5h1ZwQg","91ATqQ1QxHA4cER5h1ZwQg@f9941","919XeJv/hERJBIsSU1GT8P","94ga67HUxAkaey7HXlyZzE","94p+JR/3ZGTYAyWEKOt6Ch","94p+JR/3ZGTYAyWEKOt6Ch@f9941","94qgXpRKpKFIKuCbZUKwgn","942yPe8tVI+oWes011hWdE","94723L3u5Ls7Vs9gmQK6a0","95MOjPnctCGLbMhGjlonqf","95MOjPnctCGLbMhGjlonqf@6c48a","951batoUVMBLiauY6ddGNl","951batoUVMBLiauY6ddGNl@6c48a","97R5JwJ7ZDvJCDdlvo65jw","97R5JwJ7ZDvJCDdlvo65jw@6c48a","97ZMxPizxJuoYezSmZsNkm","97ZMxPizxJuoYezSmZsNkm@6c48a","97eWrBtaJH6I9i/QNAULsI@f9941","97+PhPcnlEp7JYcaBbtCGx","97+PhPcnlEp7JYcaBbtCGx@6c48a","97+PhPcnlEp7JYcaBbtCGx@f9941","98FjYcOnVNJJbY/mGTx4Ts","98FjYcOnVNJJbY/mGTx4Ts@f9941","98U3sNvzlJfLuxkjju6N3V","98U3sNvzlJfLuxkjju6N3V@f9941","98Y8AxKBJHQIa9LIlFSWiI","99eyZAHRpAxYjg2Qq+2oQY","990fqE1HNIx5E80MoTugmq","990fqE1HNIx5E80MoTugmq@6c48a","990fqE1HNIx5E80MoTugmq@f9941","9ahRrJPypCi7aonXEJ7D2l","9bPEPlfDRCkbki8MKVlGcx","9b1bRBallFobEFF5K51xp+","9ceCS6rstKL5mHaXRJd7ti","9cojZyBm1KVYGlYUdg+ox8","9cojZyBm1KVYGlYUdg+ox8@f9941","9eK9risYlPNI/Yo5DYcJQ+@f9941","9eVEbM6itAzKQRP021xwPF","9eVEbM6itAzKQRP021xwPF@f9941","9eeZ7uazJCIbfb1wdOxGOh","9eeZ7uazJCIbfb1wdOxGOh@6c48a","9etxLt+2VGFKHIMU74LI8/","9e13Ou2WJGG4N9CgDrY/VV","9e13Ou2WJGG4N9CgDrY/VV@f9941","9fMcgunudJ6IY/qJUapM6w","9fMcgunudJ6IY/qJUapM6w@6c48a","9f+0XVJD9NxovXrIKybeks","9f+0XVJD9NxovXrIKybeks@6c48a","a0HsoScAlGFoJ9L++tOVfF","a0HsoScAlGFoJ9L++tOVfF@f9941","a1B0hJwAtOxpPT3jM7+AAZ","a2auT2n9hCXbZp7ffS606a","a2c1yLlEdKpYYVA1VBf2TT","a2c1yLlEdKpYYVA1VBf2TT@6c48a","a2c1yLlEdKpYYVA1VBf2TT@f9941","a3Ii4v9rJH9Jc//aLILsCV","a3aZIwaoxLHZg3qt5EVYHj","a3aZIwaoxLHZg3qt5EVYHj@6c48a","a32WCJmzJLCKsVQ8WRyaVO","a32WCJmzJLCKsVQ8WRyaVO@6c48a","a5FqDDPKpC+rzk21U29nO6","a5FqDDPKpC+rzk21U29nO6@f9941","a7R3O001lMhaKAiphOWSnX","a8Rv+YJdNPEocqs/LUmqBp@f9941","aaldj71WJN1ZDQhs5s+D82","aaldj71WJN1ZDQhs5s+D82@f9941","aa8MEM1vVHiL/YQGp4A9Ng@f9941","abDYauj7RDYaheXgtzxLIX","abmp0xSflGuY/uycW+iSMb@f9941","acax9YbSlDPbcX36SDZ1Nr","acax9YbSlDPbcX36SDZ1Nr@6c48a","acax9YbSlDPbcX36SDZ1Nr@f9941","acmXLH9hVAfIpiqQor8A++","admVUOPDtIhJUD/OQX1IMQ","adrumm7xhEuYG1w5IcEA9l","adrumm7xhEuYG1w5IcEA9l@f9941","ad60kiz3dLjJmPnX6EA1R6","ad+IB4/SBEoLTQROvjLvWu","b1ZMt/ULVIgITQxOXAc/mT","b1ZMt/ULVIgITQxOXAc/mT@f9941","b1wThwqNNEVJOgbqCW8kzM","b1wThwqNNEVJOgbqCW8kzM@6c48a","b3auwOEW5GT5kubRYr5i14","b3auwOEW5GT5kubRYr5i14@6c48a","b5DGqtcD1O56aSnOuizy8t","b5RZlrtBpDaoL9PiTrgBE0","b6W1jM1X1O+LjuUM8wlLB1@f9941","b6iulRp+9JvI/v+QY0g0JK","b6iulRp+9JvI/v+QY0g0JK@6c48a","b7tSKik05AY4n1k/UYsJxI","b7tSKik05AY4n1k/UYsJxI@6c48a","b78VohRjhFFLQ+gwni9DTE","b78VohRjhFFLQ+gwni9DTE@6c48a","b8tGRNP4NPpafjjKZ5eJv8","b8tGRNP4NPpafjjKZ5eJv8@6c48a","b8tGRNP4NPpafjjKZ5eJv8@f9941","b87GMszFpDE5UMv+0DlkiP","b87GMszFpDE5UMv+0DlkiP@6c48a","bal58/dKVG0o3efOGu1eBG","bbQQAIw1RA3KZj6nV0Aztv@f9941","bb4GqUAQdJe5nsibud2cCc","bb4GqUAQdJe5nsibud2cCc@f9941","bcX69zWURBy6B025+d7r3L","bcX69zWURBy6B025+d7r3L@6c48a","bdGyBEnmVIWahyFjgQQ3lr","bdINrKdSdEP4unxjeNyT6j@f9941","bdNrDYhphE3o6E/cDj/Hgx","bdNrDYhphE3o6E/cDj/Hgx@f9941","beQYQdxgFN8YSooKlT96SK","beQYQdxgFN8YSooKlT96SK@f9941","beh2t8pzVHdrve+UKqHCno","beh2t8pzVHdrve+UKqHCno@6c48a","bfFye3TIJBBoZ/fjXrxLDR","bfFye3TIJBBoZ/fjXrxLDR@f9941","c1By9KMzlN3KLW69fJ6+5z","c2TadDfHpAUo0EFqt/rUJc","c63lHumSdJNoi2TJlAt6nW","c63lHumSdJNoi2TJlAt6nW@6c48a","c7UbI7X15OlLKcMFkSEhc3","c7UbI7X15OlLKcMFkSEhc3@6c48a","c7nFU3BbRF7LQCrsa+I4bY","c7nFU3BbRF7LQCrsa+I4bY@f9941","c7664VpYtHr7mocG92dvR4","c7664VpYtHr7mocG92dvR4@6c48a","c8CxEXVApHWog8xzu4z1Oo","c8JDQLK+1PRZi5t5GO9RGx@f9941","c8PPpbCsRKz6mZxrw+5FVe","c8ptqILxxKHKlH1Yv99G2H","c8ptqILxxKHKlH1Yv99G2H@6c48a","c9DYxnYO9MMKiXkICjeYb1","c9DYxnYO9MMKiXkICjeYb1@f9941","c9JD5K3k5AtolhhzKJdZ4I","c9JD5K3k5AtolhhzKJdZ4I@f9941","c9T5Dpkg5FbZY/GcVE8ASj","c9T5Dpkg5FbZY/GcVE8ASj@f9941","caDdAgeXlISJB7A+2sjXWJ","caDdAgeXlISJB7A+2sjXWJ@6c48a","caDdAgeXlISJB7A+2sjXWJ@f9941","ca5tzqm7FLd7yxk6mlz6VH","ca5tzqm7FLd7yxk6mlz6VH@f9941","cbY/5GUYlH8qCD6XkIfGAO","cb3ue3M7NO9K8iSvK80W6O","ccCi5chYxNcptYnZf5ll9c","cc0fKteIdIALswTvnStooY","cc0fKteIdIALswTvnStooY@f9941","ceD2iYmtpOOrNlx6hLUifu","ceD2iYmtpOOrNlx6hLUifu@f9941","d0vB0MD5JI0bXK11f5LNcM","d0vB0MD5JI0bXK11f5LNcM@f9941","d1xhhxCEpKd6bszO4/ZVBf","d2G6N3Pc1Hsq7cXMVGrO5/","d22V4G+CNA8bYOjM30/RR3@f9941","d3VNavWVtE+rgs3HH6clOv","d3VNavWVtE+rgs3HH6clOv@f9941","d4utrXyc1ES5wBVfdv2uun","d4utrXyc1ES5wBVfdv2uun@f9941","d5P2IQNEtLubRBnvqfO9Ha","d6HpEUoxBD/ogP5h8MTHkV","d6gpulRI1EpLqDOpxaQv7v@f9941","d7Ze+zf/RLqqe5I+WZJ6Gh","d7Ze+zf/RLqqe5I+WZJ6Gh@6c48a","d8NtCDTAxKsKfack2X0KXw","d8NtCDTAxKsKfack2X0KXw@6c48a","d8NtCDTAxKsKfack2X0KXw@f9941","d8atcZouhDh4PKk479M6L+","d8gJukH5FLDIRj5UeWZj0b","d8nVeefGRMBIr/8dJP4ijy","d9eJd6loBGY5uv+nam0P7F","d9eJd6loBGY5uv+nam0P7F@6c48a","d90+VdV4VAPZPO+HMz4JgG","d90+VdV4VAPZPO+HMz4JgG@6c48a","d9/EUkAXJEvZcBaoh+/6wl","da9XUbUgJN35YqLWq53Alx","deWD0GSxtKsacJ0i5Ye/uD@f9941","dfi6nJkw1FLJZbQRD8TPPM","dfi6nJkw1FLJZbQRD8TPPM@f9941","e0n1uA/MJMr6LNMX8g1p9I","e06XHMOT1PKIBc5tgLa2n7","e1K9wSGftDhraedB8CP8Vc@f9941","e1LajAoxdJSbP/LWX93vI0","e1LajAoxdJSbP/LWX93vI0@f9941","e1ZmuhQZBDLoDIv79wlzA8","e1ZmuhQZBDLoDIv79wlzA8@6c48a","e1ZmuhQZBDLoDIv79wlzA8@f9941","e2W3+9xdFF3Z1g3lvzyrfq","e2W3+9xdFF3Z1g3lvzyrfq@6c48a","e2W3+9xdFF3Z1g3lvzyrfq@f9941","e2bX4c2dBFi7Efazr1Vyu+@f9941","e3OuqfR6tBSIHE+yJQEqss","e3OuqfR6tBSIHE+yJQEqss@6c48a","e4HkGNuxlMH4h61gF/9u8Q","e4HkGNuxlMH4h61gF/9u8Q@6c48a","e43YeKh8VD0bjUsPKZ8hOC","e43YeKh8VD0bjUsPKZ8hOC@6c48a","e5AZr0FsVPZ594M7rYW5DE","e5AZr0FsVPZ594M7rYW5DE@f9941","e5K0EV7U1KDJMwtea4hI5U","e5K0EV7U1KDJMwtea4hI5U@f9941","e5o8aokxFEma9d3prUaD+R","e5o8aokxFEma9d3prUaD+R@6c48a","e6Pm51j5tHfL6xZ1xr7HAK","e6Pm51j5tHfL6xZ1xr7HAK@f9941","e7TjqhlwdKJprGk+CooFcP","e8Ja4DqqlO24S28pUTJTZk@f9941","e9M70BIMZLHYSRu+aGYnz+","e9M70BIMZLHYSRu+aGYnz+@6c48a","e9wzVim7RAVawhwUuUMXRp","e9wzVim7RAVawhwUuUMXRp@6c48a","e9xRQNRe9PWZyM/17Rww2d@f9941","e968B/q5VN2aS8e+7X/xsI","e968B/q5VN2aS8e+7X/xsI@f9941","ecb8gtQllMP7WvZmCrr8hM","ecb8gtQllMP7WvZmCrr8hM@6c48a","ecqUBdecVI/Iukczs+qmhT","ecqUBdecVI/Iukczs+qmhT@6c48a","ecrRPdrhJJOrkuRoyeX/Ub","ecrRPdrhJJOrkuRoyeX/Ub@f9941","edUzor8GFN+7Klg35DL+UN","edUzor8GFN+7Klg35DL+UN@f9941","eepxYY2/BGza1PI9vAwGOu","eepxYY2/BGza1PI9vAwGOu@6c48a","eesNnZzRZKO7XRoAnP3BQa","efWo2b4xdClaciBozL7OcQ","efWo2b4xdClaciBozL7OcQ@6c48a","efftFG9jVGz6SHGUuKktT2","efftFG9jVGz6SHGUuKktT2@6c48a","efgkZOnsFF741yZRfAufPz","efrZ4rTnRLtLsIQ2YbSydc","f0AM2jbwRBxoAp6U+KtYA0@f9941","f1cWQpxl1EXLHnB/VOGThT@f9941","f1ozGahltF2qNvWR7wZ/0L@f9941","f1yppkzshPk7NEYyI+lJCJ","f1yppkzshPk7NEYyI+lJCJ@f9941","f1+muPYuhMKYHy6Bsn2gJ8","f1+muPYuhMKYHy6Bsn2gJ8@6c48a","f3h49Xs1FC8YIOka+LY57h","f3h49Xs1FC8YIOka+LY57h@f9941","f3ltytBzRCtLWiO2rN85jV","f3ltytBzRCtLWiO2rN85jV@6c48a","f5Y84pRcZOTpYFW3nJWnWy","f6bojr6SRNYrGl4hNvWuVF","f6bojr6SRNYrGl4hNvWuVF@6c48a","f6d1sRcnlP2YACwTyOaqiV","f6mVnxAQhJQpT6EPmBHQHB","f6mVnxAQhJQpT6EPmBHQHB@6c48a","f6/UkM+n9BeKWdS2he/74D","f7Vk0KEoNKQojTfFg3+DT0","f8A+CZNd5BjLIwWvvkmLSI","f8A+CZNd5BjLIwWvvkmLSI@6c48a","f8DaaD3OhL0L1t9MhAEhlp","f8DaaD3OhL0L1t9MhAEhlp@6c48a","f9UdKNUnFDcK8zXVmp8BLQ","f9axyIJX9NJI5kRZos8gc+","f9axyIJX9NJI5kRZos8gc+@6c48a","faxONK2CNJ8Yx9FMY5sk/7","fa2I1zlepKALmhG+A+GpD9","feIKGQB9xAYLeor5A8bh0u","feIKGQB9xAYLeor5A8bh0u@f9941","feVYo07mdOM6ss8YYmsQJM","feVYo07mdOM6ss8YYmsQJM@6c48a","fe5oyYYtlJtYeekdOqVD33","ffmhA+7KpGSoThskDH17IB","ff8A49PNRET7dIY5JsCL1R","ff8A49PNRET7dIY5JsCL1R@f9941","110279cd9","110279cd9@6c48a","12c0845e7","12c0845e7@6c48a","13f086d64","13f086d64@6c48a","16258ee8c","16258ee8c@6c48a","1792795c5","1792795c5@6c48a","185c87a13","185c87a13@6c48a","1a721b4d5","1a721b4d5@6c48a","1be6c218d","1be6c218d@6c48a","1d7066f41","1d7066f41@6c48a","92TV9zMHNBUYnWqxQ8WrUV","92TV9zMHNBUYnWqxQ8WrUV@6c48a","92TV9zMHNBUYnWqxQ8WrUV@f9941","92avLMyklJBrG6KwwQ3/mP","f5FbxlrnJIWrDtj/oTafi8","fe5NAmkd5GZrunhpVeMW7U","fe5NAmkd5GZrunhpVeMW7U@6c48a","fe5NAmkd5GZrunhpVeMW7U@f9941"],"paths":{"0":["img/thor_actionBar/auto_bar",6,1],"1":["sound/bigwin",9,1],"2":["car/thor_jinbiyu",5,1],"4":["img/auto-thor",6,1],"5":["common/auto_common_thor",6,1],"6":["img/smallIcon/auto-smallIcon",6,1],"7":["img/bigIcon/auto-bigIcon",6,1],"8":["img/btn_olps_giuze_you_1",0,1],"9":["img/btn_olps_giuze_you_1/spriteFrame",2,1],"10":["img/thor_actionBar/dl_olps_btn_spin",0,1],"11":["img/thor_actionBar/dl_olps_btn_spin/spriteFrame",2,1],"12":["car/icon/thor_icon_9",5,1],"13":["font/font_add_free_num",7,1],"14":["car/animation_title",3,1],"15":["car/icon/thor_icon_4",5,1],"16":["sound/single_icon_fall",9,1],"17":["car/icon/hw_thor_icon_6",0,1],"18":["car/icon/hw_thor_icon_6/texture",1,1],"19":["car/thor_role",0,1],"20":["car/thor_role/texture",1,1],"21":["img/bg_olps_zhuanpandi1",0,1],"22":["img/bg_olps_zhuanpandi1/spriteFrame",2,1],"23":["sound/thor_main_bg",9,1],"24":["car/thor_huozhu2",0,1],"25":["car/thor_huozhu2/texture",1,1],"26":["car/icon/thor_anim_wild_blue7",0,1],"27":["car/icon/thor_anim_wild_blue7/texture",1,1],"28":["car/layertopng19",0,1],"29":["car/layertopng19/texture",1,1],"30":["car/icon/thor_icon_9",0,1],"31":["car/icon/thor_icon_9/texture",1,1],"32":["car/icon/hw_thor_icon_6",4,1],"33":["img/thor_actionBar/img_suto_title_bg",0,1],"34":["img/thor_actionBar/img_suto_title_bg/spriteFrame",2,1],"35":["img/thor_actionBar/dl_olps_zi_WIN",0,1],"36":["img/thor_actionBar/dl_olps_zi_WIN/spriteFrame",2,1],"37":["car/icon/thor_anim_wild",0,1],"38":["car/icon/thor_anim_wild/texture",1,1],"39":["car/thor_blow",0,1],"40":["car/thor_blow/texture",1,1],"41":["car/thor_role",5,1],"42":["car/layertopng14",0,1],"43":["car/layertopng14/texture",1,1],"44":["img/thor_actionBar/dl_olps_zi_PENGATURAN",0,1],"45":["img/thor_actionBar/dl_olps_zi_PENGATURAN/spriteFrame",2,1],"46":["car/thor_role4",0,1],"47":["car/thor_role4/texture",1,1],"48":["car/spine_guangquan",5,1],"49":["sound/win2",9,1],"50":["img/bg_olps_yuansubox",0,1],"51":["img/bg_olps_yuansubox/spriteFrame",2,1],"52":["prefabs/prefab_thor_roller",8,1],"53":["car/layertopng18",0,1],"54":["car/layertopng18/texture",1,1],"55":["car/thor_huozhu",5,1],"56":["sound/win5",9,1],"57":["car/thor_role5",0,1],"58":["car/thor_role5/texture",1,1],"59":["img/thor_actionBar/dl_olps_dibox",0,1],"60":["img/thor_actionBar/dl_olps_dibox/texture",1,1],"61":["img/thor_actionBar/dl_olps_dibox/spriteFrame",2,1],"62":["car/icon/thor_anim_wild",5,1],"63":["car/thor_huojuranshao",5,1],"64":["car/thor_shandian",4,1],"65":["prefabs/prefab_thor_iconCar",8,1],"66":["car/icon/animation_autoLauncher_up",3,1],"67":["img/bigIcon/icon_olps_huang/spriteFrame",2,1],"68":["sound/win7",9,1],"69":["img/thor_actionBar/dl_olps_btn_off",0,1],"70":["img/thor_actionBar/dl_olps_btn_off/spriteFrame",2,1],"71":["car/layertopng10",0,1],"72":["car/layertopng10/texture",1,1],"73":["car/icon/thor_anim_wild_red",0,1],"74":["car/icon/thor_anim_wild_red/texture",1,1],"75":["car/icon/thor_icon_3",5,1],"76":["car/icon/thor_icon_2",5,1],"77":["car/icon/thor_scatter4",0,1],"78":["car/icon/thor_scatter4/texture",1,1],"79":["img/btn_off",0,1],"80":["img/btn_off/spriteFrame",2,1],"81":["car/spine_guangquan",0,1],"82":["car/spine_guangquan/texture",1,1],"83":["car/icon/thor_anim_wild_green4",0,1],"84":["car/icon/thor_anim_wild_green4/texture",1,1],"85":["car/thor_huojuranshao",0,1],"86":["car/thor_huojuranshao/texture",1,1],"87":["car/hw_thor_tanchuag2",0,1],"88":["car/hw_thor_tanchuag2/texture",1,1],"89":["img/icon_dt_loading_1",0,1],"90":["img/icon_dt_loading_1/spriteFrame",2,1],"91":["car/layertopng20",0,1],"92":["car/layertopng20/texture",1,1],"93":["car/icon/thor_anim_wild_red4",0,1],"94":["car/icon/thor_anim_wild_red4/texture",1,1],"95":["car/hw_thor_tanchuag",0,1],"96":["car/hw_thor_tanchuag/texture",1,1],"97":["sound/superwin_ov",9,1],"98":["font/font_sgNum",7,1],"99":["car/animation_win_box_label_rate",3,1],"100":["sound/ultimatewin_ov",9,1],"101":["img/btn_olpn_kaiguan",0,1],"102":["img/btn_olpn_kaiguan/spriteFrame",2,1],"103":["car/icon/thor_anim_wild_red2",0,1],"104":["car/icon/thor_anim_wild_red2/texture",1,1],"105":["img/thor_actionBar/dl_opls_zidongbox_dibox",0,1],"106":["img/thor_actionBar/dl_opls_zidongbox_dibox/spriteFrame",2,1],"107":["car/thor_blow2",0,1],"108":["car/thor_blow2/texture",1,1],"109":["car/layertopng9",0,1],"110":["car/layertopng9/texture",1,1],"111":["car/thor_jiesuan",0,1],"112":["car/thor_jiesuan/texture",1,1],"113":["img/bg_olps_bertaruhbix",0,1],"114":["img/bg_olps_bertaruhbix/spriteFrame",2,1],"115":["img/thor_actionBar/dl_olps_btn_spin _1",0,1],"116":["img/thor_actionBar/dl_olps_btn_spin _1/spriteFrame",2,1],"117":["sound/win1",9,1],"118":["img/thor_actionBar/dl_olps_winbox",0,1],"119":["img/thor_actionBar/dl_olps_winbox/spriteFrame",2,1],"120":["img/btn_olps_guize_off",0,1],"121":["img/btn_olps_guize_off/spriteFrame",2,1],"122":["car/icon/thor_icon_7",5,1],"123":["car/icon/thor_anim_wild_blue",4,1],"124":["car/thor_huozhu3",0,1],"125":["car/thor_huozhu3/texture",1,1],"126":["car/layertopng23",0,1],"127":["car/layertopng23/texture",1,1],"128":["car/thor_shandian",5,1],"129":["car/lanseshandian",5,1],"130":["car/thor_role13",0,1],"131":["car/thor_role13/texture",1,1],"132":["car/icon/thor_anim_wild4",0,1],"133":["car/icon/thor_anim_wild4/texture",1,1],"134":["img/thor_actionBar/dl_olps_btn_guize",0,1],"135":["img/thor_actionBar/dl_olps_btn_guize/spriteFrame",2,1],"136":["car/thor_shandian9",0,1],"137":["car/thor_shandian9/texture",1,1],"138":["sound/wild_show",9,1],"139":["sound/thor_free_summary",9,1],"140":["prefabs/prefab_thor_down_new",8,1],"141":["prefabs/prefab_thor_smallGame_caculate",8,1],"142":["img/thor_actionBar/di_opls_btn_zidong_1",0,1],"143":["img/thor_actionBar/di_opls_btn_zidong_1/spriteFrame",2,1],"144":["common/icon_bank_gold",0,1],"145":["common/icon_bank_gold/texture",1,1],"146":["common/icon_bank_gold/spriteFrame",2,1],"147":["img/thor_actionBar/dl_olps_icon_spin_1",0,1],"148":["img/thor_actionBar/dl_olps_icon_spin_1/spriteFrame",2,1],"149":["img/icon_kaiguan",0,1],"150":["img/icon_kaiguan/spriteFrame",2,1],"151":["car/icon/thor_hourglass",0,1],"152":["car/icon/thor_hourglass/texture",1,1],"153":["car/thor_role2",0,1],"154":["car/thor_role2/texture",1,1],"155":["car/thor_shandian6",0,1],"156":["car/thor_shandian6/texture",1,1],"157":["car/icon/thor_anim_wild_blue",5,1],"158":["font/font_win_0",0,1],"159":["font/font_win_0/texture",1,1],"160":["font/font_win_0/spriteFrame",2,1],"161":["img/thor_actionBar/dl_olps_btn_kuai_1",0,1],"162":["img/thor_actionBar/dl_olps_btn_kuai_1/spriteFrame",2,1],"163":["font/font_win",7,1],"164":["car/thor_huoquan",4,1],"165":["car/icon/thor_anim_wild7",0,1],"166":["car/icon/thor_anim_wild7/texture",1,1],"167":["img/thor_actionBar/dl_olps_btn_caidan",0,1],"168":["img/thor_actionBar/dl_olps_btn_caidan/spriteFrame",2,1],"169":["img/thor_actionBar/dl_olps_zi_goodluck",0,1],"170":["img/thor_actionBar/dl_olps_zi_goodluck/spriteFrame",2,1],"171":["img/smallIcon/icon_olps_tubiao_xiao_zi/spriteFrame",2,1],"172":["car/thor_jinbi",5,1],"173":["car/icon/thor_anim_wild_blue3",0,1],"174":["car/icon/thor_anim_wild_blue3/texture",1,1],"175":["font/font_calulate",7,1],"176":["img/thor_actionBar/tishi_2/spriteFrame",2,1],"177":["car/icon/thor_scatter",0,1],"178":["car/icon/thor_scatter/texture",1,1],"179":["car/icon/thor_hourglass2",0,1],"180":["car/icon/thor_hourglass2/texture",1,1],"181":["sound/win3",9,1],"182":["car/thor_huoquan2",0,1],"183":["car/thor_huoquan2/texture",1,1],"184":["img/btn_olps_giuze_zuo_1",0,1],"185":["img/btn_olps_giuze_zuo_1/spriteFrame",2,1],"186":["img/bg_olps_tumblebox",0,1],"187":["img/bg_olps_tumblebox/spriteFrame",2,1],"188":["sound/wild_flash",9,1],"189":["font/font_add_free_num_0",0,1],"190":["font/font_add_free_num_0/texture",1,1],"191":["font/font_add_free_num_0/spriteFrame",2,1],"192":["car/lanseshandian",4,1],"193":["car/thor_jinbi",0,1],"194":["car/thor_jinbi/texture",1,1],"195":["car/thor_huojuranshao2",0,1],"196":["car/thor_huojuranshao2/texture",1,1],"197":["sound/epicwin_ov",9,1],"198":["car/icon/thor_anim_wild_green5",0,1],"199":["car/icon/thor_anim_wild_green5/texture",1,1],"200":["car/huangseshandian",4,1],"201":["car/layertopng8",0,1],"202":["car/layertopng8/texture",1,1],"203":["car/icon/thor_anim_wild_green7",0,1],"204":["car/icon/thor_anim_wild_green7/texture",1,1],"205":["car/thor_role",4,1],"206":["car/hw_thor_tanchuag5",0,1],"207":["car/hw_thor_tanchuag5/texture",1,1],"208":["sound/bigwin_ov",9,1],"209":["img/thor_actionBar/dl_olps_jinebox",0,1],"210":["img/thor_actionBar/dl_olps_jinebox/spriteFrame",2,1],"211":["car/thor_jinbiyu",4,1],"212":["car/icon/thor_anim_wild",4,1],"213":["img/thor_actionBar/dl_olps_btn_likai",0,1],"214":["img/thor_actionBar/dl_olps_btn_likai/spriteFrame",2,1],"215":["img/thor_actionBar/di_opls_btn_zidong_0",0,1],"216":["img/thor_actionBar/di_opls_btn_zidong_0/spriteFrame",2,1],"217":["img/smallIcon/icon_olps_tubiao_xiao_hong",0,1],"218":["img/smallIcon/icon_olps_tubiao_xiao_hong/spriteFrame",2,1],"219":["car/icon/thor_icon_7",0,1],"220":["car/icon/thor_icon_7/texture",1,1],"221":["img/thor_actionBar/dl_olps_btn_auto1",0,1],"222":["img/thor_actionBar/dl_olps_btn_auto1/spriteFrame",2,1],"223":["car/layertopng15",0,1],"224":["car/layertopng15/texture",1,1],"225":["car/layertopng16",0,1],"226":["car/layertopng16/texture",1,1],"227":["sound/scatter_show",9,1],"228":["img/bigIcon/icon_olps_lan/spriteFrame",2,1],"229":["prefabs/prefab_thor_introduce",8,1],"230":["car/thor_role12",0,1],"231":["car/thor_role12/texture",1,1],"232":["car/layertopng6",0,1],"233":["car/layertopng6/texture",1,1],"234":["car/thor_jiesuan",4,1],"235":["car/icon/thor_anim_wild6",0,1],"236":["car/icon/thor_anim_wild6/texture",1,1],"237":["prefabs/prefab_thor_bigPrize",8,1],"238":["font/font_beli",7,1],"239":["img/btn_opls_mianfei_off",0,1],"240":["img/btn_opls_mianfei_off/spriteFrame",2,1],"241":["car/spine_guangquan2",0,1],"242":["car/spine_guangquan2/texture",1,1],"243":["car/icon/thor_hourglass",4,1],"244":["img/bg_olps_mianfeitishibox",0,1],"245":["img/bg_olps_mianfeitishibox/spriteFrame",2,1],"246":["car/thor_huoquan",0,1],"247":["car/thor_huoquan/texture",1,1],"248":["car/thor_sd111",0,1],"249":["car/thor_sd111/texture",1,1],"250":["car/icon/thor_icon_1",0,1],"251":["car/icon/thor_icon_1/texture",1,1],"252":["img/icon_olps_xuanzhong",0,1],"253":["img/icon_olps_xuanzhong/spriteFrame",2,1],"254":["sound/drop_bottom",9,1],"255":["car/icon/thor_scatter",4,1],"256":["img_olps_bg",0,1],"257":["img_olps_bg/texture",1,1],"258":["img_olps_bg/spriteFrame",2,1],"259":["sound/win4",9,1],"260":["prefabs/prefab_thor_bg_main",8,1],"261":["sound/reel_start",9,1],"262":["sound/buy_free_dialog_close",9,1],"263":["sound/win6",9,1],"264":["car/layertopng3",0,1],"265":["car/layertopng3/texture",1,1],"266":["car/thor_huojuranshao",4,1],"267":["car/layertopng21",0,1],"268":["car/layertopng21/texture",1,1],"269":["img/smallIcon/icon_olps_tubiao_xiao_lan/spriteFrame",2,1],"270":["sound/sp_win",9,1],"271":["car/thor_sd111",4,1],"272":["sound/ani_spin",9,1],"273":["car/icon/hw_thor_icon_6",5,1],"274":["img/bigIcon/icon_olps_lvguangquan",0,1],"275":["img/bigIcon/icon_olps_lvguangquan/spriteFrame",2,1],"276":["car/animation_win_blue",3,1],"277":["car/layertopng12",0,1],"278":["car/layertopng12/texture",1,1],"279":["img/thor_actionBar/dl_olps_box",0,1],"280":["img/thor_actionBar/dl_olps_box/spriteFrame",2,1],"281":["img/thor_actionBar/dl_olps_btn_jia",0,1],"282":["img/thor_actionBar/dl_olps_btn_jia/spriteFrame",2,1],"283":["car/spine_guangquan",4,1],"284":["car/icon/thor_scatter2",0,1],"285":["car/icon/thor_scatter2/texture",1,1],"286":["img/thor_actionBar/MUSIC",0,1],"287":["img/thor_actionBar/MUSIC/spriteFrame",2,1],"288":["car/lanseshandian",0,1],"289":["car/lanseshandian/texture",1,1],"290":["img/zi_olps_GANDA",0,1],"291":["img/zi_olps_GANDA/spriteFrame",2,1],"292":["sound/minCoin",9,1],"293":["car/thor_shandian2",0,1],"294":["car/thor_shandian2/texture",1,1],"295":["img/bg_mianfeiboxxiao",0,1],"296":["img/bg_mianfeiboxxiao/spriteFrame",2,1],"297":["car/icon/thor_icon_5",5,1],"298":["car/icon/thor_anim_wild_green2",0,1],"299":["car/icon/thor_anim_wild_green2/texture",1,1],"300":["img/img_introduce_bg",0,1],"301":["img/img_introduce_bg/texture",1,1],"302":["img/img_introduce_bg/spriteFrame",2,1],"303":["img/smallIcon/icon_olps_tubiao_xiao_lv/spriteFrame",2,1],"304":["img/thor_actionBar/tishi_3/spriteFrame",2,1],"305":["sound/free_many",9,1],"306":["img/thor_actionBar/img_suto_bg",0,1],"307":["img/thor_actionBar/img_suto_bg/spriteFrame",2,1],"308":["sound/maxCoin",9,1],"309":["car/icon/thor_anim_wild_green",0,1],"310":["car/icon/thor_anim_wild_green/texture",1,1],"311":["car/icon/thor_anim_wild2",0,1],"312":["car/icon/thor_anim_wild2/texture",1,1],"313":["font/font_rate_0",0,1],"314":["font/font_rate_0/texture",1,1],"315":["font/font_rate_0/spriteFrame",2,1],"316":["car/huangseshandian",5,1],"317":["img/zi_olps_BERTARUH",0,1],"318":["img/zi_olps_BERTARUH/spriteFrame",2,1],"319":["car/thor_huozhu",4,1],"320":["img/guize_olps_1",0,1],"321":["img/guize_olps_1/spriteFrame",2,1],"322":["img/thor_actionBar/dl_olps_caicanbox",0,1],"323":["img/thor_actionBar/dl_olps_caicanbox/spriteFrame",2,1],"324":["car/layertopng",0,1],"325":["car/layertopng/texture",1,1],"326":["car/icon/thor_icon_5",4,1],"327":["img/thor_actionBar/dl_olps_zi_stop",0,1],"328":["img/thor_actionBar/dl_olps_zi_stop/spriteFrame",2,1],"329":["car/icon/thor_hourglass3",0,1],"330":["car/icon/thor_hourglass3/texture",1,1],"331":["img/bg_olps_zhuanpanboxxin",0,1],"332":["img/bg_olps_zhuanpanboxxin/texture",1,1],"333":["img/bg_olps_zhuanpanboxxin/spriteFrame",2,1],"334":["car/layertopng17",0,1],"335":["car/layertopng17/texture",1,1],"336":["car/thor_shandian8",0,1],"337":["car/thor_shandian8/texture",1,1],"338":["car/thor_role14",0,1],"339":["car/thor_role14/texture",1,1],"340":["img/thor_actionBar/dl_olps_btn_xiazhujian_0",0,1],"341":["img/thor_actionBar/dl_olps_btn_xiazhujian_0/spriteFrame",2,1],"342":["car/thor_huoquan",5,1],"343":["car/thor_role8",0,1],"344":["car/thor_role8/texture",1,1],"345":["car/icon/thor_anim_wild_blue6",0,1],"346":["car/icon/thor_anim_wild_blue6/texture",1,1],"347":["img/bigIcon/icon_olps_jiezhi/spriteFrame",2,1],"348":["img/thor_actionBar/dl_olps_icon_spin",0,1],"349":["img/thor_actionBar/dl_olps_icon_spin/spriteFrame",2,1],"350":["img/zi_lanjutkan",0,1],"351":["img/zi_lanjutkan/spriteFrame",2,1],"352":["sound/turn",9,1],"353":["img/thor_actionBar/dl_olps_btn_vip",0,1],"354":["img/thor_actionBar/dl_olps_btn_vip/spriteFrame",2,1],"355":["img/btn_opls_mianfei_on",0,1],"356":["img/btn_opls_mianfei_on/spriteFrame",2,1],"357":["car/icon/thor_icon_5",0,1],"358":["car/icon/thor_icon_5/texture",1,1],"359":["img/word_loading2",0,1],"360":["img/word_loading2/spriteFrame",2,1],"361":["sound/quick_stop",9,1],"362":["sound/win10",9,1],"363":["img/BELIPERMAINA GRATIS",0,1],"364":["img/BELIPERMAINA GRATIS/spriteFrame",2,1],"365":["sound/thor_smiles",9,1],"366":["sound/win8",9,1],"367":["car/icon/thor_scatter",5,1],"368":["car/thor_role9",0,1],"369":["car/thor_role9/texture",1,1],"370":["car/layertopng4",0,1],"371":["car/layertopng4/texture",1,1],"372":["car/icon/thor_anim_wild_green3",0,1],"373":["car/icon/thor_anim_wild_green3/texture",1,1],"374":["car/thor_role7",0,1],"375":["car/thor_role7/texture",1,1],"376":["img/bigIcon/icon_olps_languangquan/spriteFrame",2,1],"377":["font/font_sgNum_0",0,1],"378":["font/font_sgNum_0/texture",1,1],"379":["font/font_sgNum_0/spriteFrame",2,1],"380":["img/rules_3",0,1],"381":["img/rules_3/spriteFrame",2,1],"382":["img/thor_actionBar/dl_olps_btn_xiazhujian",0,1],"383":["img/thor_actionBar/dl_olps_btn_xiazhujian/spriteFrame",2,1],"384":["font/shuzi_xiazhujine",7,1],"385":["car/icon/thor_anim_wild_green",5,1],"386":["font/font_calulate_0",0,1],"387":["font/font_calulate_0/texture",1,1],"388":["font/font_calulate_0/spriteFrame",2,1],"389":["car/icon/thor_icon_3",4,1],"390":["car/animation_win_gold_restore",3,1],"391":["sound/thor_free_bg",9,1],"392":["sound/sp_win_show",9,1],"393":["img/title_freespinsleft",0,1],"394":["img/title_freespinsleft/spriteFrame",2,1],"395":["img/bigIcon/icon_olps_lv/spriteFrame",2,1],"396":["img/thor_actionBar/dl_olps_btn_auto",0,1],"397":["img/thor_actionBar/dl_olps_btn_auto/spriteFrame",2,1],"398":["car/thor_huozhu",0,1],"399":["car/thor_huozhu/texture",1,1],"400":["sound/chooseNum",9,1],"401":["img/guize_olps_2",0,1],"402":["img/guize_olps_2/spriteFrame",2,1],"403":["car/icon/thor_anim_wild_red7",0,1],"404":["car/icon/thor_anim_wild_red7/texture",1,1],"405":["car/thor_role15",0,1],"406":["car/thor_role15/texture",1,1],"407":["img/thor_actionBar/dl_olps_icon_stop_1",0,1],"408":["img/thor_actionBar/dl_olps_icon_stop_1/spriteFrame",2,1],"409":["car/animation_add_odds",3,1],"410":["font/font_rate",7,1],"411":["font/font_win_blue_0",0,1],"412":["font/font_win_blue_0/texture",1,1],"413":["font/font_win_blue_0/spriteFrame",2,1],"414":["car/icon/thor_anim_wild_green",4,1],"415":["car/icon/thor_anim_wild5",0,1],"416":["car/icon/thor_anim_wild5/texture",1,1],"417":["car/thor_role10",0,1],"418":["car/thor_role10/texture",1,1],"419":["img/bg_olps_yuansukuang",0,1],"420":["img/bg_olps_yuansukuang/spriteFrame",2,1],"421":["font/font_win_blue",7,1],"422":["img/smallIcon/icon_olps_tubiao_xiao_shalou/spriteFrame",2,1],"423":["img/thor_actionBar/dl_olps_btn_kuai_0",0,1],"424":["img/thor_actionBar/dl_olps_btn_kuai_0/spriteFrame",2,1],"425":["img/smallIcon/icon_olps_tubiao_xiao_shengbei/spriteFrame",2,1],"426":["car/icon/thor_icon_1",5,1],"427":["img/bigIcon/icon_olps_scatter/spriteFrame",2,1],"428":["font/font_beli_0",0,1],"429":["font/font_beli_0/texture",1,1],"430":["font/font_beli_0/spriteFrame",2,1],"431":["car/thor_jinbi",4,1],"432":["car/thor_blow",5,1],"433":["img/KAMU MENANG",0,1],"434":["img/KAMU MENANG/spriteFrame",2,1],"435":["car/icon/thor_icon_1",4,1],"436":["sound/scattert_rigger",9,1],"437":["img/thor_actionBar/dl_olps_btn_autoSPINSETTING",0,1],"438":["img/thor_actionBar/dl_olps_btn_autoSPINSETTING/spriteFrame",2,1],"439":["car/icon/thor_anim_wild_blue",0,1],"440":["car/icon/thor_anim_wild_blue/texture",1,1],"441":["car/thor_jinbiyu",0,1],"442":["car/thor_jinbiyu/texture",1,1],"443":["prefabs/prefab_thor_header_new",8,1],"444":["sound/superwin",9,1],"445":["img/icon_olps_weixuan/spriteFrame",2,1],"446":["car/thor_sd1112",0,1],"447":["car/thor_sd1112/texture",1,1],"448":["car/icon/thor_anim_wild3",0,1],"449":["car/icon/thor_anim_wild3/texture",1,1],"450":["car/thor_shandian7",0,1],"451":["car/thor_shandian7/texture",1,1],"452":["bg_olps_loading",0,1],"453":["bg_olps_loading/texture",1,1],"454":["bg_olps_loading/spriteFrame",2,1],"455":["car/thor_role3",0,1],"456":["car/thor_role3/texture",1,1],"457":["sound/thor_free_dialog_wait",9,1],"458":["img/bigIcon/icon_olps_shengbei/spriteFrame",2,1],"459":["img/btn_olps_giuze_you_0",0,1],"460":["img/btn_olps_giuze_you_0/spriteFrame",2,1],"461":["car/layertopng22",0,1],"462":["car/layertopng22/texture",1,1],"463":["car/icon/thor_icon_4",4,1],"464":["img/guize_olps_3/spriteFrame",2,1],"465":["img/FERR SPINS",0,1],"466":["img/FERR SPINS/spriteFrame",2,1],"467":["img/thor_actionBar/dl_olps_btn_shezhi",0,1],"468":["img/thor_actionBar/dl_olps_btn_shezhi/spriteFrame",2,1],"469":["car/hw_thor_tanchuag3",0,1],"470":["car/hw_thor_tanchuag3/texture",1,1],"471":["img/thor_actionBar/di_olps_btn_CONFIRM",0,1],"472":["img/thor_actionBar/di_olps_btn_CONFIRM/spriteFrame",2,1],"473":["sound/buy_rate_btn_click",9,1],"474":["car/animation_up",3,1],"475":["car/thor_role11",0,1],"476":["car/thor_role11/texture",1,1],"477":["car/icon/thor_anim_wild_blue2",0,1],"478":["car/icon/thor_anim_wild_blue2/texture",1,1],"479":["img/DURING FERR SPINS",0,1],"480":["img/DURING FERR SPINS/spriteFrame",2,1],"481":["car/icon/thor_anim_wild_red3",0,1],"482":["car/icon/thor_anim_wild_red3/texture",1,1],"483":["sound/bell",9,1],"484":["img/smallIcon/icon_olps_tubiao_xiao_huang/spriteFrame",2,1],"485":["car/layertopng",5,1],"486":["car/thor_role6",0,1],"487":["car/thor_role6/texture",1,1],"488":["img/bg_olps_belibox",0,1],"489":["img/bg_olps_belibox/spriteFrame",2,1],"490":["img/icon_dt_loading_0",0,1],"491":["img/icon_dt_loading_0/spriteFrame",2,1],"492":["img/icon_kaiguan_duihao",0,1],"493":["img/icon_kaiguan_duihao/spriteFrame",2,1],"494":["img/bg_olps_zhuanpanbox1",0,1],"495":["img/bg_olps_zhuanpanbox1/texture",1,1],"496":["img/bg_olps_zhuanpanbox1/spriteFrame",2,1],"497":["img/word_loading_blue_1",0,1],"498":["img/word_loading_blue_1/spriteFrame",2,1],"499":["car/icon/thor_icon_9",4,1],"500":["car/icon/thor_icon_2",4,1],"501":["car/icon/thor_icon_7",4,1],"502":["img/freebox",0,1],"503":["img/freebox/spriteFrame",2,1],"504":["img/thor_actionBar/dl_olps_btn_xiazhujia_0",0,1],"505":["img/thor_actionBar/dl_olps_btn_xiazhujia_0/spriteFrame",2,1],"506":["img/thor_actionBar/dl_olps_zi_spin",0,1],"507":["img/thor_actionBar/dl_olps_zi_spin/spriteFrame",2,1],"508":["prefabs/prefab_thor_sg_box",8,1],"509":["sound/free_trans",9,1],"510":["img/bigIcon/icon_olps_hongguangquan/spriteFrame",2,1],"511":["img/img_introduce_title",0,1],"512":["img/img_introduce_title/spriteFrame",2,1],"513":["img/icon_kaiguan_jiantou",0,1],"514":["img/icon_kaiguan_jiantou/spriteFrame",2,1],"515":["sound/buy_free_btn",9,1],"516":["sound/per_hit",9,1],"517":["img/bigIcon/icon_olps_zi/spriteFrame",2,1],"518":["car/icon/thor_anim_wild_red6",0,1],"519":["car/icon/thor_anim_wild_red6/texture",1,1],"520":["font/shuzi_xiazhujine_0",0,1],"521":["font/shuzi_xiazhujine_0/texture",1,1],"522":["font/shuzi_xiazhujine_0/spriteFrame",2,1],"523":["sound/btn_click",9,1],"524":["car/layertopng",4,1],"525":["car/icon/thor_hourglass",5,1],"526":["car/icon/thor_anim_wild_blue4",0,1],"527":["car/icon/thor_anim_wild_blue4/texture",1,1],"528":["car/icon/thor_anim_wild_blue5",0,1],"529":["car/icon/thor_anim_wild_blue5/texture",1,1],"530":["car/icon/thor_anim_wild_red",5,1],"531":["car/animation_win_gold",3,1],"532":["img/smallIcon/icon_olps_tubiao_xiao_jiezhi/spriteFrame",2,1],"533":["img/thor_actionBar/SOUND",0,1],"534":["img/thor_actionBar/SOUND/spriteFrame",2,1],"535":["sound/epicwin",9,1],"536":["prefabs/prefab_thor_auth_launcher",8,1],"537":["img/bigIcon/icon_olps_huangguan/spriteFrame",2,1],"538":["img/thor_actionBar/dl_olps_btn_xiazhujia",0,1],"539":["img/thor_actionBar/dl_olps_btn_xiazhujia/spriteFrame",2,1],"540":["car/hw_thor_tanchuag4",0,1],"541":["car/hw_thor_tanchuag4/texture",1,1],"542":["car/hw_thor_tanchuag4/spriteFrame",2,1],"543":["bg_olps_3",0,1],"544":["bg_olps_3/texture",1,1],"545":["bg_olps_3/spriteFrame",2,1],"546":["img/bigIcon/icon_olps_ziguangquan/spriteFrame",2,1],"547":["car/icon/thor_icon_3",0,1],"548":["car/icon/thor_icon_3/texture",1,1],"549":["car/thor_shandian3",0,1],"550":["car/thor_shandian3/texture",1,1],"551":["car/layertopng24",0,1],"552":["car/layertopng24/texture",1,1],"553":["img/thor_actionBar/dl_olps_icon_stop",0,1],"554":["img/thor_actionBar/dl_olps_icon_stop/spriteFrame",2,1],"555":["img/btn_olps_giuze_zuo_0",0,1],"556":["img/btn_olps_giuze_zuo_0/spriteFrame",2,1],"557":["car/thor_shandian5",0,1],"558":["car/thor_shandian5/texture",1,1],"559":["img/thor_actionBar/dl_shezhi_kai",0,1],"560":["img/thor_actionBar/dl_shezhi_kai/spriteFrame",2,1],"561":["car/hw_thor_tanchuag",4,1],"562":["img/thor_actionBar/tishi_4/spriteFrame",2,1],"563":["car/layertopng11",0,1],"564":["car/layertopng11/texture",1,1],"565":["car/layertopng7",0,1],"566":["car/layertopng7/texture",1,1],"567":["img/thor_actionBar/tishi_1/spriteFrame",2,1],"568":["img/zi_olps_TUMBLE",0,1],"569":["img/zi_olps_TUMBLE/spriteFrame",2,1],"570":["car/layertopng25",0,1],"571":["car/layertopng25/texture",1,1],"572":["car/icon/thor_icon_2",0,1],"573":["car/icon/thor_icon_2/texture",1,1],"574":["img/zi_olps_BELI PERMAINAN",0,1],"575":["img/zi_olps_BELI PERMAINAN/spriteFrame",2,1],"576":["img/word_loading1",0,1],"577":["img/word_loading1/spriteFrame",2,1],"578":["car/icon/thor_icon_4",0,1],"579":["car/icon/thor_icon_4/texture",1,1],"580":["prefabs/prefab_thor_gameBoard",8,1],"581":["car/thor_blow3",0,1],"582":["car/thor_blow3/texture",1,1],"583":["car/icon/thor_anim_wild_red5",0,1],"584":["car/icon/thor_anim_wild_red5/texture",1,1],"585":["car/icon/animation_autoLauncher_down",3,1],"586":["prefabs/prefab_thor_set",8,1],"587":["img/bigIcon/icon_olps_shalou/spriteFrame",2,1],"588":["img/bigIcon/icon_olps_hong/spriteFrame",2,1],"589":["img/smallIcon/icon_olps_tubiao_xiao_huangguan/spriteFrame",2,1],"590":["img/thor_actionBar/dl_shezhi_guan",0,1],"591":["img/thor_actionBar/dl_shezhi_guan/spriteFrame",2,1],"592":["car/layertopng2",0,1],"593":["car/layertopng2/texture",1,1],"594":["img/bg_olps_zhuanpandi",0,1],"595":["img/bg_olps_zhuanpandi/spriteFrame",2,1],"596":["car/thor_shandian",0,1],"597":["car/thor_shandian/texture",1,1],"598":["car/icon/thor_anim_wild_red",4,1],"599":["car/thor_shandian4",0,1],"600":["car/thor_shandian4/texture",1,1],"601":["car/thor_sd111",5,1],"602":["car/layertopng13",0,1],"603":["car/layertopng13/texture",1,1],"604":["sound/win9",9,1],"605":["sound/ultimatewin",9,1],"606":["car/icon/thor_anim_wild_green6",0,1],"607":["car/icon/thor_anim_wild_green6/texture",1,1],"608":["car/icon/thor_scatter3",0,1],"609":["car/icon/thor_scatter3/texture",1,1],"610":["car/thor_blow",4,1],"611":["car/huangseshandian",0,1],"612":["car/huangseshandian/texture",1,1],"613":["car/thor_jiesuan",5,1],"614":["car/hw_thor_tanchuag",5,1],"615":["img/thor_actionBar/dl_olps_zi_auto",0,1],"616":["img/thor_actionBar/dl_olps_zi_auto/spriteFrame",2,1],"617":["car/layertopng5",0,1],"618":["car/layertopng5/texture",1,1],"619":["prefabs/prefab_thor_loading",8,1],"620":["sound/wildmultiplier",9,1],"621":["img/guize_olps_4",0,1],"622":["img/guize_olps_4/spriteFrame",2,1]},"scenes":{},"packs":{"02589b239":[1,2,8,9,10,11,12,13,15,16,17,18,19,20,21,22,23,24,25,26,27,28,29,30,31,32,33,34,35,36,37,38,39,40,41,42,43,44,45,623,624,46,47,48,49,50,51,52,53,54,55,56,57,58,59,60,61,625,626,62,627,628,63,64,65,629,630,67,68,631,632,69,70,633,634,71,72,73,74,635,636,75,637,638,76,77,78,79,80,639,640,81,82,83,84,85,86,87,88,89,90,91,92,93,94,95,96,97,98,100,101,102,0,0,0,103,104,105,106,107,108,109,110,111,112,113,114,115,116,117,118,119,120,121,122,123,124,125,126,127,128,129,130,131,132,133,134,135,136,137,138,139,140,141,142,143,144,145,146,147,148,149,150,151,152,153,154,155,156,157,158,159,160,161,162,163,164,165,166,167,168,169,170,171,172,173,174,175,176,177,178,179,180,181,182,183,184,185,186,187,188,189,190,191,192,193,194,195,196,197,198,199,200,201,202,203,204,205,206,207,208,209,210,211,212,213,214,215,216,217,218,219,220,221,222,223,224,225,226,227,228,229,230,231,232,233,234,235,236,237,238,239,240,241,242,243,244,245,246,247,248,249,250,251,252,253,254,255,256,257,258,259,260,261,262,263,264,265,266,267,268,269,270,271,272,273,274,275,277,278,279,280,281,282,283,284,285,286,287,288,289,290,291,292,293,294,295,296,297,298,299,300,301,302,303,304,305,306,307,308,309,310,311,312,313,314,315,316,317,318,319,320,321,322,323,324,325,326,327,328,329,330,331,332,333,334,335,336,337,338,339,340,341,342,343,344,345,346,347,348,349,350,351,352,353,354,355,356,357,358,359,360,361,641,642,643,362,363,364,365,366,367,368,369,370,371,372,373,374,375,376,377,378,379,380,381,382,383,384,385,386,387,388,389,391,392,393,394,395,396,397,398,399,400,401,402,403,404,405,406,407,408,410,411,412,413,414,415,416,417,418,419,420,421,422,423,424,425,426,427,428,429,430,431,432,433,434,435,436,437,438,439,440,441,442,443,4,4,4,4,4,444,445,446,447,448,449,450,451,452,453,454,455,456,457,458,459,460,461,462,463,464,465,466,467,468,469,470,471,472,473,475,476,5,5,477,478,479,480,481,482,483,484,485,486,487,488,489,490,491,492,493,494,495,496,497,498,499,500,501,502,503,504,505,6,6,506,507,508,509,510,511,512,513,514,515,516,517,518,519,520,521,522,523,524,525,526,527,528,529,530,532,533,534,535,536,537,538,539,540,541,542,543,544,545,546,7,7,547,548,549,550,551,552,553,554,555,556,557,558,559,560,561,562,563,564,565,566,567,568,569,570,571,572,573,574,575,576,577,578,579,580,581,582,583,584,586,587,588,589,590,591,592,593,594,595,596,597,645,598,599,600,601,602,603,604,605,606,607,608,609,610,611,612,613,614,615,616,617,618,646,647,648,619,620,621,622]},"versions":{"import":[],"native":[]},"redirect":[],"debug":false,"extensionMap":{".cconb":[14,276,390,409,474,531,585,644,66,99]},"hasPreloadScript":true,"dependencyRelationships":{},"types":["cc.ImageAsset","cc.Texture2D","cc.SpriteFrame","cc.AnimationClip","cc.Asset","sp.SkeletonData","cc.SpriteAtlas","cc.BitmapFont","cc.Prefab","cc.AudioClip"]}