[1,["b5NwdcAO1Hy51UOyKEtlt4@6c48a","b5NwdcAO1Hy51UOyKEtlt4@f9941"],["_textureSource","spriteFrame"],["cc.SpriteFrame",["cc.BitmapFont",["_name","fontSize","fntConfig"],0]],[[1,0,1,2,4]],[[[{"name":"hitnumber_0","rect":{"x":0,"y":0,"width":312,"height":33},"offset":{"x":-4,"y":1},"originalSize":{"width":320,"height":35},"rotated":false,"capInsets":[0,0,0,0],"vertices":{"rawPosition":[-156,-16.5,0,156,-16.5,0,-156,16.5,0,156,16.5,0],"indexes":[0,1,2,2,1,3],"uv":[0,35,312,35,0,2,312,2],"nuv":[0,0.05714285714285714,0.975,0.05714285714285714,0,1,0.975,1],"minPos":{"x":-156,"y":-16.5,"z":0},"maxPos":{"x":156,"y":16.5,"z":0}},"packable":true,"pixelsToUnit":100,"pivot":{"x":0.5,"y":0.5},"meshType":0}],[0],0,[0],[0],[0]],[[[0,"hitnumber",32,{"commonHeight":32,"fontSize":32,"atlasName":"hitnumber_0.png","fontDefDictionary":{"43":{"xOffset":0,"yOffset":0,"xAdvance":24,"rect":{"x":258,"y":0,"width":24,"height":33}},"46":{"xOffset":0,"yOffset":0,"xAdvance":10,"rect":{"x":303,"y":0,"width":10,"height":33}},"48":{"xOffset":0,"yOffset":0,"xAdvance":28,"rect":{"x":31,"y":0,"width":28,"height":33}},"49":{"xOffset":0,"yOffset":0,"xAdvance":19,"rect":{"x":283,"y":0,"width":19,"height":33}},"50":{"xOffset":0,"yOffset":0,"xAdvance":26,"rect":{"x":204,"y":0,"width":26,"height":33}},"51":{"xOffset":0,"yOffset":0,"xAdvance":27,"rect":{"x":176,"y":0,"width":27,"height":33}},"52":{"xOffset":0,"yOffset":0,"xAdvance":30,"rect":{"x":0,"y":0,"width":30,"height":33}},"53":{"xOffset":0,"yOffset":0,"xAdvance":28,"rect":{"x":60,"y":0,"width":28,"height":33}},"54":{"xOffset":0,"yOffset":0,"xAdvance":28,"rect":{"x":89,"y":0,"width":28,"height":33}},"55":{"xOffset":0,"yOffset":0,"xAdvance":26,"rect":{"x":231,"y":0,"width":26,"height":33}},"56":{"xOffset":0,"yOffset":0,"xAdvance":28,"rect":{"x":118,"y":0,"width":28,"height":33}},"57":{"xOffset":0,"yOffset":0,"xAdvance":28,"rect":{"x":147,"y":0,"width":28,"height":33}}},"kerningDict":{}}]],0,0,[0],[1],[1]]]]
