[1,["99VnXPQOlN3p7yWsv4YHJ2@6c48a"],["_textureSource"],["cc.SpriteFrame"],0,[{"name":"ocean_pearl_lightning_02","rect":{"x":91,"y":136,"width":331,"height":241},"offset":{"x":0.5,"y":-0.5},"originalSize":{"width":512,"height":512},"rotated":false,"capInsets":[0,0,0,0],"vertices":{"rawPosition":[-165.5,-120.5,0,165.5,-120.5,0,-165.5,120.5,0,165.5,120.5,0],"indexes":[0,1,2,2,1,3],"uv":[91,376,422,376,91,135,422,135],"nuv":[0.177734375,0.263671875,0.82421875,0.263671875,0.177734375,0.734375,0.82421875,0.734375],"minPos":{"x":-165.5,"y":-120.5,"z":0},"maxPos":{"x":165.5,"y":120.5,"z":0}},"packable":true,"pixelsToUnit":100,"pivot":{"x":0.5,"y":0.5},"meshType":0}],[0],0,[0],[0],[0]]
