[1,["160ea15dc@6c48a"],["_textureSource"],["cc.SpriteFrame","cc.SpriteAtlas"],0,[[[{"name":"icon_qiuqiu_cek_r","rect":{"x":297,"y":893,"width":74,"height":52},"offset":{"x":0,"y":0.5},"originalSize":{"width":74,"height":53},"rotated":false,"capInsets":[0,0,0,0],"packable":true,"pixelsToUnit":100,"pivot":{"x":0.5,"y":0.5},"meshType":0}],[0],0,[0],[0],[0]],[[{"name":"icon_qiuqiu_allin_l","rect":{"x":117,"y":813,"width":76,"height":54},"offset":{"x":0,"y":0.5},"originalSize":{"width":76,"height":55},"rotated":true,"capInsets":[0,0,0,0],"packable":true,"pixelsToUnit":100,"pivot":{"x":0.5,"y":0.5},"meshType":0}],[0],0,[0],[0],[0]],[[{"name":"btn_qiuqiu_caozuo_weixuan","rect":{"x":156,"y":780,"width":24,"height":24},"offset":{"x":0,"y":0},"originalSize":{"width":24,"height":24},"rotated":false,"capInsets":[0,0,0,0],"packable":true,"pixelsToUnit":100,"pivot":{"x":0.5,"y":0.5},"meshType":0}],[0],0,[0],[0],[0]],[[{"name":"btn_set_quit","rect":{"x":387,"y":683,"width":45,"height":23},"offset":{"x":-0.5,"y":0.5},"originalSize":{"width":46,"height":24},"rotated":true,"capInsets":[0,0,0,0],"packable":true,"pixelsToUnit":100,"pivot":{"x":0.5,"y":0.5},"meshType":0}],[0],0,[0],[0],[0]],[[{"name":"icon_qiuqiu_naik_l","rect":{"x":491,"y":786,"width":75,"height":54},"offset":{"x":0.5,"y":0.5},"originalSize":{"width":76,"height":55},"rotated":false,"capInsets":[0,0,0,0],"packable":true,"pixelsToUnit":100,"pivot":{"x":0.5,"y":0.5},"meshType":0}],[0],0,[0],[0],[0]],[[{"name":"bg_qiuqiu_xiazhubox","rect":{"x":3,"y":3,"width":316,"height":567},"offset":{"x":0,"y":0},"originalSize":{"width":316,"height":567},"rotated":true,"capInsets":[0,0,0,0],"packable":true,"pixelsToUnit":100,"pivot":{"x":0.5,"y":0.5},"meshType":0}],[0],0,[0],[0],[0]],[[{"name":"icon_qiuqiu_bailk_s","rect":{"x":426,"y":627,"width":76,"height":54},"offset":{"x":0,"y":-0.5},"originalSize":{"width":76,"height":55},"rotated":false,"capInsets":[0,0,0,0],"packable":true,"pixelsToUnit":100,"pivot":{"x":0.5,"y":0.5},"meshType":0}],[0],0,[0],[0],[0]],[[{"name":"btn_set_off","rect":{"x":223,"y":603,"width":80,"height":21},"offset":{"x":0,"y":0},"originalSize":{"width":80,"height":21},"rotated":false,"capInsets":[0,0,0,0],"packable":true,"pixelsToUnit":100,"pivot":{"x":0.5,"y":0.5},"meshType":0}],[0],0,[0],[0],[0]],[[{"name":"btn_qiuqiu_caozuo_quanzhong","rect":{"x":387,"y":653,"width":24,"height":24},"offset":{"x":0,"y":0},"originalSize":{"width":24,"height":24},"rotated":false,"capInsets":[0,0,0,0],"packable":true,"pixelsToUnit":100,"pivot":{"x":0.5,"y":0.5},"meshType":0}],[0],0,[0],[0],[0]],[[{"name":"btn_qiuqiu_caozuo_yellow","rect":{"x":317,"y":473,"width":214,"height":71},"offset":{"x":0,"y":0},"originalSize":{"width":214,"height":71},"rotated":false,"capInsets":[0,0,0,0],"packable":true,"pixelsToUnit":100,"pivot":{"x":0.5,"y":0.5},"meshType":0}],[0],0,[0],[0],[0]],[[{"name":"zi_qiuqiu_caizuo_Auto-Ikut","rect":{"x":309,"y":627,"width":111,"height":20},"offset":{"x":0,"y":0},"originalSize":{"width":111,"height":20},"rotated":false,"capInsets":[0,0,0,0],"packable":true,"pixelsToUnit":100,"pivot":{"x":0.5,"y":0.5},"meshType":0}],[0],0,[0],[0],[0]],[[{"name":"Cek","rect":{"x":223,"y":541,"width":84,"height":25},"offset":{"x":0,"y":0},"originalSize":{"width":84,"height":25},"rotated":false,"capInsets":[0,0,0,0],"packable":true,"pixelsToUnit":100,"pivot":{"x":0.5,"y":0.5},"meshType":0}],[0],0,[0],[0],[0]],[[{"name":"btn_quiqui_down","rect":{"x":223,"y":705,"width":69,"height":70},"offset":{"x":0,"y":0},"originalSize":{"width":69,"height":70},"rotated":true,"capInsets":[0,0,0,0],"packable":true,"pixelsToUnit":100,"pivot":{"x":0.5,"y":0.5},"meshType":0}],[0],0,[0],[0],[0]],[[{"name":"img_set_bg","rect":{"x":3,"y":325,"width":210,"height":308},"offset":{"x":0,"y":0},"originalSize":{"width":210,"height":308},"rotated":true,"capInsets":[0,0,0,0],"packable":true,"pixelsToUnit":100,"pivot":{"x":0.5,"y":0.5},"meshType":0}],[0],0,[0],[0],[0]],[[{"name":"btn_qiuqiu_xiazhu_50","rect":{"x":3,"y":786,"width":108,"height":107},"offset":{"x":0,"y":0},"originalSize":{"width":108,"height":107},"rotated":false,"capInsets":[0,0,0,0],"packable":true,"pixelsToUnit":100,"pivot":{"x":0.5,"y":0.5},"meshType":0}],[0],0,[0],[0],[0]],[[{"name":"btn_quiqui_chat","rect":{"x":372,"y":951,"width":69,"height":70},"offset":{"x":0,"y":0},"originalSize":{"width":69,"height":70},"rotated":false,"capInsets":[0,0,0,0],"packable":true,"pixelsToUnit":100,"pivot":{"x":0.5,"y":0.5},"meshType":0}],[0],0,[0],[0],[0]],[[{"name":"zi_qiuqiu_cuaozuo_Ikut","rect":{"x":524,"y":762,"width":42,"height":18},"offset":{"x":0,"y":0},"originalSize":{"width":42,"height":18},"rotated":false,"capInsets":[0,0,0,0],"packable":true,"pixelsToUnit":100,"pivot":{"x":0.5,"y":0.5},"meshType":0}],[0],0,[0],[0],[0]],[[{"name":"btn_qiuqiu_xiazhu_beishu","rect":{"x":3,"y":707,"width":112,"height":73},"offset":{"x":0,"y":0},"originalSize":{"width":112,"height":73},"rotated":false,"capInsets":[0,0,0,0],"packable":true,"pixelsToUnit":100,"pivot":{"x":0.5,"y":0.5},"meshType":0}],[0],0,[0],[0],[0]],[[{"name":"zi_qiuqiu_caizuo_Cek","rect":{"x":223,"y":572,"width":84,"height":25},"offset":{"x":0,"y":0},"originalSize":{"width":84,"height":25},"rotated":false,"capInsets":[0,0,0,0],"packable":true,"pixelsToUnit":100,"pivot":{"x":0.5,"y":0.5},"meshType":0}],[0],0,[0],[0],[0]],[[{"name":"zi_qiuqiu_jiesuan_QiuQiu","rect":{"x":3,"y":666,"width":122,"height":35},"offset":{"x":0,"y":0},"originalSize":{"width":122,"height":35},"rotated":false,"capInsets":[0,0,0,0],"packable":true,"pixelsToUnit":100,"pivot":{"x":0.5,"y":0.5},"meshType":0}],[0],0,[0],[0],[0]],[[{"name":"icon_qiuqiu_allin_s","rect":{"x":305,"y":653,"width":76,"height":54},"offset":{"x":0,"y":-0.5},"originalSize":{"width":76,"height":55},"rotated":false,"capInsets":[0,0,0,0],"packable":true,"pixelsToUnit":100,"pivot":{"x":0.5,"y":0.5},"meshType":0}],[0],0,[0],[0],[0]],[[{"name":"zi_qiuqiu_caizuo_Naik","rect":{"x":121,"y":769,"width":38,"height":29},"offset":{"x":0,"y":0},"originalSize":{"width":38,"height":29},"rotated":true,"capInsets":[0,0,0,0],"packable":true,"pixelsToUnit":100,"pivot":{"x":0.5,"y":0.5},"meshType":0}],[0],0,[0],[0],[0]],[[{"name":"auto_qiuqiu","spriteFrames":["tc_big","19YH3gvTVJOq5zWVdf6xOk@f9941","icon_dt_loading_0","85SRGGSIpIg5Ln+68tNNE9@f9941","bg_qiuqiu_caozuobox","479otY+ftOKa9rY+ck2zHx@f9941","head1","9aDFI9c1VN777b+ZnwQzEi@f9941","GameGules","49oZcl7EZCO5r7UFrWw6mw@f9941","icon_dt_loading_1","aeWzn69IFMkZbiNErfdbWs@f9941","btn_set_on","b0cv1SrdJFa4I+e3iEz7rv@f9941","pai_beimian","c5RYNEA65B1Y9rCj07+KTJ@f9941","btn_bet_deer","41GoDpQShF956ooAuNdaaW@f9941","bg_qiuqiu_jinebox","893ZGCSihLspQrjzy+slaZ@f9941","img_pesone_bg1","5diNwJnXdFWoefs1/Z7i6R@f9941","zi_qiuqiu_jiesuan_SmallCards","9eXhr72/tLtIIWB7/m9vNc@f9941","zi_qiuqiu_caizuo_Auto-Balik","22QIi5U6dCwZZecBN5w7xE@f9941","zi_qiuqiu_caizuo_IkutApapun","49lpgp1d5KK5aPkyJ+M6HF@f9941","btn_set_gules","3ehhj9WKdBaquKrfmWn8wo@f9941","img_turn_tips","44PYodskBOFoO4RvdohbUW@f9941","bg_qiuqiu_choumabg","70E7YBGNND0IbZsV8fkcq4@f9941","btn_qiuqiu_xiazhu_10","19BENtsCNNJL43aCo7HC9H@f9941","btn_quit","fffmKDaRxG1YwN0tATb8YT@f9941","btn_qiuqiu_xiazhuqueren","c0U31RoKdKE7EFrrFh9pwX@f9941","bg_qiuqiu_tishikuang","cdGNDR/Z5B57c4DFT5+sGT@f9941","icon_qiuqiu_xiazhu_choumajindu","c2Kw6ajyBEapkKznEHdieG@f9941","icon_qiuqiu_paibei","9dWgnyHQpGP5Y7b69bwT2h@f9941","img_cutdown_bg","63xcNrsK9Hk4q8oXdfCdQg@f9941","bg_qiuqiu_jbtishikuang","6aaEacuiRPUap4Y7DWsnxh@f9941","zi_qiuqiu_jiesuan_TwinCards","3bESPmfRlAjZp1O+1U0/3X@f9941","btn_set_music","d8NxhqFc5J4a5P/oKM6ItP@f9941","btn_set_change","8fhNnm3zVJQoMz/NH5CkV2@f9941","zi_qiuqiu_caozuo_Naik","30nkF+E6ZJ9r/rGGn7PhTy@f9941","zi_qiuqiu_caozuo_Cek","63//u5PtBLjZurMkDq50Xa@f9941","zi_qiuqiu_caozuo_Allin","37gX7FIS1DH6JDIrIax4He@f9941","icon_qiuqiu_cardback","24WgaLId5FV7CMZFqJJodL@f9941","bg_qiuqiu_xiazhubox","21GAr2BfpP96H/JxorUNUb@f9941","img_set_bg","45f6ebegpIEae7ORKxCxoc@f9941","img_pesone_bg","90vtjwJm5L9JSk08Z6W9M0@f9941","btn_continue","e4OLJhwEdG8ZoWeUpV4Leo@f9941","Cek_Balik","8cng5EmLxCRrWQXQPo9fVM@f9941","btn_qiuqiu_caozuo_yellow","28pmjlM7JHro+YQ6iK7ISd@f9941","img_banker_bg","c9hLFp4xBFU5mkq7tSicS9@f9941","btn_qiuqiu_caozuo_green","d8G99xrgNCnqTIMumCe/ia@f9941","Cek","41X3C5QTVIg7CHu9n4bPTA@f9941","btn_qiuqiu_caozuo_red","deCWQrZthAqasO9dQnBbwq@f9941","zi_qiuqiu_caizuo_Cek","5bZ+Yfm2lBrKOje5tf93sc@f9941","zi_qiuqiu_jiesuan_saix","88EperHqpKh5tlufYeHQD4@f9941","btn_set_off","262ApIrrpIZpXGuU/fQuet@f9941","zi_qiuqiu_jiesuan_BigCards","a67KWyQdtAGLCs309QkNdX@f9941","icon_qiuqiu_cek_l","a6sS1g75dN0ZBL4b7bNpNH@f9941","zi_qiuqiu_jiesuan_QiuQiu","5dUHKY865GR5TzAc/Tm4MV@f9941","zi_qiuqiu_caizuo_Balik","83HxqQaZdGyar5ZeEe2jln@f9941","btn_qiuqiu_xiazhu_beishu","5bLosPsKdBnqr7aDjFWSWe@f9941","zi_qiuqiu_caizuo_Auto-Ikut","41UDzwXKxKxJKcOBT8thvg@f9941","btn_offpink","87m0RrTzxBJIqZeCdRp4Dp@f9941","icon_qiuqiu_naik_s","fbwA4wcHpPTJCp0AGJIpHE@f9941","zi_qiuqiu_caizuo_Naik","64OUFSjw1L+6HTawmiXKje@f9941","btn_qiuqiu_xiazhu_50","4cF0TP1UpBdqxWIOiNA69F@f9941","btn_qiuqiu_xiazhu_5","99U5j74cdLH51/J9Bu1kpR@f9941","btn_qiuqiu_xiazhu_20","91CkeQaUVPmI7uvgVIOl/l@f9941","icon_qiuqiu_allin_l","0eudzvDQpNAKtxh480B8eU@f9941","btn_qiuqiu_caozuo_weixuan","1bkhnJTO5EsYDjTj11JB4S@f9941","img_head_bg","7cDrfNs8BDEaO4j8iDTvXY@f9941","btn_quiqui_down","435R8ZFGdD8oqVVxizOD7R@f9941","icon_qiuqiu_bailk_s","24arivmbFLYLMN50nvDOh8@f9941","zi_qiuqiu_caozuo_Balik","9bqdTbfhNIO4JED4rLjKTB@f9941","icon_qiuqiu_allin_s","63DejEAqBO9rMKAzVevCtV@f9941","btn_qiuqiu_caozuo_quanzhong","28SvCw2RFHZp4w3I7B80IG@f9941","btn_set_quit","1d2rUFj3VOJYAl01HsBknk@f9941","icon_qiuqiu_ikut_s","b3s1iu9GZAgbGgsOfWTbYU@f9941","icon_qiuqiu_bailk_r","d5AI3C24VDSatFnRe9L/Rh@f9941","btn_set_effect","efqQH7xFhOd6tFvgFXRiVy@f9941","icon_qiuqiu_allin_r","f5Y8oUeqxI1Z6YstIJRrZh@f9941","zi_qiuqiu_caizuo_Ikut","f4fJm9m/BKKZT4Q91Bce3w@f9941","zi_qiuqiu_cuaozuo_Ikut","57WCH8KfdAkYRL/XgH+JjZ@f9941","icon_qiuqiu_bailk_l","fa9/9OFxZKD4BRBsnRFk+V@f9941","icon_qiuqiu_naik_l","20oprpaUhG4I6uoU3/OIGQ@f9941","icon_qiuqiu_ikutl_l","b7tkzPnq1PcY6s+plF+KgT@f9941","icon_qiuqiu_ikutl_r","c0thKsA+JHoZoUEhKDu5xk@f9941","btn_off","d8JerikldEFrtaGL0N8ACP@f9941","btn_quiqui_gift","deKqKiz0NDn6etWt3XNcRt@f9941","icon_qiuqiu_naik_r","fdUdb2LIVAYKpVz0hYx2wu@f9941","icon_qiuqiu_cek_r","08eAXbh5FGCo+nZrGfAAmp@f9941","btn_quiqui_chat","56xpas+zdCl7Gp+2JnbJyh@f9941","icon_qiuqiu_cek_s","8bw6JUiSRKBIdl95sV3vTY@f9941","btn_quiqui_shop","7fy4NnVKNPhZH1XgRJPstr@f9941","btn_quiqui_up","82HjZma3VPs6rQq6Uk8BOW@f9941"]}],[1],0,[],[],[]],[[{"name":"img_head_bg","rect":{"x":186,"y":780,"width":106,"height":106},"offset":{"x":0,"y":0},"originalSize":{"width":106,"height":106},"rotated":false,"capInsets":[0,0,0,0],"packable":true,"pixelsToUnit":100,"pivot":{"x":0.5,"y":0.5},"meshType":0}],[0],0,[0],[0],[0]],[[{"name":"btn_quiqui_shop","rect":{"x":447,"y":951,"width":69,"height":70},"offset":{"x":0,"y":0},"originalSize":{"width":69,"height":70},"rotated":false,"capInsets":[0,0,0,0],"packable":true,"pixelsToUnit":100,"pivot":{"x":0.5,"y":0.5},"meshType":0}],[0],0,[0],[0],[0]],[[{"name":"btn_quiqui_up","rect":{"x":457,"y":867,"width":69,"height":70},"offset":{"x":0,"y":0},"originalSize":{"width":69,"height":70},"rotated":false,"capInsets":[0,0,0,0],"packable":true,"pixelsToUnit":100,"pivot":{"x":0.5,"y":0.5},"meshType":0}],[0],0,[0],[0],[0]],[[{"name":"zi_qiuqiu_caizuo_Balik","rect":{"x":131,"y":666,"width":97,"height":25},"offset":{"x":0,"y":0},"originalSize":{"width":97,"height":25},"rotated":true,"capInsets":[0,0,0,0],"packable":true,"pixelsToUnit":100,"pivot":{"x":0.5,"y":0.5},"meshType":0}],[0],0,[0],[0],[0]],[[{"name":"btn_offpink","rect":{"x":223,"y":630,"width":69,"height":76},"offset":{"x":0,"y":0},"originalSize":{"width":69,"height":76},"rotated":true,"capInsets":[0,0,0,0],"packable":true,"pixelsToUnit":100,"pivot":{"x":0.5,"y":0.5},"meshType":0}],[0],0,[0],[0],[0]],[[{"name":"zi_qiuqiu_jiesuan_saix","rect":{"x":533,"y":582,"width":174,"height":35},"offset":{"x":0,"y":0},"originalSize":{"width":174,"height":35},"rotated":true,"capInsets":[0,0,0,0],"packable":true,"pixelsToUnit":100,"pivot":{"x":0.5,"y":0.5},"meshType":0}],[0],0,[0],[0],[0]],[[{"name":"icon_qiuqiu_cek_s","rect":{"x":377,"y":893,"width":74,"height":52},"offset":{"x":0,"y":-0.5},"originalSize":{"width":74,"height":53},"rotated":false,"capInsets":[0,0,0,0],"packable":true,"pixelsToUnit":100,"pivot":{"x":0.5,"y":0.5},"meshType":0}],[0],0,[0],[0],[0]],[[{"name":"Cek_Balik","rect":{"x":538,"y":396,"width":144,"height":31},"offset":{"x":0,"y":0},"originalSize":{"width":144,"height":31},"rotated":true,"capInsets":[0,0,0,0],"packable":true,"pixelsToUnit":100,"pivot":{"x":0.5,"y":0.5},"meshType":0}],[0],0,[0],[0],[0]],[[{"name":"img_pesone_bg","rect":{"x":317,"y":325,"width":231,"height":65},"offset":{"x":0,"y":0},"originalSize":{"width":231,"height":65},"rotated":false,"capInsets":[0,0,0,0],"packable":true,"pixelsToUnit":100,"pivot":{"x":0.5,"y":0.5},"meshType":0}],[0],0,[0],[0],[0]],[[{"name":"btn_qiuqiu_xiazhu_20","rect":{"x":116,"y":899,"width":107,"height":107},"offset":{"x":0,"y":0},"originalSize":{"width":107,"height":107},"rotated":false,"capInsets":[0,0,0,0],"packable":true,"pixelsToUnit":100,"pivot":{"x":0.5,"y":0.5},"meshType":0}],[0],0,[0],[0],[0]],[[{"name":"btn_qiuqiu_xiazhu_5","rect":{"x":3,"y":899,"width":107,"height":108},"offset":{"x":0,"y":0},"originalSize":{"width":107,"height":108},"rotated":false,"capInsets":[0,0,0,0],"packable":true,"pixelsToUnit":100,"pivot":{"x":0.5,"y":0.5},"meshType":0}],[0],0,[0],[0],[0]],[[{"name":"zi_qiuqiu_caozuo_Balik","rect":{"x":508,"y":627,"width":70,"height":19},"offset":{"x":0,"y":0},"originalSize":{"width":70,"height":19},"rotated":true,"capInsets":[0,0,0,0],"packable":true,"pixelsToUnit":100,"pivot":{"x":0.5,"y":0.5},"meshType":0}],[0],0,[0],[0],[0]],[[{"name":"icon_qiuqiu_cek_l","rect":{"x":164,"y":618,"width":74,"height":53},"offset":{"x":0,"y":0},"originalSize":{"width":74,"height":53},"rotated":true,"capInsets":[0,0,0,0],"packable":true,"pixelsToUnit":100,"pivot":{"x":0.5,"y":0.5},"meshType":0}],[0],0,[0],[0],[0]],[[{"name":"zi_qiuqiu_jiesuan_BigCards","rect":{"x":3,"y":618,"width":155,"height":42},"offset":{"x":0,"y":0},"originalSize":{"width":155,"height":42},"rotated":false,"capInsets":[0,0,0,0],"packable":true,"pixelsToUnit":100,"pivot":{"x":0.5,"y":0.5},"meshType":0}],[0],0,[0],[0],[0]],[[{"name":"icon_qiuqiu_ikut_s","rect":{"x":299,"y":713,"width":76,"height":54},"offset":{"x":0,"y":-0.5},"originalSize":{"width":76,"height":55},"rotated":false,"capInsets":[0,0,0,0],"packable":true,"pixelsToUnit":100,"pivot":{"x":0.5,"y":0.5},"meshType":0}],[0],0,[0],[0],[0]],[[{"name":"icon_qiuqiu_ikutl_l","rect":{"x":381,"y":807,"width":75,"height":54},"offset":{"x":0.5,"y":0.5},"originalSize":{"width":76,"height":55},"rotated":false,"capInsets":[0,0,0,0],"packable":true,"pixelsToUnit":100,"pivot":{"x":0.5,"y":0.5},"meshType":0}],[0],0,[0],[0],[0]],[[{"name":"icon_qiuqiu_ikutl_r","rect":{"x":298,"y":833,"width":75,"height":54},"offset":{"x":-0.5,"y":0.5},"originalSize":{"width":76,"height":55},"rotated":false,"capInsets":[0,0,0,0],"packable":true,"pixelsToUnit":100,"pivot":{"x":0.5,"y":0.5},"meshType":0}],[0],0,[0],[0],[0]],[[{"name":"img_banker_bg","rect":{"x":537,"y":546,"width":30,"height":33},"offset":{"x":0,"y":0},"originalSize":{"width":30,"height":33},"rotated":true,"capInsets":[0,0,0,0],"packable":true,"pixelsToUnit":100,"pivot":{"x":0.5,"y":0.5},"meshType":0}],[0],0,[0],[0],[0]],[[{"name":"icon_qiuqiu_bailk_r","rect":{"x":416,"y":687,"width":76,"height":54},"offset":{"x":0,"y":0.5},"originalSize":{"width":76,"height":55},"rotated":false,"capInsets":[0,0,0,0],"packable":true,"pixelsToUnit":100,"pivot":{"x":0.5,"y":0.5},"meshType":0}],[0],0,[0],[0],[0]],[[{"name":"btn_qiuqiu_caozuo_green","rect":{"x":3,"y":541,"width":214,"height":71},"offset":{"x":0,"y":0},"originalSize":{"width":214,"height":71},"rotated":false,"capInsets":[0,0,0,0],"packable":true,"pixelsToUnit":100,"pivot":{"x":0.5,"y":0.5},"meshType":0}],[0],0,[0],[0],[0]],[[{"name":"btn_off","rect":{"x":229,"y":892,"width":62,"height":62},"offset":{"x":0,"y":0},"originalSize":{"width":62,"height":62},"rotated":false,"capInsets":[0,0,0,0],"packable":true,"pixelsToUnit":100,"pivot":{"x":0.5,"y":0.5},"meshType":0}],[0],0,[0],[0],[0]],[[{"name":"btn_qiuqiu_caozuo_red","rect":{"x":313,"y":550,"width":214,"height":71},"offset":{"x":0,"y":0},"originalSize":{"width":214,"height":71},"rotated":false,"capInsets":[0,0,0,0],"packable":true,"pixelsToUnit":100,"pivot":{"x":0.5,"y":0.5},"meshType":0}],[0],0,[0],[0],[0]],[[{"name":"btn_quiqui_gift","rect":{"x":229,"y":960,"width":56,"height":56},"offset":{"x":0,"y":0},"originalSize":{"width":56,"height":56},"rotated":false,"capInsets":[0,0,0,0],"packable":true,"pixelsToUnit":100,"pivot":{"x":0.5,"y":0.5},"meshType":0}],[0],0,[0],[0],[0]],[[{"name":"btn_continue","rect":{"x":317,"y":396,"width":215,"height":71},"offset":{"x":0,"y":0},"originalSize":{"width":215,"height":71},"rotated":false,"capInsets":[0,0,0,0],"packable":true,"pixelsToUnit":100,"pivot":{"x":0.5,"y":0.5},"meshType":0}],[0],0,[0],[0],[0]],[[{"name":"btn_set_effect","rect":{"x":381,"y":734,"width":59,"height":22},"offset":{"x":0,"y":0},"originalSize":{"width":59,"height":22},"rotated":true,"capInsets":[0,0,0,0],"packable":true,"pixelsToUnit":100,"pivot":{"x":0.5,"y":0.5},"meshType":0}],[0],0,[0],[0],[0]],[[{"name":"zi_qiuqiu_caizuo_Ikut","rect":{"x":498,"y":703,"width":72,"height":20},"offset":{"x":0,"y":0},"originalSize":{"width":72,"height":20},"rotated":true,"capInsets":[0,0,0,0],"packable":true,"pixelsToUnit":100,"pivot":{"x":0.5,"y":0.5},"meshType":0}],[0],0,[0],[0],[0]],[[{"name":"icon_qiuqiu_allin_r","rect":{"x":299,"y":773,"width":76,"height":54},"offset":{"x":0,"y":0.5},"originalSize":{"width":76,"height":55},"rotated":false,"capInsets":[0,0,0,0],"packable":true,"pixelsToUnit":100,"pivot":{"x":0.5,"y":0.5},"meshType":0}],[0],0,[0],[0],[0]],[[{"name":"icon_qiuqiu_bailk_l","rect":{"x":409,"y":747,"width":76,"height":54},"offset":{"x":0,"y":0.5},"originalSize":{"width":76,"height":55},"rotated":false,"capInsets":[0,0,0,0],"packable":true,"pixelsToUnit":100,"pivot":{"x":0.5,"y":0.5},"meshType":0}],[0],0,[0],[0],[0]],[[{"name":"icon_qiuqiu_naik_s","rect":{"x":162,"y":698,"width":76,"height":55},"offset":{"x":0,"y":0},"originalSize":{"width":76,"height":55},"rotated":true,"capInsets":[0,0,0,0],"packable":true,"pixelsToUnit":100,"pivot":{"x":0.5,"y":0.5},"meshType":0}],[0],0,[0],[0],[0]],[[{"name":"icon_qiuqiu_naik_r","rect":{"x":291,"y":960,"width":75,"height":54},"offset":{"x":-0.5,"y":0.5},"originalSize":{"width":76,"height":55},"rotated":false,"capInsets":[0,0,0,0],"packable":true,"pixelsToUnit":100,"pivot":{"x":0.5,"y":0.5},"meshType":0}],[0],0,[0],[0],[0]]]]
