[1,["56C8uR/oFE4LiBzWnOx/9V@f9941","56C8uR/oFE4LiBzWnOx/9V@6c48a"],["spriteFrame","_textureSource"],["cc.SpriteFrame",["cc.BitmapFont",["_name","fontSize","fntConfig"],0]],[[1,0,1,2,4]],[[[[0,"shuzi_longhu_jiesuan_ying",32,{"commonHeight":32,"fontSize":32,"atlasName":"shuzi_longhu_jiesuan_ying_0.png","fontDefDictionary":{"43":{"xOffset":0,"yOffset":0,"xAdvance":23,"rect":{"x":106,"y":0,"width":23,"height":44}},"44":{"xOffset":0,"yOffset":0,"xAdvance":8,"rect":{"x":241,"y":0,"width":8,"height":44}},"46":{"xOffset":0,"yOffset":0,"xAdvance":7,"rect":{"x":249,"y":0,"width":7,"height":44}},"48":{"xOffset":0,"yOffset":0,"xAdvance":23,"rect":{"x":129,"y":0,"width":23,"height":44}},"49":{"xOffset":0,"yOffset":0,"xAdvance":16,"rect":{"x":86,"y":44,"width":16,"height":44}},"50":{"xOffset":0,"yOffset":0,"xAdvance":21,"rect":{"x":44,"y":44,"width":21,"height":44}},"51":{"xOffset":0,"yOffset":0,"xAdvance":21,"rect":{"x":65,"y":44,"width":21,"height":44}},"52":{"xOffset":0,"yOffset":0,"xAdvance":22,"rect":{"x":175,"y":0,"width":22,"height":44}},"53":{"xOffset":0,"yOffset":0,"xAdvance":22,"rect":{"x":197,"y":0,"width":22,"height":44}},"54":{"xOffset":0,"yOffset":0,"xAdvance":23,"rect":{"x":152,"y":0,"width":23,"height":44}},"55":{"xOffset":0,"yOffset":0,"xAdvance":22,"rect":{"x":219,"y":0,"width":22,"height":44}},"56":{"xOffset":0,"yOffset":0,"xAdvance":22,"rect":{"x":0,"y":44,"width":22,"height":44}},"57":{"xOffset":0,"yOffset":0,"xAdvance":22,"rect":{"x":22,"y":44,"width":22,"height":44}},"66":{"xOffset":0,"yOffset":0,"xAdvance":24,"rect":{"x":82,"y":0,"width":24,"height":44}},"75":{"xOffset":0,"yOffset":0,"xAdvance":25,"rect":{"x":57,"y":0,"width":25,"height":44}},"77":{"xOffset":0,"yOffset":0,"xAdvance":30,"rect":{"x":0,"y":0,"width":30,"height":44}},"84":{"xOffset":0,"yOffset":0,"xAdvance":27,"rect":{"x":30,"y":0,"width":27,"height":44}}},"kerningDict":{}}]],0,0,[0],[0],[0]],[[{"name":"shuzi_longhu_jiesuan_ying_0","rect":{"x":0,"y":1,"width":256,"height":83},"offset":{"x":0,"y":85.5},"originalSize":{"width":256,"height":256},"rotated":false,"capInsets":[0,0,0,0],"vertices":{"rawPosition":[-128,-41.5,0,128,-41.5,0,-128,41.5,0,128,41.5,0],"indexes":[0,1,2,2,1,3],"uv":[0,255,256,255,0,172,256,172],"nuv":[0,0.671875,1,0.671875,0,0.99609375,1,0.99609375],"minPos":{"x":-128,"y":-41.5,"z":0},"maxPos":{"x":128,"y":41.5,"z":0}},"packable":true,"pixelsToUnit":100,"pivot":{"x":0.5,"y":0.5},"meshType":0}],[0],0,[0],[1],[1]]]]
