[1,["b4A0E14aFFApO8FJTPPBP2@6c48a"],["_textureSource"],["cc.SpriteFrame"],0,[{"name":"grand_jackpot_es","rect":{"x":59,"y":1,"width":434,"height":52},"offset":{"x":-2.5,"y":0},"originalSize":{"width":557,"height":54},"rotated":false,"capInsets":[0,0,0,0],"vertices":{"rawPosition":[-217,-26,0,217,-26,0,-217,26,0,217,26,0],"indexes":[0,1,2,2,1,3],"uv":[59,53,493,53,59,1,493,1],"nuv":[0.1059245960502693,0.018518518518518517,0.8850987432675045,0.018518518518518517,0.1059245960502693,0.9814814814814815,0.8850987432675045,0.9814814814814815],"minPos":{"x":-217,"y":-26,"z":0},"maxPos":{"x":217,"y":26,"z":0}},"packable":true,"pixelsToUnit":100,"pivot":{"x":0.5,"y":0.5},"meshType":0}],[0],0,[0],[0],[0]]
