[1,["72uykR6KZL5bTf2PpDnIZO@6c48a"],["_textureSource"],["cc.SpriteFrame"],0,[{"name":"k","rect":{"x":2,"y":2,"width":91,"height":98},"offset":{"x":-16.5,"y":13},"originalSize":{"width":128,"height":128},"rotated":false,"capInsets":[0,0,0,0],"vertices":{"rawPosition":[-45.5,-49,0,45.5,-49,0,-45.5,49,0,45.5,49,0],"indexes":[0,1,2,2,1,3],"uv":[2,126,93,126,2,28,93,28],"nuv":[0.015625,0.21875,0.7265625,0.21875,0.015625,0.984375,0.7265625,0.984375],"minPos":{"x":-45.5,"y":-49,"z":0},"maxPos":{"x":45.5,"y":49,"z":0}},"packable":true,"pixelsToUnit":100,"pivot":{"x":0.5,"y":0.5},"meshType":0}],[0],0,[0],[0],[0]]
