[1,["46jPoiIAtBx4qR/6VkV76C@6c48a"],["_textureSource"],["cc.SpriteFrame","cc.SpriteAtlas"],0,[[[{"name":"bg6guangpls","spriteFrames":["bg6guang0_1","b19cdvFxJH/pmx3TJIUJsw@f8f9f","bg6guang0_2","b19cdvFxJH/pmx3TJIUJsw@22127","bg6guang0_3","b19cdvFxJH/pmx3TJIUJsw@a7885","bg6guang0_4","b19cdvFxJH/pmx3TJIUJsw@136bf","bg6guang0_5","b19cdvFxJH/pmx3TJIUJsw@bc685","bg6guang0_6","b19cdvFxJH/pmx3TJIUJsw@eaaab","bg6guang0_7","b19cdvFxJH/pmx3TJIUJsw@fa47e","bg6guang0_8","b19cdvFxJH/pmx3TJIUJsw@1e4d4","bg6guang0_9","b19cdvFxJH/pmx3TJIUJsw@66504","bg6guang0_10","b19cdvFxJH/pmx3TJIUJsw@2dd2e","bg6guang1_1","b19cdvFxJH/pmx3TJIUJsw@1b7c5","bg6guang1_2","b19cdvFxJH/pmx3TJIUJsw@3b66d","bg6guang1_3","b19cdvFxJH/pmx3TJIUJsw@ef7b3","bg6guang1_4","b19cdvFxJH/pmx3TJIUJsw@6ae50","bg6guang1_5","b19cdvFxJH/pmx3TJIUJsw@5f72b","bg6guang1_6","b19cdvFxJH/pmx3TJIUJsw@92182","bg6guang1_7","b19cdvFxJH/pmx3TJIUJsw@9ada3","bg6guang1_8","b19cdvFxJH/pmx3TJIUJsw@f4f9e","bg6guang1_9","b19cdvFxJH/pmx3TJIUJsw@63b76","bg6guang1_10","b19cdvFxJH/pmx3TJIUJsw@bf904","bg6guang2_1","b19cdvFxJH/pmx3TJIUJsw@d472f","bg6guang2_2","b19cdvFxJH/pmx3TJIUJsw@94ea1","bg6guang2_3","b19cdvFxJH/pmx3TJIUJsw@d9b4e","bg6guang2_4","b19cdvFxJH/pmx3TJIUJsw@a5b15","bg6guang2_5","b19cdvFxJH/pmx3TJIUJsw@ccbea","bg6guang2_6","b19cdvFxJH/pmx3TJIUJsw@bb17d","bg6guang2_7","b19cdvFxJH/pmx3TJIUJsw@f460e","bg6guang2_8","b19cdvFxJH/pmx3TJIUJsw@00989","bg6guang2_9","b19cdvFxJH/pmx3TJIUJsw@0ca18","bg6guang2_10","b19cdvFxJH/pmx3TJIUJsw@bf128"]}],[1],0,[],[],[]],[[{"name":"bg6guang2_8","rect":{"x":2,"y":508,"width":598,"height":504},"offset":{"x":13,"y":23},"originalSize":{"width":650,"height":550},"rotated":false,"capInsets":[0,0,0,0],"vertices":{"rawPosition":[],"indexes":[],"uv":[],"nuv":[],"minPos":{"x":0,"y":0,"z":0},"maxPos":{"x":0,"y":0,"z":0}},"packable":true,"pixelsToUnit":100,"pivot":{"x":0.5,"y":0.5},"meshType":0}],[0],0,[0],[0],[0]],[[{"name":"bg6guang2_9","rect":{"x":2,"y":2,"width":598,"height":504},"offset":{"x":12,"y":23},"originalSize":{"width":650,"height":550},"rotated":false,"capInsets":[0,0,0,0],"vertices":{"rawPosition":[],"indexes":[],"uv":[],"nuv":[],"minPos":{"x":0,"y":0,"z":0},"maxPos":{"x":0,"y":0,"z":0}},"packable":true,"pixelsToUnit":100,"pivot":{"x":0.5,"y":0.5},"meshType":0}],[0],0,[0],[0],[0]],[[{"name":"bg6guang0_4","rect":{"x":1628,"y":1170,"width":100,"height":70},"offset":{"x":0,"y":-2},"originalSize":{"width":166,"height":166},"rotated":true,"capInsets":[0,0,0,0],"vertices":{"rawPosition":[],"indexes":[],"uv":[],"nuv":[],"minPos":{"x":0,"y":0,"z":0},"maxPos":{"x":0,"y":0,"z":0}},"packable":true,"pixelsToUnit":100,"pivot":{"x":0.5,"y":0.5},"meshType":0}],[0],0,[0],[0],[0]],[[{"name":"bg6guang1_1","rect":{"x":1452,"y":1750,"width":216,"height":134},"offset":{"x":2,"y":-1},"originalSize":{"width":400,"height":200},"rotated":false,"capInsets":[0,0,0,0],"vertices":{"rawPosition":[],"indexes":[],"uv":[],"nuv":[],"minPos":{"x":0,"y":0,"z":0},"maxPos":{"x":0,"y":0,"z":0}},"packable":true,"pixelsToUnit":100,"pivot":{"x":0.5,"y":0.5},"meshType":0}],[0],0,[0],[0],[0]],[[{"name":"bg6guang0_8","rect":{"x":1622,"y":1886,"width":84,"height":54},"offset":{"x":8,"y":5},"originalSize":{"width":166,"height":166},"rotated":true,"capInsets":[0,0,0,0],"vertices":{"rawPosition":[],"indexes":[],"uv":[],"nuv":[],"minPos":{"x":0,"y":0,"z":0},"maxPos":{"x":0,"y":0,"z":0}},"packable":true,"pixelsToUnit":100,"pivot":{"x":0.5,"y":0.5},"meshType":0}],[0],0,[0],[0],[0]],[[{"name":"bg6guang0_2","rect":{"x":1682,"y":1364,"width":52,"height":74},"offset":{"x":13,"y":11},"originalSize":{"width":166,"height":166},"rotated":false,"capInsets":[0,0,0,0],"vertices":{"rawPosition":[],"indexes":[],"uv":[],"nuv":[],"minPos":{"x":0,"y":0,"z":0},"maxPos":{"x":0,"y":0,"z":0}},"packable":true,"pixelsToUnit":100,"pivot":{"x":0.5,"y":0.5},"meshType":0}],[0],0,[0],[0],[0]],[[{"name":"bg6guang0_10","rect":{"x":1452,"y":1960,"width":72,"height":72},"offset":{"x":5,"y":-7},"originalSize":{"width":166,"height":166},"rotated":false,"capInsets":[0,0,0,0],"vertices":{"rawPosition":[],"indexes":[],"uv":[],"nuv":[],"minPos":{"x":0,"y":0,"z":0},"maxPos":{"x":0,"y":0,"z":0}},"packable":true,"pixelsToUnit":100,"pivot":{"x":0.5,"y":0.5},"meshType":0}],[0],0,[0],[0],[0]],[[{"name":"bg6guang1_2","rect":{"x":1476,"y":1606,"width":254,"height":142},"offset":{"x":-25,"y":3},"originalSize":{"width":400,"height":200},"rotated":false,"capInsets":[0,0,0,0],"vertices":{"rawPosition":[],"indexes":[],"uv":[],"nuv":[],"minPos":{"x":0,"y":0,"z":0},"maxPos":{"x":0,"y":0,"z":0}},"packable":true,"pixelsToUnit":100,"pivot":{"x":0.5,"y":0.5},"meshType":0}],[0],0,[0],[0],[0]],[[{"name":"bg6guang1_5","rect":{"x":1190,"y":1170,"width":300,"height":140},"offset":{"x":0,"y":2},"originalSize":{"width":400,"height":200},"rotated":false,"capInsets":[0,0,0,0],"vertices":{"rawPosition":[],"indexes":[],"uv":[],"nuv":[],"minPos":{"x":0,"y":0,"z":0},"maxPos":{"x":0,"y":0,"z":0}},"packable":true,"pixelsToUnit":100,"pivot":{"x":0.5,"y":0.5},"meshType":0}],[0],0,[0],[0],[0]],[[{"name":"bg6guang1_9","rect":{"x":1184,"y":1584,"width":290,"height":128},"offset":{"x":5,"y":-3},"originalSize":{"width":400,"height":200},"rotated":false,"capInsets":[0,0,0,0],"vertices":{"rawPosition":[],"indexes":[],"uv":[],"nuv":[],"minPos":{"x":0,"y":0,"z":0},"maxPos":{"x":0,"y":0,"z":0}},"packable":true,"pixelsToUnit":100,"pivot":{"x":0.5,"y":0.5},"meshType":0}],[0],0,[0],[0],[0]],[[{"name":"bg6guang0_9","rect":{"x":1542,"y":1886,"width":78,"height":78},"offset":{"x":2,"y":-5},"originalSize":{"width":166,"height":166},"rotated":false,"capInsets":[0,0,0,0],"vertices":{"rawPosition":[],"indexes":[],"uv":[],"nuv":[],"minPos":{"x":0,"y":0,"z":0},"maxPos":{"x":0,"y":0,"z":0}},"packable":true,"pixelsToUnit":100,"pivot":{"x":0.5,"y":0.5},"meshType":0}],[0],0,[0],[0],[0]],[[{"name":"bg6guang1_4","rect":{"x":1492,"y":1170,"width":292,"height":134},"offset":{"x":4,"y":-1},"originalSize":{"width":400,"height":200},"rotated":true,"capInsets":[0,0,0,0],"vertices":{"rawPosition":[],"indexes":[],"uv":[],"nuv":[],"minPos":{"x":0,"y":0,"z":0},"maxPos":{"x":0,"y":0,"z":0}},"packable":true,"pixelsToUnit":100,"pivot":{"x":0.5,"y":0.5},"meshType":0}],[0],0,[0],[0],[0]],[[{"name":"bg6guang1_6","rect":{"x":1310,"y":1714,"width":268,"height":140},"offset":{"x":-17,"y":2},"originalSize":{"width":400,"height":200},"rotated":true,"capInsets":[0,0,0,0],"vertices":{"rawPosition":[],"indexes":[],"uv":[],"nuv":[],"minPos":{"x":0,"y":0,"z":0},"maxPos":{"x":0,"y":0,"z":0}},"packable":true,"pixelsToUnit":100,"pivot":{"x":0.5,"y":0.5},"meshType":0}],[0],0,[0],[0],[0]],[[{"name":"bg6guang2_2","rect":{"x":1198,"y":584,"width":584,"height":504},"offset":{"x":15,"y":23},"originalSize":{"width":650,"height":550},"rotated":true,"capInsets":[0,0,0,0],"vertices":{"rawPosition":[],"indexes":[],"uv":[],"nuv":[],"minPos":{"x":0,"y":0,"z":0},"maxPos":{"x":0,"y":0,"z":0}},"packable":true,"pixelsToUnit":100,"pivot":{"x":0.5,"y":0.5},"meshType":0}],[0],0,[0],[0],[0]],[[{"name":"bg6guang1_7","rect":{"x":1190,"y":1312,"width":300,"height":136},"offset":{"x":0,"y":4},"originalSize":{"width":400,"height":200},"rotated":false,"capInsets":[0,0,0,0],"vertices":{"rawPosition":[],"indexes":[],"uv":[],"nuv":[],"minPos":{"x":0,"y":0,"z":0},"maxPos":{"x":0,"y":0,"z":0}},"packable":true,"pixelsToUnit":100,"pivot":{"x":0.5,"y":0.5},"meshType":0}],[0],0,[0],[0],[0]],[[{"name":"bg6guang2_4","rect":{"x":596,"y":1520,"width":586,"height":504},"offset":{"x":14,"y":23},"originalSize":{"width":650,"height":550},"rotated":false,"capInsets":[0,0,0,0],"vertices":{"rawPosition":[],"indexes":[],"uv":[],"nuv":[],"minPos":{"x":0,"y":0,"z":0},"maxPos":{"x":0,"y":0,"z":0}},"packable":true,"pixelsToUnit":100,"pivot":{"x":0.5,"y":0.5},"meshType":0}],[0],0,[0],[0],[0]],[[{"name":"bg6guang0_3","rect":{"x":1452,"y":1886,"width":88,"height":72},"offset":{"x":-7,"y":-2},"originalSize":{"width":166,"height":166},"rotated":false,"capInsets":[0,0,0,0],"vertices":{"rawPosition":[],"indexes":[],"uv":[],"nuv":[],"minPos":{"x":0,"y":0,"z":0},"maxPos":{"x":0,"y":0,"z":0}},"packable":true,"pixelsToUnit":100,"pivot":{"x":0.5,"y":0.5},"meshType":0}],[0],0,[0],[0],[0]],[[{"name":"bg6guang2_6","rect":{"x":2,"y":1014,"width":596,"height":504},"offset":{"x":14,"y":23},"originalSize":{"width":650,"height":550},"rotated":false,"capInsets":[0,0,0,0],"vertices":{"rawPosition":[],"indexes":[],"uv":[],"nuv":[],"minPos":{"x":0,"y":0,"z":0},"maxPos":{"x":0,"y":0,"z":0}},"packable":true,"pixelsToUnit":100,"pivot":{"x":0.5,"y":0.5},"meshType":0}],[0],0,[0],[0],[0]],[[{"name":"bg6guang0_5","rect":{"x":1628,"y":1272,"width":90,"height":66},"offset":{"x":-3,"y":-2},"originalSize":{"width":166,"height":166},"rotated":true,"capInsets":[0,0,0,0],"vertices":{"rawPosition":[],"indexes":[],"uv":[],"nuv":[],"minPos":{"x":0,"y":0,"z":0},"maxPos":{"x":0,"y":0,"z":0}},"packable":true,"pixelsToUnit":100,"pivot":{"x":0.5,"y":0.5},"meshType":0}],[0],0,[0],[0],[0]],[[{"name":"bg6guang2_10","rect":{"x":602,"y":508,"width":594,"height":504},"offset":{"x":13,"y":23},"originalSize":{"width":650,"height":550},"rotated":false,"capInsets":[0,0,0,0],"vertices":{"rawPosition":[],"indexes":[],"uv":[],"nuv":[],"minPos":{"x":0,"y":0,"z":0},"maxPos":{"x":0,"y":0,"z":0}},"packable":true,"pixelsToUnit":100,"pivot":{"x":0.5,"y":0.5},"meshType":0}],[0],0,[0],[0],[0]],[[{"name":"bg6guang1_10","rect":{"x":1184,"y":1714,"width":292,"height":124},"offset":{"x":4,"y":0},"originalSize":{"width":400,"height":200},"rotated":true,"capInsets":[0,0,0,0],"vertices":{"rawPosition":[],"indexes":[],"uv":[],"nuv":[],"minPos":{"x":0,"y":0,"z":0},"maxPos":{"x":0,"y":0,"z":0}},"packable":true,"pixelsToUnit":100,"pivot":{"x":0.5,"y":0.5},"meshType":0}],[0],0,[0],[0],[0]],[[{"name":"bg6guang2_5","rect":{"x":2,"y":1520,"width":592,"height":504},"offset":{"x":15,"y":23},"originalSize":{"width":650,"height":550},"rotated":false,"capInsets":[0,0,0,0],"vertices":{"rawPosition":[],"indexes":[],"uv":[],"nuv":[],"minPos":{"x":0,"y":0,"z":0},"maxPos":{"x":0,"y":0,"z":0}},"packable":true,"pixelsToUnit":100,"pivot":{"x":0.5,"y":0.5},"meshType":0}],[0],0,[0],[0],[0]],[[{"name":"bg6guang2_1","rect":{"x":600,"y":1014,"width":588,"height":504},"offset":{"x":14,"y":23},"originalSize":{"width":650,"height":550},"rotated":false,"capInsets":[0,0,0,0],"vertices":{"rawPosition":[],"indexes":[],"uv":[],"nuv":[],"minPos":{"x":0,"y":0,"z":0},"maxPos":{"x":0,"y":0,"z":0}},"packable":true,"pixelsToUnit":100,"pivot":{"x":0.5,"y":0.5},"meshType":0}],[0],0,[0],[0],[0]],[[{"name":"bg6guang2_3","rect":{"x":1202,"y":2,"width":580,"height":506},"offset":{"x":16,"y":22},"originalSize":{"width":650,"height":550},"rotated":true,"capInsets":[0,0,0,0],"vertices":{"rawPosition":[],"indexes":[],"uv":[],"nuv":[],"minPos":{"x":0,"y":0,"z":0},"maxPos":{"x":0,"y":0,"z":0}},"packable":true,"pixelsToUnit":100,"pivot":{"x":0.5,"y":0.5},"meshType":0}],[0],0,[0],[0],[0]],[[{"name":"bg6guang0_6","rect":{"x":1670,"y":1750,"width":94,"height":58},"offset":{"x":12,"y":2},"originalSize":{"width":166,"height":166},"rotated":true,"capInsets":[0,0,0,0],"vertices":{"rawPosition":[],"indexes":[],"uv":[],"nuv":[],"minPos":{"x":0,"y":0,"z":0},"maxPos":{"x":0,"y":0,"z":0}},"packable":true,"pixelsToUnit":100,"pivot":{"x":0.5,"y":0.5},"meshType":0}],[0],0,[0],[0],[0]],[[{"name":"bg6guang1_3","rect":{"x":1484,"y":1464,"width":250,"height":140},"offset":{"x":-25,"y":2},"originalSize":{"width":400,"height":200},"rotated":false,"capInsets":[0,0,0,0],"vertices":{"rawPosition":[],"indexes":[],"uv":[],"nuv":[],"minPos":{"x":0,"y":0,"z":0},"maxPos":{"x":0,"y":0,"z":0}},"packable":true,"pixelsToUnit":100,"pivot":{"x":0.5,"y":0.5},"meshType":0}],[0],0,[0],[0],[0]],[[{"name":"bg6guang2_7","rect":{"x":602,"y":2,"width":598,"height":504},"offset":{"x":13,"y":23},"originalSize":{"width":650,"height":550},"rotated":false,"capInsets":[0,0,0,0],"vertices":{"rawPosition":[],"indexes":[],"uv":[],"nuv":[],"minPos":{"x":0,"y":0,"z":0},"maxPos":{"x":0,"y":0,"z":0}},"packable":true,"pixelsToUnit":100,"pivot":{"x":0.5,"y":0.5},"meshType":0}],[0],0,[0],[0],[0]],[[{"name":"bg6guang1_8","rect":{"x":1190,"y":1450,"width":292,"height":132},"offset":{"x":4,"y":0},"originalSize":{"width":400,"height":200},"rotated":false,"capInsets":[0,0,0,0],"vertices":{"rawPosition":[],"indexes":[],"uv":[],"nuv":[],"minPos":{"x":0,"y":0,"z":0},"maxPos":{"x":0,"y":0,"z":0}},"packable":true,"pixelsToUnit":100,"pivot":{"x":0.5,"y":0.5},"meshType":0}],[0],0,[0],[0],[0]],[[{"name":"bg6guang0_1","rect":{"x":1678,"y":1846,"width":56,"height":76},"offset":{"x":12,"y":11},"originalSize":{"width":166,"height":166},"rotated":false,"capInsets":[0,0,0,0],"vertices":{"rawPosition":[],"indexes":[],"uv":[],"nuv":[],"minPos":{"x":0,"y":0,"z":0},"maxPos":{"x":0,"y":0,"z":0}},"packable":true,"pixelsToUnit":100,"pivot":{"x":0.5,"y":0.5},"meshType":0}],[0],0,[0],[0],[0]],[[{"name":"bg6guang0_7","rect":{"x":1628,"y":1364,"width":90,"height":52},"offset":{"x":11,"y":3},"originalSize":{"width":166,"height":166},"rotated":true,"capInsets":[0,0,0,0],"vertices":{"rawPosition":[],"indexes":[],"uv":[],"nuv":[],"minPos":{"x":0,"y":0,"z":0},"maxPos":{"x":0,"y":0,"z":0}},"packable":true,"pixelsToUnit":100,"pivot":{"x":0.5,"y":0.5},"meshType":0}],[0],0,[0],[0],[0]]]]
