[1,["1aCr978XRJm7SxaZayWNcn@6c48a"],["_textureSource"],["cc.SpriteFrame","cc.SpriteAtlas"],0,[[[{"name":"1jizidan","spriteFrames":["1jizidan","25FNIsVVROEJzgq5usgvjJ@56d38","1jizidan1","25FNIsVVROEJzgq5usgvjJ@a50f3"]}],[1],0,[],[],[]],[[{"name":"1jizidan","rect":{"x":46,"y":2,"width":42,"height":94},"offset":{"x":0,"y":-1},"originalSize":{"width":42,"height":96},"rotated":false,"capInsets":[0,0,0,0],"vertices":{"rawPosition":[],"indexes":[],"uv":[],"nuv":[],"minPos":{"x":0,"y":0,"z":0},"maxPos":{"x":0,"y":0,"z":0}},"packable":true,"pixelsToUnit":100,"pivot":{"x":0.5,"y":0.5},"meshType":0}],[0],0,[0],[0],[0]],[[{"name":"1jizidan1","rect":{"x":2,"y":2,"width":42,"height":96},"offset":{"x":0,"y":0},"originalSize":{"width":42,"height":96},"rotated":false,"capInsets":[0,0,0,0],"vertices":{"rawPosition":[],"indexes":[],"uv":[],"nuv":[],"minPos":{"x":0,"y":0,"z":0},"maxPos":{"x":0,"y":0,"z":0}},"packable":true,"pixelsToUnit":100,"pivot":{"x":0.5,"y":0.5},"meshType":0}],[0],0,[0],[0],[0]]]]
