[1,["1a0abf7b-f174-499b-b4b1-6996b258d727@6c48a","2514d22c-5554-4e10-9ce0-ab9bac82f8c9@56d38","2514d22c-5554-4e10-9ce0-ab9bac82f8c9@a50f3"],["_textureSource"],["cc.SpriteFrame","cc.SpriteAtlas"],0,[[[{"name":"1jizidan","spriteFrames":["1jizidan","2514d22c-5554-4e10-9ce0-ab9bac82f8c9@56d38","1jizidan1","2514d22c-5554-4e10-9ce0-ab9bac82f8c9@a50f3"]}],[1],0,[0,0],[0,0],[1,2]],[[{"name":"1jizidan","rect":{"x":46,"y":2,"width":42,"height":94},"offset":{"x":0,"y":-1},"originalSize":{"width":42,"height":96},"rotated":false,"capInsets":[0,0,0,0],"vertices":{"rawPosition":[],"indexes":[],"uv":[],"nuv":[],"minPos":{"x":0,"y":0,"z":0},"maxPos":{"x":0,"y":0,"z":0}},"packable":true,"pixelsToUnit":100,"pivot":{"x":0.5,"y":0.5},"meshType":0}],[0],0,[0],[0],[0]],[[{"name":"1jizidan1","rect":{"x":2,"y":2,"width":42,"height":96},"offset":{"x":0,"y":0},"originalSize":{"width":42,"height":96},"rotated":false,"capInsets":[0,0,0,0],"vertices":{"rawPosition":[],"indexes":[],"uv":[],"nuv":[],"minPos":{"x":0,"y":0,"z":0},"maxPos":{"x":0,"y":0,"z":0}},"packable":true,"pixelsToUnit":100,"pivot":{"x":0.5,"y":0.5},"meshType":0}],[0],0,[0],[0],[0]]]]
