[1,["6aqHUHJV9IHJhkEUdkUx/5@6c48a"],["_textureSource"],["cc.SpriteFrame"],0,[{"name":"icon_lztb_tubiao_q","rect":{"x":0,"y":0,"width":85,"height":86},"offset":{"x":0,"y":0},"originalSize":{"width":85,"height":86},"rotated":false,"capInsets":[0,0,0,0],"vertices":{"rawPosition":[-42.5,-43,0,42.5,-43,0,-42.5,43,0,42.5,43,0],"indexes":[0,1,2,2,1,3],"uv":[0,86,85,86,0,0,85,0],"nuv":[0,0,1,0,0,1,1,1],"minPos":{"x":-42.5,"y":-43,"z":0},"maxPos":{"x":42.5,"y":43,"z":0}},"packable":true,"pixelsToUnit":100,"pivot":{"x":0.5,"y":0.5},"meshType":0}],[0],0,[0],[0],[0]]
