[1,["127d8191f@6c48a"],["_textureSource"],["cc.SpriteFrame","cc.SpriteAtlas"],0,[[[{"name":"auto_bar_phoenix","spriteFrames":["bg_fenghuang_guizeban","f15svI5exEIa+WmoHVqcQt@f9941","dl_fh_caidanbox","4aH3Zie0RLn6qo2OFAQxlr@f9941","ing_auto_title","ffUalPnbNPPqSY6RwiPFYs@f9941","dl_fh_zhongjiangbox","8eEPSqPYpA/LQl0KD3YxGX@f9941","SETTINGS","eaMA/eC2JAYKU4WGcfiuNP@f9941","SOUND","a0+kR/+gZKoa+Ot0oj7akL@f9941","FREE SPINS LEFT","b7HS5l55hPup3Kc/v45lKJ@f9941","dl_shezhi_kai","dfu3FRCI5MdqpWwE4tYwhL@f9941","dl_fh_autoxuanzhong","a0eXs/pfNFJbePgBu1Pru9@f9941","dl_fh_autospindi","93v8aWc1JMe6aEuOmDx43F@f9941","mianfeibox","dcLavlnyFHRYpXjpAgMxs7@f9941","dl_fh_jinbibox","1bX7Fu8NRDCoaPfFvk8jsg@f9941","GOOD LUCK","f1TKNkYE5EBIYAVRvF+K2e@f9941","dl_fh_jinbibox2","fbEwWoQRlFrZnCP/gdh4cz@f9941","dl_shezhi_guan","9fG+HH9sFDQJL0illJyG4k@f9941","dl_fh_vipanniu","1bx2N0KBtDJ6SFIt47gnNU@f9941","dl_fh_jinbijia","e4+MIWNGZDLqV6fTNoVgbB@f9941","dl_fh_confirm","f703bppWFGNY7faL3Kf6Gq@f9941","WIN","11Cp2HxaBENoAnqzOTOoW6@f9941","AUTO","b68q4N7RRIs7sYYC/mxg0y@f9941","STOP","76SNVdXCZKXaCPM/f9HfI7@f9941","dl_fh_tuichuanniu","8aPlbUfspHdZwQSzIYwpL0@f9941","MUSIC","13SrRbDSFDp5v48KFGshMR@f9941","dl_fh_shezhianniu","8ddMO4f6dIZ5DtxW5VrigI@f9941","dl_fh_guizeanniu","f64PTXv2pEM5dH3OmAa1wW@f9941","dl_fh_autobox","80I9zH3fBMgLYRD96oZyYA@f9941","dl_fh_autoanniu","4fVMqfVWlDi57nlTpw/m6E@f9941","dl_fh_spinicon","f1Y7qukl9CvoEzNRjspUoh@f9941","dl_fh_autoanniu1","adrDzHEShPWLAEz53kMfW0@f9941","dl_fh_autoweixuan","b8gBnhYJ1A1Z120xeoVCiW@f9941","dl_fh_kuai_0","17gaYA5l9KV5AmodZxZs1h@f9941","dl_fh_xiazhujian","50/Npv6/FIGZsSvkjolTaL@f9941","dl_fh_xiazhujia0","5e2tpHwd9Oe48d+o/aFHlJ@f9941","dl_fh_xiazhujian0","71H8ixFahKqqykbBqvhXOu@f9941","dl_fh_kuai_1","73v1jtVv9D5rxsZMGCSQ7s@f9941","dl_fh_xiazhujia","cfwwuOsoBEFbtT6hEpYHex@f9941","dl_fh_caidananniu","d0g4oq2ztGDZr/X4xlbfr9@f9941","dl_fh_stopicon0","dcEXVYrWlEnpJ69YlfDHgI@f9941","dl_fh_spinanniu0","7flXK7WuVKkpdaNn1AsEM1@f9941","dl_fh_spinanniu","8facFcl7lIb6jGjb8KBu0k@f9941","dl_fh_stopicon","8ahpjbMdlAQYwniykrFtX0@f9941"]}],[1],0,[],[],[]],[[{"name":"WIN","rect":{"x":856,"y":973,"width":71,"height":29},"offset":{"x":0,"y":0},"originalSize":{"width":71,"height":29},"rotated":false,"capInsets":[0,0,0,0],"packable":true,"pixelsToUnit":100,"pivot":{"x":0.5,"y":0.5},"meshType":0}],[0],0,[0],[0],[0]],[[{"name":"MUSIC","rect":{"x":3,"y":833,"width":143,"height":39},"offset":{"x":0,"y":0},"originalSize":{"width":143,"height":39},"rotated":false,"capInsets":[0,0,0,0],"packable":true,"pixelsToUnit":100,"pivot":{"x":0.5,"y":0.5},"meshType":0}],[0],0,[0],[0],[0]],[[{"name":"dl_fh_kuai_0","rect":{"x":377,"y":701,"width":70,"height":76},"offset":{"x":0,"y":0},"originalSize":{"width":70,"height":76},"rotated":false,"capInsets":[0,0,0,0],"packable":true,"pixelsToUnit":100,"pivot":{"x":0.5,"y":0.5},"meshType":0}],[0],0,[0],[0],[0]],[[{"name":"dl_fh_jinbibox","rect":{"x":348,"y":882,"width":271,"height":55},"offset":{"x":0,"y":0},"originalSize":{"width":271,"height":55},"rotated":false,"capInsets":[34,0,34,0],"packable":true,"pixelsToUnit":100,"pivot":{"x":0.5,"y":0.5},"meshType":0}],[0],0,[0],[0],[0]],[[{"name":"dl_fh_vipanniu","rect":{"x":941,"y":882,"width":126,"height":64},"offset":{"x":0,"y":0},"originalSize":{"width":126,"height":64},"rotated":true,"capInsets":[0,0,0,0],"packable":true,"pixelsToUnit":100,"pivot":{"x":0.5,"y":0.5},"meshType":0}],[0],0,[0],[0],[0]],[[{"name":"dl_fh_caidanbox","rect":{"x":809,"y":3,"width":168,"height":317},"offset":{"x":0,"y":0},"originalSize":{"width":168,"height":317},"rotated":false,"capInsets":[0,0,0,0],"packable":true,"pixelsToUnit":100,"pivot":{"x":0.5,"y":0.5},"meshType":0}],[0],0,[0],[0],[0]],[[{"name":"dl_fh_autoanniu","rect":{"x":213,"y":701,"width":103,"height":76},"offset":{"x":0,"y":0},"originalSize":{"width":103,"height":76},"rotated":true,"capInsets":[0,0,0,0],"packable":true,"pixelsToUnit":100,"pivot":{"x":0.5,"y":0.5},"meshType":0}],[0],0,[0],[0],[0]],[[{"name":"dl_fh_xiazhujian","rect":{"x":453,"y":701,"width":70,"height":76},"offset":{"x":0,"y":0},"originalSize":{"width":70,"height":76},"rotated":false,"capInsets":[0,0,0,0],"packable":true,"pixelsToUnit":100,"pivot":{"x":0.5,"y":0.5},"meshType":0}],[0],0,[0],[0],[0]],[[{"name":"dl_fh_xiazhujia0","rect":{"x":477,"y":783,"width":70,"height":76},"offset":{"x":0,"y":0},"originalSize":{"width":70,"height":76},"rotated":false,"capInsets":[0,0,0,0],"packable":true,"pixelsToUnit":100,"pivot":{"x":0.5,"y":0.5},"meshType":0}],[0],0,[0],[0],[0]],[[{"name":"dl_fh_xiazhujian0","rect":{"x":529,"y":701,"width":70,"height":76},"offset":{"x":0,"y":0},"originalSize":{"width":70,"height":76},"rotated":false,"capInsets":[0,0,0,0],"packable":true,"pixelsToUnit":100,"pivot":{"x":0.5,"y":0.5},"meshType":0}],[0],0,[0],[0],[0]],[[{"name":"dl_fh_kuai_1","rect":{"x":553,"y":783,"width":70,"height":76},"offset":{"x":0,"y":0},"originalSize":{"width":70,"height":76},"rotated":false,"capInsets":[0,0,0,0],"packable":true,"pixelsToUnit":100,"pivot":{"x":0.5,"y":0.5},"meshType":0}],[0],0,[0],[0],[0]],[[{"name":"STOP","rect":{"x":425,"y":991,"width":53,"height":19},"offset":{"x":0,"y":0},"originalSize":{"width":53,"height":19},"rotated":false,"capInsets":[0,0,0,0],"packable":true,"pixelsToUnit":100,"pivot":{"x":0.5,"y":0.5},"meshType":0}],[0],0,[0],[0],[0]],[[{"name":"dl_fh_spinanniu0","rect":{"x":3,"y":445,"width":190,"height":190},"offset":{"x":0,"y":0},"originalSize":{"width":190,"height":190},"rotated":false,"capInsets":[0,0,0,0],"packable":true,"pixelsToUnit":100,"pivot":{"x":0.5,"y":0.5},"meshType":0}],[0],0,[0],[0],[0]],[[{"name":"dl_fh_autobox","rect":{"x":152,"y":833,"width":42,"height":42},"offset":{"x":0,"y":0},"originalSize":{"width":42,"height":42},"rotated":false,"capInsets":[0,0,0,0],"packable":true,"pixelsToUnit":100,"pivot":{"x":0.5,"y":0.5},"meshType":0}],[0],0,[0],[0],[0]],[[{"name":"dl_fh_tuichuanniu","rect":{"x":3,"y":701,"width":126,"height":64},"offset":{"x":0,"y":0},"originalSize":{"width":126,"height":64},"rotated":true,"capInsets":[0,0,0,0],"packable":true,"pixelsToUnit":100,"pivot":{"x":0.5,"y":0.5},"meshType":0}],[0],0,[0],[0],[0]],[[{"name":"dl_fh_stopicon","rect":{"x":395,"y":445,"width":190,"height":187},"offset":{"x":0,"y":1.5},"originalSize":{"width":190,"height":190},"rotated":true,"capInsets":[0,0,0,0],"packable":true,"pixelsToUnit":100,"pivot":{"x":0.5,"y":0.5},"meshType":0}],[0],0,[0],[0],[0]],[[{"name":"dl_fh_shezhianniu","rect":{"x":73,"y":701,"width":126,"height":64},"offset":{"x":0,"y":0},"originalSize":{"width":126,"height":64},"rotated":true,"capInsets":[0,0,0,0],"packable":true,"pixelsToUnit":100,"pivot":{"x":0.5,"y":0.5},"meshType":0}],[0],0,[0],[0],[0]],[[{"name":"dl_fh_zhongjiangbox","rect":{"x":809,"y":326,"width":369,"height":127},"offset":{"x":0,"y":0},"originalSize":{"width":369,"height":127},"rotated":true,"capInsets":[0,0,0,0],"packable":true,"pixelsToUnit":100,"pivot":{"x":0.5,"y":0.5},"meshType":0}],[0],0,[0],[0],[0]],[[{"name":"dl_fh_spinanniu","rect":{"x":199,"y":445,"width":190,"height":190},"offset":{"x":0,"y":0},"originalSize":{"width":190,"height":190},"rotated":false,"capInsets":[0,0,0,0],"packable":true,"pixelsToUnit":100,"pivot":{"x":0.5,"y":0.5},"meshType":0}],[0],0,[0],[0],[0]],[[{"name":"dl_fh_autospindi","rect":{"x":3,"y":882,"width":162,"height":128},"offset":{"x":0,"y":0},"originalSize":{"width":162,"height":128},"rotated":false,"capInsets":[37,29,26,26],"packable":true,"pixelsToUnit":100,"pivot":{"x":0.5,"y":0.5},"meshType":0}],[0],0,[0],[0],[0]],[[{"name":"dl_shezhi_guan","rect":{"x":874,"y":701,"width":208,"height":61},"offset":{"x":0,"y":0},"originalSize":{"width":208,"height":61},"rotated":true,"capInsets":[0,0,0,0],"packable":true,"pixelsToUnit":100,"pivot":{"x":0.5,"y":0.5},"meshType":0}],[0],0,[0],[0],[0]],[[{"name":"dl_fh_autoxuanzhong","rect":{"x":964,"y":523,"width":116,"height":56},"offset":{"x":0,"y":0},"originalSize":{"width":116,"height":56},"rotated":true,"capInsets":[0,0,0,0],"packable":true,"pixelsToUnit":100,"pivot":{"x":0.5,"y":0.5},"meshType":0}],[0],0,[0],[0],[0]],[[{"name":"SOUND","rect":{"x":982,"y":354,"width":163,"height":39},"offset":{"x":0,"y":0},"originalSize":{"width":163,"height":39},"rotated":true,"capInsets":[0,0,0,0],"packable":true,"pixelsToUnit":100,"pivot":{"x":0.5,"y":0.5},"meshType":0}],[0],0,[0],[0],[0]],[[{"name":"dl_fh_autoanniu1","rect":{"x":295,"y":701,"width":103,"height":76},"offset":{"x":0,"y":0},"originalSize":{"width":103,"height":76},"rotated":true,"capInsets":[0,0,0,0],"packable":true,"pixelsToUnit":100,"pivot":{"x":0.5,"y":0.5},"meshType":0}],[0],0,[0],[0],[0]],[[{"name":"AUTO","rect":{"x":348,"y":991,"width":71,"height":23},"offset":{"x":0,"y":0},"originalSize":{"width":71,"height":23},"rotated":false,"capInsets":[0,0,0,0],"packable":true,"pixelsToUnit":100,"pivot":{"x":0.5,"y":0.5},"meshType":0}],[0],0,[0],[0],[0]],[[{"name":"FREE SPINS LEFT","rect":{"x":942,"y":505,"width":145,"height":16},"offset":{"x":0,"y":0},"originalSize":{"width":145,"height":16},"rotated":true,"capInsets":[0,0,0,0],"packable":true,"pixelsToUnit":100,"pivot":{"x":0.5,"y":0.5},"meshType":0}],[0],0,[0],[0],[0]],[[{"name":"dl_fh_autoweixuan","rect":{"x":355,"y":810,"width":116,"height":56},"offset":{"x":0,"y":0},"originalSize":{"width":116,"height":56},"rotated":false,"capInsets":[0,0,0,0],"packable":true,"pixelsToUnit":100,"pivot":{"x":0.5,"y":0.5},"meshType":0}],[0],0,[0],[0],[0]],[[{"name":"dl_fh_xiazhujia","rect":{"x":605,"y":701,"width":70,"height":76},"offset":{"x":0,"y":0},"originalSize":{"width":70,"height":76},"rotated":false,"capInsets":[0,0,0,0],"packable":true,"pixelsToUnit":100,"pivot":{"x":0.5,"y":0.5},"meshType":0}],[0],0,[0],[0],[0]],[[{"name":"dl_fh_caidananniu","rect":{"x":629,"y":783,"width":82,"height":62},"offset":{"x":0,"y":0},"originalSize":{"width":82,"height":62},"rotated":true,"capInsets":[0,0,0,0],"packable":true,"pixelsToUnit":100,"pivot":{"x":0.5,"y":0.5},"meshType":0}],[0],0,[0],[0],[0]],[[{"name":"dl_fh_stopicon0","rect":{"x":681,"y":701,"width":64,"height":64},"offset":{"x":0,"y":0},"originalSize":{"width":64,"height":64},"rotated":false,"capInsets":[0,0,0,0],"packable":true,"pixelsToUnit":100,"pivot":{"x":0.5,"y":0.5},"meshType":0}],[0],0,[0],[0],[0]],[[{"name":"mianfeibox","rect":{"x":171,"y":882,"width":171,"height":119},"offset":{"x":0,"y":0},"originalSize":{"width":171,"height":119},"rotated":false,"capInsets":[0,0,0,0],"packable":true,"pixelsToUnit":100,"pivot":{"x":0.5,"y":0.5},"meshType":0}],[0],0,[0],[0],[0]],[[{"name":"dl_shezhi_kai","rect":{"x":942,"y":656,"width":220,"height":73},"offset":{"x":0,"y":0},"originalSize":{"width":220,"height":73},"rotated":true,"capInsets":[0,0,0,0],"packable":true,"pixelsToUnit":100,"pivot":{"x":0.5,"y":0.5},"meshType":0}],[0],0,[0],[0],[0]],[[{"name":"dl_fh_jinbijia","rect":{"x":874,"y":915,"width":52,"height":52},"offset":{"x":0,"y":0},"originalSize":{"width":52,"height":52},"rotated":false,"capInsets":[0,0,0,0],"packable":true,"pixelsToUnit":100,"pivot":{"x":0.5,"y":0.5},"meshType":0}],[0],0,[0],[0],[0]],[[{"name":"SETTINGS","rect":{"x":942,"y":326,"width":173,"height":34},"offset":{"x":0,"y":0},"originalSize":{"width":173,"height":34},"rotated":true,"capInsets":[0,0,0,0],"packable":true,"pixelsToUnit":100,"pivot":{"x":0.5,"y":0.5},"meshType":0}],[0],0,[0],[0],[0]],[[{"name":"GOOD LUCK","rect":{"x":348,"y":943,"width":306,"height":42},"offset":{"x":0,"y":0},"originalSize":{"width":306,"height":42},"rotated":false,"capInsets":[0,0,0,0],"packable":true,"pixelsToUnit":100,"pivot":{"x":0.5,"y":0.5},"meshType":0}],[0],0,[0],[0],[0]],[[{"name":"dl_fh_spinicon","rect":{"x":213,"y":810,"width":136,"height":51},"offset":{"x":0,"y":0},"originalSize":{"width":136,"height":51},"rotated":false,"capInsets":[0,0,0,0],"packable":true,"pixelsToUnit":100,"pivot":{"x":0.5,"y":0.5},"meshType":0}],[0],0,[0],[0],[0]],[[{"name":"bg_fenghuang_guizeban","rect":{"x":3,"y":3,"width":800,"height":436},"offset":{"x":0,"y":0},"originalSize":{"width":800,"height":436},"rotated":false,"capInsets":[0,0,0,0],"packable":true,"pixelsToUnit":100,"pivot":{"x":0.5,"y":0.5},"meshType":0}],[0],0,[0],[0],[0]],[[{"name":"dl_fh_guizeanniu","rect":{"x":143,"y":701,"width":126,"height":64},"offset":{"x":0,"y":0},"originalSize":{"width":126,"height":64},"rotated":true,"capInsets":[0,0,0,0],"packable":true,"pixelsToUnit":100,"pivot":{"x":0.5,"y":0.5},"meshType":0}],[0],0,[0],[0],[0]],[[{"name":"dl_fh_confirm","rect":{"x":660,"y":939,"width":190,"height":64},"offset":{"x":0,"y":0},"originalSize":{"width":190,"height":64},"rotated":false,"capInsets":[0,0,0,0],"packable":true,"pixelsToUnit":100,"pivot":{"x":0.5,"y":0.5},"meshType":0}],[0],0,[0],[0],[0]],[[{"name":"dl_fh_jinbibox2","rect":{"x":625,"y":882,"width":243,"height":51},"offset":{"x":0.5,"y":1.5},"originalSize":{"width":258,"height":62},"rotated":false,"capInsets":[0,0,0,0],"packable":true,"pixelsToUnit":100,"pivot":{"x":0.5,"y":0.5},"meshType":0}],[0],0,[0],[0],[0]],[[{"name":"ing_auto_title","rect":{"x":983,"y":3,"width":345,"height":34},"offset":{"x":0,"y":0},"originalSize":{"width":349,"height":38},"rotated":true,"capInsets":[0,0,0,0],"packable":true,"pixelsToUnit":100,"pivot":{"x":0.5,"y":0.5},"meshType":0}],[0],0,[0],[0],[0]]]]
