[1,["a9a0a112-0137-4c1f-a85c-e9b297a9efad@f9941","a9a0a112-0137-4c1f-a85c-e9b297a9efad@6c48a"],["spriteFrame","_textureSource"],["cc.SpriteFrame",["cc.BitmapFont",["_name","fontSize","fntConfig"],0]],[[1,0,1,2,4]],[[[[0,"zi_zhongjiang",32,{"commonHeight":32,"fontSize":32,"atlasName":"zi_zhongjiang_0.png","fontDefDictionary":{"44":{"xOffset":0,"yOffset":0,"xAdvance":25,"rect":{"x":57,"y":107,"width":25,"height":106}},"46":{"xOffset":0,"yOffset":0,"xAdvance":25,"rect":{"x":83,"y":107,"width":25,"height":106}},"48":{"xOffset":0,"yOffset":0,"xAdvance":62,"rect":{"x":0,"y":0,"width":62,"height":106}},"49":{"xOffset":0,"yOffset":0,"xAdvance":44,"rect":{"x":474,"y":0,"width":44,"height":106}},"50":{"xOffset":0,"yOffset":0,"xAdvance":58,"rect":{"x":124,"y":0,"width":58,"height":106}},"51":{"xOffset":0,"yOffset":0,"xAdvance":60,"rect":{"x":63,"y":0,"width":60,"height":106}},"52":{"xOffset":0,"yOffset":0,"xAdvance":58,"rect":{"x":183,"y":0,"width":58,"height":106}},"53":{"xOffset":0,"yOffset":0,"xAdvance":58,"rect":{"x":242,"y":0,"width":58,"height":106}},"54":{"xOffset":0,"yOffset":0,"xAdvance":57,"rect":{"x":301,"y":0,"width":57,"height":106}},"55":{"xOffset":0,"yOffset":0,"xAdvance":56,"rect":{"x":417,"y":0,"width":56,"height":106}},"56":{"xOffset":0,"yOffset":0,"xAdvance":56,"rect":{"x":0,"y":107,"width":56,"height":106}},"57":{"xOffset":0,"yOffset":0,"xAdvance":57,"rect":{"x":359,"y":0,"width":57,"height":106}}},"kerningDict":{}}]],0,0,[0],[0],[0]],[[{"name":"zi_zhongjiang_0","rect":{"x":3,"y":0,"width":509,"height":213},"offset":{"x":-3,"y":154},"originalSize":{"width":521,"height":521},"rotated":false,"capInsets":[0,0,0,0],"vertices":{"rawPosition":[-254.5,-106.5,0,254.5,-106.5,0,-254.5,106.5,0,254.5,106.5,0],"indexes":[0,1,2,2,1,3],"uv":[3,521,512,521,3,308,512,308],"nuv":[0.005758157389635317,0.5911708253358925,0.982725527831094,0.5911708253358925,0.005758157389635317,1,0.982725527831094,1],"minPos":{"x":-254.5,"y":-106.5,"z":0},"maxPos":{"x":254.5,"y":106.5,"z":0}},"packable":true,"pixelsToUnit":100,"pivot":{"x":0.5,"y":0.5},"meshType":0}],[0],0,[0],[1],[1]]]]
