[1,["06e81934-bf36-4d4b-b373-a39f8b4214d6@6c48a"],0,[["sp.SkeletonData",["_name","_atlasText","textureNames","_skeletonJson","textures"],-1,3]],[[0,0,1,2,3,4,5]],[[0,"hw_thor_icon_6","\r\nhw_thor_icon_6.png\r\nsize: 2048,512\r\nformat: RGBA8888\r\nfilter: Linear,Linear\r\nrepeat: none\r\n0\r\n  rotate: true\r\n  xy: 182, 126\r\n  size: 189, 151\r\n  orig: 189, 151\r\n  offset: 0, 0\r\n  index: -1\r\n1\r\n  rotate: true\r\n  xy: 663, 156\r\n  size: 176, 161\r\n  orig: 176, 161\r\n  offset: 0, 0\r\n  index: -1\r\n11\r\n  rotate: false\r\n  xy: 1023, 344\r\n  size: 68, 71\r\n  orig: 68, 71\r\n  offset: 0, 0\r\n  index: -1\r\n2\r\n  rotate: true\r\n  xy: 689, 335\r\n  size: 175, 171\r\n  orig: 175, 171\r\n  offset: 0, 0\r\n  index: -1\r\n22\r\n  rotate: false\r\n  xy: 944, 338\r\n  size: 77, 73\r\n  orig: 77, 73\r\n  offset: 0, 0\r\n  index: -1\r\n3\r\n  rotate: true\r\n  xy: 335, 142\r\n  size: 181, 178\r\n  orig: 181, 178\r\n  offset: 0, 0\r\n  index: -1\r\n33\r\n  rotate: true\r\n  xy: 862, 337\r\n  size: 74, 80\r\n  orig: 74, 80\r\n  offset: 0, 0\r\n  index: -1\r\n4\r\n  rotate: true\r\n  xy: 826, 165\r\n  size: 168, 161\r\n  orig: 168, 161\r\n  offset: 0, 0\r\n  index: -1\r\n44\r\n  rotate: true\r\n  xy: 989, 248\r\n  size: 88, 77\r\n  orig: 88, 77\r\n  offset: 0, 0\r\n  index: -1\r\n5\r\n  rotate: false\r\n  xy: 610, 27\r\n  size: 168, 120\r\n  orig: 168, 120\r\n  offset: 0, 0\r\n  index: -1\r\n55\r\n  rotate: false\r\n  xy: 862, 413\r\n  size: 95, 97\r\n  orig: 95, 97\r\n  offset: 0, 0\r\n  index: -1\r\n6\r\n  rotate: false\r\n  xy: 442, 9\r\n  size: 166, 131\r\n  orig: 166, 131\r\n  offset: 0, 0\r\n  index: -1\r\n66\r\n  rotate: false\r\n  xy: 959, 417\r\n  size: 85, 93\r\n  orig: 85, 93\r\n  offset: 0, 0\r\n  index: -1\r\n7\r\n  rotate: true\r\n  xy: 515, 149\r\n  size: 179, 146\r\n  orig: 179, 146\r\n  offset: 0, 0\r\n  index: -1\r\n77\r\n  rotate: true\r\n  xy: 349, 7\r\n  size: 133, 91\r\n  orig: 133, 91\r\n  offset: 0, 0\r\n  index: -1\r\n88\r\n  rotate: true\r\n  xy: 224, 2\r\n  size: 122, 123\r\n  orig: 122, 123\r\n  offset: 0, 0\r\n  index: -1\r\nbeizi\r\n  rotate: false\r\n  xy: 191, 325\r\n  size: 171, 185\r\n  orig: 171, 185\r\n  offset: 0, 0\r\n  index: -1\r\ndizhuo\r\n  rotate: true\r\n  xy: 2, 317\r\n  size: 193, 187\r\n  orig: 193, 187\r\n  offset: 0, 0\r\n  index: -1\r\nguang1\r\n  rotate: false\r\n  xy: 2, 122\r\n  size: 178, 193\r\n  orig: 178, 193\r\n  offset: 0, 0\r\n  index: -1\r\nguang2\r\n  rotate: true\r\n  xy: 955, 59\r\n  size: 104, 102\r\n  orig: 104, 102\r\n  offset: 0, 0\r\n  index: -1\r\nguang3\r\n  rotate: false\r\n  xy: 520, 334\r\n  size: 167, 176\r\n  orig: 167, 176\r\n  offset: 0, 0\r\n  index: -1\r\nhuan\r\n  rotate: true\r\n  xy: 2, 8\r\n  size: 112, 109\r\n  orig: 112, 109\r\n  offset: 0, 0\r\n  index: -1\r\nhuan1\r\n  rotate: true\r\n  xy: 113, 8\r\n  size: 112, 109\r\n  orig: 112, 109\r\n  offset: 0, 0\r\n  index: -1\r\nshang\r\n  rotate: true\r\n  xy: 364, 330\r\n  size: 180, 154\r\n  orig: 180, 154\r\n  offset: 0, 0\r\n  index: -1\r\nxia\r\n  rotate: false\r\n  xy: 780, 35\r\n  size: 173, 119\r\n  orig: 173, 119\r\n  offset: 0, 0\r\n  index: -1\r\n",["hw_thor_icon_6.png"],{"skeleton":{"hash":"pUnJApuab8HFtY5cQgtBloJqzHc","spine":"3.8.99","images":"E:/新版UI/奥林匹斯/动画源文件/tu/beizi","audio":"E:\\新版UI\\奥林匹斯\\动画\\图标\\shengbei"},"bones":[{"name":"root","rotation":-0.12,"scaleX":0.6,"scaleY":0.6},{"name":"骨骼","parent":"root","x":-93.59,"y":103.34},{"name":"123","parent":"骨骼","x":97.99,"y":-104.74},{"name":"321","parent":"骨骼","length":53.87,"rotation":116.78,"x":92.53,"y":-105.74,"scaleX":1.3,"scaleY":1.3},{"name":"bone","parent":"骨骼","length":122.77,"rotation":90.84,"x":90.06,"y":-104.78}],"slots":[{"name":"dizhuo","bone":"骨骼","attachment":"dizhuo"},{"name":"123","bone":"123"},{"name":"321","bone":"321"},{"name":"shang","bone":"骨骼","attachment":"shang"},{"name":"huan","bone":"bone","attachment":"huan"},{"name":"huan1","bone":"bone","color":"ffffff3a","attachment":"huan1"},{"name":"beizi","bone":"bone","attachment":"beizi"},{"name":"guang1","bone":"bone","attachment":"guang1","blend":"additive"},{"name":"guang3","bone":"bone","blend":"additive"},{"name":"guang2","bone":"bone","attachment":"guang3","blend":"additive"},{"name":"xia","bone":"骨骼","attachment":"xia"}],"skins":[{"name":"default","attachments":{"123":{"0":{"width":189,"height":151},"1":{"width":176,"height":161},"2":{"width":175,"height":171},"3":{"width":181,"height":178},"4":{"width":168,"height":161},"5":{"width":168,"height":120},"6":{"width":166,"height":131},"7":{"width":179,"height":146}},"321":{"11":{"x":2.28,"y":-2.01,"rotation":-91.21,"width":68,"height":71},"22":{"x":0.16,"y":-4.73,"rotation":-91.21,"width":77,"height":73},"33":{"x":4.75,"y":-2.25,"rotation":-91.21,"width":74,"height":80},"44":{"x":2.72,"y":-7.92,"rotation":-91.21,"width":88,"height":77},"55":{"x":3.14,"y":-4.99,"rotation":-91.21,"width":95,"height":97},"66":{"x":9.55,"y":-0.88,"rotation":-91.21,"width":85,"height":93},"77":{"x":8.86,"y":-1.02,"rotation":-91.21,"width":133,"height":91},"88":{"x":18.96,"y":-7.36,"rotation":-91.21,"width":122,"height":123}},"beizi":{"beizi":{"x":15.32,"y":6.38,"rotation":-90.84,"width":171,"height":185}},"dizhuo":{"dizhuo":{"x":95.5,"y":-100.5,"width":193,"height":187}},"guang1":{"guang1":{"x":12.32,"y":5.92,"rotation":-90.84,"width":178,"height":193}},"guang2":{"guang3":{"x":16.43,"y":6.07,"scaleX":1.054,"scaleY":1.1,"rotation":-91.5,"width":167,"height":176}},"guang3":{"guang2":{"x":56.01,"y":36.52,"scaleY":0.934,"rotation":-90.84,"width":104,"height":102}},"huan":{"huan":{"x":2.16,"y":-4.93,"rotation":-90.84,"width":112,"height":109}},"huan1":{"huan1":{"x":0.74,"y":-5.14,"rotation":-90.84,"width":112,"height":109}},"shang":{"shang":{"x":93,"y":-86,"width":180,"height":154}},"xia":{"xia":{"x":96.5,"y":-129.5,"width":173,"height":119}}}}],"animations":{"animation":{"slots":{"123":{"attachment":[{"time":0.9667,"name":"0"},{"time":1.0333,"name":"1"},{"time":1.0667,"name":"2"},{"time":1.1333,"name":"3"},{"time":1.1667,"name":"4"},{"time":1.2,"name":"5"},{"time":1.2667,"name":"6"},{"time":1.3,"name":"7"},{"time":1.3333,"name":"0"},{"time":1.4,"name":"1"},{"time":1.4333,"name":"3"},{"time":1.4667,"name":"2"},{"time":1.5333,"name":"4"},{"time":1.6,"name":"5"},{"time":1.6333,"name":"6"},{"time":1.7,"name":"7"},{"time":1.7667,"name":null}]},"321":{"attachment":[{"time":0.5333,"name":"11"},{"time":0.6,"name":"22"},{"time":0.6667,"name":"33"},{"time":0.7,"name":"44"},{"time":0.7667,"name":"55"},{"time":0.8,"name":"66"},{"time":0.8667,"name":"77"},{"time":0.9,"name":"88"},{"time":0.9333,"name":null}]},"guang1":{"color":[{"color":"ffffff00","curve":"stepped"},{"time":0.6667,"color":"ffffff00"},{"time":0.8333,"color":"fffffffd"},{"time":1,"color":"ffffff00","curve":"stepped"},{"time":1.3333,"color":"ffffff00"},{"time":1.5,"color":"fffffffd"},{"time":1.6667,"color":"ffffff00"}]},"guang2":{"color":[{"color":"ffffff00","curve":"stepped"},{"time":0.8333,"color":"ffffff00"},{"time":1,"color":"fffffffd"},{"time":1.1667,"color":"ffffff00","curve":"stepped"},{"time":1.5,"color":"ffffff00"},{"time":1.6667,"color":"fffffffd"},{"time":1.8333,"color":"ffffff00"}]},"guang3":{"color":[{"color":"ffffff00","curve":"stepped"},{"time":1,"color":"ffffff00"},{"time":1.1667,"color":"fffffffd"},{"time":1.3333,"color":"ffffff00","curve":"stepped"},{"time":1.6667,"color":"ffffff00"},{"time":1.8333,"color":"fffffffd"},{"time":2,"color":"ffffff00"}]},"huan1":{"color":[{"color":"ffffff00","curve":0.25,"c3":0.75},{"time":0.6667,"color":"ffffffab","curve":0.25,"c3":0.75},{"time":1.3333,"color":"ffffffd8","curve":0.25,"c3":0.75},{"time":1.8333,"color":"ffffff00"}]}},"bones":{"bone":{"rotate":[{"curve":0.25,"c3":0.75},{"time":0.5,"angle":-23.22,"curve":0.25,"c3":0.75},{"time":1.5,"angle":-28.33},{"time":2,"curve":"stepped"},{"time":2.3333}],"translate":[{"curve":0.25,"c3":0.75},{"time":1.3333,"x":-0.02,"y":8.38},{"time":2}],"scale":[{"curve":0.25,"c3":0.75},{"time":0.5,"x":1.05,"y":1.05,"curve":0.25,"c3":0.75},{"time":1.3333,"x":1.1,"y":1.1},{"time":2}]}}}}},[0]]],0,0,[0],[-1],[0]]
