[1,["bf918VqdxDaaGm8CR1K5ez@6c48a"],["_textureSource"],["cc.SpriteFrame"],0,[{"name":"icon_10","rect":{"x":0,"y":0,"width":90,"height":78},"offset":{"x":0,"y":0},"originalSize":{"width":90,"height":78},"rotated":false,"capInsets":[0,0,0,0],"vertices":{"rawPosition":[-45,-39,0,45,-39,0,-45,39,0,45,39,0],"indexes":[0,1,2,2,1,3],"uv":[0,78,90,78,0,0,90,0],"nuv":[0,0,1,0,0,1,1,1],"minPos":{"x":-45,"y":-39,"z":0},"maxPos":{"x":45,"y":39,"z":0}},"packable":true,"pixelsToUnit":100,"pivot":{"x":0.5,"y":0.5},"meshType":0}],[0],0,[0],[0],[0]]
