[1,["11174ccd4@6c48a"],["_textureSource"],["cc.SpriteFrame","cc.SpriteAtlas"],0,[[[{"name":"shuzi_longhu_cm_lan_0","rect":{"x":205,"y":3,"width":145,"height":46},"offset":{"x":-2.5,"y":52},"originalSize":{"width":150,"height":150},"rotated":true,"capInsets":[0,0,0,0],"packable":true,"pixelsToUnit":100,"pivot":{"x":0.5,"y":0.5},"meshType":0}],[0],0,[0],[0],[0]],[[{"name":"chip_2","rect":{"x":103,"y":101,"width":92,"height":93},"offset":{"x":0,"y":0},"originalSize":{"width":92,"height":93},"rotated":true,"capInsets":[0,0,0,0],"packable":true,"pixelsToUnit":100,"pivot":{"x":0.5,"y":0.5},"meshType":0}],[0],0,[0],[0],[0]],[[{"name":"shuzi_longhu_cm_cheng_0","rect":{"x":153,"y":305,"width":144,"height":46},"offset":{"x":-3,"y":52},"originalSize":{"width":150,"height":150},"rotated":true,"capInsets":[0,0,0,0],"packable":true,"pixelsToUnit":100,"pivot":{"x":0.5,"y":0.5},"meshType":0}],[0],0,[0],[0],[0]],[[{"name":"auto_chip","spriteFrames":["chip_5","43sKh3upJBpouO0AogYP79@f9941","chip_0","44/yhi8eZEiJERQXQOGuX1@f9941","shuzi_longhu_cm_lan_0","02qmmJuFJLLqpCkBl6DToy@f9941","chip_6","c6UPZEwZJHy4mJ3QzmAkyu@f9941","chip_2","13qQGLY+ZDuIXr1MmmSQ3Z@f9941","shuzi_longhu_cm_shenlan_0","425Aygl4lL9Lv4K3BiCWxZ@f9941","chip_4","38vEaosrJB0rjLvc9i+vrY@f9941","chip_1","7cUp/xSMxGIJDY2lm8sUPv@f9941","chip_3","c87CjBUApBy4cAJdmJiT/N@f9941","shuzi_longhu_cm_wu_0","caZwbfsF1CrrpCAUqM8r6Q@f9941","shuzi_longhu_cm_lv_0","4diJpP5oZFzL9TZ7UR0Afn@f9941","shuzi_longhu_cm_cheng_0","1aukJF9EBL3ri8BZO7cGCF@f9941","shuzi_longhu_cm_hong_0","742gTQjEtG17ZtnBI7a1oc@f9941","shuzi_longhu_cm_zi_0","29vUfdq5pB8oY1u1514PxD@f9941"]}],[1],0,[],[],[]],[[{"name":"shuzi_longhu_cm_zi_0","rect":{"x":205,"y":305,"width":143,"height":46},"offset":{"x":-3.5,"y":52},"originalSize":{"width":150,"height":150},"rotated":true,"capInsets":[0,0,0,0],"packable":true,"pixelsToUnit":100,"pivot":{"x":0.5,"y":0.5},"meshType":0}],[0],0,[0],[0],[0]],[[{"name":"chip_4","rect":{"x":3,"y":305,"width":92,"height":93},"offset":{"x":0,"y":0},"originalSize":{"width":92,"height":93},"rotated":false,"capInsets":[0,0,0,0],"packable":true,"pixelsToUnit":100,"pivot":{"x":0.5,"y":0.5},"meshType":0}],[0],0,[0],[0],[0]],[[{"name":"shuzi_longhu_cm_shenlan_0","rect":{"x":202,"y":154,"width":145,"height":46},"offset":{"x":-2.5,"y":52},"originalSize":{"width":150,"height":150},"rotated":true,"capInsets":[0,0,0,0],"packable":true,"pixelsToUnit":100,"pivot":{"x":0.5,"y":0.5},"meshType":0}],[0],0,[0],[0],[0]],[[{"name":"chip_5","rect":{"x":3,"y":3,"width":92,"height":95},"offset":{"x":0,"y":0},"originalSize":{"width":92,"height":95},"rotated":true,"capInsets":[0,0,0,0],"packable":true,"pixelsToUnit":100,"pivot":{"x":0.5,"y":0.5},"meshType":0}],[0],0,[0],[0],[0]],[[{"name":"chip_0","rect":{"x":104,"y":3,"width":92,"height":95},"offset":{"x":0,"y":0},"originalSize":{"width":92,"height":95},"rotated":true,"capInsets":[0,0,0,0],"packable":true,"pixelsToUnit":100,"pivot":{"x":0.5,"y":0.5},"meshType":0}],[0],0,[0],[0],[0]],[[{"name":"shuzi_longhu_cm_lv_0","rect":{"x":101,"y":199,"width":145,"height":46},"offset":{"x":-2.5,"y":52},"originalSize":{"width":150,"height":150},"rotated":true,"capInsets":[0,0,0,0],"packable":true,"pixelsToUnit":100,"pivot":{"x":0.5,"y":0.5},"meshType":0}],[0],0,[0],[0],[0]],[[{"name":"shuzi_longhu_cm_hong_0","rect":{"x":101,"y":350,"width":144,"height":46},"offset":{"x":-3,"y":52},"originalSize":{"width":150,"height":150},"rotated":true,"capInsets":[0,0,0,0],"packable":true,"pixelsToUnit":100,"pivot":{"x":0.5,"y":0.5},"meshType":0}],[0],0,[0],[0],[0]],[[{"name":"chip_1","rect":{"x":3,"y":199,"width":92,"height":93},"offset":{"x":0,"y":0},"originalSize":{"width":92,"height":93},"rotated":false,"capInsets":[0,0,0,0],"packable":true,"pixelsToUnit":100,"pivot":{"x":0.5,"y":0.5},"meshType":0}],[0],0,[0],[0],[0]],[[{"name":"chip_6","rect":{"x":3,"y":101,"width":92,"height":94},"offset":{"x":0,"y":0},"originalSize":{"width":92,"height":94},"rotated":true,"capInsets":[0,0,0,0],"packable":true,"pixelsToUnit":100,"pivot":{"x":0.5,"y":0.5},"meshType":0}],[0],0,[0],[0],[0]],[[{"name":"chip_3","rect":{"x":3,"y":404,"width":92,"height":93},"offset":{"x":0,"y":0},"originalSize":{"width":92,"height":93},"rotated":false,"capInsets":[0,0,0,0],"packable":true,"pixelsToUnit":100,"pivot":{"x":0.5,"y":0.5},"meshType":0}],[0],0,[0],[0],[0]],[[{"name":"shuzi_longhu_cm_wu_0","rect":{"x":3,"y":503,"width":236,"height":23},"offset":{"x":-10,"y":116.5},"originalSize":{"width":256,"height":256},"rotated":false,"capInsets":[0,0,0,0],"packable":true,"pixelsToUnit":100,"pivot":{"x":0.5,"y":0.5},"meshType":0}],[0],0,[0],[0],[0]]]]
