[1,["f18JE/om5ImbD8piezCHLX@6c48a"],0,[["sp.SkeletonData",["_name","_atlasText","textureNames","_skeletonJson","textures"],-1,3]],[[0,0,1,2,3,4,5]],[[0,"st_icon_3","\r\nst_icon_3.png\r\nsize: 2048,2048\r\nformat: RGBA8888\r\nfilter: Linear,Linear\r\nrepeat: none\r\ndi\r\n  rotate: false\r\n  xy: 1019, 909\r\n  size: 310, 274\r\n  orig: 310, 274\r\n  offset: 0, 0\r\n  index: -1\r\ntx_lizi01/tx_lizi01_00\r\n  rotate: false\r\n  xy: 1331, 813\r\n  size: 370, 370\r\n  orig: 370, 370\r\n  offset: 0, 0\r\n  index: -1\r\ntx_lizi01/tx_lizi01_01\r\n  rotate: false\r\n  xy: 2, 746\r\n  size: 370, 370\r\n  orig: 370, 370\r\n  offset: 0, 0\r\n  index: -1\r\ntx_lizi01/tx_lizi01_02\r\n  rotate: false\r\n  xy: 374, 655\r\n  size: 370, 370\r\n  orig: 370, 370\r\n  offset: 0, 0\r\n  index: -1\r\ntx_lizi01/tx_lizi01_03\r\n  rotate: false\r\n  xy: 746, 537\r\n  size: 370, 370\r\n  orig: 370, 370\r\n  offset: 0, 0\r\n  index: -1\r\ntx_lizi01/tx_lizi01_04\r\n  rotate: false\r\n  xy: 1118, 441\r\n  size: 370, 370\r\n  orig: 370, 370\r\n  offset: 0, 0\r\n  index: -1\r\ntx_lizi01/tx_lizi01_05\r\n  rotate: false\r\n  xy: 1490, 441\r\n  size: 370, 370\r\n  orig: 370, 370\r\n  offset: 0, 0\r\n  index: -1\r\ntx_lizi01/tx_lizi01_06\r\n  rotate: false\r\n  xy: 2, 374\r\n  size: 370, 370\r\n  orig: 370, 370\r\n  offset: 0, 0\r\n  index: -1\r\ntx_lizi01/tx_lizi01_07\r\n  rotate: false\r\n  xy: 374, 283\r\n  size: 370, 370\r\n  orig: 370, 370\r\n  offset: 0, 0\r\n  index: -1\r\ntx_lizi01/tx_lizi01_08\r\n  rotate: false\r\n  xy: 746, 165\r\n  size: 370, 370\r\n  orig: 370, 370\r\n  offset: 0, 0\r\n  index: -1\r\ntx_lizi01/tx_lizi01_09\r\n  rotate: false\r\n  xy: 1118, 69\r\n  size: 370, 370\r\n  orig: 370, 370\r\n  offset: 0, 0\r\n  index: -1\r\ntx_lizi01/tx_lizi01_10\r\n  rotate: false\r\n  xy: 1490, 69\r\n  size: 370, 370\r\n  orig: 370, 370\r\n  offset: 0, 0\r\n  index: -1\r\ntx_lizi01/tx_lizi01_11\r\n  rotate: false\r\n  xy: 2, 2\r\n  size: 370, 370\r\n  orig: 370, 370\r\n  offset: 0, 0\r\n  index: -1\r\n光\r\n  rotate: false\r\n  xy: 780, 949\r\n  size: 237, 234\r\n  orig: 237, 234\r\n  offset: 0, 0\r\n  index: -1\r\n底座\r\n  rotate: true\r\n  xy: 610, 1027\r\n  size: 156, 168\r\n  orig: 156, 168\r\n  offset: 0, 0\r\n  index: -1\r\n底座1\r\n  rotate: true\r\n  xy: 280, 1118\r\n  size: 65, 120\r\n  orig: 65, 120\r\n  offset: 0, 0\r\n  index: -1\r\n底座2\r\n  rotate: true\r\n  xy: 402, 1107\r\n  size: 76, 121\r\n  orig: 76, 121\r\n  offset: 0, 0\r\n  index: -1\r\n底座3\r\n  rotate: false\r\n  xy: 202, 1122\r\n  size: 76, 61\r\n  orig: 76, 61\r\n  offset: 0, 0\r\n  index: -1\r\n月亮\r\n  rotate: false\r\n  xy: 525, 1101\r\n  size: 83, 82\r\n  orig: 83, 82\r\n  offset: 0, 0\r\n  index: -1\r\n火苗1\r\n  rotate: true\r\n  xy: 162, 1152\r\n  size: 31, 38\r\n  orig: 31, 38\r\n  offset: 0, 0\r\n  index: -1\r\n火苗2\r\n  rotate: true\r\n  xy: 82, 1153\r\n  size: 30, 38\r\n  orig: 30, 38\r\n  offset: 0, 0\r\n  index: -1\r\n火苗3\r\n  rotate: true\r\n  xy: 122, 1153\r\n  size: 30, 38\r\n  orig: 30, 38\r\n  offset: 0, 0\r\n  index: -1\r\n蜡烛1\r\n  rotate: true\r\n  xy: 26, 1165\r\n  size: 18, 23\r\n  orig: 18, 23\r\n  offset: 0, 0\r\n  index: -1\r\n蜡烛2\r\n  rotate: true\r\n  xy: 51, 1164\r\n  size: 19, 29\r\n  orig: 19, 29\r\n  offset: 0, 0\r\n  index: -1\r\n蜡烛3\r\n  rotate: true\r\n  xy: 2, 1168\r\n  size: 15, 22\r\n  orig: 15, 22\r\n  offset: 0, 0\r\n  index: -1\r\n",["st_icon_3.png"],{"skeleton":{"hash":"ZOSy+LHYdxzcrKf/EKlYllWCyp4","spine":"3.8.99","images":"E:/新版UI/星光公主/动画源文件/月亮","audio":"E:\\新版UI\\星光公主\\动画\\图标\\月亮"},"bones":[{"name":"root","scaleX":0.5,"scaleY":0.5},{"name":"底座4","parent":"root","x":0.27,"y":19.72,"color":"f61111ff"},{"name":"di","parent":"底座4","x":-3.17,"y":-7.99,"color":"9c9c9cff"},{"name":"lizi","parent":"底座4","x":-1.16,"y":-28.93},{"name":"光","parent":"root","x":112.89,"y":139.97},{"name":"底座","parent":"底座4","x":-5.36,"y":-52.31},{"name":"底座1","parent":"底座4","length":50.27,"rotation":74.16,"x":56.19,"y":-40.32},{"name":"底座2","parent":"底座4","length":67.72,"rotation":110.45,"x":-47.89,"y":-53.23},{"name":"底座3","parent":"底座4","length":20.24,"rotation":-90,"x":4.43,"y":-85.62},{"name":"蜡烛1","parent":"底座4","length":11.54,"rotation":87.34,"x":42.73,"y":25.07},{"name":"火苗1","parent":"蜡烛1","length":23.33,"rotation":2.13,"x":14.69,"y":-0.11},{"name":"蜡烛2","parent":"底座4","length":13.98,"rotation":94.4,"x":-39.81,"y":21.32},{"name":"火苗2","parent":"蜡烛2","length":23.98,"rotation":-3.88,"x":19.37,"y":0.2},{"name":"蜡烛3","parent":"底座4","length":11.37,"rotation":95.19,"x":0.31,"y":38.91},{"name":"蜡烛5","parent":"蜡烛3","length":23.33,"rotation":-6.27,"x":17.05,"y":0.16}],"slots":[{"name":"tx_lizi01/tx_lizi01_00","bone":"lizi","color":"b5dbffff","attachment":"tx_lizi01/tx_lizi01_11","blend":"additive"},{"name":"di","bone":"di","attachment":"di","blend":"additive"},{"name":"蜡烛1","bone":"蜡烛1","attachment":"蜡烛1"},{"name":"蜡烛2","bone":"蜡烛2","attachment":"蜡烛2"},{"name":"蜡烛3","bone":"蜡烛3","attachment":"蜡烛3"},{"name":"火苗3","bone":"蜡烛5","attachment":"火苗3"},{"name":"火苗2","bone":"火苗2","attachment":"火苗2"},{"name":"火苗1","bone":"火苗1","attachment":"火苗1"},{"name":"底座3","bone":"底座3","attachment":"底座3"},{"name":"底座2","bone":"底座2","attachment":"底座2"},{"name":"底座1","bone":"底座1","attachment":"底座1"},{"name":"底座","bone":"底座4","attachment":"底座"},{"name":"月亮","bone":"底座","attachment":"月亮"},{"name":"光","bone":"光","attachment":"光","blend":"additive"}],"skins":[{"name":"default","attachments":{"di":{"di":{"x":5.45,"y":-39.29,"width":310,"height":274}},"tx_lizi01/tx_lizi01_00":{"tx_lizi01/tx_lizi01_00":{"width":370,"height":370},"tx_lizi01/tx_lizi01_01":{"width":370,"height":370},"tx_lizi01/tx_lizi01_02":{"width":370,"height":370},"tx_lizi01/tx_lizi01_03":{"width":370,"height":370},"tx_lizi01/tx_lizi01_04":{"width":370,"height":370},"tx_lizi01/tx_lizi01_05":{"width":370,"height":370},"tx_lizi01/tx_lizi01_06":{"width":370,"height":370},"tx_lizi01/tx_lizi01_07":{"width":370,"height":370},"tx_lizi01/tx_lizi01_08":{"width":370,"height":370},"tx_lizi01/tx_lizi01_09":{"width":370,"height":370},"tx_lizi01/tx_lizi01_10":{"width":370,"height":370},"tx_lizi01/tx_lizi01_11":{"width":370,"height":370}},"光":{"光":{"x":1.2,"y":2.9,"width":237,"height":234}},"底座":{"底座":{"x":1.71,"y":-32.68,"width":156,"height":168}},"底座1":{"底座1":{"x":9.97,"y":-7.13,"rotation":-74.16,"width":65,"height":120}},"底座2":{"底座2":{"x":25.08,"y":4.69,"rotation":-110.45,"width":76,"height":121}},"底座3":{"底座3":{"x":10.21,"y":-0.72,"rotation":90,"width":76,"height":61}},"月亮":{"月亮":{"x":8.58,"y":24.99,"width":83,"height":82}},"火苗1":{"火苗1":{"x":14.57,"y":0.45,"rotation":-89.46,"width":31,"height":38}},"火苗2":{"火苗2":{"x":12.69,"y":-1.32,"rotation":-90.52,"width":30,"height":38}},"火苗3":{"火苗3":{"x":12.46,"y":-0.86,"rotation":-88.93,"width":30,"height":38}},"蜡烛1":{"蜡烛1":{"x":7.64,"y":2.38,"rotation":-87.34,"width":18,"height":23}},"蜡烛2":{"蜡烛2":{"x":7.78,"y":3.39,"rotation":-94.4,"width":19,"height":29}},"蜡烛3":{"蜡烛3":{"x":8.47,"y":0.34,"rotation":-95.25,"width":15,"height":22}}}}],"animations":{"animation":{"slots":{"di":{"color":[{"color":"ffffff00"},{"time":0.3333,"color":"ffffffff","curve":"stepped"},{"time":1,"color":"ffffffff"},{"time":1.3333,"color":"ffffff00"}]},"tx_lizi01/tx_lizi01_00":{"color":[{"color":"b5daff00","curve":"stepped"},{"time":0.3,"color":"b5daff00"},{"time":0.3333,"color":"b5dbffff","curve":"stepped"},{"time":1.1333,"color":"b5dbffff"},{"time":1.8,"color":"b5daff00"}],"attachment":[{"time":0.3333,"name":"tx_lizi01/tx_lizi01_00"},{"time":0.4,"name":"tx_lizi01/tx_lizi01_01"},{"time":0.4667,"name":"tx_lizi01/tx_lizi01_02"},{"time":0.5333,"name":"tx_lizi01/tx_lizi01_03"},{"time":0.6,"name":"tx_lizi01/tx_lizi01_04"},{"time":0.6667,"name":"tx_lizi01/tx_lizi01_05"},{"time":0.7333,"name":"tx_lizi01/tx_lizi01_06"},{"time":0.8,"name":"tx_lizi01/tx_lizi01_07"},{"time":0.8667,"name":"tx_lizi01/tx_lizi01_08"},{"time":0.9333,"name":"tx_lizi01/tx_lizi01_09"},{"time":1,"name":"tx_lizi01/tx_lizi01_10"},{"time":1.0667,"name":"tx_lizi01/tx_lizi01_11"},{"time":1.1333,"name":"tx_lizi01/tx_lizi01_00"},{"time":1.2,"name":"tx_lizi01/tx_lizi01_01"},{"time":1.2667,"name":"tx_lizi01/tx_lizi01_02"},{"time":1.3333,"name":"tx_lizi01/tx_lizi01_03"},{"time":1.4,"name":"tx_lizi01/tx_lizi01_04"},{"time":1.4667,"name":"tx_lizi01/tx_lizi01_05"},{"time":1.5333,"name":"tx_lizi01/tx_lizi01_06"},{"time":1.6,"name":"tx_lizi01/tx_lizi01_07"},{"time":1.6667,"name":"tx_lizi01/tx_lizi01_08"},{"time":1.7333,"name":"tx_lizi01/tx_lizi01_09"},{"time":1.8,"name":"tx_lizi01/tx_lizi01_10"}]},"光":{"color":[{"color":"ffffff00","curve":"stepped"},{"time":0.1667,"color":"ffffff00"},{"time":0.6667,"color":"ffffffff","curve":"stepped"},{"time":0.9333,"color":"ffffffff"},{"time":1.3333,"color":"ffffff00"}]}},"bones":{"光":{"translate":[{"x":-136.91,"y":-113.98},{"time":0.3333,"x":-130.66,"y":-154.29},{"time":0.5,"x":-93.13,"y":-170.97},{"time":0.8333,"x":-65.33,"y":-159.85},{"time":1.1333,"x":-62.55,"y":-118.84}]},"蜡烛5":{"rotate":[{"time":0.3333},{"time":0.6667,"angle":-8.78},{"time":1}]},"火苗2":{"rotate":[{"time":0.3333},{"time":0.6667,"angle":-3.81},{"time":1}]},"火苗1":{"rotate":[{"time":0.3333},{"time":0.6667,"angle":-9.68},{"time":1}]},"底座3":{"translate":[{"time":0.3333},{"time":1,"y":-3.62},{"time":1.5}]},"底座2":{"rotate":[{},{"time":1,"angle":4.79},{"time":1.3333}],"translate":[{"time":0.3333},{"time":1,"x":-6.07},{"time":1.3333}]},"底座1":{"rotate":[{},{"time":1,"angle":-3.24},{"time":1.5}],"translate":[{},{"time":1,"x":8.14},{"time":1.5}]},"底座":{"rotate":[{"time":0.3333},{"time":0.6667,"angle":24.41},{"time":1.1667,"angle":30.52},{"time":1.5}],"translate":[{"time":0.3333},{"time":0.6667,"x":9.35,"y":-8.13},{"time":1.1667,"x":11.68,"y":-10.16},{"time":1.5}]},"底座4":{"scale":[{},{"time":0.3333,"x":1.307,"y":1.307},{"time":1,"x":1.368,"y":1.368},{"time":1.3333,"x":0.949,"y":0.949},{"time":1.5,"curve":"stepped"},{"time":2.1667}]}}}}},[0]]],0,0,[0],[-1],[0]]
