[1,["16fcioExRNSqu3Pm7LfGMG@6c48a","16fcioExRNSqu3Pm7LfGMG@f9941"],["_textureSource","spriteFrame"],["cc.SpriteFrame",["cc.BitmapFont",["_name","fontSize","fntConfig"],0]],[[1,0,1,2,4]],[[[{"name":"shuzi_aj_jackpot_0","rect":{"x":0,"y":0,"width":197,"height":29},"offset":{"x":-29.5,"y":113.5},"originalSize":{"width":256,"height":256},"rotated":false,"capInsets":[0,0,0,0],"vertices":{"rawPosition":[-98.5,-14.5,0,98.5,-14.5,0,-98.5,14.5,0,98.5,14.5,0],"indexes":[0,1,2,2,1,3],"uv":[0,256,197,256,0,227,197,227],"nuv":[0,0.88671875,0.76953125,0.88671875,0,1,0.76953125,1],"minPos":{"x":-98.5,"y":-14.5,"z":0},"maxPos":{"x":98.5,"y":14.5,"z":0}},"packable":true,"pixelsToUnit":100,"pivot":{"x":0.5,"y":0.5},"meshType":0}],[0],0,[0],[0],[0]],[[[0,"shuzi_aj_jackpot",32,{"commonHeight":32,"fontSize":32,"atlasName":"shuzi_aj_jackpot_0.png","fontDefDictionary":{"44":{"xOffset":0,"yOffset":0,"xAdvance":10,"rect":{"x":177,"y":0,"width":10,"height":29}},"46":{"xOffset":0,"yOffset":0,"xAdvance":10,"rect":{"x":187,"y":0,"width":10,"height":29}},"48":{"xOffset":0,"yOffset":0,"xAdvance":19,"rect":{"x":0,"y":0,"width":19,"height":29}},"49":{"xOffset":0,"yOffset":0,"xAdvance":15,"rect":{"x":162,"y":0,"width":15,"height":29}},"50":{"xOffset":0,"yOffset":0,"xAdvance":17,"rect":{"x":128,"y":0,"width":17,"height":29}},"51":{"xOffset":0,"yOffset":0,"xAdvance":18,"rect":{"x":38,"y":0,"width":18,"height":29}},"52":{"xOffset":0,"yOffset":0,"xAdvance":19,"rect":{"x":19,"y":0,"width":19,"height":29}},"53":{"xOffset":0,"yOffset":0,"xAdvance":17,"rect":{"x":145,"y":0,"width":17,"height":29}},"54":{"xOffset":0,"yOffset":0,"xAdvance":18,"rect":{"x":56,"y":0,"width":18,"height":29}},"55":{"xOffset":0,"yOffset":0,"xAdvance":18,"rect":{"x":74,"y":0,"width":18,"height":29}},"56":{"xOffset":0,"yOffset":0,"xAdvance":18,"rect":{"x":92,"y":0,"width":18,"height":29}},"57":{"xOffset":0,"yOffset":0,"xAdvance":18,"rect":{"x":110,"y":0,"width":18,"height":29}}},"kerningDict":{}}]],0,0,[0],[1],[1]]]]
