[1,["e1666ba1-4190-432e-80c8-bfbf7097303c@6c48a"],["_textureSource"],["cc.SpriteFrame"],0,[{"name":"hw_thor_tanchuag4","rect":{"x":0,"y":20,"width":1017,"height":995},"offset":{"x":0,"y":-10},"originalSize":{"width":1017,"height":1015},"rotated":false,"capInsets":[0,0,0,0],"vertices":{"rawPosition":[-508.5,-497.5,0,508.5,-497.5,0,-508.5,497.5,0,508.5,497.5,0],"indexes":[0,1,2,2,1,3],"uv":[0,995,1017,995,0,0,1017,0],"nuv":[0,0,1,0,0,0.9802955665024631,1,0.9802955665024631],"minPos":{"x":-508.5,"y":-497.5,"z":0},"maxPos":{"x":508.5,"y":497.5,"z":0}},"packable":true,"pixelsToUnit":100,"pivot":{"x":0.5,"y":0.5},"meshType":0}],[0],0,[0],[0],[0]]
