[1,["feCE94nk5DkYB4LVXjdNlU@6c48a"],0,[["sp.SkeletonData",["_name","_atlasText","textureNames","_skeletonJson","textures"],-1,3]],[[0,0,1,2,3,4,5]],[[0,"shizijia","\r\nshizijia.png\r\nsize: 1024,256\r\nformat: RGBA8888\r\nfilter: Linear,Linear\r\nrepeat: none\r\nbg\r\n  rotate: false\r\n  xy: 2, 2\r\n  size: 272, 200\r\n  orig: 272, 200\r\n  offset: 0, 0\r\n  index: -1\r\nguangxiao\r\n  rotate: false\r\n  xy: 459, 112\r\n  size: 101, 90\r\n  orig: 101, 90\r\n  offset: 0, 0\r\n  index: -1\r\nshizijia\r\n  rotate: false\r\n  xy: 276, 12\r\n  size: 181, 190\r\n  orig: 181, 190\r\n  offset: 0, 0\r\n  index: -1\r\n",["shizijia.png"],{"skeleton":{"hash":"lfqWQ0OGHaENIywmiHOMD6XLRzE","spine":"3.6.53","width":133.74,"height":105.22,"images":"./images/"},"bones":[{"name":"root"},{"name":"all","parent":"root","scaleX":0.492,"scaleY":0.492},{"name":"guangxiao","parent":"all","x":-1.82,"y":-84.77},{"name":"shizijia","parent":"all","x":-16.93,"y":-16.07}],"slots":[{"name":"bg","bone":"all","attachment":"bg"},{"name":"guangxiao","bone":"guangxiao","attachment":"guangxiao","blend":"additive"},{"name":"shizijia","bone":"shizijia","attachment":"shizijia"},{"name":"shizijia2","bone":"shizijia","attachment":"shizijia","blend":"additive"}],"skins":{"default":{"bg":{"bg":{"x":-0.03,"y":6.83,"width":272,"height":200}},"guangxiao":{"guangxiao":{"x":2.29,"y":40.6,"width":101,"height":90}},"shizijia":{"shizijia":{"x":16.4,"y":3.9,"width":181,"height":190}},"shizijia2":{"shizijia":{"x":16.4,"y":3.9,"width":181,"height":190}}}},"animations":{"dynamic":{"slots":{"guangxiao":{"color":[{"time":0,"color":"ffffff00","curve":[0.25,0,0.75,1]},{"time":0.5,"color":"ffffffff","curve":[0.25,0,0.75,1]},{"time":1,"color":"ffffff00"}]},"shizijia2":{"color":[{"time":0,"color":"ffffff00","curve":[0.25,0,0.75,1]},{"time":0.5,"color":"ffffffff","curve":[0.25,0,0.75,1]},{"time":1,"color":"ffffff00"}]}},"bones":{"shizijia":{"translate":[{"time":0,"x":0,"y":0,"curve":[0.25,0,0.75,1]},{"time":0.5,"x":2.75,"y":5.95,"curve":[0.25,0,0.75,1]},{"time":1,"x":0,"y":0}]}}},"static":{"slots":{"guangxiao":{"color":[{"time":0,"color":"ffffff00"}]},"shizijia2":{"color":[{"time":0,"color":"ffffff00"}]}},"bones":{"shizijia":{"translate":[{"time":0,"x":0,"y":0}]}}}}},[0]]],0,0,[0],[-1],[0]]
