[1,["02eU1fgeBAGqJxFtyLLS4+@6c48a"],0,[["sp.SkeletonData",["_name","_atlasText","textureNames","_skeletonJson","textures"],-1,3]],[[0,0,1,2,3,4,5]],[[0,"xiaoyouxijiacishu","\r\nxiaoyouxijiacishu.png\r\nsize: 1024,512\r\nformat: RGBA8888\r\nfilter: Linear,Linear\r\nrepeat: none\r\ntoux_00000\r\n  rotate: false\r\n  xy: 213, 280\r\n  size: 212, 212\r\n  orig: 260, 260\r\n  offset: 21, 14\r\n  index: -1\r\ntoux_00001\r\n  rotate: false\r\n  xy: 427, 118\r\n  size: 176, 176\r\n  orig: 260, 260\r\n  offset: 39, 32\r\n  index: -1\r\ntoux_00002\r\n  rotate: false\r\n  xy: 751, 2\r\n  size: 140, 140\r\n  orig: 260, 260\r\n  offset: 57, 50\r\n  index: -1\r\ntoux_00003\r\n  rotate: true\r\n  xy: 605, 8\r\n  size: 139, 144\r\n  orig: 260, 260\r\n  offset: 63, 42\r\n  index: -1\r\ntoux_00004\r\n  rotate: false\r\n  xy: 837, 144\r\n  size: 152, 170\r\n  orig: 260, 260\r\n  offset: 55, 28\r\n  index: -1\r\ntoux_00005\r\n  rotate: true\r\n  xy: 644, 149\r\n  size: 165, 191\r\n  orig: 260, 260\r\n  offset: 49, 16\r\n  index: -1\r\ntoux_00006\r\n  rotate: true\r\n  xy: 644, 316\r\n  size: 176, 203\r\n  orig: 260, 260\r\n  offset: 42, 11\r\n  index: -1\r\ntoux_00007\r\n  rotate: true\r\n  xy: 427, 296\r\n  size: 196, 215\r\n  orig: 260, 260\r\n  offset: 28, 4\r\n  index: -1\r\ntoux_00008\r\n  rotate: false\r\n  xy: 2, 57\r\n  size: 204, 217\r\n  orig: 260, 260\r\n  offset: 20, 2\r\n  index: -1\r\ntoux_00009\r\n  rotate: false\r\n  xy: 2, 276\r\n  size: 209, 216\r\n  orig: 260, 260\r\n  offset: 15, 3\r\n  index: -1\r\ntoux_00010\r\n  rotate: false\r\n  xy: 849, 318\r\n  size: 171, 174\r\n  orig: 260, 260\r\n  offset: 41, 45\r\n  index: -1\r\ntoux_00011\r\n  rotate: false\r\n  xy: 208, 119\r\n  size: 149, 155\r\n  orig: 260, 260\r\n  offset: 59, 48\r\n  index: -1\r\ntoux_00012\r\n  rotate: false\r\n  xy: 208, 7\r\n  size: 110, 110\r\n  orig: 260, 260\r\n  offset: 72, 71\r\n  index: -1\r\ntoux_00013\r\n  rotate: false\r\n  xy: 320, 8\r\n  size: 109, 108\r\n  orig: 260, 260\r\n  offset: 73, 72\r\n  index: -1\r\ntoux_00014\r\n  rotate: true\r\n  xy: 893, 33\r\n  size: 109, 108\r\n  orig: 260, 260\r\n  offset: 73, 72\r\n  index: -1\r\n",["xiaoyouxijiacishu.png"],{"skeleton":{"hash":"eg24qW175Ij0l4uWoXI3JZPW4c8","spine":"3.6.53","width":260,"height":260,"images":"H:/PS/新大厅/百人球球/jackpot/序列"},"bones":[{"name":"root"}],"slots":[{"name":"sdfe","bone":"root","attachment":"toux_00014","blend":"additive"}],"skins":{"default":{"sdfe":{"toux_00000":{"width":260,"height":260},"toux_00001":{"width":260,"height":260},"toux_00002":{"width":260,"height":260},"toux_00003":{"width":260,"height":260},"toux_00004":{"width":260,"height":260},"toux_00005":{"width":260,"height":260},"toux_00006":{"width":260,"height":260},"toux_00007":{"width":260,"height":260},"toux_00008":{"width":260,"height":260},"toux_00009":{"width":260,"height":260},"toux_00010":{"width":260,"height":260},"toux_00011":{"width":260,"height":260},"toux_00012":{"width":260,"height":260},"toux_00013":{"width":260,"height":260},"toux_00014":{"width":260,"height":260}}}},"animations":{"animation":{"slots":{"sdfe":{"attachment":[{"time":0,"name":"toux_00000"},{"time":0.0667,"name":"toux_00001"},{"time":0.1333,"name":"toux_00002"},{"time":0.2,"name":"toux_00003"},{"time":0.2667,"name":"toux_00004"},{"time":0.3333,"name":"toux_00005"},{"time":0.4,"name":"toux_00006"},{"time":0.4667,"name":"toux_00007"},{"time":0.5333,"name":"toux_00008"},{"time":0.6,"name":"toux_00009"},{"time":0.6667,"name":"toux_00010"},{"time":0.7333,"name":"toux_00011"},{"time":0.8,"name":"toux_00012"},{"time":0.8667,"name":"toux_00013"},{"time":0.9333,"name":"toux_00014"},{"time":1,"name":null}]}}}}},[0]]],0,0,[0],[-1],[0]]
