[1,["1612ab0a0@6c48a"],["_textureSource"],["cc.SpriteFrame","cc.SpriteAtlas"],0,[[[{"name":"money_day_bg11","rect":{"x":3,"y":645,"width":183,"height":354},"offset":{"x":-0.5,"y":0.5},"originalSize":{"width":188,"height":359},"rotated":false,"capInsets":[0,0,0,0],"packable":true,"pixelsToUnit":100,"pivot":{"x":0.5,"y":0.5},"meshType":0}],[0],0,[0],[0],[0]],[[{"name":"checked_in_btnRules","rect":{"x":192,"y":832,"width":54,"height":54},"offset":{"x":0,"y":0.5},"originalSize":{"width":58,"height":59},"rotated":false,"capInsets":[0,0,0,0],"packable":true,"pixelsToUnit":100,"pivot":{"x":0.5,"y":0.5},"meshType":0}],[0],0,[0],[0],[0]],[[{"name":"person_women","rect":{"x":3,"y":3,"width":405,"height":636},"offset":{"x":0,"y":0},"originalSize":{"width":405,"height":636},"rotated":false,"capInsets":[0,0,0,0],"packable":true,"pixelsToUnit":100,"pivot":{"x":0.5,"y":0.5},"meshType":0}],[0],0,[0],[0],[0]],[[{"name":"auto_sigIn","spriteFrames":["checked_in_bg","8aYSJFFKpO3p0V4JbmjjTz@f9941","hit","65BlWOgP9IoYpyTC+CSgPb@f9941","kuang","ad1kn1gwpHD7vmsCzTrRSM@f9941","checked_in_btnFont","06KCAbA2ZG/L2R0Y0+cIZV@f9941","icon_dt_shop_jinb6","5d6j8Ou39M1Ym9MVtD/FDR@f9941","icon_yiqiandao","1bGeQCkdtFjpOAPxMb/2la@f9941","checked_in_btn","56SEHBZG5PCKnrBlu5tdF5@f9941","icon_dt_shop_jinb4","e8qhOI1+VOaJqyLYpvHttL@f9941","icon_dt_shop_jinb5","56wc+riXFAuKNlU4ZxqD+6@f9941","checked_in_close","71OLrATR5E24p4RYqn1fe1@f9941","money_day_di","88z0Aj6iVNN4saJ7sRsUYC@f9941","money_day_bg01_di","adQYgUFptGmbNzTyhh6e4M@f9941","money_day_bg12","fb97Z7sc9PTqvf6a5PxObX@f9941","money_day_bg01","03KE+AXa1Bd5yj2Ul8B55K@f9941","money_icon","a2cFajH8xC+b4/lB1eHsbR@f9941","icon_dt_shop_jinb3","31CIgxwOtLtKvWKp4sFc3j@f9941","icon_dt_shop_jinb2","67v6M3bfdGl5UZtDISuOO+@f9941","icon_dt_shop_jinb1","2cDJ6nCi9HNKnp4vploHwq@f9941","person_women","4fJvEmCTtNXIvMCruSwrN8@f9941","money_day_bg11","01LcG5US9Jqo3lWivOCctV@f9941","money_day_bg","d5J/GEIZBKcLiKK0EzJwx0@f9941","checked_in_btnRules","355h43+M1Gub7+2I5SLWhw@f9941"]}],[1],0,[],[],[]],[[{"name":"money_day_bg","rect":{"x":192,"y":645,"width":183,"height":181},"offset":{"x":-0.5,"y":0.5},"originalSize":{"width":188,"height":186},"rotated":false,"capInsets":[0,0,0,0],"packable":true,"pixelsToUnit":100,"pivot":{"x":0.5,"y":0.5},"meshType":0}],[0],0,[0],[0],[0]]]]
