[1,["19d3c9f38@6c48a"],["_textureSource"],["cc.SpriteFrame","cc.SpriteAtlas"],0,[[[{"name":"btn_zi_1_0","rect":{"x":198,"y":667,"width":131,"height":24},"offset":{"x":0,"y":0},"originalSize":{"width":131,"height":24},"rotated":false,"capInsets":[0,0,0,0],"packable":true,"pixelsToUnit":100,"pivot":{"x":0.5,"y":0.5},"meshType":0}],[0],0,[0],[0],[0]],[[{"name":"shurubox_lan","rect":{"x":196,"y":878,"width":234,"height":40},"offset":{"x":0,"y":0},"originalSize":{"width":234,"height":40},"rotated":false,"capInsets":[0,0,0,0],"packable":true,"pixelsToUnit":100,"pivot":{"x":0.5,"y":0.5},"meshType":0}],[0],0,[0],[0],[0]],[[{"name":"btn_icon_2","rect":{"x":962,"y":705,"width":58,"height":50},"offset":{"x":0,"y":0},"originalSize":{"width":58,"height":50},"rotated":true,"capInsets":[0,0,0,0],"packable":true,"pixelsToUnit":100,"pivot":{"x":0.5,"y":0.5},"meshType":0}],[0],0,[0],[0],[0]],[[{"name":"Claimable Recharge  Rebates","rect":{"x":925,"y":245,"width":214,"height":47},"offset":{"x":0,"y":0},"originalSize":{"width":214,"height":47},"rotated":true,"capInsets":[0,0,0,0],"packable":true,"pixelsToUnit":100,"pivot":{"x":0.5,"y":0.5},"meshType":0}],[0],0,[0],[0],[0]],[[{"name":"Invitation reward details","rect":{"x":117,"y":997,"width":254,"height":23},"offset":{"x":0,"y":0},"originalSize":{"width":254,"height":23},"rotated":false,"capInsets":[0,0,0,0],"packable":true,"pixelsToUnit":100,"pivot":{"x":0.5,"y":0.5},"meshType":0}],[0],0,[0],[0],[0]],[[{"name":"icon_fenxiang_fanhui","rect":{"x":290,"y":488,"width":48,"height":30},"offset":{"x":0,"y":0},"originalSize":{"width":48,"height":30},"rotated":true,"capInsets":[0,0,0,0],"packable":true,"pixelsToUnit":100,"pivot":{"x":0.5,"y":0.5},"meshType":0}],[0],0,[0],[0],[0]],[[{"name":"btn_telegram","rect":{"x":962,"y":769,"width":52,"height":53},"offset":{"x":0,"y":0},"originalSize":{"width":52,"height":53},"rotated":false,"capInsets":[0,0,0,0],"packable":true,"pixelsToUnit":100,"pivot":{"x":0.5,"y":0.5},"meshType":0}],[0],0,[0],[0],[0]],[[{"name":"icon_fx_shou_1","rect":{"x":937,"y":108,"width":63,"height":51},"offset":{"x":0,"y":0},"originalSize":{"width":63,"height":51},"rotated":false,"capInsets":[0,0,0,0],"packable":true,"pixelsToUnit":100,"pivot":{"x":0.5,"y":0.5},"meshType":0}],[0],0,[0],[0],[0]],[[{"name":"btn_icon_4","rect":{"x":490,"y":566,"width":50,"height":48},"offset":{"x":0,"y":0},"originalSize":{"width":50,"height":48},"rotated":false,"capInsets":[0,0,0,0],"packable":true,"pixelsToUnit":100,"pivot":{"x":0.5,"y":0.5},"meshType":0}],[0],0,[0],[0],[0]],[[{"name":"shurubox_huang","rect":{"x":697,"y":127,"width":234,"height":40},"offset":{"x":0,"y":0},"originalSize":{"width":234,"height":40},"rotated":false,"capInsets":[0,0,0,0],"packable":true,"pixelsToUnit":100,"pivot":{"x":0.5,"y":0.5},"meshType":0}],[0],0,[0],[0],[0]],[[{"name":"Today's Recharge Rebate","rect":{"x":198,"y":844,"width":270,"height":28},"offset":{"x":0,"y":0},"originalSize":{"width":270,"height":28},"rotated":false,"capInsets":[0,0,0,0],"packable":true,"pixelsToUnit":100,"pivot":{"x":0.5,"y":0.5},"meshType":0}],[0],0,[0],[0],[0]],[[{"name":"icon_jinbi_4","rect":{"x":897,"y":3,"width":102,"height":99},"offset":{"x":0,"y":0},"originalSize":{"width":102,"height":99},"rotated":false,"capInsets":[0,0,0,0],"packable":true,"pixelsToUnit":100,"pivot":{"x":0.5,"y":0.5},"meshType":0}],[0],0,[0],[0],[0]],[[{"name":"Recharge Rebate Details","rect":{"x":663,"y":3,"width":258,"height":28},"offset":{"x":0,"y":0},"originalSize":{"width":258,"height":28},"rotated":true,"capInsets":[0,0,0,0],"packable":true,"pixelsToUnit":100,"pivot":{"x":0.5,"y":0.5},"meshType":0}],[0],0,[0],[0],[0]],[[{"name":"Betting rebates from  other members","rect":{"x":872,"y":245,"width":216,"height":47},"offset":{"x":0,"y":0},"originalSize":{"width":216,"height":47},"rotated":true,"capInsets":[0,0,0,0],"packable":true,"pixelsToUnit":100,"pivot":{"x":0.5,"y":0.5},"meshType":0}],[0],0,[0],[0],[0]],[[{"name":"Today’s invitation  reward","rect":{"x":663,"y":471,"width":203,"height":48},"offset":{"x":0,"y":0},"originalSize":{"width":203,"height":48},"rotated":false,"capInsets":[0,0,0,0],"packable":true,"pixelsToUnit":100,"pivot":{"x":0.5,"y":0.5},"meshType":0}],[0],0,[0],[0],[0]],[[{"name":"btn_facebook","rect":{"x":718,"y":653,"width":52,"height":53},"offset":{"x":0,"y":0},"originalSize":{"width":52,"height":53},"rotated":true,"capInsets":[0,0,0,0],"packable":true,"pixelsToUnit":100,"pivot":{"x":0.5,"y":0.5},"meshType":0}],[0],0,[0],[0],[0]],[[{"name":"Received rewards","rect":{"x":816,"y":245,"width":187,"height":23},"offset":{"x":0,"y":0},"originalSize":{"width":187,"height":23},"rotated":true,"capInsets":[0,0,0,0],"packable":true,"pixelsToUnit":100,"pivot":{"x":0.5,"y":0.5},"meshType":0}],[0],0,[0],[0],[0]],[[{"name":"icon_jinbi_2","rect":{"x":474,"y":844,"width":162,"height":137},"offset":{"x":0,"y":0},"originalSize":{"width":162,"height":137},"rotated":true,"capInsets":[0,0,0,0],"packable":true,"pixelsToUnit":100,"pivot":{"x":0.5,"y":0.5},"meshType":0}],[0],0,[0],[0],[0]],[[{"name":"btn_fenxiang_hui","rect":{"x":697,"y":3,"width":194,"height":56},"offset":{"x":0,"y":0},"originalSize":{"width":194,"height":56},"rotated":false,"capInsets":[0,0,0,0],"packable":true,"pixelsToUnit":100,"pivot":{"x":0.5,"y":0.5},"meshType":0}],[0],0,[0],[0],[0]],[[{"name":"icon_fx_ren_5","rect":{"x":290,"y":542,"width":38,"height":46},"offset":{"x":0,"y":0},"originalSize":{"width":38,"height":46},"rotated":false,"capInsets":[0,0,0,0],"packable":true,"pixelsToUnit":100,"pivot":{"x":0.5,"y":0.5},"meshType":0}],[0],0,[0],[0],[0]],[[{"name":"icon_jilu","rect":{"x":290,"y":594,"width":34,"height":37},"offset":{"x":0,"y":0},"originalSize":{"width":34,"height":37},"rotated":true,"capInsets":[0,0,0,0],"packable":true,"pixelsToUnit":100,"pivot":{"x":0.5,"y":0.5},"meshType":0}],[0],0,[0],[0],[0]],[[{"name":"btn_zi_3_0","rect":{"x":260,"y":488,"width":127,"height":24},"offset":{"x":0,"y":0},"originalSize":{"width":127,"height":24},"rotated":true,"capInsets":[0,0,0,0],"packable":true,"pixelsToUnit":100,"pivot":{"x":0.5,"y":0.5},"meshType":0}],[0],0,[0],[0],[0]],[[{"name":"My other members_","rect":{"x":463,"y":3,"width":241,"height":32},"offset":{"x":0,"y":0},"originalSize":{"width":241,"height":32},"rotated":true,"capInsets":[0,0,0,0],"packable":true,"pixelsToUnit":100,"pivot":{"x":0.5,"y":0.5},"meshType":0}],[0],0,[0],[0],[0]],[[{"name":"bg_lianjiekbox","rect":{"x":198,"y":704,"width":459,"height":39},"offset":{"x":0,"y":0},"originalSize":{"width":459,"height":39},"rotated":false,"capInsets":[0,0,0,0],"packable":true,"pixelsToUnit":100,"pivot":{"x":0.5,"y":0.5},"meshType":0}],[0],0,[0],[0],[0]],[[{"name":"btn_fuzhi","rect":{"x":663,"y":267,"width":198,"height":56},"offset":{"x":0,"y":0},"originalSize":{"width":198,"height":56},"rotated":true,"capInsets":[0,0,0,0],"packable":true,"pixelsToUnit":100,"pivot":{"x":0.5,"y":0.5},"meshType":0}],[0],0,[0],[0],[0]],[[{"name":"btn_1_1","rect":{"x":642,"y":749,"width":314,"height":83},"offset":{"x":0,"y":0},"originalSize":{"width":314,"height":83},"rotated":false,"capInsets":[0,0,0,0],"packable":true,"pixelsToUnit":100,"pivot":{"x":0.5,"y":0.5},"meshType":0}],[0],0,[0],[0],[0]],[[{"name":"btn_fenxiang_huang_1","rect":{"x":260,"y":170,"width":312,"height":56},"offset":{"x":0,"y":0},"originalSize":{"width":312,"height":56},"rotated":true,"capInsets":[0,0,0,0],"packable":true,"pixelsToUnit":100,"pivot":{"x":0.5,"y":0.5},"meshType":0}],[0],0,[0],[0],[0]],[[{"name":"icon_jinbi_3","rect":{"x":917,"y":838,"width":112,"height":81},"offset":{"x":0,"y":0},"originalSize":{"width":112,"height":81},"rotated":true,"capInsets":[0,0,0,0],"packable":true,"pixelsToUnit":100,"pivot":{"x":0.5,"y":0.5},"meshType":0}],[0],0,[0],[0],[0]],[[{"name":"zi_dt_fenxiang_tishiyu","rect":{"x":198,"y":170,"width":458,"height":56},"offset":{"x":0,"y":0},"originalSize":{"width":458,"height":56},"rotated":true,"capInsets":[0,0,0,0],"packable":true,"pixelsToUnit":100,"pivot":{"x":0.5,"y":0.5},"meshType":0}],[0],0,[0],[0],[0]],[[{"name":"word_AgencyRebate","rect":{"x":617,"y":916,"width":236,"height":48},"offset":{"x":0,"y":0},"originalSize":{"width":236,"height":48},"rotated":false,"capInsets":[0,0,0,0],"packable":true,"pixelsToUnit":100,"pivot":{"x":0.5,"y":0.5},"meshType":0}],[0],0,[0],[0],[0]],[[{"name":"Received betting rebate","rect":{"x":697,"y":211,"width":250,"height":28},"offset":{"x":0,"y":0},"originalSize":{"width":250,"height":28},"rotated":false,"capInsets":[0,0,0,0],"packable":true,"pixelsToUnit":100,"pivot":{"x":0.5,"y":0.5},"meshType":0}],[0],0,[0],[0],[0]],[[{"name":"Betting rebates available","rect":{"x":120,"y":963,"width":262,"height":28},"offset":{"x":0,"y":0},"originalSize":{"width":262,"height":28},"rotated":false,"capInsets":[0,0,0,0],"packable":true,"pixelsToUnit":100,"pivot":{"x":0.5,"y":0.5},"meshType":0}],[0],0,[0],[0],[0]],[[{"name":"btn_fanhui","rect":{"x":3,"y":871,"width":100,"height":111},"offset":{"x":0,"y":0},"originalSize":{"width":100,"height":111},"rotated":true,"capInsets":[0,0,0,0],"packable":true,"pixelsToUnit":100,"pivot":{"x":0.5,"y":0.5},"meshType":0}],[0],0,[0],[0],[0]],[[{"name":"icon_fx_zhong_1","rect":{"x":956,"y":165,"width":49,"height":62},"offset":{"x":0,"y":0},"originalSize":{"width":49,"height":62},"rotated":false,"capInsets":[0,0,0,0],"packable":true,"pixelsToUnit":100,"pivot":{"x":0.5,"y":0.5},"meshType":0}],[0],0,[0],[0],[0]],[[{"name":"btn_zi_2_1","rect":{"x":986,"y":464,"width":220,"height":26},"offset":{"x":0,"y":0},"originalSize":{"width":220,"height":26},"rotated":true,"capInsets":[0,0,0,0],"packable":true,"pixelsToUnit":100,"pivot":{"x":0.5,"y":0.5},"meshType":0}],[0],0,[0],[0],[0]],[[{"name":"My invitation reward","rect":{"x":697,"y":173,"width":253,"height":32},"offset":{"x":0,"y":0},"originalSize":{"width":253,"height":32},"rotated":false,"capInsets":[0,0,0,0],"packable":true,"pixelsToUnit":100,"pivot":{"x":0.5,"y":0.5},"meshType":0}],[0],0,[0],[0],[0]],[[{"name":"btn_icon_1","rect":{"x":663,"y":652,"width":55,"height":49},"offset":{"x":0,"y":0},"originalSize":{"width":55,"height":49},"rotated":true,"capInsets":[0,0,0,0],"packable":true,"pixelsToUnit":100,"pivot":{"x":0.5,"y":0.5},"meshType":0}],[0],0,[0],[0],[0]],[[{"name":"btn_fenxiang_lv","rect":{"x":697,"y":65,"width":194,"height":56},"offset":{"x":0,"y":0},"originalSize":{"width":194,"height":56},"rotated":false,"capInsets":[0,0,0,0],"packable":true,"pixelsToUnit":100,"pivot":{"x":0.5,"y":0.5},"meshType":0}],[0],0,[0],[0],[0]],[[{"name":"Betting rebates for  direct members","rect":{"x":725,"y":245,"width":196,"height":47},"offset":{"x":0,"y":0},"originalSize":{"width":196,"height":47},"rotated":true,"capInsets":[0,0,0,0],"packable":true,"pixelsToUnit":100,"pivot":{"x":0.5,"y":0.5},"meshType":0}],[0],0,[0],[0],[0]],[[{"name":"icon_fx_ren_2","rect":{"x":663,"y":578,"width":68,"height":80},"offset":{"x":0,"y":0},"originalSize":{"width":68,"height":80},"rotated":true,"capInsets":[0,0,0,0],"packable":true,"pixelsToUnit":100,"pivot":{"x":0.5,"y":0.5},"meshType":0}],[0],0,[0],[0],[0]],[[{"name":"icon_jinbi_5","rect":{"x":749,"y":578,"width":67,"height":69},"offset":{"x":0,"y":0},"originalSize":{"width":67,"height":69},"rotated":false,"capInsets":[0,0,0,0],"packable":true,"pixelsToUnit":100,"pivot":{"x":0.5,"y":0.5},"meshType":0}],[0],0,[0],[0],[0]],[[{"name":"btn_zi_3_1","rect":{"x":778,"y":245,"width":175,"height":32},"offset":{"x":0,"y":0},"originalSize":{"width":175,"height":32},"rotated":true,"capInsets":[0,0,0,0],"packable":true,"pixelsToUnit":100,"pivot":{"x":0.5,"y":0.5},"meshType":0}],[0],0,[0],[0],[0]],[[{"name":"Total invitation rewards","rect":{"x":434,"y":3,"width":248,"height":23},"offset":{"x":0,"y":0},"originalSize":{"width":248,"height":23},"rotated":true,"capInsets":[0,0,0,0],"packable":true,"pixelsToUnit":100,"pivot":{"x":0.5,"y":0.5},"meshType":0}],[0],0,[0],[0],[0]],[[{"name":"shurubox_lv","rect":{"x":940,"y":465,"width":234,"height":40},"offset":{"x":0,"y":0},"originalSize":{"width":234,"height":40},"rotated":true,"capInsets":[0,0,0,0],"packable":true,"pixelsToUnit":100,"pivot":{"x":0.5,"y":0.5},"meshType":0}],[0],0,[0],[0],[0]],[[{"name":"icon_fx_ren_1","rect":{"x":388,"y":924,"width":84,"height":77},"offset":{"x":0,"y":0},"originalSize":{"width":84,"height":77},"rotated":true,"capInsets":[0,0,0,0],"packable":true,"pixelsToUnit":100,"pivot":{"x":0.5,"y":0.5},"meshType":0}],[0],0,[0],[0],[0]],[[{"name":"btn_zi_1_1","rect":{"x":196,"y":924,"width":182,"height":32},"offset":{"x":0,"y":0},"originalSize":{"width":182,"height":32},"rotated":false,"capInsets":[0,0,0,0],"packable":true,"pixelsToUnit":100,"pivot":{"x":0.5,"y":0.5},"meshType":0}],[0],0,[0],[0],[0]],[[{"name":"Yesterday's Recharge  Rebate","rect":{"x":617,"y":970,"width":228,"height":47},"offset":{"x":0,"y":0},"originalSize":{"width":228,"height":47},"rotated":false,"capInsets":[0,0,0,0],"packable":true,"pixelsToUnit":100,"pivot":{"x":0.5,"y":0.5},"meshType":0}],[0],0,[0],[0],[0]],[[{"name":"btn_1_0","rect":{"x":642,"y":838,"width":269,"height":72},"offset":{"x":0,"y":0},"originalSize":{"width":269,"height":72},"rotated":false,"capInsets":[0,0,0,0],"packable":true,"pixelsToUnit":100,"pivot":{"x":0.5,"y":0.5},"meshType":0}],[0],0,[0],[0],[0]],[[{"name":"auto_refferal","spriteFrames":["3","fbcZu0vgtOJpRd64Skgdpi@f9941","title_bg_1","1aPYEz/ClHpqRZijrnPex1@f9941","btn_zi_4_0","2aew4LvQtN9aRJUAwZdgaC@f9941","bg_title_4","00P3xh72xGTZLp0PmArHdK@f9941","title_fenxiang_1_dibu","99hgy38Y1LZrEJ0wX2ZqZv@f9941","bg_title_2","7bYOpUGW1InYf7aL2ZBmct@f9941","bg_title_3","d6aBG4DtdFuaCQvW3FPCre@f9941","bg_fengixng_2_1","49SDFv+UJAvq0W2WOXNnr3@f9941","bg_fengixng_3_1","59WvFiSzhJRphwAp6rw34d@f9941","bg_fengixng_4_1","1bBlCuD65Iub2apGUg52Fz@f9941","My invitation QR code","4epv/kpLRJXaDpS7DFoBsb@f9941","Claimed Recharge Rebate","beLkrk3c9G6YDKZydrVVTk@f9941","My total reward_","d1s8yZBCFGALG+TU2E4v1F@f9941","Copy link","199Nxu17BAY4Lb5obd0cKu@f9941","btn_zi_save","57N6yD/edNl4JAiARvnZ5y@f9941","bg_fenxiang_1_2","05y2fEqLZO+4MaW1VHEaRY@f9941","bg_fenxiang_2","a3G/6GCM5CjoAKt9VdXhXV@f9941","bg_fenxiang_1_1","126il3RvRA2q08UAzP22s3@f9941","bg_fenxiang_1_3","4061wykwxE4K9RJtz7fP2i@f9941","icon_halo","5bpp8HVQZIEow4/w49fbzQ@f9941","Today’s rebate amount","e319jd65FOsbiqYZ0pgNfx@f9941","Yesterday’s rebate  amount","f1GrW0oS9O8qjqWh3HyBFm@f9941","Total number of invitations","6dXr76At9NSYRxgdOaoVvQ@f9941","Rewards available","bcOdZxBOhN6I8fohL0SgEX@f9941","title_fenxiang_1","dapEdG2RZPW5zj9SWMkNjW@f9941","Number of invitations  today","fa9d1lsXlPU4l0FsJcvgar@f9941","zi_receive_1","6aNLJKzlpG96e5SkE/49L6@f9941","Recharge Rebate for  Direct Affiliates","1el9dSWBxCN5Zvc36gl2sZ@f9941","btn_zi_2_0","dfQvZ78aBNQofdfXZ55oga@f9941","icon_fenxiang","fczENtQuREPqbg/XGIp3uY@f9941","title_fenxiang_3","aauUUVGa9B77duPFWp1n28@f9941","title_fenxiang_2","e1RrSrw2dGHblbIH373F1y@f9941","title_fenxiang_4","b8EmQC/idMV7edDBy7fiCk@f9941","bg_lianjiekbox","493nrIjfdCXoLnjIxgmx30@f9941","zi_dt_fenxiang_tishiyu","5d5fij/4ROnp9QFJOVqEa1@f9941","zi_receive_0","d7dM0kiixE+pMcMEsnn76z@f9941","btn_zi_1_0","08ReOWfs1LHrnKbYTpaoes@f9941","btn_fenxiang_huang_1","58IV21w0FL2qEwnLyhMFD/@f9941","btn_zi_3_0","45zJGpHa5IOZTbPS2XOvZW@f9941","icon_fenxiang_fanhui","0cUTYj0XJLmbylRVJ2Yczc@f9941","icon_fx_ren_5","395FGkymtKUoAHLE8pWq3c@f9941","icon_jilu","44UgIiwtFHybtG789/79bO@f9941","icon_fenxiang_jilu_1","cfdNpICPBKGZ24T5CsYhfM@f9941","btn_1_1","51klYeVYVCNIy9uyiiFzE4@f9941","btn_1_0","9cdv9I8XpA8aCaVJGtqAd9@f9941","icon_jinbi_3","5dSe/Z/tpNUZGS+BmbeAJh@f9941","Today's Recharge Rebate","19qKCC/s1AU6Udf5gacpm1@f9941","icon_jinbi_2","34+JG8KOpBu7GCPNshcDLg@f9941","word_AgencyRebate","5el+LncJpM9LpXLMsvaoQL@f9941","My referrals_","dddBuHQPxAtpJ5+Wwjr+ef@f9941","Yesterday's Recharge  Rebate","9bVhtHws1PFpxQbdG0piWN@f9941","btn_fanhui","6fZ/FgIwxFIbyc+X1YoILd@f9941","icon_fx_ren_3","f14YnaOqpHOb379rIiYHog@f9941","Betting rebates available","680yPFvstC55S6BBl4qO/k@f9941","shurubox_lan","08St1kwO9FroTrAzz95cX7@f9941","icon_fx_ren_1","97p6Mg/xxET6BEEYCF+y5n@f9941","btn_zi_1_1","9ajXlRGHhDcKeCQuRlBDmY@f9941","icon_fx_duihao","e9WUO86a1A6ZOKZ4zXgZVG@f9941","icon_fx_ren_6","eb9iyaPndEj7FfDM1qnCja@f9941","Invitation reward details","0b5p7waqxH87CNVNqleX7k@f9941","Recharge Rebate Details","1cXtnIlK9D+IuojcMNhZb/@f9941","btn_fuzhi","4bbwVSp0ZFOqcScwxGOAMC@f9941","btn_fenxiang_hui","35NqmFNo1O9rHZDcPe8gJO@f9941","btn_fenxiang_lv","7dosG9G1VHXac4VAfBZD63@f9941","shurubox_huang","18+wpqCxlCS6jsy9pWx4IR@f9941","icon_jinbi_4","1bHqg+uZlO97MVkhVx8/Qj@f9941","My invitation reward","7359ccV3NCer86O/nvw/lR@f9941","icon_fx_shou_1","14QEGcidVGIpWy/8etkgIu@f9941","Received betting rebate","5e55RH41VJWojBm/X3twb9@f9941","Today’s invitation  reward","238jyFWdlDJ6LQXl37vwT2@f9941","Recharge Rebate for  Other Members","a7fnetEkRMqIr3opqNvSrL@f9941","Betting rebates from  other members","21wtsoJZhN3KSQFpivQeCy@f9941","Claimable Recharge  Rebates","0bs2don3xHap3ADbJMjoG/@f9941","icon_fx_zhong_1","6f7pVJaadJMpWsWGIInq+y@f9941","shurubox_lv","95S6WJRI5Fd4Ncr+QdzXqO@f9941","Betting rebate details","dbm0LlPepDQoUhNs+onM2F@f9941","btn_zi_4_1","b958s3V7pF9Lb/5c4i7YfN@f9941","btn_icon_2","0aLMbz4TJNwr1m7jgkMRlS@f9941","btn_telegram","0e/YpKup1E1rXYR4+kgMsB@f9941","btn_zi_2_1","73y/eEJldBcbEoXR9JLu6m@f9941","Betting rebates for  direct members","7fp5m9kBZPx5O9pd34hr8c@f9941","btn_zi_3_1","8cZqoRajJFPpenrrRZlv83@f9941","Received rewards","2dwN8r47dA4YPOtQ/5opTh@f9941","icon_fx_ren_2","81Gz/l9fdDOqUwU7gaHamd@f9941","icon_jinbi_5","8bOb6JY7NDwpR5lDgM3L21@f9941","btn_icon_1","7dUyEnI2ZCVpwUP6zSHLjS@f9941","btn_facebook","27f4hy+sZDTY8jh3yn16ua@f9941","btn_whatsapp","b8BV88NeBNbqcAKpR/cfBU@f9941","icon_jinbi_1","d5viw6dZtEtLxsxGMgoQKU@f9941","btn_fenxiang_bangzhu","b8XyxBJdpBXKbweRzCIo7g@f9941","btn_souguo","ec2OG9qplPuaRJO5PV7f3P@f9941","Total invitation rewards","8f7f17pIdEP6mzkur8QxKa@f9941","My direct members_","d1UG5cvo5OJ5gtzulcB0Pq@f9941","My other members_","46CdbI4btOeIzGcRHvexyo@f9941","btn_massage","b80WHGbutAT5ZX7SjbiQZt@f9941","btn_icon_3","ac+VAvCeJHwYrXjGlZT8Hl@f9941","btn_icon_4","14mogyym5Jr7KxPyG2s5Mk@f9941"]}],[1],0,[],[],[]],[[{"name":"Recharge Rebate for  Other Members","rect":{"x":663,"y":525,"width":217,"height":47},"offset":{"x":0,"y":0},"originalSize":{"width":217,"height":47},"rotated":false,"capInsets":[0,0,0,0],"packable":true,"pixelsToUnit":100,"pivot":{"x":0.5,"y":0.5},"meshType":0}],[0],0,[0],[0],[0]],[[{"name":"title_fenxiang_3","rect":{"x":335,"y":3,"width":695,"height":93},"offset":{"x":0,"y":0},"originalSize":{"width":695,"height":93},"rotated":true,"capInsets":[0,0,0,0],"packable":true,"pixelsToUnit":100,"pivot":{"x":0.5,"y":0.5},"meshType":0}],[0],0,[0],[0],[0]],[[{"name":"btn_icon_3","rect":{"x":434,"y":566,"width":50,"height":49},"offset":{"x":0,"y":0},"originalSize":{"width":50,"height":49},"rotated":false,"capInsets":[0,0,0,0],"packable":true,"pixelsToUnit":100,"pivot":{"x":0.5,"y":0.5},"meshType":0}],[0],0,[0],[0],[0]],[[{"name":"btn_whatsapp","rect":{"x":777,"y":653,"width":52,"height":53},"offset":{"x":0,"y":0},"originalSize":{"width":52,"height":53},"rotated":true,"capInsets":[0,0,0,0],"packable":true,"pixelsToUnit":100,"pivot":{"x":0.5,"y":0.5},"meshType":0}],[0],0,[0],[0],[0]],[[{"name":"title_fenxiang_4","rect":{"x":102,"y":170,"width":695,"height":90},"offset":{"x":0,"y":0},"originalSize":{"width":695,"height":90},"rotated":true,"capInsets":[0,0,0,0],"packable":true,"pixelsToUnit":100,"pivot":{"x":0.5,"y":0.5},"meshType":0}],[0],0,[0],[0],[0]],[[{"name":"btn_fenxiang_bangzhu","rect":{"x":836,"y":637,"width":44,"height":47},"offset":{"x":0,"y":0},"originalSize":{"width":44,"height":47},"rotated":false,"capInsets":[0,0,0,0],"packable":true,"pixelsToUnit":100,"pivot":{"x":0.5,"y":0.5},"meshType":0}],[0],0,[0],[0],[0]],[[{"name":"btn_massage","rect":{"x":434,"y":508,"width":52,"height":52},"offset":{"x":0,"y":0},"originalSize":{"width":52,"height":52},"rotated":false,"capInsets":[0,0,0,0],"packable":true,"pixelsToUnit":100,"pivot":{"x":0.5,"y":0.5},"meshType":0}],[0],0,[0],[0],[0]],[[{"name":"btn_zi_4_1","rect":{"x":886,"y":524,"width":211,"height":32},"offset":{"x":0,"y":0},"originalSize":{"width":211,"height":32},"rotated":true,"capInsets":[0,0,0,0],"packable":true,"pixelsToUnit":100,"pivot":{"x":0.5,"y":0.5},"meshType":0}],[0],0,[0],[0],[0]],[[{"name":"icon_fenxiang_jilu_1","rect":{"x":198,"y":749,"width":438,"height":89},"offset":{"x":0,"y":0},"originalSize":{"width":438,"height":89},"rotated":false,"capInsets":[0,0,0,0],"packable":true,"pixelsToUnit":100,"pivot":{"x":0.5,"y":0.5},"meshType":0}],[0],0,[0],[0],[0]],[[{"name":"My direct members_","rect":{"x":434,"y":257,"width":245,"height":32},"offset":{"x":0,"y":0},"originalSize":{"width":245,"height":32},"rotated":true,"capInsets":[0,0,0,0],"packable":true,"pixelsToUnit":100,"pivot":{"x":0.5,"y":0.5},"meshType":0}],[0],0,[0],[0],[0]],[[{"name":"icon_jinbi_1","rect":{"x":822,"y":578,"width":52,"height":53},"offset":{"x":0,"y":0},"originalSize":{"width":52,"height":53},"rotated":false,"capInsets":[0,0,0,0],"packable":true,"pixelsToUnit":100,"pivot":{"x":0.5,"y":0.5},"meshType":0}],[0],0,[0],[0],[0]],[[{"name":"zi_receive_0","rect":{"x":198,"y":634,"width":103,"height":27},"offset":{"x":0,"y":0},"originalSize":{"width":103,"height":27},"rotated":false,"capInsets":[0,0,0,0],"packable":true,"pixelsToUnit":100,"pivot":{"x":0.5,"y":0.5},"meshType":0}],[0],0,[0],[0],[0]],[[{"name":"Betting rebate details","rect":{"x":978,"y":233,"width":225,"height":28},"offset":{"x":0,"y":0},"originalSize":{"width":225,"height":28},"rotated":true,"capInsets":[0,0,0,0],"packable":true,"pixelsToUnit":100,"pivot":{"x":0.5,"y":0.5},"meshType":0}],[0],0,[0],[0],[0]],[[{"name":"My referrals_","rect":{"x":859,"y":956,"width":156,"height":32},"offset":{"x":0,"y":0},"originalSize":{"width":156,"height":32},"rotated":false,"capInsets":[0,0,0,0],"packable":true,"pixelsToUnit":100,"pivot":{"x":0.5,"y":0.5},"meshType":0}],[0],0,[0],[0],[0]],[[{"name":"title_fenxiang_2","rect":{"x":3,"y":170,"width":695,"height":93},"offset":{"x":0,"y":0},"originalSize":{"width":695,"height":93},"rotated":true,"capInsets":[0,0,0,0],"packable":true,"pixelsToUnit":100,"pivot":{"x":0.5,"y":0.5},"meshType":0}],[0],0,[0],[0],[0]],[[{"name":"icon_fx_duihao","rect":{"x":3,"y":977,"width":52,"height":43},"offset":{"x":0,"y":0},"originalSize":{"width":52,"height":43},"rotated":false,"capInsets":[0,0,0,0],"packable":true,"pixelsToUnit":100,"pivot":{"x":0.5,"y":0.5},"meshType":0}],[0],0,[0],[0],[0]],[[{"name":"icon_fx_ren_6","rect":{"x":61,"y":977,"width":50,"height":42},"offset":{"x":0,"y":0},"originalSize":{"width":50,"height":42},"rotated":false,"capInsets":[0,0,0,0],"packable":true,"pixelsToUnit":100,"pivot":{"x":0.5,"y":0.5},"meshType":0}],[0],0,[0],[0],[0]],[[{"name":"btn_souguo","rect":{"x":836,"y":690,"width":40,"height":40},"offset":{"x":0,"y":0},"originalSize":{"width":40,"height":40},"rotated":false,"capInsets":[0,0,0,0],"packable":true,"pixelsToUnit":100,"pivot":{"x":0.5,"y":0.5},"meshType":0}],[0],0,[0],[0],[0]],[[{"name":"icon_fx_ren_3","rect":{"x":120,"y":871,"width":86,"height":70},"offset":{"x":0,"y":0},"originalSize":{"width":86,"height":70},"rotated":true,"capInsets":[0,0,0,0],"packable":true,"pixelsToUnit":100,"pivot":{"x":0.5,"y":0.5},"meshType":0}],[0],0,[0],[0],[0]],[[{"name":"3","rect":{"x":872,"y":467,"width":51,"height":62},"offset":{"x":0,"y":0},"originalSize":{"width":51,"height":62},"rotated":true,"capInsets":[0,0,0,0],"packable":true,"pixelsToUnit":100,"pivot":{"x":0.5,"y":0.5},"meshType":0}],[0],0,[0],[0],[0]],[[{"name":"icon_fenxiang","rect":{"x":3,"y":3,"width":326,"height":161},"offset":{"x":0,"y":0},"originalSize":{"width":326,"height":161},"rotated":false,"capInsets":[0,0,0,0],"packable":true,"pixelsToUnit":100,"pivot":{"x":0.5,"y":0.5},"meshType":0}],[0],0,[0],[0],[0]]]]
