[1,["1aCdyhXoFBr4wgb73kiJae@6c48a"],["_textureSource"],["cc.SpriteFrame"],0,[{"name":"icon_mermaidbg_3","rect":{"x":0,"y":0,"width":287,"height":612},"offset":{"x":0,"y":0},"originalSize":{"width":287,"height":612},"rotated":false,"capInsets":[0,0,0,0],"vertices":{"rawPosition":[-143.5,-306,0,143.5,-306,0,-143.5,306,0,143.5,306,0],"indexes":[0,1,2,2,1,3],"uv":[0,612,287,612,0,0,287,0],"nuv":[0,0,1,0,0,1,1,1],"minPos":{"x":-143.5,"y":-306,"z":0},"maxPos":{"x":143.5,"y":306,"z":0}},"packable":true,"pixelsToUnit":100,"pivot":{"x":0.5,"y":0.5},"meshType":0}],[0],0,[0],[0],[0]]
