[1,["1aOoLw1BpHjrWabf5mnp3C@6c48a"],["_textureSource"],["cc.SpriteFrame"],0,[{"name":"sea_icon_treasurebox1_07","rect":{"x":133,"y":201,"width":294,"height":197},"offset":{"x":24,"y":-43.5},"originalSize":{"width":512,"height":512},"rotated":false,"capInsets":[0,0,0,0],"vertices":{"rawPosition":[-147,-98.5,0,147,-98.5,0,-147,98.5,0,147,98.5,0],"indexes":[0,1,2,2,1,3],"uv":[133,311,427,311,133,114,427,114],"nuv":[0.259765625,0.22265625,0.833984375,0.22265625,0.259765625,0.607421875,0.833984375,0.607421875],"minPos":{"x":-147,"y":-98.5,"z":0},"maxPos":{"x":147,"y":98.5,"z":0}},"packable":true,"pixelsToUnit":100,"pivot":{"x":0.5,"y":0.5},"meshType":0}],[0],0,[0],[0],[0]]
