[1,["3efSxVRVJBV4fdLAFQnSLn@6c48a"],["_textureSource"],["cc.SpriteFrame"],0,[{"name":"icon_q","rect":{"x":2,"y":2,"width":116,"height":128},"offset":{"x":0,"y":0},"originalSize":{"width":120,"height":132},"rotated":false,"capInsets":[0,0,0,0],"vertices":{"rawPosition":[-58,-64,0,58,-64,0,-58,64,0,58,64,0],"indexes":[0,1,2,2,1,3],"uv":[2,130,118,130,2,2,118,2],"nuv":[0.016666666666666666,0.015151515151515152,0.9833333333333333,0.015151515151515152,0.016666666666666666,0.9848484848484849,0.9833333333333333,0.9848484848484849],"minPos":{"x":-58,"y":-64,"z":0},"maxPos":{"x":58,"y":64,"z":0}},"packable":true,"pixelsToUnit":100,"pivot":{"x":0.5,"y":0.5},"meshType":0}],[0],0,[0],[0],[0]]
