[1,["b44df46f-0d7d-4398-8d09-bbdbac2e7955@6c48a"],["_textureSource"],["cc.SpriteFrame"],0,[{"name":"scatter","rect":{"x":0,"y":0,"width":150,"height":154},"offset":{"x":0,"y":0},"originalSize":{"width":150,"height":154},"rotated":false,"capInsets":[0,0,0,0],"vertices":{"rawPosition":[-75,-77,0,75,-77,0,-75,77,0,75,77,0],"indexes":[0,1,2,2,1,3],"uv":[0,154,150,154,0,0,150,0],"nuv":[0,0,1,0,0,1,1,1],"minPos":{"x":-75,"y":-77,"z":0},"maxPos":{"x":75,"y":77,"z":0}},"packable":true,"pixelsToUnit":100,"pivot":{"x":0.5,"y":0.5},"meshType":0}],[0],0,[0],[0],[0]]
