[1,["7dj5uJT9FMn6OrOOx83tfK@f9941","00NqCoPplNf7X3WFoG2R+8","85pcryBGFImq4PSUln7V4J","aefLCQgTpIOqbThWmRGj05","78pKqVTdZM+5d/q5LrMtzb@6c48a","78pKqVTdZM+5d/q5LrMtzb@f9941"],["node","_skeletonData","root","data","_spriteFrame","_font","_textureSource","spriteFrame"],[["cc.Node",["_name","_layer","_components","_prefab","_parent","_children","_lpos"],1,9,4,1,2,5],["cc.UITransform",["node","__prefab","_contentSize"],3,1,4,5],["cc.Widget",["_alignFlags","_left","_right","_top","_bottom","_originalWidth","_originalHeight","_enabled","node","__prefab"],-5,1,4],"cc.SpriteFrame",["cc.Prefab",["_name"],2],["cc.CompPrefabInfo",["fileId"],2],["cc.PrefabInfo",["fileId","instance","targetOverrides","nestedPrefabInstanceRoots","root","asset"],-1,1,1],["sp.Skeleton",["defaultSkin","defaultAnimation","_premultipliedAlpha","_preCacheMode","node","__prefab","_skeletonData"],-1,1,4,6],["cc.Sprite",["_sizeMode","node","__prefab","_color","_spriteFrame"],2,1,4,5,6],["cc.Label",["_string","_actualFontSize","_fontSize","_isSystemFontUsed","_cacheMode","node","__prefab","_font"],-2,1,4,6],["cc.BitmapFont",["_name","fontSize","fntConfig"],0]],[[5,0,2],[6,0,1,2,3,4,5,5],[1,0,1,2,1],[0,0,1,4,2,3,3],[7,0,1,2,3,4,5,6,5],[4,0,2],[0,0,1,5,2,3,3],[0,0,1,4,5,2,3,6,3],[0,0,1,4,2,3,6,3],[1,0,1,1],[2,0,1,2,3,4,5,6,8,9,8],[2,7,0,1,2,3,4,5,6,8,9,9],[8,0,1,2,3,4,2],[9,0,1,2,3,4,5,6,7,6],[10,0,1,2,4]],[[[[5,"icon2"],[6,"icon2",33554432,[-3,-4,-5,-6],[[2,-2,[0,"f7KbPE+8dN74zThCUbehFk"],[5,120,120]]],[1,"a5nYjKpzlLv6zEFJ6w2v8w",null,null,null,-1,0]],[3,"face",33554432,1,[[2,-7,[0,"90M4IHYrxLxojhccxAputI"],[5,125,117]],[10,45,-2.5,-2.5,1.5,1.5,150,130,-8,[0,"5fEGG6tW5FxKGvHuyYRAbU"]],[4,"default","dynamic",false,0,-9,[0,"e9iU+xzxZHDrg1zF0bfc8t"],1]],[1,"4aVAINlYBLGJ/fMVyCJJkb",null,null,null,1,0]],[3,"focusBorder",33554432,1,[[2,-10,[0,"86V5Y9fjNJtpvn8k759d8l"],[5,300,300]],[4,"default","animation",false,0,-11,[0,"94/9s9dnNHEIVEskwyiv50"],2],[11,false,45,-59.5,-59.5,-59,-59,272,264,-12,[0,"73js9Snj5Ftr/SzuvUkZ4F"]]],[1,"3fjU5EUahKyJB+n7+KabEG",null,null,null,1,0]],[7,"bg",33554432,1,[-14],[[9,-13,[0,"76hwQgExtN0rZWz8hU0Qbd"]]],[1,"dcWZPzNKxE442g4SpK2plJ",null,null,null,1,0],[1,10,-70,0]],[3,"SpriteSplash",33554432,4,[[2,-15,[0,"8euDLvCTRHEoxCUkIPOrXI"],[5,125,140]],[12,0,-16,[0,"65nvHYvXBEIbm7+BqCKdtE"],[4,2787254888],0]],[1,"e8UopvuqFBBK2X4Nx/4pzx",null,null,null,1,0]],[8,"amount",33554432,1,[[2,-17,[0,"81AbzsKWlOP54IpAUslU0r"],[5,36,40]],[13,"888",16,16,false,2,-18,[0,"ed3fzEaYVK56Y8e2gqf+bf"],3]],[1,"cfea69Q8dHNaPAN6BrjtLL",null,null,null,1,0],[1,0,-80,0]]],0,[0,2,1,0,0,1,0,-1,4,0,-2,2,0,-3,3,0,-4,6,0,0,2,0,0,2,0,0,2,0,0,3,0,0,3,0,0,3,0,0,4,0,-1,5,0,0,5,0,0,5,0,0,6,0,0,6,0,3,1,18],[0,0,0,0],[4,1,1,5],[0,1,2,3]],[[{"name":"fnt_gold_0","rect":{"x":0,"y":0,"width":241,"height":80},"offset":{"x":-7.5,"y":88},"originalSize":{"width":256,"height":256},"rotated":false,"capInsets":[0,0,0,0],"vertices":{"rawPosition":[-120.5,-40,0,120.5,-40,0,-120.5,40,0,120.5,40,0],"indexes":[0,1,2,2,1,3],"uv":[0,256,241,256,0,176,241,176],"nuv":[0,0.6875,0.94140625,0.6875,0,1,0.94140625,1],"minPos":{"x":-120.5,"y":-40,"z":0},"maxPos":{"x":120.5,"y":40,"z":0}},"packable":true,"pixelsToUnit":100,"pivot":{"x":0.5,"y":0.5},"meshType":0}],[3],0,[0],[6],[4]],[[[14,"fnt_gold",32,{"commonHeight":32,"fontSize":32,"atlasName":"fnt_gold_0.tga","fontDefDictionary":{"44":{"xOffset":0,"yOffset":0,"xAdvance":14,"rect":{"x":75,"y":41,"width":14,"height":40}},"46":{"xOffset":0,"yOffset":0,"xAdvance":14,"rect":{"x":90,"y":41,"width":14,"height":40}},"48":{"xOffset":0,"yOffset":0,"xAdvance":24,"rect":{"x":67,"y":0,"width":24,"height":40}},"49":{"xOffset":0,"yOffset":0,"xAdvance":24,"rect":{"x":92,"y":0,"width":24,"height":40}},"50":{"xOffset":0,"yOffset":0,"xAdvance":24,"rect":{"x":117,"y":0,"width":24,"height":40}},"51":{"xOffset":0,"yOffset":0,"xAdvance":24,"rect":{"x":142,"y":0,"width":24,"height":40}},"52":{"xOffset":0,"yOffset":0,"xAdvance":24,"rect":{"x":167,"y":0,"width":24,"height":40}},"53":{"xOffset":0,"yOffset":0,"xAdvance":24,"rect":{"x":192,"y":0,"width":24,"height":40}},"54":{"xOffset":0,"yOffset":0,"xAdvance":24,"rect":{"x":217,"y":0,"width":24,"height":40}},"55":{"xOffset":0,"yOffset":0,"xAdvance":24,"rect":{"x":0,"y":41,"width":24,"height":40}},"56":{"xOffset":0,"yOffset":0,"xAdvance":24,"rect":{"x":25,"y":41,"width":24,"height":40}},"57":{"xOffset":0,"yOffset":0,"xAdvance":24,"rect":{"x":50,"y":41,"width":24,"height":40}},"75":{"xOffset":0,"yOffset":0,"xAdvance":31,"rect":{"x":35,"y":0,"width":31,"height":40}},"77":{"xOffset":0,"yOffset":0,"xAdvance":34,"rect":{"x":0,"y":0,"width":34,"height":40}}},"kerningDict":{}}]],0,0,[0],[7],[5]]]]
