[1,["24bRl2ZOtEAYmTlk+7/iGf","02/7E18SFBXYVxBDW8c7pC@f9941","feIKGQB9xAYLeor5A8bh0u@f9941","9eVEbM6itAzKQRP021xwPF@f9941","aaldj71WJN1ZDQhs5s+D82@f9941","98U3sNvzlJfLuxkjju6N3V@f9941","e1LajAoxdJSbP/LWX93vI0@f9941","4c1/x+WydNlasUtlQjIFrh@f9941","7f0aDAiFdOtLZ0yYCFCSs2@f9941","27oVUaQMtEy77n+etqtSHK@f9941","29Fox0/bxF9LBs3lm9A4DF@f9941","3beFgS0+JETpJS72qk/1XB@f9941","d0vB0MD5JI0bXK11f5LNcM@f9941","0dkj0zcB5DD6MWh0U91KVd@f9941","a0HsoScAlGFoJ9L++tOVfF@f9941","e5AZr0FsVPZ594M7rYW5DE@f9941","32YedVcgFAeY4zeX7tio4f@f9941","89jGn5KVZJHrzWeweWwZWw@f9941","4feLQQxCJPCYw3geQA8uov@f9941","372+LJidZE8J6mrpjoBcVj@f9941","86nzCfoUtBCZRlHFYUOfDs@f9941","ceD2iYmtpOOrNlx6hLUifu@f9941","98Y8AxKBJHQIa9LIlFSWiI","92avLMyklJBrG6KwwQ3/mP","12t7a/BCJOZZ/fGwn01au0@6c48a","6exBlNCwxBDaREDQxoRXGr@f9941","e8Ja4DqqlO24S28pUTJTZk@f9941","77i9OD74RDpanaBGKNciQN@f9941","41YvPTIhBN1ou0zigaBI/i@f9941","6e0qGyhe9NQoeeJTpAnRZl@f9941","b1ZMt/ULVIgITQxOXAc/mT@f9941","761VIAUe1P56M9TGEq1O4Z@f9941","bfFye3TIJBBoZ/fjXrxLDR@f9941","707uOwSsNIvrNQHfjjFrv/@f9941","f1yppkzshPk7NEYyI+lJCJ@f9941","244UojQyJIYYSHH3pSHCrd@f9941","dfi6nJkw1FLJZbQRD8TPPM@f9941","100TkOYfNHQ4pCSC6sBQft@f9941","e9xRQNRe9PWZyM/17Rww2d@f9941","31U40nkxNHGbxwveeC07A/@f9941","4fAH/67klFb6X8HB0OxWaJ@f9941","7cYpbGs+REkLKdbrgoeckc@f9941","0dXAQOldhIUa3KnU0lZ1PH@f9941","e6Pm51j5tHfL6xZ1xr7HAK@f9941","17pIIGW8tJe5/Y/DIjTTH2@f9941","3bEsdPVJ5GY7/T/aZsdCp4@f9941","2edBtt5exBOZH4ChWp59Cs@f9941","4eMTqHPghK76ae10HJ9qmY@f9941","8eAGrE8utFtZidHhqPn9MS@f9941","beQYQdxgFN8YSooKlT96SK@f9941","12t7a/BCJOZZ/fGwn01au0@f9941","fe5NAmkd5GZrunhpVeMW7U@f9941","d8NtCDTAxKsKfack2X0KXw@f9941","d8NtCDTAxKsKfack2X0KXw@6c48a","fe5NAmkd5GZrunhpVeMW7U@6c48a"],["node","_textureSource","_spriteFrame","_atlas","_target","_normalSprite","_font","root","_checkMark","data","_parent","_defaultClip","spriteFrame"],[["cc.Node",["_name","_active","_layer","_components","_prefab","_parent","_lpos","_children","_lrot","_euler"],0,9,4,1,5,2,5,5],["cc.Sprite",["_sizeMode","_isTrimmedMode","node","__prefab","_spriteFrame","_atlas","_color"],1,1,4,6,6,5],["cc.Label",["_string","_actualFontSize","_lineHeight","_enableWrapText","_overflow","_fontSize","_isBold","_enableOutline","_outlineWidth","_isSystemFontUsed","node","__prefab","_color","_outlineColor","_font"],-7,1,4,5,5,6],"cc.SpriteFrame","cc.SpriteAtlas",["cc.Prefab",["_name"],2],["cc.Node",["_name","_active","_layer","_parent","_components","_prefab"],0,1,12,4],["cc.UITransform",["node","__prefab","_contentSize"],3,1,4,5],["cc.CompPrefabInfo",["fileId"],2],["cc.Widget",["_alignFlags","_originalWidth","_originalHeight","node","__prefab"],0,1,4],["cc.PrefabInfo",["fileId","instance","targetOverrides","nestedPrefabInstanceRoots","root","asset"],-1,1,1],["cc.BlockInputEvents",["node","__prefab"],3,1,4],["cc.Button",["_transition","_zoomScale","node","__prefab","_normalColor","_target","_normalSprite"],1,1,4,5,1,6],["cc.Layout",["_resizeMode","_layoutType","_spacingX","node","__prefab"],0,1,4],["cc.Toggle",["_isChecked","node","__prefab","_normalColor","_target","_checkMark","_normalSprite"],2,1,4,5,1,1,6],["cc.LabelOutline",["node","__prefab"],3,1,4],["cc.Animation",["node","__prefab","_clips","_defaultClip"],3,1,4,3,6],["cc.BitmapFont",["_name","fontSize","fntConfig"],0]],[[8,0,2],[7,0,1,2,1],[10,0,1,2,3,4,5,5],[0,0,5,3,4,6,2],[1,0,1,2,3,4,5,3],[1,2,3,4,5,1],[0,0,5,7,3,4,6,2],[12,0,1,2,3,4,5,6,3],[15,0,1,1],[0,0,5,3,4,2],[0,0,7,3,4,2],[0,0,1,5,7,3,4,3],[0,0,1,5,3,4,3],[0,0,1,5,3,4,6,3],[2,0,1,5,2,3,6,7,8,10,11,12,13,9],[5,0,2],[0,0,5,3,4,6,8,9,2],[0,0,2,5,3,4,6,8,9,3],[0,0,2,5,3,4,6,3],[6,0,1,2,3,4,5,4],[9,0,1,2,3,4,4],[11,0,1,1],[1,2,3,4,1],[1,2,3,6,4,5,1],[1,2,3,1],[13,0,1,2,3,4,4],[14,0,1,2,3,4,5,6,2],[2,0,1,5,2,4,3,9,10,11,14,8],[2,0,1,5,2,4,3,6,7,8,10,11,12,13,10],[2,0,1,2,4,3,6,7,8,10,11,12,13,9],[2,0,1,2,4,3,9,10,11,14,7],[16,0,1,2,3,1],[17,0,1,2,4]],[[[{"name":"dl_olps_dibox","rect":{"x":0,"y":0,"width":1320,"height":90},"offset":{"x":0,"y":0},"originalSize":{"width":1320,"height":90},"rotated":false,"capInsets":[0,0,0,0],"vertices":{"rawPosition":[-660,-45,0,660,-45,0,-660,45,0,660,45,0],"indexes":[0,1,2,2,1,3],"uv":[0,90,1320,90,0,0,1320,0],"nuv":[0,0,1,0,0,1,1,1],"minPos":{"x":-660,"y":-45,"z":0},"maxPos":{"x":660,"y":45,"z":0}},"packable":true,"pixelsToUnit":100,"pivot":{"x":0.5,"y":0.5},"meshType":0}],[3],0,[0],[1],[24]],[[{"name":"auto_bar","spriteFrames":["dl_olps_box","6exBlNCwxBDaREDQxoRXGr@f9941","tishi_4","e8Ja4DqqlO24S28pUTJTZk@f9941","img_suto_bg","77i9OD74RDpanaBGKNciQN@f9941","dl_olps_btn_spin","02/7E18SFBXYVxBDW8c7pC@f9941","dl_olps_jinebox","4c1/x+WydNlasUtlQjIFrh@f9941","tishi_2","41YvPTIhBN1ou0zigaBI/i@f9941","dl_olps_btn_jia","6e0qGyhe9NQoeeJTpAnRZl@f9941","dl_olps_btn_autoSPINSETTING","b1ZMt/ULVIgITQxOXAc/mT@f9941","dl_olps_zi_stop","7f0aDAiFdOtLZ0yYCFCSs2@f9941","tishi_3","761VIAUe1P56M9TGEq1O4Z@f9941","dl_olps_btn_spin _1","27oVUaQMtEy77n+etqtSHK@f9941","di_olps_btn_CONFIRM","bfFye3TIJBBoZ/fjXrxLDR@f9941","MUSIC","707uOwSsNIvrNQHfjjFrv/@f9941","dl_olps_winbox","29Fox0/bxF9LBs3lm9A4DF@f9941","dl_shezhi_guan","f1yppkzshPk7NEYyI+lJCJ@f9941","dl_opls_zidongbox_dibox","244UojQyJIYYSHH3pSHCrd@f9941","SOUND","dfi6nJkw1FLJZbQRD8TPPM@f9941","dl_olps_zi_PENGATURAN","100TkOYfNHQ4pCSC6sBQft@f9941","tishi_1","e9xRQNRe9PWZyM/17Rww2d@f9941","di_opls_btn_zidong_1","31U40nkxNHGbxwveeC07A/@f9941","dl_olps_zi_goodluck","3beFgS0+JETpJS72qk/1XB@f9941","di_opls_btn_zidong_0","4fAH/67klFb6X8HB0OxWaJ@f9941","dl_olps_zi_spin","d0vB0MD5JI0bXK11f5LNcM@f9941","dl_olps_zi_auto","feIKGQB9xAYLeor5A8bh0u@f9941","dl_olps_zi_WIN","0dkj0zcB5DD6MWh0U91KVd@f9941","dl_olps_icon_stop_1","a0HsoScAlGFoJ9L++tOVfF@f9941","dl_olps_icon_stop","e5AZr0FsVPZ594M7rYW5DE@f9941","dl_olps_caicanbox","7cYpbGs+REkLKdbrgoeckc@f9941","img_suto_title_bg","0dXAQOldhIUa3KnU0lZ1PH@f9941","dl_olps_icon_spin_1","32YedVcgFAeY4zeX7tio4f@f9941","dl_shezhi_kai","e6Pm51j5tHfL6xZ1xr7HAK@f9941","dl_olps_icon_spin","89jGn5KVZJHrzWeweWwZWw@f9941","dl_olps_btn_auto1","4feLQQxCJPCYw3geQA8uov@f9941","dl_olps_btn_auto","9eVEbM6itAzKQRP021xwPF@f9941","dl_olps_btn_off","17pIIGW8tJe5/Y/DIjTTH2@f9941","dl_olps_btn_caidan","3bEsdPVJ5GY7/T/aZsdCp4@f9941","dl_olps_btn_guize","2edBtt5exBOZH4ChWp59Cs@f9941","dl_olps_btn_likai","4eMTqHPghK76ae10HJ9qmY@f9941","dl_olps_btn_kuai_1","372+LJidZE8J6mrpjoBcVj@f9941","dl_olps_btn_vip","8eAGrE8utFtZidHhqPn9MS@f9941","dl_olps_btn_kuai_0","aaldj71WJN1ZDQhs5s+D82@f9941","dl_olps_btn_xiazhujian_0","86nzCfoUtBCZRlHFYUOfDs@f9941","dl_olps_btn_shezhi","beQYQdxgFN8YSooKlT96SK@f9941","dl_olps_btn_xiazhujian","98U3sNvzlJfLuxkjju6N3V@f9941","dl_olps_btn_xiazhujia_0","ceD2iYmtpOOrNlx6hLUifu@f9941","dl_olps_btn_xiazhujia","e1LajAoxdJSbP/LWX93vI0@f9941"]}],[4],0,[0,0,0,0,0,0,0,0,0,0,0,0,0,0,0,0,0,0,0,0,0,0,0,0,0,0,0,0,0,0,0,0,0,0,0,0,0,0,0,0,0,0,0,0,0,0],[1,1,1,1,1,1,1,1,1,1,1,1,1,1,1,1,1,1,1,1,1,1,1,1,1,1,1,1,1,1,1,1,1,1,1,1,1,1,1,1,1,1,1,1,1,1],[25,26,27,1,7,28,29,30,8,31,9,32,33,10,34,35,36,37,38,39,11,40,12,2,13,14,15,41,42,16,43,17,18,3,44,45,46,47,19,48,4,20,49,5,21,6]],[[[15,"prefab_thor_down_new"],[10,"prefab_thor_down_new",[-4],[[1,-2,[0,"70mKo5mZJGo59ZlRr/6t3Y"],[5,1334,750]],[20,45,100,750,-3,[0,"2czZa/KkBJ/61z9lXa3Bb8"]]],[2,"c46/YsCPVOJYA4mWEpNYRx",null,null,null,-1,0]],[6,"spr_down_bg",1,[-7,-8,-9,-10,-11,-12,-13,-14,-15,-16,-17,-18],[[1,-5,[0,"efDbmQh71O/aRegqrdRkqN"],[5,1334,200]],[21,-6,[0,"a9cFEaIZBA16hA+4hBE3dF"]]],[2,"84ZN+elWNBXr3sRvyKyj8c",null,null,null,1,0],[1,0,-275,0]],[6,"props_startButton",2,[-23,-24,-25,-26],[[1,-19,[0,"b9A2B6y71L6Lr5joS2D71b"],[5,161,172]],[4,2,false,-20,[0,"45ARqvT/xER7/G4a73x3Yy"],48,49],[7,3,0.9,-22,[0,"f3i+EsDZBLsZIpRX4u9mZo"],[4,4292269782],-21,50]],[2,"968l4Yi8NOopXYFwV1oUNf",null,null,null,1,0],[1,556,-25,0]],[6,"props_btn_down_auto",2,[-31,-32,-33],[[1,-27,[0,"72xVdJquxPs7ZthaAntSGB"],[5,96,67]],[4,2,false,-28,[0,"03ZqoYhm9EHbgmJkt1/ZQl"],30,31],[7,3,0.9,-30,[0,"8dVL2tdKZHQ4xZbNJe+EfH"],[4,4292269782],-29,32]],[2,"02qgBzMjdN+pbtHWZd+whn",null,null,null,1,0],[1,309,-62.5,0]],[6,"props_min_btn",2,[-38],[[1,-34,[0,"5064mQ9eRFiaY7vKnvQUH3"],[5,57,64]],[4,2,false,-35,[0,"1dB297M7ZL0bNWQm/o3/+w"],9,10],[7,3,0.9,-37,[0,"1eh21DnQBCJL+3FGRrdHfa"],[4,4292269782],-36,11]],[2,"59r4AvzFJCmaUeOBJ5Mf/Z",null,null,null,1,0],[1,-562.5,-63,0]],[6,"props_max_btn",2,[-43],[[1,-39,[0,"6bqjBkhxdEcpWUaL/tKn4h"],[5,57,64]],[4,2,false,-40,[0,"206vpX9tZHmpw4DomtXX+6"],14,15],[7,3,0.9,-42,[0,"edtP9XMo9Bb71Oef/CnwP0"],[4,4292269782],-41,16]],[2,"71UTYtrORI5oH8XGvGUXQS",null,null,null,1,0],[1,-323.5,-63,0]],[10,"props_autoLaunch_limit",[-46,-47,-48],[[1,-44,[0,"bfKKsTIphKeZToShLOe5Nb"],[5,49.43,27.2]],[25,1,1,-2,-45,[0,"72loyVXDVLZKIgNPHQtGJR"]]],[2,"6e/ItlgkhKc4C4FTIKlbls",null,null,null,1,0]],[6,"props_toggle_fast",2,[-54],[[1,-49,[0,"d9RrpL6TNIuKW5zSo0edcT"],[5,51,64]],[4,2,false,-50,[0,"94L7iiAFxLtoqLd9vmp9tu"],33,34],[26,false,-53,[0,"28oTA8gMRBUbicQ2/lEMX+"],[4,4292269782],-52,-51,35]],[2,"abTwKlcK5CUY9DVr5Ty1Pp",null,null,null,1,0],[1,432.5,-63,0]],[6,"props_autoLaunch_auto",4,[-56,-57,7],[[1,-55,[0,"33Lf2Li61FLpBeEY2NVLGM"],[5,81.52,27.2]]],[2,"24LSAZnvdMgbYPrAVwlChJ",null,null,null,1,0],[1,0,14,0]],[11,"disable",false,3,[-60,-61],[[1,-58,[0,"55RBKTWCdKmIAK2iHVWwkC"],[5,161,172]],[4,2,false,-59,[0,"59sqHXCO9FYo5FCPkQRgK+"],46,47]],[2,"c2FMundhJMG4YTGGmWhcuo",null,null,null,1,0]],[6,"props_word_down_winNum",2,[-64],[[1,-62,[0,"4cY33/qEFN0ZJUJbHsEoqQ"],[5,285.94,50]],[27,"123,123",50,50,0,2,false,false,-63,[0,"3f0J/JgTRNmKTYAbF5q2qV"],21]],[2,"28jN1bSkhGXq8xndzVFhLj",null,null,null,1,0],[1,0,-75,0]],[12,"props_autoLaunch_label",false,9,[[1,-65,[0,"bbZlQoq3pJBaSni7lTulhA"],[5,81.52,27.2]],[28,"999/1000",19,22,20,2,false,true,true,1,-66,[0,"aaq3qK8eRGWqsIY1w2DEVE"],[4,4279581573],[4,4279169791]],[8,-67,[0,"9fVLIrNvlGTrXbbpNQ2fMn"]]],[2,"592YNSZRFGhrkLl9Q2fwjO",null,null,null,1,0]],[3,"props_autoLaunch_limit_count",7,[[1,-68,[0,"ecZhnSsH1L7rQuQi06Fh94"],[5,14.24,27.2]],[14,"0",22,22,20,false,true,true,1,-69,[0,"4d/YBDBeZD+5CzubsZVKn8"],[4,4279581573],[4,4279169791]],[8,-70,[0,"aeaKT5Zb5P17QgiXfut3if"]]],[2,"b13i1TkBVHrZj4VZN2yJsI",null,null,null,1,0],[1,-17.595,0,0]],[3,"autoLaunch_limit1",7,[[1,-71,[0,"88pUcjBM5MaYInTFtbPeGK"],[5,8.67,27.2]],[14,"/",24,24,20,false,true,true,1,-72,[0,"07reGcPGlOA6ZwpSdWMstb"],[4,4279581573],[4,4279169791]],[8,-73,[0,"c1VUYS2E9AV6SrS3DzBiG3"]]],[2,"4bsF35lsJGIrLnsXWemgXe",null,null,null,1,0],[1,-8.139999999999997,0,0]],[3,"autoLaunch_limit2",7,[[1,-74,[0,"faGRECynpAZYR8UzXQmFIo"],[5,30.52,27.2]],[29,"∞",40,20,2,false,true,true,1,-75,[0,"c6AYTEzh5AFqlE/fwwm9Re"],[4,4279581573],[4,4279169791]],[8,-76,[0,"acSkLIDLhGZKCBF0XcM1uB"]]],[2,"65Q8PC+/hMZa1+nrpZ0ZkX",null,null,null,1,0],[1,9.455000000000002,0,0]],[11,"disable",false,4,[-79],[[1,-77,[0,"22EnoqsHtD9pjpCTMNDzNs"],[5,96,67]],[4,2,false,-78,[0,"07GpTzMZxM7YBQCsaWAHtR"],28,29]],[2,"cbSPSam45AVZMPq8/ap3Gv",null,null,null,1,0]],[13,"props_spr_nomoney",false,2,[[1,-80,[0,"70vK4NQGxI3ZT3rZsIAQFi"],[5,229,76]],[22,-81,[0,"76aRDfSmBLAKhjt4cdl8Cd"],51],[31,-82,[0,"74wVwErV9E+I5hGcMgv+Do"],[52],53]],[2,"d53Eca499Bb5rQXarOCBrl",null,null,null,1,0],[1,-448,5,0]],[3,"spr_down_bg",2,[[1,-83,[0,"f9fA6GTmdA7bl2qCOjHyN7"],[5,1320,90]],[4,2,false,-84,[0,"7847wthjhEmJB9gisPLRdl"],0,1]],[2,"58Oy/MA15PQbKGHm2yAcxS",null,null,null,1,0],[1,0,-55,0]],[3,"spr_dl_olps_winbox",2,[[1,-85,[0,"8eqrDuFPpGo60rCh+9R3cf"],[5,461,94]],[4,2,false,-86,[0,"a9A2V+DLdEJ5JrOt9pmTGF"],2,3]],[2,"7cOC+gca1FOpSwUqOMjU9q",null,null,null,1,0],[1,0,-53,0]],[3,"spr_down_betBg",2,[[1,-87,[0,"cd2b7NbgtJo5/c9ZDyfNqJ"],[5,254,54]],[5,-88,[0,"ff2tL7c21FJoqKD/NwJ9eg"],4,5]],[2,"c1CQiWHYxEmrhBlhbpTwWJ",null,null,null,1,0],[1,-443,-64.64100000000002,0]],[3,"props_betAmount",2,[[1,-89,[0,"8bwYE+mvBBV6lCW+N0KYKR"],[5,210.38,50]],[30,"123,123",40,0,2,false,false,-90,[0,"e5PkoNFSFAobf2+B/s9KfJ"],6]],[2,"f78iiYgqlLW7ZoJyFa4cMm",null,null,null,1,0],[1,-443,-68,0]],[12,"disable",false,5,[[1,-91,[0,"73dARGbvdMF6N/Q0ARRwlr"],[5,57,64]],[5,-92,[0,"45LhvNrJlLzqeb0NnOABWl"],7,8]],[2,"8dNZcyUYNO/4NdxHFjytNH",null,null,null,1,0]],[9,"disable",6,[[1,-93,[0,"97ccCyFsVEXrQ4atBPSFHh"],[5,57,64]],[5,-94,[0,"79g20iLbpETqn16KxLRr/f"],12,13]],[2,"d9Y+9k53lDgr5jb2eZGcdp",null,null,null,1,0]],[3,"props_word_down_goodluck",2,[[1,-95,[0,"ceOQEZm/FDCoDFCZI07rQt"],[5,225,33]],[4,2,false,-96,[0,"6a4zAqEhlNko+HqBDbIXUZ"],17,18]],[2,"e81Sy+40lHYpoMhAdZjYYD",null,null,null,1,0],[1,0,-62,0]],[3,"props_word_down_menang",11,[[1,-97,[0,"80jLHvH0ZNjJ+SWWUU2sPA"],[5,43,19]],[5,-98,[0,"008P9qU1dLCKxKPTTM1xPi"],19,20]],[2,"97hL7fvE9Oq5qGUqbAb7gp",null,null,null,1,0],[1,0,41,0]],[9,"props_autoLaunch_not_auto",4,[[1,-99,[0,"9fD2WlaYNKWYBEGYybTJ6C"],[5,73,24]],[5,-100,[0,"608k0RYKFDDZIKnIhhsR3r"],22,23]],[2,"fau4gTajxBbZtCHDMEx5Ko",null,null,null,1,0]],[3,"spr_stop",9,[[1,-101,[0,"f7+co4ouhN6a6SfXeKOyvI"],[5,59,18]],[5,-102,[0,"33Dn0VdRtP1YYNu4357ZKG"],24,25]],[2,"46UzFUiWJG8a8DMEuN0hwi",null,null,null,1,0],[1,0,-24,0]],[9,"spr_word_down_auto",16,[[1,-103,[0,"d2VeOtKxBKmLg7GfdEg8RE"],[5,73,24]],[23,-104,[0,"21qIhjCepEUpd1gX75LimW"],[4,2389338738],26,27]],[2,"b1381m3P5BAYuo/94TA4xI",null,null,null,1,0]],[19,"Checkmark",false,33554432,8,[[[1,-105,[0,"f7lj2G6ohGqJ67K8n1nfcj"],[5,51,64]],-106],4,1],[2,"2eGZwNkgJIyJcgcOhODL71",null,null,null,1,0]],[16,"spr_icon_spin",3,[[1,-107,[0,"e05Y+N3mlJCrJoPs+LiOQR"],[5,115,108]],[5,-108,[0,"8elD8t2iJGlKqB00mXFZUI"],36,37]],[2,"9cK7YP81NDT4K5d+x/lMmF",null,null,null,1,0],[1,-2.5,7,0],[3,0,0,-0.7071067811865475,0.7071067811865476],[1,0,0,-90]],[3,"props_word_down_pular",3,[[1,-109,[0,"2bMpVAEhRKSr8tkGOmarFH"],[5,75,30]],[5,-110,[0,"3027gzgZRKjJY/h+U7IkDi"],38,39]],[2,"e8n5fHXc5HFK+BcyXObifm",null,null,null,1,0],[1,-1,6,0]],[13,"props_scrollingThePicture",false,3,[[1,-111,[0,"9c1EgRTNlFq5AMHH2ypkHe"],[5,32,32]],[5,-112,[0,"674c2fGwFGTYxGnEJDMXno"],40,41]],[2,"dfQzBA/7JEXIilNqyBuU8w",null,null,null,1,0],[1,-1,6,0]],[17,"spr_aj_spinicon1",33554432,10,[[1,-113,[0,"b6YooaP1pCjLMPBoW5xqXb"],[5,115,108]],[5,-114,[0,"c4wQSXx1JH7o72z8ssUlpU"],42,43]],[2,"47qpm9CIVJtr9djZabYtk3",null,null,null,1,0],[1,-2.5,7,0],[3,0,0,-0.7071067811865475,0.7071067811865476],[1,0,0,-90]],[18,"zi_spin_BERHENTI_disable",33554432,10,[[1,-115,[0,"d2b2haFAVKaoOCpZ+AK5x6"],[5,32,32]],[4,2,false,-116,[0,"f8BRy2zRpGrZtajudIwgU4"],44,45]],[2,"111vPplJtCHoVV5X1543FO",null,null,null,1,0],[1,-1,6,0]],[24,29,[0,"efzr6Tf1dL95nvtvREPuzM"]]],0,[0,7,1,0,0,1,0,0,1,0,-1,2,0,0,2,0,0,2,0,-1,18,0,-2,19,0,-3,20,0,-4,21,0,-5,5,0,-6,6,0,-7,24,0,-8,11,0,-9,4,0,-10,8,0,-11,3,0,-12,17,0,0,3,0,0,3,0,4,3,0,0,3,0,-1,30,0,-2,31,0,-3,32,0,-4,10,0,0,4,0,0,4,0,4,4,0,0,4,0,-1,26,0,-2,9,0,-3,16,0,0,5,0,0,5,0,4,5,0,0,5,0,-1,22,0,0,6,0,0,6,0,4,6,0,0,6,0,-1,23,0,0,7,0,0,7,0,-1,13,0,-2,14,0,-3,15,0,0,8,0,0,8,0,8,35,0,4,8,0,0,8,0,-1,29,0,0,9,0,-1,27,0,-2,12,0,0,10,0,0,10,0,-1,33,0,-2,34,0,0,11,0,0,11,0,-1,25,0,0,12,0,0,12,0,0,12,0,0,13,0,0,13,0,0,13,0,0,14,0,0,14,0,0,14,0,0,15,0,0,15,0,0,15,0,0,16,0,0,16,0,-1,28,0,0,17,0,0,17,0,0,17,0,0,18,0,0,18,0,0,19,0,0,19,0,0,20,0,0,20,0,0,21,0,0,21,0,0,22,0,0,22,0,0,23,0,0,23,0,0,24,0,0,24,0,0,25,0,0,25,0,0,26,0,0,26,0,0,27,0,0,27,0,0,28,0,0,28,0,0,29,0,-2,35,0,0,30,0,0,30,0,0,31,0,0,31,0,0,32,0,0,32,0,0,33,0,0,33,0,0,34,0,0,34,0,9,1,7,10,9,116],[0,0,0,0,0,0,0,0,0,0,0,0,0,0,0,0,0,0,0,0,0,0,0,0,0,0,0,0,0,0,0,0,0,0,0,0,0,0,0,0,0,0,0,0,0,0,0,0,0,0,0,0,0,0,35,35],[2,3,2,3,2,3,6,2,3,2,3,5,2,3,2,3,5,2,3,2,3,6,2,3,2,3,2,3,2,3,2,3,5,2,3,5,2,3,2,3,2,3,2,3,2,3,2,3,2,3,5,2,-1,11,2,3],[50,0,10,0,7,0,22,20,0,5,0,5,21,0,6,0,6,11,0,13,0,22,2,0,8,0,2,0,18,0,3,0,3,4,0,4,17,0,12,0,15,0,16,0,14,0,9,0,1,0,1,51,23,23,19,0]],[[[32,"shuzi_xiazhujine",32,{"commonHeight":32,"fontSize":32,"atlasName":"shuzi_xiazhujine_0.png","fontDefDictionary":{"43":{"xOffset":-1,"yOffset":-1,"xAdvance":22,"rect":{"x":54,"y":0,"width":24,"height":29}},"44":{"xOffset":-1,"yOffset":-1,"xAdvance":10,"rect":{"x":55,"y":30,"width":12,"height":29}},"45":{"xOffset":-1,"yOffset":-1,"xAdvance":20,"rect":{"x":79,"y":0,"width":22,"height":29}},"46":{"xOffset":-1,"yOffset":-1,"xAdvance":10,"rect":{"x":68,"y":30,"width":12,"height":29}},"48":{"xOffset":-1,"yOffset":-1,"xAdvance":18,"rect":{"x":102,"y":0,"width":20,"height":29}},"49":{"xOffset":-1,"yOffset":-1,"xAdvance":12,"rect":{"x":40,"y":30,"width":14,"height":29}},"50":{"xOffset":-1,"yOffset":-1,"xAdvance":18,"rect":{"x":123,"y":0,"width":20,"height":29}},"51":{"xOffset":-1,"yOffset":-1,"xAdvance":17,"rect":{"x":270,"y":0,"width":19,"height":29}},"52":{"xOffset":-1,"yOffset":-1,"xAdvance":18,"rect":{"x":144,"y":0,"width":20,"height":29}},"53":{"xOffset":-1,"yOffset":-1,"xAdvance":17,"rect":{"x":0,"y":30,"width":19,"height":29}},"54":{"xOffset":-1,"yOffset":-1,"xAdvance":18,"rect":{"x":165,"y":0,"width":20,"height":29}},"55":{"xOffset":-1,"yOffset":-1,"xAdvance":17,"rect":{"x":20,"y":30,"width":19,"height":29}},"56":{"xOffset":-1,"yOffset":-1,"xAdvance":18,"rect":{"x":186,"y":0,"width":20,"height":29}},"57":{"xOffset":-1,"yOffset":-1,"xAdvance":18,"rect":{"x":207,"y":0,"width":20,"height":29}},"66":{"xOffset":-1,"yOffset":-1,"xAdvance":18,"rect":{"x":228,"y":0,"width":20,"height":29}},"75":{"xOffset":-1,"yOffset":-1,"xAdvance":18,"rect":{"x":249,"y":0,"width":20,"height":29}},"77":{"xOffset":-1,"yOffset":-1,"xAdvance":24,"rect":{"x":0,"y":0,"width":26,"height":29}},"84":{"xOffset":-1,"yOffset":-1,"xAdvance":24,"rect":{"x":27,"y":0,"width":26,"height":29}}},"kerningDict":{}}]],0,0,[0],[12],[52]],[[{"name":"shuzi_xiazhujine_0","rect":{"x":1,"y":1,"width":287,"height":57},"offset":{"x":-5.5,"y":120.5},"originalSize":{"width":300,"height":300},"rotated":false,"capInsets":[0,0,0,0],"vertices":{"rawPosition":[-143.5,-28.5,0,143.5,-28.5,0,-143.5,28.5,0,143.5,28.5,0],"indexes":[0,1,2,2,1,3],"uv":[1,299,288,299,1,242,288,242],"nuv":[0.0033333333333333335,0.8066666666666666,0.96,0.8066666666666666,0.0033333333333333335,0.9966666666666667,0.96,0.9966666666666667],"minPos":{"x":-143.5,"y":-28.5,"z":0},"maxPos":{"x":143.5,"y":28.5,"z":0}},"packable":true,"pixelsToUnit":100,"pivot":{"x":0.5,"y":0.5},"meshType":0}],[3],0,[0],[1],[53]],[[{"name":"Rptidakmencukupi","rect":{"x":0,"y":0,"width":229,"height":76},"offset":{"x":0,"y":0},"originalSize":{"width":229,"height":76},"rotated":false,"capInsets":[0,0,0,0],"vertices":{"rawPosition":[-114.5,-38,0,114.5,-38,0,-114.5,38,0,114.5,38,0],"indexes":[0,1,2,2,1,3],"uv":[0,76,229,76,0,0,229,0],"nuv":[0,0,1,0,0,1,1,1],"minPos":{"x":-114.5,"y":-38,"z":0},"maxPos":{"x":114.5,"y":38,"z":0}},"packable":true,"pixelsToUnit":100,"pivot":{"x":0.5,"y":0.5},"meshType":0}],[3],0,[0],[1],[54]]]]
