[1,["8d10acd1-3472-4a7f-8173-ce134ecda580@6c48a"],["_textureSource"],["cc.SpriteFrame"],0,[{"name":"q","rect":{"x":0,"y":0,"width":94,"height":97},"offset":{"x":0,"y":0},"originalSize":{"width":94,"height":97},"rotated":false,"capInsets":[0,0,0,0],"vertices":{"rawPosition":[-47,-48.5,0,47,-48.5,0,-47,48.5,0,47,48.5,0],"indexes":[0,1,2,2,1,3],"uv":[0,97,94,97,0,0,94,0],"nuv":[0,0,1,0,0,1,1,1],"minPos":{"x":-47,"y":-48.5,"z":0},"maxPos":{"x":47,"y":48.5,"z":0}},"packable":true,"pixelsToUnit":100,"pivot":{"x":0.5,"y":0.5},"meshType":0}],[0],0,[0],[0],[0]]
