[1,["92FmLK3IJDSrePfGVBrmuL@6c48a"],["_textureSource"],["cc.SpriteFrame"],0,[{"name":"btn_hu_backtogame","rect":{"x":0,"y":0,"width":252,"height":70},"offset":{"x":0,"y":0},"originalSize":{"width":252,"height":70},"rotated":false,"capInsets":[0,0,0,0],"vertices":{"rawPosition":[-126,-35,0,126,-35,0,-126,35,0,126,35,0],"indexes":[0,1,2,2,1,3],"uv":[0,70,252,70,0,0,252,0],"nuv":[0,0,1,0,0,1,1,1],"minPos":{"x":-126,"y":-35,"z":0},"maxPos":{"x":126,"y":35,"z":0}},"packable":true,"pixelsToUnit":100,"pivot":{"x":0.5,"y":0.5},"meshType":0}],[0],0,[0],[0],[0]]
