[1,["9fd04646-e956-4683-b267-529b7d0f36a5@6c48a"],["_textureSource"],["cc.SpriteFrame"],0,[{"name":"bg_tishiguang","rect":{"x":0,"y":0,"width":564,"height":33},"offset":{"x":0,"y":0},"originalSize":{"width":564,"height":33},"rotated":false,"capInsets":[0,0,0,0],"vertices":{"rawPosition":[-282,-16.5,0,282,-16.5,0,-282,16.5,0,282,16.5,0],"indexes":[0,1,2,2,1,3],"uv":[0,33,564,33,0,0,564,0],"nuv":[0,0,1,0,0,1,1,1],"minPos":{"x":-282,"y":-16.5,"z":0},"maxPos":{"x":282,"y":16.5,"z":0}},"packable":true,"pixelsToUnit":100,"pivot":{"x":0.5,"y":0.5},"meshType":0}],[0],0,[0],[0],[0]]
