[1,["edQlufgP1DhbtqwBJ8UE+c@6c48a","c01VJDY9ZGO75ZkWD2/Qcy@6c48a"],0,[["sp.SkeletonData",["_name","_atlasText","textureNames","_skeletonJson","textures"],-1,3]],[[0,0,1,2,3,4,5]],[[0,"yigemeinv","\r\nyigemeinv.png\r\nsize: 1024,1024\r\nformat: RGBA8888\r\nfilter: Linear,Linear\r\nrepeat: none\r\nEarring_right\r\n  rotate: true\r\n  xy: 399, 305\r\n  size: 38, 64\r\n  orig: 38, 64\r\n  offset: 0, 0\r\n  index: -1\r\nhair2\r\n  rotate: true\r\n  xy: 399, 305\r\n  size: 38, 64\r\n  orig: 38, 64\r\n  offset: 0, 0\r\n  index: -1\r\narm\r\n  rotate: true\r\n  xy: 742, 165\r\n  size: 165, 226\r\n  orig: 165, 226\r\n  offset: 0, 0\r\n  index: -1\r\nbg\r\n  rotate: false\r\n  xy: 587, 332\r\n  size: 381, 351\r\n  orig: 381, 351\r\n  offset: 0, 0\r\n  index: -1\r\nbody\r\n  rotate: false\r\n  xy: 297, 345\r\n  size: 288, 676\r\n  orig: 288, 676\r\n  offset: 0, 0\r\n  index: -1\r\ndecorate2\r\n  rotate: true\r\n  xy: 215, 10\r\n  size: 289, 199\r\n  orig: 289, 199\r\n  offset: 0, 0\r\n  index: -1\r\ndecorate3\r\n  rotate: true\r\n  xy: 416, 2\r\n  size: 301, 324\r\n  orig: 301, 324\r\n  offset: 0, 0\r\n  index: -1\r\ndecorate5\r\n  rotate: true\r\n  xy: 970, 609\r\n  size: 74, 48\r\n  orig: 74, 48\r\n  offset: 0, 0\r\n  index: -1\r\neye\r\n  rotate: true\r\n  xy: 465, 312\r\n  size: 31, 21\r\n  orig: 31, 21\r\n  offset: 0, 0\r\n  index: -1\r\neye_y\r\n  rotate: true\r\n  xy: 488, 312\r\n  size: 31, 21\r\n  orig: 31, 21\r\n  offset: 0, 0\r\n  index: -1\r\nfinger_y\r\n  rotate: true\r\n  xy: 742, 6\r\n  size: 157, 83\r\n  orig: 157, 83\r\n  offset: 0, 0\r\n  index: -1\r\nfinger_z\r\n  rotate: true\r\n  xy: 827, 6\r\n  size: 157, 83\r\n  orig: 157, 83\r\n  offset: 0, 0\r\n  index: -1\r\nhair\r\n  rotate: false\r\n  xy: 2, 7\r\n  size: 211, 292\r\n  orig: 211, 292\r\n  offset: 0, 0\r\n  index: -1\r\nhair1\r\n  rotate: false\r\n  xy: 970, 393\r\n  size: 45, 214\r\n  orig: 45, 214\r\n  offset: 0, 0\r\n  index: -1\r\nhair3\r\n  rotate: false\r\n  xy: 970, 177\r\n  size: 45, 214\r\n  orig: 45, 214\r\n  offset: 0, 0\r\n  index: -1\r\nhorse2\r\n  rotate: false\r\n  xy: 912, 101\r\n  size: 105, 62\r\n  orig: 105, 62\r\n  offset: 0, 0\r\n  index: -1\r\nmengbang\r\n  rotate: false\r\n  xy: 2, 301\r\n  size: 293, 720\r\n  orig: 293, 720\r\n  offset: 0, 0\r\n  index: -1\r\nsaoguang_1\r\n  rotate: true\r\n  xy: 912, 5\r\n  size: 94, 69\r\n  orig: 94, 69\r\n  offset: 0, 0\r\n  index: -1\r\nwaikuang3\r\n  rotate: false\r\n  xy: 587, 685\r\n  size: 408, 336\r\n  orig: 408, 336\r\n  offset: 0, 0\r\n  index: -1\r\nwild\r\n  rotate: false\r\n  xy: 297, 305\r\n  size: 100, 38\r\n  orig: 100, 38\r\n  offset: 0, 0\r\n  index: -1\r\n\r\nyigemeinv2.png\r\nsize: 1024,512\r\nformat: RGBA8888\r\nfilter: Linear,Linear\r\nrepeat: none\r\nBra\r\n  rotate: false\r\n  xy: 412, 296\r\n  size: 244, 212\r\n  orig: 244, 212\r\n  offset: 0, 0\r\n  index: -1\r\narm_z\r\n  rotate: true\r\n  xy: 658, 329\r\n  size: 179, 213\r\n  orig: 179, 213\r\n  offset: 0, 0\r\n  index: -1\r\nchest_x\r\n  rotate: false\r\n  xy: 336, 159\r\n  size: 119, 135\r\n  orig: 119, 135\r\n  offset: 0, 0\r\n  index: -1\r\nchest_y\r\n  rotate: false\r\n  xy: 457, 162\r\n  size: 122, 132\r\n  orig: 122, 132\r\n  offset: 0, 0\r\n  index: -1\r\ndecorate\r\n  rotate: false\r\n  xy: 677, 223\r\n  size: 79, 104\r\n  orig: 79, 104\r\n  offset: 0, 0\r\n  index: -1\r\ndecorate4\r\n  rotate: false\r\n  xy: 2, 2\r\n  size: 186, 65\r\n  orig: 186, 65\r\n  offset: 0, 0\r\n  index: -1\r\ndecorate6\r\n  rotate: true\r\n  xy: 336, 101\r\n  size: 56, 88\r\n  orig: 56, 88\r\n  offset: 0, 0\r\n  index: -1\r\ndecorate_Bracelet\r\n  rotate: false\r\n  xy: 677, 143\r\n  size: 92, 78\r\n  orig: 92, 78\r\n  offset: 0, 0\r\n  index: -1\r\ndecorate_Bracelety\r\n  rotate: false\r\n  xy: 771, 143\r\n  size: 92, 78\r\n  orig: 92, 78\r\n  offset: 0, 0\r\n  index: -1\r\ndecorate_Bracelety2\r\n  rotate: false\r\n  xy: 758, 223\r\n  size: 79, 104\r\n  orig: 79, 104\r\n  offset: 0, 0\r\n  index: -1\r\nface\r\n  rotate: false\r\n  xy: 873, 369\r\n  size: 133, 139\r\n  orig: 133, 139\r\n  offset: 0, 0\r\n  index: -1\r\nhorse\r\n  rotate: true\r\n  xy: 246, 111\r\n  size: 206, 88\r\n  orig: 206, 88\r\n  offset: 0, 0\r\n  index: -1\r\nshangyi\r\n  rotate: false\r\n  xy: 2, 69\r\n  size: 242, 248\r\n  orig: 242, 248\r\n  offset: 0, 0\r\n  index: -1\r\ntop\r\n  rotate: true\r\n  xy: 581, 150\r\n  size: 144, 94\r\n  orig: 144, 94\r\n  offset: 0, 0\r\n  index: -1\r\nwaikuang\r\n  rotate: false\r\n  xy: 2, 319\r\n  size: 408, 189\r\n  orig: 408, 189\r\n  offset: 0, 0\r\n  index: -1\r\n",["yigemeinv.png","yigemeinv2.png"],{"skeleton":{"hash":"31k6lzLZ7d0YXv6xu8zCh54BMOU","spine":"3.6.53","width":323.3,"height":633.6,"images":"./images/"},"bones":[{"name":"root"},{"name":"all","parent":"root"},{"name":"renwu_bg","parent":"all","y":-2.65,"scaleX":0.316,"scaleY":0.316,"color":"00ff17ff"},{"name":"ren","parent":"renwu_bg","x":-21.17,"y":-332.93,"scaleX":1.316,"scaleY":1.316},{"name":"body","parent":"ren","x":16.58,"y":-101.95},{"name":"body2","parent":"body","length":149.47,"rotation":91.97,"y":3.09},{"name":"body3","parent":"body2","length":184.47,"rotation":-3.57,"x":148.44,"y":0.04},{"name":"shangyi","parent":"body3","length":63.47,"rotation":160.72,"x":127.71,"y":72.74},{"name":"Bra","parent":"shangyi","x":92.02,"y":103.65},{"name":"face","parent":"body3","x":184.45,"y":1.03},{"name":"Earring_right","parent":"face","length":39.71,"rotation":-176.22,"x":38.26,"y":-50.39},{"name":"all2","parent":"all","x":-0.36,"y":-56.46},{"name":"arm","parent":"body3","length":139.3,"rotation":-162.98,"x":133.7,"y":-97.98},{"name":"arm2","parent":"arm","length":82.67,"rotation":53.89,"x":138.63,"y":1.68},{"name":"arm_z","parent":"body3","length":139.73,"rotation":162.7,"x":133.52,"y":112.27},{"name":"arm_z2","parent":"arm_z","length":62.73,"rotation":-53.27,"x":138.9,"y":-2.42},{"name":"chest_x","parent":"body2","x":156.03,"y":-78.57},{"name":"chest_y","parent":"body2","x":157.81,"y":92.48},{"name":"decorate","parent":"arm","x":67.7,"y":-7.01},{"name":"decorate3","parent":"body","x":-2.06,"y":-115.38},{"name":"decorate4","parent":"Bra","x":73.35,"y":-29.02},{"name":"decorate5","parent":"Bra","x":-38.02,"y":-111.5},{"name":"decorate6","parent":"Bra","rotation":110.88,"x":30.54,"y":74.82},{"name":"decorate_Bracelet","parent":"arm_z2","x":61.98,"y":-2.3},{"name":"decorate_Bracelety","parent":"arm2","x":82.86,"y":1.79},{"name":"decorate_Bracelety2","parent":"arm_z","x":83.71,"y":-6.33},{"name":"eye","parent":"face","x":69.48,"y":-24.48},{"name":"eye_y","parent":"face","x":66.57,"y":27.71},{"name":"face2","parent":"face","x":79.55,"y":0.91},{"name":"top","parent":"face","x":173.74,"y":5.74},{"name":"hair2","parent":"top","length":65.15,"rotation":173.53,"x":-32.33,"y":54},{"name":"hair3","parent":"hair2","length":48.81,"rotation":2.98,"x":65.15},{"name":"hair4","parent":"hair3","length":42.87,"rotation":3.16,"x":48.81},{"name":"hair5","parent":"hair4","length":32.29,"rotation":4.49,"x":42.87},{"name":"hair6","parent":"top","length":56.44,"rotation":-170.06,"x":-31.56,"y":-59.63},{"name":"hair7","parent":"hair6","length":44.98,"rotation":-2.81,"x":55.96,"y":0.07},{"name":"hair8","parent":"hair7","length":41.41,"rotation":-4.2,"x":44.98},{"name":"hair9","parent":"hair8","length":46.25,"rotation":-3.72,"x":41.41},{"name":"hair10","parent":"top","length":69.87,"rotation":169.67,"x":-25.74,"y":42.14,"color":"4fff00ff"},{"name":"hair11","parent":"hair10","length":54.53,"rotation":7.88,"x":69.87,"color":"4fff00ff"},{"name":"hair12","parent":"hair11","length":73.75,"rotation":1.06,"x":54.53,"color":"4fff00ff"},{"name":"hair13","parent":"face","length":40.46,"rotation":179.46,"x":33.86,"y":52.69},{"name":"horse2","parent":"body3","x":144.03,"y":-3.56},{"name":"horse","parent":"horse2","x":-37.44,"y":-3.92},{"name":"kuang","parent":"renwu_bg","color":"28ff00ff"},{"name":"kuang2","parent":"kuang","x":0.11,"y":-167.62,"color":"28ff00ff"},{"name":"kuang4","parent":"kuang","x":-195.77,"y":-323.28,"color":"28ff00ff"},{"name":"mask","parent":"all2","x":0.2,"y":-1.57},{"name":"wild2","parent":"kuang2","x":-2.44,"y":54.25,"scaleX":3,"scaleY":3},{"name":"saoguang_1","parent":"wild2","x":-68.41,"y":8.63},{"name":"shangyi6","parent":"body3","length":49.73,"rotation":-157.51,"x":129.04,"y":-62.39},{"name":"top2","parent":"top","length":46.47,"rotation":-168.1,"x":-23.22,"y":-42.04,"color":"ff0039ff"},{"name":"top3","parent":"top","length":66.4,"rotation":-168.8,"x":-22.13,"y":-52.63},{"name":"top4","parent":"top3","length":49.22,"rotation":-5.67,"x":66.4},{"name":"top5","parent":"top4","length":72.21,"rotation":-3.93,"x":49.22},{"name":"top6","parent":"top","length":50.26,"rotation":171.64,"x":-24.19,"y":33.17,"color":"ff0039ff"},{"name":"top8","parent":"top","length":50.27,"rotation":-179.69,"x":-21.9,"y":-7.98,"color":"ff0039ff"}],"slots":[{"name":"bg","bone":"kuang2","attachment":"bg"},{"name":"mask_all","bone":"mask","attachment":"mask_all2"},{"name":"waikuang2","bone":"kuang","attachment":"waikuang"},{"name":"hair","bone":"hair10","attachment":"hair"},{"name":"arm_z","bone":"arm_z","attachment":"arm_z"},{"name":"body","bone":"body","attachment":"body"},{"name":"eye_y","bone":"eye_y","attachment":"eye_y"},{"name":"eye","bone":"eye","attachment":"eye"},{"name":"arm","bone":"arm","attachment":"arm"},{"name":"finger_y","bone":"decorate_Bracelety","attachment":"finger_y"},{"name":"finger_z","bone":"decorate_Bracelet","attachment":"finger_z"},{"name":"chest_x","bone":"chest_x","attachment":"chest_x"},{"name":"chest_y","bone":"chest_y","attachment":"chest_y"},{"name":"decorate","bone":"decorate","attachment":"decorate"},{"name":"decorate_Bracelety2","bone":"decorate_Bracelety2","attachment":"decorate_Bracelety2"},{"name":"decorate_Bracelety","bone":"decorate_Bracelety","attachment":"decorate_Bracelety"},{"name":"decorate_Bracelet","bone":"decorate_Bracelet","attachment":"decorate_Bracelet"},{"name":"shangyi","bone":"shangyi6","attachment":"shangyi"},{"name":"Bra","bone":"Bra","attachment":"Bra"},{"name":"decorate4","bone":"decorate6","attachment":"decorate4"},{"name":"decorate6","bone":"decorate5","attachment":"decorate6"},{"name":"decorate5","bone":"decorate5","attachment":"decorate5"},{"name":"decorate3","bone":"decorate3","attachment":"decorate3"},{"name":"decorate2","bone":"decorate3","attachment":"decorate2"},{"name":"horse2","bone":"horse2","attachment":"horse2"},{"name":"horse","bone":"horse","attachment":"horse"},{"name":"face","bone":"face","attachment":"face"},{"name":"Earring_right","bone":"Earring_right","attachment":"Earring_right"},{"name":"hair3","bone":"hair6","attachment":"hair3"},{"name":"hair2","bone":"hair13","attachment":"hair2"},{"name":"hair1","bone":"hair2","attachment":"hair1"},{"name":"top","bone":"top8","attachment":"top"},{"name":"ren","bone":"ren","attachment":"mengbang"},{"name":"kuang","bone":"kuang4","attachment":"waikuang3"},{"name":"waikuang","bone":"kuang2","attachment":"waikuang"},{"name":"wild2","bone":"wild2","attachment":"wild"},{"name":"mask_saoguang","bone":"wild2","attachment":"mask_saoguang"},{"name":"saoguang_1","bone":"saoguang_1","color":"ffffff91","attachment":"saoguang_1","blend":"additive"}],"skins":{"default":{"Bra":{"Bra":{"type":"mesh","hull":48,"width":244,"height":212,"uvs":[0.31468,0.0017,0.21793,0.186,0.10617,0.40102,0.00943,0.5642,0,0.68323,0.00943,0.79266,0.04946,0.87521,0.12118,0.93089,0.14287,0.96736,0.22627,1,0.27087,1,0.31134,1,0.39307,0.95776,0.44979,0.86177,0.45646,0.80994,0.47325,0.79453,0.53493,0.79169,0.5485,0.81015,0.5559,0.8641,0.60811,0.95456,0.70422,1,0.74086,1,0.78168,1,0.85913,0.96777,0.88495,0.92814,0.96098,0.86045,1,0.7647,1,0.65904,0.98106,0.51706,0.88495,0.37178,0.78598,0.18522,0.69274,0,0.6368,0,0.73864,0.20668,0.81754,0.40479,0.77881,0.51376,0.71139,0.593,0.63393,0.64418,0.56077,0.6772,0.51774,0.63758,0.47327,0.63262,0.43741,0.67225,0.37286,0.64253,0.31405,0.60786,0.22225,0.5088,0.18495,0.43286,0.25237,0.21824,0.35135,0.00196,0.16636,0.72783,0.82582,0.76359,0.09642,0.75326,0.11424,0.78695,0.14987,0.81331,0.18041,0.81184,0.22749,0.7972,0.25549,0.74447,0.25167,0.69468,0.2364,0.65367,0.19441,0.63023,0.14096,0.62437,0.10151,0.6522,0.08242,0.70053,0.04425,0.78695,0.08115,0.83821,0.13205,0.87043,0.18804,0.87922,0.27203,0.85139,0.31912,0.76498,0.31912,0.67417,0.29112,0.63023,0.20968,0.57165,0.14987,0.55993,0.06079,0.58483,0.03152,0.68296,0.74669,0.71664,0.73396,0.7723,0.74669,0.81917,0.79759,0.84992,0.85867,0.83821,0.89303,0.79866,0.90576,0.7474,0.89303,0.69175,0.85104,0.66245,0.80777,0.65513,0.76832,0.67856,0.66016,0.79134,0.68942,0.86311,0.76705,0.91144,0.87776,0.8924,0.92993,0.82942,0.96175,0.75472,0.96047,0.66392,0.91339,0.58043,0.79504,0.56725,0.72887,0.61851,0.68306,0.67563,0.50501,0.70949],"triangles":[47,46,0,32,31,33,33,31,30,46,1,0,96,39,38,95,38,37,95,37,36,36,35,93,23,22,87,22,21,87,21,20,87,19,86,20,20,86,87,23,88,24,23,87,88,19,18,86,24,88,25,88,77,78,88,87,77,86,76,87,87,76,77,88,89,25,89,78,79,89,88,78,18,85,86,18,17,85,76,85,75,76,86,85,26,89,90,26,25,89,78,77,49,77,76,49,78,49,79,89,79,90,90,79,80,76,75,49,17,16,85,79,49,80,16,38,85,85,38,95,85,95,75,75,74,49,75,95,74,90,27,26,74,84,49,84,83,49,49,81,80,49,82,81,49,83,82,90,81,91,90,91,27,90,80,81,74,95,84,91,81,92,95,94,84,84,94,83,95,36,94,27,91,92,92,81,82,92,82,93,92,28,27,94,93,83,82,83,93,94,36,93,92,35,34,92,34,28,34,29,28,92,93,35,34,33,29,29,33,30,15,96,16,16,96,38,12,11,66,66,11,10,8,65,9,66,10,65,10,9,65,8,7,65,65,7,64,12,66,13,7,6,64,64,6,63,64,52,65,52,53,65,65,54,66,65,53,54,5,62,6,6,62,63,64,63,52,66,67,13,13,67,14,66,54,67,67,54,55,63,51,52,63,62,51,53,52,48,54,53,48,15,14,41,48,52,51,54,48,55,14,67,41,15,41,96,5,73,62,5,4,73,62,50,51,62,61,50,62,73,61,51,50,48,55,68,67,41,68,42,41,67,68,50,61,48,48,56,55,55,56,68,61,60,48,60,59,48,48,57,56,48,58,57,48,59,58,41,40,96,96,40,39,61,73,60,56,69,68,56,57,69,73,4,72,73,72,60,72,4,3,69,43,68,68,43,42,69,57,70,60,72,59,43,69,70,70,57,58,70,58,71,58,59,71,59,72,71,70,44,43,71,72,2,70,71,44,72,3,2,71,45,44,71,2,45,45,2,46,2,1,46],"vertices":[1,6,154.9,53.62,1,2,17,110.33,-23.65,0.512,6,115.18,76.12,0.488,2,17,65.71,5.17,0.888,6,68.85,102.11,0.112,1,17,31.95,29.95,1,1,17,6.81,33.12,1,1,17,-16.45,31.62,1,1,17,-34.28,22.46,1,1,17,-46.68,5.38,1,1,17,-54.59,0.36,1,2,17,-62.2,-19.74,0.64,5,95.6,72.74,0.36,2,17,-62.58,-30.62,0.64,5,95.23,61.87,0.36,2,17,-62.92,-40.49,0.64,5,94.89,52,0.36,2,17,-54.66,-60.73,0.64,5,103.15,31.76,0.36,2,17,-34.8,-75.26,0.64,5,123.01,17.23,0.36,2,17,-23.87,-77.26,0.64,5,133.94,15.22,0.36,2,17,-20.75,-81.47,0.64,5,137.06,11.02,0.36,2,16,-18.89,74.52,0.752,5,137.14,-4.05,0.248,2,16,-22.91,71.35,0.736,5,133.12,-7.22,0.264,2,16,-34.41,69.94,0.736,5,121.63,-8.63,0.264,2,16,-54.01,57.86,0.736,5,102.02,-20.7,0.264,2,16,-64.45,34.76,0.736,5,91.59,-43.81,0.264,2,16,-64.76,25.83,0.736,5,91.28,-52.74,0.264,2,16,-65.1,15.87,0.736,5,90.93,-62.7,0.264,2,16,-58.92,-3.25,0.736,5,97.11,-81.82,0.264,1,16,-50.74,-9.84,1,1,16,-37.04,-28.87,1,1,16,-17.08,-39.09,1,1,16,5.31,-39.86,1,1,16,35.55,-36.28,1,2,16,67.14,-13.9,0.88,6,80.36,-87.67,0.12,2,16,107.5,8.87,0.512,6,119.22,-62.42,0.488,1,6,157.83,-38.58,1,1,6,157.45,-24.94,1,2,16,103.35,20.57,0.512,6,114.35,-51,0.488,2,16,60.71,2.78,0.88,6,72.9,-71.42,0.12,1,16,37.95,13.02,1,1,16,21.72,30.04,1,1,16,11.53,49.3,1,1,16,5.15,67.38,1,2,17,12.13,-93.47,0.512,16,13.91,77.59,0.488,1,17,13.56,-82.66,1,1,17,5.46,-73.62,1,1,17,12.3,-58.1,1,1,17,20.14,-44.01,1,1,17,41.9,-22.35,1,2,17,58.31,-13.81,0.888,6,62.64,82.71,0.112,2,17,103.21,-31.82,0.512,6,108.58,67.53,0.488,1,6,155.09,44.67,1,1,17,-4.03,-7.12,1,1,16,-15.38,3.38,1,1,17,-8.83,10.12,1,1,17,-16.12,6.02,1,1,17,-22.01,-2.47,1,1,17,-21.95,-9.93,1,1,17,-19.25,-21.52,1,1,17,-8.31,-28.73,1,1,17,2.27,-28.17,1,1,17,11.09,-24.74,1,1,17,16.41,-14.67,1,1,17,18.1,-1.68,1,1,17,12.53,8.14,1,1,17,2.45,13.15,1,1,17,-15.53,23.09,1,1,17,-26.7,14.47,1,1,17,-33.96,2.29,1,1,17,-36.29,-11.3,1,1,17,-31.1,-31.99,1,1,17,-13.19,-44.1,1,1,17,6.05,-44.76,1,1,17,15.59,-38.26,1,1,17,28.69,-18.82,1,1,17,31.68,-4.33,1,1,17,27.15,17.58,1,1,17,6.61,25.43,1,1,16,-4.77,22.33,1,1,16,-16.45,25.84,1,1,16,-26.49,23.08,1,1,16,-33.44,10.89,1,1,16,-31.47,-4.09,1,1,16,-23.38,-12.75,1,1,16,-12.62,-16.23,1,1,16,-0.72,-13.53,1,1,16,5.83,-3.51,1,1,16,7.75,6.99,1,1,16,3.12,16.78,1,1,16,-19.87,43.98,1,1,16,-35.32,37.37,1,1,16,-46.21,18.79,1,1,16,-43.11,-8.35,1,1,16,-30.2,-21.53,1,1,16,-14.65,-29.83,1,1,16,4.6,-30.18,1,1,16,22.69,-19.31,1,1,16,26.48,9.45,1,1,16,16.17,25.96,1,1,16,4.45,37.55,1,2,17,-3,-89.84,0.504,16,-1.22,81.22,0.496],"edges":[0,2,2,4,4,6,6,8,8,10,10,12,12,14,14,16,16,18,22,24,24,26,26,28,28,30,30,32,32,34,34,36,36,38,38,40,44,46,46,48,48,50,50,52,52,54,54,56,56,58,58,60,60,62,62,64,64,66,66,68,68,70,70,72,72,74,74,76,76,78,78,80,80,82,82,84,84,86,86,88,88,90,90,92,92,94,0,94,122,100,100,102,102,104,104,106,106,108,108,110,110,112,112,114,114,116,116,118,118,120,120,122,124,126,126,128,128,130,130,132,132,134,134,136,136,138,138,140,140,142,142,144,144,146,146,124,148,150,150,152,152,154,154,156,156,158,158,160,160,162,162,164,164,166,166,168,168,148,170,172,172,174,174,176,176,178,178,180,180,182,182,184,184,186,186,188,188,190,190,170,18,20,20,22,40,42,42,44]}},"Earring_right":{"Earring_right":{"x":30.5,"y":-1.78,"rotation":87.82,"width":38,"height":64}},"arm":{"arm":{"type":"mesh","hull":17,"width":165,"height":226,"uvs":[0,0.34265,0.01478,0.18803,0.08198,0.06464,0.19805,0,0.26933,0.03044,0.33042,0.1241,0.35282,0.31143,0.52387,0.64594,0.70103,0.70244,0.81303,0.73663,0.92096,0.73961,1,0.79016,0.98816,0.87639,0.92911,0.9195,0.53202,0.95985,0.33042,0.93904,0.251,0.90187],"triangles":[4,2,3,15,16,7,13,9,10,13,14,9,14,8,9,15,7,14,14,7,8,13,10,12,12,10,11,16,0,6,6,0,1,6,1,2,16,6,7,4,5,2,6,2,5],"vertices":[1,6,75.4,-75.87,1,2,12,16.17,-26.6,0.87112,18,-51.53,-19.58,0.12888,1,6,138.59,-87.64,1,1,6,153.72,-106.37,1,1,12,-6.88,23.41,1,1,12,16.21,27.45,1,1,12,57.99,19.66,1,2,12,138.39,26.58,0.06366,13,19.97,14.87,0.93634,1,13,51.83,13.18,1,1,13,71.85,12.43,1,1,13,88.76,18.05,1,1,13,104.98,11.94,1,1,13,109.99,-7,1,2,12,215.88,74.42,0.00021,13,104.29,-19.54,0.99979,1,13,46.14,-51.08,1,1,13,13.35,-58.36,1,2,12,182.04,-32.3,0.83959,13,-1.87,-55.1,0.16041],"edges":[0,2,2,4,4,6,6,8,8,10,10,12,12,14,14,16,16,18,18,20,20,22,22,24,24,26,26,28,28,30,30,32,0,32]}},"arm_z":{"arm_z":{"type":"mesh","hull":15,"width":179,"height":213,"uvs":[0.88497,0,0.95352,0.03942,1,0.29204,0.94034,0.53801,0.76103,0.80836,0.6582,0.97677,0.49998,1,0.01216,0.90586,0,0.79949,0.09654,0.71085,0.20729,0.72415,0.44988,0.66653,0.6582,0.33636,0.70302,0.11919,0.77422,0.05271],"triangles":[1,14,0,14,1,2,3,12,2,7,9,10,6,7,10,10,11,6,6,11,5,7,8,9,5,11,4,3,4,12,4,11,12,2,12,13,2,13,14],"vertices":[1,6,146.71,108.78,1,1,6,138.66,96.28,1,1,6,85.11,86.46,1,1,6,32.44,95.68,1,2,14,156.53,33.81,0.98238,15,-18.49,35.8,0.01762,2,14,196.42,27.92,0.67815,15,10.08,64.25,0.32185,2,14,210.22,2.7,0.42611,15,38.55,60.22,0.57389,2,15,115.42,14.2,0.72631,23,53.44,16.5,0.27369,2,15,110.51,-8.02,0.58964,23,48.52,-5.72,0.41036,2,15,88.24,-20.65,0.35165,23,26.26,-18.35,0.64835,2,15,70.26,-11.84,0.1275,23,8.28,-9.54,0.8725,3,25,62.13,-22.31,0.00097,15,25.17,-10.12,0.99346,23,-36.82,-7.81,0.00557,2,14,67.26,-15.96,0.63054,25,-16.45,-9.63,0.36946,1,14,20.88,-23.24,1,1,14,3.38,-15.73,1],"edges":[0,2,2,4,4,6,6,8,8,10,10,12,12,14,14,16,16,18,18,20,20,22,22,24,24,26,26,28,0,28]}},"bg":{"bg":{"type":"mesh","hull":6,"width":381,"height":351,"uvs":[0,0,0,0.96471,0.02946,1,0.96293,1,1,0.97211,1,0.00138],"triangles":[1,0,5,3,2,1,3,1,5,5,4,3],"vertices":[2,45,-190.61,343.12,0.001,44,-190.5,175.5,0.999,1,45,-190.61,4.5,1,1,45,-179.39,-7.88,1,1,45,176.26,-7.88,1,1,45,190.39,1.91,1,2,45,190.39,342.63,0.00155,44,190.5,175.02,0.99845],"edges":[0,2,2,4,4,6,6,8,8,10,0,10]}},"body":{"body":{"type":"mesh","hull":32,"width":288,"height":676,"uvs":[0.34163,0,0.33935,0.08624,0.29129,0.10184,0.21578,0.10282,0.1151,0.09892,0.04188,0.10964,0.0373,0.15741,0.09222,0.20518,0.16773,0.41769,0.16773,0.45707,0.02815,0.58575,0.02129,0.62279,0,0.66179,0,0.75788,0.0579,0.86511,0.19519,1,0.77188,1,0.91833,0.84757,0.97782,0.74521,0.98011,0.65552,0.95036,0.61263,0.91604,0.57071,0.74442,0.45763,0.73985,0.42417,0.81993,0.20678,0.85883,0.16291,0.87943,0.11319,0.83366,0.10345,0.70324,0.1015,0.63917,0.1015,0.58654,0.0898,0.57739,0.00011],"triangles":[2,9,8,22,2,23,24,28,27,3,7,4,23,2,1,30,23,1,3,2,8,1,31,30,1,0,31,23,30,29,24,29,28,25,27,26,24,27,25,23,29,24,9,11,10,14,11,9,2,15,9,2,22,15,17,22,21,4,6,5,7,6,4,18,20,19,13,12,11,17,21,20,17,20,18,13,11,14,14,9,15,17,16,22,16,15,22,8,7,3],"vertices":[1,9,36.33,34.81,1,2,9,-21.96,33.84,0.52,6,162.48,34.87,0.48,2,9,-32.89,47.38,0.52,6,151.56,48.41,0.48,2,9,-34.16,69.1,0.52,6,150.29,70.13,0.48,2,9,-32.33,98.16,0.52,6,152.12,99.19,0.48,1,14,-7.98,-10.63,1,1,14,23.02,-1.49,1,1,14,48.51,23.87,1,1,5,90.55,81.83,1,1,5,63.95,82.74,1,2,14,298.04,89.15,0.52,12,234.59,-295.33,0.48,2,14,322.39,95.34,0.52,12,258.18,-303.95,0.48,2,14,349.32,98.01,0.52,12,281.93,-316.92,0.48,2,14,410.82,118.91,0.52,12,344.51,-334.34,0.48,2,14,474.1,158.01,0.52,12,418.82,-337.71,0.48,1,14,547.72,224.78,1,1,14,494.29,382.04,1,2,14,383.16,388.83,0.52,12,473.83,-95.8,0.48,2,14,312.13,382.8,0.52,12,411.77,-60.74,0.48,2,14,254.51,363.92,0.52,12,353.53,-43.85,0.48,2,14,229.81,346.48,0.52,12,323.3,-44.33,0.48,2,14,206.16,328,0.52,12,293.35,-46.25,0.48,1,5,57.85,-83.23,1,1,5,80.5,-82.7,1,1,12,48.92,-6.96,1,1,12,23.36,11.79,1,1,12,-7.43,26.51,1,2,9,-29.61,-108.79,0.52,6,154.83,-107.76,0.48,2,9,-29.34,-71.21,0.52,6,155.1,-70.18,0.48,2,9,-29.86,-52.76,0.52,6,154.59,-51.73,0.48,2,9,-22.38,-37.39,0.52,6,162.07,-36.36,0.48,1,9,38.15,-33.06,1],"edges":[0,2,2,4,4,6,6,8,8,10,10,12,12,14,14,16,16,18,18,20,20,22,22,24,24,26,26,28,28,30,30,32,32,34,34,36,36,38,38,40,40,42,42,44,44,46,46,48,48,50,50,52,52,54,54,56,56,58,58,60,60,62,0,62]}},"chest_x":{"chest_x":{"type":"mesh","hull":18,"width":119,"height":135,"uvs":[0.83624,0.91148,0.92015,0.82556,0.97422,0.73666,0.98957,0.6072,0.97555,0.41775,0.91948,0.24477,0.8821,0.11298,0.6812,0,0.43123,0,0.17893,0.05532,0.06446,0.18917,0,0.36421,0.00605,0.58661,0.0738,0.774,0.18594,0.88314,0.34479,0.97787,0.56946,1,0.722,0.96867,0.58361,0.64925,0.43797,0.57811,0.42963,0.63255,0.43904,0.68462,0.46457,0.71926,0.51491,0.74378,0.5796,0.74868,0.62317,0.74056,0.65635,0.72475,0.68209,0.70084,0.69178,0.67345,0.69913,0.63728,0.68842,0.58734,0.66617,0.54983,0.64617,0.53685,0.60205,0.52658,0.55512,0.52787,0.50712,0.53699,0.47072,0.5492,0.2063,0.46496,0.19594,0.6072,0.23329,0.73497,0.30526,0.81296,0.42007,0.87427,0.57326,0.9057,0.67872,0.86878,0.76657,0.83916,0.81572,0.77085,0.84755,0.70832,0.857,0.62093,0.845,0.49486,0.80204,0.3862,0.76453,0.3242,0.63944,0.2778,0.4947,0.27045,0.34991,0.30626,0.24922,0.3529],"triangles":[51,7,6,52,8,7,53,9,8,53,8,52,54,10,9,53,54,9,11,10,54,37,11,54,54,53,36,19,54,36,37,54,19,12,11,37,38,12,37,38,37,19,20,38,19,39,38,20,13,12,38,13,38,39,40,39,21,14,13,39,14,39,40,14,40,15,51,52,7,50,51,6,5,50,6,49,50,5,49,5,4,48,49,4,51,34,52,32,33,51,50,32,51,49,32,50,33,34,51,35,53,52,49,31,32,34,35,52,36,53,35,48,31,49,30,31,48,48,4,3,47,48,3,30,48,47,29,30,47,18,34,33,18,33,32,18,32,31,18,31,30,18,30,29,35,34,18,36,35,18,19,36,18,20,19,18,28,18,29,21,20,18,27,18,28,46,29,47,28,29,46,22,21,18,26,18,27,39,20,21,2,47,3,46,47,2,25,18,26,23,22,18,18,24,23,25,24,18,45,28,46,27,28,45,40,21,22,1,46,2,45,46,1,44,27,45,26,27,44,43,26,44,25,26,43,41,40,22,41,22,23,42,23,24,41,23,42,24,25,43,42,24,43,0,45,1,44,45,0,17,43,44,17,44,0,15,40,41,16,41,42,15,41,16,17,16,42,17,42,43],"vertices":[2,16,-38.3,-17.86,0.98888,6,-24.62,-98.19,0.01112,2,16,-27.05,-28.24,0.99984,6,-12.75,-107.84,0.00016,1,16,-15.28,-35.08,1,2,16,2.13,-37.51,0.99917,6,16.95,-115.28,0.00083,2,16,27.75,-36.72,0.9503,6,42.47,-112.9,0.0497,2,16,51.32,-30.86,0.82743,6,65.62,-105.57,0.17257,2,16,69.25,-27.03,0.74195,6,83.28,-100.63,0.25805,1,6,97.86,-76.31,1,1,6,97.03,-46.57,1,1,6,88.73,-16.77,1,1,6,70.29,-3.66,1,1,6,46.45,3.35,1,1,6,16.46,1.79,1,1,6,-8.61,-6.97,1,2,16,-31.81,59.35,0.36729,6,-22.96,-20.72,0.63271,2,16,-45.24,40.9,0.61525,6,-35.22,-39.98,0.38475,2,16,-49.15,14.28,0.84884,6,-37.46,-66.78,0.15116,2,16,-45.54,-4,0.94826,6,-32.72,-84.81,0.05174,2,16,-1.88,10.97,0.90032,6,9.92,-67.15,0.09968,2,16,8.31,27.96,0.60524,6,19.04,-49.55,0.39476,2,16,1,29.2,0.61464,6,11.67,-48.77,0.38536,2,16,-6.06,28.33,0.65225,6,4.67,-50.08,0.34775,2,16,-10.84,25.45,0.70867,6,0.08,-53.25,0.29134,2,16,-14.35,19.58,0.79657,6,-3.06,-59.33,0.20343,2,16,-15.28,11.91,0.88698,6,-3.51,-67.04,0.11302,2,16,-14.36,6.69,0.93615,6,-2.27,-72.2,0.06385,2,16,-12.37,2.67,0.96727,6,-0.02,-76.08,0.03273,2,16,-9.24,-0.5,0.98716,6,3.29,-79.05,0.01284,2,16,-5.59,-1.78,0.99668,6,7.02,-80.1,0.00332,1,16,-0.74,-2.83,1,2,16,6.04,-1.78,0.983,6,18.63,-79.38,0.017,2,16,11.2,0.69,0.94171,6,23.61,-76.59,0.05829,2,16,13.03,3.01,0.91371,6,25.3,-74.16,0.08629,2,16,14.59,8.21,0.85475,6,26.54,-68.88,0.14525,2,16,14.61,13.79,0.78741,6,26.21,-63.3,0.21259,2,16,13.58,19.54,0.71247,6,24.82,-57.62,0.28753,2,16,12.08,23.93,0.65271,6,23.05,-53.34,0.34729,2,16,24.53,54.98,0.13953,6,33.54,-21.57,0.86047,2,16,5.38,56.88,0.16016,6,14.31,-20.87,0.83984,2,16,-12.01,53.03,0.29457,6,-2.81,-25.8,0.70543,2,16,-22.83,44.83,0.4674,6,-13.09,-34.65,0.5326,2,16,-31.57,31.46,0.67028,6,-20.99,-48.54,0.32972,2,16,-36.44,13.39,0.85775,6,-24.72,-66.88,0.14225,2,16,-31.89,0.68,0.94504,6,-19.38,-79.29,0.05496,2,16,-28.25,-9.91,0.98511,6,-15.1,-89.63,0.01489,2,16,-19.24,-16.07,0.99862,6,-5.71,-95.21,0.00138,1,16,-10.93,-20.15,1,2,16,0.82,-21.68,0.99948,6,14.65,-99.56,0.00052,2,16,17.88,-20.84,0.9697,6,31.63,-97.66,0.0303,2,16,32.71,-16.23,0.8908,6,46.15,-92.14,0.1092,2,16,41.23,-12.06,0.82388,6,54.39,-87.44,0.17612,2,16,48.01,2.6,0.68512,6,60.23,-72.39,0.31488,2,16,49.59,19.78,0.50352,6,60.75,-55.14,0.49648,2,16,45.35,37.17,0.30699,6,55.43,-38.05,0.69301,2,16,39.47,49.36,0.17372,6,48.8,-26.25,0.82628],"edges":[0,2,2,4,4,6,6,8,8,10,10,12,12,14,14,16,16,18,18,20,20,22,22,24,24,26,26,28,28,30,30,32,32,34,0,34,38,36,40,36,42,36,44,36,46,36,48,36,50,36,52,36,54,36,56,36,58,36,60,36,62,36,64,36,66,36,68,36,70,36,72,36,38,40,40,42,42,44,44,46,46,48,48,50,50,52,52,54,54,56,56,58,58,60,60,62,62,64,64,66,66,68,68,70,70,72,72,38,22,74,74,38,24,76,76,40,26,78,78,42,28,80,80,44,30,82,82,46,32,84,84,48,34,86,86,50,0,88,88,52,2,90,90,54,4,92,92,56,6,94,94,58,8,96,96,60,10,98,98,62,12,100,100,64,14,102,102,66,16,104,104,68,18,106,106,70,20,108,108,72,108,74,74,76,76,78,78,80,80,82,82,84,84,86,86,88,88,90,90,92,92,94,94,96,96,98,98,100,100,102,102,104,104,106,106,108]}},"chest_y":{"chest_y":{"type":"mesh","hull":21,"width":122,"height":132,"uvs":[0.05441,0.74655,0.12549,0.84099,0.241,0.93543,0.37427,0.98881,0.55864,1,0.70747,0.94159,0.84519,0.84099,0.94737,0.69112,0.98958,0.53919,1,0.377,0.9607,0.22097,0.86518,0.08958,0.70969,0.01567,0.52532,0,0.36317,0,0.22545,0.04646,0.1477,0.15322,0.08328,0.26409,0.03664,0.35442,0.00332,0.46118,0,0.59462,0.27758,0.65857,0.26067,0.78655,0.32046,0.80502,0.39129,0.7967,0.44597,0.76943,0.4837,0.72481,0.51313,0.67002,0.52285,0.61745,0.52109,0.56366,0.502,0.51481,0.47549,0.46694,0.42944,0.43264,0.36945,0.41435,0.31088,0.40235,0.25669,0.41333,0.22002,0.43462,0.185,0.47061,0.15792,0.50752,0.14598,0.56386,0.15269,0.6298,0.18272,0.69597,0.20737,0.73963,0.10414,0.72694,0.15844,0.8002,0.25017,0.86603,0.34314,0.88248,0.46524,0.88654,0.57298,0.85304,0.64269,0.77591,0.71663,0.67991,0.76789,0.57636,0.78368,0.46132,0.75568,0.35231,0.70162,0.24797,0.60553,0.17064,0.46719,0.15454,0.34181,0.16431,0.23918,0.20775,0.17681,0.2665,0.12411,0.34698,0.08778,0.41898,0.064,0.50485,0.06082,0.60864],"triangles":[31,54,53,31,55,54,31,32,55,32,56,55,32,33,56,34,57,33,33,57,56,58,34,35,59,36,60,35,59,58,34,58,57,18,17,60,53,54,10,60,17,59,58,59,16,59,17,16,54,55,12,57,58,15,56,13,55,58,16,15,57,14,56,57,15,14,6,50,7,7,51,8,8,52,9,53,10,9,54,11,10,54,12,11,55,13,12,56,14,13,5,49,6,3,47,4,4,48,5,4,47,48,2,46,3,3,46,47,48,49,5,2,1,45,2,45,46,45,1,44,46,24,47,24,25,47,47,25,48,45,23,46,46,23,24,45,22,23,45,44,22,25,26,48,48,26,49,49,50,6,0,43,1,1,43,44,24,23,21,44,42,22,42,43,41,42,44,43,25,24,21,21,23,22,22,42,21,26,27,49,49,27,50,25,21,26,0,63,43,0,20,63,42,41,21,43,40,41,43,63,40,26,21,27,41,40,21,50,51,7,27,28,50,50,28,51,27,21,28,21,29,28,21,30,29,31,21,32,31,30,21,21,33,32,21,39,38,38,37,21,37,36,21,36,35,21,21,34,33,21,35,34,63,39,40,21,40,39,28,29,51,39,63,62,63,20,62,20,19,62,51,52,8,51,29,52,39,62,38,29,30,52,52,30,53,37,38,61,38,62,61,62,19,61,36,37,60,30,31,53,52,53,9,19,18,61,37,61,60,35,36,59,61,18,60],"vertices":[2,17,-11.17,25.1,0.99587,21,89.84,11.06,0.00413,1,17,-23.93,16.86,1,1,17,-36.87,3.21,1,2,17,-44.48,-12.8,0.99923,21,105.81,58.92,0.00077,2,17,-46.73,-35.23,0.98125,21,99.18,80.46,0.01875,1,6,-32.64,36.85,1,1,6,-18.89,20.42,1,1,6,1.23,8.51,1,1,6,21.42,3.93,1,1,6,42.86,3.25,1,1,6,63.31,8.62,1,1,6,80.32,20.75,1,1,6,89.54,39.99,1,1,6,90.98,62.53,1,1,6,90.43,82.3,1,1,6,83.83,98.93,1,2,17,66.71,11.03,0.12416,21,12.61,-6.22,0.87584,2,17,52.35,19.38,0.37772,21,29.08,-8.34,0.62228,2,17,40.63,25.48,0.5787,21,42.25,-9.41,0.4213,2,17,26.69,30.03,0.7626,21,56.87,-8.19,0.2374,2,17,9.1,31.04,0.9177,21,73.47,-2.29,0.0823,2,17,-0.51,-2.51,0.99681,21,69.29,32.36,0.00319,1,17,-17.32,0.13,1,2,17,-20.01,-7.07,0.99883,21,85.49,44.14,0.00117,2,17,-19.21,-15.75,0.99019,21,81.38,51.82,0.00981,2,17,-15.84,-22.54,0.97156,21,75.64,56.77,0.02844,2,17,-10.11,-27.34,0.94109,21,68.5,58.97,0.05891,2,17,-3.01,-31.18,0.89358,21,60.46,59.75,0.10642,2,17,3.89,-32.6,0.84201,21,53.55,58.39,0.15799,2,17,10.99,-32.63,0.78138,21,47,55.66,0.21862,2,17,17.52,-30.53,0.72231,21,41.8,51.18,0.27769,2,17,23.94,-27.51,0.65529,21,37.05,45.91,0.34471,2,17,28.66,-22.05,0.6069,21,34.82,39.04,0.3931,2,17,31.33,-14.82,0.58499,21,35.17,31.35,0.41501,2,17,33.16,-7.74,0.57287,21,36.24,24.11,0.42713,2,17,31.94,-1.08,0.60951,21,39.95,18.44,0.39049,2,17,29.28,3.49,0.66401,21,44.17,15.27,0.33599,2,17,24.68,7.92,0.74405,21,50.13,12.97,0.25595,2,17,19.92,11.39,0.81448,21,55.86,11.62,0.18552,2,17,12.54,13.1,0.89913,21,63.33,12.91,0.10087,2,17,3.82,12.59,0.96694,21,71.17,16.77,0.03306,2,17,-5.04,9.23,0.99742,21,78.03,23.31,0.00258,1,17,-10.9,6.42,1,2,17,-8.8,18.95,0.99605,21,85.26,15.81,0.00395,1,17,-18.69,12.66,1,1,17,-27.76,1.77,1,2,17,-30.32,-9.49,0.99932,21,94.05,50.37,0.00068,2,17,-31.37,-24.36,0.98799,21,89.24,64.48,0.01201,2,17,-27.4,-37.64,0.95768,21,80.43,75.18,0.04232,2,17,-17.52,-46.49,0.90572,21,67.89,79.5,0.09428,2,17,-5.17,-55.95,0.8172,21,52.83,83.41,0.1828,2,17,8.28,-62.67,0.70978,21,37.83,84.39,0.29022,2,17,23.39,-65.12,0.58584,21,22.96,80.77,0.41416,2,17,37.89,-62.2,0.4628,21,10.73,72.45,0.5372,2,17,51.88,-56.08,0.3374,21,0.21,61.38,0.6626,2,17,62.48,-44.72,0.22538,21,-5.15,46.79,0.77462,2,17,65.19,-27.92,0.14714,21,-1.12,30.26,0.85286,2,17,64.43,-12.59,0.10925,21,5.54,16.43,0.89075,2,17,59.13,0.12,0.17329,21,15.36,6.78,0.82671,2,17,51.64,7.99,0.31623,21,25.32,2.43,0.68377,2,17,41.25,14.78,0.51407,21,37.53,0.21,0.48594,2,17,31.9,19.54,0.6705,21,47.99,-0.54,0.3295,2,17,20.67,22.83,0.81697,21,59.62,0.79,0.18303,2,17,6.99,23.69,0.93628,21,72.55,5.31,0.06372],"edges":[0,2,2,4,4,6,6,8,8,10,10,12,12,14,14,16,16,18,18,20,20,22,22,24,24,26,26,28,28,30,30,32,32,34,34,36,36,38,38,40,0,40,44,42,46,42,48,42,50,42,52,42,54,42,56,42,58,42,60,42,62,42,64,42,66,42,68,42,70,42,72,42,74,42,76,42,78,42,80,42,82,42,84,42,0,86,86,82,2,88,88,84,86,88,4,90,90,44,88,90,6,92,92,46,90,92,8,94,94,48,92,94,10,96,96,50,94,96,12,98,98,52,96,98,14,100,100,54,98,100,16,102,102,56,100,102,18,104,104,58,102,104,20,106,106,60,104,106,22,108,108,62,106,108,24,110,110,64,108,110,26,112,112,66,110,112,28,114,114,68,112,114,30,116,116,70,114,116,32,118,118,72,116,118,34,120,120,74,118,120,36,122,122,76,120,122,38,124,124,78,122,124,40,126,126,80,124,126,126,86,80,82,82,84,84,44,44,46,46,48,48,50,50,52,52,54,54,56,56,58,58,60,60,62,62,64,64,66,66,68,68,70,70,72,72,74,74,76,76,78,78,80]}},"decorate":{"decorate":{"x":5.24,"y":7.24,"rotation":74.45,"width":79,"height":104}},"decorate2":{"decorate2":{"type":"mesh","hull":27,"width":289,"height":199,"uvs":[0.10274,0.02212,0.04457,0.18889,0.01027,0.39464,0,0.59607,0,0.78016,0.02071,0.99891,0.1266,0.87762,0.33091,0.73685,0.43978,0.84081,0.57102,0.84514,0.67392,0.73685,0.83499,0.8473,0.98263,1,1,0.76933,1,0.58524,0.98711,0.39464,0.92894,0.16723,0.87824,0.01129,0.81709,0.25387,0.75147,0.4163,0.64708,0.52026,0.56058,0.56141,0.50689,0.48128,0.44426,0.55708,0.35179,0.5181,0.25336,0.42063,0.1788,0.26686],"triangles":[23,22,21,8,23,21,19,18,15,14,10,20,14,20,19,21,20,10,11,10,14,9,8,21,10,9,21,1,0,26,2,1,26,2,26,25,24,3,25,7,24,23,7,3,24,4,3,7,8,7,23,6,4,7,5,4,6,18,17,16,18,16,15,19,15,14,13,11,14,12,11,13,3,2,25],"vertices":[2,14,251.78,89.9,0.496,12,196.8,-268.64,0.504,2,14,288.61,84.65,0.496,12,224.26,-293.73,0.504,2,14,330.57,88.44,0.496,12,261.05,-314.26,0.504,2,14,369.47,98.52,0.496,12,298.87,-327.86,0.504,2,14,404.16,110.3,0.496,12,334.16,-337.68,0.504,2,14,443.45,129.97,0.496,12,377.71,-343.59,0.504,3,19,-100.56,-34.14,0.304,14,410.76,151.19,0.34522,12,362.66,-307.64,0.35078,3,19,-41.51,-6.12,0.304,14,365.24,198.08,0.34522,12,351.5,-243.24,0.35078,3,19,-10.05,-26.81,0.304,14,374.71,234.53,0.34522,12,379.87,-218.48,0.35078,3,19,27.88,-27.67,0.304,14,363.32,270.72,0.33965,12,390.87,-182.17,0.35635,3,19,57.62,-6.12,0.304,14,333.35,291.95,0.33965,12,378.08,-147.74,0.35635,3,19,104.17,-28.1,0.304,14,339.19,343.09,0.33965,12,411.73,-108.79,0.35635,2,14,354.24,393.27,0.488,12,452.45,-75.83,0.512,2,14,309.16,383.25,0.488,12,409.57,-58.69,0.512,2,14,274.47,371.47,0.488,12,374.28,-48.87,0.512,2,14,239.76,355.74,0.488,12,336.74,-42.29,0.512,2,14,202.32,325.27,0.488,12,288.64,-46.35,0.512,2,14,177.65,301.41,0.488,12,254.81,-52.14,0.512,3,19,99,89.99,0.304,14,229.04,300.21,0.33965,12,296.58,-82.11,0.35635,3,19,80.03,57.67,0.304,14,265.75,292.65,0.33965,12,322.63,-109.05,0.35635,3,19,49.86,36.98,0.304,14,295.04,270.74,0.33965,12,334.48,-143.66,0.35635,3,19,24.86,28.79,0.304,14,310.83,249.7,0.33965,12,335.66,-169.94,0.35635,3,19,9.35,44.74,0.31744,14,300.73,229.88,0.32256,12,316.14,-180.61,0.36,3,19,-8.75,29.65,0.304,14,320.83,217.59,0.34522,12,325.82,-202.09,0.35078,3,19,-35.48,37.41,0.304,14,322.08,189.79,0.34522,12,311.18,-225.76,0.35078,3,19,-63.92,56.8,0.304,14,312.87,156.62,0.34522,12,284.87,-247.96,0.35078,3,19,-85.47,87.41,0.304,14,290.82,126.37,0.34522,12,249.61,-260.52,0.35078],"edges":[0,2,2,4,4,6,6,8,8,10,10,12,12,14,14,16,16,18,18,20,20,22,22,24,24,26,26,28,28,30,30,32,32,34,34,36,36,38,38,40,40,42,42,44,44,46,46,48,48,50,50,52,0,52]}},"decorate3":{"decorate3":{"type":"mesh","hull":40,"width":301,"height":324,"uvs":[0.07593,0,0.01713,0.09731,0.01829,0.13373,0.00215,0.16585,0,0.23868,0,0.32864,0,0.39076,0.00906,0.51285,0.0252,0.60067,0.0448,0.681,0.09898,0.78655,0.28343,0.53273,0.31341,0.71266,0.36759,0.99218,0.59354,1,0.63505,0.71373,0.67539,0.50917,0.85639,0.79619,0.94265,0.62528,0.95763,0.53853,0.97839,0.42608,0.98069,0.34254,0.96916,0.24187,0.93573,0.13261,0.89192,0.05121,0.84927,0,0.82506,0,0.81814,0.04479,0.76511,0.10905,0.70401,0.16688,0.61986,0.2215,0.54031,0.26005,0.47575,0.27612,0.40774,0.26648,0.3305,0.23221,0.26479,0.18616,0.20715,0.13903,0.15412,0.0812,0.11031,0.03301,0.10455,0.00088],"triangles":[11,33,32,10,9,11,9,8,11,11,8,7,11,7,35,36,6,2,36,2,37,36,35,6,11,34,33,11,35,34,37,1,38,39,38,0,0,38,1,35,7,6,4,3,2,2,6,5,2,5,4,2,1,37,16,15,11,16,11,32,18,16,19,19,16,29,24,27,25,27,26,25,21,19,29,20,19,21,29,22,21,31,30,16,16,30,29,18,17,16,22,29,28,28,24,23,28,27,24,32,31,16,28,23,22,14,13,15,13,12,15,11,15,12],"vertices":[2,14,266.53,88.74,0.536,12,208.33,-277.9,0.464,2,14,302.08,82.13,0.536,12,233.96,-303.41,0.464,2,14,313.14,86.25,0.536,12,245.42,-306.24,0.464,2,14,324.56,85,0.536,12,254.15,-313.71,0.464,2,14,347.11,91.98,0.536,12,276.71,-320.66,0.464,2,14,374.7,101.35,0.536,12,304.79,-328.47,0.464,2,14,393.76,107.83,0.536,12,324.18,-333.87,0.464,2,14,430.34,123.13,0.536,12,363.02,-341.84,0.464,2,14,455.72,136.89,0.536,12,391.73,-344.79,0.464,2,14,478.46,150.84,0.536,12,418.39,-346.09,0.464,2,14,505.6,177.29,0.536,12,455.71,-339.55,0.464,2,14,409.87,203.4,0.536,12,391.36,-264.01,0.464,1,19,-41.81,-108.39,1,1,19,-25.5,-198.96,1,1,19,42.51,-201.49,1,1,19,55,-108.74,1,2,14,364.7,312.66,0.512,12,415.64,-148.3,0.488,1,19,121.63,-135.46,1,2,14,374.44,400.93,0.512,12,473.45,-80.89,0.488,2,14,346.38,396.16,0.512,12,447.58,-69.01,0.488,2,14,309.87,390.35,0.512,12,414.16,-53.22,0.488,2,14,284.02,382.3,0.512,12,388.27,-45.3,0.488,2,14,254.25,368.52,0.512,12,355.91,-39.9,0.488,2,14,223.97,347.61,0.512,12,319.11,-40.1,0.488,2,14,203.24,326.64,0.512,12,290.17,-45.73,0.488,2,14,191.66,309.15,0.512,12,270.74,-53.65,0.488,2,14,194,302.25,0.512,12,268.79,-60.67,0.488,2,14,208.41,304.94,0.512,12,282.21,-66.57,0.488,2,14,233.26,296.53,0.512,12,297.99,-87.53,0.488,2,14,256.92,285.14,0.512,12,311.11,-110.27,0.488,2,14,281.82,266.85,0.512,12,321.37,-139.42,0.488,2,14,301.35,248.2,0.512,12,326.98,-165.83,0.488,1,19,7.06,33.05,1,2,14,316.16,211.08,0.536,12,318.29,-204.83,0.464,2,14,313.12,185.5,0.536,12,301.36,-224.26,0.464,2,14,305.36,161.97,0.536,12,281.68,-239.31,0.464,2,14,296.48,140.63,0.536,12,262.32,-251.93,0.464,2,14,283.87,119.49,0.536,12,239.99,-262.28,0.464,2,14,273.33,101.98,0.536,12,221.41,-270.8,0.464,2,14,264.03,96.99,0.536,12,210.92,-269.68,0.464],"edges":[0,2,2,4,4,6,6,8,8,10,10,12,12,14,14,16,16,18,18,20,20,22,22,24,24,26,26,28,28,30,30,32,32,34,34,36,36,38,38,40,40,42,42,44,44,46,46,48,48,50,50,52,52,54,54,56,56,58,58,60,60,62,62,64,64,66,66,68,68,70,70,72,72,74,74,76,76,78,0,78]}},"decorate4":{"decorate4":{"type":"mesh","hull":26,"width":186,"height":65,"uvs":[0.80718,0,0.68228,0,0.31743,0,0.18924,0,0.05845,0,0,0.47121,0,0.7137,0.09509,0.8415,0.15464,1,0.22908,1,0.29206,0.85133,0.30237,0.69732,0.37795,0.68093,0.42032,0.51053,0.35733,0.00261,0.64477,0.00261,0.57262,0.51053,0.61614,0.67438,0.68943,0.68749,0.68943,0.83823,0.75585,1,0.84975,1,0.91662,0.83167,1,0.7432,1,0.445,0.93379,0,0.18248,0.58846,0.80542,0.5648,0.67312,0.35184,0.92395,0.41494,0.07498,0.4386,0.3203,0.32029],"triangles":[15,14,1,0,28,1,29,0,25,28,15,1,29,25,24,29,27,0,27,28,0,28,16,15,22,21,19,21,20,19,19,18,22,18,27,22,22,27,23,23,27,24,27,29,24,27,18,16,18,17,16,16,28,27,4,3,30,3,2,31,31,2,14,14,2,1,3,31,26,14,13,31,5,4,30,30,3,26,9,8,10,8,7,10,10,7,11,7,26,11,7,6,26,26,5,30,26,6,5,12,11,13,13,11,26,26,31,13],"vertices":[1,16,-45,23.91,1,1,16,-44.2,47.13,1,1,17,-43.64,-56.1,1,1,17,-42.82,-32.27,1,1,17,-41.98,-7.96,1,1,17,-72.21,3.96,1,1,17,-87.97,4.5,1,1,17,-96.88,-12.89,1,1,17,-107.56,-23.6,1,1,17,-108.03,-37.44,1,1,17,-98.78,-49.48,1,1,17,-88.84,-51.74,1,1,17,-88.26,-65.83,1,1,17,-77.46,-74.08,1,1,17,-44.06,-63.51,1,1,16,-44.13,54.11,1,1,16,-76.66,68.66,1,1,16,-87.59,60.93,1,1,16,-88.91,47.34,1,1,16,-98.7,47.68,1,1,16,-109.64,35.69,1,1,16,-110.24,18.24,1,1,16,-99.73,5.43,1,1,16,-94.52,-10.27,1,1,16,-75.15,-10.94,1,1,16,-45.81,0.37,1,1,17,-81,-29.7,1,1,16,-81.68,25.5,1,1,16,-67,49.62,1,1,16,-72.71,3.13,1,1,17,-70.58,-10.05,1,1,17,-64.46,-55.92,1],"edges":[8,10,10,12,12,14,14,16,16,18,18,20,20,22,22,24,24,26,26,28,28,30,30,32,32,34,34,36,36,38,38,40,40,42,42,44,44,46,46,48,48,50,60,8,8,6,52,6,6,4,62,4,4,2,56,2,2,0,0,50,54,0,58,50]}},"decorate5":{"decorate5":{"type":"mesh","hull":26,"width":74,"height":48,"uvs":[0,0.16796,0.00924,0.4465,0.097,0.66933,0.2054,0.82054,0.30348,0.83646,0.35252,0.93196,0.40673,0.90012,0.49965,0.97971,0.57708,0.90808,0.66483,0.94787,0.69065,0.83646,0.78873,0.80064,0.9152,0.6375,0.99263,0.41068,1,0.13214,0.75775,0.27937,0.71646,0.12816,0.63902,0,0.55901,0,0.58998,0.12021,0.49706,0.06848,0.37833,0.11225,0.42996,0,0.3009,0,0.22605,0.12021,0.18733,0.27937,0.46187,0.45741],"triangles":[15,26,19,10,8,26,11,10,26,11,26,12,15,19,16,12,26,15,19,17,16,19,18,17,9,8,10,12,15,13,13,15,14,19,21,20,7,6,8,26,8,6,19,26,21,5,4,6,4,3,2,25,24,21,2,1,25,1,0,25,24,23,21,21,23,22,26,6,4,26,4,2,2,25,26,26,25,21],"vertices":[1,17,11.52,-56.09,1,1,17,-1.86,-56.32,1,1,17,-12.77,-62.44,1,1,17,-20.3,-70.2,1,1,17,-21.32,-77.43,1,1,17,-26.03,-80.9,1,1,17,-24.64,-84.96,1,2,17,-28.69,-91.7,0.512,16,-26.92,79.35,0.488,1,16,-23.68,73.5,1,1,16,-25.81,67.08,1,1,16,-20.53,64.99,1,1,16,-19.06,57.67,1,1,16,-11.56,48.05,1,1,16,-0.88,41.95,1,1,16,12.47,40.94,1,1,16,6.02,59.1,1,1,16,13.38,61.91,1,1,16,19.73,67.42,1,1,16,19.93,73.34,1,1,16,14.09,71.25,1,2,17,15.03,-93.02,0.512,16,16.8,78.03,0.488,1,17,13.23,-84.17,1,1,17,18.48,-88.17,1,1,17,18.81,-78.62,1,1,17,13.24,-72.89,1,1,17,5.7,-69.76,1,2,17,-3.54,-89.77,0.512,16,-1.76,81.28,0.488],"edges":[0,2,2,4,4,6,6,8,8,10,10,12,12,14,14,16,16,18,18,20,20,22,22,24,24,26,26,28,28,30,30,32,32,34,34,36,36,38,38,40,40,42,42,44,44,46,46,48,48,50,0,50]}},"decorate6":{"decorate6":{"type":"mesh","hull":38,"width":56,"height":88,"uvs":[0.61582,0.12442,0.79782,0,0.85725,0,0.9241,0.18115,0.8461,0.24733,0.83125,0.29697,1,0.30642,0.92782,0.43406,0.90553,0.53806,0.93153,0.58533,0.83867,0.6397,0.8461,0.76969,0.74582,0.92569,0.66782,0.8666,0.58239,0.87369,0.65296,0.92569,0.6121,0.9966,0.51182,0.99897,0.4301,0.93279,0.34096,0.97297,0.21096,0.9706,0,0.98006,0.09582,0.86424,0.01411,0.83588,0.05125,0.77679,0.00296,0.70351,0.10325,0.67042,0.04382,0.5877,0.17011,0.54751,0.16639,0.50497,0.29639,0.48606,0.39296,0.41042,0.36325,0.32297,0.39296,0.25915,0.5081,0.28042,0.59725,0.36079,0.64553,0.29461,0.64182,0.22842,0.46585,0.56885],"triangles":[16,17,14,17,18,14,16,14,15,21,22,20,18,19,26,22,26,19,19,20,22,18,26,38,18,38,14,38,26,28,12,13,11,14,38,13,13,38,10,10,38,35,13,10,11,8,10,36,36,10,35,28,30,38,23,24,22,22,24,26,24,25,26,26,27,28,10,8,9,8,36,5,30,31,38,38,31,35,28,29,30,8,5,7,7,5,6,31,34,35,31,32,34,34,32,33,4,5,37,5,36,37,4,0,1,3,1,2,3,4,1,4,37,0],"vertices":[1,17,114.18,-13.09,1,1,17,124.77,-23.65,1,1,17,124.66,-26.98,1,1,17,108.6,-30.17,1,1,17,102.93,-25.61,1,1,17,98.59,-24.63,1,1,17,97.43,-34.04,1,1,17,86.35,-29.61,1,1,17,77.24,-28.05,1,1,17,73.03,-29.36,1,1,17,68.43,-24,1,1,17,56.99,-24.02,1,1,17,43.46,-17.94,1,1,17,48.81,-13.75,1,1,17,48.35,-8.95,1,1,17,43.64,-12.74,1,1,17,37.48,-10.24,1,1,17,37.47,-4.62,1,1,17,43.44,-0.25,1,1,17,40.08,4.86,1,1,17,40.54,12.13,1,1,17,40.12,23.97,1,1,17,50.12,18.25,1,1,17,52.77,22.74,1,1,17,57.9,20.48,1,1,17,64.43,22.96,1,1,17,67.15,17.25,1,1,17,74.54,20.33,1,1,17,77.83,13.14,1,1,17,81.58,13.22,1,1,17,82.99,5.88,1,1,17,89.46,0.25,1,1,17,97.21,1.65,1,1,17,102.76,-0.21,1,1,17,100.67,-6.59,1,1,17,93.43,-11.34,1,1,17,99.16,-14.24,1,1,17,104.98,-14.23,1,1,17,75.38,-3.35,1],"edges":[0,2,2,4,4,6,6,8,8,10,10,12,12,14,14,16,16,18,18,20,20,22,22,24,24,26,26,28,28,30,30,32,32,34,34,36,36,38,38,40,40,42,42,44,44,46,46,48,48,50,50,52,52,54,54,56,56,58,58,60,60,62,62,64,64,66,66,68,68,70,70,72,72,74,0,74]}},"decorate_Bracelet":{"decorate_Bracelet":{"x":2.44,"y":11.02,"rotation":162.03,"width":92,"height":78}},"decorate_Bracelety":{"decorate_Bracelety":{"x":-22.79,"y":-12.49,"rotation":20.56,"width":92,"height":78}},"decorate_Bracelety2":{"decorate_Bracelety2":{"x":-9.15,"y":7.3,"rotation":108.76,"width":79,"height":104}},"eye":{"eye":{"x":-0.96,"y":-0.94,"rotation":-88.4,"width":31,"height":21}},"eye_y":{"eye_y":{"x":-0.52,"y":-0.18,"rotation":-88.4,"width":31,"height":21}},"face":{"face":{"type":"mesh","hull":29,"width":133,"height":139,"uvs":[0.1115,0.09591,0.07031,0.26251,0.0778,0.38791,0.02538,0.37178,0,0.39865,0,0.48822,0.01602,0.52584,0.03849,0.62078,0.07031,0.6799,0.12273,0.67094,0.16767,0.78021,0.27064,0.87874,0.39794,0.97726,0.52151,1,0.6432,0.96652,0.77238,0.84291,0.83416,0.75513,0.86599,0.67273,0.92777,0.6799,0.96896,0.61362,0.98394,0.52584,1,0.48822,1,0.40582,0.9727,0.36283,0.92028,0.37895,0.91841,0.25534,0.87535,0.06188,0.62448,0,0.36237,0,0.25036,0.55968,0.78395,0.57544,0.32364,0.74072,0.41162,0.7366,0.4757,0.72656,0.50509,0.73961,0.53238,0.72154,0.59012,0.74062,0.67724,0.74263,0.61846,0.8059,0.56597,0.84608,0.4736,0.8511,0.41167,0.81494,0.33436,0.74022,0.10421,0.27141,0.106,0.41027,0.15438,0.64685,0.2135,0.74628,0.30846,0.85428,0.42671,0.94685,0.50913,0.96743,0.6005,0.94,0.67038,0.88342,0.74384,0.79256,0.84059,0.63828,0.89613,0.40856,0.88867,0.27417,0.84435,0.10318,0.62561,0.04572,0.35683,0.04846,0.13808,0.14148,0.51181,0.65586,0.50966,0.55695,0.47089,0.63113,0.42567,0.64556,0.39767,0.61465,0.42998,0.54252,0.44721,0.4127,0.5032,0.30761,0.56996,0.41064,0.58504,0.55283,0.61519,0.61465,0.58504,0.64762,0.55704,0.62083,0.50347,0.04696],"triangles":[12,48,49,13,49,50,12,47,48,14,50,51,48,40,49,49,39,50,49,40,39,48,47,41,48,41,40,50,39,51,39,38,51,11,46,47,40,34,39,47,31,42,52,38,37,47,46,31,36,34,35,38,36,37,35,71,36,37,36,71,32,42,63,35,34,60,32,63,33,34,33,60,37,30,53,37,70,30,29,46,45,64,31,29,71,60,72,72,60,61,71,72,70,63,64,62,60,62,61,54,20,53,67,43,59,67,66,43,55,68,67,55,57,56,57,55,67,57,67,73,67,58,73,59,0,58,54,30,68,66,29,44,58,28,73,73,27,57,27,56,57,64,65,62,62,65,61,72,69,70,72,61,69,64,29,65,70,69,30,2,43,44,54,55,24,44,29,45,53,30,54,65,29,66,65,66,61,61,68,69,30,69,68,55,56,25,68,61,67,61,66,67,68,55,54,66,44,43,43,1,59,67,59,58,53,52,37,31,46,29,37,71,70,64,42,31,63,42,64,63,62,33,33,62,60,71,35,60,45,6,44,19,53,20,17,53,19,42,41,47,52,51,38,34,41,33,34,40,41,39,34,36,39,36,38,42,32,41,41,32,33,16,52,53,9,45,46,51,52,15,20,54,21,21,54,22,22,54,24,5,2,44,18,17,19,45,7,6,13,50,14,13,12,49,11,47,12,14,51,15,10,46,11,15,52,16,10,9,46,16,53,17,8,7,9,9,7,45,6,5,44,24,23,22,2,4,3,2,5,4,43,2,1,24,55,25,1,0,59,56,26,25,26,56,27,58,0,28,73,28,27],"vertices":[1,9,108.51,53.4,1,1,9,85.21,58.23,1,1,9,67.81,56.74,1,1,9,69.86,63.77,1,1,9,66.03,67.04,1,1,9,53.59,66.7,1,1,9,48.42,64.42,1,1,9,35.31,61.07,1,1,9,27.22,56.61,1,1,9,28.65,49.67,1,1,9,13.64,43.27,1,1,9,0.33,29.2,1,1,9,-12.89,11.89,1,1,9,-15.59,-4.62,1,1,9,-10.48,-20.67,1,1,9,7.17,-37.37,1,1,9,19.6,-45.24,1,1,9,31.17,-49.15,1,1,9,30.4,-57.39,1,2,9,39.76,-62.61,0.36806,28,-39.79,-63.52,0.63194,1,9,52.01,-64.26,1,1,9,57.3,-66.25,1,1,9,68.75,-65.93,1,1,9,74.62,-62.14,1,1,9,72.19,-55.23,1,1,9,89.35,-54.5,1,1,9,116.08,-48.02,1,1,9,123.74,-14.43,1,1,9,122.77,20.42,1,1,28,-34.96,32.22,1,1,28,-35.17,-38.78,1,1,28,-59.85,21.8,1,1,28,-58.95,10.11,1,1,28,-57.31,1.62,1,1,28,-59.02,-2.34,1,1,28,-56.4,-5.9,1,1,28,-58.84,-13.66,1,1,28,-58.8,-25.26,1,1,28,-67.81,-17.68,1,1,28,-73.58,-10.85,1,1,28,-74.62,1.42,1,1,28,-69.83,9.8,1,1,28,-59.74,20.38,1,1,28,4.55,52.77,1,1,28,-14.74,52,1,1,28,-47.43,44.65,1,1,28,-61.03,36.4,1,1,28,-75.68,23.36,1,1,28,-88.1,7.28,1,1,28,-90.66,-3.76,1,1,28,-86.51,-15.8,1,1,28,-78.39,-24.87,1,1,28,-65.49,-34.29,1,1,28,-43.69,-46.55,1,1,28,-11.57,-53.04,1,1,28,7.08,-51.53,1,1,28,30.67,-44.97,1,1,28,37.84,-15.67,1,1,28,36.47,20.05,1,1,28,22.73,48.77,1,1,28,-47.36,-2.91,1,1,28,-33.62,-2.24,1,1,28,-44.07,2.63,1,1,28,-46.24,8.58,1,1,28,-42.05,12.43,1,1,28,-31.91,8.41,1,1,28,-13.81,6.63,1,1,28,1,-0.41,1,1,28,-13.07,-9.69,1,1,28,-32.77,-12.24,1,1,28,-41.25,-16.49,1,1,28,-45.94,-12.61,1,1,28,-42.32,-8.78,1,1,28,37.22,0.56,1],"edges":[0,2,2,4,4,6,6,8,8,10,10,12,12,14,14,16,16,18,18,20,20,22,22,24,24,26,26,28,28,30,30,32,32,34,34,36,36,38,38,40,40,42,42,44,44,46,46,48,48,50,50,52,52,54,54,56,0,56,64,66,66,68,68,70,70,72,72,74,74,76,76,78,78,80,80,82,62,84,84,64,82,84,86,88,88,90,90,92,92,94,94,96,96,98,98,100,100,102,102,104,104,106,106,108,108,110,110,112,112,114,116,118,118,86,68,120,120,122,120,124,124,126,126,128,128,130,130,132,122,134,136,138,138,140,140,142,142,144,144,120,114,146,146,116,134,146]}},"finger_y":{"finger_y":{"x":72.65,"y":33.45,"rotation":20.56,"width":157,"height":83}},"finger_z":{"finger_z":{"x":103.03,"y":-30.54,"rotation":162.03,"width":157,"height":83}},"hair":{"hair":{"type":"mesh","hull":29,"width":211,"height":292,"uvs":[0.48672,0,0.36488,0.0261,0.2223,0.1029,0.14452,0.21343,0.09873,0.38793,0.0507,0.57096,0,0.76417,0,0.92902,0.0849,0.99272,0.17822,1,0.27674,0.96462,0.26637,0.91216,0.2897,0.86533,0.37784,0.85035,0.50746,0.84473,0.64227,0.85222,0.74337,0.87657,0.79004,0.91216,0.82633,0.95525,0.90669,0.98897,0.96891,0.94963,1,0.88781,0.9741,0.68924,0.93615,0.54115,0.88988,0.36061,0.84448,0.18346,0.78546,0.11896,0.73819,0.06731,0.61116,0.01861,0.26557,0.78677,0.2694,0.23029,0.32853,0.15115,0.45995,0.12425,0.53223,0.12425,0.61545,0.12583,0.73373,0.2287,0.81039,0.72882,0.05914,0.78264,0.19274,0.21921,0.26283,0.12108,0.39205,0.05461,0.51251,0.0467,0.60669,0.05619,0.68992,0.09576,0.79286,0.20655,0.91114,0.71616,0.92209,0.90133,0.85419,0.72724,0.76653,0.221,0.22741,0.22661,0.12657,0.80955,0.18475,0.80394,0.10686,0.58138,0.16411,0.59258,0.26686,0.59941,0.15037,0.39791,0.196,0.40821,0.26815,0.4116,0.78874,0.5876,0.82903,0.58197,0.87629,0.56604,0.76083,0.4055,0.79735,0.39898,0.83411,0.38428,0.35347,0.17475,0.67052,0.17373,0.71315,0.16625,0.73035,0.16184,0.74387,0.15382,0.75995,0.1355],"triangles":[69,27,26,69,26,25,44,69,25,44,25,24,68,69,44,55,38,49,49,38,39,39,2,1,38,3,2,38,55,3,38,2,39,30,57,49,64,57,30,30,49,39,60,63,23,59,62,60,59,58,62,60,23,22,45,60,22,59,60,45,47,59,45,36,58,59,36,59,47,15,14,58,14,54,58,36,15,58,16,15,36,45,22,21,46,45,21,47,45,46,17,16,36,17,36,47,46,17,47,20,46,21,18,17,46,19,18,46,19,46,20,61,57,64,61,54,57,63,44,24,62,48,63,61,35,62,62,63,60,58,61,62,63,24,23,54,61,58,48,44,63,67,43,68,66,43,67,66,65,43,48,68,44,67,68,48,35,67,48,66,67,35,65,66,35,35,48,62,35,61,65,37,5,52,53,37,52,6,5,37,51,53,29,50,53,51,50,37,53,13,29,54,14,13,54,12,29,13,12,51,29,11,51,12,7,6,37,37,8,7,50,8,37,9,50,51,9,51,11,9,11,10,8,50,9,29,53,54,54,53,56,5,4,52,53,52,56,57,56,49,57,54,56,52,4,55,52,55,56,56,55,49,55,4,3,65,61,33,64,33,61,65,33,34,43,42,28,33,42,34,31,39,40,41,0,28,40,1,0,40,0,41,42,41,28,39,1,40,33,41,42,32,40,41,32,41,33,31,40,32,64,31,32,64,32,33,31,30,39,27,43,28,34,42,43,30,31,64,65,34,43,43,27,69,68,43,69],"vertices":[2,29,10.44,0.88,0.99506,30,-48.48,47.96,0.00494,1,29,2.1,26.36,1,1,38,-2.06,-14.27,1,1,38,32.91,-23.65,1,3,30,75.16,-17.19,0.168,31,9.1,-17.69,0.67891,32,-40.62,-15.47,0.15309,2,32,13.13,-23.8,0.424,33,-31.51,-21.4,0.576,1,33,24.37,-34.61,1,1,33,72.46,-36.76,1,1,33,91.84,-19.7,1,1,33,94.85,-0.12,1,2,33,85.46,21.11,0.99687,54,133.05,-111.33,0.00313,2,33,70.06,19.61,0.98305,54,117.73,-113.51,0.01695,2,33,56.62,25.14,0.92193,54,104.06,-108.59,0.07807,3,32,92.34,47.94,0.00519,33,53.08,43.91,0.74641,54,99.68,-89.99,0.2484,4,31,134.31,80.05,0.00031,32,89.78,75.21,0.0148,33,52.66,71.31,0.45145,54,98.04,-62.64,0.53345,4,31,133.96,108.58,0,32,91.01,103.72,0.00641,33,56.12,99.62,0.17823,54,100.23,-34.2,0.81536,3,32,97.4,125.28,0.00039,33,64.18,120.62,0.04011,54,107.34,-12.87,0.9595,2,33,75,129.99,0.0087,54,117.73,-3.02,0.9913,2,33,87.91,137.08,0.00093,54,130.31,4.64,0.99907,1,54,140.16,21.59,1,1,54,128.67,34.72,1,1,54,110.62,41.28,1,1,54,52.64,35.82,1,1,54,9.4,27.81,1,1,53,7.23,20.97,1,1,52,23.07,19.33,1,1,52,2.42,10.19,1,1,29,-7.73,-52.71,1,1,29,5.74,-25.52,1,1,33,33.47,21.08,1,1,55,35.21,-6.63,1,1,29,-34.61,33.01,1,1,29,-25.98,5.51,1,1,29,-25.56,-9.73,1,1,29,-25.53,-27.3,1,2,52,32.2,-5.91,0.896,53,-33.45,-9.26,0.104,1,54,64.2,1.27,1,1,33,30.32,-22.38,1,1,38,32.46,-13.35,1,1,38,1.37,-4.81,1,1,29,-6.06,20.4,1,6,29,-3.04,-4.94,0.71277,30,-35.75,55.26,0.0759,32,-143.15,68.43,0.00004,33,-180.08,82.8,0.01921,52,-27.99,-43.07,0.19077,54,-134.98,-61.58,0.00132,1,29,-5.26,-24.88,1,1,29,-16.31,-42.76,1,1,52,27.9,7.47,1,1,54,60.5,22.53,1,2,33,73.09,157.97,0.00263,54,114.57,24.84,0.99737,1,54,63.74,10.52,1,2,52,31.13,1.29,0.896,53,-35.22,-2.2,0.104,2,29,-57.23,53.72,0.52,30,24.71,3.08,0.48,1,33,38.81,-8.52,1,1,33,37.72,3.82,1,2,32,15.77,-11.85,0.424,33,-27.94,-9.7,0.576,2,32,18.64,0.33,0.424,33,-24.13,2.22,0.576,2,32,19.9,22.06,0.424,33,-21.17,23.79,0.576,3,30,76.52,-6,0.168,31,11.04,-6.58,0.67891,32,-38.08,-4.49,0.15309,3,30,78.15,3.96,0.168,31,13.18,3.28,0.67891,32,-35.39,5.24,0.15309,3,30,76.99,19.17,0.168,31,12.82,18.53,0.67891,32,-34.92,20.49,0.15309,1,54,22.96,-3.29,1,1,54,21.32,5.21,1,1,54,16.66,15.18,1,1,53,18.45,-7.09,1,1,53,17.08,0.73,1,1,53,13.32,8.76,1,6,29,-41.35,27.56,0.37939,30,5.99,27.29,0.37358,32,-104.65,36.15,0.00025,33,-144.23,47.6,0.1136,52,3.29,-82.4,0.1254,54,-97.59,-95.14,0.00779,7,29,-39.19,-39.3,0.15279,30,-3.7,93.48,0.09829,31,-63.9,96.93,0,32,-107.2,103,0.00036,33,-141.53,114.44,0.03425,52,14.15,-16.38,0.67397,54,-97.89,-28.24,0.04034,7,29,-36.75,-48.23,0.11052,30,-7.12,102.08,0.05468,31,-66.87,105.7,0,32,-109.68,111.92,0.00039,33,-143.31,123.53,0.02426,52,13.5,-7.15,0.76392,54,-100.07,-19.24,0.04624,7,29,-35.37,-51.83,0.09789,30,-8.91,105.49,0.04647,31,-68.48,109.2,0,32,-111.09,115.5,0.00029,33,-144.44,127.21,0.01943,52,12.83,-3.36,0.79756,54,-101.36,-15.61,0.03837,7,29,-32.94,-54.61,0.08759,30,-11.63,107.99,0.03972,31,-71.07,111.83,0,32,-113.53,118.27,0.00019,33,-146.65,130.16,0.01519,52,11,-0.16,0.83296,54,-103.7,-12.76,0.02435,1,52,6.29,4.08,1],"edges":[0,2,2,4,4,6,12,14,14,16,16,18,18,20,20,22,22,24,24,26,26,28,28,30,30,32,32,34,34,36,36,38,38,40,40,42,42,44,54,56,0,56,24,58,60,62,62,64,64,66,66,68,72,32,16,74,76,78,78,80,80,82,82,84,84,86,90,92,92,36,34,94,78,98,100,18,12,74,74,100,100,102,102,58,10,12,74,104,10,104,106,100,104,106,58,108,106,108,6,8,8,10,76,110,110,104,8,110,98,112,112,106,110,112,60,114,114,108,112,114,116,72,94,118,116,118,120,90,118,120,44,46,120,46,70,122,122,116,96,124,124,118,122,124,88,126,126,120,124,126,46,48,48,50,126,48,4,78,78,62,62,128,2,80,80,64,0,82,82,66,56,84,84,68,54,86,86,68,68,130,130,70,70,132,132,86,130,132,86,134,134,96,132,134,86,136,136,88,134,136,50,138,138,86,136,138,50,52,52,54,138,52]}},"hair1":{"hair1":{"type":"mesh","hull":16,"width":45,"height":214,"uvs":[0.71678,0,0.48318,0.07405,0.33393,0.2296,0.19767,0.43973,0.08087,0.65941,0,0.89547,0.18469,0.95005,0.4118,0.99644,0.57402,0.98553,0.79464,1,1,0.96233,0.96335,0.89547,0.9374,0.67392,0.90495,0.46106,1,0.10493,1,0,0.55009,0.22491,0.41477,0.43575,0.33481,0.65434,0.77153,0.23263,0.64851,0.44087,0.63006,0.66206,0.74693,0.66852,0.78999,0.44087,0.86754,0.23856],"triangles":[2,1,16,16,0,19,24,19,14,17,2,16,20,16,19,23,19,24,18,3,17,21,17,20,3,2,17,17,16,20,20,19,23,23,24,13,22,20,23,22,23,13,21,20,22,22,13,12,8,21,22,11,22,12,11,9,22,8,22,9,4,3,18,18,17,21,6,4,18,21,7,18,5,4,6,7,6,18,21,8,7,9,11,10,16,1,0,14,19,15,13,24,14,19,0,15],"vertices":[1,29,-23.04,53.41,1,1,29,-39.18,63.47,1,1,38,51,-18.27,1,1,39,24.1,-18.45,1,1,40,16.45,-20.68,1,1,40,67.09,-21.67,1,1,40,78.32,-12.77,1,1,40,87.7,-2.04,1,1,40,84.99,5.13,1,1,40,87.56,15.2,1,1,40,79.03,24.01,1,1,40,64.82,21.62,1,1,40,17.54,17.98,1,1,39,26.4,13.62,1,1,29,-45.13,40.04,1,1,29,-22.69,40.67,1,1,38,48.01,-8.96,1,1,39,22.56,-8.76,1,1,40,14.77,-9.32,1,1,38,47.56,1.13,1,1,39,22.91,1.81,1,1,40,15.73,4.03,1,1,40,16.83,9.36,1,1,39,22.46,8.16,1,1,38,47.91,5.62,1],"edges":[0,2,2,4,4,6,6,8,8,10,10,12,12,14,14,16,16,18,18,20,20,22,22,24,24,26,26,28,28,30,0,30,0,32,32,34,34,36,36,12,30,38,38,40,40,42,42,14,16,44,44,46,46,48,48,28,4,32,32,38,38,48,6,34,34,40,40,46,46,26,8,36,36,42,42,44,44,24]}},"hair2":{"hair2":{"x":28.99,"y":1.63,"rotation":92.14,"width":38,"height":64}},"hair3":{"hair3":{"type":"mesh","hull":34,"width":45,"height":214,"uvs":[0.0026,0.1054,0.01623,0.16964,0.02272,0.20017,0.05504,0.35243,0.0572,0.37799,0.06933,0.52171,0.07353,0.57144,0.07635,0.60486,0.08651,0.72518,0,0.75385,0,0.96007,0.27531,1,0.44313,0.9722,0.56798,0.99484,0.73716,0.95781,1,0.90028,1,0.68131,0.92298,0.66339,0.90145,0.50565,0.84465,0.46683,0.78785,0.40711,0.75945,0.29962,0.69791,0.27672,0.65531,0.16127,0.60798,0.13738,0.53225,0.07865,0.44544,0.04864,0.38785,0.02872,0.31925,0.005,0.26647,0.00809,0.14473,0.01521,0.15359,0.04689,0.15893,0.06597,0,0.07194,0.47298,0.72388,0.4449,0.51131,0.37751,0.31999,0.28765,0.73215,0.24272,0.51957,0.2034,0.34243,0.73695,0.69436,0.65271,0.4617,0.55723,0.29637,0.3045,0.03655,0.25259,0.56628,0.45008,0.55047,0.6693,0.50752,0.26045,0.60345,0.45536,0.59048,0.68817,0.55966,0.28645,0.75825,0.46948,0.75301,0.73698,0.73102,0.20998,0.37206,0.38877,0.35194,0.575,0.32713,0.07343,0.16959,0.24205,0.16257,0.41779,0.15302,0.09443,0.19752,0.26667,0.19118,0.44317,0.17911,0.02492,0.10509,0.18637,0.09787,0.35609,0.08959,0.32697,0.05966],"triangles":[62,33,32,32,31,43,31,29,43,43,29,28,31,30,29,11,50,12,11,10,50,52,14,13,13,12,51,12,50,51,10,9,50,13,51,52,14,52,15,52,16,15,9,8,50,50,37,51,50,8,37,51,34,52,51,37,34,34,40,52,8,47,37,37,48,34,37,47,48,52,17,16,52,40,17,8,7,47,34,49,40,34,48,49,17,40,18,40,49,18,7,44,47,7,6,44,47,45,48,47,44,45,48,46,49,48,45,46,6,38,44,6,5,38,44,35,45,44,38,35,49,19,18,49,46,19,45,41,46,45,35,41,5,53,38,5,4,53,38,54,35,38,53,54,35,55,41,35,54,55,46,20,19,46,41,20,41,21,20,41,55,21,4,39,53,4,3,39,53,36,54,53,39,36,54,42,55,3,59,39,3,2,59,54,36,42,39,60,36,39,59,60,55,22,21,55,42,22,36,61,42,36,60,61,42,23,22,42,61,23,2,56,59,2,1,56,59,57,60,59,56,57,60,58,61,60,57,58,61,24,23,61,58,24,1,62,56,1,0,62,56,63,57,56,62,63,57,64,58,57,63,64,58,25,24,58,64,25,0,33,62,62,32,63,63,65,64,63,32,65,64,26,25,64,65,26,32,43,65,65,27,26,65,43,27,43,28,27],"vertices":[1,34,8.9,-14.34,1,1,34,22.59,-15.73,1,1,34,29.09,-16.39,1,2,34,61.54,-19.67,0.38506,35,6.54,-19.44,0.61494,2,34,66.97,-20.37,0.17806,35,12,-19.87,0.82194,2,35,42.66,-22.29,0.55126,36,-0.68,-22.4,0.44874,3,35,53.27,-23.13,0.18279,36,9.96,-22.46,0.81721,37,-29.92,-24.45,0,3,35,60.4,-23.69,0.05593,36,17.12,-22.5,0.93645,37,-22.79,-24.03,0.00762,2,36,42.87,-22.64,0.38676,37,2.92,-22.5,0.61324,2,36,48.91,-26.68,0.17895,37,9.21,-26.13,0.82105,1,37,53.31,-24.3,1,1,37,61.33,-11.56,1,1,37,55.07,-4.27,1,1,37,59.68,1.55,1,1,37,51.44,8.83,1,1,37,38.65,20.13,1,2,36,34.44,18.67,0.76689,37,-8.17,18.18,0.23311,2,36,30.52,15.3,0.90412,37,-11.86,14.56,0.09588,2,35,42.85,15.31,0.62964,36,-3.25,15.11,0.37036,3,34,90.92,11.94,0.00003,35,34.33,13.57,0.94715,36,-11.61,12.75,0.05282,2,34,77.9,11.26,0.04289,35,21.37,12.25,0.95711,2,34,54.96,13.33,0.7049,35,-1.65,13.2,0.2951,2,34,49.71,11.3,0.78455,35,-6.8,10.91,0.21545,1,34,24.98,12.99,1,1,34,19.62,11.62,1,1,34,6.69,10.07,1,1,34,-0.23,7.14,1,1,34,-4.83,5.19,1,1,29,-20.92,-60.69,1,1,29,-21.65,-58.33,1,1,29,-23.33,-52.9,1,1,29,-30.09,-53.49,1,1,29,-34.17,-53.84,1,1,29,-35.65,-46.73,1,2,36,43,-5.25,0.33129,37,1.92,-5.13,0.66871,2,35,42.07,-5.26,0.76229,36,-2.51,-5.45,0.23771,2,34,56.78,-4.31,0.77576,35,1.03,-4.33,0.22424,2,36,44.57,-13.63,0.33915,37,4.04,-13.39,0.66085,2,35,42.96,-14.48,0.57122,36,-0.96,-14.59,0.42878,2,34,60.39,-12.75,0.43073,35,5.05,-12.59,0.56927,2,36,36.95,6.77,0.84968,37,-4.89,6.47,0.15032,2,35,32.41,5.07,0.99955,36,-12.91,4.14,0.00045,2,34,52.95,4.43,0.69483,35,-3.22,4.21,0.30517,1,34,-3.71,1.24,1,2,35,52.95,-15,0.16851,36,9.05,-14.38,0.83149,2,35,50.44,-5.83,0.10714,36,5.87,-5.42,0.89286,2,35,42.24,4.87,0.79777,36,-3.09,4.66,0.20223,3,35,60.9,-15.42,0.03753,36,17.01,-14.21,0.95935,37,-23.43,-15.76,0.00313,2,35,58.98,-6.42,0.00916,36,14.44,-5.38,0.99084,2,35,53.43,4.64,0.01915,36,8.09,5.25,0.98085,2,36,50.15,-13.81,0.14718,37,9.62,-13.22,0.85282,2,36,49.22,-5.55,0.0504,37,8.16,-5.03,0.9496,2,36,44.8,6.59,0.23493,37,2.95,6.8,0.76507,2,34,66.71,-13.38,0.16048,35,11.39,-12.91,0.83952,2,34,63.62,-4.8,0.05378,35,7.88,-4.49,0.94622,2,34,59.58,4.26,0.65409,35,3.41,4.37,0.34591,1,34,22.95,-13.18,1,1,34,22.56,-5.45,1,1,34,21.69,2.67,1,1,34,29,-13.11,1,1,34,28.78,-5.24,1,1,34,27.38,2.99,1,1,34,8.97,-13.34,1,1,34,8.5,-5.92,1,1,34,7.85,1.89,1,1,34,1.33,1.52,1],"edges":[16,18,18,20,20,22,22,24,24,26,30,32,32,34,34,36,36,38,38,40,40,42,42,44,44,46,46,48,48,50,64,66,0,66,26,28,28,30,16,74,74,68,68,80,80,34,10,76,76,70,70,82,82,40,10,12,88,76,12,88,90,70,88,90,92,82,90,92,92,38,12,14,14,16,74,94,94,88,14,94,68,96,96,90,94,96,80,98,98,92,96,98,98,36,22,100,100,74,18,100,24,102,102,68,100,102,28,104,104,80,102,104,104,32,6,8,8,10,76,106,106,78,8,106,70,108,108,72,106,108,82,110,110,84,108,110,110,42,0,2,2,112,112,114,114,116,116,48,2,4,4,6,78,118,118,112,4,118,72,120,120,114,118,120,84,122,122,116,120,122,122,46,66,124,124,112,64,126,126,114,124,126,128,116,126,128,128,50,56,58,58,60,86,58,60,62,62,64,62,86,54,56,86,54,86,130,130,128,64,130,50,52,52,54,130,52]}},"horse":{"horse":{"x":5.17,"y":6.66,"rotation":-88.4,"width":206,"height":88}},"horse2":{"horse2":{"x":2.7,"y":4.21,"rotation":-88.4,"width":105,"height":62}},"kuang":{"waikuang3":{"x":195.77,"y":-177.95,"scaleY":3.726,"width":408,"height":336}},"mask_all":{"mask_all2":{"type":"clipping","end":"kuang","vertexCount":4,"color":"ce3a3aff","vertices":[-63.97,5.87,64.18,3.66,62.55,557.92,-64.76,556.84]}},"mask_saoguang":{"mask_saoguang":{"type":"clipping","end":"mask_saoguang","vertexCount":59,"color":"ce3a3aff","vertices":[-58.42,13.1,-46.98,-16.93,-44.67,-19.36,-39.62,-19.36,-37.7,-17.94,-35.07,-12.59,-32.35,-17.44,-30.43,-19.46,-25.88,-19.36,-23.86,-17.03,-13.26,9.43,-12.65,-16.63,-10.93,-19.16,-8.31,-19.56,-3.16,-19.46,1.49,-16.23,2.8,-17.64,6.24,-20.17,22.02,-20.37,25.45,-18.95,28.89,-9.36,29.19,-15.52,32.42,-18.15,38.38,-19.56,43.63,-19.46,60.34,-1.94,61.15,1.09,60.34,3.41,44.55,19.23,37.97,19.13,30.09,17.11,28.88,14.99,28.78,-6.42,26.96,-5.21,18.27,-4.9,18.48,15.09,16.23,18.07,12.7,18.98,3.71,16.86,2.19,14.74,1.69,17.87,-0.03,19.69,-8.72,19.08,-11.95,17.67,-13.26,16.36,-13.36,13.93,-20.84,19.39,-23.46,19.89,-26.8,17.67,-29.42,11.1,-32.86,16.56,-37.6,16.96,-39.72,14.84,-40.23,12.32,-43.66,18.48,-45.78,19.89,-48.71,19.18,-56.49,16.86,-58.21,15.35]}},"ren":{"mengbang":{"x":17.66,"y":-522.39,"scaleX":1.37,"scaleY":1.624,"width":293,"height":720}},"saoguang_1":{"saoguang_1":{"x":-32.5,"y":-3,"width":94,"height":69}},"shangyi":{"shangyi":{"type":"mesh","hull":32,"width":242,"height":248,"uvs":[0.22969,0.02007,0.18992,0,0.10747,0.17166,0.02694,0.36437,0.01736,0.5103,0.06146,0.66746,0.18225,0.79095,0.31838,0.89198,0.49286,0.97805,0.69802,0.8845,0.83223,0.75727,0.93194,0.6394,0.98562,0.48598,0.96453,0.33817,0.91468,0.17727,0.79389,0,0.76208,0,0.7402,0,0.71336,0.12863,0.71911,0.27456,0.69418,0.40927,0.652,0.54398,0.61749,0.6394,0.57147,0.74792,0.50628,0.86017,0.42767,0.77598,0.37782,0.6525,0.34139,0.5365,0.3203,0.42611,0.31455,0.33069,0.31646,0.17353,0.27428,0.04256,0.18385,0.17234,0.12366,0.35304,0.10704,0.48538,0.14274,0.62943,0.24792,0.74446,0.36497,0.84253,0.49749,0.9374,0.65867,0.84203,0.75784,0.71644,0.83499,0.60636,0.88754,0.46016,0.8983,0.32101,0.85308,0.16239,0.24123,0.17286,0.21434,0.34242,0.22046,0.45386,0.24362,0.58224,0.31385,0.69778,0.39517,0.81048,0.50293,0.88966,0.61802,0.79816,0.68633,0.67719,0.73629,0.57271,0.79251,0.43515,0.80851,0.29773,0.78016,0.14477],"triangles":[56,57,44,19,18,57,14,43,44,43,14,13,43,56,44,53,54,40,53,22,54,10,40,41,10,41,11,40,54,41,21,20,54,41,42,11,54,55,41,11,42,12,41,55,42,54,20,55,55,20,56,42,55,43,42,13,12,54,22,21,20,19,56,42,43,13,55,56,43,19,57,56,9,40,10,40,52,53,23,22,53,9,39,40,40,39,52,52,23,53,9,38,39,39,51,52,24,23,52,51,24,52,49,26,25,36,49,37,6,36,7,33,2,32,46,32,45,29,45,30,49,48,26,48,27,26,5,4,35,4,3,34,5,35,6,33,32,46,35,34,48,34,47,48,34,33,47,34,3,33,33,46,47,47,46,28,46,29,28,47,28,27,3,2,33,46,45,29,4,34,35,48,47,27,35,48,36,6,35,36,36,48,49,7,36,37,37,49,50,50,49,25,38,7,37,51,37,50,50,25,24,51,50,24,8,7,38,38,37,51,9,8,38,39,38,51,45,31,30,45,32,0,32,2,1,57,18,17,14,44,15,44,57,16,44,16,15,16,57,17,31,45,0,0,32,1],"vertices":[1,6,132.78,71.2,1,1,6,137.49,80.96,1,2,6,94.37,99.72,0.248,17,91.04,1.19,0.752,1,17,43.94,22.32,1,1,17,7.85,25.88,1,1,17,-31.47,16.56,1,1,17,-63.08,-11.6,1,2,17,-89.26,-43.66,0.544,16,-87.48,127.39,0.456,2,17,-112.04,-85.12,0.544,16,-110.27,85.93,0.456,1,17,-90.57,-135.54,1,1,16,-58.38,1.96,1,1,16,-30,-23.16,1,1,16,7.58,-37.46,1,1,16,44.39,-33.62,1,2,6,98.44,-95.59,0.272,16,84.69,-22.94,0.728,1,6,141.57,-65.14,1,1,6,141.35,-57.45,1,1,6,141.2,-52.15,1,2,6,109.14,-46.55,0.272,16,98.42,25.34,0.728,1,16,62.21,25.2,1,1,16,29.03,32.37,1,1,16,-4.01,43.73,1,1,16,-27.37,52.89,1,1,17,-55.66,-106.1,1,2,17,-82.94,-89.38,0.544,16,-81.17,81.67,0.456,2,17,-61.42,-71.08,0.544,16,-59.64,99.97,0.456,1,17,-30.4,-60.08,1,1,17,-1.34,-52.26,1,1,17,26.19,-48.11,1,1,17,49.89,-47.53,1,2,6,95.32,49.15,0.248,17,88.83,-49.34,0.752,1,6,127.51,60.26,1,2,6,94.72,81.24,0.248,17,90.23,-17.27,0.752,1,17,45.94,-1.17,1,1,17,13.28,3.98,1,1,17,-22.72,-3.43,1,1,17,-52.1,-27.88,1,2,17,-77.39,-55.35,0.544,16,-75.61,115.7,0.456,2,17,-102.01,-86.59,0.544,16,-100.23,84.46,0.456,1,17,-79.71,-126.39,1,1,16,-47.64,19.6,1,1,16,-21,0,1,1,16,14.8,-13.95,1,1,16,49.2,-17.75,1,2,6,101.71,-80.58,0.272,16,88.89,-8.16,0.728,2,6,94.98,67.35,0.248,17,89.62,-31.15,0.752,1,17,47.82,-23.2,1,1,17,20.15,-23.72,1,1,17,-11.86,-28.23,1,1,17,-41.09,-44.22,1,2,17,-69.7,-62.93,0.544,16,-67.92,108.12,0.456,2,17,-90.22,-88.31,0.544,16,-88.44,82.74,0.456,1,17,-68.5,-116.93,1,1,16,-37.31,36.56,1,1,16,-11.84,23.59,1,1,16,21.79,8.82,1,1,16,55.72,3.77,1,2,6,105.59,-62.82,0.272,16,93.87,9.32,0.728],"edges":[2,4,4,6,6,8,8,10,10,12,12,14,14,16,16,18,18,20,20,22,22,24,24,26,26,28,28,30,34,36,36,38,38,40,40,42,42,44,44,46,46,48,48,50,50,52,52,54,54,56,56,58,58,60,60,62,2,0,0,62,4,64,0,64,6,66,64,66,8,68,66,68,10,70,68,70,12,72,70,72,14,74,72,74,16,76,74,76,18,78,76,78,20,80,78,80,22,82,80,82,24,84,82,84,26,86,84,86,28,88,86,88,30,32,32,34,88,32,60,90,90,64,62,90,58,92,92,66,90,92,56,94,94,68,92,94,54,96,96,70,94,96,52,98,98,72,96,98,50,100,100,74,98,100,48,102,102,76,100,102,46,104,104,78,102,104,44,106,106,80,104,106,42,108,108,82,106,108,40,110,110,84,108,110,38,112,112,86,110,112,36,114,114,88,112,114,114,34]}},"top":{"top":{"type":"mesh","hull":27,"width":144,"height":94,"uvs":[0.04848,0.70513,0.10035,0.97268,0.14012,0.97395,0.20789,0.97612,0.3097,0.97939,0.4007,0.9823,0.54858,0.98704,0.61203,0.98908,0.7148,0.99237,0.80067,0.99512,0.88865,0.99794,0.95283,1,0.95456,0.71043,1,0.69454,0.96666,0.4217,0.90441,0.4111,0.82833,0.25746,0.75743,0.1621,0.61391,0.10383,0.55339,0,0.39604,0,0.32341,0.13031,0.17989,0.19389,0.12456,0.2866,0.09171,0.4058,0.03291,0.40845,0,0.69983],"triangles":[12,14,13,12,15,14,12,10,15,0,25,24,26,25,0,0,24,1,9,8,16,15,10,9,11,10,12,6,5,19,6,18,7,21,5,4,8,7,17,2,1,24,2,23,3,3,22,4,17,16,8,21,4,22,19,18,6,19,5,20,5,21,20,7,18,17,23,2,24,22,3,23,16,15,9],"vertices":[1,38,41.47,-11.13,1,2,55,67.38,-9.5,0.99991,56,67.24,-60.7,0.00009,2,55,66.51,-3.84,0.99369,56,67.23,-54.97,0.00631,2,55,65.02,5.81,0.9261,56,67.21,-45.21,0.0739,2,55,62.79,20.3,0.64065,56,67.19,-30.54,0.35935,2,55,60.79,33.26,0.31495,56,67.17,-17.44,0.68505,3,55,57.55,54.31,0.01365,56,67.13,3.86,0.90132,51,58.23,-42.77,0.08504,2,56,67.12,13,0.74544,51,60.05,-33.81,0.25456,2,56,67.1,27.8,0.36601,51,63,-19.31,0.63399,2,56,67.08,40.17,0.11126,51,65.47,-7.19,0.88874,2,56,67.05,52.84,0.01016,51,67.99,5.23,0.98984,1,51,69.84,14.29,1,1,34,31.16,4.98,1,1,34,30.63,11.67,1,1,34,4.55,10.64,1,1,34,2.27,1.91,1,1,29,-19.34,-50.55,1,1,29,-10.66,-40.1,1,1,29,-5.76,-19.29,1,1,29,3.75,-10.3,1,1,29,3.12,12.35,1,1,29,-9.42,22.46,1,1,29,-15.97,42.95,1,1,29,-24.91,50.67,1,1,38,12.65,-10.85,1,1,38,14.65,-19.09,1,1,38,42.42,-18.06,1],"edges":[0,2,22,24,24,26,26,28,28,30,30,32,32,34,34,36,36,38,38,40,40,42,42,44,44,46,46,48,48,50,50,52,0,52,42,8,6,8,44,6,2,4,4,6,46,4,48,2,8,10,40,10,10,12,38,12,12,14,36,14,14,16,34,16,16,18,32,18,18,20,20,22,30,20]}},"waikuang":{"waikuang":{"x":-0.11,"y":77.52,"width":408,"height":189}},"waikuang2":{"waikuang":{"y":97.52,"scaleY":-1,"width":408,"height":189}},"wild2":{"wild":{"x":1.4,"y":0.05,"scaleX":1.279,"scaleY":1.279,"width":100,"height":38}}}},"animations":{"dynamic":{"slots":{"saoguang_1":{"color":[{"time":0,"color":"ffffff00"},{"time":0.1667,"color":"ffffff90","curve":"stepped"},{"time":1.1667,"color":"ffffff90"},{"time":1.2,"color":"ffffff00"}]}},"bones":{"ren":{"scale":[{"time":0,"x":1,"y":1},{"time":0.3333,"x":1.042,"y":1.042,"curve":"stepped"},{"time":1.6667,"x":1.042,"y":1.042},{"time":2,"x":0.92,"y":0.92,"curve":[0.25,0,0.75,1]},{"time":2.3333,"x":1,"y":1}]},"wild2":{"scale":[{"time":0.1667,"x":1,"y":1,"curve":[0.25,0,0.75,1]},{"time":1,"x":1.074,"y":1.074,"curve":[0.375,0.5,0.75,1]},{"time":2,"x":1,"y":1}]},"saoguang_1":{"translate":[{"time":0,"x":0,"y":0,"curve":"stepped"},{"time":0.1667,"x":0,"y":0,"curve":[0.25,0,0.75,1]},{"time":1.1667,"x":186.73,"y":0}]},"kuang2":{"translate":[{"time":0,"x":0,"y":0}]},"mask":{"translate":[{"time":0,"x":0,"y":0}]},"hair11":{"rotate":[{"time":0,"angle":0},{"time":0.4333,"angle":4.79},{"time":0.9,"angle":-3.43},{"time":1.3333,"angle":0},{"time":1.7667,"angle":4.79},{"time":2.2,"angle":-3.43},{"time":2.6667,"angle":0},{"time":3.1,"angle":4.79},{"time":3.5333,"angle":-3.43},{"time":4,"angle":0},{"time":4.4333,"angle":4.79},{"time":4.9,"angle":-3.43},{"time":5.3333,"angle":0},{"time":5.7667,"angle":4.79},{"time":6.2,"angle":-3.43},{"time":6.6667,"angle":0},{"time":7.1,"angle":4.79},{"time":7.5333,"angle":-3.43},{"time":8,"angle":0},{"time":8.4333,"angle":4.79},{"time":8.9,"angle":-3.43},{"time":9.3333,"angle":0},{"time":9.7667,"angle":4.79},{"time":10.2,"angle":-3.43},{"time":10.6667,"angle":0},{"time":11.1,"angle":4.79},{"time":11.5333,"angle":-3.43},{"time":12,"angle":0}]},"hair12":{"rotate":[{"time":0,"angle":0},{"time":0.4333,"angle":4.79},{"time":0.9,"angle":-3.43},{"time":1.3333,"angle":0},{"time":1.7667,"angle":4.79},{"time":2.2,"angle":-3.43},{"time":2.6667,"angle":0},{"time":3.1,"angle":4.79},{"time":3.5333,"angle":-3.43},{"time":4,"angle":0},{"time":4.4333,"angle":4.79},{"time":4.9,"angle":-3.43},{"time":5.3333,"angle":0},{"time":5.7667,"angle":4.79},{"time":6.2,"angle":-3.43},{"time":6.6667,"angle":0},{"time":7.1,"angle":4.79},{"time":7.5333,"angle":-3.43},{"time":8,"angle":0},{"time":8.4333,"angle":4.79},{"time":8.9,"angle":-3.43},{"time":9.3333,"angle":0},{"time":9.7667,"angle":4.79},{"time":10.2,"angle":-3.43},{"time":10.6667,"angle":0},{"time":11.1,"angle":4.79},{"time":11.5333,"angle":-3.43},{"time":12,"angle":0}]},"top4":{"rotate":[{"time":0,"angle":0,"curve":[0.25,0,0.75,1]},{"time":0.4333,"angle":3.2,"curve":[0.25,0,0.75,1]},{"time":0.9,"angle":-2.83,"curve":[0.25,0,0.75,1]},{"time":1.3333,"angle":0,"curve":[0.25,0,0.75,1]},{"time":1.7667,"angle":3.2,"curve":[0.25,0,0.75,1]},{"time":2.2,"angle":-2.83,"curve":[0.25,0,0.75,1]},{"time":2.6667,"angle":0,"curve":[0.25,0,0.75,1]},{"time":3.1,"angle":3.2,"curve":[0.25,0,0.75,1]},{"time":3.5333,"angle":-2.83,"curve":[0.25,0,0.75,1]},{"time":4,"angle":0,"curve":[0.25,0,0.75,1]},{"time":4.4333,"angle":3.2,"curve":[0.25,0,0.75,1]},{"time":4.9,"angle":-2.83,"curve":[0.25,0,0.75,1]},{"time":5.3333,"angle":0,"curve":[0.25,0,0.75,1]},{"time":5.7667,"angle":3.2,"curve":[0.25,0,0.75,1]},{"time":6.2,"angle":-2.83,"curve":[0.25,0,0.75,1]},{"time":6.6667,"angle":0,"curve":[0.25,0,0.75,1]},{"time":7.1,"angle":3.2,"curve":[0.25,0,0.75,1]},{"time":7.5333,"angle":-2.83,"curve":[0.25,0,0.75,1]},{"time":8,"angle":0,"curve":[0.25,0,0.75,1]},{"time":8.4333,"angle":3.2,"curve":[0.25,0,0.75,1]},{"time":8.9,"angle":-2.83,"curve":[0.25,0,0.75,1]},{"time":9.3333,"angle":0,"curve":[0.25,0,0.75,1]},{"time":9.7667,"angle":3.2,"curve":[0.25,0,0.75,1]},{"time":10.2,"angle":-2.83,"curve":[0.25,0,0.75,1]},{"time":10.6667,"angle":0,"curve":[0.25,0,0.75,1]},{"time":11.1,"angle":3.2,"curve":[0.25,0,0.75,1]},{"time":11.5333,"angle":-2.83,"curve":[0.25,0,0.75,1]},{"time":12,"angle":0}]},"top5":{"rotate":[{"time":0,"angle":0,"curve":[0.25,0,0.75,1]},{"time":0.4333,"angle":3.2,"curve":[0.25,0,0.75,1]},{"time":0.9,"angle":-2.83,"curve":[0.25,0,0.75,1]},{"time":1.3333,"angle":0,"curve":[0.25,0,0.75,1]},{"time":1.7667,"angle":3.2,"curve":[0.25,0,0.75,1]},{"time":2.2,"angle":-2.83,"curve":[0.25,0,0.75,1]},{"time":2.6667,"angle":0,"curve":[0.25,0,0.75,1]},{"time":3.1,"angle":3.2,"curve":[0.25,0,0.75,1]},{"time":3.5333,"angle":-2.83,"curve":[0.25,0,0.75,1]},{"time":4,"angle":0,"curve":[0.25,0,0.75,1]},{"time":4.4333,"angle":3.2,"curve":[0.25,0,0.75,1]},{"time":4.9,"angle":-2.83,"curve":[0.25,0,0.75,1]},{"time":5.3333,"angle":0,"curve":[0.25,0,0.75,1]},{"time":5.7667,"angle":3.2,"curve":[0.25,0,0.75,1]},{"time":6.2,"angle":-2.83,"curve":[0.25,0,0.75,1]},{"time":6.6667,"angle":0,"curve":[0.25,0,0.75,1]},{"time":7.1,"angle":3.2,"curve":[0.25,0,0.75,1]},{"time":7.5333,"angle":-2.83,"curve":[0.25,0,0.75,1]},{"time":8,"angle":0,"curve":[0.25,0,0.75,1]},{"time":8.4333,"angle":3.2,"curve":[0.25,0,0.75,1]},{"time":8.9,"angle":-2.83,"curve":[0.25,0,0.75,1]},{"time":9.3333,"angle":0,"curve":[0.25,0,0.75,1]},{"time":9.7667,"angle":3.2,"curve":[0.25,0,0.75,1]},{"time":10.2,"angle":-2.83,"curve":[0.25,0,0.75,1]},{"time":10.6667,"angle":0,"curve":[0.25,0,0.75,1]},{"time":11.1,"angle":3.2,"curve":[0.25,0,0.75,1]},{"time":11.5333,"angle":-2.83,"curve":[0.25,0,0.75,1]},{"time":12,"angle":0}]},"hair10":{"rotate":[{"time":0,"angle":0},{"time":0.4333,"angle":-0.85},{"time":0.9,"angle":-5.4},{"time":1.3333,"angle":0},{"time":1.7667,"angle":-0.85},{"time":2.2,"angle":-5.4},{"time":2.6667,"angle":0},{"time":3.1,"angle":-0.85},{"time":3.5333,"angle":-5.4},{"time":4,"angle":0},{"time":4.4333,"angle":-0.85},{"time":4.9,"angle":-5.4},{"time":5.3333,"angle":0},{"time":5.7667,"angle":-0.85},{"time":6.2,"angle":-5.4},{"time":6.6667,"angle":0},{"time":7.1,"angle":-0.85},{"time":7.5333,"angle":-5.4},{"time":8,"angle":0},{"time":8.4333,"angle":-0.85},{"time":8.9,"angle":-5.4},{"time":9.3333,"angle":0},{"time":9.7667,"angle":-0.85},{"time":10.2,"angle":-5.4},{"time":10.6667,"angle":0},{"time":11.1,"angle":-0.85},{"time":11.5333,"angle":-5.4},{"time":12,"angle":0}]},"top3":{"rotate":[{"time":0,"angle":0,"curve":[0.25,0,0.75,1]},{"time":0.4333,"angle":-0.74,"curve":[0.25,0,0.75,1]},{"time":0.9,"angle":-4.8,"curve":[0.25,0,0.75,1]},{"time":1.3333,"angle":0,"curve":[0.25,0,0.75,1]},{"time":1.7667,"angle":-0.74,"curve":[0.25,0,0.75,1]},{"time":2.2,"angle":-4.8,"curve":[0.25,0,0.75,1]},{"time":2.6667,"angle":0,"curve":[0.25,0,0.75,1]},{"time":3.1,"angle":-0.74,"curve":[0.25,0,0.75,1]},{"time":3.5333,"angle":-4.8,"curve":[0.25,0,0.75,1]},{"time":4,"angle":0,"curve":[0.25,0,0.75,1]},{"time":4.4333,"angle":-0.74,"curve":[0.25,0,0.75,1]},{"time":4.9,"angle":-4.8,"curve":[0.25,0,0.75,1]},{"time":5.3333,"angle":0,"curve":[0.25,0,0.75,1]},{"time":5.7667,"angle":-0.74,"curve":[0.25,0,0.75,1]},{"time":6.2,"angle":-4.8,"curve":[0.25,0,0.75,1]},{"time":6.6667,"angle":0,"curve":[0.25,0,0.75,1]},{"time":7.1,"angle":-0.74,"curve":[0.25,0,0.75,1]},{"time":7.5333,"angle":-4.8,"curve":[0.25,0,0.75,1]},{"time":8,"angle":0,"curve":[0.25,0,0.75,1]},{"time":8.4333,"angle":-0.74,"curve":[0.25,0,0.75,1]},{"time":8.9,"angle":-4.8,"curve":[0.25,0,0.75,1]},{"time":9.3333,"angle":0,"curve":[0.25,0,0.75,1]},{"time":9.7667,"angle":-0.74,"curve":[0.25,0,0.75,1]},{"time":10.2,"angle":-4.8,"curve":[0.25,0,0.75,1]},{"time":10.6667,"angle":0,"curve":[0.25,0,0.75,1]},{"time":11.1,"angle":-0.74,"curve":[0.25,0,0.75,1]},{"time":11.5333,"angle":-4.8,"curve":[0.25,0,0.75,1]},{"time":12,"angle":0}]},"hair2":{"rotate":[{"time":0,"angle":0,"curve":[0.25,0,0.75,1]},{"time":0.4333,"angle":3.28,"curve":[0.25,0,0.75,1]},{"time":0.9,"angle":1.15,"curve":[0.25,0,0.75,1]},{"time":1.3333,"angle":0,"curve":[0.25,0,0.75,1]},{"time":1.7667,"angle":3.28,"curve":[0.25,0,0.75,1]},{"time":2.2,"angle":1.15,"curve":[0.25,0,0.75,1]},{"time":2.6667,"angle":0,"curve":[0.25,0,0.75,1]},{"time":3.1,"angle":3.28,"curve":[0.25,0,0.75,1]},{"time":3.5333,"angle":1.15,"curve":[0.25,0,0.75,1]},{"time":4,"angle":0,"curve":[0.25,0,0.75,1]},{"time":4.4333,"angle":3.28,"curve":[0.25,0,0.75,1]},{"time":4.9,"angle":1.15,"curve":[0.25,0,0.75,1]},{"time":5.3333,"angle":0,"curve":[0.25,0,0.75,1]},{"time":5.7667,"angle":3.28,"curve":[0.25,0,0.75,1]},{"time":6.2,"angle":1.15,"curve":[0.25,0,0.75,1]},{"time":6.6667,"angle":0,"curve":[0.25,0,0.75,1]},{"time":7.1,"angle":3.28,"curve":[0.25,0,0.75,1]},{"time":7.5333,"angle":1.15,"curve":[0.25,0,0.75,1]},{"time":8,"angle":0,"curve":[0.25,0,0.75,1]},{"time":8.4333,"angle":3.28,"curve":[0.25,0,0.75,1]},{"time":8.9,"angle":1.15,"curve":[0.25,0,0.75,1]},{"time":9.3333,"angle":0,"curve":[0.25,0,0.75,1]},{"time":9.7667,"angle":3.28,"curve":[0.25,0,0.75,1]},{"time":10.2,"angle":1.15,"curve":[0.25,0,0.75,1]},{"time":10.6667,"angle":0,"curve":[0.25,0,0.75,1]},{"time":11.1,"angle":3.28,"curve":[0.25,0,0.75,1]},{"time":11.5333,"angle":1.15,"curve":[0.25,0,0.75,1]},{"time":12,"angle":0}]},"hair3":{"rotate":[{"time":0,"angle":0,"curve":[0.25,0,0.75,1]},{"time":0.4333,"angle":3.28,"curve":[0.25,0,0.75,1]},{"time":0.9,"angle":1.15,"curve":[0.25,0,0.75,1]},{"time":1.3333,"angle":0,"curve":[0.25,0,0.75,1]},{"time":1.7667,"angle":3.28,"curve":[0.25,0,0.75,1]},{"time":2.2,"angle":1.15,"curve":[0.25,0,0.75,1]},{"time":2.6667,"angle":0,"curve":[0.25,0,0.75,1]},{"time":3.1,"angle":3.28,"curve":[0.25,0,0.75,1]},{"time":3.5333,"angle":1.15,"curve":[0.25,0,0.75,1]},{"time":4,"angle":0,"curve":[0.25,0,0.75,1]},{"time":4.4333,"angle":3.28,"curve":[0.25,0,0.75,1]},{"time":4.9,"angle":1.15,"curve":[0.25,0,0.75,1]},{"time":5.3333,"angle":0,"curve":[0.25,0,0.75,1]},{"time":5.7667,"angle":3.28,"curve":[0.25,0,0.75,1]},{"time":6.2,"angle":1.15,"curve":[0.25,0,0.75,1]},{"time":6.6667,"angle":0,"curve":[0.25,0,0.75,1]},{"time":7.1,"angle":3.28,"curve":[0.25,0,0.75,1]},{"time":7.5333,"angle":1.15,"curve":[0.25,0,0.75,1]},{"time":8,"angle":0,"curve":[0.25,0,0.75,1]},{"time":8.4333,"angle":3.28,"curve":[0.25,0,0.75,1]},{"time":8.9,"angle":1.15,"curve":[0.25,0,0.75,1]},{"time":9.3333,"angle":0,"curve":[0.25,0,0.75,1]},{"time":9.7667,"angle":3.28,"curve":[0.25,0,0.75,1]},{"time":10.2,"angle":1.15,"curve":[0.25,0,0.75,1]},{"time":10.6667,"angle":0,"curve":[0.25,0,0.75,1]},{"time":11.1,"angle":3.28,"curve":[0.25,0,0.75,1]},{"time":11.5333,"angle":1.15,"curve":[0.25,0,0.75,1]},{"time":12,"angle":0}]},"hair4":{"rotate":[{"time":0,"angle":0,"curve":[0.25,0,0.75,1]},{"time":0.4333,"angle":3.28,"curve":[0.25,0,0.75,1]},{"time":0.9,"angle":1.15,"curve":[0.25,0,0.75,1]},{"time":1.3333,"angle":0,"curve":[0.25,0,0.75,1]},{"time":1.7667,"angle":3.28,"curve":[0.25,0,0.75,1]},{"time":2.2,"angle":1.15,"curve":[0.25,0,0.75,1]},{"time":2.6667,"angle":0,"curve":[0.25,0,0.75,1]},{"time":3.1,"angle":3.28,"curve":[0.25,0,0.75,1]},{"time":3.5333,"angle":1.15,"curve":[0.25,0,0.75,1]},{"time":4,"angle":0,"curve":[0.25,0,0.75,1]},{"time":4.4333,"angle":3.28,"curve":[0.25,0,0.75,1]},{"time":4.9,"angle":1.15,"curve":[0.25,0,0.75,1]},{"time":5.3333,"angle":0,"curve":[0.25,0,0.75,1]},{"time":5.7667,"angle":3.28,"curve":[0.25,0,0.75,1]},{"time":6.2,"angle":1.15,"curve":[0.25,0,0.75,1]},{"time":6.6667,"angle":0,"curve":[0.25,0,0.75,1]},{"time":7.1,"angle":3.28,"curve":[0.25,0,0.75,1]},{"time":7.5333,"angle":1.15,"curve":[0.25,0,0.75,1]},{"time":8,"angle":0,"curve":[0.25,0,0.75,1]},{"time":8.4333,"angle":3.28,"curve":[0.25,0,0.75,1]},{"time":8.9,"angle":1.15,"curve":[0.25,0,0.75,1]},{"time":9.3333,"angle":0,"curve":[0.25,0,0.75,1]},{"time":9.7667,"angle":3.28,"curve":[0.25,0,0.75,1]},{"time":10.2,"angle":1.15,"curve":[0.25,0,0.75,1]},{"time":10.6667,"angle":0,"curve":[0.25,0,0.75,1]},{"time":11.1,"angle":3.28,"curve":[0.25,0,0.75,1]},{"time":11.5333,"angle":1.15,"curve":[0.25,0,0.75,1]},{"time":12,"angle":0}]},"hair5":{"rotate":[{"time":0,"angle":0,"curve":[0.25,0,0.75,1]},{"time":0.4333,"angle":3.28,"curve":[0.25,0,0.75,1]},{"time":0.9,"angle":1.15,"curve":[0.25,0,0.75,1]},{"time":1.3333,"angle":0,"curve":[0.25,0,0.75,1]},{"time":1.7667,"angle":3.28,"curve":[0.25,0,0.75,1]},{"time":2.2,"angle":1.15,"curve":[0.25,0,0.75,1]},{"time":2.6667,"angle":0,"curve":[0.25,0,0.75,1]},{"time":3.1,"angle":3.28,"curve":[0.25,0,0.75,1]},{"time":3.5333,"angle":1.15,"curve":[0.25,0,0.75,1]},{"time":4,"angle":0,"curve":[0.25,0,0.75,1]},{"time":4.4333,"angle":3.28,"curve":[0.25,0,0.75,1]},{"time":4.9,"angle":1.15,"curve":[0.25,0,0.75,1]},{"time":5.3333,"angle":0,"curve":[0.25,0,0.75,1]},{"time":5.7667,"angle":3.28,"curve":[0.25,0,0.75,1]},{"time":6.2,"angle":1.15,"curve":[0.25,0,0.75,1]},{"time":6.6667,"angle":0,"curve":[0.25,0,0.75,1]},{"time":7.1,"angle":3.28,"curve":[0.25,0,0.75,1]},{"time":7.5333,"angle":1.15,"curve":[0.25,0,0.75,1]},{"time":8,"angle":0,"curve":[0.25,0,0.75,1]},{"time":8.4333,"angle":3.28,"curve":[0.25,0,0.75,1]},{"time":8.9,"angle":1.15,"curve":[0.25,0,0.75,1]},{"time":9.3333,"angle":0,"curve":[0.25,0,0.75,1]},{"time":9.7667,"angle":3.28,"curve":[0.25,0,0.75,1]},{"time":10.2,"angle":1.15,"curve":[0.25,0,0.75,1]},{"time":10.6667,"angle":0,"curve":[0.25,0,0.75,1]},{"time":11.1,"angle":3.28,"curve":[0.25,0,0.75,1]},{"time":11.5333,"angle":1.15,"curve":[0.25,0,0.75,1]},{"time":12,"angle":0}]},"hair6":{"rotate":[{"time":0,"angle":0,"curve":[0.25,0,0.75,1]},{"time":0.4333,"angle":3.28,"curve":[0.25,0,0.75,1]},{"time":0.9,"angle":1.15,"curve":[0.25,0,0.75,1]},{"time":1.3333,"angle":0,"curve":[0.25,0,0.75,1]},{"time":1.7667,"angle":3.28,"curve":[0.25,0,0.75,1]},{"time":2.2,"angle":1.15,"curve":[0.25,0,0.75,1]},{"time":2.6667,"angle":0,"curve":[0.25,0,0.75,1]},{"time":3.1,"angle":3.28,"curve":[0.25,0,0.75,1]},{"time":3.5333,"angle":1.15,"curve":[0.25,0,0.75,1]},{"time":4,"angle":0,"curve":[0.25,0,0.75,1]},{"time":4.4333,"angle":3.28,"curve":[0.25,0,0.75,1]},{"time":4.9,"angle":1.15,"curve":[0.25,0,0.75,1]},{"time":5.3333,"angle":0,"curve":[0.25,0,0.75,1]},{"time":5.7667,"angle":3.28,"curve":[0.25,0,0.75,1]},{"time":6.2,"angle":1.15,"curve":[0.25,0,0.75,1]},{"time":6.6667,"angle":0,"curve":[0.25,0,0.75,1]},{"time":7.1,"angle":3.28,"curve":[0.25,0,0.75,1]},{"time":7.5333,"angle":1.15,"curve":[0.25,0,0.75,1]},{"time":8,"angle":0,"curve":[0.25,0,0.75,1]},{"time":8.4333,"angle":3.28,"curve":[0.25,0,0.75,1]},{"time":8.9,"angle":1.15,"curve":[0.25,0,0.75,1]},{"time":9.3333,"angle":0,"curve":[0.25,0,0.75,1]},{"time":9.7667,"angle":3.28,"curve":[0.25,0,0.75,1]},{"time":10.2,"angle":1.15,"curve":[0.25,0,0.75,1]},{"time":10.6667,"angle":0,"curve":[0.25,0,0.75,1]},{"time":11.1,"angle":3.28,"curve":[0.25,0,0.75,1]},{"time":11.5333,"angle":1.15,"curve":[0.25,0,0.75,1]},{"time":12,"angle":0}]},"hair7":{"rotate":[{"time":0,"angle":0,"curve":[0.25,0,0.75,1]},{"time":0.4333,"angle":3.28,"curve":[0.25,0,0.75,1]},{"time":0.9,"angle":1.15,"curve":[0.25,0,0.75,1]},{"time":1.3333,"angle":0,"curve":[0.25,0,0.75,1]},{"time":1.7667,"angle":3.28,"curve":[0.25,0,0.75,1]},{"time":2.2,"angle":1.15,"curve":[0.25,0,0.75,1]},{"time":2.6667,"angle":0,"curve":[0.25,0,0.75,1]},{"time":3.1,"angle":3.28,"curve":[0.25,0,0.75,1]},{"time":3.5333,"angle":1.15,"curve":[0.25,0,0.75,1]},{"time":4,"angle":0,"curve":[0.25,0,0.75,1]},{"time":4.4333,"angle":3.28,"curve":[0.25,0,0.75,1]},{"time":4.9,"angle":1.15,"curve":[0.25,0,0.75,1]},{"time":5.3333,"angle":0,"curve":[0.25,0,0.75,1]},{"time":5.7667,"angle":3.28,"curve":[0.25,0,0.75,1]},{"time":6.2,"angle":1.15,"curve":[0.25,0,0.75,1]},{"time":6.6667,"angle":0,"curve":[0.25,0,0.75,1]},{"time":7.1,"angle":3.28,"curve":[0.25,0,0.75,1]},{"time":7.5333,"angle":1.15,"curve":[0.25,0,0.75,1]},{"time":8,"angle":0,"curve":[0.25,0,0.75,1]},{"time":8.4333,"angle":3.28,"curve":[0.25,0,0.75,1]},{"time":8.9,"angle":1.15,"curve":[0.25,0,0.75,1]},{"time":9.3333,"angle":0,"curve":[0.25,0,0.75,1]},{"time":9.7667,"angle":3.28,"curve":[0.25,0,0.75,1]},{"time":10.2,"angle":1.15,"curve":[0.25,0,0.75,1]},{"time":10.6667,"angle":0,"curve":[0.25,0,0.75,1]},{"time":11.1,"angle":3.28,"curve":[0.25,0,0.75,1]},{"time":11.5333,"angle":1.15,"curve":[0.25,0,0.75,1]},{"time":12,"angle":0}]},"hair8":{"rotate":[{"time":0,"angle":0,"curve":[0.25,0,0.75,1]},{"time":0.4333,"angle":3.28,"curve":[0.25,0,0.75,1]},{"time":0.9,"angle":1.15,"curve":[0.25,0,0.75,1]},{"time":1.3333,"angle":0,"curve":[0.25,0,0.75,1]},{"time":1.7667,"angle":3.28,"curve":[0.25,0,0.75,1]},{"time":2.2,"angle":1.15,"curve":[0.25,0,0.75,1]},{"time":2.6667,"angle":0,"curve":[0.25,0,0.75,1]},{"time":3.1,"angle":3.28,"curve":[0.25,0,0.75,1]},{"time":3.5333,"angle":1.15,"curve":[0.25,0,0.75,1]},{"time":4,"angle":0,"curve":[0.25,0,0.75,1]},{"time":4.4333,"angle":3.28,"curve":[0.25,0,0.75,1]},{"time":4.9,"angle":1.15,"curve":[0.25,0,0.75,1]},{"time":5.3333,"angle":0,"curve":[0.25,0,0.75,1]},{"time":5.7667,"angle":3.28,"curve":[0.25,0,0.75,1]},{"time":6.2,"angle":1.15,"curve":[0.25,0,0.75,1]},{"time":6.6667,"angle":0,"curve":[0.25,0,0.75,1]},{"time":7.1,"angle":3.28,"curve":[0.25,0,0.75,1]},{"time":7.5333,"angle":1.15,"curve":[0.25,0,0.75,1]},{"time":8,"angle":0,"curve":[0.25,0,0.75,1]},{"time":8.4333,"angle":3.28,"curve":[0.25,0,0.75,1]},{"time":8.9,"angle":1.15,"curve":[0.25,0,0.75,1]},{"time":9.3333,"angle":0,"curve":[0.25,0,0.75,1]},{"time":9.7667,"angle":3.28,"curve":[0.25,0,0.75,1]},{"time":10.2,"angle":1.15,"curve":[0.25,0,0.75,1]},{"time":10.6667,"angle":0,"curve":[0.25,0,0.75,1]},{"time":11.1,"angle":3.28,"curve":[0.25,0,0.75,1]},{"time":11.5333,"angle":1.15,"curve":[0.25,0,0.75,1]},{"time":12,"angle":0}]},"hair9":{"rotate":[{"time":0,"angle":0,"curve":[0.25,0,0.75,1]},{"time":0.4333,"angle":3.28,"curve":[0.25,0,0.75,1]},{"time":0.9,"angle":1.15,"curve":[0.25,0,0.75,1]},{"time":1.3333,"angle":0,"curve":[0.25,0,0.75,1]},{"time":1.7667,"angle":3.28,"curve":[0.25,0,0.75,1]},{"time":2.2,"angle":1.15,"curve":[0.25,0,0.75,1]},{"time":2.6667,"angle":0,"curve":[0.25,0,0.75,1]},{"time":3.1,"angle":3.28,"curve":[0.25,0,0.75,1]},{"time":3.5333,"angle":1.15,"curve":[0.25,0,0.75,1]},{"time":4,"angle":0,"curve":[0.25,0,0.75,1]},{"time":4.4333,"angle":3.28,"curve":[0.25,0,0.75,1]},{"time":4.9,"angle":1.15,"curve":[0.25,0,0.75,1]},{"time":5.3333,"angle":0,"curve":[0.25,0,0.75,1]},{"time":5.7667,"angle":3.28,"curve":[0.25,0,0.75,1]},{"time":6.2,"angle":1.15,"curve":[0.25,0,0.75,1]},{"time":6.6667,"angle":0,"curve":[0.25,0,0.75,1]},{"time":7.1,"angle":3.28,"curve":[0.25,0,0.75,1]},{"time":7.5333,"angle":1.15,"curve":[0.25,0,0.75,1]},{"time":8,"angle":0,"curve":[0.25,0,0.75,1]},{"time":8.4333,"angle":3.28,"curve":[0.25,0,0.75,1]},{"time":8.9,"angle":1.15,"curve":[0.25,0,0.75,1]},{"time":9.3333,"angle":0,"curve":[0.25,0,0.75,1]},{"time":9.7667,"angle":3.28,"curve":[0.25,0,0.75,1]},{"time":10.2,"angle":1.15,"curve":[0.25,0,0.75,1]},{"time":10.6667,"angle":0,"curve":[0.25,0,0.75,1]},{"time":11.1,"angle":3.28,"curve":[0.25,0,0.75,1]},{"time":11.5333,"angle":1.15,"curve":[0.25,0,0.75,1]},{"time":12,"angle":0}]},"hair13":{"rotate":[{"time":0,"angle":0,"curve":[0.25,0,0.75,1]},{"time":0.6667,"angle":-7.24,"curve":[0.25,0,0.75,1]},{"time":1.3333,"angle":0,"curve":[0.25,0,0.75,1]},{"time":2,"angle":-7.24,"curve":[0.25,0,0.75,1]},{"time":2.6667,"angle":0,"curve":[0.25,0,0.75,1]},{"time":3.3333,"angle":-7.24,"curve":[0.25,0,0.75,1]},{"time":4,"angle":0,"curve":[0.25,0,0.75,1]},{"time":4.6667,"angle":-7.24,"curve":[0.25,0,0.75,1]},{"time":5.3333,"angle":0,"curve":[0.25,0,0.75,1]},{"time":6,"angle":-7.24,"curve":[0.25,0,0.75,1]},{"time":6.6667,"angle":0,"curve":[0.25,0,0.75,1]},{"time":7.3333,"angle":-7.24,"curve":[0.25,0,0.75,1]},{"time":8,"angle":0,"curve":[0.25,0,0.75,1]},{"time":8.6667,"angle":-7.24,"curve":[0.25,0,0.75,1]},{"time":9.3333,"angle":0,"curve":[0.25,0,0.75,1]},{"time":10,"angle":-7.24,"curve":[0.25,0,0.75,1]},{"time":10.6667,"angle":0,"curve":[0.25,0,0.75,1]},{"time":11.3333,"angle":-7.24,"curve":[0.25,0,0.75,1]},{"time":12,"angle":0}]},"Earring_right":{"rotate":[{"time":0,"angle":0,"curve":[0.25,0,0.75,1]},{"time":0.6667,"angle":7.03,"curve":[0.25,0,0.75,1]},{"time":1.3333,"angle":0,"curve":[0.25,0,0.75,1]},{"time":2,"angle":7.03,"curve":[0.25,0,0.75,1]},{"time":2.6667,"angle":0,"curve":[0.25,0,0.75,1]},{"time":3.3333,"angle":7.03,"curve":[0.25,0,0.75,1]},{"time":4,"angle":0,"curve":[0.25,0,0.75,1]},{"time":4.6667,"angle":7.03,"curve":[0.25,0,0.75,1]},{"time":5.3333,"angle":0,"curve":[0.25,0,0.75,1]},{"time":6,"angle":7.03,"curve":[0.25,0,0.75,1]},{"time":6.6667,"angle":0,"curve":[0.25,0,0.75,1]},{"time":7.3333,"angle":7.03,"curve":[0.25,0,0.75,1]},{"time":8,"angle":0,"curve":[0.25,0,0.75,1]},{"time":8.6667,"angle":7.03,"curve":[0.25,0,0.75,1]},{"time":9.3333,"angle":0,"curve":[0.25,0,0.75,1]},{"time":10,"angle":7.03,"curve":[0.25,0,0.75,1]},{"time":10.6667,"angle":0,"curve":[0.25,0,0.75,1]},{"time":11.3333,"angle":7.03,"curve":[0.25,0,0.75,1]},{"time":12,"angle":0}]},"top6":{"rotate":[{"time":0,"angle":0},{"time":0.6667,"angle":4.2},{"time":1.3333,"angle":0},{"time":2,"angle":4.2},{"time":2.6667,"angle":0},{"time":3.3333,"angle":4.2},{"time":4,"angle":0},{"time":4.6667,"angle":4.2},{"time":5.3333,"angle":0},{"time":6,"angle":4.2},{"time":6.6667,"angle":0},{"time":7.3333,"angle":4.2},{"time":8,"angle":0},{"time":8.6667,"angle":4.2},{"time":9.3333,"angle":0},{"time":10,"angle":4.2},{"time":10.6667,"angle":0},{"time":11.3333,"angle":4.2},{"time":12,"angle":0}]},"top8":{"rotate":[{"time":0,"angle":0},{"time":0.6667,"angle":4.2},{"time":1.3333,"angle":0},{"time":2,"angle":4.2},{"time":2.6667,"angle":0},{"time":3.3333,"angle":4.2},{"time":4,"angle":0},{"time":4.6667,"angle":4.2},{"time":5.3333,"angle":0},{"time":6,"angle":4.2},{"time":6.6667,"angle":0},{"time":7.3333,"angle":4.2},{"time":8,"angle":0},{"time":8.6667,"angle":4.2},{"time":9.3333,"angle":0},{"time":10,"angle":4.2},{"time":10.6667,"angle":0},{"time":11.3333,"angle":4.2},{"time":12,"angle":0}]},"top2":{"rotate":[{"time":0,"angle":0},{"time":0.6667,"angle":4.2},{"time":1.3333,"angle":0},{"time":2,"angle":4.2},{"time":2.6667,"angle":0},{"time":3.3333,"angle":4.2},{"time":4,"angle":0},{"time":4.6667,"angle":4.2},{"time":5.3333,"angle":0},{"time":6,"angle":4.2},{"time":6.6667,"angle":0},{"time":7.3333,"angle":4.2},{"time":8,"angle":0},{"time":8.6667,"angle":4.2},{"time":9.3333,"angle":0},{"time":10,"angle":4.2},{"time":10.6667,"angle":0},{"time":11.3333,"angle":4.2},{"time":12,"angle":0}]},"arm_z":{"rotate":[{"time":0,"angle":0,"curve":[0.25,0,0.75,1]},{"time":0.4333,"angle":3.78,"curve":[0.25,0,0.75,1]},{"time":0.9,"angle":-2.55,"curve":[0.25,0,0.75,1]},{"time":1.3333,"angle":0,"curve":[0.25,0,0.75,1]},{"time":1.7667,"angle":3.78,"curve":[0.25,0,0.75,1]},{"time":2.2,"angle":-2.55,"curve":[0.25,0,0.75,1]},{"time":2.6667,"angle":0,"curve":[0.25,0,0.75,1]},{"time":3.1,"angle":3.78,"curve":[0.25,0,0.75,1]},{"time":3.5333,"angle":-2.55,"curve":[0.25,0,0.75,1]},{"time":4,"angle":0,"curve":[0.25,0,0.75,1]},{"time":4.4333,"angle":3.78,"curve":[0.25,0,0.75,1]},{"time":4.9,"angle":-2.55,"curve":[0.25,0,0.75,1]},{"time":5.3333,"angle":0,"curve":[0.25,0,0.75,1]},{"time":5.7667,"angle":3.78,"curve":[0.25,0,0.75,1]},{"time":6.2,"angle":-2.55,"curve":[0.25,0,0.75,1]},{"time":6.6667,"angle":0,"curve":[0.25,0,0.75,1]},{"time":7.1,"angle":3.78,"curve":[0.25,0,0.75,1]},{"time":7.5333,"angle":-2.55,"curve":[0.25,0,0.75,1]},{"time":8,"angle":0,"curve":[0.25,0,0.75,1]},{"time":8.4333,"angle":3.78,"curve":[0.25,0,0.75,1]},{"time":8.9,"angle":-2.55,"curve":[0.25,0,0.75,1]},{"time":9.3333,"angle":0,"curve":[0.25,0,0.75,1]},{"time":9.7667,"angle":3.78,"curve":[0.25,0,0.75,1]},{"time":10.2,"angle":-2.55,"curve":[0.25,0,0.75,1]},{"time":10.6667,"angle":0,"curve":[0.25,0,0.75,1]},{"time":11.1,"angle":3.78,"curve":[0.25,0,0.75,1]},{"time":11.5333,"angle":-2.55,"curve":[0.25,0,0.75,1]},{"time":12,"angle":0}]},"arm":{"rotate":[{"time":0,"angle":0,"curve":[0.25,0,0.75,1]},{"time":0.4333,"angle":3.78,"curve":[0.25,0,0.75,1]},{"time":0.9,"angle":-2.55,"curve":[0.25,0,0.75,1]},{"time":1.3333,"angle":0,"curve":[0.25,0,0.75,1]},{"time":1.7667,"angle":3.78,"curve":[0.25,0,0.75,1]},{"time":2.2,"angle":-2.55,"curve":[0.25,0,0.75,1]},{"time":2.6667,"angle":0,"curve":[0.25,0,0.75,1]},{"time":3.1,"angle":3.78,"curve":[0.25,0,0.75,1]},{"time":3.5333,"angle":-2.55,"curve":[0.25,0,0.75,1]},{"time":4,"angle":0,"curve":[0.25,0,0.75,1]},{"time":4.4333,"angle":3.78,"curve":[0.25,0,0.75,1]},{"time":4.9,"angle":-2.55,"curve":[0.25,0,0.75,1]},{"time":5.3333,"angle":0,"curve":[0.25,0,0.75,1]},{"time":5.7667,"angle":3.78,"curve":[0.25,0,0.75,1]},{"time":6.2,"angle":-2.55,"curve":[0.25,0,0.75,1]},{"time":6.6667,"angle":0,"curve":[0.25,0,0.75,1]},{"time":7.1,"angle":3.78,"curve":[0.25,0,0.75,1]},{"time":7.5333,"angle":-2.55,"curve":[0.25,0,0.75,1]},{"time":8,"angle":0,"curve":[0.25,0,0.75,1]},{"time":8.4333,"angle":3.78,"curve":[0.25,0,0.75,1]},{"time":8.9,"angle":-2.55,"curve":[0.25,0,0.75,1]},{"time":9.3333,"angle":0,"curve":[0.25,0,0.75,1]},{"time":9.7667,"angle":3.78,"curve":[0.25,0,0.75,1]},{"time":10.2,"angle":-2.55,"curve":[0.25,0,0.75,1]},{"time":10.6667,"angle":0,"curve":[0.25,0,0.75,1]},{"time":11.1,"angle":3.78,"curve":[0.25,0,0.75,1]},{"time":11.5333,"angle":-2.55,"curve":[0.25,0,0.75,1]},{"time":12,"angle":0}]},"chest_y":{"translate":[{"time":0,"x":0,"y":0,"curve":[0.25,0,0.75,1]},{"time":0.4667,"x":-13.92,"y":9.55,"curve":[0.25,0,0.75,1]},{"time":0.8667,"x":-8.49,"y":-10.07,"curve":[0.25,0,0.75,1]},{"time":1.3333,"x":0,"y":0,"curve":[0.25,0,0.75,1]},{"time":1.7667,"x":0.28,"y":8.13,"curve":[0.25,0,0.75,1]},{"time":2.2,"x":-0.51,"y":-14.9,"curve":[0.25,0,0.75,1]},{"time":2.6667,"x":0,"y":0,"curve":[0.25,0,0.75,1]},{"time":3.1,"x":0.28,"y":8.13,"curve":[0.25,0,0.75,1]},{"time":3.5333,"x":-0.51,"y":-14.9,"curve":[0.25,0,0.75,1]},{"time":4,"x":0,"y":0,"curve":[0.25,0,0.75,1]},{"time":4.4667,"x":-13.92,"y":9.55,"curve":[0.25,0,0.75,1]},{"time":4.8667,"x":-8.49,"y":-10.07,"curve":[0.25,0,0.75,1]},{"time":5.3333,"x":0,"y":0,"curve":[0.25,0,0.75,1]},{"time":5.7667,"x":0.28,"y":8.13,"curve":[0.25,0,0.75,1]},{"time":6.2,"x":-0.51,"y":-14.9,"curve":[0.25,0,0.75,1]},{"time":6.6667,"x":0,"y":0,"curve":[0.25,0,0.75,1]},{"time":7.1,"x":0.28,"y":8.13,"curve":[0.25,0,0.75,1]},{"time":7.5333,"x":-0.51,"y":-14.9,"curve":[0.25,0,0.75,1]},{"time":8,"x":0,"y":0,"curve":[0.25,0,0.75,1]},{"time":8.4667,"x":-13.92,"y":9.55,"curve":[0.25,0,0.75,1]},{"time":8.8667,"x":-8.49,"y":-10.07,"curve":[0.25,0,0.75,1]},{"time":9.3333,"x":0,"y":0,"curve":[0.25,0,0.75,1]},{"time":9.7667,"x":0.28,"y":8.13,"curve":[0.25,0,0.75,1]},{"time":10.2,"x":-0.51,"y":-14.9,"curve":[0.25,0,0.75,1]},{"time":10.6667,"x":0,"y":0,"curve":[0.25,0,0.75,1]},{"time":11.1,"x":0.28,"y":8.13,"curve":[0.25,0,0.75,1]},{"time":11.5333,"x":-0.51,"y":-14.9,"curve":[0.25,0,0.75,1]},{"time":12,"x":0,"y":0}],"scale":[{"time":0,"x":1,"y":1},{"time":0.4667,"x":1.073,"y":1.073,"curve":"stepped"},{"time":3.5333,"x":1.073,"y":1.073},{"time":4,"x":1,"y":1},{"time":4.4667,"x":1.073,"y":1.073,"curve":"stepped"},{"time":7.5333,"x":1.073,"y":1.073},{"time":8,"x":1,"y":1},{"time":8.4667,"x":1.073,"y":1.073,"curve":"stepped"},{"time":11.5333,"x":1.073,"y":1.073},{"time":12,"x":1,"y":1}]},"chest_x":{"translate":[{"time":0,"x":0,"y":0,"curve":[0.25,0,0.75,1]},{"time":0.4667,"x":-13.92,"y":9.55,"curve":[0.25,0,0.75,1]},{"time":0.8667,"x":-8.49,"y":-10.07,"curve":[0.25,0,0.75,1]},{"time":1.3333,"x":0,"y":0,"curve":[0.25,0,0.75,1]},{"time":1.7667,"x":0.28,"y":8.13,"curve":[0.25,0,0.75,1]},{"time":2.2,"x":-0.51,"y":-14.9,"curve":[0.25,0,0.75,1]},{"time":2.6667,"x":0,"y":0,"curve":[0.25,0,0.75,1]},{"time":3.1,"x":0.28,"y":8.13,"curve":[0.25,0,0.75,1]},{"time":3.5333,"x":-0.51,"y":-14.9,"curve":[0.25,0,0.75,1]},{"time":4,"x":0,"y":0,"curve":[0.25,0,0.75,1]},{"time":4.4667,"x":-13.92,"y":9.55,"curve":[0.25,0,0.75,1]},{"time":4.8667,"x":-8.49,"y":-10.07,"curve":[0.25,0,0.75,1]},{"time":5.3333,"x":0,"y":0,"curve":[0.25,0,0.75,1]},{"time":5.7667,"x":0.28,"y":8.13,"curve":[0.25,0,0.75,1]},{"time":6.2,"x":-0.51,"y":-14.9,"curve":[0.25,0,0.75,1]},{"time":6.6667,"x":0,"y":0,"curve":[0.25,0,0.75,1]},{"time":7.1,"x":0.28,"y":8.13,"curve":[0.25,0,0.75,1]},{"time":7.5333,"x":-0.51,"y":-14.9,"curve":[0.25,0,0.75,1]},{"time":8,"x":0,"y":0,"curve":[0.25,0,0.75,1]},{"time":8.4667,"x":-13.92,"y":9.55,"curve":[0.25,0,0.75,1]},{"time":8.8667,"x":-8.49,"y":-10.07,"curve":[0.25,0,0.75,1]},{"time":9.3333,"x":0,"y":0,"curve":[0.25,0,0.75,1]},{"time":9.7667,"x":0.28,"y":8.13,"curve":[0.25,0,0.75,1]},{"time":10.2,"x":-0.51,"y":-14.9,"curve":[0.25,0,0.75,1]},{"time":10.6667,"x":0,"y":0,"curve":[0.25,0,0.75,1]},{"time":11.1,"x":0.28,"y":8.13,"curve":[0.25,0,0.75,1]},{"time":11.5333,"x":-0.51,"y":-14.9,"curve":[0.25,0,0.75,1]},{"time":12,"x":0,"y":0}],"scale":[{"time":0,"x":1,"y":1},{"time":0.4667,"x":1.073,"y":1.073,"curve":"stepped"},{"time":3.5333,"x":1.073,"y":1.073},{"time":4,"x":1,"y":1},{"time":4.4667,"x":1.073,"y":1.073,"curve":"stepped"},{"time":7.5333,"x":1.073,"y":1.073},{"time":8,"x":1,"y":1},{"time":8.4667,"x":1.073,"y":1.073,"curve":"stepped"},{"time":11.5333,"x":1.073,"y":1.073},{"time":12,"x":1,"y":1}]},"body2":{"scale":[{"time":0,"x":1,"y":1},{"time":1,"x":1.015,"y":1.015},{"time":2,"x":1,"y":1},{"time":3,"x":1.015,"y":1.015},{"time":4,"x":1,"y":1}]},"eye":{"translate":[{"time":0,"x":0,"y":0},{"time":1,"x":0.05,"y":-1.7},{"time":2,"x":0,"y":0,"curve":"stepped"},{"time":4,"x":0,"y":0},{"time":5,"x":0.05,"y":-1.7},{"time":6,"x":0,"y":0,"curve":"stepped"},{"time":8,"x":0,"y":0},{"time":9,"x":0.05,"y":-1.7},{"time":10,"x":0,"y":0,"curve":"stepped"},{"time":12,"x":0,"y":0}]},"eye_y":{"translate":[{"time":0,"x":0,"y":0},{"time":1,"x":0.05,"y":-1.7},{"time":2,"x":0,"y":0,"curve":"stepped"},{"time":4,"x":0,"y":0},{"time":5,"x":0.05,"y":-1.7},{"time":6,"x":0,"y":0,"curve":"stepped"},{"time":8,"x":0,"y":0},{"time":9,"x":0.05,"y":-1.7},{"time":10,"x":0,"y":0,"curve":"stepped"},{"time":12,"x":0,"y":0}]}}},"static":{}}},[0,1]]],0,0,[0,0],[-1,-2],[0,1]]
