[1,["caXN4FZZRIzqF9grPOls7I@6c48a"],["_textureSource"],["cc.SpriteFrame"],0,[{"name":"ocean_freespin_number_freespinsremaining_en","rect":{"x":0,"y":0,"width":492,"height":47},"offset":{"x":0,"y":0},"originalSize":{"width":492,"height":47},"rotated":false,"capInsets":[0,0,0,0],"vertices":{"rawPosition":[-246,-23.5,0,246,-23.5,0,-246,23.5,0,246,23.5,0],"indexes":[0,1,2,2,1,3],"uv":[0,47,492,47,0,0,492,0],"nuv":[0,0,1,0,0,1,1,1],"minPos":{"x":-246,"y":-23.5,"z":0},"maxPos":{"x":246,"y":23.5,"z":0}},"packable":true,"pixelsToUnit":100,"pivot":{"x":0.5,"y":0.5},"meshType":0}],[0],0,[0],[0],[0]]
