[1,["ca63QFG0NKW7QYkKHRvWpR@6c48a"],["_textureSource"],["cc.SpriteFrame"],0,[{"name":"sea_icon_treasurebox1_04","rect":{"x":157,"y":243,"width":265,"height":154},"offset":{"x":33.5,"y":-64},"originalSize":{"width":512,"height":512},"rotated":false,"capInsets":[0,0,0,0],"vertices":{"rawPosition":[-132.5,-77,0,132.5,-77,0,-132.5,77,0,132.5,77,0],"indexes":[0,1,2,2,1,3],"uv":[157,269,422,269,157,115,422,115],"nuv":[0.306640625,0.224609375,0.82421875,0.224609375,0.306640625,0.525390625,0.82421875,0.525390625],"minPos":{"x":-132.5,"y":-77,"z":0},"maxPos":{"x":132.5,"y":77,"z":0}},"packable":true,"pixelsToUnit":100,"pivot":{"x":0.5,"y":0.5},"meshType":0}],[0],0,[0],[0],[0]]
