[1,["32WBqtQAhIJrF3eAKoL8E+@6c48a","32WBqtQAhIJrF3eAKoL8E+@f9941"],["_textureSource","spriteFrame"],["cc.SpriteFrame",["cc.BitmapFont",["_name","fontSize","fntConfig"],0]],[[1,0,1,2,4]],[[[{"name":"font_gift_5_0","rect":{"x":2,"y":4,"width":238,"height":289},"offset":{"x":-7,"y":107.5},"originalSize":{"width":256,"height":512},"rotated":false,"capInsets":[0,0,0,0],"vertices":{"rawPosition":[-119,-144.5,0,119,-144.5,0,-119,144.5,0,119,144.5,0],"indexes":[0,1,2,2,1,3],"uv":[2,508,240,508,2,219,240,219],"nuv":[0.0078125,0.427734375,0.9375,0.427734375,0.0078125,0.9921875,0.9375,0.9921875],"minPos":{"x":-119,"y":-144.5,"z":0},"maxPos":{"x":119,"y":144.5,"z":0}},"packable":true,"pixelsToUnit":100,"pivot":{"x":0.5,"y":0.5},"meshType":0}],[0],0,[0],[0],[0]],[[[0,"font_gift_5",32,{"commonHeight":32,"fontSize":32,"atlasName":"font_gift_5_0.png","fontDefDictionary":{"44":{"xOffset":-1,"yOffset":-1,"xAdvance":33,"rect":{"x":198,"y":103,"width":35,"height":102}},"46":{"xOffset":-1,"yOffset":-1,"xAdvance":28,"rect":{"x":190,"y":206,"width":30,"height":102}},"48":{"xOffset":-1,"yOffset":-1,"xAdvance":63,"rect":{"x":67,"y":103,"width":65,"height":102}},"49":{"xOffset":-1,"yOffset":-1,"xAdvance":40,"rect":{"x":203,"y":0,"width":42,"height":102}},"50":{"xOffset":-1,"yOffset":-1,"xAdvance":64,"rect":{"x":69,"y":0,"width":66,"height":102}},"51":{"xOffset":-1,"yOffset":-1,"xAdvance":60,"rect":{"x":64,"y":206,"width":62,"height":102}},"52":{"xOffset":-1,"yOffset":-1,"xAdvance":64,"rect":{"x":136,"y":0,"width":66,"height":102}},"53":{"xOffset":-1,"yOffset":-1,"xAdvance":66,"rect":{"x":0,"y":0,"width":68,"height":102}},"54":{"xOffset":-1,"yOffset":-1,"xAdvance":60,"rect":{"x":127,"y":206,"width":62,"height":102}},"55":{"xOffset":-1,"yOffset":-1,"xAdvance":64,"rect":{"x":0,"y":103,"width":66,"height":102}},"56":{"xOffset":-1,"yOffset":-1,"xAdvance":62,"rect":{"x":133,"y":103,"width":64,"height":102}},"57":{"xOffset":-1,"yOffset":-1,"xAdvance":61,"rect":{"x":0,"y":206,"width":63,"height":102}}},"kerningDict":{}}]],0,0,[0],[1],[1]]]]
