[1,["6bGQ9dDj1LkrRLxqlmZ+4O@f9941","6bGQ9dDj1LkrRLxqlmZ+4O@6c48a"],["spriteFrame","_textureSource"],["cc.SpriteFrame",["cc.ParticleAsset",["_name","_native"],1]],[[1,0,1,3]],[[[[0,"shop",".plist"],-1],0,0,[0],[0],[0]],[[{"name":"huang","rect":{"x":0,"y":0,"width":21,"height":21},"offset":{"x":0,"y":0},"originalSize":{"width":21,"height":21},"rotated":false,"capInsets":[0,0,0,0],"vertices":{"rawPosition":[-10.5,-10.5,0,10.5,-10.5,0,-10.5,10.5,0,10.5,10.5,0],"indexes":[0,1,2,2,1,3],"uv":[0,21,21,21,0,0,21,0],"nuv":[0,0,1,0,0,1,1,1],"minPos":{"x":-10.5,"y":-10.5,"z":0},"maxPos":{"x":10.5,"y":10.5,"z":0}},"packable":true,"pixelsToUnit":100,"pivot":{"x":0.5,"y":0.5},"meshType":0}],[0],0,[0],[1],[1]]]]
