[1,["0aa/xu+I9F5I1o7Ae1fZT4@6c48a"],["_textureSource"],["cc.SpriteFrame"],0,[{"name":"baicai","rect":{"x":28,"y":12,"width":126,"height":131},"offset":{"x":-37,"y":50.5},"originalSize":{"width":256,"height":256},"rotated":false,"capInsets":[0,0,0,0],"vertices":{"rawPosition":[-63,-65.5,0,63,-65.5,0,-63,65.5,0,63,65.5,0],"indexes":[0,1,2,2,1,3],"uv":[28,244,154,244,28,113,154,113],"nuv":[0.109375,0.44140625,0.6015625,0.44140625,0.109375,0.953125,0.6015625,0.953125],"minPos":{"x":-63,"y":-65.5,"z":0},"maxPos":{"x":63,"y":65.5,"z":0}},"packable":true,"pixelsToUnit":100,"pivot":{"x":0.5,"y":0.5},"meshType":0}],[0],0,[0],[0],[0]]
