{"importBase":"import","nativeBase":"native","name":"Crash","deps":["main"],"uuids":["0209088cb","033a28df1","03e34cf32","048i0700lBw6fGxAwoxk6M@6c48a","05LBqUwSFMIbQHZpNM+Jty@6c48a","05LBqUwSFMIbQHZpNM+Jty@f9941","05LVQC2Z1HnJXINI4WLXzw@6c48a","06SDIPT0RKJYQhfRaBWX53@6c48a","06SDIPT0RKJYQhfRaBWX53@f9941","11fD4nJ7pKSI/6gesasR8k@6c48a","1cjcFd5gRBGJWEoX4kXrmK","1czb2rcr1JVL+snOBC63gf@6c48a","1czb2rcr1JVL+snOBC63gf@f9941","1dDHTAhl5K+YBO+gnrU2gp@6c48a","1dNihVLlJDNZxlq3XZKXl1@6c48a","1dNihVLlJDNZxlq3XZKXl1@f9941","1eXN6CVTxOp7ng6gD55Pi9@6c48a","1eXN6CVTxOp7ng6gD55Pi9@f9941","1efmQu4cFKz4N+ZQQnUGRj@6c48a","242rRzU+xEXICC+p5CtMIP@6c48a","242rRzU+xEXICC+p5CtMIP@f9941","27G92RL1FEjpIuH7IlCurq@6c48a","048i0700lBw6fGxAwoxk6M","048i0700lBw6fGxAwoxk6M@f9941","05LBqUwSFMIbQHZpNM+Jty","05LVQC2Z1HnJXINI4WLXzw","05LVQC2Z1HnJXINI4WLXzw@f9941","063ca855c","06SDIPT0RKJYQhfRaBWX53","07dab3d00","0811b13b0","0a560a836","0f4dbb7e6","28BEona7hOFqlzLCbalrCY@6c48a","2cov6MlgtP86rZZpY6pDWU@6c48a","2cov6MlgtP86rZZpY6pDWU@f9941","2dUHy3ld5CUoHwr4m3o7G0@6c48a","2dUHy3ld5CUoHwr4m3o7G0@f9941","2fLFMpqFVBzK+POp8ZnevX@6c48a","2fLFMpqFVBzK+POp8ZnevX@f9941","346ivWeQhDhZoIxxO8rBob@6c48a","346ivWeQhDhZoIxxO8rBob@f9941","3834OkQSRJRa+3zUat2ENM@6c48a","3an+m+NAFFTbpJGF+gQ7nT@6c48a","3an+m+NAFFTbpJGF+gQ7nT@f9941","3ao/ZQ1M9Lnok+jlJYIoPt@6c48a","3ayDdx0jZJ6Im8QizdGhRP@6c48a","456ZNdJoNLjbHIbbLkOVPK@6c48a","456ZNdJoNLjbHIbbLkOVPK@f9941","48MF4DHRtNBYIsuSJEd59o@6c48a","48MF4DHRtNBYIsuSJEd59o@f9941","49++DqmhlGS4msGN8FZObx@6c48a","49++DqmhlGS4msGN8FZObx@f9941","4abHj6SFNIYa1Sfrw4PiKB@6c48a","4bkoLI20xFFJRhSpwV0poC@6c48a","4bkoLI20xFFJRhSpwV0poC@f9941","4dhVKSsMJHyov64l4+e3Mb@6c48a","4dhVKSsMJHyov64l4+e3Mb@f9941","4eMALLYVdPuLf3mid/QIU7@6c48a","4eY/WY2qlALpHwVynkhCI8@6c48a","51QDN+DHpDPLcjezIA+PJe","530M8v54NEk7cXcMSYp7Nn@6c48a","530M8v54NEk7cXcMSYp7Nn@f9941","534h9CxNJLF6UafctDzP9Z@6c48a","57ptoRjmpDWpHB+D4TQsBj@6c48a","5apRHWvE9Ds5Gqq0yGJq37@6c48a","5a5gbK6btMm4l/bEOGjq1u@6c48a","5a5gbK6btMm4l/bEOGjq1u@f9941","5dYlhBKllGzIBOlOeGNqKb@6c48a","5dYlhBKllGzIBOlOeGNqKb@f9941","5eqxJ5SD9B77CJQIc2fumZ@6c48a","5e1nSJdJBB8LPm9Dbf9AUA@6c48a","60oCs+blFEoKfmroGtSn+S","62VC1oablIOb7w0p9HUlqv@6c48a","64oD7RVsFOvqRazkLII/lz@6c48a","64oD7RVsFOvqRazkLII/lz@f9941","67FLll9q5AO4lxMW45JEGM@6c48a","67FLll9q5AO4lxMW45JEGM@f9941","671WckYGpKWqpltO+0JOLh@6c48a","671WckYGpKWqpltO+0JOLh@f9941","68Un+dEVNAxJS+gXv47hQN","6ab6dKK3tCaKoQjb5rI8VP@6c48a","71BrT//ThFFJt1b3x9U+oW@6c48a","71svANRRFHRrrKckkPOM7C@6c48a","71svANRRFHRrrKckkPOM7C@f9941","72RNMBJxJGf4i6XwRUbNWn@6c48a","72RNMBJxJGf4i6XwRUbNWn@f9941","74lYbtovhL9YNUtNr5eev2@6c48a","77u43kSKpIM4VidZI7XzpN@6c48a","77u43kSKpIM4VidZI7XzpN@f9941","794YezBkBObrGQV/RsEjO8@6c48a","794YezBkBObrGQV/RsEjO8@f9941","7bs+O/VO1McoAEb/mSCtJK@6c48a","7dFk0MgLFLKYYeumdkZo3s@6c48a","7d425kyoNC5b/zzLkpdDXd@6c48a","7fWlzhXVFB+qMWriqlyyio@6c48a","7fWlzhXVFB+qMWriqlyyio@f9941","80aU+EL8FCVbZA8oDBRPvL@6c48a","82gyoOlsJBaqTn3ml3idYi@6c48a","82gyoOlsJBaqTn3ml3idYi@f9941","83VaIJDGROV64cW78IemYP@6c48a","86vV+53HlLIoU8KQ/Cx5fJ@6c48a","86vV+53HlLIoU8KQ/Cx5fJ@f9941","87YwpjGUBAj4xaNbV1AMBw@6c48a","87YwpjGUBAj4xaNbV1AMBw@f9941","90nGS9J0ZB1ZFL4X6A/PS4@6c48a","90nGS9J0ZB1ZFL4X6A/PS4@f9941","90u4XmycdHuLBsZ5xa4EUf@6c48a","91G6VZibBPZoNu9zhGdxJb@6c48a","91gewp9s1AH65H59yRb8J9@6c48a","91gewp9s1AH65H59yRb8J9@f9941","924w4GLN1IbL4BfRiGkK6X@6c48a","924w4GLN1IbL4BfRiGkK6X@f9941","94+l+cHjZL6YTUwitbUOV6@6c48a","94+l+cHjZL6YTUwitbUOV6@f9941","96D2eFoaZLUKfod8EUf1kz@6c48a","96D2eFoaZLUKfod8EUf1kz@f9941","99UJxFeBFMvr3GhALwK4rU@6c48a","9adA2/xP5L94FjdbPzH9jA@6c48a","9adA2/xP5L94FjdbPzH9jA@f9941","9bXCwktoZIP4FUrMpRO0ko@6c48a","9bXCwktoZIP4FUrMpRO0ko@f9941","9dg0dKmjtFYYgEfyxWDhP+@6c48a","9f0EZG6VZGg7JnUpt9Dzal@6c48a","a0sLyxuOtLl67MJi4tLVRY","a3g3Oy98tJVrdG5lBxHlEg@6c48a","a3g3Oy98tJVrdG5lBxHlEg@f9941","a3ky/+z9BGJqvxD5U/Own0@6c48a","a3ky/+z9BGJqvxD5U/Own0@f9941","a5rEEPQ8hLNZDytFStGrdO@6c48a","a5rEEPQ8hLNZDytFStGrdO@f9941","a8ZLbD+kVOEabBG381kxla@6c48a","a8ZLbD+kVOEabBG381kxla@f9941","a9jRBP4H9A4YUJEe78tp9D@6c48a","abLQbIDrNJdb+rf0F8naA1@6c48a","abLQbIDrNJdb+rf0F8naA1@f9941","abbK7YAkxKAolZ77dafksf@6c48a","abbK7YAkxKAolZ77dafksf@f9941","aboQukowFKwYt8LP6EfRMW@6c48a","aboQukowFKwYt8LP6EfRMW@f9941","achQmaOQpIjKxWeLHLH2X8@6c48a","aenm0nvUtIoJYMThRoLW4r@6c48a","b5IwNBplFGnLOqR76Z4IvW","b6dVujAN9BGJstB4e2K45Q","b6zyX8PWlCXa10loFtNjkl@6c48a","b7ZY8805pCrq4f5+ZVzgTf","b84XkTPDJAnbBAYjoGf1f+@6c48a","b84XkTPDJAnbBAYjoGf1f+@f9941","bcjZe4jrBLNqbe7Su4TIH7@6c48a","c1c4e7trRLk6qsLn2bfdz5@6c48a","c1c4e7trRLk6qsLn2bfdz5@f9941","c2PMdE2OJHNbIEx8MIXEf5@6c48a","c2PMdE2OJHNbIEx8MIXEf5@f9941","c3u0nKBvRADbB2m/oMbacP@6c48a","c3u0nKBvRADbB2m/oMbacP@f9941","c7v5sNrv1FGbvRcTQy8zEF@6c48a","c7v5sNrv1FGbvRcTQy8zEF@f9941","c88zDGQrJCIq8hZ8oXc0Bx@6c48a","c88zDGQrJCIq8hZ8oXc0Bx@f9941","cdt95f2gBH3IR+jtDNT/PM@6c48a","91G6VZibBPZoNu9zhGdxJb","91G6VZibBPZoNu9zhGdxJb@f9941","91gewp9s1AH65H59yRb8J9","92TV9zMHNBUYnWqxQ8WrUV","ceSJ+U3d1JrrXmo+x7EzgM@6c48a","ceSJ+U3d1JrrXmo+x7EzgM@f9941","cekcFwortABJX64+6Hev6L@6c48a","cekcFwortABJX64+6Hev6L@f9941","cerVMwwjVOmZrmNZ2chy5R@6c48a","d1yVmQn4lMHZ3N8iqYu+av@6c48a","d1yVmQn4lMHZ3N8iqYu+av@f9941","d33rD5rApJnLldSRiF+ccE@6c48a","d55YOKwu9GBLA7vC28fEBA@6c48a","d6rAPCRY5IF6CcLVu/Fjvl@6c48a","d6rAPCRY5IF6CcLVu/Fjvl@f9941","d7jcKAGnxNvrAXnQnpto24@6c48a","d8r/6Yt89AgLMe1ok7zsA7@6c48a","d9Eppg5lhHvbcHwM0rhaFV@6c48a","d9wKV8wI1NPLICrmQYfOWF","dcILfD4TVPk4h1ZecwTE5N@6c48a","dcILfD4TVPk4h1ZecwTE5N@f9941","dcsgURFoBJ759dBqk24hpg@6c48a","dc621C8u9LOL0NyQ7iXcBl@6c48a","dc621C8u9LOL0NyQ7iXcBl@f9941","e7VNkBN1hHkKwa9EbrBy1o@6c48a","e8BSU550FOzYm/IEdeBDrU@6c48a","e8BSU550FOzYm/IEdeBDrU@f9941","e8GnTp9spO7o/7lSxVTlAn@6c48a","e8GnTp9spO7o/7lSxVTlAn@f9941","e8tt+iIV5Bm6ZZKZbF7GGO@6c48a","e8tt+iIV5Bm6ZZKZbF7GGO@f9941","e9yWxvXp9NQZ2Ep60ARDz/","ed4Vi7A1FOCJ46Isiv2die@6c48a","f1FQuRxV5HkK2dJmz/UBzA@6c48a","f1n7NlJ2xM9InnwuDYUO9N@6c48a","f2L+8aHsZFXapxRmv1r7M5@6c48a","f2L+8aHsZFXapxRmv1r7M5@f9941","f3dmDH6hdLR4r2G5/9VyhR@6c48a","f3dmDH6hdLR4r2G5/9VyhR@f9941","f4IC64d9tOYZfabo8mHJ7J@6c48a","f4IC64d9tOYZfabo8mHJ7J@f9941","f5C+ddOr1Ggajq1XuLKzD5@6c48a","f5C+ddOr1Ggajq1XuLKzD5@f9941","f730Fda6lJo62Z8uk9I9NX","f9Jcy3JEBCEpbHd479pvNM@6c48a","f9Jcy3JEBCEpbHd479pvNM@f9941","fbDEW1091P24ndXYx6QmEN","fcfPqi9vNLcrYnZzHxz7j9@6c48a","fcfPqi9vNLcrYnZzHxz7j9@f9941","feRYH1WAJBsJ8MhKU/mZOC@6c48a","ffJLQoNxNK17jk3BVaV35b@6c48a","11fD4nJ7pKSI/6gesasR8k","11fD4nJ7pKSI/6gesasR8k@f9941","1czb2rcr1JVL+snOBC63gf","1dDHTAhl5K+YBO+gnrU2gp","1dDHTAhl5K+YBO+gnrU2gp@f9941","1dNihVLlJDNZxlq3XZKXl1","1eXN6CVTxOp7ng6gD55Pi9","1efmQu4cFKz4N+ZQQnUGRj","1efmQu4cFKz4N+ZQQnUGRj@f9941","20g1ukYUVPvKWKBRznAKo+","20g1ukYUVPvKWKBRznAKo+@6c48a","20g1ukYUVPvKWKBRznAKo+@f9941","228h1w9cdOroaArbmanSFh","24TNXTjdBH8b+RjpACIZfJ","242rRzU+xEXICC+p5CtMIP","27G92RL1FEjpIuH7IlCurq","27G92RL1FEjpIuH7IlCurq@f9941","28BEona7hOFqlzLCbalrCY","28BEona7hOFqlzLCbalrCY@f9941","2cov6MlgtP86rZZpY6pDWU","2dUHy3ld5CUoHwr4m3o7G0","2fLFMpqFVBzK+POp8ZnevX","346ivWeQhDhZoIxxO8rBob","3834OkQSRJRa+3zUat2ENM","3834OkQSRJRa+3zUat2ENM@f9941","3an+m+NAFFTbpJGF+gQ7nT","3ao/ZQ1M9Lnok+jlJYIoPt","3ao/ZQ1M9Lnok+jlJYIoPt@f9941","3ayDdx0jZJ6Im8QizdGhRP","3ayDdx0jZJ6Im8QizdGhRP@f9941","456ZNdJoNLjbHIbbLkOVPK","48MF4DHRtNBYIsuSJEd59o","49++DqmhlGS4msGN8FZObx","4abHj6SFNIYa1Sfrw4PiKB","4abHj6SFNIYa1Sfrw4PiKB@f9941","4bkoLI20xFFJRhSpwV0poC","4dhVKSsMJHyov64l4+e3Mb","4eMALLYVdPuLf3mid/QIU7","4eMALLYVdPuLf3mid/QIU7@f9941","4eY/WY2qlALpHwVynkhCI8","4eY/WY2qlALpHwVynkhCI8@f9941","530M8v54NEk7cXcMSYp7Nn","534h9CxNJLF6UafctDzP9Z","534h9CxNJLF6UafctDzP9Z@f9941","54TknWPwVPqJqeCR+Y/Czo","54TknWPwVPqJqeCR+Y/Czo@6c48a","54TknWPwVPqJqeCR+Y/Czo@f9941","57ptoRjmpDWpHB+D4TQsBj","57ptoRjmpDWpHB+D4TQsBj@f9941","5apRHWvE9Ds5Gqq0yGJq37","5apRHWvE9Ds5Gqq0yGJq37@f9941","5a5gbK6btMm4l/bEOGjq1u","5dYlhBKllGzIBOlOeGNqKb","5eqxJ5SD9B77CJQIc2fumZ","5eqxJ5SD9B77CJQIc2fumZ@f9941","5e1nSJdJBB8LPm9Dbf9AUA","5e1nSJdJBB8LPm9Dbf9AUA@f9941","62VC1oablIOb7w0p9HUlqv","62VC1oablIOb7w0p9HUlqv@f9941","64oD7RVsFOvqRazkLII/lz","67FLll9q5AO4lxMW45JEGM","67ORLtYOVHA6luYrGGubAY","671WckYGpKWqpltO+0JOLh","6ab6dKK3tCaKoQjb5rI8VP","6ab6dKK3tCaKoQjb5rI8VP@f9941","71BrT//ThFFJt1b3x9U+oW","71BrT//ThFFJt1b3x9U+oW@f9941","71svANRRFHRrrKckkPOM7C","72RNMBJxJGf4i6XwRUbNWn","74P25TK6pIR60YyIL9nCiz","74lYbtovhL9YNUtNr5eev2","74lYbtovhL9YNUtNr5eev2@f9941","77u43kSKpIM4VidZI7XzpN","794YezBkBObrGQV/RsEjO8","7bs+O/VO1McoAEb/mSCtJK","7bs+O/VO1McoAEb/mSCtJK@f9941","7dFk0MgLFLKYYeumdkZo3s","7dFk0MgLFLKYYeumdkZo3s@f9941","7dj5uJT9FMn6OrOOx83tfK@f9941","7d425kyoNC5b/zzLkpdDXd","7d425kyoNC5b/zzLkpdDXd@f9941","7fWlzhXVFB+qMWriqlyyio","80aU+EL8FCVbZA8oDBRPvL","80aU+EL8FCVbZA8oDBRPvL@f9941","82gyoOlsJBaqTn3ml3idYi","83VaIJDGROV64cW78IemYP","83VaIJDGROV64cW78IemYP@f9941","86vV+53HlLIoU8KQ/Cx5fJ","87YwpjGUBAj4xaNbV1AMBw","90nGS9J0ZB1ZFL4X6A/PS4","90u4XmycdHuLBsZ5xa4EUf","90u4XmycdHuLBsZ5xa4EUf@f9941","92TV9zMHNBUYnWqxQ8WrUV@6c48a","92TV9zMHNBUYnWqxQ8WrUV@f9941","924w4GLN1IbL4BfRiGkK6X","94+l+cHjZL6YTUwitbUOV6","95EkngnxZFbYuFpsqVTaFr","95EkngnxZFbYuFpsqVTaFr@6c48a","95EkngnxZFbYuFpsqVTaFr@f9941","96D2eFoaZLUKfod8EUf1kz","99UJxFeBFMvr3GhALwK4rU","99UJxFeBFMvr3GhALwK4rU@f9941","9adA2/xP5L94FjdbPzH9jA","9bXCwktoZIP4FUrMpRO0ko","9dg0dKmjtFYYgEfyxWDhP+","9dg0dKmjtFYYgEfyxWDhP+@f9941","9f0EZG6VZGg7JnUpt9Dzal","9f0EZG6VZGg7JnUpt9Dzal@f9941","a3g3Oy98tJVrdG5lBxHlEg","a3ky/+z9BGJqvxD5U/Own0","a5rEEPQ8hLNZDytFStGrdO","a8ZLbD+kVOEabBG381kxla","a9jRBP4H9A4YUJEe78tp9D","a9jRBP4H9A4YUJEe78tp9D@f9941","abLQbIDrNJdb+rf0F8naA1","abbK7YAkxKAolZ77dafksf","aboQukowFKwYt8LP6EfRMW","achQmaOQpIjKxWeLHLH2X8","achQmaOQpIjKxWeLHLH2X8@f9941","aenm0nvUtIoJYMThRoLW4r","aenm0nvUtIoJYMThRoLW4r@f9941","afxHkx8GZGsJC+n+YfITQo","afxHkx8GZGsJC+n+YfITQo@6c48a","afxHkx8GZGsJC+n+YfITQo@f9941","b6zyX8PWlCXa10loFtNjkl","b6zyX8PWlCXa10loFtNjkl@f9941","b84XkTPDJAnbBAYjoGf1f+","bcjZe4jrBLNqbe7Su4TIH7","bcjZe4jrBLNqbe7Su4TIH7@f9941","c1c4e7trRLk6qsLn2bfdz5","c2PMdE2OJHNbIEx8MIXEf5","c3S6/FoodISqRNk6TQ8m1+","c3u0nKBvRADbB2m/oMbacP","c7v5sNrv1FGbvRcTQy8zEF","c88zDGQrJCIq8hZ8oXc0Bx","cdt95f2gBH3IR+jtDNT/PM","cdt95f2gBH3IR+jtDNT/PM@f9941","ceSJ+U3d1JrrXmo+x7EzgM","cekcFwortABJX64+6Hev6L","cerVMwwjVOmZrmNZ2chy5R","cerVMwwjVOmZrmNZ2chy5R@f9941","d1yVmQn4lMHZ3N8iqYu+av","d33rD5rApJnLldSRiF+ccE","d33rD5rApJnLldSRiF+ccE@f9941","d55YOKwu9GBLA7vC28fEBA","d55YOKwu9GBLA7vC28fEBA@f9941","d6rAPCRY5IF6CcLVu/Fjvl","d7jcKAGnxNvrAXnQnpto24","d7jcKAGnxNvrAXnQnpto24@f9941","d8r/6Yt89AgLMe1ok7zsA7","d8r/6Yt89AgLMe1ok7zsA7@f9941","d9Eppg5lhHvbcHwM0rhaFV","d9Eppg5lhHvbcHwM0rhaFV@f9941","dcILfD4TVPk4h1ZecwTE5N","dcsgURFoBJ759dBqk24hpg","dcsgURFoBJ759dBqk24hpg@f9941","dc621C8u9LOL0NyQ7iXcBl","e7VNkBN1hHkKwa9EbrBy1o","e7VNkBN1hHkKwa9EbrBy1o@f9941","e8BSU550FOzYm/IEdeBDrU","e8GnTp9spO7o/7lSxVTlAn","e8tt+iIV5Bm6ZZKZbF7GGO","echeO1KyxF7K1FepV6NvI/","ed4Vi7A1FOCJ46Isiv2die","ed4Vi7A1FOCJ46Isiv2die@f9941","f1FQuRxV5HkK2dJmz/UBzA","f1FQuRxV5HkK2dJmz/UBzA@f9941","f1n7NlJ2xM9InnwuDYUO9N","f1n7NlJ2xM9InnwuDYUO9N@f9941","f2L+8aHsZFXapxRmv1r7M5","f3dmDH6hdLR4r2G5/9VyhR","f4IC64d9tOYZfabo8mHJ7J","f5C+ddOr1Ggajq1XuLKzD5","f5FbxlrnJIWrDtj/oTafi8","f9Jcy3JEBCEpbHd479pvNM","fcfPqi9vNLcrYnZzHxz7j9","feRYH1WAJBsJ8MhKU/mZOC","feRYH1WAJBsJ8MhKU/mZOC@f9941","ffJLQoNxNK17jk3BVaV35b","ffJLQoNxNK17jk3BVaV35b@f9941","ffuIqPr2JI9I8dPLYGRDpD","ffuIqPr2JI9I8dPLYGRDpD@6c48a","ffuIqPr2JI9I8dPLYGRDpD@f9941"],"paths":{"3":["img/0/texture",2,1],"4":["img/btn_fanhui/texture",2,1],"5":["img/btn_fanhui/spriteFrame",3,1],"6":["img/Jumlah taruhan/texture",2,1],"7":["img/icon_lishibox_new/texture",2,1],"8":["img/icon_lishibox_new/spriteFrame",3,1],"9":["img/bg_ping_huang/texture",2,1],"10":["prefabs/prefabs_Crash_loading",4,1],"11":["img/bg_xiazhutishi/texture",2,1],"12":["img/bg_xiazhutishi/spriteFrame",3,1],"13":["img/Atur ulang/texture",2,1],"14":["img/icon_zuomian_new/texture",2,1],"15":["img/icon_zuomian_new/spriteFrame",3,1],"16":["img/btn_shezhi/texture",2,1],"17":["img/btn_shezhi/spriteFrame",3,1],"18":["img/btn_lan/texture",2,1],"19":["img/bg_xzq_di_2/texture",2,1],"20":["img/bg_xzq_di_2/spriteFrame",3,1],"21":["img/zi_Penmain/texture",2,1],"22":["img/0",1,1],"23":["img/0/spriteFrame",3,1],"24":["img/btn_fanhui",1,1],"25":["img/Jumlah taruhan",1,1],"26":["img/Jumlah taruhan/spriteFrame",3,1],"28":["img/icon_lishibox_new",1,1],"33":["img/Lanjut/texture",2,1],"34":["img/btn_longhu_topup/texture",2,1],"35":["img/btn_longhu_topup/spriteFrame",3,1],"36":["img/btn_jia_0/texture",2,1],"37":["img/btn_jia_0/spriteFrame",3,1],"38":["img/btn_jian_1/texture",2,1],"39":["img/btn_jian_1/spriteFrame",3,1],"40":["img/bg_xhj/texture",2,1],"41":["img/bg_xhj/spriteFrame",3,1],"42":["img/bg_ls_zuom_zi/texture",2,1],"43":["skeleton/star/texture",2,1],"44":["skeleton/star/spriteFrame",3,1],"45":["img/icon_sy/texture",2,1],"46":["skeleton/xhj/texture",2,1],"47":["img/zi_guize/texture",2,1],"48":["img/zi_guize/spriteFrame",3,1],"49":["img/icon_dt_loading_1/texture",2,1],"50":["img/icon_dt_loading_1/spriteFrame",3,1],"51":["img/jindu_di/texture",2,1],"52":["img/jindu_di/spriteFrame",3,1],"53":["img/bg_shezhi_box/texture",2,1],"54":["img/icon_win/texture",2,1],"55":["img/icon_win/spriteFrame",3,1],"56":["img/Reset/texture",2,1],"57":["img/Reset/spriteFrame",3,1],"58":["img/bg_ls_zuom_lv/texture",2,1],"59":["img/icon_lishibox_huang/texture",2,1],"60":["prefabs/topnavigation",4,1],"61":["img/bg_xinxiban/texture",2,1],"62":["img/bg_xinxiban/spriteFrame",3,1],"63":["img/bg_hj_zhunbei_box@2x/texture",2,1],"64":["img/bg_tuichu/texture",2,1],"65":["img/btn_hj_xiazhubeishu_atur_up@2x/texture",2,1],"66":["img/bg_hj_loading/texture",2,1],"67":["img/bg_hj_loading/spriteFrame",3,1],"68":["img/btn_xiazhujine/texture",2,1],"69":["img/btn_xiazhujine/spriteFrame",3,1],"70":["img/bg_hj_beishu_box/texture",2,1],"71":["img/Menetapkan/texture",2,1],"72":["skeleton/animation_user_bet",5,1],"73":["img/icon_hj_new@2x/texture",2,1],"74":["img/head/texture",2,1],"75":["img/head/spriteFrame",3,1],"76":["img/xian/texture",2,1],"77":["img/xian/spriteFrame",3,1],"78":["img/icon_lishibox_di_lv/texture",2,1],"79":["img/icon_lishibox_di_lv/spriteFrame",3,1],"80":["prefabs/main",4,1],"81":["img/bg_hj_lishitanchuang/texture",2,1],"82":["img/icon_lishibox_hong/texture",2,1],"83":["img/icon_longhu_suo/texture",2,1],"84":["img/icon_longhu_suo/spriteFrame",3,1],"85":["img/icon_lishibox_di_lan/texture",2,1],"86":["img/icon_lishibox_di_lan/spriteFrame",3,1],"87":["img/bg_jianbian/texture",2,1],"88":["img/btn_hj_jinbi_goumai@2x/texture",2,1],"89":["img/btn_hj_jinbi_goumai@2x/spriteFrame",3,1],"90":["img/jindu_tiao/texture",2,1],"91":["img/jindu_tiao/spriteFrame",3,1],"92":["img/icon_hj_lishi_huang_sml@2x/texture",2,1],"93":["img/bg_ls_zuom_hong/texture",2,1],"94":["img/Aturan crash/texture",2,1],"95":["img/bg_caidan_box/texture",2,1],"96":["img/bg_caidan_box/spriteFrame",3,1],"97":["img/bg_lishitiao_bg/texture",2,1],"98":["img/bg_guize_box/texture",2,1],"99":["img/bg_guize_box/spriteFrame",3,1],"100":["img/btn_hj_xiazhubeishu_atur_down@2x/texture",2,1],"101":["img/bg_box_ss/texture",2,1],"102":["img/bg_box_ss/spriteFrame",3,1],"103":["img/btn_lilshi/texture",2,1],"104":["img/btn_lilshi/spriteFrame",3,1],"105":["img/bg_lishi_box/texture",2,1],"106":["img/bg_lishi_box/spriteFrame",3,1],"107":["img/zi_viptishi/texture",2,1],"108":["img/bg_hj_huojianguiji@2x/texture",2,1],"109":["img/Bet amount/texture",2,1],"110":["img/Bet amount/spriteFrame",3,1],"111":["img/Max/texture",2,1],"112":["img/Max/spriteFrame",3,1],"113":["img/Auto stop/texture",2,1],"114":["img/Auto stop/spriteFrame",3,1],"115":["img/icon_hj_jinbi@2x/texture",2,1],"116":["img/icon_hj_jinbi@2x/spriteFrame",3,1],"117":["img/zi_hj_xiazhuquStopotomaris_up/texture",2,1],"118":["img/jiesuan/texture",2,1],"119":["img/jiesuan/spriteFrame",3,1],"120":["img/bg_hj_fengexian@2x/texture",2,1],"121":["img/bg_hj_fengexian@2x/spriteFrame",3,1],"122":["img/btn_lv/texture",2,1],"123":["img/bg_tishiguang/texture",2,1],"124":["prefabs/bottom_actionBar",4,1],"125":["img/dengdaixiazhu/texture",2,1],"126":["img/dengdaixiazhu/spriteFrame",3,1],"127":["img/bg_jinbibox/texture",2,1],"128":["img/bg_jinbibox/spriteFrame",3,1],"129":["img/bg_ls_zuom_cheng/texture",2,1],"130":["img/bg_ls_zuom_cheng/spriteFrame",3,1],"131":["img/icon_dt_loading_0/texture",2,1],"132":["img/icon_dt_loading_0/spriteFrame",3,1],"133":["img/icon_lishibox_lv/texture",2,1],"134":["img/btn_xz_lv/texture",2,1],"135":["img/btn_xz_lv/spriteFrame",3,1],"136":["img/btn_jia_1/texture",2,1],"137":["img/btn_jia_1/spriteFrame",3,1],"138":["img/TRENDS/texture",2,1],"139":["img/TRENDS/spriteFrame",3,1],"140":["img/zi_hj_xiazhuquStopotomaris_down/texture",2,1],"141":["img/icon_yy/texture",2,1],"142":["prefabs/rulePanel",4,1],"143":["skeleton/hide",5,1],"144":["img/btn_shezhi_on/texture",2,1],"145":["prefabs/rightPanel",4,1],"146":["img/word_vip/texture",2,1],"147":["img/word_vip/spriteFrame",3,1],"148":["img/btn_shezhi_off/texture",2,1],"149":["img/bg_touxiangkuang_me/texture",2,1],"150":["img/bg_touxiangkuang_me/spriteFrame",3,1],"151":["img/btn_jian_0/texture",2,1],"152":["img/btn_jian_0/spriteFrame",3,1],"153":["img/icon_lishibox_di_huang/texture",2,1],"154":["img/icon_lishibox_di_huang/spriteFrame",3,1],"155":["img/btn_guize/texture",2,1],"156":["img/btn_guize/spriteFrame",3,1],"157":["img/btn_hj_lishi_off@2x/texture",2,1],"158":["img/btn_hj_lishi_off@2x/spriteFrame",3,1],"159":["img/zi_Saldo/texture",2,1],"160":["img/bg_hj_huojianguiji@2x",1,1],"161":["img/bg_hj_huojianguiji@2x/spriteFrame",3,1],"162":["img/Bet amount",1,1],"164":["img/btn_off/texture",2,1],"165":["img/btn_off/spriteFrame",3,1],"166":["img/btn_caidan/texture",2,1],"167":["img/btn_caidan/spriteFrame",3,1],"168":["img/bg_userbox_down@2x/texture",2,1],"169":["img/word_gold/texture",2,1],"170":["img/word_gold/spriteFrame",3,1],"171":["img/bg_hj_xiazhujine@2x/texture",2,1],"172":["img/bg_ping_hong/texture",2,1],"173":["img/icon_user/texture",2,1],"174":["img/icon_user/spriteFrame",3,1],"175":["img/bg_xhj_Di/texture",2,1],"176":["img/icon_lishibox_lan/texture",2,1],"177":["img/Settings/texture",2,1],"178":["prefabs/game_teen",4,1],"179":["img/Crash rules/texture",2,1],"180":["img/Crash rules/spriteFrame",3,1],"181":["img/bg_xxxbg/texture",2,1],"182":["img/btn_hj_xiazhujine_down@2x/texture",2,1],"183":["img/btn_hj_xiazhujine_down@2x/spriteFrame",3,1],"184":["img/bg_ls_zuom_lan/texture",2,1],"185":["img/btn_xz_huang/texture",2,1],"186":["img/btn_xz_huang/spriteFrame",3,1],"187":["img/icon_user_touxianbox/texture",2,1],"188":["img/icon_user_touxianbox/spriteFrame",3,1],"189":["img/icon_lishibox_di_hong/texture",2,1],"190":["img/icon_lishibox_di_hong/spriteFrame",3,1],"191":["skeleton/xhj",7,1],"192":["img/btn_xiazhujine-1/texture",2,1],"193":["img/bg_ping_lv/texture",2,1],"194":["img/bg_userbox/texture",2,1],"195":["img/jindu_ding/texture",2,1],"196":["img/jindu_ding/spriteFrame",3,1],"197":["img/bg_xzq_di_1/texture",2,1],"198":["img/bg_xzq_di_1/spriteFrame",3,1],"199":["img/icon_lishibox_di_zi/texture",2,1],"200":["img/icon_lishibox_di_zi/spriteFrame",3,1],"201":["img/word_battle/texture",2,1],"202":["img/word_battle/spriteFrame",3,1],"203":["skeleton/xhj_xingxing",8,1],"204":["img/btn_xzq_lu1/texture",2,1],"205":["img/btn_xzq_lu1/spriteFrame",3,1],"206":["skeleton/animation_title",5,1],"207":["img/icon_lishibox_zi/texture",2,1],"208":["img/icon_lishibox_zi/spriteFrame",3,1],"209":["img/Keluar/texture",2,1],"210":["img/btn_xz_lan/texture",2,1],"211":["img/bg_ping_huang",1,1],"212":["img/bg_ping_huang/spriteFrame",3,1],"213":["img/bg_xiazhutishi",1,1],"214":["img/Atur ulang",1,1],"215":["img/Atur ulang/spriteFrame",3,1],"216":["img/icon_zuomian_new",1,1],"217":["img/btn_shezhi",1,1],"218":["img/btn_lan",1,1],"219":["img/btn_lan/spriteFrame",3,1],"223":["audio/bingo",0,1],"224":["audio/btn_click",0,1],"225":["img/bg_xzq_di_2",1,1],"226":["img/zi_Penmain",1,1],"227":["img/zi_Penmain/spriteFrame",3,1],"228":["img/Lanjut",1,1],"229":["img/Lanjut/spriteFrame",3,1],"230":["img/btn_longhu_topup",1,1],"231":["img/btn_jia_0",1,1],"232":["img/btn_jian_1",1,1],"233":["img/bg_xhj",1,1],"234":["img/bg_ls_zuom_zi",1,1],"235":["img/bg_ls_zuom_zi/spriteFrame",3,1],"236":["skeleton/star",1,1],"237":["img/icon_sy",1,1],"238":["img/icon_sy/spriteFrame",3,1],"239":["skeleton/xhj",1,1],"240":["skeleton/xhj/spriteFrame",3,1],"241":["img/zi_guize",1,1],"242":["img/icon_dt_loading_1",1,1],"243":["img/jindu_di",1,1],"244":["img/bg_shezhi_box",1,1],"245":["img/bg_shezhi_box/spriteFrame",3,1],"246":["img/icon_win",1,1],"247":["img/Reset",1,1],"248":["img/bg_ls_zuom_lv",1,1],"249":["img/bg_ls_zuom_lv/spriteFrame",3,1],"250":["img/icon_lishibox_huang",1,1],"251":["img/icon_lishibox_huang/spriteFrame",3,1],"252":["img/bg_xinxiban",1,1],"253":["img/bg_hj_zhunbei_box@2x",1,1],"254":["img/bg_hj_zhunbei_box@2x/spriteFrame",3,1],"258":["img/bg_tuichu",1,1],"259":["img/bg_tuichu/spriteFrame",3,1],"260":["img/btn_hj_xiazhubeishu_atur_up@2x",1,1],"261":["img/btn_hj_xiazhubeishu_atur_up@2x/spriteFrame",3,1],"262":["img/bg_hj_loading",1,1],"263":["img/btn_xiazhujine",1,1],"264":["img/bg_hj_beishu_box",1,1],"265":["img/bg_hj_beishu_box/spriteFrame",3,1],"266":["img/Menetapkan",1,1],"267":["img/Menetapkan/spriteFrame",3,1],"268":["img/icon_hj_new@2x",1,1],"269":["img/icon_hj_new@2x/spriteFrame",3,1],"270":["img/head",1,1],"271":["img/xian",1,1],"272":["audio/main_bgm",0,1],"273":["img/icon_lishibox_di_lv",1,1],"274":["img/bg_hj_lishitanchuang",1,1],"275":["img/bg_hj_lishitanchuang/spriteFrame",3,1],"276":["img/icon_lishibox_hong",1,1],"277":["img/icon_lishibox_hong/spriteFrame",3,1],"278":["img/icon_longhu_suo",1,1],"279":["img/icon_lishibox_di_lan",1,1],"280":["audio/ding",0,1],"281":["img/bg_jianbian",1,1],"282":["img/bg_jianbian/spriteFrame",3,1],"283":["img/btn_hj_jinbi_goumai@2x",1,1],"284":["img/jindu_tiao",1,1],"285":["img/icon_hj_lishi_huang_sml@2x",1,1],"286":["img/icon_hj_lishi_huang_sml@2x/spriteFrame",3,1],"287":["img/bg_ls_zuom_hong",1,1],"288":["img/bg_ls_zuom_hong/spriteFrame",3,1],"290":["img/Aturan crash",1,1],"291":["img/Aturan crash/spriteFrame",3,1],"292":["img/bg_caidan_box",1,1],"293":["img/bg_lishitiao_bg",1,1],"294":["img/bg_lishitiao_bg/spriteFrame",3,1],"295":["img/bg_guize_box",1,1],"296":["img/btn_hj_xiazhubeishu_atur_down@2x",1,1],"297":["img/btn_hj_xiazhubeishu_atur_down@2x/spriteFrame",3,1],"298":["img/bg_box_ss",1,1],"299":["img/btn_lilshi",1,1],"300":["img/bg_lishi_box",1,1],"301":["img/zi_viptishi",1,1],"302":["img/zi_viptishi/spriteFrame",3,1],"305":["img/Max",1,1],"306":["img/Auto stop",1,1],"310":["img/icon_hj_jinbi@2x",1,1],"311":["img/zi_hj_xiazhuquStopotomaris_up",1,1],"312":["img/zi_hj_xiazhuquStopotomaris_up/spriteFrame",3,1],"313":["img/jiesuan",1,1],"314":["img/bg_hj_fengexian@2x",1,1],"315":["img/btn_lv",1,1],"316":["img/btn_lv/spriteFrame",3,1],"317":["img/bg_tishiguang",1,1],"318":["img/bg_tishiguang/spriteFrame",3,1],"319":["img/dengdaixiazhu",1,1],"320":["img/bg_jinbibox",1,1],"321":["img/bg_ls_zuom_cheng",1,1],"322":["img/icon_dt_loading_0",1,1],"323":["img/icon_lishibox_lv",1,1],"324":["img/icon_lishibox_lv/spriteFrame",3,1],"325":["img/btn_xz_lv",1,1],"326":["img/btn_jia_1",1,1],"327":["img/TRENDS",1,1],"328":["img/zi_hj_xiazhuquStopotomaris_down",1,1],"329":["img/zi_hj_xiazhuquStopotomaris_down/spriteFrame",3,1],"330":["img/icon_yy",1,1],"331":["img/icon_yy/spriteFrame",3,1],"335":["img/btn_shezhi_on",1,1],"336":["img/btn_shezhi_on/spriteFrame",3,1],"337":["img/word_vip",1,1],"338":["img/btn_shezhi_off",1,1],"339":["img/btn_shezhi_off/spriteFrame",3,1],"340":["img/bg_touxiangkuang_me",1,1],"341":["img/btn_jian_0",1,1],"342":["skeleton/xhj",6,1],"343":["img/icon_lishibox_di_huang",1,1],"344":["img/btn_guize",1,1],"345":["img/btn_hj_lishi_off@2x",1,1],"346":["img/zi_Saldo",1,1],"347":["img/zi_Saldo/spriteFrame",3,1],"348":["img/btn_off",1,1],"349":["img/btn_caidan",1,1],"350":["img/bg_userbox_down@2x",1,1],"351":["img/bg_userbox_down@2x/spriteFrame",3,1],"352":["img/word_gold",1,1],"353":["img/bg_hj_xiazhujine@2x",1,1],"354":["img/bg_hj_xiazhujine@2x/spriteFrame",3,1],"355":["img/bg_ping_hong",1,1],"356":["img/bg_ping_hong/spriteFrame",3,1],"357":["img/icon_user",1,1],"358":["img/bg_xhj_Di",1,1],"359":["img/bg_xhj_Di/spriteFrame",3,1],"360":["img/icon_lishibox_lan",1,1],"361":["img/icon_lishibox_lan/spriteFrame",3,1],"362":["img/Settings",1,1],"363":["img/Settings/spriteFrame",3,1],"364":["img/Crash rules",1,1],"365":["img/bg_xxxbg",1,1],"366":["img/bg_xxxbg/spriteFrame",3,1],"367":["img/btn_hj_xiazhujine_down@2x",1,1],"368":["img/bg_ls_zuom_lan",1,1],"369":["img/bg_ls_zuom_lan/spriteFrame",3,1],"370":["img/btn_xz_huang",1,1],"371":["img/icon_user_touxianbox",1,1],"372":["img/icon_lishibox_di_hong",1,1],"373":["audio/xiu",0,1],"374":["img/btn_xiazhujine-1",1,1],"375":["img/btn_xiazhujine-1/spriteFrame",3,1],"376":["img/bg_ping_lv",1,1],"377":["img/bg_ping_lv/spriteFrame",3,1],"378":["img/bg_userbox",1,1],"379":["img/bg_userbox/spriteFrame",3,1],"380":["img/jindu_ding",1,1],"381":["img/bg_xzq_di_1",1,1],"382":["img/icon_lishibox_di_zi",1,1],"383":["img/word_battle",1,1],"385":["img/btn_xzq_lu1",1,1],"386":["img/icon_lishibox_zi",1,1],"387":["img/Keluar",1,1],"388":["img/Keluar/spriteFrame",3,1],"389":["img/btn_xz_lan",1,1],"390":["img/btn_xz_lan/spriteFrame",3,1]},"scenes":{},"packs":{"0209088cb":[48,99,334,142,158,180],"033a28df1":[41,44,52,77,80,91,119,121,126,191,196,203],"03e34cf32":[10,50,67,304,132,165,384],"063ca855c":[5,15,60,104,130],"07dab3d00":[11,13,14,16,18,34,36,38,43,45,46,53,54,56,59,58,3,65,66,68,70,71,81,92,93,94,95,118,120,122,123,19,40,42,47,51,4,6,61,63,64,74,78,83,88,90,101,107,111,113,9,21,256,105,108,303,115,76,82,85,100,109,221,33,49,73,97,98,103,117,7,87,308,129,133,131,127,125,134,136,138,140,141,333,144,146,148,153,155,157,151,149,159,166,164,168,169,171,172,173,176,175,177,179,181,182,189,187,184,185,192,194,195,201,204,193,199,197,207,209,210,392],"0811b13b0":[12,222,20,35,37,39,57,62,257,69,75,84,89,110,112,114,309,116,124,128,135,137,147,150,152,170,183,186,198,202,205],"0a560a836":[17,55,96,145,156,167,174,188,393],"0f4dbb7e6":[8,79,86,102,106,139,154,178,190,200,208]},"versions":{"import":[],"native":[]},"redirect":[289,"0"],"debug":false,"extensionMap":{".ccon":[143,206,72]},"hasPreloadScript":true,"dependencyRelationships":{},"types":["cc.AudioClip","cc.ImageAsset","cc.Texture2D","cc.SpriteFrame","cc.Prefab","cc.AnimationClip","cc.Asset","sp.SkeletonData","cc.ParticleAsset"]}