[1,["549qMQRRJB46TqVB9tbaiM@6c48a"],["_textureSource"],["cc.SpriteFrame"],0,[{"name":"sea_icon_treasurebox1_24","rect":{"x":111,"y":42,"width":281,"height":88},"offset":{"x":-4.5,"y":170},"originalSize":{"width":512,"height":512},"rotated":false,"capInsets":[0,0,0,0],"vertices":{"rawPosition":[-140.5,-44,0,140.5,-44,0,-140.5,44,0,140.5,44,0],"indexes":[0,1,2,2,1,3],"uv":[111,470,392,470,111,382,392,382],"nuv":[0.216796875,0.74609375,0.765625,0.74609375,0.216796875,0.91796875,0.765625,0.91796875],"minPos":{"x":-140.5,"y":-44,"z":0},"maxPos":{"x":140.5,"y":44,"z":0}},"packable":true,"pixelsToUnit":100,"pivot":{"x":0.5,"y":0.5},"meshType":0}],[0],0,[0],[0],[0]]
