[1,["e0YCD/v3VMlKhsEL8/Y4Xs@6c48a"],["_textureSource"],["cc.SpriteFrame"],0,[{"name":"icon_q","rect":{"x":0,"y":0,"width":78,"height":85},"offset":{"x":0,"y":0},"originalSize":{"width":78,"height":85},"rotated":false,"capInsets":[0,0,0,0],"vertices":{"rawPosition":[-39,-42.5,0,39,-42.5,0,-39,42.5,0,39,42.5,0],"indexes":[0,1,2,2,1,3],"uv":[0,85,78,85,0,0,78,0],"nuv":[0,0,1,0,0,1,1,1],"minPos":{"x":-39,"y":-42.5,"z":0},"maxPos":{"x":39,"y":42.5,"z":0}},"packable":true,"pixelsToUnit":100,"pivot":{"x":0.5,"y":0.5},"meshType":0}],[0],0,[0],[0],[0]]
