[1,["9filEAf5JGXqT8Kdt1kPgw@6c48a"],0,[["sp.SkeletonData",["_name","_atlasText","textureNames","_skeletonJson","textures"],-1,3]],[[0,0,1,2,3,4,5]],[[0,"gxfc_caishen","\r\ngxfc_caishen.png\r\nsize: 1024,1024\r\nformat: RGBA8888\r\nfilter: Linear,Linear\r\nrepeat: none\r\n6/hs_1_00000\r\n  rotate: false\r\n  xy: 2, 812\r\n  size: 180, 160\r\n  orig: 180, 160\r\n  offset: 0, 0\r\n  index: -1\r\n6/hs_1_00001\r\n  rotate: false\r\n  xy: 2, 650\r\n  size: 180, 160\r\n  orig: 180, 160\r\n  offset: 0, 0\r\n  index: -1\r\n6/hs_1_00002\r\n  rotate: false\r\n  xy: 184, 812\r\n  size: 180, 160\r\n  orig: 180, 160\r\n  offset: 0, 0\r\n  index: -1\r\n6/hs_1_00003\r\n  rotate: false\r\n  xy: 2, 488\r\n  size: 180, 160\r\n  orig: 180, 160\r\n  offset: 0, 0\r\n  index: -1\r\n6/hs_1_00004\r\n  rotate: false\r\n  xy: 184, 650\r\n  size: 180, 160\r\n  orig: 180, 160\r\n  offset: 0, 0\r\n  index: -1\r\n6/hs_1_00005\r\n  rotate: false\r\n  xy: 366, 812\r\n  size: 180, 160\r\n  orig: 180, 160\r\n  offset: 0, 0\r\n  index: -1\r\n6/hs_1_00006\r\n  rotate: false\r\n  xy: 2, 326\r\n  size: 180, 160\r\n  orig: 180, 160\r\n  offset: 0, 0\r\n  index: -1\r\n6/hs_1_00007\r\n  rotate: false\r\n  xy: 184, 488\r\n  size: 180, 160\r\n  orig: 180, 160\r\n  offset: 0, 0\r\n  index: -1\r\n6/hs_1_00008\r\n  rotate: false\r\n  xy: 366, 650\r\n  size: 180, 160\r\n  orig: 180, 160\r\n  offset: 0, 0\r\n  index: -1\r\n6/hs_1_00009\r\n  rotate: false\r\n  xy: 548, 812\r\n  size: 180, 160\r\n  orig: 180, 160\r\n  offset: 0, 0\r\n  index: -1\r\n6/hs_1_00010\r\n  rotate: false\r\n  xy: 2, 164\r\n  size: 180, 160\r\n  orig: 180, 160\r\n  offset: 0, 0\r\n  index: -1\r\n6/hs_1_00011\r\n  rotate: false\r\n  xy: 184, 326\r\n  size: 180, 160\r\n  orig: 180, 160\r\n  offset: 0, 0\r\n  index: -1\r\n6/hs_1_00012\r\n  rotate: false\r\n  xy: 366, 488\r\n  size: 180, 160\r\n  orig: 180, 160\r\n  offset: 0, 0\r\n  index: -1\r\n6/hs_1_00013\r\n  rotate: false\r\n  xy: 548, 650\r\n  size: 180, 160\r\n  orig: 180, 160\r\n  offset: 0, 0\r\n  index: -1\r\n6/hs_1_00014\r\n  rotate: false\r\n  xy: 730, 812\r\n  size: 180, 160\r\n  orig: 180, 160\r\n  offset: 0, 0\r\n  index: -1\r\n6/hs_1_00015\r\n  rotate: false\r\n  xy: 2, 2\r\n  size: 180, 160\r\n  orig: 180, 160\r\n  offset: 0, 0\r\n  index: -1\r\n6/hs_1_00016\r\n  rotate: false\r\n  xy: 184, 164\r\n  size: 180, 160\r\n  orig: 180, 160\r\n  offset: 0, 0\r\n  index: -1\r\n6/hs_1_00017\r\n  rotate: false\r\n  xy: 366, 326\r\n  size: 180, 160\r\n  orig: 180, 160\r\n  offset: 0, 0\r\n  index: -1\r\n6/hs_1_00018\r\n  rotate: false\r\n  xy: 548, 488\r\n  size: 180, 160\r\n  orig: 180, 160\r\n  offset: 0, 0\r\n  index: -1\r\n6/hs_1_00019\r\n  rotate: false\r\n  xy: 730, 650\r\n  size: 180, 160\r\n  orig: 180, 160\r\n  offset: 0, 0\r\n  index: -1\r\n6/hs_1_00020\r\n  rotate: false\r\n  xy: 184, 2\r\n  size: 180, 160\r\n  orig: 180, 160\r\n  offset: 0, 0\r\n  index: -1\r\n6/hs_1_00021\r\n  rotate: false\r\n  xy: 366, 164\r\n  size: 180, 160\r\n  orig: 180, 160\r\n  offset: 0, 0\r\n  index: -1\r\n6/hs_1_00022\r\n  rotate: false\r\n  xy: 548, 326\r\n  size: 180, 160\r\n  orig: 180, 160\r\n  offset: 0, 0\r\n  index: -1\r\n6/hs_1_00023\r\n  rotate: false\r\n  xy: 730, 488\r\n  size: 180, 160\r\n  orig: 180, 160\r\n  offset: 0, 0\r\n  index: -1\r\n6/hs_1_00024\r\n  rotate: false\r\n  xy: 366, 2\r\n  size: 180, 160\r\n  orig: 180, 160\r\n  offset: 0, 0\r\n  index: -1\r\n6/hs_1_00025\r\n  rotate: false\r\n  xy: 548, 164\r\n  size: 180, 160\r\n  orig: 180, 160\r\n  offset: 0, 0\r\n  index: -1\r\n6/hs_1_00026\r\n  rotate: false\r\n  xy: 730, 326\r\n  size: 180, 160\r\n  orig: 180, 160\r\n  offset: 0, 0\r\n  index: -1\r\n6/hs_1_00027\r\n  rotate: false\r\n  xy: 548, 2\r\n  size: 180, 160\r\n  orig: 180, 160\r\n  offset: 0, 0\r\n  index: -1\r\n6/hs_1_00028\r\n  rotate: false\r\n  xy: 730, 164\r\n  size: 180, 160\r\n  orig: 180, 160\r\n  offset: 0, 0\r\n  index: -1\r\n6/hs_1_00029\r\n  rotate: false\r\n  xy: 730, 2\r\n  size: 180, 160\r\n  orig: 180, 160\r\n  offset: 0, 0\r\n  index: -1\r\n",["gxfc_caishen.png"],{"skeleton":{"hash":"O4aGEVp68qedITT7ZQ9PS69nHP0","spine":"3.6.53","width":180,"height":160,"images":"H:/PS/新大厅/恭喜发财/序列"},"bones":[{"name":"root"},{"name":"bone","parent":"root"}],"slots":[{"name":"asdasd","bone":"bone","attachment":"6/hs_1_00029"}],"skins":{"default":{"asdasd":{"6/hs_1_00000":{"width":180,"height":160},"6/hs_1_00001":{"width":180,"height":160},"6/hs_1_00002":{"width":180,"height":160},"6/hs_1_00003":{"width":180,"height":160},"6/hs_1_00004":{"width":180,"height":160},"6/hs_1_00005":{"width":180,"height":160},"6/hs_1_00006":{"width":180,"height":160},"6/hs_1_00007":{"width":180,"height":160},"6/hs_1_00008":{"width":180,"height":160},"6/hs_1_00009":{"width":180,"height":160},"6/hs_1_00010":{"width":180,"height":160},"6/hs_1_00011":{"width":180,"height":160},"6/hs_1_00012":{"width":180,"height":160},"6/hs_1_00013":{"width":180,"height":160},"6/hs_1_00014":{"width":180,"height":160},"6/hs_1_00015":{"width":180,"height":160},"6/hs_1_00016":{"width":180,"height":160},"6/hs_1_00017":{"width":180,"height":160},"6/hs_1_00018":{"width":180,"height":160},"6/hs_1_00019":{"width":180,"height":160},"6/hs_1_00020":{"width":180,"height":160},"6/hs_1_00021":{"width":180,"height":160},"6/hs_1_00022":{"width":180,"height":160},"6/hs_1_00023":{"width":180,"height":160},"6/hs_1_00024":{"width":180,"height":160},"6/hs_1_00025":{"width":180,"height":160},"6/hs_1_00026":{"width":180,"height":160},"6/hs_1_00027":{"width":180,"height":160},"6/hs_1_00028":{"width":180,"height":160},"6/hs_1_00029":{"width":180,"height":160}}}},"animations":{"dynamic":{"slots":{"asdasd":{"attachment":[{"time":0,"name":"6/hs_1_00000"},{"time":0.0667,"name":"6/hs_1_00001"},{"time":0.1333,"name":"6/hs_1_00002"},{"time":0.2,"name":"6/hs_1_00003"},{"time":0.2667,"name":"6/hs_1_00004"},{"time":0.3333,"name":"6/hs_1_00005"},{"time":0.4,"name":"6/hs_1_00006"},{"time":0.4667,"name":"6/hs_1_00007"},{"time":0.5333,"name":"6/hs_1_00008"},{"time":0.6,"name":"6/hs_1_00009"},{"time":0.6667,"name":"6/hs_1_00010"},{"time":0.7333,"name":"6/hs_1_00011"},{"time":0.8,"name":"6/hs_1_00012"},{"time":0.8667,"name":"6/hs_1_00013"},{"time":0.9333,"name":"6/hs_1_00014"},{"time":1,"name":"6/hs_1_00015"},{"time":1.0667,"name":"6/hs_1_00016"},{"time":1.1333,"name":"6/hs_1_00017"},{"time":1.2,"name":"6/hs_1_00018"},{"time":1.2667,"name":"6/hs_1_00019"},{"time":1.3333,"name":"6/hs_1_00020"},{"time":1.4,"name":"6/hs_1_00021"},{"time":1.4667,"name":"6/hs_1_00022"},{"time":1.5333,"name":"6/hs_1_00023"},{"time":1.6,"name":"6/hs_1_00024"},{"time":1.6667,"name":"6/hs_1_00025"},{"time":1.7333,"name":"6/hs_1_00026"},{"time":1.8,"name":"6/hs_1_00027"},{"time":1.8667,"name":"6/hs_1_00028"},{"time":1.9333,"name":"6/hs_1_00029"},{"time":2,"name":"6/hs_1_00000"}]}}},"static":{"slots":{"asdasd":{"attachment":[{"time":0,"name":"6/hs_1_00000"}]}}}}},[0]]],0,0,[0],[-1],[0]]
