[1,["62542d68-69b9-4839-bef0-d29f47525aaf@6c48a"],["_textureSource"],["cc.SpriteFrame"],0,[{"name":"icon_hj_new@2x","rect":{"x":0,"y":0,"width":44,"height":37},"offset":{"x":0,"y":0},"originalSize":{"width":44,"height":37},"rotated":false,"capInsets":[0,0,0,0],"vertices":{"rawPosition":[-22,-18.5,0,22,-18.5,0,-22,18.5,0,22,18.5,0],"indexes":[0,1,2,2,1,3],"uv":[0,37,44,37,0,0,44,0],"nuv":[0,0,1,0,0,1,1,1],"minPos":{"x":-22,"y":-18.5,"z":0},"maxPos":{"x":22,"y":18.5,"z":0}},"packable":true,"pixelsToUnit":100,"pivot":{"x":0.5,"y":0.5},"meshType":0}],[0],0,[0],[0],[0]]
