[1,["ed6755ac-9063-44bc-bd47-e17471f03bea@6c48a"],["_textureSource"],["cc.SpriteFrame"],0,[{"name":"Q","rect":{"x":0,"y":0,"width":101,"height":114},"offset":{"x":0,"y":0},"originalSize":{"width":101,"height":114},"rotated":false,"capInsets":[0,0,0,0],"vertices":{"rawPosition":[-50.5,-57,0,50.5,-57,0,-50.5,57,0,50.5,57,0],"indexes":[0,1,2,2,1,3],"uv":[0,114,101,114,0,0,101,0],"nuv":[0,0,1,0,0,1,1,1],"minPos":{"x":-50.5,"y":-57,"z":0},"maxPos":{"x":50.5,"y":57,"z":0}},"packable":true,"pixelsToUnit":100,"pivot":{"x":0.5,"y":0.5},"meshType":0}],[0],0,[0],[0],[0]]
