[1,["dc26fa5b-7cc1-4a25-b6de-a697924e6cc0@f9941","dc26fa5b-7cc1-4a25-b6de-a697924e6cc0@6c48a"],["spriteFrame","_textureSource"],["cc.SpriteFrame",["cc.BitmapFont",["_name","fontSize","fntConfig"],0]],[[1,0,1,2,4]],[[[[0,"shuzi_xiazhucishu",32,{"commonHeight":32,"fontSize":32,"atlasName":"shuzi_xiazhucishu_0.png","fontDefDictionary":{"47":{"xOffset":-1,"yOffset":-1,"xAdvance":30,"rect":{"x":104,"y":44,"width":32,"height":43}},"48":{"xOffset":-1,"yOffset":-1,"xAdvance":33,"rect":{"x":72,"y":0,"width":35,"height":43}},"49":{"xOffset":-1,"yOffset":-1,"xAdvance":27,"rect":{"x":137,"y":44,"width":29,"height":43}},"50":{"xOffset":-1,"yOffset":-1,"xAdvance":33,"rect":{"x":108,"y":0,"width":35,"height":43}},"51":{"xOffset":-1,"yOffset":-1,"xAdvance":33,"rect":{"x":144,"y":0,"width":35,"height":43}},"52":{"xOffset":-1,"yOffset":-1,"xAdvance":32,"rect":{"x":216,"y":0,"width":34,"height":43}},"53":{"xOffset":-1,"yOffset":-1,"xAdvance":32,"rect":{"x":251,"y":0,"width":34,"height":43}},"54":{"xOffset":-1,"yOffset":-1,"xAdvance":32,"rect":{"x":0,"y":44,"width":34,"height":43}},"55":{"xOffset":-1,"yOffset":-1,"xAdvance":31,"rect":{"x":70,"y":44,"width":33,"height":43}},"56":{"xOffset":-1,"yOffset":-1,"xAdvance":32,"rect":{"x":35,"y":44,"width":34,"height":43}},"57":{"xOffset":-1,"yOffset":-1,"xAdvance":33,"rect":{"x":180,"y":0,"width":35,"height":43}},"65":{"xOffset":-1,"yOffset":-1,"xAdvance":69,"rect":{"x":0,"y":0,"width":71,"height":43}}},"kerningDict":{}}]],0,0,[0],[0],[0]],[[{"name":"shuzi_xiazhucishu_0","rect":{"x":1,"y":1,"width":283,"height":85},"offset":{"x":-7.5,"y":106.5},"originalSize":{"width":300,"height":300},"rotated":false,"capInsets":[0,0,0,0],"vertices":{"rawPosition":[-141.5,-42.5,0,141.5,-42.5,0,-141.5,42.5,0,141.5,42.5,0],"indexes":[0,1,2,2,1,3],"uv":[1,299,284,299,1,214,284,214],"nuv":[0.0033333333333333335,0.7133333333333334,0.9466666666666667,0.7133333333333334,0.0033333333333333335,0.9966666666666667,0.9466666666666667,0.9966666666666667],"minPos":{"x":-141.5,"y":-42.5,"z":0},"maxPos":{"x":141.5,"y":42.5,"z":0}},"packable":true,"pixelsToUnit":100,"pivot":{"x":0.5,"y":0.5},"meshType":0}],[0],0,[0],[1],[1]]]]
