[1,["76ZblaiihCwbZNPCsIFCyc@f9941","76ZblaiihCwbZNPCsIFCyc@6c48a"],["spriteFrame","_textureSource"],["cc.SpriteFrame",["cc.ParticleAsset",["_name","_native"],1]],[[1,0,1,3]],[[[[0,"hu_wild_lizi",".plist"],-1],0,0,[0],[0],[0]],[[{"name":"hu_lizi","rect":{"x":0,"y":0,"width":17,"height":17},"offset":{"x":0,"y":0},"originalSize":{"width":17,"height":17},"rotated":false,"capInsets":[0,0,0,0],"vertices":{"rawPosition":[-8.5,-8.5,0,8.5,-8.5,0,-8.5,8.5,0,8.5,8.5,0],"indexes":[0,1,2,2,1,3],"uv":[0,17,17,17,0,0,17,0],"nuv":[0,0,1,0,0,1,1,1],"minPos":{"x":-8.5,"y":-8.5,"z":0},"maxPos":{"x":8.5,"y":8.5,"z":0}},"packable":true,"pixelsToUnit":100,"pivot":{"x":0.5,"y":0.5},"meshType":0}],[0],0,[0],[1],[1]]]]
