[1,["96qD1dbVBP958GfOuaG5vF@6c48a"],["_textureSource"],["cc.SpriteFrame"],0,[{"name":"zi_hu_aotospin","rect":{"x":0,"y":0,"width":550,"height":44},"offset":{"x":0,"y":0},"originalSize":{"width":550,"height":44},"rotated":false,"capInsets":[0,0,0,0],"vertices":{"rawPosition":[-275,-22,0,275,-22,0,-275,22,0,275,22,0],"indexes":[0,1,2,2,1,3],"uv":[0,44,550,44,0,0,550,0],"nuv":[0,0,1,0,0,1,1,1],"minPos":{"x":-275,"y":-22,"z":0},"maxPos":{"x":275,"y":22,"z":0}},"packable":true,"pixelsToUnit":100,"pivot":{"x":0.5,"y":0.5},"meshType":0}],[0],0,[0],[0],[0]]
