[1,["c3+QmPamdGXpc44pupNb2x@6c48a"],["_textureSource"],["cc.SpriteFrame"],0,[{"name":"hu_zhongjiang","rect":{"x":2,"y":2,"width":1960,"height":434},"offset":{"x":-42,"y":37},"originalSize":{"width":2048,"height":512},"rotated":false,"capInsets":[0,0,0,0],"vertices":{"rawPosition":[-980,-217,0,980,-217,0,-980,217,0,980,217,0],"indexes":[0,1,2,2,1,3],"uv":[2,510,1962,510,2,76,1962,76],"nuv":[0.0009765625,0.1484375,0.9580078125,0.1484375,0.0009765625,0.99609375,0.9580078125,0.99609375],"minPos":{"x":-980,"y":-217,"z":0},"maxPos":{"x":980,"y":217,"z":0}},"packable":true,"pixelsToUnit":100,"pivot":{"x":0.5,"y":0.5},"meshType":0}],[0],0,[0],[0],[0]]
