[1,["d0pudXwhRMlpWtFSNQXHxm@6c48a"],["_textureSource"],["cc.SpriteFrame"],0,[{"name":"ocean_newjk02_06","rect":{"x":61,"y":78,"width":902,"height":117},"offset":{"x":0,"y":-8.5},"originalSize":{"width":1024,"height":256},"rotated":false,"capInsets":[0,0,0,0],"vertices":{"rawPosition":[-451,-58.5,0,451,-58.5,0,-451,58.5,0,451,58.5,0],"indexes":[0,1,2,2,1,3],"uv":[61,178,963,178,61,61,963,61],"nuv":[0.0595703125,0.23828125,0.9404296875,0.23828125,0.0595703125,0.6953125,0.9404296875,0.6953125],"minPos":{"x":-451,"y":-58.5,"z":0},"maxPos":{"x":451,"y":58.5,"z":0}},"packable":true,"pixelsToUnit":100,"pivot":{"x":0.5,"y":0.5},"meshType":0}],[0],0,[0],[0],[0]]
