[1,["4c1KqXtJdKpIfCtSsrlV5y@6c48a"],0,[["sp.SkeletonData",["_name","_atlasText","textureNames","_skeletonJson","textures"],-1,3]],[[0,0,1,2,3,4,5]],[[0,"guang","\r\nguang.png\r\nsize: 2048,512\r\nformat: RGBA8888\r\nfilter: Linear,Linear\r\nrepeat: none\r\nbaokailizi_00026\r\n  rotate: true\r\n  xy: 385, 64\r\n  size: 338, 297\r\n  orig: 338, 297\r\n  offset: 0, 0\r\n  index: -1\r\nciguang_00000\r\n  rotate: true\r\n  xy: 2, 2\r\n  size: 400, 381\r\n  orig: 400, 381\r\n  offset: 0, 0\r\n  index: -1\r\nciguangxishou_00000\r\n  rotate: true\r\n  xy: 684, 2\r\n  size: 400, 232\r\n  orig: 400, 232\r\n  offset: 0, 0\r\n  index: -1\r\nyinbo\r\n  rotate: false\r\n  xy: 918, 102\r\n  size: 300, 300\r\n  orig: 300, 300\r\n  offset: 0, 0\r\n  index: -1\r\n",["guang.png"],{"skeleton":{"hash":"/QdwpD+dRgdKSSqu0iTP+9X2654","spine":"3.8.99","x":1205.56,"y":-648.67,"width":1216.4,"height":899.31,"images":"./5ofakind/","audio":""},"bones":[{"name":"root"},{"name":"bone19","parent":"root","x":1556.58,"y":-305.48},{"name":"baokailizi_00026","parent":"bone19","x":-163.71,"y":151.86},{"name":"baokailizi_26","parent":"bone19","rotation":-37.81,"x":185.56,"y":151.86},{"name":"baokailizi_27","parent":"bone19","rotation":64.2,"x":133.82,"y":350.61},{"name":"ciguangxishou_00000","parent":"bone19","x":434.84,"y":293.73},{"name":"ciguang_00000","parent":"bone19","x":664.01,"y":22.02},{"name":"yinbo","parent":"bone19","x":-1.96,"y":-193.19}],"slots":[{"name":"1","bone":"root"},{"name":"baokailizi_00026","bone":"baokailizi_00026","attachment":"baokailizi_00026","blend":"additive"},{"name":"baokailizi_26","bone":"baokailizi_26","attachment":"baokailizi_00026","blend":"additive"},{"name":"baokailizi_27","bone":"baokailizi_27","attachment":"baokailizi_00026","blend":"additive"},{"name":"ciguangxishou_00000","bone":"ciguangxishou_00000","attachment":"ciguangxishou_00000","blend":"additive"},{"name":"ciguang_00000","bone":"ciguang_00000","attachment":"ciguang_00000","blend":"additive"},{"name":"yinbo","bone":"yinbo","color":"ff6913ff","attachment":"yinbo","blend":"additive"}],"skins":[{"name":"default","attachments":{"baokailizi_00026":{"baokailizi_00026":{"x":-18.31,"y":11.98,"width":338,"height":297}},"baokailizi_26":{"baokailizi_00026":{"x":-18.31,"y":11.98,"width":338,"height":297}},"baokailizi_27":{"baokailizi_00026":{"x":-18.31,"y":11.98,"width":338,"height":297}},"ciguang_00000":{"ciguang_00000":{"x":1.37,"y":-69.42,"width":400,"height":381}},"ciguangxishou_00000":{"ciguangxishou_00000":{"x":0.58,"y":-7.04,"width":400,"height":232}},"yinbo":{"yinbo":{"width":300,"height":300}}}}],"animations":{"guang":{"slots":{"baokailizi_00026":{"color":[{"time":0.1,"color":"ffffffff"},{"time":0.2,"color":"ffffffdc"},{"time":0.8333,"color":"ffffff00"}]},"baokailizi_26":{"color":[{"time":0.2,"color":"ffffffff"},{"time":1.1667,"color":"ffffff00"}]},"baokailizi_27":{"color":[{"time":0.2333,"color":"ffffffff"},{"time":1.1667,"color":"ffffff00"}]},"ciguang_00000":{"color":[{"time":0.1,"color":"ffffffff"},{"time":0.1667,"color":"ffffffa8"},{"time":0.3667,"color":"ffffff32"},{"time":0.6667,"color":"ffffff00"}]},"ciguangxishou_00000":{"color":[{"time":0.1333,"color":"ffffffff"},{"time":0.1667,"color":"ffffffe6"},{"time":0.4,"color":"ffffff3b"},{"time":0.8333,"color":"ffffff00"}],"attachment":[{"time":0.8333,"name":null}]},"yinbo":{"color":[{"time":0.1,"color":"ff6913ff"},{"time":0.1667,"color":"ff6912e7"},{"time":0.4333,"color":"ff691267"},{"time":1,"color":"ff691200"}]}},"bones":{"baokailizi_26":{"rotate":[{"time":0.1,"angle":26.59}],"translate":[{"time":0.1,"x":-1758.73,"y":166.8}],"scale":[{"time":0.1},{"time":0.2,"x":4.099,"y":6.467},{"time":1.1667,"x":4.099,"y":8.241}]},"baokailizi_00026":{"translate":[{"time":0.1,"x":-1400.47,"y":173.63}],"scale":[{"time":0.1},{"time":0.2,"x":4.099,"y":4.099},{"time":0.8333,"x":4.88,"y":4.88}]},"baokailizi_27":{"rotate":[{"time":0.1333,"angle":32.27}],"translate":[{"time":0.1333,"x":-1706,"y":-18.77}],"scale":[{"time":0.1333},{"time":0.2333,"x":5.126,"y":2.688},{"time":1,"x":10.153,"y":4.121}]},"ciguangxishou_00000":{"translate":[{"time":0.1333,"x":-1975.94,"y":71.31}],"scale":[{"time":0.1333},{"time":0.1667,"x":3.512,"y":6.258},{"time":0.8333,"x":7.087,"y":12.628}]},"ciguang_00000":{"translate":[{"time":0.1,"x":-2231.48,"y":402.5}],"scale":[{"time":0.1,"x":1.347,"y":4.181},{"time":0.1667,"x":2.665,"y":8.268},{"time":0.6667,"x":4.193,"y":13.008}]},"yinbo":{"translate":[{"time":0.1,"x":-1571.3,"y":531.01}],"scale":[{"time":0.1},{"time":0.1667,"x":6.579,"y":6.579},{"time":0.8333,"x":7.713,"y":7.713}]}}}}},[0]]],0,0,[0],[-1],[0]]
