[1,["39ef3c4bdC+YrV/vSVULHv@6c48a"],["_textureSource"],["cc.SpriteFrame"],0,[{"name":"sea_icon_treasurebox_01","rect":{"x":75,"y":139,"width":109,"height":120},"offset":{"x":-126.5,"y":57},"originalSize":{"width":512,"height":512},"rotated":false,"capInsets":[0,0,0,0],"vertices":{"rawPosition":[-54.5,-60,0,54.5,-60,0,-54.5,60,0,54.5,60,0],"indexes":[0,1,2,2,1,3],"uv":[75,373,184,373,75,253,184,253],"nuv":[0.146484375,0.494140625,0.359375,0.494140625,0.146484375,0.728515625,0.359375,0.728515625],"minPos":{"x":-54.5,"y":-60,"z":0},"maxPos":{"x":54.5,"y":60,"z":0}},"packable":true,"pixelsToUnit":100,"pivot":{"x":0.5,"y":0.5},"meshType":0}],[0],0,[0],[0],[0]]
