[1,["39x3J8xYpPt5wlPiLHDdAm@6c48a"],["_textureSource"],["cc.SpriteFrame"],0,[{"name":"haitunxiao","rect":{"x":2,"y":9,"width":1017,"height":1013},"offset":{"x":-1.5,"y":-3.5},"originalSize":{"width":1024,"height":1024},"rotated":false,"capInsets":[0,0,0,0],"vertices":{"rawPosition":[-508.5,-506.5,0,508.5,-506.5,0,-508.5,506.5,0,508.5,506.5,0],"indexes":[0,1,2,2,1,3],"uv":[2,1015,1019,1015,2,2,1019,2],"nuv":[0.001953125,0.001953125,0.9951171875,0.001953125,0.001953125,0.9912109375,0.9951171875,0.9912109375],"minPos":{"x":-508.5,"y":-506.5,"z":0},"maxPos":{"x":508.5,"y":506.5,"z":0}},"packable":true,"pixelsToUnit":100,"pivot":{"x":0.5,"y":0.5},"meshType":0}],[0],0,[0],[0],[0]]
