[1,["60oCs+blFEoKfmroGtSn+S","cekcFwortABJX64+6Hev6L@f9941","c7v5sNrv1FGbvRcTQy8zEF@f9941","1eXN6CVTxOp7ng6gD55Pi9@f9941","fbDEW1091P24ndXYx6QmEN","1eXN6CVTxOp7ng6gD55Pi9@6c48a","4bkoLI20xFFJRhSpwV0poC@6c48a","7fWlzhXVFB+qMWriqlyyio@6c48a","ffuIqPr2JI9I8dPLYGRDpD@f9941","64oD7RVsFOvqRazkLII/lz@f9941","e8GnTp9spO7o/7lSxVTlAn@f9941","96D2eFoaZLUKfod8EUf1kz@f9941","4bkoLI20xFFJRhSpwV0poC@f9941","242rRzU+xEXICC+p5CtMIP@f9941","d6rAPCRY5IF6CcLVu/Fjvl@f9941","7fWlzhXVFB+qMWriqlyyio@f9941","afxHkx8GZGsJC+n+YfITQo@f9941","c7v5sNrv1FGbvRcTQy8zEF@6c48a","cekcFwortABJX64+6Hev6L@6c48a","d6rAPCRY5IF6CcLVu/Fjvl@6c48a","e8GnTp9spO7o/7lSxVTlAn@6c48a","ffuIqPr2JI9I8dPLYGRDpD@6c48a"],["node","_spriteFrame","_textureSource","_parent","_normalSprite","_target","_defaultClip","root","data","_scrollView"],["cc.SpriteFrame",["cc.Sprite",["_sizeMode","_type","_isTrimmedMode","node","__prefab","_spriteFrame"],0,1,4,6],["cc.Node",["_name","_layer","_active","_components","_prefab","_children","_lpos","_parent"],0,9,4,2,5,1],["cc.Label",["_string","_actualFontSize","_fontSize","_lineHeight","_horizontalAlign","_overflow","_enableWrapText","node","__prefab","_color"],-4,1,4,5],["cc.Node",["_name","_layer","_active","_components","_prefab","_lpos","_children","_parent"],0,12,4,5,2,1],["cc.Button",["_transition","_zoomScale","node","__prefab","_normalSprite","_target"],1,1,4,6,1],["cc.UITransform",["node","__prefab","_contentSize","_anchorPoint"],3,1,4,5,5],["cc.Animation",["playOnLoad","node","__prefab","_clips","_defaultClip"],2,1,4,3,6],["cc.Layout",["_layoutType","_spacingY","_isAlign","_resizeMode","node","__prefab"],-1,1,4],["cc.Prefab",["_name"],2],["cc.CompPrefabInfo",["fileId"],2],["cc.PrefabInfo",["fileId","instance","targetOverrides","nestedPrefabInstanceRoots","root","asset"],-1,1,1],["cc.Widget",["_alignFlags","_originalHeight","_alignMode","node","__prefab"],0,1,4],["cc.Mask",["node","__prefab"],3,1,4],["cc.Graphics",["node","__prefab","_fillColor"],3,1,4,5],["cc.ScrollBar",["_direction","node","__prefab","_handle"],2,1,4,1],["cc.ScrollView",["bounceDuration","brake","horizontal","node","__prefab","_content","_verticalScrollBar"],0,1,4,1,1]],[[10,0,2],[11,0,1,2,3,4,5,5],[2,0,1,7,3,4,6,3],[6,0,1,2,1],[6,0,1,2,3,1],[1,3,4,5,1],[2,0,1,7,5,3,4,6,3],[1,0,3,4,5,2],[2,0,1,5,3,4,6,3],[2,0,1,5,3,4,3],[1,1,0,3,4,3],[1,0,2,3,4,5,3],[5,0,1,2,3,5,4,3],[3,0,1,2,3,7,8,9,5],[9,0,2],[2,0,2,1,7,5,3,4,6,4],[4,0,1,6,3,4,5,3],[4,0,2,1,7,6,3,4,5,4],[4,0,1,7,3,4,5,3],[1,3,4,1],[1,1,0,3,4,5,3],[7,0,1,2,3,4,2],[7,1,2,3,4,1],[5,2,3,1],[5,0,1,2,3,4,3],[12,0,1,2,3,4,4],[8,3,0,1,2,4,5,5],[8,0,1,2,4,5,4],[13,0,1,1],[14,0,1,2,1],[3,0,4,1,2,3,5,6,7,8,9,8],[3,0,1,2,7,8,4],[3,0,4,1,2,3,7,8,6],[15,0,1,2,3,2],[16,0,1,2,3,4,5,6,4]],[[[{"name":"btn_shezhi","rect":{"x":0,"y":0,"width":70,"height":54},"offset":{"x":0,"y":0},"originalSize":{"width":70,"height":54},"rotated":false,"capInsets":[0,0,0,0],"vertices":{"rawPosition":[-35,-27,0,35,-27,0,-35,27,0,35,27,0],"indexes":[0,1,2,2,1,3],"uv":[0,54,70,54,0,0,70,0],"nuv":[0,0,1,0,0,1,1,1],"minPos":{"x":-35,"y":-27,"z":0},"maxPos":{"x":35,"y":27,"z":0}},"packable":true,"pixelsToUnit":100,"pivot":{"x":0.5,"y":0.5},"meshType":0}],[0],0,[0],[2],[5]],[[{"name":"icon_win","rect":{"x":0,"y":0,"width":34,"height":21},"offset":{"x":0,"y":0},"originalSize":{"width":34,"height":21},"rotated":false,"capInsets":[0,0,0,0],"vertices":{"rawPosition":[-17,-10.5,0,17,-10.5,0,-17,10.5,0,17,10.5,0],"indexes":[0,1,2,2,1,3],"uv":[0,21,34,21,0,0,34,0],"nuv":[0,0,1,0,0,1,1,1],"minPos":{"x":-17,"y":-10.5,"z":0},"maxPos":{"x":17,"y":10.5,"z":0}},"packable":true,"pixelsToUnit":100,"pivot":{"x":0.5,"y":0.5},"meshType":0}],[0],0,[0],[2],[6]],[[{"name":"bg_caidan_box","rect":{"x":0,"y":0,"width":83,"height":124},"offset":{"x":0,"y":0},"originalSize":{"width":83,"height":124},"rotated":false,"capInsets":[0,0,0,0],"vertices":{"rawPosition":[-41.5,-62,0,41.5,-62,0,-41.5,62,0,41.5,62,0],"indexes":[0,1,2,2,1,3],"uv":[0,124,83,124,0,0,83,0],"nuv":[0,0,1,0,0,1,1,1],"minPos":{"x":-41.5,"y":-62,"z":0},"maxPos":{"x":41.5,"y":62,"z":0}},"packable":true,"pixelsToUnit":100,"pivot":{"x":0.5,"y":0.5},"meshType":0}],[0],0,[0],[2],[7]],[[[14,"rightPanel"],[8,"rightPanel",33554432,[-3,-4,-5,-6],[[4,-2,[0,"c60fzLA5xHBoYbJxZVSHXD"],[5,255,592],[0,0,1]]],[1,"9fWbmcl2tA+4it5RGNpgrl",null,null,null,-1,0],[1,412,376,0]],[9,"playerItem",33554432,[-10,-11,-12,-13,-14,-15,-16],[[4,-7,[0,"efTFYrZ8ZExZiBEcy2mKPB"],[5,250,60],[0,0.5,1]],[7,2,-8,[0,"2dFq/hzr5KLo76ILVptxcV"],5],[21,true,-9,[0,"65iF/VhvtGULE+werT1bYQ"],[6],7]],[1,"06vJAAQ1lKKqiM/5sTmS3q",null,null,null,1,0]],[6,"label_box",33554432,1,[-20,-21,-22],[[4,-17,[0,"65Dg9WS8tKZY/sLd5p5ZNv"],[5,164,29],[0,0,1]],[19,-18,[0,"d4mF6Nq6JMEYmA2+dVmnUu"]],[23,-19,[0,"987QFgTMxFP7dG5BcOmEgi"]]],[1,"50uJBPAa5EO6VOQtO9F4Dm",null,null,null,1,0],[1,3.351,-31.043,0]],[16,"ScrollView",33554432,[-26,-27],[[[3,-23,[0,"cfQuIxPtVFR5Q8ijEnuGPc"],[5,250,524]],[10,1,0,-24,[0,"b3YeJuryhLOZZP6qnjEByi"]],-25],4,4,1],[1,"5db7m/yqpHrIilNrfy2Yo0",null,null,null,1,0],[1,0,-262,0]],[17,"scrollBar",false,33554432,4,[-32],[[[4,-28,[0,"c12n8PhfBI7YopH4vlDD3g"],[5,12,250],[0,1,0.5]],[20,1,0,-29,[0,"65IQRDoU5O6YtTjqBPZRKl"],0],[25,37,250,1,-30,[0,"22ACzp/v1NiZY+ixRJ2Y9p"]],-31],4,4,4,1],[1,"e6xzM325tFM6gICaVqUEU9",null,null,null,1,0],[1,120,0,0]],[8,"props_spr_menu_bg",33554432,[-36,-37],[[4,-33,[0,"b1DSTfSvZGLrlUF6gWcAs0"],[5,83,124],[0,0.5,1]],[5,-34,[0,"03r0E5JK9IZ6pWQHJLSi3b"],15],[22,-35,[0,"c8+wR1htFIybCXpVUdoOcj"],[16],17]],[1,"8fHt8vkKlDXKqy1za2uN6y",null,null,null,1,0],[1,616,300,0]],[9,"content",33554432,[2],[[4,-38,[0,"77Wqyqk3ZPK7xboNTwh674"],[5,249,60],[0,0.5,1]],[26,1,2,10,true,-39,[0,"8cNpH9ZqxN+Z6Jl7lWUwVu"]]],[1,"9eAkHjUGFBza1buTwGA5va",null,null,null,1,0]],[6,"view",33554432,4,[7],[[3,-40,[0,"85WCnwq6tE6IRfnHohLhR6"],[5,250,485]],[28,-41,[0,"0b18/9HkNN7odTKlQPF/hs"]],[29,-42,[0,"78KyXo3ZlPVJbmwgc8lDwg"],[4,16777215]]],[1,"3acRemPA1HZL5dNMrtge77",null,null,null,1,0],[1,0,18,0]],[2,"props_btn_info",33554432,6,[[3,-43,[0,"86wWAYcyhC0a1pysiWhy2q"],[5,70,55]],[11,2,false,-44,[0,"be0cIh09pMlLRKxWfq5p9Y"],11],[12,3,0.9,-46,[0,"b6zZ9Ne8ZGdoS3Pfp79iA4"],-45,12]],[1,"c1yBLJYvFMXJQwAzcPRF29",null,null,null,1,0],[1,2,-38,0]],[2,"props_Up_Settings",33554432,6,[[3,-47,[0,"80uzP3ai5Hhb6SSsoq/Jn4"],[5,70,54]],[11,2,false,-48,[0,"f2pxjzayhLuYNNfMvGjcDM"],13],[12,3,0.9,-50,[0,"14JIxlvOdA2qzfP3nzednL"],-49,14]],[1,"8f1aNbTaxF+r5QHGrnPC1O",null,null,null,1,0],[1,2,-89.841,0]],[6,"Bettinglist",33554432,1,[4],[[4,-51,[0,"39u/zKeOlGX7RXIobhPjz0"],[5,251,522],[0,0.5,1]],[27,2,10,true,-52,[0,"09gJv72JxELoCQdjYy7SJp"]]],[1,"f17gJFO7JEMZFPy9+/gq+o",null,null,null,1,0],[1,129.314,-68,0]],[2,"btn_seting",33554432,1,[[3,-53,[0,"cdaA66E5FC4JoHjDqEU5I9"],[5,81,64]],[5,-54,[0,"e5y3NGB8BCcbqot0oS0gMR"],9],[24,3,0.9,-55,[0,"26zRt4zVhOMpHBvEGpKd21"],10]],[1,"c8P+7C/BxJcaQI2Q4Qt5SI",null,null,null,1,0],[1,208,-42,0]],[18,"bar",33554432,5,[[[4,-56,[0,"d3Z67gIq1Oq4h9WcAN3n9A"],[5,10,156.25],[0,0,0]],-57],4,1],[1,"36mH62GFRGg4ly3QDunNjZ",null,null,null,1,0],[1,-11,-31.25,0]],[2,"headImg",33554432,2,[[3,-58,[0,"6aCZund/NImIXuc8YunkDg"],[5,40,40]],[7,0,-59,[0,"99ZLlroY5F8Kh8T8yhHt6G"],1]],[1,"16QbyYQV1NYLhLYwp3o7ss",null,null,null,1,0],[1,-98,-29,0]],[2,"player_avatar",33554432,2,[[3,-60,[0,"4d9TDcK5NP35q15SsQoYCJ"],[5,62,62]],[7,0,-61,[0,"d6U+U8v8lMTrL70LJegcPR"],2]],[1,"89cddZrc1Kjb10IOxAe0jO",null,null,null,1,0],[1,-98,-29,0]],[2,"label_name",33554432,2,[[4,-62,[0,"15FmIDBWdEfZbP68QaK6+J"],[5,130,20],[0,0,0.5]],[30,"玩家昵称",0,18,18,18,1,false,-63,[0,"a5ArD+qftEGrPMm5fi/D1q"],[4,4278828517]]],[1,"04Ly4HnvFCwq1+9ikBwyGY",null,null,null,1,0],[1,-68,-13,0]],[2,"player_money",33554432,2,[[3,-64,[0,"1fgBSR379HxaRkoVmDjPbW"],[5,26,28]],[5,-65,[0,"eeeKhMVOpPCLqeyUJj7vQL"],3]],[1,"2eJO18/8RGgpBoQfBO2Suf",null,null,null,1,0],[1,-58,-39,0]],[2,"label_number",33554432,2,[[4,-66,[0,"3aPfpX2+lAcJVAOSHBAyD+"],[5,100.1,50.4],[0,0,0.5]],[31,"222,222,000",18,18,-67,[0,"52LgTsmQtOeLldhReMpDh7"]]],[1,"70FMqvONtB37XLtDvdm2nm",null,null,null,1,0],[1,-46,-37,0]],[2,"label_rate",33554432,2,[[3,-68,[0,"86Pfbm3TFItqhGcuVjh7i2"],[5,39.14,25.2]],[13,"x7.73",16,16,20,-69,[0,"2etQ+5o7tAjLJMomQkMo7J"],[4,4284146343]]],[1,"9dwej+qTRIyIhZaEF8gNom",null,null,null,1,0],[1,100,-17,0]],[2,"win",33554432,2,[[3,-70,[0,"52ge1LoA1G94FyQCc2hXlF"],[5,34,21]],[5,-71,[0,"78kH17MhxEO7jDmhGW1FSB"],4]],[1,"92cmds/jtD4oZDOUp+y62h",null,null,null,1,0],[1,100,-41,0]],[2,"user_img",33554432,3,[[3,-72,[0,"d4hzoCA+9PnZcXhvuFVu87"],[5,18,20]],[5,-73,[0,"55byRYcJpHYJzjumcoIyLW"],8]],[1,"4eJASr+31C5bwg2q1XbCo3",null,null,null,1,0],[1,12,-13,0]],[2,"label_name",33554432,3,[[4,-74,[0,"7fa0ALpTVNb4UUw3FVwiZN"],[5,65.02,22.68],[0,0,0.5]],[13,"Players:",18,18,18,-75,[0,"e9CawkZdZBAYR2bo20s5EM"],[4,4293519767]]],[1,"2eCUs8+DlCzZ7DqgWxKABx",null,null,null,1,0],[1,28,-15,0]],[2,"label_count",33554432,3,[[3,-76,[0,"bdin6JGoVFsZ3QPAdLAicX"],[5,20.02,22.68]],[32,"22",0,18,18,0,-77,[0,"9bIxc+ojhIcqG11WE/3zre"]]],[1,"4dBms2ShpKCpRxAQb3Rste",null,null,null,1,0],[1,118,-15,0]],[15,"props_menu_panel",false,33554432,1,[6],[[3,-78,[0,"cdXAc34dNEX7Rc1KaV2bIj"],[5,1400,800]]],[1,"edyeOctIVJbKlE7fLfokhv",null,null,null,1,0],[1,-410,-377.091,0]],[10,1,0,13,[0,"c1GBoy1bRNWKeWLy37e4IX"]],[33,1,5,[0,"a3en/9CyFDDYx0CeAel1SD"],25],[34,0.23,0.75,false,4,[0,"57Z9nwIv1HHZYkuD7lhsQi"],7,26]],0,[0,7,1,0,0,1,0,-1,11,0,-2,3,0,-3,12,0,-4,24,0,0,2,0,0,2,0,0,2,0,-1,14,0,-2,15,0,-3,16,0,-4,17,0,-5,18,0,-6,19,0,-7,20,0,0,3,0,0,3,0,0,3,0,-1,21,0,-2,22,0,-3,23,0,0,4,0,0,4,0,-3,27,0,-1,5,0,-2,8,0,0,5,0,0,5,0,0,5,0,-4,26,0,-1,13,0,0,6,0,0,6,0,0,6,0,-1,9,0,-2,10,0,0,7,0,0,7,0,0,8,0,0,8,0,0,8,0,0,9,0,0,9,0,5,9,0,0,9,0,0,10,0,0,10,0,5,10,0,0,10,0,0,11,0,0,11,0,0,12,0,0,12,0,0,12,0,0,13,0,-2,25,0,0,14,0,0,14,0,0,15,0,0,15,0,0,16,0,0,16,0,0,17,0,0,17,0,0,18,0,0,18,0,0,19,0,0,19,0,0,20,0,0,20,0,0,21,0,0,21,0,0,22,0,0,22,0,0,23,0,0,23,0,0,24,0,8,1,2,3,7,4,3,11,6,3,24,7,3,8,26,9,27,78],[0,0,0,0,0,0,0,0,0,0,0,0,0,0,0,0,0,0,25],[1,1,1,1,1,1,-1,6,1,1,4,1,4,1,4,1,-1,6,1],[8,9,10,11,12,13,0,0,14,1,1,2,2,3,3,15,4,4,16]],[[{"name":"btn_guize","rect":{"x":0,"y":0,"width":70,"height":55},"offset":{"x":0,"y":0},"originalSize":{"width":70,"height":55},"rotated":false,"capInsets":[0,0,0,0],"vertices":{"rawPosition":[-35,-27.5,0,35,-27.5,0,-35,27.5,0,35,27.5,0],"indexes":[0,1,2,2,1,3],"uv":[0,55,70,55,0,0,70,0],"nuv":[0,0,1,0,0,1,1,1],"minPos":{"x":-35,"y":-27.5,"z":0},"maxPos":{"x":35,"y":27.5,"z":0}},"packable":true,"pixelsToUnit":100,"pivot":{"x":0.5,"y":0.5},"meshType":0}],[0],0,[0],[2],[17]],[[{"name":"btn_caidan","rect":{"x":0,"y":0,"width":81,"height":64},"offset":{"x":0,"y":0},"originalSize":{"width":81,"height":64},"rotated":false,"capInsets":[0,0,0,0],"vertices":{"rawPosition":[-40.5,-32,0,40.5,-32,0,-40.5,32,0,40.5,32,0],"indexes":[0,1,2,2,1,3],"uv":[0,64,81,64,0,0,81,0],"nuv":[0,0,1,0,0,1,1,1],"minPos":{"x":-40.5,"y":-32,"z":0},"maxPos":{"x":40.5,"y":32,"z":0}},"packable":true,"pixelsToUnit":100,"pivot":{"x":0.5,"y":0.5},"meshType":0}],[0],0,[0],[2],[18]],[[{"name":"icon_user","rect":{"x":0,"y":0,"width":18,"height":20},"offset":{"x":0,"y":0},"originalSize":{"width":18,"height":20},"rotated":false,"capInsets":[0,0,0,0],"vertices":{"rawPosition":[-9,-10,0,9,-10,0,-9,10,0,9,10,0],"indexes":[0,1,2,2,1,3],"uv":[0,20,18,20,0,0,18,0],"nuv":[0,0,1,0,0,1,1,1],"minPos":{"x":-9,"y":-10,"z":0},"maxPos":{"x":9,"y":10,"z":0}},"packable":true,"pixelsToUnit":100,"pivot":{"x":0.5,"y":0.5},"meshType":0}],[0],0,[0],[2],[19]],[[{"name":"icon_user_touxianbox","rect":{"x":0,"y":0,"width":64,"height":64},"offset":{"x":0,"y":0},"originalSize":{"width":64,"height":64},"rotated":false,"capInsets":[0,0,0,0],"vertices":{"rawPosition":[-32,-32,0,32,-32,0,-32,32,0,32,32,0],"indexes":[0,1,2,2,1,3],"uv":[0,64,64,64,0,0,64,0],"nuv":[0,0,1,0,0,1,1,1],"minPos":{"x":-32,"y":-32,"z":0},"maxPos":{"x":32,"y":32,"z":0}},"packable":true,"pixelsToUnit":100,"pivot":{"x":0.5,"y":0.5},"meshType":0}],[0],0,[0],[2],[20]],[[{"name":"default_scrollbar_vertical_bg","rect":{"x":0,"y":0,"width":15,"height":30},"offset":{"x":0,"y":0},"originalSize":{"width":15,"height":30},"rotated":false,"capInsets":[4,10,4,10],"vertices":{"rawPosition":[-7.5,-15,0,7.5,-15,0,-7.5,15,0,7.5,15,0],"indexes":[0,1,2,2,1,3],"uv":[0,30,15,30,0,0,15,0],"nuv":[0,0,1,0,0,1,1,1],"minPos":{"x":-7.5,"y":-15,"z":0},"maxPos":{"x":7.5,"y":15,"z":0}},"packable":true,"pixelsToUnit":100,"pivot":{"x":0.5,"y":0.5},"meshType":0}],[0],0,[0],[2],[21]]]]
