[1,["92+01ZLAlJxYUbLeoh3nv9@6c48a"],["_textureSource"],["cc.SpriteFrame"],0,[{"name":"common_payline_tips3_3","rect":{"x":38,"y":8,"width":338,"height":295},"offset":{"x":7,"y":4.5},"originalSize":{"width":400,"height":320},"rotated":false,"capInsets":[0,0,0,0],"vertices":{"rawPosition":[-169,-147.5,0,169,-147.5,0,-169,147.5,0,169,147.5,0],"indexes":[0,1,2,2,1,3],"uv":[38,312,376,312,38,17,376,17],"nuv":[0.095,0.053125,0.94,0.053125,0.095,0.975,0.94,0.975],"minPos":{"x":-169,"y":-147.5,"z":0},"maxPos":{"x":169,"y":147.5,"z":0}},"packable":true,"pixelsToUnit":100,"pivot":{"x":0.5,"y":0.5},"meshType":0}],[0],0,[0],[0],[0]]
