[1,["94wgqOdtBBTriBeZyUGKZN@6c48a"],["_textureSource"],["cc.SpriteFrame"],0,[{"name":"ocean_newjk01_05","rect":{"x":48,"y":82,"width":927,"height":90},"offset":{"x":-0.5,"y":1},"originalSize":{"width":1024,"height":256},"rotated":false,"capInsets":[0,0,0,0],"vertices":{"rawPosition":[-463.5,-45,0,463.5,-45,0,-463.5,45,0,463.5,45,0],"indexes":[0,1,2,2,1,3],"uv":[48,174,975,174,48,84,975,84],"nuv":[0.046875,0.328125,0.9521484375,0.328125,0.046875,0.6796875,0.9521484375,0.6796875],"minPos":{"x":-463.5,"y":-45,"z":0},"maxPos":{"x":463.5,"y":45,"z":0}},"packable":true,"pixelsToUnit":100,"pivot":{"x":0.5,"y":0.5},"meshType":0}],[0],0,[0],[0],[0]]
