[1,["949uKEFCpH8pf5vTdT7I7d@6c48a"],["_textureSource"],["cc.SpriteFrame"],0,[{"name":"sea_icon_treasurebox_29","rect":{"x":393,"y":191,"width":12,"height":280},"offset":{"x":143,"y":-75},"originalSize":{"width":512,"height":512},"rotated":false,"capInsets":[0,0,0,0],"vertices":{"rawPosition":[-6,-140,0,6,-140,0,-6,140,0,6,140,0],"indexes":[0,1,2,2,1,3],"uv":[393,321,405,321,393,41,405,41],"nuv":[0.767578125,0.080078125,0.791015625,0.080078125,0.767578125,0.626953125,0.791015625,0.626953125],"minPos":{"x":-6,"y":-140,"z":0},"maxPos":{"x":6,"y":140,"z":0}},"packable":true,"pixelsToUnit":100,"pivot":{"x":0.5,"y":0.5},"meshType":0}],[0],0,[0],[0],[0]]
