[1,["a3gcLRyMpDLKko/KrViHp1@6c48a"],["_textureSource"],["cc.SpriteFrame"],0,[{"name":"sea_icon_treasurebox_22","rect":{"x":185,"y":191,"width":327,"height":321},"offset":{"x":92.5,"y":-95.5},"originalSize":{"width":512,"height":512},"rotated":false,"capInsets":[0,0,0,0],"vertices":{"rawPosition":[-163.5,-160.5,0,163.5,-160.5,0,-163.5,160.5,0,163.5,160.5,0],"indexes":[0,1,2,2,1,3],"uv":[185,321,512,321,185,0,512,0],"nuv":[0.361328125,0,1,0,0.361328125,0.626953125,1,0.626953125],"minPos":{"x":-163.5,"y":-160.5,"z":0},"maxPos":{"x":163.5,"y":160.5,"z":0}},"packable":true,"pixelsToUnit":100,"pivot":{"x":0.5,"y":0.5},"meshType":0}],[0],0,[0],[0],[0]]
