[1,["a3wIW82bhEPq1HNE3eQa1u@6c48a"],["_textureSource"],["cc.SpriteFrame"],0,[{"name":"sea_icon_treasurebox_10","rect":{"x":0,"y":87,"width":437,"height":377},"offset":{"x":-37.5,"y":-19.5},"originalSize":{"width":512,"height":512},"rotated":false,"capInsets":[0,0,0,0],"vertices":{"rawPosition":[-218.5,-188.5,0,218.5,-188.5,0,-218.5,188.5,0,218.5,188.5,0],"indexes":[0,1,2,2,1,3],"uv":[0,425,437,425,0,48,437,48],"nuv":[0,0.09375,0.853515625,0.09375,0,0.830078125,0.853515625,0.830078125],"minPos":{"x":-218.5,"y":-188.5,"z":0},"maxPos":{"x":218.5,"y":188.5,"z":0}},"packable":true,"pixelsToUnit":100,"pivot":{"x":0.5,"y":0.5},"meshType":0}],[0],0,[0],[0],[0]]
