[1,["b2J4ux7yRAJJDHu2vodMZX@6c48a"],["_textureSource"],["cc.SpriteFrame"],0,[{"name":"caisheng2","rect":{"x":2,"y":2,"width":622,"height":242},"offset":{"x":-199,"y":5},"originalSize":{"width":1024,"height":256},"rotated":false,"capInsets":[0,0,0,0],"vertices":{"rawPosition":[-311,-121,0,311,-121,0,-311,121,0,311,121,0],"indexes":[0,1,2,2,1,3],"uv":[2,254,624,254,2,12,624,12],"nuv":[0.001953125,0.046875,0.609375,0.046875,0.001953125,0.9921875,0.609375,0.9921875],"minPos":{"x":-311,"y":-121,"z":0},"maxPos":{"x":311,"y":121,"z":0}},"packable":true,"pixelsToUnit":100,"pivot":{"x":0.5,"y":0.5},"meshType":0}],[0],0,[0],[0],[0]]
