[1,["05e83ed5-2b4e-4518-b9ae-f602e11a05bd@6c48a"],0,[["sp.SkeletonData",["_name","_atlasText","textureNames","_skeletonJson","textures"],-1,3]],[[0,0,1,2,3,4,5]],[[0,"a","\r\na.png\r\nsize: 128,128\r\nformat: RGBA8888\r\nfilter: Linear,Linear\r\nrepeat: none\r\na\r\n  rotate: false\r\n  xy: 2, 2\r\n  size: 111, 96\r\n  orig: 111, 96\r\n  offset: 0, 0\r\n  index: -1\r\n",["a.png"],{"skeleton":{"hash":"wttROw5kk4dl3srkF4TpizV+zEc","spine":"3.6.53","width":111,"height":96,"images":"H:/PS/111/zimu/"},"bones":[{"name":"root"},{"name":"all","parent":"root"},{"name":"10","parent":"all"},{"name":"11","parent":"all"}],"slots":[{"name":"10","bone":"10","attachment":"a"},{"name":"11","bone":"11","attachment":"a","blend":"additive"}],"skins":{"default":{"10":{"a":{"width":111,"height":96}},"11":{"a":{"width":111,"height":96}}}},"animations":{"dynamic":{"slots":{"10":{"attachment":[{"time":0,"name":"a"}]},"11":{"color":[{"time":0,"color":"ffffff00","curve":[0.25,0,0.75,1]},{"time":0.6667,"color":"ffffffff","curve":[0.25,0,0.75,1]},{"time":1.3333,"color":"ffffff00"}],"attachment":[{"time":0,"name":"a"}]}},"bones":{"11":{"rotate":[{"time":0,"angle":0}]},"all":{"rotate":[{"time":0,"angle":0,"curve":[0.25,0,0.75,1]},{"time":0.3333,"angle":-6.5,"curve":[0.25,0,0.75,1]},{"time":0.6667,"angle":-6.18,"curve":[0.25,0,0.75,1]},{"time":1.3333,"angle":0}],"translate":[{"time":0,"x":0,"y":0,"curve":"stepped"},{"time":0.3333,"x":0,"y":0,"curve":[0.25,0,0.75,1]},{"time":0.6667,"x":0,"y":9,"curve":[0.25,0,0.75,1]},{"time":1.3333,"x":0,"y":0}],"scale":[{"time":0,"x":1,"y":1,"curve":[0.25,0,0.75,1]},{"time":0.6667,"x":1.1,"y":1.1,"curve":[0.25,0,0.75,1]},{"time":1.3333,"x":1,"y":1}]}}},"static":{"slots":{"10":{"attachment":[{"time":0,"name":"a"}]},"11":{"color":[{"time":0,"color":"ffffff00"}],"attachment":[{"time":0,"name":"a"}]}},"bones":{"11":{"rotate":[{"time":0,"angle":0}]},"all":{"rotate":[{"time":0,"angle":0}],"translate":[{"time":0,"x":0,"y":0}],"scale":[{"time":0,"x":1,"y":1}]}}}}},[0]]],0,0,[0],[-1],[0]]
