[1,["64Ds7lxeBEYIuibZIk5Atp@6c48a"],["_textureSource"],["cc.SpriteFrame"],0,[{"name":"h_firecracker_atlas_symbols","rect":{"x":5,"y":2,"width":521,"height":525},"offset":{"x":1,"y":0},"originalSize":{"width":529,"height":529},"rotated":false,"capInsets":[0,0,0,0],"vertices":{"rawPosition":[-260.5,-262.5,0,260.5,-262.5,0,-260.5,262.5,0,260.5,262.5,0],"indexes":[0,1,2,2,1,3],"uv":[5,527,526,527,5,2,526,2],"nuv":[0.00945179584120983,0.003780718336483932,0.994328922495274,0.003780718336483932,0.00945179584120983,0.996219281663516,0.994328922495274,0.996219281663516],"minPos":{"x":-260.5,"y":-262.5,"z":0},"maxPos":{"x":260.5,"y":262.5,"z":0}},"packable":true,"pixelsToUnit":100,"pivot":{"x":0.5,"y":0.5},"meshType":0}],[0],0,[0],[0],[0]]
