[1,["8224xIQz5LPISk3mg7meTF@6c48a"],["_textureSource"],["cc.SpriteFrame"],0,[{"name":"bg_hu_guize_4","rect":{"x":0,"y":0,"width":569,"height":575},"offset":{"x":0,"y":0},"originalSize":{"width":569,"height":575},"rotated":false,"capInsets":[0,0,0,0],"vertices":{"rawPosition":[-284.5,-287.5,0,284.5,-287.5,0,-284.5,287.5,0,284.5,287.5,0],"indexes":[0,1,2,2,1,3],"uv":[0,575,569,575,0,0,569,0],"nuv":[0,0,1,0,0,1,1,1],"minPos":{"x":-284.5,"y":-287.5,"z":0},"maxPos":{"x":284.5,"y":287.5,"z":0}},"packable":true,"pixelsToUnit":100,"pivot":{"x":0.5,"y":0.5},"meshType":0}],[0],0,[0],[0],[0]]
