[1,["adomdiWXVEZppDf6ld36Ga@6c48a"],0,[["sp.SkeletonData",["_name","_atlasText","textureNames","_skeletonJson","textures"],-1,3]],[[0,0,1,2,3,4,5]],[[0,"shuaige3","\r\nshuaige3.png\r\nsize: 1024,512\r\nformat: RGBA8888\r\nfilter: Linear,Linear\r\nrepeat: none\r\nbaitian\r\n  rotate: false\r\n  xy: 2, 196\r\n  size: 404, 258\r\n  orig: 404, 258\r\n  offset: 0, 0\r\n  index: -1\r\nbg1\r\n  rotate: false\r\n  xy: 412, 99\r\n  size: 500, 95\r\n  orig: 500, 95\r\n  offset: 0, 0\r\n  index: -1\r\nbg2\r\n  rotate: false\r\n  xy: 412, 2\r\n  size: 500, 95\r\n  orig: 500, 95\r\n  offset: 0, 0\r\n  index: -1\r\nheiye\r\n  rotate: false\r\n  xy: 408, 196\r\n  size: 404, 258\r\n  orig: 404, 258\r\n  offset: 0, 0\r\n  index: -1\r\nwaikuang\r\n  rotate: false\r\n  xy: 2, 5\r\n  size: 408, 189\r\n  orig: 408, 189\r\n  offset: 0, 0\r\n  index: -1\r\n",["shuaige3.png"],{"skeleton":{"hash":"eQRuJqZHEg7tOWpmRjaCdkblpoQ","spine":"3.6.53","width":473.52,"height":123.94,"images":""},"bones":[{"name":"root"},{"name":"all","parent":"root"},{"name":"renwu_bg","parent":"all","y":-2.65,"scaleX":0.316,"scaleY":0.316,"color":"00ff17ff"},{"name":"kuang","parent":"renwu_bg","color":"28ff00ff"},{"name":"bg","parent":"kuang","x":555.7,"y":65.5,"scaleX":3,"scaleY":3,"color":"28ff00ff"},{"name":"ren","parent":"renwu_bg","x":-17.1,"y":-180},{"name":"head","parent":"ren","length":67.7,"rotation":67.69,"x":7.22,"y":131.05}],"slots":[{"name":"mask_all","bone":"renwu_bg","attachment":"mask_all"},{"name":"bg","bone":"bg","attachment":"bg1"},{"name":"bg2","bone":"bg","attachment":"bg2"},{"name":"head2","bone":"head","attachment":"heiye"},{"name":"head","bone":"head","attachment":"baitian"},{"name":"waikuang","bone":"kuang","attachment":"waikuang"},{"name":"waikuang2","bone":"kuang","attachment":"waikuang"}],"skins":{"default":{"bg":{"bg1":{"x":-248.33,"width":500,"height":95}},"bg2":{"bg2":{"x":-248.33,"width":500,"height":95}},"head":{"baitian":{"rotation":-67.69,"width":404,"height":258}},"head2":{"heiye":{"rotation":-67.69,"width":404,"height":258}},"mask_all":{"mask_all":{"type":"clipping","end":"head","vertexCount":15,"color":"ce3a3aff","vertices":[-183.4,151.76,-183.85,-146.31,-179.63,-157.13,-170.74,-162.54,-161.08,-164.86,166.16,-164.47,175.95,-160.22,181.75,-154.03,184.45,-144.76,184.45,152.69,180.59,162.83,173.63,169.4,164.35,172.49,-171.32,171.45,-180.12,162.99]}},"waikuang":{"waikuang":{"y":-90.1,"width":408,"height":189}},"waikuang2":{"waikuang":{"y":97.52,"scaleY":-1,"width":408,"height":189}}}},"animations":{"dynamic":{"slots":{"bg":{"color":[{"time":0,"color":"ffffff00"},{"time":0.5,"color":"ffffffff"},{"time":1,"color":"ffffff00"}],"attachment":[{"time":0.5,"name":"bg1"}]},"bg2":{"color":[{"time":0,"color":"ffffffff"},{"time":0.5,"color":"ffffff00"},{"time":1,"color":"ffffffff"}],"attachment":[{"time":0.5,"name":"bg2"}]},"head":{"color":[{"time":0,"color":"ffffffff"},{"time":0.5,"color":"ffffff00"},{"time":1,"color":"ffffffff"}]}},"bones":{"bg":{"translate":[{"time":0,"x":760.77,"y":0},{"time":1,"x":-3.8,"y":0}]}}},"static":{"slots":{"bg":{"color":[{"time":0,"color":"ffffff00"}]},"bg2":{"color":[{"time":0,"color":"ffffffff"}]},"head":{"color":[{"time":0,"color":"ffffffff"}]}},"bones":{"bg":{"translate":[{"time":0,"x":760.77,"y":0}]}}}}},[0]]],0,0,[0],[-1],[0]]
