[1,["11b533059@6c48a"],["_textureSource"],["cc.SpriteFrame"],0,[[[{"name":"icon3_sml","rect":{"x":321,"y":283,"width":43,"height":43},"offset":{"x":0,"y":0},"originalSize":{"width":43,"height":43},"rotated":false,"capInsets":[0,0,0,0],"packable":true,"pixelsToUnit":100,"pivot":{"x":0.5,"y":0.5},"meshType":0}],[0],0,[0],[0],[0]],[[{"name":"icon4","rect":{"x":3,"y":306,"width":146,"height":130},"offset":{"x":0,"y":0},"originalSize":{"width":146,"height":130},"rotated":false,"capInsets":[0,0,0,0],"packable":true,"pixelsToUnit":100,"pivot":{"x":0.5,"y":0.5},"meshType":0}],[0],0,[0],[0],[0]],[[{"name":"icon2","rect":{"x":371,"y":3,"width":136,"height":130},"offset":{"x":0,"y":0},"originalSize":{"width":136,"height":130},"rotated":false,"capInsets":[0,0,0,0],"packable":true,"pixelsToUnit":100,"pivot":{"x":0.5,"y":0.5},"meshType":0}],[0],0,[0],[0],[0]],[[{"name":"icon9_sml","rect":{"x":48,"y":710,"width":46,"height":40},"offset":{"x":0,"y":0},"originalSize":{"width":46,"height":40},"rotated":true,"capInsets":[0,0,0,0],"packable":true,"pixelsToUnit":100,"pivot":{"x":0.5,"y":0.5},"meshType":0}],[0],0,[0],[0],[0]],[[{"name":"icon12","rect":{"x":133,"y":574,"width":118,"height":130},"offset":{"x":0,"y":0},"originalSize":{"width":118,"height":130},"rotated":false,"capInsets":[0,0,0,0],"packable":true,"pixelsToUnit":100,"pivot":{"x":0.5,"y":0.5},"meshType":0}],[0],0,[0],[0],[0]],[[{"name":"icon13","rect":{"x":377,"y":553,"width":96,"height":130},"offset":{"x":0,"y":0},"originalSize":{"width":96,"height":130},"rotated":true,"capInsets":[0,0,0,0],"packable":true,"pixelsToUnit":100,"pivot":{"x":0.5,"y":0.5},"meshType":0}],[0],0,[0],[0],[0]],[[{"name":"icon7","rect":{"x":3,"y":170,"width":154,"height":130},"offset":{"x":0,"y":0},"originalSize":{"width":154,"height":130},"rotated":false,"capInsets":[0,0,0,0],"packable":true,"pixelsToUnit":100,"pivot":{"x":0.5,"y":0.5},"meshType":0}],[0],0,[0],[0],[0]],[[{"name":"icon10","rect":{"x":377,"y":655,"width":101,"height":104},"offset":{"x":0,"y":0},"originalSize":{"width":101,"height":104},"rotated":false,"capInsets":[0,0,0,0],"packable":true,"pixelsToUnit":100,"pivot":{"x":0.5,"y":0.5},"meshType":0}],[0],0,[0],[0],[0]],[[{"name":"icon4_sml","rect":{"x":138,"y":710,"width":44,"height":40},"offset":{"x":0,"y":0},"originalSize":{"width":44,"height":40},"rotated":true,"capInsets":[0,0,0,0],"packable":true,"pixelsToUnit":100,"pivot":{"x":0.5,"y":0.5},"meshType":0}],[0],0,[0],[0],[0]],[[{"name":"icon7_sml","rect":{"x":3,"y":710,"width":47,"height":39},"offset":{"x":0,"y":0},"originalSize":{"width":47,"height":39},"rotated":true,"capInsets":[0,0,0,0],"packable":true,"pixelsToUnit":100,"pivot":{"x":0.5,"y":0.5},"meshType":0}],[0],0,[0],[0],[0]],[[{"name":"icon5_sml","rect":{"x":94,"y":710,"width":45,"height":38},"offset":{"x":0,"y":0},"originalSize":{"width":45,"height":38},"rotated":true,"capInsets":[0,0,0,0],"packable":true,"pixelsToUnit":100,"pivot":{"x":0.5,"y":0.5},"meshType":0}],[0],0,[0],[0],[0]],[[{"name":"icon11","rect":{"x":3,"y":442,"width":126,"height":130},"offset":{"x":0,"y":0},"originalSize":{"width":126,"height":130},"rotated":true,"capInsets":[0,0,0,0],"packable":true,"pixelsToUnit":100,"pivot":{"x":0.5,"y":0.5},"meshType":0}],[0],0,[0],[0],[0]],[[{"name":"icon2_sml","rect":{"x":228,"y":710,"width":38,"height":36},"offset":{"x":0,"y":0},"originalSize":{"width":38,"height":36},"rotated":true,"capInsets":[0,0,0,0],"packable":true,"pixelsToUnit":100,"pivot":{"x":0.5,"y":0.5},"meshType":0}],[0],0,[0],[0],[0]],[[{"name":"icon17","rect":{"x":194,"y":3,"width":171,"height":138},"offset":{"x":0,"y":0},"originalSize":{"width":171,"height":138},"rotated":false,"capInsets":[0,0,0,0],"packable":true,"pixelsToUnit":100,"pivot":{"x":0.5,"y":0.5},"meshType":0}],[0],0,[0],[0],[0]],[[{"name":"icon1","rect":{"x":3,"y":574,"width":124,"height":130},"offset":{"x":0,"y":0},"originalSize":{"width":124,"height":130},"rotated":false,"capInsets":[0,0,0,0],"packable":true,"pixelsToUnit":100,"pivot":{"x":0.5,"y":0.5},"meshType":0}],[0],0,[0],[0],[0]],[[{"name":"icon6","rect":{"x":371,"y":139,"width":136,"height":130},"offset":{"x":0,"y":0},"originalSize":{"width":136,"height":130},"rotated":false,"capInsets":[0,0,0,0],"packable":true,"pixelsToUnit":100,"pivot":{"x":0.5,"y":0.5},"meshType":0}],[0],0,[0],[0],[0]],[[{"name":"icon9","rect":{"x":163,"y":283,"width":152,"height":130},"offset":{"x":0,"y":0},"originalSize":{"width":152,"height":130},"rotated":false,"capInsets":[0,0,0,0],"packable":true,"pixelsToUnit":100,"pivot":{"x":0.5,"y":0.5},"meshType":0}],[0],0,[0],[0],[0]],[[{"name":"icon16","rect":{"x":3,"y":3,"width":185,"height":161},"offset":{"x":0,"y":0},"originalSize":{"width":185,"height":161},"rotated":false,"capInsets":[0,0,0,0],"packable":true,"pixelsToUnit":100,"pivot":{"x":0.5,"y":0.5},"meshType":0}],[0],0,[0],[0],[0]],[[{"name":"icon8_sml","rect":{"x":321,"y":384,"width":47,"height":40},"offset":{"x":0,"y":0},"originalSize":{"width":47,"height":40},"rotated":true,"capInsets":[0,0,0,0],"packable":true,"pixelsToUnit":100,"pivot":{"x":0.5,"y":0.5},"meshType":0}],[0],0,[0],[0],[0]],[[{"name":"icon1_sml","rect":{"x":321,"y":332,"width":41,"height":46},"offset":{"x":0,"y":0},"originalSize":{"width":41,"height":46},"rotated":false,"capInsets":[0,0,0,0],"packable":true,"pixelsToUnit":100,"pivot":{"x":0.5,"y":0.5},"meshType":0}],[0],0,[0],[0],[0]],[[{"name":"icon5","rect":{"x":370,"y":275,"width":156,"height":130},"offset":{"x":0,"y":0},"originalSize":{"width":156,"height":130},"rotated":true,"capInsets":[0,0,0,0],"packable":true,"pixelsToUnit":100,"pivot":{"x":0.5,"y":0.5},"meshType":0}],[0],0,[0],[0],[0]],[[{"name":"icon6_sml","rect":{"x":184,"y":710,"width":39,"height":38},"offset":{"x":0,"y":0},"originalSize":{"width":39,"height":38},"rotated":true,"capInsets":[0,0,0,0],"packable":true,"pixelsToUnit":100,"pivot":{"x":0.5,"y":0.5},"meshType":0}],[0],0,[0],[0],[0]],[[{"name":"icon14","rect":{"x":194,"y":147,"width":170,"height":130},"offset":{"x":0,"y":0},"originalSize":{"width":170,"height":130},"rotated":false,"capInsets":[0,0,0,0],"packable":true,"pixelsToUnit":100,"pivot":{"x":0.5,"y":0.5},"meshType":0}],[0],0,[0],[0],[0]],[[{"name":"icon3","rect":{"x":305,"y":437,"width":130,"height":110},"offset":{"x":0,"y":0},"originalSize":{"width":130,"height":110},"rotated":false,"capInsets":[0,0,0,0],"packable":true,"pixelsToUnit":100,"pivot":{"x":0.5,"y":0.5},"meshType":0}],[0],0,[0],[0],[0]],[[{"name":"icon15","rect":{"x":257,"y":555,"width":114,"height":130},"offset":{"x":0,"y":0},"originalSize":{"width":114,"height":130},"rotated":false,"capInsets":[0,0,0,0],"packable":true,"pixelsToUnit":100,"pivot":{"x":0.5,"y":0.5},"meshType":0}],[0],0,[0],[0],[0]],[[{"name":"icon8","rect":{"x":155,"y":419,"width":144,"height":130},"offset":{"x":0,"y":0},"originalSize":{"width":144,"height":130},"rotated":false,"capInsets":[0,0,0,0],"packable":true,"pixelsToUnit":100,"pivot":{"x":0.5,"y":0.5},"meshType":0}],[0],0,[0],[0],[0]]]]
