[1,["28BEona7hOFqlzLCbalrCY@6c48a"],["_textureSource"],["cc.SpriteFrame"],0,[{"name":"Lanjut","rect":{"x":0,"y":0,"width":82,"height":22},"offset":{"x":0,"y":0},"originalSize":{"width":82,"height":22},"rotated":false,"capInsets":[0,0,0,0],"vertices":{"rawPosition":[-41,-11,0,41,-11,0,-41,11,0,41,11,0],"indexes":[0,1,2,2,1,3],"uv":[0,22,82,22,0,0,82,0],"nuv":[0,0,1,0,0,1,1,1],"minPos":{"x":-41,"y":-11,"z":0},"maxPos":{"x":41,"y":11,"z":0}},"packable":true,"pixelsToUnit":100,"pivot":{"x":0.5,"y":0.5},"meshType":0}],[0],0,[0],[0],[0]]
