[1,["05HOVl+o9JTKFtdKO4x8uA@6c48a"],["_textureSource"],["cc.SpriteFrame"],0,[{"name":"large","rect":{"x":0,"y":0,"width":132,"height":43},"offset":{"x":0,"y":0},"originalSize":{"width":132,"height":43},"rotated":false,"capInsets":[0,0,0,0],"vertices":{"rawPosition":[-66,-21.5,0,66,-21.5,0,-66,21.5,0,66,21.5,0],"indexes":[0,1,2,2,1,3],"uv":[0,43,132,43,0,0,132,0],"nuv":[0,0,1,0,0,1,1,1],"minPos":{"x":-66,"y":-21.5,"z":0},"maxPos":{"x":66,"y":21.5,"z":0}},"packable":true,"pixelsToUnit":100,"pivot":{"x":0.5,"y":0.5},"meshType":0}],[0],0,[0],[0],[0]]
