[1,["43+4LeteJEYZF0kgb0ir1A","dfYqb8DFlE2b7SKm64T36g@f9941","6avyFaTJRLnYoqLlO+nCaV@f9941","c4Bp32DtNLe41yIuvkTp+s@f9941","afHfH38j9BqYDwM5Boy1cd@f9941","20g1ukYUVPvKWKBRznAKo+@f9941","54TknWPwVPqJqeCR+Y/Czo@f9941","95EkngnxZFbYuFpsqVTaFr@f9941","8cSLCcVbpBxIve9/wTripT@f9941","c3UXY3fDlKM7lhVWCabUYS@f9941","95+qmdD39AF4Hs2yQ/f9X2","8cSLCcVbpBxIve9/wTripT@6c48a","c4Bp32DtNLe41yIuvkTp+s@6c48a"],["node","_spriteFrame","_atlas","_textureSource","root","_target","data","_normalSprite","_hoverSprite","_pressedSprite","_disabledSprite"],[["cc.Sprite",["_type","_sizeMode","node","__prefab","_spriteFrame","_atlas"],1,1,4,6,6],["cc.Node",["_name","_components","_prefab","_parent","_lpos","_children","_lscale"],2,9,4,1,5,2,5],"cc.SpriteFrame",["cc.UITransform",["node","__prefab","_contentSize"],3,1,4,5],["cc.Label",["_string","_actualFontSize","_fontSize","_isBold","node","__prefab"],-1,1,4],["cc.Prefab",["_name"],2],["cc.CompPrefabInfo",["fileId"],2],["cc.PrefabInfo",["fileId","instance","targetOverrides","nestedPrefabInstanceRoots","root","asset"],-1,1,1],["cc.Button",["_transition","_zoomScale","node","__prefab","_normalColor","_target","_normalSprite","_hoverSprite","_pressedSprite","_disabledSprite"],1,1,4,5,1,6,6,6,6]],[[6,0,2],[7,0,1,2,3,4,5,5],[3,0,1,2,1],[1,0,3,1,2,4,2],[0,2,3,4,5,1],[5,0,2],[1,0,5,1,2,2],[1,0,3,5,1,2,4,2],[1,0,3,1,2,4,6,2],[3,0,1,1],[0,0,2,3,4,2],[0,1,2,3,4,5,2],[0,2,3,4,1],[0,0,1,2,3,4,5,3],[8,0,1,2,3,4,5,6,7,8,9,3],[4,0,1,2,3,4,5,5],[4,0,1,2,4,5,4]],[[[[5,"benefit"],[6,"benefit",[-3,-4,-5,-6,-7,-8,-9],[[9,-2,[0,"4eMTZPgktOwrKDpTIdffuU"]]],[1,"c46/YsCPVOJYA4mWEpNYRx",null,null,null,-1,0]],[7,"props_btn_sure",1,[-14],[[2,-10,[0,"90Cxs+4kpIZ5UnADZC7fXt"],[5,165,61]],[10,1,-11,[0,"43JUE7ohtDYbHN4DLCGQxb"],5],[14,3,0.9,-13,[0,"adsDEyyQtEHpyd8HscK4SN"],[4,4292269782],-12,6,7,8,9]],[1,"71rV3WNbVAXoeK3t326f/a",null,null,null,1,0],[1,106,-58,0]],[3,"spr_benefit_bg",1,[[2,-15,[0,"a60a2JxaNCG7fy86uehFpH"],[5,692,406]],[11,0,-16,[0,"7dhzTJvVxAYLj24wHptNc5"],0,1]],[1,"75kpAmoe5Mfb04w4sjhuEY",null,null,null,1,0],[1,0,-2,0]],[3,"spr_benefit_title",1,[[2,-17,[0,"02EYLfD6NInoxe1lLblEAA"],[5,189,32]],[4,-18,[0,"25jpfrL69PS5N0iScnd2vE"],2,3]],[1,"a6Qu4ji2lPMaURCEdHqq7V",null,null,null,1,0],[1,0,127,0]],[3,"props_Label_benefit",1,[[2,-19,[0,"c7Cf38IBxOvYtRJ/dzjtHn"],[5,488.88,90.4]],[15,"You don't have enough coins, we will give you \n000 coins as a reward.",22,22,true,-20,[0,"401aG+LCtMga872LjE/25l"]]],[1,"a7UerWLcVAyL8cmq0YQmCP",null,null,null,1,0],[1,0,60,0]],[3,"word_award_menerima",2,[[2,-21,[0,"6cewwEQh1F9bwIah3rkFdj"],[5,103,27]],[12,-22,[0,"42f8H8bwtLeLJqIQyas6RF"],4]],[1,"2fSlkp+0VAbaXoezdOcya5",null,null,null,1,0],[1,0,4,0]],[3,"spr_benefit_goldBg",1,[[2,-23,[0,"16mkK+e29HVLiHFPzGVmJe"],[5,110,110]],[13,1,0,-24,[0,"e0sYsu9ABFr7MbxBuvx86Z"],10,11]],[1,"cbJBSRTdtG/KU3zIERApJq",null,null,null,1,0],[1,-124,-52,0]],[8,"spr_gold",1,[[2,-25,[0,"25kYbp+mhOsLG5M1s+ou0O"],[5,127,71]],[4,-26,[0,"59LsnU57FICKOAUvN7cQxh"],12,13]],[1,"d3SIZyb7hA1K3/BOrHp6ZJ",null,null,null,1,0],[1,-124,-40,0],[1,0.8,0.8,1]],[3,"props_label_gold",1,[[2,-27,[0,"b1x9g4Xw9ME4Ky41ZTa6Uf"],[5,38.91,50.4]],[16,"30M",20,20,-28,[0,"79y0rX19FG2JaNvzja6T1R"]]],[1,"23bwNGwntMXYOt+XUh0XOH",null,null,null,1,0],[1,-120,-84,0]]],0,[0,4,1,0,0,1,0,-1,3,0,-2,4,0,-3,5,0,-4,2,0,-5,7,0,-6,8,0,-7,9,0,0,2,0,0,2,0,5,2,0,0,2,0,-1,6,0,0,3,0,0,3,0,0,4,0,0,4,0,0,5,0,0,5,0,0,6,0,0,6,0,0,7,0,0,7,0,0,8,0,0,8,0,0,9,0,0,9,0,6,1,28],[0,0,0,0,0,0,0,0,0,0,0,0,0,0],[1,2,1,2,1,1,7,8,9,10,1,2,1,2],[2,0,3,0,4,1,1,5,6,7,8,0,9,10]],[[{"name":"bg_dt_shop_box_4","rect":{"x":0,"y":0,"width":92,"height":92},"offset":{"x":0,"y":0},"originalSize":{"width":92,"height":92},"rotated":false,"capInsets":[21,21,18,19],"vertices":{"rawPosition":[-46,-46,0,46,-46,0,-46,46,0,46,46,0],"indexes":[0,1,2,2,1,3],"uv":[0,92,92,92,0,0,92,0],"nuv":[0,0,1,0,0,1,1,1],"minPos":{"x":-46,"y":-46,"z":0},"maxPos":{"x":46,"y":46,"z":0}},"packable":true,"pixelsToUnit":100,"pivot":{"x":0.5,"y":0.5},"meshType":0}],[2],0,[0],[3],[11]],[[{"name":"BonusBantuan","rect":{"x":0,"y":0,"width":189,"height":32},"offset":{"x":0,"y":0},"originalSize":{"width":189,"height":32},"rotated":false,"capInsets":[0,0,0,0],"vertices":{"rawPosition":[-94.5,-16,0,94.5,-16,0,-94.5,16,0,94.5,16,0],"indexes":[0,1,2,2,1,3],"uv":[0,32,189,32,0,0,189,0],"nuv":[0,0,1,0,0,1,1,1],"minPos":{"x":-94.5,"y":-16,"z":0},"maxPos":{"x":94.5,"y":16,"z":0}},"packable":true,"pixelsToUnit":100,"pivot":{"x":0.5,"y":0.5},"meshType":0}],[2],0,[0],[3],[12]]]]
