[1,["72W2ILio5Nv737kUqHy9NN","e5oNriWYtEDK6a9M8++4Z3@f9941","b42f4+sbpIE7j9uAypqmvp@f9941","95laigR1tMPLPvoYZpxyd/","7f0UjSa0pKd4rR2m0CJ9NJ@f9941","30+4knAmhHxK2lYu2R4TZd@f9941","c3qwh04KJNfIn3e2QVZ7as@f9941","c8WFpITy1JupiYQKiloIqc","73OFB0Qf1GsL992ul8dfB1@6c48a","05dt/yt7NKhYs1njkvp18M@6c48a"],["node","_spriteFrame","_atlas","_skeletonData","root","data","_normalSprite"],[["cc.Node",["_name","_active","_components","_prefab","_parent","_lpos","_children","_lscale"],1,9,4,1,5,2,5],["cc.Sprite",["_sizeMode","node","__prefab","_spriteFrame","_atlas"],2,1,4,6,6],["cc.Prefab",["_name"],2],["cc.UITransform",["node","__prefab","_contentSize"],3,1,4,5],["cc.CompPrefabInfo",["fileId"],2],["cc.PrefabInfo",["fileId","instance","targetOverrides","nestedPrefabInstanceRoots","root","asset"],-1,1,1],["cc.Label",["_string","_actualFontSize","_fontSize","_enableWrapText","_isBold","_enableOutline","node","__prefab","_outlineColor"],-3,1,4,5],["cc.LabelOutline",["node","__prefab"],3,1,4],["cc.Button",["_transition","_zoomScale","node","__prefab","_normalSprite"],1,1,4,6],["sp.Skeleton",["defaultSkin","defaultAnimation","_premultipliedAlpha","_preCacheMode","node","__prefab","_skeletonData"],-1,1,4,6],["sp.SkeletonData",["_name","_atlasText","textureNames","_skeletonJson","textures"],-1,3]],[[4,0,2],[3,0,1,2,1],[5,0,1,2,3,4,5,5],[0,0,4,2,3,5,2],[1,1,2,3,4,1],[6,0,1,2,3,4,5,6,7,8,7],[7,0,1,1],[9,0,1,2,3,4,5,6,5],[10,0,1,2,3,4,5],[2,0,2],[0,0,6,2,3,2],[0,0,1,4,2,3,5,3],[0,0,4,2,3,5,7,2],[1,0,1,2,3,4,2],[8,0,1,2,3,4,3]],[[[[9,"note_turntable_win"],[10,"note_turntable_win",[-3,-4,-5,-6,-7,-8,-9,-10,-11],[[1,-2,[0,"91QC11gApNV5L2kHCjndm9"],[5,1600,800]]],[2,"c46/YsCPVOJYA4mWEpNYRx",null,null,null,-1,0]],[3,"props_win_gift_name",1,[[1,-12,[0,"e1IjdDOcdBTKsRHWaOG6Vb"],[5,4,54.4]],[5,"",36,36,false,true,true,-13,[0,"b8C/14e0tKHYz0L8YT8aI2"],[4,4278480822]],[6,-14,[0,"8bDnuvCRJParCXfasnp5Q+"]]],[2,"48E3ct+lNKtb0ZAp00TfNm",null,null,null,1,0],[1,0,-186,0]],[3,"props_win_gift_num",1,[[1,-15,[0,"99vyZ3/lVBCp1t81eyTo/a"],[5,44.04,54.4]],[5,"x1",36,36,false,true,true,-16,[0,"45UZiMiWBJt6AYbabY9/ob"],[4,4278480822]],[6,-17,[0,"0cSwX9xIdI+Y4oAUKXskAN"]]],[2,"370gIOqLpD2b/+MUKzT+ai",null,null,null,1,0],[1,0,-224,0]],[3,"props_btn_off",1,[[1,-18,[0,"07jCxeA/hArJol0oz3Kmd6"],[5,240,76]],[4,-19,[0,"53JSlvxfhGMrhSU10XZKin"],10,11],[14,3,0.9,-20,[0,"feqd47+KRO7IgY2Rh2kw0j"],12]],[2,"acFtrY26FIk6c3OVO6Lg5V",null,null,null,1,0],[1,0,-286,0]],[11,"spr_win_bg_light",false,1,[[1,-21,[0,"85o07VvOhHB4vqC2yCfb6r"],[5,600,600]],[13,0,-22,[0,"1dYOCXxxRP5pLpGKBK0YQb"],0,1]],[2,"06aOOxn5tGtahKcpiFgf08",null,null,null,1,0],[1,0,-10,0]],[3,"skeleton_win_bg_light",1,[[1,-23,[0,"38l5p7XpVPHq6em70wVrbH"],[5,600,600]],[7,"default","animation",false,0,-24,[0,"83C9ovsUFCuZ9AJlyQLuJY"],2]],[2,"f3MXWYuzZBTZjql2ItldaA",null,null,null,1,0],[1,0,-10,0]],[3,"spe_win_bg",1,[[1,-25,[0,"57wBO8ZWFOwbEtJg2p+Far"],[5,516,111]],[4,-26,[0,"73JblASq5MF78iSxTZV8ue"],3,4]],[2,"76KXsovhlLPpfLgEV0IjBL",null,null,null,1,0],[1,0,-168,0]],[3,"spr_win_baoxiang",1,[[1,-27,[0,"f5/mn0cQRN4rop/+BXwUns"],[5,386,278]],[4,-28,[0,"dbavaWqHJHv47/DxGqt5cZ"],5,6]],[2,"9aNV4PnYNLlb9ayFPaywW0",null,null,null,1,0],[1,0,-36,0]],[3,"spr_win_title",1,[[1,-29,[0,"717fYqfBVJ1pv9luGpN9gH"],[5,667,49]],[4,-30,[0,"10+Zp+FTdED6fesr/A7orF"],7,8]],[2,"8dWDTEZyZN/LfbkpY7zOsw",null,null,null,1,0],[1,0,200,0]],[12,"skeleton_light",1,[[1,-31,[0,"1ezTLYsfpGaJ2bvmlcPRNM"],[5,767,714]],[7,"default","animation",false,0,-32,[0,"f1BXYBnANDNLNpIRHxsHYE"],9]],[2,"86hC0Po/FJ0qyFCiwsVEBA",null,null,null,1,0],[1,0,300,0],[1,1.5,1.5,1]]],0,[0,4,1,0,0,1,0,-1,5,0,-2,6,0,-3,7,0,-4,8,0,-5,9,0,-6,2,0,-7,3,0,-8,10,0,-9,4,0,0,2,0,0,2,0,0,2,0,0,3,0,0,3,0,0,3,0,0,4,0,0,4,0,0,4,0,0,5,0,0,5,0,0,6,0,0,6,0,0,7,0,0,7,0,0,8,0,0,8,0,0,9,0,0,9,0,0,10,0,0,10,0,5,1,32],[0,0,0,0,0,0,0,0,0,0,0,0,0],[1,2,3,1,2,1,2,1,2,3,1,2,6],[2,0,3,4,0,5,0,6,0,7,1,0,1]],[[[8,"zhongjbj","\r\nzhongjbj.png\r\nsize: 462,482\r\nformat: RGBA8888\r\nfilter: Linear,Linear\r\nrepeat: none\r\nzhongjiangguangxiao\r\n  rotate: false\r\n  xy: 2, 2\r\n  size: 458, 478\r\n  orig: 600, 600\r\n  offset: 69, 72\r\n  index: -1\r\n",["zhongjbj.png"],{"skeleton":{"hash":"V2sj41ah6wYt7Z/kV1AYVfq1uS8","spine":"3.8.99","x":-300,"y":-300,"width":600,"height":600,"images":"./images/","audio":"D:/12月/新建文件夹/动画"},"bones":[{"name":"root"},{"name":"zhongjiangguangxiao","parent":"root","length":45.46,"rotation":88.73,"x":-3.85,"y":6.28}],"slots":[{"name":"zhongjiangguangxiao","bone":"zhongjiangguangxiao","attachment":"zhongjiangguangxiao"}],"skins":[{"name":"default","attachments":{"zhongjiangguangxiao":{"zhongjiangguangxiao":{"x":-6.19,"y":-3.99,"rotation":-88.73,"width":600,"height":600}}}}],"animations":{"animation":{"bones":{"zhongjiangguangxiao":{"rotate":[{"angle":-88.73},{"time":1,"angle":91.27},{"time":2,"angle":-88.73}]}}}}},[0]]],0,0,[0],[-1],[8]],[[[8,"liwuxingguang","\r\nliwuxingguang.png\r\nsize: 1048,612\r\nformat: RGBA8888\r\nfilter: Linear,Linear\r\nrepeat: none\r\nxingxingshanshuo_00000\r\n  rotate: true\r\n  xy: 724, 2\r\n  size: 269, 163\r\n  orig: 271, 165\r\n  offset: 1, 1\r\n  index: -1\r\nxingxingshanshuo_00001\r\n  rotate: true\r\n  xy: 724, 2\r\n  size: 269, 163\r\n  orig: 271, 165\r\n  offset: 1, 1\r\n  index: -1\r\nxingxingshanshuo_00002\r\n  rotate: true\r\n  xy: 889, 39\r\n  size: 281, 157\r\n  orig: 283, 159\r\n  offset: 1, 1\r\n  index: -1\r\nxingxingshanshuo_00003\r\n  rotate: true\r\n  xy: 889, 39\r\n  size: 281, 157\r\n  orig: 283, 159\r\n  offset: 1, 1\r\n  index: -1\r\nxingxingshanshuo_00004\r\n  rotate: true\r\n  xy: 874, 322\r\n  size: 288, 145\r\n  orig: 290, 147\r\n  offset: 1, 1\r\n  index: -1\r\nxingxingshanshuo_00005\r\n  rotate: true\r\n  xy: 718, 273\r\n  size: 337, 154\r\n  orig: 339, 156\r\n  offset: 1, 1\r\n  index: -1\r\nxingxingshanshuo_00006\r\n  rotate: true\r\n  xy: 718, 273\r\n  size: 337, 154\r\n  orig: 339, 156\r\n  offset: 1, 1\r\n  index: -1\r\nxingxingshanshuo_00007\r\n  rotate: true\r\n  xy: 558, 267\r\n  size: 343, 158\r\n  orig: 345, 160\r\n  offset: 1, 1\r\n  index: -1\r\nxingxingshanshuo_00008\r\n  rotate: true\r\n  xy: 558, 267\r\n  size: 343, 158\r\n  orig: 345, 160\r\n  offset: 1, 1\r\n  index: -1\r\nxingxingshanshuo_00009\r\n  rotate: true\r\n  xy: 382, 262\r\n  size: 348, 174\r\n  orig: 350, 176\r\n  offset: 1, 1\r\n  index: -1\r\nxingxingshanshuo_00010\r\n  rotate: false\r\n  xy: 381, 40\r\n  size: 341, 182\r\n  orig: 343, 184\r\n  offset: 1, 1\r\n  index: -1\r\nxingxingshanshuo_00011\r\n  rotate: false\r\n  xy: 381, 40\r\n  size: 341, 182\r\n  orig: 343, 184\r\n  offset: 1, 1\r\n  index: -1\r\nxingxingshanshuo_00012\r\n  rotate: false\r\n  xy: 2, 26\r\n  size: 377, 184\r\n  orig: 379, 186\r\n  offset: 1, 1\r\n  index: -1\r\nxingxingshanshuo_00013\r\n  rotate: false\r\n  xy: 2, 26\r\n  size: 377, 184\r\n  orig: 379, 186\r\n  offset: 1, 1\r\n  index: -1\r\nxingxingshanshuo_00014\r\n  rotate: true\r\n  xy: 198, 224\r\n  size: 386, 182\r\n  orig: 388, 184\r\n  offset: 1, 1\r\n  index: -1\r\nxingxingshanshuo_00015\r\n  rotate: true\r\n  xy: 2, 212\r\n  size: 398, 194\r\n  orig: 400, 196\r\n  offset: 1, 1\r\n  index: -1\r\n",["liwuxingguang.png"],{"skeleton":{"hash":"mRAOMm+JzfKMmixEidB+M+mg2Jg","spine":"3.8.99","x":-352.16,"y":-324.03,"width":767,"height":714,"images":"./images/","audio":"D:/12月/新建文件夹/动画/转盘抽奖"},"bones":[{"name":"root"},{"name":"xingxingshanshuo_00000","parent":"root","length":24.19,"rotation":90,"x":-24.72,"y":-216.31}],"slots":[{"name":"xingxingshanshuo_00000","bone":"xingxingshanshuo_00000","attachment":"xingxingshanshuo_00015"}],"skins":[{"name":"default","attachments":{"xingxingshanshuo_00000":{"xingxingshanshuo_00000":{"x":-10.23,"y":22.94,"rotation":-90,"width":271,"height":165},"xingxingshanshuo_00001":{"x":-10.23,"y":22.94,"rotation":-90,"width":271,"height":165},"xingxingshanshuo_00002":{"x":-5.23,"y":17.94,"rotation":-90,"width":283,"height":159},"xingxingshanshuo_00003":{"x":-5.23,"y":17.94,"rotation":-90,"width":283,"height":159},"xingxingshanshuo_00004":{"x":-1.23,"y":13.44,"rotation":-90,"width":290,"height":147},"xingxingshanshuo_00005":{"x":-8.73,"y":-15.06,"rotation":-90,"width":339,"height":156},"xingxingshanshuo_00006":{"x":-8.73,"y":-15.06,"rotation":-90,"width":339,"height":156},"xingxingshanshuo_00007":{"x":-15.73,"y":-22.06,"rotation":-90,"width":345,"height":160},"xingxingshanshuo_00008":{"x":-15.73,"y":-22.06,"rotation":-90,"width":345,"height":160},"xingxingshanshuo_00009":{"x":-11.73,"y":-29.56,"rotation":-90,"width":350,"height":176},"xingxingshanshuo_00010":{"x":-3.73,"y":-41.06,"rotation":-90,"width":343,"height":184},"xingxingshanshuo_00011":{"x":-3.73,"y":-41.06,"rotation":-90,"width":343,"height":184},"xingxingshanshuo_00012":{"x":6.27,"y":-26.06,"rotation":-90,"width":379,"height":186},"xingxingshanshuo_00013":{"x":6.27,"y":-26.06,"rotation":-90,"width":379,"height":186},"xingxingshanshuo_00014":{"x":15.27,"y":-22.56,"rotation":-90,"width":388,"height":184},"xingxingshanshuo_00015":{"x":13.27,"y":-20.56,"rotation":-90,"width":400,"height":196}}}}],"animations":{"animation":{"slots":{"xingxingshanshuo_00000":{"attachment":[{"name":"xingxingshanshuo_00000"},{"time":0.0333,"name":"xingxingshanshuo_00001"},{"time":0.0667,"name":"xingxingshanshuo_00002"},{"time":0.1,"name":"xingxingshanshuo_00003"},{"time":0.1333,"name":"xingxingshanshuo_00004"},{"time":0.1667,"name":"xingxingshanshuo_00005"},{"time":0.2,"name":"xingxingshanshuo_00006"},{"time":0.2333,"name":"xingxingshanshuo_00007"},{"time":0.2667,"name":"xingxingshanshuo_00008"},{"time":0.3,"name":"xingxingshanshuo_00009"},{"time":0.3333,"name":"xingxingshanshuo_00010"},{"time":0.3667,"name":"xingxingshanshuo_00011"},{"time":0.4,"name":"xingxingshanshuo_00012"},{"time":0.4333,"name":"xingxingshanshuo_00013"},{"time":0.4667,"name":"xingxingshanshuo_00014"},{"time":0.5,"name":"xingxingshanshuo_00015"},{"time":0.5333,"name":"xingxingshanshuo_00000"},{"time":0.5667,"name":"xingxingshanshuo_00001"},{"time":0.6,"name":"xingxingshanshuo_00002"},{"time":0.6333,"name":"xingxingshanshuo_00003"},{"time":0.6667,"name":"xingxingshanshuo_00004"},{"time":0.7,"name":"xingxingshanshuo_00005"},{"time":0.7333,"name":"xingxingshanshuo_00006"},{"time":0.7667,"name":"xingxingshanshuo_00007"},{"time":0.8,"name":"xingxingshanshuo_00008"},{"time":0.8333,"name":"xingxingshanshuo_00009"},{"time":0.8667,"name":"xingxingshanshuo_00010"}]}}}}},[0]]],0,0,[0],[-1],[9]]]]
