[1,["1c1ce178f@6c48a"],["_textureSource"],["cc.SpriteFrame","cc.SpriteAtlas"],0,[[[{"name":"zhongjiangmingdan_anniu_Hadiahku","rect":{"x":333,"y":559,"width":64,"height":25},"offset":{"x":0,"y":0},"originalSize":{"width":64,"height":25},"rotated":true,"capInsets":[0,0,0,0],"packable":true,"pixelsToUnit":100,"pivot":{"x":0.5,"y":0.5},"meshType":0}],[0],0,[0],[0],[0]],[[{"name":"huodongzhuti","rect":{"x":287,"y":633,"width":372,"height":132},"offset":{"x":0,"y":0},"originalSize":{"width":372,"height":132},"rotated":true,"capInsets":[0,0,0,0],"packable":true,"pixelsToUnit":100,"pivot":{"x":0.5,"y":0.5},"meshType":0}],[0],0,[0],[0],[0]],[[{"name":"jiangpin_3","rect":{"x":951,"y":969,"width":49,"height":44},"offset":{"x":0,"y":0},"originalSize":{"width":49,"height":44},"rotated":true,"capInsets":[0,0,0,0],"packable":true,"pixelsToUnit":100,"pivot":{"x":0.5,"y":0.5},"meshType":0}],[0],0,[0],[0],[0]],[[{"name":"xiangqqing_anniu","rect":{"x":841,"y":858,"width":49,"height":84},"offset":{"x":0.5,"y":0},"originalSize":{"width":50,"height":84},"rotated":false,"capInsets":[0,0,0,0],"packable":true,"pixelsToUnit":100,"pivot":{"x":0.5,"y":0.5},"meshType":0}],[0],0,[0],[0],[0]],[[{"name":"jiangpin_7","rect":{"x":267,"y":559,"width":64,"height":60},"offset":{"x":0,"y":0},"originalSize":{"width":64,"height":60},"rotated":true,"capInsets":[0,0,0,0],"packable":true,"pixelsToUnit":100,"pivot":{"x":0.5,"y":0.5},"meshType":0}],[0],0,[0],[0],[0]],[[{"name":"zhanpan_xaingqing_fanhuianniu","rect":{"x":951,"y":913,"width":50,"height":51},"offset":{"x":0,"y":0},"originalSize":{"width":50,"height":51},"rotated":true,"capInsets":[0,0,0,0],"packable":true,"pixelsToUnit":100,"pivot":{"x":0.5,"y":0.5},"meshType":0}],[0],0,[0],[0],[0]],[[{"name":"zhuanpan-deng","rect":{"x":849,"y":3,"width":624,"height":166},"offset":{"x":0,"y":0},"originalSize":{"width":624,"height":166},"rotated":true,"capInsets":[0,0,0,0],"packable":true,"pixelsToUnit":100,"pivot":{"x":0.5,"y":0.5},"meshType":0}],[0],0,[0],[0],[0]],[[{"name":"baoxiang","rect":{"x":3,"y":633,"width":386,"height":278},"offset":{"x":0,"y":0},"originalSize":{"width":386,"height":278},"rotated":true,"capInsets":[0,0,0,0],"packable":true,"pixelsToUnit":100,"pivot":{"x":0.5,"y":0.5},"meshType":0}],[0],0,[0],[0],[0]],[[{"name":"xiaoxitongzhi_dikuang","rect":{"x":476,"y":990,"width":407,"height":29},"offset":{"x":0,"y":0},"originalSize":{"width":407,"height":29},"rotated":false,"capInsets":[0,0,0,0],"packable":true,"pixelsToUnit":100,"pivot":{"x":0.5,"y":0.5},"meshType":0}],[0],0,[0],[0],[0]],[[{"name":"jiangpin_6","rect":{"x":951,"y":858,"width":49,"height":52},"offset":{"x":0,"y":0},"originalSize":{"width":49,"height":52},"rotated":true,"capInsets":[0,0,0,0],"packable":true,"pixelsToUnit":100,"pivot":{"x":0.5,"y":0.5},"meshType":0}],[0],0,[0],[0],[0]],[[{"name":"zhuanpan-xiangqing-biaoti","rect":{"x":395,"y":559,"width":438,"height":24},"offset":{"x":0,"y":0},"originalSize":{"width":438,"height":24},"rotated":false,"capInsets":[0,0,0,0],"packable":true,"pixelsToUnit":100,"pivot":{"x":0.5,"y":0.5},"meshType":0}],[0],0,[0],[0],[0]],[[{"name":"zhongjiangmingdan_anniu_Catatan lotere（2）","rect":{"x":889,"y":633,"width":127,"height":23},"offset":{"x":0,"y":0},"originalSize":{"width":127,"height":23},"rotated":false,"capInsets":[0,0,0,0],"packable":true,"pixelsToUnit":100,"pivot":{"x":0.5,"y":0.5},"meshType":0}],[0],0,[0],[0],[0]],[[{"name":"zhuanpan_bj","rect":{"x":3,"y":3,"width":840,"height":550},"offset":{"x":0,"y":0},"originalSize":{"width":840,"height":550},"rotated":false,"capInsets":[0,0,0,0],"packable":true,"pixelsToUnit":100,"pivot":{"x":0.5,"y":0.5},"meshType":0}],[0],0,[0],[0],[0]],[[{"name":"auto_activity","spriteFrames":["zhuanpan_bj","6b94rSoRhFko63wwyR3JmL@f9941","zhuanpan-deng","2e2QrfplZA8qGofb3c/GKg@f9941","baoxiang","30+4knAmhHxK2lYu2R4TZd@f9941","btn","7efNfcANpIIpKlI6mlh1Cp@f9941","jiangpin_7","282D+ZUKBNGI8EekgHxthZ@f9941","huodongzhuti","1fdlrQPK5C1pcSGXxlSZrv@f9941","zhongjiangmingdan_anniu_Hadiahku","1a664EtkdAXpAqnxCsYx93@f9941","zhongjiangmingdan_anniu_Hadiahku（2）","a4X7hy3DZPybiZNL5IjJah@f9941","zhuanpan-xiangqing-biaoti","5bpIQl1pFGwqn8ArYD6dT2@f9941","jiangpin_1","f69M8lzOBEBacZcMf6e5tv@f9941","zhuanpan_huangquan_BIG","aay3tx1+FIH7xiYKb5Sekw@f9941","unread","b90C6FdGBHo5mwrvkDWGyO@f9941","xiaoxitongzhi_dikuang","44xAGIO2VI5ZwsaByaLmpO@f9941","zhongjiangmingdan_anniu_Catatan lotere（2）","64bA2a7VpE4KBRBeiMYh8Y@f9941","jiangpin_4","a9ASspvJtF850zWuS/i+o6@f9941","zhongjiangmingdan_anniu_Catatan lotere","feH1Z8iLBPlK1u7kIB/eST@f9941","jiangpin_2","e0a2cbMgdNDZeuzzsJBDyg@f9941","zhongjiangmingdan_anniu","b76LmiIV9KnYPLqEfopnwM@f9941","zhuanpan_anniu","f9BMlbGEJE47w+IRZicMW8@f9941","xiaoxitongzhi_icon","c02lMixb9OGaGOA95ruGgb@f9941","xiangqqing_anniu","24ycosJ7VHYLJapWj8XO2m@f9941","guanbi","d9kfOlASJOgIpWGjpdyBlR@f9941","jiangpin_6","45/Lxw69tLNab0SDeSjb1k@f9941","jiangpin_5","94eXIt55pGpbcKg+GkyVMI@f9941","zhanpan_xaingqing_fanhuianniu","2el6ffc0BOJKPtgTW/QEoJ@f9941","jiangpin_3","1fn7/l6mFIR6OXY/Jdw3rX@f9941","huodongye_dibuzhuangshi","96/JclrDNDlaDd383/098y@f9941","zhuanpan_qian_zhuangshiwu","b6PLTohjZEJ5LgsqnjKtiX@f9941","zhongjiangmingdan_lunbokuang","b2xOirfRBPnYTrLOpK5zBS@f9941","jiangpindizuo","7f0UjSa0pKd4rR2m0CJ9NJ@f9941","word_win_title","c3qwh04KJNfIn3e2QVZ7as@f9941","img_turn_win_light","b42f4+sbpIE7j9uAypqmvp@f9941","btn_aktivitas_1","b1V8y+lxxA8oDo0ZGU90wg@f9941","zhongjiang-anniu","e5oNriWYtEDK6a9M8++4Z3@f9941","btn_aktivitas_2","edGYqCJblNdKbsgzrhqY1b@f9941","spr_aktivitas_title","92ZZgJTFZCmrT2YZZYP3rK@f9941","zhuanpan_tanchaung_bj","dbNYN1HZlLL7pciWn5txVA@f9941","zhaunpan_xiangqing_tankuang","ae34S7H6lEQKcdlR64QrFY@f9941","zhuanpandilan","c7vkr6eaJHx5HWHE01F/Oz@f9941","zhongjiangnanniu_dikuang","9bkQuwv0hJjL1kNZpF5trm@f9941","turntable_bg_di","28rDEcFUhCa4xyiI0Sh7HC@f9941","zhuanpandiquan","43pmuCTShEc6vvod54jHfc@f9941","zhuanpandilan2","d0Kg4u7hRK9oluUmkGDTJS@f9941","zhuanpandi_BIG","f7NQzKOYdFrpWSFgsw73z1@f9941","zhuanpanguangquan","4fMh7ibkpHy5NXgWuCis0t@f9941"]}],[1],0,[],[],[]],[[{"name":"btn","rect":{"x":3,"y":559,"width":258,"height":65},"offset":{"x":0,"y":0},"originalSize":{"width":258,"height":65},"rotated":false,"capInsets":[0,0,0,0],"packable":true,"pixelsToUnit":100,"pivot":{"x":0.5,"y":0.5},"meshType":0}],[0],0,[0],[0],[0]],[[{"name":"jiangpin_5","rect":{"x":896,"y":858,"width":47,"height":49},"offset":{"x":0,"y":0},"originalSize":{"width":47,"height":49},"rotated":true,"capInsets":[0,0,0,0],"packable":true,"pixelsToUnit":100,"pivot":{"x":0.5,"y":0.5},"meshType":0}],[0],0,[0],[0],[0]],[[{"name":"zhongjiangmingdan_anniu_Hadiahku（2）","rect":{"x":364,"y":559,"width":64,"height":25},"offset":{"x":0,"y":0},"originalSize":{"width":64,"height":25},"rotated":true,"capInsets":[0,0,0,0],"packable":true,"pixelsToUnit":100,"pivot":{"x":0.5,"y":0.5},"meshType":0}],[0],0,[0],[0],[0]],[[{"name":"jiangpin_4","rect":{"x":841,"y":633,"width":42,"height":47},"offset":{"x":0,"y":0},"originalSize":{"width":42,"height":47},"rotated":false,"capInsets":[0,0,0,0],"packable":true,"pixelsToUnit":100,"pivot":{"x":0.5,"y":0.5},"meshType":0}],[0],0,[0],[0],[0]],[[{"name":"zhuanpan_huangquan_BIG","rect":{"x":439,"y":589,"width":395,"height":396},"offset":{"x":0,"y":0},"originalSize":{"width":395,"height":396},"rotated":true,"capInsets":[0,0,0,0],"packable":true,"pixelsToUnit":100,"pivot":{"x":0.5,"y":0.5},"meshType":0}],[0],0,[0],[0],[0]],[[{"name":"zhongjiangmingdan_anniu","rect":{"x":882,"y":691,"width":139,"height":33},"offset":{"x":0,"y":0},"originalSize":{"width":139,"height":33},"rotated":false,"capInsets":[22,0,22,0],"packable":true,"pixelsToUnit":100,"pivot":{"x":0.5,"y":0.5},"meshType":0}],[0],0,[0],[0],[0]],[[{"name":"unread","rect":{"x":425,"y":990,"width":45,"height":30},"offset":{"x":0,"y":0},"originalSize":{"width":45,"height":30},"rotated":false,"capInsets":[0,0,0,0],"packable":true,"pixelsToUnit":100,"pivot":{"x":0.5,"y":0.5},"meshType":0}],[0],0,[0],[0],[0]],[[{"name":"xiaoxitongzhi_icon","rect":{"x":841,"y":737,"width":18,"height":18},"offset":{"x":0,"y":0},"originalSize":{"width":18,"height":18},"rotated":false,"capInsets":[0,0,0,0],"packable":true,"pixelsToUnit":100,"pivot":{"x":0.5,"y":0.5},"meshType":0}],[0],0,[0],[0],[0]],[[{"name":"guanbi","rect":{"x":889,"y":948,"width":57,"height":56},"offset":{"x":0,"y":0},"originalSize":{"width":57,"height":56},"rotated":true,"capInsets":[0,0,0,0],"packable":true,"pixelsToUnit":100,"pivot":{"x":0.5,"y":0.5},"meshType":0}],[0],0,[0],[0],[0]],[[{"name":"jiangpin_2","rect":{"x":841,"y":686,"width":45,"height":35},"offset":{"x":0,"y":0},"originalSize":{"width":45,"height":35},"rotated":true,"capInsets":[0,0,0,0],"packable":true,"pixelsToUnit":100,"pivot":{"x":0.5,"y":0.5},"meshType":0}],[0],0,[0],[0],[0]],[[{"name":"jiangpin_1","rect":{"x":395,"y":589,"width":38,"height":38},"offset":{"x":0,"y":0},"originalSize":{"width":38,"height":38},"rotated":false,"capInsets":[0,0,0,0],"packable":true,"pixelsToUnit":100,"pivot":{"x":0.5,"y":0.5},"meshType":0}],[0],0,[0],[0],[0]],[[{"name":"zhuanpan_anniu","rect":{"x":882,"y":730,"width":122,"height":135},"offset":{"x":0,"y":0},"originalSize":{"width":122,"height":135},"rotated":true,"capInsets":[0,0,0,0],"packable":true,"pixelsToUnit":100,"pivot":{"x":0.5,"y":0.5},"meshType":0}],[0],0,[0],[0],[0]],[[{"name":"zhongjiangmingdan_anniu_Catatan lotere","rect":{"x":889,"y":662,"width":127,"height":23},"offset":{"x":0,"y":0},"originalSize":{"width":127,"height":23},"rotated":false,"capInsets":[0,0,0,0],"packable":true,"pixelsToUnit":100,"pivot":{"x":0.5,"y":0.5},"meshType":0}],[0],0,[0],[0],[0]]]]
