[1,["658f1b2c-b961-4fe6-b272-c3baa4ed2bce@6c48a"],["_textureSource"],["cc.SpriteFrame"],0,[{"name":"J","rect":{"x":0,"y":0,"width":73,"height":99},"offset":{"x":0,"y":0},"originalSize":{"width":73,"height":99},"rotated":false,"capInsets":[0,0,0,0],"vertices":{"rawPosition":[-36.5,-49.5,0,36.5,-49.5,0,-36.5,49.5,0,36.5,49.5,0],"indexes":[0,1,2,2,1,3],"uv":[0,99,73,99,0,0,73,0],"nuv":[0,0,1,0,0,1,1,1],"minPos":{"x":-36.5,"y":-49.5,"z":0},"maxPos":{"x":36.5,"y":49.5,"z":0}},"packable":true,"pixelsToUnit":100,"pivot":{"x":0.5,"y":0.5},"meshType":0}],[0],0,[0],[0],[0]]
