[1,["b2F6uco1hFAIER6uxWy3UD@6c48a"],["_textureSource"],["cc.SpriteFrame"],0,[{"name":"ocean_newjk01_01","rect":{"x":49,"y":82,"width":925,"height":90},"offset":{"x":-0.5,"y":1},"originalSize":{"width":1024,"height":256},"rotated":false,"capInsets":[0,0,0,0],"vertices":{"rawPosition":[-462.5,-45,0,462.5,-45,0,-462.5,45,0,462.5,45,0],"indexes":[0,1,2,2,1,3],"uv":[49,174,974,174,49,84,974,84],"nuv":[0.0478515625,0.328125,0.951171875,0.328125,0.0478515625,0.6796875,0.951171875,0.6796875],"minPos":{"x":-462.5,"y":-45,"z":0},"maxPos":{"x":462.5,"y":45,"z":0}},"packable":true,"pixelsToUnit":100,"pivot":{"x":0.5,"y":0.5},"meshType":0}],[0],0,[0],[0],[0]]
