[1,["b2lC6KCGlPcZob0r2zrW2p@6c48a"],["_textureSource"],["cc.SpriteFrame"],0,[{"name":"sea_icon_treasurebox_26","rect":{"x":301,"y":191,"width":181,"height":309},"offset":{"x":135.5,"y":-89.5},"originalSize":{"width":512,"height":512},"rotated":false,"capInsets":[0,0,0,0],"vertices":{"rawPosition":[-90.5,-154.5,0,90.5,-154.5,0,-90.5,154.5,0,90.5,154.5,0],"indexes":[0,1,2,2,1,3],"uv":[301,321,482,321,301,12,482,12],"nuv":[0.587890625,0.0234375,0.94140625,0.0234375,0.587890625,0.626953125,0.94140625,0.626953125],"minPos":{"x":-90.5,"y":-154.5,"z":0},"maxPos":{"x":90.5,"y":154.5,"z":0}},"packable":true,"pixelsToUnit":100,"pivot":{"x":0.5,"y":0.5},"meshType":0}],[0],0,[0],[0],[0]]
