[1,["2fyHt3lsVF0IGO1MAmNMEX@6c48a"],["_textureSource"],["cc.SpriteFrame"],0,[{"name":"ocean_pearl_sweep_8","rect":{"x":92,"y":4,"width":137,"height":164},"offset":{"x":45,"y":15.5},"originalSize":{"width":231,"height":203},"rotated":false,"capInsets":[0,0,0,0],"vertices":{"rawPosition":[-68.5,-82,0,68.5,-82,0,-68.5,82,0,68.5,82,0],"indexes":[0,1,2,2,1,3],"uv":[92,199,229,199,92,35,229,35],"nuv":[0.39826839826839827,0.1724137931034483,0.9913419913419913,0.1724137931034483,0.39826839826839827,0.9802955665024631,0.9913419913419913,0.9802955665024631],"minPos":{"x":-68.5,"y":-82,"z":0},"maxPos":{"x":68.5,"y":82,"z":0}},"packable":true,"pixelsToUnit":100,"pivot":{"x":0.5,"y":0.5},"meshType":0}],[0],0,[0],[0],[0]]
