[1,["78wFm1ls1LF7nOIqWS37Pg@6c48a","78wFm1ls1LF7nOIqWS37Pg@f9941"],["_textureSource","spriteFrame"],["cc.SpriteFrame",["cc.BitmapFont",["_name","fontSize","fntConfig"],0]],[[1,0,1,2,4]],[[[{"name":"shuzi_zhongjiangjine_0","rect":{"x":2,"y":0,"width":241,"height":92},"offset":{"x":-5.5,"y":82},"originalSize":{"width":256,"height":256},"rotated":false,"capInsets":[0,0,0,0],"vertices":{"rawPosition":[-120.5,-46,0,120.5,-46,0,-120.5,46,0,120.5,46,0],"indexes":[0,1,2,2,1,3],"uv":[2,256,243,256,2,164,243,164],"nuv":[0.0078125,0.640625,0.94921875,0.640625,0.0078125,1,0.94921875,1],"minPos":{"x":-120.5,"y":-46,"z":0},"maxPos":{"x":120.5,"y":46,"z":0}},"packable":true,"pixelsToUnit":100,"pivot":{"x":0.5,"y":0.5},"meshType":0}],[0],0,[0],[0],[0]],[[[0,"shuzi_zhongjiangjine",32,{"commonHeight":32,"fontSize":32,"atlasName":"shuzi_zhongjiangjine_0.png","fontDefDictionary":{"44":{"xOffset":0,"yOffset":0,"xAdvance":15,"rect":{"x":21,"y":46,"width":15,"height":46}},"46":{"xOffset":0,"yOffset":0,"xAdvance":13,"rect":{"x":36,"y":46,"width":13,"height":46}},"48":{"xOffset":0,"yOffset":0,"xAdvance":26,"rect":{"x":193,"y":0,"width":26,"height":46}},"49":{"xOffset":0,"yOffset":0,"xAdvance":21,"rect":{"x":0,"y":46,"width":21,"height":46}},"50":{"xOffset":0,"yOffset":0,"xAdvance":27,"rect":{"x":85,"y":0,"width":27,"height":46}},"51":{"xOffset":0,"yOffset":0,"xAdvance":25,"rect":{"x":219,"y":0,"width":25,"height":46}},"52":{"xOffset":0,"yOffset":0,"xAdvance":27,"rect":{"x":112,"y":0,"width":27,"height":46}},"53":{"xOffset":0,"yOffset":0,"xAdvance":27,"rect":{"x":139,"y":0,"width":27,"height":46}},"54":{"xOffset":0,"yOffset":0,"xAdvance":28,"rect":{"x":29,"y":0,"width":28,"height":46}},"55":{"xOffset":0,"yOffset":0,"xAdvance":28,"rect":{"x":57,"y":0,"width":28,"height":46}},"56":{"xOffset":0,"yOffset":0,"xAdvance":29,"rect":{"x":0,"y":0,"width":29,"height":46}},"57":{"xOffset":0,"yOffset":0,"xAdvance":27,"rect":{"x":166,"y":0,"width":27,"height":46}}},"kerningDict":{}}]],0,0,[0],[1],[1]]]]
