[1,["57sqYoJppITJcVpwazjvdo@6c48a"],0,[["sp.SkeletonData",["_name","_atlasText","textureNames","_skeletonJson","textures"],-1,3]],[[0,0,1,2,3,4,5]],[[0,"baifa","\r\nbaifa.png\r\nsize: 2048,256\r\nformat: RGBA8888\r\nfilter: Linear,Linear\r\nrepeat: none\r\nbaifa1\r\n  rotate: false\r\n  xy: 2, 2\r\n  size: 160, 146\r\n  orig: 160, 146\r\n  offset: 0, 0\r\n  index: -1\r\nbaifa2\r\n  rotate: false\r\n  xy: 164, 2\r\n  size: 160, 146\r\n  orig: 160, 146\r\n  offset: 0, 0\r\n  index: -1\r\nbaifa3\r\n  rotate: false\r\n  xy: 326, 2\r\n  size: 160, 146\r\n  orig: 160, 146\r\n  offset: 0, 0\r\n  index: -1\r\nbaifa4\r\n  rotate: false\r\n  xy: 488, 2\r\n  size: 160, 146\r\n  orig: 160, 146\r\n  offset: 0, 0\r\n  index: -1\r\nbaifa5\r\n  rotate: false\r\n  xy: 650, 2\r\n  size: 160, 146\r\n  orig: 160, 146\r\n  offset: 0, 0\r\n  index: -1\r\nbaifa6\r\n  rotate: false\r\n  xy: 812, 2\r\n  size: 160, 146\r\n  orig: 160, 146\r\n  offset: 0, 0\r\n  index: -1\r\nbaifa8\r\n  rotate: false\r\n  xy: 974, 2\r\n  size: 160, 146\r\n  orig: 160, 146\r\n  offset: 0, 0\r\n  index: -1\r\n",["baifa.png"],{"skeleton":{"hash":"fUZRn8u4H6x8ShbLPzfN9UAtLq4","spine":"3.8.99","x":-80,"y":-73,"width":160,"height":146,"images":"","audio":""},"bones":[{"name":"root"}],"slots":[{"name":"baifa","bone":"root","attachment":"baifa8"}],"skins":[{"name":"default","attachments":{"baifa":{"baifa1":{"width":160,"height":146},"baifa2":{"width":160,"height":146},"baifa3":{"width":160,"height":146},"baifa4":{"width":160,"height":146},"baifa5":{"width":160,"height":146},"baifa6":{"width":160,"height":146},"baifa8":{"width":160,"height":146}}}}],"animations":{"animation":{"slots":{"baifa":{"attachment":[{"name":"baifa1"},{"time":0.0667,"name":"baifa2"},{"time":0.1333,"name":"baifa3"},{"time":0.2,"name":"baifa4"},{"time":0.2667,"name":"baifa6"},{"time":0.3333,"name":"baifa8"},{"time":0.6667,"name":"baifa8"}]}}}}},[0]]],0,0,[0],[-1],[0]]
