{"importBase":"import","nativeBase":"native","name":"egyptV2","deps":["internal","main"],"uuids":["7c5k9sq51BU7+9rb/LBH0A","002KtbdfNBkKqpJUPMlTv7@6c48a","0041PZn8RCWLAuVUhsLjJK@6c48a","0041PZn8RCWLAuVUhsLjJK@f9941","01ItR0ywJC1aDdv4YA43B2@6c48a","013pyYfWJMOpqoPvGtOlZP@6c48a","013pyYfWJMOpqoPvGtOlZP@f9941","02StBEGiZIg6zk7wU6hYK6@6c48a","026G38m0pBtJGzYx8bMT+N","03ptSDqh9JRLhmPMyKlFob@6c48a","04Raz455hFfJBTHWJRPR7s","002KtbdfNBkKqpJUPMlTv7","0041PZn8RCWLAuVUhsLjJK","01213c14c","01ItR0ywJC1aDdv4YA43B2","01ItR0ywJC1aDdv4YA43B2@f9941","0169ff94a","0170e0929","03XmjCgodB/rJcwkwVC0g1","01rqZGOVdLsbJRuWzCZh6W@6c48a","01rqZGOVdLsbJRuWzCZh6W","01rqZGOVdLsbJRuWzCZh6W@f9941","013pyYfWJMOpqoPvGtOlZP","02StBEGiZIg6zk7wU6hYK6","02ZTgo5edDFYoJpCh3W2lZ","03ptSDqh9JRLhmPMyKlFob","03ad369f3","041b0bc30","0489c004f","04fab3e89","05d23622c","0615ba7f0","063c70fbd","065810d20","06b66ec7c","075f26b59","07f610223","084e5b248","091eda08a","fciUkm1JRPDaABfbikD1ra","0dZGNMGnpMupP21N9NiRqO@f9941","11oWXEP5FLW4W7twMRrHE8@6c48a","11tqIjE5lHRaVUDX8FYAmu@6c48a","09vESWNuhO7YE3E6g2Gz7U","09e72e1f0","0a2543f93","0aJZnhHgVM3YSBnGdZgh4Q@6c48a","0dZGNMGnpMupP21N9NiRqO@6c48a","0ey4qE1YxIqIubxzI5hUBD","11oWXEP5FLW4W7twMRrHE8@f9941","12JFIj49pAebnqd5TMViHE@6c48a","0aJZnhHgVM3YSBnGdZgh4Q","0a63fa1d9","0add822ff","0cC2Fg8fpGMaLXmwGXeD88@6c48a","0cC2Fg8fpGMaLXmwGXeD88@f9941","0eMPQ1PLJNr6bYcEfWfsaY","0cC2Fg8fpGMaLXmwGXeD88","0c51a3401","0c7801d77","0dS6W9JdRElI+ddW1tGMPL","0dZGNMGnpMupP21N9NiRqO","0f35a9c42","12hbHeYgJN1pGvsOeeeNiW","11oWXEP5FLW4W7twMRrHE8","11tqIjE5lHRaVUDX8FYAmu","12JFIj49pAebnqd5TMViHE","12f43f4f5","15Z7WuPyREb7l8pDm8QB9c@f9941","16fcioExRNSqu3Pm7LfGMG@6c48a","16fcioExRNSqu3Pm7LfGMG@f9941","1683dafc4@6c48a","19c6n73NBELKQBHTr+2h2G@f9941","19mbwKyy5MTKkSAMoUxJVC@6c48a","19mbwKyy5MTKkSAMoUxJVC@f9941","19v5G0yC9NjKqf30ToVtUu@6c48a","19v5G0yC9NjKqf30ToVtUu@f9941","1aKkz3ndFKhY17xcPz1JT3@6c48a","1aKkz3ndFKhY17xcPz1JT3@f9941","12f43f4f5@6c48a","16fcioExRNSqu3Pm7LfGMG","1683dafc4","1730c1b4b","1bUgXQYN5EDKkpMP0h0ULM@6c48a","1730c1b4b@6c48a","17a91c1d1","1bUgXQYN5EDKkpMP0h0ULM@f9941","1bfoRA29lJMq5GPLeypFz8@f9941","1cg9GUkrBEhJ+eCzlhXZ3X@f9941","1c908c4c9@6c48a","17a91c1d1@6c48a","19mbwKyy5MTKkSAMoUxJVC","19o8NyfCxLO782MWA83YsC","19v5G0yC9NjKqf30ToVtUu","1aKkz3ndFKhY17xcPz1JT3","1aQa77aPJIyKUYcMf4RnjY","1a60bee4b","1a60bee4b@6c48a","1bUgXQYN5EDKkpMP0h0ULM","1c908c4c9","1f0920ec1","1fD/0N4vhIko14dohwIUOv@6c48a","1f0920ec1@6c48a","1fD/0N4vhIko14dohwIUOv","1fa9v2KOxAEqzq61vtMf+7","1fxbdhddlITbIlptfI8i99@6c48a","20md5Dj+1Kip+AvbTym0gB@6c48a","212OxaboVJX4ogGW3+cl1e@6c48a","212OxaboVJX4ogGW3+cl1e@f9941","242AeaUPpBYrl/6JQC/TM9@6c48a","27mhN5141De7mC8v6YSU34@f9941","27/cVJNl9GSaUgSS6RoW1Y@6c48a","29XehQpyBK97tGTvUl4HH1@6c48a","29bqYW0F9O1bNfM/D2WEiQ@6c48a","29jqI13xFPjrh3f6jlMlk8@6c48a","1fa9v2KOxAEqzq61vtMf+7@6c48a","1fxbdhddlITbIlptfI8i99","20md5Dj+1Kip+AvbTym0gB","20xYMHHF5GuY13q+OJbyAX","21HnUjYutLh7IICPp/qmoF","21q4opo0pO9Kqk6FsAKgwo","212OxaboVJX4ogGW3+cl1e","24xBnqY6hOoanQf8RpSJu8","56bbyDC0VLHI5OCxmHCvUG","2aJwwZ64pHPLoxXBhqqhMN@6c48a","2aJwwZ64pHPLoxXBhqqhMN@f9941","2ai/ikBtBNL6oQnAMQbV42@6c48a","2cWkvJ4vZLcLU3sx8nsMCz@6c48a","2dbF80FSRFWpiiDUKFFgMM@6c48a","369Y/j1HFGO6qK/yEUqJhY","38WsnwcO1OuIPLAz0SL0+7@6c48a","38WsnwcO1OuIPLAz0SL0+7@f9941","39Eo3hAm5Fib3hugDZ0uCE@6c48a","39Eo3hAm5Fib3hugDZ0uCE@f9941","39ToQU4b1K8ppqgq1ssN2Q@6c48a","39ToQU4b1K8ppqgq1ssN2Q@f9941","39mNA1CQpIfou13DcpSmYM@6c48a","39mNA1CQpIfou13DcpSmYM@f9941","3b6wweuXZLYK1ggAK+A1BB@6c48a","3b6wweuXZLYK1ggAK+A1BB@f9941","3cRAvmlSVPsIHix4Yp8CwF@6c48a","3eNN3i4KBKArtZAnphHb9B@f9941","41TybBvyhLpqvyxeMHX/DZ","43fJnW+PNMMriJW+TXrzUE@f9941","44lzBOX6dFi4jIYqvEe8ac@6c48a","481AfQRBlEwJlXmqZ4vSJK@6c48a","481AfQRBlEwJlXmqZ4vSJK@f9941","49xdqKNPtPl6sdOWZQYeTC@f9941","492Ka2g5RK5YzBxLzSEIf6@f9941","4am03PycFOnZtLGgwEkCyy","4breoh+jJGpKisvP5ayDWA@6c48a","4breoh+jJGpKisvP5ayDWA@f9941","4btLnnzJxJUqqhqM5ohmeI","4cnUf0vGlEr7DRTUrxaJqF","4c+4bNHnxHpr96idjxZtJ7@6c48a","4c+4bNHnxHpr96idjxZtJ7@f9941","4d3Ym4qjZIEai8QCFxCjD+@6c48a","4fXofvEi5ASJ/7e7XLPA/d","4f29pVSchAkJxM4qYfz4WQ@6c48a","4f29pVSchAkJxM4qYfz4WQ@f9941","51SEuf9q5JNZgk2JNHlMwp@6c48a","51mtj2+llNd66K6fwREoPK@f9941","53kg1VV1JDNLaRC+3pelNw@6c48a","53kg1VV1JDNLaRC+3pelNw@f9941","56T8XxDexPp5ioTx4kXFqM@f9941","56YwIJOXRAyZwLd7BFdGT4@6c48a","56YwIJOXRAyZwLd7BFdGT4@f9941","57dHgL9ANPzrzjgAX1d1YG@6c48a","57dHgL9ANPzrzjgAX1d1YG@f9941","5b8RAR+khGN71zEnOXSBBy@6c48a","5b9Yp1iWxDHbcrG8aileCk@6c48a","5eY0QO3hdCer0Crl4Wz+5X","60phwbhEpEl7L8+nU8dEoA@f9941","604xcNx7RI1J4tlHnwd4r5@6c48a","604xcNx7RI1J4tlHnwd4r5@f9941","61F7zC6VBDspRE/+HXyfr4@6c48a","62XyBRCD1Gur1fSOLRFKBy@6c48a","64KAdCiE9LVa+7Y6ErRPdW@f9941","64zqNnyatP5Ih81lWHI6iA","69sZWB6GxGCpBt7vNfiwev@6c48a","69sZWB6GxGCpBt7vNfiwev@f9941","6aZN7IukRHuovXkk1W+mOe@6c48a","6aZN7IukRHuovXkk1W+mOe@f9941","6abq+5guRF9K6l50XrGZYs@6c48a","6abq+5guRF9K6l50XrGZYs@f9941","6ctYTvisxCWKE8bQOXPnE4","6f082dLR5BbK2mLCAMxm+e@6c48a","6f082dLR5BbK2mLCAMxm+e@f9941","71bgldIlJJBYvnnSAsdLyY@6c48a","72WKWLs1pLbrg5BQPZhe8m@6c48a","72WKWLs1pLbrg5BQPZhe8m@f9941","72YGGUNq5Prb6PY2el8UZv@6c48a","73v8GmaSNIc4605RyeehzS@6c48a","73v8GmaSNIc4605RyeehzS@f9941","75LsCmfPdOj6lJw3+uCff4@6c48a","75LsCmfPdOj6lJw3+uCff4@f9941","77Pb4k2LNAWoVb7NukGDq0","792AyCC5FLl5plu7EnwrZo@f9941","7aRorDLZFAUJJa3/ivwhjr@6c48a","7aRorDLZFAUJJa3/ivwhjr@f9941","7c20G3S9lCqaL7oB+Mtx0O@6c48a","7fPbFWbWxAcIwq23+xtihl@6c48a","7f4AUGzrxGrIMYwCuuFz0K@6c48a","7f4AUGzrxGrIMYwCuuFz0K@f9941","81PW4ZiuZAJpLasqKA7QwG@6c48a","81PW4ZiuZAJpLasqKA7QwG@f9941","84aDP1P/NE+LeEsx+3a21C@6c48a","84aDP1P/NE+LeEsx+3a21C@f9941","8579PWFgFFBbsD3emyK8Ou","88dYqqOWVCEpQwB9omEULx@6c48a","88dYqqOWVCEpQwB9omEULx@f9941","89uz+dJyFBKIn/LeqNv1Y9@6c48a","8cIA63YQNEfY8h4KBvp3p7@6c48a","8cIA63YQNEfY8h4KBvp3p7@f9941","8cetjt+JtKJJ2xzXe3ucUG@f9941","8cvNH5tBZKTaZLoxFHQkLy","8dCm6nWXhK75g394cPO38Y@6c48a","8dDdiP+rlHmYayHUGCD3xs@6c48a","8fimp3OGtFKKLJKekwphpL@6c48a","8fimp3OGtFKKLJKekwphpL@f9941","91H4iYSGJJerZQpwWXDdyj@6c48a","911gs+MYpNsporOUEoKQOX@6c48a","911gs+MYpNsporOUEoKQOX@f9941","921XP687tLJ6MxRS4/P65x@6c48a","921XP687tLJ6MxRS4/P65x@f9941","94w2yPTARFL43BeiMTe2KH@f9941","96hVSz5JlJDZzgOi+jct/M@6c48a","96hVSz5JlJDZzgOi+jct/M@f9941","97loVl+Q1MG7pkmO2gx5jP","9aau0WubBJ+pWtCnG/D1M7@6c48a","9c0DHSUW1Bx4u84XOvaOR+@6c48a","9c0DHSUW1Bx4u84XOvaOR+@f9941","9eFj/X1S5PyafVnmqJNlf7@6c48a","9eFj/X1S5PyafVnmqJNlf7@f9941","9f1NWEAb5AcISXcpEkomq6","a3CNQOpLJP16FjNwSuphJV@6c48a","a3CNQOpLJP16FjNwSuphJV@f9941","a7cPOLeyVCRYIgk1qvkT8b@6c48a","a7cPOLeyVCRYIgk1qvkT8b@f9941","a8Ng0dDClDloXR8KCk1ylq","aa26b9a8dAXaBtP1YkbPmW","adomdiWXVEZppDf6ld36Ga@6c48a","aev+zI/T5Fvr1j7Le6+G/7","afrv0VhMxMA6DMgSE8WC6G","b02sLKyutABoKusm9fYRwz@6c48a","b02sLKyutABoKusm9fYRwz@f9941","b2XUKQqHVL+YaYxGv38bBy@f9941","b30d/yBmNGlrqqfkUjP1Rl@6c48a","b30d/yBmNGlrqqfkUjP1Rl@f9941","b41LiyzOxAHpDHCb199TG/@6c48a","b41LiyzOxAHpDHCb199TG/@f9941","b6HblE4R9Nba5Mt12otJKV","b7pb6yfLVE7pXDmtE1Whz2@6c48a","b7+9oT/DlLtr5AQuM0bdxw@6c48a","b7+9oT/DlLtr5AQuM0bdxw@f9941","b8v/52SIVDvZejRaep3awN@f9941","b9nJg/C1xAc4vpBq04aqhM@f9941","b97st6kutF8pM8Yf8d4iuj@f9941","bawlWgMYxDWqnnF0fe5Ra2@6c48a","baw1OBSJRHdoaW4ZOnI54v@6c48a","bdw9DHBY9MYYjQb/xgi7vW@6c48a","bdw9DHBY9MYYjQb/xgi7vW@f9941","bf5Djg2opNVp/iuYN/hDou@6c48a","bf5Djg2opNVp/iuYN/hDou@f9941","bf918VqdxDaaGm8CR1K5ez@6c48a","c01VJDY9ZGO75ZkWD2/Qcy@6c48a","c4Jr5qdMBPDoNBmaciwi1G","c6GwGp7adKb5zofAP8yBb/@6c48a","c6GwGp7adKb5zofAP8yBb/@f9941","c7HgZoK3RFppflA3xrLUyQ@6c48a","c7HgZoK3RFppflA3xrLUyQ@f9941","c8zaODmCJFGYXStySzOPAM@6c48a","cbHZDzqedBh6AwESmQiT5w@f9941","cbUFVOZK1JAL0YHk3AiiVk@f9941","cbZ7wW9AxNq4zsY2r7Etya","ccjts+wMtMc5wjujq7sc+v","ceXw945CVNb4lNhIchKpeo@6c48a","ceXw945CVNb4lNhIchKpeo@f9941","d0rliPbjFIYqBy9sWs/3e0@f9941","d2PDwQRI5PkLQCwlTCLaKG@6c48a","d8MIEZbcdK6YE3/9n9qUWL@f9941","d8etWfMI9EjpsXBSzUJI2F@f9941","d9ermRLGRLWoQ0UCzdB2Fm@6c48a","d9qlDWe19OKqmxSkRuyNHe","da6R18P6tG46/THU2HGWS/@6c48a","dbSZyGTVhJwZ2Y3waQGoi7","dc5tdV1IhHUq2Hvh1lTt1H@f9941","ddGBAfbBRI3ocDniGSN+dA@6c48a","ddGBAfbBRI3ocDniGSN+dA@f9941","e0YCD/v3VMlKhsEL8/Y4Xs@6c48a","e08IjAtIZB87ndtZg0B3Y7@6c48a","e08IjAtIZB87ndtZg0B3Y7@f9941","e2CG6nlyJIk4lGWJN7GuNd@6c48a","e5mkLSVv5DALwoCAnkS1/+@6c48a","e5mkLSVv5DALwoCAnkS1/+@f9941","e61vASRZFGqrEUnta5/P2M@6c48a","e61vASRZFGqrEUnta5/P2M@f9941","e7+t83nA1H2ac0+BAcNaaD@6c48a","e7+t83nA1H2ac0+BAcNaaD@f9941","e8HRbYfq5OWZMtqpmHF3rb@f9941","e8cFcaf+hH3Z7wz7YBk7lo@6c48a","e9uuX+QsRLgp7ZRg83UE1h@f9941","eaL5vVSmJPo4EzQFt2wQxI@6c48a","eaL5vVSmJPo4EzQFt2wQxI@f9941","eblg42UCBNfpmlPmarojAm","ecublYDJpGo78+BsBKF7Z5@6c48a","ecublYDJpGo78+BsBKF7Z5@f9941","edNUcEXsBLjp+BYDaFxRQF@6c48a","edNUcEXsBLjp+BYDaFxRQF@f9941","edQlufgP1DhbtqwBJ8UE+c@6c48a","ed+7HMz/JPEKPFKhXMmJ9M","eeRVnFYDVNuILPZnRGUcqi@6c48a","eeRVnFYDVNuILPZnRGUcqi@f9941","efrMLXopxC95BwBhpJxMVK@6c48a","efrMLXopxC95BwBhpJxMVK@f9941","ef41ySAXBN0KjRuHWEuU7E@6c48a","f1NDXLxQtEvptVZx9BiSVo@6c48a","f3YzpUc9RAbbrvrHfn6XL+@6c48a","f3cpqCe/NHGrKzA7Zh5FwZ@6c48a","f5Y+0jVZZIF5ryNoQPkeDP@6c48a","f5Y+0jVZZIF5ryNoQPkeDP@f9941","f50z1XH39CCbbVPZ0+OQwo","f7VID+TZhPD7H/C2CoJHaW","f92aXtIwBPRqia9+IeitGb@6c48a","f92aXtIwBPRqia9+IeitGb@f9941","fcP8dQrf1DP7FuBPjMWGSJ@f9941","fdqbRBg9tHxJvjAd0FxTsH","fdswGQ8BBCUYsLGF/lbM3Q@f9941","feCE94nk5DkYB4LVXjdNlU@6c48a","feoAGnvKREBo0+SHoW1l9I@f9941","fe88gGaMxBvr9ZlPemIbL7@6c48a","fe88gGaMxBvr9ZlPemIbL7@f9941","ffEnaeEoVEdpPrKoihX6Vl@f9941","24xBnqY6hOoanQf8RpSJu8@6c48a","24xBnqY6hOoanQf8RpSJu8@f9941","242AeaUPpBYrl/6JQC/TM9","27/cVJNl9GSaUgSS6RoW1Y","28QXEdU5lK3psKW2JMCLdE","29GKqSVOxJU7lmtH2HIgtp","29XehQpyBK97tGTvUl4HH1","29XehQpyBK97tGTvUl4HH1@f9941","29bqYW0F9O1bNfM/D2WEiQ","29jqI13xFPjrh3f6jlMlk8","299VTz911Fboqi3ZKwukwy","2aJwwZ64pHPLoxXBhqqhMN","2ai/ikBtBNL6oQnAMQbV42","2ajpq3ZcBP/LlVdV87xvJg","2cWkvJ4vZLcLU3sx8nsMCz","2dbF80FSRFWpiiDUKFFgMM","2fYp1r6rBIwanf8RH4/JxR","33KmanwCxLmqxVNaHeqU01","33fYxDnktMwZ9bbPVmr54/","37wEKW/l9Gr6vLtO5zABnV","38GCoz7kVJA5o99pYYEECW","38WsnwcO1OuIPLAz0SL0+7","39Eo3hAm5Fib3hugDZ0uCE","39ToQU4b1K8ppqgq1ssN2Q","39mNA1CQpIfou13DcpSmYM","3aVVW4FftNtJkQ+mUi88Az","3blwgtxnhHdJDpM/vgFZ17","3b6wweuXZLYK1ggAK+A1BB","3cRAvmlSVPsIHix4Yp8CwF","3d/0mLwM1GbL547Sj52OHp","42Z5HBuT1HuJUN7FtWN+8w","44lzBOX6dFi4jIYqvEe8ac","44lzBOX6dFi4jIYqvEe8ac@f9941","465LWnBMVFO7Bv2Co7sDUD","481AfQRBlEwJlXmqZ4vSJK","4breoh+jJGpKisvP5ayDWA","4cUjAMeQZN1YnEkbEWTB4a","4c+4bNHnxHpr96idjxZtJ7","4dyQeNkkBMNodLdRAA9Nwh","4d3Ym4qjZIEai8QCFxCjD+","4er9RmsThMc6GXjIelpAa2","4f29pVSchAkJxM4qYfz4WQ","51SEuf9q5JNZgk2JNHlMwp","51i4jGjoZGK4tAUdAa1G+q","53kg1VV1JDNLaRC+3pelNw","56YwIJOXRAyZwLd7BFdGT4","56yEeWFftPEJawodHvPbMI","57RMTQNb9K/JhaaSzEVgq+","57dHgL9ANPzrzjgAX1d1YG","5b8RAR+khGN71zEnOXSBBy","5b9Yp1iWxDHbcrG8aileCk","5eLqflu1BNT5533U0SVNJg","5ftIbtTqVNhJDS6oOBjOXk","604xcNx7RI1J4tlHnwd4r5","61F7zC6VBDspRE/+HXyfr4","61F7zC6VBDspRE/+HXyfr4@f9941","62XyBRCD1Gur1fSOLRFKBy","62f0ppWuZEX66RqPzwMgYK","628nKvUClEU6ZwBaJyHiFZ","69sZWB6GxGCpBt7vNfiwev","6aV4Tr3uBB4aY+lW7TP0mn","6aZN7IukRHuovXkk1W+mOe","6abq+5guRF9K6l50XrGZYs","6f082dLR5BbK2mLCAMxm+e","71bgldIlJJBYvnnSAsdLyY","72WKWLs1pLbrg5BQPZhe8m","72YGGUNq5Prb6PY2el8UZv","72YGGUNq5Prb6PY2el8UZv@f9941","73B811NrZP2YEpXY/QBYLE","73NQ7KeUVAVYJM+w533860","73v8GmaSNIc4605RyeehzS","75LsCmfPdOj6lJw3+uCff4","7aRorDLZFAUJJa3/ivwhjr","7c20G3S9lCqaL7oB+Mtx0O","7c20G3S9lCqaL7oB+Mtx0O@f9941","7dj5uJT9FMn6OrOOx83tfK@f9941","7fPbFWbWxAcIwq23+xtihl","7f4AUGzrxGrIMYwCuuFz0K","81PW4ZiuZAJpLasqKA7QwG","83iDJuoyVIf4pqLVHvEfLF","84aDP1P/NE+LeEsx+3a21C","86tlRGu+hLeI4aXKknMcmZ","868l1cneVFT6X57hZgPmcB","88dYqqOWVCEpQwB9omEULx","89uz+dJyFBKIn/LeqNv1Y9","8cIA63YQNEfY8h4KBvp3p7","8dCm6nWXhK75g394cPO38Y","8dDdiP+rlHmYayHUGCD3xs","8dDdiP+rlHmYayHUGCD3xs@f9941","8fimp3OGtFKKLJKekwphpL","91H4iYSGJJerZQpwWXDdyj","911gs+MYpNsporOUEoKQOX","92TV9zMHNBUYnWqxQ8WrUV","92TV9zMHNBUYnWqxQ8WrUV@6c48a","92TV9zMHNBUYnWqxQ8WrUV@f9941","92avLMyklJBrG6KwwQ3/mP","92t13McElKe6FW9QeWN2QJ","921XP687tLJ6MxRS4/P65x","93RLLw365EMLOJW8VvkcFG","95fVrOethGl7fMCscgOMld","96MLk7PoZLE6QLbMmU6HWl","96hVSz5JlJDZzgOi+jct/M","973r0Nt2JJLZhhxfWPR0mn","997GoDrtVG9q2Xq6Kg/yub","9aau0WubBJ+pWtCnG/D1M7","9c0DHSUW1Bx4u84XOvaOR+","9eFj/X1S5PyafVnmqJNlf7","9fiJIWB/9H8bxSmfTa3DlT","a3CNQOpLJP16FjNwSuphJV","a7cPOLeyVCRYIgk1qvkT8b","a8+YmWlVtBWKNBkrngtC2q","a8+YmWlVtBWKNBkrngtC2q@6c48a","aaVxWwBL5HppjdZR6l3UOj","adomdiWXVEZppDf6ld36Ga","ad1vynOBNHQo1pXlApMCDB","aekKzDfKBIa7EM+A6IFTId","b0IkHmAhhKK5TvAeLz7dAs","b02sLKyutABoKusm9fYRwz","b2CqlQpv5BHooNtUIrvOrc","b2FDKo031EtIVXTZ7wq5u6","b3nfBN5eBLS7xvtn+hVBke","b30d/yBmNGlrqqfkUjP1Rl","b41LiyzOxAHpDHCb199TG/","b7pb6yfLVE7pXDmtE1Whz2","b7pb6yfLVE7pXDmtE1Whz2@f9941","b7+9oT/DlLtr5AQuM0bdxw","baK4u+jlVNPZiKP9LUEKoA","bawlWgMYxDWqnnF0fe5Ra2","baw1OBSJRHdoaW4ZOnI54v","baw1OBSJRHdoaW4ZOnI54v@f9941","bcDyw/d4xOxZcK5CRMbBQN","bdIcKPUSVLsaTxFIsXw+zz","bdw9DHBY9MYYjQb/xgi7vW","bdzGtOePZHb51N4YEsDxaO","bf5Djg2opNVp/iuYN/hDou","bf918VqdxDaaGm8CR1K5ez","bf918VqdxDaaGm8CR1K5ez@f9941","c01VJDY9ZGO75ZkWD2/Qcy","c45bSrsfNKZ4Uuc+5zBZuS","c6GwGp7adKb5zofAP8yBb/","c7HgZoK3RFppflA3xrLUyQ","c8zaODmCJFGYXStySzOPAM","c95FaGGqxEjI5vde0b3Eth","cc/td3CChL05Z8iaWvNqYI","cdeWTKso9GrYDAO5yW+MkT","ceXw945CVNb4lNhIchKpeo","d1FvyFp2tH4ZOlpq6makfh","d2PDwQRI5PkLQCwlTCLaKG","d2PDwQRI5PkLQCwlTCLaKG@f9941","d3XeCpvpJPtaRg/Dlk9UkW","d9ermRLGRLWoQ0UCzdB2Fm","da6R18P6tG46/THU2HGWS/","ddGBAfbBRI3ocDniGSN+dA","ddLi2YbUtIspl4sXh/oBOR","ddlEt2zW1JlIz7sVod7DGT","ddnsiGs/1FyYd+NEC23dyr","e0YCD/v3VMlKhsEL8/Y4Xs","e0YCD/v3VMlKhsEL8/Y4Xs@f9941","e08IjAtIZB87ndtZg0B3Y7","e2CG6nlyJIk4lGWJN7GuNd","e3WSgNIQxOhI9zS6UfwVFu","e39zXxKwNJYIQdYpFBnGa8","e5mkLSVv5DALwoCAnkS1/+","e6dN3/MHZDqZ5k2eMdTnp7","e61vASRZFGqrEUnta5/P2M","e7+t83nA1H2ac0+BAcNaaD","e8cFcaf+hH3Z7wz7YBk7lo","eaL5vVSmJPo4EzQFt2wQxI","ecublYDJpGo78+BsBKF7Z5","edNUcEXsBLjp+BYDaFxRQF","edQlufgP1DhbtqwBJ8UE+c","eeRVnFYDVNuILPZnRGUcqi","ee8qH0PKpFS4vrHP+XAqsE","efTEoa8KRJnra3dlspz93y","efrMLXopxC95BwBhpJxMVK","ef41ySAXBN0KjRuHWEuU7E","ef41ySAXBN0KjRuHWEuU7E@f9941","f1NDXLxQtEvptVZx9BiSVo","f3YzpUc9RAbbrvrHfn6XL+","f3cpqCe/NHGrKzA7Zh5FwZ","f5FbxlrnJIWrDtj/oTafi8","f5Y+0jVZZIF5ryNoQPkeDP","f92aXtIwBPRqia9+IeitGb","fdoJXLgx1GAa2UhGATlj3o","fdt2jQWiFKZKq82VxdU4Hk","feCE94nk5DkYB4LVXjdNlU","fe5NAmkd5GZrunhpVeMW7U","fe5NAmkd5GZrunhpVeMW7U@6c48a","fe5NAmkd5GZrunhpVeMW7U@f9941","fe88gGaMxBvr9ZlPemIbL7"],"paths":{"0":["egyptImg/egyptImg_autoAtlas",3,1],"1":["atlas/rollerIcon/fl/shuaige2/texture",1,1],"2":["egyptImg/egypt_actionBar/dl_aj_guanbi/texture",1,1],"3":["egyptImg/egypt_actionBar/dl_aj_guanbi/spriteFrame",2,1],"4":["atlas/rollerIcon/icon_a/texture",1,1],"5":["egyptImg/egypt_actionBar/dl_aj_stopicon/texture",1,1],"6":["egyptImg/egypt_actionBar/dl_aj_stopicon/spriteFrame",2,1],"7":["atlas/rollerIcon/K/k/texture",1,1],"8":["prefabs/prefab_egyptv2_set",6,1],"9":["atlas/speedBorder/skeleton5/texture",1,1],"10":["prefabs/three_icon",6,1],"11":["atlas/rollerIcon/fl/shuaige2",0,1],"12":["egyptImg/egypt_actionBar/dl_aj_guanbi",0,1],"14":["atlas/rollerIcon/icon_a",0,1],"15":["atlas/rollerIcon/icon_a/spriteFrame",2,1],"18":["PublicImg/auto_common_egyp",3,1],"19":["atlas/rollerIcon/icon_jzt/texture",1,1],"20":["atlas/rollerIcon/icon_jzt",0,1],"21":["atlas/rollerIcon/icon_jzt/spriteFrame",2,1],"22":["egyptImg/egypt_actionBar/dl_aj_stopicon",0,1],"23":["atlas/rollerIcon/K/k",0,1],"24":["atlas/rollerIcon/K/k",7,1],"25":["atlas/speedBorder/skeleton5",0,1],"39":["egyptImg/egypt_actionBar/auto_bar",3,1],"40":["egyptImg/egypt_actionBar/dl_aj_stopicon1/spriteFrame",2,1],"41":["textures/loading/texture",1,1],"42":["atlas/focusBorder/3/xuanzhongkuang3/texture",1,1],"43":["audio/shell_end",4,1],"46":["atlas/rollerIcon/wild/renwu2/texture",1,1],"47":["egyptImg/egypt_actionBar/dl_aj_stopicon1/texture",1,1],"48":["atlas/speedBorder/skeleton",8,1],"49":["textures/loading/spriteFrame",2,1],"50":["atlas/dialog/megawin/megawin/texture",1,1],"51":["atlas/rollerIcon/wild/renwu2",0,1],"54":["egyptImg/egypt_actionBar/dl_aj_dibox/texture",1,1],"55":["egyptImg/egypt_actionBar/dl_aj_dibox/spriteFrame",2,1],"56":["atlas/rollerIcon/gril2/2gemeinv",8,1],"57":["egyptImg/egypt_actionBar/dl_aj_dibox",0,1],"60":["atlas/rollerIcon/gril3/sangemeinv",7,1],"61":["egyptImg/egypt_actionBar/dl_aj_stopicon1",0,1],"63":["atlas/focusBorder/2/xuanzhongkuang2",8,1],"64":["textures/loading",0,1],"65":["atlas/focusBorder/3/xuanzhongkuang3",0,1],"66":["atlas/dialog/megawin/megawin",0,1],"68":["textures/egypt/bg_aj_jackpotbox@2x/spriteFrame",2,1],"69":["font/shuzi_aj_jackpot_0/texture",1,1],"70":["font/shuzi_aj_jackpot_0/spriteFrame",2,1],"72":["textures/egypt/zi_aj_mianfei_youwin/spriteFrame",2,1],"73":["egyptImg/egypt_actionBar/dl_aj_zhongjiangbox/texture",1,1],"74":["egyptImg/egypt_actionBar/dl_aj_zhongjiangbox/spriteFrame",2,1],"75":["egyptImg/egypt_actionBar/dl_aj_guizeanniu/texture",1,1],"76":["egyptImg/egypt_actionBar/dl_aj_guizeanniu/spriteFrame",2,1],"77":["egyptImg/egypt_actionBar/dj_aj_jinbijia/texture",1,1],"78":["egyptImg/egypt_actionBar/dj_aj_jinbijia/spriteFrame",2,1],"80":["font/shuzi_aj_jackpot_0",0,1],"83":["textures/bg_aj_zhuanzhoubox/texture",1,1],"86":["textures/bg_aj_zhuanzhoubox/spriteFrame",2,1],"87":["egyptImg/3x/spriteFrame",2,1],"88":["egyptImg/guizi_aj_2/spriteFrame",2,1],"91":["egyptImg/egypt_actionBar/dl_aj_zhongjiangbox",0,1],"92":["audio/bgMain",4,1],"93":["egyptImg/egypt_actionBar/dl_aj_guizeanniu",0,1],"94":["egyptImg/egypt_actionBar/dj_aj_jinbijia",0,1],"95":["audio/fast_roller",4,1],"98":["textures/bg_aj_zhuanzhoubox",0,1],"101":["atlas/rollerIcon/gril3/sangemeinv/texture",1,1],"103":["atlas/rollerIcon/gril3/sangemeinv",0,1],"105":["atlas/PublicSkeleton/spine_guangquan/texture",1,1],"106":["atlas/speedBorder/skeleton3/texture",1,1],"107":["font/11_0/texture",1,1],"108":["font/11_0/spriteFrame",2,1],"109":["atlas/speedBorder/skeleton7/texture",1,1],"110":["textures/egypt/bg_aj_box@2x/spriteFrame",2,1],"111":["atlas/speedBorder/skeleton2/texture",1,1],"112":["atlas/rollerIcon/icon_scatter/texture",1,1],"113":["atlas/rollerIcon/jkc/jiakechong/texture",1,1],"114":["atlas/rollerIcon/A/a/texture",1,1],"116":["atlas/PublicSkeleton/spine_guangquan",0,1],"117":["atlas/speedBorder/skeleton3",0,1],"118":["atlas/PublicSkeleton/jackpot",8,1],"119":["audio/haveCoin",4,1],"120":["atlas/rollerIcon/gril1/yigemeinv",8,1],"121":["font/11_0",0,1],"123":["textures/egypt/auto-atlas",3,1],"124":["egyptImg/bg_aj_guizi/texture",1,1],"125":["egyptImg/bg_aj_guizi/spriteFrame",2,1],"126":["atlas/speedBorder/skeleton/texture",1,1],"127":["atlas/PublicSkeleton/jackpot2/texture",1,1],"128":["atlas/rollerIcon/scatter/scatter1/texture",1,1],"129":["prefabs/prefabs_egyptv2_loading",6,1],"130":["textures/number/texture",1,1],"131":["textures/number/spriteFrame",2,1],"132":["egyptImg/egypt_actionBar/FREE SPINS LEFT /texture",1,1],"133":["egyptImg/egypt_actionBar/FREE SPINS LEFT /spriteFrame",2,1],"134":["egyptImg/egypt_actionBar/dl_aj_spinanniu1/texture",1,1],"135":["egyptImg/egypt_actionBar/dl_aj_spinanniu1/spriteFrame",2,1],"136":["publicFont/shuzi_xiazhujine_0/texture",1,1],"137":["publicFont/shuzi_xiazhujine_0/spriteFrame",2,1],"138":["egyptImg/egypt_actionBar/dl_aj_shezhianniu/texture",1,1],"139":["egyptImg/egypt_actionBar/dl_aj_shezhianniu/spriteFrame",2,1],"140":["atlas/rollerIcon/10/10/texture",1,1],"141":["egyptImg/guizi_aj_ye_1/spriteFrame",2,1],"142":["atlas/number/number-atlas-1",10,1],"143":["textures/egypt/zi_aj_mianfei_title/spriteFrame",2,1],"144":["atlas/rollerIcon/icon_wild/texture",1,1],"145":["egyptImg/egypt_actionBar/dl_aj_spinicon/texture",1,1],"146":["egyptImg/egypt_actionBar/dl_aj_spinicon/spriteFrame",2,1],"147":["egyptImg/icon_common_gold/spriteFrame",2,1],"148":["egyptImg/btn_aj_guizi_up/spriteFrame",2,1],"149":["atlas/dialog/jackpot/sb_lbjs_JACKPOT",8,1],"150":["textures/bg2/texture",1,1],"151":["textures/bg2/spriteFrame",2,1],"152":["atlas/dialog/bigwin/bigwin",8,1],"153":["font/shuzi_aj_jackpot",5,1],"154":["publicFont/shuzi_xiazhucishu_0/texture",1,1],"155":["publicFont/shuzi_xiazhucishu_0/spriteFrame",2,1],"156":["textures/btn_aj_jackpotboX/texture",1,1],"157":["atlas/rollerIcon/K/k",8,1],"158":["egyptImg/egypt_actionBar/SOUND/texture",1,1],"159":["egyptImg/egypt_actionBar/SOUND/spriteFrame",2,1],"160":["atlas/rollerIcon/J/j/texture",1,1],"161":["textures/egypt/btn_aj_jackpotbox@2x/spriteFrame",2,1],"162":["egyptImg/egypt_actionBar/dl_aj_zidongshezhi_0/texture",1,1],"163":["egyptImg/egypt_actionBar/dl_aj_zidongshezhi_0/spriteFrame",2,1],"164":["textures/egypt/bg_aj_mianfei_3/spriteFrame",2,1],"165":["font/zi_zhongjiang_0/texture",1,1],"166":["font/zi_zhongjiang_0/spriteFrame",2,1],"167":["egyptImg/egypt_actionBar/dl_aj_zidong/texture",1,1],"168":["egyptImg/egypt_actionBar/dl_aj_zidong/spriteFrame",2,1],"169":["atlas/rollerIcon/gou/goutou/texture",1,1],"170":["atlas/openDoor/aiji_kaiguanmen2/texture",1,1],"171":["atlas/dogHeader/skeleton2",8,1],"172":["egyptImg/icon_dt_loading_1/spriteFrame",2,1],"173":["egyptImg/egypt_actionBar/dl_ollps_brn_shezhi_on/texture",1,1],"174":["egyptImg/egypt_actionBar/dl_ollps_brn_shezhi_on/spriteFrame",2,1],"175":["atlas/rollerIcon/icon_goutou/texture",1,1],"176":["atlas/dogHeader/skeleton2/texture",1,1],"177":["egyptImg/btn_aj_guizi_fanye/spriteFrame",2,1],"178":["font/shuzi_aj_chognzi",5,1],"179":["egyptImg/egypt_actionBar/al_aj_caidanbox/texture",1,1],"180":["egyptImg/egypt_actionBar/al_aj_caidanbox/spriteFrame",2,1],"181":["egyptImg/egypt_actionBar/dl_aj_caidan/texture",1,1],"182":["egyptImg/egypt_actionBar/dl_aj_caidan/spriteFrame",2,1],"183":["egyptImg/egypt_actionBar/dl_aj_spinicon1/texture",1,1],"184":["egyptImg/egypt_actionBar/dl_aj_spinicon1/spriteFrame",2,1],"185":["egyptImg/auto-atlas",3,1],"186":["egyptImg/egypt_actionBar/dl_aj_tuichuanniu/texture",1,1],"187":["egyptImg/egypt_actionBar/dl_aj_tuichuanniu/spriteFrame",2,1],"188":["atlas/PublicSkeleton/jackpot/texture",1,1],"189":["textures/bj_aj_zhuanzhoukuang/texture",1,1],"190":["textures/bj_aj_zhuanzhoukuang/spriteFrame",2,1],"191":["atlas/rollerIcon/icon_ying1/texture",1,1],"192":["egyptImg/guizi_aj_1/texture",1,1],"193":["egyptImg/guizi_aj_1/spriteFrame",2,1],"194":["egyptImg/egypt_actionBar/zi_aj_autospinsetting/texture",1,1],"195":["egyptImg/egypt_actionBar/zi_aj_autospinsetting/spriteFrame",2,1],"196":["prefabs/two_icon",6,1],"197":["textures/egypt/beetle/spriteFrame",2,1],"198":["egyptImg/egypt_actionBar/dl_aj_zidongdibox/texture",1,1],"199":["egyptImg/egypt_actionBar/dl_aj_zidongdibox/spriteFrame",2,1],"200":["atlas/rollerIcon/icon_szj/texture",1,1],"201":["atlas/rollerIcon/niaotou/shuaige/texture",1,1],"202":["egyptImg/egypt_actionBar/zi_STOP/texture",1,1],"203":["egyptImg/egypt_actionBar/zi_STOP/spriteFrame",2,1],"204":["egyptImg/egypt_actionBar/dl_aj_zidong1/texture",1,1],"205":["egyptImg/egypt_actionBar/dl_aj_zidong1/spriteFrame",2,1],"206":["egyptImg/egypt_actionBar/zi_AUTO/texture",1,1],"207":["egyptImg/egypt_actionBar/zi_AUTO/spriteFrame",2,1],"208":["atlas/dialog/megawin/megawin",8,1],"209":["egyptImg/egypt_actionBar/zi_aj_spin/texture",1,1],"210":["egyptImg/egypt_actionBar/zi_aj_spin/spriteFrame",2,1],"211":["atlas/speedBorder/skeleton6/texture",1,1],"212":["egyptImg/egypt_actionBar/mianfeibox/texture",1,1],"213":["egyptImg/egypt_actionBar/mianfeibox/spriteFrame",2,1],"214":["egyptImg/btn_off/spriteFrame",2,1],"215":["atlas/openDoor/aiji_kaiguanmen2",8,1],"216":["atlas/rollerIcon/q/q/texture",1,1],"217":["atlas/rollerIcon/icon_jkc/texture",1,1],"218":["egyptImg/egypt_actionBar/dl_aj_kuai_0/texture",1,1],"219":["egyptImg/egypt_actionBar/dl_aj_kuai_0/spriteFrame",2,1],"220":["atlas/rollerIcon/gril2/2gemeinv/texture",1,1],"221":["egyptImg/egypt_actionBar/dl_aj_vipanniu/texture",1,1],"222":["egyptImg/egypt_actionBar/dl_aj_vipanniu/spriteFrame",2,1],"223":["egyptImg/egypt_actionBar/dl_aj_xiazhubox/texture",1,1],"224":["egyptImg/egypt_actionBar/dl_aj_xiazhubox/spriteFrame",2,1],"225":["textures/egypt/zi_aj_mianfei_Tishi/spriteFrame",2,1],"226":["egyptImg/egypt_actionBar/zi_goodluck/texture",1,1],"227":["egyptImg/egypt_actionBar/zi_goodluck/spriteFrame",2,1],"228":["prefabs/slotBg_new",6,1],"229":["atlas/focusBorder/1/xuanzhongkuang/texture",1,1],"230":["egyptImg/egypt_actionBar/dl_aj_xiazhujia_1/texture",1,1],"231":["egyptImg/egypt_actionBar/dl_aj_xiazhujia_1/spriteFrame",2,1],"232":["PublicImg/icon_dating_jinbi/texture",1,1],"233":["PublicImg/icon_dating_jinbi/spriteFrame",2,1],"234":["atlas/PublicSkeleton/jackpot02",8,1],"235":["egyptImg/egypt_actionBar/dl_aj_kuai_1/texture",1,1],"236":["egyptImg/egypt_actionBar/dl_aj_kuai_1/spriteFrame",2,1],"237":["egyptImg/egypt_actionBar/dl_aj_CONFIRM/texture",1,1],"238":["egyptImg/egypt_actionBar/dl_aj_CONFIRM/spriteFrame",2,1],"239":["font/zi_zhongjiang",5,1],"240":["publicFont/shuzi_xiazhucishu",5,1],"241":["atlas/rollerIcon/jzt/shuaige3/texture",1,1],"242":["atlas/dialog/jackpot/tongyong_jp",11,1],"243":["font/11",5,1],"244":["textures/bg_aj_jackpot_fengexian/texture",1,1],"245":["textures/bg_aj_jackpot_fengexian/spriteFrame",2,1],"246":["textures/egypt/zi_aj_mianfei_infreespins/spriteFrame",2,1],"247":["atlas/dialog/jackpot/fire0001/texture",1,1],"248":["atlas/dialog/jackpot/fire0001/spriteFrame",2,1],"249":["egyptImg/egypt_actionBar/title_1/texture",1,1],"250":["egyptImg/egypt_actionBar/title_1/spriteFrame",2,1],"251":["atlas/rollerIcon/gril3/sangemeinv",8,1],"252":["atlas/rollerIcon/icon_nan1/texture",1,1],"253":["egyptImg/egypt_actionBar/dl_shezhi_guan/texture",1,1],"254":["egyptImg/egypt_actionBar/dl_shezhi_guan/spriteFrame",2,1],"255":["textures/egypt/zi_ingold/spriteFrame",2,1],"256":["textures/egypt/bg_aj_mianfei_zhongjiang/spriteFrame",2,1],"257":["textures/egypt/bg_aj_jackpot_fengexian@2x/spriteFrame",2,1],"258":["atlas/PublicSkeleton/jackpot022/texture",1,1],"259":["atlas/dialog/jackpot/sb_lbjs_JACKPOT/texture",1,1],"260":["egyptImg/egypt_actionBar/dl_aj_shezhibox/texture",1,1],"261":["egyptImg/egypt_actionBar/dl_aj_shezhibox/spriteFrame",2,1],"262":["textures/bg_aj_jackpotbox/texture",1,1],"263":["textures/bg_aj_jackpotbox/spriteFrame",2,1],"264":["atlas/rollerIcon/icon_10/texture",1,1],"265":["atlas/rollerIcon/gril1/yigemeinv2/texture",1,1],"266":["prefabs/rulePanel",6,1],"267":["font/shuzi_aj_chognzi_0/texture",1,1],"268":["font/shuzi_aj_chognzi_0/spriteFrame",2,1],"269":["atlas/rollerIcon/icon_k/texture",1,1],"270":["atlas/rollerIcon/icon_k/spriteFrame",2,1],"271":["atlas/PublicSkeleton/spine_guangquan2/texture",1,1],"272":["egyptImg/2x/spriteFrame",2,1],"273":["textures/egypt/bg_aj_jackpot@2x/spriteFrame",2,1],"274":["publicFont/shuzi_xiazhujine",5,1],"275":["prefabs/dialogWin",6,1],"276":["egyptImg/egypt_actionBar/dl_aj_jinbibox/texture",1,1],"277":["egyptImg/egypt_actionBar/dl_aj_jinbibox/spriteFrame",2,1],"278":["egyptImg/guizi_aj_ye_0/spriteFrame",2,1],"279":["atlas/rollerIcon/icon_ying2/texture",1,1],"280":["textures/egypt/dh_aj_lizi@2x/spriteFrame",2,1],"281":["egyptImg/zi_aj_guize_title/spriteFrame",2,1],"282":["atlas/rollerIcon/ying/yingtou2/texture",1,1],"283":["atlas/focusBorder/1/xuanzhongkuang",8,1],"284":["atlas/PublicSkeleton/jackpot02/texture",1,1],"285":["font/shuzi_aj_mianfeiban",5,1],"286":["egyptImg/btn_aj_guizi_off/spriteFrame",2,1],"287":["textures/bg_aj_1/texture",1,1],"288":["textures/bg_aj_1/spriteFrame",2,1],"289":["atlas/rollerIcon/icon_q/texture",1,1],"290":["atlas/dialog/bigwin/ajjinbi/texture",1,1],"291":["atlas/dialog/bigwin/ajjinbi/spriteFrame",2,1],"292":["atlas/dialog/superwin/superwin/texture",1,1],"293":["egyptImg/egypt_actionBar/dl_aj_spinanniu/texture",1,1],"294":["egyptImg/egypt_actionBar/dl_aj_spinanniu/spriteFrame",2,1],"295":["egyptImg/egypt_actionBar/SETTINGS/texture",1,1],"296":["egyptImg/egypt_actionBar/SETTINGS/spriteFrame",2,1],"297":["egyptImg/egypt_actionBar/box1/texture",1,1],"298":["egyptImg/egypt_actionBar/box1/spriteFrame",2,1],"299":["egyptImg/icon_dt_loading_0/spriteFrame",2,1],"300":["atlas/dialog/bigwin/bigwin/texture",1,1],"301":["textures/egypt/btn_aj_mianfeijieuan_ok/spriteFrame",2,1],"302":["egyptImg/egypt_actionBar/dl_aj_xiazhujian_1/texture",1,1],"303":["egyptImg/egypt_actionBar/dl_aj_xiazhujian_1/spriteFrame",2,1],"304":["atlas/dialog/superwin/superwin",8,1],"305":["egyptImg/egypt_actionBar/zi_WIN/texture",1,1],"306":["egyptImg/egypt_actionBar/zi_WIN/spriteFrame",2,1],"307":["PublicImg/Rptidakmencukupi/texture",1,1],"308":["PublicImg/Rptidakmencukupi/spriteFrame",2,1],"309":["atlas/rollerIcon/gril1/yigemeinv/texture",1,1],"310":["atlas/animation/animation_title",9,1],"311":["font/shuzi_aj_mianfeiban_0/texture",1,1],"312":["font/shuzi_aj_mianfeiban_0/spriteFrame",2,1],"313":["egyptImg/egypt_actionBar/dl_aj_zidongshezhi_1/texture",1,1],"314":["egyptImg/egypt_actionBar/dl_aj_zidongshezhi_1/spriteFrame",2,1],"315":["atlas/rollerIcon/icon_j/texture",1,1],"316":["atlas/focusBorder/2/xuanzhongkuang2/texture",1,1],"317":["atlas/speedBorder/skeleton4/texture",1,1],"318":["atlas/PublicSkeleton/jackpot021/texture",1,1],"319":["egyptImg/egypt_actionBar/dl_aj_xiazhujia_0/texture",1,1],"320":["egyptImg/egypt_actionBar/dl_aj_xiazhujia_0/spriteFrame",2,1],"321":["atlas/rulePic/animation_up",9,1],"322":["atlas/focusBorder/3/xuanzhongkuang3",8,1],"323":["egyptImg/egypt_actionBar/MUSIC/texture",1,1],"324":["egyptImg/egypt_actionBar/MUSIC/spriteFrame",2,1],"325":["textures/egypt/bg_aj_mianfeiban/spriteFrame",2,1],"326":["prefabs/icon",6,1],"327":["egyptImg/guizi_aj_4/spriteFrame",2,1],"328":["atlas/rollerIcon/szj/shizijia/texture",1,1],"329":["textures/egypt/hasbeen/spriteFrame",2,1],"330":["egyptImg/egypt_actionBar/dl_aj_xiazhujian_0/texture",1,1],"331":["egyptImg/egypt_actionBar/dl_aj_xiazhujian_0/spriteFrame",2,1],"332":["egyptImg/guizi_aj_3/spriteFrame",2,1],"335":["atlas/speedBorder/skeleton7",0,1],"336":["atlas/speedBorder/skeleton2",0,1],"337":["atlas/rollerIcon/scatter/scatter1",8,1],"338":["atlas/rollerIcon/q/q",7,1],"339":["atlas/rollerIcon/icon_scatter",0,1],"340":["atlas/rollerIcon/icon_scatter/spriteFrame",2,1],"341":["atlas/rollerIcon/jkc/jiakechong",0,1],"342":["atlas/rollerIcon/A/a",0,1],"343":["atlas/rollerIcon/J/j",8,1],"344":["egyptImg/bg_aj_guizi",0,1],"345":["atlas/speedBorder/skeleton",0,1],"346":["atlas/rollerIcon/gou/goutou",7,1],"347":["atlas/PublicSkeleton/jackpot2",0,1],"348":["atlas/rollerIcon/scatter/scatter1",0,1],"349":["audio/ding",4,1],"350":["audio/coinClick",4,1],"351":["audio/get_coin",4,1],"352":["atlas/openDoor/aiji_kaiguanmen2",7,1],"353":["atlas/rollerIcon/fl/shuaige2",8,1],"354":["textures/number",0,1],"355":["egyptImg/egypt_actionBar/FREE SPINS LEFT ",0,1],"356":["egyptImg/egypt_actionBar/dl_aj_spinanniu1",0,1],"357":["publicFont/shuzi_xiazhujine_0",0,1],"358":["atlas/focusBorder/3/xuanzhongkuang3",7,1],"359":["atlas/rollerIcon/A/a",7,1],"360":["egyptImg/egypt_actionBar/dl_aj_shezhianniu",0,1],"361":["atlas/rollerIcon/10/10",0,1],"362":["atlas/rollerIcon/ying/yingtou2",8,1],"363":["atlas/rollerIcon/gou/goutou",8,1],"364":["atlas/rollerIcon/icon_wild",0,1],"365":["atlas/rollerIcon/icon_wild/spriteFrame",2,1],"366":["atlas/dialog/superwin/superwin",7,1],"367":["egyptImg/egypt_actionBar/dl_aj_spinicon",0,1],"368":["textures/bg2",0,1],"369":["atlas/rollerIcon/ying/yingtou2",7,1],"370":["publicFont/shuzi_xiazhucishu_0",0,1],"371":["atlas/dogHeader/skeleton2",7,1],"372":["textures/btn_aj_jackpotboX",0,1],"373":["atlas/rollerIcon/fl/shuaige2",7,1],"374":["egyptImg/egypt_actionBar/SOUND",0,1],"375":["atlas/rollerIcon/J/j",0,1],"376":["prefabs/singleIconRoller",6,1],"377":["egyptImg/egypt_actionBar/dl_aj_zidongshezhi_0",0,1],"378":["font/zi_zhongjiang_0",0,1],"379":["audio/bgFree",4,1],"380":["atlas/PublicSkeleton/jackpot02",7,1],"381":["egyptImg/egypt_actionBar/dl_aj_zidong",0,1],"382":["atlas/rollerIcon/gou/goutou",0,1],"383":["atlas/openDoor/aiji_kaiguanmen2",0,1],"384":["audio/ling",4,1],"385":["atlas/PublicSkeleton/jackpot",7,1],"386":["egyptImg/egypt_actionBar/dl_ollps_brn_shezhi_on",0,1],"387":["atlas/rollerIcon/icon_goutou",0,1],"388":["atlas/rollerIcon/icon_goutou/spriteFrame",2,1],"389":["atlas/dogHeader/skeleton2",0,1],"390":["atlas/speedBorder/skeleton",7,1],"391":["atlas/PublicSkeleton/spine_guangquan",8,1],"392":["egyptImg/egypt_actionBar/al_aj_caidanbox",0,1],"393":["atlas/rollerIcon/jkc/jiakechong",7,1],"394":["egyptImg/egypt_actionBar/dl_aj_caidan",0,1],"395":["egyptImg/egypt_actionBar/dl_aj_spinicon1",0,1],"396":["egyptImg/egypt_actionBar/dl_aj_tuichuanniu",0,1],"397":["atlas/PublicSkeleton/jackpot",0,1],"398":["textures/bj_aj_zhuanzhoukuang",0,1],"399":["atlas/rollerIcon/icon_ying1",0,1],"400":["atlas/rollerIcon/icon_ying1/spriteFrame",2,1],"401":["audio/btn_click",4,1],"402":["atlas/rollerIcon/gril1/yigemeinv",7,1],"403":["egyptImg/guizi_aj_1",0,1],"404":["egyptImg/egypt_actionBar/zi_aj_autospinsetting",0,1],"405":["egyptImg/egypt_actionBar/dl_aj_zidongdibox",0,1],"406":["atlas/rollerIcon/icon_szj",0,1],"407":["atlas/rollerIcon/icon_szj/spriteFrame",2,1],"409":["atlas/rollerIcon/niaotou/shuaige",0,1],"410":["egyptImg/egypt_actionBar/zi_STOP",0,1],"411":["egyptImg/egypt_actionBar/dl_aj_zidong1",0,1],"412":["atlas/rollerIcon/jzt/shuaige3",8,1],"413":["egyptImg/egypt_actionBar/zi_AUTO",0,1],"414":["atlas/rollerIcon/10/10",8,1],"416":["egyptImg/egypt_actionBar/zi_aj_spin",0,1],"417":["atlas/speedBorder/skeleton6",0,1],"418":["egyptImg/egypt_actionBar/mianfeibox",0,1],"419":["atlas/rollerIcon/q/q",0,1],"420":["atlas/rollerIcon/icon_jkc",0,1],"421":["atlas/rollerIcon/icon_jkc/spriteFrame",2,1],"422":["egyptImg/egypt_actionBar/dl_aj_kuai_0",0,1],"423":["atlas/rollerIcon/gril2/2gemeinv",0,1],"424":["egyptImg/egypt_actionBar/dl_aj_vipanniu",0,1],"429":["atlas/rollerIcon/A/a",8,1],"430":["egyptImg/egypt_actionBar/dl_aj_xiazhubox",0,1],"431":["atlas/rollerIcon/niaotou/shuaige",7,1],"432":["audio/game_loading",4,1],"433":["atlas/rollerIcon/wild/renwu2",7,1],"434":["egyptImg/egypt_actionBar/zi_goodluck",0,1],"436":["atlas/rollerIcon/jzt/shuaige3",7,1],"437":["atlas/focusBorder/1/xuanzhongkuang",0,1],"438":["egyptImg/egypt_actionBar/dl_aj_xiazhujia_1",0,1],"439":["PublicImg/icon_dating_jinbi",0,1],"440":["audio/sunGod",4,1],"441":["egyptImg/egypt_actionBar/dl_aj_kuai_1",0,1],"442":["egyptImg/egypt_actionBar/dl_aj_CONFIRM",0,1],"445":["atlas/PublicSkeleton/spine_guangquan",7,1],"446":["atlas/rollerIcon/jzt/shuaige3",0,1],"447":["atlas/dialog/megawin/megawin",7,1],"448":["atlas/focusBorder/1/xuanzhongkuang",7,1],"449":["atlas/rollerIcon/wild/renwu2",8,1],"450":["textures/bg_aj_jackpot_fengexian",0,1],"451":["atlas/rollerIcon/10/10",7,1],"452":["audio/minCoin",4,1],"453":["audio/bgMusic",4,1],"454":["atlas/dialog/jackpot/fire0001",0,1],"455":["egyptImg/egypt_actionBar/title_1",0,1],"456":["atlas/rollerIcon/icon_nan1",0,1],"457":["atlas/rollerIcon/icon_nan1/spriteFrame",2,1],"458":["egyptImg/egypt_actionBar/dl_shezhi_guan",0,1],"459":["atlas/rollerIcon/J/j",7,1],"460":["atlas/PublicSkeleton/jackpot022",0,1],"461":["atlas/dialog/jackpot/sb_lbjs_JACKPOT",0,1],"462":["atlas/dialog/jackpot/sb_lbjs_JACKPOT/spriteFrame",2,1],"463":["prefabs/Particle2D",6,1],"464":["atlas/rollerIcon/szj/shizijia",7,1],"465":["egyptImg/egypt_actionBar/dl_aj_shezhibox",0,1],"466":["atlas/dialog/jackpot/sb_lbjs_JACKPOT",7,1],"467":["textures/bg_aj_jackpotbox",0,1],"468":["atlas/rollerIcon/icon_10",0,1],"469":["atlas/rollerIcon/icon_10/spriteFrame",2,1],"470":["atlas/rollerIcon/gril1/yigemeinv2",0,1],"471":["atlas/focusBorder/2/xuanzhongkuang2",7,1],"472":["font/shuzi_aj_chognzi_0",0,1],"473":["atlas/rollerIcon/icon_k",0,1],"474":["atlas/PublicSkeleton/spine_guangquan2",0,1],"475":["audio/sgbegin1",4,1],"476":["atlas/rollerIcon/scatter/scatter1",7,1],"477":["audio/wild",4,1],"478":["egyptImg/egypt_actionBar/dl_aj_jinbibox",0,1],"479":["audio/sgBegin",4,1],"480":["atlas/rollerIcon/icon_ying2",0,1],"481":["atlas/rollerIcon/icon_ying2/spriteFrame",2,1],"482":["atlas/rollerIcon/niaotou/shuaige",8,1],"483":["atlas/rollerIcon/ying/yingtou2",0,1],"484":["atlas/PublicSkeleton/jackpot02",0,1],"485":["textures/bg_aj_1",0,1],"486":["atlas/rollerIcon/q/q",8,1],"487":["audio/sunGodNum",4,1],"488":["audio/maxCoin",4,1],"489":["atlas/rollerIcon/icon_q",0,1],"490":["atlas/rollerIcon/icon_q/spriteFrame",2,1],"491":["atlas/dialog/bigwin/ajjinbi",0,1],"492":["atlas/dialog/superwin/superwin",0,1],"493":["audio/turn",4,1],"494":["atlas/rollerIcon/szj/shizijia",8,1],"495":["egyptImg/egypt_actionBar/dl_aj_spinanniu",0,1],"496":["atlas/rollerIcon/gril2/2gemeinv",7,1],"497":["egyptImg/egypt_actionBar/SETTINGS",0,1],"498":["egyptImg/egypt_actionBar/box1",0,1],"499":["atlas/dialog/bigwin/bigwin",0,1],"500":["egyptImg/egypt_actionBar/dl_aj_xiazhujian_1",0,1],"501":["egyptImg/egypt_actionBar/zi_WIN",0,1],"502":["PublicImg/Rptidakmencukupi",0,1],"503":["atlas/rollerIcon/gril1/yigemeinv",0,1],"504":["font/shuzi_aj_mianfeiban_0",0,1],"505":["atlas/rollerIcon/jkc/jiakechong",8,1],"506":["audio/biu",4,1],"507":["egyptImg/egypt_actionBar/dl_aj_zidongshezhi_1",0,1],"508":["atlas/rollerIcon/icon_j",0,1],"509":["atlas/rollerIcon/icon_j/spriteFrame",2,1],"510":["atlas/focusBorder/2/xuanzhongkuang2",0,1],"511":["atlas/speedBorder/skeleton4",0,1],"512":["atlas/PublicSkeleton/jackpot021",0,1],"514":["egyptImg/egypt_actionBar/dl_aj_xiazhujia_0",0,1],"515":["egyptImg/egypt_actionBar/MUSIC",0,1],"517":["atlas/dialog/bigwin/bigwin",7,1],"518":["atlas/rollerIcon/szj/shizijia",0,1],"522":["egyptImg/egypt_actionBar/dl_aj_xiazhujian_0",0,1]},"scenes":{},"packs":{"01213c14c":[18,55,48,86,108,137,151,171,190,215,228,435,234,243,245,263,274,288,521],"0169ff94a":[68,110,143,164,123,255],"0170e0929":[46,54,1,47,2,77,97,19,83,89,89,5,101,115,102,105,126,124,127,128,9,138,140,150,154,156,158,170,169,183,181,186,198,200,201,202,212,216,217,218,229,230,232,41,42,79,90,75,107,7,333,109,111,145,173,179,192,211,221,223,4,69,112,113,114,130,134,176,188,194,204,220,426,71,71,84,73,106,136,175,189,132,160,162,209,206,226,144,167,50,165,191,444,235,237,241,244,247,249,252,253,258,259,260,262,264,265,271,267,269,276,279,282,284,287,290,295,297,293,292,289,300,302,305,309,307,311,313,315,323,319,317,318,316,328,520,330],"03ad369f3":[70,153],"041b0bc30":[166,239],"0489c004f":[8,39],"04fab3e89":[157,270,283,326],"05d23622c":[72,161,123,197,225,246,256,257,273,280,301,325,329],"0615ba7f0":[88,0],"063c70fbd":[149,152,123,208,275,285,291,304,312],"065810d20":[334,415],"06b66ec7c":[56,63,196],"075f26b59":[18,233,308],"07f610223":[131,142],"084e5b248":[242,248],"091eda08a":[155,240],"09e72e1f0":[199,219,236,298,320,39,331],"0a2543f93":[178,268],"0a63fa1d9":[49,129,0,427,513],"0add822ff":[3,6,40,74,76,78,133,135,139,146,159,163,168,174,180,182,184,187,195,203,205,207,210,213,222,224,227,231,238,250,254,261,277,294,296,303,306,314,324,39],"0c51a3401":[87,141,147,148,172,177,0,214,272,278,281,286,299,327,332],"0c7801d77":[10,185,251,322],"0f35a9c42":[125,193,266]},"versions":{"import":[],"native":[]},"redirect":[408,"1",516,"0"],"debug":false,"extensionMap":{".ccon":[310,321,428]},"hasPreloadScript":true,"dependencyRelationships":{},"types":["cc.ImageAsset","cc.Texture2D","cc.SpriteFrame","cc.SpriteAtlas","cc.AudioClip","cc.BitmapFont","cc.Prefab","cc.Asset","sp.SkeletonData","cc.AnimationClip","cc.LabelAtlas","cc.ParticleAsset"]}