[1,["c7503699-b90b-4ef4-b23e-6cd6bf520738@f9941","c7503699-b90b-4ef4-b23e-6cd6bf520738@6c48a"],["node","root","data","_spriteFrame","_textureSource"],["cc.SpriteFrame",["cc.Prefab",["_name"],2],["cc.Node",["_name","_components","_prefab"],2,9,4],["cc.UITransform",["node","__prefab","_contentSize"],3,1,4,5],["cc.CompPrefabInfo",["fileId"],2],["cc.Sprite",["node","__prefab","_spriteFrame"],3,1,4,6],["cc.PrefabInfo",["fileId","instance","targetOverrides","nestedPrefabInstanceRoots","root","asset"],-1,1,1]],[[4,0,2],[1,0,2],[2,0,1,2,2],[3,0,1,2,1],[5,0,1,2,1],[6,0,1,2,3,4,5,5]],[[[[1,"element_10"],[2,"element_10",[[3,-2,[0,"ffAonU4TNK2KpNrqab8X4b"],[5,194,166]],[4,-3,[0,"40z0MZPapC15mERhs63Abr"],0]],[5,"c46/YsCPVOJYA4mWEpNYRx",null,null,null,-1,0]]],0,[0,1,1,0,0,1,0,0,1,0,2,1,3],[0],[3],[0]],[[{"name":"00","rect":{"x":22,"y":16,"width":194,"height":166},"offset":{"x":0,"y":-0.5},"originalSize":{"width":238,"height":197},"rotated":false,"capInsets":[0,0,0,0],"vertices":{"rawPosition":[-97,-83,0,97,-83,0,-97,83,0,97,83,0],"indexes":[0,1,2,2,1,3],"uv":[22,181,216,181,22,15,216,15],"nuv":[0.09243697478991597,0.07614213197969544,0.907563025210084,0.07614213197969544,0.09243697478991597,0.9187817258883249,0.907563025210084,0.9187817258883249],"minPos":{"x":-97,"y":-83,"z":0},"maxPos":{"x":97,"y":83,"z":0}},"packable":true,"pixelsToUnit":100,"pivot":{"x":0.5,"y":0.5},"meshType":0}],[0],0,[0],[4],[1]]]]
