[1,["c2e2d4f0-d749-4b4f-aa62-4152e387ac6b@f9941","c2e2d4f0-d749-4b4f-aa62-4152e387ac6b@6c48a"],["spriteFrame","_textureSource"],["cc.SpriteFrame",["cc.ParticleAsset",["_name","_native"],1]],[[1,0,1,3]],[[[[0,"intro_p1",".plist"],-1],0,0,[0],[0],[0]],[[{"name":"p1","rect":{"x":0,"y":0,"width":64,"height":64},"offset":{"x":0,"y":0},"originalSize":{"width":64,"height":64},"rotated":false,"capInsets":[0,0,0,0],"vertices":{"rawPosition":[-32,-32,0,32,-32,0,-32,32,0,32,32,0],"indexes":[0,1,2,2,1,3],"uv":[0,64,64,64,0,0,64,0],"nuv":[0,0,1,0,0,1,1,1],"minPos":{"x":-32,"y":-32,"z":0},"maxPos":{"x":32,"y":32,"z":0}},"packable":true,"pixelsToUnit":100,"pivot":{"x":0.5,"y":0.5},"meshType":0}],[0],0,[0],[1],[1]]]]
