[1,["86Pl/UcfNP+4SH6jf6taaW@6c48a"],["_textureSource"],["cc.SpriteFrame"],0,[{"name":"icon_jingui","rect":{"x":2,"y":2,"width":152,"height":128},"offset":{"x":0,"y":0},"originalSize":{"width":156,"height":132},"rotated":false,"capInsets":[0,0,0,0],"vertices":{"rawPosition":[-76,-64,0,76,-64,0,-76,64,0,76,64,0],"indexes":[0,1,2,2,1,3],"uv":[2,130,154,130,2,2,154,2],"nuv":[0.01282051282051282,0.015151515151515152,0.9871794871794872,0.015151515151515152,0.01282051282051282,0.9848484848484849,0.9871794871794872,0.9848484848484849],"minPos":{"x":-76,"y":-64,"z":0},"maxPos":{"x":76,"y":64,"z":0}},"packable":true,"pixelsToUnit":100,"pivot":{"x":0.5,"y":0.5},"meshType":0}],[0],0,[0],[0],[0]]
