[1,["86junin/JKm548Dx7VswfU@6c48a"],["_textureSource"],["cc.SpriteFrame"],0,[{"name":"duofuduocai_icon_lan","rect":{"x":0,"y":0,"width":280,"height":280},"offset":{"x":0,"y":0},"originalSize":{"width":280,"height":280},"rotated":false,"capInsets":[0,0,0,0],"vertices":{"rawPosition":[-140,-140,0,140,-140,0,-140,140,0,140,140,0],"indexes":[0,1,2,2,1,3],"uv":[0,280,280,280,0,0,280,0],"nuv":[0,0,1,0,0,1,1,1],"minPos":{"x":-140,"y":-140,"z":0},"maxPos":{"x":140,"y":140,"z":0}},"packable":true,"pixelsToUnit":100,"pivot":{"x":0.5,"y":0.5},"meshType":0}],[0],0,[0],[0],[0]]
