[1,["72deJWpW1OdqH7yNKUHaNq@6c48a"],["_textureSource"],["cc.SpriteFrame"],0,[{"name":"ocean_icon_q","rect":{"x":0,"y":0,"width":502,"height":492},"offset":{"x":0,"y":0},"originalSize":{"width":502,"height":492},"rotated":false,"capInsets":[0,0,0,0],"vertices":{"rawPosition":[-251,-246,0,251,-246,0,-251,246,0,251,246,0],"indexes":[0,1,2,2,1,3],"uv":[0,492,502,492,0,0,502,0],"nuv":[0,0,1,0,0,1,1,1],"minPos":{"x":-251,"y":-246,"z":0},"maxPos":{"x":251,"y":246,"z":0}},"packable":true,"pixelsToUnit":100,"pivot":{"x":0.5,"y":0.5},"meshType":0}],[0],0,[0],[0],[0]]
