[1,["726X8z7IlBIbB+dgQv7g4I@6c48a"],["_textureSource"],["cc.SpriteFrame"],0,[{"name":"sea_icon_treasurebox1_15","rect":{"x":361,"y":89,"width":23,"height":7},"offset":{"x":116.5,"y":163.5},"originalSize":{"width":512,"height":512},"rotated":false,"capInsets":[0,0,0,0],"vertices":{"rawPosition":[-11.5,-3.5,0,11.5,-3.5,0,-11.5,3.5,0,11.5,3.5,0],"indexes":[0,1,2,2,1,3],"uv":[361,423,384,423,361,416,384,416],"nuv":[0.705078125,0.8125,0.75,0.8125,0.705078125,0.826171875,0.75,0.826171875],"minPos":{"x":-11.5,"y":-3.5,"z":0},"maxPos":{"x":11.5,"y":3.5,"z":0}},"packable":true,"pixelsToUnit":100,"pivot":{"x":0.5,"y":0.5},"meshType":0}],[0],0,[0],[0],[0]]
