[1,["3eu5o/XHtC+oKBHaOnY+Zg@6c48a"],["_textureSource"],["cc.SpriteFrame"],0,[{"name":"sea_icon_treasurebox_20","rect":{"x":91,"y":191,"width":421,"height":319},"offset":{"x":45.5,"y":-94.5},"originalSize":{"width":512,"height":512},"rotated":false,"capInsets":[0,0,0,0],"vertices":{"rawPosition":[-210.5,-159.5,0,210.5,-159.5,0,-210.5,159.5,0,210.5,159.5,0],"indexes":[0,1,2,2,1,3],"uv":[91,321,512,321,91,2,512,2],"nuv":[0.177734375,0.00390625,1,0.00390625,0.177734375,0.626953125,1,0.626953125],"minPos":{"x":-210.5,"y":-159.5,"z":0},"maxPos":{"x":210.5,"y":159.5,"z":0}},"packable":true,"pixelsToUnit":100,"pivot":{"x":0.5,"y":0.5},"meshType":0}],[0],0,[0],[0],[0]]
