[1,["3ewvCTceVLi7OZWIXFIgYZ@6c48a"],["_textureSource"],["cc.SpriteFrame"],0,[{"name":"sea_icon_treasurebox_15","rect":{"x":15,"y":191,"width":445,"height":321},"offset":{"x":-18.5,"y":-95.5},"originalSize":{"width":512,"height":512},"rotated":false,"capInsets":[0,0,0,0],"vertices":{"rawPosition":[-222.5,-160.5,0,222.5,-160.5,0,-222.5,160.5,0,222.5,160.5,0],"indexes":[0,1,2,2,1,3],"uv":[15,321,460,321,15,0,460,0],"nuv":[0.029296875,0,0.8984375,0,0.029296875,0.626953125,0.8984375,0.626953125],"minPos":{"x":-222.5,"y":-160.5,"z":0},"maxPos":{"x":222.5,"y":160.5,"z":0}},"packable":true,"pixelsToUnit":100,"pivot":{"x":0.5,"y":0.5},"meshType":0}],[0],0,[0],[0],[0]]
