[1,["02oVOlcBZNdZL7YcgbQ+Bx@6c48a"],["_textureSource"],["cc.SpriteFrame"],0,[{"name":"dl_hu_brn_shezhi_on","rect":{"x":0,"y":0,"width":208,"height":61},"offset":{"x":0,"y":0},"originalSize":{"width":208,"height":61},"rotated":false,"capInsets":[0,0,0,0],"vertices":{"rawPosition":[-104,-30.5,0,104,-30.5,0,-104,30.5,0,104,30.5,0],"indexes":[0,1,2,2,1,3],"uv":[0,61,208,61,0,0,208,0],"nuv":[0,0,1,0,0,1,1,1],"minPos":{"x":-104,"y":-30.5,"z":0},"maxPos":{"x":104,"y":30.5,"z":0}},"packable":true,"pixelsToUnit":100,"pivot":{"x":0.5,"y":0.5},"meshType":0}],[0],0,[0],[0],[0]]
