{"version":1,"document":[{"__type__":"cc.AnimationClip","_name":"animation_cardFlyR","_objFlags":0,"__editorExtras__":{"embeddedPlayerGroups":[]},"_native":"","sample":60,"speed":1,"wrapMode":1,"enableTrsBlending":false,"_duration":0.3333333333333333,"_hash":500763545,"_tracks":[{"__id__":1},{"__id__":11},{"__id__":21}],"_exoticAnimation":null,"_events":[],"_embeddedPlayers":[],"_additiveSettings":{"__id__":31},"_auxiliaryCurveEntries":[]},{"__type__":"cc.animation.VectorTrack","_binding":{"__type__":"cc.animation.TrackBinding","path":{"__id__":2},"proxy":null},"_channels":[{"__id__":3},{"__id__":5},{"__id__":7},{"__id__":9}],"_nComponents":3},{"__type__":"cc.animation.TrackPath","_paths":["position"]},{"__type__":"cc.animation.Channel","_curve":{"__id__":4}},{"__type__":"cc.RealCurve","bytes":{"__type__":"TypedArrayRef","ctor":"Uint8Array","offset":0,"length":46},"keyframeValueEditorExtras":[null,null]},{"__type__":"cc.animation.Channel","_curve":{"__id__":6}},{"__type__":"cc.RealCurve","bytes":{"__type__":"TypedArrayRef","ctor":"Uint8Array","offset":46,"length":46},"keyframeValueEditorExtras":[null,null]},{"__type__":"cc.animation.Channel","_curve":{"__id__":8}},{"__type__":"cc.RealCurve","bytes":{"__type__":"TypedArrayRef","ctor":"Uint8Array","offset":92,"length":46},"keyframeValueEditorExtras":[null,null]},{"__type__":"cc.animation.Channel","_curve":{"__id__":10}},{"__type__":"cc.RealCurve","bytes":{"__type__":"TypedArrayRef","ctor":"Uint8Array","offset":138,"length":6}},{"__type__":"cc.animation.VectorTrack","_binding":{"__type__":"cc.animation.TrackBinding","path":{"__id__":12},"proxy":null},"_channels":[{"__id__":13},{"__id__":15},{"__id__":17},{"__id__":19}],"_nComponents":3},{"__type__":"cc.animation.TrackPath","_paths":["scale"]},{"__type__":"cc.animation.Channel","_curve":{"__id__":14}},{"__type__":"cc.RealCurve","bytes":{"__type__":"TypedArrayRef","ctor":"Uint8Array","offset":144,"length":46},"keyframeValueEditorExtras":[null,null]},{"__type__":"cc.animation.Channel","_curve":{"__id__":16}},{"__type__":"cc.RealCurve","bytes":{"__type__":"TypedArrayRef","ctor":"Uint8Array","offset":190,"length":46},"keyframeValueEditorExtras":[null,null]},{"__type__":"cc.animation.Channel","_curve":{"__id__":18}},{"__type__":"cc.RealCurve","bytes":{"__type__":"TypedArrayRef","ctor":"Uint8Array","offset":236,"length":46},"keyframeValueEditorExtras":[null,null]},{"__type__":"cc.animation.Channel","_curve":{"__id__":20}},{"__type__":"cc.RealCurve","bytes":{"__type__":"TypedArrayRef","ctor":"Uint8Array","offset":282,"length":6}},{"__type__":"cc.animation.VectorTrack","_binding":{"__type__":"cc.animation.TrackBinding","path":{"__id__":22},"proxy":null},"_channels":[{"__id__":23},{"__id__":25},{"__id__":27},{"__id__":29}],"_nComponents":3},{"__type__":"cc.animation.TrackPath","_paths":["eulerAngles"]},{"__type__":"cc.animation.Channel","_curve":{"__id__":24}},{"__type__":"cc.RealCurve","bytes":{"__type__":"TypedArrayRef","ctor":"Uint8Array","offset":288,"length":66},"keyframeValueEditorExtras":[null,null,null]},{"__type__":"cc.animation.Channel","_curve":{"__id__":26}},{"__type__":"cc.RealCurve","bytes":{"__type__":"TypedArrayRef","ctor":"Uint8Array","offset":354,"length":66},"keyframeValueEditorExtras":[null,null,null]},{"__type__":"cc.animation.Channel","_curve":{"__id__":28}},{"__type__":"cc.RealCurve","bytes":{"__type__":"TypedArrayRef","ctor":"Uint8Array","offset":420,"length":66},"keyframeValueEditorExtras":[null,null,null]},{"__type__":"cc.animation.Channel","_curve":{"__id__":30}},{"__type__":"cc.RealCurve","bytes":{"__type__":"TypedArrayRef","ctor":"Uint8Array","offset":486,"length":6}},{"__type__":"cc.AnimationClipAdditiveSettings","enabled":false,"refClip":null}],"chunks":[".bin"]}
