[1,["d1ygsSOEJJt66u75klkq9j@6c48a"],["_textureSource"],["cc.SpriteFrame","cc.SpriteAtlas"],0,[[[{"name":"bg1guangpls","spriteFrames":["bg1guang0_1","03kgqoV/NLiKmh3yhMnXBF@40257","bg1guang0_2","03kgqoV/NLiKmh3yhMnXBF@9d1c8","bg1guang0_3","03kgqoV/NLiKmh3yhMnXBF@616ee","bg1guang0_4","03kgqoV/NLiKmh3yhMnXBF@e47a8","bg1guang0_5","03kgqoV/NLiKmh3yhMnXBF@d9fb6","bg1guang0_6","03kgqoV/NLiKmh3yhMnXBF@c7be2","bg1guang0_7","03kgqoV/NLiKmh3yhMnXBF@fd674","bg1guang0_8","03kgqoV/NLiKmh3yhMnXBF@a98de","bg1guang0_9","03kgqoV/NLiKmh3yhMnXBF@ce52a","bg1guang1_1","03kgqoV/NLiKmh3yhMnXBF@00938","bg1guang1_2","03kgqoV/NLiKmh3yhMnXBF@ad06c","bg1guang1_3","03kgqoV/NLiKmh3yhMnXBF@cc9b0","bg1guang1_4","03kgqoV/NLiKmh3yhMnXBF@93db1","bg1guang1_5","03kgqoV/NLiKmh3yhMnXBF@6d932","bg1guang1_6","03kgqoV/NLiKmh3yhMnXBF@c42e4","bg1guang1_7","03kgqoV/NLiKmh3yhMnXBF@083f6","bg1guang1_8","03kgqoV/NLiKmh3yhMnXBF@18758","bg1guang1_9","03kgqoV/NLiKmh3yhMnXBF@acaad","bg1guang2_1","03kgqoV/NLiKmh3yhMnXBF@a1e9f","bg1guang2_2","03kgqoV/NLiKmh3yhMnXBF@f47fc","bg1guang2_3","03kgqoV/NLiKmh3yhMnXBF@0db61","bg1guang2_4","03kgqoV/NLiKmh3yhMnXBF@453cb","bg1guang2_5","03kgqoV/NLiKmh3yhMnXBF@0ebf8","bg1guang2_6","03kgqoV/NLiKmh3yhMnXBF@52a2d","bg1guang2_7","03kgqoV/NLiKmh3yhMnXBF@0028a","bg1guang2_8","03kgqoV/NLiKmh3yhMnXBF@07bd6","bg1guang2_9","03kgqoV/NLiKmh3yhMnXBF@dc86a","bg1guang2_10","03kgqoV/NLiKmh3yhMnXBF@ec523","bg1guang3_1","03kgqoV/NLiKmh3yhMnXBF@19b66","bg1guang3_2","03kgqoV/NLiKmh3yhMnXBF@f6f7b","bg1guang3_3","03kgqoV/NLiKmh3yhMnXBF@eb635","bg1guang3_4","03kgqoV/NLiKmh3yhMnXBF@88e1c","bg1guang3_5","03kgqoV/NLiKmh3yhMnXBF@d300c","bg1guang3_6","03kgqoV/NLiKmh3yhMnXBF@37d87","bg1guang3_7","03kgqoV/NLiKmh3yhMnXBF@0ceb4","bg1guang3_8","03kgqoV/NLiKmh3yhMnXBF@ca370","bg1guang3_9","03kgqoV/NLiKmh3yhMnXBF@96c48","bg1guang3_10","03kgqoV/NLiKmh3yhMnXBF@17bba"]}],[1],0,[],[],[]],[[{"name":"bg1guang2_7","rect":{"x":484,"y":620,"width":616,"height":480},"offset":{"x":-25,"y":24},"originalSize":{"width":700,"height":560},"rotated":true,"capInsets":[0,0,0,0],"vertices":{"rawPosition":[],"indexes":[],"uv":[],"nuv":[],"minPos":{"x":0,"y":0,"z":0},"maxPos":{"x":0,"y":0,"z":0}},"packable":true,"pixelsToUnit":100,"pivot":{"x":0.5,"y":0.5},"meshType":0}],[0],0,[0],[0],[0]],[[{"name":"bg1guang1_1","rect":{"x":1682,"y":1100,"width":116,"height":126},"offset":{"x":22,"y":-5},"originalSize":{"width":160,"height":200},"rotated":false,"capInsets":[0,0,0,0],"vertices":{"rawPosition":[],"indexes":[],"uv":[],"nuv":[],"minPos":{"x":0,"y":0,"z":0},"maxPos":{"x":0,"y":0,"z":0}},"packable":true,"pixelsToUnit":100,"pivot":{"x":0.5,"y":0.5},"meshType":0}],[0],0,[0],[0],[0]],[[{"name":"bg1guang2_8","rect":{"x":2,"y":620,"width":616,"height":480},"offset":{"x":-24,"y":24},"originalSize":{"width":700,"height":560},"rotated":true,"capInsets":[0,0,0,0],"vertices":{"rawPosition":[],"indexes":[],"uv":[],"nuv":[],"minPos":{"x":0,"y":0,"z":0},"maxPos":{"x":0,"y":0,"z":0}},"packable":true,"pixelsToUnit":100,"pivot":{"x":0.5,"y":0.5},"meshType":0}],[0],0,[0],[0],[0]],[[{"name":"bg1guang1_7","rect":{"x":1800,"y":1100,"width":110,"height":116},"offset":{"x":25,"y":-5},"originalSize":{"width":160,"height":200},"rotated":true,"capInsets":[0,0,0,0],"vertices":{"rawPosition":[],"indexes":[],"uv":[],"nuv":[],"minPos":{"x":0,"y":0,"z":0},"maxPos":{"x":0,"y":0,"z":0}},"packable":true,"pixelsToUnit":100,"pivot":{"x":0.5,"y":0.5},"meshType":0}],[0],0,[0],[0],[0]],[[{"name":"bg1guang3_7","rect":{"x":1834,"y":76,"width":74,"height":70},"offset":{"x":-3,"y":-5},"originalSize":{"width":150,"height":150},"rotated":false,"capInsets":[0,0,0,0],"vertices":{"rawPosition":[],"indexes":[],"uv":[],"nuv":[],"minPos":{"x":0,"y":0,"z":0},"maxPos":{"x":0,"y":0,"z":0}},"packable":true,"pixelsToUnit":100,"pivot":{"x":0.5,"y":0.5},"meshType":0}],[0],0,[0],[0],[0]],[[{"name":"bg1guang2_3","rect":{"x":1242,"y":1238,"width":616,"height":478},"offset":{"x":-25,"y":21},"originalSize":{"width":700,"height":560},"rotated":false,"capInsets":[0,0,0,0],"vertices":{"rawPosition":[],"indexes":[],"uv":[],"nuv":[],"minPos":{"x":0,"y":0,"z":0},"maxPos":{"x":0,"y":0,"z":0}},"packable":true,"pixelsToUnit":100,"pivot":{"x":0.5,"y":0.5},"meshType":0}],[0],0,[0],[0],[0]],[[{"name":"bg1guang2_5","rect":{"x":2,"y":2,"width":616,"height":482},"offset":{"x":-25,"y":23},"originalSize":{"width":700,"height":560},"rotated":true,"capInsets":[0,0,0,0],"vertices":{"rawPosition":[],"indexes":[],"uv":[],"nuv":[],"minPos":{"x":0,"y":0,"z":0},"maxPos":{"x":0,"y":0,"z":0}},"packable":true,"pixelsToUnit":100,"pivot":{"x":0.5,"y":0.5},"meshType":0}],[0],0,[0],[0],[0]],[[{"name":"bg1guang3_10","rect":{"x":1750,"y":148,"width":76,"height":68},"offset":{"x":0,"y":0},"originalSize":{"width":150,"height":150},"rotated":false,"capInsets":[0,0,0,0],"vertices":{"rawPosition":[],"indexes":[],"uv":[],"nuv":[],"minPos":{"x":0,"y":0,"z":0},"maxPos":{"x":0,"y":0,"z":0}},"packable":true,"pixelsToUnit":100,"pivot":{"x":0.5,"y":0.5},"meshType":0}],[0],0,[0],[0],[0]],[[{"name":"bg1guang1_8","rect":{"x":1446,"y":1100,"width":116,"height":126},"offset":{"x":22,"y":-5},"originalSize":{"width":160,"height":200},"rotated":false,"capInsets":[0,0,0,0],"vertices":{"rawPosition":[],"indexes":[],"uv":[],"nuv":[],"minPos":{"x":0,"y":0,"z":0},"maxPos":{"x":0,"y":0,"z":0}},"packable":true,"pixelsToUnit":100,"pivot":{"x":0.5,"y":0.5},"meshType":0}],[0],0,[0],[0],[0]],[[{"name":"bg1guang3_1","rect":{"x":1838,"y":2,"width":76,"height":72},"offset":{"x":5,"y":-2},"originalSize":{"width":150,"height":150},"rotated":false,"capInsets":[0,0,0,0],"vertices":{"rawPosition":[],"indexes":[],"uv":[],"nuv":[],"minPos":{"x":0,"y":0,"z":0},"maxPos":{"x":0,"y":0,"z":0}},"packable":true,"pixelsToUnit":100,"pivot":{"x":0.5,"y":0.5},"meshType":0}],[0],0,[0],[0],[0]],[[{"name":"bg1guang3_6","rect":{"x":1828,"y":148,"width":78,"height":66},"offset":{"x":1,"y":-7},"originalSize":{"width":150,"height":150},"rotated":false,"capInsets":[0,0,0,0],"vertices":{"rawPosition":[],"indexes":[],"uv":[],"nuv":[],"minPos":{"x":0,"y":0,"z":0},"maxPos":{"x":0,"y":0,"z":0}},"packable":true,"pixelsToUnit":100,"pivot":{"x":0.5,"y":0.5},"meshType":0}],[0],0,[0],[0],[0]],[[{"name":"bg1guang0_1","rect":{"x":1252,"y":480,"width":86,"height":94},"offset":{"x":-22,"y":-2},"originalSize":{"width":130,"height":150},"rotated":false,"capInsets":[0,0,0,0],"vertices":{"rawPosition":[],"indexes":[],"uv":[],"nuv":[],"minPos":{"x":0,"y":0,"z":0},"maxPos":{"x":0,"y":0,"z":0}},"packable":true,"pixelsToUnit":100,"pivot":{"x":0.5,"y":0.5},"meshType":0}],[0],0,[0],[0],[0]],[[{"name":"bg1guang2_4","rect":{"x":966,"y":620,"width":616,"height":478},"offset":{"x":-26,"y":21},"originalSize":{"width":700,"height":560},"rotated":true,"capInsets":[0,0,0,0],"vertices":{"rawPosition":[],"indexes":[],"uv":[],"nuv":[],"minPos":{"x":0,"y":0,"z":0},"maxPos":{"x":0,"y":0,"z":0}},"packable":true,"pixelsToUnit":100,"pivot":{"x":0.5,"y":0.5},"meshType":0}],[0],0,[0],[0],[0]],[[{"name":"bg1guang2_6","rect":{"x":486,"y":2,"width":616,"height":480},"offset":{"x":-25,"y":24},"originalSize":{"width":700,"height":560},"rotated":true,"capInsets":[0,0,0,0],"vertices":{"rawPosition":[],"indexes":[],"uv":[],"nuv":[],"minPos":{"x":0,"y":0,"z":0},"maxPos":{"x":0,"y":0,"z":0}},"packable":true,"pixelsToUnit":100,"pivot":{"x":0.5,"y":0.5},"meshType":0}],[0],0,[0],[0],[0]],[[{"name":"bg1guang0_3","rect":{"x":1076,"y":480,"width":86,"height":94},"offset":{"x":-22,"y":-2},"originalSize":{"width":130,"height":150},"rotated":false,"capInsets":[0,0,0,0],"vertices":{"rawPosition":[],"indexes":[],"uv":[],"nuv":[],"minPos":{"x":0,"y":0,"z":0},"maxPos":{"x":0,"y":0,"z":0}},"packable":true,"pixelsToUnit":100,"pivot":{"x":0.5,"y":0.5},"meshType":0}],[0],0,[0],[0],[0]],[[{"name":"bg1guang1_5","rect":{"x":968,"y":480,"width":106,"height":110},"offset":{"x":27,"y":-5},"originalSize":{"width":160,"height":200},"rotated":false,"capInsets":[0,0,0,0],"vertices":{"rawPosition":[],"indexes":[],"uv":[],"nuv":[],"minPos":{"x":0,"y":0,"z":0},"maxPos":{"x":0,"y":0,"z":0}},"packable":true,"pixelsToUnit":100,"pivot":{"x":0.5,"y":0.5},"meshType":0}],[0],0,[0],[0],[0]],[[{"name":"bg1guang3_4","rect":{"x":1672,"y":2,"width":82,"height":76},"offset":{"x":1,"y":-2},"originalSize":{"width":150,"height":150},"rotated":false,"capInsets":[0,0,0,0],"vertices":{"rawPosition":[],"indexes":[],"uv":[],"nuv":[],"minPos":{"x":0,"y":0,"z":0},"maxPos":{"x":0,"y":0,"z":0}},"packable":true,"pixelsToUnit":100,"pivot":{"x":0.5,"y":0.5},"meshType":0}],[0],0,[0],[0],[0]],[[{"name":"bg1guang1_4","rect":{"x":1800,"y":1100,"width":110,"height":116},"offset":{"x":25,"y":-5},"originalSize":{"width":160,"height":200},"rotated":true,"capInsets":[0,0,0,0],"vertices":{"rawPosition":[],"indexes":[],"uv":[],"nuv":[],"minPos":{"x":0,"y":0,"z":0},"maxPos":{"x":0,"y":0,"z":0}},"packable":true,"pixelsToUnit":100,"pivot":{"x":0.5,"y":0.5},"meshType":0}],[0],0,[0],[0],[0]],[[{"name":"bg1guang3_9","rect":{"x":1588,"y":84,"width":78,"height":68},"offset":{"x":-1,"y":0},"originalSize":{"width":150,"height":150},"rotated":false,"capInsets":[0,0,0,0],"vertices":{"rawPosition":[],"indexes":[],"uv":[],"nuv":[],"minPos":{"x":0,"y":0,"z":0},"maxPos":{"x":0,"y":0,"z":0}},"packable":true,"pixelsToUnit":100,"pivot":{"x":0.5,"y":0.5},"meshType":0}],[0],0,[0],[0],[0]],[[{"name":"bg1guang0_2","rect":{"x":1164,"y":480,"width":86,"height":94},"offset":{"x":-22,"y":-2},"originalSize":{"width":130,"height":150},"rotated":false,"capInsets":[0,0,0,0],"vertices":{"rawPosition":[],"indexes":[],"uv":[],"nuv":[],"minPos":{"x":0,"y":0,"z":0},"maxPos":{"x":0,"y":0,"z":0}},"packable":true,"pixelsToUnit":100,"pivot":{"x":0.5,"y":0.5},"meshType":0}],[0],0,[0],[0],[0]],[[{"name":"bg1guang2_1","rect":{"x":622,"y":1238,"width":618,"height":478},"offset":{"x":-24,"y":23},"originalSize":{"width":700,"height":560},"rotated":false,"capInsets":[0,0,0,0],"vertices":{"rawPosition":[],"indexes":[],"uv":[],"nuv":[],"minPos":{"x":0,"y":0,"z":0},"maxPos":{"x":0,"y":0,"z":0}},"packable":true,"pixelsToUnit":100,"pivot":{"x":0.5,"y":0.5},"meshType":0}],[0],0,[0],[0],[0]],[[{"name":"bg1guang0_8","rect":{"x":1076,"y":480,"width":86,"height":94},"offset":{"x":-22,"y":-2},"originalSize":{"width":130,"height":150},"rotated":false,"capInsets":[0,0,0,0],"vertices":{"rawPosition":[],"indexes":[],"uv":[],"nuv":[],"minPos":{"x":0,"y":0,"z":0},"maxPos":{"x":0,"y":0,"z":0}},"packable":true,"pixelsToUnit":100,"pivot":{"x":0.5,"y":0.5},"meshType":0}],[0],0,[0],[0],[0]],[[{"name":"bg1guang1_9","rect":{"x":1564,"y":1100,"width":116,"height":126},"offset":{"x":22,"y":-5},"originalSize":{"width":160,"height":200},"rotated":false,"capInsets":[0,0,0,0],"vertices":{"rawPosition":[],"indexes":[],"uv":[],"nuv":[],"minPos":{"x":0,"y":0,"z":0},"maxPos":{"x":0,"y":0,"z":0}},"packable":true,"pixelsToUnit":100,"pivot":{"x":0.5,"y":0.5},"meshType":0}],[0],0,[0],[0],[0]],[[{"name":"bg1guang1_2","rect":{"x":1564,"y":1100,"width":116,"height":126},"offset":{"x":22,"y":-5},"originalSize":{"width":160,"height":200},"rotated":false,"capInsets":[0,0,0,0],"vertices":{"rawPosition":[],"indexes":[],"uv":[],"nuv":[],"minPos":{"x":0,"y":0,"z":0},"maxPos":{"x":0,"y":0,"z":0}},"packable":true,"pixelsToUnit":100,"pivot":{"x":0.5,"y":0.5},"meshType":0}],[0],0,[0],[0],[0]],[[{"name":"bg1guang1_6","rect":{"x":968,"y":480,"width":106,"height":110},"offset":{"x":27,"y":-5},"originalSize":{"width":160,"height":200},"rotated":false,"capInsets":[0,0,0,0],"vertices":{"rawPosition":[],"indexes":[],"uv":[],"nuv":[],"minPos":{"x":0,"y":0,"z":0},"maxPos":{"x":0,"y":0,"z":0}},"packable":true,"pixelsToUnit":100,"pivot":{"x":0.5,"y":0.5},"meshType":0}],[0],0,[0],[0],[0]],[[{"name":"bg1guang0_6","rect":{"x":1588,"y":2,"width":80,"height":82},"offset":{"x":-25,"y":-2},"originalSize":{"width":130,"height":150},"rotated":true,"capInsets":[0,0,0,0],"vertices":{"rawPosition":[],"indexes":[],"uv":[],"nuv":[],"minPos":{"x":0,"y":0,"z":0},"maxPos":{"x":0,"y":0,"z":0}},"packable":true,"pixelsToUnit":100,"pivot":{"x":0.5,"y":0.5},"meshType":0}],[0],0,[0],[0],[0]],[[{"name":"bg1guang3_8","rect":{"x":1828,"y":216,"width":74,"height":64},"offset":{"x":-2,"y":0},"originalSize":{"width":150,"height":150},"rotated":false,"capInsets":[0,0,0,0],"vertices":{"rawPosition":[],"indexes":[],"uv":[],"nuv":[],"minPos":{"x":0,"y":0,"z":0},"maxPos":{"x":0,"y":0,"z":0}},"packable":true,"pixelsToUnit":100,"pivot":{"x":0.5,"y":0.5},"meshType":0}],[0],0,[0],[0],[0]],[[{"name":"bg1guang1_3","rect":{"x":1446,"y":1100,"width":116,"height":126},"offset":{"x":22,"y":-5},"originalSize":{"width":160,"height":200},"rotated":false,"capInsets":[0,0,0,0],"vertices":{"rawPosition":[],"indexes":[],"uv":[],"nuv":[],"minPos":{"x":0,"y":0,"z":0},"maxPos":{"x":0,"y":0,"z":0}},"packable":true,"pixelsToUnit":100,"pivot":{"x":0.5,"y":0.5},"meshType":0}],[0],0,[0],[0],[0]],[[{"name":"bg1guang0_9","rect":{"x":1164,"y":480,"width":86,"height":94},"offset":{"x":-22,"y":-2},"originalSize":{"width":130,"height":150},"rotated":false,"capInsets":[0,0,0,0],"vertices":{"rawPosition":[],"indexes":[],"uv":[],"nuv":[],"minPos":{"x":0,"y":0,"z":0},"maxPos":{"x":0,"y":0,"z":0}},"packable":true,"pixelsToUnit":100,"pivot":{"x":0.5,"y":0.5},"meshType":0}],[0],0,[0],[0],[0]],[[{"name":"bg1guang3_5","rect":{"x":1756,"y":2,"width":80,"height":70},"offset":{"x":1,"y":-3},"originalSize":{"width":150,"height":150},"rotated":false,"capInsets":[0,0,0,0],"vertices":{"rawPosition":[],"indexes":[],"uv":[],"nuv":[],"minPos":{"x":0,"y":0,"z":0},"maxPos":{"x":0,"y":0,"z":0}},"packable":true,"pixelsToUnit":100,"pivot":{"x":0.5,"y":0.5},"meshType":0}],[0],0,[0],[0],[0]],[[{"name":"bg1guang0_5","rect":{"x":1588,"y":2,"width":80,"height":82},"offset":{"x":-25,"y":-2},"originalSize":{"width":130,"height":150},"rotated":true,"capInsets":[0,0,0,0],"vertices":{"rawPosition":[],"indexes":[],"uv":[],"nuv":[],"minPos":{"x":0,"y":0,"z":0},"maxPos":{"x":0,"y":0,"z":0}},"packable":true,"pixelsToUnit":100,"pivot":{"x":0.5,"y":0.5},"meshType":0}],[0],0,[0],[0],[0]],[[{"name":"bg1guang2_9","rect":{"x":968,"y":2,"width":618,"height":476},"offset":{"x":-24,"y":24},"originalSize":{"width":700,"height":560},"rotated":false,"capInsets":[0,0,0,0],"vertices":{"rawPosition":[],"indexes":[],"uv":[],"nuv":[],"minPos":{"x":0,"y":0,"z":0},"maxPos":{"x":0,"y":0,"z":0}},"packable":true,"pixelsToUnit":100,"pivot":{"x":0.5,"y":0.5},"meshType":0}],[0],0,[0],[0],[0]],[[{"name":"bg1guang0_4","rect":{"x":1340,"y":480,"width":82,"height":86},"offset":{"x":-24,"y":-2},"originalSize":{"width":130,"height":150},"rotated":true,"capInsets":[0,0,0,0],"vertices":{"rawPosition":[],"indexes":[],"uv":[],"nuv":[],"minPos":{"x":0,"y":0,"z":0},"maxPos":{"x":0,"y":0,"z":0}},"packable":true,"pixelsToUnit":100,"pivot":{"x":0.5,"y":0.5},"meshType":0}],[0],0,[0],[0],[0]],[[{"name":"bg1guang3_3","rect":{"x":1756,"y":74,"width":72,"height":76},"offset":{"x":4,"y":-2},"originalSize":{"width":150,"height":150},"rotated":true,"capInsets":[0,0,0,0],"vertices":{"rawPosition":[],"indexes":[],"uv":[],"nuv":[],"minPos":{"x":0,"y":0,"z":0},"maxPos":{"x":0,"y":0,"z":0}},"packable":true,"pixelsToUnit":100,"pivot":{"x":0.5,"y":0.5},"meshType":0}],[0],0,[0],[0],[0]],[[{"name":"bg1guang2_10","rect":{"x":1446,"y":480,"width":618,"height":474},"offset":{"x":-24,"y":25},"originalSize":{"width":700,"height":560},"rotated":true,"capInsets":[0,0,0,0],"vertices":{"rawPosition":[],"indexes":[],"uv":[],"nuv":[],"minPos":{"x":0,"y":0,"z":0},"maxPos":{"x":0,"y":0,"z":0}},"packable":true,"pixelsToUnit":100,"pivot":{"x":0.5,"y":0.5},"meshType":0}],[0],0,[0],[0],[0]],[[{"name":"bg1guang2_2","rect":{"x":2,"y":1238,"width":618,"height":478},"offset":{"x":-24,"y":21},"originalSize":{"width":700,"height":560},"rotated":false,"capInsets":[0,0,0,0],"vertices":{"rawPosition":[],"indexes":[],"uv":[],"nuv":[],"minPos":{"x":0,"y":0,"z":0},"maxPos":{"x":0,"y":0,"z":0}},"packable":true,"pixelsToUnit":100,"pivot":{"x":0.5,"y":0.5},"meshType":0}],[0],0,[0],[0],[0]],[[{"name":"bg1guang3_2","rect":{"x":1672,"y":80,"width":72,"height":76},"offset":{"x":3,"y":-5},"originalSize":{"width":150,"height":150},"rotated":true,"capInsets":[0,0,0,0],"vertices":{"rawPosition":[],"indexes":[],"uv":[],"nuv":[],"minPos":{"x":0,"y":0,"z":0},"maxPos":{"x":0,"y":0,"z":0}},"packable":true,"pixelsToUnit":100,"pivot":{"x":0.5,"y":0.5},"meshType":0}],[0],0,[0],[0],[0]],[[{"name":"bg1guang0_7","rect":{"x":1340,"y":480,"width":82,"height":86},"offset":{"x":-24,"y":-2},"originalSize":{"width":130,"height":150},"rotated":true,"capInsets":[0,0,0,0],"vertices":{"rawPosition":[],"indexes":[],"uv":[],"nuv":[],"minPos":{"x":0,"y":0,"z":0},"maxPos":{"x":0,"y":0,"z":0}},"packable":true,"pixelsToUnit":100,"pivot":{"x":0.5,"y":0.5},"meshType":0}],[0],0,[0],[0],[0]]]]
