[1,["5cyVeyUPpMxZWayhVzxS8T@6c48a","5cyVeyUPpMxZWayhVzxS8T@f9941"],["node","_textureSource","root","data","_spriteFrame"],[["cc.Node",["_name","_layer","_components","_prefab","_parent","_children"],1,9,4,1,2],["cc.Widget",["_alignFlags","_originalWidth","_originalHeight","node","__prefab","_target"],0,1,4,1],"cc.SpriteFrame",["cc.Prefab",["_name"],2],["cc.UITransform",["node","__prefab","_contentSize"],3,1,4,5],["cc.CompPrefabInfo",["fileId"],2],["cc.PrefabInfo",["fileId","instance","targetOverrides","nestedPrefabInstanceRoots","root","asset"],-1,1,1],["cc.Sprite",["_sizeMode","node","__prefab","_spriteFrame"],2,1,4,6]],[[5,0,2],[4,0,1,2,1],[6,0,1,2,3,4,5,5],[1,0,1,2,3,4,4],[0,0,4,2,3,2],[3,0,2],[0,0,1,5,2,3,3],[0,0,1,4,2,3,3],[1,0,1,2,3,4,5,4],[7,0,1,2,3,2]],[[[{"name":"img_fruits777_bg","rect":{"x":0,"y":0,"width":1334,"height":750},"offset":{"x":0,"y":0},"originalSize":{"width":1334,"height":750},"rotated":false,"capInsets":[0,0,0,0],"vertices":{"rawPosition":[-667,-375,0,667,-375,0,-667,375,0,667,375,0],"indexes":[0,1,2,2,1,3],"uv":[0,750,1334,750,0,0,1334,0],"nuv":[0,0,1,0,0,1,1,1],"minPos":{"x":-667,"y":-375,"z":0},"maxPos":{"x":667,"y":375,"z":0}},"packable":true,"pixelsToUnit":100,"pivot":{"x":0.5,"y":0.5},"meshType":0}],[2],0,[0],[1],[0]],[[[5,"prefab_fruits777_gameBoard"],[6,"prefab_fruits777_gameBoard",33554432,[-4,-5,-6],[[1,-2,[0,"69nmxCDaJJOY/kStR2c5Nz"],[5,1334,750]],[3,45,100,100,-3,[0,"d5ic3quCdCsY40U5Av4IQF"]]],[2,"8ejzbUYipBHITFaafizOPq",null,null,null,-1,0]],[7,"img_fruits777_bg",33554432,1,[[1,-7,[0,"5a3Rv4z7NOc7wQhnSvaseN"],[5,1334,750]],[9,0,-8,[0,"4deCfT6bhKerGRm1vIVaSj"],0],[8,45,1624,750,-9,[0,"65IvEUtgtLzbAVXTyzWvCn"],1]],[2,"abOFejvGJF1IZbaxqc6nDZ",null,null,null,1,0]],[4,"props_gameBoard",1,[[1,-10,[0,"bfvaLG8A5ExL6JdVIwh/Uu"],[5,1334,750]],[3,45,100,100,-11,[0,"beqencXt9E04bVkcV0LKqn"]]],[2,"faMScvDqRKWYzK58nzDou7",null,null,null,1,0]],[4,"props_wrap",1,[[1,-12,[0,"eePg5q6OFF7I61doU6Mqq1"],[5,1334,750]],[3,45,100,100,-13,[0,"91/efLOmdOU73DGjqadAXh"]]],[2,"71AwDQZOtIUoTeRd8rxx5k",null,null,null,1,0]]],0,[0,2,1,0,0,1,0,0,1,0,-1,2,0,-2,3,0,-3,4,0,0,2,0,0,2,0,0,2,0,0,3,0,0,3,0,0,4,0,0,4,0,3,1,13],[0],[4],[1]]]]
