[1,["157fb6461@6c48a","7awy3P5FpJp58MgSJwcaTE@f9941","7dVqZiix9FcbtWo925nrNz@f9941","87CuXK9z1PiYPr3RVn8xj8@f9941","85WkQMULVCWqCPe8egAdhE@f9941","81v3sOgWBNUa8upNY2SjIO@f9941","a7Mto4LnhD9oTBQdE793nx@f9941","18eirF6cFJm7sLULVqAlaw@f9941","36VLUEjwBAnbyCfF65YTsk@f9941","c1nr9h2LFHH44EdQLH0hgX@f9941","38MOAlI1xEnIngxkM+VTZB@f9941","e6/C0eIfpCT6iVmlachU7q@f9941","aa6ofZFURCnbdd/PyDRH8g@f9941","06Im8otFhHXbPbq+KDmma5@f9941","e4wIBBvYlDu6gNDX6jAj9v@f9941","a5D2wvh7VPt4dMynCQ5pYF@f9941","64AQruG/ZIUqQ1N2WPDVMi@f9941","31YypLdP5E7LeDSHHy18MT@f9941","b3PWj4Sr1C/5/9oqIemL1e@f9941","93Z2SgjadGvJvpYzlN0plF@f9941","49YsEB6z1LVa+83AnzJsIB@f9941","84WBUhxepJ24z4ICF3BIWb@f9941","edXWdVOZpMFqNwtzrK0NEZ@f9941","2fQAOb5RZOfqSVQfCEt014@f9941","88yqOKn8ZNB6P0NISR4JYt@f9941","22JGyy6cFJwb7F59jZCYlV@f9941","05eJDc4kVAtZPyD4OlBvT+@f9941","52YkSTtV5OH6Lc96O7amQz@f9941","77/R6/2xpL5KR18Ytn3Lbv@f9941","effkMRkI5EaJaFsyS+rp02@f9941","e2slTFOtpMgLQaA5kPRHcm@f9941","79Wf1lTtJB9q3nEotX2i96@f9941","b0XKLfhdxP2JzAt2Up75G6@f9941","680AeAigFObqwpIkuHvD7f@f9941","c0EesY8SdKjJD3nET1IqUq@f9941","55i+1f4kNH6JFLkFp+7lkK@f9941","2dMfG/pwhNIY/sHORdQZzn@f9941","6cXwPTtBVL8417uth1FS4v@f9941","5fl+SnxJZE8a4kG2y2J0Tc@f9941","21ssb0hL9ERZURvNjGYcVf@f9941","45Hn/ZZMFJ9qq8bOw/HD/b@f9941","f92po+PhZAnonVI0ZorDdI@f9941","c1uxiDQH9HkZPQNuVpIPii@f9941","99kAvFvkBKh6WRC5pwd9a2@f9941","88uE9Vk+FLeYIW00DdOjXX@f9941","d8pQvxQQJAPJ9sb9rnLowU@f9941","30ZHIGH4NIJrFnFgittv96@f9941","276KM7NIBJVIxFkX6655WB@f9941","a0HtrbOiJKUYVnS+OtBqTb@f9941","40bAfYmtlPjJkV7u1Be5NZ@f9941","9d0M/K2ORFxapv09sIm14J@f9941","70uZ9A5S1CTZAw3BRZhpPV@f9941","4bakJvG1hIO7Pr7ECSbeah@f9941","10R1gBJQ5HAo4NaXPalYnB@f9941","f0pQAdJPdM96u7fgsdku59@f9941","caHkHdfwJOO4ngbLtS5+/6@f9941","95EJ59yi5C6pcrs8sfMVNT@f9941","23jfNaCZZKa6tK0S6E3Nyd@f9941","a6XjBU0VtNTZI1osmBuDCg@f9941","89SOFLccFEF7tm0ZL9GXcE@f9941","d7y6kly61K25FfO9B1ZbWs@f9941","19F0wHfm5E0ZThs8vkwIKb@f9941","87/zu703BFpJUKhWZaZXj5@f9941","17ReWv4XFPJLmA6o05fcXs@f9941","48GoI70TNJNYih5wqqaaG5@f9941","6a1sX95XtPHoyWSZVCGpNI@f9941","efybyGgbREnLasMosHgpm6@f9941","f7/spbczlOKJF7BhFNzNvf@f9941","04HXeUMZdJzo41DNZuWHrU@f9941","7e57yAwRNDmIYo4Ackt5WO@f9941","5bW5J5OPRIE5ivWITABLrF@f9941","86yQVtyvFDO7G5dRBlIy5n@f9941","f4ztoxrjJNj79BL5+hCsna@f9941","12eGr+ssBDY5V9PZ6+4Cwo@f9941","7edDCEV61Bpa0mP3uVetBo@f9941","acQl6G2whJE6BKC5KFbDxK@f9941","5fk/0zsf5AwLwFniHOAmnK@f9941","a0J4oqR5RD06LHxEoITkWc@f9941","57h2ACNCtPJ7cyK/LTYxoN@f9941","dbhhVEFvpGArXQ+G733DNo@f9941","6dzxK2cNRPBqX9+fm68uqm@f9941","4eE8de1OdJvKoh72LSyWKP@f9941","89sigCxEFJGY5py8LiLlKK@f9941","bayGOm4E1Hu6+KxsdXkbjK@f9941","e350yGmEtMCK0s9LcLxoqH@f9941","8eMwUCJj5NqImrLcIkiDJv@f9941","9aj/QxhElNRrP9/l00KaVs@f9941","33IvWai8dC54CqebR8y4Zv@f9941","708zdc301NFJHx5oIeKbOh@f9941","deNiUE8sRJVJD9ODh7QirK@f9941","9dl08EB0JIhar6qb9Kdik6@f9941","5fPl1NYK5IyIcgZ2cAqN59@f9941","6dSVJOz6pJgJKniPbXXcwW@f9941","ecOz0rNopJdqJkhSZ/TQ5D@f9941"],["_textureSource"],["cc.SpriteFrame","cc.SpriteAtlas"],0,[[[{"name":"zi_autoplay","rect":{"x":39,"y":639,"width":64,"height":16},"offset":{"x":0,"y":0},"originalSize":{"width":64,"height":18},"rotated":false,"capInsets":[0,0,0,0],"packable":true,"pixelsToUnit":100,"pivot":{"x":0.5,"y":0.5},"meshType":0}],[0],0,[0],[0],[0]],[[{"name":"btn_shezhi_off","rect":{"x":596,"y":820,"width":201,"height":68},"offset":{"x":0,"y":0},"originalSize":{"width":201,"height":68},"rotated":true,"capInsets":[0,0,0,0],"packable":true,"pixelsToUnit":100,"pivot":{"x":0.5,"y":0.5},"meshType":0}],[0],0,[0],[0],[0]],[[{"name":"zi_goumaixiaoyouxi","rect":{"x":39,"y":664,"width":354,"height":102},"offset":{"x":0,"y":0},"originalSize":{"width":354,"height":102},"rotated":true,"capInsets":[0,0,0,0],"packable":true,"pixelsToUnit":100,"pivot":{"x":0.5,"y":0.5},"meshType":0}],[0],0,[0],[0],[0]],[[{"name":"btn_jinbi_jia","rect":{"x":539,"y":880,"width":40,"height":40},"offset":{"x":0,"y":0},"originalSize":{"width":40,"height":40},"rotated":false,"capInsets":[0,0,0,0],"packable":true,"pixelsToUnit":100,"pivot":{"x":0.5,"y":0.5},"meshType":0}],[0],0,[0],[0],[0]],[[{"name":"zi_belipermainan","rect":{"x":366,"y":989,"width":97,"height":32},"offset":{"x":0.5,"y":0},"originalSize":{"width":100,"height":32},"rotated":false,"capInsets":[0,0,0,0],"packable":true,"pixelsToUnit":100,"pivot":{"x":0.5,"y":0.5},"meshType":0}],[0],0,[0],[0],[0]],[[{"name":"word_title_zidong","rect":{"x":3,"y":639,"width":369,"height":30},"offset":{"x":0,"y":0},"originalSize":{"width":369,"height":30},"rotated":true,"capInsets":[0,0,0,0],"packable":true,"pixelsToUnit":100,"pivot":{"x":0.5,"y":0.5},"meshType":0}],[0],0,[0],[0],[0]],[[{"name":"word_vip","rect":{"x":539,"y":851,"width":41,"height":23},"offset":{"x":0,"y":0},"originalSize":{"width":41,"height":23},"rotated":false,"capInsets":[0,0,0,0],"packable":true,"pixelsToUnit":100,"pivot":{"x":0.5,"y":0.5},"meshType":0}],[0],0,[0],[0],[0]],[[{"name":"btn_shezhi_on","rect":{"x":670,"y":820,"width":201,"height":68},"offset":{"x":0,"y":0},"originalSize":{"width":201,"height":68},"rotated":true,"capInsets":[0,0,0,0],"packable":true,"pixelsToUnit":100,"pivot":{"x":0.5,"y":0.5},"meshType":0}],[0],0,[0],[0],[0]],[[{"name":"zi_ting","rect":{"x":934,"y":3,"width":80,"height":80},"offset":{"x":0,"y":0},"originalSize":{"width":80,"height":80},"rotated":false,"capInsets":[0,0,0,0],"packable":true,"pixelsToUnit":100,"pivot":{"x":0.5,"y":0.5},"meshType":0}],[0],0,[0],[0],[0]],[[{"name":"word_set","rect":{"x":109,"y":639,"width":100,"height":14},"offset":{"x":0,"y":0},"originalSize":{"width":100,"height":14},"rotated":false,"capInsets":[0,0,0,0],"packable":true,"pixelsToUnit":100,"pivot":{"x":0.5,"y":0.5},"meshType":0}],[0],0,[0],[0],[0]],[[{"name":"bg_starlight_gandabox","rect":{"x":345,"y":750,"width":188,"height":233},"offset":{"x":0,"y":0},"originalSize":{"width":188,"height":233},"rotated":false,"capInsets":[0,0,0,0],"packable":true,"pixelsToUnit":100,"pivot":{"x":0.5,"y":0.5},"meshType":0}],[0],0,[0],[0],[0]],[[{"name":"word_loading2","rect":{"x":539,"y":750,"width":475,"height":64},"offset":{"x":0,"y":0},"originalSize":{"width":475,"height":64},"rotated":false,"capInsets":[0,0,0,0],"packable":true,"pixelsToUnit":100,"pivot":{"x":0.5,"y":0.5},"meshType":0}],[0],0,[0],[0],[0]],[[{"name":"word_info","rect":{"x":933,"y":664,"width":88,"height":32},"offset":{"x":0,"y":0},"originalSize":{"width":88,"height":32},"rotated":false,"capInsets":[0,0,0,0],"packable":true,"pixelsToUnit":100,"pivot":{"x":0.5,"y":0.5},"meshType":0}],[0],0,[0],[0],[0]],[[{"name":"SOUND","rect":{"x":469,"y":989,"width":121,"height":31},"offset":{"x":0,"y":0},"originalSize":{"width":121,"height":31},"rotated":false,"capInsets":[0,0,0,0],"packable":true,"pixelsToUnit":100,"pivot":{"x":0.5,"y":0.5},"meshType":0}],[0],0,[0],[0],[0]],[[{"name":"zi_putaran","rect":{"x":147,"y":664,"width":334,"height":48},"offset":{"x":0,"y":0},"originalSize":{"width":334,"height":48},"rotated":true,"capInsets":[0,0,0,0],"packable":true,"pixelsToUnit":100,"pivot":{"x":0.5,"y":0.5},"meshType":0}],[0],0,[0],[0],[0]],[[{"name":"bg_starlight_item_box_tiao","rect":{"x":201,"y":989,"width":159,"height":32},"offset":{"x":0,"y":0},"originalSize":{"width":159,"height":32},"rotated":false,"capInsets":[0,0,0,0],"packable":true,"pixelsToUnit":100,"pivot":{"x":0.5,"y":0.5},"meshType":0}],[0],0,[0],[0],[0]],[[{"name":"zi_ting2","rect":{"x":934,"y":89,"width":80,"height":80},"offset":{"x":0,"y":0},"originalSize":{"width":80,"height":80},"rotated":false,"capInsets":[0,0,0,0],"packable":true,"pixelsToUnit":100,"pivot":{"x":0.5,"y":0.5},"meshType":0}],[0],0,[0],[0],[0]],[[{"name":"icon_bank_gold","rect":{"x":975,"y":983,"width":35,"height":37},"offset":{"x":0,"y":0},"originalSize":{"width":35,"height":37},"rotated":false,"capInsets":[0,0,0,0],"packable":true,"pixelsToUnit":100,"pivot":{"x":0.5,"y":0.5},"meshType":0}],[0],0,[0],[0],[0]],[[{"name":"zi_dalam","rect":{"x":934,"y":609,"width":69,"height":49},"offset":{"x":0,"y":0},"originalSize":{"width":69,"height":49},"rotated":false,"capInsets":[0,0,0,0],"packable":true,"pixelsToUnit":100,"pivot":{"x":0.5,"y":0.5},"meshType":0}],[0],0,[0],[0],[0]],[[{"name":"bg_zhuanpan_2","rect":{"x":3,"y":3,"width":925,"height":630},"offset":{"x":0,"y":0},"originalSize":{"width":925,"height":630},"rotated":false,"capInsets":[0,0,0,0],"packable":true,"pixelsToUnit":100,"pivot":{"x":0.5,"y":0.5},"meshType":0}],[0],0,[0],[0],[0]],[[{"name":"bg_starlight_ganda_kaiguan","rect":{"x":975,"y":873,"width":104,"height":44},"offset":{"x":0,"y":0},"originalSize":{"width":104,"height":44},"rotated":true,"capInsets":[0,0,0,0],"packable":true,"pixelsToUnit":100,"pivot":{"x":0.5,"y":0.5},"meshType":0}],[0],0,[0],[0],[0]],[[{"name":"auto-starlight","spriteFrames":["icon_xggz_bangzhu_1","7awy3P5FpJp58MgSJwcaTE@f9941","word_spin","7dVqZiix9FcbtWo925nrNz@f9941","zi_tanchuang_title","87CuXK9z1PiYPr3RVn8xj8@f9941","icon_xggz_bangzhu_3","85WkQMULVCWqCPe8egAdhE@f9941","bg_input_box","81v3sOgWBNUa8upNY2SjIO@f9941","bg_starlight_operate_box_gold","a7Mto4LnhD9oTBQdE793nx@f9941","btn_xggz_caozuobox_jian","18eirF6cFJm7sLULVqAlaw@f9941","btn_xggz_caozuobox_jian_1","36VLUEjwBAnbyCfF65YTsk@f9941","word_exit","c1nr9h2LFHH44EdQLH0hgX@f9941","btn_xggz_caozuobox_jia","38MOAlI1xEnIngxkM+VTZB@f9941","btn_xggz_caozuobox_jia_0","e6/C0eIfpCT6iVmlachU7q@f9941","btn_xggx_caidan","aa6ofZFURCnbdd/PyDRH8g@f9941","btn_KONFIRMASI","06Im8otFhHXbPbq+KDmma5@f9941","zi_bonusaktif","e4wIBBvYlDu6gNDX6jAj9v@f9941","zi_totalwin","a5D2wvh7VPt4dMynCQ5pYF@f9941","icon_kaiguan_duihao","64AQruG/ZIUqQ1N2WPDVMi@f9941","icon_kaiguan_jiantou","31YypLdP5E7LeDSHHy18MT@f9941","zi_on","b3PWj4Sr1C/5/9oqIemL1e@f9941","bg_zhuanpan_2","93Z2SgjadGvJvpYzlN0plF@f9941","zi_ting","49YsEB6z1LVa+83AnzJsIB@f9941","zi_ting2","84WBUhxepJ24z4ICF3BIWb@f9941","zi_selamat","edXWdVOZpMFqNwtzrK0NEZ@f9941","word_title_zidong","2fQAOb5RZOfqSVQfCEt014@f9941","zi_dalam","88yqOKn8ZNB6P0NISR4JYt@f9941","zi_goumaixiaoyouxi","22JGyy6cFJwb7F59jZCYlV@f9941","zi_autoplay","05eJDc4kVAtZPyD4OlBvT+@f9941","word_set","52YkSTtV5OH6Lc96O7amQz@f9941","zi_putaran","77/R6/2xpL5KR18Ytn3Lbv@f9941","zi_off","effkMRkI5EaJaFsyS+rp02@f9941","bg_zidongyouxi_box_nei","e2slTFOtpMgLQaA5kPRHcm@f9941","bg_starlight_item_box_tiao","79Wf1lTtJB9q3nEotX2i96@f9941","zi_4","b0XKLfhdxP2JzAt2Up75G6@f9941","word_info","680AeAigFObqwpIkuHvD7f@f9941","zi_3","c0EesY8SdKjJD3nET1IqUq@f9941","bg_starlight_gandabox","55i+1f4kNH6JFLkFp+7lkK@f9941","zi_belipermainan","2dMfG/pwhNIY/sHORdQZzn@f9941","SOUND","6cXwPTtBVL8417uth1FS4v@f9941","word_loading2","5fl+SnxJZE8a4kG2y2J0Tc@f9941","btn_shezhi_off","21ssb0hL9ERZURvNjGYcVf@f9941","btn_shezhi_on","45Hn/ZZMFJ9qq8bOw/HD/b@f9941","zi_anda","f92po+PhZAnonVI0ZorDdI@f9941","bg_free_box","c1uxiDQH9HkZPQNuVpIPii@f9941","bg_starlight_ganda_kaiguan","99kAvFvkBKh6WRC5pwd9a2@f9941","icon_bank_gold","88uE9Vk+FLeYIW00DdOjXX@f9941","btn_olpn_kaiguan","d8pQvxQQJAPJ9sb9rnLowU@f9941","word_vip","30ZHIGH4NIJrFnFgittv96@f9941","btn_jinbi_jia","276KM7NIBJVIxFkX6655WB@f9941","zi_win","a0HtrbOiJKUYVnS+OtBqTb@f9941","bg_starlight_zhuanpan_1","40bAfYmtlPjJkV7u1Be5NZ@f9941","icon_xggz_bangzhu_4","9d0M/K2ORFxapv09sIm14J@f9941","word_loading1","70uZ9A5S1CTZAw3BRZhpPV@f9941","btn_zidongyouxi_xuanzhong","4bakJvG1hIO7Pr7ECSbeah@f9941","zi_2","10R1gBJQ5HAo4NaXPalYnB@f9941","btn_banghzu_fanye","f0pQAdJPdM96u7fgsdku59@f9941","zi_1","caHkHdfwJOO4ngbLtS5+/6@f9941","word_loading_blue_1","95EJ59yi5C6pcrs8sfMVNT@f9941","btn_xggz_kuaisu_0","23jfNaCZZKa6tK0S6E3Nyd@f9941","zi_shezhi","a6XjBU0VtNTZI1osmBuDCg@f9941","icon_olps_xuanzhong","89SOFLccFEF7tm0ZL9GXcE@f9941","zi_maksimum","d7y6kly61K25FfO9B1ZbWs@f9941","zi_ganda","19F0wHfm5E0ZThs8vkwIKb@f9941","icon_xggz_bangzhu_2","87/zu703BFpJUKhWZaZXj5@f9941","img_arow","17ReWv4XFPJLmA6o05fcXs@f9941","zi_spin","48GoI70TNJNYih5wqqaaG5@f9941","bg_starlight_beli_box","6a1sX95XtPHoyWSZVCGpNI@f9941","bg_starlight_rate_box","efybyGgbREnLasMosHgpm6@f9941","bg_starlight_operate_box_win","f7/spbczlOKJF7BhFNzNvf@f9941","bg_starlight_buy_sg_box","04HXeUMZdJzo41DNZuWHrU@f9941","btn_xggz_goumaixiaoyouxi_on","7e57yAwRNDmIYo4Ackt5WO@f9941","btn_xggz_goumaixiaoyouxi_off","5bW5J5OPRIE5ivWITABLrF@f9941","bg_starlight_free_box","86yQVtyvFDO7G5dRBlIy5n@f9941","bg_starlight_item_box","f4ztoxrjJNj79BL5+hCsna@f9941","zi_shengyumiafneicishu","12eGr+ssBDY5V9PZ6+4Cwo@f9941","bg_starlight_zhongjaingdinglan","7edDCEV61Bpa0mP3uVetBo@f9941","zi_kesempatan","acQl6G2whJE6BKC5KFbDxK@f9941","btn_vip","5fk/0zsf5AwLwFniHOAmnK@f9941","MUSIC","a0J4oqR5RD06LHxEoITkWc@f9941","bg_set_box","57h2ACNCtPJ7cyK/LTYxoN@f9941","zi_goodluck","dbhhVEFvpGArXQ+G733DNo@f9941","btn_set","6dzxK2cNRPBqX9+fm68uqm@f9941","SETTINGS","4eE8de1OdJvKoh72LSyWKP@f9941","btn_info","89sigCxEFJGY5py8LiLlKK@f9941","word_title_bangzhu","bayGOm4E1Hu6+KxsdXkbjK@f9941","btn_exit","e350yGmEtMCK0s9LcLxoqH@f9941","btn_xggz_autobox","8eMwUCJj5NqImrLcIkiDJv@f9941","btn_zidongyouxi_weixuan","9aj/QxhElNRrP9/l00KaVs@f9941","btn_xggz_kuaisu_1","33IvWai8dC54CqebR8y4Zv@f9941","img_stop","708zdc301NFJHx5oIeKbOh@f9941","btn_tanchaugn_off","deNiUE8sRJVJD9ODh7QirK@f9941","bg_set_box_nei","9dl08EB0JIhar6qb9Kdik6@f9941","btn_xggz_caozuobox_spin2","5fPl1NYK5IyIcgZ2cAqN59@f9941","btn_xggz_caozuobox_spin","6dSVJOz6pJgJKniPbXXcwW@f9941","bg_zidongyouxibox","ecOz0rNopJdqJkhSZ/TQ5D@f9941"]}],[1],0,[0,0,0,0,0,0,0,0,0,0,0,0,0,0,0,0,0,0,0,0,0,0,0,0,0,0,0,0,0,0,0,0,0,0,0,0,0,0,0,0,0,0,0,0,0,0,0,0,0,0,0,0,0,0,0,0,0,0,0,0,0,0,0,0,0,0,0,0,0,0,0,0,0,0,0,0,0,0,0,0,0,0,0,0,0,0,0,0,0,0,0,0,0],[0,0,0,0,0,0,0,0,0,0,0,0,0,0,0,0,0,0,0,0,0,0,0,0,0,0,0,0,0,0,0,0,0,0,0,0,0,0,0,0,0,0,0,0,0,0,0,0,0,0,0,0,0,0,0,0,0,0,0,0,0,0,0,0,0,0,0,0,0,0,0,0,0,0,0,0,0,0,0,0,0,0,0,0,0,0,0,0,0,0,0,0,0],[1,2,3,4,5,6,7,8,9,10,11,12,13,14,15,16,17,18,19,20,21,22,23,24,25,26,27,28,29,30,31,32,33,34,35,36,37,38,39,40,41,42,43,44,45,46,47,48,49,50,51,52,53,54,55,56,57,58,59,60,61,62,63,64,65,66,67,68,69,70,71,72,73,74,75,76,77,78,79,80,81,82,83,84,85,86,87,88,89,90,91,92,93]],[[{"name":"zi_win","rect":{"x":539,"y":926,"width":56,"height":26},"offset":{"x":0,"y":0},"originalSize":{"width":56,"height":26},"rotated":true,"capInsets":[0,0,0,0],"packable":true,"pixelsToUnit":100,"pivot":{"x":0.5,"y":0.5},"meshType":0}],[0],0,[0],[0],[0]],[[{"name":"zi_4","rect":{"x":366,"y":639,"width":561,"height":50},"offset":{"x":0,"y":1},"originalSize":{"width":561,"height":52},"rotated":false,"capInsets":[0,0,0,0],"packable":true,"pixelsToUnit":100,"pivot":{"x":0.5,"y":0.5},"meshType":0}],[0],0,[0],[0],[0]],[[{"name":"zi_3","rect":{"x":366,"y":702,"width":650,"height":42},"offset":{"x":0,"y":0},"originalSize":{"width":650,"height":42},"rotated":false,"capInsets":[0,0,0,0],"packable":true,"pixelsToUnit":100,"pivot":{"x":0.5,"y":0.5},"meshType":0}],[0],0,[0],[0],[0]],[[{"name":"bg_free_box","rect":{"x":744,"y":873,"width":225,"height":141},"offset":{"x":0,"y":0},"originalSize":{"width":225,"height":141},"rotated":false,"capInsets":[0,0,0,0],"packable":true,"pixelsToUnit":100,"pivot":{"x":0.5,"y":0.5},"meshType":0}],[0],0,[0],[0],[0]],[[{"name":"btn_olpn_kaiguan","rect":{"x":539,"y":820,"width":44,"height":25},"offset":{"x":0,"y":0},"originalSize":{"width":44,"height":25},"rotated":false,"capInsets":[0,0,0,0],"packable":true,"pixelsToUnit":100,"pivot":{"x":0.5,"y":0.5},"meshType":0}],[0],0,[0],[0],[0]],[[{"name":"bg_zidongyouxi_box_nei","rect":{"x":201,"y":664,"width":138,"height":319},"offset":{"x":0,"y":0},"originalSize":{"width":138,"height":319},"rotated":false,"capInsets":[17,20,14,22],"packable":true,"pixelsToUnit":100,"pivot":{"x":0.5,"y":0.5},"meshType":0}],[0],0,[0],[0],[0]],[[{"name":"zi_selamat","rect":{"x":934,"y":175,"width":428,"height":79},"offset":{"x":0,"y":0},"originalSize":{"width":428,"height":79},"rotated":true,"capInsets":[0,0,0,0],"packable":true,"pixelsToUnit":100,"pivot":{"x":0.5,"y":0.5},"meshType":0}],[0],0,[0],[0],[0]],[[{"name":"zi_off","rect":{"x":147,"y":1004,"width":33,"height":13},"offset":{"x":0,"y":0},"originalSize":{"width":33,"height":13},"rotated":false,"capInsets":[0,0,0,0],"packable":true,"pixelsToUnit":100,"pivot":{"x":0.5,"y":0.5},"meshType":0}],[0],0,[0],[0],[0]],[[{"name":"zi_anda","rect":{"x":744,"y":820,"width":273,"height":47},"offset":{"x":-0.5,"y":-1.5},"originalSize":{"width":278,"height":52},"rotated":false,"capInsets":[0,0,0,0],"packable":true,"pixelsToUnit":100,"pivot":{"x":0.5,"y":0.5},"meshType":0}],[0],0,[0],[0],[0]]]]
