[1,["6fMQkgVztKxpe2oL1MfTBi@6c48a"],["_textureSource"],["cc.SpriteFrame"],0,[{"name":"wugui","rect":{"x":2,"y":2,"width":129,"height":110},"offset":{"x":0,"y":0},"originalSize":{"width":133,"height":114},"rotated":false,"capInsets":[0,0,0,0],"vertices":{"rawPosition":[-64.5,-55,0,64.5,-55,0,-64.5,55,0,64.5,55,0],"indexes":[0,1,2,2,1,3],"uv":[2,112,131,112,2,2,131,2],"nuv":[0.015037593984962405,0.017543859649122806,0.9849624060150376,0.017543859649122806,0.015037593984962405,0.9824561403508771,0.9849624060150376,0.9824561403508771],"minPos":{"x":-64.5,"y":-55,"z":0},"maxPos":{"x":64.5,"y":55,"z":0}},"packable":true,"pixelsToUnit":100,"pivot":{"x":0.5,"y":0.5},"meshType":0}],[0],0,[0],[0],[0]]
