{"importBase":"import","nativeBase":"native","name":"fruit777","deps":["main"],"uuids":["9dOUjKjGtPfo69t2gCbeOK","000gmjvudHBq2h/JJ6TrtN@6c48a","00/ybCFvlP4I8GSPi5RxVW@f9941","02JMZP4UhJkbpuW8H6U5oE@f9941","0ciZvjcH9JWrFHx9INL3Nm","00PE2VCElC1bYGyS17m2OO","000gmjvudHBq2h/JJ6TrtN","00/ybCFvlP4I8GSPi5RxVW","01K6PiPRtJwb5Q6vIvRIYe","013a4a485","0142737ad","015d86679","01a3afdd9","02q/nf1GBCELLcOSSAJ984@f9941","07KU8FzxlEjoaxtuBmJkFJ@6c48a","02JMZP4UhJkbpuW8H6U5oE","027a334ed","06p691KxhOC5OZmOh7fdHg@f9941","062ZM8QiZP4ar/W395p396","09FD6xAwlDE4ge8n53xLpz","02q/nf1GBCELLcOSSAJ984","031ab0359","03XdHrofBDpJfXYE8xLeaY@f9941","04Dg/ko1VGiLRTX4WDK/WC@6c48a","09BcKNSI5M1Y/H7QgYLpdT@6c48a","03XdHrofBDpJfXYE8xLeaY","03hg5IeAFFPZn0HEHuUNRl","04Dg/ko1VGiLRTX4WDK/WC","04EaI7X2tDD7saZKaoqb1L","045b88525","04bc69f06","04cc5fee5","04f729955","059422682","0608474e6","06c0b60ba","07KU8FzxlEjoaxtuBmJkFJ@f9941","07KU8FzxlEjoaxtuBmJkFJ","0740d36f3","0771fba2c","0757uT6h5N5qLuld8wADqH@f9941","07uyShRqtMLppvc9/yUkcg","0757uT6h5N5qLuld8wADqH","08152af93","08SePegTZP2K72F+A+K6ci","09009b380","09BcKNSI5M1Y/H7QgYLpdT","09325e1ff","09c90855a","0a0a957d8","0a24b01b9","0a4a7bcbf","0b94a840f","0b051bdv1E5bq0g4NO/Dlb","0cff21cf6","0d17b007e","0d54a16af","0dizd3NYlIi62w39HBTgKn@f9941","0db053c7f","0dxVsuGAxLfY4NDWnCn3V7","0e03217a0","0e18435e6","fftOJ43bVHoqOsKq33jHjZ","0ehmzNhJdORKCVzmAyl9eQ@6c48a","0ehmzNhJdORKCVzmAyl9eQ","0ehmzNhJdORKCVzmAyl9eQ@f9941","0eae483e2","0e4hqL4h1MS7HzJ8+aGE85@f9941","0fFiuu8JZLL45ojIGESwDz@f9941","0fpTPzzJ5AE60ESosr4z/9@f9941","111zmfmg9OOZ7Pa1UtJzWi","16ShNbAf1Cxq7sNaBkFdXf@f9941","16Sww1p9dGSovSawDdCWha","1cCY5ZxQVLzbWBsjMZvgDk@f9941","206UX0uJ1GGLbBNWZxKrKq@f9941","0fFiuu8JZLL45ojIGESwDz","0f8e5684b","0fpTPzzJ5AE60ESosr4z/9","0fdaa0d26","20L1VTFWpBF44A224Wq4C3@6c48a","11AyvAoYZLTY1C+C2WlleE","112a63738","186qnujN9Hv6QVbsEaw4qx@6c48a","20sIdVhv1NUL+cG01KXj9C@f9941","112a63738@6c48a","114adf0ee","1diM9SI8dJ3ZUKIHdRM13I@f9941","114adf0ee@6c48a","115d86679","1fO58q3eBNoINIA5c689ye@f9941","22yC2J9xVFbbeU2Va9X1PK@f9941","115d86679@6c48a","1172b3674","20J4WNfKFMRKXT4seMTfga","1172b3674@6c48a","13afa9bf0","15zDoOZJhDn5pVRsBxGj3n","1cCY5ZxQVLzbWBsjMZvgDk@6c48a","1fhMEeHlNJ3Ji2tOdOAXJH","25udlWhoBNHoRUyYqbzMd/","13afa9bf0@6c48a","15T1c2R9dAdakCKBSn8iUm","16ShNbAf1Cxq7sNaBkFdXf","18BpHtBXdF4aRbQMUXKkRG","186qnujN9Hv6QVbsEaw4qx","186qnujN9Hv6QVbsEaw4qx@f9941","195bdd06f","195bdd06f@6c48a","1a30a6629","1d382buTVH0JzcNd+T6X8q","1a30a6629@6c48a","1aOcL2lRZAW6BIFiIZZGnw","1cCY5ZxQVLzbWBsjMZvgDk","1d17b007e","1d17b007e@6c48a","1db053c7f","27cghC0UdC56x6/gcGNu9n@f9941","277Y1FBHZPkqXgincPluhb@f9941","1db053c7f@6c48a","1fO58q3eBNoINIA5c689ye","20L1VTFWpBF44A224Wq4C3","20L1VTFWpBF44A224Wq4C3@f9941","20sIdVhv1NUL+cG01KXj9C","22yC2J9xVFbbeU2Va9X1PK","24xBnqY6hOoanQf8RpSJu8","49IJfYxABOJb3R9WEQy3Op","59FmoQQstM6b914wmfoiVN","2bNYoA4GRGIoL5Qx2xBR7D@6c48a","2bmihO8LZKtZeplSQYvDlL@f9941","2bxAWt/wJEi4Fjfe+54dfR@f9941","2cDvyyyx5JF6pqsEoDroNV@f9941","2ceSVwAotBYaIkZVH3LRWu","2e9Dvpb95K2YuHCE2eptD0@6c48a","30fUWXKG9Lm5niOnXoev4b@f9941","31Mbi2aUpD05lXDkiI7ily","32T3WEPv1LEInAF5OSoqT2@6c48a","33hr09lQdCrpYrJL/OtULf@f9941","35JwEixyFBaaphgmOKg1KD","35p4E4EhxIsZUCNlxqYjlu@f9941","37It+iDj9CNY9eBcgUTWjN@f9941","38viEquapKrKyLO+wsWQUg@f9941","3biD9Mp/NAbbeuF1Q0p7Az@f9941","3cV8jvUjhDgIzvalNVKJjR@6c48a","3eSo31CXFJx4cIyHCuK3TD@f9941","40VCSMzxhCD4xLQxxJxtKG@f9941","40jeX9j2FHLbBNxa8aELb0@6c48a","45N1YgXE5KQotJaemuRWSw@f9941","49Op9iUd5C7og6ck0TXtGP@6c48a","49Op9iUd5C7og6ck0TXtGP@f9941","49tWDy34pEK7pjeA3cB6v0@f9941","4aBXqfPGlMnKHuAGsaekPC@f9941","4dUoWhDoZDz6hDInUGio6H@6c48a","4dUoWhDoZDz6hDInUGio6H@f9941","4dqX6zl2xNTKYudQ1LsQ54@6c48a","4eOwuDj75JwZY7j1sa7BBc@f9941","4fIAlWzGdGOZU6L3ApzTLO@f9941","4flPmyULBJbb0iECgWYxLA@6c48a","4f4bUIsSdFVI3p+28k3ugm@f9941","50Hdl9vhZOrKUtw9dhm2HW@f9941","51Dp5ZVldBu67PpjVlVsi4","52uiA7ShRGeZyHcdnF4blI@f9941","522mR/Lx9O278/HNWcNBiJ@f9941","56oQLtCFhFQ6CE3VLE+Q1x@6c48a","56u3KEC8RP0ZgMmMrwd9+M@f9941","5aZ2Y5XQNMO567f+d/IH/S@6c48a","5bK89wtM1Hn66GNMwkQ6hb","5cDea2ZnBFmpoL2gjD0KWj@6c48a","5csCXZuyFHGoWmdhBYzqHg@f9941","5cyVeyUPpMxZWayhVzxS8T@6c48a","5cyVeyUPpMxZWayhVzxS8T@f9941","5c4kDLsaVL8J1HJXnnzJV5@f9941","5dkrmS3JdHmb7m566dKoqP@f9941","5dm7/LFu5I+JtnmNW1hFoh@6c48a","5eHseC3phPmbHa712WQ1ic@f9941","5fFVP6hGNNY7g7XM8J9RQd@6c48a","61T6vOKyBDLJwUJ6pzYXXP@f9941","61tmFq9LRAL7li/kdEIvo8@6c48a","61tmFq9LRAL7li/kdEIvo8@f9941","62YU53EmNOUbMrAG1baGx9@6c48a","62YU53EmNOUbMrAG1baGx9@f9941","62cWrrSjBFtaNYTyUBtZSs@f9941","63IZC/bb9BrI+dkzFDD85E@6c48a","63IZC/bb9BrI+dkzFDD85E@f9941","66qX3fOPdJtqmJqSjFX7bn@6c48a","67O0WuDFhK+Z42xK0PyXWF@f9941","67aoBNubpKtoeSyQ0LBMNN@f9941","69aGQdJX1MdonxpnOymxns@f9941","6bXt8Sgt1LiJ4PRNUuz2yz@f9941","6c4jEX9w5IfaIgXvtK6OWr@6c48a","6dCGTlEp1NJbzsWw7iphi0@6c48a","6dCGTlEp1NJbzsWw7iphi0@f9941","6d1sqpG9RDGrdxDo+QShei@f9941","71Fx4wxhBOXL3VfGHVBq93@6c48a","72zBEzJCBLZIgCFjH0VKcT@f9941","724zWSR+ZA/5hN4XGHR5nd@f9941","76tRthnldJ9YapeooPRLij@f9941","77oepbmzhAyJgKYACiXEC7@f9941","77zFTzoJJJzrE5T+QXLTCQ@6c48a","78V/j06SxD4bsv4fB1HZ4M@f9941","78oB6FnZ5KGLjO4MjQ24p7@f9941","78wFm1ls1LF7nOIqWS37Pg@6c48a","78wFm1ls1LF7nOIqWS37Pg@f9941","79U4df5GZPJJfAz0fXpNwZ@6c48a","7cdSmgQOlPrIKfxslCy3Dj@f9941","7cvGJK+mJKb6OP/Oe2S15y@f9941","7fIIw9KX9KbbtDj6TiDgpd@f9941","7fL0r98CFCQI4mUIfuRtiv@f9941","7fQ8/8RwNAj4C1XjScKX4F@f9941","82G7uTRtpNk5idet758iBN@6c48a","83VcLxP3JDMpiA2dSKH376","84Qsh9QOhEobmHGIef9A9K@f9941","84cNBEuP5PMLPXAxxYvt2q@6c48a","84cNBEuP5PMLPXAxxYvt2q@f9941","84j0irRHFDa64GjKvGf9AW@f9941","86aQH+STROyLiuOlJOm2oH@6c48a","87Qp3eXbBGSZ93xAkUyNZu@f9941","88WD3tGgNM17L65P/cVBnh@6c48a","88WD3tGgNM17L65P/cVBnh@f9941","89JYlKrgtPGojTPL350OC/@f9941","8apSIDYitLIoxXllXeZGOP@6c48a","8crQE2PV1JlqTcrRXAeO5T","8dcuQcBIJJNLi0giCMiix/@f9941","8d5BaGgR5IEahe6JrLGoiV@f9941","91+/45e2NF/IPoZ8f9hZUN","92XBMeMPBLAaEw8C46RIIv","95O2f9H91FwIV/JeufO4Vs@f9941","8d5BaGgR5IEahe6JrLGoiV","92TV9zMHNBUYnWqxQ8WrUV","960AjFB6RCXYUB6cCHzh6V@6c48a","98mKZqzxtPF77rIMqP0yPw@f9941","99vYgV7eVIzrsgiEDS7HQT@f9941","9cIqKIDs9L0b1plt+xnYo/@6c48a","9dgkJ1HK5NLoGnv9AjbLwR@6c48a","9e0Q40IwNMOK0xg+VFXwk5","a0or7hH1pIHa929yYNRg6E","a08IVHLhhJJa73p0dCWj1y","a3fULkWcdKOrYa9Cx9s3oS@6c48a","a3fULkWcdKOrYa9Cx9s3oS@f9941","a37EGMoalBkp8Z0RnY6qXc@f9941","a4SFHRPypF2rIFFprAyf4U","a52kvvPHdARrB1z1Zfd7X/@f9941","a6H86CKxhDsbnbzDG/v++s@6c48a","a6IxKHwSZBJrA1r/PK/tgF@6c48a","a6p0R8ovhPFo0DDOiHDwph","a62H3w/OBCZZLprpzHLfRW@f9941","a7UDWEqFlDMJVVQJc9HPiJ@f9941","a8gQ98JLpBM4xUKJqMtFaK@f9941","a89QIDed5KIL7OsvuEM78i","aaB3CXlQRPnJDmSWUvpgf6","aaGfD31etJF7yR2cZCscmz","aajZadgYRF14Ek3axdGMt4@6c48a","aajZadgYRF14Ek3axdGMt4@f9941","acmyDdmvRMArl5qWJ1qfVt@f9941","adqQ0NpsJJkIs/nJrqyATG@6c48a","ad0rogWetAMa5ZQiTKIx7A@f9941","b4cmLkECtLqJWhveoCJ3ip@f9941","b4qZeOOM9NVJbaFStEanqp@f9941","b6A5S43mZEPpF7Moe3Rfm3@f9941","b6GwqACnlGx42R4kGCurHe@f9941","b6ScqP2IZAo7n7j4gM3hN2","b9A9u5l4JHzLqxEz5bs1P9","b9gHnWD/tJ47qHEQXwnZ9J@6c48a","baV9kenbhKVIhiPnpjse3x@f9941","bem5z4/ClNNqAMJLHb/wBP@f9941","bewl3ckO1Nm5nkIEkAfTZi@f9941","bfbc1h6/FHtolbVVduZo6X@6c48a","bfbc1h6/FHtolbVVduZo6X@f9941","c0YM1GwXNIAL2voVHfbBnu@f9941","c2FrJJX79NUp6I0QkEUqXi","c2drs1dmREv5DW9hPynccN@f9941","c3pz4ZjE1PAJW+u2j9g66B@f9941","c5wHgFkXxEa4GWeQnjoqI8@f9941","c70efd1gFHrLx0pkM5alyW@f9941","c77Vqwf8BJBqorS0d+vSmb@f9941","c9u627TExCqZ/MuRFd67MG@f9941","car4c2G7hPhKK1VOrSAPFT@f9941","ccGuoXk3REopCj/H0mq3rN@f9941","ccu46ccu1HebPlI7dPGeRO@f9941","cdC0nxSztJ/KQazqbKtljq","cdjn9ht/lObo0jbbA8JSpd@f9941","cerok0yIdAbIuiZsW07drE@f9941","cfC85XndtLn79fPcs3aBpP@6c48a","cfC85XndtLn79fPcs3aBpP@f9941","cfPyZZ5oJMiYNybCozT0p4","d0pjP6fgdLJ5CTVWcDPh90@6c48a","d1eVrjAZFIJorkrn9P+/9p@f9941","d3gvD8jOhDkIH5bqsLp5KK@f9941","d3zWZ3jitMRqaIvFcNjMXX@f9941","d5vgBL0/JCyacvrPYnewkX@f9941","d6sEfOpV9L04a/sV8RT5Kx@f9941","d6vkz1swNEBLB4n0JBVtHQ","d7AZXOwMlFKIRzHW/H3tX0","d9fVy6eQJGUp4qZLk4s0Ta@f9941","ddDE8UqYpHwrlQLXkq9pXN@6c48a","ddosxx3IRBtK+sA4RE3sfc@f9941","e2oe9Um9FFAKbz/C+H5FR3@f9941","e3K8xVgY5K1qiGcg7io9FR@f9941","e74zapi51H0YxAChOqXXvz@6c48a","e84UZ/qPBKuZDAcv9eYCL9@6c48a","e88in23cJBD5+aoavUYNXH","eaYBtkzmhN34dKFJ+6CTYu@f9941","ebQo2ZUURIvIxPATzdRNdw","ebpUNt5upKgo26l43dVVof@f9941","ecdZIqVvVMyr/F82A/C+6x@f9941","edNe8wcPNBdYiJ7FdTeDjq@6c48a","edNe8wcPNBdYiJ7FdTeDjq@f9941","edX7j5ct5PWKqF8iRbTEtz@f9941","eeawkiizlCN4GaY8a/ByJc","f1jhe9/Y1BzZGv7QuaffwC@f9941","f3ORGGnWFMqqrW57BAVpxR@f9941","f44m0bMaFPLLe7JeDZsJbe@f9941","f6ALGxFXhHCp0bCZOQBesl@f9941","f7K+PhzuNIEp4jOms0dhnt@f9941","f7O62M1t5E9LhSvJtkLK0N","f8bdJp8mVGOJSyp5B8hocE@6c48a","f9Q4D35F1IPJoExmEEm/XU@6c48a","f9kFRKPDZAKaiDX/Jn2ERd@f9941","faBsjeBj5PlpxvBLBL5YzL@f9941","fdmyr1YZxLIa05AhrrS/Qv@f9941","fdqLx1XNFNj6FWsR1/AYmT","feAsil2GVF05qOFLLDROzN","24xBnqY6hOoanQf8RpSJu8@6c48a","24xBnqY6hOoanQf8RpSJu8@f9941","26eqXZoH5CJblW3e1dj1iQ","27StmQISpHtp9bot+tuIfT","27cghC0UdC56x6/gcGNu9n","292VqVFZxMgo9qpuoE6SFA","2bNYoA4GRGIoL5Qx2xBR7D","2bmihO8LZKtZeplSQYvDlL","2bxAWt/wJEi4Fjfe+54dfR","2b3v1ZX1hH/qDv9bUUxZNu","2cDvyyyx5JF6pqsEoDroNV","2e9Dvpb95K2YuHCE2eptD0","2e9Dvpb95K2YuHCE2eptD0@f9941","30fUWXKG9Lm5niOnXoev4b","32T3WEPv1LEInAF5OSoqT2","32T3WEPv1LEInAF5OSoqT2@f9941","33hr09lQdCrpYrJL/OtULf","33ny+rWv5AcYsD1a5W7qN8","34jlF/PqFIJJMsJ7P9BBzE","3biD9Mp/NAbbeuF1Q0p7Az","3cV8jvUjhDgIzvalNVKJjR","3clEORBmBFO6EHMK0Potz3","3cxdY+odBAs4eO/8MCuNln","3eSo31CXFJx4cIyHCuK3TD","40VCSMzxhCD4xLQxxJxtKG","40jeX9j2FHLbBNxa8aELb0","46J+pXB8pD9ohcKALzkNzI","48LYJuIVlP3Jd6HDWWqHO4","49Op9iUd5C7og6ck0TXtGP","49tWDy34pEK7pjeA3cB6v0","4aBXqfPGlMnKHuAGsaekPC","4abpcqIZFO16jgeqW4MA0J","4dUoWhDoZDz6hDInUGio6H","4dqX6zl2xNTKYudQ1LsQ54","4eOwuDj75JwZY7j1sa7BBc","4fIAlWzGdGOZU6L3ApzTLO","4flPmyULBJbb0iECgWYxLA","4flPmyULBJbb0iECgWYxLA@f9941","50Hdl9vhZOrKUtw9dhm2HW","52uiA7ShRGeZyHcdnF4blI","522mR/Lx9O278/HNWcNBiJ","56oQLtCFhFQ6CE3VLE+Q1x","56oQLtCFhFQ6CE3VLE+Q1x@f9941","58elu7x45DIqgh7u2KQTk0","5aOLg8FqlNypoT/s6hCZdx","5aSY0R2ltEh4WQ0n1B3mhb","5aZ2Y5XQNMO567f+d/IH/S","5cDea2ZnBFmpoL2gjD0KWj","5cFqrJ1lBGAbeH+dke8Ty+","5csCXZuyFHGoWmdhBYzqHg","5cyVeyUPpMxZWayhVzxS8T","5dkrmS3JdHmb7m566dKoqP","5dm7/LFu5I+JtnmNW1hFoh","5eHseC3phPmbHa712WQ1ic","5fFVP6hGNNY7g7XM8J9RQd","61T6vOKyBDLJwUJ6pzYXXP","61k6MqIr9Mb6IqSIrpLQ9u","61tmFq9LRAL7li/kdEIvo8","62YU53EmNOUbMrAG1baGx9","62cWrrSjBFtaNYTyUBtZSs","63IZC/bb9BrI+dkzFDD85E","63Ymv1/0NAo4fbglAnpuqK","66qX3fOPdJtqmJqSjFX7bn","67aoBNubpKtoeSyQ0LBMNN","69aGQdJX1MdonxpnOymxns","6a1Yg1U5NO04xcP5tzwRcI","6c4jEX9w5IfaIgXvtK6OWr","6dCGTlEp1NJbzsWw7iphi0","6d1sqpG9RDGrdxDo+QShei","6d/hghHgxLoJjaTeIhlKIG","6fAIxGHFhNBZ6kiuFn1Mqe","6fBlBbyKRDKJpyUqiRhbEj","71Fx4wxhBOXL3VfGHVBq93","724zWSR+ZA/5hN4XGHR5nd","76wdL8IPdAN581mYKhQDn+","77oepbmzhAyJgKYACiXEC7","77zFTzoJJJzrE5T+QXLTCQ","78V/j06SxD4bsv4fB1HZ4M","78oB6FnZ5KGLjO4MjQ24p7","78wFm1ls1LF7nOIqWS37Pg","79U4df5GZPJJfAz0fXpNwZ","7b3iGA08xAhY1HNaELVXJK","7b4WWwPf1OCpd0j1+vS201","7cdSmgQOlPrIKfxslCy3Dj","7cdvpjM95D+JyHle9q9LRj","7cvGJK+mJKb6OP/Oe2S15y","7dj5uJT9FMn6OrOOx83tfK@f9941","7fQ8/8RwNAj4C1XjScKX4F","7f3kiMfN5G96yK/DFRHAtR","82G7uTRtpNk5idet758iBN","84Qsh9QOhEobmHGIef9A9K","84cNBEuP5PMLPXAxxYvt2q","86aQH+STROyLiuOlJOm2oH","868l1cneVFT6X57hZgPmcB","88WD3tGgNM17L65P/cVBnh","89JYlKrgtPGojTPL350OC/","8afl0+rk5NEpzMZOU2cw0D","8apSIDYitLIoxXllXeZGOP","8apSIDYitLIoxXllXeZGOP@f9941","8bWEWhVkVOoKPX9hxbjHsU","8cVHidhPZK+o2EF0mlcHqf","92TV9zMHNBUYnWqxQ8WrUV@6c48a","92TV9zMHNBUYnWqxQ8WrUV@f9941","92avLMyklJBrG6KwwQ3/mP","96SehKhIdF55k6Dmd1Vr5U","960AjFB6RCXYUB6cCHzh6V","9746YR52ZOLJI3lXDDSB9g","98mKZqzxtPF77rIMqP0yPw","99+k7Q+GtAV6pJIQYbrccq","9cIqKIDs9L0b1plt+xnYo/","9cXjh7CIJOr5PwY8gKWOH8","9dgkJ1HK5NLoGnv9AjbLwR","a0sWmRouBP7bRW270KkaHF","a3fULkWcdKOrYa9Cx9s3oS","a52kvvPHdARrB1z1Zfd7X/","a6H86CKxhDsbnbzDG/v++s","a6IxKHwSZBJrA1r/PK/tgF","a6PskEdfhA0KObFxMoyD2X","a62H3w/OBCZZLprpzHLfRW","a8gQ98JLpBM4xUKJqMtFaK","a8/8Glu31K15gclJ8hs6Fj","aajZadgYRF14Ek3axdGMt4","acmyDdmvRMArl5qWJ1qfVt","adqQ0NpsJJkIs/nJrqyATG","ad0rogWetAMa5ZQiTKIx7A","aeQgMlpetNIJefSvAKoMhd","b1mr06SH1JBqjYHRlHiI7r","b386Yj3SxIYYSJtHlFtaRA","b4b8bQuzNLqKV17PaWJQUH","b4qZeOOM9NVJbaFStEanqp","b6A5S43mZEPpF7Moe3Rfm3","b6a7+WNcxBx4wMJ16SHtTW","b9gHnWD/tJ47qHEQXwnZ9J","bb00T8VqRIZ7srXA3t9xPR","bb7h7/545H1oL4hmZa4PgR","bewl3ckO1Nm5nkIEkAfTZi","bfbc1h6/FHtolbVVduZo6X","c0T6LBR45O76vgdiatRZkI","c0YM1GwXNIAL2voVHfbBnu","c2drs1dmREv5DW9hPynccN","c2eX6XERlJQaEwV1kZyJlk","c3pz4ZjE1PAJW+u2j9g66B","c5Vkk4jx5L/rkjjFmEwzO/","c50lD8aZtBVLQGWAiWfL/d","c7iJKMFJRCco9U01Ldk6/w","c70efd1gFHrLx0pkM5alyW","c77Vqwf8BJBqorS0d+vSmb","c79EIwPLRH6JX+Yrj/ZPHw","c88AqyX+9Jn6oGZD/NGt41","c9u627TExCqZ/MuRFd67MG","ccGuoXk3REopCj/H0mq3rN","cdjn9ht/lObo0jbbA8JSpd","cerok0yIdAbIuiZsW07drE","cfC85XndtLn79fPcs3aBpP","d0pjP6fgdLJ5CTVWcDPh90","d2QF4jrrROsaURhXOSDhtJ","d2vW0c5rpGf70au0nptfVz","d5EdzN3vpHHJ+uKtx/dg+B","d5hK0U/71LP7W+pLwRI4K5","d5vgBL0/JCyacvrPYnewkX","d6qUG2Pb1PDYvGsM76Sf3m","d6sEfOpV9L04a/sV8RT5Kx","d8gCWk9aRO0KgWs4Wihe2L","d86I8ARehK8p9i5+32N73M","d9fVy6eQJGUp4qZLk4s0Ta","ddDE8UqYpHwrlQLXkq9pXN","e2oe9Um9FFAKbz/C+H5FR3","e3K8xVgY5K1qiGcg7io9FR","e74zapi51H0YxAChOqXXvz","e80lCRGDpP17bF6JdVucTr","e84UZ/qPBKuZDAcv9eYCL9","ebpUNt5upKgo26l43dVVof","edAf3RrctM0LTe9ly/r38r","edNe8wcPNBdYiJ7FdTeDjq","edX7j5ct5PWKqF8iRbTEtz","eeABRr+69MHa50UgEUui6/","ee3BDE8cdMU7sWBx2nv3tG","f0FEiiCrJOXLwp91s92RRd","f1jhe9/Y1BzZGv7QuaffwC","f3ORGGnWFMqqrW57BAVpxR","f3bG0p7/BJq7hDSlNyye2E","f5FbxlrnJIWrDtj/oTafi8","f6ALGxFXhHCp0bCZOQBesl","f8bdJp8mVGOJSyp5B8hocE","f8bdJp8mVGOJSyp5B8hocE@f9941","f9Q4D35F1IPJoExmEEm/XU","faBsjeBj5PlpxvBLBL5YzL","fag/CyQA9MDaj7hc7F3WQ/","fdmyr1YZxLIa05AhrrS/Qv","feuqoaE6FG8YcevNp5FDFe"],"paths":{"0":["img/auto_fruits777",7,1],"1":["move_icon/SGJ_baoxiangdonghua/texture",1,1],"2":["img/actionBar/zi_AUTO /spriteFrame",2,1],"3":["img/actionBar/dl_sg_shezhikai/spriteFrame",2,1],"4":["prefabs/prefab_fruits777_roller",9,1],"5":["sound/fruit_apper_sg",10,1],"6":["move_icon/SGJ_baoxiangdonghua",0,1],"7":["img/actionBar/zi_AUTO ",0,1],"8":["move_icon/hongsedonghua",5,1],"13":["icon/icon_fruits777_777/spriteFrame",2,1],"14":["img_fruits777_smBg/texture",1,1],"15":["img/actionBar/dl_sg_shezhikai",0,1],"17":["common/icon_dt_loading_1/spriteFrame",2,1],"18":["car/animation_title",3,1],"19":["car/xuankuang",5,1],"20":["icon/icon_fruits777_777",0,1],"22":["img/actionBar/dl_sg_xiazhujian_1/spriteFrame",2,1],"23":["move_icon/+2tubiaodonghua/texture",1,1],"24":["move_icon/SGJ_baoxiangdonghua2/texture",1,1],"25":["img/actionBar/dl_sg_xiazhujian_1",0,1],"26":["dialog/superwin/slots_common_game_sw_gold",4,1],"27":["move_icon/+2tubiaodonghua",0,1],"28":["dialog/superwin/sb_lbjs_SUPERWIN",4,1],"36":["img_fruits777_smBg/spriteFrame",2,1],"37":["img_fruits777_smBg",0,1],"40":["common/Rptidakmencukupi/spriteFrame",2,1],"41":["icon/yanwuquanping",6,1],"42":["common/Rptidakmencukupi",0,1],"44":["move_icon/xiaoyouxiboluo",5,1],"46":["move_icon/SGJ_baoxiangdonghua2",0,1],"53":["dialog/bigwin/slots_common_game_bw_gold",4,1],"57":["icon/icon_fruits777_777_big/spriteFrame",2,1],"59":["dialog/jackpot/sb_lbjs_JACKPOT",5,1],"62":["introduce/auto-introduce",7,1],"63":["dialog/bigwin/sb_lbjs_BIGWIN/texture",1,1],"64":["dialog/bigwin/sb_lbjs_BIGWIN",0,1],"65":["dialog/bigwin/sb_lbjs_BIGWIN/spriteFrame",2,1],"67":["icon/icon_fruits777_putao/spriteFrame",2,1],"68":["img/actionBar/dl_sg__stopicon1/spriteFrame",2,1],"69":["img/word_fruits777_jackpot/spriteFrame",2,1],"70":["font/shuzi_fenghuang_yinbikuang",8,1],"71":["img/actionBar/dl_sg_shezhianniu/spriteFrame",2,1],"72":["car/animation_autoLauncher_down",3,1],"73":["font/front_kxz_0/spriteFrame",2,1],"74":["icon/icon_fruits777_pingguo_big/spriteFrame",2,1],"75":["img/actionBar/dl_sg__stopicon1",0,1],"77":["img/word_fruits777_jackpot",0,1],"79":["dialog/bigWatermelon/skeleton/texture",1,1],"80":["move_icon/lvsedonghua",5,1],"82":["dialog/bigwin/slots_common_game_bw_gold/texture",1,1],"83":["img/actionBar/dl_sg_confirm/spriteFrame",2,1],"86":["img/img_down_chooseFast/spriteFrame",2,1],"89":["img/actionBar/dl_sg_kuai_1/spriteFrame",2,1],"90":["img/icon_jp_pg_0/spriteFrame",2,1],"93":["prefabs/prefab_fruits777_down_new",9,1],"96":["font/shuzi_xiazhucishu",8,1],"97":["font/front_kxz_0/texture",1,1],"98":["move_icon/daqipao",5,1],"99":["car/jiasukuang",5,1],"101":["sound/fruit_shell_open",10,1],"102":["img/actionBar/dl_sg_shezhianniu",0,1],"103":["dialog/superwin/slots_common_game_sw_gold",5,1],"104":["dialog/bigwin/slots_common_game_bw_gold",0,1],"105":["dialog/bigwin/slots_common_game_bw_gold/spriteFrame",2,1],"109":["publicFont/shuzi_xiazhujine",8,1],"111":["car/jiasukuang",4,1],"112":["font/front_kxz_0",0,1],"116":["img/actionBar/dl_sg_zidonganniu_0/spriteFrame",2,1],"117":["icon/icon_fruits777_lingdang_big/spriteFrame",2,1],"119":["img/actionBar/dl_sg_kuai_1",0,1],"120":["dialog/bigWatermelon/skeleton",0,1],"121":["dialog/bigWatermelon/skeleton/spriteFrame",2,1],"122":["img/actionBar/dl_sg_confirm",0,1],"123":["img/icon_jp_pg_0",0,1],"125":["img/actionBar/auto_bar_fruit",7,1],"126":["common/auto_common_fruit",7,1],"127":["font/zi_zhongjiang_1/texture",1,1],"128":["img/icon_jp_cm_1/spriteFrame",2,1],"129":["img/actionBar/mianfeibox/spriteFrame",2,1],"130":["img/btn_box_open/spriteFrame",2,1],"131":["prefabs/prefab_fruits777_introduce",9,1],"132":["dialog/superwin/slots_common_game_sw_gold/texture",1,1],"133":["img/btn_introduce_close/spriteFrame",2,1],"134":["car/animation_autoLauncher_up",3,1],"135":["dialog/megawin/sb_lbjs_MEGAWIN/texture",1,1],"136":["img/btn_box_close/spriteFrame",2,1],"137":["font/shuzi_lztb_jiangchi",8,1],"138":["icon/sgIcon/icon_sg_grape/spriteFrame",2,1],"139":["icon/icon_fruits777_wild/spriteFrame",2,1],"140":["img/zi_spin_wuxian/spriteFrame",2,1],"141":["introduce/img_introduce_bg/spriteFrame",2,1],"142":["car/feishuiguodonghua/texture",1,1],"143":["img/actionBar/dl_sg_zidonganniu_1/spriteFrame",2,1],"144":["img/actionBar/dl_sg_xiazhujia_1/spriteFrame",2,1],"145":["move_icon/hongsedonghua/texture",1,1],"146":["icon/icon_fruits777_caomei/spriteFrame",2,1],"147":["publicFont/shuzi_xiazhujine_0/texture",1,1],"148":["publicFont/shuzi_xiazhujine_0/spriteFrame",2,1],"149":["img/actionBar/dl_sg_jinbijia/spriteFrame",2,1],"150":["img/actionBar/dl_sg_spinanniu1/spriteFrame",2,1],"151":["font/shuzi_mianfeicishu_0/texture",1,1],"152":["font/shuzi_mianfeicishu_0/spriteFrame",2,1],"153":["move_icon/skeleton/texture",1,1],"154":["img/actionBar/dl_sg_zidonganniu1/spriteFrame",2,1],"155":["common/word_down_goodluck/spriteFrame",2,1],"156":["dialog/superwin/sb_lbjs_SUPERWIN/texture",1,1],"157":["icon/icon_fruits777_putao_big/spriteFrame",2,1],"158":["img/actionBar/dl_sg__stopicon/spriteFrame",2,1],"159":["prefabs/prefab_fruits777_bigPrize",9,1],"160":["img/actionBar/bg_sg_guizebox/spriteFrame",2,1],"161":["img/img_fruits777_lines/spriteFrame",2,1],"162":["dialog/jackpot/sb_lbjs_JACKPOT/texture",1,1],"163":["icon/icon_fruits777_xigua_big/spriteFrame",2,1],"164":["move_icon/lanzitubiaodonghua/texture",1,1],"165":["font/shuzi_mianfeicishu",8,1],"166":["move_icon/SGJ_dianjibaoxiang2/texture",1,1],"167":["img/actionBar/SOUND/spriteFrame",2,1],"168":["img_fruits777_bg/texture",1,1],"169":["img_fruits777_bg/spriteFrame",2,1],"170":["icon/icon_fruits777_lingdang/spriteFrame",2,1],"171":["img/btn_off/spriteFrame",2,1],"172":["car/jiasukuang/texture",1,1],"173":["img/icon_dt_loading_1/spriteFrame",2,1],"174":["move_icon/daqipao/texture",1,1],"175":["img/actionBar/dl_sg_jinbibox/spriteFrame",2,1],"176":["font/shuzi_xyx_0/texture",1,1],"177":["font/shuzi_xyx_0/spriteFrame",2,1],"178":["font/shuzi_xiazhujine_0/texture",1,1],"179":["font/shuzi_xiazhujine_0/spriteFrame",2,1],"180":["img/icon_jp_xj_1/spriteFrame",2,1],"181":["font/zi_zhongjiang_0/texture",1,1],"182":["font/zi_zhongjiang_0/spriteFrame",2,1],"183":["car/xuankuang2/texture",1,1],"184":["img/img_down_chooseBg/spriteFrame",2,1],"185":["introduce/img_introduce_4/spriteFrame",2,1],"186":["introduce/img_introduce_3/spriteFrame",2,1],"187":["introduce/icon_fenghuang_guize_ye_2/spriteFrame",2,1],"188":["move_icon/+1tubiaodonghua/texture",1,1],"189":["font/font_free_num_0/texture",1,1],"190":["font/font_free_num_0/spriteFrame",2,1],"191":["img/img_jackpot_bg/spriteFrame",2,1],"192":["car/xuankuang/texture",1,1],"193":["icon/icon_fruits777_bonus/spriteFrame",2,1],"194":["img/icon_jp_xj_0/spriteFrame",2,1],"195":["img/actionBar/zi_goodluvk/spriteFrame",2,1],"196":["img/actionBar/dl_sg_zidonganniu/spriteFrame",2,1],"197":["car/spine_guangquan/texture",1,1],"198":["introduce/img_introduce_inBg/spriteFrame",2,1],"199":["img/actionBar/SETTINGS/spriteFrame",2,1],"200":["font/shuzi_zhongjiangjine_0/texture",1,1],"201":["font/shuzi_zhongjiangjine_0/spriteFrame",2,1],"202":["move_icon/xiaoyouxixiaojiang/texture",1,1],"203":["img/icon_jp_xg_1/spriteFrame",2,1],"204":["img/img_roller_bgUp/spriteFrame",2,1],"205":["icon/icon_fruits777_pingguo/spriteFrame",2,1],"206":["icon/sgIcon/icon_sg_apple/spriteFrame",2,1],"207":["introduce/img_introduce_1/spriteFrame",2,1],"208":["car/xuankuang4/texture",1,1],"209":["font/font_free_num",8,1],"210":["img/actionBar/zi_atuospinsrtting/spriteFrame",2,1],"211":["font/shuzi_lztb_jiangchi_0/texture",1,1],"212":["font/shuzi_lztb_jiangchi_0/spriteFrame",2,1],"213":["img/btn_caozuo_dingbu_di/spriteFrame",2,1],"214":["car/spine_guangquan2/texture",1,1],"215":["icon/icon_fruits777_2bar/spriteFrame",2,1],"216":["font/shuzi_xiazhucishu_0/texture",1,1],"217":["font/shuzi_xiazhucishu_0/spriteFrame",2,1],"218":["img/actionBar/zi_SPIN/spriteFrame",2,1],"219":["dialog/jackpot/slots_common_game_uw_gold/texture",1,1],"220":["font/front_kxz",8,1],"221":["img/btn_caozuo_bangzhu_di/spriteFrame",2,1],"222":["img/actionBar/dl_sg_spinicon/spriteFrame",2,1],"223":["prefabs/prefab_fruits777_header_new",9,1],"224":["dialog/bigwin/slots_common_game_bw_gold",5,1],"225":["img/btn_null/spriteFrame",2,1],"226":["img/actionBar/dl_sg_spinicon",0,1],"228":["move_icon/lvsedonghua/texture",1,1],"229":["common/icon_bank_gold/spriteFrame",2,1],"230":["icon/icon_fruits777_xiangjiao_big/spriteFrame",2,1],"231":["move_icon/xiaoyouxixigua/texture",1,1],"232":["move_icon/lingdangtubiao/texture",1,1],"233":["prefabs/prefab_fruits777_gameBoard",9,1],"234":["prefabs/prefab_fruits777_award_box",9,1],"235":["prefabs/prefab_fruits777_sgGoin",9,1],"236":["img/actionBar/dl_sg_dibox/texture",1,1],"237":["img/actionBar/dl_sg_dibox/spriteFrame",2,1],"238":["icon/sgIcon/icon_sg_1up/spriteFrame",2,1],"239":["car/particle_goodluck",6,1],"240":["img/actionBar/dl_sg_guizeanniu/spriteFrame",2,1],"241":["car/free_box_guang/texture",1,1],"242":["move_icon/SGJ_dianjibaoxiang/texture",1,1],"243":["font/fnt_gold",8,1],"244":["img/actionBar/FREE SPINS LEFT/spriteFrame",2,1],"245":["icon/icon_fruits777_caomei_big/spriteFrame",2,1],"246":["img/actionBar/zi_win/spriteFrame",2,1],"247":["car/animation_up",3,1],"248":["car/spine_guangquan",5,1],"249":["font/zi_zhongjiang",8,1],"250":["font/fnt_gold_0/texture",1,1],"251":["font/fnt_gold_0/spriteFrame",2,1],"252":["img/actionBar/dl_sg_zhongjiangbox/spriteFrame",2,1],"253":["car/xuankuang3/texture",1,1],"254":["img/actionBar/dl_sg_spinanniu/spriteFrame",2,1],"255":["icon/icon_fruits777_jiangjiao/spriteFrame",2,1],"256":["img/icon_jp_cm_0/spriteFrame",2,1],"257":["introduce/img_introduce_in/spriteFrame",2,1],"258":["introduce/icon_fenghuang_guize_ye_1/spriteFrame",2,1],"259":["move_icon/SGJ_dianjibaoxiang",5,1],"260":["font/shuzi_zhongjiangjine",8,1],"261":["icon/yanwuquanping/texture",1,1],"262":["img/img_down_chooseLine/spriteFrame",2,1],"263":["icon/icon_fruits777_2bar_big/spriteFrame",2,1],"264":["img/actionBar/dl_sg_caidananniu/spriteFrame",2,1],"265":["bg_sg_loading/texture",1,1],"266":["bg_sg_loading/spriteFrame",2,1],"267":["img/actionBar/dl_sg_xiazhujia_0/spriteFrame",2,1],"268":["move_icon/SGJ_baoxiangdonghua",5,1],"269":["img/icon_jp_pt_1/spriteFrame",2,1],"270":["img/actionBar/dl_sg_kuai_0/spriteFrame",2,1],"271":["icon/sgIcon/icon_sg_banana/spriteFrame",2,1],"272":["img/img_sgTimes_bg/spriteFrame",2,1],"273":["img/actionBar/MUSIC/spriteFrame",2,1],"274":["img/actionBar/btn_ru_off/spriteFrame",2,1],"275":["icon/sgIcon/icon_sg_2pick/spriteFrame",2,1],"276":["img/icon_jp_pg_1/spriteFrame",2,1],"277":["icon/icon_fruits777_bar/spriteFrame",2,1],"278":["dialog/bigwin/sb_lbjs_BIGWIN",5,1],"279":["img/actionBar/dl_sg_xiazhujian_0/spriteFrame",2,1],"280":["img/img_roller_bg/spriteFrame",2,1],"281":["font/shuzi_fenghuang_yinbikuang_0/texture",1,1],"282":["font/shuzi_fenghuang_yinbikuang_0/spriteFrame",2,1],"283":["font/shuzi_xyx",8,1],"284":["move_icon/777tubiao/texture",1,1],"285":["icon/icon_fruits777_3bar_big/spriteFrame",2,1],"286":["img/btn_caozuo_max_di/spriteFrame",2,1],"287":["icon/sgIcon/icon_sg_strawberry/spriteFrame",2,1],"288":["img/actionBar/dl_sg_VIP/spriteFrame",2,1],"289":["img/bg_sg_kbx_jpbox/spriteFrame",2,1],"290":["prefabs/prefab_fruits777_iconCar",9,1],"291":["prefabs/prefab_fruits777_main",9,1],"292":["img/icon_jp_pt_0/spriteFrame",2,1],"293":["move_icon/xiaoyouxiboluo/texture",1,1],"294":["img/btn_caozuo_max/spriteFrame",2,1],"295":["img/icon_dt_loading_0/spriteFrame",2,1],"296":["introduce/img_introduce_2/spriteFrame",2,1],"297":["move_icon/lansetubiaodonghua/texture",1,1],"298":["move_icon/xiaoyouxiputao/texture",1,1],"299":["prefabs/prefab_fruits777_boxMain",9,1],"300":["common/icon_dt_loading_0/spriteFrame",2,1],"301":["font/shuzi_xiazhujine",8,1],"302":["img/actionBar/dl_sg_spinicon1/spriteFrame",2,1],"303":["icon/icon_fruits777_xigua/spriteFrame",2,1],"304":["car/3/texture",1,1],"305":["car/3/spriteFrame",2,1],"306":["img/actionBar/dl_sg_tuichu/spriteFrame",2,1],"307":["prefabs/prefab_fruits777_loading",9,1],"308":["img/actionBar/zi_stop/spriteFrame",2,1],"309":["img/actionBar/dl_sg_caidanbox/spriteFrame",2,1],"310":["icon/sgIcon/icon_sg_watermelon/spriteFrame",2,1],"311":["img/actionBar/dl_sg_shezhiguan/spriteFrame",2,1],"312":["icon/icon_fruits777_3bar/spriteFrame",2,1],"313":["move_icon/xiaoyouxixigua",5,1],"314":["dialog/megawin/slots_common_game_ew_gold/texture",1,1],"315":["move_icon/xiaoyouxilanmei/texture",1,1],"316":["img/actionBar/PENGATURAN/spriteFrame",2,1],"317":["img/icon_jp_xg_0/spriteFrame",2,1],"318":["img/actionBar/dl_sg_zidongdibox/spriteFrame",2,1],"319":["car/feishuiguodonghua",5,1],"320":["car/animation_nomey",3,1],"323":["dialog/jackpot/slots_common_game_uw_gold",5,1],"324":["sound/fruit_sg_bg",10,1],"325":["img/actionBar/dl_sg_zidonganniu_0",0,1],"326":["car/spine_guangquan",4,1],"327":["font/zi_zhongjiang_1",0,1],"328":["img/icon_jp_cm_1",0,1],"329":["img/actionBar/mianfeibox",0,1],"330":["dialog/megawin/sb_lbjs_MEGAWIN",5,1],"331":["img/btn_box_open",0,1],"332":["dialog/superwin/slots_common_game_sw_gold",0,1],"333":["dialog/superwin/slots_common_game_sw_gold/spriteFrame",2,1],"334":["img/btn_introduce_close",0,1],"335":["dialog/megawin/sb_lbjs_MEGAWIN",0,1],"336":["dialog/megawin/sb_lbjs_MEGAWIN/spriteFrame",2,1],"337":["img/btn_box_close",0,1],"338":["move_icon/daqipao",4,1],"339":["sound/fast_roller",10,1],"340":["introduce/img_introduce_bg",0,1],"341":["car/feishuiguodonghua",0,1],"342":["move_icon/SGJ_baoxiangdonghua",4,1],"343":["move_icon/xiaoyouxiputao",5,1],"344":["img/actionBar/dl_sg_zidonganniu_1",0,1],"345":["img/actionBar/dl_sg_xiazhujia_1",0,1],"346":["move_icon/hongsedonghua",0,1],"347":["move_icon/xiaoyouxixiaojiang",5,1],"348":["dialog/megawin/slots_common_game_ew_gold",5,1],"349":["publicFont/shuzi_xiazhujine_0",0,1],"350":["img/actionBar/dl_sg_jinbijia",0,1],"351":["img/actionBar/dl_sg_spinanniu1",0,1],"352":["move_icon/lingdangtubiao",5,1],"353":["font/shuzi_mianfeicishu_0",0,1],"354":["move_icon/skeleton",0,1],"355":["img/actionBar/dl_sg_zidonganniu1",0,1],"356":["common/word_down_goodluck",0,1],"357":["dialog/superwin/sb_lbjs_SUPERWIN",0,1],"358":["dialog/superwin/sb_lbjs_SUPERWIN/spriteFrame",2,1],"359":["img/actionBar/dl_sg__stopicon",0,1],"360":["img/actionBar/bg_sg_guizebox",0,1],"361":["img/img_fruits777_lines",0,1],"362":["dialog/jackpot/sb_lbjs_JACKPOT",0,1],"363":["dialog/jackpot/sb_lbjs_JACKPOT/spriteFrame",2,1],"364":["sound/ding",10,1],"365":["car/free_box_guang",4,1],"366":["dialog/bigwin/sb_lbjs_BIGWIN",4,1],"367":["move_icon/lanzitubiaodonghua",0,1],"368":["move_icon/SGJ_dianjibaoxiang2",0,1],"369":["dialog/megawin/slots_common_game_ew_gold",4,1],"370":["img/actionBar/SOUND",0,1],"371":["img_fruits777_bg",0,1],"372":["img/btn_off",0,1],"373":["car/jiasukuang",0,1],"374":["img/icon_dt_loading_1",0,1],"375":["move_icon/daqipao",0,1],"376":["img/actionBar/dl_sg_jinbibox",0,1],"377":["prefabs/prefab_fruits777_auth_launcher_new",9,1],"378":["font/shuzi_xyx_0",0,1],"379":["font/shuzi_xiazhujine_0",0,1],"380":["img/icon_jp_xj_1",0,1],"381":["font/zi_zhongjiang_0",0,1],"382":["move_icon/xiaoyouxiboluo",4,1],"383":["car/xuankuang2",0,1],"384":["introduce/img_introduce_4",0,1],"385":["introduce/img_introduce_3",0,1],"386":["sound/fruit_up",10,1],"387":["move_icon/+1tubiaodonghua",0,1],"388":["font/font_free_num_0",0,1],"389":["img/img_jackpot_bg",0,1],"390":["car/feishuiguodonghua",4,1],"391":["sound/godWealth_buycard",10,1],"392":["dialog/bigWatermelon/skeleton",5,1],"393":["car/xuankuang",0,1],"394":["img/icon_jp_xj_0",0,1],"395":["move_icon/+1tubiaodonghua",4,1],"396":["img/actionBar/dl_sg_zidonganniu",0,1],"397":["car/spine_guangquan",0,1],"398":["introduce/img_introduce_inBg",0,1],"399":["img/actionBar/SETTINGS",0,1],"400":["font/shuzi_zhongjiangjine_0",0,1],"401":["move_icon/xiaoyouxixiaojiang",0,1],"402":["sound/get_coin",10,1],"403":["sound/wild",10,1],"404":["img/icon_jp_xg_1",0,1],"405":["move_icon/SGJ_dianjibaoxiang",4,1],"406":["img/img_roller_bgUp",0,1],"408":["introduce/img_introduce_1",0,1],"409":["prefabs/prefab_fruits777_jackpot",9,1],"410":["car/xuankuang4",0,1],"411":["img/actionBar/zi_atuospinsrtting",0,1],"412":["font/shuzi_lztb_jiangchi_0",0,1],"413":["car/spine_guangquan2",0,1],"415":["font/shuzi_xiazhucishu_0",0,1],"416":["img/actionBar/zi_SPIN",0,1],"417":["sound/biu",10,1],"418":["dialog/jackpot/slots_common_game_uw_gold",0,1],"419":["dialog/jackpot/slots_common_game_uw_gold/spriteFrame",2,1],"420":["move_icon/lanzitubiaodonghua",5,1],"421":["dialog/megawin/sb_lbjs_MEGAWIN",4,1],"425":["sound/shell_end",10,1],"426":["move_icon/lvsedonghua",0,1],"427":["move_icon/lansetubiaodonghua",4,1],"428":["common/icon_bank_gold",0,1],"429":["move_icon/xiaoyouxilanmei",4,1],"430":["move_icon/xiaoyouxixigua",0,1],"431":["move_icon/hongsedonghua",4,1],"432":["move_icon/lingdangtubiao",0,1],"433":["move_icon/lanzitubiaodonghua",4,1],"434":["img/actionBar/dl_sg_dibox",0,1],"435":["img/actionBar/dl_sg_guizeanniu",0,1],"436":["car/free_box_guang",0,1],"437":["move_icon/SGJ_dianjibaoxiang",0,1],"438":["prefabs/prefab_fruits777_set",9,1],"439":["img/actionBar/FREE SPINS LEFT",0,1],"440":["img/actionBar/zi_win",0,1],"441":["sound/click",10,1],"442":["font/fnt_gold_0",0,1],"443":["img/actionBar/dl_sg_zhongjiangbox",0,1],"444":["car/xuankuang3",0,1],"445":["img/actionBar/dl_sg_spinanniu",0,1],"446":["car/free_box_guang",5,1],"447":["sound/fruit_many_shell",10,1],"448":["move_icon/+1tubiaodonghua",5,1],"449":["sound/chooseNum",10,1],"450":["img/icon_jp_cm_0",0,1],"451":["introduce/img_introduce_in",0,1],"452":["sound/fruit_main_bg",10,1],"453":["icon/yanwuquanping",0,1],"454":["dialog/bigWatermelon/skeleton",4,1],"455":["move_icon/lvsedonghua",4,1],"456":["img/actionBar/dl_sg_caidananniu",0,1],"457":["bg_sg_loading",0,1],"458":["move_icon/xiaoyouxixigua",4,1],"459":["img/actionBar/dl_sg_xiazhujia_0",0,1],"460":["img/icon_jp_pt_1",0,1],"461":["dialog/jackpot/slots_common_game_uw_gold",4,1],"462":["img/actionBar/dl_sg_kuai_0",0,1],"463":["move_icon/+2tubiaodonghua",4,1],"464":["sound/fruit_sg_bg2",10,1],"465":["dialog/superwin/sb_lbjs_SUPERWIN",5,1],"466":["img/img_sgTimes_bg",0,1],"467":["img/actionBar/MUSIC",0,1],"468":["move_icon/777tubiao",5,1],"469":["sound/minCoin",10,1],"470":["img/actionBar/btn_ru_off",0,1],"471":["img/icon_jp_pg_1",0,1],"472":["img/actionBar/dl_sg_xiazhujian_0",0,1],"473":["img/img_roller_bg",0,1],"474":["font/shuzi_fenghuang_yinbikuang_0",0,1],"475":["move_icon/777tubiao",0,1],"476":["car/xuankuang",4,1],"477":["sound/roll_start",10,1],"478":["move_icon/lansetubiaodonghua",5,1],"479":["sound/fruit_shell",10,1],"480":["img/actionBar/dl_sg_VIP",0,1],"481":["move_icon/+2tubiaodonghua",5,1],"482":["img/bg_sg_kbx_jpbox",0,1],"483":["move_icon/xiaoyouxilanmei",5,1],"484":["prefabs/prefab_fruits777_iconCar_simple",9,1],"485":["img/icon_jp_pt_0",0,1],"486":["move_icon/xiaoyouxiboluo",0,1],"487":["img/icon_dt_loading_0",0,1],"488":["introduce/img_introduce_2",0,1],"489":["move_icon/lansetubiaodonghua",0,1],"490":["dialog/jackpot/sb_lbjs_JACKPOT",4,1],"491":["move_icon/xiaoyouxiputao",0,1],"492":["img/actionBar/dl_sg_spinicon1",0,1],"493":["move_icon/777tubiao",4,1],"494":["car/3",0,1],"495":["img/actionBar/dl_sg_tuichu",0,1],"496":["sound/maxCoin",10,1],"497":["move_icon/xiaoyouxiputao",4,1],"498":["move_icon/xiaoyouxixiaojiang",4,1],"499":["img/actionBar/zi_stop",0,1],"500":["img/actionBar/dl_sg_caidanbox",0,1],"501":["move_icon/skeleton",5,1],"503":["img/actionBar/dl_sg_shezhiguan",0,1],"504":["dialog/megawin/slots_common_game_ew_gold",0,1],"505":["dialog/megawin/slots_common_game_ew_gold/spriteFrame",2,1],"506":["move_icon/xiaoyouxilanmei",0,1],"507":["img/icon_jp_xg_0",0,1],"508":["move_icon/lingdangtubiao",4,1],"509":["img/actionBar/dl_sg_zidongdibox",0,1],"510":["move_icon/skeleton",4,1]},"scenes":{},"packs":{"013a4a485":[17,40,155,126,229,300],"0142737ad":[1,63,110,97,114,118,127,132,142,151,153,156,164,166,168,172,174,188,189,219,231,232,100,82,321,23,162,176,183,197,200,228,84,87,91,107,79,135,145,147,208,24,422,94,14,211,178,192,216,181,214,202,236,241,242,250,253,261,265,281,284,293,297,298,304,314,315],"015d86679":[138,206,238,271,275,287,310],"01a3afdd9":[177,283],"027a334ed":[131,0,62],"031ab0359":[243,251],"045b88525":[128,133,140,173,180,194,203,0,256,269,276,280,292,295,317],"04bc69f06":[69,86,90,130,136,161,171,184,191,204,213,221,225,0,262,272,286,289,294],"04cc5fee5":[159,182,224,249,278],"04f729955":[423,266,307,502],"059422682":[201,260],"0608474e6":[96,217],"06c0b60ba":[185,186,296,62],"0740d36f3":[99,291],"0771fba2c":[109,148],"08152af93":[169,233],"09009b380":[179,223,301],"09325e1ff":[2,3,22,68,71,89,83,116,129,143,144,125,149,150,154,158,160,167,175,195,196,199,210,218,222,240,244,246,252,254,264,267,270,273,274,279,288,302,306,308,309,311,316,318],"09c90855a":[70,282],"0a0a957d8":[36,299],"0a24b01b9":[73,220],"0a4a7bcbf":[19,268,290],"0b94a840f":[152,165],"0cff21cf6":[137,212],"0d17b007e":[13,57,67,117,139,146,170,193,205,215,255,263,277,285,303,312],"0d54a16af":[235,319],"0db053c7f":[74,157,163,230,245],"0e03217a0":[239,305],"0e18435e6":[141,187,198,207,257,258,62],"0eae483e2":[93,322,125,126,190,209,414,237,248],"0f8e5684b":[234,259,313],"0fdaa0d26":[4,98]},"versions":{"import":[],"native":[]},"redirect":[407,"0"],"debug":false,"extensionMap":{".cconb":[134,18,247,320,424,72]},"hasPreloadScript":true,"dependencyRelationships":{},"types":["cc.ImageAsset","cc.Texture2D","cc.SpriteFrame","cc.AnimationClip","cc.Asset","sp.SkeletonData","cc.ParticleAsset","cc.SpriteAtlas","cc.BitmapFont","cc.Prefab","cc.AudioClip"]}