{"importBase":"import","nativeBase":"native","name":"fruit777","deps":["main"],"uuids":["9dOUjKjGtPfo69t2gCbeOK","fftOJ43bVHoqOsKq33jHjZ","49IJfYxABOJb3R9WEQy3Op","59FmoQQstM6b914wmfoiVN","00PE2VCElC1bYGyS17m2OO","000gmjvudHBq2h/JJ6TrtN","000gmjvudHBq2h/JJ6TrtN@6c48a","00/ybCFvlP4I8GSPi5RxVW","00/ybCFvlP4I8GSPi5RxVW@f9941","01K6PiPRtJwb5Q6vIvRIYe","02JMZP4UhJkbpuW8H6U5oE","02JMZP4UhJkbpuW8H6U5oE@f9941","02q/nf1GBCELLcOSSAJ984","02q/nf1GBCELLcOSSAJ984@f9941","03XdHrofBDpJfXYE8xLeaY","03XdHrofBDpJfXYE8xLeaY@f9941","03hg5IeAFFPZn0HEHuUNRl","0398b53bc","04Dg/ko1VGiLRTX4WDK/WC","04Dg/ko1VGiLRTX4WDK/WC@6c48a","04EaI7X2tDD7saZKaoqb1L","06p691KxhOC5OZmOh7fdHg@f9941","062ZM8QiZP4ar/W395p396","07KU8FzxlEjoaxtuBmJkFJ","07KU8FzxlEjoaxtuBmJkFJ@6c48a","07KU8FzxlEjoaxtuBmJkFJ@f9941","07uyShRqtMLppvc9/yUkcg","0757uT6h5N5qLuld8wADqH","0757uT6h5N5qLuld8wADqH@f9941","08SePegTZP2K72F+A+K6ci","09BcKNSI5M1Y/H7QgYLpdT","09BcKNSI5M1Y/H7QgYLpdT@6c48a","09FD6xAwlDE4ge8n53xLpz","0b051bdv1E5bq0g4NO/Dlb","0ciZvjcH9JWrFHx9INL3Nm","0dizd3NYlIi62w39HBTgKn@f9941","0dxVsuGAxLfY4NDWnCn3V7","0ehmzNhJdORKCVzmAyl9eQ","0ehmzNhJdORKCVzmAyl9eQ@6c48a","0ehmzNhJdORKCVzmAyl9eQ@f9941","0e4hqL4h1MS7HzJ8+aGE85@f9941","0fFiuu8JZLL45ojIGESwDz","0fFiuu8JZLL45ojIGESwDz@f9941","0fpTPzzJ5AE60ESosr4z/9","0fpTPzzJ5AE60ESosr4z/9@f9941","11AyvAoYZLTY1C+C2WlleE","111zmfmg9OOZ7Pa1UtJzWi","15T1c2R9dAdakCKBSn8iUm","15zDoOZJhDn5pVRsBxGj3n","16ShNbAf1Cxq7sNaBkFdXf","16ShNbAf1Cxq7sNaBkFdXf@f9941","16Sww1p9dGSovSawDdCWha","18BpHtBXdF4aRbQMUXKkRG","186qnujN9Hv6QVbsEaw4qx","186qnujN9Hv6QVbsEaw4qx@6c48a","186qnujN9Hv6QVbsEaw4qx@f9941","1aOcL2lRZAW6BIFiIZZGnw","1cCY5ZxQVLzbWBsjMZvgDk","1cCY5ZxQVLzbWBsjMZvgDk@6c48a","1cCY5ZxQVLzbWBsjMZvgDk@f9941","1diM9SI8dJ3ZUKIHdRM13I@f9941","1d382buTVH0JzcNd+T6X8q","1fO58q3eBNoINIA5c689ye","1fO58q3eBNoINIA5c689ye@f9941","1fhMEeHlNJ3Ji2tOdOAXJH","20J4WNfKFMRKXT4seMTfga","20L1VTFWpBF44A224Wq4C3","20L1VTFWpBF44A224Wq4C3@6c48a","20L1VTFWpBF44A224Wq4C3@f9941","20sIdVhv1NUL+cG01KXj9C","20sIdVhv1NUL+cG01KXj9C@f9941","206UX0uJ1GGLbBNWZxKrKq@f9941","22yC2J9xVFbbeU2Va9X1PK","22yC2J9xVFbbeU2Va9X1PK@f9941","25udlWhoBNHoRUyYqbzMd/","26eqXZoH5CJblW3e1dj1iQ","27StmQISpHtp9bot+tuIfT","27cghC0UdC56x6/gcGNu9n","27cghC0UdC56x6/gcGNu9n@f9941","277Y1FBHZPkqXgincPluhb@f9941","292VqVFZxMgo9qpuoE6SFA","2bNYoA4GRGIoL5Qx2xBR7D","2bNYoA4GRGIoL5Qx2xBR7D@6c48a","2bmihO8LZKtZeplSQYvDlL","2bmihO8LZKtZeplSQYvDlL@f9941","2bxAWt/wJEi4Fjfe+54dfR","2bxAWt/wJEi4Fjfe+54dfR@f9941","2b3v1ZX1hH/qDv9bUUxZNu","2cDvyyyx5JF6pqsEoDroNV","2cDvyyyx5JF6pqsEoDroNV@f9941","2ceSVwAotBYaIkZVH3LRWu","2e9Dvpb95K2YuHCE2eptD0","2e9Dvpb95K2YuHCE2eptD0@6c48a","2e9Dvpb95K2YuHCE2eptD0@f9941","30fUWXKG9Lm5niOnXoev4b","30fUWXKG9Lm5niOnXoev4b@f9941","31Mbi2aUpD05lXDkiI7ily","32T3WEPv1LEInAF5OSoqT2","32T3WEPv1LEInAF5OSoqT2@6c48a","32T3WEPv1LEInAF5OSoqT2@f9941","33hr09lQdCrpYrJL/OtULf","33hr09lQdCrpYrJL/OtULf@f9941","33ny+rWv5AcYsD1a5W7qN8","34jlF/PqFIJJMsJ7P9BBzE","35JwEixyFBaaphgmOKg1KD","35p4E4EhxIsZUCNlxqYjlu@f9941","37It+iDj9CNY9eBcgUTWjN@f9941","38viEquapKrKyLO+wsWQUg@f9941","3biD9Mp/NAbbeuF1Q0p7Az","3biD9Mp/NAbbeuF1Q0p7Az@f9941","3cV8jvUjhDgIzvalNVKJjR","3cV8jvUjhDgIzvalNVKJjR@6c48a","3clEORBmBFO6EHMK0Potz3","3cxdY+odBAs4eO/8MCuNln","3eSo31CXFJx4cIyHCuK3TD","3eSo31CXFJx4cIyHCuK3TD@f9941","40VCSMzxhCD4xLQxxJxtKG","40VCSMzxhCD4xLQxxJxtKG@f9941","40jeX9j2FHLbBNxa8aELb0","40jeX9j2FHLbBNxa8aELb0@6c48a","45N1YgXE5KQotJaemuRWSw@f9941","46J+pXB8pD9ohcKALzkNzI","48LYJuIVlP3Jd6HDWWqHO4","49Op9iUd5C7og6ck0TXtGP","49Op9iUd5C7og6ck0TXtGP@6c48a","49Op9iUd5C7og6ck0TXtGP@f9941","49tWDy34pEK7pjeA3cB6v0","49tWDy34pEK7pjeA3cB6v0@f9941","4aBXqfPGlMnKHuAGsaekPC","4aBXqfPGlMnKHuAGsaekPC@f9941","4abpcqIZFO16jgeqW4MA0J","4dUoWhDoZDz6hDInUGio6H","4dUoWhDoZDz6hDInUGio6H@6c48a","4dUoWhDoZDz6hDInUGio6H@f9941","4dqX6zl2xNTKYudQ1LsQ54","4dqX6zl2xNTKYudQ1LsQ54@6c48a","4eOwuDj75JwZY7j1sa7BBc","4eOwuDj75JwZY7j1sa7BBc@f9941","4fIAlWzGdGOZU6L3ApzTLO","4fIAlWzGdGOZU6L3ApzTLO@f9941","4flPmyULBJbb0iECgWYxLA","4flPmyULBJbb0iECgWYxLA@6c48a","4flPmyULBJbb0iECgWYxLA@f9941","4f4bUIsSdFVI3p+28k3ugm@f9941","50Hdl9vhZOrKUtw9dhm2HW","50Hdl9vhZOrKUtw9dhm2HW@f9941","51Dp5ZVldBu67PpjVlVsi4","52uiA7ShRGeZyHcdnF4blI","52uiA7ShRGeZyHcdnF4blI@f9941","522mR/Lx9O278/HNWcNBiJ","522mR/Lx9O278/HNWcNBiJ@f9941","56oQLtCFhFQ6CE3VLE+Q1x","56oQLtCFhFQ6CE3VLE+Q1x@6c48a","56oQLtCFhFQ6CE3VLE+Q1x@f9941","56u3KEC8RP0ZgMmMrwd9+M@f9941","58elu7x45DIqgh7u2KQTk0","5aOLg8FqlNypoT/s6hCZdx","5aSY0R2ltEh4WQ0n1B3mhb","5aZ2Y5XQNMO567f+d/IH/S","5aZ2Y5XQNMO567f+d/IH/S@6c48a","5bK89wtM1Hn66GNMwkQ6hb","5cDea2ZnBFmpoL2gjD0KWj","5cDea2ZnBFmpoL2gjD0KWj@6c48a","5cFqrJ1lBGAbeH+dke8Ty+","5csCXZuyFHGoWmdhBYzqHg","5csCXZuyFHGoWmdhBYzqHg@f9941","5cyVeyUPpMxZWayhVzxS8T","5cyVeyUPpMxZWayhVzxS8T@6c48a","5cyVeyUPpMxZWayhVzxS8T@f9941","5c4kDLsaVL8J1HJXnnzJV5@f9941","5dkrmS3JdHmb7m566dKoqP","5dkrmS3JdHmb7m566dKoqP@f9941","5dm7/LFu5I+JtnmNW1hFoh","5dm7/LFu5I+JtnmNW1hFoh@6c48a","5eHseC3phPmbHa712WQ1ic","5eHseC3phPmbHa712WQ1ic@f9941","5fFVP6hGNNY7g7XM8J9RQd","5fFVP6hGNNY7g7XM8J9RQd@6c48a","61T6vOKyBDLJwUJ6pzYXXP","61T6vOKyBDLJwUJ6pzYXXP@f9941","61k6MqIr9Mb6IqSIrpLQ9u","61tmFq9LRAL7li/kdEIvo8","61tmFq9LRAL7li/kdEIvo8@6c48a","61tmFq9LRAL7li/kdEIvo8@f9941","62YU53EmNOUbMrAG1baGx9","62YU53EmNOUbMrAG1baGx9@6c48a","62YU53EmNOUbMrAG1baGx9@f9941","62cWrrSjBFtaNYTyUBtZSs","62cWrrSjBFtaNYTyUBtZSs@f9941","63IZC/bb9BrI+dkzFDD85E","63IZC/bb9BrI+dkzFDD85E@6c48a","63IZC/bb9BrI+dkzFDD85E@f9941","63Ymv1/0NAo4fbglAnpuqK","66qX3fOPdJtqmJqSjFX7bn","66qX3fOPdJtqmJqSjFX7bn@6c48a","67O0WuDFhK+Z42xK0PyXWF@f9941","67aoBNubpKtoeSyQ0LBMNN","67aoBNubpKtoeSyQ0LBMNN@f9941","69aGQdJX1MdonxpnOymxns","69aGQdJX1MdonxpnOymxns@f9941","6a1Yg1U5NO04xcP5tzwRcI","6bXt8Sgt1LiJ4PRNUuz2yz@f9941","6c4jEX9w5IfaIgXvtK6OWr","6c4jEX9w5IfaIgXvtK6OWr@6c48a","6dCGTlEp1NJbzsWw7iphi0","6dCGTlEp1NJbzsWw7iphi0@6c48a","6dCGTlEp1NJbzsWw7iphi0@f9941","6d1sqpG9RDGrdxDo+QShei","6d1sqpG9RDGrdxDo+QShei@f9941","6d/hghHgxLoJjaTeIhlKIG","6fAIxGHFhNBZ6kiuFn1Mqe","6fBlBbyKRDKJpyUqiRhbEj","71Fx4wxhBOXL3VfGHVBq93","71Fx4wxhBOXL3VfGHVBq93@6c48a","72zBEzJCBLZIgCFjH0VKcT@f9941","724zWSR+ZA/5hN4XGHR5nd","724zWSR+ZA/5hN4XGHR5nd@f9941","76tRthnldJ9YapeooPRLij@f9941","76wdL8IPdAN581mYKhQDn+","77oepbmzhAyJgKYACiXEC7","77oepbmzhAyJgKYACiXEC7@f9941","77zFTzoJJJzrE5T+QXLTCQ","77zFTzoJJJzrE5T+QXLTCQ@6c48a","78V/j06SxD4bsv4fB1HZ4M","78V/j06SxD4bsv4fB1HZ4M@f9941","78oB6FnZ5KGLjO4MjQ24p7","78oB6FnZ5KGLjO4MjQ24p7@f9941","78wFm1ls1LF7nOIqWS37Pg","78wFm1ls1LF7nOIqWS37Pg@6c48a","78wFm1ls1LF7nOIqWS37Pg@f9941","79U4df5GZPJJfAz0fXpNwZ","79U4df5GZPJJfAz0fXpNwZ@6c48a","7b3iGA08xAhY1HNaELVXJK","7b4WWwPf1OCpd0j1+vS201","7cdSmgQOlPrIKfxslCy3Dj","7cdSmgQOlPrIKfxslCy3Dj@f9941","7cdvpjM95D+JyHle9q9LRj","7cvGJK+mJKb6OP/Oe2S15y","7cvGJK+mJKb6OP/Oe2S15y@f9941","7fIIw9KX9KbbtDj6TiDgpd@f9941","7fL0r98CFCQI4mUIfuRtiv@f9941","7fQ8/8RwNAj4C1XjScKX4F","7fQ8/8RwNAj4C1XjScKX4F@f9941","7f3kiMfN5G96yK/DFRHAtR","82G7uTRtpNk5idet758iBN","82G7uTRtpNk5idet758iBN@6c48a","83VcLxP3JDMpiA2dSKH376","84Qsh9QOhEobmHGIef9A9K","84Qsh9QOhEobmHGIef9A9K@f9941","84cNBEuP5PMLPXAxxYvt2q","84cNBEuP5PMLPXAxxYvt2q@6c48a","84cNBEuP5PMLPXAxxYvt2q@f9941","84j0irRHFDa64GjKvGf9AW@f9941","86aQH+STROyLiuOlJOm2oH","86aQH+STROyLiuOlJOm2oH@6c48a","87Qp3eXbBGSZ93xAkUyNZu@f9941","88WD3tGgNM17L65P/cVBnh","88WD3tGgNM17L65P/cVBnh@6c48a","88WD3tGgNM17L65P/cVBnh@f9941","89JYlKrgtPGojTPL350OC/","89JYlKrgtPGojTPL350OC/@f9941","8afl0+rk5NEpzMZOU2cw0D","8apSIDYitLIoxXllXeZGOP","8apSIDYitLIoxXllXeZGOP@6c48a","8apSIDYitLIoxXllXeZGOP@f9941","8bWEWhVkVOoKPX9hxbjHsU","8cVHidhPZK+o2EF0mlcHqf","8crQE2PV1JlqTcrRXAeO5T","8dcuQcBIJJNLi0giCMiix/@f9941","8d5BaGgR5IEahe6JrLGoiV","8d5BaGgR5IEahe6JrLGoiV@f9941","91+/45e2NF/IPoZ8f9hZUN","92XBMeMPBLAaEw8C46RIIv","95O2f9H91FwIV/JeufO4Vs@f9941","96SehKhIdF55k6Dmd1Vr5U","960AjFB6RCXYUB6cCHzh6V","960AjFB6RCXYUB6cCHzh6V@6c48a","9746YR52ZOLJI3lXDDSB9g","98mKZqzxtPF77rIMqP0yPw","98mKZqzxtPF77rIMqP0yPw@f9941","99vYgV7eVIzrsgiEDS7HQT@f9941","99+k7Q+GtAV6pJIQYbrccq","9cIqKIDs9L0b1plt+xnYo/","9cIqKIDs9L0b1plt+xnYo/@6c48a","9cXjh7CIJOr5PwY8gKWOH8","9dgkJ1HK5NLoGnv9AjbLwR","9dgkJ1HK5NLoGnv9AjbLwR@6c48a","9e0Q40IwNMOK0xg+VFXwk5","a0or7hH1pIHa929yYNRg6E","a0sWmRouBP7bRW270KkaHF","a08IVHLhhJJa73p0dCWj1y","a3fULkWcdKOrYa9Cx9s3oS","a3fULkWcdKOrYa9Cx9s3oS@6c48a","a3fULkWcdKOrYa9Cx9s3oS@f9941","a37EGMoalBkp8Z0RnY6qXc@f9941","a4SFHRPypF2rIFFprAyf4U","a52kvvPHdARrB1z1Zfd7X/","a52kvvPHdARrB1z1Zfd7X/@f9941","a6H86CKxhDsbnbzDG/v++s","a6H86CKxhDsbnbzDG/v++s@6c48a","a6IxKHwSZBJrA1r/PK/tgF","a6IxKHwSZBJrA1r/PK/tgF@6c48a","a6PskEdfhA0KObFxMoyD2X","a6p0R8ovhPFo0DDOiHDwph","a62H3w/OBCZZLprpzHLfRW","a62H3w/OBCZZLprpzHLfRW@f9941","a7UDWEqFlDMJVVQJc9HPiJ@f9941","a8gQ98JLpBM4xUKJqMtFaK","a8gQ98JLpBM4xUKJqMtFaK@f9941","a89QIDed5KIL7OsvuEM78i","a8/8Glu31K15gclJ8hs6Fj","aaB3CXlQRPnJDmSWUvpgf6","aaGfD31etJF7yR2cZCscmz","aajZadgYRF14Ek3axdGMt4","aajZadgYRF14Ek3axdGMt4@6c48a","aajZadgYRF14Ek3axdGMt4@f9941","acmyDdmvRMArl5qWJ1qfVt","acmyDdmvRMArl5qWJ1qfVt@f9941","adqQ0NpsJJkIs/nJrqyATG","adqQ0NpsJJkIs/nJrqyATG@6c48a","ad0rogWetAMa5ZQiTKIx7A","ad0rogWetAMa5ZQiTKIx7A@f9941","aeQgMlpetNIJefSvAKoMhd","b1mr06SH1JBqjYHRlHiI7r","b386Yj3SxIYYSJtHlFtaRA","b4b8bQuzNLqKV17PaWJQUH","b4cmLkECtLqJWhveoCJ3ip@f9941","b4qZeOOM9NVJbaFStEanqp","b4qZeOOM9NVJbaFStEanqp@f9941","b6A5S43mZEPpF7Moe3Rfm3","b6A5S43mZEPpF7Moe3Rfm3@f9941","b6GwqACnlGx42R4kGCurHe@f9941","b6ScqP2IZAo7n7j4gM3hN2","b6a7+WNcxBx4wMJ16SHtTW","b9A9u5l4JHzLqxEz5bs1P9","b9gHnWD/tJ47qHEQXwnZ9J","b9gHnWD/tJ47qHEQXwnZ9J@6c48a","baV9kenbhKVIhiPnpjse3x@f9941","bb00T8VqRIZ7srXA3t9xPR","bb7h7/545H1oL4hmZa4PgR","bem5z4/ClNNqAMJLHb/wBP@f9941","bewl3ckO1Nm5nkIEkAfTZi","bewl3ckO1Nm5nkIEkAfTZi@f9941","bfbc1h6/FHtolbVVduZo6X","bfbc1h6/FHtolbVVduZo6X@6c48a","bfbc1h6/FHtolbVVduZo6X@f9941","c0T6LBR45O76vgdiatRZkI","c0YM1GwXNIAL2voVHfbBnu","c0YM1GwXNIAL2voVHfbBnu@f9941","c2FrJJX79NUp6I0QkEUqXi","c2drs1dmREv5DW9hPynccN","c2drs1dmREv5DW9hPynccN@f9941","c2eX6XERlJQaEwV1kZyJlk","c3pz4ZjE1PAJW+u2j9g66B","c3pz4ZjE1PAJW+u2j9g66B@f9941","c5Vkk4jx5L/rkjjFmEwzO/","c5wHgFkXxEa4GWeQnjoqI8@f9941","c50lD8aZtBVLQGWAiWfL/d","c7iJKMFJRCco9U01Ldk6/w","c70efd1gFHrLx0pkM5alyW","c70efd1gFHrLx0pkM5alyW@f9941","c77Vqwf8BJBqorS0d+vSmb","c77Vqwf8BJBqorS0d+vSmb@f9941","c79EIwPLRH6JX+Yrj/ZPHw","c88AqyX+9Jn6oGZD/NGt41","c9u627TExCqZ/MuRFd67MG","c9u627TExCqZ/MuRFd67MG@f9941","car4c2G7hPhKK1VOrSAPFT@f9941","ccGuoXk3REopCj/H0mq3rN","ccGuoXk3REopCj/H0mq3rN@f9941","ccu46ccu1HebPlI7dPGeRO@f9941","cdC0nxSztJ/KQazqbKtljq","cdjn9ht/lObo0jbbA8JSpd","cdjn9ht/lObo0jbbA8JSpd@f9941","cerok0yIdAbIuiZsW07drE","cerok0yIdAbIuiZsW07drE@f9941","cfC85XndtLn79fPcs3aBpP","cfC85XndtLn79fPcs3aBpP@6c48a","cfC85XndtLn79fPcs3aBpP@f9941","cfPyZZ5oJMiYNybCozT0p4","d0pjP6fgdLJ5CTVWcDPh90","d0pjP6fgdLJ5CTVWcDPh90@6c48a","d1eVrjAZFIJorkrn9P+/9p@f9941","d2QF4jrrROsaURhXOSDhtJ","d2vW0c5rpGf70au0nptfVz","d3gvD8jOhDkIH5bqsLp5KK@f9941","d3zWZ3jitMRqaIvFcNjMXX@f9941","d5EdzN3vpHHJ+uKtx/dg+B","d5hK0U/71LP7W+pLwRI4K5","d5vgBL0/JCyacvrPYnewkX","d5vgBL0/JCyacvrPYnewkX@f9941","d6qUG2Pb1PDYvGsM76Sf3m","d6sEfOpV9L04a/sV8RT5Kx","d6sEfOpV9L04a/sV8RT5Kx@f9941","d6vkz1swNEBLB4n0JBVtHQ","d7AZXOwMlFKIRzHW/H3tX0","d8gCWk9aRO0KgWs4Wihe2L","d86I8ARehK8p9i5+32N73M","d9fVy6eQJGUp4qZLk4s0Ta","d9fVy6eQJGUp4qZLk4s0Ta@f9941","ddDE8UqYpHwrlQLXkq9pXN","ddDE8UqYpHwrlQLXkq9pXN@6c48a","ddosxx3IRBtK+sA4RE3sfc@f9941","e2oe9Um9FFAKbz/C+H5FR3","e2oe9Um9FFAKbz/C+H5FR3@f9941","e3K8xVgY5K1qiGcg7io9FR","e3K8xVgY5K1qiGcg7io9FR@f9941","e74zapi51H0YxAChOqXXvz","e74zapi51H0YxAChOqXXvz@6c48a","e80lCRGDpP17bF6JdVucTr","e84UZ/qPBKuZDAcv9eYCL9","e84UZ/qPBKuZDAcv9eYCL9@6c48a","e88in23cJBD5+aoavUYNXH","eaYBtkzmhN34dKFJ+6CTYu@f9941","ebQo2ZUURIvIxPATzdRNdw","ebpUNt5upKgo26l43dVVof","ebpUNt5upKgo26l43dVVof@f9941","ecdZIqVvVMyr/F82A/C+6x@f9941","edAf3RrctM0LTe9ly/r38r","edNe8wcPNBdYiJ7FdTeDjq","edNe8wcPNBdYiJ7FdTeDjq@6c48a","edNe8wcPNBdYiJ7FdTeDjq@f9941","edX7j5ct5PWKqF8iRbTEtz","edX7j5ct5PWKqF8iRbTEtz@f9941","eeABRr+69MHa50UgEUui6/","eeawkiizlCN4GaY8a/ByJc","ee3BDE8cdMU7sWBx2nv3tG","f0FEiiCrJOXLwp91s92RRd","f1jhe9/Y1BzZGv7QuaffwC","f1jhe9/Y1BzZGv7QuaffwC@f9941","f3ORGGnWFMqqrW57BAVpxR","f3ORGGnWFMqqrW57BAVpxR@f9941","f3bG0p7/BJq7hDSlNyye2E","f44m0bMaFPLLe7JeDZsJbe@f9941","f6ALGxFXhHCp0bCZOQBesl","f6ALGxFXhHCp0bCZOQBesl@f9941","f7K+PhzuNIEp4jOms0dhnt@f9941","f7O62M1t5E9LhSvJtkLK0N","f8bdJp8mVGOJSyp5B8hocE","f8bdJp8mVGOJSyp5B8hocE@6c48a","f8bdJp8mVGOJSyp5B8hocE@f9941","f9Q4D35F1IPJoExmEEm/XU","f9Q4D35F1IPJoExmEEm/XU@6c48a","f9kFRKPDZAKaiDX/Jn2ERd@f9941","faBsjeBj5PlpxvBLBL5YzL","faBsjeBj5PlpxvBLBL5YzL@f9941","fag/CyQA9MDaj7hc7F3WQ/","fdmyr1YZxLIa05AhrrS/Qv","fdmyr1YZxLIa05AhrrS/Qv@f9941","fdqLx1XNFNj6FWsR1/AYmT","feAsil2GVF05qOFLLDROzN","feuqoaE6FG8YcevNp5FDFe","112a63738","112a63738@6c48a","114adf0ee","114adf0ee@6c48a","115d86679","115d86679@6c48a","1172b3674","1172b3674@6c48a","13afa9bf0","13afa9bf0@6c48a","195bdd06f","195bdd06f@6c48a","1a30a6629","1a30a6629@6c48a","1d17b007e","1d17b007e@6c48a","1db053c7f","1db053c7f@6c48a","24xBnqY6hOoanQf8RpSJu8","24xBnqY6hOoanQf8RpSJu8@6c48a","24xBnqY6hOoanQf8RpSJu8@f9941","7dj5uJT9FMn6OrOOx83tfK@f9941","868l1cneVFT6X57hZgPmcB","92TV9zMHNBUYnWqxQ8WrUV","92TV9zMHNBUYnWqxQ8WrUV@6c48a","92TV9zMHNBUYnWqxQ8WrUV@f9941","92avLMyklJBrG6KwwQ3/mP","f5FbxlrnJIWrDtj/oTafi8"],"paths":{"0":["img/auto_fruits777",7,1],"1":["introduce/auto-introduce",7,1],"2":["img/actionBar/auto_bar_fruit",7,1],"3":["common/auto_common_fruit",7,1],"4":["sound/fruit_apper_sg",10,1],"5":["move_icon/SGJ_baoxiangdonghua",0,1],"6":["move_icon/SGJ_baoxiangdonghua/texture",1,1],"7":["img/actionBar/zi_AUTO ",0,1],"8":["img/actionBar/zi_AUTO /spriteFrame",2,1],"9":["move_icon/hongsedonghua",5,1],"10":["img/actionBar/dl_sg_shezhikai",0,1],"11":["img/actionBar/dl_sg_shezhikai/spriteFrame",2,1],"12":["icon/icon_fruits777_777",0,1],"13":["icon/icon_fruits777_777/spriteFrame",2,1],"14":["img/actionBar/dl_sg_xiazhujian_1",0,1],"15":["img/actionBar/dl_sg_xiazhujian_1/spriteFrame",2,1],"16":["dialog/superwin/slots_common_game_sw_gold",4,1],"18":["move_icon/+2tubiaodonghua",0,1],"19":["move_icon/+2tubiaodonghua/texture",1,1],"20":["dialog/superwin/sb_lbjs_SUPERWIN",4,1],"21":["common/icon_dt_loading_1/spriteFrame",2,1],"22":["car/animation_title",3,1],"23":["img_fruits777_smBg",0,1],"24":["img_fruits777_smBg/texture",1,1],"25":["img_fruits777_smBg/spriteFrame",2,1],"26":["icon/yanwuquanping",6,1],"27":["common/Rptidakmencukupi",0,1],"28":["common/Rptidakmencukupi/spriteFrame",2,1],"29":["move_icon/xiaoyouxiboluo",5,1],"30":["move_icon/SGJ_baoxiangdonghua2",0,1],"31":["move_icon/SGJ_baoxiangdonghua2/texture",1,1],"32":["car/xuankuang",5,1],"33":["dialog/bigwin/slots_common_game_bw_gold",4,1],"34":["prefabs/prefab_fruits777_roller",9,1],"35":["icon/icon_fruits777_777_big/spriteFrame",2,1],"36":["dialog/jackpot/sb_lbjs_JACKPOT",5,1],"37":["dialog/bigwin/sb_lbjs_BIGWIN",0,1],"38":["dialog/bigwin/sb_lbjs_BIGWIN/texture",1,1],"39":["dialog/bigwin/sb_lbjs_BIGWIN/spriteFrame",2,1],"40":["icon/icon_fruits777_putao/spriteFrame",2,1],"41":["img/actionBar/dl_sg__stopicon1",0,1],"42":["img/actionBar/dl_sg__stopicon1/spriteFrame",2,1],"43":["img/word_fruits777_jackpot",0,1],"44":["img/word_fruits777_jackpot/spriteFrame",2,1],"45":["move_icon/lvsedonghua",5,1],"46":["font/shuzi_fenghuang_yinbikuang",8,1],"47":["sound/fruit_shell_open",10,1],"48":["font/shuzi_xiazhucishu",8,1],"49":["img/actionBar/dl_sg_shezhianniu",0,1],"50":["img/actionBar/dl_sg_shezhianniu/spriteFrame",2,1],"51":["car/animation_autoLauncher_down",3,1],"52":["dialog/superwin/slots_common_game_sw_gold",5,1],"53":["dialog/bigwin/slots_common_game_bw_gold",0,1],"54":["dialog/bigwin/slots_common_game_bw_gold/texture",1,1],"55":["dialog/bigwin/slots_common_game_bw_gold/spriteFrame",2,1],"56":["car/jiasukuang",4,1],"57":["font/front_kxz_0",0,1],"58":["font/front_kxz_0/texture",1,1],"59":["font/front_kxz_0/spriteFrame",2,1],"60":["img/img_down_chooseFast/spriteFrame",2,1],"61":["publicFont/shuzi_xiazhujine",8,1],"62":["img/actionBar/dl_sg_kuai_1",0,1],"63":["img/actionBar/dl_sg_kuai_1/spriteFrame",2,1],"64":["move_icon/daqipao",5,1],"65":["prefabs/prefab_fruits777_down_new",9,1],"66":["dialog/bigWatermelon/skeleton",0,1],"67":["dialog/bigWatermelon/skeleton/texture",1,1],"68":["dialog/bigWatermelon/skeleton/spriteFrame",2,1],"69":["img/actionBar/dl_sg_confirm",0,1],"70":["img/actionBar/dl_sg_confirm/spriteFrame",2,1],"71":["icon/icon_fruits777_pingguo_big/spriteFrame",2,1],"72":["img/icon_jp_pg_0",0,1],"73":["img/icon_jp_pg_0/spriteFrame",2,1],"74":["car/jiasukuang",5,1],"75":["dialog/jackpot/slots_common_game_uw_gold",5,1],"76":["sound/fruit_sg_bg",10,1],"77":["img/actionBar/dl_sg_zidonganniu_0",0,1],"78":["img/actionBar/dl_sg_zidonganniu_0/spriteFrame",2,1],"79":["icon/icon_fruits777_lingdang_big/spriteFrame",2,1],"80":["car/spine_guangquan",4,1],"81":["font/zi_zhongjiang_1",0,1],"82":["font/zi_zhongjiang_1/texture",1,1],"83":["img/icon_jp_cm_1",0,1],"84":["img/icon_jp_cm_1/spriteFrame",2,1],"85":["img/actionBar/mianfeibox",0,1],"86":["img/actionBar/mianfeibox/spriteFrame",2,1],"87":["dialog/megawin/sb_lbjs_MEGAWIN",5,1],"88":["img/btn_box_open",0,1],"89":["img/btn_box_open/spriteFrame",2,1],"90":["prefabs/prefab_fruits777_introduce",9,1],"91":["dialog/superwin/slots_common_game_sw_gold",0,1],"92":["dialog/superwin/slots_common_game_sw_gold/texture",1,1],"93":["dialog/superwin/slots_common_game_sw_gold/spriteFrame",2,1],"94":["img/btn_introduce_close",0,1],"95":["img/btn_introduce_close/spriteFrame",2,1],"96":["car/animation_autoLauncher_up",3,1],"97":["dialog/megawin/sb_lbjs_MEGAWIN",0,1],"98":["dialog/megawin/sb_lbjs_MEGAWIN/texture",1,1],"99":["dialog/megawin/sb_lbjs_MEGAWIN/spriteFrame",2,1],"100":["img/btn_box_close",0,1],"101":["img/btn_box_close/spriteFrame",2,1],"102":["move_icon/daqipao",4,1],"103":["sound/fast_roller",10,1],"104":["font/shuzi_lztb_jiangchi",8,1],"105":["icon/sgIcon/icon_sg_grape/spriteFrame",2,1],"106":["icon/icon_fruits777_wild/spriteFrame",2,1],"107":["img/zi_spin_wuxian/spriteFrame",2,1],"108":["introduce/img_introduce_bg",0,1],"109":["introduce/img_introduce_bg/spriteFrame",2,1],"110":["car/feishuiguodonghua",0,1],"111":["car/feishuiguodonghua/texture",1,1],"112":["move_icon/SGJ_baoxiangdonghua",4,1],"113":["move_icon/xiaoyouxiputao",5,1],"114":["img/actionBar/dl_sg_zidonganniu_1",0,1],"115":["img/actionBar/dl_sg_zidonganniu_1/spriteFrame",2,1],"116":["img/actionBar/dl_sg_xiazhujia_1",0,1],"117":["img/actionBar/dl_sg_xiazhujia_1/spriteFrame",2,1],"118":["move_icon/hongsedonghua",0,1],"119":["move_icon/hongsedonghua/texture",1,1],"120":["icon/icon_fruits777_caomei/spriteFrame",2,1],"121":["move_icon/xiaoyouxixiaojiang",5,1],"122":["dialog/megawin/slots_common_game_ew_gold",5,1],"123":["publicFont/shuzi_xiazhujine_0",0,1],"124":["publicFont/shuzi_xiazhujine_0/texture",1,1],"125":["publicFont/shuzi_xiazhujine_0/spriteFrame",2,1],"126":["img/actionBar/dl_sg_jinbijia",0,1],"127":["img/actionBar/dl_sg_jinbijia/spriteFrame",2,1],"128":["img/actionBar/dl_sg_spinanniu1",0,1],"129":["img/actionBar/dl_sg_spinanniu1/spriteFrame",2,1],"130":["move_icon/lingdangtubiao",5,1],"131":["font/shuzi_mianfeicishu_0",0,1],"132":["font/shuzi_mianfeicishu_0/texture",1,1],"133":["font/shuzi_mianfeicishu_0/spriteFrame",2,1],"134":["move_icon/skeleton",0,1],"135":["move_icon/skeleton/texture",1,1],"136":["img/actionBar/dl_sg_zidonganniu1",0,1],"137":["img/actionBar/dl_sg_zidonganniu1/spriteFrame",2,1],"138":["common/word_down_goodluck",0,1],"139":["common/word_down_goodluck/spriteFrame",2,1],"140":["dialog/superwin/sb_lbjs_SUPERWIN",0,1],"141":["dialog/superwin/sb_lbjs_SUPERWIN/texture",1,1],"142":["dialog/superwin/sb_lbjs_SUPERWIN/spriteFrame",2,1],"143":["icon/icon_fruits777_putao_big/spriteFrame",2,1],"144":["img/actionBar/dl_sg__stopicon",0,1],"145":["img/actionBar/dl_sg__stopicon/spriteFrame",2,1],"146":["prefabs/prefab_fruits777_bigPrize",9,1],"147":["img/actionBar/bg_sg_guizebox",0,1],"148":["img/actionBar/bg_sg_guizebox/spriteFrame",2,1],"149":["img/img_fruits777_lines",0,1],"150":["img/img_fruits777_lines/spriteFrame",2,1],"151":["dialog/jackpot/sb_lbjs_JACKPOT",0,1],"152":["dialog/jackpot/sb_lbjs_JACKPOT/texture",1,1],"153":["dialog/jackpot/sb_lbjs_JACKPOT/spriteFrame",2,1],"154":["icon/icon_fruits777_xigua_big/spriteFrame",2,1],"155":["sound/ding",10,1],"156":["car/free_box_guang",4,1],"157":["dialog/bigwin/sb_lbjs_BIGWIN",4,1],"158":["move_icon/lanzitubiaodonghua",0,1],"159":["move_icon/lanzitubiaodonghua/texture",1,1],"160":["font/shuzi_mianfeicishu",8,1],"161":["move_icon/SGJ_dianjibaoxiang2",0,1],"162":["move_icon/SGJ_dianjibaoxiang2/texture",1,1],"163":["dialog/megawin/slots_common_game_ew_gold",4,1],"164":["img/actionBar/SOUND",0,1],"165":["img/actionBar/SOUND/spriteFrame",2,1],"166":["img_fruits777_bg",0,1],"167":["img_fruits777_bg/texture",1,1],"168":["img_fruits777_bg/spriteFrame",2,1],"169":["icon/icon_fruits777_lingdang/spriteFrame",2,1],"170":["img/btn_off",0,1],"171":["img/btn_off/spriteFrame",2,1],"172":["car/jiasukuang",0,1],"173":["car/jiasukuang/texture",1,1],"174":["img/icon_dt_loading_1",0,1],"175":["img/icon_dt_loading_1/spriteFrame",2,1],"176":["move_icon/daqipao",0,1],"177":["move_icon/daqipao/texture",1,1],"178":["img/actionBar/dl_sg_jinbibox",0,1],"179":["img/actionBar/dl_sg_jinbibox/spriteFrame",2,1],"180":["prefabs/prefab_fruits777_auth_launcher_new",9,1],"181":["font/shuzi_xyx_0",0,1],"182":["font/shuzi_xyx_0/texture",1,1],"183":["font/shuzi_xyx_0/spriteFrame",2,1],"184":["font/shuzi_xiazhujine_0",0,1],"185":["font/shuzi_xiazhujine_0/texture",1,1],"186":["font/shuzi_xiazhujine_0/spriteFrame",2,1],"187":["img/icon_jp_xj_1",0,1],"188":["img/icon_jp_xj_1/spriteFrame",2,1],"189":["font/zi_zhongjiang_0",0,1],"190":["font/zi_zhongjiang_0/texture",1,1],"191":["font/zi_zhongjiang_0/spriteFrame",2,1],"192":["move_icon/xiaoyouxiboluo",4,1],"193":["car/xuankuang2",0,1],"194":["car/xuankuang2/texture",1,1],"195":["img/img_down_chooseBg/spriteFrame",2,1],"196":["introduce/img_introduce_4",0,1],"197":["introduce/img_introduce_4/spriteFrame",2,1],"198":["introduce/img_introduce_3",0,1],"199":["introduce/img_introduce_3/spriteFrame",2,1],"200":["sound/fruit_up",10,1],"201":["introduce/icon_fenghuang_guize_ye_2/spriteFrame",2,1],"202":["move_icon/+1tubiaodonghua",0,1],"203":["move_icon/+1tubiaodonghua/texture",1,1],"204":["font/font_free_num_0",0,1],"205":["font/font_free_num_0/texture",1,1],"206":["font/font_free_num_0/spriteFrame",2,1],"207":["img/img_jackpot_bg",0,1],"208":["img/img_jackpot_bg/spriteFrame",2,1],"209":["car/feishuiguodonghua",4,1],"210":["sound/godWealth_buycard",10,1],"211":["dialog/bigWatermelon/skeleton",5,1],"212":["car/xuankuang",0,1],"213":["car/xuankuang/texture",1,1],"214":["icon/icon_fruits777_bonus/spriteFrame",2,1],"215":["img/icon_jp_xj_0",0,1],"216":["img/icon_jp_xj_0/spriteFrame",2,1],"217":["img/actionBar/zi_goodluvk/spriteFrame",2,1],"218":["move_icon/+1tubiaodonghua",4,1],"219":["img/actionBar/dl_sg_zidonganniu",0,1],"220":["img/actionBar/dl_sg_zidonganniu/spriteFrame",2,1],"221":["car/spine_guangquan",0,1],"222":["car/spine_guangquan/texture",1,1],"223":["introduce/img_introduce_inBg",0,1],"224":["introduce/img_introduce_inBg/spriteFrame",2,1],"225":["img/actionBar/SETTINGS",0,1],"226":["img/actionBar/SETTINGS/spriteFrame",2,1],"227":["font/shuzi_zhongjiangjine_0",0,1],"228":["font/shuzi_zhongjiangjine_0/texture",1,1],"229":["font/shuzi_zhongjiangjine_0/spriteFrame",2,1],"230":["move_icon/xiaoyouxixiaojiang",0,1],"231":["move_icon/xiaoyouxixiaojiang/texture",1,1],"232":["sound/get_coin",10,1],"233":["sound/wild",10,1],"234":["img/icon_jp_xg_1",0,1],"235":["img/icon_jp_xg_1/spriteFrame",2,1],"236":["move_icon/SGJ_dianjibaoxiang",4,1],"237":["img/img_roller_bgUp",0,1],"238":["img/img_roller_bgUp/spriteFrame",2,1],"239":["icon/icon_fruits777_pingguo/spriteFrame",2,1],"240":["icon/sgIcon/icon_sg_apple/spriteFrame",2,1],"241":["introduce/img_introduce_1",0,1],"242":["introduce/img_introduce_1/spriteFrame",2,1],"243":["prefabs/prefab_fruits777_jackpot",9,1],"244":["car/xuankuang4",0,1],"245":["car/xuankuang4/texture",1,1],"246":["font/font_free_num",8,1],"247":["img/actionBar/zi_atuospinsrtting",0,1],"248":["img/actionBar/zi_atuospinsrtting/spriteFrame",2,1],"249":["font/shuzi_lztb_jiangchi_0",0,1],"250":["font/shuzi_lztb_jiangchi_0/texture",1,1],"251":["font/shuzi_lztb_jiangchi_0/spriteFrame",2,1],"252":["img/btn_caozuo_dingbu_di/spriteFrame",2,1],"253":["car/spine_guangquan2",0,1],"254":["car/spine_guangquan2/texture",1,1],"255":["icon/icon_fruits777_2bar/spriteFrame",2,1],"256":["font/shuzi_xiazhucishu_0",0,1],"257":["font/shuzi_xiazhucishu_0/texture",1,1],"258":["font/shuzi_xiazhucishu_0/spriteFrame",2,1],"259":["img/actionBar/zi_SPIN",0,1],"260":["img/actionBar/zi_SPIN/spriteFrame",2,1],"261":["sound/biu",10,1],"262":["dialog/jackpot/slots_common_game_uw_gold",0,1],"263":["dialog/jackpot/slots_common_game_uw_gold/texture",1,1],"264":["dialog/jackpot/slots_common_game_uw_gold/spriteFrame",2,1],"265":["move_icon/lanzitubiaodonghua",5,1],"266":["dialog/megawin/sb_lbjs_MEGAWIN",4,1],"267":["font/front_kxz",8,1],"268":["img/btn_caozuo_bangzhu_di/spriteFrame",2,1],"269":["img/actionBar/dl_sg_spinicon",0,1],"270":["img/actionBar/dl_sg_spinicon/spriteFrame",2,1],"271":["prefabs/prefab_fruits777_header_new",9,1],"272":["dialog/bigwin/slots_common_game_bw_gold",5,1],"273":["img/btn_null/spriteFrame",2,1],"274":["sound/shell_end",10,1],"275":["move_icon/lvsedonghua",0,1],"276":["move_icon/lvsedonghua/texture",1,1],"277":["move_icon/lansetubiaodonghua",4,1],"278":["common/icon_bank_gold",0,1],"279":["common/icon_bank_gold/spriteFrame",2,1],"280":["icon/icon_fruits777_xiangjiao_big/spriteFrame",2,1],"281":["move_icon/xiaoyouxilanmei",4,1],"282":["move_icon/xiaoyouxixigua",0,1],"283":["move_icon/xiaoyouxixigua/texture",1,1],"284":["move_icon/hongsedonghua",4,1],"285":["move_icon/lingdangtubiao",0,1],"286":["move_icon/lingdangtubiao/texture",1,1],"287":["prefabs/prefab_fruits777_gameBoard",9,1],"288":["prefabs/prefab_fruits777_award_box",9,1],"289":["move_icon/lanzitubiaodonghua",4,1],"290":["prefabs/prefab_fruits777_sgGoin",9,1],"291":["img/actionBar/dl_sg_dibox",0,1],"292":["img/actionBar/dl_sg_dibox/texture",1,1],"293":["img/actionBar/dl_sg_dibox/spriteFrame",2,1],"294":["icon/sgIcon/icon_sg_1up/spriteFrame",2,1],"295":["car/particle_goodluck",6,1],"296":["img/actionBar/dl_sg_guizeanniu",0,1],"297":["img/actionBar/dl_sg_guizeanniu/spriteFrame",2,1],"298":["car/free_box_guang",0,1],"299":["car/free_box_guang/texture",1,1],"300":["move_icon/SGJ_dianjibaoxiang",0,1],"301":["move_icon/SGJ_dianjibaoxiang/texture",1,1],"302":["prefabs/prefab_fruits777_set",9,1],"303":["font/fnt_gold",8,1],"304":["img/actionBar/FREE SPINS LEFT",0,1],"305":["img/actionBar/FREE SPINS LEFT/spriteFrame",2,1],"306":["icon/icon_fruits777_caomei_big/spriteFrame",2,1],"307":["img/actionBar/zi_win",0,1],"308":["img/actionBar/zi_win/spriteFrame",2,1],"309":["car/animation_up",3,1],"310":["sound/click",10,1],"311":["car/spine_guangquan",5,1],"312":["font/zi_zhongjiang",8,1],"313":["font/fnt_gold_0",0,1],"314":["font/fnt_gold_0/texture",1,1],"315":["font/fnt_gold_0/spriteFrame",2,1],"316":["img/actionBar/dl_sg_zhongjiangbox",0,1],"317":["img/actionBar/dl_sg_zhongjiangbox/spriteFrame",2,1],"318":["car/xuankuang3",0,1],"319":["car/xuankuang3/texture",1,1],"320":["img/actionBar/dl_sg_spinanniu",0,1],"321":["img/actionBar/dl_sg_spinanniu/spriteFrame",2,1],"322":["car/free_box_guang",5,1],"323":["sound/fruit_many_shell",10,1],"324":["move_icon/+1tubiaodonghua",5,1],"325":["sound/chooseNum",10,1],"326":["icon/icon_fruits777_jiangjiao/spriteFrame",2,1],"327":["img/icon_jp_cm_0",0,1],"328":["img/icon_jp_cm_0/spriteFrame",2,1],"329":["introduce/img_introduce_in",0,1],"330":["introduce/img_introduce_in/spriteFrame",2,1],"331":["introduce/icon_fenghuang_guize_ye_1/spriteFrame",2,1],"332":["move_icon/SGJ_dianjibaoxiang",5,1],"333":["sound/fruit_main_bg",10,1],"334":["font/shuzi_zhongjiangjine",8,1],"335":["icon/yanwuquanping",0,1],"336":["icon/yanwuquanping/texture",1,1],"337":["img/img_down_chooseLine/spriteFrame",2,1],"338":["dialog/bigWatermelon/skeleton",4,1],"339":["move_icon/lvsedonghua",4,1],"340":["icon/icon_fruits777_2bar_big/spriteFrame",2,1],"341":["img/actionBar/dl_sg_caidananniu",0,1],"342":["img/actionBar/dl_sg_caidananniu/spriteFrame",2,1],"343":["bg_sg_loading",0,1],"344":["bg_sg_loading/texture",1,1],"345":["bg_sg_loading/spriteFrame",2,1],"346":["move_icon/xiaoyouxixigua",4,1],"347":["img/actionBar/dl_sg_xiazhujia_0",0,1],"348":["img/actionBar/dl_sg_xiazhujia_0/spriteFrame",2,1],"349":["move_icon/SGJ_baoxiangdonghua",5,1],"350":["img/icon_jp_pt_1",0,1],"351":["img/icon_jp_pt_1/spriteFrame",2,1],"352":["dialog/jackpot/slots_common_game_uw_gold",4,1],"353":["img/actionBar/dl_sg_kuai_0",0,1],"354":["img/actionBar/dl_sg_kuai_0/spriteFrame",2,1],"355":["move_icon/+2tubiaodonghua",4,1],"356":["icon/sgIcon/icon_sg_banana/spriteFrame",2,1],"357":["sound/fruit_sg_bg2",10,1],"358":["dialog/superwin/sb_lbjs_SUPERWIN",5,1],"359":["img/img_sgTimes_bg",0,1],"360":["img/img_sgTimes_bg/spriteFrame",2,1],"361":["img/actionBar/MUSIC",0,1],"362":["img/actionBar/MUSIC/spriteFrame",2,1],"363":["move_icon/777tubiao",5,1],"364":["sound/minCoin",10,1],"365":["img/actionBar/btn_ru_off",0,1],"366":["img/actionBar/btn_ru_off/spriteFrame",2,1],"367":["icon/sgIcon/icon_sg_2pick/spriteFrame",2,1],"368":["img/icon_jp_pg_1",0,1],"369":["img/icon_jp_pg_1/spriteFrame",2,1],"370":["icon/icon_fruits777_bar/spriteFrame",2,1],"371":["dialog/bigwin/sb_lbjs_BIGWIN",5,1],"372":["img/actionBar/dl_sg_xiazhujian_0",0,1],"373":["img/actionBar/dl_sg_xiazhujian_0/spriteFrame",2,1],"374":["img/img_roller_bg",0,1],"375":["img/img_roller_bg/spriteFrame",2,1],"376":["font/shuzi_fenghuang_yinbikuang_0",0,1],"377":["font/shuzi_fenghuang_yinbikuang_0/texture",1,1],"378":["font/shuzi_fenghuang_yinbikuang_0/spriteFrame",2,1],"379":["font/shuzi_xyx",8,1],"380":["move_icon/777tubiao",0,1],"381":["move_icon/777tubiao/texture",1,1],"382":["icon/icon_fruits777_3bar_big/spriteFrame",2,1],"383":["car/xuankuang",4,1],"384":["sound/roll_start",10,1],"385":["img/btn_caozuo_max_di/spriteFrame",2,1],"386":["icon/sgIcon/icon_sg_strawberry/spriteFrame",2,1],"387":["move_icon/lansetubiaodonghua",5,1],"388":["sound/fruit_shell",10,1],"389":["img/actionBar/dl_sg_VIP",0,1],"390":["img/actionBar/dl_sg_VIP/spriteFrame",2,1],"391":["move_icon/+2tubiaodonghua",5,1],"392":["img/bg_sg_kbx_jpbox",0,1],"393":["img/bg_sg_kbx_jpbox/spriteFrame",2,1],"394":["prefabs/prefab_fruits777_iconCar",9,1],"395":["prefabs/prefab_fruits777_main",9,1],"396":["move_icon/xiaoyouxilanmei",5,1],"397":["prefabs/prefab_fruits777_iconCar_simple",9,1],"398":["img/icon_jp_pt_0",0,1],"399":["img/icon_jp_pt_0/spriteFrame",2,1],"400":["move_icon/xiaoyouxiboluo",0,1],"401":["move_icon/xiaoyouxiboluo/texture",1,1],"402":["img/btn_caozuo_max/spriteFrame",2,1],"403":["img/icon_dt_loading_0",0,1],"404":["img/icon_dt_loading_0/spriteFrame",2,1],"405":["introduce/img_introduce_2",0,1],"406":["introduce/img_introduce_2/spriteFrame",2,1],"407":["move_icon/lansetubiaodonghua",0,1],"408":["move_icon/lansetubiaodonghua/texture",1,1],"409":["dialog/jackpot/sb_lbjs_JACKPOT",4,1],"410":["move_icon/xiaoyouxiputao",0,1],"411":["move_icon/xiaoyouxiputao/texture",1,1],"412":["prefabs/prefab_fruits777_boxMain",9,1],"413":["common/icon_dt_loading_0/spriteFrame",2,1],"414":["font/shuzi_xiazhujine",8,1],"415":["img/actionBar/dl_sg_spinicon1",0,1],"416":["img/actionBar/dl_sg_spinicon1/spriteFrame",2,1],"417":["icon/icon_fruits777_xigua/spriteFrame",2,1],"418":["move_icon/777tubiao",4,1],"419":["car/3",0,1],"420":["car/3/texture",1,1],"421":["car/3/spriteFrame",2,1],"422":["img/actionBar/dl_sg_tuichu",0,1],"423":["img/actionBar/dl_sg_tuichu/spriteFrame",2,1],"424":["sound/maxCoin",10,1],"425":["prefabs/prefab_fruits777_loading",9,1],"426":["move_icon/xiaoyouxiputao",4,1],"427":["move_icon/xiaoyouxixiaojiang",4,1],"428":["img/actionBar/zi_stop",0,1],"429":["img/actionBar/zi_stop/spriteFrame",2,1],"430":["img/actionBar/dl_sg_caidanbox",0,1],"431":["img/actionBar/dl_sg_caidanbox/spriteFrame",2,1],"432":["move_icon/skeleton",5,1],"433":["icon/sgIcon/icon_sg_watermelon/spriteFrame",2,1],"434":["img/actionBar/dl_sg_shezhiguan",0,1],"435":["img/actionBar/dl_sg_shezhiguan/spriteFrame",2,1],"436":["icon/icon_fruits777_3bar/spriteFrame",2,1],"437":["move_icon/xiaoyouxixigua",5,1],"438":["dialog/megawin/slots_common_game_ew_gold",0,1],"439":["dialog/megawin/slots_common_game_ew_gold/texture",1,1],"440":["dialog/megawin/slots_common_game_ew_gold/spriteFrame",2,1],"441":["move_icon/xiaoyouxilanmei",0,1],"442":["move_icon/xiaoyouxilanmei/texture",1,1],"443":["img/actionBar/PENGATURAN/spriteFrame",2,1],"444":["img/icon_jp_xg_0",0,1],"445":["img/icon_jp_xg_0/spriteFrame",2,1],"446":["move_icon/lingdangtubiao",4,1],"447":["img/actionBar/dl_sg_zidongdibox",0,1],"448":["img/actionBar/dl_sg_zidongdibox/spriteFrame",2,1],"449":["car/feishuiguodonghua",5,1],"450":["car/animation_nomey",3,1],"451":["move_icon/skeleton",4,1]},"scenes":{},"packs":{"0398b53bc":[4,5,6,7,8,9,10,11,12,13,14,15,16,18,19,20,21,23,24,25,26,27,28,29,30,31,32,33,34,35,36,37,38,39,40,41,42,43,44,45,452,453,454,455,456,457,458,459,46,460,461,47,48,49,50,52,53,54,55,462,463,464,465,56,57,58,59,466,467,60,468,469,61,62,63,64,65,66,67,68,69,70,71,72,73,470,471,472,74,75,76,77,78,79,80,81,82,83,84,85,86,87,88,89,90,91,92,93,94,95,97,98,99,100,101,102,103,104,105,106,107,108,109,110,111,112,113,114,115,116,117,118,119,120,121,122,2,2,123,124,125,126,127,128,129,130,131,132,133,134,135,136,137,138,139,140,141,142,143,144,145,146,147,148,149,150,151,152,153,154,155,3,3,156,157,158,159,160,161,162,163,164,165,166,167,168,169,170,171,172,173,174,175,176,177,178,179,180,181,182,183,184,185,186,187,188,189,190,191,192,193,194,195,196,197,198,199,200,201,202,203,204,205,206,207,208,209,210,211,212,213,214,215,216,217,218,219,220,221,222,223,224,225,226,227,228,229,230,231,232,233,234,235,236,237,238,239,240,241,242,243,244,245,246,247,248,249,250,251,252,253,254,474,255,256,257,258,259,260,261,262,263,264,265,266,267,268,269,270,271,475,476,477,272,273,274,275,276,277,278,279,280,281,282,283,284,0,0,0,285,286,287,288,289,290,291,292,293,294,295,296,297,298,299,300,301,302,303,304,305,306,307,308,310,311,312,313,314,315,316,317,318,319,320,321,322,323,324,325,326,327,328,329,330,331,332,333,334,335,336,337,338,339,340,341,342,343,344,345,346,347,348,349,350,351,352,353,354,355,356,357,358,359,360,361,362,363,364,365,366,367,368,369,370,371,372,373,374,375,376,377,378,379,380,381,382,383,384,385,386,387,388,389,390,391,392,393,394,395,396,397,398,399,400,401,402,403,404,405,406,407,408,409,410,411,412,413,414,415,416,417,418,419,420,421,422,423,424,425,426,427,428,429,430,431,432,433,479,434,435,436,437,438,439,440,441,442,443,444,445,446,447,448,449,451,1,1,1]},"versions":{"import":[],"native":[]},"redirect":[473,"0"],"debug":false,"extensionMap":{".cconb":[22,309,450,478,51,96]},"hasPreloadScript":true,"dependencyRelationships":{},"types":["cc.ImageAsset","cc.Texture2D","cc.SpriteFrame","cc.AnimationClip","cc.Asset","sp.SkeletonData","cc.ParticleAsset","cc.SpriteAtlas","cc.BitmapFont","cc.Prefab","cc.AudioClip"]}