[1,["ba598GxNxMRIXEcFSHRzC9@6c48a"],["_textureSource"],["cc.SpriteFrame"],0,[{"name":"btn_hu_zidongxuanzhong_0","rect":{"x":0,"y":0,"width":138,"height":74},"offset":{"x":0,"y":0},"originalSize":{"width":138,"height":74},"rotated":false,"capInsets":[0,0,0,0],"vertices":{"rawPosition":[-69,-37,0,69,-37,0,-69,37,0,69,37,0],"indexes":[0,1,2,2,1,3],"uv":[0,74,138,74,0,0,138,0],"nuv":[0,0,1,0,0,1,1,1],"minPos":{"x":-69,"y":-37,"z":0},"maxPos":{"x":69,"y":37,"z":0}},"packable":true,"pixelsToUnit":100,"pivot":{"x":0.5,"y":0.5},"meshType":0}],[0],0,[0],[0],[0]]
