[1,["e9KC9sgaRFqI5lTFTevQe4@6c48a"],0,[["sp.SkeletonData",["_name","_atlasText","textureNames","_skeletonJson","textures"],-1,3]],[[0,0,1,2,3,4,5]],[[0,"gxfc_xiwa","\r\ngxfc_xiwa.png\r\nsize: 1024,1024\r\nformat: RGBA8888\r\nfilter: Linear,Linear\r\nrepeat: none\r\n7/lvse_1_00000\r\n  rotate: false\r\n  xy: 2, 812\r\n  size: 160, 160\r\n  orig: 160, 160\r\n  offset: 0, 0\r\n  index: -1\r\n7/lvse_1_00001\r\n  rotate: false\r\n  xy: 2, 650\r\n  size: 160, 160\r\n  orig: 160, 160\r\n  offset: 0, 0\r\n  index: -1\r\n7/lvse_1_00002\r\n  rotate: false\r\n  xy: 164, 812\r\n  size: 160, 160\r\n  orig: 160, 160\r\n  offset: 0, 0\r\n  index: -1\r\n7/lvse_1_00003\r\n  rotate: false\r\n  xy: 2, 488\r\n  size: 160, 160\r\n  orig: 160, 160\r\n  offset: 0, 0\r\n  index: -1\r\n7/lvse_1_00004\r\n  rotate: false\r\n  xy: 164, 650\r\n  size: 160, 160\r\n  orig: 160, 160\r\n  offset: 0, 0\r\n  index: -1\r\n7/lvse_1_00005\r\n  rotate: false\r\n  xy: 326, 812\r\n  size: 160, 160\r\n  orig: 160, 160\r\n  offset: 0, 0\r\n  index: -1\r\n7/lvse_1_00006\r\n  rotate: false\r\n  xy: 2, 326\r\n  size: 160, 160\r\n  orig: 160, 160\r\n  offset: 0, 0\r\n  index: -1\r\n7/lvse_1_00007\r\n  rotate: false\r\n  xy: 164, 488\r\n  size: 160, 160\r\n  orig: 160, 160\r\n  offset: 0, 0\r\n  index: -1\r\n7/lvse_1_00008\r\n  rotate: false\r\n  xy: 326, 650\r\n  size: 160, 160\r\n  orig: 160, 160\r\n  offset: 0, 0\r\n  index: -1\r\n7/lvse_1_00009\r\n  rotate: false\r\n  xy: 488, 812\r\n  size: 160, 160\r\n  orig: 160, 160\r\n  offset: 0, 0\r\n  index: -1\r\n7/lvse_1_00010\r\n  rotate: false\r\n  xy: 2, 164\r\n  size: 160, 160\r\n  orig: 160, 160\r\n  offset: 0, 0\r\n  index: -1\r\n7/lvse_1_00011\r\n  rotate: false\r\n  xy: 164, 326\r\n  size: 160, 160\r\n  orig: 160, 160\r\n  offset: 0, 0\r\n  index: -1\r\n7/lvse_1_00012\r\n  rotate: false\r\n  xy: 326, 488\r\n  size: 160, 160\r\n  orig: 160, 160\r\n  offset: 0, 0\r\n  index: -1\r\n7/lvse_1_00013\r\n  rotate: false\r\n  xy: 488, 650\r\n  size: 160, 160\r\n  orig: 160, 160\r\n  offset: 0, 0\r\n  index: -1\r\n7/lvse_1_00014\r\n  rotate: false\r\n  xy: 650, 812\r\n  size: 160, 160\r\n  orig: 160, 160\r\n  offset: 0, 0\r\n  index: -1\r\n7/lvse_1_00015\r\n  rotate: false\r\n  xy: 2, 2\r\n  size: 160, 160\r\n  orig: 160, 160\r\n  offset: 0, 0\r\n  index: -1\r\n7/lvse_1_00016\r\n  rotate: false\r\n  xy: 164, 164\r\n  size: 160, 160\r\n  orig: 160, 160\r\n  offset: 0, 0\r\n  index: -1\r\n7/lvse_1_00017\r\n  rotate: false\r\n  xy: 326, 326\r\n  size: 160, 160\r\n  orig: 160, 160\r\n  offset: 0, 0\r\n  index: -1\r\n7/lvse_1_00018\r\n  rotate: false\r\n  xy: 488, 488\r\n  size: 160, 160\r\n  orig: 160, 160\r\n  offset: 0, 0\r\n  index: -1\r\n7/lvse_1_00019\r\n  rotate: false\r\n  xy: 650, 650\r\n  size: 160, 160\r\n  orig: 160, 160\r\n  offset: 0, 0\r\n  index: -1\r\n7/lvse_1_00020\r\n  rotate: false\r\n  xy: 812, 812\r\n  size: 160, 160\r\n  orig: 160, 160\r\n  offset: 0, 0\r\n  index: -1\r\n7/lvse_1_00021\r\n  rotate: false\r\n  xy: 164, 2\r\n  size: 160, 160\r\n  orig: 160, 160\r\n  offset: 0, 0\r\n  index: -1\r\n7/lvse_1_00022\r\n  rotate: false\r\n  xy: 326, 164\r\n  size: 160, 160\r\n  orig: 160, 160\r\n  offset: 0, 0\r\n  index: -1\r\n7/lvse_1_00023\r\n  rotate: false\r\n  xy: 488, 326\r\n  size: 160, 160\r\n  orig: 160, 160\r\n  offset: 0, 0\r\n  index: -1\r\n7/lvse_1_00024\r\n  rotate: false\r\n  xy: 650, 488\r\n  size: 160, 160\r\n  orig: 160, 160\r\n  offset: 0, 0\r\n  index: -1\r\n7/lvse_1_00025\r\n  rotate: false\r\n  xy: 812, 650\r\n  size: 160, 160\r\n  orig: 160, 160\r\n  offset: 0, 0\r\n  index: -1\r\n7/lvse_1_00026\r\n  rotate: false\r\n  xy: 326, 2\r\n  size: 160, 160\r\n  orig: 160, 160\r\n  offset: 0, 0\r\n  index: -1\r\n7/lvse_1_00027\r\n  rotate: false\r\n  xy: 488, 164\r\n  size: 160, 160\r\n  orig: 160, 160\r\n  offset: 0, 0\r\n  index: -1\r\n7/lvse_1_00028\r\n  rotate: false\r\n  xy: 650, 326\r\n  size: 160, 160\r\n  orig: 160, 160\r\n  offset: 0, 0\r\n  index: -1\r\n7/lvse_1_00029\r\n  rotate: false\r\n  xy: 812, 488\r\n  size: 160, 160\r\n  orig: 160, 160\r\n  offset: 0, 0\r\n  index: -1\r\n",["gxfc_xiwa.png"],{"skeleton":{"hash":"nVabAAd+iC5Ny0HodB0ikqaO/TE","spine":"3.6.53","width":160,"height":160,"images":"H:/PS/新大厅/恭喜发财/序列"},"bones":[{"name":"root"},{"name":"bone2","parent":"root"}],"slots":[{"name":"asdasd2","bone":"bone2","attachment":"7/lvse_1_00029"}],"skins":{"default":{"asdasd2":{"7/lvse_1_00000":{"width":160,"height":160},"7/lvse_1_00001":{"width":160,"height":160},"7/lvse_1_00002":{"width":160,"height":160},"7/lvse_1_00003":{"width":160,"height":160},"7/lvse_1_00004":{"width":160,"height":160},"7/lvse_1_00005":{"width":160,"height":160},"7/lvse_1_00006":{"width":160,"height":160},"7/lvse_1_00007":{"width":160,"height":160},"7/lvse_1_00008":{"width":160,"height":160},"7/lvse_1_00009":{"width":160,"height":160},"7/lvse_1_00010":{"width":160,"height":160},"7/lvse_1_00011":{"width":160,"height":160},"7/lvse_1_00012":{"width":160,"height":160},"7/lvse_1_00013":{"width":160,"height":160},"7/lvse_1_00014":{"width":160,"height":160},"7/lvse_1_00015":{"width":160,"height":160},"7/lvse_1_00016":{"width":160,"height":160},"7/lvse_1_00017":{"width":160,"height":160},"7/lvse_1_00018":{"width":160,"height":160},"7/lvse_1_00019":{"width":160,"height":160},"7/lvse_1_00020":{"width":160,"height":160},"7/lvse_1_00021":{"width":160,"height":160},"7/lvse_1_00022":{"width":160,"height":160},"7/lvse_1_00023":{"width":160,"height":160},"7/lvse_1_00024":{"width":160,"height":160},"7/lvse_1_00025":{"width":160,"height":160},"7/lvse_1_00026":{"width":160,"height":160},"7/lvse_1_00027":{"width":160,"height":160},"7/lvse_1_00028":{"width":160,"height":160},"7/lvse_1_00029":{"width":160,"height":160}}}},"animations":{"dynamic":{"slots":{"asdasd2":{"attachment":[{"time":0,"name":"7/lvse_1_00000"},{"time":0.0667,"name":"7/lvse_1_00001"},{"time":0.1333,"name":"7/lvse_1_00002"},{"time":0.2,"name":"7/lvse_1_00003"},{"time":0.2667,"name":"7/lvse_1_00004"},{"time":0.3333,"name":"7/lvse_1_00005"},{"time":0.4,"name":"7/lvse_1_00006"},{"time":0.4667,"name":"7/lvse_1_00007"},{"time":0.5333,"name":"7/lvse_1_00008"},{"time":0.6,"name":"7/lvse_1_00009"},{"time":0.6667,"name":"7/lvse_1_00010"},{"time":0.7333,"name":"7/lvse_1_00011"},{"time":0.8,"name":"7/lvse_1_00012"},{"time":0.8667,"name":"7/lvse_1_00013"},{"time":0.9333,"name":"7/lvse_1_00014"},{"time":1,"name":"7/lvse_1_00015"},{"time":1.0667,"name":"7/lvse_1_00016"},{"time":1.1333,"name":"7/lvse_1_00017"},{"time":1.2,"name":"7/lvse_1_00018"},{"time":1.2667,"name":"7/lvse_1_00019"},{"time":1.3333,"name":"7/lvse_1_00020"},{"time":1.4,"name":"7/lvse_1_00021"},{"time":1.4667,"name":"7/lvse_1_00022"},{"time":1.5333,"name":"7/lvse_1_00023"},{"time":1.6,"name":"7/lvse_1_00024"},{"time":1.6667,"name":"7/lvse_1_00025"},{"time":1.7333,"name":"7/lvse_1_00026"},{"time":1.8,"name":"7/lvse_1_00027"},{"time":1.8667,"name":"7/lvse_1_00028"},{"time":1.9333,"name":"7/lvse_1_00029"},{"time":2,"name":"7/lvse_1_00000"}]}}},"static":{"slots":{"asdasd2":{"attachment":[{"time":0,"name":"7/lvse_1_00000"}]}}}}},[0]]],0,0,[0],[-1],[0]]
