[1,["eeRVmdstdIBZUY2F6/+/cc","a42IlxlwBDXaHw7xLjHnhL@6c48a"],["node","root","data","_skeletonData"],[["cc.Node",["_name","_layer","_components","_prefab","_children","_parent"],1,9,4,2,1],["cc.Prefab",["_name"],2],["cc.UITransform",["node","__prefab","_contentSize"],3,1,4,5],["cc.CompPrefabInfo",["fileId"],2],["cc.Widget",["_enabled","_alignFlags","_originalWidth","_originalHeight","node","__prefab"],-1,1,4],["cc.BlockInputEvents",["node","__prefab"],3,1,4],["cc.PrefabInfo",["fileId","instance","targetOverrides","nestedPrefabInstanceRoots","root","asset"],-1,1,1],["sp.Skeleton",["defaultSkin","defaultAnimation","_premultipliedAlpha","_preCacheMode","loop","node","__prefab","_skeletonData"],-2,1,4,6],["sp.SkeletonData",["_name","_atlasText","textureNames","_skeletonJson","textures"],-1,3]],[[3,0,2],[2,0,1,2,1],[6,0,1,2,3,4,5,5],[1,0,2],[0,0,4,2,3,2],[0,0,1,5,2,3,3],[4,0,1,2,3,4,5,5],[5,0,1,1],[7,0,1,2,3,4,5,6,7,6],[8,0,1,2,3,4,5]],[[[[3,"flyBg"],[4,"flyBg",[-5],[[1,-2,[0,"660UBK2tdEx4c/VpdLi3Oq"],[5,1334,750]],[6,false,45,1600,800,-3,[0,"90kDD6DMBLFb4wDpHP8O7P"]],[7,-4,[0,"acw/8u74lGVIgW5YmN2EnD"]]],[2,"9fqRRAVWdFg6UXPLu7kNUy",null,null,null,-1,0]],[5,"fly",33554432,1,[[1,-6,[0,"8cEAL/znNLuZmeAjGGb6nt"],[5,1560,765.24]],[8,"default","animation",false,0,false,-7,[0,"e2RHZ873pKl7EWcCqg/Muk"],0]],[2,"77UhggEv5Knq3e8B4ZpZYM",null,null,null,1,0]]],0,[0,1,1,0,0,1,0,0,1,0,0,1,0,-1,2,0,0,2,0,0,2,0,2,1,7],[0],[3],[0]],[[[9,"skeleton","\r\nskeleton.png\r\nsize: 1024,1024\r\nformat: RGBA8888\r\nfilter: Linear,Linear\r\nrepeat: none\r\n1\r\n  rotate: true\r\n  xy: 797, 201\r\n  size: 119, 72\r\n  orig: 119, 72\r\n  offset: 0, 0\r\n  index: -1\r\n2\r\n  rotate: true\r\n  xy: 689, 2\r\n  size: 131, 134\r\n  orig: 131, 134\r\n  offset: 0, 0\r\n  index: -1\r\n3\r\n  rotate: true\r\n  xy: 689, 135\r\n  size: 185, 106\r\n  orig: 185, 106\r\n  offset: 0, 0\r\n  index: -1\r\n图层 24 拷贝 4\r\n  rotate: true\r\n  xy: 784, 473\r\n  size: 547, 222\r\n  orig: 547, 222\r\n  offset: 0, 0\r\n  index: -1\r\n图层 24 拷贝 5\r\n  rotate: false\r\n  xy: 2, 411\r\n  size: 758, 247\r\n  orig: 758, 247\r\n  offset: 0, 0\r\n  index: -1\r\n图层 24 拷贝 6\r\n  rotate: false\r\n  xy: 2, 660\r\n  size: 780, 360\r\n  orig: 780, 360\r\n  offset: 0, 0\r\n  index: -1\r\n图层 25\r\n  rotate: false\r\n  xy: 762, 322\r\n  size: 187, 149\r\n  orig: 187, 149\r\n  offset: 0, 0\r\n  index: -1\r\n女孩拷贝\r\n  rotate: false\r\n  xy: 358, 55\r\n  size: 329, 354\r\n  orig: 329, 354\r\n  offset: 0, 0\r\n  index: -1\r\n男孩拷贝\r\n  rotate: false\r\n  xy: 2, 36\r\n  size: 354, 373\r\n  orig: 354, 373\r\n  offset: 0, 0\r\n  index: -1\r\n",["skeleton.png"],{"skeleton":{"hash":"Irn7319jWJmJ2gKnxfxE+qyVmck","spine":"3.6.53","width":1560,"height":765.24,"images":"../财神/"},"bones":[{"name":"root"},{"name":"bone","parent":"root"},{"name":"bone2","parent":"bone"},{"name":"bone3","parent":"bone2"},{"name":"bone4","parent":"bone"},{"name":"bone5","parent":"bone4"},{"name":"bone6","parent":"bone"},{"name":"bone7","parent":"bone6"},{"name":"bone8","parent":"bone"},{"name":"bone9","parent":"bone8"},{"name":"bone10","parent":"bone8"},{"name":"bone11","parent":"bone8"},{"name":"bone12","parent":"bone4"},{"name":"bone13","parent":"bone4"},{"name":"bone14","parent":"bone2"},{"name":"bone15","parent":"bone8"},{"name":"bone16","parent":"bone4"},{"name":"bone17","parent":"bone2"},{"name":"bone18","parent":"bone4"},{"name":"bone19","parent":"bone2"},{"name":"bone20","parent":"bone8"},{"name":"bone21","parent":"bone4"},{"name":"bone22","parent":"bone4"},{"name":"bone23","parent":"bone2"},{"name":"bone24","parent":"bone"},{"name":"bone25","parent":"bone24","x":-9.56,"y":218.74},{"name":"bone26","parent":"bone24","x":-9.56,"y":201.95},{"name":"bone27","parent":"bone"},{"name":"bone28","parent":"bone27"},{"name":"bone29","parent":"bone27"},{"name":"bone30","parent":"bone27"},{"name":"bone31","parent":"bone27"},{"name":"bone32","parent":"bone27"},{"name":"bone33","parent":"bone27"},{"name":"bone34","parent":"bone27"},{"name":"bone35","parent":"bone27"},{"name":"bone36","parent":"bone27"},{"name":"bone37","parent":"bone"},{"name":"bone38","parent":"bone37","x":-9.56,"y":218.74},{"name":"bone39","parent":"bone37","x":-9.56,"y":201.95},{"name":"bone40","parent":"bone8"},{"name":"bone41","parent":"bone8"},{"name":"bone42","parent":"bone8"}],"slots":[{"name":"图层 24 拷贝 6","bone":"bone7","attachment":"图层 24 拷贝 6"},{"name":"图层 29","bone":"bone20","attachment":"图层 25"},{"name":"图层 24 拷贝 10","bone":"bone16","attachment":"图层 24 拷贝 5"},{"name":"图层 24 拷贝 9","bone":"bone14","attachment":"图层 24 拷贝 4"},{"name":"图层 24 拷贝 11","bone":"bone17","attachment":"图层 24 拷贝 4"},{"name":"图层 24 拷贝 13","bone":"bone19","attachment":"图层 24 拷贝 4"},{"name":"图层 26","bone":"bone10","attachment":"图层 25"},{"name":"图层 24 拷贝 5","bone":"bone5","attachment":"图层 24 拷贝 5"},{"name":"图层 27","bone":"bone11","attachment":"图层 25"},{"name":"图层 24 拷贝 8","bone":"bone13","attachment":"图层 24 拷贝 5"},{"name":"图层 24 拷贝 16","bone":"bone23","attachment":"图层 24 拷贝 4"},{"name":"图层 24 拷贝 4","bone":"bone3","attachment":"图层 24 拷贝 4"},{"name":"124","bone":"bone26","attachment":"男孩拷贝2"},{"name":"126","bone":"bone39","attachment":"女孩拷贝"},{"name":"123","bone":"bone25","attachment":"男孩拷贝","blend":"additive"},{"name":"125","bone":"bone38","attachment":"女孩拷贝2","blend":"additive"},{"name":"8","bone":"bone35","attachment":"2"},{"name":"图层 25","bone":"bone9","attachment":"图层 25"},{"name":"图层 24 拷贝 7","bone":"bone12","attachment":"图层 24 拷贝 5"},{"name":"图层 24 拷贝 15","bone":"bone22","attachment":"图层 24 拷贝 5"},{"name":"图层 24 拷贝 12","bone":"bone18","attachment":"图层 24 拷贝 5"},{"name":"图层 24 拷贝 14","bone":"bone21","attachment":"图层 24 拷贝 5"},{"name":"图层 28","bone":"bone15","attachment":"图层 25"},{"name":"图层 30","bone":"bone40","attachment":"图层 25"},{"name":"图层 31","bone":"bone41","attachment":"图层 25"},{"name":"图层 32","bone":"bone42","attachment":"图层 25"},{"name":"5","bone":"bone32","attachment":"3"},{"name":"9","bone":"bone36","attachment":"3"},{"name":"1","bone":"bone28","attachment":"1"},{"name":"2","bone":"bone29","attachment":"2"},{"name":"6","bone":"bone33","attachment":"2"},{"name":"4","bone":"bone31","attachment":"2"},{"name":"3","bone":"bone30","attachment":"3"},{"name":"7","bone":"bone34","attachment":"3"}],"skins":{"default":{"1":{"1":{"width":119,"height":72}},"2":{"2":{"width":131,"height":134}},"3":{"3":{"width":185,"height":106}},"4":{"2":{"width":131,"height":134}},"5":{"3":{"width":185,"height":106}},"6":{"2":{"width":131,"height":134}},"7":{"3":{"width":185,"height":106}},"8":{"2":{"width":131,"height":134}},"9":{"3":{"width":185,"height":106}},"123":{"男孩拷贝":{"width":354,"height":373}},"124":{"男孩拷贝2":{"path":"男孩拷贝","y":16.79,"width":354,"height":373}},"125":{"女孩拷贝2":{"path":"女孩拷贝","width":329,"height":354}},"126":{"女孩拷贝":{"y":16.79,"width":329,"height":354}},"图层 24 拷贝 10":{"图层 24 拷贝 5":{"width":758,"height":247}},"图层 24 拷贝 11":{"图层 24 拷贝 4":{"width":547,"height":222}},"图层 24 拷贝 12":{"图层 24 拷贝 5":{"width":758,"height":247}},"图层 24 拷贝 13":{"图层 24 拷贝 4":{"width":547,"height":222}},"图层 24 拷贝 14":{"图层 24 拷贝 5":{"width":758,"height":247}},"图层 24 拷贝 15":{"图层 24 拷贝 5":{"width":758,"height":247}},"图层 24 拷贝 16":{"图层 24 拷贝 4":{"width":547,"height":222}},"图层 24 拷贝 4":{"图层 24 拷贝 4":{"width":547,"height":222}},"图层 24 拷贝 5":{"图层 24 拷贝 5":{"width":758,"height":247}},"图层 24 拷贝 6":{"图层 24 拷贝 6":{"width":780,"height":360}},"图层 24 拷贝 7":{"图层 24 拷贝 5":{"width":758,"height":247}},"图层 24 拷贝 8":{"图层 24 拷贝 5":{"width":758,"height":247}},"图层 24 拷贝 9":{"图层 24 拷贝 4":{"width":547,"height":222}},"图层 25":{"图层 25":{"width":187,"height":149}},"图层 26":{"图层 25":{"width":187,"height":149}},"图层 27":{"图层 25":{"width":187,"height":149}},"图层 28":{"图层 25":{"width":187,"height":149}},"图层 29":{"图层 25":{"width":187,"height":149}},"图层 30":{"图层 25":{"width":187,"height":149}},"图层 31":{"图层 25":{"width":187,"height":149}},"图层 32":{"图层 25":{"width":187,"height":149}}}},"animations":{"animation":{"slots":{"1":{"color":[{"time":0,"color":"ffffff98"}]},"3":{"color":[{"time":0,"color":"ffffff38"}]},"4":{"color":[{"time":0,"color":"ffffffb4"}]},"5":{"color":[{"time":0,"color":"ffffff00","curve":"stepped"},{"time":1.2667,"color":"ffffff00"},{"time":2.4,"color":"ffffff83"}]},"7":{"color":[{"time":0,"color":"ffffff38"}]},"9":{"color":[{"time":0,"color":"ffffff00","curve":"stepped"},{"time":1.2667,"color":"ffffff00"},{"time":2.4,"color":"ffffff83"}]},"123":{"color":[{"time":0,"color":"ffffff00"},{"time":0.3333,"color":"ffffffa7"},{"time":0.7,"color":"ffffff00"},{"time":1.0333,"color":"ffffff2c"},{"time":1.3667,"color":"ffffff00"},{"time":1.7,"color":"ffffff5e"},{"time":2,"color":"ffffff00"},{"time":2.3333,"color":"ffffffa7"},{"time":2.7,"color":"ffffff00"},{"time":3.0333,"color":"ffffffa7"},{"time":3.3667,"color":"ffffff00"},{"time":3.7,"color":"ffffffa7"},{"time":3.9,"color":"ffffff00"}]},"124":{"color":[{"time":0,"color":"ffffffa1"}]},"125":{"color":[{"time":0,"color":"ffffff00"},{"time":0.3333,"color":"ffffffa7"},{"time":0.7,"color":"ffffff00"},{"time":1.0333,"color":"ffffff2c"},{"time":1.3667,"color":"ffffff00"},{"time":1.7,"color":"ffffff5e"},{"time":2,"color":"ffffff00"},{"time":2.3333,"color":"ffffffa7"},{"time":2.7,"color":"ffffff00"},{"time":3.0333,"color":"ffffffa7"},{"time":3.3667,"color":"ffffff00"},{"time":3.7,"color":"ffffffa7"},{"time":3.9,"color":"ffffff00"}]},"126":{"color":[{"time":0,"color":"d9d9d993"}]},"图层 25":{"color":[{"time":0,"color":"ffffffb3"}]},"图层 26":{"color":[{"time":1,"color":"ffffffff"},{"time":2.2333,"color":"ffffff00"}]},"图层 27":{"color":[{"time":0,"color":"ffffff98"}]},"图层 28":{"color":[{"time":0,"color":"ffffff8f"}]},"图层 29":{"color":[{"time":0,"color":"ffffffb3"}]},"图层 30":{"color":[{"time":0,"color":"ffffff8f","curve":"stepped"},{"time":2.2,"color":"ffffff8f"},{"time":3.4667,"color":"ffffff00"}]},"图层 31":{"color":[{"time":0,"color":"ffffff8f"},{"time":2,"color":"ffffffea"},{"time":3.1667,"color":"ffffff00"}]},"图层 32":{"color":[{"time":0,"color":"ffffff8f","curve":"stepped"},{"time":0.2,"color":"ffffff8f","curve":"stepped"},{"time":2.3333,"color":"ffffff8f"},{"time":3.0333,"color":"ffffff00"}]},"图层 24 拷贝 4":{"color":[{"time":0,"color":"ffffffc5"},{"time":0.3667,"color":"ffffffac"},{"time":1.5667,"color":"ffecec00"}]},"图层 24 拷贝 6":{"attachment":[{"time":0,"name":"图层 24 拷贝 6"}]},"图层 24 拷贝 7":{"color":[{"time":0,"color":"ffffff6f"},{"time":1.9333,"color":"ffffff92"}]},"图层 24 拷贝 8":{"color":[{"time":0.5333,"color":"ffffffff"},{"time":2.9,"color":"ffffff00"}]},"图层 24 拷贝 11":{"color":[{"time":1.9333,"color":"ffffffff"},{"time":3.1667,"color":"ffffff00"}]},"图层 24 拷贝 12":{"color":[{"time":0,"color":"ffffff7e"}]},"图层 24 拷贝 13":{"color":[{"time":2.0333,"color":"ffffffff"},{"time":2.8,"color":"ffffff00"}]},"图层 24 拷贝 14":{"color":[{"time":0,"color":"ffffff7e","curve":"stepped"},{"time":1.9333,"color":"ffffff7e"},{"time":2.8,"color":"ffffff00"}]},"图层 24 拷贝 15":{"color":[{"time":0,"color":"ffffffff"},{"time":0.8333,"color":"ffffff83"},{"time":3.1,"color":"ffffff00"}]},"图层 24 拷贝 16":{"color":[{"time":0,"color":"ffffff9e"}]}},"bones":{"bone3":{"translate":[{"time":0,"x":-1161.28,"y":121.6,"curve":"stepped"},{"time":0.3333,"x":-1161.28,"y":121.6},{"time":3.2333,"x":1303.25,"y":54.82}],"scale":[{"time":0,"x":0.42,"y":0.42,"curve":"stepped"},{"time":0.3333,"x":0.42,"y":0.42},{"time":3.2333,"x":1.509,"y":1.509}]},"bone5":{"translate":[{"time":0,"x":-1586.12,"y":-7.65,"curve":"stepped"},{"time":0.2667,"x":-1586.12,"y":-7.65},{"time":2.8333,"x":1860.2,"y":-27.07}],"scale":[{"time":0,"x":1.098,"y":1.098,"curve":"stepped"},{"time":0.2667,"x":1.098,"y":1.098},{"time":2.8333,"x":2.154,"y":2.154}]},"bone7":{"translate":[{"time":0,"x":-1772.46,"y":31.9,"curve":"stepped"},{"time":0.5,"x":-1772.46,"y":31.9},{"time":3.2,"x":1889.18,"y":-19.89}],"scale":[{"time":0,"x":1.865,"y":2.086},{"time":1.2333,"x":2.718,"y":3.038}]},"bone9":{"rotate":[{"time":0,"angle":0},{"time":3.9,"angle":34.46}],"translate":[{"time":0,"x":-1637.04,"y":-182.4},{"time":3,"x":1113.25,"y":-138.8}],"scale":[{"time":0,"x":1,"y":1},{"time":1.1333,"x":1.874,"y":1.874},{"time":3.9,"x":2.82,"y":2.82}]},"bone10":{"translate":[{"time":0,"x":-1296.92,"y":199.49,"curve":"stepped"},{"time":0.5,"x":-1296.92,"y":199.49},{"time":0.8,"x":-708.74,"y":183.09},{"time":2.1667,"x":1325.4,"y":126.37}],"scale":[{"time":0,"x":1,"y":1},{"time":2.1667,"x":1.874,"y":1.874}]},"bone11":{"translate":[{"time":0,"x":-1916.16,"y":70.58},{"time":2.6667,"x":1176.15,"y":171.33}],"scale":[{"time":0,"x":1,"y":1},{"time":2.6667,"x":1.874,"y":1.874}]},"bone12":{"translate":[{"time":0,"x":-1586.12,"y":-7.65},{"time":2.6667,"x":1363.71,"y":-72.5}],"scale":[{"time":0,"x":0.707,"y":1.709,"curve":"stepped"},{"time":1,"x":0.707,"y":1.709},{"time":2.6667,"x":1.461,"y":2.012}]},"bone13":{"translate":[{"time":0,"x":-2380.17,"y":279.81},{"time":3,"x":1684.13,"y":216.79}],"scale":[{"time":0,"x":1.562,"y":1.709,"curve":"stepped"},{"time":1,"x":1.562,"y":1.709},{"time":3,"x":2.07,"y":2.524}]},"bone14":{"translate":[{"time":0,"x":-2337.28,"y":-68.24},{"time":2.9667,"x":1267.59,"y":-54.06}],"scale":[{"time":0,"x":1.035,"y":1.035}]},"bone15":{"rotate":[{"time":0,"angle":-169.94}],"translate":[{"time":0,"x":-1986.13,"y":253.26},{"time":2.7,"x":1764.21,"y":302.23}],"scale":[{"time":0,"x":2.326,"y":2.326},{"time":2.7,"x":1.874,"y":1.874}]},"bone16":{"translate":[{"time":0,"x":-1776.97,"y":264.7,"curve":"stepped"},{"time":0.4333,"x":-1776.97,"y":264.7},{"time":2.6667,"x":1998.89,"y":222.17}],"scale":[{"time":0,"x":2.225,"y":2.225,"curve":"stepped"},{"time":0.4333,"x":2.225,"y":2.225},{"time":2.6667,"x":2.154,"y":2.154}]},"bone17":{"translate":[{"time":0,"x":-2074.84,"y":68.35},{"time":3.2333,"x":1333.69,"y":133.46}],"scale":[{"time":0,"x":1.508,"y":1.508},{"time":3.2333,"x":2.017,"y":2.017}]},"bone18":{"translate":[{"time":0,"x":-1887.53,"y":-177.86},{"time":3.0333,"x":1555.06,"y":-319.55}],"scale":[{"time":0,"x":1.474,"y":1.792},{"time":3.0333,"x":1.461,"y":2.012}]},"bone19":{"rotate":[{"time":0,"angle":3.6}],"translate":[{"time":0,"x":-1593.03,"y":-287.85},{"time":1.6667,"x":-165.57,"y":-295.97},{"time":3.8667,"x":1730.38,"y":-392.46}],"scale":[{"time":0,"x":1.508,"y":1.508},{"time":3.8667,"x":1.509,"y":1.509}]},"bone20":{"translate":[{"time":0,"x":-1637.04,"y":-182.4},{"time":3,"x":1049.41,"y":48.04}],"scale":[{"time":0,"x":1,"y":1},{"time":1.1333,"x":1.874,"y":1.874}]},"bone21":{"translate":[{"time":0,"x":-2294.66,"y":159.46},{"time":3.0333,"x":1330.52,"y":314.07}],"scale":[{"time":0,"x":1.474,"y":1.792},{"time":3.0333,"x":1.461,"y":2.012}]},"bone22":{"rotate":[{"time":0,"angle":180}],"translate":[{"time":0,"x":-1801.72,"y":25.09},{"time":3.1,"x":1363.71,"y":-72.5}],"scale":[{"time":0,"x":1.191,"y":1.332},{"time":3.1,"x":1.461,"y":2.012}]},"bone23":{"rotate":[{"time":0,"angle":-179.81}],"translate":[{"time":0,"x":-2128.35,"y":37.74},{"time":1.8333,"x":106.42,"y":150.37},{"time":2.9667,"x":1504.71,"y":184.55}],"scale":[{"time":0,"x":1.035,"y":1.035},{"time":2.9667,"x":1.509,"y":1.509}]},"bone24":{"translate":[{"time":0,"x":-1852,"y":-198.53},{"time":1.2333,"x":-422.52,"y":-295.19},{"time":2.2,"x":800.37,"y":-192.28},{"time":3.1333,"x":1341.88,"y":-277.87}],"scale":[{"time":0,"x":1.174,"y":1.174}]},"bone25":{"translate":[{"time":0,"x":187.6,"y":64.67}],"scale":[{"time":0,"x":1.1,"y":1.1,"curve":"stepped"},{"time":0.7,"x":1.1,"y":1.1},{"time":1.3,"x":1.371,"y":1.371},{"time":1.3333,"x":1.1,"y":1.1,"curve":"stepped"},{"time":1.3667,"x":1.1,"y":1.1},{"time":2,"x":1.371,"y":1.371},{"time":2.0333,"x":1.1,"y":1.1}]},"bone26":{"translate":[{"time":0,"x":187.7,"y":61.49}],"scale":[{"time":0,"x":1.1,"y":1.1}]},"bone28":{"translate":[{"time":0,"x":-1456.55,"y":50.68},{"time":1.1667,"x":-712.63,"y":111},{"time":3.1333,"x":1054.46,"y":66.32}]},"bone29":{"rotate":[{"time":0,"angle":0},{"time":3.1333,"angle":117.15}],"translate":[{"time":0,"x":-1805.67,"y":311.58},{"time":1.4667,"x":-329,"y":331.69},{"time":3.1333,"x":1813.41,"y":251.26}]},"bone30":{"translate":[{"time":0,"x":-2237.38,"y":-170.81},{"time":1.4667,"x":-555.18,"y":-166.34},{"time":3.1333,"x":1978.17,"y":-164.1}]},"bone31":{"rotate":[{"time":0,"angle":0},{"time":3.6,"angle":117.15}],"translate":[{"time":0,"x":-1439.25,"y":-167.31},{"time":1.7667,"x":151.71,"y":-156.28},{"time":3.6,"x":2210.67,"y":-254.84}],"scale":[{"time":0,"x":0.544,"y":0.544}]},"bone32":{"translate":[{"time":0,"x":-1954.49,"y":132.42},{"time":1.4667,"x":-595.36,"y":233.45},{"time":3.1333,"x":1376.48,"y":294.33}],"scale":[{"time":0,"x":1.555,"y":1.555}]},"bone33":{"rotate":[{"time":0,"angle":0},{"time":3.1333,"angle":117.15}],"translate":[{"time":0,"x":-1805.67,"y":311.58},{"time":1.4667,"x":266.39,"y":-68.27},{"time":3.1333,"x":1813.41,"y":251.26}]},"bone34":{"translate":[{"time":0,"x":-1648.43,"y":212.16},{"time":1.4667,"x":223.63,"y":152.52},{"time":3.1333,"x":1978.17,"y":-164.1}]},"bone35":{"rotate":[{"time":0,"angle":0},{"time":3.1333,"angle":117.15}],"translate":[{"time":0,"x":-2202.76,"y":38.45},{"time":1.4667,"x":-60.28,"y":-228.71},{"time":3.1333,"x":1813.41,"y":251.26}],"scale":[{"time":0,"x":0.429,"y":0.438}]},"bone36":{"translate":[{"time":0,"x":-2315.9,"y":252.12},{"time":1.4667,"x":-17.56,"y":-70.42},{"time":3.1333,"x":2172.87,"y":94.69}],"scale":[{"time":0,"x":1.555,"y":1.555}]},"bone38":{"translate":[{"time":0,"x":-0.1,"y":3.18}],"scale":[{"time":0,"x":1.1,"y":1.1,"curve":"stepped"},{"time":0.7,"x":1.1,"y":1.1},{"time":1.3,"x":1.371,"y":1.371},{"time":1.3333,"x":1.1,"y":1.1,"curve":"stepped"},{"time":1.3667,"x":1.1,"y":1.1},{"time":2,"x":1.371,"y":1.371},{"time":2.0333,"x":1.1,"y":1.1}]},"bone39":{"scale":[{"time":0,"x":1.1,"y":1.1}]},"bone37":{"translate":[{"time":0,"x":-1846.22,"y":-198.53},{"time":0.3333,"x":-1846.22,"y":-312.63},{"time":1.5333,"x":-422.52,"y":-208.95},{"time":2.2667,"x":501.69,"y":-301.55},{"time":2.9333,"x":1341.88,"y":-179.34}],"scale":[{"time":0,"x":1.101,"y":1.101}]},"bone40":{"rotate":[{"time":0,"angle":-169.94}],"translate":[{"time":0,"x":-2347.01,"y":-40.87},{"time":2.8667,"x":570.15,"y":160.31},{"time":3.5333,"x":1107.34,"y":187.4}],"scale":[{"time":0,"x":2.326,"y":2.326},{"time":2.6667,"x":1.874,"y":1.874,"curve":"stepped"},{"time":2.7,"x":1.874,"y":1.874}]},"bone41":{"rotate":[{"time":0,"angle":0.46}],"translate":[{"time":0,"x":-2347.01,"y":-240.31},{"time":2.8667,"x":699.18,"y":-86.48},{"time":3.5333,"x":1184.21,"y":-86.01}],"scale":[{"time":0,"x":-2.331,"y":1.96}]},"bone42":{"rotate":[{"time":0,"angle":-169.94}],"translate":[{"time":0,"x":-2347.01,"y":-40.87,"curve":"stepped"},{"time":0.2,"x":-2347.01,"y":-40.87},{"time":2.8667,"x":531.74,"y":16.71},{"time":3.8333,"x":1170.02,"y":16.71}],"scale":[{"time":0,"x":-1.965,"y":-1.549}]}},"drawOrder":[{"time":0,"offsets":[{"slot":"图层 24 拷贝 4","offset":1}]},{"time":0.2,"offsets":[{"slot":"图层 24 拷贝 4","offset":1}]}]}}},[0]]],0,0,[0],[-1],[1]]]]
