[1,["1383232a9@6c48a"],["_textureSource"],["cc.SpriteFrame"],0,[[[{"name":"bg_gxfc_guize_tu_1","rect":{"x":3,"y":3,"width":372,"height":190},"offset":{"x":0,"y":0},"originalSize":{"width":372,"height":190},"rotated":false,"capInsets":[0,0,0,0],"packable":true,"pixelsToUnit":100,"pivot":{"x":0.5,"y":0.5},"meshType":0}],[0],0,[0],[0],[0]],[[{"name":"bg_gxfc_guize_xian_5","rect":{"x":524,"y":218,"width":131,"height":81},"offset":{"x":0,"y":0},"originalSize":{"width":131,"height":81},"rotated":false,"capInsets":[0,0,0,0],"packable":true,"pixelsToUnit":100,"pivot":{"x":0.5,"y":0.5},"meshType":0}],[0],0,[0],[0],[0]],[[{"name":"bg_gxfc_guize_xian_2","rect":{"x":3,"y":199,"width":131,"height":81},"offset":{"x":0,"y":0},"originalSize":{"width":131,"height":81},"rotated":false,"capInsets":[0,0,0,0],"packable":true,"pixelsToUnit":100,"pivot":{"x":0.5,"y":0.5},"meshType":0}],[0],0,[0],[0],[0]],[[{"name":"dl_gxfc_jinbijia","rect":{"x":274,"y":267,"width":52,"height":52},"offset":{"x":0,"y":0},"originalSize":{"width":52,"height":52},"rotated":false,"capInsets":[0,0,0,0],"packable":true,"pixelsToUnit":100,"pivot":{"x":0.5,"y":0.5},"meshType":0}],[0],0,[0],[0],[0]],[[{"name":"icon_gxfc_tubiao_scatter","rect":{"x":381,"y":131,"width":137,"height":129},"offset":{"x":0,"y":0},"originalSize":{"width":137,"height":129},"rotated":false,"capInsets":[0,0,0,0],"packable":true,"pixelsToUnit":100,"pivot":{"x":0.5,"y":0.5},"meshType":0}],[0],0,[0],[0],[0]],[[{"name":"img_round","rect":{"x":342,"y":266,"width":55,"height":55},"offset":{"x":0,"y":0},"originalSize":{"width":55,"height":55},"rotated":false,"capInsets":[0,0,0,0],"packable":true,"pixelsToUnit":100,"pivot":{"x":0.5,"y":0.5},"meshType":0}],[0],0,[0],[0],[0]],[[{"name":"dl_gxfc_guizeanniu","rect":{"x":739,"y":281,"width":128,"height":56},"offset":{"x":0,"y":0},"originalSize":{"width":128,"height":56},"rotated":false,"capInsets":[0,0,0,0],"packable":true,"pixelsToUnit":100,"pivot":{"x":0.5,"y":0.5},"meshType":0}],[0],0,[0],[0],[0]],[[{"name":"dl_gxfc_shezhianniu","rect":{"x":140,"y":199,"width":128,"height":56},"offset":{"x":0,"y":0},"originalSize":{"width":128,"height":56},"rotated":false,"capInsets":[0,0,0,0],"packable":true,"pixelsToUnit":100,"pivot":{"x":0.5,"y":0.5},"meshType":0}],[0],0,[0],[0],[0]],[[{"name":"dl_gxfc_vipanniu","rect":{"x":140,"y":261,"width":128,"height":56},"offset":{"x":0,"y":0},"originalSize":{"width":128,"height":56},"rotated":false,"capInsets":[0,0,0,0],"packable":true,"pixelsToUnit":100,"pivot":{"x":0.5,"y":0.5},"meshType":0}],[0],0,[0],[0],[0]],[[{"name":"dl_gxfc_zhongjiangbox","rect":{"x":381,"y":3,"width":358,"height":122},"offset":{"x":0,"y":0},"originalSize":{"width":358,"height":122},"rotated":false,"capInsets":[0,0,0,0],"packable":true,"pixelsToUnit":100,"pivot":{"x":0.5,"y":0.5},"meshType":0}],[0],0,[0],[0],[0]],[[{"name":"dl_gxfc_likaianniu","rect":{"x":3,"y":286,"width":128,"height":56},"offset":{"x":0,"y":0},"originalSize":{"width":128,"height":56},"rotated":false,"capInsets":[0,0,0,0],"packable":true,"pixelsToUnit":100,"pivot":{"x":0.5,"y":0.5},"meshType":0}],[0],0,[0],[0],[0]],[[{"name":"bg_gxfc_guize_xian_4","rect":{"x":745,"y":3,"width":133,"height":81},"offset":{"x":0,"y":0},"originalSize":{"width":133,"height":81},"rotated":true,"capInsets":[0,0,0,0],"packable":true,"pixelsToUnit":100,"pivot":{"x":0.5,"y":0.5},"meshType":0}],[0],0,[0],[0],[0]],[[{"name":"bg_gxfc_guize_xian_1","rect":{"x":524,"y":131,"width":133,"height":81},"offset":{"x":0,"y":0},"originalSize":{"width":133,"height":81},"rotated":false,"capInsets":[0,0,0,0],"packable":true,"pixelsToUnit":100,"pivot":{"x":0.5,"y":0.5},"meshType":0}],[0],0,[0],[0],[0]],[[{"name":"btn_off","rect":{"x":274,"y":199,"width":62,"height":62},"offset":{"x":0,"y":0},"originalSize":{"width":62,"height":62},"rotated":false,"capInsets":[0,0,0,0],"packable":true,"pixelsToUnit":100,"pivot":{"x":0.5,"y":0.5},"meshType":0}],[0],0,[0],[0],[0]],[[{"name":"dl_gxfc_xiazhujia_0","rect":{"x":663,"y":131,"width":64,"height":72},"offset":{"x":0,"y":0},"originalSize":{"width":64,"height":72},"rotated":true,"capInsets":[0,0,0,0],"packable":true,"pixelsToUnit":100,"pivot":{"x":0.5,"y":0.5},"meshType":0}],[0],0,[0],[0],[0]],[[{"name":"dl_gxfc_kuai_1","rect":{"x":663,"y":201,"width":64,"height":72},"offset":{"x":0,"y":0},"originalSize":{"width":64,"height":72},"rotated":true,"capInsets":[0,0,0,0],"packable":true,"pixelsToUnit":100,"pivot":{"x":0.5,"y":0.5},"meshType":0}],[0],0,[0],[0],[0]],[[{"name":"bg_gxfc_guize_xian_3","rect":{"x":741,"y":142,"width":133,"height":81},"offset":{"x":0,"y":0},"originalSize":{"width":133,"height":81},"rotated":true,"capInsets":[0,0,0,0],"packable":true,"pixelsToUnit":100,"pivot":{"x":0.5,"y":0.5},"meshType":0}],[0],0,[0],[0],[0]],[[{"name":"dl_gxfc_xiazhujian_1","rect":{"x":661,"y":271,"width":64,"height":72},"offset":{"x":0,"y":0},"originalSize":{"width":64,"height":72},"rotated":true,"capInsets":[0,0,0,0],"packable":true,"pixelsToUnit":100,"pivot":{"x":0.5,"y":0.5},"meshType":0}],[0],0,[0],[0],[0]]]]
