[1,["acax9YbSlDPbcX36SDZ1Nr@f9941","acax9YbSlDPbcX36SDZ1Nr@6c48a"],["spriteFrame","_textureSource"],["cc.SpriteFrame",["cc.BitmapFont",["_name","fontSize","fntConfig"],0]],[[1,0,1,2,4]],[[[[0,"font_beli",20,{"commonHeight":19,"fontSize":20,"atlasName":"font_beli_0.png","fontDefDictionary":{"32":{"xOffset":-1,"yOffset":18,"xAdvance":5,"rect":{"x":199,"y":129,"width":3,"height":1}},"44":{"xOffset":0,"yOffset":25,"xAdvance":33,"rect":{"x":199,"y":77,"width":33,"height":42}},"46":{"xOffset":0,"yOffset":38,"xAdvance":32,"rect":{"x":233,"y":77,"width":32,"height":29}},"48":{"xOffset":0,"yOffset":0,"xAdvance":51,"rect":{"x":53,"y":0,"width":51,"height":67}},"49":{"xOffset":-2,"yOffset":0,"xAdvance":42,"rect":{"x":256,"y":0,"width":42,"height":67}},"50":{"xOffset":0,"yOffset":0,"xAdvance":49,"rect":{"x":99,"y":77,"width":49,"height":66}},"51":{"xOffset":0,"yOffset":0,"xAdvance":50,"rect":{"x":105,"y":0,"width":50,"height":67}},"52":{"xOffset":-2,"yOffset":0,"xAdvance":52,"rect":{"x":0,"y":0,"width":52,"height":67}},"53":{"xOffset":0,"yOffset":0,"xAdvance":49,"rect":{"x":149,"y":77,"width":49,"height":66}},"54":{"xOffset":0,"yOffset":0,"xAdvance":50,"rect":{"x":156,"y":0,"width":50,"height":67}},"55":{"xOffset":0,"yOffset":0,"xAdvance":47,"rect":{"x":0,"y":77,"width":47,"height":67}},"56":{"xOffset":0,"yOffset":0,"xAdvance":50,"rect":{"x":48,"y":77,"width":50,"height":66}},"57":{"xOffset":0,"yOffset":0,"xAdvance":48,"rect":{"x":207,"y":0,"width":48,"height":67}}},"kerningDict":{}}]],0,0,[0],[0],[0]],[[{"name":"font_beli_0","rect":{"x":0,"y":0,"width":298,"height":144},"offset":{"x":-1,"y":28},"originalSize":{"width":300,"height":200},"rotated":false,"capInsets":[0,0,0,0],"vertices":{"rawPosition":[-149,-72,0,149,-72,0,-149,72,0,149,72,0],"indexes":[0,1,2,2,1,3],"uv":[0,200,298,200,0,56,298,56],"nuv":[0,0.28,0.9933333333333333,0.28,0,1,0.9933333333333333,1],"minPos":{"x":-149,"y":-72,"z":0},"maxPos":{"x":149,"y":72,"z":0}},"packable":true,"pixelsToUnit":100,"pivot":{"x":0.5,"y":0.5},"meshType":0}],[0],0,[0],[1],[1]]]]
