[1,["f41e0a9f-9cc0-4165-8b0e-7c86762a0881@6c48a","b2278bb1-ef24-4024-90c7-bb6be874c657@6c48a"],0,[["sp.SkeletonData",["_name","_atlasText","textureNames","_skeletonJson","textures"],-1,3]],[[0,0,1,2,3,4,5]],[[0,"caisheng","\r\ncaisheng.png\r\nsize: 1024,1024\r\nformat: RGBA8888\r\nfilter: Linear,Linear\r\nrepeat: none\r\ntexture/s1\r\n  rotate: false\r\n  xy: 837, 8\r\n  size: 131, 131\r\n  orig: 131, 131\r\n  offset: 0, 0\r\n  index: -1\r\ntexture/s2\r\n  rotate: false\r\n  xy: 698, 2\r\n  size: 137, 137\r\n  orig: 137, 137\r\n  offset: 0, 0\r\n  index: -1\r\ntexture/s3\r\n  rotate: false\r\n  xy: 698, 141\r\n  size: 170, 170\r\n  orig: 170, 170\r\n  offset: 0, 0\r\n  index: -1\r\ntexture/s_k_00000\r\n  rotate: false\r\n  xy: 2, 777\r\n  size: 250, 230\r\n  orig: 250, 230\r\n  offset: 0, 0\r\n  index: -1\r\ntexture/s_k_00001\r\n  rotate: false\r\n  xy: 254, 777\r\n  size: 250, 230\r\n  orig: 250, 230\r\n  offset: 0, 0\r\n  index: -1\r\ntexture/s_k_00002\r\n  rotate: false\r\n  xy: 506, 777\r\n  size: 250, 230\r\n  orig: 250, 230\r\n  offset: 0, 0\r\n  index: -1\r\ntexture/s_k_00003\r\n  rotate: false\r\n  xy: 758, 777\r\n  size: 250, 230\r\n  orig: 250, 230\r\n  offset: 0, 0\r\n  index: -1\r\ntexture/s_k_00004\r\n  rotate: true\r\n  xy: 2, 525\r\n  size: 250, 230\r\n  orig: 250, 230\r\n  offset: 0, 0\r\n  index: -1\r\ntexture/s_k_00005\r\n  rotate: true\r\n  xy: 2, 273\r\n  size: 250, 230\r\n  orig: 250, 230\r\n  offset: 0, 0\r\n  index: -1\r\ntexture/s_k_00006\r\n  rotate: true\r\n  xy: 2, 21\r\n  size: 250, 230\r\n  orig: 250, 230\r\n  offset: 0, 0\r\n  index: -1\r\ntexture/s_k_00007\r\n  rotate: false\r\n  xy: 234, 545\r\n  size: 250, 230\r\n  orig: 250, 230\r\n  offset: 0, 0\r\n  index: -1\r\ntexture/s_k_00008\r\n  rotate: false\r\n  xy: 486, 545\r\n  size: 250, 230\r\n  orig: 250, 230\r\n  offset: 0, 0\r\n  index: -1\r\ntexture/s_k_00009\r\n  rotate: false\r\n  xy: 738, 545\r\n  size: 250, 230\r\n  orig: 250, 230\r\n  offset: 0, 0\r\n  index: -1\r\ntexture/s_k_00010\r\n  rotate: true\r\n  xy: 234, 293\r\n  size: 250, 230\r\n  orig: 250, 230\r\n  offset: 0, 0\r\n  index: -1\r\ntexture/s_k_00011\r\n  rotate: true\r\n  xy: 234, 41\r\n  size: 250, 230\r\n  orig: 250, 230\r\n  offset: 0, 0\r\n  index: -1\r\ntexture/s_k_00012\r\n  rotate: false\r\n  xy: 466, 313\r\n  size: 250, 230\r\n  orig: 250, 230\r\n  offset: 0, 0\r\n  index: -1\r\ntexture/s_k_00013\r\n  rotate: false\r\n  xy: 718, 313\r\n  size: 250, 230\r\n  orig: 250, 230\r\n  offset: 0, 0\r\n  index: -1\r\ntexture/s_k_00014\r\n  rotate: true\r\n  xy: 466, 61\r\n  size: 250, 230\r\n  orig: 250, 230\r\n  offset: 0, 0\r\n  index: -1\r\ntexture/scatter/a\r\n  rotate: true\r\n  xy: 870, 209\r\n  size: 102, 120\r\n  orig: 102, 120\r\n  offset: 0, 0\r\n  index: -1\r\n\r\ncaisheng2.png\r\nsize: 1024,256\r\nformat: RGBA8888\r\nfilter: Linear,Linear\r\nrepeat: none\r\ntexture/scatter/a1\r\n  rotate: false\r\n  xy: 2, 124\r\n  size: 102, 120\r\n  orig: 102, 120\r\n  offset: 0, 0\r\n  index: -1\r\ntexture/scatter/c\r\n  rotate: false\r\n  xy: 2, 2\r\n  size: 102, 120\r\n  orig: 102, 120\r\n  offset: 0, 0\r\n  index: -1\r\ntexture/scatter/c1\r\n  rotate: false\r\n  xy: 106, 124\r\n  size: 102, 120\r\n  orig: 102, 120\r\n  offset: 0, 0\r\n  index: -1\r\ntexture/scatter/e\r\n  rotate: false\r\n  xy: 106, 2\r\n  size: 102, 120\r\n  orig: 102, 120\r\n  offset: 0, 0\r\n  index: -1\r\ntexture/scatter/e1\r\n  rotate: false\r\n  xy: 210, 2\r\n  size: 102, 120\r\n  orig: 102, 120\r\n  offset: 0, 0\r\n  index: -1\r\ntexture/scatter/r\r\n  rotate: false\r\n  xy: 210, 124\r\n  size: 102, 120\r\n  orig: 102, 120\r\n  offset: 0, 0\r\n  index: -1\r\ntexture/scatter/r1\r\n  rotate: false\r\n  xy: 314, 124\r\n  size: 102, 120\r\n  orig: 102, 120\r\n  offset: 0, 0\r\n  index: -1\r\ntexture/scatter/s\r\n  rotate: false\r\n  xy: 314, 2\r\n  size: 102, 120\r\n  orig: 102, 120\r\n  offset: 0, 0\r\n  index: -1\r\ntexture/scatter/s1\r\n  rotate: false\r\n  xy: 418, 124\r\n  size: 102, 120\r\n  orig: 102, 120\r\n  offset: 0, 0\r\n  index: -1\r\ntexture/scatter/t\r\n  rotate: false\r\n  xy: 418, 2\r\n  size: 102, 120\r\n  orig: 102, 120\r\n  offset: 0, 0\r\n  index: -1\r\ntexture/scatter/t1\r\n  rotate: false\r\n  xy: 522, 124\r\n  size: 102, 120\r\n  orig: 102, 120\r\n  offset: 0, 0\r\n  index: -1\r\n",["caisheng.png","caisheng2.png"],{"skeleton":{"hash":"HsQHz2Yur3vk1JCjQHTnVhnDYRc","spine":"3.6.53","width":251.8,"height":230,"images":""},"bones":[{"name":"root"},{"name":"a","parent":"root","x":-19,"y":-49.26},{"name":"c","parent":"root","x":-41.26,"y":-49.63},{"name":"e","parent":"root","x":47.8,"y":-46.73},{"name":"r","parent":"root","x":66.76,"y":-47.3},{"name":"root2","parent":"root","x":-0.82,"y":0.85},{"name":"root5","parent":"root2","x":-2.45,"y":-2.04},{"name":"root6","parent":"root","x":-4.47,"y":-41.03},{"name":"root7","parent":"root","x":-4.47,"y":-41.03},{"name":"s","parent":"root","x":-64.75,"y":-42.64},{"name":"t","parent":"root","x":3.14,"y":-46.14},{"name":"t2","parent":"root","x":26.27,"y":-46.93},{"name":"texture/scatter/a","parent":"a","length":34.41,"rotation":89.52,"x":0.57,"y":-16.22,"color":"1bff00ff"},{"name":"texture/scatter/a5","parent":"texture/scatter/a","length":33.22,"rotation":-0.21,"x":-0.24,"y":28.31,"color":"1bff00ff"},{"name":"texture/scatter/a6","parent":"texture/scatter/a","length":31.24,"rotation":-0.21,"x":1.23,"y":-25.4,"color":"1bff00ff"},{"name":"texture/scatter/c","parent":"c","length":34.41,"rotation":89.52,"x":2.5,"y":-15.85,"color":"fa00ffff"},{"name":"texture/scatter/c2","parent":"texture/scatter/c","length":33.22,"rotation":-0.21,"x":-0.24,"y":28.31,"color":"fa00ffff"},{"name":"texture/scatter/c3","parent":"texture/scatter/c","length":31.24,"rotation":-0.21,"x":1.23,"y":-25.4,"color":"fa00ffff"},{"name":"texture/scatter/e","parent":"e","length":34.41,"rotation":89.52,"x":-0.01,"y":-17.78,"color":"76ff7aff"},{"name":"texture/scatter/e11","parent":"texture/scatter/e","length":33.22,"rotation":-0.21,"x":-0.24,"y":28.31,"color":"76ff7aff"},{"name":"texture/scatter/e12","parent":"texture/scatter/e","length":31.24,"rotation":-0.21,"x":1.23,"y":-25.4,"color":"76ff7aff"},{"name":"texture/scatter/r","parent":"r","length":34.41,"rotation":89.52,"x":4.97,"y":-17.21,"color":"ff75f1ff"},{"name":"texture/scatter/e13","parent":"texture/scatter/r","length":33.22,"rotation":-0.21,"x":-0.24,"y":28.31,"color":"ff75f1ff"},{"name":"texture/scatter/e14","parent":"texture/scatter/r","length":31.24,"rotation":-0.21,"x":1.23,"y":-25.4,"color":"ff75f1ff"},{"name":"texture/scatter/s1","parent":"s","length":60.84,"rotation":89.14,"x":1.25,"y":-23.31},{"name":"texture/scatter/s2","parent":"texture/scatter/s1","length":59.93,"rotation":0.42,"x":-0.94,"y":32.63},{"name":"texture/scatter/s3","parent":"texture/scatter/s1","length":59.93,"rotation":0.42,"y":-30.72},{"name":"texture/scatter/t","parent":"t","length":34.41,"rotation":89.52,"x":2,"y":-17.18,"color":"2800ffff"},{"name":"texture/scatter/t2","parent":"t2","length":34.41,"rotation":89.52,"x":1.72,"y":-15.78,"color":"2800ffff"},{"name":"texture/scatter/t7","parent":"texture/scatter/t","length":33.22,"rotation":-0.21,"x":-0.24,"y":28.31,"color":"2800ffff"},{"name":"texture/scatter/t8","parent":"texture/scatter/t","length":31.24,"rotation":-0.21,"x":1.23,"y":-25.4,"color":"2800ffff"},{"name":"texture/scatter/t9","parent":"texture/scatter/t2","length":33.22,"rotation":-0.21,"x":-0.24,"y":28.31,"color":"2800ffff"},{"name":"texture/scatter/t10","parent":"texture/scatter/t2","length":31.24,"rotation":-0.21,"x":1.23,"y":-25.4,"color":"2800ffff"}],"slots":[{"name":"texture/s1","bone":"root2","attachment":"texture/s1"},{"name":"root","bone":"root2","attachment":"texture/s2"},{"name":"root5","bone":"root5","attachment":"texture/s_k_00014","blend":"additive"},{"name":"root2","bone":"root6","attachment":"texture/s3"},{"name":"root3","bone":"root7","attachment":"texture/s3","blend":"additive"},{"name":"texture/scatter/s1","bone":"texture/scatter/s1","attachment":"texture/scatter/s"},{"name":"texture/scatter/s2","bone":"texture/scatter/s1","attachment":"texture/scatter/s","blend":"additive"},{"name":"texture/scatter/c","bone":"texture/scatter/c","attachment":"texture/scatter/c"},{"name":"texture/scatter/aa","bone":"texture/scatter/a","attachment":"texture/scatter/a"},{"name":"texture/scatter/tt","bone":"texture/scatter/t","attachment":"texture/scatter/t"},{"name":"texture/scatter/tt2","bone":"texture/scatter/t2","attachment":"texture/scatter/t"},{"name":"texture/scatter/ee","bone":"texture/scatter/e","attachment":"texture/scatter/e"},{"name":"texture/scatter/r0","bone":"texture/scatter/r","attachment":"texture/scatter/r"},{"name":"texture/scatter/c2","bone":"texture/scatter/c","attachment":"texture/scatter/c","blend":"additive"},{"name":"texture/scatter/a","bone":"texture/scatter/a","attachment":"texture/scatter/a1","blend":"additive"},{"name":"texture/scatter/t","bone":"texture/scatter/t","attachment":"texture/scatter/t","blend":"additive"},{"name":"texture/scatter/t2","bone":"texture/scatter/t2","attachment":"texture/scatter/t","blend":"additive"},{"name":"texture/scatter/e","bone":"texture/scatter/e","attachment":"texture/scatter/e","blend":"additive"},{"name":"texture/scatter/r","bone":"texture/scatter/r","attachment":"texture/scatter/r","blend":"additive"}],"skins":{"default":{"root":{"texture/s2":{"x":0.82,"y":-0.85,"width":137,"height":137}},"root2":{"texture/s3":{"x":4.47,"y":41.03,"width":170,"height":170}},"root3":{"texture/s3":{"type":"mesh","hull":4,"width":170,"height":170,"uvs":[1,1,0,1,0,0,1,0],"triangles":[1,2,3,1,3,0],"vertices":[89.47,-43.97,-80.53,-43.97,-80.53,126.03,89.47,126.03],"edges":[0,2,2,4,4,6,0,6]}},"root5":{"texture/s_k_00000":{"x":-0.41,"y":-2.48,"width":250,"height":230},"texture/s_k_00001":{"x":-0.41,"y":-2.48,"width":250,"height":230},"texture/s_k_00002":{"x":-0.41,"y":-2.48,"width":250,"height":230},"texture/s_k_00003":{"x":-0.41,"y":-2.48,"width":250,"height":230},"texture/s_k_00004":{"x":-0.41,"y":-2.48,"width":250,"height":230},"texture/s_k_00005":{"x":-0.41,"y":-2.48,"width":250,"height":230},"texture/s_k_00006":{"x":-0.41,"y":-2.48,"width":250,"height":230},"texture/s_k_00007":{"x":-0.41,"y":-2.48,"width":250,"height":230},"texture/s_k_00008":{"x":-0.41,"y":-2.48,"width":250,"height":230},"texture/s_k_00009":{"x":-0.41,"y":-2.48,"width":250,"height":230},"texture/s_k_00010":{"x":-0.41,"y":-2.48,"width":250,"height":230},"texture/s_k_00011":{"x":-0.41,"y":-2.48,"width":250,"height":230},"texture/s_k_00012":{"x":-0.41,"y":-2.48,"width":250,"height":230},"texture/s_k_00013":{"x":-0.41,"y":-2.48,"width":250,"height":230},"texture/s_k_00014":{"x":-0.41,"y":-2.48,"width":250,"height":230}},"texture/s1":{"texture/s1":{"x":0.82,"y":-0.85,"width":131,"height":131}},"texture/scatter/a":{"texture/scatter/a":{"type":"mesh","hull":8,"width":102,"height":120,"uvs":[1,1,0.5,1,0,1,0,0.5,0,0,0.5,0,1,0,1,0.5,0.5,0.5],"triangles":[8,5,6,8,6,7,1,8,7,1,7,0,3,5,8,2,8,1,3,4,5,2,3,8],"vertices":[2,13,-42.61,-80.24,0.00004,14,-43.26,-26.52,0.99996,2,13,-42.72,-29.23,0.5,14,-43.37,24.49,0.5,2,13,-42.83,21.77,0.99848,14,-43.48,75.49,0.00152,1,13,17.17,22.5,1,2,13,77.16,23.22,0.9999,14,76.51,76.94,0.0001,2,13,77.27,-27.78,0.5,14,76.62,25.94,0.5,2,13,77.38,-78.78,0.00011,14,76.73,-25.06,0.99989,2,13,17.38,-79.51,0,14,16.73,-25.79,1,2,13,17.27,-28.51,0.5,14,16.62,25.21,0.5],"edges":[0,2,2,4,4,6,6,8,8,10,10,12,12,14,14,0,6,16,16,14,10,16,16,2]},"texture/scatter/a1":{"type":"mesh","hull":8,"width":102,"height":120,"uvs":[1,1,0.5,1,0,1,0,0.5,0,0,0.5,0,1,0,1,0.5,0.5,0.5],"triangles":[8,5,6,8,6,7,1,8,7,1,7,0,3,5,8,2,8,1,3,4,5,2,3,8],"vertices":[2,13,-42.61,-80.24,0.00004,14,-43.26,-26.52,0.99996,2,13,-42.72,-29.23,0.5,14,-43.37,24.49,0.5,2,13,-42.83,21.77,0.99848,14,-43.48,75.49,0.00152,1,13,17.17,22.5,1,2,13,77.16,23.22,0.9999,14,76.51,76.94,0.0001,2,13,77.27,-27.78,0.5,14,76.62,25.94,0.5,2,13,77.38,-78.78,0.00011,14,76.73,-25.06,0.99989,2,13,17.38,-79.51,0,14,16.73,-25.79,1,2,13,17.27,-28.51,0.5,14,16.62,25.21,0.5],"edges":[0,2,2,4,4,6,6,8,8,10,10,12,12,14,14,0,6,16,16,14,10,16,16,2]}},"texture/scatter/aa":{"texture/scatter/a":{"type":"mesh","hull":8,"width":102,"height":120,"uvs":[1,1,0.5,1,0,1,0,0.5,0,0,0.5,0,1,0,1,0.5,0.5,0.5],"triangles":[8,5,6,8,6,7,1,8,7,1,7,0,3,5,8,2,8,1,3,4,5,2,3,8],"vertices":[2,13,-42.61,-80.24,0.00004,14,-43.26,-26.52,0.99996,2,13,-42.72,-29.23,0.5,14,-43.37,24.49,0.5,2,13,-42.83,21.77,0.99848,14,-43.48,75.49,0.00152,1,13,17.17,22.5,1,2,13,77.16,23.22,0.9999,14,76.51,76.94,0.0001,2,13,77.27,-27.78,0.5,14,76.62,25.94,0.5,2,13,77.38,-78.78,0.00011,14,76.73,-25.06,0.99989,2,13,17.38,-79.51,0,14,16.73,-25.79,1,2,13,17.27,-28.51,0.5,14,16.62,25.21,0.5],"edges":[0,2,2,4,4,6,6,8,8,10,10,12,12,14,14,0,6,16,16,14,10,16,16,2]},"texture/scatter/a1":{"type":"mesh","hull":8,"width":102,"height":120,"uvs":[1,1,0.5,1,0,1,0,0.5,0,0,0.5,0,1,0,1,0.5,0.5,0.5],"triangles":[8,5,6,8,6,7,1,8,7,1,7,0,3,5,8,2,8,1,3,4,5,2,3,8],"vertices":[2,13,-42.61,-80.24,0.00004,14,-43.26,-26.52,0.99996,2,13,-42.72,-29.23,0.5,14,-43.37,24.49,0.5,2,13,-42.83,21.77,0.99848,14,-43.48,75.49,0.00152,1,13,17.17,22.5,1,2,13,77.16,23.22,0.9999,14,76.51,76.94,0.0001,2,13,77.27,-27.78,0.5,14,76.62,25.94,0.5,2,13,77.38,-78.78,0.00011,14,76.73,-25.06,0.99989,2,13,17.38,-79.51,0,14,16.73,-25.79,1,2,13,17.27,-28.51,0.5,14,16.62,25.21,0.5],"edges":[0,2,2,4,4,6,6,8,8,10,10,12,12,14,14,0,6,16,16,14,10,16,16,2]}},"texture/scatter/c":{"texture/scatter/c":{"type":"mesh","hull":8,"width":102,"height":120,"uvs":[1,1,0.5,1,0,1,0,0.5,0,0,0.5,0,1,0,1,0.5,0.5,0.5],"triangles":[8,5,6,8,6,7,1,8,7,1,7,0,3,5,8,2,8,1,3,4,5,2,3,8],"vertices":[2,16,-42.61,-80.24,0.00004,17,-43.26,-26.52,0.99996,2,16,-42.72,-29.23,0.5,17,-43.37,24.49,0.5,2,16,-42.83,21.77,0.99848,17,-43.48,75.49,0.00152,1,16,17.17,22.5,1,2,16,77.16,23.22,0.9999,17,76.51,76.94,0.0001,2,16,77.27,-27.78,0.5,17,76.62,25.94,0.5,2,16,77.38,-78.78,0.00011,17,76.73,-25.06,0.99989,2,16,17.38,-79.51,0,17,16.73,-25.79,1,2,16,17.27,-28.51,0.5,17,16.62,25.21,0.5],"edges":[0,2,2,4,4,6,6,8,8,10,10,12,12,14,14,0,6,16,16,14,10,16,16,2]},"texture/scatter/c1":{"type":"mesh","hull":8,"width":102,"height":120,"uvs":[1,1,0.5,1,0,1,0,0.5,0,0,0.5,0,1,0,1,0.5,0.5,0.5],"triangles":[8,5,6,8,6,7,1,8,7,1,7,0,3,5,8,2,8,1,3,4,5,2,3,8],"vertices":[2,16,-42.61,-80.24,0.00004,17,-43.26,-26.52,0.99996,2,16,-42.72,-29.23,0.5,17,-43.37,24.49,0.5,2,16,-42.83,21.77,0.99848,17,-43.48,75.49,0.00152,1,16,17.17,22.5,1,2,16,77.16,23.22,0.9999,17,76.51,76.94,0.0001,2,16,77.27,-27.78,0.5,17,76.62,25.94,0.5,2,16,77.38,-78.78,0.00011,17,76.73,-25.06,0.99989,2,16,17.38,-79.51,0,17,16.73,-25.79,1,2,16,17.27,-28.51,0.5,17,16.62,25.21,0.5],"edges":[0,2,2,4,4,6,6,8,8,10,10,12,12,14,14,0,6,16,16,14,10,16,16,2]}},"texture/scatter/c2":{"texture/scatter/c":{"type":"mesh","hull":8,"width":102,"height":120,"uvs":[1,1,0.5,1,0,1,0,0.5,0,0,0.5,0,1,0,1,0.5,0.5,0.5],"triangles":[8,5,6,8,6,7,1,8,7,1,7,0,3,5,8,2,8,1,3,4,5,2,3,8],"vertices":[2,16,-42.61,-80.24,0.00004,17,-43.26,-26.52,0.99996,2,16,-42.72,-29.23,0.5,17,-43.37,24.49,0.5,2,16,-42.83,21.77,0.99848,17,-43.48,75.49,0.00152,1,16,17.17,22.5,1,2,16,77.16,23.22,0.9999,17,76.51,76.94,0.0001,2,16,77.27,-27.78,0.5,17,76.62,25.94,0.5,2,16,77.38,-78.78,0.00011,17,76.73,-25.06,0.99989,2,16,17.38,-79.51,0,17,16.73,-25.79,1,2,16,17.27,-28.51,0.5,17,16.62,25.21,0.5],"edges":[0,2,2,4,4,6,6,8,8,10,10,12,12,14,14,0,6,16,16,14,10,16,16,2]},"texture/scatter/c1":{"type":"mesh","hull":8,"width":102,"height":120,"uvs":[1,1,0.5,1,0,1,0,0.5,0,0,0.5,0,1,0,1,0.5,0.5,0.5],"triangles":[8,5,6,8,6,7,1,8,7,1,7,0,3,5,8,2,8,1,3,4,5,2,3,8],"vertices":[2,16,-42.61,-80.24,0.00004,17,-43.26,-26.52,0.99996,2,16,-42.72,-29.23,0.5,17,-43.37,24.49,0.5,2,16,-42.83,21.77,0.99848,17,-43.48,75.49,0.00152,1,16,17.17,22.5,1,2,16,77.16,23.22,0.9999,17,76.51,76.94,0.0001,2,16,77.27,-27.78,0.5,17,76.62,25.94,0.5,2,16,77.38,-78.78,0.00011,17,76.73,-25.06,0.99989,2,16,17.38,-79.51,0,17,16.73,-25.79,1,2,16,17.27,-28.51,0.5,17,16.62,25.21,0.5],"edges":[0,2,2,4,4,6,6,8,8,10,10,12,12,14,14,0,6,16,16,14,10,16,16,2]}},"texture/scatter/e":{"texture/scatter/e":{"type":"mesh","hull":8,"width":102,"height":120,"uvs":[1,1,0.5,1,0,1,0,0.5,0,0,0.5,0,1,0,1,0.5,0.5,0.5],"triangles":[8,5,6,8,6,7,1,8,7,1,7,0,3,5,8,2,8,1,3,4,5,2,3,8],"vertices":[2,19,-42.61,-80.24,0.00004,20,-43.26,-26.52,0.99996,2,19,-42.72,-29.23,0.5,20,-43.37,24.49,0.5,2,19,-42.83,21.77,0.99848,20,-43.48,75.49,0.00152,1,19,17.17,22.5,1,2,19,77.16,23.22,0.9999,20,76.51,76.94,0.0001,2,19,77.27,-27.78,0.5,20,76.62,25.94,0.5,2,19,77.38,-78.78,0.00011,20,76.73,-25.06,0.99989,2,19,17.38,-79.51,0,20,16.73,-25.79,1,2,19,17.27,-28.51,0.5,20,16.62,25.21,0.5],"edges":[0,2,2,4,4,6,6,8,8,10,10,12,12,14,14,0,6,16,16,14,10,16,16,2]},"texture/scatter/e1":{"type":"mesh","hull":8,"width":102,"height":120,"uvs":[1,1,0.5,1,0,1,0,0.5,0,0,0.5,0,1,0,1,0.5,0.5,0.5],"triangles":[8,5,6,8,6,7,1,8,7,1,7,0,3,5,8,2,8,1,3,4,5,2,3,8],"vertices":[2,19,-42.61,-80.24,0.00004,20,-43.26,-26.52,0.99996,2,19,-42.72,-29.23,0.5,20,-43.37,24.49,0.5,2,19,-42.83,21.77,0.99848,20,-43.48,75.49,0.00152,1,19,17.17,22.5,1,2,19,77.16,23.22,0.9999,20,76.51,76.94,0.0001,2,19,77.27,-27.78,0.5,20,76.62,25.94,0.5,2,19,77.38,-78.78,0.00011,20,76.73,-25.06,0.99989,2,19,17.38,-79.51,0,20,16.73,-25.79,1,2,19,17.27,-28.51,0.5,20,16.62,25.21,0.5],"edges":[0,2,2,4,4,6,6,8,8,10,10,12,12,14,14,0,6,16,16,14,10,16,16,2]}},"texture/scatter/ee":{"texture/scatter/e":{"type":"mesh","hull":8,"width":102,"height":120,"uvs":[1,1,0.5,1,0,1,0,0.5,0,0,0.5,0,1,0,1,0.5,0.5,0.5],"triangles":[8,5,6,8,6,7,1,8,7,1,7,0,3,5,8,2,8,1,3,4,5,2,3,8],"vertices":[2,19,-42.61,-80.24,0.00004,20,-43.26,-26.52,0.99996,2,19,-42.72,-29.23,0.5,20,-43.37,24.49,0.5,2,19,-42.83,21.77,0.99848,20,-43.48,75.49,0.00152,1,19,17.17,22.5,1,2,19,77.16,23.22,0.9999,20,76.51,76.94,0.0001,2,19,77.27,-27.78,0.5,20,76.62,25.94,0.5,2,19,77.38,-78.78,0.00011,20,76.73,-25.06,0.99989,2,19,17.38,-79.51,0,20,16.73,-25.79,1,2,19,17.27,-28.51,0.5,20,16.62,25.21,0.5],"edges":[0,2,2,4,4,6,6,8,8,10,10,12,12,14,14,0,6,16,16,14,10,16,16,2]},"texture/scatter/e1":{"type":"mesh","hull":8,"width":102,"height":120,"uvs":[1,1,0.5,1,0,1,0,0.5,0,0,0.5,0,1,0,1,0.5,0.5,0.5],"triangles":[8,5,6,8,6,7,1,8,7,1,7,0,3,5,8,2,8,1,3,4,5,2,3,8],"vertices":[2,19,-42.61,-80.24,0.00004,20,-43.26,-26.52,0.99996,2,19,-42.72,-29.23,0.5,20,-43.37,24.49,0.5,2,19,-42.83,21.77,0.99848,20,-43.48,75.49,0.00152,1,19,17.17,22.5,1,2,19,77.16,23.22,0.9999,20,76.51,76.94,0.0001,2,19,77.27,-27.78,0.5,20,76.62,25.94,0.5,2,19,77.38,-78.78,0.00011,20,76.73,-25.06,0.99989,2,19,17.38,-79.51,0,20,16.73,-25.79,1,2,19,17.27,-28.51,0.5,20,16.62,25.21,0.5],"edges":[0,2,2,4,4,6,6,8,8,10,10,12,12,14,14,0,6,16,16,14,10,16,16,2]}},"texture/scatter/r":{"texture/scatter/r":{"type":"mesh","hull":8,"width":102,"height":120,"uvs":[1,1,0.5,1,0,1,0,0.5,0,0,0.5,0,1,0,1,0.5,0.5,0.5],"triangles":[8,5,6,8,6,7,1,8,7,1,7,0,3,5,8,2,8,1,3,4,5,2,3,8],"vertices":[2,22,-42.61,-80.24,0.00004,23,-43.26,-26.52,0.99996,2,22,-42.72,-29.23,0.5,23,-43.37,24.49,0.5,2,22,-42.83,21.77,0.99848,23,-43.48,75.49,0.00152,1,22,17.17,22.5,1,2,22,77.16,23.22,0.9999,23,76.51,76.94,0.0001,2,22,77.27,-27.78,0.5,23,76.62,25.94,0.5,2,22,77.38,-78.78,0.00011,23,76.73,-25.06,0.99989,2,22,17.38,-79.51,0,23,16.73,-25.79,1,2,22,17.27,-28.51,0.5,23,16.62,25.21,0.5],"edges":[0,2,2,4,4,6,6,8,8,10,10,12,12,14,14,0,6,16,16,14,10,16,16,2]},"texture/scatter/r1":{"type":"mesh","hull":8,"width":102,"height":120,"uvs":[1,1,0.5,1,0,1,0,0.5,0,0,0.5,0,1,0,1,0.5,0.5,0.5],"triangles":[8,5,6,8,6,7,1,8,7,1,7,0,3,5,8,2,8,1,3,4,5,2,3,8],"vertices":[2,22,-42.61,-80.24,0.00004,23,-43.26,-26.52,0.99996,2,22,-42.72,-29.23,0.5,23,-43.37,24.49,0.5,2,22,-42.83,21.77,0.99848,23,-43.48,75.49,0.00152,1,22,17.17,22.5,1,2,22,77.16,23.22,0.9999,23,76.51,76.94,0.0001,2,22,77.27,-27.78,0.5,23,76.62,25.94,0.5,2,22,77.38,-78.78,0.00011,23,76.73,-25.06,0.99989,2,22,17.38,-79.51,0,23,16.73,-25.79,1,2,22,17.27,-28.51,0.5,23,16.62,25.21,0.5],"edges":[0,2,2,4,4,6,6,8,8,10,10,12,12,14,14,0,6,16,16,14,10,16,16,2]}},"texture/scatter/r0":{"texture/scatter/r":{"type":"mesh","hull":8,"width":102,"height":120,"uvs":[1,1,0.5,1,0,1,0,0.5,0,0,0.5,0,1,0,1,0.5,0.5,0.5],"triangles":[8,5,6,8,6,7,1,8,7,1,7,0,3,5,8,2,8,1,3,4,5,2,3,8],"vertices":[2,22,-42.61,-80.24,0.00004,23,-43.26,-26.52,0.99996,2,22,-42.72,-29.23,0.5,23,-43.37,24.49,0.5,2,22,-42.83,21.77,0.99848,23,-43.48,75.49,0.00152,1,22,17.17,22.5,1,2,22,77.16,23.22,0.9999,23,76.51,76.94,0.0001,2,22,77.27,-27.78,0.5,23,76.62,25.94,0.5,2,22,77.38,-78.78,0.00011,23,76.73,-25.06,0.99989,2,22,17.38,-79.51,0,23,16.73,-25.79,1,2,22,17.27,-28.51,0.5,23,16.62,25.21,0.5],"edges":[0,2,2,4,4,6,6,8,8,10,10,12,12,14,14,0,6,16,16,14,10,16,16,2]},"texture/scatter/r1":{"type":"mesh","hull":8,"width":102,"height":120,"uvs":[1,1,0.5,1,0,1,0,0.5,0,0,0.5,0,1,0,1,0.5,0.5,0.5],"triangles":[8,5,6,8,6,7,1,8,7,1,7,0,3,5,8,2,8,1,3,4,5,2,3,8],"vertices":[2,22,-42.61,-80.24,0.00004,23,-43.26,-26.52,0.99996,2,22,-42.72,-29.23,0.5,23,-43.37,24.49,0.5,2,22,-42.83,21.77,0.99848,23,-43.48,75.49,0.00152,1,22,17.17,22.5,1,2,22,77.16,23.22,0.9999,23,76.51,76.94,0.0001,2,22,77.27,-27.78,0.5,23,76.62,25.94,0.5,2,22,77.38,-78.78,0.00011,23,76.73,-25.06,0.99989,2,22,17.38,-79.51,0,23,16.73,-25.79,1,2,22,17.27,-28.51,0.5,23,16.62,25.21,0.5],"edges":[0,2,2,4,4,6,6,8,8,10,10,12,12,14,14,0,6,16,16,14,10,16,16,2]}},"texture/scatter/s1":{"texture/scatter/s":{"type":"mesh","hull":8,"width":102,"height":120,"uvs":[1,1,0.5,1,0,1,0,0.5,0,0,0.5,0,1,0,1,0.5,0.5,0.5],"triangles":[8,5,6,8,6,7,1,8,7,1,7,0,3,5,8,2,8,1,3,4,5,2,3,8],"vertices":[2,25,-33.48,-84.4,0.00326,26,-33.96,-21.04,0.99674,2,25,-33.87,-33.4,0.504,26,-34.35,29.95,0.496,2,25,-34.26,17.6,0.99724,26,-34.74,80.95,0.00276,1,25,25.74,18.05,1,2,25,85.74,18.51,0.99981,26,85.26,81.86,0.00019,2,25,86.13,-32.49,0.504,26,85.65,30.86,0.496,1,26,86.03,-20.13,1,1,26,26.03,-20.59,1,2,25,26.13,-32.95,0.504,26,25.65,30.41,0.496],"edges":[0,2,2,4,4,6,6,8,8,10,10,12,12,14,14,0,6,16,16,14,10,16,16,2]},"texture/scatter/s1":{"type":"mesh","hull":8,"width":102,"height":120,"uvs":[1,1,0.5,1,0,1,0,0.5,0,0,0.5,0,1,0,1,0.5,0.5,0.5],"triangles":[8,5,6,8,6,7,1,8,7,1,7,0,3,5,8,2,8,1,3,4,5,2,3,8],"vertices":[2,25,-33.48,-84.4,0.00326,26,-33.96,-21.04,0.99674,2,25,-33.87,-33.4,0.504,26,-34.35,29.95,0.496,2,25,-34.26,17.6,0.99724,26,-34.74,80.95,0.00276,1,25,25.74,18.05,1,2,25,85.74,18.51,0.99981,26,85.26,81.86,0.00019,2,25,86.13,-32.49,0.504,26,85.65,30.86,0.496,1,26,86.03,-20.13,1,1,26,26.03,-20.59,1,2,25,26.13,-32.95,0.504,26,25.65,30.41,0.496],"edges":[0,2,2,4,4,6,6,8,8,10,10,12,12,14,14,0,6,16,16,14,10,16,16,2]}},"texture/scatter/s2":{"texture/scatter/s":{"type":"mesh","hull":8,"width":102,"height":120,"uvs":[1,1,0.5,1,0,1,0,0.5,0,0,0.5,0,1,0,1,0.5,0.5,0.5],"triangles":[8,5,6,8,6,7,1,8,7,1,7,0,3,5,8,2,8,1,3,4,5,2,3,8],"vertices":[2,25,-33.48,-84.4,0.00326,26,-33.96,-21.04,0.99674,2,25,-33.87,-33.4,0.504,26,-34.35,29.95,0.496,2,25,-34.26,17.6,0.99724,26,-34.74,80.95,0.00276,1,25,25.74,18.05,1,2,25,85.74,18.51,0.99981,26,85.26,81.86,0.00019,2,25,86.13,-32.49,0.504,26,85.65,30.86,0.496,1,26,86.03,-20.13,1,1,26,26.03,-20.59,1,2,25,26.13,-32.95,0.504,26,25.65,30.41,0.496],"edges":[0,2,2,4,4,6,6,8,8,10,10,12,12,14,14,0,6,16,16,14,10,16,16,2]},"texture/scatter/s1":{"type":"mesh","hull":8,"width":102,"height":120,"uvs":[1,1,0.5,1,0,1,0,0.5,0,0,0.5,0,1,0,1,0.5,0.5,0.5],"triangles":[8,5,6,8,6,7,1,8,7,1,7,0,3,5,8,2,8,1,3,4,5,2,3,8],"vertices":[2,25,-33.48,-84.4,0.00326,26,-33.96,-21.04,0.99674,2,25,-33.87,-33.4,0.504,26,-34.35,29.95,0.496,2,25,-34.26,17.6,0.99724,26,-34.74,80.95,0.00276,1,25,25.74,18.05,1,2,25,85.74,18.51,0.99981,26,85.26,81.86,0.00019,2,25,86.13,-32.49,0.504,26,85.65,30.86,0.496,1,26,86.03,-20.13,1,1,26,26.03,-20.59,1,2,25,26.13,-32.95,0.504,26,25.65,30.41,0.496],"edges":[0,2,2,4,4,6,6,8,8,10,10,12,12,14,14,0,6,16,16,14,10,16,16,2]}},"texture/scatter/t":{"texture/scatter/t":{"type":"mesh","hull":8,"width":102,"height":120,"uvs":[1,1,0.5,1,0,1,0,0.5,0,0,0.5,0,1,0,1,0.5,0.5,0.5],"triangles":[8,5,6,8,6,7,1,8,7,1,7,0,3,5,8,2,8,1,3,4,5,2,3,8],"vertices":[2,29,-42.61,-80.24,0.00004,30,-43.26,-26.52,0.99996,2,29,-42.72,-29.23,0.5,30,-43.37,24.49,0.5,2,29,-42.83,21.77,0.99848,30,-43.48,75.49,0.00152,1,29,17.17,22.5,1,2,29,77.16,23.22,0.9999,30,76.51,76.94,0.0001,2,29,77.27,-27.78,0.5,30,76.62,25.94,0.5,2,29,77.38,-78.78,0.00011,30,76.73,-25.06,0.99989,2,29,17.38,-79.51,0,30,16.73,-25.79,1,2,29,17.27,-28.51,0.5,30,16.62,25.21,0.5],"edges":[0,2,2,4,4,6,6,8,8,10,10,12,12,14,14,0,6,16,16,14,10,16,16,2]},"texture/scatter/t1":{"type":"mesh","hull":8,"width":102,"height":120,"uvs":[1,1,0.5,1,0,1,0,0.5,0,0,0.5,0,1,0,1,0.5,0.5,0.5],"triangles":[8,5,6,8,6,7,1,8,7,1,7,0,3,5,8,2,8,1,3,4,5,2,3,8],"vertices":[2,29,-42.61,-80.24,0.00004,30,-43.26,-26.52,0.99996,2,29,-42.72,-29.23,0.5,30,-43.37,24.49,0.5,2,29,-42.83,21.77,0.99848,30,-43.48,75.49,0.00152,1,29,17.17,22.5,1,2,29,77.16,23.22,0.9999,30,76.51,76.94,0.0001,2,29,77.27,-27.78,0.5,30,76.62,25.94,0.5,2,29,77.38,-78.78,0.00011,30,76.73,-25.06,0.99989,2,29,17.38,-79.51,0,30,16.73,-25.79,1,2,29,17.27,-28.51,0.5,30,16.62,25.21,0.5],"edges":[0,2,2,4,4,6,6,8,8,10,10,12,12,14,14,0,6,16,16,14,10,16,16,2]}},"texture/scatter/t2":{"texture/scatter/t":{"type":"mesh","hull":8,"width":102,"height":120,"uvs":[1,1,0.5,1,0,1,0,0.5,0,0,0.5,0,1,0,1,0.5,0.5,0.5],"triangles":[8,5,6,8,6,7,1,8,7,1,7,0,3,5,8,2,8,1,3,4,5,2,3,8],"vertices":[2,31,-42.61,-80.24,0.00004,32,-43.26,-26.52,0.99996,2,31,-42.72,-29.23,0.5,32,-43.37,24.49,0.5,2,31,-42.83,21.77,0.99848,32,-43.48,75.49,0.00152,1,31,17.17,22.5,1,2,31,77.16,23.22,0.9999,32,76.51,76.94,0.0001,2,31,77.27,-27.78,0.5,32,76.62,25.94,0.5,2,31,77.38,-78.78,0.00011,32,76.73,-25.06,0.99989,2,31,17.38,-79.51,0,32,16.73,-25.79,1,2,31,17.27,-28.51,0.5,32,16.62,25.21,0.5],"edges":[0,2,2,4,4,6,6,8,8,10,10,12,12,14,14,0,6,16,16,14,10,16,16,2]},"texture/scatter/t1":{"type":"mesh","hull":8,"width":102,"height":120,"uvs":[1,1,0.5,1,0,1,0,0.5,0,0,0.5,0,1,0,1,0.5,0.5,0.5],"triangles":[8,5,6,8,6,7,1,8,7,1,7,0,3,5,8,2,8,1,3,4,5,2,3,8],"vertices":[2,31,-42.61,-80.24,0.00004,32,-43.26,-26.52,0.99996,2,31,-42.72,-29.23,0.5,32,-43.37,24.49,0.5,2,31,-42.83,21.77,0.99848,32,-43.48,75.49,0.00152,1,31,17.17,22.5,1,2,31,77.16,23.22,0.9999,32,76.51,76.94,0.0001,2,31,77.27,-27.78,0.5,32,76.62,25.94,0.5,2,31,77.38,-78.78,0.00011,32,76.73,-25.06,0.99989,2,31,17.38,-79.51,0,32,16.73,-25.79,1,2,31,17.27,-28.51,0.5,32,16.62,25.21,0.5],"edges":[0,2,2,4,4,6,6,8,8,10,10,12,12,14,14,0,6,16,16,14,10,16,16,2]}},"texture/scatter/tt":{"texture/scatter/t":{"type":"mesh","hull":8,"width":102,"height":120,"uvs":[1,1,0.5,1,0,1,0,0.5,0,0,0.5,0,1,0,1,0.5,0.5,0.5],"triangles":[8,5,6,8,6,7,1,8,7,1,7,0,3,5,8,2,8,1,3,4,5,2,3,8],"vertices":[2,29,-42.61,-80.24,0.00004,30,-43.26,-26.52,0.99996,2,29,-42.72,-29.23,0.5,30,-43.37,24.49,0.5,2,29,-42.83,21.77,0.99848,30,-43.48,75.49,0.00152,1,29,17.17,22.5,1,2,29,77.16,23.22,0.9999,30,76.51,76.94,0.0001,2,29,77.27,-27.78,0.5,30,76.62,25.94,0.5,2,29,77.38,-78.78,0.00011,30,76.73,-25.06,0.99989,2,29,17.38,-79.51,0,30,16.73,-25.79,1,2,29,17.27,-28.51,0.5,30,16.62,25.21,0.5],"edges":[0,2,2,4,4,6,6,8,8,10,10,12,12,14,14,0,6,16,16,14,10,16,16,2]},"texture/scatter/t1":{"type":"mesh","hull":8,"width":102,"height":120,"uvs":[1,1,0.5,1,0,1,0,0.5,0,0,0.5,0,1,0,1,0.5,0.5,0.5],"triangles":[8,5,6,8,6,7,1,8,7,1,7,0,3,5,8,2,8,1,3,4,5,2,3,8],"vertices":[2,29,-42.61,-80.24,0.00004,30,-43.26,-26.52,0.99996,2,29,-42.72,-29.23,0.5,30,-43.37,24.49,0.5,2,29,-42.83,21.77,0.99848,30,-43.48,75.49,0.00152,1,29,17.17,22.5,1,2,29,77.16,23.22,0.9999,30,76.51,76.94,0.0001,2,29,77.27,-27.78,0.5,30,76.62,25.94,0.5,2,29,77.38,-78.78,0.00011,30,76.73,-25.06,0.99989,2,29,17.38,-79.51,0,30,16.73,-25.79,1,2,29,17.27,-28.51,0.5,30,16.62,25.21,0.5],"edges":[0,2,2,4,4,6,6,8,8,10,10,12,12,14,14,0,6,16,16,14,10,16,16,2]}},"texture/scatter/tt2":{"texture/scatter/t":{"type":"mesh","hull":8,"width":102,"height":120,"uvs":[1,1,0.5,1,0,1,0,0.5,0,0,0.5,0,1,0,1,0.5,0.5,0.5],"triangles":[8,5,6,8,6,7,1,8,7,1,7,0,3,5,8,2,8,1,3,4,5,2,3,8],"vertices":[2,31,-42.61,-80.24,0.00004,32,-43.26,-26.52,0.99996,2,31,-42.72,-29.23,0.5,32,-43.37,24.49,0.5,2,31,-42.83,21.77,0.99848,32,-43.48,75.49,0.00152,1,31,17.17,22.5,1,2,31,77.16,23.22,0.9999,32,76.51,76.94,0.0001,2,31,77.27,-27.78,0.5,32,76.62,25.94,0.5,2,31,77.38,-78.78,0.00011,32,76.73,-25.06,0.99989,2,31,17.38,-79.51,0,32,16.73,-25.79,1,2,31,17.27,-28.51,0.5,32,16.62,25.21,0.5],"edges":[0,2,2,4,4,6,6,8,8,10,10,12,12,14,14,0,6,16,16,14,10,16,16,2]},"texture/scatter/t1":{"type":"mesh","hull":8,"width":102,"height":120,"uvs":[1,1,0.5,1,0,1,0,0.5,0,0,0.5,0,1,0,1,0.5,0.5,0.5],"triangles":[8,5,6,8,6,7,1,8,7,1,7,0,3,5,8,2,8,1,3,4,5,2,3,8],"vertices":[2,31,-42.61,-80.24,0.00004,32,-43.26,-26.52,0.99996,2,31,-42.72,-29.23,0.5,32,-43.37,24.49,0.5,2,31,-42.83,21.77,0.99848,32,-43.48,75.49,0.00152,1,31,17.17,22.5,1,2,31,77.16,23.22,0.9999,32,76.51,76.94,0.0001,2,31,77.27,-27.78,0.5,32,76.62,25.94,0.5,2,31,77.38,-78.78,0.00011,32,76.73,-25.06,0.99989,2,31,17.38,-79.51,0,32,16.73,-25.79,1,2,31,17.27,-28.51,0.5,32,16.62,25.21,0.5],"edges":[0,2,2,4,4,6,6,8,8,10,10,12,12,14,14,0,6,16,16,14,10,16,16,2]}}}},"animations":{"dynamic":{"slots":{"root3":{"color":[{"time":0,"color":"ffffff00","curve":[0.25,0,0.75,1]},{"time":0.6667,"color":"ffffff93","curve":[0.25,0,0.75,1]},{"time":1.4,"color":"ffffff00","curve":[0.25,0,0.75,1]},{"time":2.0667,"color":"ffffff93","curve":[0.25,0,0.75,1]},{"time":2.8,"color":"ffffff00"}]},"root5":{"color":[{"time":0,"color":"ffffff00","curve":[0.25,0,0.75,1]},{"time":0.3333,"color":"ffffffff","curve":"stepped"},{"time":2.5,"color":"ffffffff","curve":[0.25,0,0.75,1]},{"time":2.8,"color":"ffffff00"}],"attachment":[{"time":0,"name":"texture/s_k_00000"},{"time":0.1,"name":"texture/s_k_00001"},{"time":0.2,"name":"texture/s_k_00002"},{"time":0.3,"name":"texture/s_k_00003"},{"time":0.4,"name":"texture/s_k_00004"},{"time":0.5,"name":"texture/s_k_00005"},{"time":0.6,"name":"texture/s_k_00006"},{"time":0.7,"name":"texture/s_k_00007"},{"time":0.8,"name":"texture/s_k_00008"},{"time":0.9,"name":"texture/s_k_00009"},{"time":1,"name":"texture/s_k_00010"},{"time":1.1,"name":"texture/s_k_00011"},{"time":1.2,"name":"texture/s_k_00012"},{"time":1.3,"name":"texture/s_k_00013"},{"time":1.4,"name":"texture/s_k_00000"},{"time":1.5,"name":"texture/s_k_00001"},{"time":1.6,"name":"texture/s_k_00002"},{"time":1.7,"name":"texture/s_k_00003"},{"time":1.8,"name":"texture/s_k_00004"},{"time":1.9,"name":"texture/s_k_00005"},{"time":2,"name":"texture/s_k_00006"},{"time":2.1,"name":"texture/s_k_00007"},{"time":2.2,"name":"texture/s_k_00008"},{"time":2.3,"name":"texture/s_k_00009"},{"time":2.4,"name":"texture/s_k_00010"},{"time":2.5,"name":"texture/s_k_00011"},{"time":2.6,"name":"texture/s_k_00012"},{"time":2.7,"name":"texture/s_k_00013"},{"time":2.8,"name":"texture/s_k_00000"}]},"texture/scatter/a":{"color":[{"time":0,"color":"ffffff00","curve":"stepped"},{"time":0.3333,"color":"ffffff00","curve":[0.25,0,0.75,1]},{"time":0.5,"color":"ffffffff","curve":[0.25,0,0.75,1]},{"time":0.6667,"color":"ffffff00","curve":[0.25,0,0.75,1]},{"time":0.8333,"color":"ffffffff","curve":[0.25,0,0.75,1]},{"time":1,"color":"ffffff00"}],"attachment":[{"time":0.5,"name":"texture/scatter/a1"},{"time":0.8333,"name":"texture/scatter/a"}]},"texture/scatter/aa":{"attachment":[{"time":0.5,"name":"texture/scatter/a1"},{"time":0.8333,"name":"texture/scatter/a"}]},"texture/scatter/c":{"attachment":[{"time":0.3333,"name":"texture/scatter/c1"},{"time":0.7,"name":"texture/scatter/c"}]},"texture/scatter/c2":{"color":[{"time":0,"color":"ffffff00","curve":"stepped"},{"time":0.1667,"color":"ffffff00","curve":[0.25,0,0.75,1]},{"time":0.3333,"color":"ffffffff","curve":[0.25,0,0.75,1]},{"time":0.5,"color":"ffffff00","curve":[0.25,0,0.75,1]},{"time":0.7,"color":"ffffffff","curve":[0.25,0,0.75,1]},{"time":0.8333,"color":"ffffff00"}],"attachment":[{"time":0.3333,"name":"texture/scatter/c1"},{"time":0.7,"name":"texture/scatter/c"}]},"texture/scatter/e":{"color":[{"time":0,"color":"ffffff00","curve":"stepped"},{"time":0.8333,"color":"ffffff00","curve":[0.25,0,0.75,1]},{"time":1.0333,"color":"ffffffff","curve":[0.25,0,0.75,1]},{"time":1.1667,"color":"ffffff00","curve":[0.25,0,0.75,1]},{"time":1.3333,"color":"ffffffff","curve":[0.25,0,0.75,1]},{"time":1.5,"color":"ffffff00"}],"attachment":[{"time":1.0333,"name":"texture/scatter/e1"},{"time":1.3333,"name":"texture/scatter/e"}]},"texture/scatter/ee":{"attachment":[{"time":1.0333,"name":"texture/scatter/e"},{"time":1.3333,"name":"texture/scatter/e"}]},"texture/scatter/r":{"color":[{"time":0,"color":"ffffff00","curve":"stepped"},{"time":1,"color":"ffffff00","curve":[0.25,0,0.75,1]},{"time":1.1667,"color":"ffffffff","curve":[0.25,0,0.75,1]},{"time":1.3333,"color":"ffffff00","curve":[0.25,0,0.75,1]},{"time":1.5333,"color":"ffffffff","curve":[0.25,0,0.75,1]},{"time":1.6667,"color":"ffffff00"}],"attachment":[{"time":1.1667,"name":"texture/scatter/r1"},{"time":1.5333,"name":"texture/scatter/r"}]},"texture/scatter/r0":{"attachment":[{"time":1.1667,"name":"texture/scatter/r"},{"time":1.5333,"name":"texture/scatter/r"}]},"texture/scatter/s1":{"attachment":[{"time":0.1333,"name":"texture/scatter/s1"},{"time":0.4,"name":"texture/scatter/s"}]},"texture/scatter/s2":{"color":[{"time":0,"color":"ffffff00","curve":[0.25,0,0.75,1]},{"time":0.1333,"color":"ffffffff","curve":[0.25,0,0.75,1]},{"time":0.2667,"color":"ffffff00","curve":[0.25,0,0.75,1]},{"time":0.4,"color":"ffffffff","curve":[0.25,0,0.75,1]},{"time":0.5,"color":"ffffff00"}],"attachment":[{"time":0.1333,"name":"texture/scatter/s1"},{"time":0.4,"name":"texture/scatter/s"}]},"texture/scatter/t":{"color":[{"time":0,"color":"ffffff00","curve":"stepped"},{"time":0.5,"color":"ffffff00","curve":[0.25,0,0.75,1]},{"time":0.6667,"color":"ffffffff","curve":[0.25,0,0.75,1]},{"time":0.8333,"color":"ffffff00","curve":[0.25,0,0.75,1]},{"time":1.0333,"color":"ffffffff","curve":[0.25,0,0.75,1]},{"time":1.1667,"color":"ffffff00"}],"attachment":[{"time":0.6667,"name":"texture/scatter/t1"},{"time":1.0333,"name":"texture/scatter/t"}]},"texture/scatter/t2":{"color":[{"time":0,"color":"ffffff00","curve":"stepped"},{"time":0.6667,"color":"ffffff00","curve":[0.25,0,0.75,1]},{"time":0.8333,"color":"ffffffff","curve":[0.25,0,0.75,1]},{"time":1,"color":"ffffff00","curve":[0.25,0,0.75,1]},{"time":1.1667,"color":"ffffffff","curve":[0.25,0,0.75,1]},{"time":1.3333,"color":"ffffff00"}],"attachment":[{"time":0.8333,"name":"texture/scatter/t1"},{"time":1.1667,"name":"texture/scatter/t"}]},"texture/scatter/tt":{"attachment":[{"time":0.6667,"name":"texture/scatter/t"},{"time":1.0333,"name":"texture/scatter/t"}]},"texture/scatter/tt2":{"attachment":[{"time":0.8333,"name":"texture/scatter/t"},{"time":1.1667,"name":"texture/scatter/t"}]}},"bones":{"root7":{"scale":[{"time":0,"x":1,"y":1,"curve":[0.25,0,0.75,1]},{"time":1.3667,"x":1.218,"y":1.218,"curve":[0.25,0,0.75,1]},{"time":1.4,"x":1,"y":1,"curve":[0.25,0,0.75,1]},{"time":2.7667,"x":1.218,"y":1.218,"curve":[0.25,0,0.75,1]},{"time":2.8,"x":1,"y":1}]},"root6":{"scale":[{"time":0,"x":1,"y":1,"curve":[0.25,0,0.75,1]},{"time":0.6667,"x":1.218,"y":1.218,"curve":[0.25,0,0.75,1]},{"time":1.4,"x":1,"y":1,"curve":[0.25,0,0.75,1]},{"time":2.0667,"x":1.218,"y":1.218,"curve":[0.25,0,0.75,1]},{"time":2.8,"x":1,"y":1}]},"texture/scatter/s1":{"scale":[{"time":0,"x":1,"y":1,"curve":[0.25,0,0.75,1]},{"time":0.1333,"x":1,"y":0,"curve":[0.25,0,0.75,1]},{"time":0.2667,"x":1,"y":-1,"curve":[0.25,0,0.75,1]},{"time":0.4,"x":1,"y":0,"curve":[0.25,0,0.75,1]},{"time":0.5,"x":1,"y":1}]},"texture/scatter/s3":{"scale":[{"time":0,"x":1,"y":1,"curve":[0.25,0,0.75,1]},{"time":0.1333,"x":1.346,"y":1,"curve":[0.25,0,0.75,1]},{"time":0.2667,"x":1,"y":1,"curve":[0.25,0,0.75,1]},{"time":0.4,"x":0.714,"y":1,"curve":[0.25,0,0.75,1]},{"time":0.5,"x":1,"y":1}]},"texture/scatter/s2":{"scale":[{"time":0,"x":1,"y":1,"curve":[0.25,0,0.75,1]},{"time":0.1333,"x":0.365,"y":1,"curve":[0.25,0,0.75,1]},{"time":0.2667,"x":1,"y":1,"curve":[0.25,0,0.75,1]},{"time":0.4,"x":1.287,"y":1,"curve":[0.25,0,0.75,1]},{"time":0.5,"x":1,"y":1}]},"texture/scatter/c":{"scale":[{"time":0,"x":1,"y":1,"curve":"stepped"},{"time":0.1667,"x":1,"y":1,"curve":[0.25,0,0.75,1]},{"time":0.3333,"x":1,"y":0,"curve":[0.25,0,0.75,1]},{"time":0.5,"x":1,"y":-1,"curve":[0.25,0,0.75,1]},{"time":0.7,"x":1,"y":0,"curve":[0.25,0,0.75,1]},{"time":0.8333,"x":1,"y":1}]},"texture/scatter/c3":{"scale":[{"time":0,"x":1,"y":1,"curve":"stepped"},{"time":0.1667,"x":1,"y":1,"curve":[0.25,0,0.75,1]},{"time":0.3333,"x":1.396,"y":1,"curve":[0.25,0,0.75,1]},{"time":0.5,"x":1,"y":1,"curve":[0.25,0,0.75,1]},{"time":0.7,"x":0.6,"y":1,"curve":[0.25,0,0.75,1]},{"time":0.8333,"x":1,"y":1}]},"texture/scatter/c2":{"scale":[{"time":0,"x":1,"y":1,"curve":"stepped"},{"time":0.1667,"x":1,"y":1,"curve":[0.25,0,0.75,1]},{"time":0.3333,"x":0.6,"y":1,"curve":[0.25,0,0.75,1]},{"time":0.5,"x":1,"y":1,"curve":[0.25,0,0.75,1]},{"time":0.7,"x":1.54,"y":1,"curve":[0.25,0,0.75,1]},{"time":0.8333,"x":1,"y":1}]},"texture/scatter/a":{"scale":[{"time":0,"x":1,"y":1,"curve":"stepped"},{"time":0.3333,"x":1,"y":1,"curve":[0.25,0,0.75,1]},{"time":0.5,"x":1,"y":0,"curve":[0.25,0,0.75,1]},{"time":0.6667,"x":1,"y":-1,"curve":[0.25,0,0.75,1]},{"time":0.8333,"x":1,"y":0,"curve":[0.25,0,0.75,1]},{"time":1,"x":1,"y":1}]},"texture/scatter/a5":{"scale":[{"time":0,"x":1,"y":1,"curve":"stepped"},{"time":0.3333,"x":1,"y":1,"curve":[0.25,0,0.75,1]},{"time":0.5,"x":0.6,"y":1,"curve":[0.25,0,0.75,1]},{"time":0.6667,"x":1,"y":1,"curve":[0.25,0,0.75,1]},{"time":0.8333,"x":1.54,"y":1,"curve":[0.25,0,0.75,1]},{"time":1,"x":1,"y":1}]},"texture/scatter/a6":{"scale":[{"time":0,"x":1,"y":1,"curve":"stepped"},{"time":0.3333,"x":1,"y":1,"curve":[0.25,0,0.75,1]},{"time":0.5,"x":1.396,"y":1,"curve":[0.25,0,0.75,1]},{"time":0.6667,"x":1,"y":1,"curve":[0.25,0,0.75,1]},{"time":0.8333,"x":0.6,"y":1,"curve":[0.25,0,0.75,1]},{"time":1,"x":1,"y":1}]},"texture/scatter/t":{"scale":[{"time":0,"x":1,"y":1,"curve":"stepped"},{"time":0.5,"x":1,"y":1,"curve":[0.25,0,0.75,1]},{"time":0.6667,"x":1,"y":0,"curve":[0.25,0,0.75,1]},{"time":0.8333,"x":1,"y":-1,"curve":[0.25,0,0.75,1]},{"time":1.0333,"x":1,"y":0,"curve":[0.25,0,0.75,1]},{"time":1.1667,"x":1,"y":1}]},"texture/scatter/t7":{"scale":[{"time":0,"x":1,"y":1,"curve":"stepped"},{"time":0.5,"x":1,"y":1,"curve":[0.25,0,0.75,1]},{"time":0.6667,"x":0.6,"y":1,"curve":[0.25,0,0.75,1]},{"time":0.8333,"x":1,"y":1,"curve":[0.25,0,0.75,1]},{"time":1.0333,"x":1.54,"y":1,"curve":[0.25,0,0.75,1]},{"time":1.1667,"x":1,"y":1}]},"texture/scatter/t8":{"scale":[{"time":0,"x":1,"y":1,"curve":"stepped"},{"time":0.5,"x":1,"y":1,"curve":[0.25,0,0.75,1]},{"time":0.6667,"x":1.396,"y":1,"curve":[0.25,0,0.75,1]},{"time":0.8333,"x":1,"y":1,"curve":[0.25,0,0.75,1]},{"time":1.0333,"x":0.6,"y":1,"curve":[0.25,0,0.75,1]},{"time":1.1667,"x":1,"y":1}]},"texture/scatter/t2":{"scale":[{"time":0,"x":1,"y":1,"curve":"stepped"},{"time":0.6667,"x":1,"y":1,"curve":[0.25,0,0.75,1]},{"time":0.8333,"x":1,"y":0,"curve":[0.25,0,0.75,1]},{"time":1,"x":1,"y":-1,"curve":[0.25,0,0.75,1]},{"time":1.1667,"x":1,"y":0,"curve":[0.25,0,0.75,1]},{"time":1.3333,"x":1,"y":1}]},"texture/scatter/t9":{"scale":[{"time":0,"x":1,"y":1,"curve":"stepped"},{"time":0.6667,"x":1,"y":1,"curve":[0.25,0,0.75,1]},{"time":0.8333,"x":0.6,"y":1,"curve":[0.25,0,0.75,1]},{"time":1,"x":1,"y":1,"curve":[0.25,0,0.75,1]},{"time":1.1667,"x":1.54,"y":1,"curve":[0.25,0,0.75,1]},{"time":1.3333,"x":1,"y":1}]},"texture/scatter/t10":{"scale":[{"time":0,"x":1,"y":1,"curve":"stepped"},{"time":0.6667,"x":1,"y":1,"curve":[0.25,0,0.75,1]},{"time":0.8333,"x":1.396,"y":1,"curve":[0.25,0,0.75,1]},{"time":1,"x":1,"y":1,"curve":[0.25,0,0.75,1]},{"time":1.1667,"x":0.6,"y":1,"curve":[0.25,0,0.75,1]},{"time":1.3333,"x":1,"y":1}]},"texture/scatter/e":{"scale":[{"time":0,"x":1,"y":1,"curve":"stepped"},{"time":0.8333,"x":1,"y":1,"curve":[0.25,0,0.75,1]},{"time":1.0333,"x":1,"y":0,"curve":[0.25,0,0.75,1]},{"time":1.1667,"x":1,"y":-1,"curve":[0.25,0,0.75,1]},{"time":1.3333,"x":1,"y":0,"curve":[0.25,0,0.75,1]},{"time":1.5,"x":1,"y":1}]},"texture/scatter/e11":{"scale":[{"time":0,"x":1,"y":1,"curve":"stepped"},{"time":0.8333,"x":1,"y":1,"curve":[0.25,0,0.75,1]},{"time":1.0333,"x":0.6,"y":1,"curve":[0.25,0,0.75,1]},{"time":1.1667,"x":1,"y":1,"curve":[0.25,0,0.75,1]},{"time":1.3333,"x":1.54,"y":1,"curve":[0.25,0,0.75,1]},{"time":1.5,"x":1,"y":1}]},"texture/scatter/e12":{"scale":[{"time":0,"x":1,"y":1,"curve":"stepped"},{"time":0.8333,"x":1,"y":1,"curve":[0.25,0,0.75,1]},{"time":1.0333,"x":1.396,"y":1,"curve":[0.25,0,0.75,1]},{"time":1.1667,"x":1,"y":1,"curve":[0.25,0,0.75,1]},{"time":1.3333,"x":0.6,"y":1,"curve":[0.25,0,0.75,1]},{"time":1.5,"x":1,"y":1}]},"texture/scatter/r":{"scale":[{"time":0,"x":1,"y":1,"curve":"stepped"},{"time":1,"x":1,"y":1,"curve":[0.25,0,0.75,1]},{"time":1.1667,"x":1,"y":0,"curve":[0.25,0,0.75,1]},{"time":1.3333,"x":1,"y":-1,"curve":[0.25,0,0.75,1]},{"time":1.5333,"x":1,"y":0,"curve":[0.25,0,0.75,1]},{"time":1.6667,"x":1,"y":1}]},"texture/scatter/e13":{"scale":[{"time":0,"x":1,"y":1,"curve":"stepped"},{"time":1,"x":1,"y":1,"curve":[0.25,0,0.75,1]},{"time":1.1667,"x":0.6,"y":1,"curve":[0.25,0,0.75,1]},{"time":1.3333,"x":1,"y":1,"curve":[0.25,0,0.75,1]},{"time":1.5333,"x":1.54,"y":1,"curve":[0.25,0,0.75,1]},{"time":1.6667,"x":1,"y":1}]},"texture/scatter/e14":{"scale":[{"time":0,"x":1,"y":1,"curve":"stepped"},{"time":1,"x":1,"y":1,"curve":[0.25,0,0.75,1]},{"time":1.1667,"x":1.396,"y":1,"curve":[0.25,0,0.75,1]},{"time":1.3333,"x":1,"y":1,"curve":[0.25,0,0.75,1]},{"time":1.5333,"x":0.6,"y":1,"curve":[0.25,0,0.75,1]},{"time":1.6667,"x":1,"y":1}]},"s":{"scale":[{"time":0,"x":1,"y":1,"curve":[0.25,0,0.75,1]},{"time":0.1333,"x":1.4,"y":1.4,"curve":[0.25,0,0.75,1]},{"time":0.2667,"x":1,"y":1,"curve":[0.25,0,0.75,1]},{"time":0.4,"x":0.797,"y":0.797,"curve":[0.25,0,0.75,1]},{"time":0.5,"x":1,"y":1}]},"c":{"scale":[{"time":0,"x":1,"y":1,"curve":"stepped"},{"time":0.1667,"x":1,"y":1,"curve":[0.25,0,0.75,1]},{"time":0.3333,"x":1.4,"y":1.4,"curve":[0.25,0,0.75,1]},{"time":0.5333,"x":1,"y":1,"curve":[0.25,0,0.75,1]},{"time":0.7,"x":0.797,"y":0.797,"curve":[0.25,0,0.75,1]},{"time":0.8333,"x":1,"y":1}]},"a":{"scale":[{"time":0,"x":1,"y":1,"curve":"stepped"},{"time":0.3333,"x":1,"y":1,"curve":[0.25,0,0.75,1]},{"time":0.5,"x":1.4,"y":1.4,"curve":[0.25,0,0.75,1]},{"time":0.6667,"x":1,"y":1,"curve":[0.25,0,0.75,1]},{"time":0.8333,"x":0.797,"y":0.797,"curve":[0.25,0,0.75,1]},{"time":1,"x":1,"y":1}]},"t":{"scale":[{"time":0,"x":1,"y":1,"curve":"stepped"},{"time":0.5,"x":1,"y":1,"curve":[0.25,0,0.75,1]},{"time":0.6667,"x":1.4,"y":1.4,"curve":[0.25,0,0.75,1]},{"time":0.8333,"x":1,"y":1,"curve":[0.25,0,0.75,1]},{"time":1.0333,"x":0.797,"y":0.797,"curve":[0.25,0,0.75,1]},{"time":1.1667,"x":1,"y":1}]},"t2":{"scale":[{"time":0,"x":1,"y":1,"curve":"stepped"},{"time":0.6667,"x":1,"y":1,"curve":[0.25,0,0.75,1]},{"time":0.8333,"x":1.4,"y":1.4,"curve":[0.25,0,0.75,1]},{"time":1,"x":1,"y":1,"curve":[0.25,0,0.75,1]},{"time":1.1667,"x":0.797,"y":0.797,"curve":[0.25,0,0.75,1]},{"time":1.3333,"x":1,"y":1}]},"e":{"scale":[{"time":0,"x":1,"y":1,"curve":"stepped"},{"time":0.8333,"x":1,"y":1,"curve":[0.25,0,0.75,1]},{"time":1,"x":1.4,"y":1.4,"curve":[0.25,0,0.75,1]},{"time":1.1667,"x":1,"y":1,"curve":[0.25,0,0.75,1]},{"time":1.3333,"x":0.797,"y":0.797,"curve":[0.25,0,0.75,1]},{"time":1.5,"x":1,"y":1}]},"r":{"scale":[{"time":0,"x":1,"y":1,"curve":"stepped"},{"time":1,"x":1,"y":1,"curve":[0.25,0,0.75,1]},{"time":1.1667,"x":1.4,"y":1.4,"curve":[0.25,0,0.75,1]},{"time":1.3333,"x":1,"y":1,"curve":[0.25,0,0.75,1]},{"time":1.5333,"x":0.797,"y":0.797,"curve":[0.25,0,0.75,1]},{"time":1.6667,"x":1,"y":1}]}}},"static":{"slots":{"root3":{"color":[{"time":0,"color":"ffffff00"}]},"root5":{"color":[{"time":0,"color":"ffffff00"}],"attachment":[{"time":0,"name":"texture/s_k_00000"}]},"texture/s1":{"attachment":[{"time":0,"name":"texture/s1"}]},"texture/scatter/a":{"color":[{"time":0,"color":"ffffff00"}]},"texture/scatter/c2":{"color":[{"time":0,"color":"ffffff00"}],"attachment":[{"time":0,"name":"texture/scatter/c1"}]},"texture/scatter/e":{"color":[{"time":0,"color":"ffffff00"}]},"texture/scatter/r":{"color":[{"time":0,"color":"ffffff00"}]},"texture/scatter/s2":{"color":[{"time":0,"color":"ffffff00"}]},"texture/scatter/t":{"color":[{"time":0,"color":"ffffff00"}]},"texture/scatter/t2":{"color":[{"time":0,"color":"ffffff00"}]}},"bones":{"root2":{"scale":[{"time":0,"x":1,"y":1}]}}}}},[0,1]]],0,0,[0,0],[-1,-2],[0,1]]
