[1,["43Nr1ehLBNVKUAsolFLG3n@6c48a"],0,[["sp.SkeletonData",["_name","_atlasText","textureNames","_skeletonJson","textures"],-1,3]],[[0,0,1,2,3,4,5]],[[0,"skeleton","\r\nskeleton.png\r\nsize: 256,256\r\nformat: RGBA8888\r\nfilter: Linear,Linear\r\nrepeat: none\r\nicon_lztb_tubiao_jp3\r\n  rotate: false\r\n  xy: 2, 2\r\n  size: 144, 126\r\n  orig: 144, 126\r\n  offset: 0, 0\r\n  index: -1\r\n",["skeleton.png"],{"skeleton":{"hash":"+1329NjH/V7dvYlvaCTxhEhSU48","spine":"3.8.99","images":"E:/新版UI/追龙/切图/切图/图标","audio":""},"bones":[{"name":"root"}],"slots":[{"name":"icon_lztb_tubiao_jp3","bone":"root","attachment":"icon_lztb_tubiao_jp3"}],"skins":[{"name":"default","attachments":{"icon_lztb_tubiao_jp3":{"icon_lztb_tubiao_jp3":{"x":15.16,"y":1.45,"width":144,"height":126}}}}],"animations":{"animation":{}}},[0]]],0,0,[0],[-1],[0]]
