[1,["2eVXlO1lFFCY0uUZOVI+9y","38Ie9RE2ZK76SrRHgwrkfr","a7zvPFgdBGAoAaIF+K4s/x@f9941","20g1ukYUVPvKWKBRznAKo+@f9941","54TknWPwVPqJqeCR+Y/Czo@f9941","95EkngnxZFbYuFpsqVTaFr@f9941","e9/zqJwjhJi7xqdwlKsk+j@f9941","b6Rdxkwp1OCIC5MuD5HoBj@f9941","45Uyc/KZZALKpwkEnWMUvA@f9941","bdNYJXeLhElKuWAw7Vsvn1@f9941","eaGaZKC7hBLpFaTEZWfEKe@f9941","1djgCB4dFN64pQiTWWYIFu@f9941","5fUXrIFftKhb0szbDMTp8e@f9941","382azvZ7lB24TlIi7ojPhf@f9941","20g1ukYUVPvKWKBRznAKo+@6c48a","d8xOWxO/5CvYLQ2umDgWT2@f9941","f1whXlCYdDT6hWcBeGHFoH@f9941","4cmaPgUO1Om512zI4Dr1M+@f9941","11JaeYbKZMpZtToH0zoCo4","b9LAnOc8BP17HKdpS8+iLA@f9941","78Sj7DnMNHd5QG3IvCkK3V@f9941","ed7gjsvO5Ms4g0HOz6Rd0M@f9941","34uyj91TdGMJn8qtfQlUhR@6c48a","34uyj91TdGMJn8qtfQlUhR@f9941","4cmaPgUO1Om512zI4Dr1M+@6c48a","54TknWPwVPqJqeCR+Y/Czo@6c48a","95EkngnxZFbYuFpsqVTaFr@6c48a","d8xOWxO/5CvYLQ2umDgWT2@6c48a"],["node","_spriteFrame","_atlas","_target","_normalSprite","_textureSource","_font","_hoverSprite","_pressedSprite","_disabledSprite","root","data","_skeletonData","spriteFrame"],[["cc.Widget",["_alignFlags","_right","_top","_originalWidth","_originalHeight","_bottom","node","__prefab"],-3,1,4],"cc.SpriteFrame",["cc.Node",["_name","_layer","_components","_prefab","_parent","_lpos","_children","_lrot","_euler"],1,9,4,1,5,2,5,5],["cc.Sprite",["_sizeMode","_isTrimmedMode","_type","node","__prefab","_spriteFrame","_atlas"],0,1,4,6,6],["cc.Label",["_string","_actualFontSize","_fontSize","_enableWrapText","_isSystemFontUsed","_lineHeight","node","__prefab","_color","_font"],-3,1,4,5,6],["cc.UITransform",["node","__prefab","_contentSize","_anchorPoint"],3,1,4,5,5],["cc.Button",["_transition","_zoomScale","node","__prefab","_normalColor","_target","_normalSprite","_hoverSprite","_pressedSprite","_disabledSprite"],1,1,4,5,1,6,6,6,6],"cc.SpriteAtlas",["cc.Prefab",["_name"],2],["cc.CompPrefabInfo",["fileId"],2],["cc.PrefabInfo",["fileId","instance","targetOverrides","nestedPrefabInstanceRoots","root","asset"],-1,1,1],["sp.Skeleton",["defaultSkin","defaultAnimation","_premultipliedAlpha","_preCacheMode","node","__prefab","_skeletonData"],-1,1,4,6],["cc.BitmapFont",["_name","fontSize","fntConfig"],0]],[[9,0,2],[10,0,1,2,3,4,5,5],[5,0,1,2,1],[2,0,4,2,3,5,2],[3,2,0,3,4,5,6,3],[3,3,4,5,6,1],[2,0,4,6,2,3,5,2],[6,0,1,2,3,4,5,6,3],[5,0,1,2,3,1],[4,0,1,2,3,6,7,8,5],[4,0,1,2,3,4,6,7,9,6],[4,0,1,2,5,3,6,7,6],[6,0,1,2,3,4,5,6,7,8,9,3],[2,0,1,4,2,3,5,7,8,3],[2,0,1,4,2,3,5,3],[0,0,2,6,7,3],[8,0,2],[2,0,6,2,3,2],[2,0,4,2,3,2],[0,0,3,4,6,7,4],[0,0,1,6,7,3],[0,0,1,5,6,7,4],[0,6,7,1],[0,0,2,5,3,4,6,7,6],[0,0,1,2,6,7,4],[3,0,1,3,4,5,3],[3,0,3,4,5,2],[3,0,3,4,5,6,2],[11,0,1,2,3,4,5,6,5],[4,0,1,2,6,7,8,4],[12,0,1,2,4]],[[[{"name":"default_btn_normal","rect":{"x":0,"y":0,"width":40,"height":40},"offset":{"x":0,"y":0},"originalSize":{"width":40,"height":40},"rotated":false,"capInsets":[12,12,12,12],"vertices":{"rawPosition":[-20,-20,0,20,-20,0,-20,20,0,20,20,0],"indexes":[0,1,2,2,1,3],"uv":[0,40,40,40,0,0,40,0],"nuv":[0,0,1,0,0,1,1,1],"minPos":{"x":-20,"y":-20,"z":0},"maxPos":{"x":20,"y":20,"z":0}},"packable":true,"pixelsToUnit":100,"pivot":{"x":0.5,"y":0.5},"meshType":0}],[1],0,[0],[5],[14]],[[[16,"prefabs_domino_room"],[17,"prefabs_domino_room",[-4,-5,-6,-7,-8,-9,-10,-11],[[2,-2,[0,"5esQs0GXFOwZIdsQtD17LG"],[5,1334,750]],[19,45,100,100,-3,[0,"3c2x5KGB9CEaxeGq6RaKOa"]]],[1,"c46/YsCPVOJYA4mWEpNYRx",null,null,null,-1,0]],[6,"spr_domino_bg",1,[-15,-16,-17,-18,-19],[[2,-12,[0,"5aA4znDCRBdbk1IhrHCS+d"],[5,1162,682]],[25,2,false,-13,[0,"3aT0M0LoRFuJdBEI7ypTlG"],36],[20,36,-1,-14,[0,"656wdTgTlAs4OfKTUS7XSc"]]],[1,"38LWIgSLlGtZ6XlKuA7cjP",null,null,null,1,0],[1,87,-34,0]],[6,"props_btn_room_1",2,[-24,-25,-26,-27],[[2,-20,[0,"22QWZgMuBHXYb1gz5R+bnG"],[5,273,198]],[4,1,0,-21,[0,"26A8O6bWZFRqdwWfkQRaSM"],4,5],[12,3,0.95,-23,[0,"6e2+AZ98dBS7C15KpET+NM"],[4,4292269782],-22,6,7,8,9]],[1,"f06gmSmnpOXYHvf0wXYYnG",null,null,null,1,0],[1,-150,85.50799999999998,0]],[6,"props_btn_room_2",2,[-32,-33,-34,-35],[[2,-28,[0,"ebz2s2+SJLcqMvjqZxmALA"],[5,301,218]],[4,1,0,-29,[0,"9fKDbkcidAvJ7RP5Hp8DC9"],13,14],[12,3,0.95,-31,[0,"eb9ppRSctKEYmUrK860FTo"],[4,4292269782],-30,15,16,17,18]],[1,"3fP3LuYWBAEI+uyBGbsdiO",null,null,null,1,0],[1,138.0000000000001,95.50799999999998,0]],[6,"props_btn_room_3",2,[-40,-41,-42,-43],[[2,-36,[0,"ffssKpUuVFh4mW9fM/QMVr"],[5,275,211]],[4,1,0,-37,[0,"ddf640cYxA4L+n9QsF9lti"],22,23],[12,3,0.95,-39,[0,"36j5fAuuVNWrsCn+VK7xTc"],[4,4292269782],-38,24,25,26,27]],[1,"ddguF+B6RFprlyCQyCIlUJ",null,null,null,1,0],[1,-154,-134.49200000000002,0]],[6,"props_btn_room_4",2,[-48,-49,-50,-51],[[2,-44,[0,"f6LjYe5d5By66GLmJyJOhJ"],[5,297,224]],[4,1,0,-45,[0,"99jZEcwJZMMIfaw8G7DJn8"],31,32],[7,3,0.95,-47,[0,"0ddCwOpspBo42i22oBuOId"],[4,4292269782],-46,33]],[1,"0bD5ZPjV1EI6Gjqv0XC8/v",null,null,null,1,0],[1,138.0000000000001,-144.49200000000002,0]],[6,"spr_gold_bg",1,[-55,-56,-57],[[2,-52,[0,"93mk13B0VM7Kl+V/ASNEXF"],[5,218,60]],[5,-53,[0,"78jvmAvO9LAaBbvt3QLnTR"],43,44],[15,1,20.50400000000002,-54,[0,"57FJkiGwpEpoTKzfi4Vwtn"]]],[1,"46TNGxUVBNfJcCVXvYquPv",null,null,null,1,0],[1,-204,324.496,0]],[3,"props_btn_begin",1,[[2,-58,[0,"0cJhF1a9VF0qFpwNxedGBL"],[5,263,105]],[4,1,0,-59,[0,"26bcgCFHBHlYevlEAQQHB/"],45,46],[7,3,0.9,-61,[0,"f5KBUbtzpDi7VwKim+d5Lk"],[4,4292269782],-60,47],[21,36,24.92999999999995,1.125,-62,[0,"edh52dXU9D8oO4Zt50LL0W"]],[22,-63,[0,"33lgu1RFBMb6j77V1Zl58I"]]],[1,"37z3KfgEpE9LeDG9v6+69S",null,null,null,1,0],[1,510.57000000000005,-321.375,0]],[3,"props_btn_return",1,[[2,-64,[0,"ac/N0ijDxLD4Id1Km0hZXE"],[5,208,95]],[4,1,0,-65,[0,"2cGvS3pnFFwYsG3RQSLwLg"],48,49],[7,3,0.9,-67,[0,"5cVkjrX6xO54HzcPBVlPum"],[4,4292269782],-66,50],[15,9,-0.41500000000002046,-68,[0,"eaU6yywq5Kn6Ket+yQ7+95"]]],[1,"fagF+ToUBHDqeqZ6A4XFyX",null,null,null,1,0],[1,-563,327.915,0]],[3,"props_btn_gold_add",7,[[2,-69,[0,"03baJRyGlAobV8XvoLolW9"],[5,48,45]],[4,1,0,-70,[0,"f459kszAFN5arYnJOGlt5K"],40,41],[7,3,0.9,-72,[0,"a4Sh/AWd1EO7nuM1hRD9wS"],[4,4292269782],-71,42]],[1,"8bW33v36lCiYOcBh8Q2yrJ",null,null,null,1,0],[1,78,-2,0]],[3,"props_btn_help",1,[[2,-73,[0,"9al+v9MD1GvZZjcurQF3KK"],[5,74,70]],[4,1,0,-74,[0,"5epRlX3KJDgryzjFBPfMMs"],51,52],[7,3,0.9,-76,[0,"c1hpl+tlZGJ5PKBhHaPRQX"],[4,4292269782],-75,53]],[1,"29Y1qBrJVPPaVUBnEI4aS3",null,null,null,1,0],[1,616,332,0]],[18,"spr_domino_bg1",1,[[2,-77,[0,"fezhtIOGZLeaHTgwDXAJ1h"],[5,1334,750]],[26,0,-78,[0,"80aAxJxH9L96rFMSxivcDF"],0],[23,45,-5.684341886080802e-14,5.684341886080802e-14,1671.735,858.033,-79,[0,"feyf4duHxCypfu7b2wYV22"]]],[1,"41wt3t/QlDHb/6Ge1xIeWZ",null,null,null,1,0]],[3,"yeshu",1,[[2,-80,[0,"eb3tlEBrJIe7wzFz0cjGys"],[5,254,265]],[28,"default","animation",false,0,-81,[0,"78bowE281NxLmBTtTYmYov"],37],[24,33,102.74199999999996,161.95999999999998,-82,[0,"5aIxOdq+1LlJF4YH9Gy4Vh"]]],[1,"0bTBGfwhVAELVDfnkb+62a",null,null,null,1,0],[1,437.25800000000004,80.54000000000002,0]],[13,"label_range",33554432,3,[[2,-83,[0,"25ya5X1+NGd4XqaRBi3e4w"],[5,151.81,50.4]],[9,"2,000~100K",28,28,false,-84,[0,"e2wQRZ1gNN0JU7tJhb28/4"],[4,4282688772]]],[1,"62L83bFDBDY42CU9xUyXeh",null,null,null,1,0],[1,4,64,0],[3,0,0,0.01745240643728351,0.9998476951563912],[1,0,0,2]],[3,"label_gold",3,[[2,-85,[0,"5exDPw92BPrbIQUFaniWhq"],[5,30,40]],[10,"0",24,24,false,false,-86,[0,"2b3cOZsd5Fx5HZWEic93o2"],1]],[1,"9ce/2/kQxDzKawgUmLkZHr",null,null,null,1,0],[1,2,-6,0]],[3,"spr_room_players",3,[[2,-87,[0,"953mk78EZKbK1zexGIocDe"],[5,22,26]],[5,-88,[0,"424FP+XaJHgamG9jNXZJpN"],2,3]],[1,"b0VTikDmpLVruw2kEHHxgj",null,null,null,1,0],[1,32,-68,0]],[3,"label_players",3,[[8,-89,[0,"91J1FympRPaqtDugHWJ/Ww"],[5,11.12,30.24],[0,0,0.5]],[11,"0",20,20,24,false,-90,[0,"e7jtaqQp5N2YM27BWwl/Xp"]]],[1,"17IVFtGZJGrqb9bjFBlrO8",null,null,null,1,0],[1,46,-68,0]],[13,"label_range",33554432,4,[[2,-91,[0,"daa+V41AtE5K0ZYAN2k+aF"],[5,131.56,50.4]],[9,"50K~100K",28,28,false,-92,[0,"0dZvSHwFtD0rnfzXqZD+0o"],[4,2832560405]]],[1,"1b7/6I0/5IkrE3KgZUm2M3",null,null,null,1,0],[1,4,72,0],[3,0,0,0.01745240643728351,0.9998476951563913],[1,0,0,2]],[3,"label_gold",4,[[2,-93,[0,"f9MEBpzcxDabNqmM8GY3CO"],[5,30,40]],[10,"0",24,24,false,false,-94,[0,"9aV1vpdOtDDJ2g2rsU3Gc2"],10]],[1,"4fm63IuvZBjJV5s53yFiZI",null,null,null,1,0],[1,-4,-14,0]],[3,"spr_room_players",4,[[2,-95,[0,"fdmojx5UxFFpCCsBQSd9Vg"],[5,22,26]],[5,-96,[0,"99CGR2YIRMf4F08idu8qND"],11,12]],[1,"6fFWHl7wtK17mrUJsrYdrM",null,null,null,1,0],[1,48,-78,0]],[3,"label_players",4,[[8,-97,[0,"64rKcRXS5B+qi0Ez5l0P6w"],[5,11.12,30.24],[0,0,0.5]],[11,"0",20,20,24,false,-98,[0,"bbrwyVhh1BhKjRdKt9uX3j"]]],[1,"41i0PysQ9LB4P7pNuOOycS",null,null,null,1,0],[1,62,-78,0]],[14,"label_range",33554432,5,[[2,-99,[0,"dc+KTZgKhED4gRSXkMTP4j"],[5,151.81,50.4]],[9,"2,000~100K",28,28,false,-100,[0,"a7qvyWJeRJ6IDqJPRbprE2"],[4,4294793443]]],[1,"e5DAFdbRlENrwxR9J5KNk+",null,null,null,1,0],[1,4,78,0]],[3,"label_gold",5,[[2,-101,[0,"32aXd2n2hBPaX4Xa0rzc84"],[5,30,40]],[10,"0",24,24,false,false,-102,[0,"7ezonkvVRDzZ9pe6CmuLva"],19]],[1,"dd3RBfBCtN2ZKBDr1fPtTu",null,null,null,1,0],[1,2,-6,0]],[3,"spr_room_players",5,[[2,-103,[0,"03gdwEUUJKfbenbNfcg+Cv"],[5,22,26]],[5,-104,[0,"daPl3DPv1IY5tfsgbmBXNi"],20,21]],[1,"9dKZENcmlCB4PLxiTjcOuO",null,null,null,1,0],[1,36,-72,0]],[3,"label_players",5,[[8,-105,[0,"29qIaipnlNAKJRKVGaUcRj"],[5,11.12,30.24],[0,0,0.5]],[11,"0",20,20,24,false,-106,[0,"e0l6EsfeZPFJC7CbyACMwl"]]],[1,"a2hBSTBI1L4aRiqlNZGiZv",null,null,null,1,0],[1,50,-74,0]],[14,"label_range",33554432,6,[[2,-107,[0,"8f1AzcPDNAh6+LIJvoN6a0"],[5,151.81,50.4]],[9,"2,000~100K",28,28,false,-108,[0,"4dEsMcgOVHnY/WfZLsp4w/"],[4,4278231548]]],[1,"cbaxSPMvVLhK1AkSg+Ssvt",null,null,null,1,0],[1,4,86,0]],[3,"label_gold",6,[[2,-109,[0,"5bBkKF0UxJZpt+rnoEjBC1"],[5,30,40]],[10,"0",24,24,false,false,-110,[0,"32/50oR21I4o5BrRhVi54Q"],28]],[1,"3futT6woJG16ABNXgaz568",null,null,null,1,0],[1,2,4,0]],[3,"spr_room_players",6,[[2,-111,[0,"92FHjGeWpKRLoSMhhM1b24"],[5,22,26]],[5,-112,[0,"9dgvlNdDRCBaloL2/GSo9q"],29,30]],[1,"c8NDIIpSRDkLha+RYo8s4n",null,null,null,1,0],[1,48,-74,0]],[3,"label_players",6,[[8,-113,[0,"19Kt8rFp9Jw57y2CiqzdTF"],[5,11.12,30.24],[0,0,0.5]],[11,"0",20,20,24,false,-114,[0,"97/RL1tpNK+ZJZhwZDUUpt"]]],[1,"9dcXyat9NLW6hDQRRJczSf",null,null,null,1,0],[1,64,-79,0]],[3,"word_room_title",2,[[2,-115,[0,"d1M0fYs0xO86PameHnd7Ke"],[5,161,40]],[5,-116,[0,"49F/ASkAxBVI+CvGvVUw7i"],34,35]],[1,"20/QseG9xMXZnvCy/5XCTV",null,null,null,1,0],[1,36.000000000000114,284.98299999999995,0]],[3,"spr_gold_gold",7,[[2,-117,[0,"828mbS1hVJXaKm4XfzAnNI"],[5,50,52]],[27,0,-118,[0,"37pXGMiMBBSKfAC+CJkW+e"],38,39]],[1,"efykV5upBFMYJn+4tty1FD",null,null,null,1,0],[1,-98,0,0]],[3,"props_label_gold",7,[[2,-119,[0,"9eWfcfI7xE3akLIr9Eci2B"],[5,100.1,50.4]],[29,"10,000,000",20,20,-120,[0,"7dQ4nhgDNLm52jRGGnoYc5"],[4,4290373616]]],[1,"83XgLZ1zVMALF6qlLEtLlV",null,null,null,1,0],[1,-16,0,0]],[3,"spr_room_woman",1,[[2,-121,[0,"beMHE5OAxLaK0czqth3qh2"],[5,353,558]],[5,-122,[0,"a9+QKzqOxDCpRPvt+47a/p"],54,55]],[1,"4ajdoKNlZPNqTALoWJahID",null,null,null,1,0],[1,-482,-78,0]]],0,[0,10,1,0,0,1,0,0,1,0,-1,12,0,-2,2,0,-3,13,0,-4,7,0,-5,8,0,-6,9,0,-7,11,0,-8,33,0,0,2,0,0,2,0,0,2,0,-1,3,0,-2,4,0,-3,5,0,-4,6,0,-5,30,0,0,3,0,0,3,0,3,3,0,0,3,0,-1,14,0,-2,15,0,-3,16,0,-4,17,0,0,4,0,0,4,0,3,4,0,0,4,0,-1,18,0,-2,19,0,-3,20,0,-4,21,0,0,5,0,0,5,0,3,5,0,0,5,0,-1,22,0,-2,23,0,-3,24,0,-4,25,0,0,6,0,0,6,0,3,6,0,0,6,0,-1,26,0,-2,27,0,-3,28,0,-4,29,0,0,7,0,0,7,0,0,7,0,-1,31,0,-2,32,0,-3,10,0,0,8,0,0,8,0,3,8,0,0,8,0,0,8,0,0,8,0,0,9,0,0,9,0,3,9,0,0,9,0,0,9,0,0,10,0,0,10,0,3,10,0,0,10,0,0,11,0,0,11,0,3,11,0,0,11,0,0,12,0,0,12,0,0,12,0,0,13,0,0,13,0,0,13,0,0,14,0,0,14,0,0,15,0,0,15,0,0,16,0,0,16,0,0,17,0,0,17,0,0,18,0,0,18,0,0,19,0,0,19,0,0,20,0,0,20,0,0,21,0,0,21,0,0,22,0,0,22,0,0,23,0,0,23,0,0,24,0,0,24,0,0,25,0,0,25,0,0,26,0,0,26,0,0,27,0,0,27,0,0,28,0,0,28,0,0,29,0,0,29,0,0,30,0,0,30,0,0,31,0,0,31,0,0,32,0,0,32,0,0,33,0,0,33,0,11,1,122],[0,0,0,0,0,0,0,0,0,0,0,0,0,0,0,0,0,0,0,0,0,0,0,0,0,0,0,0,0,0,0,0,0,0,0,0,0,0,0,0,0,0,0,0,0,0,0,0,0,0,0,0,0,0,0,0],[1,6,1,2,1,2,4,7,8,9,6,1,2,1,2,4,7,8,9,6,1,2,1,2,4,7,8,9,6,1,2,1,2,4,1,2,1,12,1,2,1,2,4,1,2,1,2,4,1,2,4,1,2,4,1,2],[15,1,2,0,6,0,6,3,4,5,1,2,0,7,0,7,3,4,5,1,2,0,8,0,8,3,4,5,1,2,0,9,0,9,16,0,17,18,19,0,10,0,10,20,0,11,0,11,12,0,12,13,0,13,21,0]],[[{"name":"auto_room","spriteFrames":["bg_room_woman","ed7gjsvO5Ms4g0HOz6Rd0M@f9941","img_room_4","bdNYJXeLhElKuWAw7Vsvn1@f9941","img_room_2","b6Rdxkwp1OCIC5MuD5HoBj@f9941","img_room_players","a7zvPFgdBGAoAaIF+K4s/x@f9941","img_room_3","45Uyc/KZZALKpwkEnWMUvA@f9941","img_room_1","e9/zqJwjhJi7xqdwlKsk+j@f9941","btn_begin","1djgCB4dFN64pQiTWWYIFu@f9941","btn_room_return","5fUXrIFftKhb0szbDMTp8e@f9941","btn_room_help","382azvZ7lB24TlIi7ojPhf@f9941","btn_gold_add","eaGaZKC7hBLpFaTEZWfEKe@f9941","img_gold_bg","78Sj7DnMNHd5QG3IvCkK3V@f9941","img_card_bg","32uK8JX+tBeqPjLPWmMR5C@f9941","title_room_domino","f1whXlCYdDT6hWcBeGHFoH@f9941","img_room_gold","b9LAnOc8BP17HKdpS8+iLA@f9941"]}],[7],0,[],[],[]],[[{"name":"gold_room_num_0","rect":{"x":2,"y":2,"width":233,"height":121},"offset":{"x":-9.5,"y":65.5},"originalSize":{"width":256,"height":256},"rotated":false,"capInsets":[0,0,0,0],"vertices":{"rawPosition":[-116.5,-60.5,0,116.5,-60.5,0,-116.5,60.5,0,116.5,60.5,0],"indexes":[0,1,2,2,1,3],"uv":[2,254,235,254,2,133,235,133],"nuv":[0.0078125,0.51953125,0.91796875,0.51953125,0.0078125,0.9921875,0.91796875,0.9921875],"minPos":{"x":-116.5,"y":-60.5,"z":0},"maxPos":{"x":116.5,"y":60.5,"z":0}},"packable":true,"pixelsToUnit":100,"pivot":{"x":0.5,"y":0.5},"meshType":0}],[1],0,[0],[5],[22]],[[[30,"gold_room_num",32,{"commonHeight":32,"fontSize":32,"atlasName":"gold_room_num_0.png","fontDefDictionary":{"44":{"xOffset":-2,"yOffset":-2,"xAdvance":19,"rect":{"x":215,"y":0,"width":23,"height":67}},"48":{"xOffset":-2,"yOffset":-2,"xAdvance":38,"rect":{"x":0,"y":0,"width":42,"height":67}},"49":{"xOffset":-2,"yOffset":-2,"xAdvance":38,"rect":{"x":43,"y":0,"width":42,"height":67}},"50":{"xOffset":-2,"yOffset":-2,"xAdvance":38,"rect":{"x":86,"y":0,"width":42,"height":67}},"51":{"xOffset":-2,"yOffset":-2,"xAdvance":38,"rect":{"x":129,"y":0,"width":42,"height":67}},"52":{"xOffset":-2,"yOffset":-2,"xAdvance":38,"rect":{"x":172,"y":0,"width":42,"height":67}},"53":{"xOffset":-2,"yOffset":-2,"xAdvance":38,"rect":{"x":0,"y":68,"width":42,"height":67}},"54":{"xOffset":-2,"yOffset":-2,"xAdvance":38,"rect":{"x":43,"y":68,"width":42,"height":67}},"55":{"xOffset":-2,"yOffset":-2,"xAdvance":38,"rect":{"x":86,"y":68,"width":42,"height":67}},"56":{"xOffset":-2,"yOffset":-2,"xAdvance":38,"rect":{"x":129,"y":68,"width":42,"height":67}}},"kerningDict":{}}]],0,0,[0],[13],[23]],[[{"name":"img_room_bg","rect":{"x":2,"y":0,"width":1160,"height":682},"offset":{"x":1,"y":0},"originalSize":{"width":1162,"height":682},"rotated":false,"capInsets":[0,0,0,0],"vertices":{"rawPosition":[-580,-341,0,580,-341,0,-580,341,0,580,341,0],"indexes":[0,1,2,2,1,3],"uv":[2,682,1162,682,2,0,1162,0],"nuv":[0.0017211703958691911,0,1,0,0.0017211703958691911,1,1,1],"minPos":{"x":-580,"y":-341,"z":0},"maxPos":{"x":580,"y":341,"z":0}},"packable":true,"pixelsToUnit":100,"pivot":{"x":0.5,"y":0.5},"meshType":0}],[1],0,[0],[5],[24]],[[{"name":"default_btn_pressed","rect":{"x":0,"y":0,"width":40,"height":40},"offset":{"x":0,"y":0},"originalSize":{"width":40,"height":40},"rotated":false,"capInsets":[12,12,12,12],"vertices":{"rawPosition":[-20,-20,0,20,-20,0,-20,20,0,20,20,0],"indexes":[0,1,2,2,1,3],"uv":[0,40,40,40,0,0,40,0],"nuv":[0,0,1,0,0,1,1,1],"minPos":{"x":-20,"y":-20,"z":0},"maxPos":{"x":20,"y":20,"z":0}},"packable":true,"pixelsToUnit":100,"pivot":{"x":0.5,"y":0.5},"meshType":0}],[1],0,[0],[5],[25]],[[{"name":"default_btn_disabled","rect":{"x":0,"y":0,"width":40,"height":40},"offset":{"x":0,"y":0},"originalSize":{"width":40,"height":40},"rotated":false,"capInsets":[12,12,12,12],"vertices":{"rawPosition":[-20,-20,0,20,-20,0,-20,20,0,20,20,0],"indexes":[0,1,2,2,1,3],"uv":[0,40,40,40,0,0,40,0],"nuv":[0,0,1,0,0,1,1,1],"minPos":{"x":-20,"y":-20,"z":0},"maxPos":{"x":20,"y":20,"z":0}},"packable":true,"pixelsToUnit":100,"pivot":{"x":0.5,"y":0.5},"meshType":0}],[1],0,[0],[5],[26]],[[{"name":"img_domino_roomBg","rect":{"x":0,"y":0,"width":1624,"height":750},"offset":{"x":0,"y":0},"originalSize":{"width":1624,"height":750},"rotated":false,"capInsets":[0,0,0,0],"vertices":{"rawPosition":[-812,-375,0,812,-375,0,-812,375,0,812,375,0],"indexes":[0,1,2,2,1,3],"uv":[0,750,1624,750,0,0,1624,0],"nuv":[0,0,1,0,0,1,1,1],"minPos":{"x":-812,"y":-375,"z":0},"maxPos":{"x":812,"y":375,"z":0}},"packable":true,"pixelsToUnit":100,"pivot":{"x":0.5,"y":0.5},"meshType":0}],[1],0,[0],[5],[27]]]]
