[1,["d37Pc+n/5KTKdxwSA0eV2q@6c48a","d37Pc+n/5KTKdxwSA0eV2q@f9941"],["_textureSource","spriteFrame"],["cc.SpriteFrame",["cc.BitmapFont",["_name","fontSize","fntConfig"],0]],[[1,0,1,2,4]],[[[{"name":"shuzi_yxx_djs_0","rect":{"x":0,"y":1,"width":201,"height":28},"offset":{"x":-27.5,"y":113},"originalSize":{"width":256,"height":256},"rotated":false,"capInsets":[0,0,0,0],"vertices":{"rawPosition":[-100.5,-14,0,100.5,-14,0,-100.5,14,0,100.5,14,0],"indexes":[0,1,2,2,1,3],"uv":[0,255,201,255,0,227,201,227],"nuv":[0,0.88671875,0.78515625,0.88671875,0,0.99609375,0.78515625,0.99609375],"minPos":{"x":-100.5,"y":-14,"z":0},"maxPos":{"x":100.5,"y":14,"z":0}},"packable":true,"pixelsToUnit":100,"pivot":{"x":0.5,"y":0.5},"meshType":0}],[0],0,[0],[0],[0]],[[[0,"shuzi_yxx_djs",32,{"commonHeight":32,"fontSize":32,"atlasName":"shuzi_yxx_djs_0.png","fontDefDictionary":{"48":{"xOffset":0,"yOffset":0,"xAdvance":21,"rect":{"x":22,"y":0,"width":21,"height":30}},"49":{"xOffset":0,"yOffset":0,"xAdvance":16,"rect":{"x":187,"y":0,"width":16,"height":30}},"50":{"xOffset":0,"yOffset":0,"xAdvance":21,"rect":{"x":43,"y":0,"width":21,"height":30}},"51":{"xOffset":0,"yOffset":0,"xAdvance":20,"rect":{"x":127,"y":0,"width":20,"height":30}},"52":{"xOffset":0,"yOffset":0,"xAdvance":22,"rect":{"x":0,"y":0,"width":22,"height":30}},"53":{"xOffset":0,"yOffset":0,"xAdvance":20,"rect":{"x":147,"y":0,"width":20,"height":30}},"54":{"xOffset":0,"yOffset":0,"xAdvance":21,"rect":{"x":64,"y":0,"width":21,"height":30}},"55":{"xOffset":0,"yOffset":0,"xAdvance":20,"rect":{"x":167,"y":0,"width":20,"height":30}},"56":{"xOffset":0,"yOffset":0,"xAdvance":21,"rect":{"x":85,"y":0,"width":21,"height":30}},"57":{"xOffset":0,"yOffset":0,"xAdvance":21,"rect":{"x":106,"y":0,"width":21,"height":30}}},"kerningDict":{}}]],0,0,[0],[1],[1]]]]
