[1,["f2370LWyBIxbn+rGIBjTby@6c48a"],["_textureSource"],["cc.SpriteFrame"],0,[{"name":"zz_guang","rect":{"x":2,"y":2,"width":688,"height":646},"offset":{"x":-166,"y":187},"originalSize":{"width":1024,"height":1024},"rotated":false,"capInsets":[0,0,0,0],"vertices":{"rawPosition":[-344,-323,0,344,-323,0,-344,323,0,344,323,0],"indexes":[0,1,2,2,1,3],"uv":[2,1022,690,1022,2,376,690,376],"nuv":[0.001953125,0.3671875,0.673828125,0.3671875,0.001953125,0.998046875,0.673828125,0.998046875],"minPos":{"x":-344,"y":-323,"z":0},"maxPos":{"x":344,"y":323,"z":0}},"packable":true,"pixelsToUnit":100,"pivot":{"x":0.5,"y":0.5},"meshType":0}],[0],0,[0],[0],[0]]
