[1,["1cLpUhmsVI/LAUT7HTRh3q@6c48a"],["_textureSource"],["cc.SpriteFrame"],0,[{"name":"bg_hu_guize_1","rect":{"x":0,"y":0,"width":566,"height":708},"offset":{"x":0,"y":0},"originalSize":{"width":566,"height":708},"rotated":false,"capInsets":[0,0,0,0],"vertices":{"rawPosition":[-283,-354,0,283,-354,0,-283,354,0,283,354,0],"indexes":[0,1,2,2,1,3],"uv":[0,708,566,708,0,0,566,0],"nuv":[0,0,1,0,0,1,1,1],"minPos":{"x":-283,"y":-354,"z":0},"maxPos":{"x":283,"y":354,"z":0}},"packable":true,"pixelsToUnit":100,"pivot":{"x":0.5,"y":0.5},"meshType":0}],[0],0,[0],[0],[0]]
