[1,["e6ap0wutFI5oRHDXSC7w7E@6c48a"],["_textureSource"],["cc.SpriteFrame"],0,[{"name":"icon_dt_loading_1","rect":{"x":0,"y":0,"width":772,"height":24},"offset":{"x":0,"y":0},"originalSize":{"width":772,"height":24},"rotated":false,"capInsets":[11,0,11,0],"vertices":{"rawPosition":[-386,-12,0,386,-12,0,-386,12,0,386,12,0],"indexes":[0,1,2,2,1,3],"uv":[0,24,772,24,0,0,772,0],"nuv":[0,0,1,0,0,1,1,1],"minPos":{"x":-386,"y":-12,"z":0},"maxPos":{"x":386,"y":12,"z":0}},"packable":true,"pixelsToUnit":100,"pivot":{"x":0.5,"y":0.5},"meshType":0}],[0],0,[0],[0],[0]]
