[1,["9021cWLrFAULB/Gm93NMf/@6c48a"],0,[["sp.SkeletonData",["_name","_atlasText","textureNames","_skeletonJson","textures"],-1,3]],[[0,0,1,2,3,4,5]],[[0,"hit_pifu4","\r\nhit_pifu4.png\r\nsize: 512,256\r\nformat: RGBA8888\r\nfilter: Linear,Linear\r\nrepeat: none\r\nguang\r\n  rotate: false\r\n  xy: 2, 2\r\n  size: 22, 22\r\n  orig: 22, 22\r\n  offset: 0, 0\r\n  index: -1\r\nhit_pifu4_1\r\n  rotate: false\r\n  xy: 319, 119\r\n  size: 100, 96\r\n  orig: 100, 100\r\n  offset: 0, 3\r\n  index: -1\r\nhit_pifu4_2\r\n  rotate: false\r\n  xy: 193, 91\r\n  size: 124, 124\r\n  orig: 124, 124\r\n  offset: 0, 0\r\n  index: -1\r\nhit_pifu4_3\r\n  rotate: false\r\n  xy: 2, 26\r\n  size: 189, 189\r\n  orig: 190, 190\r\n  offset: 0, 1\r\n  index: -1\r\nxing1\r\n  rotate: true\r\n  xy: 193, 26\r\n  size: 63, 86\r\n  orig: 63, 86\r\n  offset: 0, 0\r\n  index: -1\r\n",["hit_pifu4.png"],{"skeleton":{"hash":"bKJmLOlQ2XnRxyk0mgE8IUd+QfU","spine":"2.1.27","width":270.61,"height":207.14,"images":""},"bones":[{"name":"root"},{"name":"gen","parent":"root"},{"name":"guang1","parent":"root","x":145.78,"y":1.66},{"name":"guang2","parent":"root","x":155.53,"y":-6.86},{"name":"guang3","parent":"root","x":155.53,"y":-6.86},{"name":"guang4","parent":"root","x":155.53,"y":-6.86},{"name":"guang5","parent":"root","x":155.53,"y":-6.86},{"name":"guang6","parent":"root","x":155.53,"y":-6.86},{"name":"xing1","parent":"root","x":134.11,"y":69.14},{"name":"xing2","parent":"root","x":144.11,"y":62.47},{"name":"xing3","parent":"root","x":144.11,"y":62.47},{"name":"xing4","parent":"root","x":144.11,"y":62.47},{"name":"xing5","parent":"root","x":144.11,"y":62.47},{"name":"wang1","parent":"gen"},{"name":"wang1_a","parent":"gen"},{"name":"wang2","parent":"gen"},{"name":"wang3","parent":"gen"},{"name":"wang4","parent":"gen"}],"slots":[{"name":"guang","bone":"guang1","attachment":"guang"},{"name":"guang2","bone":"guang2","attachment":"guang"},{"name":"guang3","bone":"guang3","attachment":"guang"},{"name":"guang4","bone":"guang4","attachment":"guang"},{"name":"guang5","bone":"guang5","attachment":"guang"},{"name":"guang6","bone":"guang6","attachment":"guang"},{"name":"xing1","bone":"xing1","attachment":"xing1"},{"name":"xing2","bone":"xing2","attachment":"xing1"},{"name":"xing3","bone":"xing3","attachment":"xing1"},{"name":"xing4","bone":"xing4","attachment":"xing1"},{"name":"xing5","bone":"xing5","attachment":"xing1"},{"name":"hit_pifu4_1","bone":"wang1","attachment":"hit_pifu4_1"},{"name":"hit_pifu4_7","bone":"wang1_a","attachment":"hit_pifu4_1","blend":"additive"},{"name":"hit_pifu4_2","bone":"wang2","attachment":"hit_pifu4_2"},{"name":"hit_pifu4_5","bone":"wang2","attachment":"hit_pifu4_2","blend":"additive"},{"name":"hit_pifu4_3","bone":"wang3","attachment":"hit_pifu4_3"},{"name":"hit_pifu4_4","bone":"wang4","attachment":"hit_pifu4_3"},{"name":"hit_pifu4_6","bone":"wang4","attachment":"hit_pifu4_3","blend":"additive"}],"skins":{"default":{"guang":{"guang":{"width":22,"height":22}},"guang2":{"guang":{"width":22,"height":22}},"guang3":{"guang":{"width":22,"height":22}},"guang4":{"guang":{"width":22,"height":22}},"guang5":{"guang":{"width":22,"height":22}},"guang6":{"guang":{"width":22,"height":22}},"hit_pifu4_1":{"hit_pifu4_1":{"width":100,"height":100}},"hit_pifu4_2":{"hit_pifu4_2":{"width":124,"height":124}},"hit_pifu4_3":{"hit_pifu4_3":{"width":190,"height":190}},"hit_pifu4_4":{"hit_pifu4_3":{"width":190,"height":190}},"hit_pifu4_5":{"hit_pifu4_2":{"width":124,"height":124}},"hit_pifu4_6":{"hit_pifu4_3":{"width":190,"height":190}},"hit_pifu4_7":{"hit_pifu4_1":{"width":100,"height":100}},"xing1":{"xing1":{"width":63,"height":86}},"xing2":{"xing1":{"width":63,"height":86}},"xing3":{"xing1":{"width":63,"height":86}},"xing4":{"xing1":{"width":63,"height":86}},"xing5":{"xing1":{"width":63,"height":86}}}},"animations":{"jibie1":{"slots":{"guang4":{"attachment":[{"time":0,"name":"guang"}]},"guang5":{"attachment":[{"time":0,"name":"guang"}]},"guang6":{"attachment":[{"time":0,"name":"guang"}]},"hit_pifu4_1":{"color":[{"time":0,"color":"ffffff00"},{"time":0.1666,"color":"ffffffff","curve":"stepped"},{"time":0.4,"color":"ffffffff"},{"time":0.8333,"color":"ffffff00"}]},"hit_pifu4_2":{"color":[{"time":0,"color":"ffffff00"},{"time":0.1666,"color":"ffffffff","curve":"stepped"},{"time":0.3,"color":"ffffffff"},{"time":0.6666,"color":"ffffff00"}]},"hit_pifu4_3":{"color":[{"time":0,"color":"ffffff00"},{"time":0.1333,"color":"ffffffff","curve":"stepped"},{"time":0.1666,"color":"ffffffff"},{"time":0.5333,"color":"ffffff00"}]},"hit_pifu4_4":{"color":[{"time":0,"color":"ffffff00","curve":"stepped"},{"time":0.1333,"color":"ffffff00"},{"time":0.2666,"color":"ffffffff","curve":"stepped"},{"time":0.3,"color":"ffffffff"},{"time":0.6666,"color":"ffffff00"}]},"hit_pifu4_5":{"color":[{"time":0.0666,"color":"ffffff00"},{"time":0.3,"color":"ffffffff"},{"time":0.5,"color":"ffffff00"}]},"hit_pifu4_6":{"color":[{"time":0.1333,"color":"ffffff00","curve":"stepped"},{"time":0.3,"color":"ffffff00"},{"time":0.4,"color":"ffffffff"},{"time":0.8333,"color":"ffffff00"}]},"hit_pifu4_7":{"color":[{"time":0,"color":"ffffff00","curve":"stepped"},{"time":0.1666,"color":"ffffff00"},{"time":0.3,"color":"fffffff6"},{"time":0.5666,"color":"ffffff00"}]},"xing1":{"color":[{"time":0,"color":"ffffff00","curve":"stepped"},{"time":0.0333,"color":"ffffff00"},{"time":0.2,"color":"ffffffff"},{"time":0.3666,"color":"ffffff00"}]},"xing2":{"attachment":[{"time":0,"name":"xing1"}]},"xing3":{"attachment":[{"time":0,"name":"xing1"}]},"xing4":{"attachment":[{"time":0,"name":"xing1"}]},"xing5":{"attachment":[{"time":0,"name":"xing1"}]}},"bones":{"root":{"rotate":[{"time":0,"angle":0}],"translate":[{"time":0,"x":0,"y":0}],"scale":[{"time":0,"x":1,"y":1}]},"guang1":{"rotate":[{"time":0,"angle":0}],"translate":[{"time":0,"x":-145.78,"y":-1.66},{"time":0.1666,"x":-73.8,"y":20.07},{"time":0.5,"x":-37.82,"y":30.94}],"scale":[{"time":0,"x":0,"y":0},{"time":0.0333,"x":4.774,"y":4.774},{"time":0.1333,"x":1.067,"y":1.067},{"time":0.5,"x":0,"y":0}]},"xing1":{"rotate":[{"time":0,"angle":0,"curve":"stepped"},{"time":0.0333,"angle":0}],"translate":[{"time":0,"x":-223.25,"y":-84.13,"curve":"stepped"},{"time":0.0333,"x":-223.25,"y":-84.13}],"scale":[{"time":0,"x":0,"y":0,"curve":"stepped"},{"time":0.0333,"x":0,"y":0},{"time":0.2,"x":1.466,"y":1.466},{"time":0.3666,"x":0,"y":0}]},"gen":{"rotate":[{"time":0,"angle":0}],"translate":[{"time":0,"x":0,"y":0}],"scale":[{"time":0,"x":1,"y":1}]},"xing2":{"rotate":[{"time":0,"angle":0,"curve":"stepped"},{"time":0.1,"angle":0}],"translate":[{"time":0,"x":-113.69,"y":-2,"curve":"stepped"},{"time":0.1,"x":-113.69,"y":-2}],"scale":[{"time":0,"x":0,"y":0,"curve":"stepped"},{"time":0.1,"x":0,"y":0},{"time":0.2,"x":0.967,"y":0.967},{"time":0.3666,"x":0,"y":0}]},"xing3":{"rotate":[{"time":0,"angle":0,"curve":"stepped"},{"time":0.3,"angle":0}],"translate":[{"time":0,"x":-73.45,"y":-100.34,"curve":"stepped"},{"time":0.3,"x":-73.45,"y":-100.34}],"scale":[{"time":0,"x":0,"y":0,"curve":"stepped"},{"time":0.3,"x":0,"y":0},{"time":0.4,"x":0.967,"y":0.967},{"time":0.5666,"x":0,"y":0}]},"guang2":{"rotate":[{"time":0,"angle":0,"curve":"stepped"},{"time":0.0666,"angle":0}],"translate":[{"time":0,"x":-145.78,"y":-1.66,"curve":"stepped"},{"time":0.0666,"x":-145.78,"y":-1.66},{"time":0.2666,"x":-221.56,"y":-32.61},{"time":0.5666,"x":-250.71,"y":-44.52}],"scale":[{"time":0,"x":0,"y":0,"curve":"stepped"},{"time":0.0666,"x":0,"y":0},{"time":0.1666,"x":3.049,"y":3.049},{"time":0.3666,"x":1.067,"y":1.067},{"time":0.5666,"x":0,"y":0}]},"guang3":{"rotate":[{"time":0,"angle":0,"curve":"stepped"},{"time":0.0666,"angle":0}],"translate":[{"time":0,"x":-145.78,"y":-1.66,"curve":"stepped"},{"time":0.0666,"x":-145.78,"y":-1.66},{"time":0.2,"x":-123.43,"y":-65.94},{"time":0.5,"x":-112.26,"y":-98.08}],"scale":[{"time":0,"x":0,"y":0,"curve":"stepped"},{"time":0.0666,"x":0,"y":0},{"time":0.1,"x":3.147,"y":3.147},{"time":0.2333,"x":1.067,"y":1.067},{"time":0.5,"x":0,"y":0}]},"guang4":{"rotate":[{"time":0,"angle":0}],"translate":[{"time":0,"x":-145.78,"y":-1.66},{"time":0.1,"x":-171.54,"y":73.4},{"time":0.3666,"x":-182.99,"y":106.77}],"scale":[{"time":0,"x":0,"y":0},{"time":0.0333,"x":3.667,"y":3.667},{"time":0.1333,"x":1.067,"y":1.067},{"time":0.3666,"x":0,"y":0}]},"guang5":{"rotate":[{"time":0,"angle":0,"curve":"stepped"},{"time":0.0666,"angle":0}],"translate":[{"time":0,"x":-145.78,"y":-1.66,"curve":"stepped"},{"time":0.0666,"x":-145.78,"y":-1.66},{"time":0.5666,"x":-24.47,"y":-16.38}],"scale":[{"time":0,"x":0,"y":0,"curve":"stepped"},{"time":0.0666,"x":0,"y":0},{"time":0.1666,"x":4.497,"y":4.497},{"time":0.2666,"x":1.067,"y":1.067},{"time":0.5666,"x":0,"y":0}]},"guang6":{"rotate":[{"time":0,"angle":0}],"translate":[{"time":0,"x":-145.78,"y":-1.66},{"time":0.1333,"x":-226.2,"y":29.12},{"time":0.4333,"x":-266.41,"y":44.52}],"scale":[{"time":0,"x":0,"y":0},{"time":0.0666,"x":4.318,"y":4.318},{"time":0.1666,"x":1.067,"y":1.067},{"time":0.4333,"x":0,"y":0}]},"xing4":{"rotate":[{"time":0,"angle":0}],"translate":[{"time":0,"x":-69.49,"y":-22.38}],"scale":[{"time":0,"x":0,"y":0,"curve":"stepped"},{"time":0.2,"x":0,"y":0},{"time":0.4,"x":0.967,"y":0.967},{"time":0.5666,"x":0,"y":0}]},"xing5":{"rotate":[{"time":0,"angle":0}],"translate":[{"time":0,"x":-228.05,"y":-27.67}],"scale":[{"time":0,"x":0,"y":0,"curve":"stepped"},{"time":0.4,"x":0,"y":0},{"time":0.5333,"x":0.967,"y":0.967},{"time":0.7333,"x":0,"y":0}]},"wang1":{"rotate":[{"time":0,"angle":0}],"translate":[{"time":0,"x":0,"y":0}],"scale":[{"time":0,"x":0,"y":0},{"time":0.1666,"x":1.09,"y":1.09},{"time":0.5666,"x":0.878,"y":0.878}]},"wang1_a":{"rotate":[{"time":0,"angle":0}],"translate":[{"time":0,"x":0,"y":0}],"scale":[{"time":0,"x":0,"y":0},{"time":0.1666,"x":1.09,"y":1.09},{"time":0.5666,"x":1.404,"y":1.404}]},"wang2":{"rotate":[{"time":0,"angle":0,"curve":"stepped"},{"time":0.3333,"angle":0,"curve":"stepped"},{"time":0.6666,"angle":0}],"translate":[{"time":0,"x":0,"y":0,"curve":"stepped"},{"time":0.3333,"x":0,"y":0,"curve":"stepped"},{"time":0.6666,"x":0,"y":0}],"scale":[{"time":0,"x":0,"y":0},{"time":0.3333,"x":1.189,"y":1.189},{"time":0.6666,"x":2.044,"y":2.044}]},"wang3":{"rotate":[{"time":0,"angle":0,"curve":"stepped"},{"time":0.5333,"angle":0}],"translate":[{"time":0,"x":0,"y":0,"curve":"stepped"},{"time":0.5333,"x":0,"y":0}],"scale":[{"time":0,"x":0,"y":0},{"time":0.2666,"x":1.084,"y":1.084},{"time":0.5333,"x":1,"y":1}]},"wang4":{"rotate":[{"time":0.1333,"angle":0,"curve":"stepped"},{"time":0.6666,"angle":0}],"translate":[{"time":0.1333,"x":0,"y":0,"curve":"stepped"},{"time":0.6666,"x":0,"y":0}],"scale":[{"time":0.1333,"x":0,"y":0},{"time":0.4,"x":1.084,"y":1.084},{"time":0.6666,"x":1,"y":1}]}}},"jibie2":{"slots":{"guang6":{"attachment":[{"time":0,"name":null}]},"xing1":{"color":[{"time":0,"color":"ffffff00","curve":"stepped"},{"time":0.0333,"color":"ffffff00"},{"time":0.2,"color":"ffffffff"},{"time":0.3666,"color":"ffffff00"}]},"xing5":{"attachment":[{"time":0,"name":null}]}},"bones":{"root":{"rotate":[{"time":0,"angle":0}],"translate":[{"time":0,"x":0,"y":0}],"scale":[{"time":0,"x":1,"y":1}]},"guang1":{"rotate":[{"time":0,"angle":0}],"translate":[{"time":0,"x":-145.78,"y":-1.66},{"time":0.1666,"x":-73.8,"y":20.07},{"time":0.5,"x":-37.82,"y":30.94}],"scale":[{"time":0,"x":0,"y":0},{"time":0.0333,"x":4.774,"y":4.774},{"time":0.1333,"x":1.067,"y":1.067},{"time":0.5,"x":0,"y":0}]},"xing1":{"rotate":[{"time":0,"angle":0,"curve":"stepped"},{"time":0.0333,"angle":0}],"translate":[{"time":0,"x":-193.82,"y":-12.97,"curve":"stepped"},{"time":0.0333,"x":-193.82,"y":-12.97}],"scale":[{"time":0,"x":0,"y":0,"curve":"stepped"},{"time":0.0333,"x":0,"y":0},{"time":0.2,"x":1.466,"y":1.466},{"time":0.3666,"x":0,"y":0}]},"gen":{"rotate":[{"time":0,"angle":0}],"translate":[{"time":0,"x":0,"y":0}],"scale":[{"time":0,"x":1,"y":1}]},"xing2":{"rotate":[{"time":0,"angle":0,"curve":"stepped"},{"time":0.1,"angle":0}],"translate":[{"time":0,"x":-239.54,"y":-128.88,"curve":"stepped"},{"time":0.1,"x":-239.54,"y":-128.88}],"scale":[{"time":0,"x":0,"y":0,"curve":"stepped"},{"time":0.1,"x":0,"y":0},{"time":0.2333,"x":1.175,"y":1.175},{"time":0.4333,"x":0,"y":0}]},"xing3":{"rotate":[{"time":0,"angle":0,"curve":"stepped"},{"time":0.3,"angle":0}],"translate":[{"time":0,"x":-65.9,"y":-9.35,"curve":"stepped"},{"time":0.3,"x":-65.9,"y":-9.35}],"scale":[{"time":0,"x":0,"y":0,"curve":"stepped"},{"time":0.3,"x":0,"y":0},{"time":0.4,"x":0.967,"y":0.967},{"time":0.5666,"x":0,"y":0}]},"guang2":{"rotate":[{"time":0,"angle":0,"curve":"stepped"},{"time":0.0666,"angle":0}],"translate":[{"time":0,"x":-145.78,"y":-1.66,"curve":"stepped"},{"time":0.0666,"x":-145.78,"y":-1.66},{"time":0.2666,"x":-221.56,"y":-32.61},{"time":0.5666,"x":-250.71,"y":-44.52}],"scale":[{"time":0,"x":0,"y":0,"curve":"stepped"},{"time":0.0666,"x":0,"y":0},{"time":0.1666,"x":3.049,"y":3.049},{"time":0.3666,"x":1.067,"y":1.067},{"time":0.5666,"x":0,"y":0}]},"guang3":{"rotate":[{"time":0,"angle":0,"curve":"stepped"},{"time":0.0666,"angle":0}],"translate":[{"time":0,"x":-145.78,"y":-1.66,"curve":"stepped"},{"time":0.0666,"x":-145.78,"y":-1.66},{"time":0.2,"x":-123.43,"y":-65.94},{"time":0.5,"x":-112.26,"y":-98.08}],"scale":[{"time":0,"x":0,"y":0,"curve":"stepped"},{"time":0.0666,"x":0,"y":0},{"time":0.1,"x":3.147,"y":3.147},{"time":0.2333,"x":1.067,"y":1.067},{"time":0.5,"x":0,"y":0}]},"guang4":{"rotate":[{"time":0,"angle":0}],"translate":[{"time":0,"x":-145.78,"y":-1.66},{"time":0.1,"x":-171.54,"y":73.4},{"time":0.3666,"x":-182.99,"y":106.77}],"scale":[{"time":0,"x":0,"y":0},{"time":0.0333,"x":3.667,"y":3.667},{"time":0.1333,"x":1.067,"y":1.067},{"time":0.3666,"x":0,"y":0}]},"guang5":{"rotate":[{"time":0,"angle":0,"curve":"stepped"},{"time":0.0666,"angle":0}],"translate":[{"time":0,"x":-145.78,"y":-1.66,"curve":"stepped"},{"time":0.0666,"x":-145.78,"y":-1.66},{"time":0.5666,"x":-24.47,"y":-16.38}],"scale":[{"time":0,"x":0,"y":0,"curve":"stepped"},{"time":0.0666,"x":0,"y":0},{"time":0.1666,"x":4.497,"y":4.497},{"time":0.2666,"x":1.067,"y":1.067},{"time":0.5666,"x":0,"y":0}]},"guang6":{"rotate":[{"time":0,"angle":0}],"translate":[{"time":0,"x":-145.78,"y":-1.66},{"time":0.1333,"x":-226.2,"y":29.12},{"time":0.4333,"x":-266.41,"y":44.52}],"scale":[{"time":0,"x":0,"y":0},{"time":0.0666,"x":4.318,"y":4.318},{"time":0.1666,"x":1.067,"y":1.067},{"time":0.4333,"x":0,"y":0}]},"xing4":{"rotate":[{"time":0,"angle":0,"curve":"stepped"},{"time":0.1333,"angle":0}],"translate":[{"time":0,"x":-107.51,"y":-147.84,"curve":"stepped"},{"time":0.1333,"x":-107.51,"y":-147.84}],"scale":[{"time":0,"x":0,"y":0,"curve":"stepped"},{"time":0.1333,"x":0,"y":0},{"time":0.3,"x":0.967,"y":0.967},{"time":0.5666,"x":0,"y":0}]}}},"jibie3":{"slots":{"xing1":{"color":[{"time":0,"color":"ffffff00"},{"time":0.2,"color":"ffffffff"},{"time":0.3666,"color":"ffffff00"}]}},"bones":{"root":{"rotate":[{"time":0,"angle":0}],"translate":[{"time":0,"x":0,"y":0}],"scale":[{"time":0,"x":1,"y":1}]},"guang1":{"rotate":[{"time":0,"angle":0}],"translate":[{"time":0,"x":-145.78,"y":-1.66},{"time":0.1666,"x":-60.76,"y":25.66},{"time":0.5,"x":-24.77,"y":43.99}],"scale":[{"time":0,"x":0,"y":0},{"time":0.0333,"x":4.774,"y":4.774},{"time":0.1666,"x":1.067,"y":1.067},{"time":0.5,"x":0,"y":0}]},"xing1":{"rotate":[{"time":0,"angle":0}],"translate":[{"time":0,"x":-156.26,"y":29.95}],"scale":[{"time":0,"x":0,"y":0},{"time":0.2,"x":1.466,"y":1.466},{"time":0.3666,"x":0,"y":0}]},"gen":{"rotate":[{"time":0,"angle":0}],"translate":[{"time":0,"x":0,"y":0}],"scale":[{"time":0,"x":1,"y":1}]},"xing2":{"rotate":[{"time":0,"angle":0,"curve":"stepped"},{"time":0.1,"angle":0}],"translate":[{"time":0,"x":-248.49,"y":-87.74,"curve":"stepped"},{"time":0.1,"x":-248.49,"y":-87.74}],"scale":[{"time":0,"x":0,"y":0,"curve":"stepped"},{"time":0.1,"x":0,"y":0},{"time":0.2333,"x":1.175,"y":1.175},{"time":0.4333,"x":0,"y":0}]},"xing3":{"rotate":[{"time":0,"angle":0,"curve":"stepped"},{"time":0.1666,"angle":0}],"translate":[{"time":0,"x":-51.51,"y":-9.87,"curve":"stepped"},{"time":0.1666,"x":-51.51,"y":-9.87}],"scale":[{"time":0,"x":0,"y":0,"curve":"stepped"},{"time":0.1666,"x":0,"y":0},{"time":0.2666,"x":0.967,"y":0.967},{"time":0.4333,"x":0,"y":0}]},"guang2":{"rotate":[{"time":0,"angle":0,"curve":"stepped"},{"time":0.0666,"angle":0}],"translate":[{"time":0,"x":-145.78,"y":-1.66,"curve":"stepped"},{"time":0.0666,"x":-145.78,"y":-1.66},{"time":0.2666,"x":-221.56,"y":-32.61},{"time":0.5666,"x":-250.71,"y":-44.52}],"scale":[{"time":0,"x":0,"y":0,"curve":"stepped"},{"time":0.0666,"x":0,"y":0},{"time":0.1666,"x":4.864,"y":4.864},{"time":0.3666,"x":1.067,"y":1.067},{"time":0.5666,"x":0,"y":0}]},"guang3":{"rotate":[{"time":0,"angle":0,"curve":"stepped"},{"time":0.0666,"angle":0}],"translate":[{"time":0,"x":-145.78,"y":-1.66,"curve":"stepped"},{"time":0.0666,"x":-145.78,"y":-1.66},{"time":0.2,"x":-123.43,"y":-65.94},{"time":0.5,"x":-112.26,"y":-98.08}],"scale":[{"time":0,"x":0,"y":0,"curve":"stepped"},{"time":0.0666,"x":0,"y":0},{"time":0.1,"x":3.147,"y":3.147},{"time":0.2333,"x":1.067,"y":1.067},{"time":0.5,"x":0,"y":0}]},"guang4":{"rotate":[{"time":0,"angle":0}],"translate":[{"time":0,"x":-145.78,"y":-1.66},{"time":0.1,"x":-171.54,"y":73.4},{"time":0.3666,"x":-182.99,"y":106.77}],"scale":[{"time":0,"x":0,"y":0},{"time":0.0333,"x":4.973,"y":4.973},{"time":0.1333,"x":1.067,"y":1.067},{"time":0.3666,"x":0,"y":0}]},"guang5":{"rotate":[{"time":0,"angle":0,"curve":"stepped"},{"time":0.0666,"angle":0}],"translate":[{"time":0,"x":-145.78,"y":-1.66,"curve":"stepped"},{"time":0.0666,"x":-145.78,"y":-1.66},{"time":0.5666,"x":-24.47,"y":-16.38}],"scale":[{"time":0,"x":0,"y":0,"curve":"stepped"},{"time":0.0666,"x":0,"y":0},{"time":0.1666,"x":4.497,"y":4.497},{"time":0.2666,"x":1.067,"y":1.067},{"time":0.5666,"x":0,"y":0}]},"guang6":{"rotate":[{"time":0,"angle":0}],"translate":[{"time":0,"x":-145.78,"y":-1.66},{"time":0.1333,"x":-226.2,"y":29.12},{"time":0.4333,"x":-288.77,"y":55.7}],"scale":[{"time":0,"x":0,"y":0},{"time":0.0666,"x":5.123,"y":5.123},{"time":0.1666,"x":2.297,"y":2.297},{"time":0.4333,"x":0,"y":0}]},"xing4":{"rotate":[{"time":0,"angle":0,"curve":"stepped"},{"time":0.0666,"angle":0}],"translate":[{"time":0,"x":-141.5,"y":-151.42,"curve":"stepped"},{"time":0.0666,"x":-141.5,"y":-151.42}],"scale":[{"time":0,"x":0,"y":0,"curve":"stepped"},{"time":0.0666,"x":0,"y":0},{"time":0.2333,"x":0.967,"y":0.967},{"time":0.4666,"x":0,"y":0}]},"xing5":{"rotate":[{"time":0,"angle":0,"curve":"stepped"},{"time":0.2,"angle":0}],"translate":[{"time":0,"x":-60.13,"y":-127.81,"curve":"stepped"},{"time":0.2,"x":-60.13,"y":-127.81}],"scale":[{"time":0,"x":0,"y":0,"curve":"stepped"},{"time":0.2,"x":0,"y":0},{"time":0.3333,"x":1.309,"y":1.309},{"time":0.5666,"x":0,"y":0}]}}}}},[0]]],0,0,[0],[-1],[0]]
