[1,["6fDZKXSvtA0bUBDysUcuZh@6c48a"],["_textureSource"],["cc.SpriteFrame"],0,[{"name":"ocean_newjk02_04","rect":{"x":59,"y":78,"width":906,"height":92},"offset":{"x":0,"y":4},"originalSize":{"width":1024,"height":256},"rotated":false,"capInsets":[0,0,0,0],"vertices":{"rawPosition":[-453,-46,0,453,-46,0,-453,46,0,453,46,0],"indexes":[0,1,2,2,1,3],"uv":[59,178,965,178,59,86,965,86],"nuv":[0.0576171875,0.3359375,0.9423828125,0.3359375,0.0576171875,0.6953125,0.9423828125,0.6953125],"minPos":{"x":-453,"y":-46,"z":0},"maxPos":{"x":453,"y":46,"z":0}},"packable":true,"pixelsToUnit":100,"pivot":{"x":0.5,"y":0.5},"meshType":0}],[0],0,[0],[0],[0]]
