[1,["a4ZWfHTVtA1YoR4q0PUKwd","83HL/FaixJHrPC9cTphcGL@f9941","7dZ+hrOy9FCIFoNEi8olCL@f9941","20g1ukYUVPvKWKBRznAKo+@f9941","54TknWPwVPqJqeCR+Y/Czo@f9941","95EkngnxZFbYuFpsqVTaFr@f9941","2f5oHoi2VG8q/etxP7Fe6F@f9941","2b3ZSduuJAIo3iz18q+Yzm@f9941","436foioMlFKbYL+A0VS48z@f9941","1dxoWmRNNFkIf90z7BUv5n@6c48a","1dxoWmRNNFkIf90z7BUv5n@f9941","45IAdEYvZIwogsvkAgwdv7@f9941","b7oS310RFLk4e2QsWWcD+3@f9941","19ZpJHZghIBLJ5+QqgdwK/@f9941","f01OGXWaxP/YL0far+D8E0@f9941","53xfbEHzhKG6axHFMXF9N/","daMUvzGt1Dg71Lya4tqvfL@f9941","42TTPb2IhJlK9RbgjXwrJ3@f9941","32HzvtGSFNrpiaOvDkaJHi@f9941","ebhzOfY61OLKpSdhfBMI/c@f9941","199BuBxU1HK57jgwgGZvzW@f9941","0dpecoZGJFrZ+GNkIM08Hn@f9941","730jb67EhGQZggW7l4MG60@f9941","51RZ7Ve1ZOcIG/V8GsXCQr@f9941","1cJgYfmihHcIB1I0MqNoPH@f9941","9aOiHyt9pKap1PrvG3HJEu@f9941","d9K3RRqvBEqa8B0JDJjezl@f9941","ac5brZf2tIPLOkXGiSKaQo@f9941","e1NhvUZbZBbawUSF7OTHzH@f9941","d8+PH3rtBHPqkRkNly3g0E@f9941","b4GIZqmVlO/L7+8u4gVaNy@f9941","e6Q8noktVD/asyG1k7GxyI@f9941"],["node","_spriteFrame","_atlas","_target","_normalSprite","_parent","_checkMark","_hoverSprite","_pressedSprite","_disabledSprite","_textureSource","root","_barSprite","data","_font"],[["cc.Node",["_name","_layer","_active","_components","_prefab","_parent","_children","_lpos"],0,9,4,1,2,5],["cc.Sprite",["_sizeMode","_type","node","__prefab","_spriteFrame","_atlas"],1,1,4,6,6],["cc.UITransform",["node","__prefab","_contentSize","_anchorPoint"],3,1,4,5,5],["cc.Label",["_string","_actualFontSize","_fontSize","_isSystemFontUsed","_spacingX","_overflow","_isBold","node","__prefab","_color","_font"],-4,1,4,5,6],["cc.Node",["_name","_layer","_active","_parent","_components","_prefab","_children","_lpos"],0,1,12,4,2,5],["cc.Layout",["_layoutType","_spacingX","node","__prefab"],1,1,4],["cc.Toggle",["_isChecked","node","__prefab","_normalColor","_target","_checkMark","_normalSprite"],2,1,4,5,1,1,6],["cc.Button",["_transition","_zoomScale","node","__prefab","_normalColor","_target","_normalSprite","_hoverSprite","_pressedSprite","_disabledSprite"],1,1,4,5,1,6,6,6,6],"cc.SpriteFrame",["cc.Prefab",["_name"],2],["cc.CompPrefabInfo",["fileId"],2],["cc.PrefabInfo",["fileId","instance","targetOverrides","nestedPrefabInstanceRoots","root","asset"],-1,1,1],["cc.ProgressBar",["_totalLength","_progress","node","__prefab","_barSprite"],1,1,4,1],["cc.ToggleContainer",["node","__prefab"],3,1,4]],[[10,0,2],[11,0,1,2,3,4,5,5],[2,0,1,2,1],[0,0,5,3,4,7,2],[1,2,3,4,5,1],[3,0,1,2,7,8,9,4],[1,0,2,3,4,5,2],[0,0,5,6,3,4,7,2],[0,0,1,5,3,4,3],[2,0,1,2,3,1],[3,0,1,2,6,7,8,9,5],[0,0,5,3,4,2],[2,0,1,1],[1,1,0,2,3,4,5,3],[0,0,6,3,4,7,2],[1,0,2,3,2],[7,0,1,2,3,4,5,6,7,8,9,3],[3,0,1,2,5,7,8,9,5],[9,0,2],[0,0,6,3,4,2],[0,0,5,6,3,4,2],[0,0,1,6,3,4,7,3],[0,0,2,5,3,4,7,3],[4,0,1,3,6,4,5,3],[4,0,2,1,3,6,4,5,4],[4,0,1,3,4,5,7,3],[2,0,1,3,1],[1,2,3,1],[1,1,0,2,3,4,3],[1,1,0,2,3,3],[12,0,1,2,3,4,3],[5,2,3,1],[5,0,1,2,3,3],[6,1,2,3,4,5,6,1],[6,0,1,2,3,4,5,6,2],[13,0,1,1],[7,0,1,2,3,4,5,6,3],[3,0,1,2,3,4,7,8,10,6]],[[[{"name":"bg_dt_vip","rect":{"x":3,"y":2,"width":1056,"height":590},"offset":{"x":0,"y":0.5},"originalSize":{"width":1062,"height":595},"rotated":false,"capInsets":[0,0,0,0],"vertices":{"rawPosition":[-528,-295,0,528,-295,0,-528,295,0,528,295,0],"indexes":[0,1,2,2,1,3],"uv":[3,593,1059,593,3,3,1059,3],"nuv":[0.002824858757062147,0.005042016806722689,0.9971751412429378,0.005042016806722689,0.002824858757062147,0.9966386554621849,0.9971751412429378,0.9966386554621849],"minPos":{"x":-528,"y":-295,"z":0},"maxPos":{"x":528,"y":295,"z":0}},"packable":true,"pixelsToUnit":100,"pivot":{"x":0.5,"y":0.5},"meshType":0}],[8],0,[0],[10],[9]],[[[18,"vipMain"],[19,"vipMain",[-3,-4,-5,-6,-7,-8,-9],[[12,-2,[0,"8ace0EwmNKabiI2l+DTE9X"]]],[1,"c46/YsCPVOJYA4mWEpNYRx",null,null,null,-1,0]],[14,"props_pro_levelbar",[-14,-15,-16,-17,-18,-19,-20,-21,-22,-23,-24,-25],[[2,-10,[0,"8cJIgwNplCYaq6QXlcs1I0"],[5,564,24]],[13,1,0,-11,[0,"a9CmxPum1A/7ML4Lp0DSsu"],44,45],[30,540,0,-13,[0,"35DvjmGgJKS5zG0tnAftTI"],-12]],[1,"26JaP76zpHWIQYpSLoPvbS",null,null,null,1,0],[1,-1,122,0]],[20,"Layout_vip_level",1,[-28,-29,-30,2,-31,-32,-33],[[12,-26,[0,"41yR6WYF5ImaLxZ1707/TA"]],[31,-27,[0,"78RyTgla9Ge70DMsdLUZM8"]]],[1,"dbhbcJAP5Gmpflioal9VjF",null,null,null,1,0]],[7,"spr_vip_levelku",3,[-36,-37,-38,-39],[[2,-34,[0,"75PKogA1dM7JoPUyaY/m6I"],[5,80,80]],[27,-35,[0,"cbmeFCgotLZ5tWtT5LOxWG"]]],[1,"efglnrTlRDh6L/QMQEkt6I",null,null,null,1,0],[1,-367,121,0]],[21,"props_vip_toggle_item",33554432,[-45,-46],[[2,-40,[0,"a207EwUtFE1InLj+DtWgCu"],[5,86,36]],[6,0,-41,[0,"85yBVgq+FOG48msdkMKO1Y"],48,49],[33,-44,[0,"53Z4s9HLlATatj7J1f2DCZ"],[4,4292269782],-43,-42,50]],[1,"d9gY3OZstFsqDwmg3Y2qXX",null,null,null,1,0],[1,43,51,0]],[14,"Toggle2",[-52,-53],[[2,-47,[0,"3cpjC4BtBGlo6jr2ore3rX"],[5,86,36]],[6,0,-48,[0,"68hxfWE2VHPZnTlFriAgCn"],51,52],[34,false,-51,[0,"965y3ABdtKkqVrZ2yGtU2f"],[4,4292269782],-50,-49,53]],[1,"1dPhRpbFhG65TnDT1iUSmP",null,null,null,1,0],[1,131,51,0]],[7,"node_remind",3,[-55,-56,-57,-58],[[2,-54,[0,"90ng0TVm5NToETRQn6i1zk"],[5,500,100]]],[1,"18sHyudk5FFqixPxDDtUCH",null,null,null,1,0],[1,-6,163,0]],[7,"props_togglegroup_vip",3,[5,6],[[35,-59,[0,"f8v9bn9DRKUbYlYtV690A/"]],[26,-60,[0,"6caUkm8ZpDSYX3CcaRaSeD"],[0,0,0.5]],[32,1,2,-61,[0,"eefTN/zUZFc5k6aaRLIabc"]]],[1,"26dNmk5dhPLa5kFRqie1qK",null,null,null,1,0],[1,-430.648,0,0]],[7,"props_node_remindtext",3,[-63,-64,-65,-66],[[2,-62,[0,"1d1WLeGapH1bdWlyFiokG3"],[5,500,100]]],[1,"85l4J9M1BN06xLO0L+2bXC",null,null,null,1,0],[1,-6,-58,0]],[3,"props_btn_vip_close",1,[[2,-67,[0,"adekPyIXtDo4Ygtba1DXJC"],[5,61,79]],[13,1,0,-68,[0,"9d8WQSgt9PrrtClfYXgQQ/"],2,3],[16,3,0.9,-70,[0,"fc+isBtNpOIIbsdMS0Ppf6"],[4,4292269782],-69,4,5,6,7]],[1,"d8+LtX00xIuI+eNEmXPl3g",null,null,null,1,0],[1,497,238,0]],[3,"props_btn_topup",3,[[2,-71,[0,"a6vWVlQDJKApSn6eKF3jO6"],[5,159,62]],[28,1,0,-72,[0,"64OuCEup1Ltq8TCxLZVoiJ"],17],[16,3,0.9,-74,[0,"c0md8B1FtILp44l7jOW2XP"],[4,4292269782],-73,18,19,20,21]],[1,"99GGq2Zx5JP7eTGDcAeazL",null,null,null,1,0],[1,376,123,0]],[3,"props_btn_aktifkan",1,[[2,-75,[0,"16DzCbq3xNBJffDoHBmzmX"],[5,256,88]],[13,1,0,-76,[0,"3a2IfzZ0FLLbC66CrFB39p"],54,55],[36,3,0.9,-78,[0,"48sQBgET1FDK/DvMzU8DEM"],[4,4292269782],-77,56]],[1,"4ewmXGcZlM6I4OwefVQuxq",null,null,null,1,0],[1,-5,-141,0]],[7,"props_node_locate",3,[-80,-81],[[12,-79,[0,"44k3/pVtBBeoazVOZqCo9h"]]],[1,"cbRJg4EkZHJrPgMZnVcIK/",null,null,null,1,0],[1,-268,103,0]],[23,"Checkmark",33554432,5,[-84],[[[2,-82,[0,"84jtFwDnFOsbmfDj5kTyAq"],[5,96,46]],-83],4,1],[1,"0e4OGv1G5H2qz5A7kechtq",null,null,null,1,0]],[24,"Checkmark",false,33554432,6,[-87],[[[2,-85,[0,"961tj8tXZG16Sayd0CeJDh"],[5,96,46]],-86],4,1],[1,"dbVdgvd61CWIm4bYwPNDcl",null,null,null,1,0]],[11,"spr_vip_bg",1,[[2,-88,[0,"69tPUKKw1I2L5WIQ1A+ErC"],[5,1056,590]],[4,-89,[0,"742n0hcqpD3YpsEiEtJDsm"],0,1]],[1,"fc4cpE2llJPKdEl8epWCvi",null,null,null,1,0]],[3,"spr_vip_title",1,[[2,-90,[0,"30dUkilNtBuLsgBeQIUyoB"],[5,432,66]],[6,2,-91,[0,"3bW/w6+ONC4IJCzYc+IyFO"],8,9]],[1,"16NiOgMcFIQ69kzoJn8Och",null,null,null,1,0],[1,0,221,0]],[11,"spr_levelku_bg",4,[[2,-92,[0,"857wPyKm5IGYvDGcwuEHVO"],[5,80,80]],[4,-93,[0,"d6J/IyZMxL0avMwfogto+9"],10,11]],[1,"0eYpzo+CtJE7SEOzPEc63k",null,null,null,1,0]],[3,"props_diamond_icon",4,[[2,-94,[0,"0cUzCctIxNsbaHg+qG6SXH"],[5,50,38]],[6,0,-95,[0,"cczJ49byVPVLFK72OUrr+n"],12,13]],[1,"91squFn0NKu7eaBQRp+kPE",null,null,null,1,0],[1,0,-6,0]],[3,"spr_levelku_text",4,[[2,-96,[0,"4adF9Y8BhPw7dg7NBtg5d8"],[5,94,22]],[6,0,-97,[0,"46cXTleXxEdZKTm7pjj6IO"],14,15]],[1,"48ZJ/9RuNBKrsLr+WTvmii",null,null,null,1,0],[1,-10,-25,0]],[3,"props_me_vip_level_label",4,[[9,-98,[0,"87DOzPbm5Atp5YmKR7ixn2"],[5,20.4,40],[0,0,0.5]],[37,"0",24,24,false,-2,-99,[0,"5e7air/yZMWYLJHtdJns11"],16]],[1,"35tU5x4otDBbUXev7W0nnb",null,null,null,1,0],[1,43,-25,0]],[3,"label_text1",7,[[2,-100,[0,"adzGQvKcNFc5WeeryJafZg"],[5,224.14,50.4]],[5,"Continue to recharge",24,24,-101,[0,"ed67y+96tL7p87EEnrrlYQ"],[4,4283805139]]],[1,"12qV5hNmpFjqEH7S7e6hof",null,null,null,1,0],[1,-158,0,0]],[3,"props_remind_next_level_gold",7,[[2,-102,[0,"64fIQtjoBARqFcuUL8Lvh3"],[5,86.75,50.4]],[17,"500,000",23,24,2,-103,[0,"90pd7rxu5IeaL5ACpIOwhF"],[4,4291689471]]],[1,"4cLC5mY4BEmZ/iVoPYiysg",null,null,null,1,0],[1,6,0,0]],[3,"label_text3",7,[[2,-104,[0,"f0TOaS0O5JAa2j8B9RTRIO"],[5,141.45,50.4]],[5,"to upgrade to",24,24,-105,[0,"eeovLDDZpEVJoOrZbF7NlS"],[4,4283805139]]],[1,"6dyW1MA+lM0ZJ+ndHfRjJ/",null,null,null,1,0],[1,131,0,0]],[3,"props_remind_vip",7,[[9,-106,[0,"53fFJ0jbdEI4BalztPLMk5"],[5,65.38,50.4],[0,0,0.5]],[5,"VIP10",24,24,-107,[0,"37T8viR89FTYQB9u5V6M0g"],[4,4281401268]]],[1,"33laeK+ZlHaa23SUI6VJt9",null,null,null,1,0],[1,222,0,0]],[25,"Bar",33554432,2,[[[9,-108,[0,"41+8OjpclCVLnI2cO0WUqt"],[5,0,20],[0,0,0.5]],-109],4,1],[1,"a1aQaw0ElH4aSiWDSGkCzE",null,null,null,1,0],[1,-268,0,0]],[3,"spr_level_icon0",2,[[2,-110,[0,"81+2uPa1pH2qrLFzFAO8b0"],[5,28,28]],[4,-111,[0,"6eQebwaCBHd6UkznBqJvF/"],22,23]],[1,"7cTj36IAJI94PAgGQw76KN",null,null,null,1,0],[1,-268,0,0]],[3,"spr_level_icon1",2,[[2,-112,[0,"b5N40hU15Nq5EeTzN5+97Q"],[5,28,28]],[4,-113,[0,"12sBm6HG5G1aDLZv3DFf0Q"],24,25]],[1,"8ai99/Lh1NSZuzSflU+KBZ",null,null,null,1,0],[1,-214,0,0]],[3,"spr_level_icon2",2,[[2,-114,[0,"d29qg1putIiarjDM6zWJrN"],[5,28,28]],[4,-115,[0,"c8kQGKyr1DFIn6h9geDYQO"],26,27]],[1,"87zbQurCFJELgi67uiRoPm",null,null,null,1,0],[1,-160,0,0]],[3,"spr_level_icon3",2,[[2,-116,[0,"fcSg7rZe9FPronkAbq5woO"],[5,28,28]],[4,-117,[0,"227ICQZnZPK6PbgLqCBCcr"],28,29]],[1,"79TB9RrXJI8a+R9uljx/rn",null,null,null,1,0],[1,-106,0,0]],[3,"spr_level_icon4",2,[[2,-118,[0,"47P8ekfFNDSZk3Fen8hbW8"],[5,28,28]],[4,-119,[0,"bferx/seRAk482ZApAlezW"],30,31]],[1,"7e1wh8mqNPY4C3ESbvAaKZ",null,null,null,1,0],[1,-52,0,0]],[3,"spr_level_icon5",2,[[2,-120,[0,"b6yRyaYEFIhbN4gRxtJZjl"],[5,28,28]],[4,-121,[0,"7a35JQow1Fa4tZGeB5jjFa"],32,33]],[1,"6da7ra/lNOrK4BHX4ng7Ei",null,null,null,1,0],[1,2,0,0]],[3,"spr_level_icon6",2,[[2,-122,[0,"0fvQcQAfFMYaczNnD606oL"],[5,28,28]],[4,-123,[0,"d0VUTDoIFCs7Apk/2ZPSeV"],34,35]],[1,"d5dS895PZHkoGUbbsWAEvW",null,null,null,1,0],[1,56,0,0]],[3,"spr_level_icon7",2,[[2,-124,[0,"c2VHXn4btOAqFNi477UPjn"],[5,28,28]],[4,-125,[0,"9dYvQ2GDdOpbrMl+INgmz1"],36,37]],[1,"7byTum9TJKDqN3sVvG8kUe",null,null,null,1,0],[1,110,0,0]],[3,"spr_level_icon8",2,[[2,-126,[0,"56np8RFRJBEpfDPyPukh5+"],[5,28,28]],[4,-127,[0,"b7+E94+idLRocvodC/G+rx"],38,39]],[1,"59/i63z0xGtYl1CES10Fsd",null,null,null,1,0],[1,164,0,0]],[3,"spr_level_icon9",2,[[2,-128,[0,"d84ncR3NdDq5MtIz8aWUTE"],[5,28,28]],[4,-129,[0,"d4jcrKPqlFFrZ1IPogzwZ+"],40,41]],[1,"fdBDRe2j5H+IGvsUqERXTb",null,null,null,1,0],[1,218,0,0]],[3,"spr_level_icon10",2,[[2,-130,[0,"18NnNy+bhI54Zv9aObpm9J"],[5,28,28]],[4,-131,[0,"76omX0typCyJdFmaUQFBOk"],42,43]],[1,"6e6pMQRiRDvK5aQNTBb9jg",null,null,null,1,0],[1,272,0,0]],[11,"spr_triangle",13,[[2,-132,[0,"7d2QM1ihJG34hclLZ/Xuqo"],[5,20,18]],[4,-133,[0,"66Gx1/oVBBOZhAtZVzZe+1"],46,47]],[1,"586qF9NidFwr205aDYpkA7",null,null,null,1,0]],[3,"label_suffer",13,[[2,-134,[0,"d8vgyf1WBOyIjVs2xGqD+5"],[5,50.05,50.4]],[5,"5,000",20,20,-135,[0,"86M8gl+N5ExIlj5n/MsyTR"],[4,4281401268]]],[1,"93HuNOK8xCPq2NiMQ3o1Sd",null,null,null,1,0],[1,0,-19,0]],[8,"label_vip_unchecked",33554432,5,[[2,-136,[0,"57BD66Of1O9IAPlKtCqm6W"],[5,48.92,50.4]],[10,"VIP 1",20,20,true,-137,[0,"6eisQkdyNHY7g2AWTfrNRw"],[4,4286890738]]],[1,"2e6dKQg5hGuYJNrXJQqdYn",null,null,null,1,0]],[8,"label_vip_checked",33554432,14,[[2,-138,[0,"63MKDzjzxCdK3otTkHxw78"],[5,48.92,50.4]],[10,"VIP 1",20,20,true,-139,[0,"9aDfBgdJ5K9KgvjZSRqx2Q"],[4,4279400421]]],[1,"dbFFnetxZBEKuYaWc3bwZy",null,null,null,1,0]],[8,"label_vip_unchecked",33554432,6,[[2,-140,[0,"32OdhuVwBJNrys8uAc0tFl"],[5,48.92,50.4]],[10,"VIP 2",20,20,true,-141,[0,"9dA0AjgolHoJpAdZiz5weo"],[4,4286890738]]],[1,"5dYrr73yhDc55YVh1mbUgl",null,null,null,1,0]],[8,"label_vip_checked",33554432,15,[[2,-142,[0,"59/HWxFyRHL6UIvfwHr3Yi"],[5,48.92,50.4]],[10,"VIP 2",20,20,true,-143,[0,"71u20eOFdAO7HeJ6W3QzJK"],[4,4280561779]]],[1,"000Ap4mt9GZ7COUrX4jZ2/",null,null,null,1,0]],[3,"label_text1",9,[[2,-144,[0,"b1AhC4A6VKprFkYRonPk5G"],[5,224.14,50.4]],[5,"Continue to recharge",24,24,-145,[0,"e7Syk7ysNPNZCw3CnMaNjs"],[4,4283805139]]],[1,"31kUUdH2hJJLyTkj8nvbVC",null,null,null,1,0],[1,-158,0,0]],[3,"props_remindtext_next_label_gold",9,[[2,-146,[0,"3eLmWhQedEZ7ckAgO8YqJo"],[5,86.75,50.4]],[17,"500,000",23,24,2,-147,[0,"4489V0B4tNJ4URXBhEtEqD"],[4,4291689471]]],[1,"fftS1ZU8NNtb382lSJcnUz",null,null,null,1,0],[1,6,0,0]],[3,"label_text3",9,[[2,-148,[0,"d2RM5q5pxG8riQigXlMVqL"],[5,141.45,50.4]],[5,"to upgrade to",24,24,-149,[0,"2aXDiAZhxLm5XBGz0+ExXW"],[4,4283805139]]],[1,"9bn6lN8YBKxJ43SCDcCDva",null,null,null,1,0],[1,131,0,0]],[3,"props_remindtext_vip",9,[[9,-150,[0,"15rmRFfoBIW5LZAkaIX6CC"],[5,65.38,50.4],[0,0,0.5]],[5,"VIP10",24,24,-151,[0,"c67dy7Z3NCBa9t6DEkkYhm"],[4,4281401268]]],[1,"62zr9XA5VPRa3+a6V2LMFa",null,null,null,1,0],[1,222,0,0]],[22,"props_spr_shade",false,1,[[2,-152,[0,"d5KS+OuVZKJ5PeEf7pWmi2"],[5,945,256]],[4,-153,[0,"8ebI4I6L9FgJQsiiVgzSjM"],57,58]],[1,"ebfYD9Q51LGIggZC4XVu7K",null,null,null,1,0],[1,0,-138,0]],[3,"spr_gaji",1,[[2,-154,[0,"42JW7+UC5DNK2Lb/gifpUA"],[5,558,30]],[6,2,-155,[0,"134oSXW5RGCJ1n+DbAwI/3"],59,60]],[1,"21htTFAHJLd7OpFmJ+5OuD",null,null,null,1,0],[1,0,8,0]],[29,1,0,26,[0,"01i6dzlopCOqHFvMTf/gFk"]],[15,0,14,[0,"ef/CzAg7xPR70ybuii6gGd"]],[15,0,15,[0,"b7oA1NQuRBJJF3NdXs4Mnq"]]],0,[0,11,1,0,0,1,0,-1,16,0,-2,10,0,-3,17,0,-4,3,0,-5,12,0,-6,48,0,-7,49,0,0,2,0,0,2,0,12,50,0,0,2,0,-1,26,0,-2,27,0,-3,28,0,-4,29,0,-5,30,0,-6,31,0,-7,32,0,-8,33,0,-9,34,0,-10,35,0,-11,36,0,-12,37,0,0,3,0,0,3,0,-1,4,0,-2,11,0,-3,7,0,-5,13,0,-6,8,0,-7,9,0,0,4,0,0,4,0,-1,18,0,-2,19,0,-3,20,0,-4,21,0,0,5,0,0,5,0,6,51,0,3,5,0,0,5,0,-1,40,0,-2,14,0,0,6,0,0,6,0,6,52,0,3,6,0,0,6,0,-1,42,0,-2,15,0,0,7,0,-1,22,0,-2,23,0,-3,24,0,-4,25,0,0,8,0,0,8,0,0,8,0,0,9,0,-1,44,0,-2,45,0,-3,46,0,-4,47,0,0,10,0,0,10,0,3,10,0,0,10,0,0,11,0,0,11,0,3,11,0,0,11,0,0,12,0,0,12,0,3,12,0,0,12,0,0,13,0,-1,38,0,-2,39,0,0,14,0,-2,51,0,-1,41,0,0,15,0,-2,52,0,-1,43,0,0,16,0,0,16,0,0,17,0,0,17,0,0,18,0,0,18,0,0,19,0,0,19,0,0,20,0,0,20,0,0,21,0,0,21,0,0,22,0,0,22,0,0,23,0,0,23,0,0,24,0,0,24,0,0,25,0,0,25,0,0,26,0,-2,50,0,0,27,0,0,27,0,0,28,0,0,28,0,0,29,0,0,29,0,0,30,0,0,30,0,0,31,0,0,31,0,0,32,0,0,32,0,0,33,0,0,33,0,0,34,0,0,34,0,0,35,0,0,35,0,0,36,0,0,36,0,0,37,0,0,37,0,0,38,0,0,38,0,0,39,0,0,39,0,0,40,0,0,40,0,0,41,0,0,41,0,0,42,0,0,42,0,0,43,0,0,43,0,0,44,0,0,44,0,0,45,0,0,45,0,0,46,0,0,46,0,0,47,0,0,47,0,0,48,0,0,48,0,0,49,0,0,49,0,13,1,2,5,3,5,5,8,6,5,8,155],[0,0,0,0,0,0,0,0,0,0,0,0,0,0,0,0,0,0,0,0,0,0,0,0,0,0,0,0,0,0,0,0,0,0,0,0,0,0,0,0,0,0,0,0,0,0,0,0,0,0,0,0,0,0,0,0,0,0,0,0,0,50,50,51,51,52,52],[1,2,1,2,4,7,8,9,1,2,1,2,1,2,1,2,14,1,4,7,8,9,1,2,1,2,1,2,1,2,1,2,1,2,1,2,1,2,1,2,1,2,1,2,1,2,1,2,1,2,4,1,2,4,1,2,4,1,2,1,2,1,2,1,2,1,2],[10,0,2,0,2,3,4,5,11,0,12,0,13,0,14,0,15,6,6,3,4,5,16,0,17,0,18,0,19,0,20,0,21,0,22,0,23,0,24,0,25,0,26,0,27,0,28,0,1,0,1,1,0,1,7,0,7,29,0,30,0,31,0,8,0,8,0]]]]
