[1,["1c05a3684@6c48a"],["_textureSource"],["cc.SpriteFrame","cc.SpriteAtlas"],0,[[[{"name":"maintenance_popup_bg","rect":{"x":2,"y":520,"width":740,"height":473},"offset":{"x":0,"y":0},"originalSize":{"width":740,"height":473},"rotated":false,"capInsets":[0,0,0,0],"packable":true,"pixelsToUnit":100,"pivot":{"x":0.5,"y":0.5},"meshType":0}],[0],0,[0],[0],[0]],[[{"name":"btn_login_loginAkun","rect":{"x":746,"y":503,"width":416,"height":80},"offset":{"x":0,"y":0},"originalSize":{"width":418,"height":82},"rotated":true,"capInsets":[0,0,0,0],"packable":true,"pixelsToUnit":100,"pivot":{"x":0.5,"y":0.5},"meshType":0}],[0],0,[0],[0],[0]],[[{"name":"btn_login_login1","rect":{"x":746,"y":923,"width":220,"height":56},"offset":{"x":0,"y":0},"originalSize":{"width":220,"height":56},"rotated":false,"capInsets":[0,0,0,0],"packable":true,"pixelsToUnit":100,"pivot":{"x":0.5,"y":0.5},"meshType":0}],[0],0,[0],[0],[0]],[[{"name":"btn_login_phone","rect":{"x":830,"y":503,"width":416,"height":80},"offset":{"x":0,"y":0},"originalSize":{"width":418,"height":82},"rotated":true,"capInsets":[0,0,0,0],"packable":true,"pixelsToUnit":100,"pivot":{"x":0.5,"y":0.5},"meshType":0}],[0],0,[0],[0],[0]],[[{"name":"btn_login_tamu","rect":{"x":914,"y":503,"width":416,"height":80},"offset":{"x":0,"y":0},"originalSize":{"width":418,"height":82},"rotated":true,"capInsets":[0,0,0,0],"packable":true,"pixelsToUnit":100,"pivot":{"x":0.5,"y":0.5},"meshType":0}],[0],0,[0],[0],[0]],[[{"name":"login_icon","rect":{"x":745,"y":2,"width":497,"height":246},"offset":{"x":0,"y":0.5},"originalSize":{"width":499,"height":247},"rotated":true,"capInsets":[0,0,0,0],"packable":true,"pixelsToUnit":100,"pivot":{"x":0.5,"y":0.5},"meshType":0}],[0],0,[0],[0],[0]],[[{"name":"auto_login","spriteFrames":["panel_login_bg","51Bej1HZBA5pjL+lRJB0Fj@f9941","panel_login_remind","d4d8jkvu9FF7gtTTeeLhse@f9941","word_login_login","51PmY3QTVAfJtgU+sN2toD@f9941","btn_login_ok1","14M0vXiNxOXoJE3ZzYtkcR@f9941","bg_denglu_box","fdAbOvptZKbLQGyhcL8xqH@f9941","btn_denglu_LogIn","1corxxJBlOnJXHMlAHGXfW@f9941","lgoin_close","b2zNAimABIR4q8O/+b2i3l@f9941","title_login_password","5bTH4WcoZOOYpo9JyXfg5e@f9941","btn_login_situs","14KkSprJZOAo6ABte7nfLK@f9941","title_denlgu_AkunMasuk","847S2mA8VDv6hC0jg9oDn6@f9941","title_login_phone","a0cg7vPaJMz5xZdsdiPrqX@f9941","btn_login_down","0aOy8DGCpDRooHe3DHVpRn@f9941","zi_denglu_querenmima","9417QZT+dKi63o62E6DE1F@f9941","word_login_password","be0MVZpj5EHLwwNthxqH0S@f9941","word_login_phone","23pAySH9VNI5Jh+tvvB1T4@f9941","zi_denglu_Sandi","97fCEWOSVA6a60wdZVMDDo@f9941","word_login_password1","07g8GPJVpGyoUFdThdyb0a@f9941","word_login_captcha","fco6nLiuVKobXoNu04rq3H@f9941","zi_denglu_yanzhengma","3dhnsQphhCcpFDknyaNI8p@f9941","word_login_phone1","eeu186DlVD0ogch7E2e2zo@f9941","zi_denglu_Akun","496OIBm6RKq5SJ4LR1owJt@f9941","btn_login_up","8fqQFemDpDz4EAr7RJWPYe@f9941","btn_dt_dl_xuanzhong","a1eIxr499OxYyOBk90KnOn@f9941","bin_dt_dl_weixuan","bdL52J3BRNs4qrrgFgazfC@f9941","img_prohibit_login","d0NxtlpDdBp4bKemQuRATj@f9941","maintenance_popup_bg","0eHRcXDehJSYXdAEzrJgVR@f9941","login_icon","aduJOIDnxNc7PGv0DPAWGt@f9941","btn_login_loginAkun","16fUwxG21Hp7s61PAF/WJL@f9941","btn_login_login1","218NWviARKNaDy/6V6Aybg@f9941","btn_login_phone","3ex4ESQutCt7PSsrgjgOOJ@f9941","btn_login_tamu","5dCi64Jo5FgoFr4wVRIfXd@f9941","btn_login_ok","c4Y0d4KAlN+KN+DgBeCcv/@f9941","btn_login_common","e1Dg32+EVIsZB7gJp4xdrU@f9941","btn_denglu_OK","d0wob/SapLXIcwWShQJPGp@f9941","title_denlgu_zhuce","c1m95drkNPQrIHKH7HDXs6@f9941","btn_denglu_DaftarAkun","d71FhUgCJKnpvgDmQ2q5xR@f9941","btn_login_login","d9tmx+PqtPepVwj4KPV/UO@f9941","word_login_mind","9en+u2Y/VNoqZUtK68AeOK@f9941","MencobaLagi","5drlcyuw1MuYnYhwlBZSRd@f9941","zi_verfication_code","7aZ8y4qwdEzLGdfjEO3B5x@f9941","word_login_setpassword","18n9HWietI4ICoS/xhZqk8@f9941","zi_denglu_confirm","926NZ3nQlOSar+XWSPxqcD@f9941","panel_login_k","3ekLW6jkdL2LjWQE3LOWma@f9941","btn_off","ba6P28YPdJK6VVEq+FbY/2@f9941","btn_dt_off","ed79NL8GFMQJi8eHnh581+@f9941","input_login","225esRjxBHXYPNaksRqUTn@f9941","bg_dt_yanzhengmabox","a5uTR2NgdFZ4OCf+CSo9Cc@f9941","yanzhengmabox","6a4EQgTGRO05AfdUJwsZjy@f9941","btn_dt_dl_kefu","f2DmilD/lOwp/kf5fBh9In@f9941","btn_wangjimima ","7bo7zhD4xNcriU3IKUcaaw@f9941","btn_login_setpassword","94oDOf9AZNdLsJyYn/jXGp@f9941","btn_login_send","ccxK3ZNQBGmZBhQflPM3+V@f9941","btn_dt_dl_gonggao","0a0+erGKtM15x7ZlY8XR5N@f9941"]}],[1],0,[],[],[]],[[{"name":"img_prohibit_login","rect":{"x":2,"y":2,"width":739,"height":514},"offset":{"x":0.5,"y":3},"originalSize":{"width":740,"height":520},"rotated":false,"capInsets":[0,0,0,0],"packable":true,"pixelsToUnit":100,"pivot":{"x":0.5,"y":0.5},"meshType":0}],[0],0,[0],[0],[0]]]]
