[1,["1da78d76e@6c48a"],["_textureSource"],["cc.SpriteFrame","cc.SpriteAtlas"],0,[[[{"name":"img_common_di2","rect":{"x":899,"y":905,"width":117,"height":107},"offset":{"x":0,"y":0},"originalSize":{"width":117,"height":107},"rotated":false,"capInsets":[0,0,0,0],"packable":true,"pixelsToUnit":100,"pivot":{"x":0.5,"y":0.5},"meshType":0}],[0],0,[0],[0],[0]],[[{"name":"bg_xifneng_shufukuang","rect":{"x":899,"y":557,"width":342,"height":66},"offset":{"x":0,"y":0},"originalSize":{"width":342,"height":66},"rotated":true,"capInsets":[19,16,19,16],"packable":true,"pixelsToUnit":100,"pivot":{"x":0.5,"y":0.5},"meshType":0}],[0],0,[0],[0],[0]],[[{"name":"btn_set_on","rect":{"x":749,"y":919,"width":120,"height":30},"offset":{"x":0,"y":0},"originalSize":{"width":120,"height":30},"rotated":false,"capInsets":[0,0,0,0],"packable":true,"pixelsToUnit":100,"pivot":{"x":0.5,"y":0.5},"meshType":0}],[0],0,[0],[0],[0]],[[{"name":"png_update_tipsBg","rect":{"x":3,"y":3,"width":740,"height":473},"offset":{"x":0,"y":0},"originalSize":{"width":740,"height":473},"rotated":false,"capInsets":[0,0,0,0],"packable":true,"pixelsToUnit":100,"pivot":{"x":0.5,"y":0.5},"meshType":0}],[0],0,[0],[0],[0]],[[{"name":"panel_common_left","rect":{"x":749,"y":3,"width":252,"height":548},"offset":{"x":0,"y":0},"originalSize":{"width":252,"height":548},"rotated":false,"capInsets":[0,0,0,0],"packable":true,"pixelsToUnit":100,"pivot":{"x":0.5,"y":0.5},"meshType":0}],[0],0,[0],[0],[0]],[[{"name":"fengexian","rect":{"x":1007,"y":3,"width":4,"height":261},"offset":{"x":0,"y":0},"originalSize":{"width":4,"height":261},"rotated":false,"capInsets":[0,0,0,0],"packable":true,"pixelsToUnit":100,"pivot":{"x":0.5,"y":0.5},"meshType":0}],[0],0,[0],[0],[0]],[[{"name":"btn_common_in","rect":{"x":749,"y":557,"width":260,"height":72},"offset":{"x":2,"y":0},"originalSize":{"width":268,"height":72},"rotated":true,"capInsets":[0,0,0,0],"packable":true,"pixelsToUnit":100,"pivot":{"x":0.5,"y":0.5},"meshType":0}],[0],0,[0],[0],[0]],[[{"name":"auto_tips","spriteFrames":["png_update_tipsBg","6avyFaTJRLnYoqLlO+nCaV@f9941","panel_common_left","6fyGJg0clLuKmqkbp04h/G@f9941","fengexian","7aXV6Y2NhHxaxxq0Wf6sCo@f9941","panel_common_bg2","c3pXMv4wNJdYMCZAdQTaUj@f9941","toast_bg","cdxn4qXHFOBbR1u1CluGOH@f9941","bg_xifneng_shufukuang","0cxKfdAURDv7yhq9k+L6Tw@f9941","img_common_di2","07IG5PaX9PVaBDbdVBvhEa@f9941","toast_error_bg2","fepv2IQ0lAb7g7ZR9cx7QM@f9941","icon_common_gold","deT/wF3cRECL6hB1mg6PtX@f9941","btn_common_in","98nH6dfjdI/rzl7zeckIve@f9941","panel_commom_bg3","e6ue5XdatCUJcQ1h42nxsS@f9941","btn_set_on","24hxrkSkxPEZCul1UJpADK@f9941","btn_common_up","c3GzbNPndGVZNq89eOvrqE@f9941","btn_common_of","eapyz/uEJOGJiMvsB5E9Um@f9941","newsTicker_bg","1eY8MhDQtBSq5GksGGkJrD@f9941","png_common_di3","78n66wzD1Pc7KFSxyYxPgn@f9941","pro_common_bg","21fczWiipJ+4Nn+4cnH+5a@f9941","Tingkatkan Akun","96NI+9kEZCdYLLHXKAHrL+@f9941","pro_common_bg1","9cXF+a9xBOQYQxKETm9h75@f9941","icon_dating_loading","56UMzwg6xEVKfLou1mGlRa@f9941","btn_set_off","d27zCyIGdIiZV+Jcm4xs8x@f9941","btn_mengikat","64+C00exdCHpQ/pUaaCnEC@f9941","pro_common_in","9aTD7Zu+pI8Lrkuz89ge1a@f9941","pro_common_in1","daJnF282dGmbKLPddLS/4m@f9941","icon_dating_loading2","74AQ69M3NAjput9L6s0T4S@f9941","word_tips_title","4fWoo8FXtJZq8PSa+IuHO4@f9941","img_common_di","eds1YjkQ9Pxaos46OmSuf+@f9941","img_common_di1","4fTf8K9D5AK6Batvn0nUGe@f9941","panel_commom_bg2","a9PLBduHRMo6VCa6HbIlyQ@f9941","btn_dt_off","e4uT78j39M2aEkr5/5HHvT@f9941","btn_dt_huang","35c/v9BCJFvL7cUP4srXfc@f9941","btn_dt_lv","dfYqb8DFlE2b7SKm64T36g@f9941","Nomor HP","17eLWQBfhEh7xfyQVkrHyx@f9941","bg_tishibox","dd7+V8SG1Jf5XpYWOUKsfI@f9941","word_tips_cancel","37Vni0zFdESbxjH3aU9KaD@f9941","bjinbi_big","759V6gJatDJ7NcUDP3qLgc@f9941","btn_hall_head2","25zhXAtrFHL5hVN24zE09y@f9941","btn_off","0aHq2RFGhJe7z/DrkSO1N5@f9941","Konfirmamsi Kata Sandi","5fkup/H81IJab4PlSYraOh@f9941","btn_hall_add2","82MBLvZINH97r3AqiWmmOl@f9941","Kata sandi","0fckUBP7NEz4iDkp5Bai7F@f9941","icon_yincang","1eYpbhdgxBVYOKHO9/yiAM@f9941","icon_common_man","7bqLnbp/ZPIJTYNJO0kqdw@f9941","btn_hall_add","c6vJaGFDhIGYC1IkQ1x1pm@f9941","icon_common_woman","32tJWC0S9DLZGuH5kpbibr@f9941","word_tips_ok","39AmbCr2NGArh2PdP+o4NP@f9941","btn_xinfeng_guanbi","15JTEVwXZA7ZLyPsem4J1+@f9941","newsTicker_bg1","3eW/K/paZBVJAQXNqfYdaG@f9941","btn_common_down","44G2a3y7tIOIDG2G6T7O/b@f9941"]}],[1],0,[],[],[]],[[{"name":"btn_common_up","rect":{"x":875,"y":919,"width":18,"height":18},"offset":{"x":0,"y":0},"originalSize":{"width":18,"height":18},"rotated":false,"capInsets":[0,0,0,0],"packable":true,"pixelsToUnit":100,"pivot":{"x":0.5,"y":0.5},"meshType":0}],[0],0,[0],[0],[0]],[[{"name":"panel_common_bg2","rect":{"x":3,"y":482,"width":740,"height":473},"offset":{"x":0,"y":0},"originalSize":{"width":740,"height":473},"rotated":false,"capInsets":[176,58,130,76],"packable":true,"pixelsToUnit":100,"pivot":{"x":0.5,"y":0.5},"meshType":0}],[0],0,[0],[0],[0]],[[{"name":"toast_bg","rect":{"x":3,"y":961,"width":890,"height":58},"offset":{"x":0,"y":0},"originalSize":{"width":890,"height":58},"rotated":false,"capInsets":[0,0,0,0],"packable":true,"pixelsToUnit":100,"pivot":{"x":0.5,"y":0.5},"meshType":0}],[0],0,[0],[0],[0]],[[{"name":"icon_common_gold","rect":{"x":971,"y":860,"width":39,"height":42},"offset":{"x":0,"y":0},"originalSize":{"width":39,"height":42},"rotated":true,"capInsets":[0,0,0,0],"packable":true,"pixelsToUnit":100,"pivot":{"x":0.5,"y":0.5},"meshType":0}],[0],0,[0],[0],[0]],[[{"name":"panel_commom_bg3","rect":{"x":749,"y":823,"width":138,"height":90},"offset":{"x":0,"y":0},"originalSize":{"width":138,"height":90},"rotated":false,"capInsets":[13,14,15,14],"packable":true,"pixelsToUnit":100,"pivot":{"x":0.5,"y":0.5},"meshType":0}],[0],0,[0],[0],[0]],[[{"name":"btn_common_of","rect":{"x":827,"y":557,"width":238,"height":62},"offset":{"x":0,"y":0},"originalSize":{"width":240,"height":64},"rotated":true,"capInsets":[0,0,0,0],"packable":true,"pixelsToUnit":100,"pivot":{"x":0.5,"y":0.5},"meshType":0}],[0],0,[0],[0],[0]],[[{"name":"toast_error_bg2","rect":{"x":971,"y":557,"width":297,"height":34},"offset":{"x":0,"y":0},"originalSize":{"width":297,"height":34},"rotated":true,"capInsets":[35,4,35,4],"packable":true,"pixelsToUnit":100,"pivot":{"x":0.5,"y":0.5},"meshType":0}],[0],0,[0],[0],[0]]]]
