[1,["1c5dd5b00@6c48a"],["_textureSource"],["cc.SpriteFrame","cc.SpriteAtlas"],0,[[[{"name":"bg_fenxiang_1_2","rect":{"x":3,"y":3,"width":492,"height":489},"offset":{"x":0,"y":0},"originalSize":{"width":492,"height":489},"rotated":false,"capInsets":[0,0,0,0],"packable":true,"pixelsToUnit":100,"pivot":{"x":0.5,"y":0.5},"meshType":0}],[0],0,[0],[0],[0]],[[{"name":"bg_fenxiang_1_1","rect":{"x":3,"y":498,"width":492,"height":489},"offset":{"x":0,"y":0},"originalSize":{"width":492,"height":489},"rotated":true,"capInsets":[0,0,0,0],"packable":true,"pixelsToUnit":100,"pivot":{"x":0.5,"y":0.5},"meshType":0}],[0],0,[0],[0],[0]],[[{"name":"Recharge Rebate for  Direct Affiliates","rect":{"x":965,"y":720,"width":217,"height":47},"offset":{"x":0,"y":0},"originalSize":{"width":217,"height":47},"rotated":true,"capInsets":[0,0,0,0],"packable":true,"pixelsToUnit":100,"pivot":{"x":0.5,"y":0.5},"meshType":0}],[0],0,[0],[0],[0]],[[{"name":"bg_fenxiang_1_3","rect":{"x":813,"y":3,"width":979,"height":88},"offset":{"x":0,"y":0},"originalSize":{"width":979,"height":88},"rotated":true,"capInsets":[0,0,0,0],"packable":true,"pixelsToUnit":100,"pivot":{"x":0.5,"y":0.5},"meshType":0}],[0],0,[0],[0],[0]],[[{"name":"icon_halo","rect":{"x":498,"y":759,"width":248,"height":245},"offset":{"x":0,"y":0},"originalSize":{"width":248,"height":245},"rotated":false,"capInsets":[0,0,0,0],"packable":true,"pixelsToUnit":100,"pivot":{"x":0.5,"y":0.5},"meshType":0}],[0],0,[0],[0],[0]],[[{"name":"zi_receive_1","rect":{"x":907,"y":952,"width":103,"height":27},"offset":{"x":0,"y":0},"originalSize":{"width":103,"height":27},"rotated":false,"capInsets":[0,0,0,0],"packable":true,"pixelsToUnit":100,"pivot":{"x":0.5,"y":0.5},"meshType":0}],[0],0,[0],[0],[0]],[[{"name":"Total number of invitations","rect":{"x":3,"y":996,"width":281,"height":23},"offset":{"x":0,"y":0},"originalSize":{"width":281,"height":23},"rotated":false,"capInsets":[0,0,0,0],"packable":true,"pixelsToUnit":100,"pivot":{"x":0.5,"y":0.5},"meshType":0}],[0],0,[0],[0],[0]],[[{"name":"bg_fenxiang_2","rect":{"x":501,"y":3,"width":306,"height":750},"offset":{"x":0,"y":0},"originalSize":{"width":306,"height":750},"rotated":false,"capInsets":[0,0,0,0],"packable":true,"pixelsToUnit":100,"pivot":{"x":0.5,"y":0.5},"meshType":0}],[0],0,[0],[0],[0]],[[{"name":"auto_refferal","spriteFrames":["3","fbcZu0vgtOJpRd64Skgdpi@f9941","title_bg_1","1aPYEz/ClHpqRZijrnPex1@f9941","btn_zi_4_0","2aew4LvQtN9aRJUAwZdgaC@f9941","bg_title_4","00P3xh72xGTZLp0PmArHdK@f9941","title_fenxiang_1_dibu","99hgy38Y1LZrEJ0wX2ZqZv@f9941","bg_title_2","7bYOpUGW1InYf7aL2ZBmct@f9941","bg_title_3","d6aBG4DtdFuaCQvW3FPCre@f9941","bg_fengixng_2_1","49SDFv+UJAvq0W2WOXNnr3@f9941","bg_fengixng_3_1","59WvFiSzhJRphwAp6rw34d@f9941","bg_fengixng_4_1","1bBlCuD65Iub2apGUg52Fz@f9941","My invitation QR code","4epv/kpLRJXaDpS7DFoBsb@f9941","Claimed Recharge Rebate","beLkrk3c9G6YDKZydrVVTk@f9941","My total reward_","d1s8yZBCFGALG+TU2E4v1F@f9941","Copy link","199Nxu17BAY4Lb5obd0cKu@f9941","btn_zi_save","57N6yD/edNl4JAiARvnZ5y@f9941","bg_fenxiang_1_2","05y2fEqLZO+4MaW1VHEaRY@f9941","bg_fenxiang_2","a3G/6GCM5CjoAKt9VdXhXV@f9941","bg_fenxiang_1_1","126il3RvRA2q08UAzP22s3@f9941","bg_fenxiang_1_3","4061wykwxE4K9RJtz7fP2i@f9941","icon_halo","5bpp8HVQZIEow4/w49fbzQ@f9941","Today’s rebate amount","e319jd65FOsbiqYZ0pgNfx@f9941","Yesterday’s rebate  amount","f1GrW0oS9O8qjqWh3HyBFm@f9941","Total number of invitations","6dXr76At9NSYRxgdOaoVvQ@f9941","Rewards available","bcOdZxBOhN6I8fohL0SgEX@f9941","title_fenxiang_1","dapEdG2RZPW5zj9SWMkNjW@f9941","Number of invitations  today","fa9d1lsXlPU4l0FsJcvgar@f9941","zi_receive_1","6aNLJKzlpG96e5SkE/49L6@f9941","Recharge Rebate for  Direct Affiliates","1el9dSWBxCN5Zvc36gl2sZ@f9941","btn_zi_2_0","dfQvZ78aBNQofdfXZ55oga@f9941","icon_fenxiang","fczENtQuREPqbg/XGIp3uY@f9941","title_fenxiang_3","aauUUVGa9B77duPFWp1n28@f9941","title_fenxiang_2","e1RrSrw2dGHblbIH373F1y@f9941","title_fenxiang_4","b8EmQC/idMV7edDBy7fiCk@f9941","bg_lianjiekbox","493nrIjfdCXoLnjIxgmx30@f9941","zi_dt_fenxiang_tishiyu","5d5fij/4ROnp9QFJOVqEa1@f9941","zi_receive_0","d7dM0kiixE+pMcMEsnn76z@f9941","btn_zi_1_0","08ReOWfs1LHrnKbYTpaoes@f9941","btn_fenxiang_huang_1","58IV21w0FL2qEwnLyhMFD/@f9941","btn_zi_3_0","45zJGpHa5IOZTbPS2XOvZW@f9941","icon_fenxiang_fanhui","0cUTYj0XJLmbylRVJ2Yczc@f9941","icon_fx_ren_5","395FGkymtKUoAHLE8pWq3c@f9941","icon_jilu","44UgIiwtFHybtG789/79bO@f9941","icon_fenxiang_jilu_1","cfdNpICPBKGZ24T5CsYhfM@f9941","btn_1_1","51klYeVYVCNIy9uyiiFzE4@f9941","btn_1_0","9cdv9I8XpA8aCaVJGtqAd9@f9941","icon_jinbi_3","5dSe/Z/tpNUZGS+BmbeAJh@f9941","Today's Recharge Rebate","19qKCC/s1AU6Udf5gacpm1@f9941","icon_jinbi_2","34+JG8KOpBu7GCPNshcDLg@f9941","word_AgencyRebate","5el+LncJpM9LpXLMsvaoQL@f9941","My referrals_","dddBuHQPxAtpJ5+Wwjr+ef@f9941","Yesterday's Recharge  Rebate","9bVhtHws1PFpxQbdG0piWN@f9941","btn_fanhui","6fZ/FgIwxFIbyc+X1YoILd@f9941","icon_fx_ren_3","f14YnaOqpHOb379rIiYHog@f9941","Betting rebates available","680yPFvstC55S6BBl4qO/k@f9941","shurubox_lan","08St1kwO9FroTrAzz95cX7@f9941","icon_fx_ren_1","97p6Mg/xxET6BEEYCF+y5n@f9941","btn_zi_1_1","9ajXlRGHhDcKeCQuRlBDmY@f9941","icon_fx_duihao","e9WUO86a1A6ZOKZ4zXgZVG@f9941","icon_fx_ren_6","eb9iyaPndEj7FfDM1qnCja@f9941","Invitation reward details","0b5p7waqxH87CNVNqleX7k@f9941","Recharge Rebate Details","1cXtnIlK9D+IuojcMNhZb/@f9941","btn_fuzhi","4bbwVSp0ZFOqcScwxGOAMC@f9941","btn_fenxiang_hui","35NqmFNo1O9rHZDcPe8gJO@f9941","btn_fenxiang_lv","7dosG9G1VHXac4VAfBZD63@f9941","shurubox_huang","18+wpqCxlCS6jsy9pWx4IR@f9941","icon_jinbi_4","1bHqg+uZlO97MVkhVx8/Qj@f9941","My invitation reward","7359ccV3NCer86O/nvw/lR@f9941","icon_fx_shou_1","14QEGcidVGIpWy/8etkgIu@f9941","Received betting rebate","5e55RH41VJWojBm/X3twb9@f9941","Today’s invitation  reward","238jyFWdlDJ6LQXl37vwT2@f9941","Recharge Rebate for  Other Members","a7fnetEkRMqIr3opqNvSrL@f9941","Betting rebates from  other members","21wtsoJZhN3KSQFpivQeCy@f9941","Claimable Recharge  Rebates","0bs2don3xHap3ADbJMjoG/@f9941","icon_fx_zhong_1","6f7pVJaadJMpWsWGIInq+y@f9941","shurubox_lv","95S6WJRI5Fd4Ncr+QdzXqO@f9941","Betting rebate details","dbm0LlPepDQoUhNs+onM2F@f9941","btn_zi_4_1","b958s3V7pF9Lb/5c4i7YfN@f9941","btn_icon_2","0aLMbz4TJNwr1m7jgkMRlS@f9941","btn_telegram","0e/YpKup1E1rXYR4+kgMsB@f9941","btn_zi_2_1","73y/eEJldBcbEoXR9JLu6m@f9941","Betting rebates for  direct members","7fp5m9kBZPx5O9pd34hr8c@f9941","btn_zi_3_1","8cZqoRajJFPpenrrRZlv83@f9941","Received rewards","2dwN8r47dA4YPOtQ/5opTh@f9941","icon_fx_ren_2","81Gz/l9fdDOqUwU7gaHamd@f9941","icon_jinbi_5","8bOb6JY7NDwpR5lDgM3L21@f9941","btn_icon_1","7dUyEnI2ZCVpwUP6zSHLjS@f9941","btn_facebook","27f4hy+sZDTY8jh3yn16ua@f9941","btn_whatsapp","b8BV88NeBNbqcAKpR/cfBU@f9941","icon_jinbi_1","d5viw6dZtEtLxsxGMgoQKU@f9941","btn_fenxiang_bangzhu","b8XyxBJdpBXKbweRzCIo7g@f9941","btn_souguo","ec2OG9qplPuaRJO5PV7f3P@f9941","Total invitation rewards","8f7f17pIdEP6mzkur8QxKa@f9941","My direct members_","d1UG5cvo5OJ5gtzulcB0Pq@f9941","My other members_","46CdbI4btOeIzGcRHvexyo@f9941","btn_massage","b80WHGbutAT5ZX7SjbiQZt@f9941","btn_icon_3","ac+VAvCeJHwYrXjGlZT8Hl@f9941","btn_icon_4","14mogyym5Jr7KxPyG2s5Mk@f9941"]}],[1],0,[],[],[]],[[{"name":"Rewards available","rect":{"x":290,"y":996,"width":195,"height":23},"offset":{"x":0,"y":0},"originalSize":{"width":195,"height":23},"rotated":false,"capInsets":[0,0,0,0],"packable":true,"pixelsToUnit":100,"pivot":{"x":0.5,"y":0.5},"meshType":0}],[0],0,[0],[0],[0]],[[{"name":"title_fenxiang_1","rect":{"x":907,"y":3,"width":711,"height":88},"offset":{"x":0,"y":0},"originalSize":{"width":711,"height":88},"rotated":true,"capInsets":[0,0,0,0],"packable":true,"pixelsToUnit":100,"pivot":{"x":0.5,"y":0.5},"meshType":0}],[0],0,[0],[0],[0]],[[{"name":"btn_zi_2_0","rect":{"x":1001,"y":3,"width":159,"height":20},"offset":{"x":0,"y":0},"originalSize":{"width":159,"height":20},"rotated":true,"capInsets":[0,0,0,0],"packable":true,"pixelsToUnit":100,"pivot":{"x":0.5,"y":0.5},"meshType":0}],[0],0,[0],[0],[0]],[[{"name":"Today’s rebate amount","rect":{"x":752,"y":988,"width":265,"height":29},"offset":{"x":0,"y":0},"originalSize":{"width":265,"height":29},"rotated":false,"capInsets":[0,0,0,0],"packable":true,"pixelsToUnit":100,"pivot":{"x":0.5,"y":0.5},"meshType":0}],[0],0,[0],[0],[0]],[[{"name":"Yesterday’s rebate  amount","rect":{"x":752,"y":759,"width":216,"height":48},"offset":{"x":0,"y":0},"originalSize":{"width":216,"height":48},"rotated":true,"capInsets":[0,0,0,0],"packable":true,"pixelsToUnit":100,"pivot":{"x":0.5,"y":0.5},"meshType":0}],[0],0,[0],[0],[0]],[[{"name":"Number of invitations  today","rect":{"x":907,"y":720,"width":226,"height":52},"offset":{"x":0,"y":0},"originalSize":{"width":226,"height":52},"rotated":true,"capInsets":[0,0,0,0],"packable":true,"pixelsToUnit":100,"pivot":{"x":0.5,"y":0.5},"meshType":0}],[0],0,[0],[0],[0]]]]
