[1,["9bBfwVqvBFLIMgwIIWXnca@6c48a"],0,[["sp.SkeletonData",["_name","_atlasText","textureNames","_skeletonJson","textures"],-1,3]],[[0,0,1,2,3,4,5]],[[0,"rummy_big","\r\nrummy_big.png\r\nsize: 640,1027\r\nformat: RGBA8888\r\nfilter: Linear,Linear\r\nrepeat: none\r\nCs_da\r\n  rotate: false\r\n  xy: 2, 610\r\n  size: 244, 207\r\n  orig: 246, 207\r\n  offset: 1, 0\r\n  index: -1\r\ncm\r\n  rotate: false\r\n  xy: 248, 658\r\n  size: 169, 159\r\n  orig: 171, 161\r\n  offset: 1, 1\r\n  index: -1\r\ncm/cm_00000\r\n  rotate: false\r\n  xy: 248, 658\r\n  size: 169, 159\r\n  orig: 171, 161\r\n  offset: 1, 1\r\n  index: -1\r\ncm/cm_00002\r\n  rotate: false\r\n  xy: 248, 658\r\n  size: 169, 159\r\n  orig: 171, 161\r\n  offset: 1, 1\r\n  index: -1\r\ncm/cm_00004\r\n  rotate: false\r\n  xy: 248, 658\r\n  size: 169, 159\r\n  orig: 171, 161\r\n  offset: 1, 1\r\n  index: -1\r\ncm/cm_00006\r\n  rotate: false\r\n  xy: 248, 497\r\n  size: 169, 159\r\n  orig: 171, 161\r\n  offset: 1, 1\r\n  index: -1\r\ncm/cm_00008\r\n  rotate: false\r\n  xy: 419, 444\r\n  size: 169, 159\r\n  orig: 171, 161\r\n  offset: 1, 1\r\n  index: -1\r\ncm/cm_00010\r\n  rotate: false\r\n  xy: 2, 449\r\n  size: 169, 159\r\n  orig: 171, 161\r\n  offset: 1, 1\r\n  index: -1\r\ncm/cm_00012\r\n  rotate: false\r\n  xy: 2, 288\r\n  size: 169, 159\r\n  orig: 171, 161\r\n  offset: 1, 1\r\n  index: -1\r\ncm/cm_00014\r\n  rotate: false\r\n  xy: 240, 336\r\n  size: 169, 159\r\n  orig: 171, 161\r\n  offset: 1, 1\r\n  index: -1\r\ncm/cm_00016\r\n  rotate: false\r\n  xy: 411, 283\r\n  size: 169, 159\r\n  orig: 171, 161\r\n  offset: 1, 1\r\n  index: -1\r\ncm/cm_00018\r\n  rotate: false\r\n  xy: 173, 175\r\n  size: 169, 159\r\n  orig: 171, 161\r\n  offset: 1, 1\r\n  index: -1\r\ncm/cm_00020\r\n  rotate: false\r\n  xy: 2, 127\r\n  size: 169, 159\r\n  orig: 171, 161\r\n  offset: 1, 1\r\n  index: -1\r\ncm/cm_00022\r\n  rotate: true\r\n  xy: 173, 4\r\n  size: 169, 159\r\n  orig: 171, 161\r\n  offset: 1, 1\r\n  index: -1\r\ncm/cm_00024\r\n  rotate: true\r\n  xy: 334, 4\r\n  size: 169, 159\r\n  orig: 171, 161\r\n  offset: 1, 1\r\n  index: -1\r\ndi\r\n  rotate: true\r\n  xy: 2, 819\r\n  size: 206, 420\r\n  orig: 208, 422\r\n  offset: 1, 1\r\n  index: -1\r\nguang\r\n  rotate: false\r\n  xy: 2, 41\r\n  size: 84, 84\r\n  orig: 86, 86\r\n  offset: 1, 1\r\n  index: -1\r\nhongtao\r\n  rotate: true\r\n  xy: 88, 55\r\n  size: 70, 78\r\n  orig: 72, 80\r\n  offset: 1, 1\r\n  index: -1\r\njb1\r\n  rotate: true\r\n  xy: 173, 411\r\n  size: 197, 65\r\n  orig: 199, 67\r\n  offset: 1, 1\r\n  index: -1\r\njb2\r\n  rotate: false\r\n  xy: 344, 176\r\n  size: 184, 105\r\n  orig: 195, 110\r\n  offset: 10, 3\r\n  index: -1\r\npuke\r\n  rotate: true\r\n  xy: 495, 2\r\n  size: 172, 143\r\n  orig: 174, 145\r\n  offset: 1, 1\r\n  index: -1\r\npuke1\r\n  rotate: true\r\n  xy: 590, 542\r\n  size: 61, 42\r\n  orig: 63, 44\r\n  offset: 1, 1\r\n  index: -1\r\npuke2\r\n  rotate: false\r\n  xy: 590, 498\r\n  size: 42, 42\r\n  orig: 44, 46\r\n  offset: 1, 2\r\n  index: -1\r\nrummy_big\r\n  rotate: false\r\n  xy: 424, 605\r\n  size: 206, 420\r\n  orig: 206, 420\r\n  offset: 0, 0\r\n  index: -1\r\n",["rummy_big.png"],{"skeleton":{"hash":"Nv29CPPFmxTanM3AUFjzh0D98BY","spine":"3.8.99","x":-119.19,"y":0.25,"width":238.37,"height":423.97,"images":"F:/工作/大厅/rummy_big","audio":"F:/工作/大厅"},"bones":[{"name":"root","y":215.9,"scaleX":0.969},{"name":"puke","parent":"root","x":-2.27,"y":83.3},{"name":"puke1","parent":"root","x":-64.74,"y":172.21},{"name":"puke2","parent":"root","x":56.21,"y":153.79},{"name":"cm","parent":"root","x":-7.49,"y":21.62},{"name":"hongtao","parent":"root","x":-85.57,"y":-23.23},{"name":"guang","parent":"root","x":82.62,"y":56.87}],"slots":[{"name":"rummy_big","bone":"root","attachment":"rummy_big"},{"name":"Cs_da","bone":"root","attachment":"Cs_da"},{"name":"di","bone":"root"},{"name":"jb1","bone":"root","attachment":"jb1"},{"name":"hongtao","bone":"hongtao","attachment":"hongtao"},{"name":"guang","bone":"guang","attachment":"guang"},{"name":"puke","bone":"puke","attachment":"puke"},{"name":"cm","bone":"cm","attachment":"cm/cm_00024"},{"name":"jb2","bone":"root","attachment":"jb2"},{"name":"puke1","bone":"puke1","attachment":"puke1"},{"name":"puke2","bone":"puke2","attachment":"puke2"}],"skins":[{"name":"default","attachments":{"Cs_da":{"Cs_da":{"y":104.82,"width":246,"height":207}},"cm":{"cm":{"x":21.87,"y":-57.78,"width":171,"height":161},"cm/cm_00000":{"x":13.98,"y":-21.12,"width":171,"height":161},"cm/cm_00002":{"x":13.98,"y":-21.12,"width":171,"height":161},"cm/cm_00004":{"x":13.98,"y":-21.12,"width":171,"height":161},"cm/cm_00006":{"x":13.98,"y":-21.12,"width":171,"height":161},"cm/cm_00008":{"x":13.98,"y":-21.12,"width":171,"height":161},"cm/cm_00010":{"x":13.98,"y":-21.12,"width":171,"height":161},"cm/cm_00012":{"x":13.98,"y":-21.12,"width":171,"height":161},"cm/cm_00014":{"x":13.98,"y":-21.12,"width":171,"height":161},"cm/cm_00016":{"x":13.98,"y":-21.12,"width":171,"height":161},"cm/cm_00018":{"x":13.98,"y":-21.12,"width":171,"height":161},"cm/cm_00020":{"x":13.98,"y":-21.12,"width":171,"height":161},"cm/cm_00022":{"x":13.98,"y":-21.12,"width":171,"height":161},"cm/cm_00024":{"x":13.98,"y":-21.12,"width":171,"height":161}},"di":{"di":{"x":-4.11,"y":-5.65,"width":208,"height":422}},"guang":{"guang":{"x":-24.95,"y":-7.52,"width":86,"height":86}},"hongtao":{"hongtao":{"x":20.46,"y":11.58,"width":72,"height":80}},"jb1":{"jb1":{"x":-0.22,"y":-83.15,"width":199,"height":67}},"jb2":{"jb2":{"x":2.38,"y":-117.65,"width":195,"height":110}},"puke":{"puke":{"x":-0.85,"y":-25.77,"width":174,"height":145}},"puke1":{"puke1":{"x":6.13,"y":-6.86,"width":63,"height":44}},"puke2":{"puke2":{"x":0.68,"y":2.56,"width":44,"height":46}},"rummy_big":{"rummy_big":{"y":-5.65,"width":206,"height":420}}}}],"animations":{"animation1":{"slots":{"Cs_da":{"color":[{"color":"ffffff00"}]},"cm":{"attachment":[{"name":"cm/cm_00000"},{"time":1.4667,"name":"cm/cm_00002"},{"time":1.5333,"name":"cm/cm_00004"},{"time":1.6,"name":"cm/cm_00006"},{"time":1.6667,"name":"cm/cm_00008"},{"time":1.7333,"name":"cm/cm_00010"},{"time":1.8,"name":"cm/cm_00012"},{"time":1.8667,"name":"cm/cm_00014"},{"time":1.9333,"name":"cm/cm_00016"},{"time":2,"name":"cm/cm_00018"},{"time":2.0667,"name":"cm/cm_00020"},{"time":2.1333,"name":"cm/cm_00022"},{"time":2.2,"name":"cm/cm_00024"},{"time":2.3333,"name":"cm/cm_00000"}]},"di":{"attachment":[{"name":"di"}]},"rummy_big":{"color":[{"color":"ffffff00"}]}},"bones":{"cm":{"translate":[{"y":-23.23}]},"guang":{"translate":[{},{"time":1.1667,"y":4.29},{"time":2.3333}]},"hongtao":{"translate":[{},{"time":1.1667,"x":-3.43,"y":5.14},{"time":2.3333}]},"puke":{"translate":[{"y":-23.23},{"time":0.6667,"y":-15.82},{"time":1.3333,"y":-23.23}]},"puke1":{"translate":[{},{"time":1.1667,"y":-4.81},{"time":2.3333}]},"puke2":{"translate":[{},{"time":1.1667,"x":-8.81,"y":3.2},{"time":2.3333}]}}},"animation2":{"slots":{"cm":{"color":[{"color":"ffffff00"}],"attachment":[{"name":"cm/cm_00000"},{"time":1.4667,"name":"cm/cm_00002"},{"time":1.5333,"name":"cm/cm_00004"},{"time":1.6,"name":"cm/cm_00006"},{"time":1.6667,"name":"cm/cm_00008"},{"time":1.7333,"name":"cm/cm_00010"},{"time":1.8,"name":"cm/cm_00012"},{"time":1.8667,"name":"cm/cm_00014"},{"time":1.9333,"name":"cm/cm_00016"},{"time":2,"name":"cm/cm_00018"},{"time":2.0667,"name":"cm/cm_00020"},{"time":2.1333,"name":"cm/cm_00022"},{"time":2.2,"name":"cm/cm_00024"},{"time":2.3333,"name":"cm/cm_00000"}]},"di":{"color":[{"color":"ffffff00"}],"attachment":[{"name":"di"}]},"guang":{"color":[{"color":"ffffff00"}]},"hongtao":{"color":[{"color":"ffffff00"}]},"jb1":{"color":[{"color":"ffffff00"}]},"jb2":{"color":[{"color":"ffffff00"}]},"puke":{"color":[{"color":"ffffff00"}]},"puke1":{"color":[{"color":"ffffff00"}]},"puke2":{"color":[{"color":"ffffff00"}]}},"bones":{"cm":{"translate":[{"y":-23.23}]},"guang":{"translate":[{},{"time":1.1667,"y":4.29},{"time":2.3333}]},"hongtao":{"translate":[{},{"time":1.1667,"x":-3.43,"y":5.14},{"time":2.3333}]},"puke":{"translate":[{"y":-23.23},{"time":0.6667,"y":-15.82},{"time":1.3333,"y":-23.23}]},"puke1":{"translate":[{},{"time":1.1667,"y":-4.81},{"time":2.3333}]},"puke2":{"translate":[{},{"time":1.1667,"x":-8.81,"y":3.2},{"time":2.3333}]}}}}},[0]]],0,0,[0],[-1],[0]]
