[1,["841f3dd7-60b1-4d0b-8349-8bc07b9c9289@6c48a"],0,[["sp.SkeletonData",["_name","_atlasText","textureNames","_skeletonJson","textures"],-1,3]],[[0,0,1,2,3,4,5]],[[0,"zidan-3","\r\nzidan-3.png\r\nsize: 190,154\r\nformat: RGBA8888\r\nfilter: Linear,Linear\r\nrepeat: none\r\nguangzhao\r\n  rotate: false\r\n  xy: 2, 81\r\n  size: 80, 71\r\n  orig: 82, 73\r\n  offset: 1, 2\r\n  index: -1\r\npifu_5_1\r\n  rotate: true\r\n  xy: 84, 102\r\n  size: 50, 100\r\n  orig: 50, 100\r\n  offset: 0, 0\r\n  index: -1\r\npifu_5_2\r\n  rotate: true\r\n  xy: 2, 31\r\n  size: 48, 92\r\n  orig: 48, 92\r\n  offset: 0, 0\r\n  index: -1\r\npifu_5_3\r\n  rotate: true\r\n  xy: 96, 52\r\n  size: 48, 92\r\n  orig: 48, 92\r\n  offset: 0, 0\r\n  index: -1\r\npifu_5_4\r\n  rotate: true\r\n  xy: 96, 2\r\n  size: 48, 92\r\n  orig: 48, 92\r\n  offset: 0, 0\r\n  index: -1\r\n",["zidan-3.png"],{"skeleton":{"hash":"u+s3d8pmjClC3G02cVY8iGDMHNs","spine":"2.1.27","width":55,"height":124.21,"images":"./新炮/新炮/原有的炮跟炮弹/zidan_pifu/bullet_pifu5_export/"},"bones":[{"name":"root","x":-21.26},{"name":"0","parent":"root","scaleY":1.35},{"name":"10","parent":"root"},{"name":"20","parent":"root"},{"name":"bone2","parent":"20"}],"slots":[{"name":"pifu_5_1","bone":"bone2","attachment":"pifu_5_1"},{"name":"guangzhao","bone":"10","attachment":"guangzhao"},{"name":"fl","bone":"0","attachment":"pifu_5_4"}],"skins":{"default":{"fl":{"pifu_5_2":{"width":48,"height":92},"pifu_5_3":{"width":48,"height":92},"pifu_5_4":{"width":48,"height":92}},"guangzhao":{"guangzhao":{"x":2.13,"y":2.08,"scaleX":0.504,"scaleY":0.504,"width":82,"height":73}},"pifu_5_1":{"pifu_5_1":{"x":-0.69,"y":-1.28,"scaleX":1.1,"scaleY":1.1,"width":50,"height":100}}}},"animations":{"pifu5":{"slots":{"fl":{"attachment":[{"time":0,"name":"pifu_5_2"},{"time":0.0333,"name":"pifu_5_3"},{"time":0.0666,"name":"pifu_5_4"},{"time":0.1,"name":"pifu_5_2"},{"time":0.1333,"name":"pifu_5_3"},{"time":0.1666,"name":"pifu_5_4"},{"time":0.2,"name":"pifu_5_2"},{"time":0.2333,"name":"pifu_5_3"},{"time":0.2666,"name":"pifu_5_4"}]}},"bones":{"0":{"rotate":[{"time":0,"angle":0,"curve":"stepped"},{"time":0.0333,"angle":0,"curve":"stepped"},{"time":0.0666,"angle":0,"curve":"stepped"},{"time":0.1,"angle":0,"curve":"stepped"},{"time":0.1333,"angle":0,"curve":"stepped"},{"time":0.1666,"angle":0,"curve":"stepped"},{"time":0.2,"angle":0,"curve":"stepped"},{"time":0.2333,"angle":0,"curve":"stepped"},{"time":0.2666,"angle":0}],"translate":[{"time":0,"x":20.38,"y":19.09},{"time":0.0333,"x":24.39,"y":-1.96},{"time":0.0666,"x":22.28,"y":-14.59},{"time":0.1,"x":22.28,"y":2.24},{"time":0.1333,"x":27.55,"y":-7.22},{"time":0.1666,"x":22.28,"y":-14.59},{"time":0.2,"x":19.12,"y":-6.17},{"time":0.2333,"x":27.34,"y":8.56},{"time":0.2666,"x":22.28,"y":6.46}],"scale":[{"time":0.0333,"x":1,"y":1.179},{"time":0.0666,"x":1,"y":0.949},{"time":0.1,"x":1,"y":0.719},{"time":0.1333,"x":1,"y":1.179},{"time":0.1666,"x":1.379,"y":1.179},{"time":0.2,"x":1.415,"y":1.179},{"time":0.2333,"x":1.094,"y":1.179},{"time":0.2666,"x":1.186,"y":1.179}]},"10":{"rotate":[{"time":0,"angle":0,"curve":"stepped"},{"time":0.0333,"angle":0,"curve":"stepped"},{"time":0.0666,"angle":0,"curve":"stepped"},{"time":0.1,"angle":0,"curve":"stepped"},{"time":0.1333,"angle":0,"curve":"stepped"},{"time":0.1666,"angle":0,"curve":"stepped"},{"time":0.2,"angle":0,"curve":"stepped"},{"time":0.2333,"angle":0,"curve":"stepped"},{"time":0.2666,"angle":0}],"translate":[{"time":0,"x":20.29,"y":35.77},{"time":0.0333,"x":21,"y":30.97},{"time":0.0666,"x":21.71,"y":26.16},{"time":0.1,"x":22.42,"y":21.35},{"time":0.1333,"x":21.89,"y":22.69},{"time":0.1666,"x":21.35,"y":24.02},{"time":0.2,"x":21.18,"y":29.72},{"time":0.2333,"x":21,"y":35.42},{"time":0.2666,"x":20.82,"y":41.11}],"scale":[{"time":0,"x":1,"y":2.101},{"time":0.0333,"x":1.006,"y":1.814},{"time":0.0666,"x":1.012,"y":1.526},{"time":0.1,"x":1.018,"y":1.239},{"time":0.1333,"x":1.197,"y":1.456},{"time":0.1666,"x":1.375,"y":1.674},{"time":0.2,"x":1.233,"y":1.855},{"time":0.2333,"x":1.091,"y":2.037},{"time":0.2666,"x":0.949,"y":2.219}]},"20":{"rotate":[{"time":0,"angle":0,"curve":"stepped"},{"time":0.0333,"angle":0,"curve":"stepped"},{"time":0.0666,"angle":0,"curve":"stepped"},{"time":0.1,"angle":0,"curve":"stepped"},{"time":0.1333,"angle":0,"curve":"stepped"},{"time":0.1666,"angle":0,"curve":"stepped"},{"time":0.2,"angle":0,"curve":"stepped"},{"time":0.2333,"angle":0,"curve":"stepped"},{"time":0.2666,"angle":0}],"translate":[{"time":0.0333,"x":0,"y":0,"curve":"stepped"},{"time":0.0666,"x":0,"y":0,"curve":"stepped"},{"time":0.1,"x":0,"y":0,"curve":"stepped"},{"time":0.1333,"x":0,"y":0,"curve":"stepped"},{"time":0.1666,"x":0,"y":0,"curve":"stepped"},{"time":0.2,"x":0,"y":0,"curve":"stepped"},{"time":0.2333,"x":0,"y":0,"curve":"stepped"},{"time":0.2666,"x":0,"y":0}],"scale":[{"time":0.0333,"x":1,"y":1,"curve":"stepped"},{"time":0.0666,"x":1,"y":1,"curve":"stepped"},{"time":0.1,"x":1,"y":1,"curve":"stepped"},{"time":0.1333,"x":1,"y":1,"curve":"stepped"},{"time":0.1666,"x":1,"y":1,"curve":"stepped"},{"time":0.2,"x":1,"y":1,"curve":"stepped"},{"time":0.2333,"x":1,"y":1,"curve":"stepped"},{"time":0.2666,"x":1,"y":1}]},"bone2":{"rotate":[{"time":0,"angle":0,"curve":"stepped"},{"time":0.0333,"angle":0,"curve":"stepped"},{"time":0.0666,"angle":0,"curve":"stepped"},{"time":0.1,"angle":0,"curve":"stepped"},{"time":0.1333,"angle":0,"curve":"stepped"},{"time":0.1666,"angle":0,"curve":"stepped"},{"time":0.2,"angle":0,"curve":"stepped"},{"time":0.2333,"angle":0,"curve":"stepped"},{"time":0.2666,"angle":0}],"translate":[{"time":0,"x":22.39,"y":-29.43},{"time":0.0333,"x":22.82,"y":-19.62},{"time":0.0666,"x":23.25,"y":-9.81},{"time":0.1,"x":23.67,"y":0},{"time":0.1333,"x":23.14,"y":0},{"time":0.1666,"x":22.61,"y":0},{"time":0.2,"x":22.53,"y":-1.56},{"time":0.2333,"x":22.46,"y":-3.13},{"time":0.2666,"x":22.39,"y":-4.69}],"scale":[{"time":0,"x":0.827,"y":2.434},{"time":0.0333,"x":0.839,"y":1.91},{"time":0.0666,"x":0.851,"y":1.387},{"time":0.1,"x":0.863,"y":0.863},{"time":0.1333,"x":1.102,"y":1.026},{"time":0.1666,"x":1.342,"y":1.189},{"time":0.2,"x":1.17,"y":1.429},{"time":0.2333,"x":0.998,"y":1.669},{"time":0.2666,"x":0.827,"y":1.909}]},"root":{"rotate":[{"time":0,"angle":0,"curve":"stepped"},{"time":0.0333,"angle":0,"curve":"stepped"},{"time":0.0666,"angle":0,"curve":"stepped"},{"time":0.1,"angle":0,"curve":"stepped"},{"time":0.1333,"angle":0,"curve":"stepped"},{"time":0.1666,"angle":0,"curve":"stepped"},{"time":0.2,"angle":0,"curve":"stepped"},{"time":0.2333,"angle":0,"curve":"stepped"},{"time":0.2666,"angle":0}],"translate":[{"time":0.0333,"x":0,"y":0,"curve":"stepped"},{"time":0.0666,"x":0,"y":0,"curve":"stepped"},{"time":0.1,"x":0,"y":0,"curve":"stepped"},{"time":0.1333,"x":0,"y":0,"curve":"stepped"},{"time":0.1666,"x":0,"y":0,"curve":"stepped"},{"time":0.2,"x":0,"y":0,"curve":"stepped"},{"time":0.2333,"x":0,"y":0,"curve":"stepped"},{"time":0.2666,"x":0,"y":0}],"scale":[{"time":0.0333,"x":1,"y":1,"curve":"stepped"},{"time":0.0666,"x":1,"y":1,"curve":"stepped"},{"time":0.1,"x":1,"y":1,"curve":"stepped"},{"time":0.1333,"x":1,"y":1,"curve":"stepped"},{"time":0.1666,"x":1,"y":1,"curve":"stepped"},{"time":0.2,"x":1,"y":1,"curve":"stepped"},{"time":0.2333,"x":1,"y":1,"curve":"stepped"},{"time":0.2666,"x":1,"y":1}]}}}}},[0]]],0,0,[0],[-1],[0]]
