[1,["86O7jaaEdG5Y6OpPdHm+yw@6c48a","86O7jaaEdG5Y6OpPdHm+yw@f9941"],["_textureSource","spriteFrame"],["cc.SpriteFrame",["cc.BitmapFont",["_name","fontSize","fntConfig"],0]],[[1,0,1,2,4]],[[[{"name":"payboard_num_win","rect":{"x":3,"y":0,"width":151,"height":22},"offset":{"x":-11.5,"y":4},"originalSize":{"width":180,"height":30},"rotated":false,"capInsets":[0,0,0,0],"vertices":{"rawPosition":[-75.5,-11,0,75.5,-11,0,-75.5,11,0,75.5,11,0],"indexes":[0,1,2,2,1,3],"uv":[3,30,154,30,3,8,154,8],"nuv":[0.016666666666666666,0.26666666666666666,0.8555555555555555,0.26666666666666666,0.016666666666666666,1,0.8555555555555555,1],"minPos":{"x":-75.5,"y":-11,"z":0},"maxPos":{"x":75.5,"y":11,"z":0}},"packable":true,"pixelsToUnit":100,"pivot":{"x":0.5,"y":0.5},"meshType":0}],[0],0,[0],[0],[0]],[[[0,"payboard_num_win",32,{"commonHeight":32,"fontSize":32,"atlasName":"payboard_num_win.png","fontDefDictionary":{"44":{"xOffset":-2,"yOffset":0,"xAdvance":8,"rect":{"x":0,"y":0,"width":12,"height":22}},"46":{"xOffset":-2,"yOffset":0,"xAdvance":8,"rect":{"x":13,"y":0,"width":12,"height":22}},"48":{"xOffset":0,"yOffset":0,"xAdvance":12,"rect":{"x":26,"y":0,"width":12,"height":22}},"49":{"xOffset":0,"yOffset":0,"xAdvance":12,"rect":{"x":39,"y":0,"width":12,"height":22}},"50":{"xOffset":0,"yOffset":0,"xAdvance":12,"rect":{"x":52,"y":0,"width":12,"height":22}},"51":{"xOffset":0,"yOffset":0,"xAdvance":12,"rect":{"x":65,"y":0,"width":12,"height":22}},"52":{"xOffset":0,"yOffset":0,"xAdvance":12,"rect":{"x":78,"y":0,"width":12,"height":22}},"53":{"xOffset":0,"yOffset":0,"xAdvance":12,"rect":{"x":91,"y":0,"width":12,"height":22}},"54":{"xOffset":0,"yOffset":0,"xAdvance":12,"rect":{"x":104,"y":0,"width":12,"height":22}},"55":{"xOffset":0,"yOffset":0,"xAdvance":12,"rect":{"x":117,"y":0,"width":12,"height":22}},"56":{"xOffset":0,"yOffset":0,"xAdvance":12,"rect":{"x":130,"y":0,"width":12,"height":22}},"57":{"xOffset":0,"yOffset":0,"xAdvance":12,"rect":{"x":143,"y":0,"width":12,"height":22}}},"kerningDict":{}}]],0,0,[0],[1],[1]]]]
