[1,["0dKi/ZdGJDJbbUuPJW9m3a@6c48a"],["_textureSource"],["cc.SpriteFrame"],0,[{"name":"MG_BG_S_D","rect":{"x":0,"y":0,"width":640,"height":182},"offset":{"x":0,"y":0},"originalSize":{"width":640,"height":182},"rotated":false,"capInsets":[0,0,0,0],"vertices":{"rawPosition":[-320,-91,0,320,-91,0,-320,91,0,320,91,0],"indexes":[0,1,2,2,1,3],"uv":[0,182,640,182,0,0,640,0],"nuv":[0,0,1,0,0,1,1,1],"minPos":{"x":-320,"y":-91,"z":0},"maxPos":{"x":320,"y":91,"z":0}},"packable":true,"pixelsToUnit":100,"pivot":{"x":0.5,"y":0.5},"meshType":0}],[0],0,[0],[0],[0]]
