[1,["cfdQyRQPlLa7x3+VM649px@6c48a"],["_textureSource"],["cc.SpriteFrame"],0,[{"name":"feature_youwin","rect":{"x":1,"y":0,"width":228,"height":53},"offset":{"x":0,"y":0},"originalSize":{"width":230,"height":53},"rotated":false,"capInsets":[0,0,0,0],"vertices":{"rawPosition":[-114,-26.5,0,114,-26.5,0,-114,26.5,0,114,26.5,0],"indexes":[0,1,2,2,1,3],"uv":[1,53,229,53,1,0,229,0],"nuv":[0.004347826086956522,0,0.9956521739130435,0,0.004347826086956522,1,0.9956521739130435,1],"minPos":{"x":-114,"y":-26.5,"z":0},"maxPos":{"x":114,"y":26.5,"z":0}},"packable":true,"pixelsToUnit":100,"pivot":{"x":0.5,"y":0.5},"meshType":0}],[0],0,[0],[0],[0]]
