[1,["e198c380-a82d-4ac9-bfbf-b0aff910b55f@6c48a"],0,[["sp.SkeletonData",["_name","_atlasText","textureNames","_skeletonJson","textures"],-1,3]],[[0,0,1,2,3,4,5]],[[0,"bullet_pifu4","\r\nbullet_pifu4.png\r\nsize: 256,128\r\nformat: RGBA8888\r\nfilter: Linear,Linear\r\nrepeat: none\r\npifu_3_1\r\n  rotate: false\r\n  xy: 2, 2\r\n  size: 87, 117\r\n  orig: 87, 126\r\n  offset: 0, 9\r\n  index: -1\r\npifu_3_2\r\n  rotate: false\r\n  xy: 91, 17\r\n  size: 83, 102\r\n  orig: 87, 126\r\n  offset: 4, 0\r\n  index: -1\r\n",["bullet_pifu4.png"],{"skeleton":{"hash":"H/SUXAf7uz8Oovo0rFEfP2HJyeE","spine":"2.1.27","width":0,"height":0,"images":""},"bones":[{"name":"root"},{"name":"gen","parent":"root"},{"name":"pifu3","parent":"gen"},{"name":"pifu3_1","parent":"pifu3"},{"name":"pifu3_2","parent":"pifu3"},{"name":"pifu3_3","parent":"pifu3"}],"slots":[{"name":"pifu_3_2","bone":"pifu3_2"},{"name":"pifu_3_1","bone":"pifu3_1"},{"name":"pifu_3_3","bone":"pifu3_3","blend":"additive"}],"skins":{"default":{"pifu_3_1":{"pifu_3_1":{"x":0.93,"y":-3.73,"width":87,"height":126}},"pifu_3_2":{"pifu_3_2":{"y":-22.42,"width":87,"height":126}},"pifu_3_3":{"pifu_3_1":{"width":87,"height":126}}}},"animations":{"pifu3":{"slots":{"pifu_3_1":{"attachment":[{"time":0,"name":"pifu_3_1"},{"time":0.2666,"name":"pifu_3_1"}]},"pifu_3_2":{"attachment":[{"time":0,"name":"pifu_3_2"},{"time":0.4,"name":"pifu_3_2"}]},"pifu_3_3":{"attachment":[{"time":0,"name":"pifu_3_1"}],"color":[{"time":0,"color":"ffffff00"},{"time":0.2,"color":"ffffff42"},{"time":0.4,"color":"ffffff00"}]}},"bones":{"pifu3_2":{"rotate":[{"time":0,"angle":0,"curve":"stepped"},{"time":0.2,"angle":0,"curve":"stepped"},{"time":0.4,"angle":0}],"translate":[{"time":0,"x":0,"y":0,"curve":"stepped"},{"time":0.2,"x":0,"y":0,"curve":"stepped"},{"time":0.4,"x":0,"y":0}],"scale":[{"time":0,"x":1.058,"y":0.941},{"time":0.0666,"x":1.242,"y":0.906},{"time":0.1333,"x":0.809,"y":1.211},{"time":0.2,"x":0.804,"y":0.976},{"time":0.2666,"x":1.114,"y":0.72},{"time":0.4,"x":0.804,"y":0.976}]},"pifu3_1":{"rotate":[{"time":0,"angle":0},{"time":0.1333,"angle":240},{"time":0.2666,"angle":120},{"time":0.4,"angle":0}],"translate":[{"time":0,"x":0,"y":0,"curve":"stepped"},{"time":0.2666,"x":0,"y":0}],"scale":[{"time":0,"x":1,"y":1},{"time":0.0666,"x":1.046,"y":1.046},{"time":0.1333,"x":1.03,"y":0.968},{"time":0.2,"x":0.996,"y":0.996},{"time":0.2666,"x":1.046,"y":1.046},{"time":0.4,"x":0.996,"y":0.996}]},"pifu3_3":{"rotate":[{"time":0,"angle":0,"curve":"stepped"},{"time":0.4,"angle":0}],"translate":[{"time":0,"x":0,"y":0},{"time":0.2666,"x":0,"y":-2.02},{"time":0.4,"x":0,"y":0}],"scale":[{"time":0,"x":1,"y":1},{"time":0.2,"x":1.197,"y":1.197},{"time":0.2666,"x":1.113,"y":1.113},{"time":0.4,"x":1,"y":1}]}}}}},[0]]],0,0,[0],[-1],[0]]
