[1,["4afe4ff8-f419-425b-9921-234b095fb3aa@6c48a"],0,[["sp.SkeletonData",["_name","_atlasText","textureNames","_skeletonJson","textures"],-1,3]],[[0,0,1,2,3,4,5]],[[0,"st_icon_1","\r\nst_icon_1.png\r\nsize: 2048,2048\r\nformat: RGBA8888\r\nfilter: Linear,Linear\r\nrepeat: none\r\ng1\r\n  rotate: false\r\n  xy: 2, 1141\r\n  size: 407, 328\r\n  orig: 407, 328\r\n  offset: 0, 0\r\n  index: -1\r\ng2\r\n  rotate: false\r\n  xy: 374, 769\r\n  size: 407, 328\r\n  orig: 407, 328\r\n  offset: 0, 0\r\n  index: -1\r\ng3\r\n  rotate: false\r\n  xy: 746, 397\r\n  size: 407, 328\r\n  orig: 407, 328\r\n  offset: 0, 0\r\n  index: -1\r\ng4\r\n  rotate: false\r\n  xy: 1118, 25\r\n  size: 407, 328\r\n  orig: 407, 328\r\n  offset: 0, 0\r\n  index: -1\r\ntaiyang/st_icon_1-animation_15\r\n  rotate: false\r\n  xy: 1527, 770\r\n  size: 91, 94\r\n  orig: 91, 94\r\n  offset: 0, 0\r\n  index: -1\r\ntaiyang/st_icon_1-animation_16\r\n  rotate: false\r\n  xy: 1527, 674\r\n  size: 91, 94\r\n  orig: 91, 94\r\n  offset: 0, 0\r\n  index: -1\r\ntaiyang/st_icon_1-animation_18\r\n  rotate: false\r\n  xy: 1527, 578\r\n  size: 91, 94\r\n  orig: 91, 94\r\n  offset: 0, 0\r\n  index: -1\r\ntaiyang/st_icon_1-animation_20\r\n  rotate: false\r\n  xy: 1527, 482\r\n  size: 91, 94\r\n  orig: 91, 94\r\n  offset: 0, 0\r\n  index: -1\r\ntaiyang/st_icon_1-animation_22\r\n  rotate: false\r\n  xy: 1527, 386\r\n  size: 91, 94\r\n  orig: 91, 94\r\n  offset: 0, 0\r\n  index: -1\r\ntaiyang/st_icon_1-animation_24\r\n  rotate: false\r\n  xy: 1527, 290\r\n  size: 91, 94\r\n  orig: 91, 94\r\n  offset: 0, 0\r\n  index: -1\r\ntaiyang/st_icon_1-animation_26\r\n  rotate: false\r\n  xy: 1527, 194\r\n  size: 91, 94\r\n  orig: 91, 94\r\n  offset: 0, 0\r\n  index: -1\r\ntaiyang/st_icon_1-animation_28\r\n  rotate: false\r\n  xy: 1527, 98\r\n  size: 91, 94\r\n  orig: 91, 94\r\n  offset: 0, 0\r\n  index: -1\r\ntaiyang/st_icon_1-animation_30\r\n  rotate: false\r\n  xy: 1527, 2\r\n  size: 91, 94\r\n  orig: 91, 94\r\n  offset: 0, 0\r\n  index: -1\r\ntaiyang/st_icon_1-animation_32\r\n  rotate: false\r\n  xy: 1620, 770\r\n  size: 91, 94\r\n  orig: 91, 94\r\n  offset: 0, 0\r\n  index: -1\r\ntaiyang/st_icon_1-animation_34\r\n  rotate: true\r\n  xy: 1659, 905\r\n  size: 91, 94\r\n  orig: 91, 94\r\n  offset: 0, 0\r\n  index: -1\r\ntx_lizi01/tx_lizi01_00\r\n  rotate: false\r\n  xy: 411, 1099\r\n  size: 370, 370\r\n  orig: 370, 370\r\n  offset: 0, 0\r\n  index: -1\r\ntx_lizi01/tx_lizi01_01\r\n  rotate: false\r\n  xy: 2, 769\r\n  size: 370, 370\r\n  orig: 370, 370\r\n  offset: 0, 0\r\n  index: -1\r\ntx_lizi01/tx_lizi01_02\r\n  rotate: false\r\n  xy: 783, 1099\r\n  size: 370, 370\r\n  orig: 370, 370\r\n  offset: 0, 0\r\n  index: -1\r\ntx_lizi01/tx_lizi01_03\r\n  rotate: false\r\n  xy: 783, 727\r\n  size: 370, 370\r\n  orig: 370, 370\r\n  offset: 0, 0\r\n  index: -1\r\ntx_lizi01/tx_lizi01_04\r\n  rotate: false\r\n  xy: 2, 397\r\n  size: 370, 370\r\n  orig: 370, 370\r\n  offset: 0, 0\r\n  index: -1\r\ntx_lizi01/tx_lizi01_05\r\n  rotate: false\r\n  xy: 374, 397\r\n  size: 370, 370\r\n  orig: 370, 370\r\n  offset: 0, 0\r\n  index: -1\r\ntx_lizi01/tx_lizi01_06\r\n  rotate: false\r\n  xy: 1155, 1099\r\n  size: 370, 370\r\n  orig: 370, 370\r\n  offset: 0, 0\r\n  index: -1\r\ntx_lizi01/tx_lizi01_07\r\n  rotate: false\r\n  xy: 1155, 727\r\n  size: 370, 370\r\n  orig: 370, 370\r\n  offset: 0, 0\r\n  index: -1\r\ntx_lizi01/tx_lizi01_08\r\n  rotate: false\r\n  xy: 1155, 355\r\n  size: 370, 370\r\n  orig: 370, 370\r\n  offset: 0, 0\r\n  index: -1\r\ntx_lizi01/tx_lizi01_09\r\n  rotate: false\r\n  xy: 2, 25\r\n  size: 370, 370\r\n  orig: 370, 370\r\n  offset: 0, 0\r\n  index: -1\r\ntx_lizi01/tx_lizi01_10\r\n  rotate: false\r\n  xy: 374, 25\r\n  size: 370, 370\r\n  orig: 370, 370\r\n  offset: 0, 0\r\n  index: -1\r\ntx_lizi01/tx_lizi01_11\r\n  rotate: false\r\n  xy: 746, 25\r\n  size: 370, 370\r\n  orig: 370, 370\r\n  offset: 0, 0\r\n  index: -1\r\n右耳朵\r\n  rotate: true\r\n  xy: 1733, 1188\r\n  size: 58, 62\r\n  orig: 58, 62\r\n  offset: 0, 0\r\n  index: -1\r\n左耳朵\r\n  rotate: true\r\n  xy: 1734, 1412\r\n  size: 57, 61\r\n  orig: 57, 61\r\n  offset: 0, 0\r\n  index: -1\r\n底板\r\n  rotate: true\r\n  xy: 1527, 998\r\n  size: 248, 204\r\n  orig: 248, 204\r\n  offset: 0, 0\r\n  index: -1\r\n底板光\r\n  rotate: true\r\n  xy: 1527, 1248\r\n  size: 221, 205\r\n  orig: 221, 205\r\n  offset: 0, 0\r\n  index: -1\r\n日光\r\n  rotate: false\r\n  xy: 1527, 866\r\n  size: 130, 130\r\n  orig: 130, 130\r\n  offset: 0, 0\r\n  index: -1\r\n",["st_icon_1.png"],{"skeleton":{"hash":"OFM+mERFVvKwxd8/S1g+2vSTz5o","spine":"3.8.99","x":-253.71,"y":-240.53,"width":507.62,"height":507.62,"images":"E:/新版UI/星光公主/动画源文件/太阳","audio":"E:\\新版UI\\星光公主\\动画\\图标\\太阳"},"bones":[{"name":"root","scaleX":0.5,"scaleY":0.5},{"name":"all","parent":"root"},{"name":"底板","parent":"all","x":0.1,"y":13.28},{"name":"lizi","parent":"底板","scaleX":1.065,"scaleY":1.065},{"name":"lizi2","parent":"底板","rotation":-69.37,"scaleX":1.065,"scaleY":1.065},{"name":"sg","parent":"底板","x":-1.61,"y":-12.12,"scaleX":0.648,"scaleY":0.653},{"name":"太阳","parent":"底板","x":-1.29,"y":-8.59,"color":"fc1c1cff"},{"name":"ty2","parent":"太阳","x":1.65,"y":1.69},{"name":"右耳朵","parent":"底板","x":-78.81,"y":-4.76},{"name":"左耳朵","parent":"底板","x":80.1,"y":-4.76},{"name":"底板光","parent":"底板","x":-6.57,"y":-7.58,"scaleX":1.465,"scaleY":1.465},{"name":"日光","parent":"底板","x":-0.2,"y":-8.33}],"slots":[{"name":"底板光","bone":"底板光","attachment":"底板光"},{"name":"tx_lizi01/tx_lizi01_00","bone":"lizi","attachment":"tx_lizi01/tx_lizi01_11","blend":"additive"},{"name":"tx_lizi01/tx_lizi01_0","bone":"lizi2","attachment":"tx_lizi01/tx_lizi01_11","blend":"additive"},{"name":"底板","bone":"底板","attachment":"底板"},{"name":"taiyang/st_icon_1-animation_15","bone":"ty2"},{"name":"日光","bone":"日光","attachment":"日光","blend":"additive"},{"name":"左耳朵","bone":"左耳朵","attachment":"左耳朵"},{"name":"右耳朵","bone":"右耳朵","attachment":"右耳朵"},{"name":"g1","bone":"sg","attachment":"g1","blend":"additive"},{"name":"g2","bone":"sg","attachment":"g2","blend":"additive"},{"name":"g3","bone":"sg","attachment":"g3","blend":"additive"},{"name":"g4","bone":"sg","attachment":"g4","blend":"additive"}],"skins":[{"name":"default","attachments":{"g1":{"g1":{"width":407,"height":328}},"g2":{"g2":{"width":407,"height":328}},"g3":{"g3":{"width":407,"height":328}},"g4":{"g4":{"width":407,"height":328}},"taiyang/st_icon_1-animation_15":{"taiyang/st_icon_1-animation_15":{"width":91,"height":94},"taiyang/st_icon_1-animation_16":{"width":91,"height":94},"taiyang/st_icon_1-animation_18":{"width":91,"height":94},"taiyang/st_icon_1-animation_20":{"width":91,"height":94},"taiyang/st_icon_1-animation_22":{"width":91,"height":94},"taiyang/st_icon_1-animation_24":{"width":91,"height":94},"taiyang/st_icon_1-animation_26":{"width":91,"height":94},"taiyang/st_icon_1-animation_28":{"width":91,"height":94},"taiyang/st_icon_1-animation_30":{"width":91,"height":94},"taiyang/st_icon_1-animation_32":{"width":91,"height":94},"taiyang/st_icon_1-animation_34":{"width":91,"height":94}},"tx_lizi01/tx_lizi01_0":{"tx_lizi01/tx_lizi01_00":{"width":370,"height":370},"tx_lizi01/tx_lizi01_01":{"width":370,"height":370},"tx_lizi01/tx_lizi01_02":{"width":370,"height":370},"tx_lizi01/tx_lizi01_03":{"width":370,"height":370},"tx_lizi01/tx_lizi01_04":{"width":370,"height":370},"tx_lizi01/tx_lizi01_05":{"width":370,"height":370},"tx_lizi01/tx_lizi01_06":{"width":370,"height":370},"tx_lizi01/tx_lizi01_07":{"width":370,"height":370},"tx_lizi01/tx_lizi01_08":{"width":370,"height":370},"tx_lizi01/tx_lizi01_09":{"width":370,"height":370},"tx_lizi01/tx_lizi01_10":{"width":370,"height":370},"tx_lizi01/tx_lizi01_11":{"width":370,"height":370}},"tx_lizi01/tx_lizi01_00":{"tx_lizi01/tx_lizi01_00":{"width":370,"height":370},"tx_lizi01/tx_lizi01_01":{"width":370,"height":370},"tx_lizi01/tx_lizi01_02":{"width":370,"height":370},"tx_lizi01/tx_lizi01_03":{"width":370,"height":370},"tx_lizi01/tx_lizi01_04":{"width":370,"height":370},"tx_lizi01/tx_lizi01_05":{"width":370,"height":370},"tx_lizi01/tx_lizi01_06":{"width":370,"height":370},"tx_lizi01/tx_lizi01_07":{"width":370,"height":370},"tx_lizi01/tx_lizi01_08":{"width":370,"height":370},"tx_lizi01/tx_lizi01_09":{"width":370,"height":370},"tx_lizi01/tx_lizi01_10":{"width":370,"height":370},"tx_lizi01/tx_lizi01_11":{"width":370,"height":370}},"右耳朵":{"右耳朵":{"x":7.67,"y":-15.59,"width":58,"height":62}},"左耳朵":{"左耳朵":{"x":-8.74,"y":-18.09,"width":57,"height":61}},"底板":{"底板":{"x":-0.13,"y":-15.35,"width":248,"height":204}},"底板光":{"底板光":{"x":3.29,"y":-2.88,"width":221,"height":205}},"日光":{"日光":{"x":2.07,"y":-3.02,"width":130,"height":130}}}}],"animations":{"animation":{"slots":{"g1":{"color":[{"color":"ffffff00","curve":"stepped"},{"time":0.3333,"color":"ffffff00"},{"time":0.5,"color":"ffffffff"},{"time":0.8333,"color":"ffffff00"}]},"g2":{"color":[{"color":"ffffff00","curve":"stepped"},{"time":0.5,"color":"ffffff00"},{"time":0.6667,"color":"ffffffff"},{"time":0.9667,"color":"ffffff00"}]},"g3":{"color":[{"color":"ffffff00","curve":"stepped"},{"time":0.6667,"color":"ffffff00"},{"time":0.8333,"color":"ffffffff"},{"time":1.1667,"color":"ffffff00"}]},"g4":{"color":[{"color":"ffffff00","curve":"stepped"},{"time":0.8333,"color":"ffffff00"},{"time":1,"color":"ffffffff"},{"time":1.3333,"color":"ffffff00"}]},"taiyang/st_icon_1-animation_15":{"attachment":[{"name":"taiyang/st_icon_1-animation_15"},{"time":0.3333,"name":"taiyang/st_icon_1-animation_16"},{"time":0.4,"name":"taiyang/st_icon_1-animation_15"},{"time":0.4667,"name":"taiyang/st_icon_1-animation_18"},{"time":0.5333,"name":"taiyang/st_icon_1-animation_15"},{"time":0.5667,"name":"taiyang/st_icon_1-animation_20"},{"time":0.6333,"name":"taiyang/st_icon_1-animation_15"},{"time":0.7,"name":"taiyang/st_icon_1-animation_22"},{"time":0.7667,"name":"taiyang/st_icon_1-animation_15"},{"time":0.8333,"name":"taiyang/st_icon_1-animation_24"},{"time":0.8667,"name":"taiyang/st_icon_1-animation_15"},{"time":0.9333,"name":"taiyang/st_icon_1-animation_26"},{"time":1,"name":"taiyang/st_icon_1-animation_15"},{"time":1.0667,"name":"taiyang/st_icon_1-animation_28"},{"time":1.1333,"name":"taiyang/st_icon_1-animation_15"},{"time":1.1667,"name":"taiyang/st_icon_1-animation_30"},{"time":1.2333,"name":"taiyang/st_icon_1-animation_15"},{"time":1.3,"name":"taiyang/st_icon_1-animation_32"},{"time":1.3667,"name":"taiyang/st_icon_1-animation_15"},{"time":1.4333,"name":"taiyang/st_icon_1-animation_34"},{"time":1.5,"name":"taiyang/st_icon_1-animation_15"}]},"tx_lizi01/tx_lizi01_0":{"color":[{"color":"ffffff00"},{"time":0.3333,"color":"ffffffff","curve":"stepped"},{"time":1.5,"color":"ffffffff"},{"time":1.8333,"color":"ffffff00"}],"attachment":[{"name":"tx_lizi01/tx_lizi01_00"},{"time":0.0667,"name":"tx_lizi01/tx_lizi01_01"},{"time":0.1333,"name":"tx_lizi01/tx_lizi01_02"},{"time":0.2,"name":"tx_lizi01/tx_lizi01_03"},{"time":0.2667,"name":"tx_lizi01/tx_lizi01_04"},{"time":0.3333,"name":"tx_lizi01/tx_lizi01_05"},{"time":0.4,"name":"tx_lizi01/tx_lizi01_06"},{"time":0.4667,"name":"tx_lizi01/tx_lizi01_07"},{"time":0.5333,"name":"tx_lizi01/tx_lizi01_08"},{"time":0.6,"name":"tx_lizi01/tx_lizi01_09"},{"time":0.6667,"name":"tx_lizi01/tx_lizi01_10"},{"time":0.7333,"name":"tx_lizi01/tx_lizi01_11"},{"time":0.8,"name":"tx_lizi01/tx_lizi01_00"},{"time":0.8667,"name":"tx_lizi01/tx_lizi01_01"},{"time":0.9333,"name":"tx_lizi01/tx_lizi01_02"},{"time":1,"name":"tx_lizi01/tx_lizi01_03"},{"time":1.0667,"name":"tx_lizi01/tx_lizi01_04"},{"time":1.1333,"name":"tx_lizi01/tx_lizi01_05"},{"time":1.2,"name":"tx_lizi01/tx_lizi01_06"},{"time":1.2667,"name":"tx_lizi01/tx_lizi01_07"},{"time":1.3333,"name":"tx_lizi01/tx_lizi01_08"},{"time":1.4,"name":"tx_lizi01/tx_lizi01_09"},{"time":1.4667,"name":"tx_lizi01/tx_lizi01_10"},{"time":1.5333,"name":"tx_lizi01/tx_lizi01_11"},{"time":1.6,"name":"tx_lizi01/tx_lizi01_00"},{"time":1.6667,"name":"tx_lizi01/tx_lizi01_01"},{"time":1.7333,"name":"tx_lizi01/tx_lizi01_02"},{"time":1.8,"name":"tx_lizi01/tx_lizi01_03"}]},"tx_lizi01/tx_lizi01_00":{"color":[{"color":"ffffff00"},{"time":0.3333,"color":"ffffffff","curve":"stepped"},{"time":1.5,"color":"ffffffff"},{"time":1.8333,"color":"ffffff00"}],"attachment":[{"name":"tx_lizi01/tx_lizi01_00"},{"time":0.0667,"name":"tx_lizi01/tx_lizi01_01"},{"time":0.1333,"name":"tx_lizi01/tx_lizi01_02"},{"time":0.2,"name":"tx_lizi01/tx_lizi01_03"},{"time":0.2667,"name":"tx_lizi01/tx_lizi01_04"},{"time":0.3333,"name":"tx_lizi01/tx_lizi01_05"},{"time":0.4,"name":"tx_lizi01/tx_lizi01_06"},{"time":0.4667,"name":"tx_lizi01/tx_lizi01_07"},{"time":0.5333,"name":"tx_lizi01/tx_lizi01_08"},{"time":0.6,"name":"tx_lizi01/tx_lizi01_09"},{"time":0.6667,"name":"tx_lizi01/tx_lizi01_10"},{"time":0.7333,"name":"tx_lizi01/tx_lizi01_11"},{"time":0.8,"name":"tx_lizi01/tx_lizi01_00"},{"time":0.8667,"name":"tx_lizi01/tx_lizi01_01"},{"time":0.9333,"name":"tx_lizi01/tx_lizi01_02"},{"time":1,"name":"tx_lizi01/tx_lizi01_03"},{"time":1.0667,"name":"tx_lizi01/tx_lizi01_04"},{"time":1.1333,"name":"tx_lizi01/tx_lizi01_05"},{"time":1.2,"name":"tx_lizi01/tx_lizi01_06"},{"time":1.2667,"name":"tx_lizi01/tx_lizi01_07"},{"time":1.3333,"name":"tx_lizi01/tx_lizi01_08"},{"time":1.4,"name":"tx_lizi01/tx_lizi01_09"},{"time":1.4667,"name":"tx_lizi01/tx_lizi01_10"},{"time":1.5333,"name":"tx_lizi01/tx_lizi01_11"},{"time":1.6,"name":"tx_lizi01/tx_lizi01_00"},{"time":1.6667,"name":"tx_lizi01/tx_lizi01_01"},{"time":1.7333,"name":"tx_lizi01/tx_lizi01_02"},{"time":1.8,"name":"tx_lizi01/tx_lizi01_03"}]},"日光":{"color":[{"color":"ffffff00"},{"time":0.5,"color":"ffffff9c"},{"time":1,"color":"ffffffb6"},{"time":1.5,"color":"ffffff00"}]}},"bones":{"日光":{"rotate":[{},{"time":1.5,"angle":-178.59},{"time":2,"angle":-91.11}],"scale":[{"x":0.682,"y":0.682},{"time":1,"x":0.913,"y":0.913},{"time":1.5}]},"底板":{"scale":[{"curve":0.273,"c2":0.15,"c3":0.75},{"time":0.1667,"x":0.964,"y":0.964},{"time":0.5,"x":1.199,"y":1.199},{"time":1.3333,"x":1.266,"y":1.266,"curve":0.25,"c3":0.727,"c4":0.84},{"time":1.5}]},"底板光":{"scale":[{"x":0.675,"y":0.675},{"time":0.5,"x":1.021,"y":1.021},{"time":1.3333,"x":1.101,"y":1.101},{"time":1.5,"x":0.675,"y":0.675}]},"太阳":{"rotate":[{},{"time":0.1667,"angle":1.84},{"time":0.5,"angle":-8.07},{"time":1.3333,"angle":-10.49},{"time":1.5}],"scale":[{"time":0.1667},{"time":1.3333,"x":1.098,"y":1.098},{"time":1.5}]}}}}},[0]]],0,0,[0],[-1],[0]]
