[1,["04729665-aa6d-4eee-99b0-627d57305b47@6c48a"],0,[["sp.SkeletonData",["_name","_atlasText","textureNames","_skeletonJson","textures"],-1,3]],[[0,0,1,2,3,4,5]],[[0,"hit_1ji","\r\nhit_1ji.png\r\nsize: 223,158\r\nformat: RGBA8888\r\nfilter: Linear,Linear\r\nrepeat: none\r\nguang\r\n  rotate: false\r\n  xy: 158, 46\r\n  size: 22, 22\r\n  orig: 22, 22\r\n  offset: 0, 0\r\n  index: -1\r\nxing1\r\n  rotate: false\r\n  xy: 158, 70\r\n  size: 63, 86\r\n  orig: 63, 86\r\n  offset: 0, 0\r\n  index: -1\r\nyuwang\r\n  rotate: false\r\n  xy: 2, 2\r\n  size: 154, 154\r\n  orig: 154, 154\r\n  offset: 0, 0\r\n  index: -1\r\n",["hit_1ji.png"],{"skeleton":{"hash":"adBHE5NhN6AmDlq2GcS981SVIQY","spine":"2.1.27","width":249.02,"height":189.14,"images":""},"bones":[{"name":"root"},{"name":"bone5","parent":"root"},{"name":"gen","parent":"root"},{"name":"guang1","parent":"root","x":145.78,"y":1.66},{"name":"guang2","parent":"root","x":155.53,"y":-6.86},{"name":"guang3","parent":"root","x":155.53,"y":-6.86},{"name":"guang4","parent":"root","x":155.53,"y":-6.86},{"name":"xing1","parent":"root","x":134.11,"y":69.14},{"name":"xing2","parent":"root","x":144.11,"y":62.47},{"name":"xing3","parent":"root","x":144.11,"y":62.47},{"name":"wang1","parent":"gen"}],"slots":[{"name":"guang","bone":"guang1","attachment":"guang"},{"name":"guang2","bone":"guang2","attachment":"guang"},{"name":"guang3","bone":"guang3","attachment":"guang"},{"name":"guang4","bone":"guang4","attachment":"guang"},{"name":"yuwang","bone":"wang1","blend":"additive"},{"name":"yuwang2","bone":"wang1","attachment":"yuwang","blend":"additive"},{"name":"xing1","bone":"xing1","attachment":"xing1"},{"name":"xing2","bone":"xing2","attachment":"xing1"},{"name":"xing3","bone":"xing3","attachment":"xing1"}],"skins":{"default":{"guang":{"guang":{"width":22,"height":22}},"guang2":{"guang":{"width":22,"height":22}},"guang3":{"guang":{"width":22,"height":22}},"guang4":{"guang":{"width":22,"height":22}},"xing1":{"xing1":{"width":63,"height":86}},"xing2":{"xing1":{"width":63,"height":86}},"xing3":{"xing1":{"width":63,"height":86}},"yuwang":{"yuwang":{"x":3.58,"width":154,"height":154}},"yuwang2":{"yuwang":{"x":3.58,"width":154,"height":154}}}},"animations":{"animation":{"slots":{"guang4":{"attachment":[{"time":0,"name":"guang"}]},"xing1":{"color":[{"time":0,"color":"ffffff00","curve":"stepped"},{"time":0.0333,"color":"ffffff00"},{"time":0.2,"color":"ffffffff"},{"time":0.3666,"color":"ffffff00"}]},"xing2":{"attachment":[{"time":0,"name":"xing1"}]},"xing3":{"attachment":[{"time":0,"name":"xing1"}]},"yuwang":{"color":[{"time":0,"color":"ffffff00"},{"time":0.0666,"color":"01ffd7ff"},{"time":0.3,"color":"ffffff55"},{"time":0.4,"color":"9f36ff11"},{"time":0.5,"color":"ffffff00"}]},"yuwang2":{"color":[{"time":0,"color":"ffffff00"},{"time":0.0666,"color":"60ffe654"},{"time":0.1666,"color":"ffffffff","curve":"stepped"},{"time":0.2333,"color":"ffffffff"},{"time":0.4,"color":"ca5bff15"},{"time":0.5,"color":"ffffff00"}]}},"bones":{"root":{"rotate":[{"time":0,"angle":0}],"translate":[{"time":0,"x":0,"y":0}],"scale":[{"time":0,"x":1,"y":1}]},"guang1":{"rotate":[{"time":0,"angle":0}],"translate":[{"time":0,"x":-145.78,"y":-1.66},{"time":0.1666,"x":-73.8,"y":20.07},{"time":0.5,"x":-37.82,"y":30.94}],"scale":[{"time":0,"x":0,"y":0},{"time":0.0333,"x":4.774,"y":4.774},{"time":0.1333,"x":1.067,"y":1.067},{"time":0.5,"x":0,"y":0}]},"xing1":{"rotate":[{"time":0,"angle":0,"curve":"stepped"},{"time":0.0333,"angle":0}],"translate":[{"time":0,"x":-223.25,"y":-84.13,"curve":"stepped"},{"time":0.0333,"x":-223.25,"y":-84.13}],"scale":[{"time":0,"x":0,"y":0,"curve":"stepped"},{"time":0.0333,"x":0,"y":0},{"time":0.2,"x":1.466,"y":1.466},{"time":0.3666,"x":0,"y":0}]},"bone5":{"rotate":[{"time":0,"angle":0}],"translate":[{"time":0,"x":0,"y":0}],"scale":[{"time":0,"x":1,"y":1}]},"gen":{"rotate":[{"time":0,"angle":0}],"translate":[{"time":0,"x":0,"y":0}],"scale":[{"time":0,"x":1,"y":1}]},"wang1":{"rotate":[{"time":0,"angle":62.91},{"time":0.0333,"angle":24.05},{"time":0.2,"angle":-4.54},{"time":0.4666,"angle":-8.42}],"translate":[{"time":0,"x":0,"y":0}],"scale":[{"time":0,"x":0,"y":0},{"time":0.0666,"x":0.74,"y":0.74},{"time":0.1666,"x":1.109,"y":1.109},{"time":0.4666,"x":1,"y":1}]},"xing2":{"rotate":[{"time":0,"angle":0,"curve":"stepped"},{"time":0.1,"angle":0}],"translate":[{"time":0,"x":-113.69,"y":-2,"curve":"stepped"},{"time":0.1,"x":-113.69,"y":-2}],"scale":[{"time":0,"x":0,"y":0,"curve":"stepped"},{"time":0.1,"x":0,"y":0},{"time":0.2,"x":0.967,"y":0.967},{"time":0.3666,"x":0,"y":0}]},"xing3":{"rotate":[{"time":0,"angle":0,"curve":"stepped"},{"time":0.3,"angle":0}],"translate":[{"time":0,"x":-73.45,"y":-100.34,"curve":"stepped"},{"time":0.3,"x":-73.45,"y":-100.34}],"scale":[{"time":0,"x":0,"y":0,"curve":"stepped"},{"time":0.3,"x":0,"y":0},{"time":0.4,"x":0.967,"y":0.967},{"time":0.5666,"x":0,"y":0}]},"guang2":{"rotate":[{"time":0,"angle":0,"curve":"stepped"},{"time":0.0666,"angle":0}],"translate":[{"time":0,"x":-145.78,"y":-1.66,"curve":"stepped"},{"time":0.0666,"x":-145.78,"y":-1.66},{"time":0.2666,"x":-221.56,"y":-32.61},{"time":0.5666,"x":-250.71,"y":-44.52}],"scale":[{"time":0,"x":0,"y":0,"curve":"stepped"},{"time":0.0666,"x":0,"y":0},{"time":0.1666,"x":3.049,"y":3.049},{"time":0.3666,"x":1.067,"y":1.067},{"time":0.5666,"x":0,"y":0}]},"guang3":{"rotate":[{"time":0,"angle":0,"curve":"stepped"},{"time":0.0666,"angle":0}],"translate":[{"time":0,"x":-145.78,"y":-1.66,"curve":"stepped"},{"time":0.0666,"x":-145.78,"y":-1.66},{"time":0.2,"x":-123.43,"y":-65.94},{"time":0.5,"x":-112.26,"y":-98.08}],"scale":[{"time":0,"x":0,"y":0,"curve":"stepped"},{"time":0.0666,"x":0,"y":0},{"time":0.1,"x":3.147,"y":3.147},{"time":0.2333,"x":1.067,"y":1.067},{"time":0.5,"x":0,"y":0}]},"guang4":{"rotate":[{"time":0,"angle":0}],"translate":[{"time":0,"x":-145.78,"y":-1.66},{"time":0.1,"x":-171.54,"y":73.4},{"time":0.3666,"x":-182.99,"y":106.77}],"scale":[{"time":0,"x":0,"y":0},{"time":0.0333,"x":3.667,"y":3.667},{"time":0.1333,"x":1.067,"y":1.067},{"time":0.3666,"x":0,"y":0}]}}}}},[0]]],0,0,[0],[-1],[0]]
