[1,["65I59paeJI94IIOUCYuC2Y@6c48a"],["_textureSource"],["cc.SpriteFrame"],0,[{"name":"ocean_pearl_sweep_5","rect":{"x":9,"y":3,"width":213,"height":192},"offset":{"x":0,"y":2.5},"originalSize":{"width":231,"height":203},"rotated":false,"capInsets":[0,0,0,0],"vertices":{"rawPosition":[-106.5,-96,0,106.5,-96,0,-106.5,96,0,106.5,96,0],"indexes":[0,1,2,2,1,3],"uv":[9,200,222,200,9,8,222,8],"nuv":[0.03896103896103896,0.03940886699507389,0.961038961038961,0.03940886699507389,0.03896103896103896,0.9852216748768473,0.961038961038961,0.9852216748768473],"minPos":{"x":-106.5,"y":-96,"z":0},"maxPos":{"x":106.5,"y":96,"z":0}},"packable":true,"pixelsToUnit":100,"pivot":{"x":0.5,"y":0.5},"meshType":0}],[0],0,[0],[0],[0]]
