[1,["b3V1Qx9WFA94kpkwd3BoMk@6c48a"],0,[["sp.SkeletonData",["_name","_atlasText","textureNames","_skeletonJson","textures"],-1,3]],[[0,0,1,2,3,4,5]],[[0,"yindingchuxian","\r\nyindingchuxian.png\r\nsize: 2048,512\r\nformat: RGBA8888\r\nfilter: Linear,Linear\r\nrepeat: none\r\n13\r\n  rotate: false\r\n  xy: 2, 2\r\n  size: 149, 136\r\n  orig: 149, 136\r\n  offset: 0, 0\r\n  index: -1\r\nguang1\r\n  rotate: false\r\n  xy: 282, 140\r\n  size: 278, 278\r\n  orig: 278, 278\r\n  offset: 0, 0\r\n  index: -1\r\nguang2\r\n  rotate: false\r\n  xy: 562, 140\r\n  size: 278, 278\r\n  orig: 278, 278\r\n  offset: 0, 0\r\n  index: -1\r\nguang3\r\n  rotate: false\r\n  xy: 842, 140\r\n  size: 278, 278\r\n  orig: 278, 278\r\n  offset: 0, 0\r\n  index: -1\r\nguang4\r\n  rotate: false\r\n  xy: 1122, 140\r\n  size: 278, 278\r\n  orig: 278, 278\r\n  offset: 0, 0\r\n  index: -1\r\nguang5\r\n  rotate: false\r\n  xy: 1402, 140\r\n  size: 278, 278\r\n  orig: 278, 278\r\n  offset: 0, 0\r\n  index: -1\r\nguang6\r\n  rotate: false\r\n  xy: 1682, 140\r\n  size: 278, 278\r\n  orig: 278, 278\r\n  offset: 0, 0\r\n  index: -1\r\nguang7\r\n  rotate: false\r\n  xy: 2, 140\r\n  size: 278, 278\r\n  orig: 278, 278\r\n  offset: 0, 0\r\n  index: -1\r\n",["yindingchuxian.png"],{"skeleton":{"hash":"dn1Q0hrA2E8iQ8w9EwWNIwI2geQ","spine":"3.8.99","x":-139,"y":-139,"width":278,"height":278,"images":"E:/新版UI/凤凰/动画源文件/银锭/银锭出现","audio":""},"bones":[{"name":"root"},{"name":"骨骼","parent":"root"}],"slots":[{"name":"123","bone":"root","attachment":"13"},{"name":"21","bone":"骨骼","attachment":"guang7","blend":"screen"}],"skins":[{"name":"default","attachments":{"21":{"guang1":{"width":278,"height":278},"guang2":{"width":278,"height":278},"guang3":{"width":278,"height":278},"guang4":{"width":278,"height":278},"guang5":{"width":278,"height":278},"guang6":{"width":278,"height":278},"guang7":{"width":278,"height":278}},"123":{"13":{"x":0.5,"width":149,"height":136}}}}],"animations":{"animation":{"slots":{"21":{"attachment":[{"name":"guang1"},{"time":0.0333,"name":"guang2"},{"time":0.0667,"name":"guang3"},{"time":0.1,"name":"guang4"},{"time":0.1333,"name":"guang5"},{"time":0.1667,"name":"guang6"},{"time":0.2,"name":"guang7"}]}}}}},[0]]],0,0,[0],[-1],[0]]
