[1,["ef9JxGr/pKrIb8sJv1Qyyq@f9941","ef9JxGr/pKrIb8sJv1Qyyq@6c48a"],["spriteFrame","_textureSource"],["cc.SpriteFrame",["cc.BitmapFont",["_name","fontSize","fntConfig"],0]],[[1,0,1,2,4]],[[[[0,"shuzi_longhu_jiesuan_shu",32,{"commonHeight":32,"fontSize":32,"atlasName":"shuzi_longhu_jiesuan_shu_0.png","fontDefDictionary":{"43":{"xOffset":0,"yOffset":0,"xAdvance":22,"rect":{"x":96,"y":43,"width":22,"height":43}},"44":{"xOffset":0,"yOffset":0,"xAdvance":11,"rect":{"x":138,"y":43,"width":11,"height":43}},"45":{"xOffset":0,"yOffset":0,"xAdvance":17,"rect":{"x":239,"y":0,"width":17,"height":43}},"46":{"xOffset":0,"yOffset":0,"xAdvance":11,"rect":{"x":149,"y":43,"width":11,"height":43}},"48":{"xOffset":0,"yOffset":0,"xAdvance":27,"rect":{"x":32,"y":0,"width":27,"height":43}},"49":{"xOffset":0,"yOffset":0,"xAdvance":20,"rect":{"x":118,"y":43,"width":20,"height":43}},"50":{"xOffset":0,"yOffset":0,"xAdvance":25,"rect":{"x":139,"y":0,"width":25,"height":43}},"51":{"xOffset":0,"yOffset":0,"xAdvance":24,"rect":{"x":0,"y":43,"width":24,"height":43}},"52":{"xOffset":0,"yOffset":0,"xAdvance":25,"rect":{"x":164,"y":0,"width":25,"height":43}},"53":{"xOffset":0,"yOffset":0,"xAdvance":25,"rect":{"x":189,"y":0,"width":25,"height":43}},"54":{"xOffset":0,"yOffset":0,"xAdvance":26,"rect":{"x":113,"y":0,"width":26,"height":43}},"55":{"xOffset":0,"yOffset":0,"xAdvance":24,"rect":{"x":24,"y":43,"width":24,"height":43}},"56":{"xOffset":0,"yOffset":0,"xAdvance":24,"rect":{"x":48,"y":43,"width":24,"height":43}},"57":{"xOffset":0,"yOffset":0,"xAdvance":24,"rect":{"x":72,"y":43,"width":24,"height":43}},"66":{"xOffset":0,"yOffset":0,"xAdvance":27,"rect":{"x":59,"y":0,"width":27,"height":43}},"75":{"xOffset":0,"yOffset":0,"xAdvance":27,"rect":{"x":86,"y":0,"width":27,"height":43}},"77":{"xOffset":0,"yOffset":0,"xAdvance":32,"rect":{"x":0,"y":0,"width":32,"height":43}},"84":{"xOffset":0,"yOffset":0,"xAdvance":25,"rect":{"x":214,"y":0,"width":25,"height":43}}},"kerningDict":{}}]],0,0,[0],[0],[0]],[[{"name":"shuzi_longhu_jiesuan_shu_0","rect":{"x":0,"y":0,"width":256,"height":86},"offset":{"x":0,"y":85},"originalSize":{"width":256,"height":256},"rotated":false,"capInsets":[0,0,0,0],"vertices":{"rawPosition":[-128,-43,0,128,-43,0,-128,43,0,128,43,0],"indexes":[0,1,2,2,1,3],"uv":[0,256,256,256,0,170,256,170],"nuv":[0,0.6640625,1,0.6640625,0,1,1,1],"minPos":{"x":-128,"y":-43,"z":0},"maxPos":{"x":128,"y":43,"z":0}},"packable":true,"pixelsToUnit":100,"pivot":{"x":0.5,"y":0.5},"meshType":0}],[0],0,[0],[1],[1]]]]
