[1,["d3HOq5fT9LNI5pOAO6JPGL@6c48a"],["_textureSource"],["cc.SpriteFrame"],0,[{"name":"j","rect":{"x":2,"y":2,"width":79,"height":100},"offset":{"x":-22.5,"y":12},"originalSize":{"width":128,"height":128},"rotated":false,"capInsets":[0,0,0,0],"vertices":{"rawPosition":[-39.5,-50,0,39.5,-50,0,-39.5,50,0,39.5,50,0],"indexes":[0,1,2,2,1,3],"uv":[2,126,81,126,2,26,81,26],"nuv":[0.015625,0.203125,0.6328125,0.203125,0.015625,0.984375,0.6328125,0.984375],"minPos":{"x":-39.5,"y":-50,"z":0},"maxPos":{"x":39.5,"y":50,"z":0}},"packable":true,"pixelsToUnit":100,"pivot":{"x":0.5,"y":0.5},"meshType":0}],[0],0,[0],[0],[0]]
