[1,["2b2d9905-9372-4020-bba6-c3a6b7a44ea8@6c48a"],0,[["sp.SkeletonData",["_name","_atlasText","textureNames","_skeletonJson","textures"],-1,3]],[[0,0,1,2,3,4,5]],[[0,"pao-7","\r\npao-7.png\r\nsize: 2896,187\r\nformat: RGBA8888\r\nfilter: Linear,Linear\r\nrepeat: none\r\ncannon_pifu7_0\r\n  rotate: false\r\n  xy: 652, 2\r\n  size: 185, 183\r\n  orig: 211, 247\r\n  offset: 0, 31\r\n  index: -1\r\ncannon_pifu7_0001\r\n  rotate: false\r\n  xy: 1026, 2\r\n  size: 185, 183\r\n  orig: 211, 247\r\n  offset: 0, 26\r\n  index: -1\r\ncannon_pifu7_0002\r\n  rotate: true\r\n  xy: 2, 22\r\n  size: 163, 230\r\n  orig: 211, 247\r\n  offset: 0, 2\r\n  index: -1\r\ncannon_pifu7_0003\r\n  rotate: false\r\n  xy: 234, 21\r\n  size: 211, 164\r\n  orig: 211, 247\r\n  offset: 0, 36\r\n  index: -1\r\ncannon_pifu7_0004\r\n  rotate: true\r\n  xy: 447, 10\r\n  size: 175, 203\r\n  orig: 211, 247\r\n  offset: 0, 15\r\n  index: -1\r\ncannon_pifu7_0005\r\n  rotate: false\r\n  xy: 1961, 2\r\n  size: 185, 183\r\n  orig: 211, 247\r\n  offset: 0, 26\r\n  index: -1\r\ncannon_pifu7_1\r\n  rotate: false\r\n  xy: 839, 2\r\n  size: 185, 183\r\n  orig: 211, 247\r\n  offset: 0, 31\r\n  index: -1\r\ncannon_pifu7_2\r\n  rotate: false\r\n  xy: 1213, 2\r\n  size: 185, 183\r\n  orig: 211, 247\r\n  offset: 0, 31\r\n  index: -1\r\ncannon_pifu7_3\r\n  rotate: false\r\n  xy: 1400, 2\r\n  size: 185, 183\r\n  orig: 211, 247\r\n  offset: 0, 31\r\n  index: -1\r\ncannon_pifu7_4\r\n  rotate: false\r\n  xy: 1587, 2\r\n  size: 185, 183\r\n  orig: 211, 247\r\n  offset: 0, 31\r\n  index: -1\r\ncannon_pifu7_5\r\n  rotate: false\r\n  xy: 1774, 2\r\n  size: 185, 183\r\n  orig: 211, 247\r\n  offset: 0, 31\r\n  index: -1\r\ncannon_pifu7_6\r\n  rotate: false\r\n  xy: 2148, 2\r\n  size: 185, 183\r\n  orig: 211, 247\r\n  offset: 0, 31\r\n  index: -1\r\ncannon_pifu7_7\r\n  rotate: false\r\n  xy: 2335, 2\r\n  size: 185, 183\r\n  orig: 211, 247\r\n  offset: 0, 31\r\n  index: -1\r\ncannon_pifu7_8\r\n  rotate: false\r\n  xy: 2522, 2\r\n  size: 185, 183\r\n  orig: 211, 247\r\n  offset: 0, 31\r\n  index: -1\r\ncannon_pifu7_9\r\n  rotate: false\r\n  xy: 2709, 2\r\n  size: 185, 183\r\n  orig: 211, 247\r\n  offset: 0, 31\r\n  index: -1\r\n",["pao-7.png"],{"skeleton":{"hash":"0TzE6ZZDoJ9PG1xsuytiOhVkt/k","spine":"2.1.27","width":211,"height":247,"images":"./../01/新炮/新炮/pao/pao6/"},"bones":[{"name":"root"},{"name":"dong","parent":"root"},{"name":"jing","parent":"root"}],"slots":[{"name":"pao7","bone":"jing","attachment":"cannon_pifu7_6"},{"name":"01","bone":"dong"}],"skins":{"default":{"01":{"cannon_pifu7_0001":{"y":5.1,"width":211,"height":247},"cannon_pifu7_0002":{"width":211,"height":247},"cannon_pifu7_0003":{"width":211,"height":247},"cannon_pifu7_0004":{"width":211,"height":247},"cannon_pifu7_0005":{"width":211,"height":247}},"pao7":{"cannon_pifu7_0":{"width":211,"height":247},"cannon_pifu7_1":{"width":211,"height":247},"cannon_pifu7_2":{"width":211,"height":247},"cannon_pifu7_3":{"width":211,"height":247},"cannon_pifu7_4":{"width":211,"height":247},"cannon_pifu7_5":{"width":211,"height":247},"cannon_pifu7_6":{"width":211,"height":247},"cannon_pifu7_7":{"width":211,"height":247},"cannon_pifu7_8":{"width":211,"height":247},"cannon_pifu7_9":{"width":211,"height":247}}}},"animations":{"dong":{"slots":{"01":{"attachment":[{"time":0,"name":"cannon_pifu7_0001"},{"time":0.1333,"name":"cannon_pifu7_0002"},{"time":0.2666,"name":"cannon_pifu7_0003"},{"time":0.4,"name":"cannon_pifu7_0004"},{"time":0.5333,"name":"cannon_pifu7_0005"}]},"pao7":{"attachment":[{"time":0,"name":null}]}},"bones":{"dong":{"rotate":[{"time":0.5333,"angle":-0.41}],"translate":[{"time":0,"x":0,"y":-5.28},{"time":0.1333,"x":0,"y":0}]}}},"jing":{"slots":{"01":{"attachment":[{"time":0,"name":null},{"time":0.1333,"name":null},{"time":0.2666,"name":null},{"time":0.4,"name":null},{"time":0.5333,"name":null}]},"pao7":{"attachment":[{"time":0,"name":"cannon_pifu7_0"},{"time":0.1333,"name":"cannon_pifu7_1"},{"time":0.2666,"name":"cannon_pifu7_2"},{"time":0.4,"name":"cannon_pifu7_3"},{"time":0.5333,"name":"cannon_pifu7_4"},{"time":0.6666,"name":"cannon_pifu7_5"},{"time":0.8,"name":"cannon_pifu7_6"},{"time":0.9333,"name":"cannon_pifu7_7"},{"time":1.0666,"name":"cannon_pifu7_8"},{"time":1.2,"name":"cannon_pifu7_9"}]}},"bones":{"root":{"translate":[{"time":0,"x":0,"y":1.42}]},"dong":{"translate":[{"time":0.1333,"x":2,"y":5.5},{"time":0.2666,"x":-5,"y":4},{"time":0.4,"x":1.5,"y":4.5},{"time":0.5333,"x":-0.5,"y":4.5}]}}}}},[0]]],0,0,[0],[-1],[0]]
