[1,["7106b4ff-fd38-4514-9b75-6f7c7d53ea16@6c48a"],["_textureSource"],["cc.SpriteFrame"],0,[{"name":"icon_lishibox_hong","rect":{"x":0,"y":0,"width":47,"height":23},"offset":{"x":0,"y":0},"originalSize":{"width":47,"height":23},"rotated":false,"capInsets":[0,0,0,0],"vertices":{"rawPosition":[-23.5,-11.5,0,23.5,-11.5,0,-23.5,11.5,0,23.5,11.5,0],"indexes":[0,1,2,2,1,3],"uv":[0,23,47,23,0,0,47,0],"nuv":[0,0,1,0,0,1,1,1],"minPos":{"x":-23.5,"y":-11.5,"z":0},"maxPos":{"x":23.5,"y":11.5,"z":0}},"packable":true,"pixelsToUnit":100,"pivot":{"x":0.5,"y":0.5},"meshType":0}],[0],0,[0],[0],[0]]
