[1,["91auA8RRdMcZp1Mb9c/Re7@6c48a"],0,[["sp.SkeletonData",["_name","_atlasText","textureNames","_skeletonJson","textures"],-1,3]],[[0,0,1,2,3,4,5]],[[0,"ui_jiangci","\r\nui_jiangci.png\r\nsize: 1024,1024\r\nformat: RGBA8888\r\nfilter: Linear,Linear\r\nrepeat: none\r\njiangci_00000\r\n  rotate: false\r\n  xy: 2, 920\r\n  size: 500, 100\r\n  orig: 500, 100\r\n  offset: 0, 0\r\n  index: -1\r\njiangci_00001\r\n  rotate: false\r\n  xy: 2, 818\r\n  size: 500, 100\r\n  orig: 500, 100\r\n  offset: 0, 0\r\n  index: -1\r\njiangci_00002\r\n  rotate: false\r\n  xy: 504, 920\r\n  size: 500, 100\r\n  orig: 500, 100\r\n  offset: 0, 0\r\n  index: -1\r\njiangci_00003\r\n  rotate: false\r\n  xy: 2, 716\r\n  size: 500, 100\r\n  orig: 500, 100\r\n  offset: 0, 0\r\n  index: -1\r\njiangci_00004\r\n  rotate: false\r\n  xy: 504, 818\r\n  size: 500, 100\r\n  orig: 500, 100\r\n  offset: 0, 0\r\n  index: -1\r\njiangci_00005\r\n  rotate: false\r\n  xy: 2, 614\r\n  size: 500, 100\r\n  orig: 500, 100\r\n  offset: 0, 0\r\n  index: -1\r\njiangci_00006\r\n  rotate: false\r\n  xy: 504, 716\r\n  size: 500, 100\r\n  orig: 500, 100\r\n  offset: 0, 0\r\n  index: -1\r\njiangci_00007\r\n  rotate: false\r\n  xy: 2, 512\r\n  size: 500, 100\r\n  orig: 500, 100\r\n  offset: 0, 0\r\n  index: -1\r\njiangci_00008\r\n  rotate: false\r\n  xy: 504, 614\r\n  size: 500, 100\r\n  orig: 500, 100\r\n  offset: 0, 0\r\n  index: -1\r\njiangci_00009\r\n  rotate: false\r\n  xy: 2, 410\r\n  size: 500, 100\r\n  orig: 500, 100\r\n  offset: 0, 0\r\n  index: -1\r\njiangci_00010\r\n  rotate: false\r\n  xy: 504, 512\r\n  size: 500, 100\r\n  orig: 500, 100\r\n  offset: 0, 0\r\n  index: -1\r\njiangci_00011\r\n  rotate: false\r\n  xy: 2, 308\r\n  size: 500, 100\r\n  orig: 500, 100\r\n  offset: 0, 0\r\n  index: -1\r\njiangci_00012\r\n  rotate: false\r\n  xy: 504, 410\r\n  size: 500, 100\r\n  orig: 500, 100\r\n  offset: 0, 0\r\n  index: -1\r\njiangci_00013\r\n  rotate: false\r\n  xy: 2, 206\r\n  size: 500, 100\r\n  orig: 500, 100\r\n  offset: 0, 0\r\n  index: -1\r\njiangci_00014\r\n  rotate: false\r\n  xy: 504, 308\r\n  size: 500, 100\r\n  orig: 500, 100\r\n  offset: 0, 0\r\n  index: -1\r\njiangci_00015\r\n  rotate: false\r\n  xy: 2, 104\r\n  size: 500, 100\r\n  orig: 500, 100\r\n  offset: 0, 0\r\n  index: -1\r\njiangci_00016\r\n  rotate: false\r\n  xy: 504, 206\r\n  size: 500, 100\r\n  orig: 500, 100\r\n  offset: 0, 0\r\n  index: -1\r\njiangci_00017\r\n  rotate: false\r\n  xy: 2, 2\r\n  size: 500, 100\r\n  orig: 500, 100\r\n  offset: 0, 0\r\n  index: -1\r\njiangci_00018\r\n  rotate: false\r\n  xy: 504, 104\r\n  size: 500, 100\r\n  orig: 500, 100\r\n  offset: 0, 0\r\n  index: -1\r\njiangci_00019\r\n  rotate: false\r\n  xy: 504, 2\r\n  size: 500, 100\r\n  orig: 500, 100\r\n  offset: 0, 0\r\n  index: -1\r\n",["ui_jiangci.png"],{"skeleton":{"hash":"OFgLP7TOKIwYyb4lauVGGxJgv+Y","spine":"3.6.53","width":500,"height":100,"images":"H:/PS/新大厅/UI栏"},"bones":[{"name":"root"},{"name":"bone","parent":"root"},{"name":"bone2","parent":"bone","y":23.1}],"slots":[{"name":"jiangci","bone":"bone2","attachment":"jiangci_00019","blend":"additive"}],"skins":{"default":{"jiangci":{"jiangci_00000":{"width":500,"height":100},"jiangci_00001":{"width":500,"height":100},"jiangci_00002":{"width":500,"height":100},"jiangci_00003":{"width":500,"height":100},"jiangci_00004":{"width":500,"height":100},"jiangci_00005":{"width":500,"height":100},"jiangci_00006":{"width":500,"height":100},"jiangci_00007":{"width":500,"height":100},"jiangci_00008":{"width":500,"height":100},"jiangci_00009":{"width":500,"height":100},"jiangci_00010":{"width":500,"height":100},"jiangci_00011":{"width":500,"height":100},"jiangci_00012":{"width":500,"height":100},"jiangci_00013":{"width":500,"height":100},"jiangci_00014":{"width":500,"height":100},"jiangci_00015":{"width":500,"height":100},"jiangci_00016":{"width":500,"height":100},"jiangci_00017":{"width":500,"height":100},"jiangci_00018":{"width":500,"height":100},"jiangci_00019":{"width":500,"height":100}}}},"animations":{"animation":{"slots":{"jiangci":{"attachment":[{"time":0,"name":"jiangci_00000"},{"time":0.0667,"name":"jiangci_00001"},{"time":0.1333,"name":"jiangci_00002"},{"time":0.2,"name":"jiangci_00003"},{"time":0.2667,"name":"jiangci_00004"},{"time":0.3333,"name":"jiangci_00005"},{"time":0.4,"name":"jiangci_00006"},{"time":0.4667,"name":"jiangci_00007"},{"time":0.5333,"name":"jiangci_00008"},{"time":0.6,"name":"jiangci_00009"},{"time":0.6667,"name":"jiangci_00010"},{"time":0.7333,"name":"jiangci_00011"},{"time":0.8,"name":"jiangci_00012"},{"time":0.8667,"name":"jiangci_00013"},{"time":0.9333,"name":"jiangci_00014"},{"time":1,"name":"jiangci_00015"},{"time":1.0667,"name":"jiangci_00016"},{"time":1.1333,"name":"jiangci_00017"},{"time":1.2,"name":"jiangci_00018"},{"time":1.2667,"name":"jiangci_00019"},{"time":1.3333,"name":"jiangci_00000"}]}}}}},[0]]],0,0,[0],[-1],[0]]
