[1,["e9LAusoadBiaBx06/8Oejp@f9941","e9LAusoadBiaBx06/8Oejp@6c48a"],["spriteFrame","_textureSource"],["cc.SpriteFrame",["cc.ParticleAsset",["_name","_native"],1]],[[1,0,1,3]],[[[[0,"caishen_sw",".plist"],-1],0,0,[0],[0],[0]],[[{"name":"yuanbao","rect":{"x":10,"y":8,"width":97,"height":81},"offset":{"x":-2.5,"y":0.5},"originalSize":{"width":122,"height":98},"rotated":false,"capInsets":[0,0,0,0],"vertices":{"rawPosition":[-48.5,-40.5,0,48.5,-40.5,0,-48.5,40.5,0,48.5,40.5,0],"indexes":[0,1,2,2,1,3],"uv":[10,90,107,90,10,9,107,9],"nuv":[0.08196721311475409,0.09183673469387756,0.8770491803278688,0.09183673469387756,0.08196721311475409,0.9183673469387755,0.8770491803278688,0.9183673469387755],"minPos":{"x":-48.5,"y":-40.5,"z":0},"maxPos":{"x":48.5,"y":40.5,"z":0}},"packable":true,"pixelsToUnit":100,"pivot":{"x":0.5,"y":0.5},"meshType":0}],[0],0,[0],[1],[1]]]]
