[1,["45Pcq9zLRNXIc4mNWllPdJ@6c48a"],["_textureSource"],["cc.SpriteFrame"],0,[{"name":"PayTable1Portugal","rect":{"x":0,"y":0,"width":1570,"height":548},"offset":{"x":0,"y":0},"originalSize":{"width":1570,"height":548},"rotated":false,"capInsets":[0,0,0,0],"vertices":{"rawPosition":[-785,-274,0,785,-274,0,-785,274,0,785,274,0],"indexes":[0,1,2,2,1,3],"uv":[0,548,1570,548,0,0,1570,0],"nuv":[0,0,1,0,0,1,1,1],"minPos":{"x":-785,"y":-274,"z":0},"maxPos":{"x":785,"y":274,"z":0}},"packable":true,"pixelsToUnit":100,"pivot":{"x":0.5,"y":0.5},"meshType":0}],[0],0,[0],[0],[0]]
