[1,["5b814bec-4a55-409f-84da-743b99cda898@6c48a"],0,[["sp.SkeletonData",["_name","_atlasText","textureNames","_skeletonJson","textures"],-1,3]],[[0,0,1,2,3,4,5]],[[0,"pao-5","\r\npao-5.png\r\nsize: 2878,211\r\nformat: RGBA8888\r\nfilter: Linear,Linear\r\nrepeat: none\r\ncannon_pifu5_0\r\n  rotate: false\r\n  xy: 1167, 4\r\n  size: 183, 205\r\n  orig: 211, 247\r\n  offset: 2, 21\r\n  index: -1\r\ncannon_pifu5_0001\r\n  rotate: false\r\n  xy: 1352, 4\r\n  size: 183, 205\r\n  orig: 211, 247\r\n  offset: 2, 16\r\n  index: -1\r\ncannon_pifu5_0002\r\n  rotate: true\r\n  xy: 2, 46\r\n  size: 163, 236\r\n  orig: 211, 247\r\n  offset: 2, 0\r\n  index: -1\r\ncannon_pifu5_0003\r\n  rotate: false\r\n  xy: 1905, 32\r\n  size: 209, 177\r\n  orig: 211, 247\r\n  offset: 2, 29\r\n  index: -1\r\ncannon_pifu5_0004\r\n  rotate: true\r\n  xy: 2116, 37\r\n  size: 172, 215\r\n  orig: 211, 247\r\n  offset: 2, 8\r\n  index: -1\r\ncannon_pifu5_0005\r\n  rotate: false\r\n  xy: 2697, 10\r\n  size: 179, 199\r\n  orig: 211, 247\r\n  offset: 4, 15\r\n  index: -1\r\ncannon_pifu5_1\r\n  rotate: false\r\n  xy: 427, 2\r\n  size: 183, 207\r\n  orig: 211, 247\r\n  offset: 2, 20\r\n  index: -1\r\ncannon_pifu5_2\r\n  rotate: false\r\n  xy: 1721, 4\r\n  size: 182, 205\r\n  orig: 211, 247\r\n  offset: 2, 20\r\n  index: -1\r\ncannon_pifu5_3\r\n  rotate: false\r\n  xy: 2333, 7\r\n  size: 181, 202\r\n  orig: 211, 247\r\n  offset: 2, 20\r\n  index: -1\r\ncannon_pifu5_4\r\n  rotate: false\r\n  xy: 2516, 10\r\n  size: 179, 199\r\n  orig: 211, 247\r\n  offset: 4, 20\r\n  index: -1\r\ncannon_pifu5_5\r\n  rotate: false\r\n  xy: 1537, 3\r\n  size: 182, 206\r\n  orig: 211, 247\r\n  offset: 3, 20\r\n  index: -1\r\ncannon_pifu5_6\r\n  rotate: false\r\n  xy: 981, 5\r\n  size: 184, 204\r\n  orig: 211, 247\r\n  offset: 1, 20\r\n  index: -1\r\ncannon_pifu5_7\r\n  rotate: false\r\n  xy: 240, 4\r\n  size: 185, 205\r\n  orig: 211, 247\r\n  offset: 1, 20\r\n  index: -1\r\ncannon_pifu5_8\r\n  rotate: false\r\n  xy: 797, 2\r\n  size: 182, 207\r\n  orig: 211, 247\r\n  offset: 3, 20\r\n  index: -1\r\ncannon_pifu5_9\r\n  rotate: false\r\n  xy: 612, 3\r\n  size: 183, 206\r\n  orig: 211, 247\r\n  offset: 2, 21\r\n  index: -1\r\n",["pao-5.png"],{"skeleton":{"hash":"78UPyQVtJhMLzzN0uAc5tNqBnlY","spine":"2.1.27","width":211.73,"height":251.41,"images":"./../01/新炮/新炮/pao/pao5/"},"bones":[{"name":"root"},{"name":"dong","parent":"root"},{"name":"jing","parent":"root"}],"slots":[{"name":"pao5","bone":"jing","attachment":"cannon_pifu5_0"},{"name":"01","bone":"dong","attachment":"cannon_pifu5_0001"}],"skins":{"default":{"01":{"cannon_pifu5_0001":{"x":0.73,"y":4.41,"width":211,"height":247},"cannon_pifu5_0002":{"width":211,"height":247},"cannon_pifu5_0003":{"width":211,"height":247},"cannon_pifu5_0004":{"width":211,"height":247},"cannon_pifu5_0005":{"width":211,"height":247}},"pao5":{"cannon_pifu5_0":{"width":211,"height":247},"cannon_pifu5_1":{"width":211,"height":247},"cannon_pifu5_2":{"width":211,"height":247},"cannon_pifu5_3":{"width":211,"height":247},"cannon_pifu5_4":{"width":211,"height":247},"cannon_pifu5_5":{"width":211,"height":247},"cannon_pifu5_6":{"width":211,"height":247},"cannon_pifu5_7":{"width":211,"height":247},"cannon_pifu5_8":{"width":211,"height":247},"cannon_pifu5_9":{"width":211,"height":247}}}},"animations":{"dong":{"slots":{"01":{"attachment":[{"time":0,"name":"cannon_pifu5_0001"},{"time":0.1333,"name":"cannon_pifu5_0002"},{"time":0.2666,"name":"cannon_pifu5_0003"},{"time":0.4,"name":"cannon_pifu5_0004"},{"time":0.5333,"name":"cannon_pifu5_0005"}]},"pao5":{"attachment":[{"time":0,"name":null}]}},"bones":{"dong":{"translate":[{"time":0.1333,"x":0,"y":5.14},{"time":0.2666,"x":-4.4,"y":5.14},{"time":0.5333,"x":0.73,"y":4.38}]}}},"jing":{"slots":{"01":{"attachment":[{"time":0,"name":null},{"time":0.1333,"name":null},{"time":0.2666,"name":null},{"time":0.4,"name":null},{"time":0.5333,"name":null}]},"pao5":{"attachment":[{"time":0,"name":"cannon_pifu5_0"},{"time":0.1333,"name":"cannon_pifu5_1"},{"time":0.2666,"name":"cannon_pifu5_2"},{"time":0.4,"name":"cannon_pifu5_3"},{"time":0.5333,"name":"cannon_pifu5_4"},{"time":0.6666,"name":"cannon_pifu5_5"},{"time":0.8,"name":"cannon_pifu5_6"},{"time":0.9333,"name":"cannon_pifu5_7"},{"time":1.0666,"name":"cannon_pifu5_8"},{"time":1.2,"name":"cannon_pifu5_9"}]}},"bones":{"jing":{"translate":[{"time":1.2,"x":-0.99,"y":0}]},"dong":{"translate":[{"time":0.1333,"x":2.2,"y":5.87},{"time":0.2666,"x":-4.41,"y":5.87},{"time":0.4,"x":1.46,"y":5.87},{"time":0.5333,"x":0,"y":5.87}]}}}}},[0]]],0,0,[0],[-1],[0]]
