[1,["9dmOseHOpDDYOOZXE0uPsl@6c48a"],["_textureSource"],["cc.SpriteFrame"],0,[{"name":"虎","rect":{"x":0,"y":0,"width":750,"height":1334},"offset":{"x":0,"y":0},"originalSize":{"width":750,"height":1334},"rotated":false,"capInsets":[0,0,0,0],"vertices":{"rawPosition":[-375,-667,0,375,-667,0,-375,667,0,375,667,0],"indexes":[0,1,2,2,1,3],"uv":[0,1334,750,1334,0,0,750,0],"nuv":[0,0,1,0,0,1,1,1],"minPos":{"x":-375,"y":-667,"z":0},"maxPos":{"x":375,"y":667,"z":0}},"packable":true,"pixelsToUnit":100,"pivot":{"x":0.5,"y":0.5},"meshType":0}],[0],0,[0],[0],[0]]
