[1,["21zromPBxBJL8FoV1G7tVM@6c48a"],["_textureSource"],["cc.SpriteFrame"],0,[{"name":"eff_spine_slot_dfdc_5OFAKIND","rect":{"x":3,"y":3,"width":1018,"height":493},"offset":{"x":0,"y":6.5},"originalSize":{"width":1024,"height":512},"rotated":false,"capInsets":[0,0,0,0],"vertices":{"rawPosition":[-509,-246.5,0,509,-246.5,0,-509,246.5,0,509,246.5,0],"indexes":[0,1,2,2,1,3],"uv":[3,509,1021,509,3,16,1021,16],"nuv":[0.0029296875,0.03125,0.9970703125,0.03125,0.0029296875,0.994140625,0.9970703125,0.994140625],"minPos":{"x":-509,"y":-246.5,"z":0},"maxPos":{"x":509,"y":246.5,"z":0}},"packable":true,"pixelsToUnit":100,"pivot":{"x":0.5,"y":0.5},"meshType":0}],[0],0,[0],[0],[0]]
