[1,["c5170be1-a650-47e4-8311-3c2a0e148a6f@6c48a"],0,[["sp.SkeletonData",["_name","_atlasText","textureNames","_skeletonJson","textures"],-1,3]],[[0,0,1,2,3,4,5]],[[0,"fenghuangputongzhongjiang","\r\nfenghuangputongzhongjiang.png\r\nsize: 2048,512\r\nformat: RGBA8888\r\nfilter: Linear,Linear\r\nrepeat: none\r\n1\r\n  rotate: false\r\n  xy: 2, 195\r\n  size: 191, 191\r\n  orig: 191, 191\r\n  offset: 0, 0\r\n  index: -1\r\n10\r\n  rotate: false\r\n  xy: 774, 2\r\n  size: 191, 191\r\n  orig: 191, 191\r\n  offset: 0, 0\r\n  index: -1\r\n11\r\n  rotate: false\r\n  xy: 967, 195\r\n  size: 191, 191\r\n  orig: 191, 191\r\n  offset: 0, 0\r\n  index: -1\r\n12\r\n  rotate: false\r\n  xy: 967, 2\r\n  size: 191, 191\r\n  orig: 191, 191\r\n  offset: 0, 0\r\n  index: -1\r\n13\r\n  rotate: false\r\n  xy: 1160, 195\r\n  size: 191, 191\r\n  orig: 191, 191\r\n  offset: 0, 0\r\n  index: -1\r\n14\r\n  rotate: false\r\n  xy: 1160, 2\r\n  size: 191, 191\r\n  orig: 191, 191\r\n  offset: 0, 0\r\n  index: -1\r\n2\r\n  rotate: false\r\n  xy: 2, 2\r\n  size: 191, 191\r\n  orig: 191, 191\r\n  offset: 0, 0\r\n  index: -1\r\n3\r\n  rotate: false\r\n  xy: 195, 195\r\n  size: 191, 191\r\n  orig: 191, 191\r\n  offset: 0, 0\r\n  index: -1\r\n4\r\n  rotate: false\r\n  xy: 195, 2\r\n  size: 191, 191\r\n  orig: 191, 191\r\n  offset: 0, 0\r\n  index: -1\r\n5\r\n  rotate: false\r\n  xy: 388, 195\r\n  size: 191, 191\r\n  orig: 191, 191\r\n  offset: 0, 0\r\n  index: -1\r\n6\r\n  rotate: false\r\n  xy: 388, 2\r\n  size: 191, 191\r\n  orig: 191, 191\r\n  offset: 0, 0\r\n  index: -1\r\n7\r\n  rotate: false\r\n  xy: 581, 195\r\n  size: 191, 191\r\n  orig: 191, 191\r\n  offset: 0, 0\r\n  index: -1\r\n8\r\n  rotate: false\r\n  xy: 581, 2\r\n  size: 191, 191\r\n  orig: 191, 191\r\n  offset: 0, 0\r\n  index: -1\r\n9\r\n  rotate: false\r\n  xy: 774, 195\r\n  size: 191, 191\r\n  orig: 191, 191\r\n  offset: 0, 0\r\n  index: -1\r\nicon_fenghuang_tubiao_fenghuang11\r\n  rotate: true\r\n  xy: 1353, 223\r\n  size: 163, 146\r\n  orig: 163, 146\r\n  offset: 0, 0\r\n  index: -1\r\n",["fenghuangputongzhongjiang.png"],{"skeleton":{"hash":"uKcEktGRdgHz8KbMA26RU75t5NI","spine":"3.8.99","x":-160.74,"y":-160.74,"width":322.79,"height":322.79,"images":"E:/新版UI/凤凰/动画源文件/凤凰/凤普通游戏中奖","audio":""},"bones":[{"name":"root","scaleX":1.3,"scaleY":1.3}],"slots":[{"name":"1","bone":"root","attachment":"14"},{"name":"2","bone":"root","attachment":"icon_fenghuang_tubiao_fenghuang11"}],"skins":[{"name":"default","attachments":{"1":{"1":{"x":0.5,"y":0.5,"scaleX":1.3,"scaleY":1.3,"width":191,"height":191},"2":{"x":0.5,"y":0.5,"scaleX":1.3,"scaleY":1.3,"width":191,"height":191},"3":{"x":0.5,"y":0.5,"scaleX":1.3,"scaleY":1.3,"width":191,"height":191},"4":{"x":0.5,"y":0.5,"scaleX":1.3,"scaleY":1.3,"width":191,"height":191},"5":{"x":0.5,"y":0.5,"scaleX":1.3,"scaleY":1.3,"width":191,"height":191},"6":{"x":0.5,"y":0.5,"scaleX":1.3,"scaleY":1.3,"width":191,"height":191},"7":{"x":0.5,"y":0.5,"scaleX":1.3,"scaleY":1.3,"width":191,"height":191},"8":{"x":0.5,"y":0.5,"scaleX":1.3,"scaleY":1.3,"width":191,"height":191},"9":{"x":0.5,"y":0.5,"scaleX":1.3,"scaleY":1.3,"width":191,"height":191},"10":{"x":0.5,"y":0.5,"scaleX":1.3,"scaleY":1.3,"width":191,"height":191},"11":{"x":0.5,"y":0.5,"scaleX":1.3,"scaleY":1.3,"width":191,"height":191},"12":{"x":0.5,"y":0.5,"scaleX":1.3,"scaleY":1.3,"width":191,"height":191},"13":{"x":0.5,"y":0.5,"scaleX":1.3,"scaleY":1.3,"width":191,"height":191},"14":{"x":0.5,"y":0.5,"scaleX":1.3,"scaleY":1.3,"width":191,"height":191}},"2":{"icon_fenghuang_tubiao_fenghuang11":{"x":0.5,"width":163,"height":146}}}}],"animations":{"animation":{"slots":{"1":{"attachment":[{"name":"1"},{"time":0.0667,"name":"2"},{"time":0.1333,"name":"3"},{"time":0.2,"name":"4"},{"time":0.2667,"name":"6"},{"time":0.3333,"name":"5"},{"time":0.4,"name":"7"},{"time":0.4667,"name":"8"},{"time":0.5333,"name":"10"},{"time":0.6,"name":"9"},{"time":0.6667,"name":"11"},{"time":0.7333,"name":"12"},{"time":0.8,"name":"13"},{"time":0.8667,"name":"14"}]}}}}},[0]]],0,0,[0],[-1],[0]]
