[1,["9acjRc08FNFolMT6k46GH6@6c48a"],["_textureSource"],["cc.SpriteFrame"],0,[{"name":"sea_icon_treasurebox_21","rect":{"x":147,"y":191,"width":365,"height":321},"offset":{"x":73.5,"y":-95.5},"originalSize":{"width":512,"height":512},"rotated":false,"capInsets":[0,0,0,0],"vertices":{"rawPosition":[-182.5,-160.5,0,182.5,-160.5,0,-182.5,160.5,0,182.5,160.5,0],"indexes":[0,1,2,2,1,3],"uv":[147,321,512,321,147,0,512,0],"nuv":[0.287109375,0,1,0,0.287109375,0.626953125,1,0.626953125],"minPos":{"x":-182.5,"y":-160.5,"z":0},"maxPos":{"x":182.5,"y":160.5,"z":0}},"packable":true,"pixelsToUnit":100,"pivot":{"x":0.5,"y":0.5},"meshType":0}],[0],0,[0],[0],[0]]
