[1,["f8rrhsZ8BOHY/EgMxIp5TM@6c48a","deT/wF3cRECL6hB1mg6PtX@f9941","abU+dMzmdMB4tXJuuOxaY4","20IVrWQN1AF7ikc9p56B5q@f9941","1f+w2sNupGha2aa+b2gxbJ","4cLP0QNuFCnJq/KUEnhLWJ@f9941","5bC3ENgvdIX7V1+CC+cq0I@f9941","a97DuEmCBH5Ytr4UBGyN7A"],["node","_spriteFrame","_atlas","root","data","_skeletonData"],[["cc.Node",["_name","_active","_components","_prefab","_parent","_lpos","_children","_lscale"],1,9,4,1,5,2,5],["cc.Label",["_string","_actualFontSize","_fontSize","_lineHeight","_isBold","_enableOutline","_outlineWidth","_isItalic","_overflow","_enableWrapText","node","__prefab","_color","_outlineColor"],-7,1,4,5,5],["cc.Sprite",["_sizeMode","node","__prefab","_spriteFrame","_atlas"],2,1,4,6,6],["cc.UITransform",["node","__prefab","_contentSize"],3,1,4,5],"cc.SpriteAtlas",["sp.SkeletonData",["_name","_atlasText","textureNames","_skeletonJson","textures"],-1,3],["cc.Prefab",["_name"],2],["cc.CompPrefabInfo",["fileId"],2],["cc.PrefabInfo",["fileId","instance","targetOverrides","nestedPrefabInstanceRoots","root","asset"],-1,1,1],["sp.Skeleton",["defaultSkin","defaultAnimation","_preCacheMode","node","__prefab","_skeletonData"],0,1,4,6],["cc.Widget",["_alignFlags","_left","_right","_top","_originalWidth","node","__prefab"],-2,1,4],["cc.LabelOutline",["node","__prefab"],3,1,4]],[[7,0,2],[8,0,1,2,3,4,5,5],[3,0,1,2,1],[0,0,4,2,3,5,2],[0,0,4,2,3,5,7,2],[2,1,2,3,1],[5,0,1,2,3,4,5],[6,0,2],[0,0,6,2,3,2],[0,0,1,4,6,2,3,5,7,3],[0,0,4,6,2,3,5,7,2],[3,0,1,1],[9,0,1,2,3,4,5,4],[10,0,1,2,3,4,5,6,6],[1,0,1,2,3,5,6,10,11,12,13,7],[1,0,1,2,7,4,10,11,12,6],[1,0,1,2,3,8,9,10,11,7],[1,0,1,2,3,4,10,11,6],[11,0,1,1],[2,0,1,2,3,4,2],[2,1,2,3,4,1]],[[[{"name":"auto_icon","spriteFrames":["btn_lijiqianwang","b89E1tKLFIdoXeCOy2a2eL@f9941","game_14","07M9mLDgxP75Nq1iN1NH52@f9941","game_18","0aXV6tyk1Lt5YNA9Hv7lYq@f9941","game_13","ea5iDW4TRJJpO1Qxr8m/xW@f9941","game_10","0bMaXIHgRN3518jdWjFV31@f9941","game_5","11PsHcNjZCAZZYgkiznSh1@f9941","game_2","1e5KzeaWZFlImuxIyclfyH@f9941","game_8","20IVrWQN1AF7ikc9p56B5q@f9941","game_3","218NqxhDBKtalfFX48llX/@f9941","game_15","39PrxdZ8tCYoWL5cmEP9sf@f9941","game_9","3fQTwqs2VEj4iy5GZdcLhH@f9941","game_11","8eqLCZOzZJdJQhNGctHYTE@f9941","game_12","9en8FNOI1E5bA/homofe4E@f9941","game_6","c1aPhvLX1PbZO0Q14gTc4s@f9941","game_7","cdooh1hsVL652mryePyrgx@f9941","game_4","faaEvIxwNFwrLaB9D/d7v+@f9941"]}],[4],0,[],[],[]],[[[6,"zhongjiangbox","\r\nzhongjiangbox.png\r\nsize: 2048,128\r\nformat: RGBA8888\r\nfilter: Linear,Linear\r\nrepeat: none\r\n11\r\n  rotate: false\r\n  xy: 645, 8\r\n  size: 311, 109\r\n  orig: 311, 109\r\n  offset: 0, 0\r\n  index: -1\r\n22\r\n  rotate: false\r\n  xy: 329, 2\r\n  size: 314, 115\r\n  orig: 314, 115\r\n  offset: 0, 0\r\n  index: -1\r\n33\r\n  rotate: false\r\n  xy: 958, 2\r\n  size: 298, 115\r\n  orig: 298, 115\r\n  offset: 0, 0\r\n  index: -1\r\nbg_dt_jianglibox\r\n  rotate: false\r\n  xy: 2, 4\r\n  size: 325, 113\r\n  orig: 325, 113\r\n  offset: 0, 0\r\n  index: -1\r\n",["zhongjiangbox.png"],{"skeleton":{"hash":"KtTJmg9gLwhq3GuLYMxhuNfEapI","spine":"3.8.99","x":-162,"y":-56,"width":325,"height":113,"images":"E:/新版UI/平台/大厅new/动画/源文件/中奖框","audio":""},"bones":[{"name":"root"}],"slots":[{"name":"bg_dt_jianglibox","bone":"root","attachment":"bg_dt_jianglibox"},{"name":"1111","bone":"root","attachment":"11"},{"name":"ww","bone":"root","blend":"screen"}],"skins":[{"name":"default","attachments":{"1111":{"11":{"x":-4.76,"y":0.5,"width":311,"height":109}},"bg_dt_jianglibox":{"bg_dt_jianglibox":{"x":0.5,"y":0.5,"width":325,"height":113}},"ww":{"22":{"x":-4.3,"y":0.5,"width":314,"height":115},"33":{"x":-13.86,"y":0.5,"width":298,"height":115}}}}],"animations":{"animation":{"slots":{"ww":{"attachment":[{"name":"22"},{"time":0.3333,"name":"33"},{"time":0.6667,"name":"22"},{"time":1,"name":"33"},{"time":1.3333,"name":"22"},{"time":1.6667,"name":"33"},{"time":2,"name":"22"},{"time":2.3333,"name":"33"},{"time":2.6667,"name":"22"},{"time":3,"name":"33"}]}}}}},[0]]],0,0,[0],[-1],[0]],[[[7,"winningCar"],[8,"winningCar",[-3],[[2,-2,[0,"d7rW1AbgRG05D+HwjB8JwO"],[5,1330,750]]],[1,"c46/YsCPVOJYA4mWEpNYRx",null,null,null,-1,0]],[9,"props_zhongjiangbox_template",false,1,[-7,-8,-9,-10,-11,-12,-13],[[2,-4,[0,"c9b8fR7p9OJqQQ2Xm29AiI"],[5,325,113]],[12,"default","animation",0,-5,[0,"6clqp58rhAjKeeWXdna+Zj"],6],[13,33,1378.75,-400.266,128.247,325,-6,[0,"c9GjGtu8tJeIpvIhUOyE7X"]]],[1,"6fqGQWTfBFWo8aO+uDDTIN",null,null,null,1,0],[1,919.0160000000001,195.903,0],[1,0.9,0.9,1]],[3,"label_goldNum",2,[[2,-14,[0,"64k1/jzbBC8KEVpT2gGEcK"],[5,79.86,33.5]],[14,"1212121",20,20,25,true,1,-15,[0,"c627oY1JlL8owoWOeeMLzR"],[4,4280403448],[4,4283060814]],[18,-16,[0,"6bp1YPSFlI35mA6qzB8+g1"]]],[1,"3d89HPpDRJrZJTh2HYYFmK",null,null,null,1,0],[1,1.6635000000001128,-29.999999999999886,0]],[10,"head_circle_2",2,[-19],[[2,-17,[0,"aadLkrW/JKfoEn5vMWILnw"],[5,140,140]],[5,-18,[0,"ebkHhKcmZDH5MSt7QLl5tF"],5]],[1,"bcUsMRSGpK17QyOKt2d0/j",null,null,null,1,0],[1,-104.205,0.44599999999999995,0],[1,0.6,0.6,1]],[3,"Label_title",2,[[2,-20,[0,"297/KzQMNMbKIlkGkGcz03"],[5,128.92624435123759,50.4]],[15,"CONGRATS",22,22,true,true,-21,[0,"6cIDZewyRCroaIh8Q2kxRx"],[4,4278772223]]],[1,"44M6jDAZBP55YGZYXPIoif",null,null,null,1,0],[1,-1.3364999999998872,32.510000000000105,0]],[3,"label_playerName",2,[[2,-22,[0,"beSIm9NchGQaAdISfa/4VD"],[5,199.84300000000002,26.189999999999998]],[16,"nickName",18,18,20,2,false,-23,[0,"5ewsz6IutLi5f4h3+QfGCg"]]],[1,"14qiwvkdJDBL9VEBUBb3PL",null,null,null,1,0],[1,1.6635000000001128,13.396000000000186,0]],[3,"label_win",2,[[2,-24,[0,"4epOmkfR5OMLK3NoFZyrlM"],[5,36.47,30.24]],[17,"Win",20,20,24,true,-25,[0,"83lVH5UGFPtYJ1+O7xGWRM"]]],[1,"3787cW+0hB17QfsF+ygtvH",null,null,null,1,0],[1,1.6635000000001128,-6.999999999999886,0]],[4,"spr_gold",2,[[2,-26,[0,"1bX55ksJpECK+iMGy4JVqa"],[5,35,37]],[19,0,-27,[0,"fd2nUQHARO57DC/lvt9/DI"],0,1]],[1,"a8a0Zfk6BDJIDQqinGVXPk",null,null,null,1,0],[1,-55,-29.699,0],[1,0.7,0.7,1]],[3,"game_spr_icon",2,[[2,-28,[0,"10Tdp8ap1K2LJhI2eYndnU"],[5,80,80]],[20,-29,[0,"7fMv30eT9MILoOtnn6ECw0"],2,3]],[1,"a9R8MBoexOX5a/qh79Pg9D",null,null,null,1,0],[1,105,0,0]],[4,"btn_hall_head",4,[[11,-30,[0,"ae26qll3VP0Ln2PE70Gelj"]],[5,-31,[0,"f1P62wrW1KmYQLI82I68b1"],4]],[1,"22w5A8CahOJaYVFJxOZdE6",null,null,null,1,0],[1,-2.4895833333339397,1.1274999999998272,0],[1,1.5,1.5,1]]],0,[0,3,1,0,0,1,0,-1,2,0,0,2,0,0,2,0,0,2,0,-1,5,0,-2,6,0,-3,7,0,-4,8,0,-5,3,0,-6,9,0,-7,4,0,0,3,0,0,3,0,0,3,0,0,4,0,0,4,0,-1,10,0,0,5,0,0,5,0,0,6,0,0,6,0,0,7,0,0,7,0,0,8,0,0,8,0,0,9,0,0,9,0,0,10,0,0,10,0,4,1,31],[0,0,0,0,0,0,0],[1,2,1,2,1,1,5],[1,2,3,4,5,6,7]]]]
