[1,["19824eff5@6c48a"],["_textureSource"],["cc.SpriteFrame","cc.SpriteAtlas"],0,[[[{"name":"btn_dt_dl_gonggao","rect":{"x":80,"y":360,"width":70,"height":73},"offset":{"x":0,"y":0},"originalSize":{"width":70,"height":73},"rotated":false,"capInsets":[0,0,0,0],"packable":true,"pixelsToUnit":100,"pivot":{"x":0.5,"y":0.5},"meshType":0}],[0],0,[0],[0],[0]],[[{"name":"word_login_setpassword","rect":{"x":78,"y":567,"width":429,"height":62},"offset":{"x":0.5,"y":0.5},"originalSize":{"width":430,"height":63},"rotated":true,"capInsets":[0,0,0,0],"packable":true,"pixelsToUnit":100,"pivot":{"x":0.5,"y":0.5},"meshType":0}],[0],0,[0],[0],[0]],[[{"name":"input_login","rect":{"x":207,"y":773,"width":106,"height":58},"offset":{"x":0,"y":0},"originalSize":{"width":106,"height":58},"rotated":true,"capInsets":[17,14,16,14],"packable":true,"pixelsToUnit":100,"pivot":{"x":0.5,"y":0.5},"meshType":0}],[0],0,[0],[0],[0]],[[{"name":"panel_login_k","rect":{"x":144,"y":624,"width":390,"height":59},"offset":{"x":0,"y":0},"originalSize":{"width":390,"height":59},"rotated":true,"capInsets":[0,0,0,0],"packable":true,"pixelsToUnit":100,"pivot":{"x":0.5,"y":0.5},"meshType":0}],[0],0,[0],[0],[0]],[[{"name":"MencobaLagi","rect":{"x":78,"y":462,"width":186,"height":44},"offset":{"x":0,"y":0},"originalSize":{"width":186,"height":44},"rotated":false,"capInsets":[0,0,0,0],"packable":true,"pixelsToUnit":100,"pivot":{"x":0.5,"y":0.5},"meshType":0}],[0],0,[0],[0],[0]],[[{"name":"yanzhengmabox","rect":{"x":2,"y":242,"width":114,"height":44},"offset":{"x":0,"y":0},"originalSize":{"width":114,"height":44},"rotated":true,"capInsets":[0,0,0,0],"packable":true,"pixelsToUnit":100,"pivot":{"x":0.5,"y":0.5},"meshType":0}],[0],0,[0],[0],[0]],[[{"name":"zi_verfication_code","rect":{"x":78,"y":510,"width":152,"height":53},"offset":{"x":0,"y":0},"originalSize":{"width":152,"height":53},"rotated":false,"capInsets":[0,0,0,0],"packable":true,"pixelsToUnit":100,"pivot":{"x":0.5,"y":0.5},"meshType":0}],[0],0,[0],[0],[0]],[[{"name":"btn_wangjimima ","rect":{"x":50,"y":242,"width":112,"height":55},"offset":{"x":0,"y":0},"originalSize":{"width":112,"height":55},"rotated":true,"capInsets":[0,0,0,0],"packable":true,"pixelsToUnit":100,"pivot":{"x":0.5,"y":0.5},"meshType":0}],[0],0,[0],[0],[0]],[[{"name":"zi_denglu_confirm","rect":{"x":144,"y":567,"width":131,"height":53},"offset":{"x":0,"y":0},"originalSize":{"width":131,"height":53},"rotated":false,"capInsets":[0,0,0,0],"packable":true,"pixelsToUnit":100,"pivot":{"x":0.5,"y":0.5},"meshType":0}],[0],0,[0],[0],[0]],[[{"name":"btn_login_setpassword","rect":{"x":109,"y":242,"width":112,"height":55},"offset":{"x":0,"y":0},"originalSize":{"width":112,"height":55},"rotated":false,"capInsets":[0,0,0,0],"packable":true,"pixelsToUnit":100,"pivot":{"x":0.5,"y":0.5},"meshType":0}],[0],0,[0],[0],[0]],[[{"name":"word_login_mind","rect":{"x":2,"y":462,"width":527,"height":72},"offset":{"x":-0.5,"y":0},"originalSize":{"width":528,"height":72},"rotated":true,"capInsets":[0,0,0,0],"packable":true,"pixelsToUnit":100,"pivot":{"x":0.5,"y":0.5},"meshType":0}],[0],0,[0],[0],[0]],[[{"name":"bg_dt_yanzhengmabox","rect":{"x":207,"y":883,"width":120,"height":56},"offset":{"x":0,"y":0},"originalSize":{"width":120,"height":56},"rotated":true,"capInsets":[0,0,0,0],"packable":true,"pixelsToUnit":100,"pivot":{"x":0.5,"y":0.5},"meshType":0}],[0],0,[0],[0],[0]],[[{"name":"btn_off","rect":{"x":207,"y":624,"width":62,"height":62},"offset":{"x":0,"y":0},"originalSize":{"width":62,"height":62},"rotated":false,"capInsets":[0,0,0,0],"packable":true,"pixelsToUnit":100,"pivot":{"x":0.5,"y":0.5},"meshType":0}],[0],0,[0],[0],[0]],[[{"name":"title_denlgu_zhuce","rect":{"x":226,"y":112,"width":346,"height":47},"offset":{"x":0,"y":0},"originalSize":{"width":346,"height":47},"rotated":true,"capInsets":[0,0,0,0],"packable":true,"pixelsToUnit":100,"pivot":{"x":0.5,"y":0.5},"meshType":0}],[0],0,[0],[0],[0]],[[{"name":"btn_login_ok","rect":{"x":2,"y":2,"width":220,"height":56},"offset":{"x":0,"y":0},"originalSize":{"width":220,"height":56},"rotated":false,"capInsets":[0,0,0,0],"packable":true,"pixelsToUnit":100,"pivot":{"x":0.5,"y":0.5},"meshType":0}],[0],0,[0],[0],[0]],[[{"name":"auto_login","spriteFrames":["panel_login_bg","51Bej1HZBA5pjL+lRJB0Fj@f9941","panel_login_remind","d4d8jkvu9FF7gtTTeeLhse@f9941","word_login_login","51PmY3QTVAfJtgU+sN2toD@f9941","btn_login_ok1","14M0vXiNxOXoJE3ZzYtkcR@f9941","bg_denglu_box","fdAbOvptZKbLQGyhcL8xqH@f9941","btn_denglu_LogIn","1corxxJBlOnJXHMlAHGXfW@f9941","lgoin_close","b2zNAimABIR4q8O/+b2i3l@f9941","title_login_password","5bTH4WcoZOOYpo9JyXfg5e@f9941","btn_login_situs","14KkSprJZOAo6ABte7nfLK@f9941","title_denlgu_AkunMasuk","847S2mA8VDv6hC0jg9oDn6@f9941","title_login_phone","a0cg7vPaJMz5xZdsdiPrqX@f9941","btn_login_down","0aOy8DGCpDRooHe3DHVpRn@f9941","zi_denglu_querenmima","9417QZT+dKi63o62E6DE1F@f9941","word_login_password","be0MVZpj5EHLwwNthxqH0S@f9941","word_login_phone","23pAySH9VNI5Jh+tvvB1T4@f9941","zi_denglu_Sandi","97fCEWOSVA6a60wdZVMDDo@f9941","word_login_password1","07g8GPJVpGyoUFdThdyb0a@f9941","word_login_captcha","fco6nLiuVKobXoNu04rq3H@f9941","zi_denglu_yanzhengma","3dhnsQphhCcpFDknyaNI8p@f9941","word_login_phone1","eeu186DlVD0ogch7E2e2zo@f9941","zi_denglu_Akun","496OIBm6RKq5SJ4LR1owJt@f9941","btn_login_up","8fqQFemDpDz4EAr7RJWPYe@f9941","btn_dt_dl_xuanzhong","a1eIxr499OxYyOBk90KnOn@f9941","bin_dt_dl_weixuan","bdL52J3BRNs4qrrgFgazfC@f9941","img_prohibit_login","d0NxtlpDdBp4bKemQuRATj@f9941","maintenance_popup_bg","0eHRcXDehJSYXdAEzrJgVR@f9941","login_icon","aduJOIDnxNc7PGv0DPAWGt@f9941","btn_login_loginAkun","16fUwxG21Hp7s61PAF/WJL@f9941","btn_login_login1","218NWviARKNaDy/6V6Aybg@f9941","btn_login_phone","3ex4ESQutCt7PSsrgjgOOJ@f9941","btn_login_tamu","5dCi64Jo5FgoFr4wVRIfXd@f9941","btn_login_ok","c4Y0d4KAlN+KN+DgBeCcv/@f9941","btn_login_common","e1Dg32+EVIsZB7gJp4xdrU@f9941","btn_denglu_OK","d0wob/SapLXIcwWShQJPGp@f9941","title_denlgu_zhuce","c1m95drkNPQrIHKH7HDXs6@f9941","btn_denglu_DaftarAkun","d71FhUgCJKnpvgDmQ2q5xR@f9941","btn_login_login","d9tmx+PqtPepVwj4KPV/UO@f9941","word_login_mind","9en+u2Y/VNoqZUtK68AeOK@f9941","MencobaLagi","5drlcyuw1MuYnYhwlBZSRd@f9941","zi_verfication_code","7aZ8y4qwdEzLGdfjEO3B5x@f9941","word_login_setpassword","18n9HWietI4ICoS/xhZqk8@f9941","zi_denglu_confirm","926NZ3nQlOSar+XWSPxqcD@f9941","panel_login_k","3ekLW6jkdL2LjWQE3LOWma@f9941","btn_off","ba6P28YPdJK6VVEq+FbY/2@f9941","btn_dt_off","ed79NL8GFMQJi8eHnh581+@f9941","input_login","225esRjxBHXYPNaksRqUTn@f9941","bg_dt_yanzhengmabox","a5uTR2NgdFZ4OCf+CSo9Cc@f9941","yanzhengmabox","6a4EQgTGRO05AfdUJwsZjy@f9941","btn_dt_dl_kefu","f2DmilD/lOwp/kf5fBh9In@f9941","btn_wangjimima ","7bo7zhD4xNcriU3IKUcaaw@f9941","btn_login_setpassword","94oDOf9AZNdLsJyYn/jXGp@f9941","btn_login_send","ccxK3ZNQBGmZBhQflPM3+V@f9941","btn_dt_dl_gonggao","0a0+erGKtM15x7ZlY8XR5N@f9941"]}],[1],0,[],[],[]],[[{"name":"btn_login_send","rect":{"x":109,"y":301,"width":112,"height":55},"offset":{"x":0,"y":0},"originalSize":{"width":112,"height":55},"rotated":false,"capInsets":[0,0,0,0],"packable":true,"pixelsToUnit":100,"pivot":{"x":0.5,"y":0.5},"meshType":0}],[0],0,[0],[0],[0]],[[{"name":"btn_denglu_OK","rect":{"x":2,"y":62,"width":220,"height":56},"offset":{"x":0,"y":0},"originalSize":{"width":220,"height":56},"rotated":false,"capInsets":[0,0,0,0],"packable":true,"pixelsToUnit":100,"pivot":{"x":0.5,"y":0.5},"meshType":0}],[0],0,[0],[0],[0]],[[{"name":"btn_denglu_DaftarAkun","rect":{"x":2,"y":122,"width":220,"height":56},"offset":{"x":0,"y":0},"originalSize":{"width":220,"height":56},"rotated":false,"capInsets":[0,0,0,0],"packable":true,"pixelsToUnit":100,"pivot":{"x":0.5,"y":0.5},"meshType":0}],[0],0,[0],[0],[0]],[[{"name":"btn_login_login","rect":{"x":2,"y":182,"width":220,"height":56},"offset":{"x":0,"y":0},"originalSize":{"width":220,"height":56},"rotated":false,"capInsets":[0,0,0,0],"packable":true,"pixelsToUnit":100,"pivot":{"x":0.5,"y":0.5},"meshType":0}],[0],0,[0],[0],[0]],[[{"name":"btn_login_common","rect":{"x":226,"y":2,"width":106,"height":48},"offset":{"x":0,"y":-1},"originalSize":{"width":106,"height":50},"rotated":true,"capInsets":[0,0,0,0],"packable":true,"pixelsToUnit":100,"pivot":{"x":0.5,"y":0.5},"meshType":0}],[0],0,[0],[0],[0]],[[{"name":"btn_dt_off","rect":{"x":207,"y":690,"width":61,"height":79},"offset":{"x":0,"y":0},"originalSize":{"width":61,"height":79},"rotated":false,"capInsets":[0,0,0,0],"packable":true,"pixelsToUnit":100,"pivot":{"x":0.5,"y":0.5},"meshType":0}],[0],0,[0],[0],[0]],[[{"name":"btn_dt_dl_kefu","rect":{"x":2,"y":360,"width":78,"height":74},"offset":{"x":0,"y":0},"originalSize":{"width":78,"height":74},"rotated":true,"capInsets":[0,0,0,0],"packable":true,"pixelsToUnit":100,"pivot":{"x":0.5,"y":0.5},"meshType":0}],[0],0,[0],[0],[0]]]]
