[1,["51SEuf9q5JNZgk2JNHlMwp@6c48a"],0,[["sp.SkeletonData",["_name","_atlasText","textureNames","_skeletonJson","textures"],-1,3]],[[0,0,1,2,3,4,5]],[[0,"j","\r\nj.png\r\nsize: 64,128\r\nformat: RGBA8888\r\nfilter: Linear,Linear\r\nrepeat: none\r\nj\r\n  rotate: false\r\n  xy: 2, 2\r\n  size: 60, 75\r\n  orig: 60, 75\r\n  offset: 0, 0\r\n  index: -1\r\n",["j.png"],{"skeleton":{"hash":"vOahZSO1TbLBNGy3vxtYJ7mtLp0","spine":"3.6.53","width":60,"height":75,"images":""},"bones":[{"name":"root"},{"name":"10","parent":"root","x":-5.5,"y":8}],"slots":[{"name":"10","bone":"10","attachment":"j"},{"name":"11","bone":"10","attachment":"j","blend":"additive"}],"skins":{"default":{"10":{"j":{"width":60,"height":75}},"11":{"j":{"width":60,"height":75}}}},"animations":{"dynamic":{"slots":{"11":{"color":[{"time":0,"color":"ffffff00","curve":[0.25,0,0.75,1]},{"time":0.5,"color":"ffffffff","curve":[0.25,0,0.75,1]},{"time":1,"color":"ffffff00"}]}},"bones":{"10":{"scale":[{"time":0,"x":1,"y":1,"curve":[0.25,0,0.75,1]},{"time":0.5,"x":1.188,"y":1.188,"curve":[0.25,0,0.75,1]},{"time":1,"x":1,"y":1}]}}},"static":{"slots":{"11":{"color":[{"time":0,"color":"ffffff00"}]}},"bones":{"10":{"scale":[{"time":0,"x":1,"y":1}]}}}}},[0]]],0,0,[0],[-1],[0]]
