[1,["cdb7de5f-da00-47dc-847e-8ed0cd4ff3cc@6c48a"],["_textureSource"],["cc.SpriteFrame"],0,[{"name":"zi_Saldo","rect":{"x":0,"y":0,"width":455,"height":68},"offset":{"x":0,"y":0},"originalSize":{"width":455,"height":68},"rotated":false,"capInsets":[0,0,0,0],"vertices":{"rawPosition":[-227.5,-34,0,227.5,-34,0,-227.5,34,0,227.5,34,0],"indexes":[0,1,2,2,1,3],"uv":[0,68,455,68,0,0,455,0],"nuv":[0,0,1,0,0,1,1,1],"minPos":{"x":-227.5,"y":-34,"z":0},"maxPos":{"x":227.5,"y":34,"z":0}},"packable":true,"pixelsToUnit":100,"pivot":{"x":0.5,"y":0.5},"meshType":0}],[0],0,[0],[0],[0]]
