[1,["9dDLq5zMlDbIN9Fdt7F4mu@6c48a"],["_textureSource"],["cc.SpriteFrame"],0,[{"name":"Luckywheel4","rect":{"x":138,"y":3,"width":235,"height":271},"offset":{"x":0.5,"y":117.5},"originalSize":{"width":510,"height":512},"rotated":false,"capInsets":[0,0,0,0],"vertices":{"rawPosition":[-117.5,-135.5,0,117.5,-135.5,0,-117.5,135.5,0,117.5,135.5,0],"indexes":[0,1,2,2,1,3],"uv":[138,509,373,509,138,238,373,238],"nuv":[0.27058823529411763,0.46484375,0.7313725490196078,0.46484375,0.27058823529411763,0.994140625,0.7313725490196078,0.994140625],"minPos":{"x":-117.5,"y":-135.5,"z":0},"maxPos":{"x":117.5,"y":135.5,"z":0}},"packable":true,"pixelsToUnit":100,"pivot":{"x":0.5,"y":0.5},"meshType":0}],[0],0,[0],[0],[0]]
