[1,["d0a633fa-7e07-4b27-9093-5567033e1f74@6c48a"],0,[["sp.SkeletonData",["_name","_atlasText","textureNames","_skeletonJson","textures"],-1,3]],[[0,0,1,2,3,4,5]],[[0,"777tubiao","\r\n777tubiao.png\r\nsize: 512,128\r\nformat: RGBA8888\r\nfilter: Linear,Linear\r\nrepeat: none\r\n7 (1)\r\n  rotate: false\r\n  xy: 417, 44\r\n  size: 53, 56\r\n  orig: 53, 56\r\n  offset: 0, 0\r\n  index: -1\r\n7 (2)\r\n  rotate: false\r\n  xy: 417, 44\r\n  size: 53, 56\r\n  orig: 53, 56\r\n  offset: 0, 0\r\n  index: -1\r\n7 (3)\r\n  rotate: true\r\n  xy: 330, 21\r\n  size: 79, 85\r\n  orig: 79, 85\r\n  offset: 0, 0\r\n  index: -1\r\nsaoguang\r\n  rotate: true\r\n  xy: 151, 46\r\n  size: 54, 177\r\n  orig: 54, 177\r\n  offset: 0, 0\r\n  index: -1\r\nxx\r\n  rotate: true\r\n  xy: 151, 14\r\n  size: 30, 46\r\n  orig: 30, 46\r\n  offset: 0, 0\r\n  index: -1\r\n飞金币\r\n  rotate: false\r\n  xy: 2, 2\r\n  size: 147, 98\r\n  orig: 147, 98\r\n  offset: 0, 0\r\n  index: -1\r\n",["777tubiao.png"],{"skeleton":{"hash":"RAzIDmZJefSdXCoZ0gOPz9So+zE","spine":"3.6.53","width":282.36,"height":174.48,"images":""},"bones":[{"name":"root"},{"name":"71","parent":"root","x":-2.41,"y":-2.66},{"name":"72","parent":"root","x":-40.25,"y":-12.38},{"name":"73","parent":"root","x":38.18,"y":-14.79},{"name":"bone","parent":"root","y":9.98},{"name":"bone2","parent":"root"},{"name":"bone3","parent":"bone2","x":-18.94,"y":30.46,"scaleX":0.562,"scaleY":0.562},{"name":"bone4","parent":"bone2","rotation":-99.38,"x":10.24,"y":-24.06,"scaleX":0.418,"scaleY":0.418},{"name":"bone5","parent":"bone2","rotation":123.08,"x":52.74,"y":-1.54,"scaleX":0.327,"scaleY":0.327},{"name":"bone6","parent":"bone2","rotation":139.52,"x":-39.94,"y":-34.56,"scaleX":0.286,"scaleY":0.286},{"name":"bone7","parent":"bone2","rotation":82.73,"x":20.22,"y":9.22,"scaleX":0.427,"scaleY":0.427},{"name":"caijian1","parent":"root"},{"name":"caijian2","parent":"root","x":-37.39,"y":-12.55},{"name":"caijian3","parent":"root","x":42.52,"y":-14.58},{"name":"guang1","parent":"root"},{"name":"guang2","parent":"root"},{"name":"guang3","parent":"root"}],"slots":[{"name":"飞金币","bone":"bone","attachment":"飞金币"},{"name":"7 (2)","bone":"73","attachment":"7 (2)"},{"name":"7 (1)","bone":"72","attachment":"7 (1)"},{"name":"2","bone":"caijian3","attachment":"2"},{"name":"saoguang3","bone":"guang3","color":"ffffff67","attachment":"saoguang","blend":"additive"},{"name":"3","bone":"caijian2","attachment":"3"},{"name":"saoguang2","bone":"guang2","color":"ffffff75","attachment":"saoguang","blend":"additive"},{"name":"7 (3)","bone":"71","attachment":"7 (3)"},{"name":"1","bone":"caijian1","attachment":"1"},{"name":"saoguang","bone":"guang1","color":"ffffff75","attachment":"saoguang","blend":"additive"},{"name":"xx","bone":"bone3","attachment":"xx","blend":"additive"},{"name":"xx2","bone":"bone4","attachment":"xx","blend":"additive"},{"name":"xx3","bone":"bone5","attachment":"xx","blend":"additive"},{"name":"xx4","bone":"bone6","attachment":"xx","blend":"additive"},{"name":"xx5","bone":"bone7","attachment":"xx","blend":"additive"}],"skins":{"default":{"1":{"1":{"type":"clipping","end":"saoguang","vertexCount":52,"color":"ce3a3aff","vertices":[-11.84,-38.47,2.34,-41.01,8.52,-40,13.81,-36.74,17.08,-31.65,16.79,-22.62,18.66,-13.53,22.51,-2.91,27.92,5.62,32.31,12.79,35.19,19.91,35.94,23.26,35.76,26.3,35.78,29.34,34.29,32.02,31.11,34.01,26.87,33.59,20.69,32.46,10.81,33,5.29,33.97,-1.13,36.73,-8.82,40.13,-13.89,40.1,-19.28,40.1,-23.1,39.16,-26.88,38.49,-30.39,37.55,-33,36.42,-38.57,32.93,-39.96,28.9,-39.89,23.3,-39.67,15.47,-37.26,8.04,-33.86,3.62,-29.33,1.49,-24.74,2.4,-20.1,6.56,-17.35,13.96,-14.46,17.83,-10.57,21.27,-5.29,23.04,-0.46,21.97,4.33,19.46,7.46,16.52,8.42,12.33,6.43,8.95,0.02,4.14,-5.78,-2.06,-10.94,-10.03,-15.46,-21.11,-17.5,-30.45,-16.07,-34.95]}},"2":{"2":{"type":"clipping","end":"saoguang3","vertexCount":36,"color":"ce3a3aff","vertices":[7.03,-17.6,8.39,-9.8,11.67,-1.44,16.41,5.79,19.12,12.01,20.25,16.53,18.45,20.82,16.3,22.18,11.55,21.5,6.02,20.6,-4.15,23.53,-12.4,25.68,-23.14,27.94,-32.07,27.71,-35.34,19.8,-35.23,2.85,-28.22,-0.87,-24.49,-0.99,-17.71,1.27,-16.58,5.57,-14.1,10.54,-10.82,13.7,-6.75,14.15,-1.56,12.01,1.61,8.73,0.03,4.1,-5.28,0.59,-9.13,-4.94,-13.87,-12.63,-15.68,-19.41,-15.12,-24.49,-10.93,-27.99,-5.28,-28.79,1.61,-28.79,5,-26.07,6.58,-22.23]}},"3":{"3":{"type":"clipping","end":"saoguang2","vertexCount":37,"color":"ce3a3aff","vertices":[-28.39,11.56,-27.35,2.98,-24.75,-1.05,-20.45,-2.11,-16.18,-0.49,-12.98,4.77,-10.2,9.41,-6.36,11.6,-2.54,11.79,2.21,9.65,4.49,6.33,3.24,3.19,-2.52,-1.27,-7.04,-6.91,-10.27,-13.5,-12.7,-20.46,-12.57,-25.11,-10.53,-28.56,-5.08,-30.62,4.27,-30.19,9.65,-26.13,10.65,-18.44,10.48,-14.28,12.29,-8.17,16.74,-0.58,19.73,4,22.59,9.65,23.39,14.65,22.5,18.49,19.16,21.13,11.01,20.52,4.38,21.27,-2.12,22.6,-8.01,24.22,-14.64,24.34,-23.08,22,-27.51,18.6]}},"7 (1)":{"7 (1)":{"x":-0.16,"y":-3.11,"width":53,"height":56}},"7 (2)":{"7 (2)":{"x":-1.9,"y":-0.71,"width":53,"height":56}},"7 (3)":{"7 (3)":{"y":2.66,"width":79,"height":85}},"saoguang":{"saoguang":{"x":10.67,"y":-0.2,"rotation":45,"width":54,"height":177}},"saoguang2":{"saoguang":{"x":-64.95,"y":-11.33,"rotation":45,"width":54,"height":177}},"saoguang3":{"saoguang":{"x":54.07,"y":-11.33,"rotation":45,"width":54,"height":177}},"xx":{"xx":{"width":30,"height":46}},"xx2":{"xx":{"width":30,"height":46}},"xx3":{"xx":{"width":30,"height":46}},"xx4":{"xx":{"width":30,"height":46}},"xx5":{"xx":{"width":30,"height":46}},"飞金币":{"飞金币":{"width":147,"height":98}}}},"animations":{"animation":{"slots":{"xx":{"color":[{"time":0,"color":"ffffffe5"},{"time":0.0333,"color":"ffffffff"},{"time":0.3667,"color":"ffffff00","curve":"stepped"},{"time":0.8667,"color":"ffffff00","curve":"stepped"},{"time":0.9,"color":"ffffff00"},{"time":1.2,"color":"ffffffe5"}]},"xx2":{"color":[{"time":0,"color":"ffffff00","curve":"stepped"},{"time":0.0333,"color":"ffffff00"},{"time":0.3667,"color":"ffffffff"},{"time":0.7,"color":"ffffff00","curve":"stepped"},{"time":1.2,"color":"ffffff00"}]},"xx3":{"color":[{"time":0,"color":"ffffff00","curve":"stepped"},{"time":0.5,"color":"ffffff00","curve":"stepped"},{"time":0.5333,"color":"ffffff00","curve":[0.25,0,0.75,1]},{"time":0.8667,"color":"ffffffff","curve":[0.25,0,0.75,1]},{"time":1.2,"color":"ffffff00"}]},"xx4":{"color":[{"time":0,"color":"ffffff00","curve":"stepped"},{"time":0.2,"color":"ffffff00","curve":"stepped"},{"time":0.2333,"color":"ffffff00"},{"time":0.5667,"color":"ffffffff"},{"time":0.9,"color":"ffffff00","curve":"stepped"},{"time":1.2,"color":"ffffff00"}]},"xx5":{"color":[{"time":0,"color":"ffffff00","curve":"stepped"},{"time":0.2,"color":"ffffff00","curve":"stepped"},{"time":0.3667,"color":"ffffff00","curve":"stepped"},{"time":0.4,"color":"ffffff00"},{"time":0.7333,"color":"ffffffff"},{"time":1.0667,"color":"ffffff00","curve":"stepped"},{"time":1.2,"color":"ffffff00"}]}},"bones":{"71":{"translate":[{"time":1.2,"x":0,"y":0}],"scale":[{"time":0.1667,"x":1,"y":1,"curve":[0.367,0,0.477,1]},{"time":0.4,"x":1.1,"y":1.1,"curve":[0.367,0,0.477,1]},{"time":0.6,"x":1,"y":1,"curve":"stepped"},{"time":1.2,"x":1,"y":1}]},"72":{"translate":[{"time":0,"x":0,"y":0,"curve":"stepped"},{"time":1.2,"x":0,"y":0}],"scale":[{"time":0,"x":1,"y":1,"curve":[0.367,0,0.477,1]},{"time":0.2333,"x":1.1,"y":1.1,"curve":[0.367,0,0.477,1]},{"time":0.4333,"x":1,"y":1,"curve":"stepped"},{"time":1.2,"x":1,"y":1}]},"73":{"translate":[{"time":0.3333,"x":0,"y":0,"curve":"stepped"},{"time":0.5,"x":0,"y":0,"curve":"stepped"},{"time":0.6667,"x":0,"y":0,"curve":"stepped"},{"time":1.2,"x":0,"y":0}],"scale":[{"time":0.3333,"x":1,"y":1,"curve":[0.367,0,0.477,1]},{"time":0.5,"x":1.1,"y":1.1,"curve":[0.367,0,0.477,1]},{"time":0.6667,"x":1,"y":1,"curve":"stepped"},{"time":1.2,"x":1,"y":1}]},"guang3":{"translate":[{"time":0,"x":-97.5,"y":0},{"time":0.7333,"x":-68.21,"y":0},{"time":0.8,"x":-96.45,"y":0},{"time":1.1667,"x":53.86,"y":0}],"scale":[{"time":0.3333,"x":1,"y":1,"curve":[0.342,0,0.527,1]},{"time":0.5,"x":1.1,"y":1.1,"curve":[0.342,0,0.527,1]},{"time":0.6667,"x":1,"y":1,"curve":"stepped"},{"time":1.2,"x":1,"y":1}]},"guang2":{"translate":[{"time":0,"x":-97.5,"y":0},{"time":0.5,"x":-35.9,"y":0},{"time":1,"x":71.81,"y":0}],"scale":[{"time":0,"x":1,"y":1,"curve":[0.342,0,0.527,1]},{"time":0.2333,"x":1.1,"y":1.1,"curve":[0.342,0,0.527,1]},{"time":0.4333,"x":1,"y":1,"curve":"stepped"},{"time":1.2,"x":1,"y":1}]},"guang1":{"translate":[{"time":0,"x":-97.5,"y":0},{"time":0.0667,"x":-92.69,"y":0},{"time":0.1667,"x":-98.91,"y":0},{"time":0.7333,"x":85.54,"y":0}],"scale":[{"time":0.1667,"x":1,"y":1,"curve":[0.342,0,0.527,1]},{"time":0.4,"x":1.1,"y":1.1,"curve":[0.342,0,0.527,1]},{"time":0.6,"x":1,"y":1,"curve":"stepped"},{"time":1.2,"x":1,"y":1}]},"caijian1":{"scale":[{"time":0.1667,"x":1,"y":1,"curve":[0.38,0.01,0.504,1]},{"time":0.4,"x":1.1,"y":1.1,"curve":[0.38,0.01,0.504,1]},{"time":0.6,"x":1,"y":1,"curve":"stepped"},{"time":1.2,"x":1,"y":1}]},"caijian2":{"scale":[{"time":0,"x":1,"y":1,"curve":[0.38,0.01,0.504,1]},{"time":0.2333,"x":1.1,"y":1.1,"curve":[0.38,0.01,0.504,1]},{"time":0.4333,"x":1,"y":1,"curve":"stepped"},{"time":1.2,"x":1,"y":1}]},"caijian3":{"scale":[{"time":0.3333,"x":1,"y":1,"curve":[0.38,0.01,0.504,1]},{"time":0.5333,"x":1.1,"y":1.1,"curve":[0.38,0.01,0.504,1]},{"time":0.6667,"x":1,"y":1,"curve":"stepped"},{"time":1.2,"x":1,"y":1}]},"bone3":{"scale":[{"time":0,"x":0.92,"y":0.92},{"time":0.0333,"x":1,"y":1},{"time":0.3667,"x":1.1,"y":1.1},{"time":0.8667,"x":0.2,"y":0.2,"curve":"stepped"},{"time":0.9,"x":0.2,"y":0.2},{"time":1.2,"x":0.92,"y":0.92}]},"bone4":{"scale":[{"time":0,"x":0.2,"y":0.2,"curve":"stepped"},{"time":0.0333,"x":0.2,"y":0.2},{"time":0.3667,"x":1,"y":1},{"time":0.7,"x":1.1,"y":1.1,"curve":"stepped"},{"time":1.2,"x":1.1,"y":1.1}]},"bone5":{"scale":[{"time":0,"x":1.1,"y":1.1,"curve":[0.25,0,0.75,1]},{"time":0.5,"x":0.2,"y":0.2,"curve":"stepped"},{"time":0.5333,"x":0.2,"y":0.2,"curve":[0.25,0,0.75,1]},{"time":0.8667,"x":1,"y":1,"curve":[0.25,0,0.75,1]},{"time":1.2,"x":1.1,"y":1.1}]},"bone6":{"scale":[{"time":0,"x":0.56,"y":0.56},{"time":0.2,"x":0.2,"y":0.2,"curve":"stepped"},{"time":0.2333,"x":0.2,"y":0.2},{"time":0.5667,"x":1,"y":1},{"time":0.9,"x":1.1,"y":1.1},{"time":1.2,"x":0.56,"y":0.56}]},"bone7":{"scale":[{"time":0,"x":0.86,"y":0.86},{"time":0.2,"x":0.5,"y":0.5},{"time":0.3667,"x":0.2,"y":0.2,"curve":"stepped"},{"time":0.4,"x":0.2,"y":0.2},{"time":0.7333,"x":1,"y":1},{"time":1.0667,"x":1.1,"y":1.1},{"time":1.2,"x":0.86,"y":0.86}]}}}}},[0]]],0,0,[0],[-1],[0]]
