[1,["114ff35ab@6c48a"],["_textureSource"],["cc.SpriteFrame","cc.SpriteAtlas"],0,[[[{"name":"icon_dt_shop_jinb4","rect":{"x":3,"y":136,"width":127,"height":82},"offset":{"x":0,"y":0},"originalSize":{"width":127,"height":82},"rotated":true,"capInsets":[0,0,0,0],"packable":true,"pixelsToUnit":100,"pivot":{"x":0.5,"y":0.5},"meshType":0}],[0],0,[0],[0],[0]],[[{"name":"icon_dt_shop_jinb2","rect":{"x":3,"y":535,"width":127,"height":72},"offset":{"x":0,"y":0},"originalSize":{"width":127,"height":72},"rotated":true,"capInsets":[0,0,0,0],"packable":true,"pixelsToUnit":100,"pivot":{"x":0.5,"y":0.5},"meshType":0}],[0],0,[0],[0],[0]],[[{"name":"auto_gold","spriteFrames":["icon_dt_shop_jinb6","b8aezD+RBJmqeu06ol2Zbe@f9941","icon_dt_shop_jinb4","19VSPGJPxM1I+Kc6jc9GFY@f9941","icon_dt_shop_jinb5","e528r5LRlI15LMHAPcuf0Q@f9941","icon_dt_shop_jinb3","beyLxpxAVHFYxyuaYML1fZ@f9941","icon_dt_shop_jinb2","4158HSIDhEaILnniPuCSla@f9941","icon_dt_shop_jinb1","c3UXY3fDlKM7lhVWCabUYS@f9941"]}],[1],0,[],[],[]],[[{"name":"icon_dt_shop_jinb6","rect":{"x":3,"y":3,"width":127,"height":84},"offset":{"x":0,"y":0},"originalSize":{"width":127,"height":84},"rotated":true,"capInsets":[0,0,0,0],"packable":true,"pixelsToUnit":100,"pivot":{"x":0.5,"y":0.5},"meshType":0}],[0],0,[0],[0],[0]],[[{"name":"icon_dt_shop_jinb3","rect":{"x":3,"y":402,"width":127,"height":78},"offset":{"x":0,"y":0},"originalSize":{"width":127,"height":78},"rotated":true,"capInsets":[0,0,0,0],"packable":true,"pixelsToUnit":100,"pivot":{"x":0.5,"y":0.5},"meshType":0}],[0],0,[0],[0],[0]],[[{"name":"icon_dt_shop_jinb1","rect":{"x":3,"y":668,"width":127,"height":71},"offset":{"x":0,"y":0},"originalSize":{"width":127,"height":71},"rotated":true,"capInsets":[0,0,0,0],"packable":true,"pixelsToUnit":100,"pivot":{"x":0.5,"y":0.5},"meshType":0}],[0],0,[0],[0],[0]],[[{"name":"icon_dt_shop_jinb5","rect":{"x":3,"y":269,"width":127,"height":81},"offset":{"x":0,"y":0},"originalSize":{"width":127,"height":81},"rotated":true,"capInsets":[0,0,0,0],"packable":true,"pixelsToUnit":100,"pivot":{"x":0.5,"y":0.5},"meshType":0}],[0],0,[0],[0],[0]]]]
