[1,["14d698879@6c48a"],["_textureSource"],["cc.SpriteFrame"],0,[[[{"name":"dl_gxfc_autospinbox","rect":{"x":785,"y":805,"width":178,"height":144},"offset":{"x":0,"y":0},"originalSize":{"width":178,"height":144},"rotated":false,"capInsets":[0,0,0,0],"packable":true,"pixelsToUnit":100,"pivot":{"x":0.5,"y":0.5},"meshType":0}],[0],0,[0],[0],[0]],[[{"name":"FREE SPINS LEFT","rect":{"x":781,"y":1004,"width":143,"height":17},"offset":{"x":0,"y":0},"originalSize":{"width":143,"height":17},"rotated":false,"capInsets":[0,0,0,0],"packable":true,"pixelsToUnit":100,"pivot":{"x":0.5,"y":0.5},"meshType":0}],[0],0,[0],[0],[0]],[[{"name":"icon_dt_loading_1","rect":{"x":3,"y":984,"width":772,"height":24},"offset":{"x":0,"y":0},"originalSize":{"width":772,"height":24},"rotated":false,"capInsets":[11,0,11,0],"packable":true,"pixelsToUnit":100,"pivot":{"x":0.5,"y":0.5},"meshType":0}],[0],0,[0],[0],[0]],[[{"name":"zi_gxfc_mianfei_2","rect":{"x":785,"y":955,"width":217,"height":43},"offset":{"x":0,"y":0},"originalSize":{"width":217,"height":43},"rotated":false,"capInsets":[0,0,0,0],"packable":true,"pixelsToUnit":100,"pivot":{"x":0.5,"y":0.5},"meshType":0}],[0],0,[0],[0],[0]],[[{"name":"rules_2","rect":{"x":3,"y":549,"width":776,"height":429},"offset":{"x":0,"y":0},"originalSize":{"width":776,"height":429},"rotated":false,"capInsets":[0,0,0,0],"packable":true,"pixelsToUnit":100,"pivot":{"x":0.5,"y":0.5},"meshType":0}],[0],0,[0],[0],[0]],[[{"name":"bg_gxfc_mianfei_box1","rect":{"x":863,"y":3,"width":517,"height":157},"offset":{"x":0,"y":0},"originalSize":{"width":517,"height":157},"rotated":true,"capInsets":[0,0,0,0],"packable":true,"pixelsToUnit":100,"pivot":{"x":0.5,"y":0.5},"meshType":0}],[0],0,[0],[0],[0]],[[{"name":"bg_gxfc_guize_kuang4","rect":{"x":863,"y":526,"width":262,"height":140},"offset":{"x":0,"y":0},"originalSize":{"width":262,"height":140},"rotated":true,"capInsets":[0,0,0,0],"packable":true,"pixelsToUnit":100,"pivot":{"x":0.5,"y":0.5},"meshType":0}],[0],0,[0],[0],[0]],[[{"name":"icon_dt_loading_0","rect":{"x":809,"y":3,"width":796,"height":48},"offset":{"x":0,"y":0},"originalSize":{"width":796,"height":48},"rotated":true,"capInsets":[0,0,0,0],"packable":true,"pixelsToUnit":100,"pivot":{"x":0.5,"y":0.5},"meshType":0}],[0],0,[0],[0],[0]],[[{"name":"bg_gxfc_guize_box","rect":{"x":3,"y":3,"width":800,"height":540},"offset":{"x":0,"y":0},"originalSize":{"width":800,"height":540},"rotated":false,"capInsets":[0,0,0,0],"packable":true,"pixelsToUnit":100,"pivot":{"x":0.5,"y":0.5},"meshType":0}],[0],0,[0],[0],[0]],[[{"name":"MUSIC","rect":{"x":969,"y":794,"width":143,"height":39},"offset":{"x":0,"y":0},"originalSize":{"width":143,"height":39},"rotated":true,"capInsets":[0,0,0,0],"packable":true,"pixelsToUnit":100,"pivot":{"x":0.5,"y":0.5},"meshType":0}],[0],0,[0],[0],[0]]]]
