[1,["eb8ca6cb-e926-4f53-b55d-781c50f27620@6c48a"],0,[["sp.SkeletonData",["_name","_atlasText","textureNames","_skeletonJson","textures"],-1,3]],[[0,0,1,2,3,4,5]],[[0,"tubiao_hu","\r\ntubiao_hu.png\r\nsize: 512,256\r\nformat: RGBA8888\r\nfilter: Linear,Linear\r\nrepeat: none\r\nicon_fenghuang_tubiao_bianfu\r\n  rotate: false\r\n  xy: 161, 11\r\n  size: 140, 137\r\n  orig: 140, 137\r\n  offset: 0, 0\r\n  index: -1\r\nicon_fenghuang_tubiao_fenghuang2\r\n  rotate: false\r\n  xy: 2, 2\r\n  size: 157, 146\r\n  orig: 157, 146\r\n  offset: 0, 0\r\n  index: -1\r\nicon_fenghuang_tubiao_hu\r\n  rotate: true\r\n  xy: 303, 9\r\n  size: 139, 137\r\n  orig: 139, 137\r\n  offset: 0, 0\r\n  index: -1\r\n",["tubiao_hu.png"],{"skeleton":{"hash":"iaD+gTnb/vnHDXBBs1ehmDard9I","spine":"3.8.99","images":"E:/新版UI/凤凰/切图/图标","audio":""},"bones":[{"name":"root"}],"slots":[{"name":"icon_fenghuang_tubiao_10","bone":"root","attachment":"icon_fenghuang_tubiao_hu"}],"skins":[{"name":"default","attachments":{"icon_fenghuang_tubiao_10":{"icon_fenghuang_tubiao_bianfu":{"width":140,"height":137},"icon_fenghuang_tubiao_fenghuang2":{"x":0.5,"width":157,"height":146},"icon_fenghuang_tubiao_hu":{"width":139,"height":137}}}}],"animations":{"animation":{}}},[0]]],0,0,[0],[-1],[0]]
