[1,["fa0XxNkvJKzKC+twm9fNiY@6c48a"],["_textureSource"],["cc.SpriteFrame"],0,[{"name":"btn_null","rect":{"x":1,"y":1,"width":1,"height":1},"offset":{"x":0.5,"y":-0.5},"originalSize":{"width":2,"height":2},"rotated":false,"capInsets":[0,0,0,0],"vertices":{"rawPosition":[-0.5,-0.5,0,0.5,-0.5,0,-0.5,0.5,0,0.5,0.5,0],"indexes":[0,1,2,2,1,3],"uv":[1,1,2,1,1,0,2,0],"nuv":[0.5,0,1,0,0.5,0.5,1,0.5],"minPos":{"x":-0.5,"y":-0.5,"z":0},"maxPos":{"x":0.5,"y":0.5,"z":0}},"packable":true,"pixelsToUnit":100,"pivot":{"x":0.5,"y":0.5},"meshType":0}],[0],0,[0],[0],[0]]
