[1,["b12bcd2d-a62f-4c50-a760-763c61210596@f9941","b12bcd2d-a62f-4c50-a760-763c61210596@6c48a"],["spriteFrame","_textureSource"],["cc.SpriteFrame",["cc.BitmapFont",["_name","fontSize","fntConfig"],0]],[[1,0,1,2,4]],[[[[0,"font_sg_rate",20,{"commonHeight":19,"fontSize":20,"atlasName":"font_sg_rate_0.png","fontDefDictionary":{"32":{"xOffset":-1,"yOffset":18,"xAdvance":5,"rect":{"x":28,"y":57,"width":3,"height":1}},"48":{"xOffset":0,"yOffset":0,"xAdvance":27,"rect":{"x":0,"y":0,"width":27,"height":47}},"49":{"xOffset":0,"yOffset":0,"xAdvance":17,"rect":{"x":279,"y":0,"width":17,"height":45}},"50":{"xOffset":0,"yOffset":0,"xAdvance":27,"rect":{"x":140,"y":0,"width":27,"height":46}},"51":{"xOffset":0,"yOffset":0,"xAdvance":27,"rect":{"x":28,"y":0,"width":27,"height":47}},"52":{"xOffset":0,"yOffset":0,"xAdvance":27,"rect":{"x":196,"y":0,"width":27,"height":45}},"53":{"xOffset":0,"yOffset":0,"xAdvance":27,"rect":{"x":168,"y":0,"width":27,"height":46}},"54":{"xOffset":0,"yOffset":0,"xAdvance":27,"rect":{"x":56,"y":0,"width":27,"height":47}},"55":{"xOffset":0,"yOffset":0,"xAdvance":26,"rect":{"x":252,"y":0,"width":26,"height":45}},"56":{"xOffset":0,"yOffset":0,"xAdvance":27,"rect":{"x":84,"y":0,"width":27,"height":47}},"57":{"xOffset":0,"yOffset":0,"xAdvance":27,"rect":{"x":112,"y":0,"width":27,"height":47}},"88":{"xOffset":0,"yOffset":0,"xAdvance":27,"rect":{"x":224,"y":0,"width":27,"height":45}},"120":{"xOffset":0,"yOffset":11,"xAdvance":27,"rect":{"x":0,"y":57,"width":27,"height":34}}},"kerningDict":{}}]],0,0,[0],[0],[0]],[[{"name":"font_sg_rate_0","rect":{"x":0,"y":0,"width":296,"height":91},"offset":{"x":-2,"y":54.5},"originalSize":{"width":300,"height":200},"rotated":false,"capInsets":[0,0,0,0],"vertices":{"rawPosition":[-148,-45.5,0,148,-45.5,0,-148,45.5,0,148,45.5,0],"indexes":[0,1,2,2,1,3],"uv":[0,200,296,200,0,109,296,109],"nuv":[0,0.545,0.9866666666666667,0.545,0,1,0.9866666666666667,1],"minPos":{"x":-148,"y":-45.5,"z":0},"maxPos":{"x":148,"y":45.5,"z":0}},"packable":true,"pixelsToUnit":100,"pivot":{"x":0.5,"y":0.5},"meshType":0}],[0],0,[0],[1],[1]]]]
