[1,["99U0ItC9RCHYhi6tllpqld@f9941","99U0ItC9RCHYhi6tllpqld@6c48a"],["spriteFrame","_textureSource"],["cc.SpriteFrame",["cc.BitmapFont",["_name","fontSize","fntConfig"],0]],[[1,0,1,2,4]],[[[[0,"font_win_blue",20,{"commonHeight":19,"fontSize":20,"atlasName":"font_win_blue_0.png","fontDefDictionary":{"32":{"xOffset":-1,"yOffset":18,"xAdvance":5,"rect":{"x":40,"y":122,"width":3,"height":1}},"43":{"xOffset":0,"yOffset":0,"xAdvance":38,"rect":{"x":169,"y":0,"width":38,"height":51}},"44":{"xOffset":0,"yOffset":0,"xAdvance":20,"rect":{"x":0,"y":122,"width":20,"height":51}},"45":{"xOffset":0,"yOffset":0,"xAdvance":38,"rect":{"x":208,"y":0,"width":38,"height":51}},"46":{"xOffset":0,"yOffset":0,"xAdvance":18,"rect":{"x":21,"y":122,"width":18,"height":51}},"48":{"xOffset":0,"yOffset":0,"xAdvance":38,"rect":{"x":247,"y":0,"width":38,"height":51}},"49":{"xOffset":0,"yOffset":0,"xAdvance":27,"rect":{"x":262,"y":61,"width":27,"height":51}},"50":{"xOffset":0,"yOffset":0,"xAdvance":37,"rect":{"x":117,"y":61,"width":37,"height":51}},"51":{"xOffset":0,"yOffset":0,"xAdvance":34,"rect":{"x":227,"y":61,"width":34,"height":51}},"52":{"xOffset":-2,"yOffset":0,"xAdvance":39,"rect":{"x":89,"y":0,"width":39,"height":51}},"53":{"xOffset":0,"yOffset":0,"xAdvance":35,"rect":{"x":155,"y":61,"width":35,"height":51}},"54":{"xOffset":0,"yOffset":0,"xAdvance":38,"rect":{"x":0,"y":61,"width":38,"height":51}},"55":{"xOffset":0,"yOffset":0,"xAdvance":35,"rect":{"x":191,"y":61,"width":35,"height":51}},"56":{"xOffset":0,"yOffset":0,"xAdvance":38,"rect":{"x":39,"y":61,"width":38,"height":51}},"57":{"xOffset":0,"yOffset":0,"xAdvance":38,"rect":{"x":78,"y":61,"width":38,"height":51}},"61":{"xOffset":0,"yOffset":0,"xAdvance":39,"rect":{"x":129,"y":0,"width":39,"height":51}},"88":{"xOffset":0,"yOffset":0,"xAdvance":46,"rect":{"x":0,"y":0,"width":46,"height":51}},"120":{"xOffset":0,"yOffset":0,"xAdvance":41,"rect":{"x":47,"y":0,"width":41,"height":51}}},"kerningDict":{}}]],0,0,[0],[0],[0]],[[{"name":"font_win_blue_0","rect":{"x":0,"y":1,"width":289,"height":172},"offset":{"x":-5.5,"y":13},"originalSize":{"width":300,"height":200},"rotated":false,"capInsets":[0,0,0,0],"vertices":{"rawPosition":[-144.5,-86,0,144.5,-86,0,-144.5,86,0,144.5,86,0],"indexes":[0,1,2,2,1,3],"uv":[0,199,289,199,0,27,289,27],"nuv":[0,0.135,0.9633333333333334,0.135,0,0.995,0.9633333333333334,0.995],"minPos":{"x":-144.5,"y":-86,"z":0},"maxPos":{"x":144.5,"y":86,"z":0}},"packable":true,"pixelsToUnit":100,"pivot":{"x":0.5,"y":0.5},"meshType":0}],[0],0,[0],[1],[1]]]]
