[1,["1f1739a01@6c48a","01hiDbYDxDgrDtGEJX4wOr@f9941","9aeOI7JoRGmJ8btkuSafM+@f9941","3fzRxJ3UZI9ZS+DaM/1uxr@f9941","a69+CduyhEzIMk4Bs5Nr0z@f9941","54OYksTvNEM6ZmmTKl3jaQ@f9941","d3WWUonmVK7JZ6TU6BjS3N@f9941","f4ukJY6I5KC5ziSTW1qI9N@f9941","23VpNg7SFE97FJ1G37/BF7@f9941","e180Xd8/BDWatWx/TECOvM@f9941"],["_textureSource"],["cc.SpriteFrame","cc.SpriteAtlas"],0,[[[{"name":"icon_xggz_yueliang_s","rect":{"x":3,"y":3,"width":27,"height":34},"offset":{"x":0,"y":0},"originalSize":{"width":27,"height":34},"rotated":false,"capInsets":[0,0,0,0],"packable":true,"pixelsToUnit":100,"pivot":{"x":0.5,"y":0.5},"meshType":0}],[0],0,[0],[0],[0]],[[{"name":"icon_xggz_huang_s","rect":{"x":36,"y":3,"width":23,"height":21},"offset":{"x":0,"y":0},"originalSize":{"width":23,"height":21},"rotated":true,"capInsets":[0,0,0,0],"packable":true,"pixelsToUnit":100,"pivot":{"x":0.5,"y":0.5},"meshType":0}],[0],0,[0],[0],[0]],[[{"name":"icon_xggz_xin_s","rect":{"x":3,"y":82,"width":30,"height":25},"offset":{"x":0,"y":0},"originalSize":{"width":30,"height":25},"rotated":true,"capInsets":[0,0,0,0],"packable":true,"pixelsToUnit":100,"pivot":{"x":0.5,"y":0.5},"meshType":0}],[0],0,[0],[0],[0]],[[{"name":"icon_xggz_lanlv_s","rect":{"x":34,"y":82,"width":23,"height":24},"offset":{"x":0,"y":0},"originalSize":{"width":23,"height":24},"rotated":false,"capInsets":[0,0,0,0],"packable":true,"pixelsToUnit":100,"pivot":{"x":0.5,"y":0.5},"meshType":0}],[0],0,[0],[0],[0]],[[{"name":"icon_xggz_taiyang_s","rect":{"x":3,"y":43,"width":33,"height":27},"offset":{"x":0,"y":0},"originalSize":{"width":33,"height":27},"rotated":true,"capInsets":[0,0,0,0],"packable":true,"pixelsToUnit":100,"pivot":{"x":0.5,"y":0.5},"meshType":0}],[0],0,[0],[0],[0]],[[{"name":"icon_xggz_star_s","rect":{"x":3,"y":118,"width":29,"height":28},"offset":{"x":0,"y":0},"originalSize":{"width":29,"height":28},"rotated":false,"capInsets":[0,0,0,0],"packable":true,"pixelsToUnit":100,"pivot":{"x":0.5,"y":0.5},"meshType":0}],[0],0,[0],[0],[0]],[[{"name":"auto-smallIcon","spriteFrames":["icon_xggz_yueliang_s","01hiDbYDxDgrDtGEJX4wOr@f9941","icon_xggz_taiyang_s","9aeOI7JoRGmJ8btkuSafM+@f9941","icon_xggz_xin_s","3fzRxJ3UZI9ZS+DaM/1uxr@f9941","icon_xggz_star_s","a69+CduyhEzIMk4Bs5Nr0z@f9941","icon_xggz_lanlv_s","54OYksTvNEM6ZmmTKl3jaQ@f9941","icon_xggz_lv_s","d3WWUonmVK7JZ6TU6BjS3N@f9941","icon_xggz_hong_s","f4ukJY6I5KC5ziSTW1qI9N@f9941","icon_xggz_huang_s","23VpNg7SFE97FJ1G37/BF7@f9941","icon_xggz_lan_s","e180Xd8/BDWatWx/TECOvM@f9941"]}],[1],0,[0,0,0,0,0,0,0,0,0],[0,0,0,0,0,0,0,0,0],[1,2,3,4,5,6,7,8,9]],[[{"name":"icon_xggz_lv_s","rect":{"x":38,"y":112,"width":23,"height":24},"offset":{"x":0,"y":0},"originalSize":{"width":23,"height":24},"rotated":false,"capInsets":[0,0,0,0],"packable":true,"pixelsToUnit":100,"pivot":{"x":0.5,"y":0.5},"meshType":0}],[0],0,[0],[0],[0]],[[{"name":"icon_xggz_lan_s","rect":{"x":36,"y":32,"width":22,"height":22},"offset":{"x":0,"y":0},"originalSize":{"width":22,"height":22},"rotated":false,"capInsets":[0,0,0,0],"packable":true,"pixelsToUnit":100,"pivot":{"x":0.5,"y":0.5},"meshType":0}],[0],0,[0],[0],[0]],[[{"name":"icon_xggz_hong_s","rect":{"x":38,"y":142,"width":22,"height":23},"offset":{"x":0,"y":0},"originalSize":{"width":22,"height":23},"rotated":false,"capInsets":[0,0,0,0],"packable":true,"pixelsToUnit":100,"pivot":{"x":0.5,"y":0.5},"meshType":0}],[0],0,[0],[0],[0]]]]
