[1,["1ee86f78e@6c48a","8bFawpVaZDy5UP6wdRTgZm@f9941","9eO+IUan9Hw5zb99m1x5vj@f9941","40+mLe53RCsa15MzMaCh2k@f9941","55vuZRTMNHHZZzG30byonC@f9941","bcXGkbjYtLIrF6yfc+YwZm@f9941","5ee9kgc6dFMJrYvv7+oPP4@f9941","2brwW5NEJOzIxmpfIwm+jz@f9941","96tuNbGiVCm5kMyoeHtyu8@f9941","71IKLQGaFLVLbeZhk8VLou@f9941","6e8iuHAqlBQ4xtFaiYRzQ0@f9941","7dP0DoobBEloAxPZw/Yt17@f9941","e3SvuUkNNIy6PYjGxPEOPE@f9941","9fMvdN3W9PJKYLvx3o3mFj@f9941","bbHPX5KKRBp5rckV1FrvZu@f9941"],["_textureSource"],["cc.SpriteFrame","cc.SpriteAtlas"],0,[[[{"name":"icon_xggz_xin","rect":{"x":104,"y":186,"width":115,"height":94},"offset":{"x":7,"y":-1},"originalSize":{"width":133,"height":142},"rotated":true,"capInsets":[0,0,0,0],"packable":true,"pixelsToUnit":100,"pivot":{"x":0.5,"y":0.5},"meshType":0}],[0],0,[0],[0],[0]],[[{"name":"auto-bigIcon","spriteFrames":["icon_xggz_scatter","8bFawpVaZDy5UP6wdRTgZm@f9941","icon_xggz_lanxin","9eO+IUan9Hw5zb99m1x5vj@f9941","icon_xggz_lvxin","40+mLe53RCsa15MzMaCh2k@f9941","icon_xggz_hongxin","55vuZRTMNHHZZzG30byonC@f9941","icon_xggz_huangxin","bcXGkbjYtLIrF6yfc+YwZm@f9941","icon_xggz_yueliang","5ee9kgc6dFMJrYvv7+oPP4@f9941","icon_xggz_xin","2brwW5NEJOzIxmpfIwm+jz@f9941","icon_xggz_lanlv","96tuNbGiVCm5kMyoeHtyu8@f9941","icon_xggz_taiyang","71IKLQGaFLVLbeZhk8VLou@f9941","icon_xggz_star","6e8iuHAqlBQ4xtFaiYRzQ0@f9941","icon_xggz_lv","7dP0DoobBEloAxPZw/Yt17@f9941","icon_xggz_hong","e3SvuUkNNIy6PYjGxPEOPE@f9941","icon_xggz_huang","9fMvdN3W9PJKYLvx3o3mFj@f9941","icon_xggz_lan","bbHPX5KKRBp5rckV1FrvZu@f9941"]}],[1],0,[0,0,0,0,0,0,0,0,0,0,0,0,0,0],[0,0,0,0,0,0,0,0,0,0,0,0,0,0],[1,2,3,4,5,6,7,8,9,10,11,12,13,14]],[[{"name":"icon_xggz_lvxin","rect":{"x":3,"y":325,"width":133,"height":94},"offset":{"x":0,"y":2},"originalSize":{"width":133,"height":142},"rotated":true,"capInsets":[0,0,0,0],"packable":true,"pixelsToUnit":100,"pivot":{"x":0.5,"y":0.5},"meshType":0}],[0],0,[0],[0],[0]],[[{"name":"icon_xggz_hongxin","rect":{"x":3,"y":464,"width":133,"height":94},"offset":{"x":0,"y":3},"originalSize":{"width":133,"height":142},"rotated":true,"capInsets":[0,0,0,0],"packable":true,"pixelsToUnit":100,"pivot":{"x":0.5,"y":0.5},"meshType":0}],[0],0,[0],[0],[0]],[[{"name":"icon_xggz_yueliang","rect":{"x":103,"y":325,"width":101,"height":121},"offset":{"x":0,"y":10.5},"originalSize":{"width":133,"height":142},"rotated":false,"capInsets":[0,0,0,0],"packable":true,"pixelsToUnit":100,"pivot":{"x":0.5,"y":0.5},"meshType":0}],[0],0,[0],[0],[0]],[[{"name":"icon_xggz_star","rect":{"x":3,"y":871,"width":110,"height":105},"offset":{"x":-0.5,"y":-2.5},"originalSize":{"width":133,"height":142},"rotated":false,"capInsets":[0,0,0,0],"packable":true,"pixelsToUnit":100,"pivot":{"x":0.5,"y":0.5},"meshType":0}],[0],0,[0],[0],[0]],[[{"name":"icon_xggz_taiyang","rect":{"x":3,"y":741,"width":124,"height":103},"offset":{"x":0.5,"y":-3.5},"originalSize":{"width":133,"height":142},"rotated":true,"capInsets":[0,0,0,0],"packable":true,"pixelsToUnit":100,"pivot":{"x":0.5,"y":0.5},"meshType":0}],[0],0,[0],[0],[0]],[[{"name":"icon_xggz_lv","rect":{"x":105,"y":549,"width":86,"height":90},"offset":{"x":-0.5,"y":-2},"originalSize":{"width":133,"height":142},"rotated":false,"capInsets":[0,0,0,0],"packable":true,"pixelsToUnit":100,"pivot":{"x":0.5,"y":0.5},"meshType":0}],[0],0,[0],[0],[0]],[[{"name":"icon_xggz_scatter","rect":{"x":3,"y":3,"width":177,"height":177},"offset":{"x":0,"y":0},"originalSize":{"width":177,"height":177},"rotated":false,"capInsets":[0,0,0,0],"packable":true,"pixelsToUnit":100,"pivot":{"x":0.5,"y":0.5},"meshType":0}],[0],0,[0],[0],[0]],[[{"name":"icon_xggz_lanlv","rect":{"x":103,"y":452,"width":86,"height":91},"offset":{"x":0.5,"y":-0.5},"originalSize":{"width":133,"height":142},"rotated":false,"capInsets":[0,0,0,0],"packable":true,"pixelsToUnit":100,"pivot":{"x":0.5,"y":0.5},"meshType":0}],[0],0,[0],[0],[0]],[[{"name":"icon_xggz_lanxin","rect":{"x":3,"y":186,"width":133,"height":95},"offset":{"x":0,"y":1.5},"originalSize":{"width":133,"height":142},"rotated":true,"capInsets":[0,0,0,0],"packable":true,"pixelsToUnit":100,"pivot":{"x":0.5,"y":0.5},"meshType":0}],[0],0,[0],[0],[0]],[[{"name":"icon_xggz_huang","rect":{"x":112,"y":735,"width":88,"height":81},"offset":{"x":-0.5,"y":-2.5},"originalSize":{"width":133,"height":142},"rotated":true,"capInsets":[0,0,0,0],"packable":true,"pixelsToUnit":100,"pivot":{"x":0.5,"y":0.5},"meshType":0}],[0],0,[0],[0],[0]],[[{"name":"icon_xggz_lan","rect":{"x":119,"y":829,"width":82,"height":85},"offset":{"x":-0.5,"y":1.5},"originalSize":{"width":133,"height":142},"rotated":false,"capInsets":[0,0,0,0],"packable":true,"pixelsToUnit":100,"pivot":{"x":0.5,"y":0.5},"meshType":0}],[0],0,[0],[0],[0]],[[{"name":"icon_xggz_huangxin","rect":{"x":3,"y":603,"width":132,"height":96},"offset":{"x":-0.5,"y":2},"originalSize":{"width":133,"height":142},"rotated":true,"capInsets":[0,0,0,0],"packable":true,"pixelsToUnit":100,"pivot":{"x":0.5,"y":0.5},"meshType":0}],[0],0,[0],[0],[0]],[[{"name":"icon_xggz_hong","rect":{"x":105,"y":645,"width":84,"height":88},"offset":{"x":-0.5,"y":-2},"originalSize":{"width":133,"height":142},"rotated":true,"capInsets":[0,0,0,0],"packable":true,"pixelsToUnit":100,"pivot":{"x":0.5,"y":0.5},"meshType":0}],[0],0,[0],[0],[0]]]]
