[1,["28d3773b-1e96-4f03-85ec-c2cd12600331","28f6c91f-956f-44db-9967-3ce2fe4729c6@f9941","d190ddbf-1a86-487d-bda7-87617694416c@f9941","0eae9a59-c2a4-4b12-808f-66b85e5ddc56@6c48a","36968edf-f1c7-487e-a928-45e30fda8653","51f5f611-37d5-4b4a-982a-1e570ccaaa59@f9941","38d90772-1a02-4530-9591-a79b40fc18cc","39f4c79b-56a2-4460-b35e-cc486a856f4f@f9941","ae053a76-21dd-4ed4-bafc-de1f79c31dab","a1045e58-0c2f-4e1a-8617-f0d9034f655d","5f6090b7-40fa-4ccd-948a-44bb374edde1","050b2203-b02c-45f6-b89e-feac31fa5230","074fc4e3-5a98-4150-9f91-36b174af35b4","28f6c91f-956f-44db-9967-3ce2fe4729c6@6c48a","2cd4b046-7c81-4a00-a72b-ef97c39885d6@6c48a","2ea6cff7-5a12-4078-9de8-4dc0e7ff5336@6c48a","55feed54-75df-49b8-8c2b-93565c9049ce@6c48a","2cd4b046-7c81-4a00-a72b-ef97c39885d6@f9941","5674c963-0386-44be-9492-46c971f5ef23@f9941","79d93b7d-d9f4-44d5-9adb-7dde5070974b@f9941","c2b272e4-2bad-4d00-8560-f7e2a83c67da@f9941","f8cec70c-1306-42f4-a907-de3ef2708d21@f9941","73d5e93c-6851-4442-9c55-fbdd87576a2c@f9941","39f4c79b-56a2-4460-b35e-cc486a856f4f@6c48a","51f5f611-37d5-4b4a-982a-1e570ccaaa59@6c48a","5674c963-0386-44be-9492-46c971f5ef23@6c48a","2ea6cff7-5a12-4078-9de8-4dc0e7ff5336@f9941","73d5e93c-6851-4442-9c55-fbdd87576a2c@6c48a","79d93b7d-d9f4-44d5-9adb-7dde5070974b@6c48a","c7503699-b90b-4ef4-b23e-6cd6bf520738@f9941","0eae9a59-c2a4-4b12-808f-66b85e5ddc56@f9941","c2b272e4-2bad-4d00-8560-f7e2a83c67da@6c48a","f8cec70c-1306-42f4-a907-de3ef2708d21@6c48a"],["node","targetInfo","root","_textureSource","_spriteFrame","asset","data","value","_parent","_skeletonData"],["cc.SpriteFrame",["cc.Node",["_name","_layer","_objFlags","__editorExtras__","_prefab","_components","_children","_parent","_lpos"],-1,4,9,2,1,5],["cc.UITransform",["node","__prefab","_contentSize","_anchorPoint"],3,1,4,5,5],["cc.Layout",["_spacingY","_spacingX","_isAlign","_layoutType","_paddingTop","node","__prefab"],-2,1,4],["cc.Sprite",["_sizeMode","node","__prefab","_spriteFrame"],2,1,4,6],["cc.PrefabInstance",["fileId","prefabRootNode","propertyOverrides","removedComponents"],2,1,9,9],["cc.Prefab",["_name"],2],["cc.CompPrefabInfo",["fileId"],2],["cc.Mask",["node","__prefab"],3,1,4],["cc.Graphics",["node","__prefab","_fillColor"],3,1,4,5],["cc.PrefabInfo",["fileId","instance","targetOverrides","root","asset","nestedPrefabInstanceRoots"],0,1,1,2],["cc.PrefabInfo",["fileId","instance","targetOverrides","nestedPrefabInstanceRoots","root","asset"],-1,1,1],["cc.PrefabInfo",["fileId","targetOverrides","nestedPrefabInstanceRoots","root","instance","asset"],0,1,4,6],["cc.TargetInfo",["localID"],2],["sp.Skeleton",["defaultSkin","_preCacheMode","node","__prefab","_skeletonData"],1,1,4,6],["CCPropertyOverrideInfo",["value","propertyPath","targetInfo"],1,1],["CCPropertyOverrideInfo",["propertyPath","targetInfo","value"],2,1,8],["CCPropertyOverrideInfo",["propertyPath","targetInfo","value"],2,4,8],["CCPropertyOverrideInfo",["propertyPath","targetInfo","value"],2,4,6],["sp.SkeletonData",["_name","_native","_atlasText","textureNames","textures"],-1,3]],[[13,0,2],[16,0,1,2,2],[7,0,2],[15,0,1,2,3],[17,0,1,2,2],[11,0,1,2,3,4,5,5],[2,0,1,2,1],[4,1,2,3,1],[1,2,3,7,4,3],[12,0,1,2,3,4,5,4],[1,0,1,7,5,4,8,3],[5,0,1,2,2],[6,0,2],[18,0,1,2,2],[1,0,1,7,6,5,4,3],[1,0,5,4,2],[2,0,1,1],[8,0,1,1],[9,0,1,2,1],[1,0,6,5,4,2],[10,0,1,2,3,4,5,4],[3,3,4,0,5,6,4],[1,0,1,6,5,4,3],[1,0,1,6,5,4,8,3],[1,0,1,7,5,4,3],[2,0,1,2,3,1],[3,1,0,2,5,6,4],[4,0,1,2,3,2],[14,0,1,2,3,4,3],[5,0,1,2,3,2],[19,0,1,2,3,4,5]],[[[{"name":"0","rect":{"x":72,"y":17,"width":95,"height":166},"offset":{"x":0.5,"y":-1.5},"originalSize":{"width":238,"height":197},"rotated":false,"capInsets":[0,0,0,0],"vertices":{"rawPosition":[-47.5,-83,0,47.5,-83,0,-47.5,83,0,47.5,83,0],"indexes":[0,1,2,2,1,3],"uv":[72,180,167,180,72,14,167,14],"nuv":[0.3025210084033613,0.07106598984771574,0.7016806722689075,0.07106598984771574,0.3025210084033613,0.9137055837563451,0.7016806722689075,0.9137055837563451],"minPos":{"x":-47.5,"y":-83,"z":0},"maxPos":{"x":47.5,"y":83,"z":0}},"packable":true,"pixelsToUnit":100,"pivot":{"x":0.5,"y":0.5},"meshType":0}],[0],0,[0],[3],[3]],[[[12,"wheels_container"],[22,"wheels_container",33554432,[-9,-10],[[6,-6,[2,"13hT4RwChOIazqFD319rF4"],[5,1136,316]],[17,-7,[2,"9728CN2sFM1oHmuf/w2ex2"]],[18,-8,[2,"3fHe0eJXpE+48P9b8kY/dh"],[4,16777215]]],[20,"c46/YsCPVOJYA4mWEpNYRx",null,[],-5,0,[-1,-2,-3,-4]]],[23,"wheels",33554432,[-14,-15,-16,-17],[[6,-11,[2,"7cE2bqe8NAY5gSxNcw6tXq"],[5,1136,265]],[17,-12,[2,"edJXFBredLr5vQ1VGfgYZQ"]],[18,-13,[2,"14W/MEV75IeKo1e0kAwZV7"],[4,16777215]]],[5,"ffqRintNlFl7PkdupBO5yy",null,null,null,1,0],[1,0,-5,0]],[14,"wheels_layout",33554432,1,[-20,-21],[[6,-18,[2,"c7LRMJ/35PoogDuVENZt/Q"],[5,1136,316]],[26,20,20,true,-19,[2,"94pV6kDdxO2p9baKUE2QYU"]]],[5,"364oRhM9BBMJ8Z9bw+3OdS",null,null,null,1,0]],[14,"wheel_frame",33554432,3,[2,-24],[[6,-22,[2,"74V5h5UeRCOom9LOcR60+n"],[5,1136,316]],[7,-23,[2,"dcmcdQg4RB0bQutXUZpn3o"],12]],[5,"02gzWokeNKEKD/dfFgBPKk",null,null,null,1,0]],[0,["c46/YsCPVOJYA4mWEpNYRx"]],[0,["c46/YsCPVOJYA4mWEpNYRx"]],[0,["c46/YsCPVOJYA4mWEpNYRx"]],[0,["c46/YsCPVOJYA4mWEpNYRx"]],[24,"mask",33554432,4,[[16,-25,[2,"f34ZLDiR9LlYFymmC2YsyU"]],[17,-26,[2,"89V5eHDHVDnJuygC30GjCr"]],[18,-27,[2,"0d1iu2x8dF1Kh0lLEGucx/"],[4,16777215]]],[5,"07W8w2BUBDzIXJpouSNgKd",null,null,null,1,0]],[10,"lock",33554432,1,[[25,-28,[2,"0aWqjQnB1I3rrg/JMpizlI"],[5,200,200],[0,0,0]],[28,"default",0,-29,[2,"828DZdD/RM0aG9+A5aFEyI"],0]],[5,"e9+RPQP+dFoI0xmpYXzyVP",null,null,null,1,0],[1,295,-92,0]],[10,"wheel_bg",33554432,3,[[6,-30,[2,"adczKfQRhIdKY2FnzrIF9W"],[5,1106,300]],[27,0,-31,[2,"ccktXbJzNPxrtcYqAk88eq"],1]],[5,"bbKmc4X2hCqb3saf6r0E7s",null,null,null,1,0],[1,-5,0,0]],[8,0,{},2,[9,"c46/YsCPVOJYA4mWEpNYRx",null,null,-42,[11,"13RvgYunhJKLsoK7FAftfI",1,[[3,"wheel1",["_name"],5],[1,["_lpos"],5,[1,-400,0,0]],[1,["_lrot"],5,[3,0,0,0,1]],[1,["_euler"],5,[1,0,0,0]],[1,["_lpos"],-32,[1,0,99.5,0]],[3,33554432,["_layer"],5],[3,33554432,["_layer"],-33],[3,33554432,["_layer"],-34],[3,33554432,["_layer"],-35],[3,33554432,["_layer"],-36],[3,33554432,["_layer"],-37],[4,["_contentSize"],[0,["b6QYCgFa9FoL6oj+wZLHpq","ffAonU4TNK2KpNrqab8X4b"]],[5,66,166]],[1,["_lpos"],-38,[1,0,-432.5,0]],[1,["_lpos"],-39,[1,0,-699,0]],[1,["_lpos"],-40,[1,0,-965.5,0]],[4,["_contentSize"],[0,["05o9FrK4JEEYsODgKNhAGb","ffAonU4TNK2KpNrqab8X4b"]],[5,92,167]],[13,["_spriteFrame"],[0,["05o9FrK4JEEYsODgKNhAGb","40z0MZPapC15mERhs63Abr"]],3],[4,["_contentSize"],[0,["2fc/S9Jg1AnromvPF5bcQr","ffAonU4TNK2KpNrqab8X4b"]],[5,186,166]],[13,["_spriteFrame"],[0,["2fc/S9Jg1AnromvPF5bcQr","40z0MZPapC15mERhs63Abr"]],4],[4,["_contentSize"],[0,["f6Y+TT9aFM7q3lAVN3YHDm"]],[5,284,265]],[1,["_lpos"],-41,[1,0,-166.5,0]],[4,["_lpos"],[0,["e4EXRDzGdH9p9zStHpr37N"]],[1,0,0,0]]]],2]],[8,0,{},2,[9,"c46/YsCPVOJYA4mWEpNYRx",null,null,-53,[29,"b7x1gZ9LpAd6hUNyy933aS",1,[[3,"wheel2",["_name"],6],[1,["_lpos"],6,[1,-136,0,0]],[1,["_lrot"],6,[3,0,0,0,1]],[1,["_euler"],6,[1,0,0,0]],[3,33554432,["_layer"],6],[3,33554432,["_layer"],-43],[3,33554432,["_layer"],-44],[3,33554432,["_layer"],-45],[3,33554432,["_layer"],-46],[3,33554432,["_layer"],-47],[4,["_contentSize"],[0,["b6QYCgFa9FoL6oj+wZLHpq","ffAonU4TNK2KpNrqab8X4b"]],[5,66,166]],[1,["_lpos"],-48,[1,0,-432.5,0]],[1,["_lpos"],-49,[1,0,-699,0]],[1,["_lpos"],-50,[1,0,-965.5,0]],[4,["_contentSize"],[0,["05o9FrK4JEEYsODgKNhAGb","ffAonU4TNK2KpNrqab8X4b"]],[5,92,167]],[13,["_spriteFrame"],[0,["05o9FrK4JEEYsODgKNhAGb","40z0MZPapC15mERhs63Abr"]],6],[4,["_contentSize"],[0,["2fc/S9Jg1AnromvPF5bcQr","ffAonU4TNK2KpNrqab8X4b"]],[5,186,166]],[13,["_spriteFrame"],[0,["2fc/S9Jg1AnromvPF5bcQr","40z0MZPapC15mERhs63Abr"]],7],[4,["_contentSize"],[0,["f6Y+TT9aFM7q3lAVN3YHDm"]],[5,277,265]],[1,["_lpos"],-51,[1,0,99.5,0]],[1,["_lpos"],-52,[1,0,-166.5,0]]],[[0,["e7zABGWT5DP6FjFbadjnVL"]]]],5]],[8,0,{},2,[9,"c46/YsCPVOJYA4mWEpNYRx",null,null,-64,[11,"32OD+5zypPFLzSdpMjLzWG",1,[[3,"wheel3",["_name"],7],[1,["_lpos"],7,[1,120,0,0]],[1,["_lrot"],7,[3,0,0,0,1]],[1,["_euler"],7,[1,0,0,0]],[3,33554432,["_layer"],7],[3,33554432,["_layer"],-54],[3,33554432,["_layer"],-55],[3,33554432,["_layer"],-56],[3,33554432,["_layer"],-57],[3,33554432,["_layer"],-58],[4,["_contentSize"],[0,["b6QYCgFa9FoL6oj+wZLHpq","ffAonU4TNK2KpNrqab8X4b"]],[5,66,166]],[1,["_lpos"],-59,[1,0,-432.5,0]],[1,["_lpos"],-60,[1,0,-699,0]],[1,["_lpos"],-61,[1,0,-965.5,0]],[4,["_contentSize"],[0,["05o9FrK4JEEYsODgKNhAGb","ffAonU4TNK2KpNrqab8X4b"]],[5,92,167]],[13,["_spriteFrame"],[0,["05o9FrK4JEEYsODgKNhAGb","40z0MZPapC15mERhs63Abr"]],9],[4,["_contentSize"],[0,["2fc/S9Jg1AnromvPF5bcQr","ffAonU4TNK2KpNrqab8X4b"]],[5,186,166]],[13,["_spriteFrame"],[0,["2fc/S9Jg1AnromvPF5bcQr","40z0MZPapC15mERhs63Abr"]],10],[4,["_contentSize"],[0,["f6Y+TT9aFM7q3lAVN3YHDm"]],[5,256,265]],[1,["_lpos"],-62,[1,0,99.5,0]],[1,["_lpos"],-63,[1,0,-166.5,0]],[4,["_lpos"],[0,["e4EXRDzGdH9p9zStHpr37N"]],[1,-7,0,0]]]],8]],[8,0,{},2,[9,"c46/YsCPVOJYA4mWEpNYRx",null,null,-65,[11,"f4dqSNvy1LaZCIN6d4uZzs",1,[[3,"wheel_feature",["_name"],8],[1,["_lpos"],8,[1,395,0,0]],[1,["_lrot"],8,[3,0,0,0,1]],[1,["_euler"],8,[1,0,0,0]],[4,["_lpos"],[0,["35I/lL/L5J/ZpaMYUYRzQD"]],[1,0,-939,0]],[4,["_lpos"],[0,["98owTq6NFN869IExUqXkYv"]],[1,0,125,0]],[4,["_lpos"],[0,["e4EXRDzGdH9p9zStHpr37N"]],[1,0,0,0]],[4,["_contentSize"],[0,["f8ozk42B5MDoErS1yxcIhK"]],[5,229,166]],[4,["_lpos"],[0,["cad0NbEzFCu4cNGUPwf6jQ"]],[1,0,-141,0]],[4,["_lpos"],[0,["40MEQ6oedNBaWRXyo/RTsA"]],[1,0,-407,0]],[4,["_lpos"],[0,["50PVGQqcpMF4cH1WtIua8M"]],[1,0,-673,0]],[4,["_lpos"],[0,["7eeKqSnH5NBKxhAJp2rShn"]],[1,0,-1205,0]],[4,["_contentSize"],[0,["8fZJiaWcdA8Y6mrifuESil"]],[5,229,166]],[4,["_contentSize"],[0,["d8D1ylwZVBT4HcEfegUIoY"]],[5,229,166]],[4,["_contentSize"],[0,["58h7aF2qNLqarJhfbwctLg"]],[5,227,166]],[4,["_contentSize"],[0,["baYDxuSLZFy46pKsNsoFi9"]],[5,233,166]],[4,["_contentSize"],[0,["42GS1dXApBjp+Oy/DRFYpN"]],[5,233,166]]]],11]],[0,["5dUoFPVChEkqb8e9Q0WRPS","c46/YsCPVOJYA4mWEpNYRx"]],[0,["06J8D40cpEWaQKB7JbeesA","c46/YsCPVOJYA4mWEpNYRx"]],[0,["b6QYCgFa9FoL6oj+wZLHpq","c46/YsCPVOJYA4mWEpNYRx"]],[0,["05o9FrK4JEEYsODgKNhAGb","c46/YsCPVOJYA4mWEpNYRx"]],[0,["2fc/S9Jg1AnromvPF5bcQr","c46/YsCPVOJYA4mWEpNYRx"]],[0,["5dUoFPVChEkqb8e9Q0WRPS","c46/YsCPVOJYA4mWEpNYRx"]],[0,["06J8D40cpEWaQKB7JbeesA","c46/YsCPVOJYA4mWEpNYRx"]],[0,["b6QYCgFa9FoL6oj+wZLHpq","c46/YsCPVOJYA4mWEpNYRx"]],[0,["05o9FrK4JEEYsODgKNhAGb","c46/YsCPVOJYA4mWEpNYRx"]],[0,["2fc/S9Jg1AnromvPF5bcQr","c46/YsCPVOJYA4mWEpNYRx"]],[0,["5dUoFPVChEkqb8e9Q0WRPS","c46/YsCPVOJYA4mWEpNYRx"]],[0,["06J8D40cpEWaQKB7JbeesA","c46/YsCPVOJYA4mWEpNYRx"]],[0,["b6QYCgFa9FoL6oj+wZLHpq","c46/YsCPVOJYA4mWEpNYRx"]],[0,["05o9FrK4JEEYsODgKNhAGb","c46/YsCPVOJYA4mWEpNYRx"]],[0,["2fc/S9Jg1AnromvPF5bcQr","c46/YsCPVOJYA4mWEpNYRx"]]],0,[0,-1,15,0,-2,14,0,-3,13,0,-4,12,0,2,1,0,0,1,0,0,1,0,0,1,0,-1,10,0,-2,3,0,0,2,0,0,2,0,0,2,0,-1,12,0,-2,13,0,-3,14,0,-4,15,0,0,3,0,0,3,0,-1,11,0,-2,4,0,0,4,0,0,4,0,-2,9,0,0,9,0,0,9,0,0,9,0,0,10,0,0,10,0,0,11,0,0,11,0,1,16,0,1,16,0,1,17,0,1,18,0,1,19,0,1,20,0,1,18,0,1,19,0,1,20,0,1,17,0,2,12,0,1,21,0,1,22,0,1,23,0,1,24,0,1,25,0,1,23,0,1,24,0,1,25,0,1,21,0,1,22,0,2,13,0,1,26,0,1,27,0,1,28,0,1,29,0,1,30,0,1,28,0,1,29,0,1,30,0,1,26,0,1,27,0,2,14,0,2,15,0,6,1,2,8,4,65],[0,0,0,0,0,0,0,0,0,0,0,0,0],[9,4,5,7,7,5,7,7,5,7,7,5,4],[4,5,0,1,2,0,1,2,0,1,2,6,7]],[[[12,"wheel"],[19,"wheel",[-8],[[16,-7,[2,"1a4a5e8ilAAJLaq2MR9nmD"]]],[20,"c46/YsCPVOJYA4mWEpNYRx",null,null,-6,0,[-1,-2,-3,-4,-5]]],[14,"symbol_container",33554432,1,[-11,-12,-13,-14,-15],[[6,-9,[2,"f6Y+TT9aFM7q3lAVN3YHDm"],[5,350,316]],[21,2,-50,100,-10,[2,"37Jj6SubpLOLNZxeKnGRFT"]]],[5,"e4EXRDzGdH9p9zStHpr37N",null,null,null,1,0]],[0,["c46/YsCPVOJYA4mWEpNYRx"]],[0,["c46/YsCPVOJYA4mWEpNYRx"]],[0,["c46/YsCPVOJYA4mWEpNYRx"]],[0,["c46/YsCPVOJYA4mWEpNYRx"]],[0,["c46/YsCPVOJYA4mWEpNYRx"]],[8,0,{},2,[9,"c46/YsCPVOJYA4mWEpNYRx",null,null,-16,[11,"5dUoFPVChEkqb8e9Q0WRPS",1,[[3,"element_0",["_name"],3],[1,["_lpos"],3,[1,0,125,0]],[1,["_lrot"],3,[3,0,0,0,1]],[1,["_euler"],3,[1,0,0,0]]]],0]],[8,0,{},2,[9,"c46/YsCPVOJYA4mWEpNYRx",null,null,-17,[11,"06J8D40cpEWaQKB7JbeesA",1,[[3,"element_00",["_name"],4],[1,["_lpos"],4,[1,0,-141,0]],[1,["_lrot"],4,[3,0,0,0,1]],[1,["_euler"],4,[1,0,0,0]]]],1]],[8,0,{},2,[9,"c46/YsCPVOJYA4mWEpNYRx",null,null,-18,[11,"b6QYCgFa9FoL6oj+wZLHpq",1,[[3,"element_1",["_name"],5],[1,["_lpos"],5,[1,0,-406,0]],[1,["_lrot"],5,[3,0,0,0,1]],[1,["_euler"],5,[1,0,0,0]]]],2]],[8,0,{},2,[9,"c46/YsCPVOJYA4mWEpNYRx",null,null,-19,[11,"05o9FrK4JEEYsODgKNhAGb",1,[[3,"element_5",["_name"],6],[1,["_lpos"],6,[1,0,-671,0]],[1,["_lrot"],6,[3,0,0,0,1]],[1,["_euler"],6,[1,0,0,0]]]],3]],[8,0,{},2,[9,"c46/YsCPVOJYA4mWEpNYRx",null,null,-20,[11,"2fc/S9Jg1AnromvPF5bcQr",1,[[3,"element_10",["_name"],7],[1,["_lpos"],7,[1,0,-937,0]],[1,["_lrot"],7,[3,0,0,0,1]],[1,["_euler"],7,[1,0,0,0]]]],4]]],0,[0,-1,12,0,-2,11,0,-3,10,0,-4,9,0,-5,8,0,2,1,0,0,1,0,-1,2,0,0,2,0,0,2,0,-1,8,0,-2,9,0,-3,10,0,-4,11,0,-5,12,0,2,8,0,2,9,0,2,10,0,2,11,0,2,12,0,6,1,20],[0,0,0,0,0],[5,5,5,5,5],[8,9,10,11,12]],[[{"name":"5","rect":{"x":73,"y":15,"width":92,"height":167},"offset":{"x":0,"y":0},"originalSize":{"width":238,"height":197},"rotated":false,"capInsets":[0,0,0,0],"vertices":{"rawPosition":[-46,-83.5,0,46,-83.5,0,-46,83.5,0,46,83.5,0],"indexes":[0,1,2,2,1,3],"uv":[73,182,165,182,73,15,165,15],"nuv":[0.3067226890756303,0.07614213197969544,0.6932773109243697,0.07614213197969544,0.3067226890756303,0.9238578680203046,0.6932773109243697,0.9238578680203046],"minPos":{"x":-46,"y":-83.5,"z":0},"maxPos":{"x":46,"y":83.5,"z":0}},"packable":true,"pixelsToUnit":100,"pivot":{"x":0.5,"y":0.5},"meshType":0}],[0],0,[0],[3],[13]],[[{"name":"X2","rect":{"x":3,"y":25,"width":229,"height":163},"offset":{"x":0.5,"y":-5.5},"originalSize":{"width":234,"height":202},"rotated":false,"capInsets":[0,0,0,0],"vertices":{"rawPosition":[-114.5,-81.5,0,114.5,-81.5,0,-114.5,81.5,0,114.5,81.5,0],"indexes":[0,1,2,2,1,3],"uv":[3,177,232,177,3,14,232,14],"nuv":[0.01282051282051282,0.06930693069306931,0.9914529914529915,0.06930693069306931,0.01282051282051282,0.8762376237623762,0.9914529914529915,0.8762376237623762],"minPos":{"x":-114.5,"y":-81.5,"z":0},"maxPos":{"x":114.5,"y":81.5,"z":0}},"packable":true,"pixelsToUnit":100,"pivot":{"x":0.5,"y":0.5},"meshType":0}],[0],0,[0],[3],[14]],[[{"name":"1","rect":{"x":86,"y":18,"width":66,"height":164},"offset":{"x":0,"y":-1.5},"originalSize":{"width":238,"height":197},"rotated":false,"capInsets":[0,0,0,0],"vertices":{"rawPosition":[-33,-82,0,33,-82,0,-33,82,0,33,82,0],"indexes":[0,1,2,2,1,3],"uv":[86,179,152,179,86,15,152,15],"nuv":[0.36134453781512604,0.07614213197969544,0.6386554621848739,0.07614213197969544,0.36134453781512604,0.9086294416243654,0.6386554621848739,0.9086294416243654],"minPos":{"x":-33,"y":-82,"z":0},"maxPos":{"x":33,"y":82,"z":0}},"packable":true,"pixelsToUnit":100,"pivot":{"x":0.5,"y":0.5},"meshType":0}],[0],0,[0],[3],[15]],[[[30,"wheel_lock",".bin","\r\nwheel_lock.png\r\nsize: 503,222\r\nformat: RGBA8888\r\nfilter: Linear,Linear\r\nrepeat: none\r\neft_bol_02\r\n  rotate: false\r\n  xy: 421, 1\r\n  size: 38, 38\r\n  orig: 40, 40\r\n  offset: 1, 1\r\n  index: -1\r\neft_exp_04\r\n  rotate: false\r\n  xy: 323, 18\r\n  size: 96, 96\r\n  orig: 100, 100\r\n  offset: 2, 2\r\n  index: -1\r\neft_exp_04big\r\n  rotate: false\r\n  xy: 1, 6\r\n  size: 218, 215\r\n  orig: 232, 231\r\n  offset: 8, 7\r\n  index: -1\r\neft_lw_exp_02\r\n  rotate: false\r\n  xy: 221, 16\r\n  size: 100, 98\r\n  orig: 100, 100\r\n  offset: 0, 2\r\n  index: -1\r\neft_lw_exp_06\r\n  rotate: false\r\n  xy: 421, 41\r\n  size: 78, 78\r\n  orig: 80, 80\r\n  offset: 1, 1\r\n  index: -1\r\nsybres_eft_str_m03\r\n  rotate: true\r\n  xy: 448, 122\r\n  size: 99, 54\r\n  orig: 99, 57\r\n  offset: 0, 1\r\n  index: -1\r\nwheelLock1\r\n  rotate: false\r\n  xy: 221, 116\r\n  size: 125, 105\r\n  orig: 132, 112\r\n  offset: 4, 3\r\n  index: -1\r\nwheelLock2\r\n  rotate: false\r\n  xy: 348, 121\r\n  size: 98, 100\r\n  orig: 104, 100\r\n  offset: 3, 0\r\n  index: -1\r\n",["wheel_lock.png"],[0]],-1],0,0,[0],[-1],[16]],[[[12,"wheel_feature"],[19,"wheel_feature",[-3],[[16,-2,[2,"1a4a5e8ilAAJLaq2MR9nmD"]]],[5,"c46/YsCPVOJYA4mWEpNYRx",null,null,null,-1,0]],[14,"symbol_container",33554432,1,[-6,-7,-8,-9,-10,-11],[[6,-4,[2,"f6Y+TT9aFM7q3lAVN3YHDm"],[5,350,316]],[21,2,-50,100,-5,[2,"37Jj6SubpLOLNZxeKnGRFT"]]],[5,"e4EXRDzGdH9p9zStHpr37N",null,null,null,1,0]],[10,"feature_x2",33554432,2,[[6,-12,[2,"f8ozk42B5MDoErS1yxcIhK"],[5,229,163]],[7,-13,[2,"bedh2JIb5ELZIJHTAgqDi1"],0]],[5,"98owTq6NFN869IExUqXkYv",null,null,null,1,0],[1,0,126.5,0]],[10,"feature_x5",33554432,2,[[6,-14,[2,"8fZJiaWcdA8Y6mrifuESil"],[5,229,163]],[7,-15,[2,"3erqVUGEFDdq0Tmpz+0jVG"],1]],[5,"cad0NbEzFCu4cNGUPwf6jQ",null,null,null,1,0],[1,0,-136.5,0]],[10,"feature_x10",33554432,2,[[6,-16,[2,"d8D1ylwZVBT4HcEfegUIoY"],[5,229,163]],[7,-17,[2,"95rf6zydFCtZR7qzBJdPNZ"],2]],[5,"40MEQ6oedNBaWRXyo/RTsA",null,null,null,1,0],[1,0,-399.5,0]],[10,"feature_all_respin",33554432,2,[[6,-18,[2,"58h7aF2qNLqarJhfbwctLg"],[5,227,163]],[7,-19,[2,"c5RU1ThKVMlLUqLMvplbwG"],3]],[5,"50PVGQqcpMF4cH1WtIua8M",null,null,null,1,0],[1,0,-662.5,0]],[10,"feature_scatter",33554432,2,[[6,-20,[2,"baYDxuSLZFy46pKsNsoFi9"],[5,233,202]],[7,-21,[2,"5bpqagGPBEXJlVQEp17gs9"],4]],[5,"35I/lL/L5J/ZpaMYUYRzQD",null,null,null,1,0],[1,0,-945,0]],[10,"feature_scatter_50_100",33554432,2,[[6,-22,[2,"42GS1dXApBjp+Oy/DRFYpN"],[5,233,202]],[7,-23,[2,"b5Src4V7ZNb517B/vdlsbu"],5]],[5,"7eeKqSnH5NBKxhAJp2rShn",null,null,null,1,0],[1,0,-1247,0]]],0,[0,2,1,0,0,1,0,-1,2,0,0,2,0,0,2,0,-1,3,0,-2,4,0,-3,5,0,-4,6,0,-5,7,0,-6,8,0,0,3,0,0,3,0,0,4,0,0,4,0,0,5,0,0,5,0,0,6,0,0,6,0,0,7,0,0,7,0,0,8,0,0,8,0,6,1,23],[0,0,0,0,0,0],[4,4,4,4,4,4],[17,18,19,20,21,22]],[[{"name":"wheel_Frame","rect":{"x":0,"y":0,"width":1136,"height":316},"offset":{"x":0,"y":0},"originalSize":{"width":1136,"height":316},"rotated":false,"capInsets":[0,0,0,0],"vertices":{"rawPosition":[-568,-158,0,568,-158,0,-568,158,0,568,158,0],"indexes":[0,1,2,2,1,3],"uv":[0,316,1136,316,0,0,1136,0],"nuv":[0,0,1,0,0,1,1,1],"minPos":{"x":-568,"y":-158,"z":0},"maxPos":{"x":568,"y":158,"z":0}},"packable":true,"pixelsToUnit":100,"pivot":{"x":0.5,"y":0.5},"meshType":0}],[0],0,[0],[3],[23]],[[{"name":"wheel","rect":{"x":0,"y":1,"width":1090,"height":261},"offset":{"x":0,"y":-0.5},"originalSize":{"width":1090,"height":262},"rotated":false,"capInsets":[0,0,0,0],"vertices":{"rawPosition":[-545,-130.5,0,545,-130.5,0,-545,130.5,0,545,130.5,0],"indexes":[0,1,2,2,1,3],"uv":[0,261,1090,261,0,0,1090,0],"nuv":[0,0,1,0,0,0.9961832061068703,1,0.9961832061068703],"minPos":{"x":-545,"y":-130.5,"z":0},"maxPos":{"x":545,"y":130.5,"z":0}},"packable":true,"pixelsToUnit":100,"pivot":{"x":0.5,"y":0.5},"meshType":0}],[0],0,[0],[3],[24]],[[{"name":"X5","rect":{"x":3,"y":24,"width":229,"height":163},"offset":{"x":0.5,"y":-4.5},"originalSize":{"width":234,"height":202},"rotated":false,"capInsets":[0,0,0,0],"vertices":{"rawPosition":[-114.5,-81.5,0,114.5,-81.5,0,-114.5,81.5,0,114.5,81.5,0],"indexes":[0,1,2,2,1,3],"uv":[3,178,232,178,3,15,232,15],"nuv":[0.01282051282051282,0.07425742574257425,0.9914529914529915,0.07425742574257425,0.01282051282051282,0.8811881188118812,0.9914529914529915,0.8811881188118812],"minPos":{"x":-114.5,"y":-81.5,"z":0},"maxPos":{"x":114.5,"y":81.5,"z":0}},"packable":true,"pixelsToUnit":100,"pivot":{"x":0.5,"y":0.5},"meshType":0}],[0],0,[0],[3],[25]],[[[12,"element_1"],[15,"element_1",[[6,-2,[2,"ffAonU4TNK2KpNrqab8X4b"],[5,66,164]],[7,-3,[2,"40z0MZPapC15mERhs63Abr"],0]],[5,"c46/YsCPVOJYA4mWEpNYRx",null,null,null,-1,0]]],0,[0,2,1,0,0,1,0,0,1,0,6,1,3],[0],[4],[26]],[[{"name":"scatter_100","rect":{"x":1,"y":0,"width":233,"height":202},"offset":{"x":0.5,"y":0},"originalSize":{"width":234,"height":202},"rotated":false,"capInsets":[0,0,0,0],"vertices":{"rawPosition":[-116.5,-101,0,116.5,-101,0,-116.5,101,0,116.5,101,0],"indexes":[0,1,2,2,1,3],"uv":[1,202,234,202,1,0,234,0],"nuv":[0.004273504273504274,0,1,0,0.004273504273504274,1,1,1],"minPos":{"x":-116.5,"y":-101,"z":0},"maxPos":{"x":116.5,"y":101,"z":0}},"packable":true,"pixelsToUnit":100,"pivot":{"x":0.5,"y":0.5},"meshType":0}],[0],0,[0],[3],[27]],[[{"name":"X10","rect":{"x":3,"y":24,"width":229,"height":163},"offset":{"x":0.5,"y":-4.5},"originalSize":{"width":234,"height":202},"rotated":false,"capInsets":[0,0,0,0],"vertices":{"rawPosition":[-114.5,-81.5,0,114.5,-81.5,0,-114.5,81.5,0,114.5,81.5,0],"indexes":[0,1,2,2,1,3],"uv":[3,178,232,178,3,15,232,15],"nuv":[0.01282051282051282,0.07425742574257425,0.9914529914529915,0.07425742574257425,0.01282051282051282,0.8811881188118812,0.9914529914529915,0.8811881188118812],"minPos":{"x":-114.5,"y":-81.5,"z":0},"maxPos":{"x":114.5,"y":81.5,"z":0}},"packable":true,"pixelsToUnit":100,"pivot":{"x":0.5,"y":0.5},"meshType":0}],[0],0,[0],[3],[28]],[[[12,"element_00"],[15,"element_00",[[6,-2,[2,"ffAonU4TNK2KpNrqab8X4b"],[5,194,166]],[7,-3,[2,"40z0MZPapC15mERhs63Abr"],0]],[5,"c46/YsCPVOJYA4mWEpNYRx",null,null,null,-1,0]]],0,[0,2,1,0,0,1,0,0,1,0,6,1,3],[0],[4],[29]],[[[12,"element_0"],[15,"element_0",[[6,-2,[2,"dcukowm+pKCaKT7LgPM9fu"],[5,95,166]],[7,-3,[2,"e1jxOnXYNId7DzV+U/9+mX"],0]],[5,"c46/YsCPVOJYA4mWEpNYRx",null,null,null,-1,0]]],0,[0,2,1,0,0,1,0,0,1,0,6,1,3],[0],[4],[30]],[[{"name":"all_respin","rect":{"x":4,"y":22,"width":227,"height":163},"offset":{"x":0.5,"y":-2.5},"originalSize":{"width":234,"height":202},"rotated":false,"capInsets":[0,0,0,0],"vertices":{"rawPosition":[-113.5,-81.5,0,113.5,-81.5,0,-113.5,81.5,0,113.5,81.5,0],"indexes":[0,1,2,2,1,3],"uv":[4,180,231,180,4,17,231,17],"nuv":[0.017094017094017096,0.08415841584158416,0.9871794871794872,0.08415841584158416,0.017094017094017096,0.8910891089108911,0.9871794871794872,0.8910891089108911],"minPos":{"x":-113.5,"y":-81.5,"z":0},"maxPos":{"x":113.5,"y":81.5,"z":0}},"packable":true,"pixelsToUnit":100,"pivot":{"x":0.5,"y":0.5},"meshType":0}],[0],0,[0],[3],[31]],[[{"name":"scatter","rect":{"x":1,"y":0,"width":233,"height":202},"offset":{"x":0.5,"y":0},"originalSize":{"width":234,"height":202},"rotated":false,"capInsets":[0,0,0,0],"vertices":{"rawPosition":[-116.5,-101,0,116.5,-101,0,-116.5,101,0,116.5,101,0],"indexes":[0,1,2,2,1,3],"uv":[1,202,234,202,1,0,234,0],"nuv":[0.004273504273504274,0,1,0,0.004273504273504274,1,1,1],"minPos":{"x":-116.5,"y":-101,"z":0},"maxPos":{"x":116.5,"y":101,"z":0}},"packable":true,"pixelsToUnit":100,"pivot":{"x":0.5,"y":0.5},"meshType":0}],[0],0,[0],[3],[32]]]]
