[1,["40t3hdIdpMEo+XAU1brw8k@6c48a"],["_textureSource"],["cc.SpriteFrame"],0,[{"name":"10","rect":{"x":0,"y":0,"width":110,"height":90},"offset":{"x":0,"y":0},"originalSize":{"width":110,"height":90},"rotated":false,"capInsets":[0,0,0,0],"vertices":{"rawPosition":[-55,-45,0,55,-45,0,-55,45,0,55,45,0],"indexes":[0,1,2,2,1,3],"uv":[0,90,110,90,0,0,110,0],"nuv":[0,0,1,0,0,1,1,1],"minPos":{"x":-55,"y":-45,"z":0},"maxPos":{"x":55,"y":45,"z":0}},"packable":true,"pixelsToUnit":100,"pivot":{"x":0.5,"y":0.5},"meshType":0}],[0],0,[0],[0],[0]]
