[1,["e0GtxyxnJIS61L4lyB6r7o@6c48a"],["_textureSource"],["cc.SpriteFrame"],0,[{"name":"STOP","rect":{"x":1,"y":3,"width":144,"height":43},"offset":{"x":0,"y":-1},"originalSize":{"width":146,"height":47},"rotated":false,"capInsets":[0,0,0,0],"vertices":{"rawPosition":[-72,-21.5,0,72,-21.5,0,-72,21.5,0,72,21.5,0],"indexes":[0,1,2,2,1,3],"uv":[1,44,145,44,1,1,145,1],"nuv":[0.00684931506849315,0.02127659574468085,0.9931506849315068,0.02127659574468085,0.00684931506849315,0.9361702127659575,0.9931506849315068,0.9361702127659575],"minPos":{"x":-72,"y":-21.5,"z":0},"maxPos":{"x":72,"y":21.5,"z":0}},"packable":true,"pixelsToUnit":100,"pivot":{"x":0.5,"y":0.5},"meshType":0}],[0],0,[0],[0],[0]]
