[1,["48UkEwbv9G5IkrRfsJI23s@6c48a"],["_textureSource"],["cc.SpriteFrame"],0,[{"name":"eff_spine_slot_dfdc_tl","rect":{"x":2,"y":3,"width":507,"height":314},"offset":{"x":-0.5,"y":96},"originalSize":{"width":512,"height":512},"rotated":false,"capInsets":[0,0,0,0],"vertices":{"rawPosition":[-253.5,-157,0,253.5,-157,0,-253.5,157,0,253.5,157,0],"indexes":[0,1,2,2,1,3],"uv":[2,509,509,509,2,195,509,195],"nuv":[0.00390625,0.380859375,0.994140625,0.380859375,0.00390625,0.994140625,0.994140625,0.994140625],"minPos":{"x":-253.5,"y":-157,"z":0},"maxPos":{"x":253.5,"y":157,"z":0}},"packable":true,"pixelsToUnit":100,"pivot":{"x":0.5,"y":0.5},"meshType":0}],[0],0,[0],[0],[0]]
