[1,["38WsnwcO1OuIPLAz0SL0+7@6c48a","38WsnwcO1OuIPLAz0SL0+7@f9941"],["_textureSource","spriteFrame"],["cc.SpriteFrame",["cc.LabelAtlas",["_name","fontSize","fntConfig"],0]],[[1,0,1,2,4]],[[[{"name":"number","rect":{"x":11,"y":0,"width":325,"height":38},"offset":{"x":5.5,"y":0.5},"originalSize":{"width":336,"height":39},"rotated":false,"capInsets":[0,0,0,0],"vertices":{"rawPosition":[-162.5,-19,0,162.5,-19,0,-162.5,19,0,162.5,19,0],"indexes":[0,1,2,2,1,3],"uv":[11,39,336,39,11,1,336,1],"nuv":[0.03273809523809524,0.02564102564102564,1,0.02564102564102564,0.03273809523809524,1,1,1],"minPos":{"x":-162.5,"y":-19,"z":0},"maxPos":{"x":162.5,"y":19,"z":0}},"packable":true,"pixelsToUnit":100,"pivot":{"x":0.5,"y":0.5},"meshType":0}],[0],0,[0],[0],[0]],[[[0,"number-atlas-1",34.32,{"commonHeight":39,"fontSize":34,"atlasName":"number","fontDefDictionary":{"46":{"xOffset":0,"yOffset":0,"xAdvance":28,"rect":{"x":0,"y":0,"width":28,"height":39}},"47":{"xOffset":0,"yOffset":0,"xAdvance":28,"rect":{"x":28,"y":0,"width":28,"height":39}},"48":{"xOffset":0,"yOffset":0,"xAdvance":28,"rect":{"x":56,"y":0,"width":28,"height":39}},"49":{"xOffset":0,"yOffset":0,"xAdvance":28,"rect":{"x":84,"y":0,"width":28,"height":39}},"50":{"xOffset":0,"yOffset":0,"xAdvance":28,"rect":{"x":112,"y":0,"width":28,"height":39}},"51":{"xOffset":0,"yOffset":0,"xAdvance":28,"rect":{"x":140,"y":0,"width":28,"height":39}},"52":{"xOffset":0,"yOffset":0,"xAdvance":28,"rect":{"x":168,"y":0,"width":28,"height":39}},"53":{"xOffset":0,"yOffset":0,"xAdvance":28,"rect":{"x":196,"y":0,"width":28,"height":39}},"54":{"xOffset":0,"yOffset":0,"xAdvance":28,"rect":{"x":224,"y":0,"width":28,"height":39}},"55":{"xOffset":0,"yOffset":0,"xAdvance":28,"rect":{"x":252,"y":0,"width":28,"height":39}},"56":{"xOffset":0,"yOffset":0,"xAdvance":28,"rect":{"x":280,"y":0,"width":28,"height":39}},"57":{"xOffset":0,"yOffset":0,"xAdvance":28,"rect":{"x":308,"y":0,"width":28,"height":39}}},"kerningDict":{}}]],0,0,[0],[1],[1]]]]
