[1,["5014ffc2-b554-4dd5-936d-29ed06d5e7b2@6c48a"],["_textureSource"],["cc.SpriteFrame"],0,[{"name":"God_tk3_11","rect":{"x":0,"y":0,"width":90,"height":93},"offset":{"x":0,"y":0},"originalSize":{"width":90,"height":93},"rotated":false,"capInsets":[0,0,0,0],"vertices":{"rawPosition":[-45,-46.5,0,45,-46.5,0,-45,46.5,0,45,46.5,0],"indexes":[0,1,2,2,1,3],"uv":[0,93,90,93,0,0,90,0],"nuv":[0,0,1,0,0,1,1,1],"minPos":{"x":-45,"y":-46.5,"z":0},"maxPos":{"x":45,"y":46.5,"z":0}},"packable":true,"pixelsToUnit":100,"pivot":{"x":0.5,"y":0.5},"meshType":0}],[0],0,[0],[0],[0]]
