[1,["b4f8db82-8f1a-41ee-beaf-8a0ee8ceb55d@6c48a"],["_textureSource"],["cc.SpriteFrame"],0,[{"name":"payTip","rect":{"x":0,"y":0,"width":200,"height":98},"offset":{"x":0,"y":0},"originalSize":{"width":200,"height":98},"rotated":false,"capInsets":[0,0,0,0],"vertices":{"rawPosition":[-100,-49,0,100,-49,0,-100,49,0,100,49,0],"indexes":[0,1,2,2,1,3],"uv":[0,98,200,98,0,0,200,0],"nuv":[0,0,1,0,0,1,1,1],"minPos":{"x":-100,"y":-49,"z":0},"maxPos":{"x":100,"y":49,"z":0}},"packable":true,"pixelsToUnit":100,"pivot":{"x":0.5,"y":0.5},"meshType":0}],[0],0,[0],[0],[0]]
