[1,["271bdd91-2f51-448e-922e-1fb2250aeaea@6c48a"],["_textureSource"],["cc.SpriteFrame"],0,[{"name":"zi_Penmain","rect":{"x":0,"y":0,"width":61,"height":20},"offset":{"x":0,"y":0},"originalSize":{"width":61,"height":20},"rotated":false,"capInsets":[0,0,0,0],"vertices":{"rawPosition":[-30.5,-10,0,30.5,-10,0,-30.5,10,0,30.5,10,0],"indexes":[0,1,2,2,1,3],"uv":[0,20,61,20,0,0,61,0],"nuv":[0,0,1,0,0,1,1,1],"minPos":{"x":-30.5,"y":-10,"z":0},"maxPos":{"x":30.5,"y":10,"z":0}},"packable":true,"pixelsToUnit":100,"pivot":{"x":0.5,"y":0.5},"meshType":0}],[0],0,[0],[0],[0]]
