[1,["2fd638d6-a76d-486c-b1da-2c49d5e8a10b@6c48a"],["_textureSource"],["cc.SpriteFrame"],0,[{"name":"scatter","rect":{"x":0,"y":0,"width":143,"height":121},"offset":{"x":0,"y":0},"originalSize":{"width":143,"height":121},"rotated":false,"capInsets":[0,0,0,0],"vertices":{"rawPosition":[-71.5,-60.5,0,71.5,-60.5,0,-71.5,60.5,0,71.5,60.5,0],"indexes":[0,1,2,2,1,3],"uv":[0,121,143,121,0,0,143,0],"nuv":[0,0,1,0,0,1,1,1],"minPos":{"x":-71.5,"y":-60.5,"z":0},"maxPos":{"x":71.5,"y":60.5,"z":0}},"packable":true,"pixelsToUnit":100,"pivot":{"x":0.5,"y":0.5},"meshType":0}],[0],0,[0],[0],[0]]
