[1,["c4kfMi/UxFKb4eHKu7cltO@6c48a","c4kfMi/UxFKb4eHKu7cltO@f9941"],["_textureSource","spriteFrame"],["cc.SpriteFrame",["cc.BitmapFont",["_name","fontSize","fntConfig"],0]],[[1,0,1,2,4]],[[[{"name":"dfdc_bet","rect":{"x":0,"y":0,"width":187,"height":21},"offset":{"x":-9.5,"y":0},"originalSize":{"width":206,"height":21},"rotated":false,"capInsets":[0,0,0,0],"vertices":{"rawPosition":[-93.5,-10.5,0,93.5,-10.5,0,-93.5,10.5,0,93.5,10.5,0],"indexes":[0,1,2,2,1,3],"uv":[0,21,187,21,0,0,187,0],"nuv":[0,0,0.9077669902912622,0,0,1,0.9077669902912622,1],"minPos":{"x":-93.5,"y":-10.5,"z":0},"maxPos":{"x":93.5,"y":10.5,"z":0}},"packable":true,"pixelsToUnit":100,"pivot":{"x":0.5,"y":0.5},"meshType":0}],[0],0,[0],[0],[0]],[[[0,"dfdc_bet",21,{"commonHeight":21,"fontSize":21,"atlasName":"dfdc_bet.png","fontDefDictionary":{"32":{"xOffset":0,"yOffset":0,"xAdvance":19,"rect":{"x":187,"y":0,"width":19,"height":21}},"44":{"xOffset":0,"yOffset":0,"xAdvance":7,"rect":{"x":163,"y":0,"width":7,"height":21}},"46":{"xOffset":0,"yOffset":0,"xAdvance":7,"rect":{"x":156,"y":0,"width":7,"height":21}},"48":{"xOffset":0,"yOffset":0,"xAdvance":17,"rect":{"x":170,"y":0,"width":17,"height":21}},"49":{"xOffset":0,"yOffset":0,"xAdvance":19,"rect":{"x":0,"y":0,"width":19,"height":21}},"50":{"xOffset":0,"yOffset":0,"xAdvance":17,"rect":{"x":19,"y":0,"width":17,"height":21}},"51":{"xOffset":0,"yOffset":0,"xAdvance":17,"rect":{"x":36,"y":0,"width":17,"height":21}},"52":{"xOffset":0,"yOffset":0,"xAdvance":18,"rect":{"x":53,"y":0,"width":18,"height":21}},"53":{"xOffset":0,"yOffset":0,"xAdvance":17,"rect":{"x":71,"y":0,"width":17,"height":21}},"54":{"xOffset":0,"yOffset":0,"xAdvance":17,"rect":{"x":88,"y":0,"width":17,"height":21}},"55":{"xOffset":0,"yOffset":0,"xAdvance":17,"rect":{"x":105,"y":0,"width":17,"height":21}},"56":{"xOffset":0,"yOffset":0,"xAdvance":17,"rect":{"x":122,"y":0,"width":17,"height":21}},"57":{"xOffset":0,"yOffset":0,"xAdvance":17,"rect":{"x":139,"y":0,"width":17,"height":21}}},"kerningDict":{}}]],0,0,[0],[1],[1]]]]
