[1,["2dbF80FSRFWpiiDUKFFgMM@6c48a"],0,[["sp.SkeletonData",["_name","_atlasText","textureNames","_skeletonJson","textures"],-1,3]],[[0,0,1,2,3,4,5]],[[0,"scatter1","\r\nscatter1.png\r\nsize: 1024,512\r\nformat: RGBA8888\r\nfilter: Linear,Linear\r\nrepeat: none\r\nquantou\r\n  rotate: true\r\n  xy: 207, 92\r\n  size: 82, 54\r\n  orig: 82, 54\r\n  offset: 0, 0\r\n  index: -1\r\nren_guangxiao\r\n  rotate: false\r\n  xy: 2, 77\r\n  size: 203, 193\r\n  orig: 203, 193\r\n  offset: 0, 0\r\n  index: -1\r\nrenbgg\r\n  rotate: false\r\n  xy: 2, 272\r\n  size: 274, 207\r\n  orig: 274, 207\r\n  offset: 0, 0\r\n  index: -1\r\nrentou\r\n  rotate: false\r\n  xy: 278, 317\r\n  size: 190, 162\r\n  orig: 190, 162\r\n  offset: 0, 0\r\n  index: -1\r\nsaoguang_1\r\n  rotate: true\r\n  xy: 207, 176\r\n  size: 94, 69\r\n  orig: 94, 69\r\n  offset: 0, 0\r\n  index: -1\r\nsaoguang_2\r\n  rotate: false\r\n  xy: 278, 240\r\n  size: 74, 75\r\n  orig: 74, 75\r\n  offset: 0, 0\r\n  index: -1\r\nscatter\r\n  rotate: false\r\n  xy: 2, 2\r\n  size: 212, 73\r\n  orig: 212, 73\r\n  offset: 0, 0\r\n  index: -1\r\nyanwu/scatter10000\r\n  rotate: false\r\n  xy: 470, 335\r\n  size: 225, 71\r\n  orig: 225, 71\r\n  offset: 0, 0\r\n  index: -1\r\nyanwu/scatter10001\r\n  rotate: false\r\n  xy: 697, 408\r\n  size: 225, 71\r\n  orig: 225, 71\r\n  offset: 0, 0\r\n  index: -1\r\nyanwu/scatter10002\r\n  rotate: false\r\n  xy: 697, 335\r\n  size: 225, 71\r\n  orig: 225, 71\r\n  offset: 0, 0\r\n  index: -1\r\nyanwu/scatter10003\r\n  rotate: false\r\n  xy: 470, 262\r\n  size: 225, 71\r\n  orig: 225, 71\r\n  offset: 0, 0\r\n  index: -1\r\nyanwu/scatter10004\r\n  rotate: false\r\n  xy: 697, 262\r\n  size: 225, 71\r\n  orig: 225, 71\r\n  offset: 0, 0\r\n  index: -1\r\nyanwu/scatter10005\r\n  rotate: true\r\n  xy: 924, 254\r\n  size: 225, 71\r\n  orig: 225, 71\r\n  offset: 0, 0\r\n  index: -1\r\nyanwu/scatter10006\r\n  rotate: false\r\n  xy: 470, 408\r\n  size: 225, 71\r\n  orig: 225, 71\r\n  offset: 0, 0\r\n  index: -1\r\n",["scatter1.png"],{"skeleton":{"hash":"83X5Zx/+Cl8gQZTHQoSJex93zAw","spine":"3.6.53","width":362.2,"height":192.49,"images":"./images/"},"bones":[{"name":"root"},{"name":"all","parent":"root","y":-34.58,"scaleX":0.695,"scaleY":0.695,"color":"ff0000ff"},{"name":"quantou","parent":"all","x":-115.82,"y":-27.46,"color":"64ff00ff"},{"name":"quantou2","parent":"all","x":115.87,"y":-27.46,"scaleX":-0.993,"color":"64ff00ff"},{"name":"ren_guangxiao","parent":"all","x":-0.14,"y":-6.11,"color":"00ff31ff"},{"name":"scatter","parent":"root","x":3.8,"y":-50.77},{"name":"saoguang_1","parent":"scatter","x":-100.96,"y":5.4,"color":"e500ffff"},{"name":"yanwu/scatter10000","parent":"all","x":1.53,"y":-47.46,"scaleX":1.851,"scaleY":1.851,"color":"ff0000ff"}],"slots":[{"name":"renbgg","bone":"all","attachment":"renbgg","blend":"additive"},{"name":"rentou","bone":"ren_guangxiao","attachment":"rentou"},{"name":"ren_guangxiao","bone":"ren_guangxiao","color":"f0eb85ff","attachment":"ren_guangxiao","blend":"additive"},{"name":"quantou","bone":"quantou","attachment":"quantou"},{"name":"quantou3","bone":"quantou2","attachment":"quantou"},{"name":"yanwu/scatter10000","bone":"yanwu/scatter10000","attachment":"yanwu/scatter10000"},{"name":"scatter","bone":"scatter","attachment":"scatter"},{"name":"mask_saoguang","bone":"scatter","attachment":"mask_saoguang"},{"name":"saoguang_2","bone":"saoguang_1","attachment":"saoguang_2","blend":"additive"},{"name":"saoguang_1","bone":"saoguang_1","color":"fff3caff","attachment":"saoguang_1","blend":"additive"}],"skins":{"default":{"mask_saoguang":{"mask_saoguang":{"type":"clipping","end":"saoguang_1","vertexCount":82,"color":"ce3a3aff","vertices":[-78.99,28.74,-95.74,14.92,-98.03,10.8,-97.78,5.76,-90.85,-2.68,-97.91,-8.1,-99.29,-11.5,-99.42,-15.03,-91.73,-24.23,-88.46,-25.74,-85.31,-24.99,-68.17,-9.49,-57.34,-24.1,-54.06,-25.99,-51.04,-24.86,-48.77,-21.96,-40.58,-24.73,-37.18,-23.98,-35.16,-21.33,-33.52,-15.91,-30.25,-16.04,-28.36,-21.84,-25.96,-24.23,-21.93,-24.61,-15.25,-21.46,-12.35,-24.61,-9.33,-25.87,1.38,-22.34,4.15,-18.81,4.28,6.59,15.87,6.84,15.37,-19.87,17.64,-24.41,21.54,-25.79,31.87,-22.89,34.27,-18.48,34.02,6.46,37.2,6.59,39.72,2.81,35.35,-3.08,34.87,-8.93,51.14,-24.23,54.8,-25.42,58.62,-22.36,59.91,-23.8,63.42,-25.49,73.76,-22.37,76.42,-19.12,79.44,-22.81,82.07,-24.43,85.13,-24.26,93.63,-18.22,95.59,-15.08,95.13,-10.08,87.26,-0.58,90.26,4.53,90.88,8.16,89.51,11.78,78.63,25.53,75.01,27.59,70.26,26.97,61.76,24.59,58.76,27.72,55.51,28.72,51.76,27.09,45.39,22.59,43.64,25.34,41.14,25.84,-17.84,25.84,-21.31,25.34,-23.94,21.09,-25.94,24.72,-29.56,26.59,-39.81,22.97,-41.32,21.05,-48.82,27.67,-52.07,28.42,-55.44,27.17,-65.82,17.42,-66.07,20.3,-72.07,28.3,-75.19,29.8]}},"quantou":{"quantou":{"x":2.54,"y":-1.69,"width":82,"height":54}},"quantou3":{"quantou":{"x":2.54,"y":-1.69,"width":82,"height":54}},"ren_guangxiao":{"ren_guangxiao":{"x":-3.64,"y":79.46,"width":203,"height":193}},"renbgg":{"renbgg":{"x":-1.28,"y":70.35,"width":274,"height":207}},"rentou":{"rentou":{"x":3.86,"y":78.96,"width":190,"height":162}},"saoguang_1":{"saoguang_1":{"x":-40.53,"y":-3.11,"width":94,"height":69}},"saoguang_2":{"saoguang_2":{"x":-99.74,"y":-7.11,"width":74,"height":75}},"scatter":{"scatter":{"x":-1.21,"y":1.16,"width":212,"height":73}},"yanwu/scatter10000":{"yanwu/scatter10000":{"x":-13.54,"y":5.34,"width":225,"height":71},"yanwu/scatter10001":{"x":-13.54,"y":5.34,"width":225,"height":71},"yanwu/scatter10002":{"x":-13.54,"y":5.34,"width":225,"height":71},"yanwu/scatter10003":{"x":-13.54,"y":5.34,"width":225,"height":71},"yanwu/scatter10004":{"x":-13.54,"y":5.34,"width":225,"height":71},"yanwu/scatter10005":{"x":-13.54,"y":5.34,"width":225,"height":71},"yanwu/scatter10006":{"x":-13.54,"y":5.34,"width":225,"height":71}}}},"animations":{"dynamic":{"slots":{"ren_guangxiao":{"color":[{"time":0,"color":"f0eb8500","curve":[0.25,0,0.75,1]},{"time":0.3333,"color":"f0eb85ff","curve":[0.25,0,0.75,1]},{"time":1.1667,"color":"f0eb8500","curve":"stepped"},{"time":2,"color":"f0eb8500","curve":"stepped"},{"time":4,"color":"f0eb8500"}]},"yanwu/scatter10000":{"color":[{"time":0,"color":"ffffff00","curve":"stepped"},{"time":0.3,"color":"ffffff00","curve":[0.25,0,0.75,1]},{"time":0.3333,"color":"ffffffff","curve":"stepped"},{"time":0.9333,"color":"ffffffff","curve":[0.25,0,0.75,1]},{"time":1.0333,"color":"ffffff00"}],"attachment":[{"time":0.3333,"name":null},{"time":0.4333,"name":"yanwu/scatter10001"},{"time":0.5333,"name":"yanwu/scatter10002"},{"time":0.6333,"name":"yanwu/scatter10003"},{"time":0.7333,"name":"yanwu/scatter10004"},{"time":0.8333,"name":"yanwu/scatter10005"},{"time":0.9333,"name":"yanwu/scatter10006"}]}},"bones":{"scatter":{"scale":[{"time":0,"x":0.748,"y":0.748,"curve":[0.25,0,0.75,1]},{"time":0.3333,"x":1,"y":1,"curve":"stepped"},{"time":1.1667,"x":1,"y":1,"curve":[0.25,0,0.75,1]},{"time":2,"x":0.748,"y":0.748,"curve":"stepped"},{"time":4,"x":0.748,"y":0.748}]},"quantou":{"translate":[{"time":0,"x":2.75,"y":8.24,"curve":[0.25,0,0.75,1]},{"time":0.3333,"x":-21.76,"y":-20.69,"curve":"stepped"},{"time":1.1667,"x":-21.76,"y":-20.69,"curve":[0.25,0,0.75,1]},{"time":2,"x":2.75,"y":8.24,"curve":"stepped"},{"time":4,"x":2.75,"y":8.24}]},"quantou2":{"translate":[{"time":0,"x":-10.99,"y":9.16,"curve":[0.25,0,0.75,1]},{"time":0.3333,"x":19.78,"y":-17.36,"curve":"stepped"},{"time":1.1667,"x":19.78,"y":-17.36,"curve":[0.25,0,0.75,1]},{"time":2,"x":-10.99,"y":9.16,"curve":"stepped"},{"time":4,"x":-10.99,"y":9.16}]},"ren_guangxiao":{"scale":[{"time":0,"x":1,"y":1,"curve":[0.25,0,0.75,1]},{"time":0.3333,"x":1.239,"y":1.239,"curve":"stepped"},{"time":1.1667,"x":1.239,"y":1.239,"curve":[0.25,0,0.75,1]},{"time":2,"x":1,"y":1,"curve":"stepped"},{"time":4,"x":1,"y":1}]},"saoguang_1":{"translate":[{"time":0.3333,"x":0,"y":0},{"time":2,"x":336.53,"y":0,"curve":"stepped"},{"time":4,"x":336.53,"y":0}]}}},"static":{"slots":{"ren_guangxiao":{"color":[{"time":0,"color":"f0eb8500"}]},"yanwu/scatter10000":{"color":[{"time":0,"color":"ffffff00"}]}},"bones":{"scatter":{"scale":[{"time":0,"x":0.748,"y":0.748}]},"quantou":{"translate":[{"time":0,"x":2.75,"y":8.24}]},"quantou2":{"translate":[{"time":0,"x":-10.99,"y":9.16}]},"ren_guangxiao":{"scale":[{"time":0,"x":1,"y":1}]}}}}},[0]]],0,0,[0],[-1],[0]]
