[1,["02StBEGiZIg6zk7wU6hYK6@6c48a","c7HgZoK3RFppflA3xrLUyQ@6c48a","9aau0WubBJ+pWtCnG/D1M7@6c48a","7dj5uJT9FMn6OrOOx83tfK@f9941","c7HgZoK3RFppflA3xrLUyQ@f9941","4fXofvEi5ASJ/7e7XLPA/d","d9qlDWe19OKqmxSkRuyNHe","64zqNnyatP5Ih81lWHI6iA"],["node","_spriteFrame","_skeletonData","_textureSource","root","data","_font"],[["cc.Node",["_name","_layer","_active","_components","_prefab","_parent","_children","_lpos","_lscale"],0,9,4,1,2,5,5],["cc.Sprite",["_sizeMode","node","__prefab","_spriteFrame","_color"],2,1,4,6,5],["cc.Widget",["_alignFlags","_originalWidth","_originalHeight","_enabled","_left","_right","_top","_bottom","node","__prefab"],-5,1,4],["sp.Skeleton",["defaultSkin","_premultipliedAlpha","_preCacheMode","defaultAnimation","node","__prefab","_skeletonData"],-1,1,4,6],"cc.SpriteFrame",["sp.SkeletonData",["_name","_atlasText","textureNames","_skeletonJson","textures"],-1,3],["cc.Prefab",["_name"],2],["cc.UITransform",["node","__prefab","_contentSize"],3,1,4,5],["cc.CompPrefabInfo",["fileId"],2],["cc.PrefabInfo",["fileId","instance","targetOverrides","nestedPrefabInstanceRoots","root","asset"],-1,1,1],["cc.Label",["_string","_actualFontSize","_fontSize","_isSystemFontUsed","_cacheMode","node","__prefab","_font"],-2,1,4,6]],[[8,0,2],[7,0,1,2,1],[9,0,1,2,3,4,5,5],[2,3,0,4,5,6,7,1,2,8,9,9],[5,0,1,2,3,4,5],[0,0,2,1,5,3,4,4],[6,0,2],[0,0,1,6,3,4,3],[0,0,1,5,3,4,3],[0,0,1,5,3,4,7,3],[0,0,2,1,5,3,4,8,4],[1,0,1,2,4,3,2],[1,1,2,3,1],[2,0,1,2,8,9,4],[3,0,1,2,4,5,6,4],[3,0,3,1,2,4,5,6,5],[10,0,1,2,3,4,5,6,7,6]],[[[[4,"k","\r\nk.png\r\nsize: 128,128\r\nformat: RGBA8888\r\nfilter: Linear,Linear\r\nrepeat: none\r\nk\r\n  rotate: false\r\n  xy: 2, 2\r\n  size: 75, 75\r\n  orig: 75, 75\r\n  offset: 0, 0\r\n  index: -1\r\n",["k.png"],{"skeleton":{"hash":"mDGolgDPsvzHHsqeT8g4sUqhrmo","spine":"3.6.53","width":75,"height":75,"images":""},"bones":[{"name":"root"},{"name":"10","parent":"root","x":-5.5,"y":8}],"slots":[{"name":"10","bone":"10","attachment":"k"},{"name":"11","bone":"10","attachment":"k","blend":"additive"}],"skins":{"default":{"10":{"k":{"width":75,"height":75}},"11":{"k":{"width":75,"height":75}}}},"animations":{"dynamic":{"slots":{"11":{"color":[{"time":0,"color":"ffffff00","curve":[0.25,0,0.75,1]},{"time":0.5,"color":"ffffffff","curve":[0.25,0,0.75,1]},{"time":1,"color":"ffffff00"}]}},"bones":{"10":{"scale":[{"time":0,"x":1,"y":1,"curve":[0.25,0,0.75,1]},{"time":0.5,"x":1.188,"y":1.188,"curve":[0.25,0,0.75,1]},{"time":1,"x":1,"y":1}]}}},"static":{"slots":{"11":{"color":[{"time":0,"color":"ffffff00"}]}},"bones":{"10":{"scale":[{"time":0,"x":1,"y":1}]}}}}},[0]]],0,0,[0],[-1],[0]],[[{"name":"icon_k","rect":{"x":0,"y":0,"width":77,"height":77},"offset":{"x":0,"y":0},"originalSize":{"width":77,"height":77},"rotated":false,"capInsets":[0,0,0,0],"vertices":{"rawPosition":[-38.5,-38.5,0,38.5,-38.5,0,-38.5,38.5,0,38.5,38.5,0],"indexes":[0,1,2,2,1,3],"uv":[0,77,77,77,0,0,77,0],"nuv":[0,0,1,0,0,1,1,1],"minPos":{"x":-38.5,"y":-38.5,"z":0},"maxPos":{"x":38.5,"y":38.5,"z":0}},"packable":true,"pixelsToUnit":100,"pivot":{"x":0.5,"y":0.5},"meshType":0}],[4],0,[0],[3],[1]],[[[4,"xuanzhongkuang","\r\nxuanzhongkuang.png\r\nsize: 1024,256\r\nformat: RGBA8888\r\nfilter: Linear,Linear\r\nrepeat: none\r\n11\r\n  rotate: true\r\n  xy: 476, 8\r\n  size: 235, 231\r\n  orig: 235, 231\r\n  offset: 0, 0\r\n  index: -1\r\n12\r\n  rotate: true\r\n  xy: 709, 7\r\n  size: 236, 230\r\n  orig: 236, 230\r\n  offset: 0, 0\r\n  index: -1\r\n13\r\n  rotate: true\r\n  xy: 242, 2\r\n  size: 241, 232\r\n  orig: 241, 232\r\n  offset: 0, 0\r\n  index: -1\r\n14\r\n  rotate: true\r\n  xy: 2, 4\r\n  size: 239, 238\r\n  orig: 239, 238\r\n  offset: 0, 0\r\n  index: -1\r\n",["xuanzhongkuang.png"],{"skeleton":{"hash":"EMYYmEJ0fOdYgDn6kSGnpbKCWVU","spine":"3.8.99","x":-119,"y":-119,"width":239,"height":238,"images":"","audio":""},"bones":[{"name":"root"},{"name":"11","parent":"root"}],"slots":[{"name":"1","bone":"11","attachment":"14"}],"skins":[{"name":"default","attachments":{"1":{"11":{"x":0.5,"y":0.5,"width":235,"height":231},"12":{"width":236,"height":230},"13":{"x":0.5,"width":241,"height":232},"14":{"x":0.5,"width":239,"height":238}}}}],"animations":{"animation":{"slots":{"1":{"attachment":[{"name":"11"},{"time":0.1333,"name":"12"},{"time":0.2667,"name":"13"},{"time":0.4,"name":"14"}]}}}}},[0]]],0,0,[0],[-1],[2]],[[[6,"icon"],[7,"icon",33554432,[-3,-4,-5,-6,-7],[[1,-2,[0,"f7KbPE+8dN74zThCUbehFk"],[5,120,120]]],[2,"a5nYjKpzlLv6zEFJ6w2v8w",null,null,null,-1,0]],[5,"bg",false,33554432,1,[[1,-8,[0,"8euDLvCTRHEoxCUkIPOrXI"],[5,120,120]],[11,0,-9,[0,"65nvHYvXBEIbm7+BqCKdtE"],[4,4278519055],0],[13,45,160,160,-10,[0,"e1d8w98HZDH5fNqV+pypLa"]]],[2,"e8UopvuqFBBK2X4Nx/4pzx",null,null,null,1,0]],[8,"face",33554432,1,[[1,-11,[0,"fcV/xQF4NAcbM3nBfoN4FU"],[5,77,77]],[3,false,45,15,15,21,21,150,130,-12,[0,"135dMgMUtGzYKDKFzNaxfZ"]],[12,-13,[0,"21PyZjkZdBNZ+rrbCePFkS"],1]],[2,"d8HyJ+XdpBc5cCE/1rSZM7",null,null,null,1,0]],[9,"face-animation",33554432,1,[[1,-14,[0,"90M4IHYrxLxojhccxAputI"],[5,75,75]],[3,false,45,-101.65,-101.65,-256.8,-256.8,150,130,-15,[0,"5fEGG6tW5FxKGvHuyYRAbU"]],[14,"default",false,0,-16,[0,"e9iU+xzxZHDrg1zF0bfc8t"],2]],[2,"4aVAINlYBLGJ/fMVyCJJkb",null,null,null,1,0],[1,5.5,-8,0]],[10,"focusBorder",false,33554432,1,[[1,-17,[0,"d8i9wboqBKzJdjNnQdJjvW"],[5,239,238]],[15,"default","animation",false,0,-18,[0,"061TGTPNVMVILDDpSStTli"],3],[3,false,45,-59.5,-59.5,-59,-59,272,264,-19,[0,"e8ylyO0ppF2bpxXTCNNEFO"]]],[2,"caS0m48pBILqWBnGbHl6P8",null,null,null,1,0],[1,0.65,0.6,1]],[5,"amount",false,33554432,1,[[1,-20,[0,"81AbzsKWlOP54IpAUslU0r"],[5,35.44,40]],[16,"23",18,18,false,2,-21,[0,"ed3fzEaYVK56Y8e2gqf+bf"],4]],[2,"cfea69Q8dHNaPAN6BrjtLL",null,null,null,1,0]]],0,[0,4,1,0,0,1,0,-1,2,0,-2,3,0,-3,4,0,-4,5,0,-5,6,0,0,2,0,0,2,0,0,2,0,0,3,0,0,3,0,0,3,0,0,4,0,0,4,0,0,4,0,0,5,0,0,5,0,0,5,0,0,6,0,0,6,0,5,1,21],[0,0,0,0,0],[1,1,2,2,6],[3,4,5,6,7]]]]
