[1,["91G6VZibBPZoNu9zhGdxJb@6c48a"],["_textureSource"],["cc.SpriteFrame"],0,[{"name":"bg_hj_huojianguiji@2x","rect":{"x":0,"y":0,"width":264,"height":12},"offset":{"x":0,"y":0},"originalSize":{"width":264,"height":12},"rotated":false,"capInsets":[0,0,0,0],"vertices":{"rawPosition":[-132,-6,0,132,-6,0,-132,6,0,132,6,0],"indexes":[0,1,2,2,1,3],"uv":[0,12,264,12,0,0,264,0],"nuv":[0,0,1,0,0,1,1,1],"minPos":{"x":-132,"y":-6,"z":0},"maxPos":{"x":132,"y":6,"z":0}},"packable":true,"pixelsToUnit":100,"pivot":{"x":0.5,"y":0.5},"meshType":0}],[0],0,[0],[0],[0]]
