[1,["95q9oeZKFNX6yZjI3IheCe@f9941","95q9oeZKFNX6yZjI3IheCe@6c48a"],["spriteFrame","_textureSource"],["cc.SpriteFrame",["cc.BitmapFont",["_name","fontSize","fntConfig"],0]],[[1,0,1,2,4]],[[[[0,"shuzi_longhu_cm_wu",32,{"commonHeight":32,"fontSize":32,"atlasName":"shuzi_longhu_cm_wu_0.png","fontDefDictionary":{"48":{"xOffset":0,"yOffset":0,"xAdvance":16,"rect":{"x":97,"y":0,"width":16,"height":23}},"49":{"xOffset":0,"yOffset":0,"xAdvance":11,"rect":{"x":225,"y":0,"width":11,"height":23}},"50":{"xOffset":0,"yOffset":0,"xAdvance":16,"rect":{"x":113,"y":0,"width":16,"height":23}},"51":{"xOffset":0,"yOffset":0,"xAdvance":16,"rect":{"x":129,"y":0,"width":16,"height":23}},"52":{"xOffset":0,"yOffset":0,"xAdvance":17,"rect":{"x":80,"y":0,"width":17,"height":23}},"53":{"xOffset":0,"yOffset":0,"xAdvance":16,"rect":{"x":145,"y":0,"width":16,"height":23}},"54":{"xOffset":0,"yOffset":0,"xAdvance":16,"rect":{"x":161,"y":0,"width":16,"height":23}},"55":{"xOffset":0,"yOffset":0,"xAdvance":16,"rect":{"x":177,"y":0,"width":16,"height":23}},"56":{"xOffset":0,"yOffset":0,"xAdvance":16,"rect":{"x":193,"y":0,"width":16,"height":23}},"57":{"xOffset":0,"yOffset":0,"xAdvance":16,"rect":{"x":209,"y":0,"width":16,"height":23}},"66":{"xOffset":0,"yOffset":0,"xAdvance":18,"rect":{"x":62,"y":0,"width":18,"height":23}},"75":{"xOffset":0,"yOffset":0,"xAdvance":19,"rect":{"x":43,"y":0,"width":19,"height":23}},"77":{"xOffset":0,"yOffset":0,"xAdvance":23,"rect":{"x":0,"y":0,"width":23,"height":23}},"84":{"xOffset":0,"yOffset":0,"xAdvance":20,"rect":{"x":23,"y":0,"width":20,"height":23}}},"kerningDict":{}}]],0,0,[0],[0],[0]],[[{"name":"shuzi_longhu_cm_wu_0","rect":{"x":0,"y":0,"width":236,"height":23},"offset":{"x":-10,"y":116.5},"originalSize":{"width":256,"height":256},"rotated":false,"capInsets":[0,0,0,0],"vertices":{"rawPosition":[-118,-11.5,0,118,-11.5,0,-118,11.5,0,118,11.5,0],"indexes":[0,1,2,2,1,3],"uv":[0,256,236,256,0,233,236,233],"nuv":[0,0.91015625,0.921875,0.91015625,0,1,0.921875,1],"minPos":{"x":-118,"y":-11.5,"z":0},"maxPos":{"x":118,"y":11.5,"z":0}},"packable":true,"pixelsToUnit":100,"pivot":{"x":0.5,"y":0.5},"meshType":0}],[0],0,[0],[1],[1]]]]
