[1,["1d7066f41@6c48a","6exBlNCwxBDaREDQxoRXGr@f9941","e8Ja4DqqlO24S28pUTJTZk@f9941","77i9OD74RDpanaBGKNciQN@f9941","02/7E18SFBXYVxBDW8c7pC@f9941","4c1/x+WydNlasUtlQjIFrh@f9941","41YvPTIhBN1ou0zigaBI/i@f9941","6e0qGyhe9NQoeeJTpAnRZl@f9941","b1ZMt/ULVIgITQxOXAc/mT@f9941","7f0aDAiFdOtLZ0yYCFCSs2@f9941","761VIAUe1P56M9TGEq1O4Z@f9941","27oVUaQMtEy77n+etqtSHK@f9941","bfFye3TIJBBoZ/fjXrxLDR@f9941","707uOwSsNIvrNQHfjjFrv/@f9941","29Fox0/bxF9LBs3lm9A4DF@f9941","f1yppkzshPk7NEYyI+lJCJ@f9941","244UojQyJIYYSHH3pSHCrd@f9941","dfi6nJkw1FLJZbQRD8TPPM@f9941","100TkOYfNHQ4pCSC6sBQft@f9941","e9xRQNRe9PWZyM/17Rww2d@f9941","31U40nkxNHGbxwveeC07A/@f9941","3beFgS0+JETpJS72qk/1XB@f9941","4fAH/67klFb6X8HB0OxWaJ@f9941","d0vB0MD5JI0bXK11f5LNcM@f9941","feIKGQB9xAYLeor5A8bh0u@f9941","0dkj0zcB5DD6MWh0U91KVd@f9941","a0HsoScAlGFoJ9L++tOVfF@f9941","e5AZr0FsVPZ594M7rYW5DE@f9941","7cYpbGs+REkLKdbrgoeckc@f9941","0dXAQOldhIUa3KnU0lZ1PH@f9941","32YedVcgFAeY4zeX7tio4f@f9941","e6Pm51j5tHfL6xZ1xr7HAK@f9941","89jGn5KVZJHrzWeweWwZWw@f9941","4feLQQxCJPCYw3geQA8uov@f9941","9eVEbM6itAzKQRP021xwPF@f9941","17pIIGW8tJe5/Y/DIjTTH2@f9941","3bEsdPVJ5GY7/T/aZsdCp4@f9941","2edBtt5exBOZH4ChWp59Cs@f9941","4eMTqHPghK76ae10HJ9qmY@f9941","372+LJidZE8J6mrpjoBcVj@f9941","8eAGrE8utFtZidHhqPn9MS@f9941","aaldj71WJN1ZDQhs5s+D82@f9941","86nzCfoUtBCZRlHFYUOfDs@f9941","beQYQdxgFN8YSooKlT96SK@f9941","98U3sNvzlJfLuxkjju6N3V@f9941","ceD2iYmtpOOrNlx6hLUifu@f9941","e1LajAoxdJSbP/LWX93vI0@f9941"],["_textureSource"],["cc.SpriteFrame","cc.SpriteAtlas"],0,[[[{"name":"dl_olps_btn_spin","rect":{"x":730,"y":760,"width":161,"height":172},"offset":{"x":0,"y":0},"originalSize":{"width":161,"height":172},"rotated":true,"capInsets":[0,0,0,0],"packable":true,"pixelsToUnit":100,"pivot":{"x":0.5,"y":0.5},"meshType":0}],[0],0,[0],[0],[0]],[[{"name":"dl_olps_zi_WIN","rect":{"x":983,"y":82,"width":43,"height":19},"offset":{"x":0,"y":0},"originalSize":{"width":43,"height":19},"rotated":true,"capInsets":[0,0,0,0],"packable":true,"pixelsToUnit":100,"pivot":{"x":0.5,"y":0.5},"meshType":0}],[0],0,[0],[0],[0]],[[{"name":"dl_olps_zi_PENGATURAN","rect":{"x":990,"y":856,"width":111,"height":22},"offset":{"x":0,"y":0},"originalSize":{"width":111,"height":22},"rotated":true,"capInsets":[0,0,0,0],"packable":true,"pixelsToUnit":100,"pivot":{"x":0.5,"y":0.5},"meshType":0}],[0],0,[0],[0],[0]],[[{"name":"auto_bar","spriteFrames":["dl_olps_box","6exBlNCwxBDaREDQxoRXGr@f9941","tishi_4","e8Ja4DqqlO24S28pUTJTZk@f9941","img_suto_bg","77i9OD74RDpanaBGKNciQN@f9941","dl_olps_btn_spin","02/7E18SFBXYVxBDW8c7pC@f9941","dl_olps_jinebox","4c1/x+WydNlasUtlQjIFrh@f9941","tishi_2","41YvPTIhBN1ou0zigaBI/i@f9941","dl_olps_btn_jia","6e0qGyhe9NQoeeJTpAnRZl@f9941","dl_olps_btn_autoSPINSETTING","b1ZMt/ULVIgITQxOXAc/mT@f9941","dl_olps_zi_stop","7f0aDAiFdOtLZ0yYCFCSs2@f9941","tishi_3","761VIAUe1P56M9TGEq1O4Z@f9941","dl_olps_btn_spin _1","27oVUaQMtEy77n+etqtSHK@f9941","di_olps_btn_CONFIRM","bfFye3TIJBBoZ/fjXrxLDR@f9941","MUSIC","707uOwSsNIvrNQHfjjFrv/@f9941","dl_olps_winbox","29Fox0/bxF9LBs3lm9A4DF@f9941","dl_shezhi_guan","f1yppkzshPk7NEYyI+lJCJ@f9941","dl_opls_zidongbox_dibox","244UojQyJIYYSHH3pSHCrd@f9941","SOUND","dfi6nJkw1FLJZbQRD8TPPM@f9941","dl_olps_zi_PENGATURAN","100TkOYfNHQ4pCSC6sBQft@f9941","tishi_1","e9xRQNRe9PWZyM/17Rww2d@f9941","di_opls_btn_zidong_1","31U40nkxNHGbxwveeC07A/@f9941","dl_olps_zi_goodluck","3beFgS0+JETpJS72qk/1XB@f9941","di_opls_btn_zidong_0","4fAH/67klFb6X8HB0OxWaJ@f9941","dl_olps_zi_spin","d0vB0MD5JI0bXK11f5LNcM@f9941","dl_olps_zi_auto","feIKGQB9xAYLeor5A8bh0u@f9941","dl_olps_zi_WIN","0dkj0zcB5DD6MWh0U91KVd@f9941","dl_olps_icon_stop_1","a0HsoScAlGFoJ9L++tOVfF@f9941","dl_olps_icon_stop","e5AZr0FsVPZ594M7rYW5DE@f9941","dl_olps_caicanbox","7cYpbGs+REkLKdbrgoeckc@f9941","img_suto_title_bg","0dXAQOldhIUa3KnU0lZ1PH@f9941","dl_olps_icon_spin_1","32YedVcgFAeY4zeX7tio4f@f9941","dl_shezhi_kai","e6Pm51j5tHfL6xZ1xr7HAK@f9941","dl_olps_icon_spin","89jGn5KVZJHrzWeweWwZWw@f9941","dl_olps_btn_auto1","4feLQQxCJPCYw3geQA8uov@f9941","dl_olps_btn_auto","9eVEbM6itAzKQRP021xwPF@f9941","dl_olps_btn_off","17pIIGW8tJe5/Y/DIjTTH2@f9941","dl_olps_btn_caidan","3bEsdPVJ5GY7/T/aZsdCp4@f9941","dl_olps_btn_guize","2edBtt5exBOZH4ChWp59Cs@f9941","dl_olps_btn_likai","4eMTqHPghK76ae10HJ9qmY@f9941","dl_olps_btn_kuai_1","372+LJidZE8J6mrpjoBcVj@f9941","dl_olps_btn_vip","8eAGrE8utFtZidHhqPn9MS@f9941","dl_olps_btn_kuai_0","aaldj71WJN1ZDQhs5s+D82@f9941","dl_olps_btn_xiazhujian_0","86nzCfoUtBCZRlHFYUOfDs@f9941","dl_olps_btn_shezhi","beQYQdxgFN8YSooKlT96SK@f9941","dl_olps_btn_xiazhujian","98U3sNvzlJfLuxkjju6N3V@f9941","dl_olps_btn_xiazhujia_0","ceD2iYmtpOOrNlx6hLUifu@f9941","dl_olps_btn_xiazhujia","e1LajAoxdJSbP/LWX93vI0@f9941"]}],[1],0,[0,0,0,0,0,0,0,0,0,0,0,0,0,0,0,0,0,0,0,0,0,0,0,0,0,0,0,0,0,0,0,0,0,0,0,0,0,0,0,0,0,0,0,0,0,0],[0,0,0,0,0,0,0,0,0,0,0,0,0,0,0,0,0,0,0,0,0,0,0,0,0,0,0,0,0,0,0,0,0,0,0,0,0,0,0,0,0,0,0,0,0,0],[1,2,3,4,5,6,7,8,9,10,11,12,13,14,15,16,17,18,19,20,21,22,23,24,25,26,27,28,29,30,31,32,33,34,35,36,37,38,39,40,41,42,43,44,45,46]],[[{"name":"dl_opls_zidongbox_dibox","rect":{"x":957,"y":537,"width":183,"height":49},"offset":{"x":0,"y":0},"originalSize":{"width":183,"height":49},"rotated":true,"capInsets":[21,14,12,13],"packable":true,"pixelsToUnit":100,"pivot":{"x":0.5,"y":0.5},"meshType":0}],[0],0,[0],[0],[0]],[[{"name":"dl_olps_btn_spin _1","rect":{"x":779,"y":560,"width":161,"height":172},"offset":{"x":0,"y":0},"originalSize":{"width":161,"height":172},"rotated":true,"capInsets":[0,0,0,0],"packable":true,"pixelsToUnit":100,"pivot":{"x":0.5,"y":0.5},"meshType":0}],[0],0,[0],[0],[0]],[[{"name":"dl_olps_winbox","rect":{"x":811,"y":3,"width":461,"height":94},"offset":{"x":0,"y":0},"originalSize":{"width":461,"height":94},"rotated":true,"capInsets":[0,0,0,0],"packable":true,"pixelsToUnit":100,"pivot":{"x":0.5,"y":0.5},"meshType":0}],[0],0,[0],[0],[0]],[[{"name":"di_opls_btn_zidong_1","rect":{"x":911,"y":396,"width":110,"height":54},"offset":{"x":0,"y":0},"originalSize":{"width":110,"height":54},"rotated":false,"capInsets":[0,0,0,0],"packable":true,"pixelsToUnit":100,"pivot":{"x":0.5,"y":0.5},"meshType":0}],[0],0,[0],[0],[0]],[[{"name":"dl_olps_zi_goodluck","rect":{"x":944,"y":3,"width":225,"height":33},"offset":{"x":0,"y":0},"originalSize":{"width":225,"height":33},"rotated":true,"capInsets":[0,0,0,0],"packable":true,"pixelsToUnit":100,"pivot":{"x":0.5,"y":0.5},"meshType":0}],[0],0,[0],[0],[0]],[[{"name":"tishi_2","rect":{"x":3,"y":971,"width":666,"height":47},"offset":{"x":0,"y":0},"originalSize":{"width":666,"height":47},"rotated":false,"capInsets":[0,0,0,0],"packable":true,"pixelsToUnit":100,"pivot":{"x":0.5,"y":0.5},"meshType":0}],[0],0,[0],[0],[0]],[[{"name":"dl_olps_jinebox","rect":{"x":730,"y":927,"width":254,"height":54},"offset":{"x":0,"y":0},"originalSize":{"width":254,"height":54},"rotated":false,"capInsets":[0,0,0,0],"packable":true,"pixelsToUnit":100,"pivot":{"x":0.5,"y":0.5},"meshType":0}],[0],0,[0],[0],[0]],[[{"name":"di_opls_btn_zidong_0","rect":{"x":944,"y":234,"width":110,"height":54},"offset":{"x":0,"y":0},"originalSize":{"width":110,"height":54},"rotated":true,"capInsets":[0,0,0,0],"packable":true,"pixelsToUnit":100,"pivot":{"x":0.5,"y":0.5},"meshType":0}],[0],0,[0],[0],[0]],[[{"name":"dl_olps_box","rect":{"x":3,"y":3,"width":721,"height":500},"offset":{"x":0,"y":0},"originalSize":{"width":721,"height":500},"rotated":false,"capInsets":[107,112,108,74],"packable":true,"pixelsToUnit":100,"pivot":{"x":0.5,"y":0.5},"meshType":0}],[0],0,[0],[0],[0]],[[{"name":"dl_olps_btn_jia","rect":{"x":675,"y":971,"width":42,"height":41},"offset":{"x":0,"y":0},"originalSize":{"width":42,"height":41},"rotated":true,"capInsets":[0,0,0,0],"packable":true,"pixelsToUnit":100,"pivot":{"x":0.5,"y":0.5},"meshType":0}],[0],0,[0],[0],[0]],[[{"name":"MUSIC","rect":{"x":779,"y":727,"width":112,"height":27},"offset":{"x":0,"y":0},"originalSize":{"width":112,"height":27},"rotated":false,"capInsets":[0,0,0,0],"packable":true,"pixelsToUnit":100,"pivot":{"x":0.5,"y":0.5},"meshType":0}],[0],0,[0],[0],[0]],[[{"name":"tishi_3","rect":{"x":779,"y":3,"width":551,"height":26},"offset":{"x":0,"y":0},"originalSize":{"width":551,"height":26},"rotated":true,"capInsets":[0,0,0,0],"packable":true,"pixelsToUnit":100,"pivot":{"x":0.5,"y":0.5},"meshType":0}],[0],0,[0],[0],[0]],[[{"name":"img_suto_bg","rect":{"x":3,"y":509,"width":721,"height":456},"offset":{"x":0,"y":0},"originalSize":{"width":721,"height":456},"rotated":false,"capInsets":[0,0,0,0],"packable":true,"pixelsToUnit":100,"pivot":{"x":0.5,"y":0.5},"meshType":0}],[0],0,[0],[0],[0]],[[{"name":"dl_olps_zi_stop","rect":{"x":958,"y":987,"width":59,"height":18},"offset":{"x":0,"y":0},"originalSize":{"width":59,"height":18},"rotated":false,"capInsets":[0,0,0,0],"packable":true,"pixelsToUnit":100,"pivot":{"x":0.5,"y":0.5},"meshType":0}],[0],0,[0],[0],[0]],[[{"name":"dl_olps_icon_stop_1","rect":{"x":983,"y":131,"width":32,"height":32},"offset":{"x":0,"y":0},"originalSize":{"width":32,"height":32},"rotated":false,"capInsets":[0,0,0,0],"packable":true,"pixelsToUnit":100,"pivot":{"x":0.5,"y":0.5},"meshType":0}],[0],0,[0],[0],[0]],[[{"name":"dl_olps_btn_autoSPINSETTING","rect":{"x":722,"y":987,"width":230,"height":22},"offset":{"x":0,"y":0},"originalSize":{"width":230,"height":22},"rotated":false,"capInsets":[0,0,0,0],"packable":true,"pixelsToUnit":100,"pivot":{"x":0.5,"y":0.5},"meshType":0}],[0],0,[0],[0],[0]],[[{"name":"di_olps_btn_CONFIRM","rect":{"x":908,"y":727,"width":190,"height":64},"offset":{"x":0,"y":0},"originalSize":{"width":190,"height":64},"rotated":true,"capInsets":[0,0,0,0],"packable":true,"pixelsToUnit":100,"pivot":{"x":0.5,"y":0.5},"meshType":0}],[0],0,[0],[0],[0]],[[{"name":"dl_olps_zi_spin","rect":{"x":944,"y":350,"width":75,"height":30},"offset":{"x":0,"y":0},"originalSize":{"width":75,"height":30},"rotated":false,"capInsets":[0,0,0,0],"packable":true,"pixelsToUnit":100,"pivot":{"x":0.5,"y":0.5},"meshType":0}],[0],0,[0],[0],[0]],[[{"name":"SOUND","rect":{"x":978,"y":726,"width":124,"height":27},"offset":{"x":0,"y":0},"originalSize":{"width":124,"height":27},"rotated":true,"capInsets":[0,0,0,0],"packable":true,"pixelsToUnit":100,"pivot":{"x":0.5,"y":0.5},"meshType":0}],[0],0,[0],[0],[0]],[[{"name":"dl_olps_icon_stop","rect":{"x":983,"y":169,"width":32,"height":32},"offset":{"x":0,"y":0},"originalSize":{"width":32,"height":32},"rotated":false,"capInsets":[0,0,0,0],"packable":true,"pixelsToUnit":100,"pivot":{"x":0.5,"y":0.5},"meshType":0}],[0],0,[0],[0],[0]],[[{"name":"tishi_4","rect":{"x":730,"y":3,"width":751,"height":43},"offset":{"x":0,"y":0},"originalSize":{"width":751,"height":43},"rotated":true,"capInsets":[0,0,0,0],"packable":true,"pixelsToUnit":100,"pivot":{"x":0.5,"y":0.5},"meshType":0}],[0],0,[0],[0],[0]],[[{"name":"tishi_1","rect":{"x":911,"y":3,"width":387,"height":27},"offset":{"x":0,"y":0},"originalSize":{"width":387,"height":27},"rotated":true,"capInsets":[0,0,0,0],"packable":true,"pixelsToUnit":100,"pivot":{"x":0.5,"y":0.5},"meshType":0}],[0],0,[0],[0],[0]],[[{"name":"dl_shezhi_guan","rect":{"x":811,"y":470,"width":208,"height":61},"offset":{"x":0,"y":0},"originalSize":{"width":208,"height":61},"rotated":false,"capInsets":[0,0,0,0],"packable":true,"pixelsToUnit":100,"pivot":{"x":0.5,"y":0.5},"meshType":0}],[0],0,[0],[0],[0]],[[{"name":"dl_olps_zi_auto","rect":{"x":983,"y":3,"width":73,"height":24},"offset":{"x":0,"y":0},"originalSize":{"width":73,"height":24},"rotated":true,"capInsets":[0,0,0,0],"packable":true,"pixelsToUnit":100,"pivot":{"x":0.5,"y":0.5},"meshType":0}],[0],0,[0],[0],[0]]]]
