[1,["11a9v3zGNHJqVGL/mV4nbs@6c48a","dc6qxwcWJIHJlX6zi0yDoj@6c48a","ebsUyWejFAuJ3/3TBK2p26@6c48a","7dj5uJT9FMn6OrOOx83tfK@f9941","adNfHgTnpBsKQ4Uw+n7cea","aadXeOJk1Lb55bZHKdzNsv","3bGVyESPBMFJTo/PRXE1dq","8fMk7HgIVITI/dg05htpPZ","11a9v3zGNHJqVGL/mV4nbs@f9941","e0I4tQ43tOKqd0QXHkR0cf@6c48a","54ZaaZEsFGoYj+L+Lt8xe/@6c48a","925qVwwsRNjI/45yD1ILHQ@6c48a","5fh9K2yUJP9ro0QNpnYuWZ@6c48a"],["node","_skeletonData","_textureSource","root","data","_spriteFrame","_font","spriteFrame"],[["cc.Node",["_name","_layer","_active","_components","_prefab","_parent","_children","_lpos"],0,9,4,1,2,5],["cc.UITransform",["node","__prefab","_contentSize","_anchorPoint"],3,1,4,5,5],["cc.Sprite",["_sizeMode","_isTrimmedMode","node","__prefab","_color","_spriteFrame"],1,1,4,5,6],"cc.SpriteFrame",["sp.SkeletonData",["_name","_atlasText","textureNames","_skeletonJson","textures"],-1,3],["cc.Prefab",["_name"],2],["cc.CompPrefabInfo",["fileId"],2],["cc.PrefabInfo",["fileId","instance","targetOverrides","nestedPrefabInstanceRoots","root","asset"],-1,1,1],["cc.Widget",["_enabled","_alignFlags","_originalWidth","_originalHeight","node","__prefab"],-1,1,4],["sp.Skeleton",["defaultSkin","defaultAnimation","_premultipliedAlpha","_preCacheMode","node","__prefab","_skeletonData"],-1,1,4,6],["cc.Label",["_string","_actualFontSize","_fontSize","_isSystemFontUsed","node","__prefab","_font"],-1,1,4,6],["cc.BitmapFont",["_name","fontSize","fntConfig"],0]],[[6,0,2],[7,0,1,2,3,4,5,5],[1,0,1,2,1],[4,0,1,2,3,4,5],[0,0,1,5,3,4,3],[9,0,1,2,3,4,5,6,5],[0,0,2,1,5,3,4,4],[1,0,1,2,3,1],[5,0,2],[0,0,1,6,3,4,3],[0,0,2,1,5,3,4,7,4],[0,0,2,1,5,6,3,4,7,4],[2,0,2,3,4,5,2],[2,0,1,2,3,3],[8,0,1,2,3,4,5,5],[10,0,1,2,3,4,5,6,5],[11,0,1,2,4]],[[[{"name":"shuzi_jackpotjine_0","rect":{"x":0,"y":0,"width":252,"height":89},"offset":{"x":-2,"y":83.5},"originalSize":{"width":256,"height":256},"rotated":false,"capInsets":[0,0,0,0],"vertices":{"rawPosition":[-126,-44.5,0,126,-44.5,0,-126,44.5,0,126,44.5,0],"indexes":[0,1,2,2,1,3],"uv":[0,256,252,256,0,167,252,167],"nuv":[0,0.65234375,0.984375,0.65234375,0,1,0.984375,1],"minPos":{"x":-126,"y":-44.5,"z":0},"maxPos":{"x":126,"y":44.5,"z":0}},"packable":true,"pixelsToUnit":100,"pivot":{"x":0.5,"y":0.5},"meshType":0}],[3],0,[0],[2],[0]],[[[3,"LZTB_huoyankuangxiao","\r\nLZTB_huoyankuangxiao.png\r\nsize: 2048,2048\r\nformat: RGBA8888\r\nfilter: Linear,Linear\r\nrepeat: none\r\nhf1\r\n  rotate: true\r\n  xy: 2, 1390\r\n  size: 289, 345\r\n  orig: 289, 345\r\n  offset: 0, 0\r\n  index: -1\r\nhf10\r\n  rotate: false\r\n  xy: 987, 1681\r\n  size: 289, 345\r\n  orig: 289, 345\r\n  offset: 0, 0\r\n  index: -1\r\nhf11\r\n  rotate: false\r\n  xy: 987, 1334\r\n  size: 289, 345\r\n  orig: 289, 345\r\n  offset: 0, 0\r\n  index: -1\r\nhf12\r\n  rotate: false\r\n  xy: 987, 987\r\n  size: 289, 345\r\n  orig: 289, 345\r\n  offset: 0, 0\r\n  index: -1\r\nhf13\r\n  rotate: false\r\n  xy: 2, 752\r\n  size: 289, 345\r\n  orig: 289, 345\r\n  offset: 0, 0\r\n  index: -1\r\nhf14\r\n  rotate: false\r\n  xy: 293, 752\r\n  size: 289, 345\r\n  orig: 289, 345\r\n  offset: 0, 0\r\n  index: -1\r\nhf15\r\n  rotate: false\r\n  xy: 584, 752\r\n  size: 289, 345\r\n  orig: 289, 345\r\n  offset: 0, 0\r\n  index: -1\r\nhf16\r\n  rotate: true\r\n  xy: 875, 696\r\n  size: 289, 345\r\n  orig: 289, 345\r\n  offset: 0, 0\r\n  index: -1\r\nhf17\r\n  rotate: true\r\n  xy: 2, 461\r\n  size: 289, 345\r\n  orig: 289, 345\r\n  offset: 0, 0\r\n  index: -1\r\nhf18\r\n  rotate: false\r\n  xy: 349, 405\r\n  size: 289, 345\r\n  orig: 289, 345\r\n  offset: 0, 0\r\n  index: -1\r\nhf19\r\n  rotate: false\r\n  xy: 2, 114\r\n  size: 289, 345\r\n  orig: 289, 345\r\n  offset: 0, 0\r\n  index: -1\r\nhf2\r\n  rotate: true\r\n  xy: 293, 1737\r\n  size: 289, 345\r\n  orig: 289, 345\r\n  offset: 0, 0\r\n  index: -1\r\nhf20\r\n  rotate: false\r\n  xy: 1222, 640\r\n  size: 289, 345\r\n  orig: 289, 345\r\n  offset: 0, 0\r\n  index: -1\r\nhf21\r\n  rotate: false\r\n  xy: 640, 349\r\n  size: 289, 345\r\n  orig: 289, 345\r\n  offset: 0, 0\r\n  index: -1\r\nhf22\r\n  rotate: false\r\n  xy: 293, 58\r\n  size: 289, 345\r\n  orig: 289, 345\r\n  offset: 0, 0\r\n  index: -1\r\nhf23\r\n  rotate: false\r\n  xy: 931, 349\r\n  size: 289, 345\r\n  orig: 289, 345\r\n  offset: 0, 0\r\n  index: -1\r\nhf24\r\n  rotate: true\r\n  xy: 1222, 349\r\n  size: 289, 345\r\n  orig: 289, 345\r\n  offset: 0, 0\r\n  index: -1\r\nhf25\r\n  rotate: false\r\n  xy: 1278, 1681\r\n  size: 289, 345\r\n  orig: 289, 345\r\n  offset: 0, 0\r\n  index: -1\r\nhf26\r\n  rotate: true\r\n  xy: 1278, 1390\r\n  size: 289, 345\r\n  orig: 289, 345\r\n  offset: 0, 0\r\n  index: -1\r\nhf27\r\n  rotate: true\r\n  xy: 1569, 1737\r\n  size: 289, 345\r\n  orig: 289, 345\r\n  offset: 0, 0\r\n  index: -1\r\nhf28\r\n  rotate: false\r\n  xy: 1513, 1043\r\n  size: 289, 345\r\n  orig: 289, 345\r\n  offset: 0, 0\r\n  index: -1\r\nhf29\r\n  rotate: true\r\n  xy: 1625, 1446\r\n  size: 289, 345\r\n  orig: 289, 345\r\n  offset: 0, 0\r\n  index: -1\r\nhf3\r\n  rotate: false\r\n  xy: 349, 1390\r\n  size: 289, 345\r\n  orig: 289, 345\r\n  offset: 0, 0\r\n  index: -1\r\nhf30\r\n  rotate: true\r\n  xy: 1513, 752\r\n  size: 289, 345\r\n  orig: 289, 345\r\n  offset: 0, 0\r\n  index: -1\r\nhf31\r\n  rotate: false\r\n  xy: 1569, 405\r\n  size: 289, 345\r\n  orig: 289, 345\r\n  offset: 0, 0\r\n  index: -1\r\nhf32\r\n  rotate: true\r\n  xy: 1569, 114\r\n  size: 289, 345\r\n  orig: 289, 345\r\n  offset: 0, 0\r\n  index: -1\r\nhf33\r\n  rotate: true\r\n  xy: 584, 58\r\n  size: 289, 345\r\n  orig: 289, 345\r\n  offset: 0, 0\r\n  index: -1\r\nhf34\r\n  rotate: true\r\n  xy: 931, 58\r\n  size: 289, 345\r\n  orig: 289, 345\r\n  offset: 0, 0\r\n  index: -1\r\nhf35\r\n  rotate: false\r\n  xy: 1278, 2\r\n  size: 289, 345\r\n  orig: 289, 345\r\n  offset: 0, 0\r\n  index: -1\r\nhf4\r\n  rotate: true\r\n  xy: 2, 1099\r\n  size: 289, 345\r\n  orig: 289, 345\r\n  offset: 0, 0\r\n  index: -1\r\nhf5\r\n  rotate: true\r\n  xy: 349, 1099\r\n  size: 289, 345\r\n  orig: 289, 345\r\n  offset: 0, 0\r\n  index: -1\r\nhf6\r\n  rotate: true\r\n  xy: 640, 1737\r\n  size: 289, 345\r\n  orig: 289, 345\r\n  offset: 0, 0\r\n  index: -1\r\nhf7\r\n  rotate: true\r\n  xy: 640, 1446\r\n  size: 289, 345\r\n  orig: 289, 345\r\n  offset: 0, 0\r\n  index: -1\r\nhf8\r\n  rotate: false\r\n  xy: 696, 1099\r\n  size: 289, 345\r\n  orig: 289, 345\r\n  offset: 0, 0\r\n  index: -1\r\nhf9\r\n  rotate: false\r\n  xy: 2, 1681\r\n  size: 289, 345\r\n  orig: 289, 345\r\n  offset: 0, 0\r\n  index: -1\r\n\r\nLZTB_huoyankuangxiao2.png\r\nsize: 2048,1024\r\nformat: RGBA8888\r\nfilter: Linear,Linear\r\nrepeat: none\r\nhf36\r\n  rotate: false\r\n  xy: 2, 640\r\n  size: 289, 345\r\n  orig: 289, 345\r\n  offset: 0, 0\r\n  index: -1\r\nhf37\r\n  rotate: false\r\n  xy: 2, 293\r\n  size: 289, 345\r\n  orig: 289, 345\r\n  offset: 0, 0\r\n  index: -1\r\nhf38\r\n  rotate: true\r\n  xy: 2, 2\r\n  size: 289, 345\r\n  orig: 289, 345\r\n  offset: 0, 0\r\n  index: -1\r\nhf39\r\n  rotate: false\r\n  xy: 293, 640\r\n  size: 289, 345\r\n  orig: 289, 345\r\n  offset: 0, 0\r\n  index: -1\r\nhf40\r\n  rotate: false\r\n  xy: 293, 293\r\n  size: 289, 345\r\n  orig: 289, 345\r\n  offset: 0, 0\r\n  index: -1\r\nhf41\r\n  rotate: true\r\n  xy: 349, 2\r\n  size: 289, 345\r\n  orig: 289, 345\r\n  offset: 0, 0\r\n  index: -1\r\nhf42\r\n  rotate: false\r\n  xy: 584, 640\r\n  size: 289, 345\r\n  orig: 289, 345\r\n  offset: 0, 0\r\n  index: -1\r\nhf43\r\n  rotate: false\r\n  xy: 584, 293\r\n  size: 289, 345\r\n  orig: 289, 345\r\n  offset: 0, 0\r\n  index: -1\r\nhf44\r\n  rotate: true\r\n  xy: 696, 2\r\n  size: 289, 345\r\n  orig: 289, 345\r\n  offset: 0, 0\r\n  index: -1\r\nhf45\r\n  rotate: false\r\n  xy: 875, 640\r\n  size: 289, 345\r\n  orig: 289, 345\r\n  offset: 0, 0\r\n  index: -1\r\nhf46\r\n  rotate: true\r\n  xy: 875, 293\r\n  size: 345, 289\r\n  orig: 345, 289\r\n  offset: 0, 0\r\n  index: -1\r\nhf47\r\n  rotate: false\r\n  xy: 1043, 2\r\n  size: 345, 289\r\n  orig: 345, 289\r\n  offset: 0, 0\r\n  index: -1\r\n",["LZTB_huoyankuangxiao.png","LZTB_huoyankuangxiao2.png"],{"skeleton":{"hash":"kpAD9CmBZcU5/8auJtA6MBcDWNM","spine":"3.8.99","x":-151,"y":-111,"width":289,"height":345,"images":"E:/新版UI/追龙/动画源文件/火焰框小/火方","audio":""},"bones":[{"name":"root"}],"slots":[{"name":"huofang","bone":"root","attachment":"hf16","blend":"screen"}],"skins":[{"name":"default","attachments":{"huofang":{"hf1":{"x":-6.5,"y":61.5,"width":289,"height":345},"hf2":{"x":-6.5,"y":61.5,"width":289,"height":345},"hf3":{"x":-6.5,"y":61.5,"width":289,"height":345},"hf4":{"x":-6.5,"y":61.5,"width":289,"height":345},"hf5":{"x":-6.5,"y":61.5,"width":289,"height":345},"hf6":{"x":-6.5,"y":61.5,"width":289,"height":345},"hf7":{"x":-6.5,"y":61.5,"width":289,"height":345},"hf8":{"x":-6.5,"y":61.5,"width":289,"height":345},"hf9":{"x":-6.5,"y":61.5,"width":289,"height":345},"hf10":{"x":-6.5,"y":61.5,"width":289,"height":345},"hf11":{"x":-6.5,"y":61.5,"width":289,"height":345},"hf12":{"x":-6.5,"y":61.5,"width":289,"height":345},"hf13":{"x":-6.5,"y":61.5,"width":289,"height":345},"hf14":{"x":-6.5,"y":61.5,"width":289,"height":345},"hf15":{"x":-6.5,"y":61.5,"width":289,"height":345},"hf16":{"x":-6.5,"y":61.5,"width":289,"height":345},"hf17":{"x":-6.5,"y":61.5,"width":289,"height":345},"hf18":{"x":-6.5,"y":61.5,"width":289,"height":345},"hf19":{"x":-6.5,"y":61.5,"width":289,"height":345},"hf20":{"x":-6.5,"y":61.5,"width":289,"height":345},"hf21":{"x":-6.5,"y":61.5,"width":289,"height":345},"hf22":{"x":-6.5,"y":61.5,"width":289,"height":345},"hf23":{"x":-6.5,"y":61.5,"width":289,"height":345},"hf24":{"x":-6.5,"y":61.5,"width":289,"height":345},"hf25":{"x":-6.5,"y":61.5,"width":289,"height":345},"hf26":{"x":-6.5,"y":61.5,"width":289,"height":345},"hf27":{"x":-6.5,"y":61.5,"width":289,"height":345},"hf28":{"x":-6.5,"y":61.5,"width":289,"height":345},"hf29":{"x":-6.5,"y":61.5,"width":289,"height":345},"hf30":{"x":-6.5,"y":61.5,"width":289,"height":345},"hf31":{"x":-6.5,"y":61.5,"width":289,"height":345},"hf32":{"x":-6.5,"y":61.5,"width":289,"height":345},"hf33":{"x":-6.5,"y":61.5,"width":289,"height":345},"hf34":{"x":-6.5,"y":61.5,"width":289,"height":345},"hf35":{"x":-6.5,"y":61.5,"width":289,"height":345},"hf36":{"x":-6.5,"y":61.5,"width":289,"height":345},"hf37":{"x":-6.5,"y":61.5,"width":289,"height":345},"hf38":{"x":-6.5,"y":61.5,"width":289,"height":345},"hf39":{"x":-6.5,"y":61.5,"width":289,"height":345},"hf40":{"x":-6.5,"y":61.5,"width":289,"height":345},"hf41":{"x":-6.5,"y":61.5,"width":289,"height":345},"hf42":{"x":-6.5,"y":61.5,"width":289,"height":345},"hf43":{"x":-6.5,"y":61.5,"width":289,"height":345},"hf44":{"x":-6.5,"y":61.5,"width":289,"height":345},"hf45":{"x":-6.5,"y":61.5,"width":289,"height":345},"hf46":{"x":-6.5,"y":61.5,"width":345,"height":289},"hf47":{"x":-6.5,"y":61.5,"width":345,"height":289}}}}],"animations":{"animation":{"slots":{"huofang":{"attachment":[{"name":"hf1"},{"time":0.0333,"name":"hf2"},{"time":0.0667,"name":"hf3"},{"time":0.1,"name":"hf4"},{"time":0.1333,"name":"hf5"},{"time":0.1667,"name":"hf6"},{"time":0.2,"name":"hf7"},{"time":0.2333,"name":"hf8"},{"time":0.2667,"name":"hf9"},{"time":0.3,"name":"hf10"},{"time":0.3333,"name":"hf11"},{"time":0.3667,"name":"hf12"},{"time":0.4,"name":"hf13"},{"time":0.4333,"name":"hf14"},{"time":0.4667,"name":"hf15"},{"time":0.5,"name":"hf16"},{"time":0.5333,"name":"hf17"},{"time":0.5667,"name":"hf18"},{"time":0.6,"name":"hf19"},{"time":0.6333,"name":"hf20"},{"time":0.6667,"name":"hf21"},{"time":0.7,"name":"hf22"},{"time":0.7333,"name":"hf23"},{"time":0.7667,"name":"hf24"},{"time":0.8,"name":"hf25"},{"time":0.8333,"name":"hf26"},{"time":0.8667,"name":"hf27"},{"time":0.9,"name":"hf28"},{"time":0.9333,"name":"hf29"},{"time":0.9667,"name":"hf30"},{"time":1,"name":"hf31"},{"time":1.0333,"name":"hf32"},{"time":1.0667,"name":"hf33"},{"time":1.1,"name":"hf34"},{"time":1.1333,"name":"hf35"},{"time":1.1667,"name":"hf36"},{"time":1.2,"name":"hf37"},{"time":1.2333,"name":"hf38"},{"time":1.2667,"name":"hf39"},{"time":1.3,"name":"hf40"},{"time":1.3333,"name":"hf41"},{"time":1.3667,"name":"hf42"},{"time":1.4,"name":"hf43"},{"time":1.4333,"name":"hf44"},{"time":1.4667,"name":"hf45"},{"time":1.5,"name":"hf46"},{"time":1.5333,"name":"hf47"}]}}}}},[0,1]]],0,0,[0,0],[-1,-2],[1,2]],[[[8,"icon"],[9,"icon",33554432,[-3,-4,-5,-6,-7,-8],[[2,-2,[0,"f7KbPE+8dN74zThCUbehFk"],[5,174,138]]],[1,"a5nYjKpzlLv6zEFJ6w2v8w",null,null,null,-1,0]],[6,"bg",false,33554432,1,[[2,-9,[0,"d2WVojylxP6L2fXoUlU+Sk"],[5,180,140]],[12,0,-10,[0,"40urBiFV1FWYvM15jkfSbt"],[4,4278519055],0],[14,false,45,160,160,-11,[0,"9aWQmX5qZJiomkQ2L8lwxX"]]],[1,"47OF56SXJH4Jj3HcSBa394",null,null,null,1,0]],[4,"face",33554432,1,[[2,-12,[0,"90M4IHYrxLxojhccxAputI"],[5,144,126]],[13,2,false,-13,[0,"0fXjwPXJhKdo1iitmvWle9"]]],[1,"4aVAINlYBLGJ/fMVyCJJkb",null,null,null,1,0]],[4,"face-animation",33554432,1,[[7,-14,[0,"04QkhgIo9DEIzru/tVaiQ+"],[5,224,175],[0,0.5,0.49714285714285716]],[5,"default","animation",false,0,-15,[0,"92aS7e72pKdLQcavWupm6W"],1]],[1,"91WstUg3NNeLIafOJghyhV",null,null,null,1,0]],[10,"face-subgame2",false,33554432,1,[[7,-16,[0,"428dYiOftAX4Eo0Q/5EIy5"],[5,282,277],[0,0,0]],[5,"default","animation",false,0,-17,[0,"303Y9kDFlHtqfc/r3b5NbZ"],2]],[1,"30YOu6PWtGwpSbcpfHVs1X",null,null,null,1,0],[1,-5,0,0]],[6,"focusBorder",false,33554432,1,[[2,-18,[0,"d8i9wboqBKzJdjNnQdJjvW"],[5,213,444]],[5,"default","animation",false,0,-19,[0,"061TGTPNVMVILDDpSStTli"],3]],[1,"caS0m48pBILqWBnGbHl6P8",null,null,null,1,0]],[11,"amount",false,33554432,1,[-21],[[2,-20,[0,"9cjIjartlOoLeImjudaSNF"],[5,85.25,40]]],[1,"cceUI1vDhPvpXUZVgeFICM",null,null,null,1,0],[1,-10,-24,0]],[4,"label_number",33554432,7,[[2,-22,[0,"17swj0CuxEa5tPYIJ8/Bhr"],[5,85.25,40]],[15,"",22,22,false,-23,[0,"e0jagCERRBvo7W0y7v23/q"],4]],[1,"32a5v05mlCWK++B2y/vhJm",null,null,null,1,0]]],0,[0,3,1,0,0,1,0,-1,2,0,-2,3,0,-3,4,0,-4,5,0,-5,6,0,-6,7,0,0,2,0,0,2,0,0,2,0,0,3,0,0,3,0,0,4,0,0,4,0,0,5,0,0,5,0,0,6,0,0,6,0,0,7,0,-1,8,0,0,8,0,0,8,0,4,1,23],[0,0,0,0,0],[5,1,1,1,6],[3,4,5,6,7]],[[[16,"shuzi_jackpotjine",32,{"commonHeight":32,"fontSize":32,"atlasName":"shuzi_jackpotjine_0.png","fontDefDictionary":{"44":{"xOffset":0,"yOffset":0,"xAdvance":15,"rect":{"x":237,"y":0,"width":15,"height":49}},"46":{"xOffset":0,"yOffset":0,"xAdvance":15,"rect":{"x":203,"y":49,"width":15,"height":49}},"48":{"xOffset":0,"yOffset":0,"xAdvance":33,"rect":{"x":110,"y":0,"width":33,"height":49}},"49":{"xOffset":0,"yOffset":0,"xAdvance":22,"rect":{"x":181,"y":49,"width":22,"height":49}},"50":{"xOffset":0,"yOffset":0,"xAdvance":30,"rect":{"x":31,"y":49,"width":30,"height":49}},"51":{"xOffset":0,"yOffset":0,"xAdvance":30,"rect":{"x":61,"y":49,"width":30,"height":49}},"52":{"xOffset":0,"yOffset":0,"xAdvance":30,"rect":{"x":91,"y":49,"width":30,"height":49}},"53":{"xOffset":0,"yOffset":0,"xAdvance":30,"rect":{"x":121,"y":49,"width":30,"height":49}},"54":{"xOffset":0,"yOffset":0,"xAdvance":31,"rect":{"x":175,"y":0,"width":31,"height":49}},"55":{"xOffset":0,"yOffset":0,"xAdvance":30,"rect":{"x":151,"y":49,"width":30,"height":49}},"56":{"xOffset":0,"yOffset":0,"xAdvance":31,"rect":{"x":206,"y":0,"width":31,"height":49}},"57":{"xOffset":0,"yOffset":0,"xAdvance":31,"rect":{"x":0,"y":49,"width":31,"height":49}},"66":{"xOffset":0,"yOffset":0,"xAdvance":32,"rect":{"x":143,"y":0,"width":32,"height":49}},"75":{"xOffset":0,"yOffset":0,"xAdvance":34,"rect":{"x":76,"y":0,"width":34,"height":49}},"77":{"xOffset":0,"yOffset":0,"xAdvance":37,"rect":{"x":39,"y":0,"width":37,"height":49}},"84":{"xOffset":0,"yOffset":0,"xAdvance":39,"rect":{"x":0,"y":0,"width":39,"height":49}}},"kerningDict":{}}]],0,0,[0],[7],[8]],[[[3,"LZTB_baozhalanguang","\r\nLZTB_baozhalanguang.png\r\nsize: 1024,1024\r\nformat: RGBA8888\r\nfilter: Linear,Linear\r\nrepeat: none\r\nLZTB_baozhaguang000\r\n  rotate: false\r\n  xy: 2, 560\r\n  size: 282, 277\r\n  orig: 282, 277\r\n  offset: 0, 0\r\n  index: -1\r\nLZTB_baozhaguang001\r\n  rotate: false\r\n  xy: 2, 281\r\n  size: 282, 277\r\n  orig: 282, 277\r\n  offset: 0, 0\r\n  index: -1\r\nLZTB_baozhaguang002\r\n  rotate: false\r\n  xy: 286, 560\r\n  size: 282, 277\r\n  orig: 282, 277\r\n  offset: 0, 0\r\n  index: -1\r\nLZTB_baozhaguang003\r\n  rotate: false\r\n  xy: 2, 2\r\n  size: 282, 277\r\n  orig: 282, 277\r\n  offset: 0, 0\r\n  index: -1\r\nLZTB_baozhaguang004\r\n  rotate: false\r\n  xy: 286, 281\r\n  size: 282, 277\r\n  orig: 282, 277\r\n  offset: 0, 0\r\n  index: -1\r\nLZTB_baozhaguang005\r\n  rotate: false\r\n  xy: 570, 560\r\n  size: 282, 277\r\n  orig: 282, 277\r\n  offset: 0, 0\r\n  index: -1\r\nLZTB_baozhaguang006\r\n  rotate: false\r\n  xy: 286, 2\r\n  size: 282, 277\r\n  orig: 282, 277\r\n  offset: 0, 0\r\n  index: -1\r\nLZTB_baozhaguang007\r\n  rotate: false\r\n  xy: 570, 281\r\n  size: 282, 277\r\n  orig: 282, 277\r\n  offset: 0, 0\r\n  index: -1\r\nLZTB_baozhaguang008\r\n  rotate: false\r\n  xy: 570, 2\r\n  size: 282, 277\r\n  orig: 282, 277\r\n  offset: 0, 0\r\n  index: -1\r\n\r\nLZTB_baozhalanguang2.png\r\nsize: 1024,1024\r\nformat: RGBA8888\r\nfilter: Linear,Linear\r\nrepeat: none\r\nLZTB_baozhaguang009\r\n  rotate: false\r\n  xy: 2, 560\r\n  size: 282, 277\r\n  orig: 282, 277\r\n  offset: 0, 0\r\n  index: -1\r\nLZTB_baozhaguang010\r\n  rotate: false\r\n  xy: 2, 281\r\n  size: 282, 277\r\n  orig: 282, 277\r\n  offset: 0, 0\r\n  index: -1\r\nLZTB_baozhaguang011\r\n  rotate: false\r\n  xy: 286, 560\r\n  size: 282, 277\r\n  orig: 282, 277\r\n  offset: 0, 0\r\n  index: -1\r\nLZTB_baozhaguang012\r\n  rotate: false\r\n  xy: 2, 2\r\n  size: 282, 277\r\n  orig: 282, 277\r\n  offset: 0, 0\r\n  index: -1\r\nLZTB_baozhaguang013\r\n  rotate: false\r\n  xy: 286, 281\r\n  size: 282, 277\r\n  orig: 282, 277\r\n  offset: 0, 0\r\n  index: -1\r\nLZTB_baozhaguang014\r\n  rotate: false\r\n  xy: 570, 560\r\n  size: 282, 277\r\n  orig: 282, 277\r\n  offset: 0, 0\r\n  index: -1\r\nLZTB_baozhaguang015\r\n  rotate: false\r\n  xy: 286, 2\r\n  size: 282, 277\r\n  orig: 282, 277\r\n  offset: 0, 0\r\n  index: -1\r\nLZTB_baozhaguang016\r\n  rotate: false\r\n  xy: 570, 281\r\n  size: 282, 277\r\n  orig: 282, 277\r\n  offset: 0, 0\r\n  index: -1\r\nLZTB_baozhaguang017\r\n  rotate: false\r\n  xy: 570, 2\r\n  size: 282, 277\r\n  orig: 282, 277\r\n  offset: 0, 0\r\n  index: -1\r\n\r\nLZTB_baozhalanguang3.png\r\nsize: 512,512\r\nformat: RGBA8888\r\nfilter: Linear,Linear\r\nrepeat: none\r\nLZTB_baozhaguang018\r\n  rotate: false\r\n  xy: 2, 2\r\n  size: 282, 277\r\n  orig: 282, 277\r\n  offset: 0, 0\r\n  index: -1\r\n",["LZTB_baozhalanguang.png","LZTB_baozhalanguang2.png","LZTB_baozhalanguang3.png"],{"skeleton":{"hash":"7UtauuJVja3MsCoC5Y74kaioRCk","spine":"3.6.53","width":282,"height":277,"images":""},"bones":[{"name":"root"}],"slots":[{"name":"baozhalanguang","bone":"root","attachment":"LZTB_baozhaguang018","blend":"screen"}],"skins":{"default":{"baozhalanguang":{"LZTB_baozhaguang000":{"width":282,"height":277},"LZTB_baozhaguang001":{"width":282,"height":277},"LZTB_baozhaguang002":{"width":282,"height":277},"LZTB_baozhaguang003":{"width":282,"height":277},"LZTB_baozhaguang004":{"width":282,"height":277},"LZTB_baozhaguang005":{"width":282,"height":277},"LZTB_baozhaguang006":{"width":282,"height":277},"LZTB_baozhaguang007":{"width":282,"height":277},"LZTB_baozhaguang008":{"width":282,"height":277},"LZTB_baozhaguang009":{"width":282,"height":277},"LZTB_baozhaguang010":{"width":282,"height":277},"LZTB_baozhaguang011":{"width":282,"height":277},"LZTB_baozhaguang012":{"width":282,"height":277},"LZTB_baozhaguang013":{"width":282,"height":277},"LZTB_baozhaguang014":{"width":282,"height":277},"LZTB_baozhaguang015":{"width":282,"height":277},"LZTB_baozhaguang016":{"width":282,"height":277},"LZTB_baozhaguang017":{"width":282,"height":277},"LZTB_baozhaguang018":{"width":282,"height":277}}}},"animations":{"animation":{"slots":{"baozhalanguang":{"attachment":[{"time":0,"name":"LZTB_baozhaguang000"},{"time":0.0333,"name":"LZTB_baozhaguang001"},{"time":0.0667,"name":"LZTB_baozhaguang002"},{"time":0.1,"name":"LZTB_baozhaguang003"},{"time":0.1333,"name":"LZTB_baozhaguang004"},{"time":0.1667,"name":"LZTB_baozhaguang005"},{"time":0.2,"name":"LZTB_baozhaguang006"},{"time":0.2333,"name":"LZTB_baozhaguang007"},{"time":0.2667,"name":"LZTB_baozhaguang008"},{"time":0.3,"name":"LZTB_baozhaguang009"},{"time":0.3333,"name":"LZTB_baozhaguang010"},{"time":0.3667,"name":"LZTB_baozhaguang011"},{"time":0.4,"name":"LZTB_baozhaguang012"},{"time":0.4333,"name":"LZTB_baozhaguang013"},{"time":0.4667,"name":"LZTB_baozhaguang014"},{"time":0.5,"name":"LZTB_baozhaguang015"},{"time":0.5333,"name":"LZTB_baozhaguang016"},{"time":0.5667,"name":"LZTB_baozhaguang017"},{"time":0.6,"name":"LZTB_baozhaguang018"}]}},"bones":{"root":{"translate":[{"time":0.2333,"x":0,"y":0.19}]}}}}},[0,1,2]]],0,0,[0,0,0],[-1,-2,-3],[9,10,11]],[[[3,"skeleton","\r\nskeleton.png\r\nsize: 512,256\r\nformat: RGBA8888\r\nfilter: Linear,Linear\r\nrepeat: none\r\nicon_lztb_tubiao_jp\r\n  rotate: true\r\n  xy: 228, 12\r\n  size: 165, 135\r\n  orig: 165, 135\r\n  offset: 0, 0\r\n  index: -1\r\nicon_lztb_tubiao_jp_1\r\n  rotate: false\r\n  xy: 2, 2\r\n  size: 224, 175\r\n  orig: 224, 175\r\n  offset: 0, 0\r\n  index: -1\r\n",["skeleton.png"],{"skeleton":{"hash":"tWoZ7f9R2iWAZn6ZVn3Cl9thGPc","spine":"3.8.99","x":-112,"y":-87,"width":224,"height":175,"images":"E:/新版UI/追龙/动画源文件/jp/素材","audio":""},"bones":[{"name":"root"},{"name":"骨骼","parent":"root"}],"slots":[{"name":"123","bone":"root","attachment":"icon_lztb_tubiao_jp"},{"name":"icon_lztb_tubiao_jp_1","bone":"骨骼","attachment":"icon_lztb_tubiao_jp_1"}],"skins":[{"name":"default","attachments":{"123":{"icon_lztb_tubiao_jp":{"x":0.5,"y":0.5,"width":165,"height":135}},"icon_lztb_tubiao_jp_1":{"icon_lztb_tubiao_jp_1":{"y":0.5,"width":224,"height":175}}}}],"animations":{"animation":{"slots":{"icon_lztb_tubiao_jp_1":{"color":[{"color":"ffffff00"},{"time":0.5,"color":"ffffffff"},{"time":1,"color":"ffffff00"}]}},"bones":{"root":{"scale":[{},{"time":0.5,"x":1.303,"y":1.303},{"time":1}]}}}}},[0]]],0,0,[0],[-1],[12]]]]
