[1,["35gTSSKGlCPIZw5aufChcD@6c48a"],["_textureSource"],["cc.SpriteFrame"],0,[{"name":"large","rect":{"x":0,"y":0,"width":154,"height":79},"offset":{"x":0,"y":0},"originalSize":{"width":154,"height":79},"rotated":false,"capInsets":[0,0,0,0],"vertices":{"rawPosition":[-77,-39.5,0,77,-39.5,0,-77,39.5,0,77,39.5,0],"indexes":[0,1,2,2,1,3],"uv":[0,79,154,79,0,0,154,0],"nuv":[0,0,1,0,0,1,1,1],"minPos":{"x":-77,"y":-39.5,"z":0},"maxPos":{"x":77,"y":39.5,"z":0}},"packable":true,"pixelsToUnit":100,"pivot":{"x":0.5,"y":0.5},"meshType":0}],[0],0,[0],[0],[0]]
