[1,["54INiBEWBMmr8qGlRk6PX1@6c48a"],["_textureSource"],["cc.SpriteFrame"],0,[{"name":"zi_hu_setting","rect":{"x":0,"y":0,"width":238,"height":44},"offset":{"x":0,"y":0},"originalSize":{"width":238,"height":44},"rotated":false,"capInsets":[0,0,0,0],"vertices":{"rawPosition":[-119,-22,0,119,-22,0,-119,22,0,119,22,0],"indexes":[0,1,2,2,1,3],"uv":[0,44,238,44,0,0,238,0],"nuv":[0,0,1,0,0,1,1,1],"minPos":{"x":-119,"y":-22,"z":0},"maxPos":{"x":119,"y":22,"z":0}},"packable":true,"pixelsToUnit":100,"pivot":{"x":0.5,"y":0.5},"meshType":0}],[0],0,[0],[0],[0]]
