[1,["87X67NJCBLKZqJyHV1G/vR@6c48a"],["_textureSource"],["cc.SpriteFrame"],0,[{"name":"common_payline_tips3_9","rect":{"x":19,"y":11,"width":348,"height":291},"offset":{"x":-7,"y":3.5},"originalSize":{"width":400,"height":320},"rotated":false,"capInsets":[0,0,0,0],"vertices":{"rawPosition":[-174,-145.5,0,174,-145.5,0,-174,145.5,0,174,145.5,0],"indexes":[0,1,2,2,1,3],"uv":[19,309,367,309,19,18,367,18],"nuv":[0.0475,0.05625,0.9175,0.05625,0.0475,0.965625,0.9175,0.965625],"minPos":{"x":-174,"y":-145.5,"z":0},"maxPos":{"x":174,"y":145.5,"z":0}},"packable":true,"pixelsToUnit":100,"pivot":{"x":0.5,"y":0.5},"meshType":0}],[0],0,[0],[0],[0]]
