[1,["87nElxAORDsog+n4nFzOKn@6c48a"],["_textureSource"],["cc.SpriteFrame"],0,[{"name":"sea_icon_treasurebox1_09","rect":{"x":143,"y":197,"width":280,"height":175},"offset":{"x":27,"y":-28.5},"originalSize":{"width":512,"height":512},"rotated":false,"capInsets":[0,0,0,0],"vertices":{"rawPosition":[-140,-87.5,0,140,-87.5,0,-140,87.5,0,140,87.5,0],"indexes":[0,1,2,2,1,3],"uv":[143,315,423,315,143,140,423,140],"nuv":[0.279296875,0.2734375,0.826171875,0.2734375,0.279296875,0.615234375,0.826171875,0.615234375],"minPos":{"x":-140,"y":-87.5,"z":0},"maxPos":{"x":140,"y":87.5,"z":0}},"packable":true,"pixelsToUnit":100,"pivot":{"x":0.5,"y":0.5},"meshType":0}],[0],0,[0],[0],[0]]
