[1,["873aPfQxhE97QHw+Y7OUrP@6c48a"],["_textureSource"],["cc.SpriteFrame"],0,[{"name":"ocean_bg_jk1","rect":{"x":0,"y":3,"width":923,"height":104},"offset":{"x":-0.5,"y":0},"originalSize":{"width":924,"height":110},"rotated":false,"capInsets":[0,0,0,0],"vertices":{"rawPosition":[-461.5,-52,0,461.5,-52,0,-461.5,52,0,461.5,52,0],"indexes":[0,1,2,2,1,3],"uv":[0,107,923,107,0,3,923,3],"nuv":[0,0.02727272727272727,0.9989177489177489,0.02727272727272727,0,0.9727272727272728,0.9989177489177489,0.9727272727272728],"minPos":{"x":-461.5,"y":-52,"z":0},"maxPos":{"x":461.5,"y":52,"z":0}},"packable":true,"pixelsToUnit":100,"pivot":{"x":0.5,"y":0.5},"meshType":0}],[0],0,[0],[0],[0]]
