[1,["f7dikj229DrIlbiywsIvjH@f9941","f7dikj229DrIlbiywsIvjH@6c48a"],["spriteFrame","_textureSource"],["cc.SpriteFrame",["cc.BitmapFont",["_name","fontSize","fntConfig"],0]],[[1,0,1,2,4]],[[[[0,"font_add_free_num",20,{"commonHeight":19,"fontSize":20,"atlasName":"font_add_free_num_0.png","fontDefDictionary":{"32":{"xOffset":-1,"yOffset":18,"xAdvance":5,"rect":{"x":214,"y":103,"width":3,"height":1}},"43":{"xOffset":0,"yOffset":5,"xAdvance":44,"rect":{"x":169,"y":64,"width":44,"height":44}},"44":{"xOffset":0,"yOffset":34,"xAdvance":21,"rect":{"x":214,"y":64,"width":21,"height":29}},"46":{"xOffset":0,"yOffset":34,"xAdvance":20,"rect":{"x":236,"y":64,"width":20,"height":20}},"48":{"xOffset":0,"yOffset":0,"xAdvance":46,"rect":{"x":48,"y":0,"width":46,"height":54}},"49":{"xOffset":0,"yOffset":0,"xAdvance":32,"rect":{"x":45,"y":65,"width":32,"height":54}},"50":{"xOffset":0,"yOffset":0,"xAdvance":45,"rect":{"x":236,"y":0,"width":45,"height":54}},"51":{"xOffset":0,"yOffset":0,"xAdvance":44,"rect":{"x":0,"y":65,"width":44,"height":54}},"52":{"xOffset":0,"yOffset":0,"xAdvance":47,"rect":{"x":0,"y":0,"width":47,"height":55}},"53":{"xOffset":0,"yOffset":0,"xAdvance":44,"rect":{"x":124,"y":64,"width":44,"height":53}},"54":{"xOffset":0,"yOffset":0,"xAdvance":46,"rect":{"x":95,"y":0,"width":46,"height":54}},"55":{"xOffset":0,"yOffset":0,"xAdvance":45,"rect":{"x":78,"y":64,"width":45,"height":53}},"56":{"xOffset":0,"yOffset":0,"xAdvance":46,"rect":{"x":142,"y":0,"width":46,"height":54}},"57":{"xOffset":0,"yOffset":0,"xAdvance":46,"rect":{"x":189,"y":0,"width":46,"height":54}}},"kerningDict":{}}]],0,0,[0],[0],[0]],[[{"name":"font_add_free_num_0","rect":{"x":0,"y":0,"width":281,"height":119},"offset":{"x":-9.5,"y":40.5},"originalSize":{"width":300,"height":200},"rotated":false,"capInsets":[0,0,0,0],"vertices":{"rawPosition":[-140.5,-59.5,0,140.5,-59.5,0,-140.5,59.5,0,140.5,59.5,0],"indexes":[0,1,2,2,1,3],"uv":[0,200,281,200,0,81,281,81],"nuv":[0,0.405,0.9366666666666666,0.405,0,1,0.9366666666666666,1],"minPos":{"x":-140.5,"y":-59.5,"z":0},"maxPos":{"x":140.5,"y":59.5,"z":0}},"packable":true,"pixelsToUnit":100,"pivot":{"x":0.5,"y":0.5},"meshType":0}],[0],0,[0],[1],[1]]]]
