[1,["d4sOqLzHZIYLBHm31yB5H2@f9941","09wvXyMXtDMqhytGQ6KOgX@f9941","f3swMMV9JMnId3DahDL3t9@f9941","09wvXyMXtDMqhytGQ6KOgX@6c48a","89pjFZXx1As4/JegLd3OSJ@f9941","d8/ZwuztVE5ZUcXPY4SspJ@f9941","8dYGNba/FHcbi6RfEFwaPv@f9941","89pjFZXx1As4/JegLd3OSJ@6c48a","8dYGNba/FHcbi6RfEFwaPv@6c48a","d4sOqLzHZIYLBHm31yB5H2@6c48a","d8/ZwuztVE5ZUcXPY4SspJ@6c48a","f3swMMV9JMnId3DahDL3t9@6c48a"],["node","_textureSource","_spriteFrame","_normalSprite","root","ndBtn","ndGroup","target","_checkMark","_target","data"],["cc.SpriteFrame",["cc.Node",["_name","_layer","_components","_prefab","_parent","_children","_lpos"],1,9,4,1,2,5],["cc.UITransform",["node","__prefab","_contentSize","_anchorPoint"],3,1,4,5,5],["cc.Button",["_transition","_zoomScale","node","__prefab","clickEvents","_normalSprite"],1,1,4,9,6],["cc.Sprite",["node","__prefab","_spriteFrame"],3,1,4,6],["cc.Layout",["_resizeMode","_layoutType","_spacingX","_spacingY","_constraint","_constraintNum","node","__prefab"],-3,1,4],["cc.Prefab",["_name"],2],["cc.Node",["_name","_layer","_parent","_children","_components","_prefab"],1,1,2,12,4],["cc.CompPrefabInfo",["fileId"],2],["cc.Widget",["_alignFlags","_originalWidth","_originalHeight","node","__prefab"],0,1,4],["40296oSaExLoI2WJg0AQpEr",["node","__prefab","ndGroup","ndBtn"],3,1,4,1,1],["cc.ClickEvent",["_componentId","handler","target"],1,1],["cc.PrefabInfo",["fileId","instance","targetOverrides","nestedPrefabInstanceRoots","root","asset"],-1,1,1],["cc.Toggle",["node","__prefab","_normalColor","_target","_checkMark","_normalSprite"],3,1,4,5,1,1,6],["cc.BlockInputEvents",["node","__prefab"],3,1,4],["cc.ToggleContainer",["node","__prefab"],3,1,4],["cc.Label",["_string","_actualFontSize","_fontSize","_isBold","node","__prefab","_color"],-1,1,4,5]],[[8,0,2],[12,0,1,2,3,4,5,5],[2,0,1,2,1],[4,0,1,2,1],[1,0,1,4,2,3,6,3],[11,0,1,2,3],[1,0,1,4,5,2,3,6,3],[1,0,1,4,2,3,3],[3,0,1,2,3,4,5,3],[16,0,1,2,3,4,5,6,5],[6,0,2],[1,0,1,5,2,3,3],[1,0,1,4,5,2,3,3],[7,0,1,2,3,4,5,3],[2,0,1,2,3,1],[9,0,1,2,3,4,4],[10,0,1,2,3,1],[3,2,3,4,1],[4,0,1,1],[13,0,1,2,3,4,5,1],[14,0,1,1],[15,0,1,1],[5,0,1,2,3,4,5,6,7,7],[5,0,1,2,6,7,4]],[[[{"name":"btn_hu_backtogame","rect":{"x":0,"y":0,"width":252,"height":70},"offset":{"x":0,"y":0},"originalSize":{"width":252,"height":70},"rotated":false,"capInsets":[0,0,0,0],"vertices":{"rawPosition":[-126,-35,0,126,-35,0,-126,35,0,126,35,0],"indexes":[0,1,2,2,1,3],"uv":[0,70,252,70,0,0,252,0],"nuv":[0,0,1,0,0,1,1,1],"minPos":{"x":-126,"y":-35,"z":0},"maxPos":{"x":126,"y":35,"z":0}},"packable":true,"pixelsToUnit":100,"pivot":{"x":0.5,"y":0.5},"meshType":0}],[0],0,[0],[1],[3]],[[[10,"prefab_fortuneTiger_auto"],[11,"prefab_fortuneTiger_auto",33554432,[-9,-10],[[2,-2,[0,"38LdK6JFVPUZzGM4L/X0zP"],[5,750,1334]],[15,45,100,100,-3,[0,"8ekpF+/PFO/rR0xVskF2xU"]],[16,-6,[0,"55T+WtDzxEr6nwwDorv2WM"],-5,-4],[17,-8,[0,"08MeBN51ZFX74aQD5Izqhs"],[[5,"40296oSaExLoI2WJg0AQpEr","closePop",-7]]]],[1,"fc7GM0vz1B/4luIENdKoBQ",null,null,null,-1,0]],[6,"Toggle1",33554432,1,[-16,-17],[[2,-11,[0,"6cc+OBcdFLaolXVhiQq0Gd"],[5,138,74]],[3,-12,[0,"36eezSwHRF65BXP9ZUt4v3"],0],[19,-15,[0,"f2rH6/H91GXIaNq8PYAxmP"],[4,4292269782],-14,-13,1]],[1,"a0kzJX+/tJ0I0zFqr29VVi",null,null,null,1,0],[1,-62,0,0]],[12,"bg_hu_tanchuang_3",33554432,1,[-21,-22,-23],[[2,-18,[0,"80n9+xzBBKzojnDrcJRD41"],[5,673,579]],[3,-19,[0,"dd/bfEbQJCRJF40Wvlvddv"],7],[20,-20,[0,"08DJGTnlJAEb43tPwaRb+l"]]],[1,"cfTZb9FPNBA7aWzWFUPVAr",null,null,null,1,0]],[4,"ToggleGroup",33554432,3,[[14,-24,[0,"7fAlh8Ra5CwLmW4mbSrdof"],[5,514,0],[0,0.5,1]],[21,-25,[0,"13lLvZTu9M+YBV1q7KfNhe"]],[22,1,3,50,50,2,3,-26,[0,"436bAlqytNb6XLlh85nt84"]]],[1,"4esGfDiKlEJZwQB8ofeyVF",null,null,null,1,0],[1,0,107.281,0]],[6,"Node",33554432,3,[-29,-30],[[2,-27,[0,"7ftYYyH6BHCpCrRq3a2r97"],[5,600,100]],[23,1,1,100,-28,[0,"34hKlr9q5H7It2eQ/l1Fdt"]]],[1,"57VkTfvW9KCpc9osWVHP0e",null,null,null,1,0],[1,0,-287.296,0]],[13,"Checkmark",33554432,2,[-33],[[[2,-31,[0,"34hEmwGZVP/4BUHS1kSrMU"],[5,138,74]],-32],4,1],[1,"b4s0NNoq1ELIMCInKeQUhH",null,null,null,1,0]],[4,"btn_hu_backtogame",33554432,5,[[2,-34,[0,"eaPIGyz0BKsYVn6PFbYIbN"],[5,252,70]],[3,-35,[0,"ad3Jo09klMW7RIVd5XuWTp"],3],[8,3,0.9,-36,[0,"ddw+qIhdlIkriLHB75S4l+"],[[5,"40296oSaExLoI2WJg0AQpEr","closePop",1]],4]],[1,"a0pWdRjh1PzreHlUQ793tP",null,null,null,1,0],[1,-174,0,0]],[4,"btn_hu_CONFIRM",33554432,5,[[2,-37,[0,"d9xylzOhdGg6NUBZOC0GEH"],[5,248,66]],[3,-38,[0,"a3mxfUiWlC36SlnER7O5t3"],5],[8,3,0.9,-39,[0,"b6Ov2jJwBJcJB7OAWn5pTn"],[[5,"40296oSaExLoI2WJg0AQpEr","onTouch",1]],6]],[1,"37aEcxAWRO5qXkRsiwZrw0",null,null,null,1,0],[1,176,0,0]],[7,"num1",33554432,2,[[2,-40,[0,"7dw+wNhlxNyrwnm2PRIIgz"],[5,31.14,50.4]],[9,"10",28,28,true,-41,[0,"18s+6jopRIOq8gch7l0RzT"],[4,4279550207]]],[1,"fbeZjC+Y9KnKx+/t3dj2H1",null,null,null,1,0]],[7,"num2",33554432,6,[[2,-42,[0,"02JnAo9JJK2p6vjQX5RlWC"],[5,31.14,50.4]],[9,"10",28,28,true,-43,[0,"9e49CQzPRA0YdwObd1VjbN"],[4,4278396756]]],[1,"f5aYlLTupC2ILIl07ojhDy",null,null,null,1,0]],[4,"zi_hu_aotospin",33554432,3,[[2,-44,[0,"baEjy/smpPjJMVTTWZvo2k"],[5,550,44]],[3,-45,[0,"dfdWQCiV9D05GWnYhukSl6"],2]],[1,"1b2HsvymVPZZH2UIczqfrb",null,null,null,1,0],[1,0,242.534,0]],[18,6,[0,"92NS+rJ7RFepXv5N3P+WmV"]]],0,[0,4,1,0,0,1,0,0,1,0,5,2,0,6,4,0,0,1,0,7,1,0,0,1,0,-1,2,0,-2,3,0,0,2,0,0,2,0,8,12,0,9,2,0,0,2,0,-1,9,0,-2,6,0,0,3,0,0,3,0,0,3,0,-1,11,0,-2,4,0,-3,5,0,0,4,0,0,4,0,0,4,0,0,5,0,0,5,0,-1,7,0,-2,8,0,0,6,0,-2,12,0,-1,10,0,0,7,0,0,7,0,0,7,0,0,8,0,0,8,0,0,8,0,0,9,0,0,9,0,0,10,0,0,10,0,0,11,0,0,11,0,10,1,45],[0,0,0,0,0,0,0,0,12],[2,3,2,2,3,2,3,2,2],[0,0,4,1,1,2,2,5,6]],[[{"name":"zi_hu_aotospin","rect":{"x":0,"y":0,"width":550,"height":44},"offset":{"x":0,"y":0},"originalSize":{"width":550,"height":44},"rotated":false,"capInsets":[0,0,0,0],"vertices":{"rawPosition":[-275,-22,0,275,-22,0,-275,22,0,275,22,0],"indexes":[0,1,2,2,1,3],"uv":[0,44,550,44,0,0,550,0],"nuv":[0,0,1,0,0,1,1,1],"minPos":{"x":-275,"y":-22,"z":0},"maxPos":{"x":275,"y":22,"z":0}},"packable":true,"pixelsToUnit":100,"pivot":{"x":0.5,"y":0.5},"meshType":0}],[0],0,[0],[1],[7]],[[{"name":"btn_hu_zidongxuanzhong_1","rect":{"x":0,"y":0,"width":138,"height":74},"offset":{"x":0,"y":0},"originalSize":{"width":138,"height":74},"rotated":false,"capInsets":[0,0,0,0],"vertices":{"rawPosition":[-69,-37,0,69,-37,0,-69,37,0,69,37,0],"indexes":[0,1,2,2,1,3],"uv":[0,74,138,74,0,0,138,0],"nuv":[0,0,1,0,0,1,1,1],"minPos":{"x":-69,"y":-37,"z":0},"maxPos":{"x":69,"y":37,"z":0}},"packable":true,"pixelsToUnit":100,"pivot":{"x":0.5,"y":0.5},"meshType":0}],[0],0,[0],[1],[8]],[[{"name":"btn_hu_zidongxuanzhong_0","rect":{"x":0,"y":0,"width":138,"height":74},"offset":{"x":0,"y":0},"originalSize":{"width":138,"height":74},"rotated":false,"capInsets":[0,0,0,0],"vertices":{"rawPosition":[-69,-37,0,69,-37,0,-69,37,0,69,37,0],"indexes":[0,1,2,2,1,3],"uv":[0,74,138,74,0,0,138,0],"nuv":[0,0,1,0,0,1,1,1],"minPos":{"x":-69,"y":-37,"z":0},"maxPos":{"x":69,"y":37,"z":0}},"packable":true,"pixelsToUnit":100,"pivot":{"x":0.5,"y":0.5},"meshType":0}],[0],0,[0],[1],[9]],[[{"name":"bg_hu_tanchuang_3","rect":{"x":0,"y":0,"width":673,"height":579},"offset":{"x":0,"y":0},"originalSize":{"width":673,"height":579},"rotated":false,"capInsets":[0,0,0,0],"vertices":{"rawPosition":[-336.5,-289.5,0,336.5,-289.5,0,-336.5,289.5,0,336.5,289.5,0],"indexes":[0,1,2,2,1,3],"uv":[0,579,673,579,0,0,673,0],"nuv":[0,0,1,0,0,1,1,1],"minPos":{"x":-336.5,"y":-289.5,"z":0},"maxPos":{"x":336.5,"y":289.5,"z":0}},"packable":true,"pixelsToUnit":100,"pivot":{"x":0.5,"y":0.5},"meshType":0}],[0],0,[0],[1],[10]],[[{"name":"btn_hu_CONFIRM","rect":{"x":0,"y":0,"width":248,"height":66},"offset":{"x":0,"y":0},"originalSize":{"width":248,"height":66},"rotated":false,"capInsets":[0,0,0,0],"vertices":{"rawPosition":[-124,-33,0,124,-33,0,-124,33,0,124,33,0],"indexes":[0,1,2,2,1,3],"uv":[0,66,248,66,0,0,248,0],"nuv":[0,0,1,0,0,1,1,1],"minPos":{"x":-124,"y":-33,"z":0},"maxPos":{"x":124,"y":33,"z":0}},"packable":true,"pixelsToUnit":100,"pivot":{"x":0.5,"y":0.5},"meshType":0}],[0],0,[0],[1],[11]]]]
