[1,["1a581cd80@6c48a"],["_textureSource"],["cc.SpriteFrame","cc.SpriteAtlas"],0,[[[{"name":"icon_longhu_zhongjiang_new","rect":{"x":915,"y":29,"width":44,"height":20},"offset":{"x":0,"y":0},"originalSize":{"width":44,"height":20},"rotated":true,"capInsets":[0,0,0,0],"packable":true,"pixelsToUnit":100,"pivot":{"x":0.5,"y":0.5},"meshType":0}],[0],0,[0],[0],[0]],[[{"name":"btn_ulang_6","rect":{"x":915,"y":89,"width":170,"height":106},"offset":{"x":0,"y":0},"originalSize":{"width":170,"height":106},"rotated":true,"capInsets":[0,0,0,0],"packable":true,"pixelsToUnit":100,"pivot":{"x":0.5,"y":0.5},"meshType":0}],[0],0,[0],[0],[0]],[[{"name":"img_dragonTiger_myGold","rect":{"x":3,"y":981,"width":167,"height":33},"offset":{"x":1,"y":0},"originalSize":{"width":169,"height":37},"rotated":false,"capInsets":[0,0,0,0],"packable":true,"pixelsToUnit":100,"pivot":{"x":0.5,"y":0.5},"meshType":0}],[0],0,[0],[0],[0]],[[{"name":"icon_longhu_suo","rect":{"x":466,"y":976,"width":43,"height":47},"offset":{"x":0,"y":0},"originalSize":{"width":43,"height":47},"rotated":true,"capInsets":[0,0,0,0],"packable":true,"pixelsToUnit":100,"pivot":{"x":0.5,"y":0.5},"meshType":0}],[0],0,[0],[0],[0]],[[{"name":"pai_longhu_xiao_heng_1","rect":{"x":176,"y":976,"width":63,"height":45},"offset":{"x":0,"y":0},"originalSize":{"width":63,"height":45},"rotated":false,"capInsets":[0,0,0,0],"packable":true,"pixelsToUnit":100,"pivot":{"x":0.5,"y":0.5},"meshType":0}],[0],0,[0],[0],[0]],[[{"name":"pai_longhu_xiao_shu_1","rect":{"x":519,"y":976,"width":42,"height":63},"offset":{"x":0,"y":0},"originalSize":{"width":42,"height":63},"rotated":true,"capInsets":[0,0,0,0],"packable":true,"pixelsToUnit":100,"pivot":{"x":0.5,"y":0.5},"meshType":0}],[0],0,[0],[0],[0]],[[{"name":"word_lose","rect":{"x":905,"y":374,"width":593,"height":111},"offset":{"x":0,"y":0},"originalSize":{"width":593,"height":111},"rotated":true,"capInsets":[0,0,0,0],"packable":true,"pixelsToUnit":100,"pivot":{"x":0.5,"y":0.5},"meshType":0}],[0],0,[0],[0],[0]],[[{"name":"word_win","rect":{"x":787,"y":397,"width":593,"height":111},"offset":{"x":0,"y":0},"originalSize":{"width":593,"height":111},"rotated":true,"capInsets":[0,0,0,0],"packable":true,"pixelsToUnit":100,"pivot":{"x":0.5,"y":0.5},"meshType":0}],[0],0,[0],[0],[0]],[[{"name":"img_history_dragon","rect":{"x":245,"y":976,"width":45,"height":45},"offset":{"x":0,"y":0},"originalSize":{"width":45,"height":45},"rotated":false,"capInsets":[0,0,0,0],"packable":true,"pixelsToUnit":100,"pivot":{"x":0.5,"y":0.5},"meshType":0}],[0],0,[0],[0],[0]],[[{"name":"bg_touxiangbox_me","rect":{"x":941,"y":3,"width":80,"height":80},"offset":{"x":0,"y":0},"originalSize":{"width":80,"height":80},"rotated":false,"capInsets":[0,0,0,0],"packable":true,"pixelsToUnit":100,"pivot":{"x":0.5,"y":0.5},"meshType":0}],[0],0,[0],[0],[0]],[[{"name":"transparent","rect":{"x":915,"y":79,"width":1,"height":1},"offset":{"x":0.5,"y":-0.5},"originalSize":{"width":2,"height":2},"rotated":false,"capInsets":[0,0,0,0],"packable":true,"pixelsToUnit":100,"pivot":{"x":0.5,"y":0.5},"meshType":0}],[0],0,[0],[0],[0]],[[{"name":"img_dragonTiger_myBet","rect":{"x":588,"y":996,"width":111,"height":21},"offset":{"x":0,"y":0},"originalSize":{"width":111,"height":21},"rotated":false,"capInsets":[0,0,0,0],"packable":true,"pixelsToUnit":100,"pivot":{"x":0.5,"y":0.5},"meshType":0}],[0],0,[0],[0],[0]],[[{"name":"pai_longhu_xiao_shu_2","rect":{"x":397,"y":976,"width":43,"height":63},"offset":{"x":0,"y":0},"originalSize":{"width":43,"height":63},"rotated":true,"capInsets":[0,0,0,0],"packable":true,"pixelsToUnit":100,"pivot":{"x":0.5,"y":0.5},"meshType":0}],[0],0,[0],[0],[0]],[[{"name":"icon_longhu_xiazhu_xingxing","rect":{"x":705,"y":976,"width":33,"height":33},"offset":{"x":0,"y":0},"originalSize":{"width":33,"height":33},"rotated":false,"capInsets":[0,0,0,0],"packable":true,"pixelsToUnit":100,"pivot":{"x":0.5,"y":0.5},"meshType":0}],[0],0,[0],[0],[0]],[[{"name":"guangquan_ying","rect":{"x":88,"y":265,"width":705,"height":693},"offset":{"x":0,"y":0},"originalSize":{"width":705,"height":693},"rotated":true,"capInsets":[0,0,0,0],"packable":true,"pixelsToUnit":100,"pivot":{"x":0.5,"y":0.5},"meshType":0}],[0],0,[0],[0],[0]],[[{"name":"img_history_girds","rect":{"x":3,"y":29,"width":906,"height":218},"offset":{"x":0,"y":0},"originalSize":{"width":906,"height":218},"rotated":false,"capInsets":[0,0,0,0],"packable":true,"pixelsToUnit":100,"pivot":{"x":0.5,"y":0.5},"meshType":0}],[0],0,[0],[0],[0]],[[{"name":"auto_dragonTiger","spriteFrames":["img_history_line","fbU7MOUZBNIp5wiA4B4SZA@f9941","bg_touxiangbox_me","5fDBl0wuZGlKxW5TgQgFJh@f9941","img_history_girds","92QxCf10JJwKZcF/m2sinf@f9941","btn_ulang_6","1bAW0zFPRG8IA6mocyPzcu@f9941","icon_longhu_zhongjiang_new","00dek1F0FJnK7ZOXQPQ6VT@f9941","transparent","5ffA2y/EpCSKVUPKRUbxL4@f9941","word_remind2","bdyjJW0dlEt731IjGKsl8C@f9941","img_dragonTiger_myGold","25KdJRxv9MKaVCNdBlfTG/@f9941","guangquan_ying","819N4IDmtIOpMtMd9yKPru@f9941","pai_longhu_xiao_heng_1","2fm8eqrvdHJoVNwXnwOUUN@f9941","img_history_dragon","4b5HIiPrhOar2lfAvF6Se2@f9941","img_history_seri","9f8reFPkFLTIJntFARC9MH@f9941","img_history_tiger","c3fcrW2DlLd4lOyJmTtPbI@f9941","pai_longhu_xiao_shu_2","6eKgsnk+RIaJUWKxoayQN8@f9941","icon_longhu_suo","275dAXw+5CYpFnMB4l88OJ@f9941","pai_longhu_xiao_shu_1","30t5dA2zVIUqf2gCF4zr1j@f9941","vs1","cbAxCCLsJPvq8o5I1OIgtf@f9941","bg_touxiangbox_1","deUdfdgVFFFoqjWvXe7CQu@f9941","word_lose","40phpg4y9CI7bRzQO2omZu@f9941","word_win","43U9qOCl1GSLTK1cBXeQOD@f9941","pai_longhu_xiao_heng_2","b5qVwmkEZJnq+euGQZ2yNf@f9941","img_dragonTiger_myBet","6bNN7P/W5A5aaLQSB2zqB2@f9941","icon_longhu_xiazhu_xingxing","81xOdHUZZFDrIYICwZXNyu@f9941","btn_user_addGold","fcVrqB50pEyqcs5XhU6ltZ@f9941","img_set_bg","20aTZQaI1Af50oe6J5UN7i@f9941","bg_remind_box","e0NN7VUhRLgon4yOtsWCiV@f9941","btn_longhu_topup","1cLPdHte1Mu6hXY+be8QLJ@f9941","word_remind","f9fawMd5FH/bUODrpyyZSU@f9941","img_player_loseBg","81BDDtkMBBFoj9Iz71hfhS@f9941","img_dragonTiger_seri","38K4gRKGRK7rJrnTvf9iq2@f9941","img_player_winBg","c7FIN6tzVPkqmxafhUDltx@f9941","word_vip","51lpjY6ABGF4ujegMS+J9k@f9941","right","25TqvMaJdA6LhoPUJwmFbb@f9941","left","f6wrXPZ4tCMZkDzosYd8/K@f9941","img_set_on","3bVRVYKSFEEorHVj88J9el@f9941","img_set_off","74yNF6KPlHboPaFO16AhVQ@f9941","img_chips_frontBg","cbr2BnH2hMXaxC+XHvGbDf@f9941","img_dragonTiger_dragon","ccCZTmD9ZChIc/xY9bs6Qt@f9941","img_dragonTiger_tiger","c8hv/9lm9Nk5lWM2NSCVLx@f9941","word_battle","f2JvQeNltPeY3tWsBAD1Cd@f9941","img_history_barBg","efX4twhj5IiJ1HXx7ohQ4C@f9941","icon_longhu_jiesuan_huangguan_ying","c1wSOlcABGdYgGLAQ06Yl3@f9941","icon_dt_loading_0","27Peh0hEJKgrkwW3zFZtuz@f9941","icon_dt_loading_1","22+Yua+TdIN6JwiF7mxoRC@f9941","img_win_title","c2lHohbodFfaHZdyS28cEo@f9941","bg_xiazhutishi","cbhkUZBr5JWIoYxyxze43G@f9941","img_lose_title","c5g44UOhRAYZbIolE3KMYb@f9941","btn_common_close","acUvCA1n9BdbsYzQwVgXBJ@f9941","img_history_yellow","9eEDiy4ydJnYFS2YhWmmZ0@f9941","pai_longhu_xiao_shu_3","7ednyWmwFBT7onDpszL/e7@f9941","btn_ulang_10","29XtYUnNJAB61Y1g9OL3Cp@f9941","pai_longhu_xiao_heng_3","a9IFNLIttHeaAO2bmAt42l@f9941","word_gold","e6sNDVqJ9IfI0tg0e7yix+@f9941","btn_ulang_8","34D0TBiXpACL7YszJ3wXma@f9941","btn_ulang_2","3bjtWSz0pDYKX/CSKXHgDx@f9941","btn_ulang_1","4cPlBO6N5Az5ndsYAYXEfT@f9941","btn_ulang_9","6cIXBvhGRI07xszj07wWFX@f9941","btn_ulang_11","71h/A7ABtOcrky3BpFfwB1@f9941","btn_ulang_7","9fXJmp72lKSbAse9DhdZ07@f9941","img_history_blue","88N1sSYkhIZJs9ZF9J5nCK@f9941","img_user_bg","d7b3l40QtDWLQeaQwm3oCG@f9941","btn_dragonTiger_history","edzlqJa8VJqqBa3vezH8od@f9941","img_chips_bg","c4UfPeYAhDdIRDYZ6Y+cTg@f9941","btn_ulang_3","a30Dq01dpD4Ibemc6Z09Sg@f9941","btn_ulang_4","d6zdCrJRhIlIscbpLxNONC@f9941","btn_ulang_12","f8L5eZBL1A4Ljq65UDiNJS@f9941","btn_ulang_5","fc2Yzx1ARFpYco14SGUK+3@f9941","bg_touxiangbox_2","64xZexaEpPRZGg3Kx4si4V@f9941","head1","d1lLbd8gxLSomr+nJdwVmS@f9941","zi_Saldo","f0tPTfhM5Ip4zCFt6jzPwJ@f9941","img_dragonTiger_online","13n9KolBdFtoG7Pp2Qhd27@f9941","btn_title_set","9fINFxrCFED6ZJjjrLA4XU@f9941","zi_viptishi","0a3P3ZCeFGmqR3DsUwU1cn@f9941","bg_touxiangdi","efgCOQCX9Fh5mcPMWrcH/4@f9941","bg_touxiangbox_qita","d3s4La8+1F0JQ4LKdiOUR2@f9941","btn_title_menu","1967Ke1hVGy5XY990ZbPFs@f9941","btn_title_return","fdUwDvM1VP8YVEvTVC5EB5@f9941","btn_off","8d5S46Au9C7oRikF1AAK8E@f9941","btn_title_help","b5nSnnfNpNLLJxppFMqyRn@f9941"]}],[1],0,[],[],[]],[[{"name":"img_history_seri","rect":{"x":296,"y":976,"width":45,"height":45},"offset":{"x":0,"y":0},"originalSize":{"width":45,"height":45},"rotated":false,"capInsets":[0,0,0,0],"packable":true,"pixelsToUnit":100,"pivot":{"x":0.5,"y":0.5},"meshType":0}],[0],0,[0],[0],[0]],[[{"name":"pai_longhu_xiao_heng_2","rect":{"x":904,"y":973,"width":63,"height":47},"offset":{"x":0,"y":0},"originalSize":{"width":63,"height":47},"rotated":false,"capInsets":[0,0,0,0],"packable":true,"pixelsToUnit":100,"pivot":{"x":0.5,"y":0.5},"meshType":0}],[0],0,[0],[0],[0]],[[{"name":"word_remind2","rect":{"x":3,"y":265,"width":710,"height":79},"offset":{"x":0,"y":0},"originalSize":{"width":710,"height":79},"rotated":true,"capInsets":[0,0,0,0],"packable":true,"pixelsToUnit":100,"pivot":{"x":0.5,"y":0.5},"meshType":0}],[0],0,[0],[0],[0]],[[{"name":"img_history_tiger","rect":{"x":347,"y":976,"width":45,"height":44},"offset":{"x":0,"y":0},"originalSize":{"width":45,"height":44},"rotated":true,"capInsets":[0,0,0,0],"packable":true,"pixelsToUnit":100,"pivot":{"x":0.5,"y":0.5},"meshType":0}],[0],0,[0],[0],[0]],[[{"name":"vs1","rect":{"x":787,"y":253,"width":112,"height":138},"offset":{"x":0,"y":0},"originalSize":{"width":112,"height":138},"rotated":false,"capInsets":[0,0,0,0],"packable":true,"pixelsToUnit":100,"pivot":{"x":0.5,"y":0.5},"meshType":0}],[0],0,[0],[0],[0]],[[{"name":"bg_touxiangbox_1","rect":{"x":905,"y":265,"width":103,"height":112},"offset":{"x":0,"y":0},"originalSize":{"width":103,"height":112},"rotated":true,"capInsets":[0,0,0,0],"packable":true,"pixelsToUnit":100,"pivot":{"x":0.5,"y":0.5},"meshType":0}],[0],0,[0],[0],[0]],[[{"name":"img_history_line","rect":{"x":3,"y":3,"width":932,"height":20},"offset":{"x":0,"y":0},"originalSize":{"width":932,"height":20},"rotated":false,"capInsets":[0,0,0,0],"packable":true,"pixelsToUnit":100,"pivot":{"x":0.5,"y":0.5},"meshType":0}],[0],0,[0],[0],[0]],[[{"name":"btn_user_addGold","rect":{"x":744,"y":976,"width":27,"height":26},"offset":{"x":1,"y":1},"originalSize":{"width":29,"height":28},"rotated":false,"capInsets":[0,0,0,0],"packable":true,"pixelsToUnit":100,"pivot":{"x":0.5,"y":0.5},"meshType":0}],[0],0,[0],[0],[0]]]]
