[1,["bbXpd0RPFJYoqV2cBWYPMW@6c48a"],["_textureSource"],["cc.SpriteFrame"],0,[{"name":"sea_icon_treasurebox_14","rect":{"x":8,"y":163,"width":438,"height":349},"offset":{"x":-29,"y":-81.5},"originalSize":{"width":512,"height":512},"rotated":false,"capInsets":[0,0,0,0],"vertices":{"rawPosition":[-219,-174.5,0,219,-174.5,0,-219,174.5,0,219,174.5,0],"indexes":[0,1,2,2,1,3],"uv":[8,349,446,349,8,0,446,0],"nuv":[0.015625,0,0.87109375,0,0.015625,0.681640625,0.87109375,0.681640625],"minPos":{"x":-219,"y":-174.5,"z":0},"maxPos":{"x":219,"y":174.5,"z":0}},"packable":true,"pixelsToUnit":100,"pivot":{"x":0.5,"y":0.5},"meshType":0}],[0],0,[0],[0],[0]]
