[1,["534h9CxNJLF6UafctDzP9Z@6c48a"],["_textureSource"],["cc.SpriteFrame"],0,[{"name":"bg_hj_zhunbei_box@2x","rect":{"x":0,"y":0,"width":340,"height":40},"offset":{"x":0,"y":0},"originalSize":{"width":340,"height":40},"rotated":false,"capInsets":[0,0,0,0],"vertices":{"rawPosition":[-170,-20,0,170,-20,0,-170,20,0,170,20,0],"indexes":[0,1,2,2,1,3],"uv":[0,40,340,40,0,0,340,0],"nuv":[0,0,1,0,0,1,1,1],"minPos":{"x":-170,"y":-20,"z":0},"maxPos":{"x":170,"y":20,"z":0}},"packable":true,"pixelsToUnit":100,"pivot":{"x":0.5,"y":0.5},"meshType":0}],[0],0,[0],[0],[0]]
