[1,["fdp0Vvx51BwrrfZyB6FoTi@6c48a"],["_textureSource"],["cc.SpriteFrame"],0,[{"name":"8","rect":{"x":0,"y":0,"width":46,"height":66},"offset":{"x":0,"y":0},"originalSize":{"width":46,"height":66},"rotated":false,"capInsets":[0,0,0,0],"vertices":{"rawPosition":[-23,-33,0,23,-33,0,-23,33,0,23,33,0],"indexes":[0,1,2,2,1,3],"uv":[0,66,46,66,0,0,46,0],"nuv":[0,0,1,0,0,1,1,1],"minPos":{"x":-23,"y":-33,"z":0},"maxPos":{"x":23,"y":33,"z":0}},"packable":true,"pixelsToUnit":100,"pivot":{"x":0.5,"y":0.5},"meshType":0}],[0],0,[0],[0],[0]]
