[1,["fd03x3AzhJppLxUK926nn4@6c48a"],["_textureSource"],["cc.SpriteFrame"],0,[{"name":"common_icon_10","rect":{"x":0,"y":0,"width":169,"height":139},"offset":{"x":0,"y":0},"originalSize":{"width":169,"height":139},"rotated":false,"capInsets":[0,0,0,0],"vertices":{"rawPosition":[-84.5,-69.5,0,84.5,-69.5,0,-84.5,69.5,0,84.5,69.5,0],"indexes":[0,1,2,2,1,3],"uv":[0,139,169,139,0,0,169,0],"nuv":[0,0,1,0,0,1,1,1],"minPos":{"x":-84.5,"y":-69.5,"z":0},"maxPos":{"x":84.5,"y":69.5,"z":0}},"packable":true,"pixelsToUnit":100,"pivot":{"x":0.5,"y":0.5},"meshType":0}],[0],0,[0],[0],[0]]
