[1,["b6zyX8PWlCXa10loFtNjkl@6c48a"],["_textureSource"],["cc.SpriteFrame"],0,[{"name":"btn_shezhi_on","rect":{"x":0,"y":0,"width":85,"height":30},"offset":{"x":0,"y":0},"originalSize":{"width":85,"height":30},"rotated":false,"capInsets":[0,0,0,0],"vertices":{"rawPosition":[-42.5,-15,0,42.5,-15,0,-42.5,15,0,42.5,15,0],"indexes":[0,1,2,2,1,3],"uv":[0,30,85,30,0,0,85,0],"nuv":[0,0,1,0,0,1,1,1],"minPos":{"x":-42.5,"y":-15,"z":0},"maxPos":{"x":42.5,"y":15,"z":0}},"packable":true,"pixelsToUnit":100,"pivot":{"x":0.5,"y":0.5},"meshType":0}],[0],0,[0],[0],[0]]
