[1,["960AjFB6RCXYUB6cCHzh6V@6c48a"],0,[["sp.SkeletonData",["_name","_atlasText","textureNames","_skeletonJson","textures"],-1,3]],[[0,0,1,2,3,4,5]],[[0,"lvsedonghua","\r\nlvsedonghua.png\r\nsize: 256,256\r\nformat: RGBA8888\r\nfilter: Linear,Linear\r\nrepeat: none\r\nSGJtubiaolvse\r\n  rotate: false\r\n  xy: 2, 58\r\n  size: 150, 130\r\n  orig: 150, 130\r\n  offset: 0, 0\r\n  index: -1\r\nsaoguang\r\n  rotate: true\r\n  xy: 2, 2\r\n  size: 54, 177\r\n  orig: 54, 177\r\n  offset: 0, 0\r\n  index: -1\r\n",["lvsedonghua.png"],{"skeleton":{"hash":"YUWqDvNihqitrQf29V9yq8r5TRA","spine":"3.6.53","width":169.85,"height":163.34,"images":""},"bones":[{"name":"root"},{"name":"guge","parent":"root"},{"name":"gugan2","parent":"guge"},{"name":"guge3","parent":"guge"}],"slots":[{"name":"lvse","bone":"guge","attachment":"SGJtubiaolvse"},{"name":"caijian","bone":"guge3","attachment":"caijian"},{"name":"saoguang","bone":"gugan2","color":"d0ffbc79","attachment":"saoguang","blend":"additive"}],"skins":{"default":{"caijian":{"caijian":{"type":"clipping","end":"caijian","vertexCount":4,"color":"ce3a3aff","vertices":[-60.37,-36.95,60.54,-36.96,60.71,41.38,-59.53,40.5]}},"lvse":{"SGJtubiaolvse":{"width":150,"height":130}},"saoguang":{"saoguang":{"x":-13.18,"y":1.39,"rotation":45,"width":54,"height":177}}}},"animations":{"animation":{"bones":{"guge":{"rotate":[{"time":0,"angle":0},{"time":0.3333,"angle":4.75},{"time":1,"angle":-5.82},{"time":1.3333,"angle":0}],"scale":[{"time":0,"x":1,"y":1},{"time":0.3333,"x":1.1,"y":1.1,"curve":"stepped"},{"time":1,"x":1.1,"y":1.1},{"time":1.3333,"x":1,"y":1}]},"gugan2":{"translate":[{"time":0,"x":-86.61,"y":0},{"time":0.3333,"x":-88.14,"y":0},{"time":1,"x":114.06,"y":0},{"time":1.3333,"x":125.52,"y":0}]}}}}},[0]]],0,0,[0],[-1],[0]]
