[1,["b1c13870-a8d3-4454-93a0-6ea096f24ccc@6c48a","c751b23b-5f5e-4e94-b29c-305912121737@6c48a"],0,[["sp.SkeletonData",["_name","_atlasText","textureNames","_skeletonJson","textures"],-1,3]],[[0,0,1,2,3,4,5]],[[0,"thor_anim_wild_blue","\r\nthor_anim_wild_blue.png\r\nsize: 2048,2048\r\nformat: RGBA8888\r\nfilter: Linear,Linear\r\nrepeat: none\r\nthor_anim_wild_1_1（blue）\r\n  rotate: false\r\n  xy: 1027, 1863\r\n  size: 183, 174\r\n  orig: 183, 174\r\n  offset: 0, 0\r\n  index: -1\r\nthor_anim_wild_1_2\r\n  rotate: true\r\n  xy: 298, 1958\r\n  size: 79, 141\r\n  orig: 79, 141\r\n  offset: 0, 0\r\n  index: -1\r\nthor_anim_wild_1_3\r\n  rotate: true\r\n  xy: 2, 1964\r\n  size: 73, 146\r\n  orig: 73, 146\r\n  offset: 0, 0\r\n  index: -1\r\nthor_anim_wild_1_4（blue）\r\n  rotate: false\r\n  xy: 842, 1863\r\n  size: 183, 174\r\n  orig: 183, 174\r\n  offset: 0, 0\r\n  index: -1\r\nthor_anim_wild_1_5\r\n  rotate: true\r\n  xy: 441, 1958\r\n  size: 79, 141\r\n  orig: 79, 141\r\n  offset: 0, 0\r\n  index: -1\r\nthor_anim_wild_1_6\r\n  rotate: true\r\n  xy: 150, 1964\r\n  size: 73, 146\r\n  orig: 73, 146\r\n  offset: 0, 0\r\n  index: -1\r\nthor_anim_wild_1_7\r\n  rotate: true\r\n  xy: 584, 1917\r\n  size: 120, 127\r\n  orig: 120, 127\r\n  offset: 0, 0\r\n  index: -1\r\nthor_anim_wild_1_8\r\n  rotate: false\r\n  xy: 713, 1914\r\n  size: 127, 123\r\n  orig: 127, 123\r\n  offset: 0, 0\r\n  index: -1\r\nthor_anim_wild_yanwu-animation_0\r\n  rotate: false\r\n  xy: 1212, 1550\r\n  size: 519, 487\r\n  orig: 519, 487\r\n  offset: 0, 0\r\n  index: -1\r\nthor_anim_wild_yanwu-animation_1\r\n  rotate: false\r\n  xy: 2, 1469\r\n  size: 519, 487\r\n  orig: 519, 487\r\n  offset: 0, 0\r\n  index: -1\r\nthor_anim_wild_yanwu-animation_10\r\n  rotate: false\r\n  xy: 2, 2\r\n  size: 519, 487\r\n  orig: 519, 487\r\n  offset: 0, 0\r\n  index: -1\r\nthor_anim_wild_yanwu-animation_2\r\n  rotate: false\r\n  xy: 523, 1374\r\n  size: 519, 487\r\n  orig: 519, 487\r\n  offset: 0, 0\r\n  index: -1\r\nthor_anim_wild_yanwu-animation_3\r\n  rotate: false\r\n  xy: 1044, 1061\r\n  size: 519, 487\r\n  orig: 519, 487\r\n  offset: 0, 0\r\n  index: -1\r\nthor_anim_wild_yanwu-animation_4\r\n  rotate: false\r\n  xy: 2, 980\r\n  size: 519, 487\r\n  orig: 519, 487\r\n  offset: 0, 0\r\n  index: -1\r\nthor_anim_wild_yanwu-animation_5\r\n  rotate: false\r\n  xy: 523, 885\r\n  size: 519, 487\r\n  orig: 519, 487\r\n  offset: 0, 0\r\n  index: -1\r\nthor_anim_wild_yanwu-animation_6\r\n  rotate: false\r\n  xy: 1044, 572\r\n  size: 519, 487\r\n  orig: 519, 487\r\n  offset: 0, 0\r\n  index: -1\r\nthor_anim_wild_yanwu-animation_7\r\n  rotate: false\r\n  xy: 2, 491\r\n  size: 519, 487\r\n  orig: 519, 487\r\n  offset: 0, 0\r\n  index: -1\r\nthor_anim_wild_yanwu-animation_8\r\n  rotate: false\r\n  xy: 523, 396\r\n  size: 519, 487\r\n  orig: 519, 487\r\n  offset: 0, 0\r\n  index: -1\r\nthor_anim_wild_yanwu-animation_9\r\n  rotate: false\r\n  xy: 1044, 83\r\n  size: 519, 487\r\n  orig: 519, 487\r\n  offset: 0, 0\r\n  index: -1\r\n\r\nthor_anim_wild_blue2.png\r\nsize: 2048,2048\r\nformat: RGBA8888\r\nfilter: Linear,Linear\r\nrepeat: none\r\nthor_anim_wild_yanwu-animation_11\r\n  rotate: false\r\n  xy: 2, 1533\r\n  size: 519, 487\r\n  orig: 519, 487\r\n  offset: 0, 0\r\n  index: -1\r\nthor_anim_wild_yanwu-animation_12\r\n  rotate: false\r\n  xy: 523, 1533\r\n  size: 519, 487\r\n  orig: 519, 487\r\n  offset: 0, 0\r\n  index: -1\r\nthor_anim_wild_yanwu-animation_13\r\n  rotate: false\r\n  xy: 1044, 1533\r\n  size: 519, 487\r\n  orig: 519, 487\r\n  offset: 0, 0\r\n  index: -1\r\nthor_anim_wild_yanwu-animation_14\r\n  rotate: true\r\n  xy: 2, 1012\r\n  size: 519, 487\r\n  orig: 519, 487\r\n  offset: 0, 0\r\n  index: -1\r\nthor_anim_wild_yanwu-animation_15\r\n  rotate: true\r\n  xy: 2, 491\r\n  size: 519, 487\r\n  orig: 519, 487\r\n  offset: 0, 0\r\n  index: -1\r\nthor_anim_wild_yanwu-animation_16\r\n  rotate: false\r\n  xy: 2, 2\r\n  size: 519, 487\r\n  orig: 519, 487\r\n  offset: 0, 0\r\n  index: -1\r\nthor_anim_wild_yanwu-animation_17\r\n  rotate: true\r\n  xy: 491, 1012\r\n  size: 519, 487\r\n  orig: 519, 487\r\n  offset: 0, 0\r\n  index: -1\r\nthor_anim_wild_yanwu-animation_18\r\n  rotate: true\r\n  xy: 491, 491\r\n  size: 519, 487\r\n  orig: 519, 487\r\n  offset: 0, 0\r\n  index: -1\r\nthor_anim_wild_yanwu-animation_19\r\n  rotate: false\r\n  xy: 523, 2\r\n  size: 519, 487\r\n  orig: 519, 487\r\n  offset: 0, 0\r\n  index: -1\r\nthor_anim_wild_yanwu-animation_20\r\n  rotate: true\r\n  xy: 980, 1012\r\n  size: 519, 487\r\n  orig: 519, 487\r\n  offset: 0, 0\r\n  index: -1\r\nthor_anim_wild_yanwu-animation_21\r\n  rotate: true\r\n  xy: 980, 491\r\n  size: 519, 487\r\n  orig: 519, 487\r\n  offset: 0, 0\r\n  index: -1\r\nthor_anim_wild_yanwu-animation_22\r\n  rotate: false\r\n  xy: 1044, 2\r\n  size: 519, 487\r\n  orig: 519, 487\r\n  offset: 0, 0\r\n  index: -1\r\nthor_anim_wild_yanwu-animation_23\r\n  rotate: false\r\n  xy: 1469, 1044\r\n  size: 519, 487\r\n  orig: 519, 487\r\n  offset: 0, 0\r\n  index: -1\r\nthor_anim_wild_yanwu-animation_24\r\n  rotate: true\r\n  xy: 1469, 523\r\n  size: 519, 487\r\n  orig: 519, 487\r\n  offset: 0, 0\r\n  index: -1\r\n",["thor_anim_wild_blue.png","thor_anim_wild_blue2.png"],{"skeleton":{"hash":"n8ZGJjZOafXjUXVm5zM8gR95mJk","spine":"3.8.99","images":"E:/新版UI/奥林匹斯/动画源文件/tu/lanquan","audio":"E:\\新版UI\\奥林匹斯\\动画\\图标\\倍数圈\\lanquan"},"bones":[{"name":"root","scaleX":0.6,"scaleY":0.6},{"name":"chibang","parent":"root","y":-81.05},{"name":"bone","parent":"chibang","x":-0.22,"y":85.99},{"name":"yanwu","parent":"bone","x":0.47,"y":-8.96,"scaleX":0.8,"scaleY":0.8,"color":"f30e0eff"},{"name":"you","parent":"bone","length":132.18,"rotation":89.4,"x":82.17,"y":-45.47},{"name":"zhong","parent":"bone","length":99.36,"rotation":90,"x":-2.04,"y":-1.12},{"name":"zuo","parent":"bone","length":134.05,"rotation":90,"x":-81.72,"y":-35.8},{"name":"骨骼","parent":"bone","x":0.22,"y":-85.99}],"slots":[{"name":"yanwu","bone":"yanwu","color":"eefa05ff","blend":"additive"},{"name":"zhong","bone":"zhong","attachment":"thor_anim_wild_1_1（blue）"},{"name":"zhong_1","bone":"zhong","attachment":"thor_anim_wild_1_4（blue）"},{"name":"zuo","bone":"zuo","attachment":"thor_anim_wild_1_3"},{"name":"you","bone":"you","attachment":"thor_anim_wild_1_2"},{"name":"you_1","bone":"you","attachment":"thor_anim_wild_1_5"},{"name":"zuo_1","bone":"zuo","attachment":"thor_anim_wild_1_6"},{"name":"guang","bone":"骨骼","attachment":"thor_anim_wild_1_7"}],"skins":[{"name":"default","attachments":{"guang":{"thor_anim_wild_1_7":{"x":-0.22,"y":85.99,"width":120,"height":127},"thor_anim_wild_1_8":{"x":-0.22,"y":85.99,"width":127,"height":123}},"yanwu":{"thor_anim_wild_yanwu-animation_0":{"width":519,"height":487},"thor_anim_wild_yanwu-animation_1":{"width":519,"height":487},"thor_anim_wild_yanwu-animation_2":{"width":519,"height":487},"thor_anim_wild_yanwu-animation_3":{"width":519,"height":487},"thor_anim_wild_yanwu-animation_4":{"width":519,"height":487},"thor_anim_wild_yanwu-animation_5":{"width":519,"height":487},"thor_anim_wild_yanwu-animation_6":{"width":519,"height":487},"thor_anim_wild_yanwu-animation_7":{"width":519,"height":487},"thor_anim_wild_yanwu-animation_8":{"width":519,"height":487},"thor_anim_wild_yanwu-animation_9":{"width":519,"height":487},"thor_anim_wild_yanwu-animation_10":{"width":519,"height":487},"thor_anim_wild_yanwu-animation_11":{"width":519,"height":487},"thor_anim_wild_yanwu-animation_12":{"width":519,"height":487},"thor_anim_wild_yanwu-animation_13":{"width":519,"height":487},"thor_anim_wild_yanwu-animation_14":{"width":519,"height":487},"thor_anim_wild_yanwu-animation_15":{"width":519,"height":487},"thor_anim_wild_yanwu-animation_16":{"width":519,"height":487},"thor_anim_wild_yanwu-animation_17":{"width":519,"height":487},"thor_anim_wild_yanwu-animation_18":{"width":519,"height":487},"thor_anim_wild_yanwu-animation_19":{"width":519,"height":487},"thor_anim_wild_yanwu-animation_20":{"width":519,"height":487},"thor_anim_wild_yanwu-animation_21":{"width":519,"height":487},"thor_anim_wild_yanwu-animation_22":{"width":519,"height":487},"thor_anim_wild_yanwu-animation_23":{"width":519,"height":487},"thor_anim_wild_yanwu-animation_24":{"width":519,"height":487}},"you":{"thor_anim_wild_1_2":{"x":59.4,"y":-8.41,"rotation":-89.59,"width":79,"height":141}},"you_1":{"thor_anim_wild_1_5":{"x":58.93,"y":-8.53,"rotation":-89.4,"width":79,"height":141}},"zhong":{"thor_anim_wild_1_1（blue）":{"y":-0.5,"rotation":-90,"width":183,"height":174}},"zhong_1":{"thor_anim_wild_1_4（blue）":{"y":-0.5,"rotation":-90,"width":183,"height":174}},"zuo":{"thor_anim_wild_1_3":{"x":45.21,"y":4.42,"rotation":-90,"width":73,"height":146}},"zuo_1":{"thor_anim_wild_1_6":{"x":46.51,"y":4.28,"rotation":-90,"width":73,"height":146}}}},{"name":"blue"}],"animations":{"anim_chibang_1":{"slots":{"guang":{"color":[{"color":"ffffff00"}]},"you_1":{"color":[{"color":"ffffff00","curve":"stepped"},{"time":0.2333,"color":"ffffff00"},{"time":0.3667,"color":"fffffffd","curve":"stepped"},{"time":0.6,"color":"fffffffd"},{"time":0.8333,"color":"ffffff01"}]},"zhong_1":{"color":[{"color":"ffffff00","curve":"stepped"},{"time":0.2333,"color":"ffffff00"},{"time":0.3667,"color":"fffffffd","curve":"stepped"},{"time":0.6,"color":"fffffffd"},{"time":0.8333,"color":"ffffff01"}]},"zuo_1":{"color":[{"color":"ffffff00","curve":"stepped"},{"time":0.2333,"color":"ffffff00"},{"time":0.3667,"color":"fffffffd","curve":"stepped"},{"time":0.6,"color":"fffffffd"},{"time":0.8333,"color":"ffffff01"}]}},"bones":{"you":{"rotate":[{"angle":-2.2},{"time":0.2333,"angle":5.6},{"time":0.4333,"angle":-15.98},{"time":0.6333,"angle":12.31},{"time":0.8333,"angle":-2.2}]},"zuo":{"rotate":[{},{"time":0.2333,"angle":-10},{"time":0.4333,"angle":10},{"time":0.6333,"angle":-10},{"time":0.8333}]},"bone":{"translate":[{"time":0.2667},{"time":0.3667,"y":-14.21},{"time":0.4667}],"scale":[{"time":0.2667},{"time":0.3667,"y":0.836},{"time":0.4667}]}}},"anima_chibang_2":{"slots":{"guang":{"color":[{"color":"ffffff00","curve":"stepped"},{"time":0.8333,"color":"ffffff00"},{"time":0.8667,"color":"fffffffe"},{"time":0.9,"color":"ffffff00","curve":"stepped"},{"time":0.9333,"color":"ffffff00"},{"time":0.9667,"color":"fffffffe"},{"time":1,"color":"ffffff00","curve":"stepped"},{"time":1.0333,"color":"ffffff00"},{"time":1.0667,"color":"fffffffe"},{"time":1.1,"color":"ffffff00"}]},"yanwu":{"color":[{"time":0.8,"color":"f4fa03ff","curve":0.25,"c3":0.75},{"time":1,"color":"fac803ff","curve":0.661,"c2":0.33,"c3":-0.111,"c4":0.67},{"time":1.1333,"color":"faaf0368","curve":0.25,"c3":0.75},{"time":1.3333,"color":"f4fa0303"}],"attachment":[{"time":0.7333,"name":"thor_anim_wild_yanwu-animation_0"},{"time":0.7667,"name":"thor_anim_wild_yanwu-animation_1"},{"time":0.8,"name":"thor_anim_wild_yanwu-animation_2"},{"time":0.8333,"name":"thor_anim_wild_yanwu-animation_3"},{"time":0.8667,"name":"thor_anim_wild_yanwu-animation_4"},{"time":0.9,"name":"thor_anim_wild_yanwu-animation_5"},{"time":0.9333,"name":"thor_anim_wild_yanwu-animation_6"},{"time":0.9667,"name":"thor_anim_wild_yanwu-animation_7"},{"time":1,"name":"thor_anim_wild_yanwu-animation_8"},{"time":1.0333,"name":"thor_anim_wild_yanwu-animation_9"},{"time":1.0667,"name":"thor_anim_wild_yanwu-animation_10"},{"time":1.1,"name":"thor_anim_wild_yanwu-animation_11"},{"time":1.1333,"name":"thor_anim_wild_yanwu-animation_12"},{"time":1.1667,"name":"thor_anim_wild_yanwu-animation_13"},{"time":1.2,"name":"thor_anim_wild_yanwu-animation_14"},{"time":1.2333,"name":"thor_anim_wild_yanwu-animation_15"},{"time":1.2667,"name":"thor_anim_wild_yanwu-animation_16"},{"time":1.3,"name":"thor_anim_wild_yanwu-animation_17"},{"time":1.3333,"name":"thor_anim_wild_yanwu-animation_18"},{"time":1.3667,"name":"thor_anim_wild_yanwu-animation_19"},{"time":1.4,"name":"thor_anim_wild_yanwu-animation_20"},{"time":1.4333,"name":"thor_anim_wild_yanwu-animation_21"},{"time":1.4667,"name":"thor_anim_wild_yanwu-animation_22"},{"time":1.5,"name":"thor_anim_wild_yanwu-animation_23"},{"time":1.5333,"name":"thor_anim_wild_yanwu-animation_24"}]},"you_1":{"color":[{"color":"ffffff00"},{"time":0.4333,"color":"ffffffff","curve":"stepped"},{"time":0.7333,"color":"ffffffff","curve":0.25,"c3":0.75},{"time":1.1333,"color":"ffffff00"}]},"zhong_1":{"color":[{"color":"ffffff00"},{"time":0.4333,"color":"ffffffff","curve":"stepped"},{"time":0.7333,"color":"ffffffff","curve":0.25,"c3":0.75},{"time":1.1333,"color":"ffffff00"}]},"zuo_1":{"color":[{"color":"ffffff00"},{"time":0.4333,"color":"ffffffff","curve":"stepped"},{"time":0.7333,"color":"ffffffff","curve":0.25,"c3":0.75},{"time":1.1333,"color":"ffffff00"}]}},"bones":{"骨骼":{"translate":[{"time":0.9667,"y":-5.7},{"time":1.0667,"y":-8.31}],"scale":[{"time":0.9667,"x":1.05,"y":1.05},{"time":1.0667,"x":1.1,"y":1.1}]},"you":{"rotate":[{},{"time":0.4333,"angle":-15},{"time":0.5333,"angle":-14.4},{"time":0.8667},{"time":1,"angle":-7.5},{"time":1.1333}]},"zuo":{"rotate":[{},{"time":0.4333,"angle":15,"curve":"stepped"},{"time":0.5333,"angle":15},{"time":0.8667},{"time":1,"angle":7.5,"curve":1,"c3":0},{"time":1.1333}]},"bone":{"scale":[{"curve":1,"c3":0},{"time":0.4333,"x":1.3,"y":1.3,"curve":"stepped"},{"time":0.5333,"x":1.3,"y":1.3,"curve":1,"c3":0},{"time":0.8667,"curve":1,"c3":0},{"time":1,"x":1.02,"y":1.02,"curve":1,"c3":0},{"time":1.1333}]}}}}},[0,1]]],0,0,[0,0],[-1,-2],[0,1]]
