[1,["ebR9E1wHtM6YGK64B17im+@6c48a"],["_textureSource"],["cc.SpriteFrame"],0,[{"name":"common_payline_tips3_12","rect":{"x":24,"y":16,"width":311,"height":296},"offset":{"x":-20.5,"y":-4},"originalSize":{"width":400,"height":320},"rotated":false,"capInsets":[0,0,0,0],"vertices":{"rawPosition":[-155.5,-148,0,155.5,-148,0,-155.5,148,0,155.5,148,0],"indexes":[0,1,2,2,1,3],"uv":[24,304,335,304,24,8,335,8],"nuv":[0.06,0.025,0.8375,0.025,0.06,0.95,0.8375,0.95],"minPos":{"x":-155.5,"y":-148,"z":0},"maxPos":{"x":155.5,"y":148,"z":0}},"packable":true,"pixelsToUnit":100,"pivot":{"x":0.5,"y":0.5},"meshType":0}],[0],0,[0],[0],[0]]
