[1,["6a6fa74a-2b7b-4268-aa10-8dbe6b23c54f@6c48a"],["_textureSource"],["cc.SpriteFrame"],0,[{"name":"bg_hj_lishitanchuang","rect":{"x":0,"y":0,"width":1118,"height":585},"offset":{"x":0,"y":0},"originalSize":{"width":1118,"height":585},"rotated":false,"capInsets":[0,0,0,0],"vertices":{"rawPosition":[-559,-292.5,0,559,-292.5,0,-559,292.5,0,559,292.5,0],"indexes":[0,1,2,2,1,3],"uv":[0,585,1118,585,0,0,1118,0],"nuv":[0,0,1,0,0,1,1,1],"minPos":{"x":-559,"y":-292.5,"z":0},"maxPos":{"x":559,"y":292.5,"z":0}},"packable":true,"pixelsToUnit":100,"pivot":{"x":0.5,"y":0.5},"meshType":0}],[0],0,[0],[0],[0]]
