[1,["48jDeAurpM87uy9VKJPkvi@f9941","bfQtsI+DJABraKvFR6XNG5@f9941","83xC6V0tdGGKF0oMsWF7Fl@f9941","09wvXyMXtDMqhytGQ6KOgX@f9941","a83hENGrFEXI3xpNIfH9Vf@f9941","0cc7CICOdFaYxpuVKC3cha@6c48a","16hI8BcS5CyYHz1CFblqI/@6c48a","48jDeAurpM87uy9VKJPkvi@6c48a","70CmhzFJFIpYlnYjHAyZ3i@6c48a","83xC6V0tdGGKF0oMsWF7Fl@6c48a","a9kKvWtppOx76CuURF+rmr@f9941","f7vpRF98pEaJW6XBu4wTRF@f9941","70CmhzFJFIpYlnYjHAyZ3i@f9941","0cc7CICOdFaYxpuVKC3cha@f9941","16hI8BcS5CyYHz1CFblqI/@f9941","a83hENGrFEXI3xpNIfH9Vf@6c48a","a9kKvWtppOx76CuURF+rmr@6c48a","bfQtsI+DJABraKvFR6XNG5@6c48a","f7vpRF98pEaJW6XBu4wTRF@6c48a"],["node","_spriteFrame","_textureSource","_target","_parent","_normalSprite","root","pv_show","data"],[["cc.Node",["_name","_layer","_active","_components","_prefab","_parent","_children","_lpos"],0,9,4,1,2,5],"cc.SpriteFrame",["cc.Sprite",["_type","_sizeMode","_name","node","__prefab","_spriteFrame","_color"],0,1,4,6,5],["cc.UITransform",["_name","node","__prefab","_contentSize","_anchorPoint"],2,1,4,5,5],["cc.Widget",["_alignFlags","_originalWidth","_originalHeight","node","__prefab"],0,1,4],["cc.Layout",["_resizeMode","_layoutType","_isAlign","_spacingX","node","__prefab"],-1,1,4],["cc.Prefab",["_name"],2],["cc.Node",["_name","_parent","_children","_components","_prefab","_lpos"],2,1,2,12,4,5],["cc.CompPrefabInfo",["fileId"],2],["b7bcdkb3ahAD5AVZhgB++nm",["node","__prefab","pv_show","ndShowPage"],3,1,4,1,2],["cc.PrefabInfo",["fileId","instance","targetOverrides","nestedPrefabInstanceRoots","root","asset"],-1,1,1],["cc.Mask",["node","__prefab"],3,1,4],["cc.Graphics",["node","__prefab","_fillColor"],3,1,4,5],["cc.Button",["_transition","_zoomScale","node","__prefab","clickEvents","_normalColor","_target","_normalSprite"],1,1,4,9,5,1,6],["cc.ClickEvent",["_componentId","handler","target"],1,1],["cc.PageView",["_name","horizontal","node","__prefab","_content","pageEvents"],1,1,4,1,9]],[[8,0,2],[10,0,1,2,3,4,5,5],[3,1,2,3,1],[0,0,1,5,6,3,4,7,3],[2,3,4,5,1],[2,1,3,4,5,2],[0,0,1,5,3,4,3],[2,0,1,3,4,3],[14,0,1,2,3],[0,0,2,1,5,3,4,7,4],[13,0,1,2,3,4,5,6,7,3],[0,0,1,6,3,4,7,3],[0,0,5,3,4,7,2],[4,0,1,2,3,4,4],[5,0,1,3,4,5,4],[2,0,3,4,5,2],[6,0,2],[0,0,6,3,4,2],[0,0,5,6,3,4,2],[0,0,1,6,3,4,3],[0,0,5,6,3,4,7,2],[0,0,5,3,4,2],[0,0,1,5,3,4,7,3],[7,0,1,2,3,4,5,2],[3,1,2,3,4,1],[3,0,1,2,3,2],[4,0,3,4,2],[9,0,1,2,3,1],[5,0,1,2,4,5,4],[2,2,0,1,3,4,4],[2,0,3,4,6,5,2],[11,0,1,1],[12,0,1,2,1],[15,0,1,2,3,4,5,3]],[[[{"name":"bg_hu_guize_4","rect":{"x":0,"y":0,"width":569,"height":575},"offset":{"x":0,"y":0},"originalSize":{"width":569,"height":575},"rotated":false,"capInsets":[0,0,0,0],"vertices":{"rawPosition":[-284.5,-287.5,0,284.5,-287.5,0,-284.5,287.5,0,284.5,287.5,0],"indexes":[0,1,2,2,1,3],"uv":[0,575,569,575,0,0,569,0],"nuv":[0,0,1,0,0,1,1,1],"minPos":{"x":-284.5,"y":-287.5,"z":0},"maxPos":{"x":284.5,"y":287.5,"z":0}},"packable":true,"pixelsToUnit":100,"pivot":{"x":0.5,"y":0.5},"meshType":0}],[1],0,[0],[2],[5]],[[{"name":"bg_hu_bangzhu","rect":{"x":0,"y":0,"width":673,"height":1027},"offset":{"x":0,"y":0},"originalSize":{"width":673,"height":1027},"rotated":false,"capInsets":[0,0,0,0],"vertices":{"rawPosition":[-336.5,-513.5,0,336.5,-513.5,0,-336.5,513.5,0,336.5,513.5,0],"indexes":[0,1,2,2,1,3],"uv":[0,1027,673,1027,0,0,673,0],"nuv":[0,0,1,0,0,1,1,1],"minPos":{"x":-336.5,"y":-513.5,"z":0},"maxPos":{"x":336.5,"y":513.5,"z":0}},"packable":true,"pixelsToUnit":100,"pivot":{"x":0.5,"y":0.5},"meshType":0}],[1],0,[0],[2],[6]],[[{"name":"icon_xuanzhong1","rect":{"x":0,"y":0,"width":14,"height":14},"offset":{"x":0,"y":0},"originalSize":{"width":14,"height":14},"rotated":false,"capInsets":[0,0,0,0],"vertices":{"rawPosition":[-7,-7,0,7,-7,0,-7,7,0,7,7,0],"indexes":[0,1,2,2,1,3],"uv":[0,14,14,14,0,0,14,0],"nuv":[0,0,1,0,0,1,1,1],"minPos":{"x":-7,"y":-7,"z":0},"maxPos":{"x":7,"y":7,"z":0}},"packable":true,"pixelsToUnit":100,"pivot":{"x":0.5,"y":0.5},"meshType":0}],[1],0,[0],[2],[7]],[[{"name":"bg_hu_guize_3","rect":{"x":0,"y":0,"width":614,"height":792},"offset":{"x":0,"y":0},"originalSize":{"width":614,"height":792},"rotated":false,"capInsets":[0,0,0,0],"vertices":{"rawPosition":[-307,-396,0,307,-396,0,-307,396,0,307,396,0],"indexes":[0,1,2,2,1,3],"uv":[0,792,614,792,0,0,614,0],"nuv":[0,0,1,0,0,1,1,1],"minPos":{"x":-307,"y":-396,"z":0},"maxPos":{"x":307,"y":396,"z":0}},"packable":true,"pixelsToUnit":100,"pivot":{"x":0.5,"y":0.5},"meshType":0}],[1],0,[0],[2],[8]],[[{"name":"btn_hu_zuo","rect":{"x":0,"y":0,"width":42,"height":67},"offset":{"x":0,"y":0},"originalSize":{"width":42,"height":67},"rotated":false,"capInsets":[0,0,0,0],"vertices":{"rawPosition":[-21,-33.5,0,21,-33.5,0,-21,33.5,0,21,33.5,0],"indexes":[0,1,2,2,1,3],"uv":[0,67,42,67,0,0,42,0],"nuv":[0,0,1,0,0,1,1,1],"minPos":{"x":-21,"y":-33.5,"z":0},"maxPos":{"x":21,"y":33.5,"z":0}},"packable":true,"pixelsToUnit":100,"pivot":{"x":0.5,"y":0.5},"meshType":0}],[1],0,[0],[2],[9]],[[[16,"prefab_fortuneTiger_rule"],[17,"prefab_fortuneTiger_rule",[-10],[[2,-2,[0,"336eRiGT9PFLC/KDseAHcX"],[5,1334,750]],[13,45,100,100,-3,[0,"ea384bqGNC97AwHFyzKDrU"]],[27,-9,[0,"dd+a3vA4FGT7Jor62FryiH"],-8,[-4,-5,-6,-7]]],[1,"c46/YsCPVOJYA4mWEpNYRx",null,null,null,-1,0]],[11,"content",33554432,[-14,-15,-16,-17],[[24,-11,[0,"47yg7IixhH7ZMeuqrO8lWh"],[5,2456,720],[0,0,0.5]],[28,1,1,true,-12,[0,"b1vG5BQ3VHbJrC7o2EkuOr"]],[26,8,-13,[0,"b09rJ4pf9DzbBmzBbGwcr8"]]],[1,"a1xSYWohpPLovaXl5P6tNO",null,null,null,1,0],[1,-307,0,0]],[11,"Node",33554432,[-20,-21,-22,-23],[[2,-18,[0,"40M/WdDdVAzqZdT57DSvl4"],[5,176,20]],[14,1,1,40,-19,[0,"b3c/dSHMhCLKd7KvR5+R3t"]]],[1,"e3Lxo+GgZCVL1DnVh2fB58",null,null,null,1,0],[1,2,-428.789,0]],[18,"bg_dfdc_guize_box",1,[3,-26,-27],[[2,-24,[0,"62Q8WHenNFSqiTSyH6pkmI"],[5,673,1027]],[4,-25,[0,"aabl89rUZIjqKkuXHQm7PQ"],18]],[1,"b8N7VogSBAlrKHFkQzxV4O",null,null,null,1,0]],[19,"view",33554432,[2],[[2,-28,[0,"583JVJCTZFFIK7dDFyTpjg"],[5,614,800]],[31,-29,[0,"aeyp9CpllCSrf9wKw2NixJ"]],[32,-30,[0,"0aIX8l4slHibqG+2yJUX8S"],[4,16777215]],[13,45,500,300,-31,[0,"197isP1XtK3Kv6WkX/1N50"]]],[1,"adANcBSNhPJJ96Vco8/IuY",null,null,null,1,0]],[20,"Node",4,[-34,-35,-36],[[2,-32,[0,"e24jh8mr1PqZ7K+c9NjmSb"],[5,396,100]],[14,1,1,30,-33,[0,"fa2GemfAROfpzL24Oqmpd3"]]],[1,"5e+4K1EBNEGaRjPt4YU+r5",null,null,null,1,0],[1,0,-512.049,0]],[23,"PageView",4,[5],[[[25,"pageView-horizontal<UITransform>",-37,[0,"925gmlxG1Lobreem6yunDJ"],[5,614,800]],[29,"pageView-horizontal<Sprite>",1,0,-38,[0,"7bLYrhYVJMDI+GKgHhADEJ"]],-39],4,4,1],[1,"a2qg/7icJIu7nbqCkMSqGb",null,null,null,1,0],[1,-0.94,-5.646,0]],[12,"props_btn_rule_left",6,[[2,-40,[0,"8fPyHGAy5Jfa/lSSzswy2n"],[5,42,67]],[30,1,-41,[0,"f8BH34kUZEA6JLZYCVsKYK"],[4,4292269782],12],[10,3,0.9,-43,[0,"a7PpWpquBFaoPXtb1a70tN"],[[8,"b7bcdkb3ahAD5AVZhgB++nm","onTouchLeft",1]],[4,4292269782],-42,13]],[1,"cc2LE0M3FPYrj3lTv4RIle",null,null,null,1,0],[1,-177,0,0]],[21,"props_btn_rule_colse",6,[[2,-44,[0,"5er1Pr9iJM4YOecnkS5Nud"],[5,252,70]],[15,1,-45,[0,"a7iTdMwzJACo0fxndHkhLY"],14],[10,3,0.9,-47,[0,"9ad2RgBplP07o0mherVxFr"],[[8,"b7bcdkb3ahAD5AVZhgB++nm","closePop",1]],[4,4292269782],-46,15]],[1,"c5Fkv4MvNCAq3Yd67ZCMe/",null,null,null,1,0]],[12,"props_btn_rule_right",6,[[2,-48,[0,"e4O6CtS+FHvYrPKh5wNZoE"],[5,42,67]],[15,1,-49,[0,"c7B1fRO1ZM9rbSoAiqSR2v"],16],[10,3,0.9,-51,[0,"2ee3+1FK9PgJX+Co6XKgsb"],[[8,"b7bcdkb3ahAD5AVZhgB++nm","onTouchRight",1]],[4,4292269782],-50,17]],[1,"bdxcHhLxdCUbmJ/McAN/1u",null,null,null,1,0],[1,177,0,0]],[3,"bg_dfdc_guize_d2",33554432,3,[-54],[[2,-52,[0,"b52QEQnz9CUpkodN3ywWib"],[5,14,14]],[5,0,-53,[0,"08w6AgReZJ/oVSQ8/6rBAb"],1]],[1,"00Eag9lK5GR4tBFQovru3e",null,null,null,1,0],[1,-81,0,0]],[22,"bg_dfdc_guize_dian1",33554432,11,[[2,-55,[0,"8awwix7TVIYJjC3EvxutMN"],[5,14,14]],[5,0,-56,[0,"18aay5UZFNOpRSqLBKoEGA"],0]],[1,"d5KMX0pk9MCbA1mdwP+Da2",null,null,null,1,0],[1,0.301,0,0]],[3,"bg_dfdc_guize_d3",33554432,3,[-59],[[2,-57,[0,"1agcY9RntMQr4iUMhJntnX"],[5,14,14]],[5,0,-58,[0,"9eXzakM8hDEZkdnwbBTzMf"],3]],[1,"20pjW8rgxHWKUI27uZbKLZ",null,null,null,1,0],[1,-27,0,0]],[9,"bg_dfdc_guize_dian1",false,33554432,13,[[2,-60,[0,"0bDAeNVGJGu5csqz0HhUMk"],[5,14,14]],[4,-61,[0,"cdFnVBWmxNe7XV21uegmXo"],2]],[1,"284Bs5VrdNF6XTwvgD/7Yk",null,null,null,1,0],[1,0.301,0,0]],[3,"bg_dfdc_guize_d4",33554432,3,[-64],[[2,-62,[0,"26pLjVmHBLkKwMbRDdL/JN"],[5,14,14]],[5,0,-63,[0,"2eIWU7KcJFgbeMAzGD9SW/"],5]],[1,"276jKZqGVNsrC4kl0iLoVG",null,null,null,1,0],[1,27,0,0]],[9,"bg_dfdc_guize_dian1",false,33554432,15,[[2,-65,[0,"d009WeCllGILVLic140rYu"],[5,14,14]],[4,-66,[0,"30KiKK0xxG5rWUotkGn55f"],4]],[1,"12iQ8jegJImrq+uD5GD0eV",null,null,null,1,0],[1,0.301,0,0]],[3,"bg_dfdc_guize_d5",33554432,3,[-69],[[2,-67,[0,"d1OkbciFdAYrOw4BeF9Iml"],[5,14,14]],[5,0,-68,[0,"b01hKFQ4JDaKdPRd+UOE6I"],7]],[1,"7fpW/rZidLGYy0XOT7uJ7Y",null,null,null,1,0],[1,81,0,0]],[9,"bg_dfdc_guize_dian1",false,33554432,17,[[2,-70,[0,"48GUy8/adJWYfEo8iG0AIE"],[5,14,14]],[4,-71,[0,"b3I7AVzUpGC7iatfjD+T36"],6]],[1,"94uBO15zVPE629DtgFNNrH",null,null,null,1,0],[1,0.301,0,0]],[3,"page1",33554432,2,[-74],[[2,-72,[0,"9aSlsM4uRMXYbW6/FTZ/ig"],[5,614,708]],[7,1,0,-73,[0,"fdD/USxRNMebkfd6RJyqpU"]]],[1,"22riaE1WVNgI2yoNd+zYvV",null,null,null,1,0],[1,307,0,0]],[3,"page2",33554432,2,[-77],[[2,-75,[0,"d5kxfI0VpCdITBQmVimYUy"],[5,614,708]],[7,1,0,-76,[0,"90wBfuQ3xBmaGlHdvZe7br"]]],[1,"59/2CUsqVAVaeOm0XVJyF2",null,null,null,1,0],[1,921,0,0]],[3,"page3",33554432,2,[-80],[[2,-78,[0,"27RdzJb9BGb7Mv8j3tzuZk"],[5,614,708]],[7,1,0,-79,[0,"0eYSObUvBAI6G8pYtTfH2S"]]],[1,"a2+aL1nVhKEZ7VS6nz7OBY",null,null,null,1,0],[1,1535,0,0]],[3,"page4",33554432,2,[-83],[[2,-81,[0,"90d0oQCqlO6Ib0Gh70Boq7"],[5,614,708]],[7,1,0,-82,[0,"8el1MoCLpIYruOc7NMIKyi"]]],[1,"31NvUWAcdNtLrVz2m2p3JD",null,null,null,1,0],[1,2149,0,0]],[6,"spr_rule_page1",33554432,19,[[2,-84,[0,"619pBk/mVOEIQXqAdVXrEz"],[5,566,708]],[4,-85,[0,"b4yNsAXfZFLZ/kKv5dujDp"],8]],[1,"fdB1gEx91DI6SqOwtLM8Pr",null,null,null,1,0]],[6,"spr_rule_page1",33554432,20,[[2,-86,[0,"27A4leVWtNQ46Dhni9PGRi"],[5,600,766]],[4,-87,[0,"76DqiSRQhGOah8LXJU5e/u"],9]],[1,"d5wRDHA6ZKWaDfiSMZrQj7",null,null,null,1,0]],[6,"spr_rule_page1",33554432,21,[[2,-88,[0,"19jRSIq9NP+KkhbnqgE9Eq"],[5,614,792]],[4,-89,[0,"a2PZcXYTFJab1Y92wyTMeG"],10]],[1,"a78FzWjflMRq42OLXrOMpO",null,null,null,1,0]],[6,"spr_rule_page1",33554432,22,[[2,-90,[0,"f151c7XRZMV6l5hccNGlKC"],[5,569,575]],[4,-91,[0,"33zTJgc0RID7g99H1QwGEf"],11]],[1,"c72+FxjplNKpI2JZh/24hG",null,null,null,1,0]],[33,"pageView-horizontal<PageView>",false,7,[0,"6eLVa2eCFITbTEZneQsJIU"],2,[[8,"b7bcdkb3ahAD5AVZhgB++nm","showPage2",1]]]],0,[0,6,1,0,0,1,0,0,1,0,-1,12,0,-2,14,0,-3,16,0,-4,18,0,7,27,0,0,1,0,-1,4,0,0,2,0,0,2,0,0,2,0,-1,19,0,-2,20,0,-3,21,0,-4,22,0,0,3,0,0,3,0,-1,11,0,-2,13,0,-3,15,0,-4,17,0,0,4,0,0,4,0,-2,7,0,-3,6,0,0,5,0,0,5,0,0,5,0,0,5,0,0,6,0,0,6,0,-1,8,0,-2,9,0,-3,10,0,0,7,0,0,7,0,-3,27,0,0,8,0,0,8,0,3,8,0,0,8,0,0,9,0,0,9,0,3,9,0,0,9,0,0,10,0,0,10,0,3,10,0,0,10,0,0,11,0,0,11,0,-1,12,0,0,12,0,0,12,0,0,13,0,0,13,0,-1,14,0,0,14,0,0,14,0,0,15,0,0,15,0,-1,16,0,0,16,0,0,16,0,0,17,0,0,17,0,-1,18,0,0,18,0,0,18,0,0,19,0,0,19,0,-1,23,0,0,20,0,0,20,0,-1,24,0,0,21,0,0,21,0,-1,25,0,0,22,0,0,22,0,-1,26,0,0,23,0,0,23,0,0,24,0,0,24,0,0,25,0,0,25,0,0,26,0,0,26,0,8,1,2,4,5,3,4,4,5,4,7,91],[0,0,0,0,0,0,0,0,0,0,0,0,0,0,0,0,0,0,0],[1,1,1,1,1,1,1,1,1,1,1,1,1,5,1,5,1,5,1],[0,1,0,1,0,1,0,1,10,11,12,13,2,2,3,3,4,4,14]],[[{"name":"btn_hu_you","rect":{"x":0,"y":0,"width":42,"height":67},"offset":{"x":0,"y":0},"originalSize":{"width":42,"height":67},"rotated":false,"capInsets":[0,0,0,0],"vertices":{"rawPosition":[-21,-33.5,0,21,-33.5,0,-21,33.5,0,21,33.5,0],"indexes":[0,1,2,2,1,3],"uv":[0,67,42,67,0,0,42,0],"nuv":[0,0,1,0,0,1,1,1],"minPos":{"x":-21,"y":-33.5,"z":0},"maxPos":{"x":21,"y":33.5,"z":0}},"packable":true,"pixelsToUnit":100,"pivot":{"x":0.5,"y":0.5},"meshType":0}],[1],0,[0],[2],[15]],[[{"name":"bg_hu_guize_1","rect":{"x":0,"y":0,"width":566,"height":708},"offset":{"x":0,"y":0},"originalSize":{"width":566,"height":708},"rotated":false,"capInsets":[0,0,0,0],"vertices":{"rawPosition":[-283,-354,0,283,-354,0,-283,354,0,283,354,0],"indexes":[0,1,2,2,1,3],"uv":[0,708,566,708,0,0,566,0],"nuv":[0,0,1,0,0,1,1,1],"minPos":{"x":-283,"y":-354,"z":0},"maxPos":{"x":283,"y":354,"z":0}},"packable":true,"pixelsToUnit":100,"pivot":{"x":0.5,"y":0.5},"meshType":0}],[1],0,[0],[2],[16]],[[{"name":"icon_hu_xuanhzong","rect":{"x":0,"y":0,"width":14,"height":14},"offset":{"x":0,"y":0},"originalSize":{"width":14,"height":14},"rotated":false,"capInsets":[0,0,0,0],"vertices":{"rawPosition":[-7,-7,0,7,-7,0,-7,7,0,7,7,0],"indexes":[0,1,2,2,1,3],"uv":[0,14,14,14,0,0,14,0],"nuv":[0,0,1,0,0,1,1,1],"minPos":{"x":-7,"y":-7,"z":0},"maxPos":{"x":7,"y":7,"z":0}},"packable":true,"pixelsToUnit":100,"pivot":{"x":0.5,"y":0.5},"meshType":0}],[1],0,[0],[2],[17]],[[{"name":"bg_hu_guize_2","rect":{"x":0,"y":0,"width":600,"height":766},"offset":{"x":0,"y":0},"originalSize":{"width":600,"height":766},"rotated":false,"capInsets":[0,0,0,0],"vertices":{"rawPosition":[-300,-383,0,300,-383,0,-300,383,0,300,383,0],"indexes":[0,1,2,2,1,3],"uv":[0,766,600,766,0,0,600,0],"nuv":[0,0,1,0,0,1,1,1],"minPos":{"x":-300,"y":-383,"z":0},"maxPos":{"x":300,"y":383,"z":0}},"packable":true,"pixelsToUnit":100,"pivot":{"x":0.5,"y":0.5},"meshType":0}],[1],0,[0],[2],[18]]]]
