[1,["1d17b007e@6c48a"],["_textureSource"],["cc.SpriteFrame"],0,[[[{"name":"icon_fruits777_777","rect":{"x":416,"y":797,"width":147,"height":117},"offset":{"x":0,"y":0},"originalSize":{"width":147,"height":117},"rotated":false,"capInsets":[0,0,0,0],"packable":true,"pixelsToUnit":100,"pivot":{"x":0.5,"y":0.5},"meshType":0}],[0],0,[0],[0],[0]],[[{"name":"icon_fruits777_777_big","rect":{"x":3,"y":3,"width":417,"height":400},"offset":{"x":0,"y":0},"originalSize":{"width":417,"height":400},"rotated":false,"capInsets":[0,0,0,0],"packable":true,"pixelsToUnit":100,"pivot":{"x":0.5,"y":0.5},"meshType":0}],[0],0,[0],[0],[0]],[[{"name":"icon_fruits777_putao","rect":{"x":824,"y":3,"width":121,"height":122},"offset":{"x":0,"y":0},"originalSize":{"width":121,"height":122},"rotated":false,"capInsets":[0,0,0,0],"packable":true,"pixelsToUnit":100,"pivot":{"x":0.5,"y":0.5},"meshType":0}],[0],0,[0],[0],[0]],[[{"name":"icon_fruits777_lingdang_big","rect":{"x":3,"y":409,"width":377,"height":365},"offset":{"x":0,"y":0},"originalSize":{"width":377,"height":365},"rotated":true,"capInsets":[0,0,0,0],"packable":true,"pixelsToUnit":100,"pivot":{"x":0.5,"y":0.5},"meshType":0}],[0],0,[0],[0],[0]],[[{"name":"icon_fruits777_wild","rect":{"x":794,"y":404,"width":128,"height":132},"offset":{"x":0,"y":0},"originalSize":{"width":128,"height":132},"rotated":false,"capInsets":[0,0,0,0],"packable":true,"pixelsToUnit":100,"pivot":{"x":0.5,"y":0.5},"meshType":0}],[0],0,[0],[0],[0]],[[{"name":"icon_fruits777_caomei","rect":{"x":856,"y":810,"width":126,"height":124},"offset":{"x":0,"y":0},"originalSize":{"width":126,"height":124},"rotated":true,"capInsets":[0,0,0,0],"packable":true,"pixelsToUnit":100,"pivot":{"x":0.5,"y":0.5},"meshType":0}],[0],0,[0],[0],[0]],[[{"name":"icon_fruits777_lingdang","rect":{"x":3,"y":792,"width":150,"height":129},"offset":{"x":-0.5,"y":0},"originalSize":{"width":151,"height":129},"rotated":false,"capInsets":[0,0,0,0],"packable":true,"pixelsToUnit":100,"pivot":{"x":0.5,"y":0.5},"meshType":0}],[0],0,[0],[0],[0]],[[{"name":"icon_fruits777_bonus","rect":{"x":159,"y":792,"width":147,"height":130},"offset":{"x":0,"y":0},"originalSize":{"width":147,"height":130},"rotated":false,"capInsets":[0,0,0,0],"packable":true,"pixelsToUnit":100,"pivot":{"x":0.5,"y":0.5},"meshType":0}],[0],0,[0],[0],[0]],[[{"name":"icon_fruits777_pingguo","rect":{"x":716,"y":797,"width":134,"height":123},"offset":{"x":0,"y":0},"originalSize":{"width":134,"height":123},"rotated":false,"capInsets":[0,0,0,0],"packable":true,"pixelsToUnit":100,"pivot":{"x":0.5,"y":0.5},"meshType":0}],[0],0,[0],[0],[0]],[[{"name":"icon_fruits777_2bar","rect":{"x":312,"y":792,"width":137,"height":98},"offset":{"x":0,"y":0},"originalSize":{"width":137,"height":98},"rotated":true,"capInsets":[0,0,0,0],"packable":true,"pixelsToUnit":100,"pivot":{"x":0.5,"y":0.5},"meshType":0}],[0],0,[0],[0],[0]],[[{"name":"icon_fruits777_jiangjiao","rect":{"x":794,"y":542,"width":128,"height":119},"offset":{"x":0,"y":0},"originalSize":{"width":128,"height":119},"rotated":true,"capInsets":[0,0,0,0],"packable":true,"pixelsToUnit":100,"pivot":{"x":0.5,"y":0.5},"meshType":0}],[0],0,[0],[0],[0]],[[{"name":"icon_fruits777_2bar_big","rect":{"x":426,"y":404,"width":387,"height":362},"offset":{"x":0,"y":0},"originalSize":{"width":387,"height":362},"rotated":true,"capInsets":[0,0,0,0],"packable":true,"pixelsToUnit":100,"pivot":{"x":0.5,"y":0.5},"meshType":0}],[0],0,[0],[0],[0]],[[{"name":"icon_fruits777_bar","rect":{"x":3,"y":927,"width":137,"height":54},"offset":{"x":0,"y":0},"originalSize":{"width":137,"height":54},"rotated":false,"capInsets":[0,0,0,0],"packable":true,"pixelsToUnit":100,"pivot":{"x":0.5,"y":0.5},"meshType":0}],[0],0,[0],[0],[0]],[[{"name":"icon_fruits777_3bar_big","rect":{"x":426,"y":3,"width":395,"height":392},"offset":{"x":-2,"y":1},"originalSize":{"width":399,"height":400},"rotated":true,"capInsets":[0,0,0,0],"packable":true,"pixelsToUnit":100,"pivot":{"x":0.5,"y":0.5},"meshType":0}],[0],0,[0],[0],[0]],[[{"name":"icon_fruits777_xigua","rect":{"x":569,"y":797,"width":141,"height":125},"offset":{"x":0,"y":0},"originalSize":{"width":141,"height":125},"rotated":false,"capInsets":[0,0,0,0],"packable":true,"pixelsToUnit":100,"pivot":{"x":0.5,"y":0.5},"meshType":0}],[0],0,[0],[0],[0]],[[{"name":"icon_fruits777_3bar","rect":{"x":856,"y":676,"width":128,"height":116},"offset":{"x":0,"y":0},"originalSize":{"width":128,"height":116},"rotated":true,"capInsets":[0,0,0,0],"packable":true,"pixelsToUnit":100,"pivot":{"x":0.5,"y":0.5},"meshType":0}],[0],0,[0],[0],[0]]]]
