[1,["fda8bc75-5cd1-4d8f-a156-b11d7f018993","3c57c8ef-5238-4380-8cef-6a53552898d1@6c48a"],["node","root","data","_skeletonData"],[["cc.Node",["_name","_components","_prefab","_children","_parent"],2,9,4,2,1],["cc.Prefab",["_name"],2],["cc.UITransform",["node","__prefab","_contentSize"],3,1,4,5],["cc.CompPrefabInfo",["fileId"],2],["cc.Widget",["_alignFlags","_originalWidth","_originalHeight","node","__prefab"],0,1,4],["cc.PrefabInfo",["fileId","instance","targetOverrides","nestedPrefabInstanceRoots","root","asset"],-1,1,1],["sp.Skeleton",["defaultSkin","defaultAnimation","_premultipliedAlpha","_preCacheMode","node","__prefab","_skeletonData"],-1,1,4,6],["sp.SkeletonData",["_name","_atlasText","textureNames","_skeletonJson","textures"],-1,3]],[[3,0,2],[2,0,1,2,1],[4,0,1,2,3,4,4],[5,0,1,2,3,4,5,5],[1,0,2],[0,0,3,1,2,2],[0,0,4,1,2,2],[6,0,1,2,3,4,5,6,5],[7,0,1,2,3,4,5]],[[[[4,"prefab_fruits777_sgGoin"],[5,"prefab_fruits777_sgGoin",[-4],[[1,-2,[0,"bbObvKxCRIAqTzAPsjW+kM"],[5,1334,750.0000000000001]],[2,45,100,100,-3,[0,"3ax1dhdrZIlqsUxozGDEfw"]]],[3,"c46/YsCPVOJYA4mWEpNYRx",null,null,null,-1,0]],[6,"feishuiguodonghua",1,[[1,-5,[0,"27aeDEQSxLwZVX0IyW/QPq"],[5,1334,750.0000000000001]],[7,"default","animation",false,0,-6,[0,"235T+LYylDzZXZf26UY0z+"],0],[2,45,200.37,232.83,-7,[0,"98RuS+1pZKwI23LpTMn/VJ"]]],[3,"f9ecKEeWdKnJw3z2DsQtJv",null,null,null,1,0]]],0,[0,1,1,0,0,1,0,0,1,0,-1,2,0,0,2,0,0,2,0,0,2,0,2,1,7],[0],[3],[0]],[[[8,"feishuiguodonghua","\r\nfeishuiguodonghua.png\r\nsize: 1024,128\r\nformat: RGBA8888\r\nfilter: Linear,Linear\r\nrepeat: none\r\nfeishuiguoboluo\r\n  rotate: false\r\n  xy: 375, 13\r\n  size: 110, 108\r\n  orig: 110, 108\r\n  offset: 0, 0\r\n  index: -1\r\nfeishuiguolanmei\r\n  rotate: false\r\n  xy: 258, 14\r\n  size: 115, 107\r\n  orig: 115, 107\r\n  offset: 0, 0\r\n  index: -1\r\nfeishuiguoputap\r\n  rotate: false\r\n  xy: 487, 14\r\n  size: 106, 107\r\n  orig: 106, 107\r\n  offset: 0, 0\r\n  index: -1\r\nfeishuiguoxiangjiao\r\n  rotate: false\r\n  xy: 2, 2\r\n  size: 128, 119\r\n  orig: 128, 119\r\n  offset: 0, 0\r\n  index: -1\r\nfeishuiguoxigua\r\n  rotate: false\r\n  xy: 132, 12\r\n  size: 124, 109\r\n  orig: 124, 109\r\n  offset: 0, 0\r\n  index: -1\r\n",["feishuiguodonghua.png"],{"skeleton":{"hash":"mh7Oe6KKhIo4V9a+gs4yyQtYDkU","spine":"3.6.53","width":200.37,"height":232.83,"images":""},"bones":[{"name":"root"},{"name":"bone","parent":"root","scaleX":1.3,"scaleY":1.3},{"name":"boluo","parent":"bone"},{"name":"boluo2","parent":"bone"},{"name":"boluo3","parent":"bone"},{"name":"boluo4","parent":"bone"},{"name":"boluo5","parent":"bone"},{"name":"feiboluo","parent":"boluo","x":680.53,"y":-244.65},{"name":"feiboluo2","parent":"boluo","rotation":90,"x":680.53,"y":-244.65},{"name":"feiboluo3","parent":"boluo","x":680.53,"y":-244.65},{"name":"feiboluo4","parent":"boluo","x":680.53,"y":-244.65},{"name":"feiboluo5","parent":"boluo","x":680.53,"y":-244.65},{"name":"feiboluo6","parent":"boluo","x":680.53,"y":-244.65},{"name":"feiboluo7","parent":"boluo","x":680.53,"y":-244.65},{"name":"feiboluo11","parent":"boluo2","x":680.53,"y":-244.65},{"name":"feiboluo12","parent":"boluo2","rotation":90,"x":680.53,"y":-244.65},{"name":"feiboluo13","parent":"boluo2","x":680.53,"y":-244.65},{"name":"feiboluo14","parent":"boluo2","x":680.53,"y":-244.65},{"name":"feiboluo15","parent":"boluo2","x":680.53,"y":-244.65},{"name":"feiboluo16","parent":"boluo2","x":680.53,"y":-244.65},{"name":"feiboluo17","parent":"boluo2","x":680.53,"y":-244.65},{"name":"feiboluo18","parent":"boluo2","x":680.53,"y":-244.65},{"name":"feiboluo21","parent":"boluo3","x":680.53,"y":-244.65},{"name":"feiboluo22","parent":"boluo3","rotation":90,"x":680.53,"y":-244.65},{"name":"feiboluo23","parent":"boluo3","x":680.53,"y":-244.65},{"name":"feiboluo24","parent":"boluo3","x":680.53,"y":-244.65},{"name":"feiboluo25","parent":"boluo3","x":680.53,"y":-244.65},{"name":"feiboluo26","parent":"boluo3","x":680.53,"y":-244.65},{"name":"feiboluo27","parent":"boluo3","x":680.53,"y":-244.65},{"name":"feiboluo28","parent":"boluo3","x":680.53,"y":-244.65},{"name":"feiboluo31","parent":"boluo4","x":680.53,"y":-244.65},{"name":"feiboluo32","parent":"boluo4","rotation":90,"x":680.53,"y":-244.65},{"name":"feiboluo33","parent":"boluo4","x":680.53,"y":-244.65},{"name":"feiboluo34","parent":"boluo4","x":680.53,"y":-244.65},{"name":"feiboluo35","parent":"boluo4","x":680.53,"y":-244.65},{"name":"feiboluo36","parent":"boluo4","x":680.53,"y":-244.65},{"name":"feiboluo37","parent":"boluo4","x":680.53,"y":-244.65},{"name":"feiboluo38","parent":"boluo4","x":680.53,"y":-244.65},{"name":"feiboluo41","parent":"boluo5","x":680.53,"y":-244.65},{"name":"lanmei","parent":"bone"},{"name":"feilanmei","parent":"lanmei","x":675.4,"y":-276.23},{"name":"feilanmei2","parent":"lanmei","x":675.4,"y":-276.23},{"name":"feilanmei3","parent":"lanmei","rotation":90,"x":675.4,"y":-276.23},{"name":"feilanmei4","parent":"lanmei","x":675.4,"y":-276.23},{"name":"feilanmei5","parent":"lanmei","x":675.4,"y":-276.23},{"name":"feilanmei6","parent":"lanmei","x":675.4,"y":-276.23},{"name":"feilanmei7","parent":"lanmei","x":675.4,"y":-276.23},{"name":"lanmei2","parent":"bone"},{"name":"feilanmei10","parent":"lanmei2","x":675.4,"y":-276.23},{"name":"feilanmei11","parent":"lanmei2","x":675.4,"y":-276.23},{"name":"feilanmei12","parent":"lanmei2","rotation":90,"x":675.4,"y":-276.23},{"name":"feilanmei13","parent":"lanmei2","x":675.4,"y":-276.23},{"name":"feilanmei14","parent":"lanmei2","x":675.4,"y":-276.23},{"name":"feilanmei15","parent":"lanmei2","x":675.4,"y":-276.23},{"name":"feilanmei16","parent":"lanmei2","x":675.4,"y":-276.23},{"name":"lanmei3","parent":"bone"},{"name":"feilanmei19","parent":"lanmei3","x":675.4,"y":-276.23},{"name":"feilanmei20","parent":"lanmei3","x":675.4,"y":-276.23},{"name":"feilanmei21","parent":"lanmei3","rotation":90,"x":675.4,"y":-276.23},{"name":"feilanmei22","parent":"lanmei3","x":675.4,"y":-276.23},{"name":"feilanmei23","parent":"lanmei3","x":675.4,"y":-276.23},{"name":"feilanmei24","parent":"lanmei3","x":675.4,"y":-276.23},{"name":"feilanmei25","parent":"lanmei3","x":675.4,"y":-276.23},{"name":"feilanmei26","parent":"lanmei3","x":675.4,"y":-276.23},{"name":"feilanmei27","parent":"lanmei3","x":675.4,"y":-276.23},{"name":"lanmei4","parent":"bone"},{"name":"feilanmei28","parent":"lanmei4","x":675.4,"y":-276.23},{"name":"feilanmei29","parent":"lanmei4","x":675.4,"y":-276.23},{"name":"feilanmei30","parent":"lanmei4","rotation":90,"x":675.4,"y":-276.23},{"name":"putao","parent":"bone"},{"name":"feiputap","parent":"putao","x":673.19,"y":-241.91},{"name":"feiputap2","parent":"putao","x":673.19,"y":-241.91},{"name":"feiputap3","parent":"putao","rotation":90,"x":673.19,"y":-241.91},{"name":"feiputap4","parent":"putao","x":673.19,"y":-241.91},{"name":"feiputap5","parent":"putao","x":673.19,"y":-241.91},{"name":"feiputap6","parent":"putao","x":673.19,"y":-241.91},{"name":"feiputap7","parent":"putao","x":673.19,"y":-241.91},{"name":"feiputap8","parent":"putao","x":673.19,"y":-241.91},{"name":"feiputap9","parent":"putao","x":673.19,"y":-241.91},{"name":"putao2","parent":"bone"},{"name":"feiputap10","parent":"putao2","x":673.19,"y":-241.91},{"name":"feiputap11","parent":"putao2","x":673.19,"y":-241.91},{"name":"feiputap12","parent":"putao2","rotation":90,"x":673.19,"y":-241.91},{"name":"feiputap13","parent":"putao2","x":673.19,"y":-241.91},{"name":"feiputap14","parent":"putao2","x":673.19,"y":-241.91},{"name":"feiputap15","parent":"putao2","x":673.19,"y":-241.91},{"name":"feiputap16","parent":"putao2","x":673.19,"y":-241.91},{"name":"feiputap17","parent":"putao2","x":673.19,"y":-241.91},{"name":"feiputap18","parent":"putao2","x":673.19,"y":-241.91},{"name":"putao3","parent":"bone"},{"name":"feiputap19","parent":"putao3","x":673.19,"y":-241.91},{"name":"feiputap20","parent":"putao3","x":673.19,"y":-241.91},{"name":"feiputap21","parent":"putao3","rotation":90,"x":673.19,"y":-241.91},{"name":"feiputap22","parent":"putao3","x":673.19,"y":-241.91},{"name":"feiputap23","parent":"putao3","x":673.19,"y":-241.91},{"name":"feiputap24","parent":"putao3","x":673.19,"y":-241.91},{"name":"feiputap25","parent":"putao3","x":673.19,"y":-241.91},{"name":"feiputap26","parent":"putao3","x":673.19,"y":-241.91},{"name":"feiputap27","parent":"putao3","x":673.19,"y":-241.91},{"name":"xiangjiao","parent":"bone"},{"name":"feixiangjiao","parent":"xiangjiao","x":679.48,"y":-270.19},{"name":"feixiangjiao2","parent":"xiangjiao","x":679.48,"y":-270.19},{"name":"feixiangjiao3","parent":"xiangjiao","rotation":90,"x":679.48,"y":-270.19},{"name":"feixiangjiao4","parent":"xiangjiao","x":679.48,"y":-270.19},{"name":"feixiangjiao5","parent":"xiangjiao","rotation":90,"x":679.48,"y":-270.19},{"name":"feixiangjiao6","parent":"xiangjiao","x":679.48,"y":-270.19},{"name":"feixiangjiao7","parent":"xiangjiao","x":679.48,"y":-270.19},{"name":"feixiangjiao8","parent":"xiangjiao","x":679.48,"y":-270.19},{"name":"feixiangjiao9","parent":"xiangjiao","x":679.48,"y":-270.19},{"name":"xiangjiao2","parent":"bone"},{"name":"feixiangjiao10","parent":"xiangjiao2","x":679.48,"y":-270.19},{"name":"feixiangjiao11","parent":"xiangjiao2","x":679.48,"y":-270.19},{"name":"feixiangjiao12","parent":"xiangjiao2","rotation":90,"x":679.48,"y":-270.19},{"name":"feixiangjiao13","parent":"xiangjiao2","x":679.48,"y":-270.19},{"name":"feixiangjiao14","parent":"xiangjiao2","rotation":90,"x":679.48,"y":-270.19},{"name":"feixiangjiao15","parent":"xiangjiao2","x":679.48,"y":-270.19},{"name":"feixiangjiao16","parent":"xiangjiao2","x":679.48,"y":-270.19},{"name":"feixiangjiao17","parent":"xiangjiao2","x":679.48,"y":-270.19},{"name":"feixiangjiao18","parent":"xiangjiao2","x":679.48,"y":-270.19},{"name":"xiangjiao3","parent":"bone"},{"name":"feixiangjiao19","parent":"xiangjiao3","x":679.48,"y":-270.19},{"name":"feixiangjiao20","parent":"xiangjiao3","x":679.48,"y":-270.19},{"name":"feixiangjiao21","parent":"xiangjiao3","rotation":90,"x":679.48,"y":-270.19},{"name":"feixiangjiao27","parent":"xiangjiao3","x":679.48,"y":-270.19},{"name":"xigua","parent":"bone","x":666.6,"y":-245.59},{"name":"feixigua","parent":"xigua","x":11.18,"y":-0.02},{"name":"feixigua2","parent":"xigua","x":11.18,"y":-0.02},{"name":"feixigua3","parent":"xigua","x":11.18,"y":-0.02},{"name":"feixigua4","parent":"xigua","rotation":90,"x":11.18,"y":-0.02},{"name":"feixigua5","parent":"xigua","x":11.18,"y":-0.02},{"name":"feixigua6","parent":"xigua","x":11.18,"y":-0.02},{"name":"feixigua7","parent":"xigua","x":11.18,"y":-0.02},{"name":"feixigua8","parent":"xigua","x":11.18,"y":-0.02},{"name":"feixigua9","parent":"xigua","x":11.18,"y":-0.02},{"name":"xigua2","parent":"bone","x":666.6,"y":-245.59},{"name":"feixigua10","parent":"xigua2","x":11.18,"y":-0.02},{"name":"feixigua11","parent":"xigua2","x":11.18,"y":-0.02},{"name":"feixigua12","parent":"xigua2","x":11.18,"y":-0.02},{"name":"feixigua13","parent":"xigua2","rotation":90,"x":11.18,"y":-0.02},{"name":"feixigua14","parent":"xigua2","x":11.18,"y":-0.02},{"name":"feixigua15","parent":"xigua2","x":11.18,"y":-0.02},{"name":"feixigua16","parent":"xigua2","x":11.18,"y":-0.02},{"name":"feixigua17","parent":"xigua2","x":11.18,"y":-0.02},{"name":"feixigua18","parent":"xigua2","x":11.18,"y":-0.02},{"name":"xigua3","parent":"bone","x":666.6,"y":-245.59},{"name":"feixigua19","parent":"xigua3","x":11.18,"y":-0.02},{"name":"feixigua20","parent":"xigua3","x":11.18,"y":-0.02},{"name":"feixigua21","parent":"xigua3","x":11.18,"y":-0.02},{"name":"feixigua22","parent":"xigua3","rotation":90,"x":11.18,"y":-0.02},{"name":"feixigua27","parent":"xigua3","x":11.18,"y":-0.02},{"name":"xigua4","parent":"root","x":666.6,"y":-245.59}],"slots":[{"name":"feishuiguoboluo","bone":"feiboluo","attachment":"feishuiguoboluo"},{"name":"feishuiguoboluo11","bone":"feiboluo11","attachment":"feishuiguoboluo"},{"name":"feishuiguoboluo21","bone":"feiboluo21","attachment":"feishuiguoboluo"},{"name":"feishuiguoboluo31","bone":"feiboluo31","attachment":"feishuiguoboluo"},{"name":"feishuiguoboluo41","bone":"feiboluo41","attachment":"feishuiguoboluo"},{"name":"feishuiguoboluo2","bone":"feiboluo2","attachment":"feishuiguoboluo"},{"name":"feishuiguoboluo12","bone":"feiboluo12","attachment":"feishuiguoboluo"},{"name":"feishuiguoboluo22","bone":"feiboluo22","attachment":"feishuiguoboluo"},{"name":"feishuiguoboluo32","bone":"feiboluo32","attachment":"feishuiguoboluo"},{"name":"feishuiguoboluo3","bone":"feiboluo3","attachment":"feishuiguoboluo"},{"name":"feishuiguoboluo13","bone":"feiboluo13","attachment":"feishuiguoboluo"},{"name":"feishuiguoboluo23","bone":"feiboluo23","attachment":"feishuiguoboluo"},{"name":"feishuiguoboluo33","bone":"feiboluo33","attachment":"feishuiguoboluo"},{"name":"feishuiguoboluo4","bone":"feiboluo4","attachment":"feishuiguoboluo"},{"name":"feishuiguoboluo14","bone":"feiboluo14","attachment":"feishuiguoboluo"},{"name":"feishuiguoboluo24","bone":"feiboluo24","attachment":"feishuiguoboluo"},{"name":"feishuiguoboluo34","bone":"feiboluo34","attachment":"feishuiguoboluo"},{"name":"feishuiguoboluo5","bone":"feiboluo5","attachment":"feishuiguoboluo"},{"name":"feishuiguoboluo15","bone":"feiboluo15","attachment":"feishuiguoboluo"},{"name":"feishuiguoboluo25","bone":"feiboluo25","attachment":"feishuiguoboluo"},{"name":"feishuiguoboluo35","bone":"feiboluo35","attachment":"feishuiguoboluo"},{"name":"feishuiguoboluo6","bone":"feiboluo6","attachment":"feishuiguoboluo"},{"name":"feishuiguoboluo16","bone":"feiboluo16","attachment":"feishuiguoboluo"},{"name":"feishuiguoboluo26","bone":"feiboluo26","attachment":"feishuiguoboluo"},{"name":"feishuiguoboluo7","bone":"feiboluo7","attachment":"feishuiguoboluo"},{"name":"feishuiguoboluo27","bone":"feiboluo27","attachment":"feishuiguoboluo"},{"name":"feishuiguoboluo37","bone":"feiboluo37","attachment":"feishuiguoboluo"},{"name":"feishuiguoboluo18","bone":"feiboluo18","attachment":"feishuiguoboluo"},{"name":"feishuiguoboluo38","bone":"feiboluo38","attachment":"feishuiguoboluo"},{"name":"feishuiguolanmei","bone":"feilanmei","attachment":"feishuiguolanmei"},{"name":"feishuiguolanmei10","bone":"feilanmei10","attachment":"feishuiguolanmei"},{"name":"feishuiguolanmei19","bone":"feilanmei19","attachment":"feishuiguolanmei"},{"name":"feishuiguolanmei28","bone":"feilanmei28","attachment":"feishuiguolanmei"},{"name":"feishuiguolanmei2","bone":"feilanmei2","attachment":"feishuiguolanmei"},{"name":"feishuiguoxigua13","bone":"feixigua13","attachment":"feishuiguoxigua"},{"name":"feishuiguoxigua8","bone":"feixigua8","attachment":"feishuiguoxigua"},{"name":"feishuiguolanmei11","bone":"feilanmei11","attachment":"feishuiguolanmei"},{"name":"feishuiguolanmei20","bone":"feilanmei20","attachment":"feishuiguolanmei"},{"name":"feishuiguolanmei29","bone":"feilanmei29","attachment":"feishuiguolanmei"},{"name":"feishuiguolanmei3","bone":"feilanmei3","attachment":"feishuiguolanmei"},{"name":"feishuiguolanmei12","bone":"feilanmei12","attachment":"feishuiguolanmei"},{"name":"feishuiguolanmei21","bone":"feilanmei21","attachment":"feishuiguolanmei"},{"name":"feishuiguolanmei30","bone":"feilanmei30","attachment":"feishuiguolanmei"},{"name":"feishuiguolanmei13","bone":"feilanmei13","attachment":"feishuiguolanmei"},{"name":"feishuiguolanmei22","bone":"feilanmei22","attachment":"feishuiguolanmei"},{"name":"feishuiguolanmei5","bone":"feilanmei5","attachment":"feishuiguolanmei"},{"name":"feishuiguolanmei14","bone":"feilanmei14","attachment":"feishuiguolanmei"},{"name":"feishuiguolanmei23","bone":"feilanmei23","attachment":"feishuiguolanmei"},{"name":"feishuiguolanmei6","bone":"feilanmei6","attachment":"feishuiguolanmei"},{"name":"feishuiguolanmei15","bone":"feilanmei15","attachment":"feishuiguolanmei"},{"name":"feishuiguolanmei24","bone":"feilanmei24","attachment":"feishuiguolanmei"},{"name":"feishuiguolanmei7","bone":"feilanmei7","attachment":"feishuiguolanmei"},{"name":"feishuiguolanmei16","bone":"feilanmei16","attachment":"feishuiguolanmei"},{"name":"feishuiguolanmei25","bone":"feilanmei25","attachment":"feishuiguolanmei"},{"name":"feishuiguolanmei26","bone":"feilanmei26","attachment":"feishuiguolanmei"},{"name":"feishuiguoputap","bone":"feiputap","attachment":"feishuiguoputap"},{"name":"feishuiguoputap10","bone":"feiputap10","attachment":"feishuiguoputap"},{"name":"feishuiguoputap11","bone":"feiputap11","attachment":"feishuiguoputap"},{"name":"feishuiguoputap20","bone":"feiputap20","attachment":"feishuiguoputap"},{"name":"feishuiguoputap3","bone":"feiputap3","attachment":"feishuiguoputap"},{"name":"feishuiguoputap12","bone":"feiputap12","attachment":"feishuiguoputap"},{"name":"feishuiguoputap21","bone":"feiputap21","attachment":"feishuiguoputap"},{"name":"feishuiguoputap4","bone":"feiputap4","attachment":"feishuiguoputap"},{"name":"feishuiguoputap13","bone":"feiputap13","attachment":"feishuiguoputap"},{"name":"feishuiguoputap22","bone":"feiputap22","attachment":"feishuiguoputap"},{"name":"feishuiguoputap5","bone":"feiputap5","attachment":"feishuiguoputap"},{"name":"feishuiguoputap14","bone":"feiputap14","attachment":"feishuiguoputap"},{"name":"feishuiguoputap6","bone":"feiputap6","attachment":"feishuiguoputap"},{"name":"feishuiguoputap15","bone":"feiputap15","attachment":"feishuiguoputap"},{"name":"feishuiguoputap24","bone":"feiputap24","attachment":"feishuiguoputap"},{"name":"feishuiguoputap16","bone":"feiputap16","attachment":"feishuiguoputap"},{"name":"feishuiguoputap25","bone":"feiputap25","attachment":"feishuiguoputap"},{"name":"feishuiguoputap8","bone":"feiputap8","attachment":"feishuiguoputap"},{"name":"feishuiguoputap17","bone":"feiputap17","attachment":"feishuiguoputap"},{"name":"feishuiguoputap26","bone":"feiputap26","attachment":"feishuiguoputap"},{"name":"feishuiguoputap9","bone":"feiputap9","attachment":"feishuiguoputap"},{"name":"feishuiguoputap27","bone":"feiputap27","attachment":"feishuiguoputap"},{"name":"feishuiguoxiangjiao","bone":"feixiangjiao","attachment":"feishuiguoxiangjiao"},{"name":"feishuiguoxiangjiao10","bone":"feixiangjiao10","attachment":"feishuiguoxiangjiao"},{"name":"feishuiguoxiangjiao19","bone":"feixiangjiao19","attachment":"feishuiguoxiangjiao"},{"name":"feishuiguoxiangjiao2","bone":"feixiangjiao2","attachment":"feishuiguoxiangjiao"},{"name":"feishuiguoxiangjiao20","bone":"feixiangjiao20","attachment":"feishuiguoxiangjiao"},{"name":"feishuiguoxiangjiao3","bone":"feixiangjiao3","attachment":"feishuiguoxiangjiao"},{"name":"feishuiguoxiangjiao12","bone":"feixiangjiao12","attachment":"feishuiguoxiangjiao"},{"name":"feishuiguoxiangjiao21","bone":"feixiangjiao21","attachment":"feishuiguoxiangjiao"},{"name":"feishuiguoxiangjiao4","bone":"feixiangjiao4","attachment":"feishuiguoxiangjiao"},{"name":"feishuiguoxiangjiao13","bone":"feixiangjiao13","attachment":"feishuiguoxiangjiao"},{"name":"feishuiguoxiangjiao5","bone":"feixiangjiao5","attachment":"feishuiguoxiangjiao"},{"name":"feishuiguoxiangjiao14","bone":"feixiangjiao14","attachment":"feishuiguoxiangjiao"},{"name":"feishuiguoxiangjiao6","bone":"feixiangjiao6","attachment":"feishuiguoxiangjiao"},{"name":"feishuiguoxiangjiao16","bone":"feixiangjiao16","attachment":"feishuiguoxiangjiao"},{"name":"feishuiguoxiangjiao17","bone":"feixiangjiao17","attachment":"feishuiguoxiangjiao"},{"name":"feishuiguoxiangjiao9","bone":"feixiangjiao9","attachment":"feishuiguoxiangjiao"},{"name":"feishuiguoxiangjiao27","bone":"feixiangjiao27","attachment":"feishuiguoxiangjiao"},{"name":"feishuiguoxigua","bone":"feixigua","attachment":"feishuiguoxigua"},{"name":"feishuiguoxigua10","bone":"feixigua10","attachment":"feishuiguoxigua"},{"name":"feishuiguoxigua19","bone":"feixigua19","attachment":"feishuiguoxigua"},{"name":"feishuiguoxigua2","bone":"feixigua2","attachment":"feishuiguoxigua"},{"name":"feishuiguoxigua11","bone":"feixigua11","attachment":"feishuiguoxigua"},{"name":"feishuiguoxigua20","bone":"feixigua20","attachment":"feishuiguoxigua"},{"name":"feishuiguoxigua3","bone":"feixigua3","attachment":"feishuiguoxigua"},{"name":"feishuiguoxigua12","bone":"feixigua12","attachment":"feishuiguoxigua"},{"name":"feishuiguoxigua21","bone":"feixigua21","attachment":"feishuiguoxigua"},{"name":"feishuiguoxigua4","bone":"feixigua4","attachment":"feishuiguoxigua"},{"name":"feishuiguoxigua22","bone":"feixigua22","attachment":"feishuiguoxigua"},{"name":"feishuiguoxigua5","bone":"feixigua5","attachment":"feishuiguoxigua"},{"name":"feishuiguoxigua14","bone":"feixigua14","attachment":"feishuiguoxigua"},{"name":"feishuiguoxigua6","bone":"feixigua6","attachment":"feishuiguoxigua"},{"name":"feishuiguoxigua15","bone":"feixigua15","attachment":"feishuiguoxigua"},{"name":"feishuiguoxigua7","bone":"feixigua7","attachment":"feishuiguoxigua"},{"name":"feishuiguoxigua16","bone":"feixigua16","attachment":"feishuiguoxigua"},{"name":"feishuiguoxigua17","bone":"feixigua17","attachment":"feishuiguoxigua"},{"name":"feishuiguoxigua9","bone":"feixigua9","attachment":"feishuiguoxigua"},{"name":"feishuiguoxigua18","bone":"feixigua18","attachment":"feishuiguoxigua"},{"name":"feishuiguoxigua27","bone":"feixigua27","attachment":"feishuiguoxigua"},{"name":"feishuiguoboluo36","bone":"feiboluo36","attachment":"feishuiguoboluo"},{"name":"feishuiguoboluo17","bone":"feiboluo17","attachment":"feishuiguoboluo"},{"name":"feishuiguoboluo28","bone":"feiboluo28","attachment":"feishuiguoboluo"},{"name":"feishuiguolanmei4","bone":"feilanmei4","attachment":"feishuiguolanmei"},{"name":"feishuiguolanmei27","bone":"feilanmei27","attachment":"feishuiguolanmei"},{"name":"feishuiguoputap19","bone":"feiputap19","attachment":"feishuiguoputap"},{"name":"feishuiguoputap2","bone":"feiputap2","attachment":"feishuiguoputap"},{"name":"feishuiguoputap23","bone":"feiputap23","attachment":"feishuiguoputap"},{"name":"feishuiguoputap7","bone":"feiputap7","attachment":"feishuiguoputap"},{"name":"feishuiguoputap18","bone":"feiputap18","attachment":"feishuiguoputap"},{"name":"feishuiguoxiangjiao11","bone":"feixiangjiao11","attachment":"feishuiguoxiangjiao"},{"name":"feishuiguoxiangjiao15","bone":"feixiangjiao15","attachment":"feishuiguoxiangjiao"},{"name":"feishuiguoxiangjiao7","bone":"feixiangjiao7","attachment":"feishuiguoxiangjiao"},{"name":"feishuiguoxiangjiao8","bone":"feixiangjiao8","attachment":"feishuiguoxiangjiao"},{"name":"feishuiguoxiangjiao18","bone":"feixiangjiao18","attachment":"feishuiguoxiangjiao"}],"skins":{"default":{"feishuiguoboluo":{"feishuiguoboluo":{"x":-18.71,"y":13.52,"width":110,"height":108}},"feishuiguoboluo11":{"feishuiguoboluo":{"x":-18.71,"y":13.52,"width":110,"height":108}},"feishuiguoboluo12":{"feishuiguoboluo":{"x":-18.71,"y":13.52,"width":110,"height":108}},"feishuiguoboluo13":{"feishuiguoboluo":{"x":-18.71,"y":13.52,"width":110,"height":108}},"feishuiguoboluo14":{"feishuiguoboluo":{"x":-18.71,"y":13.52,"width":110,"height":108}},"feishuiguoboluo15":{"feishuiguoboluo":{"x":-18.71,"y":13.52,"width":110,"height":108}},"feishuiguoboluo16":{"feishuiguoboluo":{"x":-18.71,"y":13.52,"width":110,"height":108}},"feishuiguoboluo17":{"feishuiguoboluo":{"x":-18.71,"y":13.52,"width":110,"height":108}},"feishuiguoboluo18":{"feishuiguoboluo":{"x":-18.71,"y":13.52,"width":110,"height":108}},"feishuiguoboluo2":{"feishuiguoboluo":{"x":-18.71,"y":13.52,"width":110,"height":108}},"feishuiguoboluo21":{"feishuiguoboluo":{"x":-18.71,"y":13.52,"width":110,"height":108}},"feishuiguoboluo22":{"feishuiguoboluo":{"x":-18.71,"y":13.52,"width":110,"height":108}},"feishuiguoboluo23":{"feishuiguoboluo":{"x":-18.71,"y":13.52,"width":110,"height":108}},"feishuiguoboluo24":{"feishuiguoboluo":{"x":-18.71,"y":13.52,"width":110,"height":108}},"feishuiguoboluo25":{"feishuiguoboluo":{"x":-18.71,"y":13.52,"width":110,"height":108}},"feishuiguoboluo26":{"feishuiguoboluo":{"x":-18.71,"y":13.52,"width":110,"height":108}},"feishuiguoboluo27":{"feishuiguoboluo":{"x":-18.71,"y":13.52,"width":110,"height":108}},"feishuiguoboluo28":{"feishuiguoboluo":{"x":-18.71,"y":13.52,"width":110,"height":108}},"feishuiguoboluo3":{"feishuiguoboluo":{"x":-18.71,"y":13.52,"width":110,"height":108}},"feishuiguoboluo31":{"feishuiguoboluo":{"x":-18.71,"y":13.52,"width":110,"height":108}},"feishuiguoboluo32":{"feishuiguoboluo":{"x":-18.71,"y":13.52,"width":110,"height":108}},"feishuiguoboluo33":{"feishuiguoboluo":{"x":-18.71,"y":13.52,"width":110,"height":108}},"feishuiguoboluo34":{"feishuiguoboluo":{"x":-18.71,"y":13.52,"width":110,"height":108}},"feishuiguoboluo35":{"feishuiguoboluo":{"x":-18.71,"y":13.52,"width":110,"height":108}},"feishuiguoboluo36":{"feishuiguoboluo":{"x":-18.71,"y":13.52,"width":110,"height":108}},"feishuiguoboluo37":{"feishuiguoboluo":{"x":-18.71,"y":13.52,"width":110,"height":108}},"feishuiguoboluo38":{"feishuiguoboluo":{"x":-18.71,"y":13.52,"width":110,"height":108}},"feishuiguoboluo4":{"feishuiguoboluo":{"x":-18.71,"y":13.52,"width":110,"height":108}},"feishuiguoboluo41":{"feishuiguoboluo":{"x":-18.71,"y":13.52,"width":110,"height":108}},"feishuiguoboluo5":{"feishuiguoboluo":{"x":-18.71,"y":13.52,"width":110,"height":108}},"feishuiguoboluo6":{"feishuiguoboluo":{"x":-18.71,"y":13.52,"width":110,"height":108}},"feishuiguoboluo7":{"feishuiguoboluo":{"x":-18.71,"y":13.52,"width":110,"height":108}},"feishuiguolanmei":{"feishuiguolanmei":{"x":-15.2,"y":-20.42,"width":115,"height":107}},"feishuiguolanmei10":{"feishuiguolanmei":{"x":-15.2,"y":-20.42,"width":115,"height":107}},"feishuiguolanmei11":{"feishuiguolanmei":{"x":-15.2,"y":-20.42,"width":115,"height":107}},"feishuiguolanmei12":{"feishuiguolanmei":{"x":-15.2,"y":-20.42,"width":115,"height":107}},"feishuiguolanmei13":{"feishuiguolanmei":{"x":-15.2,"y":-20.42,"width":115,"height":107}},"feishuiguolanmei14":{"feishuiguolanmei":{"x":-15.2,"y":-20.42,"width":115,"height":107}},"feishuiguolanmei15":{"feishuiguolanmei":{"x":-15.2,"y":-20.42,"width":115,"height":107}},"feishuiguolanmei16":{"feishuiguolanmei":{"x":-15.2,"y":-20.42,"width":115,"height":107}},"feishuiguolanmei19":{"feishuiguolanmei":{"x":-15.2,"y":-20.42,"width":115,"height":107}},"feishuiguolanmei2":{"feishuiguolanmei":{"x":-15.2,"y":-20.42,"width":115,"height":107}},"feishuiguolanmei20":{"feishuiguolanmei":{"x":-15.2,"y":-20.42,"width":115,"height":107}},"feishuiguolanmei21":{"feishuiguolanmei":{"x":-15.2,"y":-20.42,"width":115,"height":107}},"feishuiguolanmei22":{"feishuiguolanmei":{"x":-15.2,"y":-20.42,"width":115,"height":107}},"feishuiguolanmei23":{"feishuiguolanmei":{"x":-15.2,"y":-20.42,"width":115,"height":107}},"feishuiguolanmei24":{"feishuiguolanmei":{"x":-15.2,"y":-20.42,"width":115,"height":107}},"feishuiguolanmei25":{"feishuiguolanmei":{"x":-15.2,"y":-20.42,"width":115,"height":107}},"feishuiguolanmei26":{"feishuiguolanmei":{"x":-15.2,"y":-20.42,"width":115,"height":107}},"feishuiguolanmei27":{"feishuiguolanmei":{"x":-15.2,"y":-20.42,"width":115,"height":107}},"feishuiguolanmei28":{"feishuiguolanmei":{"x":-15.2,"y":-20.42,"width":115,"height":107}},"feishuiguolanmei29":{"feishuiguolanmei":{"x":-15.2,"y":-20.42,"width":115,"height":107}},"feishuiguolanmei3":{"feishuiguolanmei":{"x":-15.2,"y":-20.42,"width":115,"height":107}},"feishuiguolanmei30":{"feishuiguolanmei":{"x":-15.2,"y":-20.42,"width":115,"height":107}},"feishuiguolanmei4":{"feishuiguolanmei":{"x":-15.2,"y":-20.42,"width":115,"height":107}},"feishuiguolanmei5":{"feishuiguolanmei":{"x":-15.2,"y":-20.42,"width":115,"height":107}},"feishuiguolanmei6":{"feishuiguolanmei":{"x":-15.2,"y":-20.42,"width":115,"height":107}},"feishuiguolanmei7":{"feishuiguolanmei":{"x":-15.2,"y":-20.42,"width":115,"height":107}},"feishuiguoputap":{"feishuiguoputap":{"x":13.53,"y":-5.41,"width":106,"height":107}},"feishuiguoputap10":{"feishuiguoputap":{"x":13.53,"y":-5.41,"width":106,"height":107}},"feishuiguoputap11":{"feishuiguoputap":{"x":13.53,"y":-5.41,"width":106,"height":107}},"feishuiguoputap12":{"feishuiguoputap":{"x":13.53,"y":-5.41,"width":106,"height":107}},"feishuiguoputap13":{"feishuiguoputap":{"x":13.53,"y":-5.41,"width":106,"height":107}},"feishuiguoputap14":{"feishuiguoputap":{"x":13.53,"y":-5.41,"width":106,"height":107}},"feishuiguoputap15":{"feishuiguoputap":{"x":13.53,"y":-5.41,"width":106,"height":107}},"feishuiguoputap16":{"feishuiguoputap":{"x":13.53,"y":-5.41,"width":106,"height":107}},"feishuiguoputap17":{"feishuiguoputap":{"x":13.53,"y":-5.41,"width":106,"height":107}},"feishuiguoputap18":{"feishuiguoputap":{"x":13.53,"y":-5.41,"width":106,"height":107}},"feishuiguoputap19":{"feishuiguoputap":{"x":13.53,"y":-5.41,"width":106,"height":107}},"feishuiguoputap2":{"feishuiguoputap":{"x":13.53,"y":-5.41,"width":106,"height":107}},"feishuiguoputap20":{"feishuiguoputap":{"x":13.53,"y":-5.41,"width":106,"height":107}},"feishuiguoputap21":{"feishuiguoputap":{"x":13.53,"y":-5.41,"width":106,"height":107}},"feishuiguoputap22":{"feishuiguoputap":{"x":13.53,"y":-5.41,"width":106,"height":107}},"feishuiguoputap23":{"feishuiguoputap":{"x":13.53,"y":-5.41,"width":106,"height":107}},"feishuiguoputap24":{"feishuiguoputap":{"x":13.53,"y":-5.41,"width":106,"height":107}},"feishuiguoputap25":{"feishuiguoputap":{"x":13.53,"y":-5.41,"width":106,"height":107}},"feishuiguoputap26":{"feishuiguoputap":{"x":13.53,"y":-5.41,"width":106,"height":107}},"feishuiguoputap27":{"feishuiguoputap":{"x":13.53,"y":-5.41,"width":106,"height":107}},"feishuiguoputap3":{"feishuiguoputap":{"x":13.53,"y":-5.41,"width":106,"height":107}},"feishuiguoputap4":{"feishuiguoputap":{"x":13.53,"y":-5.41,"width":106,"height":107}},"feishuiguoputap5":{"feishuiguoputap":{"x":13.53,"y":-5.41,"width":106,"height":107}},"feishuiguoputap6":{"feishuiguoputap":{"x":13.53,"y":-5.41,"width":106,"height":107}},"feishuiguoputap7":{"feishuiguoputap":{"x":13.53,"y":-5.41,"width":106,"height":107}},"feishuiguoputap8":{"feishuiguoputap":{"x":13.53,"y":-5.41,"width":106,"height":107}},"feishuiguoputap9":{"feishuiguoputap":{"x":13.53,"y":-5.41,"width":106,"height":107}},"feishuiguoxiangjiao":{"feishuiguoxiangjiao":{"x":-20.29,"y":-9.47,"width":128,"height":119}},"feishuiguoxiangjiao10":{"feishuiguoxiangjiao":{"x":-20.29,"y":-9.47,"width":128,"height":119}},"feishuiguoxiangjiao11":{"feishuiguoxiangjiao":{"x":-20.29,"y":-9.47,"width":128,"height":119}},"feishuiguoxiangjiao12":{"feishuiguoxiangjiao":{"x":-20.29,"y":-9.47,"width":128,"height":119}},"feishuiguoxiangjiao13":{"feishuiguoxiangjiao":{"x":-20.29,"y":-9.47,"width":128,"height":119}},"feishuiguoxiangjiao14":{"feishuiguoxiangjiao":{"x":-20.29,"y":-9.47,"width":128,"height":119}},"feishuiguoxiangjiao15":{"feishuiguoxiangjiao":{"x":-20.29,"y":-9.47,"width":128,"height":119}},"feishuiguoxiangjiao16":{"feishuiguoxiangjiao":{"x":-20.29,"y":-9.47,"width":128,"height":119}},"feishuiguoxiangjiao17":{"feishuiguoxiangjiao":{"x":-20.29,"y":-9.47,"width":128,"height":119}},"feishuiguoxiangjiao18":{"feishuiguoxiangjiao":{"x":-20.29,"y":-9.47,"width":128,"height":119}},"feishuiguoxiangjiao19":{"feishuiguoxiangjiao":{"x":-20.29,"y":-9.47,"width":128,"height":119}},"feishuiguoxiangjiao2":{"feishuiguoxiangjiao":{"x":-20.29,"y":-9.47,"width":128,"height":119}},"feishuiguoxiangjiao20":{"feishuiguoxiangjiao":{"x":-20.29,"y":-9.47,"width":128,"height":119}},"feishuiguoxiangjiao21":{"feishuiguoxiangjiao":{"x":-20.29,"y":-9.47,"width":128,"height":119}},"feishuiguoxiangjiao27":{"feishuiguoxiangjiao":{"x":-20.29,"y":-9.47,"width":128,"height":119}},"feishuiguoxiangjiao3":{"feishuiguoxiangjiao":{"x":-20.29,"y":-9.47,"width":128,"height":119}},"feishuiguoxiangjiao4":{"feishuiguoxiangjiao":{"x":-20.29,"y":-9.47,"width":128,"height":119}},"feishuiguoxiangjiao5":{"feishuiguoxiangjiao":{"x":-20.29,"y":-9.47,"width":128,"height":119}},"feishuiguoxiangjiao6":{"feishuiguoxiangjiao":{"x":-20.29,"y":-9.47,"width":128,"height":119}},"feishuiguoxiangjiao7":{"feishuiguoxiangjiao":{"x":-20.29,"y":-9.47,"width":128,"height":119}},"feishuiguoxiangjiao8":{"feishuiguoxiangjiao":{"x":-20.29,"y":-9.47,"width":128,"height":119}},"feishuiguoxiangjiao9":{"feishuiguoxiangjiao":{"x":-20.29,"y":-9.47,"width":128,"height":119}},"feishuiguoxigua":{"feishuiguoxigua":{"x":-9.47,"y":2.71,"width":124,"height":109}},"feishuiguoxigua10":{"feishuiguoxigua":{"x":-9.47,"y":2.71,"width":124,"height":109}},"feishuiguoxigua11":{"feishuiguoxigua":{"x":-9.47,"y":2.71,"width":124,"height":109}},"feishuiguoxigua12":{"feishuiguoxigua":{"x":-9.47,"y":2.71,"width":124,"height":109}},"feishuiguoxigua13":{"feishuiguoxigua":{"x":-9.47,"y":2.71,"width":124,"height":109}},"feishuiguoxigua14":{"feishuiguoxigua":{"x":-9.47,"y":2.71,"width":124,"height":109}},"feishuiguoxigua15":{"feishuiguoxigua":{"x":-9.47,"y":2.71,"width":124,"height":109}},"feishuiguoxigua16":{"feishuiguoxigua":{"x":-9.47,"y":2.71,"width":124,"height":109}},"feishuiguoxigua17":{"feishuiguoxigua":{"x":-9.47,"y":2.71,"width":124,"height":109}},"feishuiguoxigua18":{"feishuiguoxigua":{"x":-9.47,"y":2.71,"width":124,"height":109}},"feishuiguoxigua19":{"feishuiguoxigua":{"x":-9.47,"y":2.71,"width":124,"height":109}},"feishuiguoxigua2":{"feishuiguoxigua":{"x":-9.47,"y":2.71,"width":124,"height":109}},"feishuiguoxigua20":{"feishuiguoxigua":{"x":-9.47,"y":2.71,"width":124,"height":109}},"feishuiguoxigua21":{"feishuiguoxigua":{"x":-9.47,"y":2.71,"width":124,"height":109}},"feishuiguoxigua22":{"feishuiguoxigua":{"x":-9.47,"y":2.71,"width":124,"height":109}},"feishuiguoxigua27":{"feishuiguoxigua":{"x":-9.47,"y":2.71,"width":124,"height":109}},"feishuiguoxigua3":{"feishuiguoxigua":{"x":-9.47,"y":2.71,"width":124,"height":109}},"feishuiguoxigua4":{"feishuiguoxigua":{"x":-9.47,"y":2.71,"width":124,"height":109}},"feishuiguoxigua5":{"feishuiguoxigua":{"x":-9.47,"y":2.71,"width":124,"height":109}},"feishuiguoxigua6":{"feishuiguoxigua":{"x":-9.47,"y":2.71,"width":124,"height":109}},"feishuiguoxigua7":{"feishuiguoxigua":{"x":-9.47,"y":2.71,"width":124,"height":109}},"feishuiguoxigua8":{"feishuiguoxigua":{"x":-9.47,"y":2.71,"width":124,"height":109}},"feishuiguoxigua9":{"feishuiguoxigua":{"x":-9.47,"y":2.71,"width":124,"height":109}}}},"animations":{"animation":{"bones":{"feiboluo":{"translate":[{"time":0,"x":368.31,"y":-154.85},{"time":1.2667,"x":-1507.23,"y":747.88},{"time":3.1333,"x":-1956.06,"y":982.27}],"scale":[{"time":0,"x":0.3,"y":0.3},{"time":1.2667,"x":1,"y":1}]},"feilanmei":{"translate":[{"time":0,"x":319.33,"y":-57.39},{"time":1.2667,"x":-1377.46,"y":795.64},{"time":3.1333,"x":-1826.29,"y":1030.03}],"scale":[{"time":0,"x":0.3,"y":0.3},{"time":1.2667,"x":1,"y":1}]},"feiputap":{"translate":[{"time":0,"x":372.64,"y":-107.77},{"time":1.2667,"x":-1404.93,"y":762.54},{"time":3.1333,"x":-1853.76,"y":996.93}],"scale":[{"time":0,"x":0.3,"y":0.3},{"time":1.2667,"x":1,"y":1}]},"feixiangjiao":{"translate":[{"time":0,"x":342.63,"y":-117.84},{"time":1.2667,"x":-1245.12,"y":1357.81},{"time":3.1333,"x":-1693.95,"y":1592.2}],"scale":[{"time":0,"x":0.3,"y":0.3},{"time":1.2667,"x":2.527,"y":2.527}]},"feixigua":{"rotate":[{"time":0,"angle":0},{"time":1.2667,"angle":-99.29}],"translate":[{"time":0,"x":373.19,"y":-121.24},{"time":1.2667,"x":-1569.72,"y":1094.06},{"time":3.1333,"x":-2018.55,"y":1328.45}],"scale":[{"time":0,"x":0.3,"y":0.3},{"time":1.2667,"x":3.147,"y":3.147}]},"feiboluo2":{"translate":[{"time":0,"x":368.31,"y":-154.85,"curve":"stepped"},{"time":0.2333,"x":215.86,"y":-230.58},{"time":1.4667,"x":-1692.61,"y":747.88},{"time":3.1333,"x":-2141.44,"y":982.27}],"scale":[{"time":0,"x":0.3,"y":0.3,"curve":"stepped"},{"time":0.2333,"x":0.3,"y":0.3},{"time":1.4667,"x":1,"y":1}]},"feilanmei2":{"translate":[{"time":0,"x":319.33,"y":-57.39,"curve":"stepped"},{"time":0.2333,"x":166.88,"y":-133.12},{"time":1.4667,"x":-1570.54,"y":714.8},{"time":3.1333,"x":-2019.37,"y":949.19}],"scale":[{"time":0,"x":0.3,"y":0.3,"curve":"stepped"},{"time":0.2333,"x":0.3,"y":0.3},{"time":1.4667,"x":2.753,"y":2.753}]},"feiputap2":{"rotate":[{"time":0,"angle":0},{"time":1.2667,"angle":-73.67}],"translate":[{"time":0,"x":372.64,"y":-107.77,"curve":"stepped"},{"time":0.4667,"x":220.19,"y":-183.5},{"time":1.2667,"x":-1640.6,"y":801.17},{"time":3.1333,"x":-2089.43,"y":1035.56}],"scale":[{"time":0,"x":0.3,"y":0.3,"curve":"stepped"},{"time":0.4667,"x":0.3,"y":0.3},{"time":1.2667,"x":2.175,"y":2.175}]},"feixiangjiao2":{"translate":[{"time":0,"x":342.63,"y":-117.84,"curve":"stepped"},{"time":0.4,"x":190.18,"y":-193.57},{"time":1.4,"x":-1661.86,"y":873.51},{"time":3.1333,"x":-2110.69,"y":1107.9}],"scale":[{"time":0,"x":0.3,"y":0.3,"curve":"stepped"},{"time":0.4,"x":0.3,"y":0.3},{"time":1.4,"x":1,"y":1}]},"feixigua2":{"rotate":[{"time":0,"angle":0},{"time":1.2667,"angle":-75.99}],"translate":[{"time":0,"x":373.19,"y":-121.24},{"time":1.2667,"x":-1973.19,"y":604.44},{"time":3.1333,"x":-2422.02,"y":838.83}],"scale":[{"time":0,"x":0.3,"y":0.3},{"time":1.2667,"x":3,"y":3}]},"feiboluo3":{"translate":[{"time":0,"x":368.31,"y":-154.85,"curve":"stepped"},{"time":0.4667,"x":215.86,"y":-230.58},{"time":1.6667,"x":-1551.18,"y":651.76},{"time":3.1333,"x":-2000.01,"y":886.15}],"scale":[{"time":0,"x":0.3,"y":0.3,"curve":"stepped"},{"time":0.4667,"x":0.3,"y":0.3},{"time":1.6667,"x":1,"y":1}]},"feilanmei3":{"rotate":[{"time":0,"angle":0},{"time":1.4,"angle":-264.33}],"translate":[{"time":0,"x":319.33,"y":-57.39,"curve":"stepped"},{"time":0.1333,"x":166.88,"y":-133.12},{"time":1.4,"x":-1207.16,"y":1131.96},{"time":3.1333,"x":-1655.99,"y":1366.35}],"scale":[{"time":0,"x":0.3,"y":0.3,"curve":"stepped"},{"time":0.1333,"x":0.3,"y":0.3},{"time":1.4,"x":-3.071,"y":-3.071}]},"feiputap3":{"translate":[{"time":0,"x":372.64,"y":-107.77,"curve":"stepped"},{"time":0.6333,"x":220.19,"y":-183.5},{"time":1.8,"x":-1621.54,"y":485.5},{"time":3.1333,"x":-2070.37,"y":719.89}],"scale":[{"time":0,"x":0.3,"y":0.3,"curve":"stepped"},{"time":0.6333,"x":0.3,"y":0.3},{"time":1.8,"x":1,"y":1}]},"feixiangjiao3":{"translate":[{"time":0,"x":342.63,"y":-117.84,"curve":"stepped"},{"time":0.8333,"x":190.18,"y":-193.57},{"time":1.9667,"x":-1430.97,"y":767.43},{"time":3.1333,"x":-1879.8,"y":1001.82}],"scale":[{"time":0,"x":0.3,"y":0.3,"curve":"stepped"},{"time":0.8333,"x":0.3,"y":0.3},{"time":1.9667,"x":1,"y":1}]},"feixigua3":{"rotate":[{"time":0,"angle":0},{"time":1.5667,"angle":35.22}],"translate":[{"time":0,"x":373.19,"y":-121.24,"curve":"stepped"},{"time":0.3333,"x":220.74,"y":-196.97},{"time":1.5667,"x":-1295.44,"y":1031.68},{"time":3.1333,"x":-1744.27,"y":1266.07}],"scale":[{"time":0,"x":0.3,"y":0.3,"curve":"stepped"},{"time":0.3333,"x":0.3,"y":0.3},{"time":1.5667,"x":2.709,"y":2.709}]},"feiboluo4":{"translate":[{"time":0,"x":368.31,"y":-154.85,"curve":"stepped"},{"time":0.7667,"x":215.86,"y":-230.58},{"time":1.9333,"x":-1622.08,"y":799.52},{"time":3.1333,"x":-2070.91,"y":1033.91}],"scale":[{"time":0,"x":0.3,"y":0.3,"curve":"stepped"},{"time":0.7667,"x":0.3,"y":0.3},{"time":1.9333,"x":1,"y":1}]},"feilanmei4":{"translate":[{"time":0,"x":319.33,"y":-57.39,"curve":"stepped"},{"time":0.4667,"x":166.88,"y":-133.12},{"time":1.6667,"x":-2167.88,"y":957.77},{"time":3.1333,"x":-2616.71,"y":1192.16}],"scale":[{"time":0,"x":0.3,"y":0.3,"curve":"stepped"},{"time":0.4667,"x":0.3,"y":0.3},{"time":1.6667,"x":4.82,"y":4.82}]},"feiputap4":{"translate":[{"time":0,"x":372.64,"y":-107.77,"curve":"stepped"},{"time":0.9667,"x":220.19,"y":-183.5},{"time":2.1,"x":-1469.41,"y":900.93},{"time":3.1333,"x":-1918.24,"y":1135.32}],"scale":[{"time":0,"x":0.3,"y":0.3,"curve":"stepped"},{"time":0.9667,"x":0.3,"y":0.3},{"time":2.1,"x":0.5,"y":0.5}]},"feixiangjiao4":{"translate":[{"time":0,"x":342.63,"y":-117.84,"curve":"stepped"},{"time":1.1333,"x":190.18,"y":-193.57},{"time":2.2333,"x":-1681.27,"y":834.02},{"time":3.1333,"x":-2130.1,"y":1068.41}],"scale":[{"time":0,"x":0.3,"y":0.3,"curve":"stepped"},{"time":1.1333,"x":0.3,"y":0.3},{"time":2.2333,"x":1,"y":1}]},"feixigua4":{"translate":[{"time":0,"x":373.19,"y":-121.24,"curve":"stepped"},{"time":0.6333,"x":220.74,"y":-196.97},{"time":1.8,"x":-1837.45,"y":914.12},{"time":3.1333,"x":-2286.28,"y":1148.51}],"scale":[{"time":0,"x":0.3,"y":0.3,"curve":"stepped"},{"time":0.6333,"x":0.3,"y":0.3},{"time":1.8,"x":1,"y":1}]},"feiboluo5":{"translate":[{"time":0,"x":368.31,"y":-154.85,"curve":"stepped"},{"time":0.7667,"x":215.86,"y":-230.58},{"time":1.9333,"x":-1622.08,"y":839.98},{"time":3.1333,"x":-2070.91,"y":1074.37}],"scale":[{"time":0,"x":0.3,"y":0.3,"curve":"stepped"},{"time":0.7667,"x":0.3,"y":0.3},{"time":1.9333,"x":1,"y":1}]},"feilanmei5":{"translate":[{"time":0,"x":319.33,"y":-57.39,"curve":"stepped"},{"time":0.6,"x":166.88,"y":-133.12},{"time":1.7667,"x":-1540.18,"y":871.15},{"time":3.1333,"x":-1989.01,"y":1105.54}],"scale":[{"time":0,"x":0.3,"y":0.3,"curve":"stepped"},{"time":0.6,"x":0.3,"y":0.3},{"time":1.7667,"x":1,"y":1}]},"feiputap5":{"translate":[{"time":0,"x":372.64,"y":-107.77,"curve":"stepped"},{"time":0.6333,"x":220.19,"y":-183.5},{"time":1.8,"x":-1275.19,"y":969.36},{"time":3.1333,"x":-1724.02,"y":1203.75}],"scale":[{"time":0,"x":0.3,"y":0.3,"curve":"stepped"},{"time":0.6333,"x":0.3,"y":0.3},{"time":1.8,"x":3.693,"y":3.693}]},"feixiangjiao5":{"translate":[{"time":0,"x":342.63,"y":-117.84,"curve":"stepped"},{"time":1,"x":190.18,"y":-193.57},{"time":2.1333,"x":-2529.23,"y":588.07},{"time":3.1333,"x":-2978.06,"y":822.46}],"scale":[{"time":0,"x":0.3,"y":0.3,"curve":"stepped"},{"time":1,"x":0.3,"y":0.3},{"time":2.1333,"x":2.215,"y":2.215}]},"feixigua5":{"translate":[{"time":0,"x":373.19,"y":-121.24,"curve":"stepped"},{"time":0.9,"x":220.74,"y":-196.97},{"time":2.0333,"x":-1521.09,"y":863.59},{"time":3.1333,"x":-1969.92,"y":1097.98}],"scale":[{"time":0,"x":0.3,"y":0.3,"curve":"stepped"},{"time":0.9,"x":0.3,"y":0.3},{"time":2.0333,"x":0.5,"y":0.5}]},"feiboluo6":{"translate":[{"time":0,"x":368.31,"y":-154.85,"curve":"stepped"},{"time":0.7667,"x":215.86,"y":-230.58},{"time":1.9333,"x":-1802.03,"y":779.99},{"time":3.1333,"x":-2250.86,"y":1014.38}],"scale":[{"time":0,"x":0.3,"y":0.3,"curve":"stepped"},{"time":0.7667,"x":0.3,"y":0.3},{"time":1.9333,"x":1,"y":1}]},"feilanmei6":{"translate":[{"time":0,"x":319.33,"y":-57.39,"curve":"stepped"},{"time":0.6,"x":166.88,"y":-133.12},{"time":1.7667,"x":-1540.18,"y":871.15},{"time":3.1333,"x":-1989.01,"y":1105.54}],"scale":[{"time":0,"x":0.3,"y":0.3,"curve":"stepped"},{"time":0.6,"x":0.3,"y":0.3},{"time":1.7667,"x":1,"y":1}]},"feiputap6":{"translate":[{"time":0,"x":372.64,"y":-107.77,"curve":"stepped"},{"time":0.7667,"x":220.19,"y":-183.5},{"time":1.9333,"x":-1632.16,"y":786.33},{"time":3.1333,"x":-2080.99,"y":1020.72}],"scale":[{"time":0,"x":0.3,"y":0.3,"curve":"stepped"},{"time":0.7667,"x":0.3,"y":0.3},{"time":1.9333,"x":0.5,"y":0.5}]},"feixiangjiao6":{"translate":[{"time":0,"x":342.63,"y":-117.84,"curve":"stepped"},{"time":0.9,"x":190.18,"y":-193.57},{"time":2.0333,"x":-1205.6,"y":806.36},{"time":3.1333,"x":-1654.43,"y":1040.75}],"scale":[{"time":0,"x":0.3,"y":0.3,"curve":"stepped"},{"time":0.9,"x":0.3,"y":0.3},{"time":2.0333,"x":1,"y":1}]},"feixigua6":{"translate":[{"time":0,"x":373.19,"y":-121.24,"curve":"stepped"},{"time":1.0333,"x":220.74,"y":-196.97},{"time":2.1667,"x":-1630.15,"y":781.89},{"time":3.1333,"x":-2078.98,"y":1016.28}],"scale":[{"time":0,"x":0.3,"y":0.3,"curve":"stepped"},{"time":1.0333,"x":0.3,"y":0.3},{"time":2.1667,"x":0.8,"y":0.8}]},"feixigua7":{"translate":[{"time":0,"x":373.19,"y":-121.24,"curve":"stepped"},{"time":1,"x":220.74,"y":-196.97},{"time":2.1333,"x":-2115.39,"y":1048.43},{"time":3.1333,"x":-2564.22,"y":1282.82}],"scale":[{"time":0,"x":0.3,"y":0.3,"curve":"stepped"},{"time":1,"x":0.3,"y":0.3},{"time":2.1333,"x":2.733,"y":2.733}]},"feixiangjiao7":{"translate":[{"time":0,"x":342.63,"y":-117.84,"curve":"stepped"},{"time":1.0333,"x":190.18,"y":-193.57},{"time":2.1667,"x":-1395.79,"y":868.17},{"time":3.1333,"x":-1844.62,"y":1102.56}],"scale":[{"time":0,"x":0.3,"y":0.3,"curve":"stepped"},{"time":1.0333,"x":0.3,"y":0.3},{"time":2.1667,"x":1,"y":1}]},"feiputap7":{"translate":[{"time":0,"x":372.64,"y":-107.77,"curve":"stepped"},{"time":0.8667,"x":220.19,"y":-183.5},{"time":2,"x":-1769.78,"y":596.83},{"time":3.1333,"x":-2218.61,"y":831.22}],"scale":[{"time":0,"x":0.3,"y":0.3,"curve":"stepped"},{"time":0.8667,"x":0.3,"y":0.3},{"time":2,"x":1.776,"y":1.776}]},"feilanmei7":{"translate":[{"time":0,"x":319.33,"y":-57.39,"curve":"stepped"},{"time":0.7333,"x":166.88,"y":-133.12},{"time":1.9,"x":-1346.88,"y":904.77},{"time":3.1333,"x":-1795.71,"y":1139.16}],"scale":[{"time":0,"x":0.3,"y":0.3,"curve":"stepped"},{"time":0.7333,"x":0.3,"y":0.3},{"time":1.9,"x":1,"y":1}]},"feiboluo7":{"translate":[{"time":0,"x":368.31,"y":-154.85,"curve":"stepped"},{"time":0.9,"x":215.86,"y":-230.58},{"time":2.0333,"x":-1853.01,"y":262.82},{"time":3.1333,"x":-2301.84,"y":497.21}],"scale":[{"time":0,"x":0.3,"y":0.3,"curve":"stepped"},{"time":0.9,"x":0.3,"y":0.3},{"time":2.0333,"x":2.638,"y":2.638}]},"feiputap8":{"translate":[{"time":0,"x":372.64,"y":-107.77,"curve":"stepped"},{"time":0.9667,"x":220.19,"y":-183.5},{"time":2.1,"x":-1925.81,"y":383},{"time":3.1333,"x":-2374.64,"y":617.39}],"scale":[{"time":0,"x":0.3,"y":0.3,"curve":"stepped"},{"time":0.9667,"x":0.3,"y":0.3},{"time":2.1,"x":2.401,"y":2.401}]},"feixiangjiao8":{"translate":[{"time":0,"x":342.63,"y":-117.84,"curve":"stepped"},{"time":1.1333,"x":190.18,"y":-193.57},{"time":2.2333,"x":-1804.44,"y":1422.71},{"time":3.1333,"x":-2253.27,"y":1657.1}],"scale":[{"time":0,"x":0.3,"y":0.3,"curve":"stepped"},{"time":1.1333,"x":0.3,"y":0.3},{"time":2.2333,"x":3.084,"y":3.084}]},"feixigua8":{"translate":[{"time":0,"x":373.19,"y":-121.24,"curve":"stepped"},{"time":1.1,"x":220.74,"y":-196.97},{"time":2.2,"x":-1739.46,"y":612.68},{"time":3.1333,"x":-2188.29,"y":847.07}],"scale":[{"time":0,"x":0.3,"y":0.3,"curve":"stepped"},{"time":1.1,"x":0.3,"y":0.3},{"time":2.2,"x":0.8,"y":0.8}]},"feixiangjiao9":{"translate":[{"time":0,"x":342.63,"y":-117.84,"curve":"stepped"},{"time":0.4667,"x":190.18,"y":-193.57},{"time":1.6667,"x":-2018.98,"y":1165.21},{"time":3.1333,"x":-2467.81,"y":1399.6}],"scale":[{"time":0,"x":0.3,"y":0.3,"curve":"stepped"},{"time":0.4667,"x":0.3,"y":0.3},{"time":1.6667,"x":3.299,"y":3.299}]},"feixigua9":{"rotate":[{"time":1.6667,"angle":-156.04}],"translate":[{"time":0,"x":373.19,"y":-121.24,"curve":"stepped"},{"time":0.4667,"x":220.74,"y":-196.97},{"time":1.6667,"x":-1902.71,"y":530.21},{"time":3.1333,"x":-2351.54,"y":764.6}],"scale":[{"time":0,"x":0.3,"y":0.3,"curve":"stepped"},{"time":0.4667,"x":0.3,"y":0.3},{"time":1.6667,"x":1.89,"y":1.89}]},"feiputap9":{"translate":[{"time":0,"x":372.64,"y":-107.77,"curve":"stepped"},{"time":0.5333,"x":220.19,"y":-183.5},{"time":1.7333,"x":-1803.02,"y":639.74},{"time":3.1333,"x":-2251.85,"y":874.13}],"scale":[{"time":0,"x":0.3,"y":0.3,"curve":"stepped"},{"time":0.5333,"x":0.3,"y":0.3},{"time":1.7333,"x":1,"y":1}]},"feiboluo11":{"translate":[{"time":0,"x":368.31,"y":-154.85},{"time":1.4667,"x":-1453.13,"y":867.65},{"time":3.1333,"x":-1901.96,"y":1102.04}],"scale":[{"time":0,"x":0.3,"y":0.3},{"time":1.4667,"x":1,"y":1}]},"feiboluo12":{"translate":[{"time":0,"x":368.31,"y":-154.85,"curve":"stepped"},{"time":0.4667,"x":215.86,"y":-230.58},{"time":1.6667,"x":-1477.02,"y":816.32},{"time":3.1333,"x":-1925.85,"y":1050.71}],"scale":[{"time":0,"x":0.3,"y":0.3,"curve":"stepped"},{"time":0.4667,"x":0.3,"y":0.3},{"time":1.6667,"x":2,"y":2}]},"feiboluo13":{"translate":[{"time":0,"x":368.31,"y":-154.85,"curve":"stepped"},{"time":0.6667,"x":215.86,"y":-230.58},{"time":1.8333,"x":-1560.2,"y":797.14},{"time":3.1333,"x":-2009.03,"y":1031.53}],"scale":[{"time":0,"x":0.3,"y":0.3,"curve":"stepped"},{"time":0.6667,"x":0.3,"y":0.3},{"time":1.8333,"x":1,"y":1}]},"feiboluo14":{"translate":[{"time":0,"x":368.31,"y":-154.85,"curve":"stepped"},{"time":0.6667,"x":215.86,"y":-230.58},{"time":1.8333,"x":-1150.58,"y":1370.53},{"time":3.1333,"x":-1599.41,"y":1604.92}],"scale":[{"time":0,"x":0.3,"y":0.3,"curve":"stepped"},{"time":0.6667,"x":0.3,"y":0.3},{"time":1.8333,"x":2.963,"y":2.963}]},"feiboluo15":{"translate":[{"time":0,"x":368.31,"y":-154.85,"curve":"stepped"},{"time":1.1333,"x":215.86,"y":-230.58},{"time":2.2333,"x":-1559.55,"y":871.36},{"time":3.1333,"x":-2008.38,"y":1105.75}],"scale":[{"time":0,"x":0.3,"y":0.3,"curve":"stepped"},{"time":1.1333,"x":0.3,"y":0.3},{"time":2.2333,"x":2.726,"y":2.726}]},"feiboluo16":{"translate":[{"time":0,"x":368.31,"y":-154.85,"curve":"stepped"},{"time":1,"x":215.86,"y":-230.58},{"time":2.1333,"x":-1194.81,"y":977.88},{"time":3.1333,"x":-1643.64,"y":1212.27}],"scale":[{"time":0,"x":0.3,"y":0.3,"curve":"stepped"},{"time":1,"x":0.3,"y":0.3},{"time":2.1333,"x":1,"y":1}]},"feiboluo17":{"translate":[{"time":0,"x":368.31,"y":-154.85,"curve":"stepped"},{"time":1.1333,"x":215.86,"y":-230.58},{"time":2.2333,"x":-1365.08,"y":1122.73},{"time":3.1333,"x":-1813.91,"y":1357.12}],"scale":[{"time":0,"x":0.3,"y":0.3,"curve":"stepped"},{"time":1.1333,"x":0.3,"y":0.3},{"time":2.2333,"x":2.958,"y":2.958}]},"feiboluo18":{"translate":[{"time":0,"x":368.31,"y":-154.85,"curve":"stepped"},{"time":1.2333,"x":215.86,"y":-230.58},{"time":2.3333,"x":-1659.57,"y":985.39},{"time":3.1333,"x":-2108.4,"y":1219.78}],"scale":[{"time":0,"x":0.3,"y":0.3,"curve":"stepped"},{"time":1.2333,"x":0.3,"y":0.3},{"time":2.3333,"x":1,"y":1}]},"feilanmei10":{"translate":[{"time":0,"x":319.33,"y":-57.39},{"time":1.6,"x":-1383.05,"y":819.18},{"time":3.1333,"x":-1831.88,"y":1053.57}],"scale":[{"time":0,"x":0.3,"y":0.3},{"time":1.6,"x":3,"y":3}]},"feilanmei11":{"translate":[{"time":0,"x":319.33,"y":-57.39,"curve":"stepped"},{"time":0.6333,"x":166.88,"y":-133.12},{"time":1.8,"x":-1734.7,"y":823.38},{"time":3.1333,"x":-2183.53,"y":1057.77}],"scale":[{"time":0,"x":0.3,"y":0.3,"curve":"stepped"},{"time":0.6333,"x":0.3,"y":0.3},{"time":1.8,"x":1,"y":1}]},"feilanmei12":{"translate":[{"time":0,"x":319.33,"y":-57.39,"curve":"stepped"},{"time":0.5333,"x":166.88,"y":-133.12},{"time":1.7333,"x":-1409.32,"y":861.06},{"time":3.1333,"x":-1858.15,"y":1095.45}],"scale":[{"time":0,"x":0.3,"y":0.3,"curve":"stepped"},{"time":0.5333,"x":0.3,"y":0.3},{"time":1.7333,"x":1,"y":1}]},"feilanmei13":{"translate":[{"time":0,"x":319.33,"y":-57.39,"curve":"stepped"},{"time":0.8667,"x":166.88,"y":-133.12},{"time":2,"x":-1736.28,"y":1081.28},{"time":3.1333,"x":-2185.11,"y":1315.67}],"scale":[{"time":0,"x":0.3,"y":0.3,"curve":"stepped"},{"time":0.8667,"x":0.3,"y":0.3},{"time":2,"x":1.5,"y":1.5}]},"feilanmei14":{"translate":[{"time":0,"x":319.33,"y":-57.39,"curve":"stepped"},{"time":1,"x":166.88,"y":-133.12},{"time":2.1333,"x":-1793.26,"y":744.61},{"time":3.1333,"x":-2242.09,"y":979}],"scale":[{"time":0,"x":0.3,"y":0.3,"curve":"stepped"},{"time":1,"x":0.3,"y":0.3},{"time":2.1333,"x":1,"y":1}]},"feilanmei15":{"translate":[{"time":0,"x":319.33,"y":-57.39,"curve":"stepped"},{"time":1,"x":166.88,"y":-133.12},{"time":2.1333,"x":-1584.64,"y":700.15},{"time":3.1333,"x":-2033.47,"y":934.54}],"scale":[{"time":0,"x":0.3,"y":0.3,"curve":"stepped"},{"time":1,"x":0.3,"y":0.3},{"time":2.1333,"x":1,"y":1}]},"feilanmei16":{"translate":[{"time":0,"x":319.33,"y":-57.39,"curve":"stepped"},{"time":1.1333,"x":166.88,"y":-133.12},{"time":2.2333,"x":-1476.84,"y":983.43},{"time":3.1333,"x":-1925.67,"y":1217.82}],"scale":[{"time":0,"x":0.3,"y":0.3,"curve":"stepped"},{"time":1.1333,"x":0.3,"y":0.3},{"time":2.2333,"x":1,"y":1}]},"feiputap10":{"translate":[{"time":0,"x":372.64,"y":-107.77},{"time":1.5,"x":-1404.93,"y":762.54},{"time":3.1333,"x":-1853.76,"y":996.93}],"scale":[{"time":0,"x":0.3,"y":0.3},{"time":1.5,"x":1,"y":1}]},"feiputap11":{"translate":[{"time":0,"x":372.64,"y":-107.77,"curve":"stepped"},{"time":0.7333,"x":220.19,"y":-183.5},{"time":1.5,"x":-1817.73,"y":679.38},{"time":3.1333,"x":-2266.56,"y":913.77}],"scale":[{"time":0,"x":0.3,"y":0.3,"curve":"stepped"},{"time":0.7333,"x":0.3,"y":0.3},{"time":1.5,"x":1,"y":1}]},"feiputap12":{"translate":[{"time":0,"x":372.64,"y":-107.77,"curve":"stepped"},{"time":0.9,"x":220.19,"y":-183.5},{"time":2.0333,"x":-1621.54,"y":485.5},{"time":3.1333,"x":-2070.37,"y":719.89}],"scale":[{"time":0,"x":0.3,"y":0.3,"curve":"stepped"},{"time":0.9,"x":0.3,"y":0.3},{"time":2.0333,"x":1,"y":1}]},"feiputap13":{"translate":[{"time":0,"x":372.64,"y":-107.77,"curve":"stepped"},{"time":1.2333,"x":220.19,"y":-183.5},{"time":2.3333,"x":-1923.21,"y":823.21},{"time":3.1333,"x":-2372.04,"y":1057.6}],"scale":[{"time":0,"x":0.3,"y":0.3,"curve":"stepped"},{"time":1.2333,"x":0.3,"y":0.3},{"time":2.3333,"x":0.5,"y":0.5}]},"feiputap14":{"translate":[{"time":0,"x":372.64,"y":-107.77,"curve":"stepped"},{"time":0.9,"x":220.19,"y":-183.5},{"time":2.0333,"x":-1193.84,"y":786.33},{"time":3.1333,"x":-1642.67,"y":1020.72}],"scale":[{"time":0,"x":0.3,"y":0.3,"curve":"stepped"},{"time":0.9,"x":0.3,"y":0.3},{"time":2.0333,"x":0.5,"y":0.5}]},"feiputap15":{"translate":[{"time":0,"x":372.64,"y":-107.77,"curve":"stepped"},{"time":1.0333,"x":220.19,"y":-183.5},{"time":2.1667,"x":-1632.16,"y":786.33},{"time":3.1333,"x":-2080.99,"y":1020.72}],"scale":[{"time":0,"x":0.3,"y":0.3,"curve":"stepped"},{"time":1.0333,"x":0.3,"y":0.3},{"time":2.1667,"x":1.822,"y":1.822}]},"feiputap16":{"translate":[{"time":0,"x":372.64,"y":-107.77,"curve":"stepped"},{"time":1.1333,"x":220.19,"y":-183.5},{"time":2.2333,"x":-1615.35,"y":601.44},{"time":3.1333,"x":-2064.18,"y":835.83}],"scale":[{"time":0,"x":0.3,"y":0.3,"curve":"stepped"},{"time":1.1333,"x":0.3,"y":0.3},{"time":2.2333,"x":0.5,"y":0.5}]},"feiputap17":{"translate":[{"time":0,"x":372.64,"y":-107.77,"curve":"stepped"},{"time":1.2333,"x":220.19,"y":-183.5},{"time":2.3333,"x":-1803.02,"y":639.74},{"time":3.1333,"x":-2251.85,"y":874.13}],"scale":[{"time":0,"x":0.3,"y":0.3,"curve":"stepped"},{"time":1.2333,"x":0.3,"y":0.3},{"time":2.3333,"x":1,"y":1}]},"feiputap18":{"translate":[{"time":0,"x":372.64,"y":-107.77,"curve":"stepped"},{"time":0.8333,"x":220.19,"y":-183.5},{"time":1.9667,"x":-2046.84,"y":499.56},{"time":3.1333,"x":-2495.67,"y":733.95}],"scale":[{"time":0,"x":0.3,"y":0.3,"curve":"stepped"},{"time":0.8333,"x":0.3,"y":0.3},{"time":1.9667,"x":2.288,"y":2.288}]},"feixiangjiao10":{"translate":[{"time":0,"x":342.63,"y":-117.84},{"time":1.8333,"x":-2320,"y":501.16},{"time":3.1333,"x":-2768.83,"y":735.55}],"scale":[{"time":0,"x":0.3,"y":0.3},{"time":1.8333,"x":3.757,"y":3.757}]},"feixiangjiao11":{"translate":[{"time":0,"x":342.63,"y":-117.84,"curve":"stepped"},{"time":1.1,"x":190.18,"y":-193.57},{"time":2,"x":-1661.86,"y":873.51},{"time":3.1333,"x":-2110.69,"y":1107.9}],"scale":[{"time":0,"x":0.3,"y":0.3,"curve":"stepped"},{"time":1.1,"x":0.3,"y":0.3},{"time":2,"x":1,"y":1}]},"feixiangjiao12":{"translate":[{"time":0,"x":342.63,"y":-117.84,"curve":"stepped"},{"time":1.4,"x":190.18,"y":-193.57},{"time":2.5333,"x":-1547.97,"y":653.53},{"time":3.1333,"x":-1996.8,"y":887.92}],"scale":[{"time":0,"x":0.3,"y":0.3,"curve":"stepped"},{"time":1.4,"x":0.3,"y":0.3},{"time":2.5333,"x":1,"y":1}]},"feixiangjiao13":{"translate":[{"time":0,"x":342.63,"y":-117.84,"curve":"stepped"},{"time":1.6667,"x":190.18,"y":-193.57},{"time":2.8333,"x":-1681.27,"y":789.38},{"time":3.1333,"x":-2130.1,"y":1023.77}],"scale":[{"time":0,"x":0.3,"y":0.3,"curve":"stepped"},{"time":1.6667,"x":0.3,"y":0.3},{"time":2.8333,"x":1,"y":1}]},"feixiangjiao14":{"translate":[{"time":0,"x":342.63,"y":-117.84,"curve":"stepped"},{"time":1.5667,"x":190.18,"y":-193.57},{"time":2.7333,"x":-1745.32,"y":760.56},{"time":3.1333,"x":-2194.15,"y":994.95}],"scale":[{"time":0,"x":0.3,"y":0.3,"curve":"stepped"},{"time":1.5667,"x":0.3,"y":0.3},{"time":2.7333,"x":1,"y":1}]},"feixiangjiao15":{"translate":[{"time":0,"x":342.63,"y":-117.84,"curve":"stepped"},{"time":1.3667,"x":190.18,"y":-193.57},{"time":2.5333,"x":-1205.6,"y":806.36},{"time":3.1333,"x":-1654.43,"y":1040.75}],"scale":[{"time":0,"x":0.3,"y":0.3,"curve":"stepped"},{"time":1.3667,"x":0.3,"y":0.3},{"time":2.5333,"x":1,"y":1}]},"feixiangjiao16":{"translate":[{"time":0,"x":342.63,"y":-117.84,"curve":"stepped"},{"time":1.6,"x":190.18,"y":-193.57},{"time":2.7333,"x":-1589.33,"y":911.41},{"time":3.1333,"x":-2038.16,"y":1145.8}],"scale":[{"time":0,"x":0.3,"y":0.3,"curve":"stepped"},{"time":1.6,"x":0.3,"y":0.3},{"time":2.7333,"x":1,"y":1}]},"feixiangjiao17":{"rotate":[{"time":0,"angle":0},{"time":2.8333,"angle":146.54}],"translate":[{"time":0,"x":342.63,"y":-117.84,"curve":"stepped"},{"time":1.6667,"x":190.18,"y":-193.57},{"time":2.8333,"x":-1710.43,"y":1094.64},{"time":3.1333,"x":-2159.26,"y":1329.03}],"scale":[{"time":0,"x":0.3,"y":0.3,"curve":"stepped"},{"time":1.6667,"x":0.3,"y":0.3},{"time":2.8333,"x":4.51,"y":4.51}]},"feixiangjiao18":{"translate":[{"time":0,"x":342.63,"y":-117.84,"curve":"stepped"},{"time":1.1333,"x":190.18,"y":-193.57},{"time":2.2333,"x":-1611.83,"y":826.9},{"time":3.1333,"x":-2060.66,"y":1061.29}],"scale":[{"time":0,"x":0.3,"y":0.3,"curve":"stepped"},{"time":1.1333,"x":0.3,"y":0.3},{"time":2.2333,"x":1,"y":1}]},"feixigua10":{"translate":[{"time":0,"x":373.19,"y":-121.24,"curve":"stepped"},{"time":0.6667,"x":220.74,"y":-196.97},{"time":1.8333,"x":-1474.61,"y":749.62},{"time":3.1333,"x":-1923.44,"y":984.01}],"scale":[{"time":0,"x":0.3,"y":0.3,"curve":"stepped"},{"time":0.6667,"x":0.3,"y":0.3},{"time":1.8333,"x":1,"y":1}]},"feixigua11":{"translate":[{"time":0,"x":373.19,"y":-121.24,"curve":"stepped"},{"time":0.6667,"x":220.74,"y":-196.97},{"time":1.8333,"x":-1640.1,"y":589.95},{"time":3.1333,"x":-2088.93,"y":824.34}],"scale":[{"time":0,"x":0.3,"y":0.3,"curve":"stepped"},{"time":0.6667,"x":0.3,"y":0.3},{"time":1.8333,"x":1,"y":1}]},"feixigua12":{"translate":[{"time":0,"x":373.19,"y":-121.24,"curve":"stepped"},{"time":0.6667,"x":220.74,"y":-196.97,"curve":"stepped"},{"time":1,"x":220.74,"y":-196.97},{"time":2.1333,"x":-1241.52,"y":806.42},{"time":3.1333,"x":-1690.35,"y":1040.81}],"scale":[{"time":0,"x":0.3,"y":0.3,"curve":"stepped"},{"time":0.6667,"x":0.3,"y":0.3,"curve":"stepped"},{"time":1,"x":0.3,"y":0.3},{"time":2.1333,"x":1,"y":1}]},"feixigua13":{"translate":[{"time":0,"x":373.19,"y":-121.24,"curve":"stepped"},{"time":0.6667,"x":220.74,"y":-196.97,"curve":"stepped"},{"time":1.3333,"x":220.74,"y":-196.97},{"time":2.4,"x":-1837.45,"y":804.5},{"time":3.1333,"x":-2286.28,"y":1038.89}],"scale":[{"time":0,"x":0.3,"y":0.3,"curve":"stepped"},{"time":0.6667,"x":0.3,"y":0.3,"curve":"stepped"},{"time":1.3333,"x":0.3,"y":0.3},{"time":2.4,"x":1,"y":1}]},"feixigua14":{"translate":[{"time":0,"x":373.19,"y":-121.24,"curve":"stepped"},{"time":0.6667,"x":220.74,"y":-196.97,"curve":"stepped"},{"time":1.4667,"x":220.74,"y":-196.97},{"time":2.5333,"x":-1521.09,"y":863.59},{"time":3.1333,"x":-1969.92,"y":1097.98}],"scale":[{"time":0,"x":0.3,"y":0.3,"curve":"stepped"},{"time":0.6667,"x":0.3,"y":0.3,"curve":"stepped"},{"time":1.4667,"x":0.3,"y":0.3},{"time":2.5333,"x":2,"y":2}]},"feixigua15":{"translate":[{"time":0,"x":373.19,"y":-121.24,"curve":"stepped"},{"time":0.6667,"x":220.74,"y":-196.97,"curve":"stepped"},{"time":1.6,"x":220.74,"y":-196.97},{"time":2.7333,"x":-1630.15,"y":781.89},{"time":3.1333,"x":-2078.98,"y":1016.28}],"scale":[{"time":0,"x":0.3,"y":0.3,"curve":"stepped"},{"time":0.6667,"x":0.3,"y":0.3,"curve":"stepped"},{"time":1.6,"x":0.3,"y":0.3},{"time":2.7333,"x":0.8,"y":0.8}]},"feixigua16":{"translate":[{"time":0,"x":373.19,"y":-121.24,"curve":"stepped"},{"time":0.6667,"x":220.74,"y":-196.97,"curve":"stepped"},{"time":1.5667,"x":220.74,"y":-196.97},{"time":2.7333,"x":-1762.44,"y":934.4},{"time":3.1333,"x":-2211.27,"y":1168.79}],"scale":[{"time":0,"x":0.3,"y":0.3,"curve":"stepped"},{"time":0.6667,"x":0.3,"y":0.3,"curve":"stepped"},{"time":1.5667,"x":0.3,"y":0.3},{"time":2.7333,"x":0.8,"y":0.8}]},"feixigua17":{"translate":[{"time":0,"x":373.19,"y":-121.24,"curve":"stepped"},{"time":0.6667,"x":220.74,"y":-196.97,"curve":"stepped"},{"time":1.6,"x":220.74,"y":-196.97},{"time":2.7667,"x":-1739.46,"y":612.68},{"time":3.1333,"x":-2188.29,"y":847.07}],"scale":[{"time":0,"x":0.3,"y":0.3,"curve":"stepped"},{"time":0.6667,"x":0.3,"y":0.3,"curve":"stepped"},{"time":1.6,"x":0.3,"y":0.3},{"time":2.7667,"x":0.8,"y":0.8}]},"feixigua18":{"translate":[{"time":0,"x":373.19,"y":-121.24,"curve":"stepped"},{"time":0.6667,"x":220.74,"y":-196.97,"curve":"stepped"},{"time":1.1333,"x":220.74,"y":-196.97},{"time":2.2333,"x":-1739.46,"y":612.68},{"time":3.1333,"x":-2188.29,"y":847.07}],"scale":[{"time":0,"x":0.3,"y":0.3,"curve":"stepped"},{"time":0.6667,"x":0.3,"y":0.3,"curve":"stepped"},{"time":1.1333,"x":0.3,"y":0.3},{"time":2.2333,"x":1.8,"y":1.8}]},"feiboluo21":{"translate":[{"time":0,"x":368.31,"y":-154.85},{"time":1.6667,"x":-1561.52,"y":913.16},{"time":3.1333,"x":-2010.35,"y":1147.55}],"scale":[{"time":0,"x":0.3,"y":0.3},{"time":1.6667,"x":1,"y":1}]},"feiboluo22":{"translate":[{"time":0,"x":368.31,"y":-154.85,"curve":"stepped"},{"time":0.6667,"x":215.86,"y":-230.58},{"time":1.8333,"x":-1654.7,"y":1409.02},{"time":3.1333,"x":-2103.53,"y":1643.41}],"scale":[{"time":0,"x":0.3,"y":0.3,"curve":"stepped"},{"time":0.6667,"x":0.3,"y":0.3},{"time":1.8333,"x":2.746,"y":2.746}]},"feiboluo23":{"translate":[{"time":0,"x":368.31,"y":-154.85,"curve":"stepped"},{"time":0.9,"x":215.86,"y":-230.58},{"time":2.0333,"x":-1302.85,"y":1356.63},{"time":3.1333,"x":-1751.68,"y":1591.02}],"scale":[{"time":0,"x":0.3,"y":0.3,"curve":"stepped"},{"time":0.9,"x":0.3,"y":0.3},{"time":2.0333,"x":2.633,"y":2.633}]},"feiboluo24":{"translate":[{"time":0,"x":368.31,"y":-154.85,"curve":"stepped"},{"time":0.9,"x":215.86,"y":-230.58},{"time":2.0333,"x":-1739.53,"y":790.48},{"time":3.1333,"x":-2188.36,"y":1024.87}],"scale":[{"time":0,"x":0.3,"y":0.3,"curve":"stepped"},{"time":0.9,"x":0.3,"y":0.3},{"time":2.0333,"x":1,"y":1}]},"feiboluo25":{"translate":[{"time":0,"x":368.31,"y":-154.85,"curve":"stepped"},{"time":1.2667,"x":215.86,"y":-230.58},{"time":2.4333,"x":-2395.37,"y":739.23},{"time":3.1333,"x":-2844.2,"y":973.62}],"scale":[{"time":0,"x":0.3,"y":0.3,"curve":"stepped"},{"time":1.2667,"x":0.3,"y":0.3},{"time":2.4333,"x":2.537,"y":2.537}]},"feiboluo26":{"translate":[{"time":0,"x":368.31,"y":-154.85,"curve":"stepped"},{"time":1.2333,"x":215.86,"y":-230.58},{"time":2.3333,"x":-1787.46,"y":805.25},{"time":3.1333,"x":-2236.29,"y":1039.64}],"scale":[{"time":0,"x":0.3,"y":0.3,"curve":"stepped"},{"time":1.2333,"x":0.3,"y":0.3},{"time":2.3333,"x":1,"y":1}]},"feiboluo27":{"translate":[{"time":0,"x":368.31,"y":-154.85,"curve":"stepped"},{"time":1.2667,"x":215.86,"y":-230.58},{"time":2.4333,"x":-1894.08,"y":709.13},{"time":3.1333,"x":-2342.91,"y":943.52}],"scale":[{"time":0,"x":0.3,"y":0.3,"curve":"stepped"},{"time":1.2667,"x":0.3,"y":0.3},{"time":2.4333,"x":1,"y":1}]},"feiboluo28":{"translate":[{"time":0,"x":368.31,"y":-154.85,"curve":"stepped"},{"time":1.3667,"x":215.86,"y":-230.58},{"time":2.5333,"x":-1724.32,"y":771.74},{"time":3.1333,"x":-2173.15,"y":1006.13}],"scale":[{"time":0,"x":0.3,"y":0.3,"curve":"stepped"},{"time":1.3667,"x":0.3,"y":0.3},{"time":2.5333,"x":1.985,"y":1.985}]},"feilanmei19":{"translate":[{"time":0,"x":319.33,"y":-57.39},{"time":1.8333,"x":-1412.51,"y":816.8},{"time":3.1333,"x":-1861.34,"y":1051.19}],"scale":[{"time":0,"x":0.3,"y":0.3},{"time":1.8333,"x":1,"y":1}]},"feilanmei20":{"translate":[{"time":0,"x":319.33,"y":-57.39,"curve":"stepped"},{"time":0.9,"x":166.88,"y":-133.12},{"time":2.0333,"x":-1681.59,"y":1014.22},{"time":3.1333,"x":-2130.42,"y":1248.61}],"scale":[{"time":0,"x":0.3,"y":0.3,"curve":"stepped"},{"time":0.9,"x":0.3,"y":0.3},{"time":2.0333,"x":1,"y":1}]},"feilanmei21":{"translate":[{"time":0,"x":319.33,"y":-57.39,"curve":"stepped"},{"time":0.8333,"x":166.88,"y":-133.12},{"time":1.9667,"x":-1164.04,"y":935.78},{"time":3.1333,"x":-1612.87,"y":1170.17}],"scale":[{"time":0,"x":0.3,"y":0.3,"curve":"stepped"},{"time":0.8333,"x":0.3,"y":0.3},{"time":1.9667,"x":3.127,"y":3.127}]},"feilanmei22":{"translate":[{"time":0,"x":319.33,"y":-57.39,"curve":"stepped"},{"time":1.1333,"x":166.88,"y":-133.12},{"time":2.2333,"x":-1310.03,"y":1073.08},{"time":3.1333,"x":-1758.86,"y":1307.47}],"scale":[{"time":0,"x":0.3,"y":0.3,"curve":"stepped"},{"time":1.1333,"x":0.3,"y":0.3},{"time":2.2333,"x":3.865,"y":3.865}]},"feilanmei23":{"translate":[{"time":0,"x":319.33,"y":-57.39,"curve":"stepped"},{"time":1.2667,"x":166.88,"y":-133.12},{"time":2.3333,"x":-1640.49,"y":1059.72},{"time":3.1333,"x":-2089.32,"y":1294.11}],"scale":[{"time":0,"x":0.3,"y":0.3,"curve":"stepped"},{"time":1.2667,"x":0.3,"y":0.3},{"time":2.3333,"x":1,"y":1}]},"feilanmei24":{"translate":[{"time":0,"x":319.33,"y":-57.39,"curve":"stepped"},{"time":1.3667,"x":166.88,"y":-133.12},{"time":2.5333,"x":-2376.07,"y":719.02},{"time":3.1333,"x":-2824.9,"y":953.41}],"scale":[{"time":0,"x":0.3,"y":0.3,"curve":"stepped"},{"time":1.3667,"x":0.3,"y":0.3},{"time":2.5333,"x":4.523,"y":4.523}]},"feilanmei25":{"rotate":[{"time":2.4667,"angle":-161.85}],"translate":[{"time":0,"x":319.33,"y":-57.39,"curve":"stepped"},{"time":1.3,"x":166.88,"y":-133.12},{"time":2.4667,"x":-1435.78,"y":1554.44},{"time":3.1333,"x":-1884.61,"y":1788.83}],"scale":[{"time":0,"x":0.3,"y":0.3,"curve":"stepped"},{"time":1.3,"x":0.3,"y":0.3},{"time":2.4667,"x":4.252,"y":4.252}]},"feilanmei26":{"translate":[{"time":0,"x":319.33,"y":-57.39,"curve":"stepped"},{"time":1.4,"x":166.88,"y":-133.12},{"time":2.5333,"x":-1471.67,"y":1252.33},{"time":3.1333,"x":-1920.5,"y":1486.72}],"scale":[{"time":0,"x":0.3,"y":0.3,"curve":"stepped"},{"time":1.4,"x":0.3,"y":0.3},{"time":2.5333,"x":4.731,"y":4.731}]},"feilanmei27":{"translate":[{"time":0,"x":319.33,"y":-57.39,"curve":"stepped"},{"time":1.2333,"x":166.88,"y":-133.12},{"time":2.3333,"x":-1222.06,"y":1203.24},{"time":3.1333,"x":-1670.89,"y":1437.63}],"scale":[{"time":0,"x":0.3,"y":0.3,"curve":"stepped"},{"time":1.2333,"x":0.3,"y":0.3},{"time":2.3333,"x":3.642,"y":3.642}]},"feiputap19":{"translate":[{"time":0,"x":372.64,"y":-107.77},{"time":1.9333,"x":-1155,"y":1217.39},{"time":3.1333,"x":-1603.83,"y":1451.78}],"scale":[{"time":0,"x":0.3,"y":0.3},{"time":1.9333,"x":2.099,"y":2.099}]},"feiputap20":{"translate":[{"time":0,"x":372.64,"y":-107.77,"curve":"stepped"},{"time":1.2667,"x":220.19,"y":-183.5},{"time":2.0333,"x":-1398.28,"y":991.91},{"time":3.1333,"x":-1847.11,"y":1226.3}],"scale":[{"time":0,"x":0.3,"y":0.3,"curve":"stepped"},{"time":1.2667,"x":0.3,"y":0.3},{"time":2.0333,"x":1,"y":1}]},"feiputap21":{"translate":[{"time":0,"x":372.64,"y":-107.77,"curve":"stepped"},{"time":1.3,"x":220.19,"y":-183.5},{"time":2.4667,"x":-1706.31,"y":845.13},{"time":3.1333,"x":-2155.14,"y":1079.52}],"scale":[{"time":0,"x":0.3,"y":0.3,"curve":"stepped"},{"time":1.3,"x":0.3,"y":0.3},{"time":2.4667,"x":2.2,"y":2.2}]},"feiputap22":{"translate":[{"time":0,"x":372.64,"y":-107.77,"curve":"stepped"},{"time":1.6,"x":220.19,"y":-183.5},{"time":2.7333,"x":-2067.92,"y":688.54},{"time":3.1333,"x":-2516.75,"y":922.93}],"scale":[{"time":0,"x":0.3,"y":0.3,"curve":"stepped"},{"time":1.6,"x":0.3,"y":0.3},{"time":2.7333,"x":0.5,"y":0.5}]},"feiputap23":{"rotate":[{"time":2.4667,"angle":55.21}],"translate":[{"time":0,"x":372.64,"y":-107.77,"curve":"stepped"},{"time":1.3,"x":220.19,"y":-183.5},{"time":2.4667,"x":-2162.9,"y":871.66},{"time":3.1333,"x":-2611.73,"y":1106.05}],"scale":[{"time":0,"x":0.3,"y":0.3,"curve":"stepped"},{"time":1.3,"x":0.3,"y":0.3},{"time":2.4667,"x":2.235,"y":2.235}]},"feiputap24":{"translate":[{"time":0,"x":372.64,"y":-107.77,"curve":"stepped"},{"time":1.4,"x":220.19,"y":-183.5},{"time":2.5667,"x":-1737.19,"y":1036.25},{"time":3.1333,"x":-2186.02,"y":1270.64}],"scale":[{"time":0,"x":0.3,"y":0.3,"curve":"stepped"},{"time":1.4,"x":0.3,"y":0.3},{"time":2.5667,"x":0.5,"y":0.5}]},"feiputap25":{"translate":[{"time":0,"x":372.64,"y":-107.77,"curve":"stepped"},{"time":1.5,"x":220.19,"y":-183.5},{"time":2.6667,"x":-2035.5,"y":710.1},{"time":3.1333,"x":-2484.33,"y":944.49}],"scale":[{"time":0,"x":0.3,"y":0.3,"curve":"stepped"},{"time":1.5,"x":0.3,"y":0.3},{"time":2.6667,"x":0.5,"y":0.5}]},"feiputap26":{"translate":[{"time":0,"x":372.64,"y":-107.77,"curve":"stepped"},{"time":1.6,"x":220.19,"y":-183.5},{"time":2.7333,"x":-1984.12,"y":918.64},{"time":3.1333,"x":-2432.95,"y":1153.03}],"scale":[{"time":0,"x":0.3,"y":0.3,"curve":"stepped"},{"time":1.6,"x":0.3,"y":0.3},{"time":2.7333,"x":1,"y":1}]},"feiputap27":{"translate":[{"time":0,"x":372.64,"y":-107.77,"curve":"stepped"},{"time":1.3333,"x":220.19,"y":-183.5},{"time":2.4,"x":-1821.47,"y":856.13},{"time":3.1333,"x":-2270.3,"y":1090.52}],"scale":[{"time":0,"x":0.3,"y":0.3,"curve":"stepped"},{"time":1.3333,"x":0.3,"y":0.3},{"time":2.4,"x":1,"y":1}]},"feixiangjiao19":{"translate":[{"time":0,"x":342.63,"y":-117.84},{"time":2.1333,"x":-1249.73,"y":818.44},{"time":3.1333,"x":-1698.56,"y":1052.83}],"scale":[{"time":0,"x":0.5,"y":0.5},{"time":2.1333,"x":2,"y":2}]},"feixiangjiao20":{"translate":[{"time":0,"x":342.63,"y":-117.84,"curve":"stepped"},{"time":1.3,"x":190.18,"y":-193.57},{"time":2.2667,"x":-1661.86,"y":873.51},{"time":3.1333,"x":-2110.69,"y":1107.9}],"scale":[{"time":0,"x":0.3,"y":0.3,"curve":"stepped"},{"time":1.3,"x":0.3,"y":0.3},{"time":2.2667,"x":1,"y":1}]},"feixiangjiao21":{"translate":[{"time":0,"x":342.63,"y":-117.84,"curve":"stepped"},{"time":1.6667,"x":190.18,"y":-193.57},{"time":2.8333,"x":-1592.45,"y":1023.63},{"time":3.1333,"x":-2041.28,"y":1258.02}],"scale":[{"time":0,"x":0.3,"y":0.3,"curve":"stepped"},{"time":1.6667,"x":0.3,"y":0.3},{"time":2.8333,"x":1,"y":1}]},"feixiangjiao27":{"translate":[{"time":0,"x":342.63,"y":-117.84,"curve":"stepped"},{"time":1.3667,"x":190.18,"y":-193.57},{"time":2.5333,"x":-1660.23,"y":865.98},{"time":3.1333,"x":-2109.06,"y":1100.37}],"scale":[{"time":0,"x":0.3,"y":0.3,"curve":"stepped"},{"time":1.3667,"x":0.3,"y":0.3},{"time":2.5333,"x":1,"y":1}]},"feixigua19":{"translate":[{"time":0,"x":373.19,"y":-121.24,"curve":"stepped"},{"time":1.1,"x":220.74,"y":-196.97},{"time":2.2,"x":-1395.69,"y":1454.58},{"time":3.1333,"x":-1844.52,"y":1688.97}],"scale":[{"time":0,"x":0.3,"y":0.3,"curve":"stepped"},{"time":1.1,"x":0.3,"y":0.3},{"time":2.2,"x":2.503,"y":2.503}]},"feixigua20":{"translate":[{"time":0,"x":373.19,"y":-121.24,"curve":"stepped"},{"time":1.1,"x":220.74,"y":-196.97},{"time":2.2,"x":-1640.1,"y":589.95},{"time":3.1333,"x":-2088.93,"y":824.34}],"scale":[{"time":0,"x":0.3,"y":0.3,"curve":"stepped"},{"time":1.1,"x":0.3,"y":0.3},{"time":2.2,"x":1,"y":1}]},"feixigua21":{"translate":[{"time":0,"x":373.19,"y":-121.24,"curve":"stepped"},{"time":1.1,"x":220.74,"y":-196.97,"curve":"stepped"},{"time":1.3,"x":220.74,"y":-196.97},{"time":2.4667,"x":-1414.27,"y":963.26},{"time":3.1333,"x":-1863.1,"y":1197.65}],"scale":[{"time":0,"x":0.3,"y":0.3,"curve":"stepped"},{"time":1.1,"x":0.3,"y":0.3,"curve":"stepped"},{"time":1.3,"x":0.3,"y":0.3},{"time":2.4667,"x":2.036,"y":2.036}]},"feixigua22":{"translate":[{"time":0,"x":373.19,"y":-121.24,"curve":"stepped"},{"time":1.1,"x":220.74,"y":-196.97,"curve":"stepped"},{"time":1.6,"x":220.74,"y":-196.97},{"time":2.7333,"x":-1837.45,"y":783.57},{"time":3.1333,"x":-2286.28,"y":1017.96}],"scale":[{"time":0,"x":0.3,"y":0.3,"curve":"stepped"},{"time":1.1,"x":0.3,"y":0.3,"curve":"stepped"},{"time":1.6,"x":0.3,"y":0.3},{"time":2.7333,"x":1.5,"y":1.5}]},"feixigua27":{"translate":[{"time":0,"x":373.19,"y":-121.24,"curve":"stepped"},{"time":1.1,"x":220.74,"y":-196.97,"curve":"stepped"},{"time":1.4,"x":220.74,"y":-196.97},{"time":2.5667,"x":-1739.46,"y":612.68},{"time":3.1333,"x":-2188.29,"y":847.07}],"scale":[{"time":0,"x":0.3,"y":0.3,"curve":"stepped"},{"time":1.1,"x":0.3,"y":0.3,"curve":"stepped"},{"time":1.4,"x":0.3,"y":0.3},{"time":2.5667,"x":0.8,"y":0.8}]},"feiboluo31":{"translate":[{"time":0,"x":368.31,"y":-154.85},{"time":2.1333,"x":-1641.82,"y":962.57},{"time":3.1333,"x":-2090.65,"y":1196.96}],"scale":[{"time":0,"x":0.3,"y":0.3},{"time":2.1333,"x":1.5,"y":1.5}]},"feiboluo32":{"translate":[{"time":0,"x":368.31,"y":-154.85,"curve":"stepped"},{"time":1.2333,"x":215.86,"y":-230.58},{"time":2.3333,"x":-2606.85,"y":714.04},{"time":3.1333,"x":-3055.68,"y":948.43}],"scale":[{"time":0,"x":0.3,"y":0.3,"curve":"stepped"},{"time":1.2333,"x":0.3,"y":0.3},{"time":2.3333,"x":-3.368,"y":-3.368}]},"feiboluo33":{"translate":[{"time":0,"x":368.31,"y":-154.85,"curve":"stepped"},{"time":1.3667,"x":215.86,"y":-230.58},{"time":2.5333,"x":-1604.24,"y":987.81},{"time":3.1333,"x":-2053.07,"y":1222.2}],"scale":[{"time":0,"x":0.3,"y":0.3,"curve":"stepped"},{"time":1.3667,"x":0.3,"y":0.3},{"time":2.5333,"x":1,"y":1}]},"feiboluo34":{"translate":[{"time":0,"x":368.31,"y":-154.85,"curve":"stepped"},{"time":1.3667,"x":215.86,"y":-230.58},{"time":2.5333,"x":-1739.53,"y":790.48},{"time":3.1333,"x":-2188.36,"y":1024.87}],"scale":[{"time":0,"x":0.3,"y":0.3,"curve":"stepped"},{"time":1.3667,"x":0.3,"y":0.3},{"time":2.5333,"x":1,"y":1}]},"feiboluo35":{"translate":[{"time":0,"x":368.31,"y":-154.85,"curve":"stepped"},{"time":1.7333,"x":215.86,"y":-230.58},{"time":2.9,"x":-1947.35,"y":788.54},{"time":3.1333,"x":-2396.18,"y":1022.93}],"scale":[{"time":0,"x":0.3,"y":0.3,"curve":"stepped"},{"time":1.7333,"x":0.3,"y":0.3},{"time":2.9,"x":3.07,"y":3.07}]},"feiboluo36":{"rotate":[{"time":0,"angle":0},{"time":2.7667,"angle":95.04}],"translate":[{"time":0,"x":368.31,"y":-154.85,"curve":"stepped"},{"time":1.6,"x":215.86,"y":-230.58},{"time":2.7667,"x":-2060.49,"y":763.97},{"time":3.1333,"x":-2509.32,"y":998.36}],"scale":[{"time":0,"x":0.3,"y":0.3,"curve":"stepped"},{"time":1.6,"x":0.3,"y":0.3},{"time":2.7667,"x":4.887,"y":4.887}]},"feiboluo37":{"translate":[{"time":0,"x":368.31,"y":-154.85,"curve":"stepped"},{"time":1.7333,"x":215.86,"y":-230.58},{"time":2.9,"x":-1894.08,"y":709.13},{"time":3.1333,"x":-2342.91,"y":943.52}],"scale":[{"time":0,"x":0.3,"y":0.3,"curve":"stepped"},{"time":1.7333,"x":0.3,"y":0.3},{"time":2.9,"x":1,"y":1}]},"feiboluo38":{"translate":[{"time":0,"x":368.31,"y":-154.85,"curve":"stepped"},{"time":1.8,"x":215.86,"y":-230.58},{"time":2.9667,"x":-1671.83,"y":948.64},{"time":3.1333,"x":-2120.66,"y":1183.03}],"scale":[{"time":0,"x":0.3,"y":0.3,"curve":"stepped"},{"time":1.8,"x":0.3,"y":0.3},{"time":2.9667,"x":1,"y":1}]},"feilanmei28":{"translate":[{"time":0,"x":319.33,"y":-57.39},{"time":2.7667,"x":-1412.51,"y":816.8},{"time":3.1333,"x":-1861.34,"y":1051.19}],"scale":[{"time":0,"x":0.3,"y":0.3},{"time":2.7667,"x":1,"y":1}]},"feilanmei29":{"translate":[{"time":0,"x":319.33,"y":-57.39,"curve":"stepped"},{"time":1.8,"x":166.88,"y":-133.12},{"time":2.9667,"x":-1922.65,"y":684.79},{"time":3.1333,"x":-2371.48,"y":919.18}],"scale":[{"time":0,"x":0.3,"y":0.3,"curve":"stepped"},{"time":1.8,"x":0.3,"y":0.3},{"time":2.9667,"x":4.018,"y":4.018}]},"feilanmei30":{"translate":[{"time":0,"x":319.33,"y":-57.39,"curve":"stepped"},{"time":1.7333,"x":166.88,"y":-133.12},{"time":2.9,"x":-1629.75,"y":1002.32},{"time":3.1333,"x":-2078.58,"y":1236.71}],"scale":[{"time":0,"x":0.3,"y":0.3,"curve":"stepped"},{"time":1.7333,"x":0.3,"y":0.3},{"time":2.9,"x":1,"y":1}]},"feiboluo41":{"translate":[{"time":0,"x":368.31,"y":-154.85},{"time":3.1333,"x":-1753.79,"y":1112.12},{"time":3.2,"x":-1340.56,"y":899.7}],"scale":[{"time":0,"x":0.3,"y":0.3},{"time":3.2,"x":1,"y":1}]}}}}},[0]]],0,0,[0],[-1],[1]]]]
