[1,["1db053c7f@6c48a"],["_textureSource"],["cc.SpriteFrame"],0,[[[{"name":"icon_fruits777_pingguo_big","rect":{"x":325,"y":672,"width":308,"height":309},"offset":{"x":0,"y":0},"originalSize":{"width":308,"height":309},"rotated":true,"capInsets":[0,0,0,0],"packable":true,"pixelsToUnit":100,"pivot":{"x":0.5,"y":0.5},"meshType":0}],[0],0,[0],[0],[0]],[[{"name":"icon_fruits777_putao_big","rect":{"x":339,"y":361,"width":293,"height":296},"offset":{"x":0,"y":0},"originalSize":{"width":293,"height":296},"rotated":true,"capInsets":[0,0,0,0],"packable":true,"pixelsToUnit":100,"pivot":{"x":0.5,"y":0.5},"meshType":0}],[0],0,[0],[0],[0]],[[{"name":"icon_fruits777_xigua_big","rect":{"x":3,"y":3,"width":356,"height":352},"offset":{"x":0,"y":0},"originalSize":{"width":356,"height":352},"rotated":false,"capInsets":[0,0,0,0],"packable":true,"pixelsToUnit":100,"pivot":{"x":0.5,"y":0.5},"meshType":0}],[0],0,[0],[0],[0]],[[{"name":"icon_fruits777_xiangjiao_big","rect":{"x":3,"y":361,"width":330,"height":305},"offset":{"x":0,"y":0},"originalSize":{"width":330,"height":305},"rotated":false,"capInsets":[0,0,0,0],"packable":true,"pixelsToUnit":100,"pivot":{"x":0.5,"y":0.5},"meshType":0}],[0],0,[0],[0],[0]],[[{"name":"icon_fruits777_caomei_big","rect":{"x":3,"y":672,"width":321,"height":316},"offset":{"x":0,"y":0},"originalSize":{"width":321,"height":316},"rotated":true,"capInsets":[0,0,0,0],"packable":true,"pixelsToUnit":100,"pivot":{"x":0.5,"y":0.5},"meshType":0}],[0],0,[0],[0],[0]]]]
