[1,["4fH/hheZZKQ7I4HfJont6k@6c48a"],0,[["sp.SkeletonData",["_name","_atlasText","textureNames","_skeletonJson","textures"],-1,3]],[[0,0,1,2,3,4,5]],[[0,"thor_icon_7","\r\nthor_icon_7.png\r\nsize: 2048,512\r\nformat: RGBA8888\r\nfilter: Linear,Linear\r\nrepeat: none\r\nbg\r\n  rotate: false\r\n  xy: 1643, 15\r\n  size: 132, 132\r\n  orig: 132, 132\r\n  offset: 0, 0\r\n  index: -1\r\nbg_2\r\n  rotate: false\r\n  xy: 1698, 392\r\n  size: 108, 118\r\n  orig: 108, 118\r\n  offset: 0, 0\r\n  index: -1\r\njz_1\r\n  rotate: false\r\n  xy: 1777, 63\r\n  size: 96, 106\r\n  orig: 96, 106\r\n  offset: 0, 0\r\n  index: -1\r\njz_2\r\n  rotate: false\r\n  xy: 194, 16\r\n  size: 101, 70\r\n  orig: 101, 70\r\n  offset: 0, 0\r\n  index: -1\r\njz_3\r\n  rotate: true\r\n  xy: 484, 21\r\n  size: 65, 44\r\n  orig: 65, 44\r\n  offset: 0, 0\r\n  index: -1\r\njz_4\r\n  rotate: false\r\n  xy: 102, 2\r\n  size: 90, 84\r\n  orig: 90, 84\r\n  offset: 0, 0\r\n  index: -1\r\njz_5\r\n  rotate: true\r\n  xy: 434, 24\r\n  size: 62, 48\r\n  orig: 62, 48\r\n  offset: 0, 0\r\n  index: -1\r\nlizi/lizi_00062\r\n  rotate: false\r\n  xy: 2, 300\r\n  size: 210, 210\r\n  orig: 210, 210\r\n  offset: 0, 0\r\n  index: -1\r\nlizi/lizi_00063\r\n  rotate: false\r\n  xy: 2, 88\r\n  size: 210, 210\r\n  orig: 210, 210\r\n  offset: 0, 0\r\n  index: -1\r\nlizi/lizi_00064\r\n  rotate: false\r\n  xy: 214, 300\r\n  size: 210, 210\r\n  orig: 210, 210\r\n  offset: 0, 0\r\n  index: -1\r\nlizi/lizi_00065\r\n  rotate: false\r\n  xy: 214, 88\r\n  size: 210, 210\r\n  orig: 210, 210\r\n  offset: 0, 0\r\n  index: -1\r\nlizi/lizi_00066\r\n  rotate: false\r\n  xy: 426, 300\r\n  size: 210, 210\r\n  orig: 210, 210\r\n  offset: 0, 0\r\n  index: -1\r\nlizi/lizi_00067\r\n  rotate: false\r\n  xy: 426, 88\r\n  size: 210, 210\r\n  orig: 210, 210\r\n  offset: 0, 0\r\n  index: -1\r\nlizi/lizi_00068\r\n  rotate: false\r\n  xy: 638, 300\r\n  size: 210, 210\r\n  orig: 210, 210\r\n  offset: 0, 0\r\n  index: -1\r\nlizi/lizi_00069\r\n  rotate: false\r\n  xy: 638, 88\r\n  size: 210, 210\r\n  orig: 210, 210\r\n  offset: 0, 0\r\n  index: -1\r\nlizi/lizi_00070\r\n  rotate: false\r\n  xy: 850, 300\r\n  size: 210, 210\r\n  orig: 210, 210\r\n  offset: 0, 0\r\n  index: -1\r\nlizi/lizi_00071\r\n  rotate: false\r\n  xy: 850, 88\r\n  size: 210, 210\r\n  orig: 210, 210\r\n  offset: 0, 0\r\n  index: -1\r\nlizi/lizi_00072\r\n  rotate: false\r\n  xy: 1062, 300\r\n  size: 210, 210\r\n  orig: 210, 210\r\n  offset: 0, 0\r\n  index: -1\r\nlizi/lizi_00073\r\n  rotate: false\r\n  xy: 1062, 88\r\n  size: 210, 210\r\n  orig: 210, 210\r\n  offset: 0, 0\r\n  index: -1\r\nlizi/lizi_00074\r\n  rotate: false\r\n  xy: 1274, 300\r\n  size: 210, 210\r\n  orig: 210, 210\r\n  offset: 0, 0\r\n  index: -1\r\nlizi/lizi_00075\r\n  rotate: false\r\n  xy: 1274, 88\r\n  size: 210, 210\r\n  orig: 210, 210\r\n  offset: 0, 0\r\n  index: -1\r\nlizi/lizi_00076\r\n  rotate: false\r\n  xy: 1486, 300\r\n  size: 210, 210\r\n  orig: 210, 210\r\n  offset: 0, 0\r\n  index: -1\r\nyezi/yezi_1\r\n  rotate: true\r\n  xy: 530, 26\r\n  size: 60, 41\r\n  orig: 60, 41\r\n  offset: 0, 0\r\n  index: -1\r\nyezi/yezi_2\r\n  rotate: false\r\n  xy: 365, 15\r\n  size: 67, 71\r\n  orig: 67, 71\r\n  offset: 0, 0\r\n  index: -1\r\nyezi/yezi_3\r\n  rotate: true\r\n  xy: 2, 3\r\n  size: 83, 98\r\n  orig: 83, 98\r\n  offset: 0, 0\r\n  index: -1\r\nyezi/yezi_4\r\n  rotate: true\r\n  xy: 1698, 303\r\n  size: 87, 91\r\n  orig: 87, 91\r\n  offset: 0, 0\r\n  index: -1\r\nyezi/yezi_5\r\n  rotate: true\r\n  xy: 297, 5\r\n  size: 81, 66\r\n  orig: 81, 66\r\n  offset: 0, 0\r\n  index: -1\r\nyuanquan/yuanquan_1\r\n  rotate: false\r\n  xy: 1635, 149\r\n  size: 127, 149\r\n  orig: 127, 149\r\n  offset: 0, 0\r\n  index: -1\r\nyuanquan/yuanquan_2\r\n  rotate: false\r\n  xy: 1486, 142\r\n  size: 147, 156\r\n  orig: 147, 156\r\n  offset: 0, 0\r\n  index: -1\r\nyuanquan/yuanquan_3\r\n  rotate: true\r\n  xy: 1486, 4\r\n  size: 136, 155\r\n  orig: 136, 155\r\n  offset: 0, 0\r\n  index: -1\r\nyuanquan/yuanquan_4\r\n  rotate: false\r\n  xy: 1764, 171\r\n  size: 94, 130\r\n  orig: 94, 130\r\n  offset: 0, 0\r\n  index: -1\r\n",["thor_icon_7.png"],{"skeleton":{"hash":"prAAEsU1SAuWSKrtXGUiDehYPiY","spine":"3.8.99","images":"E:/新版UI/奥林匹斯/动画源文件/jiezhi","audio":"E:\\新版UI\\奥林匹斯\\动画\\图标\\jiezhi"},"bones":[{"name":"root","scaleX":0.6,"scaleY":0.6},{"name":"bg_2","parent":"root","y":6.07},{"name":"jz_1","parent":"root","x":-2.16,"y":-5.46,"color":"fff830ff"},{"name":"jz_3","parent":"jz_1","x":-12.69,"y":52.52},{"name":"jz_2","parent":"jz_3","length":32.41,"rotation":111.8,"x":-4.07,"y":7.25},{"name":"lizi","parent":"root","length":18.74,"rotation":118.33,"x":32.29,"y":-5.54,"scaleX":0.982,"scaleY":0.982},{"name":"lizi2","parent":"root","length":18.74,"rotation":-176.93,"x":-34.21,"y":-59.68,"scaleX":0.988,"scaleY":0.988},{"name":"lizi3","parent":"root","length":18.74,"rotation":172.96,"x":26.6,"y":-66.32,"scaleX":0.782,"scaleY":0.782,"color":"ff5deeff"},{"name":"yezi/yezi_2","parent":"jz_1","x":39.9,"y":13.43,"color":"4e31f7ff"},{"name":"yuanquan/yuanquan_2","parent":"root","x":-14.2,"y":3.11,"scaleX":0.9184,"scaleY":0.9184,"color":"ff2020ff"}],"slots":[{"name":"bg","bone":"root","attachment":"bg"},{"name":"bg_2","bone":"bg_2"},{"name":"lizi","bone":"lizi","color":"ffffffb0","attachment":"lizi/lizi_00063"},{"name":"lizi2","bone":"lizi2","color":"ffffff8e","attachment":"lizi/lizi_00063"},{"name":"lizi3","bone":"lizi3","color":"ffffff71","attachment":"lizi/lizi_00063"},{"name":"yuanquan/yuanquan_1","bone":"yuanquan/yuanquan_2","attachment":"yuanquan/yuanquan_1"},{"name":"yuanquan/yuanquan_2","bone":"yuanquan/yuanquan_2","attachment":"yuanquan/yuanquan_2"},{"name":"yuanquan/yuanquan_3","bone":"yuanquan/yuanquan_2","attachment":"yuanquan/yuanquan_3"},{"name":"yuanquan/yuanquan_4","bone":"yuanquan/yuanquan_2","attachment":"yuanquan/yuanquan_4"},{"name":"jz_1","bone":"jz_1","attachment":"jz_1"},{"name":"jz_2","bone":"jz_2","attachment":"jz_2","blend":"additive"},{"name":"jz_7","bone":"jz_2","attachment":"jz_2","blend":"screen"},{"name":"jz_3","bone":"jz_3","attachment":"jz_3"},{"name":"jz_6","bone":"jz_3","attachment":"jz_3","blend":"additive"},{"name":"yezi/yezi_1","bone":"yezi/yezi_2","attachment":"yezi/yezi_1"},{"name":"yezi/yezi_2","bone":"yezi/yezi_2","attachment":"yezi/yezi_2"},{"name":"yezi/yezi_3","bone":"yezi/yezi_2","attachment":"yezi/yezi_3"},{"name":"yezi/yezi_4","bone":"yezi/yezi_2","attachment":"yezi/yezi_4"},{"name":"yezi/yezi_5","bone":"yezi/yezi_2","attachment":"yezi/yezi_5"},{"name":"jz_4","bone":"jz_1","attachment":"jz_4"},{"name":"jz_5","bone":"jz_3","attachment":"jz_5","blend":"additive"}],"skins":[{"name":"default","attachments":{"bg":{"bg":{"x":3.21,"y":-1.88,"width":132,"height":132}},"bg_2":{"bg_2":{"width":108,"height":118}},"jz_1":{"jz_1":{"x":1.37,"y":-0.91,"width":96,"height":106}},"jz_2":{"jz_2":{"x":28.12,"y":-1.07,"rotation":-111.8,"width":101,"height":70}},"jz_3":{"jz_3":{"x":-5.87,"y":1.82,"width":65,"height":44}},"jz_4":{"jz_4":{"x":1.56,"y":-16.28,"width":90,"height":84}},"jz_5":{"jz_5":{"x":2.56,"y":-9.09,"width":62,"height":48}},"jz_6":{"jz_3":{"x":-5.87,"y":1.82,"width":65,"height":44}},"jz_7":{"jz_2":{"x":28.12,"y":-1.07,"rotation":-111.8,"width":101,"height":70}},"lizi":{"lizi/lizi_00062":{"x":1.37,"y":-7.31,"rotation":-90,"width":210,"height":210},"lizi/lizi_00063":{"x":1.37,"y":-7.31,"rotation":-90,"width":210,"height":210},"lizi/lizi_00064":{"x":1.37,"y":-7.31,"rotation":-90,"width":210,"height":210},"lizi/lizi_00065":{"x":1.37,"y":-7.31,"rotation":-90,"width":210,"height":210},"lizi/lizi_00066":{"x":1.37,"y":-7.31,"rotation":-90,"width":210,"height":210},"lizi/lizi_00067":{"x":1.37,"y":-7.31,"rotation":-90,"width":210,"height":210},"lizi/lizi_00068":{"x":1.37,"y":-7.31,"rotation":-90,"width":210,"height":210},"lizi/lizi_00069":{"x":1.37,"y":-7.31,"rotation":-90,"width":210,"height":210},"lizi/lizi_00070":{"x":1.37,"y":-7.31,"rotation":-90,"width":210,"height":210},"lizi/lizi_00071":{"x":1.37,"y":-7.31,"rotation":-90,"width":210,"height":210},"lizi/lizi_00072":{"x":1.37,"y":-7.31,"rotation":-90,"width":210,"height":210},"lizi/lizi_00073":{"x":1.37,"y":-7.31,"rotation":-90,"width":210,"height":210},"lizi/lizi_00074":{"x":1.37,"y":-7.31,"rotation":-90,"width":210,"height":210},"lizi/lizi_00075":{"x":1.37,"y":-7.31,"rotation":-90,"width":210,"height":210},"lizi/lizi_00076":{"x":1.37,"y":-7.31,"rotation":-90,"width":210,"height":210}},"lizi2":{"lizi/lizi_00062":{"x":1.37,"y":-7.31,"rotation":-90,"width":210,"height":210},"lizi/lizi_00063":{"x":1.37,"y":-7.31,"rotation":-90,"width":210,"height":210},"lizi/lizi_00064":{"x":1.37,"y":-7.31,"rotation":-90,"width":210,"height":210},"lizi/lizi_00065":{"x":1.37,"y":-7.31,"rotation":-90,"width":210,"height":210},"lizi/lizi_00066":{"x":1.37,"y":-7.31,"rotation":-90,"width":210,"height":210},"lizi/lizi_00067":{"x":1.37,"y":-7.31,"rotation":-90,"width":210,"height":210},"lizi/lizi_00068":{"x":1.37,"y":-7.31,"rotation":-90,"width":210,"height":210},"lizi/lizi_00069":{"x":1.37,"y":-7.31,"rotation":-90,"width":210,"height":210},"lizi/lizi_00070":{"x":1.37,"y":-7.31,"rotation":-90,"width":210,"height":210},"lizi/lizi_00071":{"x":1.37,"y":-7.31,"rotation":-90,"width":210,"height":210},"lizi/lizi_00072":{"x":1.37,"y":-7.31,"rotation":-90,"width":210,"height":210},"lizi/lizi_00073":{"x":1.37,"y":-7.31,"rotation":-90,"width":210,"height":210},"lizi/lizi_00074":{"x":1.37,"y":-7.31,"rotation":-90,"width":210,"height":210},"lizi/lizi_00075":{"x":1.37,"y":-7.31,"rotation":-90,"width":210,"height":210},"lizi/lizi_00076":{"x":1.37,"y":-7.31,"rotation":-90,"width":210,"height":210}},"lizi3":{"lizi/lizi_00062":{"x":1.37,"y":-7.31,"rotation":-90,"width":210,"height":210},"lizi/lizi_00063":{"x":1.37,"y":-7.31,"rotation":-90,"width":210,"height":210},"lizi/lizi_00064":{"x":1.37,"y":-7.31,"rotation":-90,"width":210,"height":210},"lizi/lizi_00065":{"x":1.37,"y":-7.31,"rotation":-90,"width":210,"height":210},"lizi/lizi_00066":{"x":1.37,"y":-7.31,"rotation":-90,"width":210,"height":210},"lizi/lizi_00067":{"x":1.37,"y":-7.31,"rotation":-90,"width":210,"height":210},"lizi/lizi_00068":{"x":1.37,"y":-7.31,"rotation":-90,"width":210,"height":210},"lizi/lizi_00069":{"x":1.37,"y":-7.31,"rotation":-90,"width":210,"height":210},"lizi/lizi_00070":{"x":1.37,"y":-7.31,"rotation":-90,"width":210,"height":210},"lizi/lizi_00071":{"x":1.37,"y":-7.31,"rotation":-90,"width":210,"height":210},"lizi/lizi_00072":{"x":1.37,"y":-7.31,"rotation":-90,"width":210,"height":210},"lizi/lizi_00073":{"x":1.37,"y":-7.31,"rotation":-90,"width":210,"height":210},"lizi/lizi_00074":{"x":1.37,"y":-7.31,"rotation":-90,"width":210,"height":210},"lizi/lizi_00075":{"x":1.37,"y":-7.31,"rotation":-90,"width":210,"height":210},"lizi/lizi_00076":{"x":1.37,"y":-7.31,"rotation":-90,"width":210,"height":210}},"yezi/yezi_1":{"yezi/yezi_1":{"x":-1.75,"y":-55.34,"width":60,"height":41}},"yezi/yezi_2":{"yezi/yezi_2":{"x":-8.75,"y":-41.34,"width":67,"height":71}},"yezi/yezi_3":{"yezi/yezi_3":{"x":-17.75,"y":-14.34,"width":83,"height":98}},"yezi/yezi_4":{"yezi/yezi_4":{"x":-20.75,"y":6.66,"width":87,"height":91}},"yezi/yezi_5":{"yezi/yezi_5":{"x":-24.75,"y":24.66,"width":81,"height":66}},"yuanquan/yuanquan_1":{"yuanquan/yuanquan_1":{"x":-7.09,"y":-10.53,"width":127,"height":149}},"yuanquan/yuanquan_2":{"yuanquan/yuanquan_2":{"x":6.91,"y":-5.53,"width":147,"height":156}},"yuanquan/yuanquan_3":{"yuanquan/yuanquan_3":{"x":14.91,"y":-5.03,"width":136,"height":155}},"yuanquan/yuanquan_4":{"yuanquan/yuanquan_4":{"x":44.91,"y":12.97,"width":94,"height":130}}}}],"animations":{"animation":{"slots":{"bg_2":{"color":[{"color":"ffffff00"},{"time":1.1667,"color":"ffffffff"},{"time":1.5,"color":"ffffff00"}]},"jz_2":{"color":[{"color":"ffffff00","curve":"stepped"},{"time":0.3333,"color":"ffffff00"},{"time":0.6667,"color":"ffffffff","curve":"stepped"},{"time":1.3333,"color":"ffffffff"},{"time":1.5,"color":"ffffff00"}]},"jz_4":{"color":[{"color":"ffffff00","curve":"stepped"},{"time":0.5,"color":"ffffff00"},{"time":1,"color":"ffffffff"},{"time":1.5,"color":"ffffff00"}]},"jz_5":{"color":[{"color":"ffffff00","curve":"stepped"},{"time":1.1,"color":"ffffff00"},{"time":1.2333,"color":"fffffffe"},{"time":1.5,"color":"ffffff00"}]},"jz_6":{"color":[{"color":"ffffff00","curve":"stepped"},{"time":1.1,"color":"ffffff00"},{"time":1.2333,"color":"ffffffff","curve":"stepped"},{"time":1.4,"color":"ffffffff"},{"time":1.5,"color":"ffffff00"}]},"jz_7":{"color":[{"color":"ffffff00","curve":"stepped"},{"time":0.3333,"color":"ffffff00"},{"time":0.6667,"color":"ffffffff","curve":"stepped"},{"time":1.3333,"color":"ffffffff"},{"time":1.5,"color":"ffffff00"}]},"lizi":{"attachment":[{"name":null},{"time":0.5,"name":"lizi/lizi_00062"},{"time":0.5667,"name":"lizi/lizi_00063"},{"time":0.6333,"name":"lizi/lizi_00064"},{"time":0.7,"name":"lizi/lizi_00065"},{"time":0.7667,"name":"lizi/lizi_00066"},{"time":0.8333,"name":"lizi/lizi_00067"},{"time":0.9,"name":"lizi/lizi_00068"},{"time":0.9667,"name":"lizi/lizi_00069"},{"time":1.0333,"name":"lizi/lizi_00070"},{"time":1.1,"name":"lizi/lizi_00071"},{"time":1.1667,"name":"lizi/lizi_00072"},{"time":1.2333,"name":"lizi/lizi_00073"},{"time":1.3,"name":"lizi/lizi_00074"},{"time":1.3667,"name":"lizi/lizi_00075"},{"time":1.4333,"name":"lizi/lizi_00076"},{"time":1.5,"name":null}]},"lizi2":{"attachment":[{"name":null},{"time":0.3667,"name":"lizi/lizi_00062"},{"time":0.4333,"name":"lizi/lizi_00063"},{"time":0.5,"name":"lizi/lizi_00064"},{"time":0.5667,"name":"lizi/lizi_00065"},{"time":0.6333,"name":"lizi/lizi_00066"},{"time":0.7,"name":"lizi/lizi_00067"},{"time":0.7667,"name":"lizi/lizi_00068"},{"time":0.8333,"name":"lizi/lizi_00069"},{"time":0.9,"name":"lizi/lizi_00070"},{"time":0.9667,"name":"lizi/lizi_00071"},{"time":1.0333,"name":"lizi/lizi_00072"},{"time":1.1,"name":"lizi/lizi_00073"},{"time":1.1667,"name":"lizi/lizi_00074"},{"time":1.2333,"name":"lizi/lizi_00075"},{"time":1.3,"name":"lizi/lizi_00076"},{"time":1.3667,"name":"lizi/lizi_00075"},{"time":1.4333,"name":"lizi/lizi_00071"},{"time":1.5,"name":null}]},"lizi3":{"attachment":[{"name":null},{"time":0.2333,"name":"lizi/lizi_00062"},{"time":0.3,"name":"lizi/lizi_00063"},{"time":0.3667,"name":"lizi/lizi_00064"},{"time":0.4333,"name":"lizi/lizi_00065"},{"time":0.5,"name":"lizi/lizi_00066"},{"time":0.5667,"name":"lizi/lizi_00067"},{"time":0.6333,"name":"lizi/lizi_00068"},{"time":0.7,"name":"lizi/lizi_00069"},{"time":0.7667,"name":"lizi/lizi_00070"},{"time":0.8333,"name":"lizi/lizi_00071"},{"time":0.9,"name":"lizi/lizi_00072"},{"time":0.9667,"name":"lizi/lizi_00073"},{"time":1.0333,"name":"lizi/lizi_00074"},{"time":1.1,"name":"lizi/lizi_00075"},{"time":1.1667,"name":"lizi/lizi_00076"},{"time":1.3,"name":"lizi/lizi_00071"},{"time":1.3667,"name":"lizi/lizi_00072"},{"time":1.4333,"name":"lizi/lizi_00073"},{"time":1.5,"name":null}]},"yezi/yezi_1":{"color":[{"color":"ffffff00","curve":"stepped"},{"time":0.5667,"color":"ffffff00"},{"time":0.6667,"color":"ffffffff"},{"time":0.7667,"color":"ffffff00"}]},"yezi/yezi_2":{"color":[{"color":"ffffff00","curve":"stepped"},{"time":0.6667,"color":"ffffff00"},{"time":0.7667,"color":"ffffffff"},{"time":0.8667,"color":"ffffff00"}]},"yezi/yezi_3":{"color":[{"color":"ffffff00","curve":"stepped"},{"time":0.7667,"color":"ffffff00"},{"time":0.8667,"color":"ffffffff"},{"time":0.9667,"color":"ffffff00"}]},"yezi/yezi_4":{"color":[{"color":"ffffff00","curve":"stepped"},{"time":0.8667,"color":"ffffff00"},{"time":0.9667,"color":"ffffffff"},{"time":1.0667,"color":"ffffff00"}]},"yezi/yezi_5":{"color":[{"color":"ffffff00","curve":"stepped"},{"time":0.9667,"color":"ffffff00"},{"time":1.0667,"color":"ffffffff"},{"time":1.1667,"color":"ffffff00"}]},"yuanquan/yuanquan_1":{"color":[{"color":"ffffff00"},{"time":0.1667,"color":"ffffffff"},{"time":0.3333,"color":"ffffff00"}]},"yuanquan/yuanquan_2":{"color":[{"time":0.1667,"color":"ffffff00"},{"time":0.3333,"color":"ffffffff"},{"time":0.5,"color":"ffffff00"}]},"yuanquan/yuanquan_3":{"color":[{"time":0.3333,"color":"ffffff00"},{"time":0.5,"color":"ffffffff"},{"time":0.6667,"color":"ffffff00"}]},"yuanquan/yuanquan_4":{"color":[{"time":0.5,"color":"ffffff00"},{"time":0.6667,"color":"ffffffff"},{"time":0.8333,"color":"ffffff00"}]}},"bones":{"bg_2":{"scale":[{"x":0.943,"y":0.943},{"time":1.1667,"x":1.307,"y":1.307},{"time":1.5,"x":0.943,"y":0.943}]},"jz_1":{"rotate":[{"curve":0.25,"c3":0.75},{"time":1,"angle":-17.64,"curve":0.25,"c3":0.75},{"time":1.5}],"translate":[{"curve":0.25,"c3":0.75},{"time":1,"x":0.28,"y":9.28,"curve":0.25,"c3":0.75},{"time":1.5}],"scale":[{"curve":0.25,"c3":0.75},{"time":1,"x":1.129,"y":1.129,"curve":0.25,"c3":0.75},{"time":1.5}]}}}}},[0]]],0,0,[0],[-1],[0]]
