[1,["a74CBgU6ZLxYiR1p0uo466@6c48a"],0,[["sp.SkeletonData",["_name","_atlasText","textureNames","_skeletonJson","textures"],-1,3]],[[0,0,1,2,3,4,5]],[[0,"rummy_big","\r\nrummy_big.png\r\nsize: 2027,468\r\nformat: RGBA8888\r\nfilter: Linear,Linear\r\nrepeat: none\r\nCs_da\r\n  rotate: true\r\n  xy: 418, 222\r\n  size: 244, 207\r\n  orig: 246, 207\r\n  offset: 1, 0\r\n  index: -1\r\ncm\r\n  rotate: true\r\n  xy: 418, 22\r\n  size: 198, 231\r\n  orig: 198, 231\r\n  offset: 0, 0\r\n  index: -1\r\ncm/cm_00000\r\n  rotate: false\r\n  xy: 627, 235\r\n  size: 198, 231\r\n  orig: 198, 231\r\n  offset: 0, 0\r\n  index: -1\r\ncm/cm_00002\r\n  rotate: false\r\n  xy: 651, 2\r\n  size: 198, 231\r\n  orig: 198, 231\r\n  offset: 0, 0\r\n  index: -1\r\ncm/cm_00004\r\n  rotate: false\r\n  xy: 827, 235\r\n  size: 198, 231\r\n  orig: 198, 231\r\n  offset: 0, 0\r\n  index: -1\r\ncm/cm_00006\r\n  rotate: false\r\n  xy: 851, 2\r\n  size: 198, 231\r\n  orig: 198, 231\r\n  offset: 0, 0\r\n  index: -1\r\ncm/cm_00008\r\n  rotate: false\r\n  xy: 1027, 235\r\n  size: 198, 231\r\n  orig: 198, 231\r\n  offset: 0, 0\r\n  index: -1\r\ncm/cm_00010\r\n  rotate: false\r\n  xy: 1051, 2\r\n  size: 198, 231\r\n  orig: 198, 231\r\n  offset: 0, 0\r\n  index: -1\r\ncm/cm_00012\r\n  rotate: false\r\n  xy: 1227, 235\r\n  size: 198, 231\r\n  orig: 198, 231\r\n  offset: 0, 0\r\n  index: -1\r\ncm/cm_00014\r\n  rotate: false\r\n  xy: 1251, 2\r\n  size: 198, 231\r\n  orig: 198, 231\r\n  offset: 0, 0\r\n  index: -1\r\ncm/cm_00016\r\n  rotate: false\r\n  xy: 1427, 235\r\n  size: 198, 231\r\n  orig: 198, 231\r\n  offset: 0, 0\r\n  index: -1\r\ncm/cm_00018\r\n  rotate: false\r\n  xy: 1451, 2\r\n  size: 198, 231\r\n  orig: 198, 231\r\n  offset: 0, 0\r\n  index: -1\r\ncm/cm_00020\r\n  rotate: false\r\n  xy: 1627, 235\r\n  size: 198, 231\r\n  orig: 198, 231\r\n  offset: 0, 0\r\n  index: -1\r\ncm/cm_00022\r\n  rotate: false\r\n  xy: 1651, 2\r\n  size: 198, 231\r\n  orig: 198, 231\r\n  offset: 0, 0\r\n  index: -1\r\ncm/cm_00024\r\n  rotate: false\r\n  xy: 1827, 235\r\n  size: 198, 231\r\n  orig: 198, 231\r\n  offset: 0, 0\r\n  index: -1\r\ncm0\r\n  rotate: true\r\n  xy: 1937, 130\r\n  size: 103, 68\r\n  orig: 105, 71\r\n  offset: 0, 2\r\n  index: -1\r\ndi\r\n  rotate: false\r\n  xy: 2, 46\r\n  size: 206, 420\r\n  orig: 208, 422\r\n  offset: 0, 1\r\n  index: -1\r\nguang\r\n  rotate: false\r\n  xy: 1851, 149\r\n  size: 84, 84\r\n  orig: 86, 86\r\n  offset: 1, 1\r\n  index: -1\r\nhongtao\r\n  rotate: true\r\n  xy: 1930, 58\r\n  size: 70, 78\r\n  orig: 72, 80\r\n  offset: 1, 1\r\n  index: -1\r\njb\r\n  rotate: true\r\n  xy: 1851, 73\r\n  size: 74, 77\r\n  orig: 76, 79\r\n  offset: 1, 2\r\n  index: -1\r\npuke1\r\n  rotate: false\r\n  xy: 1851, 10\r\n  size: 55, 61\r\n  orig: 63, 61\r\n  offset: 6, 0\r\n  index: -1\r\npuke2\r\n  rotate: false\r\n  xy: 1908, 8\r\n  size: 44, 48\r\n  orig: 44, 48\r\n  offset: 0, 0\r\n  index: -1\r\nrummy_big\r\n  rotate: false\r\n  xy: 210, 46\r\n  size: 206, 420\r\n  orig: 206, 420\r\n  offset: 0, 0\r\n  index: -1\r\n",["rummy_big.png"],{"skeleton":{"hash":"zIye1Ze6xhX1ZrymRgsG9bqssRQ","spine":"3.8.99","x":-123,"y":0.25,"width":246,"height":423.97,"images":"F:/工作/大厅/rummy_big","audio":"F:/工作/大厅"},"bones":[{"name":"root","y":215.9},{"name":"puke1","parent":"root","x":-64.74,"y":172.21},{"name":"puke2","parent":"root","x":56.21,"y":153.79},{"name":"cm","parent":"root","x":-15.93,"y":17.7},{"name":"hongtao","parent":"root","x":-85.57,"y":-23.23},{"name":"guang","parent":"root","x":82.62,"y":56.87},{"name":"jb01","parent":"root","x":-41.31,"y":-118.11},{"name":"cm1","parent":"root","x":40.07,"y":-108.36}],"slots":[{"name":"rummy_big","bone":"root","attachment":"rummy_big"},{"name":"Cs_da","bone":"root","attachment":"Cs_da"},{"name":"di","bone":"root"},{"name":"hongtao","bone":"hongtao","attachment":"hongtao"},{"name":"guang","bone":"guang","attachment":"guang"},{"name":"cm","bone":"cm","attachment":"cm/cm_00024"},{"name":"puke1","bone":"puke1","attachment":"puke1"},{"name":"puke2","bone":"puke2","attachment":"puke2"},{"name":"cm0","bone":"cm1","attachment":"cm0"},{"name":"jb","bone":"jb01","attachment":"jb"}],"skins":[{"name":"default","attachments":{"Cs_da":{"Cs_da":{"y":104.82,"width":246,"height":207}},"cm":{"cm":{"x":21.87,"y":-57.78,"width":198,"height":231},"cm/cm_00000":{"x":13.98,"y":-21.12,"width":198,"height":231},"cm/cm_00002":{"x":13.98,"y":-21.12,"width":198,"height":231},"cm/cm_00004":{"x":13.98,"y":-21.12,"width":198,"height":231},"cm/cm_00006":{"x":13.98,"y":-21.12,"width":198,"height":231},"cm/cm_00008":{"x":13.98,"y":-21.12,"width":198,"height":231},"cm/cm_00010":{"x":13.98,"y":-21.12,"width":198,"height":231},"cm/cm_00012":{"x":13.98,"y":-21.12,"width":198,"height":231},"cm/cm_00014":{"x":13.98,"y":-21.12,"width":198,"height":231},"cm/cm_00016":{"x":13.98,"y":-21.12,"width":198,"height":231},"cm/cm_00018":{"x":13.98,"y":-21.12,"width":198,"height":231},"cm/cm_00020":{"x":13.98,"y":-21.12,"width":198,"height":231},"cm/cm_00022":{"x":13.98,"y":-21.12,"width":198,"height":231},"cm/cm_00024":{"x":13.98,"y":-21.12,"width":198,"height":231}},"cm0":{"cm0":{"x":1.06,"y":-10.41,"width":105,"height":71}},"di":{"di":{"x":-4.11,"y":-5.65,"width":208,"height":422}},"guang":{"guang":{"x":-24.95,"y":-7.52,"width":86,"height":86}},"hongtao":{"hongtao":{"x":20.46,"y":11.58,"width":72,"height":80}},"jb":{"jb":{"x":8.57,"y":3.24,"width":76,"height":79}},"puke1":{"puke1":{"x":6.13,"y":-6.86,"width":63,"height":61}},"puke2":{"puke2":{"x":0.68,"y":2.56,"width":44,"height":48}},"rummy_big":{"rummy_big":{"y":-5.65,"width":206,"height":420}}}}],"animations":{"animation1":{"slots":{"Cs_da":{"color":[{"color":"ffffff00"}]},"cm":{"attachment":[{"name":"cm/cm_00000"},{"time":0.8,"name":"cm/cm_00002"},{"time":0.8667,"name":"cm/cm_00004"},{"time":0.9333,"name":"cm/cm_00006"},{"time":1,"name":"cm/cm_00008"},{"time":1.0667,"name":"cm/cm_00010"},{"time":1.1333,"name":"cm/cm_00012"},{"time":1.2,"name":"cm/cm_00014"},{"time":1.2667,"name":"cm/cm_00016"},{"time":1.3333,"name":"cm/cm_00018"},{"time":1.4,"name":"cm/cm_00020"},{"time":1.4667,"name":"cm/cm_00022"},{"time":1.5333,"name":"cm/cm_00024"},{"time":2.3333,"name":"cm/cm_00000"}]},"di":{"attachment":[{"name":"di"}]},"rummy_big":{"color":[{"color":"ffffff00"}]}},"bones":{"cm":{"translate":[{"y":-2.32},{"time":1.2,"y":5.08},{"time":2.3333,"y":-2.32}]},"guang":{"translate":[{"x":7.65,"y":2.47},{"time":1.1667,"x":7.65,"y":-5.56},{"time":2.3333,"x":7.65,"y":2.47}],"scale":[{},{"time":1.1667,"x":1.1,"y":1.1},{"time":2.3333}]},"hongtao":{"translate":[{"x":-10.99,"y":3.08},{"time":0.9667,"x":-10.99,"y":-3.34},{"time":2.3333,"x":-10.99,"y":3.08}],"scale":[{},{"time":0.9667,"x":1.1,"y":1.1},{"time":2.3333}]},"puke1":{"translate":[{},{"time":1.1667,"y":-4.81},{"time":2.3333}]},"puke2":{"translate":[{},{"time":1.1667,"x":-8.81,"y":3.2},{"time":2.3333}]}}},"animation2":{"slots":{"cm":{"color":[{"color":"ffffff00"}],"attachment":[{"name":"cm/cm_00000"},{"time":1.4667,"name":"cm/cm_00002"},{"time":1.5333,"name":"cm/cm_00004"},{"time":1.6,"name":"cm/cm_00006"},{"time":1.6667,"name":"cm/cm_00008"},{"time":1.7333,"name":"cm/cm_00010"},{"time":1.8,"name":"cm/cm_00012"},{"time":1.8667,"name":"cm/cm_00014"},{"time":1.9333,"name":"cm/cm_00016"},{"time":2,"name":"cm/cm_00018"},{"time":2.0667,"name":"cm/cm_00020"},{"time":2.1333,"name":"cm/cm_00022"},{"time":2.2,"name":"cm/cm_00024"},{"time":2.3333,"name":"cm/cm_00000"}]},"cm0":{"color":[{"color":"ffffff00"}]},"di":{"color":[{"color":"ffffff00"}],"attachment":[{"name":"di"}]},"guang":{"color":[{"color":"ffffff00"}]},"hongtao":{"color":[{"color":"ffffff00"}]},"jb":{"color":[{"color":"ffffff00"}]},"puke1":{"color":[{"color":"ffffff00"}]},"puke2":{"color":[{"color":"ffffff00"}]}},"bones":{"cm":{"translate":[{"y":-23.23}]},"guang":{"translate":[{},{"time":1.1667,"y":4.29},{"time":2.3333}]},"hongtao":{"translate":[{},{"time":1.1667,"x":-3.43,"y":5.14},{"time":2.3333}]},"puke1":{"translate":[{},{"time":1.1667,"y":-4.81},{"time":2.3333}]},"puke2":{"translate":[{},{"time":1.1667,"x":-8.81,"y":3.2},{"time":2.3333}]}}}}},[0]]],0,0,[0],[-1],[0]]
