[1,["1ae0f973-6ba5-434b-b73a-c7ba5133ef8a@6c48a"],["_textureSource"],["cc.SpriteFrame"],0,[{"name":"BG_Bottom","rect":{"x":0,"y":1,"width":1136,"height":433},"offset":{"x":0,"y":-0.5},"originalSize":{"width":1136,"height":434},"rotated":false,"capInsets":[0,0,0,0],"vertices":{"rawPosition":[-568,-216.5,0,568,-216.5,0,-568,216.5,0,568,216.5,0],"indexes":[0,1,2,2,1,3],"uv":[0,433,1136,433,0,0,1136,0],"nuv":[0,0,1,0,0,0.9976958525345622,1,0.9976958525345622],"minPos":{"x":-568,"y":-216.5,"z":0},"maxPos":{"x":568,"y":216.5,"z":0}},"packable":true,"pixelsToUnit":100,"pivot":{"x":0.5,"y":0.5},"meshType":0}],[0],0,[0],[0],[0]]
