[1,["7f0tnk/WBM3LrjsxgmA1NP@6c48a"],["_textureSource"],["cc.SpriteFrame"],0,[{"name":"icon_10","rect":{"x":2,"y":2,"width":166,"height":128},"offset":{"x":0,"y":0},"originalSize":{"width":170,"height":132},"rotated":false,"capInsets":[0,0,0,0],"vertices":{"rawPosition":[-83,-64,0,83,-64,0,-83,64,0,83,64,0],"indexes":[0,1,2,2,1,3],"uv":[2,130,168,130,2,2,168,2],"nuv":[0.011764705882352941,0.015151515151515152,0.9882352941176471,0.015151515151515152,0.011764705882352941,0.9848484848484849,0.9882352941176471,0.9848484848484849],"minPos":{"x":-83,"y":-64,"z":0},"maxPos":{"x":83,"y":64,"z":0}},"packable":true,"pixelsToUnit":100,"pivot":{"x":0.5,"y":0.5},"meshType":0}],[0],0,[0],[0],[0]]
