[1,["35o21ABzlAQYTp5rz9lyRB@f9941","6c5Hi7CwpNErOajAtX4W/3@f9941","064+IvrPpHJpSD/bx6BnUe@f9941","064+IvrPpHJpSD/bx6BnUe@6c48a","4bCBSTG7pHD4818qxcT9be@f9941","92HDhZk3JLvZouX4abSpZn@f9941","9aiTkzjJRMs5iu/lAQz254@f9941","35o21ABzlAQYTp5rz9lyRB@6c48a","4bCBSTG7pHD4818qxcT9be@6c48a","6c5Hi7CwpNErOajAtX4W/3@6c48a","92HDhZk3JLvZouX4abSpZn@6c48a","9aiTkzjJRMs5iu/lAQz254@6c48a"],["node","_textureSource","_spriteFrame","_normalSprite","root","ndBtn","ndGroup","_checkMark","_target","data"],["cc.SpriteFrame",["cc.Node",["_name","_layer","_components","_prefab","_parent","_children","_lpos"],1,9,4,1,2,5],["cc.Sprite",["_sizeMode","node","__prefab","_spriteFrame"],2,1,4,6],["cc.Widget",["_alignFlags","_originalWidth","_originalHeight","_enabled","_left","_right","node","__prefab"],-3,1,4],["cc.Button",["_transition","_zoomScale","node","__prefab","clickEvents","_normalSprite"],1,1,4,9,6],["cc.Prefab",["_name"],2],["cc.Node",["_name","_layer","_parent","_children","_components","_prefab"],1,1,2,12,4],["cc.UITransform",["node","__prefab","_contentSize"],3,1,4,5],["cc.CompPrefabInfo",["fileId"],2],["a6f77dmUnFHZIA51fcpVANZ",["node","__prefab","ndGroup","ndBtn"],3,1,4,1,1],["cc.PrefabInfo",["fileId","instance","targetOverrides","nestedPrefabInstanceRoots","root","asset"],-1,1,1],["cc.Toggle",["_transition","_zoomScale","node","__prefab","_normalColor","_target","_checkMark","_normalSprite"],1,1,4,5,1,1,6],["cc.BlockInputEvents",["node","__prefab"],3,1,4],["cc.ToggleContainer",["node","__prefab"],3,1,4],["cc.Layout",["_resizeMode","_layoutType","_spacingX","_spacingY","node","__prefab"],-1,1,4],["cc.ClickEvent",["_componentId","handler","target"],1,1],["cc.Label",["_string","_actualFontSize","_fontSize","_isBold","node","__prefab","_color"],-1,1,4,5]],[[8,0,2],[7,0,1,2,1],[10,0,1,2,3,4,5,5],[1,0,4,2,3,6,2],[2,1,2,3,1],[15,0,1,2,3],[1,0,1,4,2,3,3],[3,0,1,2,6,7,4],[2,0,1,2,3,2],[4,0,1,2,3,4,5,3],[16,0,1,2,3,4,5,6,5],[5,0,2],[1,0,5,2,3,2],[1,0,1,4,5,2,3,6,3],[1,0,4,5,2,3,2],[1,0,4,2,3,2],[6,0,1,2,3,4,5,3],[3,3,0,4,5,1,6,7,6],[9,0,1,2,3,1],[2,1,2,1],[11,0,1,2,3,4,5,6,7,3],[12,0,1,1],[13,0,1,1],[14,0,1,2,3,4,5,5],[4,2,3,4,1]],[[[{"name":"btn_gxfc_guize_off","rect":{"x":0,"y":0,"width":42,"height":42},"offset":{"x":0,"y":0},"originalSize":{"width":42,"height":42},"rotated":false,"capInsets":[0,0,0,0],"vertices":{"rawPosition":[-21,-21,0,21,-21,0,-21,21,0,21,21,0],"indexes":[0,1,2,2,1,3],"uv":[0,42,42,42,0,0,42,0],"nuv":[0,0,1,0,0,1,1,1],"minPos":{"x":-21,"y":-21,"z":0},"maxPos":{"x":21,"y":21,"z":0}},"packable":true,"pixelsToUnit":100,"pivot":{"x":0.5,"y":0.5},"meshType":0}],[0],0,[0],[1],[3]],[[[11,"prefab_auto"],[12,"prefab_auto",[-7,-8,-9],[[1,-2,[0,"caGYRf+k1Gob558Ldnkwnv"],[5,1334,741]],[7,45,100,100,-3,[0,"013OFfEDJKXqgB3JkKbFqA"]],[18,-6,[0,"dcM1FqS8xGo428gPkFe9Ci"],-5,-4]],[2,"3bE6zVjr5FY72uwlQ6dUwP",null,null,null,-1,0]],[13,"Toggle1",33554432,1,[-15,-16],[[1,-10,[0,"ad+/bft8ROi5NhPVUqmwBf"],[5,84,52]],[4,-11,[0,"46C+N9rSlLIYB9DmVXBJgh"],0],[20,3,0.9,-14,[0,"f3R2V/y01KlLeK/bVB0hQT"],[4,4292269782],-13,-12,1]],[2,"52+iDDuKtBxZJNJ+0/fgwU",null,null,null,1,0],[1,-62,0,0]],[14,"tanchuang",1,[-20,-21,-22,-23],[[1,-17,[0,"farxAfRNlDub8eiHExORCY"],[5,806,462]],[8,0,-18,[0,"154V87SIdKlI6PjvvQhpUy"],7],[21,-19,[0,"a9MMLl3xtD2a23jIXjEfh5"]]],[2,"97ebzW6WpKxKIqSt5wULJq",null,null,null,1,0]],[3,"ToggleGroup",3,[[22,-24,[0,"56Vg7f3JlBtYZdNhIFu3f6"]],[1,-25,[0,"05Rvx+aehBLrZnTsP8iVQT"],[5,-20,124]],[23,1,1,20,20,-26,[0,"f4eEwVFDJKtr0fj9Ub4xfU"]],[17,false,40,320,320,100,-27,[0,"4bYc4Z9X5F37CRdRlUEZPA"]]],[2,"3dFZHVPYVKTKQPvefyt4D+",null,null,null,1,0],[1,0,7.295,0]],[15,"Node",1,[[1,-28,[0,"e7q0TSTjlPg7MB0UGbD6Nf"],[5,1334,741]],[7,45,100,100,-29,[0,"69xhIw95FAUK2aEoA2BtoA"]],[24,-30,[0,"a3On7fh+xHj50TGewzeB+v"],[[5,"a6f77dmUnFHZIA51fcpVANZ","closePop",1]]]],[2,"f70d4q1pVG3JCnLwUX/ezy",null,null,null,1,0]],[16,"Checkmark",33554432,2,[-33],[[[1,-31,[0,"07u9gnAFBG4bv/fmxWaoXy"],[5,84,52]],-32],4,1],[2,"76SrFY975PO7YDGOP9Xdli",null,null,null,1,0]],[3,"bg_dfdc_anniu_confirm",3,[[1,-34,[0,"28wVP0I1BLGKlfqgZiQbaV"],[5,188,66]],[4,-35,[0,"ddipxcNRVFmZ6ddTdsvuzS"],3],[9,3,0.9,-36,[0,"5e9nrcKxFMw5s6gbrkmLi9"],[[5,"a6f77dmUnFHZIA51fcpVANZ","onTouch",1]],4]],[2,"a863L2RBxFrIycVng2sRUv",null,null,null,1,0],[1,0,-150,0]],[3,"btn_gxfc_guize_off",3,[[1,-37,[0,"28o1LUnIBBXaIItfMf5iL2"],[5,50,50]],[8,0,-38,[0,"25QkCedldKLIkZReRtIv3V"],5],[9,3,0.9,-39,[0,"504fXMWuFMPasEC4nExMqT"],[[5,"a6f77dmUnFHZIA51fcpVANZ","closePop",1]],6]],[2,"631cT+xhROz5dESVMJ73mD",null,null,null,1,0],[1,404,204,0]],[6,"num1",33554432,2,[[1,-40,[0,"53g86aZuFCtp01iIaBRdI1"],[5,33.37,50.4]],[10,"10",30,30,true,-41,[0,"2dJcg3VRROn7LB2h6L3gRX"],[4,4280362072]]],[2,"55cS5xVRxOF5d1Phl/GLkR",null,null,null,1,0]],[6,"num2",33554432,6,[[1,-42,[0,"688gXwL5tLLogzZsCmrg/+"],[5,33.37,50.4]],[10,"10",30,30,true,-43,[0,"c9HaTk+s1HjbRZCY71sVg/"],[4,4278202492]]],[2,"22N+HZz5FBdIrfO2mrWDFb",null,null,null,1,0]],[3,"auto",3,[[1,-44,[0,"ddCgcn0D5J6YL/jYPI542x"],[5,317,22]],[4,-45,[0,"69qZRmDTtGbZ9BCAQLkOQj"],2]],[2,"f4Z2AwSB9Jg6kUY4xH8fhr",null,null,null,1,0],[1,0,160,0]],[19,6,[0,"b08CjNQ8ZMwqjUJevp7D3E"]]],0,[0,4,1,0,0,1,0,0,1,0,5,2,0,6,4,0,0,1,0,-1,5,0,-2,2,0,-3,3,0,0,2,0,0,2,0,7,12,0,8,2,0,0,2,0,-1,9,0,-2,6,0,0,3,0,0,3,0,0,3,0,-1,11,0,-2,4,0,-3,7,0,-4,8,0,0,4,0,0,4,0,0,4,0,0,4,0,0,5,0,0,5,0,0,5,0,0,6,0,-2,12,0,-1,10,0,0,7,0,0,7,0,0,7,0,0,8,0,0,8,0,0,8,0,0,9,0,0,9,0,0,10,0,0,10,0,0,11,0,0,11,0,9,1,45],[0,0,0,0,0,0,0,0,12],[2,3,2,2,3,2,3,2,2],[0,0,4,1,1,2,2,5,6]],[[{"name":"btn_zd","rect":{"x":0,"y":0,"width":84,"height":52},"offset":{"x":0,"y":0},"originalSize":{"width":84,"height":52},"rotated":false,"capInsets":[0,0,0,0],"vertices":{"rawPosition":[-42,-26,0,42,-26,0,-42,26,0,42,26,0],"indexes":[0,1,2,2,1,3],"uv":[0,52,84,52,0,0,84,0],"nuv":[0,0,1,0,0,1,1,1],"minPos":{"x":-42,"y":-26,"z":0},"maxPos":{"x":42,"y":26,"z":0}},"packable":true,"pixelsToUnit":100,"pivot":{"x":0.5,"y":0.5},"meshType":0}],[0],0,[0],[1],[7]],[[{"name":"auto","rect":{"x":0,"y":1,"width":317,"height":22},"offset":{"x":-0.5,"y":0},"originalSize":{"width":318,"height":24},"rotated":false,"capInsets":[0,0,0,0],"vertices":{"rawPosition":[-158.5,-11,0,158.5,-11,0,-158.5,11,0,158.5,11,0],"indexes":[0,1,2,2,1,3],"uv":[0,23,317,23,0,1,317,1],"nuv":[0,0.041666666666666664,0.9968553459119497,0.041666666666666664,0,0.9583333333333334,0.9968553459119497,0.9583333333333334],"minPos":{"x":-158.5,"y":-11,"z":0},"maxPos":{"x":158.5,"y":11,"z":0}},"packable":true,"pixelsToUnit":100,"pivot":{"x":0.5,"y":0.5},"meshType":0}],[0],0,[0],[1],[8]],[[{"name":"bg_dfdc_anniu_confirm","rect":{"x":0,"y":0,"width":188,"height":66},"offset":{"x":0,"y":0},"originalSize":{"width":188,"height":66},"rotated":false,"capInsets":[0,0,0,0],"vertices":{"rawPosition":[-94,-33,0,94,-33,0,-94,33,0,94,33,0],"indexes":[0,1,2,2,1,3],"uv":[0,66,188,66,0,0,188,0],"nuv":[0,0,1,0,0,1,1,1],"minPos":{"x":-94,"y":-33,"z":0},"maxPos":{"x":94,"y":33,"z":0}},"packable":true,"pixelsToUnit":100,"pivot":{"x":0.5,"y":0.5},"meshType":0}],[0],0,[0],[1],[9]],[[{"name":"tanchuang","rect":{"x":0,"y":0,"width":620,"height":356},"offset":{"x":0,"y":0},"originalSize":{"width":620,"height":356},"rotated":false,"capInsets":[0,0,0,0],"vertices":{"rawPosition":[-310,-178,0,310,-178,0,-310,178,0,310,178,0],"indexes":[0,1,2,2,1,3],"uv":[0,356,620,356,0,0,620,0],"nuv":[0,0,1,0,0,1,1,1],"minPos":{"x":-310,"y":-178,"z":0},"maxPos":{"x":310,"y":178,"z":0}},"packable":true,"pixelsToUnit":100,"pivot":{"x":0.5,"y":0.5},"meshType":0}],[0],0,[0],[1],[10]],[[{"name":"btn_zd01","rect":{"x":0,"y":0,"width":84,"height":52},"offset":{"x":0,"y":0},"originalSize":{"width":84,"height":52},"rotated":false,"capInsets":[0,0,0,0],"vertices":{"rawPosition":[-42,-26,0,42,-26,0,-42,26,0,42,26,0],"indexes":[0,1,2,2,1,3],"uv":[0,52,84,52,0,0,84,0],"nuv":[0,0,1,0,0,1,1,1],"minPos":{"x":-42,"y":-26,"z":0},"maxPos":{"x":42,"y":26,"z":0}},"packable":true,"pixelsToUnit":100,"pivot":{"x":0.5,"y":0.5},"meshType":0}],[0],0,[0],[1],[11]]]]
