[1,["0eO8KBOodCqLfzQ5VsjG6v","abU+dMzmdMB4tXJuuOxaY4","dfYqb8DFlE2b7SKm64T36g@f9941","35c/v9BCJFvL7cUP4srXfc@f9941","41VUbB7lFBkZWaTDgiYTef@f9941","0az8OdIqBICqRohMfgyPGr@f9941","dcFAkfTK5AMaiMiL+3aJUQ@f9941","20g1ukYUVPvKWKBRznAKo+@f9941","54TknWPwVPqJqeCR+Y/Czo@f9941","95EkngnxZFbYuFpsqVTaFr@f9941","43vyMPaxtN+b+C0bPQnwuU@f9941","3a8rYcKz9AKIy5bBQBxZW8@f9941","6avyFaTJRLnYoqLlO+nCaV@f9941","20g1ukYUVPvKWKBRznAKo+@6c48a","54TknWPwVPqJqeCR+Y/Czo@6c48a","95EkngnxZFbYuFpsqVTaFr@6c48a"],["node","_spriteFrame","_atlas","_textureSource","_target","_normalSprite","root","_placeholderLabel","_textLabel","data","_hoverSprite","_pressedSprite","_disabledSprite"],[["cc.Node",["_name","_layer","_components","_prefab","_lpos","_parent","_children"],1,9,4,5,1,2],["cc.Sprite",["_sizeMode","_type","node","__prefab","_spriteFrame","_atlas"],1,1,4,6,6],"cc.SpriteFrame",["cc.Node",["_name","_layer","_active","_parent","_components","_prefab","_lpos"],0,1,12,4,5],["cc.UITransform",["node","__prefab","_contentSize","_anchorPoint"],3,1,4,5,5],["cc.Button",["_transition","_zoomScale","node","__prefab","_normalColor","_target","_normalSprite","_hoverSprite","_pressedSprite","_disabledSprite"],1,1,4,5,1,6,6,6,6],["cc.Label",["_string","_horizontalAlign","_actualFontSize","_fontSize","_overflow","_enableWrapText","_lineHeight","node","__prefab","_color"],-4,1,4,5],["cc.Prefab",["_name"],2],["cc.CompPrefabInfo",["fileId"],2],["cc.PrefabInfo",["fileId","instance","targetOverrides","nestedPrefabInstanceRoots","root","asset"],-1,1,1],["cc.EditBox",["_inputMode","node","__prefab","_textLabel","_placeholderLabel"],2,1,4,1,1]],[[8,0,2],[9,0,1,2,3,4,5,5],[4,0,1,2,1],[0,0,1,5,2,3,4,3],[1,0,2,3,4,5,2],[0,0,1,5,6,2,3,4,3],[1,1,0,2,3,4,5,3],[4,0,1,2,3,1],[7,0,2],[0,0,1,6,2,3,4,3],[0,0,5,2,3,4,2],[3,0,2,1,3,4,5,6,4],[3,0,1,3,4,5,6,3],[1,1,0,2,3,3],[1,2,3,4,5,1],[10,0,1,2,3,4,2],[5,0,1,2,3,4,5,6,7,8,9,3],[5,0,1,2,3,4,5,6,3],[6,0,1,2,3,4,5,7,8,9,7],[6,0,1,2,3,6,4,5,7,8,9,8]],[[[[8,"node_changeName_bg"],[9,"node_changeName_bg",33554432,[-4,-5,-6,-7,-8,-9],[[2,-2,[0,"49UXB/zNJFWJS2DHEtcghH"],[5,692,406]],[4,0,-3,[0,"49BzqEBBNCL7s/6RhP7Lrr"],19,20]],[1,"7562tnsNVKOZKE4SaeHbeH",null,null,null,-1,0],[1,2,-12,0]],[5,"props_EditBox_changeName",33554432,1,[-15,-16],[[2,-10,[0,"52FJNcNY5HUrylMqQetpmO"],[5,440,64]],[13,1,0,-11,[0,"c1+rQcxXVCZ4Sn9Z7MAVdC"]],[15,6,-14,[0,"260pHN5dlJCKYPZC+PmOtD"],-13,-12]],[1,"1d9hwSsnZFoqABObIjzrBa",null,null,null,1,0],[1,8,28,0]],[5,"props_btn_set_batal",33554432,1,[-21],[[2,-17,[0,"59BiCPUbZDuIgBQ/+x2cSZ"],[5,165,61]],[6,1,0,-18,[0,"45fMmRdE9OsYCfueZcFvZa"],6,7],[16,3,0.9,-20,[0,"2ffzI7UKxDOpdofZ2hFoNs"],[4,4292269782],-19,8,9,10,11]],[1,"5fE84vHfNMy50VCRYaPjMt",null,null,null,1,0],[1,-116,-102,0]],[5,"props_btn_tentu",33554432,1,[-26],[[2,-22,[0,"b2Bp1NNMdHCZuwm6nbHd1/"],[5,165,61]],[6,1,0,-23,[0,"6ahCeQKihA6IRu+GD51Eoo"],14,15],[17,3,0.9,-25,[0,"b5v6D0kH5O85KcL5Ivylxx"],[4,4292269782],-24,16]],[1,"69dTmMPP1MgYLFhRJ3sZdd",null,null,null,1,0],[1,112,-102,0]],[3,"spr_changeName_title",33554432,1,[[2,-27,[0,"d3BxYLx2RCxK9iFc6iFYy5"],[5,296,36]],[4,2,-28,[0,"bbqBEOWaBGYYQdFZDSfwUh"],0,1]],[1,"41ScpfWCRBeaW5fBud08mc",null,null,null,1,0],[1,8,118,0]],[3,"spr_changeName_inputBg",33554432,1,[[2,-29,[0,"53NzV2sPpInZcpDfGJIZQa"],[5,456,72]],[6,1,0,-30,[0,"7b8k8bYT5F4aWnwytp4958"],2,3]],[1,"d5gwX6itxJobT2/peeQMj9",null,null,null,1,0],[1,8,28,0]],[11,"TEXT_LABEL",false,33554432,2,[[[7,-31,[0,"42AUnNiQ9O55mVrV1MKUJI"],[5,438,64],[0,0,1]],-32],4,1],[1,"03muI7o/NMl5KeIPtsk6A2",null,null,null,1,0],[1,-218,32,0]],[12,"PLACEHOLDER_LABEL",33554432,2,[[[7,-33,[0,"67D2Ij/mhFZqrlXdrzPW80"],[5,438,64],[0,0,1]],-34],4,1],[1,"eaGzq96sVFaZA47BdQZ0ga",null,null,null,1,0],[1,-218,32,0]],[3,"spr_batal",33554432,3,[[2,-35,[0,"f9QKKH6E1MaYfd4BtqDGET"],[5,99,23]],[4,2,-36,[0,"15vaP/DeJEUKyg37rpdYiM"],4,5]],[1,"135ytYXxtF3LeyGvAIYoSO",null,null,null,1,0],[1,0,4,0]],[3,"spr_tentu",33554432,4,[[2,-37,[0,"e1DVgdTAtC6JYzUFiXALqm"],[5,64,22]],[4,2,-38,[0,"9705FnlnJFupgRg10Lj5hT"],12,13]],[1,"8bszrU2gdE6YyHyCNtOySr",null,null,null,1,0],[1,0,4,0]],[10,"Sprite",1,[[2,-39,[0,"55cIGfY6RH74UHzd2n3QeS"],[5,41,41]],[14,-40,[0,"22IyUBHaNGSID1aOVjQGb6"],17,18]],[1,"eaCLAx24hOe4DAhkmcL6N2",null,null,null,1,0],[1,270.44,-155.441,0]],[18,"",0,20,20,1,false,7,[0,"06yINzz5JO4rZULydIM3dS"],[4,4283817471]],[19,"Enter text here...",0,21.12,20,64,1,false,8,[0,"42ZKNQPYFJ4IfBeI+URv11"],[4,4283817471]]],0,[0,6,1,0,0,1,0,0,1,0,-1,5,0,-2,6,0,-3,2,0,-4,3,0,-5,4,0,-6,11,0,0,2,0,0,2,0,7,13,0,8,12,0,0,2,0,-1,7,0,-2,8,0,0,3,0,0,3,0,4,3,0,0,3,0,-1,9,0,0,4,0,0,4,0,4,4,0,0,4,0,-1,10,0,0,5,0,0,5,0,0,6,0,0,6,0,0,7,0,-2,12,0,0,8,0,-2,13,0,0,9,0,0,9,0,0,10,0,0,10,0,0,11,0,0,11,0,9,1,40],[0,0,0,0,0,0,0,0,0,0,0,0,0,0,0,0,0,0,0,0,0],[1,2,1,2,1,2,1,2,5,10,11,12,1,2,1,2,5,1,2,1,2],[4,0,5,1,6,0,2,1,2,7,8,9,10,0,3,1,3,11,0,12,1]],[[{"name":"default_btn_normal","rect":{"x":0,"y":0,"width":40,"height":40},"offset":{"x":0,"y":0},"originalSize":{"width":40,"height":40},"rotated":false,"capInsets":[12,12,12,12],"vertices":{"rawPosition":[-20,-20,0,20,-20,0,-20,20,0,20,20,0],"indexes":[0,1,2,2,1,3],"uv":[0,40,40,40,0,0,40,0],"nuv":[0,0,1,0,0,1,1,1],"minPos":{"x":-20,"y":-20,"z":0},"maxPos":{"x":20,"y":20,"z":0}},"packable":true,"pixelsToUnit":100,"pivot":{"x":0.5,"y":0.5},"meshType":0}],[2],0,[0],[3],[13]],[[{"name":"default_btn_pressed","rect":{"x":0,"y":0,"width":40,"height":40},"offset":{"x":0,"y":0},"originalSize":{"width":40,"height":40},"rotated":false,"capInsets":[12,12,12,12],"vertices":{"rawPosition":[-20,-20,0,20,-20,0,-20,20,0,20,20,0],"indexes":[0,1,2,2,1,3],"uv":[0,40,40,40,0,0,40,0],"nuv":[0,0,1,0,0,1,1,1],"minPos":{"x":-20,"y":-20,"z":0},"maxPos":{"x":20,"y":20,"z":0}},"packable":true,"pixelsToUnit":100,"pivot":{"x":0.5,"y":0.5},"meshType":0}],[2],0,[0],[3],[14]],[[{"name":"default_btn_disabled","rect":{"x":0,"y":0,"width":40,"height":40},"offset":{"x":0,"y":0},"originalSize":{"width":40,"height":40},"rotated":false,"capInsets":[12,12,12,12],"vertices":{"rawPosition":[-20,-20,0,20,-20,0,-20,20,0,20,20,0],"indexes":[0,1,2,2,1,3],"uv":[0,40,40,40,0,0,40,0],"nuv":[0,0,1,0,0,1,1,1],"minPos":{"x":-20,"y":-20,"z":0},"maxPos":{"x":20,"y":20,"z":0}},"packable":true,"pixelsToUnit":100,"pivot":{"x":0.5,"y":0.5},"meshType":0}],[2],0,[0],[3],[15]]]]
