[1,["1e15fb8f0@6c48a"],["_textureSource"],["cc.SpriteFrame","cc.SpriteAtlas"],0,[[[{"name":"img_hall_kuang","rect":{"x":3,"y":317,"width":310,"height":284},"offset":{"x":0.5,"y":0.5},"originalSize":{"width":311,"height":285},"rotated":true,"capInsets":[0,0,0,0],"packable":true,"pixelsToUnit":100,"pivot":{"x":0.5,"y":0.5},"meshType":0}],[0],0,[0],[0],[0]],[[{"name":"bg_remind_box","rect":{"x":347,"y":3,"width":692,"height":280},"offset":{"x":0,"y":0},"originalSize":{"width":696,"height":282},"rotated":true,"capInsets":[0,0,0,0],"packable":true,"pixelsToUnit":100,"pivot":{"x":0.5,"y":0.5},"meshType":0}],[0],0,[0],[0],[0]],[[{"name":"btn_type_all2","rect":{"x":3,"y":948,"width":216,"height":52},"offset":{"x":0,"y":0},"originalSize":{"width":216,"height":52},"rotated":false,"capInsets":[0,0,0,0],"packable":true,"pixelsToUnit":100,"pivot":{"x":0.5,"y":0.5},"meshType":0}],[0],0,[0],[0],[0]],[[{"name":"img_hall_ad4","rect":{"x":3,"y":633,"width":309,"height":276},"offset":{"x":0,"y":0},"originalSize":{"width":309,"height":276},"rotated":true,"capInsets":[0,0,0,0],"packable":true,"pixelsToUnit":100,"pivot":{"x":0.5,"y":0.5},"meshType":0}],[0],0,[0],[0],[0]],[[{"name":"img_hall_ad","rect":{"x":345,"y":701,"width":309,"height":276},"offset":{"x":0,"y":0},"originalSize":{"width":309,"height":276},"rotated":false,"capInsets":[0,0,0,0],"packable":true,"pixelsToUnit":100,"pivot":{"x":0.5,"y":0.5},"meshType":0}],[0],0,[0],[0],[0]],[[{"name":"img_hall_ad2","rect":{"x":633,"y":3,"width":309,"height":276},"offset":{"x":0,"y":0},"originalSize":{"width":309,"height":276},"rotated":true,"capInsets":[0,0,0,0],"packable":true,"pixelsToUnit":100,"pivot":{"x":0.5,"y":0.5},"meshType":0}],[0],0,[0],[0],[0]],[[{"name":"auto_hall","spriteFrames":["panel_type_bg","abPMDLn5pDb6b1p7UqOkRu@f9941","zi_Pembaruan","3fkXfaOa1Hfr0Aej6C+0Uj@f9941","btn_hall_head","4cLP0QNuFCnJq/KUEnhLWJ@f9941","download_jindu","a9SfSvkVBCcZm2w9XSgVqJ@f9941","bg_you","1fJorSVqZDRJfHRecSI+1N@f9941","btn_hall_service","f0k6XiVDVI9K3nzZb3ZsIu@f9941","btn_hall_bag","f5p4MZDttIsrPSbYswVLI5@f9941","btn_renwu","81iFDF/GxGbadip3iyJN6I@f9941","word_tips_cancel","bdl8w1KgVBJrAcqznIT8CI@f9941","icon_uncheck","a6Ea/fy3xD84jFQjiugwVE@f9941","btn_hall_head2","5dbOLXJ2BFOYUBPXw3Cwxz@f9941","btn_hall_vip","05HCLAcB5IXoecsF79N0bc@f9941","bg_dt_box_xiao","38sZpV6EhF8rndhYCA7qLg@f9941","btn_hall_inbox","c7b2eVleNIL6s1mPdVNa6R@f9941","btn_hall_renwu","cfGOK+ZS5EPa1n3PA07C9k@f9941","icon_undownLoad","adnj557IFIpIwlUcO0fUr3@f9941","word_hall_hadiah","1e2JJJo2xGyLnlLNUyLt6e@f9941","btn_hall_toko","99gODn7cVCc6x5jUNRclRj@f9941","unread","19SUZ69QxFs6SXlT8wf6MP@f9941","anniu_tishi","c2HSQh1rtGyrko1XbQ5/8x@f9941","panel_hall_head","29RqEpfkhHAo3krhBRtEZ1@f9941","download_icon","d4n10f/ExDFLDIezozRsQq@f9941","btn_type_all1","dfRnz50p5CnYHko2UAaQ/4@f9941","download_loading","6cswkku4VO6prApcUxVhHN@f9941","btn_type_domino1","2f/FQd955NM6u6lYVfXdIo@f9941","word_remind_content","d9ev7OXxxEoKW5gb0rn511@f9941","btn_safebox","97MjRAlaZDxIoqkWg1AVIA@f9941","btn_hall_harian","acRpMtcdFNirDuBgl06mcx@f9941","word_hall_rabat","ccUzkhstJCqYTdKq6O0vWk@f9941","bg_zuozo","4e4wuWMtFJ1pHygY68KaUV@f9941","Lottery","50dL3NNhZDJYRFPU2sFXSo@f9941","word_hall_akun","10iDw8H1FHIo5UXXI1yBcD@f9941","btn_type_slots1","eaEZ5XedZDFKC7CJeivRqQ@f9941","bg_rukou_vipnew","c61BlV9WtIpLkLzHQ+HMRM@f9941","btn_type_other1","26S9ntYHRBsrydlQAhn9hT@f9941","Download","50oYpeEVFAl6a0mHuZD7/S@f9941","word_hall_promosi","6dXMvh+n1AxKREpn7SuwSN@f9941","sokt_retry","8fyjNvAhZPd6DfgjrfAdig@f9941","icon_check","efU6Gf9+RP0rncMMs7vmon@f9941","btn_dt_share_copy","39WzmPpIxALq1a+FeGvvI3@f9941","sokt_close","11VATWE4xAkrXHd+Q8q7Sm@f9941","word_hall_pertama","22+pP2wNVD7bLEAQJ+Msle@f9941","word_hall_harian","b4g1CRoLJAYaP7OS0kK0g1@f9941","download_loading_bg","bbra5bqNRLlpfUGrXwZ2D9@f9941","word_remind_retry","8a7kupkeZPj7xii6F0TT5e@f9941","icon_gold","ce0XWCZJVH1KidYHEPiBGG@f9941","bg_dating_gonggaoban","c0IW6gqDlDLYcch3usoCKt@f9941","bg_remind_box","737NqvdWJN37grceVhagKk@f9941","img_hall_kuang","2frqIVuolNBqYF9w8hLuWI@f9941","img_hall_ad4","90vTrOXBVLa5SPzIDNQKkI@f9941","btn_type_domino2","c4+VAKeHJHJq+LA5uL2/sG@f9941","img_hall_ad","99GbArcLRLp5cBgb4XmJVe@f9941","btn_type_all2","8buhB6oZlAAZfdo1adznt0@f9941","img_hall_ad2","aejNzzcX9L/p5JvfLlWub8@f9941","btn_type_slots2","b8E21H4/VDn6xT/xFvctJ+@f9941","btn_type_other2","d4MbR5bvJIaJcIJ5DPWL16@f9941"]}],[1],0,[],[],[]],[[{"name":"btn_type_slots2","rect":{"x":633,"y":318,"width":216,"height":52},"offset":{"x":0,"y":0},"originalSize":{"width":216,"height":52},"rotated":false,"capInsets":[0,0,0,0],"packable":true,"pixelsToUnit":100,"pivot":{"x":0.5,"y":0.5},"meshType":0}],[0],0,[0],[0],[0]],[[{"name":"bg_dating_gonggaoban","rect":{"x":3,"y":3,"width":338,"height":308},"offset":{"x":0.5,"y":3.5},"originalSize":{"width":339,"height":317},"rotated":false,"capInsets":[0,0,0,0],"packable":true,"pixelsToUnit":100,"pivot":{"x":0.5,"y":0.5},"meshType":0}],[0],0,[0],[0],[0]],[[{"name":"btn_type_domino2","rect":{"x":285,"y":633,"width":218,"height":54},"offset":{"x":0,"y":0},"originalSize":{"width":218,"height":54},"rotated":true,"capInsets":[0,0,0,0],"packable":true,"pixelsToUnit":100,"pivot":{"x":0.5,"y":0.5},"meshType":0}],[0],0,[0],[0],[0]],[[{"name":"btn_type_other2","rect":{"x":633,"y":376,"width":216,"height":52},"offset":{"x":0,"y":0},"originalSize":{"width":216,"height":52},"rotated":false,"capInsets":[0,0,0,0],"packable":true,"pixelsToUnit":100,"pivot":{"x":0.5,"y":0.5},"meshType":0}],[0],0,[0],[0],[0]]]]
