[1,["05S1qqFp5Ab5Z9aKdeFinY@6c48a"],["_textureSource"],["cc.SpriteFrame"],0,[{"name":"icon_lztb_tubiao_a","rect":{"x":0,"y":0,"width":94,"height":84},"offset":{"x":0,"y":0},"originalSize":{"width":94,"height":84},"rotated":false,"capInsets":[0,0,0,0],"vertices":{"rawPosition":[-47,-42,0,47,-42,0,-47,42,0,47,42,0],"indexes":[0,1,2,2,1,3],"uv":[0,84,94,84,0,0,94,0],"nuv":[0,0,1,0,0,1,1,1],"minPos":{"x":-47,"y":-42,"z":0},"maxPos":{"x":47,"y":42,"z":0}},"packable":true,"pixelsToUnit":100,"pivot":{"x":0.5,"y":0.5},"meshType":0}],[0],0,[0],[0],[0]]
